t,mix_db,vocals_db,drums_db,bass_db,other_db
0.00,-67.3,-78.4,-79.1,-78.2,-79.6
0.01,-65.7,-76.8,-77.4,-76.6,-77.9
0.02,-64.6,-75.7,-76.4,-75.5,-76.9
0.03,-64.3,-75.4,-76.0,-75.2,-76.6
0.04,-64.2,-75.3,-76.0,-75.2,-76.6
0.05,-64.3,-75.4,-76.0,-75.2,-76.6
0.06,-64.3,-75.3,-76.0,-75.2,-76.6
0.07,-64.2,-75.3,-76.0,-75.2,-76.6
0.08,-64.2,-75.3,-76.0,-75.3,-76.6
0.09,-64.2,-75.3,-76.0,-75.3,-76.6
0.10,-64.2,-75.3,-75.9,-75.3,-76.6
0.11,-64.2,-75.3,-75.9,-75.3,-76.6
0.12,-64.2,-75.3,-75.9,-75.3,-76.6
0.13,-64.2,-75.3,-75.9,-75.3,-76.7
0.14,-64.2,-75.3,-76.0,-75.3,-76.7
0.15,-64.2,-75.3,-76.0,-75.3,-76.7
0.16,-64.3,-75.3,-75.9,-75.3,-76.7
0.17,-64.2,-75.3,-75.9,-75.3,-76.7
0.18,-64.2,-75.2,-75.9,-75.3,-76.7
0.19,-64.2,-75.2,-75.9,-75.3,-76.7
0.20,-64.2,-75.2,-75.9,-75.3,-76.7
0.21,-64.2,-75.2,-75.9,-75.3,-76.7
0.22,-64.2,-75.2,-75.9,-75.3,-76.7
0.23,-64.2,-75.2,-75.9,-75.3,-76.7
0.24,-64.2,-75.2,-75.9,-75.3,-76.7
0.25,-64.2,-75.2,-75.9,-75.3,-76.7
0.26,-64.2,-75.2,-75.9,-75.3,-76.7
0.27,-64.2,-75.2,-75.9,-75.3,-76.7
0.28,-64.2,-75.2,-75.9,-75.3,-76.7
0.29,-64.2,-75.2,-75.9,-75.3,-76.7
0.30,-64.2,-75.2,-75.9,-75.2,-76.7
0.31,-64.2,-75.2,-75.9,-75.3,-76.7
0.32,-64.2,-75.1,-75.9,-75.2,-76.5
0.33,-64.2,-75.2,-75.9,-75.3,-76.6
0.34,-64.2,-75.2,-75.9,-75.3,-76.6
0.35,-64.3,-75.2,-75.9,-75.3,-76.7
0.36,-64.2,-75.1,-75.9,-75.3,-76.7
0.37,-64.2,-75.1,-75.9,-75.3,-76.7
0.38,-64.2,-75.1,-75.9,-75.3,-76.7
0.39,-64.2,-75.2,-75.9,-75.3,-76.8
0.40,-64.2,-75.1,-75.9,-75.3,-76.7
0.41,-64.2,-75.1,-75.9,-75.3,-76.6
0.42,-64.2,-75.1,-75.9,-75.3,-76.6
0.43,-64.2,-75.1,-75.9,-75.3,-76.6
0.44,-64.2,-75.1,-75.9,-75.3,-76.6
0.45,-64.2,-75.1,-75.9,-75.3,-76.6
0.46,-64.2,-75.1,-75.9,-75.3,-76.5
0.47,-64.2,-75.1,-75.9,-75.3,-76.6
0.48,-64.2,-75.1,-75.9,-75.3,-76.7
0.49,-64.2,-75.1,-75.9,-75.3,-76.7
0.50,-64.2,-75.1,-75.9,-75.3,-76.5
0.51,-64.1,-75.1,-75.9,-75.3,-76.5
0.52,-64.2,-75.1,-75.9,-75.3,-76.5
0.53,-64.2,-75.1,-75.9,-75.3,-76.6
0.54,-64.2,-75.1,-75.8,-75.3,-76.5
0.55,-64.1,-75.0,-75.8,-75.3,-76.5
0.56,-64.1,-75.0,-75.9,-75.3,-76.4
0.57,-64.2,-75.1,-75.9,-75.3,-76.5
0.58,-64.2,-75.1,-75.9,-75.3,-76.5
0.59,-64.2,-75.1,-75.9,-75.3,-76.5
0.60,-64.2,-75.1,-75.9,-75.3,-76.4
0.61,-64.1,-75.1,-75.9,-75.3,-76.4
0.62,-64.1,-75.1,-75.9,-75.3,-76.4
0.63,-64.2,-75.2,-75.9,-75.3,-76.5
0.64,-64.1,-75.1,-75.9,-75.3,-76.2
0.65,-64.1,-75.1,-75.9,-75.3,-76.1
0.66,-64.1,-75.1,-75.9,-75.3,-76.0
0.67,-64.2,-75.1,-75.9,-75.3,-76.2
0.68,-64.1,-75.1,-75.9,-75.3,-76.1
0.69,-64.1,-75.1,-75.9,-75.3,-76.1
0.70,-64.1,-75.1,-75.9,-75.3,-76.3
0.71,-64.2,-75.2,-75.9,-75.3,-76.6
0.72,-64.2,-75.2,-75.9,-75.3,-76.7
0.73,-64.2,-75.2,-75.8,-75.3,-76.6
0.74,-64.2,-75.2,-75.9,-75.3,-76.6
0.75,-64.2,-75.2,-75.9,-75.3,-76.7
0.76,-64.2,-75.2,-75.9,-75.3,-76.8
0.77,-64.2,-75.2,-75.9,-75.3,-76.7
0.78,-64.2,-75.2,-75.9,-75.3,-76.7
0.79,-64.2,-75.2,-75.9,-75.3,-76.8
0.80,-64.2,-75.2,-75.9,-75.3,-76.8
0.81,-64.2,-75.1,-75.9,-75.3,-76.7
0.82,-64.1,-75.1,-75.9,-75.3,-76.4
0.83,-64.1,-75.0,-75.9,-75.3,-76.4
0.84,-64.1,-75.1,-75.9,-75.3,-76.4
0.85,-64.1,-75.1,-75.9,-75.3,-76.4
0.86,-64.2,-75.1,-75.9,-75.3,-76.5
0.87,-64.1,-75.0,-75.9,-75.3,-76.5
0.88,-64.2,-75.1,-75.9,-75.3,-76.6
0.89,-64.2,-75.1,-75.9,-75.3,-76.6
0.90,-64.1,-74.9,-75.9,-75.3,-76.4
0.91,-64.1,-75.0,-75.9,-75.3,-76.4
0.92,-64.1,-74.9,-75.8,-75.3,-76.4
0.93,-64.1,-74.9,-75.9,-75.3,-76.4
0.94,-64.0,-74.8,-75.9,-75.3,-75.9
0.95,-64.1,-74.9,-75.9,-75.3,-76.1
0.96,-64.0,-74.8,-75.9,-75.3,-75.8
0.97,-64.0,-74.8,-75.9,-75.3,-75.8
0.98,-64.0,-74.8,-75.9,-75.3,-75.8
0.99,-64.1,-75.0,-75.9,-75.3,-76.2
1.00,-64.0,-74.9,-75.9,-75.3,-76.0
1.01,-64.1,-75.0,-76.0,-75.3,-76.3
1.02,-64.1,-74.8,-75.9,-75.3,-76.2
1.03,-64.0,-74.7,-75.9,-75.3,-75.9
1.04,-63.9,-74.5,-75.9,-75.3,-75.6
1.05,-63.8,-74.5,-75.9,-75.3,-75.5
1.06,-63.9,-74.5,-75.9,-75.3,-75.7
1.07,-64.2,-75.1,-76.0,-75.3,-76.6
1.08,-64.1,-75.0,-76.0,-75.3,-76.6
1.09,-64.0,-74.9,-76.0,-75.3,-76.4
1.10,-64.0,-74.8,-76.0,-75.3,-76.4
1.11,-64.1,-74.9,-76.1,-75.3,-76.4
1.12,-64.1,-74.8,-76.0,-75.3,-76.4
1.13,-64.1,-74.8,-76.1,-75.3,-76.5
1.14,-64.1,-74.9,-76.1,-75.3,-76.5
1.15,-64.1,-74.9,-76.1,-75.3,-76.6
1.16,-64.1,-74.9,-76.1,-75.3,-76.6
1.17,-64.2,-75.0,-76.1,-75.3,-76.7
1.18,-64.1,-74.9,-76.1,-75.3,-76.5
1.19,-64.1,-74.9,-76.1,-75.3,-76.6
1.20,-64.0,-74.7,-76.1,-75.3,-76.3
1.21,-64.1,-74.9,-76.1,-75.3,-76.6
1.22,-64.0,-74.7,-76.1,-75.3,-76.4
1.23,-64.1,-74.7,-76.1,-75.3,-76.5
1.24,-64.0,-74.2,-76.1,-75.3,-76.5
1.25,-64.0,-74.2,-76.1,-75.3,-76.6
1.26,-64.0,-74.2,-76.1,-75.3,-76.6
1.27,-64.0,-74.2,-76.1,-75.3,-76.7
1.28,-64.0,-74.6,-76.1,-75.3,-76.4
1.29,-64.1,-74.7,-76.2,-75.3,-76.6
1.30,-64.1,-74.7,-76.2,-75.3,-76.5
1.31,-64.0,-74.7,-76.2,-75.3,-76.4
1.32,-64.1,-74.8,-76.2,-75.3,-76.6
1.33,-64.1,-74.8,-76.2,-75.3,-76.7
1.34,-64.1,-74.8,-76.2,-75.3,-76.7
1.35,-64.2,-74.8,-76.3,-75.3,-76.8
1.36,-64.2,-74.8,-76.3,-75.3,-76.8
1.37,-64.1,-74.8,-76.2,-75.3,-76.7
1.38,-64.1,-74.8,-76.3,-75.3,-76.7
1.39,-64.1,-74.8,-76.3,-75.3,-76.8
1.40,-64.1,-74.8,-76.3,-75.3,-76.8
1.41,-64.1,-74.7,-76.3,-75.3,-76.7
1.42,-64.1,-74.7,-76.3,-75.3,-76.7
1.43,-64.1,-74.7,-76.3,-75.3,-76.8
1.44,-64.0,-74.7,-76.3,-75.3,-76.7
1.45,-64.1,-74.7,-76.3,-75.3,-76.8
1.46,-64.1,-74.7,-76.3,-75.3,-76.8
1.47,-64.2,-74.7,-76.4,-75.3,-76.9
1.48,-64.0,-74.5,-76.3,-75.3,-76.6
1.49,-64.0,-74.5,-76.3,-75.3,-76.5
1.50,-64.0,-74.4,-76.3,-75.3,-76.3
1.51,-64.1,-74.5,-76.3,-75.3,-76.6
1.52,-64.0,-74.3,-76.3,-75.3,-76.5
1.53,-63.9,-74.1,-76.3,-75.3,-76.3
1.54,-63.8,-73.9,-76.3,-75.3,-76.3
1.55,-63.4,-72.0,-76.3,-75.3,-75.8
1.56,-63.3,-71.3,-76.2,-75.3,-75.8
1.57,-63.1,-70.8,-76.2,-75.3,-75.6
1.58,-63.0,-70.3,-76.2,-75.3,-75.6
1.59,-63.1,-70.3,-76.3,-75.3,-75.8
1.60,-63.3,-70.9,-76.3,-75.3,-76.5
1.61,-63.3,-70.7,-76.3,-75.3,-76.3
1.62,-63.1,-70.4,-76.3,-75.3,-76.2
1.63,-63.1,-70.0,-76.3,-75.3,-76.2
1.64,-63.0,-69.5,-76.3,-75.3,-76.2
1.65,-62.5,-68.3,-76.2,-75.3,-76.0
1.66,-62.2,-67.6,-76.2,-75.3,-75.6
1.67,-61.8,-66.5,-76.2,-75.3,-75.5
1.68,-61.4,-65.6,-76.2,-75.3,-75.3
1.69,-61.1,-64.9,-76.2,-75.3,-75.4
1.70,-60.6,-63.9,-76.2,-75.3,-75.7
1.71,-60.4,-63.4,-76.2,-75.3,-75.8
1.72,-59.7,-62.4,-76.2,-75.3,-75.6
1.73,-59.0,-61.3,-76.2,-75.3,-75.3
1.74,-58.3,-60.3,-76.2,-75.3,-75.3
1.75,-58.1,-59.8,-76.2,-75.3,-75.5
1.76,-57.3,-58.8,-76.2,-75.3,-75.0
1.77,-56.7,-58.1,-76.2,-75.2,-74.7
1.78,-56.2,-57.5,-76.2,-75.2,-74.9
1.79,-55.9,-57.0,-76.2,-75.2,-75.1
1.80,-55.2,-56.1,-76.2,-75.2,-75.4
1.81,-54.2,-54.9,-76.1,-75.2,-75.9
1.82,-53.4,-54.1,-76.1,-75.2,-75.7
1.83,-52.2,-52.8,-76.1,-75.2,-75.8
1.84,-51.4,-51.9,-76.1,-75.2,-75.8
1.85,-50.7,-51.1,-76.2,-75.2,-75.8
1.86,-50.5,-50.9,-76.2,-75.2,-75.3
1.87,-49.8,-50.1,-76.2,-75.2,-75.5
1.88,-49.4,-49.7,-76.2,-75.3,-75.2
1.89,-48.5,-48.8,-76.2,-75.3,-75.3
1.90,-48.1,-48.3,-76.2,-75.3,-75.6
1.91,-47.8,-48.0,-76.2,-75.3,-75.5
1.92,-47.3,-47.5,-76.2,-75.3,-75.6
1.93,-46.9,-47.1,-76.2,-75.3,-76.1
1.94,-46.8,-46.9,-76.2,-75.3,-76.2
1.95,-46.4,-46.5,-76.3,-75.3,-76.8
1.96,-46.2,-46.3,-76.3,-75.3,-77.1
1.97,-46.1,-46.2,-76.2,-75.3,-77.1
1.98,-45.8,-45.9,-76.2,-75.2,-76.7
1.99,-45.7,-45.8,-76.2,-75.2,-76.8
2.00,-45.7,-45.8,-76.2,-75.2,-76.8
2.01,-45.9,-46.1,-76.1,-75.2,-76.8
2.02,-46.3,-46.5,-76.2,-75.3,-76.9
2.03,-47.0,-47.2,-76.2,-75.3,-76.9
2.04,-48.0,-48.1,-76.2,-75.3,-77.0
2.05,-49.4,-49.6,-76.3,-75.3,-76.9
2.06,-51.1,-51.4,-76.3,-75.3,-76.4
2.07,-54.2,-54.8,-76.3,-75.3,-76.0
2.08,-57.6,-58.9,-76.3,-75.3,-76.0
2.09,-60.6,-63.6,-76.3,-75.3,-76.3
2.10,-61.4,-65.3,-76.2,-75.3,-75.9
2.11,-60.1,-63.4,-76.2,-75.3,-75.4
2.12,-59.2,-61.8,-76.1,-75.2,-73.4
2.13,-58.2,-60.3,-76.0,-75.2,-72.4
2.14,-53.9,-54.6,-75.7,-75.0,-71.0
2.15,-41.4,-41.2,-75.7,-74.8,-67.5
2.16,-33.9,-33.7,-75.7,-74.8,-65.2
2.17,-29.0,-28.9,-75.6,-74.4,-64.3
2.18,-26.1,-26.1,-75.8,-74.4,-63.6
2.19,-23.9,-23.9,-76.2,-74.7,-63.4
2.20,-22.5,-22.4,-76.4,-74.7,-63.9
2.21,-21.4,-21.4,-76.7,-75.4,-65.5
2.22,-21.0,-21.0,-76.2,-75.2,-67.0
2.23,-21.0,-21.0,-76.3,-75.2,-67.9
2.24,-21.0,-21.0,-75.9,-75.0,-69.1
2.25,-21.1,-21.1,-75.5,-74.8,-69.2
2.26,-21.4,-21.4,-75.6,-74.8,-68.9
2.27,-21.5,-21.4,-75.6,-74.8,-69.0
2.28,-21.5,-21.5,-75.6,-74.8,-69.9
2.29,-21.7,-21.7,-75.5,-74.8,-70.1
2.30,-21.9,-21.9,-75.7,-74.9,-71.6
2.31,-22.2,-22.2,-75.7,-74.8,-72.4
2.32,-22.3,-22.3,-75.7,-74.9,-73.1
2.33,-22.6,-22.6,-75.7,-74.9,-72.9
2.34,-22.8,-22.8,-75.7,-74.9,-73.2
2.35,-23.0,-23.0,-75.6,-75.0,-72.6
2.36,-23.4,-23.4,-75.6,-75.0,-72.3
2.37,-24.4,-24.4,-75.7,-75.1,-72.3
2.38,-25.7,-25.7,-75.8,-75.1,-72.5
2.39,-27.9,-27.9,-75.9,-75.1,-72.9
2.40,-31.5,-31.4,-76.1,-75.1,-73.3
2.41,-36.5,-36.5,-76.2,-75.0,-73.9
2.42,-41.9,-41.9,-76.3,-75.0,-74.0
2.43,-43.9,-43.9,-76.2,-74.9,-73.3
2.44,-45.8,-45.8,-76.3,-74.8,-72.9
2.45,-48.1,-48.1,-76.3,-74.8,-71.8
2.46,-50.1,-50.0,-76.2,-74.8,-70.0
2.47,-31.9,-31.9,-76.1,-74.7,-66.6
2.48,-29.3,-29.3,-75.8,-74.4,-58.5
2.49,-27.4,-27.4,-75.4,-74.5,-54.7
2.50,-23.4,-23.4,-75.1,-74.4,-45.2
2.51,-20.5,-20.6,-74.5,-74.2,-36.3
2.52,-18.7,-19.0,-74.3,-74.1,-32.6
2.53,-17.7,-18.0,-73.5,-74.0,-30.9
2.54,-17.2,-17.6,-73.4,-74.0,-30.0
2.55,-17.2,-17.6,-72.8,-73.7,-29.6
2.56,-17.6,-18.2,-72.7,-73.7,-29.9
2.57,-18.5,-19.0,-72.7,-73.6,-30.3
2.58,-19.3,-19.7,-73.0,-73.6,-30.7
2.59,-20.0,-20.5,-73.2,-73.5,-30.7
2.60,-21.1,-21.4,-73.4,-73.6,-31.0
2.61,-21.5,-21.9,-73.8,-73.7,-31.3
2.62,-21.2,-21.9,-73.4,-73.3,-31.8
2.63,-21.2,-21.8,-72.6,-72.8,-31.9
2.64,-21.1,-21.4,-72.7,-72.7,-32.8
2.65,-21.0,-21.3,-72.8,-72.5,-33.5
2.66,-20.9,-21.0,-72.9,-72.7,-34.0
2.67,-20.8,-20.9,-73.6,-73.3,-34.4
2.68,-20.3,-20.5,-74.1,-73.9,-35.1
2.69,-20.0,-20.2,-74.6,-74.3,-36.0
2.70,-19.8,-20.1,-74.4,-74.4,-36.7
2.71,-19.8,-20.0,-74.6,-74.1,-37.2
2.72,-19.8,-19.9,-74.9,-74.4,-37.9
2.73,-19.7,-19.9,-75.3,-74.5,-37.8
2.74,-20.0,-20.1,-75.3,-74.6,-38.2
2.75,-20.0,-20.1,-75.5,-74.5,-38.6
2.76,-20.1,-20.2,-75.1,-74.4,-39.5
2.77,-19.7,-19.7,-74.9,-73.9,-39.9
2.78,-18.8,-18.9,-75.1,-74.1,-39.6
2.79,-17.9,-18.0,-75.1,-74.1,-39.3
2.80,-17.4,-17.4,-75.6,-74.3,-39.4
2.81,-16.9,-16.9,-75.7,-74.4,-39.8
2.82,-17.0,-17.1,-75.2,-74.4,-40.8
2.83,-17.3,-17.4,-74.7,-74.2,-41.0
2.84,-17.6,-17.7,-74.3,-74.0,-40.6
2.85,-18.2,-18.2,-74.0,-74.2,-40.5
2.86,-18.7,-18.8,-74.2,-74.5,-39.9
2.87,-19.3,-19.4,-74.5,-74.8,-38.8
2.88,-19.6,-19.7,-75.0,-75.2,-38.5
2.89,-20.1,-20.3,-75.4,-75.3,-38.2
2.90,-20.3,-20.4,-75.8,-75.2,-38.4
2.91,-20.5,-20.6,-75.7,-75.0,-38.8
2.92,-20.6,-20.7,-76.0,-75.1,-40.1
2.93,-20.7,-20.8,-75.8,-75.0,-40.5
2.94,-20.8,-20.8,-75.6,-75.1,-40.7
2.95,-21.1,-21.2,-75.4,-75.0,-40.9
2.96,-21.0,-21.0,-75.2,-74.7,-41.4
2.97,-20.7,-20.8,-75.1,-74.6,-41.5
2.98,-20.4,-20.5,-75.1,-74.8,-41.4
2.99,-20.0,-20.1,-75.0,-74.9,-41.6
3.00,-19.8,-19.9,-74.8,-74.8,-41.8
3.01,-19.8,-19.8,-74.6,-74.8,-42.2
3.02,-20.2,-20.2,-74.6,-74.8,-43.1
3.03,-20.5,-20.5,-74.6,-74.6,-44.3
3.04,-20.6,-20.7,-74.7,-74.6,-44.7
3.05,-20.8,-20.9,-74.9,-74.8,-44.9
3.06,-21.2,-21.2,-75.2,-74.9,-45.6
3.07,-21.9,-21.9,-75.4,-74.9,-45.8
3.08,-21.7,-21.7,-75.5,-74.8,-45.5
3.09,-21.0,-21.0,-75.6,-74.6,-45.7
3.10,-20.6,-20.6,-75.5,-74.4,-45.5
3.11,-19.8,-19.9,-75.6,-74.3,-44.7
3.12,-19.4,-19.5,-75.4,-74.4,-44.9
3.13,-19.7,-19.7,-75.6,-74.6,-45.3
3.14,-19.5,-19.5,-75.6,-74.9,-45.8
3.15,-18.4,-18.4,-75.0,-74.8,-45.7
3.16,-18.2,-18.2,-74.6,-74.7,-46.3
3.17,-18.0,-18.0,-74.3,-74.5,-45.5
3.18,-17.8,-17.8,-74.1,-74.6,-45.1
3.19,-18.4,-18.4,-74.2,-74.8,-44.9
3.20,-18.9,-18.9,-74.8,-75.1,-44.6
3.21,-18.8,-18.9,-75.2,-75.4,-45.3
3.22,-18.9,-18.9,-75.4,-75.5,-45.4
3.23,-18.7,-18.7,-75.5,-75.4,-45.3
3.24,-18.4,-18.5,-75.4,-75.4,-45.3
3.25,-18.4,-18.5,-74.9,-75.2,-46.1
3.26,-18.2,-18.3,-74.6,-75.1,-46.0
3.27,-18.3,-18.3,-74.7,-75.0,-47.8
3.28,-18.3,-18.3,-74.8,-75.1,-47.8
3.29,-18.5,-18.6,-75.0,-75.1,-48.0
3.30,-18.7,-18.7,-74.8,-74.8,-48.1
3.31,-18.8,-18.8,-74.9,-74.8,-48.2
3.32,-18.6,-18.7,-74.7,-74.6,-47.8
3.33,-18.6,-18.7,-74.6,-74.5,-48.4
3.34,-18.7,-18.7,-74.7,-74.6,-47.7
3.35,-18.8,-18.8,-75.0,-75.0,-46.7
3.36,-19.0,-19.1,-75.2,-75.4,-47.0
3.37,-19.3,-19.3,-75.0,-75.5,-47.0
3.38,-19.1,-19.1,-74.9,-75.4,-47.0
3.39,-19.0,-19.1,-74.8,-75.3,-46.6
3.40,-19.0,-19.0,-74.6,-74.8,-46.2
3.41,-18.9,-18.9,-74.9,-74.9,-45.9
3.42,-19.0,-19.1,-75.2,-75.2,-45.4
3.43,-19.7,-19.7,-75.3,-75.2,-45.9
3.44,-20.2,-20.2,-75.6,-75.4,-46.8
3.45,-19.0,-19.0,-75.3,-75.1,-48.1
3.46,-18.5,-18.5,-74.9,-75.0,-49.2
3.47,-18.1,-18.1,-74.7,-74.9,-50.1
3.48,-17.5,-17.6,-74.7,-75.0,-49.9
3.49,-17.6,-17.6,-74.9,-75.3,-50.4
3.50,-18.1,-18.1,-75.2,-75.5,-50.7
3.51,-18.2,-18.2,-75.1,-75.4,-50.7
3.52,-18.1,-18.1,-75.0,-75.2,-52.8
3.53,-17.9,-17.9,-74.6,-74.9,-54.8
3.54,-17.8,-17.8,-74.6,-74.9,-53.7
3.55,-17.7,-17.7,-74.6,-75.0,-51.8
3.56,-17.7,-17.7,-74.9,-75.3,-50.5
3.57,-17.7,-17.8,-75.0,-75.5,-50.2
3.58,-17.8,-17.8,-74.9,-75.6,-49.8
3.59,-18.0,-18.0,-74.8,-75.6,-49.1
3.60,-18.1,-18.1,-74.7,-75.5,-48.0
3.61,-18.1,-18.1,-74.6,-75.4,-47.4
3.62,-18.1,-18.1,-74.7,-75.4,-46.3
3.63,-18.0,-18.0,-74.9,-75.5,-45.3
3.64,-17.8,-17.8,-74.9,-75.5,-45.3
3.65,-17.6,-17.6,-74.7,-75.3,-46.0
3.66,-17.4,-17.4,-74.7,-75.4,-47.1
3.67,-17.4,-17.4,-74.6,-75.4,-49.0
3.68,-17.4,-17.4,-74.5,-75.3,-51.5
3.69,-17.5,-17.5,-74.6,-75.4,-52.5
3.70,-17.5,-17.5,-74.4,-75.2,-50.6
3.71,-17.5,-17.5,-74.3,-75.0,-49.8
3.72,-17.4,-17.4,-74.3,-74.9,-49.6
3.73,-17.2,-17.2,-74.3,-74.8,-50.4
3.74,-17.1,-17.1,-74.2,-74.9,-51.4
3.75,-17.1,-17.1,-74.0,-75.1,-50.2
3.76,-17.1,-17.1,-73.6,-75.0,-47.5
3.77,-17.1,-17.1,-73.3,-74.8,-35.9
3.78,-17.1,-17.2,-73.3,-74.6,-31.7
3.79,-16.9,-17.2,-73.4,-74.3,-30.3
3.80,-16.9,-17.2,-73.4,-74.2,-28.7
3.81,-16.7,-17.1,-73.8,-74.5,-27.9
3.82,-16.4,-16.8,-73.6,-74.1,-27.8
3.83,-16.3,-16.6,-73.5,-74.2,-28.2
3.84,-16.3,-16.6,-73.5,-74.0,-28.5
3.85,-16.2,-16.5,-73.2,-74.0,-28.7
3.86,-16.3,-16.5,-73.0,-74.3,-29.0
3.87,-16.3,-16.6,-73.3,-74.7,-29.2
3.88,-16.4,-16.7,-73.8,-74.9,-29.4
3.89,-16.6,-16.8,-74.1,-75.2,-29.5
3.90,-16.6,-16.9,-74.1,-75.2,-30.0
3.91,-16.9,-17.1,-74.2,-75.2,-30.3
3.92,-17.2,-17.4,-74.1,-74.9,-30.7
3.93,-17.3,-17.5,-73.8,-74.8,-31.0
3.94,-17.8,-18.0,-74.1,-74.9,-31.3
3.95,-18.0,-18.3,-74.3,-75.1,-31.6
3.96,-18.3,-18.5,-74.5,-75.0,-32.1
3.97,-18.5,-18.7,-74.4,-74.8,-32.0
3.98,-18.2,-18.4,-74.8,-74.9,-32.4
3.99,-17.8,-18.0,-74.7,-74.8,-32.5
4.00,-17.3,-17.5,-74.8,-74.9,-32.9
4.01,-17.1,-17.2,-74.9,-75.1,-33.3
4.02,-16.9,-17.0,-74.9,-75.2,-34.0
4.03,-16.7,-16.8,-74.8,-75.0,-34.2
4.04,-16.7,-16.7,-74.6,-75.0,-34.4
4.05,-16.6,-16.6,-74.6,-75.2,-34.5
4.06,-16.4,-16.5,-74.3,-75.2,-34.6
4.07,-16.5,-16.6,-74.0,-75.0,-34.9
4.08,-16.7,-16.7,-74.1,-75.4,-35.0
4.09,-16.9,-17.0,-74.4,-75.6,-34.8
4.10,-17.1,-17.2,-74.2,-75.5,-33.4
4.11,-17.3,-17.5,-74.3,-75.5,-32.2
4.12,-17.4,-17.7,-74.2,-75.3,-31.0
4.13,-17.6,-17.9,-74.3,-74.8,-30.4
4.14,-17.5,-17.8,-74.2,-74.5,-30.2
4.15,-17.3,-17.6,-74.1,-74.6,-30.3
4.16,-17.2,-17.5,-74.1,-74.8,-30.6
4.17,-17.7,-18.0,-74.2,-74.7,-30.8
4.18,-18.7,-19.0,-74.3,-74.4,-31.2
4.19,-20.4,-20.8,-74.4,-74.1,-31.2
4.20,-23.3,-24.2,-74.9,-74.0,-31.4
4.21,-29.7,-33.9,-75.3,-73.7,-31.5
4.22,-30.1,-36.2,-75.1,-73.3,-31.6
4.23,-24.2,-25.3,-74.8,-73.5,-31.8
4.24,-19.5,-19.7,-74.6,-73.6,-32.1
4.25,-17.6,-17.8,-74.1,-73.8,-32.3
4.26,-16.6,-16.8,-73.9,-74.1,-32.5
4.27,-15.9,-16.0,-74.1,-74.7,-32.8
4.28,-16.2,-16.3,-74.4,-74.8,-33.0
4.29,-16.8,-17.0,-74.7,-74.9,-32.9
4.30,-17.1,-17.2,-74.7,-74.9,-33.1
4.31,-17.1,-17.3,-74.5,-74.7,-33.2
4.32,-17.0,-17.1,-74.4,-75.1,-33.6
4.33,-16.7,-16.9,-74.3,-75.1,-33.9
4.34,-17.1,-17.2,-74.3,-75.0,-34.1
4.35,-17.6,-17.7,-74.6,-74.9,-34.4
4.36,-18.3,-18.5,-74.8,-74.8,-34.4
4.37,-19.8,-20.0,-75.2,-74.5,-34.5
4.38,-21.7,-22.0,-75.3,-74.4,-34.8
4.39,-21.2,-21.4,-75.4,-74.4,-35.0
4.40,-19.4,-19.5,-74.6,-74.3,-35.5
4.41,-17.6,-17.7,-74.2,-74.2,-35.7
4.42,-16.2,-16.3,-73.6,-74.1,-35.7
4.43,-15.3,-15.4,-73.4,-74.0,-35.9
4.44,-15.3,-15.4,-73.6,-74.2,-35.7
4.45,-15.6,-15.7,-73.9,-74.4,-35.6
4.46,-16.1,-16.2,-74.0,-74.3,-35.8
4.47,-16.6,-16.7,-74.2,-74.4,-35.9
4.48,-17.2,-17.2,-74.2,-74.4,-36.4
4.49,-17.6,-17.7,-74.4,-74.5,-36.5
4.50,-17.8,-17.8,-74.4,-74.5,-37.1
4.51,-17.8,-17.8,-74.5,-74.5,-37.1
4.52,-17.7,-17.7,-74.4,-74.3,-37.0
4.53,-17.4,-17.5,-74.2,-74.3,-37.0
4.54,-17.1,-17.2,-74.3,-74.4,-37.0
4.55,-16.8,-16.9,-74.3,-74.4,-37.3
4.56,-16.8,-16.9,-74.3,-74.6,-37.5
4.57,-16.7,-16.8,-74.3,-74.8,-38.0
4.58,-16.8,-16.9,-74.3,-74.6,-38.4
4.59,-17.1,-17.1,-74.1,-74.4,-38.7
4.60,-17.7,-17.7,-74.0,-74.3,-38.8
4.61,-18.5,-18.5,-74.3,-74.4,-39.0
4.62,-20.0,-20.0,-74.6,-74.4,-39.0
4.63,-21.8,-21.9,-74.7,-74.3,-39.1
4.64,-24.8,-24.8,-75.5,-74.5,-39.2
4.65,-28.6,-29.2,-75.6,-74.3,-39.2
4.66,-30.6,-31.9,-75.8,-74.2,-39.1
4.67,-33.1,-35.2,-76.0,-74.1,-39.1
4.68,-34.1,-36.9,-75.9,-74.2,-39.0
4.69,-33.1,-35.0,-75.7,-74.1,-39.3
4.70,-31.2,-32.3,-75.5,-74.1,-39.5
4.71,-29.6,-30.4,-75.5,-74.4,-39.6
4.72,-28.5,-29.2,-75.5,-74.5,-38.8
4.73,-27.6,-28.6,-75.5,-74.5,-35.8
4.74,-27.3,-28.5,-75.6,-74.5,-34.2
4.75,-27.5,-29.0,-75.7,-74.3,-33.4
4.76,-27.7,-29.5,-75.6,-74.3,-32.9
4.77,-28.1,-30.1,-75.9,-74.5,-32.8
4.78,-29.2,-31.4,-75.8,-74.7,-33.7
4.79,-29.8,-32.7,-75.8,-74.7,-33.8
4.80,-30.7,-34.5,-75.6,-74.5,-34.0
4.81,-31.7,-37.3,-75.5,-74.2,-34.0
4.82,-32.7,-40.2,-75.4,-73.9,-34.3
4.83,-32.7,-41.9,-75.7,-74.1,-34.2
4.84,-32.9,-42.3,-76.2,-74.2,-34.5
4.85,-32.0,-37.5,-76.2,-74.2,-34.4
4.86,-30.0,-32.6,-74.8,-74.2,-34.6
4.87,-28.4,-30.0,-73.9,-73.7,-34.6
4.88,-26.1,-26.8,-73.4,-73.3,-34.7
4.89,-23.9,-24.4,-73.1,-73.1,-34.9
4.90,-19.6,-19.9,-73.3,-73.3,-35.0
4.91,-17.0,-17.1,-74.1,-73.7,-35.3
4.92,-15.5,-15.6,-74.5,-74.1,-35.4
4.93,-14.6,-14.7,-74.5,-74.4,-35.6
4.94,-14.7,-14.7,-74.6,-74.3,-35.8
4.95,-15.3,-15.3,-74.4,-74.1,-36.4
4.96,-16.1,-16.2,-74.3,-73.9,-36.5
4.97,-16.7,-16.7,-74.6,-73.6,-37.2
4.98,-16.8,-16.8,-74.9,-73.5,-37.4
4.99,-16.2,-16.3,-74.4,-73.2,-38.0
5.00,-16.1,-16.2,-74.0,-72.9,-38.1
5.01,-15.9,-16.0,-73.9,-72.7,-38.6
5.02,-15.9,-15.9,-73.4,-72.7,-38.9
5.03,-15.6,-15.7,-73.1,-72.9,-34.8
5.04,-15.7,-15.9,-73.0,-73.2,-30.5
5.05,-15.9,-16.2,-73.0,-73.6,-28.7
5.06,-16.3,-16.7,-72.9,-73.9,-27.3
5.07,-17.0,-17.6,-72.9,-73.8,-26.5
5.08,-17.7,-18.4,-72.7,-73.5,-26.5
5.09,-18.4,-19.1,-73.2,-73.6,-27.2
5.10,-19.4,-20.1,-73.5,-73.6,-27.9
5.11,-20.2,-21.0,-73.6,-73.6,-28.1
5.12,-20.8,-21.8,-74.0,-73.8,-28.6
5.13,-20.9,-21.6,-74.3,-73.9,-29.0
5.14,-20.0,-20.5,-74.2,-74.0,-29.3
5.15,-19.0,-19.4,-74.4,-74.1,-29.6
5.16,-18.2,-18.5,-74.4,-74.0,-30.1
5.17,-17.6,-17.9,-74.3,-74.0,-30.4
5.18,-17.5,-17.7,-74.6,-74.3,-30.8
5.19,-17.3,-17.4,-74.8,-74.4,-31.3
5.20,-17.3,-17.5,-74.6,-74.4,-31.6
5.21,-17.4,-17.5,-74.3,-74.4,-31.9
5.22,-17.5,-17.6,-74.1,-74.1,-32.3
5.23,-17.7,-17.9,-74.2,-74.0,-32.5
5.24,-17.9,-18.1,-74.6,-74.0,-32.5
5.25,-18.0,-18.3,-75.0,-74.2,-32.5
5.26,-18.3,-18.5,-75.5,-74.4,-32.6
5.27,-18.6,-18.8,-75.7,-74.4,-32.9
5.28,-18.9,-19.0,-75.5,-74.2,-33.6
5.29,-19.4,-19.6,-75.1,-74.1,-34.2
5.30,-20.2,-20.2,-75.2,-74.2,-35.1
5.31,-20.7,-20.8,-75.2,-74.1,-35.8
5.32,-20.7,-20.8,-75.1,-74.2,-36.5
5.33,-20.4,-20.6,-75.1,-74.3,-37.3
5.34,-19.6,-19.7,-74.5,-73.9,-38.0
5.35,-18.5,-18.6,-73.9,-73.7,-38.4
5.36,-18.1,-18.1,-73.8,-73.7,-39.1
5.37,-18.1,-18.1,-73.8,-74.0,-39.1
5.38,-18.1,-18.1,-73.7,-74.1,-38.9
5.39,-18.0,-18.1,-73.7,-74.3,-38.9
5.40,-18.4,-18.4,-74.2,-74.4,-39.0
5.41,-18.3,-18.4,-73.9,-74.1,-39.3
5.42,-18.2,-18.3,-74.0,-74.0,-39.6
5.43,-18.5,-18.5,-74.1,-74.0,-40.2
5.44,-18.7,-18.7,-74.5,-74.4,-40.6
5.45,-19.0,-19.0,-74.6,-74.7,-41.1
5.46,-19.2,-19.2,-74.6,-74.7,-41.8
5.47,-19.2,-19.3,-74.4,-74.5,-42.0
5.48,-19.1,-19.2,-74.2,-74.1,-42.1
5.49,-19.0,-19.0,-74.1,-74.0,-42.3
5.50,-18.8,-18.9,-74.3,-74.1,-42.2
5.51,-18.9,-18.9,-74.6,-74.4,-42.2
5.52,-18.6,-18.7,-74.8,-74.7,-42.1
5.53,-18.4,-18.4,-74.6,-74.6,-42.0
5.54,-18.2,-18.2,-74.7,-74.5,-42.3
5.55,-17.8,-17.8,-74.6,-74.3,-42.5
5.56,-17.4,-17.4,-74.5,-74.1,-42.9
5.57,-17.2,-17.2,-74.8,-74.2,-43.6
5.58,-17.5,-17.5,-75.1,-74.3,-43.7
5.59,-17.2,-17.2,-75.4,-74.5,-43.7
5.60,-17.1,-17.0,-75.1,-74.2,-43.7
5.61,-17.0,-17.0,-74.6,-73.8,-43.4
5.62,-16.7,-16.7,-74.3,-73.4,-43.4
5.63,-16.5,-16.5,-73.8,-73.1,-43.5
5.64,-16.6,-16.6,-73.9,-73.1,-43.2
5.65,-16.2,-16.2,-74.5,-73.6,-43.0
5.66,-15.9,-16.0,-74.7,-73.9,-42.8
5.67,-15.5,-15.6,-74.5,-74.2,-41.8
5.68,-15.5,-15.5,-74.2,-74.2,-40.6
5.69,-15.4,-15.5,-73.7,-73.8,-39.3
5.70,-15.8,-15.9,-73.6,-73.6,-38.3
5.71,-16.2,-16.3,-73.5,-73.8,-37.7
5.72,-16.7,-16.8,-73.6,-73.9,-37.1
5.73,-17.1,-17.2,-73.9,-74.0,-37.1
5.74,-17.8,-17.9,-73.8,-74.0,-37.1
5.75,-18.2,-18.3,-74.0,-73.9,-37.1
5.76,-18.8,-18.9,-74.3,-73.7,-37.3
5.77,-19.1,-19.2,-74.4,-73.7,-37.4
5.78,-19.7,-19.8,-74.9,-74.1,-37.9
5.79,-20.0,-20.2,-75.0,-74.2,-38.2
5.80,-20.1,-20.2,-74.9,-74.2,-39.0
5.81,-19.7,-19.7,-74.3,-74.0,-39.9
5.82,-19.3,-19.3,-73.9,-73.8,-40.6
5.83,-18.5,-18.5,-73.5,-73.8,-42.0
5.84,-17.9,-17.9,-73.6,-74.1,-42.4
5.85,-17.5,-17.6,-73.7,-74.3,-42.6
5.86,-17.3,-17.3,-74.3,-74.8,-42.8
5.87,-17.0,-17.1,-74.6,-75.0,-42.5
5.88,-17.0,-17.1,-74.9,-74.9,-42.6
5.89,-16.9,-17.0,-75.1,-74.8,-42.9
5.90,-16.8,-16.8,-75.4,-74.8,-43.2
5.91,-16.7,-16.8,-75.6,-74.9,-43.3
5.92,-16.7,-16.8,-75.6,-74.9,-43.7
5.93,-16.9,-16.9,-75.3,-74.8,-44.0
5.94,-17.1,-17.1,-75.0,-74.5,-44.4
5.95,-17.4,-17.4,-74.9,-74.4,-45.1
5.96,-18.1,-18.2,-74.7,-74.2,-45.8
5.97,-19.0,-19.1,-75.0,-74.3,-46.8
5.98,-19.2,-19.2,-75.2,-74.5,-47.7
5.99,-18.8,-18.9,-75.1,-74.6,-47.3
6.00,-18.3,-18.4,-74.9,-74.6,-46.5
6.01,-17.5,-17.5,-74.3,-74.4,-45.4
6.02,-16.9,-16.9,-73.7,-74.2,-43.7
6.03,-17.0,-17.1,-73.5,-74.2,-42.2
6.04,-17.2,-17.3,-73.6,-74.2,-41.5
6.05,-17.4,-17.5,-74.0,-74.5,-41.3
6.06,-17.6,-17.7,-74.7,-74.8,-41.2
6.07,-17.8,-17.9,-75.1,-74.8,-41.4
6.08,-17.9,-17.9,-75.1,-74.6,-41.8
6.09,-18.0,-18.0,-74.8,-74.4,-41.8
6.10,-18.1,-18.1,-74.3,-74.0,-42.0
6.11,-18.2,-18.2,-74.2,-74.1,-42.1
6.12,-18.2,-18.3,-74.3,-74.1,-42.5
6.13,-18.4,-18.4,-74.5,-74.4,-42.7
6.14,-18.4,-18.5,-74.7,-74.5,-42.6
6.15,-18.5,-18.5,-74.8,-74.5,-42.6
6.16,-18.5,-18.6,-74.6,-74.4,-42.3
6.17,-18.7,-18.8,-74.6,-74.2,-42.3
6.18,-18.7,-18.7,-74.5,-74.1,-42.0
6.19,-18.5,-18.6,-74.6,-74.3,-42.1
6.20,-18.5,-18.6,-75.1,-74.6,-42.3
6.21,-18.7,-18.7,-75.1,-74.6,-42.0
6.22,-18.7,-18.8,-75.3,-74.7,-42.3
6.23,-18.8,-18.9,-75.4,-74.7,-42.7
6.24,-18.9,-19.0,-75.4,-74.4,-43.1
6.25,-18.9,-18.9,-75.4,-74.3,-44.0
6.26,-18.7,-18.7,-75.2,-74.3,-44.6
6.27,-18.6,-18.6,-74.9,-74.2,-44.7
6.28,-18.7,-18.7,-74.6,-74.3,-44.7
6.29,-18.8,-18.9,-74.2,-74.2,-38.1
6.30,-18.8,-19.1,-74.3,-74.4,-32.4
6.31,-18.5,-19.1,-74.4,-74.5,-29.7
6.32,-18.3,-18.9,-74.4,-74.7,-27.9
6.33,-17.8,-18.6,-74.6,-74.9,-26.6
6.34,-17.3,-18.1,-74.1,-74.8,-26.2
6.35,-17.0,-17.6,-73.7,-74.7,-26.5
6.36,-17.0,-17.6,-73.8,-74.6,-26.8
6.37,-17.2,-17.7,-73.6,-74.3,-27.4
6.38,-17.3,-17.9,-73.9,-74.2,-27.9
6.39,-17.6,-18.2,-74.4,-74.3,-28.4
6.40,-18.0,-18.4,-74.5,-74.3,-28.9
6.41,-18.3,-18.6,-74.7,-74.4,-29.8
6.42,-18.4,-18.7,-74.9,-74.4,-30.5
6.43,-18.6,-19.0,-75.1,-74.4,-31.4
6.44,-19.2,-19.5,-75.4,-74.4,-32.2
6.45,-19.5,-19.7,-75.5,-74.4,-32.8
6.46,-19.6,-19.9,-75.8,-74.6,-33.3
6.47,-20.0,-20.2,-75.9,-74.7,-33.9
6.48,-20.2,-20.4,-75.7,-74.6,-34.4
6.49,-20.2,-20.4,-75.7,-74.7,-35.1
6.50,-20.3,-20.5,-75.8,-74.8,-35.7
6.51,-20.2,-20.3,-76.2,-75.1,-36.2
6.52,-19.5,-19.7,-76.0,-75.2,-36.4
6.53,-18.9,-19.1,-75.9,-75.0,-36.6
6.54,-18.5,-18.7,-75.4,-74.6,-36.9
6.55,-18.2,-18.3,-75.3,-74.6,-37.1
6.56,-18.0,-18.1,-75.2,-74.3,-37.4
6.57,-17.9,-18.0,-75.3,-74.5,-37.7
6.58,-17.7,-17.8,-75.3,-74.6,-38.0
6.59,-17.5,-17.5,-75.3,-74.7,-38.2
6.60,-17.3,-17.3,-75.1,-74.7,-38.3
6.61,-17.2,-17.3,-74.9,-74.5,-38.6
6.62,-17.4,-17.5,-75.0,-74.6,-38.8
6.63,-17.6,-17.7,-75.4,-74.8,-39.0
6.64,-17.8,-17.9,-75.6,-75.0,-39.4
6.65,-17.9,-18.0,-75.9,-75.1,-39.5
6.66,-18.0,-18.1,-75.8,-74.9,-39.6
6.67,-18.0,-18.1,-75.3,-74.5,-39.6
6.68,-18.1,-18.2,-75.0,-74.2,-39.8
6.69,-18.3,-18.4,-75.1,-74.3,-39.9
6.70,-18.7,-18.7,-75.1,-74.4,-40.2
6.71,-18.8,-18.9,-75.0,-74.5,-40.6
6.72,-19.6,-19.6,-75.2,-74.7,-41.0
6.73,-20.9,-20.9,-75.2,-74.8,-41.2
6.74,-22.6,-22.6,-75.3,-74.6,-41.6
6.75,-25.0,-25.1,-75.5,-74.5,-41.9
6.76,-26.2,-26.5,-75.5,-74.3,-42.1
6.77,-22.1,-22.2,-75.2,-74.3,-42.4
6.78,-20.1,-20.1,-75.2,-74.6,-42.6
6.79,-18.8,-18.8,-75.1,-74.9,-42.8
6.80,-17.9,-17.9,-74.7,-75.1,-42.8
6.81,-17.8,-17.8,-74.6,-75.1,-42.4
6.82,-18.1,-18.1,-74.3,-74.9,-42.1
6.83,-18.2,-18.2,-73.8,-74.4,-42.1
6.84,-18.2,-18.3,-73.7,-74.3,-41.9
6.85,-18.5,-18.6,-74.1,-74.4,-41.7
6.86,-18.5,-18.6,-74.5,-74.4,-41.6
6.87,-18.4,-18.4,-74.7,-74.4,-41.8
6.88,-18.9,-19.0,-74.9,-74.3,-41.6
6.89,-19.6,-19.6,-74.8,-74.3,-41.8
6.90,-20.3,-20.3,-74.7,-74.3,-42.0
6.91,-21.5,-21.6,-75.0,-74.6,-42.3
6.92,-23.6,-23.8,-75.5,-74.9,-39.7
6.93,-20.3,-20.7,-75.6,-75.1,-34.0
6.94,-18.0,-18.3,-74.9,-75.0,-32.2
6.95,-17.0,-17.3,-74.4,-74.7,-31.5
6.96,-16.5,-16.8,-73.9,-74.1,-31.1
6.97,-16.2,-16.4,-73.7,-74.2,-31.5
6.98,-17.0,-17.1,-73.8,-74.1,-33.2
6.99,-17.4,-17.5,-74.1,-74.2,-34.4
7.00,-17.3,-17.3,-74.4,-74.5,-35.0
7.01,-17.2,-17.3,-74.3,-74.5,-35.4
7.02,-17.3,-17.4,-74.1,-74.1,-36.0
7.03,-17.6,-17.7,-74.2,-74.1,-36.3
7.04,-18.1,-18.2,-74.2,-74.1,-36.7
7.05,-18.6,-18.8,-74.8,-74.2,-37.1
7.06,-18.9,-19.0,-75.2,-74.5,-37.7
7.07,-18.8,-18.9,-75.0,-74.6,-38.3
7.08,-18.5,-18.6,-74.7,-74.6,-39.1
7.09,-18.6,-18.7,-74.2,-74.2,-39.1
7.10,-18.4,-18.5,-73.9,-74.1,-39.5
7.11,-18.4,-18.4,-74.0,-74.2,-40.0
7.12,-18.5,-18.6,-74.2,-74.3,-40.3
7.13,-18.4,-18.5,-74.5,-74.4,-40.9
7.14,-18.6,-18.6,-74.6,-74.5,-41.5
7.15,-18.8,-18.8,-74.3,-74.3,-41.8
7.16,-19.3,-19.3,-74.1,-74.1,-41.8
7.17,-20.6,-20.6,-74.6,-74.3,-41.5
7.18,-22.2,-22.3,-75.0,-74.7,-41.6
7.19,-24.8,-24.9,-75.6,-75.1,-41.5
7.20,-29.4,-29.9,-76.2,-75.3,-41.3
7.21,-36.4,-38.4,-76.6,-75.2,-41.6
7.22,-35.8,-37.4,-76.1,-75.0,-42.1
7.23,-34.8,-35.9,-75.6,-74.8,-42.4
7.24,-33.7,-34.4,-75.4,-74.8,-42.9
7.25,-32.6,-33.2,-75.4,-75.0,-43.3
7.26,-31.9,-32.3,-75.4,-75.3,-43.8
7.27,-31.7,-32.1,-75.7,-75.3,-44.1
7.28,-31.7,-32.1,-75.7,-75.2,-44.0
7.29,-32.1,-32.5,-75.7,-75.1,-44.1
7.30,-32.6,-33.1,-75.7,-75.0,-44.3
7.31,-33.8,-34.3,-76.1,-75.2,-44.6
7.32,-35.2,-35.9,-76.4,-75.4,-45.1
7.33,-36.8,-37.8,-76.6,-75.6,-45.3
7.34,-37.8,-39.3,-76.8,-75.4,-45.0
7.35,-38.4,-40.3,-76.5,-75.1,-45.0
7.36,-38.9,-40.8,-76.4,-74.7,-45.2
7.37,-38.7,-40.6,-76.2,-74.7,-45.5
7.38,-35.6,-36.5,-76.2,-75.0,-45.1
7.39,-26.5,-26.6,-73.8,-75.0,-45.2
7.40,-24.4,-24.5,-72.8,-75.0,-44.9
7.41,-22.8,-22.8,-71.6,-74.7,-44.4
7.42,-19.9,-19.9,-68.3,-72.5,-44.4
7.43,-19.0,-19.0,-67.0,-72.2,-44.5
7.44,-19.1,-19.1,-67.4,-72.5,-44.9
7.45,-18.5,-18.5,-67.6,-72.4,-45.4
7.46,-17.9,-18.0,-68.1,-72.7,-46.4
7.47,-18.3,-18.3,-73.7,-74.7,-47.0
7.48,-17.7,-17.7,-74.6,-74.2,-48.1
7.49,-16.9,-16.9,-74.6,-74.0,-48.8
7.50,-16.3,-16.3,-75.1,-74.0,-49.4
7.51,-15.8,-15.8,-75.7,-74.3,-50.1
7.52,-15.5,-15.5,-75.4,-74.3,-50.4
7.53,-15.3,-15.3,-75.2,-74.0,-48.8
7.54,-15.5,-15.5,-74.0,-73.4,-47.9
7.55,-15.7,-15.8,-73.4,-72.6,-41.7
7.56,-15.9,-16.0,-72.8,-72.6,-34.6
7.57,-16.0,-16.2,-72.3,-72.5,-31.2
7.58,-16.1,-16.5,-72.3,-72.5,-29.6
7.59,-16.0,-16.4,-71.7,-72.6,-28.7
7.60,-16.2,-16.7,-70.9,-72.4,-28.2
7.61,-17.0,-17.5,-71.0,-72.5,-28.6
7.62,-17.1,-17.5,-71.1,-72.8,-29.3
7.63,-17.5,-17.8,-71.2,-73.1,-30.0
7.64,-17.7,-17.9,-71.4,-73.5,-30.6
7.65,-17.8,-18.0,-72.2,-74.0,-31.1
7.66,-17.9,-18.1,-72.1,-74.0,-31.6
7.67,-17.6,-17.9,-71.9,-74.1,-32.1
7.68,-17.6,-18.0,-71.7,-74.0,-33.2
7.69,-17.4,-17.8,-72.1,-74.0,-34.2
7.70,-17.5,-17.7,-72.2,-74.2,-35.0
7.71,-17.4,-17.5,-72.6,-74.5,-36.0
7.72,-17.2,-17.4,-72.9,-74.6,-36.3
7.73,-17.4,-17.5,-73.2,-74.6,-36.8
7.74,-17.5,-17.6,-73.4,-74.7,-37.0
7.75,-17.5,-17.6,-73.8,-74.6,-37.6
7.76,-17.7,-17.7,-73.9,-74.7,-37.7
7.77,-18.0,-18.1,-74.1,-74.7,-37.8
7.78,-18.3,-18.5,-74.0,-74.6,-38.2
7.79,-18.7,-18.8,-74.3,-74.7,-38.1
7.80,-19.3,-19.4,-74.3,-74.5,-38.0
7.81,-20.1,-20.2,-74.8,-74.5,-38.1
7.82,-21.2,-21.3,-75.0,-74.5,-38.3
7.83,-22.7,-23.0,-75.0,-74.3,-38.6
7.84,-25.5,-25.9,-75.3,-74.2,-39.0
7.85,-28.8,-30.1,-75.4,-74.3,-38.6
7.86,-31.4,-32.8,-75.4,-74.3,-38.0
7.87,-24.4,-25.8,-75.0,-74.5,-34.8
7.88,-22.1,-22.8,-74.6,-74.5,-33.3
7.89,-20.3,-20.9,-74.2,-74.5,-32.0
7.90,-19.0,-19.5,-73.9,-74.4,-31.3
7.91,-17.9,-18.2,-73.7,-74.6,-31.0
7.92,-17.6,-17.8,-73.6,-74.4,-31.1
7.93,-17.2,-17.4,-73.3,-74.5,-31.7
7.94,-17.2,-17.4,-73.2,-74.6,-31.9
7.95,-17.4,-17.6,-73.1,-74.5,-32.3
7.96,-18.0,-18.1,-73.4,-74.6,-32.4
7.97,-18.3,-18.6,-73.5,-74.8,-32.6
7.98,-18.5,-18.7,-73.7,-74.7,-32.6
7.99,-18.4,-18.6,-73.8,-74.7,-32.6
8.00,-18.4,-18.6,-73.9,-74.8,-32.6
8.01,-18.3,-18.5,-73.8,-74.5,-32.6
8.02,-18.5,-18.7,-73.7,-74.3,-32.6
8.03,-18.5,-18.8,-73.7,-74.3,-32.6
8.04,-18.7,-18.9,-73.8,-74.2,-33.2
8.05,-18.7,-18.8,-73.7,-74.2,-34.0
8.06,-18.6,-18.7,-73.5,-74.2,-34.3
8.07,-18.6,-18.8,-73.6,-74.3,-35.0
8.08,-18.8,-18.9,-73.2,-74.1,-35.4
8.09,-18.8,-19.0,-73.0,-74.2,-35.9
8.10,-18.8,-18.8,-72.7,-74.1,-36.2
8.11,-18.8,-18.9,-72.8,-74.2,-36.9
8.12,-18.8,-18.9,-72.9,-74.3,-37.1
8.13,-19.1,-19.2,-73.3,-74.4,-37.3
8.14,-19.8,-19.9,-73.8,-74.6,-37.5
8.15,-20.8,-20.9,-74.3,-74.6,-37.6
8.16,-21.9,-22.1,-74.6,-74.4,-38.1
8.17,-23.4,-23.7,-75.2,-74.6,-38.1
8.18,-24.8,-25.2,-75.3,-74.5,-38.0
8.19,-23.3,-23.7,-75.2,-74.5,-35.5
8.20,-20.8,-21.2,-73.9,-74.4,-33.0
8.21,-19.2,-19.6,-73.4,-74.3,-31.3
8.22,-18.0,-18.4,-72.5,-74.2,-30.3
8.23,-17.3,-17.6,-72.2,-74.1,-29.8
8.24,-17.3,-17.6,-72.3,-74.1,-30.1
8.25,-17.6,-17.8,-72.7,-74.4,-30.6
8.26,-17.9,-18.1,-72.9,-74.7,-31.3
8.27,-18.2,-18.5,-73.5,-74.9,-32.0
8.28,-18.6,-18.8,-73.5,-75.1,-32.6
8.29,-18.5,-18.7,-73.5,-75.0,-33.1
8.30,-18.7,-18.8,-73.6,-74.8,-33.7
8.31,-18.9,-19.0,-73.6,-74.5,-34.4
8.32,-18.8,-19.0,-73.5,-74.5,-35.0
8.33,-18.9,-19.0,-73.7,-74.5,-35.4
8.34,-19.1,-19.2,-74.0,-74.7,-35.6
8.35,-19.0,-19.1,-73.7,-74.7,-36.0
8.36,-19.0,-19.1,-73.6,-74.4,-36.5
8.37,-19.5,-19.6,-73.8,-74.3,-37.1
8.38,-20.5,-20.6,-74.0,-74.2,-37.7
8.39,-22.0,-22.1,-74.4,-74.2,-38.0
8.40,-24.7,-24.9,-75.3,-74.6,-38.2
8.41,-30.2,-31.2,-76.2,-75.0,-37.9
8.42,-34.4,-38.1,-76.5,-75.2,-37.7
8.43,-34.4,-38.3,-76.3,-75.1,-37.7
8.44,-34.7,-39.0,-76.3,-74.9,-37.9
8.45,-35.0,-39.5,-76.1,-74.8,-38.2
8.46,-35.4,-39.9,-76.1,-74.8,-38.6
8.47,-36.0,-40.0,-76.1,-74.9,-39.2
8.48,-35.1,-37.3,-76.1,-75.2,-40.0
8.49,-23.9,-24.1,-75.6,-75.1,-40.6
8.50,-20.9,-20.9,-74.5,-74.6,-41.1
8.51,-18.9,-18.9,-73.5,-74.1,-41.8
8.52,-17.7,-17.7,-73.1,-73.9,-42.1
8.53,-16.9,-16.9,-72.8,-74.1,-42.0
8.54,-17.0,-17.1,-73.0,-74.4,-41.9
8.55,-17.5,-17.5,-73.6,-75.0,-42.1
8.56,-18.0,-18.0,-73.7,-75.2,-42.2
8.57,-18.4,-18.4,-73.5,-74.8,-42.5
8.58,-18.8,-18.9,-73.5,-74.4,-42.8
8.59,-19.1,-19.1,-73.3,-74.2,-43.5
8.60,-19.2,-19.2,-73.5,-74.2,-43.7
8.61,-19.3,-19.4,-73.7,-74.3,-43.7
8.62,-19.5,-19.5,-73.9,-74.5,-43.2
8.63,-19.6,-19.6,-73.7,-74.4,-43.4
8.64,-19.6,-19.7,-73.5,-74.3,-42.9
8.65,-19.7,-19.7,-73.6,-74.2,-43.0
8.66,-20.0,-20.0,-73.7,-74.3,-43.3
8.67,-20.4,-20.4,-73.8,-74.4,-43.5
8.68,-20.4,-20.4,-74.2,-74.6,-43.3
8.69,-20.6,-20.6,-74.6,-74.7,-43.6
8.70,-21.5,-21.5,-74.5,-74.7,-43.5
8.71,-21.5,-21.5,-72.9,-74.6,-43.4
8.72,-22.1,-22.1,-72.8,-74.9,-43.4
8.73,-23.6,-23.7,-72.6,-75.4,-43.3
8.74,-23.7,-23.8,-72.1,-76.0,-43.3
8.75,-23.5,-23.6,-71.9,-76.5,-43.5
8.76,-23.8,-23.8,-71.9,-76.2,-43.9
8.77,-23.0,-23.1,-71.2,-75.9,-43.8
8.78,-22.5,-22.5,-70.6,-75.4,-44.1
8.79,-21.9,-22.0,-70.2,-75.0,-44.3
8.80,-22.2,-22.2,-70.4,-74.8,-44.4
8.81,-22.5,-22.6,-71.0,-74.6,-43.9
8.82,-21.7,-22.1,-71.1,-74.3,-36.6
8.83,-19.7,-20.2,-71.6,-74.3,-32.0
8.84,-17.9,-18.4,-72.1,-74.1,-30.1
8.85,-16.8,-17.3,-72.0,-73.9,-28.9
8.86,-16.2,-16.7,-72.0,-74.0,-28.2
8.87,-16.3,-16.7,-72.5,-74.1,-28.4
8.88,-16.7,-17.0,-72.5,-73.8,-28.8
8.89,-17.6,-18.0,-73.1,-73.8,-29.2
8.90,-18.4,-18.8,-73.3,-73.9,-29.6
8.91,-19.0,-19.5,-73.6,-74.1,-29.9
8.92,-19.9,-20.5,-74.1,-74.1,-30.1
8.93,-20.6,-21.3,-74.0,-74.3,-30.4
8.94,-21.0,-21.6,-73.9,-74.0,-30.6
8.95,-20.9,-21.5,-74.1,-73.9,-30.7
8.96,-20.4,-20.9,-74.2,-73.8,-31.0
8.97,-19.8,-20.1,-74.3,-73.9,-31.2
8.98,-19.4,-19.6,-74.4,-74.2,-31.6
8.99,-18.8,-19.1,-74.8,-74.6,-31.9
9.00,-18.6,-18.8,-75.0,-74.8,-32.2
9.01,-18.4,-18.5,-74.4,-74.5,-32.7
9.02,-18.1,-18.3,-74.2,-74.2,-33.1
9.03,-18.0,-18.2,-74.0,-74.0,-33.3
9.04,-17.9,-18.1,-74.0,-74.2,-33.9
9.05,-17.7,-17.8,-74.0,-74.3,-34.1
9.06,-17.7,-17.8,-74.4,-74.4,-34.5
9.07,-17.8,-17.9,-74.3,-74.3,-34.7
9.08,-18.0,-18.1,-74.1,-74.1,-35.0
9.09,-18.7,-18.9,-74.3,-73.7,-35.1
9.10,-19.9,-20.1,-74.6,-73.6,-35.2
9.11,-21.3,-21.5,-75.0,-73.9,-35.5
9.12,-21.9,-22.1,-75.2,-74.0,-36.0
9.13,-21.1,-21.2,-75.3,-74.3,-36.6
9.14,-19.9,-19.9,-75.1,-74.4,-37.0
9.15,-19.1,-19.2,-74.5,-74.4,-36.8
9.16,-18.5,-18.6,-73.6,-73.8,-36.5
9.17,-18.2,-18.3,-72.3,-73.7,-35.4
9.18,-18.5,-18.7,-71.8,-73.7,-34.5
9.19,-18.3,-18.5,-71.4,-73.5,-33.6
9.20,-18.2,-18.4,-71.1,-73.5,-33.0
9.21,-18.3,-18.5,-71.6,-73.7,-32.8
9.22,-18.5,-18.7,-72.5,-74.0,-32.6
9.23,-18.6,-18.8,-73.2,-74.2,-32.9
9.24,-18.8,-19.0,-73.9,-74.5,-33.0
9.25,-19.0,-19.2,-74.1,-74.5,-33.4
9.26,-19.2,-19.4,-74.1,-74.6,-33.4
9.27,-19.5,-19.6,-74.0,-74.3,-33.9
9.28,-19.5,-19.8,-73.9,-74.2,-34.1
9.29,-19.7,-19.9,-73.9,-74.2,-34.4
9.30,-19.8,-20.1,-73.9,-74.3,-34.3
9.31,-19.8,-20.0,-73.8,-74.3,-34.6
9.32,-19.8,-20.0,-73.9,-74.5,-34.5
9.33,-19.7,-19.9,-73.8,-74.5,-34.7
9.34,-19.6,-19.8,-73.9,-74.6,-34.7
9.35,-19.8,-19.9,-74.1,-74.4,-34.9
9.36,-20.2,-20.4,-74.4,-74.5,-35.1
9.37,-20.7,-20.9,-74.8,-74.6,-35.0
9.38,-21.5,-21.7,-75.1,-74.8,-35.3
9.39,-21.8,-22.0,-75.5,-74.7,-35.4
9.40,-21.9,-22.1,-75.6,-74.7,-35.8
9.41,-22.0,-22.2,-75.9,-74.6,-36.3
9.42,-22.3,-22.6,-75.8,-74.4,-37.0
9.43,-22.3,-22.5,-75.6,-74.2,-37.5
9.44,-21.0,-21.2,-75.3,-74.0,-38.2
9.45,-20.0,-20.2,-74.9,-73.9,-36.3
9.46,-18.9,-19.2,-74.4,-73.8,-32.7
9.47,-18.1,-18.5,-74.2,-74.0,-30.7
9.48,-18.0,-18.3,-74.3,-74.5,-29.6
9.49,-18.4,-18.8,-74.7,-74.7,-28.8
9.50,-18.6,-19.1,-74.9,-74.8,-29.0
9.51,-19.1,-19.6,-75.0,-74.7,-29.5
9.52,-19.3,-19.7,-75.2,-74.6,-30.2
9.53,-19.4,-19.8,-75.3,-74.6,-30.8
9.54,-19.8,-20.3,-75.3,-74.7,-31.1
9.55,-20.5,-20.9,-75.3,-74.9,-31.5
9.56,-21.1,-21.5,-75.2,-75.0,-31.9
9.57,-21.7,-22.3,-75.0,-74.8,-32.5
9.58,-22.0,-22.4,-75.1,-74.7,-33.2
9.59,-21.6,-21.9,-75.4,-74.8,-33.9
9.60,-20.4,-20.7,-75.5,-74.9,-34.5
9.61,-19.3,-19.5,-75.4,-75.0,-35.4
9.62,-18.5,-18.6,-75.0,-74.9,-35.9
9.63,-17.9,-18.0,-74.5,-74.7,-36.5
9.64,-17.6,-17.7,-74.0,-74.6,-37.1
9.65,-17.6,-17.7,-74.0,-74.4,-37.5
9.66,-17.8,-17.9,-74.0,-74.5,-37.8
9.67,-18.1,-18.2,-74.6,-74.8,-38.2
9.68,-18.3,-18.4,-74.8,-75.0,-38.5
9.69,-18.6,-18.7,-74.9,-75.0,-38.4
9.70,-19.0,-19.1,-74.8,-74.9,-38.7
9.71,-19.3,-19.3,-74.8,-74.7,-38.8
9.72,-20.2,-20.3,-74.7,-74.6,-39.1
9.73,-21.6,-21.6,-75.1,-74.8,-39.5
9.74,-22.7,-22.8,-75.7,-74.9,-39.7
9.75,-24.4,-24.5,-76.3,-75.2,-40.5
9.76,-23.4,-23.5,-75.9,-74.9,-40.6
9.77,-21.7,-21.8,-75.0,-74.5,-40.5
9.78,-20.2,-20.3,-74.0,-74.0,-41.2
9.79,-19.0,-19.1,-73.7,-73.8,-41.5
9.80,-18.4,-18.4,-73.4,-74.0,-41.9
9.81,-18.0,-18.0,-73.6,-74.3,-42.3
9.82,-17.6,-17.6,-73.8,-74.6,-42.5
9.83,-17.4,-17.4,-74.0,-74.7,-42.6
9.84,-17.3,-17.3,-73.9,-74.4,-42.7
9.85,-17.3,-17.3,-73.7,-74.2,-43.7
9.86,-17.3,-17.4,-73.7,-74.1,-43.7
9.87,-17.5,-17.5,-73.8,-74.2,-43.5
9.88,-17.7,-17.7,-74.2,-74.5,-43.1
9.89,-17.9,-18.0,-74.5,-74.7,-43.1
9.90,-18.1,-18.2,-75.0,-75.0,-43.1
9.91,-18.6,-18.6,-75.6,-75.2,-42.5
9.92,-19.2,-19.2,-75.1,-75.0,-42.5
9.93,-19.5,-19.5,-75.0,-74.9,-42.4
9.94,-19.9,-20.0,-75.2,-74.9,-41.7
9.95,-20.2,-20.2,-74.9,-74.8,-41.5
9.96,-20.4,-20.4,-74.9,-74.7,-41.2
9.97,-21.4,-21.4,-75.3,-74.7,-41.2
9.98,-23.1,-23.1,-75.6,-74.7,-41.7
9.99,-25.3,-25.4,-75.8,-74.7,-42.0
10.00,-29.8,-30.2,-76.4,-74.9,-42.4
10.01,-35.9,-37.4,-76.7,-74.9,-42.5
10.02,-36.2,-38.5,-76.8,-75.0,-42.2
10.03,-35.6,-38.4,-76.7,-75.0,-42.1
10.04,-36.3,-39.5,-76.5,-74.8,-41.9
10.05,-36.5,-39.4,-76.3,-74.6,-42.1
10.06,-30.0,-30.5,-75.6,-74.2,-42.9
10.07,-28.0,-28.3,-75.5,-74.2,-43.3
10.08,-20.7,-20.9,-74.6,-74.3,-42.4
10.09,-18.4,-18.6,-73.9,-74.5,-41.4
10.10,-17.4,-17.5,-73.3,-74.4,-39.8
10.11,-16.5,-16.6,-72.9,-74.5,-39.1
10.12,-16.2,-16.3,-72.5,-74.1,-38.7
10.13,-16.9,-17.0,-72.4,-73.8,-39.0
10.14,-17.2,-17.3,-72.4,-73.5,-39.5
10.15,-17.4,-17.5,-72.5,-73.6,-40.3
10.16,-17.8,-17.9,-72.7,-73.8,-40.3
10.17,-18.3,-18.3,-73.1,-74.2,-41.4
10.18,-19.1,-19.2,-73.6,-74.3,-41.6
10.19,-19.6,-19.7,-73.9,-74.4,-41.9
10.20,-20.0,-20.1,-73.9,-74.1,-42.5
10.21,-20.5,-20.5,-73.5,-73.8,-42.2
10.22,-20.7,-20.8,-73.4,-73.6,-41.3
10.23,-20.8,-20.9,-73.7,-73.7,-40.0
10.24,-20.9,-21.0,-74.1,-74.2,-38.4
10.25,-20.6,-20.7,-74.5,-74.5,-37.7
10.26,-19.9,-20.0,-74.9,-74.7,-37.6
10.27,-19.0,-19.1,-75.0,-74.5,-37.1
10.28,-18.3,-18.4,-74.2,-74.1,-37.6
10.29,-18.0,-18.1,-73.8,-74.0,-37.6
10.30,-17.9,-17.9,-73.7,-74.1,-37.5
10.31,-18.0,-18.1,-73.5,-74.3,-37.4
10.32,-18.5,-18.6,-73.8,-74.7,-37.8
10.33,-18.9,-19.0,-74.0,-74.7,-38.1
10.34,-19.2,-19.3,-74.0,-74.2,-38.9
10.35,-19.3,-19.4,-73.9,-74.0,-39.6
10.36,-19.3,-19.4,-73.7,-73.8,-40.1
10.37,-19.3,-19.4,-73.7,-73.8,-40.4
10.38,-19.1,-19.2,-74.1,-74.3,-39.9
10.39,-19.2,-19.2,-74.4,-74.6,-39.6
10.40,-19.2,-19.3,-74.5,-74.7,-38.1
10.41,-19.0,-19.2,-74.5,-74.7,-35.3
10.42,-19.0,-19.2,-74.4,-74.5,-34.2
10.43,-19.0,-19.2,-74.4,-74.4,-33.7
10.44,-18.8,-19.0,-74.2,-74.3,-33.4
10.45,-18.8,-19.0,-74.5,-74.5,-33.3
10.46,-18.9,-19.0,-74.2,-74.5,-34.1
10.47,-18.6,-18.8,-74.1,-74.3,-34.2
10.48,-18.5,-18.6,-73.9,-74.2,-34.1
10.49,-18.4,-18.5,-73.7,-73.9,-34.3
10.50,-18.1,-18.2,-73.8,-74.1,-34.4
10.51,-18.1,-18.2,-73.7,-74.2,-34.4
10.52,-18.2,-18.4,-73.8,-74.2,-34.8
10.53,-18.4,-18.5,-73.5,-73.8,-35.4
10.54,-18.5,-18.5,-73.1,-73.7,-35.9
10.55,-18.4,-18.5,-72.8,-73.6,-36.4
10.56,-18.2,-18.2,-72.9,-73.8,-36.9
10.57,-18.1,-18.2,-73.2,-74.2,-37.2
10.58,-18.1,-18.2,-73.6,-74.7,-37.5
10.59,-18.3,-18.4,-74.1,-74.8,-37.6
10.60,-18.9,-19.1,-74.6,-74.8,-37.8
10.61,-19.8,-19.9,-74.8,-74.6,-37.8
10.62,-21.0,-21.2,-74.8,-74.4,-37.9
10.63,-22.6,-22.9,-75.3,-74.5,-38.0
10.64,-24.9,-25.4,-75.9,-74.9,-38.0
10.65,-28.0,-28.7,-76.4,-75.2,-38.0
10.66,-33.0,-35.0,-76.5,-75.1,-37.9
10.67,-35.5,-40.1,-76.5,-75.1,-37.8
10.68,-35.6,-40.7,-76.3,-74.9,-37.7
10.69,-35.3,-39.7,-76.0,-74.4,-37.6
10.70,-34.1,-37.6,-75.9,-74.4,-37.6
10.71,-23.9,-24.3,-75.4,-74.5,-36.7
10.72,-20.3,-20.6,-74.6,-74.6,-33.5
10.73,-18.9,-19.1,-74.0,-74.7,-31.7
10.74,-17.8,-18.0,-73.6,-74.6,-30.6
10.75,-16.9,-17.2,-73.3,-74.1,-30.1
10.76,-17.1,-17.4,-73.3,-74.0,-30.2
10.77,-17.3,-17.5,-73.3,-73.7,-31.1
10.78,-17.3,-17.5,-73.1,-73.7,-32.0
10.79,-17.5,-17.7,-73.4,-73.8,-32.8
10.80,-17.8,-18.0,-73.7,-73.9,-33.4
10.81,-18.1,-18.4,-73.8,-74.0,-34.0
10.82,-18.5,-18.8,-74.0,-74.0,-34.4
10.83,-19.0,-19.2,-74.3,-74.1,-35.0
10.84,-19.2,-19.4,-74.1,-74.0,-35.5
10.85,-18.9,-19.1,-73.9,-73.9,-36.1
10.86,-18.6,-18.7,-74.0,-74.0,-36.7
10.87,-18.3,-18.4,-73.8,-74.1,-37.1
10.88,-18.0,-18.2,-73.8,-74.2,-37.5
10.89,-18.2,-18.3,-73.9,-74.2,-38.0
10.90,-18.6,-18.7,-74.3,-74.3,-38.6
10.91,-19.1,-19.1,-74.3,-74.2,-39.4
10.92,-19.4,-19.5,-74.3,-74.3,-40.7
10.93,-19.7,-19.7,-73.9,-74.4,-41.5
10.94,-20.1,-20.2,-73.9,-74.4,-42.1
10.95,-20.7,-20.8,-73.9,-74.3,-42.5
10.96,-21.9,-22.0,-74.2,-74.4,-42.6
10.97,-23.3,-23.4,-74.8,-74.4,-42.5
10.98,-26.0,-26.2,-75.6,-74.6,-42.7
10.99,-30.0,-30.5,-76.1,-74.8,-42.5
11.00,-36.2,-37.6,-76.5,-75.0,-42.5
11.01,-37.1,-39.4,-76.3,-74.9,-42.5
11.02,-35.8,-37.7,-76.2,-74.9,-41.8
11.03,-34.1,-36.1,-76.2,-74.9,-39.6
11.04,-32.3,-34.7,-76.3,-75.0,-37.1
11.05,-31.2,-34.0,-76.2,-75.1,-35.5
11.06,-30.7,-34.1,-76.0,-75.2,-34.3
11.07,-30.5,-34.3,-75.8,-74.9,-33.5
11.08,-30.8,-34.9,-75.6,-75.0,-33.4
11.09,-31.3,-36.2,-75.8,-74.9,-33.4
11.10,-31.9,-37.4,-76.0,-75.1,-33.5
11.11,-32.2,-38.6,-76.2,-75.2,-33.5
11.12,-32.6,-40.7,-76.3,-75.2,-33.5
11.13,-32.3,-38.5,-76.1,-75.1,-33.7
11.14,-28.7,-30.5,-75.2,-74.9,-33.9
11.15,-26.5,-27.4,-74.3,-74.8,-34.1
11.16,-23.5,-23.8,-72.5,-74.7,-34.6
11.17,-21.8,-22.0,-71.1,-74.7,-34.8
11.18,-20.0,-20.2,-67.1,-73.5,-35.1
11.19,-19.4,-19.5,-65.9,-72.7,-35.5
11.20,-19.5,-19.6,-66.0,-72.5,-35.6
11.21,-19.6,-19.7,-66.2,-72.5,-36.0
11.22,-19.5,-19.7,-68.7,-73.0,-36.4
11.23,-18.9,-19.0,-71.9,-74.1,-36.8
11.24,-17.7,-17.8,-75.2,-74.7,-37.3
11.25,-16.8,-16.9,-75.4,-74.5,-37.7
11.26,-15.4,-15.5,-74.7,-74.0,-38.3
11.27,-14.6,-14.7,-74.7,-73.6,-38.9
11.28,-14.1,-14.2,-74.9,-73.6,-39.5
11.29,-13.8,-13.8,-75.0,-73.5,-40.1
11.30,-13.6,-13.6,-75.5,-73.7,-40.6
11.31,-13.8,-13.8,-75.4,-73.6,-41.1
11.32,-13.9,-14.0,-74.8,-73.3,-41.9
11.33,-14.1,-14.1,-73.8,-72.8,-42.6
11.34,-14.1,-14.2,-72.9,-72.4,-43.5
11.35,-14.5,-14.5,-72.5,-72.3,-43.9
11.36,-15.1,-15.1,-72.5,-72.6,-43.3
11.37,-15.9,-16.0,-72.7,-73.2,-39.6
11.38,-16.4,-16.4,-72.6,-73.1,-37.9
11.39,-17.6,-17.7,-73.0,-73.3,-36.6
11.40,-17.9,-18.0,-73.1,-73.3,-36.0
11.41,-18.1,-18.2,-73.2,-73.3,-35.5
11.42,-18.5,-18.6,-73.6,-73.6,-35.9
11.43,-18.6,-18.7,-74.2,-74.0,-36.1
11.44,-18.7,-18.8,-74.4,-74.2,-36.4
11.45,-18.4,-18.6,-74.5,-74.2,-36.5
11.46,-18.3,-18.4,-74.3,-74.2,-36.5
11.47,-18.2,-18.3,-74.0,-73.8,-37.3
11.48,-18.3,-18.4,-73.7,-73.7,-37.0
11.49,-18.7,-18.8,-74.0,-73.9,-36.9
11.50,-19.0,-19.2,-74.0,-74.1,-36.4
11.51,-19.4,-19.5,-74.2,-74.4,-36.3
11.52,-19.8,-19.9,-74.0,-74.4,-35.9
11.53,-19.9,-20.0,-73.9,-74.4,-36.0
11.54,-19.8,-20.0,-74.0,-74.3,-36.3
11.55,-19.9,-20.0,-73.8,-74.2,-36.3
11.56,-19.9,-20.0,-74.0,-74.2,-36.6
11.57,-19.8,-20.0,-74.3,-74.4,-36.3
11.58,-19.8,-19.9,-74.0,-74.4,-35.8
11.59,-19.6,-19.9,-74.0,-74.4,-36.0
11.60,-19.6,-19.8,-74.2,-74.4,-36.1
11.61,-19.5,-19.7,-74.0,-74.1,-36.1
11.62,-19.7,-19.9,-74.1,-74.1,-36.6
11.63,-19.9,-20.1,-74.5,-74.1,-37.3
11.64,-19.9,-20.1,-74.7,-74.1,-37.3
11.65,-19.6,-19.7,-74.8,-74.3,-37.3
11.66,-19.2,-19.4,-75.1,-74.4,-36.4
11.67,-18.8,-19.0,-75.4,-74.5,-35.0
11.68,-18.5,-18.6,-75.3,-74.5,-34.3
11.69,-18.3,-18.4,-74.8,-74.4,-33.8
11.70,-18.1,-18.3,-74.7,-74.3,-33.6
11.71,-18.0,-18.2,-74.7,-74.4,-34.1
11.72,-18.1,-18.3,-74.5,-74.3,-34.6
11.73,-18.2,-18.3,-74.6,-74.4,-34.7
11.74,-18.3,-18.4,-74.7,-74.6,-34.5
11.75,-18.4,-18.6,-75.0,-75.0,-34.5
11.76,-18.4,-18.6,-74.9,-75.0,-34.8
11.77,-18.4,-18.6,-74.9,-75.0,-35.0
11.78,-18.5,-18.6,-74.9,-74.7,-35.5
11.79,-18.5,-18.6,-74.8,-74.5,-36.2
11.80,-18.6,-18.7,-75.2,-74.3,-36.8
11.81,-18.5,-18.6,-74.4,-74.0,-37.2
11.82,-18.6,-18.7,-74.0,-73.9,-37.6
11.83,-18.8,-18.9,-73.7,-73.9,-38.2
11.84,-18.9,-19.0,-72.7,-73.9,-38.6
11.85,-19.1,-19.2,-72.1,-74.1,-38.8
11.86,-19.1,-19.1,-72.2,-74.1,-39.2
11.87,-18.8,-18.9,-72.0,-73.9,-39.8
11.88,-18.4,-18.5,-71.7,-73.8,-39.8
11.89,-17.7,-17.7,-73.0,-73.6,-40.7
11.90,-16.5,-16.6,-73.1,-73.8,-41.4
11.91,-15.8,-15.9,-73.5,-74.3,-41.8
11.92,-15.6,-15.6,-74.4,-74.8,-43.2
11.93,-16.2,-16.2,-74.8,-74.4,-43.8
11.94,-17.3,-17.4,-74.5,-73.7,-45.1
11.95,-19.2,-19.3,-74.2,-73.3,-44.5
11.96,-19.8,-19.9,-73.8,-73.1,-44.6
11.97,-19.0,-19.1,-74.3,-73.5,-42.6
11.98,-17.9,-18.0,-74.6,-73.8,-37.3
11.99,-17.1,-17.2,-74.8,-74.2,-34.1
12.00,-16.6,-16.8,-74.0,-73.5,-31.9
12.01,-17.3,-17.6,-73.9,-72.8,-30.8
12.02,-17.9,-18.1,-73.7,-72.5,-30.1
12.03,-18.2,-18.6,-73.8,-72.6,-30.2
12.04,-19.1,-19.3,-74.4,-72.9,-30.8
12.05,-19.3,-19.6,-74.9,-73.5,-31.6
12.06,-19.4,-19.6,-74.9,-73.7,-32.1
12.07,-19.1,-19.4,-74.1,-73.3,-32.5
12.08,-18.9,-19.1,-73.7,-72.9,-32.9
12.09,-18.7,-18.8,-73.9,-72.7,-33.2
12.10,-18.4,-18.6,-74.5,-73.0,-33.0
12.11,-18.2,-18.5,-74.4,-73.0,-33.0
12.12,-18.2,-18.4,-75.3,-73.3,-33.1
12.13,-18.1,-18.3,-75.4,-73.5,-33.2
12.14,-18.0,-18.2,-74.9,-73.3,-33.3
12.15,-17.9,-18.1,-75.2,-73.4,-33.8
12.16,-18.0,-18.2,-75.8,-73.5,-34.2
12.17,-18.8,-19.0,-75.5,-73.3,-34.6
12.18,-19.5,-19.7,-75.0,-73.2,-34.7
12.19,-20.6,-20.8,-74.9,-73.2,-35.5
12.20,-22.5,-22.7,-74.9,-73.4,-35.9
12.21,-24.1,-24.4,-74.7,-73.6,-36.4
12.22,-24.7,-25.0,-74.6,-73.6,-37.1
12.23,-25.9,-26.2,-74.7,-73.7,-37.9
12.24,-25.6,-25.9,-74.4,-73.3,-37.9
12.25,-25.3,-25.6,-74.4,-73.3,-37.7
12.26,-24.7,-25.0,-74.5,-73.4,-37.7
12.27,-23.4,-23.6,-74.8,-73.4,-37.5
12.28,-23.5,-23.7,-75.3,-73.5,-37.8
12.29,-23.2,-23.4,-75.6,-73.5,-36.6
12.30,-20.9,-21.2,-75.7,-73.4,-33.6
12.31,-19.4,-19.7,-74.9,-72.8,-32.0
12.32,-18.5,-18.9,-74.6,-72.6,-30.2
12.33,-17.8,-18.1,-74.6,-72.5,-29.5
12.34,-17.4,-17.7,-74.7,-72.8,-29.0
12.35,-17.8,-18.1,-74.3,-72.7,-29.3
12.36,-18.0,-18.3,-74.2,-72.8,-29.9
12.37,-18.1,-18.4,-73.8,-72.6,-30.4
12.38,-18.3,-18.6,-73.3,-72.4,-30.5
12.39,-18.4,-18.7,-72.8,-72.2,-30.9
12.40,-18.6,-18.9,-73.1,-72.3,-30.7
12.41,-18.7,-19.0,-73.5,-72.5,-30.5
12.42,-18.7,-19.0,-73.2,-72.4,-30.7
12.43,-18.7,-19.0,-72.3,-72.2,-30.3
12.44,-18.6,-18.9,-72.2,-72.3,-30.8
12.45,-18.7,-19.0,-72.0,-72.3,-30.4
12.46,-18.8,-19.1,-72.2,-72.3,-30.3
12.47,-18.9,-19.2,-72.4,-72.4,-30.4
12.48,-19.1,-19.5,-72.7,-72.4,-30.0
12.49,-20.2,-20.7,-72.9,-72.2,-30.2
12.50,-21.4,-22.0,-73.0,-72.0,-30.3
12.51,-23.0,-24.0,-73.0,-71.5,-30.6
12.52,-25.7,-28.0,-73.3,-71.5,-30.7
12.53,-29.9,-38.0,-73.4,-71.6,-30.9
12.54,-30.7,-40.4,-73.8,-71.6,-31.2
12.55,-30.8,-40.9,-74.0,-72.1,-31.4
12.56,-30.6,-41.6,-73.5,-72.1,-31.2
12.57,-31.0,-41.8,-73.1,-72.0,-31.6
12.58,-30.9,-42.1,-72.4,-71.9,-31.5
12.59,-29.2,-41.9,-72.0,-71.6,-29.6
12.60,-26.9,-37.5,-71.8,-71.6,-27.8
12.61,-22.9,-25.5,-72.3,-71.9,-27.0
12.62,-20.5,-21.9,-73.5,-72.2,-26.6
12.63,-19.1,-20.1,-73.8,-72.5,-26.3
12.64,-17.8,-18.8,-73.4,-72.0,-25.4
12.65,-16.9,-17.9,-73.0,-71.7,-25.3
12.66,-16.8,-17.7,-72.5,-71.5,-25.1
12.67,-16.8,-17.8,-72.8,-71.9,-25.0
12.68,-16.9,-17.9,-73.4,-72.0,-25.2
12.69,-17.2,-18.0,-72.2,-71.9,-26.0
12.70,-17.3,-18.1,-72.6,-71.6,-26.2
12.71,-17.8,-18.6,-72.9,-71.8,-26.3
12.72,-18.2,-19.0,-72.6,-71.5,-26.6
12.73,-18.4,-19.2,-72.6,-71.6,-26.7
12.74,-18.7,-19.5,-73.5,-71.7,-26.9
12.75,-18.9,-19.7,-72.6,-71.5,-27.2
12.76,-18.9,-19.6,-72.4,-71.4,-27.5
12.77,-18.6,-19.3,-72.2,-71.4,-27.4
12.78,-18.3,-19.0,-72.1,-71.1,-27.7
12.79,-18.1,-18.7,-72.8,-71.2,-27.8
12.80,-17.9,-18.5,-73.2,-71.1,-27.9
12.81,-17.6,-18.2,-72.8,-71.0,-27.8
12.82,-17.4,-17.9,-73.3,-71.1,-27.7
12.83,-17.4,-17.9,-73.6,-71.5,-27.8
12.84,-17.4,-17.9,-73.9,-71.9,-28.1
12.85,-17.6,-18.1,-72.9,-71.8,-28.1
12.86,-17.9,-18.3,-72.8,-71.6,-28.3
12.87,-18.2,-18.6,-72.7,-71.4,-28.5
12.88,-18.4,-18.7,-72.7,-71.1,-29.0
12.89,-18.3,-18.7,-73.1,-71.3,-29.3
12.90,-18.2,-18.5,-74.1,-71.5,-29.5
12.91,-17.9,-18.2,-73.7,-71.7,-29.7
12.92,-17.9,-18.2,-73.6,-71.7,-29.9
12.93,-18.0,-18.3,-73.5,-71.6,-30.2
12.94,-18.0,-18.3,-73.0,-71.6,-30.4
12.95,-18.8,-19.2,-72.6,-71.1,-30.4
12.96,-20.1,-20.5,-73.8,-71.4,-30.6
12.97,-21.5,-22.1,-73.8,-71.1,-30.8
12.98,-23.7,-25.0,-73.8,-71.1,-30.6
12.99,-28.5,-33.2,-74.1,-71.1,-30.6
13.00,-29.6,-37.6,-74.9,-71.3,-30.6
13.01,-30.0,-41.8,-74.9,-71.3,-30.6
13.02,-30.4,-43.2,-75.0,-71.6,-30.8
13.03,-30.5,-43.3,-74.2,-71.2,-30.9
13.04,-30.8,-43.7,-74.4,-71.3,-31.2
13.05,-31.2,-43.7,-74.2,-71.1,-31.6
13.06,-31.6,-43.9,-73.7,-70.9,-32.0
13.07,-31.8,-43.4,-73.6,-71.0,-32.4
13.08,-29.2,-33.4,-74.3,-71.2,-32.2
13.09,-21.3,-22.0,-72.6,-71.0,-32.4
13.10,-18.3,-18.7,-72.4,-70.8,-32.8
13.11,-17.0,-17.2,-72.3,-71.0,-33.1
13.12,-16.1,-16.3,-72.2,-70.7,-33.5
13.13,-15.7,-15.9,-73.1,-71.0,-33.8
13.14,-16.3,-16.5,-74.1,-71.1,-34.4
13.15,-17.2,-17.4,-74.2,-70.9,-34.2
13.16,-18.0,-18.1,-74.0,-71.0,-34.4
13.17,-18.7,-18.8,-73.4,-70.7,-34.4
13.18,-19.4,-19.5,-73.4,-70.6,-34.7
13.19,-19.9,-20.0,-73.4,-70.6,-35.0
13.20,-20.2,-20.3,-73.6,-70.8,-35.2
13.21,-20.5,-20.7,-74.4,-71.1,-35.1
13.22,-20.9,-21.1,-74.8,-71.4,-35.3
13.23,-21.4,-21.5,-73.1,-70.8,-35.1
13.24,-21.6,-21.9,-71.3,-70.4,-35.0
13.25,-21.3,-21.5,-70.9,-70.1,-35.4
13.26,-21.0,-21.2,-70.7,-70.3,-35.4
13.27,-20.5,-20.6,-70.8,-70.6,-35.9
13.28,-19.8,-19.9,-71.5,-71.0,-36.1
13.29,-19.4,-19.4,-71.6,-70.9,-36.7
13.30,-19.1,-19.1,-70.6,-70.5,-37.5
13.31,-19.0,-19.1,-70.6,-69.8,-37.4
13.32,-18.8,-18.9,-70.7,-69.7,-37.2
13.33,-18.7,-18.8,-71.2,-69.9,-37.5
13.34,-18.8,-18.9,-73.2,-70.6,-37.3
13.35,-18.8,-18.9,-74.2,-70.9,-38.0
13.36,-18.7,-18.7,-73.7,-70.9,-38.0
13.37,-18.7,-18.8,-72.9,-70.5,-38.2
13.38,-18.9,-18.9,-72.5,-70.3,-38.7
13.39,-18.9,-18.9,-72.1,-70.0,-38.7
13.40,-18.8,-18.9,-72.8,-70.2,-38.5
13.41,-18.8,-18.8,-73.0,-70.3,-38.5
13.42,-18.6,-18.7,-73.0,-70.3,-39.0
13.43,-18.5,-18.5,-72.8,-70.2,-39.1
13.44,-18.3,-18.4,-72.7,-70.3,-38.5
13.45,-18.2,-18.3,-72.8,-70.1,-38.2
13.46,-18.1,-18.2,-73.2,-70.2,-38.4
13.47,-18.3,-18.3,-73.5,-70.3,-38.2
13.48,-18.4,-18.5,-73.8,-70.5,-38.3
13.49,-18.5,-18.5,-73.0,-69.9,-38.2
13.50,-18.5,-18.6,-72.6,-69.9,-37.9
13.51,-18.5,-18.5,-72.6,-69.8,-38.0
13.52,-18.5,-18.5,-72.5,-69.9,-37.9
13.53,-18.3,-18.3,-72.2,-69.8,-37.9
13.54,-18.2,-18.3,-73.4,-70.3,-38.4
13.55,-18.2,-18.2,-73.4,-70.1,-38.1
13.56,-18.1,-18.1,-72.8,-70.1,-38.1
13.57,-18.1,-18.2,-73.1,-70.0,-37.2
13.58,-18.0,-18.1,-73.0,-70.0,-37.2
13.59,-18.1,-18.2,-72.6,-69.7,-37.5
13.60,-18.2,-18.3,-73.3,-70.1,-37.0
13.61,-18.5,-18.6,-73.7,-70.3,-37.2
13.62,-18.7,-18.8,-71.4,-70.0,-36.9
13.63,-19.0,-19.0,-70.4,-69.7,-36.6
13.64,-19.1,-19.1,-70.3,-69.7,-36.5
13.65,-19.0,-19.1,-70.3,-69.7,-36.4
13.66,-19.0,-19.1,-70.8,-69.9,-36.4
13.67,-18.9,-19.0,-73.3,-70.3,-36.6
13.68,-18.9,-19.0,-74.6,-70.5,-36.3
13.69,-18.7,-18.8,-72.9,-70.2,-36.3
13.70,-18.7,-18.8,-71.1,-69.9,-36.1
13.71,-18.6,-18.8,-71.1,-69.8,-36.3
13.72,-18.7,-18.9,-71.3,-70.0,-36.2
13.73,-18.9,-19.0,-71.8,-70.2,-36.0
13.74,-19.2,-19.2,-72.9,-70.4,-36.2
13.75,-19.2,-19.3,-73.9,-70.2,-36.2
13.76,-19.2,-19.3,-72.3,-70.0,-36.5
13.77,-19.2,-19.4,-71.6,-69.8,-36.4
13.78,-19.2,-19.3,-72.0,-70.1,-36.7
13.79,-19.3,-19.4,-72.3,-70.3,-36.7
13.80,-19.4,-19.5,-72.8,-70.5,-37.0
13.81,-19.5,-19.6,-73.4,-70.5,-36.6
13.82,-19.6,-19.7,-71.8,-70.1,-36.6
13.83,-19.7,-19.8,-71.1,-69.6,-36.6
13.84,-19.6,-19.6,-70.7,-69.5,-36.8
13.85,-19.4,-19.5,-71.0,-69.7,-37.0
13.86,-19.0,-19.2,-72.0,-70.3,-36.5
13.87,-18.9,-19.0,-71.9,-70.6,-36.6
13.88,-19.0,-19.1,-70.0,-70.0,-36.4
13.89,-18.9,-19.0,-69.1,-69.6,-36.2
13.90,-19.1,-19.2,-68.4,-69.2,-36.1
13.91,-19.2,-19.2,-68.1,-69.1,-36.7
13.92,-19.1,-19.2,-68.8,-69.5,-37.0
13.93,-18.8,-18.9,-70.0,-70.1,-37.6
13.94,-18.7,-18.8,-70.7,-70.5,-37.6
13.95,-18.6,-18.7,-70.2,-70.5,-38.0
13.96,-18.5,-18.5,-69.2,-69.8,-37.6
13.97,-18.4,-18.5,-68.8,-69.6,-37.8
13.98,-18.5,-18.6,-68.5,-69.5,-38.1
13.99,-18.6,-18.7,-68.7,-69.6,-37.7
14.00,-18.6,-18.7,-69.5,-70.0,-37.7
14.01,-18.7,-18.8,-70.2,-70.1,-38.2
14.02,-18.8,-18.9,-70.5,-69.9,-38.0
14.03,-18.7,-18.9,-70.7,-70.0,-37.9
14.04,-18.8,-19.0,-71.3,-70.0,-38.4
14.05,-19.0,-19.1,-71.4,-70.0,-37.8
14.06,-19.0,-19.1,-71.4,-69.9,-37.6
14.07,-19.0,-19.2,-71.8,-70.1,-37.2
14.08,-19.1,-19.2,-71.5,-69.8,-36.8
14.09,-19.1,-19.2,-71.6,-69.9,-36.2
14.10,-19.0,-19.2,-71.7,-69.9,-35.6
14.11,-19.0,-19.1,-71.7,-69.8,-35.1
14.12,-18.8,-19.1,-71.6,-69.5,-34.9
14.13,-18.8,-19.0,-71.7,-69.7,-35.1
14.14,-18.9,-19.1,-71.5,-69.5,-35.4
14.15,-18.9,-19.1,-71.5,-69.6,-35.9
14.16,-18.8,-19.0,-71.2,-69.6,-36.2
14.17,-18.8,-19.0,-70.8,-69.8,-36.0
14.18,-18.9,-19.1,-70.6,-69.7,-36.1
14.19,-18.9,-19.1,-70.1,-69.5,-36.0
14.20,-18.9,-19.1,-70.0,-69.3,-35.4
14.21,-19.0,-19.2,-70.4,-69.6,-35.2
14.22,-19.1,-19.3,-70.2,-69.6,-34.7
14.23,-19.0,-19.3,-70.1,-69.5,-34.8
14.24,-19.0,-19.3,-70.1,-69.6,-34.6
14.25,-19.3,-19.6,-69.8,-69.6,-34.6
14.26,-19.5,-19.7,-69.7,-69.4,-35.9
14.27,-19.6,-19.8,-69.6,-69.5,-35.6
14.28,-19.7,-19.9,-69.4,-69.6,-35.5
14.29,-19.7,-20.0,-69.2,-69.7,-35.4
14.30,-19.6,-19.9,-69.1,-69.5,-34.7
14.31,-19.5,-19.8,-68.9,-69.4,-33.7
14.32,-19.5,-19.9,-68.6,-69.2,-33.2
14.33,-19.4,-19.9,-68.5,-69.2,-32.5
14.34,-19.5,-19.9,-68.3,-69.2,-32.6
14.35,-19.5,-19.9,-68.2,-69.5,-32.8
14.36,-19.5,-19.8,-67.2,-69.6,-32.7
14.37,-19.3,-19.7,-66.9,-69.6,-32.8
14.38,-19.2,-19.6,-66.5,-69.7,-33.2
14.39,-19.1,-19.6,-64.7,-69.6,-32.9
14.40,-18.9,-19.4,-63.8,-69.3,-32.8
14.41,-18.9,-19.3,-63.4,-69.1,-32.7
14.42,-19.0,-19.5,-62.1,-69.1,-32.5
14.43,-19.1,-19.5,-61.7,-68.8,-32.6
14.44,-19.2,-19.6,-62.0,-68.9,-32.7
14.45,-19.5,-19.9,-62.3,-69.2,-32.4
14.46,-19.5,-20.0,-61.9,-69.1,-32.4
14.47,-19.3,-19.9,-62.3,-69.1,-32.0
14.48,-19.3,-19.9,-62.3,-69.1,-31.7
14.49,-19.4,-20.0,-61.4,-68.8,-31.5
14.50,-19.4,-19.9,-61.0,-68.7,-31.7
14.51,-19.3,-19.9,-60.8,-68.9,-31.8
14.52,-19.3,-19.9,-61.1,-69.3,-31.9
14.53,-19.2,-19.9,-61.5,-69.6,-31.7
14.54,-19.1,-19.8,-62.1,-69.5,-31.6
14.55,-19.4,-19.9,-63.9,-69.5,-32.0
14.56,-19.4,-20.2,-64.6,-69.3,-31.3
14.57,-19.5,-20.3,-65.5,-69.2,-30.9
14.58,-19.4,-20.3,-65.3,-69.3,-29.8
14.59,-19.2,-20.2,-65.1,-69.6,-29.1
14.60,-19.0,-20.0,-65.3,-69.6,-28.9
14.61,-18.7,-19.8,-64.8,-69.2,-28.9
14.62,-18.7,-19.9,-64.8,-69.1,-28.8
14.63,-18.7,-19.8,-65.3,-69.0,-28.6
14.64,-18.9,-19.8,-66.0,-69.1,-28.8
14.65,-19.0,-19.9,-66.7,-69.4,-28.8
14.66,-19.1,-20.1,-68.4,-69.9,-29.2
14.67,-19.3,-20.1,-69.0,-70.0,-29.9
14.68,-19.6,-20.1,-69.1,-69.7,-31.2
14.69,-19.8,-20.3,-68.6,-69.6,-32.0
14.70,-19.6,-20.2,-68.5,-69.3,-31.0
14.71,-19.4,-20.1,-67.7,-68.9,-30.4
14.72,-19.0,-19.8,-67.5,-68.9,-29.9
14.73,-18.4,-19.5,-67.3,-69.0,-28.4
14.74,-18.7,-19.9,-67.2,-69.0,-28.0
14.75,-19.3,-20.8,-67.3,-69.2,-27.9
14.76,-20.0,-22.0,-66.7,-69.1,-26.4
14.77,-20.9,-24.1,-63.4,-69.0,-25.3
14.78,-22.4,-28.1,-56.7,-68.7,-24.7
14.79,-22.4,-29.6,-47.6,-67.9,-24.1
14.80,-20.7,-29.1,-30.1,-65.7,-23.3
14.81,-12.6,-29.4,-13.2,-64.5,-24.0
14.82,-8.9,-28.6,-9.2,-63.9,-24.7
14.83,-7.5,-27.7,-7.7,-63.6,-24.7
14.84,-7.4,-26.9,-7.6,-63.9,-25.0
14.85,-7.7,-27.0,-7.9,-65.3,-24.2
14.86,-9.4,-27.4,-9.8,-66.5,-23.3
14.87,-10.2,-28.8,-10.5,-67.4,-22.9
14.88,-10.8,-30.6,-11.2,-67.4,-22.7
14.89,-10.4,-33.9,-10.8,-67.6,-22.9
14.90,-10.6,-37.2,-10.9,-68.1,-23.3
14.91,-11.5,-40.2,-11.9,-69.0,-23.3
14.92,-12.0,-42.8,-12.4,-68.5,-23.0
14.93,-11.0,-44.8,-11.4,-67.9,-22.6
14.94,-10.7,-45.4,-11.0,-67.9,-22.3
14.95,-10.4,-45.0,-10.7,-68.1,-22.1
14.96,-10.8,-43.8,-11.2,-68.0,-22.1
14.97,-12.1,-43.7,-12.6,-69.0,-22.6
14.98,-11.8,-44.0,-12.2,-69.7,-23.1
14.99,-12.2,-43.3,-12.6,-68.7,-23.6
15.00,-10.8,-42.2,-11.1,-68.4,-24.1
15.01,-10.7,-41.1,-10.9,-68.8,-24.7
15.02,-12.0,-40.3,-12.3,-68.9,-24.8
15.03,-12.9,-40.1,-13.2,-67.9,-24.7
15.04,-14.5,-40.5,-15.0,-68.7,-24.7
15.05,-15.0,-41.8,-15.6,-68.6,-24.7
15.06,-14.1,-43.3,-14.6,-67.9,-24.6
15.07,-12.7,-44.2,-13.1,-68.0,-24.5
15.08,-11.8,-44.5,-12.1,-68.4,-24.5
15.09,-12.2,-44.0,-12.5,-68.1,-24.3
15.10,-13.0,-43.3,-13.5,-67.6,-23.9
15.11,-14.1,-42.2,-14.9,-67.9,-23.5
15.12,-16.4,-41.6,-18.2,-66.9,-22.4
15.13,-14.3,-41.5,-16.4,-64.7,-20.9
15.14,-10.5,-42.3,-11.9,-63.4,-19.2
15.15,-9.4,-43.7,-10.8,-58.3,-18.0
15.16,-9.2,-46.2,-10.7,-32.7,-17.3
15.17,-8.5,-52.2,-10.5,-27.3,-16.6
15.18,-9.1,-52.2,-11.6,-25.7,-16.4
15.19,-10.2,-51.0,-14.3,-23.1,-16.7
15.20,-9.8,-50.6,-14.7,-20.3,-16.9
15.21,-10.1,-50.7,-14.7,-19.6,-17.3
15.22,-11.0,-51.4,-14.7,-18.6,-17.7
15.23,-12.5,-51.5,-15.9,-17.7,-17.6
15.24,-13.0,-51.1,-15.0,-18.6,-17.4
15.25,-11.8,-48.5,-14.6,-17.9,-17.0
15.26,-11.1,-47.2,-14.5,-17.9,-17.0
15.27,-10.4,-47.2,-14.8,-18.5,-17.2
15.28,-10.7,-46.8,-14.8,-17.9,-17.5
15.29,-11.2,-46.7,-15.1,-18.1,-17.6
15.30,-11.4,-47.4,-15.8,-18.0,-17.7
15.31,-11.6,-47.6,-16.6,-17.7,-17.4
15.32,-12.3,-47.7,-18.4,-18.4,-17.7
15.33,-10.3,-48.9,-16.7,-18.4,-17.7
15.34,-10.3,-50.7,-15.9,-18.2,-17.9
15.35,-10.7,-53.5,-15.8,-18.7,-17.8
15.36,-10.6,-55.5,-15.3,-18.3,-18.0
15.37,-11.1,-56.5,-15.0,-18.7,-17.9
15.38,-11.7,-57.5,-16.1,-18.8,-17.4
15.39,-11.2,-59.2,-17.0,-18.2,-17.1
15.40,-11.6,-58.2,-17.3,-18.9,-17.0
15.41,-10.3,-57.7,-17.2,-18.0,-16.8
15.42,-10.0,-57.5,-17.8,-18.1,-16.7
15.43,-10.7,-56.9,-18.3,-18.2,-16.6
15.44,-10.4,-55.3,-17.5,-18.0,-17.0
15.45,-9.4,-53.7,-13.6,-18.2,-17.6
15.46,-9.3,-52.2,-12.4,-18.2,-18.0
15.47,-9.3,-51.0,-12.2,-18.5,-18.3
15.48,-9.3,-50.4,-12.3,-18.5,-18.4
15.49,-10.7,-48.8,-14.2,-19.2,-18.3
15.50,-10.9,-46.2,-15.3,-19.6,-18.2
15.51,-11.6,-42.1,-17.5,-20.4,-18.4
15.52,-11.8,-39.0,-17.6,-21.5,-18.5
15.53,-10.7,-36.9,-16.7,-21.3,-18.4
15.54,-10.0,-35.8,-16.0,-20.4,-18.4
15.55,-10.6,-35.2,-16.7,-21.3,-17.9
15.56,-10.4,-35.4,-17.0,-19.9,-17.7
15.57,-10.3,-36.2,-16.7,-19.2,-17.6
15.58,-11.3,-37.6,-17.0,-19.8,-17.8
15.59,-11.7,-38.8,-17.7,-19.4,-17.8
15.60,-11.6,-39.9,-17.8,-19.0,-18.0
15.61,-12.7,-41.1,-18.5,-20.1,-18.4
15.62,-13.4,-41.7,-19.7,-19.2,-18.1
15.63,-13.4,-42.6,-20.4,-19.1,-17.8
15.64,-13.9,-43.6,-20.7,-19.6,-17.4
15.65,-13.9,-45.1,-20.9,-18.8,-17.8
15.66,-13.6,-45.6,-21.0,-19.5,-17.6
15.67,-14.2,-46.0,-21.4,-19.1,-18.2
15.68,-14.2,-46.3,-21.2,-18.5,-18.9
15.69,-13.6,-47.2,-20.5,-18.8,-19.0
15.70,-13.6,-48.5,-19.6,-18.2,-19.2
15.71,-13.6,-50.7,-18.8,-18.7,-18.9
15.72,-13.2,-52.7,-17.8,-18.8,-18.2
15.73,-11.7,-53.8,-17.0,-18.4,-17.6
15.74,-11.1,-53.3,-16.8,-18.8,-17.1
15.75,-10.8,-53.0,-17.2,-18.5,-16.7
15.76,-10.2,-53.7,-16.6,-18.5,-16.7
15.77,-9.0,-54.3,-12.2,-19.4,-17.2
15.78,-9.0,-55.4,-11.5,-18.9,-17.4
15.79,-9.3,-56.1,-11.4,-19.1,-17.8
15.80,-9.6,-57.1,-11.5,-19.7,-17.9
15.81,-11.0,-57.3,-13.3,-18.6,-18.1
15.82,-12.3,-57.2,-16.3,-18.6,-18.4
15.83,-13.5,-56.7,-18.1,-18.5,-18.6
15.84,-13.5,-56.5,-19.4,-18.3,-18.1
15.85,-13.6,-56.6,-19.4,-18.3,-18.3
15.86,-13.9,-57.3,-20.7,-18.3,-17.6
15.87,-13.7,-58.9,-21.6,-18.4,-17.8
15.88,-12.6,-60.8,-21.4,-18.2,-17.8
15.89,-12.2,-62.5,-20.0,-17.9,-17.7
15.90,-12.5,-64.7,-19.8,-18.5,-17.9
15.91,-12.3,-66.0,-19.9,-18.1,-18.1
15.92,-12.0,-66.6,-20.0,-18.0,-17.7
15.93,-11.9,-66.8,-20.2,-18.3,-17.1
15.94,-11.7,-66.7,-20.8,-17.9,-16.9
15.95,-11.7,-66.9,-20.8,-18.6,-16.6
15.96,-11.0,-67.3,-20.1,-18.1,-16.6
15.97,-11.7,-68.2,-20.0,-17.7,-16.7
15.98,-12.6,-68.1,-20.5,-18.0,-16.9
15.99,-12.5,-68.6,-20.6,-17.6,-16.6
16.00,-12.3,-69.1,-19.3,-18.3,-16.9
16.01,-11.0,-69.2,-18.2,-17.9,-16.9
16.02,-10.8,-69.2,-18.2,-17.7,-16.9
16.03,-10.7,-69.3,-18.1,-18.3,-17.1
16.04,-11.2,-69.3,-18.5,-18.0,-17.3
16.05,-12.4,-68.9,-19.5,-18.3,-17.4
16.06,-12.0,-68.3,-20.1,-18.2,-17.3
16.07,-12.0,-67.8,-20.6,-17.8,-17.1
16.08,-9.7,-65.2,-12.9,-18.4,-17.5
16.09,-8.7,-65.0,-11.4,-18.2,-17.7
16.10,-8.4,-64.8,-10.9,-17.9,-17.5
16.11,-8.8,-64.5,-10.7,-18.7,-17.5
16.12,-9.3,-66.1,-11.4,-18.7,-17.7
16.13,-10.6,-65.5,-13.2,-18.9,-17.7
16.14,-12.7,-65.7,-17.0,-19.5,-17.9
16.15,-13.0,-66.0,-17.6,-19.0,-18.3
16.16,-13.1,-66.9,-18.4,-19.6,-18.8
16.17,-13.4,-67.9,-18.9,-19.4,-18.5
16.18,-13.3,-68.6,-20.0,-19.1,-18.1
16.19,-12.9,-68.0,-20.1,-19.8,-17.7
16.20,-12.1,-67.2,-19.4,-19.1,-17.6
16.21,-12.0,-66.9,-18.9,-19.4,-17.2
16.22,-12.0,-66.7,-18.8,-19.5,-16.8
16.23,-12.4,-67.0,-19.4,-19.1,-16.6
16.24,-12.8,-67.7,-19.8,-19.9,-16.5
16.25,-12.7,-68.9,-21.5,-19.1,-16.4
16.26,-12.4,-70.1,-21.0,-19.0,-16.8
16.27,-11.6,-70.3,-19.9,-19.4,-17.2
16.28,-11.8,-70.9,-19.3,-18.5,-17.5
16.29,-12.2,-70.8,-19.5,-18.9,-17.8
16.30,-13.2,-71.1,-19.8,-18.9,-18.0
16.31,-12.5,-71.2,-20.3,-18.3,-17.3
16.32,-12.4,-71.4,-20.9,-18.9,-17.0
16.33,-12.6,-71.5,-21.3,-18.7,-16.8
16.34,-12.4,-71.6,-21.4,-18.6,-16.7
16.35,-13.0,-71.0,-22.5,-18.7,-16.8
16.36,-13.8,-71.1,-24.6,-18.2,-17.1
16.37,-14.6,-70.8,-26.2,-18.6,-17.2
16.38,-13.7,-70.1,-26.0,-18.9,-17.0
16.39,-13.4,-69.6,-25.1,-18.8,-17.0
16.40,-10.3,-69.2,-14.3,-19.5,-17.2
16.41,-9.5,-68.8,-11.8,-20.0,-17.2
16.42,-9.5,-68.2,-11.6,-20.2,-16.9
16.43,-9.7,-67.5,-11.6,-22.0,-16.8
16.44,-9.9,-66.5,-11.9,-22.2,-16.7
16.45,-12.8,-66.2,-16.5,-22.2,-16.6
16.46,-13.5,-65.5,-20.5,-23.1,-16.8
16.47,-13.4,-65.7,-20.2,-23.3,-17.3
16.48,-13.1,-65.5,-20.0,-22.4,-17.4
16.49,-13.2,-65.7,-19.6,-23.1,-17.3
16.50,-13.3,-66.5,-20.1,-22.5,-17.2
16.51,-13.0,-66.5,-20.1,-22.0,-17.3
16.52,-12.6,-66.9,-19.5,-21.3,-17.3
16.53,-12.6,-67.7,-19.4,-20.8,-17.6
16.54,-12.8,-67.7,-19.2,-20.8,-17.7
16.55,-13.0,-66.5,-19.4,-20.5,-17.9
16.56,-12.7,-64.7,-19.6,-20.0,-18.0
16.57,-12.7,-63.9,-19.9,-19.8,-17.9
16.58,-12.7,-63.6,-20.0,-19.8,-17.8
16.59,-12.7,-63.1,-21.0,-19.1,-17.8
16.60,-12.8,-63.5,-20.8,-19.7,-17.7
16.61,-12.7,-65.1,-20.3,-19.6,-17.4
16.62,-13.9,-65.7,-21.1,-20.3,-17.2
16.63,-13.8,-66.7,-22.0,-20.2,-17.1
16.64,-13.9,-67.3,-22.7,-20.6,-16.9
16.65,-15.2,-68.5,-25.5,-20.2,-17.4
16.66,-15.1,-69.3,-28.3,-21.1,-17.9
16.67,-15.1,-69.8,-27.2,-20.1,-17.8
16.68,-15.4,-69.4,-24.5,-20.5,-18.0
16.69,-15.0,-68.9,-22.8,-21.1,-17.9
16.70,-13.2,-68.3,-21.6,-19.7,-17.3
16.71,-10.6,-66.7,-13.3,-19.5,-17.3
16.72,-8.9,-66.1,-11.3,-19.9,-17.3
16.73,-8.3,-66.0,-10.4,-19.6,-17.4
16.74,-8.0,-65.9,-10.2,-19.2,-17.6
16.75,-8.5,-66.3,-10.3,-20.1,-18.0
16.76,-9.7,-67.3,-12.2,-19.4,-18.4
16.77,-11.5,-67.8,-15.1,-19.6,-18.5
16.78,-12.6,-69.0,-16.5,-20.4,-18.8
16.79,-13.6,-68.8,-17.3,-20.3,-18.9
16.80,-12.9,-68.9,-17.4,-20.8,-18.5
16.81,-13.4,-69.0,-19.1,-21.1,-18.2
16.82,-13.9,-68.5,-20.1,-21.3,-17.7
16.83,-13.4,-68.3,-20.8,-20.2,-17.6
16.84,-13.4,-68.6,-20.1,-21.3,-17.8
16.85,-13.3,-68.2,-19.1,-20.7,-17.7
16.86,-13.2,-68.1,-18.7,-20.3,-18.0
16.87,-13.1,-68.2,-19.1,-20.3,-17.9
16.88,-14.5,-68.5,-20.0,-21.0,-18.0
16.89,-14.3,-68.4,-20.9,-19.6,-17.7
16.90,-13.5,-68.4,-19.9,-20.6,-17.1
16.91,-12.5,-68.6,-18.6,-19.7,-16.9
16.92,-12.2,-68.4,-18.1,-19.5,-17.0
16.93,-11.2,-68.3,-16.9,-19.6,-17.0
16.94,-10.9,-68.6,-16.2,-19.6,-17.1
16.95,-10.6,-69.0,-16.8,-18.5,-17.7
16.96,-11.3,-68.9,-18.2,-18.9,-17.5
16.97,-12.2,-69.6,-19.3,-19.7,-17.2
16.98,-12.2,-69.4,-20.8,-18.6,-17.2
16.99,-12.8,-69.5,-22.5,-18.8,-17.2
17.00,-13.6,-69.4,-22.7,-19.5,-17.1
17.01,-12.8,-68.6,-22.5,-18.9,-17.0
17.02,-12.3,-67.6,-22.7,-18.3,-16.7
17.03,-11.1,-67.2,-15.2,-19.6,-16.8
17.04,-9.0,-67.3,-11.6,-19.3,-16.8
17.05,-8.6,-67.5,-11.3,-19.0,-16.7
17.06,-8.8,-68.6,-11.0,-20.1,-17.1
17.07,-8.9,-68.9,-11.2,-19.7,-17.0
17.08,-10.9,-69.6,-15.3,-18.6,-16.8
17.09,-11.9,-69.3,-19.5,-19.4,-16.8
17.10,-12.7,-69.8,-19.4,-19.8,-17.1
17.11,-12.2,-70.4,-19.3,-19.2,-17.2
17.12,-12.4,-71.0,-18.9,-19.6,-17.4
17.13,-13.1,-71.2,-19.9,-20.1,-17.6
17.14,-13.0,-71.5,-19.5,-19.3,-18.1
17.15,-12.7,-71.4,-19.7,-19.6,-17.9
17.16,-13.4,-71.5,-19.7,-20.3,-18.1
17.17,-13.2,-71.4,-19.7,-19.7,-18.2
17.18,-12.9,-71.5,-19.1,-19.7,-18.0
17.19,-13.8,-71.3,-20.5,-20.4,-17.6
17.20,-13.8,-71.2,-21.2,-19.9,-17.5
17.21,-14.2,-71.0,-21.7,-19.7,-17.6
17.22,-14.5,-71.1,-21.4,-20.5,-17.5
17.23,-14.1,-71.0,-21.1,-20.4,-17.8
17.24,-14.2,-71.2,-20.8,-20.0,-18.3
17.25,-13.6,-71.4,-18.8,-20.3,-18.4
17.26,-12.8,-71.8,-17.9,-20.4,-18.1
17.27,-12.7,-71.7,-17.8,-19.9,-17.8
17.28,-12.5,-72.0,-18.2,-20.1,-17.7
17.29,-12.8,-71.9,-18.2,-20.8,-17.4
17.30,-12.9,-71.6,-19.4,-20.0,-17.7
17.31,-13.8,-71.2,-21.2,-20.3,-17.8
17.32,-14.6,-70.1,-23.5,-20.8,-17.7
17.33,-14.6,-69.4,-25.9,-20.1,-17.5
17.34,-11.8,-68.3,-14.6,-19.7,-17.7
17.35,-9.1,-68.5,-11.3,-20.3,-17.7
17.36,-8.6,-68.5,-10.4,-19.6,-17.8
17.37,-8.6,-69.1,-10.2,-20.4,-18.3
17.38,-8.8,-69.6,-10.1,-20.8,-18.8
17.39,-10.6,-70.4,-12.8,-20.6,-18.6
17.40,-12.6,-70.5,-14.9,-20.0,-19.1
17.41,-13.2,-70.9,-16.7,-21.0,-19.0
17.42,-13.0,-70.7,-17.7,-20.4,-19.0
17.43,-12.6,-71.0,-17.8,-20.1,-19.0
17.44,-13.7,-70.7,-19.4,-21.1,-18.7
17.45,-13.7,-70.5,-19.9,-20.2,-18.6
17.46,-13.3,-70.8,-20.3,-19.8,-18.2
17.47,-13.0,-70.7,-19.5,-20.2,-17.9
17.48,-12.7,-70.8,-18.9,-20.5,-17.4
17.49,-12.1,-70.9,-18.4,-19.7,-17.3
17.50,-12.4,-71.6,-18.7,-20.7,-17.1
17.51,-13.1,-71.4,-19.1,-21.4,-17.0
17.52,-14.0,-71.6,-20.8,-20.5,-17.3
17.53,-14.1,-71.5,-22.8,-21.6,-17.1
17.54,-15.6,-71.7,-25.4,-22.4,-17.4
17.55,-15.0,-71.9,-26.4,-20.5,-17.7
17.56,-14.2,-72.1,-25.8,-19.8,-17.7
17.57,-14.5,-72.2,-24.4,-20.8,-17.8
17.58,-13.6,-72.2,-23.0,-20.2,-17.7
17.59,-13.3,-72.0,-21.9,-19.5,-17.8
17.60,-14.0,-71.8,-21.8,-20.9,-18.0
17.61,-14.3,-71.9,-22.3,-21.4,-17.7
17.62,-13.8,-71.4,-23.6,-19.9,-17.5
17.63,-14.7,-71.7,-24.4,-21.2,-17.6
17.64,-13.7,-71.8,-23.9,-21.0,-17.0
17.65,-12.8,-71.6,-22.5,-19.5,-17.0
17.66,-11.5,-71.5,-16.4,-20.1,-17.1
17.67,-9.0,-71.7,-11.8,-20.2,-17.3
17.68,-8.7,-71.1,-11.4,-19.3,-17.3
17.69,-8.5,-70.9,-11.2,-19.2,-17.5
17.70,-9.0,-71.0,-11.4,-20.1,-17.9
17.71,-11.3,-71.1,-14.9,-20.4,-17.6
17.72,-13.1,-71.2,-20.1,-19.3,-17.8
17.73,-14.3,-71.9,-21.0,-20.9,-17.7
17.74,-13.7,-71.5,-21.6,-21.1,-17.3
17.75,-12.7,-71.1,-21.0,-19.5,-16.9
17.76,-13.3,-71.2,-22.5,-20.6,-16.8
17.77,-13.2,-71.0,-23.2,-20.2,-16.7
17.78,-13.0,-71.2,-23.4,-19.1,-17.1
17.79,-13.2,-70.7,-23.0,-19.7,-17.3
17.80,-13.4,-71.0,-23.0,-20.0,-17.7
17.81,-13.5,-70.8,-22.3,-19.4,-17.8
17.82,-13.8,-70.7,-22.1,-20.5,-17.5
17.83,-14.1,-71.0,-22.3,-20.5,-17.4
17.84,-12.6,-71.3,-21.0,-19.0,-17.1
17.85,-12.9,-71.5,-20.7,-20.0,-16.8
17.86,-12.2,-71.4,-20.4,-19.1,-16.8
17.87,-12.1,-71.7,-20.3,-19.0,-16.8
17.88,-12.6,-71.8,-20.9,-19.3,-16.7
17.89,-13.1,-71.5,-22.2,-19.0,-17.0
17.90,-13.8,-71.8,-23.7,-19.4,-17.1
17.91,-13.9,-72.2,-25.9,-19.4,-16.7
17.92,-14.0,-72.2,-26.6,-19.0,-16.7
17.93,-14.3,-72.4,-26.5,-19.6,-16.9
17.94,-14.3,-72.1,-26.0,-19.7,-17.0
17.95,-13.8,-71.2,-25.5,-18.7,-17.2
17.96,-13.8,-70.5,-25.2,-19.6,-17.2
17.97,-11.5,-67.5,-15.3,-19.6,-17.8
17.98,-9.7,-67.3,-12.1,-18.7,-18.4
17.99,-8.9,-67.1,-11.0,-19.2,-18.5
18.00,-8.8,-67.1,-10.8,-19.7,-18.8
18.01,-8.4,-67.5,-10.6,-18.5,-19.0
18.02,-10.1,-70.0,-13.3,-18.9,-18.8
18.03,-11.7,-70.5,-15.3,-19.0,-18.8
18.04,-11.9,-70.8,-16.7,-18.9,-18.2
18.05,-12.6,-71.2,-17.6,-19.1,-18.0
18.06,-12.5,-71.7,-17.9,-19.9,-17.4
18.07,-12.3,-71.5,-18.9,-18.9,-17.3
18.08,-12.4,-71.8,-20.0,-19.5,-16.8
18.09,-12.8,-71.7,-21.0,-19.4,-16.9
18.10,-12.0,-71.4,-20.2,-18.4,-17.4
18.11,-12.9,-71.3,-20.2,-19.0,-18.1
18.12,-12.5,-71.2,-20.1,-18.7,-18.4
18.13,-12.6,-71.4,-19.9,-18.5,-18.8
18.14,-13.1,-71.3,-20.1,-19.0,-19.0
18.15,-12.8,-71.0,-20.7,-18.3,-19.2
18.16,-13.3,-70.4,-21.4,-18.4,-19.0
18.17,-14.0,-69.9,-22.4,-19.0,-19.3
18.18,-13.9,-69.4,-22.9,-18.7,-19.4
18.19,-13.9,-68.8,-23.4,-18.6,-19.5
18.20,-15.5,-68.8,-25.3,-19.3,-19.3
18.21,-15.2,-69.2,-26.1,-19.0,-19.1
18.22,-14.2,-69.3,-24.9,-18.4,-18.5
18.23,-14.0,-69.0,-24.4,-18.3,-18.5
18.24,-14.0,-69.5,-24.2,-18.6,-18.3
18.25,-13.5,-69.7,-23.9,-18.4,-18.4
18.26,-13.8,-69.8,-24.2,-18.4,-18.6
18.27,-14.3,-70.2,-25.7,-18.7,-18.7
18.28,-14.6,-70.5,-27.8,-18.8,-18.7
18.29,-12.4,-70.6,-16.3,-19.1,-18.9
18.30,-9.7,-70.6,-12.2,-19.2,-19.1
18.31,-9.1,-70.7,-11.4,-18.7,-19.2
18.32,-9.1,-70.8,-11.2,-19.2,-19.1
18.33,-9.0,-71.1,-11.2,-19.0,-19.0
18.34,-10.0,-70.9,-13.6,-18.5,-18.4
18.35,-13.5,-70.7,-19.5,-18.7,-17.8
18.36,-13.4,-70.9,-20.2,-19.1,-17.8
18.37,-13.2,-71.1,-20.7,-18.9,-17.5
18.38,-13.4,-71.3,-20.0,-19.0,-17.3
18.39,-14.2,-71.7,-21.0,-19.3,-17.5
18.40,-13.6,-72.0,-21.0,-18.9,-17.6
18.41,-14.5,-72.1,-21.8,-19.7,-17.8
18.42,-14.2,-72.1,-21.3,-19.3,-18.0
18.43,-13.8,-72.2,-21.8,-19.0,-18.1
18.44,-14.5,-72.5,-21.3,-19.9,-18.3
18.45,-13.4,-73.0,-21.3,-19.0,-18.1
18.46,-13.3,-72.5,-22.0,-18.6,-17.7
18.47,-13.6,-72.3,-22.5,-19.4,-17.8
18.48,-13.9,-72.4,-23.4,-19.4,-17.5
18.49,-13.1,-72.3,-24.5,-18.5,-17.2
18.50,-14.1,-72.4,-25.3,-19.1,-17.5
18.51,-14.3,-72.6,-26.4,-19.2,-17.3
18.52,-13.6,-72.7,-27.3,-18.5,-17.2
18.53,-14.2,-72.7,-27.5,-18.7,-17.1
18.54,-14.2,-72.9,-27.1,-18.9,-17.0
18.55,-13.2,-73.2,-26.0,-18.5,-16.9
18.56,-13.5,-73.2,-25.3,-18.6,-17.0
18.57,-13.6,-72.9,-25.3,-18.9,-17.0
18.58,-13.3,-72.1,-25.8,-18.7,-17.1
18.59,-13.7,-71.8,-26.2,-18.9,-17.3
18.60,-12.9,-70.1,-17.4,-19.2,-17.8
18.61,-10.1,-69.9,-13.5,-18.7,-17.7
18.62,-8.5,-69.9,-11.1,-19.1,-18.3
18.63,-8.4,-70.2,-10.8,-19.5,-18.5
18.64,-8.3,-70.6,-10.6,-19.3,-19.0
18.65,-9.4,-71.8,-12.1,-19.8,-18.5
18.66,-11.0,-72.1,-14.8,-19.6,-18.8
18.67,-12.4,-72.0,-16.8,-19.9,-18.3
18.68,-12.7,-72.4,-17.5,-19.8,-18.1
18.69,-13.1,-72.3,-18.0,-20.0,-17.8
18.70,-13.6,-72.3,-18.1,-20.5,-18.1
18.71,-14.5,-72.3,-19.6,-20.5,-18.1
18.72,-14.4,-72.5,-20.5,-20.0,-18.5
18.73,-14.7,-72.8,-20.7,-20.1,-18.9
18.74,-15.1,-72.9,-20.9,-20.0,-19.5
18.75,-14.4,-73.3,-20.9,-19.7,-19.6
18.76,-14.6,-73.6,-20.5,-20.2,-19.0
18.77,-13.7,-73.3,-20.3,-19.7,-18.5
18.78,-13.0,-73.0,-20.8,-19.4,-17.7
18.79,-12.7,-73.0,-21.3,-18.8,-17.5
18.80,-12.9,-72.9,-22.6,-18.7,-17.2
18.81,-13.1,-73.1,-23.8,-18.1,-17.5
18.82,-13.4,-73.3,-25.2,-18.3,-17.3
18.83,-14.2,-72.9,-26.7,-18.6,-17.3
18.84,-13.8,-73.1,-27.1,-18.4,-16.8
18.85,-13.8,-72.9,-26.4,-19.2,-16.9
18.86,-13.1,-72.9,-26.1,-18.4,-16.4
18.87,-13.3,-72.9,-25.6,-18.2,-16.8
18.88,-13.2,-72.8,-25.3,-19.1,-16.6
18.89,-13.0,-72.8,-25.3,-18.4,-16.7
18.90,-13.3,-72.5,-25.8,-18.4,-17.0
18.91,-14.1,-72.5,-26.2,-19.1,-17.4
18.92,-12.5,-72.2,-19.4,-18.6,-17.5
18.93,-9.1,-72.1,-12.3,-18.5,-18.0
18.94,-8.5,-72.2,-11.4,-19.0,-17.9
18.95,-8.4,-72.2,-11.2,-18.8,-17.6
18.96,-8.3,-72.2,-11.2,-18.7,-17.5
18.97,-9.6,-72.2,-12.7,-19.1,-17.1
18.98,-13.5,-72.4,-18.3,-18.9,-17.1
18.99,-13.6,-72.0,-19.8,-19.1,-16.7
19.00,-13.1,-72.1,-20.5,-18.8,-16.7
19.01,-12.6,-71.7,-19.7,-18.8,-16.7
19.02,-12.3,-71.2,-21.2,-18.5,-16.9
19.03,-12.2,-71.2,-21.1,-18.3,-17.0
19.04,-12.1,-71.0,-22.1,-18.1,-17.1
19.05,-12.1,-71.0,-21.9,-18.3,-17.2
19.06,-12.7,-71.0,-22.6,-18.3,-17.4
19.07,-12.4,-71.5,-21.8,-18.6,-17.5
19.08,-11.8,-71.8,-21.6,-17.9,-17.5
19.09,-12.5,-72.0,-22.2,-18.8,-17.5
19.10,-12.5,-72.3,-22.7,-18.1,-17.2
19.11,-12.9,-72.2,-23.8,-18.5,-17.6
19.12,-12.7,-72.1,-25.0,-17.7,-17.2
19.13,-13.4,-72.2,-25.8,-18.2,-17.6
19.14,-12.7,-72.4,-26.6,-17.2,-17.7
19.15,-13.3,-72.7,-27.2,-17.7,-17.9
19.16,-12.7,-72.0,-27.8,-17.1,-17.6
19.17,-14.0,-71.2,-28.4,-18.0,-18.1
19.18,-13.4,-69.2,-28.3,-17.7,-17.7
19.19,-13.5,-67.3,-28.2,-17.9,-17.2
19.20,-13.1,-66.0,-28.0,-17.4,-16.9
19.21,-13.3,-65.3,-27.8,-17.6,-17.0
19.22,-12.8,-64.1,-27.8,-17.5,-16.6
19.23,-12.3,-63.6,-22.9,-17.6,-16.7
19.24,-10.4,-64.0,-13.8,-17.8,-17.3
19.25,-9.0,-64.4,-11.3,-18.0,-17.8
19.26,-8.8,-64.7,-10.8,-18.2,-18.1
19.27,-8.7,-66.4,-10.6,-17.7,-19.1
19.28,-9.7,-68.7,-11.8,-18.2,-19.7
19.29,-11.0,-69.0,-14.5,-17.8,-19.6
19.30,-11.7,-70.7,-16.7,-18.3,-19.7
19.31,-11.8,-71.0,-16.8,-18.3,-20.0
19.32,-11.9,-71.1,-17.5,-18.4,-19.8
19.33,-12.1,-71.3,-17.6,-18.2,-19.2
19.34,-12.7,-71.0,-19.2,-18.1,-18.7
19.35,-13.0,-71.1,-20.1,-18.2,-18.2
19.36,-13.0,-70.9,-20.8,-18.0,-18.0
19.37,-13.2,-70.9,-20.6,-18.2,-18.3
19.38,-13.6,-71.0,-21.2,-18.0,-18.8
19.39,-13.5,-71.1,-21.4,-18.2,-19.1
19.40,-13.2,-71.1,-21.4,-17.5,-19.3
19.41,-14.3,-71.4,-22.3,-18.4,-18.8
19.42,-13.7,-71.3,-23.0,-18.3,-18.1
19.43,-13.8,-71.4,-23.9,-18.7,-18.0
19.44,-13.4,-71.4,-24.9,-17.9,-17.9
19.45,-13.1,-72.0,-25.9,-17.8,-18.1
19.46,-13.1,-71.8,-27.0,-17.2,-18.3
19.47,-12.8,-71.9,-27.7,-17.0,-18.0
19.48,-13.0,-72.1,-28.2,-17.3,-17.9
19.49,-12.7,-72.2,-28.0,-17.4,-17.4
19.50,-12.9,-72.4,-27.4,-17.5,-17.2
19.51,-12.7,-72.4,-27.2,-17.6,-17.3
19.52,-12.5,-72.3,-27.1,-17.3,-17.0
19.53,-12.9,-72.3,-27.0,-17.5,-17.4
19.54,-12.8,-72.0,-27.0,-17.6,-17.3
19.55,-12.7,-71.7,-23.7,-17.7,-17.1
19.56,-9.2,-71.4,-12.7,-18.1,-17.2
19.57,-9.0,-71.2,-11.8,-18.6,-17.3
19.58,-8.9,-71.2,-11.6,-18.8,-17.4
19.59,-9.3,-70.8,-11.6,-20.3,-17.8
19.60,-9.8,-71.1,-13.1,-19.2,-17.9
19.61,-13.0,-71.5,-17.3,-20.2,-18.0
19.62,-13.2,-71.7,-19.2,-19.2,-18.0
19.63,-13.5,-72.0,-19.8,-19.1,-18.3
19.64,-13.2,-72.1,-19.3,-18.9,-18.2
19.65,-13.9,-71.8,-20.6,-19.2,-18.0
19.66,-12.9,-71.7,-20.9,-18.3,-17.5
19.67,-13.6,-71.5,-22.0,-19.1,-17.4
19.68,-12.9,-71.1,-21.3,-18.4,-17.4
19.69,-13.1,-71.6,-21.7,-18.8,-17.4
19.70,-12.7,-71.1,-21.2,-18.3,-17.5
19.71,-12.9,-70.5,-18.3,-19.2,-18.1
19.72,-12.3,-70.6,-16.3,-18.9,-18.4
19.73,-12.0,-70.3,-15.5,-19.8,-18.4
19.74,-11.4,-70.5,-15.2,-19.6,-18.3
19.75,-11.8,-70.7,-15.2,-20.0,-18.0
19.76,-12.4,-71.7,-17.5,-19.3,-18.0
19.77,-13.5,-71.8,-20.0,-19.9,-17.8
19.78,-13.7,-71.8,-22.3,-19.5,-17.6
19.79,-12.4,-71.4,-15.7,-20.1,-17.8
19.80,-11.1,-71.0,-13.9,-19.5,-17.9
19.81,-10.6,-70.5,-13.1,-19.8,-18.2
19.82,-10.3,-70.4,-12.6,-19.2,-18.6
19.83,-10.3,-70.7,-12.6,-19.7,-18.4
19.84,-11.6,-70.6,-15.2,-19.7,-18.2
19.85,-12.5,-70.4,-17.4,-20.5,-18.0
19.86,-13.8,-69.5,-19.2,-22.2,-17.8
19.87,-11.4,-68.6,-13.7,-23.7,-18.0
19.88,-10.4,-68.2,-11.6,-27.1,-18.6
19.89,-9.7,-68.2,-10.9,-26.8,-18.8
19.90,-9.5,-68.0,-10.7,-23.1,-19.3
19.91,-9.8,-68.8,-11.4,-20.2,-19.3
19.92,-10.4,-69.1,-13.3,-18.8,-19.3
19.93,-11.7,-69.1,-17.5,-17.5,-18.7
19.94,-11.5,-69.2,-18.1,-16.9,-18.7
19.95,-10.8,-69.4,-14.6,-17.1,-18.7
19.96,-10.6,-69.3,-13.7,-17.1,-19.0
19.97,-10.5,-69.6,-13.5,-17.0,-18.7
19.98,-10.4,-70.0,-13.2,-17.0,-19.0
19.99,-10.9,-71.5,-13.6,-17.0,-19.0
20.00,-11.9,-71.4,-15.7,-17.1,-19.1
20.01,-12.8,-70.7,-17.1,-17.3,-19.6
20.02,-12.5,-69.6,-17.3,-17.3,-19.6
20.03,-10.7,-69.6,-13.7,-17.4,-19.7
20.04,-10.5,-69.5,-12.9,-17.4,-19.9
20.05,-10.3,-69.5,-12.7,-17.3,-20.0
20.06,-10.2,-69.2,-12.6,-17.3,-19.9
20.07,-11.0,-68.8,-13.7,-17.5,-19.3
20.08,-12.4,-66.8,-16.5,-17.5,-19.1
20.09,-13.3,-65.6,-18.2,-17.6,-18.9
20.10,-12.7,-63.4,-17.6,-17.7,-18.8
20.11,-11.6,-62.6,-15.2,-17.8,-18.6
20.12,-11.2,-62.7,-14.6,-17.8,-18.8
20.13,-10.9,-63.3,-14.2,-17.8,-18.8
20.14,-10.7,-64.0,-13.8,-17.9,-18.8
20.15,-11.5,-67.4,-15.5,-18.0,-19.0
20.16,-12.3,-68.8,-16.8,-18.0,-19.2
20.17,-12.5,-69.5,-17.6,-18.2,-19.1
20.18,-12.7,-70.0,-18.4,-18.2,-18.9
20.19,-10.5,-71.0,-13.0,-18.5,-18.9
20.20,-10.0,-71.2,-11.6,-18.7,-18.7
20.21,-9.9,-71.5,-11.6,-18.8,-18.1
20.22,-10.1,-71.0,-11.6,-19.3,-18.4
20.23,-10.3,-71.1,-12.2,-19.8,-17.9
20.24,-12.9,-71.0,-16.1,-20.4,-17.6
20.25,-13.7,-70.9,-19.0,-21.3,-17.9
20.26,-14.6,-71.2,-18.9,-22.5,-18.1
20.27,-14.6,-71.3,-18.6,-21.8,-18.4
20.28,-15.0,-71.1,-18.9,-22.3,-18.7
20.29,-14.9,-70.9,-19.7,-21.5,-18.6
20.30,-14.9,-70.3,-20.8,-21.3,-18.5
20.31,-14.8,-70.0,-20.4,-21.3,-18.3
20.32,-13.7,-69.7,-20.7,-20.3,-18.1
20.33,-13.5,-69.9,-20.0,-20.4,-18.1
20.34,-13.7,-70.6,-19.9,-20.8,-18.2
20.35,-13.5,-70.6,-19.6,-20.4,-18.0
20.36,-13.7,-71.0,-20.1,-21.3,-18.1
20.37,-13.8,-71.1,-20.4,-21.5,-17.9
20.38,-13.9,-71.3,-21.0,-20.9,-18.1
20.39,-13.1,-71.2,-21.7,-19.6,-17.9
20.40,-13.6,-71.5,-22.3,-19.7,-18.5
20.41,-13.4,-71.3,-23.0,-18.9,-18.3
20.42,-13.1,-71.6,-23.6,-18.2,-18.1
20.43,-13.4,-71.4,-23.6,-18.9,-17.9
20.44,-12.8,-71.2,-23.7,-18.6,-17.4
20.45,-12.8,-71.0,-23.7,-18.5,-17.1
20.46,-12.8,-70.8,-23.6,-19.2,-16.6
20.47,-12.4,-70.7,-23.7,-18.3,-16.6
20.48,-12.5,-70.6,-23.7,-18.7,-17.0
20.49,-12.6,-70.2,-23.6,-19.1,-16.8
20.50,-10.4,-69.4,-13.9,-18.4,-17.2
20.51,-9.1,-69.2,-11.8,-18.7,-18.0
20.52,-8.6,-68.8,-11.1,-18.2,-18.5
20.53,-8.6,-68.5,-10.9,-18.2,-19.2
20.54,-9.0,-68.8,-11.1,-19.0,-20.1
20.55,-10.0,-68.8,-12.9,-18.3,-19.8
20.56,-13.1,-69.2,-16.5,-19.1,-19.1
20.57,-13.1,-69.6,-17.9,-19.1,-18.8
20.58,-12.9,-70.3,-17.9,-19.4,-18.4
20.59,-12.8,-70.8,-17.8,-20.5,-18.4
20.60,-12.5,-70.8,-19.5,-19.4,-18.3
20.61,-12.8,-70.9,-20.4,-19.9,-18.8
20.62,-13.0,-70.9,-21.2,-20.0,-18.7
20.63,-13.2,-70.9,-21.0,-19.8,-18.7
20.64,-13.9,-71.1,-21.4,-19.7,-18.8
20.65,-13.2,-71.1,-21.0,-19.1,-18.4
20.66,-13.0,-71.4,-20.9,-19.1,-18.3
20.67,-13.3,-70.6,-21.3,-19.6,-17.4
20.68,-12.6,-70.3,-21.6,-18.9,-17.1
20.69,-12.2,-70.2,-22.3,-18.3,-17.0
20.70,-12.3,-69.8,-23.1,-17.6,-16.9
20.71,-12.8,-69.6,-23.8,-18.0,-17.2
20.72,-12.6,-69.6,-24.9,-17.6,-17.9
20.73,-12.6,-69.6,-25.6,-17.0,-18.3
20.74,-13.1,-69.5,-25.5,-18.1,-18.3
20.75,-13.0,-69.7,-25.3,-17.6,-18.4
20.76,-12.7,-69.7,-25.3,-17.2,-18.5
20.77,-13.1,-69.5,-25.3,-18.0,-18.4
20.78,-13.3,-69.4,-25.3,-17.8,-18.6
20.79,-13.8,-69.3,-25.4,-18.2,-18.9
20.80,-13.6,-69.2,-25.3,-18.5,-18.8
20.81,-13.3,-68.9,-24.2,-17.8,-18.7
20.82,-11.1,-69.0,-14.9,-18.7,-19.1
20.83,-8.7,-69.0,-11.9,-17.9,-19.1
20.84,-8.7,-69.3,-11.6,-17.9,-19.0
20.85,-8.9,-69.3,-11.6,-18.5,-19.1
20.86,-8.8,-69.6,-11.7,-17.5,-18.8
20.87,-12.0,-69.9,-16.4,-18.3,-18.7
20.88,-13.6,-69.9,-20.2,-18.2,-18.8
20.89,-12.5,-70.3,-20.0,-17.7,-18.9
20.90,-12.8,-70.5,-19.6,-18.5,-19.3
20.91,-12.4,-70.8,-19.2,-18.0,-19.4
20.92,-12.7,-70.7,-20.5,-18.3,-19.3
20.93,-12.6,-71.1,-21.2,-18.0,-18.8
20.94,-12.4,-71.4,-21.0,-17.6,-18.7
20.95,-13.0,-71.7,-21.2,-18.0,-18.4
20.96,-12.7,-71.5,-21.0,-18.0,-17.6
20.97,-12.1,-71.5,-20.9,-17.6,-17.2
20.98,-12.3,-71.6,-21.0,-17.8,-16.9
20.99,-12.6,-71.2,-21.9,-18.0,-16.7
21.00,-13.0,-71.3,-22.2,-18.9,-17.2
21.01,-12.6,-71.5,-23.1,-18.3,-17.0
21.02,-13.2,-71.5,-23.7,-18.1,-17.4
21.03,-13.9,-71.8,-24.4,-18.9,-17.8
21.04,-13.6,-71.9,-25.7,-17.7,-18.2
21.05,-14.1,-71.8,-26.2,-17.9,-18.3
21.06,-14.2,-71.7,-26.4,-18.5,-18.4
21.07,-13.6,-71.7,-26.6,-17.6,-18.3
21.08,-14.2,-71.6,-26.6,-18.5,-18.3
21.09,-13.3,-71.1,-26.5,-18.0,-17.9
21.10,-13.2,-70.4,-26.5,-17.7,-17.9
21.11,-13.6,-69.9,-26.2,-18.5,-17.9
21.12,-12.9,-69.5,-26.3,-17.6,-17.7
21.13,-11.0,-67.2,-15.1,-18.3,-17.6
21.14,-9.3,-67.1,-12.0,-18.7,-17.8
21.15,-8.6,-67.3,-11.1,-18.2,-17.7
21.16,-8.7,-67.4,-10.9,-19.8,-17.6
21.17,-8.7,-67.5,-10.8,-19.2,-18.1
21.18,-10.3,-70.0,-13.3,-18.7,-17.8
21.19,-12.9,-70.7,-16.0,-19.8,-17.9
21.20,-12.9,-71.2,-17.3,-18.5,-18.1
21.21,-13.2,-71.8,-18.0,-18.8,-18.3
21.22,-13.2,-72.6,-18.1,-19.0,-18.5
21.23,-12.9,-72.5,-19.6,-18.4,-18.3
21.24,-12.9,-72.4,-20.0,-18.5,-18.2
21.25,-13.1,-72.3,-21.6,-18.2,-18.1
21.26,-12.9,-72.2,-21.3,-17.8,-18.0
21.27,-13.4,-72.1,-21.4,-18.1,-17.8
21.28,-12.9,-72.0,-21.0,-17.5,-17.8
21.29,-12.8,-71.9,-20.8,-18.1,-17.6
21.30,-12.8,-71.9,-21.1,-18.3,-17.3
21.31,-12.2,-72.0,-21.8,-17.4,-17.0
21.32,-12.3,-72.2,-22.8,-18.4,-16.8
21.33,-12.6,-72.7,-23.8,-17.7,-16.9
21.34,-13.1,-72.9,-24.5,-17.5,-17.2
21.35,-13.5,-72.9,-25.2,-18.2,-17.6
21.36,-14.1,-73.0,-26.1,-17.8,-18.0
21.37,-14.6,-73.2,-26.3,-18.4,-18.5
21.38,-14.3,-72.9,-26.4,-18.4,-18.6
21.39,-14.3,-72.9,-26.6,-18.1,-18.8
21.40,-14.9,-72.9,-26.4,-18.8,-18.9
21.41,-14.8,-73.0,-26.2,-18.0,-19.0
21.42,-15.2,-73.7,-26.3,-18.7,-18.4
21.43,-14.3,-73.7,-26.2,-18.7,-17.9
21.44,-13.9,-73.5,-26.0,-18.3,-17.2
21.45,-11.7,-73.3,-16.4,-20.1,-16.6
21.46,-9.2,-72.9,-11.9,-20.6,-16.6
21.47,-9.0,-72.5,-11.5,-21.1,-16.7
21.48,-9.1,-72.2,-11.4,-23.6,-17.0
21.49,-9.1,-72.4,-11.5,-23.5,-16.8
21.50,-11.9,-72.4,-15.3,-23.6,-16.5
21.51,-13.6,-72.1,-19.9,-22.7,-16.6
21.52,-13.6,-72.5,-20.2,-23.2,-16.2
21.53,-13.5,-72.6,-20.0,-23.1,-16.1
21.54,-13.6,-72.8,-19.6,-22.1,-16.3
21.55,-13.9,-72.6,-21.3,-21.7,-16.1
21.56,-13.8,-72.6,-21.6,-21.7,-15.9
21.57,-13.8,-72.2,-21.7,-21.2,-16.0
21.58,-13.6,-72.1,-21.6,-20.9,-16.0
21.59,-13.9,-71.8,-21.8,-21.6,-16.2
21.60,-13.6,-72.0,-21.5,-20.9,-16.5
21.61,-14.0,-71.8,-21.7,-20.8,-16.9
21.62,-14.7,-71.9,-22.6,-21.9,-16.7
21.63,-13.9,-71.7,-22.8,-20.1,-17.1
21.64,-14.1,-71.9,-23.5,-20.4,-17.0
21.65,-14.7,-72.2,-24.5,-20.7,-17.5
21.66,-14.2,-72.6,-25.2,-19.0,-17.7
21.67,-14.7,-72.9,-26.0,-19.5,-17.6
21.68,-15.0,-73.2,-26.8,-20.4,-17.5
21.69,-14.5,-73.0,-26.9,-19.2,-17.7
21.70,-14.3,-73.2,-26.2,-19.4,-17.4
21.71,-14.8,-73.0,-25.6,-20.6,-17.6
21.72,-14.2,-72.3,-25.4,-19.6,-17.6
21.73,-13.9,-72.0,-25.2,-19.1,-17.3
21.74,-14.1,-71.1,-25.3,-20.4,-17.0
21.75,-13.7,-70.7,-25.4,-19.9,-16.5
21.76,-11.4,-69.7,-14.8,-18.9,-16.9
21.77,-9.4,-69.6,-11.6,-20.3,-17.3
21.78,-8.8,-69.3,-10.6,-20.4,-17.6
21.79,-8.8,-69.7,-10.3,-19.7,-18.3
21.80,-8.9,-69.8,-10.2,-21.4,-18.2
21.81,-10.6,-70.7,-12.7,-21.8,-18.1
21.82,-12.2,-70.9,-14.9,-20.2,-17.8
21.83,-12.8,-71.1,-16.6,-21.3,-17.5
21.84,-12.7,-71.7,-17.3,-20.6,-17.6
21.85,-12.0,-72.0,-17.5,-19.4,-17.5
21.86,-12.5,-71.9,-18.7,-20.4,-17.5
21.87,-12.9,-72.0,-19.1,-20.9,-17.4
21.88,-13.0,-72.1,-20.8,-19.2,-17.8
21.89,-13.3,-72.2,-20.4,-20.1,-18.2
21.90,-14.3,-72.3,-21.0,-20.5,-18.9
21.91,-13.6,-72.4,-20.7,-19.1,-19.0
21.92,-13.2,-72.4,-20.7,-19.4,-18.4
21.93,-13.4,-72.1,-20.6,-20.9,-17.3
21.94,-13.1,-71.8,-21.0,-20.1,-16.8
21.95,-12.9,-71.9,-21.5,-20.1,-16.5
21.96,-13.5,-71.8,-22.3,-20.4,-16.5
21.97,-13.7,-71.9,-23.3,-19.6,-16.8
21.98,-13.7,-72.3,-24.5,-18.7,-17.2
21.99,-14.4,-72.1,-25.8,-19.4,-17.4
22.00,-13.7,-72.4,-26.5,-18.9,-17.7
22.01,-14.1,-72.0,-26.6,-18.7,-18.0
22.02,-14.4,-72.1,-26.4,-19.2,-17.8
22.03,-14.2,-72.0,-26.2,-19.0,-17.7
22.04,-14.0,-72.3,-25.8,-18.6,-17.6
22.05,-15.1,-72.2,-26.2,-19.3,-17.7
22.06,-14.6,-72.1,-26.7,-19.3,-17.6
22.07,-13.9,-71.8,-27.2,-19.1,-17.4
22.08,-12.2,-71.1,-16.1,-19.4,-17.9
22.09,-9.5,-70.6,-11.9,-19.5,-18.1
22.10,-9.2,-70.6,-11.2,-19.2,-18.4
22.11,-9.2,-70.3,-11.0,-20.2,-18.9
22.12,-9.4,-70.3,-11.1,-20.9,-19.5
22.13,-12.0,-70.3,-13.8,-20.7,-19.6
22.14,-14.9,-70.3,-20.2,-21.1,-19.5
22.15,-14.9,-70.1,-20.1,-21.3,-19.2
22.16,-14.7,-70.5,-20.3,-20.4,-19.0
22.17,-14.7,-70.6,-19.8,-20.5,-18.9
22.18,-15.1,-70.8,-21.3,-20.8,-18.7
22.19,-14.5,-70.9,-21.3,-20.4,-18.4
22.20,-14.6,-71.1,-21.8,-20.0,-18.0
22.21,-14.6,-71.0,-21.3,-20.5,-18.0
22.22,-14.7,-71.2,-21.5,-20.0,-18.1
22.23,-14.0,-71.6,-21.2,-19.6,-18.4
22.24,-14.3,-71.5,-21.3,-20.3,-18.5
22.25,-15.3,-71.6,-22.1,-21.1,-18.7
22.26,-14.3,-71.5,-22.4,-19.8,-18.6
22.27,-14.8,-71.7,-23.2,-20.2,-18.6
22.28,-14.7,-71.8,-23.9,-19.9,-18.4
22.29,-14.1,-71.9,-24.2,-18.7,-18.2
22.30,-14.4,-71.9,-25.0,-19.0,-18.2
22.31,-14.7,-71.7,-25.5,-19.4,-18.4
22.32,-14.1,-71.9,-25.7,-18.7,-18.5
22.33,-14.4,-71.6,-25.1,-18.8,-18.7
22.34,-15.1,-71.2,-24.4,-19.4,-18.7
22.35,-14.4,-71.0,-24.4,-19.0,-18.6
22.36,-14.5,-70.1,-24.2,-18.9,-18.4
22.37,-15.0,-70.0,-24.1,-19.8,-18.3
22.38,-14.9,-69.9,-24.5,-19.8,-18.3
22.39,-13.0,-69.5,-18.0,-19.2,-18.6
22.40,-10.8,-69.3,-12.9,-19.6,-18.9
22.41,-9.2,-69.6,-10.7,-19.9,-19.1
22.42,-8.7,-69.6,-10.3,-19.4,-19.0
22.43,-8.9,-69.7,-10.2,-20.6,-19.1
22.44,-10.0,-70.4,-12.0,-20.9,-18.5
22.45,-11.7,-70.8,-14.6,-20.2,-18.3
22.46,-12.9,-71.0,-17.1,-20.9,-18.1
22.47,-13.4,-71.3,-17.7,-21.0,-18.3
22.48,-13.0,-71.3,-18.1,-20.4,-17.9
22.49,-13.6,-71.5,-18.5,-21.5,-17.8
22.50,-13.9,-71.3,-19.7,-21.8,-17.6
22.51,-13.6,-71.0,-20.4,-20.6,-17.5
22.52,-13.5,-71.1,-20.5,-20.8,-17.1
22.53,-13.6,-71.1,-20.5,-20.9,-17.1
22.54,-13.2,-71.3,-20.0,-19.7,-17.2
22.55,-13.3,-71.6,-19.7,-19.9,-17.4
22.56,-13.8,-71.7,-19.6,-21.0,-18.1
22.57,-13.8,-71.5,-20.2,-20.2,-18.5
22.58,-13.5,-71.7,-20.3,-19.7,-18.4
22.59,-13.9,-71.7,-20.8,-20.8,-18.0
22.60,-13.9,-71.6,-21.6,-19.9,-18.1
22.61,-13.1,-71.5,-21.9,-18.5,-17.9
22.62,-13.9,-71.6,-22.1,-19.5,-17.8
22.63,-13.8,-71.5,-22.3,-19.4,-17.8
22.64,-13.3,-71.5,-22.2,-18.2,-17.7
22.65,-13.3,-71.7,-22.3,-18.9,-17.3
22.66,-13.8,-71.9,-22.4,-19.8,-17.0
22.67,-13.0,-71.7,-22.5,-18.6,-16.8
22.68,-13.2,-71.8,-22.6,-19.1,-17.2
22.69,-13.8,-71.7,-22.9,-20.2,-17.5
22.70,-13.6,-71.4,-22.9,-19.0,-18.1
22.71,-11.9,-71.1,-17.5,-18.1,-18.0
22.72,-9.3,-71.0,-12.2,-19.3,-18.1
22.73,-8.8,-71.1,-11.3,-18.7,-17.4
22.74,-8.4,-71.0,-11.2,-18.6,-16.9
22.75,-8.4,-71.0,-11.2,-19.4,-16.5
22.76,-9.2,-71.2,-12.8,-19.5,-16.0
22.77,-11.3,-71.0,-18.6,-19.3,-15.9
22.78,-11.4,-70.8,-19.5,-19.9,-15.9
22.79,-12.3,-70.8,-19.9,-20.8,-16.2
22.80,-12.4,-70.7,-19.3,-21.4,-16.9
22.81,-14.1,-70.3,-20.8,-22.4,-17.2
22.82,-14.0,-70.6,-20.6,-22.0,-17.5
22.83,-14.6,-70.5,-21.4,-22.6,-17.8
22.84,-14.3,-70.3,-20.6,-21.6,-18.5
22.85,-15.0,-70.2,-20.5,-22.2,-17.9
22.86,-13.9,-69.9,-19.9,-21.2,-17.7
22.87,-13.9,-70.0,-19.5,-22.3,-17.7
22.88,-14.0,-69.4,-19.6,-21.7,-18.0
22.89,-13.6,-69.7,-20.1,-22.4,-17.6
22.90,-13.5,-69.8,-20.8,-20.5,-17.4
22.91,-14.1,-69.7,-21.4,-21.5,-17.7
22.92,-13.9,-69.9,-22.1,-19.8,-17.6
22.93,-14.4,-70.1,-22.5,-20.6,-17.7
22.94,-13.9,-70.1,-22.9,-19.2,-18.2
22.95,-14.3,-69.9,-22.9,-20.5,-18.3
22.96,-13.2,-69.8,-22.8,-18.9,-17.7
22.97,-13.3,-69.7,-22.6,-20.0,-17.6
22.98,-12.8,-69.8,-23.0,-19.0,-17.3
22.99,-13.2,-69.7,-22.9,-19.8,-17.6
23.00,-13.3,-69.7,-22.8,-19.0,-18.3
23.01,-13.2,-69.2,-22.7,-19.2,-18.6
23.02,-12.5,-69.3,-19.3,-18.8,-18.5
23.03,-10.3,-68.9,-13.0,-18.9,-18.6
23.04,-8.9,-69.1,-11.2,-19.2,-18.5
23.05,-8.7,-69.5,-10.8,-19.8,-18.5
23.06,-9.0,-69.7,-10.7,-21.5,-18.7
23.07,-10.2,-70.2,-12.2,-22.2,-18.5
23.08,-12.4,-70.3,-15.5,-23.9,-18.1
23.09,-13.5,-69.9,-17.4,-23.2,-17.9
23.10,-13.6,-70.2,-17.7,-23.2,-18.0
23.11,-13.7,-70.3,-18.1,-22.0,-18.2
23.12,-13.7,-70.7,-17.9,-22.0,-18.0
23.13,-13.6,-70.8,-19.5,-21.6,-17.4
23.14,-13.9,-70.8,-20.5,-21.9,-17.2
23.15,-13.4,-70.9,-20.7,-22.0,-17.3
23.16,-13.5,-70.5,-20.9,-22.6,-17.0
23.17,-13.7,-70.9,-21.1,-22.5,-17.3
23.18,-14.3,-70.7,-21.0,-22.9,-17.9
23.19,-14.1,-71.0,-20.9,-22.9,-18.0
23.20,-14.2,-70.9,-21.3,-23.5,-17.8
23.21,-13.6,-70.6,-21.5,-22.3,-17.4
23.22,-12.9,-70.6,-22.4,-20.3,-16.9
23.23,-12.7,-71.1,-22.9,-19.9,-16.3
23.24,-12.2,-71.0,-23.8,-19.7,-15.6
23.25,-12.1,-70.8,-24.8,-19.9,-15.1
23.26,-12.5,-68.0,-25.2,-21.1,-15.0
23.27,-12.5,-64.4,-25.2,-22.7,-14.7
23.28,-12.7,-61.4,-25.1,-23.5,-14.7
23.29,-12.4,-59.3,-24.5,-22.9,-14.5
23.30,-12.6,-57.9,-24.2,-22.7,-14.8
23.31,-12.7,-57.6,-24.4,-22.2,-15.1
23.32,-13.1,-58.1,-24.6,-22.3,-15.5
23.33,-13.6,-59.5,-24.8,-21.9,-16.2
23.34,-13.7,-61.8,-21.5,-22.5,-17.2
23.35,-9.7,-65.9,-12.3,-22.1,-17.8
23.36,-9.3,-69.7,-11.4,-22.7,-18.2
23.37,-9.1,-70.0,-11.2,-22.2,-18.7
23.38,-9.0,-68.4,-11.2,-22.6,-18.6
23.39,-9.9,-67.0,-12.6,-22.4,-18.1
23.40,-12.2,-66.2,-17.1,-22.6,-17.5
23.41,-12.6,-65.5,-18.5,-23.0,-18.1
23.42,-13.5,-65.5,-18.9,-23.2,-18.3
23.43,-13.6,-66.5,-18.7,-22.9,-18.9
23.44,-15.0,-67.0,-19.8,-22.6,-19.5
23.45,-14.9,-68.0,-20.1,-22.0,-20.2
23.46,-14.7,-68.8,-21.2,-21.5,-20.0
23.47,-14.2,-69.0,-20.8,-21.2,-19.5
23.48,-14.3,-68.9,-21.4,-21.2,-19.1
23.49,-13.8,-69.1,-21.0,-21.3,-18.3
23.50,-13.7,-69.7,-21.3,-21.9,-17.7
23.51,-14.0,-69.9,-21.4,-23.4,-17.2
23.52,-13.6,-69.8,-22.1,-23.2,-16.7
23.53,-13.2,-69.3,-23.0,-21.8,-16.5
23.54,-13.0,-69.0,-23.9,-20.5,-16.5
23.55,-13.0,-68.8,-24.6,-19.3,-16.2
23.56,-12.9,-68.8,-25.7,-18.8,-16.1
23.57,-13.2,-68.3,-26.3,-18.6,-16.1
23.58,-13.7,-68.2,-26.1,-19.6,-16.1
23.59,-13.7,-68.5,-25.9,-19.3,-16.1
23.60,-14.0,-68.4,-25.8,-20.1,-16.3
23.61,-14.4,-68.4,-26.0,-19.6,-17.0
23.62,-14.5,-68.8,-25.3,-20.3,-17.2
23.63,-14.2,-68.4,-25.4,-19.6,-17.7
23.64,-14.7,-67.6,-25.2,-20.1,-17.8
23.65,-14.0,-67.4,-22.8,-19.3,-17.5
23.66,-11.1,-66.5,-13.6,-19.7,-17.7
23.67,-9.1,-66.4,-11.5,-18.9,-18.0
23.68,-9.0,-66.5,-11.0,-19.3,-18.2
23.69,-8.7,-66.9,-10.7,-18.3,-18.9
23.70,-9.2,-67.7,-11.5,-18.5,-18.8
23.71,-10.1,-67.9,-14.1,-17.7,-18.4
23.72,-11.8,-67.6,-17.3,-17.9,-17.9
23.73,-11.3,-67.0,-17.5,-16.9,-17.4
23.74,-11.7,-66.5,-17.9,-17.4,-17.1
23.75,-11.4,-66.5,-18.3,-16.4,-17.5
23.76,-11.9,-67.0,-19.7,-16.8,-17.5
23.77,-12.2,-67.8,-20.9,-16.0,-18.1
23.78,-12.2,-69.3,-21.4,-16.5,-18.6
23.79,-12.0,-70.4,-21.6,-15.8,-18.9
23.80,-12.4,-71.1,-21.6,-16.4,-18.3
23.81,-12.4,-71.5,-21.5,-15.9,-18.4
23.82,-12.5,-72.2,-21.6,-16.6,-17.9
23.83,-12.5,-71.8,-22.3,-16.1,-17.5
23.84,-13.0,-71.6,-22.8,-16.6,-18.0
23.85,-12.8,-71.7,-24.3,-16.1,-17.8
23.86,-12.6,-71.0,-25.1,-16.5,-17.3
23.87,-12.6,-70.6,-26.2,-15.9,-17.1
23.88,-12.6,-70.2,-27.8,-16.3,-16.7
23.89,-12.3,-70.2,-27.9,-15.8,-16.4
23.90,-12.7,-69.8,-27.9,-16.2,-16.2
23.91,-12.3,-69.8,-27.8,-15.7,-16.1
23.92,-12.4,-69.7,-27.0,-16.1,-16.3
23.93,-11.7,-69.8,-27.1,-15.7,-16.4
23.94,-12.0,-69.3,-26.6,-16.0,-16.5
23.95,-12.3,-68.8,-26.6,-15.8,-16.8
23.96,-12.3,-68.4,-26.6,-16.1,-16.9
23.97,-12.0,-67.7,-22.6,-16.0,-17.2
23.98,-9.9,-67.4,-12.5,-16.5,-17.3
23.99,-8.8,-67.7,-11.2,-16.7,-17.1
24.00,-8.7,-67.9,-11.1,-17.0,-17.2
24.01,-8.4,-67.8,-11.0,-16.9,-16.8
24.02,-9.0,-68.1,-12.2,-17.2,-16.6
24.03,-10.2,-67.9,-16.2,-16.8,-16.6
24.04,-11.2,-67.5,-19.2,-17.0,-16.9
24.05,-12.0,-66.8,-19.5,-17.1,-16.8
24.06,-12.2,-66.4,-19.2,-17.2,-17.3
24.07,-12.4,-66.2,-19.3,-17.3,-17.4
24.08,-12.6,-65.7,-20.2,-17.1,-17.5
24.09,-12.5,-65.5,-21.7,-17.4,-17.5
24.10,-12.0,-65.7,-21.0,-16.8,-17.9
24.11,-13.2,-65.3,-21.4,-17.2,-18.3
24.12,-12.4,-64.3,-21.0,-16.5,-18.3
24.13,-12.9,-62.9,-21.2,-17.1,-18.3
24.14,-12.3,-61.0,-21.0,-16.6,-17.9
24.15,-13.2,-59.2,-21.8,-17.4,-17.9
24.16,-12.8,-58.5,-22.4,-16.9,-17.7
24.17,-13.5,-58.2,-23.1,-17.7,-17.7
24.18,-13.4,-58.9,-24.0,-17.2,-18.0
24.19,-13.5,-59.9,-25.1,-17.9,-18.0
24.20,-13.4,-61.7,-25.9,-17.4,-18.1
24.21,-13.7,-63.4,-26.1,-18.3,-18.0
24.22,-13.6,-65.0,-26.1,-17.8,-18.2
24.23,-14.4,-65.5,-26.7,-18.6,-18.1
24.24,-14.1,-65.7,-26.5,-18.0,-17.8
24.25,-15.0,-65.7,-26.2,-18.7,-17.9
24.26,-14.2,-66.1,-26.2,-18.0,-17.7
24.27,-14.7,-65.9,-25.7,-18.7,-17.6
24.28,-14.2,-65.7,-25.4,-18.2,-17.8
24.29,-11.0,-65.4,-13.4,-19.2,-18.2
24.30,-9.4,-66.1,-11.0,-19.6,-19.0
24.31,-9.1,-66.2,-10.4,-19.9,-19.8
24.32,-8.8,-65.8,-10.1,-20.2,-20.0
24.33,-9.1,-64.6,-10.5,-19.7,-20.2
24.34,-10.6,-62.9,-12.4,-19.2,-20.1
24.35,-12.6,-61.7,-16.6,-18.8,-19.6
24.36,-13.1,-60.7,-17.8,-18.4,-19.7
24.37,-13.4,-60.7,-18.2,-18.9,-19.3
24.38,-13.2,-61.4,-18.1,-18.3,-18.7
24.39,-13.3,-62.5,-19.9,-19.0,-17.8
24.40,-12.8,-65.0,-20.3,-17.7,-17.5
24.41,-13.7,-67.4,-20.8,-18.8,-17.4
24.42,-13.1,-68.6,-20.4,-17.5,-17.5
24.43,-13.1,-69.0,-20.6,-18.3,-17.7
24.44,-12.5,-69.0,-19.7,-17.3,-17.9
24.45,-12.0,-69.1,-19.4,-17.2,-18.0
24.46,-12.2,-69.0,-19.9,-16.8,-18.3
24.47,-12.0,-68.8,-19.9,-16.2,-18.1
24.48,-12.3,-69.0,-20.7,-16.1,-18.0
24.49,-12.2,-69.3,-21.4,-15.8,-18.0
24.50,-12.6,-69.3,-21.9,-16.1,-17.6
24.51,-12.7,-69.5,-22.2,-15.9,-17.4
24.52,-12.8,-69.8,-22.6,-16.1,-17.4
24.53,-13.1,-69.8,-22.5,-16.4,-17.5
24.54,-12.6,-69.6,-21.8,-16.5,-17.3
24.55,-12.7,-69.9,-21.7,-16.6,-17.4
24.56,-12.9,-69.7,-22.0,-16.6,-17.4
24.57,-12.9,-69.6,-22.3,-16.8,-17.4
24.58,-12.9,-69.4,-22.8,-16.8,-17.3
24.59,-12.5,-69.2,-22.7,-16.4,-17.6
24.60,-12.4,-68.9,-21.9,-16.3,-17.6
24.61,-9.9,-68.6,-13.5,-17.2,-17.4
24.62,-9.0,-68.4,-11.1,-18.2,-16.9
24.63,-9.0,-67.7,-11.0,-19.3,-16.8
24.64,-9.2,-67.3,-10.9,-20.8,-16.7
24.65,-9.2,-67.0,-11.1,-21.9,-16.8
24.66,-10.9,-67.1,-15.4,-19.8,-17.0
24.67,-11.7,-66.8,-18.6,-18.6,-17.4
24.68,-11.6,-66.5,-18.9,-17.4,-17.6
24.69,-11.3,-66.2,-18.6,-16.5,-17.8
24.70,-11.0,-65.3,-18.6,-16.2,-17.5
24.71,-11.5,-64.8,-20.2,-16.0,-17.2
24.72,-11.6,-63.8,-21.3,-15.8,-17.1
24.73,-11.1,-61.9,-20.7,-15.9,-17.2
24.74,-11.4,-61.0,-20.4,-15.8,-17.4
24.75,-11.4,-60.2,-20.0,-16.0,-18.1
24.76,-11.5,-60.0,-18.8,-16.1,-18.6
24.77,-10.9,-60.1,-17.1,-16.2,-18.5
24.78,-11.4,-60.6,-16.2,-16.3,-18.5
24.79,-11.3,-59.9,-15.7,-16.4,-18.6
24.80,-11.7,-58.8,-15.7,-16.5,-18.4
24.81,-12.0,-56.8,-16.7,-16.3,-18.3
24.82,-12.7,-54.6,-18.1,-16.5,-18.4
24.83,-13.0,-53.2,-20.4,-16.1,-18.7
24.84,-12.9,-52.5,-17.5,-16.4,-18.6
24.85,-11.6,-51.4,-15.3,-16.1,-18.9
24.86,-11.2,-50.6,-14.4,-16.4,-18.7
24.87,-11.1,-49.8,-14.0,-16.2,-19.0
24.88,-10.9,-49.2,-13.6,-16.4,-18.7
24.89,-11.3,-48.5,-15.3,-16.3,-18.9
24.90,-12.1,-48.7,-17.2,-16.4,-18.6
24.91,-12.9,-48.8,-18.6,-16.2,-19.0
24.92,-11.3,-48.3,-14.1,-16.2,-18.9
24.93,-10.1,-48.9,-11.6,-16.1,-18.7
24.94,-9.5,-49.3,-10.9,-16.2,-18.4
24.95,-9.3,-49.0,-10.5,-16.1,-18.1
24.96,-9.5,-49.0,-10.5,-16.4,-18.1
24.97,-10.3,-49.9,-12.2,-16.4,-18.1
24.98,-11.3,-49.8,-15.1,-16.8,-17.8
24.99,-11.9,-50.6,-16.5,-16.9,-17.5
25.00,-11.3,-51.8,-15.8,-17.0,-17.9
25.01,-10.0,-52.8,-14.3,-16.9,-18.1
25.02,-9.3,-54.3,-13.7,-16.8,-18.5
25.03,-8.8,-54.3,-13.2,-16.6,-19.5
25.04,-8.6,-49.2,-13.1,-16.4,-20.2
25.05,-8.6,-39.7,-13.5,-16.1,-19.9
25.06,-9.6,-32.5,-15.1,-16.2,-19.9
25.07,-9.6,-28.7,-15.2,-16.2,-19.9
25.08,-9.2,-25.3,-12.7,-16.4,-20.1
25.09,-9.2,-23.2,-12.0,-16.8,-20.5
25.10,-9.7,-21.0,-11.7,-17.5,-20.4
25.11,-10.1,-19.2,-11.8,-18.5,-20.3
25.12,-10.4,-18.8,-12.1,-19.2,-20.4
25.13,-12.2,-18.2,-15.5,-20.4,-20.0
25.14,-12.8,-18.1,-17.9,-20.4,-20.0
25.15,-11.5,-17.8,-16.9,-19.7,-20.2
25.16,-10.2,-17.7,-14.8,-18.7,-20.3
25.17,-10.5,-17.6,-14.0,-18.1,-20.6
25.18,-9.8,-17.9,-13.0,-17.7,-20.8
25.19,-9.3,-18.7,-12.7,-17.1,-21.3
25.20,-10.5,-20.1,-13.7,-17.0,-21.4
25.21,-10.9,-22.3,-14.6,-17.1,-21.6
25.22,-10.9,-24.3,-15.8,-17.1,-22.1
25.23,-12.1,-23.6,-17.0,-17.5,-22.2
25.24,-11.7,-21.2,-15.4,-18.1,-22.5
25.25,-10.4,-19.5,-11.9,-18.7,-23.1
25.26,-10.4,-18.0,-11.8,-19.2,-23.0
25.27,-9.5,-16.8,-11.6,-19.3,-22.5
25.28,-9.9,-16.3,-11.9,-18.7,-22.5
25.29,-10.2,-15.7,-14.8,-18.1,-22.1
25.30,-10.0,-15.2,-17.7,-17.8,-21.6
25.31,-10.5,-15.4,-19.4,-17.7,-21.4
25.32,-10.1,-15.1,-18.8,-17.4,-21.5
25.33,-10.2,-15.0,-18.5,-17.5,-21.7
25.34,-10.8,-15.1,-19.3,-17.6,-21.9
25.35,-10.4,-15.4,-18.6,-17.4,-22.0
25.36,-11.3,-15.4,-19.0,-17.4,-22.5
25.37,-11.2,-15.9,-18.9,-17.8,-22.9
25.38,-11.5,-16.5,-19.0,-17.6,-23.0
25.39,-11.7,-17.0,-19.8,-17.2,-23.4
25.40,-12.1,-16.8,-19.7,-18.0,-23.8
25.41,-12.0,-16.7,-19.2,-18.9,-23.9
25.42,-11.4,-16.0,-18.6,-18.9,-23.9
25.43,-11.4,-15.8,-18.2,-18.9,-23.8
25.44,-10.8,-15.4,-17.5,-19.0,-23.5
25.45,-10.8,-15.3,-17.5,-18.1,-23.9
25.46,-11.1,-15.1,-18.2,-18.1,-23.9
25.47,-11.2,-15.0,-18.5,-18.2,-23.9
25.48,-11.3,-15.0,-19.8,-17.9,-23.9
25.49,-12.1,-15.0,-20.9,-18.5,-23.6
25.50,-12.3,-15.3,-21.1,-18.7,-23.7
25.51,-12.2,-15.3,-20.9,-18.5,-23.6
25.52,-12.7,-15.7,-21.0,-18.7,-23.6
25.53,-12.6,-15.7,-20.5,-19.2,-24.1
25.54,-12.4,-15.8,-20.4,-19.3,-23.7
25.55,-12.6,-16.1,-20.4,-19.6,-23.3
25.56,-9.5,-16.0,-11.7,-20.9,-23.1
25.57,-9.0,-16.1,-10.8,-21.9,-23.3
25.58,-8.9,-16.0,-10.7,-21.0,-24.0
25.59,-9.0,-15.8,-10.7,-20.9,-25.1
25.60,-9.8,-15.5,-11.7,-19.7,-26.6
25.61,-11.8,-15.4,-16.4,-18.8,-27.9
25.62,-12.4,-15.7,-18.3,-18.4,-28.2
25.63,-12.9,-15.9,-18.9,-18.9,-28.4
25.64,-12.8,-16.5,-18.4,-18.8,-27.6
25.65,-12.8,-16.4,-19.7,-18.6,-27.6
25.66,-12.9,-16.3,-19.7,-19.0,-27.4
25.67,-13.0,-15.9,-20.9,-19.1,-27.4
25.68,-12.5,-15.7,-20.1,-18.8,-27.6
25.69,-12.8,-15.6,-20.7,-18.8,-27.9
25.70,-12.9,-16.2,-20.2,-19.2,-27.4
25.71,-13.2,-17.3,-19.9,-19.2,-26.9
25.72,-14.2,-18.4,-20.2,-19.9,-26.4
25.73,-14.1,-18.4,-21.3,-20.0,-26.2
25.74,-13.7,-17.1,-22.1,-19.2,-26.1
25.75,-12.6,-15.5,-22.9,-18.7,-26.3
25.76,-11.7,-14.6,-23.6,-17.8,-26.4
25.77,-11.7,-14.1,-24.4,-17.2,-26.4
25.78,-11.6,-14.2,-24.1,-17.1,-26.5
25.79,-12.1,-14.7,-24.0,-17.4,-26.4
25.80,-12.4,-15.2,-23.7,-17.3,-26.4
25.81,-12.8,-15.5,-23.8,-17.4,-26.1
25.82,-12.7,-15.4,-23.7,-17.6,-26.1
25.83,-12.4,-15.3,-23.5,-17.7,-25.8
25.84,-12.0,-15.2,-23.7,-17.5,-25.9
25.85,-12.3,-15.4,-24.0,-17.7,-26.0
25.86,-12.4,-15.4,-24.2,-17.8,-25.8
25.87,-10.9,-15.2,-15.6,-18.4,-25.9
25.88,-8.8,-15.1,-10.7,-18.7,-26.3
25.89,-8.4,-15.0,-10.2,-19.7,-26.8
25.90,-8.2,-14.6,-10.0,-19.5,-27.0
25.91,-8.2,-14.7,-10.1,-19.3,-27.0
25.92,-10.3,-14.7,-12.8,-18.8,-27.2
25.93,-12.1,-14.8,-19.0,-18.3,-26.8
25.94,-12.2,-14.7,-19.2,-18.3,-26.7
25.95,-12.1,-14.7,-19.4,-18.4,-26.8
25.96,-11.7,-14.5,-19.1,-18.4,-26.8
25.97,-12.0,-14.4,-21.2,-18.2,-26.9
25.98,-12.0,-14.5,-21.4,-18.2,-27.2
25.99,-12.3,-14.6,-22.2,-18.4,-27.5
26.00,-11.9,-14.5,-21.2,-18.2,-27.4
26.01,-11.9,-14.8,-21.2,-18.2,-27.3
26.02,-11.9,-14.6,-20.6,-18.3,-26.9
26.03,-12.0,-14.6,-20.4,-18.9,-26.6
26.04,-12.0,-14.5,-21.3,-19.1,-26.2
26.05,-12.3,-14.7,-21.8,-19.1,-26.1
26.06,-12.6,-14.9,-23.5,-18.6,-26.2
26.07,-12.6,-15.0,-24.5,-18.1,-26.0
26.08,-12.7,-15.5,-25.4,-17.5,-25.8
26.09,-13.1,-16.3,-26.6,-17.3,-25.5
26.10,-13.7,-17.8,-26.5,-17.3,-24.9
26.11,-14.3,-19.9,-26.2,-17.4,-24.3
26.12,-15.4,-22.7,-25.4,-18.0,-24.2
26.13,-15.4,-27.9,-24.5,-17.9,-23.4
26.14,-15.3,-30.5,-24.6,-17.6,-23.3
26.15,-16.0,-34.1,-25.0,-18.0,-23.4
26.16,-15.8,-36.4,-25.2,-17.9,-23.4
26.17,-15.9,-36.3,-25.2,-17.7,-23.8
26.18,-16.5,-36.9,-22.7,-18.0,-24.3
26.19,-11.2,-36.7,-11.6,-18.8,-24.7
26.20,-9.7,-31.1,-9.8,-19.6,-25.2
26.21,-9.1,-22.3,-9.7,-19.6,-25.5
26.22,-8.8,-18.7,-9.6,-19.9,-25.8
26.23,-8.8,-16.7,-10.2,-19.5,-26.3
26.24,-10.7,-15.3,-14.5,-18.8,-26.6
26.25,-11.3,-14.3,-18.1,-18.3,-26.9
26.26,-11.4,-14.0,-18.5,-18.6,-27.3
26.27,-11.5,-14.0,-18.3,-18.4,-27.6
26.28,-10.9,-13.8,-19.0,-18.3,-27.7
26.29,-11.2,-14.0,-20.4,-18.2,-27.7
26.30,-11.7,-14.2,-22.6,-17.9,-27.7
26.31,-11.4,-14.4,-21.0,-17.7,-27.7
26.32,-11.6,-14.5,-21.2,-17.7,-27.6
26.33,-11.5,-14.7,-20.4,-17.5,-27.5
26.34,-11.3,-14.9,-20.3,-17.5,-27.0
26.35,-11.8,-15.1,-20.1,-18.1,-26.8
26.36,-12.2,-15.3,-21.2,-18.7,-26.3
26.37,-12.0,-15.1,-21.9,-18.0,-25.9
26.38,-12.5,-15.3,-23.0,-18.2,-25.9
26.39,-12.6,-15.3,-24.2,-17.7,-25.8
26.40,-12.5,-15.3,-25.6,-17.3,-26.0
26.41,-12.5,-15.3,-27.1,-17.1,-25.8
26.42,-12.8,-15.4,-26.7,-17.5,-25.9
26.43,-12.8,-15.4,-26.1,-17.4,-26.2
26.44,-12.7,-15.2,-26.0,-17.5,-26.4
26.45,-12.6,-15.4,-24.7,-17.7,-26.8
26.46,-12.6,-15.1,-24.2,-17.7,-27.3
26.47,-12.4,-15.0,-24.8,-17.5,-27.3
26.48,-12.3,-14.9,-24.6,-17.7,-27.5
26.49,-12.5,-15.1,-24.8,-17.8,-27.5
26.50,-12.1,-15.3,-16.8,-18.0,-27.6
26.51,-9.5,-15.4,-11.0,-18.9,-28.2
26.52,-9.0,-15.5,-10.0,-20.1,-28.6
26.53,-8.6,-14.9,-9.9,-19.4,-29.3
26.54,-8.5,-14.4,-10.0,-19.6,-29.6
26.55,-9.0,-13.9,-11.2,-19.1,-29.9
26.56,-11.1,-13.7,-17.8,-18.0,-30.2
26.57,-11.0,-13.6,-18.2,-17.7,-30.1
26.58,-11.4,-13.8,-19.1,-18.3,-30.2
26.59,-11.2,-13.9,-18.8,-18.3,-30.8
26.60,-11.4,-14.1,-21.2,-18.1,-30.5
26.61,-11.6,-14.1,-21.0,-18.3,-30.7
26.62,-12.0,-14.3,-22.6,-18.4,-30.6
26.63,-11.8,-14.5,-21.2,-18.1,-30.2
26.64,-12.2,-14.7,-21.7,-18.0,-29.9
26.65,-11.9,-14.7,-20.6,-18.1,-29.4
26.66,-11.5,-14.5,-20.2,-18.3,-29.1
26.67,-11.4,-14.2,-21.1,-18.2,-27.6
26.68,-11.6,-14.1,-21.8,-18.3,-26.8
26.69,-11.6,-14.0,-23.3,-17.9,-26.6
26.70,-11.5,-14.1,-24.4,-17.5,-26.2
26.71,-11.4,-14.3,-25.5,-17.0,-26.5
26.72,-11.5,-14.3,-27.0,-16.8,-27.2
26.73,-11.6,-14.5,-27.8,-16.8,-27.2
26.74,-11.9,-14.6,-27.5,-17.1,-27.1
26.75,-12.1,-14.5,-26.6,-17.2,-27.2
26.76,-11.8,-14.6,-25.3,-17.0,-27.1
26.77,-11.6,-14.6,-25.2,-16.9,-26.8
26.78,-11.8,-14.4,-25.0,-17.2,-26.9
26.79,-11.6,-14.3,-25.1,-17.2,-26.9
26.80,-11.4,-14.1,-25.1,-17.1,-26.8
26.81,-11.6,-14.0,-24.0,-17.5,-27.2
26.82,-10.5,-14.3,-13.7,-18.1,-27.9
26.83,-8.9,-14.8,-10.0,-18.9,-28.6
26.84,-8.8,-15.1,-9.8,-19.3,-29.6
26.85,-8.6,-15.4,-9.7,-19.2,-30.5
26.86,-8.9,-15.6,-9.8,-19.2,-30.3
26.87,-11.1,-15.6,-14.5,-18.7,-30.6
26.88,-12.4,-15.5,-18.5,-18.1,-30.2
26.89,-12.5,-15.5,-18.6,-17.9,-30.0
26.90,-12.5,-15.5,-18.4,-18.0,-30.1
26.91,-11.8,-15.6,-18.3,-18.0,-30.4
26.92,-12.0,-16.0,-20.4,-17.7,-30.4
26.93,-12.6,-16.6,-21.9,-17.5,-30.8
26.94,-13.1,-17.2,-21.3,-17.6,-31.2
26.95,-12.9,-18.0,-20.8,-17.4,-31.2
26.96,-13.0,-18.6,-20.5,-17.3,-31.1
26.97,-13.4,-19.2,-20.5,-17.5,-30.8
26.98,-13.7,-19.6,-20.1,-18.1,-29.5
26.99,-13.8,-19.5,-21.3,-18.4,-28.7
27.00,-13.7,-19.2,-21.9,-18.0,-27.7
27.01,-14.1,-19.4,-23.2,-18.3,-27.2
27.02,-13.8,-19.5,-24.1,-17.8,-26.9
27.03,-14.0,-20.3,-25.6,-17.4,-26.9
27.04,-14.5,-21.7,-27.3,-17.3,-26.9
27.05,-15.2,-23.8,-27.5,-17.7,-26.9
27.06,-15.5,-25.8,-27.5,-17.6,-26.6
27.07,-16.0,-29.6,-26.9,-17.8,-26.4
27.08,-15.5,-34.3,-25.3,-17.7,-26.3
27.09,-15.3,-37.6,-24.9,-17.5,-25.9
27.10,-15.6,-38.3,-25.5,-17.5,-25.7
27.11,-15.6,-38.0,-25.7,-17.7,-25.6
27.12,-15.6,-36.9,-25.7,-17.7,-25.0
27.13,-15.1,-34.9,-20.3,-17.9,-25.1
27.14,-10.3,-34.4,-10.9,-18.9,-25.5
27.15,-9.5,-33.4,-9.8,-19.7,-25.4
27.16,-9.2,-32.1,-9.7,-18.9,-26.2
27.17,-9.4,-31.1,-9.7,-19.3,-27.1
27.18,-10.2,-30.4,-10.8,-18.4,-26.8
27.19,-13.3,-29.1,-16.6,-17.5,-27.0
27.20,-14.2,-28.1,-18.1,-17.5,-27.1
27.21,-15.0,-27.7,-19.1,-17.9,-26.9
27.22,-14.5,-27.5,-18.6,-17.7,-26.8
27.23,-15.4,-27.4,-21.0,-17.7,-26.9
27.24,-15.5,-27.1,-20.9,-18.0,-26.8
27.25,-15.9,-26.8,-22.6,-18.0,-26.5
27.26,-15.2,-26.6,-21.5,-17.8,-26.6
27.27,-15.4,-26.4,-22.2,-18.0,-26.4
27.28,-15.0,-26.3,-20.9,-18.0,-26.4
27.29,-14.7,-27.1,-20.3,-18.2,-26.5
27.30,-15.4,-27.5,-20.6,-18.8,-26.3
27.31,-16.1,-28.4,-21.4,-19.2,-25.9
27.32,-16.1,-29.3,-22.3,-18.2,-25.4
27.33,-15.8,-30.7,-23.6,-17.9,-24.6
27.34,-15.1,-32.2,-25.3,-17.4,-24.6
27.35,-15.4,-33.8,-27.7,-16.9,-23.9
27.36,-15.5,-35.2,-29.0,-16.8,-23.9
27.37,-15.7,-37.3,-28.1,-17.3,-24.1
27.38,-15.9,-38.0,-26.7,-17.5,-24.0
27.39,-15.7,-34.8,-25.7,-17.4,-24.1
27.40,-15.3,-27.5,-25.3,-17.4,-24.3
27.41,-14.5,-21.4,-25.1,-17.4,-24.3
27.42,-13.6,-17.9,-25.4,-17.3,-24.3
27.43,-12.6,-16.3,-25.5,-17.2,-24.1
27.44,-12.0,-15.0,-25.4,-17.5,-24.3
27.45,-10.6,-14.6,-15.4,-18.0,-24.3
27.46,-8.5,-14.9,-10.5,-18.5,-24.2
27.47,-8.4,-15.0,-10.2,-18.9,-25.1
27.48,-8.0,-14.4,-10.1,-18.6,-26.0
27.49,-7.9,-13.8,-10.2,-18.2,-26.2
27.50,-9.4,-13.0,-14.1,-17.9,-27.5
27.51,-10.1,-12.5,-19.5,-17.5,-28.3
27.52,-10.3,-12.4,-19.6,-17.5,-28.7
27.53,-10.1,-12.1,-19.4,-17.6,-29.2
27.54,-9.7,-11.9,-19.2,-17.8,-29.7
27.55,-10.4,-12.2,-21.3,-17.8,-30.3
27.56,-10.1,-11.9,-22.2,-17.5,-30.1
27.57,-10.1,-11.7,-22.0,-17.7,-30.1
27.58,-10.0,-11.8,-21.3,-17.9,-30.3
27.59,-10.1,-12.4,-21.1,-17.7,-30.3
27.60,-10.2,-12.6,-20.7,-17.7,-30.2
27.61,-10.7,-12.8,-20.6,-18.3,-30.2
27.62,-11.3,-13.4,-21.7,-18.9,-29.5
27.63,-11.1,-13.1,-21.7,-18.8,-29.2
27.64,-11.6,-13.3,-23.0,-18.4,-28.6
27.65,-11.8,-13.4,-24.0,-18.3,-28.0
27.66,-11.5,-13.2,-25.2,-17.7,-28.2
27.67,-11.9,-13.4,-27.1,-17.5,-27.9
27.68,-11.6,-13.1,-27.6,-17.6,-27.6
27.69,-11.9,-13.4,-26.9,-17.8,-27.9
27.70,-12.5,-13.7,-25.7,-18.3,-28.2
27.71,-13.0,-14.8,-24.1,-18.2,-28.1
27.72,-14.0,-16.3,-23.8,-18.0,-28.5
27.73,-15.4,-18.6,-24.1,-18.2,-28.5
27.74,-15.7,-20.1,-24.7,-18.2,-29.1
27.75,-15.9,-20.7,-25.2,-18.1,-29.5
27.76,-15.9,-21.7,-21.8,-18.4,-29.0
27.77,-10.3,-19.3,-11.6,-19.0,-28.1
27.78,-9.1,-16.4,-10.4,-19.6,-27.0
27.79,-8.9,-15.2,-10.3,-20.0,-26.4
27.80,-8.3,-14.0,-10.3,-19.3,-25.2
27.81,-8.9,-13.3,-11.3,-19.6,-24.9
27.82,-11.0,-13.5,-15.6,-19.4,-24.3
27.83,-11.9,-13.9,-18.2,-19.2,-24.1
27.84,-12.0,-14.5,-19.1,-19.9,-23.3
27.85,-12.4,-15.0,-18.6,-19.7,-23.2
27.86,-12.7,-15.6,-20.4,-19.3,-22.7
27.87,-12.7,-15.5,-21.0,-18.4,-22.7
27.88,-12.9,-15.4,-22.8,-18.2,-22.7
27.89,-12.3,-14.7,-21.7,-17.5,-23.0
27.90,-11.7,-14.3,-22.4,-18.0,-23.3
27.91,-11.3,-14.1,-21.0,-17.5,-23.9
27.92,-11.2,-14.0,-20.1,-18.3,-24.5
27.93,-11.2,-14.2,-19.9,-18.1,-24.9
27.94,-11.3,-14.2,-20.8,-17.8,-25.3
27.95,-10.8,-14.5,-21.1,-16.3,-25.3
27.96,-11.0,-14.6,-22.4,-16.1,-25.5
27.97,-10.7,-14.6,-25.0,-15.0,-25.3
27.98,-11.1,-14.6,-26.6,-15.4,-25.4
27.99,-10.8,-14.4,-26.9,-14.9,-25.5
28.00,-11.5,-14.5,-26.4,-15.9,-25.6
28.01,-10.8,-14.4,-25.5,-15.2,-24.9
28.02,-11.4,-14.6,-25.6,-16.0,-25.1
28.03,-10.9,-14.7,-25.2,-15.3,-24.7
28.04,-11.3,-14.9,-25.2,-16.0,-24.8
28.05,-11.1,-15.0,-25.9,-15.2,-24.6
28.06,-11.5,-14.9,-25.9,-16.0,-25.2
28.07,-11.2,-15.0,-25.5,-15.3,-24.7
28.08,-10.4,-14.9,-15.3,-16.0,-25.3
28.09,-8.9,-15.5,-10.1,-15.6,-25.4
28.10,-8.6,-15.8,-9.4,-16.1,-26.2
28.11,-8.5,-16.6,-9.3,-15.5,-26.3
28.12,-8.9,-17.8,-9.4,-16.0,-27.5
28.13,-11.1,-19.2,-11.0,-15.7,-27.5
28.14,-13.5,-20.9,-17.6,-16.3,-27.8
28.15,-14.1,-23.6,-17.7,-16.2,-27.5
28.16,-15.4,-29.1,-18.1,-17.4,-27.5
28.17,-15.0,-34.6,-18.0,-16.8,-27.3
28.18,-15.5,-36.9,-21.1,-17.4,-26.9
28.19,-14.5,-37.6,-20.9,-16.8,-26.7
28.20,-16.0,-36.2,-23.0,-17.2,-26.6
28.21,-14.8,-34.3,-20.7,-16.7,-26.6
28.22,-14.6,-32.6,-20.7,-17.0,-26.4
28.23,-14.7,-31.0,-20.1,-16.8,-26.8
28.24,-14.7,-29.0,-19.4,-17.2,-26.6
28.25,-13.6,-25.6,-20.2,-16.7,-26.3
28.26,-14.8,-23.3,-21.2,-17.2,-25.2
28.27,-13.2,-22.4,-22.2,-16.1,-24.7
28.28,-13.7,-21.8,-23.3,-16.4,-24.2
28.29,-13.3,-21.8,-24.5,-15.7,-24.2
28.30,-13.7,-20.9,-25.7,-16.4,-23.9
28.31,-13.1,-17.9,-26.4,-16.1,-24.3
28.32,-12.9,-15.9,-26.0,-16.8,-24.5
28.33,-11.6,-14.2,-24.9,-16.3,-24.6
28.34,-11.0,-13.3,-24.3,-16.5,-24.7
28.35,-10.5,-12.7,-24.6,-16.1,-24.8
28.36,-10.8,-13.1,-24.6,-16.2,-24.9
28.37,-10.9,-13.4,-25.0,-16.1,-25.2
28.38,-11.5,-14.1,-25.1,-16.1,-25.0
28.39,-11.5,-14.4,-22.6,-16.3,-24.7
28.40,-9.3,-15.2,-12.2,-16.2,-24.6
28.41,-8.5,-15.6,-9.5,-16.4,-24.9
28.42,-8.3,-15.3,-9.4,-16.3,-24.6
28.43,-8.5,-15.6,-9.3,-16.3,-24.7
28.44,-8.7,-15.0,-9.7,-16.2,-24.9
28.45,-10.7,-14.1,-14.3,-16.3,-25.1
28.46,-11.7,-13.8,-18.3,-16.4,-24.7
28.47,-11.2,-13.5,-18.6,-16.5,-25.5
28.48,-11.2,-13.5,-18.5,-16.6,-25.2
28.49,-11.3,-13.7,-19.1,-16.6,-24.9
28.50,-11.3,-14.0,-21.2,-16.5,-25.1
28.51,-11.5,-14.2,-23.4,-16.7,-25.0
28.52,-11.6,-14.3,-22.2,-16.2,-24.9
28.53,-11.3,-14.4,-22.4,-16.5,-24.9
28.54,-11.1,-14.4,-21.0,-16.1,-24.6
28.55,-11.0,-14.5,-20.1,-16.4,-24.6
28.56,-11.0,-14.5,-19.8,-16.1,-24.5
28.57,-11.1,-14.6,-20.6,-15.9,-24.6
28.58,-10.6,-14.6,-20.6,-15.3,-23.5
28.59,-10.7,-14.7,-21.7,-15.1,-23.6
28.60,-10.9,-14.8,-24.0,-14.9,-23.2
28.61,-11.2,-15.0,-25.3,-15.0,-23.3
28.62,-11.1,-15.2,-25.9,-15.0,-23.2
28.63,-12.0,-15.3,-25.7,-15.9,-23.9
28.64,-11.8,-15.4,-25.3,-15.5,-24.1
28.65,-11.9,-15.5,-25.5,-15.9,-24.1
28.66,-11.6,-16.2,-24.4,-15.3,-24.1
28.67,-12.0,-17.3,-24.3,-15.7,-23.7
28.68,-12.3,-18.9,-24.8,-15.1,-24.0
28.69,-12.7,-20.7,-24.7,-15.6,-23.6
28.70,-12.2,-20.1,-24.7,-15.1,-23.5
28.71,-11.0,-18.0,-17.3,-15.6,-23.7
28.72,-8.8,-16.4,-10.7,-15.2,-24.0
28.73,-8.3,-15.0,-9.7,-15.8,-24.2
28.74,-7.9,-14.3,-9.6,-15.5,-25.0
28.75,-8.0,-14.1,-9.7,-15.8,-25.4
28.76,-9.2,-13.8,-10.7,-15.6,-26.1
28.77,-10.7,-13.8,-16.7,-16.2,-26.6
28.78,-11.2,-13.8,-17.8,-15.8,-27.1
28.79,-11.4,-14.1,-18.4,-16.6,-27.5
28.80,-11.5,-14.5,-18.1,-15.9,-27.5
28.81,-11.6,-15.0,-21.2,-16.3,-26.9
28.82,-11.3,-15.6,-20.8,-15.7,-26.7
28.83,-11.9,-16.2,-23.0,-16.1,-26.4
28.84,-11.8,-16.3,-21.1,-15.5,-26.3
28.85,-11.5,-16.2,-21.1,-16.1,-26.4
28.86,-11.3,-15.3,-20.4,-15.7,-26.0
28.87,-11.0,-14.7,-19.8,-16.2,-25.7
28.88,-10.6,-14.6,-20.1,-15.9,-25.4
28.89,-11.3,-14.5,-21.5,-16.5,-25.1
28.90,-10.7,-14.7,-22.6,-15.5,-24.8
28.91,-11.4,-15.2,-23.7,-16.0,-25.1
28.92,-11.4,-15.2,-25.0,-15.4,-25.6
28.93,-11.8,-14.9,-26.3,-16.1,-25.9
28.94,-11.7,-14.7,-27.0,-15.6,-26.8
28.95,-12.1,-14.3,-25.9,-16.9,-27.0
28.96,-11.5,-14.2,-24.8,-16.1,-26.6
28.97,-11.8,-14.1,-24.7,-16.9,-27.2
28.98,-11.4,-13.9,-25.0,-16.2,-27.1
28.99,-11.6,-13.8,-24.9,-16.6,-27.5
29.00,-11.1,-13.7,-25.4,-16.2,-27.6
29.01,-11.5,-13.9,-25.3,-16.4,-28.2
29.02,-11.6,-14.2,-24.0,-16.3,-26.9
29.03,-9.7,-15.0,-14.5,-16.9,-26.1
29.04,-8.3,-15.8,-10.1,-17.5,-25.5
29.05,-8.4,-16.3,-9.9,-18.5,-24.9
29.06,-8.4,-16.2,-9.8,-19.9,-24.8
29.07,-8.3,-15.2,-10.0,-19.7,-25.2
29.08,-10.7,-14.4,-14.7,-19.4,-25.0
29.09,-11.3,-13.8,-19.4,-18.9,-25.0
29.10,-11.3,-13.7,-19.7,-18.0,-24.7
29.11,-11.4,-13.8,-19.5,-18.5,-24.5
29.12,-11.6,-14.0,-19.1,-17.8,-24.6
29.13,-12.2,-14.2,-21.5,-18.4,-24.7
29.14,-12.0,-14.0,-22.7,-17.6,-24.7
29.15,-12.3,-14.2,-21.8,-18.2,-24.4
29.16,-12.0,-14.4,-22.1,-17.6,-24.7
29.17,-12.0,-14.5,-21.5,-18.0,-25.0
29.18,-11.6,-14.5,-20.6,-18.1,-24.8
29.19,-11.9,-14.7,-20.1,-18.6,-24.8
29.20,-12.0,-14.8,-20.8,-18.3,-24.6
29.21,-12.1,-14.9,-20.9,-17.7,-24.7
29.22,-12.2,-14.8,-22.0,-16.8,-24.4
29.23,-12.0,-14.7,-23.3,-16.6,-23.8
29.24,-12.0,-14.9,-24.9,-15.6,-23.4
29.25,-12.5,-15.4,-25.7,-16.1,-23.3
29.26,-13.5,-16.7,-25.5,-16.4,-23.3
29.27,-13.8,-18.1,-25.5,-16.8,-22.8
29.28,-14.8,-21.0,-25.4,-16.9,-23.1
29.29,-15.5,-26.9,-24.0,-16.6,-22.9
29.30,-16.1,-31.3,-24.0,-17.0,-22.2
29.31,-15.8,-35.6,-24.5,-16.6,-22.2
29.32,-16.0,-36.3,-24.7,-17.2,-22.4
29.33,-15.5,-35.1,-25.0,-16.5,-22.4
29.34,-15.3,-32.2,-21.5,-17.0,-23.0
29.35,-9.8,-22.6,-11.0,-16.4,-23.5
29.36,-8.8,-18.0,-10.0,-17.0,-24.1
29.37,-8.4,-16.0,-9.9,-16.8,-25.0
29.38,-8.0,-14.3,-9.9,-16.9,-25.5
29.39,-8.5,-13.3,-11.0,-16.5,-26.5
29.40,-9.5,-12.8,-16.0,-17.0,-26.4
29.41,-10.1,-13.2,-18.5,-16.7,-26.9
29.42,-10.4,-13.1,-19.5,-16.9,-26.9
29.43,-10.3,-13.3,-19.1,-16.6,-26.7
29.44,-10.9,-13.6,-21.4,-16.8,-26.8
29.45,-10.8,-13.8,-21.4,-16.6,-26.9
29.46,-11.1,-14.3,-23.1,-16.5,-26.7
29.47,-10.9,-14.6,-21.8,-16.5,-26.9
29.48,-11.4,-15.5,-22.5,-16.0,-26.7
29.49,-12.1,-16.6,-21.1,-16.5,-26.3
29.50,-12.2,-18.5,-20.4,-16.1,-25.5
29.51,-13.5,-20.7,-20.4,-16.6,-24.6
29.52,-13.3,-24.1,-21.0,-16.2,-23.7
29.53,-12.8,-30.6,-21.4,-15.7,-23.0
29.54,-13.1,-35.8,-22.8,-15.8,-22.6
29.55,-13.2,-37.4,-24.8,-15.5,-22.6
29.56,-13.6,-37.8,-26.2,-15.8,-22.8
29.57,-13.1,-38.7,-26.9,-15.4,-22.8
29.58,-14.3,-38.4,-27.5,-16.3,-23.1
29.59,-14.1,-38.6,-26.8,-15.9,-22.9
29.60,-14.0,-38.6,-26.3,-16.4,-22.8
29.61,-13.7,-38.4,-25.8,-16.1,-22.7
29.62,-14.2,-38.9,-25.0,-16.2,-22.9
29.63,-13.8,-39.4,-25.1,-16.0,-22.6
29.64,-13.8,-39.6,-25.1,-16.0,-22.8
29.65,-13.9,-38.7,-25.0,-16.2,-23.0
29.66,-11.3,-36.1,-16.0,-16.0,-23.6
29.67,-8.9,-25.8,-10.8,-16.4,-24.2
29.68,-8.1,-17.7,-10.3,-16.4,-25.4
29.69,-7.8,-14.8,-10.1,-17.1,-26.2
29.70,-7.7,-13.4,-10.2,-17.2,-26.8
29.71,-9.4,-12.2,-13.1,-17.1,-27.0
29.72,-9.9,-12.0,-18.5,-17.2,-27.3
29.73,-10.3,-12.4,-18.6,-17.3,-27.8
29.74,-11.0,-13.1,-18.9,-17.4,-27.9
29.75,-10.8,-13.7,-18.6,-17.2,-28.3
29.76,-11.7,-14.4,-21.3,-17.1,-28.3
29.77,-12.3,-15.2,-21.5,-17.1,-28.6
29.78,-12.2,-15.6,-22.4,-17.1,-28.3
29.79,-12.8,-16.2,-20.8,-17.2,-28.4
29.80,-13.1,-16.4,-21.0,-17.1,-28.3
29.81,-12.6,-16.5,-20.7,-17.0,-28.3
29.82,-12.9,-16.8,-20.0,-17.1,-28.0
29.83,-12.5,-16.6,-20.8,-17.0,-26.8
29.84,-12.7,-16.9,-21.3,-17.0,-26.4
29.85,-12.5,-17.5,-22.3,-16.1,-26.2
29.86,-12.8,-18.4,-23.2,-16.1,-25.6
29.87,-13.2,-19.7,-24.5,-15.6,-25.0
29.88,-14.3,-22.3,-26.0,-16.1,-24.9
29.89,-14.8,-26.0,-27.0,-16.0,-24.6
29.90,-15.7,-29.2,-26.9,-16.4,-24.3
29.91,-16.0,-28.9,-26.3,-16.5,-24.3
29.92,-15.4,-26.5,-25.1,-16.4,-24.7
29.93,-15.1,-24.7,-24.8,-16.8,-24.9
29.94,-14.8,-23.5,-25.1,-16.4,-25.1
29.95,-14.9,-22.5,-25.3,-16.6,-25.5
29.96,-14.5,-22.2,-25.3,-16.1,-25.5
29.97,-14.1,-22.4,-22.9,-16.6,-25.6
29.98,-9.3,-22.9,-11.9,-16.5,-25.6
29.99,-8.7,-23.9,-10.3,-16.5,-25.6
30.00,-8.6,-25.2,-10.2,-16.3,-25.4
30.01,-8.6,-27.2,-10.2,-16.3,-25.4
30.02,-9.7,-29.6,-11.0,-16.2,-24.7
30.03,-13.2,-31.8,-15.2,-16.1,-24.5
30.04,-13.9,-35.4,-18.7,-15.8,-24.3
30.05,-14.5,-38.7,-19.5,-16.5,-24.2
30.06,-14.6,-40.0,-19.2,-16.4,-24.1
30.07,-13.8,-39.0,-20.5,-16.9,-24.2
30.08,-13.8,-29.2,-21.3,-16.2,-24.1
30.09,-14.2,-26.4,-23.2,-16.4,-24.2
30.10,-13.6,-24.3,-22.2,-16.3,-24.2
30.11,-13.7,-22.1,-22.9,-16.3,-24.7
30.12,-13.5,-20.3,-21.4,-16.4,-25.2
30.13,-13.0,-19.0,-20.8,-16.2,-25.8
30.14,-12.7,-17.6,-20.5,-16.6,-25.8
30.15,-12.3,-17.6,-21.1,-16.4,-26.2
30.16,-12.5,-18.0,-21.3,-16.3,-26.2
30.17,-12.1,-18.3,-22.5,-15.9,-25.9
30.18,-12.6,-18.3,-24.3,-15.7,-25.8
30.19,-12.8,-17.9,-25.5,-15.9,-25.8
30.20,-12.2,-16.3,-26.3,-15.8,-25.2
30.21,-12.3,-15.4,-26.5,-16.2,-25.3
30.22,-12.0,-14.8,-26.5,-16.1,-25.6
30.23,-11.9,-14.6,-27.1,-16.5,-25.3
30.24,-12.0,-14.7,-26.1,-16.4,-26.1
30.25,-12.2,-14.9,-25.4,-16.6,-25.2
30.26,-12.1,-15.4,-25.7,-16.3,-24.6
30.27,-12.4,-15.9,-25.7,-16.3,-24.6
30.28,-12.6,-16.8,-25.3,-16.4,-24.9
30.29,-11.5,-18.0,-16.3,-16.5,-24.9
30.30,-9.2,-19.3,-11.1,-16.7,-24.8
30.31,-8.8,-19.4,-10.3,-17.2,-24.3
30.32,-8.5,-16.9,-10.1,-17.7,-24.0
30.33,-8.1,-14.2,-10.2,-18.7,-23.9
30.34,-8.8,-13.0,-11.7,-18.8,-23.9
30.35,-9.9,-12.0,-18.2,-19.6,-24.2
30.36,-10.0,-11.8,-18.4,-19.1,-24.2
30.37,-10.3,-12.2,-18.9,-19.2,-24.2
30.38,-10.9,-13.0,-18.5,-19.4,-23.7
30.39,-11.6,-13.6,-21.3,-18.9,-23.6
30.40,-12.2,-14.1,-21.1,-19.3,-23.8
30.41,-12.6,-14.6,-23.3,-18.8,-24.1
30.42,-12.9,-15.0,-21.6,-19.1,-24.5
30.43,-13.3,-15.7,-21.8,-18.8,-24.4
30.44,-12.8,-15.3,-21.2,-18.7,-24.4
30.45,-12.1,-15.1,-20.3,-19.0,-24.1
30.46,-11.9,-15.0,-20.8,-18.1,-24.5
30.47,-11.7,-14.1,-21.7,-18.5,-24.3
30.48,-11.0,-13.6,-22.9,-17.0,-24.4
30.49,-10.6,-12.9,-23.8,-17.2,-24.5
30.50,-10.5,-12.8,-25.3,-16.7,-24.6
30.51,-10.4,-12.3,-26.7,-16.7,-24.7
30.52,-11.1,-12.6,-28.3,-17.2,-25.4
30.53,-10.9,-12.6,-27.9,-16.9,-25.2
30.54,-11.3,-13.0,-26.9,-17.6,-25.2
30.55,-10.9,-13.2,-25.5,-16.8,-25.2
30.56,-11.0,-13.3,-25.5,-17.1,-25.1
30.57,-11.1,-13.6,-25.5,-17.0,-25.0
30.58,-11.1,-13.5,-25.7,-16.7,-25.6
30.59,-11.4,-13.6,-25.6,-17.2,-24.9
30.60,-11.3,-13.9,-24.0,-16.8,-24.9
30.61,-9.3,-13.7,-14.1,-17.7,-24.8
30.62,-8.6,-14.3,-10.4,-17.3,-24.6
30.63,-8.3,-13.8,-10.2,-17.9,-24.6
30.64,-8.2,-14.5,-10.1,-17.6,-24.6
30.65,-8.5,-15.1,-10.3,-17.5,-24.9
30.66,-10.8,-16.3,-15.0,-17.6,-24.8
30.67,-12.0,-18.2,-19.4,-17.0,-25.3
30.68,-13.3,-20.9,-20.0,-17.6,-25.8
30.69,-13.3,-26.4,-19.6,-16.9,-25.2
30.70,-14.0,-27.8,-19.5,-17.3,-25.3
30.71,-15.1,-32.6,-21.6,-17.2,-25.3
30.72,-15.5,-35.6,-23.4,-17.0,-25.0
30.73,-14.9,-37.8,-22.4,-17.3,-24.8
30.74,-15.3,-33.7,-23.0,-16.9,-24.9
30.75,-14.5,-30.2,-21.5,-17.4,-24.7
30.76,-13.5,-29.5,-20.5,-16.9,-24.4
30.77,-13.5,-28.6,-20.1,-17.7,-23.7
30.78,-13.1,-22.7,-20.9,-17.3,-23.4
30.79,-12.2,-18.7,-21.0,-17.0,-23.0
30.80,-11.6,-16.1,-22.1,-17.0,-22.9
30.81,-11.2,-14.1,-23.7,-16.3,-23.1
30.82,-10.6,-13.1,-25.5,-16.6,-23.7
30.83,-10.3,-12.6,-26.2,-16.1,-23.6
30.84,-10.8,-12.7,-26.0,-16.8,-23.9
30.85,-11.0,-13.2,-25.9,-16.5,-23.7
30.86,-11.1,-13.5,-26.3,-16.4,-23.6
30.87,-11.1,-14.4,-24.9,-16.4,-23.6
30.88,-10.9,-14.0,-24.5,-16.1,-23.4
30.89,-11.1,-13.7,-25.4,-16.7,-23.5
30.90,-10.8,-13.4,-25.7,-16.3,-23.6
30.91,-10.9,-13.1,-26.0,-16.8,-23.6
30.92,-10.2,-13.1,-20.2,-16.9,-23.4
30.93,-8.4,-13.4,-11.3,-17.3,-23.7
30.94,-8.1,-13.9,-10.2,-18.1,-24.3
30.95,-8.1,-14.2,-10.1,-17.3,-24.4
30.96,-8.3,-14.3,-10.1,-18.3,-24.4
30.97,-8.9,-14.2,-11.1,-17.4,-24.9
30.98,-10.5,-14.1,-16.8,-17.7,-25.3
30.99,-11.1,-14.0,-18.2,-17.4,-25.1
31.00,-11.3,-14.0,-19.1,-17.6,-25.3
31.01,-11.3,-13.9,-18.5,-18.0,-25.2
31.02,-11.9,-13.9,-21.2,-17.3,-25.1
31.03,-12.0,-13.7,-21.2,-18.1,-24.8
31.04,-11.9,-13.8,-23.5,-17.5,-24.9
31.05,-11.9,-13.8,-21.6,-17.6,-25.2
31.06,-12.0,-14.0,-21.9,-17.7,-25.4
31.07,-11.7,-14.1,-20.9,-17.3,-25.2
31.08,-11.4,-14.1,-20.1,-17.9,-24.9
31.09,-11.4,-14.1,-20.0,-17.3,-24.6
31.10,-11.6,-14.2,-21.1,-18.1,-24.4
31.11,-11.4,-14.2,-22.0,-17.0,-24.2
31.12,-11.8,-14.3,-22.5,-17.5,-24.4
31.13,-11.9,-14.6,-23.9,-17.0,-24.5
31.14,-12.2,-14.8,-24.9,-17.1,-24.9
31.15,-12.6,-14.8,-26.9,-17.3,-25.0
31.16,-12.8,-15.2,-27.1,-16.9,-25.1
31.17,-13.0,-15.6,-26.9,-17.4,-24.9
31.18,-12.9,-16.0,-26.8,-16.6,-25.0
31.19,-13.5,-17.2,-26.4,-16.9,-24.6
31.20,-13.5,-18.7,-26.0,-16.5,-24.2
31.21,-14.1,-20.1,-26.3,-16.5,-23.9
31.22,-14.7,-21.6,-26.4,-16.7,-23.6
31.23,-14.6,-22.7,-24.7,-16.7,-23.6
31.24,-11.6,-24.0,-14.8,-17.6,-23.9
31.25,-9.1,-25.4,-10.2,-17.4,-24.4
31.26,-8.9,-25.9,-9.9,-18.3,-25.1
31.27,-8.6,-21.4,-9.8,-17.9,-25.3
31.28,-8.5,-17.2,-10.0,-18.0,-25.8
31.29,-10.4,-14.3,-14.4,-18.2,-25.8
31.30,-10.8,-13.4,-19.6,-17.5,-26.0
31.31,-10.8,-12.8,-19.4,-18.2,-26.6
31.32,-10.4,-12.6,-19.2,-17.5,-27.1
31.33,-11.0,-13.0,-18.9,-17.9,-27.2
31.34,-11.7,-13.7,-21.0,-17.5,-27.5
31.35,-11.7,-13.6,-22.2,-17.6,-27.6
31.36,-11.7,-13.6,-22.4,-17.9,-28.0
31.37,-11.8,-13.7,-22.3,-17.3,-28.2
31.38,-11.7,-14.0,-21.7,-17.8,-28.6
31.39,-11.4,-14.3,-20.9,-17.0,-28.3
31.40,-11.7,-14.6,-20.5,-17.7,-27.1
31.41,-11.8,-14.9,-21.3,-17.0,-26.5
31.42,-11.6,-15.1,-21.2,-16.8,-26.0
31.43,-11.6,-15.1,-22.6,-16.6,-25.5
31.44,-11.7,-15.0,-23.9,-16.1,-25.1
31.45,-11.5,-14.9,-25.6,-16.0,-25.7
31.46,-11.7,-15.0,-27.2,-15.8,-25.3
31.47,-12.4,-15.1,-28.6,-16.8,-25.2
31.48,-12.3,-15.3,-29.1,-16.3,-25.6
31.49,-12.4,-15.6,-28.9,-16.6,-25.5
31.50,-12.1,-15.6,-26.6,-16.4,-25.4
31.51,-11.9,-15.7,-26.2,-16.2,-25.0
31.52,-12.1,-15.8,-26.1,-16.4,-25.1
31.53,-12.0,-15.9,-26.1,-16.1,-24.8
31.54,-12.3,-16.1,-26.1,-16.5,-25.3
31.55,-11.6,-15.8,-22.3,-16.1,-25.8
31.56,-8.6,-15.4,-11.1,-16.7,-26.6
31.57,-8.1,-15.3,-10.1,-17.0,-27.6
31.58,-7.9,-14.9,-10.0,-16.7,-27.6
31.59,-8.0,-14.6,-10.0,-17.6,-28.4
31.60,-8.8,-14.6,-11.1,-17.0,-28.8
31.61,-10.2,-14.6,-15.8,-17.4,-29.8
31.62,-11.1,-14.8,-18.4,-16.9,-29.1
31.63,-11.4,-14.9,-19.0,-17.3,-29.7
31.64,-11.4,-15.2,-18.9,-17.4,-29.6
31.65,-12.3,-15.4,-20.6,-17.0,-29.0
31.66,-12.5,-15.5,-20.9,-17.4,-28.9
31.67,-12.7,-15.6,-23.1,-16.9,-29.0
31.68,-12.9,-15.7,-21.7,-17.1,-28.9
31.69,-12.4,-15.5,-22.1,-16.9,-28.7
31.70,-12.0,-15.3,-20.9,-17.1,-28.3
31.71,-11.8,-15.2,-20.4,-17.4,-28.1
31.72,-11.5,-14.9,-20.1,-17.3,-27.0
31.73,-11.6,-14.9,-21.2,-17.8,-26.0
31.74,-11.3,-14.7,-22.0,-16.7,-25.8
31.75,-11.5,-14.7,-22.8,-17.2,-25.5
31.76,-11.8,-14.9,-24.8,-16.5,-25.0
31.77,-12.3,-15.3,-26.1,-16.8,-25.6
31.78,-12.3,-15.7,-27.9,-16.5,-26.1
31.79,-12.9,-16.0,-28.2,-16.8,-26.0
31.80,-13.2,-16.4,-27.4,-16.9,-26.0
31.81,-13.0,-16.6,-27.3,-16.4,-26.2
31.82,-12.7,-16.4,-26.6,-16.8,-26.1
31.83,-12.3,-16.0,-26.0,-16.1,-26.1
31.84,-12.2,-15.3,-26.5,-16.5,-26.7
31.85,-11.9,-14.9,-26.5,-16.5,-27.0
31.86,-11.8,-14.6,-26.1,-16.4,-27.3
31.87,-10.2,-14.8,-15.8,-16.9,-27.2
31.88,-8.3,-15.3,-10.7,-17.3,-27.2
31.89,-8.2,-16.4,-10.1,-18.4,-27.5
31.90,-8.3,-17.6,-10.0,-17.3,-27.4
31.91,-8.7,-18.8,-10.1,-17.9,-28.0
31.92,-11.1,-19.7,-12.7,-17.4,-27.9
31.93,-13.7,-20.2,-18.9,-17.0,-28.3
31.94,-13.9,-20.1,-19.3,-17.7,-28.7
31.95,-14.0,-19.9,-19.4,-17.2,-28.7
31.96,-14.0,-19.7,-19.2,-17.9,-29.0
31.97,-14.6,-19.4,-21.6,-17.1,-28.5
31.98,-14.8,-19.2,-22.4,-17.4,-28.1
31.99,-14.8,-19.4,-22.9,-17.4,-28.0
32.00,-14.7,-19.6,-22.3,-17.2,-27.5
32.01,-14.5,-20.5,-22.1,-17.4,-27.4
32.02,-14.3,-21.5,-21.1,-17.0,-27.8
32.03,-14.2,-23.2,-20.3,-17.8,-26.9
32.04,-14.5,-24.8,-21.1,-17.2,-26.5
32.05,-14.6,-27.0,-21.2,-17.7,-25.8
32.06,-14.8,-29.1,-22.5,-17.3,-25.1
32.07,-15.2,-31.1,-23.8,-17.1,-24.7
32.08,-15.5,-34.9,-24.8,-17.2,-24.4
32.09,-15.4,-37.1,-25.8,-16.6,-24.5
32.10,-16.8,-36.9,-26.4,-17.5,-24.4
32.11,-16.0,-36.8,-26.3,-16.7,-24.3
32.12,-15.7,-35.3,-26.7,-17.0,-24.2
32.13,-15.0,-34.0,-25.1,-16.6,-24.1
32.14,-14.8,-32.6,-25.2,-16.3,-24.3
32.15,-15.0,-31.4,-25.7,-16.6,-24.4
32.16,-14.6,-29.8,-25.8,-16.2,-24.4
32.17,-15.2,-29.3,-25.8,-16.9,-24.8
32.18,-14.8,-28.8,-23.5,-16.6,-24.9
32.19,-10.0,-28.7,-12.1,-17.3,-25.4
32.20,-9.0,-28.7,-10.0,-17.4,-25.4
32.21,-8.9,-28.9,-9.9,-17.4,-25.1
32.22,-8.8,-28.8,-9.8,-17.7,-25.0
32.23,-9.2,-29.0,-10.3,-17.1,-24.8
32.24,-11.7,-28.5,-14.7,-17.3,-24.7
32.25,-13.0,-28.4,-18.7,-16.7,-25.3
32.26,-13.6,-27.6,-18.9,-17.5,-25.1
32.27,-13.1,-27.2,-18.8,-17.0,-25.1
32.28,-14.3,-27.0,-19.1,-17.4,-24.8
32.29,-14.9,-26.8,-20.7,-17.4,-24.6
32.30,-15.0,-26.7,-22.7,-16.9,-24.5
32.31,-15.0,-27.2,-21.5,-17.4,-24.4
32.32,-14.5,-27.5,-21.8,-16.8,-24.4
32.33,-14.0,-27.7,-20.8,-17.1,-24.2
32.34,-13.4,-28.2,-20.6,-16.8,-23.8
32.35,-13.5,-28.5,-20.1,-17.2,-24.2
32.36,-13.8,-27.9,-21.0,-17.3,-24.2
32.37,-13.1,-27.8,-21.5,-16.3,-24.4
32.38,-13.5,-26.8,-22.5,-16.8,-24.5
32.39,-13.7,-26.1,-24.0,-16.2,-24.5
32.40,-14.3,-25.7,-25.7,-16.7,-24.5
32.41,-14.0,-26.0,-26.9,-16.1,-24.6
32.42,-15.1,-26.5,-27.3,-16.7,-24.6
32.43,-15.4,-28.3,-26.7,-16.7,-24.5
32.44,-14.9,-30.4,-26.7,-16.1,-24.2
32.45,-14.4,-32.7,-25.5,-16.4,-23.9
32.46,-13.8,-34.7,-24.8,-15.8,-23.8
32.47,-14.1,-37.0,-25.4,-16.3,-23.6
32.48,-14.1,-38.6,-25.6,-16.1,-23.9
32.49,-14.3,-32.9,-25.6,-16.2,-24.3
32.50,-11.9,-26.1,-16.9,-16.5,-24.9
32.51,-9.3,-19.8,-11.1,-17.0,-25.3
32.52,-8.8,-17.4,-10.3,-17.8,-26.7
32.53,-8.5,-15.6,-10.1,-18.4,-27.1
32.54,-8.5,-14.7,-10.2,-19.2,-27.3
32.55,-9.6,-14.1,-11.5,-20.0,-27.8
32.56,-11.1,-14.0,-18.3,-20.3,-27.6
32.57,-11.6,-14.1,-18.8,-20.4,-27.9
32.58,-11.6,-14.2,-19.3,-20.1,-28.1
32.59,-11.1,-14.0,-18.8,-19.7,-28.2
32.60,-11.9,-14.1,-21.7,-19.7,-28.5
32.61,-12.2,-14.6,-21.8,-19.7,-28.5
32.62,-12.8,-14.7,-23.8,-19.7,-28.7
32.63,-12.6,-14.8,-22.5,-19.5,-28.8
32.64,-12.8,-14.8,-23.3,-19.9,-28.9
32.65,-12.4,-14.4,-22.1,-19.9,-29.2
32.66,-11.2,-13.6,-20.7,-19.6,-29.1
32.67,-10.8,-13.2,-20.7,-19.0,-28.6
32.68,-10.8,-12.5,-21.2,-18.8,-27.7
32.69,-10.6,-12.5,-21.9,-17.2,-27.3
32.70,-11.0,-12.7,-22.7,-17.8,-26.9
32.71,-11.9,-13.6,-24.4,-17.2,-27.0
32.72,-12.7,-14.9,-26.1,-17.4,-27.2
32.73,-14.3,-17.0,-27.1,-17.9,-28.2
32.74,-14.7,-20.2,-27.2,-17.5,-28.3
32.75,-15.2,-23.2,-26.5,-17.9,-28.3
32.76,-15.3,-31.4,-26.0,-17.1,-28.6
32.77,-15.8,-34.4,-26.0,-17.6,-28.8
32.78,-15.6,-36.8,-26.2,-17.1,-28.9
32.79,-16.3,-37.1,-26.3,-17.1,-29.2
32.80,-16.4,-35.6,-26.5,-17.3,-29.6
32.81,-16.1,-32.7,-24.4,-17.1,-29.7
32.82,-11.5,-31.3,-14.1,-18.1,-28.8
32.83,-9.4,-30.4,-10.3,-17.8,-27.3
32.84,-9.2,-28.9,-10.1,-19.0,-26.0
32.85,-9.0,-27.2,-10.0,-18.9,-25.3
32.86,-9.2,-24.1,-10.2,-19.3,-24.7
32.87,-12.5,-19.7,-15.0,-19.9,-24.4
32.88,-11.8,-15.5,-19.3,-19.8,-24.1
32.89,-11.0,-13.4,-19.3,-19.8,-24.4
32.90,-9.9,-11.9,-19.1,-19.8,-24.1
32.91,-9.8,-11.4,-19.1,-19.9,-24.0
32.92,-9.9,-11.1,-21.7,-19.6,-23.9
32.93,-10.7,-11.9,-23.3,-19.5,-24.3
32.94,-10.7,-12.1,-22.9,-19.4,-24.6
32.95,-11.1,-13.0,-22.6,-19.3,-24.8
32.96,-11.2,-13.2,-21.8,-19.3,-25.0
32.97,-11.0,-13.5,-20.8,-19.2,-25.1
32.98,-11.2,-14.1,-20.4,-19.2,-24.5
32.99,-11.5,-14.3,-21.2,-19.1,-24.0
33.00,-11.4,-14.0,-21.2,-19.7,-23.9
33.01,-10.7,-13.7,-21.8,-18.2,-23.7
33.02,-11.6,-13.5,-23.3,-19.0,-23.6
33.03,-11.3,-13.0,-24.7,-18.5,-23.8
33.04,-11.3,-13.0,-26.4,-18.4,-23.8
33.05,-11.4,-12.8,-27.2,-18.5,-23.9
33.06,-11.4,-12.8,-28.4,-18.9,-23.9
33.07,-11.1,-12.6,-28.1,-18.7,-23.8
33.08,-11.0,-12.7,-25.9,-18.7,-23.8
33.09,-11.1,-12.7,-25.2,-18.9,-24.0
33.10,-11.2,-12.7,-25.2,-18.8,-24.0
33.11,-11.5,-12.9,-25.0,-19.2,-24.2
33.12,-11.1,-12.5,-25.0,-19.3,-24.1
33.13,-10.7,-12.9,-20.8,-19.5,-24.1
33.14,-8.4,-13.1,-11.2,-19.7,-25.0
33.15,-8.0,-13.4,-10.2,-19.9,-25.7
33.16,-8.1,-13.9,-10.1,-20.1,-26.5
33.17,-8.0,-13.8,-10.2,-18.9,-27.7
33.18,-9.1,-14.4,-11.3,-19.7,-28.9
33.19,-11.0,-15.0,-17.1,-18.9,-28.3
33.20,-12.4,-16.5,-18.3,-19.1,-28.1
33.21,-13.2,-18.2,-18.9,-19.1,-28.1
33.22,-13.7,-20.1,-18.5,-19.2,-27.1
33.23,-15.0,-21.1,-20.9,-19.4,-26.7
33.24,-14.9,-20.7,-21.0,-19.0,-26.8
33.25,-15.4,-20.5,-23.4,-19.0,-26.9
33.26,-14.5,-20.4,-21.7,-18.5,-26.6
33.27,-14.5,-20.5,-22.1,-18.6,-27.2
33.28,-14.1,-20.2,-21.1,-18.4,-26.7
33.29,-13.8,-20.0,-20.6,-18.6,-26.4
33.30,-13.6,-20.0,-20.5,-18.6,-25.2
33.31,-14.9,-20.0,-22.0,-20.1,-24.6
33.32,-14.9,-20.0,-23.0,-19.9,-23.9
33.33,-14.7,-20.1,-23.4,-19.7,-23.3
33.34,-15.2,-20.5,-24.6,-20.0,-23.2
33.35,-14.4,-19.9,-25.9,-18.5,-23.2
33.36,-13.1,-16.7,-27.8,-18.3,-23.2
33.37,-12.0,-14.3,-28.7,-18.5,-23.8
33.38,-11.2,-12.9,-28.0,-18.6,-24.1
33.39,-10.5,-12.0,-27.7,-18.6,-24.3
33.40,-10.3,-11.5,-26.7,-18.8,-24.8
33.41,-10.6,-11.9,-25.7,-18.8,-24.7
33.42,-10.9,-12.3,-25.6,-18.9,-24.7
33.43,-11.7,-13.1,-25.2,-19.0,-24.8
33.44,-11.7,-13.4,-24.2,-19.2,-25.2
33.45,-10.2,-14.1,-15.3,-19.1,-25.3
33.46,-8.3,-15.3,-10.5,-19.6,-25.7
33.47,-8.0,-15.7,-10.1,-20.3,-25.9
33.48,-8.0,-16.1,-10.0,-19.7,-25.8
33.49,-8.0,-15.8,-10.1,-20.1,-25.7
33.50,-10.4,-15.2,-14.0,-20.0,-26.1
33.51,-11.7,-14.1,-19.2,-19.0,-25.9
33.52,-11.3,-13.6,-19.3,-19.2,-25.8
33.53,-10.9,-13.4,-19.3,-19.0,-26.0
33.54,-10.9,-13.3,-19.1,-19.0,-25.5
33.55,-11.3,-13.4,-21.5,-18.9,-25.7
33.56,-11.8,-13.8,-22.8,-18.9,-25.8
33.57,-11.9,-13.9,-22.9,-18.9,-25.6
33.58,-11.9,-14.1,-22.2,-18.9,-25.5
33.59,-11.8,-14.2,-22.0,-18.8,-25.9
33.60,-11.6,-14.2,-21.2,-18.7,-25.8
33.61,-11.4,-14.2,-20.6,-18.7,-25.4
33.62,-11.9,-14.3,-21.3,-19.5,-24.7
33.63,-11.9,-14.3,-21.7,-20.3,-24.5
33.64,-11.7,-14.6,-22.6,-18.9,-24.2
33.65,-12.5,-14.5,-23.8,-20.3,-24.2
33.66,-12.7,-14.6,-25.3,-20.0,-24.4
33.67,-12.4,-14.4,-26.9,-18.9,-25.0
33.68,-12.2,-14.4,-27.5,-18.7,-24.9
33.69,-12.5,-14.4,-28.1,-18.9,-25.1
33.70,-12.4,-14.4,-27.6,-18.9,-25.0
33.71,-12.4,-14.5,-25.5,-19.0,-24.6
33.72,-12.4,-14.6,-25.0,-19.0,-24.4
33.73,-12.4,-14.5,-24.8,-18.9,-24.2
33.74,-12.7,-15.0,-24.3,-19.1,-24.0
33.75,-13.1,-15.4,-24.3,-19.1,-24.2
33.76,-12.4,-15.8,-21.5,-19.1,-24.4
33.77,-8.8,-16.0,-11.2,-19.2,-24.4
33.78,-8.0,-15.5,-10.1,-19.4,-25.0
33.79,-7.9,-15.2,-10.0,-19.8,-25.4
33.80,-7.8,-14.8,-10.0,-18.8,-25.2
33.81,-8.5,-14.5,-11.1,-19.2,-25.7
33.82,-10.1,-14.2,-15.8,-18.4,-25.7
33.83,-11.0,-14.1,-18.6,-18.2,-25.4
33.84,-10.9,-13.9,-19.1,-18.5,-25.4
33.85,-10.9,-13.8,-18.9,-18.4,-25.6
33.86,-11.2,-13.6,-20.6,-18.3,-25.5
33.87,-10.9,-13.5,-21.3,-18.0,-25.8
33.88,-11.4,-13.4,-23.6,-18.2,-26.1
33.89,-11.2,-13.4,-22.2,-18.2,-26.1
33.90,-11.3,-13.6,-22.7,-18.2,-26.5
33.91,-11.7,-13.9,-21.5,-18.1,-26.8
33.92,-11.5,-14.3,-20.8,-18.3,-26.2
33.93,-11.5,-14.6,-20.5,-18.3,-24.6
33.94,-12.1,-14.9,-21.3,-19.0,-23.8
33.95,-11.9,-14.9,-21.6,-18.7,-22.9
33.96,-11.4,-14.8,-22.0,-17.8,-22.3
33.97,-11.8,-14.2,-23.8,-18.7,-22.3
33.98,-11.4,-13.7,-24.8,-17.9,-22.6
33.99,-11.3,-13.4,-25.9,-17.9,-22.8
34.00,-11.4,-12.9,-27.2,-18.2,-22.6
34.01,-11.1,-12.8,-27.6,-18.3,-22.8
34.02,-11.5,-13.4,-27.8,-18.5,-22.5
34.03,-11.8,-14.1,-26.7,-18.5,-22.2
34.04,-12.8,-15.4,-25.7,-18.5,-22.6
34.05,-13.5,-17.6,-25.8,-18.1,-22.4
34.06,-14.7,-20.7,-25.7,-18.4,-22.3
34.07,-14.9,-24.1,-25.2,-18.2,-22.8
34.08,-12.4,-28.5,-15.5,-18.0,-23.1
34.09,-9.3,-30.1,-10.6,-18.2,-23.3
34.10,-8.5,-17.5,-10.0,-20.2,-24.0
34.11,-7.9,-14.7,-9.9,-20.6,-24.4
34.12,-7.8,-13.3,-10.0,-23.2,-24.5
34.13,-9.1,-12.4,-12.2,-24.7,-24.2
34.14,-10.4,-11.9,-18.6,-22.2,-24.2
34.15,-11.2,-12.7,-18.6,-22.1,-24.3
34.16,-11.4,-13.1,-19.0,-21.7,-24.1
34.17,-11.8,-13.8,-18.8,-21.0,-24.1
34.18,-12.7,-14.9,-21.6,-20.8,-24.3
34.19,-13.6,-16.4,-22.1,-20.4,-24.1
34.20,-14.6,-18.0,-23.6,-20.4,-23.7
34.21,-14.4,-18.3,-22.4,-20.7,-24.1
34.22,-13.6,-17.0,-22.8,-20.6,-23.7
34.23,-12.6,-15.3,-21.9,-20.7,-23.9
34.24,-11.9,-14.5,-21.0,-20.3,-24.1
34.25,-11.5,-13.9,-21.5,-20.1,-23.9
34.26,-11.8,-14.0,-21.9,-20.2,-23.8
34.27,-11.4,-14.1,-22.7,-18.6,-23.9
34.28,-12.0,-14.6,-23.6,-18.6,-24.0
34.29,-12.2,-14.7,-24.6,-18.4,-23.7
34.30,-12.1,-14.6,-26.5,-18.0,-23.4
34.31,-12.0,-14.5,-27.4,-18.1,-23.0
34.32,-12.1,-14.6,-28.6,-18.5,-22.7
34.33,-11.7,-14.3,-28.4,-18.6,-22.5
34.34,-11.9,-14.5,-26.3,-18.6,-22.5
34.35,-11.6,-14.2,-25.7,-18.8,-22.5
34.36,-11.9,-14.2,-25.2,-18.9,-23.0
34.37,-12.3,-14.6,-24.7,-19.0,-23.4
34.38,-12.7,-14.8,-24.4,-18.9,-23.7
34.39,-13.0,-15.5,-22.6,-19.0,-24.3
34.40,-9.9,-16.5,-12.4,-19.1,-24.7
34.41,-8.5,-16.9,-10.1,-20.3,-25.1
34.42,-8.4,-17.2,-10.1,-21.1,-25.6
34.43,-8.4,-17.4,-10.0,-20.6,-25.5
34.44,-8.6,-16.7,-10.4,-21.5,-26.0
34.45,-10.7,-16.1,-14.9,-20.6,-25.7
34.46,-11.7,-15.5,-18.7,-19.8,-25.9
34.47,-11.4,-15.1,-18.6,-19.8,-26.3
34.48,-11.2,-14.5,-18.5,-19.9,-27.1
34.49,-11.3,-14.1,-18.9,-20.1,-27.7
34.50,-12.0,-13.9,-20.6,-20.2,-28.1
34.51,-12.1,-13.7,-23.0,-19.8,-28.4
34.52,-11.8,-13.8,-21.9,-19.5,-28.2
34.53,-11.8,-13.9,-21.9,-19.3,-27.8
34.54,-12.0,-14.4,-21.1,-19.3,-27.5
34.55,-11.8,-14.8,-20.8,-19.3,-26.8
34.56,-12.0,-15.6,-20.3,-19.3,-25.8
34.57,-12.8,-16.4,-21.2,-19.4,-25.1
34.58,-13.6,-17.7,-21.8,-19.6,-24.3
34.59,-13.6,-19.7,-22.6,-18.4,-24.0
34.60,-15.1,-22.0,-23.7,-18.7,-23.7
34.61,-15.3,-25.7,-25.1,-18.0,-23.8
34.62,-15.7,-31.9,-26.8,-18.0,-24.3
34.63,-15.8,-35.2,-26.8,-18.2,-24.2
34.64,-16.4,-38.2,-26.4,-18.5,-24.2
34.65,-16.4,-40.2,-26.6,-18.4,-24.4
34.66,-16.7,-41.3,-24.9,-18.5,-24.7
34.67,-16.7,-41.5,-24.2,-18.6,-24.6
34.68,-16.6,-40.9,-24.5,-18.4,-24.4
34.69,-16.7,-40.3,-24.5,-18.6,-24.5
34.70,-16.0,-37.9,-24.4,-18.3,-24.5
34.71,-13.2,-30.2,-17.3,-18.3,-24.9
34.72,-9.3,-21.1,-11.1,-18.6,-25.3
34.73,-8.4,-16.4,-10.3,-20.4,-26.5
34.74,-8.1,-15.0,-10.1,-21.0,-27.4
34.75,-8.0,-13.9,-10.2,-22.5,-28.0
34.76,-9.0,-13.2,-11.4,-26.4,-28.5
34.77,-11.5,-13.4,-17.9,-24.4,-28.5
34.78,-12.0,-13.7,-18.5,-23.7,-28.2
34.79,-12.5,-14.1,-18.9,-23.3,-28.4
34.80,-12.4,-14.1,-18.5,-22.6,-28.6
34.81,-12.9,-14.2,-21.2,-22.7,-28.7
34.82,-12.8,-14.4,-21.2,-22.1,-28.3
34.83,-13.5,-14.9,-23.5,-22.1,-28.2
34.84,-13.7,-15.7,-22.7,-21.6,-28.6
34.85,-14.5,-16.7,-23.3,-21.7,-28.9
34.86,-14.9,-18.3,-22.0,-21.6,-29.0
34.87,-14.8,-20.2,-20.9,-21.3,-27.6
34.88,-15.0,-22.4,-21.2,-20.7,-26.5
34.89,-16.0,-25.1,-21.7,-20.4,-25.5
34.90,-15.6,-27.5,-22.6,-19.4,-24.4
34.91,-15.6,-36.3,-23.4,-18.4,-24.4
34.92,-15.9,-38.3,-24.6,-18.3,-24.6
34.93,-16.1,-41.3,-26.4,-17.7,-24.5
34.94,-16.2,-42.8,-27.5,-18.0,-24.7
34.95,-17.0,-44.1,-28.7,-18.6,-24.7
34.96,-16.6,-44.5,-27.6,-18.6,-24.7
34.97,-16.4,-44.2,-26.3,-18.5,-24.6
34.98,-16.8,-43.7,-25.7,-18.8,-24.4
34.99,-16.8,-43.6,-24.8,-18.9,-24.4
35.00,-16.9,-43.1,-24.4,-19.0,-24.6
35.01,-17.2,-41.8,-24.3,-19.0,-24.3
35.02,-16.4,-38.9,-22.4,-18.9,-24.4
35.03,-11.7,-30.7,-13.9,-18.9,-24.7
35.04,-8.7,-22.0,-10.1,-19.1,-25.3
35.05,-8.4,-18.2,-9.9,-19.8,-25.8
35.06,-7.8,-15.6,-9.8,-18.8,-26.4
35.07,-7.7,-13.8,-10.0,-19.7,-27.3
35.08,-9.6,-12.8,-14.9,-19.3,-26.7
35.09,-10.4,-12.7,-18.6,-19.0,-26.5
35.10,-10.1,-12.4,-18.3,-18.9,-26.6
35.11,-10.3,-12.8,-18.1,-19.2,-26.4
35.12,-11.0,-13.7,-18.0,-19.3,-26.4
35.13,-12.0,-14.3,-20.0,-19.6,-26.5
35.14,-12.2,-14.5,-21.2,-19.2,-26.3
35.15,-12.4,-15.0,-21.4,-19.0,-26.2
35.16,-12.3,-15.3,-20.5,-18.9,-26.2
35.17,-12.1,-14.9,-20.5,-18.9,-26.3
35.18,-12.1,-14.7,-20.3,-19.0,-25.9
35.19,-11.8,-14.5,-20.1,-18.8,-26.0
35.20,-12.1,-14.2,-21.4,-19.7,-25.6
35.21,-12.4,-14.1,-22.2,-20.8,-25.5
35.22,-12.2,-14.3,-23.2,-20.0,-25.5
35.23,-13.0,-14.5,-24.3,-21.0,-25.6
35.24,-13.0,-14.6,-25.8,-20.3,-25.8
35.25,-13.0,-14.8,-27.5,-19.2,-26.2
35.26,-12.9,-15.0,-28.5,-19.2,-26.5
35.27,-13.5,-15.2,-29.0,-19.5,-26.7
35.28,-13.6,-15.7,-28.4,-19.3,-27.0
35.29,-13.9,-16.4,-26.2,-19.5,-27.6
35.30,-14.4,-17.3,-25.6,-19.6,-27.6
35.31,-15.4,-19.0,-25.5,-19.5,-28.2
35.32,-16.1,-20.6,-25.3,-19.9,-28.2
35.33,-17.1,-22.9,-25.3,-20.0,-28.0
35.34,-16.0,-25.4,-21.3,-19.9,-28.2
35.35,-9.7,-29.2,-11.2,-19.6,-26.9
35.36,-9.0,-36.8,-10.3,-20.2,-26.1
35.37,-8.7,-40.8,-10.2,-19.3,-25.1
35.38,-8.6,-39.4,-10.2,-18.2,-24.1
35.39,-9.7,-36.8,-11.4,-17.6,-23.7
35.40,-13.1,-34.5,-16.4,-17.1,-23.5
35.41,-14.2,-31.8,-18.0,-16.8,-23.5
35.42,-14.5,-30.5,-18.2,-16.7,-23.4
35.43,-14.3,-30.1,-17.6,-17.2,-23.6
35.44,-14.4,-29.6,-19.0,-17.6,-23.6
35.45,-14.3,-29.9,-19.1,-17.4,-23.8
35.46,-14.3,-30.4,-20.1,-17.6,-24.0
35.47,-13.5,-29.8,-19.8,-17.3,-24.3
35.48,-14.0,-29.3,-20.0,-17.6,-24.2
35.49,-13.7,-28.5,-19.3,-16.9,-24.2
35.50,-13.5,-27.7,-18.8,-17.6,-24.3
35.51,-13.4,-27.5,-18.8,-17.9,-24.3
35.52,-14.5,-28.0,-19.1,-19.1,-24.3
35.53,-14.5,-29.2,-19.6,-19.0,-24.4
35.54,-14.8,-30.4,-20.0,-19.5,-24.4
35.55,-15.8,-31.7,-20.8,-19.7,-24.8
35.56,-15.8,-31.9,-21.4,-18.7,-25.1
35.57,-15.9,-32.3,-22.0,-18.9,-25.1
35.58,-16.0,-33.0,-22.2,-18.6,-24.9
35.59,-16.3,-34.6,-22.0,-19.1,-24.8
35.60,-16.0,-35.7,-21.8,-18.4,-24.8
35.61,-16.3,-40.6,-21.3,-19.1,-25.0
35.62,-16.1,-46.9,-21.0,-18.6,-25.2
35.63,-16.5,-49.9,-21.2,-19.1,-25.5
35.64,-16.4,-49.6,-21.3,-18.9,-25.2
35.65,-16.6,-46.6,-21.5,-19.2,-25.0
35.66,-13.9,-39.8,-14.6,-19.0,-25.1
35.67,-10.4,-35.8,-9.7,-19.8,-24.9
35.68,-9.2,-18.8,-9.4,-19.8,-24.8
35.69,-8.2,-14.4,-9.3,-18.7,-25.2
35.70,-8.0,-13.7,-9.4,-18.6,-25.5
35.71,-9.1,-13.3,-13.0,-18.0,-25.9
35.72,-10.2,-13.0,-18.2,-17.7,-26.4
35.73,-11.8,-15.8,-18.1,-17.4,-27.0
35.74,-12.9,-18.0,-18.2,-18.3,-27.0
35.75,-13.5,-19.0,-18.0,-18.3,-27.7
35.76,-14.6,-18.8,-20.3,-18.2,-27.6
35.77,-14.6,-18.3,-20.5,-18.4,-28.4
35.78,-14.0,-17.7,-21.5,-18.0,-28.5
35.79,-13.2,-16.3,-20.1,-18.2,-28.6
35.80,-12.1,-15.3,-20.0,-17.7,-28.6
35.81,-12.0,-14.7,-19.8,-18.5,-28.0
35.82,-11.9,-14.2,-19.5,-18.7,-27.3
35.83,-11.7,-14.0,-20.3,-19.6,-27.1
35.84,-11.9,-14.2,-20.8,-18.9,-26.5
35.85,-12.0,-14.5,-21.3,-18.2,-26.4
35.86,-12.0,-14.9,-21.8,-17.3,-26.7
35.87,-12.0,-15.0,-22.5,-17.1,-26.2
35.88,-12.2,-15.0,-23.3,-16.8,-26.2
35.89,-12.2,-15.1,-24.0,-17.3,-26.2
35.90,-12.7,-14.9,-24.7,-17.7,-26.0
35.91,-12.3,-14.7,-24.6,-17.6,-25.7
35.92,-12.1,-14.6,-23.9,-17.4,-26.0
35.93,-12.1,-14.6,-23.7,-17.6,-25.8
35.94,-11.9,-14.5,-23.7,-17.2,-25.6
35.95,-12.0,-14.6,-23.5,-17.7,-25.0
35.96,-12.1,-15.1,-23.3,-17.4,-25.4
35.97,-12.5,-16.2,-21.2,-17.7,-25.2
35.98,-9.8,-17.1,-10.7,-17.5,-25.5
35.99,-9.0,-17.6,-9.5,-17.9,-25.5
36.00,-9.0,-17.8,-9.4,-18.1,-25.8
36.01,-8.7,-16.7,-9.4,-17.7,-25.9
36.02,-9.1,-15.5,-10.3,-17.8,-25.8
36.03,-10.7,-15.1,-15.1,-17.2,-25.9
36.04,-11.5,-14.8,-18.7,-17.4,-25.9
36.05,-11.4,-14.6,-19.6,-17.1,-25.9
36.06,-11.9,-14.7,-19.2,-17.8,-26.0
36.07,-12.6,-15.0,-19.7,-17.8,-26.2
36.08,-12.9,-15.3,-21.1,-18.0,-26.5
36.09,-13.0,-15.6,-22.7,-17.8,-27.1
36.10,-12.9,-15.5,-21.6,-17.9,-27.0
36.11,-12.3,-15.0,-22.1,-17.6,-27.2
36.12,-11.7,-14.7,-21.2,-17.7,-27.5
36.13,-11.6,-14.2,-20.5,-18.1,-27.7
36.14,-11.9,-14.1,-20.3,-19.3,-27.4
36.15,-11.9,-14.5,-21.0,-18.2,-26.9
36.16,-12.5,-15.8,-21.0,-17.9,-26.7
36.17,-13.0,-17.6,-21.5,-16.9,-26.4
36.18,-14.0,-20.6,-22.8,-16.7,-26.2
36.19,-14.9,-25.4,-23.6,-16.3,-25.8
36.20,-15.4,-35.8,-24.5,-16.8,-25.7
36.21,-17.0,-39.6,-24.9,-17.2,-25.5
36.22,-16.6,-39.7,-25.0,-17.5,-25.1
36.23,-16.6,-35.9,-25.1,-17.0,-25.1
36.24,-15.7,-32.5,-24.1,-17.3,-25.2
36.25,-15.7,-29.8,-23.5,-16.9,-25.2
36.26,-15.5,-28.5,-23.7,-17.1,-25.3
36.27,-15.3,-27.1,-23.8,-17.1,-25.3
36.28,-15.6,-26.5,-24.1,-17.3,-25.0
36.29,-12.2,-25.6,-15.2,-16.9,-25.2
36.30,-9.8,-23.2,-10.7,-17.9,-25.7
36.31,-8.9,-19.3,-10.0,-17.9,-26.3
36.32,-8.5,-15.7,-9.8,-18.8,-27.6
36.33,-8.0,-13.7,-9.9,-18.2,-28.5
36.34,-8.3,-12.4,-11.9,-18.7,-29.8
36.35,-9.4,-11.6,-18.1,-17.4,-30.2
36.36,-9.4,-11.4,-18.3,-17.6,-30.3
36.37,-9.8,-11.6,-18.8,-17.5,-30.0
36.38,-10.1,-11.9,-18.6,-17.9,-29.7
36.39,-10.6,-12.2,-21.4,-18.0,-29.5
36.40,-11.0,-12.8,-21.2,-18.0,-29.0
36.41,-11.5,-13.8,-23.2,-17.4,-29.2
36.42,-12.4,-14.6,-21.6,-17.7,-29.0
36.43,-12.4,-15.7,-21.6,-17.3,-29.2
36.44,-12.4,-15.7,-20.7,-17.6,-28.9
36.45,-11.5,-14.5,-19.9,-17.9,-28.2
36.46,-11.3,-14.4,-20.4,-18.7,-26.9
36.47,-11.3,-14.2,-20.8,-17.8,-25.9
36.48,-11.0,-14.1,-21.5,-16.9,-25.2
36.49,-11.4,-14.7,-22.7,-16.7,-24.8
36.50,-11.6,-14.8,-23.7,-16.5,-24.7
36.51,-11.7,-14.6,-24.6,-16.5,-24.4
36.52,-11.7,-14.4,-25.4,-16.7,-24.3
36.53,-12.3,-14.4,-26.6,-17.3,-24.1
36.54,-12.1,-14.7,-26.1,-17.1,-23.8
36.55,-12.1,-15.1,-24.8,-16.7,-23.5
36.56,-12.4,-15.4,-24.9,-17.0,-24.1
36.57,-12.2,-15.8,-24.3,-16.7,-24.5
36.58,-12.6,-16.1,-24.0,-17.0,-25.2
36.59,-12.5,-16.1,-24.3,-16.6,-25.6
36.60,-12.5,-15.8,-23.3,-17.0,-26.5
36.61,-10.1,-15.5,-12.5,-16.8,-27.1
36.62,-8.6,-15.2,-9.8,-17.9,-27.3
36.63,-8.2,-14.9,-9.6,-17.8,-28.0
36.64,-8.1,-14.7,-9.6,-17.8,-28.0
36.65,-8.2,-14.6,-9.8,-17.5,-27.9
36.66,-10.1,-14.6,-14.6,-17.0,-27.4
36.67,-11.2,-14.7,-18.4,-17.0,-27.0
36.68,-11.3,-14.7,-18.5,-17.3,-26.9
36.69,-11.8,-14.8,-18.5,-17.5,-27.3
36.70,-11.8,-14.9,-18.6,-17.4,-26.9
36.71,-11.8,-15.0,-20.8,-17.1,-26.7
36.72,-12.0,-15.1,-22.5,-17.0,-26.6
36.73,-11.8,-15.2,-21.1,-16.4,-26.4
36.74,-12.0,-15.4,-20.6,-17.0,-26.4
36.75,-11.6,-15.4,-20.1,-16.8,-26.4
36.76,-11.8,-15.4,-20.0,-17.0,-26.6
36.77,-11.8,-15.3,-19.6,-17.0,-26.6
36.78,-11.6,-15.1,-20.7,-17.2,-26.7
36.79,-11.5,-15.1,-21.3,-16.6,-26.6
36.80,-11.5,-15.1,-21.8,-16.2,-26.4
36.81,-11.5,-15.1,-22.8,-16.4,-26.6
36.82,-11.7,-15.2,-23.8,-15.9,-27.3
36.83,-11.9,-15.5,-25.1,-16.2,-27.2
36.84,-12.2,-15.7,-25.6,-16.1,-27.2
36.85,-12.8,-16.0,-26.1,-16.8,-27.3
36.86,-12.7,-16.1,-25.9,-16.4,-26.3
36.87,-12.5,-16.5,-24.5,-16.6,-25.7
36.88,-12.7,-16.8,-23.9,-16.5,-25.8
36.89,-12.5,-16.8,-24.2,-16.4,-25.5
36.90,-12.1,-16.7,-24.2,-16.1,-25.6
36.91,-12.1,-16.4,-24.3,-16.1,-25.7
36.92,-10.9,-15.3,-18.3,-16.2,-25.6
36.93,-8.5,-14.5,-10.6,-16.3,-25.7
36.94,-7.8,-13.9,-9.7,-17.0,-25.7
36.95,-7.6,-13.4,-9.6,-17.2,-26.0
36.96,-7.6,-13.4,-9.6,-17.6,-26.1
36.97,-8.5,-13.8,-11.0,-17.6,-26.1
36.98,-10.4,-14.4,-16.9,-18.0,-26.1
36.99,-11.7,-15.1,-18.4,-18.1,-25.9
37.00,-12.9,-15.9,-19.2,-18.4,-25.8
37.01,-13.2,-16.5,-18.9,-18.3,-25.3
37.02,-13.8,-16.9,-21.7,-18.3,-25.2
37.03,-13.8,-17.3,-21.5,-18.1,-25.1
37.04,-13.8,-17.7,-23.7,-17.9,-25.4
37.05,-13.2,-17.9,-22.1,-18.0,-25.1
37.06,-13.3,-17.9,-22.4,-18.2,-26.0
37.07,-13.2,-17.7,-20.9,-18.2,-25.5
37.08,-13.4,-17.7,-19.9,-18.6,-25.1
37.09,-13.1,-17.5,-20.0,-19.1,-24.5
37.10,-12.9,-17.2,-20.4,-18.7,-24.5
37.11,-13.0,-16.9,-21.1,-18.8,-24.2
37.12,-12.2,-16.9,-21.9,-17.6,-24.2
37.13,-12.4,-17.0,-23.0,-17.6,-24.2
37.14,-13.0,-17.1,-24.2,-17.1,-24.2
37.15,-13.1,-17.2,-24.9,-17.2,-24.0
37.16,-13.6,-17.2,-26.3,-17.3,-24.1
37.17,-13.7,-17.1,-26.4,-17.9,-24.0
37.18,-12.9,-17.3,-25.7,-17.3,-23.9
37.19,-13.4,-18.2,-25.3,-17.7,-23.8
37.20,-13.3,-19.7,-24.5,-17.0,-23.5
37.21,-14.2,-21.8,-24.4,-17.5,-23.0
37.22,-13.6,-23.9,-24.5,-16.9,-22.8
37.23,-14.6,-23.1,-24.0,-17.5,-22.7
37.24,-11.1,-20.6,-14.7,-17.9,-22.6
37.25,-8.9,-18.6,-9.8,-19.0,-22.5
37.26,-8.0,-16.7,-9.6,-18.5,-23.1
37.27,-7.9,-15.3,-9.5,-18.8,-23.5
37.28,-7.7,-14.1,-9.6,-18.1,-23.8
37.29,-9.0,-13.3,-13.9,-17.7,-24.2
37.30,-10.3,-12.9,-18.9,-17.8,-24.4
37.31,-10.8,-13.0,-19.0,-17.8,-24.4
37.32,-11.1,-13.3,-19.1,-17.7,-24.6
37.33,-11.5,-13.8,-18.9,-18.2,-24.6
37.34,-12.2,-14.3,-21.6,-17.9,-24.7
37.35,-12.2,-14.9,-22.8,-17.6,-24.8
37.36,-12.4,-15.5,-22.3,-17.8,-25.0
37.37,-11.9,-16.1,-21.0,-17.8,-25.5
37.38,-11.6,-16.4,-20.8,-17.7,-26.1
37.39,-11.7,-16.5,-20.5,-17.8,-27.0
37.40,-12.1,-16.6,-19.9,-18.3,-27.5
37.41,-12.4,-16.5,-20.5,-18.7,-27.9
37.42,-12.6,-16.4,-20.7,-19.1,-27.7
37.43,-12.3,-16.3,-21.1,-18.5,-27.1
37.44,-12.3,-16.0,-21.8,-18.0,-26.7
37.45,-12.0,-15.7,-23.1,-17.3,-26.2
37.46,-12.3,-15.5,-24.9,-17.0,-26.1
37.47,-12.2,-15.4,-25.9,-17.0,-26.3
37.48,-12.6,-15.4,-27.0,-17.6,-26.5
37.49,-12.9,-15.8,-26.5,-17.5,-26.8
37.50,-12.7,-16.3,-25.2,-17.5,-26.8
37.51,-12.8,-16.5,-24.8,-17.3,-26.6
37.52,-12.3,-16.3,-24.9,-16.9,-26.4
37.53,-12.7,-16.3,-24.8,-17.3,-26.1
37.54,-12.4,-16.2,-24.9,-16.9,-26.3
37.55,-12.7,-16.4,-21.4,-17.5,-26.3
37.56,-9.9,-16.7,-10.4,-17.2,-26.4
37.57,-9.2,-17.0,-9.5,-17.4,-26.1
37.58,-9.0,-16.3,-9.4,-17.1,-26.2
37.59,-8.6,-15.5,-9.4,-17.0,-26.1
37.60,-9.1,-14.4,-10.6,-17.1,-25.9
37.61,-9.9,-13.8,-16.0,-16.9,-26.2
37.62,-10.6,-13.5,-18.8,-17.0,-25.8
37.63,-10.5,-13.4,-19.8,-16.8,-25.8
37.64,-10.8,-13.3,-19.6,-17.0,-26.1
37.65,-11.2,-13.5,-21.3,-16.6,-26.0
37.66,-11.3,-13.6,-22.1,-17.1,-26.4
37.67,-11.3,-13.8,-24.0,-16.8,-26.3
37.68,-11.2,-13.9,-21.9,-17.0,-26.2
37.69,-10.9,-14.0,-22.1,-16.6,-26.0
37.70,-10.7,-14.2,-20.7,-16.7,-26.4
37.71,-10.8,-14.3,-19.6,-16.6,-26.4
37.72,-11.3,-14.4,-19.6,-17.2,-26.5
37.73,-11.4,-14.6,-20.0,-17.1,-26.6
37.74,-12.3,-14.9,-20.2,-17.9,-25.7
37.75,-12.3,-15.1,-20.6,-17.3,-25.4
37.76,-12.4,-15.4,-22.1,-17.1,-25.7
37.77,-12.2,-15.7,-23.2,-16.6,-25.5
37.78,-12.7,-16.2,-24.1,-16.8,-25.8
37.79,-12.4,-16.4,-25.0,-16.4,-26.3
37.80,-12.9,-16.3,-25.4,-16.8,-26.1
37.81,-12.8,-16.1,-25.5,-16.7,-25.8
37.82,-12.7,-15.8,-24.9,-16.9,-26.4
37.83,-12.4,-15.3,-24.4,-16.8,-26.6
37.84,-12.2,-15.0,-24.9,-16.8,-27.4
37.85,-12.4,-14.4,-25.2,-16.9,-28.4
37.86,-11.3,-13.7,-25.2,-16.7,-28.1
37.87,-10.4,-13.3,-15.5,-16.8,-26.8
37.88,-8.3,-13.2,-10.7,-17.5,-25.6
37.89,-7.9,-12.9,-10.2,-17.6,-24.6
37.90,-7.8,-13.0,-10.1,-17.8,-24.0
37.91,-7.7,-13.2,-10.2,-16.4,-23.3
37.92,-8.5,-13.1,-13.3,-16.6,-23.4
37.93,-10.0,-13.3,-19.1,-15.5,-23.1
37.94,-9.9,-13.6,-19.5,-15.8,-23.1
37.95,-10.0,-13.9,-19.8,-15.5,-22.8
37.96,-10.5,-14.2,-19.5,-16.2,-23.2
37.97,-10.8,-14.4,-22.0,-15.7,-22.9
37.98,-11.3,-14.3,-22.8,-16.1,-23.3
37.99,-11.4,-14.3,-23.4,-15.7,-23.2
38.00,-11.1,-14.3,-21.7,-16.1,-23.7
38.01,-11.2,-14.6,-21.4,-15.9,-23.6
38.02,-10.9,-14.7,-20.5,-15.9,-23.8
38.03,-10.6,-14.6,-19.7,-16.1,-23.3
38.04,-10.8,-14.5,-20.2,-16.2,-23.4
38.05,-10.9,-14.1,-20.4,-16.5,-23.1
38.06,-11.0,-14.1,-21.5,-15.7,-22.9
38.07,-10.9,-14.3,-22.5,-16.1,-23.1
38.08,-10.8,-14.3,-23.6,-15.4,-23.1
38.09,-11.2,-14.6,-25.3,-15.7,-23.4
38.10,-11.2,-14.7,-25.5,-15.3,-23.7
38.11,-11.7,-14.4,-25.2,-16.0,-23.9
38.12,-11.3,-14.2,-24.8,-15.5,-23.9
38.13,-11.3,-14.2,-23.9,-16.1,-24.0
38.14,-11.0,-14.0,-24.1,-15.5,-23.8
38.15,-11.2,-13.9,-24.6,-16.0,-24.0
38.16,-11.0,-14.0,-24.9,-15.6,-24.0
38.17,-11.1,-14.1,-24.9,-15.8,-24.1
38.18,-11.3,-14.4,-22.0,-15.8,-24.2
38.19,-9.2,-14.8,-11.1,-15.9,-24.8
38.20,-8.4,-15.0,-9.4,-15.9,-24.5
38.21,-8.5,-15.4,-9.3,-15.7,-24.9
38.22,-8.5,-15.5,-9.3,-15.7,-24.8
38.23,-8.9,-15.2,-9.8,-15.7,-25.5
38.24,-10.8,-14.8,-14.3,-15.8,-25.6
38.25,-11.8,-14.6,-17.7,-16.0,-26.3
38.26,-11.5,-14.3,-17.8,-16.4,-26.5
38.27,-11.4,-14.2,-17.8,-16.4,-27.1
38.28,-11.3,-14.4,-18.8,-16.6,-26.5
38.29,-11.4,-14.8,-20.6,-16.3,-26.8
38.30,-12.2,-15.3,-23.0,-16.5,-26.5
38.31,-12.5,-16.1,-21.1,-16.1,-26.7
38.32,-12.2,-17.1,-20.9,-16.4,-26.0
38.33,-12.7,-18.0,-20.2,-16.0,-26.2
38.34,-12.8,-18.7,-19.8,-16.4,-25.2
38.35,-12.9,-20.0,-19.3,-16.4,-24.2
38.36,-13.3,-21.3,-20.2,-16.7,-23.5
38.37,-13.2,-23.4,-20.7,-16.2,-23.2
38.38,-13.4,-26.7,-21.3,-16.1,-22.8
38.39,-13.5,-31.9,-23.1,-15.8,-22.7
38.40,-14.3,-35.8,-24.0,-16.0,-22.6
38.41,-13.8,-32.1,-25.4,-15.6,-22.6
38.42,-15.3,-29.9,-25.7,-16.6,-22.6
38.43,-14.2,-27.8,-25.0,-15.8,-22.8
38.44,-14.5,-26.2,-25.4,-16.3,-22.9
38.45,-13.6,-25.5,-24.7,-15.5,-22.8
38.46,-13.6,-24.9,-24.3,-16.0,-22.7
38.47,-13.6,-24.3,-25.0,-15.3,-22.8
38.48,-13.9,-24.0,-25.1,-15.9,-22.6
38.49,-13.3,-23.8,-25.0,-15.5,-22.6
38.50,-12.0,-23.5,-16.2,-16.1,-22.9
38.51,-9.7,-23.4,-10.4,-15.9,-23.1
38.52,-9.2,-23.5,-9.5,-16.3,-23.2
38.53,-9.1,-23.3,-9.3,-16.2,-23.6
38.54,-9.3,-23.6,-9.4,-16.4,-23.9
38.55,-10.7,-23.4,-10.5,-16.3,-24.1
38.56,-13.5,-22.7,-17.2,-16.5,-24.6
38.57,-14.3,-22.4,-17.9,-16.2,-24.4
38.58,-14.3,-22.0,-18.6,-16.7,-24.6
38.59,-14.0,-21.5,-18.4,-16.3,-24.5
38.60,-14.2,-21.7,-21.7,-16.7,-24.1
38.61,-13.8,-22.0,-21.7,-16.2,-23.7
38.62,-14.1,-22.5,-23.5,-16.5,-23.5
38.63,-14.0,-23.6,-21.3,-16.1,-23.3
38.64,-13.9,-25.1,-21.2,-16.4,-23.4
38.65,-13.7,-27.0,-20.0,-16.0,-23.6
38.66,-13.6,-29.3,-19.0,-16.4,-23.5
38.67,-13.2,-32.2,-19.4,-16.2,-23.8
38.68,-13.9,-35.6,-19.8,-16.2,-23.3
38.69,-12.4,-37.2,-20.5,-15.4,-22.9
38.70,-13.4,-31.6,-22.1,-15.4,-22.8
38.71,-12.8,-25.9,-23.3,-14.9,-22.7
38.72,-13.1,-23.4,-24.9,-15.2,-22.4
38.73,-13.3,-22.1,-25.7,-15.1,-22.6
38.74,-13.9,-21.2,-26.2,-15.8,-23.1
38.75,-13.5,-20.9,-25.5,-15.4,-23.1
38.76,-13.5,-21.5,-24.7,-15.7,-23.7
38.77,-13.3,-21.3,-25.0,-15.3,-24.3
38.78,-13.3,-21.0,-24.7,-15.4,-24.6
38.79,-12.7,-19.6,-24.7,-15.2,-24.5
38.80,-12.9,-18.5,-24.7,-15.3,-24.7
38.81,-12.5,-17.6,-23.4,-15.2,-24.7
38.82,-10.2,-17.2,-13.5,-15.5,-24.7
38.83,-8.9,-16.7,-9.8,-15.6,-25.1
38.84,-8.7,-16.5,-9.6,-16.0,-25.4
38.85,-8.6,-16.1,-9.5,-16.2,-26.0
38.86,-8.9,-16.2,-9.7,-16.7,-26.5
38.87,-12.1,-16.7,-14.8,-16.6,-26.7
38.88,-14.0,-17.8,-19.0,-17.0,-27.5
38.89,-13.8,-20.0,-19.0,-16.5,-26.7
38.90,-14.7,-23.1,-19.0,-16.8,-26.9
38.91,-14.9,-26.6,-18.9,-16.3,-26.8
38.92,-14.8,-29.7,-21.4,-16.4,-26.2
38.93,-14.0,-32.9,-23.2,-16.1,-26.1
38.94,-15.1,-35.1,-22.2,-16.2,-26.4
38.95,-14.3,-27.8,-22.2,-16.0,-26.3
38.96,-14.1,-24.8,-21.0,-16.2,-26.5
38.97,-13.1,-20.7,-20.0,-16.2,-27.2
38.98,-12.2,-16.2,-19.8,-16.6,-27.3
38.99,-11.0,-14.0,-20.5,-16.7,-26.9
39.00,-10.5,-13.1,-20.7,-16.5,-26.8
39.01,-9.9,-12.3,-21.7,-16.1,-26.5
39.02,-10.0,-12.3,-23.4,-16.2,-26.0
39.03,-10.2,-12.7,-24.6,-15.6,-25.9
39.04,-10.6,-12.9,-25.9,-15.8,-25.6
39.05,-11.1,-13.5,-25.2,-16.2,-25.1
39.06,-11.0,-13.0,-25.0,-16.5,-25.1
39.07,-10.8,-13.1,-25.3,-16.6,-25.0
39.08,-10.5,-12.6,-24.2,-16.5,-24.9
39.09,-10.3,-12.3,-24.3,-16.6,-25.0
39.10,-10.0,-11.9,-25.2,-16.2,-25.5
39.11,-10.4,-12.1,-25.2,-16.6,-25.5
39.12,-10.5,-12.5,-25.2,-16.0,-26.1
39.13,-10.7,-12.6,-20.6,-16.6,-26.0
39.14,-8.6,-13.4,-11.2,-16.5,-26.5
39.15,-8.1,-13.4,-10.1,-17.3,-26.3
39.16,-8.3,-14.1,-9.9,-17.1,-26.0
39.17,-8.3,-13.9,-10.0,-17.6,-25.8
39.18,-9.0,-14.0,-10.9,-17.4,-25.5
39.19,-10.5,-13.7,-16.0,-17.8,-24.9
39.20,-11.0,-13.6,-17.6,-17.0,-25.1
39.21,-11.5,-14.1,-18.3,-17.7,-25.2
39.22,-11.9,-15.0,-18.0,-16.8,-24.9
39.23,-12.2,-15.8,-20.9,-17.2,-24.8
39.24,-12.3,-16.8,-20.7,-16.5,-24.6
39.25,-13.4,-17.8,-23.2,-17.1,-24.3
39.26,-12.9,-18.3,-21.1,-16.3,-24.5
39.27,-12.7,-18.3,-21.2,-17.0,-24.6
39.28,-12.4,-18.1,-20.3,-16.3,-24.6
39.29,-12.5,-17.7,-19.5,-17.1,-24.8
39.30,-12.3,-17.3,-19.5,-16.8,-25.4
39.31,-12.9,-17.1,-20.5,-17.0,-25.2
39.32,-11.5,-16.8,-21.4,-15.7,-25.1
39.33,-11.6,-16.1,-21.9,-15.6,-24.8
39.34,-11.2,-15.5,-24.0,-14.9,-24.7
39.35,-11.3,-14.9,-25.6,-15.1,-24.6
39.36,-10.8,-14.5,-26.8,-14.8,-24.7
39.37,-11.4,-14.1,-26.8,-15.8,-25.0
39.38,-11.0,-13.8,-25.5,-15.3,-25.1
39.39,-11.1,-13.8,-24.9,-15.9,-25.2
39.40,-10.9,-13.9,-24.8,-15.3,-25.5
39.41,-11.1,-13.8,-24.5,-15.6,-25.5
39.42,-10.9,-13.9,-25.2,-15.2,-25.4
39.43,-11.2,-14.0,-25.1,-15.4,-25.3
39.44,-11.0,-14.2,-24.8,-15.1,-25.2
39.45,-10.0,-14.3,-15.3,-15.4,-25.0
39.46,-8.5,-14.3,-10.2,-15.1,-25.3
39.47,-8.2,-14.0,-9.9,-15.5,-25.1
39.48,-8.1,-13.8,-9.7,-15.3,-25.3
39.49,-8.2,-13.8,-9.9,-15.6,-25.5
39.50,-10.2,-13.4,-13.8,-15.4,-25.7
39.51,-11.3,-14.1,-18.7,-15.8,-25.4
39.52,-11.6,-15.3,-18.8,-16.1,-25.9
39.53,-12.8,-17.1,-18.8,-15.9,-25.6
39.54,-12.8,-19.8,-18.6,-15.9,-25.4
39.55,-13.1,-25.5,-20.7,-15.3,-25.2
39.56,-13.5,-28.4,-21.2,-15.1,-25.3
39.57,-13.3,-32.8,-20.9,-14.7,-25.0
39.58,-13.1,-37.0,-20.8,-14.6,-25.8
39.59,-13.4,-37.6,-20.4,-14.7,-25.8
39.60,-13.3,-36.2,-20.0,-14.6,-26.0
39.61,-12.9,-25.5,-20.0,-14.8,-26.5
39.62,-11.9,-18.4,-20.8,-14.8,-26.5
39.63,-11.3,-15.5,-21.1,-14.8,-26.5
39.64,-10.5,-13.9,-21.7,-14.8,-26.6
39.65,-10.0,-13.0,-22.5,-14.8,-26.5
39.66,-10.0,-12.7,-23.2,-14.7,-26.3
39.67,-10.1,-13.0,-24.6,-14.8,-26.3
39.68,-10.7,-13.9,-25.4,-15.0,-26.4
39.69,-11.1,-14.3,-25.8,-15.1,-26.8
39.70,-11.4,-14.7,-25.5,-15.3,-26.8
39.71,-11.9,-15.3,-24.1,-15.7,-26.8
39.72,-12.0,-15.6,-24.0,-15.7,-26.6
39.73,-11.8,-15.5,-24.6,-15.6,-26.5
39.74,-12.0,-15.8,-24.7,-15.7,-26.3
39.75,-11.7,-15.1,-25.0,-15.8,-26.5
39.76,-11.4,-14.8,-21.7,-16.2,-26.4
39.77,-8.3,-14.7,-11.5,-16.9,-26.7
39.78,-7.8,-14.5,-10.3,-18.4,-27.2
39.79,-7.7,-14.7,-10.1,-18.3,-27.6
39.80,-7.7,-14.7,-10.1,-17.5,-28.6
39.81,-8.6,-14.8,-11.0,-16.9,-29.2
39.82,-10.8,-14.9,-15.3,-15.9,-29.4
39.83,-11.5,-14.9,-18.1,-15.2,-29.5
39.84,-11.6,-15.0,-18.6,-15.5,-29.8
39.85,-11.6,-15.0,-18.3,-15.6,-29.4
39.86,-11.9,-15.3,-19.4,-15.5,-29.5
39.87,-11.4,-15.1,-19.9,-15.4,-29.7
39.88,-11.2,-15.2,-21.3,-15.4,-29.4
39.89,-11.1,-14.9,-20.3,-15.2,-28.2
39.90,-11.0,-14.8,-20.8,-15.1,-27.7
39.91,-10.9,-14.6,-20.0,-15.1,-27.4
39.92,-10.5,-14.6,-19.6,-15.0,-26.4
39.93,-11.0,-14.5,-19.4,-15.4,-25.8
39.94,-10.9,-14.7,-19.8,-15.5,-25.1
39.95,-10.8,-14.9,-19.9,-15.0,-24.3
39.96,-10.6,-15.2,-20.5,-14.8,-23.8
39.97,-11.1,-15.2,-21.9,-14.6,-23.7
39.98,-10.8,-15.2,-23.1,-14.1,-23.5
39.99,-11.1,-15.2,-24.2,-14.0,-23.8
40.00,-11.1,-15.3,-24.6,-14.2,-23.7
40.01,-11.2,-15.4,-24.8,-14.1,-23.5
40.02,-10.8,-15.4,-24.7,-14.2,-23.3
40.03,-10.7,-15.6,-24.3,-14.2,-22.8
40.04,-10.9,-15.9,-23.9,-14.2,-22.8
40.05,-11.0,-15.9,-24.2,-14.2,-22.9
40.06,-10.9,-16.2,-24.4,-14.2,-23.5
40.07,-11.5,-17.0,-24.7,-14.3,-24.1
40.08,-10.2,-17.8,-15.9,-14.5,-24.8
40.09,-8.4,-19.1,-11.3,-15.4,-25.2
40.10,-8.2,-21.2,-10.7,-15.4,-25.5
40.11,-8.1,-21.5,-10.5,-15.7,-24.9
40.12,-8.1,-21.3,-10.6,-15.6,-25.6
40.13,-9.2,-20.2,-12.8,-15.5,-25.0
40.14,-11.2,-19.0,-18.2,-15.1,-24.6
40.15,-11.1,-17.9,-18.3,-15.6,-24.0
40.16,-11.2,-17.3,-18.4,-15.4,-24.1
40.17,-11.0,-16.5,-18.1,-15.6,-24.0
40.18,-11.5,-15.9,-19.9,-15.4,-24.0
40.19,-11.4,-15.6,-20.0,-14.9,-23.9
40.20,-10.7,-15.3,-21.0,-14.7,-23.7
40.21,-10.6,-15.1,-20.2,-14.7,-23.3
40.22,-10.5,-15.2,-20.0,-14.6,-23.5
40.23,-10.6,-15.1,-19.9,-14.9,-23.0
40.24,-10.4,-14.7,-19.7,-15.1,-23.3
40.25,-11.5,-14.6,-20.3,-16.1,-24.0
40.26,-10.7,-14.3,-20.8,-16.1,-23.4
40.27,-10.7,-14.0,-21.6,-15.6,-23.8
40.28,-10.4,-13.9,-22.1,-15.3,-24.0
40.29,-10.7,-14.2,-22.9,-14.8,-24.0
40.30,-11.0,-15.3,-24.3,-14.3,-24.3
40.31,-11.8,-16.8,-25.2,-14.2,-24.6
40.32,-12.7,-19.2,-25.5,-14.3,-25.0
40.33,-12.7,-24.0,-25.3,-14.1,-24.5
40.34,-12.7,-28.1,-24.4,-14.0,-24.6
40.35,-12.4,-30.1,-24.3,-13.9,-24.8
40.36,-12.2,-30.9,-24.3,-13.9,-24.5
40.37,-12.4,-31.9,-24.5,-13.9,-24.2
40.38,-12.3,-32.3,-24.4,-14.0,-24.7
40.39,-11.8,-32.8,-22.8,-14.0,-24.7
40.40,-9.6,-25.6,-13.1,-14.4,-24.7
40.41,-8.5,-19.9,-10.9,-15.2,-25.5
40.42,-8.4,-17.3,-10.8,-16.4,-25.2
40.43,-8.4,-15.6,-10.8,-18.1,-25.3
40.44,-8.6,-14.4,-11.1,-20.2,-25.2
40.45,-10.5,-14.1,-15.6,-20.3,-24.8
40.46,-11.6,-14.4,-18.9,-20.8,-24.5
40.47,-11.9,-14.8,-19.0,-19.9,-24.4
40.48,-12.0,-15.5,-18.5,-19.5,-24.2
40.49,-13.0,-16.3,-18.7,-19.6,-24.4
40.50,-13.2,-16.8,-19.8,-19.3,-24.2
40.51,-13.3,-17.1,-20.6,-19.2,-24.5
40.52,-13.1,-17.3,-20.0,-19.2,-24.4
40.53,-13.0,-17.0,-20.2,-19.3,-24.1
40.54,-12.9,-16.4,-19.5,-19.0,-24.5
40.55,-12.1,-15.6,-19.2,-18.9,-24.8
40.56,-12.0,-15.3,-19.1,-19.4,-25.1
40.57,-11.9,-15.1,-19.4,-20.0,-25.4
40.58,-11.8,-15.1,-19.4,-19.4,-26.3
40.59,-12.1,-15.3,-19.8,-19.7,-26.8
40.60,-12.5,-15.6,-20.5,-19.7,-27.2
40.61,-12.6,-15.8,-21.1,-19.1,-27.8
40.62,-12.8,-15.8,-21.7,-19.0,-28.2
40.63,-13.1,-16.1,-21.7,-19.1,-28.1
40.64,-12.9,-16.1,-21.6,-19.2,-28.1
40.65,-13.0,-16.2,-21.5,-19.3,-27.8
40.66,-13.3,-16.3,-21.1,-19.4,-27.6
40.67,-13.1,-16.1,-21.0,-19.5,-27.0
40.68,-13.3,-16.0,-21.5,-19.6,-27.2
40.69,-13.5,-15.9,-21.7,-19.8,-27.0
40.70,-13.3,-15.9,-21.7,-19.9,-26.7
40.71,-10.5,-16.3,-13.4,-20.0,-27.0
40.72,-10.0,-16.7,-12.0,-20.6,-27.3
40.73,-9.9,-16.9,-11.6,-21.5,-27.6
40.74,-9.1,-17.1,-11.3,-19.7,-28.0
40.75,-9.4,-17.0,-11.5,-19.1,-28.4
40.76,-11.2,-16.8,-15.4,-18.3,-28.8
40.77,-11.2,-16.7,-17.0,-17.6,-28.4
40.78,-11.7,-16.7,-17.9,-17.2,-28.1
40.79,-13.0,-16.9,-18.9,-18.2,-28.5
40.80,-12.6,-17.1,-19.6,-18.2,-26.3
40.81,-12.9,-16.7,-20.3,-18.4,-25.2
40.82,-13.4,-16.9,-21.4,-18.8,-24.4
40.83,-12.7,-16.5,-22.6,-18.7,-23.4
40.84,-13.0,-16.7,-22.9,-18.7,-23.1
40.85,-13.3,-17.3,-23.3,-18.8,-23.3
40.86,-13.5,-18.8,-24.0,-18.9,-23.5
40.87,-14.2,-20.2,-24.6,-19.1,-23.6
40.88,-14.8,-22.4,-24.9,-19.6,-22.6
40.89,-14.8,-23.2,-25.4,-19.6,-22.3
40.90,-13.6,-20.2,-25.5,-18.6,-22.2
40.91,-13.2,-19.5,-25.7,-17.9,-21.9
40.92,-13.0,-18.0,-25.5,-17.3,-22.5
40.93,-12.0,-16.4,-25.5,-16.7,-23.5
40.94,-12.0,-15.7,-25.3,-16.6,-24.0
40.95,-11.9,-15.3,-25.3,-16.9,-24.6
40.96,-12.1,-15.0,-25.3,-16.8,-25.0
40.97,-11.7,-14.7,-25.7,-16.6,-25.0
40.98,-12.0,-15.1,-25.9,-16.6,-24.6
40.99,-11.7,-14.9,-26.3,-16.7,-25.2
41.00,-11.7,-14.9,-26.5,-16.6,-24.9
41.01,-11.6,-14.8,-26.9,-16.5,-24.5
41.02,-11.9,-14.7,-27.0,-16.8,-24.8
41.03,-9.6,-14.6,-14.6,-17.3,-24.9
41.04,-7.9,-14.6,-10.5,-17.9,-24.3
41.05,-7.8,-14.5,-10.2,-18.9,-23.9
41.06,-7.7,-14.2,-10.1,-20.1,-23.9
41.07,-8.1,-14.3,-10.3,-20.9,-23.4
41.08,-10.4,-14.1,-14.8,-20.9,-23.4
41.09,-11.5,-14.2,-18.9,-20.7,-23.7
41.10,-11.8,-14.2,-18.1,-20.8,-23.9
41.11,-11.6,-14.4,-18.1,-20.4,-23.9
41.12,-11.7,-14.2,-18.0,-20.7,-24.0
41.13,-11.8,-14.1,-20.1,-20.3,-24.2
41.14,-11.8,-14.1,-21.5,-20.0,-24.2
41.15,-12.1,-14.2,-21.7,-20.2,-24.5
41.16,-11.9,-14.0,-21.1,-20.4,-24.7
41.17,-11.7,-14.0,-20.0,-20.3,-24.9
41.18,-11.7,-14.4,-18.9,-20.6,-25.2
41.19,-9.5,-14.7,-11.8,-21.8,-25.8
41.20,-8.4,-14.7,-9.9,-21.6,-26.0
41.21,-8.3,-15.2,-9.7,-20.1,-26.5
41.22,-8.6,-15.9,-9.8,-19.7,-26.8
41.23,-8.7,-16.0,-10.1,-18.4,-26.8
41.24,-10.6,-16.0,-13.8,-17.5,-26.9
41.25,-12.0,-16.4,-18.0,-17.3,-26.6
41.26,-12.3,-16.6,-18.5,-17.7,-26.6
41.27,-12.2,-16.5,-18.4,-17.4,-26.3
41.28,-11.6,-16.9,-18.3,-17.6,-26.1
41.29,-12.3,-17.7,-19.9,-17.7,-26.3
41.30,-13.0,-18.7,-21.3,-17.5,-26.5
41.31,-13.2,-19.7,-20.0,-17.6,-26.8
41.32,-14.2,-21.4,-21.0,-17.8,-27.1
41.33,-14.2,-22.6,-20.5,-17.9,-27.6
41.34,-13.8,-22.9,-19.2,-18.4,-27.2
41.35,-13.9,-22.2,-18.6,-19.4,-26.9
41.36,-13.6,-19.4,-19.2,-20.0,-26.5
41.37,-12.9,-18.6,-19.0,-19.3,-25.9
41.38,-12.6,-17.2,-19.0,-19.8,-25.2
41.39,-12.5,-16.4,-20.0,-18.8,-24.6
41.40,-12.0,-15.4,-21.2,-18.1,-23.9
41.41,-11.7,-15.0,-21.5,-17.9,-23.2
41.42,-11.3,-14.3,-21.6,-18.3,-23.0
41.43,-11.2,-13.9,-21.6,-18.0,-22.5
41.44,-11.0,-13.5,-21.3,-17.8,-21.5
41.45,-10.5,-13.3,-20.8,-18.0,-21.3
41.46,-10.7,-13.3,-21.1,-17.9,-21.3
41.47,-10.3,-13.3,-21.6,-17.7,-20.8
41.48,-10.6,-13.4,-21.6,-17.9,-21.2
41.49,-11.4,-13.4,-22.6,-18.1,-22.2
41.50,-9.6,-13.4,-14.5,-18.5,-22.1
41.51,-8.7,-13.6,-12.3,-19.2,-22.2
41.52,-8.7,-13.7,-11.8,-19.6,-22.0
41.53,-8.6,-13.9,-11.4,-19.3,-21.7
41.54,-8.6,-14.0,-11.4,-19.2,-21.6
41.55,-10.1,-14.1,-14.5,-18.9,-22.0
41.56,-10.9,-14.4,-16.7,-18.0,-22.2
41.57,-11.5,-14.7,-18.2,-18.0,-22.9
41.58,-11.4,-14.5,-20.3,-18.2,-23.3
41.59,-11.4,-14.3,-21.3,-17.9,-23.4
41.60,-11.7,-14.4,-22.3,-17.7,-23.7
41.61,-11.4,-14.4,-24.2,-17.9,-24.1
41.62,-11.9,-14.3,-25.4,-17.9,-24.5
41.63,-11.9,-14.5,-26.1,-17.8,-24.8
41.64,-12.1,-14.5,-27.0,-18.0,-25.1
41.65,-12.1,-14.1,-28.0,-18.1,-25.3
41.66,-11.4,-13.5,-26.2,-18.4,-24.2
41.67,-11.2,-13.3,-25.1,-18.4,-22.9
41.68,-10.9,-13.0,-24.4,-18.6,-21.8
41.69,-10.6,-13.2,-23.6,-18.0,-21.0
41.70,-10.5,-13.2,-23.5,-17.7,-20.7
41.71,-10.6,-13.3,-24.3,-17.5,-20.8
41.72,-10.5,-13.5,-24.4,-17.3,-21.1
41.73,-10.8,-14.0,-24.2,-17.3,-21.6
41.74,-11.1,-14.0,-24.3,-17.4,-21.8
41.75,-11.2,-14.3,-24.3,-17.4,-22.2
41.76,-11.2,-14.3,-24.2,-17.1,-22.5
41.77,-11.5,-14.5,-24.5,-17.2,-23.1
41.78,-11.4,-14.1,-25.1,-17.4,-23.8
41.79,-11.3,-13.9,-25.7,-17.1,-23.8
41.80,-11.2,-13.8,-26.0,-17.1,-23.8
41.81,-11.4,-14.1,-26.6,-17.3,-23.8
41.82,-10.0,-14.2,-13.4,-17.7,-24.0
41.83,-8.5,-14.5,-10.0,-18.4,-24.2
41.84,-8.5,-14.8,-9.7,-19.2,-24.2
41.85,-8.4,-14.9,-9.6,-19.5,-24.4
41.86,-8.4,-14.6,-9.7,-19.3,-24.7
41.87,-10.5,-14.3,-14.3,-18.9,-24.6
41.88,-11.1,-14.2,-18.5,-18.1,-24.3
41.89,-11.4,-14.3,-18.9,-18.3,-24.3
41.90,-11.4,-14.4,-18.9,-18.2,-24.4
41.91,-11.2,-14.4,-18.8,-18.5,-24.6
41.92,-11.3,-14.3,-21.2,-18.4,-24.7
41.93,-11.7,-14.5,-23.5,-18.1,-25.2
41.94,-11.8,-14.5,-21.9,-18.4,-25.1
41.95,-11.5,-14.2,-21.2,-18.3,-25.0
41.96,-11.3,-14.2,-20.1,-18.1,-25.3
41.97,-10.1,-14.1,-14.3,-18.4,-25.6
41.98,-9.2,-14.1,-11.9,-19.1,-26.4
41.99,-9.1,-14.0,-11.4,-19.5,-27.8
42.00,-8.8,-14.3,-11.0,-19.6,-28.3
42.01,-8.8,-14.4,-10.9,-20.1,-28.2
42.02,-9.8,-14.2,-13.3,-19.2,-28.1
42.03,-10.9,-14.4,-15.3,-19.1,-26.7
42.04,-10.6,-14.6,-16.4,-18.5,-25.6
42.05,-11.1,-14.6,-17.6,-18.3,-24.5
42.06,-11.3,-14.6,-18.5,-17.9,-23.8
42.07,-11.3,-15.1,-19.4,-18.0,-23.3
42.08,-11.6,-14.9,-20.3,-17.7,-23.2
42.09,-11.1,-14.3,-21.2,-17.3,-23.2
42.10,-10.9,-14.4,-22.2,-17.5,-23.3
42.11,-11.4,-14.3,-22.7,-17.5,-23.7
42.12,-11.2,-14.3,-23.3,-17.1,-24.0
42.13,-11.1,-14.4,-23.6,-17.4,-23.6
42.14,-11.7,-14.7,-24.0,-17.8,-23.2
42.15,-11.5,-14.7,-24.2,-18.1,-22.2
42.16,-11.6,-14.6,-25.0,-17.6,-21.7
42.17,-11.8,-14.9,-26.1,-18.0,-21.6
42.18,-11.9,-14.7,-27.1,-17.8,-21.4
42.19,-11.7,-14.8,-26.8,-17.4,-21.6
42.20,-11.9,-15.0,-26.3,-17.3,-22.5
42.21,-12.4,-15.4,-27.0,-17.7,-22.5
42.22,-12.2,-15.3,-27.3,-17.7,-22.4
42.23,-12.1,-15.3,-26.7,-17.5,-22.6
42.24,-11.7,-15.1,-27.1,-17.7,-22.5
42.25,-12.0,-15.0,-28.4,-17.7,-22.5
42.26,-12.1,-15.1,-28.3,-17.4,-22.7
42.27,-12.3,-15.2,-28.2,-17.5,-22.9
42.28,-12.1,-15.5,-29.2,-17.3,-22.9
42.29,-10.1,-16.0,-15.4,-17.5,-23.0
42.30,-8.5,-16.8,-11.2,-18.2,-23.3
42.31,-8.1,-16.9,-10.3,-19.4,-23.4
42.32,-8.1,-17.1,-10.1,-20.0,-23.3
42.33,-8.1,-16.9,-10.1,-20.6,-23.2
42.34,-9.8,-16.3,-12.1,-21.0,-22.9
42.35,-12.2,-16.0,-17.8,-19.9,-22.5
42.36,-12.0,-15.8,-17.8,-19.2,-22.7
42.37,-12.3,-16.1,-18.5,-19.1,-22.6
42.38,-12.4,-16.5,-18.3,-19.2,-22.7
42.39,-12.9,-17.0,-20.8,-19.1,-22.4
42.40,-13.0,-17.5,-20.5,-19.0,-22.3
42.41,-13.6,-18.5,-22.7,-19.3,-22.2
42.42,-14.1,-19.8,-21.5,-19.4,-22.1
42.43,-13.5,-19.5,-20.8,-19.1,-22.4
42.44,-13.4,-19.5,-18.7,-19.6,-22.5
42.45,-11.8,-19.7,-14.5,-20.3,-22.7
42.46,-9.2,-20.5,-10.1,-20.9,-23.2
42.47,-8.7,-21.0,-9.7,-20.8,-23.2
42.48,-8.6,-22.5,-9.7,-19.8,-23.1
42.49,-8.8,-23.9,-9.9,-19.1,-23.0
42.50,-11.2,-24.7,-13.1,-18.5,-22.9
42.51,-13.5,-25.2,-17.8,-17.8,-22.3
42.52,-13.8,-25.9,-18.0,-17.8,-22.1
42.53,-13.8,-27.6,-18.2,-18.0,-22.1
42.54,-13.3,-28.9,-17.9,-18.1,-21.9
42.55,-13.9,-31.5,-19.8,-17.8,-21.5
42.56,-14.0,-34.8,-20.4,-17.5,-21.5
42.57,-14.3,-38.3,-20.8,-17.7,-21.7
42.58,-13.4,-39.8,-19.5,-17.6,-22.0
42.59,-13.3,-42.1,-20.2,-17.4,-22.0
42.60,-12.0,-41.5,-15.9,-17.6,-22.4
42.61,-10.4,-40.3,-12.4,-18.2,-22.7
42.62,-10.5,-40.5,-11.8,-19.2,-23.0
42.63,-10.3,-40.4,-11.4,-20.0,-23.0
42.64,-10.1,-40.2,-11.2,-20.6,-22.9
42.65,-12.1,-41.5,-13.0,-20.8,-23.1
42.66,-13.1,-42.3,-15.3,-20.7,-22.8
42.67,-13.2,-41.0,-16.8,-20.2,-22.3
42.68,-14.1,-39.9,-17.7,-20.1,-22.4
42.69,-14.6,-39.5,-18.8,-20.1,-22.6
42.70,-14.8,-39.6,-19.9,-20.3,-22.1
42.71,-15.2,-40.3,-20.6,-19.9,-21.7
42.72,-15.3,-41.6,-21.4,-19.7,-21.8
42.73,-15.2,-43.0,-21.9,-19.7,-21.4
42.74,-15.6,-45.1,-22.1,-19.8,-21.4
42.75,-15.4,-45.6,-22.2,-19.5,-21.1
42.76,-15.6,-46.3,-22.7,-19.8,-21.3
42.77,-16.2,-46.9,-23.6,-20.7,-20.5
42.78,-16.4,-48.2,-24.2,-21.1,-20.1
42.79,-15.8,-49.7,-26.0,-19.8,-20.1
42.80,-15.1,-49.7,-25.8,-19.6,-19.7
42.81,-15.0,-49.7,-26.3,-18.6,-19.7
42.82,-14.8,-51.5,-25.8,-18.0,-20.1
42.83,-15.0,-52.0,-25.7,-17.7,-19.9
42.84,-14.5,-52.5,-20.0,-18.2,-20.5
42.85,-12.8,-53.3,-15.7,-18.0,-20.8
42.86,-12.0,-55.0,-14.5,-17.9,-21.1
42.87,-11.2,-55.4,-14.1,-17.8,-21.1
42.88,-11.0,-56.2,-13.9,-17.4,-20.8
42.89,-11.9,-55.1,-15.6,-17.3,-20.4
42.90,-12.2,-54.9,-18.5,-17.4,-20.0
42.91,-13.1,-54.8,-20.8,-17.4,-19.6
42.92,-12.6,-54.8,-18.3,-17.9,-19.5
42.93,-8.9,-54.8,-11.7,-18.6,-19.4
42.94,-8.6,-56.9,-10.6,-19.7,-20.1
42.95,-8.7,-56.2,-10.5,-20.6,-21.0
42.96,-8.7,-54.9,-10.4,-20.9,-21.6
42.97,-9.9,-53.8,-11.7,-19.9,-22.3
42.98,-13.6,-52.7,-16.5,-19.8,-22.3
42.99,-13.9,-51.7,-17.9,-19.1,-21.9
43.00,-14.0,-51.3,-18.9,-18.5,-21.6
43.01,-14.2,-50.6,-18.8,-19.1,-21.6
43.02,-15.6,-50.3,-20.5,-18.8,-21.8
43.03,-15.1,-50.5,-20.5,-18.6,-21.9
43.04,-15.0,-50.2,-22.0,-18.9,-21.7
43.05,-15.0,-50.6,-21.3,-18.6,-21.8
43.06,-14.2,-50.9,-20.7,-18.4,-21.7
43.07,-14.4,-51.6,-19.0,-19.2,-21.4
43.08,-13.0,-52.3,-14.5,-18.6,-21.5
43.09,-9.9,-52.8,-10.1,-19.1,-22.1
43.10,-9.3,-52.5,-9.4,-19.3,-22.1
43.11,-9.5,-51.7,-9.3,-19.2,-21.7
43.12,-9.7,-50.8,-9.6,-19.0,-21.5
43.13,-11.3,-49.9,-11.4,-19.4,-20.9
43.14,-13.9,-48.9,-16.8,-19.2,-20.6
43.15,-13.9,-48.8,-16.9,-19.2,-20.6
43.16,-14.1,-48.4,-17.5,-19.3,-20.9
43.17,-13.9,-48.8,-17.0,-19.5,-21.0
43.18,-14.2,-49.0,-18.8,-19.6,-20.8
43.19,-14.0,-49.7,-19.0,-19.5,-20.9
43.20,-15.4,-50.3,-20.2,-19.8,-20.8
43.21,-14.5,-50.6,-18.8,-19.4,-20.8
43.22,-14.3,-50.7,-19.2,-19.0,-20.8
43.23,-13.7,-50.1,-17.4,-19.2,-21.1
43.24,-11.1,-50.0,-12.4,-19.2,-21.6
43.25,-10.4,-51.1,-11.8,-18.6,-22.5
43.26,-10.1,-52.1,-11.3,-18.5,-22.8
43.27,-10.0,-52.0,-11.1,-19.4,-23.4
43.28,-11.4,-53.6,-12.7,-19.1,-23.5
43.29,-12.2,-52.4,-15.2,-18.0,-23.0
43.30,-13.2,-50.9,-16.7,-19.7,-22.3
43.31,-13.6,-50.0,-17.9,-18.8,-22.2
43.32,-13.6,-49.4,-18.8,-17.5,-21.9
43.33,-14.5,-48.8,-20.1,-18.9,-21.5
43.34,-14.8,-49.0,-20.6,-18.5,-21.3
43.35,-14.4,-49.7,-21.4,-17.5,-20.9
43.36,-15.0,-49.7,-21.6,-18.9,-20.6
43.37,-14.4,-50.1,-21.6,-18.4,-20.5
43.38,-14.3,-50.5,-21.4,-17.4,-20.7
43.39,-15.0,-50.7,-21.4,-19.1,-20.6
43.40,-14.9,-50.8,-21.7,-18.6,-21.3
43.41,-14.4,-51.0,-22.1,-17.2,-21.6
43.42,-14.8,-51.4,-22.7,-18.3,-21.7
43.43,-14.3,-51.5,-23.1,-17.8,-21.4
43.44,-13.4,-51.9,-23.6,-16.3,-21.2
43.45,-13.6,-52.5,-23.9,-17.0,-20.8
43.46,-14.1,-52.9,-24.3,-17.5,-20.8
43.47,-13.9,-52.8,-25.1,-16.5,-20.8
43.48,-14.6,-52.9,-25.2,-17.1,-21.2
43.49,-15.1,-53.0,-24.8,-18.0,-21.0
43.50,-14.1,-53.2,-24.7,-16.9,-21.1
43.51,-14.5,-52.8,-24.9,-17.5,-21.1
43.52,-14.4,-53.7,-25.1,-17.4,-21.2
43.53,-14.0,-54.2,-25.4,-16.7,-21.1
43.54,-14.7,-54.3,-26.3,-17.6,-20.9
43.55,-12.9,-55.3,-21.9,-17.0,-20.5
43.56,-9.0,-55.7,-11.6,-16.8,-20.4
43.57,-8.4,-55.8,-10.6,-17.2,-20.5
43.58,-8.2,-55.2,-10.4,-17.0,-20.5
43.59,-8.3,-54.5,-10.4,-17.4,-20.6
43.60,-9.8,-53.5,-11.8,-18.1,-20.5
43.61,-11.9,-52.7,-16.1,-17.4,-20.8
43.62,-13.4,-51.9,-18.6,-18.7,-20.9
43.63,-14.2,-51.4,-19.3,-18.4,-20.7
43.64,-13.7,-51.1,-19.1,-17.5,-20.0
43.65,-15.4,-50.7,-20.5,-18.8,-19.6
43.66,-14.7,-50.3,-21.0,-18.2,-19.0
43.67,-14.6,-49.7,-22.6,-17.5,-18.7
43.68,-15.0,-49.4,-21.7,-18.8,-18.9
43.69,-14.6,-48.8,-21.6,-18.3,-19.1
43.70,-13.9,-48.8,-19.8,-17.7,-19.2
43.71,-12.4,-48.7,-15.8,-19.1,-19.1
43.72,-9.6,-48.9,-10.9,-18.6,-19.4
43.73,-9.1,-49.3,-9.8,-18.0,-20.1
43.74,-9.4,-50.1,-9.7,-19.7,-20.6
43.75,-9.5,-50.3,-9.9,-18.4,-21.2
43.76,-11.1,-51.6,-10.9,-17.9,-21.7
43.77,-14.3,-52.2,-16.8,-18.9,-21.8
43.78,-14.0,-53.0,-17.5,-17.7,-21.7
43.79,-13.7,-53.9,-18.4,-17.3,-21.6
43.80,-14.0,-55.3,-17.8,-18.6,-21.6
43.81,-13.9,-56.4,-19.9,-18.2,-21.8
43.82,-13.8,-57.7,-20.1,-18.1,-21.9
43.83,-14.8,-58.4,-21.6,-19.3,-21.5
43.84,-14.2,-59.6,-19.9,-18.1,-21.8
43.85,-13.9,-60.1,-20.7,-17.8,-21.5
43.86,-14.2,-60.8,-19.9,-18.5,-21.2
43.87,-13.3,-61.5,-19.0,-17.2,-21.0
43.88,-13.0,-62.1,-19.0,-17.5,-20.7
43.89,-13.5,-62.9,-18.8,-17.5,-20.4
43.90,-12.5,-63.7,-18.7,-17.2,-19.3
43.91,-13.0,-64.3,-19.0,-17.7,-18.5
43.92,-12.5,-64.8,-19.7,-17.2,-18.3
43.93,-13.0,-64.9,-20.6,-17.1,-18.5
43.94,-13.3,-65.1,-20.8,-18.4,-18.7
43.95,-13.3,-65.0,-21.5,-17.0,-19.8
43.96,-13.7,-64.4,-21.8,-17.3,-20.1
43.97,-14.1,-64.0,-21.8,-18.2,-20.2
43.98,-12.9,-63.4,-22.1,-16.9,-19.8
43.99,-13.8,-63.9,-22.7,-17.8,-20.3
44.00,-13.6,-64.6,-22.9,-18.1,-20.7
44.01,-13.0,-64.9,-22.5,-16.9,-20.9
44.02,-13.4,-65.3,-21.0,-17.8,-21.2
44.03,-10.3,-65.1,-12.7,-18.4,-21.9
44.04,-9.6,-65.1,-11.8,-16.8,-21.6
44.05,-9.4,-65.4,-11.3,-17.2,-21.7
44.06,-9.4,-65.8,-11.1,-18.0,-22.8
44.07,-10.3,-68.5,-12.6,-17.1,-23.3
44.08,-12.1,-68.4,-15.5,-17.5,-23.7
44.09,-14.4,-68.0,-16.9,-19.5,-24.2
44.10,-14.9,-66.9,-18.6,-18.6,-24.3
44.11,-15.1,-65.6,-19.9,-18.2,-24.1
44.12,-16.5,-64.5,-21.1,-19.6,-23.6
44.13,-15.8,-63.8,-22.3,-18.5,-23.2
44.14,-15.9,-63.3,-24.4,-18.3,-23.4
44.15,-16.8,-63.6,-25.2,-19.3,-23.2
44.16,-16.3,-64.7,-26.1,-18.1,-22.6
44.17,-16.2,-66.0,-27.4,-18.4,-21.8
44.18,-15.6,-67.1,-27.4,-18.4,-21.1
44.19,-15.0,-68.8,-25.7,-17.7,-20.7
44.20,-14.6,-69.2,-24.5,-17.5,-20.5
44.21,-14.2,-69.3,-23.6,-17.3,-20.4
44.22,-14.1,-69.4,-23.2,-17.3,-20.6
44.23,-14.3,-69.2,-23.6,-17.1,-20.8
44.24,-14.3,-69.4,-24.1,-16.9,-21.1
44.25,-15.6,-69.2,-24.4,-18.3,-21.8
44.26,-15.1,-69.4,-24.3,-17.6,-22.0
44.27,-15.0,-69.8,-24.1,-16.9,-22.6
44.28,-15.7,-69.7,-24.1,-18.5,-22.6
44.29,-15.2,-69.9,-24.2,-17.7,-22.5
44.30,-15.0,-70.2,-24.6,-17.0,-22.2
44.31,-16.2,-70.5,-25.4,-18.8,-22.1
44.32,-15.4,-70.2,-26.0,-17.7,-21.6
44.33,-15.2,-69.9,-26.5,-17.2,-21.4
44.34,-15.7,-68.9,-23.3,-18.5,-21.2
44.35,-10.1,-68.6,-10.9,-17.9,-21.2
44.36,-9.3,-68.1,-9.8,-17.1,-20.9
44.37,-9.4,-68.4,-9.6,-18.1,-20.9
44.38,-9.3,-68.7,-9.6,-17.8,-21.0
44.39,-10.5,-69.0,-10.7,-17.3,-20.9
44.40,-13.2,-68.1,-15.2,-18.2,-20.8
44.41,-13.6,-68.4,-16.9,-17.8,-20.6
44.42,-13.2,-68.4,-17.6,-17.6,-21.0
44.43,-13.3,-68.4,-17.5,-18.1,-21.2
44.44,-13.0,-68.0,-19.5,-17.7,-20.8
44.45,-13.2,-67.3,-20.1,-17.8,-21.2
44.46,-14.4,-67.1,-23.5,-18.2,-21.3
44.47,-13.6,-66.8,-20.7,-17.8,-21.1
44.48,-13.2,-66.9,-20.6,-17.8,-21.5
44.49,-13.6,-67.0,-19.9,-18.1,-21.3
44.50,-10.8,-64.8,-13.0,-17.7,-21.9
44.51,-10.0,-64.8,-11.5,-18.1,-22.3
44.52,-10.1,-65.0,-11.2,-18.4,-22.8
44.53,-9.9,-65.1,-10.9,-18.6,-23.2
44.54,-10.1,-66.2,-11.2,-19.1,-24.3
44.55,-11.8,-69.0,-14.3,-19.0,-24.4
44.56,-12.8,-69.0,-15.6,-19.2,-24.6
44.57,-13.6,-68.9,-17.5,-19.5,-23.6
44.58,-13.3,-67.6,-18.4,-18.9,-22.4
44.59,-13.6,-66.2,-19.0,-19.5,-21.7
44.60,-14.5,-65.0,-20.2,-20.5,-20.7
44.61,-13.7,-64.2,-20.6,-19.3,-20.1
44.62,-14.6,-64.1,-21.0,-20.3,-20.3
44.63,-13.5,-64.9,-21.7,-19.0,-19.7
44.64,-13.5,-66.2,-22.7,-18.8,-19.6
44.65,-13.9,-67.2,-24.3,-19.4,-19.9
44.66,-14.0,-69.5,-22.0,-19.9,-19.9
44.67,-15.0,-70.2,-20.6,-21.0,-20.4
44.68,-15.2,-69.9,-19.5,-22.2,-21.2
44.69,-15.0,-67.2,-19.2,-22.3,-21.7
44.70,-15.5,-65.9,-19.5,-23.0,-21.6
44.71,-15.2,-65.2,-20.9,-21.8,-21.3
44.72,-15.4,-65.1,-23.0,-21.4,-20.9
44.73,-16.5,-65.4,-24.1,-21.0,-20.6
44.74,-13.9,-66.2,-18.4,-20.4,-20.4
44.75,-13.6,-67.2,-17.0,-20.1,-20.4
44.76,-12.9,-66.7,-16.2,-18.4,-20.5
44.77,-12.8,-60.1,-15.9,-18.8,-20.6
44.78,-11.9,-55.5,-16.4,-17.1,-20.1
44.79,-13.1,-55.2,-18.6,-17.1,-20.1
44.80,-13.1,-54.9,-20.8,-16.6,-20.0
44.81,-12.0,-55.1,-18.7,-16.1,-19.5
44.82,-10.5,-59.4,-13.2,-16.0,-20.1
44.83,-10.3,-62.4,-12.4,-16.2,-20.6
44.84,-9.8,-63.7,-11.8,-17.0,-20.7
44.85,-9.8,-65.1,-11.5,-17.5,-21.4
44.86,-11.2,-68.0,-13.1,-18.5,-21.3
44.87,-12.7,-68.2,-15.5,-20.3,-21.0
44.88,-13.6,-68.3,-17.0,-21.7,-20.2
44.89,-14.7,-68.1,-18.5,-23.6,-20.0
44.90,-15.0,-68.0,-19.9,-23.1,-20.1
44.91,-15.5,-67.9,-21.0,-22.8,-20.1
44.92,-15.8,-67.2,-22.5,-22.6,-20.4
44.93,-15.9,-67.1,-23.7,-22.5,-20.6
44.94,-15.9,-66.9,-24.8,-22.0,-20.0
44.95,-16.1,-66.2,-25.9,-21.8,-19.8
44.96,-15.7,-65.3,-26.7,-22.3,-19.3
44.97,-13.7,-65.1,-18.6,-21.9,-18.5
44.98,-12.1,-65.1,-14.6,-21.7,-18.8
44.99,-10.6,-65.6,-13.0,-21.4,-19.0
45.00,-10.7,-66.3,-12.8,-20.7,-19.1
45.01,-10.5,-67.2,-12.4,-19.7,-19.9
45.02,-10.2,-67.4,-13.0,-18.6,-19.8
45.03,-10.5,-67.0,-13.5,-18.6,-19.8
45.04,-11.9,-66.9,-14.2,-18.0,-20.1
45.05,-10.8,-66.4,-13.8,-17.6,-19.9
45.06,-10.8,-65.9,-13.9,-18.1,-19.5
45.07,-11.5,-65.4,-14.3,-17.8,-19.8
45.08,-11.9,-65.1,-14.6,-17.9,-19.8
45.09,-11.7,-64.8,-14.3,-17.8,-19.8
45.10,-11.6,-64.3,-14.0,-17.9,-19.8
45.11,-11.2,-64.3,-13.8,-18.1,-19.8
45.12,-11.0,-63.9,-14.1,-17.9,-19.4
45.13,-9.8,-62.0,-12.2,-18.7,-19.5
45.14,-10.0,-62.1,-11.7,-19.3,-20.0
45.15,-10.6,-62.5,-11.7,-19.8,-20.5
45.16,-11.0,-63.0,-11.2,-21.6,-20.7
45.17,-10.8,-63.1,-11.0,-23.3,-21.1
45.18,-12.1,-65.7,-12.9,-25.1,-20.8
45.19,-11.9,-65.5,-13.0,-28.9,-20.2
45.20,-12.3,-64.1,-13.7,-31.3,-19.5
45.21,-13.1,-63.8,-14.5,-34.5,-18.9
45.22,-13.8,-63.3,-15.7,-32.4,-18.4
45.23,-14.6,-63.4,-16.7,-32.9,-18.2
45.24,-14.6,-63.2,-16.5,-31.5,-18.3
45.25,-13.5,-61.0,-15.1,-31.5,-18.8
45.26,-13.2,-59.3,-14.7,-33.8,-19.0
45.27,-12.9,-50.9,-14.2,-35.4,-19.3
45.28,-12.6,-42.8,-14.1,-37.3,-19.3
45.29,-13.0,-38.1,-14.4,-45.4,-19.7
45.30,-13.8,-34.9,-15.4,-45.2,-20.0
45.31,-14.1,-32.7,-16.3,-42.8,-19.9
45.32,-14.6,-23.5,-17.9,-42.9,-19.8
45.33,-14.1,-18.5,-20.1,-42.4,-20.0
45.34,-12.3,-15.1,-20.7,-42.6,-19.7
45.35,-11.8,-13.6,-20.9,-43.1,-19.9
45.36,-10.5,-12.0,-19.9,-51.0,-20.3
45.37,-10.0,-11.7,-18.1,-52.0,-20.6
45.38,-9.7,-11.2,-17.7,-62.4,-21.1
45.39,-9.8,-11.7,-17.8,-62.5,-21.4
45.40,-10.2,-11.7,-18.3,-61.4,-21.1
45.41,-10.4,-11.8,-20.0,-59.4,-20.7
45.42,-10.8,-12.0,-21.7,-43.8,-20.4
45.43,-10.9,-12.2,-22.9,-42.5,-20.1
45.44,-11.3,-12.7,-23.0,-28.3,-20.5
45.45,-9.8,-12.6,-14.8,-27.1,-21.0
45.46,-7.8,-13.4,-10.6,-24.3,-21.3
45.47,-7.8,-13.2,-10.2,-22.4,-21.8
45.48,-7.8,-13.6,-10.2,-21.1,-21.8
45.49,-7.7,-13.7,-10.2,-19.7,-21.4
45.50,-9.7,-13.6,-14.0,-19.4,-21.0
45.51,-10.9,-13.7,-19.1,-18.6,-21.0
45.52,-10.9,-13.5,-18.1,-18.6,-21.1
45.53,-11.0,-13.7,-17.9,-18.4,-21.5
45.54,-10.9,-13.6,-17.7,-18.4,-22.1
45.55,-11.3,-13.6,-18.3,-18.2,-22.6
45.56,-10.5,-13.3,-18.7,-18.4,-22.9
45.57,-10.2,-13.4,-18.2,-18.4,-23.3
45.58,-10.2,-13.2,-17.7,-19.1,-23.2
45.59,-10.7,-13.5,-18.0,-19.0,-23.4
45.60,-10.8,-13.4,-17.3,-19.5,-23.8
45.61,-10.7,-13.8,-15.4,-19.9,-24.4
45.62,-10.2,-13.7,-15.2,-20.6,-24.8
45.63,-10.3,-14.1,-14.7,-20.8,-25.7
45.64,-10.6,-14.2,-14.5,-21.2,-25.6
45.65,-10.8,-14.3,-15.0,-23.1,-25.3
45.66,-10.6,-14.3,-16.4,-23.8,-25.2
45.67,-11.3,-14.1,-16.9,-26.5,-25.5
45.68,-11.6,-14.1,-17.2,-27.7,-25.7
45.69,-11.4,-13.8,-17.5,-30.2,-26.1
45.70,-11.4,-13.8,-17.3,-32.7,-26.6
45.71,-11.7,-13.7,-17.6,-34.6,-26.7
45.72,-11.9,-13.8,-17.9,-40.7,-26.2
45.73,-12.0,-14.0,-18.0,-43.6,-25.7
45.74,-12.0,-14.1,-17.9,-43.5,-25.2
45.75,-12.1,-14.2,-18.5,-41.9,-25.3
45.76,-11.3,-14.5,-16.3,-41.2,-25.1
45.77,-10.5,-14.6,-13.7,-36.3,-25.4
45.78,-9.9,-14.8,-12.5,-26.4,-25.4
45.79,-9.4,-15.0,-11.8,-25.7,-25.4
45.80,-8.6,-15.2,-11.3,-21.9,-25.3
45.81,-8.8,-15.1,-12.1,-21.0,-25.1
45.82,-8.8,-15.1,-12.8,-19.6,-25.2
45.83,-8.8,-15.0,-12.5,-19.6,-25.4
45.84,-9.2,-15.1,-12.6,-19.7,-25.2
45.85,-10.4,-15.0,-13.2,-19.5,-25.2
45.86,-10.8,-15.5,-13.2,-19.4,-25.2
45.87,-10.4,-15.0,-13.0,-19.3,-25.3
45.88,-10.3,-15.4,-13.4,-19.5,-25.1
45.89,-9.5,-15.1,-13.2,-19.7,-25.4
45.90,-9.6,-15.2,-13.0,-19.6,-25.7
45.91,-9.7,-14.9,-13.7,-19.7,-25.7
45.92,-9.7,-14.1,-12.6,-20.0,-26.2
45.93,-9.1,-13.5,-11.2,-20.3,-26.3
45.94,-9.2,-13.2,-11.1,-22.0,-26.3
45.95,-8.7,-12.8,-10.9,-22.4,-26.1
45.96,-8.9,-12.8,-11.3,-25.4,-26.0
45.97,-9.6,-13.2,-12.7,-28.5,-25.3
45.98,-10.6,-13.5,-15.0,-30.6,-24.8
45.99,-10.8,-13.7,-15.2,-37.5,-24.5
46.00,-11.1,-14.0,-16.0,-47.6,-23.9
46.01,-10.7,-14.1,-15.6,-57.5,-23.7
46.02,-11.4,-14.3,-17.1,-60.9,-23.9
46.03,-11.0,-14.2,-16.4,-64.0,-23.8
46.04,-11.7,-14.4,-18.0,-64.1,-24.3
46.05,-12.1,-14.9,-17.4,-63.6,-24.5
46.06,-12.5,-15.6,-17.1,-62.0,-24.8
46.07,-12.4,-16.3,-15.9,-59.7,-25.2
46.08,-11.0,-16.7,-12.2,-54.5,-25.3
46.09,-9.8,-16.6,-11.1,-29.6,-25.6
46.10,-9.3,-15.5,-11.1,-25.1,-26.7
46.11,-9.1,-15.2,-11.3,-22.5,-26.1
46.12,-9.3,-14.7,-12.6,-19.5,-26.2
46.13,-10.6,-15.1,-15.6,-19.2,-25.9
46.14,-10.6,-15.2,-16.7,-18.1,-25.5
46.15,-11.2,-15.9,-17.6,-18.0,-25.5
46.16,-11.8,-16.1,-18.4,-18.2,-25.5
46.17,-12.0,-16.1,-19.0,-18.2,-25.4
46.18,-12.4,-16.3,-20.3,-18.1,-25.3
46.19,-12.6,-16.4,-20.4,-18.1,-25.4
46.20,-12.8,-16.7,-21.0,-17.9,-25.5
46.21,-13.1,-17.1,-22.3,-17.9,-25.6
46.22,-13.3,-17.7,-21.4,-18.0,-25.7
46.23,-13.4,-18.2,-21.7,-18.1,-25.8
46.24,-14.0,-18.5,-22.9,-18.1,-25.7
46.25,-13.7,-18.3,-22.7,-18.1,-25.6
46.26,-13.8,-17.7,-23.7,-18.8,-25.3
46.27,-13.3,-17.1,-24.1,-19.3,-25.3
46.28,-13.2,-16.2,-24.0,-21.5,-25.2
46.29,-13.1,-15.8,-24.1,-21.9,-24.9
46.30,-13.5,-15.9,-23.9,-25.6,-24.6
46.31,-13.9,-16.1,-24.0,-28.7,-24.9
46.32,-14.4,-16.3,-25.7,-31.1,-24.8
46.33,-14.5,-16.4,-26.2,-33.5,-24.4
46.34,-15.1,-16.4,-26.5,-36.1,-24.9
46.35,-15.2,-16.6,-26.1,-36.8,-24.7
46.36,-14.8,-16.4,-25.9,-37.4,-24.0
46.37,-14.6,-16.1,-26.0,-38.2,-24.7
46.38,-14.3,-16.2,-26.4,-38.2,-24.3
46.39,-14.1,-16.2,-26.0,-40.4,-24.2
46.40,-10.5,-16.0,-12.0,-42.5,-24.8
46.41,-8.7,-16.2,-9.8,-44.2,-24.7
46.42,-8.5,-16.8,-9.6,-26.1,-25.0
46.43,-8.6,-17.7,-9.6,-24.0,-25.0
46.44,-8.8,-18.3,-9.9,-22.4,-24.8
46.45,-11.1,-19.5,-14.1,-20.3,-24.8
46.46,-12.8,-21.1,-18.0,-20.1,-24.9
46.47,-12.9,-22.1,-17.5,-20.4,-24.9
46.48,-12.7,-22.0,-17.6,-19.6,-24.7
46.49,-13.4,-21.9,-17.9,-20.7,-24.3
46.50,-14.6,-21.3,-20.5,-20.1,-24.4
46.51,-14.2,-20.2,-21.7,-20.2,-24.3
46.52,-13.2,-18.9,-19.8,-20.3,-23.9
46.53,-13.0,-17.7,-19.7,-19.4,-24.2
46.54,-12.6,-16.9,-19.6,-20.0,-24.3
46.55,-10.9,-16.2,-15.2,-19.2,-24.7
46.56,-9.6,-15.6,-13.1,-19.1,-25.1
46.57,-8.9,-15.1,-12.2,-20.0,-25.5
46.58,-8.7,-14.7,-11.4,-20.3,-26.4
46.59,-8.5,-14.0,-11.2,-19.6,-26.3
46.60,-9.5,-13.7,-12.6,-20.3,-26.7
46.61,-9.9,-13.3,-13.1,-19.6,-26.7
46.62,-9.5,-13.7,-13.3,-19.2,-26.9
46.63,-9.4,-13.9,-12.5,-19.4,-27.3
46.64,-8.3,-14.4,-11.7,-19.3,-27.7
46.65,-8.2,-14.5,-11.3,-19.2,-28.1
46.66,-8.4,-14.8,-11.0,-19.3,-28.4
46.67,-8.5,-14.5,-11.0,-19.7,-28.5
46.68,-10.0,-14.3,-12.2,-19.7,-28.5
46.69,-10.5,-14.2,-12.6,-19.5,-28.5
46.70,-10.4,-14.6,-13.0,-19.3,-28.2
46.71,-9.7,-15.4,-12.7,-19.3,-27.1
46.72,-8.6,-16.3,-11.5,-19.2,-24.1
46.73,-8.2,-16.7,-11.2,-20.0,-22.8
46.74,-8.5,-16.3,-11.6,-19.9,-21.9
46.75,-8.7,-15.1,-12.1,-19.7,-21.3
46.76,-9.7,-14.2,-13.7,-20.0,-21.2
46.77,-11.3,-13.7,-17.7,-19.8,-21.8
46.78,-11.0,-13.4,-19.8,-19.1,-21.9
46.79,-11.1,-13.3,-20.5,-18.7,-22.1
46.80,-10.8,-13.1,-20.8,-18.6,-22.2
46.81,-10.8,-12.9,-21.6,-18.6,-22.0
46.82,-10.8,-13.0,-22.6,-18.2,-22.2
46.83,-11.0,-13.3,-22.0,-18.8,-22.1
46.84,-11.2,-13.6,-21.7,-18.1,-22.3
46.85,-11.5,-14.0,-21.6,-18.4,-22.4
46.86,-10.8,-14.1,-20.2,-17.6,-22.6
46.87,-11.1,-14.3,-16.9,-18.0,-23.1
46.88,-9.9,-14.2,-14.8,-18.2,-23.2
46.89,-10.0,-14.3,-13.7,-19.9,-23.5
46.90,-9.7,-14.1,-13.3,-20.8,-24.0
46.91,-10.9,-14.3,-14.1,-25.0,-24.0
46.92,-11.0,-14.0,-15.6,-26.9,-24.4
46.93,-11.3,-14.1,-16.2,-29.8,-24.4
46.94,-11.5,-14.2,-15.9,-33.0,-24.9
46.95,-11.8,-14.4,-15.8,-35.4,-24.9
46.96,-11.2,-14.5,-15.5,-39.9,-24.6
46.97,-11.3,-14.4,-15.4,-43.9,-24.4
46.98,-11.9,-14.6,-16.4,-49.5,-24.0
46.99,-11.5,-14.5,-15.4,-52.6,-24.0
47.00,-12.2,-14.7,-17.1,-49.6,-23.9
47.01,-11.8,-14.8,-16.3,-48.7,-24.3
47.02,-11.8,-15.1,-16.2,-47.4,-24.6
47.03,-9.5,-15.4,-12.1,-46.4,-25.2
47.04,-9.2,-15.5,-11.5,-29.3,-25.4
47.05,-8.8,-15.2,-11.1,-24.2,-25.9
47.06,-9.1,-15.2,-11.2,-20.8,-25.6
47.07,-9.3,-14.9,-11.6,-19.4,-25.5
47.08,-10.3,-15.3,-13.0,-18.3,-25.2
47.09,-10.2,-16.0,-13.4,-18.0,-24.5
47.10,-9.9,-17.7,-13.2,-18.1,-24.0
47.11,-10.4,-19.8,-13.2,-18.5,-23.5
47.12,-10.6,-23.7,-12.9,-18.5,-22.8
47.13,-10.3,-25.8,-12.5,-18.4,-22.6
47.14,-11.0,-28.5,-13.2,-18.7,-22.8
47.15,-10.9,-27.2,-12.6,-18.2,-23.1
47.16,-10.5,-19.3,-12.9,-18.6,-23.4
47.17,-10.0,-15.9,-13.2,-18.1,-24.1
47.18,-9.8,-14.9,-13.3,-18.6,-24.6
47.19,-9.1,-14.0,-11.5,-18.7,-25.0
47.20,-8.5,-13.5,-11.0,-20.3,-25.3
47.21,-8.7,-14.1,-11.1,-20.9,-25.4
47.22,-9.3,-14.8,-11.2,-25.1,-25.4
47.23,-10.1,-14.9,-12.0,-27.8,-25.2
47.24,-11.0,-15.2,-13.8,-34.3,-24.7
47.25,-12.2,-15.7,-15.9,-40.5,-24.6
47.26,-12.7,-16.3,-16.4,-51.5,-24.3
47.27,-12.7,-16.9,-16.0,-57.7,-24.2
47.28,-13.8,-17.3,-17.3,-60.7,-24.6
47.29,-13.9,-17.0,-18.0,-61.4,-24.8
47.30,-13.1,-16.3,-17.6,-56.8,-25.0
47.31,-13.3,-16.1,-18.7,-51.6,-24.7
47.32,-12.8,-15.8,-17.2,-51.4,-24.7
47.33,-12.2,-15.4,-16.4,-48.8,-24.5
47.34,-11.6,-15.8,-13.1,-44.2,-24.5
47.35,-10.1,-16.1,-11.3,-40.6,-24.6
47.36,-9.3,-16.2,-10.8,-27.2,-24.8
47.37,-9.4,-16.4,-10.9,-24.8,-24.6
47.38,-9.2,-16.9,-10.9,-20.7,-24.7
47.39,-10.4,-16.5,-14.1,-20.4,-24.4
47.40,-10.9,-15.6,-15.9,-19.0,-24.4
47.41,-11.5,-14.9,-16.9,-19.3,-24.3
47.42,-10.8,-14.1,-18.1,-18.8,-24.5
47.43,-11.3,-13.7,-18.8,-19.5,-24.6
47.44,-11.5,-13.7,-20.1,-18.7,-24.8
47.45,-11.4,-13.9,-21.2,-19.2,-24.6
47.46,-11.6,-14.5,-21.1,-18.9,-25.1
47.47,-12.7,-15.2,-21.9,-19.3,-25.0
47.48,-13.0,-15.8,-22.1,-19.2,-24.9
47.49,-13.1,-16.4,-21.5,-19.4,-25.2
47.50,-11.7,-16.9,-15.9,-19.3,-25.5
47.51,-9.9,-16.7,-13.3,-19.4,-25.6
47.52,-9.2,-15.8,-12.3,-20.1,-25.6
47.53,-8.6,-14.8,-11.8,-21.6,-26.0
47.54,-8.5,-14.3,-11.6,-23.2,-26.2
47.55,-9.1,-13.8,-12.4,-25.2,-26.2
47.56,-10.2,-13.8,-13.5,-31.4,-26.0
47.57,-10.4,-13.9,-13.9,-33.4,-26.1
47.58,-10.7,-14.0,-14.0,-40.4,-26.0
47.59,-10.5,-14.0,-13.8,-49.4,-25.9
47.60,-10.4,-14.0,-13.7,-51.0,-25.7
47.61,-10.5,-14.0,-13.9,-53.2,-25.7
47.62,-10.7,-14.2,-14.1,-58.3,-25.5
47.63,-10.9,-14.8,-14.3,-57.7,-25.3
47.64,-11.6,-15.8,-14.6,-58.3,-25.1
47.65,-11.9,-17.0,-14.8,-61.6,-25.3
47.66,-11.3,-18.7,-12.5,-55.6,-25.1
47.67,-9.5,-20.1,-10.3,-31.0,-25.2
47.68,-9.5,-21.2,-10.2,-23.9,-25.3
47.69,-9.5,-22.9,-10.4,-21.5,-25.4
47.70,-9.5,-25.2,-10.5,-20.0,-25.8
47.71,-10.6,-27.5,-12.5,-19.0,-25.6
47.72,-11.9,-30.4,-15.2,-18.7,-25.7
47.73,-12.1,-34.0,-14.5,-18.9,-25.8
47.74,-11.9,-37.2,-14.2,-19.0,-25.6
47.75,-13.2,-37.9,-14.7,-19.0,-25.4
47.76,-14.2,-37.5,-16.6,-19.0,-25.6
47.77,-14.8,-27.1,-16.9,-19.1,-25.7
47.78,-13.5,-17.8,-18.7,-19.6,-25.8
47.79,-13.0,-16.1,-19.6,-19.8,-26.1
47.80,-12.1,-15.3,-17.9,-20.2,-26.4
47.81,-11.2,-14.4,-16.5,-20.9,-26.6
47.82,-10.0,-14.2,-12.5,-21.7,-27.2
47.83,-9.5,-15.0,-11.6,-22.8,-28.1
47.84,-9.3,-14.6,-11.1,-24.0,-28.5
47.85,-8.7,-14.2,-10.8,-24.8,-28.8
47.86,-9.1,-14.5,-11.8,-24.5,-28.7
47.87,-9.0,-14.3,-11.7,-24.2,-28.3
47.88,-9.5,-14.6,-11.9,-21.7,-27.8
47.89,-9.6,-15.2,-11.6,-21.8,-27.5
47.90,-9.9,-15.6,-11.7,-21.2,-27.4
47.91,-9.6,-16.2,-11.8,-20.7,-27.1
47.92,-9.8,-17.3,-12.0,-20.0,-27.2
47.93,-10.6,-19.2,-12.5,-20.8,-27.1
47.94,-11.0,-22.2,-12.7,-20.2,-26.5
47.95,-12.3,-26.0,-13.3,-21.2,-25.9
47.96,-12.4,-29.2,-13.6,-20.5,-25.0
47.97,-12.1,-30.7,-13.5,-21.0,-24.2
47.98,-9.5,-28.0,-11.0,-19.8,-23.1
47.99,-9.1,-21.5,-10.3,-20.1,-22.1
48.00,-8.8,-18.0,-10.5,-18.8,-21.3
48.01,-8.5,-15.8,-10.5,-19.1,-20.9
48.02,-8.3,-14.6,-11.6,-18.3,-20.5
48.03,-8.8,-14.0,-13.0,-18.4,-20.8
48.04,-9.2,-14.2,-13.4,-18.2,-21.0
48.05,-9.0,-14.7,-12.8,-18.3,-21.7
48.06,-9.5,-15.5,-12.5,-18.5,-22.0
48.07,-10.8,-16.4,-12.8,-18.3,-22.3
48.08,-10.4,-16.8,-13.4,-18.5,-22.3
48.09,-9.9,-17.0,-13.1,-17.9,-22.3
48.10,-10.9,-16.6,-14.0,-18.2,-22.1
48.11,-10.1,-15.8,-13.8,-17.6,-22.2
48.12,-9.8,-15.0,-14.2,-18.0,-22.5
48.13,-10.2,-14.2,-14.1,-17.6,-22.8
48.14,-9.4,-13.8,-13.2,-18.5,-23.6
48.15,-9.5,-13.3,-13.8,-18.9,-24.2
48.16,-9.8,-13.2,-13.6,-20.8,-24.6
48.17,-9.9,-13.4,-13.9,-22.3,-24.5
48.18,-10.5,-13.3,-15.3,-26.7,-24.1
48.19,-11.1,-13.7,-15.7,-30.1,-23.7
48.20,-11.3,-13.8,-16.3,-37.3,-23.4
48.21,-11.2,-14.0,-15.6,-45.9,-23.4
48.22,-11.7,-14.3,-16.8,-57.0,-23.7
48.23,-11.3,-14.1,-15.8,-61.5,-24.1
48.24,-11.8,-14.6,-16.2,-63.9,-24.8
48.25,-11.6,-14.2,-16.3,-63.7,-25.1
48.26,-11.8,-14.5,-16.3,-64.0,-25.5
48.27,-11.9,-14.5,-16.4,-63.3,-25.5
48.28,-11.9,-14.6,-16.7,-64.2,-25.6
48.29,-10.4,-15.0,-12.6,-59.5,-25.7
48.30,-10.2,-14.9,-12.3,-35.0,-25.9
48.31,-10.2,-15.3,-12.0,-25.4,-26.1
48.32,-9.2,-15.2,-11.6,-21.3,-26.3
48.33,-9.1,-16.2,-11.0,-19.7,-26.4
48.34,-10.5,-17.1,-12.6,-18.4,-25.8
48.35,-10.1,-19.4,-12.7,-17.9,-25.7
48.36,-10.1,-22.7,-12.1,-17.7,-25.5
48.37,-11.5,-28.5,-12.3,-18.4,-25.1
48.38,-11.3,-33.1,-12.5,-18.3,-24.8
48.39,-10.6,-35.5,-12.6,-18.7,-24.7
48.40,-11.6,-38.4,-13.1,-18.3,-24.6
48.41,-12.3,-41.2,-13.8,-18.7,-24.7
48.42,-11.2,-37.5,-13.7,-18.0,-25.1
48.43,-12.2,-28.1,-14.5,-18.5,-25.2
48.44,-12.0,-20.8,-14.7,-17.9,-25.7
48.45,-9.9,-17.2,-12.9,-18.6,-25.9
48.46,-8.7,-15.3,-11.5,-19.0,-26.1
48.47,-8.9,-14.3,-11.5,-20.3,-26.5
48.48,-8.5,-13.9,-11.3,-22.0,-26.4
48.49,-9.3,-14.0,-12.1,-25.1,-26.6
48.50,-10.5,-14.6,-14.1,-28.8,-26.1
48.51,-11.9,-15.0,-15.9,-38.9,-25.8
48.52,-12.1,-15.3,-15.7,-43.8,-25.8
48.53,-11.9,-15.2,-15.6,-54.8,-25.5
48.54,-11.5,-15.4,-14.5,-56.0,-25.7
48.55,-12.2,-15.5,-15.6,-56.8,-25.6
48.56,-12.0,-15.5,-15.0,-57.2,-25.8
48.57,-12.7,-15.6,-16.8,-61.7,-25.1
48.58,-12.8,-15.8,-16.6,-61.3,-25.2
48.59,-12.2,-15.4,-15.9,-63.5,-24.9
48.60,-11.3,-15.6,-14.3,-59.8,-24.9
48.61,-9.9,-16.1,-12.0,-50.2,-24.9
48.62,-9.6,-15.9,-11.5,-28.7,-25.4
48.63,-9.2,-15.3,-11.6,-23.6,-25.4
48.64,-8.9,-15.0,-11.7,-19.4,-25.5
48.65,-9.7,-14.6,-13.3,-18.3,-25.2
48.66,-10.0,-14.0,-15.5,-17.1,-24.9
48.67,-10.3,-13.9,-17.2,-17.1,-24.3
48.68,-10.4,-14.2,-17.7,-16.8,-23.9
48.69,-11.0,-14.3,-18.6,-17.9,-23.8
48.70,-11.4,-14.8,-19.6,-17.7,-23.7
48.71,-11.1,-14.7,-19.8,-18.2,-23.6
48.72,-11.9,-15.4,-20.1,-17.8,-23.7
48.73,-12.2,-15.1,-21.3,-18.3,-23.9
48.74,-11.5,-15.0,-21.3,-18.1,-23.9
48.75,-11.7,-14.9,-20.9,-18.2,-23.8
48.76,-12.0,-15.0,-21.8,-18.1,-24.3
48.77,-11.3,-14.4,-22.4,-17.8,-24.5
48.78,-11.6,-14.2,-22.3,-18.3,-23.5
48.79,-11.6,-13.9,-24.1,-18.4,-22.9
48.80,-11.6,-13.8,-24.3,-19.6,-22.5
48.81,-11.8,-13.7,-24.4,-20.7,-22.0
48.82,-12.2,-14.0,-25.0,-23.5,-21.9
48.83,-12.5,-14.1,-25.1,-25.3,-22.1
48.84,-13.1,-14.4,-25.7,-29.9,-22.3
48.85,-13.2,-14.6,-26.5,-31.7,-22.3
48.86,-13.2,-14.6,-26.2,-36.9,-22.0
48.87,-13.3,-14.7,-26.2,-37.4,-22.3
48.88,-13.1,-14.4,-26.4,-38.4,-22.5
48.89,-13.2,-14.5,-26.4,-41.0,-22.1
48.90,-12.8,-13.9,-26.7,-42.7,-22.4
48.91,-13.0,-14.0,-28.7,-46.9,-22.6
48.92,-12.1,-13.5,-20.7,-47.6,-22.4
48.93,-9.1,-13.4,-11.6,-41.3,-22.7
48.94,-8.5,-13.5,-10.4,-27.3,-23.2
48.95,-8.2,-13.0,-10.2,-23.7,-23.5
48.96,-8.1,-13.2,-10.2,-21.2,-24.0
48.97,-8.8,-13.2,-11.5,-19.6,-24.2
48.98,-10.7,-13.4,-16.4,-19.0,-24.3
48.99,-10.8,-13.5,-17.7,-18.3,-24.2
49.00,-11.2,-13.9,-18.8,-18.9,-24.1
49.01,-11.2,-13.6,-18.6,-18.3,-24.4
49.02,-11.3,-13.4,-20.8,-19.0,-24.5
49.03,-11.4,-13.7,-20.9,-18.2,-24.8
49.04,-12.0,-13.9,-24.0,-18.9,-25.4
49.05,-12.2,-14.8,-21.5,-18.0,-25.6
49.06,-12.5,-15.0,-21.2,-18.8,-26.2
49.07,-12.4,-15.3,-20.0,-18.1,-27.1
49.08,-9.6,-14.4,-13.6,-19.1,-27.5
49.09,-9.0,-13.8,-12.8,-19.2,-28.2
49.10,-8.7,-13.3,-11.8,-20.4,-28.8
49.11,-7.9,-13.0,-11.5,-20.0,-28.9
49.12,-8.0,-12.9,-11.1,-19.7,-29.2
49.13,-9.2,-12.9,-12.6,-19.3,-29.0
49.14,-9.1,-13.3,-13.2,-18.7,-28.6
49.15,-9.4,-13.9,-12.9,-18.7,-28.7
49.16,-8.8,-15.0,-11.0,-18.1,-28.6
49.17,-8.5,-16.4,-10.7,-18.5,-28.7
49.18,-9.0,-18.7,-10.8,-18.4,-28.8
49.19,-9.7,-22.6,-10.8,-18.5,-28.7
49.20,-9.4,-26.6,-11.2,-18.4,-28.5
49.21,-11.2,-31.6,-12.4,-18.2,-28.4
49.22,-12.3,-34.7,-13.0,-18.3,-28.4
49.23,-11.6,-36.1,-13.5,-17.9,-28.2
49.24,-11.9,-34.7,-12.2,-18.2,-25.2
49.25,-10.5,-25.4,-10.4,-17.8,-22.7
49.26,-9.7,-20.4,-10.5,-18.2,-21.5
49.27,-9.4,-17.3,-10.6,-17.6,-20.6
49.28,-9.2,-15.1,-11.3,-18.0,-20.1
49.29,-9.5,-13.8,-14.9,-17.9,-20.4
49.30,-10.0,-13.0,-18.4,-17.8,-20.9
49.31,-10.2,-12.8,-19.9,-18.2,-21.1
49.32,-10.5,-12.8,-19.8,-18.4,-21.8
49.33,-10.8,-13.1,-19.0,-19.2,-21.7
49.34,-11.3,-13.4,-20.0,-19.3,-22.1
49.35,-11.8,-13.6,-21.4,-20.2,-22.1
49.36,-11.6,-13.6,-19.3,-21.1,-22.3
49.37,-11.7,-13.5,-19.1,-21.4,-22.3
49.38,-11.8,-13.6,-19.7,-23.3,-22.9
49.39,-11.5,-13.8,-18.3,-22.5,-23.3
49.40,-11.1,-14.2,-15.3,-23.9,-23.8
49.41,-11.2,-14.6,-14.8,-24.3,-24.4
49.42,-11.1,-14.8,-14.5,-25.5,-25.0
49.43,-10.8,-14.9,-13.8,-27.4,-25.3
49.44,-11.0,-14.7,-14.0,-30.7,-25.6
49.45,-11.5,-14.3,-15.5,-33.5,-25.9
49.46,-11.4,-14.1,-15.5,-35.4,-26.0
49.47,-11.6,-13.9,-16.1,-43.3,-26.0
49.48,-11.2,-13.9,-15.3,-47.5,-26.1
49.49,-11.3,-14.0,-15.8,-51.2,-25.9
49.50,-11.3,-14.1,-15.7,-52.0,-25.6
49.51,-11.6,-14.1,-16.5,-55.1,-25.2
49.52,-11.8,-14.6,-16.2,-56.0,-25.0
49.53,-12.1,-14.6,-16.7,-56.6,-24.7
49.54,-12.1,-14.9,-16.5,-62.2,-24.8
49.55,-11.1,-15.4,-13.8,-57.0,-24.9
49.56,-10.5,-15.9,-12.5,-38.2,-25.3
49.57,-10.0,-16.3,-11.5,-27.9,-25.5
49.58,-9.8,-16.4,-11.3,-25.2,-25.4
49.59,-9.3,-16.0,-11.0,-23.8,-25.5
49.60,-10.1,-15.5,-12.4,-21.8,-25.3
49.61,-10.5,-15.3,-12.9,-21.5,-25.1
49.62,-9.8,-14.9,-12.2,-20.4,-25.2
49.63,-9.9,-14.9,-12.0,-20.5,-25.1
49.64,-9.9,-14.9,-12.4,-19.9,-25.0
49.65,-10.0,-14.9,-12.8,-19.9,-24.9
49.66,-9.7,-14.8,-12.4,-19.8,-24.8
49.67,-9.9,-15.0,-12.9,-19.8,-24.9
49.68,-10.0,-15.1,-13.1,-20.3,-25.0
49.69,-10.2,-15.4,-13.1,-19.8,-25.4
49.70,-10.7,-15.6,-14.1,-20.5,-25.4
49.71,-10.0,-15.6,-12.7,-20.4,-25.5
49.72,-8.9,-15.8,-11.4,-20.8,-25.5
49.73,-9.0,-15.8,-11.1,-21.9,-25.6
49.74,-8.7,-15.6,-10.8,-23.0,-25.5
49.75,-9.3,-15.6,-11.3,-25.5,-25.8
49.76,-10.5,-15.3,-12.6,-27.9,-26.0
49.77,-11.8,-15.1,-15.3,-34.3,-26.0
49.78,-11.7,-15.1,-14.9,-44.3,-26.0
49.79,-12.3,-15.4,-16.0,-58.6,-25.8
49.80,-12.0,-15.8,-15.2,-66.8,-25.5
49.81,-13.2,-17.0,-16.4,-66.5,-25.4
49.82,-13.4,-18.7,-15.6,-66.7,-25.5
49.83,-14.9,-20.6,-17.3,-66.2,-25.4
49.84,-15.2,-23.8,-16.9,-66.4,-25.5
49.85,-15.2,-25.9,-16.5,-65.3,-25.9
49.86,-14.2,-27.2,-15.3,-64.5,-25.5
49.87,-11.1,-29.3,-11.7,-61.7,-25.2
49.88,-10.1,-31.5,-10.7,-29.4,-24.5
49.89,-9.5,-33.5,-10.6,-23.2,-23.1
49.90,-9.3,-35.2,-10.8,-20.3,-22.0
49.91,-10.0,-36.8,-11.7,-19.3,-21.2
49.92,-11.4,-38.7,-14.2,-18.4,-20.8
49.93,-12.7,-40.0,-15.9,-18.6,-20.9
49.94,-13.2,-42.3,-16.8,-19.3,-21.3
49.95,-14.5,-43.4,-17.6,-19.4,-21.6
49.96,-14.5,-43.2,-18.8,-19.5,-22.5
49.97,-14.7,-43.2,-20.3,-18.9,-22.7
49.98,-14.5,-42.5,-20.6,-18.9,-22.7
49.99,-15.2,-41.4,-21.6,-18.7,-22.9
50.00,-15.3,-40.4,-23.0,-18.6,-22.8
50.01,-16.2,-39.1,-22.2,-18.8,-23.3
50.02,-15.3,-37.5,-20.4,-18.6,-23.7
50.03,-14.0,-37.0,-16.1,-19.3,-24.3
50.04,-12.0,-37.3,-13.4,-19.1,-25.0
50.05,-11.4,-37.8,-12.7,-20.3,-25.5
50.06,-10.7,-38.9,-12.1,-21.1,-25.7
50.07,-11.2,-40.8,-12.5,-23.0,-25.6
50.08,-11.8,-40.1,-13.6,-25.0,-25.0
50.09,-12.4,-38.6,-13.8,-28.6,-25.0
50.10,-12.5,-37.4,-13.5,-31.0,-25.0
50.11,-12.9,-35.6,-13.5,-36.8,-24.6
50.12,-12.9,-34.1,-13.5,-40.2,-24.7
50.13,-12.8,-33.1,-13.6,-44.6,-24.2
50.14,-12.9,-32.3,-13.7,-46.9,-24.1
50.15,-13.4,-31.8,-14.2,-48.5,-24.2
50.16,-13.2,-31.9,-14.0,-48.3,-24.2
50.17,-13.4,-32.5,-14.0,-54.5,-24.4
50.18,-12.9,-33.3,-13.7,-54.1,-24.3
50.19,-10.7,-34.9,-11.1,-52.1,-24.7
50.20,-9.9,-37.1,-10.2,-38.5,-24.5
50.21,-9.8,-39.9,-10.4,-24.9,-24.7
50.22,-9.8,-42.6,-10.6,-21.2,-24.8
50.23,-10.7,-46.8,-11.5,-19.7,-25.0
50.24,-12.3,-48.7,-14.1,-18.4,-25.1
50.25,-13.3,-50.4,-16.4,-18.2,-25.3
50.26,-13.9,-51.5,-16.1,-18.0,-25.4
50.27,-14.2,-51.8,-15.8,-18.7,-25.4
50.28,-12.9,-50.2,-16.3,-18.3,-25.2
50.29,-13.9,-46.9,-16.8,-18.3,-25.3
50.30,-14.3,-35.6,-17.5,-18.3,-25.5
50.31,-13.7,-29.4,-17.9,-18.2,-25.4
50.32,-15.0,-27.2,-18.5,-18.4,-25.5
50.33,-13.4,-26.3,-17.2,-18.2,-25.8
50.34,-11.2,-24.8,-13.2,-18.8,-25.9
50.35,-10.2,-20.3,-12.4,-18.6,-25.8
50.36,-9.4,-17.0,-11.5,-19.5,-25.9
50.37,-8.4,-14.8,-11.0,-20.2,-26.1
50.38,-8.4,-13.4,-11.0,-21.1,-26.0
50.39,-9.0,-12.5,-12.6,-21.6,-25.9
50.40,-8.9,-12.4,-12.5,-22.4,-26.0
50.41,-8.6,-12.6,-12.5,-23.4,-26.3
50.42,-9.1,-13.0,-12.1,-24.1,-26.0
50.43,-9.1,-13.2,-12.0,-25.4,-25.8
50.44,-9.2,-13.7,-12.1,-25.9,-25.7
50.45,-9.3,-14.3,-12.0,-26.5,-25.6
50.46,-10.2,-15.6,-12.3,-26.7,-25.7
50.47,-10.3,-17.6,-12.2,-28.0,-26.0
50.48,-11.0,-20.4,-12.7,-29.0,-26.4
50.49,-12.9,-26.1,-13.7,-31.3,-26.4
50.50,-11.9,-26.9,-12.6,-35.1,-25.0
50.51,-10.3,-19.3,-11.8,-34.3,-22.9
50.52,-9.5,-16.7,-11.5,-30.9,-21.8
50.53,-9.0,-15.5,-11.4,-27.5,-20.8
50.54,-8.6,-14.6,-11.8,-24.2,-20.4
50.55,-8.7,-14.4,-12.8,-22.5,-20.7
50.56,-10.2,-15.0,-15.1,-21.9,-21.1
50.57,-10.3,-15.6,-14.7,-20.4,-21.2
50.58,-10.9,-16.0,-15.0,-20.3,-21.4
50.59,-10.9,-16.8,-14.5,-19.7,-21.4
50.60,-10.9,-17.0,-15.4,-19.6,-21.4
50.61,-10.6,-17.2,-15.0,-19.4,-21.6
50.62,-11.1,-17.2,-16.2,-19.1,-22.1
50.63,-11.1,-16.9,-16.6,-19.2,-22.4
50.64,-12.0,-16.8,-17.1,-19.0,-23.1
50.65,-11.8,-16.8,-16.9,-18.9,-23.7
50.66,-11.8,-17.0,-15.6,-19.6,-24.0
50.67,-11.0,-17.2,-14.0,-19.9,-24.1
50.68,-10.7,-17.2,-13.7,-21.5,-24.1
50.69,-11.3,-16.8,-13.9,-23.0,-24.3
50.70,-11.6,-16.4,-14.1,-23.5,-24.3
50.71,-11.6,-15.9,-15.2,-27.3,-24.5
50.72,-12.5,-16.0,-16.0,-28.3,-24.5
50.73,-12.1,-15.5,-16.2,-31.4,-24.7
50.74,-12.4,-15.8,-16.7,-32.5,-25.0
50.75,-12.1,-15.5,-16.4,-35.7,-24.9
50.76,-12.9,-15.6,-17.4,-38.1,-25.5
50.77,-12.7,-15.2,-17.1,-40.7,-25.4
50.78,-12.6,-15.3,-17.6,-47.5,-25.4
50.79,-12.5,-15.0,-17.7,-50.1,-25.0
50.80,-12.8,-15.3,-17.6,-49.8,-24.8
50.81,-12.6,-15.3,-17.4,-49.8,-24.7
50.82,-10.0,-16.2,-12.7,-44.8,-24.8
50.83,-9.4,-17.1,-11.9,-30.0,-24.9
50.84,-9.4,-18.9,-11.7,-27.1,-24.9
50.85,-9.4,-20.7,-11.4,-24.1,-24.4
50.86,-11.1,-25.1,-12.2,-20.5,-23.9
50.87,-12.6,-30.5,-13.0,-20.3,-23.8
50.88,-13.0,-37.1,-13.5,-19.3,-23.6
50.89,-12.2,-41.9,-13.1,-19.1,-23.2
50.90,-11.6,-44.9,-13.3,-19.4,-23.0
50.91,-11.4,-46.2,-13.2,-20.4,-23.3
50.92,-10.9,-47.2,-12.8,-19.8,-23.3
50.93,-12.2,-45.4,-13.4,-20.2,-23.0
50.94,-11.9,-40.2,-12.8,-20.2,-23.3
50.95,-12.0,-36.7,-13.0,-19.7,-24.0
50.96,-11.9,-29.1,-13.4,-19.7,-24.2
50.97,-10.8,-21.1,-13.2,-20.5,-25.0
50.98,-9.4,-17.7,-11.5,-20.5,-26.1
50.99,-8.5,-15.4,-11.2,-21.9,-26.9
51.00,-8.6,-14.2,-11.3,-23.6,-27.0
51.01,-8.7,-13.4,-11.4,-25.0,-27.1
51.02,-9.1,-13.3,-12.3,-30.5,-27.1
51.03,-10.4,-13.2,-14.1,-32.5,-26.6
51.04,-10.9,-13.3,-15.6,-36.4,-26.5
51.05,-11.6,-13.6,-16.4,-46.4,-26.4
51.06,-11.9,-14.5,-16.1,-51.3,-26.1
51.07,-13.1,-15.8,-17.5,-59.6,-26.1
51.08,-14.3,-17.8,-18.5,-64.4,-26.0
51.09,-15.5,-22.4,-17.8,-61.8,-26.0
51.10,-16.9,-29.5,-18.6,-58.2,-25.8
51.11,-15.8,-35.2,-17.6,-53.5,-25.4
51.12,-15.7,-34.6,-17.2,-52.0,-25.7
51.13,-12.7,-32.3,-13.7,-44.7,-26.1
51.14,-10.9,-27.5,-11.7,-38.9,-26.6
51.15,-9.8,-20.9,-11.2,-26.3,-27.4
51.16,-9.5,-17.6,-11.2,-24.9,-28.6
51.17,-8.7,-14.7,-11.2,-20.9,-28.0
51.18,-9.7,-13.3,-14.6,-20.6,-27.3
51.19,-9.8,-12.8,-16.4,-19.7,-26.5
51.20,-10.3,-12.8,-17.9,-19.4,-25.9
51.21,-10.7,-13.4,-18.8,-19.3,-25.5
51.22,-11.5,-14.6,-19.3,-19.2,-25.2
51.23,-12.1,-15.4,-20.7,-19.2,-24.9
51.24,-12.3,-15.8,-21.4,-19.1,-25.1
51.25,-12.8,-16.3,-21.4,-19.1,-25.0
51.26,-13.3,-16.9,-22.5,-18.7,-25.0
51.27,-13.5,-17.2,-22.8,-19.1,-25.5
51.28,-13.8,-17.6,-22.4,-18.8,-25.8
51.29,-13.3,-17.2,-22.9,-19.2,-25.4
51.30,-13.1,-16.7,-23.4,-19.3,-25.2
51.31,-13.6,-16.1,-23.5,-21.1,-24.9
51.32,-13.2,-15.3,-24.7,-21.5,-25.1
51.33,-13.5,-15.0,-25.7,-24.8,-25.2
51.34,-13.1,-14.7,-25.8,-26.2,-25.2
51.35,-13.2,-14.8,-26.1,-29.2,-24.9
51.36,-13.4,-15.0,-25.5,-29.1,-24.9
51.37,-13.5,-15.0,-26.2,-31.1,-24.5
51.38,-13.7,-15.2,-26.7,-32.0,-24.6
51.39,-13.6,-15.1,-26.9,-32.1,-24.6
51.40,-13.6,-15.1,-27.7,-32.2,-24.6
51.41,-13.7,-15.1,-28.3,-32.9,-24.4
51.42,-13.5,-14.8,-28.1,-33.7,-23.8
51.43,-13.6,-14.9,-27.7,-35.2,-23.4
51.44,-13.9,-15.3,-28.0,-34.9,-23.9
51.45,-11.7,-16.3,-14.8,-28.8,-24.1
51.46,-8.8,-17.9,-10.7,-24.6,-24.1
51.47,-8.9,-20.7,-10.2,-22.5,-24.1
51.48,-9.0,-25.0,-10.1,-22.3,-24.2
51.49,-9.0,-31.0,-10.2,-20.7,-23.7
51.50,-12.2,-34.2,-14.0,-20.8,-23.9
51.51,-15.8,-35.8,-18.8,-21.3,-24.1
51.52,-14.2,-37.5,-17.8,-20.4,-24.4
51.53,-14.1,-38.0,-17.9,-20.7,-24.4
51.54,-13.5,-38.7,-17.3,-20.8,-25.0
51.55,-13.7,-39.6,-18.8,-20.3,-24.9
51.56,-14.4,-38.9,-19.6,-21.2,-24.9
51.57,-14.6,-29.4,-20.5,-20.4,-25.1
51.58,-14.8,-25.4,-20.4,-20.5,-25.2
51.59,-15.2,-22.7,-20.4,-21.5,-25.5
51.60,-12.6,-18.1,-17.9,-21.4,-25.7
51.61,-10.7,-16.3,-14.2,-21.9,-26.0
51.62,-9.9,-15.1,-13.1,-21.6,-26.6
51.63,-9.2,-14.2,-12.5,-21.0,-26.6
51.64,-8.6,-13.6,-11.9,-21.0,-27.0
51.65,-9.2,-13.5,-12.9,-20.3,-27.5
51.66,-8.9,-13.6,-12.9,-20.4,-27.7
51.67,-8.8,-13.6,-13.0,-20.5,-28.1
51.68,-8.7,-13.5,-12.8,-20.5,-28.0
51.69,-8.9,-13.8,-11.4,-20.2,-28.3
51.70,-8.7,-13.7,-10.9,-20.6,-28.5
51.71,-8.9,-14.0,-10.6,-20.1,-28.3
51.72,-8.9,-14.3,-10.7,-20.1,-28.4
51.73,-9.2,-14.9,-11.3,-19.4,-28.6
51.74,-9.6,-15.5,-12.4,-19.4,-28.4
51.75,-9.3,-16.4,-12.7,-19.0,-28.7
51.76,-9.8,-16.5,-13.0,-19.0,-27.8
51.77,-8.5,-16.0,-10.7,-19.0,-26.2
51.78,-8.6,-14.7,-10.2,-19.3,-24.7
51.79,-8.3,-14.1,-10.4,-19.3,-23.9
51.80,-8.7,-13.9,-11.0,-19.8,-23.2
51.81,-9.6,-14.2,-12.7,-19.9,-22.9
51.82,-11.3,-14.9,-16.2,-19.9,-23.1
51.83,-11.8,-15.5,-19.5,-20.0,-22.8
51.84,-12.7,-16.1,-20.7,-20.1,-22.7
51.85,-12.4,-16.6,-19.9,-19.8,-22.4
51.86,-12.6,-17.0,-20.0,-20.0,-22.5
51.87,-13.0,-17.5,-20.0,-19.4,-22.5
51.88,-13.0,-17.2,-19.3,-19.8,-22.9
51.89,-12.5,-16.9,-18.8,-19.3,-22.8
51.90,-12.6,-16.5,-18.7,-19.9,-23.2
51.91,-12.3,-16.2,-17.8,-19.8,-23.4
51.92,-11.8,-16.1,-15.8,-20.6,-23.9
51.93,-11.4,-16.6,-14.3,-21.0,-24.4
51.94,-11.1,-16.7,-13.1,-23.3,-24.8
51.95,-11.1,-16.7,-12.9,-24.0,-24.9
51.96,-11.1,-16.7,-12.8,-29.2,-25.5
51.97,-11.1,-16.3,-13.7,-31.8,-25.5
51.98,-12.1,-16.1,-14.7,-41.0,-25.9
51.99,-12.0,-16.3,-14.7,-45.2,-26.0
52.00,-12.2,-16.3,-15.4,-57.8,-26.3
52.01,-12.1,-16.4,-14.8,-62.1,-26.1
52.02,-12.4,-16.3,-15.7,-62.9,-26.3
52.03,-12.7,-16.4,-15.7,-65.0,-26.5
52.04,-12.8,-16.4,-15.8,-65.4,-26.6
52.05,-12.8,-16.7,-15.9,-65.7,-26.6
52.06,-12.8,-16.8,-16.0,-64.8,-26.4
52.07,-12.8,-17.2,-15.8,-64.1,-26.2
52.08,-10.7,-17.4,-12.0,-60.8,-26.4
52.09,-10.6,-17.6,-11.6,-41.2,-26.4
52.10,-10.2,-17.7,-11.1,-32.2,-26.3
52.11,-10.0,-17.9,-10.9,-28.6,-26.4
52.12,-9.4,-17.4,-10.8,-24.9,-26.0
52.13,-10.3,-16.8,-13.0,-23.6,-25.4
52.14,-10.6,-16.0,-13.7,-21.4,-25.1
52.15,-9.9,-15.3,-13.0,-21.3,-24.7
52.16,-10.3,-15.4,-13.0,-20.3,-24.7
52.17,-10.3,-16.2,-12.8,-20.6,-24.4
52.18,-9.9,-17.3,-12.3,-19.9,-24.1
52.19,-10.3,-19.6,-12.5,-20.2,-23.9
52.20,-11.2,-25.0,-12.9,-19.5,-24.1
52.21,-10.7,-27.5,-12.5,-20.1,-23.8
52.22,-11.6,-28.4,-13.3,-19.6,-24.2
52.23,-11.7,-23.8,-13.1,-20.1,-24.1
52.24,-10.1,-18.8,-12.2,-20.2,-24.2
52.25,-9.0,-16.2,-10.8,-21.8,-24.0
52.26,-8.8,-14.4,-10.9,-22.1,-24.2
52.27,-8.6,-13.4,-11.1,-25.7,-24.3
52.28,-9.0,-13.3,-11.9,-28.6,-24.4
52.29,-10.3,-13.7,-13.5,-31.6,-24.3
52.30,-11.6,-14.7,-15.5,-39.7,-24.0
52.31,-11.9,-15.4,-15.4,-46.9,-24.0
52.32,-12.3,-15.7,-16.0,-62.9,-23.9
52.33,-12.3,-16.0,-16.1,-61.8,-23.9
52.34,-13.6,-16.6,-18.4,-61.0,-24.1
52.35,-13.9,-17.6,-17.8,-60.6,-24.2
52.36,-15.0,-19.9,-18.8,-59.5,-24.1
52.37,-16.2,-22.6,-19.4,-59.1,-23.8
52.38,-15.8,-25.0,-18.9,-58.5,-23.3
52.39,-13.5,-29.9,-14.8,-56.2,-22.9
52.40,-11.2,-31.7,-12.2,-50.5,-23.0
52.41,-10.5,-32.6,-11.2,-27.4,-23.0
52.42,-10.4,-30.9,-11.1,-25.2,-23.6
52.43,-9.8,-29.8,-11.0,-21.1,-24.1
52.44,-11.1,-22.9,-13.1,-19.8,-24.1
52.45,-11.5,-19.0,-15.3,-18.7,-24.3
52.46,-11.3,-16.8,-16.9,-18.8,-24.5
52.47,-11.6,-15.3,-18.0,-18.8,-24.7
52.48,-11.5,-14.6,-18.8,-19.6,-25.0
52.49,-11.7,-14.6,-20.1,-19.4,-24.9
52.50,-12.5,-15.0,-20.9,-19.6,-25.2
52.51,-12.9,-15.6,-21.0,-19.4,-25.2
52.52,-12.7,-16.2,-22.1,-18.8,-25.3
52.53,-12.8,-16.1,-23.2,-19.1,-25.1
52.54,-12.3,-15.7,-22.4,-18.6,-24.5
52.55,-11.2,-15.6,-16.8,-18.8,-24.4
52.56,-10.1,-15.2,-13.5,-18.8,-24.5
52.57,-9.9,-14.7,-12.4,-19.5,-24.7
52.58,-9.9,-14.3,-11.8,-19.9,-25.0
52.59,-9.6,-14.2,-11.2,-22.3,-24.8
52.60,-10.3,-14.0,-12.1,-23.9,-25.0
52.61,-10.5,-13.9,-13.3,-28.0,-24.7
52.62,-10.5,-14.2,-13.7,-33.4,-24.6
52.63,-10.5,-14.3,-14.0,-40.6,-24.0
52.64,-10.4,-14.4,-13.8,-50.1,-24.1
52.65,-10.3,-14.4,-13.9,-52.7,-24.3
52.66,-10.8,-14.3,-14.3,-62.4,-24.5
52.67,-10.8,-14.2,-14.3,-63.8,-24.7
52.68,-10.8,-14.1,-14.3,-62.8,-25.7
52.69,-11.0,-14.2,-14.5,-61.4,-25.3
52.70,-11.2,-14.7,-14.8,-60.7,-25.5
52.71,-11.2,-15.5,-13.6,-57.0,-25.4
52.72,-9.6,-16.0,-11.2,-30.0,-25.3
52.73,-9.4,-17.2,-10.6,-24.2,-24.8
52.74,-9.3,-18.0,-10.8,-21.1,-24.7
52.75,-9.6,-19.0,-11.0,-20.2,-24.8
52.76,-10.8,-20.4,-12.1,-19.3,-24.7
52.77,-12.2,-22.3,-15.6,-19.0,-24.6
52.78,-12.8,-24.1,-15.4,-19.2,-25.0
52.79,-12.7,-25.4,-15.3,-19.6,-24.9
52.80,-12.1,-27.1,-14.4,-19.6,-25.2
52.81,-12.9,-28.5,-15.5,-19.0,-25.4
52.82,-12.8,-30.4,-15.4,-19.2,-25.5
52.83,-14.0,-32.4,-16.5,-19.1,-25.7
52.84,-14.1,-33.7,-17.5,-18.8,-26.1
52.85,-15.2,-34.2,-18.8,-18.5,-26.0
52.86,-13.7,-32.7,-17.8,-18.7,-26.6
52.87,-10.0,-27.1,-12.6,-19.2,-27.0
52.88,-9.4,-20.3,-12.0,-18.8,-27.7
52.89,-8.8,-17.2,-11.2,-19.6,-28.2
52.90,-9.1,-15.9,-11.2,-20.1,-28.9
52.91,-9.0,-15.0,-11.2,-19.3,-28.7
52.92,-10.6,-14.7,-12.6,-19.5,-28.4
52.93,-10.2,-15.4,-12.9,-19.1,-27.8
52.94,-10.1,-16.9,-12.8,-18.8,-27.1
52.95,-9.8,-18.2,-12.3,-18.9,-26.4
52.96,-10.2,-20.1,-12.1,-19.3,-26.2
52.97,-10.7,-23.9,-12.0,-19.3,-25.8
52.98,-11.3,-32.0,-12.2,-19.7,-25.6
52.99,-11.1,-36.3,-12.3,-19.3,-25.6
53.00,-11.1,-37.4,-12.6,-19.5,-25.7
53.01,-11.2,-33.2,-13.1,-18.8,-26.1
53.02,-11.7,-28.0,-13.5,-19.6,-25.7
53.03,-10.1,-24.1,-11.0,-19.6,-25.6
53.04,-9.1,-16.5,-10.5,-20.9,-24.8
53.05,-8.9,-14.5,-10.8,-21.1,-24.1
53.06,-8.6,-13.6,-11.0,-23.1,-23.5
53.07,-9.3,-13.3,-12.4,-21.1,-22.8
53.08,-9.6,-13.5,-13.6,-21.2,-22.4
53.09,-10.2,-15.5,-14.2,-19.7,-22.3
53.10,-10.4,-17.0,-12.8,-19.1,-22.3
53.11,-10.0,-17.7,-12.4,-18.5,-22.7
53.12,-9.3,-17.7,-11.9,-18.7,-23.2
53.13,-10.0,-16.9,-12.5,-18.1,-23.4
53.14,-9.5,-15.8,-12.0,-18.4,-23.7
53.15,-9.0,-15.1,-12.7,-17.9,-23.7
53.16,-9.2,-14.0,-12.8,-18.0,-23.6
53.17,-9.3,-13.5,-12.8,-18.0,-23.6
53.18,-8.9,-13.4,-13.3,-18.2,-23.7
53.19,-9.1,-13.4,-13.1,-18.6,-23.7
53.20,-9.7,-13.2,-13.4,-19.3,-23.9
53.21,-9.4,-13.3,-13.5,-20.4,-24.2
53.22,-9.8,-13.6,-13.7,-21.8,-24.2
53.23,-10.5,-13.6,-14.4,-23.7,-24.3
53.24,-10.7,-13.7,-14.9,-25.5,-24.6
53.25,-10.8,-13.7,-15.0,-28.6,-24.5
53.26,-10.9,-13.7,-14.9,-30.9,-24.5
53.27,-11.1,-13.5,-15.9,-34.4,-24.5
53.28,-10.9,-13.3,-15.2,-39.1,-24.7
53.29,-11.1,-13.3,-16.1,-44.9,-24.9
53.30,-11.2,-13.4,-15.8,-50.5,-25.2
53.31,-11.6,-13.7,-16.6,-59.5,-25.3
53.32,-11.7,-14.2,-16.1,-61.1,-25.6
53.33,-12.0,-14.3,-17.4,-61.2,-25.8
53.34,-10.6,-14.2,-14.3,-54.9,-25.8
53.35,-10.0,-14.1,-12.9,-41.8,-26.3
53.36,-9.7,-14.4,-12.3,-26.5,-26.6
53.37,-9.8,-14.7,-11.8,-24.0,-27.2
53.38,-9.0,-15.1,-11.2,-20.9,-27.4
53.39,-10.1,-15.7,-13.0,-20.2,-27.7
53.40,-10.4,-15.9,-13.2,-19.0,-27.4
53.41,-9.7,-15.6,-12.4,-19.3,-27.4
53.42,-9.3,-15.5,-12.4,-19.3,-27.2
53.43,-10.1,-15.4,-12.6,-19.1,-26.9
53.44,-9.9,-15.4,-12.4,-19.1,-26.7
53.45,-9.7,-15.4,-13.0,-18.6,-26.8
53.46,-10.5,-15.4,-13.0,-18.9,-26.2
53.47,-11.0,-15.4,-13.0,-18.2,-26.7
53.48,-10.6,-15.2,-13.6,-18.8,-26.4
53.49,-11.0,-15.1,-14.3,-17.9,-26.5
53.50,-10.7,-15.3,-13.1,-18.6,-25.9
53.51,-9.7,-15.6,-11.2,-17.9,-26.0
53.52,-9.9,-16.0,-10.8,-19.0,-25.4
53.53,-10.1,-16.5,-10.6,-19.4,-25.2
53.54,-10.3,-16.8,-11.1,-21.8,-24.7
53.55,-11.3,-17.5,-11.8,-23.4,-24.5
53.56,-12.9,-18.4,-15.6,-28.6,-24.0
53.57,-13.6,-19.6,-15.7,-32.7,-23.9
53.58,-14.7,-21.9,-16.8,-40.9,-23.6
53.59,-14.9,-25.2,-16.7,-52.3,-23.3
53.60,-17.1,-28.6,-19.5,-62.7,-23.5
53.61,-16.5,-33.4,-18.0,-66.4,-23.8
53.62,-17.1,-37.3,-18.7,-66.3,-24.0
53.63,-17.1,-39.5,-18.7,-67.2,-24.7
53.64,-16.6,-35.0,-17.7,-67.0,-25.6
53.65,-16.4,-30.7,-17.7,-65.5,-26.7
53.66,-11.3,-24.9,-12.2,-61.7,-27.6
53.67,-10.2,-21.8,-11.3,-32.8,-28.7
53.68,-9.6,-20.8,-10.9,-24.5,-29.7
53.69,-8.8,-18.6,-10.8,-20.5,-30.8
53.70,-9.3,-16.8,-11.9,-18.9,-31.3
53.71,-10.1,-15.7,-14.3,-17.7,-31.7
53.72,-10.6,-14.5,-16.2,-17.3,-30.9
53.73,-10.5,-13.9,-17.2,-17.0,-30.4
53.74,-11.2,-13.9,-17.8,-17.8,-30.2
53.75,-11.4,-14.5,-18.7,-17.2,-30.0
53.76,-12.4,-15.5,-20.3,-17.7,-29.0
53.77,-12.4,-16.6,-20.9,-17.0,-28.9
53.78,-13.0,-17.2,-21.1,-17.5,-28.5
53.79,-13.1,-17.3,-22.2,-16.9,-27.7
53.80,-12.5,-16.7,-22.2,-17.4,-27.2
53.81,-12.0,-16.0,-22.0,-17.0,-27.3
53.82,-11.9,-15.2,-23.3,-17.6,-26.3
53.83,-11.6,-14.9,-23.8,-17.3,-26.0
53.84,-12.0,-14.7,-24.1,-18.1,-25.6
53.85,-12.2,-14.8,-25.2,-19.0,-25.1
53.86,-12.6,-14.8,-25.9,-20.6,-24.5
53.87,-12.9,-14.8,-25.8,-22.5,-24.2
53.88,-13.2,-15.0,-25.7,-26.0,-23.8
53.89,-13.2,-15.1,-25.8,-27.9,-23.5
53.90,-13.9,-15.6,-26.6,-31.8,-23.3
53.91,-14.6,-16.5,-27.2,-33.0,-23.1
53.92,-15.7,-18.2,-27.6,-36.5,-22.9
53.93,-16.7,-20.0,-28.1,-37.4,-23.1
53.94,-18.5,-23.8,-28.0,-41.2,-22.7
53.95,-19.7,-29.9,-27.7,-42.6,-22.6
53.96,-20.1,-35.5,-27.9,-45.3,-22.6
53.97,-19.3,-37.9,-23.5,-44.9,-22.7
53.98,-10.5,-37.4,-11.3,-35.1,-23.2
53.99,-9.1,-31.4,-9.9,-24.4,-24.2
54.00,-8.8,-29.7,-9.8,-22.3,-24.8
54.01,-8.5,-24.8,-9.7,-19.3,-25.6
54.02,-9.1,-20.8,-10.8,-18.6,-26.1
54.03,-10.9,-18.5,-14.8,-17.4,-26.5
54.04,-11.9,-17.1,-18.5,-17.9,-26.7
54.05,-11.7,-15.5,-18.4,-17.5,-26.7
54.06,-11.7,-14.7,-18.5,-18.2,-26.9
54.07,-11.5,-14.0,-19.0,-17.8,-26.7
54.08,-11.6,-13.6,-20.4,-18.0,-26.7
54.09,-11.3,-13.3,-23.6,-17.8,-26.7
54.10,-10.9,-13.2,-21.8,-17.7,-27.3
54.11,-11.4,-13.8,-21.9,-17.6,-27.3
54.12,-11.7,-15.0,-21.2,-17.4,-27.7
54.13,-10.3,-16.3,-14.2,-17.5,-28.2
54.14,-10.0,-17.3,-12.5,-18.1,-28.7
54.15,-9.9,-18.6,-12.0,-19.1,-28.9
54.16,-9.8,-18.2,-11.4,-20.1,-29.4
54.17,-9.3,-17.2,-10.9,-21.0,-29.7
54.18,-10.1,-16.7,-13.0,-21.2,-29.5
54.19,-10.4,-16.4,-13.0,-19.7,-29.9
54.20,-10.1,-15.9,-12.8,-19.3,-30.3
54.21,-9.5,-15.6,-11.7,-18.5,-30.4
54.22,-9.2,-15.4,-10.7,-18.7,-30.9
54.23,-9.4,-15.0,-10.9,-18.2,-31.6
54.24,-8.7,-14.7,-10.7,-18.1,-31.5
54.25,-9.0,-14.3,-10.8,-18.3,-31.6
54.26,-9.1,-14.0,-12.4,-18.1,-31.5
54.27,-9.3,-14.1,-13.2,-18.3,-30.7
54.28,-9.7,-14.8,-13.1,-17.8,-29.6
54.29,-9.3,-15.8,-12.4,-18.6,-27.4
54.30,-8.7,-16.9,-11.8,-17.9,-25.1
54.31,-9.1,-17.1,-11.8,-18.7,-23.8
54.32,-8.6,-16.6,-12.0,-18.3,-22.7
54.33,-8.9,-16.0,-12.5,-19.3,-22.0
54.34,-10.1,-15.3,-14.6,-19.6,-21.8
54.35,-11.5,-15.0,-18.3,-21.5,-22.0
54.36,-12.0,-15.1,-18.9,-21.7,-21.8
54.37,-12.2,-14.8,-19.4,-22.6,-21.6
54.38,-12.0,-14.7,-19.0,-22.3,-21.5
54.39,-11.6,-14.7,-19.2,-20.2,-21.3
54.40,-11.5,-14.6,-20.1,-20.0,-21.5
54.41,-11.4,-14.9,-20.6,-18.6,-21.8
54.42,-11.4,-15.2,-20.1,-18.5,-22.1
54.43,-11.4,-15.2,-20.8,-17.9,-22.5
54.44,-11.3,-15.3,-20.8,-17.8,-22.8
54.45,-11.0,-15.7,-16.6,-18.3,-23.1
54.46,-10.9,-16.0,-15.9,-18.4,-23.6
54.47,-10.9,-15.6,-15.2,-19.8,-24.5
54.48,-10.9,-15.5,-14.5,-20.9,-24.7
54.49,-11.2,-15.5,-14.7,-24.5,-25.0
54.50,-12.4,-15.3,-16.4,-27.4,-24.9
54.51,-12.2,-15.2,-16.4,-33.7,-24.9
54.52,-12.2,-15.2,-16.5,-39.1,-24.8
54.53,-11.7,-15.3,-15.6,-38.8,-24.7
54.54,-11.6,-15.3,-15.6,-39.8,-24.8
54.55,-11.4,-15.3,-15.2,-40.8,-24.4
54.56,-11.6,-15.3,-16.1,-45.4,-24.0
54.57,-11.7,-15.3,-15.7,-50.8,-23.7
54.58,-12.1,-15.4,-16.7,-54.0,-23.8
54.59,-12.0,-15.5,-16.5,-55.3,-23.9
54.60,-12.0,-15.8,-16.0,-59.2,-24.0
54.61,-9.9,-16.1,-12.0,-60.5,-24.5
54.62,-9.6,-16.2,-11.3,-28.4,-25.1
54.63,-9.4,-16.3,-11.2,-25.7,-25.0
54.64,-9.1,-16.4,-10.9,-22.2,-25.0
54.65,-10.3,-16.1,-12.5,-21.0,-24.9
54.66,-10.3,-15.8,-13.1,-20.0,-24.6
54.67,-10.1,-15.6,-13.1,-19.3,-24.2
54.68,-9.8,-15.4,-12.8,-19.7,-24.2
54.69,-9.7,-15.3,-13.0,-19.0,-24.4
54.70,-9.4,-15.3,-12.6,-19.5,-24.6
54.71,-9.5,-15.4,-12.5,-19.0,-24.7
54.72,-9.8,-15.4,-13.1,-19.1,-25.0
54.73,-9.9,-15.6,-12.9,-19.1,-25.0
54.74,-10.2,-15.7,-13.5,-18.7,-24.7
54.75,-10.4,-15.6,-13.6,-19.5,-24.3
54.76,-10.1,-15.9,-13.4,-19.1,-24.1
54.77,-9.7,-16.1,-11.4,-20.8,-24.1
54.78,-9.4,-16.1,-11.1,-21.7,-23.9
54.79,-9.5,-16.0,-11.0,-24.0,-24.4
54.80,-9.6,-16.0,-11.2,-27.5,-24.3
54.81,-10.4,-16.0,-12.4,-31.7,-24.2
54.82,-11.1,-15.8,-13.9,-39.0,-24.3
54.83,-12.0,-15.9,-15.3,-52.7,-24.6
54.84,-12.0,-16.1,-15.5,-62.6,-24.7
54.85,-9.3,-16.2,-10.8,-64.0,-25.0
54.86,-9.2,-16.3,-10.5,-64.9,-25.7
54.87,-9.3,-16.4,-10.5,-64.9,-26.2
54.88,-9.4,-16.7,-10.8,-64.8,-25.9
54.89,-10.6,-17.0,-12.3,-65.3,-26.0
54.90,-13.5,-17.7,-16.6,-63.6,-26.0
54.91,-14.0,-18.4,-17.3,-59.6,-25.7
54.92,-11.2,-19.5,-13.0,-38.9,-25.8
54.93,-9.6,-20.8,-11.1,-23.2,-25.7
54.94,-8.8,-23.1,-10.1,-21.1,-25.2
54.95,-8.7,-26.0,-10.1,-19.9,-24.7
54.96,-8.8,-29.7,-10.4,-19.3,-23.7
54.97,-10.3,-35.2,-12.6,-19.0,-23.4
54.98,-12.6,-41.4,-14.5,-20.1,-22.9
54.99,-12.5,-43.9,-15.4,-20.3,-22.9
55.00,-13.0,-46.8,-15.8,-19.9,-22.8
55.01,-13.2,-48.4,-16.1,-19.8,-22.7
55.02,-13.3,-48.4,-17.4,-18.8,-22.4
55.03,-13.8,-48.0,-18.2,-19.0,-22.4
55.04,-13.7,-48.1,-18.6,-18.0,-22.5
55.05,-13.3,-48.5,-17.7,-18.5,-22.9
55.06,-13.2,-48.8,-18.1,-17.9,-23.4
55.07,-13.2,-48.9,-18.0,-18.0,-23.8
55.08,-11.1,-49.1,-13.0,-18.3,-24.1
55.09,-10.6,-50.2,-11.7,-18.7,-24.2
55.10,-10.5,-50.9,-11.5,-18.8,-24.3
55.11,-9.9,-51.8,-11.1,-18.1,-24.1
55.12,-10.6,-55.4,-11.8,-18.7,-24.1
55.13,-12.0,-56.2,-14.4,-18.0,-23.8
55.14,-13.1,-56.0,-16.2,-18.0,-23.8
55.15,-13.4,-55.4,-17.3,-18.4,-23.6
55.16,-14.5,-54.2,-18.3,-18.4,-23.4
55.17,-14.3,-53.2,-19.3,-18.4,-23.1
55.18,-14.6,-51.5,-19.6,-18.1,-23.1
55.19,-14.6,-50.0,-20.0,-18.1,-23.1
55.20,-14.5,-48.4,-20.6,-17.9,-23.3
55.21,-14.3,-46.7,-20.5,-17.9,-23.5
55.22,-14.3,-45.7,-20.3,-17.9,-24.1
55.23,-14.0,-42.7,-19.7,-17.6,-24.2
55.24,-11.6,-41.7,-12.9,-18.3,-24.1
55.25,-9.5,-41.6,-10.7,-18.0,-24.1
55.26,-9.3,-40.5,-10.2,-19.0,-23.8
55.27,-9.3,-34.4,-10.1,-19.1,-23.8
55.28,-10.1,-27.5,-11.2,-19.0,-23.6
55.29,-11.6,-23.7,-14.5,-18.8,-23.4
55.30,-13.2,-22.7,-18.1,-18.0,-23.6
55.31,-13.4,-21.7,-18.6,-17.5,-23.4
55.32,-13.3,-20.7,-18.8,-17.4,-23.6
55.33,-12.9,-20.9,-18.8,-17.4,-23.8
55.34,-13.2,-20.7,-20.0,-17.7,-23.9
55.35,-13.3,-20.5,-20.6,-17.3,-24.0
55.36,-13.2,-20.0,-20.1,-17.5,-24.1
55.37,-12.7,-19.1,-19.9,-17.4,-24.0
55.38,-12.4,-18.8,-19.7,-17.2,-23.7
55.39,-12.5,-18.7,-19.1,-17.7,-23.3
55.40,-12.2,-19.0,-19.1,-17.4,-23.3
55.41,-12.6,-19.7,-19.5,-17.8,-23.5
55.42,-12.3,-18.0,-19.7,-17.9,-23.4
55.43,-12.2,-16.1,-20.1,-18.2,-24.2
55.44,-11.7,-14.4,-20.6,-18.4,-24.8
55.45,-10.8,-12.9,-21.3,-18.3,-25.3
55.46,-10.5,-12.2,-21.8,-18.9,-25.9
55.47,-10.4,-12.2,-21.9,-18.5,-26.1
55.48,-10.5,-12.3,-21.6,-19.1,-26.1
55.49,-10.4,-12.5,-21.5,-18.8,-26.3
55.50,-10.8,-12.8,-21.3,-19.4,-26.2
55.51,-10.8,-12.7,-21.3,-19.6,-26.2
55.52,-11.2,-13.0,-21.7,-20.1,-26.4
55.53,-11.3,-13.3,-22.3,-20.4,-25.8
55.54,-11.5,-13.7,-22.3,-21.2,-25.4
55.55,-11.5,-14.2,-20.4,-21.8,-25.3
55.56,-8.8,-14.3,-11.3,-23.0,-23.7
55.57,-7.9,-14.0,-10.3,-24.5,-22.5
55.58,-7.9,-13.7,-10.1,-26.6,-22.0
55.59,-7.6,-13.2,-10.2,-27.9,-21.7
55.60,-8.4,-12.6,-11.3,-25.5,-21.5
55.61,-10.0,-12.3,-15.4,-25.1,-22.3
55.62,-10.1,-12.2,-18.0,-22.2,-22.8
55.63,-10.2,-12.2,-18.4,-22.1,-22.8
55.64,-10.4,-12.4,-18.1,-21.0,-22.8
55.65,-10.1,-12.2,-18.8,-20.6,-22.8
55.66,-10.1,-12.4,-19.1,-20.1,-23.1
55.67,-10.1,-12.2,-20.5,-20.1,-23.6
55.68,-10.3,-12.5,-19.4,-20.3,-24.4
55.69,-10.4,-12.5,-19.5,-20.7,-24.9
55.70,-10.7,-12.9,-19.1,-20.6,-25.1
55.71,-9.8,-13.3,-17.0,-21.0,-25.1
55.72,-10.1,-13.8,-15.1,-21.1,-25.1
55.73,-10.0,-14.1,-14.8,-21.7,-25.0
55.74,-10.3,-14.4,-14.4,-22.7,-24.8
55.75,-10.3,-14.4,-14.3,-23.0,-25.1
55.76,-11.3,-14.0,-15.9,-25.5,-24.8
55.77,-11.5,-14.0,-16.4,-27.9,-24.6
55.78,-11.2,-13.7,-16.5,-30.6,-24.8
55.79,-11.3,-13.8,-16.6,-34.7,-24.9
55.80,-11.6,-13.7,-16.9,-38.2,-25.4
55.81,-11.7,-13.8,-16.9,-41.3,-25.6
55.82,-11.7,-13.9,-17.1,-42.2,-25.9
55.83,-11.9,-14.0,-17.4,-42.2,-25.5
55.84,-12.3,-14.2,-17.6,-41.2,-24.9
55.85,-12.1,-14.0,-17.6,-43.1,-24.8
55.86,-12.2,-14.2,-17.8,-44.0,-24.9
55.87,-9.5,-14.1,-13.2,-39.1,-25.5
55.88,-9.1,-14.2,-12.5,-28.3,-26.2
55.89,-8.8,-14.0,-11.9,-23.4,-26.5
55.90,-8.8,-14.1,-11.6,-22.7,-26.5
55.91,-9.2,-14.1,-11.5,-19.8,-26.6
55.92,-10.6,-14.2,-12.5,-19.2,-26.2
55.93,-10.2,-14.2,-13.3,-19.0,-26.7
55.94,-9.9,-13.9,-12.8,-18.9,-26.8
55.95,-8.9,-13.9,-12.8,-19.1,-26.7
55.96,-8.9,-13.8,-12.8,-19.4,-26.5
55.97,-8.9,-14.3,-12.5,-19.1,-26.3
55.98,-9.5,-15.0,-12.8,-19.0,-26.1
55.99,-11.0,-16.3,-13.1,-19.1,-25.9
56.00,-10.9,-18.2,-12.7,-18.7,-25.9
56.01,-11.2,-19.3,-13.8,-18.7,-26.2
56.02,-10.2,-16.9,-13.4,-18.2,-26.5
56.03,-9.2,-14.8,-12.5,-18.5,-27.0
56.04,-8.1,-14.2,-11.6,-18.8,-27.5
56.05,-8.3,-13.5,-11.8,-20.1,-27.3
56.06,-8.5,-13.4,-11.9,-20.7,-27.2
56.07,-9.3,-14.3,-12.6,-24.2,-26.9
56.08,-10.7,-14.8,-14.3,-25.9,-26.8
56.09,-11.7,-14.5,-15.8,-29.4,-26.7
56.10,-11.7,-14.5,-16.2,-31.4,-26.2
56.11,-12.2,-14.7,-16.3,-35.5,-26.1
56.12,-12.1,-14.8,-16.6,-39.5,-26.0
56.13,-13.1,-15.3,-18.5,-44.0,-25.8
56.14,-12.6,-15.2,-17.6,-64.9,-25.9
56.15,-13.0,-15.4,-18.1,-57.1,-26.1
56.16,-12.4,-14.9,-17.8,-54.2,-26.4
56.17,-11.8,-14.5,-17.1,-51.1,-26.5
56.18,-10.3,-13.9,-14.5,-50.0,-26.6
56.19,-9.1,-13.9,-12.2,-48.1,-26.5
56.20,-8.5,-14.2,-11.5,-26.8,-26.7
56.21,-8.5,-14.3,-11.6,-24.6,-25.8
56.22,-8.6,-14.8,-11.6,-22.2,-25.4
56.23,-9.9,-15.1,-13.7,-20.5,-24.4
56.24,-11.0,-15.0,-16.2,-20.1,-23.8
56.25,-11.1,-14.8,-17.7,-19.5,-23.6
56.26,-11.6,-15.0,-18.4,-19.4,-23.4
56.27,-11.6,-14.9,-18.9,-19.3,-23.7
56.28,-11.5,-14.5,-19.9,-19.4,-23.7
56.29,-11.7,-14.3,-20.9,-19.1,-24.5
56.30,-11.7,-13.8,-20.8,-19.2,-24.5
56.31,-11.0,-13.0,-21.8,-18.9,-24.6
56.32,-10.8,-12.5,-22.8,-19.2,-24.9
56.33,-10.4,-12.2,-22.0,-19.2,-25.0
56.34,-10.4,-12.1,-22.0,-19.4,-25.0
56.35,-10.5,-12.2,-23.0,-19.4,-25.4
56.36,-11.3,-12.7,-22.9,-20.7,-25.4
56.37,-12.2,-13.5,-24.0,-21.4,-25.5
56.38,-12.0,-13.5,-24.5,-23.3,-25.7
56.39,-12.5,-14.1,-24.3,-26.2,-25.7
56.40,-12.5,-14.3,-23.9,-27.3,-24.8
56.41,-12.5,-14.1,-23.4,-32.7,-24.4
56.42,-13.1,-14.6,-23.8,-36.6,-23.8
56.43,-13.3,-14.8,-24.2,-41.4,-23.6
56.44,-13.1,-14.4,-24.2,-43.4,-23.9
56.45,-12.7,-14.1,-24.5,-44.1,-23.9
56.46,-12.6,-13.9,-24.9,-40.4,-24.7
56.47,-12.6,-13.8,-24.9,-39.6,-25.2
56.48,-12.5,-13.5,-24.8,-38.9,-24.4
56.49,-12.6,-13.6,-25.5,-39.0,-24.5
56.50,-11.0,-14.1,-16.3,-36.6,-24.4
56.51,-9.1,-14.4,-11.5,-36.3,-24.2
56.52,-8.4,-14.6,-10.5,-24.2,-24.7
56.53,-8.3,-15.2,-10.3,-23.0,-24.6
56.54,-8.4,-16.2,-10.3,-21.4,-24.7
56.55,-9.7,-17.0,-12.2,-19.6,-24.4
56.56,-13.1,-17.7,-18.2,-19.8,-24.0
56.57,-12.8,-18.6,-18.6,-19.2,-23.5
56.58,-13.0,-19.2,-19.3,-18.9,-22.7
56.59,-12.5,-19.0,-18.7,-19.7,-22.2
56.60,-12.3,-19.0,-20.5,-18.3,-21.7
56.61,-12.3,-18.4,-20.6,-18.9,-21.7
56.62,-12.4,-18.0,-23.0,-18.3,-21.8
56.63,-12.3,-17.5,-21.2,-18.1,-21.9
56.64,-12.8,-16.5,-21.5,-18.4,-22.4
56.65,-12.6,-16.7,-20.4,-18.0,-23.3
56.66,-10.6,-17.1,-13.6,-18.4,-24.4
56.67,-11.1,-17.7,-13.2,-19.3,-25.3
56.68,-10.5,-18.8,-12.4,-19.0,-26.5
56.69,-10.3,-18.9,-12.0,-20.2,-26.8
56.70,-9.5,-16.2,-12.3,-20.4,-27.2
56.71,-9.0,-14.1,-13.2,-20.3,-26.9
56.72,-8.8,-12.9,-13.4,-20.6,-26.5
56.73,-8.3,-12.0,-13.5,-21.2,-26.2
56.74,-7.9,-11.9,-11.7,-20.9,-26.6
56.75,-7.9,-12.2,-11.1,-20.9,-26.5
56.76,-8.2,-12.8,-11.0,-20.5,-26.6
56.77,-8.0,-12.9,-11.1,-20.4,-27.1
56.78,-8.5,-13.2,-11.3,-20.2,-27.4
56.79,-8.5,-13.0,-12.3,-19.8,-27.3
56.80,-8.5,-12.7,-13.0,-19.6,-27.4
56.81,-8.8,-12.3,-13.8,-19.4,-26.4
56.82,-8.2,-11.9,-11.8,-19.1,-24.5
56.83,-7.8,-11.8,-10.4,-19.4,-22.5
56.84,-7.6,-11.4,-10.5,-19.0,-21.2
56.85,-8.2,-11.9,-11.1,-19.2,-20.5
56.86,-8.1,-11.6,-11.6,-19.3,-20.4
56.87,-9.6,-12.1,-16.4,-19.6,-20.6
56.88,-9.4,-11.7,-20.0,-19.2,-21.0
56.89,-10.5,-12.1,-21.2,-19.7,-21.1
56.90,-9.7,-11.7,-19.7,-19.0,-20.8
56.91,-9.8,-11.7,-19.8,-19.7,-20.8
56.92,-9.5,-11.5,-19.6,-19.1,-20.7
56.93,-9.5,-11.4,-19.1,-19.5,-20.8
56.94,-9.6,-11.5,-18.8,-19.4,-21.1
56.95,-9.6,-11.2,-18.9,-19.5,-21.8
56.96,-9.5,-11.3,-18.7,-19.1,-22.2
56.97,-9.1,-11.1,-16.9,-19.8,-22.6
56.98,-8.7,-11.4,-14.9,-19.9,-22.9
56.99,-8.4,-11.2,-14.0,-21.0,-23.2
57.00,-9.0,-11.5,-13.7,-22.1,-23.2
57.01,-8.8,-11.3,-13.5,-24.4,-23.4
57.02,-9.1,-11.3,-14.0,-26.7,-23.8
57.03,-9.4,-11.2,-15.3,-30.3,-23.9
57.04,-9.7,-11.1,-16.0,-38.7,-24.2
57.05,-9.9,-11.3,-16.2,-47.1,-24.3
57.06,-9.4,-11.3,-15.1,-61.4,-24.1
57.07,-10.0,-11.7,-15.9,-62.0,-24.3
57.08,-9.9,-11.8,-15.3,-62.0,-23.9
57.09,-10.1,-12.0,-16.0,-61.2,-23.8
57.10,-10.3,-12.1,-15.6,-59.8,-23.8
57.11,-10.5,-12.3,-16.5,-57.9,-23.9
57.12,-10.6,-12.5,-15.6,-55.6,-23.8
57.13,-9.6,-13.0,-13.2,-55.3,-24.1
57.14,-9.7,-13.6,-12.0,-44.3,-24.0
57.15,-9.4,-14.1,-11.6,-33.4,-23.9
57.16,-9.0,-14.6,-11.3,-28.7,-23.3
57.17,-8.9,-15.3,-11.1,-24.8,-23.0
57.18,-10.3,-16.1,-13.4,-23.7,-22.6
57.19,-10.8,-17.1,-13.6,-21.4,-22.3
57.20,-11.2,-18.5,-12.8,-21.2,-22.4
57.21,-11.3,-20.5,-12.5,-20.7,-22.6
57.22,-11.1,-20.6,-12.5,-20.7,-22.9
57.23,-10.7,-19.8,-12.4,-20.2,-23.2
57.24,-10.5,-18.4,-12.2,-20.8,-23.4
57.25,-10.5,-17.7,-12.7,-20.2,-23.5
57.26,-10.3,-17.1,-12.6,-20.4,-24.0
57.27,-10.1,-15.6,-12.7,-20.3,-24.2
57.28,-10.0,-14.4,-13.6,-20.3,-24.3
57.29,-9.1,-13.6,-12.5,-20.2,-24.2
57.30,-8.4,-13.1,-11.3,-21.7,-24.8
57.31,-8.8,-13.2,-11.2,-22.5,-24.6
57.32,-9.0,-13.5,-11.1,-25.0,-24.4
57.33,-9.5,-14.2,-11.7,-29.5,-24.4
57.34,-9.9,-15.0,-12.3,-32.5,-24.2
57.35,-11.9,-16.1,-15.0,-44.1,-23.9
57.36,-12.3,-17.2,-14.8,-54.3,-23.8
57.37,-12.9,-19.1,-15.4,-57.8,-23.4
57.38,-13.8,-23.3,-15.2,-62.4,-23.4
57.39,-15.9,-25.1,-17.7,-63.2,-23.3
57.40,-15.4,-30.7,-16.7,-63.4,-23.1
57.41,-16.8,-38.2,-18.2,-64.3,-23.3
57.42,-17.1,-37.4,-18.3,-64.5,-23.6
57.43,-16.3,-32.7,-17.8,-64.9,-24.0
57.44,-15.0,-21.7,-17.3,-64.3,-24.4
57.45,-11.1,-19.5,-12.3,-61.2,-25.6
57.46,-10.0,-16.7,-11.5,-31.0,-26.3
57.47,-9.5,-15.4,-11.2,-26.8,-26.7
57.48,-9.0,-14.6,-11.3,-22.3,-26.4
57.49,-9.6,-14.4,-12.7,-20.6,-26.1
57.50,-10.5,-14.3,-15.0,-19.8,-25.4
57.51,-10.6,-14.5,-16.4,-19.0,-25.3
57.52,-11.2,-14.8,-17.4,-18.7,-24.9
57.53,-11.6,-14.6,-17.9,-19.2,-25.0
57.54,-11.4,-14.9,-18.5,-19.1,-24.9
57.55,-11.9,-15.3,-20.1,-18.8,-25.1
57.56,-12.1,-15.5,-20.2,-19.3,-24.7
57.57,-11.8,-15.7,-20.8,-18.6,-24.9
57.58,-12.2,-15.8,-22.4,-18.8,-24.7
57.59,-11.7,-15.4,-21.6,-18.4,-24.6
57.60,-11.3,-15.0,-18.5,-18.9,-24.7
57.61,-10.3,-15.0,-14.8,-19.3,-25.0
57.62,-9.8,-15.1,-13.3,-21.3,-24.9
57.63,-9.7,-14.7,-12.6,-22.6,-24.9
57.64,-9.5,-14.6,-11.9,-28.4,-24.9
57.65,-9.9,-14.6,-12.7,-30.5,-24.5
57.66,-10.3,-14.3,-13.3,-32.5,-25.0
57.67,-10.7,-14.4,-13.6,-36.3,-25.1
57.68,-10.3,-14.6,-13.3,-38.0,-25.8
57.69,-9.5,-14.9,-11.7,-38.8,-26.1
57.70,-9.2,-15.4,-11.1,-42.3,-26.4
57.71,-9.1,-16.3,-10.8,-48.5,-26.2
57.72,-9.5,-18.0,-10.9,-48.2,-26.4
57.73,-11.1,-20.6,-12.4,-47.5,-26.0
57.74,-13.0,-24.7,-14.0,-45.9,-25.4
57.75,-13.9,-28.7,-14.7,-45.1,-24.6
57.76,-13.6,-33.5,-14.4,-44.7,-24.0
57.77,-10.3,-33.0,-10.8,-41.1,-23.3
57.78,-9.6,-30.8,-9.9,-28.6,-23.1
57.79,-9.4,-28.1,-10.0,-25.8,-23.0
57.80,-9.5,-27.1,-10.3,-23.1,-23.4
57.81,-10.7,-26.1,-11.8,-22.4,-23.6
57.82,-12.7,-25.8,-15.0,-21.3,-24.5
57.83,-13.7,-25.9,-16.4,-21.3,-24.7
57.84,-12.9,-26.3,-15.6,-21.0,-25.4
57.85,-12.5,-26.7,-14.5,-21.4,-25.8
57.86,-12.2,-26.9,-14.0,-20.8,-26.6
57.87,-11.6,-27.1,-13.1,-21.4,-27.0
57.88,-11.7,-27.5,-13.1,-21.0,-27.6
57.89,-12.2,-28.2,-13.4,-20.6,-27.4
57.90,-12.9,-29.3,-14.1,-20.5,-27.4
57.91,-13.8,-30.9,-15.7,-20.1,-26.7
57.92,-14.5,-32.4,-16.8,-19.7,-26.6
57.93,-14.7,-27.8,-19.1,-19.6,-26.6
57.94,-12.7,-19.1,-17.5,-19.6,-26.6
57.95,-12.0,-16.4,-16.0,-19.8,-27.2
57.96,-10.8,-14.4,-15.1,-19.1,-27.8
57.97,-9.9,-13.7,-14.3,-19.4,-27.8
57.98,-9.8,-13.2,-14.4,-19.0,-28.4
57.99,-10.0,-13.3,-15.6,-18.8,-28.0
58.00,-10.3,-13.7,-16.4,-18.9,-28.0
58.01,-10.7,-13.8,-17.8,-18.9,-27.4
58.02,-11.4,-14.0,-18.5,-18.5,-27.5
58.03,-12.1,-14.5,-19.3,-18.7,-27.7
58.04,-11.5,-14.8,-17.7,-18.4,-27.5
58.05,-11.1,-14.9,-16.8,-18.6,-27.0
58.06,-11.0,-15.1,-16.2,-18.8,-26.1
58.07,-10.8,-14.8,-16.2,-19.5,-24.7
58.08,-9.6,-14.4,-13.4,-19.7,-23.0
58.09,-8.9,-14.6,-11.2,-21.4,-22.3
58.10,-8.8,-14.3,-10.8,-22.3,-21.9
58.11,-9.1,-14.3,-10.8,-23.2,-21.7
58.12,-8.9,-14.2,-10.9,-21.7,-22.1
58.13,-9.6,-14.0,-13.3,-20.7,-22.5
58.14,-10.8,-13.9,-17.9,-19.2,-22.8
58.15,-10.6,-14.0,-17.7,-18.8,-23.3
58.16,-10.7,-14.1,-18.1,-18.0,-24.0
58.17,-10.6,-13.9,-17.7,-18.7,-24.5
58.18,-11.0,-14.0,-19.7,-17.9,-25.0
58.19,-11.3,-14.3,-19.3,-18.7,-24.8
58.20,-11.8,-14.6,-20.7,-17.8,-24.7
58.21,-11.9,-15.3,-20.2,-18.5,-24.1
58.22,-11.8,-15.8,-20.7,-17.7,-23.3
58.23,-11.8,-16.2,-20.0,-18.3,-22.6
58.24,-9.9,-16.8,-13.8,-17.7,-22.5
58.25,-9.8,-17.4,-13.0,-18.3,-22.6
58.26,-9.7,-16.9,-12.4,-18.0,-22.8
58.27,-9.8,-16.9,-12.2,-18.3,-23.6
58.28,-10.5,-16.4,-13.4,-18.0,-24.0
58.29,-11.2,-15.8,-16.1,-17.9,-24.2
58.30,-11.0,-15.4,-17.8,-17.9,-24.5
58.31,-11.5,-15.5,-19.3,-17.6,-24.6
58.32,-11.6,-15.3,-19.7,-17.8,-24.7
58.33,-11.8,-15.6,-20.1,-17.4,-24.7
58.34,-11.9,-15.5,-20.7,-17.7,-24.8
58.35,-12.1,-15.6,-21.3,-17.3,-25.0
58.36,-11.9,-15.2,-21.5,-17.8,-25.3
58.37,-11.5,-14.9,-21.8,-17.2,-25.8
58.38,-11.7,-14.6,-21.9,-17.9,-26.5
58.39,-11.5,-14.7,-21.7,-17.2,-26.7
58.40,-11.8,-15.0,-21.8,-17.8,-27.1
58.41,-11.7,-15.5,-22.2,-17.1,-26.8
58.42,-12.3,-15.9,-22.4,-17.8,-26.6
58.43,-12.4,-16.4,-22.6,-17.2,-26.2
58.44,-12.4,-16.3,-23.1,-17.6,-25.7
58.45,-12.3,-16.1,-23.3,-17.2,-25.4
58.46,-12.3,-15.9,-23.5,-17.5,-25.4
58.47,-11.8,-15.4,-23.8,-17.1,-24.7
58.48,-12.0,-15.4,-24.0,-17.5,-24.5
58.49,-12.2,-15.4,-24.4,-17.4,-24.3
58.50,-12.3,-16.3,-24.6,-17.5,-24.2
58.51,-12.6,-17.3,-24.7,-17.6,-23.9
58.52,-13.7,-19.5,-24.7,-17.6,-23.8
58.53,-14.3,-21.9,-24.6,-17.9,-23.7
58.54,-14.5,-25.1,-25.0,-17.6,-23.7
58.55,-14.3,-26.1,-21.6,-18.1,-23.3
58.56,-10.0,-25.6,-11.1,-17.6,-23.0
58.57,-9.1,-25.6,-10.1,-18.2,-22.6
58.58,-8.8,-24.9,-9.9,-17.6,-22.1
58.59,-8.9,-23.8,-9.8,-18.3,-21.9
58.60,-9.2,-18.5,-11.4,-17.6,-22.0
58.61,-10.7,-15.9,-15.5,-18.3,-21.9
58.62,-10.2,-14.0,-18.3,-17.6,-22.0
58.63,-10.4,-13.5,-18.5,-18.4,-22.5
58.64,-8.2,-13.2,-13.3,-17.7,-23.2
58.65,-8.3,-13.8,-12.0,-18.5,-24.0
58.66,-8.3,-14.5,-11.9,-17.7,-24.8
58.67,-8.8,-14.9,-12.2,-18.6,-25.4
58.68,-9.1,-15.2,-13.0,-17.9,-25.2
58.69,-11.5,-15.5,-16.4,-18.8,-25.8
58.70,-11.4,-16.2,-17.3,-18.4,-25.6
58.71,-10.7,-17.1,-14.3,-19.2,-24.5
58.72,-10.0,-17.4,-12.3,-19.2,-23.6
58.73,-10.0,-17.4,-12.1,-19.6,-22.6
58.74,-9.7,-17.0,-11.9,-19.7,-21.6
58.75,-9.5,-16.5,-12.2,-19.1,-20.9
58.76,-10.6,-16.0,-14.4,-19.2,-20.8
58.77,-10.6,-15.2,-16.2,-18.1,-20.8
58.78,-10.8,-14.4,-18.0,-18.6,-21.1
58.79,-10.4,-13.9,-18.7,-17.9,-21.5
58.80,-10.9,-13.6,-19.8,-18.3,-21.7
58.81,-10.4,-13.5,-20.6,-17.6,-21.8
58.82,-10.5,-13.5,-21.0,-17.3,-22.1
58.83,-10.8,-13.7,-21.2,-17.4,-22.3
58.84,-10.8,-14.0,-21.4,-17.0,-22.2
58.85,-11.1,-13.9,-22.8,-17.4,-22.4
58.86,-11.0,-14.0,-24.0,-16.8,-22.8
58.87,-10.4,-13.9,-16.8,-17.5,-23.1
58.88,-10.4,-14.1,-13.7,-17.0,-23.5
58.89,-10.6,-14.2,-12.8,-17.7,-23.9
58.90,-10.5,-14.3,-11.9,-17.4,-24.1
58.91,-11.1,-14.5,-11.7,-17.7,-24.0
58.92,-10.6,-14.4,-12.6,-17.8,-23.7
58.93,-9.9,-14.5,-13.5,-17.7,-23.5
58.94,-9.1,-14.3,-13.6,-18.0,-23.4
58.95,-8.9,-14.2,-13.9,-17.6,-23.4
58.96,-9.2,-13.8,-14.0,-18.1,-23.4
58.97,-9.4,-13.6,-14.0,-17.4,-23.4
58.98,-9.9,-13.7,-13.8,-18.2,-23.6
58.99,-9.7,-13.6,-13.9,-17.8,-23.7
59.00,-9.6,-13.8,-13.7,-18.3,-23.9
59.01,-9.8,-13.8,-14.4,-17.9,-23.9
59.02,-9.9,-13.8,-14.7,-18.0,-24.1
59.03,-9.1,-14.0,-12.7,-18.4,-24.6
59.04,-8.9,-14.1,-12.1,-18.3,-24.9
59.05,-9.1,-14.4,-12.0,-18.7,-25.3
59.06,-8.6,-14.4,-11.3,-18.3,-25.5
59.07,-8.8,-14.6,-11.6,-19.0,-25.6
59.08,-9.6,-14.7,-12.2,-18.3,-25.6
59.09,-10.1,-14.7,-12.6,-19.0,-25.6
59.10,-9.5,-14.5,-13.4,-18.1,-25.7
59.11,-10.1,-14.4,-13.8,-18.4,-25.4
59.12,-10.8,-15.0,-14.5,-18.3,-25.1
59.13,-11.1,-16.0,-15.0,-18.2,-25.3
59.14,-12.4,-17.6,-15.2,-18.6,-25.0
59.15,-12.0,-20.5,-14.4,-18.3,-24.7
59.16,-12.0,-25.4,-14.0,-18.8,-25.0
59.17,-11.2,-29.8,-12.7,-18.1,-25.0
59.18,-10.4,-33.3,-12.5,-18.9,-24.8
59.19,-10.7,-33.0,-12.2,-18.3,-24.9
59.20,-11.4,-30.3,-12.6,-18.7,-25.4
59.21,-10.8,-22.0,-13.2,-18.1,-25.3
59.22,-11.2,-17.4,-14.0,-18.2,-25.9
59.23,-11.2,-15.6,-15.6,-18.4,-26.4
59.24,-11.0,-14.5,-16.5,-18.0,-26.3
59.25,-11.0,-14.1,-17.1,-18.3,-25.8
59.26,-11.2,-15.0,-16.8,-17.6,-25.5
59.27,-11.5,-17.0,-15.4,-18.2,-24.5
59.28,-11.3,-19.5,-14.7,-17.7,-23.1
59.29,-11.9,-25.1,-14.0,-18.3,-22.3
59.30,-11.7,-32.1,-13.9,-17.9,-21.2
59.31,-11.6,-36.8,-14.5,-17.9,-20.5
59.32,-12.4,-38.6,-15.1,-18.0,-20.3
59.33,-12.8,-39.4,-16.8,-17.6,-20.1
59.34,-13.2,-34.8,-17.3,-18.1,-20.5
59.35,-10.9,-31.6,-11.5,-18.5,-20.7
59.36,-9.6,-22.4,-10.7,-19.3,-20.8
59.37,-9.2,-18.0,-10.6,-18.8,-20.8
59.38,-8.9,-15.7,-10.6,-20.0,-21.0
59.39,-8.7,-14.1,-11.7,-19.1,-20.9
59.40,-9.5,-13.1,-16.0,-18.9,-20.9
59.41,-10.0,-12.9,-17.8,-18.2,-21.3
59.42,-10.3,-12.9,-18.7,-19.1,-21.3
59.43,-10.3,-13.2,-18.6,-19.0,-21.5
59.44,-11.2,-13.4,-21.1,-18.9,-21.7
59.45,-10.0,-13.8,-15.6,-19.6,-21.8
59.46,-9.4,-14.0,-14.5,-19.1,-21.8
59.47,-9.3,-14.3,-13.9,-19.7,-22.2
59.48,-9.0,-14.4,-13.5,-19.2,-22.1
59.49,-9.3,-14.3,-14.0,-19.1,-22.4
59.50,-10.1,-14.2,-16.0,-19.3,-22.7
59.51,-10.0,-14.2,-16.6,-18.7,-23.0
59.52,-10.7,-14.1,-17.6,-19.5,-23.2
59.53,-10.5,-14.2,-18.4,-18.8,-23.8
59.54,-10.9,-14.1,-18.9,-19.3,-24.5
59.55,-10.3,-14.4,-16.3,-19.2,-24.5
59.56,-10.3,-14.6,-13.8,-18.8,-24.3
59.57,-10.2,-14.9,-13.1,-19.5,-24.3
59.58,-9.8,-15.1,-12.6,-18.6,-24.3
59.59,-10.0,-15.2,-12.4,-19.2,-24.3
59.60,-10.2,-14.8,-13.9,-18.8,-24.7
59.61,-10.9,-14.7,-16.1,-19.0,-25.2
59.62,-11.0,-14.7,-17.6,-19.1,-25.3
59.63,-11.2,-14.5,-18.8,-18.8,-25.2
59.64,-11.6,-14.4,-20.1,-19.6,-25.1
59.65,-11.3,-14.3,-21.0,-18.8,-24.7
59.66,-9.5,-14.3,-14.1,-19.5,-24.8
59.67,-8.2,-14.4,-11.1,-19.6,-25.1
59.68,-8.0,-14.6,-10.6,-20.0,-24.9
59.69,-8.0,-14.7,-10.4,-19.9,-24.9
59.70,-8.3,-15.0,-10.9,-19.7,-24.8
59.71,-9.9,-14.9,-12.9,-19.7,-24.3
59.72,-11.2,-15.0,-17.6,-19.2,-23.7
59.73,-10.8,-14.8,-17.9,-19.0,-23.2
59.74,-11.2,-15.0,-18.1,-19.3,-22.8
59.75,-11.1,-15.1,-18.0,-18.9,-22.6
59.76,-11.0,-15.5,-15.2,-19.1,-22.9
59.77,-9.5,-15.8,-13.0,-19.0,-23.2
59.78,-9.8,-16.0,-12.4,-19.0,-23.9
59.79,-9.3,-15.8,-12.0,-18.8,-24.3
59.80,-9.2,-15.6,-11.9,-18.7,-24.7
59.81,-9.9,-15.0,-14.3,-18.5,-24.5
59.82,-11.1,-14.8,-16.8,-18.7,-24.0
59.83,-10.7,-14.5,-17.8,-18.5,-23.2
59.84,-11.1,-14.5,-19.0,-18.1,-22.9
59.85,-11.3,-14.3,-19.8,-18.2,-22.7
59.86,-11.4,-14.4,-20.4,-18.1,-22.9
59.87,-10.1,-14.6,-15.6,-18.2,-23.5
59.88,-9.9,-14.8,-14.9,-18.1,-24.0
59.89,-9.7,-15.0,-14.5,-18.4,-23.7
59.90,-9.6,-15.4,-13.9,-18.5,-23.5
59.91,-10.2,-15.4,-15.3,-18.5,-23.0
59.92,-10.8,-15.7,-16.2,-18.4,-22.5
59.93,-10.9,-15.7,-16.9,-18.5,-22.0
59.94,-11.3,-16.0,-17.5,-18.6,-22.1
59.95,-11.2,-15.7,-18.5,-18.8,-22.1
59.96,-11.6,-15.6,-19.4,-18.9,-22.6
59.97,-10.1,-15.5,-16.0,-19.0,-23.1
59.98,-9.1,-15.6,-12.7,-18.9,-23.9
59.99,-8.5,-15.8,-11.3,-19.2,-24.5
60.00,-8.4,-16.9,-11.1,-19.3,-24.8
60.01,-8.5,-18.6,-11.0,-19.3,-24.4
60.02,-10.1,-20.4,-12.7,-19.2,-24.0
60.03,-12.6,-23.4,-15.1,-19.6,-23.5
60.04,-13.8,-28.5,-17.0,-19.7,-22.9
60.05,-14.3,-31.7,-18.2,-19.6,-22.5
60.06,-15.1,-36.7,-18.5,-19.5,-22.2
60.07,-14.8,-38.7,-20.3,-19.4,-21.7
60.08,-13.1,-39.0,-17.8,-19.4,-21.7
60.09,-12.7,-40.2,-16.1,-19.4,-21.8
60.10,-12.7,-41.5,-15.2,-19.5,-21.8
60.11,-12.5,-42.4,-14.7,-19.2,-22.2
60.12,-12.0,-41.6,-14.4,-19.0,-22.4
60.13,-12.5,-40.6,-15.2,-18.9,-22.3
60.14,-12.6,-39.2,-16.0,-19.0,-22.6
60.15,-12.6,-38.2,-16.2,-18.9,-22.5
60.16,-13.1,-38.0,-16.4,-19.1,-22.4
60.17,-14.5,-38.1,-16.8,-18.7,-22.4
60.18,-14.7,-38.6,-15.9,-18.5,-22.4
60.19,-14.1,-40.4,-15.2,-18.6,-22.5
60.20,-13.7,-41.7,-15.1,-18.9,-22.5
60.21,-13.6,-42.7,-14.5,-19.3,-22.7
60.22,-13.4,-42.7,-14.0,-19.7,-22.8
60.23,-13.8,-42.7,-14.7,-19.5,-22.6
60.24,-15.1,-41.9,-15.3,-19.3,-22.6
60.25,-14.1,-41.4,-15.7,-19.0,-22.6
60.26,-13.1,-40.5,-16.5,-18.9,-22.5
60.27,-12.3,-36.9,-16.6,-19.0,-22.3
60.28,-11.7,-34.6,-16.5,-19.2,-22.1
60.29,-10.6,-31.0,-13.3,-18.9,-22.3
60.30,-9.6,-29.6,-10.5,-18.7,-22.6
60.31,-9.4,-27.9,-10.3,-18.7,-23.2
60.32,-9.0,-22.6,-10.1,-18.8,-24.1
60.33,-8.7,-18.1,-10.2,-18.8,-24.4
60.34,-8.6,-15.7,-11.0,-19.1,-24.6
60.35,-9.8,-13.9,-14.4,-18.8,-24.6
60.36,-9.3,-12.8,-14.1,-18.6,-24.3
60.37,-9.1,-12.6,-14.2,-18.5,-24.2
60.38,-9.8,-13.6,-14.5,-18.7,-24.1
60.39,-10.3,-14.9,-14.7,-18.8,-23.9
60.40,-10.0,-17.3,-13.1,-19.2,-23.6
60.41,-9.4,-21.9,-12.2,-19.1,-23.4
60.42,-9.5,-29.8,-11.8,-18.9,-23.1
60.43,-9.8,-34.0,-11.7,-18.9,-23.2
60.44,-10.2,-36.2,-12.0,-19.0,-23.3
60.45,-11.6,-28.7,-13.1,-19.1,-23.7
60.46,-13.0,-20.2,-14.7,-19.3,-23.8
60.47,-11.8,-17.1,-14.6,-19.3,-24.2
60.48,-11.0,-15.0,-14.8,-19.2,-25.0
60.49,-10.2,-13.8,-14.1,-19.6,-25.9
60.50,-9.2,-13.4,-12.4,-19.9,-27.2
60.51,-8.7,-13.7,-11.5,-20.1,-28.5
60.52,-9.7,-14.1,-11.8,-20.4,-29.1
60.53,-9.9,-14.6,-12.2,-20.0,-28.7
60.54,-10.5,-14.8,-13.3,-19.7,-28.4
60.55,-11.3,-14.8,-15.7,-19.6,-28.5
60.56,-11.8,-15.1,-16.3,-19.7,-28.4
60.57,-10.7,-16.0,-13.9,-19.8,-28.4
60.58,-10.1,-17.2,-12.5,-19.9,-28.3
60.59,-10.4,-19.5,-12.3,-19.9,-27.7
60.60,-10.6,-23.2,-12.0,-20.2,-27.4
60.61,-9.6,-25.2,-10.8,-21.2,-25.0
60.62,-10.1,-24.7,-10.8,-23.0,-23.0
60.63,-9.8,-23.0,-10.8,-23.5,-22.1
60.64,-10.0,-21.1,-11.1,-23.9,-21.3
60.65,-9.9,-19.2,-11.7,-21.7,-20.7
60.66,-11.4,-17.6,-15.2,-20.0,-21.3
60.67,-10.5,-16.2,-15.0,-19.1,-21.6
60.68,-10.1,-14.9,-15.8,-18.4,-21.5
60.69,-10.0,-14.3,-15.8,-18.7,-21.9
60.70,-9.8,-13.8,-15.3,-18.3,-22.4
60.71,-10.2,-13.8,-15.7,-18.5,-22.3
60.72,-10.9,-14.1,-17.9,-18.3,-22.7
60.73,-11.1,-14.5,-16.2,-18.3,-23.1
60.74,-10.8,-14.8,-15.4,-18.4,-23.1
60.75,-10.9,-15.2,-14.2,-18.4,-23.1
60.76,-10.7,-15.5,-13.8,-18.4,-23.3
60.77,-11.2,-15.9,-14.1,-18.5,-23.6
60.78,-10.8,-16.3,-14.4,-18.3,-23.2
60.79,-11.3,-16.7,-15.4,-18.3,-23.5
60.80,-11.9,-16.9,-17.4,-18.3,-23.7
60.81,-11.9,-17.1,-17.6,-18.0,-23.8
60.82,-12.2,-17.0,-18.4,-18.4,-23.7
60.83,-12.1,-16.9,-18.6,-18.1,-23.6
60.84,-12.0,-17.0,-17.3,-18.3,-23.1
60.85,-11.9,-17.6,-17.0,-18.2,-22.8
60.86,-12.3,-18.8,-15.9,-18.1,-23.0
60.87,-11.9,-20.7,-14.9,-18.1,-23.1
60.88,-13.3,-23.9,-15.9,-18.0,-23.3
60.89,-13.9,-31.2,-16.4,-18.0,-23.3
60.90,-14.4,-37.5,-16.9,-18.3,-23.2
60.91,-15.6,-34.7,-19.8,-18.0,-23.1
60.92,-15.2,-30.5,-20.1,-18.2,-23.0
60.93,-15.3,-27.4,-19.6,-18.1,-22.8
60.94,-14.6,-26.4,-18.5,-17.8,-22.8
60.95,-13.8,-23.5,-17.5,-18.2,-23.1
60.96,-12.4,-17.2,-17.3,-17.8,-23.0
60.97,-11.4,-14.4,-17.9,-18.0,-23.3
60.98,-10.7,-13.2,-18.0,-17.9,-23.4
60.99,-10.1,-12.2,-19.3,-17.9,-23.4
61.00,-10.1,-11.8,-21.2,-17.8,-23.3
61.01,-10.4,-12.3,-21.8,-17.9,-23.2
61.02,-10.7,-12.7,-21.5,-17.7,-23.2
61.03,-11.1,-13.1,-21.4,-18.1,-23.2
61.04,-11.4,-13.9,-21.0,-17.8,-23.2
61.05,-12.1,-15.3,-20.2,-17.9,-23.0
61.06,-12.6,-17.3,-19.6,-17.7,-23.1
61.07,-13.9,-20.2,-20.6,-17.5,-23.1
61.08,-14.4,-23.7,-21.1,-17.6,-23.1
61.09,-15.2,-26.9,-21.8,-17.4,-23.4
61.10,-15.0,-26.3,-22.3,-17.5,-23.5
61.11,-15.1,-24.3,-23.7,-17.6,-23.5
61.12,-14.3,-21.3,-23.9,-17.5,-23.6
61.13,-13.6,-18.4,-23.5,-17.5,-23.5
61.14,-12.5,-15.8,-23.4,-17.6,-23.7
61.15,-12.2,-14.6,-23.9,-17.4,-24.0
61.16,-11.7,-13.6,-24.0,-17.9,-23.9
61.17,-11.0,-12.6,-24.1,-17.6,-24.1
61.18,-11.0,-12.6,-24.5,-17.7,-24.3
61.19,-10.9,-12.6,-25.4,-17.5,-24.1
61.20,-10.9,-12.6,-25.5,-17.4,-24.0
61.21,-11.2,-12.9,-25.7,-17.4,-23.6
61.22,-11.6,-13.5,-26.0,-17.4,-23.6
61.23,-11.8,-13.9,-26.4,-17.3,-23.8
61.24,-12.2,-14.3,-26.3,-17.6,-23.8
61.25,-12.1,-14.6,-26.6,-17.4,-23.8
61.26,-12.5,-14.4,-27.1,-17.4,-23.9
61.27,-11.9,-14.0,-27.2,-17.5,-24.0
61.28,-11.7,-13.6,-27.3,-17.2,-23.6
61.29,-11.0,-12.8,-27.6,-17.5,-23.5
61.30,-10.7,-12.4,-27.8,-17.3,-23.3
61.31,-10.9,-13.0,-27.7,-17.4,-23.1
61.32,-11.6,-14.1,-27.4,-17.3,-22.9
61.33,-12.3,-15.7,-27.2,-17.3,-22.9
61.34,-13.9,-19.3,-27.1,-17.3,-23.1
61.35,-15.4,-31.7,-27.2,-17.4,-23.2
61.36,-15.7,-37.1,-27.6,-17.2,-23.8
61.37,-16.2,-35.5,-28.1,-17.7,-24.2
61.38,-15.7,-30.8,-28.7,-17.4,-23.9
61.39,-15.7,-27.4,-29.6,-17.5,-23.9
61.40,-15.5,-26.2,-30.1,-17.5,-23.9
61.41,-15.2,-25.7,-30.3,-17.3,-24.0
61.42,-15.0,-23.0,-30.6,-17.4,-24.2
61.43,-14.0,-19.2,-30.2,-17.3,-24.1
61.44,-12.9,-16.4,-29.9,-17.4,-24.1
61.45,-12.1,-14.4,-29.6,-17.5,-24.4
61.46,-11.2,-13.2,-29.8,-17.4,-24.3
61.47,-11.0,-12.8,-30.0,-17.4,-24.4
61.48,-10.7,-12.4,-30.1,-17.5,-24.3
61.49,-10.7,-12.4,-30.3,-17.3,-24.3
61.50,-10.7,-12.2,-30.5,-17.7,-23.9
61.51,-10.4,-12.0,-30.6,-17.4,-23.8
61.52,-10.5,-11.7,-30.9,-17.5,-23.8
61.53,-10.0,-11.5,-31.0,-17.4,-23.6
61.54,-10.3,-11.6,-31.2,-17.3,-23.6
61.55,-10.1,-11.5,-31.6,-17.3,-23.7
61.56,-10.0,-11.5,-31.5,-17.4,-23.6
61.57,-10.1,-11.6,-31.5,-17.3,-23.9
61.58,-10.4,-12.0,-31.3,-17.6,-24.0
61.59,-10.2,-11.9,-31.6,-17.4,-24.4
61.60,-10.4,-12.2,-31.4,-17.5,-24.3
61.61,-10.6,-12.3,-31.9,-17.5,-23.8
61.62,-10.5,-12.5,-31.9,-17.2,-23.4
61.63,-10.7,-12.6,-31.9,-17.5,-23.2
61.64,-11.0,-12.9,-31.8,-17.3,-22.6
61.65,-10.9,-13.2,-31.8,-17.4,-22.9
61.66,-11.3,-13.5,-31.6,-17.4,-22.7
61.67,-11.5,-13.9,-31.6,-17.4,-22.8
61.68,-11.7,-14.1,-31.7,-17.3,-22.9
61.69,-11.6,-14.1,-31.8,-17.5,-23.1
61.70,-11.7,-14.2,-32.2,-17.3,-23.0
61.71,-11.7,-14.2,-32.2,-17.7,-23.2
61.72,-11.5,-14.2,-32.6,-17.4,-22.8
61.73,-11.5,-14.0,-33.2,-17.5,-22.4
61.74,-11.5,-14.0,-33.7,-17.3,-22.5
61.75,-11.3,-13.9,-34.1,-17.2,-22.6
61.76,-11.6,-13.9,-34.5,-17.4,-22.8
61.77,-11.6,-13.8,-34.4,-17.4,-23.1
61.78,-11.4,-13.8,-34.5,-17.4,-23.8
61.79,-11.5,-13.6,-34.3,-17.6,-24.0
61.80,-11.4,-13.7,-34.7,-17.4,-24.0
61.81,-11.5,-13.8,-34.5,-17.4,-23.9
61.82,-11.6,-14.0,-34.4,-17.5,-23.7
61.83,-11.7,-14.2,-34.9,-17.3,-23.9
61.84,-12.0,-14.4,-34.9,-17.7,-24.1
61.85,-11.5,-14.3,-34.5,-17.3,-24.2
61.86,-11.9,-14.0,-34.7,-17.5,-24.5
61.87,-11.2,-13.5,-34.5,-17.4,-24.7
61.88,-11.0,-13.1,-34.5,-17.4,-24.3
61.89,-10.8,-12.7,-34.9,-17.4,-24.3
61.90,-10.6,-12.4,-34.9,-17.5,-24.3
61.91,-10.4,-12.3,-35.0,-17.4,-24.0
61.92,-10.6,-12.2,-35.5,-17.7,-24.0
61.93,-10.6,-12.2,-35.6,-17.5,-24.1
61.94,-10.5,-12.2,-35.7,-17.5,-24.4
61.95,-10.9,-12.3,-35.9,-17.6,-24.5
61.96,-10.7,-12.3,-36.1,-17.4,-24.1
61.97,-10.9,-12.4,-35.8,-17.6,-24.0
61.98,-10.9,-12.6,-35.9,-17.4,-23.8
61.99,-11.1,-12.7,-35.5,-17.5,-23.5
62.00,-11.0,-12.8,-35.3,-17.5,-23.3
62.01,-11.0,-12.9,-35.2,-17.5,-23.3
62.02,-11.2,-12.9,-35.0,-17.4,-23.5
62.03,-11.1,-12.9,-35.3,-17.6,-23.7
62.04,-11.3,-12.9,-35.5,-17.4,-24.1
62.05,-11.5,-13.0,-35.5,-17.8,-24.5
62.06,-11.3,-12.8,-35.8,-17.5,-23.9
62.07,-11.2,-12.8,-35.2,-17.5,-24.1
62.08,-11.4,-12.8,-34.7,-17.4,-23.6
62.09,-11.3,-12.9,-34.7,-17.3,-23.8
62.10,-11.3,-12.9,-34.4,-17.4,-23.7
62.11,-11.6,-13.1,-34.2,-17.4,-23.7
62.12,-11.7,-13.3,-34.5,-17.4,-23.6
62.13,-11.9,-13.5,-34.6,-17.5,-23.4
62.14,-12.0,-13.7,-35.0,-17.4,-23.2
62.15,-12.1,-13.7,-35.4,-17.4,-23.2
62.16,-12.0,-13.8,-35.7,-17.5,-23.5
62.17,-12.1,-13.7,-36.1,-17.2,-23.7
62.18,-12.3,-13.8,-36.4,-17.6,-24.0
62.19,-12.0,-13.6,-36.8,-17.3,-24.0
62.20,-12.2,-13.7,-36.9,-17.5,-23.8
62.21,-12.3,-13.7,-37.0,-17.4,-23.4
62.22,-12.3,-13.9,-37.0,-17.4,-22.6
62.23,-12.3,-14.1,-37.1,-17.4,-22.3
62.24,-12.7,-14.3,-36.8,-17.5,-22.0
62.25,-12.4,-14.4,-36.6,-17.4,-21.9
62.26,-12.6,-14.4,-37.0,-17.7,-22.3
62.27,-12.7,-14.5,-37.3,-17.5,-22.6
62.28,-12.6,-14.4,-37.0,-17.5,-23.0
62.29,-12.6,-14.4,-37.3,-17.6,-22.9
62.30,-12.7,-14.3,-37.2,-17.4,-23.1
62.31,-12.9,-14.4,-37.0,-17.7,-22.9
62.32,-12.5,-14.0,-37.1,-17.4,-22.7
62.33,-12.3,-13.8,-36.9,-17.6,-22.7
62.34,-12.3,-13.7,-36.9,-17.6,-22.7
62.35,-12.5,-13.8,-37.4,-17.6,-22.9
62.36,-12.3,-13.9,-37.7,-17.5,-22.6
62.37,-12.5,-14.3,-37.8,-17.8,-22.7
62.38,-12.6,-14.5,-38.3,-17.5,-22.5
62.39,-12.6,-14.5,-38.5,-17.9,-22.6
62.40,-12.9,-14.6,-38.1,-17.6,-22.7
62.41,-12.5,-14.5,-38.1,-17.7,-22.6
62.42,-12.9,-14.6,-37.9,-17.6,-22.8
62.43,-13.1,-15.2,-37.6,-17.6,-23.2
62.44,-13.7,-16.5,-38.0,-17.7,-22.9
62.45,-14.8,-18.2,-38.5,-17.7,-23.1
62.46,-15.7,-21.1,-38.5,-17.7,-22.7
62.47,-16.7,-27.0,-39.1,-17.9,-22.4
62.48,-17.0,-36.4,-39.4,-17.9,-22.1
62.49,-17.1,-36.8,-39.5,-17.8,-22.0
62.50,-17.1,-36.1,-39.1,-18.0,-22.2
62.51,-17.0,-36.2,-39.4,-17.7,-22.8
62.52,-17.3,-35.5,-38.7,-18.1,-23.1
62.53,-16.9,-34.8,-38.7,-17.8,-23.4
62.54,-17.1,-33.7,-38.5,-18.0,-23.8
62.55,-16.8,-32.9,-38.6,-17.9,-23.3
62.56,-16.5,-32.1,-38.5,-17.9,-22.7
62.57,-16.2,-30.9,-38.8,-17.8,-22.2
62.58,-16.1,-30.0,-38.9,-18.0,-21.8
62.59,-15.9,-28.8,-39.1,-17.9,-21.9
62.60,-16.2,-27.7,-39.3,-18.2,-22.0
62.61,-16.0,-27.3,-39.4,-18.0,-22.7
62.62,-16.1,-26.9,-40.0,-18.0,-22.5
62.63,-16.0,-26.9,-40.6,-18.0,-22.4
62.64,-15.6,-27.2,-41.2,-17.9,-21.8
62.65,-15.7,-27.9,-41.2,-18.1,-21.6
62.66,-15.6,-28.6,-41.2,-17.9,-21.6
62.67,-15.8,-29.8,-40.8,-18.1,-21.6
62.68,-16.0,-31.3,-40.8,-18.1,-22.2
62.69,-16.1,-32.8,-40.4,-18.1,-22.5
62.70,-16.2,-34.2,-40.5,-18.0,-23.0
62.71,-16.3,-36.0,-40.7,-18.2,-23.2
62.72,-16.1,-37.8,-40.7,-18.0,-23.5
62.73,-16.4,-40.2,-40.7,-18.4,-23.3
62.74,-16.2,-43.1,-41.5,-18.2,-23.3
62.75,-16.4,-45.7,-41.7,-18.3,-23.2
62.76,-16.2,-45.9,-41.6,-18.2,-22.8
62.77,-16.1,-43.5,-41.9,-18.1,-22.6
62.78,-16.0,-34.2,-42.1,-18.2,-22.8
62.79,-15.6,-26.2,-42.5,-18.2,-23.0
62.80,-14.9,-21.7,-44.0,-18.3,-23.4
62.81,-14.7,-20.3,-45.6,-18.5,-23.6
62.82,-13.3,-16.8,-46.6,-18.4,-23.9
62.83,-11.9,-13.8,-47.9,-18.3,-23.8
62.84,-10.7,-12.2,-47.2,-18.5,-23.4
62.85,-10.1,-11.2,-46.1,-18.2,-23.3
62.86,-9.6,-10.6,-45.5,-18.5,-23.3
62.87,-9.6,-10.6,-44.8,-18.3,-23.3
62.88,-9.9,-11.0,-44.1,-18.5,-23.4
62.89,-10.2,-11.5,-43.9,-18.3,-23.9
62.90,-10.5,-11.7,-43.1,-18.3,-23.8
62.91,-10.5,-11.8,-42.6,-18.3,-23.8
62.92,-10.7,-11.9,-42.1,-18.4,-23.4
62.93,-10.7,-12.0,-41.6,-18.3,-22.8
62.94,-10.7,-12.0,-41.7,-18.7,-22.6
62.95,-10.7,-12.0,-41.0,-18.7,-22.3
62.96,-10.7,-12.0,-41.3,-18.9,-22.1
62.97,-10.6,-12.0,-41.5,-19.2,-22.1
62.98,-10.7,-12.0,-41.5,-19.3,-22.5
62.99,-10.8,-12.0,-41.6,-19.8,-23.0
63.00,-10.8,-11.9,-42.0,-20.1,-23.1
63.01,-10.9,-11.9,-42.0,-20.4,-23.5
63.02,-10.9,-11.9,-41.5,-21.1,-23.3
63.03,-11.2,-12.1,-41.5,-21.2,-23.0
63.04,-11.9,-12.6,-41.3,-22.4,-23.0
63.05,-12.5,-13.3,-41.0,-22.1,-23.3
63.06,-12.9,-13.9,-40.9,-22.2,-23.2
63.07,-13.4,-14.5,-40.6,-22.0,-23.5
63.08,-13.3,-14.4,-40.4,-22.0,-23.7
63.09,-12.9,-14.3,-40.5,-22.2,-24.0
63.10,-12.8,-14.2,-41.1,-21.7,-24.2
63.11,-12.4,-13.5,-41.2,-22.7,-24.6
63.12,-11.6,-12.6,-38.6,-22.0,-25.1
63.13,-9.8,-12.7,-14.9,-22.6,-25.0
63.14,-8.8,-12.8,-12.5,-22.7,-25.1
63.15,-8.6,-13.1,-11.7,-21.1,-25.1
63.16,-8.5,-14.1,-11.3,-21.2,-25.1
63.17,-8.6,-15.2,-11.1,-19.2,-25.5
63.18,-10.1,-15.1,-14.0,-19.4,-25.7
63.19,-10.0,-15.0,-16.1,-17.8,-25.0
63.20,-10.2,-14.9,-17.2,-17.9,-24.9
63.21,-10.7,-14.7,-18.7,-17.4,-24.5
63.22,-10.4,-14.4,-19.8,-17.4,-23.2
63.23,-10.8,-14.5,-21.2,-17.4,-22.5
63.24,-10.9,-14.6,-22.5,-17.4,-22.1
63.25,-11.0,-14.6,-23.6,-17.4,-21.6
63.26,-10.9,-14.7,-24.2,-17.2,-21.3
63.27,-10.8,-14.5,-24.9,-17.3,-21.7
63.28,-10.7,-14.0,-25.6,-17.1,-22.0
63.29,-9.3,-13.6,-15.4,-17.4,-22.0
63.30,-7.8,-13.4,-11.1,-17.5,-22.3
63.31,-7.4,-13.5,-10.4,-17.6,-22.7
63.32,-7.4,-13.8,-10.2,-17.4,-22.5
63.33,-7.7,-14.7,-10.2,-17.5,-22.9
63.34,-9.3,-16.1,-12.3,-17.5,-22.9
63.35,-12.1,-17.4,-17.1,-17.5,-22.8
63.36,-12.3,-19.1,-17.5,-17.5,-22.9
63.37,-12.9,-22.0,-18.0,-17.3,-22.9
63.38,-13.0,-22.4,-17.8,-17.6,-22.6
63.39,-13.7,-22.8,-20.6,-17.4,-22.1
63.40,-13.8,-23.8,-20.5,-17.7,-21.8
63.41,-13.9,-23.4,-22.8,-17.7,-21.9
63.42,-13.4,-22.7,-20.7,-17.8,-22.6
63.43,-13.6,-22.8,-20.5,-17.8,-23.2
63.44,-12.9,-20.5,-19.5,-17.7,-24.2
63.45,-10.6,-18.9,-13.6,-17.7,-24.8
63.46,-9.8,-17.1,-12.6,-17.8,-24.9
63.47,-9.1,-15.7,-12.3,-17.8,-25.0
63.48,-8.6,-14.6,-12.1,-17.7,-24.6
63.49,-9.1,-14.1,-13.0,-17.8,-24.4
63.50,-9.8,-13.9,-15.7,-17.9,-23.9
63.51,-9.9,-13.9,-17.3,-17.8,-23.6
63.52,-10.2,-14.1,-18.0,-17.9,-22.5
63.53,-10.3,-14.4,-18.4,-17.7,-22.3
63.54,-10.2,-14.5,-18.8,-17.8,-21.6
63.55,-10.2,-14.7,-19.2,-17.7,-21.4
63.56,-10.5,-14.6,-20.0,-17.8,-20.8
63.57,-10.4,-14.7,-20.8,-17.8,-20.7
63.58,-10.5,-14.4,-21.4,-17.8,-20.2
63.59,-10.5,-14.6,-21.9,-17.9,-20.3
63.60,-10.3,-14.6,-19.6,-17.7,-20.7
63.61,-10.0,-14.8,-15.8,-17.9,-21.5
63.62,-9.1,-14.8,-13.7,-18.0,-22.1
63.63,-9.2,-14.9,-13.0,-18.3,-23.5
63.64,-8.8,-15.0,-12.1,-18.2,-23.9
63.65,-9.2,-15.3,-12.3,-18.9,-24.8
63.66,-9.4,-15.6,-12.8,-19.1,-24.6
63.67,-10.5,-16.5,-13.2,-19.5,-24.8
63.68,-10.9,-17.5,-13.0,-19.8,-25.4
63.69,-10.5,-18.7,-11.4,-19.6,-25.4
63.70,-11.3,-19.9,-11.0,-19.6,-26.4
63.71,-11.5,-20.9,-10.7,-18.8,-26.7
63.72,-11.6,-21.0,-10.7,-19.2,-26.9
63.73,-13.0,-20.3,-12.2,-18.5,-26.7
63.74,-12.5,-19.9,-13.1,-18.9,-25.8
63.75,-11.9,-19.4,-13.4,-18.6,-25.0
63.76,-10.2,-18.2,-13.3,-18.7,-23.9
63.77,-8.6,-16.7,-11.9,-18.8,-23.1
63.78,-8.2,-15.2,-11.5,-18.6,-22.8
63.79,-8.2,-14.1,-11.7,-18.6,-22.5
63.80,-8.6,-13.4,-12.4,-18.4,-22.4
63.81,-9.3,-13.1,-14.3,-18.4,-22.3
63.82,-10.3,-13.2,-16.4,-18.5,-21.7
63.83,-10.1,-13.3,-15.5,-18.4,-21.4
63.84,-10.2,-13.6,-15.2,-18.7,-21.3
63.85,-10.3,-13.8,-13.5,-19.0,-20.9
63.86,-10.3,-14.0,-13.1,-18.5,-21.0
63.87,-10.2,-14.3,-12.8,-19.3,-20.8
63.88,-10.1,-14.8,-13.5,-18.8,-20.9
63.89,-10.4,-15.3,-14.4,-18.9,-21.2
63.90,-10.7,-15.5,-15.8,-19.0,-21.8
63.91,-10.9,-15.9,-17.0,-18.8,-22.6
63.92,-10.8,-16.3,-14.3,-18.8,-23.8
63.93,-10.7,-16.3,-13.7,-19.1,-24.5
63.94,-9.9,-16.3,-13.2,-18.6,-25.4
63.95,-9.8,-16.6,-12.7,-19.4,-26.1
63.96,-9.9,-16.7,-12.6,-19.1,-26.3
63.97,-11.1,-16.6,-14.7,-19.5,-26.4
63.98,-12.0,-16.8,-16.3,-19.0,-25.5
63.99,-12.5,-16.8,-17.8,-19.1,-25.0
64.00,-12.8,-16.5,-19.1,-18.9,-24.7
64.01,-12.9,-16.5,-19.1,-18.6,-24.4
64.02,-12.7,-16.9,-17.7,-18.6,-23.9
64.03,-11.9,-17.4,-17.2,-18.2,-23.5
64.04,-11.5,-18.1,-16.9,-18.3,-23.7
64.05,-11.7,-19.7,-16.7,-18.0,-24.0
64.06,-12.2,-21.8,-17.2,-18.2,-24.1
64.07,-13.1,-22.7,-18.4,-18.2,-24.1
64.08,-11.9,-24.7,-14.1,-18.4,-24.0
64.09,-11.3,-25.9,-13.1,-18.1,-23.7
64.10,-10.6,-21.1,-12.5,-18.6,-23.8
64.11,-9.9,-17.8,-12.2,-18.6,-24.3
64.12,-9.9,-16.2,-12.7,-18.7,-24.7
64.13,-10.3,-15.2,-14.6,-18.5,-24.8
64.14,-10.2,-14.7,-15.5,-18.3,-24.4
64.15,-10.5,-15.0,-16.5,-18.3,-23.9
64.16,-11.1,-15.7,-17.4,-18.4,-23.6
64.17,-11.5,-16.1,-18.5,-18.3,-23.4
64.18,-12.3,-16.5,-19.6,-18.3,-23.3
64.19,-12.7,-16.6,-21.1,-18.0,-23.0
64.20,-13.2,-16.9,-22.4,-18.0,-23.0
64.21,-12.7,-16.9,-22.5,-17.5,-22.9
64.22,-12.4,-17.2,-22.4,-17.5,-22.8
64.23,-12.2,-17.2,-22.8,-17.3,-22.8
64.24,-12.2,-17.5,-23.4,-17.2,-22.7
64.25,-12.1,-17.6,-24.0,-17.0,-22.6
64.26,-12.5,-17.8,-25.8,-17.0,-22.6
64.27,-12.8,-17.9,-27.3,-17.0,-22.4
64.28,-13.2,-17.9,-27.9,-17.0,-22.5
64.29,-13.3,-17.9,-27.4,-17.0,-23.4
64.30,-13.1,-18.0,-26.4,-17.0,-23.6
64.31,-12.9,-18.3,-24.7,-17.1,-23.9
64.32,-12.8,-18.8,-23.4,-17.1,-24.3
64.33,-12.6,-19.8,-23.5,-17.2,-24.0
64.34,-12.5,-20.6,-23.8,-16.9,-23.5
64.35,-12.9,-22.1,-25.0,-16.9,-23.2
64.36,-13.3,-23.6,-27.5,-16.9,-23.0
64.37,-14.0,-25.4,-31.0,-16.8,-23.2
64.38,-14.7,-27.6,-32.4,-16.9,-23.7
64.39,-14.9,-30.3,-32.9,-16.9,-24.1
64.40,-15.6,-33.5,-33.4,-17.1,-25.6
64.41,-16.1,-36.4,-34.2,-17.3,-27.2
64.42,-17.4,-37.5,-35.0,-18.8,-29.0
64.43,-18.1,-37.9,-36.1,-19.4,-31.9
64.44,-22.0,-38.1,-38.0,-23.1,-36.9
64.45,-24.5,-38.4,-40.3,-25.3,-41.7
64.46,-29.0,-38.7,-43.2,-29.7,-45.6
64.47,-32.7,-37.8,-46.4,-34.8,-49.8
64.48,-35.6,-38.1,-50.8,-39.9,-53.6
64.49,-37.0,-38.2,-53.1,-47.5,-55.1
64.50,-37.5,-38.6,-56.3,-49.7,-56.0
64.51,-38.7,-39.8,-57.0,-60.5,-56.1
64.52,-39.5,-40.9,-56.4,-64.9,-55.9
64.53,-40.0,-41.7,-55.1,-72.9,-54.8
64.54,-39.3,-40.9,-54.5,-73.6,-54.3
64.55,-38.8,-40.3,-54.2,-73.8,-53.7
64.56,-38.4,-39.8,-54.5,-73.8,-53.4
64.57,-38.5,-39.9,-55.0,-73.6,-53.2
64.58,-38.7,-40.1,-56.6,-73.8,-53.2
64.59,-38.9,-40.5,-57.3,-73.9,-52.8
64.60,-39.7,-41.6,-58.5,-73.8,-52.1
64.61,-39.7,-41.8,-58.6,-74.1,-51.2
64.62,-39.4,-41.6,-58.9,-73.9,-50.5
64.63,-38.9,-40.9,-59.7,-73.9,-49.6
64.64,-38.1,-39.7,-60.5,-73.9,-49.1
64.65,-36.1,-37.4,-61.2,-73.8,-48.2
64.66,-35.3,-36.4,-62.0,-73.8,-47.4
64.67,-35.0,-36.2,-63.0,-73.8,-46.5
64.68,-34.8,-36.0,-63.5,-74.0,-45.7
64.69,-35.0,-36.4,-64.0,-73.8,-44.5
64.70,-35.1,-36.9,-64.4,-74.0,-43.6
64.71,-34.8,-36.5,-65.1,-74.1,-42.9
64.72,-34.3,-36.2,-65.4,-74.0,-42.0
64.73,-34.0,-35.9,-66.2,-73.6,-41.4
64.74,-33.6,-35.5,-65.8,-73.5,-40.9
64.75,-34.3,-36.6,-65.1,-73.6,-40.6
64.76,-34.7,-37.3,-65.0,-73.6,-40.5
64.77,-34.9,-37.7,-64.5,-73.5,-40.3
64.78,-35.3,-38.8,-64.6,-73.8,-39.8
64.79,-35.2,-39.2,-65.4,-73.9,-39.0
64.80,-34.5,-38.1,-65.9,-73.8,-38.7
64.81,-33.8,-38.2,-66.0,-73.9,-37.5
64.82,-33.5,-38.6,-66.5,-73.9,-36.8
64.83,-33.0,-37.9,-66.3,-73.8,-36.4
64.84,-32.8,-37.6,-66.3,-74.2,-36.2
64.85,-32.6,-38.0,-65.7,-74.0,-35.6
64.86,-32.8,-38.4,-65.7,-74.1,-35.5
64.87,-32.0,-37.6,-64.8,-73.6,-34.8
64.88,-31.5,-37.1,-64.3,-73.0,-34.3
64.89,-30.5,-35.4,-64.2,-72.6,-33.7
64.90,-29.7,-34.5,-64.8,-72.4,-32.9
64.91,-29.3,-34.0,-64.5,-72.3,-32.6
64.92,-28.6,-33.5,-65.2,-72.1,-31.8
64.93,-27.6,-31.9,-65.5,-71.8,-31.3
64.94,-26.6,-30.6,-65.1,-71.6,-30.8
64.95,-26.1,-30.0,-65.2,-71.6,-30.5
64.96,-25.7,-29.5,-65.6,-71.9,-30.4
64.97,-25.7,-29.7,-65.2,-71.9,-30.4
64.98,-26.0,-30.8,-64.8,-72.0,-30.4
64.99,-26.3,-31.9,-64.5,-71.8,-30.5
65.00,-25.9,-32.2,-64.3,-71.7,-30.1
65.01,-25.6,-31.4,-64.1,-71.6,-30.2
65.02,-25.4,-31.2,-64.0,-71.5,-30.1
65.03,-25.2,-30.9,-64.0,-71.5,-30.0
65.04,-24.7,-29.6,-64.3,-71.4,-29.9
65.05,-24.1,-28.3,-64.0,-71.3,-30.0
65.06,-23.8,-28.0,-63.5,-71.1,-29.8
65.07,-23.7,-27.7,-63.0,-71.1,-29.8
65.08,-23.6,-27.4,-62.6,-70.9,-30.0
65.09,-23.8,-27.9,-62.3,-71.1,-30.0
65.10,-24.0,-28.5,-62.2,-71.1,-29.9
65.11,-24.4,-29.0,-62.5,-71.3,-30.2
65.12,-24.4,-29.1,-62.5,-71.3,-30.2
65.13,-24.7,-29.7,-62.6,-71.5,-30.3
65.14,-24.6,-29.8,-62.6,-71.4,-30.0
65.15,-24.4,-29.3,-61.8,-71.4,-29.8
65.16,-23.9,-28.4,-61.4,-71.0,-29.4
65.17,-23.6,-27.7,-60.7,-70.6,-29.1
65.18,-23.5,-27.5,-60.5,-70.2,-28.9
65.19,-23.8,-27.9,-59.9,-70.1,-28.9
65.20,-23.8,-28.2,-59.4,-69.6,-28.6
65.21,-24.6,-29.8,-59.3,-69.8,-28.7
65.22,-25.4,-31.9,-59.0,-70.0,-28.6
65.23,-25.5,-32.3,-59.4,-70.2,-28.5
65.24,-25.8,-33.0,-60.3,-70.6,-28.5
65.25,-25.5,-33.3,-60.5,-71.9,-28.1
65.26,-25.3,-33.1,-61.8,-72.2,-27.9
65.27,-25.3,-33.3,-62.5,-73.1,-27.8
65.28,-25.5,-34.0,-62.6,-72.9,-27.8
65.29,-25.5,-33.9,-61.8,-72.5,-27.7
65.30,-25.5,-34.1,-61.2,-71.4,-27.7
65.31,-25.6,-33.9,-57.9,-71.1,-27.7
65.32,-25.2,-33.0,-52.5,-70.6,-27.8
65.33,-24.9,-32.1,-44.2,-69.7,-28.2
65.34,-15.4,-31.6,-15.7,-66.4,-28.7
65.35,-9.4,-28.1,-9.7,-66.0,-29.6
65.36,-8.2,-18.5,-8.9,-45.4,-30.2
65.37,-7.5,-15.8,-8.6,-36.3,-30.2
65.38,-7.1,-13.9,-8.5,-31.1,-29.6
65.39,-8.0,-12.4,-10.6,-28.7,-29.2
65.40,-9.0,-11.7,-14.4,-26.1,-28.5
65.41,-9.1,-11.7,-15.1,-23.4,-28.0
65.42,-8.4,-11.7,-13.6,-23.2,-27.7
65.43,-7.9,-12.1,-12.2,-23.0,-27.7
65.44,-7.8,-12.4,-12.0,-23.1,-27.7
65.45,-8.3,-12.8,-12.3,-26.3,-27.7
65.46,-8.7,-13.5,-12.1,-28.0,-27.6
65.47,-9.7,-14.4,-12.9,-31.3,-27.2
65.48,-9.8,-15.3,-12.4,-37.4,-26.6
65.49,-9.5,-15.6,-12.0,-31.7,-26.5
65.50,-9.7,-16.0,-12.2,-30.8,-26.2
65.51,-10.3,-16.0,-13.0,-26.9,-26.0
65.52,-11.4,-15.9,-14.6,-25.2,-26.0
65.53,-11.8,-15.1,-15.4,-25.0,-26.4
65.54,-11.5,-14.0,-15.3,-24.0,-26.6
65.55,-11.5,-14.3,-14.2,-22.3,-26.8
65.56,-11.7,-14.8,-14.3,-23.4,-26.8
65.57,-12.2,-15.7,-15.6,-22.3,-26.7
65.58,-13.2,-18.4,-16.4,-21.1,-26.2
65.59,-13.5,-23.1,-17.2,-21.7,-25.9
65.60,-12.1,-26.8,-16.4,-21.2,-25.4
65.61,-10.7,-27.3,-14.7,-20.9,-25.1
65.62,-10.8,-26.6,-14.3,-22.2,-25.1
65.63,-11.4,-26.6,-14.7,-23.7,-25.2
65.64,-12.2,-25.4,-15.7,-24.7,-25.3
65.65,-14.1,-21.0,-18.2,-30.1,-25.9
65.66,-12.7,-19.8,-15.5,-35.0,-25.9
65.67,-10.1,-19.2,-11.8,-33.8,-25.4
65.68,-9.4,-17.0,-11.5,-31.2,-24.2
65.69,-8.5,-14.1,-11.4,-23.0,-22.9
65.70,-7.7,-12.1,-11.4,-22.4,-21.9
65.71,-7.7,-10.3,-15.5,-19.5,-21.7
65.72,-7.6,-9.4,-20.0,-18.8,-21.7
65.73,-7.4,-9.4,-20.1,-18.6,-22.1
65.74,-7.9,-9.9,-20.2,-17.9,-22.6
65.75,-8.6,-10.8,-20.3,-17.9,-22.9
65.76,-10.2,-12.5,-22.1,-17.9,-22.6
65.77,-10.8,-13.7,-23.3,-17.2,-22.1
65.78,-11.4,-14.4,-23.6,-17.6,-22.1
65.79,-11.8,-15.7,-23.4,-17.3,-22.3
65.80,-11.7,-17.4,-22.4,-17.1,-21.7
65.81,-11.5,-17.8,-22.2,-17.7,-21.2
65.82,-11.5,-18.7,-22.1,-17.1,-20.7
65.83,-11.4,-19.2,-21.9,-17.6,-20.0
65.84,-11.9,-19.3,-22.9,-17.8,-19.3
65.85,-12.1,-18.6,-23.8,-17.4,-18.7
65.86,-12.5,-18.2,-24.5,-18.1,-18.0
65.87,-11.4,-17.8,-24.1,-17.4,-17.6
65.88,-11.4,-17.4,-23.6,-18.0,-17.5
65.89,-10.9,-17.1,-22.7,-17.6,-17.8
65.90,-10.4,-16.2,-22.5,-17.4,-18.3
65.91,-11.0,-15.9,-22.7,-18.1,-18.4
65.92,-10.3,-15.0,-23.1,-17.4,-18.6
65.93,-10.3,-14.6,-23.6,-17.9,-18.3
65.94,-10.3,-14.1,-23.8,-18.3,-18.2
65.95,-9.6,-14.2,-23.4,-17.9,-17.7
65.96,-9.9,-14.7,-23.2,-18.7,-16.9
65.97,-9.3,-15.1,-17.0,-18.5,-16.7
65.98,-9.1,-16.6,-13.1,-18.1,-16.5
65.99,-8.9,-16.6,-11.8,-18.1,-16.5
66.00,-9.5,-16.5,-11.7,-18.1,-16.8
66.01,-9.1,-15.7,-11.5,-18.1,-17.3
66.02,-10.1,-14.9,-13.7,-18.1,-17.9
66.03,-10.2,-14.2,-17.3,-18.2,-17.8
66.04,-9.4,-13.9,-18.3,-18.4,-17.4
66.05,-9.2,-14.0,-19.7,-18.2,-16.9
66.06,-9.5,-14.3,-20.3,-18.5,-16.1
66.07,-9.5,-14.4,-21.5,-18.8,-15.5
66.08,-9.3,-14.5,-22.2,-19.0,-15.2
66.09,-9.7,-14.6,-23.4,-19.0,-15.2
66.10,-9.8,-14.5,-24.3,-18.4,-15.7
66.11,-9.8,-14.4,-24.8,-18.9,-16.4
66.12,-10.3,-14.2,-25.9,-18.3,-17.1
66.13,-11.4,-14.2,-26.8,-19.2,-18.3
66.14,-11.1,-14.0,-27.2,-20.1,-18.8
66.15,-11.1,-13.9,-27.4,-18.6,-19.1
66.16,-11.7,-14.0,-27.8,-19.9,-19.6
66.17,-11.0,-14.2,-28.5,-18.8,-19.4
66.18,-11.1,-14.4,-28.5,-18.1,-19.1
66.19,-11.2,-14.6,-28.8,-18.8,-18.9
66.20,-10.9,-15.0,-28.8,-17.8,-18.8
66.21,-11.3,-15.2,-28.8,-17.9,-18.6
66.22,-11.8,-15.5,-28.9,-18.5,-18.5
66.23,-11.2,-15.4,-28.8,-17.8,-18.3
66.24,-10.8,-15.1,-28.9,-18.1,-17.8
66.25,-10.7,-14.7,-29.0,-18.2,-16.7
66.26,-10.1,-14.1,-29.0,-18.1,-16.0
66.27,-10.0,-14.5,-29.2,-18.5,-15.6
66.28,-10.1,-15.2,-29.2,-17.9,-15.2
66.29,-9.7,-15.6,-16.5,-17.8,-15.4
66.30,-9.3,-15.8,-12.0,-18.1,-16.6
66.31,-9.2,-15.4,-11.4,-18.0,-17.9
66.32,-9.1,-14.4,-11.2,-18.7,-18.9
66.33,-8.8,-13.7,-11.2,-18.1,-19.6
66.34,-9.4,-13.6,-13.4,-18.3,-20.0
66.35,-10.4,-14.0,-19.0,-19.1,-20.6
66.36,-11.1,-14.3,-20.4,-18.5,-20.9
66.37,-11.6,-14.4,-21.3,-19.2,-21.2
66.38,-11.6,-14.6,-20.9,-18.7,-21.0
66.39,-11.6,-14.7,-23.1,-18.5,-20.8
66.40,-11.6,-14.7,-23.8,-19.2,-20.4
66.41,-11.6,-15.0,-23.8,-18.5,-19.5
66.42,-11.7,-15.4,-24.0,-19.5,-19.0
66.43,-11.2,-15.4,-24.5,-19.1,-18.8
66.44,-11.3,-15.4,-25.2,-18.4,-19.0
66.45,-11.4,-15.2,-26.1,-19.7,-18.9
66.46,-11.1,-15.1,-27.4,-18.6,-18.5
66.47,-11.0,-15.1,-28.2,-18.2,-18.1
66.48,-11.5,-15.2,-29.0,-19.3,-17.8
66.49,-10.2,-15.2,-28.6,-17.4,-16.9
66.50,-10.3,-15.2,-28.5,-17.6,-17.4
66.51,-10.5,-14.8,-28.4,-18.2,-18.0
66.52,-10.0,-14.3,-28.2,-17.0,-17.9
66.53,-10.4,-15.0,-27.0,-17.8,-17.5
66.54,-10.6,-16.0,-27.0,-17.6,-17.4
66.55,-10.7,-17.5,-27.5,-17.2,-16.9
66.56,-11.6,-21.2,-27.8,-18.1,-16.8
66.57,-11.8,-27.0,-28.3,-17.4,-17.4
66.58,-12.5,-28.6,-31.0,-17.5,-18.4
66.59,-13.5,-23.2,-31.1,-18.4,-19.0
66.60,-10.9,-17.4,-19.2,-17.3,-19.2
66.61,-9.5,-14.9,-13.6,-18.0,-20.1
66.62,-8.6,-13.6,-10.3,-17.5,-21.2
66.63,-8.0,-12.6,-9.9,-17.4,-22.2
66.64,-8.1,-12.7,-9.7,-18.8,-22.8
66.65,-9.1,-13.3,-10.9,-17.5,-22.6
66.66,-10.1,-14.2,-13.8,-18.3,-22.0
66.67,-10.5,-14.6,-16.4,-18.2,-22.0
66.68,-10.7,-15.0,-17.5,-17.4,-22.3
66.69,-11.2,-14.7,-18.2,-18.9,-22.3
66.70,-10.8,-14.6,-18.8,-17.6,-22.0
66.71,-11.0,-14.3,-21.3,-17.8,-21.4
66.72,-11.3,-14.2,-22.4,-18.6,-21.3
66.73,-10.7,-14.1,-24.4,-17.4,-20.3
66.74,-10.7,-13.9,-24.3,-18.2,-20.6
66.75,-10.4,-13.8,-24.5,-17.7,-20.5
66.76,-10.4,-14.0,-25.0,-17.2,-19.8
66.77,-10.6,-13.8,-25.6,-18.1,-20.0
66.78,-10.5,-13.8,-26.6,-17.3,-20.0
66.79,-10.9,-14.1,-27.7,-17.4,-19.7
66.80,-11.1,-14.1,-29.7,-17.9,-19.6
66.81,-10.6,-14.2,-30.5,-16.9,-19.6
66.82,-10.7,-14.7,-31.0,-17.2,-19.7
66.83,-11.1,-15.8,-32.1,-17.3,-19.4
66.84,-11.6,-17.2,-32.9,-16.8,-19.5
66.85,-12.9,-19.3,-33.3,-17.7,-20.8
66.86,-13.9,-23.4,-33.3,-16.9,-21.1
66.87,-14.4,-30.6,-32.9,-17.1,-20.8
66.88,-14.4,-32.2,-32.2,-17.5,-20.7
66.89,-13.5,-33.3,-32.1,-16.5,-20.5
66.90,-13.4,-33.3,-31.8,-17.6,-19.8
66.91,-13.6,-32.5,-32.3,-17.1,-19.7
66.92,-12.4,-29.1,-20.6,-17.1,-19.3
66.93,-10.0,-22.2,-12.4,-19.1,-19.0
66.94,-9.2,-17.6,-11.6,-19.6,-19.3
66.95,-8.7,-14.8,-11.4,-20.9,-19.9
66.96,-8.6,-13.5,-11.4,-26.3,-20.8
66.97,-9.2,-12.8,-13.2,-26.7,-20.8
66.98,-10.5,-12.9,-19.2,-22.2,-20.6
66.99,-11.4,-13.8,-20.4,-22.0,-20.2
67.00,-12.3,-15.4,-20.9,-21.8,-20.2
67.01,-12.4,-16.5,-20.6,-20.0,-19.8
67.02,-12.4,-17.3,-22.3,-19.8,-19.6
67.03,-12.7,-17.8,-22.0,-21.7,-19.2
67.04,-12.0,-17.9,-23.8,-19.8,-18.8
67.05,-12.2,-18.0,-23.4,-20.2,-18.6
67.06,-12.4,-17.9,-23.5,-21.5,-18.4
67.07,-12.1,-18.2,-23.1,-20.1,-18.4
67.08,-12.2,-18.6,-23.9,-19.6,-18.5
67.09,-12.6,-18.2,-25.1,-21.0,-18.8
67.10,-12.3,-18.0,-26.2,-19.7,-18.5
67.11,-12.3,-17.1,-28.5,-19.6,-18.5
67.12,-12.0,-15.7,-31.0,-21.0,-18.6
67.13,-11.6,-14.5,-32.6,-20.6,-18.9
67.14,-11.5,-14.1,-33.7,-19.8,-19.5
67.15,-11.6,-13.6,-34.3,-21.3,-19.8
67.16,-11.5,-14.0,-34.7,-20.1,-19.6
67.17,-11.8,-14.8,-35.1,-19.3,-19.4
67.18,-12.4,-15.3,-35.6,-20.3,-19.2
67.19,-12.0,-15.0,-36.0,-20.1,-19.0
67.20,-11.5,-14.9,-36.4,-19.1,-18.8
67.21,-11.9,-14.6,-36.0,-20.1,-18.9
67.22,-11.7,-14.3,-35.0,-20.2,-19.6
67.23,-11.4,-14.3,-24.8,-19.2,-19.7
67.24,-10.1,-15.3,-13.7,-19.6,-20.5
67.25,-8.5,-15.6,-10.5,-20.5,-21.1
67.26,-7.9,-15.6,-10.1,-19.5,-21.0
67.27,-7.7,-15.5,-9.9,-20.0,-20.6
67.28,-8.3,-15.1,-10.7,-21.2,-20.7
67.29,-9.3,-14.5,-13.7,-20.2,-20.9
67.30,-11.0,-14.5,-16.8,-21.2,-20.6
67.31,-11.2,-14.4,-17.2,-21.3,-20.3
67.32,-11.2,-14.4,-17.6,-20.9,-19.6
67.33,-10.9,-14.4,-18.0,-20.7,-19.2
67.34,-11.3,-14.4,-20.2,-21.5,-18.9
67.35,-11.1,-14.3,-21.2,-21.1,-19.2
67.36,-11.2,-14.6,-21.9,-20.7,-19.1
67.37,-11.6,-15.3,-21.4,-21.5,-19.4
67.38,-12.5,-16.8,-21.6,-22.1,-20.0
67.39,-13.1,-18.5,-21.9,-20.5,-20.4
67.40,-13.8,-19.9,-22.2,-21.2,-20.4
67.41,-12.9,-17.8,-23.9,-21.4,-19.7
67.42,-11.9,-15.7,-26.3,-20.2,-19.5
67.43,-10.9,-14.5,-28.2,-20.7,-18.6
67.44,-10.3,-13.4,-30.0,-20.9,-17.9
67.45,-9.7,-12.6,-31.3,-19.9,-17.7
67.46,-10.0,-13.0,-31.8,-19.9,-18.0
67.47,-10.4,-13.1,-32.6,-21.0,-17.8
67.48,-10.6,-13.7,-33.5,-20.2,-18.6
67.49,-11.4,-15.0,-34.4,-20.4,-18.8
67.50,-12.8,-17.1,-34.9,-21.3,-19.6
67.51,-14.2,-19.5,-35.4,-21.5,-20.1
67.52,-14.1,-23.4,-34.8,-20.0,-19.8
67.53,-15.3,-27.3,-34.4,-21.3,-19.7
67.54,-15.6,-30.9,-34.2,-21.3,-19.4
67.55,-13.8,-29.8,-25.5,-19.9,-19.0
67.56,-9.8,-22.3,-11.9,-20.8,-19.6
67.57,-8.6,-17.2,-11.1,-20.3,-20.0
67.58,-7.9,-14.3,-11.0,-19.8,-20.0
67.59,-7.6,-13.0,-11.0,-20.5,-20.3
67.60,-8.1,-12.1,-12.6,-20.9,-20.7
67.61,-9.4,-12.3,-18.6,-19.6,-20.8
67.62,-10.2,-12.6,-20.9,-20.9,-21.3
67.63,-10.8,-13.5,-22.0,-20.4,-21.1
67.64,-10.5,-13.8,-21.5,-19.0,-20.3
67.65,-11.1,-13.8,-22.5,-20.1,-20.2
67.66,-11.0,-13.7,-23.0,-20.7,-19.9
67.67,-10.1,-13.4,-23.9,-19.0,-19.1
67.68,-10.4,-13.3,-23.9,-20.0,-19.4
67.69,-10.6,-13.2,-24.4,-21.0,-19.4
67.70,-9.9,-13.2,-24.1,-19.2,-19.0
67.71,-10.0,-13.3,-24.7,-19.0,-19.0
67.72,-10.8,-13.3,-26.0,-20.7,-19.9
67.73,-10.7,-13.3,-26.9,-20.0,-19.4
67.74,-10.7,-13.3,-28.4,-19.1,-19.6
67.75,-11.1,-13.1,-30.2,-20.9,-19.7
67.76,-10.8,-13.0,-29.9,-20.0,-19.5
67.77,-10.7,-12.9,-29.1,-19.0,-19.8
67.78,-10.8,-13.0,-27.9,-20.4,-20.0
67.79,-10.9,-13.2,-27.7,-21.0,-19.7
67.80,-10.4,-13.3,-27.4,-19.1,-19.8
67.81,-11.1,-13.8,-28.0,-20.0,-19.6
67.82,-11.6,-14.5,-30.4,-20.5,-20.1
67.83,-11.6,-15.2,-31.5,-19.0,-20.2
67.84,-12.0,-16.0,-31.7,-19.1,-20.5
67.85,-13.2,-17.3,-32.6,-20.5,-20.8
67.86,-13.3,-18.5,-29.5,-19.7,-21.7
67.87,-10.3,-20.5,-13.1,-19.4,-21.5
67.88,-9.3,-23.8,-10.7,-20.6,-21.7
67.89,-8.7,-27.9,-10.2,-19.9,-21.1
67.90,-8.5,-32.4,-9.9,-19.6,-20.4
67.91,-9.2,-33.8,-10.4,-20.7,-19.9
67.92,-10.4,-34.2,-12.5,-19.9,-19.7
67.93,-12.8,-35.1,-16.9,-19.4,-19.1
67.94,-13.4,-35.7,-17.1,-20.2,-19.1
67.95,-13.2,-37.2,-17.8,-19.2,-19.2
67.96,-13.4,-38.3,-18.1,-19.1,-19.6
67.97,-15.2,-38.2,-19.8,-20.4,-19.8
67.98,-15.0,-37.4,-20.5,-20.0,-20.0
67.99,-14.0,-36.9,-21.1,-18.9,-20.0
68.00,-14.0,-37.1,-21.0,-20.3,-19.6
68.01,-13.6,-37.8,-21.2,-19.9,-19.5
68.02,-13.6,-37.1,-21.4,-18.5,-19.7
68.03,-14.7,-36.3,-21.8,-19.8,-19.9
68.04,-15.0,-29.4,-23.0,-19.9,-19.6
68.05,-14.0,-22.6,-24.2,-19.0,-19.9
68.06,-12.9,-18.1,-26.1,-19.5,-19.6
68.07,-11.8,-15.6,-28.5,-19.9,-19.6
68.08,-11.4,-14.5,-29.9,-19.2,-20.0
68.09,-11.0,-14.0,-31.1,-19.2,-20.1
68.10,-11.4,-14.3,-31.8,-19.6,-19.8
68.11,-11.6,-14.8,-31.4,-19.5,-19.9
68.12,-11.9,-15.3,-30.9,-19.2,-20.1
68.13,-12.1,-15.8,-30.7,-19.3,-19.9
68.14,-12.4,-15.7,-30.2,-18.8,-20.5
68.15,-13.0,-15.9,-30.1,-18.9,-21.4
68.16,-13.0,-16.0,-30.5,-19.5,-21.1
68.17,-12.5,-15.9,-30.8,-19.4,-20.7
68.18,-12.0,-16.0,-26.5,-19.4,-20.0
68.19,-9.3,-16.5,-12.7,-20.1,-19.3
68.20,-8.1,-16.4,-11.4,-19.4,-19.2
68.21,-7.9,-14.8,-11.2,-19.0,-19.4
68.22,-7.5,-13.7,-11.2,-19.4,-19.3
68.23,-7.6,-12.6,-12.0,-20.1,-19.7
68.24,-8.5,-11.8,-17.2,-19.0,-19.9
68.25,-9.2,-11.7,-21.1,-20.0,-19.5
68.26,-9.1,-11.6,-20.7,-20.1,-19.6
68.27,-9.0,-11.5,-20.5,-19.0,-19.9
68.28,-9.4,-11.6,-20.1,-20.2,-20.1
68.29,-9.9,-11.6,-21.6,-20.2,-20.3
68.30,-9.8,-11.3,-23.3,-19.4,-20.8
68.31,-10.2,-11.5,-22.5,-20.8,-21.2
68.32,-10.1,-11.6,-22.6,-19.5,-21.2
68.33,-10.0,-11.6,-22.3,-18.8,-21.7
68.34,-10.3,-11.9,-21.9,-20.1,-21.5
68.35,-10.1,-12.0,-21.6,-20.3,-21.2
68.36,-10.0,-12.4,-22.1,-18.4,-20.9
68.37,-10.2,-12.6,-22.4,-20.2,-21.0
68.38,-9.9,-12.6,-23.0,-19.4,-20.8
68.39,-9.5,-12.7,-23.8,-17.5,-20.6
68.40,-9.9,-12.6,-25.1,-18.4,-20.9
68.41,-10.0,-12.6,-26.9,-18.6,-21.1
68.42,-9.9,-12.6,-28.6,-17.2,-21.1
68.43,-10.3,-12.6,-29.7,-18.3,-21.2
68.44,-10.7,-12.7,-31.6,-18.6,-21.8
68.45,-10.6,-13.1,-32.2,-17.6,-21.6
68.46,-11.4,-14.0,-31.7,-18.5,-21.5
68.47,-12.0,-15.3,-31.4,-18.8,-21.6
68.48,-12.1,-16.9,-31.4,-17.8,-21.1
68.49,-13.7,-19.6,-31.2,-19.4,-21.0
68.50,-11.1,-21.3,-13.3,-19.0,-21.2
68.51,-9.4,-22.3,-10.5,-18.1,-21.3
68.52,-9.2,-20.7,-9.9,-20.4,-21.9
68.53,-8.8,-18.8,-9.6,-19.1,-22.5
68.54,-8.7,-17.5,-9.7,-18.5,-22.6
68.55,-9.7,-16.3,-11.5,-20.1,-22.1
68.56,-10.9,-15.3,-15.8,-19.5,-22.1
68.57,-11.1,-14.8,-17.4,-18.9,-21.8
68.58,-10.6,-14.6,-18.3,-18.8,-21.4
68.59,-10.6,-14.3,-18.6,-19.1,-21.3
68.60,-10.6,-14.4,-20.9,-18.4,-21.4
68.61,-10.8,-14.4,-21.2,-18.6,-21.5
68.62,-11.0,-14.5,-21.9,-18.9,-21.9
68.63,-10.7,-14.5,-21.0,-18.3,-22.3
68.64,-10.6,-14.3,-20.5,-18.4,-22.4
68.65,-10.6,-14.3,-20.6,-18.7,-22.4
68.66,-10.5,-14.1,-20.9,-17.7,-22.0
68.67,-10.6,-14.3,-21.5,-17.7,-21.8
68.68,-11.2,-14.3,-22.6,-18.1,-21.5
68.69,-11.2,-14.7,-23.9,-18.0,-21.5
68.70,-11.2,-14.6,-25.0,-18.0,-21.4
68.71,-10.9,-14.3,-26.2,-17.9,-21.6
68.72,-10.9,-13.6,-29.4,-18.5,-21.9
68.73,-10.4,-12.4,-30.8,-18.8,-22.0
68.74,-9.5,-11.7,-31.6,-17.7,-22.2
68.75,-9.7,-11.3,-31.0,-19.5,-22.4
68.76,-9.8,-11.5,-30.4,-18.4,-21.9
68.77,-9.7,-11.7,-30.3,-17.6,-21.9
68.78,-10.8,-12.9,-29.8,-19.5,-21.6
68.79,-10.8,-13.4,-30.2,-17.9,-21.4
68.80,-11.3,-14.1,-30.8,-17.8,-21.9
68.81,-12.1,-14.5,-29.8,-19.8,-22.4
68.82,-10.1,-14.8,-14.5,-19.2,-22.8
68.83,-8.9,-15.3,-11.5,-19.3,-23.2
68.84,-9.0,-15.0,-11.4,-21.9,-23.4
68.85,-8.4,-14.3,-11.2,-19.6,-23.1
68.86,-8.2,-13.5,-11.4,-19.3,-22.9
68.87,-9.8,-12.3,-17.1,-19.0,-23.0
68.88,-9.7,-11.8,-20.3,-18.3,-23.1
68.89,-9.5,-11.5,-20.1,-17.8,-23.1
68.90,-9.9,-11.9,-19.9,-18.2,-23.6
68.91,-9.7,-12.3,-19.6,-18.1,-23.8
68.92,-10.2,-12.7,-21.7,-17.6,-24.5
68.93,-10.3,-12.9,-23.0,-17.4,-24.4
68.94,-10.1,-12.5,-22.8,-17.7,-24.8
68.95,-9.6,-11.9,-22.7,-17.4,-25.0
68.96,-9.4,-11.7,-22.6,-17.4,-24.6
68.97,-9.4,-11.6,-22.4,-17.6,-24.4
68.98,-9.3,-11.4,-22.2,-18.2,-23.6
68.99,-9.8,-11.6,-23.1,-18.5,-23.0
69.00,-10.0,-11.8,-23.8,-19.1,-23.0
69.01,-10.4,-11.8,-24.8,-20.5,-23.1
69.02,-10.3,-11.6,-25.8,-20.0,-23.5
69.03,-10.4,-11.6,-27.3,-20.3,-24.4
69.04,-10.3,-11.4,-29.2,-20.9,-24.8
69.05,-10.3,-11.6,-30.5,-19.7,-24.5
69.06,-11.1,-12.4,-31.8,-20.2,-24.2
69.07,-11.8,-13.6,-31.5,-20.3,-23.6
69.08,-12.7,-15.6,-31.1,-19.2,-23.3
69.09,-13.7,-17.8,-30.6,-19.4,-22.7
69.10,-14.6,-20.8,-30.2,-19.5,-22.6
69.11,-14.9,-23.5,-30.3,-18.6,-22.8
69.12,-14.9,-23.7,-30.6,-18.8,-22.7
69.13,-12.1,-21.5,-14.6,-19.5,-23.2
69.14,-10.0,-19.3,-11.0,-19.0,-23.8
69.15,-9.0,-16.3,-10.2,-19.9,-24.5
69.16,-8.4,-14.5,-10.0,-19.1,-24.8
69.17,-8.0,-13.4,-9.9,-19.2,-25.1
69.18,-8.7,-12.7,-12.7,-19.4,-24.4
69.19,-9.1,-12.5,-15.8,-18.3,-24.1
69.20,-9.6,-12.9,-16.6,-18.5,-23.6
69.21,-9.7,-13.5,-17.3,-18.9,-22.9
69.22,-10.0,-13.9,-17.5,-18.5,-22.2
69.23,-11.1,-14.2,-20.2,-18.9,-21.9
69.24,-11.0,-14.2,-20.8,-18.4,-21.6
69.25,-11.1,-13.7,-22.9,-19.0,-21.8
69.26,-11.2,-13.5,-22.9,-18.6,-22.3
69.27,-11.0,-13.3,-23.3,-18.2,-22.6
69.28,-11.1,-13.4,-22.6,-19.0,-23.3
69.29,-10.7,-13.8,-22.2,-18.1,-22.7
69.30,-11.1,-13.9,-22.3,-18.7,-22.9
69.31,-10.9,-14.1,-22.6,-18.4,-23.2
69.32,-10.8,-13.8,-23.3,-18.5,-23.3
69.33,-10.6,-13.5,-25.1,-18.0,-22.9
69.34,-10.9,-13.2,-26.8,-18.7,-22.8
69.35,-10.8,-13.0,-28.4,-18.1,-22.6
69.36,-10.9,-12.9,-29.0,-18.3,-22.8
69.37,-10.9,-12.8,-30.2,-18.2,-22.9
69.38,-10.9,-12.9,-30.6,-18.4,-23.0
69.39,-11.3,-13.5,-30.4,-18.4,-22.8
69.40,-11.7,-14.2,-30.4,-18.7,-22.4
69.41,-12.2,-15.2,-29.3,-18.6,-22.3
69.42,-12.7,-17.2,-29.0,-18.5,-21.8
69.43,-13.5,-19.0,-28.9,-18.9,-21.7
69.44,-13.6,-20.3,-28.0,-18.9,-21.9
69.45,-11.4,-20.7,-16.1,-18.8,-21.6
69.46,-9.0,-18.7,-12.1,-18.5,-21.6
69.47,-8.7,-16.7,-11.7,-18.8,-21.5
69.48,-8.5,-15.6,-11.5,-19.0,-21.2
69.49,-8.2,-14.7,-11.6,-19.0,-20.6
69.50,-9.9,-14.6,-15.9,-18.3,-20.4
69.51,-11.3,-14.8,-20.3,-18.1,-19.8
69.52,-11.6,-15.4,-20.5,-18.1,-19.6
69.53,-11.5,-15.9,-20.4,-17.5,-19.3
69.54,-11.9,-16.7,-19.8,-18.0,-19.6
69.55,-12.3,-17.6,-21.5,-17.8,-19.7
69.56,-12.2,-18.1,-21.9,-17.9,-19.9
69.57,-12.2,-17.8,-21.9,-17.8,-20.2
69.58,-11.6,-17.7,-21.4,-17.6,-20.6
69.59,-11.7,-16.4,-21.4,-18.0,-20.9
69.60,-10.9,-15.4,-21.1,-17.6,-21.1
69.61,-10.8,-14.9,-21.3,-18.2,-21.1
69.62,-11.2,-14.8,-22.6,-18.5,-21.5
69.63,-11.5,-14.8,-23.6,-19.4,-21.5
69.64,-11.5,-14.9,-25.4,-18.8,-21.9
69.65,-12.3,-14.7,-27.2,-20.2,-22.1
69.66,-12.3,-14.8,-28.6,-19.9,-22.2
69.67,-12.5,-14.9,-30.5,-19.6,-22.1
69.68,-12.5,-15.1,-31.5,-19.3,-22.1
69.69,-12.8,-15.1,-31.9,-19.7,-22.2
69.70,-12.9,-15.7,-31.7,-19.3,-22.1
69.71,-13.0,-15.7,-31.6,-19.5,-21.5
69.72,-12.7,-15.2,-31.9,-19.6,-21.9
69.73,-12.3,-14.7,-31.7,-19.5,-22.0
69.74,-12.5,-14.6,-31.8,-19.8,-22.4
69.75,-11.9,-14.2,-32.0,-19.3,-22.2
69.76,-10.5,-14.0,-16.6,-19.7,-21.8
69.77,-9.1,-14.0,-11.5,-19.2,-21.9
69.78,-8.3,-13.9,-10.3,-19.4,-22.1
69.79,-8.3,-14.1,-10.1,-19.5,-22.8
69.80,-8.4,-15.1,-10.0,-19.4,-24.2
69.81,-9.8,-16.5,-12.0,-19.5,-23.8
69.82,-10.9,-18.4,-15.7,-19.3,-23.6
69.83,-12.3,-22.5,-17.8,-19.2,-23.2
69.84,-12.7,-23.7,-18.6,-18.9,-22.7
69.85,-13.2,-23.3,-19.0,-19.1,-22.3
69.86,-14.4,-23.1,-20.5,-18.9,-22.0
69.87,-14.2,-23.1,-21.3,-19.1,-21.5
69.88,-14.6,-22.8,-23.9,-18.8,-21.5
69.89,-14.5,-23.0,-23.1,-18.9,-21.2
69.90,-14.2,-23.0,-23.7,-18.5,-21.3
69.91,-13.8,-23.4,-23.0,-18.6,-21.1
69.92,-14.2,-23.8,-23.0,-18.8,-21.0
69.93,-14.3,-23.4,-22.8,-18.9,-20.8
69.94,-13.3,-21.2,-23.4,-18.9,-20.2
69.95,-13.2,-19.1,-24.5,-19.1,-19.8
69.96,-12.4,-17.3,-25.4,-19.0,-19.7
69.97,-11.9,-16.0,-26.6,-18.8,-19.8
69.98,-12.0,-15.1,-28.8,-18.8,-20.5
69.99,-11.8,-14.9,-30.4,-18.8,-20.8
70.00,-10.9,-14.8,-15.2,-18.9,-21.9
70.01,-9.6,-14.5,-12.8,-18.9,-21.7
70.02,-9.3,-14.7,-12.3,-18.6,-21.7
70.03,-9.2,-15.0,-12.0,-18.4,-21.8
70.04,-9.2,-15.1,-12.1,-18.1,-21.9
70.05,-10.4,-15.0,-15.3,-18.3,-22.1
70.06,-10.9,-14.8,-18.3,-18.3,-22.5
70.07,-11.1,-14.1,-20.3,-18.4,-23.0
70.08,-9.6,-13.8,-15.2,-18.4,-23.2
70.09,-8.6,-13.5,-12.0,-19.0,-23.5
70.10,-8.4,-13.1,-11.6,-19.3,-23.6
70.11,-8.3,-12.6,-11.5,-19.9,-23.9
70.12,-8.2,-12.0,-11.6,-20.3,-23.9
70.13,-9.2,-11.8,-14.5,-20.3,-24.0
70.14,-10.6,-12.2,-19.4,-19.6,-23.6
70.15,-10.7,-13.0,-19.7,-19.1,-23.3
70.16,-11.9,-15.0,-20.4,-18.8,-22.8
70.17,-12.1,-17.1,-20.0,-18.3,-22.5
70.18,-12.2,-17.8,-21.5,-18.5,-22.1
70.19,-11.6,-15.9,-21.9,-18.1,-22.0
70.20,-10.4,-13.7,-22.6,-18.1,-21.8
70.21,-9.9,-12.6,-22.4,-18.1,-21.9
70.22,-9.7,-12.2,-22.6,-17.9,-22.3
70.23,-9.5,-12.1,-22.4,-17.7,-22.5
70.24,-9.9,-12.3,-22.5,-18.2,-23.0
70.25,-10.2,-12.6,-23.4,-18.3,-23.0
70.26,-10.5,-12.7,-24.3,-19.7,-23.0
70.27,-10.9,-12.8,-26.3,-19.9,-23.0
70.28,-11.3,-13.1,-28.6,-20.1,-23.0
70.29,-11.8,-13.6,-30.2,-20.4,-22.8
70.30,-11.4,-13.4,-30.8,-19.3,-22.7
70.31,-11.2,-13.1,-31.1,-19.2,-22.5
70.32,-10.9,-12.8,-31.2,-19.0,-22.3
70.33,-10.9,-12.8,-30.6,-19.0,-21.8
70.34,-11.3,-13.5,-30.3,-18.8,-21.7
70.35,-12.1,-14.7,-29.8,-19.1,-21.6
70.36,-13.0,-16.9,-29.4,-19.0,-21.0
70.37,-13.8,-19.6,-29.4,-19.2,-20.9
70.38,-14.8,-24.2,-29.6,-19.1,-20.4
70.39,-13.9,-27.8,-18.9,-19.4,-20.1
70.40,-11.4,-30.5,-12.8,-19.5,-20.5
70.41,-9.1,-32.8,-10.3,-19.8,-20.5
70.42,-8.6,-33.9,-10.0,-19.5,-20.6
70.43,-8.4,-35.0,-9.8,-19.0,-21.3
70.44,-9.3,-35.8,-11.3,-19.3,-21.3
70.45,-10.0,-35.6,-14.1,-18.8,-21.2
70.46,-11.5,-35.8,-16.5,-18.8,-21.1
70.47,-11.7,-35.4,-17.6,-18.7,-21.1
70.48,-11.9,-35.4,-18.1,-18.6,-21.4
70.49,-12.2,-34.8,-18.6,-18.7,-21.1
70.50,-12.9,-34.8,-20.5,-18.7,-21.0
70.51,-13.5,-35.1,-21.3,-18.7,-21.2
70.52,-13.6,-35.1,-20.4,-18.7,-20.9
70.53,-13.8,-34.2,-20.4,-18.6,-20.9
70.54,-14.4,-31.5,-19.8,-18.8,-21.3
70.55,-13.7,-24.4,-19.6,-18.8,-21.1
70.56,-13.0,-20.5,-20.3,-19.1,-21.1
70.57,-13.1,-18.9,-21.6,-19.3,-21.3
70.58,-12.7,-18.2,-22.5,-19.6,-21.1
70.59,-11.2,-18.2,-24.1,-17.8,-20.0
70.60,-11.8,-19.0,-26.4,-17.9,-19.7
70.61,-11.9,-19.8,-28.0,-17.2,-19.5
70.62,-12.1,-21.0,-30.3,-17.0,-19.2
70.63,-12.3,-21.3,-31.6,-17.1,-19.0
70.64,-13.3,-21.7,-33.5,-17.4,-19.7
70.65,-13.5,-23.0,-33.5,-17.4,-19.7
70.66,-13.5,-24.3,-31.9,-17.3,-19.7
70.67,-13.8,-24.0,-31.5,-17.4,-20.2
70.68,-13.7,-22.3,-31.4,-17.4,-20.1
70.69,-13.5,-21.7,-32.0,-17.5,-19.6
70.70,-13.1,-22.1,-33.2,-17.2,-19.4
70.71,-11.5,-21.6,-18.4,-17.3,-19.6
70.72,-8.8,-20.5,-12.3,-17.5,-19.8
70.73,-8.4,-18.4,-11.4,-19.7,-20.2
70.74,-8.0,-16.8,-11.2,-19.8,-21.1
70.75,-8.1,-15.6,-11.2,-22.3,-22.6
70.76,-8.8,-14.3,-12.9,-20.9,-22.7
70.77,-10.2,-13.1,-18.4,-20.8,-22.7
70.78,-10.2,-12.8,-18.9,-19.0,-22.2
70.79,-10.1,-12.7,-19.5,-18.1,-21.9
70.80,-10.6,-13.0,-19.2,-19.0,-22.1
70.81,-10.6,-13.3,-20.8,-17.9,-22.0
70.82,-11.0,-13.6,-20.8,-18.1,-22.3
70.83,-10.9,-13.1,-22.8,-18.6,-22.5
70.84,-9.9,-12.3,-22.0,-17.7,-22.7
70.85,-9.4,-11.5,-21.6,-18.4,-22.9
70.86,-9.3,-11.1,-21.1,-18.0,-23.5
70.87,-9.1,-11.0,-20.7,-18.0,-23.6
70.88,-9.3,-11.1,-21.0,-18.9,-24.0
70.89,-9.5,-11.5,-21.8,-17.7,-24.2
70.90,-9.8,-11.9,-22.6,-17.9,-23.8
70.91,-9.8,-12.4,-23.4,-17.7,-22.5
70.92,-10.0,-12.8,-24.2,-17.0,-22.3
70.93,-10.3,-13.0,-24.2,-17.6,-22.3
70.94,-10.1,-13.1,-24.2,-16.8,-22.1
70.95,-10.1,-12.8,-24.0,-17.0,-22.8
70.96,-10.1,-12.6,-23.6,-17.7,-21.7
70.97,-9.7,-12.6,-23.9,-16.7,-21.3
70.98,-9.6,-12.1,-23.9,-17.4,-21.1
70.99,-9.6,-12.4,-24.2,-16.9,-21.0
71.00,-9.9,-13.0,-24.5,-16.9,-21.4
71.01,-10.9,-14.0,-24.5,-17.8,-22.0
71.02,-10.7,-15.5,-19.9,-16.8,-22.3
71.03,-10.2,-18.1,-13.4,-17.5,-22.8
71.04,-9.6,-18.8,-10.6,-17.6,-23.1
71.05,-8.7,-16.5,-10.2,-17.3,-23.2
71.06,-8.3,-13.9,-10.0,-18.4,-24.0
71.07,-8.5,-12.6,-11.2,-17.4,-23.7
71.08,-9.0,-12.1,-14.3,-17.8,-24.3
71.09,-9.2,-11.8,-16.9,-17.4,-24.1
71.10,-9.7,-12.6,-17.3,-17.2,-24.1
71.11,-10.5,-13.7,-17.9,-18.0,-23.7
71.12,-11.0,-14.5,-18.2,-17.3,-23.4
71.13,-11.6,-14.9,-20.4,-18.0,-22.8
71.14,-11.7,-15.0,-21.0,-18.2,-22.6
71.15,-11.2,-14.5,-21.3,-17.5,-22.5
71.16,-10.9,-13.8,-20.9,-18.4,-22.6
71.17,-10.3,-13.4,-20.8,-17.8,-22.6
71.18,-10.2,-13.0,-20.6,-17.8,-23.0
71.19,-10.3,-12.7,-20.6,-18.9,-22.9
71.20,-9.9,-12.6,-21.4,-17.6,-22.3
71.21,-9.8,-12.3,-21.8,-17.7,-21.5
71.22,-9.8,-12.0,-22.7,-18.6,-21.3
71.23,-9.4,-12.0,-23.9,-16.9,-20.9
71.24,-9.6,-12.0,-24.8,-17.4,-20.9
71.25,-10.3,-12.5,-25.7,-18.2,-21.1
71.26,-10.8,-13.7,-26.2,-17.2,-21.2
71.27,-11.9,-15.4,-26.1,-18.1,-21.0
71.28,-12.4,-17.7,-26.2,-17.4,-21.0
71.29,-13.5,-21.7,-26.2,-17.5,-21.3
71.30,-14.3,-25.3,-26.2,-18.4,-20.8
71.31,-14.0,-27.0,-26.3,-17.2,-21.0
71.32,-14.3,-26.0,-26.7,-18.0,-21.3
71.33,-13.7,-21.1,-27.3,-17.5,-20.9
71.34,-12.1,-16.5,-23.0,-17.6,-21.0
71.35,-9.4,-15.0,-11.7,-19.0,-21.2
71.36,-8.7,-13.9,-10.8,-18.2,-21.2
71.37,-8.3,-13.0,-10.7,-18.9,-21.0
71.38,-8.3,-12.6,-10.6,-19.1,-21.2
71.39,-8.9,-12.8,-12.0,-18.8,-21.2
71.40,-10.0,-12.7,-16.9,-19.2,-21.5
71.41,-10.1,-12.6,-18.7,-18.5,-21.8
71.42,-10.6,-13.0,-19.5,-18.9,-22.2
71.43,-10.8,-13.1,-19.5,-18.9,-22.2
71.44,-10.8,-12.8,-21.5,-18.3,-22.4
71.45,-10.8,-12.7,-21.8,-19.1,-22.6
71.46,-10.7,-12.3,-23.0,-18.6,-22.9
71.47,-10.4,-12.1,-22.1,-18.5,-23.2
71.48,-10.4,-12.3,-22.2,-19.3,-23.0
71.49,-10.2,-12.5,-21.5,-18.2,-22.9
71.50,-10.3,-12.5,-21.4,-18.7,-22.9
71.51,-10.3,-12.5,-21.9,-19.0,-22.6
71.52,-9.5,-11.8,-22.7,-17.1,-22.4
71.53,-9.5,-11.3,-24.0,-17.9,-22.6
71.54,-9.5,-11.4,-25.3,-17.5,-23.2
71.55,-9.5,-11.8,-26.5,-16.6,-22.9
71.56,-10.6,-13.0,-27.9,-17.6,-23.2
71.57,-11.5,-14.8,-28.4,-17.4,-23.3
71.58,-12.8,-17.6,-28.3,-17.7,-23.0
71.59,-14.7,-22.0,-28.3,-18.6,-22.5
71.60,-14.7,-27.5,-27.9,-17.6,-22.1
71.61,-14.9,-29.2,-27.8,-17.9,-21.7
71.62,-14.8,-30.2,-27.8,-17.9,-21.4
71.63,-14.4,-29.3,-27.6,-17.9,-21.3
71.64,-15.0,-28.8,-27.6,-18.1,-21.3
71.65,-14.0,-28.0,-26.0,-17.4,-21.1
71.66,-11.3,-23.7,-13.5,-17.8,-22.1
71.67,-9.4,-18.6,-10.9,-18.9,-22.2
71.68,-8.8,-16.0,-10.5,-18.5,-22.6
71.69,-8.2,-14.4,-10.2,-18.5,-23.6
71.70,-8.5,-13.2,-11.0,-18.2,-24.3
71.71,-8.8,-12.3,-13.3,-18.5,-24.3
71.72,-9.3,-11.9,-17.0,-17.9,-24.3
71.73,-9.3,-11.6,-17.4,-17.7,-24.1
71.74,-9.3,-11.4,-18.0,-17.9,-23.3
71.75,-9.5,-11.4,-18.5,-17.8,-23.1
71.76,-10.0,-11.7,-20.6,-17.7,-23.1
71.77,-10.2,-11.9,-21.5,-18.5,-22.9
71.78,-10.2,-12.1,-23.0,-17.5,-23.1
71.79,-10.3,-12.3,-22.8,-18.0,-22.8
71.80,-9.8,-12.5,-22.6,-17.9,-22.4
71.81,-9.9,-12.7,-22.3,-17.2,-22.4
71.82,-10.3,-13.1,-22.3,-18.3,-22.1
71.83,-9.9,-13.6,-22.9,-16.8,-21.3
71.84,-10.0,-13.6,-23.3,-16.4,-21.5
71.85,-10.6,-13.9,-24.8,-17.2,-21.8
71.86,-10.2,-14.0,-26.4,-15.7,-22.0
71.87,-10.5,-14.2,-26.9,-16.3,-22.7
71.88,-11.5,-15.0,-27.1,-17.0,-23.4
71.89,-11.5,-16.1,-27.7,-16.2,-23.1
71.90,-12.5,-17.5,-28.2,-16.8,-23.3
71.91,-13.1,-20.1,-28.4,-16.6,-22.9
71.92,-13.6,-23.3,-28.1,-16.8,-22.2
71.93,-14.3,-24.5,-28.5,-17.4,-22.2
71.94,-13.8,-24.9,-28.4,-16.6,-22.0
71.95,-13.3,-24.5,-28.5,-16.6,-21.5
71.96,-13.7,-23.4,-28.6,-17.3,-21.3
71.97,-13.3,-22.4,-25.0,-17.1,-20.6
71.98,-10.0,-19.4,-12.7,-17.7,-20.7
71.99,-9.3,-17.1,-11.3,-17.4,-20.6
72.00,-9.1,-16.4,-11.2,-17.7,-20.9
72.01,-9.0,-16.0,-11.2,-18.4,-21.1
72.02,-9.6,-16.0,-12.3,-18.7,-21.4
72.03,-12.1,-17.1,-16.6,-19.2,-21.6
72.04,-13.1,-18.5,-19.7,-20.8,-21.7
72.05,-13.9,-18.4,-20.3,-22.5,-22.1
72.06,-13.5,-17.0,-20.1,-23.8,-22.3
72.07,-12.8,-15.7,-20.9,-22.5,-22.4
72.08,-12.3,-14.8,-21.8,-22.2,-22.4
72.09,-12.0,-14.4,-22.9,-20.9,-22.2
72.10,-11.6,-14.4,-21.5,-20.0,-22.0
72.11,-11.4,-14.6,-21.6,-19.1,-21.6
72.12,-11.4,-14.7,-21.0,-18.8,-21.6
72.13,-11.2,-14.8,-20.8,-18.4,-21.2
72.14,-11.4,-14.7,-20.7,-18.2,-21.1
72.15,-11.7,-15.2,-21.2,-18.2,-20.7
72.16,-11.6,-15.4,-21.4,-17.6,-20.5
72.17,-11.5,-16.0,-22.3,-17.4,-20.3
72.18,-11.7,-17.1,-23.6,-16.9,-20.3
72.19,-12.2,-18.3,-25.4,-16.8,-20.3
72.20,-12.2,-19.9,-27.1,-16.5,-20.2
72.21,-13.2,-23.9,-27.8,-16.8,-19.9
72.22,-13.4,-29.2,-27.9,-16.7,-20.0
72.23,-13.5,-32.8,-27.9,-16.8,-19.8
72.24,-13.4,-32.3,-27.8,-16.6,-19.9
72.25,-13.2,-26.8,-27.8,-16.7,-20.0
72.26,-12.9,-24.0,-28.5,-16.5,-20.2
72.27,-13.0,-22.2,-29.3,-16.8,-20.6
72.28,-12.9,-21.7,-29.9,-16.7,-20.5
72.29,-10.2,-21.0,-14.1,-17.1,-20.7
72.30,-8.9,-18.5,-11.0,-17.3,-21.1
72.31,-8.1,-16.2,-10.3,-17.5,-21.2
72.32,-7.8,-14.7,-10.0,-17.4,-21.5
72.33,-7.8,-13.7,-10.3,-17.7,-22.7
72.34,-8.6,-13.3,-11.5,-17.6,-22.8
72.35,-9.8,-14.0,-16.0,-17.3,-22.7
72.36,-10.6,-14.8,-16.8,-17.5,-22.8
72.37,-11.0,-15.4,-17.4,-16.9,-22.9
72.38,-11.2,-15.9,-17.4,-17.2,-22.8
72.39,-11.3,-15.8,-19.8,-16.7,-22.5
72.40,-11.0,-15.0,-20.5,-16.8,-22.6
72.41,-10.8,-14.5,-21.9,-16.5,-22.5
72.42,-10.4,-14.4,-21.4,-16.4,-22.3
72.43,-10.4,-14.3,-21.6,-16.6,-22.0
72.44,-10.5,-14.3,-21.6,-16.7,-21.9
72.45,-10.5,-14.4,-21.7,-16.7,-21.6
72.46,-10.5,-14.5,-22.6,-17.0,-21.3
72.47,-10.7,-14.5,-23.7,-16.9,-20.8
72.48,-11.0,-14.5,-24.6,-17.1,-20.5
72.49,-11.2,-14.5,-25.6,-17.4,-20.1
72.50,-11.2,-14.4,-26.5,-18.1,-20.1
72.51,-11.3,-14.3,-27.4,-18.8,-20.2
72.52,-12.0,-15.0,-28.1,-19.0,-20.5
72.53,-12.5,-16.1,-28.4,-18.8,-21.0
72.54,-12.8,-17.6,-28.1,-17.9,-21.0
72.55,-13.6,-21.5,-28.0,-17.4,-20.7
72.56,-13.6,-25.0,-27.7,-16.7,-20.3
72.57,-13.6,-26.8,-27.3,-17.0,-20.4
72.58,-13.1,-29.0,-27.5,-16.5,-19.8
72.59,-13.1,-30.6,-27.9,-16.8,-19.5
72.60,-12.3,-21.6,-26.6,-16.5,-19.5
72.61,-9.7,-17.8,-14.7,-16.8,-19.9
72.62,-8.5,-15.9,-11.7,-17.0,-20.1
72.63,-8.3,-14.7,-11.5,-17.0,-20.4
72.64,-8.1,-14.1,-11.4,-17.7,-21.0
72.65,-8.5,-14.3,-11.6,-17.4,-21.2
72.66,-10.6,-14.6,-16.0,-17.5,-21.5
72.67,-11.5,-15.0,-19.8,-17.2,-21.4
72.68,-11.2,-15.2,-18.9,-17.4,-21.7
72.69,-10.3,-15.3,-15.4,-17.1,-21.6
72.70,-9.9,-15.5,-14.6,-17.2,-21.7
72.71,-9.7,-15.2,-14.5,-17.3,-22.0
72.72,-9.4,-14.7,-14.4,-17.3,-22.2
72.73,-10.1,-14.2,-15.7,-17.5,-22.2
72.74,-10.2,-14.1,-17.4,-17.5,-22.4
72.75,-11.2,-14.2,-19.4,-17.7,-22.8
72.76,-11.3,-14.5,-21.1,-17.7,-22.9
72.77,-11.8,-14.8,-22.5,-17.9,-22.8
72.78,-11.9,-15.1,-23.4,-17.8,-22.8
72.79,-11.8,-15.0,-24.0,-17.8,-22.3
72.80,-11.6,-15.0,-24.5,-17.6,-22.2
72.81,-11.6,-14.8,-24.9,-17.7,-21.7
72.82,-11.4,-14.8,-25.8,-17.4,-21.4
72.83,-11.3,-14.6,-27.3,-17.4,-21.0
72.84,-11.1,-14.3,-28.0,-17.4,-20.9
72.85,-11.2,-14.1,-28.3,-17.6,-20.9
72.86,-10.9,-13.9,-28.4,-17.2,-21.1
72.87,-11.0,-14.0,-27.9,-17.6,-20.7
72.88,-11.0,-14.0,-27.7,-17.4,-20.7
72.89,-11.3,-14.3,-28.0,-17.6,-20.8
72.90,-11.2,-14.2,-28.2,-17.5,-20.7
72.91,-11.4,-14.3,-28.5,-17.6,-20.8
72.92,-9.5,-14.5,-14.9,-17.7,-20.8
72.93,-8.6,-14.5,-11.8,-18.0,-20.8
72.94,-8.3,-14.6,-11.0,-18.8,-20.8
72.95,-8.3,-14.9,-10.7,-19.0,-21.2
72.96,-8.3,-15.1,-10.6,-19.1,-21.3
72.97,-9.6,-15.2,-12.6,-19.2,-21.3
72.98,-10.6,-15.3,-16.1,-18.6,-21.6
72.99,-11.1,-15.6,-16.9,-18.6,-22.1
73.00,-11.3,-15.4,-17.8,-18.2,-22.1
73.01,-11.5,-15.2,-18.0,-18.4,-22.0
73.02,-11.6,-15.3,-20.1,-18.1,-21.6
73.03,-11.6,-15.4,-20.6,-17.7,-21.3
73.04,-11.7,-15.2,-22.7,-17.8,-21.1
73.05,-11.4,-15.5,-21.7,-17.3,-21.0
73.06,-11.4,-15.3,-21.8,-17.7,-21.2
73.07,-11.3,-15.1,-21.8,-17.3,-21.5
73.08,-11.1,-14.9,-21.9,-17.5,-21.8
73.09,-11.0,-14.8,-22.2,-17.3,-22.1
73.10,-11.3,-14.8,-23.3,-17.4,-22.1
73.11,-11.6,-15.3,-24.3,-17.5,-21.7
73.12,-11.6,-15.4,-25.4,-17.5,-21.4
73.13,-11.9,-15.9,-26.3,-18.0,-21.2
73.14,-12.8,-17.2,-27.5,-18.0,-21.5
73.15,-13.9,-18.6,-28.4,-18.7,-21.8
73.16,-14.1,-20.4,-28.5,-18.4,-21.2
73.17,-15.2,-26.3,-28.0,-18.7,-20.9
73.18,-15.3,-32.7,-27.9,-18.3,-20.6
73.19,-14.9,-33.1,-27.3,-18.3,-20.4
73.20,-15.0,-32.5,-26.7,-18.4,-20.4
73.21,-14.8,-31.4,-27.0,-18.2,-20.7
73.22,-14.5,-26.7,-27.5,-18.1,-21.2
73.23,-12.4,-16.5,-27.2,-18.5,-21.1
73.24,-9.8,-14.9,-16.1,-18.2,-21.5
73.25,-8.3,-13.7,-11.7,-19.0,-21.5
73.26,-7.5,-12.3,-11.4,-19.3,-21.4
73.27,-7.3,-11.8,-11.3,-20.1,-21.5
73.28,-7.7,-12.1,-11.4,-20.8,-20.9
73.29,-9.2,-11.9,-15.1,-20.6,-21.0
73.30,-10.1,-12.2,-19.7,-21.9,-21.0
73.31,-10.2,-12.8,-19.8,-21.0,-20.7
73.32,-10.8,-13.7,-19.9,-22.4,-20.4
73.33,-11.1,-14.3,-19.8,-22.3,-20.7
73.34,-11.9,-15.3,-22.0,-23.0,-20.4
73.35,-12.2,-16.3,-22.8,-21.9,-20.2
73.36,-13.0,-16.9,-22.4,-22.7,-20.5
73.37,-12.4,-17.7,-22.2,-20.4,-20.4
73.38,-12.3,-17.3,-22.2,-20.5,-20.4
73.39,-11.1,-15.4,-22.3,-19.2,-20.3
73.40,-9.1,-13.9,-15.1,-19.0,-20.7
73.41,-8.0,-13.0,-12.9,-19.0,-21.4
73.42,-7.8,-12.2,-12.8,-18.7,-22.1
73.43,-7.7,-11.9,-12.8,-18.4,-23.0
73.44,-7.9,-12.3,-13.0,-18.1,-23.2
73.45,-9.2,-12.7,-17.1,-17.7,-23.5
73.46,-10.0,-13.0,-21.5,-17.5,-23.5
73.47,-10.3,-13.3,-21.3,-17.5,-23.0
73.48,-8.6,-13.4,-14.9,-17.4,-23.2
73.49,-8.3,-13.5,-13.2,-17.6,-23.2
73.50,-8.3,-13.5,-13.3,-17.7,-23.3
73.51,-8.6,-13.5,-13.4,-18.0,-23.2
73.52,-8.7,-13.3,-14.2,-17.7,-23.5
73.53,-10.2,-13.1,-17.1,-18.2,-23.6
73.54,-9.9,-12.6,-20.5,-17.4,-23.7
73.55,-9.4,-12.4,-16.2,-17.7,-24.0
73.56,-8.5,-12.4,-13.3,-17.0,-24.4
73.57,-8.5,-12.4,-12.8,-17.5,-24.9
73.58,-8.3,-12.9,-12.5,-16.5,-25.0
73.59,-8.5,-13.2,-12.6,-17.0,-25.5
73.60,-9.1,-12.9,-15.2,-16.5,-25.1
73.61,-10.0,-13.6,-18.4,-17.1,-24.3
73.62,-10.5,-14.2,-20.1,-17.1,-23.7
73.63,-11.5,-14.9,-21.1,-17.7,-23.1
73.64,-11.8,-16.1,-22.0,-17.1,-22.3
73.65,-11.8,-16.2,-22.6,-16.9,-22.1
73.66,-10.9,-15.0,-23.2,-16.4,-21.5
73.67,-10.3,-14.2,-23.5,-16.2,-21.6
73.68,-10.3,-13.8,-23.6,-16.1,-21.4
73.69,-10.3,-13.6,-23.6,-16.2,-21.6
73.70,-10.7,-13.6,-23.4,-16.6,-21.6
73.71,-10.8,-13.9,-23.4,-16.6,-21.3
73.72,-10.8,-14.0,-23.2,-16.5,-21.1
73.73,-10.8,-14.5,-23.3,-16.3,-20.7
73.74,-11.0,-15.4,-23.4,-16.1,-20.4
73.75,-11.2,-16.5,-23.4,-16.1,-20.6
73.76,-11.3,-17.1,-23.6,-16.1,-20.5
73.77,-11.6,-17.3,-23.7,-15.9,-21.2
73.78,-11.3,-16.4,-23.7,-15.8,-21.8
73.79,-11.6,-17.2,-23.6,-15.9,-21.8
73.80,-11.9,-18.2,-23.7,-16.1,-21.7
73.81,-12.6,-19.9,-23.6,-16.1,-22.0
73.82,-13.6,-23.1,-23.6,-16.5,-21.8
73.83,-14.3,-30.4,-23.6,-16.8,-22.1
73.84,-14.5,-32.1,-23.9,-16.9,-22.1
73.85,-14.5,-34.3,-23.8,-17.1,-22.5
73.86,-14.0,-35.6,-23.9,-17.1,-22.1
73.87,-12.2,-33.3,-16.0,-17.7,-22.3
73.88,-9.6,-26.1,-11.9,-18.6,-21.7
73.89,-8.5,-16.4,-11.4,-19.4,-21.1
73.90,-7.8,-13.4,-11.3,-20.2,-21.1
73.91,-7.3,-12.0,-11.3,-20.4,-20.9
73.92,-8.2,-11.3,-14.3,-20.4,-21.1
73.93,-9.1,-11.0,-20.0,-19.9,-21.5
73.94,-10.2,-12.4,-19.9,-20.6,-22.2
73.95,-11.0,-13.6,-20.5,-20.9,-22.1
73.96,-11.9,-14.7,-20.5,-22.1,-22.7
73.97,-12.1,-15.2,-22.7,-20.9,-22.7
73.98,-12.4,-15.1,-22.9,-21.6,-23.1
73.99,-11.8,-14.5,-24.1,-20.2,-23.2
74.00,-11.3,-14.1,-22.8,-19.8,-23.3
74.01,-10.8,-13.6,-22.4,-19.2,-23.6
74.02,-10.7,-13.2,-21.9,-19.5,-23.4
74.03,-9.9,-13.1,-15.0,-19.7,-23.6
74.04,-8.4,-13.3,-11.5,-20.5,-22.9
74.05,-8.4,-13.3,-11.4,-21.2,-22.8
74.06,-8.4,-13.4,-11.3,-21.9,-22.3
74.07,-8.4,-13.5,-11.5,-23.3,-22.0
74.08,-9.8,-13.8,-15.6,-23.1,-21.6
74.09,-11.5,-14.6,-20.4,-23.6,-21.7
74.10,-11.6,-15.9,-20.6,-22.6,-20.9
74.11,-10.9,-18.3,-14.6,-23.3,-20.8
74.12,-9.2,-21.9,-12.1,-22.1,-20.6
74.13,-9.8,-27.2,-12.3,-22.4,-21.1
74.14,-9.8,-33.2,-12.3,-22.2,-21.4
74.15,-10.3,-37.1,-12.6,-22.7,-21.6
74.16,-12.2,-38.1,-16.1,-21.5,-21.5
74.17,-14.8,-38.5,-20.4,-21.4,-21.8
74.18,-12.1,-38.2,-16.3,-20.2,-21.6
74.19,-10.4,-38.7,-13.3,-20.7,-22.0
74.20,-10.0,-39.4,-12.7,-21.3,-22.1
74.21,-10.2,-39.5,-12.6,-20.8,-22.0
74.22,-10.4,-40.3,-12.7,-19.8,-22.0
74.23,-11.6,-41.5,-15.0,-18.9,-21.2
74.24,-13.0,-41.7,-17.8,-18.0,-21.0
74.25,-13.0,-43.4,-18.9,-17.2,-20.9
74.26,-13.3,-44.9,-19.5,-18.1,-21.1
74.27,-13.4,-45.5,-20.3,-17.5,-21.1
74.28,-14.1,-44.3,-20.9,-18.3,-21.2
74.29,-13.3,-37.6,-21.1,-17.5,-20.9
74.30,-13.3,-30.5,-21.2,-17.8,-20.7
74.31,-12.8,-24.7,-21.4,-17.3,-20.8
74.32,-12.7,-22.0,-21.8,-17.5,-20.9
74.33,-13.3,-21.3,-22.4,-17.9,-21.3
74.34,-12.8,-21.0,-22.5,-17.6,-21.0
74.35,-12.9,-19.1,-23.0,-18.0,-21.0
74.36,-12.3,-17.3,-23.3,-17.8,-20.6
74.37,-11.3,-14.7,-23.3,-18.1,-20.6
74.38,-10.5,-12.9,-23.2,-18.0,-20.9
74.39,-9.5,-11.6,-23.8,-17.9,-21.4
74.40,-9.5,-11.3,-23.8,-18.1,-21.4
74.41,-9.7,-11.8,-23.6,-18.2,-21.8
74.42,-10.5,-12.9,-23.3,-18.6,-22.6
74.43,-11.4,-14.0,-23.3,-19.5,-22.4
74.44,-12.3,-15.7,-23.6,-20.0,-21.9
74.45,-12.6,-16.2,-24.2,-20.4,-21.8
74.46,-13.1,-16.1,-25.3,-21.9,-21.9
74.47,-12.9,-16.0,-26.6,-21.7,-21.7
74.48,-12.7,-15.8,-28.1,-21.8,-21.6
74.49,-12.9,-15.7,-28.3,-22.8,-22.0
74.50,-11.5,-15.6,-16.8,-22.9,-22.0
74.51,-9.1,-15.0,-12.2,-23.3,-21.3
74.52,-8.5,-13.8,-11.4,-22.7,-20.6
74.53,-7.9,-12.7,-11.2,-22.1,-20.2
74.54,-7.5,-12.1,-11.2,-20.2,-19.7
74.55,-8.2,-11.9,-12.9,-19.0,-19.5
74.56,-9.1,-12.3,-18.2,-18.4,-19.8
74.57,-9.6,-13.1,-18.5,-17.9,-19.8
74.58,-10.7,-14.5,-19.2,-18.6,-19.9
74.59,-10.9,-15.0,-19.1,-18.6,-20.0
74.60,-11.8,-14.9,-21.8,-19.0,-20.3
74.61,-11.9,-14.8,-21.8,-18.8,-20.2
74.62,-11.7,-14.6,-23.3,-18.6,-20.5
74.63,-11.4,-14.2,-21.6,-18.8,-20.7
74.64,-11.2,-13.9,-21.3,-18.6,-21.0
74.65,-10.6,-13.1,-20.6,-18.7,-21.5
74.66,-9.3,-12.7,-14.7,-19.3,-22.0
74.67,-8.8,-12.3,-13.5,-19.9,-22.6
74.68,-8.7,-12.4,-13.0,-20.5,-22.9
74.69,-8.5,-12.8,-12.8,-18.8,-23.0
74.70,-8.9,-13.2,-13.5,-18.6,-22.7
74.71,-9.8,-13.4,-15.9,-17.8,-22.8
74.72,-10.0,-13.4,-18.4,-17.3,-22.7
74.73,-10.0,-13.2,-20.0,-17.2,-22.6
74.74,-10.1,-13.0,-20.7,-17.4,-22.4
74.75,-10.2,-12.9,-21.6,-17.6,-22.9
74.76,-10.1,-13.0,-22.5,-17.1,-22.7
74.77,-10.0,-13.0,-22.7,-17.0,-22.9
74.78,-10.1,-13.0,-22.6,-17.5,-22.8
74.79,-9.9,-12.9,-22.8,-17.2,-22.4
74.80,-10.0,-12.9,-22.9,-17.0,-22.3
74.81,-9.9,-12.9,-20.8,-17.5,-22.3
74.82,-9.7,-13.0,-14.8,-17.5,-22.1
74.83,-8.4,-13.0,-11.5,-17.9,-22.3
74.84,-8.3,-13.0,-11.1,-18.6,-22.5
74.85,-8.3,-13.1,-11.0,-19.4,-22.9
74.86,-8.6,-13.1,-11.7,-20.0,-23.5
74.87,-10.0,-13.0,-14.9,-19.9,-23.9
74.88,-10.7,-13.1,-17.9,-19.2,-23.7
74.89,-10.6,-13.0,-18.7,-18.9,-23.7
74.90,-10.8,-13.2,-19.2,-19.2,-23.5
74.91,-10.4,-12.9,-19.5,-19.0,-23.2
74.92,-10.3,-13.0,-22.4,-19.1,-22.8
74.93,-10.7,-13.1,-23.2,-19.7,-22.9
74.94,-11.1,-13.9,-22.5,-20.0,-22.7
74.95,-11.5,-14.8,-22.0,-20.2,-22.6
74.96,-12.0,-15.5,-21.3,-20.6,-22.3
74.97,-11.1,-14.6,-19.5,-20.4,-22.5
74.98,-9.8,-13.9,-15.7,-20.2,-22.0
74.99,-9.4,-12.9,-14.9,-19.8,-22.0
75.00,-8.8,-12.2,-14.4,-19.9,-22.0
75.01,-8.6,-12.0,-14.2,-20.0,-22.1
75.02,-9.2,-12.2,-15.3,-20.5,-22.2
75.03,-10.5,-12.8,-17.6,-21.7,-22.7
75.04,-10.8,-13.7,-19.5,-21.7,-23.0
75.05,-11.1,-14.7,-17.8,-21.8,-23.1
75.06,-11.1,-16.7,-16.1,-21.5,-23.3
75.07,-11.3,-19.3,-15.5,-21.0,-22.9
75.08,-11.2,-21.9,-15.2,-20.1,-22.3
75.09,-11.1,-22.7,-15.1,-20.1,-21.8
75.10,-12.3,-22.2,-17.4,-19.7,-21.3
75.11,-12.6,-21.2,-20.0,-19.9,-20.8
75.12,-12.6,-20.6,-21.7,-19.3,-20.7
75.13,-11.5,-20.5,-15.4,-20.9,-21.0
75.14,-9.8,-20.3,-12.0,-21.1,-21.0
75.15,-9.1,-18.1,-11.1,-22.9,-21.5
75.16,-8.5,-15.5,-10.9,-22.4,-21.9
75.17,-8.2,-13.9,-10.9,-21.5,-22.2
75.18,-8.8,-12.6,-13.1,-20.9,-22.4
75.19,-9.3,-11.7,-16.9,-19.8,-22.9
75.20,-9.6,-11.8,-18.7,-19.4,-22.9
75.21,-9.6,-11.7,-19.8,-19.4,-22.9
75.22,-9.7,-11.9,-19.8,-19.1,-23.3
75.23,-10.2,-12.1,-22.1,-19.9,-23.3
75.24,-10.2,-12.4,-22.9,-19.0,-23.5
75.25,-10.7,-12.7,-25.8,-19.7,-23.8
75.26,-10.6,-12.9,-23.5,-19.2,-23.6
75.27,-10.7,-13.1,-23.3,-19.2,-23.5
75.28,-10.4,-13.0,-22.3,-19.3,-23.7
75.29,-9.4,-12.9,-14.9,-18.9,-23.8
75.30,-8.8,-12.8,-13.1,-19.7,-24.4
75.31,-8.6,-12.8,-12.8,-19.2,-25.2
75.32,-8.5,-12.9,-12.7,-19.0,-25.8
75.33,-8.9,-12.8,-13.3,-19.2,-25.9
75.34,-9.5,-12.7,-17.0,-18.4,-25.8
75.35,-10.0,-12.7,-19.6,-18.8,-25.6
75.36,-10.2,-12.7,-21.6,-18.3,-25.2
75.37,-9.6,-12.9,-15.9,-18.8,-25.3
75.38,-9.3,-13.1,-14.8,-18.8,-25.1
75.39,-8.9,-13.1,-14.4,-18.7,-24.7
75.40,-8.8,-13.1,-14.1,-19.5,-25.0
75.41,-8.8,-13.0,-14.8,-18.6,-24.8
75.42,-9.7,-13.1,-17.9,-19.3,-24.9
75.43,-9.9,-13.3,-19.9,-18.9,-24.4
75.44,-9.9,-13.3,-20.8,-18.9,-24.3
75.45,-8.7,-12.1,-16.7,-19.6,-24.0
75.46,-7.6,-11.4,-13.3,-19.2,-23.8
75.47,-7.3,-10.9,-12.9,-20.2,-23.5
75.48,-7.1,-10.5,-12.7,-19.7,-23.1
75.49,-7.6,-10.6,-13.0,-20.4,-23.1
75.50,-8.7,-11.3,-15.8,-20.8,-23.6
75.51,-9.6,-11.5,-19.3,-20.8,-23.9
75.52,-10.2,-11.9,-19.0,-21.9,-24.5
75.53,-9.1,-12.2,-14.7,-21.0,-25.4
75.54,-8.8,-12.3,-14.0,-20.8,-25.5
75.55,-8.9,-12.4,-14.0,-20.4,-25.6
75.56,-9.0,-12.6,-14.1,-19.8,-25.7
75.57,-9.2,-12.3,-15.8,-20.0,-25.4
75.58,-9.6,-11.9,-19.1,-19.2,-25.3
75.59,-9.5,-11.5,-21.5,-19.6,-25.3
75.60,-8.8,-11.3,-19.3,-19.2,-25.3
75.61,-8.2,-11.1,-15.6,-20.2,-25.5
75.62,-8.0,-11.0,-14.6,-21.1,-26.0
75.63,-7.9,-11.2,-14.3,-20.4,-26.2
75.64,-8.1,-11.8,-14.2,-19.9,-25.9
75.65,-9.2,-12.1,-16.3,-19.5,-25.0
75.66,-9.6,-12.7,-18.7,-18.5,-24.9
75.67,-10.2,-13.2,-20.6,-17.8,-24.9
75.68,-10.2,-13.7,-18.1,-18.9,-25.0
75.69,-10.5,-14.9,-17.0,-18.3,-25.4
75.70,-10.7,-16.4,-16.5,-18.9,-25.6
75.71,-10.8,-17.8,-16.2,-18.3,-25.1
75.72,-10.8,-20.0,-16.0,-18.3,-24.6
75.73,-11.7,-21.3,-18.1,-18.2,-24.3
75.74,-11.9,-20.4,-19.8,-18.0,-24.5
75.75,-12.4,-19.3,-21.0,-18.6,-24.2
75.76,-12.2,-18.6,-20.3,-17.8,-24.4
75.77,-9.8,-17.4,-12.5,-19.1,-24.5
75.78,-8.9,-15.2,-11.6,-19.5,-24.4
75.79,-8.5,-13.3,-11.4,-20.8,-24.1
75.80,-8.0,-12.3,-11.4,-20.6,-24.0
75.81,-8.5,-11.9,-12.9,-21.6,-23.6
75.82,-8.9,-11.7,-16.2,-19.7,-23.6
75.83,-9.4,-12.2,-18.6,-19.4,-23.0
75.84,-10.1,-13.3,-19.2,-20.1,-22.7
75.85,-10.3,-13.6,-19.2,-20.7,-22.1
75.86,-10.4,-13.5,-21.1,-20.6,-20.9
75.87,-10.7,-13.8,-21.9,-23.0,-19.8
75.88,-10.7,-13.6,-23.2,-21.7,-19.2
75.89,-10.4,-13.3,-23.0,-20.9,-19.0
75.90,-10.3,-13.0,-23.1,-21.3,-19.2
75.91,-10.3,-13.0,-23.0,-20.2,-19.4
75.92,-10.2,-12.8,-23.0,-20.4,-19.9
75.93,-10.1,-12.7,-23.3,-20.6,-20.3
75.94,-9.9,-12.7,-23.5,-19.3,-20.7
75.95,-10.4,-12.7,-23.6,-20.2,-21.3
75.96,-9.7,-12.6,-24.0,-18.4,-19.9
75.97,-9.7,-12.6,-24.3,-18.1,-19.1
75.98,-9.9,-12.4,-24.3,-18.9,-18.8
75.99,-9.7,-12.5,-24.0,-18.0,-17.9
76.00,-9.8,-12.6,-24.2,-18.6,-17.4
76.01,-10.1,-12.8,-24.1,-19.0,-17.8
76.02,-10.3,-13.2,-24.0,-18.7,-18.2
76.03,-11.0,-14.1,-23.9,-19.1,-17.9
76.04,-11.0,-15.4,-23.7,-18.2,-18.0
76.05,-11.6,-17.4,-23.6,-18.4,-18.2
76.06,-12.8,-21.1,-23.5,-18.4,-18.2
76.07,-12.7,-25.6,-23.3,-17.8,-17.9
76.08,-9.9,-25.3,-13.6,-18.7,-17.5
76.09,-8.7,-21.7,-11.2,-19.1,-17.4
76.10,-8.1,-17.5,-10.7,-18.7,-17.3
76.11,-7.6,-14.5,-10.4,-19.3,-17.2
76.12,-7.6,-13.0,-10.9,-20.0,-17.3
76.13,-8.2,-12.4,-12.9,-20.2,-17.8
76.14,-9.2,-12.0,-17.5,-21.2,-17.9
76.15,-9.3,-12.1,-18.6,-21.8,-18.0
76.16,-9.1,-12.7,-19.0,-21.1,-17.7
76.17,-8.8,-13.0,-19.4,-20.4,-17.5
76.18,-9.3,-13.1,-21.4,-20.0,-17.2
76.19,-9.6,-13.3,-22.4,-19.7,-17.3
76.20,-9.8,-13.5,-23.5,-19.9,-17.6
76.21,-10.4,-13.3,-23.9,-20.5,-18.4
76.22,-10.5,-13.2,-24.2,-20.3,-19.1
76.23,-10.2,-12.9,-24.6,-19.5,-19.6
76.24,-10.3,-12.7,-24.8,-20.0,-20.4
76.25,-10.4,-12.4,-25.4,-19.6,-21.5
76.26,-10.3,-12.3,-25.5,-19.6,-21.9
76.27,-10.4,-12.2,-25.6,-19.7,-21.9
76.28,-10.3,-12.7,-25.9,-17.8,-22.0
76.29,-10.8,-13.7,-26.0,-18.1,-21.9
76.30,-11.4,-15.4,-25.8,-17.3,-21.6
76.31,-11.8,-17.9,-25.7,-16.2,-21.5
76.32,-12.6,-22.8,-25.6,-17.1,-20.8
76.33,-13.1,-27.5,-25.5,-16.6,-20.2
76.34,-13.3,-32.2,-25.2,-16.6,-19.2
76.35,-13.4,-35.6,-25.2,-17.5,-17.8
76.36,-11.9,-36.3,-25.2,-16.9,-16.3
76.37,-12.0,-36.0,-25.3,-17.6,-15.8
76.38,-11.5,-32.8,-25.8,-17.5,-15.8
76.39,-10.9,-29.0,-25.6,-16.9,-15.7
76.40,-9.0,-26.9,-13.5,-17.5,-16.2
76.41,-8.1,-20.3,-11.5,-17.2,-17.4
76.42,-7.7,-15.2,-11.3,-17.2,-18.1
76.43,-7.4,-12.7,-11.2,-18.3,-19.1
76.44,-7.4,-11.6,-11.8,-17.4,-19.5
76.45,-8.5,-11.2,-16.6,-17.9,-19.7
76.46,-9.5,-11.6,-20.2,-18.1,-19.7
76.47,-9.8,-13.0,-21.2,-17.2,-19.9
76.48,-10.6,-14.7,-21.1,-17.9,-19.6
76.49,-11.0,-15.5,-21.5,-17.3,-19.6
76.50,-11.6,-15.8,-23.2,-17.6,-19.7
76.51,-11.1,-15.9,-25.5,-17.4,-19.3
76.52,-11.2,-16.0,-25.4,-16.8,-19.5
76.53,-11.5,-15.8,-25.5,-17.3,-20.2
76.54,-11.7,-15.7,-25.8,-17.2,-20.5
76.55,-11.6,-15.6,-26.3,-17.3,-20.0
76.56,-11.1,-15.6,-26.9,-17.1,-18.9
76.57,-10.8,-15.6,-27.8,-16.6,-18.3
76.58,-10.8,-15.7,-28.8,-17.0,-18.0
76.59,-10.3,-15.8,-29.4,-16.6,-17.6
76.60,-11.0,-15.5,-29.9,-16.7,-18.7
76.61,-11.4,-15.2,-30.0,-17.1,-19.4
76.62,-11.3,-15.2,-30.4,-16.8,-19.6
76.63,-11.3,-15.1,-30.5,-17.3,-19.3
76.64,-11.1,-15.1,-30.3,-17.2,-19.1
76.65,-11.2,-15.0,-30.6,-17.0,-19.1
76.66,-11.0,-14.7,-30.8,-17.7,-18.9
76.67,-10.7,-14.5,-30.8,-16.9,-19.1
76.68,-10.9,-14.2,-30.9,-16.8,-20.1
76.69,-11.2,-14.3,-31.0,-17.3,-20.3
76.70,-10.9,-14.7,-31.0,-16.6,-20.2
76.71,-9.6,-14.9,-14.4,-17.5,-20.3
76.72,-8.5,-14.8,-12.1,-17.6,-20.3
76.73,-7.9,-14.0,-11.3,-17.1,-20.5
76.74,-8.1,-13.6,-11.0,-19.1,-21.6
76.75,-8.1,-13.3,-11.1,-18.3,-22.7
76.76,-9.0,-13.1,-13.2,-18.7,-22.6
76.77,-10.1,-13.1,-16.2,-19.0,-23.2
76.78,-10.2,-12.8,-17.9,-18.1,-23.5
76.79,-10.2,-12.5,-18.7,-18.6,-23.5
76.80,-9.9,-12.1,-19.1,-18.7,-23.6
76.81,-10.0,-12.0,-21.4,-18.2,-22.6
76.82,-10.0,-12.0,-22.4,-19.0,-21.6
76.83,-9.7,-12.2,-24.0,-18.4,-20.3
76.84,-9.8,-12.3,-23.9,-18.5,-19.8
76.85,-10.1,-12.6,-24.1,-18.4,-19.9
76.86,-10.1,-12.5,-24.5,-18.0,-19.7
76.87,-10.2,-12.5,-25.2,-18.3,-19.5
76.88,-10.2,-12.4,-26.6,-18.1,-19.6
76.89,-10.0,-12.5,-27.8,-17.7,-19.7
76.90,-9.7,-12.5,-29.1,-18.0,-19.3
76.91,-10.0,-13.0,-29.9,-17.8,-19.1
76.92,-10.4,-13.9,-30.9,-17.5,-19.6
76.93,-11.3,-15.2,-31.8,-18.0,-19.9
76.94,-11.6,-17.2,-32.1,-17.1,-19.0
76.95,-12.5,-20.4,-32.3,-17.6,-18.7
76.96,-12.6,-23.1,-32.3,-17.4,-18.8
76.97,-12.7,-25.1,-32.3,-16.7,-18.8
76.98,-12.9,-25.8,-32.5,-17.3,-19.2
76.99,-14.2,-25.6,-32.7,-17.4,-20.3
77.00,-14.4,-25.6,-32.9,-17.2,-20.5
77.01,-13.8,-25.5,-33.2,-17.7,-19.7
77.02,-13.2,-25.1,-31.5,-16.7,-19.3
77.03,-10.8,-24.9,-16.0,-17.4,-19.6
77.04,-8.8,-21.0,-12.1,-18.7,-20.0
77.05,-8.0,-14.9,-11.8,-18.9,-20.5
77.06,-7.6,-12.6,-11.6,-20.9,-22.0
77.07,-7.3,-11.3,-11.8,-23.2,-23.4
77.08,-8.9,-10.8,-16.2,-24.0,-23.8
77.09,-9.6,-11.1,-20.8,-24.5,-23.7
77.10,-10.1,-12.0,-20.7,-25.2,-23.0
77.11,-10.8,-13.1,-20.7,-25.1,-22.3
77.12,-11.0,-13.6,-20.7,-24.1,-21.5
77.13,-11.1,-13.7,-22.6,-22.4,-21.0
77.14,-10.9,-13.5,-23.1,-22.3,-20.5
77.15,-10.6,-13.5,-24.1,-21.3,-19.8
77.16,-10.6,-13.6,-24.2,-21.0,-20.0
77.17,-10.7,-14.0,-24.6,-20.9,-19.7
77.18,-11.0,-14.4,-24.9,-21.4,-19.2
77.19,-11.3,-14.8,-26.0,-20.6,-19.3
77.20,-11.4,-15.0,-27.4,-20.4,-19.2
77.21,-11.3,-15.1,-27.9,-19.8,-18.5
77.22,-11.1,-14.6,-29.0,-19.8,-18.4
77.23,-10.7,-13.9,-30.1,-19.7,-18.1
77.24,-10.8,-13.8,-30.5,-19.0,-18.0
77.25,-11.3,-13.8,-31.1,-20.2,-18.6
77.26,-11.8,-14.2,-31.3,-20.1,-19.5
77.27,-12.0,-14.7,-31.3,-19.7,-20.0
77.28,-12.6,-14.8,-31.4,-21.0,-20.7
77.29,-12.2,-14.4,-31.5,-21.1,-21.6
77.30,-11.6,-13.9,-31.7,-20.0,-20.7
77.31,-11.2,-13.3,-31.7,-20.4,-20.0
77.32,-10.9,-12.7,-31.8,-20.9,-20.5
77.33,-10.2,-12.5,-31.4,-19.1,-19.9
77.34,-9.4,-12.4,-16.5,-20.0,-19.7
77.35,-8.1,-12.3,-11.9,-20.8,-20.5
77.36,-7.7,-12.2,-10.9,-19.7,-20.9
77.37,-7.4,-12.2,-10.7,-19.7,-21.5
77.38,-7.4,-12.0,-10.6,-20.0,-22.9
77.39,-8.0,-11.9,-12.8,-19.0,-24.2
77.40,-8.9,-11.9,-15.8,-18.6,-24.3
77.41,-9.3,-12.3,-17.5,-19.1,-24.4
77.42,-9.9,-12.6,-18.5,-19.1,-23.7
77.43,-9.9,-12.7,-18.6,-18.6,-23.0
77.44,-10.6,-12.8,-20.7,-18.8,-22.4
77.45,-10.6,-12.7,-21.4,-18.5,-22.4
77.46,-10.3,-12.6,-23.1,-18.3,-22.3
77.47,-10.3,-12.9,-23.1,-18.3,-22.2
77.48,-10.3,-13.0,-23.7,-18.3,-22.3
77.49,-10.3,-13.0,-24.0,-18.6,-22.9
77.50,-10.7,-13.5,-24.5,-18.9,-22.5
77.51,-10.9,-13.5,-25.2,-19.2,-22.0
77.52,-11.0,-13.6,-26.8,-19.7,-20.0
77.53,-11.2,-14.3,-28.1,-20.9,-18.8
77.54,-11.3,-14.3,-29.2,-22.4,-18.4
77.55,-11.5,-14.6,-29.7,-22.7,-18.0
77.56,-11.1,-14.8,-30.1,-22.0,-17.8
77.57,-11.3,-14.7,-30.2,-21.6,-18.2
77.58,-11.1,-14.9,-30.7,-20.1,-18.5
77.59,-11.5,-15.2,-31.7,-19.5,-19.1
77.60,-11.5,-15.0,-32.0,-19.7,-19.5
77.61,-11.8,-14.8,-32.0,-20.1,-20.2
77.62,-12.0,-14.9,-32.1,-19.5,-20.6
77.63,-12.6,-15.5,-32.1,-20.1,-20.5
77.64,-12.4,-15.6,-31.7,-20.4,-20.2
77.65,-12.7,-16.2,-31.4,-19.8,-20.2
77.66,-11.6,-17.5,-17.1,-19.7,-20.5
77.67,-8.9,-17.8,-12.5,-19.8,-20.6
77.68,-8.2,-14.9,-12.0,-19.3,-21.0
77.69,-7.9,-13.8,-11.9,-19.8,-21.0
77.70,-7.6,-12.7,-11.9,-20.2,-21.3
77.71,-8.8,-11.9,-15.4,-20.0,-20.6
77.72,-9.5,-11.5,-21.8,-20.0,-20.6
77.73,-9.9,-11.8,-20.7,-20.1,-20.7
77.74,-10.1,-12.1,-20.7,-19.6,-21.1
77.75,-10.0,-12.5,-20.5,-18.8,-20.9
77.76,-10.7,-13.0,-21.2,-19.4,-21.1
77.77,-10.9,-13.5,-22.0,-19.0,-21.1
77.78,-10.8,-14.0,-23.4,-18.6,-20.1
77.79,-11.0,-13.9,-24.0,-19.3,-19.8
77.80,-10.9,-13.3,-24.9,-19.2,-20.0
77.81,-10.1,-13.0,-25.4,-18.4,-19.3
77.82,-10.2,-12.9,-26.1,-18.3,-19.4
77.83,-10.6,-12.9,-27.1,-19.0,-19.7
77.84,-10.5,-12.8,-27.8,-18.2,-19.9
77.85,-10.3,-12.9,-28.8,-17.5,-19.9
77.86,-10.4,-12.8,-29.7,-17.8,-20.3
77.87,-10.5,-12.8,-30.0,-17.9,-20.5
77.88,-10.4,-13.0,-29.6,-17.7,-19.9
77.89,-10.9,-13.8,-29.7,-18.9,-19.2
77.90,-11.1,-15.2,-29.6,-18.2,-19.2
77.91,-11.8,-17.0,-29.4,-18.3,-19.2
77.92,-12.4,-19.5,-29.9,-18.4,-18.9
77.93,-13.1,-22.3,-31.0,-18.1,-19.1
77.94,-14.5,-26.5,-31.4,-18.3,-19.8
77.95,-14.4,-31.1,-31.7,-18.2,-19.2
77.96,-14.2,-34.8,-31.7,-18.2,-19.1
77.97,-12.6,-36.4,-16.9,-18.3,-19.3
77.98,-10.0,-37.7,-12.1,-19.0,-19.7
77.99,-9.0,-38.3,-10.6,-19.6,-20.0
78.00,-8.6,-38.4,-10.3,-19.3,-20.3
78.01,-8.4,-38.4,-10.2,-19.4,-20.4
78.02,-9.6,-38.4,-12.5,-18.8,-20.7
78.03,-11.5,-37.8,-15.3,-18.4,-20.7
78.04,-12.4,-37.8,-17.5,-18.3,-20.6
78.05,-13.1,-38.1,-18.8,-18.5,-20.9
78.06,-13.7,-37.8,-19.0,-19.0,-21.3
78.07,-14.0,-37.0,-20.7,-18.9,-21.0
78.08,-14.3,-33.9,-21.3,-19.0,-21.4
78.09,-13.8,-29.0,-22.5,-18.8,-20.9
78.10,-13.6,-25.8,-22.7,-18.9,-20.7
78.11,-13.0,-23.6,-22.9,-18.8,-20.1
78.12,-12.9,-21.7,-22.8,-18.8,-20.2
78.13,-13.0,-21.2,-23.1,-18.9,-20.1
78.14,-12.8,-20.3,-23.6,-19.1,-20.3
78.15,-12.0,-17.1,-25.1,-18.8,-20.3
78.16,-10.9,-14.7,-26.0,-18.3,-21.1
78.17,-10.6,-13.6,-27.6,-18.0,-21.3
78.18,-10.0,-12.6,-29.5,-17.4,-21.6
78.19,-9.5,-12.0,-30.8,-17.3,-21.8
78.20,-9.9,-12.2,-31.8,-17.1,-21.7
78.21,-10.0,-12.1,-32.5,-17.6,-21.2
78.22,-9.8,-12.1,-32.5,-17.5,-20.9
78.23,-9.9,-11.8,-32.7,-17.8,-20.6
78.24,-9.7,-11.9,-32.4,-17.4,-20.4
78.25,-9.7,-12.0,-32.2,-17.8,-20.5
78.26,-10.4,-12.6,-32.2,-17.7,-20.8
78.27,-10.7,-13.3,-32.4,-17.8,-20.3
78.28,-10.7,-14.0,-32.6,-17.5,-19.7
78.29,-10.6,-15.1,-17.3,-17.9,-19.2
78.30,-8.8,-16.1,-12.4,-18.8,-18.5
78.31,-8.4,-16.6,-11.6,-19.9,-18.7
78.32,-8.5,-16.9,-11.4,-21.0,-19.2
78.33,-9.1,-17.8,-11.4,-23.4,-20.1
78.34,-10.1,-17.5,-13.3,-24.0,-20.5
78.35,-12.6,-16.5,-19.6,-24.8,-20.2
78.36,-12.3,-15.9,-20.1,-24.5,-19.9
78.37,-11.7,-15.3,-20.8,-23.1,-19.6
78.38,-11.1,-15.1,-20.3,-22.0,-19.2
78.39,-11.7,-14.9,-22.2,-21.7,-19.4
78.40,-11.8,-15.2,-22.1,-20.4,-19.5
78.41,-11.9,-15.4,-23.5,-20.0,-19.5
78.42,-11.9,-15.4,-23.0,-19.9,-19.6
78.43,-12.1,-15.4,-23.5,-19.5,-19.7
78.44,-11.6,-15.1,-23.4,-19.3,-19.7
78.45,-11.8,-15.2,-23.4,-19.5,-20.0
78.46,-11.7,-14.8,-23.9,-19.4,-19.5
78.47,-11.0,-14.7,-24.6,-18.3,-19.2
78.48,-10.9,-14.4,-25.1,-18.5,-19.0
78.49,-10.2,-14.0,-25.6,-17.4,-18.8
78.50,-10.3,-13.6,-25.8,-17.9,-18.9
78.51,-10.4,-13.5,-26.5,-17.7,-19.1
78.52,-11.1,-13.6,-26.8,-18.2,-19.7
78.53,-10.6,-13.7,-27.2,-17.4,-19.2
78.54,-11.3,-14.1,-27.0,-17.8,-19.2
78.55,-11.0,-14.0,-27.2,-17.4,-19.1
78.56,-10.9,-14.2,-27.8,-17.9,-18.9
78.57,-11.0,-14.3,-28.0,-17.6,-18.9
78.58,-11.3,-14.2,-28.0,-18.6,-18.9
78.59,-11.3,-14.1,-28.5,-18.3,-19.0
78.60,-10.0,-14.0,-18.5,-17.8,-19.1
78.61,-9.1,-13.8,-14.4,-18.1,-19.2
78.62,-7.9,-13.0,-11.5,-18.3,-19.7
78.63,-7.8,-12.8,-11.1,-18.5,-20.8
78.64,-8.0,-13.1,-11.0,-19.1,-21.6
78.65,-8.8,-12.8,-12.6,-19.8,-22.0
78.66,-10.1,-12.8,-15.3,-19.2,-22.4
78.67,-10.6,-12.9,-17.5,-20.2,-22.1
78.68,-10.6,-12.8,-18.8,-20.0,-21.8
78.69,-10.1,-12.8,-19.1,-19.6,-21.2
78.70,-10.2,-12.8,-19.7,-19.9,-21.0
78.71,-10.4,-12.8,-21.6,-20.1,-20.8
78.72,-10.5,-12.9,-22.4,-19.5,-21.5
78.73,-10.3,-12.8,-21.9,-19.6,-21.8
78.74,-10.5,-12.8,-21.8,-20.6,-21.2
78.75,-10.4,-12.9,-21.7,-19.5,-21.3
78.76,-10.5,-13.1,-21.9,-20.0,-21.2
78.77,-10.4,-13.1,-22.2,-20.5,-20.8
78.78,-10.8,-13.1,-23.5,-20.1,-21.2
78.79,-10.7,-13.2,-23.9,-19.8,-21.1
78.80,-11.2,-13.7,-24.5,-21.4,-21.1
78.81,-11.7,-14.4,-25.1,-20.1,-21.3
78.82,-12.0,-15.9,-26.1,-18.7,-21.1
78.83,-13.2,-18.2,-27.7,-19.3,-21.0
78.84,-14.2,-21.5,-28.6,-18.8,-21.4
78.85,-14.7,-26.9,-28.0,-17.8,-21.2
78.86,-14.9,-33.6,-27.2,-18.6,-20.5
78.87,-15.0,-38.3,-25.9,-19.0,-20.2
78.88,-14.0,-39.8,-24.8,-18.1,-20.0
78.89,-14.5,-39.4,-24.8,-18.7,-19.5
78.90,-14.9,-35.5,-25.2,-19.2,-19.7
78.91,-13.9,-30.6,-25.8,-17.9,-19.4
78.92,-12.6,-20.4,-20.4,-18.2,-19.8
78.93,-9.4,-16.3,-12.9,-19.4,-20.4
78.94,-8.5,-14.0,-11.7,-19.0,-21.3
78.95,-8.1,-12.5,-11.6,-19.4,-22.7
78.96,-8.1,-11.9,-11.6,-20.9,-23.4
78.97,-8.5,-11.7,-12.9,-20.0,-23.4
78.98,-9.9,-12.3,-18.4,-18.9,-22.6
78.99,-9.7,-12.2,-20.3,-19.7,-21.9
79.00,-9.9,-12.8,-20.9,-18.9,-21.4
79.01,-9.8,-12.7,-20.6,-18.3,-21.2
79.02,-10.7,-12.9,-22.0,-19.4,-21.0
79.03,-10.5,-12.9,-22.1,-18.9,-20.8
79.04,-10.6,-12.9,-23.4,-18.3,-20.9
79.05,-10.6,-12.7,-23.1,-19.2,-20.5
79.06,-10.2,-12.4,-23.7,-19.1,-20.8
79.07,-9.8,-12.2,-23.5,-18.6,-20.7
79.08,-9.6,-11.9,-23.4,-19.3,-20.7
79.09,-9.5,-11.7,-23.7,-19.6,-20.5
79.10,-9.2,-11.5,-23.9,-18.9,-20.5
79.11,-9.4,-11.6,-24.4,-19.5,-20.7
79.12,-9.6,-11.6,-25.2,-20.0,-20.7
79.13,-9.7,-11.7,-26.2,-19.5,-20.8
79.14,-10.1,-11.9,-28.0,-19.6,-21.3
79.15,-10.2,-12.1,-29.2,-19.5,-21.2
79.16,-10.3,-12.5,-29.4,-18.9,-21.1
79.17,-10.6,-13.0,-28.4,-18.6,-21.1
79.18,-11.0,-13.7,-27.7,-18.9,-20.8
79.19,-11.2,-14.6,-27.5,-18.7,-20.3
79.20,-11.8,-15.6,-26.7,-18.5,-20.4
79.21,-12.2,-16.8,-26.8,-18.8,-20.2
79.22,-12.7,-17.3,-27.2,-18.7,-20.3
79.23,-11.8,-16.4,-23.7,-18.6,-20.5
79.24,-10.3,-15.5,-14.1,-19.3,-21.4
79.25,-8.5,-14.2,-11.3,-20.0,-21.6
79.26,-8.1,-13.0,-10.8,-19.5,-22.3
79.27,-7.9,-12.3,-10.7,-20.8,-22.4
79.28,-8.1,-11.9,-11.7,-20.5,-22.5
79.29,-8.9,-11.7,-14.5,-19.9,-22.0
79.30,-9.5,-11.9,-18.1,-19.9,-22.0
79.31,-9.8,-12.1,-18.7,-20.9,-21.6
79.32,-9.7,-12.2,-19.2,-19.9,-21.1
79.33,-9.8,-12.1,-19.7,-21.1,-21.1
79.34,-10.1,-12.0,-22.0,-21.1,-21.0
79.35,-10.1,-11.8,-22.5,-21.4,-20.8
79.36,-10.0,-11.9,-23.3,-20.9,-21.1
79.37,-10.4,-12.2,-23.3,-21.5,-21.5
79.38,-10.8,-12.9,-23.1,-21.2,-21.1
79.39,-10.9,-13.5,-23.1,-20.9,-20.5
79.40,-11.0,-14.0,-23.7,-20.9,-20.3
79.41,-11.4,-14.4,-24.0,-22.1,-20.5
79.42,-11.8,-14.8,-24.3,-22.3,-20.5
79.43,-11.7,-15.0,-25.2,-20.9,-21.3
79.44,-11.9,-15.0,-25.7,-20.7,-21.6
79.45,-11.8,-15.6,-26.2,-19.3,-21.4
79.46,-12.0,-16.9,-27.7,-18.0,-20.9
79.47,-12.2,-17.7,-28.3,-17.8,-20.9
79.48,-12.9,-19.7,-28.5,-17.9,-20.9
79.49,-13.7,-25.2,-28.5,-17.4,-20.7
79.50,-14.6,-30.1,-28.1,-18.5,-20.5
79.51,-14.4,-31.5,-28.1,-18.5,-20.2
79.52,-14.4,-34.2,-27.9,-18.4,-20.0
79.53,-15.2,-34.1,-28.4,-19.2,-19.9
79.54,-14.1,-31.0,-28.9,-18.3,-19.7
79.55,-12.6,-22.1,-25.4,-17.5,-19.5
79.56,-9.7,-17.2,-13.9,-17.9,-19.8
79.57,-8.3,-14.4,-12.7,-18.3,-19.8
79.58,-7.9,-12.8,-12.4,-19.0,-19.8
79.59,-7.8,-12.0,-12.4,-21.3,-20.4
79.60,-8.4,-11.9,-13.7,-23.8,-20.5
79.61,-9.9,-12.5,-17.6,-23.1,-20.6
79.62,-10.6,-13.3,-20.4,-21.2,-20.4
79.63,-11.1,-14.1,-21.4,-21.1,-20.2
79.64,-11.6,-14.5,-21.0,-21.6,-20.2
79.65,-11.7,-14.6,-21.5,-20.9,-20.4
79.66,-12.0,-14.6,-21.9,-22.4,-20.5
79.67,-12.1,-14.6,-23.6,-22.6,-20.5
79.68,-12.1,-14.8,-22.8,-22.2,-20.3
79.69,-11.6,-14.8,-23.4,-21.4,-20.0
79.70,-11.2,-14.9,-22.9,-20.8,-19.5
79.71,-10.9,-15.2,-22.8,-19.6,-19.5
79.72,-11.1,-15.3,-22.9,-20.0,-19.7
79.73,-11.1,-15.5,-23.6,-19.1,-20.2
79.74,-10.8,-16.0,-24.7,-18.0,-19.8
79.75,-11.0,-15.7,-25.9,-17.8,-20.1
79.76,-11.4,-15.8,-27.3,-17.9,-20.2
79.77,-11.6,-15.4,-29.2,-18.3,-20.4
79.78,-10.8,-14.7,-30.2,-17.5,-19.9
79.79,-11.2,-14.3,-30.8,-17.9,-20.4
79.80,-11.0,-13.9,-30.6,-17.9,-20.7
79.81,-10.7,-13.4,-30.6,-17.7,-20.6
79.82,-10.6,-13.3,-30.7,-17.5,-20.4
79.83,-10.7,-13.3,-30.6,-18.1,-20.3
79.84,-10.4,-13.1,-31.0,-18.1,-19.8
79.85,-10.1,-13.2,-30.6,-17.7,-19.6
79.86,-10.3,-13.3,-29.3,-17.9,-20.1
79.87,-8.7,-13.6,-14.5,-17.8,-20.4
79.88,-7.8,-14.0,-11.7,-18.9,-21.1
79.89,-7.9,-14.3,-11.0,-19.8,-22.7
79.90,-7.8,-14.4,-10.8,-19.7,-22.4
79.91,-8.3,-14.2,-11.3,-21.1,-23.0
79.92,-9.5,-13.9,-13.4,-21.3,-22.8
79.93,-10.8,-13.6,-17.9,-21.4,-22.6
79.94,-10.2,-13.3,-18.4,-19.8,-22.5
79.95,-10.5,-13.0,-18.9,-20.8,-22.8
79.96,-10.3,-13.1,-19.0,-20.1,-22.7
79.97,-10.6,-12.9,-21.2,-20.5,-23.0
79.98,-10.3,-13.0,-22.5,-19.6,-22.3
79.99,-11.2,-14.1,-23.3,-20.5,-22.2
80.00,-11.2,-15.5,-23.0,-19.4,-21.1
80.01,-11.6,-17.6,-23.3,-18.6,-20.6
80.02,-12.4,-20.9,-23.0,-18.7,-20.6
80.03,-13.5,-26.8,-23.0,-18.9,-21.0
80.04,-13.8,-21.9,-23.6,-19.9,-21.2
80.05,-12.4,-17.7,-24.1,-19.0,-21.0
80.06,-11.7,-15.7,-25.3,-19.1,-20.9
80.07,-10.9,-14.3,-26.4,-18.8,-20.5
80.08,-10.4,-13.4,-27.1,-19.0,-20.3
80.09,-10.9,-13.3,-27.9,-19.9,-20.8
80.10,-11.1,-13.7,-21.5,-20.2,-21.4
80.11,-9.8,-14.1,-15.0,-20.3,-22.1
80.12,-9.8,-14.7,-13.8,-20.2,-22.2
80.13,-9.5,-15.3,-13.1,-20.2,-22.5
80.14,-9.5,-16.2,-12.8,-19.8,-22.6
80.15,-10.9,-17.2,-14.2,-21.6,-22.3
80.16,-11.7,-17.8,-16.3,-21.0,-22.5
80.17,-12.6,-18.6,-18.5,-21.2,-22.4
80.18,-12.5,-19.5,-19.6,-22.2,-22.1
80.19,-10.0,-17.9,-13.5,-21.7,-22.4
80.20,-9.1,-15.4,-11.9,-20.7,-22.3
80.21,-8.5,-13.9,-11.8,-21.0,-21.5
80.22,-8.3,-12.7,-11.8,-20.9,-21.6
80.23,-8.8,-12.5,-12.5,-21.2,-21.2
80.24,-10.3,-12.9,-16.6,-21.7,-20.5
80.25,-11.3,-13.6,-20.3,-22.3,-20.7
80.26,-11.3,-13.8,-20.5,-22.3,-21.1
80.27,-11.5,-14.3,-18.9,-21.2,-21.2
80.28,-11.1,-14.3,-18.3,-20.8,-21.2
80.29,-10.9,-13.8,-18.3,-21.0,-21.3
80.30,-10.8,-13.8,-18.3,-19.7,-21.0
80.31,-10.9,-14.2,-18.4,-19.7,-20.8
80.32,-10.8,-14.0,-19.5,-19.5,-21.0
80.33,-10.8,-14.0,-20.4,-19.4,-20.4
80.34,-11.0,-14.1,-21.4,-19.9,-20.4
80.35,-11.2,-14.2,-22.2,-20.4,-20.8
80.36,-11.3,-14.4,-23.2,-20.6,-20.6
80.37,-11.8,-14.8,-24.3,-22.0,-20.4
80.38,-11.9,-15.4,-25.5,-20.4,-20.9
80.39,-12.8,-16.8,-26.5,-20.4,-20.6
80.40,-13.1,-18.5,-27.4,-19.7,-20.4
80.41,-13.5,-20.9,-28.3,-18.3,-20.7
80.42,-14.8,-24.7,-28.6,-19.1,-20.8
80.43,-14.5,-29.1,-28.6,-19.2,-19.9
80.44,-14.2,-30.6,-28.8,-18.1,-20.1
80.45,-14.6,-31.8,-29.2,-19.2,-19.6
80.46,-14.1,-32.7,-29.1,-18.8,-19.2
80.47,-14.1,-33.4,-29.3,-18.5,-19.5
80.48,-14.7,-34.4,-29.1,-20.1,-19.2
80.49,-14.1,-35.0,-29.2,-19.1,-19.1
80.50,-10.7,-35.0,-13.3,-19.1,-19.7
80.51,-9.4,-35.7,-10.9,-20.4,-19.9
80.52,-9.0,-36.3,-10.2,-19.9,-20.2
80.53,-8.9,-36.4,-10.0,-20.6,-20.5
80.54,-9.1,-36.7,-10.1,-20.7,-20.4
80.55,-10.5,-36.9,-12.2,-20.6,-20.1
80.56,-12.1,-37.3,-16.4,-19.9,-19.8
80.57,-12.0,-37.3,-17.4,-18.6,-19.7
80.58,-12.1,-38.1,-17.8,-19.0,-19.3
80.59,-11.7,-38.7,-18.0,-18.1,-19.1
80.60,-12.3,-38.9,-19.7,-17.9,-19.1
80.61,-12.6,-39.8,-20.3,-19.3,-18.8
80.62,-12.6,-40.7,-22.1,-17.9,-18.9
80.63,-12.1,-40.7,-22.1,-18.1,-18.4
80.64,-12.3,-40.6,-22.5,-18.6,-18.5
80.65,-12.3,-35.8,-22.5,-17.6,-18.9
80.66,-12.9,-30.9,-22.8,-18.6,-19.3
80.67,-13.9,-26.0,-23.0,-19.2,-20.5
80.68,-13.4,-20.2,-23.7,-18.6,-22.1
80.69,-12.6,-16.2,-24.5,-19.9,-23.1
80.70,-11.6,-14.3,-25.4,-19.9,-23.8
80.71,-11.1,-13.3,-26.4,-19.5,-24.8
80.72,-10.5,-12.1,-27.4,-19.9,-25.5
80.73,-10.2,-11.8,-28.4,-19.3,-25.3
80.74,-10.5,-11.9,-28.9,-19.9,-24.4
80.75,-10.3,-12.0,-29.1,-19.0,-23.8
80.76,-10.2,-11.7,-29.2,-19.2,-23.0
80.77,-10.7,-12.4,-28.8,-19.7,-22.6
80.78,-10.5,-12.3,-28.6,-18.9,-22.4
80.79,-10.5,-12.4,-29.0,-19.8,-22.0
80.80,-10.8,-12.6,-29.2,-19.8,-21.5
80.81,-10.6,-13.1,-28.2,-18.7,-21.5
80.82,-9.4,-13.5,-15.5,-19.5,-21.3
80.83,-8.5,-13.5,-11.9,-20.0,-21.1
80.84,-8.3,-13.2,-11.8,-20.3,-21.3
80.85,-8.1,-12.6,-11.7,-22.7,-21.3
80.86,-8.2,-12.3,-11.8,-22.9,-21.3
80.87,-9.6,-12.1,-16.9,-22.5,-21.7
80.88,-10.2,-12.4,-21.1,-20.8,-22.2
80.89,-10.8,-13.3,-21.2,-20.6,-22.5
80.90,-11.1,-14.1,-20.6,-20.0,-22.6
80.91,-10.9,-14.4,-20.3,-19.0,-22.3
80.92,-11.4,-14.3,-21.4,-19.9,-22.4
80.93,-10.8,-13.9,-22.4,-18.7,-22.5
80.94,-10.6,-13.5,-22.3,-18.8,-22.8
80.95,-11.0,-13.5,-22.6,-19.2,-23.0
80.96,-10.8,-13.7,-22.8,-18.3,-22.9
80.97,-10.9,-13.6,-22.7,-19.1,-22.8
80.98,-10.8,-13.4,-22.8,-19.5,-22.7
80.99,-10.6,-13.1,-23.6,-19.8,-22.3
81.00,-10.7,-12.7,-23.8,-22.2,-22.4
81.01,-10.4,-12.3,-23.7,-21.4,-22.6
81.02,-10.6,-12.4,-24.1,-21.7,-22.7
81.03,-10.8,-12.5,-24.2,-21.8,-23.2
81.04,-10.8,-12.7,-24.1,-19.4,-23.2
81.05,-10.8,-13.0,-24.5,-19.7,-22.7
81.06,-11.0,-13.3,-24.4,-19.0,-22.6
81.07,-10.7,-13.4,-24.2,-18.5,-21.5
81.08,-11.0,-14.0,-24.4,-19.0,-21.1
81.09,-11.3,-15.1,-24.4,-18.3,-20.8
81.10,-12.1,-16.5,-24.9,-18.4,-20.8
81.11,-13.1,-19.0,-24.9,-19.0,-20.7
81.12,-14.1,-25.0,-25.0,-18.4,-20.6
81.13,-11.5,-23.0,-15.0,-18.9,-20.2
81.14,-9.5,-20.0,-11.8,-19.3,-20.6
81.15,-8.7,-17.6,-11.0,-19.4,-20.8
81.16,-8.4,-15.9,-10.7,-21.1,-21.6
81.17,-8.0,-14.7,-10.7,-19.8,-22.6
81.18,-9.3,-14.0,-13.1,-20.5,-23.0
81.19,-10.2,-13.4,-15.9,-20.3,-23.1
81.20,-10.1,-13.1,-17.4,-18.8,-23.4
81.21,-10.2,-12.8,-18.7,-19.2,-23.2
81.22,-9.9,-12.9,-18.9,-18.3,-23.4
81.23,-10.2,-13.1,-20.6,-17.9,-23.2
81.24,-10.6,-13.3,-21.0,-18.8,-23.1
81.25,-10.7,-13.6,-22.0,-17.7,-22.8
81.26,-11.0,-13.5,-22.0,-18.4,-22.4
81.27,-10.7,-13.2,-22.4,-18.0,-22.5
81.28,-10.6,-13.1,-22.5,-17.8,-22.9
81.29,-10.6,-13.0,-22.8,-18.8,-22.4
81.30,-10.6,-13.0,-23.6,-18.5,-22.0
81.31,-10.7,-13.1,-24.4,-19.5,-21.1
81.32,-10.8,-13.0,-25.0,-20.8,-20.2
81.33,-10.7,-12.9,-25.9,-19.2,-19.9
81.34,-10.7,-12.8,-26.4,-20.1,-19.7
81.35,-10.5,-13.0,-26.9,-18.4,-19.8
81.36,-10.5,-13.2,-27.0,-17.7,-19.8
81.37,-10.6,-13.6,-26.9,-17.9,-19.8
81.38,-10.5,-13.9,-27.1,-17.1,-19.5
81.39,-11.1,-14.7,-27.2,-17.1,-19.9
81.40,-11.4,-15.4,-27.5,-17.6,-19.9
81.41,-11.6,-16.2,-27.8,-16.8,-20.0
81.42,-12.0,-16.6,-28.3,-17.3,-20.5
81.43,-12.1,-17.0,-28.3,-17.4,-20.8
81.44,-12.5,-17.7,-28.3,-17.4,-21.2
81.45,-10.9,-17.6,-17.8,-18.1,-21.3
81.46,-9.0,-16.6,-13.1,-18.1,-21.9
81.47,-8.8,-15.5,-12.6,-19.4,-22.3
81.48,-8.8,-14.6,-12.5,-21.5,-22.4
81.49,-8.5,-13.8,-12.5,-21.8,-22.6
81.50,-10.1,-13.5,-16.0,-23.0,-22.6
81.51,-11.0,-13.7,-21.3,-20.9,-22.6
81.52,-11.0,-13.8,-21.2,-20.7,-23.0
81.53,-10.9,-13.8,-21.2,-20.1,-23.6
81.54,-10.7,-13.7,-21.0,-19.2,-23.4
81.55,-11.0,-13.4,-22.4,-20.3,-23.3
81.56,-10.6,-13.0,-23.1,-19.3,-22.7
81.57,-10.6,-12.7,-23.6,-19.4,-22.5
81.58,-10.9,-12.5,-23.4,-19.7,-22.3
81.59,-10.4,-12.4,-23.4,-18.8,-21.7
81.60,-10.4,-12.6,-23.5,-19.4,-21.4
81.61,-10.6,-12.8,-23.5,-20.1,-21.2
81.62,-10.6,-12.9,-24.4,-19.9,-21.1
81.63,-10.6,-12.8,-25.3,-21.2,-21.2
81.64,-10.4,-12.6,-26.7,-20.1,-21.4
81.65,-10.5,-12.4,-28.5,-19.8,-21.5
81.66,-10.6,-12.5,-29.7,-20.2,-21.9
81.67,-10.5,-12.9,-30.6,-18.6,-22.0
81.68,-10.9,-13.4,-30.9,-18.5,-22.2
81.69,-11.5,-14.3,-30.9,-19.2,-22.0
81.70,-11.7,-14.7,-30.4,-18.4,-21.9
81.71,-12.0,-15.2,-29.7,-18.8,-21.6
81.72,-12.6,-16.1,-29.3,-18.9,-21.2
81.73,-13.2,-17.3,-28.9,-19.0,-21.3
81.74,-14.0,-18.9,-28.8,-20.0,-21.0
81.75,-14.3,-21.8,-28.7,-19.1,-21.1
81.76,-12.6,-23.5,-16.1,-19.6,-21.0
81.77,-9.6,-19.6,-12.2,-20.5,-21.4
81.78,-8.3,-15.4,-11.1,-20.6,-21.7
81.79,-7.8,-13.3,-10.8,-22.7,-22.6
81.80,-7.3,-12.1,-10.7,-21.7,-23.4
81.81,-8.3,-11.5,-13.4,-22.7,-23.6
81.82,-9.4,-11.7,-16.0,-23.0,-23.8
81.83,-10.0,-12.4,-17.2,-21.0,-24.2
81.84,-10.4,-12.9,-18.3,-21.3,-23.8
81.85,-10.3,-13.3,-18.3,-19.9,-23.4
81.86,-10.3,-13.3,-20.0,-19.6,-22.8
81.87,-10.3,-13.1,-20.4,-20.2,-22.4
81.88,-10.3,-13.0,-21.6,-19.2,-22.2
81.89,-10.6,-13.0,-22.2,-19.7,-22.3
81.90,-10.9,-13.1,-22.9,-19.5,-22.4
81.91,-10.5,-12.7,-23.1,-19.0,-22.5
81.92,-10.4,-12.4,-23.5,-19.5,-22.8
81.93,-10.7,-12.6,-24.2,-19.9,-22.5
81.94,-11.0,-13.0,-25.3,-20.4,-22.5
81.95,-12.0,-14.0,-26.0,-23.2,-22.4
81.96,-12.9,-16.0,-26.6,-20.6,-21.9
81.97,-13.8,-18.6,-27.1,-20.5,-21.3
81.98,-14.0,-21.3,-27.6,-19.4,-21.2
81.99,-13.8,-23.4,-27.9,-17.9,-21.2
82.00,-14.0,-25.5,-28.2,-17.9,-21.0
82.01,-13.8,-27.0,-28.9,-17.7,-20.6
82.02,-13.8,-28.5,-29.4,-17.3,-20.4
82.03,-14.0,-30.0,-29.5,-18.0,-20.4
82.04,-14.4,-30.2,-29.4,-17.4,-20.8
82.05,-14.6,-29.1,-29.5,-17.5,-21.2
82.06,-14.0,-21.9,-29.6,-17.9,-21.4
82.07,-12.9,-17.3,-30.0,-17.3,-21.7
82.08,-10.9,-15.5,-17.6,-17.7,-21.4
82.09,-8.8,-14.6,-12.7,-17.8,-21.0
82.10,-8.3,-13.8,-11.8,-18.1,-21.2
82.11,-8.4,-13.9,-11.7,-18.2,-21.0
82.12,-8.3,-14.1,-11.6,-18.3,-21.4
82.13,-9.6,-14.1,-13.6,-18.7,-22.1
82.14,-10.6,-14.0,-19.8,-17.8,-22.2
82.15,-10.6,-13.6,-20.1,-18.7,-22.5
82.16,-10.7,-13.4,-20.4,-18.2,-22.7
82.17,-10.2,-13.1,-19.8,-18.0,-22.1
82.18,-10.2,-12.9,-21.4,-17.9,-22.0
82.19,-10.0,-12.7,-21.5,-17.9,-22.0
82.20,-10.0,-12.7,-23.0,-17.5,-21.8
82.21,-10.1,-13.1,-22.7,-17.6,-21.6
82.22,-10.4,-13.5,-23.2,-18.1,-21.4
82.23,-10.7,-13.8,-23.1,-17.7,-21.3
82.24,-10.6,-14.1,-23.2,-17.6,-20.9
82.25,-10.7,-14.6,-23.9,-18.4,-19.9
82.26,-10.6,-15.3,-25.2,-17.1,-19.9
82.27,-11.1,-16.4,-26.7,-17.2,-19.5
82.28,-11.9,-18.4,-27.6,-17.7,-19.3
82.29,-12.6,-21.7,-28.4,-17.4,-19.6
82.30,-12.5,-23.9,-28.8,-16.5,-19.4
82.31,-13.7,-25.1,-29.4,-17.8,-19.2
82.32,-13.9,-26.2,-30.4,-17.5,-19.3
82.33,-13.2,-26.0,-30.4,-16.7,-19.0
82.34,-13.6,-25.9,-30.7,-17.9,-18.9
82.35,-13.8,-26.2,-31.2,-18.0,-19.0
82.36,-13.4,-26.6,-30.4,-17.0,-19.6
82.37,-13.6,-27.5,-30.8,-17.3,-19.9
82.38,-14.0,-26.0,-31.0,-17.9,-20.5
82.39,-12.4,-22.8,-18.9,-16.9,-20.9
82.40,-9.4,-18.2,-13.6,-16.8,-21.6
82.41,-8.1,-15.7,-11.1,-17.8,-22.3
82.42,-7.7,-14.4,-10.9,-17.7,-22.8
82.43,-7.2,-13.5,-10.8,-16.6,-23.3
82.44,-8.2,-12.6,-12.4,-17.8,-24.2
82.45,-9.2,-12.7,-15.2,-17.6,-24.1
82.46,-9.8,-12.6,-17.7,-16.7,-24.0
82.47,-10.1,-12.6,-18.5,-17.6,-24.2
82.48,-10.3,-12.6,-18.7,-17.9,-24.7
82.49,-10.3,-12.9,-19.3,-17.2,-24.5
82.50,-10.2,-13.0,-20.7,-16.9,-24.1
82.51,-10.4,-13.3,-22.0,-17.6,-23.8
82.52,-10.0,-13.4,-22.3,-16.9,-22.9
82.53,-9.8,-13.4,-22.7,-16.5,-22.0
82.54,-10.1,-13.3,-22.9,-17.5,-21.9
82.55,-9.8,-13.1,-23.1,-17.4,-21.5
82.56,-9.5,-12.9,-23.5,-16.5,-20.7
82.57,-10.0,-12.7,-24.7,-17.6,-20.5
82.58,-9.9,-12.7,-25.4,-17.5,-20.2
82.59,-9.6,-13.2,-26.9,-16.7,-19.4
82.60,-10.6,-14.5,-28.3,-17.3,-19.3
82.61,-11.5,-16.2,-29.2,-17.7,-19.4
82.62,-12.2,-19.0,-29.4,-17.1,-19.3
82.63,-13.1,-25.5,-29.6,-17.2,-19.4
82.64,-14.1,-32.6,-29.7,-17.7,-19.4
82.65,-13.9,-33.6,-29.7,-17.3,-19.7
82.66,-13.8,-33.8,-29.8,-16.9,-19.7
82.67,-14.3,-34.7,-30.0,-17.8,-19.6
82.68,-14.2,-34.8,-30.2,-17.6,-19.5
82.69,-13.6,-34.8,-30.5,-16.6,-19.3
82.70,-13.7,-33.2,-30.7,-17.5,-18.9
82.71,-11.9,-22.7,-19.3,-17.3,-19.0
82.72,-9.5,-19.6,-12.7,-16.5,-19.4
82.73,-9.1,-16.8,-11.5,-17.2,-19.8
82.74,-8.7,-15.0,-11.3,-17.6,-20.5
82.75,-8.3,-13.5,-11.3,-16.8,-21.4
82.76,-8.8,-12.6,-12.7,-17.3,-21.9
82.77,-9.7,-12.2,-19.0,-17.9,-22.0
82.78,-9.3,-11.9,-20.9,-17.2,-21.8
82.79,-9.0,-11.9,-18.5,-17.1,-22.1
82.80,-9.2,-12.1,-16.0,-18.2,-22.7
82.81,-9.0,-12.6,-15.6,-17.7,-23.0
82.82,-9.1,-13.1,-15.1,-17.1,-22.8
82.83,-9.4,-13.1,-15.1,-18.3,-22.5
82.84,-9.8,-12.9,-17.1,-18.0,-22.1
82.85,-9.7,-12.9,-19.0,-17.0,-22.1
82.86,-10.0,-12.6,-20.6,-17.7,-22.5
82.87,-10.3,-12.9,-22.1,-18.2,-22.9
82.88,-10.3,-13.1,-23.3,-17.3,-23.1
82.89,-10.9,-13.6,-24.7,-18.1,-23.0
82.90,-11.1,-13.7,-25.7,-18.3,-22.6
82.91,-11.0,-13.9,-26.9,-17.9,-22.7
82.92,-11.1,-14.1,-27.9,-17.5,-23.0
82.93,-11.4,-14.3,-28.9,-18.5,-22.6
82.94,-11.6,-14.6,-29.3,-18.1,-22.7
82.95,-11.4,-14.6,-29.8,-17.7,-22.0
82.96,-11.3,-14.4,-30.1,-18.9,-20.9
82.97,-10.9,-13.8,-30.1,-18.7,-20.2
82.98,-10.4,-13.2,-30.0,-17.6,-20.3
82.99,-10.5,-13.0,-29.8,-18.4,-20.6
83.00,-11.0,-13.7,-29.9,-18.6,-20.3
83.01,-11.3,-14.9,-30.0,-17.4,-20.4
83.02,-11.7,-16.6,-19.9,-18.2,-21.1
83.03,-10.4,-17.8,-13.7,-18.7,-21.5
83.04,-9.4,-17.2,-10.9,-18.0,-21.9
83.05,-8.5,-15.2,-10.5,-17.8,-22.7
83.06,-8.3,-14.0,-10.3,-18.7,-23.2
83.07,-8.6,-13.3,-11.8,-17.6,-22.6
83.08,-9.5,-13.1,-15.1,-17.4,-22.1
83.09,-10.1,-13.3,-18.4,-18.0,-22.2
83.10,-10.2,-13.5,-18.8,-17.9,-22.4
83.11,-10.1,-13.5,-19.3,-17.1,-22.5
83.12,-10.3,-13.3,-19.5,-18.3,-22.5
83.13,-10.6,-13.4,-21.0,-17.9,-22.4
83.14,-10.7,-13.8,-21.8,-17.3,-22.0
83.15,-10.9,-14.0,-22.7,-18.1,-21.3
83.16,-11.1,-14.4,-23.3,-18.4,-20.9
83.17,-10.7,-14.9,-24.0,-17.9,-19.7
83.18,-11.0,-14.8,-24.5,-18.2,-20.0
83.19,-11.2,-15.0,-25.0,-18.6,-19.4
83.20,-11.6,-15.4,-25.8,-18.1,-19.5
83.21,-11.8,-15.7,-25.7,-17.9,-19.5
83.22,-12.3,-16.4,-24.3,-18.9,-19.6
83.23,-12.6,-17.4,-24.3,-19.1,-19.2
83.24,-12.3,-18.3,-24.2,-17.9,-19.3
83.25,-12.8,-19.4,-24.6,-19.3,-19.3
83.26,-13.3,-20.7,-26.9,-18.9,-19.7
83.27,-14.1,-22.1,-28.1,-19.3,-19.9
83.28,-14.1,-23.8,-29.2,-18.9,-20.0
83.29,-14.2,-25.9,-29.4,-19.1,-20.3
83.30,-14.3,-28.2,-29.6,-19.4,-20.1
83.31,-14.0,-30.1,-29.9,-18.5,-20.1
83.32,-14.4,-31.4,-30.0,-19.0,-20.2
83.33,-14.1,-31.4,-30.4,-18.8,-20.0
83.34,-13.4,-29.0,-25.1,-19.1,-19.2
83.35,-9.9,-24.7,-12.7,-18.9,-19.4
83.36,-8.9,-18.7,-11.8,-19.6,-18.9
83.37,-8.3,-14.8,-11.6,-19.2,-19.3
83.38,-7.9,-12.6,-11.6,-20.4,-20.0
83.39,-8.1,-11.6,-13.1,-20.2,-20.3
83.40,-9.2,-11.1,-18.3,-19.8,-20.6
83.41,-9.8,-11.3,-20.7,-20.3,-20.8
83.42,-10.3,-11.8,-21.9,-21.6,-20.9
83.43,-10.8,-12.6,-21.5,-21.0,-20.3
83.44,-10.8,-12.9,-22.3,-22.2,-20.1
83.45,-10.7,-12.8,-22.0,-20.7,-20.4
83.46,-10.7,-13.0,-23.4,-21.0,-20.1
83.47,-10.5,-13.3,-23.2,-20.1,-19.9
83.48,-10.6,-13.5,-23.8,-20.4,-19.6
83.49,-10.6,-13.8,-24.0,-20.0,-19.4
83.50,-10.7,-14.1,-25.1,-20.9,-18.6
83.51,-10.7,-13.7,-25.7,-21.9,-18.7
83.52,-11.1,-13.5,-26.9,-23.2,-19.1
83.53,-10.2,-13.1,-28.2,-20.0,-18.9
83.54,-10.0,-12.6,-29.5,-19.1,-19.0
83.55,-9.8,-12.3,-30.1,-18.0,-19.7
83.56,-9.4,-12.0,-30.3,-17.3,-19.5
83.57,-9.1,-11.6,-30.3,-16.7,-19.9
83.58,-9.4,-11.4,-30.5,-17.7,-19.7
83.59,-9.5,-11.4,-30.8,-17.3,-19.9
83.60,-9.9,-11.7,-30.8,-18.0,-19.9
83.61,-10.0,-12.2,-30.5,-17.4,-19.8
83.62,-10.0,-12.4,-30.2,-17.7,-19.4
83.63,-9.8,-12.6,-30.4,-17.2,-19.1
83.64,-9.6,-12.5,-30.5,-17.4,-18.5
83.65,-9.1,-12.4,-26.9,-17.0,-18.4
83.66,-8.4,-12.7,-14.6,-17.5,-18.8
83.67,-7.8,-13.1,-11.4,-17.0,-18.9
83.68,-8.0,-13.4,-10.7,-17.9,-20.3
83.69,-7.9,-14.0,-10.4,-17.3,-20.2
83.70,-8.8,-14.6,-11.2,-18.3,-21.1
83.71,-10.3,-14.9,-13.1,-17.9,-20.7
83.72,-11.5,-15.4,-17.2,-18.7,-20.7
83.73,-11.1,-16.1,-17.7,-18.3,-19.7
83.74,-11.7,-17.0,-18.3,-19.2,-20.4
83.75,-11.9,-18.1,-18.5,-18.5,-19.9
83.76,-12.3,-19.7,-20.4,-19.1,-20.3
83.77,-12.1,-23.2,-21.4,-18.2,-19.9
83.78,-13.7,-25.7,-22.1,-18.6,-20.4
83.79,-12.4,-27.3,-22.2,-17.8,-18.6
83.80,-12.4,-27.0,-23.1,-18.2,-18.7
83.81,-11.7,-24.9,-23.7,-17.6,-18.2
83.82,-11.8,-21.6,-24.4,-18.1,-18.2
83.83,-11.3,-18.5,-26.1,-17.7,-18.7
83.84,-11.7,-16.5,-27.2,-18.1,-19.2
83.85,-11.2,-15.0,-28.1,-18.0,-19.5
83.86,-11.2,-14.1,-28.6,-18.1,-19.5
83.87,-10.8,-13.8,-29.3,-18.0,-19.3
83.88,-10.7,-13.6,-29.4,-18.0,-19.3
83.89,-10.5,-13.5,-29.6,-18.0,-19.8
83.90,-10.3,-13.3,-30.0,-18.1,-19.5
83.91,-10.6,-13.2,-30.5,-18.1,-20.1
83.92,-10.7,-13.5,-30.9,-18.1,-20.1
83.93,-11.3,-13.9,-31.2,-18.2,-20.0
83.94,-11.9,-14.6,-30.9,-18.1,-20.0
83.95,-12.6,-15.6,-30.9,-18.2,-19.7
83.96,-12.8,-16.3,-30.7,-18.2,-19.8
83.97,-12.6,-16.2,-25.4,-18.2,-20.0
83.98,-9.1,-16.7,-13.0,-18.3,-20.4
83.99,-8.3,-14.8,-11.6,-18.3,-21.5
84.00,-7.8,-13.1,-11.5,-18.4,-21.9
84.01,-7.4,-11.6,-11.4,-18.4,-21.8
84.02,-7.6,-10.6,-12.5,-18.6,-21.8
84.03,-8.4,-10.0,-17.3,-18.4,-20.8
84.04,-8.9,-10.4,-21.2,-18.8,-20.6
84.05,-9.2,-11.2,-21.7,-18.9,-20.4
84.06,-9.4,-11.9,-21.3,-19.2,-20.4
84.07,-9.7,-12.5,-21.3,-19.3,-20.4
84.08,-9.9,-12.7,-21.5,-18.9,-19.8
84.09,-10.0,-12.6,-22.7,-18.8,-19.9
84.10,-10.3,-12.6,-22.4,-18.4,-20.0
84.11,-10.2,-12.5,-23.3,-18.4,-19.9
84.12,-9.9,-12.3,-23.4,-18.2,-20.1
84.13,-9.8,-12.4,-24.0,-18.2,-19.8
84.14,-9.8,-12.6,-24.4,-18.1,-19.8
84.15,-9.6,-12.7,-25.3,-18.2,-19.1
84.16,-9.6,-13.0,-26.2,-17.9,-19.0
84.17,-10.1,-13.5,-27.5,-18.0,-19.3
84.18,-10.7,-14.0,-28.5,-17.7,-20.1
84.19,-11.6,-15.2,-29.3,-18.3,-20.5
84.20,-12.1,-17.2,-29.8,-17.8,-20.1
84.21,-12.9,-20.3,-29.7,-18.5,-19.2
84.22,-12.9,-24.9,-29.7,-17.9,-18.5
84.23,-12.8,-27.8,-30.0,-18.5,-17.8
84.24,-12.5,-29.7,-30.2,-17.9,-17.6
84.25,-12.9,-30.5,-30.6,-18.3,-18.1
84.26,-13.5,-30.7,-30.5,-18.0,-18.3
84.27,-14.1,-31.0,-30.4,-18.7,-18.2
84.28,-14.2,-31.8,-30.1,-18.3,-18.1
84.29,-10.9,-32.5,-13.3,-18.7,-18.5
84.30,-9.7,-33.5,-10.6,-18.2,-19.1
84.31,-9.2,-35.0,-9.9,-18.5,-19.3
84.32,-8.6,-37.0,-9.6,-18.1,-20.1
84.33,-9.2,-38.3,-10.1,-18.6,-20.4
84.34,-10.7,-39.4,-11.4,-18.4,-20.4
84.35,-12.4,-40.3,-15.8,-19.3,-20.3
84.36,-13.5,-41.0,-17.4,-19.1,-20.1
84.37,-14.2,-41.2,-17.9,-20.2,-20.3
84.38,-13.7,-40.7,-18.2,-19.2,-19.7
84.39,-13.7,-40.7,-20.1,-19.9,-19.1
84.40,-12.9,-41.5,-21.1,-19.0,-19.1
84.41,-13.0,-41.6,-21.7,-19.3,-18.7
84.42,-12.8,-40.5,-22.0,-18.8,-18.5
84.43,-12.9,-36.3,-22.4,-19.3,-18.3
84.44,-12.8,-28.5,-23.0,-18.8,-18.6
84.45,-12.9,-21.2,-23.7,-19.1,-18.9
84.46,-11.5,-16.9,-24.8,-18.7,-19.3
84.47,-10.6,-13.7,-26.0,-18.8,-19.6
84.48,-9.2,-11.9,-27.2,-18.5,-19.1
84.49,-8.8,-10.9,-28.2,-18.8,-19.5
84.50,-8.6,-10.8,-29.2,-18.5,-19.3
84.51,-9.1,-11.3,-29.7,-19.0,-19.7
84.52,-10.3,-12.6,-30.2,-18.7,-20.1
84.53,-11.8,-14.4,-30.2,-19.6,-20.5
84.54,-12.6,-16.3,-30.3,-19.1,-19.9
84.55,-13.5,-18.8,-30.2,-19.6,-20.0
84.56,-13.6,-21.2,-30.4,-19.4,-20.1
84.57,-14.0,-24.3,-30.3,-19.8,-19.7
84.58,-13.8,-28.0,-30.6,-19.5,-19.6
84.59,-14.3,-26.4,-30.5,-20.2,-19.7
84.60,-13.8,-21.8,-27.2,-20.8,-19.7
84.61,-10.2,-17.2,-14.3,-21.8,-19.8
84.62,-8.9,-14.8,-11.8,-22.7,-20.6
84.63,-8.2,-12.7,-11.6,-23.9,-21.4
84.64,-8.0,-12.0,-11.5,-25.5,-20.9
84.65,-8.1,-11.9,-11.7,-25.2,-21.2
84.66,-9.9,-12.4,-16.6,-23.7,-20.8
84.67,-10.8,-12.9,-20.8,-24.2,-20.6
84.68,-11.6,-14.0,-21.1,-24.5,-20.7
84.69,-11.6,-14.4,-20.9,-22.4,-21.1
84.70,-11.7,-14.6,-20.6,-23.6,-20.8
84.71,-12.6,-15.3,-21.9,-23.5,-20.9
84.72,-12.3,-15.4,-22.5,-21.9,-20.8
84.73,-12.4,-15.4,-21.8,-22.9,-20.7
84.74,-12.1,-15.1,-21.7,-22.9,-20.5
84.75,-11.5,-14.6,-21.2,-21.7,-20.5
84.76,-10.2,-14.4,-15.4,-23.3,-20.3
84.77,-9.4,-14.4,-12.7,-24.5,-20.4
84.78,-9.0,-14.2,-12.2,-24.0,-20.7
84.79,-8.8,-13.6,-11.9,-26.2,-21.2
84.80,-8.6,-13.1,-11.8,-25.0,-21.6
84.81,-9.3,-12.4,-14.6,-23.2,-22.0
84.82,-10.0,-12.2,-17.9,-23.1,-22.0
84.83,-10.4,-12.4,-19.7,-21.9,-22.2
84.84,-10.9,-12.9,-21.5,-21.5,-22.1
84.85,-11.6,-13.7,-22.6,-22.5,-21.7
84.86,-12.1,-14.4,-23.3,-22.0,-21.5
84.87,-12.2,-15.1,-23.9,-22.1,-21.0
84.88,-12.6,-15.9,-24.1,-22.3,-20.5
84.89,-12.7,-16.8,-24.2,-22.0,-20.4
84.90,-13.2,-18.4,-24.6,-22.8,-19.8
84.91,-13.9,-20.1,-25.0,-22.7,-20.0
84.92,-11.3,-21.4,-14.3,-22.2,-20.3
84.93,-9.6,-22.3,-11.1,-22.8,-20.0
84.94,-9.0,-22.9,-10.3,-22.8,-20.7
84.95,-8.9,-22.9,-10.0,-23.1,-21.0
84.96,-8.9,-22.9,-10.0,-22.4,-21.1
84.97,-10.0,-23.1,-12.2,-21.8,-20.9
84.98,-12.0,-22.9,-16.0,-21.3,-20.4
84.99,-12.7,-22.6,-17.9,-20.5,-20.2
85.00,-12.8,-22.1,-19.3,-20.1,-19.9
85.01,-12.5,-21.5,-19.8,-20.7,-19.5
85.02,-13.4,-21.0,-21.5,-20.3,-19.9
85.03,-13.0,-20.5,-22.3,-20.4,-20.0
85.04,-13.2,-20.1,-23.7,-20.8,-19.8
85.05,-12.8,-19.5,-23.2,-20.5,-19.8
85.06,-13.0,-18.9,-23.4,-20.4,-20.1
85.07,-12.5,-18.4,-23.0,-20.5,-20.1
85.08,-11.7,-18.1,-17.5,-20.3,-20.4
85.09,-10.8,-17.6,-14.5,-20.7,-20.9
85.10,-10.5,-17.3,-13.7,-21.2,-21.3
85.11,-10.2,-17.0,-13.2,-21.2,-21.2
85.12,-9.9,-16.7,-13.2,-21.0,-20.7
85.13,-11.1,-16.7,-15.2,-21.5,-20.1
85.14,-11.0,-17.1,-17.1,-20.6,-19.5
85.15,-11.6,-17.8,-19.0,-20.3,-19.3
85.16,-11.5,-18.2,-16.5,-21.1,-19.4
85.17,-10.5,-19.0,-15.3,-20.4,-19.5
85.18,-10.6,-19.9,-14.7,-20.4,-19.6
85.19,-10.1,-20.9,-14.3,-19.9,-19.4
85.20,-10.5,-22.4,-14.4,-19.9,-19.6
85.21,-11.7,-24.4,-16.5,-20.7,-19.5
85.22,-12.2,-24.1,-17.7,-20.0,-19.5
85.23,-12.2,-20.5,-18.2,-20.8,-19.9
85.24,-10.7,-18.3,-13.5,-21.2,-20.4
85.25,-9.6,-16.7,-11.4,-21.4,-20.6
85.26,-8.6,-14.7,-11.0,-21.5,-20.6
85.27,-8.3,-13.3,-10.9,-23.1,-19.9
85.28,-8.6,-12.4,-12.1,-22.6,-20.0
85.29,-8.5,-12.1,-15.0,-21.7,-19.3
85.30,-9.1,-11.9,-18.4,-21.9,-19.1
85.31,-9.2,-12.5,-17.9,-21.1,-19.1
85.32,-8.9,-13.2,-14.5,-20.5,-19.8
85.33,-9.4,-14.0,-13.6,-21.6,-20.5
85.34,-9.7,-14.2,-13.6,-21.0,-21.2
85.35,-9.7,-14.2,-13.5,-20.8,-21.5
85.36,-10.3,-14.1,-14.7,-21.6,-21.1
85.37,-10.2,-13.6,-17.6,-21.8,-20.7
85.38,-10.4,-13.3,-19.2,-21.7,-20.5
85.39,-10.1,-12.9,-19.6,-23.2,-20.1
85.40,-9.4,-12.7,-16.9,-24.0,-19.9
85.41,-9.3,-12.4,-16.2,-24.9,-20.1
85.42,-9.2,-12.3,-15.8,-25.9,-20.2
85.43,-9.5,-12.5,-15.5,-30.3,-20.4
85.44,-10.1,-12.9,-16.5,-31.4,-20.3
85.45,-11.3,-14.0,-18.5,-37.9,-20.6
85.46,-12.2,-15.3,-20.0,-39.9,-20.6
85.47,-13.1,-18.0,-20.0,-38.8,-20.4
85.48,-13.0,-21.1,-17.9,-38.1,-20.4
85.49,-12.7,-25.2,-16.1,-37.6,-20.7
85.50,-12.4,-29.2,-15.6,-32.9,-20.8
85.51,-12.3,-30.9,-15.5,-32.5,-20.4
85.52,-12.7,-32.5,-15.8,-33.5,-20.4
85.53,-14.0,-30.9,-18.0,-33.7,-20.4
85.54,-15.0,-26.8,-19.8,-34.2,-20.3
85.55,-13.5,-23.9,-16.9,-36.0,-20.6
85.56,-10.3,-23.0,-12.2,-32.9,-20.7
85.57,-9.7,-22.0,-11.4,-31.3,-20.7
85.58,-9.1,-19.2,-11.0,-29.6,-20.9
85.59,-8.5,-17.1,-10.9,-27.9,-20.9
85.60,-9.0,-15.6,-12.0,-27.2,-20.9
85.61,-9.6,-14.2,-14.6,-26.5,-20.8
85.62,-9.4,-13.3,-15.3,-25.5,-20.7
85.63,-9.4,-13.1,-15.3,-24.2,-20.7
85.64,-9.0,-13.0,-14.4,-23.2,-20.8
85.65,-9.1,-13.0,-14.7,-23.1,-20.6
85.66,-9.2,-13.1,-14.9,-22.9,-20.6
85.67,-9.1,-13.3,-14.9,-22.5,-20.5
85.68,-9.7,-13.3,-15.7,-22.7,-20.4
85.69,-9.6,-13.2,-16.2,-22.7,-20.5
85.70,-9.4,-12.8,-15.3,-22.6,-20.7
85.71,-8.8,-12.5,-13.9,-22.5,-20.9
85.72,-8.4,-12.0,-13.2,-23.0,-21.3
85.73,-8.2,-12.1,-13.3,-23.1,-21.7
85.74,-8.9,-12.9,-13.6,-23.7,-21.6
85.75,-9.4,-14.1,-14.4,-24.3,-21.0
85.76,-11.1,-16.4,-16.4,-24.5,-20.2
85.77,-13.0,-20.6,-18.8,-24.0,-19.5
85.78,-13.9,-25.5,-19.7,-23.8,-19.2
85.79,-12.0,-30.5,-15.7,-23.9,-19.2
85.80,-11.8,-32.3,-14.6,-23.6,-19.5
85.81,-11.3,-32.3,-13.7,-23.6,-19.9
85.82,-10.7,-31.2,-13.0,-23.5,-20.1
85.83,-10.0,-29.8,-12.8,-23.0,-20.2
85.84,-11.1,-28.0,-14.5,-22.6,-20.2
85.85,-11.2,-24.8,-15.9,-22.4,-20.4
85.86,-11.5,-23.0,-16.9,-21.8,-20.3
85.87,-10.8,-21.5,-14.7,-21.2,-20.2
85.88,-9.6,-20.0,-11.3,-21.0,-20.0
85.89,-9.5,-18.1,-11.1,-21.6,-19.9
85.90,-9.1,-15.7,-11.1,-22.7,-19.9
85.91,-8.5,-13.9,-11.1,-22.2,-19.9
85.92,-9.2,-12.8,-14.4,-22.8,-20.0
85.93,-9.2,-11.8,-19.8,-23.4,-20.4
85.94,-8.8,-11.5,-19.0,-23.6,-20.6
85.95,-8.3,-11.5,-17.5,-21.7,-21.1
85.96,-8.4,-11.7,-17.1,-22.3,-21.8
85.97,-8.0,-11.9,-16.3,-21.7,-20.5
85.98,-7.9,-12.1,-16.8,-20.7,-19.6
85.99,-7.9,-12.5,-17.1,-20.7,-18.6
86.00,-8.2,-12.5,-18.1,-21.5,-17.9
86.01,-8.9,-12.9,-19.7,-21.9,-17.3
86.02,-9.2,-12.9,-20.6,-23.6,-16.8
86.03,-9.7,-13.2,-21.9,-24.7,-17.2
86.04,-10.0,-13.5,-21.1,-26.8,-17.9
86.05,-10.1,-13.7,-21.0,-26.2,-18.4
86.06,-9.9,-14.2,-21.1,-23.5,-18.4
86.07,-10.3,-14.3,-21.5,-23.9,-18.1
86.08,-10.4,-14.3,-22.9,-22.5,-18.1
86.09,-10.5,-14.2,-24.6,-22.3,-18.1
86.10,-10.8,-14.0,-24.8,-24.3,-18.0
86.11,-10.5,-13.7,-24.3,-23.0,-18.8
86.12,-10.4,-13.8,-22.8,-22.8,-19.3
86.13,-9.8,-13.6,-22.2,-23.1,-18.3
86.14,-9.4,-13.2,-21.8,-22.0,-17.9
86.15,-9.4,-13.2,-22.1,-22.5,-17.3
86.16,-9.5,-13.4,-22.9,-22.5,-16.8
86.17,-9.5,-13.3,-23.7,-23.2,-16.5
86.18,-9.9,-13.6,-18.0,-26.9,-16.7
86.19,-9.6,-13.8,-14.6,-27.5,-17.2
86.20,-9.1,-13.7,-12.7,-27.8,-17.3
86.21,-9.2,-13.7,-12.5,-29.3,-17.2
86.22,-9.1,-13.6,-12.3,-26.3,-17.8
86.23,-9.8,-13.5,-14.5,-24.6,-18.3
86.24,-9.8,-13.6,-16.8,-24.3,-17.9
86.25,-9.9,-13.8,-19.0,-23.3,-18.0
86.26,-9.7,-13.8,-20.4,-23.0,-17.7
86.27,-10.0,-13.8,-21.1,-24.8,-17.5
86.28,-9.9,-13.9,-21.9,-24.1,-17.1
86.29,-9.7,-13.8,-22.6,-22.8,-16.6
86.30,-9.7,-13.8,-24.1,-22.9,-16.4
86.31,-9.7,-13.9,-24.2,-22.7,-16.4
86.32,-9.7,-14.1,-24.3,-21.5,-16.7
86.33,-10.2,-14.4,-24.6,-21.9,-17.0
86.34,-11.1,-14.8,-25.4,-23.3,-17.9
86.35,-11.4,-15.1,-26.0,-22.4,-18.2
86.36,-11.5,-14.9,-26.6,-23.1,-18.7
86.37,-11.6,-14.4,-27.3,-24.1,-19.3
86.38,-11.1,-14.1,-27.5,-21.3,-19.4
86.39,-11.1,-13.5,-27.3,-22.5,-19.7
86.40,-10.8,-13.4,-27.3,-21.6,-19.6
86.41,-10.4,-13.2,-27.4,-20.1,-19.5
86.42,-10.9,-13.5,-27.4,-21.1,-19.6
86.43,-11.0,-14.0,-27.5,-20.4,-19.2
86.44,-11.1,-14.6,-27.5,-19.9,-18.9
86.45,-11.4,-15.2,-27.5,-21.3,-18.5
86.46,-11.1,-15.2,-27.3,-20.4,-17.2
86.47,-10.9,-15.7,-27.5,-20.6,-16.6
86.48,-10.7,-15.4,-27.9,-20.8,-16.1
86.49,-10.5,-15.6,-27.7,-20.4,-15.9
86.50,-10.0,-15.5,-17.3,-21.2,-16.5
86.51,-9.4,-15.6,-12.1,-21.9,-17.3
86.52,-9.1,-15.4,-11.4,-22.5,-18.3
86.53,-9.1,-15.2,-11.2,-24.3,-18.8
86.54,-9.1,-15.1,-11.2,-23.2,-19.2
86.55,-9.9,-14.8,-13.2,-23.1,-19.7
86.56,-10.7,-14.5,-19.4,-23.3,-19.5
86.57,-10.9,-14.5,-20.0,-20.8,-20.1
86.58,-11.0,-14.3,-20.3,-20.8,-20.4
86.59,-11.2,-14.3,-20.2,-21.7,-20.4
86.60,-11.2,-14.1,-21.8,-20.9,-21.0
86.61,-11.5,-14.1,-22.3,-21.8,-20.8
86.62,-11.1,-13.9,-24.0,-22.5,-20.0
86.63,-10.9,-13.8,-24.4,-22.3,-19.2
86.64,-10.8,-13.8,-24.7,-23.6,-18.6
86.65,-10.7,-13.6,-25.3,-22.4,-18.4
86.66,-10.6,-13.5,-25.9,-22.8,-17.9
86.67,-10.5,-13.3,-26.9,-23.0,-17.6
86.68,-10.6,-13.1,-27.8,-23.5,-17.7
86.69,-10.7,-12.9,-28.1,-25.2,-17.7
86.70,-10.2,-12.8,-28.3,-24.1,-17.1
86.71,-9.9,-12.8,-28.1,-23.8,-17.2
86.72,-9.8,-12.9,-28.1,-20.9,-17.2
86.73,-9.9,-13.0,-28.0,-20.6,-17.4
86.74,-10.1,-13.2,-27.2,-20.6,-17.2
86.75,-10.0,-13.6,-26.1,-19.5,-17.2
86.76,-10.2,-13.6,-26.0,-20.5,-17.2
86.77,-10.1,-13.9,-25.8,-19.8,-17.4
86.78,-9.9,-13.7,-25.8,-19.8,-18.0
86.79,-10.5,-14.0,-26.9,-20.8,-18.5
86.80,-10.7,-14.2,-27.1,-19.3,-18.9
86.81,-10.3,-15.3,-18.2,-19.7,-18.4
86.82,-9.5,-15.6,-13.6,-19.5,-19.0
86.83,-8.6,-14.9,-10.8,-18.9,-19.2
86.84,-8.0,-13.8,-10.3,-19.9,-19.3
86.85,-8.0,-13.1,-10.2,-19.9,-19.9
86.86,-8.5,-12.3,-11.5,-19.2,-20.0
86.87,-9.1,-12.1,-14.8,-20.9,-19.5
86.88,-9.7,-12.6,-17.6,-20.2,-19.5
86.89,-9.9,-12.8,-18.4,-20.0,-19.6
86.90,-10.1,-12.8,-19.7,-21.6,-19.7
86.91,-9.9,-12.9,-20.1,-20.0,-19.4
86.92,-10.3,-13.1,-21.8,-20.1,-18.8
86.93,-10.2,-13.0,-22.8,-20.7,-18.6
86.94,-9.7,-13.0,-23.7,-19.5,-17.6
86.95,-9.8,-13.0,-23.9,-20.1,-17.3
86.96,-9.5,-13.0,-24.0,-19.5,-17.2
86.97,-9.5,-12.8,-23.9,-19.7,-17.1
86.98,-10.0,-12.9,-24.2,-21.0,-17.6
86.99,-10.4,-12.9,-25.3,-20.0,-18.2
87.00,-10.6,-13.0,-26.0,-20.4,-17.1
87.01,-10.3,-13.3,-27.1,-20.3,-16.8
87.02,-10.3,-13.6,-28.6,-20.0,-16.4
87.03,-10.2,-14.1,-28.9,-20.5,-16.1
87.04,-10.1,-14.3,-29.3,-19.7,-16.3
87.05,-10.3,-14.4,-29.6,-19.7,-16.9
87.06,-10.9,-14.5,-29.9,-19.8,-17.6
87.07,-11.1,-14.4,-30.0,-19.6,-18.1
87.08,-11.3,-14.3,-30.2,-20.1,-18.4
87.09,-11.2,-14.2,-30.4,-19.9,-18.4
87.10,-11.5,-14.2,-30.7,-20.0,-18.7
87.11,-11.5,-14.1,-30.5,-21.6,-18.5
87.12,-11.5,-14.3,-30.5,-21.5,-18.7
87.13,-11.3,-14.2,-23.0,-22.8,-18.9
87.14,-9.1,-14.2,-12.6,-27.5,-19.3
87.15,-8.7,-14.2,-11.6,-28.0,-19.5
87.16,-8.3,-13.7,-11.5,-27.1,-20.1
87.17,-8.3,-13.7,-11.4,-26.3,-20.2
87.18,-8.8,-13.7,-12.9,-24.3,-20.2
87.19,-10.2,-13.8,-18.2,-22.9,-20.3
87.20,-10.5,-14.0,-20.8,-22.0,-20.1
87.21,-11.0,-14.5,-21.9,-21.9,-19.9
87.22,-10.8,-14.8,-21.4,-20.8,-19.8
87.23,-11.3,-15.0,-22.4,-20.8,-20.0
87.24,-11.2,-15.2,-22.5,-20.0,-20.0
87.25,-11.2,-15.1,-23.3,-19.9,-20.2
87.26,-10.5,-14.8,-22.8,-19.2,-19.8
87.27,-10.5,-14.3,-23.4,-19.5,-19.8
87.28,-10.1,-14.1,-23.7,-19.1,-19.7
87.29,-10.2,-14.1,-24.2,-19.5,-19.7
87.30,-10.5,-14.1,-25.7,-19.5,-19.9
87.31,-10.4,-14.4,-26.6,-19.1,-19.4
87.32,-10.6,-14.9,-27.6,-18.7,-19.2
87.33,-10.8,-15.1,-28.9,-19.2,-18.8
87.34,-10.8,-15.2,-29.8,-18.6,-18.3
87.35,-11.0,-14.9,-30.8,-19.5,-18.0
87.36,-10.9,-14.7,-31.2,-19.5,-18.0
87.37,-11.3,-14.4,-31.5,-19.7,-18.6
87.38,-11.2,-14.2,-31.5,-19.6,-19.5
87.39,-11.3,-14.3,-31.4,-19.7,-20.0
87.40,-11.6,-14.4,-31.5,-19.4,-20.5
87.41,-11.4,-14.5,-31.5,-18.8,-20.0
87.42,-11.3,-14.6,-31.6,-19.2,-20.0
87.43,-10.9,-14.6,-31.4,-19.1,-18.6
87.44,-10.6,-14.7,-24.4,-18.8,-17.7
87.45,-9.1,-14.8,-14.0,-19.3,-17.4
87.46,-8.7,-15.2,-10.9,-19.4,-18.0
87.47,-8.3,-15.3,-10.4,-19.1,-18.4
87.48,-8.3,-15.5,-10.2,-19.8,-18.7
87.49,-9.1,-15.5,-11.1,-19.7,-19.8
87.50,-9.8,-15.5,-14.1,-19.8,-19.9
87.51,-10.9,-15.3,-18.5,-20.6,-19.8
87.52,-10.8,-14.8,-19.3,-19.8,-19.8
87.53,-10.9,-14.5,-20.0,-19.8,-20.1
87.54,-10.6,-13.9,-20.4,-20.2,-19.9
87.55,-10.8,-13.5,-21.7,-20.2,-20.0
87.56,-10.5,-13.3,-22.7,-19.9,-19.8
87.57,-10.3,-13.1,-23.6,-20.7,-19.4
87.58,-10.5,-13.2,-23.7,-20.6,-19.6
87.59,-10.3,-13.2,-24.0,-20.2,-19.6
87.60,-10.5,-13.3,-24.8,-20.1,-19.8
87.61,-10.9,-13.3,-25.4,-20.6,-20.3
87.62,-10.7,-13.3,-25.8,-20.1,-20.3
87.63,-10.9,-13.5,-26.4,-20.5,-20.4
87.64,-10.9,-13.7,-26.3,-20.5,-19.5
87.65,-10.7,-13.9,-25.0,-19.9,-18.8
87.66,-10.5,-14.1,-24.8,-19.9,-18.2
87.67,-10.5,-14.3,-25.1,-19.7,-18.3
87.68,-10.8,-14.2,-25.3,-20.0,-18.5
87.69,-10.5,-13.9,-26.5,-20.3,-19.1
87.70,-10.9,-13.8,-27.7,-20.6,-19.4
87.71,-10.9,-13.5,-28.3,-20.8,-19.5
87.72,-10.7,-13.4,-29.2,-20.3,-19.3
87.73,-10.8,-13.5,-29.8,-20.2,-19.5
87.74,-11.2,-14.0,-30.3,-20.3,-19.6
87.75,-11.3,-14.4,-30.2,-19.7,-20.3
87.76,-11.4,-14.9,-24.0,-20.4,-20.3
87.77,-9.2,-15.7,-12.8,-20.5,-19.7
87.78,-8.4,-16.2,-11.7,-19.5,-19.2
87.79,-8.3,-16.6,-11.6,-19.6,-18.8
87.80,-8.5,-16.7,-11.5,-20.2,-18.8
87.81,-9.2,-16.5,-12.8,-20.2,-19.2
87.82,-10.4,-16.2,-17.7,-19.9,-19.4
87.83,-11.5,-15.8,-20.1,-20.7,-19.7
87.84,-11.6,-15.6,-20.2,-20.3,-19.8
87.85,-11.1,-15.2,-20.0,-19.4,-19.6
87.86,-11.3,-14.9,-19.9,-20.6,-19.6
87.87,-11.4,-14.8,-20.3,-20.6,-19.8
87.88,-10.9,-14.5,-22.2,-19.4,-19.0
87.89,-11.1,-14.4,-22.4,-20.4,-19.1
87.90,-11.2,-14.2,-23.9,-21.0,-19.2
87.91,-10.8,-14.3,-24.4,-19.2,-19.2
87.92,-10.8,-14.3,-25.2,-19.6,-19.0
87.93,-11.0,-14.2,-25.6,-21.1,-18.8
87.94,-11.2,-14.6,-26.3,-20.5,-18.7
87.95,-11.2,-14.8,-26.8,-20.2,-18.5
87.96,-11.5,-14.9,-27.0,-20.9,-18.2
87.97,-11.1,-14.8,-26.9,-20.1,-17.9
87.98,-10.9,-14.4,-27.2,-18.9,-18.8
87.99,-10.7,-14.1,-26.8,-19.7,-18.7
88.00,-10.4,-13.8,-26.5,-20.1,-18.5
88.01,-10.0,-13.8,-26.6,-19.0,-18.4
88.02,-10.6,-13.6,-27.2,-20.0,-19.0
88.03,-10.6,-13.5,-27.8,-20.6,-18.9
88.04,-10.4,-13.8,-28.3,-19.1,-18.6
88.05,-10.6,-13.9,-28.5,-19.6,-19.0
88.06,-11.0,-14.0,-29.0,-20.8,-19.1
88.07,-11.0,-14.3,-29.0,-20.0,-19.4
88.08,-9.2,-14.6,-13.5,-20.1,-19.6
88.09,-8.4,-14.9,-10.8,-20.5,-20.5
88.10,-8.3,-15.1,-10.2,-20.8,-21.4
88.11,-8.2,-15.2,-10.0,-21.1,-22.3
88.12,-8.6,-15.1,-10.5,-22.7,-22.6
88.13,-9.4,-14.8,-12.2,-24.2,-22.3
88.14,-11.0,-14.9,-17.4,-22.3,-22.2
88.15,-11.1,-14.9,-18.8,-22.3,-22.3
88.16,-11.0,-14.8,-19.3,-20.9,-22.2
88.17,-10.9,-14.8,-19.5,-21.2,-21.3
88.18,-11.0,-14.6,-20.8,-21.5,-20.5
88.19,-10.8,-14.3,-21.7,-21.8,-19.4
88.20,-10.2,-14.1,-22.0,-21.3,-18.6
88.21,-10.2,-14.0,-22.0,-22.0,-18.2
88.22,-10.1,-14.1,-22.3,-21.3,-18.3
88.23,-10.6,-14.6,-22.6,-21.2,-18.8
88.24,-11.1,-15.2,-23.0,-21.8,-18.9
88.25,-11.5,-15.9,-23.8,-21.7,-19.3
88.26,-11.6,-16.2,-24.7,-21.3,-19.4
88.27,-11.9,-16.3,-25.5,-20.8,-19.4
88.28,-11.8,-16.0,-26.4,-20.9,-19.6
88.29,-11.6,-15.4,-27.0,-20.1,-20.1
88.30,-11.8,-15.2,-27.7,-20.2,-20.2
88.31,-11.7,-14.8,-27.9,-20.5,-20.4
88.32,-11.4,-14.4,-28.1,-20.2,-21.0
88.33,-11.1,-14.1,-28.1,-19.7,-21.0
88.34,-10.9,-13.9,-28.1,-19.7,-20.5
88.35,-10.5,-13.8,-28.4,-19.1,-20.3
88.36,-10.3,-13.6,-28.4,-19.1,-19.9
88.37,-10.5,-13.7,-28.5,-19.5,-19.7
88.38,-10.6,-13.8,-28.3,-19.3,-19.6
88.39,-10.5,-14.4,-25.4,-19.3,-19.4
88.40,-8.8,-15.2,-13.0,-19.8,-19.2
88.41,-8.0,-16.6,-11.1,-20.4,-19.3
88.42,-8.2,-19.1,-10.9,-21.0,-19.5
88.43,-8.4,-20.7,-10.9,-22.3,-19.5
88.44,-9.2,-23.1,-11.3,-24.0,-19.8
88.45,-11.7,-24.9,-16.3,-21.6,-19.7
88.46,-13.6,-27.5,-19.7,-21.8,-19.3
88.47,-13.2,-29.2,-19.8,-21.4,-18.6
88.48,-12.4,-29.8,-19.6,-19.4,-18.1
88.49,-12.6,-30.3,-19.5,-20.4,-17.6
88.50,-13.1,-30.4,-20.9,-20.4,-17.4
88.51,-13.1,-30.7,-22.1,-19.2,-17.7
88.52,-13.9,-31.3,-22.4,-21.0,-17.8
88.53,-13.7,-31.8,-22.9,-20.1,-18.0
88.54,-13.5,-32.0,-22.9,-19.3,-18.0
88.55,-14.3,-31.7,-23.0,-20.7,-18.1
88.56,-13.7,-31.0,-23.1,-20.8,-17.7
88.57,-12.8,-30.8,-23.9,-19.0,-17.4
88.58,-13.4,-30.6,-24.2,-20.9,-17.2
88.59,-12.8,-30.3,-24.6,-20.3,-17.1
88.60,-11.7,-30.4,-25.0,-18.3,-16.9
88.61,-12.3,-30.6,-25.5,-18.9,-17.0
88.62,-12.8,-30.7,-26.1,-19.2,-17.2
88.63,-12.7,-31.5,-26.6,-18.1,-17.5
88.64,-13.5,-32.5,-27.3,-18.8,-17.9
88.65,-14.4,-34.3,-28.0,-19.8,-18.0
88.66,-13.9,-35.9,-28.2,-18.6,-18.1
88.67,-14.1,-36.9,-28.0,-18.8,-18.1
88.68,-14.1,-37.2,-27.7,-19.4,-18.1
88.69,-13.4,-37.9,-27.7,-18.6,-17.9
88.70,-13.8,-38.4,-27.6,-19.1,-17.6
88.71,-11.3,-39.1,-13.1,-19.8,-17.9
88.72,-9.5,-40.1,-10.4,-19.7,-17.7
88.73,-9.3,-41.2,-9.8,-21.4,-18.0
88.74,-9.0,-41.3,-9.5,-21.4,-18.3
88.75,-9.2,-41.6,-9.7,-21.1,-18.1
88.76,-10.6,-41.3,-11.8,-21.3,-18.1
88.77,-12.9,-40.8,-16.0,-20.7,-18.0
88.78,-13.3,-40.2,-17.5,-20.7,-17.6
88.79,-12.2,-39.8,-18.3,-19.3,-17.1
88.80,-12.0,-39.2,-18.5,-19.5,-16.8
88.81,-12.2,-38.6,-20.4,-19.0,-16.9
88.82,-12.0,-38.0,-20.8,-18.9,-16.5
88.83,-12.1,-38.1,-21.8,-18.7,-16.7
88.84,-12.6,-38.6,-21.0,-19.0,-17.2
88.85,-12.3,-39.4,-20.9,-18.8,-17.8
88.86,-12.7,-40.7,-20.7,-19.1,-18.1
88.87,-13.4,-42.5,-21.0,-18.7,-18.5
88.88,-13.1,-43.3,-21.7,-18.5,-18.3
88.89,-14.0,-44.0,-22.7,-18.8,-18.1
88.90,-13.7,-44.2,-23.8,-18.6,-17.8
88.91,-13.4,-44.0,-24.7,-18.5,-17.5
88.92,-13.0,-44.5,-25.8,-18.5,-17.3
88.93,-13.6,-45.5,-27.5,-18.8,-17.3
88.94,-13.8,-46.5,-27.8,-19.2,-17.2
88.95,-13.5,-48.1,-27.7,-18.7,-17.2
88.96,-13.7,-49.3,-26.6,-19.2,-17.0
88.97,-13.7,-50.2,-26.0,-19.5,-17.1
88.98,-13.3,-51.1,-25.8,-18.9,-17.1
88.99,-13.5,-51.1,-25.8,-19.5,-16.6
89.00,-13.2,-52.0,-26.4,-19.0,-16.6
89.01,-13.2,-53.0,-27.1,-18.7,-16.5
89.02,-13.8,-53.6,-26.8,-19.4,-16.9
89.03,-11.4,-54.1,-14.1,-19.4,-17.3
89.04,-9.9,-55.7,-10.5,-18.7,-17.7
89.05,-9.7,-56.1,-10.2,-19.8,-18.1
89.06,-9.7,-56.7,-10.1,-19.2,-18.2
89.07,-9.7,-56.3,-10.2,-18.5,-18.1
89.08,-12.9,-55.8,-15.4,-18.5,-17.8
89.09,-13.4,-55.4,-19.6,-18.4,-17.6
89.10,-12.7,-55.2,-19.4,-18.4,-17.5
89.11,-12.7,-55.2,-19.2,-18.2,-17.5
89.12,-12.6,-55.4,-19.1,-18.5,-17.7
89.13,-13.1,-55.7,-20.8,-18.9,-17.5
89.14,-13.4,-56.5,-21.4,-19.0,-17.5
89.15,-12.9,-56.1,-21.3,-18.9,-17.5
89.16,-13.2,-56.4,-21.3,-19.1,-17.7
89.17,-13.5,-56.8,-21.0,-19.1,-17.9
89.18,-12.6,-57.8,-20.8,-18.3,-17.8
89.19,-13.9,-59.1,-21.2,-19.2,-18.0
89.20,-13.5,-59.2,-22.2,-18.5,-17.6
89.21,-12.4,-59.1,-22.4,-17.9,-16.9
89.22,-12.5,-59.5,-23.1,-18.7,-16.5
89.23,-12.5,-59.4,-23.9,-18.2,-16.6
89.24,-12.2,-59.2,-24.7,-17.8,-16.4
89.25,-13.3,-59.4,-25.7,-19.2,-16.7
89.26,-13.8,-59.6,-26.5,-18.9,-16.6
89.27,-13.9,-60.3,-26.9,-18.6,-16.9
89.28,-14.0,-61.3,-26.8,-19.6,-16.7
89.29,-14.0,-61.9,-26.7,-19.0,-16.7
89.30,-13.9,-62.8,-26.9,-18.6,-17.1
89.31,-14.4,-62.6,-27.3,-19.5,-17.5
89.32,-14.3,-62.0,-27.5,-19.0,-17.3
89.33,-13.9,-60.7,-27.6,-18.6,-17.6
89.34,-12.2,-60.2,-15.5,-19.8,-17.8
89.35,-9.7,-60.0,-11.2,-20.1,-17.9
89.36,-9.0,-59.5,-10.2,-19.6,-18.1
89.37,-9.1,-58.9,-10.0,-20.2,-18.3
89.38,-9.1,-58.6,-9.8,-20.3,-18.3
89.39,-10.7,-58.3,-12.0,-19.6,-17.8
89.40,-12.3,-58.2,-15.6,-19.7,-17.5
89.41,-12.9,-58.7,-16.9,-19.3,-17.6
89.42,-12.5,-60.1,-17.9,-19.1,-17.4
89.43,-12.2,-61.4,-18.0,-19.4,-17.2
89.44,-12.2,-62.7,-19.6,-18.8,-16.7
89.45,-12.4,-64.1,-19.9,-18.8,-16.8
89.46,-12.5,-65.2,-21.0,-18.8,-16.7
89.47,-12.6,-65.4,-20.9,-19.0,-16.7
89.48,-12.6,-65.9,-21.1,-18.8,-17.0
89.49,-13.1,-66.7,-20.6,-19.4,-17.5
89.50,-12.9,-67.1,-20.6,-19.1,-17.4
89.51,-13.5,-67.3,-20.8,-19.6,-17.6
89.52,-13.3,-67.3,-21.1,-18.5,-17.7
89.53,-13.2,-66.7,-22.0,-18.6,-17.5
89.54,-13.0,-65.7,-23.0,-18.6,-17.0
89.55,-12.7,-65.4,-24.0,-17.8,-17.3
89.56,-13.3,-65.1,-25.7,-18.6,-16.8
89.57,-13.4,-64.7,-26.8,-19.3,-16.6
89.58,-13.1,-65.1,-27.0,-18.3,-16.7
89.59,-13.3,-65.7,-26.8,-18.4,-16.8
89.60,-14.1,-65.3,-26.7,-20.1,-16.9
89.61,-13.7,-65.7,-26.4,-18.6,-17.4
89.62,-13.6,-65.7,-26.3,-18.9,-17.1
89.63,-13.9,-65.3,-26.3,-19.9,-17.2
89.64,-13.2,-65.2,-26.2,-18.3,-17.2
89.65,-13.5,-65.3,-26.2,-19.3,-17.1
89.66,-11.3,-65.6,-15.8,-20.0,-16.9
89.67,-9.1,-65.9,-11.3,-18.9,-17.0
89.68,-9.2,-66.4,-10.7,-20.5,-17.3
89.69,-9.2,-66.5,-10.6,-20.6,-17.2
89.70,-9.3,-66.3,-10.7,-19.7,-17.5
89.71,-12.6,-66.0,-14.2,-20.8,-17.3
89.72,-13.8,-65.6,-19.5,-20.4,-17.2
89.73,-13.5,-65.2,-19.3,-20.2,-17.1
89.74,-14.1,-65.3,-19.1,-21.1,-17.2
89.75,-13.7,-65.0,-18.6,-21.0,-17.4
89.76,-13.9,-65.4,-20.0,-21.0,-17.4
89.77,-13.9,-65.5,-20.0,-21.2,-17.6
89.78,-13.7,-65.8,-21.2,-20.7,-17.8
89.79,-13.9,-66.2,-20.9,-21.3,-17.9
89.80,-13.5,-66.2,-21.3,-20.1,-18.2
89.81,-13.8,-65.8,-21.5,-20.5,-17.8
89.82,-13.5,-65.3,-21.7,-20.2,-17.9
89.83,-13.6,-64.9,-23.0,-20.7,-17.9
89.84,-13.8,-64.7,-24.1,-20.4,-17.5
89.85,-13.6,-64.7,-25.0,-19.6,-17.6
89.86,-13.7,-64.7,-25.8,-19.2,-17.4
89.87,-13.6,-64.9,-26.6,-18.5,-17.5
89.88,-13.5,-65.0,-27.1,-18.3,-17.6
89.89,-13.9,-65.3,-27.5,-18.3,-17.8
89.90,-14.4,-65.5,-28.4,-18.7,-17.7
89.91,-14.4,-66.1,-28.4,-18.3,-18.1
89.92,-14.1,-66.4,-27.8,-18.2,-17.7
89.93,-13.9,-66.9,-27.7,-18.1,-17.6
89.94,-13.6,-66.9,-27.4,-17.9,-17.5
89.95,-13.7,-66.8,-27.2,-18.3,-17.5
89.96,-13.2,-66.0,-27.0,-18.2,-17.1
89.97,-12.0,-64.9,-17.1,-18.6,-17.5
89.98,-10.1,-64.8,-11.8,-18.4,-18.0
89.99,-8.7,-64.3,-10.1,-19.3,-18.1
90.00,-8.5,-64.0,-9.8,-19.5,-18.2
90.01,-8.6,-63.9,-9.7,-19.4,-18.5
90.02,-10.0,-64.1,-11.5,-19.5,-18.6
90.03,-11.1,-63.9,-14.6,-19.1,-18.4
90.04,-12.4,-63.7,-16.6,-18.8,-18.7
90.05,-13.0,-63.9,-17.6,-18.6,-18.9
90.06,-13.6,-64.3,-17.7,-18.9,-19.2
90.07,-14.2,-64.4,-18.4,-19.0,-18.6
90.08,-14.2,-64.8,-18.8,-19.3,-18.4
90.09,-13.8,-64.7,-20.0,-19.1,-18.2
90.10,-13.9,-64.7,-20.0,-19.3,-18.3
90.11,-13.5,-64.1,-21.0,-18.9,-18.4
90.12,-13.4,-64.0,-21.1,-19.1,-18.8
90.13,-13.2,-63.1,-21.4,-18.9,-19.0
90.14,-13.6,-62.2,-21.7,-19.9,-19.0
90.15,-13.2,-61.2,-22.5,-18.7,-18.6
90.16,-13.3,-60.6,-23.0,-18.9,-18.1
90.17,-13.0,-60.1,-23.8,-18.5,-17.7
90.18,-13.3,-59.4,-24.8,-18.3,-17.6
90.19,-14.0,-58.4,-25.8,-18.2,-17.6
90.20,-14.4,-58.3,-26.2,-19.0,-17.9
90.21,-14.8,-57.7,-26.6,-18.7,-18.1
90.22,-14.7,-56.7,-26.6,-19.1,-18.0
90.23,-14.6,-56.5,-27.1,-18.7,-18.1
90.24,-13.8,-56.3,-26.9,-18.7,-17.7
90.25,-13.9,-56.5,-26.7,-18.5,-17.8
90.26,-14.0,-56.7,-26.9,-18.5,-17.6
90.27,-14.1,-57.9,-27.2,-18.6,-17.8
90.28,-14.5,-58.7,-27.5,-18.9,-17.8
90.29,-12.2,-58.9,-16.4,-18.7,-17.4
90.30,-9.6,-58.7,-11.5,-19.4,-17.4
90.31,-9.0,-58.2,-10.7,-19.2,-17.4
90.32,-9.0,-57.2,-10.6,-20.2,-17.3
90.33,-9.1,-56.5,-10.6,-19.6,-17.8
90.34,-10.2,-55.9,-12.7,-19.9,-17.9
90.35,-14.0,-55.4,-19.3,-19.8,-17.9
90.36,-13.2,-55.5,-20.2,-18.9,-17.8
90.37,-13.4,-55.4,-20.4,-18.8,-17.7
90.38,-13.1,-55.5,-19.7,-19.0,-17.4
90.39,-13.3,-55.9,-21.2,-19.0,-17.1
90.40,-13.9,-56.7,-20.9,-19.1,-17.3
90.41,-13.8,-57.3,-21.8,-19.1,-17.2
90.42,-13.9,-57.9,-21.4,-18.5,-17.5
90.43,-14.3,-56.8,-22.0,-18.9,-17.7
90.44,-14.3,-56.5,-22.0,-18.0,-18.0
90.45,-12.8,-56.1,-18.2,-18.0,-18.0
90.46,-12.0,-55.9,-17.2,-17.4,-18.5
90.47,-11.3,-56.2,-16.9,-16.9,-18.6
90.48,-11.3,-56.4,-16.6,-16.6,-18.5
90.49,-11.2,-56.8,-16.8,-16.6,-18.3
90.50,-11.8,-57.2,-19.4,-16.3,-18.1
90.51,-12.1,-57.9,-20.7,-16.5,-17.7
90.52,-12.4,-59.2,-22.0,-16.3,-17.8
90.53,-11.6,-60.4,-17.1,-17.0,-17.9
90.54,-11.5,-61.1,-16.3,-17.2,-17.8
90.55,-12.0,-62.1,-15.8,-18.0,-18.5
90.56,-11.6,-63.0,-15.4,-18.0,-18.4
90.57,-12.6,-63.7,-16.5,-18.7,-18.0
90.58,-12.2,-64.6,-18.0,-18.3,-17.9
90.59,-12.5,-64.4,-19.0,-17.6,-17.7
90.60,-11.1,-64.4,-16.7,-17.4,-17.8
90.61,-10.9,-64.3,-13.2,-17.2,-18.2
90.62,-9.7,-64.8,-10.5,-18.1,-18.8
90.63,-10.0,-65.1,-10.3,-19.3,-19.4
90.64,-9.6,-65.5,-10.1,-19.6,-19.0
90.65,-10.8,-66.7,-11.4,-20.5,-18.7
90.66,-11.7,-67.3,-14.7,-20.7,-18.7
90.67,-12.4,-67.5,-17.2,-19.7,-18.4
90.68,-12.6,-67.3,-16.7,-19.6,-18.7
90.69,-10.9,-67.6,-13.6,-19.3,-19.1
90.70,-10.3,-67.6,-13.0,-18.9,-19.2
90.71,-10.2,-67.5,-12.7,-18.8,-19.6
90.72,-9.8,-67.8,-12.4,-18.5,-19.2
90.73,-10.5,-68.3,-13.3,-18.3,-18.6
90.74,-11.2,-67.7,-14.6,-18.3,-18.6
90.75,-11.6,-66.8,-15.8,-18.1,-18.8
90.76,-10.8,-65.3,-14.1,-18.1,-18.9
90.77,-10.4,-65.4,-12.6,-17.9,-19.4
90.78,-10.5,-65.4,-12.3,-17.9,-19.6
90.79,-10.6,-65.6,-12.2,-18.0,-19.5
90.80,-10.5,-65.8,-12.2,-17.8,-19.5
90.81,-12.0,-66.3,-14.5,-17.8,-19.3
90.82,-12.9,-65.0,-17.8,-17.8,-19.1
90.83,-13.1,-64.0,-19.6,-17.8,-18.9
90.84,-11.6,-63.1,-16.7,-17.7,-18.7
90.85,-11.2,-63.1,-15.7,-17.6,-18.8
90.86,-10.9,-62.6,-15.0,-17.6,-18.7
90.87,-10.9,-62.2,-14.6,-17.6,-18.7
90.88,-10.6,-62.3,-14.0,-17.6,-18.7
90.89,-11.9,-62.4,-16.3,-17.4,-18.8
90.90,-12.2,-62.6,-17.1,-17.5,-19.1
90.91,-12.5,-63.8,-17.8,-17.6,-19.1
90.92,-11.9,-65.2,-17.5,-17.6,-19.1
90.93,-9.6,-66.8,-11.7,-18.0,-18.6
90.94,-9.2,-68.3,-11.1,-18.5,-18.6
90.95,-9.2,-68.9,-11.0,-18.5,-18.0
90.96,-9.6,-68.9,-11.1,-19.9,-18.4
90.97,-10.3,-68.6,-12.4,-19.8,-18.3
90.98,-12.4,-68.7,-17.2,-20.1,-18.4
90.99,-13.4,-68.2,-18.7,-21.2,-18.4
91.00,-12.9,-68.3,-19.1,-20.5,-18.7
91.01,-12.7,-67.9,-18.7,-20.7,-18.9
91.02,-13.8,-67.7,-20.2,-20.7,-18.8
91.03,-13.5,-67.8,-20.3,-19.9,-18.4
91.04,-13.7,-68.1,-21.2,-20.3,-18.2
91.05,-13.0,-68.4,-20.5,-18.8,-17.9
91.06,-13.3,-68.8,-20.5,-18.8,-18.0
91.07,-13.4,-68.7,-20.4,-19.1,-17.7
91.08,-12.6,-67.9,-20.3,-17.9,-18.0
91.09,-13.3,-66.3,-20.6,-18.9,-18.3
91.10,-13.4,-65.3,-21.2,-18.8,-18.2
91.11,-13.3,-64.1,-21.4,-18.9,-18.3
91.12,-13.6,-63.5,-21.9,-19.1,-18.6
91.13,-13.7,-63.6,-22.2,-19.1,-18.5
91.14,-13.9,-63.6,-22.7,-19.2,-18.8
91.15,-13.5,-63.7,-23.3,-18.5,-19.0
91.16,-13.4,-63.4,-23.3,-18.5,-18.7
91.17,-13.6,-63.4,-23.2,-19.1,-18.4
91.18,-13.5,-62.9,-23.2,-18.6,-18.0
91.19,-13.6,-62.7,-23.2,-19.2,-17.8
91.20,-13.5,-63.0,-22.9,-18.8,-17.7
91.21,-13.4,-62.6,-22.9,-18.7,-17.5
91.22,-13.9,-62.4,-22.7,-19.4,-17.5
91.23,-13.3,-55.2,-20.4,-18.5,-17.8
91.24,-11.3,-55.3,-13.3,-19.2,-18.2
91.25,-10.2,-55.2,-10.6,-18.9,-18.6
91.26,-9.5,-55.2,-10.0,-18.4,-19.2
91.27,-9.5,-55.2,-9.8,-19.9,-19.7
91.28,-10.4,-61.7,-11.0,-18.1,-19.7
91.29,-11.6,-61.4,-13.9,-18.4,-19.8
91.30,-12.8,-61.0,-16.5,-18.7,-20.0
91.31,-13.3,-60.8,-16.8,-17.9,-20.4
91.32,-14.2,-57.4,-17.3,-18.7,-20.8
91.33,-14.3,-53.1,-17.5,-18.1,-20.9
91.34,-15.1,-48.0,-19.3,-18.3,-20.7
91.35,-15.0,-44.8,-20.3,-18.7,-20.4
91.36,-14.1,-43.0,-20.8,-18.1,-20.0
91.37,-13.6,-42.6,-20.4,-18.9,-19.7
91.38,-13.1,-42.9,-20.3,-18.6,-19.2
91.39,-13.3,-43.8,-20.1,-18.5,-19.1
91.40,-13.3,-46.2,-19.9,-19.6,-18.8
91.41,-12.7,-47.8,-20.6,-18.5,-17.9
91.42,-12.9,-46.6,-20.9,-18.5,-17.2
91.43,-13.2,-46.2,-21.6,-18.8,-17.2
91.44,-12.3,-46.0,-22.2,-17.6,-17.2
91.45,-12.6,-46.3,-23.0,-17.9,-17.3
91.46,-13.3,-47.7,-23.8,-18.5,-17.7
91.47,-13.1,-49.8,-24.5,-17.8,-18.0
91.48,-13.7,-51.1,-24.9,-19.2,-18.1
91.49,-13.7,-52.8,-24.8,-18.8,-18.7
91.50,-14.3,-53.9,-24.1,-19.0,-19.2
91.51,-14.2,-55.1,-23.8,-19.3,-19.2
91.52,-13.8,-55.5,-23.9,-18.3,-19.1
91.53,-13.8,-56.0,-23.8,-18.8,-18.8
91.54,-13.7,-56.6,-23.9,-18.5,-18.3
91.55,-13.3,-57.9,-21.7,-18.5,-18.2
91.56,-10.6,-59.2,-11.2,-19.0,-17.9
91.57,-10.0,-60.4,-10.3,-19.0,-17.8
91.58,-10.1,-60.4,-10.2,-19.5,-18.1
91.59,-10.1,-61.0,-10.2,-19.3,-18.2
91.60,-10.6,-61.3,-11.4,-19.3,-17.8
91.61,-12.6,-61.6,-15.9,-19.3,-18.1
91.62,-13.2,-63.1,-18.4,-18.3,-18.1
91.63,-13.6,-63.7,-18.9,-18.6,-17.9
91.64,-13.7,-64.1,-18.7,-19.1,-17.7
91.65,-14.1,-64.6,-20.3,-18.3,-17.9
91.66,-14.1,-65.4,-20.4,-18.9,-18.1
91.67,-14.6,-65.0,-21.5,-18.9,-17.7
91.68,-14.4,-65.2,-20.9,-18.8,-17.7
91.69,-14.1,-64.6,-21.0,-19.7,-17.3
91.70,-13.3,-64.5,-20.7,-18.9,-17.2
91.71,-13.3,-64.5,-20.8,-19.6,-17.1
91.72,-13.3,-64.6,-21.1,-20.2,-16.9
91.73,-11.8,-65.0,-21.9,-17.1,-16.9
91.74,-12.6,-65.4,-22.7,-18.0,-17.2
91.75,-12.3,-65.5,-23.2,-17.2,-17.1
91.76,-12.0,-64.9,-23.8,-16.3,-17.5
91.77,-13.5,-64.9,-24.6,-17.9,-17.8
91.78,-13.6,-64.5,-24.8,-17.9,-18.0
91.79,-13.9,-64.4,-24.9,-18.0,-18.6
91.80,-14.9,-63.9,-24.7,-19.0,-18.9
91.81,-13.9,-63.3,-24.7,-18.1,-18.5
91.82,-13.7,-62.8,-24.5,-18.5,-18.3
91.83,-13.5,-62.5,-24.1,-18.3,-18.1
91.84,-13.5,-61.2,-24.3,-18.3,-18.0
91.85,-13.5,-59.9,-24.5,-18.8,-17.7
91.86,-13.2,-59.7,-24.3,-17.9,-17.6
91.87,-10.8,-57.8,-13.1,-18.2,-17.9
91.88,-9.7,-58.2,-10.6,-18.8,-18.1
91.89,-9.4,-57.9,-10.1,-18.6,-17.8
91.90,-9.1,-58.6,-9.8,-18.7,-17.8
91.91,-9.6,-61.4,-10.5,-18.6,-17.6
91.92,-10.5,-61.0,-12.3,-18.6,-17.3
91.93,-12.0,-61.9,-16.5,-18.7,-17.2
91.94,-11.9,-64.2,-16.9,-18.0,-16.8
91.95,-12.3,-64.8,-17.6,-18.7,-16.5
91.96,-12.4,-65.6,-17.7,-18.4,-16.4
91.97,-13.1,-66.5,-19.8,-18.2,-16.3
91.98,-13.5,-66.5,-20.3,-19.2,-16.3
91.99,-13.7,-66.5,-21.0,-18.3,-16.7
92.00,-13.9,-66.8,-20.6,-19.0,-17.0
92.01,-13.1,-67.2,-20.4,-19.0,-17.2
92.02,-13.3,-67.3,-20.2,-18.9,-17.5
92.03,-13.6,-66.5,-20.3,-20.6,-17.6
92.04,-13.2,-65.5,-20.7,-19.3,-17.8
92.05,-13.5,-64.4,-21.1,-19.0,-17.8
92.06,-13.8,-63.1,-22.2,-19.6,-17.8
92.07,-12.5,-62.1,-23.1,-17.2,-17.6
92.08,-12.5,-60.9,-24.0,-17.1,-17.5
92.09,-12.9,-60.1,-25.5,-17.3,-17.6
92.10,-12.5,-60.1,-26.0,-16.5,-17.5
92.11,-13.5,-59.6,-26.4,-17.6,-17.4
92.12,-13.4,-59.0,-26.1,-17.5,-17.5
92.13,-13.4,-58.5,-25.3,-17.4,-17.8
92.14,-13.7,-57.3,-25.1,-18.2,-18.0
92.15,-13.2,-56.6,-24.7,-17.3,-18.2
92.16,-13.1,-55.1,-24.9,-17.6,-18.1
92.17,-13.2,-53.8,-25.0,-17.8,-17.6
92.18,-12.7,-53.3,-23.9,-17.4,-17.2
92.19,-10.1,-53.3,-12.1,-18.4,-16.9
92.20,-9.2,-52.9,-10.5,-20.2,-16.3
92.21,-9.2,-53.2,-10.3,-20.7,-16.4
92.22,-9.4,-52.7,-10.3,-23.3,-16.4
92.23,-10.1,-52.2,-10.8,-25.6,-16.7
92.24,-13.4,-52.0,-15.7,-24.6,-17.5
92.25,-14.1,-52.0,-19.5,-22.1,-17.6
92.26,-14.2,-52.1,-19.9,-22.4,-17.4
92.27,-14.0,-52.3,-19.5,-22.0,-17.3
92.28,-13.5,-52.1,-19.5,-21.1,-16.9
92.29,-13.5,-51.7,-20.3,-22.3,-16.5
92.30,-13.7,-51.3,-21.3,-22.9,-16.1
92.31,-13.7,-51.4,-21.2,-21.3,-16.3
92.32,-13.9,-52.1,-21.9,-21.7,-16.3
92.33,-14.4,-52.9,-21.7,-22.2,-16.6
92.34,-14.2,-54.2,-22.0,-20.9,-16.9
92.35,-14.8,-55.7,-22.1,-21.5,-17.6
92.36,-14.2,-56.9,-22.7,-20.8,-17.6
92.37,-14.4,-58.7,-22.8,-20.4,-18.1
92.38,-13.9,-59.7,-23.5,-19.8,-17.3
92.39,-13.5,-60.1,-24.3,-18.9,-17.2
92.40,-13.5,-60.6,-25.0,-18.7,-16.6
92.41,-13.7,-59.4,-25.9,-19.8,-16.4
92.42,-13.5,-58.8,-26.4,-18.8,-16.6
92.43,-13.3,-58.1,-26.9,-18.5,-16.5
92.44,-14.1,-57.5,-27.1,-20.0,-16.2
92.45,-13.3,-57.3,-27.2,-18.7,-16.3
92.46,-13.2,-58.0,-27.4,-18.2,-16.2
92.47,-13.8,-58.3,-27.9,-19.8,-16.4
92.48,-13.6,-58.1,-27.9,-19.0,-16.5
92.49,-13.5,-57.6,-28.0,-18.3,-16.5
92.50,-10.5,-56.5,-13.6,-18.8,-16.6
92.51,-9.2,-56.0,-11.0,-19.1,-17.0
92.52,-8.7,-55.4,-10.5,-18.7,-17.7
92.53,-8.8,-54.0,-10.2,-20.6,-18.6
92.54,-9.3,-54.0,-10.4,-22.5,-19.4
92.55,-10.3,-53.9,-12.1,-21.8,-19.4
92.56,-13.1,-52.8,-16.2,-22.9,-19.5
92.57,-13.7,-52.0,-17.3,-23.4,-19.5
92.58,-13.8,-51.6,-17.6,-22.2,-19.2
92.59,-14.3,-50.9,-17.9,-22.4,-19.0
92.60,-15.3,-50.1,-19.4,-23.9,-18.6
92.61,-15.2,-48.9,-19.9,-23.1,-18.6
92.62,-14.5,-48.9,-20.8,-21.6,-18.6
92.63,-14.3,-49.0,-20.2,-22.4,-18.7
92.64,-13.9,-48.9,-20.4,-22.4,-18.6
92.65,-13.7,-50.1,-20.5,-20.9,-18.9
92.66,-13.8,-51.7,-20.4,-21.9,-18.1
92.67,-13.5,-51.6,-20.9,-21.8,-17.6
92.68,-13.3,-51.2,-21.4,-20.1,-17.1
92.69,-13.3,-51.5,-22.1,-20.0,-17.0
92.70,-13.5,-51.3,-22.6,-20.4,-16.7
92.71,-13.7,-50.8,-23.3,-19.6,-17.1
92.72,-14.2,-51.7,-24.3,-20.0,-17.2
92.73,-14.7,-51.9,-25.2,-20.6,-17.3
92.74,-15.0,-52.2,-26.0,-20.0,-17.5
92.75,-14.5,-52.8,-26.0,-19.8,-17.5
92.76,-15.0,-54.6,-25.9,-20.1,-18.0
92.77,-14.7,-56.0,-26.1,-20.0,-18.0
92.78,-14.4,-56.6,-25.7,-19.5,-18.2
92.79,-15.1,-57.8,-25.7,-20.1,-18.1
92.80,-14.7,-58.7,-25.8,-19.8,-18.2
92.81,-14.4,-58.8,-25.0,-19.6,-18.1
92.82,-11.1,-59.6,-13.8,-20.2,-18.6
92.83,-9.4,-59.7,-10.7,-21.2,-18.9
92.84,-9.0,-59.3,-10.4,-21.5,-19.4
92.85,-9.1,-59.4,-10.3,-22.4,-19.6
92.86,-9.5,-56.8,-10.4,-23.4,-19.4
92.87,-12.7,-55.2,-15.3,-21.9,-19.2
92.88,-14.9,-54.9,-19.0,-22.2,-19.1
92.89,-14.3,-54.6,-18.9,-22.8,-18.6
92.90,-14.2,-54.8,-18.8,-22.0,-18.9
92.91,-13.9,-55.9,-18.5,-21.6,-18.8
92.92,-14.2,-56.8,-20.2,-22.4,-18.7
92.93,-14.6,-57.4,-21.2,-21.8,-18.9
92.94,-14.5,-58.4,-21.2,-20.8,-18.7
92.95,-14.8,-58.6,-20.7,-22.1,-18.5
92.96,-15.1,-59.7,-20.9,-21.6,-18.9
92.97,-15.3,-59.4,-20.8,-20.9,-19.0
92.98,-15.4,-59.1,-20.5,-21.6,-19.2
92.99,-15.0,-59.4,-21.2,-21.3,-19.2
93.00,-14.7,-59.9,-21.7,-20.5,-19.5
93.01,-15.1,-59.9,-22.2,-20.8,-19.5
93.02,-15.2,-60.5,-22.7,-21.0,-19.6
93.03,-15.0,-61.2,-23.6,-19.9,-19.9
93.04,-15.5,-61.3,-24.7,-20.1,-19.6
93.05,-15.5,-61.5,-25.0,-19.9,-19.2
93.06,-14.9,-61.8,-25.6,-19.4,-18.9
93.07,-15.4,-62.3,-25.8,-20.1,-18.5
93.08,-15.0,-63.1,-25.3,-20.0,-18.4
93.09,-14.8,-64.5,-25.1,-19.4,-18.4
93.10,-14.8,-65.1,-25.2,-19.7,-18.2
93.11,-14.8,-65.2,-25.1,-19.5,-18.0
93.12,-14.6,-66.3,-25.2,-19.0,-18.2
93.13,-11.9,-66.3,-15.4,-19.7,-18.2
93.14,-9.8,-66.2,-11.2,-20.2,-18.6
93.15,-8.9,-66.6,-10.2,-20.0,-18.8
93.16,-8.8,-67.0,-9.9,-20.5,-19.4
93.17,-8.8,-67.3,-9.8,-21.5,-19.7
93.18,-10.7,-68.0,-12.0,-21.1,-19.4
93.19,-11.8,-68.7,-15.3,-20.2,-19.2
93.20,-13.1,-69.1,-16.4,-20.8,-18.8
93.21,-13.5,-69.4,-17.3,-20.6,-18.7
93.22,-12.9,-69.5,-17.4,-19.3,-18.1
93.23,-13.2,-69.5,-18.6,-19.8,-17.8
93.24,-13.3,-69.8,-19.0,-20.6,-17.5
93.25,-13.1,-69.8,-20.3,-19.7,-17.6
93.26,-13.3,-70.2,-19.8,-20.2,-17.9
93.27,-14.1,-70.3,-20.2,-21.1,-18.0
93.28,-14.1,-70.5,-19.9,-20.3,-18.6
93.29,-14.5,-70.5,-20.1,-20.5,-18.8
93.30,-14.7,-70.2,-20.4,-21.0,-19.0
93.31,-14.2,-70.2,-20.4,-20.4,-18.8
93.32,-14.2,-70.5,-20.7,-20.4,-18.8
93.33,-14.1,-70.6,-21.1,-21.4,-18.4
93.34,-14.3,-70.5,-21.6,-20.5,-18.6
93.35,-14.3,-70.4,-21.9,-20.1,-18.2
93.36,-14.3,-70.5,-22.0,-20.6,-17.8
93.37,-13.6,-70.1,-22.1,-19.2,-17.6
93.38,-13.4,-70.3,-22.0,-19.2,-17.5
93.39,-13.8,-70.7,-22.1,-20.7,-17.2
93.40,-13.3,-70.9,-22.2,-19.2,-17.4
93.41,-13.2,-71.1,-22.3,-18.6,-17.7
93.42,-14.2,-71.1,-22.6,-20.3,-17.7
93.43,-13.9,-70.8,-22.6,-19.2,-17.8
93.44,-13.5,-70.7,-22.5,-18.9,-17.1
93.45,-11.4,-70.7,-15.0,-20.4,-16.8
93.46,-9.2,-70.5,-11.0,-20.3,-16.0
93.47,-8.4,-70.7,-10.6,-19.8,-15.5
93.48,-8.5,-70.1,-10.5,-20.4,-15.7
93.49,-8.6,-69.5,-10.6,-21.0,-15.5
93.50,-10.8,-69.6,-14.6,-19.8,-15.7
93.51,-13.0,-69.4,-19.1,-20.5,-16.1
93.52,-13.0,-69.6,-19.2,-19.4,-16.4
93.53,-12.8,-69.6,-19.2,-19.3,-16.0
93.54,-12.8,-70.1,-18.9,-18.1,-16.9
93.55,-13.1,-69.8,-20.6,-18.3,-17.0
93.56,-12.8,-69.9,-20.6,-17.5,-17.6
93.57,-13.0,-70.4,-20.9,-17.8,-17.6
93.58,-12.3,-70.4,-19.9,-17.4,-18.5
93.59,-12.5,-70.1,-20.0,-17.8,-18.1
93.60,-12.6,-69.9,-19.9,-17.8,-17.5
93.61,-12.7,-69.6,-19.4,-18.5,-17.1
93.62,-12.4,-69.2,-19.5,-18.3,-17.1
93.63,-12.8,-69.0,-19.9,-18.3,-16.9
93.64,-11.8,-69.1,-20.4,-17.1,-17.1
93.65,-11.9,-68.8,-20.8,-16.9,-17.5
93.66,-11.9,-68.6,-21.6,-16.4,-17.8
93.67,-12.4,-68.1,-21.9,-16.6,-17.9
93.68,-12.8,-68.0,-22.3,-16.8,-18.0
93.69,-13.8,-67.8,-22.5,-17.5,-18.1
93.70,-14.1,-67.9,-22.6,-17.4,-18.2
93.71,-14.2,-68.4,-22.4,-17.7,-17.7
93.72,-14.3,-68.4,-22.4,-17.4,-18.1
93.73,-14.7,-67.9,-22.3,-17.6,-18.6
93.74,-14.8,-67.4,-22.2,-17.4,-19.1
93.75,-15.0,-66.8,-22.1,-17.6,-19.6
93.76,-12.4,-60.9,-15.1,-17.5,-19.6
93.77,-9.9,-60.9,-11.2,-17.7,-19.5
93.78,-8.9,-61.1,-10.1,-17.8,-18.9
93.79,-8.4,-61.3,-10.0,-17.5,-18.4
93.80,-8.3,-61.4,-9.9,-17.5,-18.3
93.81,-10.0,-68.5,-12.0,-17.3,-18.3
93.82,-11.7,-68.1,-15.2,-17.5,-18.1
93.83,-13.0,-68.0,-17.0,-17.2,-18.3
93.84,-14.1,-68.0,-18.2,-17.7,-18.9
93.85,-13.4,-68.3,-18.1,-17.3,-18.7
93.86,-13.1,-69.1,-19.8,-17.7,-18.0
93.87,-12.7,-69.6,-20.0,-16.9,-17.6
93.88,-12.8,-70.0,-21.0,-17.6,-17.7
93.89,-12.5,-70.5,-20.8,-16.7,-17.4
93.90,-13.0,-70.5,-21.2,-17.3,-17.8
93.91,-12.9,-71.0,-20.9,-16.6,-18.8
93.92,-12.9,-71.4,-20.8,-17.2,-18.9
93.93,-13.1,-71.1,-20.9,-17.0,-18.3
93.94,-13.2,-71.0,-21.3,-17.5,-18.3
93.95,-12.9,-70.3,-21.7,-17.3,-17.6
93.96,-12.8,-68.7,-22.6,-17.6,-16.8
93.97,-12.5,-68.2,-23.5,-17.2,-16.2
93.98,-12.9,-68.2,-24.5,-17.4,-15.9
93.99,-12.3,-68.1,-24.5,-16.8,-15.7
94.00,-12.4,-68.3,-24.2,-17.1,-15.7
94.01,-12.3,-68.3,-24.3,-16.8,-15.9
94.02,-12.6,-68.5,-24.5,-17.0,-16.3
94.03,-13.0,-68.2,-24.4,-16.9,-16.7
94.04,-13.3,-67.9,-24.3,-17.2,-16.9
94.05,-13.6,-68.7,-24.5,-17.1,-17.4
94.06,-14.0,-68.9,-24.4,-17.4,-17.5
94.07,-13.7,-69.4,-24.5,-17.2,-17.7
94.08,-11.8,-69.8,-15.9,-17.4,-17.9
94.09,-10.1,-70.3,-11.3,-17.2,-18.5
94.10,-9.6,-70.2,-10.7,-17.5,-18.4
94.11,-9.4,-70.3,-10.6,-17.6,-18.3
94.12,-9.6,-70.0,-10.6,-18.2,-18.3
94.13,-12.1,-70.4,-13.0,-18.2,-17.9
94.14,-13.1,-69.6,-18.7,-18.6,-17.2
94.15,-13.0,-69.6,-18.9,-18.0,-17.4
94.16,-13.0,-69.9,-19.1,-18.2,-17.4
94.17,-12.6,-69.9,-18.6,-17.2,-17.5
94.18,-12.9,-70.6,-20.8,-17.4,-18.0
94.19,-12.5,-71.3,-20.5,-16.9,-18.7
94.20,-13.1,-71.4,-21.4,-17.2,-19.2
94.21,-12.5,-71.4,-20.8,-16.7,-19.0
94.22,-12.2,-71.3,-21.2,-16.9,-18.4
94.23,-12.2,-71.2,-21.5,-16.4,-17.9
94.24,-12.5,-71.1,-21.6,-16.6,-17.6
94.25,-11.7,-71.1,-22.1,-16.2,-17.0
94.26,-12.5,-71.1,-23.1,-16.7,-16.7
94.27,-12.2,-71.3,-24.1,-16.3,-17.3
94.28,-12.4,-70.8,-24.8,-16.6,-17.0
94.29,-12.0,-70.9,-25.2,-16.2,-16.6
94.30,-12.5,-71.1,-25.9,-16.4,-16.8
94.31,-12.2,-71.4,-25.9,-15.9,-16.6
94.32,-12.4,-71.6,-25.7,-16.2,-16.2
94.33,-12.7,-71.7,-25.7,-16.0,-16.6
94.34,-12.6,-71.9,-25.6,-16.2,-16.5
94.35,-12.3,-71.6,-26.0,-16.0,-16.7
94.36,-12.4,-71.0,-25.7,-16.1,-16.8
94.37,-12.7,-71.1,-25.6,-16.0,-17.5
94.38,-12.9,-70.8,-25.5,-16.1,-17.7
94.39,-11.6,-70.1,-17.6,-16.3,-18.0
94.40,-10.0,-69.7,-13.0,-16.3,-18.7
94.41,-9.0,-70.0,-10.3,-16.6,-18.9
94.42,-8.7,-70.1,-10.0,-16.6,-19.3
94.43,-8.8,-70.0,-9.9,-16.9,-19.6
94.44,-9.9,-71.2,-11.4,-17.1,-19.3
94.45,-11.5,-70.9,-14.0,-17.9,-18.8
94.46,-12.7,-70.8,-16.8,-18.3,-17.9
94.47,-12.5,-70.2,-17.9,-18.0,-17.2
94.48,-12.7,-70.3,-18.4,-17.8,-17.1
94.49,-12.4,-70.5,-18.9,-17.2,-16.9
94.50,-12.1,-70.8,-20.3,-16.6,-17.3
94.51,-12.4,-71.1,-21.1,-16.4,-18.2
94.52,-12.9,-71.4,-21.2,-16.4,-18.7
94.53,-13.0,-71.6,-21.7,-16.8,-18.7
94.54,-12.7,-71.8,-21.3,-16.5,-18.5
94.55,-12.6,-71.8,-21.5,-17.0,-18.0
94.56,-12.7,-71.6,-21.9,-17.4,-17.2
94.57,-12.7,-71.7,-23.0,-17.9,-16.9
94.58,-12.6,-71.8,-23.7,-17.6,-16.7
94.59,-12.4,-71.4,-25.5,-17.4,-16.2
94.60,-12.6,-71.5,-27.3,-17.2,-16.5
94.61,-12.4,-71.5,-28.3,-16.5,-16.5
94.62,-12.2,-71.5,-28.8,-16.3,-16.1
94.63,-13.2,-71.3,-28.1,-16.9,-16.6
94.64,-13.2,-70.7,-27.4,-16.5,-16.7
94.65,-13.0,-70.2,-27.4,-17.0,-16.5
94.66,-12.2,-69.8,-26.8,-16.1,-16.6
94.67,-12.6,-69.0,-26.2,-16.9,-16.4
94.68,-12.4,-67.8,-26.3,-15.9,-16.3
94.69,-12.9,-66.7,-26.5,-16.8,-16.3
94.70,-12.0,-64.7,-26.6,-16.0,-16.3
94.71,-11.6,-61.5,-17.6,-17.0,-16.7
94.72,-9.3,-61.3,-11.1,-16.5,-16.5
94.73,-9.1,-61.2,-10.2,-17.4,-16.6
94.74,-9.2,-61.5,-10.1,-17.2,-17.2
94.75,-9.4,-63.8,-10.1,-17.9,-16.8
94.76,-10.6,-65.4,-11.4,-17.7,-16.6
94.77,-13.2,-65.2,-17.5,-18.4,-16.6
94.78,-13.8,-64.8,-18.6,-18.0,-16.6
94.79,-13.9,-64.1,-19.0,-18.8,-16.7
94.80,-13.6,-62.7,-18.5,-18.2,-16.8
94.81,-13.9,-60.7,-20.7,-19.1,-16.9
94.82,-13.5,-56.6,-20.7,-18.1,-17.3
94.83,-13.9,-53.2,-21.6,-18.9,-17.5
94.84,-14.0,-52.0,-21.5,-18.1,-17.7
94.85,-14.0,-51.3,-22.5,-18.7,-17.8
94.86,-13.8,-51.2,-22.3,-17.9,-17.9
94.87,-13.6,-52.5,-22.1,-18.1,-17.8
94.88,-12.9,-53.6,-22.5,-17.3,-17.5
94.89,-12.9,-54.6,-23.1,-17.2,-17.4
94.90,-12.3,-55.7,-23.9,-16.6,-17.5
94.91,-12.4,-55.7,-24.8,-16.4,-17.2
94.92,-12.4,-55.7,-25.6,-16.3,-17.6
94.93,-12.7,-56.1,-26.9,-16.3,-17.6
94.94,-12.9,-57.6,-26.9,-16.2,-17.9
94.95,-12.7,-58.7,-26.4,-16.3,-18.0
94.96,-12.7,-61.5,-26.6,-16.3,-18.2
94.97,-12.5,-66.4,-26.6,-16.2,-18.1
94.98,-12.2,-67.8,-27.1,-16.4,-17.9
94.99,-11.6,-67.8,-26.8,-16.1,-17.4
95.00,-11.9,-68.1,-27.1,-16.5,-17.3
95.01,-11.7,-67.6,-27.0,-16.1,-17.2
95.02,-11.7,-67.2,-21.1,-16.6,-17.6
95.03,-9.4,-67.3,-14.0,-16.1,-18.2
95.04,-9.0,-67.6,-11.7,-17.0,-19.5
95.05,-8.7,-67.6,-11.1,-16.6,-20.2
95.06,-8.9,-68.4,-10.9,-17.3,-20.8
95.07,-9.6,-69.4,-12.5,-16.9,-20.2
95.08,-11.9,-69.2,-15.1,-17.2,-19.9
95.09,-12.2,-69.2,-17.5,-16.9,-19.6
95.10,-12.8,-69.2,-18.0,-17.0,-19.2
95.11,-12.6,-69.3,-18.5,-16.9,-18.6
95.12,-12.8,-69.2,-18.5,-16.8,-18.3
95.13,-13.0,-69.2,-20.3,-16.9,-17.9
95.14,-12.7,-69.3,-20.8,-16.6,-17.8
95.15,-13.0,-69.3,-20.8,-17.0,-17.7
95.16,-12.8,-69.2,-20.4,-16.9,-17.6
95.17,-12.7,-69.3,-20.3,-17.3,-17.5
95.18,-12.8,-69.3,-20.5,-17.5,-17.6
95.19,-12.9,-68.9,-20.2,-17.8,-17.9
95.20,-13.4,-68.7,-20.5,-18.6,-18.0
95.21,-13.2,-68.7,-20.7,-17.9,-18.3
95.22,-13.0,-68.7,-21.0,-18.1,-18.3
95.23,-12.8,-68.9,-21.2,-17.2,-18.0
95.24,-12.8,-68.8,-21.5,-16.7,-17.6
95.25,-12.9,-69.3,-22.1,-16.4,-17.8
95.26,-12.8,-69.5,-22.4,-16.3,-17.8
95.27,-12.8,-69.5,-22.7,-16.2,-17.8
95.28,-12.9,-69.6,-22.7,-16.2,-17.7
95.29,-12.9,-69.4,-22.6,-16.7,-17.7
95.30,-13.3,-69.3,-22.8,-16.8,-17.8
95.31,-13.0,-69.2,-22.9,-16.3,-17.8
95.32,-13.0,-68.9,-23.2,-16.5,-17.7
95.33,-13.1,-68.7,-23.6,-16.7,-17.8
95.34,-12.2,-68.1,-21.3,-16.0,-17.2
95.35,-9.2,-67.8,-11.6,-16.3,-17.0
95.36,-9.0,-67.5,-10.6,-17.3,-16.8
95.37,-9.1,-66.8,-10.5,-18.0,-16.6
95.38,-9.1,-66.4,-10.5,-17.7,-16.6
95.39,-10.0,-66.3,-11.7,-17.3,-16.7
95.40,-11.9,-66.1,-16.2,-16.7,-16.8
95.41,-12.8,-66.0,-18.5,-16.3,-17.4
95.42,-12.9,-65.9,-19.0,-16.3,-17.8
95.43,-13.4,-66.0,-18.4,-16.8,-17.8
95.44,-13.2,-65.6,-20.4,-16.7,-17.4
95.45,-13.2,-65.5,-20.1,-16.9,-16.9
95.46,-12.8,-65.0,-20.7,-16.7,-16.6
95.47,-13.2,-64.2,-20.6,-16.8,-16.7
95.48,-12.9,-62.7,-21.5,-16.7,-17.0
95.49,-13.0,-61.0,-21.1,-16.8,-17.2
95.50,-11.9,-55.4,-19.2,-16.7,-17.5
95.51,-11.5,-50.7,-18.0,-16.3,-17.6
95.52,-11.2,-46.4,-17.2,-16.2,-17.7
95.53,-10.7,-43.9,-17.1,-15.8,-17.9
95.54,-10.8,-42.6,-17.1,-15.6,-17.7
95.55,-11.2,-41.4,-19.2,-15.5,-17.9
95.56,-12.1,-40.5,-20.9,-15.6,-17.9
95.57,-12.1,-40.6,-22.2,-15.6,-18.0
95.58,-10.8,-40.6,-17.3,-15.4,-18.2
95.59,-10.7,-40.9,-15.3,-15.6,-18.8
95.60,-10.4,-42.3,-14.6,-15.3,-18.6
95.61,-10.4,-43.7,-14.2,-15.5,-18.8
95.62,-9.9,-45.5,-14.4,-15.4,-18.4
95.63,-11.2,-47.4,-16.6,-15.6,-18.5
95.64,-12.0,-47.6,-18.4,-15.5,-18.7
95.65,-12.1,-45.5,-20.1,-15.7,-19.0
95.66,-10.5,-40.8,-14.8,-15.8,-19.2
95.67,-9.8,-32.0,-12.5,-15.9,-19.3
95.68,-9.6,-27.2,-11.8,-15.9,-19.7
95.69,-9.1,-22.5,-11.5,-15.9,-19.1
95.70,-9.3,-19.7,-12.5,-15.9,-18.9
95.71,-10.3,-17.8,-14.1,-15.9,-19.0
95.72,-10.5,-17.0,-17.7,-15.8,-18.4
95.73,-10.7,-16.1,-18.9,-15.8,-18.1
95.74,-10.5,-15.6,-17.4,-15.9,-18.4
95.75,-10.5,-15.3,-15.3,-16.2,-18.6
95.76,-10.8,-14.9,-15.0,-16.3,-18.8
95.77,-10.8,-14.1,-14.1,-16.6,-19.4
95.78,-11.0,-13.9,-14.1,-17.1,-18.8
95.79,-11.1,-14.1,-14.7,-17.6,-18.5
95.80,-11.2,-13.9,-16.2,-17.6,-18.5
95.81,-11.1,-14.5,-16.5,-17.5,-18.4
95.82,-9.7,-16.0,-13.8,-17.6,-19.0
95.83,-8.6,-17.1,-13.0,-16.6,-19.9
95.84,-8.2,-17.4,-12.7,-16.6,-20.5
95.85,-8.0,-17.3,-12.4,-15.9,-20.9
95.86,-8.7,-15.8,-13.7,-16.2,-20.6
95.87,-8.6,-14.8,-15.2,-15.8,-20.4
95.88,-9.6,-14.2,-16.8,-16.2,-20.2
95.89,-10.2,-14.5,-16.7,-16.1,-20.4
95.90,-9.2,-14.5,-15.4,-16.5,-20.5
95.91,-9.1,-14.8,-14.1,-16.6,-21.0
95.92,-9.6,-15.2,-13.7,-16.6,-21.2
95.93,-9.2,-15.7,-13.6,-16.5,-21.6
95.94,-9.7,-16.2,-14.4,-16.4,-21.4
95.95,-11.2,-17.0,-16.1,-16.3,-22.0
95.96,-11.3,-18.2,-16.5,-16.5,-22.6
95.97,-11.0,-19.5,-16.1,-16.7,-23.1
95.98,-9.1,-19.9,-12.6,-17.3,-23.8
95.99,-8.6,-19.4,-11.6,-17.5,-24.7
96.00,-8.5,-18.1,-11.6,-18.6,-24.8
96.01,-8.6,-17.4,-11.8,-19.2,-24.9
96.02,-9.4,-16.9,-12.8,-20.2,-24.9
96.03,-11.0,-16.6,-15.6,-21.4,-24.4
96.04,-12.4,-16.9,-18.0,-24.1,-23.8
96.05,-12.7,-17.5,-18.8,-23.9,-23.2
96.06,-12.0,-17.8,-18.2,-21.9,-22.7
96.07,-12.0,-18.2,-18.4,-21.1,-22.6
96.08,-11.8,-19.0,-19.1,-19.7,-22.1
96.09,-11.4,-20.1,-18.3,-18.6,-21.8
96.10,-11.7,-21.9,-18.8,-18.3,-21.0
96.11,-12.5,-24.9,-19.0,-18.7,-20.7
96.12,-12.9,-26.8,-19.8,-18.6,-20.6
96.13,-13.3,-27.4,-20.8,-18.8,-20.8
96.14,-13.1,-23.9,-19.8,-20.0,-21.2
96.15,-12.5,-21.3,-19.1,-20.9,-22.3
96.16,-12.1,-19.1,-18.8,-20.7,-22.4
96.17,-11.8,-17.7,-18.3,-21.2,-22.8
96.18,-12.0,-16.5,-18.3,-20.9,-24.2
96.19,-12.0,-16.1,-18.8,-19.9,-24.7
96.20,-12.3,-15.9,-19.4,-19.7,-25.0
96.21,-12.1,-15.6,-20.1,-19.6,-25.7
96.22,-12.2,-15.7,-21.0,-19.1,-25.7
96.23,-12.3,-15.6,-21.5,-19.1,-25.8
96.24,-12.0,-15.6,-21.2,-18.6,-26.1
96.25,-11.8,-15.5,-20.3,-18.5,-26.6
96.26,-11.9,-15.5,-20.1,-18.3,-27.2
96.27,-11.7,-15.6,-19.7,-18.3,-27.2
96.28,-11.7,-15.6,-19.9,-18.3,-26.8
96.29,-10.5,-15.9,-15.1,-19.0,-26.2
96.30,-8.8,-15.8,-11.4,-20.3,-26.2
96.31,-8.5,-16.0,-10.6,-20.5,-26.1
96.32,-8.5,-16.2,-10.6,-19.8,-26.1
96.33,-8.7,-16.9,-10.7,-19.8,-26.5
96.34,-9.9,-18.1,-12.5,-19.0,-26.5
96.35,-13.1,-19.8,-18.7,-18.4,-26.4
96.36,-13.4,-22.9,-19.5,-18.2,-26.2
96.37,-13.9,-27.6,-19.8,-18.5,-25.9
96.38,-14.4,-32.4,-19.5,-18.5,-25.4
96.39,-15.1,-32.4,-22.5,-18.2,-24.9
96.40,-14.5,-24.5,-22.5,-18.3,-24.5
96.41,-13.9,-20.7,-23.4,-18.3,-24.4
96.42,-13.1,-18.2,-22.7,-18.3,-24.0
96.43,-12.4,-16.9,-23.3,-18.2,-23.5
96.44,-11.8,-16.2,-22.0,-18.3,-22.9
96.45,-11.8,-16.0,-21.7,-18.5,-22.8
96.46,-12.0,-16.3,-22.5,-19.0,-22.7
96.47,-12.4,-17.1,-22.7,-19.1,-23.2
96.48,-12.3,-17.3,-24.0,-18.4,-23.8
96.49,-12.5,-16.9,-25.1,-18.0,-24.6
96.50,-12.7,-16.0,-26.0,-18.1,-24.8
96.51,-12.0,-14.9,-26.4,-17.6,-24.6
96.52,-11.8,-13.9,-26.4,-18.1,-24.3
96.53,-11.5,-13.3,-26.2,-18.0,-24.1
96.54,-11.5,-13.4,-26.1,-18.1,-23.7
96.55,-11.5,-13.6,-25.5,-17.9,-23.3
96.56,-12.0,-14.3,-25.7,-17.8,-23.1
96.57,-12.2,-14.8,-25.7,-18.0,-22.7
96.58,-12.6,-15.8,-26.2,-18.0,-22.9
96.59,-12.6,-16.5,-26.3,-17.8,-23.2
96.60,-11.7,-17.0,-17.7,-18.1,-23.9
96.61,-9.5,-17.8,-13.2,-18.5,-24.8
96.62,-8.1,-18.3,-10.5,-19.1,-25.5
96.63,-8.0,-18.5,-10.1,-19.6,-26.1
96.64,-7.9,-18.3,-10.0,-19.3,-26.5
96.65,-9.0,-17.3,-11.5,-19.1,-26.2
96.66,-10.4,-16.6,-14.5,-18.7,-25.1
96.67,-11.3,-16.2,-17.2,-18.7,-23.9
96.68,-11.8,-15.8,-18.0,-18.6,-23.0
96.69,-11.8,-15.8,-18.5,-18.8,-22.4
96.70,-12.4,-15.8,-18.8,-19.2,-22.1
96.71,-13.5,-16.0,-21.3,-19.4,-21.8
96.72,-13.5,-15.8,-22.7,-19.2,-22.3
96.73,-13.5,-15.7,-22.4,-19.6,-22.1
96.74,-13.5,-15.3,-22.8,-19.7,-22.7
96.75,-13.1,-15.0,-22.0,-19.7,-22.7
96.76,-12.7,-14.7,-21.6,-20.1,-22.8
96.77,-12.5,-14.8,-21.2,-20.7,-22.9
96.78,-12.2,-14.6,-22.1,-21.0,-22.8
96.79,-11.9,-14.8,-22.3,-19.6,-23.1
96.80,-11.8,-15.0,-23.2,-18.9,-23.1
96.81,-11.7,-15.0,-24.5,-18.1,-23.6
96.82,-11.2,-14.8,-25.4,-17.4,-23.1
96.83,-10.9,-14.6,-26.4,-17.1,-22.4
96.84,-10.7,-14.5,-27.0,-17.4,-22.0
96.85,-10.7,-14.8,-26.9,-17.3,-21.6
96.86,-10.8,-15.5,-26.5,-17.3,-21.4
96.87,-11.7,-17.7,-25.6,-17.5,-21.9
96.88,-12.1,-19.7,-24.9,-17.3,-22.3
96.89,-12.8,-23.0,-25.1,-17.5,-22.5
96.90,-13.5,-28.0,-25.3,-17.7,-22.8
96.91,-13.7,-31.5,-25.7,-17.7,-23.0
96.92,-12.6,-24.2,-19.6,-18.0,-23.1
96.93,-9.1,-20.6,-11.9,-19.0,-23.5
96.94,-8.5,-17.8,-10.9,-19.9,-24.2
96.95,-8.4,-16.4,-10.7,-19.6,-24.8
96.96,-8.3,-15.3,-10.7,-20.0,-25.3
96.97,-9.3,-15.0,-12.0,-19.8,-25.4
96.98,-12.0,-15.2,-17.3,-19.1,-25.2
96.99,-12.6,-15.7,-19.1,-18.8,-24.9
97.00,-12.9,-16.2,-19.7,-19.2,-24.4
97.01,-12.9,-16.3,-19.4,-19.1,-24.5
97.02,-13.3,-16.5,-22.4,-18.9,-24.8
97.03,-13.3,-16.3,-22.4,-18.9,-25.0
97.04,-13.5,-16.2,-23.9,-19.0,-25.3
97.05,-13.6,-16.1,-22.5,-18.8,-25.7
97.06,-13.3,-15.8,-23.2,-19.0,-25.7
97.07,-13.1,-15.9,-22.0,-19.0,-25.4
97.08,-12.7,-15.7,-21.3,-18.8,-24.4
97.09,-12.5,-16.0,-20.7,-19.3,-24.1
97.10,-12.2,-16.1,-20.3,-19.7,-23.9
97.11,-11.3,-15.9,-20.0,-18.8,-23.7
97.12,-11.6,-16.3,-20.3,-18.4,-23.1
97.13,-12.2,-16.4,-21.3,-18.6,-23.3
97.14,-11.7,-16.5,-22.4,-17.9,-22.9
97.15,-12.2,-16.8,-24.0,-17.5,-22.3
97.16,-12.2,-17.1,-22.3,-18.1,-22.7
97.17,-12.0,-17.0,-20.2,-18.0,-22.9
97.18,-11.4,-16.7,-19.2,-17.9,-23.1
97.19,-11.5,-16.8,-18.9,-18.0,-23.8
97.20,-11.7,-16.8,-18.6,-18.0,-24.3
97.21,-11.7,-16.4,-20.7,-17.9,-25.0
97.22,-11.9,-16.5,-22.5,-17.9,-25.3
97.23,-12.2,-16.1,-23.7,-18.0,-25.8
97.24,-10.5,-16.0,-14.8,-18.5,-26.4
97.25,-8.4,-15.8,-10.8,-18.9,-27.1
97.26,-8.3,-15.7,-10.4,-19.6,-27.8
97.27,-8.3,-15.8,-10.4,-19.5,-28.7
97.28,-8.7,-15.9,-10.6,-19.2,-29.5
97.29,-11.4,-15.9,-15.0,-19.1,-28.6
97.30,-13.1,-15.9,-19.8,-18.9,-27.4
97.31,-13.5,-16.1,-20.0,-18.7,-26.5
97.32,-13.8,-16.1,-19.9,-18.8,-25.5
97.33,-14.2,-16.2,-19.8,-19.0,-24.9
97.34,-14.6,-16.0,-22.7,-19.0,-24.9
97.35,-14.7,-16.0,-23.6,-18.8,-24.8
97.36,-14.5,-15.8,-23.0,-19.1,-24.5
97.37,-14.4,-15.7,-23.4,-19.5,-24.4
97.38,-14.3,-15.9,-22.8,-19.3,-24.9
97.39,-12.4,-16.0,-16.4,-19.7,-25.1
97.40,-10.5,-16.3,-12.8,-19.6,-26.4
97.41,-9.8,-16.8,-12.0,-19.7,-27.6
97.42,-9.8,-17.3,-11.7,-19.1,-28.5
97.43,-9.8,-17.6,-11.5,-18.4,-28.2
97.44,-10.6,-17.5,-13.8,-17.9,-27.3
97.45,-12.0,-17.4,-15.8,-17.5,-26.6
97.46,-12.7,-17.0,-17.0,-17.3,-25.8
97.47,-12.4,-16.7,-17.8,-17.7,-24.8
97.48,-12.6,-16.4,-18.8,-17.6,-24.3
97.49,-12.8,-16.0,-19.7,-17.8,-24.5
97.50,-12.7,-15.9,-21.1,-17.9,-24.3
97.51,-13.2,-15.9,-22.8,-17.9,-24.5
97.52,-13.2,-15.8,-24.2,-18.0,-24.6
97.53,-13.3,-15.7,-25.1,-18.0,-24.5
97.54,-13.3,-15.7,-26.2,-18.0,-24.4
97.55,-12.8,-15.7,-22.9,-18.3,-24.4
97.56,-9.3,-16.1,-11.6,-18.6,-24.7
97.57,-8.6,-16.4,-10.6,-18.9,-25.2
97.58,-8.6,-16.7,-10.5,-18.6,-25.6
97.59,-8.5,-16.8,-10.5,-18.7,-26.7
97.60,-9.5,-16.8,-11.8,-18.5,-26.7
97.61,-11.6,-16.5,-16.1,-18.5,-27.0
97.62,-12.7,-16.4,-19.1,-18.6,-27.2
97.63,-13.3,-16.3,-19.7,-19.0,-26.7
97.64,-13.9,-16.7,-19.5,-19.0,-26.5
97.65,-14.7,-16.8,-21.8,-19.1,-26.2
97.66,-15.2,-17.4,-22.9,-19.1,-26.0
97.67,-15.4,-17.3,-24.2,-19.2,-25.6
97.68,-15.0,-17.2,-22.4,-19.2,-25.7
97.69,-15.0,-17.3,-22.9,-19.4,-26.4
97.70,-14.3,-16.9,-21.8,-19.6,-26.5
97.71,-13.7,-17.2,-21.2,-19.3,-26.6
97.72,-13.4,-17.6,-21.7,-19.4,-26.0
97.73,-13.5,-18.4,-22.4,-19.8,-25.4
97.74,-12.9,-19.2,-22.6,-18.7,-24.1
97.75,-13.3,-20.3,-24.6,-18.6,-23.2
97.76,-13.8,-21.6,-27.4,-18.6,-22.9
97.77,-13.6,-22.3,-28.7,-17.8,-22.8
97.78,-13.4,-22.8,-30.0,-17.7,-22.2
97.79,-14.4,-23.8,-31.7,-18.4,-22.5
97.80,-14.2,-24.8,-29.4,-18.0,-22.6
97.81,-14.0,-26.1,-28.5,-17.9,-22.5
97.82,-14.8,-28.2,-27.7,-18.2,-23.3
97.83,-15.0,-31.8,-26.6,-18.0,-23.7
97.84,-15.4,-34.5,-26.7,-18.0,-24.4
97.85,-16.3,-37.5,-27.1,-18.2,-25.1
97.86,-16.0,-39.8,-24.3,-18.1,-25.9
97.87,-11.9,-40.5,-13.0,-18.5,-26.6
97.88,-9.4,-41.9,-10.7,-18.3,-26.5
97.89,-9.0,-42.4,-9.9,-18.9,-26.8
97.90,-8.5,-42.1,-9.6,-18.8,-26.7
97.91,-9.1,-42.9,-10.3,-18.8,-26.3
97.92,-10.2,-42.5,-12.2,-18.6,-25.9
97.93,-12.3,-41.7,-16.0,-18.8,-25.7
97.94,-12.8,-40.5,-16.5,-18.7,-25.3
97.95,-13.6,-40.1,-17.0,-18.8,-24.9
97.96,-13.5,-39.4,-17.3,-18.9,-24.1
97.97,-13.9,-39.1,-19.9,-18.7,-23.6
97.98,-14.4,-39.1,-21.3,-18.7,-23.1
97.99,-14.3,-40.0,-22.0,-18.7,-23.2
98.00,-14.5,-40.6,-21.8,-18.7,-23.5
98.01,-14.8,-42.0,-22.0,-18.8,-23.8
98.02,-14.5,-43.1,-21.1,-19.2,-24.5
98.03,-14.3,-45.1,-21.2,-19.1,-24.5
98.04,-14.3,-46.4,-22.0,-19.3,-24.0
98.05,-14.2,-47.5,-22.4,-19.3,-23.9
98.06,-14.4,-48.2,-24.0,-18.6,-24.0
98.07,-14.9,-48.9,-25.2,-18.2,-24.2
98.08,-15.4,-49.6,-26.1,-17.9,-24.5
98.09,-16.2,-49.7,-27.2,-17.7,-25.0
98.10,-18.0,-50.0,-27.6,-18.1,-24.6
98.11,-18.5,-50.1,-27.2,-18.0,-23.8
98.12,-17.8,-48.0,-26.2,-18.1,-23.9
98.13,-17.6,-45.2,-25.3,-18.3,-23.3
98.14,-17.0,-35.3,-25.2,-18.1,-22.9
98.15,-16.6,-32.4,-25.5,-18.1,-23.0
98.16,-16.4,-27.9,-26.4,-18.1,-23.1
98.17,-15.7,-25.4,-26.9,-18.0,-23.4
98.18,-14.0,-20.2,-24.3,-17.9,-24.2
98.19,-9.4,-17.9,-12.3,-19.0,-25.3
98.20,-8.3,-15.9,-10.7,-19.8,-26.2
98.21,-8.0,-14.4,-10.5,-19.8,-27.0
98.22,-8.0,-13.7,-10.5,-20.4,-28.2
98.23,-8.6,-14.1,-11.2,-19.9,-28.8
98.24,-10.9,-14.8,-15.5,-19.0,-28.0
98.25,-12.9,-16.3,-19.5,-19.0,-27.2
98.26,-14.4,-19.3,-20.0,-19.3,-26.3
98.27,-15.4,-23.5,-19.9,-19.2,-25.6
98.28,-18.0,-30.2,-20.8,-19.4,-24.7
98.29,-18.0,-33.3,-23.2,-19.6,-24.7
98.30,-17.5,-38.8,-24.3,-19.4,-24.6
98.31,-17.0,-37.4,-22.7,-19.4,-24.8
98.32,-17.0,-33.2,-23.0,-19.4,-25.4
98.33,-16.3,-28.5,-21.5,-19.4,-25.9
98.34,-14.7,-20.5,-20.9,-19.6,-26.2
98.35,-13.4,-16.9,-21.1,-19.9,-26.3
98.36,-12.7,-15.2,-21.9,-20.4,-26.6
98.37,-11.9,-14.4,-22.0,-18.8,-26.5
98.38,-11.7,-14.0,-24.0,-18.6,-26.5
98.39,-12.3,-14.3,-26.5,-18.4,-26.1
98.40,-12.4,-14.8,-28.1,-17.5,-26.1
98.41,-12.5,-15.1,-29.5,-17.5,-25.9
98.42,-12.7,-15.0,-28.9,-18.3,-25.7
98.43,-12.2,-14.7,-26.6,-18.0,-25.9
98.44,-12.1,-14.7,-25.9,-17.8,-26.5
98.45,-12.6,-15.5,-25.1,-18.1,-27.1
98.46,-12.9,-16.3,-24.8,-17.9,-27.6
98.47,-14.0,-17.8,-25.8,-17.8,-27.9
98.48,-14.3,-18.2,-27.6,-18.0,-28.1
98.49,-13.3,-16.2,-28.5,-18.0,-28.0
98.50,-10.9,-15.2,-17.2,-18.2,-28.3
98.51,-8.4,-14.5,-11.7,-18.6,-28.3
98.52,-7.9,-14.2,-10.7,-19.5,-28.6
98.53,-7.8,-15.0,-10.6,-18.5,-28.5
98.54,-8.2,-16.5,-10.6,-18.1,-28.3
98.55,-9.3,-17.0,-12.1,-17.7,-27.9
98.56,-11.9,-17.1,-18.8,-17.2,-27.8
98.57,-11.7,-17.5,-19.9,-16.6,-27.3
98.58,-12.6,-17.4,-20.4,-17.6,-27.2
98.59,-12.1,-16.9,-20.0,-17.1,-26.9
98.60,-12.8,-16.6,-23.0,-17.4,-26.9
98.61,-12.4,-16.5,-22.7,-16.8,-26.9
98.62,-12.9,-16.6,-24.2,-17.3,-27.2
98.63,-12.0,-16.2,-23.1,-16.6,-27.4
98.64,-12.5,-16.2,-24.0,-17.1,-28.4
98.65,-11.9,-16.0,-22.4,-16.5,-28.8
98.66,-12.0,-15.7,-21.8,-17.1,-29.1
98.67,-12.0,-15.6,-22.1,-16.9,-28.4
98.68,-12.0,-15.5,-22.3,-17.7,-26.1
98.69,-12.1,-15.5,-23.9,-17.2,-24.4
98.70,-12.1,-15.5,-25.4,-17.6,-23.0
98.71,-12.1,-15.6,-27.2,-17.2,-22.4
98.72,-12.6,-15.8,-30.3,-17.6,-21.4
98.73,-12.5,-16.1,-30.2,-17.0,-22.1
98.74,-13.2,-16.3,-29.7,-17.9,-21.5
98.75,-12.9,-16.4,-28.2,-17.2,-22.4
98.76,-12.4,-16.3,-26.9,-17.7,-22.0
98.77,-12.0,-16.2,-26.8,-17.0,-22.8
98.78,-11.9,-16.1,-26.2,-17.2,-22.5
98.79,-11.7,-16.0,-26.5,-16.8,-22.7
98.80,-11.6,-16.2,-26.5,-17.0,-22.2
98.81,-11.3,-16.0,-24.3,-16.7,-22.8
98.82,-10.2,-16.3,-13.7,-17.1,-23.0
98.83,-8.2,-16.5,-10.9,-16.9,-24.3
98.84,-8.4,-16.8,-10.7,-17.2,-24.2
98.85,-8.4,-16.9,-10.6,-17.1,-25.7
98.86,-8.7,-16.8,-10.8,-17.2,-25.0
98.87,-11.0,-16.6,-15.9,-17.1,-25.0
98.88,-12.2,-16.5,-19.9,-17.3,-24.6
98.89,-12.5,-16.5,-20.2,-17.2,-25.0
98.90,-12.8,-16.8,-20.1,-17.4,-25.8
98.91,-12.0,-16.8,-19.7,-17.0,-25.4
98.92,-12.8,-17.1,-22.1,-17.2,-25.6
98.93,-12.1,-16.4,-22.8,-16.8,-25.1
98.94,-11.1,-15.8,-22.7,-16.8,-24.8
98.95,-11.2,-15.1,-22.2,-16.7,-24.3
98.96,-10.8,-14.7,-21.9,-16.8,-24.2
98.97,-10.7,-14.6,-22.3,-16.6,-23.7
98.98,-10.5,-14.4,-21.9,-16.9,-23.6
98.99,-10.9,-14.7,-22.7,-17.2,-23.9
99.00,-11.1,-14.8,-23.4,-17.1,-24.1
99.01,-11.5,-15.1,-25.1,-16.9,-24.3
99.02,-11.9,-15.6,-26.3,-16.8,-24.7
99.03,-12.1,-15.8,-28.0,-16.5,-24.8
99.04,-12.4,-16.2,-31.2,-16.3,-24.7
99.05,-12.5,-16.4,-31.5,-16.6,-24.5
99.06,-12.7,-16.7,-30.3,-16.6,-24.7
99.07,-12.7,-16.9,-29.6,-16.8,-24.5
99.08,-12.3,-17.2,-28.2,-16.5,-23.9
99.09,-12.6,-17.3,-27.4,-16.8,-23.6
99.10,-12.0,-17.4,-27.6,-16.4,-22.8
99.11,-12.4,-17.6,-28.1,-16.7,-22.8
99.12,-12.0,-17.3,-27.7,-16.3,-23.0
99.13,-10.1,-17.8,-14.4,-16.6,-23.3
99.14,-8.6,-17.7,-11.9,-16.3,-23.9
99.15,-8.3,-17.6,-11.0,-16.7,-25.7
99.16,-8.0,-17.0,-10.6,-16.6,-25.9
99.17,-8.1,-16.5,-10.5,-16.9,-27.8
99.18,-8.8,-16.1,-13.0,-16.7,-27.2
99.19,-10.5,-15.9,-15.3,-17.3,-27.6
99.20,-10.3,-16.0,-16.6,-16.9,-26.8
99.21,-10.8,-15.8,-17.6,-17.6,-27.2
99.22,-10.9,-16.0,-18.1,-16.9,-26.5
99.23,-12.2,-15.9,-19.8,-17.5,-26.3
99.24,-12.1,-16.0,-20.4,-16.7,-26.1
99.25,-12.9,-16.0,-22.2,-17.1,-25.3
99.26,-12.4,-16.1,-21.7,-16.5,-25.4
99.27,-12.9,-16.2,-22.2,-17.1,-24.3
99.28,-12.4,-16.0,-21.8,-16.6,-24.7
99.29,-12.8,-15.9,-21.6,-17.4,-24.0
99.30,-12.8,-15.9,-21.8,-17.1,-24.3
99.31,-12.6,-16.1,-22.3,-17.5,-24.3
99.32,-12.7,-16.3,-23.0,-17.0,-24.5
99.33,-12.8,-17.1,-24.6,-17.3,-24.6
99.34,-13.1,-18.7,-25.7,-16.6,-24.5
99.35,-13.7,-20.4,-27.0,-16.8,-25.0
99.36,-14.1,-23.4,-27.4,-16.4,-24.6
99.37,-15.4,-29.1,-27.5,-16.9,-24.8
99.38,-15.2,-34.1,-27.2,-16.4,-25.0
99.39,-15.2,-35.5,-26.8,-17.0,-25.3
99.40,-14.3,-35.7,-27.0,-16.5,-24.9
99.41,-14.8,-30.8,-26.6,-17.1,-24.9
99.42,-13.6,-25.0,-26.8,-16.5,-24.4
99.43,-13.6,-22.8,-27.1,-17.1,-24.3
99.44,-12.6,-19.5,-27.0,-16.6,-24.1
99.45,-11.0,-16.6,-16.0,-17.0,-24.9
99.46,-8.3,-15.4,-11.6,-16.8,-25.5
99.47,-8.3,-14.8,-11.2,-17.3,-26.1
99.48,-8.0,-14.0,-11.1,-17.1,-26.5
99.49,-8.3,-14.1,-11.2,-17.6,-27.1
99.50,-9.6,-14.7,-15.4,-17.2,-27.0
99.51,-11.4,-15.3,-19.8,-17.5,-26.9
99.52,-11.5,-15.6,-20.1,-17.0,-27.8
99.53,-12.3,-16.6,-20.1,-17.3,-27.9
99.54,-12.2,-17.4,-19.7,-16.8,-27.4
99.55,-13.4,-17.7,-22.4,-17.0,-27.1
99.56,-13.3,-17.7,-22.4,-16.6,-27.3
99.57,-12.8,-17.5,-23.4,-16.7,-26.9
99.58,-12.4,-16.6,-22.2,-16.4,-27.1
99.59,-12.3,-16.1,-22.4,-16.7,-27.2
99.60,-12.0,-15.9,-22.7,-16.6,-27.6
99.61,-11.6,-15.8,-20.7,-16.8,-27.9
99.62,-12.1,-15.9,-19.9,-17.0,-27.8
99.63,-11.7,-15.9,-19.1,-17.2,-27.4
99.64,-11.3,-16.0,-18.9,-16.8,-27.0
99.65,-11.2,-15.8,-19.1,-16.9,-26.5
99.66,-11.6,-15.8,-20.6,-16.5,-27.0
99.67,-12.0,-16.1,-22.7,-16.6,-27.4
99.68,-12.2,-16.3,-24.4,-16.4,-27.6
99.69,-12.2,-16.5,-19.7,-16.6,-29.1
99.70,-12.1,-16.6,-18.8,-16.4,-30.1
99.71,-11.8,-16.7,-18.0,-16.4,-30.3
99.72,-11.6,-16.7,-17.6,-16.4,-30.9
99.73,-11.8,-16.6,-18.5,-16.3,-31.8
99.74,-12.7,-16.9,-20.4,-16.4,-31.5
99.75,-12.6,-17.4,-22.3,-16.2,-31.0
99.76,-12.4,-18.3,-21.1,-16.4,-30.8
99.77,-9.7,-19.2,-11.7,-16.5,-30.8
99.78,-9.1,-19.2,-10.6,-17.6,-29.0
99.79,-8.8,-18.7,-10.5,-18.1,-26.4
99.80,-8.7,-17.5,-10.5,-19.0,-25.0
99.81,-9.5,-16.8,-11.8,-19.6,-24.4
99.82,-11.9,-16.2,-16.1,-19.4,-23.4
99.83,-12.8,-16.1,-19.6,-19.2,-23.3
99.84,-13.2,-16.0,-20.5,-18.5,-23.5
99.85,-12.8,-16.2,-20.1,-18.2,-23.0
99.86,-12.9,-16.5,-21.9,-18.0,-22.9
99.87,-13.2,-16.8,-22.5,-18.0,-22.9
99.88,-13.3,-17.0,-24.3,-17.7,-22.7
99.89,-13.4,-17.2,-23.0,-17.6,-22.9
99.90,-13.5,-16.9,-23.6,-17.7,-23.3
99.91,-12.8,-16.2,-21.9,-17.6,-24.1
99.92,-10.3,-15.8,-13.9,-17.8,-24.5
99.93,-9.3,-15.6,-12.1,-17.7,-25.4
99.94,-8.8,-15.5,-11.6,-17.7,-26.2
99.95,-8.7,-16.1,-11.2,-17.0,-26.0
99.96,-8.8,-17.0,-11.2,-17.1,-26.3
99.97,-10.6,-17.5,-14.0,-16.7,-25.6
99.98,-11.2,-18.7,-15.8,-16.7,-24.5
99.99,-11.9,-20.2,-17.2,-16.4,-24.3
100.00,-13.3,-22.0,-18.3,-16.8,-23.9
100.01,-13.2,-25.3,-19.6,-16.7,-24.0
100.02,-14.7,-31.9,-21.3,-16.9,-23.8
100.03,-14.3,-36.4,-22.6,-16.6,-23.1
100.04,-14.0,-38.4,-23.6,-16.5,-22.3
100.05,-13.9,-39.1,-24.5,-16.6,-21.9
100.06,-13.6,-40.8,-25.7,-16.4,-21.4
100.07,-13.8,-40.2,-25.7,-16.8,-20.9
100.08,-10.9,-39.6,-15.9,-16.4,-21.1
100.09,-8.9,-30.9,-11.5,-16.8,-22.2
100.10,-8.3,-22.9,-10.7,-16.6,-22.7
100.11,-7.9,-17.8,-10.5,-17.1,-23.7
100.12,-7.8,-15.5,-10.6,-16.8,-24.6
100.13,-8.9,-14.1,-13.0,-16.9,-24.9
100.14,-10.8,-13.5,-18.9,-16.9,-24.7
100.15,-10.7,-13.1,-19.9,-16.7,-24.1
100.16,-11.1,-13.6,-20.1,-17.2,-24.2
100.17,-10.8,-13.6,-19.9,-16.9,-23.4
100.18,-10.9,-13.8,-23.2,-17.1,-23.1
100.19,-10.5,-13.8,-22.9,-16.7,-22.4
100.20,-10.9,-14.1,-24.1,-16.9,-22.2
100.21,-10.6,-14.3,-22.9,-16.7,-21.6
100.22,-10.4,-14.6,-23.1,-16.8,-21.8
100.23,-10.1,-14.9,-21.8,-16.6,-21.6
100.24,-10.1,-14.7,-21.5,-16.7,-21.9
100.25,-10.5,-15.0,-22.2,-17.5,-21.9
100.26,-10.9,-14.8,-22.5,-18.2,-23.1
100.27,-11.7,-14.9,-24.4,-18.1,-23.8
100.28,-11.8,-14.8,-26.2,-18.0,-24.3
100.29,-12.3,-14.9,-27.9,-17.7,-25.3
100.30,-12.5,-15.0,-30.1,-17.6,-25.2
100.31,-13.0,-15.3,-30.7,-17.2,-24.7
100.32,-13.3,-15.7,-31.2,-17.5,-24.1
100.33,-13.5,-16.3,-29.7,-17.5,-24.1
100.34,-13.6,-17.4,-28.3,-17.3,-23.8
100.35,-14.0,-18.1,-28.3,-17.4,-24.0
100.36,-14.0,-18.6,-27.7,-17.2,-24.9
100.37,-14.1,-19.1,-27.5,-17.3,-25.4
100.38,-14.0,-19.4,-27.6,-17.0,-25.8
100.39,-12.5,-19.7,-17.7,-17.4,-26.4
100.40,-10.7,-20.0,-13.4,-17.2,-26.6
100.41,-9.0,-18.3,-11.1,-17.5,-26.8
100.42,-8.5,-16.9,-10.7,-17.3,-27.2
100.43,-8.0,-15.6,-10.6,-17.0,-26.4
100.44,-8.3,-14.6,-11.9,-17.3,-26.0
100.45,-9.3,-14.2,-14.3,-17.1,-25.2
100.46,-10.3,-14.4,-16.3,-17.2,-25.1
100.47,-10.4,-14.5,-17.1,-16.9,-24.3
100.48,-10.9,-15.0,-17.1,-17.4,-24.7
100.49,-11.5,-15.8,-17.6,-17.4,-23.6
100.50,-12.2,-16.8,-19.1,-17.4,-24.0
100.51,-12.8,-17.4,-20.3,-17.2,-23.9
100.52,-12.7,-18.4,-20.4,-16.9,-24.0
100.53,-13.0,-18.5,-21.1,-17.1,-24.2
100.54,-12.1,-18.0,-20.6,-16.9,-24.7
100.55,-12.1,-18.0,-20.2,-17.1,-24.8
100.56,-11.9,-17.4,-20.3,-17.0,-25.2
100.57,-12.3,-17.8,-21.1,-17.4,-25.3
100.58,-12.3,-18.1,-21.2,-17.4,-24.7
100.59,-12.5,-19.4,-22.4,-17.2,-24.0
100.60,-12.5,-20.5,-23.9,-16.8,-24.0
100.61,-13.2,-22.8,-24.9,-16.8,-23.9
100.62,-14.0,-25.7,-26.3,-16.7,-24.3
100.63,-11.9,-28.8,-14.5,-17.2,-25.7
100.64,-11.5,-33.1,-12.5,-17.3,-26.8
100.65,-11.1,-38.0,-11.8,-17.5,-26.4
100.66,-10.4,-38.6,-11.3,-17.2,-26.2
100.67,-10.2,-39.5,-11.1,-17.4,-26.0
100.68,-12.2,-42.0,-13.9,-17.3,-25.5
100.69,-13.5,-46.2,-16.0,-17.2,-25.1
100.70,-13.9,-46.3,-17.2,-17.2,-24.6
100.71,-13.6,-46.2,-16.0,-17.1,-24.1
100.72,-10.1,-46.8,-11.0,-17.6,-23.9
100.73,-9.2,-47.8,-10.3,-17.4,-23.6
100.74,-9.0,-48.7,-10.2,-17.3,-23.6
100.75,-9.0,-51.5,-10.3,-17.1,-23.4
100.76,-9.3,-52.4,-11.5,-17.1,-23.0
100.77,-13.2,-53.1,-17.2,-17.2,-22.6
100.78,-13.1,-52.9,-18.3,-17.1,-22.0
100.79,-13.3,-53.3,-18.9,-17.2,-21.4
100.80,-13.5,-53.4,-18.5,-16.9,-21.1
100.81,-14.5,-54.1,-21.6,-17.3,-20.8
100.82,-14.1,-54.3,-21.2,-17.0,-20.8
100.83,-14.6,-54.7,-23.4,-17.0,-21.4
100.84,-14.2,-53.8,-21.7,-16.7,-22.0
100.85,-14.0,-50.9,-21.9,-16.8,-22.9
100.86,-14.1,-45.4,-21.0,-17.0,-23.9
100.87,-10.9,-36.1,-13.4,-17.5,-24.8
100.88,-10.3,-30.7,-12.3,-18.2,-26.0
100.89,-10.2,-25.5,-11.9,-18.7,-26.9
100.90,-9.4,-19.4,-11.6,-19.0,-28.8
100.91,-9.4,-16.5,-12.7,-18.8,-29.3
100.92,-10.0,-14.9,-15.0,-18.0,-28.8
100.93,-10.0,-13.9,-16.9,-17.4,-28.3
100.94,-9.9,-13.3,-18.2,-17.1,-27.1
100.95,-10.6,-14.0,-19.1,-17.2,-26.5
100.96,-11.2,-15.5,-20.1,-17.0,-25.8
100.97,-12.2,-17.4,-21.3,-16.8,-25.0
100.98,-12.9,-19.9,-21.9,-16.8,-24.5
100.99,-13.9,-25.5,-22.9,-16.5,-24.2
101.00,-14.0,-29.8,-23.6,-16.9,-23.2
101.01,-14.1,-32.4,-24.2,-16.8,-23.2
101.02,-14.2,-33.2,-23.5,-16.8,-23.8
101.03,-11.9,-31.8,-14.3,-17.0,-24.1
101.04,-9.2,-24.6,-10.3,-17.8,-25.0
101.05,-8.8,-19.0,-10.1,-18.4,-26.1
101.06,-8.4,-16.1,-10.0,-18.5,-26.8
101.07,-8.3,-14.8,-10.2,-18.9,-26.9
101.08,-10.4,-13.9,-14.7,-18.5,-26.9
101.09,-11.1,-13.6,-19.3,-18.0,-27.0
101.10,-11.8,-14.2,-19.4,-18.2,-27.2
101.11,-11.9,-14.9,-19.2,-17.8,-27.2
101.12,-12.0,-15.3,-19.2,-18.1,-27.4
101.13,-12.1,-15.5,-22.0,-17.6,-27.8
101.14,-12.5,-15.5,-23.2,-17.8,-28.1
101.15,-12.4,-15.4,-22.5,-17.6,-28.6
101.16,-12.0,-15.4,-22.1,-17.5,-29.2
101.17,-12.3,-15.4,-21.0,-18.0,-29.0
101.18,-12.5,-15.9,-20.0,-17.9,-28.2
101.19,-12.7,-16.0,-19.9,-19.0,-27.2
101.20,-12.5,-15.8,-20.7,-18.8,-26.9
101.21,-12.4,-15.7,-20.9,-18.8,-26.3
101.22,-11.6,-14.9,-21.7,-18.2,-26.0
101.23,-11.1,-14.0,-23.0,-17.3,-26.2
101.24,-11.0,-13.8,-24.1,-16.9,-26.3
101.25,-10.7,-13.3,-25.3,-16.6,-26.5
101.26,-11.5,-13.4,-25.9,-17.2,-26.8
101.27,-11.6,-13.3,-27.3,-16.9,-26.5
101.28,-11.8,-13.4,-26.8,-17.3,-26.0
101.29,-11.9,-13.4,-25.0,-17.4,-25.1
101.30,-11.7,-13.3,-24.7,-17.1,-24.2
101.31,-11.8,-13.6,-25.0,-17.5,-23.4
101.32,-11.1,-13.2,-25.0,-16.9,-23.1
101.33,-11.2,-13.6,-25.2,-17.3,-22.5
101.34,-10.5,-13.6,-21.7,-17.1,-22.4
101.35,-8.7,-13.8,-11.7,-17.5,-22.7
101.36,-8.0,-14.2,-10.6,-17.5,-23.4
101.37,-7.8,-14.1,-10.5,-17.4,-24.0
101.38,-8.1,-15.1,-10.5,-17.9,-24.5
101.39,-9.1,-15.7,-11.8,-17.4,-24.7
101.40,-12.3,-17.7,-16.0,-18.0,-24.7
101.41,-12.9,-19.5,-18.4,-17.5,-24.3
101.42,-14.7,-24.9,-19.0,-17.7,-24.9
101.43,-14.3,-28.7,-19.0,-17.6,-24.5
101.44,-13.1,-31.3,-21.2,-17.2,-23.9
101.45,-13.3,-33.8,-21.3,-17.4,-23.7
101.46,-13.2,-37.5,-23.8,-17.1,-23.4
101.47,-12.8,-38.0,-21.9,-17.3,-22.8
101.48,-13.1,-30.2,-22.1,-17.3,-22.9
101.49,-13.2,-28.9,-21.0,-17.5,-23.0
101.50,-13.7,-23.7,-20.9,-18.1,-23.8
101.51,-13.5,-19.3,-20.9,-18.5,-24.7
101.52,-13.0,-16.3,-22.0,-19.5,-25.5
101.53,-11.8,-14.9,-23.1,-18.1,-25.6
101.54,-11.8,-14.1,-24.0,-18.5,-26.2
101.55,-11.6,-14.1,-24.8,-17.6,-26.1
101.56,-11.7,-14.4,-26.1,-17.3,-26.0
101.57,-12.3,-15.1,-27.4,-17.3,-26.0
101.58,-12.6,-15.7,-26.7,-17.5,-26.5
101.59,-12.7,-16.0,-25.9,-17.7,-26.5
101.60,-12.7,-16.4,-25.3,-17.4,-26.6
101.61,-13.2,-16.9,-24.9,-18.0,-26.6
101.62,-13.6,-17.6,-24.5,-17.5,-27.1
101.63,-13.7,-18.1,-25.0,-17.7,-27.1
101.64,-13.9,-18.3,-25.1,-18.0,-27.8
101.65,-13.6,-18.5,-23.4,-17.6,-28.0
101.66,-11.0,-18.7,-13.2,-18.1,-28.3
101.67,-9.1,-18.5,-10.6,-17.9,-29.0
101.68,-9.0,-18.6,-10.1,-18.9,-29.9
101.69,-8.6,-18.3,-9.8,-18.5,-30.1
101.70,-9.0,-17.9,-10.6,-18.8,-29.2
101.71,-10.2,-17.2,-13.2,-18.9,-28.8
101.72,-11.7,-17.0,-16.7,-18.3,-26.2
101.73,-12.0,-16.6,-16.8,-18.4,-25.4
101.74,-12.1,-16.8,-17.3,-17.9,-25.0
101.75,-12.6,-16.8,-17.5,-18.7,-24.5
101.76,-12.6,-16.7,-19.6,-18.0,-24.4
101.77,-13.2,-16.4,-21.3,-18.4,-24.9
101.78,-13.3,-16.5,-21.2,-18.3,-24.5
101.79,-12.8,-16.3,-20.9,-18.1,-24.0
101.80,-13.4,-16.3,-20.9,-18.6,-23.2
101.81,-13.0,-16.3,-20.1,-18.5,-23.4
101.82,-13.5,-16.5,-20.2,-19.7,-23.8
101.83,-13.4,-16.6,-21.0,-19.6,-24.1
101.84,-13.3,-16.7,-21.4,-19.7,-25.1
101.85,-12.8,-16.5,-22.4,-18.8,-25.6
101.86,-12.8,-16.6,-23.1,-18.3,-25.6
101.87,-12.4,-16.1,-24.2,-17.9,-24.8
101.88,-12.2,-15.9,-25.4,-17.3,-24.4
101.89,-12.5,-15.7,-25.3,-18.1,-23.9
101.90,-12.4,-15.3,-26.2,-17.7,-22.9
101.91,-12.3,-15.0,-25.8,-18.1,-22.2
101.92,-12.1,-15.1,-24.6,-17.9,-21.5
101.93,-12.3,-15.3,-24.7,-18.1,-21.6
101.94,-12.6,-15.1,-25.4,-18.4,-21.6
101.95,-12.9,-15.8,-25.6,-18.0,-22.0
101.96,-13.3,-16.0,-25.6,-18.7,-21.9
101.97,-13.0,-16.2,-21.7,-18.2,-22.7
101.98,-9.7,-16.6,-11.3,-19.1,-23.3
101.99,-8.5,-17.0,-9.9,-19.0,-24.1
102.00,-8.3,-17.2,-9.8,-19.0,-25.0
102.01,-8.4,-17.3,-9.8,-18.9,-26.3
102.02,-8.8,-16.3,-10.7,-18.0,-27.2
102.03,-10.8,-15.4,-14.9,-18.2,-26.9
102.04,-11.7,-15.1,-18.5,-17.5,-26.9
102.05,-11.8,-14.8,-18.6,-18.1,-26.5
102.06,-11.9,-14.8,-18.6,-17.8,-26.1
102.07,-11.5,-14.9,-20.0,-18.1,-25.7
102.08,-11.9,-15.1,-21.2,-18.0,-26.4
102.09,-11.7,-14.9,-23.7,-17.8,-25.7
102.10,-11.9,-15.1,-21.9,-18.4,-26.0
102.11,-11.7,-15.1,-21.8,-17.9,-25.5
102.12,-12.0,-15.5,-20.8,-18.3,-25.5
102.13,-12.0,-15.7,-20.1,-18.5,-25.4
102.14,-12.4,-16.1,-18.6,-19.2,-26.0
102.15,-12.8,-16.6,-18.7,-19.7,-26.9
102.16,-12.4,-16.9,-18.7,-18.5,-26.6
102.17,-13.1,-17.4,-18.9,-19.0,-26.6
102.18,-12.8,-17.4,-20.2,-18.0,-25.7
102.19,-12.3,-17.4,-21.8,-17.7,-24.8
102.20,-12.6,-17.5,-22.7,-17.5,-24.1
102.21,-13.0,-17.3,-22.5,-18.2,-24.0
102.22,-12.9,-17.4,-21.9,-18.4,-24.3
102.23,-12.8,-17.2,-21.8,-18.4,-24.6
102.24,-13.2,-17.3,-21.7,-18.9,-24.1
102.25,-13.2,-17.3,-21.9,-18.5,-23.8
102.26,-13.0,-17.5,-23.1,-18.6,-23.4
102.27,-13.4,-17.5,-24.6,-18.8,-23.7
102.28,-13.5,-17.6,-25.1,-18.5,-23.6
102.29,-12.3,-17.8,-15.2,-18.9,-23.5
102.30,-9.7,-18.0,-10.9,-19.1,-24.2
102.31,-9.2,-17.6,-10.1,-19.7,-24.2
102.32,-8.8,-17.4,-10.0,-18.9,-24.3
102.33,-8.8,-16.6,-10.0,-19.1,-24.4
102.34,-9.8,-16.1,-12.3,-18.3,-24.5
102.35,-12.2,-15.6,-18.5,-18.1,-23.7
102.36,-12.1,-15.7,-18.9,-17.8,-24.1
102.37,-12.3,-15.5,-19.2,-17.9,-24.4
102.38,-12.0,-15.7,-19.1,-17.9,-23.8
102.39,-11.7,-15.7,-21.9,-17.8,-24.1
102.40,-11.9,-15.9,-21.8,-18.1,-24.2
102.41,-12.2,-15.9,-23.6,-17.7,-24.2
102.42,-12.4,-16.2,-22.3,-17.9,-24.2
102.43,-12.8,-16.1,-22.2,-18.0,-24.3
102.44,-12.2,-16.3,-19.3,-17.9,-24.8
102.45,-10.4,-16.3,-13.4,-19.0,-25.5
102.46,-10.2,-16.7,-12.2,-19.4,-26.4
102.47,-9.8,-16.8,-11.7,-19.8,-27.8
102.48,-9.5,-17.3,-11.6,-18.6,-29.9
102.49,-10.7,-17.4,-12.9,-18.6,-31.4
102.50,-11.7,-17.5,-15.4,-17.9,-30.9
102.51,-12.6,-17.3,-17.4,-17.9,-30.4
102.52,-12.7,-17.2,-18.4,-18.5,-29.6
102.53,-13.4,-16.9,-19.5,-18.5,-29.3
102.54,-13.4,-16.8,-20.9,-18.9,-29.3
102.55,-13.6,-16.7,-22.0,-18.4,-28.9
102.56,-13.8,-16.8,-23.2,-18.6,-28.9
102.57,-13.8,-16.6,-23.8,-18.6,-28.5
102.58,-13.3,-16.4,-24.2,-18.3,-27.9
102.59,-13.5,-16.3,-24.5,-18.7,-28.1
102.60,-12.9,-16.4,-24.0,-18.2,-27.9
102.61,-10.9,-16.5,-13.1,-18.7,-27.6
102.62,-8.8,-16.8,-10.5,-18.2,-27.6
102.63,-8.8,-17.0,-10.3,-18.6,-27.3
102.64,-8.9,-17.0,-10.3,-18.3,-27.0
102.65,-8.9,-17.0,-10.4,-18.3,-26.4
102.66,-11.6,-16.7,-15.1,-18.1,-25.1
102.67,-13.1,-16.7,-18.9,-17.8,-25.3
102.68,-13.1,-16.6,-18.8,-18.1,-24.4
102.69,-13.1,-16.5,-18.8,-17.6,-24.3
102.70,-12.8,-16.3,-19.1,-17.9,-23.8
102.71,-12.6,-16.2,-21.3,-17.6,-24.3
102.72,-12.7,-16.1,-22.8,-17.7,-24.1
102.73,-12.6,-16.0,-22.0,-17.8,-24.1
102.74,-12.1,-16.1,-21.2,-17.7,-23.2
102.75,-12.1,-16.0,-20.7,-18.3,-23.7
102.76,-12.3,-16.1,-20.5,-18.3,-24.0
102.77,-12.6,-16.1,-20.2,-19.3,-24.7
102.78,-12.4,-16.0,-21.2,-19.0,-25.4
102.79,-12.5,-16.2,-21.7,-18.6,-26.4
102.80,-12.5,-16.5,-22.6,-18.4,-26.6
102.81,-12.3,-16.8,-23.6,-17.5,-26.5
102.82,-12.8,-17.4,-24.5,-17.5,-26.0
102.83,-13.3,-18.1,-26.0,-17.0,-26.4
102.84,-14.6,-18.8,-26.6,-17.8,-25.6
102.85,-15.2,-19.7,-26.8,-17.7,-24.4
102.86,-15.9,-20.5,-26.4,-17.8,-23.5
102.87,-16.7,-21.6,-25.2,-18.2,-22.4
102.88,-17.1,-22.9,-24.6,-17.8,-22.2
102.89,-17.9,-24.4,-25.3,-18.6,-21.7
102.90,-18.3,-26.3,-25.4,-18.0,-22.0
102.91,-18.4,-28.8,-25.5,-18.5,-22.2
102.92,-12.3,-32.1,-13.8,-18.7,-22.9
102.93,-9.8,-37.1,-11.0,-18.6,-23.9
102.94,-9.0,-39.3,-10.1,-19.2,-24.8
102.95,-8.5,-39.9,-9.7,-18.4,-26.3
102.96,-8.5,-41.5,-9.8,-19.2,-26.6
102.97,-10.0,-42.9,-11.7,-18.2,-26.9
102.98,-12.7,-42.7,-14.6,-18.7,-27.1
102.99,-12.9,-41.8,-15.8,-18.2,-27.2
103.00,-13.7,-41.3,-16.8,-18.3,-27.2
103.01,-14.1,-40.3,-17.0,-18.5,-27.2
103.02,-14.2,-39.1,-19.0,-18.0,-27.3
103.03,-14.9,-38.3,-19.6,-18.7,-27.6
103.04,-15.0,-38.3,-21.3,-17.9,-27.5
103.05,-14.8,-38.7,-20.6,-18.4,-27.8
103.06,-15.1,-39.4,-20.9,-18.2,-28.0
103.07,-14.4,-40.8,-20.0,-18.1,-27.2
103.08,-15.0,-42.8,-19.7,-18.9,-25.8
103.09,-14.9,-44.0,-20.2,-18.8,-25.6
103.10,-15.4,-44.9,-20.5,-19.4,-25.1
103.11,-14.4,-45.8,-21.1,-18.1,-24.7
103.12,-15.0,-47.2,-22.7,-18.2,-25.4
103.13,-15.2,-49.5,-23.6,-17.4,-25.9
103.14,-15.2,-51.3,-25.0,-17.2,-25.7
103.15,-16.1,-52.9,-25.4,-17.6,-25.3
103.16,-16.8,-54.4,-25.5,-17.4,-24.7
103.17,-17.0,-56.1,-24.9,-18.1,-23.7
103.18,-16.2,-55.9,-24.4,-17.6,-23.2
103.19,-16.1,-55.3,-24.4,-18.1,-22.7
103.20,-15.8,-52.5,-24.6,-18.0,-22.6
103.21,-15.5,-48.0,-25.1,-17.8,-22.7
103.22,-15.4,-35.4,-25.2,-18.0,-23.4
103.23,-14.3,-27.3,-23.3,-17.5,-24.1
103.24,-12.2,-23.9,-14.3,-18.5,-25.4
103.25,-8.5,-19.0,-10.4,-17.8,-26.5
103.26,-8.3,-16.3,-10.1,-18.8,-27.8
103.27,-7.9,-14.4,-10.0,-18.7,-29.3
103.28,-8.1,-13.8,-10.3,-18.7,-30.4
103.29,-10.0,-13.5,-14.8,-18.8,-30.6
103.30,-11.9,-13.9,-19.1,-18.5,-30.3
103.31,-12.7,-14.6,-19.3,-18.4,-29.7
103.32,-13.2,-15.6,-19.3,-18.4,-29.2
103.33,-13.1,-16.1,-19.3,-18.3,-28.8
103.34,-13.8,-17.2,-22.3,-18.6,-28.5
103.35,-14.5,-19.0,-23.8,-18.6,-27.9
103.36,-14.8,-21.4,-23.2,-18.6,-27.4
103.37,-15.4,-25.3,-22.4,-18.6,-26.2
103.38,-16.2,-36.9,-21.5,-18.4,-25.9
103.39,-15.1,-42.0,-20.6,-18.6,-24.9
103.40,-15.0,-36.8,-20.4,-18.8,-24.6
103.41,-14.8,-34.0,-20.8,-19.9,-24.6
103.42,-15.0,-31.9,-20.9,-20.2,-24.7
103.43,-13.8,-24.7,-21.7,-18.8,-24.9
103.44,-13.7,-21.2,-22.5,-19.1,-25.7
103.45,-13.4,-18.8,-23.9,-18.8,-26.1
103.46,-13.1,-17.4,-25.6,-18.0,-26.5
103.47,-13.2,-16.4,-26.4,-19.1,-26.5
103.48,-13.5,-16.1,-27.1,-18.9,-26.9
103.49,-13.3,-15.9,-26.8,-19.1,-26.3
103.50,-13.3,-15.9,-25.1,-18.9,-26.3
103.51,-13.4,-16.0,-24.8,-18.7,-27.1
103.52,-13.3,-15.9,-25.0,-19.0,-27.6
103.53,-13.3,-15.8,-24.9,-18.2,-28.6
103.54,-13.3,-15.8,-25.0,-18.8,-29.2
103.55,-12.6,-15.6,-21.0,-18.2,-29.2
103.56,-9.5,-15.5,-11.4,-19.4,-29.5
103.57,-8.2,-14.8,-10.4,-19.0,-29.0
103.58,-8.3,-14.8,-10.2,-19.7,-28.7
103.59,-8.1,-14.4,-10.3,-19.0,-27.9
103.60,-8.8,-14.4,-11.7,-19.1,-27.8
103.61,-11.0,-14.4,-16.0,-18.3,-27.0
103.62,-12.0,-15.3,-18.8,-18.4,-26.3
103.63,-12.5,-15.6,-19.7,-18.5,-26.2
103.64,-13.1,-15.9,-19.5,-18.7,-25.8
103.65,-13.1,-16.3,-21.5,-18.6,-25.3
103.66,-13.3,-16.8,-22.1,-18.7,-25.6
103.67,-13.3,-16.8,-24.5,-18.9,-26.1
103.68,-13.2,-17.0,-23.2,-18.9,-26.0
103.69,-13.3,-17.0,-23.7,-18.9,-26.7
103.70,-12.8,-16.8,-22.4,-18.6,-26.7
103.71,-12.8,-16.7,-21.9,-19.1,-25.9
103.72,-13.1,-16.5,-22.2,-19.5,-25.4
103.73,-12.8,-16.4,-23.0,-20.5,-24.5
103.74,-13.1,-16.7,-23.8,-20.2,-23.3
103.75,-13.6,-16.7,-25.5,-19.7,-23.3
103.76,-13.1,-16.6,-26.2,-19.6,-21.7
103.77,-13.0,-16.7,-27.4,-18.5,-21.6
103.78,-13.0,-16.4,-27.8,-18.4,-21.6
103.79,-12.9,-16.3,-27.3,-18.4,-21.2
103.80,-12.9,-16.1,-26.5,-18.8,-21.4
103.81,-13.4,-16.1,-26.1,-18.9,-22.2
103.82,-12.9,-16.0,-25.2,-18.8,-22.0
103.83,-12.8,-16.0,-24.9,-18.8,-22.8
103.84,-12.9,-16.1,-25.1,-18.6,-23.9
103.85,-12.9,-15.8,-25.1,-18.7,-23.7
103.86,-13.2,-16.2,-25.5,-18.5,-24.3
103.87,-12.1,-16.3,-15.1,-18.7,-24.7
103.88,-9.5,-16.7,-10.7,-18.7,-23.7
103.89,-9.2,-16.9,-10.2,-19.2,-23.3
103.90,-9.1,-17.0,-10.0,-19.3,-23.1
103.91,-9.1,-16.9,-10.2,-19.4,-23.0
103.92,-10.7,-16.7,-13.3,-19.8,-22.3
103.93,-12.4,-16.4,-19.1,-19.1,-22.7
103.94,-12.9,-16.3,-19.0,-19.4,-23.0
103.95,-12.9,-16.2,-19.0,-19.5,-22.4
103.96,-12.8,-16.3,-18.9,-19.3,-22.7
103.97,-13.2,-16.3,-21.6,-19.3,-23.5
103.98,-13.1,-16.5,-21.9,-19.2,-23.0
103.99,-12.9,-16.6,-23.6,-19.2,-23.4
104.00,-13.3,-17.4,-22.3,-19.1,-23.9
104.01,-13.6,-18.5,-22.3,-19.1,-23.8
104.02,-13.6,-19.7,-21.3,-18.8,-23.9
104.03,-13.9,-19.5,-21.4,-19.8,-24.5
104.04,-13.2,-18.3,-22.4,-20.2,-24.3
104.05,-13.0,-16.6,-22.5,-21.2,-24.3
104.06,-12.7,-15.7,-23.3,-19.9,-24.4
104.07,-12.4,-15.1,-23.9,-19.8,-24.6
104.08,-12.5,-15.2,-24.4,-19.4,-24.8
104.09,-12.9,-15.6,-25.6,-18.5,-25.1
104.10,-13.3,-15.9,-26.8,-18.7,-25.4
104.11,-13.1,-15.8,-28.3,-18.9,-25.0
104.12,-13.6,-16.0,-27.1,-19.2,-25.9
104.13,-13.2,-16.0,-24.9,-19.2,-25.2
104.14,-13.2,-15.9,-24.6,-19.2,-25.4
104.15,-12.8,-15.9,-24.4,-19.0,-24.8
104.16,-12.8,-15.5,-24.1,-19.1,-25.5
104.17,-12.6,-15.2,-24.6,-19.0,-25.5
104.18,-11.4,-15.1,-16.3,-19.5,-26.1
104.19,-9.4,-15.0,-12.0,-19.6,-26.7
104.20,-8.3,-15.2,-10.3,-20.3,-27.2
104.21,-8.2,-15.4,-10.0,-21.4,-27.4
104.22,-8.1,-16.1,-9.9,-20.3,-28.3
104.23,-9.4,-16.0,-12.1,-20.9,-28.7
104.24,-11.0,-16.4,-14.3,-19.9,-29.4
104.25,-11.9,-16.4,-16.3,-19.2,-29.0
104.26,-12.6,-16.3,-17.4,-19.3,-29.9
104.27,-13.0,-16.6,-17.5,-19.3,-28.5
104.28,-13.2,-16.7,-18.4,-19.1,-28.5
104.29,-13.3,-16.5,-20.2,-19.4,-28.2
104.30,-13.1,-16.3,-22.4,-19.3,-27.4
104.31,-12.9,-15.8,-21.5,-19.1,-26.2
104.32,-12.7,-15.3,-22.3,-19.2,-26.7
104.33,-12.1,-14.8,-21.2,-19.2,-26.4
104.34,-12.5,-15.3,-20.9,-19.6,-27.0
104.35,-13.0,-15.9,-21.3,-19.8,-26.9
104.36,-13.6,-17.2,-22.4,-20.3,-27.7
104.37,-13.9,-17.8,-22.9,-20.6,-25.9
104.38,-14.3,-18.6,-24.7,-19.4,-25.7
104.39,-13.6,-18.0,-25.4,-19.0,-24.2
104.40,-13.3,-17.3,-26.2,-18.1,-23.8
104.41,-13.4,-16.8,-26.7,-18.3,-23.7
104.42,-13.1,-17.0,-25.9,-18.3,-22.9
104.43,-13.5,-17.0,-25.6,-18.7,-22.6
104.44,-13.7,-16.9,-25.9,-18.8,-23.0
104.45,-13.0,-16.9,-24.6,-18.7,-22.4
104.46,-12.9,-16.8,-24.4,-18.7,-22.5
104.47,-12.7,-16.4,-24.9,-18.5,-23.0
104.48,-12.4,-16.0,-24.8,-18.6,-22.7
104.49,-13.0,-16.4,-25.0,-18.6,-23.0
104.50,-12.0,-16.8,-15.9,-19.1,-23.5
104.51,-9.6,-16.7,-10.9,-19.3,-23.7
104.52,-8.9,-15.6,-10.0,-21.3,-24.2
104.53,-8.7,-14.7,-9.9,-21.3,-25.2
104.54,-8.5,-13.9,-10.0,-21.2,-25.0
104.55,-9.0,-13.3,-11.7,-22.2,-25.8
104.56,-11.1,-13.3,-17.8,-20.4,-24.8
104.57,-11.8,-14.0,-17.8,-20.0,-24.7
104.58,-12.7,-14.9,-18.3,-19.6,-24.0
104.59,-12.8,-15.3,-17.8,-19.6,-24.3
104.60,-13.4,-15.8,-20.3,-19.7,-23.8
104.61,-13.5,-16.2,-20.1,-19.8,-23.9
104.62,-13.8,-16.2,-22.9,-19.6,-24.9
104.63,-13.6,-16.4,-21.5,-19.9,-24.5
104.64,-13.8,-16.6,-21.6,-20.1,-25.0
104.65,-13.6,-16.1,-20.7,-20.7,-24.9
104.66,-13.2,-15.8,-19.9,-21.5,-24.8
104.67,-13.3,-15.7,-19.7,-21.9,-24.8
104.68,-12.4,-15.4,-19.8,-22.4,-24.5
104.69,-12.5,-15.3,-20.0,-21.5,-23.9
104.70,-12.2,-15.2,-20.2,-19.9,-24.4
104.71,-12.4,-15.6,-21.1,-19.5,-24.8
104.72,-12.5,-15.7,-22.3,-18.5,-24.4
104.73,-13.1,-15.9,-25.4,-18.6,-25.2
104.74,-12.8,-15.7,-20.6,-18.9,-25.3
104.75,-12.2,-16.0,-18.3,-19.1,-25.1
104.76,-12.0,-16.0,-17.3,-18.9,-25.5
104.77,-11.5,-15.9,-17.0,-18.8,-25.3
104.78,-11.3,-15.9,-17.1,-18.7,-24.8
104.79,-12.2,-15.9,-19.5,-18.6,-25.2
104.80,-12.4,-15.9,-21.6,-18.6,-25.4
104.81,-12.2,-15.9,-22.4,-18.5,-25.3
104.82,-11.0,-16.0,-13.5,-18.8,-26.3
104.83,-9.1,-16.4,-10.2,-19.5,-26.0
104.84,-9.1,-16.5,-10.0,-20.4,-26.1
104.85,-9.0,-16.7,-10.0,-19.4,-25.5
104.86,-9.1,-16.6,-10.2,-20.1,-25.0
104.87,-11.7,-16.5,-15.2,-19.8,-24.4
104.88,-12.5,-16.3,-19.8,-18.7,-23.8
104.89,-12.9,-16.2,-19.7,-18.8,-23.6
104.90,-12.9,-15.8,-19.6,-19.1,-23.1
104.91,-12.6,-15.7,-19.5,-19.1,-23.0
104.92,-12.7,-15.4,-21.9,-19.6,-23.3
104.93,-12.8,-15.4,-23.6,-19.4,-23.9
104.94,-12.6,-15.2,-22.8,-19.5,-24.3
104.95,-12.9,-15.2,-22.6,-19.4,-24.9
104.96,-12.8,-15.4,-21.7,-19.2,-25.4
104.97,-11.1,-15.7,-15.5,-19.4,-25.9
104.98,-9.9,-16.0,-12.6,-19.8,-26.3
104.99,-9.4,-16.3,-12.0,-19.7,-27.3
105.00,-9.4,-17.0,-11.6,-20.5,-28.7
105.01,-9.2,-17.1,-11.5,-19.4,-30.1
105.02,-10.8,-17.4,-13.7,-19.4,-31.2
105.03,-12.0,-18.3,-16.2,-18.8,-29.6
105.04,-12.5,-18.8,-17.2,-18.7,-28.1
105.05,-12.9,-19.9,-18.5,-18.8,-26.5
105.06,-13.9,-22.4,-19.8,-18.9,-25.1
105.07,-14.3,-24.8,-20.8,-18.9,-24.2
105.08,-14.3,-27.8,-22.0,-18.6,-23.6
105.09,-14.9,-30.8,-23.2,-18.8,-23.3
105.10,-14.9,-30.8,-23.9,-18.7,-23.2
105.11,-14.6,-24.2,-24.4,-18.8,-23.6
105.12,-12.8,-16.8,-24.8,-18.7,-24.1
105.13,-12.3,-15.5,-21.3,-19.1,-24.8
105.14,-9.0,-15.0,-11.5,-19.2,-25.2
105.15,-8.5,-14.5,-10.5,-19.7,-26.0
105.16,-8.6,-15.0,-10.4,-20.0,-26.7
105.17,-8.9,-16.8,-10.4,-19.5,-27.3
105.18,-9.7,-16.7,-11.7,-20.4,-27.3
105.19,-12.7,-16.5,-16.6,-20.0,-26.6
105.20,-12.8,-16.5,-18.6,-20.2,-24.7
105.21,-13.4,-16.6,-19.4,-20.3,-24.4
105.22,-13.6,-16.9,-19.1,-20.5,-24.2
105.23,-14.1,-16.8,-21.7,-20.4,-24.4
105.24,-14.1,-16.9,-21.8,-20.5,-24.8
105.25,-14.1,-16.7,-24.0,-20.3,-25.0
105.26,-13.8,-16.6,-22.6,-19.7,-24.9
105.27,-13.6,-16.3,-22.9,-20.1,-24.8
105.28,-13.2,-16.1,-21.5,-19.6,-24.7
105.29,-13.3,-16.1,-21.0,-20.4,-24.5
105.30,-13.3,-16.1,-21.4,-20.5,-24.6
105.31,-13.4,-16.1,-22.0,-21.9,-25.6
105.32,-13.9,-16.6,-22.9,-21.4,-25.6
105.33,-14.2,-17.2,-24.4,-21.0,-25.5
105.34,-14.6,-18.5,-25.2,-20.7,-25.6
105.35,-14.8,-20.1,-26.8,-19.3,-24.5
105.36,-15.6,-22.2,-27.5,-19.2,-23.8
105.37,-16.0,-26.7,-27.2,-19.2,-23.2
105.38,-16.4,-31.9,-26.2,-19.6,-22.7
105.39,-16.9,-36.0,-25.6,-19.6,-22.3
105.40,-16.3,-37.0,-25.0,-19.5,-22.4
105.41,-16.4,-38.0,-24.6,-19.3,-22.2
105.42,-16.4,-34.5,-24.8,-19.3,-22.3
105.43,-16.3,-31.6,-25.1,-19.3,-22.5
105.44,-16.0,-28.3,-21.7,-19.3,-22.7
105.45,-12.4,-24.8,-14.2,-19.7,-23.6
105.46,-9.5,-21.2,-11.1,-19.5,-25.0
105.47,-9.1,-18.7,-10.4,-19.8,-26.7
105.48,-8.3,-17.1,-10.1,-19.5,-29.3
105.49,-9.1,-16.2,-11.4,-19.4,-30.6
105.50,-10.1,-15.4,-13.2,-19.3,-31.0
105.51,-10.7,-15.0,-16.3,-19.0,-30.6
105.52,-11.0,-14.7,-16.4,-19.0,-30.1
105.53,-11.3,-14.6,-17.0,-19.0,-29.4
105.54,-11.2,-14.7,-17.2,-19.0,-28.9
105.55,-11.5,-15.1,-19.8,-18.7,-27.8
105.56,-11.9,-15.6,-20.8,-19.0,-27.2
105.57,-12.3,-16.2,-21.7,-19.1,-26.4
105.58,-12.7,-16.5,-20.6,-19.1,-25.7
105.59,-12.4,-16.2,-20.7,-19.2,-25.3
105.60,-12.4,-15.9,-20.6,-19.3,-24.4
105.61,-12.3,-15.6,-20.5,-19.7,-24.0
105.62,-12.3,-15.3,-21.7,-20.5,-24.2
105.63,-12.2,-15.1,-22.6,-21.2,-24.2
105.64,-12.5,-15.0,-23.7,-19.9,-24.7
105.65,-12.6,-14.9,-24.5,-20.3,-25.4
105.66,-12.8,-15.0,-25.6,-20.1,-23.9
105.67,-13.2,-15.4,-27.2,-19.2,-23.3
105.68,-11.3,-15.8,-16.4,-19.2,-23.3
105.69,-10.5,-16.5,-13.8,-19.6,-23.0
105.70,-10.5,-17.9,-12.8,-19.8,-23.7
105.71,-10.4,-19.7,-12.3,-19.9,-25.2
105.72,-10.6,-22.1,-12.1,-19.6,-26.0
105.73,-12.6,-24.3,-14.4,-19.5,-26.3
105.74,-14.4,-25.1,-16.9,-19.8,-26.3
105.75,-14.6,-24.9,-18.1,-19.7,-26.4
105.76,-15.4,-24.9,-18.5,-20.1,-27.5
105.77,-10.4,-21.9,-11.6,-20.3,-27.3
105.78,-9.4,-17.7,-10.5,-20.2,-27.7
105.79,-8.9,-15.7,-10.5,-20.6,-28.2
105.80,-8.5,-14.5,-10.5,-20.1,-27.2
105.81,-8.8,-13.9,-11.6,-20.2,-27.3
105.82,-10.9,-14.1,-15.5,-19.9,-26.3
105.83,-11.7,-14.6,-18.3,-20.0,-25.6
105.84,-12.1,-14.8,-18.7,-20.1,-25.1
105.85,-12.6,-15.2,-18.4,-20.4,-25.2
105.86,-12.4,-15.4,-19.6,-20.3,-24.9
105.87,-12.3,-15.3,-20.2,-20.2,-24.8
105.88,-12.5,-15.3,-22.1,-20.3,-25.2
105.89,-12.6,-15.7,-21.1,-20.0,-25.1
105.90,-13.1,-16.0,-21.3,-20.3,-25.7
105.91,-13.0,-16.2,-20.6,-19.9,-26.3
105.92,-11.0,-16.4,-14.6,-20.5,-27.0
105.93,-10.0,-16.6,-12.4,-20.8,-27.8
105.94,-9.4,-16.0,-12.0,-21.2,-29.3
105.95,-9.2,-15.6,-11.7,-20.6,-29.9
105.96,-9.1,-15.8,-11.6,-19.7,-30.8
105.97,-10.6,-15.5,-14.2,-19.7,-31.2
105.98,-11.3,-15.8,-16.5,-18.6,-31.7
105.99,-12.2,-16.1,-18.0,-18.8,-31.4
106.00,-12.1,-16.2,-19.1,-18.8,-31.2
106.01,-12.2,-16.0,-20.4,-19.1,-30.1
106.02,-12.1,-15.4,-21.8,-19.4,-29.1
106.03,-11.9,-15.3,-22.6,-19.2,-28.1
106.04,-11.7,-15.3,-23.2,-19.1,-27.8
106.05,-12.4,-16.4,-24.2,-18.9,-27.8
106.06,-12.9,-17.3,-24.5,-19.0,-28.3
106.07,-14.1,-19.7,-24.9,-19.0,-27.7
106.08,-12.4,-22.6,-14.9,-19.2,-27.4
106.09,-9.8,-26.7,-10.6,-19.4,-26.8
106.10,-9.4,-31.3,-9.9,-20.6,-26.1
106.11,-9.2,-35.8,-9.7,-20.0,-25.1
106.12,-9.3,-41.9,-9.8,-20.3,-25.1
106.13,-10.7,-42.2,-12.1,-19.6,-24.7
106.14,-13.1,-41.3,-17.6,-18.8,-24.5
106.15,-13.6,-39.5,-17.5,-19.3,-24.7
106.16,-13.4,-38.4,-17.5,-19.2,-25.0
106.17,-14.4,-37.1,-17.4,-19.4,-25.1
106.18,-15.4,-36.3,-19.0,-18.9,-24.5
106.19,-14.9,-35.8,-18.8,-18.8,-24.6
106.20,-15.2,-35.9,-20.1,-18.7,-24.5
106.21,-15.3,-35.9,-19.3,-18.5,-24.7
106.22,-15.0,-36.9,-19.1,-18.9,-25.0
106.23,-15.2,-37.7,-19.0,-18.9,-25.1
106.24,-15.5,-39.2,-18.7,-19.2,-24.7
106.25,-15.7,-40.0,-19.1,-20.0,-24.8
106.26,-15.4,-40.0,-19.5,-21.2,-24.4
106.27,-16.2,-40.3,-20.1,-20.3,-24.7
106.28,-16.2,-40.6,-20.3,-21.2,-24.1
106.29,-16.5,-41.2,-20.8,-20.4,-24.1
106.30,-16.6,-43.1,-21.4,-19.5,-23.6
106.31,-17.1,-45.5,-21.8,-19.2,-23.9
106.32,-16.9,-47.0,-21.9,-19.5,-23.4
106.33,-16.8,-48.2,-21.5,-19.2,-24.2
106.34,-16.4,-49.0,-20.9,-19.1,-24.1
106.35,-16.5,-51.2,-20.8,-19.5,-24.5
106.36,-16.4,-50.8,-20.9,-19.1,-24.2
106.37,-16.7,-49.4,-21.0,-19.6,-24.7
106.38,-16.6,-43.5,-21.2,-19.3,-24.7
106.39,-16.1,-35.8,-21.0,-19.6,-25.1
106.40,-10.5,-26.1,-12.9,-19.2,-25.8
106.41,-8.8,-20.3,-10.7,-19.3,-27.2
106.42,-8.5,-17.3,-10.6,-19.0,-27.7
106.43,-8.2,-15.8,-10.6,-19.2,-27.5
106.44,-8.3,-15.0,-11.0,-18.6,-26.8
106.45,-10.6,-15.0,-15.5,-18.3,-25.2
106.46,-12.0,-15.4,-19.5,-18.6,-24.3
106.47,-12.4,-16.3,-19.6,-18.5,-23.0
106.48,-12.8,-17.1,-19.4,-18.6,-22.8
106.49,-12.9,-17.6,-19.7,-18.6,-22.1
106.50,-13.1,-18.0,-21.3,-18.5,-22.0
106.51,-13.1,-18.3,-22.7,-18.3,-22.0
106.52,-12.7,-18.4,-21.7,-18.0,-22.1
106.53,-13.0,-18.1,-21.7,-18.3,-22.5
106.54,-12.9,-17.3,-20.8,-18.2,-23.0
106.55,-12.4,-16.5,-20.2,-18.5,-23.5
106.56,-11.7,-15.7,-20.2,-18.4,-24.1
106.57,-11.7,-15.2,-20.7,-18.6,-24.2
106.58,-11.5,-14.9,-20.8,-18.1,-24.6
106.59,-11.1,-14.8,-21.6,-17.3,-24.7
106.60,-11.7,-14.9,-22.6,-17.6,-25.1
106.61,-11.3,-15.1,-23.5,-16.8,-25.6
106.62,-11.7,-15.0,-24.4,-17.0,-26.0
106.63,-11.5,-14.8,-24.5,-16.8,-26.3
106.64,-11.9,-14.7,-24.7,-17.4,-26.3
106.65,-11.6,-14.8,-24.8,-17.0,-26.3
106.66,-12.1,-15.1,-24.0,-17.5,-26.5
106.67,-12.1,-15.7,-23.6,-17.4,-26.5
106.68,-12.4,-16.3,-23.8,-17.5,-26.2
106.69,-12.1,-16.1,-24.0,-17.3,-26.0
106.70,-12.0,-16.1,-24.3,-17.1,-26.3
106.71,-9.7,-15.8,-14.1,-17.1,-26.1
106.72,-8.4,-15.4,-11.5,-17.6,-26.7
106.73,-8.1,-15.4,-10.5,-17.8,-26.2
106.74,-8.0,-15.6,-10.2,-18.5,-26.1
106.75,-8.1,-15.6,-10.3,-18.1,-25.6
106.76,-9.2,-15.8,-11.8,-18.0,-25.3
106.77,-10.9,-15.7,-15.0,-17.7,-25.0
106.78,-11.0,-15.7,-16.3,-17.8,-24.5
106.79,-11.5,-15.6,-17.2,-17.8,-23.5
106.80,-11.3,-15.6,-17.4,-17.8,-23.8
106.81,-11.2,-15.6,-19.6,-17.5,-22.5
106.82,-11.4,-15.5,-20.5,-17.3,-22.8
106.83,-11.4,-15.5,-22.9,-17.2,-22.5
106.84,-11.3,-15.5,-22.0,-17.1,-23.1
106.85,-11.5,-15.3,-22.5,-17.4,-23.3
106.86,-11.3,-15.1,-21.6,-17.3,-24.3
106.87,-11.1,-15.0,-21.2,-17.3,-23.8
106.88,-11.9,-15.0,-21.2,-17.5,-24.8
106.89,-11.4,-14.7,-21.4,-17.7,-24.4
106.90,-11.1,-14.2,-21.8,-17.5,-24.3
106.91,-11.2,-14.1,-22.5,-17.6,-24.2
106.92,-11.6,-14.3,-23.2,-17.8,-24.5
106.93,-11.8,-15.2,-24.7,-17.3,-24.2
106.94,-12.6,-16.8,-25.3,-17.1,-24.5
106.95,-12.9,-19.1,-25.3,-17.0,-23.5
106.96,-14.4,-22.8,-25.2,-17.3,-23.6
106.97,-14.3,-27.6,-24.6,-17.1,-23.3
106.98,-14.9,-29.5,-24.5,-17.5,-23.4
106.99,-14.5,-29.8,-24.3,-17.1,-22.8
107.00,-15.2,-30.4,-24.5,-17.4,-23.5
107.01,-15.1,-30.9,-24.6,-16.8,-23.1
107.02,-15.1,-31.4,-23.7,-17.2,-23.4
107.03,-11.0,-30.6,-14.6,-17.0,-23.6
107.04,-9.0,-26.2,-10.7,-17.4,-24.8
107.05,-8.8,-22.3,-10.5,-17.2,-24.7
107.06,-8.6,-20.3,-10.4,-17.8,-26.4
107.07,-8.4,-18.9,-10.6,-17.3,-25.9
107.08,-11.0,-17.5,-14.8,-17.5,-25.9
107.09,-11.9,-16.8,-19.1,-17.7,-25.8
107.10,-12.0,-16.5,-19.2,-17.8,-25.6
107.11,-11.7,-16.1,-19.0,-17.9,-25.0
107.12,-11.7,-16.1,-18.8,-17.9,-24.5
107.13,-12.1,-16.2,-21.1,-17.5,-24.0
107.14,-12.1,-16.5,-22.2,-17.4,-24.0
107.15,-12.0,-16.4,-22.0,-17.1,-23.7
107.16,-12.0,-16.2,-21.0,-17.2,-24.1
107.17,-11.9,-15.8,-20.8,-17.2,-24.2
107.18,-11.8,-15.6,-20.2,-17.6,-24.3
107.19,-11.4,-15.4,-18.2,-17.6,-24.1
107.20,-11.8,-15.2,-18.0,-18.0,-24.5
107.21,-11.5,-15.0,-17.4,-18.3,-24.1
107.22,-11.5,-14.7,-17.4,-18.2,-24.3
107.23,-11.4,-14.6,-17.8,-18.0,-24.3
107.24,-11.3,-14.3,-19.7,-17.8,-24.7
107.25,-11.8,-14.4,-21.7,-17.5,-24.1
107.26,-11.1,-14.7,-21.2,-17.2,-24.7
107.27,-10.9,-15.0,-18.3,-17.7,-24.3
107.28,-10.9,-15.3,-17.3,-17.9,-24.6
107.29,-10.6,-15.4,-16.6,-17.9,-24.5
107.30,-10.6,-15.5,-16.4,-17.9,-25.2
107.31,-11.0,-15.4,-17.8,-17.5,-24.1
107.32,-11.5,-15.4,-19.7,-17.8,-24.2
107.33,-11.4,-15.3,-22.2,-17.4,-23.7
107.34,-11.4,-15.3,-20.7,-17.9,-23.6
107.35,-8.4,-15.3,-11.6,-18.1,-23.5
107.36,-8.2,-15.3,-10.6,-18.0,-24.8
107.37,-7.9,-15.1,-10.5,-17.8,-23.8
107.38,-7.9,-14.9,-10.5,-17.9,-24.8
107.39,-8.7,-14.5,-11.9,-17.9,-25.0
107.40,-11.0,-14.4,-17.0,-18.0,-24.7
107.41,-11.1,-14.3,-19.0,-18.4,-24.5
107.42,-11.2,-14.3,-19.8,-18.2,-24.9
107.43,-11.5,-14.3,-19.6,-18.4,-24.9
107.44,-11.7,-14.5,-21.7,-17.8,-24.6
107.45,-11.5,-14.4,-22.0,-18.1,-24.5
107.46,-11.7,-14.4,-24.2,-17.9,-24.3
107.47,-11.6,-14.4,-22.2,-18.1,-23.9
107.48,-11.7,-14.4,-22.3,-18.0,-23.3
107.49,-11.9,-14.4,-21.1,-18.2,-23.2
107.50,-10.2,-14.7,-14.7,-18.2,-23.8
107.51,-9.2,-15.1,-12.3,-18.9,-24.8
107.52,-9.2,-16.3,-12.0,-18.9,-25.8
107.53,-9.3,-17.9,-11.7,-19.6,-27.9
107.54,-9.8,-20.4,-11.9,-18.3,-29.3
107.55,-11.6,-24.6,-14.7,-18.3,-29.3
107.56,-12.8,-32.6,-16.4,-17.1,-28.4
107.57,-13.8,-36.5,-17.9,-17.6,-26.8
107.58,-13.5,-41.8,-19.0,-17.4,-25.4
107.59,-14.8,-47.1,-20.0,-18.0,-24.0
107.60,-14.6,-48.9,-21.0,-17.6,-23.4
107.61,-14.8,-48.2,-22.2,-18.1,-22.8
107.62,-14.6,-46.3,-22.7,-17.4,-22.8
107.63,-14.8,-42.1,-23.5,-17.8,-22.7
107.64,-15.0,-33.3,-23.9,-17.8,-23.2
107.65,-15.0,-26.4,-24.6,-18.0,-23.5
107.66,-12.0,-20.8,-16.9,-18.1,-24.2
107.67,-8.9,-17.9,-12.1,-18.1,-24.5
107.68,-8.7,-16.6,-11.6,-18.0,-25.3
107.69,-8.2,-15.4,-11.4,-18.3,-24.6
107.70,-8.3,-15.1,-11.6,-18.9,-24.3
107.71,-10.4,-15.3,-14.4,-19.3,-23.5
107.72,-12.1,-15.5,-19.6,-20.0,-23.2
107.73,-12.7,-15.7,-19.3,-19.9,-22.2
107.74,-13.4,-16.1,-19.6,-19.9,-21.8
107.75,-13.2,-16.2,-19.4,-20.0,-21.3
107.76,-13.3,-16.0,-21.6,-20.1,-21.3
107.77,-12.8,-15.8,-23.0,-20.0,-21.5
107.78,-12.9,-15.9,-23.1,-20.4,-22.6
107.79,-12.5,-15.9,-22.4,-19.8,-23.0
107.80,-13.0,-16.0,-22.0,-20.0,-23.4
107.81,-12.4,-16.0,-21.0,-19.5,-23.2
107.82,-12.5,-15.9,-20.7,-20.0,-23.6
107.83,-12.9,-15.9,-21.0,-20.4,-24.0
107.84,-12.9,-15.8,-21.0,-20.9,-24.7
107.85,-12.6,-15.8,-22.1,-19.3,-24.8
107.86,-12.9,-15.7,-22.6,-19.4,-24.4
107.87,-12.6,-15.5,-23.9,-18.8,-23.4
107.88,-12.5,-15.5,-26.2,-18.1,-23.1
107.89,-12.4,-15.5,-27.0,-18.0,-22.4
107.90,-12.4,-15.5,-27.3,-18.2,-22.3
107.91,-12.6,-15.5,-27.0,-18.1,-21.7
107.92,-12.5,-15.5,-25.1,-18.0,-22.0
107.93,-12.5,-15.5,-24.8,-18.4,-21.9
107.94,-12.7,-15.4,-25.1,-18.1,-22.4
107.95,-12.8,-15.4,-24.8,-18.6,-22.4
107.96,-12.8,-15.1,-24.7,-18.1,-23.4
107.97,-10.9,-15.2,-16.1,-18.6,-23.6
107.98,-8.6,-15.3,-11.7,-18.0,-24.9
107.99,-7.5,-15.4,-10.2,-18.4,-25.4
108.00,-7.4,-15.4,-10.0,-18.4,-26.4
108.01,-7.4,-15.7,-9.8,-19.2,-26.2
108.02,-8.7,-15.4,-11.8,-18.2,-26.3
108.03,-10.8,-15.2,-14.0,-19.0,-25.9
108.04,-11.0,-15.0,-15.7,-19.1,-25.9
108.05,-11.4,-14.9,-16.6,-18.8,-25.9
108.06,-11.7,-14.7,-17.2,-18.8,-25.8
108.07,-12.2,-14.8,-18.6,-19.1,-25.9
108.08,-12.6,-14.7,-19.7,-19.1,-26.1
108.09,-12.2,-14.8,-21.5,-18.8,-26.2
108.10,-12.1,-14.7,-20.9,-18.9,-26.1
108.11,-12.1,-14.6,-20.8,-19.2,-25.4
108.12,-11.7,-14.6,-20.2,-19.0,-25.2
108.13,-11.9,-14.5,-20.3,-19.1,-24.6
108.14,-11.8,-14.6,-19.8,-19.8,-23.7
108.15,-12.2,-14.7,-20.4,-20.6,-23.3
108.16,-12.1,-14.8,-21.0,-20.7,-23.1
108.17,-11.4,-14.8,-21.6,-19.1,-22.6
108.18,-11.8,-14.8,-22.5,-19.6,-22.9
108.19,-11.8,-14.7,-23.3,-17.8,-23.3
108.20,-11.7,-14.6,-24.6,-17.9,-23.6
108.21,-11.2,-14.5,-24.9,-17.8,-23.6
108.22,-11.8,-14.5,-25.4,-18.5,-23.2
108.23,-11.9,-14.6,-26.0,-17.8,-22.7
108.24,-12.3,-14.9,-25.2,-18.8,-22.6
108.25,-12.5,-15.4,-24.6,-18.2,-22.6
108.26,-13.7,-15.7,-25.2,-18.8,-23.1
108.27,-13.5,-15.9,-25.2,-18.7,-23.2
108.28,-13.3,-15.8,-25.5,-19.0,-23.5
108.29,-11.2,-15.7,-16.0,-18.6,-23.5
108.30,-9.0,-15.6,-11.7,-19.1,-23.9
108.31,-8.4,-15.5,-10.7,-18.6,-24.6
108.32,-8.1,-14.6,-10.5,-19.5,-25.1
108.33,-8.0,-14.3,-10.6,-18.6,-26.3
108.34,-9.3,-13.9,-12.4,-18.9,-26.7
108.35,-11.2,-13.7,-18.6,-18.2,-27.4
108.36,-11.3,-13.7,-18.9,-18.7,-27.6
108.37,-11.8,-13.9,-19.6,-18.3,-27.1
108.38,-11.9,-14.1,-19.4,-19.0,-26.8
108.39,-11.8,-14.1,-21.7,-18.5,-26.3
108.40,-11.8,-14.1,-22.3,-18.7,-25.8
108.41,-12.0,-14.1,-24.2,-18.2,-25.7
108.42,-11.6,-14.1,-22.5,-18.2,-25.8
108.43,-11.9,-14.0,-22.6,-18.2,-25.5
108.44,-11.8,-14.1,-21.4,-18.2,-25.8
108.45,-11.4,-14.1,-20.7,-18.2,-25.7
108.46,-11.6,-14.1,-20.8,-18.9,-25.0
108.47,-11.7,-14.1,-21.0,-18.8,-24.8
108.48,-11.5,-14.0,-22.0,-19.1,-24.6
108.49,-11.7,-14.0,-22.7,-18.0,-24.4
108.50,-11.8,-14.0,-23.4,-18.5,-24.4
108.51,-11.6,-14.1,-25.1,-17.1,-24.8
108.52,-11.7,-14.2,-25.6,-17.5,-24.8
108.53,-11.9,-14.5,-24.8,-16.9,-24.8
108.54,-12.1,-14.7,-24.3,-18.0,-24.7
108.55,-11.8,-14.8,-23.4,-17.1,-24.7
108.56,-12.4,-15.2,-23.5,-18.1,-24.6
108.57,-12.7,-15.7,-23.8,-17.2,-25.1
108.58,-13.1,-15.9,-24.4,-18.1,-25.4
108.59,-12.7,-16.2,-24.7,-17.4,-25.2
108.60,-13.4,-16.6,-23.3,-18.2,-25.5
108.61,-9.9,-16.8,-12.8,-17.5,-25.2
108.62,-8.7,-16.8,-9.9,-18.4,-24.8
108.63,-8.3,-16.6,-9.8,-17.7,-24.4
108.64,-8.4,-16.5,-9.7,-18.1,-23.6
108.65,-8.4,-16.2,-9.9,-17.4,-23.3
108.66,-10.5,-15.8,-14.6,-17.9,-22.1
108.67,-11.3,-15.7,-18.8,-17.6,-21.6
108.68,-11.6,-15.8,-19.0,-18.0,-21.2
108.69,-11.8,-15.8,-18.9,-18.3,-21.1
108.70,-11.6,-15.8,-19.0,-18.3,-20.6
108.71,-11.8,-15.8,-21.1,-18.1,-20.6
108.72,-11.5,-15.7,-23.3,-17.9,-20.6
108.73,-11.7,-15.6,-22.3,-18.1,-20.5
108.74,-12.1,-15.7,-21.6,-18.0,-21.1
108.75,-12.2,-15.7,-20.7,-18.4,-21.2
108.76,-12.1,-15.6,-20.5,-18.2,-21.8
108.77,-12.2,-15.6,-19.8,-19.0,-21.4
108.78,-12.1,-15.6,-20.4,-18.7,-21.8
108.79,-12.4,-15.8,-20.7,-19.4,-22.0
108.80,-12.1,-16.1,-21.4,-18.1,-21.9
108.81,-12.8,-16.5,-22.0,-18.7,-21.5
108.82,-12.9,-17.0,-23.3,-17.7,-21.3
108.83,-13.6,-17.5,-24.8,-18.0,-20.9
108.84,-13.7,-17.7,-25.3,-17.5,-20.5
108.85,-13.7,-17.7,-26.0,-18.1,-20.4
108.86,-13.4,-17.9,-26.0,-17.5,-20.5
108.87,-13.4,-18.2,-24.6,-17.9,-20.8
108.88,-13.2,-18.5,-24.2,-17.4,-21.0
108.89,-13.0,-18.4,-24.5,-17.6,-21.3
108.90,-12.9,-18.6,-24.8,-17.2,-21.5
108.91,-12.9,-18.4,-25.0,-17.4,-21.4
108.92,-11.5,-18.2,-19.1,-17.2,-21.6
108.93,-8.7,-18.0,-12.0,-17.3,-22.1
108.94,-8.5,-18.0,-10.9,-17.8,-23.2
108.95,-8.3,-17.7,-10.8,-17.1,-23.5
108.96,-8.3,-17.4,-10.8,-17.5,-23.4
108.97,-9.0,-16.9,-12.2,-16.9,-22.8
108.98,-11.5,-16.7,-17.3,-17.2,-21.9
108.99,-11.4,-16.4,-18.9,-16.6,-21.7
109.00,-12.0,-16.3,-19.7,-17.4,-21.5
109.01,-11.5,-16.2,-19.4,-16.8,-21.7
109.02,-12.1,-16.1,-21.9,-17.6,-21.7
109.03,-11.6,-16.0,-21.7,-16.8,-22.2
109.04,-11.6,-16.0,-24.0,-17.5,-22.0
109.05,-11.2,-16.0,-22.3,-16.5,-22.1
109.06,-11.7,-15.9,-22.7,-17.2,-21.9
109.07,-11.1,-16.0,-21.1,-16.3,-21.6
109.08,-10.9,-16.0,-20.5,-16.8,-21.1
109.09,-11.3,-16.0,-20.2,-16.4,-20.8
109.10,-11.0,-16.0,-20.4,-16.9,-20.9
109.11,-11.0,-15.6,-21.0,-15.9,-20.8
109.12,-11.1,-15.3,-21.7,-16.3,-21.4
109.13,-11.4,-15.2,-22.8,-15.8,-22.1
109.14,-11.2,-15.1,-24.6,-15.9,-22.3
109.15,-11.5,-15.3,-25.6,-15.5,-23.1
109.16,-12.4,-15.7,-26.4,-16.3,-23.9
109.17,-12.1,-16.1,-26.7,-15.8,-23.7
109.18,-12.0,-16.2,-25.6,-16.2,-23.6
109.19,-11.7,-16.3,-25.7,-15.8,-23.0
109.20,-11.8,-16.2,-25.0,-16.2,-22.6
109.21,-11.4,-15.8,-24.8,-15.9,-22.0
109.22,-11.1,-15.7,-24.7,-16.0,-21.7
109.23,-10.9,-16.0,-20.7,-15.9,-21.5
109.24,-9.5,-16.7,-13.3,-15.9,-21.9
109.25,-8.1,-18.0,-11.4,-15.8,-22.8
109.26,-8.3,-20.2,-10.8,-16.1,-23.5
109.27,-8.3,-23.2,-10.5,-16.0,-23.5
109.28,-9.4,-27.6,-11.9,-16.3,-24.1
109.29,-10.5,-31.9,-14.3,-16.3,-23.3
109.30,-12.2,-38.2,-16.9,-16.8,-23.3
109.31,-12.5,-38.4,-17.4,-16.6,-22.9
109.32,-12.9,-34.5,-18.1,-17.1,-23.9
109.33,-12.7,-31.0,-18.6,-16.8,-23.5
109.34,-14.0,-28.7,-20.7,-17.0,-23.7
109.35,-13.6,-26.9,-21.5,-16.8,-23.0
109.36,-12.7,-25.8,-22.5,-16.8,-23.3
109.37,-12.9,-25.0,-21.2,-16.8,-23.0
109.38,-12.7,-24.4,-21.0,-16.7,-23.4
109.39,-12.6,-24.2,-20.9,-16.9,-22.7
109.40,-12.8,-24.5,-20.5,-17.2,-22.7
109.41,-13.8,-25.0,-21.2,-18.1,-22.5
109.42,-13.2,-25.6,-21.8,-17.7,-21.8
109.43,-13.8,-26.8,-22.5,-17.7,-21.5
109.44,-14.2,-28.0,-22.9,-17.6,-21.7
109.45,-14.4,-29.3,-24.1,-16.9,-21.9
109.46,-14.6,-30.7,-25.7,-16.5,-22.1
109.47,-15.1,-32.5,-26.3,-16.9,-22.2
109.48,-15.1,-33.3,-26.8,-16.8,-22.5
109.49,-14.6,-33.3,-26.4,-16.8,-22.3
109.50,-14.3,-33.1,-25.3,-16.6,-22.4
109.51,-13.7,-33.6,-25.0,-16.8,-21.9
109.52,-13.2,-27.7,-25.3,-16.4,-22.0
109.53,-12.8,-21.2,-25.8,-16.9,-22.0
109.54,-11.5,-16.7,-25.6,-16.4,-22.0
109.55,-11.0,-14.9,-22.3,-16.9,-22.7
109.56,-8.5,-13.6,-12.2,-16.7,-23.6
109.57,-7.9,-13.0,-11.1,-17.2,-24.3
109.58,-7.8,-13.0,-11.0,-17.1,-24.8
109.59,-8.0,-13.7,-11.0,-17.4,-24.8
109.60,-8.6,-14.1,-12.3,-17.4,-24.6
109.61,-10.5,-14.7,-16.6,-17.6,-24.5
109.62,-11.1,-15.0,-19.3,-17.4,-24.6
109.63,-12.0,-15.2,-20.1,-17.8,-24.7
109.64,-11.9,-15.3,-20.0,-17.3,-24.6
109.65,-12.5,-15.5,-21.5,-17.7,-24.0
109.66,-12.2,-15.5,-21.9,-17.0,-24.0
109.67,-12.7,-15.7,-24.1,-17.3,-23.7
109.68,-12.1,-15.7,-22.4,-16.6,-23.7
109.69,-12.8,-15.9,-22.7,-17.1,-24.0
109.70,-12.3,-15.8,-21.2,-16.6,-24.0
109.71,-12.5,-16.1,-19.7,-17.3,-24.1
109.72,-11.9,-15.9,-18.5,-17.2,-24.1
109.73,-12.1,-15.9,-17.6,-18.1,-24.4
109.74,-11.9,-16.0,-17.3,-17.1,-25.0
109.75,-11.4,-15.5,-17.4,-17.0,-24.5
109.76,-11.5,-15.2,-19.2,-16.4,-24.6
109.77,-11.6,-15.3,-21.2,-16.4,-23.5
109.78,-11.5,-15.3,-22.8,-15.9,-23.1
109.79,-11.8,-15.5,-21.2,-16.9,-22.3
109.80,-11.3,-16.0,-19.5,-16.5,-22.4
109.81,-11.2,-16.5,-18.5,-16.9,-22.1
109.82,-11.2,-16.8,-18.1,-16.2,-22.9
109.83,-11.8,-17.4,-17.8,-16.7,-23.1
109.84,-12.0,-18.1,-19.5,-16.1,-24.1
109.85,-13.0,-18.9,-21.3,-16.6,-23.7
109.86,-13.4,-19.1,-22.8,-16.3,-24.6
109.87,-11.8,-19.6,-15.2,-16.7,-24.1
109.88,-8.9,-19.1,-10.9,-16.4,-24.4
109.89,-8.6,-18.3,-10.5,-16.8,-23.5
109.90,-8.4,-17.4,-10.3,-16.5,-24.0
109.91,-8.4,-17.0,-10.4,-16.8,-23.2
109.92,-9.2,-16.7,-13.9,-16.5,-22.3
109.93,-11.6,-16.4,-19.9,-16.9,-21.6
109.94,-11.3,-16.2,-20.3,-16.6,-21.3
109.95,-12.1,-16.4,-20.5,-17.2,-21.1
109.96,-11.9,-16.8,-20.0,-16.6,-21.4
109.97,-12.5,-17.2,-22.0,-17.1,-21.5
109.98,-12.7,-17.6,-22.6,-16.5,-21.7
109.99,-12.4,-17.7,-23.3,-16.9,-21.8
110.00,-12.0,-17.4,-22.5,-16.3,-21.7
110.01,-11.8,-17.1,-22.5,-16.6,-21.7
110.02,-11.6,-16.9,-19.1,-16.4,-22.3
110.03,-9.6,-16.6,-13.1,-17.3,-22.9
110.04,-9.5,-16.3,-12.2,-17.4,-23.7
110.05,-9.0,-16.1,-11.6,-17.9,-24.6
110.06,-8.8,-16.0,-11.5,-17.4,-25.2
110.07,-9.3,-15.8,-12.8,-17.6,-25.0
110.08,-10.5,-15.8,-15.3,-17.0,-24.3
110.09,-11.3,-16.0,-17.0,-17.1,-24.0
110.10,-11.7,-16.1,-18.4,-16.9,-23.7
110.11,-12.1,-15.9,-19.3,-17.1,-24.1
110.12,-12.0,-15.6,-20.3,-16.9,-24.2
110.13,-11.8,-15.3,-21.7,-16.7,-24.0
110.14,-11.5,-15.1,-22.8,-16.7,-23.8
110.15,-11.5,-15.1,-23.4,-16.5,-23.6
110.16,-11.7,-15.2,-24.1,-16.6,-23.2
110.17,-11.6,-15.3,-24.3,-16.4,-22.9
110.18,-11.6,-15.3,-23.4,-16.7,-22.9
110.19,-9.4,-15.5,-12.9,-16.4,-22.9
110.20,-8.4,-15.5,-11.3,-16.8,-23.2
110.21,-8.5,-16.2,-11.1,-16.5,-23.3
110.22,-8.6,-17.4,-11.1,-16.7,-22.8
110.23,-9.0,-19.3,-11.7,-16.5,-22.6
110.24,-11.4,-22.4,-15.8,-16.4,-22.4
110.25,-13.1,-29.2,-19.2,-16.2,-21.9
110.26,-13.4,-34.9,-19.5,-16.4,-21.7
110.27,-13.0,-34.5,-19.2,-15.8,-21.6
110.28,-13.9,-29.9,-19.8,-15.8,-21.4
110.29,-13.1,-26.3,-21.3,-15.4,-21.3
110.30,-12.4,-23.2,-22.9,-15.0,-21.6
110.31,-12.6,-21.8,-21.9,-15.1,-21.7
110.32,-12.1,-20.8,-22.4,-15.1,-21.7
110.33,-12.2,-20.2,-21.4,-15.4,-21.4
110.34,-12.4,-20.6,-20.9,-15.4,-21.5
110.35,-11.7,-18.5,-20.7,-15.6,-21.5
110.36,-11.0,-16.0,-20.9,-15.6,-21.5
110.37,-10.6,-14.7,-20.7,-15.7,-22.2
110.38,-10.4,-14.0,-21.6,-16.0,-22.1
110.39,-10.0,-13.6,-22.3,-15.8,-22.0
110.40,-10.2,-13.7,-23.6,-15.4,-21.9
110.41,-10.9,-14.3,-25.5,-15.6,-21.6
110.42,-10.8,-14.6,-25.9,-15.6,-21.1
110.43,-11.1,-14.9,-26.0,-15.6,-21.1
110.44,-10.8,-15.4,-26.4,-15.0,-20.9
110.45,-10.8,-15.8,-25.4,-15.0,-21.3
110.46,-11.1,-15.8,-24.9,-15.2,-21.5
110.47,-11.5,-16.1,-25.3,-15.2,-21.4
110.48,-12.0,-16.0,-25.2,-15.5,-21.5
110.49,-12.0,-16.0,-25.1,-15.3,-21.4
110.50,-10.0,-16.1,-15.5,-15.4,-21.4
110.51,-8.4,-16.2,-12.4,-16.1,-21.7
110.52,-8.4,-16.1,-11.5,-17.1,-22.7
110.53,-8.2,-16.4,-11.1,-18.2,-23.4
110.54,-8.7,-16.3,-11.3,-19.1,-24.0
110.55,-9.7,-16.3,-12.1,-19.3,-24.2
110.56,-11.6,-16.4,-15.2,-18.9,-24.2
110.57,-11.5,-16.7,-16.1,-18.2,-23.7
110.58,-12.0,-16.7,-16.9,-17.9,-23.5
110.59,-11.9,-16.9,-16.9,-17.8,-23.1
110.60,-12.6,-17.0,-19.5,-17.7,-22.7
110.61,-12.9,-16.8,-20.3,-17.5,-22.8
110.62,-13.3,-16.6,-22.7,-17.3,-23.2
110.63,-12.5,-16.4,-21.1,-17.1,-23.3
110.64,-12.6,-15.9,-21.6,-17.1,-23.2
110.65,-12.2,-15.7,-21.0,-17.1,-22.8
110.66,-10.3,-15.5,-14.1,-17.3,-22.6
110.67,-9.6,-15.4,-12.7,-18.2,-22.5
110.68,-9.5,-14.8,-12.2,-18.4,-22.9
110.69,-8.9,-15.5,-11.8,-17.5,-22.9
110.70,-9.0,-16.2,-12.1,-17.1,-23.3
110.71,-10.4,-17.5,-14.3,-16.4,-23.1
110.72,-10.9,-19.7,-15.4,-15.6,-22.8
110.73,-11.9,-25.1,-16.8,-15.7,-22.5
110.74,-10.8,-31.3,-13.9,-15.9,-22.8
110.75,-10.8,-35.5,-13.1,-15.9,-22.7
110.76,-10.9,-38.2,-12.6,-15.9,-22.8
110.77,-10.6,-38.5,-12.3,-15.8,-22.8
110.78,-11.0,-35.9,-13.0,-15.7,-22.8
110.79,-12.1,-29.6,-14.7,-15.6,-23.1
110.80,-12.4,-22.8,-16.2,-15.6,-23.3
110.81,-11.6,-19.6,-15.8,-15.6,-23.7
110.82,-10.3,-17.7,-13.2,-15.8,-24.1
110.83,-9.2,-16.1,-10.4,-15.9,-24.5
110.84,-8.6,-15.1,-10.1,-15.9,-25.2
110.85,-8.4,-14.8,-10.1,-15.9,-25.7
110.86,-8.8,-14.9,-11.0,-15.8,-26.4
110.87,-10.3,-15.4,-14.0,-15.5,-26.8
110.88,-11.2,-16.1,-16.5,-15.4,-27.1
110.89,-11.0,-16.8,-16.3,-15.2,-27.0
110.90,-10.2,-17.4,-14.0,-15.0,-27.1
110.91,-9.8,-17.6,-13.5,-14.8,-27.0
110.92,-9.3,-17.7,-13.2,-14.7,-27.3
110.93,-8.9,-17.7,-12.9,-14.6,-27.8
110.94,-9.6,-17.7,-13.9,-14.6,-28.2
110.95,-10.4,-17.8,-15.2,-14.7,-28.3
110.96,-10.9,-17.8,-16.4,-14.7,-28.6
110.97,-10.2,-18.0,-15.9,-14.8,-28.9
110.98,-10.5,-17.9,-14.3,-15.2,-28.8
110.99,-10.4,-17.7,-13.5,-15.7,-28.8
111.00,-9.6,-17.3,-12.9,-15.9,-27.5
111.01,-9.6,-17.4,-12.7,-15.7,-26.5
111.02,-10.5,-17.0,-14.0,-15.9,-25.7
111.03,-10.5,-16.5,-15.3,-15.6,-25.0
111.04,-10.5,-16.5,-16.8,-15.1,-24.8
111.05,-10.6,-16.2,-14.6,-15.4,-24.8
111.06,-10.3,-15.7,-13.4,-15.6,-24.5
111.07,-9.8,-15.6,-13.0,-15.6,-24.4
111.08,-9.4,-15.1,-12.8,-15.6,-24.6
111.09,-9.1,-14.8,-12.7,-15.5,-24.8
111.10,-9.9,-14.8,-15.3,-15.2,-24.7
111.11,-10.3,-15.2,-17.1,-15.0,-25.3
111.12,-10.2,-15.4,-18.2,-14.8,-25.3
111.13,-10.5,-16.0,-18.5,-14.8,-25.3
111.14,-8.8,-16.7,-11.8,-15.1,-25.1
111.15,-8.6,-15.8,-10.9,-15.7,-25.3
111.16,-8.4,-14.9,-10.8,-16.5,-25.3
111.17,-8.4,-14.1,-10.9,-17.4,-25.5
111.18,-9.2,-13.7,-12.0,-18.4,-25.8
111.19,-10.6,-13.3,-16.8,-19.2,-25.5
111.20,-11.0,-13.5,-18.4,-18.7,-25.2
111.21,-11.4,-13.7,-18.8,-19.4,-25.2
111.22,-11.4,-14.2,-18.2,-19.1,-24.9
111.23,-11.9,-14.5,-19.8,-18.8,-25.2
111.24,-11.9,-15.0,-19.6,-18.9,-25.1
111.25,-12.1,-15.4,-20.3,-18.7,-24.9
111.26,-11.9,-15.9,-19.6,-18.5,-24.9
111.27,-12.2,-16.3,-19.7,-18.6,-24.9
111.28,-11.9,-16.4,-19.0,-18.6,-25.0
111.29,-12.1,-16.6,-18.8,-18.8,-25.3
111.30,-12.1,-16.2,-19.0,-19.1,-25.2
111.31,-12.4,-16.0,-19.4,-20.1,-25.3
111.32,-12.6,-16.0,-20.1,-19.2,-24.9
111.33,-12.6,-16.0,-20.2,-19.3,-24.9
111.34,-12.5,-16.0,-20.8,-19.2,-25.1
111.35,-12.9,-16.0,-21.4,-18.6,-25.4
111.36,-12.7,-15.7,-22.0,-18.1,-26.2
111.37,-12.5,-15.2,-21.8,-18.9,-26.5
111.38,-12.4,-15.0,-21.5,-18.8,-27.2
111.39,-12.3,-14.9,-21.1,-18.6,-27.9
111.40,-12.2,-15.1,-20.8,-18.8,-28.0
111.41,-12.6,-15.6,-20.7,-18.8,-28.5
111.42,-13.0,-16.0,-21.0,-18.7,-28.6
111.43,-13.0,-16.5,-21.3,-18.6,-28.2
111.44,-12.9,-16.6,-20.3,-18.9,-28.4
111.45,-10.4,-16.8,-13.5,-19.2,-28.6
111.46,-9.7,-16.6,-12.3,-20.1,-28.9
111.47,-9.5,-16.6,-11.9,-20.5,-29.6
111.48,-9.3,-16.6,-11.6,-20.3,-30.1
111.49,-10.0,-16.7,-12.8,-19.8,-30.3
111.50,-11.5,-17.0,-15.4,-19.2,-29.4
111.51,-11.9,-17.2,-16.6,-18.3,-28.7
111.52,-12.3,-17.0,-17.7,-18.1,-28.0
111.53,-12.1,-17.1,-18.7,-18.1,-27.2
111.54,-12.7,-17.3,-20.0,-18.4,-26.7
111.55,-13.2,-18.0,-21.0,-18.0,-26.3
111.56,-13.1,-18.6,-21.8,-18.0,-26.3
111.57,-14.0,-20.3,-22.5,-18.4,-26.8
111.58,-14.3,-22.0,-22.5,-18.2,-27.3
111.59,-14.6,-22.8,-22.8,-18.1,-27.9
111.60,-14.0,-20.2,-23.3,-18.3,-27.7
111.61,-12.8,-16.8,-24.1,-18.4,-26.9
111.62,-11.9,-15.0,-24.7,-18.7,-26.0
111.63,-11.5,-14.0,-25.6,-18.7,-25.4
111.64,-11.1,-13.5,-25.9,-18.3,-25.2
111.65,-11.5,-13.9,-25.8,-17.8,-25.6
111.66,-12.0,-14.8,-26.0,-17.6,-26.4
111.67,-12.4,-15.4,-26.0,-17.3,-27.2
111.68,-12.8,-15.8,-25.9,-17.5,-27.8
111.69,-12.8,-15.9,-26.1,-17.6,-27.9
111.70,-12.7,-15.6,-26.3,-17.9,-27.4
111.71,-12.6,-15.5,-26.2,-17.9,-27.2
111.72,-12.7,-15.7,-26.0,-17.8,-27.5
111.73,-12.8,-15.5,-26.1,-18.3,-27.3
111.74,-12.5,-15.6,-26.2,-18.1,-27.1
111.75,-12.6,-15.7,-26.3,-18.0,-27.0
111.76,-12.4,-16.0,-22.5,-18.3,-26.8
111.77,-8.9,-16.2,-11.3,-19.3,-26.8
111.78,-8.2,-16.3,-10.1,-19.9,-26.8
111.79,-8.0,-16.5,-9.9,-19.6,-26.3
111.80,-8.0,-16.4,-9.9,-19.3,-26.0
111.81,-8.9,-16.1,-11.2,-18.5,-25.6
111.82,-10.9,-15.9,-15.1,-17.8,-25.3
111.83,-11.5,-15.7,-18.0,-17.5,-25.2
111.84,-11.6,-15.7,-18.5,-17.9,-25.3
111.85,-11.4,-15.9,-18.2,-18.0,-25.1
111.86,-11.5,-16.0,-19.1,-18.0,-25.0
111.87,-11.7,-16.1,-19.6,-18.2,-25.1
111.88,-12.0,-16.6,-21.5,-18.1,-25.2
111.89,-12.3,-17.7,-20.1,-18.1,-25.5
111.90,-12.9,-19.3,-20.3,-18.3,-25.4
111.91,-13.3,-21.7,-19.6,-18.5,-25.3
111.92,-12.3,-25.9,-16.4,-18.7,-25.0
111.93,-9.1,-30.5,-10.8,-19.6,-24.9
111.94,-8.6,-34.4,-9.8,-20.1,-24.4
111.95,-8.6,-39.0,-9.7,-19.9,-24.5
111.96,-8.6,-40.5,-9.7,-19.5,-25.2
111.97,-9.9,-40.9,-10.9,-19.3,-25.2
111.98,-14.1,-41.4,-16.5,-18.5,-25.3
111.99,-14.9,-41.6,-18.3,-18.1,-25.3
112.00,-15.3,-42.6,-19.2,-18.5,-25.1
112.01,-15.1,-43.8,-18.4,-18.6,-25.0
112.02,-15.5,-44.8,-20.3,-18.3,-25.2
112.03,-15.4,-45.7,-20.2,-18.6,-25.6
112.04,-15.8,-47.0,-20.7,-18.6,-26.4
112.05,-16.1,-47.2,-20.1,-18.5,-26.8
112.06,-16.2,-46.5,-21.2,-18.5,-26.8
112.07,-16.5,-44.1,-20.2,-18.7,-26.3
112.08,-14.6,-39.2,-18.4,-18.4,-25.6
112.09,-14.2,-29.7,-18.2,-18.7,-24.6
112.10,-13.4,-22.4,-18.3,-19.2,-24.2
112.11,-12.0,-19.1,-18.3,-18.0,-23.8
112.12,-11.4,-16.7,-19.0,-17.5,-23.8
112.13,-11.5,-15.1,-20.5,-17.7,-24.1
112.14,-11.0,-14.3,-21.3,-17.1,-24.5
112.15,-10.9,-13.9,-21.3,-17.2,-25.0
112.16,-11.1,-13.8,-21.7,-17.6,-25.0
112.17,-11.4,-14.3,-21.1,-17.8,-25.2
112.18,-11.4,-14.5,-20.5,-17.7,-25.4
112.19,-11.4,-14.9,-20.5,-17.8,-25.9
112.20,-11.7,-15.2,-20.9,-17.8,-26.4
112.21,-11.8,-15.3,-21.6,-17.8,-26.8
112.22,-12.2,-15.5,-21.6,-17.8,-27.4
112.23,-12.0,-15.6,-19.7,-18.0,-27.2
112.24,-10.0,-15.7,-13.4,-18.4,-26.3
112.25,-9.5,-16.0,-12.2,-19.4,-24.3
112.26,-9.2,-16.0,-11.9,-20.0,-23.2
112.27,-9.1,-15.8,-11.7,-20.1,-22.3
112.28,-9.8,-15.7,-13.2,-19.6,-21.6
112.29,-10.8,-15.3,-16.0,-19.3,-21.5
112.30,-11.2,-15.2,-17.7,-18.5,-21.9
112.31,-11.2,-15.1,-18.9,-18.6,-22.2
112.32,-11.3,-15.0,-19.9,-18.4,-22.7
112.33,-11.9,-15.1,-21.5,-18.7,-23.5
112.34,-12.0,-15.2,-22.7,-18.7,-24.1
112.35,-12.2,-15.3,-24.2,-18.5,-24.7
112.36,-12.8,-15.7,-25.3,-18.7,-25.3
112.37,-12.8,-15.6,-26.0,-18.8,-25.6
112.38,-12.9,-15.8,-26.6,-18.5,-25.8
112.39,-12.9,-15.8,-26.9,-18.7,-25.6
112.40,-12.7,-15.5,-25.7,-18.8,-25.3
112.41,-12.6,-15.5,-24.9,-19.3,-23.8
112.42,-12.6,-15.6,-23.8,-18.8,-23.1
112.43,-11.9,-15.6,-22.7,-18.0,-22.2
112.44,-11.7,-15.5,-22.7,-17.8,-21.8
112.45,-11.5,-15.4,-23.1,-17.4,-21.8
112.46,-11.4,-15.2,-23.2,-17.1,-22.1
112.47,-11.6,-14.9,-23.3,-17.6,-22.3
112.48,-11.7,-14.8,-23.5,-17.8,-23.0
112.49,-11.8,-14.7,-23.5,-18.1,-23.5
112.50,-11.7,-14.7,-23.5,-18.0,-24.0
112.51,-11.9,-14.7,-24.2,-18.0,-24.7
112.52,-12.0,-14.6,-25.0,-18.1,-25.3
112.53,-12.0,-14.6,-25.3,-18.0,-25.6
112.54,-12.0,-14.6,-25.9,-17.9,-25.5
112.55,-11.7,-14.7,-23.0,-18.1,-25.4
112.56,-8.6,-14.8,-11.4,-18.8,-25.5
112.57,-8.0,-14.9,-10.2,-19.3,-25.5
112.58,-7.9,-15.1,-10.1,-19.1,-25.4
112.59,-8.0,-15.1,-10.1,-19.6,-25.7
112.60,-8.9,-15.1,-11.3,-19.3,-25.5
112.61,-11.0,-15.2,-15.1,-18.8,-25.4
112.62,-11.6,-15.5,-17.9,-18.6,-25.3
112.63,-12.2,-15.8,-18.5,-18.8,-25.3
112.64,-12.1,-15.6,-18.4,-18.8,-25.2
112.65,-12.3,-15.7,-20.1,-18.7,-25.5
112.66,-12.6,-15.6,-20.9,-18.9,-25.9
112.67,-13.1,-15.8,-23.6,-18.9,-26.4
112.68,-12.9,-15.7,-21.0,-18.9,-26.7
112.69,-13.0,-15.6,-20.8,-19.1,-27.4
112.70,-12.8,-15.4,-19.7,-19.3,-27.6
112.71,-11.4,-15.4,-13.8,-19.3,-28.0
112.72,-9.6,-15.2,-11.9,-19.6,-28.6
112.73,-9.1,-14.9,-11.5,-19.8,-29.0
112.74,-9.0,-14.9,-11.2,-19.2,-29.2
112.75,-9.0,-14.9,-11.2,-18.9,-29.0
112.76,-10.4,-15.0,-14.3,-18.6,-28.7
112.77,-11.0,-15.0,-16.1,-18.2,-28.4
112.78,-11.2,-14.9,-17.4,-18.2,-28.2
112.79,-11.1,-14.8,-18.4,-18.6,-28.3
112.80,-11.5,-14.8,-19.2,-18.4,-28.6
112.81,-11.4,-14.8,-20.6,-18.4,-27.9
112.82,-11.8,-14.9,-21.1,-18.6,-28.2
112.83,-12.4,-14.9,-21.8,-18.4,-28.2
112.84,-12.4,-15.1,-22.6,-18.4,-28.1
112.85,-12.5,-15.1,-22.9,-18.5,-27.5
112.86,-12.4,-14.9,-23.5,-18.6,-27.4
112.87,-12.3,-14.9,-24.2,-18.8,-26.5
112.88,-12.6,-15.0,-24.8,-19.1,-25.5
112.89,-12.4,-15.0,-25.0,-19.2,-25.1
112.90,-12.3,-14.9,-25.2,-18.6,-25.1
112.91,-12.3,-14.9,-26.0,-18.5,-24.9
112.92,-11.7,-14.8,-25.7,-18.1,-24.7
112.93,-11.6,-14.9,-25.7,-17.6,-24.2
112.94,-11.7,-15.1,-25.1,-17.9,-24.0
112.95,-11.8,-15.1,-25.7,-18.1,-23.8
112.96,-11.9,-15.3,-26.1,-17.9,-24.0
112.97,-12.1,-15.4,-25.8,-17.9,-24.8
112.98,-12.4,-15.4,-26.0,-18.0,-25.6
112.99,-12.4,-15.4,-27.0,-18.0,-26.5
113.00,-12.4,-15.2,-27.1,-17.9,-26.9
113.01,-12.6,-15.1,-27.8,-17.9,-27.6
113.02,-12.5,-15.0,-28.1,-18.2,-27.1
113.03,-10.9,-15.0,-14.2,-18.7,-26.0
113.04,-8.7,-14.9,-10.0,-19.5,-24.6
113.05,-8.5,-15.0,-9.8,-20.2,-23.8
113.06,-8.2,-15.2,-9.6,-19.6,-23.2
113.07,-8.2,-15.3,-9.7,-19.2,-22.8
113.08,-9.8,-15.4,-13.6,-18.4,-23.0
113.09,-10.9,-15.3,-17.7,-17.7,-23.4
113.10,-11.1,-15.4,-17.6,-17.9,-23.8
113.11,-11.0,-15.3,-17.6,-17.9,-24.5
113.12,-10.8,-15.1,-17.5,-18.2,-24.9
113.13,-11.4,-15.2,-19.7,-18.3,-25.1
113.14,-11.5,-15.2,-21.1,-18.1,-25.1
113.15,-11.5,-15.3,-21.0,-18.2,-25.5
113.16,-11.0,-15.2,-20.1,-18.2,-25.2
113.17,-10.6,-15.0,-19.6,-18.1,-25.0
113.18,-10.4,-14.9,-18.8,-18.1,-24.9
113.19,-8.2,-14.7,-11.8,-19.0,-24.9
113.20,-7.6,-14.7,-10.2,-19.8,-24.9
113.21,-7.7,-14.6,-10.1,-19.5,-25.3
113.22,-7.8,-14.6,-10.1,-19.9,-25.4
113.23,-8.2,-14.5,-10.7,-19.3,-25.7
113.24,-10.2,-14.5,-14.5,-18.3,-25.6
113.25,-11.4,-14.7,-18.8,-18.0,-25.0
113.26,-11.5,-14.6,-19.3,-18.2,-24.8
113.27,-11.6,-14.7,-19.1,-18.3,-24.8
113.28,-12.3,-14.8,-19.7,-18.3,-25.2
113.29,-12.4,-14.8,-21.2,-18.5,-25.9
113.30,-12.4,-14.6,-22.0,-18.7,-26.5
113.31,-12.3,-14.6,-21.4,-18.6,-27.2
113.32,-12.7,-14.7,-22.4,-18.8,-28.1
113.33,-12.7,-14.5,-21.0,-18.9,-28.4
113.34,-10.8,-14.6,-14.4,-19.2,-28.5
113.35,-9.6,-14.8,-11.9,-19.9,-28.7
113.36,-9.1,-15.2,-11.5,-19.6,-28.7
113.37,-8.9,-15.3,-11.2,-18.9,-29.0
113.38,-8.9,-15.5,-11.1,-18.5,-29.1
113.39,-10.4,-15.5,-14.1,-17.8,-28.7
113.40,-10.9,-15.7,-16.4,-17.3,-28.6
113.41,-11.7,-15.8,-17.4,-17.8,-28.4
113.42,-12.1,-15.9,-18.4,-17.9,-28.2
113.43,-12.1,-15.8,-19.6,-17.8,-28.5
113.44,-12.2,-15.7,-20.5,-17.8,-28.8
113.45,-12.2,-15.4,-21.1,-17.9,-28.7
113.46,-12.0,-15.3,-21.9,-17.9,-28.2
113.47,-12.1,-15.2,-22.4,-17.8,-28.1
113.48,-12.1,-15.2,-22.3,-18.0,-27.5
113.49,-12.4,-15.5,-22.8,-18.1,-27.4
113.50,-12.6,-15.8,-23.1,-18.3,-26.6
113.51,-12.9,-16.1,-23.7,-19.1,-26.3
113.52,-12.9,-16.4,-23.9,-19.4,-26.0
113.53,-13.1,-16.8,-24.7,-18.8,-26.1
113.54,-13.4,-17.2,-26.1,-18.8,-26.2
113.55,-13.2,-17.2,-26.0,-18.1,-26.7
113.56,-12.8,-17.0,-25.4,-17.4,-27.0
113.57,-12.5,-16.6,-25.0,-17.5,-27.3
113.58,-11.6,-16.6,-17.6,-18.1,-27.0
113.59,-10.5,-16.6,-15.3,-18.0,-26.9
113.60,-10.6,-16.5,-14.5,-18.1,-26.8
113.61,-10.4,-16.6,-14.0,-18.4,-26.2
113.62,-10.5,-16.6,-14.2,-18.3,-25.6
113.63,-11.3,-16.4,-16.4,-18.1,-25.4
113.64,-12.2,-16.5,-18.4,-18.4,-25.2
113.65,-12.2,-16.8,-20.6,-18.3,-25.2
113.66,-11.2,-17.4,-15.0,-18.6,-24.9
113.67,-9.2,-17.9,-10.8,-19.4,-24.6
113.68,-8.9,-18.4,-10.4,-19.8,-24.0
113.69,-9.1,-18.8,-10.2,-20.8,-23.8
113.70,-9.2,-18.8,-10.2,-20.2,-23.2
113.71,-11.6,-18.9,-13.1,-19.0,-23.4
113.72,-14.3,-19.3,-17.8,-19.3,-23.0
113.73,-13.4,-19.3,-17.4,-18.7,-22.9
113.74,-12.6,-19.4,-17.6,-17.6,-22.9
113.75,-12.7,-19.7,-17.5,-19.4,-22.7
113.76,-12.7,-19.9,-19.2,-18.7,-22.8
113.77,-12.7,-20.0,-19.6,-18.1,-23.1
113.78,-13.9,-20.3,-19.9,-19.5,-23.6
113.79,-13.3,-20.7,-19.0,-18.7,-23.4
113.80,-13.5,-21.3,-18.6,-18.4,-23.8
113.81,-13.6,-22.1,-18.1,-19.4,-23.9
113.82,-10.6,-22.7,-12.7,-18.2,-23.9
113.83,-8.3,-23.7,-10.0,-18.5,-24.4
113.84,-8.5,-23.9,-9.9,-19.2,-24.8
113.85,-8.3,-23.6,-9.9,-18.5,-24.9
113.86,-8.4,-23.3,-10.1,-18.8,-24.4
113.87,-10.9,-23.1,-14.0,-19.0,-23.7
113.88,-13.2,-23.3,-18.8,-18.8,-23.1
113.89,-13.8,-23.8,-19.2,-18.3,-23.2
113.90,-13.7,-25.0,-18.8,-18.2,-22.8
113.91,-14.1,-26.3,-18.5,-18.4,-23.4
113.92,-14.6,-28.3,-19.7,-17.7,-23.7
113.93,-14.8,-29.4,-20.2,-17.8,-23.8
113.94,-14.9,-30.9,-20.1,-18.7,-24.0
113.95,-15.0,-33.1,-20.5,-17.9,-23.9
113.96,-14.7,-35.1,-20.1,-18.3,-23.6
113.97,-12.8,-36.9,-14.5,-19.0,-23.6
113.98,-10.4,-38.1,-12.0,-18.3,-23.9
113.99,-10.0,-39.1,-11.5,-18.6,-24.4
114.00,-9.9,-40.4,-11.2,-18.9,-25.0
114.01,-10.0,-42.4,-11.1,-18.7,-25.6
114.02,-11.7,-45.9,-13.6,-18.0,-26.0
114.03,-13.5,-48.7,-16.7,-18.1,-26.3
114.04,-14.1,-50.4,-17.7,-18.3,-26.1
114.05,-14.5,-51.1,-18.6,-17.9,-26.0
114.06,-14.0,-51.7,-19.2,-18.0,-25.2
114.07,-14.4,-52.3,-19.8,-18.3,-24.3
114.08,-14.6,-51.8,-20.1,-17.9,-23.8
114.09,-14.3,-52.3,-20.5,-18.0,-23.7
114.10,-14.6,-51.6,-20.9,-18.0,-23.7
114.11,-14.7,-51.1,-21.2,-17.5,-23.6
114.12,-14.9,-50.6,-22.1,-17.5,-23.6
114.13,-14.7,-50.3,-22.8,-17.5,-23.2
114.14,-14.8,-50.5,-23.5,-17.4,-22.9
114.15,-14.1,-50.9,-23.3,-16.8,-22.6
114.16,-14.5,-51.8,-23.8,-16.8,-22.3
114.17,-14.7,-53.5,-23.9,-17.2,-22.4
114.18,-14.6,-54.9,-23.6,-16.8,-22.8
114.19,-14.8,-56.3,-23.1,-17.0,-23.4
114.20,-15.4,-56.1,-22.9,-18.4,-23.4
114.21,-14.9,-55.1,-23.1,-17.5,-23.5
114.22,-14.8,-54.5,-23.3,-17.4,-23.0
114.23,-15.5,-53.8,-23.7,-18.6,-22.3
114.24,-14.8,-53.7,-24.0,-17.5,-22.0
114.25,-15.1,-54.4,-24.7,-17.5,-22.1
114.26,-15.6,-55.4,-24.8,-18.4,-22.1
114.27,-15.1,-56.7,-25.1,-17.5,-22.3
114.28,-15.3,-58.5,-25.3,-17.6,-22.7
114.29,-12.8,-58.8,-15.3,-18.5,-22.6
114.30,-10.1,-60.2,-10.8,-17.4,-22.5
114.31,-9.6,-61.7,-9.8,-17.1,-22.5
114.32,-9.5,-62.4,-9.6,-17.5,-21.6
114.33,-9.1,-62.0,-9.6,-16.1,-20.6
114.34,-10.9,-62.0,-11.3,-16.3,-20.0
114.35,-12.4,-61.4,-16.4,-17.4,-19.4
114.36,-12.0,-61.5,-16.7,-16.8,-19.1
114.37,-12.3,-62.1,-17.4,-16.9,-19.0
114.38,-12.9,-61.9,-17.3,-18.4,-19.3
114.39,-12.6,-61.4,-20.1,-17.3,-19.4
114.40,-12.6,-61.3,-20.1,-17.2,-19.5
114.41,-14.5,-61.0,-22.3,-18.3,-19.3
114.42,-12.4,-61.4,-20.5,-17.0,-19.3
114.43,-12.6,-62.8,-20.1,-16.9,-19.5
114.44,-12.9,-63.7,-19.4,-17.8,-19.2
114.45,-10.2,-64.5,-14.4,-16.9,-19.2
114.46,-8.0,-65.9,-10.2,-17.1,-19.7
114.47,-8.4,-66.6,-9.9,-18.0,-20.0
114.48,-8.1,-67.0,-9.9,-17.7,-20.1
114.49,-8.5,-67.0,-10.1,-18.6,-20.2
114.50,-10.9,-67.3,-13.7,-18.6,-20.6
114.51,-13.5,-66.8,-19.4,-18.6,-20.6
114.52,-14.4,-67.1,-19.2,-19.2,-20.3
114.53,-14.4,-66.4,-19.3,-18.1,-20.5
114.54,-14.8,-66.2,-19.2,-18.4,-20.8
114.55,-16.2,-65.6,-21.1,-18.9,-20.9
114.56,-15.2,-65.3,-21.2,-17.6,-20.4
114.57,-15.3,-65.2,-21.4,-18.5,-20.3
114.58,-15.3,-65.3,-21.5,-18.8,-20.4
114.59,-14.0,-65.6,-21.2,-17.7,-20.1
114.60,-13.6,-66.0,-19.2,-18.6,-19.9
114.61,-13.1,-66.6,-18.3,-18.8,-19.9
114.62,-12.9,-66.9,-18.5,-17.8,-20.1
114.63,-12.9,-66.7,-18.1,-18.8,-20.2
114.64,-13.5,-66.6,-18.3,-18.7,-20.6
114.65,-13.4,-66.6,-19.9,-17.2,-21.0
114.66,-14.5,-66.8,-21.4,-17.8,-21.5
114.67,-14.6,-67.0,-21.9,-18.0,-21.8
114.68,-14.1,-67.6,-21.9,-16.8,-21.6
114.69,-14.6,-67.9,-22.1,-17.5,-21.5
114.70,-15.3,-68.1,-22.2,-18.3,-21.7
114.71,-14.2,-68.5,-21.3,-17.2,-21.7
114.72,-14.7,-68.7,-21.2,-18.2,-21.4
114.73,-14.4,-68.9,-21.6,-18.3,-21.1
114.74,-14.0,-68.8,-21.9,-17.1,-20.6
114.75,-14.8,-68.5,-22.5,-18.2,-20.1
114.76,-11.7,-67.9,-15.7,-17.6,-20.4
114.77,-10.5,-67.9,-12.6,-17.2,-20.3
114.78,-10.4,-68.1,-11.9,-17.8,-20.2
114.79,-9.9,-68.4,-11.6,-17.8,-20.5
114.80,-9.8,-69.0,-11.4,-17.9,-20.7
114.81,-12.1,-70.3,-13.7,-18.3,-20.4
114.82,-12.5,-69.9,-16.6,-17.5,-20.5
114.83,-13.5,-70.2,-17.8,-18.5,-20.7
114.84,-13.9,-70.0,-19.0,-18.1,-21.2
114.85,-14.0,-69.9,-20.2,-17.4,-21.7
114.86,-15.1,-69.8,-21.9,-18.7,-22.1
114.87,-15.8,-69.5,-23.4,-18.5,-22.6
114.88,-15.6,-69.6,-24.6,-17.6,-23.2
114.89,-16.3,-69.8,-25.1,-18.9,-23.3
114.90,-15.9,-70.1,-25.5,-17.7,-23.8
114.91,-15.4,-70.0,-25.9,-17.1,-23.5
114.92,-15.8,-70.7,-25.8,-18.3,-22.5
114.93,-15.4,-70.7,-25.0,-17.7,-21.4
114.94,-14.5,-70.7,-24.0,-17.1,-20.7
114.95,-14.7,-70.9,-23.0,-18.2,-20.2
114.96,-14.3,-70.8,-22.5,-17.4,-19.7
114.97,-14.0,-70.6,-23.0,-16.9,-20.0
114.98,-14.7,-70.4,-23.3,-17.7,-20.2
114.99,-14.4,-70.5,-23.5,-17.0,-20.4
115.00,-14.3,-70.5,-23.9,-16.7,-20.4
115.01,-14.5,-70.6,-23.7,-17.3,-20.9
115.02,-14.6,-71.0,-23.4,-17.0,-20.9
115.03,-14.5,-70.9,-23.4,-16.8,-21.0
115.04,-14.9,-71.0,-24.1,-17.6,-20.9
115.05,-14.8,-71.0,-24.6,-16.9,-21.5
115.06,-15.0,-70.8,-25.4,-16.9,-21.5
115.07,-15.8,-70.5,-26.1,-17.7,-22.1
115.08,-11.5,-70.3,-15.5,-17.0,-22.5
115.09,-8.8,-69.9,-11.3,-17.0,-23.0
115.10,-8.3,-69.7,-10.5,-17.7,-22.9
115.11,-8.2,-68.9,-10.4,-17.9,-22.6
115.12,-8.1,-68.4,-10.4,-18.2,-22.5
115.13,-9.6,-68.2,-12.7,-18.1,-22.1
115.14,-13.5,-68.3,-18.3,-18.5,-22.0
115.15,-13.8,-68.5,-18.1,-19.3,-22.1
115.16,-14.0,-69.4,-18.8,-18.0,-22.3
115.17,-14.9,-69.7,-19.0,-18.3,-22.6
115.18,-17.2,-69.8,-22.0,-19.6,-22.9
115.19,-16.2,-69.7,-22.4,-18.0,-23.0
115.20,-16.6,-69.4,-24.3,-18.6,-23.2
115.21,-16.6,-69.5,-22.2,-19.4,-23.0
115.22,-15.2,-69.3,-21.7,-17.9,-22.7
115.23,-14.3,-68.3,-18.8,-18.6,-22.4
115.24,-10.6,-67.7,-12.4,-19.1,-22.8
115.25,-10.1,-67.9,-11.4,-18.2,-23.1
115.26,-9.7,-68.3,-11.0,-18.6,-23.7
115.27,-9.8,-68.7,-10.9,-18.7,-24.3
115.28,-10.6,-70.9,-12.4,-17.6,-24.6
115.29,-12.8,-71.4,-15.4,-17.9,-24.0
115.30,-13.5,-71.5,-16.8,-18.2,-24.3
115.31,-13.7,-71.3,-17.7,-17.2,-23.9
115.32,-13.6,-71.3,-18.4,-17.1,-23.8
115.33,-14.0,-71.4,-19.6,-16.8,-23.4
115.34,-14.0,-71.2,-20.8,-16.3,-23.4
115.35,-14.3,-71.0,-22.1,-16.7,-22.8
115.36,-14.1,-70.8,-22.9,-16.3,-22.3
115.37,-14.1,-70.6,-23.2,-16.5,-22.0
115.38,-13.9,-70.3,-23.2,-16.4,-21.9
115.39,-14.0,-70.3,-22.2,-16.6,-22.2
115.40,-12.6,-70.2,-18.5,-16.6,-22.6
115.41,-12.7,-70.3,-17.5,-16.8,-23.1
115.42,-12.8,-70.6,-17.0,-16.2,-23.3
115.43,-12.8,-70.6,-16.5,-17.1,-23.3
115.44,-12.6,-70.6,-17.3,-16.6,-23.4
115.45,-14.5,-70.5,-19.1,-17.6,-23.3
115.46,-14.3,-69.9,-20.2,-16.9,-23.0
115.47,-15.0,-69.5,-20.8,-17.7,-23.3
115.48,-12.3,-69.5,-16.6,-16.7,-23.3
115.49,-12.3,-69.7,-15.4,-17.5,-23.5
115.50,-11.5,-69.9,-14.9,-16.5,-23.8
115.51,-11.7,-70.0,-14.6,-17.2,-23.8
115.52,-11.8,-70.3,-15.8,-16.5,-23.2
115.53,-13.3,-70.0,-17.9,-16.8,-22.8
115.54,-14.2,-69.5,-20.7,-16.9,-22.6
115.55,-11.9,-68.7,-15.0,-16.6,-22.6
115.56,-9.9,-68.4,-11.8,-17.0,-22.9
115.57,-9.1,-68.3,-10.8,-17.4,-23.0
115.58,-9.2,-67.8,-10.4,-19.4,-22.7
115.59,-8.9,-67.6,-10.2,-19.7,-22.5
115.60,-10.4,-68.0,-12.4,-20.8,-22.0
115.61,-13.2,-67.8,-14.4,-21.6,-21.3
115.62,-13.4,-67.0,-15.9,-19.9,-20.6
115.63,-14.3,-66.5,-17.2,-19.5,-20.3
115.64,-14.2,-65.6,-17.8,-19.5,-19.8
115.65,-13.6,-64.3,-19.4,-19.1,-19.5
115.66,-10.6,-62.7,-13.4,-18.8,-19.8
115.67,-10.3,-62.1,-12.2,-18.8,-20.4
115.68,-10.0,-61.6,-11.8,-19.0,-21.0
115.69,-10.0,-59.9,-11.5,-18.3,-22.1
115.70,-11.2,-58.5,-12.5,-19.1,-23.1
115.71,-12.9,-57.5,-15.2,-19.3,-23.9
115.72,-13.0,-56.0,-16.6,-19.2,-24.2
115.73,-14.1,-54.4,-18.1,-19.5,-24.1
115.74,-13.4,-52.4,-18.9,-18.0,-23.9
115.75,-12.9,-51.1,-20.1,-16.3,-23.3
115.76,-11.6,-48.3,-15.6,-16.3,-22.7
115.77,-10.9,-47.2,-13.0,-15.9,-22.5
115.78,-10.4,-46.5,-12.2,-16.3,-22.5
115.79,-10.6,-46.4,-11.8,-18.1,-22.8
115.80,-10.1,-46.3,-11.6,-16.8,-23.7
115.81,-11.4,-48.0,-13.7,-16.8,-23.8
115.82,-12.4,-48.7,-15.9,-16.4,-23.5
115.83,-12.9,-50.0,-17.7,-15.8,-22.6
115.84,-13.3,-51.8,-19.0,-16.2,-21.6
115.85,-13.4,-53.8,-20.3,-16.3,-21.0
115.86,-13.3,-56.1,-21.6,-16.2,-20.5
115.87,-10.8,-58.3,-14.4,-16.4,-20.7
115.88,-9.5,-59.5,-11.2,-17.1,-21.1
115.89,-9.1,-60.1,-10.6,-18.2,-21.6
115.90,-9.1,-59.8,-10.4,-19.4,-22.4
115.91,-9.6,-59.6,-10.5,-22.9,-22.9
115.92,-11.9,-58.5,-13.6,-22.9,-23.3
115.93,-15.2,-57.0,-17.5,-22.0,-24.0
115.94,-15.2,-54.5,-17.1,-21.4,-25.0
115.95,-15.3,-52.5,-17.0,-20.7,-25.1
115.96,-14.7,-50.9,-16.8,-20.7,-25.3
115.97,-14.4,-38.9,-15.8,-20.4,-25.4
115.98,-12.2,-32.6,-13.7,-21.1,-25.3
115.99,-11.7,-28.0,-12.5,-21.3,-25.0
116.00,-10.9,-25.0,-12.1,-20.9,-24.9
116.01,-10.4,-23.3,-11.6,-21.5,-24.5
116.02,-11.4,-22.5,-12.4,-21.1,-24.3
116.03,-11.4,-21.3,-13.3,-20.1,-24.3
116.04,-11.3,-18.2,-14.4,-20.1,-24.3
116.05,-11.0,-15.9,-14.3,-20.5,-24.3
116.06,-10.2,-14.2,-14.1,-20.8,-24.3
116.07,-9.2,-13.1,-13.7,-20.8,-24.0
116.08,-8.6,-12.5,-11.6,-21.2,-23.5
116.09,-8.8,-12.5,-11.6,-21.3,-23.1
116.10,-8.6,-12.9,-11.8,-20.7,-23.2
116.11,-9.1,-13.3,-12.3,-21.3,-23.2
116.12,-9.5,-13.4,-12.9,-22.4,-23.3
116.13,-9.1,-13.4,-14.5,-23.1,-24.0
116.14,-9.5,-13.3,-14.2,-25.2,-24.7
116.15,-9.6,-13.2,-13.6,-28.9,-25.5
116.16,-9.3,-13.2,-12.9,-32.1,-26.4
116.17,-9.5,-13.0,-12.6,-41.8,-27.4
116.18,-9.6,-12.8,-13.3,-46.6,-28.2
116.19,-8.4,-12.6,-11.1,-48.3,-27.9
116.20,-8.1,-12.3,-10.6,-51.3,-28.0
116.21,-8.3,-12.2,-11.1,-52.4,-26.6
116.22,-8.4,-12.2,-11.5,-51.0,-25.5
116.23,-9.2,-12.4,-12.3,-51.2,-25.3
116.24,-10.9,-12.6,-16.8,-52.3,-24.7
116.25,-11.2,-13.0,-16.8,-54.1,-24.8
116.26,-11.3,-13.7,-15.8,-56.2,-25.0
116.27,-10.8,-14.4,-14.2,-66.1,-25.2
116.28,-10.7,-15.1,-13.4,-65.3,-25.5
116.29,-11.3,-15.9,-13.7,-65.5,-25.9
116.30,-12.2,-16.5,-14.9,-65.3,-26.1
116.31,-12.8,-16.9,-15.5,-64.8,-26.4
116.32,-13.3,-17.2,-16.5,-64.9,-26.6
116.33,-13.5,-17.3,-16.2,-64.9,-26.8
116.34,-13.1,-17.1,-15.9,-64.9,-26.7
116.35,-12.7,-16.7,-15.7,-65.0,-27.2
116.36,-12.2,-16.4,-14.6,-63.6,-27.9
116.37,-12.0,-16.0,-14.8,-63.0,-28.0
116.38,-12.0,-15.5,-15.2,-62.9,-28.0
116.39,-12.0,-14.9,-15.4,-62.9,-28.3
116.40,-11.9,-14.3,-16.5,-63.7,-28.2
116.41,-12.0,-13.7,-19.1,-65.5,-28.2
116.42,-12.1,-13.4,-20.0,-66.8,-28.2
116.43,-11.9,-13.2,-19.7,-66.7,-28.6
116.44,-11.5,-13.1,-17.1,-62.9,-28.9
116.45,-11.5,-13.4,-16.7,-62.9,-29.5
116.46,-11.7,-13.8,-16.7,-62.9,-29.8
116.47,-11.8,-14.2,-16.1,-62.9,-30.0
116.48,-12.4,-14.7,-17.2,-66.3,-30.4
116.49,-13.4,-15.1,-18.9,-68.0,-30.4
116.50,-14.1,-15.8,-19.4,-68.4,-30.3
116.51,-14.6,-16.4,-20.9,-68.1,-30.6
116.52,-15.7,-18.0,-20.5,-68.3,-30.9
116.53,-16.1,-19.8,-19.7,-65.7,-31.1
116.54,-16.8,-22.0,-19.5,-66.1,-31.2
116.55,-16.8,-23.8,-18.7,-66.1,-31.2
116.56,-17.5,-31.1,-18.4,-66.8,-31.1
116.57,-18.6,-34.0,-19.6,-50.9,-31.2
116.58,-18.9,-34.8,-19.9,-50.9,-31.4
116.59,-20.2,-32.4,-21.4,-50.9,-32.0
116.60,-20.4,-29.1,-22.1,-50.9,-32.7
116.61,-20.8,-26.6,-23.2,-51.4,-32.9
116.62,-19.9,-23.5,-23.5,-69.7,-33.2
116.63,-17.5,-19.9,-22.1,-70.3,-33.6
116.64,-15.2,-16.8,-21.9,-69.8,-34.0
116.65,-14.8,-16.4,-21.7,-69.1,-34.5
116.66,-14.5,-16.1,-21.2,-69.6,-35.1
116.67,-14.7,-16.1,-21.6,-69.4,-35.9
116.68,-15.6,-16.9,-22.6,-69.9,-36.1
116.69,-16.8,-18.3,-23.2,-70.3,-35.9
116.70,-16.8,-18.1,-23.8,-70.7,-35.9
116.71,-16.4,-17.6,-23.9,-71.0,-36.2
116.72,-16.0,-17.1,-23.8,-70.7,-36.4
116.73,-15.8,-16.7,-23.8,-70.9,-36.5
116.74,-15.5,-16.5,-23.6,-70.2,-37.0
116.75,-15.4,-16.3,-24.0,-70.6,-37.2
116.76,-15.6,-16.3,-24.9,-70.3,-37.3
116.77,-15.6,-16.4,-24.9,-70.5,-37.5
116.78,-15.6,-16.2,-25.1,-70.2,-37.9
116.79,-15.6,-16.3,-25.4,-71.1,-38.0
116.80,-15.5,-16.1,-25.7,-70.4,-38.1
116.81,-15.2,-15.9,-25.6,-70.6,-38.0
116.82,-15.2,-15.9,-25.7,-70.4,-37.7
116.83,-15.3,-15.9,-26.0,-70.8,-37.5
116.84,-15.0,-15.5,-26.3,-70.8,-37.3
116.85,-15.1,-15.6,-26.3,-71.5,-37.4
116.86,-15.0,-15.5,-26.6,-72.0,-37.7
116.87,-14.8,-15.2,-27.3,-71.8,-38.0
116.88,-15.0,-15.4,-27.7,-72.1,-38.5
116.89,-15.2,-15.7,-27.5,-72.6,-39.1
116.90,-15.6,-16.0,-28.1,-72.4,-39.3
116.91,-16.1,-16.6,-28.0,-71.9,-39.3
116.92,-16.4,-16.8,-27.8,-71.7,-39.4
116.93,-16.1,-16.6,-27.6,-71.5,-39.4
116.94,-15.9,-16.3,-28.3,-71.3,-39.5
116.95,-15.3,-15.7,-28.4,-71.4,-39.6
116.96,-14.9,-15.3,-28.3,-71.6,-39.5
116.97,-14.9,-15.2,-28.6,-71.6,-39.4
116.98,-14.9,-15.3,-28.6,-71.9,-39.1
116.99,-15.1,-15.4,-28.4,-72.3,-38.9
117.00,-15.3,-15.6,-28.6,-72.2,-38.9
117.01,-15.4,-15.7,-28.7,-72.2,-39.1
117.02,-15.4,-15.7,-28.8,-72.6,-39.1
117.03,-15.7,-16.0,-29.2,-72.4,-39.4
117.04,-15.5,-15.8,-29.3,-72.3,-39.6
117.05,-15.6,-15.9,-29.4,-72.5,-39.8
117.06,-15.8,-16.1,-29.5,-72.5,-40.0
117.07,-15.9,-16.2,-28.9,-72.6,-40.3
117.08,-15.9,-16.2,-28.5,-72.5,-40.6
117.09,-16.0,-16.3,-28.2,-72.6,-40.9
117.10,-16.1,-16.5,-27.9,-72.7,-41.3
117.11,-16.2,-16.7,-27.8,-72.8,-41.6
117.12,-16.4,-16.8,-27.9,-72.8,-41.4
117.13,-16.6,-17.1,-27.7,-72.6,-41.3
117.14,-17.0,-17.5,-27.6,-72.7,-41.4
117.15,-17.4,-17.9,-27.6,-72.7,-41.7
117.16,-17.7,-18.2,-27.7,-72.7,-41.9
117.17,-17.6,-18.2,-27.7,-72.8,-41.9
117.18,-17.1,-17.6,-27.9,-73.0,-41.7
117.19,-16.5,-16.9,-27.9,-72.8,-41.3
117.20,-16.0,-16.4,-28.1,-73.4,-41.3
117.21,-15.5,-15.8,-28.3,-73.0,-41.2
117.22,-15.4,-15.7,-28.5,-72.8,-41.3
117.23,-15.5,-15.8,-28.7,-72.9,-41.1
117.24,-15.5,-15.8,-29.2,-73.3,-41.2
117.25,-15.4,-15.5,-29.0,-73.5,-40.9
117.26,-14.8,-15.0,-29.4,-73.8,-40.9
117.27,-14.4,-14.6,-29.5,-73.8,-41.3
117.28,-14.0,-14.1,-29.5,-73.7,-41.6
117.29,-13.6,-13.8,-29.6,-73.4,-41.9
117.30,-13.4,-13.6,-29.9,-73.1,-42.0
117.31,-13.3,-13.4,-29.8,-73.8,-41.9
117.32,-13.1,-13.3,-29.5,-74.0,-41.5
117.33,-13.0,-13.1,-29.5,-73.9,-40.7
117.34,-13.0,-13.1,-29.1,-74.1,-40.1
117.35,-13.0,-13.2,-29.0,-74.0,-39.9
117.36,-13.2,-13.4,-29.0,-73.8,-39.8
117.37,-13.6,-13.7,-29.2,-73.7,-40.0
117.38,-13.7,-13.8,-29.7,-73.9,-40.6
117.39,-13.7,-13.9,-30.1,-74.0,-41.4
117.40,-13.7,-13.9,-30.2,-73.3,-42.1
117.41,-13.5,-13.7,-30.4,-73.0,-43.1
117.42,-14.2,-14.3,-30.6,-72.4,-44.4
117.43,-15.0,-15.2,-30.6,-72.4,-44.6
117.44,-16.3,-16.6,-30.8,-72.6,-43.7
117.45,-16.7,-17.2,-30.8,-72.2,-35.0
117.46,-15.6,-16.1,-30.8,-72.0,-29.9
117.47,-14.3,-14.8,-30.8,-72.2,-27.0
117.48,-13.1,-13.5,-30.8,-72.2,-25.6
117.49,-12.6,-13.0,-30.6,-72.6,-24.8
117.50,-12.8,-13.3,-30.6,-72.1,-24.5
117.51,-13.4,-13.7,-30.6,-71.2,-25.0
117.52,-13.6,-14.0,-30.4,-70.7,-25.9
117.53,-14.0,-14.6,-30.0,-70.5,-26.5
117.54,-14.3,-15.0,-30.2,-70.6,-27.1
117.55,-14.7,-15.3,-30.3,-70.3,-27.8
117.56,-15.0,-15.6,-30.1,-71.3,-28.4
117.57,-15.3,-15.8,-30.4,-71.6,-28.7
117.58,-15.5,-15.7,-30.8,-71.8,-29.0
117.59,-15.5,-15.7,-30.8,-71.7,-29.4
117.60,-15.5,-15.8,-30.7,-71.9,-29.9
117.61,-15.6,-15.9,-30.7,-71.9,-30.4
117.62,-15.3,-15.6,-30.3,-71.5,-30.9
117.63,-15.4,-15.6,-30.3,-71.9,-31.3
117.64,-15.2,-15.5,-30.6,-71.8,-31.7
117.65,-14.8,-15.1,-30.9,-71.9,-32.0
117.66,-14.3,-14.4,-30.9,-72.6,-32.7
117.67,-13.7,-13.9,-31.1,-72.2,-33.2
117.68,-13.6,-13.8,-30.9,-72.4,-33.5
117.69,-13.4,-13.6,-30.9,-72.8,-34.2
117.70,-13.3,-13.4,-30.9,-72.8,-34.6
117.71,-13.4,-13.5,-31.4,-73.0,-35.0
117.72,-13.6,-13.7,-31.5,-73.1,-35.2
117.73,-13.9,-14.1,-31.5,-72.8,-35.6
117.74,-14.5,-14.6,-31.6,-72.9,-36.2
117.75,-15.3,-15.5,-31.8,-72.7,-36.5
117.76,-16.2,-16.4,-31.8,-72.6,-36.9
117.77,-17.4,-17.7,-31.8,-72.6,-37.2
117.78,-18.6,-19.1,-31.9,-72.9,-37.1
117.79,-20.2,-20.8,-31.8,-73.2,-37.0
117.80,-21.9,-22.8,-31.8,-73.7,-36.9
117.81,-25.3,-27.0,-31.8,-73.6,-36.8
117.82,-26.9,-30.5,-31.5,-73.5,-36.5
117.83,-28.9,-36.2,-31.5,-73.3,-36.3
117.84,-29.2,-40.3,-31.1,-73.0,-36.4
117.85,-28.9,-39.3,-30.9,-73.1,-36.5
117.86,-29.2,-39.3,-31.1,-73.2,-36.7
117.87,-29.3,-38.9,-31.1,-73.9,-37.1
117.88,-29.2,-37.7,-31.4,-73.6,-37.5
117.89,-27.9,-32.5,-32.1,-73.6,-38.0
117.90,-23.2,-24.4,-32.7,-73.2,-38.4
117.91,-20.3,-20.8,-33.0,-73.0,-38.9
117.92,-18.2,-18.4,-33.5,-73.0,-39.5
117.93,-16.7,-16.9,-33.5,-73.1,-40.0
117.94,-15.7,-15.9,-33.8,-73.1,-40.2
117.95,-15.5,-15.6,-33.8,-72.5,-40.2
117.96,-15.3,-15.5,-34.3,-72.3,-39.9
117.97,-15.3,-15.5,-34.8,-72.1,-39.8
117.98,-15.4,-15.6,-35.1,-72.2,-39.8
117.99,-15.6,-15.7,-34.9,-72.6,-40.0
118.00,-15.7,-15.8,-35.0,-73.0,-39.7
118.01,-15.9,-16.0,-34.5,-73.0,-39.9
118.02,-16.0,-16.2,-34.2,-73.2,-40.3
118.03,-16.1,-16.3,-34.2,-73.0,-40.1
118.04,-16.1,-16.3,-34.4,-72.7,-40.2
118.05,-16.0,-16.1,-34.5,-73.1,-40.2
118.06,-15.6,-15.8,-34.6,-73.1,-40.2
118.07,-15.3,-15.4,-34.4,-73.3,-40.0
118.08,-14.8,-14.9,-34.3,-73.0,-36.4
118.09,-14.4,-14.6,-34.4,-72.8,-29.7
118.10,-14.1,-14.5,-34.5,-72.5,-27.4
118.11,-14.0,-14.4,-34.7,-72.6,-26.2
118.12,-14.1,-14.6,-34.8,-72.8,-25.6
118.13,-14.4,-14.8,-34.7,-73.1,-25.8
118.14,-14.6,-15.0,-34.3,-72.4,-27.0
118.15,-15.0,-15.3,-34.3,-72.8,-28.2
118.16,-15.1,-15.4,-33.9,-72.4,-29.2
118.17,-15.2,-15.5,-33.7,-72.6,-30.0
118.18,-15.3,-15.5,-33.9,-73.0,-30.9
118.19,-15.4,-15.6,-33.8,-73.3,-31.9
118.20,-15.9,-16.1,-34.0,-73.7,-32.9
118.21,-16.4,-16.5,-34.8,-73.8,-34.0
118.22,-16.3,-16.5,-35.0,-73.2,-35.0
118.23,-16.3,-16.4,-35.5,-73.0,-35.7
118.24,-15.6,-15.7,-35.5,-73.0,-35.9
118.25,-14.8,-14.9,-35.2,-73.0,-36.1
118.26,-14.4,-14.5,-34.8,-73.5,-36.4
118.27,-14.2,-14.3,-34.8,-73.6,-36.7
118.28,-14.4,-14.5,-35.0,-73.3,-37.4
118.29,-14.8,-14.9,-35.5,-73.5,-37.8
118.30,-15.0,-15.1,-35.7,-73.5,-38.5
118.31,-15.2,-15.3,-36.2,-73.8,-38.7
118.32,-15.3,-15.4,-36.1,-73.8,-39.0
118.33,-15.4,-15.5,-35.9,-73.9,-39.0
118.34,-15.5,-15.6,-35.8,-73.6,-39.0
118.35,-15.6,-15.7,-35.9,-73.2,-38.8
118.36,-15.7,-15.8,-36.3,-73.3,-38.8
118.37,-15.7,-15.8,-36.8,-73.3,-38.8
118.38,-15.7,-15.8,-36.8,-73.8,-39.0
118.39,-15.8,-15.9,-37.2,-73.9,-39.0
118.40,-15.9,-16.0,-37.2,-73.2,-39.0
118.41,-15.9,-16.0,-36.5,-73.2,-39.3
118.42,-15.7,-15.8,-36.4,-72.9,-39.6
118.43,-15.5,-15.6,-36.2,-72.7,-40.4
118.44,-15.1,-15.2,-35.9,-73.2,-41.1
118.45,-14.3,-14.4,-35.9,-73.7,-41.6
118.46,-13.4,-13.4,-36.4,-74.1,-41.8
118.47,-12.9,-12.9,-36.2,-74.2,-42.2
118.48,-12.7,-12.8,-36.4,-74.3,-42.2
118.49,-13.0,-13.0,-35.8,-73.9,-42.4
118.50,-13.8,-13.8,-35.7,-73.2,-42.6
118.51,-14.7,-14.7,-35.7,-73.3,-42.7
118.52,-15.7,-15.8,-35.5,-73.5,-42.9
118.53,-16.3,-16.3,-35.9,-73.7,-42.9
118.54,-16.3,-16.3,-36.7,-74.1,-43.0
118.55,-16.0,-16.0,-37.0,-74.5,-43.3
118.56,-15.6,-15.7,-37.0,-74.5,-43.5
118.57,-15.2,-15.2,-37.0,-74.0,-43.3
118.58,-14.8,-14.9,-37.0,-73.7,-43.6
118.59,-15.1,-15.2,-36.9,-73.7,-43.8
118.60,-15.7,-15.8,-36.5,-73.7,-44.0
118.61,-16.8,-16.9,-36.8,-73.9,-44.5
118.62,-18.4,-18.6,-36.7,-74.1,-44.9
118.63,-20.8,-21.1,-37.1,-74.2,-44.8
118.64,-23.9,-24.4,-37.0,-74.5,-43.6
118.65,-26.4,-27.5,-37.1,-74.2,-43.0
118.66,-31.3,-34.7,-37.2,-74.3,-42.6
118.67,-33.6,-40.9,-37.2,-74.1,-42.5
118.68,-31.6,-35.2,-37.2,-74.1,-42.9
118.69,-27.4,-28.5,-37.3,-73.7,-43.6
118.70,-21.9,-22.4,-37.1,-73.2,-42.2
118.71,-19.6,-19.8,-37.3,-72.6,-36.5
118.72,-16.9,-17.4,-37.5,-72.4,-32.1
118.73,-15.4,-15.8,-37.7,-72.1,-29.7
118.74,-14.3,-14.7,-38.2,-72.1,-27.5
118.75,-13.6,-14.0,-37.9,-71.9,-26.5
118.76,-13.2,-13.6,-37.7,-72.1,-26.3
118.77,-13.1,-13.5,-37.6,-71.8,-26.2
118.78,-13.2,-13.5,-37.4,-72.2,-26.6
118.79,-13.4,-13.7,-37.3,-72.7,-27.3
118.80,-14.1,-14.3,-37.7,-72.8,-27.7
118.81,-14.5,-14.8,-38.0,-72.8,-28.2
118.82,-15.3,-15.6,-38.4,-72.6,-28.6
118.83,-16.1,-16.5,-38.8,-72.2,-28.9
118.84,-16.8,-17.1,-38.8,-71.8,-29.3
118.85,-17.1,-17.6,-39.0,-71.8,-29.5
118.86,-16.8,-17.3,-38.7,-71.4,-29.6
118.87,-16.1,-16.5,-38.5,-71.0,-29.8
118.88,-15.3,-15.6,-38.8,-70.9,-29.8
118.89,-14.7,-14.9,-39.0,-70.2,-30.0
118.90,-14.1,-14.3,-39.2,-69.6,-30.3
118.91,-13.7,-13.9,-39.4,-69.7,-30.8
118.92,-13.5,-13.6,-39.4,-70.1,-31.4
118.93,-13.3,-13.4,-39.3,-70.1,-32.1
118.94,-13.1,-13.2,-38.9,-70.7,-32.5
118.95,-13.2,-13.3,-38.4,-71.5,-32.9
118.96,-13.4,-13.4,-38.5,-72.0,-33.4
118.97,-13.5,-13.5,-38.5,-72.3,-33.8
118.98,-13.7,-13.7,-38.5,-72.6,-34.5
118.99,-13.8,-13.8,-38.8,-73.0,-35.1
119.00,-13.9,-13.9,-38.7,-73.2,-35.6
119.01,-14.0,-14.0,-38.7,-73.2,-35.7
119.02,-14.0,-14.1,-38.7,-73.4,-35.9
119.03,-14.1,-14.1,-39.2,-74.1,-36.1
119.04,-14.2,-14.2,-39.7,-74.1,-36.5
119.05,-14.1,-14.1,-40.1,-74.0,-36.4
119.06,-14.0,-14.0,-39.9,-74.1,-36.8
119.07,-13.6,-13.6,-39.8,-73.8,-36.8
119.08,-13.4,-13.4,-39.5,-73.5,-36.7
119.09,-13.6,-13.7,-39.0,-73.1,-36.4
119.10,-14.4,-14.5,-38.9,-73.1,-36.1
119.11,-15.8,-15.9,-39.2,-73.2,-35.9
119.12,-18.4,-18.5,-39.6,-73.1,-35.7
119.13,-22.4,-22.9,-40.0,-72.9,-35.7
119.14,-22.4,-23.0,-41.3,-73.0,-35.9
119.15,-22.9,-23.5,-42.4,-73.3,-36.1
119.16,-22.5,-23.1,-42.8,-73.4,-36.3
119.17,-22.0,-22.6,-43.1,-73.4,-36.8
119.18,-21.6,-22.0,-43.9,-73.3,-37.2
119.19,-19.3,-19.6,-43.6,-73.0,-37.2
119.20,-17.1,-17.2,-43.5,-72.9,-37.2
119.21,-15.3,-15.3,-44.9,-73.3,-37.3
119.22,-13.6,-13.6,-45.0,-73.9,-37.3
119.23,-12.9,-13.0,-45.0,-74.4,-38.0
119.24,-12.7,-12.8,-44.6,-74.8,-38.4
119.25,-12.8,-12.9,-43.7,-74.4,-38.7
119.26,-13.4,-13.4,-43.2,-74.1,-38.8
119.27,-14.2,-14.2,-43.3,-73.9,-38.7
119.28,-14.6,-14.7,-43.3,-74.0,-38.7
119.29,-15.1,-15.1,-43.8,-74.5,-38.5
119.30,-15.3,-15.3,-43.8,-74.8,-38.4
119.31,-15.3,-15.4,-44.3,-75.0,-38.3
119.32,-15.2,-15.3,-44.2,-74.6,-38.2
119.33,-15.0,-15.1,-45.2,-74.3,-37.8
119.34,-14.7,-14.8,-44.9,-74.0,-36.6
119.35,-14.6,-14.7,-45.5,-73.9,-32.8
119.36,-14.8,-15.0,-46.1,-74.1,-30.5
119.37,-15.2,-15.4,-46.0,-74.0,-29.2
119.38,-15.5,-15.8,-46.2,-73.9,-28.6
119.39,-16.1,-16.5,-47.3,-74.0,-28.4
119.40,-16.2,-16.5,-47.6,-73.9,-29.1
119.41,-16.4,-16.7,-48.2,-73.8,-29.9
119.42,-16.3,-16.4,-48.9,-73.8,-30.4
119.43,-16.0,-16.2,-48.5,-73.8,-30.8
119.44,-15.8,-16.0,-47.9,-73.9,-31.3
119.45,-15.5,-15.6,-47.7,-73.9,-31.7
119.46,-15.1,-15.2,-47.2,-73.7,-32.4
119.47,-14.9,-15.0,-47.0,-73.5,-33.1
119.48,-14.7,-14.8,-46.9,-73.6,-33.7
119.49,-14.6,-14.7,-47.2,-73.4,-34.5
119.50,-14.5,-14.5,-46.8,-73.6,-35.2
119.51,-14.4,-14.5,-46.2,-73.9,-35.9
119.52,-14.4,-14.4,-46.1,-74.2,-36.4
119.53,-14.2,-14.2,-45.8,-74.3,-37.0
119.54,-14.1,-14.1,-45.6,-74.4,-37.3
119.55,-14.1,-14.2,-45.9,-74.6,-37.8
119.56,-14.1,-14.2,-46.0,-74.4,-38.4
119.57,-14.3,-14.4,-46.3,-74.6,-38.6
119.58,-14.5,-14.6,-46.7,-74.5,-38.9
119.59,-14.6,-14.6,-47.1,-74.6,-39.6
119.60,-14.7,-14.7,-46.6,-74.5,-39.8
119.61,-14.7,-14.7,-46.6,-74.4,-40.1
119.62,-14.7,-14.7,-46.8,-74.3,-40.9
119.63,-14.6,-14.6,-46.9,-74.3,-41.2
119.64,-14.4,-14.4,-47.1,-74.2,-41.4
119.65,-14.2,-14.2,-47.9,-74.3,-41.8
119.66,-13.9,-13.9,-48.2,-74.3,-41.7
119.67,-13.5,-13.5,-48.4,-74.0,-41.7
119.68,-13.3,-13.3,-48.9,-74.1,-41.8
119.69,-13.1,-13.1,-49.1,-74.1,-41.7
119.70,-12.9,-13.0,-49.4,-74.0,-41.8
119.71,-12.9,-12.9,-50.2,-73.4,-41.6
119.72,-12.8,-12.8,-50.4,-73.2,-41.4
119.73,-13.0,-13.0,-50.5,-73.1,-41.3
119.74,-13.8,-13.9,-49.9,-73.2,-41.1
119.75,-15.1,-15.1,-49.0,-73.7,-41.1
119.76,-17.0,-17.1,-47.2,-74.0,-41.4
119.77,-21.1,-21.3,-45.6,-74.1,-41.7
119.78,-26.6,-27.0,-45.0,-73.9,-41.8
119.79,-29.4,-30.3,-45.1,-73.3,-41.9
119.80,-30.2,-31.4,-45.2,-73.0,-42.2
119.81,-30.3,-31.4,-46.6,-73.1,-42.4
119.82,-22.8,-22.9,-48.0,-73.5,-42.6
119.83,-18.7,-18.8,-49.3,-73.5,-42.9
119.84,-16.5,-16.5,-51.0,-73.4,-43.0
119.85,-14.7,-14.7,-51.7,-73.5,-42.8
119.86,-13.6,-13.6,-52.3,-73.5,-42.9
119.87,-13.4,-13.4,-52.5,-73.5,-42.8
119.88,-13.2,-13.3,-52.7,-73.8,-42.7
119.89,-13.2,-13.2,-53.2,-74.2,-42.8
119.90,-13.3,-13.4,-52.8,-73.9,-42.8
119.91,-13.3,-13.3,-52.9,-73.5,-43.4
119.92,-13.1,-13.1,-52.4,-73.4,-44.3
119.93,-12.3,-12.3,-50.6,-73.6,-45.0
119.94,-11.9,-11.9,-49.9,-73.6,-45.9
119.95,-11.5,-11.6,-48.5,-73.8,-46.0
119.96,-11.2,-11.2,-48.0,-73.8,-42.9
119.97,-11.3,-11.3,-47.8,-73.3,-36.6
119.98,-12.1,-12.2,-48.2,-72.6,-30.2
119.99,-12.5,-12.7,-48.7,-72.1,-27.3
120.00,-12.8,-13.2,-49.2,-71.9,-25.7
120.01,-13.3,-13.7,-48.6,-72.0,-24.8
120.02,-13.4,-13.8,-48.8,-72.6,-24.5
120.03,-13.2,-13.5,-48.0,-72.7,-25.2
120.04,-13.2,-13.5,-47.9,-73.1,-26.1
120.05,-13.3,-13.5,-48.2,-73.5,-27.0
120.06,-13.3,-13.5,-47.7,-74.0,-27.8
120.07,-13.4,-13.6,-47.5,-74.0,-28.5
120.08,-13.6,-13.8,-47.5,-74.5,-29.2
120.09,-13.9,-14.1,-47.8,-74.4,-29.7
120.10,-14.4,-14.6,-48.2,-74.2,-30.3
120.11,-14.8,-15.0,-49.0,-74.1,-30.9
120.12,-15.3,-15.5,-49.5,-74.2,-31.6
120.13,-15.7,-15.9,-49.7,-74.5,-31.8
120.14,-15.9,-16.0,-48.1,-74.4,-32.3
120.15,-15.6,-15.7,-47.8,-74.4,-32.7
120.16,-15.3,-15.4,-47.7,-74.3,-33.0
120.17,-14.7,-14.8,-47.5,-74.3,-33.4
120.18,-14.2,-14.3,-48.0,-74.4,-33.4
120.19,-13.9,-14.0,-48.4,-74.4,-33.7
120.20,-14.0,-14.1,-48.2,-74.7,-33.8
120.21,-14.0,-14.1,-47.7,-74.8,-34.1
120.22,-14.5,-14.6,-47.8,-75.0,-34.6
120.23,-14.5,-14.6,-47.8,-74.9,-35.1
120.24,-15.0,-15.0,-48.1,-74.7,-35.5
120.25,-15.1,-15.1,-49.0,-74.8,-35.4
120.26,-15.2,-15.2,-49.0,-74.9,-35.8
120.27,-15.2,-15.3,-49.5,-75.0,-35.8
120.28,-15.3,-15.3,-49.9,-75.4,-35.8
120.29,-15.3,-15.3,-50.1,-75.2,-35.8
120.30,-15.1,-15.1,-50.0,-75.1,-36.0
120.31,-14.9,-14.9,-50.3,-75.1,-36.0
120.32,-14.8,-14.9,-49.9,-75.0,-36.1
120.33,-14.6,-14.7,-50.2,-75.0,-36.4
120.34,-14.7,-14.8,-50.2,-75.3,-36.6
120.35,-14.7,-14.8,-49.7,-75.3,-36.6
120.36,-15.0,-15.1,-49.7,-75.3,-36.7
120.37,-15.1,-15.2,-50.0,-75.3,-36.8
120.38,-15.3,-15.4,-50.1,-75.5,-37.1
120.39,-15.2,-15.3,-50.7,-75.3,-37.5
120.40,-15.4,-15.5,-50.6,-75.4,-37.7
120.41,-15.3,-15.4,-51.1,-75.2,-38.6
120.42,-15.6,-15.6,-51.1,-75.1,-38.7
120.43,-15.7,-15.7,-51.8,-75.1,-39.0
120.44,-15.7,-15.7,-52.0,-75.0,-39.5
120.45,-15.6,-15.7,-52.4,-74.8,-39.3
120.46,-15.6,-15.7,-52.7,-74.8,-39.6
120.47,-15.6,-15.7,-53.0,-75.1,-39.2
120.48,-15.7,-15.7,-52.9,-75.4,-39.1
120.49,-15.6,-15.7,-52.8,-75.7,-38.7
120.50,-15.6,-15.6,-52.8,-76.3,-38.7
120.51,-15.8,-15.8,-52.8,-76.3,-38.7
120.52,-15.6,-15.6,-52.7,-75.8,-39.0
120.53,-15.4,-15.5,-52.6,-75.8,-38.9
120.54,-15.2,-15.2,-53.4,-75.9,-39.6
120.55,-15.1,-15.1,-53.4,-75.8,-40.1
120.56,-14.8,-14.9,-53.4,-75.6,-40.2
120.57,-14.8,-14.8,-53.0,-75.4,-40.9
120.58,-15.0,-15.0,-53.6,-75.2,-41.1
120.59,-15.2,-15.2,-53.2,-75.2,-41.6
120.60,-15.2,-15.2,-53.7,-75.6,-41.2
120.61,-15.2,-15.2,-54.2,-75.7,-39.0
120.62,-15.4,-15.4,-53.9,-75.4,-37.0
120.63,-15.1,-15.2,-53.9,-75.0,-36.1
120.64,-15.4,-15.5,-54.3,-74.2,-35.5
120.65,-15.8,-15.9,-54.6,-73.9,-35.3
120.66,-16.7,-16.8,-54.7,-74.3,-36.0
120.67,-17.9,-17.9,-54.8,-74.9,-36.7
120.68,-19.6,-19.8,-54.4,-75.5,-36.9
120.69,-22.1,-22.4,-54.0,-75.7,-36.9
120.70,-25.3,-25.6,-53.4,-75.4,-37.1
120.71,-29.8,-31.0,-53.3,-75.0,-37.1
120.72,-34.0,-37.4,-53.6,-74.8,-37.6
120.73,-35.3,-39.8,-53.3,-75.0,-38.3
120.74,-35.4,-39.5,-54.1,-75.7,-38.9
120.75,-35.6,-38.8,-54.6,-76.4,-39.9
120.76,-34.7,-37.4,-55.1,-76.6,-40.5
120.77,-34.3,-36.3,-56.7,-76.4,-41.3
120.78,-32.8,-34.0,-57.4,-76.1,-42.1
120.79,-31.4,-32.2,-58.2,-75.8,-42.8
120.80,-30.0,-30.5,-61.7,-75.8,-43.4
120.81,-28.5,-28.9,-64.2,-75.7,-43.8
120.82,-27.9,-28.2,-66.5,-75.6,-43.9
120.83,-26.8,-27.0,-68.1,-75.4,-44.1
120.84,-26.2,-26.3,-68.8,-74.9,-44.4
120.85,-25.7,-25.9,-69.3,-74.8,-44.2
120.86,-25.2,-25.3,-69.5,-74.9,-44.3
120.87,-24.7,-24.8,-69.8,-75.1,-44.4
120.88,-23.9,-24.0,-70.1,-75.2,-44.2
120.89,-23.9,-24.0,-70.4,-75.0,-44.4
120.90,-23.4,-23.5,-70.8,-74.7,-44.4
120.91,-23.1,-23.1,-71.0,-74.4,-44.3
120.92,-23.3,-23.3,-71.6,-74.5,-43.8
120.93,-23.2,-23.2,-71.7,-74.6,-43.5
120.94,-22.9,-23.0,-72.0,-74.8,-43.2
120.95,-22.8,-22.9,-72.4,-75.0,-43.3
120.96,-23.1,-23.2,-72.7,-74.9,-43.4
120.97,-22.7,-22.8,-72.6,-74.5,-43.9
120.98,-22.7,-22.8,-72.4,-74.1,-44.3
120.99,-22.9,-22.9,-72.6,-74.1,-45.0
121.00,-22.4,-22.5,-72.9,-74.6,-45.7
121.01,-21.9,-21.9,-73.1,-75.0,-46.5
121.02,-22.1,-22.1,-72.7,-75.0,-47.4
121.03,-22.6,-22.6,-71.7,-74.9,-47.6
121.04,-23.5,-23.5,-70.0,-74.2,-47.7
121.05,-26.0,-26.0,-68.4,-73.9,-47.2
121.06,-30.8,-31.0,-67.1,-73.8,-46.9
121.07,-34.8,-35.8,-66.2,-74.6,-46.2
121.08,-28.2,-28.2,-65.8,-75.1,-46.3
121.09,-24.9,-24.8,-65.9,-74.8,-46.3
121.10,-21.6,-21.5,-66.4,-74.5,-46.3
121.11,-18.6,-18.6,-67.1,-73.8,-46.7
121.12,-16.1,-16.1,-67.6,-73.4,-47.0
121.13,-14.4,-14.4,-68.4,-73.8,-47.1
121.14,-13.3,-13.3,-68.8,-74.6,-47.2
121.15,-12.5,-12.5,-68.9,-75.3,-47.1
121.16,-12.2,-12.2,-69.3,-74.9,-47.3
121.17,-12.4,-12.4,-69.3,-74.3,-47.8
121.18,-12.9,-12.9,-68.6,-73.9,-48.0
121.19,-13.8,-13.8,-68.2,-73.5,-48.3
121.20,-14.9,-14.8,-68.2,-73.7,-48.4
121.21,-15.9,-15.9,-67.9,-73.4,-46.7
121.22,-16.8,-16.8,-67.3,-73.3,-45.4
121.23,-17.3,-17.2,-67.1,-73.2,-42.1
121.24,-16.8,-16.9,-66.6,-73.0,-32.0
121.25,-15.8,-16.2,-66.5,-73.1,-28.5
121.26,-14.7,-15.2,-66.3,-72.9,-25.8
121.27,-13.6,-14.3,-66.7,-72.7,-24.2
121.28,-13.0,-13.7,-66.8,-72.6,-23.4
121.29,-12.7,-13.2,-67.6,-72.3,-23.5
121.30,-12.6,-13.1,-67.9,-71.9,-23.7
121.31,-12.5,-13.1,-69.2,-72.2,-24.4
121.32,-12.8,-13.1,-69.9,-72.4,-25.2
121.33,-12.8,-13.2,-70.0,-72.4,-25.5
121.34,-12.9,-13.4,-69.6,-72.2,-25.8
121.35,-13.4,-13.8,-69.9,-72.9,-26.4
121.36,-13.6,-14.2,-70.0,-73.0,-26.9
121.37,-14.2,-14.6,-70.1,-73.1,-27.3
121.38,-14.6,-15.0,-70.9,-73.4,-27.7
121.39,-15.0,-15.4,-70.8,-73.3,-28.0
121.40,-15.3,-15.7,-70.8,-73.1,-28.4
121.41,-15.5,-15.7,-71.0,-73.2,-28.7
121.42,-15.5,-15.7,-71.3,-73.1,-28.9
121.43,-15.1,-15.4,-71.8,-73.0,-29.1
121.44,-15.1,-15.2,-71.8,-72.8,-29.2
121.45,-14.7,-15.0,-71.4,-72.5,-29.3
121.46,-14.6,-14.9,-71.6,-72.7,-29.2
121.47,-14.6,-14.8,-71.5,-73.0,-29.4
121.48,-14.5,-14.7,-71.5,-73.2,-29.5
121.49,-14.6,-14.8,-72.1,-73.7,-29.7
121.50,-14.8,-14.9,-71.7,-73.7,-30.1
121.51,-14.6,-14.9,-71.4,-73.5,-30.2
121.52,-14.6,-14.8,-71.7,-73.6,-30.5
121.53,-14.4,-14.6,-71.7,-73.7,-30.5
121.54,-14.0,-14.4,-71.8,-73.5,-30.8
121.55,-14.2,-14.3,-71.9,-73.8,-31.0
121.56,-14.2,-14.4,-72.0,-74.0,-31.2
121.57,-14.4,-14.6,-71.4,-73.2,-31.1
121.58,-14.6,-14.9,-71.1,-73.1,-31.4
121.59,-15.5,-15.6,-70.6,-72.5,-31.5
121.60,-16.4,-16.6,-70.7,-72.4,-31.6
121.61,-17.2,-17.4,-69.3,-72.6,-31.3
121.62,-18.6,-18.9,-68.6,-72.6,-31.4
121.63,-21.3,-21.8,-68.7,-72.9,-31.6
121.64,-22.8,-23.3,-68.2,-73.5,-31.7
121.65,-25.2,-26.3,-68.3,-74.0,-31.9
121.66,-27.0,-29.4,-68.5,-74.0,-32.1
121.67,-29.1,-33.0,-68.5,-74.4,-32.2
121.68,-28.2,-32.1,-68.0,-74.5,-32.3
121.69,-28.0,-31.7,-68.7,-74.4,-32.6
121.70,-27.1,-29.3,-69.3,-73.9,-33.0
121.71,-25.2,-26.1,-69.6,-73.8,-33.6
121.72,-21.8,-22.1,-70.1,-73.9,-34.0
121.73,-18.5,-18.5,-71.5,-73.8,-34.5
121.74,-15.4,-15.4,-71.3,-73.8,-35.3
121.75,-13.9,-14.0,-71.0,-73.9,-35.9
121.76,-13.3,-13.3,-71.2,-73.8,-36.4
121.77,-12.8,-12.9,-71.0,-74.0,-37.1
121.78,-12.9,-13.0,-70.8,-74.0,-37.7
121.79,-13.6,-13.7,-70.2,-74.3,-38.2
121.80,-14.5,-14.5,-69.6,-74.4,-38.8
121.81,-15.6,-15.6,-69.3,-74.1,-38.9
121.82,-17.4,-17.5,-69.1,-74.1,-39.2
121.83,-20.7,-20.8,-68.4,-74.1,-39.2
121.84,-25.0,-25.2,-67.7,-73.6,-38.9
121.85,-31.2,-32.0,-67.7,-73.7,-38.7
121.86,-34.1,-36.9,-67.9,-73.6,-38.4
121.87,-33.1,-36.6,-68.2,-73.8,-37.7
121.88,-29.5,-31.0,-69.7,-73.8,-37.4
121.89,-22.1,-22.3,-70.6,-74.1,-37.0
121.90,-18.0,-18.1,-71.0,-73.9,-37.1
121.91,-15.0,-15.1,-71.2,-74.0,-37.0
121.92,-13.7,-13.8,-71.1,-73.8,-37.5
121.93,-13.4,-13.4,-70.9,-73.7,-38.0
121.94,-13.6,-13.6,-71.0,-73.9,-38.5
121.95,-14.6,-14.6,-71.1,-74.0,-38.7
121.96,-16.2,-16.3,-71.3,-74.0,-39.1
121.97,-17.6,-17.6,-71.7,-74.3,-39.4
121.98,-18.1,-18.1,-71.7,-74.2,-39.7
121.99,-18.6,-18.6,-71.2,-73.9,-40.1
122.00,-18.5,-18.5,-71.2,-74.0,-40.5
122.01,-18.2,-18.2,-70.9,-73.9,-41.0
122.02,-17.1,-17.2,-71.1,-74.0,-41.3
122.03,-16.0,-16.0,-71.1,-74.5,-41.5
122.04,-15.1,-15.2,-71.3,-74.6,-42.1
122.05,-14.5,-14.6,-71.2,-74.6,-42.5
122.06,-14.2,-14.2,-70.9,-74.6,-42.8
122.07,-14.1,-14.1,-70.6,-74.6,-42.7
122.08,-14.2,-14.2,-70.5,-74.6,-43.4
122.09,-14.3,-14.3,-70.7,-74.6,-43.2
122.10,-14.4,-14.5,-71.3,-74.8,-43.2
122.11,-14.4,-14.5,-71.4,-74.8,-43.3
122.12,-14.5,-14.5,-71.6,-74.7,-43.5
122.13,-14.6,-14.7,-71.8,-74.7,-43.3
122.14,-14.9,-15.0,-71.1,-74.4,-43.9
122.15,-15.2,-15.2,-71.1,-74.4,-44.0
122.16,-15.4,-15.4,-71.1,-74.4,-43.8
122.17,-15.6,-15.7,-71.3,-74.5,-44.4
122.18,-15.8,-15.9,-71.6,-74.6,-44.1
122.19,-15.8,-15.9,-72.2,-74.6,-43.7
122.20,-15.7,-15.8,-72.0,-74.5,-42.7
122.21,-15.5,-15.6,-71.7,-74.5,-42.3
122.22,-15.5,-15.5,-71.4,-74.5,-41.5
122.23,-15.6,-15.6,-71.5,-74.6,-41.1
122.24,-16.4,-16.4,-71.7,-74.7,-40.8
122.25,-17.8,-17.8,-72.0,-74.7,-40.7
122.26,-20.3,-20.4,-72.2,-74.4,-40.2
122.27,-24.7,-25.1,-72.0,-74.2,-39.2
122.28,-31.7,-33.9,-71.6,-74.1,-38.0
122.29,-33.4,-38.2,-71.2,-74.2,-37.1
122.30,-33.6,-39.0,-70.6,-74.2,-36.5
122.31,-33.7,-38.6,-70.7,-74.4,-36.4
122.32,-31.1,-33.7,-70.6,-74.3,-36.4
122.33,-24.3,-24.8,-70.9,-74.2,-36.9
122.34,-22.6,-22.9,-71.2,-74.1,-37.7
122.35,-22.2,-22.5,-71.6,-74.2,-38.4
122.36,-22.0,-22.3,-71.2,-74.2,-39.0
122.37,-21.7,-22.0,-71.5,-74.4,-39.4
122.38,-21.9,-22.0,-71.2,-74.4,-39.4
122.39,-20.3,-20.3,-70.8,-74.3,-39.0
122.40,-18.5,-18.6,-70.6,-74.2,-38.4
122.41,-17.3,-17.4,-70.6,-74.3,-37.6
122.42,-16.8,-16.9,-70.6,-74.5,-37.1
122.43,-16.7,-16.7,-70.5,-74.6,-37.0
122.44,-16.5,-16.6,-70.7,-74.3,-37.1
122.45,-16.6,-16.6,-70.8,-74.3,-37.1
122.46,-16.5,-16.5,-71.3,-74.2,-37.5
122.47,-16.0,-16.0,-71.5,-74.0,-38.0
122.48,-15.3,-15.3,-71.8,-73.9,-37.5
122.49,-14.4,-14.4,-72.4,-74.0,-36.4
122.50,-13.6,-13.6,-72.1,-73.7,-34.0
122.51,-12.7,-13.0,-70.6,-73.1,-29.3
122.52,-12.2,-12.6,-69.7,-72.8,-26.9
122.53,-12.4,-12.8,-69.5,-72.7,-25.6
122.54,-12.9,-13.3,-69.6,-72.5,-24.9
122.55,-13.4,-14.0,-69.3,-72.7,-24.7
122.56,-14.4,-14.8,-69.7,-72.5,-25.2
122.57,-15.4,-15.8,-69.9,-72.3,-25.7
122.58,-16.3,-16.9,-69.7,-71.7,-26.3
122.59,-17.1,-17.5,-69.3,-71.5,-26.7
122.60,-17.4,-17.9,-70.7,-72.0,-27.3
122.61,-17.3,-18.0,-70.9,-72.4,-27.5
122.62,-17.4,-18.0,-70.9,-73.0,-27.7
122.63,-17.4,-18.0,-72.1,-73.8,-28.1
122.64,-17.2,-17.7,-72.1,-74.0,-28.5
122.65,-17.2,-17.5,-72.0,-73.9,-28.9
122.66,-17.1,-17.4,-72.1,-73.6,-29.1
122.67,-17.0,-17.2,-72.9,-73.9,-29.5
122.68,-16.6,-16.9,-72.7,-74.3,-29.8
122.69,-16.4,-16.6,-73.2,-74.4,-30.4
122.70,-15.9,-16.1,-72.4,-74.6,-30.6
122.71,-15.5,-15.7,-71.8,-74.7,-31.0
122.72,-15.2,-15.4,-71.8,-74.0,-31.0
122.73,-15.0,-15.1,-72.0,-73.9,-31.4
122.74,-14.9,-15.0,-71.7,-74.0,-31.7
122.75,-14.9,-15.1,-72.1,-74.2,-32.2
122.76,-14.9,-15.2,-72.5,-74.1,-32.6
122.77,-15.2,-15.4,-71.9,-73.7,-32.8
122.78,-15.4,-15.6,-71.7,-73.2,-33.0
122.79,-15.7,-15.8,-72.0,-73.3,-33.0
122.80,-15.8,-15.8,-72.3,-73.6,-33.0
122.81,-15.8,-15.8,-71.9,-73.9,-33.2
122.82,-16.3,-16.4,-72.6,-74.3,-33.5
122.83,-17.1,-17.3,-72.7,-74.3,-33.2
122.84,-18.6,-18.9,-71.9,-74.1,-32.7
122.85,-20.4,-20.9,-71.1,-73.7,-32.5
122.86,-22.0,-22.7,-71.5,-74.1,-32.0
122.87,-22.5,-23.2,-71.5,-74.4,-32.0
122.88,-22.4,-23.0,-71.4,-74.5,-32.4
122.89,-22.9,-23.6,-71.8,-74.7,-32.5
122.90,-22.9,-23.8,-71.9,-74.8,-32.6
122.91,-21.4,-22.1,-71.7,-74.2,-32.7
122.92,-20.1,-20.4,-71.3,-74.1,-32.6
122.93,-19.0,-19.2,-71.3,-73.7,-32.4
122.94,-17.6,-17.7,-72.0,-73.7,-32.7
122.95,-16.5,-16.6,-72.3,-74.0,-32.9
122.96,-15.5,-15.6,-72.5,-73.8,-32.9
122.97,-14.8,-14.8,-72.7,-73.7,-32.8
122.98,-14.2,-14.3,-72.5,-73.6,-33.2
122.99,-14.0,-14.0,-72.4,-73.6,-33.1
123.00,-14.0,-14.0,-71.4,-73.2,-33.9
123.01,-14.3,-14.3,-70.9,-73.2,-34.2
123.02,-14.7,-14.7,-70.5,-73.4,-34.3
123.03,-15.2,-15.2,-70.5,-73.6,-34.3
123.04,-15.8,-15.8,-70.8,-73.9,-34.1
123.05,-16.9,-17.0,-71.3,-74.3,-33.6
123.06,-18.3,-18.5,-71.7,-74.3,-33.5
123.07,-20.3,-20.6,-72.1,-74.3,-33.6
123.08,-23.2,-23.9,-72.2,-74.3,-33.4
123.09,-28.6,-30.8,-72.5,-74.0,-33.6
123.10,-30.0,-33.5,-72.9,-74.2,-33.9
123.11,-32.5,-37.9,-72.7,-74.2,-34.3
123.12,-30.5,-33.5,-72.6,-74.1,-34.9
123.13,-24.5,-24.9,-72.0,-74.2,-35.5
123.14,-18.9,-19.0,-71.6,-73.9,-35.8
123.15,-16.8,-16.9,-71.5,-73.7,-36.2
123.16,-15.5,-15.6,-71.6,-73.8,-36.6
123.17,-14.7,-14.8,-72.1,-74.1,-36.8
123.18,-14.4,-14.4,-72.5,-74.4,-37.5
123.19,-14.7,-14.8,-72.1,-74.6,-38.2
123.20,-15.1,-15.2,-72.0,-74.3,-38.9
123.21,-15.8,-15.9,-71.6,-74.0,-38.8
123.22,-16.3,-16.4,-71.8,-74.1,-39.1
123.23,-16.9,-17.1,-72.1,-74.3,-38.9
123.24,-17.0,-17.1,-72.1,-74.7,-38.8
123.25,-16.1,-16.2,-72.3,-75.3,-38.7
123.26,-15.4,-15.4,-72.1,-75.3,-38.5
123.27,-15.0,-15.0,-71.6,-75.0,-38.5
123.28,-14.8,-14.9,-71.5,-75.0,-38.2
123.29,-14.9,-15.0,-71.5,-74.8,-38.1
123.30,-15.1,-15.2,-71.5,-74.7,-38.2
123.31,-15.5,-15.5,-71.6,-74.8,-38.3
123.32,-15.8,-15.8,-71.8,-75.1,-38.5
123.33,-16.0,-16.0,-71.9,-75.1,-38.9
123.34,-16.2,-16.2,-72.2,-75.4,-39.0
123.35,-16.3,-16.4,-72.5,-75.5,-39.0
123.36,-16.4,-16.4,-72.2,-75.1,-38.6
123.37,-16.5,-16.5,-71.8,-74.7,-38.2
123.38,-16.6,-16.6,-72.0,-74.7,-37.9
123.39,-16.6,-16.7,-72.3,-74.9,-37.6
123.40,-16.7,-16.8,-72.2,-74.8,-37.9
123.41,-16.9,-17.0,-72.2,-74.8,-38.1
123.42,-16.9,-16.9,-71.7,-74.6,-38.5
123.43,-16.8,-16.9,-71.4,-74.5,-38.8
123.44,-16.8,-16.9,-71.7,-74.7,-38.8
123.45,-17.0,-17.1,-71.8,-74.9,-37.7
123.46,-17.3,-17.4,-72.0,-75.3,-35.9
123.47,-17.8,-17.9,-72.2,-75.5,-34.7
123.48,-18.1,-18.3,-71.9,-75.0,-33.5
123.49,-19.0,-19.2,-71.7,-74.5,-32.8
123.50,-19.8,-20.1,-71.4,-74.2,-32.7
123.51,-21.1,-21.5,-70.9,-74.0,-32.8
123.52,-23.1,-23.8,-70.9,-74.3,-33.1
123.53,-25.5,-26.5,-71.1,-75.0,-33.8
123.54,-27.2,-28.6,-71.1,-75.1,-34.1
123.55,-29.2,-31.2,-71.0,-74.9,-34.8
123.56,-30.5,-32.7,-71.1,-74.4,-35.6
123.57,-26.5,-27.2,-71.5,-74.5,-36.1
123.58,-23.8,-24.0,-71.1,-74.7,-36.5
123.59,-21.9,-22.1,-70.9,-74.6,-37.2
123.60,-19.5,-19.6,-70.6,-75.2,-37.1
123.61,-17.7,-17.8,-69.9,-75.5,-36.4
123.62,-17.1,-17.2,-69.4,-75.3,-36.6
123.63,-16.7,-16.8,-69.2,-74.9,-36.4
123.64,-16.4,-16.5,-68.9,-74.8,-35.7
123.65,-17.3,-17.4,-69.4,-74.8,-35.5
123.66,-18.6,-18.7,-70.2,-74.7,-36.1
123.67,-19.7,-19.9,-71.0,-75.0,-35.6
123.68,-22.8,-23.1,-72.1,-75.2,-35.5
123.69,-26.3,-27.1,-72.3,-74.8,-35.6
123.70,-30.0,-31.7,-72.4,-74.9,-35.8
123.71,-33.4,-38.0,-72.6,-75.0,-36.1
123.72,-34.7,-42.1,-72.4,-75.0,-36.6
123.73,-34.3,-41.5,-72.2,-74.8,-36.5
123.74,-33.6,-38.2,-72.2,-74.4,-37.0
123.75,-24.8,-25.8,-71.2,-73.8,-35.1
123.76,-22.9,-23.8,-71.2,-73.7,-34.4
123.77,-20.5,-21.2,-71.2,-73.6,-31.6
123.78,-17.0,-17.5,-71.3,-73.5,-29.3
123.79,-15.0,-15.4,-70.9,-73.2,-27.7
123.80,-14.0,-14.4,-70.9,-73.0,-26.9
123.81,-13.5,-13.9,-70.9,-72.9,-26.2
123.82,-13.7,-14.0,-71.0,-73.3,-26.4
123.83,-14.6,-14.9,-71.1,-73.6,-26.6
123.84,-15.8,-16.2,-71.3,-73.3,-27.3
123.85,-16.7,-17.2,-70.7,-72.3,-27.6
123.86,-17.1,-17.6,-70.1,-71.4,-27.9
123.87,-17.0,-17.6,-70.3,-71.2,-28.2
123.88,-17.0,-17.5,-70.6,-71.4,-28.4
123.89,-17.3,-17.7,-70.9,-71.9,-28.8
123.90,-17.4,-17.7,-71.1,-72.7,-29.5
123.91,-16.7,-16.9,-71.1,-73.1,-30.0
123.92,-16.2,-16.4,-70.6,-73.3,-30.6
123.93,-15.3,-15.4,-70.3,-73.1,-30.7
123.94,-14.5,-14.6,-70.1,-72.6,-30.9
123.95,-14.3,-14.4,-70.5,-73.0,-31.1
123.96,-14.0,-14.1,-70.3,-72.9,-31.2
123.97,-14.0,-14.1,-70.5,-73.2,-31.2
123.98,-13.9,-14.0,-70.8,-73.1,-31.4
123.99,-14.1,-14.2,-71.5,-73.5,-32.1
124.00,-14.1,-14.3,-71.8,-73.6,-32.3
124.01,-14.2,-14.3,-71.5,-73.2,-31.9
124.02,-14.3,-14.4,-71.8,-73.8,-31.9
124.03,-14.3,-14.4,-71.6,-73.5,-31.6
124.04,-14.4,-14.6,-71.0,-73.2,-31.4
124.05,-13.4,-13.6,-71.4,-73.6,-31.4
124.06,-13.0,-13.2,-72.3,-74.3,-31.9
124.07,-12.5,-12.6,-71.8,-73.8,-32.5
124.08,-12.4,-12.5,-71.4,-73.5,-32.7
124.09,-12.6,-12.8,-71.6,-73.5,-33.0
124.10,-13.3,-13.5,-71.2,-72.9,-33.6
124.11,-14.2,-14.5,-70.8,-72.4,-34.2
124.12,-14.8,-15.1,-70.3,-72.3,-34.6
124.13,-15.0,-15.2,-70.6,-72.5,-35.0
124.14,-15.0,-15.2,-70.1,-72.3,-35.6
124.15,-15.2,-15.4,-70.1,-72.6,-35.0
124.16,-15.4,-15.6,-70.9,-73.1,-34.6
124.17,-15.5,-15.7,-71.5,-73.9,-34.3
124.18,-15.6,-15.7,-71.7,-74.4,-33.5
124.19,-15.5,-15.7,-70.5,-74.4,-33.0
124.20,-15.3,-15.4,-69.8,-73.8,-33.2
124.21,-15.0,-15.2,-69.8,-73.7,-33.6
124.22,-14.8,-15.0,-69.6,-73.3,-33.7
124.23,-14.9,-15.0,-70.0,-73.6,-33.8
124.24,-14.9,-15.0,-71.8,-74.7,-34.1
124.25,-14.9,-15.0,-71.8,-75.1,-34.1
124.26,-15.0,-15.1,-70.5,-74.6,-34.2
124.27,-14.9,-15.1,-69.5,-73.9,-34.3
124.28,-15.4,-15.5,-68.1,-73.3,-34.3
124.29,-15.9,-16.1,-67.3,-72.9,-33.7
124.30,-16.8,-17.0,-67.5,-73.1,-33.8
124.31,-18.3,-18.6,-68.4,-73.7,-33.8
124.32,-20.5,-20.8,-69.7,-74.7,-33.9
124.33,-23.3,-24.0,-71.0,-74.3,-33.5
124.34,-27.4,-28.9,-70.8,-73.5,-33.1
124.35,-30.7,-36.1,-70.4,-73.2,-32.9
124.36,-31.0,-39.1,-70.4,-73.2,-32.5
124.37,-30.8,-39.4,-70.7,-73.4,-32.2
124.38,-30.7,-37.2,-71.8,-74.4,-32.8
124.39,-27.8,-30.9,-72.1,-74.6,-32.1
124.40,-26.8,-29.2,-72.4,-74.8,-32.1
124.41,-24.5,-25.5,-72.2,-74.3,-33.7
124.42,-19.9,-20.3,-72.0,-73.9,-33.9
124.43,-17.6,-17.8,-72.6,-74.0,-34.3
124.44,-16.1,-16.2,-73.5,-74.4,-35.4
124.45,-14.7,-14.8,-72.9,-74.0,-34.6
124.46,-14.0,-14.1,-71.5,-73.2,-34.2
124.47,-13.8,-13.9,-71.3,-73.1,-34.6
124.48,-13.8,-13.8,-70.8,-72.5,-34.6
124.49,-13.6,-13.6,-70.1,-71.9,-34.7
124.50,-13.5,-13.5,-70.7,-72.2,-34.8
124.51,-13.4,-13.4,-71.6,-72.5,-33.9
124.52,-13.6,-13.6,-71.1,-72.0,-33.2
124.53,-13.9,-14.0,-70.7,-71.9,-32.9
124.54,-14.7,-14.8,-70.0,-71.3,-32.5
124.55,-15.4,-15.5,-69.3,-70.7,-32.1
124.56,-15.9,-16.0,-68.9,-70.5,-32.5
124.57,-15.7,-15.8,-69.6,-70.9,-33.2
124.58,-15.3,-15.4,-70.6,-71.5,-33.5
124.59,-15.0,-15.1,-71.9,-72.7,-33.8
124.60,-15.2,-15.3,-72.1,-73.1,-34.5
124.61,-15.8,-15.9,-71.0,-72.6,-34.3
124.62,-17.3,-17.4,-70.4,-72.5,-34.6
124.63,-19.6,-19.8,-70.4,-72.4,-35.3
124.64,-23.8,-24.1,-70.8,-72.7,-37.0
124.65,-28.5,-29.4,-71.5,-73.4,-37.5
124.66,-32.7,-35.3,-72.3,-74.1,-37.4
124.67,-33.6,-37.6,-71.8,-73.7,-36.7
124.68,-33.0,-38.1,-71.5,-73.6,-35.2
124.69,-30.8,-34.5,-70.9,-73.4,-33.9
124.70,-27.3,-28.5,-71.5,-73.7,-34.0
124.71,-24.6,-25.4,-72.3,-74.0,-32.9
124.72,-21.5,-21.9,-72.3,-74.0,-32.9
124.73,-19.2,-19.4,-72.2,-73.1,-32.6
124.74,-17.8,-18.0,-72.0,-72.4,-32.3
124.75,-16.4,-16.6,-71.0,-71.7,-32.2
124.76,-15.6,-15.7,-71.1,-71.5,-31.7
124.77,-14.8,-14.9,-70.9,-71.2,-31.6
124.78,-14.1,-14.2,-70.9,-70.6,-31.3
124.79,-13.7,-13.8,-71.1,-70.7,-31.3
124.80,-13.4,-13.4,-71.6,-71.2,-31.2
124.81,-13.2,-13.3,-71.7,-71.6,-31.3
124.82,-13.1,-13.2,-71.1,-72.2,-31.3
124.83,-13.2,-13.2,-70.4,-72.4,-31.4
124.84,-13.1,-13.2,-70.2,-72.6,-31.3
124.85,-13.5,-13.6,-70.0,-72.4,-31.5
124.86,-14.5,-14.6,-70.4,-72.8,-31.8
124.87,-15.3,-15.5,-71.8,-74.1,-31.0
124.88,-15.2,-15.5,-71.8,-74.5,-30.0
124.89,-14.7,-14.9,-71.5,-73.5,-29.6
124.90,-13.7,-13.9,-71.3,-73.1,-29.5
124.91,-13.1,-13.3,-70.9,-72.8,-29.4
124.92,-13.0,-13.2,-70.9,-72.8,-30.6
124.93,-13.4,-13.6,-71.4,-72.8,-31.9
124.94,-14.2,-14.3,-72.1,-73.6,-32.4
124.95,-14.4,-14.5,-72.5,-74.1,-32.7
124.96,-14.2,-14.3,-71.9,-73.3,-32.6
124.97,-14.0,-14.1,-71.3,-72.8,-32.1
124.98,-13.9,-14.0,-71.5,-73.0,-31.9
124.99,-13.7,-13.9,-71.0,-72.8,-31.8
125.00,-13.5,-13.6,-70.8,-72.6,-31.6
125.01,-13.5,-13.6,-71.7,-73.6,-31.6
125.02,-13.4,-13.5,-71.7,-74.1,-31.2
125.03,-13.4,-13.5,-71.3,-73.9,-30.3
125.04,-13.2,-13.4,-71.2,-73.9,-29.5
125.05,-13.3,-13.5,-70.9,-73.8,-29.0
125.06,-13.4,-13.6,-70.1,-72.9,-28.8
125.07,-13.5,-13.8,-70.1,-72.8,-28.4
125.08,-13.8,-13.9,-69.8,-72.7,-28.8
125.09,-14.1,-14.3,-68.8,-71.9,-29.1
125.10,-14.3,-14.5,-68.4,-71.8,-29.2
125.11,-14.4,-14.6,-68.6,-71.7,-29.2
125.12,-14.4,-14.7,-68.6,-70.8,-29.2
125.13,-14.3,-14.6,-69.1,-70.8,-28.9
125.14,-14.0,-14.4,-70.0,-70.7,-28.8
125.15,-14.0,-14.4,-70.0,-70.6,-28.9
125.16,-14.2,-14.4,-70.0,-70.8,-29.1
125.17,-14.3,-14.6,-70.3,-71.2,-29.3
125.18,-14.5,-14.7,-70.4,-71.3,-29.7
125.19,-15.0,-15.1,-70.8,-72.1,-29.8
125.20,-15.3,-15.6,-71.2,-71.9,-29.8
125.21,-15.6,-15.9,-71.4,-71.7,-30.2
125.22,-16.1,-16.2,-70.8,-71.6,-30.7
125.23,-16.2,-16.5,-70.1,-71.1,-31.1
125.24,-16.3,-16.5,-70.3,-71.3,-31.5
125.25,-16.4,-16.5,-70.5,-71.5,-31.7
125.26,-15.8,-16.0,-70.9,-71.9,-32.1
125.27,-15.6,-15.7,-72.0,-73.1,-32.3
125.28,-15.1,-15.3,-71.8,-73.3,-32.0
125.29,-15.0,-15.1,-71.1,-72.4,-31.9
125.30,-14.9,-15.1,-70.5,-72.0,-31.5
125.31,-15.1,-15.4,-70.4,-72.0,-31.4
125.32,-15.4,-15.5,-70.9,-72.0,-32.0
125.33,-15.6,-15.8,-71.1,-72.2,-31.7
125.34,-15.7,-15.9,-70.1,-71.9,-31.4
125.35,-15.6,-15.8,-69.4,-70.9,-29.9
125.36,-15.3,-15.6,-69.3,-70.6,-28.4
125.37,-15.2,-15.6,-68.6,-70.4,-27.4
125.38,-15.1,-15.5,-68.7,-70.3,-26.8
125.39,-14.7,-15.2,-70.0,-71.5,-26.8
125.40,-14.6,-15.0,-69.9,-72.1,-27.4
125.41,-14.6,-14.9,-69.3,-72.0,-28.0
125.42,-14.5,-14.7,-69.2,-72.4,-28.9
125.43,-14.5,-14.6,-69.2,-72.1,-30.0
125.44,-14.7,-14.8,-69.2,-71.6,-30.1
125.45,-14.9,-15.0,-69.5,-71.5,-31.0
125.46,-15.0,-15.1,-71.0,-72.2,-31.2
125.47,-15.1,-15.2,-70.8,-71.6,-30.8
125.48,-15.1,-15.3,-70.6,-71.4,-31.2
125.49,-15.1,-15.3,-71.0,-71.7,-31.6
125.50,-15.2,-15.4,-69.8,-71.4,-31.2
125.51,-15.5,-15.6,-69.1,-71.4,-31.3
125.52,-15.8,-16.0,-69.3,-71.6,-31.2
125.53,-16.2,-16.4,-69.4,-72.3,-30.7
125.54,-16.6,-16.8,-68.8,-72.1,-30.7
125.55,-17.1,-17.4,-69.2,-72.6,-30.6
125.56,-17.7,-18.0,-68.8,-73.1,-30.9
125.57,-18.1,-18.5,-67.9,-72.7,-30.5
125.58,-18.7,-19.1,-67.9,-73.0,-30.7
125.59,-19.6,-20.1,-67.9,-73.1,-30.5
125.60,-20.3,-20.8,-67.9,-73.1,-30.8
125.61,-21.1,-21.8,-68.9,-73.6,-30.7
125.62,-22.2,-22.9,-69.1,-73.9,-31.3
125.63,-23.1,-24.0,-69.1,-73.8,-31.3
125.64,-23.7,-25.0,-69.3,-74.2,-30.8
125.65,-24.8,-26.4,-69.6,-74.6,-30.9
125.66,-25.4,-27.5,-70.3,-75.4,-30.3
125.67,-25.9,-29.5,-70.3,-75.1,-29.0
125.68,-26.8,-32.3,-69.6,-74.5,-28.5
125.69,-27.0,-34.4,-68.5,-73.4,-28.1
125.70,-26.9,-37.2,-68.6,-73.3,-27.6
125.71,-27.0,-39.5,-68.3,-73.1,-27.4
125.72,-27.1,-40.4,-68.5,-73.3,-27.5
125.73,-27.5,-41.7,-69.8,-74.5,-27.8
125.74,-27.3,-42.2,-70.5,-75.2,-27.6
125.75,-27.3,-42.6,-70.8,-75.6,-27.5
125.76,-27.5,-42.3,-69.6,-75.1,-27.8
125.77,-27.7,-42.3,-68.6,-74.3,-28.1
125.78,-28.1,-43.4,-68.4,-74.2,-28.4
125.79,-28.5,-43.8,-68.6,-74.9,-28.8
125.80,-29.5,-44.3,-68.9,-75.6,-29.8
125.81,-29.5,-44.8,-68.1,-75.3,-29.7
125.82,-29.5,-44.8,-66.6,-74.4,-29.8
125.83,-30.0,-44.4,-66.8,-74.3,-30.4
125.84,-29.7,-44.4,-67.2,-74.2,-30.0
125.85,-30.2,-44.2,-67.1,-74.4,-30.6
125.86,-30.9,-44.1,-69.1,-75.7,-31.3
125.87,-31.3,-43.9,-70.7,-76.5,-31.8
125.88,-32.0,-43.8,-69.2,-75.6,-32.6
125.89,-31.8,-43.7,-67.9,-74.7,-32.4
125.90,-31.3,-43.8,-68.2,-74.6,-31.8
125.91,-30.6,-43.9,-68.3,-74.7,-31.0
125.92,-29.8,-44.0,-68.4,-74.6,-30.1
125.93,-29.6,-44.4,-70.0,-75.9,-29.9
125.94,-29.6,-44.8,-70.1,-75.0,-29.9
125.95,-29.9,-45.7,-70.7,-73.6,-30.1
125.96,-30.4,-46.7,-70.6,-68.2,-30.6
125.97,-29.2,-39.4,-69.5,-42.3,-30.2
125.98,-24.6,-29.4,-65.0,-33.0,-29.7
125.99,-18.4,-27.7,-64.0,-20.0,-29.4
126.00,-17.3,-26.7,-63.8,-18.6,-29.0
126.01,-16.8,-25.3,-63.8,-18.2,-28.6
126.02,-15.8,-24.3,-64.4,-17.0,-28.7
126.03,-14.9,-24.3,-67.6,-15.7,-28.5
126.04,-16.5,-23.6,-68.3,-17.8,-28.6
126.05,-15.7,-23.1,-68.3,-17.0,-28.1
126.06,-15.2,-22.8,-68.0,-16.3,-28.3
126.07,-16.7,-22.4,-67.2,-18.5,-28.4
126.08,-15.6,-22.1,-67.1,-17.1,-28.2
126.09,-15.2,-21.7,-67.0,-16.6,-28.3
126.10,-16.3,-21.4,-66.3,-18.4,-28.1
126.11,-14.8,-21.1,-64.9,-16.2,-28.0
126.12,-14.8,-21.6,-64.6,-16.3,-27.4
126.13,-16.1,-20.4,-63.3,-18.0,-27.6
126.14,-13.4,-17.2,-62.7,-16.3,-27.6
126.15,-12.4,-14.8,-62.8,-16.8,-27.1
126.16,-11.6,-13.5,-62.9,-17.0,-27.2
126.17,-10.9,-12.8,-63.3,-16.2,-27.6
126.18,-11.1,-12.5,-64.5,-17.3,-27.5
126.19,-11.2,-12.9,-65.2,-16.6,-28.5
126.20,-11.7,-13.6,-66.0,-16.6,-29.4
126.21,-12.1,-13.9,-66.6,-17.7,-29.5
126.22,-12.3,-14.5,-67.1,-16.9,-30.1
126.23,-12.6,-14.5,-67.9,-17.5,-29.6
126.24,-13.1,-15.1,-68.1,-17.1,-29.3
126.25,-12.7,-14.8,-67.9,-16.9,-29.9
126.26,-12.9,-14.7,-64.8,-17.8,-30.3
126.27,-12.1,-14.0,-58.6,-17.0,-30.1
126.28,-12.0,-13.9,-50.4,-17.2,-29.2
126.29,-10.4,-13.5,-14.9,-17.8,-25.3
126.30,-8.2,-13.8,-10.9,-17.3,-23.6
126.31,-7.8,-14.0,-10.0,-18.7,-22.2
126.32,-7.9,-14.3,-9.8,-19.4,-21.3
126.33,-7.5,-14.1,-9.8,-18.7,-20.7
126.34,-8.6,-13.9,-12.1,-20.4,-20.9
126.35,-9.3,-13.5,-17.0,-19.0,-20.1
126.36,-9.3,-13.2,-17.6,-19.4,-19.9
126.37,-9.4,-13.4,-18.1,-18.7,-20.1
126.38,-9.7,-13.9,-17.7,-19.5,-20.0
126.39,-10.6,-14.6,-19.5,-20.5,-19.6
126.40,-11.2,-15.2,-19.9,-21.0,-20.1
126.41,-12.2,-16.0,-21.2,-21.2,-19.9
126.42,-12.2,-16.5,-19.8,-20.9,-20.6
126.43,-12.4,-17.1,-19.5,-20.0,-20.8
126.44,-12.7,-17.7,-19.0,-19.6,-21.4
126.45,-12.1,-18.4,-16.3,-19.9,-22.1
126.46,-11.6,-18.9,-15.6,-20.0,-22.7
126.47,-12.5,-19.4,-15.6,-22.1,-23.0
126.48,-12.5,-19.6,-15.5,-23.1,-23.4
126.49,-12.8,-19.2,-16.1,-27.3,-23.2
126.50,-14.0,-18.8,-17.8,-31.5,-22.9
126.51,-14.0,-18.2,-18.5,-37.2,-23.0
126.52,-13.9,-18.0,-18.4,-50.7,-23.1
126.53,-13.7,-17.4,-18.4,-53.8,-23.4
126.54,-13.4,-17.1,-17.6,-63.9,-24.1
126.55,-13.0,-16.7,-17.4,-64.7,-24.9
126.56,-13.2,-16.6,-17.3,-66.0,-25.4
126.57,-13.2,-16.3,-17.3,-67.2,-26.4
126.58,-13.2,-16.5,-17.6,-67.1,-26.0
126.59,-13.7,-16.8,-18.0,-66.6,-26.3
126.60,-13.7,-17.1,-17.4,-65.2,-26.4
126.61,-11.4,-17.5,-12.3,-64.2,-26.5
126.62,-10.1,-17.8,-11.0,-36.3,-26.7
126.63,-10.2,-18.0,-10.8,-29.1,-27.4
126.64,-9.8,-18.2,-10.3,-25.9,-27.2
126.65,-10.8,-17.8,-11.5,-22.8,-26.9
126.66,-11.0,-18.3,-12.0,-22.6,-25.9
126.67,-11.4,-19.1,-12.5,-22.0,-24.7
126.68,-10.5,-20.4,-12.3,-21.3,-24.3
126.69,-10.4,-22.4,-12.5,-22.1,-23.8
126.70,-10.4,-28.2,-12.4,-23.3,-23.2
126.71,-10.3,-33.0,-12.0,-21.7,-24.0
126.72,-12.2,-38.4,-12.8,-21.8,-24.0
126.73,-12.0,-37.4,-12.4,-21.8,-23.5
126.74,-12.3,-31.9,-12.6,-20.5,-23.6
126.75,-11.8,-24.6,-13.1,-20.3,-23.6
126.76,-10.7,-20.1,-13.2,-20.2,-23.7
126.77,-9.0,-18.0,-11.2,-20.2,-24.5
126.78,-8.5,-16.1,-11.1,-21.1,-24.2
126.79,-8.5,-15.0,-11.2,-22.4,-24.6
126.80,-8.8,-14.6,-11.4,-23.6,-25.1
126.81,-9.8,-14.5,-12.4,-29.5,-24.5
126.82,-10.9,-14.6,-14.4,-31.0,-25.0
126.83,-11.9,-15.2,-15.6,-38.2,-25.3
126.84,-12.5,-15.6,-16.4,-61.4,-25.5
126.85,-12.7,-16.5,-16.1,-67.2,-25.4
126.86,-14.0,-17.4,-17.6,-67.7,-25.9
126.87,-14.6,-18.7,-18.1,-67.1,-25.7
126.88,-14.6,-19.6,-17.4,-66.1,-26.0
126.89,-15.5,-21.2,-18.2,-65.6,-25.7
126.90,-14.9,-22.4,-17.3,-59.7,-25.7
126.91,-14.9,-23.1,-17.4,-52.0,-25.3
126.92,-11.0,-20.2,-13.4,-49.8,-25.4
126.93,-9.7,-18.1,-11.7,-46.4,-25.3
126.94,-8.8,-16.4,-11.2,-29.4,-24.5
126.95,-8.7,-15.2,-11.2,-28.7,-24.5
126.96,-8.4,-14.6,-11.3,-24.1,-23.6
126.97,-10.1,-14.4,-15.2,-23.9,-23.3
126.98,-11.0,-14.7,-16.9,-22.8,-23.5
126.99,-12.0,-15.2,-18.2,-22.6,-23.3
127.00,-12.1,-15.6,-18.7,-22.5,-23.3
127.01,-12.2,-15.7,-19.4,-23.2,-22.0
127.02,-12.3,-15.8,-20.3,-23.4,-21.4
127.03,-12.3,-15.7,-21.0,-26.3,-20.2
127.04,-11.9,-15.5,-20.9,-26.5,-20.2
127.05,-11.7,-15.1,-20.9,-29.6,-19.3
127.06,-11.6,-14.9,-20.9,-32.3,-20.0
127.07,-11.7,-15.0,-20.9,-31.1,-19.6
127.08,-11.6,-14.8,-21.2,-28.5,-19.8
127.09,-11.2,-14.5,-21.6,-28.7,-19.4
127.10,-12.0,-14.4,-22.4,-29.7,-20.6
127.11,-12.3,-14.6,-23.2,-29.8,-20.2
127.12,-12.4,-14.3,-23.7,-37.8,-21.5
127.13,-12.5,-14.2,-23.9,-45.5,-21.2
127.14,-12.6,-14.4,-23.6,-46.7,-21.4
127.15,-12.6,-14.6,-23.4,-50.7,-21.0
127.16,-12.5,-14.4,-24.2,-51.2,-21.4
127.17,-12.4,-14.5,-24.6,-51.7,-21.1
127.18,-13.3,-14.8,-25.5,-52.1,-22.8
127.19,-12.8,-14.5,-25.1,-52.0,-22.3
127.20,-12.7,-14.4,-24.8,-54.4,-22.7
127.21,-13.0,-14.5,-24.8,-55.3,-23.0
127.22,-12.9,-14.5,-24.1,-55.4,-23.2
127.23,-12.7,-14.4,-24.2,-55.5,-22.9
127.24,-10.8,-14.6,-14.3,-56.2,-23.5
127.25,-8.4,-14.8,-10.3,-55.9,-23.2
127.26,-8.4,-15.0,-10.1,-45.6,-22.3
127.27,-8.2,-14.8,-9.9,-45.3,-22.0
127.28,-8.3,-14.6,-10.0,-41.8,-22.1
127.29,-10.4,-14.2,-13.8,-41.4,-22.2
127.30,-11.8,-14.0,-17.6,-31.7,-23.2
127.31,-11.2,-13.9,-16.2,-26.4,-24.0
127.32,-11.3,-14.1,-16.6,-26.2,-24.2
127.33,-11.2,-14.3,-16.5,-21.9,-25.1
127.34,-11.3,-14.5,-18.0,-21.1,-23.1
127.35,-11.5,-14.1,-19.5,-21.4,-23.0
127.36,-11.4,-13.8,-20.3,-21.1,-23.1
127.37,-11.2,-13.7,-20.7,-21.1,-21.8
127.38,-11.1,-13.6,-19.8,-24.3,-21.9
127.39,-10.5,-14.1,-16.7,-23.5,-22.9
127.40,-8.9,-14.7,-13.4,-23.4,-22.9
127.41,-9.0,-15.3,-12.7,-23.3,-23.3
127.42,-8.6,-15.5,-12.1,-22.4,-25.3
127.43,-8.3,-15.2,-11.6,-22.1,-25.0
127.44,-9.2,-15.1,-12.6,-23.3,-25.2
127.45,-9.2,-15.2,-12.7,-23.1,-25.6
127.46,-9.4,-15.4,-12.6,-25.3,-26.6
127.47,-9.5,-16.2,-12.4,-26.2,-27.3
127.48,-9.9,-16.9,-11.9,-25.9,-28.5
127.49,-9.9,-17.4,-11.4,-26.8,-28.3
127.50,-10.1,-17.8,-11.4,-24.4,-29.2
127.51,-9.7,-17.9,-11.1,-23.3,-28.7
127.52,-9.8,-17.6,-11.7,-22.1,-28.7
127.53,-9.9,-17.4,-12.5,-21.4,-28.6
127.54,-9.8,-17.6,-12.6,-20.9,-28.5
127.55,-10.4,-17.9,-13.2,-20.8,-27.5
127.56,-9.4,-18.3,-10.8,-20.6,-25.0
127.57,-9.8,-18.7,-10.5,-21.1,-23.4
127.58,-9.9,-18.7,-10.8,-21.5,-22.3
127.59,-10.5,-18.5,-11.3,-21.7,-21.2
127.60,-11.0,-17.9,-12.9,-21.5,-20.8
127.61,-12.3,-17.3,-16.4,-21.0,-21.0
127.62,-12.3,-16.3,-18.8,-20.4,-20.7
127.63,-11.5,-15.5,-18.6,-20.5,-20.4
127.64,-10.7,-14.6,-17.8,-20.6,-20.2
127.65,-10.4,-14.0,-16.8,-21.0,-19.9
127.66,-10.3,-13.5,-16.7,-20.9,-19.9
127.67,-10.4,-13.4,-16.0,-20.9,-19.9
127.68,-9.8,-13.4,-15.5,-20.3,-20.4
127.69,-10.2,-13.5,-15.5,-20.6,-20.4
127.70,-10.7,-13.7,-15.6,-20.5,-20.8
127.71,-9.9,-14.1,-14.8,-21.6,-21.1
127.72,-10.4,-14.3,-14.1,-22.4,-21.7
127.73,-10.2,-14.6,-13.0,-24.3,-22.1
127.74,-10.0,-14.7,-13.1,-25.7,-23.1
127.75,-10.2,-14.7,-13.3,-30.8,-23.2
127.76,-10.8,-14.4,-14.4,-32.9,-23.5
127.77,-11.2,-14.5,-14.8,-44.7,-23.5
127.78,-10.9,-14.4,-15.0,-50.0,-23.7
127.79,-11.2,-14.6,-15.3,-55.4,-23.4
127.80,-11.5,-14.4,-15.2,-56.3,-23.4
127.81,-11.5,-14.9,-15.2,-56.5,-23.2
127.82,-11.9,-14.8,-15.9,-60.6,-23.2
127.83,-11.8,-15.2,-15.2,-60.8,-23.1
127.84,-11.8,-15.0,-15.8,-60.6,-23.5
127.85,-12.0,-15.0,-15.4,-62.4,-23.3
127.86,-11.9,-15.1,-15.9,-62.2,-23.2
127.87,-10.0,-15.4,-12.2,-47.8,-23.4
127.88,-10.1,-16.0,-12.0,-32.1,-23.6
127.89,-9.4,-16.1,-11.3,-29.3,-23.3
127.90,-9.3,-16.4,-11.2,-25.1,-23.4
127.91,-9.2,-15.9,-11.4,-22.7,-23.5
127.92,-10.0,-15.7,-12.8,-21.6,-23.6
127.93,-10.2,-14.8,-13.5,-20.1,-23.8
127.94,-10.1,-14.9,-12.9,-19.8,-24.3
127.95,-9.6,-14.7,-12.7,-19.5,-23.8
127.96,-9.8,-15.2,-12.4,-19.9,-23.1
127.97,-9.1,-15.3,-11.9,-20.8,-22.1
127.98,-9.3,-15.9,-12.2,-21.3,-22.0
127.99,-10.0,-16.3,-12.7,-20.7,-21.7
128.00,-9.8,-17.1,-12.4,-21.7,-22.0
128.01,-10.4,-17.8,-13.3,-21.6,-22.1
128.02,-10.7,-18.0,-13.3,-22.7,-22.3
128.03,-9.1,-16.3,-12.2,-23.6,-22.2
128.04,-8.7,-14.8,-11.2,-28.5,-22.7
128.05,-8.7,-14.3,-11.5,-28.8,-22.8
128.06,-8.8,-13.8,-11.7,-34.0,-23.6
128.07,-9.2,-13.4,-12.2,-35.7,-23.7
128.08,-10.7,-14.3,-13.9,-44.2,-24.1
128.09,-11.5,-14.5,-15.6,-58.5,-24.0
128.10,-12.0,-14.7,-16.0,-59.9,-24.8
128.11,-12.1,-15.2,-15.8,-61.2,-25.4
128.12,-12.1,-15.5,-16.0,-67.1,-25.9
128.13,-13.5,-16.3,-18.2,-67.4,-26.4
128.14,-13.7,-17.6,-17.4,-67.6,-26.7
128.15,-14.3,-17.9,-18.7,-67.4,-26.6
128.16,-15.1,-18.5,-19.2,-67.6,-26.6
128.17,-14.8,-18.5,-19.0,-66.5,-26.5
128.18,-12.6,-18.4,-15.4,-63.3,-26.0
128.19,-11.1,-18.3,-13.0,-59.7,-25.9
128.20,-10.4,-17.8,-12.1,-59.0,-24.7
128.21,-10.1,-17.1,-12.0,-56.7,-24.2
128.22,-9.5,-16.6,-11.9,-26.0,-23.6
128.23,-10.4,-15.8,-13.9,-24.6,-22.8
128.24,-10.7,-15.3,-15.8,-23.8,-22.2
128.25,-11.0,-15.4,-16.9,-23.5,-22.0
128.26,-11.3,-15.4,-17.8,-23.7,-22.0
128.27,-11.4,-15.3,-17.6,-28.4,-22.2
128.28,-11.4,-14.9,-18.3,-29.0,-22.5
128.29,-11.6,-14.4,-18.6,-33.6,-23.2
128.30,-11.8,-14.1,-18.8,-33.9,-23.5
128.31,-11.1,-13.8,-18.3,-40.6,-23.2
128.32,-11.3,-13.6,-18.7,-42.1,-23.4
128.33,-10.9,-13.7,-18.6,-37.6,-23.0
128.34,-10.3,-13.8,-15.6,-36.3,-22.9
128.35,-10.0,-13.9,-13.9,-33.8,-23.1
128.36,-10.2,-14.1,-13.3,-33.6,-23.5
128.37,-10.2,-14.5,-12.8,-32.8,-24.0
128.38,-10.1,-14.9,-12.3,-33.5,-23.7
128.39,-10.9,-15.2,-12.9,-36.1,-24.1
128.40,-10.4,-15.3,-13.0,-37.2,-23.9
128.41,-10.4,-15.3,-13.0,-42.3,-24.2
128.42,-9.5,-15.0,-11.5,-52.2,-24.6
128.43,-8.8,-15.0,-10.9,-57.1,-25.5
128.44,-8.8,-15.0,-10.9,-59.0,-25.5
128.45,-8.9,-15.2,-10.6,-60.4,-26.1
128.46,-8.8,-15.4,-10.5,-60.2,-26.3
128.47,-10.7,-15.8,-12.7,-62.7,-26.5
128.48,-11.2,-15.7,-13.9,-62.2,-25.9
128.49,-11.8,-16.1,-14.5,-61.3,-26.0
128.50,-11.1,-16.0,-13.4,-60.8,-25.5
128.51,-9.4,-16.2,-10.8,-37.3,-24.6
128.52,-8.8,-16.1,-10.1,-35.8,-23.8
128.53,-8.7,-16.2,-10.1,-29.7,-23.5
128.54,-8.8,-16.4,-10.3,-27.5,-23.3
128.55,-10.0,-16.7,-12.1,-27.4,-23.2
128.56,-11.8,-17.3,-16.1,-27.3,-22.6
128.57,-12.5,-18.4,-16.8,-25.5,-22.7
128.58,-12.2,-19.7,-15.9,-25.8,-22.1
128.59,-12.2,-21.7,-15.4,-25.3,-22.0
128.60,-11.8,-24.9,-14.3,-23.7,-21.5
128.61,-11.4,-27.9,-14.0,-22.3,-22.0
128.62,-11.3,-31.0,-13.4,-22.4,-22.1
128.63,-11.5,-35.0,-13.7,-21.5,-22.5
128.64,-12.1,-36.0,-14.5,-21.0,-22.7
128.65,-12.3,-34.3,-15.5,-20.4,-23.7
128.66,-12.5,-25.7,-17.0,-20.9,-23.5
128.67,-12.9,-20.9,-18.1,-20.9,-24.4
128.68,-11.6,-17.5,-16.5,-21.8,-24.5
128.69,-11.5,-15.8,-16.0,-21.1,-25.4
128.70,-10.7,-15.2,-14.9,-20.5,-25.3
128.71,-10.4,-15.5,-14.3,-19.9,-25.6
128.72,-10.5,-16.5,-14.5,-19.0,-25.5
128.73,-11.1,-19.2,-14.9,-18.3,-25.5
128.74,-11.9,-22.4,-15.8,-18.8,-26.3
128.75,-12.7,-29.0,-16.6,-18.8,-26.0
128.76,-15.0,-31.7,-18.6,-18.5,-26.2
128.77,-15.5,-36.1,-19.3,-18.8,-26.4
128.78,-13.9,-37.9,-18.4,-18.6,-26.5
128.79,-13.1,-40.0,-17.4,-18.6,-26.1
128.80,-12.8,-36.8,-16.9,-18.3,-25.6
128.81,-12.8,-28.8,-16.6,-19.3,-24.0
128.82,-11.3,-25.7,-13.2,-19.4,-22.2
128.83,-10.2,-24.2,-11.0,-22.1,-20.4
128.84,-10.0,-23.4,-10.9,-21.8,-19.6
128.85,-10.0,-21.8,-11.0,-23.7,-19.1
128.86,-9.3,-16.4,-11.1,-21.4,-19.1
128.87,-10.2,-14.4,-15.4,-21.0,-19.5
128.88,-10.7,-13.5,-18.9,-19.2,-20.4
128.89,-10.1,-12.7,-18.3,-19.2,-21.2
128.90,-10.3,-12.6,-18.1,-18.6,-22.0
128.91,-10.8,-13.6,-17.7,-18.9,-22.5
128.92,-11.3,-14.2,-19.2,-18.5,-22.8
128.93,-12.0,-14.6,-19.4,-18.8,-22.5
128.94,-12.2,-15.1,-20.2,-18.5,-22.9
128.95,-12.3,-15.7,-20.1,-18.3,-23.0
128.96,-12.4,-16.2,-20.5,-18.2,-22.8
128.97,-11.3,-16.7,-16.0,-17.9,-23.5
128.98,-10.3,-16.9,-12.8,-17.8,-24.2
128.99,-10.1,-17.2,-12.0,-17.3,-24.1
129.00,-10.0,-17.1,-11.6,-17.8,-24.7
129.01,-9.8,-17.2,-11.5,-17.4,-25.3
129.02,-10.8,-17.2,-13.5,-17.7,-24.9
129.03,-11.4,-16.9,-16.0,-17.1,-25.3
129.04,-11.7,-16.5,-17.6,-17.5,-25.2
129.05,-11.8,-16.4,-18.4,-17.0,-25.3
129.06,-12.1,-15.9,-19.2,-17.6,-25.0
129.07,-11.8,-16.1,-19.8,-17.1,-24.9
129.08,-11.9,-16.0,-20.3,-17.9,-24.2
129.09,-11.8,-16.3,-21.1,-17.3,-23.9
129.10,-12.0,-16.5,-21.2,-17.9,-23.4
129.11,-12.2,-16.7,-21.7,-17.4,-23.3
129.12,-12.3,-17.0,-22.1,-17.9,-22.6
129.13,-12.0,-16.9,-22.0,-17.4,-22.4
129.14,-12.2,-17.1,-22.3,-17.8,-22.0
129.15,-12.1,-17.4,-22.5,-17.4,-21.9
129.16,-12.1,-17.5,-22.8,-17.7,-21.9
129.17,-12.3,-18.1,-23.0,-17.5,-22.0
129.18,-12.4,-18.0,-23.4,-17.8,-22.4
129.19,-12.7,-18.5,-23.3,-17.8,-23.0
129.20,-12.5,-18.3,-23.5,-17.9,-23.3
129.21,-12.4,-18.0,-23.6,-18.0,-23.3
129.22,-12.6,-18.0,-24.1,-17.8,-23.2
129.23,-12.7,-18.0,-24.1,-18.1,-22.7
129.24,-12.7,-18.5,-24.6,-17.6,-22.3
129.25,-12.8,-18.7,-25.1,-18.0,-22.1
129.26,-13.1,-19.2,-25.1,-17.5,-22.3
129.27,-13.3,-19.2,-25.1,-17.9,-22.6
129.28,-13.2,-19.4,-25.6,-17.4,-23.1
129.29,-12.0,-20.0,-15.5,-18.0,-23.1
129.30,-9.6,-19.9,-10.7,-17.5,-23.0
129.31,-8.6,-17.7,-9.9,-18.2,-22.4
129.32,-8.3,-16.8,-9.7,-17.6,-22.2
129.33,-8.4,-16.1,-9.7,-18.5,-21.8
129.34,-8.8,-15.3,-11.7,-17.8,-21.9
129.35,-11.2,-15.4,-17.8,-18.6,-21.6
129.36,-11.1,-15.7,-18.5,-18.0,-22.0
129.37,-10.5,-16.1,-15.7,-18.5,-22.4
129.38,-8.5,-16.4,-11.9,-17.9,-22.9
129.39,-8.7,-16.5,-11.5,-18.3,-23.9
129.40,-8.5,-16.7,-11.4,-17.8,-24.7
129.41,-8.9,-16.6,-11.7,-18.2,-25.2
129.42,-9.9,-16.4,-14.5,-18.0,-25.7
129.43,-12.3,-16.0,-19.2,-18.5,-26.1
129.44,-11.5,-15.8,-18.4,-18.9,-25.8
129.45,-10.2,-16.0,-13.4,-19.6,-25.6
129.46,-10.0,-16.1,-12.5,-21.1,-25.1
129.47,-10.0,-16.3,-12.4,-20.5,-24.3
129.48,-10.2,-16.7,-12.3,-21.0,-23.8
129.49,-10.2,-16.9,-13.2,-20.0,-23.6
129.50,-11.2,-16.5,-15.8,-19.6,-23.5
129.51,-11.6,-16.4,-17.8,-18.7,-23.4
129.52,-12.0,-16.0,-19.0,-18.5,-23.6
129.53,-12.0,-15.6,-19.9,-18.6,-23.7
129.54,-11.6,-15.1,-20.8,-18.1,-23.8
129.55,-11.8,-15.2,-21.8,-18.3,-23.5
129.56,-11.6,-15.3,-22.2,-17.6,-23.4
129.57,-11.4,-14.9,-22.2,-17.9,-23.1
129.58,-11.1,-14.6,-22.3,-17.5,-23.0
129.59,-11.5,-14.4,-23.3,-17.9,-23.2
129.60,-11.2,-14.3,-19.8,-17.5,-23.1
129.61,-10.7,-14.2,-15.1,-17.6,-23.1
129.62,-10.5,-14.2,-12.8,-17.5,-23.3
129.63,-10.5,-14.2,-11.9,-17.5,-23.6
129.64,-10.2,-14.2,-11.1,-17.9,-23.6
129.65,-9.9,-14.0,-11.4,-17.6,-23.4
129.66,-9.2,-13.7,-12.1,-18.0,-23.6
129.67,-8.9,-13.8,-12.8,-17.7,-23.9
129.68,-8.6,-13.8,-13.0,-18.3,-23.8
129.69,-8.9,-14.0,-13.4,-17.9,-23.9
129.70,-9.5,-14.0,-13.5,-18.2,-24.0
129.71,-9.9,-14.2,-13.4,-17.7,-24.0
129.72,-10.0,-14.2,-13.4,-17.9,-24.0
129.73,-10.1,-14.3,-13.9,-17.8,-24.0
129.74,-9.9,-14.4,-14.3,-17.9,-24.0
129.75,-10.1,-14.5,-14.9,-17.7,-24.5
129.76,-10.1,-14.9,-13.8,-17.5,-24.7
129.77,-9.5,-15.3,-12.1,-17.9,-25.6
129.78,-9.3,-15.5,-11.5,-17.5,-26.3
129.79,-9.0,-15.7,-11.0,-18.2,-26.9
129.80,-8.5,-15.5,-10.9,-17.9,-27.5
129.81,-9.2,-14.5,-12.1,-18.5,-27.7
129.82,-9.8,-14.1,-12.5,-18.4,-27.6
129.83,-9.3,-13.8,-12.9,-18.4,-27.6
129.84,-9.6,-13.4,-13.7,-18.3,-27.7
129.85,-10.2,-13.6,-14.6,-17.8,-27.8
129.86,-9.9,-14.0,-14.8,-17.7,-27.6
129.87,-10.0,-14.1,-15.4,-17.1,-27.6
129.88,-9.5,-14.3,-13.8,-17.5,-27.3
129.89,-9.4,-14.6,-13.3,-17.0,-27.0
129.90,-9.6,-14.7,-12.4,-17.3,-27.0
129.91,-9.0,-14.9,-12.2,-16.9,-26.9
129.92,-9.6,-15.6,-12.5,-17.0,-26.9
129.93,-10.1,-16.0,-12.9,-17.1,-26.8
129.94,-10.0,-15.9,-14.1,-17.0,-26.7
129.95,-10.5,-15.2,-15.0,-16.9,-26.4
129.96,-10.7,-14.4,-16.5,-16.5,-26.3
129.97,-10.5,-14.0,-17.0,-17.0,-25.9
129.98,-10.1,-13.9,-16.5,-16.6,-25.2
129.99,-10.1,-14.2,-15.9,-17.2,-25.0
130.00,-10.0,-15.2,-14.7,-16.7,-24.7
130.01,-9.7,-15.8,-13.9,-17.0,-24.7
130.02,-10.4,-16.3,-14.2,-17.0,-24.5
130.03,-10.4,-16.9,-14.3,-17.1,-24.6
130.04,-10.8,-17.5,-15.5,-17.1,-24.7
130.05,-12.0,-18.4,-17.1,-17.0,-24.9
130.06,-12.8,-19.4,-18.7,-17.3,-24.9
130.07,-12.5,-19.2,-20.0,-16.8,-25.7
130.08,-11.8,-20.0,-14.6,-17.4,-25.6
130.09,-9.4,-19.9,-10.4,-17.8,-24.5
130.10,-9.0,-18.3,-10.0,-18.9,-23.3
130.11,-8.6,-16.8,-9.9,-18.6,-22.6
130.12,-8.7,-15.8,-10.0,-20.0,-21.8
130.13,-9.2,-15.0,-12.7,-19.4,-21.7
130.14,-11.2,-14.9,-18.5,-19.2,-21.8
130.15,-11.3,-15.2,-18.0,-19.1,-22.0
130.16,-11.5,-15.5,-18.2,-19.2,-22.4
130.17,-11.9,-15.8,-18.1,-19.7,-22.8
130.18,-12.2,-16.2,-17.6,-19.0,-22.8
130.19,-10.6,-16.5,-14.0,-19.4,-23.2
130.20,-10.3,-17.0,-13.5,-18.9,-23.5
130.21,-9.8,-17.4,-12.7,-19.1,-23.9
130.22,-9.7,-17.5,-12.5,-19.2,-24.5
130.23,-10.2,-17.5,-13.8,-18.7,-24.9
130.24,-11.2,-17.5,-15.3,-19.4,-25.0
130.25,-11.8,-17.6,-17.0,-18.6,-25.1
130.26,-11.9,-17.3,-18.0,-19.0,-25.0
130.27,-12.3,-17.2,-18.5,-18.9,-24.7
130.28,-12.2,-17.2,-18.8,-18.6,-24.6
130.29,-11.4,-17.5,-14.6,-19.0,-24.7
130.30,-10.5,-17.8,-13.1,-18.4,-24.7
130.31,-10.4,-17.9,-12.6,-18.9,-24.8
130.32,-10.0,-17.9,-12.4,-18.4,-25.2
130.33,-9.9,-17.5,-12.5,-18.7,-25.3
130.34,-11.0,-17.4,-15.2,-18.9,-25.0
130.35,-11.2,-17.4,-16.1,-18.4,-25.1
130.36,-12.0,-17.4,-17.6,-19.1,-25.2
130.37,-11.8,-17.5,-18.2,-18.3,-25.2
130.38,-12.3,-17.5,-19.3,-18.9,-25.7
130.39,-11.8,-17.2,-17.7,-18.6,-25.9
130.40,-9.6,-17.1,-13.2,-18.7,-25.9
130.41,-8.7,-16.9,-10.8,-19.1,-25.7
130.42,-8.6,-16.8,-10.6,-19.0,-25.6
130.43,-8.8,-16.7,-10.5,-19.6,-25.2
130.44,-9.7,-16.6,-11.9,-19.2,-24.8
130.45,-10.9,-16.5,-14.5,-19.2,-24.6
130.46,-11.5,-16.5,-17.4,-18.9,-24.0
130.47,-11.1,-16.6,-17.8,-18.2,-23.3
130.48,-10.9,-16.1,-18.0,-18.0,-22.7
130.49,-11.0,-15.9,-18.5,-17.6,-22.7
130.50,-10.3,-15.8,-14.1,-17.7,-22.9
130.51,-9.6,-15.6,-13.0,-17.8,-23.3
130.52,-9.7,-15.7,-12.5,-17.7,-23.8
130.53,-9.4,-15.7,-12.2,-18.1,-23.9
130.54,-9.4,-15.8,-12.3,-18.1,-23.7
130.55,-10.2,-15.7,-15.1,-17.9,-23.4
130.56,-10.6,-15.8,-16.3,-17.9,-23.0
130.57,-10.8,-15.8,-17.8,-18.3,-22.8
130.58,-11.4,-16.0,-18.8,-18.1,-22.9
130.59,-11.7,-16.0,-19.6,-17.9,-23.2
130.60,-11.1,-16.1,-17.5,-17.8,-23.5
130.61,-10.1,-15.9,-14.6,-18.0,-24.2
130.62,-9.8,-15.9,-14.0,-17.9,-24.8
130.63,-9.3,-15.8,-13.5,-17.8,-25.0
130.64,-9.0,-15.9,-13.1,-17.6,-25.3
130.65,-9.7,-16.0,-14.7,-17.6,-24.9
130.66,-10.7,-16.4,-16.2,-17.5,-24.7
130.67,-10.7,-16.6,-16.8,-17.5,-24.3
130.68,-11.5,-17.4,-17.2,-17.5,-23.9
130.69,-12.5,-18.6,-18.7,-17.5,-23.7
130.70,-12.3,-20.2,-19.2,-17.7,-23.1
130.71,-10.5,-22.0,-14.3,-18.1,-23.2
130.72,-9.2,-25.5,-12.0,-18.5,-22.5
130.73,-9.0,-30.0,-11.2,-18.9,-22.4
130.74,-8.7,-32.3,-10.9,-19.4,-21.7
130.75,-8.9,-36.7,-11.0,-20.2,-21.5
130.76,-10.2,-38.1,-12.3,-21.1,-21.2
130.77,-12.8,-39.3,-15.4,-21.2,-21.0
130.78,-13.4,-39.0,-16.7,-21.2,-21.2
130.79,-13.9,-38.9,-17.5,-20.9,-21.1
130.80,-13.6,-37.8,-17.6,-20.8,-21.3
130.81,-13.9,-36.6,-19.0,-20.7,-21.4
130.82,-12.5,-35.8,-16.6,-20.6,-21.6
130.83,-12.7,-34.2,-16.1,-20.4,-21.7
130.84,-12.6,-32.9,-15.4,-20.1,-21.8
130.85,-12.5,-31.3,-14.9,-19.9,-22.0
130.86,-11.9,-30.4,-14.8,-19.6,-22.1
130.87,-12.9,-29.5,-16.5,-19.7,-22.2
130.88,-12.6,-29.1,-17.1,-20.0,-22.6
130.89,-12.9,-29.0,-17.2,-19.8,-23.1
130.90,-13.4,-29.3,-17.3,-19.6,-23.0
130.91,-14.6,-30.1,-18.1,-19.5,-22.9
130.92,-15.6,-31.7,-17.3,-19.7,-22.9
130.93,-13.4,-33.4,-16.0,-19.5,-23.0
130.94,-13.3,-36.8,-15.5,-19.8,-23.3
130.95,-13.2,-38.9,-14.7,-19.6,-23.5
130.96,-13.0,-40.9,-14.4,-19.5,-23.9
130.97,-13.6,-42.2,-15.2,-19.2,-23.8
130.98,-13.7,-42.7,-15.5,-19.3,-23.4
130.99,-13.0,-43.7,-15.5,-19.2,-23.1
131.00,-12.2,-43.9,-15.9,-19.3,-23.0
131.01,-11.4,-40.8,-15.8,-18.9,-23.1
131.02,-11.1,-30.2,-16.2,-18.6,-23.3
131.03,-10.6,-21.4,-14.0,-18.4,-24.0
131.04,-9.2,-17.9,-11.4,-18.5,-24.7
131.05,-9.4,-16.8,-11.5,-18.6,-25.5
131.06,-9.6,-16.3,-11.5,-19.1,-26.3
131.07,-9.6,-16.2,-11.7,-19.0,-26.2
131.08,-10.1,-17.0,-14.0,-18.8,-26.0
131.09,-11.0,-18.8,-14.7,-18.8,-25.6
131.10,-11.4,-19.6,-14.6,-18.7,-25.4
131.11,-11.4,-20.9,-14.4,-18.8,-25.1
131.12,-12.0,-22.7,-14.7,-19.1,-25.2
131.13,-12.4,-26.7,-14.6,-19.1,-25.5
131.14,-11.5,-32.8,-13.5,-18.9,-25.5
131.15,-10.6,-38.9,-12.6,-18.9,-25.6
131.16,-10.5,-39.7,-12.3,-19.1,-25.5
131.17,-10.5,-38.1,-12.0,-19.3,-25.6
131.18,-11.1,-33.2,-12.8,-19.7,-26.0
131.19,-12.9,-29.3,-14.2,-19.6,-26.5
131.20,-13.3,-21.7,-14.5,-19.5,-27.2
131.21,-11.5,-16.5,-14.1,-19.6,-28.2
131.22,-10.2,-14.0,-14.0,-19.8,-29.0
131.23,-9.3,-12.8,-13.2,-20.3,-29.5
131.24,-8.4,-12.2,-12.0,-20.8,-29.9
131.25,-8.4,-12.4,-11.7,-21.0,-30.6
131.26,-9.5,-13.1,-12.3,-20.9,-30.6
131.27,-9.8,-13.6,-12.8,-20.8,-30.5
131.28,-10.0,-13.9,-13.6,-20.6,-30.3
131.29,-10.8,-13.6,-15.0,-20.1,-30.0
131.30,-10.4,-13.1,-15.6,-20.1,-29.9
131.31,-9.4,-12.7,-13.6,-19.9,-29.8
131.32,-9.0,-12.7,-12.7,-19.6,-29.4
131.33,-8.9,-12.6,-12.3,-19.6,-29.6
131.34,-8.7,-12.7,-12.0,-20.2,-29.5
131.35,-7.9,-13.4,-10.1,-20.7,-26.2
131.36,-8.3,-14.0,-10.2,-21.9,-23.9
131.37,-8.6,-14.1,-10.6,-21.5,-22.6
131.38,-8.6,-14.2,-10.8,-20.8,-21.7
131.39,-9.5,-14.1,-12.3,-20.4,-21.2
131.40,-10.1,-13.9,-15.4,-19.3,-21.6
131.41,-10.0,-13.8,-14.7,-19.2,-21.9
131.42,-9.7,-14.0,-14.9,-18.8,-22.2
131.43,-10.1,-14.0,-14.6,-18.9,-22.7
131.44,-9.8,-14.3,-14.2,-18.7,-22.8
131.45,-10.4,-14.5,-14.8,-18.6,-23.2
131.46,-11.0,-14.7,-16.6,-18.5,-23.2
131.47,-11.4,-14.8,-16.2,-18.6,-23.5
131.48,-11.4,-14.8,-16.1,-18.3,-23.7
131.49,-11.3,-14.7,-15.1,-18.6,-24.1
131.50,-10.7,-14.6,-14.5,-18.3,-24.3
131.51,-10.5,-14.6,-14.4,-18.4,-24.6
131.52,-10.2,-14.5,-14.2,-18.2,-24.8
131.53,-10.0,-14.4,-14.5,-18.0,-25.0
131.54,-10.6,-14.6,-15.4,-18.3,-25.0
131.55,-10.5,-14.6,-16.0,-18.1,-24.9
131.56,-11.2,-14.7,-17.6,-18.2,-25.0
131.57,-11.5,-14.9,-19.2,-18.2,-25.2
131.58,-11.6,-14.9,-18.8,-18.2,-25.2
131.59,-11.4,-14.8,-17.4,-18.2,-25.2
131.60,-10.8,-15.1,-15.5,-18.4,-25.6
131.61,-11.4,-16.3,-15.0,-18.1,-25.7
131.62,-11.8,-17.8,-15.0,-18.5,-25.9
131.63,-12.8,-20.0,-15.2,-18.1,-25.9
131.64,-13.8,-26.9,-16.1,-18.3,-26.0
131.65,-15.7,-32.9,-18.0,-18.1,-26.1
131.66,-15.5,-34.6,-18.8,-18.0,-26.4
131.67,-15.1,-24.0,-19.7,-18.2,-26.5
131.68,-13.4,-17.4,-19.0,-18.1,-26.5
131.69,-12.1,-15.1,-18.1,-18.1,-26.6
131.70,-11.5,-14.1,-17.7,-18.1,-26.8
131.71,-10.7,-13.2,-17.4,-18.0,-27.0
131.72,-10.7,-13.2,-17.4,-17.9,-27.2
131.73,-11.0,-13.7,-18.3,-18.0,-27.2
131.74,-11.6,-14.4,-19.2,-17.7,-27.4
131.75,-12.2,-15.0,-20.8,-18.1,-27.3
131.76,-12.7,-15.8,-21.0,-17.8,-27.5
131.77,-13.8,-17.5,-22.6,-17.9,-27.6
131.78,-14.6,-20.1,-21.8,-17.8,-27.8
131.79,-14.7,-22.8,-20.8,-17.7,-27.9
131.80,-15.1,-26.1,-20.1,-17.7,-28.3
131.81,-14.9,-27.3,-20.2,-17.8,-28.4
131.82,-14.4,-21.6,-20.7,-17.7,-28.1
131.83,-13.4,-17.7,-21.1,-18.0,-28.3
131.84,-12.3,-15.1,-22.5,-17.8,-28.2
131.85,-11.6,-13.7,-23.7,-17.8,-28.2
131.86,-11.3,-13.1,-24.3,-17.8,-27.9
131.87,-11.3,-13.2,-24.2,-17.5,-28.1
131.88,-11.5,-13.5,-23.8,-17.8,-27.7
131.89,-12.3,-14.5,-23.8,-17.6,-27.6
131.90,-12.4,-14.8,-23.6,-17.7,-27.6
131.91,-12.5,-15.0,-23.5,-17.7,-27.4
131.92,-12.6,-15.3,-23.7,-17.6,-27.2
131.93,-12.9,-15.7,-24.3,-17.6,-26.9
131.94,-13.0,-16.1,-24.5,-17.7,-26.9
131.95,-13.3,-16.7,-24.8,-17.5,-26.7
131.96,-13.6,-17.1,-25.3,-17.9,-26.6
131.97,-13.6,-17.3,-25.4,-17.6,-26.8
131.98,-13.7,-17.2,-25.4,-17.7,-26.8
131.99,-13.5,-17.0,-25.5,-17.7,-26.4
132.00,-13.1,-16.5,-25.8,-17.4,-26.6
132.01,-13.1,-16.2,-25.9,-17.6,-26.5
132.02,-12.8,-15.9,-26.2,-17.5,-26.6
132.03,-12.8,-15.7,-26.6,-17.5,-26.6
132.04,-12.8,-15.7,-26.8,-17.7,-26.7
132.05,-12.7,-15.7,-26.6,-17.7,-26.9
132.06,-12.8,-15.7,-26.4,-17.6,-26.9
132.07,-12.8,-15.6,-26.2,-17.8,-27.1
132.08,-12.6,-15.6,-26.0,-17.5,-26.7
132.09,-12.5,-15.6,-26.1,-17.9,-26.8
132.10,-12.4,-15.5,-26.1,-17.6,-26.7
132.11,-12.5,-15.5,-26.5,-17.7,-27.1
132.12,-12.5,-15.5,-26.7,-17.7,-26.8
132.13,-12.5,-15.4,-27.0,-17.5,-26.8
132.14,-12.3,-15.4,-27.1,-17.6,-26.2
132.15,-12.2,-15.5,-27.4,-17.6,-26.0
132.16,-12.4,-15.7,-27.6,-17.6,-25.7
132.17,-12.5,-15.9,-27.8,-17.8,-25.6
132.18,-12.7,-16.3,-27.8,-17.7,-25.5
132.19,-13.0,-16.9,-27.8,-17.6,-25.9
132.20,-13.6,-18.0,-27.9,-17.8,-25.8
132.21,-13.9,-19.3,-27.8,-17.5,-25.7
132.22,-14.5,-21.5,-27.8,-17.8,-25.3
132.23,-15.0,-24.8,-27.7,-17.5,-25.2
132.24,-15.1,-29.0,-27.7,-17.6,-24.9
132.25,-15.0,-33.3,-27.8,-17.6,-24.5
132.26,-15.2,-38.8,-28.1,-17.6,-24.6
132.27,-15.3,-40.7,-28.1,-17.6,-24.5
132.28,-15.7,-38.1,-28.6,-17.8,-25.0
132.29,-15.1,-33.5,-28.3,-17.6,-24.5
132.30,-14.7,-27.0,-28.3,-17.9,-24.5
132.31,-13.7,-19.8,-28.6,-17.7,-24.7
132.32,-12.8,-16.6,-29.1,-17.7,-25.1
132.33,-12.0,-14.9,-29.7,-17.7,-25.4
132.34,-11.7,-13.9,-30.5,-17.5,-25.7
132.35,-11.4,-13.4,-31.2,-17.7,-26.2
132.36,-11.6,-13.6,-31.3,-17.7,-26.0
132.37,-11.7,-13.8,-31.4,-17.7,-26.3
132.38,-11.8,-13.9,-31.5,-17.8,-26.0
132.39,-11.6,-13.7,-31.2,-17.7,-25.9
132.40,-11.3,-13.4,-31.1,-17.6,-25.6
132.41,-11.4,-13.1,-31.3,-17.8,-25.6
132.42,-11.2,-13.0,-31.1,-17.5,-25.3
132.43,-11.4,-12.9,-31.4,-17.9,-25.0
132.44,-10.9,-12.8,-31.7,-17.7,-24.9
132.45,-11.1,-12.9,-31.7,-17.7,-24.6
132.46,-10.9,-13.0,-31.7,-17.6,-24.8
132.47,-11.2,-13.0,-31.6,-17.5,-24.5
132.48,-11.2,-13.1,-31.6,-17.6,-24.3
132.49,-11.4,-13.4,-32.0,-17.7,-24.0
132.50,-11.5,-13.6,-32.5,-17.6,-24.0
132.51,-11.7,-13.9,-32.9,-17.9,-23.9
132.52,-11.8,-14.1,-33.4,-17.8,-24.2
132.53,-11.9,-14.5,-33.3,-17.7,-24.4
132.54,-12.0,-14.6,-33.4,-17.9,-24.4
132.55,-11.9,-14.7,-33.5,-17.6,-24.5
132.56,-12.1,-14.8,-33.1,-17.9,-24.5
132.57,-11.9,-14.8,-33.3,-17.7,-24.4
132.58,-12.2,-14.6,-33.2,-17.8,-24.5
132.59,-11.9,-14.6,-33.0,-17.8,-24.5
132.60,-12.3,-14.6,-32.9,-17.7,-24.9
132.61,-12.2,-14.7,-32.5,-17.6,-24.8
132.62,-12.3,-14.6,-32.3,-17.9,-24.6
132.63,-12.1,-14.6,-32.4,-17.6,-24.3
132.64,-12.3,-14.4,-32.5,-18.0,-24.4
132.65,-12.1,-14.4,-32.8,-17.8,-24.1
132.66,-12.0,-14.2,-33.7,-17.8,-24.4
132.67,-12.1,-14.3,-34.0,-17.8,-24.5
132.68,-12.0,-14.0,-34.1,-17.6,-24.9
132.69,-12.1,-14.0,-34.3,-17.7,-24.7
132.70,-11.9,-13.8,-34.0,-17.7,-24.7
132.71,-11.8,-13.9,-33.7,-17.7,-24.9
132.72,-11.6,-13.8,-33.8,-17.8,-24.8
132.73,-11.8,-13.9,-33.6,-17.8,-24.9
132.74,-11.9,-14.0,-33.8,-17.7,-25.0
132.75,-12.3,-14.2,-33.9,-17.9,-25.7
132.76,-12.2,-14.2,-34.2,-17.6,-26.1
132.77,-12.4,-14.3,-34.3,-17.9,-25.5
132.78,-12.3,-14.2,-34.6,-17.7,-25.0
132.79,-12.2,-14.2,-34.1,-17.8,-24.7
132.80,-12.2,-14.2,-34.2,-17.7,-23.9
132.81,-12.0,-14.2,-33.7,-17.7,-23.5
132.82,-12.0,-14.2,-33.6,-17.7,-23.4
132.83,-12.0,-14.3,-33.7,-17.8,-23.3
132.84,-12.2,-14.5,-34.0,-17.7,-23.4
132.85,-12.5,-14.5,-34.2,-18.0,-23.5
132.86,-12.5,-14.6,-34.6,-17.9,-23.6
132.87,-12.6,-14.5,-34.6,-17.8,-23.9
132.88,-12.6,-14.5,-34.6,-17.9,-24.1
132.89,-12.4,-14.4,-34.7,-17.7,-24.5
132.90,-12.1,-14.2,-34.9,-17.9,-24.9
132.91,-12.0,-14.0,-35.0,-17.7,-25.2
132.92,-11.9,-13.9,-35.3,-17.8,-25.4
132.93,-11.6,-13.7,-35.3,-17.8,-25.3
132.94,-11.8,-13.9,-35.3,-17.8,-25.7
132.95,-11.8,-14.0,-35.5,-17.7,-25.5
132.96,-11.9,-14.3,-35.5,-18.0,-25.1
132.97,-12.2,-14.4,-35.7,-17.7,-24.9
132.98,-12.4,-14.5,-35.9,-18.0,-24.6
132.99,-12.6,-14.5,-36.1,-17.7,-24.1
133.00,-12.4,-14.3,-36.2,-17.7,-24.0
133.01,-12.4,-14.2,-36.3,-17.7,-24.2
133.02,-12.3,-14.2,-36.5,-17.6,-23.9
133.03,-12.3,-14.2,-36.8,-17.8,-23.8
133.04,-12.0,-14.1,-36.8,-17.8,-23.6
133.05,-12.0,-14.1,-36.7,-17.8,-23.7
133.06,-12.1,-14.2,-36.5,-18.0,-23.5
133.07,-12.0,-14.0,-36.5,-17.9,-23.4
133.08,-12.1,-14.0,-36.9,-17.8,-23.5
133.09,-12.1,-14.0,-36.8,-18.0,-23.3
133.10,-12.2,-14.3,-37.1,-17.7,-23.0
133.11,-12.2,-14.4,-37.3,-18.1,-22.7
133.12,-12.4,-14.6,-37.2,-17.9,-22.4
133.13,-12.3,-14.9,-37.2,-17.9,-22.6
133.14,-12.7,-15.3,-37.2,-17.8,-22.7
133.15,-12.8,-15.5,-37.3,-17.8,-23.2
133.16,-12.9,-15.6,-37.1,-17.8,-23.2
133.17,-13.3,-16.1,-37.0,-17.9,-23.5
133.18,-13.6,-16.8,-37.2,-17.8,-23.3
133.19,-14.1,-17.7,-37.3,-18.1,-23.3
133.20,-15.0,-19.3,-37.3,-18.0,-23.0
133.21,-15.7,-22.0,-37.9,-17.9,-22.9
133.22,-15.8,-25.1,-38.3,-18.0,-23.0
133.23,-15.9,-28.5,-37.9,-17.8,-23.1
133.24,-16.1,-33.3,-37.5,-18.1,-23.3
133.25,-16.1,-36.9,-37.3,-18.0,-23.7
133.26,-16.2,-38.5,-37.0,-18.0,-23.5
133.27,-16.6,-41.3,-37.1,-18.0,-23.5
133.28,-16.7,-40.4,-37.7,-18.0,-23.3
133.29,-16.5,-38.3,-38.0,-17.9,-23.2
133.30,-16.4,-36.7,-38.3,-18.1,-23.2
133.31,-16.0,-35.1,-38.3,-17.8,-23.1
133.32,-16.3,-33.4,-38.5,-18.2,-23.3
133.33,-16.2,-32.2,-38.2,-18.0,-22.9
133.34,-16.8,-31.2,-38.4,-18.0,-23.4
133.35,-16.5,-29.7,-38.7,-18.0,-23.3
133.36,-16.2,-28.3,-39.3,-17.9,-23.2
133.37,-15.8,-27.0,-40.1,-18.0,-22.9
133.38,-15.5,-25.9,-39.5,-18.0,-23.2
133.39,-15.4,-25.4,-34.7,-18.1,-23.3
133.40,-15.6,-24.7,-31.9,-18.2,-23.5
133.41,-16.0,-24.8,-31.1,-18.2,-24.0
133.42,-16.3,-25.4,-30.7,-18.0,-24.4
133.43,-16.0,-25.6,-30.4,-18.2,-24.2
133.44,-15.6,-26.3,-32.0,-18.0,-23.8
133.45,-15.3,-26.0,-33.4,-18.3,-23.6
133.46,-15.3,-26.3,-34.1,-18.1,-23.7
133.47,-15.2,-27.0,-31.8,-18.2,-23.5
133.48,-15.7,-28.3,-30.4,-18.2,-23.9
133.49,-16.0,-30.2,-29.9,-18.2,-23.9
133.50,-16.3,-37.7,-29.5,-18.1,-23.8
133.51,-16.2,-41.0,-29.2,-18.3,-23.5
133.52,-16.2,-42.3,-30.7,-18.2,-23.8
133.53,-16.3,-37.4,-31.7,-18.5,-23.8
133.54,-16.5,-34.6,-32.5,-18.3,-24.2
133.55,-14.8,-19.2,-29.7,-18.2,-25.0
133.56,-13.5,-16.4,-29.1,-18.3,-25.2
133.57,-12.0,-14.0,-28.5,-18.1,-25.4
133.58,-11.5,-13.2,-27.9,-18.3,-25.6
133.59,-11.1,-12.6,-27.6,-18.2,-25.6
133.60,-11.6,-13.1,-28.9,-18.2,-25.2
133.61,-11.8,-13.7,-29.0,-18.3,-24.9
133.62,-12.5,-14.6,-29.1,-18.3,-24.2
133.63,-12.5,-14.8,-29.5,-18.3,-23.6
133.64,-12.5,-15.1,-29.7,-18.5,-23.1
133.65,-12.9,-15.6,-30.1,-18.3,-22.7
133.66,-13.4,-16.0,-30.5,-18.7,-22.2
133.67,-13.3,-16.1,-31.1,-18.4,-21.8
133.68,-13.5,-16.1,-31.4,-18.4,-22.0
133.69,-13.4,-16.2,-31.4,-18.4,-22.3
133.70,-13.4,-16.4,-31.6,-18.3,-22.5
133.71,-13.1,-16.2,-31.6,-18.6,-23.3
133.72,-13.1,-16.1,-31.6,-18.6,-23.9
133.73,-12.8,-15.6,-31.6,-18.7,-24.3
133.74,-12.5,-14.9,-31.7,-19.1,-24.3
133.75,-12.3,-14.3,-31.4,-18.8,-24.2
133.76,-12.4,-14.5,-31.2,-19.3,-24.0
133.77,-13.0,-15.4,-31.2,-19.2,-23.4
133.78,-13.7,-16.6,-30.9,-19.5,-23.5
133.79,-14.6,-19.1,-30.8,-19.5,-22.9
133.80,-15.3,-22.9,-31.1,-19.1,-22.4
133.81,-15.9,-25.7,-31.4,-19.7,-22.0
133.82,-15.4,-26.9,-31.2,-19.0,-22.1
133.83,-15.8,-29.7,-31.4,-19.5,-22.1
133.84,-15.8,-33.7,-31.6,-18.7,-22.4
133.85,-16.8,-35.2,-31.4,-19.5,-23.2
133.86,-15.5,-22.8,-27.7,-19.0,-24.4
133.87,-11.2,-18.8,-14.5,-19.7,-25.4
133.88,-10.0,-16.7,-12.9,-19.6,-26.8
133.89,-9.4,-15.2,-12.2,-19.7,-28.5
133.90,-8.7,-14.0,-11.7,-20.0,-29.0
133.91,-9.0,-13.9,-12.3,-18.5,-29.4
133.92,-10.2,-14.2,-14.7,-18.6,-28.8
133.93,-10.3,-14.4,-16.0,-17.6,-28.3
133.94,-10.6,-15.0,-17.0,-17.6,-27.8
133.95,-11.4,-15.9,-18.0,-17.9,-27.1
133.96,-11.8,-16.3,-18.7,-17.9,-26.7
133.97,-12.3,-16.7,-20.0,-17.8,-26.2
133.98,-12.5,-17.2,-21.1,-17.9,-25.7
133.99,-12.6,-17.2,-22.4,-17.7,-25.3
134.00,-12.6,-16.9,-23.4,-17.8,-25.1
134.01,-12.5,-16.7,-23.5,-17.9,-24.6
134.02,-12.2,-15.7,-23.7,-17.9,-24.6
134.03,-9.7,-15.2,-14.8,-18.0,-24.4
134.04,-7.8,-14.8,-10.8,-17.9,-24.4
134.05,-7.8,-14.4,-10.5,-18.1,-24.3
134.06,-7.7,-14.2,-10.4,-18.2,-23.9
134.07,-8.0,-14.4,-10.5,-18.2,-23.8
134.08,-10.3,-14.3,-15.0,-18.1,-23.7
134.09,-11.4,-14.0,-19.0,-17.9,-23.8
134.10,-11.2,-13.8,-19.0,-18.1,-24.3
134.11,-11.1,-13.8,-19.0,-18.0,-24.3
134.12,-11.2,-13.9,-18.8,-18.0,-24.1
134.13,-11.3,-14.0,-20.7,-17.9,-23.9
134.14,-11.7,-14.0,-22.3,-18.1,-24.2
134.15,-11.4,-14.4,-21.7,-18.0,-24.1
134.16,-11.8,-15.1,-20.9,-18.1,-24.6
134.17,-12.1,-16.0,-20.2,-18.2,-25.3
134.18,-11.1,-17.8,-15.6,-18.3,-26.2
134.19,-10.2,-20.4,-12.4,-18.3,-26.9
134.20,-9.5,-19.6,-11.7,-18.1,-27.5
134.21,-9.2,-17.7,-11.3,-18.4,-28.2
134.22,-8.9,-16.6,-11.3,-18.3,-28.1
134.23,-9.8,-15.5,-13.2,-18.5,-27.9
134.24,-10.7,-15.0,-16.2,-18.3,-27.1
134.25,-11.4,-15.4,-17.5,-18.2,-26.6
134.26,-11.6,-15.7,-18.5,-18.3,-25.9
134.27,-12.1,-16.0,-19.5,-18.2,-25.3
134.28,-12.5,-16.3,-20.2,-18.2,-25.0
134.29,-12.4,-16.4,-20.5,-17.9,-24.2
134.30,-12.3,-16.2,-21.0,-18.0,-23.9
134.31,-12.2,-16.0,-21.3,-17.8,-23.3
134.32,-12.1,-15.8,-21.5,-17.9,-23.2
134.33,-12.0,-15.7,-21.6,-17.9,-23.4
134.34,-10.9,-15.6,-17.3,-17.9,-23.4
134.35,-10.1,-15.3,-14.1,-18.0,-23.9
134.36,-9.6,-15.3,-12.7,-18.2,-24.1
134.37,-9.3,-15.2,-12.0,-18.5,-24.7
134.38,-8.8,-15.2,-11.4,-18.8,-24.5
134.39,-8.9,-15.0,-12.1,-19.0,-24.5
134.40,-9.6,-15.3,-13.5,-19.0,-24.8
134.41,-10.1,-15.8,-14.1,-19.0,-24.9
134.42,-10.0,-16.7,-12.5,-19.2,-25.3
134.43,-10.2,-18.1,-11.2,-19.1,-25.9
134.44,-10.9,-20.5,-10.8,-19.4,-26.8
134.45,-11.2,-23.0,-10.4,-18.8,-26.9
134.46,-11.2,-23.8,-10.3,-19.7,-26.9
134.47,-12.9,-23.2,-12.5,-19.2,-26.8
134.48,-12.7,-21.1,-13.5,-20.1,-26.2
134.49,-11.7,-19.9,-13.8,-19.9,-25.8
134.50,-9.9,-18.5,-12.9,-20.4,-25.0
134.51,-8.6,-17.1,-11.3,-20.2,-24.3
134.52,-8.2,-16.0,-10.9,-20.4,-23.8
134.53,-8.5,-15.2,-11.1,-20.7,-23.4
134.54,-9.1,-14.8,-11.5,-20.3,-23.1
134.55,-10.1,-14.5,-13.6,-20.1,-23.3
134.56,-12.3,-14.6,-17.1,-19.9,-23.3
134.57,-11.8,-14.7,-16.4,-19.3,-23.2
134.58,-11.4,-14.7,-14.9,-19.1,-22.5
134.59,-11.2,-14.7,-14.0,-19.0,-22.1
134.60,-10.7,-14.8,-13.3,-19.1,-21.9
134.61,-10.6,-14.9,-13.0,-19.2,-21.6
134.62,-10.1,-14.9,-13.5,-19.0,-21.7
134.63,-9.8,-14.9,-14.0,-18.9,-21.6
134.64,-10.3,-15.0,-15.5,-19.3,-21.6
134.65,-10.7,-15.3,-16.6,-18.8,-21.9
134.66,-10.8,-16.0,-14.4,-19.2,-22.1
134.67,-10.6,-16.2,-13.6,-18.8,-23.3
134.68,-9.9,-16.5,-12.9,-18.9,-24.1
134.69,-9.8,-17.4,-12.2,-18.9,-24.3
134.70,-10.4,-18.1,-13.1,-18.8,-24.5
134.71,-10.9,-18.4,-14.2,-18.8,-24.5
134.72,-12.6,-20.2,-15.7,-19.0,-24.7
134.73,-12.7,-20.5,-16.4,-18.9,-24.7
134.74,-12.8,-20.2,-17.1,-18.6,-24.8
134.75,-13.0,-20.2,-17.3,-18.9,-24.5
134.76,-12.6,-20.0,-17.2,-18.9,-24.3
134.77,-12.1,-19.8,-17.0,-18.9,-23.7
134.78,-11.8,-19.6,-16.5,-18.9,-23.7
134.79,-11.6,-20.2,-16.2,-18.8,-24.1
134.80,-11.6,-19.4,-16.5,-18.9,-24.0
134.81,-11.3,-17.1,-16.2,-19.0,-24.6
134.82,-9.9,-15.7,-13.2,-19.0,-25.2
134.83,-9.7,-15.2,-12.7,-18.9,-25.0
134.84,-9.3,-14.5,-12.3,-19.3,-25.1
134.85,-9.2,-14.6,-12.2,-19.1,-25.4
134.86,-10.1,-15.2,-13.3,-19.2,-25.0
134.87,-11.2,-15.9,-15.6,-19.4,-25.2
134.88,-11.6,-16.2,-16.8,-19.0,-25.3
134.89,-12.0,-16.5,-17.3,-19.2,-24.9
134.90,-12.8,-17.4,-18.6,-18.8,-24.8
134.91,-13.1,-17.4,-19.2,-19.0,-24.3
134.92,-13.9,-17.7,-20.1,-19.1,-24.2
134.93,-13.9,-17.8,-21.2,-19.0,-23.9
134.94,-13.9,-17.6,-22.2,-18.9,-23.8
134.95,-13.6,-17.3,-22.4,-18.7,-23.8
134.96,-13.1,-17.2,-22.3,-18.8,-23.9
134.97,-12.7,-17.0,-22.3,-18.6,-23.7
134.98,-12.5,-16.3,-22.5,-18.6,-23.6
134.99,-12.3,-16.0,-23.1,-18.5,-23.1
135.00,-12.8,-16.0,-24.2,-18.6,-22.8
135.01,-12.9,-15.8,-25.2,-18.4,-22.9
135.02,-13.1,-15.9,-26.0,-18.5,-23.0
135.03,-13.4,-16.1,-26.3,-18.6,-23.2
135.04,-13.3,-16.3,-26.9,-18.6,-24.0
135.05,-13.1,-16.5,-26.8,-18.6,-24.2
135.06,-12.6,-16.7,-26.5,-18.3,-23.5
135.07,-12.7,-17.2,-26.2,-18.4,-23.8
135.08,-13.1,-18.2,-26.2,-18.4,-23.9
135.09,-14.0,-19.6,-26.4,-18.4,-24.3
135.10,-14.7,-21.9,-26.6,-18.4,-25.1
135.11,-16.7,-25.4,-27.1,-18.4,-26.2
135.12,-17.3,-30.1,-27.5,-18.5,-27.1
135.13,-12.7,-34.3,-14.0,-18.5,-28.3
135.14,-11.0,-37.2,-11.9,-18.8,-29.6
135.15,-10.5,-38.9,-11.2,-19.3,-31.5
135.16,-10.3,-41.3,-10.8,-20.7,-34.7
135.17,-10.2,-43.6,-10.7,-21.0,-38.1
135.18,-13.8,-44.4,-14.0,-24.5,-40.4
135.19,-15.0,-43.8,-15.7,-25.8,-41.2
135.20,-16.3,-42.6,-16.8,-28.2,-40.4
135.21,-17.0,-42.1,-17.6,-31.4,-39.0
135.22,-17.7,-41.2,-18.3,-37.3,-37.9
135.23,-18.3,-40.2,-19.1,-44.0,-36.9
135.24,-18.9,-39.3,-19.8,-47.8,-36.1
135.25,-19.8,-39.1,-20.6,-55.0,-36.2
135.26,-19.9,-38.7,-20.9,-64.2,-35.8
135.27,-20.2,-39.2,-21.1,-66.0,-36.6
135.28,-20.4,-40.0,-21.2,-69.2,-37.4
135.29,-13.6,-41.3,-13.7,-69.7,-38.3
135.30,-9.6,-42.2,-9.7,-69.6,-39.4
135.31,-8.9,-43.2,-9.0,-70.5,-41.3
135.32,-8.8,-43.0,-8.9,-71.2,-42.6
135.33,-8.9,-42.5,-8.9,-72.0,-45.5
135.34,-11.0,-41.9,-11.0,-73.1,-46.2
135.35,-17.3,-41.3,-17.3,-74.5,-46.9
135.36,-17.3,-40.2,-17.4,-74.9,-46.0
135.37,-17.8,-39.2,-17.9,-74.9,-44.6
135.38,-17.4,-38.1,-17.6,-75.2,-43.8
135.39,-19.0,-37.0,-19.3,-74.8,-41.8
135.40,-19.2,-36.7,-19.5,-74.0,-40.9
135.41,-19.8,-36.8,-20.2,-73.6,-40.4
135.42,-19.0,-37.7,-19.3,-73.0,-39.7
135.43,-19.0,-39.5,-19.2,-71.9,-39.9
135.44,-17.8,-41.5,-18.1,-70.4,-40.6
135.45,-11.6,-44.0,-11.7,-69.1,-41.2
135.46,-10.8,-46.0,-10.9,-68.7,-41.9
135.47,-10.3,-45.8,-10.4,-68.7,-40.8
135.48,-10.1,-45.3,-10.2,-68.8,-38.9
135.49,-11.2,-45.8,-11.3,-69.9,-36.3
135.50,-13.6,-45.9,-13.9,-70.3,-33.7
135.51,-15.2,-46.8,-15.7,-69.4,-31.1
135.52,-16.3,-47.1,-17.1,-68.9,-29.8
135.53,-16.8,-46.7,-17.8,-68.6,-29.5
135.54,-17.4,-45.9,-18.5,-68.5,-29.0
135.55,-17.9,-45.0,-19.2,-68.7,-29.3
135.56,-18.3,-44.7,-19.8,-69.2,-29.8
135.57,-18.6,-44.6,-20.1,-69.5,-29.8
135.58,-18.9,-45.3,-20.5,-68.4,-29.6
135.59,-19.0,-45.9,-20.6,-68.0,-29.7
135.60,-18.5,-46.0,-20.0,-66.9,-29.6
135.61,-17.2,-45.8,-18.2,-66.5,-29.7
135.62,-16.5,-46.9,-17.2,-66.4,-30.1
135.63,-16.1,-46.3,-16.7,-66.9,-30.2
135.64,-15.8,-46.5,-16.3,-67.7,-30.5
135.65,-16.5,-46.6,-16.9,-68.5,-31.0
135.66,-17.5,-43.3,-18.3,-69.6,-30.8
135.67,-18.5,-40.9,-19.4,-70.5,-31.2
135.68,-18.7,-39.8,-19.8,-69.2,-30.6
135.69,-14.9,-39.2,-15.3,-69.1,-30.5
135.70,-13.9,-38.8,-14.2,-69.3,-30.5
135.71,-13.3,-39.6,-13.6,-68.8,-30.1
135.72,-13.0,-40.7,-13.3,-68.6,-29.1
135.73,-13.8,-40.9,-14.1,-69.1,-29.0
135.74,-15.4,-40.6,-16.0,-68.4,-29.3
135.75,-17.1,-41.2,-17.8,-68.3,-29.8
135.76,-14.1,-41.4,-14.5,-68.3,-30.8
135.77,-9.6,-39.9,-9.7,-67.6,-32.3
135.78,-8.5,-37.7,-8.6,-68.5,-33.6
135.79,-8.4,-34.9,-8.4,-68.8,-33.6
135.80,-8.2,-33.1,-8.3,-69.3,-33.3
135.81,-9.6,-32.3,-9.7,-70.1,-33.7
135.82,-11.2,-32.0,-11.4,-72.4,-33.3
135.83,-12.5,-32.5,-12.7,-73.6,-33.3
135.84,-12.1,-34.1,-12.2,-73.9,-33.3
135.85,-12.2,-36.3,-12.3,-73.8,-33.3
135.86,-12.8,-37.9,-12.9,-73.7,-32.8
135.87,-12.8,-39.0,-12.9,-73.6,-32.8
135.88,-12.6,-37.4,-12.7,-73.0,-32.5
135.89,-12.3,-35.3,-12.5,-72.7,-32.6
135.90,-11.7,-32.3,-11.9,-72.1,-32.2
135.91,-11.7,-30.7,-11.8,-71.1,-32.5
135.92,-11.3,-30.4,-11.5,-70.4,-33.0
135.93,-11.2,-30.4,-11.4,-70.5,-32.8
135.94,-11.4,-31.0,-11.6,-70.4,-32.7
135.95,-11.7,-32.8,-11.9,-70.7,-32.1
135.96,-12.2,-34.6,-12.4,-71.6,-31.4
135.97,-12.4,-35.4,-12.7,-71.6,-30.9
135.98,-12.9,-36.2,-13.2,-71.4,-30.4
135.99,-13.1,-36.4,-13.4,-71.4,-29.8
136.00,-13.0,-35.0,-13.3,-65.7,-29.6
136.01,-11.2,-24.3,-12.4,-61.8,-29.7
136.02,-10.8,-20.1,-12.0,-60.1,-29.5
136.03,-10.0,-17.4,-12.0,-57.6,-29.1
136.04,-9.7,-16.3,-12.1,-56.5,-29.0
136.05,-10.4,-16.0,-13.3,-56.3,-28.8
136.06,-11.8,-16.8,-15.0,-56.5,-29.0
136.07,-12.7,-18.8,-15.6,-56.6,-29.7
136.08,-11.6,-21.0,-13.0,-38.6,-30.9
136.09,-9.5,-17.5,-11.5,-28.3,-32.3
136.10,-8.2,-13.9,-11.0,-22.7,-33.1
136.11,-7.5,-12.5,-10.9,-20.7,-32.7
136.12,-7.4,-11.4,-11.8,-19.0,-32.1
136.13,-7.8,-11.0,-13.0,-18.3,-31.7
136.14,-9.4,-11.5,-16.5,-17.9,-30.8
136.15,-10.1,-12.5,-16.8,-17.9,-30.6
136.16,-9.4,-13.2,-13.5,-17.9,-30.2
136.17,-9.3,-13.9,-12.9,-18.0,-30.3
136.18,-9.1,-13.8,-13.5,-18.0,-30.1
136.19,-9.0,-13.9,-13.4,-17.8,-29.8
136.20,-9.2,-13.7,-15.1,-17.9,-29.9
136.21,-9.8,-13.4,-17.7,-17.8,-29.7
136.22,-10.2,-13.3,-19.6,-18.0,-29.6
136.23,-10.3,-13.0,-19.4,-18.3,-29.9
136.24,-9.1,-12.8,-14.1,-18.6,-30.2
136.25,-9.1,-13.1,-13.1,-18.8,-30.4
136.26,-9.0,-14.1,-12.4,-19.3,-30.4
136.27,-9.5,-15.5,-12.2,-20.1,-29.8
136.28,-10.5,-17.5,-13.2,-20.7,-29.2
136.29,-12.2,-20.4,-15.6,-21.3,-28.1
136.30,-14.1,-23.6,-17.4,-23.5,-27.9
136.31,-14.1,-25.6,-16.8,-26.8,-27.1
136.32,-12.2,-28.3,-13.4,-28.7,-26.8
136.33,-12.1,-30.5,-12.9,-32.6,-27.0
136.34,-11.6,-30.2,-12.4,-36.9,-27.4
136.35,-11.4,-28.8,-12.2,-39.8,-26.6
136.36,-12.5,-27.0,-13.9,-41.4,-27.0
136.37,-13.6,-25.3,-15.9,-39.6,-27.2
136.38,-14.4,-23.1,-18.3,-38.5,-26.9
136.39,-14.0,-20.5,-19.6,-38.6,-26.1
136.40,-10.6,-18.4,-12.9,-38.2,-25.8
136.41,-8.9,-15.1,-11.0,-37.7,-25.1
136.42,-8.0,-12.8,-11.0,-31.5,-23.4
136.43,-7.6,-11.8,-10.9,-23.7,-22.2
136.44,-7.5,-11.5,-11.1,-19.9,-21.8
136.45,-8.1,-11.7,-15.0,-17.7,-21.5
136.46,-8.8,-12.4,-17.8,-17.5,-21.3
136.47,-9.3,-14.0,-17.8,-16.7,-21.1
136.48,-9.2,-14.6,-17.6,-16.7,-21.0
136.49,-9.9,-15.2,-18.5,-18.3,-20.9
136.50,-10.1,-15.5,-20.5,-17.2,-19.9
136.51,-10.5,-16.2,-21.3,-17.6,-19.1
136.52,-11.2,-17.0,-20.8,-18.4,-19.1
136.53,-11.3,-17.2,-19.9,-17.4,-19.1
136.54,-12.1,-17.1,-19.7,-18.5,-19.3
136.55,-11.5,-15.7,-19.4,-17.7,-20.0
136.56,-10.7,-14.2,-19.5,-17.7,-20.3
136.57,-10.0,-12.8,-20.1,-18.4,-20.3
136.58,-9.7,-12.2,-21.5,-18.1,-20.0
136.59,-9.3,-11.3,-22.2,-19.1,-20.0
136.60,-9.1,-11.3,-23.1,-18.4,-19.6
136.61,-8.9,-11.2,-23.3,-18.0,-18.7
136.62,-8.5,-10.6,-23.7,-18.4,-18.2
136.63,-8.5,-11.0,-23.8,-17.9,-17.8
136.64,-8.4,-10.5,-24.3,-18.2,-18.2
136.65,-8.7,-10.8,-24.2,-18.7,-17.9
136.66,-8.5,-11.0,-24.1,-18.1,-18.0
136.67,-8.9,-11.1,-23.6,-19.0,-18.8
136.68,-9.6,-12.0,-23.7,-18.9,-19.6
136.69,-9.5,-12.4,-23.7,-18.7,-19.5
136.70,-10.6,-13.4,-23.9,-19.8,-19.6
136.71,-9.5,-13.9,-14.7,-19.0,-19.1
136.72,-9.0,-14.2,-12.0,-19.6,-18.6
136.73,-8.8,-13.4,-11.4,-19.2,-18.0
136.74,-8.8,-12.9,-11.2,-19.1,-18.1
136.75,-8.1,-12.7,-11.1,-19.0,-17.3
136.76,-8.6,-12.4,-12.9,-18.6,-17.4
136.77,-8.7,-12.0,-16.7,-19.0,-17.5
136.78,-8.1,-12.2,-17.0,-18.0,-17.7
136.79,-8.4,-12.4,-17.5,-18.3,-17.6
136.80,-9.0,-12.7,-17.8,-18.3,-17.5
136.81,-9.4,-13.3,-20.2,-17.8,-17.4
136.82,-9.9,-13.8,-20.9,-18.7,-17.5
136.83,-10.6,-14.1,-22.9,-17.8,-17.8
136.84,-10.7,-14.5,-23.2,-17.9,-18.5
136.85,-10.5,-14.8,-23.3,-18.0,-18.8
136.86,-10.9,-14.8,-22.9,-17.5,-18.7
136.87,-11.5,-14.9,-23.5,-18.7,-18.9
136.88,-11.0,-14.8,-24.0,-18.0,-19.1
136.89,-11.1,-14.7,-24.4,-17.2,-19.2
136.90,-11.2,-14.7,-25.4,-17.9,-19.4
136.91,-10.8,-14.8,-26.0,-17.2,-19.6
136.92,-10.9,-14.7,-26.1,-17.0,-20.1
136.93,-11.3,-15.0,-25.8,-17.7,-20.0
136.94,-11.0,-15.6,-25.7,-16.8,-20.1
136.95,-11.8,-16.2,-25.7,-17.2,-20.6
136.96,-12.6,-17.3,-25.7,-17.5,-20.6
136.97,-12.2,-18.9,-25.6,-16.9,-19.9
136.98,-12.1,-19.3,-25.8,-17.9,-18.8
136.99,-12.0,-20.1,-25.9,-17.4,-17.6
137.00,-11.6,-20.9,-26.1,-17.6,-16.9
137.01,-11.3,-20.9,-26.6,-18.3,-16.4
137.02,-11.5,-20.8,-27.1,-17.6,-16.2
137.03,-11.1,-19.0,-14.3,-18.5,-16.5
137.04,-9.8,-16.9,-10.5,-18.2,-17.4
137.05,-9.3,-15.5,-10.2,-18.3,-18.9
137.06,-8.9,-14.3,-10.0,-18.8,-20.2
137.07,-8.7,-13.6,-10.1,-17.7,-21.1
137.08,-9.9,-13.7,-14.9,-18.5,-21.4
137.09,-10.1,-13.5,-18.8,-18.3,-21.2
137.10,-10.6,-13.4,-19.6,-18.1,-21.3
137.11,-10.8,-13.4,-19.5,-19.3,-21.3
137.12,-10.7,-13.5,-19.7,-18.2,-22.0
137.13,-10.8,-13.4,-21.9,-18.6,-21.8
137.14,-11.2,-13.6,-23.8,-19.1,-21.5
137.15,-11.1,-13.9,-23.7,-18.4,-21.2
137.16,-11.3,-14.0,-24.2,-19.7,-20.7
137.17,-11.1,-14.1,-23.1,-18.6,-20.5
137.18,-11.3,-14.3,-23.1,-18.3,-20.9
137.19,-11.3,-14.1,-23.5,-19.6,-20.3
137.20,-10.9,-14.0,-24.1,-18.7,-19.7
137.21,-10.7,-13.8,-24.6,-18.7,-19.4
137.22,-10.5,-13.4,-27.1,-18.8,-18.9
137.23,-9.9,-13.0,-28.9,-17.6,-18.9
137.24,-9.8,-12.8,-28.8,-17.5,-19.5
137.25,-9.7,-12.2,-28.5,-17.6,-20.0
137.26,-9.2,-11.7,-27.8,-17.1,-19.1
137.27,-9.0,-11.2,-26.7,-18.1,-18.7
137.28,-8.6,-10.8,-27.0,-17.7,-18.4
137.29,-8.4,-10.5,-27.1,-18.3,-18.2
137.30,-8.6,-10.5,-26.9,-18.6,-18.0
137.31,-8.8,-11.0,-27.2,-17.7,-18.3
137.32,-9.2,-11.5,-28.0,-18.1,-19.2
137.33,-9.8,-12.0,-27.4,-17.8,-20.2
137.34,-9.5,-12.9,-15.9,-18.0,-20.9
137.35,-9.2,-13.3,-12.0,-18.6,-22.2
137.36,-8.4,-12.7,-11.0,-17.7,-23.3
137.37,-8.2,-12.6,-10.8,-18.5,-24.3
137.38,-8.3,-12.4,-10.7,-18.7,-25.3
137.39,-8.7,-12.0,-13.0,-17.8,-26.1
137.40,-9.0,-11.7,-16.7,-18.9,-26.0
137.41,-9.4,-11.7,-18.3,-17.9,-26.4
137.42,-9.4,-11.6,-19.3,-17.9,-25.9
137.43,-9.5,-11.5,-19.6,-18.8,-24.6
137.44,-9.6,-11.8,-21.5,-18.0,-22.5
137.45,-10.1,-12.6,-22.0,-18.6,-21.5
137.46,-10.2,-13.1,-23.7,-18.7,-20.5
137.47,-9.9,-13.2,-22.9,-18.1,-19.8
137.48,-9.8,-13.0,-23.0,-18.7,-19.9
137.49,-9.4,-12.5,-22.7,-18.2,-20.6
137.50,-9.3,-12.4,-22.3,-18.3,-20.5
137.51,-9.7,-12.3,-22.1,-19.3,-20.8
137.52,-9.8,-12.4,-22.1,-17.9,-20.5
137.53,-9.8,-11.9,-22.0,-18.4,-20.4
137.54,-9.4,-12.0,-21.8,-18.3,-19.4
137.55,-9.0,-11.9,-22.4,-17.6,-19.0
137.56,-9.4,-12.2,-23.4,-18.6,-19.3
137.57,-9.1,-12.5,-24.1,-17.3,-19.2
137.58,-9.4,-12.9,-25.7,-17.7,-19.0
137.59,-10.1,-12.9,-28.2,-17.6,-19.7
137.60,-9.7,-12.6,-28.3,-17.0,-19.7
137.61,-9.7,-12.2,-28.2,-17.7,-20.3
137.62,-9.5,-12.0,-28.7,-16.9,-20.7
137.63,-9.3,-11.9,-29.0,-17.2,-20.8
137.64,-9.7,-12.0,-28.8,-17.9,-21.8
137.65,-9.8,-12.4,-29.4,-17.1,-22.2
137.66,-9.5,-12.8,-16.0,-18.1,-21.6
137.67,-8.9,-13.3,-11.3,-19.5,-22.0
137.68,-9.0,-13.7,-10.8,-20.1,-20.9
137.69,-9.1,-14.0,-10.7,-21.8,-20.1
137.70,-9.4,-14.0,-10.6,-24.8,-19.9
137.71,-10.7,-13.6,-14.2,-24.3,-19.9
137.72,-10.6,-12.9,-19.3,-22.0,-20.0
137.73,-10.0,-12.1,-19.4,-22.3,-20.1
137.74,-9.6,-11.7,-19.5,-20.9,-20.5
137.75,-9.3,-11.4,-19.7,-19.8,-20.3
137.76,-9.0,-10.9,-21.1,-20.1,-20.2
137.77,-9.0,-10.7,-21.8,-20.3,-20.0
137.78,-8.8,-10.9,-22.2,-19.4,-19.8
137.79,-9.2,-11.3,-22.1,-20.6,-20.0
137.80,-9.5,-11.7,-22.1,-21.0,-20.1
137.81,-9.8,-12.3,-22.4,-19.8,-20.0
137.82,-10.4,-13.0,-23.0,-20.2,-19.9
137.83,-10.7,-13.5,-25.2,-21.0,-19.1
137.84,-10.9,-13.9,-26.3,-19.4,-19.1
137.85,-10.9,-13.8,-27.9,-19.8,-19.0
137.86,-10.7,-13.5,-28.9,-20.5,-19.2
137.87,-10.9,-13.4,-29.6,-18.8,-19.4
137.88,-10.8,-13.1,-30.9,-19.2,-20.0
137.89,-11.1,-13.0,-33.0,-20.2,-20.5
137.90,-10.9,-13.1,-34.4,-19.1,-20.0
137.91,-11.1,-13.1,-34.3,-19.2,-19.9
137.92,-10.8,-12.9,-34.8,-20.1,-19.5
137.93,-10.3,-12.6,-34.6,-18.9,-19.2
137.94,-10.5,-12.4,-34.3,-19.4,-19.3
137.95,-10.5,-12.2,-33.8,-20.3,-19.7
137.96,-10.1,-12.2,-32.9,-19.5,-19.2
137.97,-9.3,-12.4,-16.7,-19.0,-19.8
137.98,-8.4,-12.6,-11.6,-20.1,-20.2
137.99,-7.6,-12.6,-10.3,-19.0,-20.7
138.00,-7.7,-12.7,-10.1,-19.2,-21.5
138.01,-7.6,-12.8,-9.9,-20.3,-22.1
138.02,-8.6,-12.6,-12.1,-20.5,-22.4
138.03,-9.0,-12.8,-15.2,-19.7,-22.0
138.04,-10.3,-13.7,-16.7,-21.5,-21.8
138.05,-11.4,-14.9,-17.7,-21.4,-21.4
138.06,-12.1,-16.7,-18.2,-20.6,-20.6
138.07,-13.5,-20.7,-19.4,-21.3,-19.7
138.08,-14.0,-28.0,-20.6,-21.7,-19.0
138.09,-13.8,-30.5,-22.1,-20.5,-18.7
138.10,-13.7,-31.5,-21.4,-20.2,-18.9
138.11,-14.3,-31.1,-21.5,-20.9,-19.4
138.12,-14.8,-30.6,-21.7,-20.2,-20.2
138.13,-14.2,-30.4,-22.0,-19.5,-20.5
138.14,-14.7,-26.5,-22.4,-20.5,-20.7
138.15,-12.5,-17.2,-23.7,-20.2,-20.3
138.16,-10.3,-13.0,-24.7,-19.5,-20.3
138.17,-9.5,-11.6,-24.9,-20.6,-19.3
138.18,-8.8,-10.9,-24.4,-19.9,-19.5
138.19,-8.4,-10.3,-24.9,-19.5,-19.8
138.20,-9.1,-11.0,-25.1,-20.5,-19.8
138.21,-9.8,-11.9,-26.0,-20.7,-19.8
138.22,-9.9,-12.6,-29.0,-19.5,-20.2
138.23,-10.1,-12.5,-29.9,-20.5,-19.8
138.24,-10.4,-13.0,-30.0,-20.3,-19.7
138.25,-10.8,-13.8,-31.5,-19.2,-20.4
138.26,-11.5,-15.0,-31.7,-19.8,-20.4
138.27,-12.8,-16.8,-31.8,-20.8,-20.2
138.28,-13.6,-19.7,-31.8,-20.1,-20.5
138.29,-12.2,-21.8,-16.2,-19.8,-20.1
138.30,-9.6,-17.8,-11.7,-20.7,-19.7
138.31,-8.5,-14.5,-11.0,-20.2,-20.4
138.32,-7.9,-12.6,-10.8,-20.2,-21.0
138.33,-7.7,-11.4,-10.7,-21.8,-22.2
138.34,-7.9,-10.7,-12.8,-21.7,-22.9
138.35,-9.1,-10.8,-18.2,-20.6,-22.7
138.36,-9.2,-10.8,-18.3,-21.6,-22.6
138.37,-9.3,-11.0,-18.7,-21.7,-22.6
138.38,-9.3,-11.3,-18.3,-21.2,-21.6
138.39,-9.7,-11.8,-20.1,-22.1,-20.9
138.40,-10.0,-11.8,-20.5,-22.7,-20.8
138.41,-10.2,-12.3,-21.1,-21.1,-20.7
138.42,-10.2,-12.2,-20.8,-21.5,-21.0
138.43,-10.1,-11.6,-22.2,-22.0,-21.3
138.44,-9.8,-11.4,-22.2,-20.5,-21.4
138.45,-9.7,-11.3,-22.6,-21.0,-20.5
138.46,-9.5,-11.3,-24.5,-21.4,-19.5
138.47,-9.6,-11.7,-26.2,-19.9,-19.4
138.48,-9.9,-12.3,-27.0,-19.5,-19.3
138.49,-10.4,-12.6,-28.9,-20.3,-19.3
138.50,-10.3,-12.9,-28.5,-19.4,-19.2
138.51,-10.4,-12.8,-26.7,-19.7,-19.9
138.52,-10.2,-12.5,-26.1,-20.2,-20.2
138.53,-10.3,-12.5,-26.0,-19.7,-20.1
138.54,-10.2,-12.6,-26.1,-19.1,-20.6
138.55,-10.4,-12.8,-26.3,-19.6,-20.5
138.56,-10.7,-13.0,-28.5,-19.4,-20.8
138.57,-11.2,-14.0,-30.0,-18.7,-21.3
138.58,-12.2,-15.1,-30.6,-19.5,-21.4
138.59,-13.0,-16.5,-31.1,-19.7,-22.1
138.60,-13.0,-19.7,-19.1,-18.7,-22.6
138.61,-10.5,-26.8,-12.5,-19.2,-22.8
138.62,-9.1,-32.5,-10.2,-19.8,-23.3
138.63,-8.5,-33.0,-9.8,-19.4,-22.3
138.64,-8.5,-33.5,-9.7,-20.5,-21.5
138.65,-9.6,-33.2,-11.0,-20.9,-21.1
138.66,-11.4,-32.2,-14.2,-20.1,-20.6
138.67,-12.5,-31.7,-16.3,-20.7,-20.2
138.68,-13.0,-32.2,-16.9,-21.1,-20.2
138.69,-13.1,-32.3,-17.3,-19.8,-20.1
138.70,-13.3,-32.1,-17.4,-20.7,-20.1
138.71,-13.9,-33.4,-18.5,-21.1,-20.4
138.72,-14.0,-34.7,-19.6,-19.7,-20.7
138.73,-13.9,-34.6,-19.6,-19.5,-20.8
138.74,-14.1,-34.9,-19.9,-20.5,-21.1
138.75,-14.0,-35.3,-20.2,-19.8,-21.2
138.76,-14.4,-30.8,-20.7,-19.4,-21.4
138.77,-13.9,-23.1,-20.7,-20.8,-21.4
138.78,-12.9,-19.4,-22.2,-20.4,-20.9
138.79,-12.2,-17.3,-23.1,-19.7,-20.7
138.80,-12.0,-16.2,-24.2,-20.5,-20.2
138.81,-11.7,-15.9,-25.0,-21.0,-20.0
138.82,-12.0,-16.3,-25.6,-20.1,-20.4
138.83,-12.4,-17.1,-26.3,-20.3,-20.5
138.84,-13.2,-18.6,-27.0,-20.3,-20.4
138.85,-12.9,-20.6,-26.9,-19.1,-20.2
138.86,-13.5,-22.4,-27.0,-19.6,-19.6
138.87,-14.0,-27.5,-27.8,-19.3,-19.4
138.88,-14.2,-30.3,-28.1,-19.4,-19.5
138.89,-14.2,-26.8,-28.4,-19.6,-19.7
138.90,-14.9,-22.2,-30.8,-19.9,-20.0
138.91,-14.6,-20.5,-32.9,-19.4,-20.1
138.92,-12.1,-19.7,-19.7,-19.5,-18.5
138.93,-9.4,-19.3,-11.6,-19.8,-18.0
138.94,-8.4,-18.9,-10.6,-19.7,-17.9
138.95,-8.5,-19.9,-10.4,-19.8,-17.6
138.96,-8.9,-19.9,-10.4,-21.3,-18.4
138.97,-9.3,-20.1,-11.8,-20.1,-18.5
138.98,-11.0,-19.2,-17.2,-20.3,-18.4
138.99,-10.9,-16.6,-18.4,-20.7,-17.7
139.00,-10.0,-14.5,-19.3,-19.7,-17.6
139.01,-9.5,-13.2,-19.0,-19.9,-17.5
139.02,-10.0,-12.0,-21.0,-20.9,-17.9
139.03,-9.4,-11.4,-21.3,-19.2,-18.3
139.04,-9.6,-11.5,-23.3,-19.7,-18.7
139.05,-9.9,-11.4,-22.7,-20.3,-19.2
139.06,-9.2,-11.1,-22.8,-18.4,-19.3
139.07,-9.2,-11.0,-22.7,-18.7,-19.2
139.08,-9.6,-11.2,-22.3,-20.2,-19.5
139.09,-9.0,-10.9,-22.8,-19.2,-19.5
139.10,-8.6,-10.2,-23.5,-18.9,-19.9
139.11,-8.3,-10.0,-24.2,-20.0,-20.4
139.12,-8.3,-9.9,-24.2,-19.4,-20.8
139.13,-8.0,-9.5,-24.0,-18.9,-21.2
139.14,-8.1,-9.3,-24.7,-19.9,-21.7
139.15,-8.5,-9.6,-24.9,-20.8,-22.0
139.16,-9.0,-10.1,-26.1,-21.4,-22.0
139.17,-9.7,-10.4,-29.0,-21.8,-22.4
139.18,-10.0,-10.9,-31.5,-21.6,-22.6
139.19,-10.8,-11.9,-31.2,-21.7,-22.5
139.20,-11.8,-13.4,-30.4,-21.5,-21.8
139.21,-12.5,-14.9,-29.9,-21.3,-21.4
139.22,-13.6,-17.1,-29.6,-21.5,-20.8
139.23,-14.7,-22.6,-22.6,-21.7,-20.4
139.24,-11.3,-23.1,-13.0,-21.5,-20.0
139.25,-9.6,-18.3,-10.3,-21.0,-20.4
139.26,-8.6,-15.4,-9.8,-20.7,-20.9
139.27,-7.8,-12.9,-9.6,-19.9,-21.2
139.28,-7.8,-11.3,-10.7,-19.0,-22.1
139.29,-8.3,-10.6,-13.9,-19.0,-22.6
139.30,-8.7,-10.4,-17.0,-18.5,-22.7
139.31,-8.5,-10.4,-17.3,-18.4,-22.6
139.32,-8.9,-10.9,-17.7,-18.8,-22.7
139.33,-9.3,-11.4,-17.8,-18.7,-22.7
139.34,-9.6,-11.7,-19.9,-18.3,-23.0
139.35,-9.9,-12.0,-21.0,-18.5,-23.5
139.36,-10.0,-12.0,-20.4,-18.7,-23.7
139.37,-9.8,-12.0,-20.2,-18.2,-23.9
139.38,-9.6,-11.7,-20.3,-18.3,-23.8
139.39,-9.5,-11.7,-20.4,-18.6,-23.5
139.40,-9.7,-11.5,-21.2,-18.3,-23.5
139.41,-9.8,-11.6,-22.7,-18.4,-23.0
139.42,-9.4,-11.6,-23.6,-17.8,-22.4
139.43,-9.5,-11.5,-24.6,-17.8,-22.5
139.44,-9.3,-11.4,-25.5,-17.6,-22.5
139.45,-9.3,-11.3,-26.8,-17.5,-22.6
139.46,-9.7,-11.3,-29.6,-18.1,-23.2
139.47,-10.0,-11.5,-30.3,-18.2,-23.5
139.48,-10.1,-11.7,-29.6,-18.2,-23.8
139.49,-10.4,-11.9,-28.6,-18.8,-23.5
139.50,-10.4,-12.1,-27.2,-18.6,-23.7
139.51,-10.5,-12.4,-27.1,-18.4,-23.7
139.52,-10.6,-12.4,-27.0,-19.3,-23.5
139.53,-10.5,-12.1,-27.8,-18.9,-23.7
139.54,-10.1,-11.8,-28.5,-18.6,-24.1
139.55,-10.1,-11.6,-25.6,-19.7,-24.2
139.56,-8.1,-11.7,-11.9,-19.8,-24.5
139.57,-7.8,-11.7,-10.9,-19.0,-25.0
139.58,-7.7,-11.5,-10.8,-19.0,-25.2
139.59,-8.0,-12.2,-10.8,-18.3,-25.0
139.60,-8.7,-12.1,-12.1,-17.7,-25.3
139.61,-9.6,-11.8,-17.0,-17.8,-25.3
139.62,-10.0,-12.1,-18.8,-17.8,-25.6
139.63,-9.9,-12.3,-18.9,-18.3,-25.5
139.64,-10.1,-12.4,-18.4,-18.4,-25.3
139.65,-10.1,-12.4,-19.3,-17.9,-25.3
139.66,-10.3,-12.6,-19.7,-17.9,-25.2
139.67,-10.4,-12.4,-20.9,-17.7,-25.2
139.68,-10.1,-12.3,-20.3,-17.4,-25.4
139.69,-10.1,-12.3,-21.0,-17.4,-25.0
139.70,-9.9,-12.4,-20.6,-17.5,-24.9
139.71,-9.9,-13.1,-20.3,-17.4,-23.9
139.72,-10.6,-14.3,-21.0,-17.9,-22.9
139.73,-11.6,-15.8,-22.4,-18.8,-22.0
139.74,-12.8,-17.9,-22.9,-20.4,-21.1
139.75,-13.9,-21.3,-24.1,-20.8,-20.1
139.76,-14.4,-25.6,-25.8,-21.7,-19.6
139.77,-14.9,-29.5,-27.1,-21.8,-19.1
139.78,-14.9,-31.4,-27.8,-21.2,-19.0
139.79,-14.4,-31.3,-28.4,-20.5,-18.7
139.80,-14.8,-31.4,-28.3,-20.6,-19.1
139.81,-15.6,-33.0,-27.9,-20.8,-19.7
139.82,-14.8,-34.2,-27.3,-20.4,-19.7
139.83,-15.6,-32.8,-26.6,-21.0,-20.2
139.84,-15.8,-32.7,-26.7,-20.7,-20.5
139.85,-15.0,-32.5,-27.1,-20.5,-20.0
139.86,-15.5,-30.3,-27.5,-20.8,-20.3
139.87,-10.8,-21.7,-13.2,-20.2,-20.7
139.88,-8.7,-16.0,-11.1,-20.4,-21.0
139.89,-8.4,-14.3,-10.7,-22.0,-22.3
139.90,-7.9,-13.0,-10.5,-20.6,-23.1
139.91,-8.1,-12.4,-11.1,-21.2,-23.3
139.92,-9.0,-12.6,-13.4,-20.8,-23.6
139.93,-10.2,-13.1,-17.5,-20.3,-24.0
139.94,-9.9,-13.0,-17.3,-20.5,-23.8
139.95,-9.9,-13.0,-17.4,-20.2,-23.2
139.96,-9.8,-12.7,-17.4,-20.6,-23.1
139.97,-9.8,-12.3,-19.5,-20.6,-22.7
139.98,-9.7,-12.2,-20.3,-20.3,-22.8
139.99,-9.6,-12.0,-20.9,-21.2,-22.4
140.00,-9.7,-12.3,-20.8,-20.0,-22.4
140.01,-10.0,-12.8,-21.2,-19.9,-22.8
140.02,-10.6,-13.7,-21.1,-19.9,-22.8
140.03,-11.1,-15.3,-21.6,-19.1,-21.7
140.04,-11.9,-17.0,-23.3,-18.7,-21.2
140.05,-12.6,-19.0,-24.5,-19.2,-20.8
140.06,-12.2,-20.7,-26.8,-18.2,-19.9
140.07,-12.5,-20.4,-28.3,-18.4,-19.7
140.08,-12.4,-20.4,-29.5,-18.0,-19.4
140.09,-12.9,-21.1,-30.4,-17.6,-18.9
140.10,-13.1,-21.0,-30.7,-17.6,-18.9
140.11,-14.1,-20.8,-30.9,-17.7,-19.2
140.12,-13.9,-20.8,-30.2,-17.8,-19.0
140.13,-14.0,-20.8,-29.8,-17.9,-19.0
140.14,-13.8,-20.1,-29.8,-18.1,-19.6
140.15,-13.8,-19.7,-29.3,-18.1,-19.4
140.16,-13.5,-20.0,-29.7,-18.1,-19.5
140.17,-13.8,-20.2,-30.1,-18.0,-19.5
140.18,-12.8,-19.9,-26.6,-18.1,-18.9
140.19,-9.3,-17.2,-12.1,-18.2,-19.1
140.20,-8.1,-14.4,-10.7,-19.5,-19.3
140.21,-7.5,-12.5,-10.5,-19.6,-19.5
140.22,-7.2,-11.5,-10.5,-19.6,-20.5
140.23,-7.4,-10.9,-11.2,-19.4,-21.0
140.24,-8.8,-11.1,-15.8,-18.8,-21.1
140.25,-9.4,-11.5,-19.6,-17.7,-21.0
140.26,-9.8,-11.9,-19.9,-17.8,-21.0
140.27,-9.8,-12.3,-19.8,-17.8,-20.6
140.28,-10.0,-12.6,-19.8,-17.8,-20.6
140.29,-10.1,-12.9,-21.6,-17.5,-20.6
140.30,-10.6,-13.0,-22.6,-18.1,-20.8
140.31,-10.6,-13.3,-21.3,-17.8,-21.3
140.32,-11.0,-13.6,-21.1,-18.0,-21.4
140.33,-11.0,-13.5,-20.5,-18.0,-21.3
140.34,-10.8,-13.5,-20.4,-17.8,-21.3
140.35,-10.1,-12.6,-20.5,-17.7,-21.2
140.36,-10.2,-12.1,-21.7,-18.8,-21.5
140.37,-10.2,-11.9,-22.7,-19.4,-21.6
140.38,-10.3,-11.8,-24.2,-21.3,-21.8
140.39,-10.7,-11.9,-25.7,-23.1,-22.0
140.40,-11.1,-12.2,-27.0,-25.9,-21.7
140.41,-11.2,-12.2,-28.4,-27.5,-21.4
140.42,-11.4,-12.5,-29.0,-29.2,-21.3
140.43,-11.2,-12.4,-28.6,-35.1,-20.7
140.44,-11.2,-12.6,-27.5,-35.6,-20.7
140.45,-11.2,-13.0,-26.3,-31.4,-20.4
140.46,-11.2,-13.1,-25.7,-31.2,-20.3
140.47,-11.3,-13.2,-26.0,-27.8,-20.5
140.48,-11.4,-13.1,-26.6,-27.8,-20.9
140.49,-11.0,-12.5,-26.9,-26.6,-21.0
140.50,-9.4,-12.4,-14.0,-26.6,-21.9
140.51,-8.1,-11.9,-11.2,-26.8,-22.0
140.52,-7.8,-12.0,-10.5,-26.9,-22.9
140.53,-7.8,-12.2,-10.2,-25.7,-23.3
140.54,-7.6,-12.4,-10.3,-22.1,-24.1
140.55,-8.7,-13.0,-12.2,-21.7,-24.1
140.56,-10.1,-13.4,-16.2,-19.6,-23.9
140.57,-10.7,-14.4,-17.0,-19.5,-23.6
140.58,-11.2,-15.7,-17.2,-19.3,-23.6
140.59,-12.0,-17.3,-17.3,-19.3,-23.3
140.60,-12.9,-19.1,-18.8,-18.7,-23.3
140.61,-13.5,-22.5,-19.4,-19.4,-22.8
140.62,-13.9,-25.8,-20.8,-18.4,-22.4
140.63,-14.9,-29.4,-20.2,-19.2,-22.2
140.64,-14.7,-29.8,-20.5,-18.9,-22.0
140.65,-14.0,-27.3,-20.1,-19.3,-21.4
140.66,-13.0,-19.8,-20.1,-19.3,-21.6
140.67,-12.2,-17.4,-20.8,-20.4,-21.8
140.68,-11.6,-15.6,-22.2,-20.6,-21.9
140.69,-10.9,-14.2,-23.6,-20.2,-21.8
140.70,-10.0,-12.7,-24.7,-20.2,-21.7
140.71,-9.7,-11.8,-25.3,-20.2,-21.6
140.72,-9.5,-11.4,-26.5,-19.7,-21.8
140.73,-9.2,-11.2,-22.5,-19.6,-22.3
140.74,-8.8,-11.5,-14.5,-20.6,-23.4
140.75,-8.8,-12.3,-13.0,-20.3,-24.8
140.76,-8.9,-13.0,-12.4,-20.3,-25.0
140.77,-9.0,-13.5,-12.2,-20.4,-25.6
140.78,-9.4,-13.9,-13.6,-19.3,-25.1
140.79,-10.8,-14.6,-16.4,-19.3,-24.5
140.80,-11.3,-15.7,-18.6,-18.4,-23.4
140.81,-12.2,-17.8,-20.1,-18.9,-22.8
140.82,-11.0,-19.9,-14.4,-18.3,-22.4
140.83,-9.4,-19.9,-11.2,-19.4,-22.0
140.84,-9.2,-17.6,-11.0,-18.8,-22.3
140.85,-9.0,-15.5,-10.9,-19.8,-22.0
140.86,-8.7,-13.7,-10.9,-19.1,-21.5
140.87,-10.0,-12.8,-15.3,-19.4,-21.6
140.88,-10.3,-12.3,-18.5,-18.6,-21.9
140.89,-10.0,-12.1,-18.8,-18.9,-21.7
140.90,-10.1,-12.1,-18.5,-18.8,-22.8
140.91,-9.8,-12.4,-18.5,-18.6,-22.7
140.92,-9.7,-12.3,-19.8,-18.4,-23.0
140.93,-9.4,-12.1,-20.9,-18.0,-22.3
140.94,-9.1,-11.6,-20.9,-18.1,-22.3
140.95,-9.0,-11.5,-20.7,-18.0,-22.2
140.96,-9.2,-11.5,-21.0,-18.1,-22.4
140.97,-9.5,-11.8,-20.9,-18.1,-22.5
140.98,-10.2,-12.3,-21.1,-18.6,-22.9
140.99,-10.8,-13.4,-22.2,-18.2,-22.8
141.00,-11.2,-13.5,-23.1,-20.1,-23.1
141.01,-11.3,-14.2,-24.5,-18.6,-22.7
141.02,-12.0,-14.8,-26.3,-19.4,-22.0
141.03,-12.5,-16.3,-27.5,-19.2,-21.3
141.04,-13.3,-17.9,-29.0,-18.5,-21.5
141.05,-14.0,-21.3,-29.8,-18.1,-20.8
141.06,-14.4,-24.0,-29.9,-18.2,-20.4
141.07,-14.8,-28.1,-29.3,-18.2,-20.4
141.08,-15.0,-30.2,-29.0,-18.2,-20.2
141.09,-14.5,-31.2,-28.7,-18.2,-20.0
141.10,-14.9,-29.5,-28.9,-18.4,-20.2
141.11,-14.7,-27.9,-29.6,-18.5,-20.3
141.12,-15.1,-26.9,-30.3,-18.7,-20.2
141.13,-12.2,-25.8,-15.1,-18.8,-20.6
141.14,-10.0,-25.5,-11.3,-18.9,-21.0
141.15,-9.1,-25.8,-10.3,-19.6,-21.3
141.16,-8.7,-25.7,-10.0,-19.1,-21.8
141.17,-8.6,-26.2,-10.0,-19.0,-22.6
141.18,-9.5,-26.6,-12.3,-18.4,-22.2
141.19,-10.7,-27.3,-15.9,-18.0,-22.1
141.20,-11.8,-28.2,-17.1,-18.0,-21.9
141.21,-11.9,-30.3,-17.9,-17.8,-21.9
141.22,-11.9,-32.4,-17.8,-17.9,-22.0
141.23,-12.9,-34.5,-19.4,-17.8,-21.9
141.24,-13.1,-36.1,-19.8,-17.8,-21.7
141.25,-13.5,-38.2,-21.3,-17.8,-21.3
141.26,-13.2,-35.4,-20.9,-17.8,-20.9
141.27,-13.8,-30.9,-21.2,-18.1,-20.9
141.28,-13.4,-23.4,-20.8,-18.4,-21.1
141.29,-13.2,-22.4,-20.9,-18.8,-21.4
141.30,-13.2,-21.7,-21.6,-19.7,-21.6
141.31,-13.6,-20.5,-23.2,-19.3,-21.6
141.32,-13.2,-18.1,-24.8,-19.9,-21.7
141.33,-11.3,-15.4,-26.8,-17.6,-21.5
141.34,-10.8,-13.9,-27.7,-17.3,-21.6
141.35,-9.9,-12.5,-28.3,-16.4,-22.0
141.36,-9.5,-11.9,-28.7,-16.4,-21.9
141.37,-9.5,-11.7,-29.2,-16.5,-22.5
141.38,-9.8,-12.0,-29.6,-16.8,-22.3
141.39,-9.8,-12.2,-29.8,-16.8,-21.9
141.40,-9.8,-12.4,-29.5,-16.7,-22.0
141.41,-9.9,-12.5,-29.2,-16.7,-22.0
141.42,-10.0,-12.5,-29.1,-16.8,-22.1
141.43,-10.0,-12.2,-29.5,-17.0,-22.7
141.44,-9.7,-11.8,-29.7,-17.1,-22.9
141.45,-8.6,-11.6,-16.0,-17.2,-23.2
141.46,-7.2,-11.9,-11.3,-17.3,-22.9
141.47,-7.2,-12.4,-11.0,-18.2,-22.9
141.48,-7.4,-13.2,-10.8,-18.4,-22.7
141.49,-7.3,-13.0,-10.8,-19.3,-22.9
141.50,-8.9,-12.2,-14.9,-19.0,-23.1
141.51,-9.6,-11.5,-19.8,-19.1,-23.4
141.52,-9.0,-10.9,-19.5,-18.1,-23.5
141.53,-9.1,-10.9,-19.4,-18.4,-23.5
141.54,-9.5,-11.4,-19.2,-17.9,-23.7
141.55,-10.1,-12.0,-20.4,-17.4,-23.6
141.56,-10.8,-12.9,-21.4,-18.0,-23.8
141.57,-10.7,-13.1,-21.5,-17.7,-24.2
141.58,-10.2,-12.5,-21.1,-17.7,-24.7
141.59,-10.0,-12.0,-20.7,-18.2,-24.5
141.60,-9.5,-11.5,-20.3,-17.5,-24.3
141.61,-9.3,-11.3,-20.3,-17.7,-24.2
141.62,-9.4,-11.4,-20.9,-18.0,-23.4
141.63,-9.3,-11.5,-21.3,-17.1,-23.6
141.64,-9.5,-12.0,-22.0,-17.5,-22.9
141.65,-9.7,-12.5,-22.6,-17.0,-23.1
141.66,-10.0,-12.9,-23.0,-16.8,-23.5
141.67,-10.4,-13.0,-23.6,-17.2,-23.7
141.68,-10.2,-13.0,-23.7,-16.5,-23.6
141.69,-10.5,-13.4,-23.8,-16.9,-23.6
141.70,-10.8,-14.2,-24.0,-16.8,-22.9
141.71,-11.2,-14.7,-24.3,-16.9,-22.6
141.72,-11.4,-15.5,-24.5,-17.0,-22.4
141.73,-11.7,-17.3,-24.6,-16.3,-21.7
141.74,-12.0,-18.0,-24.8,-16.7,-21.4
141.75,-12.3,-18.2,-24.6,-17.1,-21.3
141.76,-10.8,-19.2,-15.5,-17.1,-21.6
141.77,-9.7,-19.0,-11.4,-17.1,-22.0
141.78,-8.9,-18.0,-10.3,-16.6,-22.4
141.79,-8.5,-16.3,-10.1,-16.8,-23.4
141.80,-8.2,-15.1,-9.9,-17.1,-24.0
141.81,-8.8,-14.0,-12.2,-16.5,-23.4
141.82,-9.4,-13.6,-15.2,-16.6,-23.5
141.83,-9.5,-13.2,-16.6,-16.5,-23.1
141.84,-9.6,-12.8,-17.5,-16.3,-22.6
141.85,-9.7,-12.7,-17.7,-16.8,-22.6
141.86,-10.0,-12.7,-19.3,-16.3,-22.8
141.87,-10.0,-12.7,-19.7,-16.7,-22.4
141.88,-10.2,-12.7,-21.5,-17.0,-22.4
141.89,-9.8,-12.5,-21.5,-16.4,-22.5
141.90,-9.7,-12.4,-21.9,-17.0,-22.8
141.91,-9.6,-12.5,-21.6,-16.5,-22.9
141.92,-9.7,-12.4,-21.9,-16.8,-22.9
141.93,-10.0,-12.3,-22.2,-17.9,-23.0
141.94,-10.0,-12.2,-23.5,-16.7,-23.2
141.95,-10.2,-12.0,-24.6,-17.7,-22.9
141.96,-9.7,-11.6,-25.9,-17.6,-22.7
141.97,-9.4,-11.3,-26.6,-17.2,-22.7
141.98,-9.3,-10.9,-26.9,-18.5,-22.3
141.99,-9.1,-10.8,-27.3,-17.1,-22.0
142.00,-9.3,-11.2,-27.2,-17.3,-21.7
142.01,-9.4,-11.4,-26.8,-17.9,-21.2
142.02,-9.8,-12.3,-26.5,-17.1,-21.2
142.03,-10.3,-13.1,-26.8,-17.7,-20.7
142.04,-10.7,-14.4,-26.7,-17.1,-20.3
142.05,-11.1,-15.3,-26.8,-17.2,-20.3
142.06,-11.9,-16.1,-26.9,-17.9,-20.5
142.07,-12.0,-17.4,-27.0,-16.8,-20.4
142.08,-11.0,-17.9,-15.8,-17.0,-20.8
142.09,-9.7,-16.7,-11.4,-17.4,-21.0
142.10,-8.9,-15.1,-10.8,-16.4,-21.2
142.11,-8.5,-13.6,-10.7,-17.2,-21.7
142.12,-8.1,-12.7,-10.6,-16.8,-22.0
142.13,-8.9,-12.3,-13.3,-16.6,-22.1
142.14,-9.4,-12.2,-18.8,-17.6,-22.4
142.15,-9.8,-12.4,-18.8,-17.2,-22.7
142.16,-10.0,-12.3,-19.2,-18.0,-22.8
142.17,-10.0,-12.3,-18.8,-17.6,-22.3
142.18,-10.1,-12.2,-20.6,-17.3,-22.1
142.19,-10.1,-12.4,-20.7,-18.1,-21.6
142.20,-10.4,-12.7,-21.9,-17.6,-21.9
142.21,-10.4,-12.9,-21.2,-18.1,-22.1
142.22,-10.0,-13.1,-21.3,-17.9,-22.1
142.23,-10.1,-13.2,-20.9,-17.3,-22.6
142.24,-10.5,-13.2,-20.6,-18.4,-23.2
142.25,-10.4,-13.3,-21.6,-17.7,-23.0
142.26,-10.6,-13.5,-22.2,-17.1,-23.1
142.27,-10.9,-13.4,-23.5,-17.9,-22.9
142.28,-10.4,-13.4,-25.3,-16.3,-22.6
142.29,-10.6,-13.5,-26.7,-16.5,-22.7
142.30,-10.8,-13.5,-28.5,-17.3,-22.4
142.31,-11.0,-13.9,-29.1,-16.6,-22.2
142.32,-11.6,-14.6,-29.4,-17.2,-22.4
142.33,-11.9,-15.2,-29.5,-17.2,-22.2
142.34,-12.1,-15.8,-29.6,-17.1,-22.0
142.35,-12.3,-15.8,-29.5,-17.6,-22.0
142.36,-12.1,-16.2,-29.6,-16.8,-22.2
142.37,-12.3,-16.9,-29.4,-16.8,-22.3
142.38,-13.2,-17.8,-28.9,-17.5,-22.8
142.39,-11.7,-19.0,-17.6,-16.7,-22.7
142.40,-10.8,-21.1,-13.0,-17.4,-23.2
142.41,-9.4,-19.5,-10.5,-17.3,-22.9
142.42,-8.8,-17.1,-10.3,-16.8,-23.0
142.43,-8.3,-14.8,-10.0,-17.8,-23.5
142.44,-8.9,-13.3,-11.8,-16.9,-23.7
142.45,-9.3,-12.5,-14.6,-17.4,-24.1
142.46,-9.5,-12.1,-16.6,-18.0,-24.4
142.47,-9.6,-11.9,-17.4,-17.4,-23.8
142.48,-9.9,-12.4,-18.0,-18.2,-23.3
142.49,-10.5,-12.7,-18.7,-17.7,-22.6
142.50,-10.6,-12.8,-20.1,-17.9,-22.0
142.51,-11.0,-13.1,-21.7,-18.3,-21.8
142.52,-10.5,-12.8,-22.1,-17.4,-21.4
142.53,-10.5,-12.9,-22.7,-18.3,-21.7
142.54,-10.2,-12.6,-22.6,-17.7,-22.0
142.55,-10.1,-12.3,-22.9,-17.5,-22.4
142.56,-10.3,-12.4,-23.3,-18.5,-22.6
142.57,-10.3,-12.9,-24.2,-16.8,-23.1
142.58,-11.1,-13.8,-25.1,-17.3,-23.0
142.59,-11.1,-14.7,-26.4,-16.9,-22.3
142.60,-11.3,-16.7,-27.3,-15.8,-21.8
142.61,-12.0,-18.9,-27.9,-16.0,-21.7
142.62,-12.0,-20.9,-28.8,-15.8,-21.2
142.63,-12.1,-22.6,-29.0,-15.7,-20.7
142.64,-13.4,-26.6,-28.8,-16.8,-20.6
142.65,-12.6,-29.7,-29.0,-15.8,-20.1
142.66,-12.5,-32.7,-29.2,-15.9,-19.3
142.67,-13.0,-33.3,-29.0,-17.0,-19.1
142.68,-12.8,-32.5,-29.0,-16.4,-19.4
142.69,-13.6,-31.9,-28.8,-17.5,-19.8
142.70,-13.6,-31.0,-28.6,-16.9,-20.7
142.71,-12.3,-25.9,-19.3,-16.9,-20.8
142.72,-10.0,-21.5,-12.2,-18.3,-21.2
142.73,-9.2,-19.1,-11.2,-18.0,-21.1
142.74,-8.8,-16.3,-11.0,-18.1,-21.2
142.75,-8.4,-13.8,-11.0,-19.3,-21.5
142.76,-8.5,-12.8,-12.2,-18.8,-21.5
142.77,-9.8,-12.4,-18.6,-19.6,-21.9
142.78,-10.3,-12.5,-18.8,-20.0,-22.5
142.79,-11.2,-13.3,-19.7,-21.0,-23.2
142.80,-11.5,-14.2,-19.3,-21.4,-23.3
142.81,-11.7,-14.3,-20.8,-21.1,-23.3
142.82,-11.4,-13.8,-20.6,-20.6,-23.3
142.83,-11.1,-13.1,-22.2,-20.4,-23.3
142.84,-10.5,-12.6,-21.2,-19.5,-23.4
142.85,-10.5,-12.3,-21.3,-19.7,-23.6
142.86,-10.1,-12.2,-20.4,-19.0,-23.6
142.87,-10.0,-12.1,-20.0,-19.0,-23.4
142.88,-9.9,-12.2,-20.5,-18.3,-23.1
142.89,-10.2,-12.3,-21.0,-18.1,-23.2
142.90,-10.2,-12.6,-22.2,-17.2,-22.7
142.91,-10.3,-12.8,-24.0,-16.7,-22.4
142.92,-10.4,-13.0,-25.4,-16.5,-22.4
142.93,-10.3,-13.1,-26.8,-16.3,-22.5
142.94,-10.6,-13.2,-28.0,-16.6,-22.4
142.95,-10.6,-13.2,-28.7,-16.6,-22.2
142.96,-10.5,-13.1,-29.3,-16.7,-22.2
142.97,-10.3,-12.7,-29.2,-16.6,-22.1
142.98,-10.0,-12.4,-29.0,-16.4,-21.9
142.99,-10.1,-12.8,-28.2,-16.6,-21.8
143.00,-10.6,-13.7,-28.3,-16.5,-21.8
143.01,-11.1,-14.9,-28.1,-16.4,-22.1
143.02,-11.3,-16.7,-20.3,-16.7,-22.5
143.03,-9.7,-19.7,-13.5,-16.5,-22.5
143.04,-8.7,-20.1,-10.6,-17.0,-22.7
143.05,-8.1,-17.9,-10.2,-16.7,-23.0
143.06,-7.7,-15.5,-10.0,-17.2,-23.3
143.07,-8.3,-14.2,-11.3,-16.8,-24.0
143.08,-9.4,-13.2,-14.5,-17.1,-24.1
143.09,-9.7,-12.5,-16.8,-16.8,-24.1
143.10,-9.3,-12.5,-16.8,-16.8,-23.8
143.11,-9.5,-12.6,-17.3,-16.4,-23.6
143.12,-9.3,-12.5,-17.5,-16.4,-23.2
143.13,-9.3,-12.2,-19.4,-16.3,-22.9
143.14,-9.4,-12.1,-21.3,-16.2,-22.8
143.15,-9.4,-11.8,-21.7,-16.3,-22.6
143.16,-9.4,-11.6,-22.0,-16.3,-22.7
143.17,-9.0,-11.3,-22.2,-16.3,-22.4
143.18,-8.9,-11.1,-21.9,-16.4,-22.1
143.19,-8.8,-10.9,-22.0,-16.5,-22.0
143.20,-8.6,-10.7,-23.1,-16.5,-21.1
143.21,-8.6,-10.6,-23.7,-17.1,-20.7
143.22,-8.5,-10.4,-25.4,-17.0,-20.5
143.23,-9.0,-10.5,-27.0,-17.5,-20.0
143.24,-8.8,-10.3,-28.5,-17.5,-20.2
143.25,-8.9,-10.1,-29.7,-17.8,-20.7
143.26,-9.0,-10.1,-29.8,-17.9,-20.9
143.27,-8.9,-10.1,-29.7,-17.8,-21.3
143.28,-9.0,-10.4,-29.4,-17.5,-21.3
143.29,-9.7,-11.4,-28.4,-17.5,-21.2
143.30,-10.4,-13.0,-28.1,-17.1,-20.8
143.31,-11.4,-15.4,-27.9,-17.0,-20.4
143.32,-12.3,-18.5,-27.6,-16.9,-20.2
143.33,-13.0,-23.6,-27.4,-16.6,-19.6
143.34,-12.4,-28.7,-22.3,-16.8,-19.1
143.35,-9.0,-32.2,-11.5,-16.7,-19.1
143.36,-8.7,-32.5,-10.5,-17.2,-19.2
143.37,-8.3,-22.4,-10.3,-16.8,-19.4
143.38,-7.8,-15.6,-10.3,-17.1,-20.3
143.39,-8.2,-13.3,-11.7,-16.9,-20.5
143.40,-9.1,-12.1,-17.4,-17.1,-21.1
143.41,-8.6,-10.7,-18.8,-16.8,-21.6
143.42,-8.4,-10.4,-17.7,-16.9,-22.3
143.43,-8.5,-10.9,-15.5,-16.8,-22.8
143.44,-8.2,-11.3,-14.8,-16.7,-22.9
143.45,-8.7,-12.1,-14.4,-16.9,-22.8
143.46,-8.9,-12.8,-14.6,-16.8,-22.6
143.47,-9.5,-13.1,-16.4,-17.1,-22.4
143.48,-9.3,-12.4,-18.3,-17.1,-22.5
143.49,-9.6,-11.8,-20.4,-17.5,-22.7
143.50,-9.4,-11.5,-22.1,-17.2,-23.3
143.51,-9.6,-11.4,-24.3,-18.1,-23.9
143.52,-10.0,-11.8,-25.1,-18.4,-24.1
143.53,-10.1,-12.1,-25.8,-18.1,-24.0
143.54,-10.1,-12.3,-26.4,-18.3,-23.6
143.55,-10.6,-13.0,-27.2,-17.9,-23.0
143.56,-11.2,-14.2,-27.7,-17.4,-22.3
143.57,-11.9,-15.7,-28.8,-17.2,-21.8
143.58,-12.8,-17.9,-29.4,-17.4,-21.1
143.59,-14.2,-24.2,-29.9,-17.8,-20.2
143.60,-13.7,-28.4,-30.2,-17.4,-19.3
143.61,-13.8,-30.1,-29.9,-17.5,-19.0
143.62,-13.8,-32.5,-29.5,-17.5,-18.8
143.63,-13.5,-31.5,-29.8,-17.3,-18.7
143.64,-13.8,-27.6,-30.2,-17.6,-18.9
143.65,-13.7,-25.8,-24.9,-17.4,-19.4
143.66,-10.4,-24.6,-14.1,-17.6,-19.8
143.67,-9.0,-23.8,-11.4,-17.5,-20.1
143.68,-8.6,-23.7,-10.9,-17.7,-20.2
143.69,-8.4,-23.1,-10.6,-17.6,-20.3
143.70,-8.8,-19.5,-11.7,-17.6,-20.5
143.71,-9.7,-15.9,-13.6,-17.7,-20.8
143.72,-10.6,-13.9,-18.1,-17.6,-21.6
143.73,-9.7,-12.4,-17.7,-17.4,-22.4
143.74,-9.3,-11.5,-18.5,-17.7,-22.0
143.75,-9.2,-11.4,-18.7,-17.3,-21.4
143.76,-9.2,-11.4,-20.8,-17.6,-20.6
143.77,-9.1,-11.4,-22.2,-17.3,-20.2
143.78,-9.1,-11.4,-22.7,-17.4,-20.1
143.79,-9.2,-11.4,-22.4,-17.3,-20.2
143.80,-9.2,-11.4,-22.3,-17.2,-20.9
143.81,-9.4,-11.6,-21.7,-17.5,-21.6
143.82,-9.4,-11.8,-21.6,-17.1,-22.0
143.83,-9.4,-11.9,-22.2,-17.2,-21.9
143.84,-9.5,-12.2,-22.5,-17.1,-21.8
143.85,-10.0,-12.9,-23.7,-17.1,-21.7
143.86,-10.9,-14.1,-25.1,-17.3,-21.4
143.87,-11.7,-15.8,-26.0,-17.5,-21.1
143.88,-13.3,-18.7,-27.3,-17.8,-21.5
143.89,-14.5,-24.8,-28.0,-18.3,-21.0
143.90,-15.6,-29.7,-28.2,-18.3,-20.7
143.91,-15.2,-32.4,-28.2,-18.4,-20.4
143.92,-14.9,-30.0,-28.3,-18.3,-20.0
143.93,-14.4,-26.0,-28.5,-17.7,-20.2
143.94,-14.0,-22.9,-28.6,-17.8,-20.3
143.95,-13.7,-20.4,-29.6,-17.5,-20.7
143.96,-13.3,-18.7,-30.3,-17.7,-20.7
143.97,-12.3,-17.8,-26.7,-17.4,-20.5
143.98,-9.4,-17.7,-13.3,-17.8,-20.2
143.99,-8.6,-18.1,-11.5,-18.4,-20.0
144.00,-8.7,-18.1,-11.3,-18.9,-19.9
144.01,-8.3,-15.4,-11.3,-19.8,-20.2
144.02,-8.1,-12.4,-12.0,-21.3,-20.5
144.03,-9.0,-11.0,-16.1,-22.5,-21.0
144.04,-8.9,-10.1,-20.1,-23.4,-21.5
144.05,-8.7,-9.9,-20.3,-23.7,-21.5
144.06,-9.2,-10.7,-20.2,-24.6,-21.4
144.07,-10.1,-11.8,-20.2,-23.8,-21.0
144.08,-10.7,-13.0,-21.5,-22.0,-20.9
144.09,-11.5,-13.8,-24.0,-21.2,-20.7
144.10,-11.3,-14.5,-22.5,-20.0,-20.6
144.11,-11.0,-14.7,-22.7,-19.3,-20.3
144.12,-11.0,-14.5,-22.3,-18.5,-20.5
144.13,-10.4,-13.6,-21.1,-19.1,-20.8
144.14,-8.5,-13.3,-13.6,-18.7,-21.0
144.15,-8.1,-12.9,-12.6,-19.3,-22.3
144.16,-7.7,-12.6,-12.4,-18.4,-22.1
144.17,-7.8,-12.6,-12.5,-18.7,-22.2
144.18,-8.1,-13.0,-13.5,-17.6,-21.7
144.19,-9.5,-12.8,-18.4,-17.8,-21.3
144.20,-9.5,-12.8,-20.1,-16.8,-20.9
144.21,-9.4,-12.8,-18.0,-17.5,-21.2
144.22,-8.1,-12.5,-13.8,-16.6,-21.4
144.23,-8.1,-12.4,-12.5,-17.5,-21.9
144.24,-8.1,-12.4,-12.4,-16.9,-22.6
144.25,-8.0,-12.1,-12.6,-17.7,-23.1
144.26,-8.5,-12.0,-13.9,-16.9,-23.0
144.27,-9.7,-11.9,-19.7,-17.7,-23.1
144.28,-9.7,-11.8,-20.3,-16.8,-22.7
144.29,-8.9,-11.8,-16.1,-17.5,-22.6
144.30,-8.6,-11.9,-13.9,-16.9,-22.6
144.31,-8.5,-11.9,-13.6,-17.6,-22.7
144.32,-8.2,-11.8,-13.3,-16.9,-23.2
144.33,-8.4,-11.8,-13.5,-17.4,-23.2
144.34,-9.1,-11.8,-16.1,-17.4,-22.7
144.35,-9.2,-11.7,-18.2,-17.7,-22.4
144.36,-9.4,-11.6,-19.8,-17.4,-22.1
144.37,-9.7,-11.5,-20.7,-17.9,-21.6
144.38,-9.5,-11.4,-21.3,-17.5,-21.6
144.39,-9.2,-11.5,-22.3,-16.8,-20.9
144.40,-9.1,-11.6,-22.9,-16.5,-20.8
144.41,-9.1,-11.8,-23.4,-16.3,-20.3
144.42,-9.7,-12.2,-23.6,-16.4,-20.6
144.43,-9.6,-12.3,-23.5,-16.3,-20.7
144.44,-10.0,-12.2,-23.8,-16.8,-21.3
144.45,-10.0,-12.1,-23.9,-16.9,-21.3
144.46,-9.5,-11.8,-24.1,-16.5,-21.8
144.47,-9.4,-11.7,-24.5,-16.6,-21.4
144.48,-9.4,-11.8,-24.4,-16.5,-21.5
144.49,-9.6,-11.9,-24.2,-16.7,-21.7
144.50,-9.7,-11.9,-24.2,-16.8,-22.2
144.51,-9.9,-12.0,-23.9,-17.3,-21.8
144.52,-9.7,-12.3,-24.0,-16.7,-21.7
144.53,-10.0,-13.0,-23.9,-16.4,-21.9
144.54,-10.7,-14.4,-23.6,-16.3,-22.0
144.55,-11.5,-16.0,-23.3,-16.5,-21.9
144.56,-12.6,-19.2,-23.3,-16.7,-22.2
144.57,-13.5,-23.1,-23.5,-16.9,-22.4
144.58,-14.6,-30.3,-24.0,-17.3,-22.5
144.59,-14.1,-30.8,-24.1,-17.3,-22.3
144.60,-13.9,-29.7,-24.1,-17.3,-22.7
144.61,-10.9,-28.3,-13.9,-17.8,-23.0
144.62,-9.3,-22.4,-11.4,-18.8,-22.5
144.63,-9.0,-19.3,-11.1,-19.0,-22.6
144.64,-8.7,-16.3,-11.0,-20.3,-23.1
144.65,-8.0,-13.6,-11.2,-19.8,-23.1
144.66,-8.9,-11.6,-16.0,-20.3,-23.3
144.67,-8.8,-10.6,-19.9,-19.6,-23.7
144.68,-8.5,-9.8,-21.4,-20.5,-24.4
144.69,-8.5,-9.7,-21.1,-20.5,-24.4
144.70,-9.0,-10.3,-20.9,-21.0,-24.8
144.71,-9.9,-11.2,-22.4,-20.7,-25.1
144.72,-10.7,-12.1,-23.9,-20.7,-25.1
144.73,-10.7,-12.7,-22.8,-20.2,-25.0
144.74,-11.2,-13.2,-23.1,-19.8,-25.1
144.75,-10.8,-13.1,-22.7,-19.8,-24.5
144.76,-10.6,-12.8,-21.1,-19.6,-24.3
144.77,-9.1,-12.7,-12.7,-20.0,-24.3
144.78,-8.1,-12.2,-11.3,-20.1,-23.9
144.79,-8.1,-11.8,-11.2,-20.6,-24.0
144.80,-8.2,-11.9,-11.2,-20.8,-23.9
144.81,-8.8,-12.7,-12.1,-22.4,-24.0
144.82,-10.4,-13.7,-16.2,-23.2,-23.5
144.83,-13.1,-15.7,-20.3,-24.1,-23.7
144.84,-13.5,-18.2,-19.6,-25.5,-23.5
144.85,-11.1,-21.8,-12.9,-25.1,-22.9
144.86,-10.1,-23.8,-11.5,-25.4,-22.5
144.87,-10.4,-28.9,-11.5,-24.2,-22.6
144.88,-10.7,-31.8,-11.7,-23.8,-22.8
144.89,-11.7,-32.6,-12.9,-22.2,-22.7
144.90,-14.4,-32.7,-17.3,-21.2,-22.9
144.91,-14.7,-32.9,-19.9,-20.4,-22.6
144.92,-11.5,-32.0,-14.2,-20.7,-22.8
144.93,-10.5,-31.2,-12.4,-21.0,-23.4
144.94,-10.2,-30.5,-12.0,-22.1,-23.3
144.95,-10.0,-29.8,-11.8,-21.5,-23.1
144.96,-9.8,-28.4,-11.9,-19.9,-21.8
144.97,-11.2,-27.9,-15.3,-18.7,-20.9
144.98,-11.9,-27.1,-17.3,-18.1,-20.3
144.99,-11.8,-27.0,-18.6,-17.2,-19.9
145.00,-11.5,-26.6,-19.6,-17.2,-19.5
145.01,-12.1,-27.0,-20.4,-16.9,-19.9
145.02,-12.5,-27.8,-21.5,-17.0,-20.1
145.03,-12.5,-28.7,-21.7,-16.9,-20.2
145.04,-12.8,-30.7,-22.1,-17.4,-19.9
145.05,-13.9,-32.9,-22.1,-18.2,-20.4
145.06,-14.8,-35.1,-22.0,-19.6,-20.6
145.07,-15.2,-37.5,-22.0,-20.1,-20.9
145.08,-16.4,-36.3,-21.7,-21.1,-21.5
145.09,-15.6,-26.8,-22.0,-21.2,-21.9
145.10,-15.1,-21.1,-22.2,-22.0,-22.1
145.11,-13.8,-18.1,-22.3,-21.8,-21.7
145.12,-13.0,-16.1,-22.6,-23.2,-22.1
145.13,-12.8,-15.5,-23.0,-22.9,-22.5
145.14,-12.7,-15.9,-22.9,-22.0,-22.0
145.15,-12.9,-17.1,-22.7,-21.3,-21.5
145.16,-13.7,-19.4,-22.7,-21.4,-21.7
145.17,-14.8,-24.8,-22.2,-21.7,-21.4
145.18,-15.6,-31.3,-22.4,-22.3,-20.9
145.19,-15.0,-34.3,-22.2,-21.6,-20.5
145.20,-15.8,-37.5,-22.3,-22.2,-20.8
145.21,-15.7,-41.6,-22.4,-21.8,-20.5
145.22,-15.2,-42.4,-22.4,-20.8,-20.2
145.23,-14.8,-38.5,-22.4,-20.4,-19.8
145.24,-12.3,-34.3,-15.1,-21.5,-19.8
145.25,-9.1,-29.6,-11.1,-21.5,-19.1
145.26,-8.8,-26.7,-10.8,-20.1,-18.9
145.27,-8.2,-20.8,-10.7,-19.1,-18.9
145.28,-7.7,-14.7,-10.8,-18.5,-19.3
145.29,-8.4,-12.0,-14.9,-17.8,-19.4
145.30,-8.7,-11.0,-19.4,-17.2,-20.4
145.31,-8.2,-10.2,-19.5,-17.1,-20.4
145.32,-8.3,-10.1,-19.5,-17.5,-20.6
145.33,-8.9,-10.8,-19.3,-17.7,-20.5
145.34,-9.6,-11.5,-20.9,-17.7,-20.2
145.35,-9.6,-11.8,-21.4,-17.6,-20.2
145.36,-10.2,-12.5,-21.6,-17.6,-20.3
145.37,-10.2,-12.8,-20.8,-17.6,-20.5
145.38,-10.7,-14.1,-20.4,-17.4,-20.9
145.39,-10.5,-15.4,-16.9,-17.5,-21.2
145.40,-10.2,-16.4,-13.5,-18.1,-21.5
145.41,-10.1,-17.1,-12.7,-19.3,-21.8
145.42,-9.6,-15.7,-12.5,-20.1,-22.5
145.43,-9.5,-14.6,-12.4,-20.6,-23.0
145.44,-9.9,-13.5,-14.4,-20.8,-23.2
145.45,-9.9,-12.8,-17.0,-20.4,-23.3
145.46,-9.9,-12.4,-18.7,-20.0,-23.4
145.47,-10.1,-12.5,-19.9,-20.0,-22.9
145.48,-10.4,-12.4,-20.8,-20.1,-22.8
145.49,-10.4,-12.4,-21.3,-20.7,-22.6
145.50,-10.1,-12.2,-21.6,-20.4,-22.0
145.51,-10.1,-12.2,-22.0,-20.2,-21.9
145.52,-9.8,-11.9,-22.2,-20.4,-21.8
145.53,-9.7,-11.8,-22.2,-20.7,-21.5
145.54,-9.6,-11.6,-22.4,-20.6,-21.4
145.55,-9.6,-11.6,-16.6,-20.8,-21.4
145.56,-8.7,-11.8,-12.0,-21.3,-21.6
145.57,-8.4,-12.2,-11.1,-21.6,-21.6
145.58,-8.5,-12.3,-10.9,-21.5,-22.0
145.59,-8.5,-12.4,-10.8,-21.2,-22.4
145.60,-9.1,-12.6,-12.9,-21.5,-22.9
145.61,-10.2,-12.8,-16.3,-20.8,-23.1
145.62,-10.7,-13.1,-17.8,-20.5,-23.0
145.63,-11.2,-13.9,-18.7,-20.1,-23.0
145.64,-11.4,-14.3,-18.9,-20.0,-22.7
145.65,-11.6,-14.0,-20.6,-20.0,-22.7
145.66,-11.5,-13.7,-21.0,-19.6,-22.8
145.67,-11.4,-13.5,-22.9,-19.7,-22.8
145.68,-11.2,-13.2,-21.7,-19.6,-22.9
145.69,-11.2,-13.3,-22.0,-19.6,-22.8
145.70,-11.4,-13.6,-21.0,-19.6,-22.6
145.71,-11.3,-14.1,-18.6,-19.4,-22.8
145.72,-11.1,-14.6,-16.4,-19.7,-22.9
145.73,-10.1,-14.1,-15.4,-19.1,-23.2
145.74,-9.3,-12.9,-15.1,-19.4,-23.6
145.75,-8.9,-12.1,-15.2,-19.1,-24.3
145.76,-9.0,-11.6,-17.1,-19.6,-24.4
145.77,-9.3,-11.3,-19.4,-20.3,-24.4
145.78,-9.8,-11.7,-21.6,-19.6,-24.5
145.79,-10.0,-12.5,-18.5,-20.0,-24.7
145.80,-9.6,-13.0,-16.5,-19.7,-24.4
145.81,-9.6,-13.4,-15.9,-19.5,-24.4
145.82,-9.6,-13.7,-15.6,-19.5,-24.6
145.83,-9.7,-13.7,-15.6,-19.9,-24.4
145.84,-10.6,-13.3,-18.4,-21.0,-24.4
145.85,-10.5,-12.7,-20.4,-21.0,-24.2
145.86,-10.7,-12.9,-21.9,-21.4,-23.8
145.87,-9.6,-13.5,-14.5,-22.1,-24.1
145.88,-8.6,-14.4,-11.8,-22.5,-23.8
145.89,-8.5,-15.2,-11.3,-22.1,-23.9
145.90,-8.2,-14.4,-11.1,-22.1,-23.9
145.91,-8.4,-13.5,-11.7,-21.5,-23.6
145.92,-9.1,-12.8,-13.4,-20.9,-22.9
145.93,-10.1,-12.4,-19.3,-20.3,-22.7
145.94,-9.9,-12.2,-19.0,-19.8,-22.1
145.95,-9.7,-11.8,-19.5,-20.5,-22.0
145.96,-9.5,-11.9,-19.7,-19.5,-21.7
145.97,-9.5,-11.5,-22.1,-19.6,-21.5
145.98,-9.7,-11.5,-23.8,-19.4,-21.4
145.99,-9.8,-11.6,-25.9,-18.7,-21.7
146.00,-10.2,-12.2,-25.5,-19.0,-21.8
146.01,-10.2,-12.3,-25.3,-18.4,-22.0
146.02,-10.7,-13.0,-22.5,-18.9,-22.5
146.03,-9.2,-13.7,-13.8,-18.5,-22.7
146.04,-9.6,-15.0,-12.9,-18.5,-22.8
146.05,-9.3,-16.0,-12.4,-18.4,-22.7
146.06,-9.3,-15.9,-12.3,-18.2,-22.7
146.07,-9.5,-15.1,-13.8,-18.4,-22.7
146.08,-10.4,-14.6,-17.7,-17.9,-22.2
146.09,-10.5,-13.9,-20.1,-18.5,-22.3
146.10,-10.2,-14.2,-18.6,-18.0,-22.0
146.11,-9.6,-15.1,-14.6,-18.1,-21.8
146.12,-9.4,-16.5,-13.6,-17.8,-21.6
146.13,-9.8,-19.4,-13.1,-18.0,-21.7
146.14,-10.1,-23.5,-12.8,-18.3,-21.8
146.15,-10.9,-26.1,-14.7,-18.1,-21.7
146.16,-12.2,-28.1,-16.7,-18.4,-21.6
146.17,-13.1,-28.4,-18.7,-18.4,-21.8
146.18,-12.3,-22.9,-19.5,-18.5,-21.6
146.19,-10.4,-15.4,-14.9,-18.5,-21.5
146.20,-8.4,-12.5,-12.9,-18.8,-21.6
146.21,-7.5,-10.4,-12.8,-18.7,-21.7
146.22,-7.0,-9.5,-12.8,-19.1,-21.7
146.23,-7.6,-9.8,-13.6,-19.1,-22.1
146.24,-8.7,-10.6,-16.4,-19.3,-22.7
146.25,-10.1,-12.1,-19.5,-19.7,-23.3
146.26,-11.1,-14.3,-16.3,-19.7,-23.4
146.27,-10.4,-15.1,-14.2,-20.9,-23.7
146.28,-10.2,-15.0,-13.9,-20.3,-23.8
146.29,-10.2,-15.2,-13.9,-20.9,-23.2
146.30,-10.2,-15.3,-14.2,-20.5,-22.7
146.31,-10.9,-15.2,-16.9,-20.2,-22.9
146.32,-11.8,-15.2,-20.3,-20.5,-22.7
146.33,-11.4,-14.7,-21.8,-19.3,-23.0
146.34,-10.8,-14.4,-17.2,-19.9,-23.2
146.35,-9.6,-13.9,-14.6,-19.8,-23.8
146.36,-9.2,-13.3,-14.2,-20.1,-23.9
146.37,-9.0,-12.9,-14.0,-20.4,-23.7
146.38,-8.9,-12.5,-13.8,-20.5,-23.7
146.39,-9.5,-12.0,-16.7,-20.8,-23.7
146.40,-9.7,-12.0,-19.3,-20.2,-23.6
146.41,-10.6,-12.8,-20.8,-20.5,-23.6
146.42,-10.6,-14.0,-16.7,-20.0,-23.8
146.43,-10.3,-16.2,-14.6,-20.2,-24.4
146.44,-10.4,-19.7,-13.9,-19.5,-24.8
146.45,-10.6,-25.0,-13.4,-19.4,-24.5
146.46,-10.5,-26.8,-13.2,-19.0,-25.1
146.47,-11.2,-28.4,-15.1,-18.7,-24.7
146.48,-12.2,-28.5,-17.1,-19.0,-24.1
146.49,-12.4,-26.0,-18.5,-19.1,-23.3
146.50,-12.1,-24.1,-16.3,-19.8,-22.5
146.51,-10.0,-23.2,-12.0,-19.8,-22.2
146.52,-9.5,-22.9,-11.2,-21.0,-21.6
146.53,-9.3,-19.1,-11.1,-21.3,-21.5
146.54,-8.5,-14.4,-11.1,-20.3,-21.8
146.55,-8.1,-12.7,-12.5,-20.0,-21.3
146.56,-9.1,-11.6,-18.8,-18.9,-21.4
146.57,-8.5,-11.1,-19.2,-18.9,-20.9
146.58,-8.8,-11.6,-20.3,-19.9,-20.7
146.59,-9.7,-13.0,-20.3,-20.6,-20.4
146.60,-10.7,-14.1,-21.9,-21.8,-20.1
146.61,-11.5,-15.6,-21.9,-23.9,-18.8
146.62,-11.9,-16.3,-23.0,-22.3,-18.2
146.63,-11.7,-16.3,-22.9,-21.8,-18.1
146.64,-11.1,-15.7,-22.6,-20.6,-18.1
146.65,-10.5,-14.8,-22.8,-19.6,-17.8
146.66,-10.2,-13.7,-23.0,-19.7,-18.6
146.67,-9.8,-12.8,-23.3,-19.0,-19.4
146.68,-9.9,-12.5,-23.5,-18.8,-19.7
146.69,-9.7,-12.1,-24.0,-19.0,-19.9
146.70,-9.4,-12.2,-23.6,-18.5,-19.0
146.71,-9.3,-12.2,-23.6,-18.7,-18.5
146.72,-9.6,-12.8,-23.6,-18.7,-18.6
146.73,-9.6,-12.8,-23.9,-18.7,-18.4
146.74,-10.6,-13.7,-23.9,-19.9,-18.5
146.75,-10.2,-13.4,-24.0,-19.4,-18.8
146.76,-10.6,-13.7,-24.0,-19.2,-19.1
146.77,-10.4,-13.5,-23.7,-19.6,-18.9
146.78,-9.8,-13.3,-23.8,-17.9,-18.6
146.79,-10.0,-13.7,-23.6,-18.1,-18.5
146.80,-10.5,-14.4,-23.7,-18.5,-18.2
146.81,-10.5,-16.1,-18.4,-17.9,-17.9
146.82,-9.3,-17.1,-13.7,-18.7,-17.5
146.83,-8.5,-16.9,-11.2,-19.2,-17.5
146.84,-8.3,-15.6,-10.9,-19.0,-17.5
146.85,-8.0,-13.7,-10.8,-19.8,-17.8
146.86,-8.6,-12.4,-12.3,-19.8,-18.1
146.87,-8.8,-11.8,-15.5,-20.3,-18.1
146.88,-9.5,-11.9,-18.3,-21.5,-18.2
146.89,-9.4,-12.3,-19.0,-21.4,-18.4
146.90,-9.3,-13.0,-19.4,-21.1,-17.9
146.91,-9.2,-13.9,-19.8,-20.0,-17.3
146.92,-9.8,-14.5,-21.1,-20.1,-16.8
146.93,-9.7,-14.9,-22.6,-19.3,-16.4
146.94,-9.7,-15.0,-23.5,-18.9,-16.2
146.95,-10.4,-15.0,-24.1,-19.3,-16.5
146.96,-10.6,-14.9,-24.8,-18.9,-16.8
146.97,-10.6,-14.7,-25.1,-18.6,-17.4
146.98,-10.9,-14.3,-25.6,-18.4,-18.2
146.99,-10.9,-14.0,-26.0,-17.7,-19.3
147.00,-10.8,-13.8,-26.6,-18.1,-19.9
147.01,-11.0,-13.7,-27.2,-17.9,-20.3
147.02,-10.5,-13.6,-27.0,-17.1,-20.1
147.03,-10.6,-13.8,-26.9,-17.9,-20.1
147.04,-10.8,-13.9,-26.8,-17.4,-20.2
147.05,-10.5,-14.0,-26.7,-16.7,-19.9
147.06,-10.4,-14.4,-26.7,-17.1,-19.1
147.07,-11.1,-14.7,-27.3,-17.0,-19.1
147.08,-11.1,-14.5,-27.5,-17.0,-19.0
147.09,-11.0,-13.9,-27.7,-17.8,-18.4
147.10,-10.5,-14.1,-28.1,-17.1,-17.7
147.11,-10.7,-14.7,-28.4,-17.6,-17.0
147.12,-10.4,-15.5,-28.4,-17.3,-16.7
147.13,-10.2,-17.3,-22.1,-17.4,-16.7
147.14,-9.3,-18.3,-12.9,-18.6,-17.5
147.15,-8.5,-15.8,-11.8,-17.7,-18.7
147.16,-8.2,-14.3,-11.7,-18.6,-19.2
147.17,-8.1,-12.9,-11.6,-18.7,-20.2
147.18,-8.6,-12.4,-13.0,-17.9,-21.0
147.19,-10.0,-12.4,-17.9,-18.6,-21.8
147.20,-10.2,-13.0,-20.0,-17.8,-22.4
147.21,-10.6,-13.4,-20.5,-17.8,-22.5
147.22,-10.9,-14.3,-20.5,-18.3,-22.5
147.23,-11.2,-14.7,-22.4,-17.6,-22.6
147.24,-11.4,-14.9,-23.0,-17.9,-22.3
147.25,-11.2,-15.1,-25.3,-17.7,-20.7
147.26,-11.0,-15.2,-25.6,-17.5,-19.6
147.27,-11.3,-15.1,-26.0,-18.2,-19.2
147.28,-11.0,-14.6,-27.0,-17.6,-19.2
147.29,-10.7,-14.2,-27.8,-17.7,-18.9
147.30,-10.9,-13.9,-28.7,-18.0,-19.1
147.31,-10.8,-13.6,-29.5,-17.4,-19.6
147.32,-10.5,-13.6,-30.0,-18.2,-19.2
147.33,-10.5,-13.8,-30.5,-17.7,-18.8
147.34,-10.6,-13.6,-30.6,-17.8,-18.9
147.35,-10.5,-13.3,-30.7,-18.3,-19.3
147.36,-10.4,-12.8,-30.7,-18.0,-19.2
147.37,-10.3,-12.4,-30.7,-19.2,-18.6
147.38,-9.9,-12.9,-30.2,-18.1,-18.0
147.39,-10.3,-13.9,-30.2,-18.0,-17.3
147.40,-10.7,-15.4,-29.8,-18.3,-17.1
147.41,-11.8,-18.4,-29.8,-17.7,-17.8
147.42,-14.1,-23.2,-29.3,-18.7,-18.6
147.43,-13.1,-26.4,-28.8,-17.9,-18.5
147.44,-12.6,-26.7,-22.9,-17.5,-18.5
147.45,-10.6,-25.9,-13.6,-18.5,-19.0
147.46,-8.9,-20.1,-11.4,-18.3,-19.5
147.47,-8.4,-16.7,-10.8,-18.7,-20.4
147.48,-8.3,-14.6,-10.6,-19.6,-22.3
147.49,-8.4,-13.4,-11.8,-18.9,-22.5
147.50,-9.4,-12.8,-14.4,-20.1,-22.4
147.51,-10.0,-12.8,-17.8,-19.8,-22.5
147.52,-10.2,-13.1,-18.3,-19.2,-22.3
147.53,-10.2,-13.2,-18.6,-19.6,-22.1
147.54,-10.5,-13.5,-19.2,-18.9,-21.9
147.55,-10.7,-13.5,-21.2,-18.6,-21.5
147.56,-10.6,-13.7,-22.4,-18.6,-20.8
147.57,-10.6,-13.9,-23.6,-18.0,-20.0
147.58,-10.7,-14.0,-24.2,-18.1,-19.8
147.59,-11.1,-14.1,-24.3,-18.2,-20.3
147.60,-10.9,-14.0,-24.7,-17.8,-20.3
147.61,-11.1,-13.7,-25.3,-18.7,-20.3
147.62,-10.7,-13.7,-26.0,-18.1,-20.0
147.63,-10.4,-13.7,-26.5,-18.1,-19.4
147.64,-9.8,-13.6,-28.4,-18.0,-18.7
147.65,-10.1,-14.0,-29.3,-17.5,-18.9
147.66,-10.7,-14.4,-29.8,-18.1,-19.4
147.67,-11.5,-15.7,-30.1,-18.0,-19.7
147.68,-11.6,-17.4,-30.3,-17.2,-19.1
147.69,-12.9,-20.2,-30.1,-18.0,-19.4
147.70,-13.2,-24.8,-30.2,-17.3,-19.2
147.71,-13.5,-31.1,-30.5,-17.3,-19.2
147.72,-13.9,-34.3,-30.6,-17.7,-19.6
147.73,-14.2,-35.0,-30.4,-16.9,-20.0
147.74,-14.6,-33.0,-30.0,-17.6,-20.0
147.75,-13.2,-31.6,-29.9,-17.6,-18.7
147.76,-12.4,-25.6,-24.9,-17.2,-18.2
147.77,-9.2,-22.2,-12.4,-18.4,-18.5
147.78,-8.6,-18.1,-11.1,-19.0,-18.8
147.79,-8.4,-16.5,-10.9,-19.6,-19.5
147.80,-8.7,-15.5,-10.9,-21.6,-21.2
147.81,-9.4,-14.5,-12.1,-22.4,-21.7
147.82,-11.3,-14.3,-16.3,-23.0,-21.6
147.83,-11.4,-14.3,-20.0,-22.4,-20.9
147.84,-11.2,-14.1,-20.6,-23.4,-20.4
147.85,-11.3,-14.3,-20.5,-23.3,-19.8
147.86,-11.3,-14.8,-20.7,-22.0,-19.7
147.87,-11.3,-15.0,-21.7,-21.2,-19.9
147.88,-12.0,-15.5,-23.4,-22.2,-19.5
147.89,-11.4,-16.0,-23.1,-20.2,-19.1
147.90,-11.1,-16.1,-23.9,-20.1,-18.4
147.91,-11.6,-16.6,-24.1,-21.0,-18.1
147.92,-11.7,-16.8,-25.0,-20.4,-18.1
147.93,-12.0,-17.0,-25.8,-20.2,-18.5
147.94,-12.4,-17.3,-27.0,-20.1,-18.5
147.95,-12.3,-17.4,-28.0,-19.7,-18.7
147.96,-12.4,-17.0,-29.5,-19.5,-18.7
147.97,-11.8,-16.7,-30.1,-19.0,-18.4
147.98,-11.7,-16.3,-30.6,-18.6,-18.5
147.99,-12.2,-15.0,-31.1,-20.0,-19.7
148.00,-11.7,-14.4,-31.4,-19.6,-20.1
148.01,-11.6,-14.0,-31.2,-19.0,-20.8
148.02,-11.6,-13.8,-31.1,-19.6,-20.9
148.03,-11.5,-13.9,-30.8,-19.3,-20.6
148.04,-11.7,-14.4,-30.7,-18.4,-21.1
148.05,-12.0,-14.5,-30.9,-18.9,-20.8
148.06,-11.8,-14.7,-31.2,-19.5,-19.2
148.07,-11.2,-14.9,-31.2,-18.2,-18.3
148.08,-9.3,-14.6,-13.7,-19.0,-18.3
148.09,-8.3,-14.7,-11.3,-19.5,-18.3
148.10,-7.8,-14.8,-10.8,-18.3,-18.2
148.11,-7.6,-15.0,-10.4,-17.8,-19.7
148.12,-8.0,-14.7,-10.9,-18.9,-21.1
148.13,-8.9,-15.1,-12.8,-18.3,-21.4
148.14,-10.0,-15.2,-17.3,-18.4,-21.2
148.15,-11.3,-15.3,-18.6,-19.7,-22.1
148.16,-10.8,-14.9,-18.8,-19.1,-21.6
148.17,-11.1,-15.1,-19.1,-19.3,-21.3
148.18,-11.4,-14.8,-20.9,-19.0,-21.4
148.19,-11.5,-14.6,-21.9,-19.2,-21.4
148.20,-11.1,-14.4,-23.3,-18.9,-21.6
148.21,-11.3,-14.3,-23.4,-19.0,-21.8
148.22,-11.3,-14.1,-23.9,-19.1,-21.7
148.23,-11.4,-15.1,-24.0,-19.0,-21.7
148.24,-11.7,-16.0,-24.4,-19.0,-21.5
148.25,-12.0,-16.9,-25.1,-19.5,-20.8
148.26,-12.5,-18.0,-26.0,-19.6,-19.5
148.27,-12.3,-17.9,-27.5,-20.9,-18.1
148.28,-11.5,-17.0,-28.4,-20.2,-17.2
148.29,-11.5,-16.6,-29.4,-21.1,-16.9
148.30,-11.9,-16.3,-30.7,-21.7,-17.0
148.31,-11.2,-15.5,-30.9,-21.0,-17.3
148.32,-11.4,-15.3,-31.2,-20.0,-18.1
148.33,-11.9,-15.3,-32.7,-20.3,-18.7
148.34,-12.0,-15.5,-33.0,-19.9,-19.0
148.35,-12.1,-16.1,-33.4,-19.0,-19.1
148.36,-12.7,-16.3,-33.7,-19.9,-19.2
148.37,-12.9,-16.9,-33.9,-20.2,-19.2
148.38,-12.8,-17.8,-33.8,-19.2,-18.9
148.39,-13.1,-18.4,-30.6,-19.8,-19.1
148.40,-10.3,-18.5,-14.6,-20.0,-19.8
148.41,-8.9,-16.4,-11.8,-19.6,-20.3
148.42,-8.5,-14.9,-11.7,-19.9,-20.7
148.43,-8.2,-13.4,-11.6,-21.2,-21.1
148.44,-8.1,-12.5,-12.0,-20.6,-21.6
148.45,-9.2,-11.6,-16.3,-21.0,-21.9
148.46,-9.8,-11.5,-21.2,-22.2,-22.0
148.47,-9.6,-11.5,-21.1,-21.5,-21.8
148.48,-9.6,-11.7,-20.9,-21.0,-22.0
148.49,-10.0,-12.2,-21.1,-21.6,-21.4
148.50,-10.6,-12.7,-22.4,-21.3,-21.5
148.51,-10.8,-13.1,-24.0,-20.4,-21.5
148.52,-11.0,-13.2,-24.0,-20.7,-21.5
148.53,-11.0,-13.2,-24.2,-20.5,-21.5
148.54,-10.9,-12.9,-24.6,-20.3,-22.6
148.55,-10.6,-12.5,-25.0,-20.7,-22.2
148.56,-10.7,-12.2,-26.1,-21.5,-21.8
148.57,-10.0,-11.8,-28.6,-19.0,-21.1
148.58,-9.7,-11.7,-29.8,-17.7,-21.1
148.59,-9.6,-11.7,-30.9,-17.7,-20.8
148.60,-9.5,-11.7,-31.5,-17.0,-21.0
148.61,-9.5,-11.9,-31.9,-16.8,-21.3
148.62,-9.8,-11.8,-31.9,-17.6,-21.2
148.63,-9.9,-11.9,-31.8,-18.0,-20.5
148.64,-9.7,-11.9,-31.8,-17.8,-20.1
148.65,-9.7,-11.9,-31.5,-17.6,-19.9
148.66,-9.9,-12.5,-31.7,-17.7,-19.6
148.67,-10.4,-13.4,-31.5,-17.8,-19.6
148.68,-11.0,-14.7,-31.4,-17.8,-19.8
148.69,-12.2,-17.0,-31.8,-18.0,-20.0
148.70,-13.2,-20.2,-31.5,-18.0,-20.4
148.71,-11.2,-24.0,-14.0,-17.9,-20.3
148.72,-9.2,-29.0,-11.5,-18.4,-20.0
148.73,-8.9,-31.9,-10.6,-18.5,-20.4
148.74,-8.9,-34.0,-10.4,-19.8,-20.8
148.75,-8.9,-37.0,-10.4,-19.5,-20.9
148.76,-10.0,-37.3,-12.3,-20.3,-20.8
148.77,-13.1,-36.7,-15.5,-20.2,-21.2
148.78,-13.2,-36.2,-17.1,-20.0,-21.2
148.79,-14.3,-36.3,-17.8,-19.9,-21.7
148.80,-14.2,-36.6,-17.9,-19.8,-21.8
148.81,-14.6,-37.5,-20.1,-19.5,-21.4
148.82,-14.5,-38.8,-20.6,-19.1,-21.0
148.83,-14.4,-39.2,-21.3,-19.2,-20.6
148.84,-13.3,-39.2,-21.1,-19.1,-20.2
148.85,-13.3,-38.1,-21.5,-19.3,-19.9
148.86,-13.7,-35.8,-21.6,-19.2,-20.3
148.87,-13.3,-31.5,-21.9,-19.2,-20.1
148.88,-12.9,-23.1,-22.8,-18.9,-20.6
148.89,-12.9,-18.9,-23.7,-19.2,-21.2
148.90,-11.2,-15.6,-24.8,-18.5,-21.5
148.91,-10.6,-13.8,-26.3,-18.2,-21.8
148.92,-9.9,-12.7,-27.3,-17.8,-21.6
148.93,-9.7,-12.1,-28.6,-17.9,-21.4
148.94,-9.5,-11.8,-29.5,-17.9,-21.0
148.95,-9.6,-11.9,-30.7,-18.1,-19.9
148.96,-9.5,-11.9,-31.1,-18.0,-19.3
148.97,-9.4,-11.7,-31.5,-18.0,-18.8
148.98,-9.6,-11.9,-31.9,-18.1,-19.0
148.99,-10.0,-12.5,-32.3,-18.0,-20.0
149.00,-10.6,-13.4,-32.7,-18.1,-20.0
149.01,-11.1,-14.4,-33.3,-18.1,-19.5
149.02,-11.8,-16.4,-33.0,-18.2,-18.9
149.03,-10.7,-18.3,-15.4,-18.6,-18.5
149.04,-8.8,-18.8,-11.6,-19.5,-18.4
149.05,-8.9,-19.0,-11.5,-20.9,-18.8
149.06,-9.1,-18.6,-11.4,-22.8,-19.6
149.07,-9.2,-17.6,-11.5,-26.3,-20.2
149.08,-10.5,-16.2,-16.6,-23.4,-20.0
149.09,-11.2,-15.1,-21.5,-23.3,-19.6
149.10,-10.7,-14.3,-20.8,-21.9,-19.2
149.11,-10.3,-13.5,-20.6,-21.1,-19.4
149.12,-10.0,-12.8,-20.3,-20.5,-19.6
149.13,-10.6,-12.4,-21.8,-20.8,-20.3
149.14,-10.4,-12.4,-22.6,-19.8,-20.7
149.15,-10.5,-12.4,-23.5,-20.1,-20.9
149.16,-10.5,-12.5,-23.5,-19.7,-21.0
149.17,-10.5,-12.7,-24.1,-19.6,-21.0
149.18,-10.5,-13.0,-24.2,-19.3,-20.6
149.19,-10.8,-13.1,-24.5,-20.4,-20.2
149.20,-10.6,-13.3,-25.7,-20.1,-20.1
149.21,-10.7,-13.5,-26.4,-20.8,-19.8
149.22,-11.1,-14.1,-27.2,-21.7,-19.4
149.23,-11.2,-14.6,-27.6,-20.2,-19.5
149.24,-11.9,-15.6,-28.4,-20.0,-19.8
149.25,-12.4,-16.9,-29.1,-19.3,-20.0
149.26,-13.1,-18.3,-29.9,-19.4,-19.9
149.27,-13.3,-19.7,-31.0,-18.6,-20.1
149.28,-13.5,-19.4,-31.5,-19.2,-19.6
149.29,-13.2,-18.2,-31.7,-19.4,-19.5
149.30,-12.8,-17.6,-32.2,-19.1,-19.6
149.31,-12.8,-17.2,-32.1,-18.8,-19.7
149.32,-13.3,-16.8,-32.3,-19.5,-19.8
149.33,-12.3,-17.0,-32.1,-18.6,-18.8
149.34,-10.8,-18.1,-14.9,-19.0,-18.7
149.35,-9.1,-18.9,-11.3,-19.3,-18.9
149.36,-8.3,-16.8,-10.4,-19.4,-19.1
149.37,-8.0,-15.6,-10.2,-19.7,-19.6
149.38,-8.1,-14.4,-10.0,-21.0,-21.1
149.39,-8.9,-12.7,-12.7,-21.3,-21.6
149.40,-9.0,-11.3,-15.3,-21.2,-21.7
149.41,-9.3,-11.2,-17.4,-21.6,-21.8
149.42,-9.0,-11.0,-18.5,-20.5,-22.1
149.43,-8.9,-11.1,-18.6,-20.2,-22.3
149.44,-9.6,-11.6,-20.7,-20.1,-22.4
149.45,-10.1,-12.1,-21.4,-19.7,-22.8
149.46,-10.2,-12.2,-22.9,-19.1,-23.2
149.47,-10.2,-12.1,-22.4,-20.0,-23.2
149.48,-10.1,-11.9,-22.0,-19.8,-22.9
149.49,-9.6,-11.6,-21.4,-19.2,-22.4
149.50,-9.4,-11.4,-21.3,-19.7,-21.9
149.51,-9.4,-11.2,-21.8,-20.3,-21.4
149.52,-9.3,-11.0,-22.9,-19.4,-21.3
149.53,-9.2,-10.9,-24.1,-20.4,-20.9
149.54,-9.6,-11.1,-25.4,-20.9,-21.2
149.55,-9.8,-11.4,-26.9,-19.8,-21.5
149.56,-10.0,-11.7,-28.1,-19.3,-21.9
149.57,-10.8,-12.3,-28.9,-20.1,-22.1
149.58,-11.0,-12.9,-29.4,-19.5,-22.2
149.59,-11.2,-13.3,-28.8,-19.2,-22.1
149.60,-11.5,-13.7,-28.5,-20.1,-21.9
149.61,-11.6,-13.9,-28.2,-19.9,-21.8
149.62,-11.4,-14.3,-27.7,-19.0,-21.6
149.63,-12.1,-14.7,-28.2,-19.5,-21.8
149.64,-12.4,-15.3,-29.0,-19.5,-21.6
149.65,-12.6,-15.9,-29.4,-18.9,-22.3
149.66,-11.4,-17.0,-16.4,-19.4,-22.6
149.67,-9.0,-17.9,-12.0,-19.8,-22.6
149.68,-8.9,-18.0,-11.6,-18.9,-23.3
149.69,-8.8,-17.0,-11.4,-19.2,-23.5
149.70,-8.5,-15.6,-11.4,-19.6,-23.9
149.71,-10.1,-14.5,-14.9,-19.3,-23.6
149.72,-11.0,-13.7,-20.8,-19.7,-22.9
149.73,-10.9,-13.5,-20.8,-20.1,-22.5
149.74,-10.8,-13.8,-20.6,-19.4,-22.5
149.75,-10.8,-14.1,-20.5,-19.1,-22.1
149.76,-11.4,-14.3,-21.5,-19.8,-22.3
149.77,-11.5,-14.5,-22.3,-19.0,-23.0
149.78,-11.5,-14.6,-22.2,-19.1,-22.9
149.79,-12.0,-14.7,-22.5,-20.0,-23.4
149.80,-12.1,-14.8,-22.4,-19.0,-23.9
149.81,-11.6,-14.8,-21.7,-18.9,-24.0
149.82,-11.6,-14.6,-21.7,-19.2,-23.5
149.83,-11.5,-14.4,-22.4,-19.1,-22.1
149.84,-11.2,-14.3,-22.8,-19.0,-20.9
149.85,-11.3,-14.1,-24.0,-19.8,-20.0
149.86,-11.0,-13.9,-25.0,-19.0,-19.9
149.87,-10.9,-13.9,-26.0,-18.7,-19.7
149.88,-10.9,-13.6,-27.4,-19.1,-20.2
149.89,-10.9,-13.5,-28.4,-19.2,-20.4
149.90,-10.9,-13.6,-28.9,-19.0,-20.3
149.91,-11.3,-14.2,-28.6,-19.2,-19.5
149.92,-11.8,-15.2,-28.4,-19.5,-19.3
149.93,-12.0,-16.6,-28.4,-18.8,-18.9
149.94,-13.0,-19.2,-28.5,-18.9,-19.3
149.95,-13.4,-22.6,-29.2,-19.3,-18.8
149.96,-13.8,-25.0,-29.4,-19.1,-19.2
149.97,-12.4,-24.1,-16.0,-19.1,-19.9
149.98,-9.8,-18.8,-11.9,-20.2,-20.7
149.99,-8.4,-15.8,-10.6,-20.6,-21.2
150.00,-7.9,-14.2,-10.4,-20.6,-21.7
150.01,-7.8,-13.3,-10.3,-22.5,-22.2
150.02,-8.4,-12.6,-13.0,-21.9,-22.0
150.03,-9.1,-12.4,-15.8,-21.0,-21.8
150.04,-9.6,-12.5,-18.1,-20.5,-22.1
150.05,-9.9,-12.3,-19.4,-21.6,-22.2
150.06,-9.9,-12.4,-19.5,-20.6,-22.0
150.07,-10.6,-12.6,-21.3,-21.5,-22.5
150.08,-11.1,-13.2,-22.2,-20.7,-22.2
150.09,-11.4,-13.6,-23.9,-21.3,-22.0
150.10,-11.8,-14.3,-23.2,-20.3,-22.0
150.11,-12.0,-14.8,-23.3,-20.7,-22.2
150.12,-11.7,-15.2,-22.6,-20.3,-21.1
150.13,-11.6,-15.4,-22.6,-20.4,-20.6
150.14,-11.7,-15.7,-23.1,-20.4,-20.5
150.15,-11.7,-15.4,-24.3,-21.8,-20.5
150.16,-11.6,-15.1,-24.8,-21.6,-20.7
150.17,-11.9,-14.8,-26.6,-21.6,-21.4
150.18,-11.8,-14.6,-27.7,-20.9,-21.8
150.19,-11.3,-14.5,-28.5,-19.4,-21.1
150.20,-11.1,-14.3,-29.9,-18.3,-20.9
150.21,-11.3,-14.0,-31.0,-19.1,-20.7
150.22,-10.9,-13.9,-31.0,-18.3,-20.5
150.23,-11.3,-13.9,-31.5,-19.2,-20.6
150.24,-11.3,-13.8,-31.8,-20.0,-20.6
150.25,-11.4,-14.2,-31.8,-20.0,-20.0
150.26,-11.4,-15.2,-31.4,-19.5,-19.7
150.27,-11.6,-16.0,-31.8,-19.4,-19.3
150.28,-11.4,-16.8,-31.9,-18.3,-19.4
150.29,-11.0,-18.2,-17.8,-19.1,-19.4
150.30,-9.2,-17.1,-13.1,-19.7,-19.7
150.31,-8.6,-15.2,-12.0,-20.8,-20.5
150.32,-8.6,-14.1,-11.9,-22.6,-20.7
150.33,-8.5,-13.3,-11.9,-25.0,-20.7
150.34,-8.9,-12.7,-13.6,-25.1,-20.3
150.35,-10.6,-12.9,-20.3,-23.2,-19.6
150.36,-10.8,-13.4,-20.4,-22.4,-19.7
150.37,-10.9,-13.6,-21.0,-22.3,-19.6
150.38,-11.1,-14.0,-20.6,-22.5,-19.9
150.39,-11.3,-14.4,-22.1,-22.3,-20.3
150.40,-12.2,-14.6,-22.5,-25.3,-20.6
150.41,-12.0,-15.0,-23.6,-23.3,-20.8
150.42,-12.3,-15.6,-23.3,-23.0,-20.9
150.43,-12.4,-16.0,-22.9,-22.1,-20.9
150.44,-12.1,-15.9,-22.3,-21.2,-21.1
150.45,-11.4,-14.8,-22.1,-21.0,-20.9
150.46,-10.8,-13.7,-22.5,-19.9,-20.5
150.47,-10.7,-13.5,-23.6,-19.9,-20.4
150.48,-9.9,-13.1,-25.7,-18.6,-19.4
150.49,-9.8,-12.8,-28.0,-18.3,-19.6
150.50,-10.2,-13.4,-29.3,-17.9,-19.7
150.51,-10.3,-13.8,-30.1,-18.2,-19.7
150.52,-10.8,-13.9,-30.9,-18.4,-20.4
150.53,-10.8,-14.2,-31.1,-17.7,-20.4
150.54,-11.0,-14.6,-31.3,-17.8,-20.4
150.55,-10.9,-14.6,-31.5,-18.0,-19.3
150.56,-11.0,-14.4,-31.4,-18.2,-19.3
150.57,-10.5,-14.0,-31.4,-17.7,-19.1
150.58,-10.5,-13.6,-31.5,-18.2,-19.0
150.59,-10.4,-13.6,-31.5,-18.3,-19.1
150.60,-10.1,-13.7,-20.7,-17.8,-20.1
150.61,-9.0,-14.2,-14.3,-18.0,-20.2
150.62,-8.2,-14.7,-11.2,-18.8,-20.9
150.63,-8.3,-14.8,-10.9,-19.1,-21.7
150.64,-8.0,-14.6,-10.8,-18.3,-21.9
150.65,-9.0,-14.5,-12.0,-18.7,-23.2
150.66,-10.2,-14.5,-15.2,-19.0,-23.3
150.67,-11.1,-14.7,-17.5,-19.3,-23.7
150.68,-11.1,-15.3,-18.2,-18.6,-24.0
150.69,-11.3,-15.4,-18.3,-18.5,-23.6
150.70,-11.1,-15.9,-18.6,-18.5,-23.4
150.71,-11.8,-17.0,-20.6,-18.1,-23.5
150.72,-11.9,-18.3,-22.0,-17.5,-23.1
150.73,-12.5,-20.7,-22.2,-17.5,-22.8
150.74,-13.0,-26.5,-22.1,-18.3,-22.0
150.75,-12.5,-24.1,-22.0,-17.7,-21.4
150.76,-11.8,-18.3,-22.0,-17.2,-21.2
150.77,-11.1,-15.4,-22.5,-17.4,-21.0
150.78,-10.8,-13.9,-23.7,-17.9,-21.2
150.79,-10.4,-13.1,-24.8,-17.8,-21.0
150.80,-10.3,-12.9,-26.2,-17.2,-21.1
150.81,-10.2,-13.0,-27.3,-17.7,-20.9
150.82,-10.3,-13.1,-28.2,-18.1,-20.7
150.83,-10.4,-12.8,-29.1,-18.0,-21.2
150.84,-9.5,-13.1,-18.0,-17.5,-21.7
150.85,-9.4,-13.8,-14.4,-18.6,-22.3
150.86,-9.3,-15.1,-13.4,-17.7,-22.4
150.87,-9.5,-17.4,-12.9,-17.6,-22.7
150.88,-9.9,-20.9,-12.6,-18.5,-22.5
150.89,-11.7,-22.3,-15.0,-19.8,-22.3
150.90,-12.4,-23.0,-17.4,-20.6,-22.2
150.91,-14.1,-23.3,-19.3,-22.1,-22.7
150.92,-13.3,-23.9,-18.3,-21.9,-22.5
150.93,-10.0,-23.6,-12.7,-21.5,-22.5
150.94,-9.3,-18.7,-11.7,-22.3,-22.2
150.95,-8.8,-15.9,-11.7,-21.3,-21.6
150.96,-8.3,-13.5,-11.7,-21.1,-21.4
150.97,-8.8,-12.3,-13.1,-22.1,-20.8
150.98,-9.6,-11.7,-19.1,-21.3,-20.3
150.99,-10.1,-12.0,-20.6,-22.0,-20.4
151.00,-10.6,-12.8,-20.4,-22.8,-20.8
151.01,-11.3,-14.0,-18.6,-20.3,-20.8
151.02,-11.9,-15.4,-17.9,-20.3,-21.6
151.03,-12.0,-16.3,-17.4,-20.2,-22.4
151.04,-11.5,-15.7,-17.5,-18.8,-22.1
151.05,-10.8,-14.3,-18.2,-19.4,-21.9
151.06,-10.2,-13.0,-19.5,-19.3,-22.2
151.07,-9.8,-12.2,-20.7,-18.7,-21.7
151.08,-9.9,-11.9,-21.6,-20.2,-21.5
151.09,-10.2,-12.0,-22.3,-20.0,-22.2
151.10,-10.4,-12.4,-22.8,-19.9,-21.7
151.11,-10.6,-12.6,-23.6,-20.9,-21.1
151.12,-10.5,-12.7,-25.7,-19.5,-21.3
151.13,-10.6,-12.6,-26.2,-20.0,-21.0
151.14,-10.2,-12.4,-27.3,-19.4,-20.6
151.15,-10.3,-12.5,-28.0,-18.4,-21.1
151.16,-10.6,-12.4,-29.1,-19.6,-21.2
151.17,-10.3,-12.5,-29.9,-18.9,-20.4
151.18,-10.5,-12.8,-30.7,-18.7,-20.8
151.19,-10.9,-13.0,-31.0,-20.5,-20.6
151.20,-10.6,-13.4,-30.9,-18.9,-20.4
151.21,-11.5,-14.6,-31.0,-19.2,-21.1
151.22,-12.4,-15.9,-30.6,-19.7,-21.4
151.23,-12.4,-18.0,-21.7,-18.4,-21.7
151.24,-10.9,-22.1,-13.0,-19.2,-22.6
151.25,-9.4,-28.7,-10.4,-19.2,-22.5
151.26,-9.2,-31.8,-10.0,-18.9,-22.7
151.27,-9.3,-31.4,-9.8,-21.0,-22.5
151.28,-10.4,-31.0,-11.2,-21.0,-21.9
151.29,-12.7,-30.9,-14.3,-20.9,-21.5
151.30,-13.8,-30.4,-17.0,-21.4,-21.2
151.31,-13.7,-31.1,-17.7,-21.0,-21.1
151.32,-13.6,-32.2,-17.7,-20.9,-20.7
151.33,-13.3,-31.6,-18.2,-19.8,-20.6
151.34,-13.9,-31.0,-19.9,-20.2,-20.6
151.35,-14.4,-31.3,-20.9,-20.6,-20.7
151.36,-14.2,-31.0,-21.2,-19.3,-21.0
151.37,-14.3,-30.6,-20.9,-19.8,-21.3
151.38,-14.7,-25.6,-20.6,-19.5,-22.1
151.39,-13.8,-20.6,-20.3,-19.1,-22.4
151.40,-11.8,-15.6,-20.4,-20.0,-22.4
151.41,-11.4,-14.3,-21.3,-20.3,-23.3
151.42,-10.6,-12.9,-21.8,-20.8,-23.4
151.43,-9.9,-11.7,-23.4,-21.1,-23.4
151.44,-9.7,-11.3,-25.1,-20.0,-23.5
151.45,-10.0,-11.6,-26.9,-20.4,-22.7
151.46,-9.6,-11.3,-29.7,-19.1,-21.9
151.47,-10.1,-12.0,-31.1,-18.1,-21.7
151.48,-10.8,-13.2,-31.4,-18.8,-21.0
151.49,-11.4,-14.1,-31.3,-18.8,-21.2
151.50,-11.9,-15.2,-31.0,-18.9,-20.9
151.51,-13.0,-17.5,-30.8,-20.0,-20.9
151.52,-13.1,-18.5,-30.5,-19.0,-21.2
151.53,-13.5,-19.2,-30.2,-19.4,-21.5
151.54,-13.9,-20.4,-30.3,-19.1,-21.8
151.55,-12.7,-18.9,-25.7,-18.2,-22.4
151.56,-9.6,-16.3,-12.8,-19.2,-23.2
151.57,-9.0,-15.5,-11.5,-19.9,-23.0
151.58,-8.7,-14.5,-11.4,-20.2,-23.1
151.59,-8.4,-13.5,-11.4,-21.4,-22.6
151.60,-9.2,-13.4,-12.8,-22.6,-22.5
151.61,-10.2,-13.2,-16.9,-21.2,-22.2
151.62,-10.2,-12.7,-19.9,-20.9,-22.1
151.63,-10.2,-12.7,-20.2,-21.0,-22.4
151.64,-10.0,-12.9,-20.0,-19.5,-22.7
151.65,-10.4,-12.9,-21.2,-20.0,-22.9
151.66,-10.6,-13.1,-21.4,-20.1,-22.9
151.67,-10.6,-13.1,-23.1,-19.0,-23.1
151.68,-10.6,-12.8,-22.3,-19.7,-23.4
151.69,-10.7,-12.9,-22.2,-19.1,-23.6
151.70,-10.5,-12.6,-22.0,-19.1,-23.4
151.71,-10.5,-12.5,-21.6,-20.1,-23.6
151.72,-10.7,-12.9,-21.5,-20.4,-23.7
151.73,-10.9,-13.1,-22.1,-20.9,-23.5
151.74,-11.4,-13.3,-22.3,-23.8,-23.5
151.75,-11.4,-13.9,-22.6,-21.0,-22.8
151.76,-12.1,-14.7,-23.1,-21.7,-22.6
151.77,-12.1,-15.2,-23.3,-20.3,-22.6
151.78,-12.5,-16.2,-23.4,-19.3,-22.6
151.79,-13.1,-17.4,-23.6,-19.9,-22.3
151.80,-13.2,-18.7,-23.4,-18.9,-22.3
151.81,-13.6,-20.6,-23.1,-18.8,-21.6
151.82,-14.1,-24.2,-23.0,-19.0,-21.2
151.83,-14.4,-29.4,-23.2,-18.3,-21.4
151.84,-15.2,-33.6,-23.6,-19.3,-21.2
151.85,-14.6,-36.0,-23.8,-18.7,-21.0
151.86,-15.2,-34.9,-23.8,-18.8,-22.0
151.87,-10.8,-29.6,-13.2,-19.3,-22.8
151.88,-9.0,-26.2,-11.2,-19.1,-23.5
151.89,-8.4,-19.1,-10.7,-20.4,-24.2
151.90,-7.7,-15.1,-10.5,-21.4,-25.1
151.91,-7.6,-13.2,-11.3,-19.9,-24.7
151.92,-8.7,-12.7,-13.4,-21.4,-24.8
151.93,-9.8,-12.4,-17.6,-19.5,-24.2
151.94,-10.2,-13.4,-18.4,-18.8,-24.0
151.95,-11.2,-15.1,-18.3,-19.7,-24.1
151.96,-11.4,-16.9,-18.6,-18.5,-23.8
151.97,-11.8,-17.2,-20.6,-18.7,-23.2
151.98,-12.4,-17.0,-21.6,-19.2,-22.8
151.99,-12.1,-16.5,-22.1,-18.5,-22.6
152.00,-12.1,-15.8,-21.8,-19.1,-22.4
152.01,-11.4,-14.8,-21.6,-18.7,-22.6
152.02,-10.6,-13.9,-21.2,-18.5,-22.4
152.03,-10.4,-13.0,-21.3,-19.8,-22.7
152.04,-10.1,-12.5,-22.1,-20.5,-22.3
152.05,-10.1,-12.4,-22.7,-21.5,-21.2
152.06,-10.7,-12.7,-23.8,-23.0,-20.5
152.07,-11.2,-13.4,-25.0,-21.7,-19.8
152.08,-11.4,-14.3,-25.9,-21.0,-19.0
152.09,-11.5,-15.0,-26.6,-18.9,-19.1
152.10,-11.7,-15.7,-26.5,-18.7,-19.2
152.11,-12.1,-16.9,-26.6,-19.0,-19.2
152.12,-12.2,-18.5,-26.7,-17.8,-19.3
152.13,-12.9,-20.2,-26.5,-18.4,-19.7
152.14,-13.1,-23.1,-26.5,-18.2,-19.7
152.15,-13.6,-28.6,-26.5,-18.0,-20.0
152.16,-14.4,-31.0,-26.5,-18.9,-20.2
152.17,-13.6,-33.7,-26.2,-17.9,-19.6
152.18,-14.4,-35.1,-25.2,-18.6,-19.9
152.19,-9.8,-32.7,-13.7,-18.4,-20.0
152.20,-8.7,-23.6,-11.9,-18.3,-20.1
152.21,-8.5,-17.4,-11.8,-19.5,-21.3
152.22,-8.2,-15.2,-11.8,-19.6,-21.7
152.23,-8.4,-13.8,-12.4,-20.7,-22.5
152.24,-10.0,-12.8,-16.8,-20.5,-22.7
152.25,-10.2,-12.5,-20.8,-19.6,-22.7
152.26,-10.1,-12.4,-21.3,-19.4,-22.9
152.27,-9.9,-12.5,-20.9,-18.4,-23.1
152.28,-9.9,-12.6,-21.4,-18.2,-22.8
152.29,-10.3,-13.0,-22.3,-18.4,-22.8
152.30,-10.5,-13.6,-23.8,-17.6,-22.2
152.31,-10.8,-13.8,-22.8,-17.8,-22.1
152.32,-11.2,-14.0,-23.3,-18.0,-21.8
152.33,-10.9,-14.0,-22.8,-17.6,-21.7
152.34,-10.8,-13.7,-22.8,-18.3,-21.8
152.35,-10.5,-13.3,-23.1,-18.5,-21.8
152.36,-10.5,-13.2,-24.8,-19.0,-21.7
152.37,-10.7,-13.2,-25.8,-21.0,-21.7
152.38,-10.6,-13.1,-27.9,-19.3,-22.0
152.39,-11.3,-13.2,-29.5,-21.0,-22.1
152.40,-11.3,-13.2,-30.5,-20.3,-21.8
152.41,-10.6,-12.7,-30.7,-18.8,-22.1
152.42,-10.9,-12.7,-30.7,-19.4,-22.4
152.43,-11.1,-12.8,-30.5,-19.2,-22.7
152.44,-10.9,-12.8,-30.5,-19.0,-22.1
152.45,-11.5,-13.6,-30.3,-20.0,-21.7
152.46,-12.2,-14.9,-30.3,-19.1,-21.4
152.47,-12.6,-16.1,-30.0,-19.3,-21.0
152.48,-13.1,-18.1,-29.5,-19.6,-20.1
152.49,-14.1,-22.5,-29.3,-19.5,-19.8
152.50,-10.9,-24.0,-13.2,-20.4,-20.0
152.51,-9.3,-24.3,-11.1,-20.0,-20.4
152.52,-8.8,-21.9,-10.5,-20.5,-21.0
152.53,-8.7,-18.8,-10.3,-22.4,-22.7
152.54,-8.6,-15.9,-10.6,-21.3,-24.6
152.55,-9.0,-14.0,-12.6,-22.0,-24.6
152.56,-10.0,-12.9,-16.2,-20.7,-24.3
152.57,-9.7,-12.2,-17.7,-19.9,-23.7
152.58,-9.5,-11.9,-18.1,-20.2,-22.8
152.59,-9.6,-12.1,-18.7,-19.1,-22.4
152.60,-9.9,-12.5,-20.8,-19.3,-21.8
152.61,-10.5,-13.0,-22.1,-20.2,-21.7
152.62,-10.6,-13.4,-23.2,-18.8,-22.0
152.63,-11.2,-14.0,-23.0,-19.8,-22.3
152.64,-11.5,-14.6,-23.1,-18.6,-22.6
152.65,-11.7,-15.1,-22.9,-18.6,-22.8
152.66,-12.1,-15.5,-23.2,-19.8,-22.6
152.67,-12.2,-15.6,-23.9,-19.1,-22.5
152.68,-12.1,-15.6,-24.8,-20.3,-21.7
152.69,-12.4,-15.6,-26.3,-20.9,-21.2
152.70,-12.1,-15.6,-28.2,-19.1,-20.7
152.71,-12.2,-15.5,-29.2,-20.6,-20.5
152.72,-12.4,-16.0,-29.7,-18.9,-20.8
152.73,-12.4,-17.1,-29.8,-17.9,-20.5
152.74,-12.8,-18.5,-29.9,-18.7,-20.6
152.75,-13.0,-20.3,-30.0,-17.6,-20.4
152.76,-13.1,-23.2,-29.7,-17.6,-19.6
152.77,-13.7,-23.6,-29.1,-18.1,-20.1
152.78,-13.2,-22.9,-28.8,-17.4,-20.2
152.79,-13.7,-22.5,-28.9,-18.1,-20.7
152.80,-13.6,-22.8,-29.1,-17.7,-21.3
152.81,-12.9,-17.7,-29.4,-17.5,-22.5
152.82,-10.4,-15.4,-16.2,-18.6,-22.3
152.83,-8.8,-14.1,-12.2,-19.2,-22.5
152.84,-8.3,-13.3,-11.9,-18.9,-21.7
152.85,-8.3,-13.0,-11.8,-20.3,-21.6
152.86,-8.5,-13.9,-11.8,-19.7,-21.7
152.87,-10.9,-14.8,-16.2,-19.7,-21.8
152.88,-12.1,-15.9,-20.5,-18.7,-21.9
152.89,-12.3,-16.0,-20.7,-19.5,-22.6
152.90,-12.0,-15.5,-20.5,-19.5,-22.5
152.91,-11.4,-14.9,-20.1,-18.8,-22.7
152.92,-11.2,-14.3,-21.6,-19.5,-22.5
152.93,-10.7,-13.6,-22.5,-18.9,-22.2
152.94,-10.5,-13.2,-22.6,-18.3,-21.8
152.95,-10.8,-13.3,-23.0,-18.6,-21.6
152.96,-10.8,-13.3,-23.4,-18.6,-21.7
152.97,-10.5,-13.4,-23.7,-18.0,-20.8
152.98,-10.8,-13.7,-24.0,-18.6,-20.7
152.99,-10.8,-13.7,-25.5,-18.5,-20.8
153.00,-10.6,-13.8,-26.3,-18.2,-20.4
153.01,-10.5,-13.9,-27.6,-17.8,-20.5
153.02,-10.5,-13.6,-28.8,-18.2,-20.3
153.03,-10.5,-13.7,-29.8,-17.7,-20.2
153.04,-10.6,-13.8,-30.5,-17.6,-19.9
153.05,-11.0,-13.7,-30.8,-18.3,-20.2
153.06,-10.6,-13.4,-31.3,-17.8,-19.8
153.07,-10.6,-13.2,-31.4,-17.6,-20.3
153.08,-11.2,-13.7,-31.6,-18.4,-20.4
153.09,-11.4,-14.6,-31.7,-18.0,-20.6
153.10,-12.0,-16.0,-31.8,-17.8,-21.1
153.11,-13.2,-18.5,-31.8,-18.1,-21.5
153.12,-13.8,-18.9,-31.7,-17.9,-22.3
153.13,-10.5,-16.7,-15.4,-17.8,-22.4
153.14,-8.6,-14.7,-11.8,-18.5,-23.0
153.15,-8.0,-13.7,-10.9,-19.7,-23.4
153.16,-7.5,-13.3,-10.7,-18.5,-23.8
153.17,-7.8,-13.7,-10.6,-19.6,-24.5
153.18,-9.2,-14.3,-12.8,-19.3,-24.4
153.19,-10.2,-15.0,-16.0,-18.5,-24.6
153.20,-10.9,-15.5,-17.7,-18.1,-24.4
153.21,-11.5,-15.5,-18.5,-18.9,-24.7
153.22,-11.5,-15.4,-18.9,-18.6,-24.8
153.23,-11.4,-15.2,-20.9,-17.7,-24.3
153.24,-11.7,-14.8,-21.3,-18.1,-24.5
153.25,-11.5,-14.5,-22.8,-18.3,-24.8
153.26,-10.5,-14.3,-21.8,-17.2,-23.8
153.27,-10.6,-14.1,-21.9,-17.9,-23.0
153.28,-10.4,-13.9,-22.0,-18.0,-22.8
153.29,-9.8,-13.6,-22.3,-17.2,-21.5
153.30,-9.8,-13.2,-23.3,-17.5,-21.1
153.31,-10.4,-12.9,-25.5,-18.1,-21.0
153.32,-10.2,-12.6,-27.4,-17.7,-20.3
153.33,-10.1,-12.5,-28.2,-17.4,-20.2
153.34,-10.5,-12.7,-28.7,-18.2,-20.0
153.35,-10.5,-13.1,-29.1,-18.0,-20.0
153.36,-10.6,-13.4,-29.7,-17.3,-20.0
153.37,-10.7,-13.2,-30.0,-18.2,-20.1
153.38,-10.6,-12.9,-30.0,-18.7,-19.9
153.39,-10.8,-13.6,-29.8,-17.6,-20.1
153.40,-11.5,-14.3,-29.2,-18.5,-20.4
153.41,-12.6,-15.9,-28.8,-18.4,-20.6
153.42,-12.9,-20.2,-28.9,-17.6,-20.0
153.43,-13.8,-25.9,-29.1,-17.8,-19.7
153.44,-14.2,-28.2,-28.8,-18.2,-19.8
153.45,-11.3,-29.1,-16.6,-17.8,-19.9
153.46,-8.9,-24.8,-11.9,-17.6,-20.2
153.47,-8.5,-18.6,-11.4,-18.4,-21.0
153.48,-8.1,-16.3,-11.3,-18.4,-21.2
153.49,-7.6,-14.7,-11.3,-17.4,-21.3
153.50,-9.8,-13.6,-14.9,-18.7,-22.0
153.51,-10.6,-13.3,-20.7,-18.5,-21.9
153.52,-10.1,-13.1,-20.5,-17.7,-22.1
153.53,-9.7,-13.2,-16.0,-18.6,-22.7
153.54,-9.5,-13.4,-14.7,-18.7,-23.3
153.55,-9.3,-13.3,-14.5,-18.1,-23.7
153.56,-9.0,-13.1,-14.3,-18.0,-24.0
153.57,-9.4,-12.6,-15.0,-19.0,-23.5
153.58,-9.4,-12.3,-17.6,-18.1,-23.2
153.59,-9.6,-12.0,-19.3,-18.4,-22.5
153.60,-9.7,-12.1,-20.9,-18.6,-22.1
153.61,-10.0,-12.4,-22.1,-18.4,-21.9
153.62,-10.2,-13.2,-23.7,-17.6,-21.4
153.63,-10.7,-13.5,-25.1,-18.5,-21.5
153.64,-10.7,-13.9,-26.2,-18.1,-21.5
153.65,-10.7,-14.0,-27.2,-17.6,-21.6
153.66,-10.9,-14.0,-28.3,-18.7,-22.2
153.67,-11.5,-14.7,-28.9,-18.7,-22.8
153.68,-11.5,-15.6,-29.3,-18.1,-22.1
153.69,-12.5,-17.2,-29.7,-18.2,-22.4
153.70,-13.5,-19.8,-29.6,-18.9,-22.2
153.71,-13.7,-23.9,-29.4,-18.6,-21.0
153.72,-13.7,-28.7,-29.5,-18.3,-20.4
153.73,-14.9,-32.6,-29.6,-19.1,-20.8
153.74,-14.9,-33.2,-29.8,-18.8,-20.6
153.75,-14.0,-31.7,-30.1,-18.1,-19.6
153.76,-11.7,-25.7,-15.0,-19.3,-20.5
153.77,-9.5,-20.8,-11.1,-19.2,-20.5
153.78,-8.6,-17.2,-10.1,-18.8,-20.5
153.79,-8.2,-14.7,-9.9,-20.0,-21.2
153.80,-7.7,-13.2,-9.8,-20.0,-22.0
153.81,-8.8,-12.4,-12.3,-18.8,-21.9
153.82,-9.1,-12.1,-15.5,-19.2,-21.9
153.83,-9.5,-12.2,-17.7,-19.8,-22.0
153.84,-9.6,-12.6,-18.7,-18.6,-22.4
153.85,-10.1,-13.0,-18.9,-19.2,-22.6
153.86,-10.5,-13.4,-20.5,-19.5,-22.8
153.87,-10.6,-13.6,-21.1,-19.2,-22.5
153.88,-10.6,-13.7,-22.8,-18.4,-22.5
153.89,-11.1,-13.6,-23.2,-19.8,-22.2
153.90,-11.1,-13.7,-24.2,-19.0,-22.0
153.91,-10.8,-13.6,-24.8,-18.7,-21.3
153.92,-11.0,-13.7,-25.6,-19.6,-21.1
153.93,-11.1,-13.9,-26.9,-20.0,-21.0
153.94,-10.8,-13.6,-28.3,-19.3,-20.9
153.95,-10.9,-13.1,-29.1,-21.2,-21.3
153.96,-10.5,-12.7,-29.5,-20.1,-21.4
153.97,-10.4,-12.8,-29.8,-19.6,-20.9
153.98,-10.7,-13.2,-30.1,-19.4,-21.2
153.99,-11.2,-13.9,-30.0,-19.0,-21.4
154.00,-12.2,-15.3,-30.1,-20.0,-21.6
154.01,-12.5,-16.9,-30.3,-18.8,-20.9
154.02,-13.8,-18.1,-30.4,-20.3,-21.9
154.03,-13.7,-19.2,-30.6,-19.0,-21.4
154.04,-13.6,-20.4,-30.8,-19.3,-20.6
154.05,-13.4,-21.8,-30.8,-18.8,-20.5
154.06,-13.7,-22.2,-31.0,-18.7,-20.6
154.07,-13.6,-21.0,-31.1,-18.7,-20.5
154.08,-11.8,-19.2,-16.8,-18.9,-20.0
154.09,-9.5,-17.3,-12.4,-19.9,-20.2
154.10,-8.6,-15.9,-11.6,-19.6,-19.8
154.11,-8.4,-14.9,-11.4,-20.0,-19.9
154.12,-8.4,-14.2,-11.4,-20.4,-20.5
154.13,-9.5,-13.9,-13.8,-21.6,-20.4
154.14,-11.4,-14.1,-19.4,-21.8,-20.4
154.15,-11.6,-14.3,-20.0,-22.1,-20.4
154.16,-12.1,-15.1,-20.3,-24.4,-20.1
154.17,-12.2,-15.8,-19.8,-24.4,-19.5
154.18,-12.4,-16.7,-21.3,-23.6,-19.1
154.19,-12.1,-17.6,-21.2,-21.7,-18.7
154.20,-12.3,-17.8,-22.3,-21.7,-18.5
154.21,-11.6,-17.6,-22.4,-20.5,-17.9
154.22,-11.9,-17.4,-23.6,-20.8,-18.2
154.23,-12.5,-17.7,-24.2,-21.9,-18.2
154.24,-12.7,-17.7,-24.7,-22.9,-18.3
154.25,-12.0,-17.1,-25.8,-21.9,-18.1
154.26,-12.0,-16.3,-26.7,-20.5,-18.5
154.27,-10.8,-15.5,-27.8,-18.0,-18.3
154.28,-10.4,-15.0,-28.9,-17.5,-18.4
154.29,-10.1,-15.0,-29.6,-16.4,-18.4
154.30,-10.5,-15.1,-30.5,-16.7,-18.9
154.31,-10.8,-15.1,-30.8,-16.7,-19.7
154.32,-11.1,-15.2,-30.9,-16.9,-20.1
154.33,-11.3,-15.0,-31.0,-16.8,-20.5
154.34,-11.0,-15.0,-31.3,-16.5,-19.9
154.35,-11.0,-15.1,-31.6,-16.5,-19.8
154.36,-10.5,-15.2,-31.5,-16.2,-19.1
154.37,-10.2,-15.0,-31.8,-16.4,-18.7
154.38,-10.0,-14.9,-31.6,-16.2,-18.7
154.39,-9.6,-15.0,-18.1,-16.6,-19.3
154.40,-8.5,-14.9,-13.0,-16.5,-19.7
154.41,-8.1,-14.9,-10.4,-16.9,-20.9
154.42,-8.2,-15.5,-10.2,-16.8,-21.5
154.43,-8.2,-15.6,-10.0,-17.0,-21.4
154.44,-9.4,-15.7,-11.7,-17.1,-21.5
154.45,-10.5,-15.7,-14.7,-17.0,-21.3
154.46,-11.2,-15.6,-17.1,-17.2,-20.9
154.47,-11.1,-15.4,-18.2,-17.5,-20.6
154.48,-11.1,-15.7,-18.6,-17.7,-20.9
154.49,-11.6,-16.7,-19.4,-18.4,-20.6
154.50,-12.0,-18.7,-21.2,-18.7,-20.2
154.51,-12.5,-21.0,-22.2,-18.8,-20.3
154.52,-13.4,-27.7,-22.4,-18.6,-20.0
154.53,-13.5,-32.4,-22.9,-19.0,-19.6
154.54,-12.9,-34.0,-23.1,-18.1,-19.2
154.55,-12.9,-33.1,-23.7,-18.6,-18.9
154.56,-12.5,-29.9,-24.2,-17.9,-18.4
154.57,-11.9,-20.5,-25.2,-17.8,-18.5
154.58,-11.1,-17.6,-26.2,-17.1,-18.5
154.59,-11.0,-16.0,-27.8,-17.3,-18.6
154.60,-10.2,-13.9,-29.4,-16.9,-19.1
154.61,-9.5,-12.0,-30.3,-17.3,-19.6
154.62,-9.3,-12.0,-30.8,-16.9,-19.5
154.63,-9.3,-11.8,-31.4,-17.5,-19.4
154.64,-9.3,-11.7,-31.4,-17.0,-19.7
154.65,-9.8,-12.2,-31.4,-17.6,-19.4
154.66,-10.5,-13.1,-31.2,-16.8,-20.0
154.67,-10.5,-12.7,-31.2,-17.4,-19.9
154.68,-10.6,-12.5,-31.5,-16.7,-20.7
154.69,-10.9,-12.8,-31.8,-17.4,-20.7
154.70,-10.8,-13.7,-31.9,-17.1,-20.3
154.71,-10.8,-14.8,-20.1,-17.8,-20.3
154.72,-9.2,-15.2,-12.7,-17.6,-20.3
154.73,-8.8,-14.6,-11.6,-18.3,-20.6
154.74,-8.5,-14.1,-11.5,-17.8,-20.5
154.75,-8.5,-13.4,-11.4,-18.4,-21.2
154.76,-9.1,-12.8,-12.6,-17.8,-20.9
154.77,-10.4,-13.2,-19.0,-18.3,-20.8
154.78,-10.8,-14.1,-20.3,-17.7,-20.6
154.79,-10.8,-14.3,-20.7,-18.4,-20.2
154.80,-10.8,-14.5,-19.8,-18.0,-20.0
154.81,-10.8,-14.6,-21.5,-18.7,-20.0
154.82,-10.3,-14.4,-20.7,-17.8,-19.6
154.83,-11.0,-14.2,-21.9,-18.7,-19.7
154.84,-10.6,-13.8,-21.9,-17.9,-19.8
154.85,-10.3,-13.2,-23.2,-18.4,-19.9
154.86,-10.0,-12.8,-24.0,-17.6,-20.4
154.87,-9.9,-12.6,-25.4,-18.3,-20.0
154.88,-9.5,-12.4,-26.0,-17.3,-20.3
154.89,-9.7,-12.5,-27.2,-17.9,-19.9
154.90,-9.4,-12.8,-28.6,-16.9,-19.2
154.91,-10.1,-13.2,-29.9,-17.7,-19.7
154.92,-10.2,-13.9,-30.7,-17.1,-19.8
154.93,-11.2,-15.0,-31.7,-17.9,-20.1
154.94,-11.6,-16.8,-31.7,-17.0,-20.0
154.95,-12.9,-19.7,-31.2,-17.8,-20.1
154.96,-12.4,-23.0,-31.0,-17.0,-19.1
154.97,-12.5,-26.5,-30.9,-17.2,-18.5
154.98,-12.3,-32.1,-30.9,-16.7,-18.1
154.99,-12.7,-32.8,-31.0,-16.9,-18.4
155.00,-12.8,-32.8,-31.0,-16.8,-18.3
155.01,-13.6,-33.2,-31.0,-16.9,-18.6
155.02,-12.9,-33.5,-19.9,-16.8,-19.1
155.03,-10.7,-33.8,-13.3,-17.0,-19.4
155.04,-9.5,-34.8,-10.5,-17.1,-19.2
155.05,-8.7,-36.0,-9.9,-17.3,-19.1
155.06,-8.5,-37.1,-9.7,-17.3,-19.6
155.07,-9.4,-38.0,-10.7,-17.6,-20.0
155.08,-11.5,-38.1,-13.8,-17.6,-20.3
155.09,-13.4,-37.9,-16.5,-17.7,-20.4
155.10,-13.3,-37.9,-17.2,-17.6,-20.6
155.11,-13.5,-37.8,-18.1,-17.8,-20.1
155.12,-13.5,-37.7,-18.3,-17.7,-20.2
155.13,-13.0,-38.0,-20.7,-17.8,-20.1
155.14,-12.8,-38.6,-21.6,-17.6,-20.1
155.15,-13.5,-38.3,-22.2,-17.7,-19.4
155.16,-13.6,-36.8,-23.1,-17.5,-19.6
155.17,-13.5,-29.8,-23.0,-17.3,-19.5
155.18,-13.9,-28.0,-23.6,-17.4,-20.1
155.19,-13.7,-22.8,-24.3,-17.2,-20.8
155.20,-12.1,-17.1,-25.5,-17.2,-20.8
155.21,-10.4,-13.9,-26.3,-17.0,-21.1
155.22,-9.6,-12.6,-28.0,-17.1,-20.3
155.23,-9.2,-11.6,-29.6,-17.1,-20.5
155.24,-9.0,-11.3,-30.3,-17.2,-20.1
155.25,-9.9,-12.1,-30.6,-17.2,-20.1
155.26,-10.9,-13.4,-30.8,-17.5,-20.6
155.27,-12.1,-14.5,-30.9,-17.5,-20.1
155.28,-12.5,-16.2,-31.1,-17.6,-19.9
155.29,-12.5,-17.1,-31.1,-17.6,-19.2
155.30,-12.1,-16.8,-31.2,-17.9,-19.6
155.31,-12.0,-17.4,-31.0,-17.6,-19.7
155.32,-12.3,-18.0,-31.1,-18.1,-20.1
155.33,-12.3,-18.1,-31.2,-17.8,-20.1
155.34,-13.1,-20.0,-24.3,-18.6,-20.3
155.35,-10.0,-19.0,-12.3,-18.8,-20.1
155.36,-9.2,-16.4,-11.2,-19.5,-19.9
155.37,-8.9,-15.1,-11.0,-20.1,-20.2
155.38,-8.9,-14.2,-11.0,-21.9,-20.0
155.39,-9.3,-13.3,-12.3,-22.1,-20.0
155.40,-10.6,-13.5,-17.1,-21.8,-20.1
155.41,-11.0,-13.8,-20.2,-23.3,-20.0
155.42,-11.2,-14.1,-20.8,-22.3,-20.1
155.43,-11.3,-14.8,-20.7,-21.5,-19.6
155.44,-12.0,-15.4,-22.0,-22.5,-19.3
155.45,-12.3,-15.7,-22.3,-23.0,-19.2
155.46,-12.6,-16.3,-24.5,-21.4,-19.0
155.47,-12.2,-15.7,-23.1,-21.9,-18.9
155.48,-12.2,-15.4,-23.3,-21.2,-19.0
155.49,-11.6,-15.0,-22.8,-20.2,-19.0
155.50,-10.5,-15.1,-14.5,-20.7,-19.0
155.51,-9.4,-15.1,-12.8,-21.1,-19.2
155.52,-9.3,-14.9,-12.5,-21.3,-19.3
155.53,-9.5,-15.0,-12.3,-23.5,-20.0
155.54,-9.4,-14.9,-12.6,-20.6,-20.1
155.55,-10.5,-14.8,-16.7,-20.1,-20.3
155.56,-11.1,-14.9,-18.5,-19.6,-20.0
155.57,-11.0,-15.1,-20.5,-18.4,-19.9
155.58,-11.2,-15.2,-21.4,-18.9,-19.6
155.59,-11.5,-15.2,-22.3,-19.2,-19.5
155.60,-11.1,-15.0,-23.7,-18.4,-19.4
155.61,-11.3,-14.7,-24.8,-19.3,-19.8
155.62,-10.9,-14.2,-25.0,-18.8,-19.7
155.63,-11.0,-14.4,-24.9,-18.5,-20.1
155.64,-11.3,-15.0,-25.0,-18.9,-20.1
155.65,-11.7,-16.1,-24.6,-18.3,-20.5
155.66,-10.2,-17.0,-13.6,-18.1,-20.6
155.67,-9.0,-17.1,-11.3,-18.7,-20.9
155.68,-8.6,-15.3,-10.9,-19.1,-21.7
155.69,-8.1,-13.5,-10.7,-20.1,-21.8
155.70,-8.3,-12.6,-11.5,-21.2,-22.4
155.71,-9.0,-12.3,-14.0,-21.9,-22.9
155.72,-9.8,-12.0,-18.1,-21.0,-22.7
155.73,-9.7,-12.0,-18.6,-20.5,-23.2
155.74,-10.1,-12.4,-19.7,-21.0,-22.9
155.75,-10.0,-12.6,-20.3,-19.9,-22.7
155.76,-10.3,-12.7,-22.9,-20.3,-21.9
155.77,-11.1,-13.4,-24.0,-21.1,-21.7
155.78,-11.2,-13.8,-24.6,-20.1,-21.7
155.79,-11.1,-13.8,-24.5,-20.7,-21.4
155.80,-11.1,-14.0,-24.0,-20.9,-21.4
155.81,-10.8,-13.9,-22.2,-19.9,-21.8
155.82,-9.9,-14.1,-16.1,-20.4,-22.1
155.83,-10.0,-14.0,-14.7,-22.3,-22.6
155.84,-9.5,-13.6,-14.1,-22.4,-22.8
155.85,-9.2,-13.2,-13.8,-22.1,-22.7
155.86,-9.7,-13.8,-14.4,-22.6,-22.0
155.87,-11.0,-14.8,-17.0,-22.7,-21.5
155.88,-11.7,-16.4,-19.1,-20.4,-21.3
155.89,-12.6,-19.6,-19.6,-19.9,-20.8
155.90,-12.5,-28.0,-15.5,-20.9,-20.5
155.91,-11.7,-32.3,-14.3,-19.5,-20.7
155.92,-11.2,-33.9,-13.7,-19.8,-20.1
155.93,-11.2,-35.8,-13.5,-19.9,-20.0
155.94,-11.7,-36.2,-14.5,-19.4,-19.6
155.95,-13.2,-35.1,-16.9,-20.8,-19.8
155.96,-14.0,-28.9,-19.4,-20.8,-20.2
155.97,-12.6,-24.0,-15.9,-21.2,-20.6
155.98,-10.7,-22.6,-12.1,-23.3,-21.5
155.99,-9.5,-21.6,-10.8,-22.7,-21.4
156.00,-9.3,-20.6,-10.6,-23.8,-21.3
156.01,-9.2,-20.3,-10.6,-22.0,-20.8
156.02,-10.2,-20.1,-12.7,-20.6,-20.3
156.03,-11.4,-19.1,-16.1,-21.1,-20.4
156.04,-12.3,-17.7,-18.4,-21.1,-20.6
156.05,-10.5,-16.7,-16.0,-20.1,-20.7
156.06,-9.9,-15.8,-13.7,-21.0,-21.0
156.07,-9.2,-14.6,-13.4,-21.0,-21.4
156.08,-8.8,-13.6,-13.3,-20.5,-21.8
156.09,-8.6,-13.0,-13.3,-20.4,-21.4
156.10,-9.1,-12.5,-16.1,-20.1,-21.2
156.11,-9.4,-12.2,-18.9,-20.4,-21.2
156.12,-9.4,-12.1,-20.2,-20.1,-20.6
156.13,-9.3,-12.3,-19.6,-20.1,-20.2
156.14,-9.4,-12.5,-17.5,-21.2,-20.3
156.15,-9.8,-12.8,-16.8,-21.5,-20.6
156.16,-10.5,-13.6,-16.7,-21.3,-20.8
156.17,-11.0,-14.0,-16.7,-22.1,-20.6
156.18,-11.5,-14.2,-18.3,-20.9,-20.9
156.19,-11.6,-14.2,-20.7,-21.4,-21.0
156.20,-11.1,-14.0,-21.4,-20.9,-21.1
156.21,-10.6,-14.0,-20.8,-20.7,-21.3
156.22,-10.2,-14.0,-17.8,-20.8,-22.2
156.23,-10.4,-14.6,-17.0,-21.2,-22.3
156.24,-10.7,-15.7,-16.7,-20.8,-21.8
156.25,-12.2,-17.4,-17.1,-21.9,-22.1
156.26,-13.0,-19.7,-18.0,-21.6,-21.6
156.27,-15.5,-24.1,-20.9,-21.5,-21.6
156.28,-15.8,-22.2,-23.1,-22.8,-22.0
156.29,-12.8,-18.4,-16.1,-22.0,-22.7
156.30,-10.0,-16.0,-12.7,-22.0,-23.1
156.31,-9.2,-14.0,-12.0,-23.9,-23.6
156.32,-8.2,-12.6,-11.5,-22.5,-23.1
156.33,-7.8,-11.7,-11.5,-21.9,-22.9
156.34,-7.9,-11.2,-12.6,-23.0,-22.8
156.35,-8.6,-10.9,-16.3,-22.6,-22.6
156.36,-8.6,-11.0,-16.5,-22.0,-22.6
156.37,-8.7,-11.4,-15.2,-22.3,-22.6
156.38,-8.8,-12.3,-14.4,-21.8,-22.5
156.39,-9.1,-13.1,-14.6,-21.6,-22.7
156.40,-9.5,-13.8,-14.7,-21.8,-22.6
156.41,-9.8,-14.3,-14.9,-21.7,-22.7
156.42,-10.6,-14.4,-17.0,-21.5,-23.0
156.43,-11.0,-14.5,-17.3,-22.4,-23.3
156.44,-10.7,-14.9,-16.4,-22.2,-23.5
156.45,-9.3,-15.0,-13.4,-21.9,-23.9
156.46,-9.2,-14.8,-12.6,-23.3,-24.7
156.47,-9.0,-14.4,-12.4,-23.5,-24.8
156.48,-9.2,-14.1,-12.2,-23.0,-25.1
156.49,-9.3,-13.7,-12.5,-22.9,-24.9
156.50,-10.7,-14.3,-14.0,-24.1,-24.4
156.51,-11.9,-15.1,-16.0,-23.4,-23.9
156.52,-12.1,-16.1,-17.8,-22.6,-23.5
156.53,-10.9,-17.8,-14.7,-23.8,-23.5
156.54,-10.5,-20.5,-13.9,-22.6,-23.1
156.55,-10.0,-21.0,-13.5,-21.8,-23.0
156.56,-9.2,-22.4,-12.5,-21.2,-22.9
156.57,-9.1,-24.9,-12.7,-20.6,-22.7
156.58,-9.5,-25.3,-13.5,-20.5,-22.8
156.59,-9.6,-23.4,-14.1,-19.9,-22.7
156.60,-10.0,-18.7,-15.0,-20.5,-22.8
156.61,-9.5,-16.1,-12.5,-20.7,-22.2
156.62,-8.7,-13.9,-11.2,-20.8,-21.9
156.63,-8.1,-12.0,-11.1,-21.4,-21.5
156.64,-8.0,-11.2,-11.4,-22.7,-21.2
156.65,-8.0,-11.2,-11.3,-23.1,-21.0
156.66,-9.0,-11.4,-15.4,-23.4,-21.3
156.67,-9.9,-12.6,-18.1,-24.8,-21.1
156.68,-10.7,-13.7,-18.7,-25.5,-20.6
156.69,-10.9,-14.7,-18.5,-26.2,-20.2
156.70,-10.5,-14.8,-18.1,-26.0,-19.8
156.71,-10.4,-15.2,-17.6,-25.2,-19.7
156.72,-9.8,-15.1,-17.2,-25.0,-19.0
156.73,-9.7,-15.3,-17.4,-24.5,-18.5
156.74,-10.2,-15.4,-18.3,-25.5,-18.4
156.75,-10.5,-15.9,-19.4,-25.2,-18.3
156.76,-10.8,-16.4,-19.3,-25.9,-17.9
156.77,-11.5,-16.8,-18.9,-25.8,-18.3
156.78,-11.1,-16.8,-17.9,-24.9,-18.5
156.79,-10.7,-16.4,-17.3,-24.5,-18.1
156.80,-10.9,-15.8,-17.8,-25.0,-18.0
156.81,-10.9,-15.4,-18.2,-23.0,-18.6
156.82,-10.4,-15.1,-19.0,-21.4,-18.7
156.83,-10.9,-15.4,-21.1,-22.2,-18.7
156.84,-10.7,-15.4,-21.6,-19.6,-18.6
156.85,-11.5,-15.7,-22.0,-19.9,-19.3
156.86,-11.6,-15.9,-21.5,-19.1,-19.5
156.87,-11.5,-15.8,-21.5,-19.0,-19.1
156.88,-11.4,-15.6,-21.3,-18.6,-19.2
156.89,-11.6,-15.6,-20.9,-18.8,-19.2
156.90,-11.2,-15.7,-20.9,-18.4,-18.7
156.91,-11.0,-15.7,-21.6,-18.9,-18.0
156.92,-9.3,-15.9,-14.0,-18.5,-17.6
156.93,-9.0,-15.9,-11.2,-19.2,-17.5
156.94,-8.4,-15.9,-10.4,-19.0,-17.2
156.95,-8.7,-15.4,-10.1,-19.0,-17.5
156.96,-8.8,-14.9,-10.0,-19.5,-17.8
156.97,-9.5,-14.8,-12.0,-18.5,-18.2
156.98,-10.2,-14.8,-15.5,-19.4,-18.6
156.99,-10.3,-14.8,-17.2,-19.0,-18.6
157.00,-10.4,-14.9,-18.6,-19.7,-18.3
157.01,-10.0,-14.7,-19.4,-19.6,-17.7
157.02,-10.3,-14.6,-21.2,-19.9,-17.4
157.03,-10.2,-14.4,-21.3,-19.7,-17.2
157.04,-10.3,-14.8,-22.9,-20.0,-17.0
157.05,-10.6,-15.6,-23.1,-19.7,-17.4
157.06,-11.0,-15.2,-23.5,-20.7,-17.6
157.07,-10.9,-14.6,-24.1,-20.6,-17.8
157.08,-10.6,-13.8,-24.8,-21.5,-18.1
157.09,-10.4,-12.6,-25.7,-22.3,-18.9
157.10,-9.7,-11.8,-26.6,-21.5,-18.7
157.11,-9.3,-11.2,-27.3,-22.2,-18.2
157.12,-9.3,-11.0,-27.9,-21.9,-17.5
157.13,-9.5,-11.3,-27.7,-21.9,-17.4
157.14,-9.8,-11.5,-27.7,-20.6,-17.1
157.15,-9.9,-11.8,-27.5,-21.4,-16.6
157.16,-10.4,-12.1,-27.5,-20.2,-17.2
157.17,-10.5,-12.6,-27.8,-20.5,-17.1
157.18,-10.6,-12.6,-28.1,-20.1,-17.2
157.19,-10.8,-13.0,-28.2,-20.5,-17.4
157.20,-10.7,-13.4,-28.2,-19.7,-17.5
157.21,-10.4,-13.4,-28.3,-20.6,-17.0
157.22,-10.2,-13.5,-28.4,-19.8,-17.2
157.23,-10.2,-13.6,-28.4,-20.5,-17.3
157.24,-9.3,-13.8,-15.6,-20.2,-17.8
157.25,-8.7,-14.0,-11.6,-20.7,-18.8
157.26,-8.7,-14.0,-11.2,-20.9,-20.9
157.27,-9.0,-14.0,-11.1,-21.8,-22.8
157.28,-9.1,-13.9,-11.2,-21.9,-23.0
157.29,-10.4,-13.5,-16.0,-22.5,-22.5
157.30,-11.1,-13.1,-21.3,-22.5,-22.9
157.31,-10.9,-12.8,-21.5,-22.0,-22.7
157.32,-10.9,-12.7,-21.5,-21.8,-22.8
157.33,-10.5,-12.6,-21.4,-20.5,-22.9
157.34,-10.9,-12.6,-22.6,-21.2,-23.0
157.35,-10.6,-12.6,-23.5,-20.0,-22.0
157.36,-10.3,-12.4,-25.1,-20.6,-22.0
157.37,-10.4,-12.5,-25.5,-20.7,-21.7
157.38,-10.6,-12.8,-25.8,-21.2,-21.7
157.39,-11.1,-13.4,-26.2,-21.1,-21.3
157.40,-11.7,-14.1,-26.8,-21.8,-19.8
157.41,-11.8,-14.8,-27.2,-21.5,-18.8
157.42,-12.0,-15.1,-27.3,-21.5,-18.6
157.43,-11.9,-15.3,-28.0,-21.2,-18.3
157.44,-11.8,-15.1,-28.4,-22.2,-18.1
157.45,-11.6,-14.6,-28.5,-21.5,-18.7
157.46,-11.8,-14.4,-29.0,-21.2,-19.5
157.47,-11.2,-14.3,-29.2,-21.9,-18.0
157.48,-11.1,-15.1,-29.2,-20.8,-16.6
157.49,-11.0,-15.9,-29.2,-20.4,-16.5
157.50,-11.7,-17.1,-29.0,-20.7,-16.5
157.51,-11.6,-18.0,-28.6,-20.2,-16.1
157.52,-11.9,-18.7,-28.6,-19.9,-16.4
157.53,-12.7,-18.2,-28.7,-21.0,-17.5
157.54,-12.9,-17.7,-28.7,-21.1,-18.4
157.55,-10.7,-17.4,-16.4,-21.8,-18.5
157.56,-9.0,-16.8,-11.2,-20.9,-19.2
157.57,-8.6,-16.0,-10.3,-21.1,-20.3
157.58,-8.4,-15.6,-10.0,-20.0,-20.9
157.59,-8.2,-15.4,-9.8,-20.1,-21.7
157.60,-9.8,-14.9,-11.9,-19.9,-21.4
157.61,-10.3,-14.7,-15.2,-20.1,-21.0
157.62,-10.6,-14.4,-16.9,-20.8,-21.0
157.63,-10.5,-14.0,-18.4,-20.8,-20.2
157.64,-10.3,-13.7,-19.4,-20.2,-19.1
157.65,-10.6,-13.7,-21.5,-21.2,-18.3
157.66,-10.5,-13.7,-22.2,-20.8,-17.7
157.67,-10.2,-13.9,-23.2,-20.1,-17.4
157.68,-10.4,-13.9,-23.4,-20.6,-17.5
157.69,-10.9,-14.1,-23.9,-21.3,-18.0
157.70,-10.3,-13.8,-24.4,-19.6,-18.3
157.71,-10.4,-13.8,-24.9,-20.3,-18.5
157.72,-10.8,-13.6,-25.8,-20.3,-18.8
157.73,-10.7,-13.8,-26.6,-20.0,-18.5
157.74,-10.4,-13.7,-27.6,-20.0,-17.1
157.75,-10.7,-13.9,-28.3,-20.7,-16.7
157.76,-10.6,-13.8,-29.2,-19.9,-16.9
157.77,-10.8,-14.0,-29.8,-20.2,-16.9
157.78,-10.7,-13.8,-30.0,-20.2,-17.4
157.79,-11.0,-13.7,-30.3,-20.7,-17.4
157.80,-11.0,-13.6,-30.6,-20.6,-18.2
157.81,-11.2,-13.6,-30.6,-21.1,-18.3
157.82,-11.0,-13.5,-30.6,-20.6,-18.6
157.83,-11.5,-13.5,-31.0,-20.9,-19.9
157.84,-11.5,-13.5,-31.3,-21.0,-19.8
157.85,-11.5,-13.3,-31.4,-20.7,-19.5
157.86,-11.1,-13.0,-31.4,-20.7,-19.1
157.87,-9.9,-12.9,-16.2,-21.0,-18.8
157.88,-8.9,-13.1,-11.4,-20.3,-18.8
157.89,-8.4,-13.0,-10.8,-20.1,-19.1
157.90,-8.4,-12.8,-10.7,-20.5,-20.0
157.91,-8.5,-12.6,-10.7,-20.7,-21.2
157.92,-9.5,-12.4,-14.2,-20.8,-21.4
157.93,-10.0,-12.1,-21.1,-20.2,-20.7
157.94,-10.0,-12.1,-21.4,-20.7,-20.2
157.95,-9.8,-12.3,-21.6,-19.8,-20.1
157.96,-10.1,-12.5,-21.4,-20.4,-19.7
157.97,-9.9,-12.6,-22.7,-20.5,-19.4
157.98,-9.9,-12.6,-22.3,-20.6,-19.0
157.99,-9.8,-12.6,-23.0,-20.4,-18.7
158.00,-9.8,-12.3,-23.1,-21.1,-18.5
158.01,-9.5,-12.3,-23.4,-20.3,-17.9
158.02,-9.7,-12.2,-23.9,-20.8,-18.3
158.03,-9.8,-12.3,-25.7,-21.1,-18.3
158.04,-10.1,-12.5,-28.2,-21.6,-18.1
158.05,-10.2,-12.5,-29.4,-21.3,-18.1
158.06,-10.2,-12.4,-30.6,-21.6,-18.3
158.07,-10.0,-12.1,-31.3,-20.9,-18.3
158.08,-9.7,-11.9,-31.8,-20.0,-18.5
158.09,-9.8,-11.8,-32.2,-20.1,-18.7
158.10,-10.1,-11.9,-32.4,-19.9,-19.0
158.11,-10.0,-12.2,-32.6,-19.5,-18.8
158.12,-10.3,-12.5,-32.8,-19.8,-18.8
158.13,-10.6,-12.8,-32.9,-19.8,-18.8
158.14,-10.4,-12.8,-32.9,-19.0,-18.9
158.15,-10.4,-12.9,-32.9,-19.0,-18.8
158.16,-10.4,-12.8,-32.7,-19.7,-19.3
158.17,-10.4,-12.8,-32.0,-19.3,-19.7
158.18,-9.8,-12.8,-17.8,-19.4,-19.4
158.19,-8.9,-12.9,-12.5,-20.5,-19.7
158.20,-8.0,-13.1,-10.6,-20.8,-19.7
158.21,-7.7,-12.9,-10.4,-21.0,-19.4
158.22,-7.7,-13.2,-10.2,-22.7,-19.4
158.23,-8.5,-13.3,-12.1,-23.9,-19.5
158.24,-9.4,-13.4,-15.0,-22.8,-19.5
158.25,-10.2,-13.7,-17.2,-24.2,-19.9
158.26,-10.9,-13.8,-18.4,-23.7,-20.2
158.27,-11.0,-14.0,-19.2,-22.7,-20.0
158.28,-11.1,-13.8,-20.7,-23.1,-19.9
158.29,-11.4,-14.0,-21.5,-23.9,-20.0
158.30,-11.0,-13.9,-22.8,-22.3,-19.5
158.31,-10.9,-13.8,-22.9,-22.3,-19.2
158.32,-11.0,-14.0,-23.4,-23.0,-18.9
158.33,-11.0,-13.8,-24.3,-21.8,-18.9
158.34,-10.9,-13.9,-25.2,-21.4,-18.6
158.35,-11.4,-13.9,-25.9,-22.7,-19.2
158.36,-11.3,-13.8,-26.9,-21.7,-19.1
158.37,-11.1,-13.7,-27.8,-21.0,-19.3
158.38,-11.2,-13.6,-28.6,-21.7,-19.1
158.39,-10.9,-13.7,-29.0,-20.5,-18.6
158.40,-10.5,-13.3,-29.7,-20.4,-18.4
158.41,-10.2,-13.1,-30.2,-20.6,-18.3
158.42,-10.4,-13.0,-30.3,-20.6,-18.5
158.43,-10.1,-12.6,-30.7,-20.1,-19.0
158.44,-10.6,-12.8,-31.2,-21.2,-19.0
158.45,-10.3,-12.7,-31.5,-20.4,-18.9
158.46,-10.4,-12.8,-31.9,-20.3,-19.1
158.47,-10.6,-13.0,-31.9,-21.0,-18.9
158.48,-10.9,-13.1,-31.9,-21.1,-19.1
158.49,-10.7,-13.3,-31.7,-20.2,-19.2
158.50,-10.2,-13.5,-17.1,-20.7,-19.4
158.51,-8.7,-13.8,-11.8,-21.4,-19.6
158.52,-8.0,-13.9,-10.9,-20.9,-19.5
158.53,-8.0,-14.0,-10.8,-21.5,-19.3
158.54,-8.1,-13.9,-10.8,-23.1,-19.5
158.55,-8.4,-13.7,-12.4,-21.8,-18.9
158.56,-10.1,-13.7,-19.8,-21.6,-18.6
158.57,-10.6,-13.7,-19.4,-23.0,-18.8
158.58,-10.8,-13.8,-19.8,-22.1,-19.1
158.59,-10.7,-13.9,-19.3,-22.3,-18.9
158.60,-11.5,-14.0,-20.2,-23.8,-19.5
158.61,-11.3,-13.9,-20.0,-22.3,-19.9
158.62,-11.0,-13.7,-22.4,-21.5,-19.3
158.63,-11.0,-13.6,-22.4,-23.0,-19.4
158.64,-10.9,-13.4,-23.7,-22.7,-19.8
158.65,-10.6,-13.2,-24.5,-21.4,-19.3
158.66,-10.7,-12.9,-25.7,-23.1,-19.2
158.67,-10.6,-13.0,-27.2,-22.6,-19.1
158.68,-10.4,-12.9,-28.4,-21.1,-19.4
158.69,-10.6,-13.0,-29.3,-21.2,-19.7
158.70,-10.8,-13.0,-29.8,-21.7,-20.4
158.71,-10.6,-12.9,-29.5,-20.7,-20.5
158.72,-10.5,-13.1,-29.1,-21.2,-20.1
158.73,-10.2,-12.8,-29.1,-21.3,-19.6
158.74,-10.4,-12.9,-29.5,-20.9,-19.5
158.75,-10.1,-12.6,-29.8,-21.1,-19.2
158.76,-10.1,-12.4,-30.4,-21.5,-18.8
158.77,-9.9,-12.4,-32.0,-20.6,-19.2
158.78,-9.8,-12.1,-32.1,-20.4,-19.5
158.79,-10.0,-12.2,-32.0,-20.6,-19.6
158.80,-9.9,-12.1,-32.0,-20.1,-20.1
158.81,-9.8,-12.1,-19.8,-19.7,-20.6
158.82,-8.9,-12.4,-13.4,-20.4,-20.3
158.83,-7.8,-12.4,-10.6,-20.6,-20.5
158.84,-7.5,-12.6,-10.2,-20.2,-20.2
158.85,-7.4,-12.3,-10.1,-20.9,-19.8
158.86,-7.7,-12.2,-11.1,-20.7,-19.9
158.87,-8.9,-12.0,-14.7,-20.8,-20.4
158.88,-9.5,-11.9,-17.5,-20.7,-20.5
158.89,-9.7,-11.8,-18.3,-22.1,-20.6
158.90,-9.5,-11.7,-19.2,-21.4,-21.0
158.91,-9.6,-11.8,-19.4,-21.6,-20.7
158.92,-9.7,-11.7,-21.2,-22.3,-20.9
158.93,-9.8,-11.7,-21.8,-22.3,-20.7
158.94,-9.9,-11.9,-22.5,-21.8,-21.1
158.95,-10.1,-12.0,-23.1,-23.2,-21.0
158.96,-10.4,-12.5,-24.0,-22.4,-20.9
158.97,-10.8,-13.3,-24.8,-21.7,-20.8
158.98,-11.5,-14.3,-26.0,-22.5,-20.5
158.99,-11.8,-14.9,-27.4,-22.1,-20.4
159.00,-12.1,-15.5,-27.9,-21.2,-20.9
159.01,-12.2,-15.7,-28.3,-22.0,-21.0
159.02,-12.5,-16.1,-28.8,-21.4,-21.6
159.03,-12.9,-17.2,-29.3,-20.5,-21.9
159.04,-13.9,-18.8,-29.2,-21.2,-21.9
159.05,-14.4,-21.3,-29.1,-20.9,-21.3
159.06,-14.4,-24.7,-29.2,-19.8,-20.8
159.07,-14.6,-25.6,-29.4,-20.7,-20.4
159.08,-14.2,-26.8,-29.7,-20.0,-20.1
159.09,-13.7,-27.9,-30.0,-19.0,-19.6
159.10,-13.8,-29.0,-29.7,-19.4,-19.4
159.11,-14.5,-30.1,-29.7,-19.8,-19.5
159.12,-14.3,-31.2,-29.5,-18.9,-19.6
159.13,-13.1,-32.7,-20.9,-19.0,-19.1
159.14,-9.6,-34.5,-11.8,-20.1,-18.5
159.15,-8.5,-36.0,-10.8,-19.1,-18.3
159.16,-8.5,-37.2,-10.7,-18.7,-18.5
159.17,-8.7,-38.0,-10.7,-20.1,-18.4
159.18,-9.3,-38.1,-12.1,-19.5,-18.8
159.19,-11.9,-37.5,-17.7,-19.7,-19.3
159.20,-13.3,-37.3,-19.0,-20.0,-19.3
159.21,-13.1,-37.9,-19.3,-20.1,-19.5
159.22,-13.3,-38.6,-18.7,-19.9,-19.4
159.23,-14.1,-39.8,-19.7,-20.0,-19.5
159.24,-14.4,-41.2,-19.6,-20.4,-19.2
159.25,-14.8,-42.1,-21.3,-19.7,-19.3
159.26,-14.9,-43.1,-21.2,-20.2,-19.1
159.27,-15.6,-43.2,-22.8,-20.0,-19.4
159.28,-15.3,-43.1,-22.8,-20.0,-19.3
159.29,-15.2,-43.1,-23.2,-20.2,-19.1
159.30,-15.3,-42.9,-23.8,-20.4,-19.1
159.31,-15.0,-43.0,-24.8,-20.6,-18.5
159.32,-13.3,-43.6,-25.7,-18.3,-17.7
159.33,-13.4,-44.6,-27.0,-19.0,-17.3
159.34,-13.1,-45.7,-27.7,-17.8,-17.3
159.35,-13.5,-46.9,-28.9,-18.3,-17.3
159.36,-14.2,-48.1,-29.5,-18.2,-18.0
159.37,-15.2,-48.0,-29.9,-18.5,-18.9
159.38,-15.9,-48.7,-30.0,-19.2,-19.3
159.39,-15.6,-48.6,-30.4,-18.3,-19.5
159.40,-15.7,-47.8,-30.6,-18.9,-19.6
159.41,-15.1,-47.6,-30.6,-18.0,-19.6
159.42,-15.0,-47.7,-30.5,-18.4,-19.1
159.43,-14.8,-48.0,-30.6,-18.6,-19.0
159.44,-13.7,-49.4,-22.1,-18.3,-18.3
159.45,-10.9,-50.8,-13.1,-19.6,-18.5
159.46,-9.2,-52.7,-10.3,-19.0,-18.9
159.47,-8.8,-53.3,-9.8,-20.4,-19.2
159.48,-8.5,-53.2,-9.5,-19.5,-19.9
159.49,-9.5,-54.2,-10.6,-20.3,-20.0
159.50,-10.9,-53.8,-13.2,-19.6,-20.1
159.51,-12.3,-53.8,-16.8,-19.4,-19.8
159.52,-12.7,-53.6,-17.1,-19.1,-19.7
159.53,-13.2,-52.3,-18.4,-18.6,-19.7
159.54,-13.4,-52.1,-18.7,-18.7,-19.8
159.55,-15.1,-51.2,-20.2,-18.5,-19.3
159.56,-15.4,-49.5,-20.9,-19.0,-19.5
159.57,-14.4,-49.1,-21.3,-18.8,-19.1
159.58,-14.0,-49.6,-21.5,-18.8,-18.8
159.59,-12.8,-50.0,-22.0,-18.5,-18.2
159.60,-12.6,-51.0,-22.4,-18.3,-18.6
159.61,-12.5,-55.6,-23.1,-18.4,-18.4
159.62,-13.1,-55.6,-24.6,-17.8,-18.8
159.63,-13.4,-55.7,-25.3,-18.1,-19.1
159.64,-13.4,-56.0,-26.3,-17.3,-19.2
159.65,-13.5,-56.5,-27.4,-17.0,-19.1
159.66,-13.7,-57.0,-27.7,-16.9,-19.4
159.67,-14.0,-57.1,-27.9,-16.6,-19.7
159.68,-15.1,-56.8,-27.8,-17.6,-19.8
159.69,-14.6,-56.3,-27.7,-16.8,-20.3
159.70,-13.8,-55.7,-27.8,-17.2,-19.6
159.71,-13.6,-55.8,-27.4,-16.9,-19.1
159.72,-13.3,-55.4,-26.7,-16.7,-19.2
159.73,-13.6,-54.8,-26.8,-17.1,-19.1
159.74,-13.6,-55.3,-27.1,-16.7,-19.5
159.75,-13.9,-55.8,-27.0,-17.4,-19.9
159.76,-13.8,-56.3,-24.0,-16.9,-20.4
159.77,-9.6,-57.5,-12.2,-17.8,-20.3
159.78,-9.2,-59.5,-10.9,-18.4,-20.5
159.79,-9.1,-59.9,-10.8,-17.9,-20.3
159.80,-9.2,-60.5,-10.7,-19.1,-20.1
159.81,-10.4,-60.9,-11.8,-18.3,-20.0
159.82,-12.9,-60.9,-15.9,-18.5,-19.9
159.83,-13.7,-61.5,-18.8,-17.6,-19.6
159.84,-13.9,-62.7,-19.0,-18.0,-19.2
159.85,-13.6,-63.2,-18.7,-18.0,-19.1
159.86,-13.8,-63.6,-19.0,-17.6,-18.9
159.87,-14.3,-64.1,-19.3,-18.1,-18.7
159.88,-14.1,-64.0,-20.9,-17.5,-19.0
159.89,-14.2,-64.3,-21.1,-18.0,-19.2
159.90,-14.0,-64.6,-22.6,-17.7,-19.1
159.91,-14.0,-65.5,-22.8,-17.8,-19.2
159.92,-13.9,-66.1,-23.3,-18.2,-19.1
159.93,-13.7,-66.7,-23.8,-17.9,-18.9
159.94,-14.2,-67.2,-24.9,-18.6,-18.8
159.95,-13.1,-67.4,-25.3,-16.5,-18.9
159.96,-13.6,-67.5,-26.3,-17.2,-18.9
159.97,-13.7,-67.6,-28.1,-16.2,-19.1
159.98,-13.7,-67.9,-28.5,-16.4,-19.2
159.99,-13.5,-68.2,-29.3,-16.1,-19.0
160.00,-14.0,-68.6,-29.9,-16.5,-18.9
160.01,-14.2,-68.1,-29.9,-17.0,-18.9
160.02,-14.0,-66.6,-30.2,-16.4,-18.8
160.03,-14.6,-65.6,-30.1,-17.5,-18.9
160.04,-13.7,-64.7,-29.5,-16.6,-18.8
160.05,-13.9,-64.4,-29.2,-17.0,-18.7
160.06,-13.7,-64.8,-28.9,-16.8,-18.7
160.07,-13.5,-65.1,-28.7,-16.4,-18.9
160.08,-10.7,-64.6,-13.8,-17.2,-19.3
160.09,-9.2,-64.9,-10.4,-17.1,-19.8
160.10,-8.8,-64.9,-9.8,-18.5,-20.2
160.11,-8.4,-64.5,-9.5,-17.6,-20.6
160.12,-9.0,-64.8,-10.0,-18.5,-21.2
160.13,-9.8,-65.5,-11.1,-17.6,-21.5
160.14,-12.2,-65.2,-16.8,-17.8,-21.8
160.15,-12.1,-65.4,-17.2,-17.5,-21.5
160.16,-12.7,-66.1,-18.2,-17.3,-21.2
160.17,-12.6,-66.4,-18.3,-17.3,-20.9
160.18,-13.6,-67.3,-20.1,-17.0,-20.7
160.19,-14.2,-67.7,-20.6,-17.4,-20.7
160.20,-14.0,-68.2,-21.4,-17.0,-20.4
160.21,-14.7,-68.7,-21.5,-17.3,-20.6
160.22,-14.2,-68.7,-22.2,-17.1,-20.4
160.23,-13.9,-68.7,-22.5,-17.1,-20.3
160.24,-13.6,-68.8,-22.7,-17.7,-20.1
160.25,-13.6,-68.8,-23.5,-17.4,-19.9
160.26,-13.6,-68.9,-24.2,-18.2,-19.8
160.27,-13.4,-69.3,-25.5,-17.3,-19.7
160.28,-14.4,-70.4,-27.4,-17.7,-19.9
160.29,-14.5,-70.7,-28.3,-17.2,-19.9
160.30,-14.0,-71.1,-29.1,-16.5,-19.4
160.31,-15.2,-71.6,-29.9,-17.4,-19.4
160.32,-14.7,-72.0,-29.6,-16.8,-19.6
160.33,-14.7,-71.5,-29.2,-17.5,-19.7
160.34,-13.8,-72.0,-28.9,-16.6,-19.1
160.35,-13.8,-72.0,-28.4,-16.9,-19.3
160.36,-14.0,-71.4,-27.9,-16.9,-19.6
160.37,-13.7,-71.6,-28.0,-16.5,-19.3
160.38,-14.1,-71.8,-28.1,-17.4,-19.1
160.39,-13.1,-70.7,-26.3,-16.5,-19.2
160.40,-10.2,-70.3,-13.0,-17.4,-18.7
160.41,-9.0,-69.9,-10.2,-17.2,-18.3
160.42,-9.0,-69.0,-10.1,-17.7,-18.3
160.43,-8.9,-68.7,-10.1,-18.1,-17.9
160.44,-9.2,-68.7,-10.3,-18.2,-18.3
160.45,-11.6,-68.2,-15.1,-19.2,-18.6
160.46,-12.7,-68.0,-19.5,-18.1,-18.9
160.47,-13.5,-68.1,-18.9,-19.0,-19.2
160.48,-12.5,-67.7,-18.5,-17.8,-19.1
160.49,-13.0,-67.3,-18.4,-18.3,-19.0
160.50,-13.4,-67.7,-19.3,-17.7,-18.7
160.51,-13.3,-67.6,-20.6,-17.6,-18.6
160.52,-13.4,-67.5,-20.8,-17.7,-18.3
160.53,-13.5,-67.7,-22.0,-17.3,-17.9
160.54,-13.8,-68.3,-22.8,-17.7,-17.9
160.55,-13.3,-68.3,-23.6,-17.1,-17.7
160.56,-13.4,-68.2,-23.8,-17.7,-17.6
160.57,-13.9,-68.4,-25.0,-17.7,-18.0
160.58,-13.3,-68.9,-25.6,-17.4,-18.4
160.59,-13.7,-68.9,-26.4,-17.8,-18.6
160.60,-14.1,-69.4,-27.6,-17.1,-18.9
160.61,-14.6,-70.2,-28.7,-17.9,-19.1
160.62,-14.1,-70.5,-29.5,-16.8,-19.1
160.63,-15.7,-70.6,-30.2,-18.2,-19.4
160.64,-15.0,-70.7,-30.2,-17.4,-19.3
160.65,-14.5,-70.7,-30.2,-17.1,-19.6
160.66,-14.4,-70.9,-30.1,-17.4,-19.7
160.67,-14.3,-71.0,-29.5,-16.9,-19.8
160.68,-14.8,-70.5,-29.5,-17.5,-19.9
160.69,-14.3,-70.4,-29.6,-16.9,-19.9
160.70,-14.6,-69.7,-29.5,-17.3,-19.9
160.71,-11.1,-68.9,-13.7,-17.3,-20.1
160.72,-9.2,-68.6,-10.6,-17.4,-20.3
160.73,-8.8,-68.9,-9.7,-18.4,-20.6
160.74,-8.3,-69.2,-9.4,-17.6,-20.9
160.75,-8.7,-69.8,-9.5,-18.7,-21.5
160.76,-9.6,-70.8,-11.1,-17.8,-21.5
160.77,-11.6,-71.1,-15.0,-18.6,-21.9
160.78,-12.3,-71.5,-16.9,-17.8,-21.6
160.79,-13.5,-71.9,-17.9,-18.3,-21.7
160.80,-13.1,-72.2,-18.2,-17.7,-21.9
160.81,-14.6,-72.4,-19.9,-17.5,-21.7
160.82,-14.7,-72.3,-20.2,-17.6,-21.3
160.83,-14.4,-72.2,-21.0,-17.0,-21.2
160.84,-14.3,-72.3,-21.3,-17.4,-21.2
160.85,-14.2,-72.3,-22.0,-17.1,-21.3
160.86,-13.7,-72.6,-22.4,-17.2,-20.9
160.87,-13.6,-72.9,-22.9,-17.4,-21.1
160.88,-13.6,-72.6,-23.6,-17.6,-20.7
160.89,-13.9,-72.3,-24.8,-18.1,-20.3
160.90,-13.2,-72.3,-26.0,-17.0,-19.8
160.91,-13.6,-72.4,-26.9,-17.5,-19.9
160.92,-13.5,-72.2,-27.8,-16.7,-19.6
160.93,-13.9,-72.2,-28.2,-16.8,-19.9
160.94,-14.2,-72.1,-22.5,-17.2,-20.9
160.95,-11.1,-71.6,-13.2,-16.9,-21.4
160.96,-10.5,-71.5,-11.8,-17.9,-22.3
160.97,-10.4,-70.7,-11.4,-17.1,-22.3
160.98,-10.4,-70.5,-11.1,-17.7,-22.2
160.99,-12.0,-70.7,-12.6,-17.5,-22.0
161.00,-13.9,-70.8,-16.0,-17.3,-22.2
161.01,-14.5,-71.3,-18.1,-17.8,-21.9
161.02,-14.3,-72.3,-19.9,-17.3,-21.7
161.03,-11.7,-72.1,-14.9,-18.0,-20.7
161.04,-9.5,-71.6,-10.8,-17.5,-19.8
161.05,-9.2,-71.5,-10.6,-18.0,-19.0
161.06,-9.1,-70.9,-10.5,-18.3,-18.6
161.07,-9.3,-70.4,-10.7,-18.0,-18.6
161.08,-11.7,-70.6,-15.0,-18.7,-19.3
161.09,-13.1,-70.9,-19.5,-17.7,-20.1
161.10,-13.7,-70.7,-18.9,-18.5,-20.8
161.11,-13.2,-70.9,-18.7,-18.0,-21.5
161.12,-13.7,-71.0,-18.3,-18.7,-21.6
161.13,-14.0,-70.6,-19.7,-18.1,-21.5
161.14,-14.3,-70.7,-20.7,-18.5,-21.2
161.15,-14.1,-70.8,-21.3,-18.3,-20.7
161.16,-14.6,-71.0,-21.3,-18.1,-20.4
161.17,-14.5,-71.2,-22.0,-17.9,-20.1
161.18,-14.4,-71.4,-22.2,-17.9,-20.3
161.19,-14.7,-71.6,-22.3,-18.3,-20.5
161.20,-14.7,-71.2,-23.4,-17.8,-20.7
161.21,-14.2,-71.7,-24.1,-17.3,-20.9
161.22,-14.1,-71.2,-25.2,-16.8,-21.1
161.23,-14.1,-71.4,-26.9,-16.0,-20.7
161.24,-13.7,-71.7,-28.0,-15.9,-20.7
161.25,-13.5,-72.2,-28.7,-15.5,-20.3
161.26,-14.4,-72.9,-29.2,-16.5,-20.1
161.27,-13.8,-73.0,-29.3,-15.7,-19.6
161.28,-13.5,-72.7,-29.0,-16.0,-19.5
161.29,-13.0,-72.6,-28.6,-15.9,-18.9
161.30,-12.7,-72.3,-28.2,-15.6,-18.9
161.31,-12.8,-71.7,-28.0,-15.9,-18.8
161.32,-12.7,-71.5,-28.1,-15.7,-19.1
161.33,-12.8,-71.2,-28.0,-16.0,-19.1
161.34,-10.7,-69.5,-15.1,-15.7,-19.9
161.35,-9.0,-69.4,-10.8,-16.4,-20.8
161.36,-8.5,-69.3,-9.8,-16.7,-21.3
161.37,-8.4,-69.2,-9.6,-17.1,-22.2
161.38,-8.5,-69.0,-9.5,-18.0,-23.0
161.39,-10.4,-70.2,-11.4,-17.9,-22.7
161.40,-11.9,-70.2,-15.3,-18.0,-22.6
161.41,-12.7,-70.5,-17.1,-17.5,-22.2
161.42,-13.9,-71.2,-18.3,-17.7,-22.0
161.43,-13.5,-71.5,-18.4,-17.7,-21.7
161.44,-14.8,-71.2,-20.2,-17.6,-21.3
161.45,-14.4,-71.3,-20.2,-17.4,-20.9
161.46,-14.3,-71.3,-21.5,-17.1,-20.3
161.47,-13.9,-71.5,-21.3,-17.1,-20.4
161.48,-13.6,-71.8,-21.8,-17.2,-20.2
161.49,-13.3,-71.9,-21.6,-17.3,-20.2
161.50,-12.5,-71.9,-21.8,-17.3,-19.6
161.51,-12.7,-71.6,-22.5,-17.7,-19.6
161.52,-13.1,-71.4,-23.9,-17.9,-19.5
161.53,-13.2,-71.4,-25.4,-17.0,-19.6
161.54,-13.5,-71.4,-27.1,-17.3,-19.4
161.55,-14.5,-71.7,-28.6,-16.7,-19.4
161.56,-15.0,-72.3,-29.3,-16.8,-19.5
161.57,-14.0,-72.5,-29.7,-16.2,-19.4
161.58,-14.6,-72.8,-29.6,-16.6,-19.6
161.59,-14.7,-72.8,-29.1,-16.2,-20.3
161.60,-14.2,-72.8,-29.2,-16.3,-20.7
161.61,-14.0,-73.4,-29.0,-16.6,-20.7
161.62,-13.8,-73.2,-28.7,-16.0,-20.6
161.63,-14.1,-73.3,-28.6,-16.5,-20.3
161.64,-13.7,-73.6,-29.0,-16.1,-19.7
161.65,-13.9,-72.7,-29.1,-16.2,-19.6
161.66,-11.3,-72.6,-16.5,-16.3,-19.7
161.67,-9.4,-72.3,-11.2,-16.3,-19.6
161.68,-9.1,-72.0,-10.8,-17.0,-19.3
161.69,-9.1,-71.6,-10.6,-16.9,-19.3
161.70,-9.4,-71.5,-10.7,-18.1,-19.0
161.71,-13.1,-71.5,-13.9,-17.9,-19.0
161.72,-14.3,-71.3,-19.2,-19.2,-19.0
161.73,-13.8,-71.0,-18.7,-18.5,-19.2
161.74,-14.2,-71.0,-18.5,-19.5,-19.5
161.75,-13.9,-70.7,-18.1,-18.0,-19.9
161.76,-14.2,-70.5,-19.7,-18.8,-19.7
161.77,-13.5,-70.7,-19.7,-17.3,-19.5
161.78,-14.8,-70.6,-20.6,-18.3,-19.4
161.79,-13.1,-70.7,-20.4,-16.9,-19.3
161.80,-13.3,-70.7,-21.0,-18.1,-19.2
161.81,-12.9,-70.4,-21.1,-17.4,-19.7
161.82,-13.2,-70.4,-20.8,-18.6,-19.5
161.83,-13.3,-70.2,-21.6,-18.1,-19.6
161.84,-14.4,-70.2,-22.2,-18.8,-19.7
161.85,-12.8,-69.9,-22.4,-16.7,-19.2
161.86,-13.0,-70.1,-23.0,-16.5,-19.4
161.87,-12.7,-69.9,-23.3,-15.6,-19.6
161.88,-13.1,-70.0,-23.3,-15.9,-19.9
161.89,-13.0,-70.1,-23.0,-15.6,-19.8
161.90,-14.0,-70.3,-22.9,-16.8,-19.5
161.91,-13.2,-70.3,-22.8,-16.1,-19.2
161.92,-13.6,-70.6,-22.8,-16.9,-19.1
161.93,-13.0,-70.7,-22.8,-16.1,-19.2
161.94,-13.6,-70.2,-23.0,-16.7,-19.5
161.95,-12.8,-70.2,-23.2,-16.2,-19.2
161.96,-13.3,-70.1,-23.2,-16.7,-19.3
161.97,-11.3,-69.5,-15.3,-16.5,-19.2
161.98,-9.4,-69.5,-10.8,-16.8,-19.4
161.99,-8.6,-69.6,-9.3,-17.0,-19.5
162.00,-8.6,-69.8,-9.2,-17.0,-20.2
162.01,-8.4,-69.6,-9.0,-17.0,-20.2
162.02,-10.0,-70.2,-10.8,-17.0,-20.2
162.03,-12.0,-70.3,-14.2,-16.8,-20.3
162.04,-13.2,-70.5,-16.3,-17.1,-20.0
162.05,-13.2,-70.7,-17.5,-16.8,-19.8
162.06,-13.3,-70.9,-17.7,-17.1,-20.3
162.07,-13.1,-71.0,-18.8,-16.9,-20.2
162.08,-12.9,-70.9,-19.2,-16.9,-20.0
162.09,-12.9,-70.7,-20.6,-16.8,-19.8
162.10,-13.1,-70.9,-20.4,-16.6,-20.1
162.11,-12.6,-71.0,-20.9,-16.7,-19.6
162.12,-12.2,-71.3,-20.8,-16.3,-19.5
162.13,-12.5,-71.2,-20.7,-17.1,-19.7
162.14,-12.8,-71.3,-21.0,-17.2,-19.8
162.15,-12.8,-70.9,-21.8,-17.4,-19.4
162.16,-12.4,-70.9,-22.4,-16.9,-19.0
162.17,-12.8,-70.8,-23.5,-17.0,-19.0
162.18,-12.7,-71.2,-24.7,-16.1,-18.8
162.19,-13.5,-71.7,-25.1,-16.6,-18.9
162.20,-13.3,-71.9,-25.4,-16.0,-18.9
162.21,-14.7,-72.3,-25.4,-17.1,-19.1
162.22,-13.9,-72.0,-25.0,-16.2,-19.0
162.23,-14.4,-71.7,-25.0,-17.1,-19.0
162.24,-13.8,-72.0,-24.9,-16.3,-19.1
162.25,-13.9,-71.9,-24.9,-17.0,-19.4
162.26,-13.8,-72.2,-25.3,-16.3,-20.1
162.27,-14.4,-73.1,-26.1,-17.0,-20.6
162.28,-13.7,-72.9,-26.0,-16.4,-20.3
162.29,-11.6,-72.9,-15.8,-17.0,-20.0
162.30,-9.4,-73.0,-11.1,-16.5,-19.8
162.31,-9.1,-72.6,-10.4,-16.9,-19.6
162.32,-8.9,-72.2,-10.3,-16.5,-19.2
162.33,-9.2,-72.3,-10.3,-17.0,-19.3
162.34,-11.6,-72.3,-12.2,-16.6,-19.3
162.35,-13.5,-72.5,-19.2,-17.1,-19.3
162.36,-14.4,-72.3,-19.2,-16.9,-19.2
162.37,-13.7,-72.0,-19.2,-17.4,-19.0
162.38,-13.6,-71.7,-18.7,-16.9,-18.8
162.39,-14.1,-71.5,-20.4,-17.4,-19.0
162.40,-13.2,-71.5,-20.2,-16.7,-19.1
162.41,-13.6,-71.5,-20.9,-17.3,-19.4
162.42,-13.2,-71.9,-20.9,-16.6,-19.3
162.43,-13.1,-71.8,-22.1,-17.2,-19.5
162.44,-12.9,-71.9,-22.4,-16.6,-19.3
162.45,-13.0,-71.9,-22.6,-16.9,-19.5
162.46,-12.2,-71.5,-23.5,-16.1,-19.2
162.47,-13.1,-71.4,-24.1,-16.6,-19.1
162.48,-12.0,-71.2,-25.0,-15.6,-18.9
162.49,-12.6,-71.0,-26.2,-15.8,-19.1
162.50,-12.5,-71.0,-27.5,-15.2,-19.1
162.51,-13.0,-70.9,-28.3,-15.8,-19.3
162.52,-12.9,-70.8,-28.6,-15.3,-19.2
162.53,-13.5,-71.2,-28.4,-16.1,-19.5
162.54,-13.0,-71.1,-28.1,-15.5,-19.2
162.55,-13.1,-71.0,-27.7,-15.9,-18.8
162.56,-12.6,-71.1,-27.7,-15.5,-18.6
162.57,-12.8,-70.4,-27.5,-15.8,-18.8
162.58,-12.2,-69.9,-27.4,-15.5,-18.5
162.59,-12.6,-69.7,-27.1,-15.7,-18.6
162.60,-11.4,-67.2,-17.2,-15.5,-18.7
162.61,-9.6,-66.6,-12.5,-15.8,-19.1
162.62,-8.5,-66.6,-9.5,-15.7,-19.6
162.63,-8.3,-66.5,-9.2,-15.9,-20.3
162.64,-8.3,-66.7,-9.1,-15.8,-21.4
162.65,-9.5,-69.3,-10.5,-16.3,-21.6
162.66,-11.6,-70.4,-13.7,-16.5,-21.1
162.67,-13.0,-71.0,-16.9,-16.9,-20.6
162.68,-12.8,-71.4,-17.5,-16.6,-19.8
162.69,-12.9,-71.7,-18.0,-16.7,-19.3
162.70,-12.7,-71.7,-18.0,-16.2,-19.2
162.71,-12.4,-71.8,-19.5,-16.0,-19.1
162.72,-12.4,-71.8,-20.5,-16.0,-19.2
162.73,-13.0,-71.9,-20.8,-15.9,-19.3
162.74,-12.4,-72.0,-21.3,-16.1,-19.6
162.75,-12.4,-72.1,-21.7,-15.8,-19.6
162.76,-12.5,-72.1,-22.2,-16.0,-19.5
162.77,-12.2,-72.3,-22.4,-15.6,-19.4
162.78,-12.2,-71.8,-23.5,-15.6,-19.1
162.79,-12.4,-72.0,-24.4,-15.4,-19.2
162.80,-12.2,-71.8,-25.8,-15.5,-19.2
162.81,-12.8,-71.7,-27.4,-15.5,-19.4
162.82,-13.1,-72.0,-27.9,-15.7,-19.3
162.83,-13.6,-72.1,-28.3,-15.7,-19.6
162.84,-14.2,-72.6,-28.7,-16.3,-19.3
162.85,-13.9,-72.5,-28.8,-16.1,-19.0
162.86,-13.7,-71.9,-29.2,-16.5,-19.0
162.87,-13.6,-72.5,-29.0,-16.1,-19.1
162.88,-13.6,-72.3,-28.9,-16.5,-19.0
162.89,-13.5,-71.9,-28.8,-15.9,-19.0
162.90,-13.7,-72.5,-28.9,-16.3,-18.8
162.91,-13.0,-72.3,-28.7,-15.8,-18.7
162.92,-12.2,-71.7,-20.0,-16.2,-18.6
162.93,-9.4,-71.8,-11.6,-16.0,-18.8
162.94,-9.1,-71.6,-10.5,-16.6,-18.7
162.95,-9.0,-71.4,-10.4,-16.3,-18.5
162.96,-9.1,-71.6,-10.4,-17.0,-18.3
162.97,-10.6,-71.8,-11.6,-16.5,-18.3
162.98,-13.3,-71.9,-17.3,-17.3,-18.5
162.99,-13.3,-71.8,-18.6,-16.4,-18.9
163.00,-13.8,-71.9,-19.0,-17.1,-19.1
163.01,-12.9,-71.8,-18.7,-16.3,-19.1
163.02,-13.1,-71.6,-20.5,-17.0,-19.2
163.03,-12.7,-72.0,-20.2,-16.3,-19.4
163.04,-13.0,-72.0,-21.7,-16.9,-18.9
163.05,-12.8,-72.2,-21.5,-16.3,-19.2
163.06,-13.1,-71.8,-22.1,-16.9,-19.1
163.07,-12.6,-72.0,-22.2,-16.6,-18.6
163.08,-12.5,-71.5,-22.6,-17.2,-18.0
163.09,-12.7,-71.4,-23.2,-17.4,-17.9
163.10,-13.6,-71.2,-24.6,-18.2,-17.6
163.11,-12.2,-71.0,-25.9,-16.3,-17.8
163.12,-13.3,-71.1,-27.6,-16.9,-17.7
163.13,-13.2,-71.5,-28.6,-15.9,-18.1
163.14,-13.5,-71.5,-28.9,-16.1,-18.4
163.15,-13.3,-71.4,-29.2,-15.5,-18.3
163.16,-14.6,-71.5,-29.2,-16.9,-18.4
163.17,-13.5,-71.1,-28.8,-16.2,-18.4
163.18,-13.7,-70.8,-28.6,-17.0,-18.2
163.19,-12.8,-71.2,-27.9,-16.2,-18.1
163.20,-13.3,-70.8,-27.2,-16.8,-18.1
163.21,-12.9,-70.4,-27.3,-16.1,-17.9
163.22,-13.6,-70.3,-27.4,-16.6,-17.9
163.23,-12.4,-68.7,-21.4,-16.0,-17.6
163.24,-10.7,-68.2,-13.6,-16.6,-18.0
163.25,-9.2,-68.5,-10.0,-16.1,-18.4
163.26,-8.9,-68.0,-9.4,-17.0,-18.9
163.27,-8.5,-68.6,-9.2,-16.5,-19.4
163.28,-9.6,-69.5,-10.2,-17.3,-20.0
163.29,-11.7,-69.8,-13.2,-17.1,-20.1
163.30,-13.3,-70.3,-16.5,-17.7,-20.2
163.31,-13.0,-70.6,-16.9,-17.3,-20.2
163.32,-13.9,-70.4,-17.6,-17.8,-19.9
163.33,-13.7,-70.7,-17.6,-17.1,-19.4
163.34,-13.6,-70.7,-19.3,-17.5,-19.2
163.35,-13.1,-70.9,-20.2,-16.7,-19.3
163.36,-14.2,-71.2,-20.9,-17.1,-19.3
163.37,-13.2,-71.7,-21.4,-16.7,-19.3
163.38,-13.5,-71.8,-22.3,-17.0,-19.6
163.39,-12.7,-71.6,-22.6,-16.9,-19.2
163.40,-12.9,-71.9,-23.0,-17.2,-19.0
163.41,-13.3,-71.5,-24.2,-17.7,-18.7
163.42,-13.3,-71.4,-24.9,-17.4,-18.3
163.43,-13.1,-71.1,-26.2,-16.6,-18.5
163.44,-13.4,-71.6,-27.8,-16.4,-18.6
163.45,-12.9,-72.0,-28.7,-15.4,-18.9
163.46,-13.2,-72.1,-29.6,-15.4,-19.2
163.47,-13.3,-72.0,-30.0,-15.3,-19.3
163.48,-13.6,-72.3,-30.2,-15.8,-19.1
163.49,-13.3,-71.9,-30.4,-15.6,-19.0
163.50,-13.4,-72.0,-30.2,-16.0,-18.7
163.51,-13.6,-72.2,-30.0,-15.9,-18.7
163.52,-14.1,-72.0,-30.1,-15.9,-19.2
163.53,-14.1,-72.6,-30.0,-16.1,-19.4
163.54,-13.7,-73.0,-30.0,-15.8,-19.7
163.55,-13.6,-72.2,-25.1,-16.1,-19.5
163.56,-9.5,-72.0,-11.5,-15.9,-19.6
163.57,-9.2,-72.0,-10.4,-16.4,-19.7
163.58,-9.3,-71.5,-10.4,-16.5,-20.0
163.59,-9.4,-71.5,-10.3,-16.6,-20.2
163.60,-10.5,-71.6,-11.5,-16.9,-20.5
163.61,-13.5,-71.6,-16.2,-17.0,-20.4
163.62,-14.6,-71.5,-18.7,-17.2,-20.7
163.63,-13.7,-71.1,-16.7,-17.2,-20.9
163.64,-11.8,-70.9,-14.4,-17.3,-20.8
163.65,-11.3,-71.0,-13.8,-17.1,-20.7
163.66,-11.4,-71.0,-13.4,-16.9,-20.5
163.67,-11.0,-71.2,-13.4,-16.9,-20.3
163.68,-11.8,-71.2,-15.1,-16.7,-19.8
163.69,-12.4,-71.2,-16.5,-16.7,-19.6
163.70,-12.5,-71.3,-18.3,-16.6,-19.4
163.71,-11.8,-70.7,-19.4,-16.5,-19.0
163.72,-12.5,-70.1,-20.8,-16.7,-19.0
163.73,-12.9,-69.0,-22.2,-16.8,-19.0
163.74,-12.8,-68.0,-24.1,-16.5,-19.0
163.75,-13.1,-67.1,-25.4,-16.5,-18.8
163.76,-13.5,-66.7,-26.7,-16.2,-18.9
163.77,-13.9,-66.8,-27.8,-16.4,-18.7
163.78,-13.5,-66.9,-28.2,-15.9,-18.6
163.79,-14.2,-67.1,-28.9,-16.5,-18.5
163.80,-13.5,-67.0,-29.3,-16.2,-18.3
163.81,-13.6,-66.3,-29.9,-16.4,-18.4
163.82,-13.8,-65.4,-29.8,-16.3,-18.8
163.83,-13.4,-65.0,-29.3,-16.5,-18.8
163.84,-13.6,-64.5,-29.4,-16.2,-19.2
163.85,-13.6,-63.3,-28.9,-16.6,-19.1
163.86,-13.1,-61.9,-25.3,-16.2,-19.5
163.87,-10.4,-60.2,-13.4,-16.8,-19.9
163.88,-9.1,-58.5,-10.1,-16.1,-20.0
163.89,-8.9,-57.1,-9.6,-16.9,-20.3
163.90,-8.4,-56.4,-9.3,-16.2,-20.5
163.91,-8.9,-56.0,-9.9,-17.0,-20.2
163.92,-11.1,-55.0,-11.4,-16.5,-19.9
163.93,-13.0,-53.5,-16.9,-17.4,-19.6
163.94,-13.1,-51.8,-17.2,-17.0,-19.2
163.95,-13.8,-50.5,-17.7,-17.8,-19.5
163.96,-13.7,-49.5,-17.5,-17.1,-19.6
163.97,-13.8,-48.9,-19.4,-17.6,-19.6
163.98,-13.3,-48.6,-20.2,-16.9,-19.7
163.99,-13.7,-48.7,-20.4,-17.5,-19.7
164.00,-13.3,-48.3,-21.0,-16.9,-18.9
164.01,-13.1,-47.9,-22.0,-17.4,-18.4
164.02,-12.7,-47.4,-22.5,-16.9,-18.4
164.03,-13.0,-47.2,-22.7,-17.5,-18.4
164.04,-12.7,-47.0,-23.8,-16.9,-18.6
164.05,-13.2,-47.2,-24.6,-17.0,-18.9
164.06,-13.0,-47.9,-25.6,-16.2,-19.5
164.07,-13.2,-48.9,-26.9,-16.0,-19.8
164.08,-13.1,-49.9,-27.7,-15.4,-19.8
164.09,-13.9,-50.8,-28.4,-15.8,-19.7
164.10,-13.4,-51.6,-28.9,-15.6,-19.4
164.11,-13.8,-52.6,-29.0,-16.1,-19.2
164.12,-13.9,-53.7,-29.2,-15.7,-19.0
164.13,-13.5,-55.0,-29.4,-16.0,-18.9
164.14,-13.1,-56.5,-29.8,-15.6,-18.7
164.15,-13.8,-58.9,-29.8,-16.0,-19.2
164.16,-13.3,-61.2,-29.8,-15.7,-19.7
164.17,-13.7,-62.0,-29.8,-16.1,-19.9
164.18,-13.9,-62.7,-26.1,-16.0,-19.9
164.19,-10.3,-63.4,-12.4,-16.5,-20.2
164.20,-9.7,-64.6,-10.6,-16.9,-19.7
164.21,-9.6,-65.0,-10.5,-17.7,-19.6
164.22,-9.8,-65.4,-10.4,-18.7,-19.6
164.23,-10.3,-64.5,-11.1,-19.1,-19.0
164.24,-13.2,-64.4,-15.7,-19.7,-19.1
164.25,-14.2,-64.5,-19.6,-20.3,-19.0
164.26,-14.3,-65.1,-19.5,-18.7,-18.7
164.27,-14.5,-66.7,-19.0,-19.1,-18.8
164.28,-14.7,-69.1,-19.2,-18.4,-18.9
164.29,-14.9,-70.6,-20.1,-18.2,-18.9
164.30,-15.8,-71.0,-21.3,-19.7,-19.5
164.31,-14.6,-71.6,-21.3,-18.4,-19.6
164.32,-14.8,-71.5,-21.9,-19.0,-20.2
164.33,-14.7,-71.6,-21.8,-18.6,-20.6
164.34,-14.9,-71.6,-22.2,-18.3,-20.4
164.35,-15.3,-71.8,-22.4,-19.6,-20.3
164.36,-13.8,-71.9,-23.7,-17.7,-19.6
164.37,-14.1,-72.2,-24.2,-17.8,-19.6
164.38,-13.7,-72.0,-25.4,-17.7,-19.4
164.39,-13.0,-72.0,-26.6,-16.6,-19.2
164.40,-13.5,-72.2,-27.5,-16.6,-19.4
164.41,-13.6,-72.1,-28.2,-16.5,-19.5
164.42,-13.6,-72.0,-28.5,-16.7,-19.3
164.43,-14.7,-72.0,-29.2,-17.2,-19.7
164.44,-14.0,-71.7,-29.7,-16.3,-19.9
164.45,-14.1,-71.3,-29.7,-16.3,-19.9
164.46,-14.4,-70.5,-29.6,-16.8,-19.9
164.47,-14.3,-69.5,-29.6,-16.5,-20.4
164.48,-14.6,-66.6,-29.4,-17.2,-20.4
164.49,-14.4,-61.6,-29.2,-16.8,-20.9
164.50,-10.9,-54.2,-13.1,-16.9,-20.8
164.51,-9.8,-51.0,-10.4,-17.9,-20.9
164.52,-9.3,-43.3,-9.8,-17.0,-21.0
164.53,-9.2,-38.8,-9.4,-17.9,-21.1
164.54,-9.1,-36.5,-9.5,-17.4,-21.1
164.55,-10.2,-35.1,-11.4,-16.7,-21.2
164.56,-11.7,-34.1,-15.8,-17.6,-21.1
164.57,-12.3,-33.9,-17.2,-16.1,-21.0
164.58,-12.5,-33.6,-17.8,-16.3,-20.7
164.59,-13.6,-33.7,-18.1,-17.1,-20.7
164.60,-13.8,-33.3,-19.7,-16.3,-20.7
164.61,-14.7,-33.2,-20.0,-17.5,-20.7
164.62,-14.0,-33.1,-21.1,-16.5,-21.0
164.63,-13.8,-33.2,-21.4,-16.5,-21.0
164.64,-13.1,-33.6,-22.0,-17.2,-20.8
164.65,-12.6,-34.2,-22.1,-16.3,-20.3
164.66,-13.2,-34.9,-22.4,-17.2,-20.2
164.67,-12.5,-35.4,-22.7,-16.7,-19.8
164.68,-12.3,-36.0,-23.3,-16.0,-19.8
164.69,-13.7,-36.8,-24.6,-16.8,-20.5
164.70,-13.1,-37.2,-25.6,-16.0,-20.7
164.71,-13.3,-37.9,-26.2,-16.1,-20.7
164.72,-14.7,-38.7,-27.2,-17.0,-20.8
164.73,-14.1,-39.5,-27.9,-16.1,-21.1
164.74,-14.1,-39.3,-28.4,-16.3,-20.7
164.75,-14.4,-39.7,-28.4,-16.7,-20.8
164.76,-14.2,-40.3,-28.5,-16.3,-20.6
164.77,-14.4,-40.7,-29.1,-17.2,-20.2
164.78,-13.9,-41.1,-29.0,-16.4,-19.8
164.79,-13.8,-41.8,-29.4,-16.6,-19.6
164.80,-13.7,-43.1,-29.6,-17.0,-19.1
164.81,-13.0,-44.5,-27.3,-16.3,-18.7
164.82,-11.5,-45.0,-14.1,-17.1,-18.6
164.83,-10.2,-45.7,-10.7,-16.8,-18.5
164.84,-9.9,-45.8,-10.6,-16.8,-18.5
164.85,-9.9,-45.3,-10.5,-17.7,-18.4
164.86,-9.5,-44.8,-10.6,-16.1,-18.5
164.87,-12.1,-45.2,-15.9,-16.9,-18.7
164.88,-12.5,-45.5,-20.2,-16.8,-18.8
164.89,-12.5,-46.1,-18.6,-16.3,-19.4
164.90,-11.5,-46.6,-14.2,-17.5,-19.5
164.91,-11.0,-47.0,-13.4,-16.8,-19.8
164.92,-10.6,-46.1,-13.1,-17.0,-19.5
164.93,-10.9,-44.9,-12.8,-17.7,-19.6
164.94,-10.7,-44.5,-13.5,-16.9,-19.3
164.95,-12.9,-44.3,-15.8,-18.0,-19.2
164.96,-12.3,-44.6,-17.1,-17.0,-19.4
164.97,-12.4,-45.5,-18.5,-16.5,-19.3
164.98,-13.1,-46.0,-19.8,-17.7,-19.1
164.99,-12.3,-46.2,-21.3,-16.0,-19.2
165.00,-12.9,-45.4,-22.7,-16.2,-19.1
165.01,-13.2,-44.6,-24.2,-16.8,-19.1
165.02,-12.8,-44.2,-24.8,-15.6,-19.4
165.03,-13.1,-43.9,-25.8,-16.1,-19.5
165.04,-13.7,-43.7,-27.0,-16.2,-19.4
165.05,-13.6,-43.6,-27.8,-15.8,-19.7
165.06,-14.6,-42.2,-28.6,-16.8,-19.7
165.07,-13.3,-40.7,-29.3,-15.9,-19.4
165.08,-13.3,-39.7,-29.2,-16.3,-19.4
165.09,-13.2,-39.3,-29.0,-16.3,-19.6
165.10,-13.1,-38.6,-28.9,-15.8,-19.4
165.11,-13.8,-38.1,-29.1,-16.8,-19.5
165.12,-13.3,-37.2,-29.1,-16.1,-19.6
165.13,-10.8,-36.4,-14.5,-16.3,-20.0
165.14,-10.0,-36.4,-10.7,-16.7,-20.7
165.15,-9.2,-37.0,-9.8,-16.0,-21.4
165.16,-9.2,-38.0,-9.6,-16.9,-22.1
165.17,-9.1,-39.0,-9.5,-17.0,-22.1
165.18,-10.4,-39.8,-11.5,-16.4,-22.1
165.19,-11.5,-38.1,-15.2,-17.6,-22.1
165.20,-12.4,-36.1,-16.7,-16.8,-21.7
165.21,-13.2,-34.5,-17.8,-16.9,-22.1
165.22,-14.0,-33.4,-17.9,-17.4,-22.6
165.23,-14.5,-33.0,-19.7,-16.7,-22.1
165.24,-14.4,-33.3,-19.7,-17.4,-21.5
165.25,-14.3,-34.0,-21.1,-17.0,-21.5
165.26,-13.9,-35.2,-21.1,-16.7,-21.2
165.27,-13.9,-36.4,-21.4,-17.6,-20.9
165.28,-13.4,-36.9,-20.9,-16.7,-21.0
165.29,-13.4,-36.8,-21.2,-17.0,-21.0
165.30,-13.6,-35.7,-21.5,-17.3,-21.1
165.31,-12.8,-34.9,-22.1,-16.1,-20.9
165.32,-13.8,-34.6,-23.5,-16.9,-20.7
165.33,-13.0,-34.8,-25.2,-16.8,-20.2
165.34,-12.5,-35.6,-26.2,-16.1,-20.0
165.35,-13.9,-36.8,-27.7,-17.6,-20.1
165.36,-13.4,-38.4,-28.4,-16.5,-20.4
165.37,-13.6,-38.7,-28.5,-16.6,-20.5
165.38,-15.3,-38.7,-29.0,-17.7,-20.9
165.39,-14.3,-38.3,-28.7,-16.5,-20.8
165.40,-14.9,-38.6,-28.3,-17.4,-20.9
165.41,-14.2,-38.1,-28.0,-16.8,-21.0
165.42,-14.1,-37.2,-28.3,-16.6,-21.4
165.43,-15.1,-37.5,-28.5,-17.5,-21.1
165.44,-14.1,-37.7,-28.6,-16.6,-20.5
165.45,-12.3,-38.2,-15.7,-17.2,-20.2
165.46,-10.5,-38.9,-10.7,-17.5,-19.7
165.47,-9.9,-38.2,-10.4,-17.5,-19.5
165.48,-9.8,-36.7,-10.2,-18.3,-19.2
165.49,-9.7,-34.8,-10.2,-17.3,-19.9
165.50,-11.8,-33.3,-14.3,-17.5,-19.6
165.51,-12.1,-32.3,-19.5,-17.0,-19.5
165.52,-12.3,-31.6,-19.5,-16.4,-19.5
165.53,-13.0,-31.3,-19.5,-17.4,-19.7
165.54,-13.1,-31.6,-19.2,-16.6,-19.5
165.55,-14.0,-32.0,-20.5,-16.6,-19.9
165.56,-14.7,-32.9,-21.0,-17.4,-19.9
165.57,-14.2,-34.0,-21.6,-16.6,-20.2
165.58,-13.9,-35.1,-21.7,-17.2,-19.6
165.59,-12.8,-36.5,-22.0,-17.2,-19.7
165.60,-11.3,-38.2,-16.8,-16.7,-19.7
165.61,-10.6,-39.6,-12.7,-18.1,-19.9
165.62,-9.8,-41.3,-11.9,-17.3,-19.9
165.63,-9.5,-40.8,-11.6,-17.0,-20.3
165.64,-9.9,-39.8,-11.5,-17.9,-20.3
165.65,-11.0,-39.6,-13.7,-17.1,-20.6
165.66,-12.5,-38.8,-16.2,-17.9,-20.6
165.67,-13.6,-37.5,-17.5,-17.8,-21.0
165.68,-13.4,-36.0,-18.3,-17.3,-21.3
165.69,-14.1,-34.7,-19.0,-18.0,-21.8
165.70,-14.1,-33.1,-20.1,-17.8,-21.7
165.71,-14.8,-31.6,-21.2,-18.1,-21.7
165.72,-15.2,-31.2,-22.3,-18.2,-21.8
165.73,-14.8,-31.3,-23.0,-17.5,-21.6
165.74,-14.7,-31.3,-23.2,-18.0,-21.3
165.75,-14.7,-31.6,-23.6,-17.9,-20.9
165.76,-12.2,-31.3,-15.3,-18.0,-20.8
165.77,-10.1,-30.7,-11.1,-18.4,-21.0
165.78,-9.5,-30.4,-10.2,-18.8,-21.2
165.79,-9.5,-30.4,-10.0,-19.7,-21.8
165.80,-9.6,-30.8,-9.9,-20.4,-22.1
165.81,-11.5,-30.8,-12.3,-21.0,-22.3
165.82,-13.4,-30.7,-16.1,-20.8,-22.4
165.83,-13.5,-30.1,-17.8,-20.3,-22.2
165.84,-13.7,-29.5,-19.1,-20.3,-22.2
165.85,-13.5,-29.2,-19.2,-19.4,-22.4
165.86,-14.2,-29.0,-20.6,-19.2,-22.4
165.87,-14.3,-29.0,-20.7,-18.5,-22.1
165.88,-15.2,-29.1,-22.7,-18.6,-22.1
165.89,-14.9,-29.3,-22.4,-18.2,-21.9
165.90,-14.9,-29.8,-23.1,-18.1,-22.0
165.91,-15.0,-30.4,-22.8,-18.0,-22.0
165.92,-13.1,-31.4,-18.1,-18.0,-22.2
165.93,-11.9,-32.3,-15.3,-18.1,-21.9
165.94,-11.3,-32.4,-14.3,-18.4,-21.8
165.95,-11.0,-32.2,-13.9,-18.5,-21.5
165.96,-10.6,-31.4,-13.7,-18.3,-21.7
165.97,-12.4,-31.0,-15.9,-19.0,-22.0
165.98,-13.2,-31.1,-17.7,-18.5,-22.3
165.99,-14.0,-31.6,-19.5,-18.7,-22.4
166.00,-12.3,-32.7,-16.2,-18.6,-22.4
166.01,-11.7,-33.6,-14.6,-18.6,-22.0
166.02,-11.1,-33.7,-13.8,-18.8,-21.5
166.03,-10.8,-33.0,-13.4,-19.0,-20.9
166.04,-10.7,-32.6,-13.2,-19.0,-20.7
166.05,-12.2,-32.3,-15.3,-19.0,-20.6
166.06,-12.8,-32.5,-17.0,-19.4,-20.7
166.07,-13.2,-33.1,-18.4,-19.3,-20.9
166.08,-11.4,-34.6,-13.0,-19.4,-21.4
166.09,-9.7,-36.4,-10.8,-19.3,-20.8
166.10,-9.5,-38.1,-10.3,-20.2,-20.3
166.11,-9.2,-40.0,-10.1,-19.8,-20.0
166.12,-9.8,-41.4,-10.8,-20.3,-20.1
166.13,-11.2,-39.3,-12.5,-19.9,-20.2
166.14,-14.2,-35.4,-17.6,-19.2,-20.7
166.15,-14.5,-32.1,-18.8,-18.7,-21.0
166.16,-14.9,-30.3,-20.0,-18.8,-20.8
166.17,-13.9,-28.9,-20.1,-18.1,-20.7
166.18,-14.2,-28.1,-22.6,-17.9,-20.7
166.19,-14.1,-28.4,-23.1,-17.8,-20.6
166.20,-14.1,-28.8,-24.7,-17.8,-20.5
166.21,-12.7,-29.1,-23.8,-17.2,-20.1
166.22,-13.5,-30.7,-24.0,-18.0,-20.2
166.23,-13.0,-31.5,-22.0,-17.4,-20.4
166.24,-10.7,-32.1,-13.8,-17.9,-21.0
166.25,-10.3,-32.2,-12.4,-18.2,-21.1
166.26,-10.7,-29.6,-12.0,-19.7,-21.8
166.27,-10.3,-27.0,-11.7,-20.1,-21.7
166.28,-11.6,-25.6,-13.1,-21.5,-21.1
166.29,-13.0,-24.9,-15.9,-22.2,-20.7
166.30,-13.2,-24.8,-17.7,-21.3,-20.5
166.31,-12.6,-25.6,-16.5,-21.6,-20.3
166.32,-10.9,-27.2,-12.7,-22.4,-20.7
166.33,-10.7,-29.1,-12.1,-23.7,-20.9
166.34,-10.5,-30.3,-11.7,-23.5,-21.3
166.35,-10.6,-30.3,-11.6,-24.5,-21.9
166.36,-11.8,-28.4,-13.5,-23.4,-21.9
166.37,-13.4,-27.6,-16.4,-23.2,-21.9
166.38,-13.8,-26.8,-18.2,-21.9,-22.0
166.39,-13.1,-26.5,-15.9,-22.5,-22.0
166.40,-12.0,-26.9,-13.4,-22.1,-22.1
166.41,-10.1,-27.3,-10.8,-22.8,-22.2
166.42,-10.0,-27.0,-10.7,-21.8,-22.1
166.43,-10.0,-27.2,-10.6,-21.1,-22.1
166.44,-10.7,-27.1,-11.9,-19.8,-21.9
166.45,-12.2,-26.4,-15.1,-19.3,-21.9
166.46,-13.5,-25.8,-17.7,-18.7,-22.0
166.47,-11.9,-25.3,-14.9,-18.8,-22.1
166.48,-11.3,-25.2,-12.7,-18.8,-22.4
166.49,-10.5,-25.3,-12.2,-18.8,-22.4
166.50,-10.3,-26.2,-12.1,-18.7,-22.3
166.51,-10.6,-27.6,-12.1,-18.4,-22.0
166.52,-11.9,-29.5,-14.2,-18.8,-22.1
166.53,-12.9,-31.1,-17.2,-18.9,-22.1
166.54,-13.3,-32.1,-18.6,-18.6,-22.0
166.55,-11.5,-32.6,-14.7,-19.0,-22.4
166.56,-10.9,-32.8,-12.3,-19.6,-23.3
166.57,-11.2,-32.2,-11.9,-20.6,-23.8
166.58,-10.7,-30.0,-11.7,-20.4,-24.2
166.59,-10.7,-28.9,-11.6,-21.4,-23.3
166.60,-12.4,-27.7,-14.4,-20.9,-22.3
166.61,-13.3,-27.4,-17.1,-20.2,-21.9
166.62,-13.3,-27.2,-18.6,-19.9,-21.3
166.63,-12.0,-27.5,-14.7,-20.2,-21.2
166.64,-11.1,-27.1,-13.6,-20.6,-21.2
166.65,-11.1,-26.2,-13.3,-20.6,-21.7
166.66,-10.8,-25.1,-13.1,-21.1,-21.2
166.67,-10.7,-24.6,-13.0,-21.2,-21.3
166.68,-12.8,-24.4,-16.3,-21.5,-21.6
166.69,-13.5,-24.3,-18.2,-22.0,-21.9
166.70,-13.9,-24.5,-19.6,-22.7,-22.0
166.71,-14.1,-24.7,-17.2,-23.5,-22.2
166.72,-11.0,-24.6,-11.4,-24.3,-21.6
166.73,-10.3,-24.9,-10.5,-25.6,-20.8
166.74,-10.4,-26.0,-10.4,-25.6,-20.6
166.75,-10.2,-27.3,-10.4,-23.3,-19.8
166.76,-10.9,-28.8,-11.7,-21.7,-19.5
166.77,-14.1,-30.7,-17.4,-20.6,-19.8
166.78,-14.2,-32.2,-19.0,-19.7,-19.9
166.79,-13.7,-33.0,-19.5,-18.7,-20.2
166.80,-13.6,-33.4,-19.2,-18.6,-20.2
166.81,-14.1,-33.9,-20.8,-17.8,-20.4
166.82,-13.9,-34.5,-20.3,-18.1,-20.4
166.83,-13.9,-35.3,-21.3,-17.1,-20.4
166.84,-14.1,-36.0,-20.9,-17.7,-20.6
166.85,-13.6,-36.8,-21.2,-16.4,-20.7
166.86,-14.1,-37.9,-21.2,-17.2,-21.0
166.87,-13.9,-39.0,-21.2,-16.1,-20.6
166.88,-13.7,-41.0,-20.8,-16.9,-20.5
166.89,-13.8,-43.8,-21.4,-16.1,-20.3
166.90,-13.5,-45.7,-21.8,-16.7,-20.2
166.91,-13.0,-44.1,-22.1,-16.2,-20.1
166.92,-12.9,-43.5,-22.6,-16.5,-20.1
166.93,-13.0,-42.7,-22.9,-16.6,-20.0
166.94,-13.1,-41.0,-23.1,-16.6,-20.0
166.95,-13.6,-39.5,-23.1,-17.0,-20.1
166.96,-14.0,-39.0,-23.1,-16.8,-20.0
166.97,-14.2,-37.7,-22.8,-17.0,-20.0
166.98,-14.0,-36.9,-22.8,-16.6,-19.8
166.99,-14.1,-37.1,-23.0,-16.8,-19.6
167.00,-13.5,-37.7,-23.1,-16.4,-19.6
167.01,-13.4,-38.3,-23.1,-16.4,-19.5
167.02,-12.5,-39.9,-18.6,-16.4,-19.7
167.03,-10.6,-41.2,-13.4,-16.7,-20.4
167.04,-9.2,-40.6,-10.3,-17.0,-20.7
167.05,-8.8,-39.9,-9.8,-17.3,-21.1
167.06,-8.5,-39.4,-9.7,-17.3,-21.0
167.07,-9.5,-39.5,-10.9,-17.7,-20.6
167.08,-11.8,-40.2,-14.3,-17.7,-20.1
167.09,-13.1,-40.0,-17.2,-18.3,-19.7
167.10,-12.7,-38.6,-17.7,-17.5,-19.9
167.11,-13.2,-37.4,-18.3,-18.0,-20.1
167.12,-13.2,-36.0,-18.1,-16.9,-20.3
167.13,-13.4,-35.3,-19.5,-17.1,-20.5
167.14,-12.9,-35.0,-20.4,-16.3,-20.8
167.15,-14.1,-35.5,-21.0,-17.0,-20.9
167.16,-13.5,-36.0,-21.6,-16.6,-20.3
167.17,-13.5,-35.9,-22.4,-17.0,-20.3
167.18,-12.5,-35.9,-21.6,-16.8,-20.0
167.19,-12.7,-35.9,-21.2,-17.2,-20.1
167.20,-13.0,-36.1,-21.4,-17.2,-20.1
167.21,-12.6,-36.6,-21.2,-17.1,-19.9
167.22,-12.6,-37.7,-22.0,-16.4,-19.9
167.23,-13.1,-38.3,-23.6,-16.5,-19.5
167.24,-12.8,-38.7,-24.3,-15.8,-19.7
167.25,-13.3,-38.7,-24.6,-16.1,-19.6
167.26,-13.8,-39.6,-25.2,-16.0,-19.6
167.27,-14.7,-40.2,-25.2,-16.6,-19.6
167.28,-13.7,-40.5,-25.7,-16.3,-19.4
167.29,-13.5,-41.2,-25.9,-16.4,-19.2
167.30,-13.2,-41.7,-25.9,-16.3,-19.2
167.31,-13.2,-42.1,-25.7,-15.9,-19.6
167.32,-13.7,-43.5,-25.8,-16.3,-20.1
167.33,-12.8,-44.1,-25.8,-15.5,-19.9
167.34,-13.1,-44.0,-22.2,-16.1,-19.8
167.35,-9.7,-44.7,-10.9,-15.5,-19.9
167.36,-9.3,-46.0,-9.9,-16.5,-20.2
167.37,-9.2,-47.5,-9.8,-16.2,-20.7
167.38,-9.4,-50.8,-9.8,-17.1,-21.1
167.39,-10.4,-54.9,-11.1,-17.5,-21.0
167.40,-13.1,-54.3,-16.2,-18.6,-20.7
167.41,-14.3,-54.4,-19.1,-18.2,-20.6
167.42,-15.4,-54.4,-19.6,-19.3,-20.5
167.43,-14.9,-55.5,-19.4,-17.8,-20.5
167.44,-14.6,-56.4,-21.0,-17.9,-20.5
167.45,-13.8,-57.6,-20.4,-16.9,-20.5
167.46,-14.9,-58.1,-21.3,-17.4,-20.8
167.47,-13.5,-58.8,-20.7,-16.5,-20.6
167.48,-13.5,-58.8,-21.5,-17.4,-20.3
167.49,-12.8,-59.1,-21.6,-16.5,-20.1
167.50,-13.3,-58.7,-22.6,-17.2,-20.0
167.51,-13.4,-57.9,-22.4,-16.9,-19.8
167.52,-14.4,-56.9,-23.9,-17.1,-20.1
167.53,-13.2,-57.0,-24.6,-16.1,-20.1
167.54,-13.7,-56.8,-25.2,-16.2,-20.6
167.55,-13.1,-57.9,-26.1,-15.5,-20.9
167.56,-13.0,-58.7,-27.1,-15.6,-20.8
167.57,-12.9,-57.5,-27.4,-15.3,-21.2
167.58,-13.7,-58.3,-27.8,-15.9,-21.0
167.59,-13.3,-58.3,-27.6,-15.6,-20.6
167.60,-13.7,-58.6,-27.9,-16.0,-20.4
167.61,-13.0,-58.9,-28.0,-15.6,-19.8
167.62,-13.3,-58.9,-27.7,-15.9,-19.5
167.63,-13.0,-59.2,-27.9,-15.5,-19.6
167.64,-13.1,-58.8,-27.6,-15.8,-19.6
167.65,-12.7,-55.3,-25.7,-15.4,-19.7
167.66,-10.1,-52.8,-13.2,-15.8,-20.2
167.67,-9.1,-47.1,-10.2,-15.7,-20.5
167.68,-8.6,-40.3,-9.5,-16.2,-21.1
167.69,-8.2,-35.8,-9.2,-16.2,-21.5
167.70,-8.8,-33.4,-9.7,-16.7,-22.1
167.71,-10.9,-32.2,-11.6,-16.8,-22.0
167.72,-13.0,-31.6,-16.4,-17.6,-21.9
167.73,-12.7,-31.8,-17.4,-16.9,-21.0
167.74,-13.1,-32.7,-18.3,-17.3,-20.6
167.75,-12.8,-34.3,-18.7,-16.2,-20.3
167.76,-12.7,-36.2,-20.3,-16.3,-20.1
167.77,-11.8,-37.3,-20.7,-15.3,-20.2
167.78,-12.8,-38.9,-21.3,-16.0,-20.6
167.79,-12.2,-41.0,-21.3,-15.3,-20.7
167.80,-12.5,-42.9,-21.6,-16.1,-20.7
167.81,-12.0,-44.8,-21.7,-15.6,-20.6
167.82,-12.7,-45.7,-21.5,-16.4,-20.5
167.83,-12.8,-46.1,-21.9,-16.0,-20.6
167.84,-13.3,-45.1,-22.4,-16.5,-20.4
167.85,-12.0,-44.8,-23.2,-15.8,-19.9
167.86,-12.7,-44.3,-24.7,-16.1,-19.6
167.87,-12.1,-44.2,-26.1,-15.3,-19.5
167.88,-12.6,-44.7,-26.5,-15.7,-19.7
167.89,-13.5,-45.4,-28.0,-15.4,-19.9
167.90,-13.9,-46.5,-28.5,-15.6,-19.6
167.91,-13.3,-47.8,-28.2,-15.4,-19.3
167.92,-13.1,-48.7,-28.2,-15.5,-18.8
167.93,-12.6,-49.1,-27.8,-15.5,-18.5
167.94,-12.4,-49.6,-27.3,-15.3,-18.4
167.95,-13.0,-50.6,-27.2,-15.6,-18.8
167.96,-12.9,-51.5,-27.3,-15.3,-19.0
167.97,-12.9,-52.6,-25.1,-15.7,-18.9
167.98,-9.5,-55.7,-12.6,-15.3,-19.0
167.99,-9.1,-59.8,-11.0,-16.1,-18.9
168.00,-9.0,-61.9,-10.8,-15.8,-18.9
168.01,-9.5,-62.6,-10.8,-16.9,-19.1
168.02,-10.3,-65.3,-11.6,-16.6,-19.3
168.03,-13.3,-65.5,-16.1,-17.6,-19.3
168.04,-14.8,-65.5,-20.0,-17.2,-19.4
168.05,-14.5,-66.9,-20.6,-17.8,-19.2
168.06,-13.4,-67.4,-19.9,-17.0,-19.2
168.07,-13.5,-67.1,-20.2,-17.5,-19.1
168.08,-12.9,-67.6,-20.5,-16.7,-18.9
168.09,-13.5,-67.8,-21.0,-17.2,-19.2
168.10,-13.5,-68.2,-20.8,-16.5,-19.3
168.11,-14.1,-69.1,-21.9,-17.0,-19.6
168.12,-13.9,-69.3,-22.0,-16.4,-20.0
168.13,-14.1,-69.7,-22.4,-16.8,-20.4
168.14,-14.2,-69.4,-22.4,-16.3,-20.8
168.15,-13.6,-69.3,-23.3,-16.1,-20.5
168.16,-13.2,-69.3,-23.7,-15.7,-20.6
168.17,-13.2,-69.2,-24.6,-15.7,-20.8
168.18,-13.4,-68.7,-26.5,-15.6,-20.9
168.19,-14.3,-68.6,-27.9,-16.5,-20.9
168.20,-14.0,-68.7,-28.5,-16.1,-20.7
168.21,-14.6,-68.6,-28.5,-16.7,-20.4
168.22,-14.2,-68.7,-28.3,-16.3,-20.1
168.23,-14.5,-68.8,-28.5,-16.6,-20.0
168.24,-14.2,-68.7,-28.1,-16.3,-19.8
168.25,-13.7,-68.1,-27.8,-16.4,-19.7
168.26,-13.7,-68.1,-28.1,-16.2,-19.9
168.27,-13.7,-68.2,-28.0,-16.4,-19.6
168.28,-13.5,-68.3,-27.6,-16.3,-19.5
168.29,-10.5,-67.4,-13.5,-16.4,-19.7
168.30,-9.3,-67.9,-10.5,-16.4,-20.0
168.31,-8.9,-68.1,-9.8,-16.5,-20.3
168.32,-8.4,-68.4,-9.5,-16.6,-20.6
168.33,-9.0,-69.5,-10.1,-16.9,-20.6
168.34,-10.5,-70.0,-11.3,-17.5,-20.8
168.35,-12.4,-69.9,-16.1,-17.9,-21.0
168.36,-13.7,-68.8,-17.7,-18.0,-21.6
168.37,-13.7,-68.4,-18.4,-17.8,-21.3
168.38,-13.3,-67.9,-18.4,-17.2,-20.9
168.39,-13.1,-66.2,-20.1,-16.8,-20.1
168.40,-13.0,-65.0,-20.5,-16.2,-19.8
168.41,-13.0,-63.9,-21.1,-16.6,-19.1
168.42,-12.8,-62.8,-21.1,-16.1,-19.0
168.43,-12.9,-62.5,-21.8,-16.6,-18.9
168.44,-12.8,-61.8,-22.0,-16.1,-19.0
168.45,-12.9,-62.0,-21.9,-16.6,-18.9
168.46,-12.5,-62.3,-22.1,-15.9,-18.9
168.47,-13.1,-62.4,-22.9,-16.4,-18.7
168.48,-11.9,-62.7,-23.5,-15.6,-18.7
168.49,-12.8,-63.2,-25.1,-16.2,-18.9
168.50,-13.0,-63.2,-26.4,-15.7,-19.4
168.51,-13.9,-62.0,-27.1,-16.6,-19.9
168.52,-14.6,-61.3,-27.8,-16.3,-20.1
168.53,-15.8,-60.3,-28.3,-17.2,-20.5
168.54,-14.9,-57.7,-28.2,-16.4,-20.4
168.55,-14.5,-56.1,-28.2,-16.8,-20.2
168.56,-13.8,-55.5,-27.8,-16.2,-20.5
168.57,-13.9,-54.9,-27.5,-16.3,-20.6
168.58,-13.6,-55.3,-27.6,-16.0,-20.7
168.59,-14.3,-56.6,-27.7,-16.1,-20.6
168.60,-14.1,-58.1,-26.8,-16.2,-20.3
168.61,-10.8,-59.4,-13.6,-16.3,-20.4
168.62,-9.5,-60.5,-10.2,-16.7,-20.1
168.63,-9.0,-59.8,-10.0,-16.7,-19.7
168.64,-9.1,-59.2,-10.0,-17.0,-19.8
168.65,-9.2,-58.4,-10.1,-17.1,-19.7
168.66,-12.6,-57.7,-15.1,-18.0,-19.4
168.67,-14.4,-57.3,-19.6,-18.0,-19.3
168.68,-13.7,-57.5,-19.5,-17.8,-19.0
168.69,-13.9,-57.6,-19.6,-17.9,-18.3
168.70,-13.7,-58.7,-19.3,-17.1,-18.1
168.71,-12.8,-59.8,-20.4,-16.8,-18.1
168.72,-12.9,-61.5,-20.9,-16.6,-18.0
168.73,-13.3,-62.2,-21.0,-16.7,-18.0
168.74,-12.7,-64.5,-21.1,-16.5,-18.3
168.75,-12.6,-65.2,-21.4,-16.5,-18.5
168.76,-13.0,-66.3,-22.6,-16.8,-18.6
168.77,-13.3,-66.6,-22.9,-16.7,-19.0
168.78,-13.9,-66.5,-24.6,-17.0,-19.4
168.79,-13.4,-66.7,-25.2,-16.4,-19.9
168.80,-13.7,-67.4,-26.0,-16.4,-20.4
168.81,-13.5,-68.0,-26.5,-16.0,-20.7
168.82,-13.4,-68.0,-27.2,-15.9,-20.9
168.83,-13.6,-69.3,-27.3,-15.8,-20.6
168.84,-14.5,-69.6,-28.2,-16.5,-19.8
168.85,-14.3,-69.8,-28.0,-16.0,-19.5
168.86,-14.1,-70.1,-28.5,-16.7,-19.2
168.87,-13.2,-70.6,-28.1,-15.8,-19.0
168.88,-13.5,-70.8,-27.4,-16.6,-19.0
168.89,-13.0,-70.9,-27.4,-15.5,-19.0
168.90,-13.8,-70.7,-27.7,-16.5,-19.0
168.91,-12.8,-70.4,-27.8,-15.5,-18.8
168.92,-10.6,-69.5,-13.6,-16.6,-19.0
168.93,-9.1,-69.8,-10.3,-16.2,-19.4
168.94,-8.7,-69.7,-9.5,-17.4,-19.8
168.95,-8.3,-69.3,-9.2,-17.1,-20.0
168.96,-8.5,-69.3,-9.2,-18.4,-20.4
168.97,-10.4,-69.2,-11.2,-18.1,-20.3
168.98,-12.0,-69.1,-14.8,-19.1,-20.4
168.99,-13.6,-69.4,-16.9,-18.5,-20.6
169.00,-14.5,-70.1,-18.1,-18.9,-20.8
169.01,-14.3,-69.8,-18.4,-17.8,-21.0
169.02,-14.3,-69.8,-20.0,-18.0,-20.8
169.03,-13.6,-70.0,-20.1,-17.0,-20.8
169.04,-13.9,-69.8,-21.1,-17.5,-20.5
169.05,-13.5,-69.9,-21.4,-16.9,-20.3
169.06,-13.6,-69.5,-22.0,-17.5,-20.0
169.07,-13.2,-69.3,-22.3,-16.9,-19.9
169.08,-13.6,-69.3,-22.4,-17.7,-19.7
169.09,-13.4,-69.1,-22.5,-16.9,-20.1
169.10,-13.9,-69.5,-22.9,-17.2,-20.5
169.11,-12.6,-69.4,-23.2,-15.8,-20.7
169.12,-13.5,-69.6,-24.5,-16.3,-21.0
169.13,-12.7,-69.3,-26.5,-15.2,-20.8
169.14,-13.4,-69.3,-27.8,-16.1,-20.6
169.15,-13.6,-69.5,-28.1,-15.4,-20.4
169.16,-14.5,-69.8,-28.7,-16.5,-19.9
169.17,-13.9,-69.9,-29.0,-15.6,-19.7
169.18,-14.2,-70.1,-29.0,-16.3,-19.6
169.19,-13.4,-69.6,-29.3,-15.6,-19.8
169.20,-13.6,-69.6,-28.8,-16.1,-20.1
169.21,-13.3,-69.8,-28.8,-15.6,-20.5
169.22,-13.8,-70.3,-28.4,-15.9,-20.7
169.23,-13.6,-71.0,-27.9,-15.7,-20.5
169.24,-11.8,-71.9,-15.5,-16.0,-19.9
169.25,-9.9,-71.5,-10.7,-15.9,-18.8
169.26,-9.3,-71.2,-10.3,-16.3,-18.4
169.27,-9.3,-70.4,-10.2,-17.3,-18.0
169.28,-9.6,-70.8,-10.3,-18.3,-18.1
169.29,-12.8,-70.6,-14.6,-19.5,-18.2
169.30,-15.0,-71.1,-20.0,-22.0,-18.5
169.31,-15.2,-71.4,-20.0,-22.1,-18.4
169.32,-14.6,-71.7,-19.9,-21.1,-18.5
169.33,-14.3,-71.1,-19.7,-21.0,-18.6
169.34,-13.9,-70.9,-21.4,-19.8,-19.0
169.35,-13.8,-70.4,-22.0,-19.2,-19.0
169.36,-14.3,-70.2,-22.0,-20.3,-19.1
169.37,-13.8,-69.6,-22.2,-19.4,-19.4
169.38,-14.2,-69.4,-21.9,-19.3,-19.4
169.39,-13.1,-68.6,-16.2,-21.0,-20.1
169.40,-11.1,-68.5,-12.7,-20.1,-20.6
169.41,-10.1,-68.7,-11.6,-18.9,-20.9
169.42,-9.9,-69.4,-11.3,-19.7,-21.4
169.43,-9.7,-69.8,-11.1,-19.3,-22.0
169.44,-11.1,-71.7,-13.4,-18.0,-21.6
169.45,-12.6,-71.9,-15.6,-18.8,-21.9
169.46,-13.4,-72.0,-17.3,-19.2,-21.8
169.47,-13.0,-71.2,-18.6,-17.8,-21.6
169.48,-13.6,-70.7,-19.4,-17.7,-21.2
169.49,-13.9,-69.6,-20.2,-18.6,-20.5
169.50,-13.3,-68.9,-21.5,-17.6,-19.9
169.51,-13.9,-68.8,-22.7,-17.8,-19.7
169.52,-14.6,-69.2,-23.9,-18.6,-19.5
169.53,-13.8,-69.7,-24.3,-17.5,-19.3
169.54,-13.8,-70.5,-24.4,-17.6,-19.4
169.55,-14.1,-70.9,-24.3,-17.8,-19.6
169.56,-13.2,-71.0,-23.9,-17.1,-19.3
169.57,-13.2,-70.7,-23.5,-17.0,-19.2
169.58,-13.4,-70.4,-23.2,-17.4,-19.1
169.59,-13.4,-70.5,-22.9,-17.6,-19.1
169.60,-13.3,-70.6,-22.8,-17.4,-19.0
169.61,-14.1,-71.3,-23.0,-17.7,-19.6
169.62,-14.6,-71.8,-23.1,-18.0,-20.0
169.63,-15.0,-72.1,-22.8,-18.0,-20.4
169.64,-15.0,-72.1,-23.0,-17.9,-20.5
169.65,-14.2,-72.3,-22.6,-18.0,-20.2
169.66,-14.1,-72.4,-22.4,-17.6,-20.1
169.67,-13.8,-72.4,-22.4,-17.5,-20.0
169.68,-13.7,-72.2,-22.7,-17.6,-19.8
169.69,-14.0,-72.4,-22.9,-17.6,-20.3
169.70,-14.5,-72.0,-23.3,-17.6,-21.1
169.71,-12.5,-71.8,-17.1,-17.9,-21.2
169.72,-9.6,-71.5,-11.9,-18.0,-21.3
169.73,-8.9,-71.7,-11.0,-17.9,-21.4
169.74,-8.9,-71.7,-10.9,-18.3,-21.4
169.75,-8.9,-71.5,-10.9,-18.0,-21.6
169.76,-10.0,-71.3,-12.5,-17.9,-22.0
169.77,-13.7,-69.7,-19.1,-18.2,-22.0
169.78,-13.7,-68.8,-20.9,-18.2,-22.0
169.79,-11.1,-68.2,-14.2,-17.6,-22.3
169.80,-10.3,-68.5,-12.2,-18.3,-22.1
169.81,-10.4,-68.4,-11.7,-18.9,-22.0
169.82,-10.2,-69.1,-11.4,-18.7,-22.6
169.83,-10.6,-70.1,-12.0,-19.2,-22.7
169.84,-12.6,-69.8,-14.6,-19.5,-22.8
169.85,-13.0,-70.3,-16.4,-18.7,-22.8
169.86,-13.7,-70.7,-17.5,-19.0,-22.4
169.87,-10.9,-70.1,-13.2,-19.5,-22.0
169.88,-10.5,-69.6,-12.3,-18.8,-21.7
169.89,-10.4,-69.3,-12.1,-18.9,-21.7
169.90,-10.5,-68.7,-12.1,-19.1,-21.7
169.91,-11.1,-68.9,-13.0,-18.2,-21.8
169.92,-12.8,-68.2,-16.2,-18.1,-21.7
169.93,-14.1,-67.7,-19.0,-18.4,-21.6
169.94,-13.6,-67.7,-19.8,-17.8,-21.5
169.95,-13.6,-67.8,-20.6,-18.0,-20.9
169.96,-13.7,-67.6,-21.4,-18.1,-20.4
169.97,-13.3,-67.0,-22.0,-17.2,-20.1
169.98,-13.7,-67.4,-22.7,-17.9,-19.9
169.99,-13.8,-67.0,-23.0,-17.9,-19.6
170.00,-13.8,-66.8,-23.2,-17.5,-19.3
170.01,-14.0,-67.5,-23.6,-17.9,-19.2
170.02,-13.6,-68.1,-21.7,-17.8,-19.2
170.03,-10.3,-68.9,-13.7,-17.8,-19.6
170.04,-9.2,-69.8,-11.9,-18.2,-19.9
170.05,-9.1,-70.0,-11.4,-18.6,-20.4
170.06,-8.9,-71.1,-10.6,-18.4,-21.2
170.07,-9.6,-70.9,-11.3,-19.3,-21.4
170.08,-10.2,-70.9,-11.8,-18.7,-21.2
170.09,-11.7,-71.1,-12.8,-19.0,-21.0
170.10,-10.5,-71.3,-12.9,-18.8,-20.6
170.11,-10.4,-71.9,-13.0,-18.6,-20.6
170.12,-10.9,-71.9,-12.9,-19.5,-20.6
170.13,-10.5,-71.7,-12.9,-19.6,-20.6
170.14,-10.4,-72.0,-13.3,-19.2,-21.0
170.15,-11.1,-71.9,-13.2,-20.3,-21.1
170.16,-11.0,-71.1,-13.6,-19.7,-21.3
170.17,-10.6,-70.4,-13.8,-18.9,-21.7
170.18,-10.4,-68.2,-12.4,-19.8,-22.2
170.19,-9.8,-67.5,-11.3,-19.3,-22.7
170.20,-9.2,-67.3,-10.2,-18.5,-22.5
170.21,-10.1,-66.6,-10.5,-20.0,-22.6
170.22,-9.9,-66.4,-10.6,-19.3,-22.3
170.23,-11.5,-68.2,-12.9,-18.8,-21.8
170.24,-12.7,-68.1,-15.5,-20.1,-21.9
170.25,-13.3,-68.2,-17.6,-20.4,-21.7
170.26,-13.0,-68.6,-18.1,-19.5,-21.7
170.27,-13.7,-67.0,-18.1,-21.0,-21.4
170.28,-14.0,-65.6,-18.9,-20.5,-21.2
170.29,-14.8,-65.0,-20.1,-20.4,-20.9
170.30,-15.5,-64.5,-20.4,-21.1,-20.3
170.31,-15.2,-64.7,-20.9,-20.2,-20.2
170.32,-15.2,-65.5,-21.0,-20.0,-20.5
170.33,-15.1,-66.1,-20.9,-20.3,-20.5
170.34,-14.3,-65.2,-20.2,-19.7,-20.0
170.35,-14.4,-65.3,-19.6,-20.6,-20.1
170.36,-13.1,-65.1,-18.8,-19.8,-20.0
170.37,-13.1,-65.3,-18.6,-19.6,-19.8
170.38,-13.3,-65.4,-18.6,-20.0,-19.5
170.39,-13.1,-67.3,-19.1,-19.4,-19.9
170.40,-13.9,-68.1,-20.0,-19.2,-20.1
170.41,-15.0,-68.7,-20.6,-20.2,-20.1
170.42,-14.4,-69.3,-20.7,-19.9,-20.1
170.43,-14.3,-69.2,-21.0,-19.2,-19.9
170.44,-15.2,-69.2,-21.0,-20.5,-19.9
170.45,-14.6,-69.3,-21.2,-19.6,-20.1
170.46,-14.3,-69.1,-21.3,-19.0,-20.3
170.47,-15.0,-69.0,-21.8,-20.2,-20.3
170.48,-15.1,-69.1,-22.2,-19.3,-20.3
170.49,-14.6,-69.6,-22.3,-18.9,-20.1
170.50,-13.5,-69.9,-17.1,-20.1,-19.4
170.51,-11.0,-70.4,-12.2,-19.3,-19.3
170.52,-10.4,-71.4,-11.4,-19.0,-19.2
170.53,-10.4,-71.7,-11.3,-19.6,-19.2
170.54,-10.3,-72.2,-11.4,-18.7,-19.3
170.55,-11.4,-72.1,-12.9,-19.0,-19.3
170.56,-13.2,-71.3,-19.2,-18.9,-19.0
170.57,-13.3,-71.1,-20.1,-18.5,-19.1
170.58,-13.0,-70.9,-20.2,-18.5,-18.8
170.59,-13.4,-70.6,-19.9,-19.0,-18.7
170.60,-13.8,-70.7,-21.1,-18.9,-18.9
170.61,-13.7,-70.7,-20.9,-19.0,-19.0
170.62,-14.6,-70.5,-21.6,-19.4,-19.1
170.63,-13.7,-70.6,-21.1,-18.8,-19.4
170.64,-13.6,-70.5,-21.2,-18.9,-19.7
170.65,-13.5,-69.9,-20.2,-19.3,-19.7
170.66,-10.8,-69.4,-13.0,-18.7,-19.8
170.67,-10.0,-69.4,-12.1,-18.5,-20.1
170.68,-10.3,-69.2,-11.8,-19.3,-20.9
170.69,-10.1,-69.8,-11.7,-18.9,-21.2
170.70,-11.3,-70.7,-13.0,-18.7,-21.5
170.71,-12.7,-70.8,-16.2,-18.8,-21.8
170.72,-13.8,-70.7,-18.2,-18.5,-21.6
170.73,-14.0,-70.1,-19.4,-18.5,-21.4
170.74,-13.8,-69.4,-20.1,-17.8,-21.4
170.75,-14.4,-69.0,-20.9,-18.3,-21.2
170.76,-14.9,-68.8,-22.1,-18.4,-21.1
170.77,-14.4,-68.2,-22.8,-17.6,-21.1
170.78,-14.8,-68.3,-23.3,-18.2,-21.0
170.79,-14.4,-67.8,-23.6,-17.7,-20.9
170.80,-14.3,-67.5,-23.9,-17.5,-20.9
170.81,-12.9,-67.1,-17.3,-18.1,-21.1
170.82,-11.0,-67.4,-12.9,-17.9,-21.3
170.83,-9.3,-67.8,-9.9,-18.0,-21.5
170.84,-9.0,-67.6,-9.6,-18.4,-21.8
170.85,-9.0,-66.4,-9.5,-18.9,-21.8
170.86,-10.0,-66.2,-10.8,-18.6,-21.9
170.87,-12.7,-65.6,-14.6,-19.2,-21.7
170.88,-13.5,-64.7,-17.6,-19.7,-21.6
170.89,-13.2,-64.8,-18.2,-18.3,-21.8
170.90,-13.4,-64.6,-18.8,-18.2,-21.9
170.91,-12.9,-63.9,-19.0,-17.7,-21.5
170.92,-12.8,-63.7,-20.5,-16.9,-21.7
170.93,-14.0,-63.4,-21.7,-17.7,-21.6
170.94,-13.8,-62.8,-22.1,-17.2,-21.5
170.95,-13.6,-62.5,-22.5,-17.1,-21.3
170.96,-14.4,-61.2,-23.0,-17.7,-21.5
170.97,-14.5,-60.6,-23.2,-18.3,-21.4
170.98,-12.8,-60.0,-18.7,-18.1,-21.3
170.99,-12.7,-59.6,-17.2,-19.3,-20.9
171.00,-12.6,-58.7,-16.4,-19.2,-20.7
171.01,-12.5,-58.0,-16.1,-20.2,-20.5
171.02,-12.1,-57.6,-16.3,-19.0,-20.4
171.03,-13.9,-57.1,-17.9,-20.6,-20.3
171.04,-14.1,-56.9,-19.7,-19.0,-20.5
171.05,-13.0,-57.6,-16.3,-20.3,-20.3
171.06,-11.7,-57.9,-13.7,-18.7,-20.5
171.07,-11.9,-58.0,-13.1,-19.7,-20.3
171.08,-11.1,-57.8,-12.6,-18.8,-20.3
171.09,-11.0,-56.3,-12.3,-19.4,-20.2
171.10,-11.5,-55.6,-14.3,-18.9,-20.0
171.11,-12.4,-55.4,-16.7,-18.2,-19.9
171.12,-12.8,-55.6,-18.0,-18.4,-19.9
171.13,-11.0,-56.8,-14.2,-18.1,-20.0
171.14,-10.0,-58.4,-11.9,-19.5,-20.1
171.15,-9.6,-59.9,-11.1,-20.0,-20.1
171.16,-9.5,-60.7,-11.0,-20.7,-20.4
171.17,-9.8,-61.8,-11.0,-22.1,-20.4
171.18,-11.7,-60.8,-13.8,-22.8,-20.1
171.19,-14.4,-59.1,-17.3,-23.1,-20.8
171.20,-14.8,-57.5,-19.1,-22.8,-21.1
171.21,-15.3,-55.9,-20.6,-21.8,-21.4
171.22,-15.1,-54.6,-21.0,-21.4,-21.4
171.23,-14.7,-53.8,-23.2,-19.7,-21.1
171.24,-14.8,-53.7,-24.2,-19.6,-21.1
171.25,-15.2,-54.1,-26.1,-19.6,-21.3
171.26,-15.1,-54.9,-26.6,-19.7,-20.8
171.27,-15.3,-55.7,-26.9,-20.3,-20.6
171.28,-15.9,-57.3,-26.8,-21.8,-20.5
171.29,-13.6,-58.6,-16.8,-22.7,-20.5
171.30,-11.4,-59.8,-12.7,-25.2,-20.5
171.31,-10.9,-61.4,-11.7,-29.4,-20.7
171.32,-9.3,-63.2,-10.6,-24.1,-21.0
171.33,-9.3,-64.3,-10.5,-22.4,-20.7
171.34,-9.7,-63.7,-11.0,-22.3,-20.5
171.35,-10.3,-63.4,-12.7,-19.9,-20.6
171.36,-10.6,-63.7,-13.1,-19.8,-20.6
171.37,-11.8,-63.9,-13.8,-21.2,-20.6
171.38,-11.8,-63.9,-14.0,-20.1,-20.5
171.39,-11.2,-64.3,-13.8,-20.2,-20.6
171.40,-11.5,-62.7,-13.7,-21.7,-20.6
171.41,-11.5,-61.8,-14.0,-20.4,-20.3
171.42,-11.8,-60.9,-14.2,-20.2,-20.6
171.43,-12.1,-60.4,-14.6,-21.5,-20.9
171.44,-12.5,-60.3,-15.1,-21.1,-21.2
171.45,-10.3,-60.5,-11.5,-21.3,-21.7
171.46,-9.6,-60.8,-10.5,-23.3,-21.9
171.47,-9.2,-61.3,-9.9,-23.4,-21.9
171.48,-8.5,-61.3,-9.2,-24.0,-21.7
171.49,-9.0,-61.6,-9.2,-26.0,-21.6
171.50,-9.6,-61.0,-10.0,-24.7,-21.2
171.51,-10.1,-60.4,-10.9,-25.2,-21.3
171.52,-10.8,-59.7,-11.6,-26.2,-21.6
171.53,-10.9,-58.3,-11.9,-26.2,-21.5
171.54,-11.5,-57.4,-12.8,-27.0,-21.3
171.55,-11.9,-56.9,-12.8,-33.2,-20.8
171.56,-12.0,-55.4,-13.2,-32.1,-20.6
171.57,-11.4,-50.2,-12.9,-29.7,-20.3
171.58,-11.3,-47.9,-13.0,-29.6,-20.2
171.59,-10.7,-44.0,-12.4,-28.7,-20.6
171.60,-10.9,-25.2,-12.5,-29.1,-21.3
171.61,-10.2,-18.5,-12.4,-31.6,-21.4
171.62,-9.9,-15.9,-12.2,-33.7,-21.7
171.63,-9.6,-14.2,-12.3,-40.0,-21.9
171.64,-8.9,-12.9,-12.1,-50.8,-21.6
171.65,-9.0,-12.6,-12.6,-48.4,-21.3
171.66,-9.0,-12.8,-12.6,-48.7,-21.1
171.67,-9.6,-13.1,-13.2,-41.7,-21.0
171.68,-10.2,-13.6,-13.5,-41.5,-21.3
171.69,-9.5,-13.8,-13.0,-40.7,-21.8
171.70,-9.8,-13.9,-13.1,-40.2,-22.2
171.71,-9.4,-13.9,-12.8,-40.5,-22.7
171.72,-9.1,-13.9,-12.8,-37.3,-23.4
171.73,-9.6,-14.1,-13.2,-37.3,-23.3
171.74,-9.7,-14.2,-13.5,-35.3,-23.5
171.75,-10.2,-14.2,-14.4,-33.0,-23.4
171.76,-10.7,-14.1,-15.2,-32.8,-23.7
171.77,-11.2,-14.0,-16.6,-32.4,-23.4
171.78,-11.6,-13.8,-17.8,-31.3,-23.3
171.79,-11.4,-13.6,-18.3,-31.7,-23.1
171.80,-11.7,-13.1,-18.7,-32.1,-23.3
171.81,-11.3,-12.8,-18.7,-33.1,-23.5
171.82,-10.9,-12.4,-18.7,-35.3,-24.0
171.83,-11.0,-12.0,-19.2,-36.8,-24.1
171.84,-10.8,-11.8,-20.4,-44.0,-24.3
171.85,-11.1,-11.8,-21.6,-43.8,-24.2
171.86,-11.1,-11.8,-23.0,-41.3,-24.2
171.87,-11.1,-11.8,-22.8,-36.6,-24.4
171.88,-11.2,-11.9,-22.6,-33.8,-24.8
171.89,-10.9,-11.9,-21.0,-32.4,-25.1
171.90,-10.9,-12.0,-20.3,-31.4,-25.4
171.91,-10.8,-12.0,-20.1,-32.0,-25.5
171.92,-11.0,-12.2,-20.0,-33.1,-25.9
171.93,-11.4,-12.3,-20.9,-33.8,-26.1
171.94,-11.6,-12.4,-21.9,-38.4,-26.9
171.95,-12.0,-12.6,-23.3,-40.1,-27.0
171.96,-12.2,-12.7,-25.1,-40.5,-27.3
171.97,-12.3,-12.8,-24.9,-44.3,-27.1
171.98,-12.3,-12.8,-24.5,-47.3,-27.3
171.99,-12.2,-12.8,-23.1,-48.4,-27.5
172.00,-12.2,-12.8,-22.6,-50.2,-27.8
172.01,-12.1,-13.0,-22.4,-56.7,-27.9
172.02,-12.6,-13.1,-22.9,-60.5,-28.5
172.03,-12.5,-13.1,-23.8,-62.4,-28.6
172.04,-12.5,-13.1,-24.9,-64.1,-29.0
172.05,-12.7,-13.0,-26.5,-67.7,-28.9
172.06,-12.6,-13.0,-27.0,-68.9,-29.0
172.07,-12.7,-13.0,-27.2,-66.3,-29.4
172.08,-12.6,-13.0,-26.8,-64.3,-29.2
172.09,-12.8,-13.1,-26.5,-63.2,-29.4
172.10,-12.8,-13.1,-26.5,-62.1,-29.8
172.11,-12.7,-13.1,-26.5,-62.1,-29.9
172.12,-12.8,-13.1,-27.0,-63.8,-30.4
172.13,-12.8,-13.1,-27.5,-64.7,-30.9
172.14,-13.0,-13.3,-27.9,-65.4,-31.4
172.15,-13.1,-13.5,-28.4,-64.2,-31.6
172.16,-13.3,-13.6,-28.5,-63.4,-32.0
172.17,-13.4,-13.6,-28.8,-63.4,-32.2
172.18,-13.5,-13.7,-28.7,-63.1,-32.4
172.19,-13.4,-13.7,-28.7,-62.9,-32.7
172.20,-13.6,-13.8,-29.0,-61.4,-32.6
172.21,-13.8,-14.1,-29.0,-60.8,-32.8
172.22,-14.6,-14.8,-29.2,-60.8,-33.2
172.23,-15.9,-16.3,-29.5,-60.9,-33.3
172.24,-17.4,-18.0,-29.6,-62.2,-33.3
172.25,-17.7,-18.4,-29.6,-64.5,-33.9
172.26,-16.5,-17.0,-29.8,-68.1,-34.1
172.27,-15.3,-15.6,-29.7,-69.1,-34.5
172.28,-14.4,-14.7,-29.9,-69.5,-35.2
172.29,-13.7,-14.0,-29.7,-68.0,-35.8
172.30,-13.9,-14.1,-29.8,-66.7,-36.6
172.31,-14.2,-14.4,-30.1,-66.5,-37.1
172.32,-14.5,-14.7,-29.9,-67.3,-37.2
172.33,-15.0,-15.3,-29.9,-68.0,-37.6
172.34,-15.6,-15.9,-30.3,-70.6,-37.5
172.35,-15.2,-15.4,-30.2,-70.4,-37.6
172.36,-14.6,-14.9,-30.2,-70.8,-37.7
172.37,-13.9,-14.1,-30.4,-70.1,-37.8
172.38,-13.3,-13.5,-30.1,-70.0,-38.0
172.39,-13.1,-13.2,-30.0,-71.1,-38.1
172.40,-13.2,-13.4,-30.0,-71.6,-38.2
172.41,-13.3,-13.5,-29.7,-72.4,-38.2
172.42,-13.3,-13.5,-30.0,-72.5,-38.3
172.43,-13.2,-13.3,-30.2,-72.0,-38.6
172.44,-13.0,-13.1,-30.7,-71.8,-38.9
172.45,-12.8,-12.9,-31.3,-71.9,-39.4
172.46,-12.5,-12.6,-31.8,-72.2,-39.8
172.47,-12.6,-12.7,-31.8,-72.1,-40.4
172.48,-12.7,-12.8,-32.0,-72.0,-40.4
172.49,-12.9,-13.0,-32.1,-71.7,-40.7
172.50,-13.2,-13.3,-31.8,-71.0,-41.1
172.51,-13.4,-13.5,-31.6,-71.3,-41.0
172.52,-13.6,-13.8,-31.3,-71.3,-41.2
172.53,-13.8,-14.0,-30.9,-71.7,-41.3
172.54,-14.0,-14.1,-30.9,-71.9,-41.5
172.55,-14.1,-14.3,-30.5,-71.1,-41.4
172.56,-14.2,-14.4,-30.5,-71.1,-41.7
172.57,-14.3,-14.4,-30.9,-70.7,-42.2
172.58,-14.4,-14.5,-31.0,-70.9,-42.3
172.59,-14.5,-14.7,-30.9,-71.6,-42.8
172.60,-14.7,-14.8,-31.1,-71.7,-42.9
172.61,-14.9,-15.0,-31.2,-72.2,-43.1
172.62,-15.0,-15.1,-31.0,-71.7,-43.2
172.63,-15.1,-15.2,-31.0,-71.3,-43.3
172.64,-15.2,-15.3,-31.3,-72.1,-43.3
172.65,-15.2,-15.4,-31.5,-72.1,-43.3
172.66,-15.1,-15.3,-31.8,-72.9,-42.5
172.67,-15.1,-15.3,-31.6,-72.5,-42.2
172.68,-15.1,-15.3,-31.5,-72.2,-41.7
172.69,-15.5,-15.7,-31.8,-71.5,-41.7
172.70,-16.2,-16.5,-31.9,-70.9,-42.1
172.71,-17.4,-17.6,-32.0,-71.3,-42.1
172.72,-18.8,-19.3,-32.1,-71.2,-42.3
172.73,-20.9,-21.5,-31.9,-71.3,-42.8
172.74,-22.3,-23.3,-31.6,-71.7,-43.2
172.75,-23.5,-24.9,-31.6,-72.0,-43.3
172.76,-25.0,-27.0,-31.6,-72.2,-43.6
172.77,-26.4,-29.2,-31.8,-72.0,-43.4
172.78,-27.7,-31.9,-31.8,-72.3,-42.8
172.79,-28.8,-34.7,-31.9,-73.6,-42.2
172.80,-29.7,-36.9,-32.2,-73.3,-41.7
172.81,-30.2,-38.9,-32.2,-72.5,-41.5
172.82,-30.0,-39.2,-32.0,-72.1,-41.1
172.83,-30.2,-39.5,-32.1,-72.3,-41.1
172.84,-30.2,-39.8,-32.1,-72.3,-41.3
172.85,-30.0,-38.4,-32.0,-72.8,-41.1
172.86,-27.4,-30.1,-31.9,-73.8,-41.4
172.87,-22.3,-23.0,-32.4,-74.5,-41.7
172.88,-18.6,-18.8,-32.7,-74.0,-41.7
172.89,-16.3,-16.4,-32.6,-73.0,-41.9
172.90,-14.8,-14.9,-32.9,-72.6,-42.6
172.91,-14.2,-14.3,-32.9,-72.5,-43.3
172.92,-13.9,-13.9,-32.9,-72.8,-44.2
172.93,-13.7,-13.8,-33.2,-73.6,-45.1
172.94,-13.9,-14.0,-33.6,-73.8,-45.6
172.95,-13.6,-13.6,-33.8,-73.1,-45.4
172.96,-13.2,-13.3,-34.3,-73.3,-45.2
172.97,-12.9,-13.0,-34.4,-73.3,-44.9
172.98,-12.8,-12.9,-34.1,-73.9,-45.2
172.99,-12.8,-12.9,-34.2,-73.6,-45.7
173.00,-12.8,-12.9,-33.9,-73.8,-45.8
173.01,-12.7,-12.8,-33.9,-73.0,-45.5
173.02,-12.8,-12.8,-33.5,-72.2,-43.3
173.03,-12.9,-12.9,-33.7,-72.1,-34.5
173.04,-13.0,-13.1,-33.9,-72.9,-30.0
173.05,-12.8,-13.1,-33.8,-72.2,-27.1
173.06,-12.7,-13.0,-33.3,-72.0,-25.9
173.07,-12.5,-12.8,-33.5,-71.9,-25.2
173.08,-12.2,-12.5,-33.3,-71.4,-25.0
173.09,-11.8,-12.1,-32.9,-71.4,-25.5
173.10,-11.6,-11.9,-32.7,-71.9,-26.3
173.11,-11.6,-11.8,-32.6,-71.9,-26.7
173.12,-11.4,-11.7,-32.8,-72.2,-27.3
173.13,-11.4,-11.6,-32.9,-72.1,-27.8
173.14,-11.5,-11.6,-33.1,-72.1,-28.4
173.15,-11.5,-11.6,-33.6,-71.9,-29.0
173.16,-11.4,-11.6,-33.7,-72.0,-29.4
173.17,-11.3,-11.5,-33.8,-71.8,-29.5
173.18,-11.2,-11.4,-34.2,-71.3,-29.9
173.19,-11.2,-11.3,-34.2,-71.3,-30.5
173.20,-11.2,-11.4,-34.1,-71.8,-31.0
173.21,-11.3,-11.4,-34.4,-71.8,-31.5
173.22,-11.4,-11.5,-34.4,-72.1,-32.4
173.23,-11.3,-11.5,-34.3,-73.1,-32.6
173.24,-11.5,-11.5,-34.6,-72.6,-33.0
173.25,-11.5,-11.6,-34.6,-72.4,-33.2
173.26,-11.6,-11.6,-34.5,-72.7,-33.6
173.27,-11.6,-11.7,-34.0,-73.0,-33.6
173.28,-11.7,-11.8,-34.0,-72.9,-34.1
173.29,-11.6,-11.7,-34.1,-73.0,-34.6
173.30,-11.6,-11.7,-33.9,-72.1,-35.0
173.31,-11.6,-11.8,-34.2,-72.0,-34.8
173.32,-11.7,-11.9,-34.4,-71.6,-34.8
173.33,-12.0,-12.1,-34.3,-71.6,-34.9
173.34,-12.3,-12.3,-34.4,-71.8,-35.0
173.35,-12.4,-12.5,-34.4,-71.6,-35.2
173.36,-12.4,-12.6,-33.9,-71.6,-35.2
173.37,-12.6,-12.7,-34.0,-71.8,-35.6
173.38,-12.6,-12.8,-34.2,-72.4,-36.0
173.39,-12.8,-12.9,-34.2,-73.4,-36.3
173.40,-13.0,-13.1,-34.6,-73.6,-36.7
173.41,-13.1,-13.1,-35.1,-73.8,-36.8
173.42,-13.1,-13.2,-35.2,-73.2,-36.8
173.43,-13.3,-13.4,-35.6,-73.4,-36.9
173.44,-13.5,-13.6,-35.9,-73.0,-36.9
173.45,-13.8,-13.9,-36.0,-73.4,-37.2
173.46,-14.3,-14.4,-35.7,-73.8,-37.6
173.47,-15.0,-15.1,-35.6,-73.3,-38.2
173.48,-16.3,-16.4,-35.7,-72.6,-39.0
173.49,-17.4,-17.6,-36.0,-71.6,-39.6
173.50,-17.4,-17.6,-36.4,-71.2,-40.4
173.51,-16.7,-16.8,-37.2,-71.6,-41.2
173.52,-15.6,-15.7,-37.7,-71.9,-41.6
173.53,-14.8,-14.8,-38.0,-71.9,-42.1
173.54,-14.3,-14.3,-38.1,-72.7,-42.7
173.55,-14.4,-14.4,-38.5,-72.4,-42.7
173.56,-14.7,-14.7,-38.8,-72.1,-42.8
173.57,-15.1,-15.1,-38.1,-72.2,-43.1
173.58,-15.8,-15.8,-38.0,-72.1,-42.9
173.59,-17.0,-17.1,-38.0,-72.0,-43.0
173.60,-18.3,-18.4,-37.7,-71.5,-42.9
173.61,-19.5,-19.7,-37.7,-71.0,-42.6
173.62,-20.5,-20.7,-37.7,-70.5,-42.3
173.63,-20.5,-20.7,-37.9,-70.7,-42.3
173.64,-19.9,-20.2,-38.0,-70.8,-41.8
173.65,-19.7,-19.9,-38.3,-71.4,-41.7
173.66,-19.3,-19.6,-38.4,-72.2,-34.3
173.67,-17.7,-18.4,-38.7,-72.1,-28.8
173.68,-16.4,-17.2,-39.0,-72.1,-26.9
173.69,-15.5,-16.2,-39.5,-72.1,-25.9
173.70,-15.0,-15.7,-39.3,-71.7,-25.4
173.71,-14.9,-15.5,-39.2,-72.2,-26.0
173.72,-15.4,-15.8,-39.0,-72.5,-27.5
173.73,-15.9,-16.3,-38.7,-72.7,-28.8
173.74,-16.5,-16.8,-38.5,-73.2,-29.8
173.75,-16.8,-17.0,-38.7,-72.9,-30.6
173.76,-17.1,-17.4,-38.7,-72.5,-31.5
173.77,-17.6,-17.9,-38.7,-72.3,-32.3
173.78,-17.9,-18.2,-39.1,-71.9,-33.1
173.79,-18.0,-18.1,-39.2,-72.1,-34.0
173.80,-17.0,-17.2,-39.6,-71.8,-34.5
173.81,-15.7,-15.9,-40.2,-72.1,-34.9
173.82,-14.8,-14.9,-40.5,-71.8,-35.6
173.83,-14.2,-14.2,-40.4,-72.2,-36.3
173.84,-13.8,-13.9,-40.9,-72.7,-36.9
173.85,-13.6,-13.7,-40.6,-72.3,-37.4
173.86,-13.5,-13.6,-40.6,-72.3,-38.1
173.87,-13.6,-13.7,-40.7,-72.0,-38.5
173.88,-13.7,-13.7,-40.8,-72.0,-39.1
173.89,-13.8,-13.9,-40.6,-72.4,-39.3
173.90,-14.1,-14.2,-40.6,-72.0,-39.3
173.91,-14.3,-14.3,-40.5,-72.6,-39.6
173.92,-14.5,-14.6,-40.2,-71.6,-39.6
173.93,-14.9,-15.0,-40.4,-71.2,-39.9
173.94,-15.5,-15.6,-40.8,-71.4,-40.2
173.95,-16.5,-16.6,-41.1,-72.3,-40.6
173.96,-17.9,-18.0,-41.0,-73.1,-40.8
173.97,-19.6,-19.7,-41.0,-73.7,-40.7
173.98,-21.9,-22.1,-40.9,-73.5,-40.9
173.99,-24.5,-25.0,-40.7,-73.2,-40.5
174.00,-27.3,-28.1,-40.7,-73.0,-40.2
174.01,-29.2,-30.7,-40.1,-73.1,-40.0
174.02,-31.8,-35.0,-40.0,-74.2,-39.8
174.03,-32.9,-36.9,-40.3,-74.8,-40.0
174.04,-33.0,-36.7,-40.4,-74.8,-40.1
174.05,-33.3,-36.9,-40.8,-74.4,-40.0
174.06,-33.5,-37.3,-41.2,-74.4,-39.8
174.07,-33.4,-37.4,-41.7,-74.6,-39.3
174.08,-33.5,-38.2,-41.3,-74.0,-39.2
174.09,-33.7,-38.9,-41.4,-74.5,-39.3
174.10,-34.3,-39.5,-41.7,-74.9,-39.7
174.11,-34.7,-40.2,-41.4,-74.6,-40.7
174.12,-35.3,-40.0,-41.3,-74.5,-42.0
174.13,-35.3,-39.6,-42.0,-74.6,-42.2
174.14,-33.8,-36.5,-41.9,-74.0,-42.6
174.15,-33.2,-35.7,-41.9,-73.5,-42.5
174.16,-32.5,-34.7,-42.2,-73.2,-42.3
174.17,-28.7,-29.5,-42.3,-73.0,-42.6
174.18,-22.5,-22.6,-41.5,-72.8,-42.7
174.19,-19.1,-19.1,-41.5,-72.8,-42.9
174.20,-16.7,-16.7,-41.6,-73.3,-43.1
174.21,-15.0,-15.0,-41.7,-73.4,-42.8
174.22,-14.1,-14.1,-42.1,-73.7,-42.5
174.23,-14.1,-14.1,-43.3,-73.0,-42.5
174.24,-14.7,-14.7,-43.7,-72.5,-42.9
174.25,-16.0,-16.0,-44.0,-71.5,-43.7
174.26,-17.5,-17.5,-44.6,-71.6,-44.5
174.27,-18.9,-18.9,-44.8,-71.8,-45.1
174.28,-19.3,-19.3,-45.1,-71.8,-44.2
174.29,-19.5,-19.7,-46.2,-71.8,-35.4
174.30,-18.9,-19.3,-47.6,-72.1,-30.6
174.31,-17.1,-17.5,-48.6,-71.2,-28.5
174.32,-14.8,-15.1,-49.5,-70.7,-26.7
174.33,-13.4,-13.8,-50.2,-70.5,-25.7
174.34,-12.9,-13.2,-50.3,-70.5,-25.6
174.35,-12.6,-12.9,-50.4,-70.3,-25.8
174.36,-12.8,-13.1,-50.8,-70.4,-26.4
174.37,-13.5,-13.8,-50.7,-70.3,-27.2
174.38,-14.0,-14.2,-49.7,-70.3,-28.0
174.39,-14.3,-14.5,-49.4,-70.3,-28.8
174.40,-14.6,-14.8,-49.4,-70.6,-29.3
174.41,-15.1,-15.3,-49.1,-70.5,-29.9
174.42,-15.6,-15.8,-49.3,-71.6,-30.1
174.43,-15.8,-16.0,-49.4,-71.9,-30.3
174.44,-15.9,-16.2,-49.4,-71.7,-30.7
174.45,-16.3,-16.5,-49.4,-72.3,-30.8
174.46,-16.7,-16.9,-49.8,-72.4,-30.9
174.47,-16.7,-16.9,-49.8,-72.5,-31.4
174.48,-16.5,-16.8,-50.0,-72.8,-31.7
174.49,-16.3,-16.7,-50.0,-73.0,-32.0
174.50,-15.8,-16.2,-50.0,-72.2,-32.1
174.51,-15.5,-15.8,-50.4,-72.1,-32.5
174.52,-15.3,-15.5,-50.0,-72.2,-32.7
174.53,-15.1,-15.2,-50.5,-72.1,-33.0
174.54,-14.9,-15.1,-51.5,-72.7,-33.3
174.55,-14.7,-14.8,-51.5,-74.0,-34.0
174.56,-14.5,-14.7,-52.1,-73.1,-34.6
174.57,-14.5,-14.7,-51.5,-73.1,-35.1
174.58,-14.5,-14.6,-51.2,-72.9,-35.7
174.59,-14.6,-14.7,-50.9,-72.7,-36.1
174.60,-14.6,-14.7,-50.6,-72.8,-36.5
174.61,-14.7,-14.8,-50.6,-73.7,-36.8
174.62,-14.8,-14.9,-51.4,-74.4,-37.1
174.63,-15.1,-15.2,-51.2,-74.1,-37.2
174.64,-16.0,-16.0,-51.2,-73.3,-37.4
174.65,-17.1,-17.2,-50.7,-72.8,-37.7
174.66,-18.5,-18.6,-49.9,-72.3,-37.7
174.67,-20.0,-20.1,-49.1,-72.1,-37.7
174.68,-21.5,-21.7,-48.5,-72.6,-37.8
174.69,-21.6,-21.8,-48.7,-73.5,-37.6
174.70,-21.5,-21.7,-49.3,-73.8,-37.5
174.71,-22.1,-22.3,-48.8,-73.1,-37.6
174.72,-23.5,-23.8,-49.2,-72.8,-37.8
174.73,-23.6,-23.9,-50.0,-72.6,-38.2
174.74,-22.5,-22.7,-50.2,-72.2,-38.7
174.75,-21.2,-21.3,-50.7,-72.2,-39.1
174.76,-20.1,-20.2,-52.6,-73.1,-39.8
174.77,-17.2,-17.3,-53.2,-73.2,-40.3
174.78,-15.6,-15.6,-53.1,-72.9,-40.5
174.79,-14.7,-14.8,-52.8,-72.9,-40.6
174.80,-14.4,-14.4,-51.8,-73.1,-40.6
174.81,-14.2,-14.3,-51.5,-73.4,-40.5
174.82,-14.9,-14.9,-51.3,-73.2,-40.4
174.83,-15.7,-15.8,-51.7,-73.2,-40.8
174.84,-17.0,-17.1,-52.5,-73.2,-41.2
174.85,-18.5,-18.5,-53.5,-73.2,-41.4
174.86,-20.7,-20.8,-52.4,-73.0,-42.0
174.87,-25.5,-25.8,-51.3,-73.2,-41.9
174.88,-32.4,-33.6,-50.8,-73.5,-41.8
174.89,-35.7,-38.8,-50.4,-73.6,-41.7
174.90,-36.4,-41.1,-50.5,-73.7,-41.6
174.91,-34.2,-37.2,-50.9,-73.3,-41.5
174.92,-31.7,-34.0,-51.9,-72.8,-38.9
174.93,-26.7,-28.9,-53.3,-72.6,-33.5
174.94,-20.8,-21.4,-54.4,-72.3,-30.7
174.95,-18.1,-18.6,-55.1,-72.4,-29.1
174.96,-16.4,-16.8,-55.9,-73.0,-28.3
174.97,-15.4,-15.6,-55.4,-73.3,-28.0
174.98,-14.7,-14.9,-55.5,-72.0,-28.7
174.99,-14.4,-14.5,-55.2,-71.5,-29.4
175.00,-14.2,-14.4,-55.5,-71.1,-30.2
175.01,-14.2,-14.3,-56.4,-70.8,-30.9
175.02,-14.1,-14.1,-56.0,-71.1,-31.5
175.03,-14.2,-14.3,-55.3,-72.2,-32.0
175.04,-14.1,-14.2,-55.1,-72.4,-32.6
175.05,-14.1,-14.2,-54.6,-72.6,-33.3
175.06,-14.1,-14.1,-54.6,-72.5,-33.8
175.07,-14.0,-14.0,-55.1,-72.5,-34.6
175.08,-14.0,-14.0,-55.5,-72.7,-35.0
175.09,-14.0,-14.0,-55.9,-73.5,-35.7
175.10,-13.9,-14.0,-56.5,-74.1,-36.6
175.11,-13.9,-13.9,-56.9,-73.6,-37.0
175.12,-13.8,-13.9,-57.2,-73.4,-37.9
175.13,-13.8,-13.9,-57.6,-72.9,-38.1
175.14,-13.8,-13.9,-57.3,-72.8,-38.3
175.15,-13.9,-13.9,-56.8,-72.8,-38.7
175.16,-14.0,-14.0,-57.2,-73.6,-38.8
175.17,-14.0,-14.0,-57.3,-74.2,-39.2
175.18,-14.0,-14.0,-57.6,-73.9,-39.7
175.19,-14.0,-14.0,-59.0,-73.2,-40.0
175.20,-14.0,-14.0,-59.8,-72.5,-40.3
175.21,-14.1,-14.1,-60.4,-72.0,-40.5
175.22,-14.1,-14.1,-60.6,-71.9,-40.8
175.23,-14.0,-14.0,-60.7,-72.1,-41.1
175.24,-14.1,-14.1,-60.1,-72.1,-41.5
175.25,-14.3,-14.3,-60.4,-72.2,-42.1
175.26,-14.6,-14.6,-60.3,-72.1,-42.9
175.27,-14.9,-14.9,-59.9,-71.9,-43.2
175.28,-15.5,-15.5,-58.9,-71.8,-43.7
175.29,-16.6,-16.6,-58.2,-72.6,-44.3
175.30,-18.0,-18.0,-57.4,-73.1,-44.8
175.31,-20.1,-20.1,-56.8,-73.0,-45.1
175.32,-24.4,-24.5,-55.8,-73.7,-45.3
175.33,-27.5,-27.6,-55.5,-73.8,-45.2
175.34,-30.8,-31.2,-55.2,-73.9,-44.7
175.35,-33.6,-34.5,-54.9,-73.5,-44.4
175.36,-34.9,-36.0,-55.5,-73.9,-44.5
175.37,-34.3,-35.2,-56.5,-73.5,-44.8
175.38,-29.4,-29.7,-57.8,-72.9,-45.5
175.39,-20.8,-20.8,-60.0,-72.8,-46.5
175.40,-16.6,-16.6,-62.5,-73.0,-47.8
175.41,-14.0,-14.0,-62.9,-72.7,-48.5
175.42,-13.0,-13.0,-64.8,-72.5,-48.7
175.43,-12.7,-12.7,-65.4,-73.0,-48.8
175.44,-12.9,-12.9,-65.1,-72.9,-48.5
175.45,-13.6,-13.6,-65.0,-72.3,-48.4
175.46,-14.6,-14.6,-65.1,-72.2,-49.2
175.47,-15.0,-15.0,-65.5,-73.0,-50.3
175.48,-15.1,-15.2,-65.6,-73.1,-51.0
175.49,-15.2,-15.2,-65.2,-72.9,-52.5
175.50,-15.4,-15.4,-63.7,-73.0,-52.8
175.51,-15.5,-15.5,-62.6,-72.7,-52.2
175.52,-15.2,-15.2,-62.0,-72.3,-51.2
175.53,-15.1,-15.1,-61.9,-72.5,-48.5
175.54,-15.2,-15.3,-62.1,-73.0,-45.8
175.55,-15.3,-15.3,-63.6,-73.2,-39.2
175.56,-15.2,-15.5,-64.7,-72.6,-30.2
175.57,-14.3,-14.8,-66.6,-72.3,-27.3
175.58,-13.6,-14.0,-67.7,-71.9,-26.0
175.59,-13.0,-13.3,-68.1,-71.5,-25.2
175.60,-12.4,-12.7,-67.9,-71.4,-25.0
175.61,-12.2,-12.4,-67.9,-72.1,-25.8
175.62,-12.4,-12.6,-67.8,-72.2,-26.9
175.63,-12.7,-12.9,-67.6,-72.4,-27.8
175.64,-13.0,-13.2,-67.5,-72.3,-28.5
175.65,-13.5,-13.6,-67.6,-72.3,-29.1
175.66,-13.9,-14.1,-67.5,-72.1,-29.6
175.67,-14.3,-14.4,-67.5,-72.2,-30.0
175.68,-14.7,-14.9,-67.6,-72.6,-30.4
175.69,-15.1,-15.3,-67.7,-73.0,-31.2
175.70,-15.5,-15.6,-68.0,-72.8,-31.6
175.71,-15.8,-15.9,-68.2,-73.0,-32.2
175.72,-15.5,-15.6,-68.7,-72.9,-32.7
175.73,-15.0,-15.1,-69.1,-72.8,-33.2
175.74,-14.6,-14.7,-69.4,-72.7,-33.7
175.75,-14.1,-14.1,-68.8,-72.6,-33.8
175.76,-13.9,-14.0,-68.2,-72.6,-34.0
175.77,-14.0,-14.0,-68.0,-72.8,-34.2
175.78,-14.0,-14.1,-67.6,-73.1,-34.7
175.79,-14.1,-14.2,-67.5,-73.3,-35.0
175.80,-14.5,-14.5,-67.6,-73.7,-35.3
175.81,-14.4,-14.5,-67.7,-72.9,-35.8
175.82,-14.9,-14.9,-68.0,-72.7,-35.9
175.83,-14.7,-14.8,-68.2,-72.6,-36.2
175.84,-15.0,-15.1,-68.6,-73.0,-36.5
175.85,-14.9,-15.0,-69.6,-73.5,-36.4
175.86,-15.1,-15.1,-69.8,-74.0,-36.4
175.87,-15.0,-15.0,-69.1,-73.4,-36.6
175.88,-15.1,-15.2,-68.8,-73.0,-36.7
175.89,-15.1,-15.2,-69.1,-72.8,-36.8
175.90,-15.1,-15.2,-69.2,-72.8,-37.0
175.91,-15.0,-15.1,-70.0,-73.5,-36.8
175.92,-15.2,-15.2,-70.5,-74.4,-36.7
175.93,-15.0,-15.1,-69.5,-74.2,-36.8
175.94,-15.3,-15.4,-67.6,-73.2,-37.2
175.95,-15.2,-15.3,-67.4,-73.0,-37.5
175.96,-15.4,-15.5,-67.2,-72.9,-37.8
175.97,-15.2,-15.3,-66.9,-73.0,-38.2
175.98,-15.4,-15.4,-67.8,-73.6,-38.6
175.99,-15.1,-15.2,-68.4,-73.7,-39.4
176.00,-15.1,-15.2,-68.1,-73.2,-39.7
176.01,-14.8,-14.8,-68.7,-72.8,-40.3
176.02,-14.6,-14.7,-69.0,-72.5,-40.6
176.03,-14.4,-14.5,-69.4,-72.4,-40.5
176.04,-14.4,-14.4,-70.4,-73.0,-40.3
176.05,-14.3,-14.4,-71.2,-73.5,-40.4
176.06,-14.6,-14.7,-71.0,-73.2,-40.4
176.07,-14.8,-14.9,-70.5,-73.0,-40.2
176.08,-15.1,-15.1,-70.1,-72.8,-40.1
176.09,-15.2,-15.3,-69.9,-72.4,-40.1
176.10,-15.3,-15.4,-70.3,-72.6,-40.2
176.11,-15.3,-15.3,-71.3,-72.9,-40.4
176.12,-15.3,-15.3,-71.9,-73.2,-40.8
176.13,-15.5,-15.5,-70.8,-72.5,-41.3
176.14,-15.7,-15.8,-70.0,-71.8,-41.9
176.15,-16.3,-16.3,-69.2,-71.3,-42.4
176.16,-17.0,-17.0,-69.2,-71.0,-42.9
176.17,-17.9,-18.0,-69.8,-71.5,-42.8
176.18,-19.1,-19.2,-70.5,-72.0,-41.0
176.19,-20.5,-20.8,-69.6,-72.1,-34.5
176.20,-21.5,-22.4,-69.2,-71.9,-31.1
176.21,-23.1,-24.8,-68.5,-71.4,-29.5
176.22,-24.1,-27.0,-68.4,-71.4,-28.5
176.23,-24.4,-28.3,-68.9,-71.3,-27.8
176.24,-25.5,-30.2,-70.4,-71.9,-28.0
176.25,-26.1,-32.6,-70.8,-72.1,-28.2
176.26,-26.8,-34.8,-71.2,-72.4,-28.2
176.27,-27.2,-36.9,-70.9,-72.0,-28.3
176.28,-27.4,-37.1,-70.3,-72.2,-28.5
176.29,-27.8,-37.6,-70.3,-72.4,-28.8
176.30,-28.2,-37.6,-71.0,-73.0,-29.1
176.31,-28.3,-37.6,-71.4,-73.3,-29.5
176.32,-28.7,-37.4,-71.6,-73.7,-29.9
176.33,-28.9,-36.1,-71.8,-74.0,-30.4
176.34,-28.9,-34.9,-71.2,-73.0,-31.0
176.35,-29.1,-34.0,-70.9,-72.1,-31.7
176.36,-29.3,-33.2,-70.8,-71.9,-32.5
176.37,-29.0,-32.0,-71.0,-71.5,-33.2
176.38,-29.0,-31.2,-71.5,-71.1,-34.0
176.39,-28.5,-30.4,-71.6,-71.6,-34.6
176.40,-28.2,-29.9,-70.6,-70.8,-35.1
176.41,-27.8,-29.4,-70.5,-70.8,-35.5
176.42,-28.0,-29.3,-70.6,-70.4,-36.1
176.43,-27.9,-29.2,-70.8,-70.8,-36.3
176.44,-27.7,-28.9,-71.4,-70.7,-36.5
176.45,-27.5,-28.8,-71.8,-71.0,-36.0
176.46,-27.5,-28.8,-70.8,-71.1,-35.5
176.47,-27.2,-28.6,-69.6,-70.8,-34.9
176.48,-27.1,-28.4,-69.5,-70.8,-34.5
176.49,-27.3,-28.8,-69.5,-71.1,-34.3
176.50,-27.7,-29.1,-70.4,-71.7,-34.3
176.51,-28.0,-29.6,-71.0,-72.0,-34.3
176.52,-28.8,-30.7,-70.9,-72.2,-34.3
176.53,-29.6,-31.8,-70.9,-72.5,-34.4
176.54,-30.2,-32.8,-70.6,-72.7,-34.5
176.55,-30.9,-34.0,-70.4,-72.8,-34.5
176.56,-32.0,-36.1,-70.4,-73.1,-34.6
176.57,-32.8,-39.2,-70.0,-73.3,-34.5
176.58,-33.5,-43.3,-69.4,-72.8,-34.4
176.59,-33.1,-45.4,-69.3,-73.0,-34.0
176.60,-32.9,-45.7,-69.3,-73.0,-33.8
176.61,-32.8,-45.4,-69.3,-73.1,-33.6
176.62,-26.9,-28.2,-69.4,-72.6,-33.5
176.63,-20.3,-20.5,-69.7,-72.3,-33.6
176.64,-17.0,-17.1,-70.1,-72.1,-33.8
176.65,-14.7,-14.8,-70.0,-71.6,-33.9
176.66,-13.6,-13.6,-70.5,-71.8,-34.3
176.67,-13.0,-13.0,-71.1,-72.6,-34.8
176.68,-13.0,-13.0,-70.9,-72.6,-35.6
176.69,-13.0,-13.0,-71.5,-73.0,-36.3
176.70,-13.3,-13.3,-71.5,-72.7,-36.8
176.71,-13.4,-13.4,-71.5,-72.7,-36.6
176.72,-13.4,-13.5,-71.8,-73.0,-36.0
176.73,-13.6,-13.6,-71.9,-73.1,-35.2
176.74,-13.8,-13.8,-72.1,-73.2,-34.8
176.75,-14.3,-14.3,-72.1,-73.1,-34.8
176.76,-14.9,-15.0,-71.6,-72.6,-35.3
176.77,-16.1,-16.2,-71.4,-72.4,-36.2
176.78,-18.0,-18.1,-71.7,-72.7,-37.5
176.79,-20.7,-20.9,-71.2,-72.6,-38.7
176.80,-24.1,-24.4,-71.5,-73.1,-38.9
176.81,-26.5,-27.5,-71.6,-72.9,-37.9
176.82,-24.2,-26.3,-71.5,-72.5,-30.8
176.83,-18.9,-20.4,-70.5,-71.7,-26.8
176.84,-16.3,-17.5,-69.8,-71.3,-24.9
176.85,-14.9,-15.8,-69.3,-71.0,-23.7
176.86,-13.5,-14.5,-69.0,-70.8,-22.9
176.87,-12.9,-13.6,-69.7,-71.0,-23.0
176.88,-12.9,-13.6,-70.0,-71.2,-23.6
176.89,-12.8,-13.5,-71.1,-71.5,-23.9
176.90,-13.0,-13.5,-71.2,-71.3,-24.4
176.91,-13.0,-13.5,-70.8,-71.3,-24.6
176.92,-13.2,-13.5,-70.9,-71.5,-25.1
176.93,-13.3,-13.6,-71.1,-72.2,-25.5
176.94,-13.5,-13.8,-70.9,-72.4,-25.9
176.95,-13.6,-14.0,-70.6,-72.5,-26.2
176.96,-13.8,-14.1,-70.4,-72.7,-26.8
176.97,-13.9,-14.2,-70.6,-73.0,-27.1
176.98,-13.8,-14.2,-70.4,-72.5,-27.3
176.99,-13.8,-14.0,-70.4,-72.6,-27.5
177.00,-13.7,-13.9,-71.1,-72.9,-27.8
177.01,-13.5,-13.8,-71.0,-72.8,-28.0
177.02,-13.6,-13.7,-70.6,-72.4,-28.1
177.03,-13.3,-13.6,-70.5,-72.5,-28.1
177.04,-13.2,-13.4,-70.5,-72.4,-28.2
177.05,-13.2,-13.3,-70.7,-72.4,-28.2
177.06,-13.0,-13.2,-71.0,-72.6,-28.3
177.07,-13.0,-13.2,-71.1,-72.5,-28.5
177.08,-13.0,-13.3,-70.6,-72.0,-28.7
177.09,-13.1,-13.3,-70.4,-72.0,-29.2
177.10,-13.0,-13.2,-70.6,-72.1,-29.4
177.11,-13.1,-13.2,-70.7,-72.4,-29.6
177.12,-13.1,-13.2,-71.3,-72.8,-29.7
177.13,-13.0,-13.2,-71.3,-72.6,-29.7
177.14,-13.3,-13.4,-71.0,-72.2,-29.5
177.15,-13.6,-13.8,-70.9,-72.1,-29.4
177.16,-14.0,-14.3,-70.7,-71.6,-29.2
177.17,-15.1,-15.3,-70.1,-71.5,-29.2
177.18,-16.5,-16.8,-70.3,-71.6,-29.3
177.19,-18.2,-18.7,-70.6,-71.8,-29.5
177.20,-20.1,-20.7,-70.4,-71.7,-29.6
177.21,-21.7,-22.3,-70.7,-72.1,-29.8
177.22,-22.3,-23.1,-71.4,-72.5,-30.0
177.23,-22.3,-23.1,-71.7,-72.7,-30.3
177.24,-22.2,-23.0,-71.9,-73.1,-30.6
177.25,-22.1,-22.7,-72.1,-73.2,-31.1
177.26,-21.5,-22.0,-71.5,-72.7,-31.4
177.27,-21.0,-21.4,-71.6,-72.5,-31.6
177.28,-20.6,-20.9,-71.3,-72.2,-31.6
177.29,-20.3,-20.7,-71.1,-71.9,-31.9
177.30,-19.7,-20.0,-71.6,-72.2,-32.2
177.31,-18.7,-19.0,-71.8,-72.4,-32.5
177.32,-17.5,-17.6,-71.6,-72.3,-32.8
177.33,-16.8,-16.9,-71.9,-72.6,-33.3
177.34,-16.4,-16.5,-72.2,-72.7,-33.7
177.35,-16.7,-16.8,-72.2,-72.8,-34.2
177.36,-18.0,-18.1,-72.3,-72.8,-34.5
177.37,-19.9,-20.1,-72.9,-73.1,-34.8
177.38,-22.9,-23.3,-73.6,-72.9,-35.2
177.39,-27.3,-28.2,-73.8,-73.0,-35.3
177.40,-32.3,-36.4,-74.0,-72.9,-35.5
177.41,-33.6,-42.6,-74.2,-72.9,-35.3
177.42,-34.2,-45.1,-74.0,-72.9,-35.5
177.43,-34.4,-45.8,-73.2,-72.8,-35.6
177.44,-34.6,-44.6,-73.1,-72.7,-35.9
177.45,-33.0,-37.5,-72.3,-72.8,-36.3
177.46,-20.8,-21.0,-71.6,-72.3,-36.9
177.47,-16.9,-16.9,-70.9,-71.9,-37.4
177.48,-15.3,-15.3,-70.6,-71.7,-37.9
177.49,-14.2,-14.3,-70.9,-71.6,-38.2
177.50,-13.6,-13.6,-70.8,-71.6,-38.4
177.51,-14.2,-14.2,-70.8,-71.4,-38.1
177.52,-14.4,-14.5,-71.3,-71.5,-38.0
177.53,-14.9,-14.9,-71.7,-71.9,-38.1
177.54,-15.1,-15.1,-72.0,-71.9,-38.1
177.55,-15.3,-15.4,-72.5,-72.1,-38.5
177.56,-15.8,-15.8,-72.9,-72.6,-38.7
177.57,-16.1,-16.1,-72.6,-72.6,-38.9
177.58,-16.2,-16.2,-72.9,-72.7,-39.1
177.59,-16.3,-16.4,-72.9,-72.9,-39.3
177.60,-16.2,-16.2,-73.0,-72.8,-39.6
177.61,-16.2,-16.2,-73.0,-72.7,-40.2
177.62,-16.4,-16.5,-72.8,-72.5,-41.0
177.63,-16.5,-16.5,-72.6,-72.3,-41.8
177.64,-16.6,-16.6,-72.9,-72.7,-43.0
177.65,-16.7,-16.7,-73.0,-73.0,-43.9
177.66,-16.6,-16.6,-73.2,-73.2,-44.7
177.67,-16.4,-16.4,-73.5,-73.3,-44.9
177.68,-16.4,-16.4,-73.2,-72.8,-44.9
177.69,-16.3,-16.3,-73.2,-72.5,-45.1
177.70,-16.3,-16.3,-73.6,-72.7,-45.1
177.71,-16.2,-16.2,-73.9,-72.9,-45.2
177.72,-16.1,-16.1,-74.2,-73.0,-45.6
177.73,-16.0,-16.0,-74.2,-73.0,-45.4
177.74,-16.0,-16.1,-73.8,-72.6,-45.1
177.75,-16.0,-16.0,-73.4,-72.3,-44.9
177.76,-16.3,-16.3,-73.2,-72.1,-44.2
177.77,-16.3,-16.3,-72.8,-72.1,-41.4
177.78,-16.3,-16.4,-72.9,-72.5,-40.3
177.79,-16.2,-16.2,-73.1,-72.7,-40.0
177.80,-16.1,-16.2,-73.0,-72.5,-39.5
177.81,-16.1,-16.2,-72.8,-72.3,-39.6
177.82,-16.6,-16.6,-73.0,-72.3,-40.5
177.83,-17.4,-17.4,-73.2,-72.4,-40.6
177.84,-18.7,-18.8,-73.6,-72.6,-40.4
177.85,-20.1,-20.2,-74.1,-72.8,-40.1
177.86,-21.0,-21.1,-74.8,-73.2,-39.9
177.87,-21.5,-21.6,-74.7,-72.7,-39.5
177.88,-21.6,-21.6,-74.3,-72.2,-39.5
177.89,-21.3,-21.4,-74.1,-72.1,-39.7
177.90,-20.7,-20.7,-74.3,-72.2,-39.8
177.91,-19.7,-19.7,-74.9,-72.7,-39.8
177.92,-18.2,-18.2,-75.7,-73.2,-39.7
177.93,-16.6,-16.6,-75.9,-73.2,-39.8
177.94,-15.3,-15.3,-74.5,-72.3,-40.2
177.95,-14.2,-14.2,-73.2,-71.8,-40.3
177.96,-13.6,-13.6,-73.2,-71.9,-40.5
177.97,-13.5,-13.5,-73.3,-72.1,-40.8
177.98,-13.6,-13.6,-73.5,-72.3,-41.3
177.99,-14.1,-14.2,-74.4,-73.0,-41.3
178.00,-14.9,-14.9,-74.5,-72.9,-41.4
178.01,-15.0,-15.0,-73.9,-72.2,-41.8
178.02,-14.7,-14.7,-73.5,-71.9,-42.2
178.03,-14.5,-14.5,-73.6,-71.8,-42.3
178.04,-14.1,-14.1,-73.7,-71.9,-42.7
178.05,-13.5,-13.5,-73.4,-71.9,-42.8
178.06,-13.2,-13.2,-73.3,-71.9,-42.7
178.07,-13.0,-13.0,-73.4,-72.0,-41.6
178.08,-12.8,-12.8,-72.8,-71.3,-34.5
178.09,-12.6,-12.6,-72.5,-71.3,-28.5
178.10,-12.3,-12.4,-71.8,-70.8,-25.7
178.11,-11.9,-12.3,-71.1,-70.4,-23.9
178.12,-11.7,-12.0,-71.0,-70.5,-23.0
178.13,-11.5,-11.8,-71.5,-71.2,-22.9
178.14,-11.2,-11.7,-71.0,-70.8,-23.4
178.15,-11.5,-11.7,-71.7,-71.2,-24.0
178.16,-11.6,-11.8,-71.9,-70.9,-24.6
178.17,-11.6,-11.9,-71.7,-71.0,-25.0
178.18,-11.5,-11.8,-71.6,-70.9,-25.4
178.19,-11.6,-11.8,-71.9,-71.2,-25.7
178.20,-11.7,-11.8,-72.1,-71.7,-26.0
178.21,-11.5,-11.7,-72.0,-72.0,-26.3
178.22,-11.5,-11.6,-72.2,-71.7,-26.8
178.23,-11.6,-11.7,-72.2,-71.6,-27.2
178.24,-11.8,-11.9,-72.0,-71.3,-27.7
178.25,-12.1,-12.2,-72.3,-71.1,-28.0
178.26,-12.4,-12.6,-72.4,-71.2,-28.6
178.27,-12.7,-12.8,-72.4,-71.2,-29.2
178.28,-12.9,-13.0,-71.9,-71.3,-29.8
178.29,-12.9,-13.0,-71.8,-71.4,-30.3
178.30,-12.9,-13.0,-71.9,-71.3,-30.9
178.31,-12.7,-12.8,-71.6,-71.2,-31.0
178.32,-12.7,-12.7,-71.9,-71.8,-31.1
178.33,-12.6,-12.7,-72.8,-71.8,-31.1
178.34,-12.5,-12.6,-72.9,-71.9,-31.2
178.35,-12.5,-12.5,-72.4,-71.9,-31.3
178.36,-12.5,-12.5,-72.2,-71.7,-31.4
178.37,-12.5,-12.5,-72.3,-71.9,-31.6
178.38,-12.5,-12.5,-72.4,-72.2,-31.6
178.39,-12.5,-12.6,-72.1,-72.2,-31.3
178.40,-12.6,-12.7,-71.9,-71.8,-30.5
178.41,-12.7,-12.8,-71.4,-71.3,-29.6
178.42,-12.8,-12.9,-70.8,-71.3,-29.1
178.43,-12.9,-13.0,-71.0,-71.5,-28.9
178.44,-13.0,-13.2,-71.6,-71.5,-28.8
178.45,-13.2,-13.3,-72.3,-72.2,-29.4
178.46,-13.4,-13.5,-72.4,-72.2,-29.9
178.47,-13.8,-13.9,-72.6,-72.0,-30.3
178.48,-14.5,-14.6,-72.7,-71.9,-30.5
178.49,-15.4,-15.5,-72.8,-71.7,-30.6
178.50,-16.7,-16.8,-72.5,-71.4,-30.6
178.51,-18.3,-18.6,-73.1,-71.7,-30.7
178.52,-19.9,-20.2,-72.8,-71.8,-30.8
178.53,-21.8,-22.4,-72.0,-71.7,-30.8
178.54,-20.9,-21.5,-71.1,-71.7,-30.8
178.55,-17.7,-17.9,-70.7,-72.0,-31.0
178.56,-15.1,-15.2,-70.0,-71.7,-31.3
178.57,-14.1,-14.2,-69.9,-71.3,-31.9
178.58,-13.4,-13.5,-69.9,-71.4,-32.8
178.59,-13.3,-13.4,-70.3,-71.6,-33.8
178.60,-13.8,-13.9,-70.5,-71.7,-34.6
178.61,-14.4,-14.6,-70.5,-72.1,-35.2
178.62,-14.6,-14.8,-70.5,-72.7,-35.5
178.63,-14.9,-15.1,-70.8,-73.1,-35.6
178.64,-15.3,-15.5,-71.1,-73.2,-35.8
178.65,-15.4,-15.6,-71.3,-73.3,-36.0
178.66,-15.4,-15.5,-71.9,-73.1,-36.2
178.67,-15.5,-15.6,-72.0,-72.9,-36.5
178.68,-15.6,-15.7,-72.2,-72.8,-36.8
178.69,-15.4,-15.5,-72.5,-72.8,-37.0
178.70,-15.4,-15.5,-72.7,-72.9,-37.0
178.71,-15.3,-15.4,-72.6,-73.0,-36.4
178.72,-15.1,-15.2,-72.5,-73.0,-36.0
178.73,-14.9,-15.0,-72.4,-72.8,-35.7
178.74,-14.9,-15.0,-72.2,-72.6,-35.4
178.75,-15.0,-15.1,-72.7,-72.8,-35.1
178.76,-15.4,-15.5,-72.6,-72.2,-35.0
178.77,-15.7,-15.8,-72.2,-72.0,-35.0
178.78,-15.9,-16.0,-72.1,-71.8,-35.1
178.79,-16.6,-16.6,-71.8,-71.7,-35.4
178.80,-16.7,-16.7,-71.6,-71.7,-36.0
178.81,-16.4,-16.4,-71.8,-71.9,-36.6
178.82,-16.3,-16.3,-71.8,-71.9,-37.2
178.83,-15.9,-15.9,-72.0,-72.2,-37.5
178.84,-15.4,-15.4,-72.3,-72.2,-37.7
178.85,-15.0,-15.0,-72.4,-72.2,-37.8
178.86,-14.7,-14.7,-72.6,-72.7,-38.1
178.87,-14.2,-14.3,-72.9,-72.9,-38.2
178.88,-14.0,-14.0,-72.7,-72.7,-38.3
178.89,-13.9,-13.9,-73.0,-72.8,-38.1
178.90,-13.8,-13.8,-72.7,-72.9,-38.1
178.91,-13.8,-13.9,-73.0,-73.2,-37.7
178.92,-13.8,-13.8,-73.4,-73.7,-37.6
178.93,-13.9,-14.0,-73.5,-74.0,-37.7
178.94,-14.2,-14.3,-73.1,-73.6,-37.8
178.95,-14.8,-14.9,-72.8,-73.0,-38.2
178.96,-16.0,-16.1,-72.9,-72.8,-38.4
178.97,-17.8,-17.9,-72.9,-72.6,-38.2
178.98,-20.4,-20.5,-73.1,-72.4,-38.0
178.99,-24.4,-24.7,-73.8,-72.9,-37.8
179.00,-29.7,-30.8,-74.4,-73.3,-37.4
179.01,-32.3,-35.1,-74.7,-73.6,-37.1
179.02,-32.1,-34.6,-74.5,-73.6,-37.2
179.03,-30.4,-32.4,-73.6,-73.3,-36.4
179.04,-29.4,-31.4,-73.0,-73.1,-35.2
179.05,-29.0,-30.9,-72.8,-73.0,-34.7
179.06,-28.7,-30.6,-72.8,-73.1,-34.3
179.07,-28.7,-30.7,-73.0,-73.2,-34.0
179.08,-29.2,-31.2,-73.7,-73.8,-34.3
179.09,-29.8,-31.8,-73.4,-73.2,-34.9
179.10,-30.2,-32.4,-73.7,-73.4,-34.9
179.11,-30.8,-33.6,-74.1,-73.3,-34.8
179.12,-31.5,-34.9,-74.0,-73.2,-34.8
179.13,-32.2,-36.5,-74.0,-73.3,-35.0
179.14,-32.8,-37.7,-74.3,-73.6,-35.3
179.15,-33.6,-39.1,-74.4,-73.6,-36.0
179.16,-34.0,-38.9,-74.1,-73.4,-36.8
179.17,-34.6,-38.2,-74.1,-73.3,-37.8
179.18,-25.5,-25.8,-74.1,-73.2,-38.7
179.19,-20.8,-20.8,-73.9,-72.8,-39.3
179.20,-18.2,-18.2,-73.8,-72.4,-39.9
179.21,-16.7,-16.7,-73.3,-71.9,-40.2
179.22,-15.9,-15.9,-71.7,-71.3,-40.5
179.23,-16.3,-16.4,-71.3,-71.3,-40.7
179.24,-17.2,-17.3,-71.2,-71.4,-41.1
179.25,-18.6,-18.6,-70.8,-71.7,-41.4
179.26,-21.1,-21.1,-71.2,-72.2,-41.7
179.27,-23.1,-23.1,-71.8,-72.4,-41.8
179.28,-23.6,-23.6,-72.0,-72.6,-41.9
179.29,-24.0,-24.1,-72.4,-73.1,-41.7
179.30,-23.9,-23.9,-72.3,-73.0,-42.0
179.31,-23.9,-23.9,-72.1,-73.1,-42.0
179.32,-23.3,-23.3,-71.9,-72.6,-42.0
179.33,-23.5,-23.5,-71.6,-72.5,-41.9
179.34,-23.4,-23.8,-71.3,-72.0,-35.0
179.35,-22.7,-24.0,-70.5,-71.3,-29.2
179.36,-21.3,-23.2,-70.2,-71.4,-26.5
179.37,-19.9,-22.0,-70.1,-71.3,-25.3
179.38,-16.8,-18.0,-70.1,-71.1,-24.4
179.39,-14.9,-15.5,-70.2,-71.4,-24.4
179.40,-13.7,-14.1,-70.7,-71.7,-25.0
179.41,-12.9,-13.2,-71.0,-71.8,-25.6
179.42,-12.6,-12.8,-71.3,-72.2,-26.3
179.43,-12.8,-13.1,-71.2,-72.1,-26.8
179.44,-13.5,-13.7,-70.9,-72.0,-27.5
179.45,-13.8,-14.0,-71.2,-72.0,-27.8
179.46,-14.3,-14.5,-71.4,-72.2,-28.2
179.47,-14.5,-14.8,-71.6,-72.3,-28.5
179.48,-14.9,-15.1,-71.7,-72.4,-28.7
179.49,-15.3,-15.5,-71.9,-72.7,-29.0
179.50,-15.4,-15.7,-71.9,-72.7,-29.3
179.51,-15.8,-15.9,-71.6,-72.5,-29.8
179.52,-15.5,-15.7,-71.6,-72.1,-30.4
179.53,-15.3,-15.5,-71.6,-71.6,-31.0
179.54,-15.2,-15.3,-71.2,-70.8,-31.6
179.55,-15.0,-15.1,-71.0,-70.4,-32.2
179.56,-15.1,-15.2,-71.3,-70.5,-32.6
179.57,-15.1,-15.1,-71.8,-70.7,-33.0
179.58,-15.1,-15.2,-72.6,-71.7,-33.4
179.59,-15.2,-15.3,-72.7,-72.1,-33.6
179.60,-15.4,-15.5,-73.0,-72.5,-33.7
179.61,-15.5,-15.7,-72.2,-72.2,-33.7
179.62,-15.6,-15.6,-71.0,-71.5,-33.8
179.63,-15.6,-15.6,-71.1,-71.8,-34.2
179.64,-16.2,-16.2,-71.2,-71.9,-34.7
179.65,-16.7,-16.8,-70.9,-71.8,-35.2
179.66,-16.3,-16.4,-71.1,-72.0,-35.5
179.67,-16.1,-16.3,-71.6,-72.1,-35.5
179.68,-15.6,-15.8,-71.7,-72.4,-35.3
179.69,-14.6,-14.8,-71.2,-71.8,-34.8
179.70,-14.4,-14.6,-71.1,-71.9,-34.1
179.71,-14.4,-14.6,-71.2,-72.0,-33.7
179.72,-14.5,-14.7,-71.1,-71.9,-33.6
179.73,-14.7,-14.9,-71.1,-72.2,-33.8
179.74,-15.1,-15.3,-71.3,-72.4,-34.2
179.75,-15.3,-15.5,-72.1,-72.1,-34.7
179.76,-15.5,-15.6,-72.2,-72.0,-35.5
179.77,-15.4,-15.6,-72.3,-71.8,-36.1
179.78,-15.4,-15.6,-72.2,-71.7,-36.6
179.79,-15.4,-15.5,-72.4,-71.9,-37.1
179.80,-15.3,-15.3,-72.0,-71.9,-37.8
179.81,-15.1,-15.1,-71.2,-72.1,-38.1
179.82,-14.9,-15.0,-70.9,-72.2,-38.1
179.83,-14.8,-14.8,-70.2,-72.0,-38.5
179.84,-14.4,-14.5,-70.1,-72.1,-38.6
179.85,-13.9,-13.9,-70.2,-72.0,-38.9
179.86,-13.3,-13.3,-70.7,-72.4,-39.3
179.87,-13.2,-13.3,-71.1,-72.4,-39.7
179.88,-13.2,-13.2,-71.2,-72.5,-40.2
179.89,-13.6,-13.6,-71.6,-72.7,-40.2
179.90,-15.0,-15.1,-71.9,-72.8,-39.9
179.91,-16.3,-16.3,-71.6,-72.5,-39.7
179.92,-17.0,-17.1,-71.8,-72.3,-39.3
179.93,-18.1,-18.2,-72.5,-72.6,-39.0
179.94,-18.5,-18.6,-72.9,-72.6,-39.1
179.95,-18.5,-18.5,-72.7,-72.2,-39.3
179.96,-18.5,-18.6,-73.2,-72.4,-39.8
179.97,-19.2,-19.2,-73.3,-72.2,-40.4
179.98,-19.4,-19.5,-72.5,-71.1,-40.5
179.99,-18.1,-18.1,-72.0,-71.3,-40.3
180.00,-15.1,-15.2,-72.4,-71.4,-40.8
180.01,-14.1,-14.1,-72.3,-71.5,-40.8
180.02,-13.6,-13.6,-71.8,-71.1,-40.7
180.03,-13.2,-13.2,-72.0,-71.6,-41.2
180.04,-13.9,-13.9,-72.1,-71.4,-41.5
180.05,-15.1,-15.2,-72.3,-71.5,-41.3
180.06,-15.5,-15.5,-72.3,-71.8,-42.1
180.07,-15.7,-15.8,-72.5,-72.3,-42.8
180.08,-15.9,-15.9,-72.8,-72.9,-43.2
180.09,-16.2,-16.2,-72.9,-73.2,-43.5
180.10,-16.4,-16.4,-73.1,-73.1,-43.1
180.11,-16.3,-16.3,-72.5,-72.7,-43.0
180.12,-16.2,-16.2,-72.1,-72.5,-43.3
180.13,-16.0,-16.0,-72.0,-72.1,-43.4
180.14,-15.8,-15.8,-71.6,-71.7,-43.7
180.15,-15.7,-15.7,-72.1,-72.2,-44.3
180.16,-15.5,-15.5,-72.9,-72.6,-44.9
180.17,-15.3,-15.4,-73.1,-73.0,-44.7
180.18,-15.4,-15.4,-73.2,-73.1,-43.5
180.19,-15.3,-15.3,-72.7,-72.8,-43.0
180.20,-15.5,-15.5,-72.1,-72.3,-42.8
180.21,-15.5,-15.5,-72.1,-72.2,-42.5
180.22,-15.7,-15.8,-72.7,-72.4,-42.3
180.23,-15.9,-16.0,-73.1,-72.5,-42.3
180.24,-16.1,-16.2,-72.8,-72.5,-42.8
180.25,-16.5,-16.6,-73.0,-72.6,-42.9
180.26,-16.7,-16.8,-72.6,-72.4,-43.4
180.27,-16.8,-16.8,-72.6,-72.6,-44.4
180.28,-17.2,-17.2,-73.2,-73.0,-44.5
180.29,-17.9,-17.9,-73.2,-73.2,-41.2
180.30,-18.7,-18.8,-72.5,-72.9,-37.6
180.31,-20.0,-20.2,-72.3,-72.9,-35.9
180.32,-21.7,-21.9,-72.0,-72.6,-35.0
180.33,-22.6,-23.0,-72.0,-72.5,-34.2
180.34,-23.0,-23.3,-72.9,-72.6,-34.5
180.35,-22.4,-22.7,-73.1,-72.4,-35.0
180.36,-21.5,-21.7,-73.0,-72.1,-35.2
180.37,-20.6,-20.7,-73.1,-72.3,-35.3
180.38,-19.7,-19.8,-73.3,-72.4,-35.6
180.39,-18.8,-18.9,-73.1,-72.4,-35.9
180.40,-18.1,-18.2,-73.1,-72.4,-36.6
180.41,-17.6,-17.7,-72.8,-72.4,-37.5
180.42,-17.2,-17.2,-72.6,-72.4,-38.5
180.43,-16.9,-16.9,-72.5,-72.4,-39.4
180.44,-16.6,-16.6,-73.1,-72.7,-40.2
180.45,-16.2,-16.2,-73.9,-73.0,-41.0
180.46,-15.4,-15.4,-74.3,-72.9,-41.8
180.47,-14.4,-14.4,-73.3,-72.1,-42.3
180.48,-13.8,-13.8,-72.9,-71.6,-42.1
180.49,-13.5,-13.6,-72.7,-71.5,-41.7
180.50,-13.5,-13.5,-72.5,-71.7,-40.6
180.51,-13.7,-13.7,-73.4,-72.2,-40.3
180.52,-14.1,-14.1,-74.0,-72.7,-40.3
180.53,-14.4,-14.4,-73.7,-72.8,-40.6
180.54,-14.5,-14.5,-73.1,-72.0,-41.1
180.55,-14.6,-14.6,-72.7,-71.6,-42.0
180.56,-14.7,-14.7,-72.4,-71.5,-42.7
180.57,-14.9,-14.9,-72.1,-71.1,-43.0
180.58,-15.0,-15.0,-72.4,-71.4,-43.4
180.59,-15.0,-15.0,-73.0,-72.0,-43.0
180.60,-15.1,-15.1,-72.9,-72.1,-40.6
180.61,-14.8,-14.9,-72.3,-71.9,-31.8
180.62,-14.3,-14.6,-72.8,-72.0,-28.0
180.63,-13.8,-14.1,-71.3,-71.9,-26.2
180.64,-13.5,-13.8,-70.3,-71.4,-25.2
180.65,-13.1,-13.6,-69.7,-71.1,-24.5
180.66,-13.2,-13.6,-69.5,-71.3,-24.7
180.67,-13.1,-13.5,-69.6,-71.1,-25.4
180.68,-13.3,-13.6,-70.5,-71.3,-25.8
180.69,-13.4,-13.8,-71.3,-71.5,-26.1
180.70,-13.7,-13.9,-71.7,-71.6,-26.4
180.71,-13.7,-13.9,-72.1,-71.8,-26.8
180.72,-13.8,-14.0,-72.3,-72.1,-27.0
180.73,-13.9,-14.1,-72.3,-72.0,-27.3
180.74,-14.0,-14.2,-71.9,-71.7,-27.5
180.75,-13.9,-14.1,-72.1,-71.7,-28.0
180.76,-14.0,-14.2,-72.4,-71.8,-28.3
180.77,-14.2,-14.3,-72.4,-72.2,-28.9
180.78,-14.2,-14.4,-72.6,-72.3,-29.4
180.79,-14.2,-14.3,-73.1,-72.6,-29.6
180.80,-14.0,-14.2,-72.4,-72.4,-30.2
180.81,-13.9,-14.0,-71.9,-71.8,-30.8
180.82,-13.5,-13.6,-71.8,-71.9,-30.8
180.83,-13.4,-13.5,-71.7,-71.7,-31.1
180.84,-13.2,-13.4,-72.2,-71.9,-31.1
180.85,-13.2,-13.3,-73.6,-72.6,-31.2
180.86,-13.2,-13.3,-73.7,-72.1,-31.2
180.87,-13.4,-13.5,-73.4,-71.8,-31.6
180.88,-13.3,-13.4,-72.4,-71.3,-31.4
180.89,-13.4,-13.5,-71.7,-71.0,-31.5
180.90,-13.3,-13.4,-71.7,-71.1,-31.5
180.91,-13.4,-13.5,-72.1,-71.6,-31.5
180.92,-13.4,-13.5,-72.0,-71.8,-31.0
180.93,-13.4,-13.6,-71.6,-71.9,-28.6
180.94,-13.3,-13.5,-71.2,-71.8,-27.5
180.95,-13.4,-13.6,-71.0,-71.7,-26.8
180.96,-13.4,-13.6,-70.9,-71.8,-26.4
180.97,-13.5,-13.8,-72.0,-72.3,-26.6
180.98,-13.4,-13.7,-72.9,-72.7,-27.8
180.99,-13.5,-13.7,-73.1,-72.8,-28.7
181.00,-13.6,-13.8,-73.0,-72.4,-29.6
181.01,-13.8,-13.9,-72.3,-72.0,-30.4
181.02,-13.8,-13.9,-72.0,-71.8,-30.6
181.03,-14.0,-14.1,-72.5,-72.0,-30.9
181.04,-14.1,-14.3,-72.7,-72.3,-31.2
181.05,-14.1,-14.3,-72.7,-72.5,-31.2
181.06,-14.2,-14.4,-72.7,-72.4,-31.2
181.07,-14.1,-14.3,-72.5,-72.4,-31.4
181.08,-14.1,-14.2,-72.2,-72.1,-31.2
181.09,-14.0,-14.1,-71.9,-71.8,-31.0
181.10,-13.9,-14.1,-72.7,-72.1,-31.0
181.11,-13.8,-13.9,-73.2,-72.4,-30.9
181.12,-13.7,-13.8,-73.2,-72.4,-30.9
181.13,-13.6,-13.8,-73.2,-72.6,-31.1
181.14,-13.6,-13.7,-73.2,-72.5,-31.4
181.15,-13.6,-13.7,-72.5,-72.0,-31.9
181.16,-13.5,-13.6,-72.3,-72.0,-32.3
181.17,-13.6,-13.7,-72.5,-72.2,-33.0
181.18,-13.6,-13.7,-72.5,-72.0,-33.1
181.19,-13.7,-13.8,-72.5,-71.9,-33.5
181.20,-13.6,-13.7,-72.9,-72.0,-33.8
181.21,-13.7,-13.7,-72.5,-71.7,-34.3
181.22,-13.6,-13.7,-72.0,-71.8,-34.7
181.23,-13.8,-13.9,-71.5,-71.8,-35.3
181.24,-14.0,-14.1,-68.0,-71.9,-32.9
181.25,-14.7,-14.9,-65.3,-72.0,-29.8
181.26,-15.9,-16.3,-63.5,-72.2,-27.8
181.27,-17.7,-18.3,-61.1,-71.9,-26.8
181.28,-19.8,-21.1,-59.6,-71.8,-26.1
181.29,-22.7,-25.6,-58.3,-71.5,-26.4
181.30,-24.7,-29.0,-57.5,-71.5,-27.4
181.31,-25.7,-30.5,-57.1,-71.6,-28.0
181.32,-26.5,-31.1,-56.8,-72.3,-29.0
181.33,-27.0,-31.9,-56.4,-72.9,-29.4
181.34,-27.8,-33.1,-56.2,-73.4,-29.9
181.35,-28.1,-34.5,-55.9,-73.5,-29.9
181.36,-28.9,-35.8,-55.2,-73.5,-30.4
181.37,-29.1,-37.3,-54.9,-73.6,-30.5
181.38,-29.8,-38.6,-54.9,-73.6,-30.9
181.39,-30.0,-39.4,-54.6,-73.7,-31.0
181.40,-30.3,-40.4,-54.3,-73.7,-31.2
181.41,-30.5,-41.4,-54.4,-73.9,-31.4
181.42,-30.8,-42.2,-54.3,-74.1,-31.6
181.43,-31.2,-43.1,-54.2,-74.0,-32.0
181.44,-31.5,-43.7,-54.1,-74.7,-32.3
181.45,-32.2,-44.3,-53.8,-74.7,-32.9
181.46,-32.3,-44.5,-53.9,-74.5,-33.1
181.47,-32.6,-44.3,-53.7,-74.0,-33.6
181.48,-32.6,-44.5,-53.9,-74.0,-33.6
181.49,-32.8,-44.6,-54.3,-73.8,-33.7
181.50,-32.6,-44.4,-54.3,-74.0,-33.6
181.51,-32.7,-44.2,-54.2,-73.4,-33.6
181.52,-32.7,-44.5,-54.1,-69.2,-33.5
181.53,-32.4,-44.7,-54.0,-65.1,-33.3
181.54,-32.3,-45.0,-53.8,-58.1,-33.1
181.55,-32.2,-46.0,-54.3,-49.3,-33.0
181.56,-28.1,-47.3,-54.0,-31.7,-32.1
181.57,-19.1,-48.1,-53.2,-19.5,-31.6
181.58,-18.6,-49.9,-53.6,-19.0,-31.1
181.59,-18.2,-51.4,-53.9,-18.5,-30.9
181.60,-16.9,-52.5,-54.1,-17.1,-30.9
181.61,-16.6,-57.0,-56.9,-16.7,-30.9
181.62,-18.8,-57.5,-57.2,-19.0,-31.0
181.63,-17.5,-58.1,-57.3,-17.6,-31.2
181.64,-16.5,-57.5,-57.6,-16.6,-31.2
181.65,-17.9,-55.3,-57.6,-18.1,-31.6
181.66,-16.8,-50.6,-57.9,-16.9,-32.1
181.67,-16.2,-30.4,-58.6,-16.5,-32.4
181.68,-16.7,-22.9,-58.8,-18.5,-32.6
181.69,-14.6,-19.5,-58.4,-17.0,-32.7
181.70,-13.6,-16.9,-58.7,-17.0,-32.9
181.71,-13.5,-15.1,-57.7,-18.4,-33.0
181.72,-12.1,-13.9,-57.9,-17.3,-33.3
181.73,-11.8,-13.2,-58.2,-18.3,-33.6
181.74,-11.7,-12.7,-58.9,-18.1,-33.8
181.75,-11.3,-12.5,-59.6,-17.5,-34.1
181.76,-11.7,-12.4,-60.7,-18.9,-34.4
181.77,-11.2,-12.3,-61.2,-17.8,-34.7
181.78,-11.3,-12.3,-61.6,-18.0,-35.2
181.79,-11.3,-12.5,-61.4,-18.8,-35.7
181.80,-11.6,-12.6,-61.6,-18.1,-36.4
181.81,-11.9,-13.1,-62.0,-19.4,-36.9
181.82,-12.8,-13.9,-62.0,-18.6,-37.2
181.83,-13.4,-15.1,-60.7,-18.5,-37.4
181.84,-14.9,-16.6,-58.0,-19.9,-36.5
181.85,-15.7,-18.6,-52.7,-18.8,-34.3
181.86,-18.0,-21.5,-39.7,-19.3,-31.5
181.87,-12.9,-24.3,-14.5,-19.4,-27.5
181.88,-9.6,-26.6,-10.3,-19.1,-22.9
181.89,-8.7,-25.5,-9.6,-20.7,-20.6
181.90,-8.4,-22.0,-9.4,-21.0,-19.3
181.91,-8.0,-19.0,-9.4,-20.8,-18.6
181.92,-9.6,-17.0,-12.3,-22.7,-18.6
181.93,-10.5,-15.7,-17.0,-20.7,-19.0
181.94,-10.4,-14.9,-17.3,-21.2,-19.8
181.95,-9.9,-14.6,-17.8,-20.2,-19.8
181.96,-10.0,-14.4,-17.8,-20.1,-19.4
181.97,-10.8,-14.1,-19.5,-20.4,-19.5
181.98,-10.5,-14.0,-19.9,-20.1,-19.6
181.99,-10.6,-14.0,-20.7,-20.3,-19.3
182.00,-11.2,-14.1,-19.8,-20.4,-20.3
182.01,-10.9,-14.3,-19.6,-20.1,-20.2
182.02,-11.0,-14.5,-18.4,-20.6,-20.3
182.03,-10.7,-14.7,-16.3,-20.6,-20.9
182.04,-10.7,-15.0,-16.0,-21.0,-20.9
182.05,-10.8,-15.2,-16.0,-23.2,-21.1
182.06,-11.3,-15.2,-15.9,-23.5,-21.9
182.07,-11.3,-15.1,-16.4,-28.7,-21.9
182.08,-12.5,-15.0,-18.1,-34.2,-22.3
182.09,-12.2,-14.9,-18.3,-38.4,-22.5
182.10,-12.3,-15.0,-18.1,-51.2,-22.8
182.11,-12.6,-15.1,-18.0,-56.4,-23.3
182.12,-12.7,-15.1,-17.9,-64.1,-23.7
182.13,-12.1,-15.0,-17.4,-64.3,-24.3
182.14,-12.3,-14.7,-17.6,-64.1,-24.4
182.15,-12.6,-14.6,-17.7,-64.5,-24.9
182.16,-12.4,-14.7,-18.0,-64.4,-24.4
182.17,-12.8,-14.8,-18.2,-64.4,-24.6
182.18,-12.1,-14.9,-15.7,-64.3,-24.3
182.19,-10.9,-15.1,-12.1,-61.7,-24.5
182.20,-9.8,-15.2,-10.8,-34.0,-24.8
182.21,-9.7,-15.3,-10.5,-32.5,-24.9
182.22,-9.6,-15.8,-10.1,-28.2,-24.9
182.23,-10.4,-16.4,-11.4,-25.6,-24.5
182.24,-11.2,-17.3,-12.5,-25.1,-23.8
182.25,-10.7,-18.6,-12.0,-22.7,-23.3
182.26,-10.7,-20.3,-12.3,-22.5,-22.9
182.27,-10.3,-22.4,-12.4,-23.0,-22.6
182.28,-10.0,-25.3,-12.1,-22.9,-22.1
182.29,-10.2,-28.2,-12.0,-22.5,-22.7
182.30,-11.3,-30.5,-12.2,-23.3,-22.1
182.31,-11.7,-30.4,-12.3,-23.4,-21.7
182.32,-11.8,-26.7,-12.3,-23.9,-22.2
182.33,-12.4,-22.6,-13.1,-24.1,-21.8
182.34,-10.3,-19.5,-12.1,-26.4,-21.6
182.35,-8.9,-17.2,-10.7,-26.7,-22.7
182.36,-8.5,-15.7,-10.7,-28.1,-22.5
182.37,-8.1,-14.6,-10.4,-29.2,-22.9
182.38,-8.6,-14.1,-11.0,-31.8,-23.6
182.39,-9.7,-13.9,-12.8,-40.0,-22.7
182.40,-10.6,-14.0,-14.7,-42.2,-23.4
182.41,-11.4,-14.2,-15.3,-59.0,-23.3
182.42,-11.7,-14.8,-15.7,-60.5,-23.2
182.43,-12.0,-16.2,-15.2,-65.3,-23.7
182.44,-13.2,-17.9,-16.1,-66.1,-24.3
182.45,-13.6,-20.6,-15.3,-67.0,-24.0
182.46,-16.2,-27.0,-17.3,-66.2,-24.9
182.47,-15.8,-37.4,-16.8,-65.7,-23.9
182.48,-15.1,-39.2,-16.1,-58.2,-23.8
182.49,-14.2,-39.1,-15.3,-57.8,-23.3
182.50,-11.3,-33.0,-12.5,-45.5,-22.7
182.51,-9.4,-22.0,-10.9,-43.5,-22.4
182.52,-8.9,-18.4,-10.9,-32.8,-22.2
182.53,-9.0,-16.6,-11.2,-31.6,-22.1
182.54,-8.8,-15.6,-11.4,-26.8,-22.1
182.55,-10.1,-14.9,-15.0,-26.5,-21.8
182.56,-11.0,-15.0,-17.0,-24.4,-22.3
182.57,-12.0,-15.6,-18.4,-23.9,-22.0
182.58,-12.0,-15.9,-18.7,-23.4,-21.3
182.59,-12.3,-16.1,-19.5,-23.7,-20.8
182.60,-12.7,-16.7,-20.5,-23.7,-20.2
182.61,-12.6,-17.3,-20.6,-23.6,-19.5
182.62,-12.8,-17.9,-20.6,-23.7,-20.0
182.63,-13.2,-18.9,-21.6,-23.0,-19.6
182.64,-13.5,-19.6,-20.8,-22.8,-20.1
182.65,-14.2,-19.5,-21.2,-22.8,-20.3
182.66,-13.9,-18.7,-22.5,-22.9,-20.0
182.67,-13.5,-17.3,-22.5,-23.2,-19.7
182.68,-13.5,-16.1,-23.2,-25.1,-20.1
182.69,-13.0,-15.4,-23.9,-26.1,-19.3
182.70,-13.1,-15.1,-23.5,-30.7,-20.3
182.71,-12.9,-15.0,-23.4,-32.8,-19.9
182.72,-12.7,-15.2,-23.0,-41.1,-20.0
182.73,-13.1,-15.6,-22.9,-50.4,-19.9
182.74,-13.8,-15.9,-24.0,-63.5,-20.8
182.75,-13.9,-16.1,-24.7,-63.9,-20.3
182.76,-14.6,-16.4,-25.8,-63.7,-21.7
182.77,-14.4,-16.4,-25.2,-63.5,-20.9
182.78,-14.4,-16.3,-24.9,-62.7,-21.5
182.79,-14.2,-16.3,-24.9,-62.2,-21.4
182.80,-14.3,-16.5,-25.2,-62.1,-21.9
182.81,-14.1,-16.9,-26.4,-62.6,-21.3
182.82,-11.4,-17.4,-13.3,-63.0,-22.1
182.83,-9.0,-18.7,-9.9,-50.1,-21.7
182.84,-9.1,-20.4,-9.8,-46.2,-21.6
182.85,-9.1,-22.4,-9.6,-46.2,-20.9
182.86,-9.1,-25.4,-9.6,-44.3,-20.7
182.87,-12.4,-30.2,-13.5,-44.1,-20.1
182.88,-14.8,-34.3,-16.9,-33.7,-20.2
182.89,-13.6,-36.6,-16.0,-26.9,-20.0
182.90,-13.6,-37.6,-16.3,-26.7,-20.5
182.91,-13.4,-38.2,-16.5,-23.1,-21.0
182.92,-13.7,-37.6,-18.0,-22.6,-19.9
182.93,-14.2,-31.6,-19.5,-22.4,-20.3
182.94,-13.7,-29.5,-20.0,-20.9,-20.8
182.95,-13.9,-29.1,-20.7,-20.7,-20.4
182.96,-14.0,-29.1,-20.3,-21.5,-21.2
182.97,-12.5,-28.9,-16.5,-20.3,-22.8
182.98,-11.0,-30.4,-13.4,-20.7,-23.0
182.99,-10.9,-27.0,-12.9,-21.0,-23.0
183.00,-10.1,-23.9,-12.4,-20.2,-23.8
183.01,-9.3,-20.6,-12.0,-20.6,-23.2
183.02,-10.3,-18.1,-13.3,-21.8,-23.3
183.03,-9.4,-16.6,-13.3,-21.3,-23.4
183.04,-9.6,-15.7,-13.3,-22.9,-23.8
183.05,-9.0,-15.3,-12.4,-23.8,-24.5
183.06,-9.0,-15.4,-11.9,-22.8,-25.3
183.07,-9.0,-16.2,-11.4,-23.0,-24.6
183.08,-9.2,-17.4,-11.3,-21.0,-25.1
183.09,-8.9,-19.3,-11.1,-20.6,-24.7
183.10,-9.8,-21.3,-12.3,-20.2,-24.7
183.11,-10.0,-24.1,-12.8,-19.9,-24.8
183.12,-9.8,-25.9,-12.9,-20.2,-24.7
183.13,-10.9,-28.8,-13.1,-21.6,-24.0
183.14,-10.4,-33.5,-11.6,-21.6,-22.0
183.15,-11.0,-29.0,-11.4,-22.6,-20.8
183.16,-10.6,-23.5,-11.5,-22.3,-20.3
183.17,-10.4,-19.1,-12.1,-21.4,-19.3
183.18,-10.4,-16.6,-13.5,-20.7,-19.4
183.19,-10.8,-15.0,-17.0,-19.7,-19.6
183.20,-10.3,-14.1,-17.6,-19.9,-19.7
183.21,-10.6,-13.7,-19.2,-19.5,-19.7
183.22,-10.6,-13.6,-18.2,-19.7,-19.8
183.23,-11.0,-13.7,-18.5,-20.0,-19.6
183.24,-11.1,-13.9,-18.5,-20.0,-19.5
183.25,-11.3,-14.3,-19.7,-19.9,-19.3
183.26,-11.3,-14.9,-18.8,-20.4,-19.3
183.27,-11.3,-15.4,-19.4,-20.8,-18.9
183.28,-11.7,-15.7,-19.9,-21.0,-19.2
183.29,-11.2,-15.7,-16.9,-21.8,-19.5
183.30,-11.8,-15.7,-15.9,-22.3,-20.1
183.31,-10.9,-15.9,-15.0,-22.5,-20.8
183.32,-10.8,-16.2,-14.2,-23.2,-21.8
183.33,-10.6,-16.4,-14.2,-26.2,-21.6
183.34,-11.9,-16.3,-15.8,-27.2,-22.2
183.35,-11.7,-16.3,-16.0,-29.9,-22.3
183.36,-12.2,-16.3,-16.6,-43.3,-22.7
183.37,-12.4,-16.4,-16.3,-63.4,-22.6
183.38,-13.1,-16.7,-16.8,-63.6,-23.1
183.39,-13.3,-17.0,-16.3,-63.7,-22.8
183.40,-13.9,-17.1,-17.8,-64.8,-22.8
183.41,-13.4,-17.1,-17.1,-66.0,-22.4
183.42,-13.5,-16.9,-17.8,-65.5,-22.7
183.43,-12.6,-17.0,-16.9,-65.5,-22.5
183.44,-13.1,-17.3,-17.1,-63.7,-22.6
183.45,-11.0,-18.1,-13.0,-62.3,-22.6
183.46,-11.0,-19.5,-12.5,-36.7,-22.8
183.47,-10.8,-20.9,-12.1,-32.8,-22.1
183.48,-10.4,-22.1,-11.7,-24.2,-22.0
183.49,-10.3,-22.9,-11.6,-22.7,-22.0
183.50,-11.1,-23.0,-12.6,-21.1,-21.8
183.51,-11.4,-22.6,-12.7,-19.7,-21.6
183.52,-11.2,-22.9,-12.2,-19.2,-21.8
183.53,-10.9,-23.2,-12.2,-19.1,-21.5
183.54,-10.6,-22.9,-12.1,-19.1,-20.9
183.55,-10.2,-22.5,-11.8,-19.2,-20.6
183.56,-10.8,-22.3,-12.8,-19.5,-20.7
183.57,-10.4,-22.0,-12.8,-19.5,-20.4
183.58,-10.8,-21.9,-13.2,-19.9,-20.4
183.59,-11.0,-22.0,-13.7,-19.5,-20.7
183.60,-11.0,-22.6,-13.9,-20.1,-20.5
183.61,-8.6,-22.3,-12.2,-19.8,-20.1
183.62,-8.7,-20.2,-11.4,-21.1,-20.6
183.63,-8.8,-17.7,-11.8,-21.6,-20.3
183.64,-8.6,-15.8,-11.6,-25.0,-20.5
183.65,-8.8,-14.5,-12.4,-25.3,-20.4
183.66,-10.6,-13.7,-14.6,-33.4,-20.7
183.67,-10.9,-13.3,-16.4,-44.2,-20.7
183.68,-11.4,-13.2,-17.4,-56.4,-21.6
183.69,-11.4,-13.2,-17.2,-64.0,-21.8
183.70,-11.0,-13.3,-17.7,-63.6,-22.4
183.71,-11.8,-13.4,-19.1,-63.3,-22.9
183.72,-11.7,-13.8,-18.2,-64.7,-23.3
183.73,-12.6,-14.5,-19.5,-65.1,-23.4
183.74,-13.2,-15.6,-18.6,-65.8,-23.5
183.75,-13.6,-17.2,-17.7,-66.5,-23.2
183.76,-12.5,-19.2,-14.6,-64.3,-22.6
183.77,-10.8,-18.9,-12.4,-51.7,-22.5
183.78,-10.0,-17.0,-11.9,-30.4,-22.0
183.79,-9.7,-16.2,-11.9,-25.8,-21.9
183.80,-9.2,-15.5,-12.0,-20.5,-21.9
183.81,-10.2,-15.0,-14.4,-19.9,-21.5
183.82,-10.9,-15.4,-17.1,-19.2,-20.9
183.83,-11.2,-16.0,-18.1,-19.1,-20.2
183.84,-11.6,-16.2,-18.5,-19.7,-20.1
183.85,-11.9,-16.6,-19.1,-22.1,-19.7
183.86,-12.1,-17.2,-20.3,-22.0,-19.6
183.87,-12.9,-17.9,-20.9,-23.7,-19.4
183.88,-13.3,-18.4,-21.3,-24.0,-19.7
183.89,-13.1,-19.0,-22.2,-24.4,-19.2
183.90,-13.1,-19.4,-21.9,-24.6,-19.6
183.91,-13.1,-19.1,-21.4,-25.3,-19.4
183.92,-12.2,-18.4,-17.2,-25.7,-20.2
183.93,-11.3,-17.7,-14.5,-29.5,-20.4
183.94,-11.2,-17.1,-13.5,-30.5,-21.2
183.95,-10.7,-16.7,-12.7,-36.3,-21.0
183.96,-10.5,-16.8,-12.1,-54.5,-21.8
183.97,-11.0,-17.0,-12.7,-57.9,-21.8
183.98,-10.8,-17.1,-13.0,-60.7,-22.1
183.99,-10.8,-17.0,-13.0,-61.7,-22.3
184.00,-9.8,-16.9,-11.6,-61.8,-22.9
184.01,-9.3,-16.7,-11.1,-62.5,-23.5
184.02,-9.1,-16.6,-11.0,-62.6,-23.4
184.03,-9.3,-16.6,-10.9,-63.5,-24.1
184.04,-9.3,-16.8,-10.9,-64.4,-24.3
184.05,-11.4,-17.0,-13.2,-66.1,-24.5
184.06,-12.2,-17.2,-14.8,-65.4,-24.2
184.07,-12.4,-17.5,-14.8,-62.5,-24.9
184.08,-11.4,-18.4,-13.0,-60.9,-24.7
184.09,-10.1,-19.6,-10.9,-27.8,-24.6
184.10,-9.6,-21.0,-10.3,-24.4,-24.6
184.11,-9.6,-22.6,-10.3,-21.7,-24.9
184.12,-9.9,-24.6,-10.6,-20.1,-24.5
184.13,-11.4,-25.6,-12.5,-19.3,-24.1
184.14,-13.7,-25.9,-17.2,-19.6,-22.8
184.15,-13.3,-26.0,-16.6,-19.5,-22.5
184.16,-12.7,-26.2,-15.7,-19.6,-21.6
184.17,-11.9,-25.8,-15.1,-19.9,-20.8
184.18,-11.3,-25.4,-14.1,-19.9,-20.3
184.19,-11.1,-25.2,-13.9,-19.5,-20.5
184.20,-10.8,-25.3,-13.3,-20.0,-20.3
184.21,-11.4,-25.4,-14.2,-19.6,-20.8
184.22,-11.6,-26.2,-14.8,-19.4,-21.1
184.23,-12.0,-24.4,-16.1,-19.4,-21.6
184.24,-11.7,-19.9,-17.9,-20.0,-21.8
184.25,-11.4,-17.5,-17.5,-20.1,-23.0
184.26,-10.8,-15.9,-16.1,-21.3,-23.3
184.27,-10.8,-14.7,-15.7,-20.4,-24.5
184.28,-10.2,-14.3,-14.7,-20.3,-25.0
184.29,-10.3,-14.4,-14.5,-19.6,-25.3
184.30,-10.1,-14.5,-14.7,-19.0,-25.7
184.31,-10.1,-14.4,-15.4,-18.5,-26.0
184.32,-10.5,-14.3,-16.3,-19.2,-26.2
184.33,-10.4,-14.3,-17.1,-18.8,-26.0
184.34,-11.6,-14.3,-19.1,-18.4,-26.2
184.35,-12.0,-14.7,-19.0,-18.7,-26.9
184.36,-11.1,-15.6,-17.4,-18.0,-26.8
184.37,-11.4,-16.9,-16.8,-18.0,-26.3
184.38,-11.3,-17.4,-16.5,-18.1,-25.7
184.39,-11.3,-17.3,-16.3,-19.2,-23.9
184.40,-9.7,-16.5,-12.5,-19.2,-22.7
184.41,-9.3,-15.7,-11.1,-22.1,-21.3
184.42,-9.3,-15.2,-11.1,-21.7,-20.7
184.43,-9.3,-15.4,-11.2,-22.7,-20.0
184.44,-9.6,-16.0,-11.5,-20.3,-20.0
184.45,-11.3,-16.3,-15.6,-20.3,-20.3
184.46,-12.2,-16.9,-18.8,-18.6,-20.7
184.47,-12.3,-17.6,-19.0,-18.9,-21.0
184.48,-12.6,-18.0,-18.8,-18.2,-21.5
184.49,-12.8,-18.5,-18.9,-18.5,-22.1
184.50,-13.4,-18.9,-20.2,-18.1,-22.3
184.51,-13.7,-18.4,-20.7,-18.0,-22.5
184.52,-13.3,-17.0,-20.3,-17.9,-23.0
184.53,-12.7,-16.4,-20.7,-17.6,-23.3
184.54,-12.3,-16.0,-20.3,-17.8,-23.6
184.55,-10.9,-16.1,-15.5,-17.4,-24.6
184.56,-10.0,-16.8,-12.7,-17.8,-25.6
184.57,-10.0,-17.8,-12.0,-17.2,-26.0
184.58,-10.0,-18.1,-11.7,-17.9,-26.3
184.59,-9.7,-17.8,-11.6,-17.2,-26.4
184.60,-11.0,-17.3,-14.0,-18.0,-25.8
184.61,-11.5,-17.2,-16.2,-17.1,-25.5
184.62,-11.7,-17.1,-17.4,-17.9,-25.3
184.63,-11.8,-17.2,-18.0,-17.0,-25.1
184.64,-12.4,-17.4,-18.6,-17.8,-24.3
184.65,-12.1,-17.3,-19.1,-17.0,-24.3
184.66,-12.4,-17.3,-20.0,-17.6,-23.6
184.67,-12.1,-17.3,-20.7,-17.0,-23.6
184.68,-12.1,-17.2,-21.0,-17.5,-22.8
184.69,-12.1,-17.0,-21.5,-16.9,-22.9
184.70,-12.2,-16.8,-21.9,-17.4,-22.4
184.71,-11.9,-16.5,-21.9,-17.1,-22.2
184.72,-12.1,-16.4,-22.2,-17.5,-22.1
184.73,-12.1,-16.6,-22.1,-17.4,-22.3
184.74,-12.3,-16.9,-22.6,-17.7,-22.5
184.75,-12.2,-17.1,-22.8,-17.7,-22.7
184.76,-12.3,-17.2,-22.9,-17.7,-23.2
184.77,-12.3,-17.0,-23.1,-17.8,-23.1
184.78,-12.1,-17.1,-23.3,-17.6,-23.3
184.79,-12.1,-16.8,-23.4,-17.9,-23.0
184.80,-12.4,-16.5,-23.7,-17.5,-23.1
184.81,-12.4,-16.1,-23.7,-18.0,-22.8
184.82,-11.9,-15.6,-23.8,-17.5,-22.8
184.83,-11.9,-15.3,-23.9,-18.0,-22.2
184.84,-11.7,-15.0,-24.0,-17.4,-22.1
184.85,-11.6,-14.6,-24.2,-18.2,-21.8
184.86,-11.3,-14.5,-24.4,-17.4,-21.8
184.87,-10.5,-14.8,-15.3,-18.4,-21.6
184.88,-8.4,-14.7,-10.8,-17.6,-21.9
184.89,-8.2,-15.2,-10.1,-18.5,-21.7
184.90,-8.1,-15.5,-9.9,-17.7,-22.1
184.91,-8.4,-16.2,-9.9,-18.4,-21.7
184.92,-9.3,-16.9,-12.5,-17.8,-21.9
184.93,-12.5,-18.3,-17.6,-18.3,-21.9
184.94,-12.4,-20.3,-18.1,-17.8,-22.1
184.95,-11.5,-23.5,-15.1,-18.3,-22.5
184.96,-8.9,-27.8,-11.6,-17.9,-22.6
184.97,-9.3,-31.5,-11.5,-18.2,-22.7
184.98,-9.3,-32.6,-11.4,-18.1,-23.1
184.99,-9.5,-27.2,-11.7,-18.3,-23.8
185.00,-11.6,-26.4,-14.7,-18.4,-24.1
185.01,-13.9,-22.1,-18.9,-18.5,-24.6
185.02,-12.1,-18.2,-17.0,-19.2,-24.8
185.03,-10.3,-16.9,-13.0,-19.5,-24.4
185.04,-10.1,-16.4,-12.2,-21.3,-23.7
185.05,-9.6,-15.3,-12.2,-20.7,-23.0
185.06,-9.9,-15.3,-12.3,-21.2,-22.6
185.07,-10.4,-15.7,-14.0,-19.6,-22.5
185.08,-11.1,-15.3,-16.2,-18.9,-22.2
185.09,-11.3,-15.2,-17.8,-18.1,-22.1
185.10,-11.7,-15.3,-18.4,-18.0,-22.2
185.11,-12.1,-15.6,-19.3,-18.4,-22.0
185.12,-12.1,-16.0,-20.3,-17.8,-22.0
185.13,-12.3,-16.3,-20.6,-18.0,-21.7
185.14,-12.4,-17.0,-21.2,-17.3,-21.6
185.15,-12.5,-16.9,-21.5,-17.8,-21.7
185.16,-12.1,-16.7,-21.7,-17.4,-21.4
185.17,-12.2,-16.5,-22.6,-17.6,-21.8
185.18,-11.8,-16.6,-19.6,-17.4,-22.5
185.19,-11.3,-16.7,-14.3,-17.4,-22.5
185.20,-11.1,-17.4,-12.5,-17.7,-22.2
185.21,-10.9,-17.9,-11.7,-17.5,-22.4
185.22,-10.4,-18.2,-11.0,-17.8,-22.5
185.23,-9.9,-18.0,-11.3,-17.3,-22.3
185.24,-9.5,-17.4,-12.4,-17.9,-22.5
185.25,-9.3,-16.9,-13.0,-17.5,-22.8
185.26,-9.4,-16.5,-13.4,-17.9,-22.9
185.27,-9.9,-16.2,-13.8,-17.4,-22.7
185.28,-10.7,-16.2,-13.6,-17.6,-22.9
185.29,-10.8,-16.1,-13.5,-17.6,-23.0
185.30,-10.5,-16.2,-13.5,-17.8,-23.1
185.31,-10.4,-16.4,-13.8,-17.8,-23.3
185.32,-10.5,-16.5,-14.2,-17.5,-23.6
185.33,-10.9,-16.6,-14.7,-17.8,-23.7
185.34,-10.0,-17.0,-12.9,-17.4,-24.2
185.35,-9.9,-17.4,-12.0,-18.0,-25.1
185.36,-9.9,-17.8,-11.6,-17.4,-25.7
185.37,-9.4,-18.4,-11.0,-17.8,-26.1
185.38,-9.1,-18.9,-10.8,-17.7,-26.5
185.39,-11.0,-19.1,-12.2,-17.8,-26.0
185.40,-11.2,-19.1,-12.3,-18.0,-25.7
185.41,-10.3,-19.6,-12.4,-17.7,-25.7
185.42,-10.9,-20.4,-12.9,-18.0,-25.3
185.43,-11.9,-21.7,-13.8,-17.4,-25.1
185.44,-11.9,-23.6,-14.9,-18.0,-24.8
185.45,-12.9,-27.5,-15.4,-17.5,-24.7
185.46,-12.4,-30.4,-14.7,-17.9,-24.6
185.47,-12.1,-33.3,-14.1,-17.5,-24.3
185.48,-11.3,-32.7,-12.8,-17.6,-24.7
185.49,-10.5,-32.0,-12.4,-17.9,-24.9
185.50,-10.7,-28.6,-12.1,-17.8,-25.1
185.51,-10.9,-27.5,-12.3,-18.1,-25.5
185.52,-10.5,-22.2,-12.8,-17.4,-25.5
185.53,-11.3,-19.9,-13.5,-18.0,-25.3
185.54,-11.9,-18.9,-14.9,-17.5,-24.9
185.55,-11.8,-17.9,-15.8,-18.1,-24.0
185.56,-11.8,-17.3,-16.7,-17.6,-23.6
185.57,-11.9,-17.5,-16.6,-17.9,-23.2
185.58,-10.8,-17.2,-15.3,-17.8,-23.0
185.59,-10.5,-16.8,-14.5,-17.8,-23.1
185.60,-10.7,-16.7,-13.9,-18.0,-22.8
185.61,-10.2,-16.5,-13.7,-17.9,-22.4
185.62,-10.6,-16.7,-14.5,-18.3,-22.0
185.63,-11.2,-17.3,-15.1,-17.7,-21.7
185.64,-11.9,-18.6,-16.8,-18.3,-21.7
185.65,-12.7,-20.4,-18.5,-17.7,-22.2
185.66,-12.7,-22.3,-15.1,-18.4,-22.0
185.67,-9.9,-24.1,-10.9,-18.9,-21.6
185.68,-9.6,-21.4,-10.6,-20.4,-20.9
185.69,-9.1,-19.1,-10.5,-20.1,-20.5
185.70,-9.0,-17.0,-10.5,-20.9,-20.2
185.71,-9.9,-15.3,-13.8,-20.0,-20.3
185.72,-10.7,-14.1,-17.9,-19.1,-20.8
185.73,-10.2,-13.6,-17.5,-19.2,-21.6
185.74,-10.4,-13.4,-18.0,-19.3,-22.1
185.75,-11.2,-13.8,-18.2,-20.3,-22.5
185.76,-11.1,-14.5,-17.2,-19.6,-22.6
185.77,-10.3,-15.4,-14.2,-20.2,-22.5
185.78,-10.0,-16.1,-13.6,-20.0,-22.4
185.79,-9.4,-16.4,-12.8,-19.6,-22.7
185.80,-9.2,-16.4,-12.5,-19.9,-23.0
185.81,-9.7,-16.5,-14.0,-19.1,-23.1
185.82,-10.9,-16.6,-15.6,-19.4,-23.5
185.83,-11.3,-16.6,-16.7,-18.9,-23.5
185.84,-11.6,-16.6,-17.5,-19.0,-23.3
185.85,-12.2,-16.7,-18.2,-19.2,-22.9
185.86,-12.2,-16.8,-19.0,-18.8,-23.1
185.87,-11.2,-16.8,-14.3,-19.7,-23.3
185.88,-10.7,-16.8,-13.2,-19.0,-23.4
185.89,-10.5,-17.1,-12.6,-19.7,-23.7
185.90,-10.2,-17.3,-12.3,-19.4,-23.9
185.91,-10.0,-17.0,-12.5,-19.2,-24.2
185.92,-10.8,-16.4,-15.1,-19.7,-24.5
185.93,-10.8,-15.5,-16.1,-19.0,-24.9
185.94,-10.9,-14.7,-17.3,-19.5,-25.4
185.95,-10.8,-14.4,-17.9,-19.1,-25.8
185.96,-11.3,-14.7,-18.9,-19.6,-25.8
185.97,-10.4,-15.1,-15.6,-19.5,-25.3
185.98,-9.0,-16.1,-11.9,-19.4,-25.2
185.99,-8.5,-16.6,-10.3,-20.1,-24.4
186.00,-8.4,-16.9,-10.2,-19.1,-23.9
186.01,-8.5,-16.9,-10.2,-19.2,-23.4
186.02,-9.8,-16.7,-12.0,-18.8,-23.1
186.03,-11.1,-16.5,-14.7,-18.4,-23.3
186.04,-11.6,-16.3,-17.2,-18.2,-23.1
186.05,-11.2,-15.9,-17.7,-18.4,-22.6
186.06,-11.1,-15.5,-18.0,-18.3,-22.3
186.07,-11.5,-15.2,-19.0,-18.1,-22.2
186.08,-9.9,-15.1,-13.4,-18.3,-22.0
186.09,-9.2,-15.2,-12.2,-18.2,-22.0
186.10,-9.2,-15.4,-11.8,-17.9,-22.6
186.11,-9.0,-15.5,-11.5,-18.1,-22.9
186.12,-9.2,-15.7,-12.2,-18.3,-22.9
186.13,-10.5,-15.6,-15.1,-17.8,-23.1
186.14,-10.8,-15.6,-16.5,-18.0,-23.3
186.15,-10.6,-15.4,-17.5,-18.2,-23.2
186.16,-11.2,-15.2,-18.3,-18.3,-23.3
186.17,-11.2,-15.0,-18.7,-18.0,-23.5
186.18,-10.2,-15.4,-15.2,-18.2,-23.9
186.19,-9.6,-16.1,-13.4,-18.3,-24.4
186.20,-9.4,-17.1,-12.9,-18.2,-24.7
186.21,-9.2,-18.6,-12.6,-18.4,-24.9
186.22,-9.3,-21.0,-12.4,-18.2,-24.9
186.23,-10.5,-22.4,-14.8,-17.9,-24.8
186.24,-12.2,-24.7,-16.4,-17.9,-24.3
186.25,-12.8,-28.3,-17.1,-17.8,-24.1
186.26,-13.8,-29.7,-18.5,-17.8,-23.8
186.27,-14.9,-31.8,-19.9,-17.7,-24.0
186.28,-14.9,-32.0,-20.9,-17.7,-23.9
186.29,-11.8,-31.8,-15.1,-17.9,-23.9
186.30,-9.3,-30.7,-12.4,-18.2,-23.0
186.31,-9.0,-29.9,-11.7,-18.6,-22.4
186.32,-8.7,-29.7,-11.4,-19.0,-21.4
186.33,-9.0,-30.0,-11.7,-19.5,-21.0
186.34,-10.1,-30.7,-12.9,-19.7,-20.9
186.35,-12.6,-32.4,-16.5,-19.8,-20.8
186.36,-13.3,-34.2,-17.0,-19.9,-21.3
186.37,-13.6,-35.5,-17.4,-20.0,-21.1
186.38,-13.4,-37.4,-17.3,-20.0,-21.2
186.39,-13.6,-37.7,-18.7,-20.0,-20.9
186.40,-12.4,-37.3,-16.8,-19.9,-20.8
186.41,-12.5,-35.4,-16.5,-19.8,-20.6
186.42,-12.5,-34.7,-15.8,-20.0,-21.0
186.43,-12.4,-34.1,-15.3,-20.2,-21.3
186.44,-12.1,-33.5,-15.3,-20.2,-21.7
186.45,-13.0,-33.2,-16.6,-20.4,-21.8
186.46,-12.7,-33.2,-17.3,-19.7,-22.0
186.47,-12.9,-33.6,-17.6,-19.4,-22.3
186.48,-13.5,-34.1,-17.8,-19.2,-21.9
186.49,-14.5,-35.4,-18.2,-19.2,-21.8
186.50,-15.1,-37.6,-17.0,-19.2,-22.2
186.51,-13.3,-42.2,-15.8,-19.3,-22.3
186.52,-13.4,-46.0,-15.5,-19.3,-22.7
186.53,-13.0,-49.8,-14.7,-19.2,-23.1
186.54,-12.8,-49.7,-14.6,-19.2,-23.1
186.55,-14.1,-45.1,-15.9,-19.7,-23.1
186.56,-13.7,-39.8,-16.0,-19.6,-22.7
186.57,-12.9,-34.7,-16.0,-19.9,-22.6
186.58,-11.4,-21.0,-16.1,-19.5,-22.3
186.59,-10.3,-17.3,-16.4,-19.2,-22.4
186.60,-9.6,-16.0,-15.5,-18.9,-22.4
186.61,-9.1,-15.2,-13.0,-18.9,-23.1
186.62,-8.4,-14.7,-10.9,-19.1,-23.6
186.63,-8.7,-15.3,-10.9,-19.3,-24.3
186.64,-8.9,-15.7,-10.9,-19.4,-25.1
186.65,-9.0,-15.7,-11.2,-19.1,-25.0
186.66,-9.7,-15.4,-13.9,-19.2,-25.0
186.67,-10.2,-15.3,-14.8,-19.2,-24.8
186.68,-10.4,-15.4,-15.0,-19.2,-24.8
186.69,-10.5,-15.7,-14.7,-19.5,-25.0
186.70,-10.8,-16.6,-15.0,-19.3,-25.0
186.71,-11.1,-17.9,-14.3,-19.1,-25.4
186.72,-10.3,-19.5,-13.4,-18.9,-25.4
186.73,-10.1,-22.1,-12.7,-19.2,-25.7
186.74,-10.2,-23.8,-12.4,-19.4,-25.8
186.75,-10.2,-22.4,-12.1,-19.8,-26.0
186.76,-10.7,-21.3,-12.4,-19.5,-26.6
186.77,-12.2,-19.2,-13.5,-19.3,-27.0
186.78,-12.5,-17.1,-13.6,-19.2,-27.6
186.79,-11.2,-15.7,-13.4,-19.4,-28.5
186.80,-10.3,-14.8,-13.5,-19.5,-29.0
186.81,-9.8,-14.2,-12.8,-20.1,-29.1
186.82,-9.0,-13.8,-11.7,-20.2,-29.4
186.83,-9.2,-13.9,-11.8,-19.9,-29.5
186.84,-10.1,-14.6,-12.5,-19.9,-29.4
186.85,-10.7,-15.6,-12.9,-19.9,-29.1
186.86,-11.3,-17.2,-13.8,-19.8,-29.1
186.87,-12.5,-20.1,-14.5,-19.9,-29.3
186.88,-12.8,-23.5,-14.3,-19.8,-29.8
186.89,-11.4,-24.3,-12.5,-19.4,-30.5
186.90,-10.7,-23.1,-12.1,-19.5,-31.0
186.91,-10.7,-21.7,-12.2,-19.9,-31.4
186.92,-10.3,-18.3,-11.9,-20.9,-30.6
186.93,-9.1,-16.6,-10.6,-22.0,-27.0
186.94,-9.2,-15.7,-10.6,-23.8,-24.7
186.95,-9.0,-14.8,-10.8,-23.4,-23.1
186.96,-9.0,-14.1,-11.0,-22.1,-22.2
186.97,-9.6,-14.1,-12.6,-21.1,-21.6
186.98,-10.3,-14.2,-15.3,-19.4,-21.9
186.99,-10.3,-14.3,-15.1,-18.7,-21.9
187.00,-10.4,-15.0,-15.6,-18.4,-22.5
187.01,-11.1,-15.7,-15.6,-18.3,-23.1
187.02,-11.1,-16.2,-15.5,-18.5,-23.3
187.03,-12.0,-16.4,-16.4,-18.2,-23.5
187.04,-12.0,-16.2,-17.5,-18.4,-23.7
187.05,-11.7,-16.0,-16.2,-18.4,-24.0
187.06,-11.3,-15.8,-15.1,-18.1,-24.3
187.07,-10.8,-15.8,-14.2,-18.5,-24.4
187.08,-10.7,-15.7,-13.8,-18.2,-24.6
187.09,-10.3,-15.8,-14.0,-18.3,-25.2
187.10,-10.6,-15.7,-14.0,-18.2,-25.2
187.11,-10.4,-15.6,-14.7,-18.1,-25.5
187.12,-11.0,-15.7,-16.0,-18.1,-25.5
187.13,-10.9,-15.5,-16.5,-18.1,-25.7
187.14,-11.7,-15.6,-19.0,-17.9,-25.7
187.15,-11.9,-15.7,-18.9,-18.4,-25.6
187.16,-11.7,-15.8,-18.2,-18.2,-25.4
187.17,-11.8,-15.8,-16.6,-18.3,-25.6
187.18,-11.0,-15.9,-15.3,-18.2,-25.8
187.19,-11.7,-16.4,-15.1,-18.1,-26.2
187.20,-12.0,-17.2,-15.5,-18.3,-26.3
187.21,-12.7,-17.7,-16.0,-18.1,-26.7
187.22,-13.1,-18.5,-17.2,-18.2,-27.0
187.23,-14.0,-18.6,-19.7,-18.3,-27.4
187.24,-13.6,-17.8,-19.4,-18.1,-27.6
187.25,-13.1,-16.5,-19.9,-18.2,-27.6
187.26,-12.7,-15.9,-18.2,-18.2,-27.5
187.27,-12.2,-15.4,-17.7,-17.9,-27.4
187.28,-12.0,-14.9,-17.3,-18.3,-27.0
187.29,-11.4,-14.6,-17.5,-17.9,-27.0
187.30,-11.6,-14.7,-17.7,-18.0,-27.0
187.31,-11.7,-14.8,-19.0,-17.8,-27.2
187.32,-12.3,-15.4,-20.2,-17.7,-27.5
187.33,-12.9,-16.4,-21.2,-17.7,-27.5
187.34,-13.6,-17.7,-21.4,-17.7,-27.9
187.35,-14.3,-19.4,-22.0,-17.7,-27.7
187.36,-15.2,-22.2,-21.1,-18.0,-27.7
187.37,-14.8,-24.4,-20.3,-17.8,-27.6
187.38,-15.1,-25.7,-20.2,-17.8,-27.5
187.39,-14.5,-24.5,-20.6,-17.8,-27.5
187.40,-14.6,-21.8,-21.0,-17.5,-27.3
187.41,-13.5,-18.7,-21.6,-17.9,-27.1
187.42,-13.3,-17.1,-22.9,-17.6,-27.3
187.43,-13.0,-16.2,-23.5,-17.8,-26.9
187.44,-12.8,-16.1,-23.7,-17.7,-27.0
187.45,-13.1,-16.4,-23.3,-17.7,-27.0
187.46,-13.4,-17.3,-23.3,-17.7,-27.2
187.47,-14.0,-18.1,-23.4,-17.7,-27.5
187.48,-14.0,-18.5,-23.1,-17.6,-27.5
187.49,-14.2,-18.2,-23.1,-18.0,-27.9
187.50,-13.5,-17.5,-23.4,-17.7,-27.8
187.51,-13.3,-16.6,-23.9,-17.7,-27.8
187.52,-12.9,-15.7,-24.1,-17.7,-27.9
187.53,-12.4,-14.9,-24.5,-17.5,-28.0
187.54,-11.8,-14.2,-24.9,-17.7,-28.1
187.55,-11.6,-13.6,-25.2,-17.6,-28.3
187.56,-11.3,-13.3,-25.3,-17.7,-28.2
187.57,-11.3,-13.1,-25.5,-17.8,-28.3
187.58,-11.2,-13.1,-26.0,-17.7,-28.2
187.59,-11.4,-13.2,-26.1,-17.6,-28.4
187.60,-11.5,-13.2,-26.1,-17.8,-28.4
187.61,-11.6,-13.5,-26.5,-17.5,-28.4
187.62,-12.1,-14.5,-26.2,-18.0,-28.5
187.63,-12.8,-15.8,-25.9,-17.7,-28.7
187.64,-13.8,-17.8,-25.6,-17.7,-28.5
187.65,-15.1,-21.3,-25.5,-17.6,-28.5
187.66,-15.4,-24.7,-25.6,-17.5,-28.4
187.67,-15.3,-23.3,-25.9,-17.6,-28.6
187.68,-13.9,-17.7,-26.0,-17.6,-28.8
187.69,-13.2,-16.3,-26.3,-17.6,-29.5
187.70,-12.8,-15.2,-26.8,-17.9,-30.0
187.71,-12.2,-14.3,-27.0,-17.7,-30.2
187.72,-12.0,-14.0,-27.2,-17.7,-30.6
187.73,-12.3,-14.8,-27.5,-17.9,-30.9
187.74,-12.2,-14.5,-27.4,-17.6,-31.1
187.75,-12.3,-14.7,-27.5,-17.9,-31.0
187.76,-12.2,-14.7,-27.6,-17.6,-31.1
187.77,-12.3,-14.7,-27.7,-17.6,-31.3
187.78,-12.3,-14.8,-27.7,-17.6,-31.4
187.79,-12.3,-14.7,-28.1,-17.5,-31.7
187.80,-12.3,-14.8,-28.2,-17.6,-31.9
187.81,-12.6,-15.1,-28.4,-17.7,-31.7
187.82,-12.8,-15.4,-28.6,-17.6,-31.7
187.83,-13.2,-16.0,-28.9,-18.0,-31.6
187.84,-13.5,-16.6,-29.2,-17.7,-31.8
187.85,-13.4,-16.5,-29.2,-17.6,-31.9
187.86,-13.5,-16.5,-29.1,-17.7,-32.5
187.87,-13.5,-16.6,-29.0,-17.4,-32.0
187.88,-13.5,-17.0,-28.4,-17.6,-31.8
187.89,-14.0,-17.3,-28.4,-17.5,-31.9
187.90,-13.7,-17.2,-28.4,-17.5,-32.0
187.91,-12.8,-15.7,-28.7,-17.6,-32.2
187.92,-12.4,-14.6,-29.0,-17.6,-32.5
187.93,-12.2,-14.3,-29.6,-17.5,-32.8
187.94,-12.3,-14.2,-29.5,-17.7,-32.9
187.95,-12.3,-14.4,-29.3,-17.5,-32.8
187.96,-13.3,-15.7,-29.0,-17.9,-32.6
187.97,-13.1,-15.9,-28.6,-17.6,-32.7
187.98,-13.3,-16.0,-28.3,-17.7,-32.6
187.99,-13.4,-16.2,-28.2,-17.6,-32.4
188.00,-13.6,-16.6,-28.2,-17.5,-32.5
188.01,-14.0,-17.4,-28.3,-17.6,-32.6
188.02,-14.4,-18.6,-28.3,-17.6,-32.7
188.03,-14.8,-19.5,-28.6,-17.6,-32.9
188.04,-15.2,-20.4,-28.7,-17.8,-33.0
188.05,-14.9,-19.8,-28.8,-17.7,-33.5
188.06,-14.4,-18.9,-29.0,-17.5,-33.3
188.07,-14.0,-17.7,-29.4,-17.7,-33.5
188.08,-13.1,-16.2,-29.4,-17.4,-33.5
188.09,-12.5,-14.8,-29.5,-17.7,-33.6
188.10,-12.2,-14.3,-29.4,-17.5,-33.6
188.11,-12.0,-13.9,-29.2,-17.6,-33.5
188.12,-12.0,-13.8,-29.2,-17.6,-33.5
188.13,-12.3,-14.2,-29.2,-17.6,-33.2
188.14,-12.7,-14.8,-29.3,-17.5,-33.3
188.15,-12.8,-15.0,-29.4,-17.7,-33.3
188.16,-13.0,-15.2,-29.5,-17.6,-33.6
188.17,-13.3,-15.5,-29.9,-17.9,-33.7
188.18,-13.4,-15.6,-30.0,-17.8,-34.0
188.19,-13.1,-15.3,-30.0,-17.7,-33.9
188.20,-12.8,-14.9,-29.7,-17.7,-34.0
188.21,-12.6,-14.6,-29.9,-17.6,-33.9
188.22,-12.4,-14.3,-29.9,-17.7,-33.6
188.23,-12.4,-14.0,-30.2,-17.7,-33.9
188.24,-12.2,-13.9,-30.4,-17.7,-33.9
188.25,-12.3,-14.0,-30.7,-17.8,-34.1
188.26,-12.5,-14.3,-30.8,-17.8,-34.1
188.27,-12.6,-14.4,-31.0,-17.6,-34.0
188.28,-12.9,-14.7,-30.7,-17.9,-33.8
188.29,-13.0,-15.1,-30.8,-17.6,-33.4
188.30,-13.3,-15.5,-30.6,-18.0,-33.2
188.31,-13.4,-15.7,-30.5,-17.7,-33.0
188.32,-13.4,-15.6,-30.3,-17.7,-33.0
188.33,-13.2,-15.5,-30.4,-17.6,-33.1
188.34,-13.3,-15.6,-30.3,-17.5,-33.5
188.35,-13.2,-15.4,-30.4,-17.6,-33.7
188.36,-13.1,-15.1,-30.4,-17.7,-34.0
188.37,-13.0,-14.9,-30.5,-17.6,-33.9
188.38,-12.9,-14.7,-30.4,-17.9,-33.6
188.39,-12.7,-14.5,-30.2,-17.8,-33.7
188.40,-12.5,-14.3,-29.8,-17.6,-33.6
188.41,-12.5,-14.2,-29.8,-17.8,-33.8
188.42,-12.3,-14.1,-29.8,-17.5,-33.7
188.43,-12.5,-14.2,-30.0,-17.8,-33.7
188.44,-12.4,-14.3,-30.2,-17.7,-33.8
188.45,-12.8,-14.5,-30.6,-17.8,-33.9
188.46,-12.7,-14.6,-30.8,-17.7,-34.1
188.47,-12.8,-14.7,-30.6,-17.7,-34.5
188.48,-12.8,-14.8,-30.4,-17.7,-34.7
188.49,-13.0,-14.9,-30.6,-17.9,-34.8
188.50,-13.1,-15.0,-30.7,-17.7,-34.7
188.51,-13.3,-15.2,-30.8,-18.0,-34.4
188.52,-13.3,-15.3,-31.0,-17.8,-33.7
188.53,-13.3,-15.4,-31.3,-17.7,-32.7
188.54,-13.2,-15.3,-31.1,-17.7,-31.9
188.55,-13.1,-15.3,-30.9,-17.6,-31.5
188.56,-13.3,-15.5,-30.7,-17.8,-31.2
188.57,-13.5,-15.9,-30.4,-17.7,-31.3
188.58,-13.6,-16.1,-30.6,-17.8,-31.7
188.59,-13.7,-16.3,-30.9,-17.9,-31.9
188.60,-13.9,-16.5,-31.0,-17.9,-31.9
188.61,-14.1,-16.8,-31.4,-17.7,-31.7
188.62,-14.3,-17.3,-31.6,-17.9,-31.7
188.63,-14.7,-18.2,-31.4,-17.6,-31.5
188.64,-15.4,-19.5,-31.4,-18.0,-31.8
188.65,-15.8,-21.3,-31.4,-17.8,-32.0
188.66,-16.5,-23.7,-31.6,-17.8,-32.3
188.67,-16.8,-26.5,-31.9,-17.7,-32.0
188.68,-16.9,-28.6,-32.1,-17.7,-31.6
188.69,-17.0,-30.8,-32.2,-17.7,-31.0
188.70,-17.2,-32.0,-32.5,-17.8,-30.5
188.71,-17.2,-33.1,-32.1,-17.8,-30.2
188.72,-17.4,-35.0,-31.8,-18.1,-29.4
188.73,-17.3,-38.9,-31.8,-18.0,-28.9
188.74,-17.2,-40.7,-31.9,-17.9,-28.8
188.75,-17.4,-40.9,-32.2,-18.0,-28.9
188.76,-17.2,-40.3,-32.7,-17.8,-29.0
188.77,-17.4,-39.7,-32.8,-18.0,-29.1
188.78,-17.3,-39.2,-33.0,-17.9,-29.2
188.79,-17.4,-39.3,-33.2,-18.0,-28.9
188.80,-17.3,-39.2,-33.3,-17.9,-28.2
188.81,-17.3,-39.1,-33.4,-18.0,-28.1
188.82,-17.3,-39.0,-33.3,-17.9,-28.2
188.83,-17.5,-38.7,-33.4,-18.1,-28.4
188.84,-17.2,-38.5,-33.3,-17.9,-28.4
188.85,-17.6,-38.2,-33.2,-18.3,-28.7
188.86,-17.4,-37.2,-33.4,-18.1,-28.8
188.87,-17.3,-36.2,-33.3,-18.0,-28.2
188.88,-17.1,-35.2,-33.6,-18.0,-27.3
188.89,-16.9,-33.9,-33.6,-17.9,-27.2
188.90,-17.0,-33.0,-33.6,-18.0,-27.2
188.91,-16.9,-31.9,-33.9,-18.0,-27.4
188.92,-17.0,-30.8,-34.1,-18.0,-27.5
188.93,-17.2,-30.4,-34.0,-18.2,-27.9
188.94,-17.1,-29.3,-34.7,-18.1,-27.5
188.95,-16.8,-28.5,-34.7,-18.0,-26.9
188.96,-16.8,-27.9,-34.3,-18.2,-26.5
188.97,-16.5,-27.9,-30.2,-18.0,-26.2
188.98,-16.6,-27.5,-28.5,-18.3,-26.0
188.99,-16.4,-28.3,-28.1,-18.1,-26.6
189.00,-16.7,-29.3,-27.8,-18.1,-27.2
189.01,-16.8,-31.3,-27.7,-18.1,-27.5
189.02,-17.1,-34.6,-30.5,-18.1,-27.9
189.03,-17.2,-37.2,-31.7,-18.1,-28.4
189.04,-17.3,-38.2,-32.3,-18.2,-28.2
189.05,-17.3,-39.2,-30.2,-18.2,-27.4
189.06,-17.4,-40.4,-29.4,-18.5,-26.9
189.07,-17.2,-42.1,-29.1,-18.4,-26.2
189.08,-17.1,-44.3,-28.8,-18.3,-25.6
189.09,-17.1,-44.9,-28.7,-18.4,-25.6
189.10,-17.1,-41.4,-30.5,-18.2,-26.2
189.11,-17.3,-36.9,-31.6,-18.4,-26.9
189.12,-15.8,-21.9,-32.5,-18.3,-27.5
189.13,-14.6,-18.2,-29.7,-18.5,-28.0
189.14,-13.1,-15.5,-29.1,-18.4,-27.9
189.15,-12.0,-13.8,-28.5,-18.5,-26.8
189.16,-11.2,-12.7,-28.1,-18.4,-26.0
189.17,-10.9,-12.2,-27.9,-18.7,-25.6
189.18,-10.9,-12.2,-29.2,-18.5,-25.3
189.19,-11.2,-12.2,-29.0,-18.9,-25.3
189.20,-11.2,-12.5,-29.2,-18.7,-25.6
189.21,-11.4,-12.8,-29.2,-18.6,-25.7
189.22,-11.8,-13.1,-29.5,-18.6,-25.8
189.23,-11.8,-13.4,-29.9,-18.5,-25.8
189.24,-12.4,-13.7,-30.2,-18.7,-25.5
189.25,-12.3,-13.8,-30.5,-18.7,-25.4
189.26,-12.3,-13.9,-30.8,-18.7,-25.2
189.27,-12.3,-13.8,-30.9,-18.7,-24.4
189.28,-11.8,-13.6,-30.8,-18.7,-23.7
189.29,-11.8,-13.4,-30.9,-18.5,-23.0
189.30,-11.4,-13.5,-30.9,-18.7,-21.9
189.31,-11.5,-13.6,-30.9,-18.8,-21.5
189.32,-11.5,-13.8,-31.0,-19.3,-21.3
189.33,-11.4,-13.8,-31.0,-19.0,-21.2
189.34,-12.0,-14.1,-30.9,-19.3,-21.6
189.35,-12.1,-14.2,-30.9,-19.4,-21.3
189.36,-11.9,-13.9,-30.9,-19.3,-21.5
189.37,-11.4,-13.4,-31.0,-19.6,-21.3
189.38,-11.4,-13.4,-31.2,-19.2,-20.5
189.39,-11.3,-13.1,-31.6,-19.7,-20.6
189.40,-11.0,-13.2,-31.8,-19.1,-20.5
189.41,-11.4,-13.8,-32.3,-19.2,-20.7
189.42,-11.9,-14.4,-32.3,-18.9,-20.5
189.43,-12.4,-15.0,-31.9,-19.4,-21.5
189.44,-12.4,-15.3,-22.9,-19.1,-23.1
189.45,-10.0,-15.4,-13.7,-19.6,-23.5
189.46,-9.3,-15.4,-12.2,-19.9,-24.8
189.47,-9.2,-15.5,-11.6,-20.3,-25.8
189.48,-8.7,-15.6,-11.2,-20.5,-25.2
189.49,-9.3,-15.9,-12.2,-19.2,-25.2
189.50,-10.6,-16.2,-14.7,-18.9,-24.0
189.51,-10.9,-16.5,-16.4,-18.0,-23.1
189.52,-11.3,-16.9,-17.9,-18.0,-22.3
189.53,-11.8,-17.1,-18.9,-18.2,-22.3
189.54,-12.2,-17.3,-20.0,-18.3,-21.9
189.55,-12.3,-17.6,-21.1,-18.0,-22.0
189.56,-12.7,-17.9,-22.2,-18.3,-22.2
189.57,-13.0,-18.0,-23.1,-18.3,-22.1
189.58,-13.0,-17.9,-23.9,-18.4,-21.8
189.59,-13.0,-17.8,-24.4,-18.3,-22.0
189.60,-13.2,-17.7,-24.6,-18.5,-22.1
189.61,-9.9,-17.8,-13.5,-18.4,-22.4
189.62,-8.4,-18.3,-11.0,-18.6,-22.5
189.63,-8.5,-18.6,-10.8,-18.5,-22.6
189.64,-8.3,-18.4,-10.6,-18.4,-22.7
189.65,-8.5,-18.1,-10.8,-18.3,-22.7
189.66,-11.5,-18.4,-15.3,-18.3,-22.7
189.67,-13.0,-19.2,-18.8,-18.1,-22.5
189.68,-13.4,-20.6,-19.3,-18.3,-22.7
189.69,-13.8,-23.9,-19.2,-18.3,-22.3
189.70,-14.1,-29.2,-19.0,-18.4,-21.7
189.71,-14.2,-32.7,-20.5,-18.2,-21.3
189.72,-15.0,-34.6,-22.2,-18.5,-21.5
189.73,-14.3,-35.9,-20.9,-18.5,-21.5
189.74,-14.5,-36.0,-20.5,-18.5,-21.8
189.75,-14.0,-36.7,-19.5,-18.4,-22.1
189.76,-11.7,-36.3,-14.7,-18.3,-22.8
189.77,-10.3,-34.7,-11.9,-18.4,-23.1
189.78,-10.0,-25.0,-11.5,-18.2,-24.0
189.79,-9.1,-18.1,-11.2,-18.5,-24.6
189.80,-8.5,-15.5,-11.2,-18.0,-24.6
189.81,-9.4,-14.3,-13.5,-18.4,-23.6
189.82,-9.9,-13.5,-16.8,-18.2,-23.3
189.83,-10.2,-13.5,-18.1,-18.2,-22.6
189.84,-11.0,-14.6,-18.9,-18.3,-22.6
189.85,-11.8,-15.8,-19.6,-18.3,-22.1
189.86,-12.3,-16.9,-20.1,-18.3,-22.4
189.87,-12.2,-17.5,-20.5,-18.0,-22.0
189.88,-12.7,-17.7,-21.1,-18.3,-22.1
189.89,-12.4,-17.5,-21.6,-18.3,-21.5
189.90,-12.4,-17.3,-22.0,-18.3,-21.6
189.91,-12.6,-17.3,-22.4,-18.2,-22.0
189.92,-11.4,-17.5,-16.9,-18.2,-21.9
189.93,-10.5,-17.5,-13.7,-18.3,-22.6
189.94,-10.1,-17.4,-12.3,-18.6,-23.4
189.95,-9.6,-17.1,-11.4,-18.7,-23.8
189.96,-8.9,-16.7,-11.0,-18.7,-23.5
189.97,-9.1,-16.1,-11.7,-19.2,-23.0
189.98,-9.5,-15.8,-13.0,-19.4,-23.2
189.99,-9.7,-15.3,-13.8,-19.7,-23.0
190.00,-9.1,-15.0,-12.4,-19.9,-23.2
190.01,-9.4,-14.5,-11.7,-20.4,-23.8
190.02,-9.4,-14.1,-11.6,-20.7,-25.0
190.03,-9.2,-13.6,-11.3,-20.9,-25.0
190.04,-9.2,-13.3,-11.1,-21.8,-25.6
190.05,-10.3,-13.4,-12.9,-20.8,-25.5
190.06,-10.3,-13.6,-13.3,-21.7,-25.5
190.07,-10.1,-14.1,-13.5,-20.2,-25.4
190.08,-9.5,-15.0,-12.4,-20.2,-24.3
190.09,-8.7,-16.0,-11.7,-19.6,-22.9
190.10,-8.8,-16.7,-11.6,-19.7,-22.2
190.11,-9.1,-17.6,-11.5,-19.7,-21.6
190.12,-9.9,-17.5,-12.0,-19.7,-21.5
190.13,-11.4,-17.2,-14.2,-19.6,-21.9
190.14,-12.6,-16.9,-16.5,-19.8,-22.6
190.15,-12.4,-16.8,-15.8,-19.7,-22.5
190.16,-11.7,-16.6,-14.1,-20.0,-22.2
190.17,-11.3,-16.2,-13.1,-19.5,-21.8
190.18,-10.6,-15.8,-12.4,-19.3,-21.9
190.19,-10.2,-15.4,-12.6,-19.2,-21.8
190.20,-9.7,-14.9,-12.8,-19.0,-22.0
190.21,-9.7,-14.5,-13.8,-18.9,-22.0
190.22,-10.1,-14.3,-15.6,-19.1,-22.1
190.23,-9.9,-14.2,-16.1,-18.8,-22.3
190.24,-10.0,-14.2,-14.1,-19.1,-22.8
190.25,-9.8,-14.5,-13.3,-18.6,-23.9
190.26,-9.4,-14.8,-12.5,-19.0,-24.3
190.27,-9.5,-15.0,-12.1,-19.0,-24.7
190.28,-10.6,-15.4,-13.1,-19.0,-24.7
190.29,-11.7,-16.4,-15.1,-18.9,-24.2
190.30,-12.1,-17.7,-16.6,-18.8,-24.0
190.31,-13.3,-19.5,-18.3,-18.7,-23.5
190.32,-14.3,-23.3,-19.6,-18.6,-22.6
190.33,-14.7,-29.6,-19.2,-18.7,-22.4
190.34,-13.7,-32.0,-18.2,-18.5,-21.7
190.35,-12.9,-34.9,-17.5,-18.5,-21.2
190.36,-12.7,-37.4,-17.0,-18.4,-21.4
190.37,-12.6,-36.5,-16.4,-18.4,-21.2
190.38,-13.0,-33.7,-16.6,-18.4,-21.0
190.39,-13.0,-32.3,-15.1,-18.6,-21.4
190.40,-11.3,-26.6,-12.5,-18.5,-21.5
190.41,-10.2,-20.2,-12.1,-18.5,-21.5
190.42,-9.2,-16.6,-11.9,-18.8,-21.8
190.43,-8.8,-14.9,-11.9,-18.8,-22.1
190.44,-9.3,-13.8,-14.2,-19.0,-21.9
190.45,-9.9,-13.3,-17.2,-19.0,-21.9
190.46,-10.2,-13.5,-18.0,-18.7,-21.9
190.47,-10.6,-14.2,-18.9,-19.0,-21.5
190.48,-11.4,-14.7,-19.7,-18.9,-21.8
190.49,-12.1,-15.4,-20.4,-19.0,-21.6
190.50,-12.9,-16.0,-21.6,-18.9,-21.2
190.51,-13.2,-16.4,-23.0,-19.0,-21.2
190.52,-13.5,-16.7,-23.6,-18.7,-21.3
190.53,-12.9,-16.7,-23.1,-18.7,-20.9
190.54,-12.8,-16.2,-23.1,-18.8,-21.0
190.55,-12.1,-15.7,-22.9,-18.7,-20.9
190.56,-11.9,-15.4,-22.9,-18.7,-20.9
190.57,-11.7,-15.2,-23.4,-18.4,-20.7
190.58,-12.1,-15.2,-24.4,-18.6,-20.9
190.59,-12.4,-15.4,-25.4,-18.5,-21.1
190.60,-12.7,-15.8,-26.1,-18.6,-21.1
190.61,-13.1,-16.5,-26.4,-18.6,-21.3
190.62,-13.4,-17.5,-27.1,-18.5,-22.0
190.63,-13.7,-18.9,-27.4,-18.5,-21.5
190.64,-13.5,-20.8,-27.5,-18.2,-21.0
190.65,-13.8,-22.5,-28.2,-18.4,-21.1
190.66,-14.4,-24.5,-28.9,-18.4,-21.6
190.67,-15.0,-26.1,-29.6,-18.4,-21.9
190.68,-15.2,-27.1,-30.6,-18.2,-22.1
190.69,-16.6,-28.9,-31.4,-18.3,-23.2
190.70,-16.8,-30.4,-31.8,-18.4,-23.7
190.71,-16.2,-32.8,-32.9,-18.0,-24.4
190.72,-16.6,-35.8,-33.9,-18.0,-26.7
190.73,-17.5,-38.1,-35.1,-18.4,-30.5
190.74,-18.2,-38.5,-37.8,-19.4,-33.3
190.75,-19.6,-39.1,-40.0,-20.5,-39.2
190.76,-23.6,-39.7,-42.8,-24.0,-46.7
190.77,-25.1,-40.3,-46.0,-25.2,-49.1
190.78,-29.6,-40.4,-47.1,-30.2,-50.2
190.79,-32.4,-42.0,-49.6,-33.7,-51.9
190.80,-36.3,-41.9,-50.1,-39.0,-52.9
190.81,-37.2,-41.1,-51.0,-42.6,-53.2
190.82,-38.7,-41.3,-52.1,-47.7,-53.8
190.83,-39.0,-41.0,-52.6,-51.9,-53.9
190.84,-39.6,-41.0,-53.4,-56.6,-54.5
190.85,-39.5,-40.4,-54.2,-65.6,-55.7
190.86,-39.5,-40.2,-54.4,-74.2,-56.3
190.87,-39.7,-40.2,-55.3,-78.8,-57.6
190.88,-40.5,-41.0,-55.6,-79.0,-58.4
190.89,-41.4,-42.2,-55.8,-79.6,-58.7
190.90,-43.3,-44.3,-56.0,-79.9,-59.0
190.91,-43.6,-44.8,-56.1,-80.0,-59.0
190.92,-43.4,-44.5,-56.4,-79.8,-59.7
190.93,-43.5,-44.6,-56.8,-79.7,-60.1
190.94,-43.5,-44.4,-57.4,-79.6,-60.6
190.95,-44.4,-45.5,-57.2,-79.4,-61.7
190.96,-44.9,-46.0,-57.8,-79.4,-63.2
190.97,-45.4,-46.4,-58.2,-79.4,-64.4
190.98,-45.5,-46.6,-58.4,-79.5,-64.8
190.99,-46.7,-48.0,-58.7,-79.7,-65.1
191.00,-46.9,-47.8,-60.5,-79.7,-66.2
191.01,-47.2,-47.9,-60.7,-79.6,-66.3
191.02,-46.2,-46.7,-61.6,-79.5,-66.5
191.03,-46.1,-46.5,-62.4,-79.4,-66.6
191.04,-46.5,-46.9,-63.5,-79.4,-67.3
191.05,-47.2,-47.6,-63.8,-79.4,-67.3
191.06,-47.3,-47.7,-64.4,-79.3,-67.6
191.07,-48.1,-48.6,-64.6,-79.4,-67.4
191.08,-48.4,-49.0,-65.0,-79.3,-67.3
191.09,-48.6,-49.2,-65.3,-79.2,-67.4
191.10,-49.6,-50.2,-65.4,-79.2,-67.5
191.11,-51.8,-52.8,-65.4,-79.1,-67.4
191.12,-52.8,-54.0,-65.8,-79.0,-68.2
191.13,-52.0,-53.0,-65.9,-79.0,-68.1
191.14,-51.7,-52.8,-65.4,-78.8,-68.4
191.15,-51.6,-53.0,-64.7,-78.7,-68.1
191.16,-51.4,-52.9,-64.3,-78.6,-68.1
191.17,-51.4,-53.0,-64.1,-78.6,-68.1
191.18,-51.0,-52.5,-64.0,-78.6,-68.1
191.19,-50.8,-51.7,-64.9,-78.6,-68.1
191.20,-50.2,-50.9,-64.9,-78.6,-68.0
191.21,-50.2,-50.9,-64.5,-78.5,-67.9
191.22,-50.7,-51.6,-64.3,-78.5,-68.0
191.23,-51.8,-53.2,-64.0,-78.4,-67.9
191.24,-53.1,-55.3,-63.5,-78.2,-67.9
191.25,-53.5,-56.3,-63.2,-78.3,-68.1
191.26,-53.2,-56.0,-63.2,-78.2,-68.1
191.27,-52.5,-55.0,-63.0,-78.1,-67.8
191.28,-51.5,-53.7,-63.0,-78.0,-67.9
191.29,-50.9,-52.8,-63.2,-78.0,-67.6
191.30,-49.6,-51.1,-63.9,-77.9,-67.7
191.31,-48.9,-50.1,-64.6,-77.8,-67.9
191.32,-48.2,-49.1,-65.5,-77.7,-68.6
191.33,-46.8,-47.5,-66.1,-77.8,-68.8
191.34,-46.0,-46.4,-67.1,-77.6,-69.5
191.35,-44.7,-45.0,-67.8,-77.7,-69.7
191.36,-43.3,-43.6,-68.1,-77.6,-69.6
191.37,-42.5,-42.6,-69.0,-77.6,-69.5
191.38,-41.5,-41.6,-69.7,-77.5,-69.4
191.39,-40.1,-40.2,-70.2,-77.5,-69.3
191.40,-39.2,-39.3,-70.6,-77.3,-68.7
191.41,-38.6,-38.6,-71.3,-77.2,-68.7
191.42,-37.6,-37.6,-71.3,-77.1,-68.4
191.43,-36.9,-36.9,-71.3,-77.1,-68.5
191.44,-36.4,-36.4,-71.5,-76.9,-68.6
191.45,-35.9,-35.9,-71.4,-76.9,-68.5
191.46,-35.5,-35.5,-71.5,-76.9,-68.9
191.47,-35.5,-35.5,-71.6,-76.8,-68.6
191.48,-35.1,-35.1,-71.7,-76.9,-68.5
191.49,-35.3,-35.3,-71.8,-76.9,-68.6
191.50,-35.4,-35.4,-72.1,-77.0,-68.9
191.51,-36.1,-36.1,-72.5,-77.1,-69.3
191.52,-37.3,-37.3,-71.8,-77.0,-69.4
191.53,-38.5,-38.6,-69.9,-77.0,-68.1
191.54,-41.1,-41.2,-69.0,-77.1,-67.9
191.55,-44.5,-44.8,-68.5,-77.1,-67.7
191.56,-47.7,-48.3,-67.9,-77.2,-67.3
191.57,-51.1,-52.1,-67.9,-77.1,-67.0
191.58,-57.3,-59.7,-68.3,-77.1,-67.9
191.59,-58.6,-61.1,-68.5,-76.9,-67.9
191.60,-58.1,-59.7,-69.0,-76.9,-68.3
191.61,-29.9,-29.9,-69.7,-76.7,-66.6
191.62,-28.5,-28.4,-70.4,-76.7,-66.1
191.63,-27.4,-27.4,-71.4,-76.7,-65.4
191.64,-26.0,-25.9,-71.6,-76.8,-64.7
191.65,-25.3,-25.3,-72.1,-76.6,-64.2
191.66,-25.4,-25.3,-72.7,-76.3,-63.6
191.67,-24.5,-24.4,-72.8,-75.9,-63.1
191.68,-23.3,-23.2,-73.1,-75.9,-63.0
191.69,-20.4,-20.4,-73.1,-75.9,-63.2
191.70,-17.4,-17.4,-73.1,-76.0,-63.4
191.71,-15.5,-15.5,-73.4,-76.3,-64.5
191.72,-14.1,-14.1,-73.5,-76.1,-64.3
191.73,-13.2,-13.2,-73.2,-75.9,-64.0
191.74,-12.8,-12.8,-73.2,-75.7,-64.4
191.75,-12.6,-12.6,-73.3,-75.5,-64.2
191.76,-12.6,-12.6,-73.2,-75.4,-64.4
191.77,-12.5,-12.5,-72.9,-75.5,-63.9
191.78,-12.3,-12.3,-73.0,-75.8,-63.8
191.79,-12.1,-12.1,-73.2,-75.7,-63.5
191.80,-12.0,-12.0,-72.8,-75.6,-63.8
191.81,-11.8,-11.8,-72.7,-75.8,-64.3
191.82,-11.9,-11.9,-72.6,-75.9,-65.4
191.83,-11.9,-11.9,-72.0,-75.5,-66.2
191.84,-12.0,-12.0,-71.6,-75.7,-66.1
191.85,-12.0,-12.0,-71.7,-75.7,-66.4
191.86,-12.1,-12.1,-71.7,-75.9,-66.4
191.87,-12.3,-12.3,-72.1,-75.8,-66.3
191.88,-12.3,-12.3,-72.4,-76.2,-65.9
191.89,-12.4,-12.4,-72.3,-75.8,-65.9
191.90,-12.5,-12.5,-71.9,-75.2,-66.2
191.91,-12.5,-12.5,-71.7,-74.9,-65.9
191.92,-12.7,-12.7,-71.3,-75.0,-65.9
191.93,-13.0,-13.0,-71.0,-75.0,-66.5
191.94,-13.5,-13.5,-71.3,-75.3,-65.7
191.95,-14.0,-14.0,-71.0,-75.5,-64.6
191.96,-14.7,-14.7,-71.1,-75.3,-59.9
191.97,-15.4,-15.4,-71.2,-75.4,-40.2
191.98,-15.7,-15.8,-71.2,-74.9,-35.5
191.99,-16.3,-16.4,-71.4,-75.1,-33.7
192.00,-16.4,-16.6,-71.6,-74.8,-32.2
192.01,-16.4,-16.6,-71.5,-74.5,-31.2
192.02,-16.1,-16.2,-71.0,-73.9,-30.1
192.03,-15.2,-15.4,-71.1,-74.3,-28.9
192.04,-14.4,-14.7,-71.1,-74.3,-28.0
192.05,-14.0,-14.4,-71.0,-74.2,-27.3
192.06,-14.0,-14.4,-71.2,-74.1,-27.0
192.07,-14.4,-14.7,-71.3,-74.4,-27.5
192.08,-15.0,-15.3,-71.4,-74.1,-28.1
192.09,-15.9,-16.1,-71.5,-73.9,-28.6
192.10,-16.6,-16.7,-71.9,-74.0,-29.0
192.11,-16.8,-16.9,-71.9,-74.2,-29.4
192.12,-16.5,-16.6,-71.8,-74.2,-29.8
192.13,-15.9,-16.1,-72.4,-74.8,-30.4
192.14,-15.0,-15.3,-72.1,-74.6,-31.3
192.15,-14.6,-14.9,-71.9,-74.0,-32.2
192.16,-14.4,-14.7,-72.4,-73.8,-33.1
192.17,-14.4,-14.6,-72.4,-73.8,-34.3
192.18,-14.5,-14.7,-72.5,-73.9,-35.2
192.19,-14.7,-14.9,-72.6,-74.2,-36.4
192.20,-14.9,-14.9,-72.2,-74.4,-37.6
192.21,-14.8,-14.8,-72.2,-74.5,-39.0
192.22,-14.8,-14.8,-71.9,-74.5,-40.2
192.23,-15.0,-15.1,-72.0,-74.8,-41.1
192.24,-15.0,-15.0,-72.3,-75.5,-41.9
192.25,-14.5,-14.6,-72.4,-75.6,-42.4
192.26,-14.3,-14.3,-72.8,-75.7,-43.0
192.27,-13.9,-14.0,-73.1,-75.7,-43.7
192.28,-13.7,-13.7,-72.5,-75.2,-44.6
192.29,-14.1,-14.1,-72.0,-74.5,-44.9
192.30,-14.6,-14.7,-72.1,-74.6,-45.0
192.31,-15.2,-15.2,-72.3,-74.8,-44.1
192.32,-15.8,-15.8,-72.5,-74.9,-42.9
192.33,-15.9,-15.9,-72.3,-74.6,-42.3
192.34,-16.0,-16.0,-72.2,-74.5,-42.2
192.35,-16.2,-16.2,-72.1,-74.4,-42.2
192.36,-16.3,-16.3,-72.3,-74.8,-42.6
192.37,-16.6,-16.7,-72.6,-75.2,-43.1
192.38,-17.2,-17.2,-72.7,-75.5,-43.5
192.39,-17.1,-17.1,-72.8,-76.1,-44.2
192.40,-17.1,-17.1,-72.7,-76.1,-45.1
192.41,-16.9,-16.9,-72.5,-75.8,-46.2
192.42,-16.5,-16.5,-72.6,-75.7,-46.9
192.43,-16.1,-16.1,-72.6,-75.7,-47.4
192.44,-15.8,-15.8,-72.7,-75.5,-48.2
192.45,-15.7,-15.7,-72.8,-75.6,-48.8
192.46,-15.5,-15.6,-73.2,-75.6,-48.9
192.47,-15.6,-15.6,-73.2,-75.5,-48.6
192.48,-15.7,-15.7,-73.2,-75.3,-47.8
192.49,-15.8,-15.8,-73.0,-75.4,-47.0
192.50,-16.0,-16.0,-72.9,-75.5,-46.4
192.51,-16.2,-16.3,-73.2,-76.0,-46.7
192.52,-16.3,-16.3,-73.2,-76.0,-46.8
192.53,-16.5,-16.5,-73.2,-75.8,-46.8
192.54,-16.5,-16.5,-73.6,-75.6,-47.6
192.55,-16.5,-16.5,-73.4,-75.3,-47.9
192.56,-16.5,-16.5,-73.1,-75.3,-47.8
192.57,-16.5,-16.5,-73.2,-75.5,-47.3
192.58,-16.8,-16.9,-73.6,-75.9,-47.3
192.59,-17.4,-17.4,-74.0,-76.4,-47.7
192.60,-17.7,-17.7,-73.7,-75.6,-48.3
192.61,-17.5,-17.5,-73.7,-75.4,-49.9
192.62,-16.8,-16.8,-73.4,-74.9,-50.6
192.63,-15.6,-15.6,-73.3,-75.0,-50.8
192.64,-14.9,-14.9,-72.8,-74.8,-50.9
192.65,-14.6,-14.6,-73.0,-75.0,-50.8
192.66,-14.5,-14.5,-72.9,-75.0,-51.8
192.67,-14.9,-14.9,-72.5,-74.9,-51.4
192.68,-15.1,-15.1,-72.9,-75.1,-51.2
192.69,-15.1,-15.1,-73.2,-75.1,-51.0
192.70,-15.1,-15.2,-73.3,-75.3,-51.6
192.71,-15.3,-15.3,-73.2,-75.4,-51.7
192.72,-15.3,-15.3,-73.5,-75.7,-53.3
192.73,-15.8,-15.8,-73.8,-75.8,-53.8
192.74,-16.0,-16.0,-73.5,-75.6,-53.8
192.75,-16.2,-16.2,-73.2,-75.3,-53.4
192.76,-16.2,-16.2,-73.3,-75.4,-52.3
192.77,-16.1,-16.1,-73.0,-75.1,-51.5
192.78,-15.9,-15.9,-72.4,-74.9,-51.1
192.79,-15.9,-16.0,-72.2,-74.9,-50.3
192.80,-16.1,-16.1,-72.4,-75.4,-49.9
192.81,-17.3,-17.3,-72.8,-75.7,-50.2
192.82,-18.8,-18.8,-73.0,-76.1,-50.0
192.83,-21.1,-21.1,-73.3,-76.4,-49.7
192.84,-26.2,-26.3,-73.7,-76.6,-48.9
192.85,-36.6,-37.4,-73.6,-76.6,-49.0
192.86,-37.4,-38.6,-73.7,-76.9,-48.7
192.87,-37.8,-39.0,-73.7,-77.1,-48.9
192.88,-37.6,-39.0,-74.1,-77.3,-49.0
192.89,-35.5,-36.2,-73.7,-76.8,-50.1
192.90,-34.4,-34.8,-74.3,-77.0,-50.4
192.91,-33.0,-33.2,-74.3,-76.7,-51.7
192.92,-22.6,-22.6,-73.8,-76.0,-51.8
192.93,-17.7,-17.7,-73.5,-75.4,-52.5
192.94,-14.9,-14.9,-74.0,-75.7,-53.0
192.95,-13.7,-13.7,-73.9,-75.5,-53.2
192.96,-13.1,-13.1,-73.8,-75.5,-53.0
192.97,-13.4,-13.4,-73.6,-75.5,-53.6
192.98,-14.5,-14.5,-73.5,-75.8,-53.9
192.99,-16.2,-16.3,-73.2,-75.8,-53.8
193.00,-17.5,-17.5,-73.1,-75.8,-53.4
193.01,-18.5,-18.5,-73.4,-76.1,-52.3
193.02,-19.2,-19.2,-73.7,-76.5,-52.3
193.03,-19.9,-19.9,-73.7,-76.4,-52.0
193.04,-20.5,-20.5,-73.7,-76.3,-51.6
193.05,-20.8,-20.8,-73.3,-76.0,-51.2
193.06,-20.5,-20.6,-73.2,-75.9,-50.7
193.07,-20.0,-20.0,-73.3,-75.8,-49.8
193.08,-19.1,-19.1,-73.8,-76.3,-48.8
193.09,-18.3,-18.3,-74.2,-76.6,-48.7
193.10,-18.5,-18.5,-74.2,-76.4,-49.4
193.11,-19.4,-19.4,-74.5,-76.8,-50.2
193.12,-20.7,-20.7,-74.8,-76.8,-51.6
193.13,-23.6,-23.6,-74.7,-76.9,-54.1
193.14,-30.8,-30.9,-74.6,-77.0,-53.6
193.15,-35.4,-35.8,-74.0,-76.6,-52.6
193.16,-36.3,-36.8,-73.6,-76.6,-51.5
193.17,-37.3,-37.9,-73.7,-76.7,-51.0
193.18,-27.3,-27.3,-73.5,-76.4,-51.4
193.19,-25.9,-25.9,-73.4,-76.3,-52.1
193.20,-25.4,-25.3,-73.7,-76.3,-53.4
193.21,-24.6,-24.6,-73.4,-75.9,-54.5
193.22,-23.9,-23.8,-72.8,-75.3,-53.4
193.23,-26.4,-26.4,-72.9,-75.2,-50.1
193.24,-25.7,-26.2,-72.7,-75.0,-37.3
193.25,-19.3,-19.9,-72.2,-74.5,-31.6
193.26,-16.1,-16.7,-71.9,-74.3,-29.3
193.27,-14.2,-14.8,-72.1,-74.5,-28.0
193.28,-13.1,-13.6,-71.8,-74.4,-27.1
193.29,-12.5,-13.0,-71.8,-74.3,-27.0
193.30,-12.7,-13.2,-72.3,-74.5,-27.4
193.31,-13.4,-13.7,-72.6,-74.7,-27.8
193.32,-14.2,-14.5,-72.6,-74.6,-28.1
193.33,-15.1,-15.5,-72.9,-74.7,-28.2
193.34,-16.1,-16.5,-73.2,-74.9,-28.4
193.35,-17.5,-17.9,-72.9,-74.9,-28.7
193.36,-18.9,-19.4,-73.1,-75.2,-29.1
193.37,-20.4,-20.9,-73.2,-75.5,-29.5
193.38,-21.5,-21.9,-73.2,-75.3,-29.7
193.39,-20.8,-21.2,-73.4,-74.9,-30.1
193.40,-19.5,-19.7,-73.7,-74.8,-30.3
193.41,-17.9,-18.2,-73.4,-74.6,-30.3
193.42,-16.6,-16.7,-73.5,-74.5,-30.6
193.43,-15.3,-15.5,-73.6,-74.9,-30.7
193.44,-14.3,-14.5,-73.4,-75.2,-30.9
193.45,-13.7,-13.8,-73.4,-75.6,-31.2
193.46,-13.4,-13.5,-73.7,-75.9,-31.5
193.47,-13.4,-13.5,-73.9,-76.2,-31.8
193.48,-13.7,-13.8,-73.9,-76.1,-32.2
193.49,-14.2,-14.3,-73.8,-75.7,-32.5
193.50,-14.7,-14.8,-73.5,-75.4,-32.8
193.51,-15.1,-15.2,-73.3,-75.3,-33.0
193.52,-15.3,-15.4,-73.3,-75.2,-33.3
193.53,-15.4,-15.5,-73.3,-75.4,-33.4
193.54,-15.4,-15.5,-73.4,-75.8,-33.9
193.55,-15.5,-15.6,-73.7,-75.8,-34.1
193.56,-15.5,-15.6,-73.9,-75.5,-34.2
193.57,-15.5,-15.6,-73.7,-75.3,-33.3
193.58,-15.5,-15.6,-73.7,-75.2,-32.1
193.59,-15.5,-15.7,-73.7,-75.1,-31.3
193.60,-15.5,-15.7,-73.9,-75.4,-30.5
193.61,-15.6,-15.8,-73.8,-75.2,-30.5
193.62,-15.6,-15.8,-73.5,-75.1,-30.4
193.63,-15.8,-15.9,-73.7,-75.1,-30.7
193.64,-15.9,-16.0,-73.9,-75.2,-30.9
193.65,-16.0,-16.1,-73.9,-75.4,-31.2
193.66,-16.0,-16.2,-73.9,-75.5,-31.3
193.67,-15.7,-15.9,-74.2,-74.8,-31.6
193.68,-15.2,-15.3,-73.9,-74.7,-31.9
193.69,-14.9,-15.0,-74.0,-74.8,-32.1
193.70,-15.4,-15.6,-73.9,-74.7,-32.5
193.71,-16.4,-16.5,-74.2,-74.7,-32.9
193.72,-15.0,-15.1,-74.2,-74.9,-33.0
193.73,-14.3,-14.3,-74.4,-74.9,-33.3
193.74,-13.4,-13.4,-74.1,-74.6,-33.7
193.75,-12.6,-12.6,-73.6,-74.4,-34.0
193.76,-12.3,-12.3,-73.4,-74.4,-34.1
193.77,-13.2,-13.2,-73.2,-74.7,-34.4
193.78,-13.8,-13.8,-72.9,-74.7,-34.6
193.79,-14.3,-14.3,-73.3,-75.3,-34.9
193.80,-14.5,-14.5,-73.7,-75.8,-35.2
193.81,-14.7,-14.7,-73.7,-75.9,-35.4
193.82,-14.7,-14.8,-74.0,-75.8,-35.6
193.83,-14.7,-14.7,-74.5,-76.1,-35.6
193.84,-14.7,-14.8,-74.4,-76.1,-35.7
193.85,-14.8,-14.9,-74.3,-76.0,-35.8
193.86,-15.0,-15.0,-74.7,-76.2,-35.9
193.87,-15.2,-15.2,-74.5,-75.9,-36.1
193.88,-15.5,-15.5,-74.3,-75.6,-36.3
193.89,-15.8,-15.8,-73.5,-75.0,-36.4
193.90,-16.3,-16.3,-73.5,-74.7,-36.6
193.91,-16.9,-16.9,-73.3,-74.7,-36.8
193.92,-17.2,-17.2,-73.3,-74.7,-36.4
193.93,-17.1,-17.1,-73.4,-74.9,-36.4
193.94,-17.1,-17.1,-73.6,-75.2,-36.6
193.95,-17.2,-17.2,-73.5,-75.4,-36.6
193.96,-17.6,-17.6,-73.5,-75.4,-36.6
193.97,-18.4,-18.5,-73.8,-75.6,-37.2
193.98,-19.3,-19.4,-74.3,-76.0,-37.2
193.99,-19.9,-19.9,-74.6,-76.1,-37.2
194.00,-19.9,-19.9,-74.9,-76.1,-37.2
194.01,-19.4,-19.4,-75.4,-76.1,-37.2
194.02,-18.7,-18.7,-74.6,-75.8,-37.5
194.03,-18.3,-18.3,-73.9,-75.3,-37.6
194.04,-18.0,-18.1,-73.8,-75.3,-37.7
194.05,-18.4,-18.4,-73.9,-75.5,-37.9
194.06,-19.0,-19.2,-74.0,-75.6,-38.0
194.07,-20.0,-20.2,-74.1,-75.8,-38.0
194.08,-21.5,-21.7,-74.7,-76.1,-38.2
194.09,-23.4,-23.6,-74.7,-76.0,-38.2
194.10,-24.4,-24.7,-74.5,-75.6,-38.2
194.11,-25.8,-26.2,-74.9,-75.8,-38.2
194.12,-28.4,-29.0,-75.3,-76.0,-38.1
194.13,-30.6,-31.8,-75.6,-76.2,-38.1
194.14,-32.5,-34.8,-75.6,-76.2,-37.9
194.15,-34.1,-37.8,-75.7,-76.1,-38.0
194.16,-31.6,-33.4,-75.3,-75.7,-38.0
194.17,-27.3,-27.9,-74.5,-75.4,-38.2
194.18,-25.5,-26.1,-74.6,-75.4,-38.3
194.19,-23.1,-23.5,-74.1,-75.3,-38.4
194.20,-22.2,-22.6,-74.0,-75.2,-37.0
194.21,-21.3,-21.8,-73.7,-75.0,-35.3
194.22,-21.1,-21.5,-73.6,-74.9,-34.2
194.23,-20.8,-21.3,-73.2,-74.6,-33.4
194.24,-21.0,-21.5,-72.9,-74.5,-33.0
194.25,-21.2,-21.6,-72.9,-74.7,-33.0
194.26,-21.6,-22.1,-73.0,-74.9,-33.5
194.27,-22.5,-23.0,-73.4,-75.1,-33.7
194.28,-23.8,-24.4,-74.2,-75.4,-33.9
194.29,-25.7,-26.4,-74.7,-75.5,-34.1
194.30,-28.1,-29.4,-75.1,-75.5,-34.3
194.31,-31.0,-33.8,-76.2,-76.0,-34.2
194.32,-33.1,-40.6,-76.8,-76.2,-34.2
194.33,-33.3,-44.2,-76.3,-76.3,-34.3
194.34,-33.0,-44.5,-76.1,-76.1,-34.1
194.35,-33.1,-44.6,-76.3,-76.0,-34.1
194.36,-33.3,-44.6,-76.0,-75.7,-34.1
194.37,-24.2,-24.7,-73.4,-74.9,-34.2
194.38,-23.8,-24.3,-73.0,-74.8,-34.2
194.39,-23.5,-23.9,-72.6,-74.9,-34.2
194.40,-22.4,-22.8,-72.1,-74.7,-34.5
194.41,-20.8,-21.0,-72.8,-75.2,-34.8
194.42,-17.5,-17.6,-72.9,-75.0,-35.1
194.43,-16.3,-16.3,-72.9,-74.9,-35.5
194.44,-15.4,-15.4,-73.0,-74.8,-36.1
194.45,-14.5,-14.5,-73.3,-74.7,-36.8
194.46,-14.5,-14.6,-73.4,-74.5,-37.4
194.47,-15.3,-15.3,-74.1,-74.5,-38.0
194.48,-14.9,-14.9,-74.1,-74.3,-38.5
194.49,-14.8,-14.9,-74.4,-74.5,-38.2
194.50,-14.5,-14.5,-74.4,-74.4,-36.8
194.51,-13.6,-13.7,-74.2,-74.5,-33.8
194.52,-12.6,-12.8,-73.3,-74.4,-30.6
194.53,-12.4,-12.6,-72.5,-74.1,-29.1
194.54,-12.6,-12.8,-72.0,-73.7,-28.4
194.55,-12.9,-13.1,-71.5,-73.3,-28.0
194.56,-13.6,-13.8,-71.8,-73.1,-28.5
194.57,-14.4,-14.5,-71.8,-73.3,-29.1
194.58,-14.6,-14.8,-71.9,-73.3,-29.6
194.59,-15.2,-15.3,-72.4,-73.8,-30.1
194.60,-15.8,-16.0,-72.5,-74.3,-30.4
194.61,-16.4,-16.6,-72.7,-74.3,-30.9
194.62,-16.9,-17.0,-72.5,-74.8,-31.4
194.63,-16.5,-16.7,-72.5,-74.8,-31.6
194.64,-15.8,-15.9,-72.7,-74.5,-31.9
194.65,-14.9,-15.0,-73.1,-74.9,-32.0
194.66,-14.0,-14.1,-73.5,-75.0,-32.3
194.67,-13.1,-13.2,-73.6,-75.5,-32.7
194.68,-12.4,-12.5,-73.5,-75.3,-33.0
194.69,-12.0,-12.1,-72.9,-75.2,-33.4
194.70,-12.0,-12.1,-72.5,-74.9,-33.8
194.71,-12.2,-12.2,-72.3,-74.8,-34.1
194.72,-12.5,-12.5,-72.4,-74.8,-34.5
194.73,-12.7,-12.8,-71.9,-74.5,-35.0
194.74,-13.0,-13.0,-72.1,-74.6,-35.2
194.75,-13.0,-13.1,-71.9,-74.2,-35.5
194.76,-13.1,-13.1,-71.7,-74.1,-35.8
194.77,-13.1,-13.1,-72.2,-74.5,-36.3
194.78,-13.4,-13.4,-72.6,-74.6,-36.8
194.79,-13.7,-13.7,-73.0,-74.5,-37.4
194.80,-13.1,-13.1,-73.2,-74.3,-37.7
194.81,-12.8,-12.9,-72.6,-73.8,-38.0
194.82,-12.8,-12.8,-72.7,-73.6,-38.2
194.83,-12.6,-12.6,-72.7,-73.5,-37.9
194.84,-12.8,-12.9,-73.0,-73.5,-37.4
194.85,-13.7,-13.7,-73.2,-73.9,-36.8
194.86,-14.4,-14.5,-73.4,-74.2,-36.5
194.87,-15.0,-15.0,-73.0,-74.1,-36.4
194.88,-15.5,-15.5,-72.6,-74.0,-36.3
194.89,-15.7,-15.7,-72.4,-74.1,-36.3
194.90,-15.7,-15.8,-72.8,-74.4,-36.3
194.91,-15.6,-15.7,-73.2,-75.0,-36.1
194.92,-15.8,-15.9,-73.8,-75.4,-36.1
194.93,-16.0,-16.0,-73.9,-75.5,-36.1
194.94,-15.8,-15.9,-73.7,-75.4,-36.1
194.95,-15.9,-16.0,-73.4,-75.1,-36.2
194.96,-16.0,-16.1,-73.2,-74.9,-36.6
194.97,-15.9,-16.0,-73.1,-74.8,-36.9
194.98,-15.8,-15.8,-73.4,-75.2,-37.3
194.99,-16.0,-16.1,-73.7,-75.7,-37.7
195.00,-16.2,-16.3,-74.0,-75.8,-37.9
195.01,-16.2,-16.3,-73.8,-75.5,-38.1
195.02,-16.5,-16.6,-73.8,-75.5,-38.3
195.03,-16.8,-16.8,-73.6,-75.1,-38.6
195.04,-17.0,-17.0,-73.9,-75.1,-38.8
195.05,-17.0,-17.0,-74.3,-75.6,-39.1
195.06,-17.2,-17.2,-74.5,-75.7,-39.1
195.07,-17.3,-17.4,-74.6,-75.9,-39.2
195.08,-17.5,-17.5,-74.2,-75.6,-39.5
195.09,-17.6,-17.6,-73.8,-75.2,-39.8
195.10,-18.0,-18.0,-73.4,-74.9,-40.2
195.11,-18.6,-18.6,-73.5,-74.9,-40.5
195.12,-18.8,-18.9,-73.7,-75.0,-40.8
195.13,-18.8,-18.8,-73.7,-75.1,-40.8
195.14,-18.2,-18.2,-73.7,-74.9,-40.2
195.15,-17.0,-17.1,-73.3,-74.5,-39.6
195.16,-16.4,-16.5,-73.0,-74.3,-38.6
195.17,-16.0,-16.1,-73.1,-74.3,-38.0
195.18,-15.7,-15.8,-73.4,-74.7,-37.9
195.19,-15.9,-16.1,-73.5,-75.1,-37.8
195.20,-16.2,-16.3,-73.7,-75.2,-38.3
195.21,-16.1,-16.2,-74.0,-75.4,-38.9
195.22,-16.2,-16.3,-73.7,-75.5,-39.5
195.23,-16.3,-16.4,-73.7,-75.4,-40.2
195.24,-16.5,-16.6,-73.9,-75.6,-40.4
195.25,-17.1,-17.2,-74.0,-75.8,-40.7
195.26,-17.3,-17.4,-73.8,-75.7,-41.0
195.27,-17.5,-17.5,-73.8,-75.7,-41.5
195.28,-17.3,-17.3,-73.7,-75.6,-41.7
195.29,-16.8,-16.9,-73.5,-75.5,-42.1
195.30,-16.3,-16.3,-73.4,-75.4,-42.3
195.31,-16.1,-16.1,-73.8,-75.9,-42.5
195.32,-15.8,-15.8,-73.8,-75.9,-42.9
195.33,-15.4,-15.5,-73.9,-76.0,-43.3
195.34,-15.3,-15.3,-74.1,-75.9,-44.1
195.35,-15.7,-15.7,-74.4,-75.6,-44.6
195.36,-16.2,-16.2,-74.3,-75.3,-44.7
195.37,-16.9,-17.0,-74.5,-75.3,-45.0
195.38,-17.7,-17.7,-74.6,-75.4,-45.4
195.39,-18.3,-18.3,-74.9,-75.6,-45.5
195.40,-18.6,-18.6,-74.8,-75.4,-46.3
195.41,-18.7,-18.7,-74.6,-75.2,-47.2
195.42,-18.5,-18.5,-74.8,-75.1,-47.9
195.43,-17.1,-17.1,-74.7,-75.3,-48.5
195.44,-15.3,-15.3,-74.7,-75.4,-49.2
195.45,-14.0,-14.1,-74.5,-75.5,-48.4
195.46,-13.2,-13.2,-74.2,-75.5,-46.2
195.47,-12.6,-12.7,-73.5,-75.0,-44.9
195.48,-12.5,-12.6,-72.6,-74.6,-43.0
195.49,-13.0,-13.1,-72.0,-74.4,-40.9
195.50,-13.3,-13.4,-71.8,-74.3,-39.0
195.51,-13.8,-13.9,-71.9,-74.5,-38.3
195.52,-14.6,-14.7,-72.0,-74.7,-37.7
195.53,-15.3,-15.5,-72.8,-75.0,-37.6
195.54,-15.8,-15.9,-73.2,-75.2,-37.3
195.55,-16.4,-16.5,-73.8,-75.7,-37.3
195.56,-16.9,-17.0,-74.0,-75.6,-37.4
195.57,-17.1,-17.1,-73.7,-75.6,-37.8
195.58,-16.7,-16.8,-73.5,-75.5,-38.4
195.59,-16.1,-16.2,-73.2,-75.4,-39.7
195.60,-15.4,-15.5,-72.9,-75.3,-40.9
195.61,-15.0,-15.1,-72.9,-75.6,-42.2
195.62,-14.8,-14.9,-73.1,-75.8,-42.7
195.63,-14.8,-14.8,-73.2,-75.7,-42.8
195.64,-14.9,-14.9,-73.4,-75.6,-42.8
195.65,-14.8,-14.9,-73.6,-75.6,-42.7
195.66,-14.9,-14.9,-73.3,-75.3,-42.8
195.67,-15.0,-15.1,-73.3,-75.3,-42.5
195.68,-15.2,-15.2,-73.6,-75.6,-42.2
195.69,-15.4,-15.4,-73.4,-76.0,-42.3
195.70,-15.9,-15.9,-73.4,-75.8,-42.4
195.71,-16.0,-16.1,-73.2,-75.8,-42.9
195.72,-16.0,-16.0,-73.1,-75.7,-43.5
195.73,-15.6,-15.7,-73.1,-75.5,-44.0
195.74,-15.3,-15.4,-73.3,-75.6,-44.3
195.75,-15.1,-15.1,-73.6,-75.7,-44.3
195.76,-15.0,-15.1,-74.3,-75.7,-41.7
195.77,-14.8,-14.9,-73.8,-75.2,-34.6
195.78,-14.6,-14.8,-73.6,-74.8,-30.5
195.79,-14.3,-14.6,-73.3,-74.5,-28.6
195.80,-13.8,-14.1,-73.1,-74.5,-27.4
195.81,-13.2,-13.4,-72.9,-74.5,-26.8
195.82,-13.1,-13.3,-72.7,-74.7,-27.1
195.83,-12.7,-12.8,-72.7,-74.9,-27.6
195.84,-12.6,-12.7,-72.6,-74.3,-27.9
195.85,-12.8,-12.9,-72.8,-74.4,-28.3
195.86,-13.1,-13.2,-73.0,-74.4,-28.6
195.87,-13.4,-13.5,-72.9,-74.6,-29.1
195.88,-14.0,-14.2,-73.0,-74.8,-29.8
195.89,-14.5,-14.6,-72.9,-75.2,-30.5
195.90,-15.2,-15.3,-73.1,-75.1,-31.4
195.91,-15.3,-15.4,-73.1,-75.0,-32.0
195.92,-15.3,-15.4,-73.3,-75.1,-32.7
195.93,-15.4,-15.5,-73.1,-74.9,-33.0
195.94,-15.1,-15.1,-72.8,-74.8,-33.2
195.95,-14.8,-14.9,-72.6,-74.9,-33.5
195.96,-14.9,-14.9,-72.6,-75.0,-34.0
195.97,-14.4,-14.5,-72.5,-75.2,-34.2
195.98,-14.0,-14.0,-72.9,-75.3,-35.1
195.99,-13.6,-13.6,-73.3,-76.0,-35.4
196.00,-13.1,-13.1,-72.7,-75.7,-35.7
196.01,-12.8,-12.9,-72.5,-75.4,-36.1
196.02,-12.8,-12.8,-72.5,-75.4,-36.6
196.03,-12.8,-12.8,-72.5,-75.0,-37.1
196.04,-13.0,-13.1,-72.9,-75.1,-37.6
196.05,-13.4,-13.4,-73.2,-75.5,-37.9
196.06,-13.6,-13.6,-73.2,-75.6,-38.3
196.07,-14.0,-14.0,-73.3,-75.6,-38.3
196.08,-14.3,-14.4,-73.1,-75.6,-38.6
196.09,-14.7,-14.7,-73.0,-75.7,-38.5
196.10,-15.0,-15.0,-73.2,-75.9,-38.6
196.11,-15.0,-15.0,-73.3,-76.0,-38.5
196.12,-15.0,-15.0,-73.1,-75.8,-38.5
196.13,-15.0,-15.0,-73.1,-75.5,-38.5
196.14,-15.1,-15.1,-73.0,-75.2,-38.3
196.15,-15.3,-15.3,-72.9,-75.0,-38.4
196.16,-15.5,-15.5,-73.1,-75.1,-38.3
196.17,-15.8,-15.8,-73.3,-75.3,-38.7
196.18,-16.0,-16.1,-73.7,-75.6,-38.7
196.19,-16.6,-16.6,-73.5,-75.4,-39.0
196.20,-17.6,-17.7,-73.8,-75.5,-39.1
196.21,-19.0,-19.2,-74.2,-75.2,-39.5
196.22,-21.0,-21.3,-74.3,-75.0,-39.9
196.23,-22.4,-22.8,-74.4,-74.8,-40.3
196.24,-16.5,-16.5,-74.2,-75.2,-41.2
196.25,-14.9,-14.8,-73.6,-75.6,-40.8
196.26,-14.0,-14.0,-73.2,-76.1,-41.0
196.27,-13.2,-13.2,-73.1,-76.9,-40.7
196.28,-13.6,-13.6,-72.5,-76.6,-40.7
196.29,-15.0,-15.0,-72.6,-76.4,-41.0
196.30,-16.0,-16.1,-72.7,-75.8,-41.0
196.31,-17.2,-17.2,-72.8,-75.5,-41.4
196.32,-18.9,-18.8,-73.0,-75.5,-41.5
196.33,-20.7,-20.7,-74.1,-75.7,-42.1
196.34,-22.4,-22.4,-74.1,-75.6,-42.2
196.35,-23.1,-23.1,-74.2,-75.2,-42.4
196.36,-24.6,-24.6,-74.2,-75.1,-42.5
196.37,-23.9,-24.0,-73.6,-74.8,-42.6
196.38,-23.3,-23.4,-73.4,-74.4,-42.5
196.39,-23.9,-24.0,-73.6,-74.6,-42.4
196.40,-20.7,-21.2,-73.3,-74.1,-33.5
196.41,-16.8,-17.2,-73.2,-73.8,-30.5
196.42,-15.5,-15.8,-73.0,-73.7,-29.4
196.43,-14.7,-15.0,-73.0,-73.8,-28.8
196.44,-14.1,-14.3,-72.9,-73.9,-28.6
196.45,-14.8,-15.0,-72.8,-74.9,-30.3
196.46,-15.7,-15.8,-72.9,-75.0,-31.6
196.47,-16.4,-16.6,-73.2,-75.2,-32.3
196.48,-16.9,-17.0,-73.3,-75.3,-32.8
196.49,-17.2,-17.3,-73.4,-74.9,-33.4
196.50,-17.0,-17.2,-73.4,-74.6,-34.0
196.51,-17.0,-17.0,-73.3,-74.8,-34.6
196.52,-16.4,-16.5,-73.0,-74.8,-35.5
196.53,-15.9,-15.9,-73.3,-75.1,-36.4
196.54,-15.3,-15.3,-73.6,-75.5,-37.3
196.55,-14.9,-15.0,-73.4,-75.7,-37.9
196.56,-14.7,-14.7,-73.6,-75.6,-38.4
196.57,-14.5,-14.5,-74.0,-75.5,-38.8
196.58,-14.5,-14.5,-73.9,-75.8,-39.2
196.59,-14.6,-14.6,-74.1,-76.0,-39.4
196.60,-14.8,-14.8,-73.9,-75.7,-39.9
196.61,-14.9,-14.9,-73.6,-75.4,-40.5
196.62,-15.0,-15.0,-73.2,-74.9,-41.0
196.63,-15.1,-15.1,-72.9,-74.6,-41.8
196.64,-15.6,-15.6,-72.9,-74.6,-41.8
196.65,-16.4,-16.4,-73.5,-75.3,-41.7
196.66,-17.8,-17.8,-74.2,-75.8,-41.9
196.67,-20.1,-20.3,-75.1,-76.2,-41.8
196.68,-23.0,-23.2,-75.8,-76.0,-41.8
196.69,-26.6,-27.1,-75.9,-75.7,-42.0
196.70,-30.5,-31.4,-76.1,-75.5,-42.2
196.71,-33.8,-35.6,-76.1,-75.6,-42.4
196.72,-31.8,-32.6,-76.0,-76.0,-42.8
196.73,-28.8,-29.1,-75.9,-76.3,-43.2
196.74,-25.8,-25.9,-75.2,-76.1,-43.6
196.75,-24.2,-24.2,-74.8,-75.5,-44.1
196.76,-23.4,-23.4,-74.1,-75.1,-44.2
196.77,-23.4,-23.5,-73.8,-74.9,-44.9
196.78,-23.8,-23.9,-73.9,-75.0,-45.1
196.79,-25.4,-25.5,-74.5,-75.6,-46.0
196.80,-27.0,-27.2,-75.0,-75.9,-46.1
196.81,-28.9,-29.1,-75.6,-76.0,-45.7
196.82,-30.5,-30.8,-76.2,-75.7,-45.7
196.83,-33.6,-34.2,-76.6,-75.4,-45.8
196.84,-36.6,-37.8,-76.8,-75.5,-45.9
196.85,-37.8,-39.6,-77.2,-75.8,-45.8
196.86,-35.6,-36.5,-77.7,-76.4,-45.9
196.87,-27.0,-27.1,-75.7,-76.1,-45.4
196.88,-24.9,-24.9,-74.6,-75.4,-44.9
196.89,-24.0,-24.1,-74.0,-74.5,-44.9
196.90,-23.2,-23.3,-73.7,-74.1,-45.5
196.91,-21.4,-21.4,-73.9,-74.4,-46.1
196.92,-19.4,-19.4,-75.0,-74.8,-47.2
196.93,-18.6,-18.6,-75.9,-75.2,-48.6
196.94,-17.8,-17.8,-75.9,-75.4,-49.1
196.95,-16.5,-16.5,-75.4,-75.0,-49.5
196.96,-16.2,-16.2,-75.0,-74.4,-48.7
196.97,-16.1,-16.1,-75.1,-74.4,-47.9
196.98,-15.2,-15.2,-75.3,-74.7,-47.9
196.99,-14.7,-14.7,-75.4,-74.9,-48.3
197.00,-14.4,-14.4,-75.2,-74.8,-48.8
197.01,-13.7,-13.7,-74.3,-74.5,-48.8
197.02,-13.2,-13.2,-73.4,-73.7,-44.6
197.03,-13.3,-13.3,-72.8,-73.2,-36.4
197.04,-13.4,-13.6,-72.5,-73.0,-31.4
197.05,-14.0,-14.1,-71.9,-73.0,-28.9
197.06,-14.7,-15.1,-72.1,-72.6,-27.4
197.07,-15.5,-15.8,-72.0,-72.7,-26.8
197.08,-15.5,-15.9,-71.9,-72.5,-26.6
197.09,-15.4,-15.8,-72.2,-72.7,-27.1
197.10,-15.0,-15.3,-72.5,-73.1,-27.6
197.11,-14.7,-14.8,-72.5,-73.9,-27.8
197.12,-14.3,-14.4,-72.5,-74.0,-28.6
197.13,-13.8,-13.9,-72.0,-72.9,-29.2
197.14,-13.7,-13.7,-71.1,-72.0,-29.6
197.15,-13.5,-13.5,-71.0,-71.3,-30.3
197.16,-13.2,-13.3,-71.0,-71.3,-31.1
197.17,-13.1,-13.1,-71.0,-71.6,-31.8
197.18,-13.1,-13.3,-71.6,-72.5,-32.6
197.19,-13.1,-13.2,-72.2,-73.4,-33.4
197.20,-13.4,-13.4,-72.3,-74.0,-34.3
197.21,-13.8,-13.9,-72.7,-74.4,-35.0
197.22,-14.1,-14.1,-72.6,-74.3,-36.5
197.23,-14.4,-14.4,-72.9,-74.6,-37.3
197.24,-14.6,-14.6,-73.1,-74.9,-37.6
197.25,-14.5,-14.5,-73.2,-75.0,-38.2
197.26,-14.2,-14.2,-73.6,-75.4,-38.5
197.27,-14.0,-14.0,-73.5,-75.4,-38.9
197.28,-14.0,-14.0,-73.2,-74.9,-39.3
197.29,-14.6,-14.7,-73.2,-74.8,-39.4
197.30,-15.9,-15.9,-73.3,-74.4,-39.3
197.31,-17.9,-17.9,-73.7,-74.6,-39.0
197.32,-21.4,-21.5,-74.2,-74.7,-39.0
197.33,-27.3,-27.6,-75.0,-75.1,-39.2
197.34,-22.2,-22.3,-74.2,-75.1,-39.4
197.35,-18.9,-19.1,-73.7,-75.1,-39.0
197.36,-17.5,-17.5,-73.3,-74.7,-38.0
197.37,-15.8,-15.9,-73.0,-74.9,-36.4
197.38,-15.0,-15.0,-73.4,-75.3,-35.1
197.39,-14.9,-15.0,-73.7,-75.6,-34.0
197.40,-14.8,-14.9,-73.8,-75.7,-33.6
197.41,-14.9,-15.0,-73.6,-75.7,-33.4
197.42,-15.4,-15.5,-73.3,-75.5,-33.4
197.43,-15.8,-15.9,-73.2,-75.4,-33.7
197.44,-16.2,-16.3,-73.0,-75.6,-33.9
197.45,-16.7,-16.7,-73.3,-75.7,-33.9
197.46,-16.6,-16.8,-73.8,-76.1,-33.8
197.47,-16.5,-16.5,-73.8,-76.2,-34.0
197.48,-16.2,-16.3,-73.7,-76.1,-34.1
197.49,-16.2,-16.2,-73.7,-75.8,-34.3
197.50,-15.9,-16.0,-73.8,-76.0,-34.5
197.51,-15.7,-15.7,-73.8,-76.0,-34.8
197.52,-15.5,-15.6,-73.6,-76.0,-35.3
197.53,-15.4,-15.5,-73.6,-75.8,-35.6
197.54,-15.5,-15.5,-73.5,-76.0,-36.0
197.55,-16.2,-16.2,-73.4,-75.6,-36.3
197.56,-17.0,-17.0,-73.5,-75.4,-36.6
197.57,-18.4,-18.5,-73.9,-75.4,-36.6
197.58,-20.8,-20.9,-74.5,-75.6,-37.0
197.59,-24.0,-24.0,-75.2,-75.6,-37.5
197.60,-27.3,-27.8,-75.7,-75.7,-37.7
197.61,-33.6,-35.2,-76.1,-75.7,-38.2
197.62,-35.3,-39.4,-76.2,-75.8,-38.4
197.63,-36.0,-40.0,-76.3,-75.5,-38.8
197.64,-34.3,-36.8,-75.5,-75.5,-39.1
197.65,-30.5,-31.3,-74.8,-75.3,-39.4
197.66,-28.2,-29.0,-74.5,-75.2,-38.0
197.67,-20.6,-20.9,-74.3,-75.3,-34.4
197.68,-16.4,-16.5,-73.9,-75.5,-32.1
197.69,-14.6,-14.7,-73.6,-75.4,-30.8
197.70,-13.5,-13.6,-73.6,-75.5,-29.8
197.71,-13.0,-13.1,-73.4,-75.2,-29.6
197.72,-13.3,-13.3,-73.1,-75.3,-29.9
197.73,-14.0,-14.1,-73.1,-75.6,-30.4
197.74,-14.9,-15.0,-73.4,-75.8,-30.7
197.75,-15.3,-15.4,-73.5,-76.5,-31.0
197.76,-15.8,-15.9,-73.4,-76.5,-31.3
197.77,-15.9,-16.1,-73.4,-76.4,-31.8
197.78,-15.8,-15.9,-73.0,-76.1,-32.2
197.79,-15.5,-15.6,-72.9,-75.8,-32.8
197.80,-15.2,-15.3,-73.0,-75.8,-33.4
197.81,-14.9,-15.0,-73.3,-76.1,-34.0
197.82,-14.8,-14.9,-73.4,-76.1,-34.4
197.83,-14.9,-15.0,-73.3,-75.8,-34.7
197.84,-15.1,-15.2,-73.1,-75.3,-35.1
197.85,-15.3,-15.4,-73.1,-75.3,-35.6
197.86,-15.6,-15.7,-73.1,-75.1,-36.2
197.87,-15.7,-15.7,-73.3,-75.3,-36.6
197.88,-15.9,-16.0,-73.8,-75.9,-37.3
197.89,-16.2,-16.3,-74.0,-76.1,-38.1
197.90,-16.4,-16.4,-73.6,-75.9,-38.8
197.91,-16.9,-16.9,-73.6,-75.5,-39.7
197.92,-17.3,-17.3,-73.2,-75.1,-40.6
197.93,-17.6,-17.7,-73.5,-75.4,-41.3
197.94,-17.7,-17.7,-74.2,-75.7,-41.7
197.95,-17.7,-17.8,-75.2,-76.4,-41.8
197.96,-17.7,-17.8,-76.0,-76.8,-42.0
197.97,-17.7,-17.8,-76.2,-76.9,-42.2
197.98,-17.6,-17.7,-75.0,-76.2,-42.7
197.99,-17.0,-17.1,-73.9,-75.7,-43.5
198.00,-16.4,-16.4,-73.5,-75.5,-44.0
198.01,-15.7,-15.8,-73.2,-75.5,-44.3
198.02,-15.2,-15.2,-73.5,-75.8,-44.7
198.03,-14.8,-14.8,-73.6,-76.1,-45.1
198.04,-14.9,-14.9,-73.5,-75.9,-45.5
198.05,-15.0,-15.0,-73.1,-75.6,-46.6
198.06,-15.1,-15.1,-73.1,-75.5,-47.6
198.07,-15.4,-15.4,-73.0,-75.3,-48.0
198.08,-15.6,-15.6,-73.4,-75.5,-47.8
198.09,-15.7,-15.7,-73.8,-75.6,-47.6
198.10,-15.7,-15.7,-73.7,-75.6,-47.3
198.11,-15.7,-15.7,-73.5,-75.6,-46.9
198.12,-15.8,-15.8,-73.6,-75.6,-46.3
198.13,-15.8,-15.8,-73.7,-75.7,-46.5
198.14,-15.8,-15.8,-73.8,-75.9,-46.6
198.15,-15.8,-15.8,-74.1,-76.1,-46.4
198.16,-15.9,-15.9,-74.4,-76.1,-46.1
198.17,-16.1,-16.1,-74.5,-76.2,-45.9
198.18,-16.7,-16.7,-74.5,-76.0,-46.0
198.19,-17.5,-17.5,-74.6,-75.8,-46.5
198.20,-18.8,-18.9,-75.0,-76.0,-47.4
198.21,-19.9,-19.9,-75.3,-76.4,-48.3
198.22,-19.8,-19.9,-75.5,-76.4,-49.6
198.23,-19.5,-19.5,-75.5,-76.4,-49.8
198.24,-19.2,-19.2,-75.2,-76.2,-49.1
198.25,-18.6,-18.7,-74.8,-75.7,-49.1
198.26,-18.4,-18.5,-74.7,-75.4,-49.6
198.27,-18.4,-18.4,-74.5,-75.1,-49.0
198.28,-16.7,-16.7,-74.4,-75.3,-47.7
198.29,-15.3,-15.3,-74.5,-75.3,-44.4
198.30,-14.6,-14.7,-74.3,-75.2,-38.0
198.31,-14.2,-14.3,-73.7,-74.7,-34.6
198.32,-13.8,-13.9,-73.4,-74.6,-32.5
198.33,-14.5,-14.6,-73.1,-74.4,-31.6
198.34,-15.1,-15.3,-73.0,-74.5,-31.0
198.35,-15.4,-15.5,-72.9,-74.5,-31.2
198.36,-15.7,-15.9,-73.0,-74.7,-31.4
198.37,-16.0,-16.2,-73.4,-74.8,-31.7
198.38,-16.2,-16.4,-73.7,-74.7,-31.7
198.39,-16.0,-16.2,-73.9,-74.5,-31.8
198.40,-15.8,-16.0,-74.2,-74.6,-32.2
198.41,-15.3,-15.5,-74.3,-74.7,-32.4
198.42,-15.3,-15.4,-74.3,-74.7,-32.7
198.43,-15.2,-15.4,-74.3,-74.5,-32.9
198.44,-15.3,-15.4,-74.5,-74.8,-33.3
198.45,-15.4,-15.6,-74.3,-74.9,-33.6
198.46,-15.7,-15.8,-74.2,-74.8,-33.9
198.47,-15.5,-15.6,-74.3,-75.0,-34.1
198.48,-15.3,-15.4,-74.2,-75.0,-34.8
198.49,-15.2,-15.3,-74.2,-74.9,-35.2
198.50,-14.9,-15.0,-74.0,-74.8,-35.5
198.51,-15.1,-15.1,-73.9,-74.6,-36.4
198.52,-15.5,-15.6,-74.1,-74.8,-36.8
198.53,-16.0,-16.0,-74.5,-75.3,-37.3
198.54,-16.5,-16.5,-74.5,-75.3,-37.2
198.55,-17.1,-17.2,-75.0,-75.5,-37.4
198.56,-17.4,-17.5,-75.4,-75.8,-37.6
198.57,-17.5,-17.6,-75.0,-75.5,-37.9
198.58,-17.6,-17.7,-75.3,-75.5,-38.2
198.59,-17.4,-17.5,-75.0,-75.1,-38.6
198.60,-15.4,-15.4,-74.4,-75.2,-38.4
198.61,-14.5,-14.6,-74.1,-75.0,-38.1
198.62,-14.2,-14.3,-73.9,-74.7,-37.6
198.63,-14.0,-14.0,-73.7,-74.3,-36.9
198.64,-14.2,-14.2,-74.1,-74.3,-35.6
198.65,-15.1,-15.2,-74.2,-74.3,-34.9
198.66,-15.1,-15.2,-74.0,-73.9,-34.5
198.67,-14.9,-14.9,-73.7,-74.1,-34.2
198.68,-14.8,-14.8,-73.5,-74.1,-34.1
198.69,-14.7,-14.8,-73.5,-74.5,-34.2
198.70,-14.5,-14.5,-73.7,-74.9,-34.2
198.71,-14.4,-14.4,-73.9,-75.6,-34.2
198.72,-14.3,-14.4,-74.3,-75.7,-34.5
198.73,-14.3,-14.4,-74.1,-75.8,-34.3
198.74,-14.5,-14.5,-73.9,-75.7,-34.6
198.75,-14.6,-14.6,-73.9,-75.3,-34.6
198.76,-14.8,-14.9,-73.7,-75.1,-35.2
198.77,-15.0,-15.1,-73.8,-75.6,-35.2
198.78,-15.3,-15.3,-74.0,-75.9,-35.5
198.79,-15.6,-15.6,-73.7,-75.6,-35.6
198.80,-15.5,-15.6,-73.4,-75.5,-35.9
198.81,-16.2,-16.3,-73.6,-75.3,-36.2
198.82,-17.3,-17.3,-73.7,-74.9,-36.5
198.83,-18.7,-18.7,-74.4,-74.9,-36.9
198.84,-21.4,-21.6,-75.6,-75.3,-37.1
198.85,-27.5,-28.2,-76.7,-75.7,-37.1
198.86,-30.8,-32.4,-77.0,-75.6,-37.1
198.87,-33.5,-36.5,-77.1,-75.5,-37.3
198.88,-34.0,-37.9,-77.0,-75.5,-37.4
198.89,-28.2,-28.7,-75.5,-75.5,-37.9
198.90,-26.5,-26.8,-75.2,-75.6,-37.8
198.91,-20.7,-20.9,-74.5,-75.4,-37.7
198.92,-16.0,-16.1,-73.6,-74.9,-36.3
198.93,-14.5,-14.6,-73.4,-74.5,-32.5
198.94,-14.0,-14.1,-73.4,-74.3,-30.2
198.95,-13.6,-13.9,-73.3,-74.2,-28.9
198.96,-14.2,-14.4,-73.7,-74.6,-28.1
198.97,-15.4,-15.7,-74.1,-74.9,-28.1
198.98,-15.8,-16.1,-74.0,-74.9,-28.7
198.99,-16.0,-16.2,-74.0,-74.9,-29.5
199.00,-16.2,-16.4,-73.9,-74.8,-30.4
199.01,-16.6,-16.8,-74.0,-74.8,-31.1
199.02,-16.8,-17.0,-73.8,-74.9,-31.6
199.03,-16.6,-16.8,-73.6,-74.9,-32.3
199.04,-16.2,-16.4,-73.4,-74.7,-33.0
199.05,-15.9,-16.0,-73.1,-74.8,-33.7
199.06,-15.5,-15.6,-73.1,-74.7,-34.6
199.07,-15.6,-15.6,-73.1,-74.9,-35.5
199.08,-15.4,-15.5,-73.2,-75.0,-36.5
199.09,-15.4,-15.5,-73.3,-75.1,-37.5
199.10,-15.6,-15.6,-73.4,-75.3,-38.6
199.11,-15.8,-15.9,-73.3,-75.1,-39.5
199.12,-16.0,-16.1,-73.2,-74.8,-40.2
199.13,-16.4,-16.4,-73.5,-74.9,-40.6
199.14,-16.7,-16.7,-74.0,-75.1,-41.4
199.15,-17.1,-17.1,-74.2,-75.3,-41.9
199.16,-17.4,-17.4,-74.5,-75.4,-41.9
199.17,-18.5,-18.6,-75.3,-75.7,-41.5
199.18,-20.2,-20.2,-75.8,-75.5,-40.8
199.19,-22.0,-22.1,-76.0,-75.3,-40.8
199.20,-24.5,-24.6,-76.8,-75.4,-40.8
199.21,-30.9,-31.9,-77.3,-75.4,-41.1
199.22,-32.7,-33.7,-77.4,-75.4,-42.4
199.23,-31.6,-32.4,-76.8,-75.2,-43.0
199.24,-31.3,-31.8,-76.2,-74.9,-43.1
199.25,-21.2,-21.3,-75.5,-74.7,-44.0
199.26,-15.4,-15.4,-74.8,-74.6,-44.8
199.27,-13.7,-13.7,-74.7,-74.9,-45.7
199.28,-13.3,-13.3,-74.9,-75.6,-46.5
199.29,-13.0,-13.0,-74.8,-75.7,-47.2
199.30,-13.9,-13.9,-74.7,-75.4,-46.8
199.31,-15.8,-15.8,-74.5,-75.1,-46.6
199.32,-16.2,-16.2,-74.2,-74.7,-46.9
199.33,-15.9,-15.9,-74.1,-74.5,-46.8
199.34,-15.6,-15.6,-74.2,-74.5,-47.0
199.35,-15.5,-15.5,-74.3,-74.8,-47.0
199.36,-15.6,-15.6,-74.1,-74.6,-47.6
199.37,-15.9,-15.9,-74.0,-74.5,-47.7
199.38,-15.8,-15.8,-74.2,-74.8,-47.3
199.39,-15.8,-15.8,-74.5,-75.0,-47.4
199.40,-15.9,-15.9,-74.6,-75.0,-46.6
199.41,-15.9,-15.9,-74.6,-75.2,-45.6
199.42,-15.8,-15.8,-74.5,-74.9,-44.5
199.43,-16.1,-16.1,-74.3,-74.5,-44.6
199.44,-16.1,-16.1,-74.1,-74.3,-44.9
199.45,-16.0,-16.0,-74.3,-74.4,-45.2
199.46,-16.1,-16.2,-74.5,-74.5,-46.8
199.47,-16.3,-16.4,-74.6,-74.6,-48.3
199.48,-16.4,-16.4,-74.4,-74.7,-48.5
199.49,-16.7,-16.7,-74.3,-74.4,-47.6
199.50,-16.8,-16.8,-74.0,-74.0,-48.0
199.51,-17.1,-17.1,-73.8,-73.9,-47.9
199.52,-17.2,-17.2,-74.0,-74.0,-47.1
199.53,-17.3,-17.3,-74.1,-73.9,-48.1
199.54,-17.6,-17.6,-74.3,-73.8,-48.4
199.55,-18.2,-18.3,-74.8,-73.9,-44.7
199.56,-19.1,-19.2,-75.3,-73.9,-43.6
199.57,-17.3,-17.4,-75.4,-74.0,-41.8
199.58,-15.8,-15.8,-75.6,-74.3,-40.2
199.59,-14.7,-14.8,-75.5,-74.6,-39.8
199.60,-13.9,-13.9,-75.1,-74.3,-39.7
199.61,-13.2,-13.3,-74.6,-74.0,-40.1
199.62,-13.9,-13.9,-74.6,-73.6,-41.1
199.63,-14.4,-14.5,-74.7,-73.6,-41.0
199.64,-14.8,-14.9,-74.8,-73.7,-41.5
199.65,-15.2,-15.2,-74.9,-73.8,-41.7
199.66,-15.8,-15.8,-74.8,-73.9,-41.6
199.67,-16.3,-16.3,-74.8,-73.7,-41.4
199.68,-16.7,-16.8,-74.7,-73.6,-41.7
199.69,-16.9,-17.0,-74.6,-73.5,-41.6
199.70,-16.8,-16.8,-74.7,-73.8,-41.2
199.71,-16.5,-16.5,-74.7,-73.7,-40.7
199.72,-15.8,-15.9,-74.5,-73.8,-40.2
199.73,-15.5,-15.6,-74.4,-74.0,-40.0
199.74,-15.3,-15.3,-74.1,-73.5,-39.8
199.75,-15.2,-15.2,-73.9,-73.3,-39.7
199.76,-15.2,-15.2,-73.7,-73.1,-39.9
199.77,-15.2,-15.2,-73.7,-73.1,-39.4
199.78,-15.1,-15.2,-73.7,-73.4,-38.7
199.79,-15.1,-15.1,-73.6,-73.6,-38.6
199.80,-15.0,-15.1,-73.6,-73.9,-38.8
199.81,-15.0,-15.1,-73.6,-73.9,-39.1
199.82,-15.1,-15.1,-73.4,-73.7,-40.2
199.83,-15.0,-15.0,-73.0,-73.1,-41.1
199.84,-15.0,-15.0,-72.8,-72.8,-41.5
199.85,-15.0,-15.0,-73.0,-73.1,-41.9
199.86,-14.9,-14.9,-73.0,-73.4,-42.0
199.87,-14.8,-14.9,-73.4,-73.8,-40.3
199.88,-14.9,-15.0,-73.9,-74.4,-37.0
199.89,-14.8,-14.9,-74.3,-74.6,-35.4
199.90,-14.9,-15.0,-74.0,-74.3,-34.2
199.91,-14.8,-14.9,-74.1,-74.3,-33.5
199.92,-14.7,-14.8,-74.3,-74.3,-33.4
199.93,-14.2,-14.3,-73.9,-73.9,-34.0
199.94,-14.6,-14.6,-74.0,-73.4,-34.4
199.95,-15.4,-15.4,-74.5,-73.4,-34.8
199.96,-16.6,-16.7,-74.6,-72.9,-35.3
199.97,-18.5,-18.6,-75.0,-72.8,-35.7
199.98,-25.3,-25.7,-76.4,-73.3,-36.2
199.99,-28.3,-29.1,-76.3,-73.5,-36.6
200.00,-24.6,-25.0,-75.7,-73.3,-37.3
200.01,-19.7,-19.8,-75.0,-73.2,-37.9
200.02,-17.7,-17.8,-74.5,-72.8,-38.6
200.03,-16.2,-16.2,-74.1,-72.5,-39.3
200.04,-15.0,-15.0,-74.1,-72.5,-39.8
200.05,-14.6,-14.6,-74.2,-72.7,-40.0
200.06,-14.8,-14.7,-74.4,-73.0,-40.0
200.07,-14.8,-14.8,-74.6,-73.5,-40.0
200.08,-15.2,-15.2,-74.4,-73.5,-40.3
200.09,-15.5,-15.5,-74.2,-73.3,-40.4
200.10,-15.7,-15.7,-74.0,-73.2,-40.5
200.11,-15.9,-15.9,-73.9,-73.2,-41.0
200.12,-16.0,-16.0,-73.9,-73.2,-41.1
200.13,-15.9,-15.9,-73.8,-73.0,-41.2
200.14,-15.7,-15.7,-74.0,-72.9,-41.8
200.15,-15.1,-15.1,-73.7,-72.4,-42.0
200.16,-14.5,-14.5,-73.4,-72.0,-42.1
200.17,-14.1,-14.1,-73.3,-71.8,-42.2
200.18,-14.0,-14.0,-73.1,-71.7,-42.2
200.19,-14.2,-14.3,-73.3,-72.1,-37.7
200.20,-14.8,-14.9,-73.4,-72.3,-33.9
200.21,-15.3,-15.4,-73.6,-72.6,-32.0
200.22,-15.8,-16.0,-73.6,-72.6,-31.0
200.23,-15.7,-15.9,-73.4,-72.5,-30.5
200.24,-15.4,-15.5,-73.3,-72.4,-30.9
200.25,-15.1,-15.2,-73.5,-72.3,-31.9
200.26,-14.9,-15.0,-73.5,-72.4,-33.0
200.27,-14.9,-14.9,-73.8,-72.6,-33.8
200.28,-15.1,-15.2,-74.1,-72.8,-34.3
200.29,-15.3,-15.4,-74.0,-72.6,-34.9
200.30,-15.4,-15.4,-73.9,-72.8,-35.4
200.31,-15.4,-15.5,-73.9,-72.5,-36.0
200.32,-15.4,-15.4,-73.4,-72.0,-36.6
200.33,-15.5,-15.6,-73.3,-72.1,-37.2
200.34,-15.4,-15.5,-73.2,-72.0,-37.8
200.35,-15.2,-15.3,-72.7,-71.7,-38.4
200.36,-15.1,-15.2,-72.7,-72.0,-39.0
200.37,-15.1,-15.1,-72.7,-72.0,-39.7
200.38,-15.2,-15.2,-72.9,-72.3,-40.5
200.39,-16.0,-16.1,-73.4,-72.5,-40.9
200.40,-17.4,-17.4,-74.1,-72.8,-41.3
200.41,-19.4,-19.4,-74.6,-72.6,-41.6
200.42,-22.1,-22.1,-74.9,-72.3,-41.7
200.43,-27.3,-27.5,-75.4,-72.2,-42.3
200.44,-30.7,-31.1,-75.2,-71.9,-43.1
200.45,-29.6,-29.9,-75.0,-72.1,-44.2
200.46,-25.7,-25.8,-74.5,-72.2,-45.3
200.47,-23.3,-23.4,-74.2,-72.3,-46.7
200.48,-21.2,-21.2,-73.3,-72.3,-47.7
200.49,-19.9,-19.9,-72.5,-72.0,-47.8
200.50,-19.4,-19.4,-71.9,-71.6,-48.0
200.51,-19.2,-19.2,-71.7,-71.6,-46.8
200.52,-19.5,-19.6,-71.9,-71.8,-45.2
200.53,-20.0,-20.1,-72.4,-72.1,-43.9
200.54,-20.4,-20.5,-72.4,-72.4,-42.5
200.55,-20.9,-21.0,-72.6,-72.0,-41.1
200.56,-21.7,-21.9,-72.7,-72.0,-40.2
200.57,-22.8,-23.0,-72.9,-72.0,-39.4
200.58,-25.2,-25.7,-73.7,-72.1,-38.8
200.59,-27.1,-28.0,-74.5,-72.4,-38.4
200.60,-29.0,-30.5,-74.9,-72.4,-38.2
200.61,-27.7,-28.6,-74.2,-72.3,-38.3
200.62,-24.4,-24.8,-72.2,-71.8,-38.7
200.63,-21.6,-21.8,-70.8,-71.6,-38.9
200.64,-19.7,-19.8,-69.4,-71.5,-38.9
200.65,-18.4,-18.4,-68.4,-71.3,-38.9
200.66,-17.6,-17.7,-68.0,-71.2,-38.9
200.67,-17.0,-17.1,-68.1,-71.3,-38.6
200.68,-16.6,-16.6,-68.4,-71.0,-38.7
200.69,-15.7,-15.8,-69.4,-71.1,-39.0
200.70,-14.7,-14.7,-70.3,-71.1,-39.5
200.71,-13.9,-13.9,-71.0,-71.1,-40.2
200.72,-13.4,-13.4,-71.6,-71.0,-41.1
200.73,-13.3,-13.3,-71.8,-71.0,-41.6
200.74,-13.8,-13.8,-71.4,-70.5,-42.5
200.75,-14.7,-14.7,-71.6,-70.5,-43.1
200.76,-15.6,-15.7,-72.0,-70.5,-43.7
200.77,-16.8,-16.9,-72.4,-70.6,-44.4
200.78,-17.9,-17.9,-73.0,-70.8,-45.6
200.79,-18.9,-18.9,-73.3,-70.9,-46.9
200.80,-19.7,-19.7,-72.3,-71.2,-48.4
200.81,-20.0,-20.0,-71.3,-71.0,-49.4
200.82,-20.2,-20.2,-70.4,-70.9,-50.4
200.83,-19.5,-19.4,-69.7,-71.1,-51.5
200.84,-17.3,-17.2,-69.6,-71.1,-52.3
200.85,-15.6,-15.5,-69.9,-70.9,-53.0
200.86,-14.1,-14.1,-70.5,-70.8,-56.7
200.87,-13.4,-13.4,-71.4,-70.6,-58.1
200.88,-13.0,-13.0,-71.7,-70.6,-58.2
200.89,-13.1,-13.1,-72.0,-70.7,-58.3
200.90,-13.7,-13.7,-71.9,-70.9,-58.0
200.91,-14.4,-14.4,-71.6,-71.0,-58.4
200.92,-14.9,-14.9,-71.6,-71.1,-58.0
200.93,-15.5,-15.4,-71.4,-71.1,-58.0
200.94,-16.2,-16.2,-71.5,-71.0,-58.0
200.95,-16.9,-16.9,-71.8,-71.2,-58.3
200.96,-17.7,-17.7,-71.8,-71.2,-57.8
200.97,-18.1,-18.1,-72.3,-71.4,-58.1
200.98,-17.6,-17.6,-72.4,-71.2,-57.2
200.99,-16.6,-16.6,-72.5,-71.0,-56.8
201.00,-15.2,-15.2,-72.5,-70.9,-56.2
201.01,-14.1,-14.1,-72.3,-70.8,-55.2
201.02,-13.4,-13.4,-72.2,-70.8,-53.2
201.03,-13.2,-13.2,-72.3,-71.0,-51.7
201.04,-13.1,-13.1,-72.1,-70.9,-50.7
201.05,-13.4,-13.4,-71.8,-70.8,-49.4
201.06,-13.5,-13.5,-71.6,-70.8,-47.5
201.07,-13.8,-13.8,-71.6,-70.9,-46.7
201.08,-14.0,-14.0,-71.3,-70.6,-45.6
201.09,-14.0,-14.0,-71.3,-70.7,-44.5
201.10,-14.1,-14.2,-71.3,-70.8,-43.5
201.11,-14.1,-14.2,-71.2,-70.8,-43.0
201.12,-14.1,-14.1,-71.0,-70.9,-42.3
201.13,-13.9,-13.9,-70.6,-71.0,-41.2
201.14,-13.7,-13.8,-70.6,-71.1,-40.4
201.15,-13.7,-13.7,-70.4,-71.1,-39.3
201.16,-13.6,-13.7,-70.4,-71.2,-38.0
201.17,-13.7,-13.8,-70.4,-71.3,-37.1
201.18,-13.9,-13.9,-70.7,-71.3,-36.9
201.19,-14.0,-14.0,-70.7,-71.5,-36.4
201.20,-14.2,-14.2,-70.7,-71.3,-36.3
201.21,-14.2,-14.2,-70.7,-71.3,-36.3
201.22,-14.5,-14.6,-70.6,-71.2,-36.0
201.23,-14.7,-14.8,-70.2,-71.1,-36.0
201.24,-15.1,-15.2,-70.0,-71.2,-35.7
201.25,-15.4,-15.5,-69.8,-71.4,-34.8
201.26,-15.7,-15.8,-69.8,-71.5,-34.1
201.27,-15.9,-16.0,-69.7,-71.5,-33.5
201.28,-15.8,-15.9,-69.6,-71.4,-33.2
201.29,-15.7,-15.9,-69.5,-71.4,-33.2
201.30,-15.3,-15.4,-69.4,-71.5,-33.3
201.31,-15.0,-15.1,-69.0,-71.3,-33.5
201.32,-14.6,-14.8,-68.8,-71.5,-33.6
201.33,-14.5,-14.6,-68.7,-71.8,-33.2
201.34,-14.2,-14.3,-68.4,-71.6,-32.9
201.35,-14.0,-14.1,-68.5,-71.5,-32.8
201.36,-14.1,-14.2,-68.8,-71.7,-32.4
201.37,-14.8,-15.0,-68.9,-71.9,-32.0
201.38,-16.1,-16.4,-69.0,-71.6,-31.7
201.39,-17.8,-18.2,-68.8,-71.8,-31.2
201.40,-21.0,-22.0,-68.5,-71.5,-30.3
201.41,-24.3,-26.8,-68.3,-71.1,-29.7
201.42,-25.4,-29.1,-67.9,-70.8,-29.4
201.43,-26.4,-33.1,-67.4,-70.5,-29.1
201.44,-26.4,-33.4,-67.1,-70.3,-29.3
201.45,-23.9,-27.1,-66.4,-70.2,-29.6
201.46,-22.6,-25.0,-66.0,-70.1,-30.1
201.47,-20.4,-21.8,-66.1,-70.0,-30.3
201.48,-17.4,-18.1,-66.2,-70.2,-30.2
201.49,-15.6,-16.1,-66.1,-70.2,-29.8
201.50,-14.8,-15.1,-66.7,-70.2,-29.3
201.51,-14.0,-14.4,-66.6,-70.6,-28.6
201.52,-13.8,-14.1,-65.8,-70.2,-27.9
201.53,-13.8,-14.2,-65.1,-70.4,-27.4
201.54,-13.9,-14.3,-64.6,-70.3,-26.9
201.55,-14.1,-14.5,-63.9,-70.4,-26.5
201.56,-14.1,-14.6,-63.7,-70.1,-26.2
201.57,-14.4,-14.9,-63.7,-70.4,-26.0
201.58,-14.7,-15.2,-63.9,-70.4,-25.9
201.59,-14.9,-15.5,-64.0,-70.6,-25.7
201.60,-15.2,-15.8,-64.3,-70.5,-25.9
201.61,-15.6,-16.2,-64.4,-70.5,-26.2
201.62,-15.6,-16.2,-64.1,-70.4,-26.2
201.63,-15.6,-16.2,-63.3,-70.0,-26.2
201.64,-15.4,-16.0,-61.3,-69.9,-26.2
201.65,-15.1,-15.6,-59.2,-69.6,-26.4
201.66,-14.9,-15.5,-36.1,-68.3,-26.6
201.67,-14.5,-15.4,-31.0,-65.4,-26.7
201.68,-14.3,-15.2,-29.5,-64.1,-26.8
201.69,-14.2,-15.4,-28.4,-63.4,-27.3
201.70,-14.4,-15.7,-27.8,-63.2,-27.3
201.71,-13.7,-14.9,-27.3,-63.6,-27.2
201.72,-13.1,-14.2,-25.9,-64.4,-27.3
201.73,-12.7,-14.1,-23.9,-64.4,-27.4
201.74,-12.2,-13.8,-22.4,-64.2,-27.6
201.75,-11.2,-12.7,-21.1,-63.6,-28.1
201.76,-10.4,-12.8,-16.7,-62.7,-29.1
201.77,-7.5,-12.8,-9.9,-62.0,-30.4
201.78,-6.7,-12.1,-8.9,-62.2,-32.1
201.79,-6.5,-12.0,-8.6,-62.7,-33.9
201.80,-6.2,-11.8,-8.2,-62.9,-34.2
201.81,-6.7,-11.2,-9.0,-64.6,-34.0
201.82,-8.0,-11.3,-11.4,-64.6,-33.1
201.83,-8.3,-10.8,-12.7,-64.6,-32.7
201.84,-8.1,-10.8,-12.3,-64.6,-32.9
201.85,-8.6,-11.8,-12.1,-65.3,-33.2
201.86,-8.9,-11.8,-12.4,-65.8,-34.7
201.87,-9.0,-12.1,-12.5,-66.7,-36.7
201.88,-9.2,-12.6,-12.5,-66.8,-36.7
201.89,-9.7,-12.8,-13.2,-66.8,-32.6
201.90,-9.3,-12.9,-12.4,-66.5,-31.9
201.91,-8.9,-12.5,-11.8,-67.0,-31.4
201.92,-8.6,-12.3,-11.5,-67.1,-31.3
201.93,-8.5,-11.8,-11.9,-67.6,-31.0
201.94,-9.1,-11.3,-13.5,-67.3,-32.7
201.95,-9.3,-11.0,-14.7,-67.9,-32.3
201.96,-9.5,-11.8,-14.3,-67.7,-31.8
201.97,-9.6,-13.2,-12.7,-67.6,-32.0
201.98,-9.9,-14.9,-12.0,-67.9,-32.8
201.99,-10.3,-17.3,-11.9,-68.2,-34.1
202.00,-11.8,-21.1,-12.8,-67.4,-36.4
202.01,-14.5,-23.0,-15.1,-67.8,-39.0
202.02,-15.3,-25.9,-15.9,-67.4,-38.2
202.03,-14.6,-27.8,-15.2,-67.6,-37.4
202.04,-13.7,-27.8,-14.2,-67.4,-37.0
202.05,-12.1,-24.7,-12.8,-67.3,-36.6
202.06,-11.7,-21.1,-12.7,-67.4,-36.7
202.07,-11.5,-17.4,-13.4,-65.8,-35.0
202.08,-9.9,-15.0,-12.6,-63.5,-30.6
202.09,-8.3,-12.7,-11.6,-60.5,-26.8
202.10,-7.5,-10.8,-11.6,-40.8,-24.3
202.11,-7.3,-10.5,-11.9,-35.1,-21.9
202.12,-7.2,-10.5,-12.1,-29.0,-20.0
202.13,-7.8,-10.6,-15.0,-27.7,-18.5
202.14,-9.2,-12.5,-20.6,-23.3,-18.2
202.15,-9.6,-13.9,-20.7,-22.9,-17.9
202.16,-10.3,-14.7,-21.2,-22.9,-18.5
202.17,-11.0,-15.8,-21.8,-22.1,-19.4
202.18,-11.3,-14.4,-24.2,-23.1,-20.3
202.19,-11.1,-14.4,-23.2,-25.7,-19.6
202.20,-11.4,-15.2,-23.4,-25.8,-19.2
202.21,-11.3,-14.9,-23.3,-29.6,-19.2
202.22,-11.3,-15.5,-22.4,-33.0,-18.8
202.23,-11.4,-17.3,-21.1,-37.0,-17.8
202.24,-11.7,-16.7,-21.7,-37.8,-18.5
202.25,-11.5,-16.1,-22.0,-30.5,-18.4
202.26,-10.8,-15.1,-22.5,-25.0,-17.9
202.27,-10.5,-14.1,-23.5,-23.8,-17.9
202.28,-10.3,-13.5,-26.1,-20.7,-17.6
202.29,-9.6,-12.8,-26.2,-20.2,-17.0
202.30,-9.3,-12.3,-26.2,-19.5,-16.8
202.31,-9.1,-12.3,-25.9,-18.7,-16.7
202.32,-9.4,-12.3,-25.9,-18.8,-17.1
202.33,-9.5,-12.3,-25.7,-18.7,-17.5
202.34,-9.7,-12.9,-25.3,-18.5,-17.5
202.35,-10.1,-14.1,-25.0,-18.6,-17.3
202.36,-10.3,-14.5,-24.9,-18.6,-17.1
202.37,-9.3,-13.6,-24.5,-18.8,-16.5
202.38,-9.8,-14.8,-24.4,-18.8,-16.0
202.39,-9.5,-14.7,-18.1,-19.1,-16.0
202.40,-8.4,-14.5,-13.7,-19.2,-15.8
202.41,-8.1,-15.3,-11.9,-19.0,-16.0
202.42,-8.1,-14.5,-11.7,-20.6,-16.4
202.43,-8.0,-13.4,-11.6,-20.2,-17.3
202.44,-8.8,-12.6,-13.9,-20.2,-17.6
202.45,-8.6,-12.0,-16.5,-20.6,-17.6
202.46,-9.1,-12.2,-19.3,-19.7,-17.7
202.47,-9.1,-12.6,-19.8,-19.9,-17.6
202.48,-8.8,-12.4,-20.3,-19.6,-17.2
202.49,-9.3,-12.8,-21.1,-19.3,-17.0
202.50,-9.5,-12.9,-22.7,-19.5,-16.9
202.51,-9.9,-13.2,-25.2,-19.1,-17.0
202.52,-10.5,-13.4,-26.8,-19.5,-17.0
202.53,-10.1,-13.2,-27.9,-19.3,-17.2
202.54,-10.0,-13.0,-28.5,-19.5,-17.4
202.55,-10.3,-12.6,-29.0,-19.7,-17.8
202.56,-10.2,-12.4,-29.7,-19.5,-18.7
202.57,-10.5,-12.5,-30.3,-20.2,-19.2
202.58,-10.8,-12.9,-31.3,-20.5,-19.0
202.59,-10.7,-13.3,-31.9,-20.0,-19.0
202.60,-10.8,-13.5,-31.8,-20.1,-18.8
202.61,-10.8,-13.7,-31.6,-20.3,-18.4
202.62,-10.3,-13.5,-31.4,-18.9,-18.2
202.63,-10.6,-13.5,-31.1,-19.4,-17.9
202.64,-11.0,-13.7,-31.0,-19.6,-17.7
202.65,-11.0,-14.1,-31.4,-19.5,-17.9
202.66,-11.0,-15.0,-31.6,-19.4,-17.5
202.67,-11.2,-15.1,-32.1,-19.6,-17.0
202.68,-10.7,-14.9,-33.1,-19.6,-16.7
202.69,-10.2,-15.3,-34.2,-19.3,-15.9
202.70,-10.2,-15.5,-34.7,-19.2,-15.5
202.71,-9.6,-15.1,-18.7,-20.2,-15.7
202.72,-8.7,-15.1,-13.5,-20.4,-16.8
202.73,-8.5,-14.5,-12.3,-20.4,-18.7
202.74,-8.5,-13.6,-12.1,-21.3,-20.7
202.75,-8.3,-12.7,-12.1,-21.4,-20.9
202.76,-9.2,-12.6,-13.8,-21.4,-21.7
202.77,-10.0,-11.8,-19.2,-21.2,-22.0
202.78,-9.7,-11.7,-21.0,-21.0,-21.7
202.79,-9.9,-12.0,-22.0,-20.7,-21.4
202.80,-10.3,-12.7,-21.8,-20.8,-21.7
202.81,-10.9,-13.2,-24.3,-20.8,-21.7
202.82,-11.4,-14.4,-24.7,-20.6,-21.5
202.83,-11.8,-14.5,-26.2,-20.6,-20.9
202.84,-11.5,-14.0,-26.1,-20.4,-20.9
202.85,-10.7,-13.0,-25.8,-20.4,-20.7
202.86,-10.5,-12.5,-26.1,-21.1,-20.9
202.87,-10.6,-12.6,-26.6,-21.1,-20.6
202.88,-10.3,-12.4,-27.6,-21.5,-20.1
202.89,-10.8,-12.8,-28.5,-22.0,-19.7
202.90,-11.3,-13.3,-30.6,-22.6,-19.6
202.91,-11.5,-13.7,-31.5,-21.0,-19.5
202.92,-11.0,-13.2,-32.1,-20.2,-19.7
202.93,-11.2,-13.4,-32.5,-20.5,-20.6
202.94,-10.8,-13.9,-32.9,-18.7,-19.8
202.95,-10.9,-14.9,-32.4,-18.8,-18.4
202.96,-11.1,-16.2,-31.2,-18.9,-17.8
202.97,-11.3,-18.3,-31.5,-18.5,-17.2
202.98,-11.8,-21.1,-31.5,-18.8,-16.8
202.99,-12.3,-23.5,-31.9,-18.7,-17.3
203.00,-12.8,-25.7,-34.8,-18.6,-17.9
203.01,-13.3,-24.2,-35.2,-19.0,-18.5
203.02,-11.1,-18.2,-20.6,-19.0,-18.9
203.03,-9.5,-15.9,-14.6,-19.3,-20.0
203.04,-8.3,-14.2,-11.7,-19.6,-21.6
203.05,-7.8,-12.7,-11.3,-20.6,-22.8
203.06,-7.6,-11.9,-11.1,-22.2,-23.9
203.07,-8.6,-12.2,-12.3,-22.3,-22.9
203.08,-9.4,-11.9,-15.3,-25.2,-22.2
203.09,-9.8,-12.1,-18.1,-25.1,-22.1
203.10,-10.2,-12.7,-18.5,-25.7,-21.9
203.11,-10.3,-12.8,-19.5,-25.2,-22.0
203.12,-10.3,-12.8,-20.0,-24.1,-22.2
203.13,-10.5,-12.7,-21.5,-23.9,-22.6
203.14,-10.5,-12.2,-22.9,-22.5,-22.7
203.15,-9.9,-11.5,-24.4,-21.9,-22.3
203.16,-9.7,-11.2,-24.6,-22.2,-22.2
203.17,-9.8,-11.3,-24.7,-21.6,-22.7
203.18,-10.3,-11.9,-24.8,-21.7,-22.2
203.19,-10.6,-12.5,-25.2,-22.3,-21.7
203.20,-11.1,-13.3,-26.4,-21.7,-21.1
203.21,-11.0,-13.6,-27.5,-21.7,-20.5
203.22,-10.6,-13.5,-30.6,-20.8,-19.9
203.23,-10.4,-13.9,-32.5,-19.5,-19.5
203.24,-11.0,-14.6,-32.8,-20.1,-19.6
203.25,-11.4,-16.3,-33.0,-19.2,-19.3
203.26,-12.3,-18.6,-34.0,-19.5,-18.9
203.27,-13.3,-22.1,-34.4,-19.5,-19.1
203.28,-13.5,-24.7,-35.0,-19.0,-18.9
203.29,-13.3,-26.6,-35.9,-19.0,-18.6
203.30,-13.7,-28.3,-36.3,-19.0,-18.8
203.31,-14.3,-27.5,-36.5,-19.5,-19.4
203.32,-14.0,-23.7,-36.9,-19.5,-20.0
203.33,-13.6,-20.4,-37.0,-19.6,-20.3
203.34,-12.6,-17.8,-22.1,-20.2,-21.2
203.35,-9.6,-16.1,-12.8,-21.5,-22.3
203.36,-8.8,-14.1,-11.7,-22.2,-23.0
203.37,-8.2,-12.7,-11.6,-24.3,-23.0
203.38,-7.6,-11.1,-11.6,-24.3,-22.9
203.39,-7.7,-10.3,-13.3,-23.2,-22.1
203.40,-8.6,-10.5,-17.9,-22.5,-21.5
203.41,-9.0,-11.0,-20.9,-22.7,-21.5
203.42,-9.7,-11.8,-21.6,-22.6,-21.3
203.43,-10.3,-13.3,-21.4,-20.9,-21.2
203.44,-11.5,-14.2,-23.4,-22.3,-21.3
203.45,-11.3,-14.2,-23.6,-21.4,-20.9
203.46,-10.9,-13.9,-25.2,-20.0,-20.5
203.47,-10.7,-13.9,-24.9,-21.1,-19.8
203.48,-10.5,-14.1,-25.3,-21.0,-19.3
203.49,-10.4,-14.1,-25.5,-20.2,-19.2
203.50,-10.2,-13.5,-26.3,-20.9,-19.1
203.51,-10.2,-12.8,-27.8,-21.8,-19.6
203.52,-9.7,-12.1,-30.2,-20.3,-19.8
203.53,-9.5,-11.4,-32.7,-20.7,-19.7
203.54,-9.2,-10.9,-33.9,-21.3,-19.8
203.55,-9.2,-10.9,-34.4,-19.9,-19.9
203.56,-9.5,-11.1,-34.9,-20.3,-20.1
203.57,-10.5,-11.9,-35.7,-21.5,-21.0
203.58,-10.7,-12.4,-36.6,-20.6,-21.5
203.59,-11.3,-12.9,-37.1,-20.8,-22.1
203.60,-11.4,-13.1,-38.1,-21.8,-22.4
203.61,-11.1,-12.9,-39.0,-20.5,-22.6
203.62,-10.8,-12.4,-39.5,-20.2,-22.6
203.63,-10.5,-12.1,-40.3,-20.7,-22.2
203.64,-10.4,-12.0,-39.3,-20.2,-21.6
203.65,-10.3,-12.2,-29.6,-20.5,-20.6
203.66,-8.7,-12.3,-14.1,-21.2,-20.4
203.67,-8.0,-12.6,-11.9,-21.4,-20.7
203.68,-7.8,-12.7,-11.3,-22.4,-21.0
203.69,-7.4,-12.3,-11.0,-22.1,-21.5
203.70,-7.8,-11.9,-12.0,-20.9,-23.5
203.71,-8.4,-11.6,-14.3,-20.8,-23.7
203.72,-9.0,-11.1,-18.1,-20.6,-23.7
203.73,-9.0,-11.2,-18.2,-20.5,-23.5
203.74,-9.1,-11.2,-19.2,-20.3,-22.5
203.75,-9.5,-11.3,-20.0,-21.9,-22.2
203.76,-9.5,-10.9,-21.8,-21.8,-22.3
203.77,-9.5,-11.1,-23.7,-21.1,-22.5
203.78,-9.6,-10.8,-25.7,-22.1,-22.9
203.79,-9.9,-11.3,-26.2,-21.7,-22.7
203.80,-10.3,-12.1,-27.1,-20.5,-22.3
203.81,-10.8,-12.9,-27.7,-21.6,-21.8
203.82,-10.8,-12.8,-28.2,-20.3,-22.1
203.83,-10.2,-11.8,-29.3,-20.2,-22.8
203.84,-10.0,-11.3,-30.4,-20.8,-22.4
203.85,-9.4,-10.8,-31.9,-21.1,-21.5
203.86,-9.4,-11.2,-33.5,-19.8,-20.1
203.87,-9.4,-11.7,-34.6,-19.8,-19.0
203.88,-9.8,-12.2,-35.0,-20.2,-18.7
203.89,-9.4,-11.9,-35.6,-18.8,-18.7
203.90,-9.5,-11.6,-37.1,-19.2,-19.4
203.91,-9.4,-11.3,-37.7,-20.2,-19.3
203.92,-9.1,-11.1,-39.7,-19.1,-19.2
203.93,-9.6,-11.9,-41.6,-19.0,-19.6
203.94,-9.9,-11.9,-42.4,-20.1,-19.9
203.95,-9.6,-11.8,-43.0,-18.7,-20.2
203.96,-9.8,-12.0,-42.5,-18.4,-20.8
203.97,-10.0,-11.7,-26.2,-19.8,-22.4
203.98,-8.3,-11.6,-15.2,-19.3,-23.1
203.99,-7.7,-11.9,-13.1,-18.9,-23.6
204.00,-7.9,-12.2,-12.9,-20.2,-23.7
204.01,-7.8,-12.4,-12.8,-19.4,-23.5
204.02,-8.2,-12.8,-13.8,-19.0,-23.1
204.03,-9.1,-12.2,-17.1,-19.3,-23.0
204.04,-9.3,-11.7,-21.0,-19.3,-22.9
204.05,-9.5,-11.7,-21.5,-19.4,-22.6
204.06,-9.7,-12.0,-21.5,-19.7,-22.4
204.07,-9.6,-11.7,-22.4,-19.7,-22.5
204.08,-10.0,-11.7,-23.8,-19.7,-22.5
204.09,-10.0,-11.9,-25.5,-19.3,-21.9
204.10,-9.9,-11.8,-26.0,-19.2,-21.8
204.11,-9.8,-11.5,-26.9,-19.5,-21.9
204.12,-10.1,-12.1,-27.0,-19.0,-21.8
204.13,-10.0,-12.3,-27.3,-19.5,-21.4
204.14,-9.4,-11.2,-28.3,-19.3,-21.0
204.15,-9.5,-11.2,-29.4,-18.8,-21.3
204.16,-9.4,-11.0,-29.9,-19.1,-21.4
204.17,-9.2,-10.9,-30.0,-19.1,-21.3
204.18,-9.5,-11.5,-30.5,-17.7,-21.7
204.19,-10.3,-13.0,-30.0,-18.1,-22.7
204.20,-10.7,-13.6,-29.5,-18.3,-21.9
204.21,-10.5,-14.3,-29.8,-16.6,-21.6
204.22,-11.0,-14.4,-31.1,-18.0,-21.5
204.23,-10.9,-13.7,-32.1,-18.4,-21.1
204.24,-10.1,-13.6,-33.2,-16.8,-20.7
204.25,-11.1,-14.1,-33.4,-17.9,-21.1
204.26,-11.4,-15.2,-33.5,-18.3,-20.7
204.27,-11.6,-16.5,-33.7,-16.7,-20.9
204.28,-13.0,-19.0,-32.9,-17.8,-21.6
204.29,-10.2,-21.0,-13.6,-18.3,-22.2
204.30,-8.5,-22.6,-11.5,-17.4,-22.2
204.31,-8.4,-24.8,-10.8,-18.0,-22.7
204.32,-8.5,-27.7,-10.5,-18.7,-23.2
204.33,-8.7,-31.0,-10.8,-18.4,-23.6
204.34,-9.9,-31.8,-12.5,-18.3,-23.5
204.35,-13.1,-32.8,-16.5,-19.0,-23.9
204.36,-12.9,-33.1,-17.5,-18.9,-23.6
204.37,-13.3,-33.5,-18.3,-19.0,-23.6
204.38,-13.7,-34.1,-19.3,-19.3,-23.3
204.39,-15.0,-34.9,-21.0,-19.7,-22.9
204.40,-15.6,-35.4,-22.2,-20.1,-22.3
204.41,-15.0,-34.7,-22.9,-20.2,-21.7
204.42,-14.3,-29.4,-23.4,-20.0,-21.2
204.43,-13.7,-23.7,-24.0,-19.4,-21.2
204.44,-13.3,-20.7,-24.6,-19.7,-21.2
204.45,-13.1,-19.0,-25.1,-19.0,-21.4
204.46,-12.4,-17.4,-26.0,-18.5,-20.9
204.47,-11.1,-14.3,-26.8,-19.0,-20.6
204.48,-9.9,-11.8,-27.7,-19.6,-20.2
204.49,-9.3,-11.5,-29.1,-18.1,-19.4
204.50,-8.8,-10.7,-30.4,-18.8,-19.8
204.51,-7.8,-9.1,-31.2,-19.3,-20.0
204.52,-8.1,-9.6,-31.7,-18.2,-19.9
204.53,-8.5,-10.3,-32.4,-18.0,-19.7
204.54,-9.1,-10.5,-33.3,-19.5,-20.0
204.55,-9.5,-11.8,-33.6,-18.2,-19.2
204.56,-10.0,-12.5,-34.2,-17.7,-19.2
204.57,-10.2,-12.3,-34.6,-18.9,-19.5
204.58,-9.8,-12.0,-34.8,-17.9,-19.5
204.59,-9.6,-11.7,-34.7,-17.5,-19.6
204.60,-9.2,-11.4,-26.9,-19.0,-19.4
204.61,-8.2,-12.3,-15.3,-18.4,-19.2
204.62,-7.6,-12.9,-12.4,-18.2,-19.2
204.63,-7.5,-12.8,-12.2,-19.8,-19.2
204.64,-7.3,-12.6,-12.0,-18.8,-19.1
204.65,-7.5,-12.5,-12.4,-19.0,-19.5
204.66,-9.0,-12.0,-16.5,-20.2,-19.3
204.67,-9.5,-11.8,-20.2,-19.8,-19.2
204.68,-9.7,-12.1,-20.6,-20.4,-19.1
204.69,-10.1,-12.6,-20.6,-21.3,-19.3
204.70,-10.7,-13.7,-20.4,-20.6,-19.2
204.71,-10.8,-13.5,-22.4,-20.9,-19.3
204.72,-10.6,-13.1,-23.9,-19.9,-19.9
204.73,-10.4,-12.5,-23.5,-20.0,-20.3
204.74,-10.3,-12.3,-23.7,-20.4,-20.7
204.75,-9.9,-12.2,-23.2,-19.2,-20.9
204.76,-10.3,-12.7,-22.5,-19.3,-21.3
204.77,-10.0,-12.4,-22.1,-19.4,-21.1
204.78,-10.0,-12.7,-22.4,-18.7,-20.9
204.79,-9.8,-12.1,-22.6,-19.7,-20.7
204.80,-9.5,-11.6,-23.5,-19.4,-20.0
204.81,-9.3,-11.5,-24.4,-18.8,-19.9
204.82,-10.0,-12.3,-25.7,-19.7,-20.0
204.83,-9.9,-12.3,-27.1,-19.1,-19.8
204.84,-10.4,-13.0,-28.0,-19.0,-20.2
204.85,-10.7,-12.6,-28.9,-19.5,-20.8
204.86,-10.0,-12.2,-30.5,-18.7,-20.8
204.87,-10.1,-12.2,-33.2,-19.1,-20.8
204.88,-10.1,-12.1,-33.5,-19.1,-20.9
204.89,-10.0,-12.0,-33.1,-18.3,-21.2
204.90,-10.7,-12.7,-33.2,-18.8,-21.4
204.91,-10.8,-12.8,-32.7,-18.6,-21.6
204.92,-8.9,-12.7,-14.5,-18.3,-22.1
204.93,-8.2,-12.6,-12.0,-19.3,-22.8
204.94,-7.8,-12.7,-11.1,-19.0,-23.0
204.95,-7.6,-12.2,-10.8,-19.1,-23.5
204.96,-7.5,-11.9,-10.7,-20.2,-24.1
204.97,-8.1,-11.3,-13.3,-19.1,-24.1
204.98,-9.2,-11.3,-16.5,-19.5,-24.3
204.99,-9.3,-11.2,-18.0,-20.1,-24.2
205.00,-9.1,-11.3,-18.8,-18.7,-23.4
205.01,-9.6,-11.9,-19.1,-19.3,-23.0
205.02,-10.3,-12.6,-20.9,-19.0,-22.5
205.03,-10.0,-12.5,-21.6,-18.2,-22.0
205.04,-10.4,-12.9,-23.8,-19.0,-21.8
205.05,-10.1,-12.8,-23.2,-18.3,-21.7
205.06,-9.9,-12.7,-22.8,-18.0,-21.9
205.07,-10.1,-12.6,-22.6,-18.9,-21.9
205.08,-10.1,-12.8,-22.4,-17.7,-21.9
205.09,-10.0,-12.4,-22.7,-17.7,-21.8
205.10,-10.0,-12.3,-24.0,-18.6,-20.5
205.11,-10.0,-12.1,-25.4,-18.8,-20.1
205.12,-9.8,-11.8,-26.8,-20.3,-19.6
205.13,-9.4,-11.6,-28.6,-18.8,-19.2
205.14,-9.6,-11.8,-30.3,-18.6,-19.4
205.15,-9.8,-11.8,-32.3,-18.4,-19.7
205.16,-9.6,-11.9,-33.2,-17.0,-20.3
205.17,-10.0,-12.5,-32.5,-17.9,-20.0
205.18,-10.7,-13.3,-32.5,-18.3,-20.3
205.19,-10.4,-13.4,-32.5,-17.4,-20.3
205.20,-11.0,-14.1,-32.3,-18.6,-20.3
205.21,-11.1,-14.8,-32.1,-17.8,-20.3
205.22,-10.6,-14.1,-32.9,-17.6,-20.5
205.23,-10.1,-12.7,-30.8,-19.0,-20.9
205.24,-8.9,-12.7,-16.0,-19.1,-21.4
205.25,-7.6,-12.0,-12.1,-19.7,-21.9
205.26,-7.7,-11.4,-11.8,-21.2,-23.0
205.27,-7.5,-11.1,-11.6,-19.9,-23.9
205.28,-7.6,-10.9,-11.9,-19.6,-24.3
205.29,-8.5,-10.7,-15.5,-19.3,-24.8
205.30,-9.0,-10.6,-20.6,-19.0,-25.1
205.31,-9.0,-10.7,-20.9,-18.9,-25.5
205.32,-9.0,-10.6,-20.7,-18.6,-25.9
205.33,-9.3,-11.2,-20.2,-19.2,-26.4
205.34,-9.3,-10.8,-22.0,-19.4,-26.7
205.35,-9.3,-11.2,-22.3,-18.6,-26.5
205.36,-9.4,-11.4,-22.3,-18.2,-26.6
205.37,-9.4,-11.5,-22.2,-18.7,-26.0
205.38,-9.3,-11.1,-22.3,-18.7,-25.8
205.39,-9.5,-11.4,-22.2,-18.1,-25.4
205.40,-9.6,-11.5,-22.3,-18.4,-24.1
205.41,-9.9,-11.5,-23.5,-19.0,-22.8
205.42,-10.3,-12.1,-24.3,-19.7,-22.3
205.43,-10.7,-12.9,-26.0,-20.0,-21.3
205.44,-10.9,-13.4,-27.7,-19.3,-20.6
205.45,-11.1,-13.8,-29.9,-19.1,-20.6
205.46,-11.5,-14.3,-33.1,-18.9,-20.6
205.47,-11.3,-14.3,-34.1,-17.6,-21.1
205.48,-11.4,-14.4,-34.2,-17.9,-21.0
205.49,-11.9,-15.2,-34.1,-18.6,-21.1
205.50,-12.1,-16.4,-33.7,-17.4,-21.2
205.51,-12.7,-17.6,-33.7,-17.8,-21.2
205.52,-13.9,-20.5,-33.8,-18.4,-21.3
205.53,-14.4,-23.5,-33.9,-17.8,-21.4
205.54,-14.9,-24.2,-33.4,-19.0,-21.3
205.55,-12.1,-22.7,-16.6,-18.7,-21.7
205.56,-9.8,-17.6,-12.0,-18.3,-21.9
205.57,-9.1,-15.7,-11.0,-19.6,-22.8
205.58,-8.3,-13.9,-10.7,-18.6,-24.1
205.59,-7.9,-12.6,-10.6,-18.8,-24.8
205.60,-8.8,-12.2,-12.9,-20.2,-25.2
205.61,-9.6,-12.1,-15.9,-19.6,-25.1
205.62,-10.1,-12.3,-17.8,-19.8,-24.8
205.63,-10.3,-12.1,-18.4,-19.9,-24.7
205.64,-10.2,-11.8,-18.8,-19.7,-24.9
205.65,-9.9,-11.7,-20.1,-19.6,-24.1
205.66,-9.8,-11.7,-21.0,-19.2,-24.0
205.67,-9.6,-11.6,-22.6,-19.2,-24.1
205.68,-9.2,-11.6,-21.8,-18.4,-23.9
205.69,-9.4,-11.5,-22.6,-18.7,-24.6
205.70,-9.2,-11.4,-22.2,-18.3,-24.9
205.71,-9.1,-11.4,-21.8,-18.1,-25.3
205.72,-9.6,-11.4,-22.3,-18.7,-26.0
205.73,-9.9,-12.0,-22.8,-18.4,-26.0
205.74,-9.7,-12.4,-22.6,-18.0,-25.3
205.75,-10.2,-13.2,-23.4,-18.3,-24.9
205.76,-11.0,-14.3,-24.3,-18.9,-24.1
205.77,-11.5,-15.7,-24.6,-19.0,-24.1
205.78,-12.5,-17.5,-25.2,-19.5,-23.8
205.79,-13.2,-19.7,-26.7,-19.1,-23.1
205.80,-13.8,-21.5,-26.7,-19.2,-22.9
205.81,-13.8,-24.3,-27.7,-18.2,-23.0
205.82,-14.6,-26.2,-29.1,-18.4,-21.9
205.83,-14.6,-27.4,-29.6,-18.0,-22.1
205.84,-15.8,-27.3,-31.0,-18.5,-22.5
205.85,-14.5,-20.3,-31.6,-18.4,-22.4
205.86,-13.2,-17.2,-33.2,-18.5,-22.9
205.87,-10.7,-15.0,-16.8,-18.4,-23.1
205.88,-8.8,-13.7,-12.6,-19.1,-23.0
205.89,-7.6,-10.9,-11.8,-19.4,-22.7
205.90,-7.2,-10.0,-11.7,-21.0,-22.7
205.91,-7.0,-9.6,-11.7,-21.5,-22.8
205.92,-8.0,-9.7,-14.3,-22.1,-22.5
205.93,-8.7,-10.1,-21.0,-21.8,-22.1
205.94,-9.8,-11.6,-21.2,-21.8,-22.0
205.95,-10.6,-12.7,-21.5,-21.0,-21.9
205.96,-11.3,-13.9,-21.4,-21.0,-21.7
205.97,-11.7,-14.2,-23.5,-20.5,-21.8
205.98,-12.2,-14.7,-23.5,-21.1,-22.4
205.99,-12.5,-15.3,-24.9,-20.4,-22.2
206.00,-12.4,-15.7,-23.5,-21.0,-22.2
206.01,-12.3,-15.3,-23.0,-20.4,-22.1
206.02,-11.8,-14.9,-22.2,-21.0,-21.8
206.03,-11.1,-13.9,-22.1,-20.4,-21.9
206.04,-11.2,-13.6,-23.0,-21.4,-21.6
206.05,-10.9,-13.1,-24.0,-21.2,-21.7
206.06,-10.5,-12.7,-26.3,-20.2,-21.5
206.07,-10.3,-12.3,-28.8,-19.5,-21.3
206.08,-10.2,-12.2,-30.9,-18.7,-21.3
206.09,-10.0,-11.8,-33.6,-18.5,-21.5
206.10,-9.8,-11.7,-35.3,-17.8,-21.3
206.11,-10.2,-11.9,-37.5,-18.9,-21.6
206.12,-10.2,-12.4,-38.0,-18.0,-21.2
206.13,-10.6,-12.8,-37.6,-18.8,-20.9
206.14,-10.5,-13.0,-37.6,-17.8,-20.8
206.15,-10.9,-13.3,-37.6,-18.8,-21.2
206.16,-10.2,-12.7,-37.5,-17.8,-20.6
206.17,-10.3,-12.3,-37.0,-18.9,-21.0
206.18,-9.3,-11.8,-19.4,-18.0,-20.8
206.19,-8.3,-12.0,-13.7,-19.2,-21.4
206.20,-7.4,-12.1,-11.2,-18.4,-22.1
206.21,-7.5,-12.0,-11.0,-19.6,-23.8
206.22,-7.3,-12.0,-10.8,-18.9,-25.5
206.23,-8.3,-11.9,-12.6,-19.9,-26.3
206.24,-9.3,-11.8,-15.2,-19.3,-25.2
206.25,-9.7,-11.7,-18.2,-19.9,-24.5
206.26,-9.5,-11.7,-19.3,-19.2,-24.0
206.27,-9.4,-11.5,-19.9,-19.1,-23.6
206.28,-9.4,-11.4,-21.0,-18.7,-23.8
206.29,-9.3,-11.4,-22.3,-18.4,-24.1
206.30,-9.3,-11.3,-23.9,-18.3,-23.8
206.31,-9.6,-11.4,-23.5,-18.3,-23.5
206.32,-9.7,-11.4,-23.3,-18.5,-23.5
206.33,-10.1,-11.9,-22.6,-18.6,-23.3
206.34,-10.4,-12.6,-22.2,-18.6,-22.9
206.35,-11.3,-13.7,-22.5,-18.7,-22.6
206.36,-12.1,-15.1,-23.6,-19.0,-22.3
206.37,-12.6,-16.0,-24.5,-19.2,-22.1
206.38,-11.5,-14.6,-26.3,-18.6,-21.9
206.39,-11.4,-13.7,-28.7,-18.9,-22.3
206.40,-10.9,-13.2,-30.7,-18.3,-22.4
206.41,-10.8,-13.1,-32.1,-18.2,-22.3
206.42,-9.8,-13.6,-15.7,-18.3,-22.6
206.43,-9.1,-13.7,-13.4,-18.4,-22.8
206.44,-8.8,-13.7,-12.7,-19.0,-23.1
206.45,-8.5,-13.2,-12.3,-19.7,-23.1
206.46,-8.3,-12.5,-12.2,-19.5,-23.5
206.47,-9.0,-11.6,-15.3,-19.9,-23.7
206.48,-9.3,-11.6,-17.8,-19.5,-23.3
206.49,-9.5,-11.7,-19.5,-19.3,-22.9
206.50,-9.2,-11.7,-17.4,-18.9,-22.9
206.51,-8.4,-12.4,-13.0,-19.9,-22.8
206.52,-8.0,-12.3,-12.2,-20.4,-22.5
206.53,-7.9,-11.6,-12.0,-21.8,-23.5
206.54,-7.7,-11.1,-12.1,-21.9,-23.9
206.55,-7.9,-10.7,-13.3,-23.0,-24.2
206.56,-9.1,-10.7,-19.0,-22.2,-24.5
206.57,-9.5,-11.1,-19.9,-21.7,-24.5
206.58,-9.8,-11.6,-20.5,-20.7,-24.4
206.59,-10.1,-12.4,-19.2,-20.9,-24.3
206.60,-10.2,-12.4,-19.9,-20.4,-24.4
206.61,-10.2,-12.5,-19.1,-20.1,-24.1
206.62,-10.4,-12.8,-19.7,-20.0,-24.9
206.63,-10.3,-12.8,-19.6,-19.7,-24.5
206.64,-10.4,-12.7,-20.8,-19.8,-24.2
206.65,-9.8,-11.9,-21.8,-19.6,-24.3
206.66,-9.6,-11.3,-22.4,-20.3,-24.5
206.67,-9.8,-11.1,-23.2,-21.7,-24.3
206.68,-9.9,-11.2,-24.1,-23.0,-24.4
206.69,-10.5,-11.6,-25.6,-23.2,-24.5
206.70,-11.0,-12.5,-27.2,-22.6,-23.6
206.71,-11.0,-12.6,-28.3,-22.1,-23.2
206.72,-11.3,-13.2,-29.8,-20.1,-23.1
206.73,-11.2,-13.1,-30.7,-19.8,-22.7
206.74,-11.1,-13.2,-31.7,-19.3,-22.1
206.75,-12.1,-14.6,-32.4,-19.7,-22.0
206.76,-12.4,-16.0,-32.4,-19.0,-21.4
206.77,-13.1,-17.3,-32.4,-19.7,-21.0
206.78,-14.4,-21.5,-32.2,-19.1,-20.9
206.79,-15.3,-25.7,-31.9,-19.6,-21.0
206.80,-15.3,-28.2,-31.6,-18.9,-20.7
206.81,-13.9,-30.1,-19.7,-19.4,-20.6
206.82,-10.7,-31.3,-13.7,-18.9,-20.8
206.83,-8.7,-32.3,-11.1,-19.4,-20.5
206.84,-8.5,-32.4,-10.7,-18.9,-20.4
206.85,-8.4,-32.1,-10.5,-19.4,-20.4
206.86,-9.2,-31.8,-11.7,-18.6,-20.1
206.87,-11.3,-31.5,-14.6,-19.2,-19.7
206.88,-12.4,-31.7,-16.4,-19.5,-20.3
206.89,-12.7,-32.7,-16.6,-20.0,-20.7
206.90,-12.9,-33.6,-17.1,-19.7,-21.4
206.91,-13.4,-34.6,-17.7,-19.6,-22.3
206.92,-13.8,-35.5,-19.3,-18.8,-22.5
206.93,-13.6,-36.4,-20.5,-18.4,-22.1
206.94,-13.6,-36.7,-20.9,-18.5,-21.4
206.95,-13.6,-37.0,-21.0,-18.2,-21.4
206.96,-14.2,-36.1,-20.9,-18.7,-21.4
206.97,-13.4,-29.7,-21.2,-18.3,-21.2
206.98,-12.0,-18.5,-21.8,-18.3,-21.4
206.99,-11.3,-15.3,-23.2,-18.0,-21.4
207.00,-10.4,-13.3,-23.7,-18.8,-21.2
207.01,-9.4,-12.3,-24.4,-18.1,-21.0
207.02,-9.5,-11.7,-25.2,-18.7,-21.3
207.03,-9.9,-12.1,-26.5,-18.0,-21.6
207.04,-9.9,-12.3,-27.2,-18.1,-22.1
207.05,-10.0,-12.4,-28.7,-17.5,-22.5
207.06,-10.0,-12.2,-30.6,-17.6,-22.9
207.07,-10.0,-12.1,-31.8,-17.4,-23.1
207.08,-9.8,-12.0,-32.3,-17.4,-22.8
207.09,-9.8,-12.3,-32.5,-17.0,-22.0
207.10,-10.3,-12.8,-32.5,-17.1,-21.7
207.11,-10.5,-13.4,-32.2,-16.9,-21.5
207.12,-11.1,-14.7,-32.3,-16.7,-21.6
207.13,-11.0,-15.4,-22.3,-16.9,-22.2
207.14,-8.7,-14.7,-13.5,-17.1,-23.4
207.15,-7.8,-13.0,-12.3,-17.4,-24.3
207.16,-7.1,-11.1,-12.2,-17.8,-24.1
207.17,-7.0,-10.6,-12.2,-18.6,-24.1
207.18,-7.4,-10.0,-13.6,-19.2,-23.4
207.19,-8.8,-10.1,-18.3,-19.9,-22.8
207.20,-9.1,-11.0,-20.4,-20.0,-22.3
207.21,-9.9,-12.2,-20.8,-19.5,-22.0
207.22,-9.6,-11.7,-20.6,-19.8,-22.0
207.23,-10.1,-12.1,-22.4,-19.7,-22.2
207.24,-10.2,-12.4,-22.3,-19.5,-22.2
207.25,-10.0,-11.9,-24.0,-19.4,-22.4
207.26,-9.7,-11.6,-22.5,-19.5,-23.2
207.27,-9.5,-11.6,-22.1,-19.4,-23.7
207.28,-9.6,-11.5,-21.7,-19.4,-24.1
207.29,-9.6,-11.2,-21.2,-19.9,-24.2
207.30,-9.6,-11.3,-21.2,-19.9,-23.8
207.31,-10.0,-11.7,-21.8,-20.3,-23.2
207.32,-9.9,-11.8,-22.5,-20.0,-22.6
207.33,-9.8,-11.9,-23.1,-19.1,-22.2
207.34,-9.5,-11.4,-23.7,-19.3,-22.3
207.35,-9.0,-10.7,-24.1,-19.0,-22.7
207.36,-8.7,-10.4,-24.4,-18.2,-23.3
207.37,-8.9,-10.5,-24.7,-18.7,-23.6
207.38,-9.1,-10.9,-24.5,-18.6,-23.5
207.39,-9.8,-11.7,-24.2,-18.6,-23.6
207.40,-10.9,-13.2,-24.1,-18.8,-24.0
207.41,-11.7,-14.9,-24.0,-18.2,-24.4
207.42,-12.5,-16.4,-24.5,-18.5,-24.8
207.43,-13.3,-18.0,-24.4,-18.3,-25.3
207.44,-12.8,-18.2,-20.8,-18.7,-25.1
207.45,-10.4,-17.7,-13.4,-19.2,-25.3
207.46,-8.7,-17.2,-11.2,-19.1,-24.9
207.47,-8.0,-14.9,-10.6,-20.0,-24.7
207.48,-7.3,-12.7,-10.4,-21.3,-24.8
207.49,-7.9,-12.1,-11.6,-20.5,-25.3
207.50,-8.4,-11.3,-14.4,-22.0,-25.2
207.51,-9.0,-10.6,-17.9,-21.3,-25.5
207.52,-8.9,-10.4,-18.8,-20.8,-25.2
207.53,-9.2,-10.7,-19.6,-21.6,-24.4
207.54,-9.2,-10.7,-20.1,-21.4,-24.1
207.55,-10.1,-11.5,-22.0,-21.7,-24.0
207.56,-11.1,-12.7,-22.7,-22.3,-23.8
207.57,-11.5,-13.4,-22.3,-22.1,-24.0
207.58,-11.7,-13.7,-21.8,-22.7,-23.8
207.59,-11.8,-13.7,-21.7,-23.0,-23.6
207.60,-11.4,-13.3,-21.5,-23.2,-23.3
207.61,-11.0,-13.0,-21.6,-23.5,-22.7
207.62,-11.0,-13.1,-22.8,-21.6,-21.9
207.63,-10.5,-12.7,-23.3,-21.6,-21.2
207.64,-9.8,-12.1,-24.3,-19.7,-20.5
207.65,-9.4,-11.7,-25.5,-18.6,-19.9
207.66,-9.4,-11.5,-26.2,-18.8,-19.7
207.67,-9.5,-11.6,-26.9,-18.2,-19.8
207.68,-9.8,-12.0,-26.9,-18.4,-20.1
207.69,-10.6,-13.0,-27.1,-18.5,-20.0
207.70,-11.2,-14.4,-27.1,-18.2,-20.1
207.71,-11.9,-16.1,-27.1,-18.3,-19.9
207.72,-12.4,-18.3,-26.9,-18.0,-19.7
207.73,-12.9,-20.6,-26.8,-18.1,-19.7
207.74,-13.3,-22.1,-27.0,-18.5,-19.8
207.75,-13.4,-22.4,-27.2,-18.0,-20.3
207.76,-12.5,-19.6,-22.8,-18.6,-20.8
207.77,-9.7,-15.9,-12.9,-19.0,-21.3
207.78,-8.6,-14.3,-11.6,-19.3,-21.6
207.79,-8.3,-13.1,-11.5,-21.0,-22.4
207.80,-8.0,-12.2,-11.4,-21.2,-22.6
207.81,-8.4,-11.8,-12.9,-21.4,-22.2
207.82,-9.6,-11.9,-16.7,-22.6,-22.1
207.83,-9.4,-11.1,-20.1,-21.6,-22.2
207.84,-9.1,-10.6,-20.4,-21.8,-22.4
207.85,-9.1,-10.5,-20.2,-22.7,-22.5
207.86,-9.1,-10.3,-21.3,-21.8,-23.1
207.87,-8.9,-10.0,-22.0,-22.1,-23.8
207.88,-9.4,-10.5,-23.7,-22.0,-23.7
207.89,-9.3,-10.4,-22.9,-22.0,-23.8
207.90,-9.3,-10.7,-22.9,-22.0,-23.6
207.91,-9.4,-10.9,-22.3,-22.1,-23.4
207.92,-9.6,-11.2,-22.3,-22.2,-23.0
207.93,-9.9,-11.6,-22.5,-21.8,-23.4
207.94,-9.8,-11.6,-23.8,-20.3,-23.5
207.95,-10.0,-11.8,-25.2,-20.5,-23.7
207.96,-9.6,-11.7,-26.9,-18.0,-23.3
207.97,-9.7,-11.8,-28.6,-17.7,-23.6
207.98,-10.3,-12.6,-30.1,-17.2,-23.6
207.99,-10.3,-12.7,-30.8,-16.6,-23.3
208.00,-10.8,-13.6,-30.8,-16.9,-22.5
208.01,-11.0,-14.2,-30.5,-17.0,-22.0
208.02,-11.3,-14.8,-30.6,-17.1,-21.7
208.03,-11.8,-15.7,-30.4,-17.3,-21.1
208.04,-12.1,-17.0,-29.8,-17.0,-20.6
208.05,-12.1,-16.9,-29.4,-17.4,-20.8
208.06,-12.2,-17.2,-29.0,-17.2,-21.0
208.07,-12.1,-17.2,-28.7,-17.2,-21.3
208.08,-9.4,-16.6,-13.6,-17.9,-22.1
208.09,-8.2,-16.2,-11.5,-17.7,-22.7
208.10,-7.7,-14.9,-10.8,-18.9,-24.4
208.11,-7.2,-13.4,-10.5,-20.2,-24.1
208.12,-7.3,-12.3,-11.2,-20.4,-24.4
208.13,-7.7,-11.2,-13.1,-23.2,-24.3
208.14,-8.6,-10.5,-17.8,-22.7,-24.1
208.15,-8.9,-10.8,-18.7,-23.0,-23.8
208.16,-9.2,-11.1,-19.5,-22.3,-23.4
208.17,-9.8,-11.9,-19.9,-22.0,-23.6
208.18,-10.5,-12.5,-21.6,-22.5,-23.5
208.19,-10.9,-13.0,-23.4,-22.2,-23.1
208.20,-11.0,-12.8,-23.8,-22.7,-22.9
208.21,-11.0,-12.8,-23.0,-22.9,-22.7
208.22,-11.0,-12.8,-22.8,-22.7,-22.8
208.23,-10.8,-12.5,-22.5,-23.4,-22.9
208.24,-10.8,-12.7,-22.4,-23.3,-22.9
208.25,-10.7,-12.5,-23.1,-22.0,-23.1
208.26,-10.3,-11.9,-24.2,-21.6,-23.3
208.27,-10.1,-11.7,-26.1,-19.8,-23.2
208.28,-9.5,-11.1,-28.1,-18.0,-23.6
208.29,-9.3,-10.8,-30.1,-17.9,-24.0
208.30,-9.3,-10.8,-32.0,-17.4,-24.2
208.31,-9.4,-10.9,-33.3,-17.0,-24.1
208.32,-9.6,-11.2,-33.7,-17.4,-23.7
208.33,-9.8,-11.6,-33.9,-17.6,-22.8
208.34,-10.1,-12.0,-33.9,-17.7,-22.1
208.35,-10.6,-12.7,-33.5,-17.8,-22.0
208.36,-11.3,-13.9,-32.9,-17.6,-22.0
208.37,-11.9,-15.2,-32.8,-18.0,-21.9
208.38,-12.5,-17.0,-32.9,-17.5,-21.6
208.39,-12.3,-18.0,-26.1,-17.9,-21.6
208.40,-9.5,-17.5,-13.5,-17.9,-21.7
208.41,-8.1,-16.1,-11.5,-17.8,-21.8
208.42,-7.9,-14.8,-11.4,-19.1,-22.3
208.43,-7.5,-13.0,-11.3,-18.9,-23.0
208.44,-7.8,-12.5,-12.0,-19.1,-23.0
208.45,-9.5,-12.4,-16.5,-19.8,-23.1
208.46,-9.9,-12.2,-20.6,-19.8,-23.0
208.47,-9.9,-12.1,-20.9,-19.8,-22.9
208.48,-9.6,-11.6,-20.7,-19.7,-23.0
208.49,-9.3,-10.9,-21.4,-19.9,-23.2
208.50,-9.2,-10.5,-23.0,-19.9,-23.7
208.51,-9.0,-10.3,-24.6,-19.4,-23.8
208.52,-9.1,-10.3,-22.9,-19.7,-24.5
208.53,-9.4,-10.8,-22.8,-19.6,-24.9
208.54,-9.9,-11.4,-22.2,-19.5,-24.8
208.55,-10.1,-11.7,-21.8,-19.7,-24.4
208.56,-10.3,-11.9,-22.0,-20.8,-24.1
208.57,-10.4,-12.1,-23.2,-20.7,-23.6
208.58,-9.9,-11.7,-23.8,-18.8,-23.1
208.59,-10.1,-11.9,-25.2,-18.8,-22.8
208.60,-10.1,-12.3,-26.7,-17.9,-22.0
208.61,-10.6,-13.3,-28.2,-17.2,-21.5
208.62,-11.0,-14.4,-30.0,-17.1,-20.7
208.63,-12.4,-16.3,-31.4,-18.0,-20.3
208.64,-13.1,-18.2,-31.1,-17.9,-20.1
208.65,-13.4,-19.5,-31.4,-18.0,-20.0
208.66,-14.0,-23.6,-31.2,-17.9,-20.0
208.67,-14.4,-27.8,-31.0,-17.8,-20.1
208.68,-14.1,-29.2,-31.1,-17.8,-19.9
208.69,-13.8,-28.9,-30.6,-17.8,-20.1
208.70,-13.4,-24.3,-30.7,-17.7,-19.8
208.71,-11.0,-19.8,-14.6,-17.8,-20.4
208.72,-9.1,-15.9,-11.9,-18.5,-21.2
208.73,-8.1,-13.3,-10.9,-18.8,-22.1
208.74,-7.5,-12.0,-10.6,-19.0,-23.1
208.75,-7.4,-11.2,-10.7,-19.4,-24.4
208.76,-7.7,-11.2,-12.6,-18.9,-24.4
208.77,-8.6,-10.9,-16.2,-18.4,-24.3
208.78,-8.8,-11.0,-18.0,-18.5,-24.4
208.79,-8.9,-11.0,-19.0,-18.7,-24.5
208.80,-8.9,-11.2,-19.3,-18.5,-23.9
208.81,-9.5,-11.5,-21.9,-18.6,-23.8
208.82,-9.7,-12.1,-22.1,-18.7,-23.6
208.83,-10.2,-12.5,-23.9,-18.6,-23.3
208.84,-10.4,-13.2,-22.8,-18.7,-23.1
208.85,-10.7,-13.5,-22.8,-19.1,-23.6
208.86,-10.6,-13.5,-22.5,-19.1,-23.8
208.87,-10.4,-12.8,-22.5,-19.8,-23.4
208.88,-10.0,-12.0,-23.2,-20.9,-22.8
208.89,-9.8,-11.6,-24.5,-20.8,-21.9
208.90,-9.2,-11.2,-25.8,-18.8,-20.9
208.91,-9.5,-11.6,-27.3,-18.3,-20.4
208.92,-9.8,-12.3,-29.2,-17.8,-20.4
208.93,-10.4,-13.5,-30.6,-17.2,-20.4
208.94,-10.8,-14.6,-31.1,-17.2,-20.4
208.95,-11.8,-16.2,-31.0,-17.9,-20.5
208.96,-12.0,-17.8,-30.7,-17.8,-20.1
208.97,-12.1,-19.7,-30.3,-17.6,-19.6
208.98,-12.2,-20.5,-29.6,-17.8,-19.7
208.99,-12.0,-19.0,-29.3,-17.7,-19.7
209.00,-10.9,-16.6,-29.5,-17.7,-19.5
209.01,-10.4,-14.9,-30.0,-17.8,-19.7
209.02,-10.1,-13.9,-28.2,-17.8,-20.2
209.03,-8.9,-13.2,-15.2,-18.1,-20.7
209.04,-7.7,-13.3,-11.7,-18.4,-21.5
209.05,-7.8,-12.8,-11.4,-19.4,-22.5
209.06,-7.8,-12.9,-11.3,-19.2,-23.2
209.07,-7.9,-12.7,-11.5,-19.5,-23.9
209.08,-9.2,-11.8,-15.9,-19.2,-23.7
209.09,-9.7,-11.5,-20.8,-19.0,-23.8
209.10,-9.4,-11.3,-20.1,-18.9,-24.0
209.11,-9.0,-11.4,-16.3,-18.8,-24.2
209.12,-8.9,-11.1,-15.0,-18.8,-24.8
209.13,-8.7,-11.3,-14.7,-18.9,-24.7
209.14,-8.3,-10.6,-14.4,-18.8,-24.9
209.15,-8.4,-10.8,-14.9,-18.9,-25.0
209.16,-8.6,-10.8,-16.7,-19.0,-24.8
209.17,-9.1,-11.1,-18.7,-18.8,-24.9
209.18,-9.7,-11.6,-20.0,-19.2,-24.8
209.19,-10.3,-12.6,-21.2,-19.2,-24.4
209.20,-11.0,-13.1,-23.3,-18.9,-24.6
209.21,-10.7,-13.2,-24.5,-18.5,-24.2
209.22,-10.8,-13.1,-25.9,-18.4,-23.9
209.23,-10.4,-12.8,-27.0,-17.9,-23.4
209.24,-10.3,-12.5,-28.1,-17.8,-23.5
209.25,-10.1,-12.2,-29.9,-18.2,-23.0
209.26,-10.5,-12.3,-31.9,-18.7,-22.8
209.27,-10.5,-12.5,-32.8,-18.7,-22.2
209.28,-11.0,-13.3,-32.9,-18.6,-21.7
209.29,-11.3,-14.3,-32.5,-18.5,-21.0
209.30,-12.0,-16.3,-32.6,-18.3,-20.5
209.31,-12.9,-18.3,-32.6,-18.3,-20.9
209.32,-13.3,-20.6,-32.7,-18.3,-20.8
209.33,-13.2,-20.5,-33.2,-18.2,-20.9
209.34,-11.0,-18.7,-15.8,-18.3,-21.3
209.35,-9.0,-16.5,-12.0,-18.9,-21.9
209.36,-7.8,-13.6,-11.0,-18.5,-21.9
209.37,-7.5,-12.7,-10.8,-18.8,-23.1
209.38,-7.4,-12.4,-10.7,-19.4,-24.3
209.39,-8.1,-11.9,-13.4,-18.5,-24.0
209.40,-9.1,-12.0,-15.9,-18.6,-23.7
209.41,-9.1,-11.8,-17.7,-18.4,-23.7
209.42,-9.4,-11.8,-18.6,-18.5,-23.5
209.43,-9.4,-11.8,-19.1,-18.5,-23.6
209.44,-10.0,-11.9,-21.0,-18.5,-23.8
209.45,-10.2,-12.2,-21.3,-18.6,-23.8
209.46,-10.4,-12.6,-22.7,-18.3,-23.5
209.47,-10.3,-12.8,-21.7,-18.3,-23.6
209.48,-10.0,-12.7,-22.0,-18.2,-23.1
209.49,-9.8,-12.5,-21.8,-18.1,-22.9
209.50,-9.6,-12.1,-21.9,-18.1,-22.5
209.51,-9.5,-11.4,-22.8,-18.9,-22.4
209.52,-8.9,-10.7,-24.6,-18.2,-22.3
209.53,-8.9,-10.8,-26.2,-17.8,-22.2
209.54,-9.1,-10.9,-27.5,-18.5,-22.4
209.55,-9.4,-11.3,-29.2,-18.0,-22.9
209.56,-10.0,-12.3,-31.0,-17.8,-23.3
209.57,-10.6,-13.0,-32.2,-18.3,-23.1
209.58,-11.0,-13.1,-32.5,-18.6,-23.2
209.59,-11.4,-13.6,-32.2,-18.6,-22.6
209.60,-12.2,-14.7,-31.8,-18.4,-22.3
209.61,-12.7,-15.3,-31.6,-18.6,-22.3
209.62,-13.1,-16.8,-31.5,-18.5,-21.9
209.63,-13.7,-18.4,-31.9,-18.4,-22.0
209.64,-13.4,-18.5,-32.3,-18.5,-21.8
209.65,-12.1,-16.4,-32.7,-18.5,-21.7
209.66,-10.2,-15.1,-16.5,-18.6,-21.9
209.67,-8.3,-13.7,-12.3,-19.9,-22.3
209.68,-7.7,-12.0,-11.8,-20.5,-22.3
209.69,-7.1,-10.8,-11.7,-19.0,-22.6
209.70,-7.3,-10.9,-11.8,-19.6,-23.3
209.71,-8.2,-10.9,-15.1,-18.1,-22.8
209.72,-9.3,-11.4,-20.5,-17.7,-22.4
209.73,-9.9,-12.6,-20.5,-17.3,-22.5
209.74,-10.3,-13.3,-20.4,-17.8,-22.1
209.75,-10.5,-13.6,-20.6,-17.1,-22.3
209.76,-10.9,-13.9,-22.5,-17.1,-23.1
209.77,-10.9,-14.4,-23.1,-17.1,-22.7
209.78,-11.0,-14.3,-23.6,-16.9,-22.4
209.79,-10.6,-13.8,-23.6,-16.9,-22.1
209.80,-10.0,-13.1,-24.3,-16.7,-22.2
209.81,-9.3,-11.9,-23.9,-17.0,-21.6
209.82,-8.1,-11.5,-15.9,-16.7,-22.1
209.83,-7.7,-11.5,-12.5,-17.4,-22.5
209.84,-7.5,-11.4,-12.4,-17.3,-22.6
209.85,-7.8,-11.6,-12.4,-17.7,-22.6
209.86,-8.0,-11.7,-12.6,-17.9,-22.4
209.87,-9.2,-11.7,-16.7,-18.3,-22.0
209.88,-9.6,-11.4,-21.4,-19.0,-22.1
209.89,-9.4,-11.2,-20.8,-18.7,-22.4
209.90,-8.5,-11.3,-15.3,-18.7,-23.0
209.91,-7.8,-11.9,-13.2,-18.6,-23.6
209.92,-7.8,-12.0,-13.4,-18.0,-23.9
209.93,-8.0,-12.1,-13.4,-18.3,-23.7
209.94,-8.1,-12.4,-13.9,-17.8,-23.3
209.95,-9.5,-12.5,-16.9,-18.2,-23.4
209.96,-10.3,-12.7,-21.8,-17.8,-23.2
209.97,-10.2,-13.3,-17.4,-18.2,-23.7
209.98,-9.7,-13.7,-14.6,-17.9,-24.3
209.99,-9.6,-13.6,-13.7,-17.9,-25.3
210.00,-9.1,-12.9,-13.4,-17.8,-26.4
210.01,-8.7,-12.0,-13.4,-18.1,-27.5
210.02,-9.0,-11.7,-15.3,-18.7,-26.8
210.03,-9.4,-11.5,-18.1,-18.3,-26.1
210.04,-9.6,-11.5,-19.8,-19.0,-25.6
210.05,-9.9,-12.2,-20.6,-18.8,-25.1
210.06,-10.1,-12.4,-21.4,-19.0,-24.5
210.07,-10.4,-13.3,-21.7,-18.5,-23.8
210.08,-10.9,-14.3,-21.9,-18.2,-22.6
210.09,-11.4,-15.8,-22.1,-17.8,-22.4
210.10,-12.0,-17.8,-22.4,-17.5,-22.3
210.11,-12.8,-20.9,-22.4,-17.4,-22.4
210.12,-13.6,-20.5,-22.9,-17.4,-23.1
210.13,-12.1,-17.1,-22.8,-17.0,-22.9
210.14,-10.9,-14.3,-22.9,-17.1,-23.0
210.15,-10.4,-12.9,-23.2,-17.4,-23.0
210.16,-9.7,-11.8,-23.6,-17.3,-23.1
210.17,-9.3,-11.2,-23.6,-17.2,-23.9
210.18,-9.6,-11.6,-24.2,-17.3,-23.8
210.19,-9.7,-11.9,-24.0,-17.4,-23.7
210.20,-9.5,-12.0,-23.9,-17.1,-23.7
210.21,-9.5,-11.9,-23.8,-17.3,-23.0
210.22,-9.5,-11.8,-23.6,-17.4,-23.1
210.23,-9.7,-12.1,-23.6,-17.3,-22.9
210.24,-10.1,-12.5,-23.7,-17.1,-22.8
210.25,-10.4,-13.6,-23.8,-16.8,-21.7
210.26,-11.2,-15.7,-23.7,-16.5,-21.7
210.27,-11.4,-16.3,-23.8,-16.6,-21.5
210.28,-11.8,-17.2,-23.8,-16.8,-21.2
210.29,-11.1,-17.7,-15.8,-17.6,-21.7
210.30,-9.7,-16.3,-12.2,-18.9,-21.9
210.31,-9.1,-15.2,-11.4,-20.3,-21.7
210.32,-8.9,-14.2,-11.3,-21.0,-21.6
210.33,-8.7,-13.3,-11.4,-22.4,-21.9
210.34,-9.3,-12.9,-13.3,-21.2,-21.7
210.35,-10.4,-12.4,-19.4,-20.9,-21.2
210.36,-9.5,-11.5,-20.0,-19.7,-21.7
210.37,-9.4,-11.2,-20.3,-20.6,-21.7
210.38,-9.2,-11.1,-20.0,-19.8,-21.5
210.39,-9.2,-11.0,-22.5,-20.2,-21.8
210.40,-9.7,-11.5,-22.3,-20.2,-21.7
210.41,-10.3,-12.2,-24.1,-20.0,-21.5
210.42,-10.5,-12.7,-23.1,-20.4,-21.4
210.43,-10.6,-13.2,-23.6,-19.9,-21.4
210.44,-10.1,-12.3,-23.5,-21.2,-21.2
210.45,-9.4,-11.8,-16.3,-20.5,-21.7
210.46,-8.1,-11.9,-12.3,-21.9,-21.7
210.47,-7.8,-11.5,-12.0,-22.0,-21.9
210.48,-8.1,-12.0,-11.9,-22.9,-22.3
210.49,-8.3,-12.5,-12.1,-21.9,-22.7
210.50,-9.5,-12.9,-15.7,-21.3,-22.2
210.51,-10.1,-12.3,-21.1,-20.6,-22.0
210.52,-10.4,-12.8,-21.2,-20.0,-22.0
210.53,-10.0,-13.4,-15.8,-20.4,-22.4
210.54,-8.8,-14.0,-12.0,-20.3,-21.8
210.55,-9.4,-15.9,-12.1,-20.8,-22.9
210.56,-9.5,-17.8,-12.0,-20.2,-22.8
210.57,-9.7,-19.0,-12.3,-20.8,-22.6
210.58,-10.9,-20.0,-15.8,-19.8,-22.4
210.59,-11.8,-20.1,-21.2,-20.1,-22.1
210.60,-11.2,-20.4,-17.8,-19.6,-22.1
210.61,-10.2,-21.5,-13.6,-20.4,-22.7
210.62,-10.1,-23.6,-12.9,-21.4,-23.1
210.63,-10.1,-25.3,-12.7,-19.2,-23.7
210.64,-10.1,-27.4,-12.5,-18.6,-24.8
210.65,-11.2,-28.1,-14.3,-18.1,-24.5
210.66,-11.9,-28.4,-16.6,-17.2,-24.4
210.67,-12.8,-28.7,-18.2,-16.8,-23.3
210.68,-12.8,-29.2,-19.2,-17.2,-22.9
210.69,-13.0,-28.4,-20.4,-16.9,-22.2
210.70,-13.0,-26.9,-21.5,-16.6,-21.5
210.71,-12.4,-24.1,-22.2,-16.6,-21.1
210.72,-12.3,-21.6,-23.1,-16.7,-20.6
210.73,-12.4,-20.3,-24.2,-17.0,-20.8
210.74,-11.8,-18.6,-25.0,-16.9,-20.7
210.75,-12.2,-17.6,-26.0,-17.1,-20.8
210.76,-12.1,-17.2,-26.6,-17.3,-20.8
210.77,-11.6,-16.2,-26.9,-17.6,-21.0
210.78,-12.0,-16.0,-26.1,-18.3,-20.7
210.79,-10.9,-13.6,-25.4,-18.3,-21.3
210.80,-10.3,-12.6,-24.6,-18.6,-21.9
210.81,-10.5,-12.0,-24.5,-19.4,-22.4
210.82,-9.5,-11.0,-24.2,-19.4,-22.3
210.83,-9.4,-10.9,-24.0,-19.0,-22.4
210.84,-9.9,-12.0,-24.0,-19.1,-21.5
210.85,-10.0,-12.2,-23.7,-19.1,-21.6
210.86,-10.9,-13.6,-23.5,-19.4,-21.7
210.87,-12.2,-16.0,-23.6,-19.8,-21.6
210.88,-13.0,-17.6,-24.1,-20.4,-21.3
210.89,-13.9,-18.2,-25.0,-22.4,-21.7
210.90,-13.6,-17.5,-25.8,-23.0,-21.7
210.91,-12.9,-16.2,-26.9,-23.6,-21.1
210.92,-11.3,-14.9,-20.4,-23.2,-21.0
210.93,-9.0,-14.6,-12.7,-22.8,-21.0
210.94,-8.4,-14.5,-11.6,-21.3,-20.7
210.95,-8.1,-14.2,-11.4,-19.7,-20.7
210.96,-8.0,-13.5,-11.4,-19.6,-21.3
210.97,-8.5,-12.8,-12.9,-19.4,-21.4
210.98,-9.8,-12.6,-18.0,-19.1,-21.2
210.99,-9.8,-12.2,-19.3,-18.7,-21.3
211.00,-9.5,-11.7,-20.0,-19.0,-20.9
211.01,-9.9,-12.3,-19.7,-19.6,-20.4
211.02,-10.0,-12.1,-21.9,-19.2,-20.1
211.03,-9.5,-11.7,-21.8,-18.6,-20.0
211.04,-9.6,-11.7,-23.7,-18.8,-20.3
211.05,-9.9,-12.3,-22.3,-19.2,-20.6
211.06,-9.8,-12.3,-22.3,-18.8,-21.3
211.07,-9.8,-12.4,-21.8,-18.4,-21.9
211.08,-9.2,-12.4,-15.8,-19.1,-22.6
211.09,-9.2,-13.0,-14.2,-19.6,-23.1
211.10,-8.9,-12.6,-14.0,-19.4,-23.6
211.11,-8.8,-12.3,-13.8,-19.0,-23.6
211.12,-9.3,-12.3,-14.2,-19.4,-23.4
211.13,-9.2,-12.0,-17.1,-18.7,-23.3
211.14,-9.3,-11.5,-18.7,-18.2,-23.4
211.15,-9.5,-11.5,-19.8,-17.8,-23.4
211.16,-9.4,-11.6,-20.5,-18.2,-23.4
211.17,-9.5,-11.9,-21.6,-18.1,-23.1
211.18,-9.8,-12.0,-23.1,-17.6,-23.1
211.19,-10.0,-12.2,-23.7,-17.5,-23.2
211.20,-9.8,-12.2,-23.9,-17.9,-22.7
211.21,-9.6,-11.6,-24.1,-18.0,-22.8
211.22,-9.0,-11.0,-24.5,-17.4,-23.1
211.23,-8.8,-10.7,-23.4,-17.7,-23.4
211.24,-8.0,-10.5,-15.9,-18.4,-23.6
211.25,-7.4,-10.3,-12.2,-19.4,-24.2
211.26,-7.3,-10.3,-11.6,-20.1,-24.9
211.27,-7.5,-10.6,-11.5,-20.8,-25.0
211.28,-8.3,-10.6,-12.1,-21.6,-24.9
211.29,-9.0,-10.9,-15.3,-21.6,-25.1
211.30,-9.5,-11.2,-18.8,-21.7,-25.1
211.31,-9.9,-12.0,-19.3,-20.8,-24.8
211.32,-10.4,-12.7,-19.9,-20.5,-24.0
211.33,-10.6,-12.9,-20.3,-20.6,-23.8
211.34,-11.1,-13.2,-22.6,-21.0,-23.7
211.35,-11.0,-13.3,-23.6,-20.3,-23.6
211.36,-11.2,-13.2,-23.6,-20.5,-24.1
211.37,-10.9,-13.2,-22.8,-20.8,-24.7
211.38,-10.7,-13.2,-22.3,-20.5,-24.7
211.39,-10.9,-13.7,-20.4,-20.0,-24.7
211.40,-9.7,-13.6,-15.9,-20.1,-24.7
211.41,-9.1,-12.6,-15.2,-20.4,-24.8
211.42,-8.5,-11.6,-14.3,-20.3,-25.1
211.43,-8.1,-11.3,-14.0,-20.7,-24.6
211.44,-8.2,-10.8,-14.7,-21.9,-25.0
211.45,-9.5,-11.7,-16.9,-22.3,-25.1
211.46,-10.9,-13.4,-18.4,-22.8,-24.7
211.47,-11.3,-14.6,-18.6,-23.1,-24.7
211.48,-11.6,-15.6,-16.4,-23.8,-24.9
211.49,-11.3,-17.0,-15.8,-23.4,-24.3
211.50,-11.2,-17.8,-15.3,-23.5,-23.9
211.51,-11.3,-18.6,-15.0,-23.8,-23.5
211.52,-12.6,-21.4,-16.4,-24.6,-22.7
211.53,-12.6,-22.4,-17.7,-23.5,-22.2
211.54,-13.0,-19.3,-19.0,-25.5,-21.9
211.55,-11.2,-16.7,-16.2,-24.4,-21.9
211.56,-9.0,-14.6,-12.1,-24.1,-22.6
211.57,-8.3,-13.8,-11.1,-24.2,-23.7
211.58,-7.7,-11.7,-11.0,-22.1,-24.8
211.59,-7.4,-11.4,-11.0,-20.5,-25.7
211.60,-7.9,-11.1,-13.1,-19.3,-26.1
211.61,-8.2,-10.4,-16.5,-18.2,-26.2
211.62,-8.1,-9.7,-19.0,-18.1,-26.1
211.63,-8.4,-10.2,-20.7,-17.9,-25.1
211.64,-9.0,-10.7,-21.0,-18.3,-25.0
211.65,-9.0,-10.8,-23.2,-18.0,-24.4
211.66,-9.7,-12.1,-23.8,-17.8,-23.6
211.67,-10.5,-13.2,-25.9,-17.7,-24.0
211.68,-10.7,-13.6,-25.1,-17.7,-24.0
211.69,-10.9,-13.6,-25.0,-17.6,-23.9
211.70,-11.1,-13.8,-24.0,-18.1,-24.6
211.71,-9.7,-13.1,-15.9,-18.0,-25.8
211.72,-8.8,-12.7,-14.2,-18.8,-25.9
211.73,-8.6,-12.3,-13.9,-18.1,-26.3
211.74,-8.5,-12.4,-13.6,-18.3,-27.1
211.75,-8.5,-12.5,-13.6,-17.7,-26.6
211.76,-9.5,-12.7,-17.3,-17.6,-26.6
211.77,-10.3,-13.5,-18.8,-17.6,-26.4
211.78,-10.6,-13.9,-20.1,-17.7,-25.8
211.79,-10.3,-14.2,-15.9,-18.3,-25.4
211.80,-10.2,-15.0,-14.2,-18.4,-25.7
211.81,-10.1,-15.6,-13.9,-18.7,-25.7
211.82,-10.1,-15.5,-13.7,-18.2,-26.2
211.83,-10.2,-15.4,-13.9,-18.3,-26.0
211.84,-11.0,-15.5,-17.2,-18.0,-26.2
211.85,-10.4,-14.2,-19.2,-18.5,-26.1
211.86,-10.3,-13.6,-21.4,-18.1,-25.7
211.87,-9.3,-13.6,-16.1,-18.4,-25.7
211.88,-8.7,-13.5,-12.8,-18.5,-26.1
211.89,-8.0,-12.4,-12.1,-18.9,-26.1
211.90,-8.1,-13.1,-11.9,-18.3,-26.2
211.91,-8.1,-12.9,-12.2,-18.3,-26.4
211.92,-8.7,-12.4,-13.8,-17.8,-26.7
211.93,-9.2,-12.2,-19.3,-18.0,-26.5
211.94,-9.3,-12.4,-19.4,-17.4,-26.6
211.95,-8.8,-12.2,-15.2,-17.5,-26.7
211.96,-8.1,-12.0,-13.8,-17.5,-26.8
211.97,-8.4,-12.1,-13.6,-17.5,-26.9
211.98,-8.4,-12.5,-13.4,-17.7,-26.6
211.99,-8.9,-12.4,-14.2,-17.6,-26.1
212.00,-8.6,-12.2,-17.3,-17.6,-25.7
212.01,-9.2,-12.0,-19.8,-17.6,-25.6
212.02,-9.0,-11.6,-20.5,-17.9,-25.7
212.03,-8.1,-11.1,-15.6,-18.6,-26.6
212.04,-7.8,-10.7,-14.9,-19.5,-27.0
212.05,-7.9,-11.0,-14.3,-19.8,-27.0
212.06,-7.8,-11.1,-14.0,-19.3,-27.3
212.07,-8.2,-11.2,-14.9,-18.6,-27.0
212.08,-8.7,-11.5,-17.7,-17.9,-26.8
212.09,-9.3,-12.5,-19.1,-17.0,-27.2
212.10,-9.4,-12.6,-19.0,-17.7,-27.6
212.11,-9.3,-13.4,-16.9,-17.4,-27.2
212.12,-9.9,-14.4,-16.5,-17.4,-26.7
212.13,-10.0,-15.9,-16.2,-17.2,-26.5
212.14,-10.2,-16.2,-16.1,-17.2,-26.2
212.15,-11.0,-17.3,-17.7,-17.3,-25.4
212.16,-11.6,-17.5,-19.1,-17.3,-26.0
212.17,-11.8,-17.7,-20.1,-17.4,-25.7
212.18,-11.6,-17.7,-20.1,-17.5,-23.9
212.19,-9.9,-17.3,-13.8,-17.8,-22.4
212.20,-8.8,-14.3,-12.3,-18.5,-21.9
212.21,-8.3,-12.9,-12.2,-19.2,-21.7
212.22,-7.7,-11.1,-12.2,-20.2,-21.6
212.23,-7.7,-10.7,-12.9,-19.9,-22.6
212.24,-8.1,-10.4,-17.1,-19.2,-23.2
212.25,-8.9,-11.1,-20.5,-19.5,-23.2
212.26,-9.1,-11.5,-21.3,-19.5,-22.4
212.27,-9.3,-12.7,-21.2,-18.2,-21.5
212.28,-9.5,-12.5,-21.7,-19.1,-20.8
212.29,-9.7,-12.4,-23.3,-19.3,-20.0
212.30,-9.4,-12.0,-25.1,-18.4,-19.4
212.31,-9.2,-11.7,-25.3,-18.9,-19.2
212.32,-8.9,-11.1,-25.1,-19.2,-18.7
212.33,-8.7,-10.7,-25.0,-18.5,-18.9
212.34,-8.5,-10.4,-24.9,-18.8,-19.4
212.35,-8.1,-9.8,-24.6,-18.7,-19.6
212.36,-8.2,-9.9,-24.7,-18.7,-20.1
212.37,-8.5,-9.9,-24.7,-20.5,-21.5
212.38,-9.1,-10.6,-24.6,-20.9,-21.9
212.39,-9.5,-11.0,-25.0,-21.4,-21.4
212.40,-9.6,-11.0,-24.9,-22.9,-21.4
212.41,-10.0,-11.9,-24.4,-21.9,-20.6
212.42,-9.9,-12.1,-24.2,-21.9,-19.5
212.43,-10.3,-13.0,-24.1,-21.6,-18.8
212.44,-11.0,-14.6,-23.9,-21.2,-18.5
212.45,-11.1,-15.4,-24.3,-20.1,-18.3
212.46,-11.9,-17.9,-24.4,-19.5,-18.5
212.47,-12.2,-18.7,-24.2,-19.6,-19.0
212.48,-12.5,-18.2,-24.4,-19.8,-19.1
212.49,-12.7,-18.8,-24.6,-20.3,-18.5
212.50,-10.0,-17.1,-14.3,-22.0,-18.1
212.51,-8.9,-16.0,-11.4,-23.2,-18.2
212.52,-8.1,-13.8,-10.8,-24.7,-18.1
212.53,-7.8,-12.9,-10.6,-22.2,-18.1
212.54,-7.6,-12.1,-10.8,-20.8,-18.5
212.55,-8.0,-11.5,-12.8,-19.6,-18.9
212.56,-8.4,-11.1,-18.6,-19.5,-18.7
212.57,-8.3,-10.9,-20.9,-19.1,-19.2
212.58,-8.3,-10.6,-20.8,-21.1,-18.8
212.59,-7.9,-10.7,-20.8,-20.2,-17.8
212.60,-8.2,-10.8,-22.1,-20.5,-17.7
212.61,-8.5,-11.1,-23.0,-19.6,-17.9
212.62,-8.6,-11.2,-23.6,-19.6,-18.3
212.63,-8.8,-11.1,-24.2,-19.4,-18.8
212.64,-9.0,-11.0,-25.1,-19.6,-19.2
212.65,-9.1,-10.9,-25.6,-19.7,-19.7
212.66,-9.2,-11.0,-26.2,-19.8,-20.2
212.67,-9.7,-11.4,-27.0,-20.0,-20.4
212.68,-9.9,-11.7,-27.2,-19.9,-20.9
212.69,-9.8,-11.5,-27.4,-19.5,-21.0
212.70,-9.6,-11.4,-27.4,-19.1,-20.0
212.71,-9.1,-11.0,-27.9,-18.5,-19.6
212.72,-9.0,-11.0,-27.8,-17.9,-19.4
212.73,-9.1,-11.2,-28.0,-17.8,-18.8
212.74,-9.4,-11.7,-27.7,-17.6,-18.8
212.75,-10.0,-12.4,-27.6,-17.7,-19.0
212.76,-10.1,-12.7,-27.5,-17.8,-18.5
212.77,-10.1,-12.8,-27.7,-17.8,-18.3
212.78,-10.3,-13.1,-27.8,-17.8,-17.7
212.79,-10.1,-13.3,-28.0,-17.7,-16.9
212.80,-10.2,-13.8,-28.0,-17.6,-17.2
212.81,-10.1,-13.9,-27.8,-17.5,-17.2
212.82,-9.2,-13.7,-15.3,-18.4,-17.7
212.83,-8.2,-13.4,-11.7,-19.6,-19.0
212.84,-8.3,-12.9,-11.5,-21.2,-21.0
212.85,-8.5,-13.1,-11.4,-22.0,-22.2
212.86,-8.3,-12.4,-11.6,-21.4,-21.8
212.87,-9.3,-11.8,-16.3,-20.0,-21.1
212.88,-9.5,-11.3,-21.0,-19.1,-21.0
212.89,-9.0,-10.5,-21.8,-18.7,-21.2
212.90,-9.0,-10.3,-21.6,-18.6,-21.5
212.91,-9.3,-10.6,-21.7,-18.7,-22.4
212.92,-9.4,-11.0,-23.0,-18.5,-22.3
212.93,-9.5,-11.5,-24.2,-18.4,-21.4
212.94,-10.0,-12.1,-24.9,-18.4,-21.4
212.95,-9.8,-12.1,-25.3,-18.2,-21.1
212.96,-9.3,-11.2,-26.0,-18.6,-21.2
212.97,-9.1,-10.8,-26.5,-18.6,-21.4
212.98,-9.0,-10.5,-27.4,-19.1,-21.4
212.99,-9.1,-10.6,-27.9,-19.4,-21.1
213.00,-9.3,-10.8,-28.6,-19.3,-21.1
213.01,-9.6,-11.3,-29.2,-19.3,-20.6
213.02,-9.6,-11.2,-29.6,-19.0,-20.6
213.03,-9.5,-11.0,-29.6,-19.1,-21.1
213.04,-9.4,-10.9,-29.8,-18.8,-20.9
213.05,-9.4,-11.0,-29.7,-19.1,-18.6
213.06,-9.4,-11.4,-29.4,-18.8,-17.6
213.07,-9.9,-12.6,-29.2,-18.9,-17.2
213.08,-10.6,-14.1,-28.8,-18.9,-17.0
213.09,-11.3,-16.0,-28.4,-19.1,-16.6
213.10,-12.1,-19.0,-28.4,-19.0,-17.3
213.11,-13.5,-22.0,-28.7,-19.4,-18.1
213.12,-13.5,-20.3,-29.3,-19.3,-19.2
213.13,-11.2,-17.4,-16.9,-19.7,-20.1
213.14,-9.4,-15.7,-12.8,-19.8,-21.3
213.15,-8.5,-13.3,-11.7,-20.6,-21.9
213.16,-8.0,-12.0,-11.3,-21.1,-22.8
213.17,-7.8,-11.4,-11.3,-21.2,-23.4
213.18,-8.6,-11.1,-13.4,-20.8,-23.1
213.19,-8.9,-10.7,-16.6,-21.0,-23.3
213.20,-9.3,-11.2,-19.2,-20.1,-24.2
213.21,-9.7,-11.9,-20.9,-20.1,-24.3
213.22,-9.8,-12.0,-21.2,-19.3,-24.4
213.23,-10.0,-12.2,-22.7,-18.5,-24.4
213.24,-9.9,-12.4,-23.4,-17.9,-23.9
213.25,-9.9,-12.2,-24.8,-17.9,-22.8
213.26,-9.8,-12.2,-24.7,-17.4,-22.5
213.27,-10.1,-12.4,-25.2,-18.0,-22.6
213.28,-10.2,-12.5,-25.6,-17.9,-22.3
213.29,-10.2,-12.4,-25.9,-18.5,-21.3
213.30,-10.1,-12.2,-27.1,-19.3,-20.9
213.31,-10.2,-12.3,-28.6,-20.0,-20.3
213.32,-10.2,-12.3,-29.6,-20.2,-19.0
213.33,-10.2,-13.0,-30.4,-19.2,-18.0
213.34,-10.5,-14.0,-30.4,-18.2,-18.4
213.35,-10.8,-15.2,-30.6,-17.5,-18.9
213.36,-11.3,-16.9,-30.1,-17.8,-18.3
213.37,-12.1,-19.7,-29.9,-17.6,-18.2
213.38,-12.8,-22.3,-30.0,-17.6,-18.6
213.39,-13.2,-25.7,-30.1,-17.4,-18.6
213.40,-13.7,-28.7,-30.1,-17.4,-19.3
213.41,-13.7,-31.0,-29.9,-17.2,-20.4
213.42,-14.6,-31.0,-29.7,-17.7,-21.1
213.43,-14.0,-29.2,-29.7,-17.2,-21.1
213.44,-12.8,-22.5,-29.9,-16.9,-20.9
213.45,-10.9,-19.9,-17.7,-17.1,-21.4
213.46,-8.9,-15.6,-13.2,-18.1,-22.0
213.47,-8.3,-13.4,-12.8,-19.2,-22.9
213.48,-8.0,-12.4,-12.6,-19.4,-24.1
213.49,-7.8,-11.7,-12.6,-19.8,-24.7
213.50,-9.4,-11.5,-16.3,-20.2,-23.7
213.51,-10.5,-12.2,-21.5,-19.1,-22.8
213.52,-10.1,-12.0,-21.8,-19.1,-22.4
213.53,-10.5,-12.4,-22.1,-18.9,-21.8
213.54,-10.5,-12.7,-22.1,-18.6,-21.0
213.55,-10.4,-13.1,-23.8,-18.4,-20.2
213.56,-10.7,-14.0,-24.7,-18.4,-19.6
213.57,-11.0,-14.8,-24.8,-18.1,-19.0
213.58,-11.0,-15.0,-24.7,-18.0,-19.0
213.59,-10.7,-14.7,-24.8,-17.8,-18.8
213.60,-10.8,-14.5,-24.9,-18.0,-18.8
213.61,-10.5,-14.2,-25.4,-17.6,-18.7
213.62,-10.2,-13.7,-26.9,-17.4,-19.0
213.63,-9.9,-13.3,-27.6,-17.1,-18.9
213.64,-9.7,-12.8,-29.2,-17.0,-19.5
213.65,-9.7,-12.5,-30.6,-17.1,-20.2
213.66,-9.7,-12.4,-31.4,-17.2,-20.6
213.67,-9.9,-12.4,-31.7,-17.5,-21.1
213.68,-10.4,-13.0,-31.9,-17.7,-21.4
213.69,-10.8,-13.5,-31.9,-17.7,-21.7
213.70,-10.5,-13.2,-31.7,-17.5,-21.9
213.71,-10.4,-12.9,-31.5,-17.4,-22.4
213.72,-10.4,-12.6,-31.0,-17.4,-23.1
213.73,-10.2,-12.4,-30.8,-17.4,-22.5
213.74,-10.0,-12.0,-31.1,-17.6,-23.1
213.75,-9.9,-12.3,-31.1,-17.6,-21.1
213.76,-9.1,-12.8,-17.1,-17.6,-20.1
213.77,-8.2,-13.0,-12.5,-18.1,-20.2
213.78,-7.6,-13.1,-11.3,-18.6,-19.9
213.79,-7.8,-13.5,-11.1,-19.9,-20.9
213.80,-7.9,-13.4,-10.9,-20.6,-21.9
213.81,-9.1,-13.3,-13.0,-21.9,-22.4
213.82,-10.0,-13.6,-16.3,-22.3,-22.6
213.83,-10.7,-13.6,-18.4,-22.6,-23.0
213.84,-10.8,-13.0,-19.5,-21.6,-22.6
213.85,-10.4,-12.7,-20.0,-20.8,-22.1
213.86,-10.0,-12.0,-21.2,-20.9,-21.9
213.87,-9.5,-11.6,-22.0,-20.3,-21.8
213.88,-9.2,-11.2,-23.8,-19.0,-21.7
213.89,-9.1,-10.9,-24.7,-19.3,-21.3
213.90,-8.9,-10.7,-26.1,-19.2,-21.0
213.91,-8.7,-10.8,-27.1,-18.1,-20.5
213.92,-8.9,-11.0,-28.3,-18.4,-20.2
213.93,-9.3,-11.5,-29.5,-19.0,-19.6
213.94,-9.8,-12.1,-30.5,-18.1,-19.6
213.95,-9.8,-12.5,-31.2,-18.6,-18.8
213.96,-10.2,-12.7,-31.6,-19.5,-18.2
213.97,-9.7,-12.2,-32.6,-18.6,-18.1
213.98,-9.7,-12.2,-33.0,-19.2,-17.8
213.99,-9.9,-12.3,-33.0,-20.2,-17.6
214.00,-9.8,-12.3,-33.0,-19.6,-18.3
214.01,-10.3,-12.5,-32.7,-20.8,-18.9
214.02,-11.0,-13.7,-32.7,-20.4,-19.2
214.03,-12.0,-15.1,-32.3,-20.6,-19.3
214.04,-12.6,-16.6,-31.5,-20.1,-19.8
214.05,-14.7,-21.1,-31.1,-20.8,-19.9
214.06,-15.4,-28.2,-30.9,-20.1,-19.9
214.07,-15.9,-29.0,-30.8,-20.1,-20.4
214.08,-13.6,-22.8,-16.3,-20.2,-20.7
214.09,-10.6,-18.7,-12.0,-20.2,-21.0
214.10,-9.0,-14.6,-11.4,-19.9,-21.4
214.11,-8.3,-12.8,-11.2,-20.0,-21.7
214.12,-7.9,-12.0,-11.2,-19.3,-22.8
214.13,-8.2,-11.2,-13.6,-18.9,-23.3
214.14,-8.8,-10.6,-20.2,-18.6,-23.0
214.15,-9.2,-10.7,-20.4,-18.5,-23.0
214.16,-9.1,-10.7,-21.2,-18.5,-23.2
214.17,-9.0,-10.7,-20.9,-18.5,-22.9
214.18,-9.0,-10.8,-23.0,-18.3,-22.4
214.19,-9.6,-11.6,-23.3,-18.3,-22.3
214.20,-9.6,-11.6,-24.5,-18.1,-22.0
214.21,-9.3,-11.2,-25.0,-18.1,-21.9
214.22,-9.1,-10.6,-26.0,-18.0,-22.1
214.23,-8.9,-10.5,-26.5,-18.2,-22.2
214.24,-8.8,-10.3,-27.3,-18.4,-22.7
214.25,-9.1,-10.7,-28.2,-17.9,-22.5
214.26,-9.6,-11.5,-28.8,-18.2,-22.0
214.27,-9.4,-11.6,-29.8,-17.9,-21.0
214.28,-9.9,-12.6,-30.7,-17.9,-20.7
214.29,-9.8,-12.9,-31.3,-17.3,-20.1
214.30,-9.8,-12.7,-32.0,-18.2,-18.9
214.31,-10.0,-13.3,-32.3,-18.1,-18.4
214.32,-10.1,-13.7,-32.3,-18.0,-18.2
214.33,-10.4,-13.9,-32.8,-18.2,-18.0
214.34,-10.5,-14.5,-32.8,-18.1,-17.8
214.35,-11.0,-15.7,-33.3,-17.8,-18.4
214.36,-11.8,-16.7,-33.8,-17.9,-19.2
214.37,-12.5,-17.9,-33.6,-18.0,-19.9
214.38,-12.2,-18.2,-33.0,-17.8,-20.5
214.39,-11.9,-18.1,-19.9,-17.7,-21.6
214.40,-9.6,-17.2,-13.5,-17.8,-21.8
214.41,-8.4,-16.8,-11.2,-18.1,-22.1
214.42,-8.2,-16.1,-11.0,-18.5,-22.8
214.43,-7.9,-14.7,-10.9,-18.2,-22.7
214.44,-8.5,-14.1,-12.6,-18.6,-22.8
214.45,-9.3,-13.7,-15.8,-18.6,-22.8
214.46,-9.9,-13.3,-18.7,-18.5,-22.8
214.47,-10.2,-13.3,-19.6,-18.8,-22.1
214.48,-10.5,-13.7,-20.0,-19.2,-22.0
214.49,-10.8,-13.8,-20.9,-19.0,-22.0
214.50,-10.4,-13.0,-22.5,-18.8,-22.1
214.51,-10.1,-12.8,-23.6,-18.4,-21.8
214.52,-9.5,-12.3,-23.9,-18.0,-21.9
214.53,-9.4,-12.1,-23.9,-17.9,-22.1
214.54,-9.3,-11.9,-24.0,-18.0,-21.9
214.55,-9.9,-12.5,-24.4,-18.6,-22.0
214.56,-10.2,-12.8,-25.1,-19.7,-22.1
214.57,-11.1,-13.6,-26.4,-20.0,-22.2
214.58,-11.7,-14.6,-27.4,-20.5,-21.9
214.59,-11.6,-14.4,-28.7,-20.1,-21.8
214.60,-11.0,-13.6,-29.3,-19.3,-22.0
214.61,-11.0,-14.1,-29.4,-18.3,-21.3
214.62,-11.2,-14.5,-29.2,-18.2,-20.7
214.63,-10.7,-14.2,-28.8,-17.9,-20.0
214.64,-11.3,-16.0,-28.7,-17.6,-19.3
214.65,-11.5,-16.4,-28.7,-17.8,-18.6
214.66,-11.5,-15.9,-28.5,-17.8,-18.7
214.67,-11.0,-14.4,-28.9,-18.0,-19.0
214.68,-11.4,-15.0,-29.4,-18.0,-19.0
214.69,-11.7,-14.8,-30.0,-18.1,-19.5
214.70,-10.1,-12.8,-30.9,-18.5,-19.7
214.71,-9.2,-12.7,-19.4,-18.7,-18.7
214.72,-7.9,-12.7,-13.1,-19.2,-18.4
214.73,-7.2,-11.9,-12.1,-20.1,-18.4
214.74,-7.0,-11.2,-11.9,-20.6,-18.6
214.75,-7.4,-12.0,-11.9,-21.1,-19.5
214.76,-7.9,-11.6,-13.5,-22.3,-20.0
214.77,-9.0,-10.9,-19.4,-22.1,-20.4
214.78,-9.7,-11.4,-20.0,-23.5,-20.8
214.79,-9.5,-11.0,-21.5,-24.5,-21.3
214.80,-9.2,-10.8,-21.0,-22.4,-21.5
214.81,-9.2,-11.0,-22.2,-21.1,-21.9
214.82,-10.2,-12.2,-22.2,-21.1,-21.9
214.83,-9.8,-11.8,-24.2,-20.2,-22.0
214.84,-10.2,-12.4,-24.0,-19.7,-22.0
214.85,-11.0,-12.9,-24.5,-21.2,-22.2
214.86,-10.6,-12.6,-24.1,-20.2,-22.1
214.87,-9.9,-11.8,-24.1,-19.2,-21.9
214.88,-10.0,-12.0,-24.8,-20.0,-22.0
214.89,-10.1,-11.8,-25.8,-20.7,-21.8
214.90,-9.7,-11.5,-28.0,-20.5,-21.7
214.91,-10.2,-11.6,-30.0,-23.0,-21.8
214.92,-10.2,-11.8,-30.2,-22.6,-21.5
214.93,-10.4,-12.1,-30.5,-22.5,-21.6
214.94,-10.1,-11.7,-30.9,-23.0,-21.5
214.95,-10.0,-11.7,-31.7,-22.3,-21.2
214.96,-10.3,-12.0,-32.4,-22.6,-21.1
214.97,-11.0,-12.4,-33.3,-24.5,-21.5
214.98,-11.0,-12.5,-34.3,-23.2,-21.5
214.99,-11.3,-12.8,-34.6,-23.3,-21.7
215.00,-11.2,-12.4,-34.8,-24.2,-22.3
215.01,-11.5,-13.1,-34.8,-22.5,-22.6
215.02,-11.2,-13.9,-20.8,-22.1,-23.0
215.03,-9.7,-13.7,-13.9,-23.4,-23.5
215.04,-8.4,-14.3,-11.2,-24.2,-23.8
215.05,-7.9,-14.1,-10.6,-23.5,-23.9
215.06,-7.6,-13.0,-10.4,-24.8,-23.8
215.07,-8.2,-12.9,-11.5,-24.7,-23.9
215.08,-9.3,-12.5,-14.9,-22.4,-23.6
215.09,-9.8,-12.0,-17.9,-22.8,-23.8
215.10,-10.0,-11.8,-19.1,-22.8,-23.7
215.11,-9.6,-11.4,-19.9,-22.2,-23.6
215.12,-9.5,-11.3,-20.3,-22.1,-23.3
215.13,-9.6,-11.2,-22.0,-22.6,-23.3
215.14,-9.7,-11.6,-22.8,-20.8,-23.0
215.15,-9.6,-11.4,-23.3,-21.1,-22.3
215.16,-10.0,-11.8,-23.4,-22.0,-22.2
215.17,-10.1,-12.1,-23.9,-21.4,-22.0
215.18,-10.0,-11.8,-24.6,-20.8,-22.0
215.19,-10.2,-11.9,-25.7,-21.9,-21.8
215.20,-10.0,-11.7,-27.6,-21.2,-20.7
215.21,-9.5,-11.3,-28.5,-20.3,-20.1
215.22,-9.7,-11.3,-28.8,-21.4,-19.4
215.23,-9.3,-11.0,-29.5,-21.2,-18.9
215.24,-8.9,-11.0,-30.1,-19.4,-18.5
215.25,-9.3,-11.1,-30.8,-19.8,-19.2
215.26,-9.3,-11.3,-31.5,-19.5,-18.9
215.27,-9.2,-11.1,-31.5,-19.0,-19.2
215.28,-9.3,-11.1,-30.8,-20.1,-19.3
215.29,-9.6,-11.3,-30.2,-20.7,-19.4
215.30,-9.3,-11.1,-29.4,-19.4,-19.7
215.31,-9.4,-11.2,-29.0,-20.0,-20.0
215.32,-10.3,-12.1,-29.5,-20.7,-20.0
215.33,-10.5,-12.6,-29.6,-19.7,-20.4
215.34,-9.9,-12.6,-22.8,-19.5,-21.0
215.35,-8.5,-12.3,-12.7,-20.5,-21.4
215.36,-7.9,-11.9,-11.6,-19.5,-22.3
215.37,-7.2,-10.5,-11.4,-18.6,-23.7
215.38,-7.0,-9.6,-11.4,-20.0,-24.8
215.39,-7.5,-9.9,-12.9,-19.7,-24.7
215.40,-8.1,-9.7,-18.4,-19.7,-24.5
215.41,-8.9,-10.4,-20.0,-20.8,-24.1
215.42,-9.4,-10.9,-21.1,-21.6,-23.4
215.43,-9.8,-11.9,-20.9,-19.9,-23.3
215.44,-10.2,-11.9,-22.1,-20.9,-23.1
215.45,-10.0,-11.9,-22.4,-20.4,-22.8
215.46,-10.0,-11.9,-24.0,-19.5,-22.6
215.47,-9.5,-11.4,-23.3,-19.9,-22.2
215.48,-10.0,-11.6,-23.6,-20.6,-22.6
215.49,-9.5,-11.4,-23.2,-19.0,-22.5
215.50,-9.8,-11.6,-23.2,-19.2,-22.2
215.51,-9.5,-11.3,-23.7,-19.6,-21.0
215.52,-9.2,-11.1,-24.8,-18.5,-20.4
215.53,-8.7,-10.8,-25.9,-17.5,-19.5
215.54,-8.6,-10.7,-27.7,-17.4,-19.0
215.55,-8.3,-10.2,-29.2,-17.0,-19.5
215.56,-8.3,-10.0,-31.1,-16.7,-20.0
215.57,-8.5,-10.2,-32.3,-16.9,-20.8
215.58,-9.1,-10.7,-32.3,-17.5,-21.3
215.59,-9.2,-11.1,-31.9,-17.2,-20.5
215.60,-9.5,-11.6,-32.0,-17.3,-20.1
215.61,-9.9,-12.2,-31.7,-17.6,-19.7
215.62,-10.3,-13.1,-31.4,-17.8,-19.3
215.63,-11.0,-14.0,-31.2,-18.4,-19.4
215.64,-11.4,-14.2,-31.4,-19.0,-19.8
215.65,-11.2,-14.3,-27.5,-19.5,-20.4
215.66,-10.0,-14.3,-14.4,-20.4,-21.3
215.67,-8.6,-13.4,-11.9,-21.4,-21.9
215.68,-8.0,-12.4,-11.2,-21.5,-23.0
215.69,-7.7,-12.0,-11.0,-21.6,-23.8
215.70,-8.1,-11.8,-11.8,-21.7,-24.4
215.71,-8.9,-11.5,-14.3,-22.0,-24.3
215.72,-9.7,-11.7,-18.4,-21.3,-24.3
215.73,-9.8,-11.7,-18.7,-21.8,-24.4
215.74,-9.8,-11.8,-19.3,-22.3,-23.9
215.75,-9.4,-11.5,-19.3,-21.3,-23.6
215.76,-9.8,-11.8,-21.1,-20.9,-23.7
215.77,-10.0,-11.9,-22.3,-20.3,-23.8
215.78,-9.8,-11.7,-23.4,-20.1,-23.9
215.79,-9.8,-12.0,-23.3,-19.3,-24.5
215.80,-10.4,-12.4,-23.3,-20.4,-24.6
215.81,-10.2,-12.6,-22.7,-19.7,-24.3
215.82,-10.5,-13.2,-22.4,-20.2,-24.3
215.83,-10.7,-14.0,-22.7,-19.4,-23.8
215.84,-11.4,-15.0,-23.4,-20.0,-23.5
215.85,-11.5,-16.0,-25.1,-18.3,-23.1
215.86,-12.2,-17.4,-26.7,-17.9,-22.7
215.87,-12.4,-19.4,-28.8,-17.2,-22.1
215.88,-12.6,-21.6,-32.0,-16.6,-21.0
215.89,-12.8,-22.1,-33.5,-16.6,-20.6
215.90,-13.2,-21.9,-34.5,-17.3,-20.3
215.91,-13.0,-21.8,-33.8,-17.2,-19.9
215.92,-13.6,-21.5,-33.6,-17.6,-20.1
215.93,-13.5,-21.5,-33.7,-17.7,-20.3
215.94,-13.3,-21.2,-33.3,-17.1,-20.5
215.95,-13.6,-20.6,-34.2,-18.0,-20.6
215.96,-13.7,-20.2,-34.1,-18.1,-20.9
215.97,-12.6,-17.9,-26.1,-18.4,-21.2
215.98,-9.2,-16.3,-13.7,-19.2,-21.9
215.99,-8.2,-13.8,-12.2,-20.0,-22.7
216.00,-7.8,-12.5,-12.0,-20.2,-23.7
216.01,-7.6,-11.6,-11.9,-22.4,-24.2
216.02,-7.9,-11.0,-12.9,-23.8,-24.4
216.03,-9.1,-10.7,-17.0,-23.6,-24.7
216.04,-9.4,-11.0,-20.6,-21.6,-23.6
216.05,-9.5,-11.2,-21.7,-20.9,-23.1
216.06,-9.8,-11.8,-21.6,-20.3,-22.8
216.07,-10.1,-12.3,-21.8,-20.2,-22.1
216.08,-10.4,-12.5,-23.1,-19.9,-22.0
216.09,-10.5,-12.5,-24.7,-19.4,-22.3
216.10,-10.2,-12.4,-23.1,-19.4,-22.1
216.11,-10.2,-12.2,-22.9,-19.6,-22.1
216.12,-9.9,-11.9,-22.0,-20.1,-22.8
216.13,-9.8,-11.9,-21.7,-20.0,-22.4
216.14,-10.0,-12.0,-21.9,-20.8,-22.9
216.15,-10.1,-11.8,-23.1,-21.6,-23.2
216.16,-10.0,-12.3,-24.4,-20.0,-22.6
216.17,-9.4,-11.9,-26.5,-18.7,-21.3
216.18,-9.4,-11.8,-28.5,-18.2,-21.1
216.19,-9.2,-11.7,-30.4,-17.6,-20.5
216.20,-9.1,-11.4,-33.0,-16.9,-20.5
216.21,-9.0,-10.9,-33.8,-17.2,-21.0
216.22,-9.4,-10.9,-35.3,-17.7,-22.0
216.23,-9.4,-10.8,-35.5,-18.0,-21.4
216.24,-9.4,-10.9,-35.5,-18.0,-21.8
216.25,-9.6,-11.4,-35.5,-17.4,-22.0
216.26,-10.0,-12.2,-35.2,-17.6,-21.4
216.27,-10.2,-12.4,-35.2,-17.7,-21.4
216.28,-10.3,-12.4,-33.9,-17.8,-22.1
216.29,-9.4,-12.6,-15.1,-17.8,-22.2
216.30,-9.1,-12.7,-12.1,-18.1,-22.3
216.31,-8.8,-12.8,-11.3,-18.9,-23.3
216.32,-8.5,-12.9,-11.0,-19.1,-23.9
216.33,-8.9,-13.4,-11.1,-19.2,-23.7
216.34,-9.7,-13.4,-12.6,-18.8,-24.3
216.35,-10.4,-13.3,-16.9,-19.0,-24.4
216.36,-10.5,-12.7,-18.2,-19.3,-23.9
216.37,-10.0,-12.6,-18.6,-18.4,-23.4
216.38,-9.8,-12.3,-19.2,-18.0,-23.4
216.39,-9.5,-11.9,-21.5,-18.1,-22.8
216.40,-9.7,-11.9,-22.8,-18.2,-22.0
216.41,-10.2,-12.2,-24.6,-18.2,-22.4
216.42,-10.7,-12.7,-23.5,-18.0,-22.8
216.43,-10.3,-13.1,-23.2,-17.7,-22.0
216.44,-10.6,-14.0,-22.5,-18.0,-22.5
216.45,-10.7,-14.1,-22.3,-18.2,-22.5
216.46,-10.3,-13.6,-22.5,-18.0,-21.4
216.47,-9.9,-13.1,-23.2,-17.9,-20.7
216.48,-10.4,-12.8,-24.9,-18.7,-20.6
216.49,-10.3,-12.4,-27.0,-19.5,-19.8
216.50,-10.5,-12.9,-28.9,-19.1,-20.1
216.51,-11.0,-13.1,-31.9,-19.0,-20.3
216.52,-10.6,-13.2,-23.8,-19.1,-20.9
216.53,-9.4,-14.1,-14.5,-19.3,-22.2
216.54,-9.2,-15.2,-13.4,-19.7,-22.8
216.55,-9.4,-16.6,-12.8,-19.6,-22.7
216.56,-9.7,-19.1,-12.5,-19.7,-22.7
216.57,-10.6,-23.3,-13.9,-19.9,-22.9
216.58,-12.7,-27.0,-16.9,-19.5,-23.1
216.59,-13.1,-25.2,-18.8,-19.9,-23.3
216.60,-12.9,-19.7,-20.2,-20.8,-23.6
216.61,-10.6,-17.4,-14.7,-21.8,-23.9
216.62,-9.2,-15.7,-12.1,-23.4,-24.0
216.63,-8.8,-13.8,-12.0,-23.7,-23.7
216.64,-8.0,-12.4,-11.9,-21.5,-23.2
216.65,-8.0,-11.7,-12.1,-21.5,-23.4
216.66,-9.2,-11.5,-16.5,-19.9,-23.6
216.67,-9.2,-10.7,-20.5,-19.5,-23.6
216.68,-8.8,-10.1,-21.3,-19.9,-23.5
216.69,-8.6,-10.0,-20.7,-19.1,-24.0
216.70,-8.6,-10.0,-20.2,-19.2,-24.0
216.71,-8.5,-10.0,-21.1,-19.2,-24.1
216.72,-9.0,-10.8,-21.4,-18.8,-24.3
216.73,-9.5,-11.2,-21.2,-19.6,-23.9
216.74,-9.6,-11.7,-21.5,-18.7,-23.5
216.75,-9.5,-11.6,-21.9,-19.0,-23.5
216.76,-9.4,-11.4,-22.4,-19.3,-22.7
216.77,-9.5,-11.5,-22.7,-19.4,-22.1
216.78,-9.5,-11.6,-23.6,-20.5,-21.9
216.79,-9.9,-11.9,-24.3,-21.6,-21.6
216.80,-10.3,-12.1,-25.7,-21.7,-21.6
216.81,-11.2,-12.9,-27.0,-23.8,-22.2
216.82,-11.1,-13.0,-28.6,-22.5,-21.8
216.83,-11.3,-13.4,-30.1,-21.2,-21.9
216.84,-11.8,-13.9,-30.1,-21.3,-22.4
216.85,-11.8,-14.4,-29.8,-20.5,-22.1
216.86,-12.2,-15.2,-29.5,-19.8,-22.3
216.87,-13.5,-17.6,-29.1,-20.3,-22.3
216.88,-14.1,-19.6,-28.8,-19.8,-22.1
216.89,-15.0,-22.7,-28.9,-20.1,-21.9
216.90,-14.9,-25.7,-29.2,-19.7,-21.1
216.91,-14.7,-27.0,-29.2,-19.2,-20.9
216.92,-11.0,-29.4,-14.1,-19.6,-20.9
216.93,-9.3,-31.6,-11.2,-20.0,-21.0
216.94,-8.8,-32.9,-10.4,-20.9,-21.4
216.95,-8.8,-34.1,-10.1,-22.8,-22.1
216.96,-8.8,-34.6,-10.1,-22.4,-22.4
216.97,-10.6,-34.3,-12.5,-23.3,-21.7
216.98,-12.8,-34.0,-15.6,-22.4,-21.6
216.99,-13.7,-33.6,-16.9,-21.2,-21.2
217.00,-13.9,-33.8,-17.7,-21.0,-20.7
217.01,-14.3,-33.9,-18.0,-20.4,-20.6
217.02,-14.6,-33.5,-19.5,-20.2,-20.1
217.03,-14.7,-33.3,-20.1,-20.3,-19.9
217.04,-14.3,-30.2,-21.7,-19.7,-19.9
217.05,-13.8,-27.2,-21.8,-20.2,-19.6
217.06,-13.7,-24.5,-22.4,-19.7,-20.2
217.07,-13.2,-21.5,-22.2,-19.7,-20.2
217.08,-13.3,-19.6,-22.5,-21.0,-20.4
217.09,-13.1,-18.7,-22.5,-20.9,-21.2
217.10,-12.3,-16.1,-23.2,-22.4,-21.7
217.11,-11.5,-14.7,-23.9,-22.4,-22.5
217.12,-10.4,-13.3,-24.5,-20.0,-22.9
217.13,-9.8,-11.9,-26.0,-20.7,-23.9
217.14,-9.2,-11.2,-27.8,-18.9,-24.7
217.15,-9.0,-10.9,-27.7,-18.4,-24.6
217.16,-8.9,-10.6,-28.8,-18.9,-24.8
217.17,-9.4,-11.3,-29.3,-18.7,-24.1
217.18,-9.6,-11.5,-29.4,-19.1,-23.6
217.19,-10.1,-12.4,-29.8,-19.1,-22.8
217.20,-10.7,-13.7,-30.0,-18.6,-22.6
217.21,-11.0,-14.8,-30.3,-18.7,-22.0
217.22,-11.5,-15.2,-30.3,-18.6,-22.1
217.23,-11.3,-14.9,-29.1,-18.4,-22.0
217.24,-10.5,-14.8,-16.3,-19.7,-21.8
217.25,-8.5,-13.6,-12.3,-20.5,-21.5
217.26,-8.4,-13.1,-11.9,-21.9,-21.2
217.27,-8.2,-12.7,-11.7,-25.5,-21.0
217.28,-8.0,-12.3,-11.9,-22.7,-21.0
217.29,-9.1,-12.5,-16.1,-20.9,-20.4
217.30,-10.0,-13.2,-20.6,-19.7,-20.0
217.31,-10.1,-14.0,-20.9,-18.9,-19.7
217.32,-10.2,-14.1,-20.7,-18.4,-19.7
217.33,-9.7,-13.1,-20.4,-18.4,-19.8
217.34,-9.4,-11.8,-21.7,-18.3,-20.1
217.35,-8.5,-10.7,-22.3,-17.8,-20.5
217.36,-8.3,-10.1,-22.5,-18.1,-20.9
217.37,-8.0,-9.8,-21.9,-17.7,-21.3
217.38,-8.5,-10.3,-21.6,-17.7,-21.7
217.39,-8.8,-11.0,-21.2,-17.8,-22.0
217.40,-9.1,-11.4,-21.3,-17.7,-22.4
217.41,-9.5,-11.9,-21.7,-18.1,-22.9
217.42,-10.6,-13.4,-21.8,-19.5,-22.9
217.43,-10.7,-13.8,-22.2,-19.0,-22.6
217.44,-10.5,-13.4,-22.5,-19.2,-22.4
217.45,-10.2,-12.9,-22.8,-18.9,-22.4
217.46,-9.6,-12.1,-23.4,-17.7,-22.5
217.47,-9.2,-11.3,-23.7,-17.4,-22.9
217.48,-9.1,-11.0,-24.0,-17.2,-23.3
217.49,-9.2,-10.8,-24.2,-17.3,-23.9
217.50,-9.8,-11.5,-24.2,-17.7,-24.4
217.51,-9.6,-11.4,-24.7,-17.2,-24.3
217.52,-10.1,-12.1,-24.5,-17.4,-24.5
217.53,-10.1,-11.9,-24.8,-17.4,-24.7
217.54,-10.3,-12.6,-24.8,-17.3,-24.1
217.55,-9.5,-12.7,-15.9,-17.8,-23.9
217.56,-8.0,-13.2,-12.3,-17.7,-23.9
217.57,-7.6,-12.9,-11.4,-18.4,-23.9
217.58,-7.5,-12.2,-11.2,-19.6,-24.0
217.59,-7.1,-11.4,-11.1,-19.9,-24.8
217.60,-8.3,-11.1,-13.7,-21.3,-25.0
217.61,-9.1,-11.1,-16.7,-21.4,-24.4
217.62,-9.3,-11.1,-18.3,-19.7,-23.8
217.63,-9.8,-11.6,-19.8,-20.3,-23.2
217.64,-9.8,-11.8,-19.9,-19.7,-22.8
217.65,-10.0,-12.2,-21.3,-18.7,-22.7
217.66,-10.4,-12.8,-21.8,-18.7,-22.6
217.67,-10.4,-13.4,-23.1,-18.2,-22.7
217.68,-10.6,-13.8,-22.5,-17.9,-22.1
217.69,-10.5,-13.3,-22.6,-17.9,-22.0
217.70,-10.1,-13.2,-22.1,-17.7,-21.8
217.71,-9.8,-12.6,-22.0,-17.6,-21.5
217.72,-10.0,-12.2,-22.5,-18.4,-21.2
217.73,-9.6,-11.9,-23.6,-18.8,-20.8
217.74,-10.1,-12.3,-24.4,-20.5,-20.0
217.75,-10.3,-13.0,-25.5,-19.0,-19.4
217.76,-10.7,-13.9,-26.0,-19.1,-19.1
217.77,-11.5,-17.2,-26.3,-17.6,-18.8
217.78,-12.3,-21.0,-26.2,-17.2,-18.8
217.79,-12.5,-24.2,-26.0,-16.6,-19.1
217.80,-13.0,-23.9,-25.8,-17.2,-19.4
217.81,-13.0,-22.9,-25.6,-17.0,-19.7
217.82,-12.8,-21.9,-25.4,-17.1,-19.4
217.83,-12.8,-21.0,-25.3,-17.2,-19.6
217.84,-12.7,-20.0,-25.5,-17.3,-19.8
217.85,-12.3,-19.1,-25.8,-17.1,-19.5
217.86,-11.8,-17.9,-26.2,-17.3,-19.6
217.87,-10.4,-16.5,-16.9,-17.5,-20.4
217.88,-8.4,-14.8,-12.7,-18.1,-21.1
217.89,-8.2,-13.8,-12.2,-19.8,-21.5
217.90,-7.8,-12.4,-12.0,-20.7,-22.5
217.91,-7.5,-11.4,-12.1,-20.8,-23.3
217.92,-8.3,-10.7,-15.5,-21.3,-23.2
217.93,-9.2,-10.9,-20.7,-20.4,-23.0
217.94,-8.6,-10.0,-21.4,-19.0,-23.4
217.95,-8.9,-10.5,-21.4,-18.9,-23.2
217.96,-9.1,-11.0,-20.9,-18.6,-23.3
217.97,-9.5,-11.4,-22.8,-18.2,-23.9
217.98,-9.5,-11.4,-23.4,-18.7,-23.7
217.99,-10.0,-12.3,-23.6,-18.2,-23.8
218.00,-9.8,-12.0,-22.4,-18.4,-23.7
218.01,-10.1,-12.3,-22.3,-18.6,-23.5
218.02,-9.9,-11.9,-22.1,-18.7,-24.2
218.03,-9.9,-11.7,-22.2,-19.5,-24.7
218.04,-10.1,-11.8,-23.8,-19.5,-25.2
218.05,-10.1,-11.9,-25.7,-19.9,-25.4
218.06,-10.4,-12.1,-27.7,-19.9,-24.9
218.07,-10.5,-12.3,-29.2,-19.2,-24.7
218.08,-10.4,-12.4,-30.2,-18.5,-24.6
218.09,-10.2,-12.3,-30.7,-17.6,-24.5
218.10,-9.6,-11.5,-30.2,-17.3,-24.6
218.11,-9.3,-11.1,-29.9,-17.2,-24.6
218.12,-9.3,-10.9,-29.1,-17.4,-24.0
218.13,-8.9,-10.4,-28.6,-17.5,-23.7
218.14,-9.0,-10.6,-28.2,-17.4,-24.3
218.15,-9.6,-11.3,-27.3,-17.5,-24.6
218.16,-10.2,-11.8,-27.2,-17.6,-25.2
218.17,-10.6,-12.7,-27.2,-17.7,-25.8
218.18,-10.5,-13.5,-17.2,-18.1,-26.1
218.19,-8.7,-12.4,-13.0,-18.1,-26.6
218.20,-7.9,-11.9,-11.6,-19.0,-26.7
218.21,-7.8,-11.7,-11.3,-20.4,-26.9
218.22,-7.4,-10.9,-11.2,-21.6,-25.8
218.23,-8.1,-10.9,-13.6,-22.0,-24.5
218.24,-8.9,-11.2,-16.0,-22.1,-23.4
218.25,-8.9,-10.7,-17.8,-20.1,-22.7
218.26,-8.9,-10.6,-18.8,-20.1,-22.4
218.27,-9.2,-10.8,-19.2,-19.8,-22.5
218.28,-9.1,-10.7,-20.2,-19.2,-22.8
218.29,-9.4,-10.8,-21.6,-19.1,-23.1
218.30,-9.4,-10.9,-23.1,-19.0,-23.9
218.31,-9.5,-11.2,-22.9,-18.6,-23.9
218.32,-9.7,-11.2,-23.4,-19.0,-23.7
218.33,-9.7,-11.4,-23.6,-18.4,-23.7
218.34,-10.0,-12.3,-24.0,-18.2,-23.0
218.35,-10.7,-13.1,-24.5,-19.0,-22.7
218.36,-10.7,-13.0,-25.8,-19.7,-22.7
218.37,-11.0,-13.1,-26.2,-21.1,-23.1
218.38,-10.5,-12.6,-26.8,-19.8,-23.7
218.39,-10.5,-12.4,-27.7,-20.1,-24.4
218.40,-10.5,-12.9,-28.8,-18.5,-24.3
218.41,-11.0,-13.7,-29.8,-17.7,-24.5
218.42,-11.5,-14.8,-30.2,-17.3,-23.7
218.43,-11.9,-15.2,-30.2,-17.3,-23.4
218.44,-12.4,-15.8,-30.2,-17.4,-23.6
218.45,-11.9,-14.9,-29.5,-17.4,-23.5
218.46,-11.9,-14.8,-28.7,-17.3,-23.5
218.47,-12.0,-15.2,-28.5,-17.4,-23.9
218.48,-12.0,-15.2,-29.0,-17.2,-24.0
218.49,-11.9,-14.8,-29.7,-17.3,-24.3
218.50,-10.5,-14.2,-18.1,-17.3,-24.7
218.51,-8.8,-13.9,-13.0,-17.7,-24.7
218.52,-8.0,-12.6,-12.1,-18.5,-24.2
218.53,-7.7,-12.2,-11.9,-18.6,-23.6
218.54,-7.7,-12.2,-11.9,-19.5,-23.3
218.55,-8.2,-11.9,-13.8,-19.9,-22.7
218.56,-9.4,-11.8,-19.7,-19.6,-22.7
218.57,-9.9,-12.2,-20.8,-20.1,-22.8
218.58,-10.2,-12.7,-21.6,-20.0,-22.7
218.59,-10.2,-12.8,-21.2,-19.7,-22.6
218.60,-10.6,-13.0,-23.0,-19.5,-22.7
218.61,-10.1,-12.2,-23.3,-19.5,-22.9
218.62,-10.0,-12.1,-23.7,-19.7,-22.9
218.63,-9.8,-11.8,-22.8,-18.7,-23.5
218.64,-9.7,-11.5,-22.7,-19.3,-23.7
218.65,-9.6,-11.5,-21.9,-19.3,-23.8
218.66,-10.2,-12.2,-21.9,-19.3,-24.1
218.67,-10.9,-12.5,-22.6,-21.0,-24.0
218.68,-10.6,-12.7,-23.2,-19.8,-23.5
218.69,-10.6,-13.2,-24.4,-18.9,-23.1
218.70,-10.2,-12.6,-25.9,-18.7,-22.6
218.71,-9.9,-12.5,-27.3,-17.9,-22.5
218.72,-10.3,-12.9,-29.6,-18.1,-22.2
218.73,-10.9,-14.0,-30.2,-18.2,-22.2
218.74,-11.8,-15.4,-30.6,-18.2,-22.1
218.75,-13.3,-18.7,-29.4,-18.7,-21.9
218.76,-14.0,-22.6,-28.4,-18.4,-21.8
218.77,-14.1,-26.4,-27.8,-18.2,-21.5
218.78,-14.4,-28.2,-26.8,-18.4,-21.6
218.79,-14.1,-28.6,-26.8,-18.2,-21.5
218.80,-14.2,-22.9,-26.9,-18.7,-21.7
218.81,-12.8,-20.3,-19.5,-18.8,-22.2
218.82,-11.2,-18.3,-13.7,-18.6,-22.7
218.83,-9.2,-15.5,-11.3,-19.8,-23.5
218.84,-8.7,-14.0,-11.0,-20.7,-23.8
218.85,-8.1,-13.2,-10.9,-19.5,-23.2
218.86,-8.2,-12.1,-12.3,-20.4,-22.3
218.87,-8.6,-11.7,-15.8,-19.4,-22.0
218.88,-9.0,-11.9,-17.8,-19.4,-21.7
218.89,-9.0,-11.8,-18.6,-19.5,-21.9
218.90,-9.4,-11.9,-19.0,-19.3,-22.4
218.91,-9.4,-11.6,-19.0,-19.9,-23.0
218.92,-9.2,-11.2,-20.8,-19.5,-22.9
218.93,-9.1,-10.9,-22.5,-18.9,-22.8
218.94,-9.0,-10.8,-23.0,-19.4,-21.9
218.95,-9.0,-11.0,-23.1,-18.9,-21.8
218.96,-9.1,-11.1,-22.9,-18.9,-21.7
218.97,-9.3,-11.4,-22.0,-19.3,-21.6
218.98,-9.3,-11.5,-21.7,-19.1,-21.8
218.99,-9.5,-11.5,-21.9,-19.3,-21.7
219.00,-9.6,-11.8,-22.1,-19.2,-21.4
219.01,-9.9,-12.1,-23.1,-18.7,-21.0
219.02,-10.0,-12.0,-24.7,-19.5,-20.6
219.03,-9.8,-12.1,-25.8,-18.7,-20.1
219.04,-10.2,-12.3,-27.5,-18.9,-19.8
219.05,-10.5,-12.8,-28.5,-19.1,-19.4
219.06,-10.7,-13.2,-28.8,-18.7,-19.2
219.07,-11.0,-13.7,-28.4,-18.9,-19.4
219.08,-10.5,-13.0,-27.6,-18.6,-19.5
219.09,-10.1,-12.6,-27.1,-18.0,-19.8
219.10,-10.0,-12.0,-27.2,-18.6,-20.3
219.11,-9.9,-12.1,-27.3,-18.1,-20.7
219.12,-10.0,-12.2,-27.5,-18.0,-21.1
219.13,-9.9,-12.6,-20.2,-18.4,-22.0
219.14,-8.3,-13.3,-12.4,-18.5,-22.9
219.15,-7.6,-12.4,-11.5,-19.1,-24.1
219.16,-7.4,-11.7,-11.3,-18.7,-24.9
219.17,-7.5,-11.6,-11.3,-19.4,-25.2
219.18,-8.1,-11.2,-13.2,-19.4,-25.2
219.19,-9.4,-11.1,-18.6,-19.1,-24.9
219.20,-9.7,-11.2,-20.9,-19.4,-24.6
219.21,-9.5,-11.5,-19.1,-19.6,-25.0
219.22,-9.2,-11.4,-16.5,-19.0,-25.3
219.23,-9.0,-11.6,-15.3,-19.2,-25.9
219.24,-8.8,-11.9,-14.7,-18.8,-26.5
219.25,-8.7,-11.8,-14.5,-18.9,-27.0
219.26,-9.4,-12.0,-15.9,-19.0,-26.9
219.27,-9.1,-11.8,-17.6,-18.7,-26.4
219.28,-9.3,-11.3,-19.6,-19.2,-26.6
219.29,-9.3,-11.0,-21.2,-19.7,-26.4
219.30,-9.0,-10.6,-22.8,-19.1,-25.9
219.31,-9.0,-10.5,-23.8,-19.5,-25.5
219.32,-9.1,-10.7,-25.0,-19.3,-24.4
219.33,-9.5,-11.1,-26.4,-19.0,-24.0
219.34,-9.9,-11.5,-27.7,-19.1,-23.7
219.35,-10.2,-11.8,-29.0,-19.1,-23.8
219.36,-10.3,-12.0,-29.9,-18.7,-24.1
219.37,-10.4,-11.9,-30.7,-18.8,-24.7
219.38,-10.3,-11.8,-30.7,-18.4,-25.0
219.39,-10.3,-11.8,-30.6,-18.8,-25.6
219.40,-10.1,-11.9,-30.6,-17.9,-25.4
219.41,-10.3,-12.5,-30.7,-17.5,-25.2
219.42,-10.8,-12.9,-31.3,-18.3,-26.0
219.43,-11.0,-13.5,-32.4,-17.7,-25.7
219.44,-11.0,-14.2,-26.8,-17.2,-24.7
219.45,-9.6,-14.6,-13.8,-18.0,-24.6
219.46,-8.1,-14.1,-11.5,-17.9,-24.1
219.47,-7.8,-13.7,-10.9,-17.7,-23.9
219.48,-7.4,-12.6,-10.7,-18.3,-24.0
219.49,-7.8,-11.7,-11.9,-18.0,-24.4
219.50,-8.5,-11.5,-15.1,-18.3,-23.9
219.51,-9.1,-11.6,-18.5,-18.7,-24.0
219.52,-9.5,-11.9,-18.9,-18.4,-23.8
219.53,-10.2,-12.8,-19.5,-19.0,-23.4
219.54,-10.3,-13.2,-19.7,-18.6,-23.2
219.55,-10.5,-13.1,-21.3,-18.5,-23.2
219.56,-10.5,-13.2,-22.9,-18.3,-23.1
219.57,-10.4,-13.0,-23.3,-17.9,-23.4
219.58,-10.2,-12.7,-22.4,-18.2,-23.3
219.59,-10.3,-12.6,-22.1,-18.3,-23.5
219.60,-10.0,-12.6,-21.6,-18.2,-23.1
219.61,-10.2,-12.8,-21.3,-19.2,-23.1
219.62,-10.5,-13.0,-21.6,-19.4,-22.6
219.63,-10.7,-13.3,-22.3,-19.2,-22.6
219.64,-11.0,-13.8,-23.6,-19.3,-23.0
219.65,-10.9,-13.8,-25.0,-18.6,-22.8
219.66,-11.1,-14.6,-26.8,-17.4,-22.8
219.67,-11.8,-15.1,-30.0,-18.0,-23.0
219.68,-12.2,-16.3,-32.1,-17.4,-22.7
219.69,-12.1,-16.9,-33.5,-16.9,-22.1
219.70,-12.8,-18.3,-33.5,-17.6,-21.7
219.71,-12.5,-18.8,-32.8,-17.1,-21.3
219.72,-12.3,-18.6,-32.5,-16.8,-20.9
219.73,-12.3,-18.4,-32.4,-17.2,-20.4
219.74,-12.8,-18.4,-31.6,-17.8,-20.4
219.75,-12.7,-18.5,-31.1,-17.4,-20.5
219.76,-12.5,-18.3,-23.8,-17.6,-20.7
219.77,-9.8,-17.8,-13.2,-18.9,-21.3
219.78,-8.6,-15.5,-12.1,-18.1,-21.9
219.79,-7.9,-13.4,-11.9,-18.2,-22.1
219.80,-7.4,-11.9,-11.9,-18.8,-21.9
219.81,-7.5,-11.1,-13.5,-18.6,-21.3
219.82,-8.5,-10.7,-17.8,-18.4,-20.8
219.83,-9.1,-11.2,-20.8,-19.1,-20.7
219.84,-9.7,-11.8,-22.4,-19.7,-20.2
219.85,-10.0,-12.4,-22.0,-19.1,-20.1
219.86,-11.0,-13.5,-22.3,-19.6,-20.2
219.87,-11.1,-13.8,-23.1,-18.8,-20.4
219.88,-11.1,-13.3,-24.4,-19.9,-20.1
219.89,-10.5,-12.8,-23.6,-18.7,-19.8
219.90,-10.5,-12.6,-23.8,-19.5,-20.1
219.91,-10.2,-12.7,-23.3,-18.4,-19.9
219.92,-10.2,-13.0,-23.3,-18.8,-19.8
219.93,-10.2,-13.1,-23.8,-18.8,-20.2
219.94,-10.6,-13.4,-25.3,-19.0,-20.3
219.95,-10.3,-13.0,-27.0,-19.0,-20.2
219.96,-10.1,-12.4,-29.8,-18.3,-20.1
219.97,-10.0,-12.2,-31.6,-18.8,-20.4
219.98,-10.0,-12.1,-32.3,-18.0,-20.4
219.99,-10.3,-12.3,-33.2,-18.6,-20.2
220.00,-10.4,-12.4,-33.6,-18.4,-20.4
220.01,-10.3,-12.7,-33.2,-18.5,-19.9
220.02,-10.3,-13.0,-33.1,-18.3,-19.7
220.03,-10.2,-13.0,-32.2,-18.3,-19.6
220.04,-10.0,-12.7,-30.8,-18.4,-19.8
220.05,-10.0,-12.4,-31.0,-18.7,-19.7
220.06,-10.2,-12.2,-31.2,-19.0,-20.3
220.07,-9.9,-12.0,-30.4,-18.5,-20.2
220.08,-8.5,-12.0,-14.3,-19.3,-20.4
220.09,-7.8,-12.0,-12.0,-18.8,-20.8
220.10,-7.7,-12.3,-11.3,-19.0,-20.8
220.11,-8.0,-12.9,-11.0,-19.8,-21.4
220.12,-8.5,-13.4,-11.5,-20.1,-21.6
220.13,-9.4,-14.2,-13.7,-19.9,-21.2
220.14,-11.4,-15.6,-18.3,-19.7,-21.1
220.15,-11.9,-16.9,-19.6,-19.7,-21.1
220.16,-12.1,-18.2,-19.9,-18.9,-20.6
220.17,-12.5,-20.0,-20.0,-19.5,-20.3
220.18,-13.4,-23.0,-21.4,-18.9,-19.9
220.19,-13.9,-25.6,-22.2,-19.2,-19.8
220.20,-14.0,-27.0,-22.5,-18.6,-19.4
220.21,-14.6,-27.0,-22.3,-19.2,-19.7
220.22,-14.0,-22.8,-22.4,-18.5,-19.7
220.23,-12.8,-17.4,-22.7,-18.6,-20.0
220.24,-11.6,-14.9,-23.2,-18.2,-20.2
220.25,-10.6,-13.4,-24.2,-18.2,-20.1
220.26,-10.0,-12.3,-25.8,-18.4,-20.0
220.27,-9.2,-11.2,-27.8,-18.3,-19.5
220.28,-8.9,-10.9,-30.5,-17.9,-19.4
220.29,-9.0,-10.9,-32.2,-17.9,-19.3
220.30,-9.4,-11.4,-34.2,-17.9,-19.7
220.31,-9.9,-11.9,-35.3,-17.7,-19.9
220.32,-10.9,-13.1,-36.8,-17.8,-20.1
220.33,-11.6,-14.6,-36.9,-17.6,-19.6
220.34,-12.0,-16.3,-36.4,-17.6,-19.0
220.35,-12.2,-18.0,-35.6,-17.3,-19.1
220.36,-12.4,-18.6,-33.0,-17.5,-18.9
220.37,-12.5,-18.9,-32.9,-17.7,-18.9
220.38,-12.4,-18.7,-33.0,-17.5,-18.9
220.39,-12.9,-18.1,-29.3,-18.0,-19.8
220.40,-10.0,-17.7,-13.5,-18.2,-20.1
220.41,-8.3,-15.1,-11.6,-18.4,-20.6
220.42,-7.9,-13.7,-11.4,-18.5,-21.9
220.43,-7.4,-12.0,-11.3,-19.2,-21.8
220.44,-7.3,-11.0,-11.8,-19.5,-21.7
220.45,-8.3,-10.4,-17.0,-19.4,-21.4
220.46,-8.7,-10.4,-22.1,-19.3,-21.2
220.47,-8.8,-10.4,-24.2,-19.1,-21.1
220.48,-9.4,-11.3,-23.5,-18.5,-21.4
220.49,-10.0,-11.7,-23.3,-19.1,-21.5
220.50,-10.1,-11.8,-23.5,-18.6,-21.6
220.51,-10.2,-12.1,-23.8,-18.8,-21.8
220.52,-10.4,-12.3,-23.1,-18.3,-22.0
220.53,-10.2,-12.2,-23.3,-18.8,-21.9
220.54,-9.7,-11.7,-23.1,-18.4,-22.5
220.55,-9.6,-11.3,-23.1,-19.0,-22.8
220.56,-9.5,-11.4,-23.7,-18.6,-22.4
220.57,-9.7,-11.5,-25.3,-18.5,-22.4
220.58,-9.8,-11.8,-25.9,-18.6,-22.2
220.59,-10.4,-12.7,-27.9,-18.3,-22.1
220.60,-10.8,-13.4,-29.6,-17.8,-21.5
220.61,-10.7,-13.4,-30.4,-17.4,-21.5
220.62,-10.9,-13.8,-31.0,-17.5,-20.9
220.63,-10.9,-14.5,-31.6,-17.2,-20.7
220.64,-11.4,-15.3,-31.9,-17.8,-20.3
220.65,-12.0,-16.6,-31.6,-17.7,-20.6
220.66,-13.5,-19.8,-31.0,-18.4,-20.5
220.67,-13.5,-23.3,-30.4,-18.0,-19.9
220.68,-14.5,-27.6,-30.0,-18.5,-20.3
220.69,-13.7,-31.7,-29.5,-17.8,-19.6
220.70,-14.0,-32.2,-29.2,-18.0,-19.7
220.71,-11.1,-31.7,-13.9,-18.0,-20.1
220.72,-9.5,-31.8,-11.5,-18.3,-20.7
220.73,-9.0,-31.0,-10.8,-18.4,-21.6
220.74,-8.9,-29.9,-10.6,-18.5,-22.7
220.75,-8.8,-29.5,-10.7,-18.3,-23.2
220.76,-9.9,-29.2,-12.9,-18.2,-22.9
220.77,-12.6,-29.4,-16.5,-18.5,-23.4
220.78,-12.6,-30.0,-17.8,-18.6,-22.7
220.79,-12.7,-31.1,-18.3,-18.6,-21.7
220.80,-13.0,-32.5,-18.4,-18.4,-21.5
220.81,-14.3,-33.6,-19.7,-19.1,-20.9
220.82,-14.3,-33.9,-20.9,-18.3,-20.2
220.83,-15.7,-31.9,-22.2,-18.9,-20.6
220.84,-14.4,-26.8,-22.3,-18.2,-19.9
220.85,-11.8,-16.9,-22.8,-18.2,-19.7
220.86,-10.9,-15.0,-22.2,-18.2,-20.0
220.87,-10.2,-13.4,-22.6,-18.9,-20.2
220.88,-9.5,-12.3,-23.2,-19.0,-20.4
220.89,-9.2,-11.4,-24.7,-19.1,-21.1
220.90,-9.3,-11.4,-26.7,-19.1,-21.7
220.91,-9.3,-11.4,-29.2,-18.4,-21.7
220.92,-9.6,-11.6,-30.7,-17.7,-21.9
220.93,-9.8,-12.0,-31.8,-17.4,-21.9
220.94,-10.6,-13.0,-32.3,-17.2,-22.3
220.95,-10.7,-13.4,-32.6,-17.5,-20.9
220.96,-10.4,-13.5,-33.0,-17.0,-20.7
220.97,-10.7,-14.2,-33.3,-17.1,-20.6
220.98,-11.2,-14.9,-33.1,-17.2,-20.5
220.99,-12.3,-16.6,-31.8,-17.3,-20.5
221.00,-12.6,-17.4,-31.3,-17.6,-20.6
221.01,-11.8,-15.8,-31.1,-17.6,-20.8
221.02,-11.0,-14.2,-28.1,-17.6,-20.8
221.03,-9.2,-13.1,-14.9,-17.9,-21.8
221.04,-7.8,-12.2,-11.8,-19.5,-22.1
221.05,-7.8,-11.8,-11.5,-20.7,-22.7
221.06,-7.8,-11.5,-11.4,-23.9,-23.1
221.07,-7.8,-11.3,-11.7,-27.0,-22.9
221.08,-8.9,-10.9,-16.5,-27.1,-22.8
221.09,-9.2,-10.7,-20.7,-25.7,-22.7
221.10,-9.1,-10.6,-21.7,-24.9,-22.5
221.11,-9.5,-11.2,-21.4,-22.9,-22.2
221.12,-9.6,-11.4,-21.1,-22.4,-22.0
221.13,-9.9,-11.9,-22.6,-22.7,-21.7
221.14,-10.1,-12.0,-23.7,-21.2,-21.9
221.15,-10.1,-12.2,-23.2,-21.5,-22.2
221.16,-10.4,-12.2,-22.9,-21.8,-22.6
221.17,-10.0,-11.9,-22.2,-20.7,-22.8
221.18,-9.4,-12.0,-18.8,-21.1,-23.1
221.19,-8.9,-12.4,-14.3,-21.8,-23.4
221.20,-8.7,-12.4,-13.5,-21.8,-22.8
221.21,-8.8,-12.7,-13.2,-22.9,-22.9
221.22,-8.5,-12.3,-13.2,-21.0,-22.6
221.23,-9.2,-12.3,-15.5,-20.4,-22.6
221.24,-9.5,-12.1,-18.6,-20.6,-22.6
221.25,-9.6,-12.2,-20.6,-18.4,-22.9
221.26,-9.8,-12.4,-21.7,-18.4,-22.9
221.27,-10.1,-12.6,-22.6,-19.5,-22.8
221.28,-10.0,-12.6,-23.3,-18.2,-23.0
221.29,-10.4,-13.1,-23.7,-19.1,-23.1
221.30,-10.8,-13.3,-24.4,-19.1,-23.4
221.31,-10.7,-13.6,-25.2,-18.2,-23.2
221.32,-11.3,-14.0,-25.5,-19.6,-23.2
221.33,-11.5,-14.9,-25.7,-18.3,-23.2
221.34,-10.3,-15.6,-15.7,-18.4,-23.1
221.35,-8.9,-15.4,-12.0,-20.6,-23.5
221.36,-8.3,-14.9,-11.1,-20.5,-24.3
221.37,-8.0,-13.5,-10.8,-21.4,-25.0
221.38,-7.6,-12.2,-10.7,-25.2,-25.8
221.39,-8.5,-11.6,-13.2,-24.1,-25.9
221.40,-8.9,-11.2,-15.7,-23.2,-25.9
221.41,-9.6,-11.3,-17.6,-23.6,-25.5
221.42,-9.9,-11.6,-18.9,-23.6,-25.4
221.43,-10.1,-12.0,-19.4,-22.6,-25.3
221.44,-10.9,-12.7,-21.5,-22.6,-24.9
221.45,-11.2,-13.0,-22.4,-22.8,-24.6
221.46,-11.4,-13.3,-24.2,-21.6,-24.0
221.47,-11.2,-13.2,-23.5,-21.4,-23.8
221.48,-11.4,-13.5,-23.4,-21.5,-23.7
221.49,-11.0,-13.0,-22.1,-21.6,-23.6
221.50,-10.4,-13.0,-16.7,-22.2,-23.7
221.51,-9.6,-13.1,-14.6,-22.7,-24.3
221.52,-9.3,-13.2,-13.6,-23.0,-24.8
221.53,-9.1,-13.1,-13.2,-23.7,-24.6
221.54,-8.8,-12.8,-13.0,-21.7,-24.7
221.55,-9.3,-12.5,-15.2,-21.6,-24.2
221.56,-9.8,-12.6,-16.8,-20.9,-23.4
221.57,-9.6,-12.3,-18.5,-19.8,-23.1
221.58,-9.5,-12.5,-16.4,-20.1,-23.2
221.59,-9.4,-13.2,-15.0,-19.6,-23.6
221.60,-9.5,-14.2,-14.4,-18.8,-23.8
221.61,-9.3,-14.7,-14.0,-18.5,-23.8
221.62,-9.3,-15.2,-14.1,-17.7,-23.6
221.63,-9.4,-14.5,-16.3,-16.5,-23.1
221.64,-9.8,-14.5,-18.1,-16.8,-23.0
221.65,-9.9,-14.2,-19.9,-16.4,-23.5
221.66,-8.8,-14.0,-13.9,-17.1,-24.4
221.67,-8.4,-14.4,-12.0,-18.1,-25.2
221.68,-8.4,-14.1,-11.4,-19.9,-25.6
221.69,-8.0,-13.1,-11.3,-20.0,-25.3
221.70,-8.1,-12.0,-12.1,-21.7,-25.0
221.71,-9.0,-11.7,-14.6,-22.6,-24.7
221.72,-9.8,-11.7,-19.5,-22.2,-24.7
221.73,-9.3,-11.5,-19.5,-21.8,-24.7
221.74,-9.3,-12.8,-14.7,-22.0,-24.9
221.75,-8.9,-12.2,-13.8,-22.2,-25.6
221.76,-8.7,-11.9,-13.6,-21.8,-25.6
221.77,-8.6,-11.9,-13.6,-21.2,-25.5
221.78,-9.1,-11.8,-14.5,-21.2,-25.8
221.79,-9.5,-11.7,-17.1,-21.4,-25.6
221.80,-9.6,-11.6,-18.8,-21.9,-25.7
221.81,-10.2,-12.2,-19.5,-22.3,-25.9
221.82,-10.3,-12.3,-18.7,-23.1,-25.7
221.83,-11.0,-13.3,-18.3,-24.9,-25.9
221.84,-10.9,-13.3,-17.7,-23.1,-25.4
221.85,-9.7,-13.0,-16.8,-20.6,-24.4
221.86,-9.0,-12.2,-16.5,-19.8,-24.2
221.87,-8.7,-11.6,-17.3,-19.3,-24.2
221.88,-8.7,-11.6,-17.9,-18.6,-24.0
221.89,-9.1,-11.4,-18.8,-19.0,-24.4
221.90,-8.9,-11.4,-18.5,-18.9,-24.7
221.91,-9.2,-11.7,-17.3,-19.2,-24.6
221.92,-9.4,-12.2,-16.5,-20.4,-24.1
221.93,-9.3,-11.8,-16.3,-19.4,-23.8
221.94,-9.2,-12.2,-16.0,-19.5,-23.3
221.95,-9.7,-12.3,-17.2,-20.0,-22.9
221.96,-9.7,-12.8,-18.0,-19.8,-22.4
221.97,-9.3,-13.4,-16.4,-19.9,-22.2
221.98,-8.2,-13.7,-12.6,-20.1,-22.4
221.99,-8.1,-14.2,-11.8,-20.1,-22.6
222.00,-7.8,-13.2,-11.5,-20.6,-22.7
222.01,-7.5,-11.5,-11.4,-20.6,-23.6
222.02,-7.5,-10.8,-12.2,-19.7,-23.8
222.03,-8.2,-10.8,-14.7,-19.6,-24.3
222.04,-8.5,-10.7,-15.8,-20.0,-24.5
222.05,-8.5,-11.5,-15.4,-20.0,-24.7
222.06,-8.6,-12.3,-14.8,-19.3,-24.7
222.07,-8.7,-12.4,-15.0,-19.5,-24.3
222.08,-8.6,-11.7,-15.1,-19.7,-24.2
222.09,-8.4,-11.5,-15.2,-19.9,-24.1
222.10,-8.3,-11.1,-16.1,-19.6,-24.2
222.11,-8.5,-10.9,-16.5,-20.3,-24.5
222.12,-8.6,-10.8,-15.9,-21.1,-25.0
222.13,-8.1,-10.9,-13.5,-21.0,-25.3
222.14,-7.7,-11.2,-12.6,-20.8,-25.5
222.15,-7.9,-11.4,-12.5,-21.2,-25.8
222.16,-7.5,-11.8,-12.5,-20.3,-25.6
222.17,-7.9,-12.4,-12.9,-19.8,-25.7
222.18,-8.6,-12.9,-15.5,-19.4,-24.9
222.19,-9.4,-13.4,-16.9,-19.9,-24.9
222.20,-9.5,-13.0,-18.9,-19.8,-24.0
222.21,-9.2,-13.3,-16.4,-19.2,-23.5
222.22,-8.6,-13.8,-14.4,-19.2,-23.0
222.23,-8.6,-14.0,-14.0,-19.8,-23.0
222.24,-8.0,-14.5,-13.3,-19.1,-22.5
222.25,-8.1,-14.9,-13.0,-18.9,-22.3
222.26,-9.0,-14.8,-15.6,-19.3,-21.7
222.27,-9.5,-15.5,-16.2,-19.5,-21.4
222.28,-9.9,-15.7,-16.7,-19.3,-21.1
222.29,-9.3,-15.6,-14.8,-19.4,-21.1
222.30,-9.0,-14.3,-13.2,-20.4,-21.1
222.31,-8.2,-12.4,-12.8,-20.5,-21.0
222.32,-7.7,-11.2,-12.7,-21.0,-21.4
222.33,-7.6,-10.9,-12.7,-21.3,-21.5
222.34,-8.2,-10.9,-14.7,-22.2,-21.7
222.35,-8.6,-11.1,-18.3,-21.7,-22.1
222.36,-9.5,-12.2,-19.8,-21.8,-22.4
222.37,-10.2,-13.0,-20.1,-21.6,-22.6
222.38,-10.4,-13.1,-20.5,-22.2,-22.5
222.39,-10.8,-13.2,-21.2,-23.4,-21.9
222.40,-10.4,-13.3,-20.5,-24.2,-20.8
222.41,-9.9,-12.9,-19.6,-24.4,-20.2
222.42,-9.4,-12.6,-18.9,-24.5,-20.0
222.43,-9.3,-12.5,-19.4,-25.0,-20.1
222.44,-9.4,-12.7,-19.3,-25.9,-20.2
222.45,-9.5,-12.4,-19.6,-26.5,-20.5
222.46,-10.3,-13.0,-20.5,-27.4,-20.6
222.47,-10.2,-13.1,-20.4,-25.3,-20.4
222.48,-9.7,-12.5,-20.3,-24.6,-20.0
222.49,-9.4,-13.1,-19.8,-21.7,-19.6
222.50,-9.1,-12.8,-19.7,-21.0,-19.6
222.51,-8.8,-12.9,-20.4,-20.0,-19.0
222.52,-8.9,-12.7,-21.0,-19.8,-18.9
222.53,-9.3,-13.0,-22.1,-19.4,-18.5
222.54,-9.6,-13.6,-22.1,-19.2,-18.3
222.55,-9.5,-13.7,-21.4,-19.0,-18.2
222.56,-9.6,-14.3,-21.2,-19.1,-18.0
222.57,-10.0,-14.6,-20.6,-19.5,-18.1
222.58,-9.8,-14.1,-20.6,-19.8,-18.4
222.59,-9.6,-13.4,-21.5,-20.5,-18.0
222.60,-9.7,-12.5,-19.8,-21.8,-18.3
222.61,-8.7,-12.0,-13.8,-23.2,-18.6
222.62,-8.3,-12.0,-11.7,-24.3,-18.3
222.63,-8.4,-12.3,-11.4,-26.4,-18.1
222.64,-8.7,-13.0,-11.4,-25.8,-18.0
222.65,-9.7,-13.3,-12.5,-27.3,-18.0
222.66,-9.6,-13.6,-15.9,-23.5,-17.8
222.67,-9.8,-13.3,-18.6,-21.9,-18.3
222.68,-9.4,-13.0,-19.6,-21.1,-18.6
222.69,-8.9,-13.3,-19.6,-19.9,-17.6
222.70,-8.9,-13.1,-19.7,-20.2,-17.2
222.71,-8.9,-12.9,-20.9,-20.2,-16.9
222.72,-9.1,-13.3,-22.0,-19.8,-16.7
222.73,-9.8,-13.9,-22.6,-20.6,-16.8
222.74,-10.0,-14.1,-23.5,-20.1,-17.3
222.75,-11.1,-15.9,-24.4,-20.2,-17.5
222.76,-12.0,-17.9,-25.1,-21.0,-17.5
222.77,-11.9,-16.8,-25.8,-20.9,-18.1
222.78,-11.9,-15.9,-26.4,-21.4,-19.0
222.79,-11.4,-14.0,-27.3,-22.4,-19.6
222.80,-10.3,-12.5,-27.7,-22.3,-19.5
222.81,-9.8,-11.8,-27.8,-22.4,-19.7
222.82,-9.9,-12.0,-27.8,-21.3,-19.4
222.83,-9.7,-11.9,-27.9,-20.2,-19.2
222.84,-10.0,-13.0,-27.8,-19.5,-18.6
222.85,-10.5,-14.0,-27.9,-19.2,-18.4
222.86,-10.5,-13.8,-27.8,-18.8,-18.0
222.87,-10.2,-13.7,-27.9,-19.0,-17.7
222.88,-9.8,-13.4,-27.9,-18.7,-17.3
222.89,-9.9,-13.0,-27.9,-18.8,-17.5
222.90,-9.5,-12.6,-28.0,-19.0,-17.5
222.91,-9.6,-12.3,-27.7,-19.4,-18.2
222.92,-9.5,-12.3,-19.6,-19.6,-19.2
222.93,-8.5,-12.3,-12.5,-20.3,-20.0
222.94,-8.4,-12.6,-11.5,-21.4,-20.0
222.95,-8.5,-12.7,-11.3,-23.0,-20.3
222.96,-8.6,-13.3,-11.3,-22.5,-19.5
222.97,-9.5,-13.5,-12.9,-23.3,-19.0
222.98,-10.4,-13.5,-18.5,-21.0,-18.7
222.99,-10.7,-13.8,-20.1,-20.9,-18.6
223.00,-10.6,-13.6,-21.5,-19.7,-18.4
223.01,-10.6,-14.0,-21.4,-19.6,-18.5
223.02,-10.8,-14.3,-22.9,-19.9,-18.4
223.03,-10.8,-14.7,-23.8,-19.7,-18.3
223.04,-10.9,-14.8,-25.1,-19.9,-18.3
223.05,-10.7,-14.9,-24.7,-19.9,-18.0
223.06,-10.8,-15.1,-24.8,-19.5,-18.2
223.07,-10.8,-14.6,-25.0,-19.8,-18.3
223.08,-10.6,-14.2,-25.6,-19.7,-18.4
223.09,-10.3,-13.6,-26.7,-20.3,-18.1
223.10,-10.6,-13.4,-27.9,-21.8,-18.1
223.11,-10.4,-13.4,-28.6,-21.6,-17.8
223.12,-11.4,-15.0,-29.0,-23.8,-17.4
223.13,-11.5,-15.9,-28.6,-23.4,-17.1
223.14,-11.8,-17.1,-28.5,-21.5,-17.3
223.15,-12.0,-18.6,-28.1,-20.2,-17.5
223.16,-11.4,-19.2,-26.8,-19.0,-17.4
223.17,-11.6,-19.8,-26.0,-18.2,-17.6
223.18,-11.8,-20.1,-26.0,-18.2,-17.7
223.19,-11.6,-20.6,-25.7,-18.0,-17.6
223.20,-12.1,-20.8,-26.3,-18.0,-18.1
223.21,-11.9,-20.3,-28.1,-18.0,-18.2
223.22,-12.1,-19.8,-28.8,-17.9,-18.6
223.23,-12.0,-18.9,-25.0,-18.2,-18.7
223.24,-9.9,-17.9,-14.2,-18.6,-19.1
223.25,-8.9,-15.5,-12.1,-19.2,-19.8
223.26,-8.6,-14.3,-11.5,-21.0,-20.3
223.27,-8.3,-13.3,-11.3,-21.5,-21.1
223.28,-9.0,-12.7,-12.7,-22.6,-21.6
223.29,-9.2,-12.0,-15.7,-22.5,-21.1
223.30,-9.5,-11.8,-18.6,-20.9,-21.4
223.31,-9.4,-11.8,-19.8,-20.5,-21.4
223.32,-9.3,-11.7,-20.0,-19.7,-21.2
223.33,-9.2,-11.6,-20.5,-19.7,-20.7
223.34,-9.4,-12.1,-21.7,-19.4,-19.9
223.35,-9.6,-12.5,-22.8,-19.3,-19.3
223.36,-9.3,-11.9,-23.6,-19.3,-19.0
223.37,-9.0,-11.9,-23.1,-19.0,-18.8
223.38,-9.1,-11.7,-23.6,-19.4,-19.2
223.39,-9.1,-11.7,-23.9,-19.1,-19.2
223.40,-9.5,-12.1,-24.3,-19.0,-19.5
223.41,-10.4,-13.2,-25.3,-20.3,-19.6
223.42,-10.6,-13.2,-25.9,-21.5,-19.2
223.43,-10.6,-13.1,-26.5,-21.9,-18.8
223.44,-10.0,-12.2,-27.3,-24.7,-18.8
223.45,-9.7,-11.9,-27.9,-22.4,-18.7
223.46,-9.4,-11.5,-29.0,-20.9,-18.7
223.47,-9.2,-11.5,-30.1,-19.9,-18.6
223.48,-9.5,-11.8,-30.5,-18.9,-18.8
223.49,-9.8,-12.1,-30.6,-18.7,-18.9
223.50,-9.7,-12.1,-30.5,-18.4,-19.2
223.51,-10.0,-12.4,-30.3,-18.1,-19.6
223.52,-10.3,-12.7,-30.4,-18.7,-20.2
223.53,-10.4,-13.0,-30.2,-18.5,-20.4
223.54,-10.2,-12.9,-30.2,-18.4,-20.1
223.55,-10.2,-13.3,-24.6,-19.5,-19.9
223.56,-8.6,-13.7,-12.2,-20.1,-20.2
223.57,-8.4,-13.4,-11.3,-21.6,-20.3
223.58,-8.2,-13.4,-11.2,-23.7,-19.7
223.59,-8.0,-13.0,-11.1,-23.4,-19.3
223.60,-8.4,-12.3,-12.7,-23.7,-18.9
223.61,-8.9,-11.5,-18.1,-23.6,-18.6
223.62,-8.7,-11.2,-22.0,-21.4,-18.6
223.63,-8.9,-11.2,-23.0,-21.8,-18.9
223.64,-9.3,-11.7,-22.7,-21.0,-19.4
223.65,-9.9,-12.3,-23.2,-20.8,-19.9
223.66,-10.3,-12.8,-23.3,-21.3,-20.0
223.67,-10.3,-13.0,-24.2,-20.9,-20.2
223.68,-10.0,-12.9,-24.0,-20.7,-19.8
223.69,-9.9,-12.5,-24.4,-21.1,-19.9
223.70,-9.9,-12.5,-24.6,-20.8,-19.6
223.71,-9.8,-12.6,-25.4,-19.8,-19.8
223.72,-10.5,-12.8,-27.0,-20.7,-20.6
223.73,-10.4,-12.8,-27.6,-20.7,-20.9
223.74,-10.4,-12.7,-28.0,-20.7,-20.8
223.75,-10.3,-12.8,-28.3,-20.5,-20.7
223.76,-10.6,-12.9,-28.7,-21.6,-20.3
223.77,-10.2,-12.7,-29.0,-20.8,-19.9
223.78,-10.3,-12.8,-29.1,-20.0,-19.9
223.79,-10.6,-13.0,-29.2,-20.4,-20.1
223.80,-10.6,-12.7,-29.2,-20.6,-20.3
223.81,-10.3,-12.4,-29.2,-19.6,-20.6
223.82,-10.0,-12.1,-29.2,-19.9,-20.6
223.83,-9.7,-11.8,-29.6,-20.1,-20.5
223.84,-9.5,-11.5,-29.9,-19.2,-21.0
223.85,-9.4,-11.3,-29.6,-19.9,-20.2
223.86,-9.1,-11.3,-27.7,-20.3,-19.5
223.87,-8.3,-11.7,-14.6,-19.8,-19.6
223.88,-7.9,-12.1,-11.7,-21.1,-19.9
223.89,-7.7,-12.5,-11.1,-21.5,-20.2
223.90,-7.5,-12.6,-10.8,-21.1,-21.3
223.91,-7.8,-12.4,-11.3,-22.5,-22.5
223.92,-8.6,-12.2,-13.4,-22.4,-22.6
223.93,-9.3,-11.9,-18.4,-21.2,-22.1
223.94,-9.5,-11.8,-19.1,-21.7,-21.5
223.95,-9.4,-11.8,-18.9,-21.9,-21.0
223.96,-9.2,-12.0,-19.0,-20.4,-20.5
223.97,-9.7,-12.2,-20.2,-20.7,-20.5
223.98,-10.0,-12.5,-21.3,-21.8,-20.4
223.99,-10.1,-12.8,-22.7,-20.3,-20.2
224.00,-10.2,-13.2,-22.9,-20.4,-19.8
224.01,-10.6,-13.5,-23.3,-21.3,-19.5
224.02,-10.2,-13.6,-23.1,-19.8,-19.3
224.03,-10.2,-13.6,-23.2,-19.8,-19.4
224.04,-10.6,-13.5,-23.9,-21.0,-19.9
224.05,-10.7,-13.5,-24.8,-20.1,-19.4
224.06,-10.4,-13.5,-26.4,-20.1,-18.8
224.07,-10.4,-13.7,-27.2,-21.0,-18.5
224.08,-10.4,-13.8,-27.6,-20.4,-18.1
224.09,-10.1,-13.7,-28.1,-20.0,-18.1
224.10,-10.0,-13.1,-28.4,-21.2,-18.6
224.11,-9.9,-12.5,-28.8,-21.6,-18.6
224.12,-10.0,-12.2,-30.2,-21.3,-18.9
224.13,-9.8,-12.0,-30.7,-21.0,-19.3
224.14,-9.9,-12.1,-31.0,-21.4,-19.0
224.15,-10.3,-12.4,-31.1,-20.4,-19.0
224.16,-10.3,-12.8,-31.0,-19.8,-19.1
224.17,-10.5,-13.2,-30.9,-20.2,-19.4
224.18,-10.8,-13.3,-26.3,-20.2,-19.9
224.19,-9.1,-13.7,-13.2,-20.0,-20.0
224.20,-8.4,-14.2,-11.3,-20.7,-19.9
224.21,-8.2,-14.4,-11.1,-20.1,-19.6
224.22,-8.3,-14.8,-11.0,-19.5,-19.5
224.23,-8.4,-14.8,-11.6,-20.4,-18.9
224.24,-9.6,-14.4,-16.0,-19.9,-18.8
224.25,-10.0,-14.1,-19.9,-19.3,-18.6
224.26,-10.3,-14.0,-21.1,-20.6,-18.3
224.27,-10.0,-13.6,-20.8,-20.0,-18.1
224.28,-9.6,-13.2,-21.1,-19.2,-18.2
224.29,-9.9,-13.0,-21.2,-20.6,-18.3
224.30,-10.0,-13.0,-22.3,-20.3,-18.6
224.31,-9.9,-13.2,-22.3,-19.3,-18.8
224.32,-10.6,-13.8,-23.2,-20.6,-18.9
224.33,-11.0,-14.1,-23.2,-20.6,-19.2
224.34,-10.5,-14.3,-23.6,-19.2,-19.0
224.35,-10.6,-14.5,-23.9,-20.2,-18.6
224.36,-10.8,-14.2,-24.6,-20.9,-18.8
224.37,-10.3,-13.5,-25.1,-19.9,-18.7
224.38,-10.0,-12.9,-26.3,-19.9,-18.6
224.39,-10.0,-12.4,-27.4,-20.8,-18.5
224.40,-9.9,-12.1,-28.3,-20.6,-18.5
224.41,-9.7,-11.8,-28.4,-19.8,-18.8
224.42,-9.6,-11.6,-27.9,-20.4,-18.3
224.43,-9.6,-11.8,-27.7,-21.3,-18.1
224.44,-9.8,-12.1,-27.8,-20.3,-18.4
224.45,-9.6,-12.2,-28.1,-20.4,-18.6
224.46,-9.8,-12.4,-28.2,-20.6,-18.9
224.47,-10.0,-12.8,-28.9,-20.0,-19.7
224.48,-10.3,-13.1,-29.8,-20.4,-20.2
224.49,-10.7,-13.4,-30.3,-20.4,-20.9
224.50,-9.4,-13.9,-14.6,-19.5,-21.3
224.51,-8.5,-14.5,-11.8,-20.7,-21.6
224.52,-8.2,-14.7,-11.0,-20.8,-21.9
224.53,-7.8,-14.4,-10.7,-19.2,-22.3
224.54,-7.7,-13.9,-10.7,-20.1,-22.2
224.55,-8.3,-13.2,-12.5,-20.3,-22.0
224.56,-9.1,-12.7,-16.3,-18.9,-21.4
224.57,-9.5,-12.5,-18.1,-19.2,-21.1
224.58,-9.6,-12.1,-18.9,-20.4,-20.4
224.59,-9.2,-12.1,-19.0,-19.1,-20.1
224.60,-9.4,-12.0,-20.7,-19.4,-20.0
224.61,-9.5,-11.9,-21.3,-20.2,-19.7
224.62,-9.5,-12.0,-22.1,-19.1,-19.9
224.63,-9.6,-12.2,-22.5,-19.1,-20.0
224.64,-9.9,-12.3,-22.8,-20.0,-19.9
224.65,-9.6,-12.5,-22.3,-18.9,-20.3
224.66,-9.8,-12.6,-22.2,-19.0,-20.9
224.67,-9.7,-12.3,-22.7,-20.3,-21.0
224.68,-9.9,-12.4,-23.5,-20.6,-21.1
224.69,-10.2,-12.8,-24.9,-20.1,-21.4
224.70,-10.8,-13.2,-26.9,-21.0,-21.3
224.71,-11.1,-13.6,-28.3,-21.3,-21.1
224.72,-11.1,-13.7,-28.6,-19.7,-21.4
224.73,-10.9,-13.5,-28.7,-19.6,-20.9
224.74,-10.7,-13.1,-29.2,-20.5,-20.3
224.75,-10.1,-12.7,-29.5,-19.5,-20.1
224.76,-9.9,-12.3,-29.5,-19.5,-19.6
224.77,-10.2,-12.6,-29.5,-20.8,-19.4
224.78,-10.2,-12.9,-29.4,-19.7,-19.6
224.79,-10.0,-12.4,-29.8,-19.7,-19.7
224.80,-10.3,-12.6,-29.7,-20.7,-19.7
224.81,-9.8,-12.7,-28.5,-19.6,-18.8
224.82,-8.7,-13.1,-14.9,-19.9,-18.7
224.83,-8.0,-13.8,-11.7,-21.1,-18.8
224.84,-8.3,-16.0,-11.5,-21.8,-18.4
224.85,-8.9,-18.7,-11.5,-22.2,-18.5
224.86,-9.3,-21.6,-11.6,-24.5,-18.2
224.87,-12.1,-23.0,-16.8,-23.7,-17.6
224.88,-13.2,-24.0,-21.2,-21.6,-17.3
224.89,-13.3,-25.7,-21.2,-21.5,-17.3
224.90,-13.3,-27.2,-20.6,-21.0,-17.6
224.91,-13.0,-28.4,-20.0,-19.7,-18.0
224.92,-13.5,-30.0,-21.1,-20.5,-18.2
224.93,-13.4,-30.7,-21.8,-19.9,-18.2
224.94,-13.3,-32.1,-21.7,-19.7,-18.2
224.95,-13.9,-32.7,-22.2,-20.9,-18.2
224.96,-13.9,-32.8,-22.1,-19.8,-18.2
224.97,-13.8,-33.2,-22.1,-19.9,-18.1
224.98,-14.4,-34.5,-22.8,-20.8,-18.4
224.99,-14.3,-35.3,-24.0,-20.7,-18.3
225.00,-14.5,-36.1,-24.7,-21.4,-18.2
225.01,-13.9,-36.9,-25.9,-21.4,-17.9
225.02,-14.4,-37.3,-26.6,-21.7,-18.2
225.03,-14.6,-37.9,-26.7,-21.0,-18.2
225.04,-13.9,-38.8,-27.0,-19.5,-18.2
225.05,-14.5,-39.5,-27.3,-20.1,-18.4
225.06,-14.7,-39.9,-27.6,-19.4,-18.5
225.07,-14.2,-39.9,-28.4,-18.8,-18.1
225.08,-14.9,-40.7,-29.4,-20.0,-18.1
225.09,-15.1,-41.3,-29.7,-19.5,-18.0
225.10,-14.9,-42.0,-29.0,-19.3,-17.9
225.11,-15.2,-43.1,-28.8,-20.3,-17.9
225.12,-15.3,-44.7,-28.6,-19.4,-18.4
225.13,-12.0,-44.9,-14.7,-19.7,-19.0
225.14,-9.8,-45.7,-11.3,-21.6,-19.5
225.15,-9.3,-47.2,-10.4,-21.2,-20.3
225.16,-9.1,-48.0,-10.1,-23.0,-20.8
225.17,-9.1,-48.1,-10.0,-23.2,-21.0
225.18,-11.1,-48.0,-12.4,-22.7,-20.6
225.19,-13.2,-47.4,-15.5,-21.8,-20.1
225.20,-12.9,-47.0,-16.8,-20.5,-19.6
225.21,-13.3,-46.9,-17.6,-20.6,-19.2
225.22,-12.8,-47.1,-17.7,-20.3,-18.8
225.23,-13.0,-47.7,-19.2,-19.5,-18.7
225.24,-13.3,-48.1,-19.7,-20.9,-18.5
225.25,-13.1,-48.8,-21.1,-19.8,-18.4
225.26,-12.9,-49.8,-21.3,-19.2,-18.5
225.27,-13.5,-50.8,-21.3,-19.9,-18.4
225.28,-13.5,-50.5,-21.2,-19.0,-18.3
225.29,-13.2,-51.3,-21.1,-19.2,-18.1
225.30,-13.9,-52.0,-21.2,-20.5,-17.9
225.31,-13.7,-52.6,-22.0,-19.8,-17.8
225.32,-13.7,-53.3,-22.9,-20.8,-17.5
225.33,-13.7,-55.0,-23.8,-20.7,-17.8
225.34,-14.1,-56.2,-25.2,-19.9,-18.2
225.35,-14.8,-55.9,-26.5,-20.3,-18.6
225.36,-14.6,-56.0,-27.2,-18.9,-18.5
225.37,-14.3,-55.5,-27.4,-18.8,-18.7
225.38,-14.3,-55.3,-25.6,-18.9,-18.7
225.39,-13.7,-54.5,-25.1,-18.2,-18.3
225.40,-13.7,-53.2,-24.9,-18.8,-18.4
225.41,-13.9,-52.6,-24.7,-19.2,-18.4
225.42,-13.6,-52.4,-25.4,-18.4,-17.9
225.43,-13.5,-52.3,-26.6,-19.2,-17.6
225.44,-13.9,-52.7,-27.6,-19.1,-17.3
225.45,-11.1,-54.2,-15.9,-19.1,-17.1
225.46,-9.5,-53.8,-11.8,-21.0,-17.2
225.47,-9.5,-54.0,-11.4,-21.5,-17.3
225.48,-9.4,-53.4,-11.2,-23.3,-17.5
225.49,-9.4,-51.5,-11.3,-22.4,-17.1
225.50,-12.5,-49.7,-15.3,-22.3,-17.1
225.51,-13.1,-49.1,-20.2,-20.2,-16.7
225.52,-12.7,-48.6,-20.8,-19.5,-16.6
225.53,-13.0,-48.2,-20.2,-20.1,-16.7
225.54,-12.3,-48.8,-19.4,-19.4,-16.7
225.55,-12.7,-49.0,-20.2,-19.6,-16.7
225.56,-13.3,-48.5,-20.7,-21.0,-17.0
225.57,-13.0,-48.0,-20.8,-19.5,-17.4
225.58,-13.3,-48.3,-20.8,-19.9,-17.7
225.59,-14.4,-48.4,-20.9,-20.6,-18.2
225.60,-14.3,-48.6,-20.7,-19.5,-18.4
225.61,-14.8,-49.0,-20.9,-20.5,-18.3
225.62,-14.8,-49.7,-21.7,-21.0,-17.9
225.63,-14.8,-50.2,-22.4,-21.1,-17.8
225.64,-14.8,-51.6,-24.2,-21.9,-17.5
225.65,-14.9,-52.0,-26.0,-21.3,-17.3
225.66,-14.8,-52.6,-27.1,-21.2,-17.2
225.67,-14.5,-53.1,-28.4,-19.8,-17.0
225.68,-13.9,-53.1,-28.4,-18.8,-16.6
225.69,-13.7,-53.1,-27.8,-19.5,-16.4
225.70,-13.4,-53.6,-27.2,-19.0,-16.2
225.71,-13.4,-54.7,-26.3,-19.0,-16.3
225.72,-13.4,-55.5,-25.8,-19.9,-16.3
225.73,-13.5,-55.8,-26.1,-19.0,-16.4
225.74,-13.9,-55.8,-27.0,-19.2,-16.7
225.75,-13.8,-55.8,-28.0,-19.2,-16.8
225.76,-11.4,-55.8,-15.4,-18.8,-17.2
225.77,-9.7,-56.0,-11.4,-20.0,-17.7
225.78,-9.2,-57.0,-10.3,-20.7,-18.3
225.79,-9.0,-58.1,-10.0,-21.3,-18.3
225.80,-9.2,-57.6,-10.0,-22.2,-18.7
225.81,-10.9,-56.2,-12.5,-22.5,-18.0
225.82,-12.6,-55.4,-15.6,-20.9,-18.1
225.83,-12.7,-54.9,-17.5,-19.6,-18.1
225.84,-12.6,-54.4,-18.0,-19.5,-17.9
225.85,-12.6,-54.1,-17.8,-19.3,-17.8
225.86,-12.9,-54.4,-19.0,-18.7,-17.8
225.87,-13.1,-54.8,-19.4,-19.8,-17.9
225.88,-13.6,-54.8,-21.0,-19.6,-17.7
225.89,-13.4,-55.9,-21.2,-19.4,-17.8
225.90,-13.7,-56.3,-22.0,-20.4,-17.6
225.91,-13.6,-56.8,-21.1,-19.5,-17.6
225.92,-13.8,-57.3,-20.7,-20.1,-17.4
225.93,-13.7,-57.9,-21.0,-20.7,-17.3
225.94,-14.0,-58.2,-21.3,-20.4,-17.7
225.95,-14.3,-58.3,-21.9,-21.7,-17.4
225.96,-13.9,-58.3,-23.3,-20.8,-17.6
225.97,-14.0,-57.7,-24.3,-20.0,-17.7
225.98,-14.5,-57.5,-25.1,-20.2,-17.8
225.99,-14.7,-57.2,-26.3,-18.9,-17.9
226.00,-14.9,-56.7,-26.6,-18.8,-18.3
226.01,-15.0,-55.1,-26.2,-19.0,-18.9
226.02,-15.0,-51.1,-26.2,-18.5,-18.9
226.03,-14.9,-42.1,-26.1,-19.5,-18.8
226.04,-14.6,-34.9,-26.1,-19.3,-19.0
226.05,-14.1,-25.2,-26.6,-18.8,-19.1
226.06,-13.7,-20.3,-27.3,-19.4,-19.5
226.07,-12.3,-17.2,-28.1,-18.7,-19.7
226.08,-10.5,-15.3,-16.2,-18.8,-19.4
226.09,-8.9,-14.3,-11.8,-19.8,-18.9
226.10,-8.4,-13.6,-11.2,-19.1,-18.3
226.11,-8.3,-13.4,-11.1,-19.6,-17.7
226.12,-8.3,-13.3,-11.2,-20.2,-17.4
226.13,-9.3,-13.6,-14.0,-19.7,-17.4
226.14,-10.3,-13.9,-21.0,-20.6,-17.7
226.15,-10.9,-14.6,-20.7,-20.4,-18.0
226.16,-11.6,-15.4,-20.6,-21.1,-18.4
226.17,-11.5,-16.5,-19.8,-20.5,-18.5
226.18,-12.3,-17.7,-20.8,-20.7,-18.7
226.19,-12.7,-18.7,-20.5,-21.6,-18.7
226.20,-13.1,-19.6,-21.9,-22.5,-18.6
226.21,-13.3,-20.3,-21.3,-23.7,-18.7
226.22,-13.1,-18.8,-21.4,-26.7,-18.5
226.23,-12.7,-17.9,-21.0,-25.8,-18.6
226.24,-12.1,-17.4,-21.0,-24.9,-18.0
226.25,-11.5,-16.7,-21.5,-22.8,-17.9
226.26,-11.4,-16.1,-22.9,-21.1,-17.7
226.27,-11.5,-16.6,-24.6,-19.7,-17.7
226.28,-11.3,-16.7,-26.2,-19.0,-17.6
226.29,-11.0,-16.1,-26.9,-18.2,-17.3
226.30,-10.6,-14.7,-28.0,-18.5,-17.4
226.31,-10.6,-14.5,-28.9,-18.3,-17.3
226.32,-10.6,-14.0,-29.4,-18.6,-17.7
226.33,-10.4,-13.9,-29.5,-18.4,-17.8
226.34,-11.0,-14.3,-29.8,-18.6,-18.6
226.35,-11.5,-14.9,-30.2,-18.6,-18.9
226.36,-11.6,-14.7,-30.0,-18.9,-19.2
226.37,-11.6,-14.9,-29.8,-18.8,-19.3
226.38,-11.8,-14.7,-29.3,-19.8,-19.5
226.39,-10.9,-14.7,-17.9,-20.2,-19.7
226.40,-9.5,-15.0,-12.4,-21.2,-19.8
226.41,-8.2,-14.8,-10.1,-21.6,-20.3
226.42,-8.2,-14.6,-9.8,-22.0,-20.6
226.43,-8.1,-14.9,-9.8,-20.8,-21.1
226.44,-9.2,-14.8,-11.7,-20.5,-21.5
226.45,-10.2,-14.8,-14.7,-19.5,-21.5
226.46,-11.1,-15.2,-17.5,-19.3,-21.3
226.47,-11.3,-15.7,-18.2,-18.7,-21.4
226.48,-11.3,-15.6,-18.4,-19.2,-20.8
226.49,-10.9,-15.4,-19.0,-18.6,-20.4
226.50,-10.9,-15.5,-20.4,-19.1,-20.0
226.51,-10.9,-15.1,-21.5,-18.6,-20.4
226.52,-10.6,-14.8,-21.4,-19.0,-20.2
226.53,-10.6,-14.8,-21.4,-18.6,-20.1
226.54,-11.1,-14.7,-21.3,-19.2,-20.4
226.55,-11.1,-14.8,-21.3,-19.0,-20.2
226.56,-11.5,-15.1,-21.8,-20.2,-20.1
226.57,-12.0,-15.3,-22.6,-19.5,-20.3
226.58,-12.0,-15.3,-23.3,-20.4,-20.1
226.59,-12.3,-15.8,-24.5,-19.7,-20.4
226.60,-11.9,-16.0,-26.0,-19.2,-20.4
226.61,-11.7,-16.1,-27.1,-18.3,-20.4
226.62,-11.8,-16.1,-28.1,-18.1,-20.7
226.63,-11.3,-15.5,-28.1,-17.5,-20.3
226.64,-10.8,-14.4,-27.9,-17.5,-19.7
226.65,-10.4,-13.7,-27.6,-17.3,-19.9
226.66,-10.4,-13.5,-26.9,-17.6,-20.1
226.67,-10.3,-13.6,-26.6,-17.3,-19.7
226.68,-10.7,-14.1,-27.0,-17.7,-20.0
226.69,-10.8,-14.9,-27.6,-17.5,-19.9
226.70,-11.1,-15.1,-28.1,-18.0,-19.9
226.71,-10.7,-15.1,-18.2,-18.0,-19.9
226.72,-9.0,-15.2,-12.0,-19.0,-19.9
226.73,-8.9,-15.2,-11.0,-19.6,-20.2
226.74,-8.8,-15.1,-10.9,-19.9,-19.4
226.75,-8.7,-14.3,-10.9,-20.9,-19.2
226.76,-8.9,-13.8,-12.4,-21.2,-18.9
226.77,-10.2,-13.0,-19.2,-21.2,-18.8
226.78,-9.9,-12.5,-19.7,-21.6,-18.9
226.79,-10.4,-12.8,-20.7,-22.1,-19.3
226.80,-10.1,-13.1,-19.8,-20.8,-19.2
226.81,-10.5,-13.4,-20.8,-20.7,-19.5
226.82,-10.0,-12.9,-20.4,-20.4,-19.5
226.83,-10.1,-12.8,-22.6,-19.6,-19.9
226.84,-9.9,-12.6,-22.6,-19.9,-19.8
226.85,-9.9,-12.3,-23.3,-20.5,-20.1
226.86,-9.7,-12.4,-23.3,-19.8,-19.7
226.87,-9.3,-12.3,-19.9,-20.8,-19.7
226.88,-8.9,-12.1,-17.2,-20.3,-20.0
226.89,-8.7,-12.1,-16.8,-19.8,-19.9
226.90,-9.0,-12.3,-16.7,-20.0,-20.5
226.91,-9.2,-12.4,-16.9,-19.5,-20.4
226.92,-9.7,-12.5,-19.8,-20.1,-20.0
226.93,-10.1,-12.9,-22.4,-20.7,-19.9
226.94,-10.3,-13.0,-25.5,-19.8,-19.9
226.95,-9.8,-13.5,-17.4,-20.2,-20.1
226.96,-9.3,-13.6,-16.0,-19.6,-20.5
226.97,-9.1,-13.6,-15.4,-18.8,-21.0
226.98,-8.9,-13.3,-15.0,-19.4,-21.1
226.99,-9.1,-13.1,-15.3,-19.8,-21.7
227.00,-9.5,-12.5,-18.1,-19.2,-21.5
227.01,-9.5,-12.2,-19.5,-19.2,-21.6
227.02,-9.8,-12.4,-19.9,-19.3,-22.0
227.03,-9.3,-12.7,-14.5,-18.9,-22.0
227.04,-8.6,-12.9,-11.2,-19.4,-22.0
227.05,-8.5,-12.9,-10.7,-20.5,-22.1
227.06,-8.2,-13.1,-10.6,-20.4,-21.4
227.07,-8.3,-13.0,-11.5,-19.7,-20.9
227.08,-8.5,-13.0,-14.5,-19.4,-20.5
227.09,-8.9,-12.6,-18.0,-18.7,-20.6
227.10,-9.0,-12.8,-18.3,-18.9,-20.4
227.11,-8.4,-12.7,-14.4,-19.2,-21.2
227.12,-8.6,-12.7,-13.9,-18.7,-21.6
227.13,-8.7,-13.1,-13.6,-18.4,-21.5
227.14,-8.6,-13.0,-13.3,-18.0,-21.3
227.15,-8.7,-13.7,-13.8,-17.1,-20.7
227.16,-9.4,-13.4,-16.3,-17.5,-20.6
227.17,-10.0,-13.5,-17.4,-18.3,-20.8
227.18,-9.2,-13.0,-17.2,-17.9,-20.5
227.19,-8.9,-12.8,-15.1,-17.8,-21.0
227.20,-8.6,-12.6,-14.3,-18.3,-21.4
227.21,-8.4,-12.5,-13.9,-17.6,-21.1
227.22,-8.3,-12.7,-13.7,-17.6,-21.0
227.23,-9.1,-12.7,-15.2,-18.1,-21.1
227.24,-9.1,-12.5,-17.0,-17.8,-21.2
227.25,-9.2,-12.5,-19.0,-17.4,-20.5
227.26,-9.0,-12.8,-16.3,-17.8,-20.9
227.27,-8.9,-13.1,-15.0,-17.7,-20.9
227.28,-8.6,-13.0,-14.4,-17.6,-20.7
227.29,-8.8,-12.8,-14.0,-18.2,-21.1
227.30,-9.0,-13.4,-13.7,-18.4,-21.1
227.31,-9.4,-13.4,-16.0,-17.9,-20.9
227.32,-9.8,-13.5,-17.4,-17.9,-20.8
227.33,-9.9,-13.1,-19.1,-18.1,-21.0
227.34,-10.0,-13.4,-19.9,-17.7,-21.3
227.35,-8.9,-13.6,-12.4,-18.1,-21.5
227.36,-8.7,-12.9,-11.6,-18.7,-21.5
227.37,-8.7,-12.7,-11.6,-19.3,-21.2
227.38,-8.9,-12.9,-11.6,-20.0,-20.3
227.39,-9.0,-12.6,-13.0,-19.9,-19.8
227.40,-9.7,-12.7,-18.4,-19.5,-19.4
227.41,-9.8,-13.0,-20.4,-19.4,-18.9
227.42,-9.9,-13.5,-20.7,-18.6,-18.9
227.43,-9.8,-13.7,-20.3,-18.5,-18.8
227.44,-10.3,-14.0,-20.8,-18.6,-18.8
227.45,-10.2,-14.0,-20.8,-18.5,-18.8
227.46,-10.7,-14.5,-22.4,-18.6,-19.1
227.47,-11.1,-14.9,-22.4,-18.6,-19.1
227.48,-11.3,-15.2,-22.5,-18.7,-19.1
227.49,-11.2,-15.5,-22.1,-18.5,-19.5
227.50,-11.3,-15.6,-22.0,-18.6,-19.6
227.51,-11.3,-15.4,-21.9,-19.0,-19.6
227.52,-11.5,-15.6,-22.3,-19.8,-19.8
227.53,-11.8,-15.4,-22.8,-21.2,-19.5
227.54,-11.7,-15.0,-23.5,-21.5,-19.0
227.55,-11.4,-14.6,-23.8,-21.6,-18.8
227.56,-11.0,-14.1,-24.1,-20.3,-18.7
227.57,-11.0,-14.2,-24.1,-19.5,-19.2
227.58,-10.7,-13.8,-24.2,-18.9,-19.1
227.59,-10.5,-13.6,-24.6,-18.5,-19.3
227.60,-10.6,-13.4,-24.9,-18.8,-19.9
227.61,-10.4,-13.2,-25.3,-18.7,-19.8
227.62,-10.4,-12.9,-25.4,-18.7,-20.2
227.63,-10.8,-13.4,-25.7,-19.3,-20.6
227.64,-11.0,-14.1,-25.4,-19.0,-20.1
227.65,-11.3,-15.0,-24.1,-19.3,-20.3
227.66,-10.1,-15.7,-14.2,-19.6,-20.5
227.67,-9.0,-16.3,-11.5,-19.6,-20.8
227.68,-9.0,-16.5,-11.0,-21.2,-21.4
227.69,-8.8,-16.7,-10.8,-20.6,-21.8
227.70,-9.7,-16.5,-11.5,-20.9,-22.3
227.71,-10.2,-16.1,-13.9,-21.6,-22.2
227.72,-11.5,-15.6,-18.5,-19.9,-21.8
227.73,-11.2,-15.3,-19.3,-20.1,-21.6
227.74,-10.6,-14.9,-19.0,-19.6,-21.1
227.75,-10.5,-14.6,-19.2,-19.2,-21.1
227.76,-10.5,-14.1,-20.9,-19.6,-20.8
227.77,-10.3,-13.5,-22.2,-19.2,-20.6
227.78,-10.2,-13.0,-22.7,-19.2,-20.4
227.79,-9.8,-12.5,-22.7,-19.2,-20.3
227.80,-9.8,-12.4,-22.7,-19.2,-20.2
227.81,-10.1,-12.5,-22.7,-19.3,-20.8
227.82,-10.0,-12.7,-22.8,-19.4,-20.1
227.83,-10.1,-13.0,-23.1,-20.4,-19.3
227.84,-10.7,-13.5,-23.6,-22.3,-18.7
227.85,-10.6,-14.0,-24.1,-22.2,-17.9
227.86,-11.0,-14.4,-24.6,-24.0,-17.7
227.87,-10.9,-14.6,-25.0,-22.2,-17.7
227.88,-11.0,-14.7,-25.8,-20.8,-18.2
227.89,-10.7,-14.6,-26.2,-19.6,-18.1
227.90,-10.7,-14.4,-26.4,-19.2,-18.4
227.91,-10.7,-14.3,-26.6,-19.2,-18.6
227.92,-10.5,-14.2,-26.5,-18.7,-18.5
227.93,-10.7,-14.2,-26.6,-18.7,-19.0
227.94,-10.8,-13.9,-26.8,-19.0,-19.3
227.95,-10.6,-13.7,-27.2,-19.0,-19.8
227.96,-10.7,-13.6,-27.4,-19.1,-20.4
227.97,-10.4,-13.5,-24.6,-19.3,-20.4
227.98,-8.8,-13.7,-12.7,-19.4,-20.8
227.99,-8.5,-14.0,-11.3,-20.7,-20.9
228.00,-8.6,-14.3,-11.1,-22.0,-20.2
228.01,-8.7,-14.6,-11.1,-22.7,-19.9
228.02,-9.2,-14.5,-12.0,-23.8,-19.6
228.03,-10.6,-14.4,-16.5,-22.7,-19.3
228.04,-11.1,-14.3,-20.2,-21.5,-19.4
228.05,-10.9,-14.2,-21.0,-20.8,-19.5
228.06,-10.7,-14.0,-20.7,-20.0,-19.6
228.07,-10.9,-13.8,-20.9,-20.0,-19.8
228.08,-10.9,-13.6,-21.2,-19.7,-19.8
228.09,-10.7,-13.3,-22.3,-19.3,-19.7
228.10,-10.8,-13.1,-21.7,-19.6,-19.8
228.11,-10.4,-13.0,-22.0,-19.6,-19.4
228.12,-10.3,-13.0,-21.9,-19.4,-19.3
228.13,-10.4,-13.0,-22.2,-19.4,-19.4
228.14,-10.4,-13.1,-22.7,-19.8,-19.6
228.15,-10.6,-13.2,-23.8,-20.9,-19.6
228.16,-10.6,-13.4,-24.6,-21.7,-19.1
228.17,-10.8,-13.5,-25.0,-21.3,-19.4
228.18,-10.6,-13.6,-25.5,-21.0,-19.3
228.19,-10.7,-13.8,-26.1,-20.1,-19.3
228.20,-10.6,-14.0,-26.7,-18.8,-19.5
228.21,-10.7,-14.1,-26.8,-18.7,-19.6
228.22,-10.7,-14.3,-26.8,-18.6,-19.3
228.23,-10.7,-14.4,-26.9,-18.5,-19.2
228.24,-10.8,-14.6,-26.7,-18.7,-19.1
228.25,-10.8,-14.6,-26.7,-18.6,-19.0
228.26,-10.6,-14.3,-27.1,-18.6,-19.3
228.27,-10.6,-13.9,-27.9,-18.5,-19.9
228.28,-10.5,-13.7,-28.3,-18.3,-20.3
228.29,-9.0,-13.8,-14.8,-18.8,-20.9
228.30,-8.2,-13.6,-12.3,-18.9,-21.5
228.31,-8.0,-13.6,-11.6,-19.9,-21.5
228.32,-8.1,-13.5,-11.3,-20.1,-21.0
228.33,-8.4,-13.5,-11.8,-20.2,-20.7
228.34,-9.0,-13.3,-13.3,-20.7,-20.4
228.35,-10.2,-13.6,-17.5,-19.2,-20.2
228.36,-10.1,-13.8,-18.5,-19.1,-20.1
228.37,-9.7,-13.8,-18.4,-18.9,-20.3
228.38,-9.6,-13.9,-18.6,-18.5,-20.1
228.39,-10.2,-14.0,-20.8,-19.1,-20.3
228.40,-10.3,-14.1,-22.2,-18.7,-20.3
228.41,-10.6,-14.1,-23.2,-18.8,-20.9
228.42,-10.6,-14.3,-22.8,-18.9,-20.7
228.43,-10.7,-14.3,-22.7,-18.7,-21.2
228.44,-10.7,-14.0,-22.2,-19.1,-21.0
228.45,-10.6,-13.8,-22.3,-19.2,-20.6
228.46,-10.5,-13.7,-22.8,-19.5,-20.4
228.47,-11.1,-13.7,-23.4,-21.7,-20.3
228.48,-11.0,-13.9,-24.5,-21.4,-19.8
228.49,-11.3,-14.2,-25.5,-22.7,-19.8
228.50,-11.1,-14.3,-26.4,-21.4,-19.6
228.51,-10.7,-14.1,-28.1,-19.8,-19.2
228.52,-10.4,-13.7,-28.8,-19.0,-19.1
228.53,-10.2,-13.6,-28.9,-18.4,-19.2
228.54,-10.3,-13.6,-28.7,-18.2,-19.5
228.55,-10.6,-13.7,-28.5,-18.1,-19.7
228.56,-11.0,-14.1,-28.7,-18.1,-20.4
228.57,-11.1,-14.2,-28.3,-18.2,-20.3
228.58,-10.7,-14.2,-28.4,-18.0,-20.4
228.59,-11.0,-14.2,-28.7,-18.2,-20.6
228.60,-10.7,-14.2,-27.7,-18.4,-20.4
228.61,-9.2,-14.5,-13.8,-18.3,-20.5
228.62,-8.5,-14.9,-11.5,-19.4,-20.8
228.63,-8.5,-14.9,-11.4,-20.9,-21.2
228.64,-8.4,-14.6,-11.3,-21.4,-21.2
228.65,-8.7,-14.2,-11.5,-22.7,-21.3
228.66,-10.3,-13.8,-16.7,-22.8,-21.0
228.67,-10.8,-13.8,-20.9,-21.8,-20.4
228.68,-10.5,-13.8,-20.8,-20.4,-20.2
228.69,-10.5,-13.9,-20.4,-21.0,-20.0
228.70,-10.5,-14.0,-20.0,-21.3,-19.9
228.71,-10.6,-13.9,-21.2,-20.2,-20.3
228.72,-10.7,-13.6,-22.2,-20.8,-20.0
228.73,-10.7,-13.5,-22.1,-20.7,-20.2
228.74,-10.6,-13.6,-22.1,-20.2,-19.8
228.75,-10.4,-13.4,-21.7,-20.4,-19.6
228.76,-10.3,-13.3,-21.6,-20.5,-19.2
228.77,-10.1,-12.9,-21.4,-20.2,-19.3
228.78,-10.1,-12.7,-21.9,-21.3,-19.3
228.79,-10.3,-12.8,-22.7,-21.5,-19.7
228.80,-10.3,-12.9,-23.9,-20.4,-20.2
228.81,-11.0,-13.5,-24.9,-21.6,-20.4
228.82,-11.5,-14.0,-25.4,-21.4,-20.8
228.83,-11.4,-14.3,-26.3,-19.8,-21.1
228.84,-11.7,-14.5,-27.2,-20.5,-21.2
228.85,-11.5,-14.3,-27.8,-21.1,-20.7
228.86,-11.2,-14.1,-27.8,-19.4,-20.5
228.87,-11.1,-14.2,-27.7,-20.2,-20.0
228.88,-11.2,-14.5,-27.7,-20.5,-19.8
228.89,-11.1,-14.6,-28.0,-19.1,-19.7
228.90,-11.4,-14.8,-28.4,-19.9,-19.8
228.91,-11.4,-14.9,-28.9,-20.2,-20.1
228.92,-9.9,-14.9,-14.9,-19.3,-20.8
228.93,-8.7,-15.1,-11.6,-20.1,-21.6
228.94,-8.2,-15.4,-10.5,-21.2,-22.3
228.95,-8.0,-15.6,-10.3,-20.1,-23.1
228.96,-8.0,-15.3,-10.2,-20.5,-23.2
228.97,-8.9,-14.6,-12.3,-21.3,-22.8
228.98,-10.0,-14.0,-16.2,-20.1,-22.3
228.99,-10.2,-13.6,-18.0,-19.7,-22.3
229.00,-10.5,-13.5,-19.0,-20.9,-22.2
229.01,-10.6,-13.8,-18.9,-20.2,-22.6
229.02,-10.7,-13.8,-20.1,-19.4,-22.9
229.03,-10.9,-14.1,-20.6,-20.7,-22.8
229.04,-11.1,-14.3,-21.6,-19.9,-22.7
229.05,-10.4,-13.9,-21.8,-19.1,-21.9
229.06,-10.6,-13.7,-22.0,-20.3,-21.4
229.07,-10.2,-13.5,-21.2,-19.7,-21.2
229.08,-9.9,-13.4,-20.8,-18.9,-20.8
229.09,-10.2,-13.3,-21.2,-20.3,-20.6
229.10,-10.5,-13.4,-21.7,-20.8,-20.4
229.11,-10.3,-13.6,-22.8,-19.7,-19.6
229.12,-10.7,-13.7,-24.1,-20.8,-19.4
229.13,-10.6,-13.5,-25.0,-21.6,-19.6
229.14,-10.5,-13.5,-26.0,-20.2,-19.5
229.15,-10.6,-13.5,-26.8,-19.8,-19.8
229.16,-11.0,-13.5,-27.3,-21.6,-20.4
229.17,-10.8,-13.7,-27.6,-20.2,-20.3
229.18,-10.7,-13.8,-27.7,-19.3,-20.1
229.19,-10.7,-13.6,-27.5,-20.9,-20.0
229.20,-10.4,-13.3,-27.6,-19.9,-20.0
229.21,-10.1,-13.1,-27.8,-18.9,-19.7
229.22,-10.2,-12.9,-28.1,-20.2,-19.5
229.23,-10.1,-12.8,-27.7,-20.0,-19.3
229.24,-9.3,-13.1,-15.5,-19.0,-19.8
229.25,-8.1,-13.6,-11.2,-20.2,-19.9
229.26,-8.1,-14.1,-11.0,-20.3,-19.7
229.27,-8.1,-15.0,-10.8,-19.1,-19.6
229.28,-8.2,-15.7,-11.0,-20.0,-19.1
229.29,-10.2,-15.6,-15.6,-19.7,-18.8
229.30,-10.6,-15.4,-20.5,-18.5,-18.5
229.31,-10.8,-15.1,-21.3,-19.4,-18.2
229.32,-10.7,-14.8,-21.0,-19.3,-18.1
229.33,-10.0,-14.6,-20.9,-18.2,-17.8
229.34,-10.2,-14.5,-22.1,-19.5,-17.5
229.35,-10.1,-14.3,-22.4,-19.5,-17.5
229.36,-9.9,-14.3,-22.5,-18.3,-17.6
229.37,-10.1,-14.4,-22.4,-19.3,-17.7
229.38,-10.3,-14.7,-21.8,-19.8,-17.9
229.39,-9.8,-14.9,-20.7,-18.0,-18.1
229.40,-10.0,-15.0,-20.4,-18.9,-18.2
229.41,-10.2,-14.9,-20.6,-19.5,-18.2
229.42,-10.2,-14.8,-20.7,-18.7,-18.2
229.43,-9.9,-14.7,-22.1,-18.4,-17.7
229.44,-10.3,-14.7,-23.7,-19.5,-17.4
229.45,-10.6,-15.2,-24.4,-19.3,-17.3
229.46,-10.3,-15.2,-25.4,-18.7,-17.3
229.47,-10.9,-15.4,-26.1,-19.8,-17.5
229.48,-11.1,-15.1,-26.4,-20.6,-17.9
229.49,-10.7,-14.7,-26.2,-18.7,-18.4
229.50,-10.5,-14.6,-26.2,-19.2,-18.5
229.51,-10.6,-14.5,-26.2,-19.7,-18.9
229.52,-10.3,-14.6,-26.4,-18.3,-19.0
229.53,-10.3,-14.6,-27.0,-18.6,-18.9
229.54,-10.4,-14.5,-27.0,-19.7,-19.0
229.55,-9.5,-14.7,-15.0,-18.8,-19.6
229.56,-8.1,-15.1,-11.4,-19.1,-19.6
229.57,-7.9,-15.6,-10.4,-20.7,-19.7
229.58,-7.8,-16.5,-10.2,-19.7,-19.6
229.59,-8.1,-17.8,-10.1,-19.4,-19.3
229.60,-9.4,-18.2,-12.5,-20.9,-18.6
229.61,-10.4,-18.1,-15.6,-19.4,-18.2
229.62,-10.6,-17.7,-17.5,-18.8,-18.0
229.63,-11.0,-17.2,-18.3,-20.0,-17.8
229.64,-10.4,-16.3,-18.5,-18.9,-17.6
229.65,-10.2,-15.6,-19.8,-18.2,-17.7
229.66,-10.3,-15.5,-20.3,-19.9,-17.4
229.67,-10.2,-15.4,-21.9,-18.9,-17.1
229.68,-9.9,-15.5,-21.7,-18.0,-17.0
229.69,-10.5,-15.5,-21.8,-19.8,-17.2
229.70,-10.1,-15.4,-20.9,-18.8,-17.4
229.71,-9.7,-15.1,-20.3,-17.8,-17.8
229.72,-9.9,-14.6,-20.1,-19.6,-18.6
229.73,-10.2,-14.6,-20.1,-19.6,-19.2
229.74,-10.1,-14.3,-20.4,-18.7,-19.8
229.75,-10.8,-14.3,-21.1,-19.7,-20.3
229.76,-11.1,-14.5,-21.8,-20.2,-21.1
229.77,-11.2,-14.9,-21.9,-19.0,-21.3
229.78,-11.5,-15.8,-22.2,-18.4,-21.5
229.79,-12.0,-16.6,-22.6,-19.5,-21.6
229.80,-12.0,-17.2,-22.6,-18.9,-21.0
229.81,-12.2,-18.5,-22.5,-18.2,-20.5
229.82,-12.4,-20.2,-22.7,-18.9,-19.4
229.83,-12.4,-21.7,-23.0,-18.8,-18.8
229.84,-12.6,-23.7,-23.6,-18.1,-18.2
229.85,-12.7,-25.5,-23.7,-18.9,-18.0
229.86,-12.5,-26.6,-23.6,-19.1,-17.7
229.87,-11.3,-28.0,-16.0,-18.1,-18.2
229.88,-9.4,-29.8,-12.0,-19.1,-18.1
229.89,-9.1,-32.0,-11.5,-20.2,-17.9
229.90,-9.0,-32.5,-11.4,-20.0,-17.8
229.91,-9.1,-30.5,-11.5,-21.9,-17.1
229.92,-10.6,-30.1,-14.5,-22.1,-16.1
229.93,-11.9,-30.0,-19.5,-21.2,-15.6
229.94,-11.5,-30.1,-19.7,-21.1,-15.3
229.95,-11.6,-30.4,-19.5,-22.0,-14.9
229.96,-11.1,-32.3,-19.0,-22.2,-14.6
229.97,-11.8,-32.3,-20.5,-23.7,-14.7
229.98,-11.7,-32.3,-20.7,-23.8,-14.5
229.99,-11.6,-32.4,-20.9,-22.7,-14.4
230.00,-12.0,-32.9,-20.7,-22.6,-14.7
230.01,-12.9,-32.3,-20.5,-23.1,-15.1
230.02,-12.7,-31.6,-20.1,-23.3,-15.2
230.03,-13.0,-31.6,-19.9,-23.5,-15.9
230.04,-13.1,-30.7,-20.0,-23.5,-16.5
230.05,-13.1,-29.9,-20.4,-23.6,-16.3
230.06,-13.0,-30.1,-21.1,-23.9,-16.3
230.07,-13.3,-30.1,-21.6,-23.6,-16.3
230.08,-12.8,-29.7,-21.8,-23.2,-15.8
230.09,-12.7,-28.6,-22.1,-22.7,-15.6
230.10,-12.3,-28.1,-22.0,-22.3,-15.3
230.11,-12.2,-27.7,-21.9,-22.7,-14.8
230.12,-12.1,-27.5,-21.8,-23.2,-14.5
230.13,-12.3,-28.2,-21.5,-23.1,-14.5
230.14,-12.0,-29.3,-21.5,-22.7,-14.6
230.15,-11.4,-30.1,-21.4,-21.2,-14.8
230.16,-11.5,-31.1,-21.5,-21.1,-15.0
230.17,-11.7,-32.4,-21.9,-20.9,-15.5
230.18,-11.3,-33.4,-16.3,-21.5,-15.9
230.19,-9.4,-35.9,-12.6,-20.8,-16.4
230.20,-9.0,-39.2,-10.9,-21.2,-17.3
230.21,-8.8,-41.6,-10.7,-20.1,-18.0
230.22,-8.9,-41.0,-10.6,-20.4,-18.3
230.23,-10.5,-40.1,-12.5,-21.9,-18.3
230.24,-11.8,-38.9,-15.0,-21.8,-18.3
230.25,-11.7,-37.8,-16.8,-22.2,-18.0
230.26,-12.3,-37.3,-17.5,-22.5,-17.9
230.27,-12.3,-37.1,-17.6,-22.4,-18.2
230.28,-12.8,-37.1,-18.4,-22.7,-18.3
230.29,-13.9,-37.4,-19.6,-23.4,-18.3
230.30,-14.2,-38.0,-20.8,-23.3,-18.3
230.31,-13.4,-38.4,-21.2,-22.3,-17.8
230.32,-13.3,-39.2,-21.7,-21.8,-17.5
230.33,-13.0,-40.1,-21.8,-21.6,-16.8
230.34,-13.4,-40.8,-21.9,-22.5,-16.6
230.35,-13.7,-41.5,-21.5,-23.6,-16.3
230.36,-14.0,-41.2,-21.4,-24.7,-16.4
230.37,-13.3,-39.1,-21.4,-23.0,-16.0
230.38,-12.9,-37.5,-21.4,-22.3,-16.0
230.39,-12.5,-35.7,-21.3,-22.5,-15.6
230.40,-12.5,-34.2,-22.0,-22.2,-15.6
230.41,-12.0,-33.8,-22.7,-21.2,-15.6
230.42,-12.8,-33.9,-22.7,-22.3,-16.0
230.43,-12.7,-33.9,-22.9,-22.6,-15.8
230.44,-12.9,-34.5,-23.4,-22.7,-15.8
230.45,-13.4,-35.6,-23.0,-25.2,-15.7
230.46,-13.4,-36.3,-23.0,-24.6,-15.7
230.47,-13.2,-37.2,-23.5,-23.3,-15.9
230.48,-12.0,-38.6,-23.8,-20.8,-15.6
230.49,-12.0,-40.4,-23.8,-20.3,-15.9
230.50,-10.9,-41.5,-17.6,-19.8,-16.3
230.51,-9.4,-42.0,-12.0,-20.9,-16.4
230.52,-9.2,-42.7,-11.2,-21.9,-16.8
230.53,-9.3,-43.5,-11.0,-21.9,-16.9
230.54,-9.1,-44.0,-11.1,-21.3,-16.4
230.55,-10.1,-43.8,-12.4,-21.9,-16.2
230.56,-11.8,-44.0,-17.9,-21.5,-15.9
230.57,-11.9,-42.7,-19.1,-20.0,-16.0
230.58,-12.5,-41.5,-19.2,-21.1,-16.5
230.59,-12.3,-41.9,-18.8,-20.9,-16.6
230.60,-12.8,-42.1,-20.6,-20.2,-16.9
230.61,-12.7,-42.6,-20.6,-20.6,-17.0
230.62,-13.7,-45.2,-21.1,-21.4,-17.2
230.63,-14.0,-46.9,-20.8,-21.3,-17.5
230.64,-13.9,-47.6,-20.7,-21.1,-17.7
230.65,-14.0,-47.4,-19.9,-20.8,-18.1
230.66,-13.7,-47.6,-19.8,-20.6,-17.9
230.67,-13.7,-47.7,-19.9,-21.4,-18.3
230.68,-13.3,-48.7,-20.3,-20.1,-18.3
230.69,-13.4,-49.8,-21.4,-20.2,-17.9
230.70,-13.0,-51.3,-22.4,-19.7,-17.7
230.71,-13.0,-51.8,-23.2,-19.4,-17.5
230.72,-13.3,-52.0,-24.2,-20.2,-17.2
230.73,-13.9,-51.9,-24.4,-21.4,-17.5
230.74,-13.8,-52.1,-24.5,-20.9,-17.7
230.75,-14.8,-52.4,-24.3,-21.6,-18.6
230.76,-13.9,-53.8,-24.4,-19.7,-18.8
230.77,-14.1,-55.5,-24.5,-19.5,-19.3
230.78,-14.4,-57.0,-24.3,-19.9,-19.6
230.79,-14.7,-57.9,-24.3,-19.8,-19.4
230.80,-14.0,-59.2,-24.6,-19.4,-19.0
230.81,-13.1,-59.8,-17.3,-19.5,-19.3
230.82,-10.3,-60.6,-13.1,-19.3,-19.7
230.83,-8.5,-61.2,-10.4,-19.8,-20.1
230.84,-8.6,-61.4,-10.1,-21.7,-20.7
230.85,-8.0,-60.6,-9.9,-20.2,-20.3
230.86,-8.9,-59.6,-11.2,-20.8,-20.1
230.87,-11.1,-59.3,-14.6,-20.0,-19.8
230.88,-11.9,-59.0,-16.9,-20.0,-19.4
230.89,-11.7,-58.6,-17.5,-19.9,-18.8
230.90,-13.2,-58.3,-18.2,-22.0,-18.9
230.91,-12.8,-57.9,-18.1,-22.1,-18.6
230.92,-13.4,-57.8,-19.5,-22.3,-18.7
230.93,-13.9,-57.3,-20.4,-21.6,-18.8
230.94,-14.1,-57.9,-20.7,-22.2,-18.9
230.95,-14.3,-58.4,-21.1,-22.2,-19.0
230.96,-15.0,-59.1,-21.4,-23.0,-18.6
230.97,-14.4,-59.3,-21.4,-22.0,-18.2
230.98,-14.1,-60.2,-21.3,-22.5,-17.8
230.99,-14.2,-60.3,-21.5,-22.4,-17.8
231.00,-13.0,-61.1,-21.4,-20.8,-16.9
231.01,-12.2,-61.1,-22.0,-20.5,-16.0
231.02,-11.9,-61.3,-22.7,-20.4,-15.6
231.03,-11.4,-61.0,-23.6,-19.7,-15.1
231.04,-11.3,-61.1,-24.5,-19.7,-14.9
231.05,-13.0,-60.9,-25.0,-21.1,-15.9
231.06,-13.2,-60.0,-25.1,-20.6,-16.0
231.07,-14.5,-60.1,-25.4,-21.4,-16.7
231.08,-14.9,-60.7,-25.2,-21.2,-16.9
231.09,-15.4,-60.6,-25.1,-21.2,-17.2
231.10,-15.3,-60.2,-25.5,-21.7,-17.2
231.11,-15.5,-60.9,-25.7,-22.2,-17.9
231.12,-14.3,-61.0,-25.8,-21.8,-17.6
231.13,-13.7,-61.4,-21.3,-21.7,-18.0
231.14,-9.5,-62.4,-12.3,-21.3,-17.9
231.15,-9.0,-64.1,-11.4,-21.7,-17.4
231.16,-8.8,-64.5,-11.2,-21.8,-16.6
231.17,-9.0,-65.1,-11.2,-22.7,-16.6
231.18,-10.2,-65.6,-12.6,-22.5,-16.4
231.19,-12.5,-66.0,-17.8,-21.2,-16.4
231.20,-13.1,-66.6,-19.4,-20.9,-16.6
231.21,-13.6,-67.6,-19.7,-20.9,-17.2
231.22,-13.4,-67.9,-19.2,-19.7,-17.4
231.23,-14.2,-68.1,-20.4,-19.9,-17.7
231.24,-14.2,-68.3,-20.6,-19.7,-18.0
231.25,-14.4,-68.3,-21.8,-19.2,-17.8
231.26,-13.9,-68.4,-21.2,-20.1,-17.6
231.27,-13.9,-68.4,-21.3,-20.2,-17.4
231.28,-13.5,-68.3,-20.1,-19.7,-17.4
231.29,-13.1,-67.9,-19.5,-20.1,-17.5
231.30,-13.6,-67.4,-19.4,-19.7,-17.7
231.31,-13.5,-66.1,-19.9,-19.7,-17.6
231.32,-14.2,-65.1,-20.8,-20.3,-17.5
231.33,-14.1,-64.9,-22.1,-19.5,-17.5
231.34,-14.6,-64.2,-23.1,-20.2,-17.5
231.35,-14.3,-64.0,-23.7,-20.2,-17.6
231.36,-14.7,-64.2,-24.1,-19.1,-18.0
231.37,-15.1,-63.7,-24.5,-19.6,-18.1
231.38,-14.9,-61.2,-23.9,-19.6,-18.2
231.39,-14.3,-59.0,-23.4,-19.1,-18.1
231.40,-14.7,-57.3,-23.2,-20.0,-18.1
231.41,-14.3,-56.0,-23.5,-19.4,-18.1
231.42,-14.8,-54.6,-24.1,-19.2,-18.2
231.43,-14.5,-46.5,-24.4,-19.6,-18.3
231.44,-14.5,-41.0,-21.6,-19.0,-18.9
231.45,-11.0,-35.0,-13.4,-19.5,-19.5
231.46,-9.4,-25.4,-10.9,-21.1,-20.3
231.47,-9.0,-21.4,-10.3,-21.5,-21.2
231.48,-8.6,-18.8,-10.1,-22.3,-22.3
231.49,-9.1,-17.0,-11.1,-21.8,-22.1
231.50,-10.4,-16.1,-13.8,-21.9,-22.1
231.51,-11.0,-15.9,-17.2,-19.6,-22.2
231.52,-10.8,-15.8,-17.3,-19.2,-21.9
231.53,-11.0,-16.1,-17.5,-19.9,-21.7
231.54,-10.7,-16.2,-17.9,-18.8,-21.4
231.55,-11.0,-16.1,-19.6,-19.3,-21.4
231.56,-11.2,-16.0,-20.1,-19.4,-21.5
231.57,-11.4,-16.1,-20.9,-18.6,-21.8
231.58,-11.5,-16.0,-20.2,-19.1,-21.9
231.59,-12.0,-16.0,-19.6,-18.5,-22.5
231.60,-11.9,-16.2,-18.9,-18.5,-22.5
231.61,-11.9,-16.2,-18.7,-18.9,-22.6
231.62,-11.9,-16.2,-19.1,-18.2,-22.2
231.63,-11.8,-16.6,-19.2,-18.7,-21.7
231.64,-11.4,-16.7,-19.9,-18.0,-21.9
231.65,-11.7,-17.0,-20.6,-18.0,-21.9
231.66,-11.9,-17.3,-21.1,-18.8,-21.1
231.67,-11.8,-17.7,-21.5,-18.3,-21.3
231.68,-12.0,-18.2,-21.7,-17.7,-21.4
231.69,-12.1,-18.5,-22.0,-17.4,-20.7
231.70,-11.3,-18.6,-22.2,-16.5,-20.0
231.71,-11.5,-18.5,-22.1,-16.6,-20.1
231.72,-11.6,-18.5,-22.6,-16.0,-20.1
231.73,-11.8,-18.7,-22.8,-16.4,-20.2
231.74,-12.2,-19.0,-23.0,-16.7,-20.3
231.75,-11.8,-19.4,-23.1,-16.3,-20.0
231.76,-11.3,-20.2,-21.7,-16.1,-19.4
231.77,-9.8,-19.9,-12.2,-17.0,-19.1
231.78,-8.7,-18.7,-11.2,-17.5,-18.6
231.79,-8.6,-16.9,-11.1,-18.2,-18.6
231.80,-8.8,-15.8,-11.1,-19.4,-18.8
231.81,-9.3,-15.2,-12.3,-20.8,-19.1
231.82,-10.7,-14.9,-17.0,-21.8,-19.1
231.83,-11.5,-14.9,-19.7,-22.4,-19.6
231.84,-11.9,-15.8,-20.4,-23.1,-19.4
231.85,-11.8,-16.5,-19.8,-23.7,-19.2
231.86,-12.1,-16.5,-20.5,-23.7,-19.5
231.87,-12.2,-16.6,-20.9,-23.1,-19.7
231.88,-12.4,-16.9,-21.9,-23.5,-19.4
231.89,-12.3,-16.9,-21.7,-23.5,-19.3
231.90,-12.2,-17.1,-21.7,-23.2,-19.1
231.91,-12.1,-17.8,-20.6,-24.1,-18.5
231.92,-12.1,-17.8,-20.3,-26.0,-18.2
231.93,-11.6,-16.9,-20.0,-25.9,-18.1
231.94,-10.9,-16.5,-19.7,-22.6,-18.0
231.95,-10.9,-15.8,-19.6,-22.1,-18.0
231.96,-10.7,-15.5,-20.0,-21.0,-18.1
231.97,-10.4,-15.6,-20.2,-19.8,-18.3
231.98,-11.2,-15.8,-21.2,-20.5,-18.5
231.99,-11.3,-16.0,-22.1,-21.2,-18.7
232.00,-10.3,-16.4,-18.9,-21.6,-17.9
232.01,-10.4,-16.9,-17.1,-23.3,-18.1
232.02,-10.2,-17.4,-16.2,-24.5,-18.2
232.03,-10.2,-17.2,-16.0,-26.1,-18.3
232.04,-10.2,-16.9,-16.0,-28.0,-18.2
232.05,-11.3,-16.9,-18.2,-27.9,-18.9
232.06,-11.9,-16.5,-21.1,-26.9,-19.4
232.07,-12.3,-16.4,-23.2,-27.7,-19.4
232.08,-11.2,-16.6,-15.9,-27.5,-19.6
232.09,-10.0,-16.7,-12.3,-26.6,-19.9
232.10,-9.4,-16.7,-11.6,-25.2,-20.1
232.11,-9.3,-17.1,-11.3,-25.0,-19.9
232.12,-9.4,-17.3,-11.6,-23.2,-20.1
232.13,-9.7,-17.2,-12.8,-23.0,-19.6
232.14,-11.2,-17.5,-17.6,-23.5,-19.5
232.15,-11.4,-17.3,-18.2,-24.8,-19.5
232.16,-10.4,-16.9,-15.4,-26.2,-19.5
232.17,-9.4,-17.0,-13.8,-25.7,-19.7
232.18,-9.8,-17.0,-13.8,-24.7,-20.6
232.19,-10.0,-16.8,-13.6,-23.9,-21.5
232.20,-10.2,-16.4,-13.8,-23.8,-21.5
232.21,-11.0,-16.3,-15.5,-23.3,-21.3
232.22,-12.1,-16.4,-17.2,-23.2,-21.2
232.23,-11.6,-16.4,-17.1,-24.7,-21.0
232.24,-10.2,-16.6,-14.0,-24.4,-20.7
232.25,-9.6,-16.7,-12.5,-25.6,-20.5
232.26,-9.5,-16.2,-12.4,-26.0,-20.6
232.27,-9.4,-15.8,-12.2,-28.7,-20.9
232.28,-9.7,-15.3,-12.7,-29.7,-21.0
232.29,-10.1,-15.0,-14.2,-27.4,-21.2
232.30,-10.9,-15.1,-16.2,-27.6,-21.0
232.31,-10.6,-15.6,-15.9,-24.8,-21.3
232.32,-10.4,-15.9,-15.6,-24.1,-21.3
232.33,-10.1,-16.5,-15.3,-22.4,-21.1
232.34,-10.2,-16.7,-15.2,-22.2,-21.3
232.35,-10.3,-16.5,-15.8,-21.4,-21.5
232.36,-10.6,-16.1,-16.2,-20.7,-21.2
232.37,-10.7,-15.9,-16.4,-21.0,-21.3
232.38,-10.6,-15.8,-16.3,-21.0,-20.5
232.39,-9.9,-15.5,-16.0,-19.8,-20.0
232.40,-9.1,-15.4,-12.3,-20.3,-20.0
232.41,-8.7,-15.8,-11.0,-20.1,-19.5
232.42,-8.5,-16.0,-11.0,-20.0,-18.8
232.43,-9.0,-16.3,-11.3,-21.6,-18.1
232.44,-9.5,-17.1,-11.9,-21.8,-17.6
232.45,-9.5,-18.0,-14.8,-20.8,-17.3
232.46,-10.0,-18.7,-17.1,-21.1,-17.3
232.47,-10.0,-19.9,-16.7,-20.2,-17.4
232.48,-10.4,-21.6,-15.6,-20.1,-17.7
232.49,-11.1,-22.9,-15.5,-21.6,-17.7
232.50,-12.1,-23.2,-16.2,-22.7,-17.7
232.51,-11.0,-22.8,-15.2,-22.5,-18.0
232.52,-10.4,-22.9,-15.4,-21.5,-18.0
232.53,-10.3,-22.4,-15.6,-21.3,-18.4
232.54,-10.2,-22.3,-16.0,-20.7,-18.5
232.55,-10.8,-21.6,-17.1,-21.4,-18.3
232.56,-11.5,-21.4,-18.4,-22.3,-18.1
232.57,-11.7,-21.0,-19.0,-22.3,-18.0
232.58,-11.4,-20.6,-19.4,-22.1,-18.1
232.59,-10.9,-20.2,-19.3,-22.4,-17.7
232.60,-11.1,-20.3,-19.5,-22.4,-17.6
232.61,-11.1,-20.2,-19.3,-22.7,-17.7
232.62,-11.3,-20.3,-20.0,-23.4,-17.3
232.63,-12.3,-20.5,-21.7,-24.0,-17.3
232.64,-12.3,-20.9,-21.6,-24.0,-17.4
232.65,-12.4,-21.2,-21.2,-23.6,-17.3
232.66,-12.2,-21.8,-20.7,-23.3,-17.2
232.67,-12.3,-22.0,-20.9,-22.6,-17.4
232.68,-11.7,-22.1,-20.9,-22.0,-16.9
232.69,-11.9,-22.2,-21.1,-22.0,-16.9
232.70,-11.4,-22.3,-21.1,-21.2,-17.1
232.71,-9.8,-22.2,-14.2,-20.8,-17.3
232.72,-9.1,-22.4,-11.6,-21.6,-17.4
232.73,-9.0,-22.1,-10.9,-21.2,-17.9
232.74,-9.1,-21.9,-10.8,-21.1,-17.9
232.75,-9.7,-21.6,-11.0,-21.9,-17.6
232.76,-10.3,-21.5,-12.7,-21.4,-17.5
232.77,-11.1,-21.4,-17.0,-21.6,-17.2
232.78,-11.1,-21.7,-17.8,-22.1,-17.1
232.79,-10.6,-21.8,-18.1,-21.7,-17.2
232.80,-10.2,-22.1,-18.0,-21.4,-17.0
232.81,-10.8,-22.2,-19.4,-21.8,-17.1
232.82,-11.2,-22.1,-19.8,-22.1,-17.5
232.83,-11.3,-21.5,-21.2,-22.8,-17.4
232.84,-11.5,-21.0,-21.9,-23.4,-17.3
232.85,-12.1,-20.6,-22.9,-24.1,-17.6
232.86,-12.2,-20.5,-23.0,-24.9,-17.5
232.87,-12.3,-20.5,-23.5,-24.5,-17.5
232.88,-12.5,-20.7,-23.9,-24.2,-17.6
232.89,-12.8,-21.2,-24.2,-23.5,-17.7
232.90,-12.9,-21.6,-24.8,-22.2,-17.9
232.91,-12.0,-21.9,-25.0,-19.7,-17.6
232.92,-12.1,-21.7,-25.1,-19.8,-17.6
232.93,-11.4,-21.2,-25.3,-18.6,-17.4
232.94,-11.2,-20.7,-25.1,-18.4,-17.2
232.95,-11.4,-20.2,-24.3,-19.3,-16.9
232.96,-11.1,-20.0,-23.5,-19.5,-16.9
232.97,-11.2,-19.8,-22.9,-19.4,-17.0
232.98,-11.7,-19.8,-22.6,-20.0,-17.2
232.99,-11.0,-20.0,-22.1,-19.3,-17.2
233.00,-11.4,-20.4,-22.5,-19.9,-17.3
233.01,-11.3,-20.7,-23.3,-19.8,-17.3
233.02,-11.4,-20.8,-22.9,-19.8,-17.6
233.03,-9.6,-21.0,-14.9,-20.0,-17.7
233.04,-9.3,-21.0,-11.7,-20.1,-18.1
233.05,-9.1,-21.0,-11.3,-20.7,-18.1
233.06,-9.1,-21.2,-11.2,-21.5,-17.5
233.07,-9.3,-21.5,-11.4,-21.0,-17.2
233.08,-11.3,-21.8,-16.1,-21.6,-16.7
233.09,-11.7,-21.8,-19.4,-20.3,-16.5
233.10,-11.5,-21.7,-20.2,-20.0,-16.3
233.11,-11.7,-21.6,-20.0,-20.1,-16.6
233.12,-11.8,-21.4,-20.0,-19.9,-16.9
233.13,-12.2,-21.1,-22.0,-20.2,-17.1
233.14,-11.5,-20.9,-22.8,-19.7,-17.0
233.15,-11.3,-20.6,-22.0,-19.5,-16.8
233.16,-11.2,-20.4,-21.6,-19.5,-16.8
233.17,-10.9,-20.3,-21.6,-19.1,-16.7
233.18,-10.9,-20.4,-21.6,-19.7,-16.5
233.19,-11.1,-20.8,-22.7,-19.5,-16.2
233.20,-10.9,-21.4,-24.5,-19.0,-15.9
233.21,-11.4,-22.4,-25.3,-20.5,-15.7
233.22,-11.4,-23.7,-26.2,-19.8,-15.4
233.23,-11.9,-25.2,-26.8,-20.5,-15.4
233.24,-11.8,-26.8,-26.9,-20.6,-15.4
233.25,-12.1,-28.1,-26.9,-20.3,-15.5
233.26,-11.7,-28.9,-25.1,-20.1,-15.0
233.27,-11.0,-29.0,-23.2,-19.8,-14.8
233.28,-11.1,-28.7,-23.1,-20.0,-14.8
233.29,-11.2,-28.4,-22.5,-20.4,-14.8
233.30,-11.2,-27.9,-22.2,-20.3,-15.0
233.31,-11.3,-27.5,-22.7,-20.5,-15.1
233.32,-12.1,-27.1,-24.4,-20.6,-15.5
233.33,-12.2,-26.4,-25.0,-21.1,-15.7
233.34,-11.0,-25.7,-15.3,-22.2,-16.4
233.35,-9.3,-24.8,-11.8,-22.1,-17.0
233.36,-8.8,-23.9,-10.8,-21.9,-17.4
233.37,-8.9,-23.1,-10.5,-21.4,-17.6
233.38,-8.7,-22.6,-10.4,-20.4,-17.7
233.39,-10.2,-22.5,-12.6,-20.1,-17.5
233.40,-10.6,-22.7,-15.3,-19.3,-17.3
233.41,-11.0,-23.3,-16.8,-18.8,-17.5
233.42,-10.9,-24.0,-17.5,-18.9,-17.5
233.43,-11.0,-24.4,-18.1,-18.7,-17.5
233.44,-11.5,-24.4,-20.0,-18.8,-17.3
233.45,-11.4,-24.2,-20.7,-18.6,-17.2
233.46,-11.1,-24.1,-21.8,-18.5,-16.7
233.47,-11.6,-24.4,-21.0,-19.0,-16.9
233.48,-11.5,-25.0,-21.1,-18.5,-16.7
233.49,-11.5,-25.6,-20.8,-18.5,-16.6
233.50,-11.5,-25.7,-20.4,-18.7,-16.5
233.51,-11.7,-25.2,-21.3,-18.9,-16.4
233.52,-11.6,-24.5,-22.1,-19.4,-16.5
233.53,-11.6,-23.9,-22.9,-19.7,-16.0
233.54,-10.9,-23.6,-23.6,-19.1,-15.6
233.55,-11.4,-23.6,-24.5,-20.0,-15.7
233.56,-11.7,-23.9,-25.1,-20.1,-15.9
233.57,-11.6,-24.4,-24.8,-19.9,-15.9
233.58,-11.8,-25.1,-25.4,-20.1,-15.9
233.59,-12.3,-26.1,-26.0,-20.1,-16.2
233.60,-12.6,-27.4,-26.2,-19.9,-16.4
233.61,-12.9,-28.6,-26.3,-19.8,-16.2
233.62,-12.8,-29.2,-26.9,-19.4,-16.1
233.63,-13.0,-29.3,-27.2,-19.3,-16.1
233.64,-13.1,-29.3,-26.9,-19.8,-15.9
233.65,-12.9,-29.4,-26.8,-19.7,-16.0
233.66,-10.7,-29.6,-16.9,-19.6,-16.1
233.67,-9.0,-30.0,-12.0,-20.2,-16.0
233.68,-8.7,-30.7,-11.6,-20.7,-15.7
233.69,-8.7,-31.5,-11.5,-20.1,-15.8
233.70,-8.8,-32.2,-11.6,-20.6,-15.5
233.71,-11.3,-32.0,-15.8,-21.4,-15.0
233.72,-12.2,-30.8,-20.3,-20.7,-15.2
233.73,-12.4,-29.2,-20.4,-21.0,-15.5
233.74,-12.4,-27.6,-20.1,-22.2,-15.5
233.75,-11.9,-26.4,-19.6,-21.2,-15.4
233.76,-12.1,-25.8,-21.3,-21.3,-15.7
233.77,-12.1,-25.8,-21.1,-22.2,-15.5
233.78,-11.5,-26.2,-21.5,-20.9,-15.0
233.79,-10.8,-27.1,-21.1,-19.7,-15.0
233.80,-10.9,-28.2,-21.0,-20.0,-15.2
233.81,-10.7,-29.2,-20.7,-19.1,-15.2
233.82,-10.8,-29.7,-21.0,-19.1,-15.5
233.83,-11.6,-29.8,-21.8,-20.2,-16.1
233.84,-12.3,-29.3,-22.7,-20.9,-16.3
233.85,-12.8,-29.0,-24.2,-21.3,-16.4
233.86,-13.2,-28.8,-25.4,-21.0,-16.6
233.87,-12.5,-29.0,-26.1,-19.1,-16.3
233.88,-12.7,-29.8,-27.0,-19.3,-16.2
233.89,-12.5,-30.8,-27.7,-18.5,-16.1
233.90,-12.0,-32.3,-27.9,-17.5,-15.8
233.91,-12.6,-33.9,-28.2,-19.1,-15.6
233.92,-12.7,-35.2,-28.2,-19.3,-15.6
233.93,-12.3,-36.3,-28.0,-17.8,-15.7
233.94,-12.9,-37.5,-27.4,-19.3,-15.5
233.95,-13.1,-38.4,-27.2,-19.1,-15.6
233.96,-11.8,-38.7,-26.1,-17.7,-15.3
233.97,-10.8,-38.6,-17.0,-18.9,-15.1
233.98,-9.3,-38.3,-11.9,-19.4,-15.4
233.99,-8.4,-38.1,-10.3,-17.8,-15.8
234.00,-8.5,-37.8,-10.2,-18.5,-16.1
234.01,-8.7,-37.4,-10.0,-19.2,-16.2
234.02,-9.8,-37.1,-12.0,-18.3,-16.0
234.03,-10.4,-36.8,-14.9,-19.3,-15.6
234.04,-11.2,-36.7,-17.1,-21.1,-15.3
234.05,-11.6,-37.0,-18.1,-19.6,-15.3
234.06,-11.9,-37.5,-18.5,-20.2,-15.3
234.07,-12.2,-38.2,-20.0,-19.9,-15.5
234.08,-12.1,-39.1,-21.1,-18.8,-15.7
234.09,-12.6,-40.1,-22.5,-19.4,-15.9
234.10,-12.5,-41.1,-22.5,-20.0,-15.9
234.11,-12.3,-41.9,-22.7,-18.9,-15.6
234.12,-12.1,-42.6,-22.6,-19.2,-15.2
234.13,-12.3,-43.6,-22.5,-19.7,-14.8
234.14,-12.1,-44.4,-22.9,-19.1,-14.8
234.15,-12.0,-45.0,-23.1,-18.8,-14.8
234.16,-12.0,-45.4,-23.3,-19.7,-14.8
234.17,-12.0,-45.7,-24.0,-18.9,-14.9
234.18,-11.6,-45.8,-24.5,-18.7,-15.1
234.19,-11.8,-46.0,-25.3,-18.8,-15.0
234.20,-11.5,-46.6,-25.7,-18.8,-14.6
234.21,-11.5,-47.7,-26.4,-18.5,-14.7
234.22,-12.1,-49.1,-27.3,-19.2,-14.7
234.23,-12.0,-50.5,-27.1,-19.2,-14.6
234.24,-12.7,-51.3,-27.1,-19.4,-14.8
234.25,-12.6,-51.4,-27.2,-19.5,-14.8
234.26,-12.8,-50.7,-27.5,-19.5,-14.8
234.27,-12.6,-49.1,-27.9,-19.1,-14.8
234.28,-12.4,-47.9,-28.3,-19.0,-14.6
234.29,-11.3,-47.5,-15.9,-19.2,-14.9
234.30,-9.7,-47.2,-11.3,-19.0,-14.9
234.31,-8.9,-47.0,-10.7,-18.8,-14.9
234.32,-8.9,-47.0,-10.6,-19.5,-14.9
234.33,-9.0,-46.8,-10.6,-19.2,-15.0
234.34,-10.0,-46.5,-12.8,-19.1,-15.0
234.35,-11.7,-46.1,-19.0,-19.4,-15.2
234.36,-12.7,-46.1,-19.7,-19.8,-15.3
234.37,-12.7,-46.2,-20.0,-18.9,-15.3
234.38,-12.4,-46.4,-19.3,-19.6,-15.1
234.39,-12.1,-46.5,-21.0,-19.4,-14.6
234.40,-11.6,-47.3,-21.0,-18.2,-14.3
234.41,-11.7,-48.7,-22.2,-18.9,-14.1
234.42,-11.4,-50.2,-22.3,-19.0,-14.0
234.43,-11.5,-52.7,-23.3,-17.7,-14.3
234.44,-11.8,-55.2,-23.2,-18.4,-14.7
234.45,-12.2,-56.5,-23.5,-19.0,-15.1
234.46,-12.2,-57.4,-24.1,-18.3,-15.3
234.47,-12.4,-57.3,-24.7,-18.2,-15.3
234.48,-12.3,-56.0,-25.3,-18.9,-15.0
234.49,-12.4,-55.1,-26.2,-18.6,-15.0
234.50,-11.6,-54.0,-25.9,-17.4,-14.9
234.51,-11.9,-53.2,-25.4,-18.4,-14.8
234.52,-12.0,-52.8,-24.9,-18.8,-14.6
234.53,-11.2,-52.7,-24.7,-17.4,-14.6
234.54,-12.1,-52.7,-24.6,-18.7,-14.7
234.55,-12.0,-53.2,-24.7,-19.0,-14.5
234.56,-11.6,-53.3,-25.8,-17.4,-14.5
234.57,-12.4,-53.6,-26.7,-18.2,-14.8
234.58,-12.7,-53.1,-27.1,-18.7,-14.8
234.59,-11.7,-52.5,-27.4,-17.1,-14.6
234.60,-10.9,-52.0,-17.8,-17.7,-14.8
234.61,-9.8,-52.1,-13.2,-18.8,-15.0
234.62,-8.6,-52.0,-10.6,-17.8,-15.2
234.63,-8.2,-52.2,-10.2,-17.4,-15.4
234.64,-8.7,-53.0,-10.1,-18.9,-15.9
234.65,-9.4,-53.7,-11.7,-17.6,-15.7
234.66,-10.8,-53.7,-14.8,-17.1,-15.7
234.67,-11.8,-53.4,-17.4,-18.5,-15.8
234.68,-11.8,-52.8,-18.3,-18.1,-16.0
234.69,-11.8,-51.0,-18.6,-17.4,-15.8
234.70,-12.2,-49.4,-19.2,-19.1,-15.7
234.71,-12.0,-48.9,-21.1,-18.3,-15.5
234.72,-11.7,-49.1,-21.7,-17.3,-15.3
234.73,-12.4,-49.0,-22.0,-19.0,-15.4
234.74,-12.4,-49.3,-21.7,-18.2,-15.7
234.75,-11.8,-49.7,-21.3,-17.3,-15.7
234.76,-12.5,-49.6,-21.3,-19.1,-16.1
234.77,-12.1,-49.0,-21.5,-18.3,-16.2
234.78,-12.1,-49.1,-22.4,-17.3,-16.4
234.79,-12.8,-49.5,-22.9,-18.8,-16.6
234.80,-13.0,-50.2,-24.3,-17.9,-16.8
234.81,-12.5,-51.4,-25.4,-16.9,-16.9
234.82,-13.2,-53.2,-26.0,-17.9,-16.8
234.83,-13.0,-55.1,-26.9,-17.4,-16.7
234.84,-12.7,-57.0,-27.3,-16.7,-16.4
234.85,-12.8,-57.3,-27.3,-17.7,-15.9
234.86,-12.5,-55.8,-27.3,-17.8,-15.4
234.87,-12.1,-54.2,-27.2,-17.1,-14.9
234.88,-12.0,-53.3,-26.9,-18.0,-14.5
234.89,-11.8,-52.7,-26.9,-18.3,-14.3
234.90,-11.5,-52.7,-26.9,-17.0,-14.1
234.91,-11.6,-53.3,-26.9,-17.5,-14.0
234.92,-11.2,-54.5,-20.9,-17.9,-14.1
234.93,-9.2,-55.5,-11.9,-17.5,-14.2
234.94,-8.8,-56.1,-11.0,-18.1,-14.4
234.95,-9.1,-55.6,-10.8,-19.8,-14.5
234.96,-9.1,-54.6,-10.8,-19.9,-14.3
234.97,-9.2,-54.2,-12.2,-19.1,-14.4
234.98,-10.0,-54.0,-17.3,-18.3,-14.4
234.99,-10.9,-53.9,-18.6,-18.6,-14.2
235.00,-10.6,-54.6,-19.1,-16.9,-14.5
235.01,-10.6,-55.5,-18.6,-16.7,-14.9
235.02,-12.4,-55.6,-20.6,-18.0,-15.1
235.03,-11.7,-55.2,-20.8,-16.8,-15.3
235.04,-12.0,-54.6,-22.6,-17.1,-15.7
235.05,-11.8,-53.9,-22.1,-17.3,-15.6
235.06,-11.4,-53.4,-22.7,-16.5,-15.4
235.07,-11.7,-53.0,-22.2,-17.2,-15.4
235.08,-11.9,-53.3,-22.4,-17.1,-15.5
235.09,-11.8,-54.1,-22.8,-16.8,-15.5
235.10,-12.3,-55.2,-23.9,-17.4,-15.5
235.11,-12.3,-56.9,-25.2,-18.0,-15.5
235.12,-11.8,-59.4,-25.9,-17.4,-15.2
235.13,-11.4,-61.9,-26.3,-17.5,-14.9
235.14,-12.1,-65.2,-26.8,-18.6,-14.9
235.15,-11.5,-66.9,-27.0,-17.4,-14.5
235.16,-11.3,-68.2,-27.2,-17.0,-14.3
235.17,-12.3,-68.9,-27.9,-18.7,-14.2
235.18,-11.8,-70.4,-28.4,-17.7,-14.1
235.19,-11.6,-70.8,-28.6,-17.6,-14.0
235.20,-11.9,-70.5,-28.4,-18.7,-14.0
235.21,-11.9,-70.1,-28.2,-17.7,-14.1
235.22,-11.9,-69.8,-27.9,-17.9,-14.3
235.23,-11.5,-68.9,-22.5,-18.5,-14.6
235.24,-9.9,-68.6,-14.1,-18.1,-15.2
235.25,-9.1,-68.8,-11.3,-19.5,-16.0
235.26,-8.6,-68.8,-10.6,-19.6,-16.7
235.27,-8.7,-68.7,-10.5,-19.9,-17.2
235.28,-9.7,-69.4,-11.7,-20.2,-17.0
235.29,-11.1,-69.2,-14.6,-19.3,-16.6
235.30,-12.0,-69.6,-17.0,-19.6,-16.4
235.31,-12.2,-69.7,-17.7,-18.9,-16.2
235.32,-12.2,-69.6,-18.1,-18.6,-16.0
235.33,-12.9,-69.9,-18.5,-19.4,-15.9
235.34,-12.8,-70.1,-20.3,-18.5,-15.9
235.35,-13.1,-70.1,-21.4,-18.8,-15.8
235.36,-13.2,-70.8,-22.1,-19.7,-15.7
235.37,-12.8,-70.6,-21.7,-18.5,-15.6
235.38,-12.9,-70.6,-21.7,-19.6,-15.4
235.39,-12.6,-70.5,-21.9,-19.2,-15.4
235.40,-12.2,-70.7,-22.1,-18.2,-15.1
235.41,-12.0,-70.3,-23.0,-18.9,-14.9
235.42,-11.9,-70.3,-23.9,-18.1,-14.8
235.43,-11.6,-70.1,-24.8,-18.0,-14.6
235.44,-11.7,-70.0,-25.8,-17.4,-14.7
235.45,-11.6,-70.1,-26.6,-17.0,-14.8
235.46,-11.8,-70.4,-27.6,-17.4,-15.0
235.47,-12.1,-70.3,-27.9,-16.8,-15.2
235.48,-12.4,-70.2,-27.9,-16.9,-15.3
235.49,-12.4,-70.1,-27.6,-17.8,-14.9
235.50,-11.8,-70.2,-27.7,-16.7,-14.8
235.51,-12.0,-70.0,-27.8,-17.2,-14.7
235.52,-12.0,-69.9,-27.7,-17.2,-14.8
235.53,-12.0,-69.5,-28.4,-16.7,-15.1
235.54,-12.9,-68.9,-28.3,-18.2,-15.2
235.55,-12.3,-68.2,-23.3,-17.6,-15.4
235.56,-9.0,-67.9,-12.3,-17.7,-15.5
235.57,-8.7,-67.5,-11.3,-19.4,-15.3
235.58,-8.6,-67.4,-11.1,-19.6,-15.0
235.59,-8.8,-67.3,-11.1,-19.9,-15.1
235.60,-9.9,-67.2,-12.5,-20.4,-14.9
235.61,-12.0,-67.1,-16.8,-19.8,-15.0
235.62,-12.3,-66.8,-19.2,-19.5,-14.8
235.63,-12.2,-66.7,-19.9,-18.1,-14.9
235.64,-12.5,-66.9,-19.4,-18.6,-15.0
235.65,-12.3,-67.0,-20.7,-18.0,-14.9
235.66,-12.4,-67.0,-20.7,-17.4,-15.0
235.67,-12.9,-66.8,-21.7,-18.3,-15.2
235.68,-12.9,-66.5,-21.7,-17.7,-15.4
235.69,-12.7,-66.1,-22.7,-17.4,-15.3
235.70,-12.7,-65.7,-22.2,-18.1,-15.4
235.71,-12.0,-65.9,-22.3,-17.3,-15.3
235.72,-12.0,-66.0,-22.3,-17.6,-15.1
235.73,-12.1,-65.8,-22.8,-18.2,-15.3
235.74,-12.1,-66.1,-23.6,-17.3,-15.3
235.75,-12.6,-66.2,-25.0,-17.9,-15.2
235.76,-12.2,-66.4,-26.5,-17.1,-15.0
235.77,-12.2,-66.7,-27.7,-17.0,-15.0
235.78,-12.0,-67.4,-28.7,-17.3,-14.9
235.79,-11.8,-67.6,-28.9,-16.5,-14.9
235.80,-12.3,-67.9,-29.0,-17.3,-15.0
235.81,-11.7,-68.1,-29.1,-16.9,-14.9
235.82,-11.7,-68.6,-29.4,-16.4,-15.0
235.83,-12.0,-68.3,-29.4,-17.2,-15.1
235.84,-11.7,-68.5,-29.5,-16.6,-15.3
235.85,-11.8,-68.2,-28.9,-16.5,-15.5
235.86,-12.1,-67.2,-27.3,-17.4,-15.6
235.87,-9.6,-66.7,-13.3,-16.7,-16.0
235.88,-8.5,-66.5,-11.2,-17.5,-16.0
235.89,-8.4,-66.8,-10.7,-19.4,-16.0
235.90,-8.3,-67.2,-10.5,-19.8,-15.9
235.91,-8.9,-68.1,-11.3,-22.7,-15.7
235.92,-10.5,-68.9,-13.5,-23.2,-15.5
235.93,-12.7,-69.3,-17.7,-22.7,-15.4
235.94,-12.3,-69.4,-18.0,-20.5,-15.5
235.95,-12.2,-69.2,-18.3,-20.0,-15.4
235.96,-12.3,-69.2,-18.6,-19.8,-15.4
235.97,-12.3,-68.9,-20.9,-18.6,-15.6
235.98,-12.7,-69.0,-21.9,-18.9,-15.7
235.99,-12.6,-68.9,-22.5,-18.5,-15.8
236.00,-12.9,-69.2,-22.2,-17.7,-16.1
236.01,-13.3,-69.5,-22.0,-18.7,-16.2
236.02,-13.2,-69.8,-21.9,-18.8,-16.2
236.03,-12.2,-70.0,-21.8,-17.6,-16.1
236.04,-12.7,-70.2,-22.3,-18.9,-16.0
236.05,-12.6,-70.0,-23.0,-18.0,-15.9
236.06,-12.3,-69.9,-24.2,-17.7,-15.8
236.07,-13.1,-70.3,-25.3,-18.0,-16.2
236.08,-13.5,-70.5,-26.5,-17.9,-16.3
236.09,-13.8,-71.0,-27.4,-18.7,-16.4
236.10,-13.6,-71.4,-27.9,-18.4,-16.4
236.11,-13.6,-71.6,-28.2,-18.0,-15.9
236.12,-13.4,-71.6,-28.1,-18.9,-15.6
236.13,-12.8,-71.3,-27.9,-18.3,-15.0
236.14,-12.6,-71.3,-27.8,-18.6,-14.6
236.15,-12.6,-70.9,-27.4,-18.9,-14.5
236.16,-12.3,-70.8,-27.4,-18.2,-14.5
236.17,-12.8,-70.7,-27.3,-19.4,-14.5
236.18,-12.5,-70.3,-25.9,-18.1,-15.1
236.19,-9.0,-69.9,-12.8,-17.7,-15.7
236.20,-8.5,-70.1,-11.5,-19.2,-15.7
236.21,-8.5,-69.5,-11.2,-19.7,-15.7
236.22,-8.6,-69.4,-11.2,-19.5,-15.7
236.23,-9.2,-68.5,-11.9,-22.1,-15.6
236.24,-12.1,-68.2,-16.1,-22.2,-15.6
236.25,-13.3,-67.7,-18.9,-22.2,-16.0
236.26,-13.4,-67.7,-19.3,-21.9,-16.3
236.27,-13.3,-67.3,-19.0,-23.6,-15.7
236.28,-12.8,-67.4,-19.2,-21.7,-15.5
236.29,-12.9,-67.5,-20.9,-21.6,-15.4
236.30,-12.6,-66.9,-22.3,-20.7,-15.1
236.31,-12.4,-66.6,-22.0,-20.6,-15.0
236.32,-13.0,-66.9,-22.2,-20.2,-15.5
236.33,-12.6,-66.8,-21.8,-20.2,-15.5
236.34,-12.6,-66.4,-21.6,-20.3,-15.6
236.35,-12.6,-66.5,-21.8,-20.9,-15.5
236.36,-12.8,-65.9,-22.7,-20.4,-15.6
236.37,-12.6,-65.4,-23.3,-20.1,-15.3
236.38,-12.6,-64.8,-24.6,-18.4,-15.4
236.39,-12.5,-65.0,-26.2,-18.2,-15.3
236.40,-12.6,-65.1,-27.4,-17.4,-15.4
236.41,-12.4,-65.2,-28.3,-17.7,-15.2
236.42,-12.9,-65.6,-28.9,-17.9,-15.3
236.43,-12.9,-66.3,-29.2,-18.3,-15.2
236.44,-12.8,-66.4,-29.5,-17.9,-15.5
236.45,-13.0,-67.0,-29.7,-18.3,-15.5
236.46,-13.0,-67.0,-29.6,-17.7,-15.9
236.47,-13.1,-67.3,-29.2,-18.0,-16.1
236.48,-12.9,-66.6,-28.8,-17.4,-16.4
236.49,-13.4,-66.2,-28.7,-17.8,-16.7
236.50,-11.3,-65.9,-13.3,-17.4,-17.2
236.51,-10.0,-65.7,-10.7,-17.9,-17.5
236.52,-9.3,-65.7,-10.1,-17.7,-18.0
236.53,-9.1,-66.0,-9.9,-18.1,-18.6
236.54,-9.4,-66.8,-10.1,-17.7,-19.2
236.55,-10.1,-67.7,-12.0,-18.4,-19.0
236.56,-11.3,-68.1,-16.0,-18.1,-18.1
236.57,-12.7,-68.8,-17.5,-18.6,-18.0
236.58,-12.5,-69.2,-17.9,-18.2,-17.8
236.59,-12.3,-69.5,-18.0,-18.3,-17.5
236.60,-12.3,-69.9,-20.2,-17.6,-17.1
236.61,-12.9,-70.1,-20.7,-17.5,-17.7
236.62,-12.8,-70.4,-22.0,-17.3,-17.5
236.63,-12.6,-70.6,-21.7,-17.4,-17.5
236.64,-13.1,-70.9,-22.0,-17.3,-17.7
236.65,-12.7,-71.3,-21.8,-17.4,-18.1
236.66,-12.9,-71.3,-21.6,-17.2,-18.1
236.67,-13.0,-71.2,-22.0,-17.2,-18.3
236.68,-13.2,-71.3,-22.7,-17.0,-17.9
236.69,-12.7,-71.1,-23.5,-17.1,-17.1
236.70,-12.8,-71.1,-24.6,-16.8,-17.0
236.71,-12.7,-71.2,-25.9,-16.8,-17.0
236.72,-13.2,-71.4,-27.4,-16.7,-16.9
236.73,-13.1,-71.3,-28.0,-16.6,-17.4
236.74,-13.2,-71.6,-28.3,-16.5,-17.8
236.75,-13.2,-71.2,-28.1,-16.4,-17.8
236.76,-13.0,-71.4,-28.0,-16.3,-17.7
236.77,-13.0,-71.0,-28.1,-16.3,-17.6
236.78,-12.8,-70.6,-28.0,-16.2,-17.7
236.79,-13.4,-70.4,-28.3,-16.4,-18.3
236.80,-12.9,-70.0,-28.5,-16.2,-17.9
236.81,-12.7,-68.8,-26.9,-16.5,-17.7
236.82,-11.8,-68.5,-14.1,-16.5,-17.8
236.83,-9.9,-68.2,-11.2,-17.5,-17.5
236.84,-9.9,-68.0,-10.9,-17.9,-17.5
236.85,-10.2,-67.8,-10.8,-19.5,-17.6
236.86,-10.2,-67.8,-10.9,-19.1,-17.6
236.87,-12.6,-68.0,-16.2,-19.9,-17.5
236.88,-13.7,-67.6,-19.7,-18.4,-17.4
236.89,-13.7,-67.8,-20.0,-18.7,-17.4
236.90,-13.3,-68.1,-19.7,-17.8,-17.1
236.91,-13.2,-68.2,-19.3,-18.6,-17.4
236.92,-13.1,-67.8,-20.9,-17.7,-17.1
236.93,-13.5,-68.2,-21.5,-18.8,-17.2
236.94,-12.7,-68.4,-21.7,-17.8,-17.4
236.95,-13.5,-68.3,-21.8,-18.9,-17.7
236.96,-12.7,-69.0,-21.6,-17.6,-17.7
236.97,-12.9,-69.3,-20.3,-18.8,-18.2
236.98,-11.5,-69.2,-17.4,-17.6,-18.5
236.99,-12.2,-69.2,-16.8,-18.9,-19.0
237.00,-12.0,-69.1,-16.3,-17.7,-19.7
237.01,-12.5,-69.3,-16.3,-19.0,-19.5
237.02,-12.8,-69.3,-17.7,-17.8,-19.3
237.03,-14.0,-69.8,-20.3,-18.8,-19.0
237.04,-14.3,-70.4,-23.0,-18.3,-19.1
237.05,-13.2,-70.2,-19.2,-19.2,-19.0
237.06,-12.6,-70.5,-16.0,-19.8,-19.7
237.07,-12.6,-70.7,-15.0,-20.1,-20.0
237.08,-12.0,-70.7,-14.6,-19.9,-19.4
237.09,-11.9,-70.4,-14.2,-19.9,-18.9
237.10,-12.5,-70.6,-15.8,-19.2,-18.4
237.11,-13.0,-70.0,-18.1,-18.6,-18.2
237.12,-13.3,-69.4,-18.8,-18.7,-18.7
237.13,-11.3,-69.0,-15.1,-17.7,-19.2
237.14,-9.7,-68.6,-11.8,-17.9,-19.4
237.15,-9.5,-68.7,-11.0,-18.1,-19.7
237.16,-8.9,-69.0,-10.8,-17.6,-19.7
237.17,-8.9,-69.4,-10.8,-17.1,-19.6
237.18,-9.6,-70.1,-12.5,-16.8,-19.3
237.19,-11.0,-70.8,-15.7,-16.3,-19.4
237.20,-11.4,-71.5,-17.4,-16.3,-19.3
237.21,-11.4,-71.7,-15.5,-16.2,-19.3
237.22,-10.4,-72.1,-13.4,-16.0,-19.5
237.23,-9.9,-71.6,-12.9,-15.6,-19.5
237.24,-9.6,-71.7,-12.6,-15.0,-19.8
237.25,-9.7,-71.3,-12.5,-15.0,-19.8
237.26,-10.6,-71.2,-14.4,-14.9,-19.7
237.27,-11.3,-70.6,-16.0,-15.3,-19.6
237.28,-11.5,-70.7,-17.5,-15.3,-19.7
237.29,-10.8,-70.1,-14.7,-15.3,-19.7
237.30,-10.3,-70.4,-13.5,-15.3,-20.0
237.31,-10.0,-70.1,-13.4,-15.2,-19.5
237.32,-10.0,-70.4,-13.0,-15.2,-19.3
237.33,-10.3,-70.6,-13.1,-15.4,-19.2
237.34,-11.5,-69.9,-16.0,-15.5,-19.2
237.35,-11.9,-68.8,-17.3,-15.6,-19.2
237.36,-12.6,-67.4,-18.7,-15.5,-20.0
237.37,-11.2,-66.2,-14.3,-15.5,-20.3
237.38,-10.8,-66.0,-13.1,-15.7,-20.7
237.39,-10.6,-65.9,-12.8,-15.8,-20.7
237.40,-10.5,-66.0,-12.5,-16.2,-20.7
237.41,-11.0,-67.6,-13.3,-16.1,-20.6
237.42,-11.5,-67.9,-15.9,-16.0,-20.3
237.43,-12.4,-68.5,-18.0,-16.1,-20.3
237.44,-12.4,-69.0,-19.5,-15.7,-20.3
237.45,-11.9,-69.9,-15.4,-16.0,-20.2
237.46,-10.2,-70.1,-11.3,-16.3,-19.9
237.47,-10.3,-70.3,-11.0,-17.6,-19.6
237.48,-10.4,-70.7,-10.9,-18.3,-18.8
237.49,-10.3,-70.4,-10.9,-18.9,-18.1
237.50,-12.2,-70.6,-15.2,-18.5,-17.6
237.51,-12.6,-70.5,-19.6,-18.1,-17.3
237.52,-11.5,-70.6,-19.6,-16.8,-17.3
237.53,-11.2,-70.9,-19.4,-16.4,-17.4
237.54,-11.1,-71.2,-18.9,-16.1,-17.7
237.55,-11.6,-71.0,-20.5,-16.1,-17.6
237.56,-11.8,-70.8,-21.2,-16.2,-17.8
237.57,-12.4,-70.6,-22.0,-15.9,-17.8
237.58,-12.5,-70.4,-21.7,-16.1,-17.9
237.59,-12.5,-70.3,-21.4,-16.2,-18.2
237.60,-12.6,-70.1,-20.8,-16.1,-18.5
237.61,-13.2,-70.2,-20.6,-17.2,-18.9
237.62,-12.6,-70.2,-20.8,-17.1,-18.8
237.63,-12.7,-70.3,-20.8,-16.8,-18.5
237.64,-13.0,-70.1,-21.3,-17.3,-18.4
237.65,-12.2,-70.4,-22.0,-16.4,-18.1
237.66,-12.0,-70.7,-22.4,-15.7,-18.0
237.67,-12.7,-70.9,-23.2,-16.0,-18.3
237.68,-12.7,-71.2,-23.7,-15.8,-18.5
237.69,-13.1,-71.5,-24.2,-15.9,-18.7
237.70,-13.4,-71.5,-23.8,-16.1,-18.9
237.71,-12.8,-71.2,-23.6,-16.0,-18.6
237.72,-12.4,-71.3,-23.2,-15.9,-18.2
237.73,-12.4,-71.0,-23.2,-16.2,-17.8
237.74,-12.5,-70.5,-23.2,-16.1,-17.9
237.75,-12.3,-70.3,-23.4,-16.2,-18.1
237.76,-11.5,-69.2,-16.4,-16.4,-18.7
237.77,-9.0,-69.3,-12.2,-16.8,-19.5
237.78,-8.7,-69.3,-11.3,-17.7,-20.2
237.79,-8.9,-69.5,-11.1,-18.5,-20.7
237.80,-9.0,-69.7,-11.0,-19.4,-21.1
237.81,-10.8,-70.5,-13.1,-19.6,-21.0
237.82,-13.0,-71.0,-15.9,-20.2,-21.3
237.83,-13.7,-71.1,-17.4,-19.8,-21.4
237.84,-13.4,-70.9,-18.1,-20.2,-21.0
237.85,-13.4,-70.7,-18.0,-20.6,-20.7
237.86,-14.6,-70.7,-19.8,-20.7,-20.3
237.87,-14.7,-70.5,-20.7,-20.2,-20.1
237.88,-14.9,-70.5,-22.3,-19.9,-20.0
237.89,-15.0,-70.7,-21.9,-19.5,-19.7
237.90,-15.0,-70.8,-22.0,-19.3,-19.7
237.91,-14.5,-70.9,-21.3,-19.1,-19.7
237.92,-14.2,-71.1,-21.1,-19.0,-19.3
237.93,-14.3,-71.1,-20.8,-19.4,-19.1
237.94,-13.4,-70.9,-21.1,-18.5,-18.7
237.95,-13.7,-70.7,-21.6,-19.3,-18.1
237.96,-13.4,-70.6,-22.3,-18.8,-18.0
237.97,-13.2,-70.7,-23.3,-18.7,-17.7
237.98,-14.2,-70.8,-24.5,-19.8,-17.9
237.99,-14.0,-70.8,-25.5,-18.8,-18.0
238.00,-14.1,-70.9,-25.8,-18.8,-18.0
238.01,-14.3,-70.5,-25.8,-19.2,-17.7
238.02,-14.1,-70.4,-25.7,-19.1,-17.5
238.03,-14.0,-70.3,-25.3,-19.3,-17.3
238.04,-13.7,-70.1,-24.9,-18.8,-17.4
238.05,-13.8,-69.7,-25.0,-18.9,-17.3
238.06,-13.9,-69.2,-25.2,-18.9,-17.4
238.07,-14.1,-68.5,-25.2,-18.9,-17.7
238.08,-12.1,-68.5,-16.2,-20.0,-17.9
238.09,-9.8,-68.4,-11.7,-20.5,-18.1
238.10,-9.5,-68.5,-11.2,-21.4,-18.3
238.11,-9.5,-68.5,-11.0,-23.1,-18.6
238.12,-9.2,-68.8,-11.1,-20.0,-18.5
238.13,-11.3,-68.8,-13.6,-20.6,-18.3
238.14,-12.9,-69.0,-18.6,-19.0,-18.1
238.15,-12.8,-69.4,-18.9,-18.3,-18.0
238.16,-13.4,-69.7,-19.0,-19.0,-17.8
238.17,-12.9,-70.0,-18.7,-18.7,-18.1
238.18,-13.5,-69.9,-20.8,-18.9,-18.2
238.19,-13.6,-69.9,-20.8,-19.2,-18.4
238.20,-13.5,-69.8,-21.7,-18.6,-18.7
238.21,-13.7,-69.6,-21.1,-19.1,-18.9
238.22,-13.7,-69.2,-21.2,-18.4,-18.9
238.23,-13.7,-69.0,-21.0,-18.5,-19.2
238.24,-13.8,-68.9,-20.9,-18.6,-19.5
238.25,-13.3,-68.9,-21.3,-17.5,-19.5
238.26,-13.5,-68.9,-21.5,-18.3,-19.6
238.27,-14.0,-69.5,-22.1,-18.8,-19.9
238.28,-14.0,-69.8,-22.8,-17.7,-20.1
238.29,-14.3,-70.1,-23.6,-18.4,-19.7
238.30,-14.6,-70.7,-24.8,-18.7,-19.4
238.31,-14.2,-70.5,-25.4,-18.1,-18.8
238.32,-14.2,-70.5,-25.9,-18.4,-18.3
238.33,-13.9,-70.6,-25.9,-18.1,-18.1
238.34,-13.6,-70.6,-25.4,-18.1,-18.0
238.35,-13.9,-71.0,-25.5,-18.1,-18.5
238.36,-13.8,-70.4,-25.4,-18.1,-18.6
238.37,-14.2,-70.3,-25.4,-18.5,-18.8
238.38,-13.6,-70.0,-25.5,-18.1,-18.9
238.39,-12.2,-68.6,-17.2,-18.4,-19.1
238.40,-10.4,-68.4,-13.0,-19.4,-19.3
238.41,-9.0,-68.5,-10.7,-19.7,-19.0
238.42,-9.3,-68.3,-10.5,-21.7,-18.8
238.43,-8.9,-68.2,-10.4,-20.8,-18.3
238.44,-10.3,-69.6,-12.1,-20.7,-18.0
238.45,-12.1,-69.9,-14.9,-20.7,-18.0
238.46,-12.9,-70.1,-17.1,-19.5,-17.9
238.47,-12.9,-70.5,-17.9,-20.2,-17.7
238.48,-12.9,-71.0,-18.0,-19.7,-17.5
238.49,-12.8,-71.0,-18.9,-19.7,-17.2
238.50,-13.1,-71.1,-20.7,-19.9,-17.1
238.51,-13.0,-70.6,-22.2,-19.1,-17.2
238.52,-13.0,-70.7,-21.8,-19.5,-17.1
238.53,-13.0,-70.6,-21.8,-19.0,-17.2
238.54,-13.0,-70.6,-21.4,-18.7,-17.2
238.55,-12.9,-70.5,-21.3,-19.3,-17.3
238.56,-12.8,-70.7,-21.6,-18.4,-17.3
238.57,-12.6,-70.7,-22.2,-17.8,-17.4
238.58,-12.8,-70.6,-22.7,-18.9,-17.4
238.59,-12.6,-70.4,-24.0,-18.4,-17.5
238.60,-13.6,-70.7,-25.0,-19.1,-18.0
238.61,-13.6,-71.1,-25.9,-19.5,-18.1
238.62,-14.2,-71.4,-27.0,-19.6,-18.2
238.63,-14.5,-71.4,-27.5,-19.5,-18.5
238.64,-15.0,-71.5,-27.5,-20.4,-18.3
238.65,-14.9,-71.5,-27.6,-19.7,-18.2
238.66,-14.8,-71.5,-27.5,-20.0,-17.9
238.67,-14.8,-72.0,-27.0,-19.7,-18.1
238.68,-14.9,-71.6,-26.8,-19.7,-18.0
238.69,-14.8,-71.5,-26.7,-19.6,-18.3
238.70,-15.0,-71.1,-26.6,-19.8,-18.4
238.71,-13.4,-70.6,-18.5,-20.3,-18.6
238.72,-9.8,-70.3,-12.2,-21.4,-18.4
238.73,-9.2,-70.5,-11.4,-21.4,-18.4
238.74,-9.2,-70.2,-11.2,-22.3,-18.1
238.75,-9.2,-70.6,-11.2,-22.2,-17.8
238.76,-10.5,-70.9,-12.7,-22.1,-17.1
238.77,-13.9,-71.5,-18.0,-20.4,-16.9
238.78,-14.0,-71.9,-19.1,-20.2,-16.7
238.79,-14.2,-72.8,-19.6,-20.9,-16.8
238.80,-13.5,-72.8,-19.2,-19.0,-17.1
238.81,-13.8,-72.0,-21.1,-19.3,-17.8
238.82,-14.0,-71.5,-20.9,-20.0,-18.1
238.83,-14.1,-70.9,-22.8,-19.0,-18.4
238.84,-13.9,-70.8,-22.1,-19.4,-18.5
238.85,-14.4,-70.9,-22.5,-20.2,-18.2
238.86,-13.2,-71.4,-22.1,-18.5,-18.1
238.87,-13.3,-71.8,-22.0,-18.6,-18.4
238.88,-13.7,-71.3,-22.2,-19.5,-18.6
238.89,-14.0,-70.7,-22.8,-18.2,-18.8
238.90,-14.4,-70.6,-23.9,-18.6,-18.7
238.91,-15.0,-70.3,-25.0,-19.4,-18.6
238.92,-14.3,-70.3,-25.9,-18.0,-18.8
238.93,-14.3,-70.5,-27.1,-18.0,-18.7
238.94,-14.6,-70.9,-27.5,-19.2,-18.6
238.95,-14.5,-71.3,-27.8,-18.3,-18.9
238.96,-14.7,-71.3,-27.1,-18.3,-18.8
238.97,-15.0,-71.0,-26.8,-19.8,-18.4
238.98,-14.7,-70.9,-26.8,-18.6,-18.3
238.99,-14.4,-70.4,-26.6,-18.2,-18.1
239.00,-15.1,-70.0,-26.6,-19.7,-18.2
239.01,-14.6,-68.8,-27.3,-18.3,-18.3
239.02,-13.2,-67.5,-19.2,-17.8,-19.0
239.03,-11.4,-67.2,-13.2,-19.6,-20.0
239.04,-9.6,-67.2,-10.5,-19.0,-20.1
239.05,-8.7,-67.2,-10.0,-18.3,-20.7
239.06,-8.9,-68.3,-9.8,-20.6,-20.9
239.07,-9.6,-69.9,-11.2,-19.2,-20.0
239.08,-11.8,-70.3,-14.4,-18.6,-19.9
239.09,-14.1,-70.5,-17.4,-20.6,-20.0
239.10,-13.5,-70.8,-18.2,-18.9,-19.7
239.11,-13.5,-71.1,-18.6,-18.5,-19.8
239.12,-13.6,-71.0,-18.8,-19.9,-19.4
239.13,-13.3,-71.0,-21.2,-18.2,-19.2
239.14,-12.9,-71.1,-22.0,-17.6,-18.6
239.15,-13.8,-71.4,-22.0,-19.3,-18.3
239.16,-13.5,-71.7,-21.4,-17.8,-18.3
239.17,-13.6,-71.9,-21.1,-17.5,-18.4
239.18,-14.3,-72.3,-20.8,-19.5,-18.4
239.19,-13.6,-72.4,-20.8,-18.2,-18.2
239.20,-13.7,-72.2,-21.7,-17.9,-18.0
239.21,-13.8,-72.3,-22.4,-19.8,-17.2
239.22,-13.3,-72.0,-23.7,-18.8,-16.7
239.23,-12.0,-71.4,-25.1,-17.2,-16.0
239.24,-12.1,-71.3,-26.4,-17.7,-15.8
239.25,-12.3,-70.8,-27.6,-17.5,-15.9
239.26,-11.3,-70.6,-20.2,-16.7,-16.1
239.27,-10.9,-70.8,-15.8,-16.9,-16.8
239.28,-11.4,-70.9,-14.7,-18.0,-17.7
239.29,-11.2,-71.4,-14.1,-17.3,-18.7
239.30,-11.1,-71.4,-13.7,-16.8,-19.3
239.31,-12.3,-71.9,-15.1,-18.0,-19.6
239.32,-12.8,-70.8,-17.0,-17.3,-18.9
239.33,-12.2,-70.1,-18.5,-16.7,-18.1
239.34,-12.3,-69.5,-18.7,-18.3,-17.7
239.35,-10.0,-69.3,-11.2,-18.2,-17.4
239.36,-9.4,-69.4,-10.5,-17.7,-17.3
239.37,-9.9,-69.9,-10.4,-19.7,-18.1
239.38,-10.0,-70.2,-10.4,-19.9,-18.6
239.39,-11.2,-70.3,-12.0,-18.8,-18.8
239.40,-13.2,-70.3,-17.0,-18.7,-18.8
239.41,-14.9,-70.3,-18.8,-19.3,-18.5
239.42,-14.4,-70.3,-18.4,-18.1,-18.5
239.43,-13.2,-70.5,-16.7,-17.9,-18.4
239.44,-12.3,-70.7,-16.4,-18.5,-18.6
239.45,-11.8,-70.3,-15.9,-17.2,-18.4
239.46,-12.1,-70.4,-16.0,-17.6,-18.4
239.47,-12.6,-69.6,-17.0,-18.2,-18.3
239.48,-12.4,-68.3,-18.2,-17.1,-18.1
239.49,-12.5,-68.2,-19.5,-17.7,-17.8
239.50,-10.8,-67.4,-14.1,-18.6,-18.3
239.51,-9.9,-67.2,-12.7,-17.5,-18.2
239.52,-9.8,-67.5,-12.3,-18.0,-18.0
239.53,-10.1,-68.1,-12.0,-19.0,-18.4
239.54,-10.4,-68.5,-12.4,-18.5,-18.7
239.55,-11.9,-69.3,-15.7,-18.4,-18.5
239.56,-12.9,-69.3,-16.9,-19.2,-18.9
239.57,-13.3,-69.0,-18.7,-18.4,-19.4
239.58,-11.6,-68.2,-14.2,-18.3,-19.5
239.59,-11.2,-68.9,-13.1,-19.4,-19.9
239.60,-10.6,-68.9,-12.7,-18.5,-20.0
239.61,-10.5,-69.8,-12.5,-17.9,-20.0
239.62,-10.9,-70.4,-13.1,-18.8,-19.5
239.63,-12.0,-70.8,-16.2,-18.0,-19.5
239.64,-12.3,-70.4,-17.8,-17.7,-19.8
239.65,-13.3,-70.0,-19.3,-18.9,-20.0
239.66,-12.3,-69.5,-14.1,-18.2,-20.1
239.67,-11.1,-69.1,-11.2,-17.9,-19.8
239.68,-10.4,-69.2,-10.6,-18.2,-19.3
239.69,-10.2,-69.4,-10.5,-18.8,-18.6
239.70,-10.8,-69.7,-11.2,-18.1,-18.0
239.71,-11.3,-69.7,-13.1,-18.8,-17.8
239.72,-12.8,-70.2,-17.5,-19.3,-17.8
239.73,-13.3,-70.3,-17.8,-18.7,-17.8
239.74,-12.7,-70.6,-17.9,-17.9,-18.0
239.75,-12.9,-71.1,-18.1,-18.9,-18.2
239.76,-13.0,-71.0,-19.8,-18.3,-18.0
239.77,-12.7,-70.8,-20.1,-17.4,-18.3
239.78,-13.6,-70.8,-21.5,-18.6,-18.6
239.79,-13.5,-70.8,-20.9,-18.0,-18.8
239.80,-13.2,-70.6,-20.6,-17.3,-19.1
239.81,-13.4,-70.6,-20.0,-18.3,-19.2
239.82,-13.7,-70.5,-19.5,-18.7,-19.4
239.83,-13.0,-70.1,-19.8,-17.8,-18.8
239.84,-12.9,-70.1,-20.2,-18.5,-18.4
239.85,-13.5,-69.8,-20.7,-19.2,-18.4
239.86,-13.3,-69.6,-21.6,-18.8,-18.0
239.87,-12.7,-69.5,-22.2,-17.9,-17.4
239.88,-13.6,-69.7,-22.9,-19.1,-17.6
239.89,-13.3,-69.8,-23.1,-18.8,-17.3
239.90,-12.6,-69.9,-23.0,-17.4,-17.6
239.91,-13.6,-69.8,-23.0,-18.7,-17.9
239.92,-13.7,-69.7,-23.1,-18.9,-18.3
239.93,-13.4,-69.5,-22.9,-17.7,-18.5
239.94,-14.0,-69.2,-23.0,-18.9,-18.3
239.95,-14.2,-69.0,-23.1,-19.3,-18.4
239.96,-13.5,-69.0,-23.1,-17.9,-18.3
239.97,-13.7,-68.8,-22.6,-18.8,-18.1
239.98,-10.8,-68.4,-12.5,-19.5,-18.5
239.99,-10.1,-68.7,-11.3,-18.9,-18.7
240.00,-10.0,-68.5,-11.1,-19.4,-18.3
240.01,-10.0,-67.6,-11.1,-19.7,-18.0
240.02,-10.3,-68.1,-11.8,-19.7,-17.7
240.03,-12.4,-67.4,-16.2,-18.9,-17.6
240.04,-13.3,-67.1,-19.2,-18.7,-17.8
240.05,-13.5,-67.6,-20.1,-19.2,-17.8
240.06,-13.6,-68.3,-19.7,-18.7,-18.2
240.07,-13.5,-68.2,-20.7,-19.2,-18.2
240.08,-13.6,-68.9,-21.5,-18.3,-18.2
240.09,-14.1,-68.7,-22.4,-19.2,-18.3
240.10,-13.9,-68.4,-22.1,-18.3,-18.5
240.11,-14.0,-68.1,-22.1,-18.7,-18.7
240.12,-13.9,-67.7,-21.4,-18.0,-19.3
240.13,-11.8,-67.2,-14.7,-18.2,-19.7
240.14,-10.8,-67.4,-12.8,-18.5,-20.0
240.15,-10.7,-67.8,-12.3,-18.3,-20.1
240.16,-10.7,-67.9,-12.1,-19.3,-19.7
240.17,-10.2,-68.4,-12.0,-17.8,-19.5
240.18,-12.4,-69.4,-15.7,-18.2,-19.1
240.19,-13.1,-69.5,-18.1,-17.8,-18.6
240.20,-13.3,-69.5,-19.7,-17.4,-18.4
240.21,-13.3,-70.1,-21.2,-17.3,-18.6
240.22,-13.9,-70.7,-22.4,-17.1,-18.9
240.23,-13.8,-69.5,-23.2,-17.5,-19.0
240.24,-13.4,-69.7,-23.3,-16.7,-19.1
240.25,-13.7,-69.6,-23.1,-17.2,-19.2
240.26,-13.3,-69.8,-22.8,-16.6,-18.8
240.27,-13.1,-71.0,-22.8,-16.9,-18.5
240.28,-12.9,-71.4,-22.8,-16.8,-18.3
240.29,-12.9,-71.2,-23.0,-16.9,-18.4
240.30,-13.1,-70.2,-23.3,-16.9,-18.2
240.31,-13.0,-68.8,-23.4,-16.7,-18.6
240.32,-13.6,-67.4,-23.5,-17.1,-18.9
240.33,-12.8,-66.0,-23.4,-16.5,-18.3
240.34,-13.0,-65.6,-23.4,-17.3,-17.8
240.35,-12.6,-65.3,-23.3,-16.6,-17.2
240.36,-12.7,-65.5,-23.2,-16.9,-17.1
240.37,-13.2,-65.9,-23.4,-17.0,-17.3
240.38,-13.9,-66.8,-23.7,-17.2,-17.8
240.39,-14.1,-67.4,-23.7,-17.3,-18.6
240.40,-14.1,-68.2,-24.0,-16.9,-19.2
240.41,-14.5,-68.6,-24.3,-17.3,-19.5
240.42,-13.6,-68.7,-24.5,-16.8,-19.2
240.43,-13.9,-68.9,-24.8,-17.4,-19.4
240.44,-13.1,-68.7,-24.6,-16.8,-19.1
240.45,-10.9,-68.8,-15.7,-16.9,-19.1
240.46,-9.2,-69.3,-12.1,-17.2,-19.5
240.47,-9.1,-69.6,-11.5,-17.0,-19.5
240.48,-9.0,-70.4,-11.4,-17.2,-19.8
240.49,-9.3,-70.8,-11.6,-17.0,-19.8
240.50,-11.2,-71.3,-15.1,-17.2,-19.6
240.51,-12.6,-71.0,-18.6,-17.0,-19.5
240.52,-13.0,-70.2,-19.0,-17.3,-19.3
240.53,-11.4,-69.9,-15.1,-17.0,-19.3
240.54,-10.6,-69.7,-13.6,-17.2,-19.5
240.55,-9.9,-69.5,-13.3,-16.9,-19.1
240.56,-9.9,-69.7,-13.0,-17.3,-18.9
240.57,-10.1,-69.8,-13.7,-17.1,-18.8
240.58,-11.2,-69.4,-15.6,-17.3,-18.8
240.59,-11.2,-69.2,-17.7,-17.0,-18.6
240.60,-11.9,-68.3,-17.7,-17.3,-18.6
240.61,-9.9,-68.3,-13.8,-16.9,-18.6
240.62,-9.9,-68.3,-13.1,-17.6,-18.5
240.63,-9.8,-68.0,-12.8,-17.0,-18.3
240.64,-9.9,-68.0,-12.7,-17.7,-19.0
240.65,-10.7,-68.1,-14.4,-17.5,-18.7
240.66,-12.2,-67.3,-17.3,-18.2,-18.5
240.67,-13.0,-67.0,-19.4,-18.3,-18.3
240.68,-13.3,-66.8,-20.4,-18.5,-18.2
240.69,-13.8,-66.8,-21.9,-18.7,-18.2
240.70,-14.0,-66.3,-23.4,-18.5,-18.1
240.71,-13.9,-65.0,-24.7,-18.9,-17.9
240.72,-14.2,-64.3,-25.8,-18.1,-18.2
240.73,-14.5,-64.3,-26.4,-18.9,-17.4
240.74,-14.0,-64.0,-26.3,-18.1,-17.4
240.75,-14.6,-64.8,-26.5,-18.6,-17.7
240.76,-13.7,-65.6,-20.7,-18.4,-18.3
240.77,-12.5,-66.2,-15.7,-19.2,-18.5
240.78,-12.2,-67.2,-14.9,-19.1,-19.8
240.79,-11.5,-68.1,-14.3,-19.1,-19.8
240.80,-10.9,-68.4,-13.7,-18.7,-19.8
240.81,-11.7,-70.1,-14.5,-18.2,-19.4
240.82,-12.6,-70.0,-16.7,-17.6,-19.2
240.83,-11.9,-70.4,-16.6,-17.1,-18.4
240.84,-12.6,-70.6,-16.9,-17.8,-18.9
240.85,-11.5,-71.0,-16.8,-17.0,-18.8
240.86,-11.0,-71.6,-16.7,-17.6,-18.4
240.87,-10.9,-71.7,-17.0,-17.1,-18.2
240.88,-12.2,-72.2,-17.9,-17.3,-18.7
240.89,-13.3,-71.6,-19.1,-17.0,-18.3
240.90,-14.4,-71.4,-20.8,-17.1,-18.4
240.91,-15.3,-71.3,-22.9,-16.9,-18.8
240.92,-13.6,-70.5,-18.0,-16.9,-19.1
240.93,-11.4,-70.6,-14.3,-17.8,-18.6
240.94,-11.1,-70.6,-13.2,-18.4,-18.7
240.95,-11.0,-70.6,-12.7,-19.9,-18.6
240.96,-11.0,-71.0,-12.1,-20.4,-18.6
240.97,-12.4,-71.5,-13.0,-22.3,-18.8
240.98,-13.7,-71.1,-14.4,-23.0,-18.8
240.99,-13.2,-71.1,-14.4,-24.7,-18.5
241.00,-12.4,-70.8,-14.0,-26.1,-18.5
241.01,-12.0,-70.7,-13.8,-29.3,-18.4
241.02,-12.0,-70.4,-13.6,-31.5,-18.3
241.03,-12.1,-70.3,-13.6,-39.8,-18.4
241.04,-12.1,-70.6,-13.8,-35.5,-18.6
241.05,-12.2,-70.5,-14.1,-34.2,-18.0
241.06,-12.2,-70.4,-14.6,-31.2,-17.5
241.07,-12.3,-70.5,-15.1,-30.5,-17.3
241.08,-10.3,-70.1,-12.9,-26.8,-17.3
241.09,-10.1,-70.1,-12.3,-25.7,-17.9
241.10,-10.0,-70.8,-11.9,-23.7,-18.5
241.11,-9.8,-71.3,-11.4,-22.7,-19.3
241.12,-8.8,-71.5,-10.7,-21.5,-19.9
241.13,-10.1,-71.9,-12.2,-21.0,-19.7
241.14,-11.1,-72.2,-12.8,-20.5,-19.6
241.15,-10.4,-72.2,-12.7,-20.4,-19.5
241.16,-11.4,-72.8,-13.6,-20.9,-19.5
241.17,-12.5,-72.8,-14.4,-21.3,-19.9
241.18,-12.3,-73.1,-14.5,-22.9,-19.5
241.19,-12.4,-73.0,-14.9,-23.8,-18.8
241.20,-12.6,-72.7,-14.8,-25.7,-18.1
241.21,-11.9,-72.4,-14.1,-27.4,-17.6
241.22,-11.3,-72.0,-13.4,-28.2,-17.3
241.23,-10.6,-71.6,-12.5,-28.3,-17.3
241.24,-9.6,-70.2,-11.3,-30.0,-17.8
241.25,-9.6,-70.0,-10.7,-34.3,-18.1
241.26,-9.5,-69.8,-10.7,-36.2,-17.7
241.27,-9.9,-69.6,-11.3,-34.5,-17.5
241.28,-11.0,-69.8,-12.7,-31.1,-17.1
241.29,-11.7,-70.8,-15.0,-25.1,-17.2
241.30,-12.4,-71.2,-16.9,-24.9,-17.7
241.31,-12.2,-71.1,-16.6,-22.9,-18.2
241.32,-11.8,-71.3,-16.1,-22.0,-18.5
241.33,-11.2,-71.3,-14.5,-23.0,-18.6
241.34,-11.3,-71.1,-15.0,-21.9,-18.6
241.35,-10.8,-71.2,-14.3,-21.3,-18.8
241.36,-11.4,-71.3,-14.8,-22.6,-18.6
241.37,-10.7,-71.4,-14.5,-20.9,-18.5
241.38,-11.1,-71.6,-14.7,-21.3,-18.9
241.39,-11.9,-72.1,-15.3,-22.5,-19.1
241.40,-11.8,-72.1,-15.2,-21.7,-19.0
241.41,-11.9,-72.0,-15.5,-22.3,-19.0
241.42,-12.1,-71.9,-16.2,-21.9,-18.8
241.43,-11.4,-71.9,-15.3,-21.3,-19.0
241.44,-11.0,-72.0,-15.1,-20.2,-19.0
241.45,-11.2,-72.1,-15.2,-20.1,-19.1
241.46,-11.5,-72.4,-15.4,-20.0,-19.2
241.47,-12.0,-72.6,-16.3,-19.6,-19.3
241.48,-12.9,-72.4,-18.2,-19.5,-19.1
241.49,-13.4,-72.4,-18.8,-19.7,-19.0
241.50,-12.9,-72.0,-19.6,-18.2,-19.5
241.51,-12.6,-71.8,-18.6,-18.6,-19.8
241.52,-12.7,-71.6,-18.3,-18.2,-19.4
241.53,-12.0,-71.8,-17.3,-17.9,-19.1
241.54,-11.5,-70.9,-15.5,-19.5,-19.2
241.55,-10.6,-70.6,-13.6,-18.9,-19.0
241.56,-10.4,-70.7,-12.1,-18.5,-18.8
241.57,-9.7,-70.7,-11.0,-20.4,-18.7
241.58,-9.6,-70.7,-10.5,-20.3,-18.6
241.59,-10.4,-71.4,-11.3,-20.4,-18.3
241.60,-10.8,-71.6,-12.1,-21.3,-18.5
241.61,-11.0,-71.2,-13.5,-21.5,-18.1
241.62,-10.9,-71.2,-14.1,-20.4,-18.6
241.63,-11.2,-71.3,-15.4,-20.4,-19.1
241.64,-11.4,-71.3,-15.2,-20.8,-19.4
241.65,-10.5,-72.2,-14.5,-19.9,-19.5
241.66,-10.7,-72.3,-14.4,-19.8,-20.1
241.67,-12.0,-72.5,-15.1,-21.5,-20.1
241.68,-12.2,-72.5,-15.8,-20.8,-19.6
241.69,-12.8,-71.9,-16.1,-21.0,-19.0
241.70,-12.6,-70.8,-14.4,-23.8,-19.0
241.71,-11.3,-70.5,-13.3,-22.1,-18.4
241.72,-10.0,-70.5,-11.9,-22.4,-18.4
241.73,-9.7,-70.4,-11.4,-21.5,-18.6
241.74,-9.0,-70.7,-10.7,-21.0,-19.0
241.75,-9.7,-71.6,-11.9,-20.2,-19.5
241.76,-10.1,-71.3,-12.2,-19.8,-19.9
241.77,-11.8,-71.5,-13.8,-20.1,-20.0
241.78,-11.2,-71.4,-13.7,-20.2,-20.1
241.79,-11.5,-71.5,-15.0,-19.3,-19.8
241.80,-12.1,-71.7,-15.3,-20.9,-19.4
241.81,-11.0,-71.6,-14.7,-20.2,-18.8
241.82,-11.0,-71.8,-15.2,-19.5,-18.5
241.83,-11.8,-72.0,-15.4,-20.6,-18.4
241.84,-10.9,-72.0,-15.0,-19.4,-18.5
241.85,-11.1,-71.7,-15.0,-19.5,-18.7
241.86,-10.4,-71.0,-13.1,-20.1,-19.4
241.87,-9.9,-71.0,-12.1,-20.0,-19.9
241.88,-9.7,-71.0,-11.2,-20.2,-19.8
241.89,-9.1,-71.0,-10.3,-21.1,-19.4
241.90,-8.6,-71.4,-9.9,-21.2,-18.8
241.91,-9.7,-71.5,-11.0,-22.3,-18.4
241.92,-10.0,-71.3,-12.0,-21.3,-18.1
241.93,-10.7,-71.4,-13.9,-21.2,-17.7
241.94,-12.8,-71.4,-18.1,-21.0,-17.5
241.95,-13.0,-71.3,-18.4,-20.7,-17.5
241.96,-13.1,-71.3,-19.2,-20.9,-17.3
241.97,-13.4,-71.3,-19.0,-21.0,-17.4
241.98,-14.0,-71.2,-20.0,-20.8,-17.2
241.99,-14.0,-71.1,-20.6,-21.2,-17.3
242.00,-14.0,-71.5,-20.4,-20.4,-17.3
242.01,-13.5,-69.0,-18.3,-20.9,-17.2
242.02,-10.8,-68.7,-12.6,-20.9,-17.7
242.03,-9.9,-68.3,-11.6,-20.3,-18.3
242.04,-9.4,-68.0,-10.9,-21.1,-18.6
242.05,-9.2,-67.7,-10.2,-20.7,-19.0
242.06,-9.7,-67.5,-11.0,-19.9,-18.7
242.07,-11.5,-66.4,-13.2,-20.4,-18.1
242.08,-12.0,-65.0,-14.0,-20.2,-17.9
242.09,-12.1,-64.5,-15.3,-20.7,-17.8
242.10,-12.5,-64.5,-15.8,-21.5,-17.6
242.11,-12.5,-65.2,-15.3,-21.6,-18.0
242.12,-12.0,-66.3,-14.9,-22.8,-18.2
242.13,-12.1,-67.9,-15.1,-21.8,-18.4
242.14,-12.4,-69.3,-15.7,-21.8,-18.5
242.15,-12.4,-70.2,-15.5,-21.7,-18.6
242.16,-12.1,-70.6,-15.9,-20.4,-18.6
242.17,-11.2,-70.1,-14.1,-21.4,-18.6
242.18,-10.3,-69.7,-12.6,-21.4,-18.8
242.19,-9.4,-69.6,-11.7,-20.5,-19.5
242.20,-8.6,-67.5,-10.3,-22.6,-19.4
242.21,-8.6,-60.4,-10.1,-23.3,-19.5
242.22,-9.5,-54.7,-11.3,-23.6,-19.4
242.23,-9.9,-50.6,-11.7,-24.1,-19.3
242.24,-9.9,-48.9,-12.4,-23.4,-18.6
242.25,-10.7,-47.9,-13.7,-22.2,-18.4
242.26,-10.7,-47.9,-14.0,-21.0,-18.3
242.27,-10.7,-49.1,-14.1,-20.6,-17.8
242.28,-11.7,-51.3,-14.6,-20.9,-17.8
242.29,-11.8,-54.3,-14.7,-21.0,-17.9
242.30,-12.0,-58.3,-15.2,-21.4,-17.8
242.31,-13.0,-63.2,-15.4,-21.8,-17.9
242.32,-13.0,-65.1,-15.8,-22.5,-17.9
242.33,-12.5,-67.1,-15.8,-21.9,-17.7
242.34,-13.3,-68.6,-16.3,-22.2,-17.7
242.35,-12.5,-69.4,-16.0,-21.7,-17.3
242.36,-12.2,-70.0,-16.0,-22.3,-17.2
242.37,-12.4,-70.4,-16.0,-21.8,-17.2
242.38,-12.9,-70.6,-15.8,-22.8,-17.4
242.39,-12.8,-70.5,-16.3,-21.8,-17.8
242.40,-12.4,-70.7,-15.8,-22.5,-17.7
242.41,-12.2,-70.4,-15.5,-22.7,-17.9
242.42,-12.1,-70.1,-15.2,-23.0,-17.9
242.43,-12.0,-69.7,-14.8,-22.9,-18.0
242.44,-12.6,-69.3,-15.2,-24.4,-17.7
242.45,-11.8,-68.9,-14.8,-22.5,-17.5
242.46,-11.8,-68.9,-14.9,-22.5,-17.0
242.47,-11.4,-68.0,-15.3,-22.7,-17.0
242.48,-11.0,-67.4,-15.4,-21.3,-17.0
242.49,-11.8,-66.8,-15.9,-22.8,-17.2
242.50,-11.2,-66.0,-14.9,-22.3,-16.8
242.51,-9.4,-65.8,-12.0,-21.6,-16.3
242.52,-9.6,-64.8,-11.4,-23.0,-16.4
242.53,-9.5,-63.8,-11.4,-22.4,-16.0
242.54,-9.5,-63.4,-11.5,-22.2,-16.0
242.55,-10.1,-62.9,-12.5,-22.7,-16.3
242.56,-11.8,-62.1,-16.3,-21.9,-16.6
242.57,-11.7,-61.9,-17.2,-21.5,-16.9
242.58,-11.9,-62.1,-17.4,-22.4,-17.3
242.59,-12.1,-62.3,-18.0,-21.4,-18.0
242.60,-12.9,-62.7,-18.7,-21.9,-18.3
242.61,-13.2,-64.0,-18.2,-22.3,-18.2
242.62,-13.0,-65.2,-18.5,-21.4,-18.4
242.63,-12.9,-66.6,-18.4,-21.7,-18.2
242.64,-13.4,-67.9,-18.5,-22.6,-18.0
242.65,-13.2,-68.6,-19.0,-20.8,-18.2
242.66,-13.9,-69.7,-20.7,-21.4,-18.4
242.67,-14.3,-70.3,-20.2,-22.3,-18.7
242.68,-13.8,-70.6,-20.6,-21.0,-18.6
242.69,-14.2,-70.7,-20.7,-21.2,-18.9
242.70,-14.1,-71.3,-19.7,-22.4,-18.8
242.71,-14.1,-71.7,-19.3,-21.9,-18.6
242.72,-13.6,-71.9,-18.7,-21.7,-18.6
242.73,-13.9,-72.4,-18.8,-22.1,-18.9
242.74,-13.5,-72.5,-19.4,-20.5,-19.0
242.75,-13.5,-72.5,-18.9,-20.9,-19.2
242.76,-13.5,-72.3,-18.7,-21.5,-19.3
242.77,-13.2,-72.0,-19.0,-19.8,-19.4
242.78,-13.7,-72.2,-17.8,-21.0,-19.4
242.79,-13.4,-72.2,-16.8,-21.9,-19.4
242.80,-13.6,-72.2,-17.3,-20.7,-19.4
242.81,-13.0,-72.4,-17.6,-19.7,-19.2
242.82,-12.7,-72.6,-16.2,-21.8,-19.5
242.83,-11.3,-73.0,-15.7,-19.9,-19.8
242.84,-11.4,-73.2,-15.8,-19.9,-20.0
242.85,-11.7,-73.0,-15.6,-21.6,-20.5
242.86,-12.1,-72.8,-16.3,-20.8,-20.6
242.87,-12.3,-72.6,-17.0,-20.5,-20.3
242.88,-13.1,-72.3,-17.1,-22.1,-20.5
242.89,-12.3,-72.2,-16.7,-20.4,-20.8
242.90,-12.3,-72.7,-16.1,-20.2,-21.1
242.91,-12.6,-71.9,-15.7,-21.9,-21.1
242.92,-12.6,-72.3,-15.6,-21.1,-21.1
242.93,-12.5,-72.4,-15.9,-20.5,-20.5
242.94,-13.0,-72.6,-16.4,-22.1,-19.9
242.95,-12.8,-72.2,-17.1,-21.0,-19.7
242.96,-13.2,-72.9,-18.1,-20.0,-20.1
242.97,-14.1,-73.2,-19.7,-21.5,-20.4
242.98,-14.5,-73.4,-20.8,-21.1,-20.7
242.99,-14.0,-73.4,-20.9,-19.6,-20.6
243.00,-14.7,-73.8,-20.3,-21.2,-20.8
243.01,-15.0,-73.5,-19.8,-21.4,-20.7
243.02,-15.2,-73.0,-20.2,-19.7,-20.8
243.03,-17.1,-73.1,-20.9,-21.4,-20.7
243.04,-15.9,-73.0,-20.6,-21.6,-20.7
243.05,-15.0,-72.8,-20.6,-19.8,-20.8
243.06,-15.2,-73.0,-20.8,-21.4,-21.1
243.07,-15.3,-73.2,-20.4,-21.8,-21.6
243.08,-15.3,-72.9,-19.1,-19.7,-21.7
243.09,-16.3,-73.1,-18.6,-21.4,-20.9
243.10,-15.3,-73.2,-17.9,-21.6,-20.1
243.11,-13.4,-73.2,-17.0,-20.2,-19.8
243.12,-13.1,-73.4,-16.9,-21.9,-19.4
243.13,-13.1,-73.4,-17.3,-22.4,-19.6
243.14,-13.3,-73.1,-18.1,-20.3,-19.9
243.15,-14.9,-72.9,-19.8,-21.4,-20.1
243.16,-16.1,-72.9,-21.8,-22.1,-20.4
243.17,-15.3,-73.1,-23.4,-20.2,-20.3
243.18,-15.8,-73.0,-24.3,-21.0,-20.2
243.19,-16.4,-73.2,-25.7,-22.4,-20.0
243.20,-15.2,-73.6,-25.2,-20.3,-19.7
243.21,-15.6,-73.5,-25.1,-20.6,-19.7
243.22,-15.9,-73.5,-25.2,-22.0,-19.6
243.23,-15.6,-73.6,-25.3,-20.4,-19.8
243.24,-15.6,-73.5,-23.7,-20.1,-20.4
243.25,-16.4,-73.6,-23.3,-22.1,-20.5
243.26,-15.8,-73.6,-23.4,-20.6,-20.6
243.27,-16.1,-73.5,-23.7,-20.2,-20.9
243.28,-16.3,-73.5,-24.4,-21.9,-20.8
243.29,-15.6,-73.5,-25.0,-20.7,-20.8
243.30,-15.4,-73.6,-23.4,-20.2,-20.9
243.31,-15.9,-73.6,-22.3,-22.1,-20.9
243.32,-15.7,-73.5,-21.9,-20.9,-20.9
243.33,-14.8,-73.6,-20.8,-20.3,-20.7
243.34,-15.7,-73.5,-20.6,-22.5,-20.5
243.35,-15.4,-73.1,-21.3,-21.2,-20.6
243.36,-14.8,-73.3,-20.7,-20.9,-21.0
243.37,-14.6,-73.4,-19.4,-22.9,-20.5
243.38,-14.0,-73.5,-18.8,-21.8,-20.7
243.39,-14.2,-74.0,-18.6,-21.4,-20.7
243.40,-14.4,-74.3,-18.5,-22.7,-20.5
243.41,-14.2,-74.1,-19.3,-21.2,-20.6
243.42,-14.8,-74.1,-20.7,-20.8,-20.6
243.43,-15.4,-73.9,-21.5,-22.1,-20.6
243.44,-15.3,-73.9,-21.6,-21.4,-20.9
243.45,-15.2,-74.2,-22.4,-20.9,-20.7
243.46,-16.8,-74.1,-23.8,-22.6,-21.0
243.47,-17.1,-74.2,-24.9,-21.9,-21.2
243.48,-16.5,-74.1,-25.7,-21.1,-20.8
243.49,-16.9,-74.0,-25.6,-22.9,-20.8
243.50,-16.9,-73.9,-26.4,-22.1,-21.1
243.51,-17.0,-73.8,-27.6,-21.4,-21.3
243.52,-17.4,-73.8,-27.8,-22.8,-21.8
243.53,-18.0,-73.8,-28.2,-22.8,-21.9
243.54,-17.3,-73.9,-26.9,-21.9,-22.0
243.55,-16.9,-73.9,-25.3,-23.3,-21.2
243.56,-16.8,-73.9,-24.4,-22.9,-21.0
243.57,-16.6,-73.8,-23.5,-22.5,-21.0
243.58,-16.6,-73.7,-22.8,-23.0,-20.6
243.59,-16.7,-73.7,-22.8,-23.6,-20.8
243.60,-17.6,-73.8,-22.8,-23.3,-21.0
243.61,-16.4,-73.7,-22.6,-22.9,-20.7
243.62,-16.9,-73.9,-22.6,-23.7,-21.1
243.63,-16.9,-73.8,-22.8,-22.9,-20.8
243.64,-16.3,-73.7,-23.4,-22.2,-20.4
243.65,-17.0,-73.8,-24.1,-23.2,-20.5
243.66,-17.2,-73.8,-24.3,-22.7,-20.5
243.67,-17.2,-73.7,-24.4,-22.4,-20.3
243.68,-17.4,-73.7,-25.2,-22.9,-20.6
243.69,-17.8,-73.8,-25.9,-22.3,-21.0
243.70,-18.0,-73.9,-25.2,-22.6,-21.5
243.71,-17.3,-74.0,-24.2,-22.9,-22.0
243.72,-17.3,-73.9,-24.8,-22.1,-22.4
243.73,-17.2,-73.8,-25.4,-22.7,-22.0
243.74,-17.3,-73.8,-25.3,-23.2,-22.3
243.75,-16.9,-73.7,-25.9,-22.2,-22.3
243.76,-17.7,-73.8,-27.7,-22.8,-22.4
243.77,-18.1,-73.9,-28.3,-24.0,-22.6
243.78,-17.4,-74.1,-28.5,-22.5,-22.1
243.79,-17.8,-74.1,-30.5,-22.6,-22.0
243.80,-18.3,-74.1,-29.6,-23.9,-21.7
243.81,-17.3,-74.1,-27.1,-22.4,-21.6
243.82,-17.9,-74.0,-25.4,-22.2,-22.3
243.83,-18.5,-73.9,-24.7,-24.1,-22.4
243.84,-17.1,-74.0,-23.7,-22.6,-22.0
243.85,-17.1,-73.9,-23.3,-22.4,-22.1
243.86,-17.5,-73.8,-23.9,-24.5,-21.8
243.87,-17.4,-73.8,-23.5,-22.8,-21.8
243.88,-16.8,-73.9,-22.3,-23.0,-22.2
243.89,-17.9,-74.2,-21.4,-24.6,-22.7
243.90,-16.8,-74.4,-21.0,-23.4,-23.1
243.91,-17.0,-74.4,-20.8,-23.5,-23.3
243.92,-17.5,-74.6,-21.5,-25.2,-23.2
243.93,-17.3,-74.3,-23.3,-23.4,-22.9
243.94,-18.3,-74.1,-24.7,-23.7,-23.2
243.95,-18.9,-74.1,-25.8,-25.1,-23.3
243.96,-17.9,-74.2,-26.5,-23.5,-22.9
243.97,-18.3,-74.1,-26.0,-23.3,-23.1
243.98,-19.0,-74.2,-25.8,-24.5,-22.8
243.99,-18.1,-74.4,-26.7,-23.2,-21.8
244.00,-18.3,-74.2,-27.1,-22.9,-21.9
244.01,-18.9,-74.3,-27.4,-24.3,-22.1
244.02,-18.3,-74.0,-27.6,-24.2,-21.7
244.03,-18.9,-74.0,-28.6,-23.9,-22.4
244.04,-19.7,-74.0,-28.4,-24.9,-22.9
244.05,-19.5,-74.0,-28.1,-25.1,-22.5
244.06,-19.3,-74.0,-27.1,-24.3,-22.4
244.07,-19.2,-74.0,-26.9,-24.4,-22.3
244.08,-19.2,-74.1,-26.7,-25.3,-22.3
244.09,-19.0,-74.1,-26.8,-24.4,-22.5
244.10,-19.3,-74.1,-26.3,-24.4,-23.2
244.11,-19.5,-74.2,-26.5,-25.5,-23.9
244.12,-19.6,-74.1,-27.2,-24.2,-24.3
244.13,-20.3,-74.0,-27.7,-24.6,-24.4
244.14,-20.6,-74.0,-27.0,-25.5,-24.7
244.15,-19.8,-73.9,-27.8,-24.4,-24.4
244.16,-19.9,-73.9,-26.9,-24.7,-23.7
244.17,-19.8,-74.0,-25.3,-25.8,-23.8
244.18,-19.2,-74.2,-24.5,-24.1,-23.6
244.19,-19.1,-74.2,-24.3,-24.8,-22.7
244.20,-19.3,-74.2,-24.6,-25.8,-22.5
244.21,-18.9,-74.1,-25.3,-24.3,-22.5
244.22,-19.1,-73.9,-25.7,-25.4,-22.3
244.23,-19.8,-74.2,-26.1,-26.1,-22.6
244.24,-19.3,-74.0,-26.5,-24.5,-23.3
244.25,-20.5,-74.1,-27.1,-25.1,-24.0
244.26,-20.5,-73.9,-26.9,-26.1,-24.3
244.27,-18.9,-74.2,-24.3,-24.7,-24.4
244.28,-18.6,-73.7,-22.0,-25.2,-24.5
244.29,-18.6,-74.0,-21.1,-26.1,-24.6
244.30,-17.3,-73.9,-20.3,-25.0,-24.7
244.31,-17.3,-73.8,-20.1,-25.0,-24.9
244.32,-18.4,-73.7,-21.0,-26.4,-25.3
244.33,-18.8,-74.1,-23.4,-25.1,-24.8
244.34,-19.1,-73.8,-25.8,-24.9,-24.7
244.35,-21.2,-74.0,-27.0,-26.4,-24.5
244.36,-19.9,-74.1,-27.3,-25.7,-23.9
244.37,-19.5,-74.0,-27.2,-24.9,-23.4
244.38,-20.1,-74.0,-27.2,-26.9,-23.5
244.39,-20.0,-73.9,-27.9,-25.8,-23.2
244.40,-19.9,-74.0,-29.3,-25.4,-23.0
244.41,-21.2,-73.9,-30.1,-27.0,-23.3
244.42,-20.1,-73.8,-29.3,-26.4,-23.2
244.43,-20.0,-73.9,-28.8,-26.1,-23.1
244.44,-20.5,-73.9,-28.6,-27.8,-23.1
244.45,-20.6,-73.8,-28.8,-26.4,-23.4
244.46,-20.8,-74.1,-29.7,-26.4,-23.8
244.47,-21.4,-74.1,-28.4,-27.3,-24.6
244.48,-21.0,-74.0,-27.1,-26.5,-24.9
244.49,-20.4,-74.1,-26.7,-27.0,-25.1
244.50,-20.7,-74.2,-26.8,-27.4,-25.2
244.51,-20.8,-74.1,-27.3,-26.7,-25.0
244.52,-20.4,-74.0,-27.7,-27.0,-24.4
244.53,-20.0,-74.0,-27.9,-27.0,-23.7
244.54,-20.1,-73.9,-28.4,-26.5,-23.2
244.55,-19.6,-74.0,-28.2,-26.8,-22.8
244.56,-19.5,-74.1,-29.2,-27.0,-22.5
244.57,-20.0,-73.9,-30.0,-26.6,-22.7
244.58,-19.9,-73.9,-31.8,-26.3,-22.7
244.59,-19.9,-73.9,-33.1,-26.7,-22.4
244.60,-20.3,-74.1,-31.0,-26.7,-22.3
244.61,-19.9,-74.1,-30.0,-26.2,-22.6
244.62,-19.8,-74.3,-27.5,-27.3,-23.2
244.63,-20.8,-74.4,-26.5,-27.4,-24.0
244.64,-20.4,-74.3,-26.2,-26.8,-24.7
244.65,-21.0,-74.3,-26.6,-28.0,-25.1
244.66,-21.3,-74.5,-27.2,-27.8,-25.3
244.67,-21.6,-74.4,-28.1,-26.5,-25.2
244.68,-21.4,-74.4,-29.1,-27.8,-24.6
244.69,-21.1,-74.4,-28.8,-27.5,-24.3
244.70,-21.4,-74.5,-28.8,-26.3,-24.5
244.71,-21.2,-74.4,-29.2,-27.7,-24.7
244.72,-21.3,-74.2,-28.6,-27.8,-25.0
244.73,-21.4,-74.4,-28.8,-26.7,-25.8
244.74,-22.0,-74.4,-30.0,-27.6,-26.3
244.75,-22.1,-74.3,-31.3,-27.7,-26.4
244.76,-22.3,-74.6,-33.2,-26.7,-26.9
244.77,-22.8,-74.5,-34.3,-27.7,-27.1
244.78,-22.4,-74.5,-35.4,-27.5,-26.8
244.79,-22.5,-74.6,-37.6,-26.8,-26.4
244.80,-22.7,-74.5,-39.4,-27.7,-26.0
244.81,-21.9,-74.5,-38.6,-27.4,-25.0
244.82,-22.0,-74.5,-36.9,-26.8,-24.5
244.83,-22.7,-74.5,-37.7,-27.7,-24.7
244.84,-22.4,-74.5,-36.6,-27.5,-24.9
244.85,-22.9,-74.5,-35.1,-27.0,-25.1
244.86,-23.4,-74.5,-34.3,-28.0,-26.1
244.87,-22.9,-74.5,-33.8,-28.4,-26.5
244.88,-22.3,-74.5,-32.1,-27.4,-25.8
244.89,-22.8,-74.4,-31.3,-28.4,-25.7
244.90,-22.5,-74.6,-31.4,-28.8,-25.5
244.91,-22.2,-74.5,-31.5,-27.2,-25.1
244.92,-23.2,-74.4,-32.3,-28.1,-25.2
244.93,-23.4,-74.4,-33.1,-28.9,-26.0
244.94,-22.6,-74.4,-32.7,-27.3,-26.4
244.95,-22.9,-74.3,-32.3,-28.1,-26.4
244.96,-23.0,-74.4,-31.5,-29.1,-26.5
244.97,-22.3,-74.4,-30.7,-27.4,-26.0
244.98,-23.4,-74.4,-30.6,-28.3,-26.0
244.99,-23.4,-74.5,-30.8,-29.6,-25.9
245.00,-22.8,-74.5,-30.2,-27.5,-25.8
245.01,-22.9,-74.5,-29.4,-28.4,-25.6
245.02,-22.9,-74.3,-28.2,-29.1,-25.7
245.03,-21.8,-74.5,-28.0,-27.6,-25.6
245.04,-22.8,-74.4,-27.9,-28.2,-25.8
245.05,-22.6,-74.5,-28.2,-29.5,-26.3
245.06,-22.2,-74.4,-29.4,-27.7,-26.8
245.07,-23.3,-74.5,-31.8,-28.4,-27.2
245.08,-24.2,-74.4,-34.8,-29.2,-27.2
245.09,-23.2,-74.4,-40.3,-27.8,-27.2
245.10,-24.5,-74.4,-42.8,-28.6,-27.7
245.11,-24.7,-74.3,-40.7,-29.8,-27.2
245.12,-23.3,-74.4,-39.5,-28.2,-26.8
245.13,-23.9,-74.3,-38.7,-28.4,-26.8
245.14,-24.3,-74.3,-36.7,-29.6,-26.6
245.15,-23.2,-74.4,-35.5,-28.3,-26.9
245.16,-23.8,-74.4,-35.3,-28.1,-27.2
245.17,-24.6,-74.4,-35.0,-29.8,-27.5
245.18,-24.0,-74.3,-35.2,-28.7,-27.7
245.19,-24.1,-74.2,-35.1,-28.3,-27.4
245.20,-25.3,-74.2,-34.4,-30.1,-27.3
245.21,-24.6,-74.3,-33.1,-29.0,-27.4
245.22,-24.1,-74.2,-31.8,-28.6,-27.3
245.23,-24.9,-74.5,-30.1,-30.5,-27.5
245.24,-23.3,-74.4,-29.6,-29.2,-27.7
245.25,-23.5,-74.4,-29.7,-28.5,-27.7
245.26,-24.1,-74.4,-30.1,-30.6,-28.0
245.27,-24.2,-74.4,-30.7,-28.8,-28.2
245.28,-24.3,-74.5,-32.0,-28.5,-28.3
245.29,-25.3,-74.3,-30.9,-30.5,-28.5
245.30,-23.7,-74.4,-29.9,-28.8,-28.3
245.31,-23.5,-74.5,-29.9,-28.5,-28.0
245.32,-24.1,-74.5,-30.5,-30.1,-27.3
245.33,-23.4,-74.7,-31.6,-28.8,-26.9
245.34,-23.3,-74.8,-32.4,-28.4,-27.0
245.35,-24.1,-74.7,-32.3,-30.4,-27.3
245.36,-23.9,-74.8,-32.4,-29.2,-27.4
245.37,-23.5,-74.7,-32.3,-28.7,-27.9
245.38,-24.8,-74.7,-32.9,-30.2,-27.8
245.39,-24.6,-74.7,-33.7,-29.6,-27.6
245.40,-24.0,-74.7,-33.8,-28.8,-27.9
245.41,-24.3,-74.8,-32.9,-30.4,-27.9
245.42,-24.7,-74.7,-31.4,-29.9,-28.2
245.43,-23.6,-74.6,-30.5,-28.9,-28.2
245.44,-24.5,-74.7,-30.5,-30.4,-28.4
245.45,-25.1,-74.6,-31.5,-30.4,-28.2
245.46,-24.4,-74.6,-31.8,-28.9,-28.3
245.47,-24.5,-74.7,-31.6,-30.6,-28.4
245.48,-25.4,-74.6,-31.7,-30.6,-28.3
245.49,-24.6,-74.6,-32.1,-29.2,-28.2
245.50,-25.2,-74.6,-31.9,-30.8,-28.2
245.51,-25.4,-74.6,-32.7,-31.3,-28.0
245.52,-25.4,-74.4,-34.3,-29.4,-28.4
245.53,-26.2,-74.5,-35.4,-31.1,-28.8
245.54,-26.7,-74.6,-35.6,-31.4,-29.3
245.55,-26.1,-74.6,-35.7,-29.7,-29.8
245.56,-26.4,-74.7,-35.7,-31.5,-29.8
245.57,-26.6,-74.9,-36.9,-31.7,-29.8
245.58,-26.1,-74.9,-41.1,-29.9,-29.5
245.59,-26.3,-74.7,-40.0,-31.5,-29.4
245.60,-26.4,-74.7,-38.1,-31.6,-29.7
245.61,-26.3,-74.7,-37.5,-30.0,-29.7
245.62,-26.4,-74.7,-37.2,-31.4,-29.9
245.63,-26.9,-74.8,-36.7,-31.7,-30.2
245.64,-26.6,-74.9,-37.3,-30.4,-30.2
245.65,-26.7,-74.8,-38.6,-31.4,-30.2
245.66,-27.2,-75.0,-38.8,-32.1,-30.5
245.67,-26.8,-75.0,-38.2,-30.9,-30.2
245.68,-26.4,-74.9,-37.5,-31.5,-29.5
245.69,-26.7,-75.0,-37.0,-32.5,-29.3
245.70,-26.8,-75.0,-37.2,-31.3,-29.3
245.71,-26.5,-74.9,-37.5,-31.5,-29.3
245.72,-27.4,-75.0,-38.1,-32.9,-29.8
245.73,-27.7,-74.9,-39.2,-31.4,-30.3
245.74,-27.6,-74.9,-41.5,-31.5,-30.3
245.75,-27.8,-75.0,-43.6,-33.2,-30.0
245.76,-27.5,-74.9,-44.1,-31.6,-29.9
245.77,-27.5,-75.0,-44.5,-31.6,-30.3
245.78,-28.1,-75.0,-44.2,-33.6,-30.6
245.79,-28.1,-75.0,-44.4,-31.8,-31.2
245.80,-28.2,-74.9,-43.6,-31.7,-31.2
245.81,-28.5,-74.9,-43.0,-33.6,-30.9
245.82,-27.9,-74.9,-43.2,-31.8,-30.8
245.83,-27.8,-74.9,-42.9,-31.8,-30.5
245.84,-27.8,-75.0,-42.3,-33.6,-30.3
245.85,-27.8,-75.0,-42.2,-31.9,-30.8
245.86,-28.1,-75.1,-42.3,-32.0,-31.2
245.87,-28.8,-75.0,-42.2,-33.5,-31.6
245.88,-28.2,-75.0,-42.2,-32.2,-31.8
245.89,-28.9,-75.0,-43.1,-32.1,-31.8
245.90,-28.8,-75.0,-43.5,-33.6,-31.6
245.91,-28.4,-75.0,-43.5,-32.4,-31.6
245.92,-28.8,-75.0,-43.3,-32.2,-31.7
245.93,-29.4,-75.0,-43.4,-33.4,-32.2
245.94,-28.9,-75.0,-43.8,-32.5,-33.1
245.95,-29.4,-74.9,-44.8,-32.2,-33.2
245.96,-29.8,-74.9,-48.3,-33.5,-32.9
245.97,-29.2,-75.0,-50.0,-32.9,-32.8
245.98,-29.4,-74.9,-50.3,-32.3,-32.5
245.99,-30.0,-74.9,-48.8,-33.7,-32.6
246.00,-29.0,-74.9,-46.8,-33.1,-32.7
246.01,-29.0,-74.9,-44.2,-32.2,-32.6
246.02,-29.6,-75.0,-41.5,-33.6,-32.6
246.03,-28.9,-75.0,-41.4,-33.3,-32.4
246.04,-28.6,-75.0,-41.6,-32.2,-32.3
246.05,-29.8,-75.0,-41.8,-33.7,-32.4
246.06,-29.0,-75.0,-42.7,-33.6,-32.2
246.07,-28.5,-74.9,-43.2,-32.3,-32.1
246.08,-29.7,-75.0,-42.5,-33.9,-32.5
246.09,-29.1,-75.0,-42.8,-33.9,-32.3
246.10,-28.6,-75.1,-44.4,-32.4,-32.3
246.11,-30.1,-75.1,-45.7,-33.8,-32.5
246.12,-29.6,-75.1,-47.6,-34.1,-32.7
246.13,-29.0,-75.1,-48.9,-32.5,-32.5
246.14,-30.4,-75.0,-46.6,-34.0,-32.9
246.15,-30.2,-75.0,-45.0,-34.2,-33.1
246.16,-29.3,-75.0,-44.7,-32.8,-33.1
246.17,-30.5,-75.0,-44.9,-34.2,-33.2
246.18,-30.2,-75.0,-45.6,-34.4,-33.1
246.19,-29.5,-75.1,-47.1,-33.1,-33.0
246.20,-30.5,-75.1,-49.2,-34.2,-33.0
246.21,-30.4,-75.1,-50.4,-34.4,-32.8
246.22,-29.7,-75.1,-50.4,-33.2,-33.2
246.23,-30.8,-75.1,-49.7,-34.0,-33.7
246.24,-31.0,-75.1,-49.0,-34.5,-33.9
246.25,-30.0,-75.1,-49.7,-33.3,-34.1
246.26,-30.8,-75.1,-49.9,-33.9,-34.3
246.27,-31.1,-75.1,-50.1,-34.9,-34.0
246.28,-30.2,-75.1,-49.8,-33.5,-33.8
246.29,-30.7,-75.1,-49.3,-33.9,-34.0
246.30,-31.4,-75.1,-48.3,-35.2,-33.9
246.31,-30.1,-75.1,-47.8,-33.6,-33.6
246.32,-30.4,-75.2,-48.6,-33.7,-33.7
246.33,-31.2,-75.2,-49.2,-35.4,-33.7
246.34,-30.3,-75.2,-48.5,-33.6,-33.9
246.35,-30.1,-75.2,-47.9,-33.5,-34.1
246.36,-31.4,-75.2,-47.7,-35.3,-34.4
246.37,-30.5,-75.1,-47.9,-33.7,-34.3
246.38,-30.2,-75.1,-47.9,-33.6,-34.4
246.39,-31.6,-75.2,-49.0,-35.5,-34.3
246.40,-31.2,-75.1,-50.4,-34.2,-34.5
246.41,-31.0,-75.1,-50.7,-34.1,-34.6
246.42,-32.5,-75.2,-50.4,-36.0,-34.9
246.43,-32.3,-75.1,-50.4,-34.7,-35.1
246.44,-31.8,-75.1,-48.4,-34.5,-35.6
246.45,-32.7,-75.1,-47.8,-35.9,-35.4
246.46,-32.2,-75.1,-47.7,-34.9,-35.3
246.47,-31.8,-75.1,-48.4,-34.7,-35.2
246.48,-32.5,-75.0,-49.5,-36.1,-35.0
246.49,-32.2,-75.0,-48.4,-35.1,-34.8
246.50,-31.3,-75.0,-47.6,-34.6,-34.4
246.51,-31.8,-75.0,-47.4,-35.9,-34.4
246.52,-31.9,-75.1,-48.3,-35.1,-34.5
246.53,-31.2,-75.1,-48.4,-34.6,-34.6
246.54,-32.1,-75.0,-49.6,-36.0,-35.0
246.55,-32.8,-75.1,-49.5,-35.6,-35.6
246.56,-31.8,-75.0,-48.1,-34.8,-36.0
246.57,-32.6,-75.0,-47.8,-36.3,-36.1
246.58,-33.2,-75.0,-47.9,-36.0,-36.4
246.59,-32.4,-75.1,-49.3,-35.0,-36.7
246.60,-33.5,-75.1,-50.8,-36.5,-36.9
246.61,-33.7,-75.1,-49.4,-36.4,-36.9
246.62,-32.8,-75.1,-49.1,-35.1,-37.0
246.63,-33.2,-75.1,-49.2,-36.7,-37.1
246.64,-33.7,-75.1,-50.5,-36.7,-37.1
246.65,-32.8,-75.1,-53.0,-35.3,-36.8
246.66,-33.2,-75.1,-55.8,-36.7,-36.4
246.67,-33.5,-75.1,-56.7,-37.0,-36.0
246.68,-32.9,-75.1,-54.6,-35.7,-35.9
246.69,-33.0,-75.1,-53.4,-37.1,-35.8
246.70,-33.7,-75.1,-52.6,-37.2,-36.0
246.71,-33.3,-75.0,-53.3,-36.0,-36.3
246.72,-33.5,-75.0,-52.8,-37.1,-36.7
246.73,-33.9,-75.0,-51.6,-37.2,-36.9
246.74,-33.9,-75.0,-51.5,-36.1,-37.4
246.75,-33.9,-75.0,-52.2,-37.0,-37.7
246.76,-34.5,-75.0,-53.1,-37.3,-38.0
246.77,-34.3,-75.0,-54.0,-36.3,-38.2
246.78,-34.3,-75.0,-53.9,-37.2,-38.6
246.79,-34.4,-75.0,-54.0,-37.5,-38.0
246.80,-34.0,-75.0,-53.2,-36.6,-37.9
246.81,-34.1,-75.0,-54.2,-37.2,-37.8
246.82,-34.0,-75.0,-54.7,-37.7,-37.5
246.83,-33.8,-75.0,-56.0,-36.6,-37.5
246.84,-34.3,-75.0,-55.0,-37.2,-37.7
246.85,-34.4,-74.9,-53.4,-38.0,-38.0
246.86,-34.2,-74.9,-52.4,-36.8,-38.4
246.87,-34.7,-74.9,-52.6,-37.2,-38.7
246.88,-34.5,-75.0,-54.0,-38.4,-38.3
246.89,-34.2,-74.9,-55.3,-37.0,-38.3
246.90,-34.5,-75.0,-54.4,-37.4,-38.1
246.91,-34.8,-75.0,-56.0,-38.8,-38.0
246.92,-34.4,-74.9,-55.9,-37.3,-38.1
246.93,-35.2,-75.0,-56.5,-37.7,-38.7
246.94,-35.1,-75.0,-57.3,-39.1,-38.4
246.95,-34.7,-74.9,-60.1,-37.4,-38.6
246.96,-35.0,-74.9,-60.1,-37.9,-38.1
246.97,-34.9,-75.0,-59.6,-39.1,-37.9
246.98,-34.4,-74.9,-60.0,-37.5,-38.0
246.99,-34.9,-74.9,-61.4,-38.0,-38.0
247.00,-35.0,-74.9,-62.1,-39.1,-38.0
247.01,-34.4,-74.9,-62.3,-37.6,-38.4
247.02,-35.1,-74.9,-64.1,-38.0,-38.3
247.03,-35.4,-74.9,-62.4,-39.1,-38.5
247.04,-34.6,-74.9,-61.0,-37.9,-38.8
247.05,-35.4,-74.9,-61.4,-38.2,-38.8
247.06,-35.6,-74.9,-60.6,-39.4,-38.8
247.07,-34.9,-74.9,-60.6,-38.3,-38.9
247.08,-35.4,-74.9,-61.4,-38.2,-38.9
247.09,-36.0,-74.9,-63.4,-39.5,-38.9
247.10,-35.3,-74.9,-64.3,-38.7,-39.2
247.11,-35.7,-74.9,-64.5,-38.3,-39.7
247.12,-36.7,-74.9,-63.9,-39.9,-40.0
247.13,-35.9,-74.9,-64.2,-39.1,-40.0
247.14,-36.0,-74.8,-65.7,-38.4,-40.5
247.15,-37.3,-74.9,-66.1,-40.2,-40.8
247.16,-36.4,-74.8,-66.7,-39.4,-40.9
247.17,-36.2,-74.8,-66.2,-38.5,-41.1
247.18,-37.5,-74.8,-65.4,-40.3,-40.8
247.19,-36.6,-74.8,-65.6,-39.6,-40.6
247.20,-36.1,-74.8,-65.5,-38.5,-40.4
247.21,-37.5,-74.8,-65.9,-40.4,-40.5
247.22,-36.9,-74.8,-69.3,-39.8,-41.0
247.23,-36.4,-74.8,-69.3,-38.8,-40.9
247.24,-37.8,-74.8,-69.0,-40.7,-40.7
247.25,-37.1,-74.8,-70.0,-40.1,-40.8
247.26,-36.5,-74.8,-70.4,-39.1,-40.6
247.27,-37.6,-74.8,-69.4,-40.7,-40.4
247.28,-37.1,-74.8,-69.2,-40.2,-40.6
247.29,-36.7,-74.8,-70.1,-39.2,-41.0
247.30,-38.0,-74.8,-69.8,-40.6,-41.3
247.31,-37.9,-74.8,-68.9,-40.4,-41.8
247.32,-37.2,-74.8,-71.2,-39.4,-42.3
247.33,-38.6,-74.8,-70.6,-40.7,-42.9
247.34,-38.7,-74.8,-70.5,-40.7,-43.0
247.35,-37.6,-74.7,-71.0,-39.7,-42.9
247.36,-38.5,-74.7,-70.5,-40.8,-42.5
247.37,-38.9,-74.7,-69.7,-41.2,-42.4
247.38,-37.6,-74.7,-69.4,-40.0,-42.2
247.39,-38.2,-74.7,-69.5,-40.8,-41.9
247.40,-39.1,-74.7,-70.3,-41.5,-42.0
247.41,-37.7,-74.7,-72.1,-40.2,-41.8
247.42,-38.1,-74.7,-71.8,-41.0,-41.7
247.43,-39.3,-74.7,-73.5,-42.0,-42.1
247.44,-38.2,-74.7,-74.3,-40.4,-42.4
247.45,-38.8,-74.7,-74.9,-41.2,-42.8
247.46,-40.3,-74.7,-76.5,-42.5,-43.4
247.47,-38.8,-74.7,-77.7,-40.7,-43.1
247.48,-39.1,-74.7,-74.8,-41.5,-43.2
247.49,-40.3,-74.7,-74.0,-42.9,-43.0
247.50,-38.9,-74.7,-73.0,-41.0,-43.2
247.51,-39.2,-74.7,-71.4,-41.6,-43.4
247.52,-40.5,-74.7,-71.5,-42.9,-43.5
247.53,-39.1,-74.7,-72.8,-41.1,-43.1
247.54,-39.1,-74.7,-71.7,-41.7,-43.1
247.55,-40.3,-74.7,-71.7,-43.0,-42.8
247.56,-39.2,-74.7,-73.2,-41.4,-42.7
247.57,-39.1,-74.7,-73.2,-41.9,-43.0
247.58,-40.5,-74.7,-73.1,-43.1,-43.5
247.59,-40.1,-74.7,-75.9,-41.8,-44.0
247.60,-39.8,-74.7,-74.8,-42.1,-44.5
247.61,-41.0,-74.7,-73.9,-43.3,-44.7
247.62,-40.9,-74.7,-73.6,-42.3,-45.0
247.63,-40.3,-74.7,-74.4,-42.2,-45.1
247.64,-41.1,-74.7,-73.9,-43.6,-44.8
247.65,-41.2,-74.7,-74.4,-42.6,-45.1
247.66,-40.4,-74.7,-75.2,-42.3,-45.1
247.67,-41.3,-74.7,-74.7,-43.7,-45.0
247.68,-41.5,-74.7,-74.0,-43.0,-45.2
247.69,-40.7,-74.7,-74.1,-42.4,-45.5
247.70,-41.6,-74.7,-74.0,-44.1,-45.7
247.71,-41.8,-74.7,-73.8,-43.4,-45.7
247.72,-40.7,-74.7,-74.1,-42.5,-45.2
247.73,-41.4,-74.7,-74.5,-44.3,-44.8
247.74,-41.3,-74.7,-75.6,-43.6,-44.6
247.75,-40.5,-74.7,-75.4,-42.6,-44.3
247.76,-41.2,-74.7,-75.2,-44.4,-44.4
247.77,-41.6,-74.7,-76.0,-43.8,-45.0
247.78,-40.9,-74.7,-75.2,-42.8,-45.3
247.79,-41.6,-74.7,-74.6,-44.4,-45.4
247.80,-41.8,-74.7,-75.6,-43.9,-45.7
247.81,-41.2,-74.7,-75.3,-42.9,-45.8
247.82,-41.8,-74.7,-74.1,-44.4,-46.1
247.83,-41.9,-74.7,-75.1,-43.9,-46.3
247.84,-41.6,-74.7,-75.1,-43.0,-46.6
247.85,-41.9,-74.7,-74.3,-44.3,-46.7
247.86,-42.1,-74.7,-75.6,-44.1,-46.9
247.87,-41.9,-74.7,-76.2,-43.2,-47.0
247.88,-42.1,-74.7,-75.1,-44.4,-47.1
247.89,-42.2,-74.7,-75.1,-44.4,-46.8
247.90,-41.8,-74.7,-75.4,-43.5,-46.4
247.91,-41.9,-74.7,-75.4,-44.3,-46.3
247.92,-41.8,-74.7,-75.5,-44.6,-45.9
247.93,-41.5,-74.7,-75.9,-43.6,-45.7
247.94,-41.9,-74.7,-75.8,-44.3,-46.1
247.95,-42.2,-74.7,-75.1,-44.9,-46.5
247.96,-42.0,-74.7,-75.6,-43.8,-46.9
247.97,-42.7,-74.7,-75.8,-44.5,-47.6
247.98,-42.8,-74.7,-75.9,-45.4,-47.7
247.99,-42.2,-74.7,-76.3,-44.0,-47.4
248.00,-42.7,-74.7,-75.8,-44.7,-47.4
248.01,-42.7,-74.7,-75.9,-45.7,-47.1
248.02,-42.0,-74.7,-74.4,-44.0,-46.9
248.03,-42.6,-74.7,-74.8,-44.8,-47.1
248.04,-42.9,-74.7,-75.4,-46.0,-47.2
248.05,-42.4,-74.7,-76.2,-44.2,-47.5
248.06,-43.1,-74.7,-76.2,-45.1,-47.9
248.07,-43.4,-74.7,-76.7,-46.2,-48.2
248.08,-42.7,-74.7,-76.5,-44.6,-48.1
248.09,-43.3,-74.7,-75.9,-45.4,-47.8
248.10,-43.3,-74.7,-76.0,-46.3,-47.7
248.11,-42.7,-74.7,-76.8,-44.8,-47.9
248.12,-43.6,-74.7,-77.0,-45.4,-48.3
248.13,-43.8,-74.7,-76.7,-46.4,-48.7
248.14,-43.1,-74.7,-77.1,-45.0,-49.0
248.15,-44.0,-74.7,-76.6,-45.6,-49.0
248.16,-44.0,-74.8,-76.1,-46.6,-48.6
248.17,-43.1,-74.7,-76.5,-45.5,-48.3
248.18,-43.8,-74.8,-76.4,-45.7,-48.5
248.19,-44.2,-74.8,-76.2,-46.8,-48.7
248.20,-43.6,-74.8,-76.5,-45.8,-49.2
248.21,-44.1,-74.7,-76.5,-45.7,-49.5
248.22,-44.7,-74.7,-76.6,-47.1,-49.3
248.23,-43.8,-74.8,-76.3,-46.1,-49.1
248.24,-44.0,-74.7,-76.3,-45.7,-49.0
248.25,-44.9,-74.8,-76.4,-47.4,-49.0
248.26,-44.3,-74.7,-76.5,-46.5,-49.5
248.27,-44.3,-74.7,-76.6,-45.9,-50.1
248.28,-45.8,-74.7,-76.4,-47.9,-50.5
248.29,-44.9,-74.7,-76.8,-46.9,-50.6
248.30,-44.7,-74.7,-76.8,-46.2,-51.1
248.31,-46.3,-74.8,-76.4,-48.1,-51.3
248.32,-45.3,-74.8,-76.9,-47.1,-51.3
248.33,-44.9,-74.8,-76.8,-46.3,-51.2
248.34,-46.5,-74.8,-75.7,-48.2,-51.2
248.35,-45.4,-74.8,-76.3,-47.3,-51.0
248.36,-45.1,-74.8,-76.8,-46.7,-50.9
248.37,-46.8,-74.8,-75.9,-48.5,-51.0
248.38,-45.9,-74.7,-76.2,-47.8,-51.2
248.39,-45.5,-74.7,-76.9,-47.2,-51.1
248.40,-47.0,-74.7,-75.9,-48.6,-51.2
248.41,-46.3,-74.7,-76.0,-48.1,-51.6
248.42,-45.8,-74.7,-76.7,-47.5,-51.7
248.43,-47.0,-74.7,-76.5,-48.6,-51.6
248.44,-46.6,-74.7,-76.5,-48.3,-51.6
248.45,-46.0,-74.7,-76.4,-47.6,-51.9
248.46,-47.0,-74.7,-76.4,-48.7,-51.9
248.47,-47.2,-74.7,-76.1,-48.7,-52.5
248.48,-46.4,-74.7,-76.1,-47.8,-53.4
248.49,-47.4,-74.7,-76.1,-48.8,-53.2
248.50,-47.9,-74.7,-76.5,-49.1,-53.1
248.51,-46.5,-74.7,-76.5,-48.0,-53.1
248.52,-47.4,-74.7,-76.6,-49.0,-52.8
248.53,-48.3,-74.7,-77.1,-49.6,-53.0
248.54,-46.9,-74.7,-76.9,-48.3,-53.4
248.55,-47.8,-74.7,-76.3,-49.4,-53.6
248.56,-49.1,-74.7,-76.3,-50.2,-54.0
248.57,-47.4,-74.7,-76.4,-48.7,-54.1
248.58,-48.2,-74.7,-76.0,-49.7,-54.0
248.59,-49.5,-74.7,-76.1,-50.6,-54.3
248.60,-47.6,-74.7,-76.6,-49.0,-54.2
248.61,-48.5,-74.7,-76.1,-50.1,-54.1
248.62,-49.6,-74.7,-76.0,-50.8,-54.3
248.63,-48.1,-74.7,-76.5,-49.4,-54.7
248.64,-49.0,-74.7,-76.0,-50.4,-55.0
248.65,-50.3,-74.7,-76.0,-51.2,-55.5
248.66,-48.8,-74.7,-76.4,-49.8,-55.6
248.67,-49.3,-74.7,-76.9,-50.7,-55.5
248.68,-50.5,-74.7,-76.6,-51.4,-55.6
248.69,-49.2,-74.7,-76.5,-50.2,-55.5
248.70,-49.2,-74.7,-76.4,-50.9,-55.4
248.71,-50.5,-74.7,-76.2,-51.7,-55.3
248.72,-49.5,-74.7,-75.9,-50.5,-55.2
248.73,-49.2,-74.7,-76.2,-50.9,-55.3
248.74,-50.6,-74.7,-77.0,-51.9,-55.7
248.75,-50.1,-74.7,-76.7,-50.9,-56.1
248.76,-49.6,-74.7,-76.4,-51.0,-56.7
248.77,-51.3,-74.7,-76.9,-52.3,-57.3
248.78,-50.7,-74.7,-76.5,-51.2,-57.1
248.79,-49.8,-74.7,-76.3,-51.2,-56.3
248.80,-51.2,-74.7,-76.7,-52.7,-56.2
248.81,-50.8,-74.7,-76.8,-51.7,-56.3
248.82,-50.1,-74.7,-76.4,-51.3,-56.4
248.83,-51.5,-74.7,-76.0,-53.2,-56.7
248.84,-51.1,-74.7,-76.8,-52.0,-57.3
248.85,-50.4,-74.7,-76.8,-51.5,-57.6
248.86,-51.7,-74.7,-75.9,-53.4,-57.4
248.87,-51.4,-74.7,-76.6,-52.2,-57.5
248.88,-50.7,-74.7,-76.2,-51.8,-57.6
248.89,-51.7,-74.7,-75.1,-53.6,-57.5
248.90,-51.6,-74.7,-76.1,-52.6,-57.7
248.91,-51.0,-74.7,-77.0,-52.3,-57.6
248.92,-51.8,-74.7,-76.5,-54.0,-57.7
248.93,-52.0,-74.7,-76.9,-53.0,-58.2
248.94,-51.6,-74.7,-77.2,-52.7,-58.5
248.95,-52.1,-74.7,-76.1,-54.1,-58.7
248.96,-52.2,-74.7,-75.9,-53.3,-58.9
248.97,-51.9,-74.7,-76.4,-52.9,-58.9
248.98,-52.2,-74.7,-76.5,-54.1,-59.0
248.99,-52.3,-74.7,-76.1,-53.6,-58.9
249.00,-52.1,-74.7,-76.5,-53.0,-59.2
249.01,-52.1,-74.7,-76.5,-54.1,-59.2
249.02,-52.4,-74.7,-76.5,-53.9,-59.2
249.03,-52.1,-74.7,-76.6,-53.2,-59.3
249.04,-52.1,-74.7,-76.4,-54.3,-58.9
249.05,-52.4,-74.7,-76.7,-54.4,-58.9
249.06,-52.2,-74.7,-76.4,-53.4,-59.2
249.07,-52.4,-74.7,-75.7,-54.5,-59.3
249.08,-52.8,-74.7,-76.1,-55.0,-59.4
249.09,-52.6,-74.7,-76.5,-53.7,-60.0
249.10,-52.9,-74.7,-76.0,-54.9,-60.0
249.11,-53.3,-74.7,-76.3,-55.5,-60.1
249.12,-52.8,-74.7,-77.0,-54.0,-60.3
249.13,-53.2,-74.7,-76.2,-55.2,-60.5
249.14,-53.4,-74.7,-75.9,-55.8,-60.4
249.15,-52.9,-74.7,-76.8,-54.2,-60.5
249.16,-53.4,-74.7,-76.3,-55.4,-60.8
249.17,-53.7,-74.7,-76.1,-56.1,-61.0
249.18,-53.3,-74.7,-76.9,-54.6,-61.3
249.19,-53.9,-74.7,-76.4,-55.7,-61.5
249.20,-54.0,-74.7,-76.0,-56.5,-61.5
249.21,-53.8,-74.7,-76.5,-55.1,-61.9
249.22,-54.3,-74.7,-76.6,-56.0,-62.0
249.23,-54.3,-74.7,-76.3,-56.7,-62.0
249.24,-54.1,-74.7,-76.6,-55.4,-62.4
249.25,-54.5,-74.7,-76.5,-56.1,-62.5
249.26,-54.6,-74.7,-76.4,-57.0,-62.6
249.27,-54.5,-74.7,-76.1,-55.8,-63.1
249.28,-54.9,-74.7,-76.2,-56.3,-63.2
249.29,-55.1,-74.7,-76.7,-57.4,-63.0
249.30,-54.8,-74.7,-76.7,-56.3,-63.0
249.31,-55.1,-74.7,-76.5,-56.4,-63.1
249.32,-55.5,-74.7,-76.3,-57.7,-63.2
249.33,-55.0,-74.7,-76.6,-56.6,-63.6
249.34,-55.4,-74.7,-76.4,-56.6,-64.1
249.35,-55.9,-74.7,-76.0,-58.2,-64.2
249.36,-55.4,-74.7,-76.6,-57.1,-64.5
249.37,-55.6,-74.7,-76.7,-56.8,-64.4
249.38,-56.3,-74.7,-76.0,-58.7,-64.2
249.39,-55.8,-74.7,-76.8,-57.5,-64.6
249.40,-55.8,-74.7,-77.0,-57.1,-64.6
249.41,-56.7,-74.7,-76.0,-59.0,-64.7
249.42,-56.1,-74.7,-76.4,-57.8,-65.0
249.43,-56.0,-74.7,-76.4,-57.3,-65.0
249.44,-57.0,-74.7,-75.8,-59.3,-65.0
249.45,-56.4,-74.7,-76.0,-58.1,-65.6
249.46,-56.5,-74.7,-76.9,-57.7,-65.7
249.47,-57.5,-74.7,-76.2,-59.6,-65.7
249.48,-56.8,-74.7,-76.2,-58.5,-66.2
249.49,-56.7,-74.7,-76.6,-58.0,-66.3
249.50,-57.6,-74.7,-76.3,-59.5,-66.3
249.51,-56.9,-74.7,-76.0,-58.7,-66.4
249.52,-56.8,-74.7,-76.5,-58.2,-66.3
249.53,-57.7,-74.7,-76.4,-59.5,-66.4
249.54,-57.1,-74.7,-76.2,-59.1,-66.7
249.55,-56.9,-74.7,-76.1,-58.5,-66.8
249.56,-57.8,-74.7,-76.3,-59.7,-67.0
249.57,-57.4,-74.7,-76.0,-59.5,-67.4
249.58,-57.0,-74.7,-76.2,-58.7,-67.6
249.59,-57.9,-74.7,-76.2,-59.8,-67.7
249.60,-58.0,-74.7,-76.5,-59.9,-68.3
249.61,-57.2,-74.7,-76.7,-58.8,-68.3
249.62,-58.1,-74.7,-76.5,-60.0,-68.7
249.63,-58.4,-74.7,-76.4,-60.4,-69.0
249.64,-57.4,-74.7,-76.5,-59.1,-69.2
249.65,-58.3,-74.7,-76.0,-60.4,-69.0
249.66,-58.8,-74.7,-75.9,-61.0,-69.7
249.67,-57.7,-74.7,-76.5,-59.5,-69.6
249.68,-58.5,-74.7,-76.2,-60.7,-69.7
249.69,-59.0,-74.7,-76.0,-61.3,-70.1
249.70,-57.9,-74.7,-76.4,-59.7,-70.3
249.71,-58.8,-74.7,-76.3,-61.0,-70.5
249.72,-59.4,-74.7,-76.0,-61.6,-71.0
249.73,-58.3,-74.7,-76.6,-60.0,-71.2
249.74,-59.2,-74.7,-76.5,-61.2,-71.4
249.75,-59.6,-74.7,-75.6,-61.9,-71.5
249.76,-58.6,-74.7,-75.8,-60.5,-71.8
249.77,-59.4,-74.7,-75.8,-61.6,-72.0
249.78,-60.1,-74.7,-75.7,-62.5,-72.3
249.79,-59.2,-74.7,-76.5,-61.1,-72.4
249.80,-59.7,-74.7,-76.6,-61.9,-72.4
249.81,-60.4,-74.7,-76.4,-62.7,-72.6
249.82,-59.5,-74.7,-76.3,-61.5,-72.5
249.83,-59.7,-74.7,-75.9,-62.0,-72.7
249.84,-60.6,-74.7,-75.8,-63.0,-72.8
249.85,-59.9,-74.7,-76.3,-61.9,-72.7
249.86,-60.0,-74.7,-76.1,-62.2,-72.8
249.87,-61.1,-74.7,-75.7,-63.6,-72.9
249.88,-60.5,-74.7,-76.2,-62.6,-72.9
249.89,-60.3,-74.7,-75.8,-62.6,-73.6
249.90,-61.3,-74.7,-75.3,-64.2,-73.4
249.91,-60.9,-74.7,-76.1,-63.1,-73.5
249.92,-60.6,-74.7,-76.2,-62.9,-74.0
249.93,-61.6,-74.7,-75.5,-64.6,-73.9
249.94,-61.2,-74.7,-76.2,-63.3,-74.1
249.95,-60.9,-74.7,-76.4,-63.1,-74.7
249.96,-61.7,-74.7,-75.5,-65.0,-74.4
249.97,-61.4,-74.7,-76.0,-63.8,-74.5
249.98,-61.1,-74.7,-76.3,-63.6,-74.8
249.99,-61.9,-74.7,-75.6,-65.5,-74.7
250.00,-61.6,-74.7,-75.7,-64.3,-74.7
250.01,-61.4,-74.7,-76.2,-64.2,-75.1
250.02,-62.1,-74.7,-75.7,-65.9,-75.1
250.03,-61.9,-74.7,-76.0,-64.7,-74.9
250.04,-61.6,-74.7,-76.5,-64.6,-75.3
250.05,-62.1,-74.7,-76.2,-66.0,-75.3
250.06,-62.0,-74.7,-76.2,-65.1,-75.3
250.07,-61.7,-74.7,-76.2,-65.1,-75.5
250.08,-62.1,-74.7,-76.0,-66.4,-75.9
250.09,-62.4,-74.7,-76.2,-66.4,-76.0
250.10,-62.3,-74.7,-76.4,-66.4,-76.4
250.11,-62.6,-74.7,-76.1,-67.9,-76.8
250.12,-63.4,-74.7,-76.6,-68.9,-77.4
250.13,-63.5,-74.7,-76.7,-69.1,-77.7
250.14,-63.4,-74.7,-76.3,-70.5,-78.1
250.15,-64.0,-74.7,-76.8,-72.3,-78.4
250.16,-64.0,-74.7,-76.8,-72.5,-78.6
250.17,-63.8,-74.7,-76.6,-73.1,-78.9
250.18,-64.0,-74.7,-76.8,-74.0,-79.0
250.19,-64.1,-74.7,-77.0,-74.0,-79.3
250.20,-64.0,-74.7,-77.0,-73.9,-79.4
250.21,-64.1,-74.7,-77.0,-74.1,-79.3
250.22,-64.1,-74.7,-77.0,-74.1,-79.4
250.23,-64.0,-74.7,-76.9,-74.1,-79.3
250.24,-64.1,-74.7,-76.9,-74.2,-79.3
250.25,-64.0,-74.7,-76.9,-74.1,-79.2
250.26,-64.1,-74.7,-76.9,-74.2,-79.2
250.27,-64.1,-74.7,-77.0,-74.3,-79.3
250.28,-64.1,-74.7,-77.0,-74.3,-79.3
250.29,-64.1,-74.7,-76.9,-74.3,-79.2
250.30,-64.1,-74.7,-77.0,-74.4,-79.2
250.31,-64.1,-74.7,-76.9,-74.4,-79.1
250.32,-64.1,-74.7,-76.9,-74.4,-79.1
250.33,-64.1,-74.7,-77.0,-74.5,-79.1
250.34,-64.1,-74.7,-76.9,-74.5,-79.1
250.35,-64.1,-74.7,-76.9,-74.5,-79.0
250.36,-64.1,-74.7,-76.9,-74.5,-79.0
250.37,-64.1,-74.7,-76.9,-74.6,-79.1
250.38,-64.1,-74.7,-76.9,-74.6,-79.1
250.39,-64.2,-74.7,-77.0,-74.6,-79.0
250.40,-64.2,-74.7,-77.0,-74.6,-79.0
250.41,-64.1,-74.7,-76.9,-74.6,-79.0
250.42,-64.1,-74.7,-76.9,-74.7,-78.9
250.43,-64.1,-74.7,-76.9,-74.7,-78.9
250.44,-64.1,-74.7,-77.0,-74.7,-78.9
250.45,-64.2,-74.7,-77.0,-74.7,-79.0
250.46,-64.2,-74.7,-77.0,-74.7,-79.0
250.47,-64.2,-74.7,-77.0,-74.7,-79.0
250.48,-64.1,-74.7,-76.9,-74.7,-78.9
250.49,-64.1,-74.7,-76.9,-74.7,-78.9
250.50,-64.2,-74.7,-77.0,-74.7,-79.0
250.51,-64.2,-74.7,-77.0,-74.7,-79.0
250.52,-64.2,-74.7,-77.0,-74.7,-79.0
250.53,-64.2,-74.7,-77.0,-74.7,-79.0
250.54,-64.2,-74.7,-77.0,-74.7,-79.0
250.55,-64.2,-74.7,-77.0,-74.7,-78.9
250.56,-64.2,-74.7,-77.0,-74.7,-78.9
250.57,-64.2,-74.7,-77.0,-74.7,-78.9
250.58,-64.2,-74.7,-77.0,-74.7,-78.9
250.59,-64.2,-74.7,-77.0,-74.7,-78.9
250.60,-64.2,-74.7,-77.1,-74.7,-78.9
250.61,-64.2,-74.7,-77.0,-74.7,-78.9
250.62,-64.2,-74.7,-77.1,-74.7,-78.9
250.63,-64.2,-74.7,-77.1,-74.7,-78.9
250.64,-64.2,-74.7,-77.1,-74.7,-78.8
250.65,-64.2,-74.7,-77.1,-74.7,-78.9
250.66,-64.2,-74.7,-77.1,-74.7,-78.9
250.67,-64.2,-74.7,-77.1,-74.7,-78.9
250.68,-64.2,-74.7,-77.1,-74.7,-78.9
250.69,-64.2,-74.7,-77.1,-74.7,-78.9
250.70,-64.2,-74.7,-77.1,-74.7,-78.9
250.71,-64.2,-74.7,-77.0,-74.7,-78.9
250.72,-64.2,-74.7,-77.0,-74.7,-78.9
250.73,-64.2,-74.7,-77.0,-74.7,-78.9
250.74,-64.2,-74.7,-77.0,-74.7,-78.9
250.75,-64.2,-74.7,-77.0,-74.7,-78.9
250.76,-64.2,-74.7,-77.1,-74.7,-78.9
250.77,-64.2,-74.7,-77.1,-74.7,-78.9
250.78,-64.2,-74.7,-77.1,-74.7,-78.9
250.79,-64.2,-74.7,-77.1,-74.7,-78.9
250.80,-64.2,-74.7,-77.1,-74.7,-78.9
250.81,-64.2,-74.7,-77.0,-74.7,-78.9
250.82,-64.2,-74.7,-77.0,-74.7,-78.9
250.83,-64.2,-74.7,-77.0,-74.7,-78.9
250.84,-64.2,-74.7,-77.0,-74.7,-78.9
250.85,-64.2,-74.7,-77.0,-74.7,-78.9
250.86,-64.2,-74.7,-77.0,-74.7,-78.9
250.87,-64.2,-74.7,-77.0,-74.7,-78.9
250.88,-64.2,-74.7,-77.0,-74.7,-78.9
250.89,-64.2,-74.7,-77.0,-74.7,-78.9
250.90,-64.2,-74.7,-77.0,-74.7,-78.9
250.91,-64.2,-74.7,-77.1,-74.7,-79.0
250.92,-64.2,-74.7,-77.1,-74.7,-78.9
250.93,-64.2,-74.7,-77.0,-74.7,-78.9
250.94,-64.2,-74.7,-77.0,-74.7,-78.9
250.95,-64.2,-74.7,-77.0,-74.7,-79.0
250.96,-64.2,-74.7,-77.0,-74.7,-79.0
250.97,-64.2,-74.7,-77.0,-74.7,-79.0
250.98,-64.2,-74.7,-77.0,-74.7,-79.0
250.99,-64.2,-74.7,-77.0,-74.7,-78.9
251.00,-64.2,-74.7,-77.0,-74.7,-78.9
251.01,-64.2,-74.7,-77.0,-74.7,-78.9
251.02,-64.2,-74.7,-77.0,-74.7,-78.9
251.03,-64.2,-74.7,-77.0,-74.7,-78.9
251.04,-64.2,-74.7,-77.0,-74.7,-78.9
251.05,-64.2,-74.7,-77.0,-74.7,-78.9
251.06,-64.2,-74.7,-77.1,-74.7,-78.9
251.07,-64.2,-74.7,-77.1,-74.7,-78.9
251.08,-64.2,-74.7,-77.1,-74.7,-78.9
251.09,-64.2,-74.7,-77.1,-74.7,-78.9
251.10,-64.2,-74.7,-77.1,-74.7,-78.9
251.11,-64.2,-74.7,-77.0,-74.7,-78.9
251.12,-64.2,-74.7,-77.0,-74.7,-78.9
251.13,-64.2,-74.7,-77.0,-74.7,-78.9
251.14,-64.2,-74.7,-77.0,-74.7,-78.8
251.15,-64.2,-74.7,-77.0,-74.7,-78.8
251.16,-64.2,-74.7,-77.0,-74.7,-78.8
251.17,-64.2,-74.7,-77.1,-74.7,-78.8
251.18,-64.2,-74.7,-77.1,-74.7,-78.8
251.19,-64.2,-74.7,-77.1,-74.7,-78.8
251.20,-64.2,-74.7,-77.1,-74.7,-78.8
251.21,-64.2,-74.7,-77.1,-74.7,-78.9
251.22,-64.2,-74.7,-77.1,-74.7,-78.8
251.23,-64.2,-74.7,-77.1,-74.7,-78.8
251.24,-64.2,-74.7,-77.1,-74.7,-78.8
251.25,-64.2,-74.7,-77.1,-74.7,-78.8
251.26,-64.2,-74.7,-77.1,-74.7,-78.8
251.27,-64.2,-74.7,-77.2,-74.7,-78.8
251.28,-64.2,-74.7,-77.2,-74.7,-78.8
251.29,-64.2,-74.7,-77.2,-74.7,-78.8
251.30,-64.2,-74.7,-77.2,-74.7,-78.8
251.31,-64.2,-74.7,-77.3,-74.7,-78.8
251.32,-64.2,-74.7,-77.4,-74.7,-78.8
251.33,-64.2,-74.7,-77.5,-74.7,-78.6
251.34,-64.8,-75.5,-78.2,-75.4,-77.2
251.35,-66.0,-76.8,-79.6,-76.7,-77.9
