t,vocal_on,width
0.00,1,0.122
0.01,0,
0.02,0,
0.03,0,
0.04,0,
0.05,0,
0.06,0,
0.07,0,
0.08,0,
0.09,0,
0.10,0,
0.11,0,
0.12,0,
0.13,0,
0.14,0,
0.15,0,
0.16,0,
0.17,0,
0.18,0,
0.19,0,
0.20,0,
0.21,0,
0.22,0,
0.23,0,
0.24,0,
0.25,0,
0.26,0,
0.27,0,
0.28,0,
0.29,0,
0.30,0,
0.31,0,
0.32,0,
0.33,0,
0.34,0,
0.35,0,
0.36,0,
0.37,0,
0.38,0,
0.39,0,
0.40,0,
0.41,0,
0.42,0,
0.43,0,
0.44,0,
0.45,0,
0.46,0,
0.47,0,
0.48,0,
0.49,0,
0.50,0,
0.51,0,
0.52,0,
0.53,0,
0.54,0,
0.55,0,
0.56,0,
0.57,0,
0.58,0,
0.59,0,
0.60,0,
0.61,0,
0.62,0,
0.63,0,
0.64,0,
0.65,0,
0.66,0,
0.67,0,
0.68,0,
0.69,0,
0.70,0,
0.71,0,
0.72,0,
0.73,0,
0.74,0,
0.75,0,
0.76,0,
0.77,0,
0.78,0,
0.79,0,
0.80,0,
0.81,0,
0.82,0,
0.83,0,
0.84,0,
0.85,0,
0.86,0,
0.87,0,
0.88,0,
0.89,0,
0.90,0,
0.91,0,
0.92,0,
0.93,0,
0.94,0,
0.95,0,
0.96,0,
0.97,0,
0.98,0,
0.99,0,
1.00,0,
1.01,0,
1.02,0,
1.03,0,
1.04,0,
1.05,0,
1.06,0,
1.07,0,
1.08,0,
1.09,0,
1.10,0,
1.11,0,
1.12,0,
1.13,0,
1.14,0,
1.15,0,
1.16,0,
1.17,0,
1.18,0,
1.19,0,
1.20,0,
1.21,0,
1.22,0,
1.23,0,
1.24,0,
1.25,0,
1.26,0,
1.27,0,
1.28,0,
1.29,0,
1.30,0,
1.31,0,
1.32,0,
1.33,0,
1.34,0,
1.35,0,
1.36,0,
1.37,0,
1.38,0,
1.39,0,
1.40,0,
1.41,0,
1.42,0,
1.43,0,
1.44,0,
1.45,0,
1.46,0,
1.47,0,
1.48,0,
1.49,0,
1.50,0,
1.51,0,
1.52,0,
1.53,0,
1.54,0,
1.55,0,
1.56,0,
1.57,0,
1.58,0,
1.59,0,
1.60,0,
1.61,0,
1.62,0,
1.63,0,
1.64,0,
1.65,0,
1.66,0,
1.67,0,
1.68,0,
1.69,0,
1.70,0,
1.71,0,
1.72,0,
1.73,0,
1.74,0,
1.75,0,
1.76,0,
1.77,0,
1.78,0,
1.79,0,
1.80,0,
1.81,0,
1.82,0,
1.83,0,
1.84,0,
1.85,0,
1.86,0,
1.87,0,
1.88,0,
1.89,0,
1.90,0,
1.91,0,
1.92,0,
1.93,0,
1.94,0,
1.95,0,
1.96,0,
1.97,0,
1.98,0,
1.99,0,
2.00,0,
2.01,0,
2.02,0,
2.03,0,
2.04,0,
2.05,0,
2.06,0,
2.07,0,
2.08,0,
2.09,0,
2.10,0,
2.11,0,
2.12,0,
2.13,0,
2.14,0,
2.15,0,
2.16,1,0.018
2.17,1,0.012
2.18,1,0.012
2.19,1,0.013
2.20,1,0.017
2.21,1,0.024
2.22,1,0.034
2.23,1,0.045
2.24,1,0.055
2.25,1,0.062
2.26,1,0.069
2.27,1,0.074
2.28,1,0.078
2.29,1,0.088
2.30,1,0.098
2.31,1,0.102
2.32,1,0.100
2.33,1,0.098
2.34,1,0.093
2.35,1,0.087
2.36,1,0.090
2.37,1,0.102
2.38,1,0.103
2.39,1,0.116
2.40,1,0.169
2.41,1,0.294
2.42,1,0.633
2.43,1,0.907
2.44,1,1.218
2.45,1,1.871
2.46,1,2.608
2.47,1,0.327
2.48,1,0.255
2.49,1,0.209
2.50,1,0.131
2.51,1,0.092
2.52,1,0.072
2.53,1,0.061
2.54,1,0.054
2.55,1,0.051
2.56,1,0.058
2.57,1,0.065
2.58,1,0.072
2.59,1,0.073
2.60,1,0.072
2.61,1,0.078
2.62,1,0.081
2.63,1,0.078
2.64,1,0.078
2.65,1,0.079
2.66,1,0.088
2.67,1,0.111
2.68,1,0.131
2.69,1,0.138
2.70,1,0.144
2.71,1,0.143
2.72,1,0.122
2.73,1,0.105
2.74,1,0.099
2.75,1,0.088
2.76,1,0.091
2.77,1,0.088
2.78,1,0.080
2.79,1,0.073
2.80,1,0.078
2.81,1,0.083
2.82,1,0.093
2.83,1,0.101
2.84,1,0.103
2.85,1,0.099
2.86,1,0.095
2.87,1,0.098
2.88,1,0.096
2.89,1,0.106
2.90,1,0.103
2.91,1,0.105
2.92,1,0.098
2.93,1,0.103
2.94,1,0.103
2.95,1,0.110
2.96,1,0.112
2.97,1,0.113
2.98,1,0.120
2.99,1,0.128
3.00,1,0.140
3.01,1,0.151
3.02,1,0.167
3.03,1,0.176
3.04,1,0.167
3.05,1,0.172
3.06,1,0.163
3.07,1,0.168
3.08,1,0.167
3.09,1,0.171
3.10,1,0.168
3.11,1,0.162
3.12,1,0.147
3.13,1,0.140
3.14,1,0.115
3.15,1,0.094
3.16,1,0.085
3.17,1,0.099
3.18,1,0.111
3.19,1,0.121
3.20,1,0.145
3.21,1,0.144
3.22,1,0.139
3.23,1,0.132
3.24,1,0.124
3.25,1,0.113
3.26,1,0.108
3.27,1,0.094
3.28,1,0.097
3.29,1,0.095
3.30,1,0.088
3.31,1,0.092
3.32,1,0.097
3.33,1,0.110
3.34,1,0.128
3.35,1,0.153
3.36,1,0.176
3.37,1,0.192
3.38,1,0.195
3.39,1,0.192
3.40,1,0.185
3.41,1,0.170
3.42,1,0.157
3.43,1,0.162
3.44,1,0.158
3.45,1,0.142
3.46,1,0.135
3.47,1,0.132
3.48,1,0.127
3.49,1,0.122
3.50,1,0.120
3.51,1,0.122
3.52,1,0.124
3.53,1,0.131
3.54,1,0.133
3.55,1,0.133
3.56,1,0.128
3.57,1,0.125
3.58,1,0.118
3.59,1,0.119
3.60,1,0.126
3.61,1,0.129
3.62,1,0.128
3.63,1,0.129
3.64,1,0.131
3.65,1,0.126
3.66,1,0.127
3.67,1,0.126
3.68,1,0.130
3.69,1,0.140
3.70,1,0.153
3.71,1,0.156
3.72,1,0.152
3.73,1,0.145
3.74,1,0.136
3.75,1,0.125
3.76,1,0.126
3.77,1,0.134
3.78,1,0.144
3.79,1,0.151
3.80,1,0.156
3.81,1,0.152
3.82,1,0.146
3.83,1,0.143
3.84,1,0.144
3.85,1,0.145
3.86,1,0.139
3.87,1,0.130
3.88,1,0.138
3.89,1,0.137
3.90,1,0.148
3.91,1,0.164
3.92,1,0.165
3.93,1,0.173
3.94,1,0.180
3.95,1,0.173
3.96,1,0.196
3.97,1,0.195
3.98,1,0.174
3.99,1,0.179
4.00,1,0.154
4.01,1,0.128
4.02,1,0.128
4.03,1,0.125
4.04,1,0.112
4.05,1,0.112
4.06,1,0.111
4.07,1,0.107
4.08,1,0.116
4.09,1,0.121
4.10,1,0.122
4.11,1,0.132
4.12,1,0.125
4.13,1,0.146
4.14,1,0.171
4.15,1,0.164
4.16,1,0.169
4.17,1,0.183
4.18,1,0.187
4.19,1,0.247
4.20,1,0.381
4.21,1,1.196
4.22,1,1.612
4.23,1,0.421
4.24,1,0.228
4.25,1,0.194
4.26,1,0.182
4.27,1,0.169
4.28,1,0.183
4.29,1,0.201
4.30,1,0.209
4.31,1,0.200
4.32,1,0.209
4.33,1,0.200
4.34,1,0.189
4.35,1,0.192
4.36,1,0.189
4.37,1,0.204
4.38,1,0.241
4.39,1,0.205
4.40,1,0.150
4.41,1,0.118
4.42,1,0.086
4.43,1,0.077
4.44,1,0.090
4.45,1,0.122
4.46,1,0.135
4.47,1,0.141
4.48,1,0.150
4.49,1,0.145
4.50,1,0.124
4.51,1,0.114
4.52,1,0.124
4.53,1,0.128
4.54,1,0.141
4.55,1,0.138
4.56,1,0.138
4.57,1,0.124
4.58,1,0.108
4.59,1,0.087
4.60,1,0.103
4.61,1,0.127
4.62,1,0.154
4.63,1,0.191
4.64,1,0.277
4.65,1,0.489
4.66,1,0.672
4.67,1,0.980
4.68,1,1.188
4.69,1,0.843
4.70,1,0.479
4.71,1,0.416
4.72,1,0.377
4.73,1,0.378
4.74,1,0.422
4.75,1,0.511
4.76,1,0.526
4.77,1,0.594
4.78,1,0.700
4.79,1,0.720
4.80,1,0.793
4.81,1,0.992
4.82,1,1.052
4.83,1,0.963
4.84,1,0.914
4.85,1,0.501
4.86,1,0.298
4.87,1,0.231
4.88,1,0.163
4.89,1,0.116
4.90,1,0.064
4.91,1,0.041
4.92,1,0.032
4.93,1,0.028
4.94,1,0.031
4.95,1,0.038
4.96,1,0.045
4.97,1,0.048
4.98,1,0.047
4.99,1,0.040
5.00,1,0.036
5.01,1,0.033
5.02,1,0.034
5.03,1,0.039
5.04,1,0.046
5.05,1,0.045
5.06,1,0.050
5.07,1,0.056
5.08,1,0.055
5.09,1,0.061
5.10,1,0.073
5.11,1,0.090
5.12,1,0.110
5.13,1,0.109
5.14,1,0.102
5.15,1,0.097
5.16,1,0.087
5.17,1,0.079
5.18,1,0.081
5.19,1,0.074
5.20,1,0.073
5.21,1,0.080
5.22,1,0.092
5.23,1,0.105
5.24,1,0.113
5.25,1,0.122
5.26,1,0.124
5.27,1,0.117
5.28,1,0.116
5.29,1,0.134
5.30,1,0.141
5.31,1,0.144
5.32,1,0.138
5.33,1,0.122
5.34,1,0.100
5.35,1,0.097
5.36,1,0.102
5.37,1,0.107
5.38,1,0.118
5.39,1,0.128
5.40,1,0.127
5.41,1,0.124
5.42,1,0.127
5.43,1,0.130
5.44,1,0.132
5.45,1,0.136
5.46,1,0.133
5.47,1,0.119
5.48,1,0.110
5.49,1,0.100
5.50,1,0.106
5.51,1,0.111
5.52,1,0.111
5.53,1,0.105
5.54,1,0.103
5.55,1,0.090
5.56,1,0.085
5.57,1,0.084
5.58,1,0.093
5.59,1,0.092
5.60,1,0.095
5.61,1,0.095
5.62,1,0.097
5.63,1,0.095
5.64,1,0.096
5.65,1,0.093
5.66,1,0.087
5.67,1,0.090
5.68,1,0.087
5.69,1,0.082
5.70,1,0.087
5.71,1,0.091
5.72,1,0.090
5.73,1,0.096
5.74,1,0.111
5.75,1,0.112
5.76,1,0.108
5.77,1,0.104
5.78,1,0.110
5.79,1,0.111
5.80,1,0.141
5.81,1,0.160
5.82,1,0.180
5.83,1,0.161
5.84,1,0.150
5.85,1,0.139
5.86,1,0.134
5.87,1,0.120
5.88,1,0.126
5.89,1,0.120
5.90,1,0.113
5.91,1,0.098
5.92,1,0.095
5.93,1,0.093
5.94,1,0.089
5.95,1,0.091
5.96,1,0.102
5.97,1,0.119
5.98,1,0.134
5.99,1,0.137
6.00,1,0.135
6.01,1,0.139
6.02,1,0.135
6.03,1,0.142
6.04,1,0.146
6.05,1,0.146
6.06,1,0.146
6.07,1,0.154
6.08,1,0.155
6.09,1,0.163
6.10,1,0.179
6.11,1,0.192
6.12,1,0.184
6.13,1,0.174
6.14,1,0.164
6.15,1,0.156
6.16,1,0.143
6.17,1,0.149
6.18,1,0.154
6.19,1,0.166
6.20,1,0.176
6.21,1,0.187
6.22,1,0.189
6.23,1,0.195
6.24,1,0.196
6.25,1,0.184
6.26,1,0.176
6.27,1,0.176
6.28,1,0.169
6.29,1,0.159
6.30,1,0.163
6.31,1,0.164
6.32,1,0.151
6.33,1,0.131
6.34,1,0.119
6.35,1,0.104
6.36,1,0.100
6.37,1,0.101
6.38,1,0.114
6.39,1,0.126
6.40,1,0.144
6.41,1,0.160
6.42,1,0.167
6.43,1,0.166
6.44,1,0.173
6.45,1,0.169
6.46,1,0.163
6.47,1,0.164
6.48,1,0.163
6.49,1,0.157
6.50,1,0.156
6.51,1,0.158
6.52,1,0.162
6.53,1,0.161
6.54,1,0.153
6.55,1,0.146
6.56,1,0.142
6.57,1,0.128
6.58,1,0.119
6.59,1,0.118
6.60,1,0.116
6.61,1,0.118
6.62,1,0.124
6.63,1,0.128
6.64,1,0.124
6.65,1,0.120
6.66,1,0.117
6.67,1,0.120
6.68,1,0.121
6.69,1,0.120
6.70,1,0.120
6.71,1,0.115
6.72,1,0.111
6.73,1,0.135
6.74,1,0.175
6.75,1,0.243
6.76,1,0.303
6.77,1,0.185
6.78,1,0.143
6.79,1,0.133
6.80,1,0.120
6.81,1,0.121
6.82,1,0.124
6.83,1,0.119
6.84,1,0.110
6.85,1,0.104
6.86,1,0.102
6.87,1,0.097
6.88,1,0.107
6.89,1,0.128
6.90,1,0.150
6.91,1,0.182
6.92,1,0.245
6.93,1,0.172
6.94,1,0.134
6.95,1,0.122
6.96,1,0.117
6.97,1,0.116
6.98,1,0.133
6.99,1,0.147
7.00,1,0.150
7.01,1,0.153
7.02,1,0.152
7.03,1,0.153
7.04,1,0.151
7.05,1,0.147
7.06,1,0.145
7.07,1,0.140
7.08,1,0.137
7.09,1,0.135
7.10,1,0.130
7.11,1,0.125
7.12,1,0.132
7.13,1,0.132
7.14,1,0.138
7.15,1,0.150
7.16,1,0.157
7.17,1,0.167
7.18,1,0.219
7.19,1,0.286
7.20,1,0.487
7.21,1,1.431
7.22,1,1.282
7.23,1,0.997
7.24,1,0.857
7.25,1,0.734
7.26,1,0.655
7.27,1,0.606
7.28,1,0.616
7.29,1,0.621
7.30,1,0.603
7.31,1,0.659
7.32,1,0.803
7.33,1,0.983
7.34,1,1.172
7.35,1,1.315
7.36,1,1.300
7.37,1,1.146
7.38,1,0.640
7.39,1,0.190
7.40,1,0.140
7.41,1,0.121
7.42,1,0.089
7.43,1,0.084
7.44,1,0.090
7.45,1,0.082
7.46,1,0.073
7.47,1,0.068
7.48,1,0.055
7.49,1,0.044
7.50,1,0.037
7.51,1,0.034
7.52,1,0.032
7.53,1,0.031
7.54,1,0.031
7.55,1,0.031
7.56,1,0.032
7.57,1,0.035
7.58,1,0.038
7.59,1,0.039
7.60,1,0.048
7.61,1,0.062
7.62,1,0.068
7.63,1,0.078
7.64,1,0.083
7.65,1,0.084
7.66,1,0.080
7.67,1,0.080
7.68,1,0.080
7.69,1,0.081
7.70,1,0.091
7.71,1,0.100
7.72,1,0.104
7.73,1,0.114
7.74,1,0.116
7.75,1,0.117
7.76,1,0.118
7.77,1,0.128
7.78,1,0.138
7.79,1,0.144
7.80,1,0.149
7.81,1,0.157
7.82,1,0.182
7.83,1,0.199
7.84,1,0.270
7.85,1,0.427
7.86,1,0.518
7.87,1,0.202
7.88,1,0.139
7.89,1,0.112
7.90,1,0.092
7.91,1,0.080
7.92,1,0.078
7.93,1,0.075
7.94,1,0.075
7.95,1,0.077
7.96,1,0.080
7.97,1,0.080
7.98,1,0.079
7.99,1,0.080
8.00,1,0.084
8.01,1,0.086
8.02,1,0.089
8.03,1,0.092
8.04,1,0.097
8.05,1,0.098
8.06,1,0.102
8.07,1,0.109
8.08,1,0.114
8.09,1,0.120
8.10,1,0.132
8.11,1,0.145
8.12,1,0.152
8.13,1,0.168
8.14,1,0.176
8.15,1,0.184
8.16,1,0.195
8.17,1,0.233
8.18,1,0.256
8.19,1,0.217
8.20,1,0.162
8.21,1,0.129
8.22,1,0.108
8.23,1,0.103
8.24,1,0.117
8.25,1,0.125
8.26,1,0.125
8.27,1,0.124
8.28,1,0.129
8.29,1,0.123
8.30,1,0.128
8.31,1,0.131
8.32,1,0.127
8.33,1,0.121
8.34,1,0.120
8.35,1,0.118
8.36,1,0.126
8.37,1,0.134
8.38,1,0.160
8.39,1,0.196
8.40,1,0.257
8.41,1,0.523
8.42,1,1.119
8.43,1,1.154
8.44,1,1.313
8.45,1,1.534
8.46,1,1.671
8.47,1,1.682
8.48,1,1.130
8.49,1,0.227
8.50,1,0.144
8.51,1,0.102
8.52,1,0.088
8.53,1,0.085
8.54,1,0.092
8.55,1,0.099
8.56,1,0.113
8.57,1,0.118
8.58,1,0.134
8.59,1,0.137
8.60,1,0.142
8.61,1,0.136
8.62,1,0.115
8.63,1,0.112
8.64,1,0.102
8.65,1,0.108
8.66,1,0.112
8.67,1,0.134
8.68,1,0.157
8.69,1,0.190
8.70,1,0.224
8.71,1,0.229
8.72,1,0.255
8.73,1,0.300
8.74,1,0.273
8.75,1,0.249
8.76,1,0.248
8.77,1,0.230
8.78,1,0.193
8.79,1,0.178
8.80,1,0.184
8.81,1,0.189
8.82,1,0.174
8.83,1,0.152
8.84,1,0.127
8.85,1,0.115
8.86,1,0.105
8.87,1,0.095
8.88,1,0.095
8.89,1,0.105
8.90,1,0.128
8.91,1,0.131
8.92,1,0.148
8.93,1,0.164
8.94,1,0.152
8.95,1,0.139
8.96,1,0.129
8.97,1,0.113
8.98,1,0.103
8.99,1,0.095
9.00,1,0.098
9.01,1,0.099
9.02,1,0.097
9.03,1,0.094
9.04,1,0.094
9.05,1,0.091
9.06,1,0.102
9.07,1,0.119
9.08,1,0.134
9.09,1,0.151
9.10,1,0.174
9.11,1,0.207
9.12,1,0.213
9.13,1,0.178
9.14,1,0.148
9.15,1,0.131
9.16,1,0.112
9.17,1,0.107
9.18,1,0.112
9.19,1,0.114
9.20,1,0.116
9.21,1,0.117
9.22,1,0.125
9.23,1,0.135
9.24,1,0.139
9.25,1,0.140
9.26,1,0.138
9.27,1,0.139
9.28,1,0.137
9.29,1,0.150
9.30,1,0.154
9.31,1,0.157
9.32,1,0.156
9.33,1,0.149
9.34,1,0.140
9.35,1,0.140
9.36,1,0.154
9.37,1,0.163
9.38,1,0.188
9.39,1,0.195
9.40,1,0.197
9.41,1,0.201
9.42,1,0.207
9.43,1,0.198
9.44,1,0.165
9.45,1,0.136
9.46,1,0.119
9.47,1,0.105
9.48,1,0.097
9.49,1,0.102
9.50,1,0.104
9.51,1,0.119
9.52,1,0.124
9.53,1,0.132
9.54,1,0.143
9.55,1,0.159
9.56,1,0.165
9.57,1,0.179
9.58,1,0.168
9.59,1,0.150
9.60,1,0.116
9.61,1,0.100
9.62,1,0.090
9.63,1,0.088
9.64,1,0.094
9.65,1,0.098
9.66,1,0.110
9.67,1,0.116
9.68,1,0.118
9.69,1,0.121
9.70,1,0.128
9.71,1,0.135
9.72,1,0.150
9.73,1,0.194
9.74,1,0.217
9.75,1,0.251
9.76,1,0.219
9.77,1,0.167
9.78,1,0.117
9.79,1,0.102
9.80,1,0.090
9.81,1,0.093
9.82,1,0.101
9.83,1,0.106
9.84,1,0.106
9.85,1,0.109
9.86,1,0.122
9.87,1,0.125
9.88,1,0.137
9.89,1,0.151
9.90,1,0.171
9.91,1,0.179
9.92,1,0.194
9.93,1,0.196
9.94,1,0.190
9.95,1,0.181
9.96,1,0.173
9.97,1,0.204
9.98,1,0.245
9.99,1,0.311
10.00,1,0.520
10.01,1,1.197
10.02,1,1.211
10.03,1,1.188
10.04,1,1.379
10.05,1,1.480
10.06,1,0.548
10.07,1,0.432
10.08,1,0.187
10.09,1,0.138
10.10,1,0.106
10.11,1,0.088
10.12,1,0.085
10.13,1,0.084
10.14,1,0.097
10.15,1,0.106
10.16,1,0.115
10.17,1,0.125
10.18,1,0.139
10.19,1,0.133
10.20,1,0.132
10.21,1,0.137
10.22,1,0.131
10.23,1,0.132
10.24,1,0.162
10.25,1,0.160
10.26,1,0.150
10.27,1,0.134
10.28,1,0.120
10.29,1,0.105
10.30,1,0.112
10.31,1,0.122
10.32,1,0.134
10.33,1,0.145
10.34,1,0.148
10.35,1,0.138
10.36,1,0.147
10.37,1,0.140
10.38,1,0.138
10.39,1,0.143
10.40,1,0.133
10.41,1,0.125
10.42,1,0.118
10.43,1,0.113
10.44,1,0.115
10.45,1,0.117
10.46,1,0.117
10.47,1,0.115
10.48,1,0.108
10.49,1,0.104
10.50,1,0.129
10.51,1,0.141
10.52,1,0.158
10.53,1,0.167
10.54,1,0.175
10.55,1,0.163
10.56,1,0.153
10.57,1,0.157
10.58,1,0.169
10.59,1,0.155
10.60,1,0.161
10.61,1,0.166
10.62,1,0.175
10.63,1,0.199
10.64,1,0.268
10.65,1,0.402
10.66,1,0.783
10.67,1,1.385
10.68,1,1.450
10.69,1,1.218
10.70,1,0.962
10.71,1,0.203
10.72,1,0.127
10.73,1,0.114
10.74,1,0.102
10.75,1,0.095
10.76,1,0.102
10.77,1,0.105
10.78,1,0.111
10.79,1,0.116
10.80,1,0.118
10.81,1,0.119
10.82,1,0.124
10.83,1,0.121
10.84,1,0.120
10.85,1,0.115
10.86,1,0.101
10.87,1,0.097
10.88,1,0.098
10.89,1,0.107
10.90,1,0.112
10.91,1,0.123
10.92,1,0.134
10.93,1,0.142
10.94,1,0.141
10.95,1,0.157
10.96,1,0.184
10.97,1,0.205
10.98,1,0.273
10.99,1,0.464
11.00,1,1.057
11.01,1,1.271
11.02,1,1.089
11.03,1,0.922
11.04,1,0.723
11.05,1,0.648
11.06,1,0.629
11.07,1,0.629
11.08,1,0.703
11.09,1,0.882
11.10,1,1.028
11.11,1,1.119
11.12,1,1.317
11.13,1,0.865
11.14,1,0.276
11.15,1,0.186
11.16,1,0.119
11.17,1,0.093
11.18,1,0.075
11.19,1,0.071
11.20,1,0.073
11.21,1,0.073
11.22,1,0.073
11.23,1,0.066
11.24,1,0.052
11.25,1,0.044
11.26,1,0.034
11.27,1,0.031
11.28,1,0.030
11.29,1,0.032
11.30,1,0.036
11.31,1,0.042
11.32,1,0.045
11.33,1,0.046
11.34,1,0.046
11.35,1,0.056
11.36,1,0.061
11.37,1,0.067
11.38,1,0.078
11.39,1,0.090
11.40,1,0.087
11.41,1,0.091
11.42,1,0.094
11.43,1,0.099
11.44,1,0.108
11.45,1,0.110
11.46,1,0.114
11.47,1,0.114
11.48,1,0.112
11.49,1,0.123
11.50,1,0.135
11.51,1,0.145
11.52,1,0.163
11.53,1,0.171
11.54,1,0.159
11.55,1,0.167
11.56,1,0.172
11.57,1,0.163
11.58,1,0.167
11.59,1,0.169
11.60,1,0.177
11.61,1,0.176
11.62,1,0.187
11.63,1,0.208
11.64,1,0.208
11.65,1,0.190
11.66,1,0.178
11.67,1,0.157
11.68,1,0.127
11.69,1,0.122
11.70,1,0.126
11.71,1,0.123
11.72,1,0.131
11.73,1,0.140
11.74,1,0.139
11.75,1,0.145
11.76,1,0.146
11.77,1,0.152
11.78,1,0.151
11.79,1,0.152
11.80,1,0.152
11.81,1,0.146
11.82,1,0.145
11.83,1,0.149
11.84,1,0.139
11.85,1,0.137
11.86,1,0.133
11.87,1,0.137
11.88,1,0.135
11.89,1,0.130
11.90,1,0.114
11.91,1,0.098
11.92,1,0.094
11.93,1,0.099
11.94,1,0.121
11.95,1,0.149
11.96,1,0.165
11.97,1,0.162
11.98,1,0.137
11.99,1,0.109
12.00,1,0.105
12.01,1,0.103
12.02,1,0.104
12.03,1,0.115
12.04,1,0.133
12.05,1,0.138
12.06,1,0.140
12.07,1,0.142
12.08,1,0.137
12.09,1,0.132
12.10,1,0.129
12.11,1,0.121
12.12,1,0.113
12.13,1,0.105
12.14,1,0.100
12.15,1,0.096
12.16,1,0.097
12.17,1,0.106
12.18,1,0.114
12.19,1,0.126
12.20,1,0.166
12.21,1,0.202
12.22,1,0.211
12.23,1,0.246
12.24,1,0.243
12.25,1,0.222
12.26,1,0.205
12.27,1,0.174
12.28,1,0.170
12.29,1,0.144
12.30,1,0.108
12.31,1,0.086
12.32,1,0.074
12.33,1,0.070
12.34,1,0.063
12.35,1,0.067
12.36,1,0.071
12.37,1,0.073
12.38,1,0.075
12.39,1,0.077
12.40,1,0.076
12.41,1,0.076
12.42,1,0.074
12.43,1,0.070
12.44,1,0.071
12.45,1,0.072
12.46,1,0.074
12.47,1,0.084
12.48,1,0.093
12.49,1,0.115
12.50,1,0.145
12.51,1,0.184
12.52,1,0.282
12.53,1,0.855
12.54,1,1.031
12.55,1,1.013
12.56,1,1.078
12.57,1,1.165
12.58,1,1.249
12.59,1,1.237
12.60,1,0.768
12.61,1,0.191
12.62,1,0.124
12.63,1,0.099
12.64,1,0.086
12.65,1,0.072
12.66,1,0.074
12.67,1,0.074
12.68,1,0.074
12.69,1,0.076
12.70,1,0.074
12.71,1,0.075
12.72,1,0.073
12.73,1,0.071
12.74,1,0.074
12.75,1,0.076
12.76,1,0.075
12.77,1,0.076
12.78,1,0.075
12.79,1,0.074
12.80,1,0.078
12.81,1,0.081
12.82,1,0.081
12.83,1,0.087
12.84,1,0.088
12.85,1,0.091
12.86,1,0.101
12.87,1,0.108
12.88,1,0.111
12.89,1,0.113
12.90,1,0.106
12.91,1,0.098
12.92,1,0.094
12.93,1,0.097
12.94,1,0.099
12.95,1,0.112
12.96,1,0.133
12.97,1,0.166
12.98,1,0.222
12.99,1,0.589
13.00,1,1.006
13.01,1,1.685
13.02,1,1.916
13.03,1,1.889
13.04,1,1.926
13.05,1,1.828
13.06,1,1.676
13.07,1,1.592
13.08,1,0.514
13.09,1,0.140
13.10,1,0.097
13.11,1,0.085
13.12,1,0.078
13.13,1,0.077
13.14,1,0.086
13.15,1,0.095
13.16,1,0.098
13.17,1,0.100
13.18,1,0.104
13.19,1,0.107
13.20,1,0.117
13.21,1,0.126
13.22,1,0.127
13.23,1,0.130
13.24,1,0.131
13.25,1,0.108
13.26,1,0.103
13.27,1,0.089
13.28,1,0.078
13.29,1,0.075
13.30,1,0.079
13.31,1,0.088
13.32,1,0.095
13.33,1,0.099
13.34,1,0.100
13.35,1,0.098
13.36,1,0.099
13.37,1,0.104
13.38,1,0.109
13.39,1,0.107
13.40,1,0.108
13.41,1,0.104
13.42,1,0.100
13.43,1,0.101
13.44,1,0.104
13.45,1,0.105
13.46,1,0.102
13.47,1,0.109
13.48,1,0.110
13.49,1,0.113
13.50,1,0.118
13.51,1,0.116
13.52,1,0.122
13.53,1,0.120
13.54,1,0.116
13.55,1,0.117
13.56,1,0.109
13.57,1,0.097
13.58,1,0.095
13.59,1,0.091
13.60,1,0.101
13.61,1,0.105
13.62,1,0.114
13.63,1,0.124
13.64,1,0.123
13.65,1,0.119
13.66,1,0.124
13.67,1,0.119
13.68,1,0.121
13.69,1,0.121
13.70,1,0.119
13.71,1,0.123
13.72,1,0.120
13.73,1,0.120
13.74,1,0.122
13.75,1,0.118
13.76,1,0.120
13.77,1,0.125
13.78,1,0.129
13.79,1,0.128
13.80,1,0.129
13.81,1,0.123
13.82,1,0.118
13.83,1,0.114
13.84,1,0.121
13.85,1,0.137
13.86,1,0.142
13.87,1,0.142
13.88,1,0.139
13.89,1,0.128
13.90,1,0.114
13.91,1,0.105
13.92,1,0.105
13.93,1,0.104
13.94,1,0.110
13.95,1,0.117
13.96,1,0.114
13.97,1,0.111
13.98,1,0.120
13.99,1,0.130
14.00,1,0.129
14.01,1,0.134
14.02,1,0.133
14.03,1,0.122
14.04,1,0.120
14.05,1,0.128
14.06,1,0.136
14.07,1,0.137
14.08,1,0.135
14.09,1,0.135
14.10,1,0.126
14.11,1,0.132
14.12,1,0.140
14.13,1,0.144
14.14,1,0.153
14.15,1,0.162
14.16,1,0.166
14.17,1,0.164
14.18,1,0.166
14.19,1,0.158
14.20,1,0.156
14.21,1,0.153
14.22,1,0.169
14.23,1,0.166
14.24,1,0.173
14.25,1,0.178
14.26,1,0.163
14.27,1,0.150
14.28,1,0.147
14.29,1,0.143
14.30,1,0.148
14.31,1,0.152
14.32,1,0.160
14.33,1,0.162
14.34,1,0.165
14.35,1,0.177
14.36,1,0.196
14.37,1,0.218
14.38,1,0.225
14.39,1,0.229
14.40,1,0.219
14.41,1,0.196
14.42,1,0.173
14.43,1,0.167
14.44,1,0.166
14.45,1,0.174
14.46,1,0.187
14.47,1,0.189
14.48,1,0.182
14.49,1,0.180
14.50,1,0.178
14.51,1,0.170
14.52,1,0.171
14.53,1,0.164
14.54,1,0.157
14.55,1,0.181
14.56,1,0.302
14.57,1,0.412
14.58,1,0.464
14.59,1,0.479
14.60,1,0.448
14.61,1,0.371
14.62,1,0.297
14.63,1,0.258
14.64,1,0.249
14.65,1,0.244
14.66,1,0.223
14.67,1,0.197
14.68,1,0.183
14.69,1,0.168
14.70,1,0.161
14.71,1,0.174
14.72,1,0.195
14.73,1,0.193
14.74,1,0.200
14.75,1,0.209
14.76,1,0.205
14.77,1,0.192
14.78,1,0.225
14.79,1,0.194
14.80,1,0.142
14.81,1,0.131
14.82,1,0.107
14.83,1,0.085
14.84,1,0.068
14.85,1,0.058
14.86,1,0.061
14.87,1,0.076
14.88,1,0.103
14.89,1,0.161
14.90,1,0.239
14.91,1,0.339
14.92,1,0.447
14.93,1,0.551
14.94,1,0.549
14.95,1,0.474
14.96,1,0.407
14.97,1,0.388
14.98,0,
14.99,0,
15.00,0,
15.01,0,
15.02,0,
15.03,0,
15.04,0,
15.05,0,
15.06,0,
15.07,0,
15.08,0,
15.09,0,
15.10,0,
15.11,0,
15.12,0,
15.13,0,
15.14,0,
15.15,0,
15.16,0,
15.17,0,
15.18,0,
15.19,0,
15.20,0,
15.21,0,
15.22,0,
15.23,0,
15.24,0,
15.25,0,
15.26,0,
15.27,0,
15.28,0,
15.29,0,
15.30,0,
15.31,0,
15.32,0,
15.33,0,
15.34,0,
15.35,0,
15.36,0,
15.37,0,
15.38,0,
15.39,0,
15.40,0,
15.41,0,
15.42,0,
15.43,0,
15.44,0,
15.45,0,
15.46,0,
15.47,0,
15.48,0,
15.49,0,
15.50,0,
15.51,0,
15.52,0,
15.53,0,
15.54,0,
15.55,0,
15.56,0,
15.57,0,
15.58,0,
15.59,0,
15.60,0,
15.61,0,
15.62,0,
15.63,0,
15.64,0,
15.65,0,
15.66,0,
15.67,0,
15.68,0,
15.69,0,
15.70,0,
15.71,0,
15.72,0,
15.73,0,
15.74,0,
15.75,0,
15.76,0,
15.77,0,
15.78,0,
15.79,0,
15.80,0,
15.81,0,
15.82,0,
15.83,0,
15.84,0,
15.85,0,
15.86,0,
15.87,0,
15.88,0,
15.89,0,
15.90,0,
15.91,0,
15.92,0,
15.93,0,
15.94,0,
15.95,0,
15.96,0,
15.97,0,
15.98,0,
15.99,0,
16.00,0,
16.01,0,
16.02,0,
16.03,0,
16.04,0,
16.05,0,
16.06,0,
16.07,0,
16.08,0,
16.09,0,
16.10,0,
16.11,0,
16.12,0,
16.13,0,
16.14,0,
16.15,0,
16.16,0,
16.17,0,
16.18,0,
16.19,0,
16.20,0,
16.21,0,
16.22,0,
16.23,0,
16.24,0,
16.25,0,
16.26,0,
16.27,0,
16.28,0,
16.29,0,
16.30,0,
16.31,0,
16.32,0,
16.33,0,
16.34,0,
16.35,0,
16.36,0,
16.37,0,
16.38,0,
16.39,0,
16.40,0,
16.41,0,
16.42,0,
16.43,0,
16.44,0,
16.45,0,
16.46,0,
16.47,0,
16.48,0,
16.49,0,
16.50,0,
16.51,0,
16.52,0,
16.53,0,
16.54,0,
16.55,0,
16.56,0,
16.57,0,
16.58,0,
16.59,0,
16.60,0,
16.61,0,
16.62,0,
16.63,0,
16.64,0,
16.65,0,
16.66,0,
16.67,0,
16.68,0,
16.69,0,
16.70,0,
16.71,0,
16.72,0,
16.73,0,
16.74,0,
16.75,0,
16.76,0,
16.77,0,
16.78,0,
16.79,0,
16.80,0,
16.81,0,
16.82,0,
16.83,0,
16.84,0,
16.85,0,
16.86,0,
16.87,0,
16.88,0,
16.89,0,
16.90,0,
16.91,0,
16.92,0,
16.93,0,
16.94,0,
16.95,0,
16.96,0,
16.97,0,
16.98,0,
16.99,0,
17.00,0,
17.01,0,
17.02,0,
17.03,0,
17.04,0,
17.05,0,
17.06,0,
17.07,0,
17.08,0,
17.09,0,
17.10,0,
17.11,0,
17.12,0,
17.13,0,
17.14,0,
17.15,0,
17.16,0,
17.17,0,
17.18,0,
17.19,0,
17.20,0,
17.21,0,
17.22,0,
17.23,0,
17.24,0,
17.25,0,
17.26,0,
17.27,0,
17.28,0,
17.29,0,
17.30,0,
17.31,0,
17.32,0,
17.33,0,
17.34,0,
17.35,0,
17.36,0,
17.37,0,
17.38,0,
17.39,0,
17.40,0,
17.41,0,
17.42,0,
17.43,0,
17.44,0,
17.45,0,
17.46,0,
17.47,0,
17.48,0,
17.49,0,
17.50,0,
17.51,0,
17.52,0,
17.53,0,
17.54,0,
17.55,0,
17.56,0,
17.57,0,
17.58,0,
17.59,0,
17.60,0,
17.61,0,
17.62,0,
17.63,0,
17.64,0,
17.65,0,
17.66,0,
17.67,0,
17.68,0,
17.69,0,
17.70,0,
17.71,0,
17.72,0,
17.73,0,
17.74,0,
17.75,0,
17.76,0,
17.77,0,
17.78,0,
17.79,0,
17.80,0,
17.81,0,
17.82,0,
17.83,0,
17.84,0,
17.85,0,
17.86,0,
17.87,0,
17.88,0,
17.89,0,
17.90,0,
17.91,0,
17.92,0,
17.93,0,
17.94,0,
17.95,0,
17.96,0,
17.97,0,
17.98,0,
17.99,0,
18.00,0,
18.01,0,
18.02,0,
18.03,0,
18.04,0,
18.05,0,
18.06,0,
18.07,0,
18.08,0,
18.09,0,
18.10,0,
18.11,0,
18.12,0,
18.13,0,
18.14,0,
18.15,0,
18.16,0,
18.17,0,
18.18,0,
18.19,0,
18.20,0,
18.21,0,
18.22,0,
18.23,0,
18.24,0,
18.25,0,
18.26,0,
18.27,0,
18.28,0,
18.29,0,
18.30,0,
18.31,0,
18.32,0,
18.33,0,
18.34,0,
18.35,0,
18.36,0,
18.37,0,
18.38,0,
18.39,0,
18.40,0,
18.41,0,
18.42,0,
18.43,0,
18.44,0,
18.45,0,
18.46,0,
18.47,0,
18.48,0,
18.49,0,
18.50,0,
18.51,0,
18.52,0,
18.53,0,
18.54,0,
18.55,0,
18.56,0,
18.57,0,
18.58,0,
18.59,0,
18.60,0,
18.61,0,
18.62,0,
18.63,0,
18.64,0,
18.65,0,
18.66,0,
18.67,0,
18.68,0,
18.69,0,
18.70,0,
18.71,0,
18.72,0,
18.73,0,
18.74,0,
18.75,0,
18.76,0,
18.77,0,
18.78,0,
18.79,0,
18.80,0,
18.81,0,
18.82,0,
18.83,0,
18.84,0,
18.85,0,
18.86,0,
18.87,0,
18.88,0,
18.89,0,
18.90,0,
18.91,0,
18.92,0,
18.93,0,
18.94,0,
18.95,0,
18.96,0,
18.97,0,
18.98,0,
18.99,0,
19.00,0,
19.01,0,
19.02,0,
19.03,0,
19.04,0,
19.05,0,
19.06,0,
19.07,0,
19.08,0,
19.09,0,
19.10,0,
19.11,0,
19.12,0,
19.13,0,
19.14,0,
19.15,0,
19.16,0,
19.17,0,
19.18,0,
19.19,0,
19.20,0,
19.21,0,
19.22,0,
19.23,0,
19.24,0,
19.25,0,
19.26,0,
19.27,0,
19.28,0,
19.29,0,
19.30,0,
19.31,0,
19.32,0,
19.33,0,
19.34,0,
19.35,0,
19.36,0,
19.37,0,
19.38,0,
19.39,0,
19.40,0,
19.41,0,
19.42,0,
19.43,0,
19.44,0,
19.45,0,
19.46,0,
19.47,0,
19.48,0,
19.49,0,
19.50,0,
19.51,0,
19.52,0,
19.53,0,
19.54,0,
19.55,0,
19.56,0,
19.57,0,
19.58,0,
19.59,0,
19.60,0,
19.61,0,
19.62,0,
19.63,0,
19.64,0,
19.65,0,
19.66,0,
19.67,0,
19.68,0,
19.69,0,
19.70,0,
19.71,0,
19.72,0,
19.73,0,
19.74,0,
19.75,0,
19.76,0,
19.77,0,
19.78,0,
19.79,0,
19.80,0,
19.81,0,
19.82,0,
19.83,0,
19.84,0,
19.85,0,
19.86,0,
19.87,0,
19.88,0,
19.89,0,
19.90,0,
19.91,0,
19.92,0,
19.93,0,
19.94,0,
19.95,0,
19.96,0,
19.97,0,
19.98,0,
19.99,0,
20.00,0,
20.01,0,
20.02,0,
20.03,0,
20.04,0,
20.05,0,
20.06,0,
20.07,0,
20.08,0,
20.09,0,
20.10,0,
20.11,0,
20.12,0,
20.13,0,
20.14,0,
20.15,0,
20.16,0,
20.17,0,
20.18,0,
20.19,0,
20.20,0,
20.21,0,
20.22,0,
20.23,0,
20.24,0,
20.25,0,
20.26,0,
20.27,0,
20.28,0,
20.29,0,
20.30,0,
20.31,0,
20.32,0,
20.33,0,
20.34,0,
20.35,0,
20.36,0,
20.37,0,
20.38,0,
20.39,0,
20.40,0,
20.41,0,
20.42,0,
20.43,0,
20.44,0,
20.45,0,
20.46,0,
20.47,0,
20.48,0,
20.49,0,
20.50,0,
20.51,0,
20.52,0,
20.53,0,
20.54,0,
20.55,0,
20.56,0,
20.57,0,
20.58,0,
20.59,0,
20.60,0,
20.61,0,
20.62,0,
20.63,0,
20.64,0,
20.65,0,
20.66,0,
20.67,0,
20.68,0,
20.69,0,
20.70,0,
20.71,0,
20.72,0,
20.73,0,
20.74,0,
20.75,0,
20.76,0,
20.77,0,
20.78,0,
20.79,0,
20.80,0,
20.81,0,
20.82,0,
20.83,0,
20.84,0,
20.85,0,
20.86,0,
20.87,0,
20.88,0,
20.89,0,
20.90,0,
20.91,0,
20.92,0,
20.93,0,
20.94,0,
20.95,0,
20.96,0,
20.97,0,
20.98,0,
20.99,0,
21.00,0,
21.01,0,
21.02,0,
21.03,0,
21.04,0,
21.05,0,
21.06,0,
21.07,0,
21.08,0,
21.09,0,
21.10,0,
21.11,0,
21.12,0,
21.13,0,
21.14,0,
21.15,0,
21.16,0,
21.17,0,
21.18,0,
21.19,0,
21.20,0,
21.21,0,
21.22,0,
21.23,0,
21.24,0,
21.25,0,
21.26,0,
21.27,0,
21.28,0,
21.29,0,
21.30,0,
21.31,0,
21.32,0,
21.33,0,
21.34,0,
21.35,0,
21.36,0,
21.37,0,
21.38,0,
21.39,0,
21.40,0,
21.41,0,
21.42,0,
21.43,0,
21.44,0,
21.45,0,
21.46,0,
21.47,0,
21.48,0,
21.49,0,
21.50,0,
21.51,0,
21.52,0,
21.53,0,
21.54,0,
21.55,0,
21.56,0,
21.57,0,
21.58,0,
21.59,0,
21.60,0,
21.61,0,
21.62,0,
21.63,0,
21.64,0,
21.65,0,
21.66,0,
21.67,0,
21.68,0,
21.69,0,
21.70,0,
21.71,0,
21.72,0,
21.73,0,
21.74,0,
21.75,0,
21.76,0,
21.77,0,
21.78,0,
21.79,0,
21.80,0,
21.81,0,
21.82,0,
21.83,0,
21.84,0,
21.85,0,
21.86,0,
21.87,0,
21.88,0,
21.89,0,
21.90,0,
21.91,0,
21.92,0,
21.93,0,
21.94,0,
21.95,0,
21.96,0,
21.97,0,
21.98,0,
21.99,0,
22.00,0,
22.01,0,
22.02,0,
22.03,0,
22.04,0,
22.05,0,
22.06,0,
22.07,0,
22.08,0,
22.09,0,
22.10,0,
22.11,0,
22.12,0,
22.13,0,
22.14,0,
22.15,0,
22.16,0,
22.17,0,
22.18,0,
22.19,0,
22.20,0,
22.21,0,
22.22,0,
22.23,0,
22.24,0,
22.25,0,
22.26,0,
22.27,0,
22.28,0,
22.29,0,
22.30,0,
22.31,0,
22.32,0,
22.33,0,
22.34,0,
22.35,0,
22.36,0,
22.37,0,
22.38,0,
22.39,0,
22.40,0,
22.41,0,
22.42,0,
22.43,0,
22.44,0,
22.45,0,
22.46,0,
22.47,0,
22.48,0,
22.49,0,
22.50,0,
22.51,0,
22.52,0,
22.53,0,
22.54,0,
22.55,0,
22.56,0,
22.57,0,
22.58,0,
22.59,0,
22.60,0,
22.61,0,
22.62,0,
22.63,0,
22.64,0,
22.65,0,
22.66,0,
22.67,0,
22.68,0,
22.69,0,
22.70,0,
22.71,0,
22.72,0,
22.73,0,
22.74,0,
22.75,0,
22.76,0,
22.77,0,
22.78,0,
22.79,0,
22.80,0,
22.81,0,
22.82,0,
22.83,0,
22.84,0,
22.85,0,
22.86,0,
22.87,0,
22.88,0,
22.89,0,
22.90,0,
22.91,0,
22.92,0,
22.93,0,
22.94,0,
22.95,0,
22.96,0,
22.97,0,
22.98,0,
22.99,0,
23.00,0,
23.01,0,
23.02,0,
23.03,0,
23.04,0,
23.05,0,
23.06,0,
23.07,0,
23.08,0,
23.09,0,
23.10,0,
23.11,0,
23.12,0,
23.13,0,
23.14,0,
23.15,0,
23.16,0,
23.17,0,
23.18,0,
23.19,0,
23.20,0,
23.21,0,
23.22,0,
23.23,0,
23.24,0,
23.25,0,
23.26,0,
23.27,0,
23.28,0,
23.29,0,
23.30,0,
23.31,0,
23.32,0,
23.33,0,
23.34,0,
23.35,0,
23.36,0,
23.37,0,
23.38,0,
23.39,0,
23.40,0,
23.41,0,
23.42,0,
23.43,0,
23.44,0,
23.45,0,
23.46,0,
23.47,0,
23.48,0,
23.49,0,
23.50,0,
23.51,0,
23.52,0,
23.53,0,
23.54,0,
23.55,0,
23.56,0,
23.57,0,
23.58,0,
23.59,0,
23.60,0,
23.61,0,
23.62,0,
23.63,0,
23.64,0,
23.65,0,
23.66,0,
23.67,0,
23.68,0,
23.69,0,
23.70,0,
23.71,0,
23.72,0,
23.73,0,
23.74,0,
23.75,0,
23.76,0,
23.77,0,
23.78,0,
23.79,0,
23.80,0,
23.81,0,
23.82,0,
23.83,0,
23.84,0,
23.85,0,
23.86,0,
23.87,0,
23.88,0,
23.89,0,
23.90,0,
23.91,0,
23.92,0,
23.93,0,
23.94,0,
23.95,0,
23.96,0,
23.97,0,
23.98,0,
23.99,0,
24.00,0,
24.01,0,
24.02,0,
24.03,0,
24.04,0,
24.05,0,
24.06,0,
24.07,0,
24.08,0,
24.09,0,
24.10,0,
24.11,0,
24.12,0,
24.13,0,
24.14,0,
24.15,0,
24.16,0,
24.17,0,
24.18,0,
24.19,0,
24.20,0,
24.21,0,
24.22,0,
24.23,0,
24.24,0,
24.25,0,
24.26,0,
24.27,0,
24.28,0,
24.29,0,
24.30,0,
24.31,0,
24.32,0,
24.33,0,
24.34,0,
24.35,0,
24.36,0,
24.37,0,
24.38,0,
24.39,0,
24.40,0,
24.41,0,
24.42,0,
24.43,0,
24.44,0,
24.45,0,
24.46,0,
24.47,0,
24.48,0,
24.49,0,
24.50,0,
24.51,0,
24.52,0,
24.53,0,
24.54,0,
24.55,0,
24.56,0,
24.57,0,
24.58,0,
24.59,0,
24.60,0,
24.61,0,
24.62,0,
24.63,0,
24.64,0,
24.65,0,
24.66,0,
24.67,0,
24.68,0,
24.69,0,
24.70,0,
24.71,0,
24.72,0,
24.73,0,
24.74,0,
24.75,0,
24.76,0,
24.77,0,
24.78,0,
24.79,0,
24.80,0,
24.81,0,
24.82,0,
24.83,0,
24.84,0,
24.85,0,
24.86,0,
24.87,0,
24.88,0,
24.89,0,
24.90,0,
24.91,0,
24.92,0,
24.93,0,
24.94,0,
24.95,0,
24.96,0,
24.97,0,
24.98,0,
24.99,0,
25.00,0,
25.01,0,
25.02,0,
25.03,1,0.452
25.04,1,0.266
25.05,1,0.121
25.06,1,0.084
25.07,1,0.101
25.08,1,0.124
25.09,1,0.133
25.10,1,0.128
25.11,1,0.169
25.12,1,0.186
25.13,1,0.196
25.14,1,0.215
25.15,1,0.224
25.16,1,0.230
25.17,1,0.242
25.18,1,0.271
25.19,1,0.295
25.20,1,0.325
25.21,1,0.380
25.22,1,0.386
25.23,1,0.288
25.24,1,0.208
25.25,1,0.185
25.26,1,0.149
25.27,1,0.147
25.28,1,0.140
25.29,1,0.135
25.30,1,0.118
25.31,1,0.129
25.32,1,0.133
25.33,1,0.132
25.34,1,0.132
25.35,1,0.129
25.36,1,0.125
25.37,1,0.127
25.38,1,0.135
25.39,1,0.149
25.40,1,0.165
25.41,1,0.176
25.42,1,0.180
25.43,1,0.198
25.44,1,0.211
25.45,1,0.216
25.46,1,0.227
25.47,1,0.250
25.48,1,0.261
25.49,1,0.276
25.50,1,0.298
25.51,1,0.312
25.52,1,0.326
25.53,1,0.328
25.54,1,0.339
25.55,1,0.340
25.56,1,0.347
25.57,1,0.333
25.58,1,0.326
25.59,1,0.293
25.60,1,0.281
25.61,1,0.274
25.62,1,0.266
25.63,1,0.275
25.64,1,0.286
25.65,1,0.275
25.66,1,0.257
25.67,1,0.234
25.68,1,0.234
25.69,1,0.220
25.70,1,0.221
25.71,1,0.231
25.72,1,0.241
25.73,1,0.208
25.74,1,0.176
25.75,1,0.160
25.76,1,0.161
25.77,1,0.181
25.78,1,0.216
25.79,1,0.264
25.80,1,0.292
25.81,1,0.299
25.82,1,0.273
25.83,1,0.233
25.84,1,0.231
25.85,1,0.284
25.86,1,0.336
25.87,1,0.356
25.88,1,0.361
25.89,1,0.328
25.90,1,0.287
25.91,1,0.248
25.92,1,0.218
25.93,1,0.232
25.94,1,0.233
25.95,1,0.227
25.96,1,0.221
25.97,1,0.203
25.98,1,0.182
25.99,1,0.163
26.00,1,0.145
26.01,1,0.134
26.02,1,0.130
26.03,1,0.128
26.04,1,0.129
26.05,1,0.142
26.06,1,0.183
26.07,1,0.229
26.08,1,0.275
26.09,1,0.318
26.10,1,0.392
26.11,1,0.465
26.12,1,0.573
26.13,1,0.786
26.14,1,0.859
26.15,1,0.917
26.16,1,1.211
26.17,1,1.170
26.18,1,1.157
26.19,1,1.006
26.20,1,0.532
26.21,1,0.173
26.22,1,0.123
26.23,1,0.154
26.24,1,0.168
26.25,1,0.187
26.26,1,0.222
26.27,1,0.244
26.28,1,0.246
26.29,1,0.256
26.30,1,0.266
26.31,1,0.282
26.32,1,0.296
26.33,1,0.326
26.34,1,0.335
26.35,1,0.332
26.36,1,0.326
26.37,1,0.298
26.38,1,0.304
26.39,1,0.305
26.40,1,0.324
26.41,1,0.340
26.42,1,0.339
26.43,1,0.324
26.44,1,0.286
26.45,1,0.260
26.46,1,0.224
26.47,1,0.209
26.48,1,0.200
26.49,1,0.209
26.50,1,0.233
26.51,1,0.249
26.52,1,0.265
26.53,1,0.283
26.54,1,0.280
26.55,1,0.261
26.56,1,0.263
26.57,1,0.246
26.58,1,0.241
26.59,1,0.241
26.60,1,0.247
26.61,1,0.250
26.62,1,0.265
26.63,1,0.266
26.64,1,0.276
26.65,1,0.263
26.66,1,0.238
26.67,1,0.215
26.68,1,0.194
26.69,1,0.184
26.70,1,0.187
26.71,1,0.211
26.72,1,0.233
26.73,1,0.252
26.74,1,0.262
26.75,1,0.258
26.76,1,0.246
26.77,1,0.237
26.78,1,0.220
26.79,1,0.217
26.80,1,0.219
26.81,1,0.225
26.82,1,0.251
26.83,1,0.283
26.84,1,0.300
26.85,1,0.312
26.86,1,0.322
26.87,1,0.332
26.88,1,0.315
26.89,1,0.300
26.90,1,0.304
26.91,1,0.306
26.92,1,0.322
26.93,1,0.348
26.94,1,0.363
26.95,1,0.391
26.96,1,0.393
26.97,1,0.391
26.98,1,0.372
26.99,1,0.310
27.00,1,0.261
27.01,1,0.214
27.02,1,0.205
27.03,1,0.215
27.04,1,0.230
27.05,1,0.267
27.06,1,0.295
27.07,1,0.381
27.08,1,0.556
27.09,1,0.903
27.10,1,1.119
27.11,1,1.139
27.12,1,0.957
27.13,1,0.713
27.14,1,0.589
27.15,1,0.469
27.16,1,0.402
27.17,1,0.365
27.18,1,0.325
27.19,1,0.273
27.20,1,0.230
27.21,1,0.230
27.22,1,0.242
27.23,1,0.260
27.24,1,0.248
27.25,1,0.234
27.26,1,0.218
27.27,1,0.207
27.28,1,0.185
27.29,1,0.208
27.30,1,0.229
27.31,1,0.235
27.32,1,0.239
27.33,1,0.263
27.34,1,0.290
27.35,1,0.277
27.36,1,0.312
27.37,1,0.422
27.38,1,0.497
27.39,1,0.364
27.40,1,0.202
27.41,1,0.136
27.42,1,0.135
27.43,1,0.145
27.44,1,0.158
27.45,1,0.174
27.46,1,0.196
27.47,1,0.215
27.48,1,0.214
27.49,1,0.197
27.50,1,0.188
27.51,1,0.171
27.52,1,0.163
27.53,1,0.152
27.54,1,0.140
27.55,1,0.130
27.56,1,0.120
27.57,1,0.108
27.58,1,0.090
27.59,1,0.100
27.60,1,0.118
27.61,1,0.130
27.62,1,0.162
27.63,1,0.174
27.64,1,0.180
27.65,1,0.183
27.66,1,0.193
27.67,1,0.200
27.68,1,0.207
27.69,1,0.253
27.70,1,0.291
27.71,1,0.330
27.72,1,0.374
27.73,1,0.465
27.74,1,0.410
27.75,1,0.337
27.76,1,0.316
27.77,1,0.223
27.78,1,0.185
27.79,1,0.197
27.80,1,0.201
27.81,1,0.207
27.82,1,0.218
27.83,1,0.222
27.84,1,0.237
27.85,1,0.258
27.86,1,0.279
27.87,1,0.282
27.88,1,0.280
27.89,1,0.255
27.90,1,0.234
27.91,1,0.240
27.92,1,0.236
27.93,1,0.213
27.94,1,0.202
27.95,1,0.189
27.96,1,0.175
27.97,1,0.172
27.98,1,0.192
27.99,1,0.213
28.00,1,0.246
28.01,1,0.267
28.02,1,0.305
28.03,1,0.312
28.04,1,0.314
28.05,1,0.314
28.06,1,0.286
28.07,1,0.275
28.08,1,0.259
28.09,1,0.270
28.10,1,0.289
28.11,1,0.313
28.12,1,0.365
28.13,1,0.411
28.14,1,0.468
28.15,1,0.572
28.16,1,0.853
28.17,1,1.240
28.18,1,1.238
28.19,1,1.378
28.20,1,1.111
28.21,1,0.847
28.22,1,0.671
28.23,1,0.484
28.24,1,0.337
28.25,1,0.231
28.26,1,0.179
28.27,1,0.166
28.28,1,0.164
28.29,1,0.178
28.30,1,0.184
28.31,1,0.142
28.32,1,0.141
28.33,1,0.149
28.34,1,0.171
28.35,1,0.209
28.36,1,0.275
28.37,1,0.327
28.38,1,0.383
28.39,1,0.412
28.40,1,0.452
28.41,1,0.447
28.42,1,0.437
28.43,1,0.441
28.44,1,0.405
28.45,1,0.345
28.46,1,0.317
28.47,1,0.297
28.48,1,0.280
28.49,1,0.285
28.50,1,0.302
28.51,1,0.302
28.52,1,0.303
28.53,1,0.298
28.54,1,0.284
28.55,1,0.275
28.56,1,0.248
28.57,1,0.229
28.58,1,0.193
28.59,1,0.170
28.60,1,0.173
28.61,1,0.206
28.62,1,0.231
28.63,1,0.263
28.64,1,0.284
28.65,1,0.279
28.66,1,0.278
28.67,1,0.260
28.68,1,0.282
28.69,1,0.293
28.70,1,0.239
28.71,1,0.202
28.72,1,0.220
28.73,1,0.224
28.74,1,0.243
28.75,1,0.271
28.76,1,0.266
28.77,1,0.257
28.78,1,0.250
28.79,1,0.268
28.80,1,0.284
28.81,1,0.306
28.82,1,0.321
28.83,1,0.350
28.84,1,0.371
28.85,1,0.358
28.86,1,0.341
28.87,1,0.345
28.88,1,0.313
28.89,1,0.291
28.90,1,0.291
28.91,1,0.292
28.92,1,0.292
28.93,1,0.310
28.94,1,0.321
28.95,1,0.328
28.96,1,0.340
28.97,1,0.352
28.98,1,0.341
28.99,1,0.340
29.00,1,0.319
29.01,1,0.315
29.02,1,0.318
29.03,1,0.340
29.04,1,0.369
29.05,1,0.411
29.06,1,0.427
29.07,1,0.380
29.08,1,0.357
29.09,1,0.335
29.10,1,0.316
29.11,1,0.308
29.12,1,0.317
29.13,1,0.350
29.14,1,0.365
29.15,1,0.381
29.16,1,0.387
29.17,1,0.379
29.18,1,0.351
29.19,1,0.324
29.20,1,0.310
29.21,1,0.297
29.22,1,0.263
29.23,1,0.237
29.24,1,0.219
29.25,1,0.198
29.26,1,0.213
29.27,1,0.232
29.28,1,0.328
29.29,1,0.621
29.30,1,0.951
29.31,1,1.446
29.32,1,1.606
29.33,1,1.280
29.34,1,0.853
29.35,1,0.293
29.36,1,0.185
29.37,1,0.151
29.38,1,0.131
29.39,1,0.118
29.40,1,0.121
29.41,1,0.138
29.42,1,0.165
29.43,1,0.201
29.44,1,0.238
29.45,1,0.260
29.46,1,0.285
29.47,1,0.295
29.48,1,0.316
29.49,1,0.336
29.50,1,0.370
29.51,1,0.407
29.52,1,0.461
29.53,1,0.802
29.54,1,0.939
29.55,1,0.933
29.56,1,1.012
29.57,1,1.160
29.58,1,1.172
29.59,1,1.111
29.60,1,1.151
29.61,1,1.161
29.62,1,1.229
29.63,1,1.346
29.64,1,1.265
29.65,1,1.083
29.66,1,0.767
29.67,1,0.258
29.68,1,0.105
29.69,1,0.096
29.70,1,0.121
29.71,1,0.120
29.72,1,0.121
29.73,1,0.139
29.74,1,0.151
29.75,1,0.154
29.76,1,0.171
29.77,1,0.185
29.78,1,0.185
29.79,1,0.180
29.80,1,0.163
29.81,1,0.158
29.82,1,0.158
29.83,1,0.149
29.84,1,0.159
29.85,1,0.170
29.86,1,0.166
29.87,1,0.190
29.88,1,0.245
29.89,1,0.341
29.90,1,0.479
29.91,1,0.451
29.92,1,0.341
29.93,1,0.282
29.94,1,0.266
29.95,1,0.233
29.96,1,0.223
29.97,1,0.239
29.98,1,0.253
29.99,1,0.268
30.00,1,0.313
30.01,1,0.382
30.02,1,0.433
30.03,1,0.531
30.04,1,0.707
30.05,1,0.930
30.06,1,1.070
30.07,1,0.945
30.08,1,0.290
30.09,1,0.223
30.10,1,0.193
30.11,1,0.171
30.12,1,0.156
30.13,1,0.154
30.14,1,0.144
30.15,1,0.152
30.16,1,0.160
30.17,1,0.160
30.18,1,0.156
30.19,1,0.158
30.20,1,0.161
30.21,1,0.172
30.22,1,0.187
30.23,1,0.201
30.24,1,0.219
30.25,1,0.232
30.26,1,0.250
30.27,1,0.256
30.28,1,0.270
30.29,1,0.280
30.30,1,0.281
30.31,1,0.234
30.32,1,0.151
30.33,1,0.107
30.34,1,0.124
30.35,1,0.154
30.36,1,0.201
30.37,1,0.258
30.38,1,0.313
30.39,1,0.336
30.40,1,0.329
30.41,1,0.298
30.42,1,0.247
30.43,1,0.225
30.44,1,0.178
30.45,1,0.175
30.46,1,0.179
30.47,1,0.128
30.48,1,0.116
30.49,1,0.115
30.50,1,0.105
30.51,1,0.096
30.52,1,0.095
30.53,1,0.090
30.54,1,0.089
30.55,1,0.091
30.56,1,0.105
30.57,1,0.110
30.58,1,0.112
30.59,1,0.100
30.60,1,0.108
30.61,1,0.091
30.62,1,0.106
30.63,1,0.113
30.64,1,0.147
30.65,1,0.200
30.66,1,0.275
30.67,1,0.367
30.68,1,0.488
30.69,1,0.821
30.70,1,0.746
30.71,1,0.666
30.72,1,0.622
30.73,1,0.856
30.74,1,0.555
30.75,1,0.410
30.76,1,0.404
30.77,1,0.349
30.78,1,0.168
30.79,1,0.105
30.80,1,0.117
30.81,1,0.152
30.82,1,0.176
30.83,1,0.194
30.84,1,0.218
30.85,1,0.226
30.86,1,0.211
30.87,1,0.205
30.88,1,0.147
30.89,1,0.155
30.90,1,0.213
30.91,1,0.253
30.92,1,0.294
30.93,1,0.355
30.94,1,0.392
30.95,1,0.392
30.96,1,0.385
30.97,1,0.383
30.98,1,0.366
30.99,1,0.375
31.00,1,0.368
31.01,1,0.364
31.02,1,0.347
31.03,1,0.328
31.04,1,0.314
31.05,1,0.291
31.06,1,0.290
31.07,1,0.262
31.08,1,0.259
31.09,1,0.250
31.10,1,0.250
31.11,1,0.247
31.12,1,0.248
31.13,1,0.241
31.14,1,0.241
31.15,1,0.222
31.16,1,0.197
31.17,1,0.201
31.18,1,0.189
31.19,1,0.197
31.20,1,0.218
31.21,1,0.219
31.22,1,0.218
31.23,1,0.233
31.24,1,0.274
31.25,1,0.313
31.26,1,0.311
31.27,1,0.223
31.28,1,0.157
31.29,1,0.148
31.30,1,0.186
31.31,1,0.206
31.32,1,0.224
31.33,1,0.251
31.34,1,0.267
31.35,1,0.254
31.36,1,0.258
31.37,1,0.264
31.38,1,0.282
31.39,1,0.310
31.40,1,0.329
31.41,1,0.351
31.42,1,0.373
31.43,1,0.374
31.44,1,0.373
31.45,1,0.376
31.46,1,0.373
31.47,1,0.370
31.48,1,0.365
31.49,1,0.348
31.50,1,0.317
31.51,1,0.274
31.52,1,0.235
31.53,1,0.211
31.54,1,0.193
31.55,1,0.181
31.56,1,0.177
31.57,1,0.175
31.58,1,0.171
31.59,1,0.164
31.60,1,0.158
31.61,1,0.152
31.62,1,0.160
31.63,1,0.174
31.64,1,0.198
31.65,1,0.219
31.66,1,0.247
31.67,1,0.264
31.68,1,0.280
31.69,1,0.285
31.70,1,0.290
31.71,1,0.290
31.72,1,0.281
31.73,1,0.278
31.74,1,0.261
31.75,1,0.243
31.76,1,0.236
31.77,1,0.237
31.78,1,0.223
31.79,1,0.225
31.80,1,0.230
31.81,1,0.233
31.82,1,0.247
31.83,1,0.250
31.84,1,0.228
31.85,1,0.212
31.86,1,0.195
31.87,1,0.195
31.88,1,0.197
31.89,1,0.227
31.90,1,0.263
31.91,1,0.280
31.92,1,0.282
31.93,1,0.275
31.94,1,0.254
31.95,1,0.235
31.96,1,0.248
31.97,1,0.248
31.98,1,0.225
31.99,1,0.227
32.00,1,0.231
32.01,1,0.225
32.02,1,0.246
32.03,1,0.290
32.04,1,0.296
32.05,1,0.310
32.06,1,0.316
32.07,1,0.369
32.08,1,0.588
32.09,1,0.823
32.10,1,0.811
32.11,1,0.821
32.12,1,0.709
32.13,1,0.576
32.14,1,0.535
32.15,1,0.517
32.16,1,0.417
32.17,1,0.380
32.18,1,0.356
32.19,1,0.316
32.20,1,0.297
32.21,1,0.290
32.22,1,0.259
32.23,1,0.227
32.24,1,0.196
32.25,1,0.201
32.26,1,0.196
32.27,1,0.197
32.28,1,0.201
32.29,1,0.204
32.30,1,0.199
32.31,1,0.208
32.32,1,0.209
32.33,1,0.205
32.34,1,0.195
32.35,1,0.181
32.36,1,0.159
32.37,1,0.134
32.38,1,0.115
32.39,1,0.100
32.40,1,0.090
32.41,1,0.103
32.42,1,0.130
32.43,1,0.166
32.44,1,0.216
32.45,1,0.269
32.46,1,0.321
32.47,1,0.359
32.48,1,0.424
32.49,1,0.268
32.50,1,0.163
32.51,1,0.133
32.52,1,0.166
32.53,1,0.185
32.54,1,0.203
32.55,1,0.215
32.56,1,0.231
32.57,1,0.240
32.58,1,0.241
32.59,1,0.224
32.60,1,0.218
32.61,1,0.212
32.62,1,0.194
32.63,1,0.170
32.64,1,0.147
32.65,1,0.121
32.66,1,0.108
32.67,1,0.112
32.68,1,0.130
32.69,1,0.168
32.70,1,0.214
32.71,1,0.269
32.72,1,0.321
32.73,1,0.388
32.74,1,0.481
32.75,1,0.506
32.76,1,0.926
32.77,1,0.811
32.78,1,0.825
32.79,1,0.865
32.80,1,0.709
32.81,1,0.505
32.82,1,0.430
32.83,1,0.375
32.84,1,0.292
32.85,1,0.254
32.86,1,0.215
32.87,1,0.169
32.88,1,0.138
32.89,1,0.131
32.90,1,0.143
32.91,1,0.152
32.92,1,0.155
32.93,1,0.166
32.94,1,0.157
32.95,1,0.146
32.96,1,0.129
32.97,1,0.121
32.98,1,0.122
32.99,1,0.123
33.00,1,0.115
33.01,1,0.113
33.02,1,0.106
33.03,1,0.122
33.04,1,0.145
33.05,1,0.159
33.06,1,0.181
33.07,1,0.195
33.08,1,0.200
33.09,1,0.212
33.10,1,0.229
33.11,1,0.249
33.12,1,0.273
33.13,1,0.283
33.14,1,0.310
33.15,1,0.306
33.16,1,0.355
33.17,1,0.344
33.18,1,0.390
33.19,1,0.412
33.20,1,0.484
33.21,1,0.512
33.22,1,0.521
33.23,1,0.482
33.24,1,0.341
33.25,1,0.275
33.26,1,0.268
33.27,1,0.276
33.28,1,0.252
33.29,1,0.243
33.30,1,0.241
33.31,1,0.233
33.32,1,0.222
33.33,1,0.218
33.34,1,0.244
33.35,1,0.235
33.36,1,0.153
33.37,1,0.123
33.38,1,0.111
33.39,1,0.135
33.40,1,0.183
33.41,1,0.242
33.42,1,0.297
33.43,1,0.359
33.44,1,0.357
33.45,1,0.360
33.46,1,0.360
33.47,1,0.333
33.48,1,0.313
33.49,1,0.311
33.50,1,0.320
33.51,1,0.303
33.52,1,0.280
33.53,1,0.280
33.54,1,0.271
33.55,1,0.261
33.56,1,0.267
33.57,1,0.272
33.58,1,0.288
33.59,1,0.296
33.60,1,0.301
33.61,1,0.293
33.62,1,0.272
33.63,1,0.239
33.64,1,0.221
33.65,1,0.194
33.66,1,0.189
33.67,1,0.200
33.68,1,0.222
33.69,1,0.249
33.70,1,0.278
33.71,1,0.316
33.72,1,0.365
33.73,1,0.394
33.74,1,0.415
33.75,1,0.404
33.76,1,0.386
33.77,1,0.322
33.78,1,0.219
33.79,1,0.166
33.80,1,0.160
33.81,1,0.145
33.82,1,0.144
33.83,1,0.171
33.84,1,0.189
33.85,1,0.210
33.86,1,0.234
33.87,1,0.242
33.88,1,0.247
33.89,1,0.269
33.90,1,0.309
33.91,1,0.348
33.92,1,0.396
33.93,1,0.434
33.94,1,0.456
33.95,1,0.452
33.96,1,0.428
33.97,1,0.409
33.98,1,0.377
33.99,1,0.344
34.00,1,0.312
34.01,1,0.287
34.02,1,0.262
34.03,1,0.251
34.04,1,0.266
34.05,1,0.266
34.06,1,0.345
34.07,1,0.423
34.08,1,0.598
34.09,1,0.668
34.10,1,0.134
34.11,1,0.162
34.12,1,0.180
34.13,1,0.198
34.14,1,0.205
34.15,1,0.250
34.16,1,0.263
34.17,1,0.299
34.18,1,0.343
34.19,1,0.392
34.20,1,0.420
34.21,1,0.383
34.22,1,0.272
34.23,1,0.200
34.24,1,0.179
34.25,1,0.177
34.26,1,0.169
34.27,1,0.152
34.28,1,0.160
34.29,1,0.160
34.30,1,0.141
34.31,1,0.140
34.32,1,0.131
34.33,1,0.125
34.34,1,0.143
34.35,1,0.154
34.36,1,0.176
34.37,1,0.218
34.38,1,0.242
34.39,1,0.276
34.40,1,0.311
34.41,1,0.320
34.42,1,0.318
34.43,1,0.306
34.44,1,0.279
34.45,1,0.263
34.46,1,0.248
34.47,1,0.239
34.48,1,0.255
34.49,1,0.279
34.50,1,0.298
34.51,1,0.313
34.52,1,0.328
34.53,1,0.341
34.54,1,0.345
34.55,1,0.338
34.56,1,0.357
34.57,1,0.357
34.58,1,0.379
34.59,1,0.440
34.60,1,0.532
34.61,1,0.643
34.62,1,1.024
34.63,1,0.995
34.64,1,1.286
34.65,1,1.428
34.66,1,1.559
34.67,1,1.274
34.68,1,1.156
34.69,1,0.855
34.70,1,0.644
34.71,1,0.344
34.72,1,0.156
34.73,1,0.130
34.74,1,0.181
34.75,1,0.203
34.76,1,0.207
34.77,1,0.231
34.78,1,0.259
34.79,1,0.267
34.80,1,0.274
34.81,1,0.282
34.82,1,0.272
34.83,1,0.283
34.84,1,0.290
34.85,1,0.291
34.86,1,0.318
34.87,1,0.336
34.88,1,0.339
34.89,1,0.327
34.90,1,0.297
34.91,1,0.637
34.92,1,0.542
34.93,1,0.778
34.94,1,0.959
34.95,1,1.096
34.96,1,1.132
34.97,1,1.019
34.98,1,0.883
34.99,1,0.922
35.00,1,1.015
35.01,1,1.102
35.02,1,1.070
35.03,1,0.473
35.04,1,0.194
35.05,1,0.130
35.06,1,0.112
35.07,1,0.093
35.08,1,0.084
35.09,1,0.084
35.10,1,0.077
35.11,1,0.078
35.12,1,0.103
35.13,1,0.122
35.14,1,0.133
35.15,1,0.143
35.16,1,0.137
35.17,1,0.113
35.18,1,0.107
35.19,1,0.134
35.20,1,0.170
35.21,1,0.204
35.22,1,0.238
35.23,1,0.254
35.24,1,0.251
35.25,1,0.238
35.26,1,0.215
35.27,1,0.201
35.28,1,0.213
35.29,1,0.241
35.30,1,0.254
35.31,1,0.302
35.32,1,0.340
35.33,1,0.380
35.34,1,0.404
35.35,1,0.400
35.36,1,0.639
35.37,1,0.850
35.38,1,0.665
35.39,1,0.431
35.40,1,0.320
35.41,1,0.231
35.42,1,0.193
35.43,1,0.179
35.44,1,0.162
35.45,1,0.176
35.46,1,0.194
35.47,1,0.173
35.48,1,0.160
35.49,1,0.152
35.50,1,0.134
35.51,1,0.130
35.52,1,0.142
35.53,1,0.164
35.54,1,0.176
35.55,1,0.197
35.56,1,0.214
35.57,1,0.229
35.58,1,0.233
35.59,1,0.262
35.60,1,0.262
35.61,1,0.328
35.62,1,0.512
35.63,1,0.617
35.64,1,0.522
35.65,1,0.288
35.66,1,0.152
35.67,1,0.146
35.68,1,0.027
35.69,1,0.027
35.70,1,0.032
35.71,1,0.039
35.72,1,0.040
35.73,1,0.058
35.74,1,0.069
35.75,1,0.073
35.76,1,0.064
35.77,1,0.055
35.78,1,0.048
35.79,1,0.041
35.80,1,0.037
35.81,1,0.038
35.82,1,0.039
35.83,1,0.037
35.84,1,0.035
35.85,1,0.036
35.86,1,0.034
35.87,1,0.031
35.88,1,0.031
35.89,1,0.031
35.90,1,0.031
35.91,1,0.029
35.92,1,0.028
35.93,1,0.028
35.94,1,0.029
35.95,1,0.033
35.96,1,0.038
35.97,1,0.053
35.98,1,0.062
35.99,1,0.066
36.00,1,0.070
36.01,1,0.061
36.02,1,0.047
36.03,1,0.042
36.04,1,0.042
36.05,1,0.039
36.06,1,0.037
36.07,1,0.038
36.08,1,0.041
36.09,1,0.045
36.10,1,0.047
36.11,1,0.046
36.12,1,0.045
36.13,1,0.042
36.14,1,0.040
36.15,1,0.042
36.16,1,0.052
36.17,1,0.065
36.18,1,0.096
36.19,1,0.151
36.20,1,0.457
36.21,1,0.610
36.22,1,0.493
36.23,1,0.297
36.24,1,0.198
36.25,1,0.148
36.26,1,0.131
36.27,1,0.107
36.28,1,0.106
36.29,1,0.099
36.30,1,0.075
36.31,1,0.052
36.32,1,0.034
36.33,1,0.029
36.34,1,0.027
36.35,1,0.026
36.36,1,0.025
36.37,1,0.026
36.38,1,0.023
36.39,1,0.020
36.40,1,0.021
36.41,1,0.021
36.42,1,0.022
36.43,1,0.022
36.44,1,0.025
36.45,1,0.026
36.46,1,0.032
36.47,1,0.037
36.48,1,0.041
36.49,1,0.049
36.50,1,0.055
36.51,1,0.060
36.52,1,0.064
36.53,1,0.069
36.54,1,0.072
36.55,1,0.069
36.56,1,0.063
36.57,1,0.062
36.58,1,0.063
36.59,1,0.068
36.60,1,0.071
36.61,1,0.072
36.62,1,0.065
36.63,1,0.057
36.64,1,0.049
36.65,1,0.042
36.66,1,0.039
36.67,1,0.039
36.68,1,0.040
36.69,1,0.041
36.70,1,0.043
36.71,1,0.047
36.72,1,0.051
36.73,1,0.053
36.74,1,0.055
36.75,1,0.055
36.76,1,0.053
36.77,1,0.050
36.78,1,0.047
36.79,1,0.044
36.80,1,0.041
36.81,1,0.038
36.82,1,0.035
36.83,1,0.037
36.84,1,0.038
36.85,1,0.042
36.86,1,0.046
36.87,1,0.056
36.88,1,0.064
36.89,1,0.067
36.90,1,0.066
36.91,1,0.060
36.92,1,0.062
36.93,1,0.055
36.94,1,0.055
36.95,1,0.059
36.96,1,0.067
36.97,1,0.078
36.98,1,0.088
36.99,1,0.095
37.00,1,0.094
37.01,1,0.090
37.02,1,0.068
37.03,1,0.054
37.04,1,0.055
37.05,1,0.070
37.06,1,0.079
37.07,1,0.081
37.08,1,0.082
37.09,1,0.075
37.10,1,0.059
37.11,1,0.050
37.12,1,0.048
37.13,1,0.047
37.14,1,0.047
37.15,1,0.049
37.16,1,0.052
37.17,1,0.060
37.18,1,0.082
37.19,1,0.099
37.20,1,0.117
37.21,1,0.144
37.22,1,0.153
37.23,1,0.103
37.24,1,0.060
37.25,1,0.042
37.26,1,0.035
37.27,1,0.031
37.28,1,0.029
37.29,1,0.029
37.30,1,0.029
37.31,1,0.035
37.32,1,0.044
37.33,1,0.050
37.34,1,0.057
37.35,1,0.065
37.36,1,0.067
37.37,1,0.064
37.38,1,0.060
37.39,1,0.050
37.40,1,0.041
37.41,1,0.035
37.42,1,0.032
37.43,1,0.031
37.44,1,0.031
37.45,1,0.034
37.46,1,0.034
37.47,1,0.033
37.48,1,0.035
37.49,1,0.037
37.50,1,0.037
37.51,1,0.038
37.52,1,0.039
37.53,1,0.041
37.54,1,0.042
37.55,1,0.047
37.56,1,0.054
37.57,1,0.054
37.58,1,0.048
37.59,1,0.042
37.60,1,0.032
37.61,1,0.029
37.62,1,0.029
37.63,1,0.030
37.64,1,0.030
37.65,1,0.032
37.66,1,0.033
37.67,1,0.034
37.68,1,0.034
37.69,1,0.038
37.70,1,0.042
37.71,1,0.041
37.72,1,0.040
37.73,1,0.039
37.74,1,0.039
37.75,1,0.041
37.76,1,0.049
37.77,1,0.058
37.78,1,0.067
37.79,1,0.074
37.80,1,0.074
37.81,1,0.070
37.82,1,0.062
37.83,1,0.053
37.84,1,0.047
37.85,1,0.041
37.86,1,0.040
37.87,1,0.038
37.88,1,0.036
37.89,1,0.033
37.90,1,0.038
37.91,1,0.042
37.92,1,0.046
37.93,1,0.048
37.94,1,0.055
37.95,1,0.056
37.96,1,0.053
37.97,1,0.052
37.98,1,0.047
37.99,1,0.038
38.00,1,0.034
38.01,1,0.049
38.02,1,0.057
38.03,1,0.066
38.04,1,0.067
38.05,1,0.062
38.06,1,0.053
38.07,1,0.045
38.08,1,0.037
38.09,1,0.043
38.10,1,0.054
38.11,1,0.064
38.12,1,0.065
38.13,1,0.060
38.14,1,0.058
38.15,1,0.059
38.16,1,0.055
38.17,1,0.056
38.18,1,0.059
38.19,1,0.055
38.20,1,0.044
38.21,1,0.052
38.22,1,0.072
38.23,1,0.074
38.24,1,0.073
38.25,1,0.076
38.26,1,0.081
38.27,1,0.076
38.28,1,0.080
38.29,1,0.084
38.30,1,0.078
38.31,1,0.062
38.32,1,0.066
38.33,1,0.087
38.34,1,0.118
38.35,1,0.167
38.36,1,0.220
38.37,1,0.287
38.38,1,0.383
38.39,1,0.602
38.40,1,0.711
38.41,1,0.333
38.42,1,0.194
38.43,1,0.178
38.44,1,0.178
38.45,1,0.183
38.46,1,0.221
38.47,1,0.253
38.48,1,0.250
38.49,1,0.258
38.50,1,0.265
38.51,1,0.241
38.52,1,0.229
38.53,1,0.234
38.54,1,0.213
38.55,1,0.177
38.56,1,0.153
38.57,1,0.128
38.58,1,0.108
38.59,1,0.103
38.60,1,0.106
38.61,1,0.103
38.62,1,0.109
38.63,1,0.119
38.64,1,0.140
38.65,1,0.154
38.66,1,0.192
38.67,1,0.223
38.68,1,0.277
38.69,1,0.310
38.70,1,0.170
38.71,1,0.122
38.72,1,0.155
38.73,1,0.204
38.74,1,0.231
38.75,1,0.261
38.76,1,0.300
38.77,1,0.283
38.78,1,0.256
38.79,1,0.199
38.80,1,0.171
38.81,1,0.154
38.82,1,0.154
38.83,1,0.166
38.84,1,0.192
38.85,1,0.203
38.86,1,0.234
38.87,1,0.271
38.88,1,0.301
38.89,1,0.367
38.90,1,0.460
38.91,1,0.560
38.92,1,0.601
38.93,1,0.578
38.94,1,0.540
38.95,1,0.232
38.96,1,0.170
38.97,1,0.119
38.98,1,0.096
38.99,1,0.097
39.00,1,0.100
39.01,1,0.095
39.02,1,0.097
39.03,1,0.106
39.04,1,0.109
39.05,1,0.121
39.06,1,0.122
39.07,1,0.124
39.08,1,0.120
39.09,1,0.142
39.10,1,0.172
39.11,1,0.222
39.12,1,0.277
39.13,1,0.333
39.14,1,0.372
39.15,1,0.363
39.16,1,0.361
39.17,1,0.300
39.18,1,0.225
39.19,1,0.189
39.20,1,0.161
39.21,1,0.168
39.22,1,0.187
39.23,1,0.228
39.24,1,0.274
39.25,1,0.315
39.26,1,0.343
39.27,1,0.338
39.28,1,0.317
39.29,1,0.308
39.30,1,0.290
39.31,1,0.284
39.32,1,0.303
39.33,1,0.303
39.34,1,0.295
39.35,1,0.279
39.36,1,0.269
39.37,1,0.264
39.38,1,0.272
39.39,1,0.298
39.40,1,0.327
39.41,1,0.337
39.42,1,0.346
39.43,1,0.348
39.44,1,0.352
39.45,1,0.336
39.46,1,0.309
39.47,1,0.269
39.48,1,0.217
39.49,1,0.177
39.50,1,0.165
39.51,1,0.186
39.52,1,0.239
39.53,1,0.332
39.54,1,0.453
39.55,1,0.824
39.56,1,1.056
39.57,1,1.478
39.58,1,1.750
39.59,1,1.563
39.60,1,1.199
39.61,1,0.369
39.62,1,0.184
39.63,1,0.144
39.64,1,0.127
39.65,1,0.121
39.66,1,0.127
39.67,1,0.134
39.68,1,0.162
39.69,1,0.168
39.70,1,0.176
39.71,1,0.171
39.72,1,0.166
39.73,1,0.143
39.74,1,0.140
39.75,1,0.118
39.76,1,0.145
39.77,1,0.178
39.78,1,0.193
39.79,1,0.224
39.80,1,0.224
39.81,1,0.211
39.82,1,0.194
39.83,1,0.190
39.84,1,0.191
39.85,1,0.227
39.86,1,0.266
39.87,1,0.286
39.88,1,0.309
39.89,1,0.314
39.90,1,0.310
39.91,1,0.296
39.92,1,0.271
39.93,1,0.229
39.94,1,0.189
39.95,1,0.149
39.96,1,0.115
39.97,1,0.120
39.98,1,0.183
39.99,1,0.257
40.00,1,0.309
40.01,1,0.354
40.02,1,0.386
40.03,1,0.398
40.04,1,0.400
40.05,1,0.386
40.06,1,0.378
40.07,1,0.377
40.08,1,0.371
40.09,1,0.376
40.10,1,0.401
40.11,1,0.301
40.12,1,0.247
40.13,1,0.203
40.14,1,0.206
40.15,1,0.216
40.16,1,0.226
40.17,1,0.220
40.18,1,0.211
40.19,1,0.204
40.20,1,0.197
40.21,1,0.186
40.22,1,0.193
40.23,1,0.192
40.24,1,0.194
40.25,1,0.194
40.26,1,0.200
40.27,1,0.200
40.28,1,0.202
40.29,1,0.212
40.30,1,0.225
40.31,1,0.252
40.32,1,0.275
40.33,1,0.418
40.34,1,0.599
40.35,1,0.732
40.36,1,0.764
40.37,1,0.797
40.38,1,0.834
40.39,1,0.928
40.40,1,0.410
40.41,1,0.229
40.42,1,0.201
40.43,1,0.190
40.44,1,0.201
40.45,1,0.198
40.46,1,0.206
40.47,1,0.208
40.48,1,0.199
40.49,1,0.190
40.50,1,0.200
40.51,1,0.195
40.52,1,0.207
40.53,1,0.220
40.54,1,0.228
40.55,1,0.219
40.56,1,0.215
40.57,1,0.200
40.58,1,0.183
40.59,1,0.179
40.60,1,0.182
40.61,1,0.181
40.62,1,0.182
40.63,1,0.191
40.64,1,0.194
40.65,1,0.195
40.66,1,0.204
40.67,1,0.198
40.68,1,0.200
40.69,1,0.200
40.70,1,0.193
40.71,1,0.190
40.72,1,0.188
40.73,1,0.187
40.74,1,0.182
40.75,1,0.185
40.76,1,0.188
40.77,1,0.190
40.78,1,0.195
40.79,1,0.204
40.80,1,0.212
40.81,1,0.208
40.82,1,0.220
40.83,1,0.212
40.84,1,0.201
40.85,1,0.203
40.86,1,0.218
40.87,1,0.203
40.88,1,0.235
40.89,1,0.258
40.90,1,0.157
40.91,1,0.144
40.92,1,0.131
40.93,1,0.115
40.94,1,0.143
40.95,1,0.166
40.96,1,0.192
40.97,1,0.214
40.98,1,0.244
40.99,1,0.225
41.00,1,0.210
41.01,1,0.192
41.02,1,0.193
41.03,1,0.190
41.04,1,0.203
41.05,1,0.214
41.06,1,0.194
41.07,1,0.191
41.08,1,0.197
41.09,1,0.198
41.10,1,0.203
41.11,1,0.195
41.12,1,0.166
41.13,1,0.136
41.14,1,0.116
41.15,1,0.086
41.16,1,0.073
41.17,1,0.068
41.18,1,0.074
41.19,1,0.077
41.20,1,0.078
41.21,1,0.085
41.22,1,0.096
41.23,1,0.103
41.24,1,0.115
41.25,1,0.136
41.26,1,0.147
41.27,1,0.159
41.28,1,0.178
41.29,1,0.184
41.30,1,0.191
41.31,1,0.207
41.32,1,0.232
41.33,1,0.254
41.34,1,0.260
41.35,1,0.262
41.36,1,0.196
41.37,1,0.181
41.38,1,0.175
41.39,1,0.171
41.40,1,0.190
41.41,1,0.224
41.42,1,0.232
41.43,1,0.237
41.44,1,0.235
41.45,1,0.223
41.46,1,0.212
41.47,1,0.209
41.48,1,0.210
41.49,1,0.210
41.50,1,0.205
41.51,1,0.198
41.52,1,0.177
41.53,1,0.163
41.54,1,0.157
41.55,1,0.145
41.56,1,0.133
41.57,1,0.133
41.58,1,0.130
41.59,1,0.138
41.60,1,0.140
41.61,1,0.141
41.62,1,0.126
41.63,1,0.107
41.64,1,0.089
41.65,1,0.097
41.66,1,0.117
41.67,1,0.152
41.68,1,0.167
41.69,1,0.191
41.70,1,0.204
41.71,1,0.207
41.72,1,0.221
41.73,1,0.251
41.74,1,0.258
41.75,1,0.270
41.76,1,0.288
41.77,1,0.303
41.78,1,0.289
41.79,1,0.292
41.80,1,0.293
41.81,1,0.304
41.82,1,0.300
41.83,1,0.291
41.84,1,0.285
41.85,1,0.282
41.86,1,0.259
41.87,1,0.243
41.88,1,0.244
41.89,1,0.243
41.90,1,0.236
41.91,1,0.240
41.92,1,0.245
41.93,1,0.246
41.94,1,0.238
41.95,1,0.207
41.96,1,0.192
41.97,1,0.177
41.98,1,0.158
41.99,1,0.149
42.00,1,0.166
42.01,1,0.142
42.02,1,0.139
42.03,1,0.142
42.04,1,0.149
42.05,1,0.140
42.06,1,0.139
42.07,1,0.146
42.08,1,0.137
42.09,1,0.101
42.10,1,0.109
42.11,1,0.152
42.12,1,0.173
42.13,1,0.211
42.14,1,0.264
42.15,1,0.280
42.16,1,0.282
42.17,1,0.286
42.18,1,0.271
42.19,1,0.269
42.20,1,0.276
42.21,1,0.300
42.22,1,0.305
42.23,1,0.313
42.24,1,0.306
42.25,1,0.306
42.26,1,0.277
42.27,1,0.284
42.28,1,0.302
42.29,1,0.305
42.30,1,0.312
42.31,1,0.298
42.32,1,0.285
42.33,1,0.220
42.34,1,0.189
42.35,1,0.166
42.36,1,0.133
42.37,1,0.115
42.38,1,0.138
42.39,1,0.159
42.40,1,0.182
42.41,1,0.232
42.42,1,0.295
42.43,1,0.263
42.44,1,0.268
42.45,1,0.252
42.46,1,0.228
42.47,1,0.199
42.48,1,0.239
42.49,1,0.240
42.50,1,0.244
42.51,1,0.244
42.52,1,0.222
42.53,1,0.228
42.54,1,0.274
42.55,1,0.381
42.56,1,0.559
42.57,1,0.808
42.58,1,0.882
42.59,1,1.138
42.60,1,1.112
42.61,1,1.089
42.62,1,1.071
42.63,1,1.017
42.64,1,0.888
42.65,1,0.855
42.66,0,
42.67,0,
42.68,0,
42.69,0,
42.70,0,
42.71,0,
42.72,0,
42.73,0,
42.74,0,
42.75,0,
42.76,0,
42.77,0,
42.78,0,
42.79,0,
42.80,0,
42.81,0,
42.82,0,
42.83,0,
42.84,0,
42.85,0,
42.86,0,
42.87,0,
42.88,0,
42.89,0,
42.90,0,
42.91,0,
42.92,0,
42.93,0,
42.94,0,
42.95,0,
42.96,0,
42.97,0,
42.98,0,
42.99,0,
43.00,0,
43.01,0,
43.02,0,
43.03,0,
43.04,0,
43.05,0,
43.06,0,
43.07,0,
43.08,0,
43.09,0,
43.10,0,
43.11,0,
43.12,0,
43.13,0,
43.14,0,
43.15,0,
43.16,0,
43.17,0,
43.18,0,
43.19,0,
43.20,0,
43.21,0,
43.22,0,
43.23,0,
43.24,0,
43.25,0,
43.26,0,
43.27,0,
43.28,0,
43.29,0,
43.30,0,
43.31,0,
43.32,0,
43.33,0,
43.34,0,
43.35,0,
43.36,0,
43.37,0,
43.38,0,
43.39,0,
43.40,0,
43.41,0,
43.42,0,
43.43,0,
43.44,0,
43.45,0,
43.46,0,
43.47,0,
43.48,0,
43.49,0,
43.50,0,
43.51,0,
43.52,0,
43.53,0,
43.54,0,
43.55,0,
43.56,0,
43.57,0,
43.58,0,
43.59,0,
43.60,0,
43.61,0,
43.62,0,
43.63,0,
43.64,0,
43.65,0,
43.66,0,
43.67,0,
43.68,0,
43.69,0,
43.70,0,
43.71,0,
43.72,0,
43.73,0,
43.74,0,
43.75,0,
43.76,0,
43.77,0,
43.78,0,
43.79,0,
43.80,0,
43.81,0,
43.82,0,
43.83,0,
43.84,0,
43.85,0,
43.86,0,
43.87,0,
43.88,0,
43.89,0,
43.90,0,
43.91,0,
43.92,0,
43.93,0,
43.94,0,
43.95,0,
43.96,0,
43.97,0,
43.98,0,
43.99,0,
44.00,0,
44.01,0,
44.02,0,
44.03,0,
44.04,0,
44.05,0,
44.06,0,
44.07,0,
44.08,0,
44.09,0,
44.10,0,
44.11,0,
44.12,0,
44.13,0,
44.14,0,
44.15,0,
44.16,0,
44.17,0,
44.18,0,
44.19,0,
44.20,0,
44.21,0,
44.22,0,
44.23,0,
44.24,0,
44.25,0,
44.26,0,
44.27,0,
44.28,0,
44.29,0,
44.30,0,
44.31,0,
44.32,0,
44.33,0,
44.34,0,
44.35,0,
44.36,0,
44.37,0,
44.38,0,
44.39,0,
44.40,0,
44.41,0,
44.42,0,
44.43,0,
44.44,0,
44.45,0,
44.46,0,
44.47,0,
44.48,0,
44.49,0,
44.50,0,
44.51,0,
44.52,0,
44.53,0,
44.54,0,
44.55,0,
44.56,0,
44.57,0,
44.58,0,
44.59,0,
44.60,0,
44.61,0,
44.62,0,
44.63,0,
44.64,0,
44.65,0,
44.66,0,
44.67,0,
44.68,0,
44.69,0,
44.70,0,
44.71,0,
44.72,0,
44.73,0,
44.74,0,
44.75,0,
44.76,0,
44.77,0,
44.78,0,
44.79,0,
44.80,0,
44.81,0,
44.82,0,
44.83,0,
44.84,0,
44.85,0,
44.86,0,
44.87,0,
44.88,0,
44.89,0,
44.90,0,
44.91,0,
44.92,0,
44.93,0,
44.94,0,
44.95,0,
44.96,0,
44.97,0,
44.98,0,
44.99,0,
45.00,0,
45.01,0,
45.02,0,
45.03,0,
45.04,0,
45.05,0,
45.06,0,
45.07,0,
45.08,0,
45.09,0,
45.10,0,
45.11,0,
45.12,0,
45.13,0,
45.14,0,
45.15,0,
45.16,0,
45.17,0,
45.18,0,
45.19,0,
45.20,0,
45.21,0,
45.22,0,
45.23,0,
45.24,0,
45.25,0,
45.26,0,
45.27,0,
45.28,0,
45.29,0,
45.30,1,0.195
45.31,1,0.217
45.32,1,0.106
45.33,1,0.075
45.34,1,0.058
45.35,1,0.061
45.36,1,0.067
45.37,1,0.076
45.38,1,0.082
45.39,1,0.094
45.40,1,0.099
45.41,1,0.094
45.42,1,0.091
45.43,1,0.095
45.44,1,0.093
45.45,1,0.092
45.46,1,0.093
45.47,1,0.093
45.48,1,0.109
45.49,1,0.146
45.50,1,0.182
45.51,1,0.241
45.52,1,0.279
45.53,1,0.321
45.54,1,0.327
45.55,1,0.329
45.56,1,0.317
45.57,1,0.321
45.58,1,0.314
45.59,1,0.327
45.60,1,0.322
45.61,1,0.330
45.62,1,0.324
45.63,1,0.339
45.64,1,0.347
45.65,1,0.362
45.66,1,0.358
45.67,1,0.352
45.68,1,0.350
45.69,1,0.344
45.70,1,0.349
45.71,1,0.364
45.72,1,0.354
45.73,1,0.363
45.74,1,0.351
45.75,1,0.347
45.76,1,0.345
45.77,1,0.357
45.78,1,0.368
45.79,1,0.367
45.80,1,0.385
45.81,1,0.354
45.82,1,0.372
45.83,1,0.349
45.84,1,0.350
45.85,1,0.321
45.86,1,0.308
45.87,1,0.261
45.88,1,0.228
45.89,1,0.184
45.90,1,0.177
45.91,1,0.167
45.92,1,0.148
45.93,1,0.165
45.94,1,0.198
45.95,1,0.235
45.96,1,0.274
45.97,1,0.326
45.98,1,0.358
45.99,1,0.382
46.00,1,0.389
46.01,1,0.378
46.02,1,0.372
46.03,1,0.363
46.04,1,0.371
46.05,1,0.392
46.06,1,0.433
46.07,1,0.441
46.08,1,0.426
46.09,1,0.376
46.10,1,0.289
46.11,1,0.242
46.12,1,0.232
46.13,1,0.251
46.14,1,0.260
46.15,1,0.272
46.16,1,0.296
46.17,1,0.268
46.18,1,0.264
46.19,1,0.238
46.20,1,0.250
46.21,1,0.265
46.22,1,0.322
46.23,1,0.360
46.24,1,0.379
46.25,1,0.361
46.26,1,0.300
46.27,1,0.240
46.28,1,0.202
46.29,1,0.175
46.30,1,0.164
46.31,1,0.170
46.32,1,0.191
46.33,1,0.205
46.34,1,0.213
46.35,1,0.230
46.36,1,0.226
46.37,1,0.212
46.38,1,0.215
46.39,1,0.219
46.40,1,0.231
46.41,1,0.245
46.42,1,0.284
46.43,1,0.318
46.44,1,0.338
46.45,1,0.367
46.46,1,0.373
46.47,1,0.362
46.48,1,0.294
46.49,1,0.213
46.50,1,0.176
46.51,1,0.160
46.52,1,0.146
46.53,1,0.140
46.54,1,0.120
46.55,1,0.107
46.56,1,0.103
46.57,1,0.087
46.58,1,0.082
46.59,1,0.085
46.60,1,0.096
46.61,1,0.116
46.62,1,0.151
46.63,1,0.193
46.64,1,0.214
46.65,1,0.242
46.66,1,0.247
46.67,1,0.242
46.68,1,0.226
46.69,1,0.228
46.70,1,0.241
46.71,1,0.254
46.72,1,0.255
46.73,1,0.255
46.74,1,0.210
46.75,1,0.167
46.76,1,0.170
46.77,1,0.180
46.78,1,0.210
46.79,1,0.221
46.80,1,0.229
46.81,1,0.226
46.82,1,0.224
46.83,1,0.231
46.84,1,0.243
46.85,1,0.253
46.86,1,0.253
46.87,1,0.241
46.88,1,0.230
46.89,1,0.216
46.90,1,0.222
46.91,1,0.242
46.92,1,0.254
46.93,1,0.266
46.94,1,0.277
46.95,1,0.272
46.96,1,0.258
46.97,1,0.255
46.98,1,0.264
46.99,1,0.258
47.00,1,0.265
47.01,1,0.267
47.02,1,0.253
47.03,1,0.229
47.04,1,0.202
47.05,1,0.161
47.06,1,0.138
47.07,1,0.127
47.08,1,0.150
47.09,1,0.182
47.10,1,0.223
47.11,1,0.278
47.12,1,0.402
47.13,1,0.365
47.14,1,0.474
47.15,1,0.384
47.16,1,0.155
47.17,1,0.134
47.18,1,0.137
47.19,1,0.138
47.20,1,0.159
47.21,1,0.190
47.22,1,0.226
47.23,1,0.227
47.24,1,0.227
47.25,1,0.222
47.26,1,0.219
47.27,1,0.226
47.28,1,0.265
47.29,1,0.288
47.30,1,0.293
47.31,1,0.297
47.32,1,0.278
47.33,1,0.241
47.34,1,0.225
47.35,1,0.204
47.36,1,0.193
47.37,1,0.196
47.38,1,0.216
47.39,1,0.206
47.40,1,0.177
47.41,1,0.167
47.42,1,0.143
47.43,1,0.129
47.44,1,0.124
47.45,1,0.143
47.46,1,0.161
47.47,1,0.193
47.48,1,0.221
47.49,1,0.243
47.50,1,0.281
47.51,1,0.309
47.52,1,0.284
47.53,1,0.253
47.54,1,0.246
47.55,1,0.221
47.56,1,0.203
47.57,1,0.215
47.58,1,0.214
47.59,1,0.222
47.60,1,0.237
47.61,1,0.235
47.62,1,0.227
47.63,1,0.255
47.64,1,0.268
47.65,1,0.300
47.66,1,0.347
47.67,1,0.373
47.68,1,0.343
47.69,1,0.349
47.70,1,0.388
47.71,1,0.450
47.72,1,0.571
47.73,1,0.791
47.74,1,0.961
47.75,1,0.847
47.76,1,0.717
47.77,1,0.220
47.78,1,0.087
47.79,1,0.093
47.80,1,0.158
47.81,1,0.155
47.82,1,0.160
47.83,1,0.184
47.84,1,0.170
47.85,1,0.166
47.86,1,0.195
47.87,1,0.213
47.88,1,0.234
47.89,1,0.248
47.90,1,0.241
47.91,1,0.236
47.92,1,0.240
47.93,1,0.261
47.94,1,0.310
47.95,1,0.394
47.96,1,0.417
47.97,1,0.417
47.98,1,0.288
47.99,1,0.141
48.00,1,0.100
48.01,1,0.091
48.02,1,0.093
48.03,1,0.097
48.04,1,0.102
48.05,1,0.105
48.06,1,0.108
48.07,1,0.107
48.08,1,0.104
48.09,1,0.107
48.10,1,0.106
48.11,1,0.096
48.12,1,0.093
48.13,1,0.109
48.14,1,0.117
48.15,1,0.118
48.16,1,0.110
48.17,1,0.108
48.18,1,0.081
48.19,1,0.065
48.20,1,0.066
48.21,1,0.077
48.22,1,0.104
48.23,1,0.120
48.24,1,0.142
48.25,1,0.142
48.26,1,0.157
48.27,1,0.176
48.28,1,0.187
48.29,1,0.224
48.30,1,0.237
48.31,1,0.275
48.32,1,0.278
48.33,1,0.334
48.34,1,0.360
48.35,1,0.434
48.36,1,0.536
48.37,1,0.790
48.38,1,0.979
48.39,1,0.735
48.40,1,0.801
48.41,1,1.026
48.42,1,0.711
48.43,1,0.264
48.44,1,0.127
48.45,1,0.108
48.46,1,0.137
48.47,1,0.191
48.48,1,0.240
48.49,1,0.289
48.50,1,0.340
48.51,1,0.360
48.52,1,0.361
48.53,1,0.339
48.54,1,0.329
48.55,1,0.322
48.56,1,0.327
48.57,1,0.322
48.58,1,0.314
48.59,1,0.292
48.60,1,0.302
48.61,1,0.343
48.62,1,0.335
48.63,1,0.297
48.64,1,0.259
48.65,1,0.211
48.66,1,0.132
48.67,1,0.119
48.68,1,0.144
48.69,1,0.155
48.70,1,0.164
48.71,1,0.156
48.72,1,0.142
48.73,1,0.140
48.74,1,0.150
48.75,1,0.186
48.76,1,0.241
48.77,1,0.265
48.78,1,0.271
48.79,1,0.303
48.80,1,0.292
48.81,1,0.311
48.82,1,0.319
48.83,1,0.322
48.84,1,0.333
48.85,1,0.313
48.86,1,0.310
48.87,1,0.281
48.88,1,0.265
48.89,1,0.254
48.90,1,0.225
48.91,1,0.228
48.92,1,0.192
48.93,1,0.175
48.94,1,0.145
48.95,1,0.123
48.96,1,0.115
48.97,1,0.102
48.98,1,0.110
48.99,1,0.103
49.00,1,0.111
49.01,1,0.099
49.02,1,0.098
49.03,1,0.104
49.04,1,0.123
49.05,1,0.175
49.06,1,0.194
49.07,1,0.214
49.08,1,0.189
49.09,1,0.174
49.10,1,0.136
49.11,1,0.178
49.12,1,0.211
49.13,1,0.251
49.14,1,0.289
49.15,1,0.344
49.16,1,0.395
49.17,1,0.446
49.18,1,0.549
49.19,1,0.739
49.20,1,0.945
49.21,1,1.206
49.22,1,1.031
49.23,1,0.835
49.24,1,0.600
49.25,1,0.153
49.26,1,0.093
49.27,1,0.095
49.28,1,0.136
49.29,1,0.174
49.30,1,0.208
49.31,1,0.237
49.32,1,0.256
49.33,1,0.262
49.34,1,0.260
49.35,1,0.250
49.36,1,0.232
49.37,1,0.216
49.38,1,0.189
49.39,1,0.154
49.40,1,0.134
49.41,1,0.124
49.42,1,0.143
49.43,1,0.191
49.44,1,0.224
49.45,1,0.237
49.46,1,0.239
49.47,1,0.223
49.48,1,0.218
49.49,1,0.207
49.50,1,0.231
49.51,1,0.238
49.52,1,0.255
49.53,1,0.242
49.54,1,0.226
49.55,1,0.218
49.56,1,0.220
49.57,1,0.262
49.58,1,0.313
49.59,1,0.327
49.60,1,0.319
49.61,1,0.303
49.62,1,0.271
49.63,1,0.244
49.64,1,0.214
49.65,1,0.205
49.66,1,0.183
49.67,1,0.160
49.68,1,0.160
49.69,1,0.195
49.70,1,0.229
49.71,1,0.275
49.72,1,0.330
49.73,1,0.376
49.74,1,0.387
49.75,1,0.381
49.76,1,0.360
49.77,1,0.332
49.78,1,0.313
49.79,1,0.311
49.80,1,0.312
49.81,1,0.334
49.82,1,0.347
49.83,1,0.347
49.84,1,0.391
49.85,1,0.349
49.86,1,0.317
49.87,1,0.328
49.88,1,0.328
49.89,1,0.330
49.90,1,0.347
49.91,1,0.393
49.92,1,0.428
49.93,1,0.497
49.94,1,0.654
49.95,1,0.754
49.96,1,0.763
49.97,1,0.686
49.98,1,0.652
49.99,1,0.581
50.00,1,0.537
50.01,1,0.419
50.02,1,0.366
50.03,1,0.334
50.04,1,0.308
50.05,1,0.333
50.06,1,0.406
50.07,1,0.481
50.08,1,0.458
50.09,1,0.389
50.10,1,0.353
50.11,1,0.282
50.12,1,0.240
50.13,0,
50.14,0,
50.15,0,
50.16,0,
50.17,0,
50.18,1,0.242
50.19,1,0.299
50.20,1,0.352
50.21,1,0.450
50.22,1,0.579
50.23,1,0.861
50.24,1,0.909
50.25,1,1.089
50.26,1,1.226
50.27,1,1.195
50.28,1,1.102
50.29,1,0.961
50.30,1,0.297
50.31,1,0.176
50.32,1,0.187
50.33,1,0.188
50.34,1,0.235
50.35,1,0.152
50.36,1,0.108
50.37,1,0.117
50.38,1,0.140
50.39,1,0.167
50.40,1,0.200
50.41,1,0.233
50.42,1,0.276
50.43,1,0.279
50.44,1,0.290
50.45,1,0.288
50.46,1,0.300
50.47,1,0.302
50.48,1,0.349
50.49,1,0.452
50.50,1,0.415
50.51,1,0.131
50.52,1,0.123
50.53,1,0.122
50.54,1,0.138
50.55,1,0.146
50.56,1,0.164
50.57,1,0.190
50.58,1,0.217
50.59,1,0.229
50.60,1,0.224
50.61,1,0.227
50.62,1,0.212
50.63,1,0.195
50.64,1,0.195
50.65,1,0.195
50.66,1,0.209
50.67,1,0.200
50.68,1,0.195
50.69,1,0.190
50.70,1,0.170
50.71,1,0.161
50.72,1,0.174
50.73,1,0.152
50.74,1,0.152
50.75,1,0.150
50.76,1,0.153
50.77,1,0.159
50.78,1,0.153
50.79,1,0.150
50.80,1,0.144
50.81,1,0.138
50.82,1,0.146
50.83,1,0.156
50.84,1,0.167
50.85,1,0.177
50.86,1,0.241
50.87,1,0.280
50.88,1,0.543
50.89,1,0.871
50.90,1,1.070
50.91,1,1.177
50.92,1,1.196
50.93,1,1.017
50.94,1,0.738
50.95,1,0.624
50.96,1,0.333
50.97,1,0.148
50.98,1,0.126
50.99,1,0.149
51.00,1,0.189
51.01,1,0.220
51.02,1,0.259
51.03,1,0.285
51.04,1,0.309
51.05,1,0.315
51.06,1,0.328
51.07,1,0.341
51.08,1,0.349
51.09,1,0.451
51.10,1,0.679
51.11,1,0.856
51.12,1,0.813
51.13,1,0.652
51.14,1,0.447
51.15,1,0.213
51.16,1,0.160
51.17,1,0.120
51.18,1,0.116
51.19,1,0.115
51.20,1,0.122
51.21,1,0.132
51.22,1,0.150
51.23,1,0.139
51.24,1,0.136
51.25,1,0.140
51.26,1,0.156
51.27,1,0.178
51.28,1,0.210
51.29,1,0.238
51.30,1,0.230
51.31,1,0.231
51.32,1,0.226
51.33,1,0.227
51.34,1,0.217
51.35,1,0.220
51.36,1,0.224
51.37,1,0.215
51.38,1,0.223
51.39,1,0.223
51.40,1,0.235
51.41,1,0.235
51.42,1,0.226
51.43,1,0.218
51.44,1,0.208
51.45,1,0.206
51.46,1,0.209
51.47,1,0.247
51.48,1,0.341
51.49,1,0.502
51.50,1,0.584
51.51,1,0.624
51.52,1,0.733
51.53,1,0.714
51.54,1,0.721
51.55,1,0.804
51.56,1,0.852
51.57,1,0.310
51.58,1,0.226
51.59,1,0.240
51.60,1,0.155
51.61,1,0.139
51.62,1,0.128
51.63,1,0.127
51.64,1,0.138
51.65,1,0.147
51.66,1,0.170
51.67,1,0.184
51.68,1,0.199
51.69,1,0.202
51.70,1,0.223
51.71,1,0.235
51.72,1,0.256
51.73,1,0.279
51.74,1,0.288
51.75,1,0.291
51.76,1,0.268
51.77,1,0.212
51.78,1,0.166
51.79,1,0.159
51.80,1,0.171
51.81,1,0.189
51.82,1,0.204
51.83,1,0.213
51.84,1,0.192
51.85,1,0.167
51.86,1,0.160
51.87,1,0.179
51.88,1,0.180
51.89,1,0.187
51.90,1,0.172
51.91,1,0.153
51.92,1,0.143
51.93,1,0.143
51.94,1,0.161
51.95,1,0.173
51.96,1,0.210
51.97,1,0.220
51.98,1,0.235
51.99,1,0.247
52.00,1,0.268
52.01,1,0.277
52.02,1,0.282
52.03,1,0.289
52.04,1,0.291
52.05,1,0.279
52.06,1,0.258
52.07,1,0.250
52.08,1,0.222
52.09,1,0.224
52.10,1,0.218
52.11,1,0.233
52.12,1,0.238
52.13,1,0.226
52.14,1,0.210
52.15,1,0.202
52.16,1,0.209
52.17,1,0.231
52.18,1,0.275
52.19,1,0.354
52.20,1,0.603
52.21,1,0.706
52.22,1,0.641
52.23,1,0.289
52.24,1,0.134
52.25,1,0.098
52.26,1,0.090
52.27,1,0.114
52.28,1,0.156
52.29,1,0.229
52.30,1,0.300
52.31,1,0.330
52.32,1,0.331
52.33,1,0.308
52.34,1,0.247
52.35,1,0.230
52.36,1,0.316
52.37,1,0.377
52.38,1,0.460
52.39,1,0.716
52.40,1,0.733
52.41,1,0.657
52.42,1,0.494
52.43,1,0.509
52.44,1,0.272
52.45,1,0.201
52.46,1,0.211
52.47,1,0.252
52.48,1,0.299
52.49,1,0.336
52.50,1,0.373
52.51,1,0.405
52.52,1,0.401
52.53,1,0.331
52.54,1,0.271
52.55,1,0.233
52.56,1,0.174
52.57,1,0.145
52.58,1,0.139
52.59,1,0.151
52.60,1,0.152
52.61,1,0.170
52.62,1,0.185
52.63,1,0.203
52.64,1,0.219
52.65,1,0.235
52.66,1,0.240
52.67,1,0.237
52.68,1,0.210
52.69,1,0.187
52.70,1,0.173
52.71,1,0.170
52.72,1,0.155
52.73,1,0.162
52.74,1,0.171
52.75,1,0.186
52.76,1,0.217
52.77,1,0.260
52.78,1,0.294
52.79,1,0.316
52.80,1,0.278
52.81,1,0.290
52.82,1,0.406
52.83,1,0.593
52.84,1,0.714
52.85,1,0.750
52.86,1,0.626
52.87,1,0.359
52.88,1,0.153
52.89,1,0.115
52.90,1,0.121
52.91,1,0.120
52.92,1,0.135
52.93,1,0.160
52.94,1,0.209
52.95,1,0.233
52.96,1,0.259
52.97,1,0.354
52.98,1,0.726
52.99,1,0.732
53.00,1,0.673
53.01,1,0.386
53.02,1,0.204
53.03,1,0.163
53.04,1,0.103
53.05,1,0.151
53.06,1,0.211
53.07,1,0.237
53.08,1,0.258
53.09,1,0.315
53.10,1,0.330
53.11,1,0.249
53.12,1,0.188
53.13,1,0.152
53.14,1,0.129
53.15,1,0.117
53.16,1,0.106
53.17,1,0.102
53.18,1,0.112
53.19,1,0.132
53.20,1,0.164
53.21,1,0.203
53.22,1,0.236
53.23,1,0.258
53.24,1,0.275
53.25,1,0.272
53.26,1,0.276
53.27,1,0.274
53.28,1,0.269
53.29,1,0.274
53.30,1,0.274
53.31,1,0.291
53.32,1,0.318
53.33,1,0.330
53.34,1,0.323
53.35,1,0.307
53.36,1,0.296
53.37,1,0.271
53.38,1,0.236
53.39,1,0.215
53.40,1,0.196
53.41,1,0.185
53.42,1,0.201
53.43,1,0.227
53.44,1,0.249
53.45,1,0.260
53.46,1,0.264
53.47,1,0.271
53.48,1,0.265
53.49,1,0.258
53.50,1,0.262
53.51,1,0.267
53.52,1,0.275
53.53,1,0.296
53.54,1,0.328
53.55,1,0.361
53.56,1,0.378
53.57,1,0.401
53.58,1,0.443
53.59,1,0.421
53.60,1,0.414
53.61,1,0.598
53.62,1,0.762
53.63,1,0.778
53.64,1,0.465
53.65,1,0.357
53.66,1,0.290
53.67,1,0.282
53.68,1,0.324
53.69,1,0.294
53.70,1,0.271
53.71,1,0.281
53.72,1,0.263
53.73,1,0.245
53.74,1,0.242
53.75,1,0.234
53.76,1,0.198
53.77,1,0.188
53.78,1,0.217
53.79,1,0.227
53.80,1,0.216
53.81,1,0.198
53.82,1,0.187
53.83,1,0.160
53.84,1,0.150
53.85,1,0.141
53.86,1,0.126
53.87,1,0.106
53.88,1,0.115
53.89,1,0.118
53.90,1,0.127
53.91,1,0.144
53.92,1,0.177
53.93,1,0.215
53.94,1,0.312
53.95,1,0.595
53.96,1,0.998
53.97,1,0.955
53.98,1,0.718
53.99,1,0.305
54.00,1,0.251
54.01,1,0.169
54.02,1,0.122
54.03,1,0.113
54.04,1,0.123
54.05,1,0.142
54.06,1,0.176
54.07,1,0.196
54.08,1,0.240
54.09,1,0.273
54.10,1,0.287
54.11,1,0.312
54.12,1,0.337
54.13,1,0.330
54.14,1,0.306
54.15,1,0.277
54.16,1,0.219
54.17,1,0.193
54.18,1,0.203
54.19,1,0.213
54.20,1,0.220
54.21,1,0.236
54.22,1,0.236
54.23,1,0.235
54.24,1,0.240
54.25,1,0.227
54.26,1,0.212
54.27,1,0.205
54.28,1,0.213
54.29,1,0.235
54.30,1,0.265
54.31,1,0.273
54.32,1,0.245
54.33,1,0.226
54.34,1,0.202
54.35,1,0.180
54.36,1,0.175
54.37,1,0.163
54.38,1,0.145
54.39,1,0.131
54.40,1,0.126
54.41,1,0.123
54.42,1,0.120
54.43,1,0.116
54.44,1,0.114
54.45,1,0.129
54.46,1,0.148
54.47,1,0.154
54.48,1,0.160
54.49,1,0.159
54.50,1,0.152
54.51,1,0.157
54.52,1,0.157
54.53,1,0.159
54.54,1,0.161
54.55,1,0.173
54.56,1,0.177
54.57,1,0.185
54.58,1,0.193
54.59,1,0.194
54.60,1,0.194
54.61,1,0.181
54.62,1,0.152
54.63,1,0.147
54.64,1,0.134
54.65,1,0.118
54.66,1,0.120
54.67,1,0.124
54.68,1,0.131
54.69,1,0.142
54.70,1,0.145
54.71,1,0.147
54.72,1,0.145
54.73,1,0.145
54.74,1,0.145
54.75,1,0.145
54.76,1,0.158
54.77,1,0.160
54.78,1,0.160
54.79,1,0.153
54.80,1,0.155
54.81,1,0.153
54.82,1,0.158
54.83,1,0.153
54.84,1,0.152
54.85,1,0.162
54.86,1,0.177
54.87,1,0.186
54.88,1,0.197
54.89,1,0.205
54.90,1,0.211
54.91,1,0.204
54.92,1,0.212
54.93,1,0.233
54.94,1,0.268
54.95,1,0.323
54.96,1,0.387
54.97,1,0.520
54.98,1,0.870
54.99,1,1.065
55.00,1,1.221
55.01,1,1.218
55.02,0,
55.03,0,
55.04,0,
55.05,0,
55.06,0,
55.07,0,
55.08,0,
55.09,0,
55.10,0,
55.11,0,
55.12,0,
55.13,0,
55.14,0,
55.15,0,
55.16,0,
55.17,0,
55.18,0,
55.19,0,
55.20,0,
55.21,0,
55.22,0,
55.23,0,
55.24,1,0.154
55.25,1,0.151
55.26,1,0.126
55.27,1,0.063
55.28,1,0.036
55.29,1,0.030
55.30,1,0.042
55.31,1,0.046
55.32,1,0.043
55.33,1,0.048
55.34,1,0.052
55.35,1,0.054
55.36,1,0.062
55.37,1,0.063
55.38,1,0.071
55.39,1,0.087
55.40,1,0.090
55.41,1,0.099
55.42,1,0.080
55.43,1,0.060
55.44,1,0.062
55.45,1,0.066
55.46,1,0.083
55.47,1,0.108
55.48,1,0.130
55.49,1,0.147
55.50,1,0.173
55.51,1,0.175
55.52,1,0.197
55.53,1,0.202
55.54,1,0.193
55.55,1,0.183
55.56,1,0.152
55.57,1,0.105
55.58,1,0.090
55.59,1,0.086
55.60,1,0.083
55.61,1,0.095
55.62,1,0.110
55.63,1,0.126
55.64,1,0.152
55.65,1,0.169
55.66,1,0.186
55.67,1,0.185
55.68,1,0.180
55.69,1,0.160
55.70,1,0.158
55.71,1,0.137
55.72,1,0.152
55.73,1,0.153
55.74,1,0.173
55.75,1,0.187
55.76,1,0.210
55.77,1,0.221
55.78,1,0.241
55.79,1,0.244
55.80,1,0.238
55.81,1,0.234
55.82,1,0.227
55.83,1,0.208
55.84,1,0.197
55.85,1,0.182
55.86,1,0.171
55.87,1,0.159
55.88,1,0.157
55.89,1,0.162
55.90,1,0.169
55.91,1,0.184
55.92,1,0.188
55.93,1,0.192
55.94,1,0.179
55.95,1,0.173
55.96,1,0.158
55.97,1,0.144
55.98,1,0.144
55.99,1,0.130
56.00,1,0.149
56.01,1,0.192
56.02,1,0.144
56.03,1,0.121
56.04,1,0.129
56.05,1,0.139
56.06,1,0.142
56.07,1,0.175
56.08,1,0.217
56.09,1,0.227
56.10,1,0.240
56.11,1,0.267
56.12,1,0.275
56.13,1,0.285
56.14,1,0.246
56.15,1,0.223
56.16,1,0.190
56.17,1,0.164
56.18,1,0.157
56.19,1,0.177
56.20,1,0.186
56.21,1,0.184
56.22,1,0.188
56.23,1,0.180
56.24,1,0.169
56.25,1,0.163
56.26,1,0.187
56.27,1,0.217
56.28,1,0.226
56.29,1,0.228
56.30,1,0.215
56.31,1,0.174
56.32,1,0.144
56.33,1,0.117
56.34,1,0.093
56.35,1,0.091
56.36,1,0.098
56.37,1,0.132
56.38,1,0.161
56.39,1,0.182
56.40,1,0.199
56.41,1,0.199
56.42,1,0.203
56.43,1,0.205
56.44,1,0.199
56.45,1,0.191
56.46,1,0.203
56.47,1,0.201
56.48,1,0.211
56.49,1,0.223
56.50,1,0.242
56.51,1,0.251
56.52,1,0.263
56.53,1,0.277
56.54,1,0.301
56.55,1,0.294
56.56,1,0.279
56.57,1,0.265
56.58,1,0.256
56.59,1,0.224
56.60,1,0.219
56.61,1,0.208
56.62,1,0.201
56.63,1,0.197
56.64,1,0.183
56.65,1,0.200
56.66,1,0.218
56.67,1,0.221
56.68,1,0.233
56.69,1,0.214
56.70,1,0.121
56.71,1,0.095
56.72,1,0.096
56.73,1,0.100
56.74,1,0.106
56.75,1,0.110
56.76,1,0.108
56.77,1,0.098
56.78,1,0.081
56.79,1,0.069
56.80,1,0.067
56.81,1,0.056
56.82,1,0.050
56.83,1,0.048
56.84,1,0.045
56.85,1,0.046
56.86,1,0.058
56.87,1,0.078
56.88,1,0.083
56.89,1,0.097
56.90,1,0.099
56.91,1,0.098
56.92,1,0.102
56.93,1,0.101
56.94,1,0.117
56.95,1,0.124
56.96,1,0.147
56.97,1,0.145
56.98,1,0.172
56.99,1,0.170
57.00,1,0.185
57.01,1,0.179
57.02,1,0.210
57.03,1,0.199
57.04,1,0.229
57.05,1,0.230
57.06,1,0.250
57.07,1,0.246
57.08,1,0.262
57.09,1,0.246
57.10,1,0.249
57.11,1,0.222
57.12,1,0.206
57.13,1,0.177
57.14,1,0.173
57.15,1,0.144
57.16,1,0.140
57.17,1,0.140
57.18,1,0.127
57.19,1,0.141
57.20,1,0.174
57.21,1,0.209
57.22,1,0.202
57.23,1,0.199
57.24,1,0.172
57.25,1,0.187
57.26,1,0.211
57.27,1,0.196
57.28,1,0.175
57.29,1,0.185
57.30,1,0.180
57.31,1,0.173
57.32,1,0.170
57.33,1,0.170
57.34,1,0.150
57.35,1,0.147
57.36,1,0.157
57.37,1,0.178
57.38,1,0.263
57.39,1,0.307
57.40,1,0.535
57.41,1,1.103
57.42,1,1.045
57.43,1,0.495
57.44,1,0.126
57.45,1,0.126
57.46,1,0.141
57.47,1,0.168
57.48,1,0.185
57.49,1,0.214
57.50,1,0.233
57.51,1,0.238
57.52,1,0.239
57.53,1,0.220
57.54,1,0.204
57.55,1,0.195
57.56,1,0.178
57.57,1,0.163
57.58,1,0.144
57.59,1,0.123
57.60,1,0.119
57.61,1,0.134
57.62,1,0.137
57.63,1,0.137
57.64,1,0.167
57.65,1,0.187
57.66,1,0.209
57.67,1,0.239
57.68,1,0.264
57.69,1,0.261
57.70,1,0.252
57.71,1,0.247
57.72,1,0.244
57.73,1,0.245
57.74,1,0.320
57.75,1,0.420
57.76,1,0.588
57.77,1,0.434
57.78,1,0.279
57.79,1,0.198
57.80,1,0.190
57.81,1,0.159
57.82,1,0.155
57.83,1,0.170
57.84,1,0.178
57.85,1,0.188
57.86,1,0.202
57.87,1,0.194
57.88,1,0.189
57.89,1,0.220
57.90,1,0.250
57.91,1,0.316
57.92,1,0.398
57.93,1,0.285
57.94,1,0.108
57.95,1,0.102
57.96,1,0.103
57.97,1,0.123
57.98,1,0.134
57.99,1,0.159
58.00,1,0.182
58.01,1,0.201
58.02,1,0.224
58.03,1,0.270
58.04,1,0.285
58.05,1,0.294
58.06,1,0.287
58.07,1,0.263
58.08,1,0.210
58.09,1,0.197
58.10,1,0.182
58.11,1,0.153
58.12,1,0.149
58.13,1,0.152
58.14,1,0.154
58.15,1,0.175
58.16,1,0.176
58.17,1,0.163
58.18,1,0.154
58.19,1,0.149
58.20,1,0.129
58.21,1,0.151
58.22,1,0.170
58.23,1,0.171
58.24,1,0.179
58.25,1,0.204
58.26,1,0.183
58.27,1,0.201
58.28,1,0.201
58.29,1,0.203
58.30,1,0.200
58.31,1,0.205
58.32,1,0.203
58.33,1,0.218
58.34,1,0.217
58.35,1,0.232
58.36,1,0.226
58.37,1,0.219
58.38,1,0.217
58.39,1,0.211
58.40,1,0.229
58.41,1,0.230
58.42,1,0.256
58.43,1,0.275
58.44,1,0.273
58.45,1,0.271
58.46,1,0.250
58.47,1,0.217
58.48,1,0.192
58.49,1,0.173
58.50,1,0.155
58.51,1,0.147
58.52,1,0.177
58.53,1,0.203
58.54,1,0.241
58.55,1,0.262
58.56,1,0.194
58.57,1,0.172
58.58,1,0.185
58.59,1,0.186
58.60,1,0.121
58.61,1,0.098
58.62,1,0.120
58.63,1,0.144
58.64,1,0.157
58.65,1,0.184
58.66,1,0.210
58.67,1,0.220
58.68,1,0.217
58.69,1,0.240
58.70,1,0.247
58.71,1,0.259
58.72,1,0.241
58.73,1,0.213
58.74,1,0.186
58.75,1,0.209
58.76,1,0.203
58.77,1,0.214
58.78,1,0.209
58.79,1,0.209
58.80,1,0.200
58.81,1,0.218
58.82,1,0.225
58.83,1,0.244
58.84,1,0.273
58.85,1,0.288
58.86,1,0.291
58.87,1,0.300
58.88,1,0.303
58.89,1,0.279
58.90,1,0.264
58.91,1,0.233
58.92,1,0.198
58.93,1,0.165
58.94,1,0.142
58.95,1,0.144
58.96,1,0.138
58.97,1,0.157
58.98,1,0.171
58.99,1,0.193
59.00,1,0.221
59.01,1,0.247
59.02,1,0.264
59.03,1,0.268
59.04,1,0.274
59.05,1,0.286
59.06,1,0.288
59.07,1,0.290
59.08,1,0.305
59.09,1,0.292
59.10,1,0.256
59.11,1,0.226
59.12,1,0.220
59.13,1,0.231
59.14,1,0.274
59.15,1,0.366
59.16,1,0.572
59.17,1,0.749
59.18,1,0.789
59.19,1,0.738
59.20,1,0.557
59.21,1,0.237
59.22,1,0.156
59.23,1,0.158
59.24,1,0.195
59.25,1,0.207
59.26,1,0.244
59.27,1,0.301
59.28,1,0.354
59.29,1,0.517
59.30,1,0.786
59.31,1,1.114
59.32,1,1.184
59.33,1,1.216
59.34,1,0.712
59.35,1,0.547
59.36,1,0.194
59.37,1,0.125
59.38,1,0.113
59.39,1,0.123
59.40,1,0.145
59.41,1,0.171
59.42,1,0.203
59.43,1,0.232
59.44,1,0.253
59.45,1,0.269
59.46,1,0.266
59.47,1,0.255
59.48,1,0.234
59.49,1,0.222
59.50,1,0.221
59.51,1,0.231
59.52,1,0.240
59.53,1,0.249
59.54,1,0.247
59.55,1,0.252
59.56,1,0.255
59.57,1,0.271
59.58,1,0.265
59.59,1,0.254
59.60,1,0.221
59.61,1,0.195
59.62,1,0.164
59.63,1,0.162
59.64,1,0.172
59.65,1,0.180
59.66,1,0.179
59.67,1,0.173
59.68,1,0.156
59.69,1,0.150
59.70,1,0.159
59.71,1,0.171
59.72,1,0.195
59.73,1,0.202
59.74,1,0.211
59.75,1,0.205
59.76,1,0.207
59.77,1,0.195
59.78,1,0.179
59.79,1,0.165
59.80,1,0.147
59.81,1,0.131
59.82,1,0.127
59.83,1,0.121
59.84,1,0.121
59.85,1,0.119
59.86,1,0.118
59.87,1,0.120
59.88,1,0.121
59.89,1,0.114
59.90,1,0.115
59.91,1,0.112
59.92,1,0.118
59.93,1,0.123
59.94,1,0.141
59.95,1,0.143
59.96,1,0.146
59.97,1,0.138
59.98,1,0.135
59.99,1,0.125
60.00,1,0.142
60.01,1,0.171
60.02,1,0.212
60.03,1,0.303
60.04,1,0.532
60.05,1,0.699
60.06,1,1.130
60.07,1,1.266
60.08,1,1.278
60.09,1,1.376
60.10,1,1.462
60.11,1,1.599
60.12,1,1.363
60.13,1,1.159
60.14,1,0.944
60.15,1,0.728
60.16,1,0.688
60.17,1,0.627
60.18,1,0.748
60.19,1,0.933
60.20,1,1.042
60.21,1,1.152
60.22,1,1.158
60.23,1,0.955
60.24,1,0.872
60.25,1,0.884
60.26,1,0.856
60.27,1,0.546
60.28,1,0.387
60.29,1,0.262
60.30,1,0.193
60.31,1,0.158
60.32,1,0.089
60.33,1,0.055
60.34,1,0.048
60.35,1,0.044
60.36,1,0.042
60.37,1,0.045
60.38,1,0.050
60.39,1,0.062
60.40,1,0.094
60.41,1,0.152
60.42,1,0.345
60.43,1,0.559
60.44,1,0.530
60.45,1,0.196
60.46,1,0.080
60.47,1,0.064
60.48,1,0.050
60.49,1,0.043
60.50,1,0.044
60.51,1,0.046
60.52,1,0.050
60.53,1,0.060
60.54,1,0.068
60.55,1,0.068
60.56,1,0.086
60.57,1,0.097
60.58,1,0.110
60.59,1,0.136
60.60,1,0.185
60.61,1,0.185
60.62,1,0.133
60.63,1,0.086
60.64,1,0.061
60.65,1,0.051
60.66,1,0.047
60.67,1,0.049
60.68,1,0.044
60.69,1,0.041
60.70,1,0.038
60.71,1,0.036
60.72,1,0.031
60.73,1,0.032
60.74,1,0.033
60.75,1,0.032
60.76,1,0.029
60.77,1,0.029
60.78,1,0.030
60.79,1,0.030
60.80,1,0.032
60.81,1,0.034
60.82,1,0.035
60.83,1,0.040
60.84,1,0.047
60.85,1,0.064
60.86,1,0.082
60.87,1,0.103
60.88,1,0.154
60.89,1,0.337
60.90,1,0.550
60.91,1,0.364
60.92,1,0.207
60.93,1,0.117
60.94,1,0.133
60.95,1,0.099
60.96,1,0.051
60.97,1,0.038
60.98,1,0.044
60.99,1,0.054
61.00,1,0.060
61.01,1,0.067
61.02,1,0.070
61.03,1,0.063
61.04,1,0.058
61.05,1,0.058
61.06,1,0.078
61.07,1,0.108
61.08,1,0.151
61.09,1,0.209
61.10,1,0.157
61.11,1,0.119
61.12,1,0.079
61.13,1,0.056
61.14,1,0.042
61.15,1,0.035
61.16,1,0.031
61.17,1,0.030
61.18,1,0.042
61.19,1,0.045
61.20,1,0.052
61.21,1,0.055
61.22,1,0.059
61.23,1,0.059
61.24,1,0.060
61.25,1,0.065
61.26,1,0.066
61.27,1,0.062
61.28,1,0.057
61.29,1,0.053
61.30,1,0.045
61.31,1,0.050
61.32,1,0.063
61.33,1,0.080
61.34,1,0.131
61.35,1,0.521
61.36,1,0.910
61.37,1,0.760
61.38,1,0.431
61.39,1,0.274
61.40,1,0.251
61.41,1,0.258
61.42,1,0.175
61.43,1,0.120
61.44,1,0.106
61.45,1,0.088
61.46,1,0.072
61.47,1,0.065
61.48,1,0.051
61.49,1,0.035
61.50,1,0.031
61.51,1,0.041
61.52,1,0.047
61.53,1,0.057
61.54,1,0.065
61.55,1,0.068
61.56,1,0.071
61.57,1,0.068
61.58,1,0.070
61.59,1,0.073
61.60,1,0.067
61.61,1,0.066
61.62,1,0.065
61.63,1,0.053
61.64,1,0.050
61.65,1,0.048
61.66,1,0.046
61.67,1,0.049
61.68,1,0.050
61.69,1,0.055
61.70,1,0.063
61.71,1,0.071
61.72,1,0.079
61.73,1,0.084
61.74,1,0.088
61.75,1,0.092
61.76,1,0.096
61.77,1,0.098
61.78,1,0.097
61.79,1,0.095
61.80,1,0.096
61.81,1,0.094
61.82,1,0.093
61.83,1,0.099
61.84,1,0.100
61.85,1,0.098
61.86,1,0.091
61.87,1,0.083
61.88,1,0.072
61.89,1,0.066
61.90,1,0.061
61.91,1,0.057
61.92,1,0.053
61.93,1,0.049
61.94,1,0.044
61.95,1,0.043
61.96,1,0.042
61.97,1,0.047
61.98,1,0.054
61.99,1,0.059
62.00,1,0.061
62.01,1,0.062
62.02,1,0.060
62.03,1,0.056
62.04,1,0.053
62.05,1,0.059
62.06,1,0.063
62.07,1,0.070
62.08,1,0.078
62.09,1,0.087
62.10,1,0.090
62.11,1,0.097
62.12,1,0.101
62.13,1,0.101
62.14,1,0.101
62.15,1,0.100
62.16,1,0.094
62.17,1,0.093
62.18,1,0.097
62.19,1,0.093
62.20,1,0.093
62.21,1,0.093
62.22,1,0.089
62.23,1,0.088
62.24,1,0.092
62.25,1,0.095
62.26,1,0.098
62.27,1,0.104
62.28,1,0.106
62.29,1,0.105
62.30,1,0.106
62.31,1,0.107
62.32,1,0.098
62.33,1,0.088
62.34,1,0.080
62.35,1,0.069
62.36,1,0.057
62.37,1,0.052
62.38,1,0.052
62.39,1,0.064
62.40,1,0.076
62.41,1,0.081
62.42,1,0.083
62.43,1,0.100
62.44,1,0.111
62.45,1,0.132
62.46,1,0.183
62.47,1,0.379
62.48,1,1.033
62.49,1,1.145
62.50,1,1.087
62.51,1,1.078
62.52,1,0.930
62.53,1,0.801
62.54,1,0.583
62.55,1,0.477
62.56,1,0.408
62.57,1,0.385
62.58,1,0.364
62.59,1,0.322
62.60,1,0.279
62.61,1,0.288
62.62,1,0.257
62.63,1,0.254
62.64,1,0.269
62.65,1,0.269
62.66,1,0.253
62.67,1,0.281
62.68,1,0.307
62.69,1,0.370
62.70,1,0.413
62.71,1,0.484
62.72,1,0.567
62.73,1,0.663
62.74,1,0.763
62.75,1,1.048
62.76,1,0.949
62.77,1,0.575
62.78,1,0.201
62.79,1,0.074
62.80,1,0.049
62.81,1,0.052
62.82,1,0.040
62.83,1,0.035
62.84,1,0.029
62.85,1,0.026
62.86,1,0.023
62.87,1,0.022
62.88,1,0.030
62.89,1,0.039
62.90,1,0.041
62.91,1,0.044
62.92,1,0.044
62.93,1,0.037
62.94,1,0.033
62.95,1,0.030
62.96,1,0.028
62.97,1,0.029
62.98,1,0.028
62.99,1,0.027
63.00,1,0.026
63.01,1,0.021
63.02,1,0.019
63.03,1,0.022
63.04,1,0.029
63.05,1,0.057
63.06,1,0.092
63.07,1,0.132
63.08,1,0.153
63.09,1,0.162
63.10,1,0.151
63.11,1,0.121
63.12,1,0.088
63.13,1,0.066
63.14,1,0.054
63.15,1,0.061
63.16,1,0.068
63.17,1,0.068
63.18,1,0.064
63.19,1,0.054
63.20,1,0.045
63.21,1,0.040
63.22,1,0.034
63.23,1,0.037
63.24,1,0.040
63.25,1,0.041
63.26,1,0.047
63.27,1,0.045
63.28,1,0.050
63.29,1,0.053
63.30,1,0.052
63.31,1,0.062
63.32,1,0.071
63.33,1,0.072
63.34,1,0.088
63.35,1,0.100
63.36,1,0.102
63.37,1,0.153
63.38,1,0.170
63.39,1,0.174
63.40,1,0.188
63.41,1,0.173
63.42,1,0.139
63.43,1,0.156
63.44,1,0.136
63.45,1,0.115
63.46,1,0.100
63.47,1,0.101
63.48,1,0.084
63.49,1,0.077
63.50,1,0.073
63.51,1,0.066
63.52,1,0.051
63.53,1,0.054
63.54,1,0.055
63.55,1,0.057
63.56,1,0.060
63.57,1,0.065
63.58,1,0.072
63.59,1,0.080
63.60,1,0.083
63.61,1,0.092
63.62,1,0.097
63.63,1,0.104
63.64,1,0.113
63.65,1,0.126
63.66,1,0.137
63.67,1,0.158
63.68,1,0.177
63.69,1,0.205
63.70,1,0.230
63.71,1,0.239
63.72,1,0.218
63.73,1,0.176
63.74,1,0.142
63.75,1,0.109
63.76,1,0.085
63.77,1,0.084
63.78,1,0.067
63.79,1,0.063
63.80,1,0.062
63.81,1,0.058
63.82,1,0.057
63.83,1,0.058
63.84,1,0.056
63.85,1,0.058
63.86,1,0.054
63.87,1,0.052
63.88,1,0.054
63.89,1,0.053
63.90,1,0.045
63.91,1,0.046
63.92,1,0.050
63.93,1,0.046
63.94,1,0.048
63.95,1,0.058
63.96,1,0.077
63.97,1,0.101
63.98,1,0.124
63.99,1,0.132
64.00,1,0.129
64.01,1,0.120
64.02,1,0.108
64.03,1,0.098
64.04,1,0.097
64.05,1,0.101
64.06,1,0.111
64.07,1,0.109
64.08,1,0.138
64.09,1,0.178
64.10,1,0.117
64.11,1,0.096
64.12,1,0.084
64.13,1,0.072
64.14,1,0.069
64.15,1,0.072
64.16,1,0.077
64.17,1,0.089
64.18,1,0.097
64.19,1,0.094
64.20,1,0.088
64.21,1,0.079
64.22,1,0.075
64.23,1,0.070
64.24,1,0.071
64.25,1,0.072
64.26,1,0.070
64.27,1,0.069
64.28,1,0.067
64.29,1,0.067
64.30,1,0.068
64.31,1,0.088
64.32,1,0.100
64.33,1,0.125
64.34,1,0.155
64.35,1,0.192
64.36,1,0.207
64.37,1,0.251
64.38,1,0.294
64.39,1,0.400
64.40,1,0.574
64.41,1,0.864
64.42,1,1.086
64.43,1,1.394
64.44,1,1.549
64.45,1,1.668
64.46,1,1.809
64.47,1,1.615
64.48,1,1.606
64.49,1,1.534
64.50,1,1.561
64.51,1,1.696
64.52,1,1.836
64.53,1,1.869
64.54,1,1.788
64.55,1,1.566
64.56,1,1.517
64.57,1,1.579
64.58,1,1.590
64.59,1,1.552
64.60,1,1.916
64.61,1,2.192
64.62,1,2.130
64.63,1,2.044
64.64,1,1.794
64.65,1,1.088
64.66,1,0.859
64.67,1,0.719
64.68,1,0.556
64.69,1,0.566
64.70,1,0.630
64.71,1,0.594
64.72,1,0.614
64.73,1,0.724
64.74,1,0.742
64.75,1,0.838
64.76,1,1.177
64.77,1,1.462
64.78,1,1.667
64.79,1,1.884
64.80,1,1.701
64.81,1,1.455
64.82,1,1.411
64.83,1,1.246
64.84,1,0.983
64.85,1,0.991
64.86,1,0.955
64.87,1,0.793
64.88,1,1.008
64.89,1,0.995
64.90,1,0.980
64.91,1,0.936
64.92,1,0.827
64.93,1,0.641
64.94,1,0.512
64.95,1,0.550
64.96,1,0.559
64.97,1,0.576
64.98,1,0.842
64.99,1,1.280
65.00,1,1.511
65.01,1,1.458
65.02,1,1.387
65.03,1,1.140
65.04,1,0.820
65.05,1,0.636
65.06,1,0.743
65.07,1,0.756
65.08,1,0.745
65.09,1,0.747
65.10,1,0.701
65.11,1,0.629
65.12,1,0.653
65.13,1,0.653
65.14,1,0.759
65.15,1,0.814
65.16,1,0.869
65.17,1,0.903
65.18,1,0.986
65.19,1,1.140
65.20,1,1.292
65.21,1,1.726
65.22,1,2.245
65.23,1,2.275
65.24,1,2.311
65.25,1,1.992
65.26,1,1.443
65.27,1,1.511
65.28,1,1.823
65.29,1,1.897
65.30,1,2.306
65.31,1,2.352
65.32,1,1.857
65.33,1,1.456
65.34,1,1.354
65.35,1,0.674
65.36,1,0.223
65.37,1,0.180
65.38,1,0.215
65.39,1,0.224
65.40,1,0.253
65.41,1,0.300
65.42,1,0.351
65.43,1,0.371
65.44,1,0.412
65.45,1,0.419
65.46,1,0.450
65.47,1,0.440
65.48,1,0.444
65.49,1,0.411
65.50,1,0.405
65.51,1,0.383
65.52,1,0.397
65.53,1,0.349
65.54,1,0.315
65.55,1,0.405
65.56,1,0.458
65.57,1,0.488
65.58,1,0.656
65.59,1,1.026
65.60,1,1.107
65.61,1,1.143
65.62,1,1.189
65.63,1,1.253
65.64,1,1.084
65.65,1,0.625
65.66,1,0.530
65.67,1,0.416
65.68,1,0.297
65.69,1,0.222
65.70,1,0.195
65.71,1,0.154
65.72,1,0.206
65.73,1,0.296
65.74,1,0.380
65.75,1,0.472
65.76,1,0.568
65.77,1,0.637
65.78,1,0.583
65.79,1,0.547
65.80,1,0.513
65.81,1,0.514
65.82,1,0.435
65.83,1,0.431
65.84,1,0.416
65.85,1,0.307
65.86,1,0.309
65.87,1,0.306
65.88,1,0.329
65.89,1,0.342
65.90,1,0.334
65.91,1,0.315
65.92,1,0.278
65.93,1,0.242
65.94,1,0.233
65.95,1,0.243
65.96,1,0.289
65.97,1,0.334
65.98,1,0.393
65.99,1,0.424
66.00,1,0.387
66.01,1,0.364
66.02,1,0.332
66.03,1,0.327
66.04,1,0.335
66.05,1,0.364
66.06,1,0.377
66.07,1,0.379
66.08,1,0.375
66.09,1,0.372
66.10,1,0.361
66.11,1,0.348
66.12,1,0.330
66.13,1,0.312
66.14,1,0.301
66.15,1,0.310
66.16,1,0.339
66.17,1,0.374
66.18,1,0.404
66.19,1,0.434
66.20,1,0.463
66.21,1,0.480
66.22,1,0.521
66.23,1,0.499
66.24,1,0.456
66.25,1,0.414
66.26,1,0.349
66.27,1,0.319
66.28,1,0.329
66.29,1,0.335
66.30,1,0.330
66.31,1,0.307
66.32,1,0.269
66.33,1,0.238
66.34,1,0.217
66.35,1,0.229
66.36,1,0.233
66.37,1,0.231
66.38,1,0.249
66.39,1,0.261
66.40,1,0.263
66.41,1,0.272
66.42,1,0.300
66.43,1,0.317
66.44,1,0.331
66.45,1,0.324
66.46,1,0.315
66.47,1,0.288
66.48,1,0.259
66.49,1,0.267
66.50,1,0.299
66.51,1,0.307
66.52,1,0.307
66.53,1,0.333
66.54,1,0.340
66.55,1,0.367
66.56,1,0.515
66.57,1,0.941
66.58,1,1.181
66.59,1,0.682
66.60,1,0.359
66.61,1,0.290
66.62,1,0.259
66.63,1,0.230
66.64,1,0.238
66.65,1,0.266
66.66,1,0.301
66.67,1,0.342
66.68,1,0.364
66.69,1,0.354
66.70,1,0.346
66.71,1,0.318
66.72,1,0.301
66.73,1,0.300
66.74,1,0.290
66.75,1,0.291
66.76,1,0.307
66.77,1,0.297
66.78,1,0.310
66.79,1,0.322
66.80,1,0.314
66.81,1,0.310
66.82,1,0.313
66.83,1,0.324
66.84,1,0.343
66.85,1,0.387
66.86,1,0.533
66.87,1,1.028
66.88,1,1.008
66.89,1,1.022
66.90,1,0.778
66.91,1,0.622
66.92,1,0.451
66.93,1,0.250
66.94,1,0.173
66.95,1,0.165
66.96,1,0.188
66.97,1,0.216
66.98,1,0.284
66.99,1,0.360
67.00,1,0.443
67.01,1,0.505
67.02,1,0.555
67.03,1,0.540
67.04,1,0.505
67.05,1,0.480
67.06,1,0.482
67.07,1,0.528
67.08,1,0.536
67.09,1,0.509
67.10,1,0.479
67.11,1,0.356
67.12,1,0.257
67.13,1,0.230
67.14,1,0.229
67.15,1,0.231
67.16,1,0.253
67.17,1,0.299
67.18,1,0.352
67.19,1,0.357
67.20,1,0.359
67.21,1,0.358
67.22,1,0.341
67.23,1,0.352
67.24,1,0.397
67.25,1,0.435
67.26,1,0.483
67.27,1,0.521
67.28,1,0.521
67.29,1,0.507
67.30,1,0.508
67.31,1,0.471
67.32,1,0.444
67.33,1,0.440
67.34,1,0.423
67.35,1,0.432
67.36,1,0.434
67.37,1,0.422
67.38,1,0.447
67.39,1,0.446
67.40,1,0.386
67.41,1,0.295
67.42,1,0.254
67.43,1,0.243
67.44,1,0.252
67.45,1,0.250
67.46,1,0.274
67.47,1,0.273
67.48,1,0.281
67.49,1,0.304
67.50,1,0.346
67.51,1,0.396
67.52,1,0.535
67.53,1,0.697
67.54,1,0.780
67.55,1,0.511
67.56,1,0.209
67.57,1,0.147
67.58,1,0.156
67.59,1,0.199
67.60,1,0.236
67.61,1,0.300
67.62,1,0.348
67.63,1,0.415
67.64,1,0.453
67.65,1,0.462
67.66,1,0.455
67.67,1,0.425
67.68,1,0.405
67.69,1,0.378
67.70,1,0.349
67.71,1,0.331
67.72,1,0.368
67.73,1,0.411
67.74,1,0.423
67.75,1,0.425
67.76,1,0.421
67.77,1,0.414
67.78,1,0.426
67.79,1,0.471
67.80,1,0.500
67.81,1,0.522
67.82,1,0.516
67.83,1,0.492
67.84,1,0.434
67.85,1,0.377
67.86,1,0.406
67.87,1,0.480
67.88,1,0.665
67.89,1,0.956
67.90,1,1.195
67.91,1,0.941
67.92,1,0.882
67.93,1,0.940
67.94,1,0.960
67.95,1,0.999
67.96,1,1.153
67.97,1,1.186
67.98,1,1.003
67.99,1,0.834
68.00,1,0.854
68.01,1,0.897
68.02,1,0.820
68.03,1,0.734
68.04,1,0.365
68.05,1,0.197
68.06,1,0.136
68.07,1,0.136
68.08,1,0.153
68.09,1,0.170
68.10,1,0.186
68.11,1,0.195
68.12,1,0.178
68.13,1,0.154
68.14,1,0.125
68.15,1,0.110
68.16,1,0.101
68.17,1,0.096
68.18,1,0.095
68.19,1,0.111
68.20,1,0.122
68.21,1,0.122
68.22,1,0.145
68.23,1,0.171
68.24,1,0.184
68.25,1,0.218
68.26,1,0.244
68.27,1,0.277
68.28,1,0.291
68.29,1,0.289
68.30,1,0.261
68.31,1,0.266
68.32,1,0.256
68.33,1,0.242
68.34,1,0.271
68.35,1,0.303
68.36,1,0.350
68.37,1,0.377
68.38,1,0.402
68.39,1,0.412
68.40,1,0.407
68.41,1,0.414
68.42,1,0.419
68.43,1,0.431
68.44,1,0.459
68.45,1,0.469
68.46,1,0.517
68.47,1,0.542
68.48,1,0.567
68.49,1,0.606
68.50,1,0.538
68.51,1,0.442
68.52,1,0.352
68.53,1,0.272
68.54,1,0.218
68.55,1,0.214
68.56,1,0.221
68.57,1,0.231
68.58,1,0.261
68.59,1,0.270
68.60,1,0.303
68.61,1,0.312
68.62,1,0.328
68.63,1,0.335
68.64,1,0.324
68.65,1,0.344
68.66,1,0.313
68.67,1,0.339
68.68,1,0.326
68.69,1,0.337
68.70,1,0.324
68.71,1,0.290
68.72,1,0.281
68.73,1,0.254
68.74,1,0.265
68.75,1,0.299
68.76,1,0.322
68.77,1,0.354
68.78,1,0.383
68.79,1,0.391
68.80,1,0.391
68.81,1,0.346
68.82,1,0.325
68.83,1,0.276
68.84,1,0.253
68.85,1,0.193
68.86,1,0.171
68.87,1,0.182
68.88,1,0.217
68.89,1,0.262
68.90,1,0.331
68.91,1,0.381
68.92,1,0.424
68.93,1,0.433
68.94,1,0.395
68.95,1,0.357
68.96,1,0.331
68.97,1,0.318
68.98,1,0.314
68.99,1,0.323
69.00,1,0.326
69.01,1,0.344
69.02,1,0.338
69.03,1,0.350
69.04,1,0.331
69.05,1,0.330
69.06,1,0.378
69.07,1,0.442
69.08,1,0.548
69.09,1,0.679
69.10,1,0.838
69.11,1,0.841
69.12,1,0.590
69.13,1,0.394
69.14,1,0.307
69.15,1,0.263
69.16,1,0.259
69.17,1,0.270
69.18,1,0.283
69.19,1,0.309
69.20,1,0.325
69.21,1,0.325
69.22,1,0.330
69.23,1,0.331
69.24,1,0.339
69.25,1,0.338
69.26,1,0.356
69.27,1,0.384
69.28,1,0.404
69.29,1,0.466
69.30,1,0.502
69.31,1,0.550
69.32,1,0.554
69.33,1,0.527
69.34,1,0.502
69.35,1,0.455
69.36,1,0.424
69.37,1,0.414
69.38,1,0.434
69.39,1,0.496
69.40,1,0.549
69.41,1,0.598
69.42,1,0.696
69.43,1,0.718
69.44,1,0.706
69.45,1,0.571
69.46,1,0.366
69.47,1,0.295
69.48,1,0.267
69.49,1,0.270
69.50,1,0.298
69.51,1,0.336
69.52,1,0.350
69.53,1,0.381
69.54,1,0.436
69.55,1,0.496
69.56,1,0.513
69.57,1,0.490
69.58,1,0.454
69.59,1,0.335
69.60,1,0.272
69.61,1,0.283
69.62,1,0.320
69.63,1,0.343
69.64,1,0.363
69.65,1,0.350
69.66,1,0.364
69.67,1,0.375
69.68,1,0.395
69.69,1,0.415
69.70,1,0.454
69.71,1,0.454
69.72,1,0.392
69.73,1,0.358
69.74,1,0.333
69.75,1,0.321
69.76,1,0.335
69.77,1,0.360
69.78,1,0.360
69.79,1,0.384
69.80,1,0.414
69.81,1,0.446
69.82,1,0.499
69.83,1,0.781
69.84,1,0.691
69.85,1,0.553
69.86,1,0.530
69.87,1,0.525
69.88,1,0.453
69.89,1,0.467
69.90,1,0.451
69.91,1,0.445
69.92,1,0.475
69.93,1,0.468
69.94,1,0.373
69.95,1,0.313
69.96,1,0.293
69.97,1,0.280
69.98,1,0.268
69.99,1,0.283
70.00,1,0.300
70.01,1,0.289
70.02,1,0.316
70.03,1,0.343
70.04,1,0.363
70.05,1,0.367
70.06,1,0.351
70.07,1,0.313
70.08,1,0.316
70.09,1,0.324
70.10,1,0.334
70.11,1,0.343
70.12,1,0.332
70.13,1,0.340
70.14,1,0.388
70.15,1,0.428
70.16,1,0.532
70.17,1,0.627
70.18,1,0.588
70.19,1,0.359
70.20,1,0.250
70.21,1,0.274
70.22,1,0.325
70.23,1,0.371
70.24,1,0.428
70.25,1,0.464
70.26,1,0.469
70.27,1,0.446
70.28,1,0.413
70.29,1,0.406
70.30,1,0.379
70.31,1,0.364
70.32,1,0.352
70.33,1,0.356
70.34,1,0.363
70.35,1,0.374
70.36,1,0.426
70.37,1,0.518
70.38,1,0.743
70.39,1,0.892
70.40,1,1.016
70.41,1,1.063
70.42,1,1.101
70.43,1,1.181
70.44,1,1.346
70.45,1,1.305
70.46,1,1.355
70.47,1,1.303
70.48,1,1.186
70.49,1,0.919
70.50,1,0.856
70.51,1,0.758
70.52,1,0.668
70.53,1,0.607
70.54,1,0.426
70.55,1,0.210
70.56,1,0.151
70.57,1,0.135
70.58,1,0.146
70.59,1,0.154
70.60,1,0.180
70.61,1,0.208
70.62,1,0.260
70.63,1,0.312
70.64,1,0.328
70.65,1,0.381
70.66,1,0.432
70.67,1,0.358
70.68,1,0.269
70.69,1,0.257
70.70,1,0.299
70.71,1,0.316
70.72,1,0.332
70.73,1,0.304
70.74,1,0.279
70.75,1,0.256
70.76,1,0.226
70.77,1,0.219
70.78,1,0.233
70.79,1,0.253
70.80,1,0.264
70.81,1,0.278
70.82,1,0.278
70.83,1,0.258
70.84,1,0.232
70.85,1,0.229
70.86,1,0.228
70.87,1,0.230
70.88,1,0.234
70.89,1,0.235
70.90,1,0.243
70.91,1,0.267
70.92,1,0.291
70.93,1,0.310
70.94,1,0.327
70.95,1,0.335
70.96,1,0.351
70.97,1,0.372
70.98,1,0.366
70.99,1,0.383
71.00,1,0.402
71.01,1,0.431
71.02,1,0.457
71.03,1,0.561
71.04,1,0.498
71.05,1,0.302
71.06,1,0.218
71.07,1,0.210
71.08,1,0.247
71.09,1,0.277
71.10,1,0.340
71.11,1,0.400
71.12,1,0.428
71.13,1,0.432
71.14,1,0.402
71.15,1,0.348
71.16,1,0.316
71.17,1,0.316
71.18,1,0.327
71.19,1,0.358
71.20,1,0.410
71.21,1,0.427
71.22,1,0.421
71.23,1,0.428
71.24,1,0.413
71.25,1,0.400
71.26,1,0.404
71.27,1,0.423
71.28,1,0.453
71.29,1,0.562
71.30,1,0.695
71.31,1,0.789
71.32,1,0.654
71.33,1,0.353
71.34,1,0.223
71.35,1,0.224
71.36,1,0.229
71.37,1,0.246
71.38,1,0.264
71.39,1,0.293
71.40,1,0.299
71.41,1,0.290
71.42,1,0.293
71.43,1,0.268
71.44,1,0.243
71.45,1,0.213
71.46,1,0.197
71.47,1,0.202
71.48,1,0.208
71.49,1,0.224
71.50,1,0.242
71.51,1,0.248
71.52,1,0.239
71.53,1,0.252
71.54,1,0.264
71.55,1,0.283
71.56,1,0.324
71.57,1,0.373
71.58,1,0.424
71.59,1,0.570
71.60,1,0.938
71.61,1,1.093
71.62,1,1.152
71.63,1,1.025
71.64,1,0.980
71.65,1,0.783
71.66,1,0.444
71.67,1,0.313
71.68,1,0.304
71.69,1,0.302
71.70,1,0.303
71.71,1,0.296
71.72,1,0.282
71.73,1,0.254
71.74,1,0.237
71.75,1,0.255
71.76,1,0.295
71.77,1,0.363
71.78,1,0.419
71.79,1,0.443
71.80,1,0.461
71.81,1,0.449
71.82,1,0.437
71.83,1,0.430
71.84,1,0.432
71.85,1,0.459
71.86,1,0.498
71.87,1,0.525
71.88,1,0.575
71.89,1,0.610
71.90,1,0.607
71.91,1,0.717
71.92,1,0.789
71.93,1,0.738
71.94,1,0.713
71.95,1,0.524
71.96,1,0.388
71.97,1,0.361
71.98,1,0.266
71.99,1,0.225
72.00,1,0.241
72.01,1,0.250
72.02,1,0.273
72.03,1,0.324
72.04,1,0.366
72.05,1,0.340
72.06,1,0.259
72.07,1,0.211
72.08,1,0.186
72.09,1,0.200
72.10,1,0.229
72.11,1,0.269
72.12,1,0.304
72.13,1,0.354
72.14,1,0.394
72.15,1,0.430
72.16,1,0.437
72.17,1,0.440
72.18,1,0.444
72.19,1,0.453
72.20,1,0.479
72.21,1,0.654
72.22,1,1.113
72.23,1,1.210
72.24,1,0.798
72.25,1,0.352
72.26,1,0.289
72.27,1,0.285
72.28,1,0.332
72.29,1,0.337
72.30,1,0.262
72.31,1,0.211
72.32,1,0.216
72.33,1,0.227
72.34,1,0.256
72.35,1,0.306
72.36,1,0.352
72.37,1,0.375
72.38,1,0.389
72.39,1,0.386
72.40,1,0.371
72.41,1,0.365
72.42,1,0.370
72.43,1,0.366
72.44,1,0.358
72.45,1,0.344
72.46,1,0.347
72.47,1,0.350
72.48,1,0.357
72.49,1,0.350
72.50,1,0.347
72.51,1,0.368
72.52,1,0.396
72.53,1,0.434
72.54,1,0.491
72.55,1,0.657
72.56,1,0.701
72.57,1,0.648
72.58,1,0.649
72.59,1,0.666
72.60,1,0.241
72.61,1,0.157
72.62,1,0.171
72.63,1,0.243
72.64,1,0.317
72.65,1,0.358
72.66,1,0.394
72.67,1,0.430
72.68,1,0.422
72.69,1,0.411
72.70,1,0.418
72.71,1,0.397
72.72,1,0.360
72.73,1,0.336
72.74,1,0.339
72.75,1,0.351
72.76,1,0.383
72.77,1,0.405
72.78,1,0.406
72.79,1,0.423
72.80,1,0.449
72.81,1,0.429
72.82,1,0.415
72.83,1,0.420
72.84,1,0.401
72.85,1,0.358
72.86,1,0.389
72.87,1,0.409
72.88,1,0.387
72.89,1,0.392
72.90,1,0.377
72.91,1,0.331
72.92,1,0.308
72.93,1,0.282
72.94,1,0.285
72.95,1,0.340
72.96,1,0.401
72.97,1,0.427
72.98,1,0.440
72.99,1,0.467
73.00,1,0.448
73.01,1,0.418
73.02,1,0.406
73.03,1,0.406
73.04,1,0.389
73.05,1,0.401
73.06,1,0.395
73.07,1,0.383
73.08,1,0.373
73.09,1,0.364
73.10,1,0.394
73.11,1,0.456
73.12,1,0.472
73.13,1,0.493
73.14,1,0.536
73.15,1,0.512
73.16,1,0.516
73.17,1,0.813
73.18,1,1.252
73.19,1,1.061
73.20,1,0.898
73.21,1,0.771
73.22,1,0.430
73.23,1,0.145
73.24,1,0.166
73.25,1,0.184
73.26,1,0.193
73.27,1,0.211
73.28,1,0.242
73.29,1,0.250
73.30,1,0.269
73.31,1,0.304
73.32,1,0.338
73.33,1,0.372
73.34,1,0.421
73.35,1,0.449
73.36,1,0.447
73.37,1,0.445
73.38,1,0.390
73.39,1,0.271
73.40,1,0.209
73.41,1,0.209
73.42,1,0.222
73.43,1,0.252
73.44,1,0.298
73.45,1,0.331
73.46,1,0.338
73.47,1,0.353
73.48,1,0.342
73.49,1,0.317
73.50,1,0.301
73.51,1,0.289
73.52,1,0.284
73.53,1,0.273
73.54,1,0.256
73.55,1,0.248
73.56,1,0.238
73.57,1,0.239
73.58,1,0.268
73.59,1,0.289
73.60,1,0.271
73.61,1,0.291
73.62,1,0.277
73.63,1,0.274
73.64,1,0.266
73.65,1,0.247
73.66,1,0.192
73.67,1,0.181
73.68,1,0.219
73.69,1,0.260
73.70,1,0.276
73.71,1,0.328
73.72,1,0.316
73.73,1,0.343
73.74,1,0.341
73.75,1,0.362
73.76,1,0.325
73.77,1,0.318
73.78,1,0.220
73.79,1,0.240
73.80,1,0.225
73.81,1,0.248
73.82,1,0.362
73.83,1,0.738
73.84,1,0.719
73.85,1,0.874
73.86,1,0.776
73.87,1,0.504
73.88,1,0.247
73.89,1,0.106
73.90,1,0.104
73.91,1,0.169
73.92,1,0.240
73.93,1,0.256
73.94,1,0.330
73.95,1,0.392
73.96,1,0.429
73.97,1,0.393
73.98,1,0.394
73.99,1,0.373
74.00,1,0.354
74.01,1,0.350
74.02,1,0.352
74.03,1,0.352
74.04,1,0.354
74.05,1,0.346
74.06,1,0.328
74.07,1,0.304
74.08,1,0.297
74.09,1,0.308
74.10,1,0.312
74.11,1,0.367
74.12,1,0.455
74.13,1,0.653
74.14,1,1.036
74.15,1,1.205
74.16,1,1.168
74.17,1,1.172
74.18,1,1.055
74.19,1,1.136
74.20,1,1.225
74.21,1,1.197
74.22,1,1.189
74.23,1,1.249
74.24,1,1.100
74.25,1,1.089
74.26,1,0.927
74.27,1,0.869
74.28,1,0.734
74.29,1,0.396
74.30,1,0.211
74.31,1,0.141
74.32,1,0.135
74.33,1,0.154
74.34,1,0.165
74.35,1,0.150
74.36,1,0.154
74.37,1,0.149
74.38,1,0.162
74.39,1,0.165
74.40,1,0.191
74.41,1,0.205
74.42,1,0.244
74.43,1,0.271
74.44,1,0.326
74.45,1,0.313
74.46,1,0.316
74.47,1,0.281
74.48,1,0.280
74.49,1,0.256
74.50,1,0.251
74.51,1,0.205
74.52,1,0.176
74.53,1,0.181
74.54,1,0.167
74.55,1,0.186
74.56,1,0.251
74.57,1,0.272
74.58,1,0.318
74.59,1,0.344
74.60,1,0.293
74.61,1,0.254
74.62,1,0.240
74.63,1,0.228
74.64,1,0.206
74.65,1,0.208
74.66,1,0.200
74.67,1,0.200
74.68,1,0.201
74.69,1,0.219
74.70,1,0.221
74.71,1,0.237
74.72,1,0.253
74.73,1,0.282
74.74,1,0.296
74.75,1,0.305
74.76,1,0.308
74.77,1,0.297
74.78,1,0.284
74.79,1,0.266
74.80,1,0.279
74.81,1,0.272
74.82,1,0.280
74.83,1,0.294
74.84,1,0.305
74.85,1,0.326
74.86,1,0.357
74.87,1,0.384
74.88,1,0.398
74.89,1,0.377
74.90,1,0.373
74.91,1,0.352
74.92,1,0.335
74.93,1,0.336
74.94,1,0.380
74.95,1,0.410
74.96,1,0.395
74.97,1,0.301
74.98,1,0.273
74.99,1,0.236
75.00,1,0.237
75.01,1,0.266
75.02,1,0.313
75.03,1,0.355
75.04,1,0.395
75.05,1,0.434
75.06,1,0.497
75.07,1,0.569
75.08,1,0.541
75.09,1,0.395
75.10,1,0.321
75.11,1,0.315
75.12,1,0.325
75.13,1,0.367
75.14,1,0.392
75.15,1,0.332
75.16,1,0.340
75.17,1,0.332
75.18,1,0.302
75.19,1,0.291
75.20,1,0.302
75.21,1,0.286
75.22,1,0.303
75.23,1,0.321
75.24,1,0.333
75.25,1,0.369
75.26,1,0.372
75.27,1,0.374
75.28,1,0.386
75.29,1,0.393
75.30,1,0.402
75.31,1,0.420
75.32,1,0.430
75.33,1,0.416
75.34,1,0.388
75.35,1,0.357
75.36,1,0.360
75.37,1,0.358
75.38,1,0.372
75.39,1,0.384
75.40,1,0.387
75.41,1,0.388
75.42,1,0.381
75.43,1,0.377
75.44,1,0.344
75.45,1,0.274
75.46,1,0.242
75.47,1,0.236
75.48,1,0.271
75.49,1,0.315
75.50,1,0.367
75.51,1,0.362
75.52,1,0.352
75.53,1,0.337
75.54,1,0.310
75.55,1,0.293
75.56,1,0.306
75.57,1,0.303
75.58,1,0.295
75.59,1,0.271
75.60,1,0.248
75.61,1,0.226
75.62,1,0.209
75.63,1,0.198
75.64,1,0.207
75.65,1,0.218
75.66,1,0.235
75.67,1,0.258
75.68,1,0.277
75.69,1,0.313
75.70,1,0.350
75.71,1,0.369
75.72,1,0.415
75.73,1,0.422
75.74,1,0.360
75.75,1,0.309
75.76,1,0.293
75.77,1,0.266
75.78,1,0.250
75.79,1,0.251
75.80,1,0.281
75.81,1,0.332
75.82,1,0.379
75.83,1,0.426
75.84,1,0.520
75.85,1,0.529
75.86,1,0.485
75.87,1,0.488
75.88,1,0.462
75.89,1,0.420
75.90,1,0.386
75.91,1,0.372
75.92,1,0.353
75.93,1,0.348
75.94,1,0.379
75.95,1,0.427
75.96,1,0.432
75.97,1,0.422
75.98,1,0.387
75.99,1,0.327
76.00,1,0.277
76.01,1,0.261
76.02,1,0.266
76.03,1,0.299
76.04,1,0.344
76.05,1,0.413
76.06,1,0.572
76.07,1,0.806
76.08,1,0.607
76.09,1,0.337
76.10,1,0.212
76.11,1,0.170
76.12,1,0.197
76.13,1,0.272
76.14,1,0.313
76.15,1,0.346
76.16,1,0.392
76.17,1,0.412
76.18,1,0.414
76.19,1,0.415
76.20,1,0.422
76.21,1,0.379
76.22,1,0.348
76.23,1,0.308
76.24,1,0.308
76.25,1,0.322
76.26,1,0.346
76.27,1,0.358
76.28,1,0.377
76.29,1,0.404
76.30,1,0.452
76.31,1,0.508
76.32,1,0.753
76.33,1,1.046
76.34,1,1.252
76.35,1,1.283
76.36,1,1.106
76.37,1,0.982
76.38,1,0.700
76.39,1,0.505
76.40,1,0.538
76.41,1,0.285
76.42,1,0.177
76.43,1,0.178
76.44,1,0.219
76.45,1,0.257
76.46,1,0.305
76.47,1,0.386
76.48,1,0.482
76.49,1,0.488
76.50,1,0.478
76.51,1,0.446
76.52,1,0.403
76.53,1,0.365
76.54,1,0.344
76.55,1,0.312
76.56,1,0.319
76.57,1,0.332
76.58,1,0.379
76.59,1,0.419
76.60,1,0.431
76.61,1,0.438
76.62,1,0.432
76.63,1,0.399
76.64,1,0.366
76.65,1,0.359
76.66,1,0.338
76.67,1,0.334
76.68,1,0.326
76.69,1,0.339
76.70,1,0.375
76.71,1,0.382
76.72,1,0.368
76.73,1,0.322
76.74,1,0.287
76.75,1,0.263
76.76,1,0.270
76.77,1,0.293
76.78,1,0.294
76.79,1,0.313
76.80,1,0.338
76.81,1,0.368
76.82,1,0.404
76.83,1,0.436
76.84,1,0.440
76.85,1,0.438
76.86,1,0.410
76.87,1,0.364
76.88,1,0.328
76.89,1,0.316
76.90,1,0.305
76.91,1,0.313
76.92,1,0.318
76.93,1,0.312
76.94,1,0.299
76.95,1,0.364
76.96,1,0.412
76.97,1,0.415
76.98,1,0.394
76.99,1,0.363
77.00,1,0.366
77.01,1,0.401
77.02,1,0.394
77.03,1,0.492
77.04,1,0.378
77.05,1,0.233
77.06,1,0.218
77.07,1,0.273
77.08,1,0.302
77.09,1,0.332
77.10,1,0.388
77.11,1,0.446
77.12,1,0.438
77.13,1,0.449
77.14,1,0.438
77.15,1,0.411
77.16,1,0.375
77.17,1,0.393
77.18,1,0.409
77.19,1,0.440
77.20,1,0.476
77.21,1,0.475
77.22,1,0.428
77.23,1,0.388
77.24,1,0.366
77.25,1,0.372
77.26,1,0.400
77.27,1,0.442
77.28,1,0.455
77.29,1,0.414
77.30,1,0.389
77.31,1,0.352
77.32,1,0.324
77.33,1,0.299
77.34,1,0.298
77.35,1,0.285
77.36,1,0.270
77.37,1,0.260
77.38,1,0.268
77.39,1,0.301
77.40,1,0.326
77.41,1,0.360
77.42,1,0.396
77.43,1,0.410
77.44,1,0.393
77.45,1,0.382
77.46,1,0.383
77.47,1,0.383
77.48,1,0.395
77.49,1,0.401
77.50,1,0.414
77.51,1,0.398
77.52,1,0.390
77.53,1,0.401
77.54,1,0.396
77.55,1,0.385
77.56,1,0.391
77.57,1,0.384
77.58,1,0.426
77.59,1,0.466
77.60,1,0.460
77.61,1,0.438
77.62,1,0.414
77.63,1,0.438
77.64,1,0.425
77.65,1,0.417
77.66,1,0.424
77.67,1,0.404
77.68,1,0.263
77.69,1,0.221
77.70,1,0.259
77.71,1,0.275
77.72,1,0.297
77.73,1,0.360
77.74,1,0.417
77.75,1,0.457
77.76,1,0.499
77.77,1,0.568
77.78,1,0.631
77.79,1,0.634
77.80,1,0.590
77.81,1,0.548
77.82,1,0.489
77.83,1,0.440
77.84,1,0.432
77.85,1,0.469
77.86,1,0.502
77.87,1,0.564
77.88,1,0.609
77.89,1,0.633
77.90,1,0.662
77.91,1,0.715
77.92,1,0.720
77.93,1,0.685
77.94,1,0.956
77.95,1,1.376
77.96,1,1.824
77.97,1,1.828
77.98,1,1.891
77.99,1,1.823
78.00,1,1.567
78.01,1,1.287
78.02,1,1.155
78.03,1,1.024
78.04,1,0.996
78.05,1,0.989
78.06,1,0.836
78.07,1,0.778
78.08,1,0.570
78.09,1,0.330
78.10,1,0.270
78.11,1,0.261
78.12,1,0.251
78.13,1,0.289
78.14,1,0.325
78.15,1,0.239
78.16,1,0.234
78.17,1,0.230
78.18,1,0.270
78.19,1,0.266
78.20,1,0.289
78.21,1,0.276
78.22,1,0.272
78.23,1,0.228
78.24,1,0.229
78.25,1,0.223
78.26,1,0.229
78.27,1,0.234
78.28,1,0.245
78.29,1,0.281
78.30,1,0.335
78.31,1,0.365
78.32,1,0.376
78.33,1,0.405
78.34,1,0.363
78.35,1,0.295
78.36,1,0.248
78.37,1,0.215
78.38,1,0.211
78.39,1,0.220
78.40,1,0.237
78.41,1,0.254
78.42,1,0.259
78.43,1,0.282
78.44,1,0.259
78.45,1,0.253
78.46,1,0.256
78.47,1,0.249
78.48,1,0.242
78.49,1,0.242
78.50,1,0.250
78.51,1,0.235
78.52,1,0.238
78.53,1,0.236
78.54,1,0.274
78.55,1,0.282
78.56,1,0.296
78.57,1,0.297
78.58,1,0.281
78.59,1,0.268
78.60,1,0.249
78.61,1,0.251
78.62,1,0.224
78.63,1,0.238
78.64,1,0.266
78.65,1,0.276
78.66,1,0.311
78.67,1,0.342
78.68,1,0.349
78.69,1,0.354
78.70,1,0.345
78.71,1,0.330
78.72,1,0.325
78.73,1,0.321
78.74,1,0.323
78.75,1,0.345
78.76,1,0.341
78.77,1,0.334
78.78,1,0.325
78.79,1,0.312
78.80,1,0.326
78.81,1,0.342
78.82,1,0.387
78.83,1,0.427
78.84,1,0.468
78.85,1,0.704
78.86,1,1.261
78.87,1,1.536
78.88,1,1.357
78.89,1,1.192
78.90,1,0.714
78.91,1,0.469
78.92,1,0.162
78.93,1,0.128
78.94,1,0.108
78.95,1,0.111
78.96,1,0.150
78.97,1,0.162
78.98,1,0.183
78.99,1,0.188
79.00,1,0.185
79.01,1,0.172
79.02,1,0.171
79.03,1,0.174
79.04,1,0.186
79.05,1,0.205
79.06,1,0.218
79.07,1,0.232
79.08,1,0.253
79.09,1,0.269
79.10,1,0.269
79.11,1,0.279
79.12,1,0.283
79.13,1,0.281
79.14,1,0.276
79.15,1,0.280
79.16,1,0.296
79.17,1,0.306
79.18,1,0.330
79.19,1,0.351
79.20,1,0.402
79.21,1,0.449
79.22,1,0.484
79.23,1,0.411
79.24,1,0.358
79.25,1,0.265
79.26,1,0.226
79.27,1,0.231
79.28,1,0.285
79.29,1,0.314
79.30,1,0.349
79.31,1,0.380
79.32,1,0.378
79.33,1,0.347
79.34,1,0.325
79.35,1,0.298
79.36,1,0.311
79.37,1,0.348
79.38,1,0.422
79.39,1,0.477
79.40,1,0.482
79.41,1,0.463
79.42,1,0.416
79.43,1,0.339
79.44,1,0.285
79.45,1,0.301
79.46,1,0.320
79.47,1,0.341
79.48,1,0.415
79.49,1,0.687
79.50,1,0.979
79.51,1,0.979
79.52,1,1.141
79.53,1,0.990
79.54,1,0.653
79.55,1,0.249
79.56,1,0.166
79.57,1,0.165
79.58,1,0.190
79.59,1,0.215
79.60,1,0.261
79.61,1,0.310
79.62,1,0.348
79.63,1,0.379
79.64,1,0.397
79.65,1,0.360
79.66,1,0.345
79.67,1,0.338
79.68,1,0.336
79.69,1,0.315
79.70,1,0.327
79.71,1,0.354
79.72,1,0.377
79.73,1,0.458
79.74,1,0.534
79.75,1,0.537
79.76,1,0.543
79.77,1,0.495
79.78,1,0.400
79.79,1,0.339
79.80,1,0.323
79.81,1,0.337
79.82,1,0.364
79.83,1,0.388
79.84,1,0.400
79.85,1,0.404
79.86,1,0.399
79.87,1,0.394
79.88,1,0.377
79.89,1,0.379
79.90,1,0.370
79.91,1,0.353
79.92,1,0.351
79.93,1,0.340
79.94,1,0.319
79.95,1,0.313
79.96,1,0.301
79.97,1,0.313
79.98,1,0.327
79.99,1,0.387
80.00,1,0.439
80.01,1,0.521
80.02,1,0.622
80.03,1,0.990
80.04,1,0.443
80.05,1,0.245
80.06,1,0.216
80.07,1,0.245
80.08,1,0.275
80.09,1,0.297
80.10,1,0.316
80.11,1,0.317
80.12,1,0.320
80.13,1,0.321
80.14,1,0.343
80.15,1,0.385
80.16,1,0.397
80.17,1,0.383
80.18,1,0.382
80.19,1,0.319
80.20,1,0.236
80.21,1,0.233
80.22,1,0.240
80.23,1,0.264
80.24,1,0.329
80.25,1,0.383
80.26,1,0.402
80.27,1,0.453
80.28,1,0.478
80.29,1,0.451
80.30,1,0.464
80.31,1,0.485
80.32,1,0.478
80.33,1,0.484
80.34,1,0.483
80.35,1,0.473
80.36,1,0.458
80.37,1,0.433
80.38,1,0.456
80.39,1,0.534
80.40,1,0.622
80.41,1,0.749
80.42,1,0.980
80.43,1,1.071
80.44,1,1.019
80.45,1,1.048
80.46,1,0.991
80.47,1,1.033
80.48,1,1.177
80.49,1,1.124
80.50,1,0.961
80.51,1,0.968
80.52,1,0.903
80.53,1,0.754
80.54,1,0.788
80.55,1,0.831
80.56,1,0.884
80.57,1,0.832
80.58,1,0.869
80.59,1,0.791
80.60,1,0.702
80.61,1,0.687
80.62,1,0.703
80.63,1,0.691
80.64,1,0.614
80.65,1,0.385
80.66,1,0.262
80.67,1,0.213
80.68,1,0.145
80.69,1,0.137
80.70,1,0.155
80.71,1,0.199
80.72,1,0.217
80.73,1,0.257
80.74,1,0.279
80.75,1,0.290
80.76,1,0.276
80.77,1,0.279
80.78,1,0.270
80.79,1,0.268
80.80,1,0.275
80.81,1,0.294
80.82,1,0.302
80.83,1,0.275
80.84,1,0.247
80.85,1,0.214
80.86,1,0.218
80.87,1,0.226
80.88,1,0.261
80.89,1,0.321
80.90,1,0.370
80.91,1,0.383
80.92,1,0.394
80.93,1,0.365
80.94,1,0.331
80.95,1,0.323
80.96,1,0.327
80.97,1,0.298
80.98,1,0.285
80.99,1,0.264
81.00,1,0.242
81.01,1,0.241
81.02,1,0.261
81.03,1,0.293
81.04,1,0.332
81.05,1,0.348
81.06,1,0.371
81.07,1,0.362
81.08,1,0.372
81.09,1,0.373
81.10,1,0.372
81.11,1,0.412
81.12,1,0.669
81.13,1,0.391
81.14,1,0.268
81.15,1,0.209
81.16,1,0.221
81.17,1,0.213
81.18,1,0.221
81.19,1,0.232
81.20,1,0.245
81.21,1,0.267
81.22,1,0.319
81.23,1,0.371
81.24,1,0.394
81.25,1,0.434
81.26,1,0.425
81.27,1,0.386
81.28,1,0.379
81.29,1,0.379
81.30,1,0.383
81.31,1,0.399
81.32,1,0.383
81.33,1,0.370
81.34,1,0.350
81.35,1,0.337
81.36,1,0.316
81.37,1,0.311
81.38,1,0.310
81.39,1,0.321
81.40,1,0.340
81.41,1,0.380
81.42,1,0.400
81.43,1,0.416
81.44,1,0.408
81.45,1,0.357
81.46,1,0.284
81.47,1,0.270
81.48,1,0.270
81.49,1,0.269
81.50,1,0.300
81.51,1,0.333
81.52,1,0.320
81.53,1,0.322
81.54,1,0.329
81.55,1,0.330
81.56,1,0.322
81.57,1,0.316
81.58,1,0.305
81.59,1,0.293
81.60,1,0.280
81.61,1,0.291
81.62,1,0.282
81.63,1,0.277
81.64,1,0.256
81.65,1,0.235
81.66,1,0.251
81.67,1,0.278
81.68,1,0.315
81.69,1,0.369
81.70,1,0.389
81.71,1,0.374
81.72,1,0.396
81.73,1,0.407
81.74,1,0.431
81.75,1,0.524
81.76,1,0.586
81.77,1,0.373
81.78,1,0.262
81.79,1,0.249
81.80,1,0.239
81.81,1,0.237
81.82,1,0.314
81.83,1,0.399
81.84,1,0.442
81.85,1,0.480
81.86,1,0.475
81.87,1,0.397
81.88,1,0.360
81.89,1,0.377
81.90,1,0.409
81.91,1,0.380
81.92,1,0.355
81.93,1,0.393
81.94,1,0.452
81.95,1,0.578
81.96,1,0.752
81.97,1,0.991
81.98,1,1.193
81.99,1,1.134
82.00,1,0.944
82.01,1,1.023
82.02,1,1.252
82.03,1,1.573
82.04,1,1.641
82.05,1,1.388
82.06,1,0.530
82.07,1,0.258
82.08,1,0.195
82.09,1,0.213
82.10,1,0.249
82.11,1,0.291
82.12,1,0.337
82.13,1,0.356
82.14,1,0.346
82.15,1,0.302
82.16,1,0.278
82.17,1,0.248
82.18,1,0.239
82.19,1,0.228
82.20,1,0.226
82.21,1,0.243
82.22,1,0.275
82.23,1,0.309
82.24,1,0.336
82.25,1,0.364
82.26,1,0.382
82.27,1,0.386
82.28,1,0.406
82.29,1,0.492
82.30,1,0.496
82.31,1,0.477
82.32,1,0.480
82.33,1,0.430
82.34,1,0.427
82.35,1,0.454
82.36,1,0.446
82.37,1,0.561
82.38,1,0.489
82.39,1,0.334
82.40,1,0.203
82.41,1,0.166
82.42,1,0.197
82.43,1,0.204
82.44,1,0.241
82.45,1,0.302
82.46,1,0.335
82.47,1,0.358
82.48,1,0.373
82.49,1,0.387
82.50,1,0.372
82.51,1,0.364
82.52,1,0.356
82.53,1,0.337
82.54,1,0.323
82.55,1,0.311
82.56,1,0.293
82.57,1,0.300
82.58,1,0.295
82.59,1,0.310
82.60,1,0.364
82.61,1,0.418
82.62,1,0.514
82.63,1,0.873
82.64,1,1.755
82.65,1,1.627
82.66,1,1.377
82.67,1,1.463
82.68,1,1.393
82.69,1,1.335
82.70,1,1.144
82.71,1,0.334
82.72,1,0.239
82.73,1,0.220
82.74,1,0.220
82.75,1,0.222
82.76,1,0.247
82.77,1,0.284
82.78,1,0.324
82.79,1,0.364
82.80,1,0.409
82.81,1,0.439
82.82,1,0.445
82.83,1,0.410
82.84,1,0.349
82.85,1,0.315
82.86,1,0.332
82.87,1,0.369
82.88,1,0.415
82.89,1,0.502
82.90,1,0.541
82.91,1,0.525
82.92,1,0.499
82.93,1,0.470
82.94,1,0.433
82.95,1,0.414
82.96,1,0.414
82.97,1,0.396
82.98,1,0.350
82.99,1,0.343
83.00,1,0.365
83.01,1,0.401
83.02,1,0.458
83.03,1,0.497
83.04,1,0.445
83.05,1,0.358
83.06,1,0.350
83.07,1,0.347
83.08,1,0.352
83.09,1,0.366
83.10,1,0.352
83.11,1,0.319
83.12,1,0.301
83.13,1,0.278
83.14,1,0.267
83.15,1,0.272
83.16,1,0.301
83.17,1,0.324
83.18,1,0.339
83.19,1,0.343
83.20,1,0.342
83.21,1,0.342
83.22,1,0.361
83.23,1,0.381
83.24,1,0.392
83.25,1,0.436
83.26,1,0.490
83.27,1,0.530
83.28,1,0.594
83.29,1,0.667
83.30,1,0.750
83.31,1,0.919
83.32,1,1.103
83.33,1,1.151
83.34,1,0.897
83.35,1,0.506
83.36,1,0.255
83.37,1,0.186
83.38,1,0.160
83.39,1,0.170
83.40,1,0.208
83.41,1,0.250
83.42,1,0.315
83.43,1,0.382
83.44,1,0.427
83.45,1,0.438
83.46,1,0.429
83.47,1,0.424
83.48,1,0.416
83.49,1,0.390
83.50,1,0.376
83.51,1,0.355
83.52,1,0.367
83.53,1,0.343
83.54,1,0.335
83.55,1,0.317
83.56,1,0.326
83.57,1,0.305
83.58,1,0.310
83.59,1,0.313
83.60,1,0.320
83.61,1,0.335
83.62,1,0.337
83.63,1,0.349
83.64,1,0.379
83.65,1,0.416
83.66,1,0.427
83.67,1,0.445
83.68,1,0.452
83.69,1,0.441
83.70,1,0.429
83.71,1,0.446
83.72,1,0.466
83.73,1,0.472
83.74,1,0.453
83.75,1,0.425
83.76,1,0.460
83.77,1,0.589
83.78,1,0.668
83.79,1,0.789
83.80,1,0.826
83.81,1,0.624
83.82,1,0.442
83.83,1,0.324
83.84,1,0.244
83.85,1,0.226
83.86,1,0.233
83.87,1,0.238
83.88,1,0.237
83.89,1,0.253
83.90,1,0.269
83.91,1,0.297
83.92,1,0.329
83.93,1,0.380
83.94,1,0.399
83.95,1,0.411
83.96,1,0.390
83.97,1,0.331
83.98,1,0.326
83.99,1,0.284
84.00,1,0.248
84.01,1,0.222
84.02,1,0.205
84.03,1,0.207
84.04,1,0.242
84.05,1,0.298
84.06,1,0.355
84.07,1,0.394
84.08,1,0.398
84.09,1,0.385
84.10,1,0.368
84.11,1,0.350
84.12,1,0.344
84.13,1,0.359
84.14,1,0.362
84.15,1,0.372
84.16,1,0.387
84.17,1,0.412
84.18,1,0.427
84.19,1,0.473
84.20,1,0.537
84.21,1,0.651
84.22,1,0.914
84.23,1,0.945
84.24,1,0.951
84.25,1,0.984
84.26,1,0.939
84.27,1,0.930
84.28,1,0.960
84.29,1,0.971
84.30,1,1.023
84.31,1,1.172
84.32,1,1.412
84.33,1,1.581
84.34,1,1.746
84.35,1,1.837
84.36,1,1.761
84.37,1,1.739
84.38,1,1.435
84.39,1,1.271
84.40,1,1.161
84.41,1,0.936
84.42,1,0.730
84.43,1,0.405
84.44,1,0.205
84.45,1,0.137
84.46,1,0.114
84.47,1,0.118
84.48,1,0.130
84.49,1,0.151
84.50,1,0.188
84.51,1,0.237
84.52,1,0.282
84.53,1,0.337
84.54,1,0.392
84.55,1,0.408
84.56,1,0.355
84.57,1,0.398
84.58,1,0.453
84.59,1,0.358
84.60,1,0.221
84.61,1,0.194
84.62,1,0.174
84.63,1,0.182
84.64,1,0.207
84.65,1,0.255
84.66,1,0.320
84.67,1,0.355
84.68,1,0.412
84.69,1,0.426
84.70,1,0.406
84.71,1,0.437
84.72,1,0.434
84.73,1,0.409
84.74,1,0.395
84.75,1,0.350
84.76,1,0.319
84.77,1,0.314
84.78,1,0.295
84.79,1,0.277
84.80,1,0.249
84.81,1,0.239
84.82,1,0.245
84.83,1,0.255
84.84,1,0.275
84.85,1,0.306
84.86,1,0.359
84.87,1,0.450
84.88,1,0.571
84.89,1,0.691
84.90,1,0.855
84.91,1,0.982
84.92,1,1.011
84.93,1,0.860
84.94,1,0.760
84.95,1,0.635
84.96,1,0.599
84.97,1,0.571
84.98,1,0.523
84.99,1,0.479
85.00,1,0.423
85.01,1,0.382
85.02,1,0.354
85.03,1,0.329
85.04,1,0.296
85.05,1,0.258
85.06,1,0.296
85.07,1,0.341
85.08,1,0.369
85.09,1,0.365
85.10,1,0.349
85.11,1,0.305
85.12,1,0.274
85.13,1,0.289
85.14,1,0.343
85.15,1,0.441
85.16,1,0.509
85.17,1,0.544
85.18,1,0.554
85.19,1,0.529
85.20,1,0.460
85.21,1,0.427
85.22,1,0.393
85.23,1,0.273
85.24,1,0.195
85.25,1,0.195
85.26,1,0.186
85.27,1,0.186
85.28,1,0.199
85.29,1,0.216
85.30,1,0.230
85.31,1,0.252
85.32,1,0.269
85.33,1,0.284
85.34,1,0.264
85.35,1,0.237
85.36,1,0.209
85.37,1,0.186
85.38,1,0.181
85.39,1,0.183
85.40,1,0.189
85.41,1,0.213
85.42,1,0.240
85.43,1,0.282
85.44,1,0.327
85.45,1,0.370
85.46,1,0.406
85.47,1,0.479
85.48,1,0.584
85.49,1,0.730
85.50,1,0.890
85.51,1,0.986
85.52,1,0.935
85.53,1,0.733
85.54,1,0.457
85.55,1,0.368
85.56,1,0.354
85.57,1,0.329
85.58,1,0.247
85.59,1,0.224
85.60,1,0.209
85.61,1,0.218
85.62,1,0.210
85.63,1,0.221
85.64,1,0.218
85.65,1,0.210
85.66,1,0.219
85.67,1,0.235
85.68,1,0.266
85.69,1,0.282
85.70,1,0.284
85.71,1,0.267
85.72,1,0.245
85.73,1,0.249
85.74,1,0.282
85.75,1,0.303
85.76,1,0.362
85.77,1,0.517
85.78,1,0.682
85.79,1,0.724
85.80,1,0.733
85.81,1,0.640
85.82,1,0.607
85.83,1,0.663
85.84,1,0.574
85.85,1,0.456
85.86,1,0.452
85.87,1,0.432
85.88,1,0.401
85.89,1,0.341
85.90,1,0.278
85.91,1,0.220
85.92,1,0.202
85.93,1,0.181
85.94,1,0.193
85.95,1,0.206
85.96,1,0.222
85.97,1,0.232
85.98,1,0.231
85.99,1,0.224
86.00,1,0.187
86.01,1,0.193
86.02,1,0.192
86.03,1,0.216
86.04,1,0.226
86.05,1,0.233
86.06,1,0.244
86.07,1,0.260
86.08,1,0.296
86.09,1,0.351
86.10,1,0.357
86.11,1,0.343
86.12,1,0.326
86.13,1,0.270
86.14,1,0.254
86.15,1,0.263
86.16,1,0.303
86.17,1,0.318
86.18,1,0.342
86.19,1,0.348
86.20,1,0.343
86.21,1,0.328
86.22,1,0.317
86.23,1,0.319
86.24,1,0.315
86.25,1,0.315
86.26,1,0.311
86.27,1,0.293
86.28,1,0.288
86.29,1,0.274
86.30,1,0.260
86.31,1,0.256
86.32,1,0.266
86.33,1,0.294
86.34,1,0.310
86.35,1,0.341
86.36,1,0.343
86.37,1,0.323
86.38,1,0.284
86.39,1,0.270
86.40,1,0.265
86.41,1,0.273
86.42,1,0.302
86.43,1,0.325
86.44,1,0.332
86.45,1,0.333
86.46,1,0.325
86.47,1,0.346
86.48,1,0.324
86.49,1,0.322
86.50,1,0.330
86.51,1,0.339
86.52,1,0.331
86.53,1,0.314
86.54,1,0.314
86.55,1,0.276
86.56,1,0.269
86.57,1,0.272
86.58,1,0.263
86.59,1,0.273
86.60,1,0.243
86.61,1,0.261
86.62,1,0.259
86.63,1,0.261
86.64,1,0.277
86.65,1,0.266
86.66,1,0.268
86.67,1,0.250
86.68,1,0.235
86.69,1,0.227
86.70,1,0.218
86.71,1,0.220
86.72,1,0.239
86.73,1,0.251
86.74,1,0.275
86.75,1,0.288
86.76,1,0.290
86.77,1,0.285
86.78,1,0.279
86.79,1,0.284
86.80,1,0.300
86.81,1,0.322
86.82,1,0.329
86.83,1,0.267
86.84,1,0.238
86.85,1,0.243
86.86,1,0.276
86.87,1,0.288
86.88,1,0.320
86.89,1,0.335
86.90,1,0.327
86.91,1,0.333
86.92,1,0.357
86.93,1,0.363
86.94,1,0.372
86.95,1,0.384
86.96,1,0.386
86.97,1,0.394
86.98,1,0.397
86.99,1,0.389
87.00,1,0.368
87.01,1,0.341
87.02,1,0.308
87.03,1,0.312
87.04,1,0.329
87.05,1,0.346
87.06,1,0.373
87.07,1,0.391
87.08,1,0.373
87.09,1,0.362
87.10,1,0.354
87.11,1,0.326
87.12,1,0.293
87.13,1,0.287
87.14,1,0.285
87.15,1,0.281
87.16,1,0.298
87.17,1,0.339
87.18,1,0.368
87.19,1,0.397
87.20,1,0.437
87.21,1,0.477
87.22,1,0.465
87.23,1,0.453
87.24,1,0.472
87.25,1,0.443
87.26,1,0.431
87.27,1,0.431
87.28,1,0.442
87.29,1,0.444
87.30,1,0.435
87.31,1,0.464
87.32,1,0.478
87.33,1,0.464
87.34,1,0.465
87.35,1,0.473
87.36,1,0.491
87.37,1,0.499
87.38,1,0.505
87.39,1,0.504
87.40,1,0.481
87.41,1,0.443
87.42,1,0.397
87.43,1,0.368
87.44,1,0.364
87.45,1,0.379
87.46,1,0.404
87.47,1,0.412
87.48,1,0.428
87.49,1,0.441
87.50,1,0.455
87.51,1,0.458
87.52,1,0.455
87.53,1,0.460
87.54,1,0.446
87.55,1,0.439
87.56,1,0.427
87.57,1,0.416
87.58,1,0.416
87.59,1,0.398
87.60,1,0.382
87.61,1,0.358
87.62,1,0.337
87.63,1,0.326
87.64,1,0.339
87.65,1,0.363
87.66,1,0.401
87.67,1,0.441
87.68,1,0.448
87.69,1,0.428
87.70,1,0.411
87.71,1,0.373
87.72,1,0.362
87.73,1,0.389
87.74,1,0.437
87.75,1,0.496
87.76,1,0.536
87.77,1,0.586
87.78,1,0.598
87.79,1,0.594
87.80,1,0.577
87.81,1,0.566
87.82,1,0.571
87.83,1,0.584
87.84,1,0.623
87.85,1,0.620
87.86,1,0.597
87.87,1,0.554
87.88,1,0.465
87.89,1,0.390
87.90,1,0.340
87.91,1,0.328
87.92,1,0.330
87.93,1,0.355
87.94,1,0.393
87.95,1,0.417
87.96,1,0.408
87.97,1,0.386
87.98,1,0.352
87.99,1,0.342
88.00,1,0.344
88.01,1,0.373
88.02,1,0.404
88.03,1,0.415
88.04,1,0.430
88.05,1,0.429
88.06,1,0.416
88.07,1,0.409
88.08,1,0.398
88.09,1,0.404
88.10,1,0.413
88.11,1,0.432
88.12,1,0.452
88.13,1,0.463
88.14,1,0.493
88.15,1,0.490
88.16,1,0.460
88.17,1,0.421
88.18,1,0.359
88.19,1,0.309
88.20,1,0.276
88.21,1,0.280
88.22,1,0.309
88.23,1,0.348
88.24,1,0.390
88.25,1,0.435
88.26,1,0.441
88.27,1,0.424
88.28,1,0.384
88.29,1,0.375
88.30,1,0.416
88.31,1,0.439
88.32,1,0.474
88.33,1,0.483
88.34,1,0.469
88.35,1,0.437
88.36,1,0.379
88.37,1,0.337
88.38,1,0.321
88.39,1,0.328
88.40,1,0.359
88.41,1,0.398
88.42,1,0.506
88.43,1,0.547
88.44,1,0.679
88.45,1,0.734
88.46,1,0.899
88.47,1,1.021
88.48,1,1.024
88.49,1,1.097
88.50,1,1.132
88.51,1,1.209
88.52,1,1.329
88.53,1,1.370
88.54,1,1.309
88.55,1,1.169
88.56,1,0.947
88.57,1,0.809
88.58,1,0.754
88.59,1,0.741
88.60,1,0.749
88.61,1,0.732
88.62,1,0.708
88.63,1,0.746
88.64,1,0.787
88.65,1,0.881
88.66,1,0.975
88.67,1,1.081
88.68,1,1.102
88.69,1,1.110
88.70,1,1.159
88.71,1,1.207
88.72,1,1.201
88.73,1,1.303
88.74,1,1.233
88.75,1,1.131
88.76,1,0.999
88.77,1,0.913
88.78,0,
88.79,0,
88.80,0,
88.81,0,
88.82,0,
88.83,0,
88.84,0,
88.85,0,
88.86,0,
88.87,0,
88.88,0,
88.89,0,
88.90,0,
88.91,0,
88.92,0,
88.93,0,
88.94,0,
88.95,0,
88.96,0,
88.97,0,
88.98,0,
88.99,0,
89.00,0,
89.01,0,
89.02,0,
89.03,0,
89.04,0,
89.05,0,
89.06,0,
89.07,0,
89.08,0,
89.09,0,
89.10,0,
89.11,0,
89.12,0,
89.13,0,
89.14,0,
89.15,0,
89.16,0,
89.17,0,
89.18,0,
89.19,0,
89.20,0,
89.21,0,
89.22,0,
89.23,0,
89.24,0,
89.25,0,
89.26,0,
89.27,0,
89.28,0,
89.29,0,
89.30,0,
89.31,0,
89.32,0,
89.33,0,
89.34,0,
89.35,0,
89.36,0,
89.37,0,
89.38,0,
89.39,0,
89.40,0,
89.41,0,
89.42,0,
89.43,0,
89.44,0,
89.45,0,
89.46,0,
89.47,0,
89.48,0,
89.49,0,
89.50,0,
89.51,0,
89.52,0,
89.53,0,
89.54,0,
89.55,0,
89.56,0,
89.57,0,
89.58,0,
89.59,0,
89.60,0,
89.61,0,
89.62,0,
89.63,0,
89.64,0,
89.65,0,
89.66,0,
89.67,0,
89.68,0,
89.69,0,
89.70,0,
89.71,0,
89.72,0,
89.73,0,
89.74,0,
89.75,0,
89.76,0,
89.77,0,
89.78,0,
89.79,0,
89.80,0,
89.81,0,
89.82,0,
89.83,0,
89.84,0,
89.85,0,
89.86,0,
89.87,0,
89.88,0,
89.89,0,
89.90,0,
89.91,0,
89.92,0,
89.93,0,
89.94,0,
89.95,0,
89.96,0,
89.97,0,
89.98,0,
89.99,0,
90.00,0,
90.01,0,
90.02,0,
90.03,0,
90.04,0,
90.05,0,
90.06,0,
90.07,0,
90.08,0,
90.09,0,
90.10,0,
90.11,0,
90.12,0,
90.13,0,
90.14,0,
90.15,0,
90.16,0,
90.17,0,
90.18,0,
90.19,0,
90.20,0,
90.21,0,
90.22,0,
90.23,0,
90.24,0,
90.25,0,
90.26,0,
90.27,0,
90.28,0,
90.29,0,
90.30,0,
90.31,0,
90.32,0,
90.33,0,
90.34,0,
90.35,0,
90.36,0,
90.37,0,
90.38,0,
90.39,0,
90.40,0,
90.41,0,
90.42,0,
90.43,0,
90.44,0,
90.45,0,
90.46,0,
90.47,0,
90.48,0,
90.49,0,
90.50,0,
90.51,0,
90.52,0,
90.53,0,
90.54,0,
90.55,0,
90.56,0,
90.57,0,
90.58,0,
90.59,0,
90.60,0,
90.61,0,
90.62,0,
90.63,0,
90.64,0,
90.65,0,
90.66,0,
90.67,0,
90.68,0,
90.69,0,
90.70,0,
90.71,0,
90.72,0,
90.73,0,
90.74,0,
90.75,0,
90.76,0,
90.77,0,
90.78,0,
90.79,0,
90.80,0,
90.81,0,
90.82,0,
90.83,0,
90.84,0,
90.85,0,
90.86,0,
90.87,0,
90.88,0,
90.89,0,
90.90,0,
90.91,0,
90.92,0,
90.93,0,
90.94,0,
90.95,0,
90.96,0,
90.97,0,
90.98,0,
90.99,0,
91.00,0,
91.01,0,
91.02,0,
91.03,0,
91.04,0,
91.05,0,
91.06,0,
91.07,0,
91.08,0,
91.09,0,
91.10,0,
91.11,0,
91.12,0,
91.13,0,
91.14,0,
91.15,0,
91.16,0,
91.17,0,
91.18,0,
91.19,0,
91.20,0,
91.21,0,
91.22,0,
91.23,0,
91.24,0,
91.25,0,
91.26,0,
91.27,0,
91.28,0,
91.29,0,
91.30,0,
91.31,0,
91.32,0,
91.33,0,
91.34,0,
91.35,0,
91.36,0,
91.37,0,
91.38,0,
91.39,0,
91.40,0,
91.41,0,
91.42,0,
91.43,0,
91.44,0,
91.45,0,
91.46,0,
91.47,0,
91.48,0,
91.49,0,
91.50,0,
91.51,0,
91.52,0,
91.53,0,
91.54,0,
91.55,0,
91.56,0,
91.57,0,
91.58,0,
91.59,0,
91.60,0,
91.61,0,
91.62,0,
91.63,0,
91.64,0,
91.65,0,
91.66,0,
91.67,0,
91.68,0,
91.69,0,
91.70,0,
91.71,0,
91.72,0,
91.73,0,
91.74,0,
91.75,0,
91.76,0,
91.77,0,
91.78,0,
91.79,0,
91.80,0,
91.81,0,
91.82,0,
91.83,0,
91.84,0,
91.85,0,
91.86,0,
91.87,0,
91.88,0,
91.89,0,
91.90,0,
91.91,0,
91.92,0,
91.93,0,
91.94,0,
91.95,0,
91.96,0,
91.97,0,
91.98,0,
91.99,0,
92.00,0,
92.01,0,
92.02,0,
92.03,0,
92.04,0,
92.05,0,
92.06,0,
92.07,0,
92.08,0,
92.09,0,
92.10,0,
92.11,0,
92.12,0,
92.13,0,
92.14,0,
92.15,0,
92.16,0,
92.17,0,
92.18,0,
92.19,0,
92.20,0,
92.21,0,
92.22,0,
92.23,0,
92.24,0,
92.25,0,
92.26,0,
92.27,0,
92.28,0,
92.29,0,
92.30,0,
92.31,0,
92.32,0,
92.33,0,
92.34,0,
92.35,0,
92.36,0,
92.37,0,
92.38,0,
92.39,0,
92.40,0,
92.41,0,
92.42,0,
92.43,0,
92.44,0,
92.45,0,
92.46,0,
92.47,0,
92.48,0,
92.49,0,
92.50,0,
92.51,0,
92.52,0,
92.53,0,
92.54,0,
92.55,0,
92.56,0,
92.57,0,
92.58,0,
92.59,0,
92.60,0,
92.61,0,
92.62,0,
92.63,0,
92.64,0,
92.65,0,
92.66,0,
92.67,0,
92.68,0,
92.69,0,
92.70,0,
92.71,0,
92.72,0,
92.73,0,
92.74,0,
92.75,0,
92.76,0,
92.77,0,
92.78,0,
92.79,0,
92.80,0,
92.81,0,
92.82,0,
92.83,0,
92.84,0,
92.85,0,
92.86,0,
92.87,0,
92.88,0,
92.89,0,
92.90,0,
92.91,0,
92.92,0,
92.93,0,
92.94,0,
92.95,0,
92.96,0,
92.97,0,
92.98,0,
92.99,0,
93.00,0,
93.01,0,
93.02,0,
93.03,0,
93.04,0,
93.05,0,
93.06,0,
93.07,0,
93.08,0,
93.09,0,
93.10,0,
93.11,0,
93.12,0,
93.13,0,
93.14,0,
93.15,0,
93.16,0,
93.17,0,
93.18,0,
93.19,0,
93.20,0,
93.21,0,
93.22,0,
93.23,0,
93.24,0,
93.25,0,
93.26,0,
93.27,0,
93.28,0,
93.29,0,
93.30,0,
93.31,0,
93.32,0,
93.33,0,
93.34,0,
93.35,0,
93.36,0,
93.37,0,
93.38,0,
93.39,0,
93.40,0,
93.41,0,
93.42,0,
93.43,0,
93.44,0,
93.45,0,
93.46,0,
93.47,0,
93.48,0,
93.49,0,
93.50,0,
93.51,0,
93.52,0,
93.53,0,
93.54,0,
93.55,0,
93.56,0,
93.57,0,
93.58,0,
93.59,0,
93.60,0,
93.61,0,
93.62,0,
93.63,0,
93.64,0,
93.65,0,
93.66,0,
93.67,0,
93.68,0,
93.69,0,
93.70,0,
93.71,0,
93.72,0,
93.73,0,
93.74,0,
93.75,0,
93.76,0,
93.77,0,
93.78,0,
93.79,0,
93.80,0,
93.81,0,
93.82,0,
93.83,0,
93.84,0,
93.85,0,
93.86,0,
93.87,0,
93.88,0,
93.89,0,
93.90,0,
93.91,0,
93.92,0,
93.93,0,
93.94,0,
93.95,0,
93.96,0,
93.97,0,
93.98,0,
93.99,0,
94.00,0,
94.01,0,
94.02,0,
94.03,0,
94.04,0,
94.05,0,
94.06,0,
94.07,0,
94.08,0,
94.09,0,
94.10,0,
94.11,0,
94.12,0,
94.13,0,
94.14,0,
94.15,0,
94.16,0,
94.17,0,
94.18,0,
94.19,0,
94.20,0,
94.21,0,
94.22,0,
94.23,0,
94.24,0,
94.25,0,
94.26,0,
94.27,0,
94.28,0,
94.29,0,
94.30,0,
94.31,0,
94.32,0,
94.33,0,
94.34,0,
94.35,0,
94.36,0,
94.37,0,
94.38,0,
94.39,0,
94.40,0,
94.41,0,
94.42,0,
94.43,0,
94.44,0,
94.45,0,
94.46,0,
94.47,0,
94.48,0,
94.49,0,
94.50,0,
94.51,0,
94.52,0,
94.53,0,
94.54,0,
94.55,0,
94.56,0,
94.57,0,
94.58,0,
94.59,0,
94.60,0,
94.61,0,
94.62,0,
94.63,0,
94.64,0,
94.65,0,
94.66,0,
94.67,0,
94.68,0,
94.69,0,
94.70,0,
94.71,0,
94.72,0,
94.73,0,
94.74,0,
94.75,0,
94.76,0,
94.77,0,
94.78,0,
94.79,0,
94.80,0,
94.81,0,
94.82,0,
94.83,0,
94.84,0,
94.85,0,
94.86,0,
94.87,0,
94.88,0,
94.89,0,
94.90,0,
94.91,0,
94.92,0,
94.93,0,
94.94,0,
94.95,0,
94.96,0,
94.97,0,
94.98,0,
94.99,0,
95.00,0,
95.01,0,
95.02,0,
95.03,0,
95.04,0,
95.05,0,
95.06,0,
95.07,0,
95.08,0,
95.09,0,
95.10,0,
95.11,0,
95.12,0,
95.13,0,
95.14,0,
95.15,0,
95.16,0,
95.17,0,
95.18,0,
95.19,0,
95.20,0,
95.21,0,
95.22,0,
95.23,0,
95.24,0,
95.25,0,
95.26,0,
95.27,0,
95.28,0,
95.29,0,
95.30,0,
95.31,0,
95.32,0,
95.33,0,
95.34,0,
95.35,0,
95.36,0,
95.37,0,
95.38,0,
95.39,0,
95.40,0,
95.41,0,
95.42,0,
95.43,0,
95.44,0,
95.45,0,
95.46,0,
95.47,0,
95.48,0,
95.49,0,
95.50,0,
95.51,0,
95.52,0,
95.53,0,
95.54,0,
95.55,0,
95.56,0,
95.57,0,
95.58,0,
95.59,0,
95.60,0,
95.61,0,
95.62,1,0.276
95.63,1,0.358
95.64,1,0.374
95.65,1,0.362
95.66,1,0.320
95.67,1,0.186
95.68,1,0.172
95.69,1,0.157
95.70,1,0.174
95.71,1,0.194
95.72,1,0.221
95.73,1,0.220
95.74,1,0.229
95.75,1,0.241
95.76,1,0.240
95.77,1,0.230
95.78,1,0.249
95.79,1,0.279
95.80,1,0.270
95.81,1,0.300
95.82,1,0.335
95.83,1,0.315
95.84,1,0.272
95.85,1,0.205
95.86,1,0.195
95.87,1,0.232
95.88,1,0.267
95.89,1,0.307
95.90,1,0.331
95.91,1,0.356
95.92,1,0.376
95.93,1,0.396
95.94,1,0.413
95.95,1,0.406
95.96,1,0.385
95.97,1,0.334
95.98,1,0.224
95.99,1,0.144
96.00,1,0.117
96.01,1,0.114
96.02,1,0.122
96.03,1,0.127
96.04,1,0.138
96.05,1,0.151
96.06,1,0.152
96.07,1,0.146
96.08,1,0.141
96.09,1,0.156
96.10,1,0.178
96.11,1,0.222
96.12,1,0.250
96.13,1,0.233
96.14,1,0.182
96.15,1,0.160
96.16,1,0.139
96.17,1,0.120
96.18,1,0.108
96.19,1,0.117
96.20,1,0.140
96.21,1,0.172
96.22,1,0.206
96.23,1,0.231
96.24,1,0.244
96.25,1,0.252
96.26,1,0.250
96.27,1,0.252
96.28,1,0.259
96.29,1,0.269
96.30,1,0.268
96.31,1,0.279
96.32,1,0.294
96.33,1,0.320
96.34,1,0.347
96.35,1,0.376
96.36,1,0.482
96.37,1,0.634
96.38,1,0.734
96.39,1,0.565
96.40,1,0.222
96.41,1,0.171
96.42,1,0.156
96.43,1,0.174
96.44,1,0.197
96.45,1,0.209
96.46,1,0.233
96.47,1,0.261
96.48,1,0.239
96.49,1,0.198
96.50,1,0.163
96.51,1,0.111
96.52,1,0.082
96.53,1,0.089
96.54,1,0.108
96.55,1,0.133
96.56,1,0.162
96.57,1,0.183
96.58,1,0.195
96.59,1,0.199
96.60,1,0.186
96.61,1,0.199
96.62,1,0.202
96.63,1,0.232
96.64,1,0.270
96.65,1,0.297
96.66,1,0.322
96.67,1,0.354
96.68,1,0.372
96.69,1,0.388
96.70,1,0.405
96.71,1,0.410
96.72,1,0.395
96.73,1,0.367
96.74,1,0.353
96.75,1,0.317
96.76,1,0.293
96.77,1,0.273
96.78,1,0.252
96.79,1,0.246
96.80,1,0.237
96.81,1,0.231
96.82,1,0.214
96.83,1,0.189
96.84,1,0.161
96.85,1,0.153
96.86,1,0.146
96.87,1,0.171
96.88,1,0.230
96.89,1,0.348
96.90,1,0.594
96.91,1,0.838
96.92,1,0.336
96.93,1,0.184
96.94,1,0.163
96.95,1,0.186
96.96,1,0.236
96.97,1,0.268
96.98,1,0.289
96.99,1,0.305
97.00,1,0.314
97.01,1,0.296
97.02,1,0.289
97.03,1,0.297
97.04,1,0.304
97.05,1,0.303
97.06,1,0.301
97.07,1,0.314
97.08,1,0.331
97.09,1,0.344
97.10,1,0.348
97.11,1,0.340
97.12,1,0.347
97.13,1,0.337
97.14,1,0.338
97.15,1,0.354
97.16,1,0.370
97.17,1,0.370
97.18,1,0.358
97.19,1,0.351
97.20,1,0.353
97.21,1,0.319
97.22,1,0.287
97.23,1,0.257
97.24,1,0.250
97.25,1,0.233
97.26,1,0.255
97.27,1,0.293
97.28,1,0.315
97.29,1,0.331
97.30,1,0.347
97.31,1,0.371
97.32,1,0.369
97.33,1,0.364
97.34,1,0.340
97.35,1,0.328
97.36,1,0.318
97.37,1,0.309
97.38,1,0.320
97.39,1,0.323
97.40,1,0.331
97.41,1,0.343
97.42,1,0.348
97.43,1,0.354
97.44,1,0.356
97.45,1,0.362
97.46,1,0.347
97.47,1,0.338
97.48,1,0.326
97.49,1,0.315
97.50,1,0.317
97.51,1,0.310
97.52,1,0.294
97.53,1,0.266
97.54,1,0.240
97.55,1,0.225
97.56,1,0.241
97.57,1,0.265
97.58,1,0.301
97.59,1,0.335
97.60,1,0.352
97.61,1,0.353
97.62,1,0.358
97.63,1,0.354
97.64,1,0.362
97.65,1,0.351
97.66,1,0.359
97.67,1,0.350
97.68,1,0.353
97.69,1,0.379
97.70,1,0.391
97.71,1,0.407
97.72,1,0.405
97.73,1,0.409
97.74,1,0.389
97.75,1,0.371
97.76,1,0.366
97.77,1,0.369
97.78,1,0.331
97.79,1,0.293
97.80,1,0.292
97.81,1,0.330
97.82,1,0.405
97.83,1,0.590
97.84,1,0.774
97.85,1,1.052
97.86,1,1.272
97.87,1,1.312
97.88,1,1.389
97.89,1,1.308
97.90,1,0.939
97.91,1,0.963
97.92,1,0.862
97.93,1,0.860
97.94,0,
97.95,0,
97.96,0,
97.97,0,
97.98,0,
97.99,0,
98.00,0,
98.01,0,
98.02,0,
98.03,0,
98.04,0,
98.05,0,
98.06,0,
98.07,1,0.840
98.08,1,0.689
98.09,1,0.614
98.10,1,0.550
98.11,1,0.527
98.12,1,0.400
98.13,1,0.315
98.14,1,0.124
98.15,1,0.108
98.16,1,0.133
98.17,1,0.145
98.18,1,0.102
98.19,1,0.096
98.20,1,0.137
98.21,1,0.171
98.22,1,0.208
98.23,1,0.258
98.24,1,0.322
98.25,1,0.392
98.26,1,0.493
98.27,1,0.680
98.28,1,1.099
98.29,1,1.045
98.30,1,1.149
98.31,1,0.923
98.32,1,0.586
98.33,1,0.349
98.34,1,0.162
98.35,1,0.164
98.36,1,0.198
98.37,1,0.213
98.38,1,0.229
98.39,1,0.256
98.40,1,0.266
98.41,1,0.248
98.42,1,0.232
98.43,1,0.206
98.44,1,0.186
98.45,1,0.172
98.46,1,0.173
98.47,1,0.179
98.48,1,0.191
98.49,1,0.169
98.50,1,0.209
98.51,1,0.241
98.52,1,0.266
98.53,1,0.313
98.54,1,0.391
98.55,1,0.379
98.56,1,0.343
98.57,1,0.323
98.58,1,0.330
98.59,1,0.290
98.60,1,0.286
98.61,1,0.292
98.62,1,0.291
98.63,1,0.260
98.64,1,0.254
98.65,1,0.236
98.66,1,0.224
98.67,1,0.216
98.68,1,0.219
98.69,1,0.216
98.70,1,0.230
98.71,1,0.255
98.72,1,0.274
98.73,1,0.321
98.74,1,0.340
98.75,1,0.356
98.76,1,0.365
98.77,1,0.366
98.78,1,0.364
98.79,1,0.351
98.80,1,0.344
98.81,1,0.326
98.82,1,0.307
98.83,1,0.288
98.84,1,0.273
98.85,1,0.247
98.86,1,0.225
98.87,1,0.219
98.88,1,0.230
98.89,1,0.258
98.90,1,0.289
98.91,1,0.284
98.92,1,0.275
98.93,1,0.236
98.94,1,0.215
98.95,1,0.210
98.96,1,0.229
98.97,1,0.263
98.98,1,0.265
98.99,1,0.277
99.00,1,0.275
99.01,1,0.251
99.02,1,0.219
99.03,1,0.216
99.04,1,0.227
99.05,1,0.248
99.06,1,0.262
99.07,1,0.274
99.08,1,0.274
99.09,1,0.265
99.10,1,0.272
99.11,1,0.299
99.12,1,0.302
99.13,1,0.313
99.14,1,0.297
99.15,1,0.291
99.16,1,0.277
99.17,1,0.281
99.18,1,0.285
99.19,1,0.281
99.20,1,0.270
99.21,1,0.250
99.22,1,0.255
99.23,1,0.261
99.24,1,0.278
99.25,1,0.300
99.26,1,0.318
99.27,1,0.328
99.28,1,0.327
99.29,1,0.321
99.30,1,0.326
99.31,1,0.335
99.32,1,0.348
99.33,1,0.377
99.34,1,0.426
99.35,1,0.457
99.36,1,0.541
99.37,1,0.812
99.38,1,1.046
99.39,1,0.791
99.40,1,0.663
99.41,1,0.343
99.42,1,0.198
99.43,1,0.185
99.44,1,0.155
99.45,1,0.140
99.46,1,0.208
99.47,1,0.281
99.48,1,0.279
99.49,1,0.295
99.50,1,0.314
99.51,1,0.304
99.52,1,0.307
99.53,1,0.370
99.54,1,0.440
99.55,1,0.458
99.56,1,0.426
99.57,1,0.374
99.58,1,0.309
99.59,1,0.253
99.60,1,0.224
99.61,1,0.205
99.62,1,0.184
99.63,1,0.164
99.64,1,0.179
99.65,1,0.208
99.66,1,0.241
99.67,1,0.290
99.68,1,0.323
99.69,1,0.341
99.70,1,0.347
99.71,1,0.337
99.72,1,0.320
99.73,1,0.319
99.74,1,0.319
99.75,1,0.349
99.76,1,0.360
99.77,1,0.373
99.78,1,0.345
99.79,1,0.289
99.80,1,0.227
99.81,1,0.212
99.82,1,0.194
99.83,1,0.192
99.84,1,0.192
99.85,1,0.201
99.86,1,0.196
99.87,1,0.195
99.88,1,0.202
99.89,1,0.210
99.90,1,0.242
99.91,1,0.264
99.92,1,0.277
99.93,1,0.284
99.94,1,0.297
99.95,1,0.322
99.96,1,0.346
99.97,1,0.387
99.98,1,0.453
99.99,1,0.524
100.00,1,0.572
100.01,1,0.704
100.02,1,1.178
100.03,1,1.264
100.04,1,1.028
100.05,1,0.807
100.06,1,1.093
100.07,1,1.015
100.08,1,0.967
100.09,1,0.326
100.10,1,0.157
100.11,1,0.106
100.12,1,0.100
100.13,1,0.098
100.14,1,0.114
100.15,1,0.123
100.16,1,0.167
100.17,1,0.190
100.18,1,0.214
100.19,1,0.226
100.20,1,0.245
100.21,1,0.265
100.22,1,0.285
100.23,1,0.291
100.24,1,0.289
100.25,1,0.298
100.26,1,0.276
100.27,1,0.267
100.28,1,0.276
100.29,1,0.269
100.30,1,0.261
100.31,1,0.276
100.32,1,0.289
100.33,1,0.297
100.34,1,0.315
100.35,1,0.324
100.36,1,0.293
100.37,1,0.273
100.38,1,0.280
100.39,1,0.269
100.40,1,0.266
100.41,1,0.234
100.42,1,0.224
100.43,1,0.247
100.44,1,0.250
100.45,1,0.273
100.46,1,0.276
100.47,1,0.269
100.48,1,0.252
100.49,1,0.254
100.50,1,0.238
100.51,1,0.228
100.52,1,0.207
100.53,1,0.181
100.54,1,0.128
100.55,1,0.144
100.56,1,0.153
100.57,1,0.169
100.58,1,0.195
100.59,1,0.213
100.60,1,0.227
100.61,1,0.269
100.62,1,0.361
100.63,1,0.406
100.64,1,0.605
100.65,1,0.869
100.66,1,0.654
100.67,1,0.610
100.68,1,0.775
100.69,1,1.235
100.70,0,
100.71,0,
100.72,0,
100.73,0,
100.74,0,
100.75,0,
100.76,0,
100.77,0,
100.78,0,
100.79,0,
100.80,0,
100.81,0,
100.82,0,
100.83,1,0.903
100.84,1,0.908
100.85,1,0.781
100.86,1,0.515
100.87,1,0.227
100.88,1,0.176
100.89,1,0.161
100.90,1,0.109
100.91,1,0.098
100.92,1,0.102
100.93,1,0.098
100.94,1,0.090
100.95,1,0.101
100.96,1,0.106
100.97,1,0.124
100.98,1,0.157
100.99,1,0.269
101.00,1,0.350
101.01,1,0.380
101.02,1,0.365
101.03,1,0.259
101.04,1,0.120
101.05,1,0.096
101.06,1,0.120
101.07,1,0.172
101.08,1,0.215
101.09,1,0.259
101.10,1,0.307
101.11,1,0.346
101.12,1,0.361
101.13,1,0.343
101.14,1,0.293
101.15,1,0.254
101.16,1,0.240
101.17,1,0.243
101.18,1,0.277
101.19,1,0.290
101.20,1,0.283
101.21,1,0.271
101.22,1,0.231
101.23,1,0.191
101.24,1,0.186
101.25,1,0.161
101.26,1,0.169
101.27,1,0.171
101.28,1,0.184
101.29,1,0.170
101.30,1,0.163
101.31,1,0.162
101.32,1,0.145
101.33,1,0.135
101.34,1,0.132
101.35,1,0.122
101.36,1,0.123
101.37,1,0.132
101.38,1,0.156
101.39,1,0.174
101.40,1,0.217
101.41,1,0.269
101.42,1,0.463
101.43,1,0.635
101.44,1,0.776
101.45,1,0.850
101.46,1,1.089
101.47,1,1.118
101.48,1,0.417
101.49,1,0.347
101.50,1,0.223
101.51,1,0.158
101.52,1,0.137
101.53,1,0.185
101.54,1,0.212
101.55,1,0.252
101.56,1,0.273
101.57,1,0.300
101.58,1,0.306
101.59,1,0.291
101.60,1,0.298
101.61,1,0.303
101.62,1,0.318
101.63,1,0.315
101.64,1,0.302
101.65,1,0.287
101.66,1,0.274
101.67,1,0.236
101.68,1,0.249
101.69,1,0.242
101.70,1,0.246
101.71,1,0.251
101.72,1,0.264
101.73,1,0.271
101.74,1,0.292
101.75,1,0.305
101.76,1,0.319
101.77,1,0.327
101.78,1,0.337
101.79,1,0.338
101.80,1,0.337
101.81,1,0.314
101.82,1,0.307
101.83,1,0.290
101.84,1,0.271
101.85,1,0.262
101.86,1,0.270
101.87,1,0.254
101.88,1,0.255
101.89,1,0.234
101.90,1,0.206
101.91,1,0.188
101.92,1,0.192
101.93,1,0.209
101.94,1,0.262
101.95,1,0.319
101.96,1,0.332
101.97,1,0.323
101.98,1,0.312
101.99,1,0.274
102.00,1,0.219
102.01,1,0.212
102.02,1,0.185
102.03,1,0.168
102.04,1,0.169
102.05,1,0.188
102.06,1,0.207
102.07,1,0.224
102.08,1,0.234
102.09,1,0.224
102.10,1,0.198
102.11,1,0.179
102.12,1,0.181
102.13,1,0.199
102.14,1,0.231
102.15,1,0.265
102.16,1,0.286
102.17,1,0.295
102.18,1,0.283
102.19,1,0.274
102.20,1,0.278
102.21,1,0.280
102.22,1,0.290
102.23,1,0.290
102.24,1,0.300
102.25,1,0.300
102.26,1,0.299
102.27,1,0.287
102.28,1,0.271
102.29,1,0.252
102.30,1,0.246
102.31,1,0.217
102.32,1,0.214
102.33,1,0.190
102.34,1,0.184
102.35,1,0.205
102.36,1,0.229
102.37,1,0.251
102.38,1,0.282
102.39,1,0.294
102.40,1,0.311
102.41,1,0.314
102.42,1,0.321
102.43,1,0.308
102.44,1,0.300
102.45,1,0.303
102.46,1,0.318
102.47,1,0.322
102.48,1,0.337
102.49,1,0.336
102.50,1,0.345
102.51,1,0.334
102.52,1,0.327
102.53,1,0.321
102.54,1,0.318
102.55,1,0.319
102.56,1,0.328
102.57,1,0.325
102.58,1,0.320
102.59,1,0.319
102.60,1,0.320
102.61,1,0.319
102.62,1,0.323
102.63,1,0.341
102.64,1,0.371
102.65,1,0.386
102.66,1,0.379
102.67,1,0.358
102.68,1,0.325
102.69,1,0.288
102.70,1,0.249
102.71,1,0.218
102.72,1,0.215
102.73,1,0.229
102.74,1,0.250
102.75,1,0.261
102.76,1,0.272
102.77,1,0.279
102.78,1,0.277
102.79,1,0.294
102.80,1,0.309
102.81,1,0.320
102.82,1,0.354
102.83,1,0.393
102.84,1,0.418
102.85,1,0.458
102.86,1,0.475
102.87,1,0.488
102.88,1,0.474
102.89,1,0.473
102.90,1,0.462
102.91,1,0.496
102.92,1,0.582
102.93,1,0.711
102.94,1,0.726
102.95,1,0.709
102.96,1,0.766
102.97,1,0.828
102.98,1,0.843
102.99,1,0.782
103.00,1,0.706
103.01,1,0.636
103.02,0,
103.03,0,
103.04,0,
103.05,0,
103.06,0,
103.07,0,
103.08,0,
103.09,0,
103.10,0,
103.11,0,
103.12,0,
103.13,0,
103.14,0,
103.15,0,
103.16,1,1.093
103.17,1,1.076
103.18,1,0.815
103.19,1,0.657
103.20,1,0.504
103.21,1,0.389
103.22,1,0.206
103.23,1,0.289
103.24,1,0.243
103.25,1,0.165
103.26,1,0.182
103.27,1,0.185
103.28,1,0.231
103.29,1,0.236
103.30,1,0.256
103.31,1,0.268
103.32,1,0.251
103.33,1,0.221
103.34,1,0.220
103.35,1,0.239
103.36,1,0.267
103.37,1,0.295
103.38,1,0.841
103.39,1,1.208
103.40,1,0.521
103.41,1,0.336
103.42,1,0.302
103.43,1,0.192
103.44,1,0.171
103.45,1,0.145
103.46,1,0.140
103.47,1,0.135
103.48,1,0.134
103.49,1,0.132
103.50,1,0.136
103.51,1,0.148
103.52,1,0.155
103.53,1,0.153
103.54,1,0.142
103.55,1,0.131
103.56,1,0.132
103.57,1,0.123
103.58,1,0.141
103.59,1,0.176
103.60,1,0.230
103.61,1,0.261
103.62,1,0.313
103.63,1,0.331
103.64,1,0.330
103.65,1,0.321
103.66,1,0.318
103.67,1,0.287
103.68,1,0.279
103.69,1,0.250
103.70,1,0.241
103.71,1,0.244
103.72,1,0.255
103.73,1,0.262
103.74,1,0.286
103.75,1,0.292
103.76,1,0.294
103.77,1,0.293
103.78,1,0.287
103.79,1,0.293
103.80,1,0.310
103.81,1,0.326
103.82,1,0.322
103.83,1,0.309
103.84,1,0.293
103.85,1,0.249
103.86,1,0.223
103.87,1,0.221
103.88,1,0.229
103.89,1,0.259
103.90,1,0.293
103.91,1,0.319
103.92,1,0.325
103.93,1,0.339
103.94,1,0.350
103.95,1,0.339
103.96,1,0.338
103.97,1,0.328
103.98,1,0.327
103.99,1,0.327
104.00,1,0.346
104.01,1,0.375
104.02,1,0.395
104.03,1,0.349
104.04,1,0.260
104.05,1,0.194
104.06,1,0.191
104.07,1,0.203
104.08,1,0.229
104.09,1,0.247
104.10,1,0.256
104.11,1,0.239
104.12,1,0.227
104.13,1,0.199
104.14,1,0.192
104.15,1,0.187
104.16,1,0.170
104.17,1,0.175
104.18,1,0.169
104.19,1,0.170
104.20,1,0.177
104.21,1,0.188
104.22,1,0.213
104.23,1,0.222
104.24,1,0.243
104.25,1,0.256
104.26,1,0.241
104.27,1,0.246
104.28,1,0.241
104.29,1,0.261
104.30,1,0.248
104.31,1,0.274
104.32,1,0.280
104.33,1,0.275
104.34,1,0.287
104.35,1,0.319
104.36,1,0.347
104.37,1,0.317
104.38,1,0.317
104.39,1,0.277
104.40,1,0.249
104.41,1,0.241
104.42,1,0.267
104.43,1,0.277
104.44,1,0.270
104.45,1,0.281
104.46,1,0.265
104.47,1,0.254
104.48,1,0.254
104.49,1,0.276
104.50,1,0.297
104.51,1,0.280
104.52,1,0.232
104.53,1,0.188
104.54,1,0.141
104.55,1,0.117
104.56,1,0.116
104.57,1,0.119
104.58,1,0.127
104.59,1,0.136
104.60,1,0.142
104.61,1,0.151
104.62,1,0.164
104.63,1,0.195
104.64,1,0.213
104.65,1,0.211
104.66,1,0.209
104.67,1,0.216
104.68,1,0.219
104.69,1,0.242
104.70,1,0.259
104.71,1,0.307
104.72,1,0.349
104.73,1,0.360
104.74,1,0.358
104.75,1,0.354
104.76,1,0.317
104.77,1,0.269
104.78,1,0.223
104.79,1,0.198
104.80,1,0.194
104.81,1,0.188
104.82,1,0.189
104.83,1,0.199
104.84,1,0.188
104.85,1,0.184
104.86,1,0.185
104.87,1,0.206
104.88,1,0.214
104.89,1,0.212
104.90,1,0.206
104.91,1,0.213
104.92,1,0.216
104.93,1,0.225
104.94,1,0.239
104.95,1,0.264
104.96,1,0.290
104.97,1,0.304
104.98,1,0.317
104.99,1,0.308
105.00,1,0.311
105.01,1,0.278
105.02,1,0.252
105.03,1,0.237
105.04,1,0.220
105.05,1,0.216
105.06,1,0.251
105.07,1,0.257
105.08,1,0.306
105.09,1,0.352
105.10,1,0.280
105.11,1,0.148
105.12,1,0.072
105.13,1,0.111
105.14,1,0.139
105.15,1,0.165
105.16,1,0.195
105.17,1,0.264
105.18,1,0.258
105.19,1,0.245
105.20,1,0.244
105.21,1,0.240
105.22,1,0.251
105.23,1,0.259
105.24,1,0.274
105.25,1,0.279
105.26,1,0.278
105.27,1,0.278
105.28,1,0.265
105.29,1,0.265
105.30,1,0.261
105.31,1,0.262
105.32,1,0.284
105.33,1,0.306
105.34,1,0.342
105.35,1,0.371
105.36,1,0.422
105.37,1,0.559
105.38,1,0.782
105.39,1,1.048
105.40,1,1.034
105.41,1,0.944
105.42,1,0.619
105.43,1,0.429
105.44,1,0.333
105.45,1,0.250
105.46,1,0.197
105.47,1,0.169
105.48,1,0.164
105.49,1,0.191
105.50,1,0.235
105.51,1,0.272
105.52,1,0.300
105.53,1,0.337
105.54,1,0.344
105.55,1,0.354
105.56,1,0.357
105.57,1,0.372
105.58,1,0.358
105.59,1,0.312
105.60,1,0.286
105.61,1,0.241
105.62,1,0.224
105.63,1,0.211
105.64,1,0.224
105.65,1,0.225
105.66,1,0.238
105.67,1,0.255
105.68,1,0.265
105.69,1,0.283
105.70,1,0.300
105.71,1,0.350
105.72,1,0.385
105.73,1,0.445
105.74,1,0.415
105.75,1,0.310
105.76,1,0.286
105.77,1,0.196
105.78,1,0.118
105.79,1,0.112
105.80,1,0.119
105.81,1,0.117
105.82,1,0.132
105.83,1,0.146
105.84,1,0.145
105.85,1,0.152
105.86,1,0.154
105.87,1,0.139
105.88,1,0.135
105.89,1,0.134
105.90,1,0.131
105.91,1,0.130
105.92,1,0.148
105.93,1,0.188
105.94,1,0.226
105.95,1,0.253
105.96,1,0.297
105.97,1,0.306
105.98,1,0.319
105.99,1,0.314
106.00,1,0.308
106.01,1,0.268
106.02,1,0.213
106.03,1,0.192
106.04,1,0.171
106.05,1,0.173
106.06,1,0.201
106.07,1,0.261
106.08,1,0.328
106.09,1,0.451
106.10,1,0.553
106.11,1,0.614
106.12,1,0.989
106.13,1,0.882
106.14,1,0.810
106.15,1,0.799
106.16,1,0.776
106.17,1,0.741
106.18,1,0.746
106.19,1,0.734
106.20,1,0.732
106.21,1,0.697
106.22,1,0.728
106.23,0,
106.24,0,
106.25,0,
106.26,0,
106.27,0,
106.28,0,
106.29,1,0.615
106.30,1,0.691
106.31,1,0.917
106.32,1,0.899
106.33,1,0.917
106.34,1,1.034
106.35,1,1.074
106.36,1,0.994
106.37,1,0.773
106.38,1,0.398
106.39,1,0.205
106.40,1,0.094
106.41,1,0.056
106.42,1,0.044
106.43,1,0.038
106.44,1,0.039
106.45,1,0.041
106.46,1,0.047
106.47,1,0.055
106.48,1,0.063
106.49,1,0.074
106.50,1,0.090
106.51,1,0.114
106.52,1,0.129
106.53,1,0.136
106.54,1,0.126
106.55,1,0.110
106.56,1,0.092
106.57,1,0.076
106.58,1,0.065
106.59,1,0.056
106.60,1,0.055
106.61,1,0.051
106.62,1,0.050
106.63,1,0.054
106.64,1,0.061
106.65,1,0.071
106.66,1,0.081
106.67,1,0.091
106.68,1,0.096
106.69,1,0.088
106.70,1,0.079
106.71,1,0.074
106.72,1,0.066
106.73,1,0.062
106.74,1,0.066
106.75,1,0.074
106.76,1,0.079
106.77,1,0.083
106.78,1,0.090
106.79,1,0.101
106.80,1,0.116
106.81,1,0.123
106.82,1,0.126
106.83,1,0.127
106.84,1,0.122
106.85,1,0.111
106.86,1,0.109
106.87,1,0.103
106.88,1,0.092
106.89,1,0.081
106.90,1,0.069
106.91,1,0.062
106.92,1,0.067
106.93,1,0.077
106.94,1,0.095
106.95,1,0.128
106.96,1,0.199
106.97,1,0.326
106.98,1,0.378
106.99,1,0.349
107.00,1,0.333
107.01,1,0.306
107.02,1,0.279
107.03,1,0.221
107.04,1,0.119
107.05,1,0.073
107.06,1,0.065
107.07,1,0.063
107.08,1,0.063
107.09,1,0.063
107.10,1,0.064
107.11,1,0.059
107.12,1,0.058
107.13,1,0.056
107.14,1,0.053
107.15,1,0.050
107.16,1,0.047
107.17,1,0.043
107.18,1,0.042
107.19,1,0.043
107.20,1,0.048
107.21,1,0.051
107.22,1,0.054
107.23,1,0.054
107.24,1,0.051
107.25,1,0.051
107.26,1,0.055
107.27,1,0.059
107.28,1,0.067
107.29,1,0.079
107.30,1,0.095
107.31,1,0.102
107.32,1,0.107
107.33,1,0.105
107.34,1,0.100
107.35,1,0.090
107.36,1,0.087
107.37,1,0.081
107.38,1,0.076
107.39,1,0.068
107.40,1,0.064
107.41,1,0.062
107.42,1,0.063
107.43,1,0.070
107.44,1,0.077
107.45,1,0.081
107.46,1,0.083
107.47,1,0.092
107.48,1,0.105
107.49,1,0.115
107.50,1,0.119
107.51,1,0.119
107.52,1,0.119
107.53,1,0.111
107.54,1,0.110
107.55,1,0.150
107.56,1,0.327
107.57,1,0.406
107.58,1,0.524
107.59,1,0.521
107.60,1,0.510
107.61,1,0.441
107.62,1,0.409
107.63,1,0.278
107.64,1,0.158
107.65,1,0.100
107.66,1,0.069
107.67,1,0.056
107.68,1,0.051
107.69,1,0.053
107.70,1,0.049
107.71,1,0.050
107.72,1,0.051
107.73,1,0.052
107.74,1,0.049
107.75,1,0.049
107.76,1,0.048
107.77,1,0.056
107.78,1,0.062
107.79,1,0.061
107.80,1,0.063
107.81,1,0.060
107.82,1,0.056
107.83,1,0.058
107.84,1,0.063
107.85,1,0.074
107.86,1,0.083
107.87,1,0.092
107.88,1,0.100
107.89,1,0.099
107.90,1,0.094
107.91,1,0.093
107.92,1,0.089
107.93,1,0.085
107.94,1,0.081
107.95,1,0.080
107.96,1,0.074
107.97,1,0.066
107.98,1,0.060
107.99,1,0.056
108.00,1,0.047
108.01,1,0.048
108.02,1,0.046
108.03,1,0.045
108.04,1,0.043
108.05,1,0.042
108.06,1,0.040
108.07,1,0.042
108.08,1,0.047
108.09,1,0.050
108.10,1,0.050
108.11,1,0.055
108.12,1,0.064
108.13,1,0.076
108.14,1,0.089
108.15,1,0.100
108.16,1,0.104
108.17,1,0.102
108.18,1,0.096
108.19,1,0.091
108.20,1,0.090
108.21,1,0.090
108.22,1,0.096
108.23,1,0.101
108.24,1,0.110
108.25,1,0.122
108.26,1,0.129
108.27,1,0.130
108.28,1,0.124
108.29,1,0.110
108.30,1,0.095
108.31,1,0.087
108.32,1,0.076
108.33,1,0.073
108.34,1,0.072
108.35,1,0.066
108.36,1,0.064
108.37,1,0.068
108.38,1,0.064
108.39,1,0.061
108.40,1,0.060
108.41,1,0.058
108.42,1,0.052
108.43,1,0.051
108.44,1,0.049
108.45,1,0.051
108.46,1,0.046
108.47,1,0.048
108.48,1,0.058
108.49,1,0.068
108.50,1,0.076
108.51,1,0.083
108.52,1,0.089
108.53,1,0.091
108.54,1,0.092
108.55,1,0.090
108.56,1,0.091
108.57,1,0.091
108.58,1,0.088
108.59,1,0.082
108.60,1,0.080
108.61,1,0.073
108.62,1,0.069
108.63,1,0.068
108.64,1,0.071
108.65,1,0.075
108.66,1,0.075
108.67,1,0.084
108.68,1,0.098
108.69,1,0.116
108.70,1,0.133
108.71,1,0.142
108.72,1,0.144
108.73,1,0.142
108.74,1,0.135
108.75,1,0.126
108.76,1,0.114
108.77,1,0.104
108.78,1,0.095
108.79,1,0.088
108.80,1,0.088
108.81,1,0.093
108.82,1,0.098
108.83,1,0.108
108.84,1,0.116
108.85,1,0.115
108.86,1,0.117
108.87,1,0.125
108.88,1,0.128
108.89,1,0.126
108.90,1,0.138
108.91,1,0.137
108.92,1,0.135
108.93,1,0.129
108.94,1,0.128
108.95,1,0.122
108.96,1,0.117
108.97,1,0.107
108.98,1,0.108
108.99,1,0.098
109.00,1,0.091
109.01,1,0.094
109.02,1,0.094
109.03,1,0.092
109.04,1,0.096
109.05,1,0.099
109.06,1,0.102
109.07,1,0.106
109.08,1,0.109
109.09,1,0.112
109.10,1,0.109
109.11,1,0.096
109.12,1,0.084
109.13,1,0.079
109.14,1,0.074
109.15,1,0.073
109.16,1,0.079
109.17,1,0.085
109.18,1,0.086
109.19,1,0.086
109.20,1,0.083
109.21,1,0.082
109.22,1,0.081
109.23,1,0.092
109.24,1,0.110
109.25,1,0.126
109.26,1,0.162
109.27,1,0.236
109.28,1,0.338
109.29,1,0.486
109.30,1,0.952
109.31,1,0.829
109.32,1,0.407
109.33,1,0.271
109.34,1,0.208
109.35,1,0.180
109.36,1,0.171
109.37,1,0.163
109.38,1,0.156
109.39,1,0.153
109.40,1,0.153
109.41,1,0.155
109.42,1,0.158
109.43,1,0.175
109.44,1,0.194
109.45,1,0.221
109.46,1,0.249
109.47,1,0.286
109.48,1,0.324
109.49,1,0.316
109.50,1,0.345
109.51,1,0.391
109.52,1,0.245
109.53,1,0.161
109.54,1,0.105
109.55,1,0.098
109.56,1,0.117
109.57,1,0.159
109.58,1,0.212
109.59,1,0.276
109.60,1,0.328
109.61,1,0.363
109.62,1,0.375
109.63,1,0.371
109.64,1,0.361
109.65,1,0.368
109.66,1,0.350
109.67,1,0.346
109.68,1,0.332
109.69,1,0.320
109.70,1,0.293
109.71,1,0.289
109.72,1,0.258
109.73,1,0.228
109.74,1,0.203
109.75,1,0.177
109.76,1,0.152
109.77,1,0.168
109.78,1,0.192
109.79,1,0.223
109.80,1,0.260
109.81,1,0.302
109.82,1,0.316
109.83,1,0.333
109.84,1,0.343
109.85,1,0.341
109.86,1,0.312
109.87,1,0.289
109.88,1,0.250
109.89,1,0.251
109.90,1,0.243
109.91,1,0.268
109.92,1,0.307
109.93,1,0.333
109.94,1,0.354
109.95,1,0.386
109.96,1,0.389
109.97,1,0.391
109.98,1,0.356
109.99,1,0.308
110.00,1,0.279
110.01,1,0.264
110.02,1,0.254
110.03,1,0.241
110.04,1,0.233
110.05,1,0.226
110.06,1,0.238
110.07,1,0.244
110.08,1,0.276
110.09,1,0.322
110.10,1,0.365
110.11,1,0.397
110.12,1,0.425
110.13,1,0.430
110.14,1,0.417
110.15,1,0.405
110.16,1,0.385
110.17,1,0.365
110.18,1,0.332
110.19,1,0.330
110.20,1,0.311
110.21,1,0.321
110.22,1,0.334
110.23,1,0.363
110.24,1,0.452
110.25,1,0.812
110.26,1,1.072
110.27,1,0.775
110.28,1,0.432
110.29,1,0.269
110.30,1,0.195
110.31,1,0.194
110.32,1,0.206
110.33,1,0.216
110.34,1,0.254
110.35,1,0.226
110.36,1,0.179
110.37,1,0.192
110.38,1,0.258
110.39,1,0.281
110.40,1,0.302
110.41,1,0.329
110.42,1,0.323
110.43,1,0.286
110.44,1,0.254
110.45,1,0.233
110.46,1,0.207
110.47,1,0.187
110.48,1,0.202
110.49,1,0.211
110.50,1,0.219
110.51,1,0.244
110.52,1,0.249
110.53,1,0.272
110.54,1,0.299
110.55,1,0.320
110.56,1,0.331
110.57,1,0.363
110.58,1,0.357
110.59,1,0.361
110.60,1,0.356
110.61,1,0.333
110.62,1,0.317
110.63,1,0.304
110.64,1,0.292
110.65,1,0.289
110.66,1,0.271
110.67,1,0.270
110.68,1,0.250
110.69,1,0.242
110.70,1,0.248
110.71,1,0.268
110.72,1,0.302
110.73,1,0.486
110.74,1,0.912
110.75,1,1.141
110.76,1,0.992
110.77,1,0.882
110.78,1,0.682
110.79,1,0.327
110.80,1,0.174
110.81,1,0.167
110.82,1,0.202
110.83,1,0.214
110.84,1,0.226
110.85,1,0.249
110.86,1,0.281
110.87,1,0.317
110.88,1,0.357
110.89,1,0.389
110.90,1,0.389
110.91,1,0.355
110.92,1,0.312
110.93,1,0.296
110.94,1,0.278
110.95,1,0.282
110.96,1,0.285
110.97,1,0.292
110.98,1,0.288
110.99,1,0.274
111.00,1,0.267
111.01,1,0.267
111.02,1,0.258
111.03,1,0.246
111.04,1,0.245
111.05,1,0.247
111.06,1,0.219
111.07,1,0.219
111.08,1,0.183
111.09,1,0.166
111.10,1,0.148
111.11,1,0.146
111.12,1,0.160
111.13,1,0.192
111.14,1,0.205
111.15,1,0.196
111.16,1,0.165
111.17,1,0.129
111.18,1,0.128
111.19,1,0.134
111.20,1,0.166
111.21,1,0.198
111.22,1,0.232
111.23,1,0.256
111.24,1,0.270
111.25,1,0.276
111.26,1,0.283
111.27,1,0.282
111.28,1,0.273
111.29,1,0.271
111.30,1,0.257
111.31,1,0.245
111.32,1,0.241
111.33,1,0.252
111.34,1,0.240
111.35,1,0.246
111.36,1,0.226
111.37,1,0.211
111.38,1,0.205
111.39,1,0.201
111.40,1,0.213
111.41,1,0.229
111.42,1,0.263
111.43,1,0.285
111.44,1,0.283
111.45,1,0.276
111.46,1,0.236
111.47,1,0.200
111.48,1,0.166
111.49,1,0.154
111.50,1,0.162
111.51,1,0.175
111.52,1,0.171
111.53,1,0.177
111.54,1,0.180
111.55,1,0.163
111.56,1,0.155
111.57,1,0.164
111.58,1,0.185
111.59,1,0.173
111.60,1,0.165
111.61,1,0.129
111.62,1,0.120
111.63,1,0.127
111.64,1,0.136
111.65,1,0.152
111.66,1,0.178
111.67,1,0.204
111.68,1,0.228
111.69,1,0.253
111.70,1,0.243
111.71,1,0.250
111.72,1,0.269
111.73,1,0.255
111.74,1,0.235
111.75,1,0.223
111.76,1,0.221
111.77,1,0.209
111.78,1,0.207
111.79,1,0.222
111.80,1,0.224
111.81,1,0.226
111.82,1,0.228
111.83,1,0.223
111.84,1,0.236
111.85,1,0.234
111.86,1,0.238
111.87,1,0.233
111.88,1,0.237
111.89,1,0.249
111.90,1,0.260
111.91,1,0.305
111.92,1,0.378
111.93,1,0.537
111.94,1,0.729
111.95,1,1.175
111.96,1,1.287
111.97,1,1.222
111.98,1,1.140
111.99,1,0.944
112.00,1,0.812
112.01,1,0.840
112.02,1,0.919
112.03,1,0.925
112.04,1,1.200
112.05,1,1.258
112.06,1,1.137
112.07,1,1.155
112.08,1,0.789
112.09,1,0.516
112.10,1,0.335
112.11,1,0.270
112.12,1,0.277
112.13,1,0.286
112.14,1,0.313
112.15,1,0.338
112.16,1,0.353
112.17,1,0.376
112.18,1,0.362
112.19,1,0.362
112.20,1,0.370
112.21,1,0.368
112.22,1,0.397
112.23,1,0.413
112.24,1,0.412
112.25,1,0.412
112.26,1,0.385
112.27,1,0.348
112.28,1,0.317
112.29,1,0.265
112.30,1,0.237
112.31,1,0.212
112.32,1,0.195
112.33,1,0.187
112.34,1,0.185
112.35,1,0.182
112.36,1,0.200
112.37,1,0.207
112.38,1,0.232
112.39,1,0.267
112.40,1,0.273
112.41,1,0.271
112.42,1,0.259
112.43,1,0.237
112.44,1,0.182
112.45,1,0.162
112.46,1,0.148
112.47,1,0.155
112.48,1,0.174
112.49,1,0.190
112.50,1,0.199
112.51,1,0.202
112.52,1,0.191
112.53,1,0.193
112.54,1,0.186
112.55,1,0.176
112.56,1,0.176
112.57,1,0.168
112.58,1,0.171
112.59,1,0.167
112.60,1,0.183
112.61,1,0.202
112.62,1,0.223
112.63,1,0.261
112.64,1,0.271
112.65,1,0.292
112.66,1,0.296
112.67,1,0.293
112.68,1,0.287
112.69,1,0.268
112.70,1,0.254
112.71,1,0.246
112.72,1,0.226
112.73,1,0.221
112.74,1,0.208
112.75,1,0.208
112.76,1,0.204
112.77,1,0.199
112.78,1,0.189
112.79,1,0.170
112.80,1,0.163
112.81,1,0.144
112.82,1,0.140
112.83,1,0.141
112.84,1,0.135
112.85,1,0.132
112.86,1,0.127
112.87,1,0.134
112.88,1,0.150
112.89,1,0.164
112.90,1,0.179
112.91,1,0.190
112.92,1,0.206
112.93,1,0.217
112.94,1,0.248
112.95,1,0.263
112.96,1,0.293
112.97,1,0.304
112.98,1,0.302
112.99,1,0.298
113.00,1,0.274
113.01,1,0.254
113.02,1,0.228
113.03,1,0.210
113.04,1,0.202
113.05,1,0.190
113.06,1,0.193
113.07,1,0.209
113.08,1,0.220
113.09,1,0.237
113.10,1,0.248
113.11,1,0.273
113.12,1,0.275
113.13,1,0.294
113.14,1,0.315
113.15,1,0.314
113.16,1,0.313
113.17,1,0.280
113.18,1,0.258
113.19,1,0.232
113.20,1,0.204
113.21,1,0.189
113.22,1,0.178
113.23,1,0.165
113.24,1,0.158
113.25,1,0.152
113.26,1,0.145
113.27,1,0.144
113.28,1,0.148
113.29,1,0.151
113.30,1,0.146
113.31,1,0.147
113.32,1,0.142
113.33,1,0.136
113.34,1,0.134
113.35,1,0.140
113.36,1,0.143
113.37,1,0.145
113.38,1,0.153
113.39,1,0.162
113.40,1,0.179
113.41,1,0.195
113.42,1,0.213
113.43,1,0.224
113.44,1,0.228
113.45,1,0.227
113.46,1,0.230
113.47,1,0.220
113.48,1,0.204
113.49,1,0.194
113.50,1,0.178
113.51,1,0.182
113.52,1,0.189
113.53,1,0.225
113.54,1,0.263
113.55,1,0.301
113.56,1,0.300
113.57,1,0.292
113.58,1,0.276
113.59,1,0.252
113.60,1,0.234
113.61,1,0.226
113.62,1,0.228
113.63,1,0.215
113.64,1,0.230
113.65,1,0.231
113.66,1,0.242
113.67,1,0.270
113.68,1,0.281
113.69,1,0.302
113.70,1,0.287
113.71,1,0.285
113.72,1,0.256
113.73,1,0.219
113.74,1,0.197
113.75,1,0.203
113.76,1,0.221
113.77,1,0.248
113.78,1,0.262
113.79,1,0.309
113.80,1,0.372
113.81,1,0.417
113.82,1,0.440
113.83,1,0.461
113.84,1,0.428
113.85,1,0.369
113.86,1,0.330
113.87,1,0.307
113.88,1,0.304
113.89,1,0.292
113.90,1,0.250
113.91,1,0.274
113.92,1,0.319
113.93,1,0.360
113.94,1,0.453
113.95,1,0.654
113.96,1,0.857
113.97,1,1.118
113.98,1,1.304
113.99,1,1.262
114.00,0,
114.01,0,
114.02,0,
114.03,0,
114.04,0,
114.05,0,
114.06,0,
114.07,0,
114.08,0,
114.09,0,
114.10,0,
114.11,0,
114.12,0,
114.13,0,
114.14,0,
114.15,0,
114.16,0,
114.17,0,
114.18,0,
114.19,0,
114.20,0,
114.21,0,
114.22,0,
114.23,0,
114.24,0,
114.25,0,
114.26,0,
114.27,0,
114.28,0,
114.29,0,
114.30,0,
114.31,0,
114.32,0,
114.33,0,
114.34,0,
114.35,0,
114.36,0,
114.37,0,
114.38,0,
114.39,0,
114.40,0,
114.41,0,
114.42,0,
114.43,0,
114.44,0,
114.45,0,
114.46,0,
114.47,0,
114.48,0,
114.49,0,
114.50,0,
114.51,0,
114.52,0,
114.53,0,
114.54,0,
114.55,0,
114.56,0,
114.57,0,
114.58,0,
114.59,0,
114.60,0,
114.61,0,
114.62,0,
114.63,0,
114.64,0,
114.65,0,
114.66,0,
114.67,0,
114.68,0,
114.69,0,
114.70,0,
114.71,0,
114.72,0,
114.73,0,
114.74,0,
114.75,0,
114.76,0,
114.77,0,
114.78,0,
114.79,0,
114.80,0,
114.81,0,
114.82,0,
114.83,0,
114.84,0,
114.85,0,
114.86,0,
114.87,0,
114.88,0,
114.89,0,
114.90,0,
114.91,0,
114.92,0,
114.93,0,
114.94,0,
114.95,0,
114.96,0,
114.97,0,
114.98,0,
114.99,0,
115.00,0,
115.01,0,
115.02,0,
115.03,0,
115.04,0,
115.05,0,
115.06,0,
115.07,0,
115.08,0,
115.09,0,
115.10,0,
115.11,0,
115.12,0,
115.13,0,
115.14,0,
115.15,0,
115.16,0,
115.17,0,
115.18,0,
115.19,0,
115.20,0,
115.21,0,
115.22,0,
115.23,0,
115.24,0,
115.25,0,
115.26,0,
115.27,0,
115.28,0,
115.29,0,
115.30,0,
115.31,0,
115.32,0,
115.33,0,
115.34,0,
115.35,0,
115.36,0,
115.37,0,
115.38,0,
115.39,0,
115.40,0,
115.41,0,
115.42,0,
115.43,0,
115.44,0,
115.45,0,
115.46,0,
115.47,0,
115.48,0,
115.49,0,
115.50,0,
115.51,0,
115.52,0,
115.53,0,
115.54,0,
115.55,0,
115.56,0,
115.57,0,
115.58,0,
115.59,0,
115.60,0,
115.61,0,
115.62,0,
115.63,0,
115.64,0,
115.65,0,
115.66,0,
115.67,0,
115.68,0,
115.69,0,
115.70,0,
115.71,0,
115.72,0,
115.73,0,
115.74,0,
115.75,0,
115.76,0,
115.77,0,
115.78,0,
115.79,0,
115.80,0,
115.81,0,
115.82,0,
115.83,0,
115.84,0,
115.85,0,
115.86,0,
115.87,0,
115.88,0,
115.89,0,
115.90,0,
115.91,0,
115.92,0,
115.93,0,
115.94,0,
115.95,0,
115.96,1,0.139
115.97,1,0.071
115.98,1,0.041
115.99,1,0.027
116.00,1,0.024
116.01,1,0.026
116.02,1,0.028
116.03,1,0.031
116.04,1,0.024
116.05,1,0.020
116.06,1,0.017
116.07,1,0.016
116.08,1,0.020
116.09,1,0.023
116.10,1,0.027
116.11,1,0.034
116.12,1,0.037
116.13,1,0.039
116.14,1,0.038
116.15,1,0.036
116.16,1,0.031
116.17,1,0.025
116.18,1,0.023
116.19,1,0.022
116.20,1,0.023
116.21,1,0.024
116.22,1,0.027
116.23,1,0.031
116.24,1,0.036
116.25,1,0.042
116.26,1,0.048
116.27,1,0.054
116.28,1,0.059
116.29,1,0.062
116.30,1,0.063
116.31,1,0.065
116.32,1,0.069
116.33,1,0.076
116.34,1,0.088
116.35,1,0.096
116.36,1,0.096
116.37,1,0.093
116.38,1,0.083
116.39,1,0.068
116.40,1,0.053
116.41,1,0.039
116.42,1,0.029
116.43,1,0.030
116.44,1,0.031
116.45,1,0.039
116.46,1,0.047
116.47,1,0.054
116.48,1,0.058
116.49,1,0.059
116.50,1,0.057
116.51,1,0.054
116.52,1,0.073
116.53,1,0.087
116.54,1,0.119
116.55,1,0.182
116.56,1,0.445
116.57,1,0.558
116.58,1,0.625
116.59,1,0.474
116.60,1,0.270
116.61,1,0.187
116.62,1,0.131
116.63,1,0.093
116.64,1,0.059
116.65,1,0.055
116.66,1,0.052
116.67,1,0.055
116.68,1,0.072
116.69,1,0.089
116.70,1,0.089
116.71,1,0.080
116.72,1,0.062
116.73,1,0.052
116.74,1,0.053
116.75,1,0.053
116.76,1,0.054
116.77,1,0.059
116.78,1,0.057
116.79,1,0.062
116.80,1,0.069
116.81,1,0.075
116.82,1,0.077
116.83,1,0.089
116.84,1,0.094
116.85,1,0.100
116.86,1,0.105
116.87,1,0.108
116.88,1,0.109
116.89,1,0.115
116.90,1,0.117
116.91,1,0.120
116.92,1,0.117
116.93,1,0.117
116.94,1,0.116
116.95,1,0.115
116.96,1,0.114
116.97,1,0.110
116.98,1,0.103
116.99,1,0.108
117.00,1,0.110
117.01,1,0.114
117.02,1,0.117
117.03,1,0.124
117.04,1,0.109
117.05,1,0.105
117.06,1,0.104
117.07,1,0.105
117.08,1,0.108
117.09,1,0.106
117.10,1,0.105
117.11,1,0.106
117.12,1,0.117
117.13,1,0.138
117.14,1,0.156
117.15,1,0.171
117.16,1,0.180
117.17,1,0.157
117.18,1,0.149
117.19,1,0.131
117.20,1,0.117
117.21,1,0.107
117.22,1,0.105
117.23,1,0.090
117.24,1,0.092
117.25,1,0.094
117.26,1,0.087
117.27,1,0.082
117.28,1,0.075
117.29,1,0.071
117.30,1,0.062
117.31,1,0.059
117.32,1,0.061
117.33,1,0.058
117.34,1,0.057
117.35,1,0.056
117.36,1,0.053
117.37,1,0.049
117.38,1,0.046
117.39,1,0.042
117.40,1,0.042
117.41,1,0.042
117.42,1,0.048
117.43,1,0.057
117.44,1,0.064
117.45,1,0.068
117.46,1,0.062
117.47,1,0.054
117.48,1,0.051
117.49,1,0.058
117.50,1,0.071
117.51,1,0.094
117.52,1,0.112
117.53,1,0.121
117.54,1,0.122
117.55,1,0.112
117.56,1,0.093
117.57,1,0.079
117.58,1,0.079
117.59,1,0.078
117.60,1,0.076
117.61,1,0.066
117.62,1,0.064
117.63,1,0.070
117.64,1,0.070
117.65,1,0.077
117.66,1,0.072
117.67,1,0.062
117.68,1,0.060
117.69,1,0.064
117.70,1,0.061
117.71,1,0.066
117.72,1,0.093
117.73,1,0.101
117.74,1,0.110
117.75,1,0.123
117.76,1,0.125
117.77,1,0.106
117.78,1,0.123
117.79,1,0.118
117.80,1,0.143
117.81,1,0.235
117.82,1,0.382
117.83,1,0.757
117.84,1,1.223
117.85,1,1.058
117.86,1,1.318
117.87,1,1.530
117.88,1,1.345
117.89,1,0.713
117.90,1,0.282
117.91,1,0.152
117.92,1,0.094
117.93,1,0.080
117.94,1,0.076
117.95,1,0.070
117.96,1,0.072
117.97,1,0.067
117.98,1,0.071
117.99,1,0.072
118.00,1,0.079
118.01,1,0.087
118.02,1,0.092
118.03,1,0.097
118.04,1,0.096
118.05,1,0.086
118.06,1,0.079
118.07,1,0.073
118.08,1,0.064
118.09,1,0.061
118.10,1,0.062
118.11,1,0.063
118.12,1,0.067
118.13,1,0.071
118.14,1,0.072
118.15,1,0.080
118.16,1,0.090
118.17,1,0.096
118.18,1,0.100
118.19,1,0.102
118.20,1,0.107
118.21,1,0.111
118.22,1,0.112
118.23,1,0.112
118.24,1,0.103
118.25,1,0.088
118.26,1,0.073
118.27,1,0.070
118.28,1,0.067
118.29,1,0.083
118.30,1,0.099
118.31,1,0.115
118.32,1,0.134
118.33,1,0.141
118.34,1,0.139
118.35,1,0.141
118.36,1,0.128
118.37,1,0.114
118.38,1,0.125
118.39,1,0.126
118.40,1,0.126
118.41,1,0.128
118.42,1,0.119
118.43,1,0.106
118.44,1,0.097
118.45,1,0.087
118.46,1,0.084
118.47,1,0.079
118.48,1,0.073
118.49,1,0.069
118.50,1,0.072
118.51,1,0.082
118.52,1,0.098
118.53,1,0.116
118.54,1,0.116
118.55,1,0.112
118.56,1,0.096
118.57,1,0.073
118.58,1,0.060
118.59,1,0.062
118.60,1,0.060
118.61,1,0.072
118.62,1,0.090
118.63,1,0.129
118.64,1,0.196
118.65,1,0.288
118.66,1,0.668
118.67,1,1.449
118.68,1,0.731
118.69,1,0.308
118.70,1,0.142
118.71,1,0.089
118.72,1,0.061
118.73,1,0.045
118.74,1,0.037
118.75,1,0.036
118.76,1,0.036
118.77,1,0.037
118.78,1,0.045
118.79,1,0.055
118.80,1,0.065
118.81,1,0.078
118.82,1,0.088
118.83,1,0.098
118.84,1,0.098
118.85,1,0.092
118.86,1,0.076
118.87,1,0.059
118.88,1,0.044
118.89,1,0.039
118.90,1,0.036
118.91,1,0.033
118.92,1,0.034
118.93,1,0.042
118.94,1,0.045
118.95,1,0.053
118.96,1,0.056
118.97,1,0.062
118.98,1,0.063
118.99,1,0.074
119.00,1,0.078
119.01,1,0.089
119.02,1,0.092
119.03,1,0.094
119.04,1,0.090
119.05,1,0.084
119.06,1,0.075
119.07,1,0.070
119.08,1,0.065
119.09,1,0.062
119.10,1,0.064
119.11,1,0.068
119.12,1,0.079
119.13,1,0.128
119.14,1,0.134
119.15,1,0.154
119.16,1,0.147
119.17,1,0.150
119.18,1,0.135
119.19,1,0.094
119.20,1,0.068
119.21,1,0.049
119.22,1,0.037
119.23,1,0.040
119.24,1,0.046
119.25,1,0.056
119.26,1,0.071
119.27,1,0.083
119.28,1,0.088
119.29,1,0.095
119.30,1,0.094
119.31,1,0.090
119.32,1,0.087
119.33,1,0.081
119.34,1,0.076
119.35,1,0.073
119.36,1,0.069
119.37,1,0.070
119.38,1,0.070
119.39,1,0.072
119.40,1,0.081
119.41,1,0.093
119.42,1,0.104
119.43,1,0.110
119.44,1,0.119
119.45,1,0.123
119.46,1,0.116
119.47,1,0.109
119.48,1,0.101
119.49,1,0.091
119.50,1,0.084
119.51,1,0.090
119.52,1,0.086
119.53,1,0.088
119.54,1,0.102
119.55,1,0.103
119.56,1,0.099
119.57,1,0.102
119.58,1,0.094
119.59,1,0.089
119.60,1,0.090
119.61,1,0.091
119.62,1,0.088
119.63,1,0.078
119.64,1,0.074
119.65,1,0.069
119.66,1,0.065
119.67,1,0.064
119.68,1,0.059
119.69,1,0.058
119.70,1,0.058
119.71,1,0.067
119.72,1,0.071
119.73,1,0.076
119.74,1,0.083
119.75,1,0.090
119.76,1,0.105
119.77,1,0.175
119.78,1,0.313
119.79,1,0.417
119.80,1,0.444
119.81,1,0.360
119.82,1,0.118
119.83,1,0.090
119.84,1,0.079
119.85,1,0.074
119.86,1,0.070
119.87,1,0.068
119.88,1,0.067
119.89,1,0.075
119.90,1,0.075
119.91,1,0.080
119.92,1,0.083
119.93,1,0.078
119.94,1,0.066
119.95,1,0.057
119.96,1,0.049
119.97,1,0.041
119.98,1,0.035
119.99,1,0.037
120.00,1,0.038
120.01,1,0.039
120.02,1,0.041
120.03,1,0.050
120.04,1,0.058
120.05,1,0.062
120.06,1,0.074
120.07,1,0.081
120.08,1,0.078
120.09,1,0.087
120.10,1,0.093
120.11,1,0.094
120.12,1,0.093
120.13,1,0.097
120.14,1,0.098
120.15,1,0.106
120.16,1,0.105
120.17,1,0.105
120.18,1,0.101
120.19,1,0.090
120.20,1,0.086
120.21,1,0.097
120.22,1,0.108
120.23,1,0.116
120.24,1,0.126
120.25,1,0.128
120.26,1,0.117
120.27,1,0.110
120.28,1,0.116
120.29,1,0.112
120.30,1,0.120
120.31,1,0.123
120.32,1,0.124
120.33,1,0.118
120.34,1,0.119
120.35,1,0.112
120.36,1,0.118
120.37,1,0.115
120.38,1,0.124
120.39,1,0.126
120.40,1,0.124
120.41,1,0.117
120.42,1,0.119
120.43,1,0.119
120.44,1,0.127
120.45,1,0.134
120.46,1,0.139
120.47,1,0.137
120.48,1,0.124
120.49,1,0.110
120.50,1,0.102
120.51,1,0.090
120.52,1,0.094
120.53,1,0.102
120.54,1,0.107
120.55,1,0.101
120.56,1,0.102
120.57,1,0.113
120.58,1,0.124
120.59,1,0.138
120.60,1,0.142
120.61,1,0.151
120.62,1,0.161
120.63,1,0.148
120.64,1,0.160
120.65,1,0.174
120.66,1,0.178
120.67,1,0.182
120.68,1,0.221
120.69,1,0.259
120.70,1,0.313
120.71,1,0.555
120.72,1,1.151
120.73,1,1.419
120.74,1,1.592
120.75,1,1.695
120.76,1,1.430
120.77,1,1.257
120.78,1,0.979
120.79,1,0.734
120.80,1,0.571
120.81,1,0.476
120.82,1,0.457
120.83,1,0.391
120.84,1,0.358
120.85,1,0.378
120.86,1,0.360
120.87,1,0.302
120.88,1,0.265
120.89,1,0.211
120.90,1,0.154
120.91,1,0.142
120.92,1,0.147
120.93,1,0.147
120.94,1,0.134
120.95,1,0.112
120.96,1,0.103
120.97,1,0.096
120.98,1,0.094
120.99,1,0.093
121.00,1,0.086
121.01,1,0.080
121.02,1,0.080
121.03,1,0.084
121.04,1,0.091
121.05,1,0.109
121.06,1,0.175
121.07,1,0.287
121.08,1,0.114
121.09,1,0.077
121.10,1,0.055
121.11,1,0.039
121.12,1,0.035
121.13,1,0.033
121.14,1,0.034
121.15,1,0.035
121.16,1,0.035
121.17,1,0.035
121.18,1,0.039
121.19,1,0.045
121.20,1,0.057
121.21,1,0.067
121.22,1,0.074
121.23,1,0.072
121.24,1,0.059
121.25,1,0.044
121.26,1,0.031
121.27,1,0.024
121.28,1,0.021
121.29,1,0.020
121.30,1,0.021
121.31,1,0.029
121.32,1,0.034
121.33,1,0.035
121.34,1,0.039
121.35,1,0.041
121.36,1,0.039
121.37,1,0.040
121.38,1,0.042
121.39,1,0.039
121.40,1,0.040
121.41,1,0.048
121.42,1,0.055
121.43,1,0.055
121.44,1,0.056
121.45,1,0.057
121.46,1,0.054
121.47,1,0.053
121.48,1,0.056
121.49,1,0.061
121.50,1,0.070
121.51,1,0.076
121.52,1,0.074
121.53,1,0.073
121.54,1,0.072
121.55,1,0.070
121.56,1,0.070
121.57,1,0.075
121.58,1,0.081
121.59,1,0.086
121.60,1,0.092
121.61,1,0.097
121.62,1,0.105
121.63,1,0.136
121.64,1,0.151
121.65,1,0.206
121.66,1,0.315
121.67,1,0.527
121.68,1,0.468
121.69,1,0.425
121.70,1,0.332
121.71,1,0.222
121.72,1,0.128
121.73,1,0.080
121.74,1,0.064
121.75,1,0.054
121.76,1,0.057
121.77,1,0.061
121.78,1,0.066
121.79,1,0.074
121.80,1,0.078
121.81,1,0.083
121.82,1,0.087
121.83,1,0.103
121.84,1,0.148
121.85,1,0.299
121.86,1,0.482
121.87,1,0.485
121.88,1,0.249
121.89,1,0.096
121.90,1,0.069
121.91,1,0.047
121.92,1,0.045
121.93,1,0.061
121.94,1,0.077
121.95,1,0.101
121.96,1,0.147
121.97,1,0.175
121.98,1,0.183
121.99,1,0.196
122.00,1,0.174
122.01,1,0.144
122.02,1,0.122
122.03,1,0.085
122.04,1,0.060
122.05,1,0.067
122.06,1,0.065
122.07,1,0.068
122.08,1,0.076
122.09,1,0.082
122.10,1,0.083
122.11,1,0.094
122.12,1,0.108
122.13,1,0.106
122.14,1,0.105
122.15,1,0.107
122.16,1,0.092
122.17,1,0.093
122.18,1,0.096
122.19,1,0.098
122.20,1,0.114
122.21,1,0.124
122.22,1,0.123
122.23,1,0.122
122.24,1,0.130
122.25,1,0.126
122.26,1,0.150
122.27,1,0.260
122.28,1,0.731
122.29,1,1.271
122.30,1,1.536
122.31,1,1.441
122.32,1,0.801
122.33,1,0.273
122.34,1,0.180
122.35,1,0.134
122.36,1,0.123
122.37,1,0.129
122.38,1,0.141
122.39,1,0.114
122.40,1,0.087
122.41,1,0.068
122.42,1,0.052
122.43,1,0.047
122.44,1,0.050
122.45,1,0.051
122.46,1,0.049
122.47,1,0.044
122.48,1,0.035
122.49,1,0.028
122.50,1,0.026
122.51,1,0.025
122.52,1,0.028
122.53,1,0.031
122.54,1,0.038
122.55,1,0.049
122.56,1,0.059
122.57,1,0.066
122.58,1,0.077
122.59,1,0.078
122.60,1,0.073
122.61,1,0.073
122.62,1,0.080
122.63,1,0.084
122.64,1,0.093
122.65,1,0.098
122.66,1,0.097
122.67,1,0.091
122.68,1,0.083
122.69,1,0.071
122.70,1,0.058
122.71,1,0.054
122.72,1,0.055
122.73,1,0.052
122.74,1,0.053
122.75,1,0.059
122.76,1,0.064
122.77,1,0.063
122.78,1,0.065
122.79,1,0.064
122.80,1,0.059
122.81,1,0.062
122.82,1,0.083
122.83,1,0.099
122.84,1,0.117
122.85,1,0.144
122.86,1,0.151
122.87,1,0.123
122.88,1,0.121
122.89,1,0.141
122.90,1,0.148
122.91,1,0.116
122.92,1,0.096
122.93,1,0.077
122.94,1,0.060
122.95,1,0.056
122.96,1,0.051
122.97,1,0.050
122.98,1,0.050
122.99,1,0.048
123.00,1,0.054
123.01,1,0.073
123.02,1,0.080
123.03,1,0.086
123.04,1,0.092
123.05,1,0.096
123.06,1,0.095
123.07,1,0.121
123.08,1,0.179
123.09,1,0.429
123.10,1,0.596
123.11,1,0.966
123.12,1,0.567
123.13,1,0.223
123.14,1,0.107
123.15,1,0.082
123.16,1,0.078
123.17,1,0.077
123.18,1,0.076
123.19,1,0.088
123.20,1,0.091
123.21,1,0.093
123.22,1,0.103
123.23,1,0.109
123.24,1,0.104
123.25,1,0.098
123.26,1,0.089
123.27,1,0.081
123.28,1,0.079
123.29,1,0.088
123.30,1,0.100
123.31,1,0.105
123.32,1,0.116
123.33,1,0.115
123.34,1,0.112
123.35,1,0.109
123.36,1,0.112
123.37,1,0.108
123.38,1,0.112
123.39,1,0.114
123.40,1,0.110
123.41,1,0.111
123.42,1,0.108
123.43,1,0.104
123.44,1,0.108
123.45,1,0.115
123.46,1,0.139
123.47,1,0.152
123.48,1,0.169
123.49,1,0.203
123.50,1,0.230
123.51,1,0.292
123.52,1,0.388
123.53,1,0.529
123.54,1,0.663
123.55,1,0.792
123.56,1,0.869
123.57,1,0.462
123.58,1,0.294
123.59,1,0.216
123.60,1,0.156
123.61,1,0.114
123.62,1,0.091
123.63,1,0.089
123.64,1,0.079
123.65,1,0.085
123.66,1,0.093
123.67,1,0.102
123.68,1,0.152
123.69,1,0.224
123.70,1,0.350
123.71,1,0.698
123.72,1,1.030
123.73,1,0.775
123.74,1,0.536
123.75,1,0.126
123.76,1,0.097
123.77,1,0.085
123.78,1,0.051
123.79,1,0.041
123.80,1,0.038
123.81,1,0.033
123.82,1,0.029
123.83,1,0.033
123.84,1,0.037
123.85,1,0.045
123.86,1,0.053
123.87,1,0.056
123.88,1,0.058
123.89,1,0.058
123.90,1,0.058
123.91,1,0.052
123.92,1,0.051
123.93,1,0.047
123.94,1,0.047
123.95,1,0.046
123.96,1,0.043
123.97,1,0.048
123.98,1,0.056
123.99,1,0.072
124.00,1,0.074
124.01,1,0.077
124.02,1,0.077
124.03,1,0.074
124.04,1,0.068
124.05,1,0.070
124.06,1,0.063
124.07,1,0.058
124.08,1,0.062
124.09,1,0.074
124.10,1,0.087
124.11,1,0.106
124.12,1,0.135
124.13,1,0.147
124.14,1,0.145
124.15,1,0.155
124.16,1,0.158
124.17,1,0.144
124.18,1,0.154
124.19,1,0.156
124.20,1,0.152
124.21,1,0.147
124.22,1,0.144
124.23,1,0.137
124.24,1,0.133
124.25,1,0.124
124.26,1,0.125
124.27,1,0.116
124.28,1,0.117
124.29,1,0.123
124.30,1,0.139
124.31,1,0.163
124.32,1,0.216
124.33,1,0.301
124.34,1,0.540
124.35,1,1.176
124.36,1,1.554
124.37,1,1.473
124.38,1,1.126
124.39,1,0.582
124.40,1,0.455
124.41,1,0.282
124.42,1,0.148
124.43,1,0.088
124.44,1,0.057
124.45,1,0.054
124.46,1,0.051
124.47,1,0.053
124.48,1,0.056
124.49,1,0.060
124.50,1,0.060
124.51,1,0.065
124.52,1,0.068
124.53,1,0.073
124.54,1,0.087
124.55,1,0.102
124.56,1,0.109
124.57,1,0.110
124.58,1,0.113
124.59,1,0.114
124.60,1,0.117
124.61,1,0.130
124.62,1,0.148
124.63,1,0.183
124.64,1,0.288
124.65,1,0.483
124.66,1,0.920
124.67,1,1.184
124.68,1,1.114
124.69,1,0.818
124.70,1,0.449
124.71,1,0.337
124.72,1,0.239
124.73,1,0.179
124.74,1,0.143
124.75,1,0.118
124.76,1,0.094
124.77,1,0.088
124.78,1,0.080
124.79,1,0.077
124.80,1,0.074
124.81,1,0.068
124.82,1,0.067
124.83,1,0.071
124.84,1,0.071
124.85,1,0.080
124.86,1,0.101
124.87,1,0.110
124.88,1,0.101
124.89,1,0.091
124.90,1,0.069
124.91,1,0.050
124.92,1,0.049
124.93,1,0.062
124.94,1,0.071
124.95,1,0.083
124.96,1,0.086
124.97,1,0.091
124.98,1,0.109
124.99,1,0.110
125.00,1,0.107
125.01,1,0.105
125.02,1,0.097
125.03,1,0.083
125.04,1,0.086
125.05,1,0.085
125.06,1,0.086
125.07,1,0.095
125.08,1,0.098
125.09,1,0.108
125.10,1,0.120
125.11,1,0.136
125.12,1,0.137
125.13,1,0.136
125.14,1,0.135
125.15,1,0.139
125.16,1,0.135
125.17,1,0.151
125.18,1,0.165
125.19,1,0.180
125.20,1,0.199
125.21,1,0.218
125.22,1,0.224
125.23,1,0.212
125.24,1,0.196
125.25,1,0.172
125.26,1,0.137
125.27,1,0.120
125.28,1,0.110
125.29,1,0.099
125.30,1,0.099
125.31,1,0.112
125.32,1,0.114
125.33,1,0.126
125.34,1,0.139
125.35,1,0.130
125.36,1,0.121
125.37,1,0.136
125.38,1,0.140
125.39,1,0.144
125.40,1,0.142
125.41,1,0.128
125.42,1,0.104
125.43,1,0.097
125.44,1,0.087
125.45,1,0.090
125.46,1,0.096
125.47,1,0.107
125.48,1,0.124
125.49,1,0.131
125.50,1,0.133
125.51,1,0.135
125.52,1,0.126
125.53,1,0.107
125.54,1,0.102
125.55,1,0.119
125.56,1,0.138
125.57,1,0.158
125.58,1,0.180
125.59,1,0.209
125.60,1,0.223
125.61,1,0.236
125.62,1,0.257
125.63,1,0.287
125.64,1,0.328
125.65,1,0.367
125.66,1,0.391
125.67,1,0.520
125.68,1,0.696
125.69,1,0.833
125.70,1,1.202
125.71,1,1.566
125.72,1,1.471
125.73,1,1.607
125.74,1,1.961
125.75,1,1.931
125.76,1,1.944
125.77,1,2.052
125.78,0,
125.79,0,
125.80,0,
125.81,0,
125.82,0,
125.83,0,
125.84,0,
125.85,0,
125.86,0,
125.87,0,
125.88,0,
125.89,0,
125.90,0,
125.91,1,0.903
125.92,1,0.822
125.93,1,0.809
125.94,1,0.806
125.95,1,0.853
125.96,1,0.906
125.97,1,0.544
125.98,1,0.288
125.99,1,0.241
126.00,1,0.219
126.01,1,0.187
126.02,1,0.157
126.03,1,0.137
126.04,1,0.156
126.05,1,0.191
126.06,1,0.218
126.07,1,0.221
126.08,1,0.229
126.09,1,0.237
126.10,1,0.240
126.11,1,0.246
126.12,1,0.277
126.13,1,0.248
126.14,1,0.159
126.15,1,0.127
126.16,1,0.176
126.17,1,0.210
126.18,1,0.234
126.19,1,0.271
126.20,1,0.294
126.21,1,0.266
126.22,1,0.254
126.23,1,0.217
126.24,1,0.193
126.25,1,0.162
126.26,1,0.142
126.27,1,0.110
126.28,1,0.100
126.29,1,0.095
126.30,1,0.101
126.31,1,0.090
126.32,1,0.101
126.33,1,0.101
126.34,1,0.105
126.35,1,0.115
126.36,1,0.140
126.37,1,0.162
126.38,1,0.193
126.39,1,0.217
126.40,1,0.219
126.41,1,0.226
126.42,1,0.206
126.43,1,0.186
126.44,1,0.168
126.45,1,0.158
126.46,1,0.152
126.47,1,0.148
126.48,1,0.147
126.49,1,0.136
126.50,1,0.140
126.51,1,0.136
126.52,1,0.134
126.53,1,0.131
126.54,1,0.132
126.55,1,0.139
126.56,1,0.162
126.57,1,0.174
126.58,1,0.187
126.59,1,0.187
126.60,1,0.193
126.61,1,0.188
126.62,1,0.195
126.63,1,0.200
126.64,1,0.199
126.65,1,0.174
126.66,1,0.172
126.67,1,0.173
126.68,1,0.184
126.69,1,0.207
126.70,1,0.370
126.71,1,0.489
126.72,1,0.739
126.73,1,0.546
126.74,1,0.323
126.75,1,0.164
126.76,1,0.126
126.77,1,0.118
126.78,1,0.144
126.79,1,0.161
126.80,1,0.174
126.81,1,0.199
126.82,1,0.210
126.83,1,0.242
126.84,1,0.246
126.85,1,0.277
126.86,1,0.282
126.87,1,0.304
126.88,1,0.281
126.89,1,0.295
126.90,1,0.273
126.91,1,0.283
126.92,1,0.181
126.93,1,0.161
126.94,1,0.145
126.95,1,0.147
126.96,1,0.165
126.97,1,0.179
126.98,1,0.191
126.99,1,0.199
127.00,1,0.195
127.01,1,0.188
127.02,1,0.173
127.03,1,0.167
127.04,1,0.160
127.05,1,0.143
127.06,1,0.129
127.07,1,0.120
127.08,1,0.101
127.09,1,0.099
127.10,1,0.100
127.11,1,0.106
127.12,1,0.102
127.13,1,0.097
127.14,1,0.096
127.15,1,0.102
127.16,1,0.106
127.17,1,0.111
127.18,1,0.129
127.19,1,0.146
127.20,1,0.158
127.21,1,0.185
127.22,1,0.210
127.23,1,0.225
127.24,1,0.250
127.25,1,0.288
127.26,1,0.305
127.27,1,0.300
127.28,1,0.311
127.29,1,0.320
127.30,1,0.306
127.31,1,0.285
127.32,1,0.280
127.33,1,0.279
127.34,1,0.268
127.35,1,0.236
127.36,1,0.202
127.37,1,0.208
127.38,1,0.204
127.39,1,0.212
127.40,1,0.232
127.41,1,0.238
127.42,1,0.216
127.43,1,0.201
127.44,1,0.187
127.45,1,0.186
127.46,1,0.187
127.47,1,0.199
127.48,1,0.209
127.49,1,0.207
127.50,1,0.206
127.51,1,0.193
127.52,1,0.197
127.53,1,0.186
127.54,1,0.196
127.55,1,0.198
127.56,1,0.194
127.57,1,0.165
127.58,1,0.153
127.59,1,0.135
127.60,1,0.125
127.61,1,0.124
127.62,1,0.125
127.63,1,0.137
127.64,1,0.143
127.65,1,0.149
127.66,1,0.155
127.67,1,0.155
127.68,1,0.152
127.69,1,0.141
127.70,1,0.129
127.71,1,0.118
127.72,1,0.102
127.73,1,0.097
127.74,1,0.100
127.75,1,0.110
127.76,1,0.116
127.77,1,0.138
127.78,1,0.134
127.79,1,0.149
127.80,1,0.147
127.81,1,0.150
127.82,1,0.140
127.83,1,0.135
127.84,1,0.127
127.85,1,0.106
127.86,1,0.107
127.87,1,0.096
127.88,1,0.100
127.89,1,0.086
127.90,1,0.085
127.91,1,0.069
127.92,1,0.069
127.93,1,0.058
127.94,1,0.061
127.95,1,0.061
127.96,1,0.061
127.97,1,0.070
127.98,1,0.078
127.99,1,0.086
128.00,1,0.096
128.01,1,0.103
128.02,1,0.109
128.03,1,0.093
128.04,1,0.121
128.05,1,0.153
128.06,1,0.182
128.07,1,0.188
128.08,1,0.225
128.09,1,0.241
128.10,1,0.215
128.11,1,0.218
128.12,1,0.235
128.13,1,0.235
128.14,1,0.243
128.15,1,0.243
128.16,1,0.223
128.17,1,0.171
128.18,1,0.151
128.19,1,0.161
128.20,1,0.143
128.21,1,0.135
128.22,1,0.141
128.23,1,0.151
128.24,1,0.160
128.25,1,0.180
128.26,1,0.200
128.27,1,0.206
128.28,1,0.200
128.29,1,0.196
128.30,1,0.199
128.31,1,0.186
128.32,1,0.177
128.33,1,0.167
128.34,1,0.162
128.35,1,0.152
128.36,1,0.159
128.37,1,0.176
128.38,1,0.199
128.39,1,0.222
128.40,1,0.238
128.41,1,0.243
128.42,1,0.239
128.43,1,0.236
128.44,1,0.237
128.45,1,0.247
128.46,1,0.266
128.47,1,0.296
128.48,1,0.285
128.49,1,0.280
128.50,1,0.253
128.51,1,0.229
128.52,1,0.216
128.53,1,0.214
128.54,1,0.215
128.55,1,0.206
128.56,1,0.201
128.57,1,0.204
128.58,1,0.198
128.59,1,0.238
128.60,1,0.329
128.61,1,0.463
128.62,1,0.656
128.63,1,0.972
128.64,1,0.955
128.65,1,0.665
128.66,1,0.197
128.67,1,0.143
128.68,1,0.158
128.69,1,0.181
128.70,1,0.202
128.71,1,0.216
128.72,1,0.237
128.73,1,0.273
128.74,1,0.304
128.75,1,0.459
128.76,1,0.523
128.77,1,0.731
128.78,1,0.608
128.79,1,0.645
128.80,1,0.438
128.81,1,0.161
128.82,1,0.099
128.83,1,0.085
128.84,1,0.089
128.85,1,0.080
128.86,1,0.050
128.87,1,0.085
128.88,1,0.161
128.89,1,0.213
128.90,1,0.267
128.91,1,0.337
128.92,1,0.372
128.93,1,0.360
128.94,1,0.337
128.95,1,0.299
128.96,1,0.250
128.97,1,0.227
128.98,1,0.209
128.99,1,0.211
129.00,1,0.199
129.01,1,0.200
129.02,1,0.184
129.03,1,0.189
129.04,1,0.177
129.05,1,0.172
129.06,1,0.171
129.07,1,0.167
129.08,1,0.154
129.09,1,0.138
129.10,1,0.136
129.11,1,0.129
129.12,1,0.139
129.13,1,0.152
129.14,1,0.167
129.15,1,0.174
129.16,1,0.177
129.17,1,0.178
129.18,1,0.165
129.19,1,0.153
129.20,1,0.140
129.21,1,0.126
129.22,1,0.121
129.23,1,0.123
129.24,1,0.131
129.25,1,0.141
129.26,1,0.142
129.27,1,0.146
129.28,1,0.130
129.29,1,0.142
129.30,1,0.150
129.31,1,0.122
129.32,1,0.122
129.33,1,0.126
129.34,1,0.120
129.35,1,0.123
129.36,1,0.136
129.37,1,0.146
129.38,1,0.147
129.39,1,0.151
129.40,1,0.160
129.41,1,0.155
129.42,1,0.162
129.43,1,0.162
129.44,1,0.175
129.45,1,0.198
129.46,1,0.196
129.47,1,0.201
129.48,1,0.214
129.49,1,0.207
129.50,1,0.187
129.51,1,0.186
129.52,1,0.171
129.53,1,0.154
129.54,1,0.139
129.55,1,0.141
129.56,1,0.149
129.57,1,0.154
129.58,1,0.151
129.59,1,0.154
129.60,1,0.166
129.61,1,0.177
129.62,1,0.188
129.63,1,0.207
129.64,1,0.231
129.65,1,0.223
129.66,1,0.225
129.67,1,0.221
129.68,1,0.227
129.69,1,0.239
129.70,1,0.245
129.71,1,0.263
129.72,1,0.272
129.73,1,0.284
129.74,1,0.269
129.75,1,0.271
129.76,1,0.287
129.77,1,0.289
129.78,1,0.303
129.79,1,0.328
129.80,1,0.313
129.81,1,0.267
129.82,1,0.271
129.83,1,0.270
129.84,1,0.252
129.85,1,0.269
129.86,1,0.265
129.87,1,0.230
129.88,1,0.227
129.89,1,0.218
129.90,1,0.191
129.91,1,0.190
129.92,1,0.224
129.93,1,0.221
129.94,1,0.217
129.95,1,0.220
129.96,1,0.204
129.97,1,0.178
129.98,1,0.181
129.99,1,0.192
130.00,1,0.211
130.01,1,0.231
130.02,1,0.234
130.03,1,0.231
130.04,1,0.227
130.05,1,0.237
130.06,1,0.244
130.07,1,0.231
130.08,1,0.242
130.09,1,0.226
130.10,1,0.193
130.11,1,0.163
130.12,1,0.156
130.13,1,0.142
130.14,1,0.144
130.15,1,0.142
130.16,1,0.148
130.17,1,0.145
130.18,1,0.144
130.19,1,0.149
130.20,1,0.150
130.21,1,0.144
130.22,1,0.151
130.23,1,0.170
130.24,1,0.184
130.25,1,0.194
130.26,1,0.194
130.27,1,0.188
130.28,1,0.189
130.29,1,0.187
130.30,1,0.200
130.31,1,0.211
130.32,1,0.207
130.33,1,0.189
130.34,1,0.177
130.35,1,0.159
130.36,1,0.149
130.37,1,0.147
130.38,1,0.136
130.39,1,0.122
130.40,1,0.115
130.41,1,0.103
130.42,1,0.104
130.43,1,0.105
130.44,1,0.114
130.45,1,0.130
130.46,1,0.142
130.47,1,0.152
130.48,1,0.146
130.49,1,0.140
130.50,1,0.133
130.51,1,0.126
130.52,1,0.125
130.53,1,0.127
130.54,1,0.131
130.55,1,0.134
130.56,1,0.142
130.57,1,0.152
130.58,1,0.171
130.59,1,0.180
130.60,1,0.191
130.61,1,0.182
130.62,1,0.177
130.63,1,0.157
130.64,1,0.143
130.65,1,0.135
130.66,1,0.145
130.67,1,0.160
130.68,1,0.180
130.69,1,0.209
130.70,1,0.253
130.71,1,0.283
130.72,1,0.367
130.73,1,0.541
130.74,1,0.569
130.75,1,0.714
130.76,1,0.642
130.77,1,0.649
130.78,1,0.604
130.79,1,0.565
130.80,1,0.518
130.81,1,0.529
130.82,1,0.516
130.83,1,0.449
130.84,1,0.393
130.85,1,0.335
130.86,1,0.288
130.87,1,0.274
130.88,1,0.264
130.89,1,0.250
130.90,1,0.264
130.91,1,0.248
130.92,1,0.299
130.93,1,0.334
130.94,1,0.457
130.95,1,0.490
130.96,1,0.560
130.97,1,0.463
130.98,1,0.463
130.99,1,0.527
131.00,1,0.523
131.01,1,0.386
131.02,1,0.133
131.03,1,0.061
131.04,1,0.043
131.05,1,0.045
131.06,1,0.048
131.07,1,0.045
131.08,1,0.053
131.09,1,0.067
131.10,1,0.067
131.11,1,0.073
131.12,1,0.080
131.13,1,0.108
131.14,1,0.190
131.15,1,0.342
131.16,1,0.340
131.17,1,0.337
131.18,1,0.221
131.19,1,0.164
131.20,1,0.080
131.21,1,0.052
131.22,1,0.049
131.23,1,0.055
131.24,1,0.065
131.25,1,0.070
131.26,1,0.075
131.27,1,0.076
131.28,1,0.065
131.29,1,0.054
131.30,1,0.051
131.31,1,0.047
131.32,1,0.047
131.33,1,0.047
131.34,1,0.044
131.35,1,0.049
131.36,1,0.060
131.37,1,0.063
131.38,1,0.068
131.39,1,0.074
131.40,1,0.079
131.41,1,0.083
131.42,1,0.090
131.43,1,0.094
131.44,1,0.090
131.45,1,0.083
131.46,1,0.076
131.47,1,0.075
131.48,1,0.078
131.49,1,0.082
131.50,1,0.081
131.51,1,0.075
131.52,1,0.068
131.53,1,0.051
131.54,1,0.038
131.55,1,0.034
131.56,1,0.044
131.57,1,0.044
131.58,1,0.046
131.59,1,0.047
131.60,1,0.049
131.61,1,0.052
131.62,1,0.068
131.63,1,0.100
131.64,1,0.233
131.65,1,0.472
131.66,1,0.558
131.67,1,0.140
131.68,1,0.070
131.69,1,0.054
131.70,1,0.048
131.71,1,0.048
131.72,1,0.060
131.73,1,0.062
131.74,1,0.068
131.75,1,0.080
131.76,1,0.092
131.77,1,0.107
131.78,1,0.147
131.79,1,0.208
131.80,1,0.304
131.81,1,0.335
131.82,1,0.174
131.83,1,0.106
131.84,1,0.074
131.85,1,0.060
131.86,1,0.055
131.87,1,0.050
131.88,1,0.052
131.89,1,0.066
131.90,1,0.074
131.91,1,0.080
131.92,1,0.089
131.93,1,0.097
131.94,1,0.096
131.95,1,0.093
131.96,1,0.092
131.97,1,0.090
131.98,1,0.089
131.99,1,0.085
132.00,1,0.097
132.01,1,0.102
132.02,1,0.100
132.03,1,0.102
132.04,1,0.106
132.05,1,0.098
132.06,1,0.093
132.07,1,0.093
132.08,1,0.095
132.09,1,0.091
132.10,1,0.097
132.11,1,0.099
132.12,1,0.104
132.13,1,0.098
132.14,1,0.101
132.15,1,0.101
132.16,1,0.100
132.17,1,0.094
132.18,1,0.095
132.19,1,0.099
132.20,1,0.103
132.21,1,0.120
132.22,1,0.145
132.23,1,0.197
132.24,1,0.285
132.25,1,0.400
132.26,1,0.669
132.27,1,0.811
132.28,1,0.689
132.29,1,0.465
132.30,1,0.256
132.31,1,0.124
132.32,1,0.091
132.33,1,0.070
132.34,1,0.061
132.35,1,0.054
132.36,1,0.051
132.37,1,0.055
132.38,1,0.055
132.39,1,0.054
132.40,1,0.050
132.41,1,0.041
132.42,1,0.036
132.43,1,0.038
132.44,1,0.041
132.45,1,0.048
132.46,1,0.056
132.47,1,0.065
132.48,1,0.075
132.49,1,0.083
132.50,1,0.089
132.51,1,0.095
132.52,1,0.095
132.53,1,0.092
132.54,1,0.083
132.55,1,0.071
132.56,1,0.057
132.57,1,0.059
132.58,1,0.065
132.59,1,0.072
132.60,1,0.081
132.61,1,0.090
132.62,1,0.086
132.63,1,0.083
132.64,1,0.081
132.65,1,0.078
132.66,1,0.071
132.67,1,0.067
132.68,1,0.059
132.69,1,0.051
132.70,1,0.045
132.71,1,0.049
132.72,1,0.050
132.73,1,0.053
132.74,1,0.054
132.75,1,0.055
132.76,1,0.071
132.77,1,0.091
132.78,1,0.102
132.79,1,0.113
132.80,1,0.117
132.81,1,0.105
132.82,1,0.091
132.83,1,0.076
132.84,1,0.053
132.85,1,0.034
132.86,1,0.029
132.87,1,0.029
132.88,1,0.035
132.89,1,0.035
132.90,1,0.040
132.91,1,0.043
132.92,1,0.052
132.93,1,0.068
132.94,1,0.082
132.95,1,0.089
132.96,1,0.098
132.97,1,0.097
132.98,1,0.089
132.99,1,0.085
133.00,1,0.078
133.01,1,0.071
133.02,1,0.067
133.03,1,0.062
133.04,1,0.054
133.05,1,0.053
133.06,1,0.053
133.07,1,0.053
133.08,1,0.062
133.09,1,0.070
133.10,1,0.074
133.11,1,0.075
133.12,1,0.075
133.13,1,0.068
133.14,1,0.063
133.15,1,0.069
133.16,1,0.071
133.17,1,0.071
133.18,1,0.087
133.19,1,0.112
133.20,1,0.135
133.21,1,0.188
133.22,1,0.262
133.23,1,0.345
133.24,1,0.460
133.25,1,0.506
133.26,1,0.543
133.27,1,0.639
133.28,1,0.551
133.29,1,0.475
133.30,1,0.529
133.31,1,0.524
133.32,1,0.431
133.33,1,0.351
133.34,1,0.291
133.35,1,0.187
133.36,1,0.136
133.37,1,0.130
133.38,1,0.133
133.39,1,0.139
133.40,1,0.122
133.41,1,0.119
133.42,1,0.114
133.43,1,0.093
133.44,1,0.089
133.45,1,0.094
133.46,1,0.106
133.47,1,0.117
133.48,1,0.127
133.49,1,0.149
133.50,1,0.296
133.51,1,0.366
133.52,1,0.408
133.53,1,0.224
133.54,1,0.197
133.55,1,0.043
133.56,1,0.035
133.57,1,0.030
133.58,1,0.033
133.59,1,0.030
133.60,1,0.037
133.61,1,0.041
133.62,1,0.049
133.63,1,0.050
133.64,1,0.051
133.65,1,0.050
133.66,1,0.052
133.67,1,0.046
133.68,1,0.043
133.69,1,0.040
133.70,1,0.043
133.71,1,0.044
133.72,1,0.054
133.73,1,0.057
133.74,1,0.054
133.75,1,0.051
133.76,1,0.052
133.77,1,0.053
133.78,1,0.062
133.79,1,0.083
133.80,1,0.122
133.81,1,0.146
133.82,1,0.144
133.83,1,0.158
133.84,1,0.218
133.85,1,0.253
133.86,1,0.081
133.87,1,0.057
133.88,1,0.051
133.89,1,0.049
133.90,1,0.044
133.91,1,0.046
133.92,1,0.053
133.93,1,0.056
133.94,1,0.061
133.95,1,0.069
133.96,1,0.069
133.97,1,0.069
133.98,1,0.077
133.99,1,0.073
134.00,1,0.063
134.01,1,0.065
134.02,1,0.058
134.03,1,0.054
134.04,1,0.053
134.05,1,0.051
134.06,1,0.049
134.07,1,0.049
134.08,1,0.049
134.09,1,0.047
134.10,1,0.047
134.11,1,0.045
134.12,1,0.049
134.13,1,0.056
134.14,1,0.065
134.15,1,0.074
134.16,1,0.085
134.17,1,0.092
134.18,1,0.108
134.19,1,0.138
134.20,1,0.121
134.21,1,0.104
134.22,1,0.090
134.23,1,0.084
134.24,1,0.080
134.25,1,0.076
134.26,1,0.074
134.27,1,0.080
134.28,1,0.087
134.29,1,0.091
134.30,1,0.088
134.31,1,0.088
134.32,1,0.077
134.33,1,0.068
134.34,1,0.079
134.35,1,0.079
134.36,1,0.090
134.37,1,0.098
134.38,1,0.094
134.39,1,0.086
134.40,1,0.083
134.41,1,0.079
134.42,1,0.097
134.43,1,0.112
134.44,1,0.162
134.45,1,0.221
134.46,1,0.213
134.47,1,0.176
134.48,1,0.134
134.49,1,0.103
134.50,1,0.091
134.51,1,0.074
134.52,1,0.069
134.53,1,0.073
134.54,1,0.076
134.55,1,0.077
134.56,1,0.084
134.57,1,0.079
134.58,1,0.070
134.59,1,0.062
134.60,1,0.053
134.61,1,0.045
134.62,1,0.043
134.63,1,0.048
134.64,1,0.051
134.65,1,0.056
134.66,1,0.079
134.67,1,0.094
134.68,1,0.100
134.69,1,0.114
134.70,1,0.118
134.71,1,0.097
134.72,1,0.099
134.73,1,0.081
134.74,1,0.064
134.75,1,0.062
134.76,1,0.062
134.77,1,0.063
134.78,1,0.073
134.79,1,0.086
134.80,1,0.083
134.81,1,0.066
134.82,1,0.066
134.83,1,0.066
134.84,1,0.064
134.85,1,0.066
134.86,1,0.071
134.87,1,0.075
134.88,1,0.076
134.89,1,0.086
134.90,1,0.095
134.91,1,0.089
134.92,1,0.093
134.93,1,0.088
134.94,1,0.075
134.95,1,0.074
134.96,1,0.074
134.97,1,0.067
134.98,1,0.071
134.99,1,0.075
135.00,1,0.080
135.01,1,0.084
135.02,1,0.088
135.03,1,0.087
135.04,1,0.087
135.05,1,0.088
135.06,1,0.090
135.07,1,0.093
135.08,1,0.098
135.09,1,0.114
135.10,1,0.159
135.11,1,0.233
135.12,1,0.417
135.13,1,0.641
135.14,1,0.797
135.15,1,0.822
135.16,1,1.083
135.17,1,1.410
135.18,1,1.575
135.19,1,1.502
135.20,1,1.219
135.21,1,1.022
135.22,1,0.927
135.23,1,0.808
135.24,1,0.695
135.25,1,0.716
135.26,0,
135.27,0,
135.28,0,
135.29,0,
135.30,0,
135.31,0,
135.32,0,
135.33,0,
135.34,0,
135.35,0,
135.36,0,
135.37,0,
135.38,0,
135.39,0,
135.40,0,
135.41,0,
135.42,0,
135.43,0,
135.44,0,
135.45,0,
135.46,0,
135.47,0,
135.48,0,
135.49,0,
135.50,0,
135.51,0,
135.52,0,
135.53,0,
135.54,0,
135.55,0,
135.56,0,
135.57,0,
135.58,0,
135.59,0,
135.60,0,
135.61,0,
135.62,0,
135.63,0,
135.64,0,
135.65,0,
135.66,0,
135.67,0,
135.68,0,
135.69,0,
135.70,0,
135.71,0,
135.72,0,
135.73,0,
135.74,0,
135.75,0,
135.76,0,
135.77,1,2.433
135.78,1,1.453
135.79,1,0.967
135.80,1,0.937
135.81,1,0.884
135.82,1,0.857
135.83,1,0.842
135.84,1,0.863
135.85,1,1.120
135.86,1,1.338
135.87,1,1.554
135.88,1,1.493
135.89,1,1.360
135.90,1,1.092
135.91,1,1.080
135.92,1,1.188
135.93,1,1.363
135.94,1,1.667
135.95,1,2.270
135.96,1,2.831
135.97,1,3.020
135.98,1,2.970
135.99,1,2.443
136.00,1,1.580
136.01,1,0.460
136.02,1,0.314
136.03,1,0.274
136.04,1,0.329
136.05,1,0.365
136.06,1,0.398
136.07,1,0.485
136.08,1,0.582
136.09,1,0.299
136.10,1,0.186
136.11,1,0.277
136.12,1,0.353
136.13,1,0.437
136.14,1,0.577
136.15,1,0.675
136.16,1,0.722
136.17,1,0.694
136.18,1,0.616
136.19,1,0.542
136.20,1,0.504
136.21,1,0.474
136.22,1,0.436
136.23,1,0.393
136.24,1,0.373
136.25,1,0.335
136.26,1,0.332
136.27,1,0.352
136.28,1,0.387
136.29,1,0.481
136.30,1,0.682
136.31,1,0.868
136.32,1,1.333
136.33,1,1.655
136.34,1,1.526
136.35,1,1.431
136.36,1,1.213
136.37,1,1.021
136.38,1,0.796
136.39,1,0.557
136.40,1,0.428
136.41,1,0.260
136.42,1,0.234
136.43,1,0.272
136.44,1,0.398
136.45,1,0.423
136.46,1,0.511
136.47,1,0.620
136.48,1,0.597
136.49,1,0.532
136.50,1,0.521
136.51,1,0.482
136.52,1,0.506
136.53,1,0.491
136.54,1,0.486
136.55,1,0.379
136.56,1,0.290
136.57,1,0.248
136.58,1,0.205
136.59,1,0.195
136.60,1,0.225
136.61,1,0.251
136.62,1,0.254
136.63,1,0.293
136.64,1,0.285
136.65,1,0.299
136.66,1,0.328
136.67,1,0.328
136.68,1,0.389
136.69,1,0.391
136.70,1,0.431
136.71,1,0.430
136.72,1,0.398
136.73,1,0.351
136.74,1,0.311
136.75,1,0.326
136.76,1,0.385
136.77,1,0.426
136.78,1,0.485
136.79,1,0.540
136.80,1,0.561
136.81,1,0.580
136.82,1,0.594
136.83,1,0.578
136.84,1,0.576
136.85,1,0.565
136.86,1,0.539
136.87,1,0.520
136.88,1,0.487
136.89,1,0.465
136.90,1,0.440
136.91,1,0.422
136.92,1,0.390
136.93,1,0.379
136.94,1,0.380
136.95,1,0.383
136.96,1,0.396
136.97,1,0.429
136.98,1,0.412
136.99,1,0.389
137.00,1,0.377
137.01,1,0.364
137.02,1,0.323
137.03,1,0.280
137.04,1,0.235
137.05,1,0.231
137.06,1,0.247
137.07,1,0.266
137.08,1,0.293
137.09,1,0.296
137.10,1,0.296
137.11,1,0.295
137.12,1,0.285
137.13,1,0.272
137.14,1,0.276
137.15,1,0.285
137.16,1,0.284
137.17,1,0.283
137.18,1,0.282
137.19,1,0.260
137.20,1,0.242
137.21,1,0.221
137.22,1,0.201
137.23,1,0.190
137.24,1,0.191
137.25,1,0.187
137.26,1,0.183
137.27,1,0.183
137.28,1,0.188
137.29,1,0.182
137.30,1,0.175
137.31,1,0.185
137.32,1,0.214
137.33,1,0.247
137.34,1,0.300
137.35,1,0.331
137.36,1,0.291
137.37,1,0.302
137.38,1,0.346
137.39,1,0.343
137.40,1,0.361
137.41,1,0.396
137.42,1,0.373
137.43,1,0.354
137.44,1,0.350
137.45,1,0.339
137.46,1,0.306
137.47,1,0.266
137.48,1,0.270
137.49,1,0.298
137.50,1,0.329
137.51,1,0.337
137.52,1,0.330
137.53,1,0.319
137.54,1,0.331
137.55,1,0.355
137.56,1,0.388
137.57,1,0.418
137.58,1,0.397
137.59,1,0.380
137.60,1,0.361
137.61,1,0.349
137.62,1,0.366
137.63,1,0.355
137.64,1,0.352
137.65,1,0.351
137.66,1,0.344
137.67,1,0.334
137.68,1,0.331
137.69,1,0.331
137.70,1,0.366
137.71,1,0.350
137.72,1,0.352
137.73,1,0.354
137.74,1,0.358
137.75,1,0.361
137.76,1,0.365
137.77,1,0.378
137.78,1,0.406
137.79,1,0.416
137.80,1,0.396
137.81,1,0.396
137.82,1,0.419
137.83,1,0.432
137.84,1,0.432
137.85,1,0.402
137.86,1,0.351
137.87,1,0.313
137.88,1,0.284
137.89,1,0.267
137.90,1,0.260
137.91,1,0.253
137.92,1,0.233
137.93,1,0.230
137.94,1,0.229
137.95,1,0.242
137.96,1,0.252
137.97,1,0.256
137.98,1,0.264
137.99,1,0.252
138.00,1,0.256
138.01,1,0.270
138.02,1,0.285
138.03,1,0.300
138.04,1,0.337
138.05,1,0.361
138.06,1,0.398
138.07,1,0.480
138.08,1,0.845
138.09,1,0.985
138.10,1,0.971
138.11,1,0.860
138.12,1,0.814
138.13,1,0.974
138.14,1,0.734
138.15,1,0.271
138.16,1,0.190
138.17,1,0.188
138.18,1,0.216
138.19,1,0.228
138.20,1,0.254
138.21,1,0.292
138.22,1,0.301
138.23,1,0.277
138.24,1,0.268
138.25,1,0.284
138.26,1,0.298
138.27,1,0.299
138.28,1,0.365
138.29,1,0.434
138.30,1,0.254
138.31,1,0.190
138.32,1,0.222
138.33,1,0.234
138.34,1,0.246
138.35,1,0.268
138.36,1,0.264
138.37,1,0.276
138.38,1,0.309
138.39,1,0.349
138.40,1,0.374
138.41,1,0.401
138.42,1,0.382
138.43,1,0.323
138.44,1,0.287
138.45,1,0.275
138.46,1,0.266
138.47,1,0.275
138.48,1,0.301
138.49,1,0.327
138.50,1,0.354
138.51,1,0.381
138.52,1,0.388
138.53,1,0.397
138.54,1,0.395
138.55,1,0.403
138.56,1,0.369
138.57,1,0.395
138.58,1,0.385
138.59,1,0.373
138.60,1,0.438
138.61,1,0.873
138.62,1,1.139
138.63,1,1.031
138.64,1,0.895
138.65,1,0.660
138.66,1,0.687
138.67,1,0.785
138.68,1,0.878
138.69,1,0.993
138.70,1,0.990
138.71,1,0.993
138.72,1,1.033
138.73,1,1.053
138.74,1,1.351
138.75,1,1.538
138.76,1,1.027
138.77,1,0.482
138.78,1,0.318
138.79,1,0.249
138.80,1,0.232
138.81,1,0.226
138.82,1,0.216
138.83,1,0.236
138.84,1,0.280
138.85,1,0.302
138.86,1,0.338
138.87,1,0.523
138.88,1,0.526
138.89,1,0.276
138.90,1,0.178
138.91,1,0.179
138.92,1,0.206
138.93,1,0.209
138.94,1,0.211
138.95,1,0.245
138.96,1,0.227
138.97,1,0.219
138.98,1,0.196
138.99,1,0.142
139.00,1,0.119
139.01,1,0.131
139.02,1,0.140
139.03,1,0.160
139.04,1,0.178
139.05,1,0.207
139.06,1,0.198
139.07,1,0.197
139.08,1,0.203
139.09,1,0.201
139.10,1,0.192
139.11,1,0.202
139.12,1,0.231
139.13,1,0.245
139.14,1,0.249
139.15,1,0.270
139.16,1,0.285
139.17,1,0.305
139.18,1,0.307
139.19,1,0.334
139.20,1,0.378
139.21,1,0.405
139.22,1,0.419
139.23,1,0.682
139.24,1,0.566
139.25,1,0.237
139.26,1,0.223
139.27,1,0.216
139.28,1,0.255
139.29,1,0.300
139.30,1,0.353
139.31,1,0.387
139.32,1,0.418
139.33,1,0.436
139.34,1,0.424
139.35,1,0.406
139.36,1,0.358
139.37,1,0.309
139.38,1,0.271
139.39,1,0.255
139.40,1,0.245
139.41,1,0.263
139.42,1,0.285
139.43,1,0.308
139.44,1,0.318
139.45,1,0.325
139.46,1,0.341
139.47,1,0.357
139.48,1,0.376
139.49,1,0.406
139.50,1,0.440
139.51,1,0.466
139.52,1,0.461
139.53,1,0.426
139.54,1,0.365
139.55,1,0.322
139.56,1,0.297
139.57,1,0.287
139.58,1,0.281
139.59,1,0.311
139.60,1,0.320
139.61,1,0.324
139.62,1,0.343
139.63,1,0.340
139.64,1,0.334
139.65,1,0.319
139.66,1,0.315
139.67,1,0.316
139.68,1,0.338
139.69,1,0.368
139.70,1,0.391
139.71,1,0.395
139.72,1,0.447
139.73,1,0.494
139.74,1,0.513
139.75,1,0.600
139.76,1,0.801
139.77,1,0.763
139.78,1,0.722
139.79,1,0.720
139.80,1,0.711
139.81,1,0.881
139.82,1,1.162
139.83,1,0.936
139.84,1,0.810
139.85,1,0.800
139.86,1,0.609
139.87,1,0.206
139.88,1,0.119
139.89,1,0.169
139.90,1,0.209
139.91,1,0.233
139.92,1,0.272
139.93,1,0.311
139.94,1,0.293
139.95,1,0.256
139.96,1,0.233
139.97,1,0.200
139.98,1,0.188
139.99,1,0.190
140.00,1,0.217
140.01,1,0.242
140.02,1,0.259
140.03,1,0.320
140.04,1,0.356
140.05,1,0.360
140.06,1,0.388
140.07,1,0.329
140.08,1,0.282
140.09,1,0.311
140.10,1,0.298
140.11,1,0.290
140.12,1,0.283
140.13,1,0.277
140.14,1,0.257
140.15,1,0.242
140.16,1,0.246
140.17,1,0.248
140.18,1,0.248
140.19,1,0.181
140.20,1,0.153
140.21,1,0.158
140.22,1,0.228
140.23,1,0.255
140.24,1,0.301
140.25,1,0.329
140.26,1,0.344
140.27,1,0.334
140.28,1,0.316
140.29,1,0.320
140.30,1,0.334
140.31,1,0.348
140.32,1,0.386
140.33,1,0.399
140.34,1,0.442
140.35,1,0.406
140.36,1,0.366
140.37,1,0.360
140.38,1,0.359
140.39,1,0.395
140.40,1,0.463
140.41,1,0.492
140.42,1,0.504
140.43,1,0.487
140.44,1,0.458
140.45,1,0.438
140.46,1,0.453
140.47,1,0.464
140.48,1,0.438
140.49,1,0.395
140.50,1,0.399
140.51,1,0.360
140.52,1,0.364
140.53,1,0.399
140.54,1,0.422
140.55,1,0.468
140.56,1,0.457
140.57,1,0.457
140.58,1,0.435
140.59,1,0.377
140.60,1,0.332
140.61,1,0.407
140.62,1,0.508
140.63,1,0.638
140.64,1,0.631
140.65,1,0.515
140.66,1,0.261
140.67,1,0.235
140.68,1,0.231
140.69,1,0.226
140.70,1,0.239
140.71,1,0.252
140.72,1,0.304
140.73,1,0.350
140.74,1,0.410
140.75,1,0.472
140.76,1,0.508
140.77,1,0.487
140.78,1,0.466
140.79,1,0.455
140.80,1,0.441
140.81,1,0.492
140.82,1,0.535
140.83,1,0.441
140.84,1,0.312
140.85,1,0.300
140.86,1,0.269
140.87,1,0.258
140.88,1,0.271
140.89,1,0.300
140.90,1,0.334
140.91,1,0.387
140.92,1,0.431
140.93,1,0.424
140.94,1,0.377
140.95,1,0.344
140.96,1,0.299
140.97,1,0.262
140.98,1,0.293
140.99,1,0.374
141.00,1,0.403
141.01,1,0.458
141.02,1,0.468
141.03,1,0.518
141.04,1,0.539
141.05,1,0.706
141.06,1,0.759
141.07,1,1.073
141.08,1,1.174
141.09,1,1.246
141.10,1,0.877
141.11,1,0.739
141.12,1,0.652
141.13,1,0.648
141.14,1,0.643
141.15,1,0.644
141.16,1,0.586
141.17,1,0.637
141.18,1,0.614
141.19,1,0.627
141.20,1,0.756
141.21,1,0.992
141.22,1,1.214
141.23,1,1.449
141.24,1,1.502
141.25,1,1.415
141.26,1,0.764
141.27,1,0.495
141.28,1,0.206
141.29,1,0.217
141.30,1,0.241
141.31,1,0.237
141.32,1,0.190
141.33,1,0.147
141.34,1,0.134
141.35,1,0.123
141.36,1,0.175
141.37,1,0.192
141.38,1,0.243
141.39,1,0.280
141.40,1,0.292
141.41,1,0.318
141.42,1,0.315
141.43,1,0.291
141.44,1,0.260
141.45,1,0.240
141.46,1,0.243
141.47,1,0.311
141.48,1,0.339
141.49,1,0.336
141.50,1,0.289
141.51,1,0.288
141.52,1,0.232
141.53,1,0.260
141.54,1,0.285
141.55,1,0.304
141.56,1,0.323
141.57,1,0.323
141.58,1,0.310
141.59,1,0.298
141.60,1,0.285
141.61,1,0.288
141.62,1,0.312
141.63,1,0.335
141.64,1,0.409
141.65,1,0.451
141.66,1,0.478
141.67,1,0.493
141.68,1,0.456
141.69,1,0.444
141.70,1,0.467
141.71,1,0.460
141.72,1,0.422
141.73,1,0.447
141.74,1,0.360
141.75,1,0.289
141.76,1,0.312
141.77,1,0.293
141.78,1,0.252
141.79,1,0.247
141.80,1,0.241
141.81,1,0.222
141.82,1,0.236
141.83,1,0.253
141.84,1,0.278
141.85,1,0.311
141.86,1,0.355
141.87,1,0.386
141.88,1,0.417
141.89,1,0.439
141.90,1,0.456
141.91,1,0.470
141.92,1,0.474
141.93,1,0.456
141.94,1,0.435
141.95,1,0.409
141.96,1,0.349
141.97,1,0.310
141.98,1,0.268
141.99,1,0.238
142.00,1,0.250
142.01,1,0.275
142.02,1,0.333
142.03,1,0.397
142.04,1,0.484
142.05,1,0.522
142.06,1,0.537
142.07,1,0.564
142.08,1,0.501
142.09,1,0.376
142.10,1,0.282
142.11,1,0.240
142.12,1,0.225
142.13,1,0.237
142.14,1,0.246
142.15,1,0.253
142.16,1,0.248
142.17,1,0.247
142.18,1,0.253
142.19,1,0.270
142.20,1,0.292
142.21,1,0.327
142.22,1,0.351
142.23,1,0.375
142.24,1,0.397
142.25,1,0.412
142.26,1,0.431
142.27,1,0.432
142.28,1,0.429
142.29,1,0.407
142.30,1,0.367
142.31,1,0.343
142.32,1,0.341
142.33,1,0.352
142.34,1,0.372
142.35,1,0.377
142.36,1,0.386
142.37,1,0.408
142.38,1,0.427
142.39,1,0.454
142.40,1,0.516
142.41,1,0.413
142.42,1,0.309
142.43,1,0.255
142.44,1,0.254
142.45,1,0.269
142.46,1,0.290
142.47,1,0.302
142.48,1,0.338
142.49,1,0.353
142.50,1,0.377
142.51,1,0.424
142.52,1,0.450
142.53,1,0.479
142.54,1,0.466
142.55,1,0.437
142.56,1,0.440
142.57,1,0.470
142.58,1,0.530
142.59,1,0.596
142.60,1,0.729
142.61,1,0.806
142.62,1,0.815
142.63,1,0.764
142.64,1,0.825
142.65,1,1.080
142.66,1,1.495
142.67,1,1.672
142.68,1,1.450
142.69,1,1.176
142.70,1,0.960
142.71,1,0.513
142.72,1,0.270
142.73,1,0.223
142.74,1,0.212
142.75,1,0.204
142.76,1,0.251
142.77,1,0.321
142.78,1,0.382
142.79,1,0.438
142.80,1,0.484
142.81,1,0.453
142.82,1,0.361
142.83,1,0.297
142.84,1,0.242
142.85,1,0.237
142.86,1,0.238
142.87,1,0.247
142.88,1,0.282
142.89,1,0.318
142.90,1,0.334
142.91,1,0.347
142.92,1,0.345
142.93,1,0.313
142.94,1,0.282
142.95,1,0.270
142.96,1,0.252
142.97,1,0.243
142.98,1,0.241
142.99,1,0.270
143.00,1,0.331
143.01,1,0.396
143.02,1,0.478
143.03,1,0.622
143.04,1,0.540
143.05,1,0.333
143.06,1,0.219
143.07,1,0.230
143.08,1,0.245
143.09,1,0.248
143.10,1,0.288
143.11,1,0.315
143.12,1,0.325
143.13,1,0.346
143.14,1,0.362
143.15,1,0.373
143.16,1,0.385
143.17,1,0.379
143.18,1,0.369
143.19,1,0.347
143.20,1,0.335
143.21,1,0.323
143.22,1,0.319
143.23,1,0.330
143.24,1,0.322
143.25,1,0.312
143.26,1,0.306
143.27,1,0.281
143.28,1,0.257
143.29,1,0.253
143.30,1,0.246
143.31,1,0.236
143.32,1,0.307
143.33,1,0.545
143.34,1,0.966
143.35,1,1.464
143.36,1,1.609
143.37,1,0.616
143.38,1,0.334
143.39,1,0.299
143.40,1,0.307
143.41,1,0.287
143.42,1,0.281
143.43,1,0.311
143.44,1,0.316
143.45,1,0.339
143.46,1,0.369
143.47,1,0.385
143.48,1,0.349
143.49,1,0.320
143.50,1,0.324
143.51,1,0.321
143.52,1,0.341
143.53,1,0.359
143.54,1,0.386
143.55,1,0.437
143.56,1,0.490
143.57,1,0.552
143.58,1,0.638
143.59,1,1.043
143.60,1,1.271
143.61,1,1.243
143.62,1,1.404
143.63,1,1.049
143.64,1,0.660
143.65,1,0.525
143.66,1,0.492
143.67,1,0.454
143.68,1,0.451
143.69,1,0.473
143.70,1,0.338
143.71,1,0.228
143.72,1,0.230
143.73,1,0.225
143.74,1,0.217
143.75,1,0.225
143.76,1,0.229
143.77,1,0.212
143.78,1,0.189
143.79,1,0.178
143.80,1,0.183
143.81,1,0.190
143.82,1,0.206
143.83,1,0.215
143.84,1,0.215
143.85,1,0.232
143.86,1,0.248
143.87,1,0.262
143.88,1,0.342
143.89,1,0.643
143.90,1,1.012
143.91,1,1.403
143.92,1,1.015
143.93,1,0.637
143.94,1,0.409
143.95,1,0.318
143.96,1,0.287
143.97,1,0.281
143.98,1,0.293
143.99,1,0.322
144.00,1,0.332
144.01,1,0.230
144.02,1,0.156
144.03,1,0.173
144.04,1,0.212
144.05,1,0.250
144.06,1,0.323
144.07,1,0.387
144.08,1,0.426
144.09,1,0.410
144.10,1,0.410
144.11,1,0.375
144.12,1,0.329
144.13,1,0.305
144.14,1,0.253
144.15,1,0.241
144.16,1,0.230
144.17,1,0.213
144.18,1,0.200
144.19,1,0.182
144.20,1,0.170
144.21,1,0.175
144.22,1,0.171
144.23,1,0.180
144.24,1,0.202
144.25,1,0.202
144.26,1,0.214
144.27,1,0.231
144.28,1,0.247
144.29,1,0.255
144.30,1,0.271
144.31,1,0.279
144.32,1,0.282
144.33,1,0.295
144.34,1,0.311
144.35,1,0.322
144.36,1,0.330
144.37,1,0.341
144.38,1,0.356
144.39,1,0.364
144.40,1,0.365
144.41,1,0.365
144.42,1,0.363
144.43,1,0.354
144.44,1,0.344
144.45,1,0.341
144.46,1,0.322
144.47,1,0.331
144.48,1,0.377
144.49,1,0.413
144.50,1,0.437
144.51,1,0.460
144.52,1,0.486
144.53,1,0.501
144.54,1,0.540
144.55,1,0.608
144.56,1,0.693
144.57,1,0.794
144.58,1,1.532
144.59,1,1.066
144.60,1,0.790
144.61,1,0.639
144.62,1,0.323
144.63,1,0.257
144.64,1,0.278
144.65,1,0.216
144.66,1,0.185
144.67,1,0.187
144.68,1,0.187
144.69,1,0.209
144.70,1,0.281
144.71,1,0.355
144.72,1,0.414
144.73,1,0.428
144.74,1,0.410
144.75,1,0.331
144.76,1,0.273
144.77,1,0.309
144.78,1,0.325
144.79,1,0.354
144.80,1,0.382
144.81,1,0.420
144.82,1,0.433
144.83,1,0.491
144.84,1,0.558
144.85,1,0.709
144.86,1,0.645
144.87,1,0.975
144.88,1,0.974
144.89,1,0.951
144.90,1,0.805
144.91,1,0.768
144.92,1,0.710
144.93,1,0.647
144.94,1,0.585
144.95,1,0.483
144.96,1,0.360
144.97,1,0.357
144.98,1,0.315
144.99,1,0.365
145.00,1,0.402
145.01,1,0.469
145.02,1,0.490
145.03,1,0.533
145.04,1,0.556
145.05,1,0.575
145.06,1,0.524
145.07,1,0.608
145.08,1,0.526
145.09,1,0.203
145.10,1,0.135
145.11,1,0.119
145.12,1,0.122
145.13,1,0.161
145.14,1,0.186
145.15,1,0.214
145.16,1,0.276
145.17,1,0.462
145.18,1,0.693
145.19,1,0.850
145.20,1,1.088
145.21,1,1.555
145.22,1,1.390
145.23,1,0.752
145.24,1,0.377
145.25,1,0.245
145.26,1,0.253
145.27,1,0.200
145.28,1,0.110
145.29,1,0.101
145.30,1,0.137
145.31,1,0.186
145.32,1,0.199
145.33,1,0.249
145.34,1,0.280
145.35,1,0.283
145.36,1,0.256
145.37,1,0.245
145.38,1,0.224
145.39,1,0.205
145.40,1,0.166
145.41,1,0.202
145.42,1,0.200
145.43,1,0.204
145.44,1,0.181
145.45,1,0.185
145.46,1,0.204
145.47,1,0.222
145.48,1,0.249
145.49,1,0.258
145.50,1,0.253
145.51,1,0.246
145.52,1,0.232
145.53,1,0.205
145.54,1,0.204
145.55,1,0.204
145.56,1,0.204
145.57,1,0.219
145.58,1,0.248
145.59,1,0.263
145.60,1,0.300
145.61,1,0.328
145.62,1,0.353
145.63,1,0.390
145.64,1,0.404
145.65,1,0.372
145.66,1,0.336
145.67,1,0.278
145.68,1,0.297
145.69,1,0.307
145.70,1,0.336
145.71,1,0.370
145.72,1,0.388
145.73,1,0.343
145.74,1,0.278
145.75,1,0.239
145.76,1,0.224
145.77,1,0.220
145.78,1,0.235
145.79,1,0.278
145.80,1,0.307
145.81,1,0.329
145.82,1,0.339
145.83,1,0.336
145.84,1,0.307
145.85,1,0.282
145.86,1,0.313
145.87,1,0.379
145.88,1,0.424
145.89,1,0.455
145.90,1,0.389
145.91,1,0.295
145.92,1,0.261
145.93,1,0.265
145.94,1,0.277
145.95,1,0.279
145.96,1,0.320
145.97,1,0.355
145.98,1,0.369
145.99,1,0.391
146.00,1,0.410
146.01,1,0.372
146.02,1,0.389
146.03,1,0.410
146.04,1,0.460
146.05,1,0.501
146.06,1,0.446
146.07,1,0.337
146.08,1,0.289
146.09,1,0.276
146.10,1,0.289
146.11,1,0.324
146.12,1,0.367
146.13,1,0.452
146.14,1,0.523
146.15,1,0.501
146.16,1,0.467
146.17,1,0.490
146.18,1,0.235
146.19,1,0.124
146.20,1,0.120
146.21,1,0.178
146.22,1,0.240
146.23,1,0.303
146.24,1,0.359
146.25,1,0.460
146.26,1,0.556
146.27,1,0.551
146.28,1,0.487
146.29,1,0.453
146.30,1,0.408
146.31,1,0.379
146.32,1,0.324
146.33,1,0.277
146.34,1,0.256
146.35,1,0.221
146.36,1,0.213
146.37,1,0.229
146.38,1,0.248
146.39,1,0.275
146.40,1,0.297
146.41,1,0.338
146.42,1,0.391
146.43,1,0.480
146.44,1,0.640
146.45,1,1.059
146.46,1,1.035
146.47,1,0.759
146.48,1,0.720
146.49,1,0.502
146.50,1,0.366
146.51,1,0.341
146.52,1,0.394
146.53,1,0.307
146.54,1,0.183
146.55,1,0.184
146.56,1,0.231
146.57,1,0.281
146.58,1,0.323
146.59,1,0.413
146.60,1,0.463
146.61,1,0.488
146.62,1,0.420
146.63,1,0.392
146.64,1,0.327
146.65,1,0.320
146.66,1,0.298
146.67,1,0.278
146.68,1,0.298
146.69,1,0.287
146.70,1,0.301
146.71,1,0.300
146.72,1,0.308
146.73,1,0.278
146.74,1,0.282
146.75,1,0.285
146.76,1,0.301
146.77,1,0.298
146.78,1,0.274
146.79,1,0.269
146.80,1,0.281
146.81,1,0.296
146.82,1,0.305
146.83,1,0.269
146.84,1,0.233
146.85,1,0.206
146.86,1,0.188
146.87,1,0.195
146.88,1,0.214
146.89,1,0.218
146.90,1,0.244
146.91,1,0.262
146.92,1,0.282
146.93,1,0.286
146.94,1,0.295
146.95,1,0.315
146.96,1,0.343
146.97,1,0.359
146.98,1,0.363
146.99,1,0.361
147.00,1,0.354
147.01,1,0.342
147.02,1,0.330
147.03,1,0.336
147.04,1,0.350
147.05,1,0.362
147.06,1,0.361
147.07,1,0.361
147.08,1,0.327
147.09,1,0.286
147.10,1,0.291
147.11,1,0.304
147.12,1,0.312
147.13,1,0.356
147.14,1,0.357
147.15,1,0.258
147.16,1,0.240
147.17,1,0.286
147.18,1,0.339
147.19,1,0.380
147.20,1,0.417
147.21,1,0.427
147.22,1,0.404
147.23,1,0.362
147.24,1,0.346
147.25,1,0.350
147.26,1,0.361
147.27,1,0.359
147.28,1,0.324
147.29,1,0.277
147.30,1,0.262
147.31,1,0.256
147.32,1,0.276
147.33,1,0.304
147.34,1,0.304
147.35,1,0.287
147.36,1,0.260
147.37,1,0.253
147.38,1,0.261
147.39,1,0.284
147.40,1,0.313
147.41,1,0.399
147.42,1,0.603
147.43,1,0.771
147.44,1,0.728
147.45,1,0.591
147.46,1,0.289
147.47,1,0.211
147.48,1,0.199
147.49,1,0.199
147.50,1,0.208
147.51,1,0.223
147.52,1,0.240
147.53,1,0.242
147.54,1,0.256
147.55,1,0.274
147.56,1,0.300
147.57,1,0.342
147.58,1,0.367
147.59,1,0.361
147.60,1,0.345
147.61,1,0.327
147.62,1,0.313
147.63,1,0.328
147.64,1,0.341
147.65,1,0.369
147.66,1,0.373
147.67,1,0.378
147.68,1,0.388
147.69,1,0.423
147.70,1,0.479
147.71,1,0.653
147.72,1,0.752
147.73,1,0.754
147.74,1,0.598
147.75,1,0.573
147.76,1,0.307
147.77,1,0.280
147.78,1,0.232
147.79,1,0.257
147.80,1,0.291
147.81,1,0.329
147.82,1,0.354
147.83,1,0.372
147.84,1,0.408
147.85,1,0.430
147.86,1,0.448
147.87,1,0.453
147.88,1,0.466
147.89,1,0.431
147.90,1,0.438
147.91,1,0.437
147.92,1,0.437
147.93,1,0.443
147.94,1,0.427
147.95,1,0.396
147.96,1,0.387
147.97,1,0.364
147.98,1,0.334
147.99,1,0.295
148.00,1,0.291
148.01,1,0.280
148.02,1,0.303
148.03,1,0.330
148.04,1,0.392
148.05,1,0.445
148.06,1,0.489
148.07,1,0.519
148.08,1,0.490
148.09,1,0.455
148.10,1,0.417
148.11,1,0.401
148.12,1,0.388
148.13,1,0.441
148.14,1,0.439
148.15,1,0.460
148.16,1,0.456
148.17,1,0.472
148.18,1,0.463
148.19,1,0.443
148.20,1,0.419
148.21,1,0.404
148.22,1,0.385
148.23,1,0.456
148.24,1,0.500
148.25,1,0.534
148.26,1,0.523
148.27,1,0.431
148.28,1,0.311
148.29,1,0.266
148.30,1,0.241
148.31,1,0.236
148.32,1,0.231
148.33,1,0.239
148.34,1,0.265
148.35,1,0.286
148.36,1,0.279
148.37,1,0.287
148.38,1,0.306
148.39,1,0.305
148.40,1,0.279
148.41,1,0.231
148.42,1,0.231
148.43,1,0.233
148.44,1,0.245
148.45,1,0.260
148.46,1,0.276
148.47,1,0.282
148.48,1,0.306
148.49,1,0.332
148.50,1,0.365
148.51,1,0.391
148.52,1,0.430
148.53,1,0.448
148.54,1,0.446
148.55,1,0.442
148.56,1,0.424
148.57,1,0.400
148.58,1,0.383
148.59,1,0.372
148.60,1,0.370
148.61,1,0.378
148.62,1,0.374
148.63,1,0.377
148.64,1,0.373
148.65,1,0.370
148.66,1,0.421
148.67,1,0.492
148.68,1,0.575
148.69,1,0.734
148.70,1,0.964
148.71,1,1.231
148.72,1,1.613
148.73,1,1.692
148.74,1,1.653
148.75,1,1.686
148.76,1,1.568
148.77,1,1.493
148.78,1,1.496
148.79,1,1.500
148.80,1,1.427
148.81,1,1.543
148.82,1,1.863
148.83,1,1.909
148.84,1,1.844
148.85,1,1.549
148.86,1,1.169
148.87,1,0.921
148.88,1,0.411
148.89,1,0.307
148.90,1,0.248
148.91,1,0.222
148.92,1,0.191
148.93,1,0.183
148.94,1,0.203
148.95,1,0.213
148.96,1,0.214
148.97,1,0.209
148.98,1,0.198
148.99,1,0.192
149.00,1,0.215
149.01,1,0.238
149.02,1,0.282
149.03,1,0.351
149.04,1,0.362
149.05,1,0.340
149.06,1,0.332
149.07,1,0.294
149.08,1,0.267
149.09,1,0.247
149.10,1,0.265
149.11,1,0.303
149.12,1,0.321
149.13,1,0.325
149.14,1,0.352
149.15,1,0.376
149.16,1,0.369
149.17,1,0.358
149.18,1,0.365
149.19,1,0.354
149.20,1,0.312
149.21,1,0.289
149.22,1,0.290
149.23,1,0.267
149.24,1,0.250
149.25,1,0.258
149.26,1,0.278
149.27,1,0.311
149.28,1,0.311
149.29,1,0.282
149.30,1,0.295
149.31,1,0.312
149.32,1,0.315
149.33,1,0.328
149.34,1,0.365
149.35,1,0.359
149.36,1,0.250
149.37,1,0.211
149.38,1,0.216
149.39,1,0.194
149.40,1,0.185
149.41,1,0.221
149.42,1,0.276
149.43,1,0.326
149.44,1,0.371
149.45,1,0.407
149.46,1,0.405
149.47,1,0.364
149.48,1,0.328
149.49,1,0.303
149.50,1,0.288
149.51,1,0.282
149.52,1,0.264
149.53,1,0.266
149.54,1,0.277
149.55,1,0.294
149.56,1,0.316
149.57,1,0.360
149.58,1,0.431
149.59,1,0.478
149.60,1,0.489
149.61,1,0.488
149.62,1,0.460
149.63,1,0.418
149.64,1,0.383
149.65,1,0.354
149.66,1,0.357
149.67,1,0.326
149.68,1,0.282
149.69,1,0.225
149.70,1,0.192
149.71,1,0.207
149.72,1,0.233
149.73,1,0.247
149.74,1,0.279
149.75,1,0.300
149.76,1,0.287
149.77,1,0.291
149.78,1,0.303
149.79,1,0.314
149.80,1,0.356
149.81,1,0.370
149.82,1,0.373
149.83,1,0.359
149.84,1,0.318
149.85,1,0.305
149.86,1,0.297
149.87,1,0.309
149.88,1,0.312
149.89,1,0.322
149.90,1,0.323
149.91,1,0.334
149.92,1,0.351
149.93,1,0.379
149.94,1,0.438
149.95,1,0.546
149.96,1,0.626
149.97,1,0.501
149.98,1,0.272
149.99,1,0.236
150.00,1,0.233
150.01,1,0.283
150.02,1,0.316
150.03,1,0.349
150.04,1,0.365
150.05,1,0.351
150.06,1,0.349
150.07,1,0.353
150.08,1,0.369
150.09,1,0.418
150.10,1,0.481
150.11,1,0.522
150.12,1,0.568
150.13,1,0.551
150.14,1,0.508
150.15,1,0.471
150.16,1,0.428
150.17,1,0.426
150.18,1,0.447
150.19,1,0.465
150.20,1,0.463
150.21,1,0.450
150.22,1,0.431
150.23,1,0.404
150.24,1,0.383
150.25,1,0.400
150.26,1,0.418
150.27,1,0.427
150.28,1,0.433
150.29,1,0.454
150.30,1,0.313
150.31,1,0.242
150.32,1,0.230
150.33,1,0.216
150.34,1,0.211
150.35,1,0.240
150.36,1,0.255
150.37,1,0.259
150.38,1,0.271
150.39,1,0.270
150.40,1,0.266
150.41,1,0.268
150.42,1,0.308
150.43,1,0.356
150.44,1,0.356
150.45,1,0.331
150.46,1,0.309
150.47,1,0.320
150.48,1,0.345
150.49,1,0.346
150.50,1,0.405
150.51,1,0.466
150.52,1,0.491
150.53,1,0.524
150.54,1,0.537
150.55,1,0.497
150.56,1,0.449
150.57,1,0.374
150.58,1,0.355
150.59,1,0.371
150.60,1,0.387
150.61,1,0.408
150.62,1,0.463
150.63,1,0.502
150.64,1,0.504
150.65,1,0.518
150.66,1,0.528
150.67,1,0.486
150.68,1,0.460
150.69,1,0.457
150.70,1,0.438
150.71,1,0.471
150.72,1,0.557
150.73,1,0.659
150.74,1,1.016
150.75,1,0.684
150.76,1,0.303
150.77,1,0.203
150.78,1,0.209
150.79,1,0.246
150.80,1,0.288
150.81,1,0.321
150.82,1,0.353
150.83,1,0.349
150.84,1,0.351
150.85,1,0.349
150.86,1,0.392
150.87,1,0.446
150.88,1,0.539
150.89,1,0.541
150.90,1,0.418
150.91,1,0.344
150.92,1,0.328
150.93,1,0.325
150.94,1,0.222
150.95,1,0.206
150.96,1,0.216
150.97,1,0.248
150.98,1,0.290
150.99,1,0.342
151.00,1,0.400
151.01,1,0.467
151.02,1,0.536
151.03,1,0.530
151.04,1,0.454
151.05,1,0.352
151.06,1,0.275
151.07,1,0.250
151.08,1,0.250
151.09,1,0.249
151.10,1,0.281
151.11,1,0.300
151.12,1,0.326
151.13,1,0.342
151.14,1,0.336
151.15,1,0.345
151.16,1,0.355
151.17,1,0.338
151.18,1,0.363
151.19,1,0.375
151.20,1,0.384
151.21,1,0.405
151.22,1,0.440
151.23,1,0.460
151.24,1,0.604
151.25,1,0.989
151.26,1,0.989
151.27,1,0.763
151.28,1,0.724
151.29,1,0.769
151.30,1,0.815
151.31,1,0.967
151.32,1,1.213
151.33,1,1.192
151.34,1,1.027
151.35,1,1.000
151.36,1,0.793
151.37,1,0.587
151.38,1,0.319
151.39,1,0.214
151.40,1,0.142
151.41,1,0.147
151.42,1,0.177
151.43,1,0.172
151.44,1,0.170
151.45,1,0.184
151.46,1,0.167
151.47,1,0.175
151.48,1,0.194
151.49,1,0.226
151.50,1,0.247
151.51,1,0.294
151.52,1,0.292
151.53,1,0.273
151.54,1,0.251
151.55,1,0.231
151.56,1,0.195
151.57,1,0.267
151.58,1,0.277
151.59,1,0.276
151.60,1,0.273
151.61,1,0.264
151.62,1,0.225
151.63,1,0.208
151.64,1,0.209
151.65,1,0.227
151.66,1,0.269
151.67,1,0.285
151.68,1,0.310
151.69,1,0.339
151.70,1,0.341
151.71,1,0.318
151.72,1,0.327
151.73,1,0.323
151.74,1,0.323
151.75,1,0.349
151.76,1,0.366
151.77,1,0.370
151.78,1,0.375
151.79,1,0.387
151.80,1,0.414
151.81,1,0.477
151.82,1,0.630
151.83,1,0.884
151.84,1,1.060
151.85,1,1.189
151.86,1,0.902
151.87,1,0.460
151.88,1,0.324
151.89,1,0.179
151.90,1,0.128
151.91,1,0.123
151.92,1,0.138
151.93,1,0.147
151.94,1,0.171
151.95,1,0.240
151.96,1,0.299
151.97,1,0.304
151.98,1,0.298
151.99,1,0.286
152.00,1,0.243
152.01,1,0.228
152.02,1,0.238
152.03,1,0.267
152.04,1,0.285
152.05,1,0.305
152.06,1,0.323
152.07,1,0.337
152.08,1,0.349
152.09,1,0.364
152.10,1,0.384
152.11,1,0.443
152.12,1,0.458
152.13,1,0.491
152.14,1,0.593
152.15,1,0.953
152.16,1,0.891
152.17,1,1.078
152.18,1,1.091
152.19,1,0.707
152.20,1,0.238
152.21,1,0.136
152.22,1,0.158
152.23,1,0.173
152.24,1,0.185
152.25,1,0.214
152.26,1,0.246
152.27,1,0.288
152.28,1,0.313
152.29,1,0.336
152.30,1,0.360
152.31,1,0.361
152.32,1,0.345
152.33,1,0.338
152.34,1,0.329
152.35,1,0.317
152.36,1,0.315
152.37,1,0.312
152.38,1,0.306
152.39,1,0.308
152.40,1,0.291
152.41,1,0.271
152.42,1,0.277
152.43,1,0.284
152.44,1,0.282
152.45,1,0.313
152.46,1,0.353
152.47,1,0.362
152.48,1,0.375
152.49,1,0.514
152.50,1,0.541
152.51,1,0.568
152.52,1,0.501
152.53,1,0.417
152.54,1,0.319
152.55,1,0.278
152.56,1,0.271
152.57,1,0.275
152.58,1,0.295
152.59,1,0.343
152.60,1,0.393
152.61,1,0.437
152.62,1,0.469
152.63,1,0.488
152.64,1,0.490
152.65,1,0.482
152.66,1,0.476
152.67,1,0.487
152.68,1,0.507
152.69,1,0.500
152.70,1,0.498
152.71,1,0.478
152.72,1,0.462
152.73,1,0.454
152.74,1,0.456
152.75,1,0.462
152.76,1,0.514
152.77,1,0.452
152.78,1,0.418
152.79,1,0.471
152.80,1,0.560
152.81,1,0.344
152.82,1,0.279
152.83,1,0.263
152.84,1,0.275
152.85,1,0.319
152.86,1,0.395
152.87,1,0.469
152.88,1,0.540
152.89,1,0.507
152.90,1,0.440
152.91,1,0.385
152.92,1,0.332
152.93,1,0.292
152.94,1,0.268
152.95,1,0.259
152.96,1,0.261
152.97,1,0.275
152.98,1,0.299
152.99,1,0.307
153.00,1,0.323
153.01,1,0.330
153.02,1,0.319
153.03,1,0.317
153.04,1,0.325
153.05,1,0.314
153.06,1,0.285
153.07,1,0.257
153.08,1,0.263
153.09,1,0.289
153.10,1,0.312
153.11,1,0.398
153.12,1,0.391
153.13,1,0.288
153.14,1,0.213
153.15,1,0.252
153.16,1,0.289
153.17,1,0.328
153.18,1,0.380
153.19,1,0.429
153.20,1,0.440
153.21,1,0.428
153.22,1,0.430
153.23,1,0.413
153.24,1,0.375
153.25,1,0.367
153.26,1,0.336
153.27,1,0.321
153.28,1,0.313
153.29,1,0.293
153.30,1,0.280
153.31,1,0.260
153.32,1,0.246
153.33,1,0.265
153.34,1,0.301
153.35,1,0.355
153.36,1,0.432
153.37,1,0.449
153.38,1,0.417
153.39,1,0.418
153.40,1,0.400
153.41,1,0.366
153.42,1,0.512
153.43,1,0.875
153.44,1,1.072
153.45,1,0.998
153.46,1,0.542
153.47,1,0.248
153.48,1,0.209
153.49,1,0.200
153.50,1,0.224
153.51,1,0.267
153.52,1,0.301
153.53,1,0.340
153.54,1,0.365
153.55,1,0.362
153.56,1,0.347
153.57,1,0.311
153.58,1,0.298
153.59,1,0.283
153.60,1,0.288
153.61,1,0.313
153.62,1,0.363
153.63,1,0.402
153.64,1,0.455
153.65,1,0.448
153.66,1,0.450
153.67,1,0.472
153.68,1,0.494
153.69,1,0.547
153.70,1,0.679
153.71,1,0.909
153.72,1,1.161
153.73,1,1.203
153.74,1,0.948
153.75,1,0.708
153.76,1,0.374
153.77,1,0.363
153.78,1,0.329
153.79,1,0.312
153.80,1,0.317
153.81,1,0.320
153.82,1,0.313
153.83,1,0.346
153.84,1,0.385
153.85,1,0.408
153.86,1,0.429
153.87,1,0.426
153.88,1,0.393
153.89,1,0.354
153.90,1,0.321
153.91,1,0.310
153.92,1,0.322
153.93,1,0.323
153.94,1,0.305
153.95,1,0.287
153.96,1,0.281
153.97,1,0.258
153.98,1,0.260
153.99,1,0.274
154.00,1,0.302
154.01,1,0.335
154.02,1,0.361
154.03,1,0.355
154.04,1,0.386
154.05,1,0.421
154.06,1,0.399
154.07,1,0.339
154.08,1,0.301
154.09,1,0.277
154.10,1,0.250
154.11,1,0.239
154.12,1,0.234
154.13,1,0.242
154.14,1,0.253
154.15,1,0.271
154.16,1,0.315
154.17,1,0.341
154.18,1,0.392
154.19,1,0.438
154.20,1,0.439
154.21,1,0.411
154.22,1,0.385
154.23,1,0.363
154.24,1,0.391
154.25,1,0.357
154.26,1,0.353
154.27,1,0.340
154.28,1,0.333
154.29,1,0.373
154.30,1,0.412
154.31,1,0.429
154.32,1,0.449
154.33,1,0.424
154.34,1,0.399
154.35,1,0.426
154.36,1,0.420
154.37,1,0.415
154.38,1,0.420
154.39,1,0.433
154.40,1,0.392
154.41,1,0.389
154.42,1,0.392
154.43,1,0.417
154.44,1,0.447
154.45,1,0.498
154.46,1,0.516
154.47,1,0.512
154.48,1,0.510
154.49,1,0.510
154.50,1,0.503
154.51,1,0.546
154.52,1,0.960
154.53,1,1.169
154.54,1,1.285
154.55,1,1.077
154.56,1,0.719
154.57,1,0.259
154.58,1,0.212
154.59,1,0.200
154.60,1,0.185
154.61,1,0.177
154.62,1,0.211
154.63,1,0.244
154.64,1,0.271
154.65,1,0.294
154.66,1,0.335
154.67,1,0.321
154.68,1,0.282
154.69,1,0.286
154.70,1,0.318
154.71,1,0.351
154.72,1,0.356
154.73,1,0.318
154.74,1,0.311
154.75,1,0.298
154.76,1,0.314
154.77,1,0.351
154.78,1,0.400
154.79,1,0.404
154.80,1,0.403
154.81,1,0.390
154.82,1,0.394
154.83,1,0.372
154.84,1,0.347
154.85,1,0.313
154.86,1,0.280
154.87,1,0.270
154.88,1,0.271
154.89,1,0.265
154.90,1,0.270
154.91,1,0.297
154.92,1,0.311
154.93,1,0.341
154.94,1,0.396
154.95,1,0.445
154.96,1,0.502
154.97,1,0.623
154.98,1,0.996
154.99,1,0.913
155.00,1,0.822
155.01,1,0.805
155.02,1,0.683
155.03,1,0.636
155.04,1,0.673
155.05,1,0.683
155.06,1,0.685
155.07,1,0.691
155.08,1,0.760
155.09,1,0.808
155.10,1,0.876
155.11,1,0.908
155.12,1,0.907
155.13,1,0.858
155.14,1,0.839
155.15,1,0.717
155.16,1,0.606
155.17,1,0.311
155.18,1,0.287
155.19,1,0.192
155.20,1,0.112
155.21,1,0.098
155.22,1,0.161
155.23,1,0.180
155.24,1,0.255
155.25,1,0.303
155.26,1,0.411
155.27,1,0.454
155.28,1,0.534
155.29,1,0.513
155.30,1,0.437
155.31,1,0.373
155.32,1,0.312
155.33,1,0.269
155.34,1,0.315
155.35,1,0.260
155.36,1,0.176
155.37,1,0.167
155.38,1,0.202
155.39,1,0.214
155.40,1,0.245
155.41,1,0.279
155.42,1,0.283
155.43,1,0.309
155.44,1,0.369
155.45,1,0.412
155.46,1,0.478
155.47,1,0.452
155.48,1,0.430
155.49,1,0.407
155.50,1,0.399
155.51,1,0.398
155.52,1,0.414
155.53,1,0.427
155.54,1,0.414
155.55,1,0.423
155.56,1,0.411
155.57,1,0.413
155.58,1,0.424
155.59,1,0.437
155.60,1,0.468
155.61,1,0.464
155.62,1,0.442
155.63,1,0.424
155.64,1,0.403
155.65,1,0.370
155.66,1,0.358
155.67,1,0.317
155.68,1,0.245
155.69,1,0.206
155.70,1,0.235
155.71,1,0.260
155.72,1,0.285
155.73,1,0.302
155.74,1,0.362
155.75,1,0.397
155.76,1,0.407
155.77,1,0.430
155.78,1,0.439
155.79,1,0.389
155.80,1,0.340
155.81,1,0.315
155.82,1,0.311
155.83,1,0.297
155.84,1,0.266
155.85,1,0.242
155.86,1,0.282
155.87,1,0.305
155.88,1,0.343
155.89,1,0.453
155.90,1,1.019
155.91,1,0.965
155.92,1,0.866
155.93,1,0.919
155.94,1,0.919
155.95,1,0.742
155.96,1,0.400
155.97,1,0.263
155.98,1,0.267
155.99,1,0.274
156.00,1,0.260
156.01,1,0.261
156.02,1,0.261
156.03,1,0.245
156.04,1,0.214
156.05,1,0.203
156.06,1,0.199
156.07,1,0.188
156.08,1,0.181
156.09,1,0.218
156.10,1,0.249
156.11,1,0.269
156.12,1,0.290
156.13,1,0.303
156.14,1,0.305
156.15,1,0.303
156.16,1,0.320
156.17,1,0.338
156.18,1,0.359
156.19,1,0.350
156.20,1,0.327
156.21,1,0.314
156.22,1,0.291
156.23,1,0.285
156.24,1,0.289
156.25,1,0.315
156.26,1,0.338
156.27,1,0.449
156.28,1,0.318
156.29,1,0.212
156.30,1,0.171
156.31,1,0.154
156.32,1,0.154
156.33,1,0.169
156.34,1,0.167
156.35,1,0.173
156.36,1,0.191
156.37,1,0.231
156.38,1,0.273
156.39,1,0.325
156.40,1,0.390
156.41,1,0.422
156.42,1,0.413
156.43,1,0.434
156.44,1,0.457
156.45,1,0.448
156.46,1,0.423
156.47,1,0.393
156.48,1,0.362
156.49,1,0.364
156.50,1,0.415
156.51,1,0.478
156.52,1,0.507
156.53,1,0.565
156.54,1,0.656
156.55,1,0.503
156.56,1,0.435
156.57,1,0.489
156.58,1,0.441
156.59,1,0.369
156.60,1,0.214
156.61,1,0.177
156.62,1,0.167
156.63,1,0.159
156.64,1,0.167
156.65,1,0.195
156.66,1,0.213
156.67,1,0.257
156.68,1,0.285
156.69,1,0.306
156.70,1,0.276
156.71,1,0.257
156.72,1,0.249
156.73,1,0.237
156.74,1,0.240
156.75,1,0.265
156.76,1,0.271
156.77,1,0.270
156.78,1,0.279
156.79,1,0.267
156.80,1,0.250
156.81,1,0.284
156.82,1,0.303
156.83,1,0.317
156.84,1,0.319
156.85,1,0.342
156.86,1,0.337
156.87,1,0.334
156.88,1,0.337
156.89,1,0.337
156.90,1,0.346
156.91,1,0.342
156.92,1,0.334
156.93,1,0.329
156.94,1,0.320
156.95,1,0.300
156.96,1,0.299
156.97,1,0.313
156.98,1,0.317
156.99,1,0.318
157.00,1,0.319
157.01,1,0.289
157.02,1,0.268
157.03,1,0.270
157.04,1,0.323
157.05,1,0.350
157.06,1,0.326
157.07,1,0.296
157.08,1,0.247
157.09,1,0.224
157.10,1,0.231
157.11,1,0.239
157.12,1,0.241
157.13,1,0.288
157.14,1,0.300
157.15,1,0.317
157.16,1,0.344
157.17,1,0.360
157.18,1,0.360
157.19,1,0.389
157.20,1,0.413
157.21,1,0.418
157.22,1,0.413
157.23,1,0.422
157.24,1,0.424
157.25,1,0.425
157.26,1,0.426
157.27,1,0.413
157.28,1,0.377
157.29,1,0.335
157.30,1,0.297
157.31,1,0.283
157.32,1,0.306
157.33,1,0.341
157.34,1,0.386
157.35,1,0.418
157.36,1,0.424
157.37,1,0.421
157.38,1,0.414
157.39,1,0.410
157.40,1,0.441
157.41,1,0.497
157.42,1,0.532
157.43,1,0.566
157.44,1,0.540
157.45,1,0.478
157.46,1,0.447
157.47,1,0.431
157.48,1,0.456
157.49,1,0.477
157.50,1,0.510
157.51,1,0.473
157.52,1,0.426
157.53,1,0.327
157.54,1,0.298
157.55,1,0.270
157.56,1,0.270
157.57,1,0.273
157.58,1,0.280
157.59,1,0.311
157.60,1,0.315
157.61,1,0.316
157.62,1,0.306
157.63,1,0.297
157.64,1,0.288
157.65,1,0.283
157.66,1,0.290
157.67,1,0.291
157.68,1,0.277
157.69,1,0.272
157.70,1,0.264
157.71,1,0.247
157.72,1,0.233
157.73,1,0.248
157.74,1,0.249
157.75,1,0.261
157.76,1,0.269
157.77,1,0.263
157.78,1,0.257
157.79,1,0.257
157.80,1,0.251
157.81,1,0.264
157.82,1,0.276
157.83,1,0.291
157.84,1,0.290
157.85,1,0.293
157.86,1,0.277
157.87,1,0.263
157.88,1,0.257
157.89,1,0.243
157.90,1,0.242
157.91,1,0.237
157.92,1,0.219
157.93,1,0.217
157.94,1,0.233
157.95,1,0.237
157.96,1,0.268
157.97,1,0.274
157.98,1,0.275
157.99,1,0.267
158.00,1,0.241
158.01,1,0.233
158.02,1,0.220
158.03,1,0.229
158.04,1,0.245
158.05,1,0.250
158.06,1,0.272
158.07,1,0.256
158.08,1,0.267
158.09,1,0.264
158.10,1,0.261
158.11,1,0.295
158.12,1,0.297
158.13,1,0.340
158.14,1,0.331
158.15,1,0.344
158.16,1,0.333
158.17,1,0.306
158.18,1,0.301
158.19,1,0.277
158.20,1,0.285
158.21,1,0.258
158.22,1,0.265
158.23,1,0.266
158.24,1,0.263
158.25,1,0.261
158.26,1,0.248
158.27,1,0.256
158.28,1,0.249
158.29,1,0.270
158.30,1,0.266
158.31,1,0.268
158.32,1,0.266
158.33,1,0.256
158.34,1,0.261
158.35,1,0.267
158.36,1,0.262
158.37,1,0.261
158.38,1,0.273
158.39,1,0.279
158.40,1,0.284
158.41,1,0.279
158.42,1,0.275
158.43,1,0.270
158.44,1,0.276
158.45,1,0.282
158.46,1,0.289
158.47,1,0.316
158.48,1,0.301
158.49,1,0.310
158.50,1,0.313
158.51,1,0.315
158.52,1,0.329
158.53,1,0.336
158.54,1,0.341
158.55,1,0.335
158.56,1,0.341
158.57,1,0.344
158.58,1,0.346
158.59,1,0.355
158.60,1,0.347
158.61,1,0.341
158.62,1,0.321
158.63,1,0.316
158.64,1,0.305
158.65,1,0.289
158.66,1,0.280
158.67,1,0.265
158.68,1,0.257
158.69,1,0.239
158.70,1,0.229
158.71,1,0.208
158.72,1,0.198
158.73,1,0.200
158.74,1,0.207
158.75,1,0.219
158.76,1,0.216
158.77,1,0.218
158.78,1,0.200
158.79,1,0.190
158.80,1,0.171
158.81,1,0.168
158.82,1,0.177
158.83,1,0.177
158.84,1,0.184
158.85,1,0.182
158.86,1,0.197
158.87,1,0.197
158.88,1,0.195
158.89,1,0.202
158.90,1,0.192
158.91,1,0.191
158.92,1,0.198
158.93,1,0.213
158.94,1,0.219
158.95,1,0.228
158.96,1,0.250
158.97,1,0.270
158.98,1,0.288
158.99,1,0.298
159.00,1,0.284
159.01,1,0.276
159.02,1,0.252
159.03,1,0.277
159.04,1,0.333
159.05,1,0.404
159.06,1,0.576
159.07,1,0.589
159.08,1,0.651
159.09,1,0.645
159.10,1,0.668
159.11,1,0.640
159.12,1,0.619
159.13,1,0.601
159.14,1,0.685
159.15,1,0.813
159.16,1,0.925
159.17,1,1.021
159.18,1,1.145
159.19,1,1.046
159.20,1,1.027
159.21,1,1.089
159.22,1,1.090
159.23,1,1.046
159.24,0,
159.25,0,
159.26,0,
159.27,0,
159.28,0,
159.29,0,
159.30,0,
159.31,0,
159.32,0,
159.33,0,
159.34,0,
159.35,0,
159.36,0,
159.37,0,
159.38,0,
159.39,0,
159.40,0,
159.41,0,
159.42,0,
159.43,0,
159.44,0,
159.45,0,
159.46,0,
159.47,0,
159.48,0,
159.49,0,
159.50,0,
159.51,0,
159.52,0,
159.53,0,
159.54,0,
159.55,0,
159.56,0,
159.57,0,
159.58,0,
159.59,0,
159.60,0,
159.61,0,
159.62,0,
159.63,0,
159.64,0,
159.65,0,
159.66,0,
159.67,0,
159.68,0,
159.69,0,
159.70,0,
159.71,0,
159.72,0,
159.73,0,
159.74,0,
159.75,0,
159.76,0,
159.77,0,
159.78,0,
159.79,0,
159.80,0,
159.81,0,
159.82,0,
159.83,0,
159.84,0,
159.85,0,
159.86,0,
159.87,0,
159.88,0,
159.89,0,
159.90,0,
159.91,0,
159.92,0,
159.93,0,
159.94,0,
159.95,0,
159.96,0,
159.97,0,
159.98,0,
159.99,0,
160.00,0,
160.01,0,
160.02,0,
160.03,0,
160.04,0,
160.05,0,
160.06,0,
160.07,0,
160.08,0,
160.09,0,
160.10,0,
160.11,0,
160.12,0,
160.13,0,
160.14,0,
160.15,0,
160.16,0,
160.17,0,
160.18,0,
160.19,0,
160.20,0,
160.21,0,
160.22,0,
160.23,0,
160.24,0,
160.25,0,
160.26,0,
160.27,0,
160.28,0,
160.29,0,
160.30,0,
160.31,0,
160.32,0,
160.33,0,
160.34,0,
160.35,0,
160.36,0,
160.37,0,
160.38,0,
160.39,0,
160.40,0,
160.41,0,
160.42,0,
160.43,0,
160.44,0,
160.45,0,
160.46,0,
160.47,0,
160.48,0,
160.49,0,
160.50,0,
160.51,0,
160.52,0,
160.53,0,
160.54,0,
160.55,0,
160.56,0,
160.57,0,
160.58,0,
160.59,0,
160.60,0,
160.61,0,
160.62,0,
160.63,0,
160.64,0,
160.65,0,
160.66,0,
160.67,0,
160.68,0,
160.69,0,
160.70,0,
160.71,0,
160.72,0,
160.73,0,
160.74,0,
160.75,0,
160.76,0,
160.77,0,
160.78,0,
160.79,0,
160.80,0,
160.81,0,
160.82,0,
160.83,0,
160.84,0,
160.85,0,
160.86,0,
160.87,0,
160.88,0,
160.89,0,
160.90,0,
160.91,0,
160.92,0,
160.93,0,
160.94,0,
160.95,0,
160.96,0,
160.97,0,
160.98,0,
160.99,0,
161.00,0,
161.01,0,
161.02,0,
161.03,0,
161.04,0,
161.05,0,
161.06,0,
161.07,0,
161.08,0,
161.09,0,
161.10,0,
161.11,0,
161.12,0,
161.13,0,
161.14,0,
161.15,0,
161.16,0,
161.17,0,
161.18,0,
161.19,0,
161.20,0,
161.21,0,
161.22,0,
161.23,0,
161.24,0,
161.25,0,
161.26,0,
161.27,0,
161.28,0,
161.29,0,
161.30,0,
161.31,0,
161.32,0,
161.33,0,
161.34,0,
161.35,0,
161.36,0,
161.37,0,
161.38,0,
161.39,0,
161.40,0,
161.41,0,
161.42,0,
161.43,0,
161.44,0,
161.45,0,
161.46,0,
161.47,0,
161.48,0,
161.49,0,
161.50,0,
161.51,0,
161.52,0,
161.53,0,
161.54,0,
161.55,0,
161.56,0,
161.57,0,
161.58,0,
161.59,0,
161.60,0,
161.61,0,
161.62,0,
161.63,0,
161.64,0,
161.65,0,
161.66,0,
161.67,0,
161.68,0,
161.69,0,
161.70,0,
161.71,0,
161.72,0,
161.73,0,
161.74,0,
161.75,0,
161.76,0,
161.77,0,
161.78,0,
161.79,0,
161.80,0,
161.81,0,
161.82,0,
161.83,0,
161.84,0,
161.85,0,
161.86,0,
161.87,0,
161.88,0,
161.89,0,
161.90,0,
161.91,0,
161.92,0,
161.93,0,
161.94,0,
161.95,0,
161.96,0,
161.97,0,
161.98,0,
161.99,0,
162.00,0,
162.01,0,
162.02,0,
162.03,0,
162.04,0,
162.05,0,
162.06,0,
162.07,0,
162.08,0,
162.09,0,
162.10,0,
162.11,0,
162.12,0,
162.13,0,
162.14,0,
162.15,0,
162.16,0,
162.17,0,
162.18,0,
162.19,0,
162.20,0,
162.21,0,
162.22,0,
162.23,0,
162.24,0,
162.25,0,
162.26,0,
162.27,0,
162.28,0,
162.29,0,
162.30,0,
162.31,0,
162.32,0,
162.33,0,
162.34,0,
162.35,0,
162.36,0,
162.37,0,
162.38,0,
162.39,0,
162.40,0,
162.41,0,
162.42,0,
162.43,0,
162.44,0,
162.45,0,
162.46,0,
162.47,0,
162.48,0,
162.49,0,
162.50,0,
162.51,0,
162.52,0,
162.53,0,
162.54,0,
162.55,0,
162.56,0,
162.57,0,
162.58,0,
162.59,0,
162.60,0,
162.61,0,
162.62,0,
162.63,0,
162.64,0,
162.65,0,
162.66,0,
162.67,0,
162.68,0,
162.69,0,
162.70,0,
162.71,0,
162.72,0,
162.73,0,
162.74,0,
162.75,0,
162.76,0,
162.77,0,
162.78,0,
162.79,0,
162.80,0,
162.81,0,
162.82,0,
162.83,0,
162.84,0,
162.85,0,
162.86,0,
162.87,0,
162.88,0,
162.89,0,
162.90,0,
162.91,0,
162.92,0,
162.93,0,
162.94,0,
162.95,0,
162.96,0,
162.97,0,
162.98,0,
162.99,0,
163.00,0,
163.01,0,
163.02,0,
163.03,0,
163.04,0,
163.05,0,
163.06,0,
163.07,0,
163.08,0,
163.09,0,
163.10,0,
163.11,0,
163.12,0,
163.13,0,
163.14,0,
163.15,0,
163.16,0,
163.17,0,
163.18,0,
163.19,0,
163.20,0,
163.21,0,
163.22,0,
163.23,0,
163.24,0,
163.25,0,
163.26,0,
163.27,0,
163.28,0,
163.29,0,
163.30,0,
163.31,0,
163.32,0,
163.33,0,
163.34,0,
163.35,0,
163.36,0,
163.37,0,
163.38,0,
163.39,0,
163.40,0,
163.41,0,
163.42,0,
163.43,0,
163.44,0,
163.45,0,
163.46,0,
163.47,0,
163.48,0,
163.49,0,
163.50,0,
163.51,0,
163.52,0,
163.53,0,
163.54,0,
163.55,0,
163.56,0,
163.57,0,
163.58,0,
163.59,0,
163.60,0,
163.61,0,
163.62,0,
163.63,0,
163.64,0,
163.65,0,
163.66,0,
163.67,0,
163.68,0,
163.69,0,
163.70,0,
163.71,0,
163.72,0,
163.73,0,
163.74,0,
163.75,0,
163.76,0,
163.77,0,
163.78,0,
163.79,0,
163.80,0,
163.81,0,
163.82,0,
163.83,0,
163.84,0,
163.85,0,
163.86,0,
163.87,0,
163.88,0,
163.89,0,
163.90,0,
163.91,0,
163.92,0,
163.93,0,
163.94,0,
163.95,0,
163.96,0,
163.97,0,
163.98,0,
163.99,0,
164.00,0,
164.01,0,
164.02,0,
164.03,0,
164.04,0,
164.05,0,
164.06,0,
164.07,0,
164.08,0,
164.09,0,
164.10,0,
164.11,0,
164.12,0,
164.13,0,
164.14,0,
164.15,0,
164.16,0,
164.17,0,
164.18,0,
164.19,0,
164.20,0,
164.21,0,
164.22,0,
164.23,0,
164.24,0,
164.25,0,
164.26,0,
164.27,0,
164.28,0,
164.29,0,
164.30,0,
164.31,0,
164.32,0,
164.33,0,
164.34,0,
164.35,0,
164.36,0,
164.37,0,
164.38,0,
164.39,0,
164.40,0,
164.41,0,
164.42,0,
164.43,0,
164.44,0,
164.45,0,
164.46,0,
164.47,0,
164.48,0,
164.49,0,
164.50,0,
164.51,0,
164.52,0,
164.53,0,
164.54,0,
164.55,0,
164.56,0,
164.57,0,
164.58,0,
164.59,0,
164.60,0,
164.61,0,
164.62,0,
164.63,0,
164.64,1,0.026
164.65,1,0.029
164.66,1,0.031
164.67,1,0.033
164.68,1,0.033
164.69,1,0.033
164.70,1,0.032
164.71,1,0.032
164.72,1,0.033
164.73,1,0.036
164.74,0,
164.75,0,
164.76,0,
164.77,0,
164.78,0,
164.79,0,
164.80,0,
164.81,0,
164.82,0,
164.83,0,
164.84,0,
164.85,0,
164.86,0,
164.87,0,
164.88,0,
164.89,0,
164.90,0,
164.91,0,
164.92,0,
164.93,0,
164.94,0,
164.95,0,
164.96,0,
164.97,0,
164.98,0,
164.99,0,
165.00,0,
165.01,0,
165.02,0,
165.03,0,
165.04,0,
165.05,0,
165.06,0,
165.07,0,
165.08,0,
165.09,0,
165.10,0,
165.11,0,
165.12,0,
165.13,0,
165.14,1,0.041
165.15,1,0.038
165.16,1,0.044
165.17,1,0.051
165.18,1,0.052
165.19,1,0.038
165.20,1,0.029
165.21,1,0.025
165.22,1,0.022
165.23,1,0.022
165.24,1,0.027
165.25,1,0.039
165.26,1,0.052
165.27,1,0.070
165.28,1,0.091
165.29,1,0.095
165.30,1,0.082
165.31,1,0.072
165.32,1,0.071
165.33,1,0.067
165.34,1,0.070
165.35,1,0.082
165.36,1,0.093
165.37,1,0.079
165.38,1,0.066
165.39,1,0.045
165.40,1,0.036
165.41,1,0.030
165.42,1,0.025
165.43,1,0.027
165.44,1,0.031
165.45,1,0.040
165.46,1,0.050
165.47,1,0.048
165.48,1,0.041
165.49,1,0.033
165.50,1,0.026
165.51,1,0.021
165.52,1,0.019
165.53,1,0.022
165.54,1,0.027
165.55,1,0.033
165.56,1,0.037
165.57,1,0.042
165.58,1,0.049
165.59,1,0.060
165.60,1,0.076
165.61,1,0.094
165.62,1,0.114
165.63,1,0.108
165.64,1,0.095
165.65,1,0.093
165.66,1,0.088
165.67,1,0.076
165.68,1,0.059
165.69,1,0.047
165.70,1,0.035
165.71,1,0.029
165.72,1,0.028
165.73,1,0.029
165.74,1,0.034
165.75,1,0.042
165.76,1,0.048
165.77,1,0.052
165.78,1,0.054
165.79,1,0.053
165.80,1,0.051
165.81,1,0.042
165.82,1,0.032
165.83,1,0.022
165.84,1,0.018
165.85,1,0.017
165.86,1,0.018
165.87,1,0.021
165.88,1,0.022
165.89,1,0.024
165.90,1,0.026
165.91,1,0.027
165.92,1,0.028
165.93,1,0.029
165.94,1,0.031
165.95,1,0.030
165.96,1,0.026
165.97,1,0.025
165.98,1,0.025
165.99,1,0.026
166.00,1,0.029
166.01,1,0.034
166.02,1,0.036
166.03,1,0.035
166.04,1,0.040
166.05,1,0.040
166.06,1,0.041
166.07,1,0.044
166.08,1,0.051
166.09,1,0.057
166.10,1,0.069
166.11,1,0.084
166.12,1,0.100
166.13,1,0.085
166.14,1,0.057
166.15,1,0.049
166.16,1,0.046
166.17,1,0.042
166.18,1,0.041
166.19,1,0.042
166.20,1,0.038
166.21,1,0.036
166.22,1,0.038
166.23,1,0.038
166.24,1,0.035
166.25,1,0.034
166.26,1,0.024
166.27,1,0.015
166.28,1,0.014
166.29,1,0.015
166.30,1,0.016
166.31,1,0.019
166.32,1,0.023
166.33,1,0.029
166.34,1,0.032
166.35,1,0.031
166.36,1,0.024
166.37,1,0.021
166.38,1,0.021
166.39,1,0.022
166.40,1,0.026
166.41,1,0.031
166.42,1,0.031
166.43,1,0.033
166.44,1,0.034
166.45,1,0.031
166.46,1,0.027
166.47,1,0.024
166.48,1,0.023
166.49,1,0.025
166.50,1,0.029
166.51,1,0.037
166.52,1,0.047
166.53,1,0.055
166.54,1,0.056
166.55,1,0.055
166.56,1,0.050
166.57,1,0.046
166.58,1,0.034
166.59,1,0.029
166.60,1,0.025
166.61,1,0.025
166.62,1,0.024
166.63,1,0.025
166.64,1,0.023
166.65,1,0.022
166.66,1,0.018
166.67,1,0.015
166.68,1,0.015
166.69,1,0.019
166.70,1,0.025
166.71,1,0.031
166.72,1,0.036
166.73,1,0.041
166.74,1,0.045
166.75,1,0.048
166.76,1,0.050
166.77,1,0.050
166.78,1,0.048
166.79,1,0.048
166.80,1,0.051
166.81,1,0.051
166.82,1,0.045
166.83,1,0.045
166.84,1,0.040
166.85,1,0.037
166.86,1,0.047
166.87,1,0.054
166.88,1,0.072
166.89,1,0.104
166.90,1,0.129
166.91,1,0.097
166.92,1,0.093
166.93,1,0.095
166.94,1,0.088
166.95,0,
166.96,0,
166.97,0,
166.98,0,
166.99,0,
167.00,0,
167.01,0,
167.02,0,
167.03,0,
167.04,0,
167.05,1,0.081
167.06,1,0.076
167.07,1,0.069
167.08,1,0.067
167.09,1,0.064
167.10,1,0.050
167.11,1,0.037
167.12,1,0.030
167.13,1,0.027
167.14,1,0.026
167.15,1,0.027
167.16,1,0.027
167.17,1,0.026
167.18,1,0.021
167.19,1,0.020
167.20,1,0.021
167.21,1,0.021
167.22,0,
167.23,0,
167.24,0,
167.25,0,
167.26,0,
167.27,0,
167.28,0,
167.29,0,
167.30,0,
167.31,0,
167.32,0,
167.33,0,
167.34,0,
167.35,0,
167.36,0,
167.37,0,
167.38,0,
167.39,0,
167.40,0,
167.41,0,
167.42,0,
167.43,0,
167.44,0,
167.45,0,
167.46,0,
167.47,0,
167.48,0,
167.49,0,
167.50,0,
167.51,0,
167.52,0,
167.53,0,
167.54,0,
167.55,0,
167.56,0,
167.57,0,
167.58,0,
167.59,0,
167.60,0,
167.61,0,
167.62,0,
167.63,0,
167.64,0,
167.65,0,
167.66,0,
167.67,0,
167.68,0,
167.69,0,
167.70,0,
167.71,0,
167.72,0,
167.73,0,
167.74,0,
167.75,0,
167.76,0,
167.77,0,
167.78,0,
167.79,0,
167.80,0,
167.81,0,
167.82,0,
167.83,0,
167.84,0,
167.85,0,
167.86,0,
167.87,0,
167.88,0,
167.89,0,
167.90,0,
167.91,0,
167.92,0,
167.93,0,
167.94,0,
167.95,0,
167.96,0,
167.97,0,
167.98,0,
167.99,0,
168.00,0,
168.01,0,
168.02,0,
168.03,0,
168.04,0,
168.05,0,
168.06,0,
168.07,0,
168.08,0,
168.09,0,
168.10,0,
168.11,0,
168.12,0,
168.13,0,
168.14,0,
168.15,0,
168.16,0,
168.17,0,
168.18,0,
168.19,0,
168.20,0,
168.21,0,
168.22,0,
168.23,0,
168.24,0,
168.25,0,
168.26,0,
168.27,0,
168.28,0,
168.29,0,
168.30,0,
168.31,0,
168.32,0,
168.33,0,
168.34,0,
168.35,0,
168.36,0,
168.37,0,
168.38,0,
168.39,0,
168.40,0,
168.41,0,
168.42,0,
168.43,0,
168.44,0,
168.45,0,
168.46,0,
168.47,0,
168.48,0,
168.49,0,
168.50,0,
168.51,0,
168.52,0,
168.53,0,
168.54,0,
168.55,0,
168.56,0,
168.57,0,
168.58,0,
168.59,0,
168.60,0,
168.61,0,
168.62,0,
168.63,0,
168.64,0,
168.65,0,
168.66,0,
168.67,0,
168.68,0,
168.69,0,
168.70,0,
168.71,0,
168.72,0,
168.73,0,
168.74,0,
168.75,0,
168.76,0,
168.77,0,
168.78,0,
168.79,0,
168.80,0,
168.81,0,
168.82,0,
168.83,0,
168.84,0,
168.85,0,
168.86,0,
168.87,0,
168.88,0,
168.89,0,
168.90,0,
168.91,0,
168.92,0,
168.93,0,
168.94,0,
168.95,0,
168.96,0,
168.97,0,
168.98,0,
168.99,0,
169.00,0,
169.01,0,
169.02,0,
169.03,0,
169.04,0,
169.05,0,
169.06,0,
169.07,0,
169.08,0,
169.09,0,
169.10,0,
169.11,0,
169.12,0,
169.13,0,
169.14,0,
169.15,0,
169.16,0,
169.17,0,
169.18,0,
169.19,0,
169.20,0,
169.21,0,
169.22,0,
169.23,0,
169.24,0,
169.25,0,
169.26,0,
169.27,0,
169.28,0,
169.29,0,
169.30,0,
169.31,0,
169.32,0,
169.33,0,
169.34,0,
169.35,0,
169.36,0,
169.37,0,
169.38,0,
169.39,0,
169.40,0,
169.41,0,
169.42,0,
169.43,0,
169.44,0,
169.45,0,
169.46,0,
169.47,0,
169.48,0,
169.49,0,
169.50,0,
169.51,0,
169.52,0,
169.53,0,
169.54,0,
169.55,0,
169.56,0,
169.57,0,
169.58,0,
169.59,0,
169.60,0,
169.61,0,
169.62,0,
169.63,0,
169.64,0,
169.65,0,
169.66,0,
169.67,0,
169.68,0,
169.69,0,
169.70,0,
169.71,0,
169.72,0,
169.73,0,
169.74,0,
169.75,0,
169.76,0,
169.77,0,
169.78,0,
169.79,0,
169.80,0,
169.81,0,
169.82,0,
169.83,0,
169.84,0,
169.85,0,
169.86,0,
169.87,0,
169.88,0,
169.89,0,
169.90,0,
169.91,0,
169.92,0,
169.93,0,
169.94,0,
169.95,0,
169.96,0,
169.97,0,
169.98,0,
169.99,0,
170.00,0,
170.01,0,
170.02,0,
170.03,0,
170.04,0,
170.05,0,
170.06,0,
170.07,0,
170.08,0,
170.09,0,
170.10,0,
170.11,0,
170.12,0,
170.13,0,
170.14,0,
170.15,0,
170.16,0,
170.17,0,
170.18,0,
170.19,0,
170.20,0,
170.21,0,
170.22,0,
170.23,0,
170.24,0,
170.25,0,
170.26,0,
170.27,0,
170.28,0,
170.29,0,
170.30,0,
170.31,0,
170.32,0,
170.33,0,
170.34,0,
170.35,0,
170.36,0,
170.37,0,
170.38,0,
170.39,0,
170.40,0,
170.41,0,
170.42,0,
170.43,0,
170.44,0,
170.45,0,
170.46,0,
170.47,0,
170.48,0,
170.49,0,
170.50,0,
170.51,0,
170.52,0,
170.53,0,
170.54,0,
170.55,0,
170.56,0,
170.57,0,
170.58,0,
170.59,0,
170.60,0,
170.61,0,
170.62,0,
170.63,0,
170.64,0,
170.65,0,
170.66,0,
170.67,0,
170.68,0,
170.69,0,
170.70,0,
170.71,0,
170.72,0,
170.73,0,
170.74,0,
170.75,0,
170.76,0,
170.77,0,
170.78,0,
170.79,0,
170.80,0,
170.81,0,
170.82,0,
170.83,0,
170.84,0,
170.85,0,
170.86,0,
170.87,0,
170.88,0,
170.89,0,
170.90,0,
170.91,0,
170.92,0,
170.93,0,
170.94,0,
170.95,0,
170.96,0,
170.97,0,
170.98,0,
170.99,0,
171.00,0,
171.01,0,
171.02,0,
171.03,0,
171.04,0,
171.05,0,
171.06,0,
171.07,0,
171.08,0,
171.09,0,
171.10,0,
171.11,0,
171.12,0,
171.13,0,
171.14,0,
171.15,0,
171.16,0,
171.17,0,
171.18,0,
171.19,0,
171.20,0,
171.21,0,
171.22,0,
171.23,0,
171.24,0,
171.25,0,
171.26,0,
171.27,0,
171.28,0,
171.29,0,
171.30,0,
171.31,0,
171.32,0,
171.33,0,
171.34,0,
171.35,0,
171.36,0,
171.37,0,
171.38,0,
171.39,0,
171.40,0,
171.41,0,
171.42,0,
171.43,0,
171.44,0,
171.45,0,
171.46,0,
171.47,0,
171.48,0,
171.49,0,
171.50,0,
171.51,0,
171.52,0,
171.53,0,
171.54,0,
171.55,0,
171.56,0,
171.57,0,
171.58,1,0.206
171.59,1,0.239
171.60,1,0.031
171.61,1,0.020
171.62,1,0.017
171.63,1,0.014
171.64,1,0.013
171.65,1,0.013
171.66,1,0.011
171.67,1,0.013
171.68,1,0.014
171.69,1,0.013
171.70,1,0.016
171.71,1,0.017
171.72,1,0.019
171.73,1,0.022
171.74,1,0.023
171.75,1,0.025
171.76,1,0.025
171.77,1,0.023
171.78,1,0.022
171.79,1,0.020
171.80,1,0.017
171.81,1,0.015
171.82,1,0.015
171.83,1,0.015
171.84,1,0.017
171.85,1,0.020
171.86,1,0.023
171.87,1,0.026
171.88,1,0.027
171.89,1,0.027
171.90,1,0.028
171.91,1,0.027
171.92,1,0.026
171.93,1,0.027
171.94,1,0.027
171.95,1,0.029
171.96,1,0.030
171.97,1,0.030
171.98,1,0.030
171.99,1,0.031
172.00,1,0.031
172.01,1,0.032
172.02,1,0.033
172.03,1,0.033
172.04,1,0.033
172.05,1,0.033
172.06,1,0.034
172.07,1,0.036
172.08,1,0.041
172.09,1,0.046
172.10,1,0.050
172.11,1,0.054
172.12,1,0.057
172.13,1,0.059
172.14,1,0.062
172.15,1,0.064
172.16,1,0.064
172.17,1,0.062
172.18,1,0.059
172.19,1,0.054
172.20,1,0.053
172.21,1,0.049
172.22,1,0.047
172.23,1,0.056
172.24,1,0.076
172.25,1,0.083
172.26,1,0.073
172.27,1,0.063
172.28,1,0.062
172.29,1,0.069
172.30,1,0.081
172.31,1,0.091
172.32,1,0.107
172.33,1,0.108
172.34,1,0.102
172.35,1,0.086
172.36,1,0.073
172.37,1,0.060
172.38,1,0.057
172.39,1,0.056
172.40,1,0.058
172.41,1,0.059
172.42,1,0.056
172.43,1,0.054
172.44,1,0.048
172.45,1,0.048
172.46,1,0.047
172.47,1,0.054
172.48,1,0.062
172.49,1,0.063
172.50,1,0.070
172.51,1,0.070
172.52,1,0.068
172.53,1,0.071
172.54,1,0.072
172.55,1,0.065
172.56,1,0.069
172.57,1,0.070
172.58,1,0.079
172.59,1,0.099
172.60,1,0.113
172.61,1,0.117
172.62,1,0.115
172.63,1,0.111
172.64,1,0.104
172.65,1,0.103
172.66,1,0.105
172.67,1,0.107
172.68,1,0.112
172.69,1,0.117
172.70,1,0.139
172.71,1,0.171
172.72,1,0.222
172.73,1,0.305
172.74,1,0.389
172.75,1,0.452
172.76,1,0.553
172.77,1,0.657
172.78,1,0.819
172.79,1,1.018
172.80,1,1.257
172.81,1,1.501
172.82,1,1.486
172.83,1,1.436
172.84,1,1.528
172.85,1,1.271
172.86,1,0.487
172.87,1,0.214
172.88,1,0.126
172.89,1,0.090
172.90,1,0.070
172.91,1,0.058
172.92,1,0.048
172.93,1,0.041
172.94,1,0.040
172.95,1,0.037
172.96,1,0.037
172.97,1,0.037
172.98,1,0.040
172.99,1,0.043
173.00,1,0.045
173.01,1,0.048
173.02,1,0.050
173.03,1,0.049
173.04,1,0.047
173.05,1,0.044
173.06,1,0.038
173.07,1,0.033
173.08,1,0.029
173.09,1,0.025
173.10,1,0.026
173.11,1,0.029
173.12,1,0.031
173.13,1,0.034
173.14,1,0.037
173.15,1,0.038
173.16,1,0.041
173.17,1,0.044
173.18,1,0.046
173.19,1,0.049
173.20,1,0.050
173.21,1,0.049
173.22,1,0.047
173.23,1,0.045
173.24,1,0.042
173.25,1,0.040
173.26,1,0.038
173.27,1,0.036
173.28,1,0.034
173.29,1,0.033
173.30,1,0.033
173.31,1,0.033
173.32,1,0.033
173.33,1,0.034
173.34,1,0.036
173.35,1,0.037
173.36,1,0.038
173.37,1,0.039
173.38,1,0.042
173.39,1,0.045
173.40,1,0.048
173.41,1,0.049
173.42,1,0.052
173.43,1,0.054
173.44,1,0.057
173.45,1,0.060
173.46,1,0.064
173.47,1,0.073
173.48,1,0.093
173.49,1,0.115
173.50,1,0.122
173.51,1,0.123
173.52,1,0.110
173.53,1,0.098
173.54,1,0.098
173.55,1,0.105
173.56,1,0.115
173.57,1,0.121
173.58,1,0.133
173.59,1,0.147
173.60,1,0.157
173.61,1,0.167
173.62,1,0.176
173.63,1,0.151
173.64,1,0.128
173.65,1,0.107
173.66,1,0.098
173.67,1,0.084
173.68,1,0.067
173.69,1,0.059
173.70,1,0.064
173.71,1,0.066
173.72,1,0.069
173.73,1,0.079
173.74,1,0.088
173.75,1,0.090
173.76,1,0.098
173.77,1,0.120
173.78,1,0.128
173.79,1,0.120
173.80,1,0.101
173.81,1,0.083
173.82,1,0.061
173.83,1,0.060
173.84,1,0.065
173.85,1,0.066
173.86,1,0.069
173.87,1,0.077
173.88,1,0.078
173.89,1,0.096
173.90,1,0.107
173.91,1,0.116
173.92,1,0.120
173.93,1,0.127
173.94,1,0.123
173.95,1,0.135
173.96,1,0.153
173.97,1,0.188
173.98,1,0.237
173.99,1,0.310
174.00,1,0.434
174.01,1,0.592
174.02,1,0.943
174.03,1,1.180
174.04,1,1.176
174.05,1,1.139
174.06,1,1.142
174.07,1,1.169
174.08,1,1.310
174.09,1,1.403
174.10,1,1.477
174.11,1,1.605
174.12,1,1.542
174.13,1,1.327
174.14,1,0.880
174.15,1,0.720
174.16,1,0.520
174.17,1,0.256
174.18,1,0.113
174.19,1,0.063
174.20,1,0.043
174.21,1,0.035
174.22,1,0.036
174.23,1,0.046
174.24,1,0.059
174.25,1,0.075
174.26,1,0.091
174.27,1,0.096
174.28,1,0.080
174.29,1,0.066
174.30,1,0.053
174.31,1,0.041
174.32,1,0.033
174.33,1,0.034
174.34,1,0.037
174.35,1,0.038
174.36,1,0.046
174.37,1,0.058
174.38,1,0.066
174.39,1,0.071
174.40,1,0.080
174.41,1,0.082
174.42,1,0.082
174.43,1,0.089
174.44,1,0.093
174.45,1,0.092
174.46,1,0.097
174.47,1,0.092
174.48,1,0.090
174.49,1,0.086
174.50,1,0.087
174.51,1,0.084
174.52,1,0.097
174.53,1,0.101
174.54,1,0.115
174.55,1,0.123
174.56,1,0.123
174.57,1,0.121
174.58,1,0.112
174.59,1,0.111
174.60,1,0.105
174.61,1,0.113
174.62,1,0.121
174.63,1,0.122
174.64,1,0.131
174.65,1,0.154
174.66,1,0.171
174.67,1,0.199
174.68,1,0.228
174.69,1,0.221
174.70,1,0.223
174.71,1,0.243
174.72,1,0.303
174.73,1,0.308
174.74,1,0.250
174.75,1,0.196
174.76,1,0.189
174.77,1,0.150
174.78,1,0.128
174.79,1,0.116
174.80,1,0.111
174.81,1,0.104
174.82,1,0.102
174.83,1,0.113
174.84,1,0.129
174.85,1,0.140
174.86,1,0.161
174.87,1,0.262
174.88,1,0.528
174.89,1,0.771
174.90,1,0.814
174.91,1,0.455
174.92,1,0.297
174.93,1,0.184
174.94,1,0.080
174.95,1,0.057
174.96,1,0.047
174.97,1,0.044
174.98,1,0.054
174.99,1,0.069
175.00,1,0.080
175.01,1,0.086
175.02,1,0.090
175.03,1,0.090
175.04,1,0.091
175.05,1,0.086
175.06,1,0.080
175.07,1,0.079
175.08,1,0.078
175.09,1,0.075
175.10,1,0.079
175.11,1,0.088
175.12,1,0.088
175.13,1,0.090
175.14,1,0.090
175.15,1,0.101
175.16,1,0.106
175.17,1,0.106
175.18,1,0.113
175.19,1,0.112
175.20,1,0.096
175.21,1,0.096
175.22,1,0.092
175.23,1,0.076
175.24,1,0.074
175.25,1,0.070
175.26,1,0.069
175.27,1,0.070
175.28,1,0.078
175.29,1,0.089
175.30,1,0.106
175.31,1,0.135
175.32,1,0.226
175.33,1,0.315
175.34,1,0.504
175.35,1,0.751
175.36,1,0.927
175.37,1,0.867
175.38,1,0.466
175.39,1,0.160
175.40,1,0.098
175.41,1,0.071
175.42,1,0.064
175.43,1,0.064
175.44,1,0.073
175.45,1,0.078
175.46,1,0.087
175.47,1,0.092
175.48,1,0.090
175.49,1,0.084
175.50,1,0.080
175.51,1,0.083
175.52,1,0.071
175.53,1,0.067
175.54,1,0.062
175.55,1,0.056
175.56,1,0.046
175.57,1,0.038
175.58,1,0.030
175.59,1,0.028
175.60,1,0.037
175.61,1,0.048
175.62,1,0.059
175.63,1,0.068
175.64,1,0.083
175.65,1,0.089
175.66,1,0.094
175.67,1,0.095
175.68,1,0.095
175.69,1,0.088
175.70,1,0.091
175.71,1,0.096
175.72,1,0.111
175.73,1,0.111
175.74,1,0.106
175.75,1,0.101
175.76,1,0.092
175.77,1,0.080
175.78,1,0.078
175.79,1,0.095
175.80,1,0.106
175.81,1,0.122
175.82,1,0.133
175.83,1,0.134
175.84,1,0.123
175.85,1,0.111
175.86,1,0.117
175.87,1,0.114
175.88,1,0.127
175.89,1,0.135
175.90,1,0.145
175.91,1,0.150
175.92,1,0.163
175.93,1,0.168
175.94,1,0.178
175.95,1,0.174
175.96,1,0.170
175.97,1,0.152
175.98,1,0.145
175.99,1,0.131
176.00,1,0.119
176.01,1,0.106
176.02,1,0.096
176.03,1,0.081
176.04,1,0.081
176.05,1,0.083
176.06,1,0.092
176.07,1,0.106
176.08,1,0.118
176.09,1,0.128
176.10,1,0.132
176.11,1,0.130
176.12,1,0.128
176.13,1,0.128
176.14,1,0.140
176.15,1,0.165
176.16,1,0.188
176.17,1,0.213
176.18,1,0.231
176.19,1,0.248
176.20,1,0.253
176.21,1,0.282
176.22,1,0.327
176.23,1,0.400
176.24,1,0.532
176.25,1,0.681
176.26,1,0.903
176.27,1,1.264
176.28,1,1.275
176.29,1,1.334
176.30,1,1.335
176.31,1,1.222
176.32,1,1.038
176.33,1,0.871
176.34,1,0.729
176.35,1,0.656
176.36,1,0.613
176.37,1,0.494
176.38,1,0.404
176.39,1,0.355
176.40,1,0.309
176.41,1,0.278
176.42,1,0.273
176.43,1,0.278
176.44,1,0.246
176.45,1,0.232
176.46,1,0.268
176.47,1,0.263
176.48,1,0.257
176.49,1,0.284
176.50,1,0.267
176.51,1,0.231
176.52,1,0.249
176.53,1,0.258
176.54,1,0.272
176.55,1,0.316
176.56,1,0.410
176.57,1,0.603
176.58,1,0.965
176.59,1,1.125
176.60,1,1.040
176.61,1,0.924
176.62,1,0.109
176.63,1,0.039
176.64,1,0.025
176.65,1,0.022
176.66,1,0.024
176.67,1,0.029
176.68,1,0.034
176.69,1,0.039
176.70,1,0.045
176.71,1,0.051
176.72,1,0.052
176.73,1,0.054
176.74,1,0.053
176.75,1,0.052
176.76,1,0.052
176.77,1,0.058
176.78,1,0.068
176.79,1,0.096
176.80,1,0.147
176.81,1,0.195
176.82,1,0.169
176.83,1,0.082
176.84,1,0.054
176.85,1,0.041
176.86,1,0.036
176.87,1,0.035
176.88,1,0.040
176.89,1,0.043
176.90,1,0.045
176.91,1,0.047
176.92,1,0.047
176.93,1,0.047
176.94,1,0.048
176.95,1,0.049
176.96,1,0.047
176.97,1,0.043
176.98,1,0.039
176.99,1,0.036
177.00,1,0.037
177.01,1,0.039
177.02,1,0.042
177.03,1,0.043
177.04,1,0.043
177.05,1,0.043
177.06,1,0.043
177.07,1,0.046
177.08,1,0.051
177.09,1,0.052
177.10,1,0.052
177.11,1,0.053
177.12,1,0.052
177.13,1,0.053
177.14,1,0.057
177.15,1,0.063
177.16,1,0.067
177.17,1,0.074
177.18,1,0.088
177.19,1,0.102
177.20,1,0.120
177.21,1,0.148
177.22,1,0.162
177.23,1,0.168
177.24,1,0.179
177.25,1,0.186
177.26,1,0.183
177.27,1,0.176
177.28,1,0.167
177.29,1,0.164
177.30,1,0.150
177.31,1,0.128
177.32,1,0.109
177.33,1,0.097
177.34,1,0.085
177.35,1,0.084
177.36,1,0.089
177.37,1,0.103
177.38,1,0.131
177.39,1,0.213
177.40,1,0.468
177.41,1,0.866
177.42,1,1.064
177.43,1,1.070
177.44,1,0.930
177.45,1,0.468
177.46,1,0.070
177.47,1,0.045
177.48,1,0.043
177.49,1,0.043
177.50,1,0.046
177.51,1,0.058
177.52,1,0.071
177.53,1,0.082
177.54,1,0.093
177.55,1,0.104
177.56,1,0.118
177.57,1,0.127
177.58,1,0.134
177.59,1,0.135
177.60,1,0.140
177.61,1,0.137
177.62,1,0.137
177.63,1,0.133
177.64,1,0.124
177.65,1,0.111
177.66,1,0.106
177.67,1,0.104
177.68,1,0.119
177.69,1,0.128
177.70,1,0.137
177.71,1,0.137
177.72,1,0.131
177.73,1,0.125
177.74,1,0.114
177.75,1,0.105
177.76,1,0.104
177.77,1,0.106
177.78,1,0.109
177.79,1,0.106
177.80,1,0.111
177.81,1,0.114
177.82,1,0.133
177.83,1,0.152
177.84,1,0.185
177.85,1,0.209
177.86,1,0.211
177.87,1,0.202
177.88,1,0.202
177.89,1,0.193
177.90,1,0.179
177.91,1,0.148
177.92,1,0.124
177.93,1,0.092
177.94,1,0.075
177.95,1,0.064
177.96,1,0.061
177.97,1,0.055
177.98,1,0.056
177.99,1,0.065
178.00,1,0.070
178.01,1,0.073
178.02,1,0.070
178.03,1,0.067
178.04,1,0.062
178.05,1,0.053
178.06,1,0.051
178.07,1,0.046
178.08,1,0.042
178.09,1,0.045
178.10,1,0.043
178.11,1,0.044
178.12,1,0.043
178.13,1,0.041
178.14,1,0.039
178.15,1,0.036
178.16,1,0.033
178.17,1,0.034
178.18,1,0.033
178.19,1,0.027
178.20,1,0.025
178.21,1,0.024
178.22,1,0.028
178.23,1,0.035
178.24,1,0.044
178.25,1,0.055
178.26,1,0.072
178.27,1,0.085
178.28,1,0.094
178.29,1,0.100
178.30,1,0.102
178.31,1,0.096
178.32,1,0.092
178.33,1,0.092
178.34,1,0.090
178.35,1,0.087
178.36,1,0.081
178.37,1,0.075
178.38,1,0.069
178.39,1,0.064
178.40,1,0.060
178.41,1,0.060
178.42,1,0.063
178.43,1,0.064
178.44,1,0.064
178.45,1,0.061
178.46,1,0.058
178.47,1,0.054
178.48,1,0.052
178.49,1,0.053
178.50,1,0.063
178.51,1,0.083
178.52,1,0.110
178.53,1,0.146
178.54,1,0.135
178.55,1,0.096
178.56,1,0.076
178.57,1,0.071
178.58,1,0.074
178.59,1,0.083
178.60,1,0.094
178.61,1,0.108
178.62,1,0.114
178.63,1,0.118
178.64,1,0.119
178.65,1,0.111
178.66,1,0.103
178.67,1,0.103
178.68,1,0.093
178.69,1,0.087
178.70,1,0.084
178.71,1,0.088
178.72,1,0.091
178.73,1,0.095
178.74,1,0.099
178.75,1,0.102
178.76,1,0.109
178.77,1,0.115
178.78,1,0.116
178.79,1,0.128
178.80,1,0.132
178.81,1,0.122
178.82,1,0.117
178.83,1,0.110
178.84,1,0.099
178.85,1,0.090
178.86,1,0.085
178.87,1,0.084
178.88,1,0.086
178.89,1,0.101
178.90,1,0.106
178.91,1,0.108
178.92,1,0.106
178.93,1,0.103
178.94,1,0.100
178.95,1,0.101
178.96,1,0.121
178.97,1,0.153
178.98,1,0.199
178.99,1,0.309
179.00,1,0.573
179.01,1,0.904
179.02,1,0.860
179.03,1,0.669
179.04,1,0.595
179.05,1,0.611
179.06,1,0.592
179.07,1,0.579
179.08,1,0.666
179.09,1,0.690
179.10,1,0.762
179.11,1,0.873
179.12,1,0.928
179.13,1,1.001
179.14,1,1.120
179.15,1,1.230
179.16,1,1.265
179.17,1,1.152
179.18,1,0.263
179.19,1,0.130
179.20,1,0.081
179.21,1,0.057
179.22,1,0.050
179.23,1,0.053
179.24,1,0.059
179.25,1,0.075
179.26,1,0.102
179.27,1,0.132
179.28,1,0.136
179.29,1,0.134
179.30,1,0.120
179.31,1,0.110
179.32,1,0.100
179.33,1,0.099
179.34,1,0.094
179.35,1,0.094
179.36,1,0.085
179.37,1,0.072
179.38,1,0.047
179.39,1,0.035
179.40,1,0.032
179.41,1,0.030
179.42,1,0.033
179.43,1,0.044
179.44,1,0.059
179.45,1,0.074
179.46,1,0.087
179.47,1,0.094
179.48,1,0.100
179.49,1,0.104
179.50,1,0.105
179.51,1,0.109
179.52,1,0.103
179.53,1,0.099
179.54,1,0.093
179.55,1,0.091
179.56,1,0.091
179.57,1,0.087
179.58,1,0.083
179.59,1,0.089
179.60,1,0.098
179.61,1,0.117
179.62,1,0.134
179.63,1,0.141
179.64,1,0.153
179.65,1,0.172
179.66,1,0.166
179.67,1,0.164
179.68,1,0.164
179.69,1,0.144
179.70,1,0.133
179.71,1,0.123
179.72,1,0.110
179.73,1,0.100
179.74,1,0.096
179.75,1,0.093
179.76,1,0.106
179.77,1,0.109
179.78,1,0.120
179.79,1,0.117
179.80,1,0.122
179.81,1,0.111
179.82,1,0.107
179.83,1,0.099
179.84,1,0.097
179.85,1,0.086
179.86,1,0.086
179.87,1,0.092
179.88,1,0.103
179.89,1,0.109
179.90,1,0.138
179.91,1,0.157
179.92,1,0.174
179.93,1,0.182
179.94,1,0.189
179.95,1,0.208
179.96,1,0.198
179.97,1,0.216
179.98,1,0.238
179.99,1,0.210
180.00,1,0.132
180.01,1,0.118
180.02,1,0.118
180.03,1,0.108
180.04,1,0.114
180.05,1,0.132
180.06,1,0.148
180.07,1,0.145
180.08,1,0.154
180.09,1,0.163
180.10,1,0.171
180.11,1,0.145
180.12,1,0.134
180.13,1,0.128
180.14,1,0.123
180.15,1,0.126
180.16,1,0.133
180.17,1,0.136
180.18,1,0.134
180.19,1,0.131
180.20,1,0.131
180.21,1,0.132
180.22,1,0.130
180.23,1,0.138
180.24,1,0.144
180.25,1,0.154
180.26,1,0.157
180.27,1,0.158
180.28,1,0.160
180.29,1,0.165
180.30,1,0.174
180.31,1,0.193
180.32,1,0.250
180.33,1,0.293
180.34,1,0.305
180.35,1,0.282
180.36,1,0.255
180.37,1,0.207
180.38,1,0.175
180.39,1,0.149
180.40,1,0.127
180.41,1,0.117
180.42,1,0.119
180.43,1,0.109
180.44,1,0.105
180.45,1,0.094
180.46,1,0.080
180.47,1,0.058
180.48,1,0.055
180.49,1,0.053
180.50,1,0.056
180.51,1,0.060
180.52,1,0.061
180.53,1,0.065
180.54,1,0.064
180.55,1,0.063
180.56,1,0.063
180.57,1,0.064
180.58,1,0.066
180.59,1,0.067
180.60,1,0.066
180.61,1,0.066
180.62,1,0.064
180.63,1,0.060
180.64,1,0.057
180.65,1,0.053
180.66,1,0.054
180.67,1,0.063
180.68,1,0.075
180.69,1,0.087
180.70,1,0.095
180.71,1,0.101
180.72,1,0.101
180.73,1,0.092
180.74,1,0.089
180.75,1,0.086
180.76,1,0.083
180.77,1,0.085
180.78,1,0.087
180.79,1,0.082
180.80,1,0.076
180.81,1,0.068
180.82,1,0.060
180.83,1,0.054
180.84,1,0.054
180.85,1,0.059
180.86,1,0.067
180.87,1,0.074
180.88,1,0.079
180.89,1,0.083
180.90,1,0.083
180.91,1,0.087
180.92,1,0.093
180.93,1,0.097
180.94,1,0.095
180.95,1,0.091
180.96,1,0.085
180.97,1,0.076
180.98,1,0.067
180.99,1,0.066
181.00,1,0.068
181.01,1,0.073
181.02,1,0.078
181.03,1,0.085
181.04,1,0.092
181.05,1,0.096
181.06,1,0.097
181.07,1,0.095
181.08,1,0.090
181.09,1,0.087
181.10,1,0.080
181.11,1,0.073
181.12,1,0.070
181.13,1,0.073
181.14,1,0.076
181.15,1,0.084
181.16,1,0.087
181.17,1,0.091
181.18,1,0.091
181.19,1,0.091
181.20,1,0.086
181.21,1,0.082
181.22,1,0.076
181.23,1,0.072
181.24,1,0.069
181.25,1,0.072
181.26,1,0.081
181.27,1,0.097
181.28,1,0.134
181.29,1,0.245
181.30,1,0.408
181.31,1,0.545
181.32,1,0.629
181.33,1,0.695
181.34,1,0.747
181.35,1,0.807
181.36,1,0.825
181.37,1,0.891
181.38,1,0.950
181.39,1,0.949
181.40,1,1.011
181.41,1,1.097
181.42,1,1.221
181.43,0,
181.44,0,
181.45,0,
181.46,0,
181.47,0,
181.48,0,
181.49,0,
181.50,0,
181.51,0,
181.52,0,
181.53,0,
181.54,0,
181.55,0,
181.56,0,
181.57,0,
181.58,0,
181.59,0,
181.60,0,
181.61,0,
181.62,1,1.474
181.63,1,1.355
181.64,1,1.134
181.65,1,0.846
181.66,1,0.480
181.67,1,0.043
181.68,1,0.018
181.69,1,0.013
181.70,1,0.014
181.71,1,0.018
181.72,1,0.022
181.73,1,0.025
181.74,1,0.029
181.75,1,0.029
181.76,1,0.026
181.77,1,0.025
181.78,1,0.023
181.79,1,0.021
181.80,1,0.023
181.81,1,0.026
181.82,1,0.030
181.83,1,0.035
181.84,1,0.043
181.85,1,0.059
181.86,1,0.083
181.87,1,0.115
181.88,1,0.161
181.89,1,0.135
181.90,1,0.079
181.91,1,0.055
181.92,1,0.040
181.93,1,0.035
181.94,1,0.039
181.95,1,0.044
181.96,1,0.046
181.97,1,0.045
181.98,1,0.041
181.99,1,0.035
182.00,1,0.028
182.01,1,0.023
182.02,1,0.020
182.03,1,0.018
182.04,1,0.018
182.05,1,0.018
182.06,1,0.020
182.07,1,0.023
182.08,1,0.026
182.09,1,0.030
182.10,1,0.035
182.11,1,0.039
182.12,1,0.040
182.13,1,0.038
182.14,1,0.035
182.15,1,0.030
182.16,1,0.029
182.17,1,0.032
182.18,1,0.040
182.19,1,0.049
182.20,1,0.055
182.21,1,0.057
182.22,1,0.058
182.23,1,0.055
182.24,1,0.054
182.25,1,0.053
182.26,1,0.064
182.27,1,0.083
182.28,1,0.117
182.29,1,0.142
182.30,1,0.173
182.31,1,0.165
182.32,1,0.086
182.33,1,0.054
182.34,1,0.047
182.35,1,0.037
182.36,1,0.028
182.37,1,0.028
182.38,1,0.026
182.39,1,0.035
182.40,1,0.046
182.41,1,0.057
182.42,1,0.064
182.43,1,0.075
182.44,1,0.085
182.45,1,0.103
182.46,1,0.181
182.47,1,0.545
182.48,1,0.597
182.49,1,0.424
182.50,1,0.161
182.51,1,0.046
182.52,1,0.035
182.53,1,0.035
182.54,1,0.046
182.55,1,0.054
182.56,1,0.061
182.57,1,0.068
182.58,1,0.072
182.59,1,0.070
182.60,1,0.071
182.61,1,0.076
182.62,1,0.080
182.63,1,0.080
182.64,1,0.078
182.65,1,0.071
182.66,1,0.064
182.67,1,0.058
182.68,1,0.058
182.69,1,0.061
182.70,1,0.061
182.71,1,0.062
182.72,1,0.066
182.73,1,0.067
182.74,1,0.067
182.75,1,0.070
182.76,1,0.071
182.77,1,0.071
182.78,1,0.067
182.79,1,0.066
182.80,1,0.071
182.81,1,0.071
182.82,1,0.074
182.83,1,0.088
182.84,1,0.099
182.85,1,0.104
182.86,1,0.147
182.87,1,0.287
182.88,1,0.518
182.89,1,0.745
182.90,1,0.852
182.91,1,0.860
182.92,1,0.704
182.93,1,0.347
182.94,1,0.318
182.95,1,0.344
182.96,1,0.354
182.97,1,0.330
182.98,1,0.341
182.99,1,0.182
183.00,1,0.108
183.01,1,0.075
183.02,1,0.057
183.03,1,0.046
183.04,1,0.042
183.05,1,0.039
183.06,1,0.038
183.07,1,0.040
183.08,1,0.046
183.09,1,0.056
183.10,1,0.062
183.11,1,0.084
183.12,1,0.094
183.13,1,0.121
183.14,1,0.192
183.15,1,0.086
183.16,1,0.046
183.17,1,0.032
183.18,1,0.026
183.19,1,0.024
183.20,1,0.024
183.21,1,0.025
183.22,1,0.026
183.23,1,0.027
183.24,1,0.029
183.25,1,0.034
183.26,1,0.043
183.27,1,0.055
183.28,1,0.066
183.29,1,0.075
183.30,1,0.074
183.31,1,0.069
183.32,1,0.063
183.33,1,0.050
183.34,1,0.045
183.35,1,0.048
183.36,1,0.053
183.37,1,0.068
183.38,1,0.073
183.39,1,0.072
183.40,1,0.073
183.41,1,0.073
183.42,1,0.068
183.43,1,0.065
183.44,1,0.069
183.45,1,0.076
183.46,1,0.072
183.47,1,0.070
183.48,1,0.072
183.49,1,0.060
183.50,1,0.046
183.51,1,0.044
183.52,1,0.056
183.53,1,0.081
183.54,1,0.091
183.55,1,0.097
183.56,1,0.098
183.57,1,0.086
183.58,1,0.074
183.59,1,0.070
183.60,1,0.068
183.61,1,0.072
183.62,1,0.056
183.63,1,0.039
183.64,1,0.030
183.65,1,0.026
183.66,1,0.025
183.67,1,0.032
183.68,1,0.044
183.69,1,0.053
183.70,1,0.062
183.71,1,0.067
183.72,1,0.067
183.73,1,0.066
183.74,1,0.064
183.75,1,0.059
183.76,1,0.063
183.77,1,0.057
183.78,1,0.046
183.79,1,0.047
183.80,1,0.045
183.81,1,0.045
183.82,1,0.052
183.83,1,0.057
183.84,1,0.058
183.85,1,0.062
183.86,1,0.066
183.87,1,0.075
183.88,1,0.087
183.89,1,0.101
183.90,1,0.111
183.91,1,0.107
183.92,1,0.099
183.93,1,0.092
183.94,1,0.081
183.95,1,0.075
183.96,1,0.074
183.97,1,0.074
183.98,1,0.077
183.99,1,0.078
184.00,1,0.082
184.01,1,0.078
184.02,1,0.071
184.03,1,0.072
184.04,1,0.079
184.05,1,0.089
184.06,1,0.103
184.07,1,0.107
184.08,1,0.117
184.09,1,0.128
184.10,1,0.129
184.11,1,0.131
184.12,1,0.153
184.13,1,0.137
184.14,1,0.131
184.15,1,0.122
184.16,1,0.133
184.17,1,0.133
184.18,1,0.124
184.19,1,0.138
184.20,1,0.164
184.21,1,0.164
184.22,1,0.183
184.23,1,0.145
184.24,1,0.079
184.25,1,0.053
184.26,1,0.047
184.27,1,0.041
184.28,1,0.041
184.29,1,0.039
184.30,1,0.040
184.31,1,0.039
184.32,1,0.039
184.33,1,0.040
184.34,1,0.039
184.35,1,0.036
184.36,1,0.037
184.37,1,0.039
184.38,1,0.042
184.39,1,0.043
184.40,1,0.039
184.41,1,0.036
184.42,1,0.034
184.43,1,0.035
184.44,1,0.040
184.45,1,0.045
184.46,1,0.053
184.47,1,0.063
184.48,1,0.071
184.49,1,0.082
184.50,1,0.089
184.51,1,0.085
184.52,1,0.071
184.53,1,0.061
184.54,1,0.053
184.55,1,0.052
184.56,1,0.058
184.57,1,0.073
184.58,1,0.083
184.59,1,0.084
184.60,1,0.080
184.61,1,0.079
184.62,1,0.075
184.63,1,0.069
184.64,1,0.066
184.65,1,0.058
184.66,1,0.049
184.67,1,0.046
184.68,1,0.060
184.69,1,0.077
184.70,1,0.086
184.71,1,0.089
184.72,1,0.090
184.73,1,0.088
184.74,1,0.087
184.75,1,0.093
184.76,1,0.095
184.77,1,0.089
184.78,1,0.085
184.79,1,0.075
184.80,1,0.066
184.81,1,0.063
184.82,1,0.061
184.83,1,0.063
184.84,1,0.058
184.85,1,0.055
184.86,1,0.065
184.87,1,0.079
184.88,1,0.085
184.89,1,0.096
184.90,1,0.100
184.91,1,0.101
184.92,1,0.095
184.93,1,0.110
184.94,1,0.137
184.95,1,0.200
184.96,1,0.318
184.97,1,0.477
184.98,1,0.464
184.99,1,0.238
185.00,1,0.225
185.01,1,0.148
185.02,1,0.096
185.03,1,0.080
185.04,1,0.073
185.05,1,0.063
185.06,1,0.059
185.07,1,0.062
185.08,1,0.065
185.09,1,0.066
185.10,1,0.076
185.11,1,0.077
185.12,1,0.079
185.13,1,0.083
185.14,1,0.092
185.15,1,0.094
185.16,1,0.108
185.17,1,0.117
185.18,1,0.118
185.19,1,0.117
185.20,1,0.119
185.21,1,0.114
185.22,1,0.117
185.23,1,0.117
185.24,1,0.111
185.25,1,0.103
185.26,1,0.096
185.27,1,0.098
185.28,1,0.117
185.29,1,0.143
185.30,1,0.167
185.31,1,0.183
185.32,1,0.183
185.33,1,0.174
185.34,1,0.167
185.35,1,0.157
185.36,1,0.155
185.37,1,0.165
185.38,1,0.180
185.39,1,0.176
185.40,1,0.175
185.41,1,0.189
185.42,1,0.212
185.43,1,0.263
185.44,1,0.356
185.45,1,0.580
185.46,1,0.801
185.47,1,1.093
185.48,1,0.986
185.49,1,0.931
185.50,1,0.678
185.51,1,0.657
185.52,1,0.385
185.53,1,0.309
185.54,1,0.290
185.55,1,0.260
185.56,1,0.253
185.57,1,0.260
185.58,1,0.240
185.59,1,0.218
185.60,1,0.192
185.61,1,0.163
185.62,1,0.136
185.63,1,0.132
185.64,1,0.127
185.65,1,0.142
185.66,1,0.145
185.67,1,0.163
185.68,1,0.092
185.69,1,0.064
185.70,1,0.052
185.71,1,0.037
185.72,1,0.029
185.73,1,0.022
185.74,1,0.028
185.75,1,0.040
185.76,1,0.060
185.77,1,0.077
185.78,1,0.091
185.79,1,0.092
185.80,1,0.084
185.81,1,0.071
185.82,1,0.066
185.83,1,0.059
185.84,1,0.058
185.85,1,0.058
185.86,1,0.060
185.87,1,0.062
185.88,1,0.073
185.89,1,0.084
185.90,1,0.096
185.91,1,0.120
185.92,1,0.115
185.93,1,0.113
185.94,1,0.127
185.95,1,0.116
185.96,1,0.106
185.97,1,0.107
185.98,1,0.093
185.99,1,0.060
186.00,1,0.067
186.01,1,0.071
186.02,1,0.073
186.03,1,0.077
186.04,1,0.072
186.05,1,0.074
186.06,1,0.070
186.07,1,0.069
186.08,1,0.070
186.09,1,0.084
186.10,1,0.121
186.11,1,0.155
186.12,1,0.179
186.13,1,0.184
186.14,1,0.177
186.15,1,0.150
186.16,1,0.131
186.17,1,0.126
186.18,1,0.132
186.19,1,0.141
186.20,1,0.161
186.21,1,0.168
186.22,1,0.195
186.23,1,0.223
186.24,1,0.283
186.25,1,0.405
186.26,1,0.466
186.27,1,0.577
186.28,1,0.550
186.29,1,0.497
186.30,1,0.373
186.31,1,0.282
186.32,1,0.216
186.33,1,0.196
186.34,1,0.193
186.35,1,0.214
186.36,1,0.230
186.37,1,0.227
186.38,1,0.251
186.39,1,0.248
186.40,1,0.215
186.41,1,0.169
186.42,1,0.158
186.43,1,0.156
186.44,1,0.127
186.45,1,0.124
186.46,1,0.126
186.47,1,0.129
186.48,1,0.130
186.49,1,0.140
186.50,1,0.179
186.51,1,0.263
186.52,1,0.378
186.53,1,0.549
186.54,1,0.483
186.55,1,0.316
186.56,1,0.251
186.57,1,0.205
186.58,1,0.054
186.59,1,0.039
186.60,1,0.046
186.61,1,0.047
186.62,1,0.046
186.63,1,0.051
186.64,1,0.054
186.65,1,0.048
186.66,1,0.046
186.67,1,0.048
186.68,1,0.053
186.69,1,0.059
186.70,1,0.064
186.71,1,0.072
186.72,1,0.078
186.73,1,0.087
186.74,1,0.091
186.75,1,0.069
186.76,1,0.062
186.77,1,0.057
186.78,1,0.052
186.79,1,0.054
186.80,1,0.057
186.81,1,0.060
186.82,1,0.059
186.83,1,0.057
186.84,1,0.057
186.85,1,0.055
186.86,1,0.052
186.87,1,0.071
186.88,1,0.104
186.89,1,0.123
186.90,1,0.112
186.91,1,0.102
186.92,1,0.074
186.93,1,0.067
186.94,1,0.059
186.95,1,0.053
186.96,1,0.045
186.97,1,0.046
186.98,1,0.048
186.99,1,0.054
187.00,1,0.066
187.01,1,0.088
187.02,1,0.097
187.03,1,0.104
187.04,1,0.106
187.05,1,0.094
187.06,1,0.077
187.07,1,0.068
187.08,1,0.050
187.09,1,0.042
187.10,1,0.044
187.11,1,0.044
187.12,1,0.047
187.13,1,0.055
187.14,1,0.067
187.15,1,0.078
187.16,1,0.085
187.17,1,0.092
187.18,1,0.089
187.19,1,0.093
187.20,1,0.109
187.21,1,0.138
187.22,1,0.166
187.23,1,0.173
187.24,1,0.149
187.25,1,0.117
187.26,1,0.084
187.27,1,0.064
187.28,1,0.059
187.29,1,0.058
187.30,1,0.066
187.31,1,0.075
187.32,1,0.083
187.33,1,0.097
187.34,1,0.116
187.35,1,0.131
187.36,1,0.167
187.37,1,0.224
187.38,1,0.248
187.39,1,0.203
187.40,1,0.152
187.41,1,0.104
187.42,1,0.079
187.43,1,0.071
187.44,1,0.069
187.45,1,0.077
187.46,1,0.091
187.47,1,0.101
187.48,1,0.110
187.49,1,0.100
187.50,1,0.087
187.51,1,0.071
187.52,1,0.062
187.53,1,0.055
187.54,1,0.052
187.55,1,0.050
187.56,1,0.051
187.57,1,0.052
187.58,1,0.054
187.59,1,0.049
187.60,1,0.046
187.61,1,0.043
187.62,1,0.041
187.63,1,0.059
187.64,1,0.082
187.65,1,0.123
187.66,1,0.184
187.67,1,0.166
187.68,1,0.078
187.69,1,0.074
187.70,1,0.072
187.71,1,0.068
187.72,1,0.062
187.73,1,0.068
187.74,1,0.063
187.75,1,0.069
187.76,1,0.072
187.77,1,0.073
187.78,1,0.071
187.79,1,0.069
187.80,1,0.066
187.81,1,0.073
187.82,1,0.080
187.83,1,0.084
187.84,1,0.084
187.85,1,0.078
187.86,1,0.064
187.87,1,0.058
187.88,1,0.062
187.89,1,0.076
187.90,1,0.083
187.91,1,0.076
187.92,1,0.068
187.93,1,0.077
187.94,1,0.072
187.95,1,0.078
187.96,1,0.095
187.97,1,0.103
187.98,1,0.109
187.99,1,0.116
188.00,1,0.125
188.01,1,0.148
188.02,1,0.172
188.03,1,0.175
188.04,1,0.187
188.05,1,0.149
188.06,1,0.100
188.07,1,0.074
188.08,1,0.067
188.09,1,0.057
188.10,1,0.053
188.11,1,0.053
188.12,1,0.059
188.13,1,0.061
188.14,1,0.082
188.15,1,0.097
188.16,1,0.097
188.17,1,0.101
188.18,1,0.101
188.19,1,0.087
188.20,1,0.080
188.21,1,0.079
188.22,1,0.079
188.23,1,0.073
188.24,1,0.066
188.25,1,0.059
188.26,1,0.054
188.27,1,0.057
188.28,1,0.076
188.29,1,0.095
188.30,1,0.113
188.31,1,0.128
188.32,1,0.131
188.33,1,0.128
188.34,1,0.124
188.35,1,0.117
188.36,1,0.107
188.37,1,0.095
188.38,1,0.082
188.39,1,0.075
188.40,1,0.076
188.41,1,0.081
188.42,1,0.086
188.43,1,0.094
188.44,1,0.101
188.45,1,0.101
188.46,1,0.104
188.47,1,0.111
188.48,1,0.122
188.49,1,0.133
188.50,1,0.144
188.51,1,0.151
188.52,1,0.152
188.53,1,0.145
188.54,1,0.135
188.55,1,0.126
188.56,1,0.126
188.57,1,0.137
188.58,1,0.151
188.59,1,0.160
188.60,1,0.163
188.61,1,0.157
188.62,1,0.145
188.63,1,0.129
188.64,1,0.127
188.65,1,0.163
188.66,1,0.239
188.67,1,0.365
188.68,1,0.503
188.69,1,0.640
188.70,1,0.687
188.71,1,0.769
188.72,1,0.996
188.73,1,1.693
188.74,1,2.449
188.75,1,2.712
188.76,1,2.479
188.77,1,2.183
188.78,1,1.873
188.79,1,1.546
188.80,1,1.275
188.81,1,1.084
188.82,1,0.935
188.83,1,0.840
188.84,1,0.703
188.85,1,0.620
188.86,1,0.533
188.87,1,0.436
188.88,1,0.345
188.89,1,0.298
188.90,1,0.301
188.91,1,0.259
188.92,1,0.219
188.93,1,0.215
188.94,1,0.173
188.95,1,0.142
188.96,1,0.122
188.97,1,0.109
188.98,1,0.093
188.99,1,0.091
189.00,1,0.095
189.01,1,0.117
189.02,1,0.172
189.03,1,0.246
189.04,1,0.269
189.05,1,0.295
189.06,1,0.357
189.07,1,0.415
189.08,1,0.478
189.09,1,0.504
189.10,1,0.315
189.11,1,0.169
189.12,1,0.034
189.13,1,0.024
189.14,1,0.018
189.15,1,0.015
189.16,1,0.013
189.17,1,0.012
189.18,1,0.012
189.19,1,0.014
189.20,1,0.017
189.21,1,0.020
189.22,1,0.022
189.23,1,0.024
189.24,1,0.028
189.25,1,0.032
189.26,1,0.036
189.27,1,0.038
189.28,1,0.036
189.29,1,0.034
189.30,1,0.034
189.31,1,0.034
189.32,1,0.034
189.33,1,0.037
189.34,1,0.039
189.35,1,0.036
189.36,1,0.043
189.37,1,0.045
189.38,1,0.043
189.39,1,0.044
189.40,1,0.053
189.41,1,0.055
189.42,1,0.062
189.43,1,0.071
189.44,1,0.069
189.45,1,0.061
189.46,1,0.057
189.47,1,0.057
189.48,1,0.057
189.49,1,0.062
189.50,1,0.071
189.51,1,0.081
189.52,1,0.087
189.53,1,0.096
189.54,1,0.099
189.55,1,0.101
189.56,1,0.105
189.57,1,0.101
189.58,1,0.090
189.59,1,0.087
189.60,1,0.093
189.61,1,0.100
189.62,1,0.121
189.63,1,0.135
189.64,1,0.128
189.65,1,0.114
189.66,1,0.105
189.67,1,0.106
189.68,1,0.119
189.69,1,0.178
189.70,1,0.322
189.71,1,0.448
189.72,1,0.498
189.73,1,0.533
189.74,1,0.513
189.75,1,0.525
189.76,1,0.475
189.77,1,0.411
189.78,1,0.129
189.79,1,0.060
189.80,1,0.045
189.81,1,0.042
189.82,1,0.038
189.83,1,0.039
189.84,1,0.052
189.85,1,0.081
189.86,1,0.113
189.87,1,0.147
189.88,1,0.176
189.89,1,0.194
189.90,1,0.206
189.91,1,0.211
189.92,1,0.208
189.93,1,0.191
189.94,1,0.160
189.95,1,0.128
189.96,1,0.108
189.97,1,0.101
189.98,1,0.100
189.99,1,0.091
190.00,1,0.079
190.01,1,0.064
190.02,1,0.050
190.03,1,0.041
190.04,1,0.047
190.05,1,0.055
190.06,1,0.064
190.07,1,0.075
190.08,1,0.090
190.09,1,0.116
190.10,1,0.131
190.11,1,0.142
190.12,1,0.133
190.13,1,0.118
190.14,1,0.100
190.15,1,0.088
190.16,1,0.092
190.17,1,0.093
190.18,1,0.086
190.19,1,0.082
190.20,1,0.072
190.21,1,0.060
190.22,1,0.053
190.23,1,0.043
190.24,1,0.047
190.25,1,0.054
190.26,1,0.075
190.27,1,0.100
190.28,1,0.124
190.29,1,0.151
190.30,1,0.178
190.31,1,0.196
190.32,1,0.258
190.33,1,0.401
190.34,1,0.381
190.35,1,0.433
190.36,1,0.555
190.37,1,0.560
190.38,1,0.383
190.39,1,0.366
190.40,1,0.216
190.41,1,0.101
190.42,1,0.064
190.43,1,0.052
190.44,1,0.040
190.45,1,0.034
190.46,1,0.033
190.47,1,0.032
190.48,1,0.035
190.49,1,0.037
190.50,1,0.041
190.51,1,0.043
190.52,1,0.046
190.53,1,0.049
190.54,1,0.046
190.55,1,0.044
190.56,1,0.046
190.57,1,0.047
190.58,1,0.057
190.59,1,0.072
190.60,1,0.092
190.61,1,0.114
190.62,1,0.132
190.63,1,0.146
190.64,1,0.167
190.65,1,0.168
190.66,1,0.184
190.67,1,0.220
190.68,1,0.249
190.69,1,0.299
190.70,1,0.390
190.71,1,0.527
190.72,1,0.834
190.73,1,1.163
190.74,1,1.221
190.75,1,1.483
190.76,1,1.952
190.77,1,2.396
190.78,1,2.591
190.79,1,3.178
190.80,1,2.844
190.81,1,2.276
190.82,0,
190.83,0,
190.84,0,
190.85,0,
190.86,0,
190.87,0,
190.88,0,
190.89,0,
190.90,0,
190.91,0,
190.92,0,
190.93,0,
190.94,0,
190.95,0,
190.96,0,
190.97,0,
190.98,0,
190.99,0,
191.00,0,
191.01,0,
191.02,0,
191.03,0,
191.04,0,
191.05,0,
191.06,0,
191.07,0,
191.08,0,
191.09,0,
191.10,0,
191.11,0,
191.12,0,
191.13,0,
191.14,0,
191.15,0,
191.16,0,
191.17,0,
191.18,0,
191.19,0,
191.20,0,
191.21,0,
191.22,0,
191.23,0,
191.24,0,
191.25,0,
191.26,0,
191.27,0,
191.28,0,
191.29,0,
191.30,0,
191.31,0,
191.32,0,
191.33,0,
191.34,0,
191.35,0,
191.36,0,
191.37,0,
191.38,0,
191.39,0,
191.40,0,
191.41,0,
191.42,0,
191.43,0,
191.44,0,
191.45,0,
191.46,0,
191.47,0,
191.48,0,
191.49,0,
191.50,0,
191.51,0,
191.52,1,0.111
191.53,1,0.133
191.54,1,0.178
191.55,1,0.264
191.56,1,0.376
191.57,1,0.557
191.58,1,1.211
191.59,1,1.270
191.60,1,1.022
191.61,1,0.032
191.62,1,0.032
191.63,1,0.036
191.64,1,0.038
191.65,1,0.042
191.66,1,0.049
191.67,1,0.047
191.68,1,0.045
191.69,1,0.034
191.70,1,0.024
191.71,1,0.021
191.72,1,0.020
191.73,1,0.022
191.74,1,0.023
191.75,1,0.025
191.76,1,0.025
191.77,1,0.023
191.78,1,0.020
191.79,1,0.019
191.80,1,0.020
191.81,1,0.024
191.82,1,0.028
191.83,1,0.031
191.84,1,0.032
191.85,1,0.031
191.86,1,0.027
191.87,1,0.024
191.88,1,0.021
191.89,1,0.021
191.90,1,0.029
191.91,1,0.038
191.92,1,0.045
191.93,1,0.053
191.94,1,0.064
191.95,1,0.077
191.96,1,0.102
191.97,1,0.131
191.98,1,0.158
191.99,1,0.177
192.00,1,0.193
192.01,1,0.196
192.02,1,0.172
192.03,1,0.147
192.04,1,0.133
192.05,1,0.106
192.06,1,0.092
192.07,1,0.094
192.08,1,0.085
192.09,1,0.104
192.10,1,0.125
192.11,1,0.144
192.12,1,0.158
192.13,1,0.155
192.14,1,0.144
192.15,1,0.131
192.16,1,0.109
192.17,1,0.103
192.18,1,0.103
192.19,1,0.102
192.20,1,0.105
192.21,1,0.113
192.22,1,0.114
192.23,1,0.112
192.24,1,0.123
192.25,1,0.137
192.26,1,0.134
192.27,1,0.125
192.28,1,0.123
192.29,1,0.122
192.30,1,0.109
192.31,1,0.125
192.32,1,0.178
192.33,1,0.188
192.34,1,0.189
192.35,1,0.196
192.36,1,0.180
192.37,1,0.139
192.38,1,0.137
192.39,1,0.141
192.40,1,0.146
192.41,1,0.153
192.42,1,0.152
192.43,1,0.143
192.44,1,0.137
192.45,1,0.143
192.46,1,0.135
192.47,1,0.136
192.48,1,0.126
192.49,1,0.112
192.50,1,0.104
192.51,1,0.099
192.52,1,0.115
192.53,1,0.135
192.54,1,0.144
192.55,1,0.143
192.56,1,0.148
192.57,1,0.137
192.58,1,0.128
192.59,1,0.137
192.60,1,0.148
192.61,1,0.147
192.62,1,0.134
192.63,1,0.132
192.64,1,0.126
192.65,1,0.118
192.66,1,0.124
192.67,1,0.129
192.68,1,0.126
192.69,1,0.127
192.70,1,0.129
192.71,1,0.126
192.72,1,0.123
192.73,1,0.139
192.74,1,0.136
192.75,1,0.131
192.76,1,0.132
192.77,1,0.125
192.78,1,0.114
192.79,1,0.123
192.80,1,0.134
192.81,1,0.160
192.82,1,0.202
192.83,1,0.260
192.84,1,0.424
192.85,1,1.458
192.86,1,1.552
192.87,1,1.730
192.88,1,1.800
192.89,1,1.321
192.90,1,1.131
192.91,1,0.866
192.92,1,0.229
192.93,1,0.119
192.94,1,0.084
192.95,1,0.071
192.96,1,0.071
192.97,1,0.086
192.98,1,0.107
192.99,1,0.139
193.00,1,0.162
193.01,1,0.167
193.02,1,0.161
193.03,1,0.148
193.04,1,0.143
193.05,1,0.143
193.06,1,0.134
193.07,1,0.118
193.08,1,0.094
193.09,1,0.085
193.10,1,0.092
193.11,1,0.117
193.12,1,0.151
193.13,1,0.221
193.14,1,0.554
193.15,1,1.143
193.16,1,1.534
193.17,1,1.977
193.18,1,0.628
193.19,1,0.539
193.20,1,0.458
193.21,1,0.354
193.22,1,0.275
193.23,1,0.329
193.24,1,0.337
193.25,1,0.162
193.26,1,0.113
193.27,1,0.085
193.28,1,0.065
193.29,1,0.055
193.30,1,0.057
193.31,1,0.063
193.32,1,0.065
193.33,1,0.068
193.34,1,0.071
193.35,1,0.069
193.36,1,0.077
193.37,1,0.089
193.38,1,0.109
193.39,1,0.104
193.40,1,0.091
193.41,1,0.086
193.42,1,0.082
193.43,1,0.067
193.44,1,0.069
193.45,1,0.067
193.46,1,0.072
193.47,1,0.071
193.48,1,0.074
193.49,1,0.078
193.50,1,0.081
193.51,1,0.084
193.52,1,0.083
193.53,1,0.081
193.54,1,0.061
193.55,1,0.062
193.56,1,0.069
193.57,1,0.081
193.58,1,0.084
193.59,1,0.084
193.60,1,0.097
193.61,1,0.126
193.62,1,0.143
193.63,1,0.165
193.64,1,0.173
193.65,1,0.167
193.66,1,0.155
193.67,1,0.141
193.68,1,0.136
193.69,1,0.138
193.70,1,0.157
193.71,1,0.177
193.72,1,0.145
193.73,1,0.117
193.74,1,0.092
193.75,1,0.082
193.76,1,0.082
193.77,1,0.112
193.78,1,0.148
193.79,1,0.170
193.80,1,0.176
193.81,1,0.173
193.82,1,0.159
193.83,1,0.137
193.84,1,0.113
193.85,1,0.120
193.86,1,0.111
193.87,1,0.130
193.88,1,0.149
193.89,1,0.210
193.90,1,0.224
193.91,1,0.242
193.92,1,0.221
193.93,1,0.204
193.94,1,0.150
193.95,1,0.145
193.96,1,0.149
193.97,1,0.160
193.98,1,0.137
193.99,1,0.127
194.00,1,0.125
194.01,1,0.114
194.02,1,0.132
194.03,1,0.158
194.04,1,0.150
194.05,1,0.161
194.06,1,0.175
194.07,1,0.165
194.08,1,0.222
194.09,1,0.336
194.10,1,0.438
194.11,1,0.566
194.12,1,0.740
194.13,1,0.929
194.14,1,1.076
194.15,1,1.080
194.16,1,0.539
194.17,1,0.260
194.18,1,0.167
194.19,1,0.134
194.20,1,0.121
194.21,1,0.116
194.22,1,0.128
194.23,1,0.156
194.24,1,0.166
194.25,1,0.183
194.26,1,0.186
194.27,1,0.194
194.28,1,0.195
194.29,1,0.216
194.30,1,0.258
194.31,1,0.434
194.32,1,0.900
194.33,1,1.229
194.34,1,1.243
194.35,1,1.322
194.36,1,1.303
194.37,1,0.133
194.38,1,0.137
194.39,1,0.134
194.40,1,0.124
194.41,1,0.101
194.42,1,0.069
194.43,1,0.058
194.44,1,0.053
194.45,1,0.046
194.46,1,0.048
194.47,1,0.054
194.48,1,0.050
194.49,1,0.050
194.50,1,0.044
194.51,1,0.036
194.52,1,0.032
194.53,1,0.035
194.54,1,0.037
194.55,1,0.042
194.56,1,0.046
194.57,1,0.049
194.58,1,0.051
194.59,1,0.054
194.60,1,0.054
194.61,1,0.057
194.62,1,0.059
194.63,1,0.052
194.64,1,0.047
194.65,1,0.042
194.66,1,0.038
194.67,1,0.034
194.68,1,0.032
194.69,1,0.038
194.70,1,0.047
194.71,1,0.059
194.72,1,0.068
194.73,1,0.076
194.74,1,0.082
194.75,1,0.080
194.76,1,0.084
194.77,1,0.084
194.78,1,0.086
194.79,1,0.078
194.80,1,0.063
194.81,1,0.052
194.82,1,0.046
194.83,1,0.053
194.84,1,0.059
194.85,1,0.067
194.86,1,0.077
194.87,1,0.090
194.88,1,0.097
194.89,1,0.107
194.90,1,0.119
194.91,1,0.134
194.92,1,0.136
194.93,1,0.145
194.94,1,0.151
194.95,1,0.159
194.96,1,0.161
194.97,1,0.177
194.98,1,0.183
194.99,1,0.176
195.00,1,0.173
195.01,1,0.168
195.02,1,0.149
195.03,1,0.151
195.04,1,0.160
195.05,1,0.154
195.06,1,0.162
195.07,1,0.164
195.08,1,0.164
195.09,1,0.173
195.10,1,0.180
195.11,1,0.187
195.12,1,0.190
195.13,1,0.192
195.14,1,0.172
195.15,1,0.150
195.16,1,0.139
195.17,1,0.147
195.18,1,0.139
195.19,1,0.143
195.20,1,0.144
195.21,1,0.130
195.22,1,0.119
195.23,1,0.125
195.24,1,0.136
195.25,1,0.151
195.26,1,0.152
195.27,1,0.145
195.28,1,0.139
195.29,1,0.122
195.30,1,0.126
195.31,1,0.134
195.32,1,0.126
195.33,1,0.128
195.34,1,0.120
195.35,1,0.119
195.36,1,0.122
195.37,1,0.139
195.38,1,0.160
195.39,1,0.178
195.40,1,0.178
195.41,1,0.169
195.42,1,0.152
195.43,1,0.104
195.44,1,0.077
195.45,1,0.066
195.46,1,0.069
195.47,1,0.066
195.48,1,0.066
195.49,1,0.068
195.50,1,0.082
195.51,1,0.080
195.52,1,0.094
195.53,1,0.108
195.54,1,0.118
195.55,1,0.116
195.56,1,0.134
195.57,1,0.153
195.58,1,0.144
195.59,1,0.125
195.60,1,0.112
195.61,1,0.111
195.62,1,0.108
195.63,1,0.111
195.64,1,0.112
195.65,1,0.102
195.66,1,0.124
195.67,1,0.151
195.68,1,0.175
195.69,1,0.188
195.70,1,0.198
195.71,1,0.189
195.72,1,0.168
195.73,1,0.146
195.74,1,0.140
195.75,1,0.123
195.76,1,0.098
195.77,1,0.076
195.78,1,0.066
195.79,1,0.057
195.80,1,0.058
195.81,1,0.059
195.82,1,0.068
195.83,1,0.078
195.84,1,0.085
195.85,1,0.095
195.86,1,0.106
195.87,1,0.111
195.88,1,0.117
195.89,1,0.118
195.90,1,0.118
195.91,1,0.118
195.92,1,0.122
195.93,1,0.143
195.94,1,0.179
195.95,1,0.176
195.96,1,0.166
195.97,1,0.159
195.98,1,0.135
195.99,1,0.097
196.00,1,0.099
196.01,1,0.099
196.02,1,0.087
196.03,1,0.084
196.04,1,0.094
196.05,1,0.102
196.06,1,0.120
196.07,1,0.123
196.08,1,0.136
196.09,1,0.128
196.10,1,0.116
196.11,1,0.101
196.12,1,0.116
196.13,1,0.114
196.14,1,0.114
196.15,1,0.133
196.16,1,0.138
196.17,1,0.149
196.18,1,0.166
196.19,1,0.176
196.20,1,0.177
196.21,1,0.198
196.22,1,0.232
196.23,1,0.315
196.24,1,0.178
196.25,1,0.170
196.26,1,0.183
196.27,1,0.175
196.28,1,0.173
196.29,1,0.201
196.30,1,0.198
196.31,1,0.163
196.32,1,0.183
196.33,1,0.215
196.34,1,0.237
196.35,1,0.266
196.36,1,0.324
196.37,1,0.285
196.38,1,0.241
196.39,1,0.192
196.40,1,0.120
196.41,1,0.074
196.42,1,0.068
196.43,1,0.069
196.44,1,0.073
196.45,1,0.086
196.46,1,0.103
196.47,1,0.118
196.48,1,0.134
196.49,1,0.151
196.50,1,0.140
196.51,1,0.128
196.52,1,0.111
196.53,1,0.087
196.54,1,0.065
196.55,1,0.065
196.56,1,0.065
196.57,1,0.076
196.58,1,0.081
196.59,1,0.079
196.60,1,0.086
196.61,1,0.091
196.62,1,0.088
196.63,1,0.091
196.64,1,0.115
196.65,1,0.125
196.66,1,0.143
196.67,1,0.187
196.68,1,0.265
196.69,1,0.393
196.70,1,0.678
196.71,1,1.061
196.72,1,0.775
196.73,1,0.492
196.74,1,0.356
196.75,1,0.334
196.76,1,0.314
196.77,1,0.306
196.78,1,0.330
196.79,1,0.361
196.80,1,0.366
196.81,1,0.432
196.82,1,0.494
196.83,1,0.615
196.84,1,0.798
196.85,1,0.907
196.86,1,0.668
196.87,1,0.225
196.88,1,0.171
196.89,1,0.162
196.90,1,0.169
196.91,1,0.147
196.92,1,0.118
196.93,1,0.107
196.94,1,0.093
196.95,1,0.068
196.96,1,0.056
196.97,1,0.058
196.98,1,0.052
196.99,1,0.051
197.00,1,0.056
197.01,1,0.056
197.02,1,0.052
197.03,1,0.057
197.04,1,0.057
197.05,1,0.057
197.06,1,0.064
197.07,1,0.070
197.08,1,0.066
197.09,1,0.065
197.10,1,0.060
197.11,1,0.055
197.12,1,0.060
197.13,1,0.057
197.14,1,0.063
197.15,1,0.064
197.16,1,0.064
197.17,1,0.064
197.18,1,0.065
197.19,1,0.067
197.20,1,0.080
197.21,1,0.088
197.22,1,0.089
197.23,1,0.090
197.24,1,0.090
197.25,1,0.080
197.26,1,0.077
197.27,1,0.080
197.28,1,0.100
197.29,1,0.124
197.30,1,0.137
197.31,1,0.175
197.32,1,0.293
197.33,1,0.580
197.34,1,0.320
197.35,1,0.213
197.36,1,0.173
197.37,1,0.114
197.38,1,0.084
197.39,1,0.081
197.40,1,0.083
197.41,1,0.092
197.42,1,0.099
197.43,1,0.106
197.44,1,0.118
197.45,1,0.126
197.46,1,0.128
197.47,1,0.130
197.48,1,0.124
197.49,1,0.111
197.50,1,0.109
197.51,1,0.096
197.52,1,0.091
197.53,1,0.089
197.54,1,0.096
197.55,1,0.109
197.56,1,0.129
197.57,1,0.161
197.58,1,0.242
197.59,1,0.385
197.60,1,0.601
197.61,1,1.461
197.62,1,2.269
197.63,1,2.195
197.64,1,1.330
197.65,1,0.619
197.66,1,0.440
197.67,1,0.166
197.68,1,0.096
197.69,1,0.073
197.70,1,0.066
197.71,1,0.061
197.72,1,0.069
197.73,1,0.083
197.74,1,0.094
197.75,1,0.096
197.76,1,0.104
197.77,1,0.103
197.78,1,0.101
197.79,1,0.094
197.80,1,0.102
197.81,1,0.103
197.82,1,0.104
197.83,1,0.112
197.84,1,0.111
197.85,1,0.110
197.86,1,0.106
197.87,1,0.106
197.88,1,0.107
197.89,1,0.125
197.90,1,0.133
197.91,1,0.137
197.92,1,0.135
197.93,1,0.137
197.94,1,0.120
197.95,1,0.110
197.96,1,0.116
197.97,1,0.128
197.98,1,0.141
197.99,1,0.143
198.00,1,0.134
198.01,1,0.127
198.02,1,0.115
198.03,1,0.110
198.04,1,0.114
198.05,1,0.131
198.06,1,0.129
198.07,1,0.134
198.08,1,0.134
198.09,1,0.123
198.10,1,0.121
198.11,1,0.117
198.12,1,0.118
198.13,1,0.117
198.14,1,0.116
198.15,1,0.104
198.16,1,0.106
198.17,1,0.114
198.18,1,0.122
198.19,1,0.139
198.20,1,0.178
198.21,1,0.229
198.22,1,0.233
198.23,1,0.215
198.24,1,0.203
198.25,1,0.165
198.26,1,0.144
198.27,1,0.136
198.28,1,0.118
198.29,1,0.102
198.30,1,0.096
198.31,1,0.083
198.32,1,0.078
198.33,1,0.083
198.34,1,0.089
198.35,1,0.091
198.36,1,0.096
198.37,1,0.099
198.38,1,0.120
198.39,1,0.142
198.40,1,0.146
198.41,1,0.138
198.42,1,0.133
198.43,1,0.114
198.44,1,0.091
198.45,1,0.094
198.46,1,0.098
198.47,1,0.106
198.48,1,0.103
198.49,1,0.100
198.50,1,0.102
198.51,1,0.107
198.52,1,0.102
198.53,1,0.109
198.54,1,0.111
198.55,1,0.107
198.56,1,0.114
198.57,1,0.115
198.58,1,0.113
198.59,1,0.112
198.60,1,0.105
198.61,1,0.103
198.62,1,0.109
198.63,1,0.112
198.64,1,0.112
198.65,1,0.112
198.66,1,0.099
198.67,1,0.106
198.68,1,0.106
198.69,1,0.104
198.70,1,0.108
198.71,1,0.105
198.72,1,0.094
198.73,1,0.101
198.74,1,0.102
198.75,1,0.103
198.76,1,0.114
198.77,1,0.115
198.78,1,0.115
198.79,1,0.133
198.80,1,0.133
198.81,1,0.153
198.82,1,0.194
198.83,1,0.224
198.84,1,0.276
198.85,1,0.564
198.86,1,0.710
198.87,1,0.879
198.88,1,1.085
198.89,1,0.408
198.90,1,0.333
198.91,1,0.175
198.92,1,0.102
198.93,1,0.087
198.94,1,0.080
198.95,1,0.076
198.96,1,0.076
198.97,1,0.086
198.98,1,0.085
198.99,1,0.093
199.00,1,0.098
199.01,1,0.109
199.02,1,0.117
199.03,1,0.119
199.04,1,0.113
199.05,1,0.122
199.06,1,0.113
199.07,1,0.114
199.08,1,0.113
199.09,1,0.109
199.10,1,0.104
199.11,1,0.114
199.12,1,0.123
199.13,1,0.132
199.14,1,0.146
199.15,1,0.156
199.16,1,0.157
199.17,1,0.178
199.18,1,0.203
199.19,1,0.238
199.20,1,0.315
199.21,1,0.657
199.22,1,0.793
199.23,1,0.701
199.24,1,0.711
199.25,1,0.207
199.26,1,0.108
199.27,1,0.098
199.28,1,0.093
199.29,1,0.088
199.30,1,0.099
199.31,1,0.132
199.32,1,0.125
199.33,1,0.123
199.34,1,0.126
199.35,1,0.127
199.36,1,0.124
199.37,1,0.133
199.38,1,0.126
199.39,1,0.122
199.40,1,0.114
199.41,1,0.111
199.42,1,0.113
199.43,1,0.130
199.44,1,0.137
199.45,1,0.141
199.46,1,0.144
199.47,1,0.154
199.48,1,0.153
199.49,1,0.149
199.50,1,0.147
199.51,1,0.140
199.52,1,0.131
199.53,1,0.134
199.54,1,0.144
199.55,1,0.159
199.56,1,0.182
199.57,1,0.155
199.58,1,0.134
199.59,1,0.123
199.60,1,0.117
199.61,1,0.104
199.62,1,0.115
199.63,1,0.121
199.64,1,0.122
199.65,1,0.131
199.66,1,0.152
199.67,1,0.170
199.68,1,0.187
199.69,1,0.197
199.70,1,0.180
199.71,1,0.162
199.72,1,0.138
199.73,1,0.128
199.74,1,0.136
199.75,1,0.135
199.76,1,0.125
199.77,1,0.118
199.78,1,0.114
199.79,1,0.108
199.80,1,0.126
199.81,1,0.135
199.82,1,0.153
199.83,1,0.150
199.84,1,0.149
199.85,1,0.132
199.86,1,0.126
199.87,1,0.096
199.88,1,0.094
199.89,1,0.086
199.90,1,0.093
199.91,1,0.090
199.92,1,0.092
199.93,1,0.088
199.94,1,0.090
199.95,1,0.100
199.96,1,0.118
199.97,1,0.154
199.98,1,0.355
199.99,1,0.520
200.00,1,0.363
200.01,1,0.228
200.02,1,0.175
200.03,1,0.154
200.04,1,0.152
200.05,1,0.134
200.06,1,0.130
200.07,1,0.133
200.08,1,0.135
200.09,1,0.126
200.10,1,0.136
200.11,1,0.146
200.12,1,0.145
200.13,1,0.139
200.14,1,0.130
200.15,1,0.106
200.16,1,0.089
200.17,1,0.079
200.18,1,0.076
200.19,1,0.080
200.20,1,0.087
200.21,1,0.101
200.22,1,0.112
200.23,1,0.122
200.24,1,0.110
200.25,1,0.101
200.26,1,0.092
200.27,1,0.083
200.28,1,0.085
200.29,1,0.117
200.30,1,0.153
200.31,1,0.174
200.32,1,0.175
200.33,1,0.174
200.34,1,0.145
200.35,1,0.110
200.36,1,0.097
200.37,1,0.110
200.38,1,0.144
200.39,1,0.178
200.40,1,0.227
200.41,1,0.286
200.42,1,0.361
200.43,1,0.613
200.44,1,0.880
200.45,1,0.741
200.46,1,0.477
200.47,1,0.338
200.48,1,0.249
200.49,1,0.188
200.50,1,0.162
200.51,1,0.173
200.52,1,0.181
200.53,1,0.195
200.54,1,0.209
200.55,1,0.200
200.56,1,0.198
200.57,1,0.240
200.58,1,0.320
200.59,1,0.420
200.60,1,0.642
200.61,1,0.494
200.62,1,0.286
200.63,1,0.196
200.64,1,0.147
200.65,1,0.111
200.66,1,0.105
200.67,1,0.107
200.68,1,0.107
200.69,1,0.097
200.70,1,0.087
200.71,1,0.080
200.72,1,0.072
200.73,1,0.067
200.74,1,0.074
200.75,1,0.086
200.76,1,0.101
200.77,1,0.114
200.78,1,0.125
200.79,1,0.130
200.80,1,0.134
200.81,1,0.120
200.82,1,0.118
200.83,1,0.112
200.84,1,0.077
200.85,1,0.062
200.86,1,0.055
200.87,1,0.052
200.88,1,0.051
200.89,1,0.054
200.90,1,0.068
200.91,1,0.090
200.92,1,0.113
200.93,1,0.124
200.94,1,0.139
200.95,1,0.148
200.96,1,0.138
200.97,1,0.134
200.98,1,0.125
200.99,1,0.098
201.00,1,0.088
201.01,1,0.075
201.02,1,0.068
201.03,1,0.072
201.04,1,0.075
201.05,1,0.084
201.06,1,0.089
201.07,1,0.096
201.08,1,0.095
201.09,1,0.102
201.10,1,0.106
201.11,1,0.104
201.12,1,0.108
201.13,1,0.107
201.14,1,0.102
201.15,1,0.098
201.16,1,0.096
201.17,1,0.097
201.18,1,0.097
201.19,1,0.095
201.20,1,0.097
201.21,1,0.094
201.22,1,0.104
201.23,1,0.110
201.24,1,0.119
201.25,1,0.129
201.26,1,0.132
201.27,1,0.129
201.28,1,0.127
201.29,1,0.129
201.30,1,0.116
201.31,1,0.112
201.32,1,0.109
201.33,1,0.103
201.34,1,0.099
201.35,1,0.097
201.36,1,0.102
201.37,1,0.125
201.38,1,0.155
201.39,1,0.197
201.40,1,0.308
201.41,1,0.537
201.42,1,0.635
201.43,1,0.841
201.44,1,0.846
201.45,1,0.400
201.46,1,0.343
201.47,1,0.261
201.48,1,0.177
201.49,1,0.145
201.50,1,0.134
201.51,1,0.127
201.52,1,0.150
201.53,1,0.157
201.54,1,0.154
201.55,1,0.153
201.56,1,0.136
201.57,1,0.126
201.58,1,0.133
201.59,1,0.145
201.60,1,0.149
201.61,1,0.154
201.62,1,0.159
201.63,1,0.171
201.64,1,0.163
201.65,1,0.165
201.66,1,0.184
201.67,1,0.214
201.68,1,0.231
201.69,1,0.243
201.70,1,0.274
201.71,1,0.238
201.72,1,0.203
201.73,1,0.201
201.74,1,0.190
201.75,1,0.167
201.76,1,0.219
201.77,1,0.243
201.78,1,0.281
201.79,1,0.357
201.80,1,0.405
201.81,1,0.455
201.82,1,0.520
201.83,1,0.501
201.84,1,0.483
201.85,1,0.523
201.86,1,0.480
201.87,1,0.464
201.88,1,0.483
201.89,1,0.536
201.90,1,0.546
201.91,1,0.526
201.92,1,0.479
201.93,1,0.431
201.94,1,0.371
201.95,1,0.329
201.96,1,0.320
201.97,1,0.336
201.98,1,0.373
201.99,1,0.454
202.00,1,0.652
202.01,1,0.787
202.02,1,1.001
202.03,1,1.196
202.04,1,1.263
202.05,1,0.981
202.06,1,0.690
202.07,1,0.479
202.08,1,0.381
202.09,1,0.325
202.10,1,0.315
202.11,1,0.381
202.12,1,0.400
202.13,1,0.397
202.14,1,0.472
202.15,1,0.459
202.16,1,0.383
202.17,1,0.396
202.18,1,0.310
202.19,1,0.293
202.20,1,0.303
202.21,1,0.267
202.22,1,0.248
202.23,1,0.310
202.24,1,0.302
202.25,1,0.283
202.26,1,0.242
202.27,1,0.203
202.28,1,0.175
202.29,1,0.178
202.30,1,0.195
202.31,1,0.210
202.32,1,0.228
202.33,1,0.243
202.34,1,0.258
202.35,1,0.291
202.36,1,0.299
202.37,1,0.271
202.38,1,0.298
202.39,1,0.311
202.40,1,0.301
202.41,1,0.331
202.42,1,0.289
202.43,1,0.277
202.44,1,0.260
202.45,1,0.267
202.46,1,0.291
202.47,1,0.332
202.48,1,0.324
202.49,1,0.356
202.50,1,0.379
202.51,1,0.390
202.52,1,0.394
202.53,1,0.383
202.54,1,0.369
202.55,1,0.343
202.56,1,0.366
202.57,1,0.382
202.58,1,0.401
202.59,1,0.407
202.60,1,0.385
202.61,1,0.355
202.62,1,0.332
202.63,1,0.322
202.64,1,0.340
202.65,1,0.374
202.66,1,0.415
202.67,1,0.434
202.68,1,0.432
202.69,1,0.454
202.70,1,0.469
202.71,1,0.420
202.72,1,0.401
202.73,1,0.370
202.74,1,0.300
202.75,1,0.288
202.76,1,0.310
202.77,1,0.306
202.78,1,0.303
202.79,1,0.306
202.80,1,0.342
202.81,1,0.371
202.82,1,0.402
202.83,1,0.420
202.84,1,0.417
202.85,1,0.368
202.86,1,0.365
202.87,1,0.395
202.88,1,0.394
202.89,1,0.411
202.90,1,0.441
202.91,1,0.472
202.92,1,0.447
202.93,1,0.464
202.94,1,0.485
202.95,1,0.516
202.96,1,0.604
202.97,1,0.711
202.98,1,0.908
202.99,1,1.053
203.00,1,1.097
203.01,1,0.678
203.02,1,0.328
203.03,1,0.268
203.04,1,0.259
203.05,1,0.274
203.06,1,0.288
203.07,1,0.331
203.08,1,0.344
203.09,1,0.362
203.10,1,0.389
203.11,1,0.388
203.12,1,0.379
203.13,1,0.363
203.14,1,0.344
203.15,1,0.300
203.16,1,0.311
203.17,1,0.338
203.18,1,0.366
203.19,1,0.412
203.20,1,0.476
203.21,1,0.482
203.22,1,0.460
203.23,1,0.457
203.24,1,0.444
203.25,1,0.485
203.26,1,0.542
203.27,1,0.746
203.28,1,0.851
203.29,1,0.888
203.30,1,0.990
203.31,1,0.812
203.32,1,0.540
203.33,1,0.399
203.34,1,0.358
203.35,1,0.364
203.36,1,0.331
203.37,1,0.348
203.38,1,0.313
203.39,1,0.290
203.40,1,0.284
203.41,1,0.291
203.42,1,0.312
203.43,1,0.358
203.44,1,0.399
203.45,1,0.381
203.46,1,0.362
203.47,1,0.359
203.48,1,0.354
203.49,1,0.342
203.50,1,0.317
203.51,1,0.271
203.52,1,0.245
203.53,1,0.229
203.54,1,0.214
203.55,1,0.225
203.56,1,0.261
203.57,1,0.322
203.58,1,0.353
203.59,1,0.428
203.60,1,0.471
203.61,1,0.492
203.62,1,0.481
203.63,1,0.473
203.64,1,0.444
203.65,1,0.456
203.66,1,0.441
203.67,1,0.438
203.68,1,0.441
203.69,1,0.411
203.70,1,0.361
203.71,1,0.355
203.72,1,0.346
203.73,1,0.348
203.74,1,0.349
203.75,1,0.369
203.76,1,0.335
203.77,1,0.325
203.78,1,0.301
203.79,1,0.332
203.80,1,0.344
203.81,1,0.364
203.82,1,0.366
203.83,1,0.338
203.84,1,0.309
203.85,1,0.297
203.86,1,0.333
203.87,1,0.352
203.88,1,0.380
203.89,1,0.379
203.90,1,0.358
203.91,1,0.345
203.92,1,0.325
203.93,1,0.354
203.94,1,0.348
203.95,1,0.350
203.96,1,0.345
203.97,1,0.332
203.98,1,0.313
203.99,1,0.327
204.00,1,0.353
204.01,1,0.383
204.02,1,0.440
204.03,1,0.446
204.04,1,0.457
204.05,1,0.471
204.06,1,0.486
204.07,1,0.453
204.08,1,0.422
204.09,1,0.412
204.10,1,0.381
204.11,1,0.376
204.12,1,0.389
204.13,1,0.389
204.14,1,0.328
204.15,1,0.327
204.16,1,0.322
204.17,1,0.362
204.18,1,0.432
204.19,1,0.566
204.20,1,0.610
204.21,1,0.643
204.22,1,0.594
204.23,1,0.475
204.24,1,0.427
204.25,1,0.446
204.26,1,0.496
204.27,1,0.559
204.28,1,0.688
204.29,1,0.782
204.30,1,0.763
204.31,1,0.841
204.32,1,0.919
204.33,1,1.069
204.34,1,1.053
204.35,1,1.222
204.36,1,1.290
204.37,1,1.350
204.38,1,1.407
204.39,1,1.489
204.40,1,1.485
204.41,1,1.243
204.42,1,0.660
204.43,1,0.351
204.44,1,0.253
204.45,1,0.225
204.46,1,0.209
204.47,1,0.168
204.48,1,0.160
204.49,1,0.190
204.50,1,0.209
204.51,1,0.228
204.52,1,0.258
204.53,1,0.291
204.54,1,0.299
204.55,1,0.337
204.56,1,0.303
204.57,1,0.276
204.58,1,0.260
204.59,1,0.302
204.60,1,0.279
204.61,1,0.350
204.62,1,0.392
204.63,1,0.353
204.64,1,0.319
204.65,1,0.328
204.66,1,0.323
204.67,1,0.322
204.68,1,0.332
204.69,1,0.355
204.70,1,0.365
204.71,1,0.337
204.72,1,0.305
204.73,1,0.270
204.74,1,0.262
204.75,1,0.262
204.76,1,0.291
204.77,1,0.298
204.78,1,0.324
204.79,1,0.317
204.80,1,0.302
204.81,1,0.290
204.82,1,0.313
204.83,1,0.301
204.84,1,0.303
204.85,1,0.290
204.86,1,0.290
204.87,1,0.315
204.88,1,0.316
204.89,1,0.311
204.90,1,0.316
204.91,1,0.320
204.92,1,0.278
204.93,1,0.269
204.94,1,0.338
204.95,1,0.347
204.96,1,0.344
204.97,1,0.341
204.98,1,0.354
204.99,1,0.326
205.00,1,0.312
205.01,1,0.347
205.02,1,0.368
205.03,1,0.351
205.04,1,0.370
205.05,1,0.365
205.06,1,0.354
205.07,1,0.352
205.08,1,0.383
205.09,1,0.404
205.10,1,0.433
205.11,1,0.444
205.12,1,0.444
205.13,1,0.435
205.14,1,0.424
205.15,1,0.416
205.16,1,0.398
205.17,1,0.434
205.18,1,0.480
205.19,1,0.477
205.20,1,0.499
205.21,1,0.514
205.22,1,0.398
205.23,1,0.316
205.24,1,0.275
205.25,1,0.244
205.26,1,0.238
205.27,1,0.233
205.28,1,0.270
205.29,1,0.300
205.30,1,0.321
205.31,1,0.342
205.32,1,0.339
205.33,1,0.354
205.34,1,0.318
205.35,1,0.310
205.36,1,0.313
205.37,1,0.327
205.38,1,0.324
205.39,1,0.353
205.40,1,0.360
205.41,1,0.364
205.42,1,0.374
205.43,1,0.401
205.44,1,0.455
205.45,1,0.491
205.46,1,0.532
205.47,1,0.567
205.48,1,0.598
205.49,1,0.645
205.50,1,0.704
205.51,1,0.754
205.52,1,0.881
205.53,1,0.931
205.54,1,0.838
205.55,1,0.580
205.56,1,0.320
205.57,1,0.274
205.58,1,0.251
205.59,1,0.243
205.60,1,0.253
205.61,1,0.257
205.62,1,0.286
205.63,1,0.305
205.64,1,0.322
205.65,1,0.346
205.66,1,0.358
205.67,1,0.354
205.68,1,0.360
205.69,1,0.372
205.70,1,0.385
205.71,1,0.393
205.72,1,0.418
205.73,1,0.456
205.74,1,0.463
205.75,1,0.476
205.76,1,0.505
205.77,1,0.539
205.78,1,0.576
205.79,1,0.665
205.80,1,0.761
205.81,1,0.965
205.82,1,1.057
205.83,1,1.035
205.84,1,0.960
205.85,1,0.385
205.86,1,0.395
205.87,1,0.355
205.88,1,0.366
205.89,1,0.302
205.90,1,0.278
205.91,1,0.251
205.92,1,0.258
205.93,1,0.230
205.94,1,0.271
205.95,1,0.309
205.96,1,0.336
205.97,1,0.345
205.98,1,0.396
205.99,1,0.437
206.00,1,0.475
206.01,1,0.467
206.02,1,0.436
206.03,1,0.362
206.04,1,0.312
206.05,1,0.291
206.06,1,0.282
206.07,1,0.268
206.08,1,0.276
206.09,1,0.282
206.10,1,0.277
206.11,1,0.325
206.12,1,0.394
206.13,1,0.438
206.14,1,0.483
206.15,1,0.503
206.16,1,0.467
206.17,1,0.446
206.18,1,0.408
206.19,1,0.399
206.20,1,0.394
206.21,1,0.377
206.22,1,0.349
206.23,1,0.334
206.24,1,0.344
206.25,1,0.343
206.26,1,0.329
206.27,1,0.332
206.28,1,0.330
206.29,1,0.302
206.30,1,0.278
206.31,1,0.255
206.32,1,0.248
206.33,1,0.272
206.34,1,0.287
206.35,1,0.327
206.36,1,0.393
206.37,1,0.405
206.38,1,0.327
206.39,1,0.298
206.40,1,0.280
206.41,1,0.276
206.42,1,0.300
206.43,1,0.330
206.44,1,0.338
206.45,1,0.323
206.46,1,0.300
206.47,1,0.271
206.48,1,0.264
206.49,1,0.276
206.50,1,0.299
206.51,1,0.348
206.52,1,0.368
206.53,1,0.357
206.54,1,0.358
206.55,1,0.374
206.56,1,0.388
206.57,1,0.404
206.58,1,0.437
206.59,1,0.475
206.60,1,0.449
206.61,1,0.464
206.62,1,0.471
206.63,1,0.439
206.64,1,0.397
206.65,1,0.347
206.66,1,0.325
206.67,1,0.341
206.68,1,0.382
206.69,1,0.438
206.70,1,0.511
206.71,1,0.525
206.72,1,0.544
206.73,1,0.507
206.74,1,0.484
206.75,1,0.548
206.76,1,0.610
206.77,1,0.643
206.78,1,0.912
206.79,1,1.226
206.80,1,1.265
206.81,1,1.244
206.82,1,1.306
206.83,1,1.399
206.84,1,1.412
206.85,1,1.201
206.86,1,1.150
206.87,1,1.102
206.88,1,1.095
206.89,1,1.158
206.90,1,1.246
206.91,1,1.271
206.92,1,1.305
206.93,1,1.316
206.94,1,1.214
206.95,1,0.985
206.96,1,0.829
206.97,1,0.407
206.98,1,0.152
206.99,1,0.140
207.00,1,0.140
207.01,1,0.147
207.02,1,0.175
207.03,1,0.219
207.04,1,0.294
207.05,1,0.336
207.06,1,0.353
207.07,1,0.343
207.08,1,0.309
207.09,1,0.259
207.10,1,0.223
207.11,1,0.218
207.12,1,0.248
207.13,1,0.256
207.14,1,0.248
207.15,1,0.228
207.16,1,0.180
207.17,1,0.193
207.18,1,0.235
207.19,1,0.288
207.20,1,0.335
207.21,1,0.397
207.22,1,0.357
207.23,1,0.297
207.24,1,0.284
207.25,1,0.247
207.26,1,0.237
207.27,1,0.253
207.28,1,0.268
207.29,1,0.303
207.30,1,0.342
207.31,1,0.411
207.32,1,0.444
207.33,1,0.443
207.34,1,0.394
207.35,1,0.348
207.36,1,0.305
207.37,1,0.312
207.38,1,0.340
207.39,1,0.388
207.40,1,0.463
207.41,1,0.541
207.42,1,0.564
207.43,1,0.622
207.44,1,0.526
207.45,1,0.409
207.46,1,0.317
207.47,1,0.255
207.48,1,0.223
207.49,1,0.226
207.50,1,0.207
207.51,1,0.203
207.52,1,0.196
207.53,1,0.228
207.54,1,0.263
207.55,1,0.327
207.56,1,0.405
207.57,1,0.485
207.58,1,0.538
207.59,1,0.577
207.60,1,0.551
207.61,1,0.518
207.62,1,0.484
207.63,1,0.425
207.64,1,0.368
207.65,1,0.343
207.66,1,0.342
207.67,1,0.352
207.68,1,0.376
207.69,1,0.418
207.70,1,0.475
207.71,1,0.519
207.72,1,0.593
207.73,1,0.634
207.74,1,0.617
207.75,1,0.587
207.76,1,0.459
207.77,1,0.298
207.78,1,0.269
207.79,1,0.285
207.80,1,0.292
207.81,1,0.298
207.82,1,0.328
207.83,1,0.303
207.84,1,0.271
207.85,1,0.265
207.86,1,0.249
207.87,1,0.229
207.88,1,0.229
207.89,1,0.219
207.90,1,0.223
207.91,1,0.247
207.92,1,0.280
207.93,1,0.321
207.94,1,0.325
207.95,1,0.331
207.96,1,0.321
207.97,1,0.299
207.98,1,0.329
207.99,1,0.341
208.00,1,0.377
208.01,1,0.430
208.02,1,0.451
208.03,1,0.461
208.04,1,0.536
208.05,1,0.498
208.06,1,0.464
208.07,1,0.437
208.08,1,0.385
208.09,1,0.343
208.10,1,0.285
208.11,1,0.287
208.12,1,0.299
208.13,1,0.288
208.14,1,0.277
208.15,1,0.298
208.16,1,0.310
208.17,1,0.335
208.18,1,0.361
208.19,1,0.392
208.20,1,0.385
208.21,1,0.380
208.22,1,0.384
208.23,1,0.372
208.24,1,0.402
208.25,1,0.406
208.26,1,0.372
208.27,1,0.354
208.28,1,0.325
208.29,1,0.303
208.30,1,0.312
208.31,1,0.343
208.32,1,0.378
208.33,1,0.396
208.34,1,0.394
208.35,1,0.389
208.36,1,0.379
208.37,1,0.353
208.38,1,0.376
208.39,1,0.380
208.40,1,0.364
208.41,1,0.333
208.42,1,0.321
208.43,1,0.330
208.44,1,0.347
208.45,1,0.362
208.46,1,0.362
208.47,1,0.354
208.48,1,0.311
208.49,1,0.286
208.50,1,0.269
208.51,1,0.292
208.52,1,0.314
208.53,1,0.347
208.54,1,0.390
208.55,1,0.411
208.56,1,0.399
208.57,1,0.385
208.58,1,0.347
208.59,1,0.329
208.60,1,0.329
208.61,1,0.346
208.62,1,0.380
208.63,1,0.427
208.64,1,0.478
208.65,1,0.482
208.66,1,0.632
208.67,1,0.867
208.68,1,0.888
208.69,1,0.821
208.70,1,0.489
208.71,1,0.302
208.72,1,0.228
208.73,1,0.219
208.74,1,0.232
208.75,1,0.232
208.76,1,0.276
208.77,1,0.289
208.78,1,0.321
208.79,1,0.343
208.80,1,0.351
208.81,1,0.359
208.82,1,0.382
208.83,1,0.386
208.84,1,0.424
208.85,1,0.457
208.86,1,0.456
208.87,1,0.427
208.88,1,0.365
208.89,1,0.340
208.90,1,0.314
208.91,1,0.316
208.92,1,0.336
208.93,1,0.375
208.94,1,0.399
208.95,1,0.412
208.96,1,0.431
208.97,1,0.484
208.98,1,0.419
208.99,1,0.323
209.00,1,0.257
209.01,1,0.203
209.02,1,0.199
209.03,1,0.215
209.04,1,0.258
209.05,1,0.301
209.06,1,0.386
209.07,1,0.432
209.08,1,0.411
209.09,1,0.419
209.10,1,0.392
209.11,1,0.362
209.12,1,0.330
209.13,1,0.321
209.14,1,0.278
209.15,1,0.294
209.16,1,0.303
209.17,1,0.320
209.18,1,0.367
209.19,1,0.457
209.20,1,0.495
209.21,1,0.513
209.22,1,0.508
209.23,1,0.458
209.24,1,0.404
209.25,1,0.369
209.26,1,0.355
209.27,1,0.372
209.28,1,0.419
209.29,1,0.459
209.30,1,0.537
209.31,1,0.593
209.32,1,0.619
209.33,1,0.445
209.34,1,0.345
209.35,1,0.283
209.36,1,0.216
209.37,1,0.245
209.38,1,0.285
209.39,1,0.346
209.40,1,0.374
209.41,1,0.377
209.42,1,0.401
209.43,1,0.388
209.44,1,0.373
209.45,1,0.411
209.46,1,0.450
209.47,1,0.462
209.48,1,0.447
209.49,1,0.416
209.50,1,0.360
209.51,1,0.293
209.52,1,0.238
209.53,1,0.224
209.54,1,0.229
209.55,1,0.271
209.56,1,0.340
209.57,1,0.390
209.58,1,0.402
209.59,1,0.395
209.60,1,0.397
209.61,1,0.340
209.62,1,0.350
209.63,1,0.393
209.64,1,0.386
209.65,1,0.339
209.66,1,0.363
209.67,1,0.326
209.68,1,0.313
209.69,1,0.316
209.70,1,0.328
209.71,1,0.329
209.72,1,0.333
209.73,1,0.345
209.74,1,0.328
209.75,1,0.306
209.76,1,0.316
209.77,1,0.342
209.78,1,0.342
209.79,1,0.328
209.80,1,0.305
209.81,1,0.261
209.82,1,0.262
209.83,1,0.273
209.84,1,0.275
209.85,1,0.295
209.86,1,0.299
209.87,1,0.299
209.88,1,0.295
209.89,1,0.316
209.90,1,0.332
209.91,1,0.351
209.92,1,0.361
209.93,1,0.362
209.94,1,0.381
209.95,1,0.392
209.96,1,0.420
209.97,1,0.452
209.98,1,0.492
209.99,1,0.491
210.00,1,0.469
210.01,1,0.415
210.02,1,0.387
210.03,1,0.358
210.04,1,0.320
210.05,1,0.308
210.06,1,0.279
210.07,1,0.269
210.08,1,0.250
210.09,1,0.268
210.10,1,0.321
210.11,1,0.456
210.12,1,0.439
210.13,1,0.311
210.14,1,0.252
210.15,1,0.253
210.16,1,0.297
210.17,1,0.341
210.18,1,0.407
210.19,1,0.454
210.20,1,0.452
210.21,1,0.425
210.22,1,0.403
210.23,1,0.403
210.24,1,0.446
210.25,1,0.512
210.26,1,0.626
210.27,1,0.583
210.28,1,0.547
210.29,1,0.457
210.30,1,0.340
210.31,1,0.325
210.32,1,0.408
210.33,1,0.496
210.34,1,0.549
210.35,1,0.528
210.36,1,0.473
210.37,1,0.410
210.38,1,0.341
210.39,1,0.305
210.40,1,0.321
210.41,1,0.361
210.42,1,0.377
210.43,1,0.422
210.44,1,0.390
210.45,1,0.383
210.46,1,0.399
210.47,1,0.386
210.48,1,0.398
210.49,1,0.426
210.50,1,0.445
210.51,1,0.384
210.52,1,0.391
210.53,1,0.378
210.54,1,0.356
210.55,1,0.408
210.56,1,0.454
210.57,1,0.523
210.58,1,0.564
210.59,1,0.521
210.60,1,0.485
210.61,1,0.489
210.62,1,0.519
210.63,1,0.576
210.64,1,0.647
210.65,1,0.662
210.66,1,0.652
210.67,1,0.608
210.68,1,0.603
210.69,1,0.540
210.70,1,0.455
210.71,1,0.374
210.72,1,0.307
210.73,1,0.304
210.74,1,0.307
210.75,1,0.294
210.76,1,0.284
210.77,1,0.251
210.78,1,0.226
210.79,1,0.151
210.80,1,0.130
210.81,1,0.128
210.82,1,0.121
210.83,1,0.131
210.84,1,0.167
210.85,1,0.186
210.86,1,0.228
210.87,1,0.303
210.88,1,0.367
210.89,1,0.372
210.90,1,0.314
210.91,1,0.247
210.92,1,0.203
210.93,1,0.200
210.94,1,0.189
210.95,1,0.196
210.96,1,0.188
210.97,1,0.220
210.98,1,0.258
210.99,1,0.278
211.00,1,0.262
211.01,1,0.289
211.02,1,0.289
211.03,1,0.236
211.04,1,0.223
211.05,1,0.244
211.06,1,0.219
211.07,1,0.218
211.08,1,0.233
211.09,1,0.277
211.10,1,0.276
211.11,1,0.273
211.12,1,0.294
211.13,1,0.295
211.14,1,0.264
211.15,1,0.280
211.16,1,0.288
211.17,1,0.313
211.18,1,0.307
211.19,1,0.325
211.20,1,0.321
211.21,1,0.284
211.22,1,0.244
211.23,1,0.230
211.24,1,0.211
211.25,1,0.202
211.26,1,0.201
211.27,1,0.219
211.28,1,0.227
211.29,1,0.256
211.30,1,0.278
211.31,1,0.310
211.32,1,0.331
211.33,1,0.336
211.34,1,0.368
211.35,1,0.362
211.36,1,0.370
211.37,1,0.366
211.38,1,0.380
211.39,1,0.415
211.40,1,0.426
211.41,1,0.358
211.42,1,0.292
211.43,1,0.248
211.44,1,0.221
211.45,1,0.261
211.46,1,0.337
211.47,1,0.429
211.48,1,0.459
211.49,1,0.503
211.50,1,0.479
211.51,1,0.486
211.52,1,0.509
211.53,1,0.463
211.54,1,0.344
211.55,1,0.290
211.56,1,0.310
211.57,1,0.367
211.58,1,0.324
211.59,1,0.344
211.60,1,0.326
211.61,1,0.290
211.62,1,0.252
211.63,1,0.250
211.64,1,0.249
211.65,1,0.253
211.66,1,0.312
211.67,1,0.369
211.68,1,0.425
211.69,1,0.469
211.70,1,0.496
211.71,1,0.455
211.72,1,0.423
211.73,1,0.401
211.74,1,0.382
211.75,1,0.382
211.76,1,0.403
211.77,1,0.472
211.78,1,0.524
211.79,1,0.551
211.80,1,0.579
211.81,1,0.571
211.82,1,0.503
211.83,1,0.399
211.84,1,0.366
211.85,1,0.318
211.86,1,0.298
211.87,1,0.285
211.88,1,0.269
211.89,1,0.225
211.90,1,0.243
211.91,1,0.234
211.92,1,0.241
211.93,1,0.239
211.94,1,0.264
211.95,1,0.251
211.96,1,0.231
211.97,1,0.214
211.98,1,0.213
211.99,1,0.203
212.00,1,0.196
212.01,1,0.189
212.02,1,0.170
212.03,1,0.156
212.04,1,0.132
212.05,1,0.139
212.06,1,0.145
212.07,1,0.160
212.08,1,0.175
212.09,1,0.204
212.10,1,0.220
212.11,1,0.242
212.12,1,0.268
212.13,1,0.305
212.14,1,0.325
212.15,1,0.362
212.16,1,0.364
212.17,1,0.375
212.18,1,0.380
212.19,1,0.347
212.20,1,0.248
212.21,1,0.212
212.22,1,0.162
212.23,1,0.164
212.24,1,0.163
212.25,1,0.178
212.26,1,0.180
212.27,1,0.194
212.28,1,0.189
212.29,1,0.184
212.30,1,0.171
212.31,1,0.160
212.32,1,0.145
212.33,1,0.117
212.34,1,0.105
212.35,1,0.100
212.36,1,0.108
212.37,1,0.124
212.38,1,0.147
212.39,1,0.176
212.40,1,0.188
212.41,1,0.205
212.42,1,0.206
212.43,1,0.214
212.44,1,0.237
212.45,1,0.241
212.46,1,0.309
212.47,1,0.296
212.48,1,0.267
212.49,1,0.266
212.50,1,0.228
212.51,1,0.206
212.52,1,0.164
212.53,1,0.184
212.54,1,0.196
212.55,1,0.222
212.56,1,0.231
212.57,1,0.230
212.58,1,0.216
212.59,1,0.210
212.60,1,0.197
212.61,1,0.209
212.62,1,0.231
212.63,1,0.246
212.64,1,0.251
212.65,1,0.250
212.66,1,0.252
212.67,1,0.251
212.68,1,0.240
212.69,1,0.224
212.70,1,0.218
212.71,1,0.201
212.72,1,0.201
212.73,1,0.211
212.74,1,0.224
212.75,1,0.235
212.76,1,0.246
212.77,1,0.248
212.78,1,0.256
212.79,1,0.261
212.80,1,0.282
212.81,1,0.272
212.82,1,0.259
212.83,1,0.292
212.84,1,0.281
212.85,1,0.303
212.86,1,0.292
212.87,1,0.276
212.88,1,0.245
212.89,1,0.233
212.90,1,0.224
212.91,1,0.241
212.92,1,0.246
212.93,1,0.263
212.94,1,0.277
212.95,1,0.248
212.96,1,0.209
212.97,1,0.201
212.98,1,0.180
212.99,1,0.174
213.00,1,0.183
213.01,1,0.191
213.02,1,0.188
213.03,1,0.185
213.04,1,0.178
213.05,1,0.192
213.06,1,0.216
213.07,1,0.281
213.08,1,0.351
213.09,1,0.430
213.10,1,0.563
213.11,1,0.680
213.12,1,0.451
213.13,1,0.316
213.14,1,0.269
213.15,1,0.228
213.16,1,0.210
213.17,1,0.217
213.18,1,0.219
213.19,1,0.217
213.20,1,0.229
213.21,1,0.255
213.22,1,0.261
213.23,1,0.261
213.24,1,0.259
213.25,1,0.250
213.26,1,0.234
213.27,1,0.228
213.28,1,0.227
213.29,1,0.234
213.30,1,0.235
213.31,1,0.246
213.32,1,0.252
213.33,1,0.269
213.34,1,0.279
213.35,1,0.293
213.36,1,0.316
213.37,1,0.393
213.38,1,0.487
213.39,1,0.616
213.40,1,0.780
213.41,1,0.859
213.42,1,0.828
213.43,1,0.738
213.44,1,0.377
213.45,1,0.344
213.46,1,0.263
213.47,1,0.234
213.48,1,0.239
213.49,1,0.240
213.50,1,0.237
213.51,1,0.255
213.52,1,0.254
213.53,1,0.247
213.54,1,0.241
213.55,1,0.240
213.56,1,0.259
213.57,1,0.280
213.58,1,0.304
213.59,1,0.302
213.60,1,0.294
213.61,1,0.273
213.62,1,0.241
213.63,1,0.219
213.64,1,0.205
213.65,1,0.201
213.66,1,0.202
213.67,1,0.199
213.68,1,0.207
213.69,1,0.226
213.70,1,0.222
213.71,1,0.228
213.72,1,0.251
213.73,1,0.264
213.74,1,0.260
213.75,1,0.271
213.76,1,0.287
213.77,1,0.283
213.78,1,0.258
213.79,1,0.276
213.80,1,0.267
213.81,1,0.261
213.82,1,0.267
213.83,1,0.270
213.84,1,0.240
213.85,1,0.256
213.86,1,0.244
213.87,1,0.242
213.88,1,0.232
213.89,1,0.238
213.90,1,0.215
213.91,1,0.222
213.92,1,0.222
213.93,1,0.227
213.94,1,0.228
213.95,1,0.218
213.96,1,0.200
213.97,1,0.184
213.98,1,0.189
213.99,1,0.209
214.00,1,0.219
214.01,1,0.231
214.02,1,0.266
214.03,1,0.303
214.04,1,0.330
214.05,1,0.482
214.06,1,0.920
214.07,1,0.855
214.08,1,0.445
214.09,1,0.273
214.10,1,0.202
214.11,1,0.206
214.12,1,0.215
214.13,1,0.237
214.14,1,0.245
214.15,1,0.248
214.16,1,0.248
214.17,1,0.253
214.18,1,0.232
214.19,1,0.252
214.20,1,0.246
214.21,1,0.218
214.22,1,0.186
214.23,1,0.178
214.24,1,0.170
214.25,1,0.211
214.26,1,0.236
214.27,1,0.237
214.28,1,0.272
214.29,1,0.271
214.30,1,0.237
214.31,1,0.248
214.32,1,0.243
214.33,1,0.235
214.34,1,0.228
214.35,1,0.265
214.36,1,0.285
214.37,1,0.322
214.38,1,0.329
214.39,1,0.294
214.40,1,0.238
214.41,1,0.238
214.42,1,0.213
214.43,1,0.184
214.44,1,0.202
214.45,1,0.216
214.46,1,0.215
214.47,1,0.225
214.48,1,0.239
214.49,1,0.216
214.50,1,0.187
214.51,1,0.189
214.52,1,0.178
214.53,1,0.174
214.54,1,0.176
214.55,1,0.179
214.56,1,0.176
214.57,1,0.204
214.58,1,0.229
214.59,1,0.253
214.60,1,0.247
214.61,1,0.255
214.62,1,0.263
214.63,1,0.268
214.64,1,0.292
214.65,1,0.318
214.66,1,0.290
214.67,1,0.233
214.68,1,0.226
214.69,1,0.219
214.70,1,0.152
214.71,1,0.148
214.72,1,0.142
214.73,1,0.132
214.74,1,0.126
214.75,1,0.148
214.76,1,0.152
214.77,1,0.138
214.78,1,0.153
214.79,1,0.155
214.80,1,0.149
214.81,1,0.152
214.82,1,0.173
214.83,1,0.175
214.84,1,0.192
214.85,1,0.220
214.86,1,0.220
214.87,1,0.197
214.88,1,0.192
214.89,1,0.177
214.90,1,0.176
214.91,1,0.196
214.92,1,0.211
214.93,1,0.222
214.94,1,0.212
214.95,1,0.201
214.96,1,0.198
214.97,1,0.197
214.98,1,0.191
214.99,1,0.203
215.00,1,0.197
215.01,1,0.209
215.02,1,0.216
215.03,1,0.193
215.04,1,0.251
215.05,1,0.256
215.06,1,0.244
215.07,1,0.281
215.08,1,0.283
215.09,1,0.261
215.10,1,0.272
215.11,1,0.259
215.12,1,0.263
215.13,1,0.270
215.14,1,0.290
215.15,1,0.277
215.16,1,0.299
215.17,1,0.311
215.18,1,0.301
215.19,1,0.304
215.20,1,0.308
215.21,1,0.287
215.22,1,0.286
215.23,1,0.263
215.24,1,0.250
215.25,1,0.249
215.26,1,0.244
215.27,1,0.241
215.28,1,0.272
215.29,1,0.275
215.30,1,0.274
215.31,1,0.252
215.32,1,0.253
215.33,1,0.210
215.34,1,0.157
215.35,1,0.150
215.36,1,0.181
215.37,1,0.196
215.38,1,0.191
215.39,1,0.208
215.40,1,0.215
215.41,1,0.212
215.42,1,0.212
215.43,1,0.232
215.44,1,0.226
215.45,1,0.231
215.46,1,0.246
215.47,1,0.234
215.48,1,0.253
215.49,1,0.241
215.50,1,0.227
215.51,1,0.216
215.52,1,0.202
215.53,1,0.174
215.54,1,0.169
215.55,1,0.167
215.56,1,0.167
215.57,1,0.189
215.58,1,0.218
215.59,1,0.230
215.60,1,0.226
215.61,1,0.225
215.62,1,0.248
215.63,1,0.265
215.64,1,0.258
215.65,1,0.279
215.66,1,0.277
215.67,1,0.229
215.68,1,0.196
215.69,1,0.197
215.70,1,0.188
215.71,1,0.187
215.72,1,0.207
215.73,1,0.217
215.74,1,0.216
215.75,1,0.211
215.76,1,0.214
215.77,1,0.229
215.78,1,0.258
215.79,1,0.293
215.80,1,0.334
215.81,1,0.350
215.82,1,0.369
215.83,1,0.386
215.84,1,0.392
215.85,1,0.392
215.86,1,0.393
215.87,1,0.418
215.88,1,0.427
215.89,1,0.427
215.90,1,0.392
215.91,1,0.370
215.92,1,0.351
215.93,1,0.363
215.94,1,0.359
215.95,1,0.347
215.96,1,0.373
215.97,1,0.297
215.98,1,0.262
215.99,1,0.215
216.00,1,0.210
216.01,1,0.198
216.02,1,0.198
216.03,1,0.201
216.04,1,0.212
216.05,1,0.213
216.06,1,0.224
216.07,1,0.227
216.08,1,0.217
216.09,1,0.214
216.10,1,0.210
216.11,1,0.203
216.12,1,0.206
216.13,1,0.213
216.14,1,0.220
216.15,1,0.224
216.16,1,0.245
216.17,1,0.233
216.18,1,0.229
216.19,1,0.222
216.20,1,0.214
216.21,1,0.230
216.22,1,0.244
216.23,1,0.254
216.24,1,0.277
216.25,1,0.295
216.26,1,0.321
216.27,1,0.333
216.28,1,0.320
216.29,1,0.322
216.30,1,0.320
216.31,1,0.304
216.32,1,0.301
216.33,1,0.310
216.34,1,0.294
216.35,1,0.287
216.36,1,0.264
216.37,1,0.262
216.38,1,0.250
216.39,1,0.244
216.40,1,0.272
216.41,1,0.292
216.42,1,0.312
216.43,1,0.329
216.44,1,0.342
216.45,1,0.310
216.46,1,0.276
216.47,1,0.245
216.48,1,0.242
216.49,1,0.231
216.50,1,0.243
216.51,1,0.251
216.52,1,0.255
216.53,1,0.270
216.54,1,0.303
216.55,1,0.328
216.56,1,0.394
216.57,1,0.566
216.58,1,0.717
216.59,1,0.467
216.60,1,0.244
216.61,1,0.240
216.62,1,0.250
216.63,1,0.254
216.64,1,0.246
216.65,1,0.261
216.66,1,0.288
216.67,1,0.283
216.68,1,0.260
216.69,1,0.246
216.70,1,0.224
216.71,1,0.191
216.72,1,0.183
216.73,1,0.191
216.74,1,0.215
216.75,1,0.211
216.76,1,0.206
216.77,1,0.222
216.78,1,0.227
216.79,1,0.232
216.80,1,0.255
216.81,1,0.282
216.82,1,0.270
216.83,1,0.265
216.84,1,0.258
216.85,1,0.256
216.86,1,0.262
216.87,1,0.341
216.88,1,0.429
216.89,1,0.562
216.90,1,0.717
216.91,1,0.739
216.92,1,0.816
216.93,1,0.931
216.94,1,1.043
216.95,1,1.094
216.96,1,1.070
216.97,1,0.988
216.98,1,0.953
216.99,1,0.907
217.00,1,0.903
217.01,1,0.941
217.02,1,0.862
217.03,1,0.781
217.04,1,0.510
217.05,1,0.331
217.06,1,0.236
217.07,1,0.181
217.08,1,0.176
217.09,1,0.185
217.10,1,0.156
217.11,1,0.169
217.12,1,0.175
217.13,1,0.162
217.14,1,0.173
217.15,1,0.180
217.16,1,0.190
217.17,1,0.216
217.18,1,0.219
217.19,1,0.228
217.20,1,0.231
217.21,1,0.223
217.22,1,0.222
217.23,1,0.193
217.24,1,0.191
217.25,1,0.172
217.26,1,0.163
217.27,1,0.176
217.28,1,0.208
217.29,1,0.239
217.30,1,0.270
217.31,1,0.317
217.32,1,0.324
217.33,1,0.264
217.34,1,0.229
217.35,1,0.204
217.36,1,0.176
217.37,1,0.153
217.38,1,0.149
217.39,1,0.155
217.40,1,0.161
217.41,1,0.176
217.42,1,0.225
217.43,1,0.267
217.44,1,0.291
217.45,1,0.279
217.46,1,0.257
217.47,1,0.224
217.48,1,0.219
217.49,1,0.210
217.50,1,0.238
217.51,1,0.255
217.52,1,0.261
217.53,1,0.266
217.54,1,0.266
217.55,1,0.275
217.56,1,0.253
217.57,1,0.239
217.58,1,0.222
217.59,1,0.196
217.60,1,0.184
217.61,1,0.193
217.62,1,0.205
217.63,1,0.223
217.64,1,0.229
217.65,1,0.239
217.66,1,0.251
217.67,1,0.258
217.68,1,0.274
217.69,1,0.286
217.70,1,0.298
217.71,1,0.283
217.72,1,0.261
217.73,1,0.233
217.74,1,0.205
217.75,1,0.187
217.76,1,0.179
217.77,1,0.228
217.78,1,0.353
217.79,1,0.558
217.80,1,0.520
217.81,1,0.467
217.82,1,0.424
217.83,1,0.385
217.84,1,0.325
217.85,1,0.288
217.86,1,0.259
217.87,1,0.246
217.88,1,0.211
217.89,1,0.194
217.90,1,0.181
217.91,1,0.179
217.92,1,0.166
217.93,1,0.189
217.94,1,0.172
217.95,1,0.177
217.96,1,0.182
217.97,1,0.205
217.98,1,0.197
217.99,1,0.216
218.00,1,0.201
218.01,1,0.220
218.02,1,0.201
218.03,1,0.221
218.04,1,0.226
218.05,1,0.233
218.06,1,0.225
218.07,1,0.218
218.08,1,0.218
218.09,1,0.223
218.10,1,0.209
218.11,1,0.204
218.12,1,0.186
218.13,1,0.165
218.14,1,0.177
218.15,1,0.211
218.16,1,0.245
218.17,1,0.280
218.18,1,0.308
218.19,1,0.267
218.20,1,0.259
218.21,1,0.262
218.22,1,0.255
218.23,1,0.273
218.24,1,0.271
218.25,1,0.249
218.26,1,0.242
218.27,1,0.252
218.28,1,0.258
218.29,1,0.264
218.30,1,0.265
218.31,1,0.283
218.32,1,0.294
218.33,1,0.275
218.34,1,0.310
218.35,1,0.348
218.36,1,0.341
218.37,1,0.338
218.38,1,0.329
218.39,1,0.315
218.40,1,0.286
218.41,1,0.285
218.42,1,0.291
218.43,1,0.275
218.44,1,0.272
218.45,1,0.250
218.46,1,0.238
218.47,1,0.223
218.48,1,0.227
218.49,1,0.261
218.50,1,0.280
218.51,1,0.326
218.52,1,0.307
218.53,1,0.303
218.54,1,0.295
218.55,1,0.261
218.56,1,0.228
218.57,1,0.223
218.58,1,0.240
218.59,1,0.243
218.60,1,0.258
218.61,1,0.264
218.62,1,0.275
218.63,1,0.267
218.64,1,0.268
218.65,1,0.273
218.66,1,0.290
218.67,1,0.307
218.68,1,0.307
218.69,1,0.311
218.70,1,0.273
218.71,1,0.242
218.72,1,0.234
218.73,1,0.270
218.74,1,0.306
218.75,1,0.429
218.76,1,0.626
218.77,1,0.876
218.78,1,0.952
218.79,1,0.890
218.80,1,0.444
218.81,1,0.334
218.82,1,0.277
218.83,1,0.209
218.84,1,0.193
218.85,1,0.192
218.86,1,0.186
218.87,1,0.181
218.88,1,0.204
218.89,1,0.213
218.90,1,0.211
218.91,1,0.205
218.92,1,0.203
218.93,1,0.194
218.94,1,0.185
218.95,1,0.189
218.96,1,0.203
218.97,1,0.226
218.98,1,0.251
218.99,1,0.283
219.00,1,0.319
219.01,1,0.337
219.02,1,0.331
219.03,1,0.318
219.04,1,0.295
219.05,1,0.288
219.06,1,0.279
219.07,1,0.283
219.08,1,0.261
219.09,1,0.251
219.10,1,0.211
219.11,1,0.211
219.12,1,0.208
219.13,1,0.197
219.14,1,0.202
219.15,1,0.198
219.16,1,0.185
219.17,1,0.204
219.18,1,0.233
219.19,1,0.259
219.20,1,0.264
219.21,1,0.273
219.22,1,0.275
219.23,1,0.250
219.24,1,0.254
219.25,1,0.281
219.26,1,0.312
219.27,1,0.309
219.28,1,0.295
219.29,1,0.287
219.30,1,0.254
219.31,1,0.244
219.32,1,0.256
219.33,1,0.277
219.34,1,0.298
219.35,1,0.317
219.36,1,0.329
219.37,1,0.318
219.38,1,0.311
219.39,1,0.308
219.40,1,0.309
219.41,1,0.320
219.42,1,0.310
219.43,1,0.296
219.44,1,0.301
219.45,1,0.278
219.46,1,0.260
219.47,1,0.279
219.48,1,0.262
219.49,1,0.252
219.50,1,0.262
219.51,1,0.290
219.52,1,0.295
219.53,1,0.326
219.54,1,0.324
219.55,1,0.300
219.56,1,0.265
219.57,1,0.249
219.58,1,0.252
219.59,1,0.258
219.60,1,0.260
219.61,1,0.278
219.62,1,0.277
219.63,1,0.275
219.64,1,0.282
219.65,1,0.263
219.66,1,0.265
219.67,1,0.277
219.68,1,0.301
219.69,1,0.303
219.70,1,0.352
219.71,1,0.351
219.72,1,0.315
219.73,1,0.292
219.74,1,0.274
219.75,1,0.281
219.76,1,0.291
219.77,1,0.290
219.78,1,0.264
219.79,1,0.242
219.80,1,0.238
219.81,1,0.232
219.82,1,0.224
219.83,1,0.243
219.84,1,0.251
219.85,1,0.253
219.86,1,0.286
219.87,1,0.285
219.88,1,0.260
219.89,1,0.233
219.90,1,0.251
219.91,1,0.299
219.92,1,0.350
219.93,1,0.365
219.94,1,0.383
219.95,1,0.362
219.96,1,0.316
219.97,1,0.294
219.98,1,0.290
219.99,1,0.294
220.00,1,0.321
220.01,1,0.333
220.02,1,0.361
220.03,1,0.371
220.04,1,0.371
220.05,1,0.342
220.06,1,0.332
220.07,1,0.317
220.08,1,0.291
220.09,1,0.283
220.10,1,0.292
220.11,1,0.299
220.12,1,0.324
220.13,1,0.353
220.14,1,0.371
220.15,1,0.411
220.16,1,0.447
220.17,1,0.429
220.18,1,0.506
220.19,1,0.615
220.20,1,0.597
220.21,1,0.583
220.22,1,0.379
220.23,1,0.220
220.24,1,0.204
220.25,1,0.224
220.26,1,0.240
220.27,1,0.230
220.28,1,0.240
220.29,1,0.237
220.30,1,0.241
220.31,1,0.238
220.32,1,0.251
220.33,1,0.269
220.34,1,0.302
220.35,1,0.340
220.36,1,0.345
220.37,1,0.349
220.38,1,0.345
220.39,1,0.325
220.40,1,0.315
220.41,1,0.255
220.42,1,0.263
220.43,1,0.250
220.44,1,0.246
220.45,1,0.241
220.46,1,0.257
220.47,1,0.244
220.48,1,0.263
220.49,1,0.290
220.50,1,0.291
220.51,1,0.290
220.52,1,0.292
220.53,1,0.286
220.54,1,0.259
220.55,1,0.249
220.56,1,0.258
220.57,1,0.268
220.58,1,0.286
220.59,1,0.345
220.60,1,0.383
220.61,1,0.381
220.62,1,0.374
220.63,1,0.356
220.64,1,0.343
220.65,1,0.322
220.66,1,0.399
220.67,1,0.496
220.68,1,0.736
220.69,1,1.019
220.70,1,1.060
220.71,1,0.987
220.72,1,0.962
220.73,1,0.855
220.74,1,0.705
220.75,1,0.678
220.76,1,0.619
220.77,1,0.582
220.78,1,0.583
220.79,1,0.599
220.80,1,0.624
220.81,1,0.632
220.82,1,0.580
220.83,1,0.426
220.84,1,0.303
220.85,1,0.113
220.86,1,0.111
220.87,1,0.112
220.88,1,0.118
220.89,1,0.140
220.90,1,0.177
220.91,1,0.202
220.92,1,0.231
220.93,1,0.245
220.94,1,0.280
220.95,1,0.287
220.96,1,0.281
220.97,1,0.269
220.98,1,0.266
220.99,1,0.286
221.00,1,0.280
221.01,1,0.199
221.02,1,0.177
221.03,1,0.162
221.04,1,0.163
221.05,1,0.176
221.06,1,0.191
221.07,1,0.201
221.08,1,0.200
221.09,1,0.204
221.10,1,0.219
221.11,1,0.255
221.12,1,0.281
221.13,1,0.299
221.14,1,0.293
221.15,1,0.282
221.16,1,0.240
221.17,1,0.212
221.18,1,0.214
221.19,1,0.231
221.20,1,0.271
221.21,1,0.291
221.22,1,0.300
221.23,1,0.303
221.24,1,0.289
221.25,1,0.263
221.26,1,0.293
221.27,1,0.300
221.28,1,0.316
221.29,1,0.346
221.30,1,0.372
221.31,1,0.372
221.32,1,0.369
221.33,1,0.387
221.34,1,0.381
221.35,1,0.319
221.36,1,0.253
221.37,1,0.201
221.38,1,0.180
221.39,1,0.179
221.40,1,0.190
221.41,1,0.215
221.42,1,0.237
221.43,1,0.267
221.44,1,0.303
221.45,1,0.311
221.46,1,0.319
221.47,1,0.296
221.48,1,0.278
221.49,1,0.243
221.50,1,0.228
221.51,1,0.203
221.52,1,0.201
221.53,1,0.191
221.54,1,0.186
221.55,1,0.190
221.56,1,0.189
221.57,1,0.176
221.58,1,0.190
221.59,1,0.198
221.60,1,0.219
221.61,1,0.226
221.62,1,0.215
221.63,1,0.173
221.64,1,0.165
221.65,1,0.177
221.66,1,0.221
221.67,1,0.247
221.68,1,0.268
221.69,1,0.299
221.70,1,0.268
221.71,1,0.257
221.72,1,0.272
221.73,1,0.238
221.74,1,0.265
221.75,1,0.239
221.76,1,0.228
221.77,1,0.198
221.78,1,0.186
221.79,1,0.189
221.80,1,0.184
221.81,1,0.213
221.82,1,0.218
221.83,1,0.256
221.84,1,0.253
221.85,1,0.239
221.86,1,0.213
221.87,1,0.194
221.88,1,0.200
221.89,1,0.214
221.90,1,0.216
221.91,1,0.241
221.92,1,0.257
221.93,1,0.244
221.94,1,0.236
221.95,1,0.237
221.96,1,0.207
221.97,1,0.200
221.98,1,0.187
221.99,1,0.182
222.00,1,0.192
222.01,1,0.204
222.02,1,0.219
222.03,1,0.237
222.04,1,0.245
222.05,1,0.263
222.06,1,0.274
222.07,1,0.268
222.08,1,0.243
222.09,1,0.230
222.10,1,0.206
222.11,1,0.201
222.12,1,0.193
222.13,1,0.189
222.14,1,0.197
222.15,1,0.218
222.16,1,0.234
222.17,1,0.253
222.18,1,0.272
222.19,1,0.292
222.20,1,0.271
222.21,1,0.273
222.22,1,0.277
222.23,1,0.285
222.24,1,0.279
222.25,1,0.266
222.26,1,0.248
222.27,1,0.250
222.28,1,0.223
222.29,1,0.223
222.30,1,0.212
222.31,1,0.202
222.32,1,0.187
222.33,1,0.185
222.34,1,0.196
222.35,1,0.192
222.36,1,0.209
222.37,1,0.224
222.38,1,0.206
222.39,1,0.195
222.40,1,0.198
222.41,1,0.168
222.42,1,0.153
222.43,1,0.169
222.44,1,0.188
222.45,1,0.192
222.46,1,0.227
222.47,1,0.240
222.48,1,0.217
222.49,1,0.232
222.50,1,0.214
222.51,1,0.207
222.52,1,0.214
222.53,1,0.240
222.54,1,0.271
222.55,1,0.307
222.56,1,0.344
222.57,1,0.379
222.58,1,0.364
222.59,1,0.339
222.60,1,0.304
222.61,1,0.274
222.62,1,0.280
222.63,1,0.273
222.64,1,0.292
222.65,1,0.277
222.66,1,0.264
222.67,1,0.229
222.68,1,0.196
222.69,1,0.207
222.70,1,0.222
222.71,1,0.221
222.72,1,0.237
222.73,1,0.256
222.74,1,0.243
222.75,1,0.264
222.76,1,0.296
222.77,1,0.238
222.78,1,0.205
222.79,1,0.176
222.80,1,0.151
222.81,1,0.141
222.82,1,0.141
222.83,1,0.137
222.84,1,0.149
222.85,1,0.171
222.86,1,0.162
222.87,1,0.159
222.88,1,0.157
222.89,1,0.157
222.90,1,0.148
222.91,1,0.140
222.92,1,0.141
222.93,1,0.139
222.94,1,0.147
222.95,1,0.158
222.96,1,0.177
222.97,1,0.181
222.98,1,0.183
222.99,1,0.188
223.00,1,0.188
223.01,1,0.212
223.02,1,0.228
223.03,1,0.269
223.04,1,0.279
223.05,1,0.311
223.06,1,0.325
223.07,1,0.316
223.08,1,0.299
223.09,1,0.287
223.10,1,0.286
223.11,1,0.273
223.12,1,0.299
223.13,1,0.306
223.14,1,0.279
223.15,1,0.299
223.16,1,0.282
223.17,1,0.291
223.18,1,0.296
223.19,1,0.294
223.20,1,0.287
223.21,1,0.262
223.22,1,0.258
223.23,1,0.263
223.24,1,0.261
223.25,1,0.204
223.26,1,0.193
223.27,1,0.200
223.28,1,0.205
223.29,1,0.196
223.30,1,0.206
223.31,1,0.221
223.32,1,0.210
223.33,1,0.201
223.34,1,0.224
223.35,1,0.231
223.36,1,0.204
223.37,1,0.211
223.38,1,0.197
223.39,1,0.187
223.40,1,0.194
223.41,1,0.223
223.42,1,0.237
223.43,1,0.238
223.44,1,0.218
223.45,1,0.210
223.46,1,0.182
223.47,1,0.174
223.48,1,0.178
223.49,1,0.181
223.50,1,0.186
223.51,1,0.196
223.52,1,0.204
223.53,1,0.231
223.54,1,0.240
223.55,1,0.279
223.56,1,0.316
223.57,1,0.312
223.58,1,0.297
223.59,1,0.280
223.60,1,0.241
223.61,1,0.219
223.62,1,0.227
223.63,1,0.226
223.64,1,0.244
223.65,1,0.266
223.66,1,0.280
223.67,1,0.289
223.68,1,0.287
223.69,1,0.264
223.70,1,0.251
223.71,1,0.256
223.72,1,0.251
223.73,1,0.254
223.74,1,0.248
223.75,1,0.230
223.76,1,0.237
223.77,1,0.257
223.78,1,0.279
223.79,1,0.301
223.80,1,0.297
223.81,1,0.271
223.82,1,0.231
223.83,1,0.205
223.84,1,0.194
223.85,1,0.176
223.86,1,0.172
223.87,1,0.177
223.88,1,0.186
223.89,1,0.203
223.90,1,0.230
223.91,1,0.255
223.92,1,0.258
223.93,1,0.250
223.94,1,0.242
223.95,1,0.225
223.96,1,0.218
223.97,1,0.224
223.98,1,0.227
223.99,1,0.236
224.00,1,0.260
224.01,1,0.294
224.02,1,0.329
224.03,1,0.344
224.04,1,0.340
224.05,1,0.329
224.06,1,0.312
224.07,1,0.303
224.08,1,0.311
224.09,1,0.333
224.10,1,0.324
224.11,1,0.308
224.12,1,0.287
224.13,1,0.263
224.14,1,0.245
224.15,1,0.247
224.16,1,0.249
224.17,1,0.253
224.18,1,0.256
224.19,1,0.272
224.20,1,0.309
224.21,1,0.356
224.22,1,0.404
224.23,1,0.416
224.24,1,0.395
224.25,1,0.368
224.26,1,0.337
224.27,1,0.307
224.28,1,0.282
224.29,1,0.280
224.30,1,0.288
224.31,1,0.306
224.32,1,0.340
224.33,1,0.357
224.34,1,0.365
224.35,1,0.382
224.36,1,0.366
224.37,1,0.344
224.38,1,0.326
224.39,1,0.311
224.40,1,0.291
224.41,1,0.275
224.42,1,0.248
224.43,1,0.222
224.44,1,0.209
224.45,1,0.194
224.46,1,0.185
224.47,1,0.194
224.48,1,0.221
224.49,1,0.253
224.50,1,0.287
224.51,1,0.318
224.52,1,0.331
224.53,1,0.307
224.54,1,0.265
224.55,1,0.236
224.56,1,0.213
224.57,1,0.204
224.58,1,0.218
224.59,1,0.227
224.60,1,0.229
224.61,1,0.249
224.62,1,0.269
224.63,1,0.288
224.64,1,0.307
224.65,1,0.314
224.66,1,0.306
224.67,1,0.270
224.68,1,0.254
224.69,1,0.239
224.70,1,0.246
224.71,1,0.266
224.72,1,0.265
224.73,1,0.252
224.74,1,0.240
224.75,1,0.215
224.76,1,0.199
224.77,1,0.225
224.78,1,0.238
224.79,1,0.232
224.80,1,0.242
224.81,1,0.237
224.82,1,0.240
224.83,1,0.258
224.84,1,0.307
224.85,1,0.409
224.86,1,0.505
224.87,1,0.567
224.88,1,0.545
224.89,1,0.597
224.90,1,0.670
224.91,1,0.730
224.92,1,0.828
224.93,1,0.774
224.94,1,0.859
224.95,1,0.872
224.96,1,0.825
224.97,1,0.811
224.98,1,0.925
224.99,1,0.936
225.00,1,0.975
225.01,1,1.034
225.02,1,0.995
225.03,1,0.941
225.04,1,0.870
225.05,1,0.869
225.06,0,
225.07,0,
225.08,0,
225.09,0,
225.10,0,
225.11,0,
225.12,0,
225.13,0,
225.14,0,
225.15,0,
225.16,0,
225.17,0,
225.18,0,
225.19,0,
225.20,0,
225.21,0,
225.22,0,
225.23,0,
225.24,0,
225.25,0,
225.26,0,
225.27,0,
225.28,0,
225.29,0,
225.30,0,
225.31,0,
225.32,0,
225.33,0,
225.34,0,
225.35,0,
225.36,0,
225.37,0,
225.38,0,
225.39,0,
225.40,0,
225.41,0,
225.42,0,
225.43,0,
225.44,0,
225.45,0,
225.46,0,
225.47,0,
225.48,0,
225.49,0,
225.50,0,
225.51,0,
225.52,0,
225.53,0,
225.54,0,
225.55,0,
225.56,0,
225.57,0,
225.58,0,
225.59,0,
225.60,0,
225.61,0,
225.62,0,
225.63,0,
225.64,0,
225.65,0,
225.66,0,
225.67,0,
225.68,0,
225.69,0,
225.70,0,
225.71,0,
225.72,0,
225.73,0,
225.74,0,
225.75,0,
225.76,0,
225.77,0,
225.78,0,
225.79,0,
225.80,0,
225.81,0,
225.82,0,
225.83,0,
225.84,0,
225.85,0,
225.86,0,
225.87,0,
225.88,0,
225.89,0,
225.90,0,
225.91,0,
225.92,0,
225.93,0,
225.94,0,
225.95,0,
225.96,0,
225.97,0,
225.98,0,
225.99,0,
226.00,0,
226.01,0,
226.02,1,0.363
226.03,1,0.185
226.04,1,0.118
226.05,1,0.056
226.06,1,0.044
226.07,1,0.041
226.08,1,0.047
226.09,1,0.055
226.10,1,0.057
226.11,1,0.063
226.12,1,0.074
226.13,1,0.078
226.14,1,0.085
226.15,1,0.137
226.16,1,0.218
226.17,1,0.296
226.18,1,0.382
226.19,1,0.445
226.20,1,0.459
226.21,1,0.481
226.22,1,0.395
226.23,1,0.386
226.24,1,0.352
226.25,1,0.314
226.26,1,0.258
226.27,1,0.232
226.28,1,0.185
226.29,1,0.165
226.30,1,0.145
226.31,1,0.133
226.32,1,0.124
226.33,1,0.182
226.34,1,0.232
226.35,1,0.278
226.36,1,0.310
226.37,1,0.317
226.38,1,0.312
226.39,1,0.304
226.40,1,0.270
226.41,1,0.246
226.42,1,0.257
226.43,1,0.265
226.44,1,0.281
226.45,1,0.286
226.46,1,0.312
226.47,1,0.331
226.48,1,0.376
226.49,1,0.432
226.50,1,0.468
226.51,1,0.484
226.52,1,0.491
226.53,1,0.477
226.54,1,0.453
226.55,1,0.443
226.56,1,0.409
226.57,1,0.368
226.58,1,0.361
226.59,1,0.375
226.60,1,0.415
226.61,1,0.410
226.62,1,0.423
226.63,1,0.450
226.64,1,0.407
226.65,1,0.366
226.66,1,0.359
226.67,1,0.319
226.68,1,0.249
226.69,1,0.243
226.70,1,0.258
226.71,1,0.263
226.72,1,0.291
226.73,1,0.352
226.74,1,0.388
226.75,1,0.368
226.76,1,0.356
226.77,1,0.316
226.78,1,0.313
226.79,1,0.377
226.80,1,0.447
226.81,1,0.513
226.82,1,0.488
226.83,1,0.454
226.84,1,0.381
226.85,1,0.322
226.86,1,0.286
226.87,1,0.268
226.88,1,0.269
226.89,1,0.257
226.90,1,0.257
226.91,1,0.277
226.92,1,0.259
226.93,1,0.270
226.94,1,0.324
226.95,1,0.353
226.96,1,0.337
226.97,1,0.351
226.98,1,0.349
226.99,1,0.329
227.00,1,0.289
227.01,1,0.271
227.02,1,0.243
227.03,1,0.247
227.04,1,0.230
227.05,1,0.248
227.06,1,0.268
227.07,1,0.282
227.08,1,0.288
227.09,1,0.267
227.10,1,0.278
227.11,1,0.258
227.12,1,0.285
227.13,1,0.336
227.14,1,0.375
227.15,1,0.430
227.16,1,0.421
227.17,1,0.439
227.18,1,0.405
227.19,1,0.369
227.20,1,0.348
227.21,1,0.334
227.22,1,0.305
227.23,1,0.332
227.24,1,0.313
227.25,1,0.326
227.26,1,0.350
227.27,1,0.346
227.28,1,0.378
227.29,1,0.387
227.30,1,0.423
227.31,1,0.417
227.32,1,0.415
227.33,1,0.360
227.34,1,0.358
227.35,1,0.334
227.36,1,0.323
227.37,1,0.289
227.38,1,0.282
227.39,1,0.242
227.40,1,0.239
227.41,1,0.223
227.42,1,0.233
227.43,1,0.261
227.44,1,0.291
227.45,1,0.288
227.46,1,0.312
227.47,1,0.355
227.48,1,0.359
227.49,1,0.396
227.50,1,0.402
227.51,1,0.395
227.52,1,0.365
227.53,1,0.338
227.54,1,0.287
227.55,1,0.248
227.56,1,0.220
227.57,1,0.234
227.58,1,0.218
227.59,1,0.221
227.60,1,0.255
227.61,1,0.312
227.62,1,0.327
227.63,1,0.376
227.64,1,0.418
227.65,1,0.436
227.66,1,0.435
227.67,1,0.419
227.68,1,0.432
227.69,1,0.490
227.70,1,0.533
227.71,1,0.552
227.72,1,0.560
227.73,1,0.549
227.74,1,0.530
227.75,1,0.495
227.76,1,0.453
227.77,1,0.414
227.78,1,0.359
227.79,1,0.302
227.80,1,0.287
227.81,1,0.281
227.82,1,0.293
227.83,1,0.336
227.84,1,0.383
227.85,1,0.435
227.86,1,0.475
227.87,1,0.503
227.88,1,0.515
227.89,1,0.521
227.90,1,0.522
227.91,1,0.530
227.92,1,0.539
227.93,1,0.540
227.94,1,0.521
227.95,1,0.503
227.96,1,0.478
227.97,1,0.461
227.98,1,0.469
227.99,1,0.474
228.00,1,0.470
228.01,1,0.462
228.02,1,0.424
228.03,1,0.389
228.04,1,0.369
228.05,1,0.374
228.06,1,0.380
228.07,1,0.384
228.08,1,0.375
228.09,1,0.348
228.10,1,0.321
228.11,1,0.301
228.12,1,0.301
228.13,1,0.310
228.14,1,0.318
228.15,1,0.324
228.16,1,0.331
228.17,1,0.331
228.18,1,0.340
228.19,1,0.377
228.20,1,0.410
228.21,1,0.438
228.22,1,0.468
228.23,1,0.488
228.24,1,0.521
228.25,1,0.538
228.26,1,0.515
228.27,1,0.489
228.28,1,0.471
228.29,1,0.461
228.30,1,0.451
228.31,1,0.443
228.32,1,0.425
228.33,1,0.402
228.34,1,0.373
228.35,1,0.371
228.36,1,0.362
228.37,1,0.337
228.38,1,0.330
228.39,1,0.321
228.40,1,0.322
228.41,1,0.317
228.42,1,0.317
228.43,1,0.311
228.44,1,0.300
228.45,1,0.262
228.46,1,0.248
228.47,1,0.252
228.48,1,0.267
228.49,1,0.277
228.50,1,0.289
228.51,1,0.285
228.52,1,0.266
228.53,1,0.259
228.54,1,0.276
228.55,1,0.309
228.56,1,0.345
228.57,1,0.371
228.58,1,0.393
228.59,1,0.399
228.60,1,0.398
228.61,1,0.412
228.62,1,0.424
228.63,1,0.414
228.64,1,0.388
228.65,1,0.378
228.66,1,0.383
228.67,1,0.381
228.68,1,0.373
228.69,1,0.355
228.70,1,0.330
228.71,1,0.310
228.72,1,0.304
228.73,1,0.321
228.74,1,0.348
228.75,1,0.341
228.76,1,0.337
228.77,1,0.341
228.78,1,0.359
228.79,1,0.391
228.80,1,0.430
228.81,1,0.459
228.82,1,0.459
228.83,1,0.411
228.84,1,0.346
228.85,1,0.283
228.86,1,0.256
228.87,1,0.273
228.88,1,0.307
228.89,1,0.340
228.90,1,0.375
228.91,1,0.390
228.92,1,0.384
228.93,1,0.361
228.94,1,0.335
228.95,1,0.353
228.96,1,0.359
228.97,1,0.352
228.98,1,0.359
228.99,1,0.334
229.00,1,0.311
229.01,1,0.295
229.02,1,0.264
229.03,1,0.269
229.04,1,0.297
229.05,1,0.302
229.06,1,0.327
229.07,1,0.326
229.08,1,0.293
229.09,1,0.273
229.10,1,0.242
229.11,1,0.217
229.12,1,0.230
229.13,1,0.244
229.14,1,0.257
229.15,1,0.277
229.16,1,0.287
229.17,1,0.324
229.18,1,0.378
229.19,1,0.405
229.20,1,0.403
229.21,1,0.386
229.22,1,0.347
229.23,1,0.305
229.24,1,0.289
229.25,1,0.296
229.26,1,0.345
229.27,1,0.436
229.28,1,0.517
229.29,1,0.552
229.30,1,0.557
229.31,1,0.516
229.32,1,0.460
229.33,1,0.419
229.34,1,0.383
229.35,1,0.346
229.36,1,0.325
229.37,1,0.311
229.38,1,0.317
229.39,1,0.306
229.40,1,0.281
229.41,1,0.280
229.42,1,0.290
229.43,1,0.282
229.44,1,0.310
229.45,1,0.363
229.46,1,0.373
229.47,1,0.412
229.48,1,0.423
229.49,1,0.399
229.50,1,0.378
229.51,1,0.371
229.52,1,0.334
229.53,1,0.300
229.54,1,0.271
229.55,1,0.268
229.56,1,0.252
229.57,1,0.258
229.58,1,0.290
229.59,1,0.347
229.60,1,0.334
229.61,1,0.321
229.62,1,0.315
229.63,1,0.290
229.64,1,0.241
229.65,1,0.244
229.66,1,0.250
229.67,1,0.245
229.68,1,0.254
229.69,1,0.255
229.70,1,0.253
229.71,1,0.234
229.72,1,0.245
229.73,1,0.256
229.74,1,0.256
229.75,1,0.260
229.76,1,0.324
229.77,1,0.364
229.78,1,0.418
229.79,1,0.447
229.80,1,0.435
229.81,1,0.392
229.82,1,0.364
229.83,1,0.361
229.84,1,0.441
229.85,1,0.576
229.86,1,0.678
229.87,1,0.881
229.88,1,1.069
229.89,1,1.292
229.90,1,1.302
229.91,1,0.997
229.92,1,0.990
229.93,1,0.967
229.94,1,1.108
229.95,1,1.187
229.96,1,1.433
229.97,1,1.322
229.98,1,1.339
229.99,1,1.212
230.00,1,1.170
230.01,1,1.107
230.02,1,0.972
230.03,1,0.912
230.04,1,0.788
230.05,1,0.678
230.06,1,0.562
230.07,1,0.488
230.08,1,0.505
230.09,1,0.443
230.10,1,0.420
230.11,1,0.424
230.12,1,0.394
230.13,1,0.411
230.14,1,0.426
230.15,1,0.465
230.16,1,0.449
230.17,1,0.484
230.18,1,0.497
230.19,1,0.588
230.20,1,0.733
230.21,1,0.970
230.22,1,0.905
230.23,1,0.715
230.24,1,0.618
230.25,1,0.495
230.26,1,0.396
230.27,1,0.334
230.28,1,0.370
230.29,1,0.403
230.30,1,0.478
230.31,1,0.518
230.32,1,0.569
230.33,1,0.543
230.34,1,0.511
230.35,1,0.432
230.36,1,0.455
230.37,1,0.446
230.38,1,0.516
230.39,1,0.511
230.40,1,0.502
230.41,1,0.533
230.42,1,0.561
230.43,1,0.513
230.44,0,
230.45,0,
230.46,0,
230.47,0,
230.48,0,
230.49,0,
230.50,0,
230.51,0,
230.52,0,
230.53,0,
230.54,0,
230.55,0,
230.56,0,
230.57,0,
230.58,0,
230.59,0,
230.60,0,
230.61,0,
230.62,0,
230.63,0,
230.64,0,
230.65,0,
230.66,0,
230.67,0,
230.68,0,
230.69,0,
230.70,0,
230.71,0,
230.72,0,
230.73,0,
230.74,0,
230.75,0,
230.76,0,
230.77,0,
230.78,0,
230.79,0,
230.80,0,
230.81,0,
230.82,0,
230.83,0,
230.84,0,
230.85,0,
230.86,0,
230.87,0,
230.88,0,
230.89,0,
230.90,0,
230.91,0,
230.92,0,
230.93,0,
230.94,0,
230.95,0,
230.96,0,
230.97,0,
230.98,0,
230.99,0,
231.00,0,
231.01,0,
231.02,0,
231.03,0,
231.04,0,
231.05,0,
231.06,0,
231.07,0,
231.08,0,
231.09,0,
231.10,0,
231.11,0,
231.12,0,
231.13,0,
231.14,0,
231.15,0,
231.16,0,
231.17,0,
231.18,0,
231.19,0,
231.20,0,
231.21,0,
231.22,0,
231.23,0,
231.24,0,
231.25,0,
231.26,0,
231.27,0,
231.28,0,
231.29,0,
231.30,0,
231.31,0,
231.32,0,
231.33,0,
231.34,0,
231.35,0,
231.36,0,
231.37,0,
231.38,0,
231.39,0,
231.40,0,
231.41,0,
231.42,0,
231.43,0,
231.44,0,
231.45,1,0.242
231.46,1,0.106
231.47,1,0.096
231.48,1,0.088
231.49,1,0.081
231.50,1,0.095
231.51,1,0.100
231.52,1,0.108
231.53,1,0.134
231.54,1,0.156
231.55,1,0.177
231.56,1,0.194
231.57,1,0.198
231.58,1,0.188
231.59,1,0.172
231.60,1,0.164
231.61,1,0.156
231.62,1,0.176
231.63,1,0.214
231.64,1,0.234
231.65,1,0.264
231.66,1,0.302
231.67,1,0.337
231.68,1,0.350
231.69,1,0.381
231.70,1,0.364
231.71,1,0.333
231.72,1,0.310
231.73,1,0.282
231.74,1,0.282
231.75,1,0.337
231.76,1,0.374
231.77,1,0.355
231.78,1,0.292
231.79,1,0.202
231.80,1,0.153
231.81,1,0.142
231.82,1,0.162
231.83,1,0.180
231.84,1,0.208
231.85,1,0.226
231.86,1,0.220
231.87,1,0.230
231.88,1,0.265
231.89,1,0.292
231.90,1,0.319
231.91,1,0.351
231.92,1,0.355
231.93,1,0.300
231.94,1,0.274
231.95,1,0.266
231.96,1,0.268
231.97,1,0.312
231.98,1,0.363
231.99,1,0.417
232.00,1,0.475
232.01,1,0.531
232.02,1,0.562
232.03,1,0.515
232.04,1,0.457
232.05,1,0.414
232.06,1,0.381
232.07,1,0.378
232.08,1,0.425
232.09,1,0.421
232.10,1,0.390
232.11,1,0.373
232.12,1,0.373
232.13,1,0.305
232.14,1,0.343
232.15,1,0.357
232.16,1,0.340
232.17,1,0.318
232.18,1,0.336
232.19,1,0.333
232.20,1,0.364
232.21,1,0.421
232.22,1,0.463
232.23,1,0.469
232.24,1,0.453
232.25,1,0.474
232.26,1,0.430
232.27,1,0.373
232.28,1,0.367
232.29,1,0.351
232.30,1,0.374
232.31,1,0.436
232.32,1,0.455
232.33,1,0.466
232.34,1,0.480
232.35,1,0.431
232.36,1,0.391
232.37,1,0.382
232.38,1,0.355
232.39,1,0.326
232.40,1,0.294
232.41,1,0.339
232.42,1,0.391
232.43,1,0.416
232.44,1,0.438
232.45,1,0.468
232.46,1,0.448
232.47,1,0.429
232.48,1,0.506
232.49,1,0.581
232.50,1,0.574
232.51,1,0.489
232.52,1,0.518
232.53,1,0.510
232.54,1,0.543
232.55,1,0.514
232.56,1,0.500
232.57,1,0.508
232.58,1,0.439
232.59,1,0.513
232.60,1,0.572
232.61,1,0.583
232.62,1,0.591
232.63,1,0.583
232.64,1,0.514
232.65,1,0.474
232.66,1,0.513
232.67,1,0.530
232.68,1,0.600
232.69,1,0.637
232.70,1,0.695
232.71,1,0.723
232.72,1,0.755
232.73,1,0.720
232.74,1,0.706
232.75,1,0.672
232.76,1,0.644
232.77,1,0.626
232.78,1,0.646
232.79,1,0.642
232.80,1,0.658
232.81,1,0.641
232.82,1,0.582
232.83,1,0.499
232.84,1,0.408
232.85,1,0.333
232.86,1,0.279
232.87,1,0.223
232.88,1,0.190
232.89,1,0.205
232.90,1,0.237
232.91,1,0.291
232.92,1,0.312
232.93,1,0.296
232.94,1,0.267
232.95,1,0.229
232.96,1,0.217
232.97,1,0.230
232.98,1,0.244
232.99,1,0.276
233.00,1,0.323
233.01,1,0.353
233.02,1,0.381
233.03,1,0.396
233.04,1,0.407
233.05,1,0.410
233.06,1,0.424
233.07,1,0.478
233.08,1,0.532
233.09,1,0.552
233.10,1,0.555
233.11,1,0.548
233.12,1,0.516
233.13,1,0.472
233.14,1,0.429
233.15,1,0.387
233.16,1,0.335
233.17,1,0.293
233.18,1,0.262
233.19,1,0.255
233.20,1,0.273
233.21,1,0.325
233.22,1,0.411
233.23,1,0.518
233.24,1,0.624
233.25,1,0.733
233.26,1,0.806
233.27,1,0.804
233.28,1,0.769
233.29,1,0.735
233.30,1,0.677
233.31,1,0.598
233.32,1,0.511
233.33,1,0.422
233.34,1,0.333
233.35,1,0.270
233.36,1,0.236
233.37,1,0.215
233.38,1,0.219
233.39,1,0.242
233.40,1,0.282
233.41,1,0.351
233.42,1,0.448
233.43,1,0.547
233.44,1,0.630
233.45,1,0.704
233.46,1,0.763
233.47,1,0.819
233.48,1,0.890
233.49,1,0.922
233.50,1,0.873
233.51,1,0.755
233.52,1,0.632
233.53,1,0.531
233.54,1,0.476
233.55,1,0.454
233.56,1,0.459
233.57,1,0.483
233.58,1,0.516
233.59,1,0.539
233.60,1,0.571
233.61,1,0.569
233.62,1,0.515
233.63,1,0.434
233.64,1,0.366
233.65,1,0.302
233.66,1,0.267
233.67,1,0.269
233.68,1,0.344
233.69,1,0.476
233.70,1,0.589
233.71,1,0.614
233.72,1,0.548
233.73,1,0.439
233.74,1,0.343
233.75,1,0.299
233.76,1,0.295
233.77,1,0.308
233.78,1,0.338
233.79,1,0.370
233.80,1,0.405
233.81,1,0.418
233.82,1,0.412
233.83,1,0.390
233.84,1,0.375
233.85,1,0.414
233.86,1,0.471
233.87,1,0.544
233.88,1,0.618
233.89,1,0.705
233.90,1,0.801
233.91,1,0.878
233.92,1,0.903
233.93,1,0.922
233.94,1,0.927
233.95,1,0.908
233.96,1,0.881
233.97,1,0.818
233.98,1,0.687
233.99,1,0.601
234.00,1,0.554
234.01,1,0.498
234.02,1,0.461
234.03,1,0.437
234.04,1,0.401
234.05,0,
234.06,0,
234.07,0,
234.08,0,
234.09,0,
234.10,0,
234.11,0,
234.12,0,
234.13,0,
234.14,0,
234.15,0,
234.16,0,
234.17,0,
234.18,0,
234.19,0,
234.20,0,
234.21,0,
234.22,0,
234.23,0,
234.24,0,
234.25,0,
234.26,0,
234.27,0,
234.28,0,
234.29,0,
234.30,0,
234.31,0,
234.32,0,
234.33,0,
234.34,0,
234.35,0,
234.36,0,
234.37,0,
234.38,0,
234.39,0,
234.40,0,
234.41,0,
234.42,0,
234.43,0,
234.44,0,
234.45,0,
234.46,0,
234.47,0,
234.48,0,
234.49,0,
234.50,0,
234.51,0,
234.52,0,
234.53,0,
234.54,0,
234.55,0,
234.56,0,
234.57,0,
234.58,0,
234.59,0,
234.60,0,
234.61,0,
234.62,0,
234.63,0,
234.64,0,
234.65,0,
234.66,0,
234.67,0,
234.68,0,
234.69,0,
234.70,0,
234.71,0,
234.72,0,
234.73,0,
234.74,0,
234.75,0,
234.76,0,
234.77,0,
234.78,0,
234.79,0,
234.80,0,
234.81,0,
234.82,0,
234.83,0,
234.84,0,
234.85,0,
234.86,0,
234.87,0,
234.88,0,
234.89,0,
234.90,0,
234.91,0,
234.92,0,
234.93,0,
234.94,0,
234.95,0,
234.96,0,
234.97,0,
234.98,0,
234.99,0,
235.00,0,
235.01,0,
235.02,0,
235.03,0,
235.04,0,
235.05,0,
235.06,0,
235.07,0,
235.08,0,
235.09,0,
235.10,0,
235.11,0,
235.12,0,
235.13,0,
235.14,0,
235.15,0,
235.16,0,
235.17,0,
235.18,0,
235.19,0,
235.20,0,
235.21,0,
235.22,0,
235.23,0,
235.24,0,
235.25,0,
235.26,0,
235.27,0,
235.28,0,
235.29,0,
235.30,0,
235.31,0,
235.32,0,
235.33,0,
235.34,0,
235.35,0,
235.36,0,
235.37,0,
235.38,0,
235.39,0,
235.40,0,
235.41,0,
235.42,0,
235.43,0,
235.44,0,
235.45,0,
235.46,0,
235.47,0,
235.48,0,
235.49,0,
235.50,0,
235.51,0,
235.52,0,
235.53,0,
235.54,0,
235.55,0,
235.56,0,
235.57,0,
235.58,0,
235.59,0,
235.60,0,
235.61,0,
235.62,0,
235.63,0,
235.64,0,
235.65,0,
235.66,0,
235.67,0,
235.68,0,
235.69,0,
235.70,0,
235.71,0,
235.72,0,
235.73,0,
235.74,0,
235.75,0,
235.76,0,
235.77,0,
235.78,0,
235.79,0,
235.80,0,
235.81,0,
235.82,0,
235.83,0,
235.84,0,
235.85,0,
235.86,0,
235.87,0,
235.88,0,
235.89,0,
235.90,0,
235.91,0,
235.92,0,
235.93,0,
235.94,0,
235.95,0,
235.96,0,
235.97,0,
235.98,0,
235.99,0,
236.00,0,
236.01,0,
236.02,0,
236.03,0,
236.04,0,
236.05,0,
236.06,0,
236.07,0,
236.08,0,
236.09,0,
236.10,0,
236.11,0,
236.12,0,
236.13,0,
236.14,0,
236.15,0,
236.16,0,
236.17,0,
236.18,0,
236.19,0,
236.20,0,
236.21,0,
236.22,0,
236.23,0,
236.24,0,
236.25,0,
236.26,0,
236.27,0,
236.28,0,
236.29,0,
236.30,0,
236.31,0,
236.32,0,
236.33,0,
236.34,0,
236.35,0,
236.36,0,
236.37,0,
236.38,0,
236.39,0,
236.40,0,
236.41,0,
236.42,0,
236.43,0,
236.44,0,
236.45,0,
236.46,0,
236.47,0,
236.48,0,
236.49,0,
236.50,0,
236.51,0,
236.52,0,
236.53,0,
236.54,0,
236.55,0,
236.56,0,
236.57,0,
236.58,0,
236.59,0,
236.60,0,
236.61,0,
236.62,0,
236.63,0,
236.64,0,
236.65,0,
236.66,0,
236.67,0,
236.68,0,
236.69,0,
236.70,0,
236.71,0,
236.72,0,
236.73,0,
236.74,0,
236.75,0,
236.76,0,
236.77,0,
236.78,0,
236.79,0,
236.80,0,
236.81,0,
236.82,0,
236.83,0,
236.84,0,
236.85,0,
236.86,0,
236.87,0,
236.88,0,
236.89,0,
236.90,0,
236.91,0,
236.92,0,
236.93,0,
236.94,0,
236.95,0,
236.96,0,
236.97,0,
236.98,0,
236.99,0,
237.00,0,
237.01,0,
237.02,0,
237.03,0,
237.04,0,
237.05,0,
237.06,0,
237.07,0,
237.08,0,
237.09,0,
237.10,0,
237.11,0,
237.12,0,
237.13,0,
237.14,0,
237.15,0,
237.16,0,
237.17,0,
237.18,0,
237.19,0,
237.20,0,
237.21,0,
237.22,0,
237.23,0,
237.24,0,
237.25,0,
237.26,0,
237.27,0,
237.28,0,
237.29,0,
237.30,0,
237.31,0,
237.32,0,
237.33,0,
237.34,0,
237.35,0,
237.36,0,
237.37,0,
237.38,0,
237.39,0,
237.40,0,
237.41,0,
237.42,0,
237.43,0,
237.44,0,
237.45,0,
237.46,0,
237.47,0,
237.48,0,
237.49,0,
237.50,0,
237.51,0,
237.52,0,
237.53,0,
237.54,0,
237.55,0,
237.56,0,
237.57,0,
237.58,0,
237.59,0,
237.60,0,
237.61,0,
237.62,0,
237.63,0,
237.64,0,
237.65,0,
237.66,0,
237.67,0,
237.68,0,
237.69,0,
237.70,0,
237.71,0,
237.72,0,
237.73,0,
237.74,0,
237.75,0,
237.76,0,
237.77,0,
237.78,0,
237.79,0,
237.80,0,
237.81,0,
237.82,0,
237.83,0,
237.84,0,
237.85,0,
237.86,0,
237.87,0,
237.88,0,
237.89,0,
237.90,0,
237.91,0,
237.92,0,
237.93,0,
237.94,0,
237.95,0,
237.96,0,
237.97,0,
237.98,0,
237.99,0,
238.00,0,
238.01,0,
238.02,0,
238.03,0,
238.04,0,
238.05,0,
238.06,0,
238.07,0,
238.08,0,
238.09,0,
238.10,0,
238.11,0,
238.12,0,
238.13,0,
238.14,0,
238.15,0,
238.16,0,
238.17,0,
238.18,0,
238.19,0,
238.20,0,
238.21,0,
238.22,0,
238.23,0,
238.24,0,
238.25,0,
238.26,0,
238.27,0,
238.28,0,
238.29,0,
238.30,0,
238.31,0,
238.32,0,
238.33,0,
238.34,0,
238.35,0,
238.36,0,
238.37,0,
238.38,0,
238.39,0,
238.40,0,
238.41,0,
238.42,0,
238.43,0,
238.44,0,
238.45,0,
238.46,0,
238.47,0,
238.48,0,
238.49,0,
238.50,0,
238.51,0,
238.52,0,
238.53,0,
238.54,0,
238.55,0,
238.56,0,
238.57,0,
238.58,0,
238.59,0,
238.60,0,
238.61,0,
238.62,0,
238.63,0,
238.64,0,
238.65,0,
238.66,0,
238.67,0,
238.68,0,
238.69,0,
238.70,0,
238.71,0,
238.72,0,
238.73,0,
238.74,0,
238.75,0,
238.76,0,
238.77,0,
238.78,0,
238.79,0,
238.80,0,
238.81,0,
238.82,0,
238.83,0,
238.84,0,
238.85,0,
238.86,0,
238.87,0,
238.88,0,
238.89,0,
238.90,0,
238.91,0,
238.92,0,
238.93,0,
238.94,0,
238.95,0,
238.96,0,
238.97,0,
238.98,0,
238.99,0,
239.00,0,
239.01,0,
239.02,0,
239.03,0,
239.04,0,
239.05,0,
239.06,0,
239.07,0,
239.08,0,
239.09,0,
239.10,0,
239.11,0,
239.12,0,
239.13,0,
239.14,0,
239.15,0,
239.16,0,
239.17,0,
239.18,0,
239.19,0,
239.20,0,
239.21,0,
239.22,0,
239.23,0,
239.24,0,
239.25,0,
239.26,0,
239.27,0,
239.28,0,
239.29,0,
239.30,0,
239.31,0,
239.32,0,
239.33,0,
239.34,0,
239.35,0,
239.36,0,
239.37,0,
239.38,0,
239.39,0,
239.40,0,
239.41,0,
239.42,0,
239.43,0,
239.44,0,
239.45,0,
239.46,0,
239.47,0,
239.48,0,
239.49,0,
239.50,0,
239.51,0,
239.52,0,
239.53,0,
239.54,0,
239.55,0,
239.56,0,
239.57,0,
239.58,0,
239.59,0,
239.60,0,
239.61,0,
239.62,0,
239.63,0,
239.64,0,
239.65,0,
239.66,0,
239.67,0,
239.68,0,
239.69,0,
239.70,0,
239.71,0,
239.72,0,
239.73,0,
239.74,0,
239.75,0,
239.76,0,
239.77,0,
239.78,0,
239.79,0,
239.80,0,
239.81,0,
239.82,0,
239.83,0,
239.84,0,
239.85,0,
239.86,0,
239.87,0,
239.88,0,
239.89,0,
239.90,0,
239.91,0,
239.92,0,
239.93,0,
239.94,0,
239.95,0,
239.96,0,
239.97,0,
239.98,0,
239.99,0,
240.00,0,
240.01,0,
240.02,0,
240.03,0,
240.04,0,
240.05,0,
240.06,0,
240.07,0,
240.08,0,
240.09,0,
240.10,0,
240.11,0,
240.12,0,
240.13,0,
240.14,0,
240.15,0,
240.16,0,
240.17,0,
240.18,0,
240.19,0,
240.20,0,
240.21,0,
240.22,0,
240.23,0,
240.24,0,
240.25,0,
240.26,0,
240.27,0,
240.28,0,
240.29,0,
240.30,0,
240.31,0,
240.32,0,
240.33,0,
240.34,0,
240.35,0,
240.36,0,
240.37,0,
240.38,0,
240.39,0,
240.40,0,
240.41,0,
240.42,0,
240.43,0,
240.44,0,
240.45,0,
240.46,0,
240.47,0,
240.48,0,
240.49,0,
240.50,0,
240.51,0,
240.52,0,
240.53,0,
240.54,0,
240.55,0,
240.56,0,
240.57,0,
240.58,0,
240.59,0,
240.60,0,
240.61,0,
240.62,0,
240.63,0,
240.64,0,
240.65,0,
240.66,0,
240.67,0,
240.68,0,
240.69,0,
240.70,0,
240.71,0,
240.72,0,
240.73,0,
240.74,0,
240.75,0,
240.76,0,
240.77,0,
240.78,0,
240.79,0,
240.80,0,
240.81,0,
240.82,0,
240.83,0,
240.84,0,
240.85,0,
240.86,0,
240.87,0,
240.88,0,
240.89,0,
240.90,0,
240.91,0,
240.92,0,
240.93,0,
240.94,0,
240.95,0,
240.96,0,
240.97,0,
240.98,0,
240.99,0,
241.00,0,
241.01,0,
241.02,0,
241.03,0,
241.04,0,
241.05,0,
241.06,0,
241.07,0,
241.08,0,
241.09,0,
241.10,0,
241.11,0,
241.12,0,
241.13,0,
241.14,0,
241.15,0,
241.16,0,
241.17,0,
241.18,0,
241.19,0,
241.20,0,
241.21,0,
241.22,0,
241.23,0,
241.24,0,
241.25,0,
241.26,0,
241.27,0,
241.28,0,
241.29,0,
241.30,0,
241.31,0,
241.32,0,
241.33,0,
241.34,0,
241.35,0,
241.36,0,
241.37,0,
241.38,0,
241.39,0,
241.40,0,
241.41,0,
241.42,0,
241.43,0,
241.44,0,
241.45,0,
241.46,0,
241.47,0,
241.48,0,
241.49,0,
241.50,0,
241.51,0,
241.52,0,
241.53,0,
241.54,0,
241.55,0,
241.56,0,
241.57,0,
241.58,0,
241.59,0,
241.60,0,
241.61,0,
241.62,0,
241.63,0,
241.64,0,
241.65,0,
241.66,0,
241.67,0,
241.68,0,
241.69,0,
241.70,0,
241.71,0,
241.72,0,
241.73,0,
241.74,0,
241.75,0,
241.76,0,
241.77,0,
241.78,0,
241.79,0,
241.80,0,
241.81,0,
241.82,0,
241.83,0,
241.84,0,
241.85,0,
241.86,0,
241.87,0,
241.88,0,
241.89,0,
241.90,0,
241.91,0,
241.92,0,
241.93,0,
241.94,0,
241.95,0,
241.96,0,
241.97,0,
241.98,0,
241.99,0,
242.00,0,
242.01,0,
242.02,0,
242.03,0,
242.04,0,
242.05,0,
242.06,0,
242.07,0,
242.08,0,
242.09,0,
242.10,0,
242.11,0,
242.12,0,
242.13,0,
242.14,0,
242.15,0,
242.16,0,
242.17,0,
242.18,0,
242.19,0,
242.20,0,
242.21,0,
242.22,0,
242.23,0,
242.24,0,
242.25,0,
242.26,0,
242.27,0,
242.28,0,
242.29,0,
242.30,0,
242.31,0,
242.32,0,
242.33,0,
242.34,0,
242.35,0,
242.36,0,
242.37,0,
242.38,0,
242.39,0,
242.40,0,
242.41,0,
242.42,0,
242.43,0,
242.44,0,
242.45,0,
242.46,0,
242.47,0,
242.48,0,
242.49,0,
242.50,0,
242.51,0,
242.52,0,
242.53,0,
242.54,0,
242.55,0,
242.56,0,
242.57,0,
242.58,0,
242.59,0,
242.60,0,
242.61,0,
242.62,0,
242.63,0,
242.64,0,
242.65,0,
242.66,0,
242.67,0,
242.68,0,
242.69,0,
242.70,0,
242.71,0,
242.72,0,
242.73,0,
242.74,0,
242.75,0,
242.76,0,
242.77,0,
242.78,0,
242.79,0,
242.80,0,
242.81,0,
242.82,0,
242.83,0,
242.84,0,
242.85,0,
242.86,0,
242.87,0,
242.88,0,
242.89,0,
242.90,0,
242.91,0,
242.92,0,
242.93,0,
242.94,0,
242.95,0,
242.96,0,
242.97,0,
242.98,0,
242.99,0,
243.00,0,
243.01,0,
243.02,0,
243.03,0,
243.04,0,
243.05,0,
243.06,0,
243.07,0,
243.08,0,
243.09,0,
243.10,0,
243.11,0,
243.12,0,
243.13,0,
243.14,0,
243.15,0,
243.16,0,
243.17,0,
243.18,0,
243.19,0,
243.20,0,
243.21,0,
243.22,0,
243.23,0,
243.24,0,
243.25,0,
243.26,0,
243.27,0,
243.28,0,
243.29,0,
243.30,0,
243.31,0,
243.32,0,
243.33,0,
243.34,0,
243.35,0,
243.36,0,
243.37,0,
243.38,0,
243.39,0,
243.40,0,
243.41,0,
243.42,0,
243.43,0,
243.44,0,
243.45,0,
243.46,0,
243.47,0,
243.48,0,
243.49,0,
243.50,0,
243.51,0,
243.52,0,
243.53,0,
243.54,0,
243.55,0,
243.56,0,
243.57,0,
243.58,0,
243.59,0,
243.60,0,
243.61,0,
243.62,0,
243.63,0,
243.64,0,
243.65,0,
243.66,0,
243.67,0,
243.68,0,
243.69,0,
243.70,0,
243.71,0,
243.72,0,
243.73,0,
243.74,0,
243.75,0,
243.76,0,
243.77,0,
243.78,0,
243.79,0,
243.80,0,
243.81,0,
243.82,0,
243.83,0,
243.84,0,
243.85,0,
243.86,0,
243.87,0,
243.88,0,
243.89,0,
243.90,0,
243.91,0,
243.92,0,
243.93,0,
243.94,0,
243.95,0,
243.96,0,
243.97,0,
243.98,0,
243.99,0,
244.00,0,
244.01,0,
244.02,0,
244.03,0,
244.04,0,
244.05,0,
244.06,0,
244.07,0,
244.08,0,
244.09,0,
244.10,0,
244.11,0,
244.12,0,
244.13,0,
244.14,0,
244.15,0,
244.16,0,
244.17,0,
244.18,0,
244.19,0,
244.20,0,
244.21,0,
244.22,0,
244.23,0,
244.24,0,
244.25,0,
244.26,0,
244.27,0,
244.28,0,
244.29,0,
244.30,0,
244.31,0,
244.32,0,
244.33,0,
244.34,0,
244.35,0,
244.36,0,
244.37,0,
244.38,0,
244.39,0,
244.40,0,
244.41,0,
244.42,0,
244.43,0,
244.44,0,
244.45,0,
244.46,0,
244.47,0,
244.48,0,
244.49,0,
244.50,0,
244.51,0,
244.52,0,
244.53,0,
244.54,0,
244.55,0,
244.56,0,
244.57,0,
244.58,0,
244.59,0,
244.60,0,
244.61,0,
244.62,0,
244.63,0,
244.64,0,
244.65,0,
244.66,0,
244.67,0,
244.68,0,
244.69,0,
244.70,0,
244.71,0,
244.72,0,
244.73,0,
244.74,0,
244.75,0,
244.76,0,
244.77,0,
244.78,0,
244.79,0,
244.80,0,
244.81,0,
244.82,0,
244.83,0,
244.84,0,
244.85,0,
244.86,0,
244.87,0,
244.88,0,
244.89,0,
244.90,0,
244.91,0,
244.92,0,
244.93,0,
244.94,0,
244.95,0,
244.96,0,
244.97,0,
244.98,0,
244.99,0,
245.00,0,
245.01,0,
245.02,0,
245.03,0,
245.04,0,
245.05,0,
245.06,0,
245.07,0,
245.08,0,
245.09,0,
245.10,0,
245.11,0,
245.12,0,
245.13,0,
245.14,0,
245.15,0,
245.16,0,
245.17,0,
245.18,0,
245.19,0,
245.20,0,
245.21,0,
245.22,0,
245.23,0,
245.24,0,
245.25,0,
245.26,0,
245.27,0,
245.28,0,
245.29,0,
245.30,0,
245.31,0,
245.32,0,
245.33,0,
245.34,0,
245.35,0,
245.36,0,
245.37,0,
245.38,0,
245.39,0,
245.40,0,
245.41,0,
245.42,0,
245.43,0,
245.44,0,
245.45,0,
245.46,0,
245.47,0,
245.48,0,
245.49,0,
245.50,0,
245.51,0,
245.52,0,
245.53,0,
245.54,0,
245.55,0,
245.56,0,
245.57,0,
245.58,0,
245.59,0,
245.60,0,
245.61,0,
245.62,0,
245.63,0,
245.64,0,
245.65,0,
245.66,0,
245.67,0,
245.68,0,
245.69,0,
245.70,0,
245.71,0,
245.72,0,
245.73,0,
245.74,0,
245.75,0,
245.76,0,
245.77,0,
245.78,0,
245.79,0,
245.80,0,
245.81,0,
245.82,0,
245.83,0,
245.84,0,
245.85,0,
245.86,0,
245.87,0,
245.88,0,
245.89,0,
245.90,0,
245.91,0,
245.92,0,
245.93,0,
245.94,0,
245.95,0,
245.96,0,
245.97,0,
245.98,0,
245.99,0,
246.00,0,
246.01,0,
246.02,0,
246.03,0,
246.04,0,
246.05,0,
246.06,0,
246.07,0,
246.08,0,
246.09,0,
246.10,0,
246.11,0,
246.12,0,
246.13,0,
246.14,0,
246.15,0,
246.16,0,
246.17,0,
246.18,0,
246.19,0,
246.20,0,
246.21,0,
246.22,0,
246.23,0,
246.24,0,
246.25,0,
246.26,0,
246.27,0,
246.28,0,
246.29,0,
246.30,0,
246.31,0,
246.32,0,
246.33,0,
246.34,0,
246.35,0,
246.36,0,
246.37,0,
246.38,0,
246.39,0,
246.40,0,
246.41,0,
246.42,0,
246.43,0,
246.44,0,
246.45,0,
246.46,0,
246.47,0,
246.48,0,
246.49,0,
246.50,0,
246.51,0,
246.52,0,
246.53,0,
246.54,0,
246.55,0,
246.56,0,
246.57,0,
246.58,0,
246.59,0,
246.60,0,
246.61,0,
246.62,0,
246.63,0,
246.64,0,
246.65,0,
246.66,0,
246.67,0,
246.68,0,
246.69,0,
246.70,0,
246.71,0,
246.72,0,
246.73,0,
246.74,0,
246.75,0,
246.76,0,
246.77,0,
246.78,0,
246.79,0,
246.80,0,
246.81,0,
246.82,0,
246.83,0,
246.84,0,
246.85,0,
246.86,0,
246.87,0,
246.88,0,
246.89,0,
246.90,0,
246.91,0,
246.92,0,
246.93,0,
246.94,0,
246.95,0,
246.96,0,
246.97,0,
246.98,0,
246.99,0,
247.00,0,
247.01,0,
247.02,0,
247.03,0,
247.04,0,
247.05,0,
247.06,0,
247.07,0,
247.08,0,
247.09,0,
247.10,0,
247.11,0,
247.12,0,
247.13,0,
247.14,0,
247.15,0,
247.16,0,
247.17,0,
247.18,0,
247.19,0,
247.20,0,
247.21,0,
247.22,0,
247.23,0,
247.24,0,
247.25,0,
247.26,0,
247.27,0,
247.28,0,
247.29,0,
247.30,0,
247.31,0,
247.32,0,
247.33,0,
247.34,0,
247.35,0,
247.36,0,
247.37,0,
247.38,0,
247.39,0,
247.40,0,
247.41,0,
247.42,0,
247.43,0,
247.44,0,
247.45,0,
247.46,0,
247.47,0,
247.48,0,
247.49,0,
247.50,0,
247.51,0,
247.52,0,
247.53,0,
247.54,0,
247.55,0,
247.56,0,
247.57,0,
247.58,0,
247.59,0,
247.60,0,
247.61,0,
247.62,0,
247.63,0,
247.64,0,
247.65,0,
247.66,0,
247.67,0,
247.68,0,
247.69,0,
247.70,0,
247.71,0,
247.72,0,
247.73,0,
247.74,0,
247.75,0,
247.76,0,
247.77,0,
247.78,0,
247.79,0,
247.80,0,
247.81,0,
247.82,0,
247.83,0,
247.84,0,
247.85,0,
247.86,0,
247.87,0,
247.88,0,
247.89,0,
247.90,0,
247.91,0,
247.92,0,
247.93,0,
247.94,0,
247.95,0,
247.96,0,
247.97,0,
247.98,0,
247.99,0,
248.00,0,
248.01,0,
248.02,0,
248.03,0,
248.04,0,
248.05,0,
248.06,0,
248.07,0,
248.08,0,
248.09,0,
248.10,0,
248.11,0,
248.12,0,
248.13,0,
248.14,0,
248.15,0,
248.16,0,
248.17,0,
248.18,0,
248.19,0,
248.20,0,
248.21,0,
248.22,0,
248.23,0,
248.24,0,
248.25,0,
248.26,0,
248.27,0,
248.28,0,
248.29,0,
248.30,0,
248.31,0,
248.32,0,
248.33,0,
248.34,0,
248.35,0,
248.36,0,
248.37,0,
248.38,0,
248.39,0,
248.40,0,
248.41,0,
248.42,0,
248.43,0,
248.44,0,
248.45,0,
248.46,0,
248.47,0,
248.48,0,
248.49,0,
248.50,0,
248.51,0,
248.52,0,
248.53,0,
248.54,0,
248.55,0,
248.56,0,
248.57,0,
248.58,0,
248.59,0,
248.60,0,
248.61,0,
248.62,0,
248.63,0,
248.64,0,
248.65,0,
248.66,0,
248.67,0,
248.68,0,
248.69,0,
248.70,0,
248.71,0,
248.72,0,
248.73,0,
248.74,0,
248.75,0,
248.76,0,
248.77,0,
248.78,0,
248.79,0,
248.80,0,
248.81,0,
248.82,0,
248.83,0,
248.84,0,
248.85,0,
248.86,0,
248.87,0,
248.88,0,
248.89,0,
248.90,0,
248.91,0,
248.92,0,
248.93,0,
248.94,0,
248.95,0,
248.96,0,
248.97,0,
248.98,0,
248.99,0,
249.00,0,
249.01,0,
249.02,0,
249.03,0,
249.04,0,
249.05,0,
249.06,0,
249.07,0,
249.08,0,
249.09,0,
249.10,0,
249.11,0,
249.12,0,
249.13,0,
249.14,0,
249.15,0,
249.16,0,
249.17,0,
249.18,0,
249.19,0,
249.20,0,
249.21,0,
249.22,0,
249.23,0,
249.24,0,
249.25,0,
249.26,0,
249.27,0,
249.28,0,
249.29,0,
249.30,0,
249.31,0,
249.32,0,
249.33,0,
249.34,0,
249.35,0,
249.36,0,
249.37,0,
249.38,0,
249.39,0,
249.40,0,
249.41,0,
249.42,0,
249.43,0,
249.44,0,
249.45,0,
249.46,0,
249.47,0,
249.48,0,
249.49,0,
249.50,0,
249.51,0,
249.52,0,
249.53,0,
249.54,0,
249.55,0,
249.56,0,
249.57,0,
249.58,0,
249.59,0,
249.60,0,
249.61,0,
249.62,0,
249.63,0,
249.64,0,
249.65,0,
249.66,0,
249.67,0,
249.68,0,
249.69,0,
249.70,0,
249.71,0,
249.72,0,
249.73,0,
249.74,0,
249.75,0,
249.76,0,
249.77,0,
249.78,0,
249.79,0,
249.80,0,
249.81,0,
249.82,0,
249.83,0,
249.84,0,
249.85,0,
249.86,0,
249.87,0,
249.88,0,
249.89,0,
249.90,0,
249.91,0,
249.92,0,
249.93,0,
249.94,0,
249.95,0,
249.96,0,
249.97,0,
249.98,0,
249.99,0,
250.00,0,
250.01,0,
250.02,0,
250.03,0,
250.04,0,
250.05,0,
250.06,0,
250.07,0,
250.08,0,
250.09,0,
250.10,0,
250.11,0,
250.12,0,
250.13,0,
250.14,0,
250.15,0,
250.16,0,
250.17,0,
250.18,0,
250.19,0,
250.20,0,
250.21,0,
250.22,0,
250.23,0,
250.24,0,
250.25,0,
250.26,0,
250.27,0,
250.28,0,
250.29,0,
250.30,0,
250.31,0,
250.32,0,
250.33,0,
250.34,0,
250.35,0,
250.36,0,
250.37,0,
250.38,0,
250.39,0,
250.40,0,
250.41,0,
250.42,0,
250.43,0,
250.44,0,
250.45,0,
250.46,0,
250.47,0,
250.48,0,
250.49,0,
250.50,0,
250.51,0,
250.52,0,
250.53,0,
250.54,0,
250.55,0,
250.56,0,
250.57,0,
250.58,0,
250.59,0,
250.60,0,
250.61,0,
250.62,0,
250.63,0,
250.64,0,
250.65,0,
250.66,0,
250.67,0,
250.68,0,
250.69,0,
250.70,0,
250.71,0,
250.72,0,
250.73,0,
250.74,0,
250.75,0,
250.76,0,
250.77,0,
250.78,0,
250.79,0,
250.80,0,
250.81,0,
250.82,0,
250.83,0,
250.84,0,
250.85,0,
250.86,0,
250.87,0,
250.88,0,
250.89,0,
250.90,0,
250.91,0,
250.92,0,
250.93,0,
250.94,0,
250.95,0,
250.96,0,
250.97,0,
250.98,0,
250.99,0,
251.00,0,
251.01,0,
251.02,0,
251.03,0,
251.04,0,
251.05,0,
251.06,0,
251.07,0,
251.08,0,
251.09,0,
251.10,0,
251.11,0,
251.12,0,
251.13,0,
251.14,0,
251.15,0,
251.16,0,
251.17,0,
251.18,0,
251.19,0,
251.20,0,
251.21,0,
251.22,0,
251.23,0,
251.24,0,
251.25,0,
251.26,0,
251.27,0,
251.28,0,
251.29,0,
251.30,0,
251.31,0,
251.32,0,
251.33,0,
251.34,0,
251.35,0,
