date,time,source,author,name,event,撮影ルール,type,orientation,width,height,duration_s,likes,views,post_url,media_url,best_mp4,dl_flag
2026-08-01,15:17,他人,yuan_desuyo,ゆえ,MOVE ON MUSIC! Special,対バン（静止画は全編可・動画は指定曲のみ）,photo,横,4096,2304,,10,658,https://x.com/yuan_desuyo/status/2083436953224290448,https://pbs.twimg.com/media/HOna3R0bUAAtL44.jpg,,
2026-08-01,15:21,公式,lollipop_1116,公式,MOVE ON MUSIC! Special,対バン（静止画は全編可・動画は指定曲のみ）,photo,横,2048,1536,,17,7254,https://x.com/lollipop_1116/status/2083437930006376451,https://pbs.twimg.com/media/HOna_gxbgAAncX1.jpg,,1
2026-08-01,15:21,公式,lollipop_1116,公式,MOVE ON MUSIC! Special,対バン（静止画は全編可・動画は指定曲のみ）,video,横,3840,2160,87,17,7254,https://x.com/lollipop_1116/status/2083437930006376451,https://pbs.twimg.com/amplify_video_thumb/2083437087307837440/img/IDAMzlPlvinfdwY0.jpg,https://video.twimg.com/amplify_video/2083437087307837440/vid/avc1/3840x2160/kC1cum7CRaJCxhya.mp4?tag=29,1
2026-08-01,15:23,メンバー,kurumi_lpop,やぎくるみ,MOVE ON MUSIC! Special,対バン（静止画は全編可・動画は指定曲のみ）,photo,縦,1536,2048,,36,1057,https://x.com/kurumi_lpop/status/2083438544878727395,https://pbs.twimg.com/media/HOncT9rbAAAwzTo.jpg,,1
2026-08-01,15:47,メンバー,mayu_lpop,夏川茉夢,MOVE ON MUSIC! Special,対バン（静止画は全編可・動画は指定曲のみ）,photo,縦,1536,2048,,33,950,https://x.com/mayu_lpop/status/2083444424898695287,https://pbs.twimg.com/media/HOnhqMfbsAIi4Tw.jpg,,1
2026-08-01,15:47,メンバー,mayu_lpop,夏川茉夢,MOVE ON MUSIC! Special,対バン（静止画は全編可・動画は指定曲のみ）,photo,縦,1536,2048,,33,950,https://x.com/mayu_lpop/status/2083444424898695287,https://pbs.twimg.com/media/HOnhqMcaQAApPfk.jpg,,1
2026-08-01,15:55,メンバー,mana_lpop,愛月まな,MOVE ON MUSIC! Special,対バン（静止画は全編可・動画は指定曲のみ）,photo,縦,1536,2048,,40,628,https://x.com/mana_lpop/status/2083446612660269238,https://pbs.twimg.com/media/HOnjplqbcAAd_Jm.jpg,,1
2026-08-01,16:01,メンバー,mau_lpop,まう,MOVE ON MUSIC! Special,対バン（静止画は全編可・動画は指定曲のみ）,photo,,,,,29,986,https://x.com/mau_lpop/status/2083447950173417983,,,
2026-08-01,18:17,他人,cocorollings,yan,MOVE ON MUSIC! Special,対バン（静止画は全編可・動画は指定曲のみ）,photo,縦,2718,3624,,5,278,https://x.com/cocorollings/status/2083482332959564142,https://pbs.twimg.com/media/HOoEImFaEAAXU5j.jpg,,1
2026-08-01,18:23,メンバー,ami_lpop,松川愛美,MOVE ON MUSIC! Special,対バン（静止画は全編可・動画は指定曲のみ）,photo,,,,,47,1304,https://x.com/ami_lpop/status/2083483750193889680,,,
2026-08-01,21:48,メンバー,kurumi_lpop,やぎくるみ,MOVE ON MUSIC! Special,対バン（静止画は全編可・動画は指定曲のみ）,photo,横,2048,1112,,12,655,https://x.com/kurumi_lpop/status/2083535264732078366,https://pbs.twimg.com/media/HOo0Rk5a8AEGDdq.jpg,,1
2026-08-01,21:48,メンバー,kurumi_lpop,やぎくるみ,MOVE ON MUSIC! Special,対バン（静止画は全編可・動画は指定曲のみ）,photo,縦,1481,2048,,12,655,https://x.com/kurumi_lpop/status/2083535264732078366,https://pbs.twimg.com/media/HOo0RkdakAAhUuL.jpg,,1
2026-08-01,22:04,メンバー,mau_lpop,まう,MOVE ON MUSIC! Special,対バン（静止画は全編可・動画は指定曲のみ）,photo,,,,,37,1150,https://x.com/mau_lpop/status/2083539452568469869,,,
2026-08-01,22:11,メンバー,mayu_lpop,夏川茉夢,MOVE ON MUSIC! Special,対バン（静止画は全編可・動画は指定曲のみ）,photo,横,480,360,,35,731,https://x.com/mayu_lpop/status/2083541218542112875,https://pbs.twimg.com/media/HOo5sdXaEAAGjyw.jpg,,1
2026-08-01,22:45,メンバー,mana_lpop,愛月まな,MOVE ON MUSIC! Special,対バン（静止画は全編可・動画は指定曲のみ）,photo,縦,1536,2048,,32,774,https://x.com/mana_lpop/status/2083549673487483214,https://pbs.twimg.com/media/HOpBYm0akAAhfwV.jpg,,1
2026-08-02,10:52,メンバー,ami_lpop,松川愛美,TOKYO GIRLS GIRLS extra!! / UNIVERSE企画『Dance party』,対バン（静止画は全編可・動画は指定曲のみ）,photo,,,,,11,497,https://x.com/ami_lpop/status/2083732609616724195,,,
2026-08-02,11:17,メンバー,kurumi_lpop,やぎくるみ,TOKYO GIRLS GIRLS extra!! / UNIVERSE企画『Dance party』,対バン（静止画は全編可・動画は指定曲のみ）,photo,横,2048,1536,,76,1038,https://x.com/kurumi_lpop/status/2083739054529818692,https://pbs.twimg.com/media/HOrtn9UbUAAFyQ-.jpg,,1
2026-08-02,12:16,他人,mo_8_c,9/6昼くるみちゃん生誕に行くもやC,TOKYO GIRLS GIRLS extra!! / UNIVERSE企画『Dance party』,対バン（静止画は全編可・動画は指定曲のみ）,photo,縦,1481,2048,,14,745,https://x.com/mo_8_c/status/2083753785462321373,https://pbs.twimg.com/media/HOr7BSiagAAZ2n1.jpg,,
2026-08-02,13:25,メンバー,mana_lpop,愛月まな,TOKYO GIRLS GIRLS extra!! / UNIVERSE企画『Dance party』,対バン（静止画は全編可・動画は指定曲のみ）,photo,縦,1536,2048,,65,691,https://x.com/mana_lpop/status/2083771252918129114,https://pbs.twimg.com/media/HOsK6LIaUAAI1Ly.jpg,,1
2026-08-02,13:27,メンバー,mau_lpop,まう,TOKYO GIRLS GIRLS extra!! / UNIVERSE企画『Dance party』,対バン（静止画は全編可・動画は指定曲のみ）,photo,,,,,19,684,https://x.com/mau_lpop/status/2083771667122442374,,,
2026-08-02,15:07,他人,Girls_Girlsinfo,GIRLS GIRLS,TOKYO GIRLS GIRLS extra!! / UNIVERSE企画『Dance party』,対バン（静止画は全編可・動画は指定曲のみ）,photo,横,2048,1536,,6,2466,https://x.com/Girls_Girlsinfo/status/2083796887044571531,https://pbs.twimg.com/media/HOsiOHFbAAAZhom.jpg,,1
2026-08-02,16:10,他人,mo_8_c,9/6昼くるみちゃん生誕に行くもやC,TOKYO GIRLS GIRLS extra!! / UNIVERSE企画『Dance party』,対バン（静止画は全編可・動画は指定曲のみ）,photo,縦,3000,4000,,22,653,https://x.com/mo_8_c/status/2083812598655734255,https://pbs.twimg.com/media/HOswgnKaQAA3XKa.jpg,,
2026-08-02,16:31,他人,haru_makimaki__,はるまきまきまき,TOKYO GIRLS GIRLS extra!! / UNIVERSE企画『Dance party』,対バン（静止画は全編可・動画は指定曲のみ）,photo,横,4096,3072,,37,1227,https://x.com/haru_makimaki__/status/2083818002529554554,https://pbs.twimg.com/media/HOs1bMtbEAAQlLY.jpg,,
2026-08-02,17:07,公式,lollipop_1116,公式,TOKYO GIRLS GIRLS extra!! / UNIVERSE企画『Dance party』,対バン（静止画は全編可・動画は指定曲のみ）,video,横,1920,1080,57,27,5719,https://x.com/lollipop_1116/status/2083826942839763416,https://pbs.twimg.com/amplify_video_thumb/2083826751726292992/img/6chfk1kYJ39tw0TV.jpg,https://video.twimg.com/amplify_video/2083826751726292992/vid/avc1/1920x1080/e3sgN4dA1Z-rPL6W.mp4?tag=29,1
2026-08-02,17:07,公式,lollipop_1116,公式,TOKYO GIRLS GIRLS extra!! / UNIVERSE企画『Dance party』,対バン（静止画は全編可・動画は指定曲のみ）,photo,横,1400,1108,,27,5719,https://x.com/lollipop_1116/status/2083826942839763416,https://pbs.twimg.com/media/HOs7jNrbsAAjKPm.jpg,,1
2026-08-02,17:14,メンバー,mayu_lpop,夏川茉夢,TOKYO GIRLS GIRLS extra!! / UNIVERSE企画『Dance party』,対バン（静止画は全編可・動画は指定曲のみ）,photo,横,2048,1536,,35,743,https://x.com/mayu_lpop/status/2083828667374039538,https://pbs.twimg.com/media/HOs_IADaQAEEDh_.jpg,,1
2026-08-02,17:17,メンバー,kurumi_lpop,やぎくるみ,TOKYO GIRLS GIRLS extra!! / UNIVERSE企画『Dance party』,対バン（静止画は全編可・動画は指定曲のみ）,photo,縦,1536,2048,,51,1051,https://x.com/kurumi_lpop/status/2083829633812975710,https://pbs.twimg.com/media/HOtAANVa8AAlGTS.jpg,,1
2026-08-02,17:30,メンバー,mau_lpop,まう,TOKYO GIRLS GIRLS extra!! / UNIVERSE企画『Dance party』,対バン（静止画は全編可・動画は指定曲のみ）,photo,,,,,33,754,https://x.com/mau_lpop/status/2083832771668316397,,,
2026-08-02,17:55,メンバー,mana_lpop,愛月まな,TOKYO GIRLS GIRLS extra!! / UNIVERSE企画『Dance party』,対バン（静止画は全編可・動画は指定曲のみ）,photo,縦,1536,2048,,52,655,https://x.com/mana_lpop/status/2083839103871938938,https://pbs.twimg.com/media/HOtIml8bUAAbEjE.jpg,,1
2026-08-02,18:01,他人,ttrsougen,たーぴん👶💛,TOKYO GIRLS GIRLS extra!! / UNIVERSE企画『Dance party』,対バン（静止画は全編可・動画は指定曲のみ）,photo,縦,1536,2048,,14,361,https://x.com/ttrsougen/status/2083840651322601573,https://pbs.twimg.com/media/HOtKBFqbgAAOldH.jpg,,1
2026-08-02,18:01,他人,ttrsougen,たーぴん👶💛,TOKYO GIRLS GIRLS extra!! / UNIVERSE企画『Dance party』,対バン（静止画は全編可・動画は指定曲のみ）,photo,横,2048,1536,,14,361,https://x.com/ttrsougen/status/2083840651322601573,https://pbs.twimg.com/media/HOtKBFsbEAAO4P4.jpg,,1
2026-08-02,19:58,他人,Elizabethdaga,エリザベス🪧🐻‍❄️,TOKYO GIRLS GIRLS extra!! / UNIVERSE企画『Dance party』,対バン（静止画は全編可・動画は指定曲のみ）,photo,縦,1298,2048,,3,405,https://x.com/Elizabethdaga/status/2083869941946864064,https://pbs.twimg.com/media/HOtkqtTbAAEMHOB.jpg,,
2026-08-02,20:13,他人,Elizabethdaga,エリザベス🪧🐻‍❄️,TOKYO GIRLS GIRLS extra!! / UNIVERSE企画『Dance party』,対バン（静止画は全編可・動画は指定曲のみ）,photo,縦,1294,2048,,10,488,https://x.com/Elizabethdaga/status/2083873736906903728,https://pbs.twimg.com/media/HOtoBpJaoAAvXfS.jpg,,
2026-08-02,20:13,他人,Elizabethdaga,エリザベス🪧🐻‍❄️,TOKYO GIRLS GIRLS extra!! / UNIVERSE企画『Dance party』,対バン（静止画は全編可・動画は指定曲のみ）,video,縦,720,1280,35,10,488,https://x.com/Elizabethdaga/status/2083873736906903728,https://pbs.twimg.com/amplify_video_thumb/2083873630090584064/img/BJ5HhridDbjSbBBO.jpg,https://video.twimg.com/amplify_video/2083873630090584064/vid/avc1/720x1280/9UB3jkmDNnk5B-gF.mp4?tag=29,
2026-08-02,20:13,他人,Elizabethdaga,エリザベス🪧🐻‍❄️,TOKYO GIRLS GIRLS extra!! / UNIVERSE企画『Dance party』,対バン（静止画は全編可・動画は指定曲のみ）,video,縦,720,1280,81,10,488,https://x.com/Elizabethdaga/status/2083873736906903728,https://pbs.twimg.com/amplify_video_thumb/2083873630052872192/img/ExIBWKIFcx9Su21g.jpg,https://video.twimg.com/amplify_video/2083873630052872192/vid/avc1/720x1280/2lThkawL-GkA6Ab5.mp4?tag=29,
2026-08-02,20:13,他人,Elizabethdaga,エリザベス🪧🐻‍❄️,TOKYO GIRLS GIRLS extra!! / UNIVERSE企画『Dance party』,対バン（静止画は全編可・動画は指定曲のみ）,video,縦,720,1280,5,10,488,https://x.com/Elizabethdaga/status/2083873736906903728,https://pbs.twimg.com/amplify_video_thumb/2083873630077976576/img/tDG3FpGUP2YamUDi.jpg,https://video.twimg.com/amplify_video/2083873630077976576/vid/avc1/720x1280/EL9JvJoI3BcoAxfu.mp4?tag=29,
2026-08-02,20:26,他人,sigerin_t,しげりん,TOKYO GIRLS GIRLS extra!! / UNIVERSE企画『Dance party』,対バン（静止画は全編可・動画は指定曲のみ）,photo,縦,3000,4000,,8,649,https://x.com/sigerin_t/status/2083877093369364632,https://pbs.twimg.com/media/HOtrKRxaoAARjLU.jpg,,
2026-08-02,21:55,他人,ka_kunn_nazo,カーくん@2027/01/?? 麻雀大会開催(予定),TOKYO GIRLS GIRLS extra!! / UNIVERSE企画『Dance party』,対バン（静止画は全編可・動画は指定曲のみ）,photo,横,4032,3024,,8,323,https://x.com/ka_kunn_nazo/status/2083899593423814977,https://pbs.twimg.com/media/HOt_n9VaUAE933z.jpg,,
2026-08-02,21:55,他人,ka_kunn_nazo,カーくん@2027/01/?? 麻雀大会開催(予定),TOKYO GIRLS GIRLS extra!! / UNIVERSE企画『Dance party』,対バン（静止画は全編可・動画は指定曲のみ）,photo,横,4032,3024,,8,323,https://x.com/ka_kunn_nazo/status/2083899593423814977,https://pbs.twimg.com/media/HOt_ohIbAAAEAyc.jpg,,
2026-08-02,22:05,他人,sigerin_t,しげりん,TOKYO GIRLS GIRLS extra!! / UNIVERSE企画『Dance party』,対バン（静止画は全編可・動画は指定曲のみ）,photo,縦,3000,4000,,4,531,https://x.com/sigerin_t/status/2083902000954274185,https://pbs.twimg.com/media/HOuB0jOa4AEUL4J.jpg,,
2026-08-02,22:06,他人,sigerin_t,しげりん,TOKYO GIRLS GIRLS extra!! / UNIVERSE企画『Dance party』,対バン（静止画は全編可・動画は指定曲のみ）,photo,縦,3000,4000,,8,610,https://x.com/sigerin_t/status/2083902324859343054,https://pbs.twimg.com/media/HOuCHXLacAApZxH.jpg,,
2026-08-02,22:44,公式,lollipop_1116,公式,TOKYO GIRLS GIRLS extra!! / UNIVERSE企画『Dance party』,対バン（静止画は全編可・動画は指定曲のみ）,photo,縦,1414,2000,,8,803,https://x.com/lollipop_1116/status/2083911946269802717,https://pbs.twimg.com/media/HOuK3jOa0AAL38O.jpg,,1
2026-08-02,23:02,公式,lollipop_1116,公式,TOKYO GIRLS GIRLS extra!! / UNIVERSE企画『Dance party』,対バン（静止画は全編可・動画は指定曲のみ）,video,縦,2160,3840,88,14,5929,https://x.com/lollipop_1116/status/2083916408040407226,https://pbs.twimg.com/amplify_video_thumb/2083915072934735872/img/EXnSJOd1SSQMZ30V.jpg,https://video.twimg.com/amplify_video/2083915072934735872/vid/avc1/2160x3840/y6PaZ4rOn0L2UC1n.mp4?tag=29,1
2026-08-02,23:02,公式,lollipop_1116,公式,TOKYO GIRLS GIRLS extra!! / UNIVERSE企画『Dance party』,対バン（静止画は全編可・動画は指定曲のみ）,photo,横,1477,1108,,14,5929,https://x.com/lollipop_1116/status/2083916408040407226,https://pbs.twimg.com/media/HOuNt8FbkAA4UTV.jpg,,1
2026-08-02,23:07,メンバー,mana_lpop,愛月まな,TOKYO GIRLS GIRLS extra!! / UNIVERSE企画『Dance party』,対バン（静止画は全編可・動画は指定曲のみ）,photo,縦,1536,2048,,37,521,https://x.com/mana_lpop/status/2083917720517738619,https://pbs.twimg.com/media/HOuPL_7asAEb_zx.jpg,,1
2026-08-02,23:10,メンバー,mayu_lpop,夏川茉夢,TOKYO GIRLS GIRLS extra!! / UNIVERSE企画『Dance party』,対バン（静止画は全編可・動画は指定曲のみ）,photo,縦,1536,2048,,29,710,https://x.com/mayu_lpop/status/2083918319581790493,https://pbs.twimg.com/media/HOuQgxmbsAAJuSS.jpg,,1
2026-08-02,23:11,メンバー,mau_lpop,まう,TOKYO GIRLS GIRLS extra!! / UNIVERSE企画『Dance party』,対バン（静止画は全編可・動画は指定曲のみ）,photo,,,,,26,997,https://x.com/mau_lpop/status/2083918724596396263,,,
2026-08-02,23:12,メンバー,kurumi_lpop,やぎくるみ,TOKYO GIRLS GIRLS extra!! / UNIVERSE企画『Dance party』,対バン（静止画は全編可・動画は指定曲のみ）,photo,縦,768,1024,,36,935,https://x.com/kurumi_lpop/status/2083918805806538853,https://pbs.twimg.com/media/HOuRGoaboAADX3W.jpg,,1
2026-08-02,23:12,メンバー,kurumi_lpop,やぎくるみ,TOKYO GIRLS GIRLS extra!! / UNIVERSE企画『Dance party』,対バン（静止画は全編可・動画は指定曲のみ）,photo,縦,768,1024,,36,935,https://x.com/kurumi_lpop/status/2083918805806538853,https://pbs.twimg.com/media/HOuRGoWbYAAKkCl.jpg,,1
2026-08-02,23:12,メンバー,kurumi_lpop,やぎくるみ,TOKYO GIRLS GIRLS extra!! / UNIVERSE企画『Dance party』,対バン（静止画は全編可・動画は指定曲のみ）,photo,縦,768,1024,,36,935,https://x.com/kurumi_lpop/status/2083918805806538853,https://pbs.twimg.com/media/HOuRGoZaoAA2Gxr.jpg,,1
2026-08-02,23:12,メンバー,kurumi_lpop,やぎくるみ,TOKYO GIRLS GIRLS extra!! / UNIVERSE企画『Dance party』,対バン（静止画は全編可・動画は指定曲のみ）,photo,縦,768,1024,,36,935,https://x.com/kurumi_lpop/status/2083918805806538853,https://pbs.twimg.com/media/HOuRGoZbAAAucze.jpg,,1
2026-08-02,23:16,公式,lollipop_1116,公式,TOKYO GIRLS GIRLS extra!! / UNIVERSE企画『Dance party』,対バン（静止画は全編可・動画は指定曲のみ）,photo,縦,1448,2048,,10,6049,https://x.com/lollipop_1116/status/2083919994069627084,https://pbs.twimg.com/media/HOuSLj8aIAAbWHX.jpg,,1
2026-08-02,23:16,公式,lollipop_1116,公式,TOKYO GIRLS GIRLS extra!! / UNIVERSE企画『Dance party』,対バン（静止画は全編可・動画は指定曲のみ）,photo,縦,1448,2048,,10,6049,https://x.com/lollipop_1116/status/2083919994069627084,https://pbs.twimg.com/media/HOuSLkEbkAA4Tav.jpg,,1
2026-08-02,23:43,他人,uskGAS,鰯水(いわし),TOKYO GIRLS GIRLS extra!! / UNIVERSE企画『Dance party』,対バン（静止画は全編可・動画は指定曲のみ）,photo,縦,2254,3006,,15,478,https://x.com/uskGAS/status/2083926621522898959,https://pbs.twimg.com/media/HOuYNyQbsAAVTkS.jpg,,
2026-08-03,00:00,他人,NaoDreamer0907,ふぅメロ🐈 #3日後 重大発表,,,photo,縦,1206,2141,,6,235,https://x.com/NaoDreamer0907/status/2083930833921171495,https://pbs.twimg.com/media/HOucBpMaMAAQ2t5.jpg,,1
2026-08-03,00:01,他人,UNIVERSE_kikaku,UNIVERSE企画,,,photo,縦,1481,2048,,16,806,https://x.com/UNIVERSE_kikaku/status/2083931134195609967,https://pbs.twimg.com/media/HOucTqGaAAA3fBs.jpg,,1
2026-08-03,00:17,他人,Ago_decha_U,でちゃう,,,photo,横,4000,3000,,15,414,https://x.com/Ago_decha_U/status/2083935232420614211,https://pbs.twimg.com/media/HOugCxUaIAAtPxX.jpg,,
2026-08-03,00:37,他人,NaoDreamer0907,ふぅメロ🐈 #3日後 重大発表,,,photo,正方形,2309,2268,,6,349,https://x.com/NaoDreamer0907/status/2083940360473153920,https://pbs.twimg.com/media/HOuksUubMAAj4gz.jpg,,1
2026-08-03,00:37,他人,NaoDreamer0907,ふぅメロ🐈 #3日後 重大発表,,,photo,縦,2268,4032,,6,349,https://x.com/NaoDreamer0907/status/2083940360473153920,https://pbs.twimg.com/media/HOuksUabMAA7PEh.jpg,,1
2026-08-03,00:37,他人,NaoDreamer0907,ふぅメロ🐈 #3日後 重大発表,,,photo,縦,2268,4032,,6,349,https://x.com/NaoDreamer0907/status/2083940360473153920,https://pbs.twimg.com/media/HOuksUvbYAAL13f.jpg,,1
2026-08-03,00:37,他人,NaoDreamer0907,ふぅメロ🐈 #3日後 重大発表,,,photo,横,4032,2268,,6,349,https://x.com/NaoDreamer0907/status/2083940360473153920,https://pbs.twimg.com/media/HOuksUtbkAAGTjH.jpg,,1
2026-08-03,00:48,メンバー,ami_lpop,松川愛美,,,photo,,,,,32,945,https://x.com/ami_lpop/status/2083943091451593009,,,
2026-08-03,00:57,他人,NaoDreamer0907,ふぅメロ🐈 #3日後 重大発表,,,photo,縦,2268,4032,,10,366,https://x.com/NaoDreamer0907/status/2083945377620013394,https://pbs.twimg.com/media/HOupOzQbEAAYMKK.jpg,,1
2026-08-03,06:34,他人,Elizabethdaga,エリザベス🪧🐻‍❄️,,,photo,縦,1269,2048,,8,322,https://x.com/Elizabethdaga/status/2084030000429416665,https://pbs.twimg.com/media/HOv2O19boAAWn1k.jpg,,1
2026-08-03,06:34,他人,Elizabethdaga,エリザベス🪧🐻‍❄️,,,photo,縦,1297,2048,,8,322,https://x.com/Elizabethdaga/status/2084030000429416665,https://pbs.twimg.com/media/HOv2O1vbgAAVPJa.jpg,,1
2026-08-03,06:34,他人,Elizabethdaga,エリザベス🪧🐻‍❄️,,,photo,縦,1291,2048,,8,322,https://x.com/Elizabethdaga/status/2084030000429416665,https://pbs.twimg.com/media/HOv2O1xb0AATn_7.jpg,,1
2026-08-03,06:34,他人,Elizabethdaga,エリザベス🪧🐻‍❄️,,,photo,横,2048,1536,,8,322,https://x.com/Elizabethdaga/status/2084030000429416665,https://pbs.twimg.com/media/HOv2O1vbUAAcrEa.jpg,,
2026-08-03,07:33,メンバー,mana_lpop,愛月まな,,,photo,縦,1536,2048,,61,990,https://x.com/mana_lpop/status/2084044939923705966,https://pbs.twimg.com/media/HOwD0q5akAA-i4_.jpg,,1
2026-08-03,11:06,他人,GkrXbn2,むしゃにゃん,,,video,縦,720,1280,10,12,482,https://x.com/GkrXbn2/status/2084098470550593673,https://pbs.twimg.com/amplify_video_thumb/2084098428049711104/img/128KdKp69Dn5W5Mj.jpg,https://video.twimg.com/amplify_video/2084098428049711104/vid/avc1/720x1280/G5YtemsUp1KEoFbb.mp4?tag=29,1
2026-08-03,12:15,メンバー,kurumi_lpop,やぎくるみ,,,photo,正方形,2048,2048,,85,2828,https://x.com/kurumi_lpop/status/2084115849565343942,https://pbs.twimg.com/media/HOxEURxa0AAk1iC.jpg,,1
2026-08-03,12:15,メンバー,kurumi_lpop,やぎくるみ,,,photo,正方形,2047,2048,,85,2828,https://x.com/kurumi_lpop/status/2084115849565343942,https://pbs.twimg.com/media/HOxEURwa8AEx-6w.jpg,,1
2026-08-03,17:02,メンバー,mau_lpop,まう,,,photo,,,,,41,557,https://x.com/mau_lpop/status/2084188164781158456,,,
2026-08-03,20:57,他人,yuki_t0617,ユウキ🤍🏹,,,photo,横,2048,1536,,8,363,https://x.com/yuki_t0617/status/2084247294069948812,https://pbs.twimg.com/media/HOy72DMbYAAqegq.jpg,,1
2026-08-03,20:57,他人,yuki_t0617,ユウキ🤍🏹,,,photo,縦,1536,2048,,8,363,https://x.com/yuki_t0617/status/2084247294069948812,https://pbs.twimg.com/media/HOy72DGbUAAUe_C.jpg,,1
2026-08-04,11:42,メンバー,kurumi_lpop,やぎくるみ,,,photo,縦,1439,2048,,66,1454,https://x.com/kurumi_lpop/status/2084470104721600892,https://pbs.twimg.com/media/HO2EmC2bwAAUhkA.jpg,,1
2026-08-04,11:42,メンバー,kurumi_lpop,やぎくるみ,,,photo,縦,1394,2048,,66,1454,https://x.com/kurumi_lpop/status/2084470104721600892,https://pbs.twimg.com/media/HO2EmDFbcAEfyPR.jpg,,1
2026-08-04,11:42,メンバー,kurumi_lpop,やぎくるみ,,,photo,縦,1526,2033,,66,1454,https://x.com/kurumi_lpop/status/2084470104721600892,https://pbs.twimg.com/media/HO2EmC3bgAQmMhZ.jpg,,1
2026-08-04,11:42,メンバー,kurumi_lpop,やぎくるみ,,,photo,縦,1534,2043,,66,1454,https://x.com/kurumi_lpop/status/2084470104721600892,https://pbs.twimg.com/media/HO2EmDCaQAAY0U7.jpg,,1
2026-08-04,12:01,公式,lollipop_1116,公式,,,photo,縦,1024,1536,,7,1556,https://x.com/lollipop_1116/status/2084474677502902412,https://pbs.twimg.com/media/HO2KnzMa0AASeEt.jpg,,1
2026-08-04,12:02,メンバー,mayu_lpop,夏川茉夢,,,photo,縦,1536,2048,,21,1413,https://x.com/mayu_lpop/status/2084474920352768156,https://pbs.twimg.com/media/HO2K441bYAAQd6l.jpg,,1
2026-08-04,16:14,メンバー,mana_lpop,愛月まな,,,photo,縦,1536,2048,,44,1185,https://x.com/mana_lpop/status/2084538503766200567,https://pbs.twimg.com/media/HO3Et8YaQAADfh3.jpg,,1
2026-08-04,16:26,メンバー,mau_lpop,まう,,,video,,,,,2,153,https://x.com/mau_lpop/status/2084541392551027040,,,
2026-08-04,18:39,メンバー,ami_lpop,松川愛美,,,photo,,,,,15,733,https://x.com/ami_lpop/status/2084574943929647223,,,
2026-08-05,07:41,メンバー,mayu_lpop,夏川茉夢,,,photo,横,2048,1536,,45,668,https://x.com/mayu_lpop/status/2084771726488113610,https://pbs.twimg.com/media/HO6Y1ZpaoAAZ_K6.jpg,,1
2026-08-05,08:31,メンバー,mau_lpop,まう,,,photo,,,,,44,788,https://x.com/mau_lpop/status/2084784346914070727,,,
2026-08-05,14:48,メンバー,kurumi_lpop,やぎくるみ,,,photo,縦,1536,2048,,62,1212,https://x.com/kurumi_lpop/status/2084879133100908738,https://pbs.twimg.com/media/HO76hMkaUAAFEw9.jpg,,1
2026-08-05,14:48,メンバー,kurumi_lpop,やぎくるみ,,,photo,横,2048,1536,,62,1212,https://x.com/kurumi_lpop/status/2084879133100908738,https://pbs.twimg.com/media/HO76hMja0AAqrN8.jpg,,1
2026-08-05,15:40,メンバー,mana_lpop,愛月まな,,,photo,縦,1536,2048,,66,823,https://x.com/mana_lpop/status/2084892206452838708,https://pbs.twimg.com/media/HO8GaAAaoAAuFrO.jpg,,1
2026-08-05,17:28,公式,lollipop_1116,公式,,,photo,縦,1102,2048,,19,2713,https://x.com/lollipop_1116/status/2084919407055450423,https://pbs.twimg.com/media/HO8fJcda8AA8LXv.jpg,,1
2026-08-05,20:00,公式,lollipop_1116,公式,,,photo,縦,768,1024,,34,17953,https://x.com/lollipop_1116/status/2084957760190554579,https://pbs.twimg.com/media/HO9CCBlaYAAVYYJ.jpg,,1
2026-08-05,20:01,公式,lollipop_1116,公式,,,photo,縦,1076,1522,,11,6648,https://x.com/lollipop_1116/status/2084958014759743903,https://pbs.twimg.com/media/HO9CQjEboAA2GOJ.jpg,,1
2026-08-05,20:01,公式,lollipop_1116,公式,,,photo,縦,1046,2048,,11,6648,https://x.com/lollipop_1116/status/2084958014759743903,https://pbs.twimg.com/media/HO9CQjEbcAAhJmW.jpg,,1
2026-08-05,20:01,公式,lollipop_1116,公式,,,photo,縦,1076,1522,,11,6648,https://x.com/lollipop_1116/status/2084958014759743903,https://pbs.twimg.com/media/HO9CQjFaoAEjsrj.jpg,,1
2026-08-05,20:01,公式,lollipop_1116,公式,,,photo,縦,1346,2048,,11,6648,https://x.com/lollipop_1116/status/2084958014759743903,https://pbs.twimg.com/media/HO9CQjOa8AEmP-q.jpg,,1
2026-08-05,20:09,他人,nanotabiyori,なの,,,photo,縦,768,1024,,59,6859,https://x.com/nanotabiyori/status/2084959923058913479,https://pbs.twimg.com/media/HO9D_53bQAAehSx.jpg,,1
2026-08-05,20:41,公式,lollipop_1116,公式,,,photo,縦,1076,1522,,16,16416,https://x.com/lollipop_1116/status/2084967974331670528,https://pbs.twimg.com/media/HO9B82baIAAHkHu.jpg,,1
2026-08-05,20:49,メンバー,mayu_lpop,夏川茉夢,,,photo,縦,1180,1774,,26,1996,https://x.com/mayu_lpop/status/2084969950478049483,https://pbs.twimg.com/media/HO9EPBaaUAAKDGm.jpg,,1
2026-08-05,20:49,メンバー,mayu_lpop,夏川茉夢,,,photo,縦,1076,1522,,26,1996,https://x.com/mayu_lpop/status/2084969950478049483,https://pbs.twimg.com/media/HO9EPBabIAEtGgs.jpg,,1
2026-08-05,20:49,メンバー,mayu_lpop,夏川茉夢,,,photo,縦,1076,1522,,26,1996,https://x.com/mayu_lpop/status/2084969950478049483,https://pbs.twimg.com/media/HO9EPBZaAAAuN1R.jpg,,1
2026-08-05,20:49,メンバー,mayu_lpop,夏川茉夢,,,photo,縦,768,1024,,26,1996,https://x.com/mayu_lpop/status/2084969950478049483,https://pbs.twimg.com/media/HO9EPBQagAApy12.jpg,,1
2026-08-06,12:18,メンバー,mayu_lpop,夏川茉夢,,,photo,縦,1536,2048,,49,689,https://x.com/mayu_lpop/status/2085203743889633488,https://pbs.twimg.com/media/HPAhwFTbQAADQko.jpg,,1
2026-08-06,14:58,メンバー,mana_lpop,愛月まな,,,photo,縦,1536,2048,,73,772,https://x.com/mana_lpop/status/2085243981672350132,https://pbs.twimg.com/media/HPBGVW8agAAXTVt.jpg,,1
2026-08-06,20:59,他人,salt_myco,マイコー,,,photo,縦,1536,2048,,13,614,https://x.com/salt_myco/status/2085335035868221684,https://pbs.twimg.com/media/HPCZJt9bUAA2AdA.jpg,,
2026-08-06,23:53,メンバー,mau_lpop,まう,,,photo,,,,,37,546,https://x.com/mau_lpop/status/2085378764796838034,,,
2026-08-07,07:17,メンバー,mana_lpop,愛月まな,,,photo,縦,1536,2048,,68,914,https://x.com/mana_lpop/status/2085490488208228753,https://pbs.twimg.com/media/HPEmiwwakAAZfvy.jpg,,1
2026-08-07,08:29,メンバー,mau_lpop,まう,,,photo,,,,,42,810,https://x.com/mau_lpop/status/2085508479855517747,,,
2026-08-07,10:14,メンバー,kurumi_lpop,やぎくるみ,,,photo,縦,1536,2048,,73,837,https://x.com/kurumi_lpop/status/2085535138893677013,https://pbs.twimg.com/media/HPFPJktacAAO7mg.jpg,,1
2026-08-07,10:38,メンバー,kurumi_lpop,やぎくるみ,,,photo,横,2048,1448,,18,844,https://x.com/kurumi_lpop/status/2085541064782549148,https://pbs.twimg.com/media/HPFUiNFbcAAxFJf.jpg,,1
2026-08-07,10:38,メンバー,kurumi_lpop,やぎくるみ,,,photo,縦,1448,2048,,18,844,https://x.com/kurumi_lpop/status/2085541064782549148,https://pbs.twimg.com/media/HPFUiNDa0AAkcrC.jpg,,1
2026-08-07,10:38,メンバー,kurumi_lpop,やぎくるみ,,,photo,縦,1024,1536,,18,844,https://x.com/kurumi_lpop/status/2085541064782549148,https://pbs.twimg.com/media/HPFUiNHakAAxkTx.jpg,,1
2026-08-07,10:38,メンバー,kurumi_lpop,やぎくるみ,,,photo,縦,1180,1774,,18,844,https://x.com/kurumi_lpop/status/2085541064782549148,https://pbs.twimg.com/media/HPFUiM6bAAA7-I3.jpg,,1
2026-08-07,12:52,他人,terraria_sv,てらっち,,,photo,横,2048,1536,,6,283,https://x.com/terraria_sv/status/2085574767479001092,https://pbs.twimg.com/media/HPFzLs2aAAAhE5t.jpg,,1
2026-08-07,21:00,公式,lollipop_1116,公式,,,photo,縦,1122,1402,,18,20073,https://x.com/lollipop_1116/status/2085697669146841574,https://pbs.twimg.com/media/HPHi-R9b0AEySV2.jpg,,1
2026-08-07,21:00,公式,lollipop_1116,公式,,,photo,縦,1144,1432,,18,20073,https://x.com/lollipop_1116/status/2085697669146841574,https://pbs.twimg.com/media/HPHi-RzagAAnr6T.jpg,,1
2026-08-07,21:03,メンバー,mau_lpop,まう,,,photo,,,,,37,905,https://x.com/mau_lpop/status/2085698217946313114,,,
2026-08-07,21:52,メンバー,kurumi_lpop,やぎくるみ,,,video,横,1560,1170,49,68,2534,https://x.com/kurumi_lpop/status/2085710602291528014,https://pbs.twimg.com/amplify_video_thumb/2085710460939337729/img/yPIR_3mS3vURttOt.jpg,https://video.twimg.com/amplify_video/2085710460939337729/vid/avc1/1560x1170/71coc_PDYBSaHB75.mp4?tag=29,1
2026-08-08,14:05,メンバー,mayu_lpop,夏川茉夢,【ポッケからきゅんっふぇす！】,対バン（静止画は全編可・動画は指定曲のみ）,photo,横,2048,1536,,40,587,https://x.com/mayu_lpop/status/2085955596302549362,https://pbs.twimg.com/media/HPLNjpRa0AAAN20.jpg,,1
2026-08-08,15:10,メンバー,mana_lpop,愛月まな,【ポッケからきゅんっふぇす！】,対バン（静止画は全編可・動画は指定曲のみ）,photo,縦,1536,2048,,54,648,https://x.com/mana_lpop/status/2085971946676895802,https://pbs.twimg.com/media/HPLcbVTbwAA0O1I.jpg,,1
2026-08-08,15:26,メンバー,mau_lpop,まう,【ポッケからきゅんっふぇす！】,対バン（静止画は全編可・動画は指定曲のみ）,photo,,,,,29,897,https://x.com/mau_lpop/status/2085975997619511564,,,
2026-08-08,18:46,公式,lollipop_1116,公式,【ポッケからきゅんっふぇす！】,対バン（静止画は全編可・動画は指定曲のみ）,photo,横,1477,1108,,12,6936,https://x.com/lollipop_1116/status/2086026221624975454,https://pbs.twimg.com/media/HPMNk6fboAAY41v.jpg,,1
2026-08-08,18:46,公式,lollipop_1116,公式,【ポッケからきゅんっふぇす！】,対バン（静止画は全編可・動画は指定曲のみ）,video,横,1920,1080,89,12,6936,https://x.com/lollipop_1116/status/2086026221624975454,https://pbs.twimg.com/amplify_video_thumb/2086025980263723008/img/BpFTeuhGYFXpfl2n.jpg,https://video.twimg.com/amplify_video/2086025980263723008/vid/avc1/1920x1080/58dj2it_bfwyRPZU.mp4?tag=29,1
2026-08-08,19:10,メンバー,mana_lpop,愛月まな,【ポッケからきゅんっふぇす！】,対バン（静止画は全編可・動画は指定曲のみ）,photo,縦,1536,2048,,53,628,https://x.com/mana_lpop/status/2086032375209951673,https://pbs.twimg.com/media/HPMTXIlb0AAABLE.jpg,,1
2026-08-08,19:11,メンバー,kurumi_lpop,やぎくるみ,【ポッケからきゅんっふぇす！】,対バン（静止画は全編可・動画は指定曲のみ）,photo,縦,1536,2048,,39,853,https://x.com/kurumi_lpop/status/2086032648326234131,https://pbs.twimg.com/media/HPMTn7obIAAuiRU.jpg,,1
2026-08-08,19:44,メンバー,mayu_lpop,夏川茉夢,【ポッケからきゅんっふぇす！】,対バン（静止画は全編可・動画は指定曲のみ）,photo,縦,1536,2048,,30,947,https://x.com/mayu_lpop/status/2086040962187612202,https://pbs.twimg.com/media/HPMbLmsa4AAT0lN.jpg,,1
2026-08-08,19:44,メンバー,mayu_lpop,夏川茉夢,【ポッケからきゅんっふぇす！】,対バン（静止画は全編可・動画は指定曲のみ）,photo,縦,1536,2048,,30,947,https://x.com/mayu_lpop/status/2086040962187612202,https://pbs.twimg.com/media/HPMbLmta8AAuy8d.jpg,,1
2026-08-08,19:51,メンバー,mau_lpop,まう,【ポッケからきゅんっふぇす！】,対バン（静止画は全編可・動画は指定曲のみ）,video,,,,,33,1100,https://x.com/mau_lpop/status/2086042629536411874,,,
2026-08-08,19:53,メンバー,ami_lpop,松川愛美,【ポッケからきゅんっふぇす！】,対バン（静止画は全編可・動画は指定曲のみ）,photo,,,,,32,982,https://x.com/ami_lpop/status/2086043167917584862,,,
2026-08-08,20:47,他人,skyeeffcapital,Sky | Effective Capital,【ポッケからきゅんっふぇす！】,対バン（静止画は全編可・動画は指定曲のみ）,photo,縦,2710,3614,,18,576,https://x.com/skyeeffcapital/status/2086056751288459391,https://pbs.twimg.com/media/HPMpi0PakAAT5-V.jpg,,
2026-08-08,20:47,他人,skyeeffcapital,Sky | Effective Capital,【ポッケからきゅんっふぇす！】,対バン（静止画は全編可・動画は指定曲のみ）,photo,縦,3024,4032,,18,576,https://x.com/skyeeffcapital/status/2086056751288459391,https://pbs.twimg.com/media/HPMpjaOb0AAguCU.jpg,,
2026-08-08,21:29,公式,lollipop_1116,公式,【ポッケからきゅんっふぇす！】,対バン（静止画は全編可・動画は指定曲のみ）,photo,縦,679,1024,,8,4778,https://x.com/lollipop_1116/status/2086067160460489216,https://pbs.twimg.com/media/HPMzBqTbYAAEJZW.jpg,,1
2026-08-08,21:49,他人,yui_kimihana,春崎結衣【キミトサクハナ】12/3（木）2ndワンマンライブ＠秋葉原P.A.R.M.Sさん,【ポッケからきゅんっふぇす！】,対バン（静止画は全編可・動画は指定曲のみ）,photo,横,2048,1536,,22,1285,https://x.com/yui_kimihana/status/2086072320956002815,https://pbs.twimg.com/media/HPM3t2YagAARjFw.jpg,,1
2026-08-08,21:49,他人,yui_kimihana,春崎結衣【キミトサクハナ】12/3（木）2ndワンマンライブ＠秋葉原P.A.R.M.Sさん,【ポッケからきゅんっふぇす！】,対バン（静止画は全編可・動画は指定曲のみ）,photo,横,2048,1717,,22,1285,https://x.com/yui_kimihana/status/2086072320956002815,https://pbs.twimg.com/media/HPM3t2Ya0AAhYWr.jpg,,1
2026-08-08,22:37,他人,ka_kunn_nazo,カーくん@2027/01/?? 麻雀大会開催(予定),【ポッケからきゅんっふぇす！】,対バン（静止画は全編可・動画は指定曲のみ）,photo,縦,3024,4032,,9,220,https://x.com/ka_kunn_nazo/status/2086084317151678912,https://pbs.twimg.com/media/HPNCm-cbYAE0c74.jpg,,
2026-08-08,22:37,他人,ka_kunn_nazo,カーくん@2027/01/?? 麻雀大会開催(予定),【ポッケからきゅんっふぇす！】,対バン（静止画は全編可・動画は指定曲のみ）,photo,横,4032,3024,,9,220,https://x.com/ka_kunn_nazo/status/2086084317151678912,https://pbs.twimg.com/media/HPNCndVbEAAHBEh.jpg,,
2026-08-08,22:37,他人,ka_kunn_nazo,カーくん@2027/01/?? 麻雀大会開催(予定),【ポッケからきゅんっふぇす！】,対バン（静止画は全編可・動画は指定曲のみ）,photo,横,4032,3024,,9,220,https://x.com/ka_kunn_nazo/status/2086084317151678912,https://pbs.twimg.com/media/HPNCoAQaIAATkzQ.jpg,,
2026-08-08,22:38,メンバー,mau_lpop,まう,【ポッケからきゅんっふぇす！】,対バン（静止画は全編可・動画は指定曲のみ）,photo,,,,,25,776,https://x.com/mau_lpop/status/2086084573591670913,,,
2026-08-08,22:38,メンバー,mayu_lpop,夏川茉夢,【ポッケからきゅんっふぇす！】,対バン（静止画は全編可・動画は指定曲のみ）,photo,縦,1479,2048,,50,759,https://x.com/mayu_lpop/status/2086084593040715938,https://pbs.twimg.com/media/HPNC4JcagAAJTzM.jpg,,1
2026-08-08,22:43,メンバー,kurumi_lpop,やぎくるみ,【ポッケからきゅんっふぇす！】,対バン（静止画は全編可・動画は指定曲のみ）,photo,縦,1144,1432,,15,5146,https://x.com/kurumi_lpop/status/2086085995125162238,https://pbs.twimg.com/media/HPNEJvKbgAAkt5Y.jpg,,1
2026-08-08,22:43,メンバー,kurumi_lpop,やぎくるみ,【ポッケからきゅんっふぇす！】,対バン（静止画は全編可・動画は指定曲のみ）,photo,縦,1122,1402,,15,5146,https://x.com/kurumi_lpop/status/2086085995125162238,https://pbs.twimg.com/media/HPNEJvCagAAHK0K.jpg,,1
2026-08-08,22:43,メンバー,kurumi_lpop,やぎくるみ,【ポッケからきゅんっふぇす！】,対バン（静止画は全編可・動画は指定曲のみ）,photo,縦,1536,2048,,15,5146,https://x.com/kurumi_lpop/status/2086085995125162238,https://pbs.twimg.com/media/HPNEJu6agAA5TbV.jpg,,1
2026-08-08,23:13,他人,halcc_,はる🍜,【ポッケからきゅんっふぇす！】,対バン（静止画は全編可・動画は指定曲のみ）,photo,横,1957,1243,,10,420,https://x.com/halcc_/status/2086093549276405875,https://pbs.twimg.com/media/HPNLAkhboAAqCha.jpg,,1
2026-08-08,23:13,他人,halcc_,はる🍜,【ポッケからきゅんっふぇす！】,対バン（静止画は全編可・動画は指定曲のみ）,photo,正方形,2048,2048,,10,420,https://x.com/halcc_/status/2086093549276405875,https://pbs.twimg.com/media/HPNLAkia8AAjUif.jpg,,1
2026-08-08,23:13,他人,halcc_,はる🍜,【ポッケからきゅんっふぇす！】,対バン（静止画は全編可・動画は指定曲のみ）,video,縦,720,1280,9,10,420,https://x.com/halcc_/status/2086093549276405875,https://pbs.twimg.com/amplify_video_thumb/2086093525641519104/img/zu27m9sU7TEmr276.jpg,https://video.twimg.com/amplify_video/2086093525641519104/vid/avc1/720x1280/2gRsGec3zumbdqgq.mp4?tag=29,1
2026-08-09,05:46,メンバー,mana_lpop,愛月まな,【IDOL ∞ INFINITY HOLIDAY SP 2026】 / 「SHIBUYA KAWAII SUPER LIVE 2026」,対バン（静止画は全編可・動画は指定曲のみ）,photo,縦,1536,2048,,60,742,https://x.com/mana_lpop/status/2086192332354072883,https://pbs.twimg.com/media/HPOk3kbagAAF_bO.jpg,,1
2026-08-09,08:36,メンバー,mau_lpop,まう,【IDOL ∞ INFINITY HOLIDAY SP 2026】 / 「SHIBUYA KAWAII SUPER LIVE 2026」,対バン（静止画は全編可・動画は指定曲のみ）,photo,,,,,33,839,https://x.com/mau_lpop/status/2086235199315353681,,,
2026-08-09,08:56,メンバー,kurumi_lpop,やぎくるみ,【IDOL ∞ INFINITY HOLIDAY SP 2026】 / 「SHIBUYA KAWAII SUPER LIVE 2026」,対バン（静止画は全編可・動画は指定曲のみ）,photo,縦,1536,2048,,38,1056,https://x.com/kurumi_lpop/status/2086240183092138142,https://pbs.twimg.com/media/HPPQXwyasAAPnq1.jpg,,1
2026-08-09,11:39,他人,mo_8_c,9/6昼くるみちゃん生誕に行くもやC,【IDOL ∞ INFINITY HOLIDAY SP 2026】 / 「SHIBUYA KAWAII SUPER LIVE 2026」,対バン（静止画は全編可・動画は指定曲のみ）,photo,横,4096,2015,,19,632,https://x.com/mo_8_c/status/2086281170376142852,https://pbs.twimg.com/media/HPP1qUuaEAE3CQ6.jpg,,
2026-08-09,12:19,メンバー,kurumi_lpop,やぎくるみ,【IDOL ∞ INFINITY HOLIDAY SP 2026】 / 「SHIBUYA KAWAII SUPER LIVE 2026」,対バン（静止画は全編可・動画は指定曲のみ）,photo,縦,1536,2048,,35,1002,https://x.com/kurumi_lpop/status/2086291219114766377,https://pbs.twimg.com/media/HPP-zd2a8AAkeH_.jpg,,1
2026-08-09,12:22,公式,lollipop_1116,公式,【IDOL ∞ INFINITY HOLIDAY SP 2026】 / 「SHIBUYA KAWAII SUPER LIVE 2026」,対バン（静止画は全編可・動画は指定曲のみ）,photo,横,1477,1108,,13,4022,https://x.com/lollipop_1116/status/2086291993748275344,https://pbs.twimg.com/media/HPP9WxXacAAbnJ_.jpg,,1
2026-08-09,12:22,公式,lollipop_1116,公式,【IDOL ∞ INFINITY HOLIDAY SP 2026】 / 「SHIBUYA KAWAII SUPER LIVE 2026」,対バン（静止画は全編可・動画は指定曲のみ）,video,縦,2160,3840,79,13,4022,https://x.com/lollipop_1116/status/2086291993748275344,https://pbs.twimg.com/amplify_video_thumb/2086290534637998081/img/yZsbi0IKbehdYQ7I.jpg,https://video.twimg.com/amplify_video/2086290534637998081/vid/avc1/2160x3840/hp-sjJeUUlTKHxsb.mp4?tag=29,1
2026-08-09,12:26,メンバー,mana_lpop,愛月まな,【IDOL ∞ INFINITY HOLIDAY SP 2026】 / 「SHIBUYA KAWAII SUPER LIVE 2026」,対バン（静止画は全編可・動画は指定曲のみ）,photo,縦,1536,2048,,51,635,https://x.com/mana_lpop/status/2086293094606225865,https://pbs.twimg.com/media/HPQAgpBa8AAY8Eu.jpg,,1
2026-08-09,12:31,メンバー,ami_lpop,松川愛美,【IDOL ∞ INFINITY HOLIDAY SP 2026】 / 「SHIBUYA KAWAII SUPER LIVE 2026」,対バン（静止画は全編可・動画は指定曲のみ）,photo,,,,,22,718,https://x.com/ami_lpop/status/2086294377002041826,,,
2026-08-09,12:31,メンバー,mau_lpop,まう,【IDOL ∞ INFINITY HOLIDAY SP 2026】 / 「SHIBUYA KAWAII SUPER LIVE 2026」,対バン（静止画は全編可・動画は指定曲のみ）,photo,,,,,26,649,https://x.com/mau_lpop/status/2086294227227721962,,,
2026-08-09,12:35,メンバー,mayu_lpop,夏川茉夢,【IDOL ∞ INFINITY HOLIDAY SP 2026】 / 「SHIBUYA KAWAII SUPER LIVE 2026」,対バン（静止画は全編可・動画は指定曲のみ）,photo,縦,1596,2048,,22,759,https://x.com/mayu_lpop/status/2086295250620805171,https://pbs.twimg.com/media/HPQCeGWbkAE3-G2.jpg,,1
2026-08-09,13:02,他人,yuki_t0617,ユウキ🤍🏹,【IDOL ∞ INFINITY HOLIDAY SP 2026】 / 「SHIBUYA KAWAII SUPER LIVE 2026」,対バン（静止画は全編可・動画は指定曲のみ）,photo,縦,1536,2048,,5,661,https://x.com/yuki_t0617/status/2086302000036413880,https://pbs.twimg.com/media/HPQIm-4acAAaBpo.jpg,,1
2026-08-09,13:02,他人,yuki_t0617,ユウキ🤍🏹,【IDOL ∞ INFINITY HOLIDAY SP 2026】 / 「SHIBUYA KAWAII SUPER LIVE 2026」,対バン（静止画は全編可・動画は指定曲のみ）,photo,縦,1536,2048,,5,661,https://x.com/yuki_t0617/status/2086302000036413880,https://pbs.twimg.com/media/HPQIm_EbAAA8jGP.jpg,,1
2026-08-09,13:29,公式,lollipop_1116,公式,【IDOL ∞ INFINITY HOLIDAY SP 2026】 / 「SHIBUYA KAWAII SUPER LIVE 2026」,対バン（静止画は全編可・動画は指定曲のみ）,photo,縦,1102,2048,,12,13792,https://x.com/lollipop_1116/status/2086308980813607083,https://pbs.twimg.com/media/HPQO70aawAAJEZL.jpg,,1
2026-08-09,13:29,公式,lollipop_1116,公式,【IDOL ∞ INFINITY HOLIDAY SP 2026】 / 「SHIBUYA KAWAII SUPER LIVE 2026」,対バン（静止画は全編可・動画は指定曲のみ）,photo,縦,1208,2048,,12,13792,https://x.com/lollipop_1116/status/2086308980813607083,https://pbs.twimg.com/media/HPQO70MboAAFkrp.jpg,,1
2026-08-09,15:28,他人,yasu_1_3_2_5,ヤス(リープ)🈂️❤️‍🔥🦖　🌐ただいまフリーランス　⚫️9/2は声かけてもらったので渋谷に,【IDOL ∞ INFINITY HOLIDAY SP 2026】 / 「SHIBUYA KAWAII SUPER LIVE 2026」,対バン（静止画は全編可・動画は指定曲のみ）,photo,縦,2000,3000,,4,143,https://x.com/yasu_1_3_2_5/status/2086338930467815874,https://pbs.twimg.com/media/HPQqMqmboAABkP_.jpg,,
2026-08-09,15:36,他人,yakitori190511,やきとりん,【IDOL ∞ INFINITY HOLIDAY SP 2026】 / 「SHIBUYA KAWAII SUPER LIVE 2026」,対バン（静止画は全編可・動画は指定曲のみ）,photo,縦,1366,2048,,8,178,https://x.com/yakitori190511/status/2086340823332082068,https://pbs.twimg.com/media/HPQr6iQa8AAUBV3.jpg,,1
2026-08-09,18:21,公式,lollipop_1116,公式,【IDOL ∞ INFINITY HOLIDAY SP 2026】 / 「SHIBUYA KAWAII SUPER LIVE 2026」,対バン（静止画は全編可・動画は指定曲のみ）,photo,横,2048,1536,,9,6192,https://x.com/lollipop_1116/status/2086382360694792317,https://pbs.twimg.com/media/HPRRGZCbsAAr3vw.jpg,,1
2026-08-09,18:21,公式,lollipop_1116,公式,【IDOL ∞ INFINITY HOLIDAY SP 2026】 / 「SHIBUYA KAWAII SUPER LIVE 2026」,対バン（静止画は全編可・動画は指定曲のみ）,video,横,3836,1708,58,9,6192,https://x.com/lollipop_1116/status/2086382360694792317,https://pbs.twimg.com/amplify_video_thumb/2086381697629925376/img/qtpWgS95bwGPrP0Q.jpg,https://video.twimg.com/amplify_video/2086381697629925376/vid/avc1/3836x1708/dBs2MY30CR6QzP_3.mp4?tag=29,1
2026-08-09,18:28,メンバー,kurumi_lpop,やぎくるみ,【IDOL ∞ INFINITY HOLIDAY SP 2026】 / 「SHIBUYA KAWAII SUPER LIVE 2026」,対バン（静止画は全編可・動画は指定曲のみ）,photo,縦,1536,2048,,27,973,https://x.com/kurumi_lpop/status/2086384200190689509,https://pbs.twimg.com/media/HPRTXcBawAA3pBi.jpg,,1
2026-08-09,18:32,メンバー,mana_lpop,愛月まな,【IDOL ∞ INFINITY HOLIDAY SP 2026】 / 「SHIBUYA KAWAII SUPER LIVE 2026」,対バン（静止画は全編可・動画は指定曲のみ）,photo,縦,1536,2048,,40,570,https://x.com/mana_lpop/status/2086384997334757717,https://pbs.twimg.com/media/HPRUF44awAAdFe_.jpg,,1
2026-08-09,18:32,メンバー,mana_lpop,愛月まな,【IDOL ∞ INFINITY HOLIDAY SP 2026】 / 「SHIBUYA KAWAII SUPER LIVE 2026」,対バン（静止画は全編可・動画は指定曲のみ）,photo,縦,1536,2048,,40,570,https://x.com/mana_lpop/status/2086384997334757717,https://pbs.twimg.com/media/HPRUF46bcAA34br.jpg,,1
2026-08-09,18:43,メンバー,mau_lpop,まう,【IDOL ∞ INFINITY HOLIDAY SP 2026】 / 「SHIBUYA KAWAII SUPER LIVE 2026」,対バン（静止画は全編可・動画は指定曲のみ）,photo,,,,,31,1353,https://x.com/mau_lpop/status/2086387864523432421,,,
2026-08-09,19:01,メンバー,mayu_lpop,夏川茉夢,【IDOL ∞ INFINITY HOLIDAY SP 2026】 / 「SHIBUYA KAWAII SUPER LIVE 2026」,対バン（静止画は全編可・動画は指定曲のみ）,photo,縦,1536,2048,,32,1071,https://x.com/mayu_lpop/status/2086392436805533723,https://pbs.twimg.com/media/HPRaxfMa0AAfQhH.jpg,,1
2026-08-09,19:01,メンバー,mayu_lpop,夏川茉夢,【IDOL ∞ INFINITY HOLIDAY SP 2026】 / 「SHIBUYA KAWAII SUPER LIVE 2026」,対バン（静止画は全編可・動画は指定曲のみ）,video,横,1686,1080,45,32,1071,https://x.com/mayu_lpop/status/2086392436805533723,https://pbs.twimg.com/amplify_video_thumb/2086392333621481473/img/Q0kogSp6UZNY_FIw.jpg,https://video.twimg.com/amplify_video/2086392333621481473/vid/avc1/1686x1080/DGbSkLfyJ9EK0w-b.mp4?tag=29,1
2026-08-09,19:49,他人,mo_8_c,9/6昼くるみちゃん生誕に行くもやC,【IDOL ∞ INFINITY HOLIDAY SP 2026】 / 「SHIBUYA KAWAII SUPER LIVE 2026」,対バン（静止画は全編可・動画は指定曲のみ）,photo,横,904,489,,12,3208,https://x.com/mo_8_c/status/2086404523573293560,https://pbs.twimg.com/media/HPRl2x0bwAEN7a6.jpg,,
2026-08-09,20:10,公式,lollipop_1116,公式,【IDOL ∞ INFINITY HOLIDAY SP 2026】 / 「SHIBUYA KAWAII SUPER LIVE 2026」,対バン（静止画は全編可・動画は指定曲のみ）,photo,縦,768,1024,,37,12731,https://x.com/lollipop_1116/status/2086409851719336295,https://pbs.twimg.com/media/HPRqsxLbUAAmCTD.jpg,,1
2026-08-09,20:35,メンバー,kurumi_lpop,やぎくるみ,【IDOL ∞ INFINITY HOLIDAY SP 2026】 / 「SHIBUYA KAWAII SUPER LIVE 2026」,対バン（静止画は全編可・動画は指定曲のみ）,photo,縦,1414,2000,,15,971,https://x.com/kurumi_lpop/status/2086415983670087804,https://pbs.twimg.com/media/HPRwRllaIAAE7JO.jpg,,1
2026-08-09,21:04,メンバー,mayu_lpop,夏川茉夢,【IDOL ∞ INFINITY HOLIDAY SP 2026】 / 「SHIBUYA KAWAII SUPER LIVE 2026」,対バン（静止画は全編可・動画は指定曲のみ）,photo,縦,1536,2048,,33,970,https://x.com/mayu_lpop/status/2086423464647557310,https://pbs.twimg.com/media/HPR3FHsakAEfWx8.jpg,,1
2026-08-09,21:50,他人,JunbanZx,Jun🗝️♥️シンガポール🇸🇬🐹,【IDOL ∞ INFINITY HOLIDAY SP 2026】 / 「SHIBUYA KAWAII SUPER LIVE 2026」,対バン（静止画は全編可・動画は指定曲のみ）,photo,縦,3072,4096,,8,271,https://x.com/JunbanZx/status/2086435067887522121,https://pbs.twimg.com/media/HPSBod_akAE-vSj.jpg,,
2026-08-09,22:11,メンバー,mau_lpop,まう,【IDOL ∞ INFINITY HOLIDAY SP 2026】 / 「SHIBUYA KAWAII SUPER LIVE 2026」,対バン（静止画は全編可・動画は指定曲のみ）,photo,,,,,25,749,https://x.com/mau_lpop/status/2086440133977616675,,,
2026-08-09,22:39,メンバー,ami_lpop,松川愛美,【IDOL ∞ INFINITY HOLIDAY SP 2026】 / 「SHIBUYA KAWAII SUPER LIVE 2026」,対バン（静止画は全編可・動画は指定曲のみ）,photo,,,,,34,907,https://x.com/ami_lpop/status/2086447163320750430,,,
2026-08-09,22:39,他人,yakitori190511,やきとりん,【IDOL ∞ INFINITY HOLIDAY SP 2026】 / 「SHIBUYA KAWAII SUPER LIVE 2026」,対バン（静止画は全編可・動画は指定曲のみ）,photo,縦,1180,1774,,8,501,https://x.com/yakitori190511/status/2086447242064654417,https://pbs.twimg.com/media/HPSMtOxbMAAs1dT.jpg,,1
2026-08-09,22:39,他人,yakitori190511,やきとりん,【IDOL ∞ INFINITY HOLIDAY SP 2026】 / 「SHIBUYA KAWAII SUPER LIVE 2026」,対バン（静止画は全編可・動画は指定曲のみ）,photo,横,2048,1460,,8,501,https://x.com/yakitori190511/status/2086447242064654417,https://pbs.twimg.com/media/HPSMtO2aYAERZr3.jpg,,1
2026-08-10,07:28,メンバー,mana_lpop,愛月まな,⚠️動員重要ライブ⚠️『idolliveinfoREAL』,対バン（静止画は全編可・動画は指定曲のみ）,photo,縦,1536,2048,,65,714,https://x.com/mana_lpop/status/2086580460017406212,https://pbs.twimg.com/media/HPUF3f2acAAVuS1.jpg,,1
2026-08-10,11:59,メンバー,mau_lpop,まう,⚠️動員重要ライブ⚠️『idolliveinfoREAL』,対バン（静止画は全編可・動画は指定曲のみ）,photo,,,,,28,863,https://x.com/mau_lpop/status/2086648612034080779,,,
2026-08-10,18:04,公式,lollipop_1116,公式,⚠️動員重要ライブ⚠️『idolliveinfoREAL』,対バン（静止画は全編可・動画は指定曲のみ）,photo,横,1477,1108,,28,2699,https://x.com/lollipop_1116/status/2086740512753520954,https://pbs.twimg.com/media/HPWW3BUaoAAvAcF.jpg,,1
2026-08-10,18:27,他人,kyametaiki,きゃめた,⚠️動員重要ライブ⚠️『idolliveinfoREAL』,対バン（静止画は全編可・動画は指定曲のみ）,photo,横,2048,1536,,5,496,https://x.com/kyametaiki/status/2086746209537102165,https://pbs.twimg.com/media/HPWcnZAbIAE43yg.jpg,,1
2026-08-10,20:27,他人,kyametaiki,きゃめた,⚠️動員重要ライブ⚠️『idolliveinfoREAL』,対バン（静止画は全編可・動画は指定曲のみ）,video,縦,1080,1380,21,13,1052,https://x.com/kyametaiki/status/2086776372010344484,https://pbs.twimg.com/amplify_video_thumb/2086776304314318848/img/OAgXNCxV6LLZG0E5.jpg,https://video.twimg.com/amplify_video/2086776304314318848/vid/avc1/1080x1380/7CPTPXjpYf90N3tP.mp4?tag=29,1
2026-08-10,21:26,他人,sigerin_t,しげりん,⚠️動員重要ライブ⚠️『idolliveinfoREAL』,対バン（静止画は全編可・動画は指定曲のみ）,photo,縦,3000,4000,,6,2173,https://x.com/sigerin_t/status/2086791248640462922,https://pbs.twimg.com/media/HPXFgwWbkAARitt.jpg,,
2026-08-10,21:37,他人,sigerin_t,しげりん,⚠️動員重要ライブ⚠️『idolliveinfoREAL』,対バン（静止画は全編可・動画は指定曲のみ）,photo,縦,3000,4000,,9,1505,https://x.com/sigerin_t/status/2086794026817311126,https://pbs.twimg.com/media/HPXIFdUbIAAuExb.jpg,,
2026-08-10,21:37,他人,sigerin_t,しげりん,⚠️動員重要ライブ⚠️『idolliveinfoREAL』,対バン（静止画は全編可・動画は指定曲のみ）,photo,縦,3000,4000,,9,1505,https://x.com/sigerin_t/status/2086794026817311126,https://pbs.twimg.com/media/HPXIGPpaUAAv2vg.jpg,,
2026-08-10,22:26,他人,SD_KIKO0804,白絵 葵子【SAKURADOLL】,⚠️動員重要ライブ⚠️『idolliveinfoREAL』,対バン（静止画は全編可・動画は指定曲のみ）,photo,縦,1365,2048,,68,3115,https://x.com/SD_KIKO0804/status/2086806483371761859,https://pbs.twimg.com/media/HPXTbvEa8AEyk3S.jpg,,1
2026-08-10,22:49,公式,lollipop_1116,公式,⚠️動員重要ライブ⚠️『idolliveinfoREAL』,対バン（静止画は全編可・動画は指定曲のみ）,photo,縦,1045,1567,,7,1158,https://x.com/lollipop_1116/status/2086812089528750356,https://pbs.twimg.com/media/HPXYiLcboAABUlj.jpg,,1
2026-08-10,22:49,公式,lollipop_1116,公式,⚠️動員重要ライブ⚠️『idolliveinfoREAL』,対バン（静止画は全編可・動画は指定曲のみ）,photo,縦,951,1108,,15,6201,https://x.com/lollipop_1116/status/2086812080917889373,https://pbs.twimg.com/media/HPXYgZoakAAR29q.jpg,,1
2026-08-10,22:53,メンバー,kurumi_lpop,やぎくるみ,⚠️動員重要ライブ⚠️『idolliveinfoREAL』,対バン（静止画は全編可・動画は指定曲のみ）,photo,縦,1536,2048,,34,956,https://x.com/kurumi_lpop/status/2086813191619981719,https://pbs.twimg.com/media/HPXZhi8b0AA9hFB.jpg,,1
2026-08-10,22:53,メンバー,mana_lpop,愛月まな,⚠️動員重要ライブ⚠️『idolliveinfoREAL』,対バン（静止画は全編可・動画は指定曲のみ）,photo,縦,1536,2048,,50,736,https://x.com/mana_lpop/status/2086813136401867234,https://pbs.twimg.com/media/HPXZe90aoAAW7Et.jpg,,1
2026-08-10,22:56,メンバー,ami_lpop,松川愛美,⚠️動員重要ライブ⚠️『idolliveinfoREAL』,対バン（静止画は全編可・動画は指定曲のみ）,photo,,,,,35,1584,https://x.com/ami_lpop/status/2086814011367325919,,,
2026-08-10,22:57,メンバー,mau_lpop,まう,⚠️動員重要ライブ⚠️『idolliveinfoREAL』,対バン（静止画は全編可・動画は指定曲のみ）,photo,,,,,39,1055,https://x.com/mau_lpop/status/2086814298953921010,,,
2026-08-10,22:58,メンバー,kurumi_lpop,やぎくるみ,⚠️動員重要ライブ⚠️『idolliveinfoREAL』,対バン（静止画は全編可・動画は指定曲のみ）,photo,横,2048,1536,,45,1713,https://x.com/kurumi_lpop/status/2086814482333057249,https://pbs.twimg.com/media/HPXatY7aUAASbvG.jpg,,1
2026-08-10,23:03,メンバー,mayu_lpop,夏川茉夢,⚠️動員重要ライブ⚠️『idolliveinfoREAL』,対バン（静止画は全編可・動画は指定曲のみ）,photo,横,2048,1536,,45,1418,https://x.com/mayu_lpop/status/2086815755052720578,https://pbs.twimg.com/media/HPXb3hkbUAAca-F.jpg,,1
2026-08-10,23:36,他人,naototona1122,なおと,⚠️動員重要ライブ⚠️『idolliveinfoREAL』,対バン（静止画は全編可・動画は指定曲のみ）,video,横,1280,720,140,160,1317,https://x.com/naototona1122/status/2086823957190279222,https://pbs.twimg.com/ext_tw_video_thumb/2086823437298020352/pu/img/tM9rpz3oJKjy9in6.jpg,https://video.twimg.com/ext_tw_video/2086823437298020352/pu/vid/avc1/1280x720/CiZkdb7V-bEtksar.mp4?tag=12,
2026-08-10,23:37,他人,yakitori190511,やきとりん,⚠️動員重要ライブ⚠️『idolliveinfoREAL』,対バン（静止画は全編可・動画は指定曲のみ）,photo,縦,700,1245,,6,176,https://x.com/yakitori190511/status/2086824261440946339,https://pbs.twimg.com/media/HPXjmt4boAAxunf.jpg,,1
2026-08-10,23:37,他人,yakitori190511,やきとりん,⚠️動員重要ライブ⚠️『idolliveinfoREAL』,対バン（静止画は全編可・動画は指定曲のみ）,photo,縦,750,1710,,6,176,https://x.com/yakitori190511/status/2086824261440946339,https://pbs.twimg.com/media/HPXjmt6awAItWbB.jpg,,1
2026-08-11,00:01,他人,AhyonCulturismo,あひょん,苺花なつみ生誕祭 × 卒業ライブ,主催（静止画・動画とも全編可・掲載可）,photo,縦,2029,2522,,7,316,https://x.com/AhyonCulturismo/status/2086830346440675522,https://pbs.twimg.com/media/HPXpIt4bUAAXMn4.jpg,,
2026-08-11,00:26,メンバー,mau_lpop,まう,苺花なつみ生誕祭 × 卒業ライブ,主催（静止画・動画とも全編可・掲載可）,photo,,,,,40,921,https://x.com/mau_lpop/status/2086836507328078045,,,
2026-08-11,06:06,他人,yuki_denou4649,ぽき兄🌸(だいすけ),苺花なつみ生誕祭 × 卒業ライブ,主催（静止画・動画とも全編可・掲載可）,photo,縦,1142,2048,,9,330,https://x.com/yuki_denou4649/status/2086922104017166510,https://pbs.twimg.com/media/HPY72XFa0AAkc73.jpg,,1
2026-08-11,06:06,他人,yuki_denou4649,ぽき兄🌸(だいすけ),苺花なつみ生誕祭 × 卒業ライブ,主催（静止画・動画とも全編可・掲載可）,photo,縦,1160,2048,,9,330,https://x.com/yuki_denou4649/status/2086922104017166510,https://pbs.twimg.com/media/HPY72W6boAAhnMz.jpg,,1
2026-08-11,06:06,他人,yuki_denou4649,ぽき兄🌸(だいすけ),苺花なつみ生誕祭 × 卒業ライブ,主催（静止画・動画とも全編可・掲載可）,photo,縦,1162,2048,,9,330,https://x.com/yuki_denou4649/status/2086922104017166510,https://pbs.twimg.com/media/HPY72W7aMAAgMHJ.jpg,,1
2026-08-11,07:02,メンバー,ami_lpop,松川愛美,苺花なつみ生誕祭 × 卒業ライブ,主催（静止画・動画とも全編可・掲載可）,photo,,,,,31,1111,https://x.com/ami_lpop/status/2086936205502128403,,,
2026-08-11,07:54,メンバー,mayu_lpop,夏川茉夢,苺花なつみ生誕祭 × 卒業ライブ,主催（静止画・動画とも全編可・掲載可）,photo,横,2048,1536,,40,1142,https://x.com/mayu_lpop/status/2086949245836554523,https://pbs.twimg.com/media/HPZVRpdboAAgHy0.jpg,,1
2026-08-11,08:36,メンバー,mau_lpop,まう,苺花なつみ生誕祭 × 卒業ライブ,主催（静止画・動画とも全編可・掲載可）,photo,,,,,31,747,https://x.com/mau_lpop/status/2086959985070883147,,,
2026-08-11,08:41,メンバー,kurumi_lpop,やぎくるみ,苺花なつみ生誕祭 × 卒業ライブ,主催（静止画・動画とも全編可・掲載可）,photo,縦,1536,2048,,39,1314,https://x.com/kurumi_lpop/status/2086961176244883493,https://pbs.twimg.com/media/HPZgIHvbgAAF-DV.jpg,,1
2026-08-11,08:48,他人,you1_r2,ハゲノクマミミ,苺花なつみ生誕祭 × 卒業ライブ,主催（静止画・動画とも全編可・掲載可）,photo,正方形,2145,2310,,10,141,https://x.com/you1_r2/status/2086962923289837842,https://pbs.twimg.com/media/HPZhtxDbYAAIblM.jpg,,
2026-08-11,09:03,他人,MARZ_twit,新宿MARZ,苺花なつみ生誕祭 × 卒業ライブ,主催（静止画・動画とも全編可・掲載可）,photo,縦,1180,1774,,3,360,https://x.com/MARZ_twit/status/2086966702626250841,https://pbs.twimg.com/media/HPZlIFtbkAAMDPE.jpg,,1
2026-08-11,09:25,他人,terraria_sv,てらっち,苺花なつみ生誕祭 × 卒業ライブ,主催（静止画・動画とも全編可・掲載可）,photo,縦,1536,2048,,9,349,https://x.com/terraria_sv/status/2086972170513883400,https://pbs.twimg.com/media/HPZqH9MbgAAtrQa.jpg,,1
2026-08-11,10:34,他人,I_am_not_wotaku,はらだし🌸8/16SAKURADOLLワンマン@Zepp新宿,苺花なつみ生誕祭 × 卒業ライブ,主催（静止画・動画とも全編可・掲載可）,photo,横,3796,2638,,16,475,https://x.com/I_am_not_wotaku/status/2086989670639178054,https://pbs.twimg.com/media/HPZ6BzMbsAAVzL9.jpg,,
2026-08-11,13:04,他人,hoshi_251219,Hoshi⭐️,苺花なつみ生誕祭 × 卒業ライブ,主催（静止画・動画とも全編可・掲載可）,photo,横,2048,1536,,31,532,https://x.com/hoshi_251219/status/2087027279532847153,https://pbs.twimg.com/media/HPacPhaa8AAjv3u.jpg,,1
2026-08-11,13:04,他人,hoshi_251219,Hoshi⭐️,苺花なつみ生誕祭 × 卒業ライブ,主催（静止画・動画とも全編可・掲載可）,photo,縦,1536,2048,,31,532,https://x.com/hoshi_251219/status/2087027279532847153,https://pbs.twimg.com/media/HPacPhabQAAecKt.jpg,,1
2026-08-11,13:57,他人,cybermajin,超まざい∞,苺花なつみ生誕祭 × 卒業ライブ,主催（静止画・動画とも全編可・掲載可）,photo,縦,3072,4096,,5,283,https://x.com/cybermajin/status/2087040797355221169,https://pbs.twimg.com/media/HPaoiJibEAE_2pC.jpg,,
2026-08-11,14:06,他人,cybermajin,超まざい∞,苺花なつみ生誕祭 × 卒業ライブ,主催（静止画・動画とも全編可・掲載可）,photo,縦,3072,4096,,4,263,https://x.com/cybermajin/status/2087043020684448041,https://pbs.twimg.com/media/HPaqj27bYAANvtD.jpg,,
2026-08-11,14:11,他人,AhyonCulturismo,あひょん,苺花なつみ生誕祭 × 卒業ライブ,主催（静止画・動画とも全編可・掲載可）,photo,横,3840,2160,,14,378,https://x.com/AhyonCulturismo/status/2087044178354295250,https://pbs.twimg.com/media/HParnfKbEAA0wK7.jpg,,
2026-08-11,15:11,他人,I_am_not_wotaku,はらだし🌸8/16SAKURADOLLワンマン@Zepp新宿,苺花なつみ生誕祭 × 卒業ライブ,主催（静止画・動画とも全編可・掲載可）,photo,横,4096,3072,,11,449,https://x.com/I_am_not_wotaku/status/2087059211167641683,https://pbs.twimg.com/media/HPa5RZ5akAELKgH.jpg,,
2026-08-11,15:11,他人,I_am_not_wotaku,はらだし🌸8/16SAKURADOLLワンマン@Zepp新宿,苺花なつみ生誕祭 × 卒業ライブ,主催（静止画・動画とも全編可・掲載可）,photo,横,4096,3072,,11,449,https://x.com/I_am_not_wotaku/status/2087059211167641683,https://pbs.twimg.com/media/HPa5SLxbcAAeosi.jpg,,
2026-08-11,15:17,メンバー,kurumi_lpop,やぎくるみ,苺花なつみ生誕祭 × 卒業ライブ,主催（静止画・動画とも全編可・掲載可）,photo,縦,1536,2048,,52,2025,https://x.com/kurumi_lpop/status/2087060942819619260,https://pbs.twimg.com/media/HPa627Na0AAuT5k.jpg,,1
2026-08-11,15:17,メンバー,kurumi_lpop,やぎくるみ,苺花なつみ生誕祭 × 卒業ライブ,主催（静止画・動画とも全編可・掲載可）,photo,縦,1536,2048,,52,2025,https://x.com/kurumi_lpop/status/2087060942819619260,https://pbs.twimg.com/media/HPa627LaEAAdI2l.jpg,,1
2026-08-11,15:17,公式,lollipop_1116,公式,苺花なつみ生誕祭 × 卒業ライブ,主催（静止画・動画とも全編可・掲載可）,photo,縦,1607,2048,,40,15194,https://x.com/lollipop_1116/status/2087060902688510275,https://pbs.twimg.com/media/HPa60_jaMAAs-JT.jpg,,1
2026-08-11,15:33,メンバー,mayu_lpop,夏川茉夢,苺花なつみ生誕祭 × 卒業ライブ,主催（静止画・動画とも全編可・掲載可）,photo,横,2048,1536,,52,3186,https://x.com/mayu_lpop/status/2087064853215076458,https://pbs.twimg.com/media/HPa-awnbAAAXyU4.jpg,,1
2026-08-11,15:33,メンバー,mayu_lpop,夏川茉夢,苺花なつみ生誕祭 × 卒業ライブ,主催（静止画・動画とも全編可・掲載可）,photo,縦,1536,2048,,52,3186,https://x.com/mayu_lpop/status/2087064853215076458,https://pbs.twimg.com/media/HPa-awlaUAEGiWr.jpg,,1
2026-08-11,15:52,メンバー,mana_lpop,愛月まな,苺花なつみ生誕祭 × 卒業ライブ,主催（静止画・動画とも全編可・掲載可）,photo,横,2048,1536,,46,1854,https://x.com/mana_lpop/status/2087069555084705882,https://pbs.twimg.com/media/HPbCr8XbQAEntWG.jpg,,1
2026-08-11,15:52,メンバー,mana_lpop,愛月まな,苺花なつみ生誕祭 × 卒業ライブ,主催（静止画・動画とも全編可・掲載可）,photo,縦,1536,2048,,46,1854,https://x.com/mana_lpop/status/2087069555084705882,https://pbs.twimg.com/media/HPbCr8naAAAZuPE.jpg,,1
2026-08-11,15:58,メンバー,ami_lpop,松川愛美,苺花なつみ生誕祭 × 卒業ライブ,主催（静止画・動画とも全編可・掲載可）,photo,,,,,49,3023,https://x.com/ami_lpop/status/2087071258152411240,,,
2026-08-11,16:24,メンバー,mau_lpop,まう,苺花なつみ生誕祭 × 卒業ライブ,主催（静止画・動画とも全編可・掲載可）,photo,,,,,41,2401,https://x.com/mau_lpop/status/2087077793960177953,,,
2026-08-11,17:27,他人,RyanBanGDreamer,Ryan / Raiden BanGDreamer 🇸🇬,苺花なつみ生誕祭 × 卒業ライブ,主催（静止画・動画とも全編可・掲載可）,photo,縦,1060,2048,,4,134,https://x.com/RyanBanGDreamer/status/2087093550253212020,https://pbs.twimg.com/media/HPbVMhMb0AAuZ22.jpg,,1
2026-08-11,17:32,他人,RyanBanGDreamer,Ryan / Raiden BanGDreamer 🇸🇬,苺花なつみ生誕祭 × 卒業ライブ,主催（静止画・動画とも全編可・掲載可）,photo,縦,1536,2048,,11,257,https://x.com/RyanBanGDreamer/status/2087094688763502799,https://pbs.twimg.com/media/HPbZjbgbEAARR8K.jpg,,1
2026-08-11,18:55,他人,AhyonCulturismo,あひょん,苺花なつみ生誕祭 × 卒業ライブ,主催（静止画・動画とも全編可・掲載可）,video,横,3840,2160,259,28,3593,https://x.com/AhyonCulturismo/status/2087115798263550030,https://pbs.twimg.com/amplify_video_thumb/2087113066764984320/img/E2Gwj8Y3ecOBwBqk.jpg,https://video.twimg.com/amplify_video/2087113066764984320/vid/avc1/3840x2160/g-r5l0sntPs1keNi.mp4?tag=29,1
2026-08-11,21:40,他人,yakitori190511,やきとりん,苺花なつみ生誕祭 × 卒業ライブ,主催（静止画・動画とも全編可・掲載可）,photo,縦,1367,2048,,8,310,https://x.com/yakitori190511/status/2087157234707132610,https://pbs.twimg.com/media/HPcScKpa8AAJEum.jpg,,1
2026-08-11,21:50,他人,yakitori190511,やきとりん,苺花なつみ生誕祭 × 卒業ライブ,主催（静止画・動画とも全編可・掲載可）,photo,縦,1530,2048,,7,390,https://x.com/yakitori190511/status/2087159618699194702,https://pbs.twimg.com/media/HPcUnCJaoAAD5tt.jpg,,1
2026-08-11,22:09,他人,nnnttt7676,ぬん,苺花なつみ生誕祭 × 卒業ライブ,主催（静止画・動画とも全編可・掲載可）,photo,縦,1536,2048,,10,569,https://x.com/nnnttt7676/status/2087164465892733024,https://pbs.twimg.com/media/HPcZBJDboAAD6k5.jpg,,1
2026-08-11,22:09,他人,nnnttt7676,ぬん,苺花なつみ生誕祭 × 卒業ライブ,主催（静止画・動画とも全編可・掲載可）,photo,縦,1536,2048,,10,569,https://x.com/nnnttt7676/status/2087164465892733024,https://pbs.twimg.com/media/HPcZBI0a8AA_TBR.jpg,,1
2026-08-11,22:09,他人,nnnttt7676,ぬん,苺花なつみ生誕祭 × 卒業ライブ,主催（静止画・動画とも全編可・掲載可）,photo,縦,1536,2048,,10,569,https://x.com/nnnttt7676/status/2087164465892733024,https://pbs.twimg.com/media/HPcZBJBbEAA4eJ7.jpg,,1
2026-08-11,22:15,メンバー,mau_lpop,まう,苺花なつみ生誕祭 × 卒業ライブ,主催（静止画・動画とも全編可・掲載可）,photo,,,,,43,723,https://x.com/mau_lpop/status/2087165940140224768,,,
2026-08-11,22:32,公式,lollipop_1116,公式,苺花なつみ生誕祭 × 卒業ライブ,主催（静止画・動画とも全編可・掲載可）,photo,縦,1076,1522,,12,1691,https://x.com/lollipop_1116/status/2087170345669451943,https://pbs.twimg.com/media/HPceXPOaIAAKNGn.jpg,,1
2026-08-11,22:32,公式,lollipop_1116,公式,苺花なつみ生誕祭 × 卒業ライブ,主催（静止画・動画とも全編可・掲載可）,photo,縦,1076,1522,,12,1691,https://x.com/lollipop_1116/status/2087170345669451943,https://pbs.twimg.com/media/HPceXPDaoAAD0xY.jpg,,1
2026-08-11,23:56,他人,suuseitan,すぅねむオタク,苺花なつみ生誕祭 × 卒業ライブ,主催（静止画・動画とも全編可・掲載可）,photo,横,2048,1062,,16,716,https://x.com/suuseitan/status/2087191450270552295,https://pbs.twimg.com/media/HPcxj3KasAABs36.jpg,,
2026-08-11,23:56,他人,suuseitan,すぅねむオタク,苺花なつみ生誕祭 × 卒業ライブ,主催（静止画・動画とも全編可・掲載可）,photo,縦,1536,2048,,16,716,https://x.com/suuseitan/status/2087191450270552295,https://pbs.twimg.com/media/HPcxj3IbYAE1h8v.jpg,,
2026-08-11,23:56,他人,suuseitan,すぅねむオタク,苺花なつみ生誕祭 × 卒業ライブ,主催（静止画・動画とも全編可・掲載可）,photo,横,2048,1536,,16,716,https://x.com/suuseitan/status/2087191450270552295,https://pbs.twimg.com/media/HPcxj3TagAA-3UB.jpg,,
2026-08-12,01:03,他人,Chan_Shima_16,ちゃんしま１６号,,,photo,横,2884,1231,,9,739,https://x.com/Chan_Shima_16/status/2087208320952353071,https://pbs.twimg.com/media/HPdAobVaAAAeJrG.jpg,,
2026-08-12,01:03,他人,Chan_Shima_16,ちゃんしま１６号,,,video,横,1280,720,60,9,739,https://x.com/Chan_Shima_16/status/2087208320952353071,https://pbs.twimg.com/amplify_video_thumb/2087208278212345856/img/iKvzYEJdYW6Cu0Ub.jpg,https://video.twimg.com/amplify_video/2087208278212345856/vid/avc1/1280x720/Y0D9JrZ6F_tGpP_G.mp4?tag=29,1
2026-08-12,04:02,他人,Katsuki_fksayo,Katsuki,,,photo,横,4000,3000,,8,208,https://x.com/Katsuki_fksayo/status/2087253322961203200,https://pbs.twimg.com/media/HPdp1R6b0AAv1wR.jpg,,
2026-08-12,05:06,メンバー,mana_lpop,愛月まな,,,photo,縦,768,1024,,86,2266,https://x.com/mana_lpop/status/2087269437452038606,https://pbs.twimg.com/media/HPd4fIZbIAAjQFO.jpg,,1
2026-08-12,05:59,他人,BarrelBoy274,Barreling it (バレる),,,video,横,1920,1080,56,9,261,https://x.com/BarrelBoy274/status/2087282836516864190,https://pbs.twimg.com/amplify_video_thumb/2087273981288316928/img/-ft4HR1OtFwkYzQr.jpg,https://video.twimg.com/amplify_video/2087273981288316928/vid/avc1/1280x720/uglDpJLg9jtYFP2w.mp4?tag=14,1
2026-08-12,07:33,他人,ttrsougen,たーぴん👶💛,,,photo,横,2048,1536,,13,410,https://x.com/ttrsougen/status/2087306450628755959,https://pbs.twimg.com/media/HPeaCpLaQAAaNuL.jpg,,1
2026-08-12,07:33,他人,ttrsougen,たーぴん👶💛,,,photo,縦,1536,2048,,13,410,https://x.com/ttrsougen/status/2087306450628755959,https://pbs.twimg.com/media/HPeaCpRaoAAPN0H.jpg,,1
2026-08-12,07:33,他人,ttrsougen,たーぴん👶💛,,,photo,縦,1536,2048,,13,410,https://x.com/ttrsougen/status/2087306450628755959,https://pbs.twimg.com/media/HPeaCpFaEAA1pGk.jpg,,1
2026-08-12,07:33,他人,ttrsougen,たーぴん👶💛,,,photo,横,2048,1536,,13,410,https://x.com/ttrsougen/status/2087306450628755959,https://pbs.twimg.com/media/HPeaCpFagAAgayE.jpg,,1
2026-08-12,07:45,メンバー,mayu_lpop,夏川茉夢,,,photo,縦,1536,2048,,55,844,https://x.com/mayu_lpop/status/2087309424440516669,https://pbs.twimg.com/media/HPec22aaEAAfQ2C.jpg,,1
2026-08-12,08:19,他人,cybermajin,超まざい∞,,,video,横,1072,608,107,3,301,https://x.com/cybermajin/status/2087317968107762020,https://pbs.twimg.com/amplify_video_thumb/2087317892513865729/img/2m4EcmeSylBJISl1.jpg,https://video.twimg.com/amplify_video/2087317892513865729/vid/avc1/1072x608/4cVzYqYGUCDozZu9.mp4?tag=29,1
2026-08-12,11:55,他人,Panchan_7,ぱんちゃん,,,photo,横,4096,2731,,5,242,https://x.com/Panchan_7/status/2087372282994040876,https://pbs.twimg.com/media/HPfTqxhaoAAbETg.jpg,,1
2026-08-12,11:55,他人,Panchan_7,ぱんちゃん,,,photo,横,4096,2731,,5,242,https://x.com/Panchan_7/status/2087372282994040876,https://pbs.twimg.com/media/HPfT7xmasAE0L-V.jpg,,1
2026-08-12,11:55,他人,Panchan_7,ぱんちゃん,,,photo,正方形,3986,3711,,5,242,https://x.com/Panchan_7/status/2087372282994040876,https://pbs.twimg.com/media/HPfUS4HbgAAJsGm.jpg,,1
2026-08-12,11:55,他人,Panchan_7,ぱんちゃん,,,photo,横,4096,2731,,5,242,https://x.com/Panchan_7/status/2087372282994040876,https://pbs.twimg.com/media/HPfUjmKbAAAOSbp.jpg,,1
2026-08-12,11:58,他人,Panchan_7,ぱんちゃん,,,photo,横,3990,3540,,5,236,https://x.com/Panchan_7/status/2087373159989473394,https://pbs.twimg.com/media/HPfWUGFboAEA5CA.jpg,,1
2026-08-12,11:58,他人,Panchan_7,ぱんちゃん,,,photo,横,4096,2335,,5,236,https://x.com/Panchan_7/status/2087373159989473394,https://pbs.twimg.com/media/HPfWe6XbIAAeRB2.jpg,,1
2026-08-12,12:06,他人,Panchan_7,ぱんちゃん,,,photo,横,4096,3174,,6,237,https://x.com/Panchan_7/status/2087375064241148351,https://pbs.twimg.com/media/HPfXgksasAAtbR5.jpg,,1
2026-08-12,12:06,他人,Panchan_7,ぱんちゃん,,,photo,横,4096,2731,,6,237,https://x.com/Panchan_7/status/2087375064241148351,https://pbs.twimg.com/media/HPfXu9Db0AAvY6_.jpg,,1
2026-08-12,12:06,他人,Panchan_7,ぱんちゃん,,,photo,横,4096,2731,,6,237,https://x.com/Panchan_7/status/2087375064241148351,https://pbs.twimg.com/media/HPfX7RRbcAAz6WE.jpg,,1
2026-08-12,12:15,他人,mo_8_c,9/6昼くるみちゃん生誕に行くもやC,,,photo,縦,1108,1477,,27,1067,https://x.com/mo_8_c/status/2087377286404485311,https://pbs.twimg.com/media/HPfak-WbMAA20iu.jpg,,
2026-08-12,13:25,メンバー,kurumi_lpop,やぎくるみ,,,photo,縦,1536,2048,,61,997,https://x.com/kurumi_lpop/status/2087394900270858748,https://pbs.twimg.com/media/HPfql3raUAAByST.jpg,,1
2026-08-12,14:33,メンバー,mau_lpop,まう,,,photo,,,,,45,822,https://x.com/mau_lpop/status/2087412065229254973,,,
2026-08-12,14:50,他人,61a16,葉月,,,photo,縦,3024,4032,,7,363,https://x.com/61a16/status/2087416486101237937,https://pbs.twimg.com/media/HPf-OJPaIAAmJWY.jpg,,1
2026-08-13,08:26,メンバー,mau_lpop,まう,,,photo,,,,,43,858,https://x.com/mau_lpop/status/2087682098106954051,,,
2026-08-13,09:33,他人,kabuchi_11,かぶち,,,photo,正方形,1600,1616,,5,687,https://x.com/kabuchi_11/status/2087699011000320164,https://pbs.twimg.com/media/HPj_L0AakAAM8sj.jpg,,
2026-08-13,09:50,メンバー,mana_lpop,愛月まな,,,photo,縦,1536,2048,,74,1053,https://x.com/mana_lpop/status/2087703302276542707,https://pbs.twimg.com/media/HPkDE3xaQAAEw17.jpg,,1
2026-08-13,10:27,メンバー,ami_lpop,松川愛美,,,photo,,,,,61,853,https://x.com/ami_lpop/status/2087712528701030655,,,
2026-08-13,13:15,メンバー,kurumi_lpop,やぎくるみ,,,photo,横,2048,1536,,54,1897,https://x.com/kurumi_lpop/status/2087754932946649255,https://pbs.twimg.com/media/HPkyC6pa0AA8Mgt.jpg,,1
2026-08-13,13:19,メンバー,mayu_lpop,夏川茉夢,,,photo,縦,1536,2048,,58,752,https://x.com/mayu_lpop/status/2087755942842769549,https://pbs.twimg.com/media/HPky9hUbIAAZpA_.jpg,,1
2026-08-13,14:51,他人,asage5,あさげ,,,video,縦,720,1280,31,6,363,https://x.com/asage5/status/2087778968367923704,https://pbs.twimg.com/amplify_video_thumb/2087778882615468032/img/MQu4yEQJBeihNy1z.jpg,https://video.twimg.com/amplify_video/2087778882615468032/vid/avc1/720x1280/S9UJrBPMEfwy9AHB.mp4?tag=29,1
2026-08-13,16:18,他人,AhyonCulturismo,あひょん,,,photo,横,3840,2160,,7,230,https://x.com/AhyonCulturismo/status/2087801055530901704,https://pbs.twimg.com/media/HPlb_ExbUAAnUJN.jpg,,
2026-08-13,17:47,他人,M_Koala_Gussan,ドMコアラ（ぐっさん）,,,photo,縦,1208,2048,,14,416,https://x.com/M_Koala_Gussan/status/2087823468754776166,https://pbs.twimg.com/media/HPlwX1hawAAr0Lc.jpg,,
2026-08-13,17:47,他人,M_Koala_Gussan,ドMコアラ（ぐっさん）,,,photo,縦,1447,2048,,14,416,https://x.com/M_Koala_Gussan/status/2087823468754776166,https://pbs.twimg.com/media/HPlwX5xaUAEuoe6.jpg,,
2026-08-13,18:49,他人,AhyonCulturismo,あひょん,,,video,横,3840,2160,12,7,406,https://x.com/AhyonCulturismo/status/2087838931366846474,https://pbs.twimg.com/amplify_video_thumb/2087838758582509568/img/XOXZ8Odo2mLFcx0B.jpg,https://video.twimg.com/amplify_video/2087838758582509568/vid/avc1/3840x2160/EuHXcTAUy_d3EcfK.mp4?tag=29,1
2026-08-13,18:50,他人,AhyonCulturismo,あひょん,,,video,横,3840,2160,7,8,417,https://x.com/AhyonCulturismo/status/2087839230353654248,https://pbs.twimg.com/amplify_video_thumb/2087839078763069440/img/gBu7O0C0n6YwjOsv.jpg,https://video.twimg.com/amplify_video/2087839078763069440/vid/avc1/3840x2160/sRg3Rbh3rv7LLItH.mp4?tag=29,1
2026-08-13,18:53,他人,AhyonCulturismo,あひょん,,,video,横,3840,2160,40,5,490,https://x.com/AhyonCulturismo/status/2087839920354390312,https://pbs.twimg.com/amplify_video_thumb/2087839345109790721/img/zCAkBLqW9G9zcDaM.jpg,https://video.twimg.com/amplify_video/2087839345109790721/vid/avc1/3840x2160/a2iOjWCY9ZtUNTUY.mp4?tag=29,1
2026-08-13,18:55,他人,AhyonCulturismo,あひょん,,,video,横,3840,2160,23,7,501,https://x.com/AhyonCulturismo/status/2087840436874518886,https://pbs.twimg.com/amplify_video_thumb/2087840099900035073/img/crIbHqqjDsPyMYo7.jpg,https://video.twimg.com/amplify_video/2087840099900035073/vid/avc1/3840x2160/sp0NcGPBUTM8FNj8.mp4?tag=29,1
2026-08-13,18:59,他人,AhyonCulturismo,あひょん,,,video,横,3840,2160,43,7,608,https://x.com/AhyonCulturismo/status/2087841377061421472,https://pbs.twimg.com/amplify_video_thumb/2087840867218579456/img/3DjF765_8DL1_ge1.jpg,https://video.twimg.com/amplify_video/2087840867218579456/vid/avc1/3840x2160/C6LekJtXLG3P4hQf.mp4?tag=29,1
2026-08-13,21:00,公式,lollipop_1116,公式,,,photo,縦,914,1790,,12,15008,https://x.com/lollipop_1116/status/2087871829205803459,https://pbs.twimg.com/media/HPmcXLhagAA3yuZ.jpg,,1
2026-08-13,21:00,公式,lollipop_1116,公式,,,photo,縦,1346,2048,,12,15008,https://x.com/lollipop_1116/status/2087871829205803459,https://pbs.twimg.com/media/HPmcXLba0AEvU4T.jpg,,1
2026-08-13,21:00,公式,lollipop_1116,公式,,,photo,縦,1024,1536,,12,15008,https://x.com/lollipop_1116/status/2087871829205803459,https://pbs.twimg.com/media/HPmcXLZaoAEEyuu.jpg,,1
2026-08-13,21:19,公式,lollipop_1116,公式,,,photo,横,2001,1410,,15,19403,https://x.com/lollipop_1116/status/2087876819366330744,https://pbs.twimg.com/media/HPmg5nVacAALEfc.jpg,,1
2026-08-13,21:19,公式,lollipop_1116,公式,,,photo,横,2001,1410,,15,19403,https://x.com/lollipop_1116/status/2087876819366330744,https://pbs.twimg.com/media/HPmg5ngaYAAGaOl.jpg,,1
2026-08-13,21:19,公式,lollipop_1116,公式,,,photo,横,2001,1410,,15,19403,https://x.com/lollipop_1116/status/2087876819366330744,https://pbs.twimg.com/media/HPmg5nVbAAAMS47.jpg,,1
2026-08-13,21:19,公式,lollipop_1116,公式,,,photo,横,2001,1410,,15,19403,https://x.com/lollipop_1116/status/2087876819366330744,https://pbs.twimg.com/media/HPmg5nhbAAAeoB7.jpg,,1
2026-08-13,21:36,メンバー,kurumi_lpop,やぎくるみ,,,photo,横,2048,1536,,25,1103,https://x.com/kurumi_lpop/status/2087880930774159360,https://pbs.twimg.com/media/HPmko8daAAAUSqy.jpg,,1
2026-08-13,21:51,他人,yasu_1_3_2_5,ヤス(リープ)🈂️❤️‍🔥🦖　🌐ただいまフリーランス　⚫️9/2は声かけてもらったので渋谷に,,,photo,縦,2000,3000,,10,512,https://x.com/yasu_1_3_2_5/status/2087884784030867583,https://pbs.twimg.com/media/HPmoJMibMAAdCmO.jpg,,
2026-08-13,21:58,メンバー,mau_lpop,まう,,,photo,,,,,32,1079,https://x.com/mau_lpop/status/2087886582271610956,,,
2026-08-14,08:22,他人,Panchan_7,ぱんちゃん,『IDOL Treasure bottle LIVE～真夏の立川アイドルSPLASH祭り～【DAY4】』,対バン（静止画は全編可・動画は指定曲のみ）,photo,横,4096,3065,,7,353,https://x.com/Panchan_7/status/2088043458275725660,https://pbs.twimg.com/media/HPo3L2wbYAAQkF6.jpg,,1
2026-08-14,08:22,他人,Panchan_7,ぱんちゃん,『IDOL Treasure bottle LIVE～真夏の立川アイドルSPLASH祭り～【DAY4】』,対バン（静止画は全編可・動画は指定曲のみ）,photo,横,4096,3293,,7,353,https://x.com/Panchan_7/status/2088043458275725660,https://pbs.twimg.com/media/HPo3TqdagAENYMM.jpg,,1
2026-08-14,08:22,他人,Panchan_7,ぱんちゃん,『IDOL Treasure bottle LIVE～真夏の立川アイドルSPLASH祭り～【DAY4】』,対バン（静止画は全編可・動画は指定曲のみ）,photo,横,4096,2731,,7,353,https://x.com/Panchan_7/status/2088043458275725660,https://pbs.twimg.com/media/HPo3dOIaoAAW5SL.jpg,,1
2026-08-14,08:22,他人,Panchan_7,ぱんちゃん,『IDOL Treasure bottle LIVE～真夏の立川アイドルSPLASH祭り～【DAY4】』,対バン（静止画は全編可・動画は指定曲のみ）,photo,横,4096,3149,,7,353,https://x.com/Panchan_7/status/2088043458275725660,https://pbs.twimg.com/media/HPo3l2-bEAAg4rX.jpg,,1
2026-08-14,08:44,他人,Shirich2020,りっち,『IDOL Treasure bottle LIVE～真夏の立川アイドルSPLASH祭り～【DAY4】』,対バン（静止画は全編可・動画は指定曲のみ）,photo,縦,1317,2048,,6,183,https://x.com/Shirich2020/status/2088049150592172377,https://pbs.twimg.com/media/HPo9oembwAAAKCH.jpg,,1
2026-08-14,08:52,メンバー,mau_lpop,まう,『IDOL Treasure bottle LIVE～真夏の立川アイドルSPLASH祭り～【DAY4】』,対バン（静止画は全編可・動画は指定曲のみ）,photo,,,,,36,1047,https://x.com/mau_lpop/status/2088051203943084515,,,
2026-08-14,08:57,メンバー,mana_lpop,愛月まな,『IDOL Treasure bottle LIVE～真夏の立川アイドルSPLASH祭り～【DAY4】』,対バン（静止画は全編可・動画は指定曲のみ）,photo,縦,1536,2048,,61,972,https://x.com/mana_lpop/status/2088052278091723111,https://pbs.twimg.com/media/HPpAeruaAAA-9Ec.jpg,,1
2026-08-14,08:57,メンバー,mana_lpop,愛月まな,『IDOL Treasure bottle LIVE～真夏の立川アイドルSPLASH祭り～【DAY4】』,対バン（静止画は全編可・動画は指定曲のみ）,photo,縦,1536,2048,,61,972,https://x.com/mana_lpop/status/2088052278091723111,https://pbs.twimg.com/media/HPpAerkaIAA-Jw_.jpg,,1
2026-08-14,14:04,他人,AhyonCulturismo,あひょん,『IDOL Treasure bottle LIVE～真夏の立川アイドルSPLASH祭り～【DAY4】』,対バン（静止画は全編可・動画は指定曲のみ）,video,横,2968,1652,12,25,10455,https://x.com/AhyonCulturismo/status/2088129627881722164,https://pbs.twimg.com/amplify_video_thumb/2088129559568977920/img/h3Gwa3NK6HjA2vCQ.jpg,https://video.twimg.com/amplify_video/2088129559568977920/vid/avc1/2968x1652/FvP4iJOfqoYU2eY_.mp4?tag=29,1
2026-08-14,14:13,メンバー,kurumi_lpop,やぎくるみ,『IDOL Treasure bottle LIVE～真夏の立川アイドルSPLASH祭り～【DAY4】』,対バン（静止画は全編可・動画は指定曲のみ）,photo,縦,1536,2048,,81,2879,https://x.com/kurumi_lpop/status/2088131996002533641,https://pbs.twimg.com/media/HPqI92ubIAA_bYr.jpg,,1
2026-08-14,14:13,メンバー,kurumi_lpop,やぎくるみ,『IDOL Treasure bottle LIVE～真夏の立川アイドルSPLASH祭り～【DAY4】』,対バン（静止画は全編可・動画は指定曲のみ）,photo,横,2048,1536,,81,2879,https://x.com/kurumi_lpop/status/2088131996002533641,https://pbs.twimg.com/media/HPqI92ragAApUBr.jpg,,1
2026-08-14,14:16,公式,lollipop_1116,公式,『IDOL Treasure bottle LIVE～真夏の立川アイドルSPLASH祭り～【DAY4】』,対バン（静止画は全編可・動画は指定曲のみ）,video,横,1920,1080,111,30,12836,https://x.com/lollipop_1116/status/2088132600975994943,https://pbs.twimg.com/amplify_video_thumb/2088132157227286528/img/jaKF8uK0uN-PGC7z.jpg,https://video.twimg.com/amplify_video/2088132157227286528/vid/avc1/1920x1080/6yTZxCFxFv0eYNpa.mp4?tag=29,1
2026-08-14,14:16,公式,lollipop_1116,公式,『IDOL Treasure bottle LIVE～真夏の立川アイドルSPLASH祭り～【DAY4】』,対バン（静止画は全編可・動画は指定曲のみ）,photo,縦,1536,2048,,30,12836,https://x.com/lollipop_1116/status/2088132600975994943,https://pbs.twimg.com/media/HPqJIjKaMAABKFA.jpg,,1
2026-08-14,14:20,メンバー,mayu_lpop,夏川茉夢,『IDOL Treasure bottle LIVE～真夏の立川アイドルSPLASH祭り～【DAY4】』,対バン（静止画は全編可・動画は指定曲のみ）,photo,縦,1536,2048,,59,2024,https://x.com/mayu_lpop/status/2088133736378638825,https://pbs.twimg.com/media/HPqKj4KbQAAD0SU.jpg,,1
2026-08-14,14:20,メンバー,mayu_lpop,夏川茉夢,『IDOL Treasure bottle LIVE～真夏の立川アイドルSPLASH祭り～【DAY4】』,対バン（静止画は全編可・動画は指定曲のみ）,photo,横,2048,1503,,59,2024,https://x.com/mayu_lpop/status/2088133736378638825,https://pbs.twimg.com/media/HPqKj4IbwAADMRs.jpg,,1
2026-08-14,14:22,メンバー,mana_lpop,愛月まな,『IDOL Treasure bottle LIVE～真夏の立川アイドルSPLASH祭り～【DAY4】』,対バン（静止画は全編可・動画は指定曲のみ）,photo,縦,1536,2048,,63,1123,https://x.com/mana_lpop/status/2088134040071115020,https://pbs.twimg.com/media/HPqK1enaQAAldu7.jpg,,1
2026-08-14,14:25,他人,M_Koala_Gussan,ドMコアラ（ぐっさん）,『IDOL Treasure bottle LIVE～真夏の立川アイドルSPLASH祭り～【DAY4】』,対バン（静止画は全編可・動画は指定曲のみ）,video,縦,1080,1920,15,6,703,https://x.com/M_Koala_Gussan/status/2088134886733611252,https://pbs.twimg.com/ext_tw_video_thumb/2088129730738544640/pu/img/AhF_I3W42g4Vngo1.jpg,https://video.twimg.com/ext_tw_video/2088129730738544640/pu/vid/avc1/1080x1920/cNEa9IbnYp9fcDJx.mp4?tag=27,
2026-08-14,14:29,メンバー,mau_lpop,まう,『IDOL Treasure bottle LIVE～真夏の立川アイドルSPLASH祭り～【DAY4】』,対バン（静止画は全編可・動画は指定曲のみ）,video,,,,,50,1764,https://x.com/mau_lpop/status/2088135925692059898,,,
2026-08-14,14:32,他人,M_Koala_Gussan,ドMコアラ（ぐっさん）,『IDOL Treasure bottle LIVE～真夏の立川アイドルSPLASH祭り～【DAY4】』,対バン（静止画は全編可・動画は指定曲のみ）,video,縦,1080,1920,16,21,1214,https://x.com/M_Koala_Gussan/status/2088136704318480595,https://pbs.twimg.com/ext_tw_video_thumb/2088136642448207872/pu/img/8JcU1hr9cOFbiNef.jpg,https://video.twimg.com/ext_tw_video/2088136642448207872/pu/vid/avc1/1080x1920/4eTKrvuQmqNO2iQe.mp4?tag=27,
2026-08-14,14:55,他人,yosshinSPORTS,yoshi🐈♬🎶,『IDOL Treasure bottle LIVE～真夏の立川アイドルSPLASH祭り～【DAY4】』,対バン（静止画は全編可・動画は指定曲のみ）,photo,縦,2730,4096,,15,558,https://x.com/yosshinSPORTS/status/2088142497059107166,https://pbs.twimg.com/media/HPqSgOLb0AA_XEE.jpg,,
2026-08-14,15:57,メンバー,ami_lpop,松川愛美,『IDOL Treasure bottle LIVE～真夏の立川アイドルSPLASH祭り～【DAY4】』,対バン（静止画は全編可・動画は指定曲のみ）,photo,,,,,52,2038,https://x.com/ami_lpop/status/2088157936082379119,,,
2026-08-14,16:14,他人,RURUPA_elha,御天羽 えるは【るるぱにっく!!】,『IDOL Treasure bottle LIVE～真夏の立川アイドルSPLASH祭り～【DAY4】』,対バン（静止画は全編可・動画は指定曲のみ）,photo,縦,1536,2048,,55,2272,https://x.com/RURUPA_elha/status/2088162277887463583,https://pbs.twimg.com/media/HPqkhgAaMAA5LWH.jpg,,1
2026-08-14,18:03,他人,ttrsougen,たーぴん👶💛,『IDOL Treasure bottle LIVE～真夏の立川アイドルSPLASH祭り～【DAY4】』,対バン（静止画は全編可・動画は指定曲のみ）,photo,縦,1536,2048,,6,471,https://x.com/ttrsougen/status/2088189863560708395,https://pbs.twimg.com/media/HPq9mxnbIAA1aR8.jpg,,1
2026-08-14,20:34,他人,terraria_sv,てらっち,『IDOL Treasure bottle LIVE～真夏の立川アイドルSPLASH祭り～【DAY4】』,対バン（静止画は全編可・動画は指定曲のみ）,video,縦,720,1280,12,11,833,https://x.com/terraria_sv/status/2088227698258944044,https://pbs.twimg.com/amplify_video_thumb/2088227481845420032/img/MVSAsmuFeRqHotgK.jpg,https://video.twimg.com/amplify_video/2088227481845420032/vid/avc1/720x1280/nCpnz1wi8ibyqd2Y.mp4?tag=29,1
2026-08-14,20:34,他人,terraria_sv,てらっち,『IDOL Treasure bottle LIVE～真夏の立川アイドルSPLASH祭り～【DAY4】』,対バン（静止画は全編可・動画は指定曲のみ）,video,縦,720,1280,20,11,833,https://x.com/terraria_sv/status/2088227698258944044,https://pbs.twimg.com/amplify_video_thumb/2088227481891561473/img/WOAZEP4JmmmjeqcO.jpg,https://video.twimg.com/amplify_video/2088227481891561473/vid/avc1/720x1280/xROzauA93vAHe9Oh.mp4?tag=29,1
2026-08-14,20:34,他人,terraria_sv,てらっち,『IDOL Treasure bottle LIVE～真夏の立川アイドルSPLASH祭り～【DAY4】』,対バン（静止画は全編可・動画は指定曲のみ）,video,縦,720,1280,49,11,833,https://x.com/terraria_sv/status/2088227698258944044,https://pbs.twimg.com/amplify_video_thumb/2088227481900007424/img/EDmsSdGXH-qNB3QS.jpg,https://video.twimg.com/amplify_video/2088227481900007424/vid/avc1/720x1280/Ae3tI_uRGgJW-Xb9.mp4?tag=29,1
2026-08-14,20:34,他人,terraria_sv,てらっち,『IDOL Treasure bottle LIVE～真夏の立川アイドルSPLASH祭り～【DAY4】』,対バン（静止画は全編可・動画は指定曲のみ）,video,縦,720,1280,30,11,833,https://x.com/terraria_sv/status/2088227698258944044,https://pbs.twimg.com/amplify_video_thumb/2088227481849610240/img/IWg9LKq-mSi1YPlI.jpg,https://video.twimg.com/amplify_video/2088227481849610240/vid/avc1/720x1280/_al_dogza5D1VYo_.mp4?tag=29,1
2026-08-14,20:40,他人,terraria_sv,てらっち,『IDOL Treasure bottle LIVE～真夏の立川アイドルSPLASH祭り～【DAY4】』,対バン（静止画は全編可・動画は指定曲のみ）,video,縦,720,1280,9,8,641,https://x.com/terraria_sv/status/2088229198427283573,https://pbs.twimg.com/amplify_video_thumb/2088229156169580544/img/b25ut0UsoWoRZVmx.jpg,https://video.twimg.com/amplify_video/2088229156169580544/vid/avc1/720x1280/FZnT7WV33FPhPvoq.mp4?tag=29,1
2026-08-14,20:41,他人,AhyonCulturismo,あひょん,『IDOL Treasure bottle LIVE～真夏の立川アイドルSPLASH祭り～【DAY4】』,対バン（静止画は全編可・動画は指定曲のみ）,video,横,3346,1828,18,3,601,https://x.com/AhyonCulturismo/status/2088229584408109157,https://pbs.twimg.com/amplify_video_thumb/2088229272083484672/img/tzF95kdAwZJ1Acvo.jpg,https://video.twimg.com/amplify_video/2088229272083484672/vid/avc1/3346x1828/94X9ESxpRhGas65k.mp4?tag=29,1
2026-08-14,20:45,他人,AhyonCulturismo,あひょん,『IDOL Treasure bottle LIVE～真夏の立川アイドルSPLASH祭り～【DAY4】』,対バン（静止画は全編可・動画は指定曲のみ）,video,横,3840,2160,24,8,491,https://x.com/AhyonCulturismo/status/2088230553975751032,https://pbs.twimg.com/amplify_video_thumb/2088230220822462464/img/PqN9lcQFdb7NxfGW.jpg,https://video.twimg.com/amplify_video/2088230220822462464/vid/avc1/3840x2160/fcBWqVBEXGkIrpBK.mp4?tag=29,1
2026-08-14,20:46,他人,terraria_sv,てらっち,『IDOL Treasure bottle LIVE～真夏の立川アイドルSPLASH祭り～【DAY4】』,対バン（静止画は全編可・動画は指定曲のみ）,video,縦,720,1280,19,12,804,https://x.com/terraria_sv/status/2088230862051819644,https://pbs.twimg.com/amplify_video_thumb/2088230681436647424/img/P9MWm9FqZCWsZkZx.jpg,https://video.twimg.com/amplify_video/2088230681436647424/vid/avc1/720x1280/6REZZ4WLn0Op7wH7.mp4?tag=29,1
2026-08-14,20:46,他人,terraria_sv,てらっち,『IDOL Treasure bottle LIVE～真夏の立川アイドルSPLASH祭り～【DAY4】』,対バン（静止画は全編可・動画は指定曲のみ）,video,縦,720,1280,10,12,804,https://x.com/terraria_sv/status/2088230862051819644,https://pbs.twimg.com/amplify_video_thumb/2088230681482846209/img/R5-UxIncJUyf0MET.jpg,https://video.twimg.com/amplify_video/2088230681482846209/vid/avc1/720x1280/7c2aAGa_8nRLVJ97.mp4?tag=29,1
2026-08-14,20:46,他人,terraria_sv,てらっち,『IDOL Treasure bottle LIVE～真夏の立川アイドルSPLASH祭り～【DAY4】』,対バン（静止画は全編可・動画は指定曲のみ）,video,縦,720,1280,41,12,804,https://x.com/terraria_sv/status/2088230862051819644,https://pbs.twimg.com/amplify_video_thumb/2088230681428320256/img/ooP6kUuHDeokhX1c.jpg,https://video.twimg.com/amplify_video/2088230681428320256/vid/avc1/720x1280/LzOmrJ7oJWbrjBN8.mp4?tag=29,1
2026-08-14,20:46,他人,terraria_sv,てらっち,『IDOL Treasure bottle LIVE～真夏の立川アイドルSPLASH祭り～【DAY4】』,対バン（静止画は全編可・動画は指定曲のみ）,video,縦,720,1280,30,12,804,https://x.com/terraria_sv/status/2088230862051819644,https://pbs.twimg.com/amplify_video_thumb/2088230681482862592/img/BX_F9E0QI_Z4ZDIB.jpg,https://video.twimg.com/amplify_video/2088230681482862592/vid/avc1/720x1280/jmCDeZpn-jOqsc76.mp4?tag=29,1
2026-08-14,20:47,メンバー,mau_lpop,まう,『IDOL Treasure bottle LIVE～真夏の立川アイドルSPLASH祭り～【DAY4】』,対バン（静止画は全編可・動画は指定曲のみ）,photo,,,,,62,1168,https://x.com/mau_lpop/status/2088231067056767042,,,
2026-08-14,20:51,他人,AhyonCulturismo,あひょん,『IDOL Treasure bottle LIVE～真夏の立川アイドルSPLASH祭り～【DAY4】』,対バン（静止画は全編可・動画は指定曲のみ）,video,横,3840,2160,34,7,583,https://x.com/AhyonCulturismo/status/2088232114353492035,https://pbs.twimg.com/amplify_video_thumb/2088231257872449536/img/sWusDQWuq4uii9h7.jpg,https://video.twimg.com/amplify_video/2088231257872449536/vid/avc1/3840x2160/Xd95giBnXfX5EeC4.mp4?tag=29,1
2026-08-14,20:53,他人,kazuchin39,のだお,『IDOL Treasure bottle LIVE～真夏の立川アイドルSPLASH祭り～【DAY4】』,対バン（静止画は全編可・動画は指定曲のみ）,video,横,1024,576,125,7,350,https://x.com/kazuchin39/status/2088232450627719600,https://pbs.twimg.com/amplify_video_thumb/2088232284973637632/img/5RH5tS8pLnRaqh8n.jpg,https://video.twimg.com/amplify_video/2088232284973637632/vid/avc1/1024x576/whjfZLEQuYPqZLvX.mp4?tag=29,1
2026-08-14,20:57,他人,AhyonCulturismo,あひょん,『IDOL Treasure bottle LIVE～真夏の立川アイドルSPLASH祭り～【DAY4】』,対バン（静止画は全編可・動画は指定曲のみ）,video,横,3840,2160,24,7,467,https://x.com/AhyonCulturismo/status/2088233524214268275,https://pbs.twimg.com/amplify_video_thumb/2088233072928141312/img/9HEczmI98zpwoinC.jpg,https://video.twimg.com/amplify_video/2088233072928141312/vid/avc1/3840x2160/aVCeDex93fOvehU8.mp4?tag=29,1
2026-08-14,21:00,他人,AhyonCulturismo,あひょん,『IDOL Treasure bottle LIVE～真夏の立川アイドルSPLASH祭り～【DAY4】』,対バン（静止画は全編可・動画は指定曲のみ）,video,横,3840,2160,16,6,756,https://x.com/AhyonCulturismo/status/2088234362676670468,https://pbs.twimg.com/amplify_video_thumb/2088233988066615297/img/qjLRN16BJJxgdgVo.jpg,https://video.twimg.com/amplify_video/2088233988066615297/vid/avc1/3840x2160/OVnlyM9pLYPO-uIm.mp4?tag=29,1
2026-08-14,21:03,他人,AhyonCulturismo,あひょん,『IDOL Treasure bottle LIVE～真夏の立川アイドルSPLASH祭り～【DAY4】』,対バン（静止画は全編可・動画は指定曲のみ）,video,横,3840,2160,11,12,1282,https://x.com/AhyonCulturismo/status/2088234977792294914,https://pbs.twimg.com/amplify_video_thumb/2088234678289678336/img/WTBgWLeOissIO3qk.jpg,https://video.twimg.com/amplify_video/2088234678289678336/vid/avc1/3840x2160/nnGnT_CPwZb97-T2.mp4?tag=29,1
2026-08-14,21:05,他人,AhyonCulturismo,あひょん,『IDOL Treasure bottle LIVE～真夏の立川アイドルSPLASH祭り～【DAY4】』,対バン（静止画は全編可・動画は指定曲のみ）,video,横,2638,1464,9,4,338,https://x.com/AhyonCulturismo/status/2088235617109123515,https://pbs.twimg.com/amplify_video_thumb/2088235318571044864/img/J6RTaQtk6HShbXE2.jpg,https://video.twimg.com/amplify_video/2088235318571044864/vid/avc1/2638x1464/YVjQJf5o3H04I4O6.mp4?tag=29,1
2026-08-14,21:08,メンバー,mau_lpop,まう,『IDOL Treasure bottle LIVE～真夏の立川アイドルSPLASH祭り～【DAY4】』,対バン（静止画は全編可・動画は指定曲のみ）,photo,,,,,30,955,https://x.com/mau_lpop/status/2088236258212315370,,,
2026-08-14,21:09,他人,AhyonCulturismo,あひょん,『IDOL Treasure bottle LIVE～真夏の立川アイドルSPLASH祭り～【DAY4】』,対バン（静止画は全編可・動画は指定曲のみ）,video,横,2914,1616,7,4,466,https://x.com/AhyonCulturismo/status/2088236557413294503,https://pbs.twimg.com/amplify_video_thumb/2088236435501633538/img/pUI8jRNlwMueP52R.jpg,https://video.twimg.com/amplify_video/2088236435501633538/vid/avc1/2914x1616/hYIYRskl_UZiGM3U.mp4?tag=29,1
2026-08-14,21:11,他人,AhyonCulturismo,あひょん,『IDOL Treasure bottle LIVE～真夏の立川アイドルSPLASH祭り～【DAY4】』,対バン（静止画は全編可・動画は指定曲のみ）,video,横,2874,1582,9,6,318,https://x.com/AhyonCulturismo/status/2088237134243307783,https://pbs.twimg.com/amplify_video_thumb/2088236977011523584/img/kTAqOpUBMQCmrgTX.jpg,https://video.twimg.com/amplify_video/2088236977011523584/vid/avc1/2874x1582/r-Ybh4fSMigBff5w.mp4?tag=29,1
2026-08-14,21:20,他人,kazuchin39,のだお,『IDOL Treasure bottle LIVE～真夏の立川アイドルSPLASH祭り～【DAY4】』,対バン（静止画は全編可・動画は指定曲のみ）,video,縦,2160,3838,188,21,2574,https://x.com/kazuchin39/status/2088239424329195909,https://pbs.twimg.com/amplify_video_thumb/2088236959798042624/img/ezPyj53U3YRewnHO.jpg,https://video.twimg.com/amplify_video/2088236959798042624/vid/avc1/2160x3838/99iCMHT0uxT8FD3f.mp4?tag=29,
2026-08-14,21:49,メンバー,mana_lpop,愛月まな,『IDOL Treasure bottle LIVE～真夏の立川アイドルSPLASH祭り～【DAY4】』,対バン（静止画は全編可・動画は指定曲のみ）,photo,縦,1536,2048,,41,2062,https://x.com/mana_lpop/status/2088246758187135403,https://pbs.twimg.com/media/HPrxW2cbAAArCb_.jpg,,1
2026-08-14,22:00,他人,tmfireant,TAM,『IDOL Treasure bottle LIVE～真夏の立川アイドルSPLASH祭り～【DAY4】』,対バン（静止画は全編可・動画は指定曲のみ）,photo,横,4096,2731,,6,377,https://x.com/tmfireant/status/2088249303081074706,https://pbs.twimg.com/media/HPrs22vbQAELLkD.jpg,,
2026-08-14,22:00,他人,tmfireant,TAM,『IDOL Treasure bottle LIVE～真夏の立川アイドルSPLASH祭り～【DAY4】』,対バン（静止画は全編可・動画は指定曲のみ）,photo,横,4096,2731,,6,377,https://x.com/tmfireant/status/2088249303081074706,https://pbs.twimg.com/media/HPrs41qbMAAV5aG.jpg,,
2026-08-14,22:00,他人,tmfireant,TAM,『IDOL Treasure bottle LIVE～真夏の立川アイドルSPLASH祭り～【DAY4】』,対バン（静止画は全編可・動画は指定曲のみ）,photo,横,4096,2731,,6,377,https://x.com/tmfireant/status/2088249303081074706,https://pbs.twimg.com/media/HPrt8xhbQAE5vfe.jpg,,
2026-08-14,22:00,他人,tmfireant,TAM,『IDOL Treasure bottle LIVE～真夏の立川アイドルSPLASH祭り～【DAY4】』,対バン（静止画は全編可・動画は指定曲のみ）,photo,横,4096,2731,,6,377,https://x.com/tmfireant/status/2088249303081074706,https://pbs.twimg.com/media/HPruNzObwAArwC1.jpg,,
2026-08-14,22:04,他人,terraria_sv,てらっち,『IDOL Treasure bottle LIVE～真夏の立川アイドルSPLASH祭り～【DAY4】』,対バン（静止画は全編可・動画は指定曲のみ）,photo,縦,1536,2048,,4,225,https://x.com/terraria_sv/status/2088250506338857404,https://pbs.twimg.com/media/HPr0xCdboAA1exF.jpg,,1
2026-08-14,22:25,他人,kazuchin39,のだお,『IDOL Treasure bottle LIVE～真夏の立川アイドルSPLASH祭り～【DAY4】』,対バン（静止画は全編可・動画は指定曲のみ）,video,横,3840,2160,170,10,371,https://x.com/kazuchin39/status/2088255786686546257,https://pbs.twimg.com/amplify_video_thumb/2088253541697851392/img/OBAuOQHbpkzoBOQK.jpg,https://video.twimg.com/amplify_video/2088253541697851392/vid/avc1/3840x2160/xpuZmT3frcqO89TV.mp4?tag=29,1
2026-08-14,23:17,他人,terraria_sv,てらっち,『IDOL Treasure bottle LIVE～真夏の立川アイドルSPLASH祭り～【DAY4】』,対バン（静止画は全編可・動画は指定曲のみ）,photo,横,2048,1536,,7,505,https://x.com/terraria_sv/status/2088268685953888345,https://pbs.twimg.com/media/HPsFTN2bkAA0gDI.jpg,,1
2026-08-15,00:03,他人,terraria_sv,てらっち,POPGALAXY2026,対バン（静止画は全編可・動画は指定曲のみ）,photo,縦,1536,2048,,6,379,https://x.com/terraria_sv/status/2088280259926093900,https://pbs.twimg.com/media/HPsP0_Ea4AAVOGz.jpg,,1
2026-08-15,00:07,他人,M_Koala_Gussan,ドMコアラ（ぐっさん）,POPGALAXY2026,対バン（静止画は全編可・動画は指定曲のみ）,photo,縦,1638,2048,,22,444,https://x.com/M_Koala_Gussan/status/2088281264071815294,https://pbs.twimg.com/media/HPsQat5acAAKKeB.jpg,,
2026-08-15,00:08,他人,mmmm001060,みゆう,POPGALAXY2026,対バン（静止画は全編可・動画は指定曲のみ）,photo,横,2048,1536,,4,288,https://x.com/mmmm001060/status/2088281508566139292,https://pbs.twimg.com/media/HPsQt1haYAAwGvn.jpg,,
2026-08-15,01:41,他人,naototona1122,なおと,POPGALAXY2026,対バン（静止画は全編可・動画は指定曲のみ）,video,横,1280,720,140,87,1288,https://x.com/naototona1122/status/2088305068550533437,https://pbs.twimg.com/ext_tw_video_thumb/2088304341484711943/pu/img/wZJvSZHglYKR_LR2.jpg,https://video.twimg.com/ext_tw_video/2088304341484711943/pu/vid/avc1/1280x720/gfr5OMMSfD1e8Tfh.mp4?tag=12,
2026-08-15,08:57,他人,AhyonCulturismo,あひょん,POPGALAXY2026,対バン（静止画は全編可・動画は指定曲のみ）,photo,横,2247,2010,,9,252,https://x.com/AhyonCulturismo/status/2088414715324285245,https://pbs.twimg.com/media/HPuKHICbwAAbbk_.jpg,,
2026-08-15,09:26,他人,Ago_decha_U,でちゃう,POPGALAXY2026,対バン（静止画は全編可・動画は指定曲のみ）,video,縦,1080,1920,22,12,544,https://x.com/Ago_decha_U/status/2088422142992064959,https://pbs.twimg.com/amplify_video_thumb/2088421767199289345/img/2z_I8p6dTveuNf16.jpg,https://video.twimg.com/amplify_video/2088421767199289345/vid/avc1/720x1280/0cpq3m9Eh6IjUi_G.mp4?tag=14,1
2026-08-15,09:40,他人,hinan86,ひで ん🔥⚡️,POPGALAXY2026,対バン（静止画は全編可・動画は指定曲のみ）,video,横,1280,720,7,5,245,https://x.com/hinan86/status/2088425441141092689,https://pbs.twimg.com/amplify_video_thumb/2088425371310198784/img/9l9fMqWGPMgE5yD4.jpg,https://video.twimg.com/amplify_video/2088425371310198784/vid/avc1/1280x720/d-lfh5K4P_00x794.mp4?tag=29,1
2026-08-15,09:40,他人,hinan86,ひで ん🔥⚡️,POPGALAXY2026,対バン（静止画は全編可・動画は指定曲のみ）,video,縦,720,1280,6,5,245,https://x.com/hinan86/status/2088425441141092689,https://pbs.twimg.com/amplify_video_thumb/2088425371280740352/img/UwDrh-Cs7UaayNuq.jpg,https://video.twimg.com/amplify_video/2088425371280740352/vid/avc1/720x1280/-xoe58yqHIebZn35.mp4?tag=29,1
2026-08-15,09:43,他人,ten77_jt,ジョータ⋈☀️🏡,POPGALAXY2026,対バン（静止画は全編可・動画は指定曲のみ）,video,縦,1080,1920,24,3,159,https://x.com/ten77_jt/status/2088426264185143493,https://pbs.twimg.com/amplify_video_thumb/2088426156186112000/img/RE63yT6cFEfcG2rb.jpg,https://video.twimg.com/amplify_video/2088426156186112000/vid/avc1/1080x1920/Uu1FAzcDY5I7_SAX.mp4?tag=29,
2026-08-15,10:08,他人,kawaiiotakara3,推しカメ活動,POPGALAXY2026,対バン（静止画は全編可・動画は指定曲のみ）,video,横,1920,1080,59,5,349,https://x.com/kawaiiotakara3/status/2088432551803383993,https://pbs.twimg.com/amplify_video_thumb/2088432111372169216/img/Jh8sBbDZAk8x7TAk.jpg,https://video.twimg.com/amplify_video/2088432111372169216/vid/avc1/1280x720/Yfx1NG-YMNctU3rR.mp4?tag=14,1
2026-08-15,10:29,他人,trainlovur,Vong RS,POPGALAXY2026,対バン（静止画は全編可・動画は指定曲のみ）,photo,縦,3024,4032,,4,366,https://x.com/trainlovur/status/2088438000065872372,https://pbs.twimg.com/media/HPufR-MbgAAt8mg.jpg,,
2026-08-15,10:29,他人,trainlovur,Vong RS,POPGALAXY2026,対バン（静止画は全編可・動画は指定曲のみ）,photo,縦,3024,4032,,4,366,https://x.com/trainlovur/status/2088438000065872372,https://pbs.twimg.com/media/HPufR9qaUAEeQ_0.jpg,,
2026-08-15,10:29,他人,trainlovur,Vong RS,POPGALAXY2026,対バン（静止画は全編可・動画は指定曲のみ）,photo,縦,3024,4032,,4,366,https://x.com/trainlovur/status/2088438000065872372,https://pbs.twimg.com/media/HPufR9maIAAP3nK.jpg,,
2026-08-15,10:29,他人,trainlovur,Vong RS,POPGALAXY2026,対バン（静止画は全編可・動画は指定曲のみ）,photo,縦,3024,4032,,4,366,https://x.com/trainlovur/status/2088438000065872372,https://pbs.twimg.com/media/HPufR-LasAE_3l_.jpg,,
2026-08-15,11:53,メンバー,mau_lpop,まう,POPGALAXY2026,対バン（静止画は全編可・動画は指定曲のみ）,photo,,,,,28,1106,https://x.com/mau_lpop/status/2088458946189426851,,,
2026-08-15,12:27,メンバー,kurumi_lpop,やぎくるみ,POPGALAXY2026,対バン（静止画は全編可・動画は指定曲のみ）,photo,横,2048,1536,,56,974,https://x.com/kurumi_lpop/status/2088467513655111803,https://pbs.twimg.com/media/HPu6INkbMAEhXyh.jpg,,1
2026-08-15,14:59,他人,kurimanju_1220,かずき,POPGALAXY2026,対バン（静止画は全編可・動画は指定曲のみ）,photo,縦,3072,4096,,10,1541,https://x.com/kurimanju_1220/status/2088505734497747144,https://pbs.twimg.com/media/HPvc4-SbMAAVjuA.jpg,,1
2026-08-15,16:15,他人,FamousDreamidol,🐐♥️みる坊ᥬ (ྀི🍥ᴖ ̫ ᴖ🍥)ྀི ᩤ,POPGALAXY2026,対バン（静止画は全編可・動画は指定曲のみ）,video,縦,720,1280,25,7,729,https://x.com/FamousDreamidol/status/2088525041613131777,https://pbs.twimg.com/amplify_video_thumb/2088524932091363328/img/OxH_oxwk6HEgPc-F.jpg,https://video.twimg.com/amplify_video/2088524932091363328/vid/avc1/720x1280/wYIdXj_9zVoZ_3nY.mp4?tag=29,1
2026-08-15,18:25,他人,masaaaaaaa1173,まあⓂ️,POPGALAXY2026,対バン（静止画は全編可・動画は指定曲のみ）,photo,横,2048,1727,,10,443,https://x.com/masaaaaaaa1173/status/2088557620747760085,https://pbs.twimg.com/media/HPwMFVgaIAAh_5O.jpg,,
2026-08-15,18:28,公式,lollipop_1116,公式,POPGALAXY2026,対バン（静止画は全編可・動画は指定曲のみ）,photo,横,1706,960,,11,8832,https://x.com/lollipop_1116/status/2088558377354022957,https://pbs.twimg.com/media/HPwMwzFakAARRhk.jpg,,1
2026-08-15,18:28,公式,lollipop_1116,公式,POPGALAXY2026,対バン（静止画は全編可・動画は指定曲のみ）,photo,縦,1108,1478,,11,8832,https://x.com/lollipop_1116/status/2088558377354022957,https://pbs.twimg.com/media/HPwMwzDaIAAchIf.jpg,,1
2026-08-15,18:54,公式,lollipop_1116,公式,POPGALAXY2026,対バン（静止画は全編可・動画は指定曲のみ）,photo,横,1390,1108,,32,14147,https://x.com/lollipop_1116/status/2088564906165751981,https://pbs.twimg.com/media/HPwRpz5aYAAHIXo.jpg,,1
2026-08-15,18:54,公式,lollipop_1116,公式,POPGALAXY2026,対バン（静止画は全編可・動画は指定曲のみ）,video,横,3840,2160,87,32,14147,https://x.com/lollipop_1116/status/2088564906165751981,https://pbs.twimg.com/amplify_video_thumb/2088563737179648000/img/Op4MtEkWuHUJA6UW.jpg,https://video.twimg.com/amplify_video/2088563737179648000/vid/avc1/3840x2160/KKrqAGMdJ3OYwiBh.mp4?tag=29,1
2026-08-15,19:08,メンバー,mayu_lpop,夏川茉夢,POPGALAXY2026,対バン（静止画は全編可・動画は指定曲のみ）,photo,縦,1387,2048,,52,1779,https://x.com/mayu_lpop/status/2088568501367890369,https://pbs.twimg.com/media/HPwV-lsakAAmCCn.jpg,,1
2026-08-15,19:08,メンバー,mayu_lpop,夏川茉夢,POPGALAXY2026,対バン（静止画は全編可・動画は指定曲のみ）,photo,縦,1536,2048,,52,1779,https://x.com/mayu_lpop/status/2088568501367890369,https://pbs.twimg.com/media/HPwV-lrbAAALBbn.jpg,,1
2026-08-15,19:40,メンバー,kurumi_lpop,やぎくるみ,POPGALAXY2026,対バン（静止画は全編可・動画は指定曲のみ）,photo,縦,1536,2048,,47,1108,https://x.com/kurumi_lpop/status/2088576480037208352,https://pbs.twimg.com/media/HPwdO9YbUAAfkR0.jpg,,1
2026-08-15,20:07,メンバー,mau_lpop,まう,POPGALAXY2026,対バン（静止画は全編可・動画は指定曲のみ）,photo,,,,,46,1674,https://x.com/mau_lpop/status/2088583272502906976,,,
2026-08-15,20:16,メンバー,mana_lpop,愛月まな,POPGALAXY2026,対バン（静止画は全編可・動画は指定曲のみ）,photo,縦,1536,2048,,45,761,https://x.com/mana_lpop/status/2088585735008063624,https://pbs.twimg.com/media/HPwlpYlaQAAQmgc.jpg,,1
2026-08-15,20:18,メンバー,ami_lpop,松川愛美,POPGALAXY2026,対バン（静止画は全編可・動画は指定曲のみ）,photo,,,,,47,3908,https://x.com/ami_lpop/status/2088586246281150908,,,
2026-08-15,20:21,公式,lollipop_1116,公式,POPGALAXY2026,対バン（静止画は全編可・動画は指定曲のみ）,video,横,2560,1440,332,84,6112,https://x.com/lollipop_1116/status/2088586834083553370,https://pbs.twimg.com/amplify_video_thumb/2088585829161865216/img/ZhcKe9Mqtqjcoz5q.jpg,https://video.twimg.com/amplify_video/2088585829161865216/vid/avc1/2560x1440/h9HoFdxjH1EDgwnR.mp4?tag=29,1
2026-08-15,21:11,他人,boukyaku_bigaku,🧂🍙たろぽん02🗻🥟,POPGALAXY2026,対バン（静止画は全編可・動画は指定曲のみ）,photo,縦,2730,4096,,3,191,https://x.com/boukyaku_bigaku/status/2088599506166431947,https://pbs.twimg.com/media/HPwyJ_PbwAAh5M1.jpg,,
2026-08-15,21:11,他人,boukyaku_bigaku,🧂🍙たろぽん02🗻🥟,POPGALAXY2026,対バン（静止画は全編可・動画は指定曲のみ）,photo,縦,2599,4096,,3,191,https://x.com/boukyaku_bigaku/status/2088599506166431947,https://pbs.twimg.com/media/HPwyKY3akAAjnri.jpg,,
2026-08-15,21:11,他人,boukyaku_bigaku,🧂🍙たろぽん02🗻🥟,POPGALAXY2026,対バン（静止画は全編可・動画は指定曲のみ）,photo,縦,3072,4096,,3,191,https://x.com/boukyaku_bigaku/status/2088599506166431947,https://pbs.twimg.com/media/HPwyK3-aQAAlz9u.jpg,,
2026-08-15,21:11,他人,boukyaku_bigaku,🧂🍙たろぽん02🗻🥟,POPGALAXY2026,対バン（静止画は全編可・動画は指定曲のみ）,photo,正方形,3072,3056,,3,191,https://x.com/boukyaku_bigaku/status/2088599506166431947,https://pbs.twimg.com/media/HPwyLYCboAIuLP4.jpg,,
2026-08-15,21:48,メンバー,mayu_lpop,夏川茉夢,POPGALAXY2026,対バン（静止画は全編可・動画は指定曲のみ）,video,縦,750,1000,7,60,814,https://x.com/mayu_lpop/status/2088608660784402832,https://pbs.twimg.com/amplify_video_thumb/2088608521281843200/img/GMSeqKow1qLtFKzt.jpg,https://video.twimg.com/amplify_video/2088608521281843200/vid/avc1/750x1000/fMeVYGemSDYIQigb.mp4?tag=29,
2026-08-15,22:06,他人,AhyonCulturismo,あひょん,POPGALAXY2026,対バン（静止画は全編可・動画は指定曲のみ）,photo,正方形,2163,2287,,10,234,https://x.com/AhyonCulturismo/status/2088613317455815144,https://pbs.twimg.com/media/HPw-vWxbsAAWPMF.jpg,,
2026-08-15,22:12,他人,Ago_decha_U,でちゃう,POPGALAXY2026,対バン（静止画は全編可・動画は指定曲のみ）,video,縦,1080,1920,66,15,1619,https://x.com/Ago_decha_U/status/2088614831280804033,https://pbs.twimg.com/amplify_video_thumb/2088613444979453952/img/BT1C75MPQ2Jlr61v.jpg,https://video.twimg.com/amplify_video/2088613444979453952/vid/avc1/720x1280/WdEp6siVzY8JzSav.mp4?tag=14,1
2026-08-15,22:33,他人,PPPPPPPRPP,ぺい,POPGALAXY2026,対バン（静止画は全編可・動画は指定曲のみ）,photo,横,1477,1108,,12,476,https://x.com/PPPPPPPRPP/status/2088620143828242833,https://pbs.twimg.com/media/HPxE82RacAASyBn.jpg,,1
2026-08-15,22:43,メンバー,mau_lpop,まう,POPGALAXY2026,対バン（静止画は全編可・動画は指定曲のみ）,photo,,,,,62,1257,https://x.com/mau_lpop/status/2088622654496637078,,,
2026-08-15,23:28,メンバー,kurumi_lpop,やぎくるみ,POPGALAXY2026,対バン（静止画は全編可・動画は指定曲のみ）,photo,横,2048,1536,,64,1156,https://x.com/kurumi_lpop/status/2088633929180021098,https://pbs.twimg.com/media/HPxRfHxbkAAuiCm.jpg,,1
2026-08-15,23:46,他人,haruka_talk,はるかとーく!!!（遥 遠方）,POPGALAXY2026,対バン（静止画は全編可・動画は指定曲のみ）,video,横,1920,1080,58,5,264,https://x.com/haruka_talk/status/2088638456784367992,https://pbs.twimg.com/amplify_video_thumb/2088638370151120896/img/trDC0x3WlSpfQsVX.jpg,https://video.twimg.com/amplify_video/2088638370151120896/vid/avc1/1920x1080/f1OzcN-RzvtH2IcD.mp4?tag=29,1
2026-08-15,23:54,他人,AhyonCulturismo,あひょん,POPGALAXY2026,対バン（静止画は全編可・動画は指定曲のみ）,video,横,3840,2160,209,21,1054,https://x.com/AhyonCulturismo/status/2088640503210512829,https://pbs.twimg.com/amplify_video_thumb/2088638082396663808/img/e7nCwzXy-d5gs-Jt.jpg,https://video.twimg.com/amplify_video/2088638082396663808/vid/avc1/3840x2160/oqJx-qrBdb4G9gXw.mp4?tag=29,1
2026-08-16,00:20,他人,I_am_not_wotaku,はらだし🌸8/16SAKURADOLLワンマン@Zepp新宿,,,photo,横,4096,3072,,17,566,https://x.com/I_am_not_wotaku/status/2088646926774509869,https://pbs.twimg.com/media/HPxdSkjbgAATKUn.jpg,,
2026-08-16,00:20,他人,I_am_not_wotaku,はらだし🌸8/16SAKURADOLLワンマン@Zepp新宿,,,photo,縦,3072,4096,,17,566,https://x.com/I_am_not_wotaku/status/2088646926774509869,https://pbs.twimg.com/media/HPxdTdJbQAAWEIa.jpg,,
2026-08-16,01:47,他人,10o6jinddp,大ちゃん🈂️❤️‍🔥🦖,,,photo,横,2048,1536,,18,948,https://x.com/10o6jinddp/status/2088668893187592361,https://pbs.twimg.com/media/HPxxR2Da8AAUXCP.jpg,,
2026-08-16,04:18,他人,ttrsougen,たーぴん👶💛,,,photo,横,2048,1536,,6,345,https://x.com/ttrsougen/status/2088706818679943563,https://pbs.twimg.com/media/HPyTx3RbUAEBHr0.jpg,,1
2026-08-16,04:18,他人,ttrsougen,たーぴん👶💛,,,photo,横,2048,1536,,6,345,https://x.com/ttrsougen/status/2088706818679943563,https://pbs.twimg.com/media/HPyTx3RasAECcih.jpg,,1
2026-08-16,04:18,他人,ttrsougen,たーぴん👶💛,,,photo,横,2048,1536,,6,345,https://x.com/ttrsougen/status/2088706818679943563,https://pbs.twimg.com/media/HPyTx3HasAA4L9l.jpg,,1
2026-08-16,04:18,他人,ttrsougen,たーぴん👶💛,,,photo,縦,1536,2048,,6,345,https://x.com/ttrsougen/status/2088706818679943563,https://pbs.twimg.com/media/HPyTx3SaAAA0k2I.jpg,,1
2026-08-16,07:19,メンバー,mana_lpop,愛月まな,,,photo,縦,1536,2048,,65,944,https://x.com/mana_lpop/status/2088752508160340077,https://pbs.twimg.com/media/HPy9VadbIAErxh2.jpg,,1
2026-08-16,07:31,他人,M_Koala_Gussan,ドMコアラ（ぐっさん）,,,photo,縦,2333,3500,,10,741,https://x.com/M_Koala_Gussan/status/2088755459218137349,https://pbs.twimg.com/media/HPy_8fRakAAe9FW.jpg,,
2026-08-16,07:31,他人,M_Koala_Gussan,ドMコアラ（ぐっさん）,,,photo,縦,2203,3500,,10,741,https://x.com/M_Koala_Gussan/status/2088755459218137349,https://pbs.twimg.com/media/HPy_9EUa0AAqhS7.jpg,,
2026-08-16,07:31,他人,M_Koala_Gussan,ドMコアラ（ぐっさん）,,,video,縦,1080,1920,16,10,741,https://x.com/M_Koala_Gussan/status/2088755459218137349,https://pbs.twimg.com/amplify_video_thumb/2088755405698818048/img/__p8RTvHU_zNUFXK.jpg,https://video.twimg.com/amplify_video/2088755405698818048/vid/avc1/1080x1920/p9hHaU-hSYoTnAnh.mp4?tag=29,1
2026-08-16,10:42,他人,Katsuki_fksayo,Katsuki,,,photo,縦,3000,4000,,13,1804,https://x.com/Katsuki_fksayo/status/2088803483235598493,https://pbs.twimg.com/media/HPzrsejbEAA-Aol.jpg,,
2026-08-16,11:23,他人,mo_8_c,9/6昼くるみちゃん生誕に行くもやC,,,video,横,640,360,50,35,4129,https://x.com/mo_8_c/status/2088813899382685802,https://pbs.twimg.com/amplify_video_thumb/2088813863554961408/img/NUIiBk4hKcUzukXR.jpg,https://video.twimg.com/amplify_video/2088813863554961408/vid/avc1/640x360/SHBcbzSuVl0dpMSm.mp4?tag=29,1
2026-08-16,11:26,他人,mo_8_c,9/6昼くるみちゃん生誕に行くもやC,,,photo,横,4000,3000,,13,579,https://x.com/mo_8_c/status/2088814711160942607,https://pbs.twimg.com/media/HPz150zaMAAfw0I.jpg,,
2026-08-16,11:31,他人,mo_8_c,9/6昼くるみちゃん生誕に行くもやC,,,video,横,640,360,240,42,7254,https://x.com/mo_8_c/status/2088815775746576769,https://pbs.twimg.com/amplify_video_thumb/2088815734680133632/img/gdjP2OwTozYDhWAX.jpg,https://video.twimg.com/amplify_video/2088815734680133632/vid/avc1/640x360/OakyQL27XD85YLC3.mp4?tag=29,1
2026-08-16,11:55,他人,mo_8_c,9/6昼くるみちゃん生誕に行くもやC,,,video,横,640,360,230,44,8661,https://x.com/mo_8_c/status/2088821830824165649,https://pbs.twimg.com/amplify_video_thumb/2088821705573896192/img/Ggss-esYoqL3USCc.jpg,https://video.twimg.com/amplify_video/2088821705573896192/vid/avc1/640x360/wlEWWPApudbzXyhI.mp4?tag=29,1
2026-08-16,15:21,メンバー,kurumi_lpop,やぎくるみ,,,photo,縦,1536,2048,,56,885,https://x.com/kurumi_lpop/status/2088873642029670730,https://pbs.twimg.com/media/HP0rgOgbwAAMSES.jpg,,1
2026-08-16,15:28,メンバー,mau_lpop,まう,,,photo,,,,,23,399,https://x.com/mau_lpop/status/2088875635078992381,,,
2026-08-16,16:00,他人,Ago_decha_U,でちゃう,,,photo,横,4000,3000,,10,651,https://x.com/Ago_decha_U/status/2088883587986629041,https://pbs.twimg.com/media/HP00i_TbkAAkjXI.jpg,,
2026-08-16,19:02,他人,nicochanmoon,(^^),,,photo,横,2048,1536,,11,598,https://x.com/nicochanmoon/status/2088929436796359081,https://pbs.twimg.com/media/HP1eP2NbMAAvryl.jpg,,
2026-08-16,19:24,メンバー,kurumi_lpop,やぎくるみ,,,photo,縦,1536,2048,,48,965,https://x.com/kurumi_lpop/status/2088934922383974722,https://pbs.twimg.com/media/HP1jPNPaYAAN8hI.jpg,,1
2026-08-16,19:24,メンバー,kurumi_lpop,やぎくるみ,,,photo,縦,1394,2048,,48,965,https://x.com/kurumi_lpop/status/2088934922383974722,https://pbs.twimg.com/media/HP1jPNjaQAA-wYK.jpg,,1
2026-08-16,20:15,メンバー,mayu_lpop,夏川茉夢,,,photo,横,2048,1536,,38,626,https://x.com/mayu_lpop/status/2088947801283789063,https://pbs.twimg.com/media/HP1u86YawAAu8u4.jpg,,1
2026-08-16,22:55,他人,mrmr_mkr,ちゃん,,,photo,正方形,1179,1292,,15,1028,https://x.com/mrmr_mkr/status/2088988119945335267,https://pbs.twimg.com/media/HP2Tn4XawAEA4AM.jpg,,1
2026-08-17,07:34,メンバー,mana_lpop,愛月まな,,,photo,縦,1536,2048,,82,898,https://x.com/mana_lpop/status/2089118533183771113,https://pbs.twimg.com/media/HP4KOffb0AAPufm.jpg,,1
2026-08-17,08:30,メンバー,mau_lpop,まう,,,photo,,,,,48,765,https://x.com/mau_lpop/status/2089132780609540565,,,
2026-08-17,13:08,メンバー,kurumi_lpop,やぎくるみ,,,photo,縦,1536,2048,,61,845,https://x.com/kurumi_lpop/status/2089202798433042719,https://pbs.twimg.com/media/HP5W3q1bMAAQeiy.jpg,,1
2026-08-17,16:10,メンバー,mayu_lpop,夏川茉夢,,,photo,縦,1536,2048,,42,647,https://x.com/mayu_lpop/status/2089248564807684130,https://pbs.twimg.com/media/HP6AfuSbEAAywP0.jpg,,1
2026-08-17,21:01,メンバー,mana_lpop,愛月まな,,,photo,縦,1536,2048,,46,1392,https://x.com/mana_lpop/status/2089321638324302063,https://pbs.twimg.com/media/HP7C9L1a8AAqrkG.jpg,,1
2026-08-17,21:52,メンバー,mau_lpop,まう,,,photo,,,,,35,804,https://x.com/mau_lpop/status/2089334591475871764,,,
2026-08-17,21:57,メンバー,kurumi_lpop,やぎくるみ,,,photo,縦,1536,2048,,34,937,https://x.com/kurumi_lpop/status/2089335754363416883,https://pbs.twimg.com/media/HP7PylUa8AAZx1u.jpg,,1
2026-08-17,22:57,メンバー,mau_lpop,まう,,,photo,,,,,40,776,https://x.com/mau_lpop/status/2089350924741595217,,,
2026-08-18,12:02,公式,lollipop_1116,公式,,,photo,縦,1076,1522,,16,5139,https://x.com/lollipop_1116/status/2089548448693682348,https://pbs.twimg.com/media/HP-RPHdaIAEyhTI.jpg,,1
2026-08-18,15:20,メンバー,mayu_lpop,夏川茉夢,,,photo,縦,1076,1522,,15,896,https://x.com/mayu_lpop/status/2089598262387085533,https://pbs.twimg.com/media/HP--ivDbsAAmCkf.jpg,,1
2026-08-18,15:58,メンバー,mana_lpop,愛月まな,,,photo,縦,1536,2048,,68,793,https://x.com/mana_lpop/status/2089607909386936394,https://pbs.twimg.com/media/HP_HUJobQAAbPHt.jpg,,1
2026-08-18,17:29,他人,Panchan_7,ぱんちゃん,,,photo,横,4096,3074,,4,334,https://x.com/Panchan_7/status/2089630700773441664,https://pbs.twimg.com/media/HP_a3gUbwAA_GT0.jpg,,1
2026-08-18,17:29,他人,Panchan_7,ぱんちゃん,,,photo,横,4096,2731,,4,334,https://x.com/Panchan_7/status/2089630700773441664,https://pbs.twimg.com/media/HP_a_ZWawAAshEf.jpg,,1
2026-08-18,17:29,他人,Panchan_7,ぱんちゃん,,,photo,横,4096,2939,,4,334,https://x.com/Panchan_7/status/2089630700773441664,https://pbs.twimg.com/media/HP_bNBbbUAAKv4O.jpg,,1
2026-08-18,17:36,他人,Panchan_7,ぱんちゃん,,,photo,横,4096,2453,,5,256,https://x.com/Panchan_7/status/2089632436707877073,https://pbs.twimg.com/media/HP_cX-ba8AAn1vk.jpg,,1
2026-08-18,17:36,他人,Panchan_7,ぱんちゃん,,,photo,横,4096,2731,,5,256,https://x.com/Panchan_7/status/2089632436707877073,https://pbs.twimg.com/media/HP_ceT1agAAQGDI.jpg,,1
2026-08-18,17:36,他人,Panchan_7,ぱんちゃん,,,photo,横,4096,2731,,5,256,https://x.com/Panchan_7/status/2089632436707877073,https://pbs.twimg.com/media/HP_con5bMAASxt3.jpg,,1
2026-08-18,19:44,メンバー,mayu_lpop,夏川茉夢,,,photo,縦,1536,2048,,61,706,https://x.com/mayu_lpop/status/2089664705287934159,https://pbs.twimg.com/media/HP_6-PoaQAAA8-K.jpg,,1
2026-08-18,19:59,メンバー,kurumi_lpop,やぎくるみ,,,photo,縦,1536,2048,,86,1225,https://x.com/kurumi_lpop/status/2089668578656362977,https://pbs.twimg.com/media/HP_-fzGawAAx2s8.jpg,,
2026-08-18,21:01,公式,lollipop_1116,公式,,,photo,正方形,2028,2048,,13,10543,https://x.com/lollipop_1116/status/2089684191030251549,https://pbs.twimg.com/media/HQAMsf7bgAAg7R3.jpg,,1
2026-08-18,22:34,他人,mo_8_c,9/6昼くるみちゃん生誕に行くもやC,,,video,横,1298,722,16,10,2673,https://x.com/mo_8_c/status/2089707583577936320,https://pbs.twimg.com/amplify_video_thumb/2089707540317962241/img/iFUyCsqyYRvmIq1j.jpg,https://video.twimg.com/amplify_video/2089707540317962241/vid/avc1/1298x722/9evvz60LKJe7KtIm.mp4?tag=29,1
2026-08-18,23:08,メンバー,mau_lpop,まう,,,photo,,,,,34,1338,https://x.com/mau_lpop/status/2089716090964410449,,,
2026-08-19,06:07,メンバー,mayu_lpop,夏川茉夢,,,photo,縦,1179,1546,,64,791,https://x.com/mayu_lpop/status/2089821403587707367,https://pbs.twimg.com/media/HQCJfVUbQAAsoAI.jpg,,1
2026-08-19,07:38,メンバー,mau_lpop,まう,,,photo,,,,,50,912,https://x.com/mau_lpop/status/2089844452286468169,,,
2026-08-19,13:59,メンバー,mana_lpop,愛月まな,,,photo,横,2048,1536,,62,949,https://x.com/mana_lpop/status/2089940287510790448,https://pbs.twimg.com/media/HQD1nTWa0AAox40.jpg,,1
2026-08-19,13:59,メンバー,mana_lpop,愛月まな,,,photo,縦,1536,2048,,62,949,https://x.com/mana_lpop/status/2089940287510790448,https://pbs.twimg.com/media/HQD1nTYaIAE-0eI.jpg,,1
2026-08-19,19:57,メンバー,mau_lpop,まう,,,photo,,,,,22,2764,https://x.com/mau_lpop/status/2090030306665566640,,,
2026-08-20,15:05,メンバー,mana_lpop,愛月まな,,,photo,縦,766,1024,,35,1474,https://x.com/mana_lpop/status/2090319285575164278,https://pbs.twimg.com/media/HQJOS91aAAAM3vp.jpg,,1
2026-08-20,15:21,メンバー,mau_lpop,まう,,,photo,,,,,31,853,https://x.com/mau_lpop/status/2090323256071041029,,,
2026-08-20,15:45,メンバー,mayu_lpop,夏川茉夢,,,photo,縦,1444,2048,,49,751,https://x.com/mayu_lpop/status/2090329369151668331,https://pbs.twimg.com/media/HQJXexEboAE5bdh.jpg,,1
2026-08-20,16:37,メンバー,kurumi_lpop,やぎくるみ,,,photo,縦,1536,2048,,47,1057,https://x.com/kurumi_lpop/status/2090342341093806483,https://pbs.twimg.com/media/HQJjRzQaoAAuF3w.jpg,,1
2026-08-20,16:37,メンバー,kurumi_lpop,やぎくるみ,,,photo,縦,1536,2048,,47,1057,https://x.com/kurumi_lpop/status/2090342341093806483,https://pbs.twimg.com/media/HQJjRzRbIAA8qos.jpg,,1
2026-08-20,20:04,メンバー,kurumi_lpop,やぎくるみ,,,photo,縦,1536,2048,,16,743,https://x.com/kurumi_lpop/status/2090394475227136089,https://pbs.twimg.com/media/HQKSsdbaYAAw0sr.jpg,,1
2026-08-20,21:28,他人,82e57_a,だいや,,,photo,正方形,2200,2200,,12,582,https://x.com/82e57_a/status/2090415562468073966,https://pbs.twimg.com/media/HQKl2B4bUAAWHGU.jpg,,
2026-08-20,21:28,他人,82e57_a,だいや,,,photo,正方形,2200,2200,,12,582,https://x.com/82e57_a/status/2090415562468073966,https://pbs.twimg.com/media/HQKl3I0agAALbWh.jpg,,
2026-08-20,22:09,公式,lollipop_1116,公式,,,photo,横,2048,1514,,26,3333,https://x.com/lollipop_1116/status/2090425946373550379,https://pbs.twimg.com/media/HQKvUXxbEAAegko.jpg,,1
2026-08-20,22:46,公式,lollipop_1116,公式,,,photo,縦,1414,2000,,11,6843,https://x.com/lollipop_1116/status/2090435361851974014,https://pbs.twimg.com/media/HQK34SuaAAA-rEf.jpg,,1
2026-08-20,22:46,公式,lollipop_1116,公式,,,photo,縦,1414,2000,,11,6843,https://x.com/lollipop_1116/status/2090435361851974014,https://pbs.twimg.com/media/HQK34SjawAAz-RA.jpg,,1
2026-08-20,23:09,メンバー,mayu_lpop,夏川茉夢,,,photo,縦,1536,2048,,38,1073,https://x.com/mayu_lpop/status/2090441158057181198,https://pbs.twimg.com/media/HQK9JkYbwAAlxjs.jpg,,1
2026-08-20,23:09,メンバー,mayu_lpop,夏川茉夢,,,photo,縦,1536,2048,,38,1073,https://x.com/mayu_lpop/status/2090441158057181198,https://pbs.twimg.com/media/HQK9JkbacAAUb7X.jpg,,1
2026-08-20,23:19,メンバー,kurumi_lpop,やぎくるみ,,,photo,縦,1536,2048,,39,801,https://x.com/kurumi_lpop/status/2090443633162113239,https://pbs.twimg.com/media/HQK_ZvnawAApaWK.jpg,,1
2026-08-20,23:19,メンバー,kurumi_lpop,やぎくるみ,,,photo,縦,1536,2048,,39,801,https://x.com/kurumi_lpop/status/2090443633162113239,https://pbs.twimg.com/media/HQK_ZvgbgAA84PN.jpg,,1
2026-08-20,23:29,メンバー,mau_lpop,まう,,,photo,,,,,37,522,https://x.com/mau_lpop/status/2090446198121586821,,,
2026-08-20,23:43,メンバー,mana_lpop,愛月まな,,,photo,縦,768,1024,,47,643,https://x.com/mana_lpop/status/2090449587874250755,https://pbs.twimg.com/media/HQLE0LaasAApL6j.jpg,,1
2026-08-21,11:04,メンバー,mana_lpop,愛月まな,,,photo,縦,1536,2048,,62,858,https://x.com/mana_lpop/status/2090621009686929779,https://pbs.twimg.com/media/HQNgtacaQAA-L0F.jpg,,1
2026-08-21,11:19,メンバー,mau_lpop,まう,,,photo,,,,,35,738,https://x.com/mau_lpop/status/2090624744093884755,,,
2026-08-21,11:41,メンバー,kurumi_lpop,やぎくるみ,,,photo,縦,1536,2048,,77,897,https://x.com/kurumi_lpop/status/2090630226980270114,https://pbs.twimg.com/media/HQNpG-ja0AAmt2B.jpg,,1
2026-08-21,14:15,他人,Hituji_SOS,ひつじ,,,video,縦,720,1280,10,11,785,https://x.com/Hituji_SOS/status/2090669024313295256,https://pbs.twimg.com/amplify_video_thumb/2090668968403247104/img/3-RIVhCB3FL_pA10.jpg,https://video.twimg.com/amplify_video/2090668968403247104/vid/avc1/720x1280/QKIjtM0CpQRkGgyV.mp4?tag=29,1
2026-08-21,19:35,公式,lollipop_1116,公式,,,photo,縦,1130,1446,,7,8812,https://x.com/lollipop_1116/status/2090749673527267682,https://pbs.twimg.com/media/HQPVvh8bUAAf0Nu.jpg,,1
2026-08-21,19:35,公式,lollipop_1116,公式,,,photo,縦,1147,1427,,7,8812,https://x.com/lollipop_1116/status/2090749673527267682,https://pbs.twimg.com/media/HQPVvh5a0AAl8ti.jpg,,1
2026-08-21,19:48,メンバー,ami_lpop,松川愛美,,,photo,,,,,6,502,https://x.com/ami_lpop/status/2090752810384322581,,,
2026-08-21,22:22,メンバー,mayu_lpop,夏川茉夢,,,photo,縦,1536,2048,,55,710,https://x.com/mayu_lpop/status/2090791554311201027,https://pbs.twimg.com/media/HQP71gPbYAAgLuw.jpg,,1
2026-08-21,22:23,メンバー,mau_lpop,まう,,,photo,,,,,33,834,https://x.com/mau_lpop/status/2090792029634847043,,,
2026-08-21,23:35,メンバー,ami_lpop,松川愛美,,,photo,,,,,34,549,https://x.com/ami_lpop/status/2090810046011920808,,,
2026-08-22,01:02,他人,Hamakun4,Hamakun,ガラストロメ!!,対バン（静止画は全編可・動画は指定曲のみ）,photo,横,3840,2560,,6,73,https://x.com/Hamakun4/status/2090831853699657790,https://pbs.twimg.com/media/HQQfhqeX0AAmOMb.jpg,,
2026-08-22,01:02,他人,Hamakun4,Hamakun,ガラストロメ!!,対バン（静止画は全編可・動画は指定曲のみ）,photo,横,3840,2560,,6,73,https://x.com/Hamakun4/status/2090831853699657790,https://pbs.twimg.com/media/HQQfhqGXEAAJjAZ.jpg,,
2026-08-22,01:02,他人,Hamakun4,Hamakun,ガラストロメ!!,対バン（静止画は全編可・動画は指定曲のみ）,photo,横,3840,2560,,6,73,https://x.com/Hamakun4/status/2090831853699657790,https://pbs.twimg.com/media/HQQfhqaWEAASmEw.jpg,,
2026-08-22,01:02,他人,Hamakun4,Hamakun,ガラストロメ!!,対バン（静止画は全編可・動画は指定曲のみ）,photo,横,3840,2560,,6,73,https://x.com/Hamakun4/status/2090831853699657790,https://pbs.twimg.com/media/HQQflrgWUAAcqPD.jpg,,
2026-08-22,10:48,メンバー,mau_lpop,まう,ガラストロメ!!,対バン（静止画は全編可・動画は指定曲のみ）,photo,,,,,31,922,https://x.com/mau_lpop/status/2090979333393576443,,,
2026-08-22,11:43,メンバー,kurumi_lpop,やぎくるみ,ガラストロメ!!,対バン（静止画は全編可・動画は指定曲のみ）,photo,縦,1536,2048,,37,1161,https://x.com/kurumi_lpop/status/2090993330830397829,https://pbs.twimg.com/media/HQSzWeIbAAA5G41.jpg,,1
2026-08-22,13:16,他人,Ago_decha_U,でちゃう,ガラストロメ!!,対バン（静止画は全編可・動画は指定曲のみ）,photo,横,4000,3000,,9,377,https://x.com/Ago_decha_U/status/2091016623419429003,https://pbs.twimg.com/media/HQTId6QaYAAwCA5.jpg,,
2026-08-22,13:16,他人,Ago_decha_U,でちゃう,ガラストロメ!!,対バン（静止画は全編可・動画は指定曲のみ）,photo,横,4000,3000,,9,377,https://x.com/Ago_decha_U/status/2091016623419429003,https://pbs.twimg.com/media/HQTIgjwaEAAK17i.jpg,,
2026-08-22,13:48,他人,samhakase,SAMHAKASE(さむはかせ)・エンタメを諦めない∞🫧,ガラストロメ!!,対バン（静止画は全編可・動画は指定曲のみ）,photo,横,2048,1536,,5,400,https://x.com/samhakase/status/2091024585777176775,https://pbs.twimg.com/media/HQTPxUmbkAAOxM7.jpg,,1
2026-08-22,16:34,他人,0130y_hama,はま坊✌︎( ¨̮ )✌︎,ガラストロメ!!,対バン（静止画は全編可・動画は指定曲のみ）,photo,横,2048,1152,,9,2347,https://x.com/0130y_hama/status/2091066343764431345,https://pbs.twimg.com/media/HQT1vsZb0AAml0G.jpg,,
2026-08-22,16:34,他人,0130y_hama,はま坊✌︎( ¨̮ )✌︎,ガラストロメ!!,対バン（静止画は全編可・動画は指定曲のみ）,photo,横,2048,1152,,9,2347,https://x.com/0130y_hama/status/2091066343764431345,https://pbs.twimg.com/media/HQT1vsmbkAEG84i.jpg,,
2026-08-22,16:34,他人,0130y_hama,はま坊✌︎( ¨̮ )✌︎,ガラストロメ!!,対バン（静止画は全編可・動画は指定曲のみ）,photo,横,2048,1152,,9,2347,https://x.com/0130y_hama/status/2091066343764431345,https://pbs.twimg.com/media/HQT1vsaa4AATm4F.jpg,,
2026-08-22,16:34,他人,0130y_hama,はま坊✌︎( ¨̮ )✌︎,ガラストロメ!!,対バン（静止画は全編可・動画は指定曲のみ）,photo,横,2048,1152,,9,2347,https://x.com/0130y_hama/status/2091066343764431345,https://pbs.twimg.com/media/HQT1vsmaMAAEfmT.jpg,,
2026-08-22,16:41,他人,0130y_hama,はま坊✌︎( ¨̮ )✌︎,ガラストロメ!!,対バン（静止画は全編可・動画は指定曲のみ）,photo,縦,1152,2048,,10,376,https://x.com/0130y_hama/status/2091068319956861135,https://pbs.twimg.com/media/HQT3jQ-bQAAm007.jpg,,
2026-08-22,16:51,他人,miburo1869,なるしー🍥,ガラストロメ!!,対バン（静止画は全編可・動画は指定曲のみ）,photo,縦,3000,4000,,17,1731,https://x.com/miburo1869/status/2091070821288530396,https://pbs.twimg.com/media/HQT5xwvaIAAjzLr.jpg,,
2026-08-22,16:51,他人,miburo1869,なるしー🍥,ガラストロメ!!,対バン（静止画は全編可・動画は指定曲のみ）,photo,縦,3000,4000,,17,1731,https://x.com/miburo1869/status/2091070821288530396,https://pbs.twimg.com/media/HQT5yxdaoAAlgI-.jpg,,
2026-08-22,16:51,他人,miburo1869,なるしー🍥,ガラストロメ!!,対バン（静止画は全編可・動画は指定曲のみ）,photo,縦,3000,4000,,17,1731,https://x.com/miburo1869/status/2091070821288530396,https://pbs.twimg.com/media/HQT5zr4asAAfioK.jpg,,
2026-08-22,16:51,他人,miburo1869,なるしー🍥,ガラストロメ!!,対バン（静止画は全編可・動画は指定曲のみ）,photo,縦,3000,4000,,17,1731,https://x.com/miburo1869/status/2091070821288530396,https://pbs.twimg.com/media/HQT50l3bwAA9LK8.jpg,,
2026-08-22,18:20,他人,PPPPPPPRPP,ぺい,ガラストロメ!!,対バン（静止画は全編可・動画は指定曲のみ）,photo,横,2048,1536,,19,411,https://x.com/PPPPPPPRPP/status/2091093149087347117,https://pbs.twimg.com/media/HQUOIkVawAArtXI.jpg,,1
2026-08-22,18:25,他人,ororon1099,ororon,ガラストロメ!!,対バン（静止画は全編可・動画は指定曲のみ）,photo,縦,1536,2048,,10,309,https://x.com/ororon1099/status/2091094278806372702,https://pbs.twimg.com/media/HQUPKR_aEAAckRc.jpg,,1
2026-08-22,18:25,他人,ororon1099,ororon,ガラストロメ!!,対バン（静止画は全編可・動画は指定曲のみ）,photo,縦,1536,2048,,10,309,https://x.com/ororon1099/status/2091094278806372702,https://pbs.twimg.com/media/HQUPKSAbYAA5o-V.jpg,,1
2026-08-22,18:53,公式,lollipop_1116,公式,ガラストロメ!!,対バン（静止画は全編可・動画は指定曲のみ）,video,横,3840,2160,37,23,9131,https://x.com/lollipop_1116/status/2091101514601496966,https://pbs.twimg.com/amplify_video_thumb/2091101064573665280/img/y171VjRF_Zeun_V_.jpg,https://video.twimg.com/amplify_video/2091101064573665280/vid/avc1/3840x2160/mhBxdqEwrOFrwvmB.mp4?tag=29,1
2026-08-22,18:53,公式,lollipop_1116,公式,ガラストロメ!!,対バン（静止画は全編可・動画は指定曲のみ）,video,横,3840,2160,53,23,9131,https://x.com/lollipop_1116/status/2091101514601496966,https://pbs.twimg.com/amplify_video_thumb/2091101064569425921/img/bnQD5NT8cuB5tZrG.jpg,https://video.twimg.com/amplify_video/2091101064569425921/vid/avc1/3840x2160/MHSiXBdlRyBYIVhX.mp4?tag=29,1
2026-08-22,19:00,公式,lollipop_1116,公式,ガラストロメ!!,対バン（静止画は全編可・動画は指定曲のみ）,photo,縦,768,1024,,6,6501,https://x.com/lollipop_1116/status/2091103135972594139,https://pbs.twimg.com/media/HQUXNV8aYAA6tUp.jpg,,1
2026-08-22,19:03,メンバー,kurumi_lpop,やぎくるみ,ガラストロメ!!,対バン（静止画は全編可・動画は指定曲のみ）,photo,縦,1536,2048,,30,1130,https://x.com/kurumi_lpop/status/2091103856713441426,https://pbs.twimg.com/media/HQUX30ja4AA9sTm.jpg,,1
2026-08-22,19:25,メンバー,mana_lpop,愛月まな,ガラストロメ!!,対バン（静止画は全編可・動画は指定曲のみ）,photo,縦,1536,2048,,51,804,https://x.com/mana_lpop/status/2091109563013710100,https://pbs.twimg.com/media/HQUdDDrbAAAN_oL.jpg,,1
2026-08-22,19:26,メンバー,ami_lpop,松川愛美,ガラストロメ!!,対バン（静止画は全編可・動画は指定曲のみ）,photo,,,,,30,1157,https://x.com/ami_lpop/status/2091109846682948089,,,
2026-08-22,19:51,メンバー,mau_lpop,まう,ガラストロメ!!,対バン（静止画は全編可・動画は指定曲のみ）,photo,,,,,34,1460,https://x.com/mau_lpop/status/2091116015203844128,,,
2026-08-22,20:34,メンバー,mayu_lpop,夏川茉夢,ガラストロメ!!,対バン（静止画は全編可・動画は指定曲のみ）,video,横,1920,1080,136,46,1956,https://x.com/mayu_lpop/status/2091126747777597508,https://pbs.twimg.com/amplify_video_thumb/2091126291328286721/img/YYlIfrQ72GXghKqu.jpg,https://video.twimg.com/amplify_video/2091126291328286721/vid/avc1/1920x1080/7B2UuLP8JlB0M7M7.mp4?tag=29,1
2026-08-22,20:34,メンバー,mayu_lpop,夏川茉夢,ガラストロメ!!,対バン（静止画は全編可・動画は指定曲のみ）,photo,縦,1536,2048,,46,1956,https://x.com/mayu_lpop/status/2091126747777597508,https://pbs.twimg.com/media/HQUsSF3awAA3gqd.jpg,,1
2026-08-22,21:10,メンバー,mayu_lpop,夏川茉夢,ガラストロメ!!,対バン（静止画は全編可・動画は指定曲のみ）,photo,横,1396,1108,,53,5357,https://x.com/mayu_lpop/status/2091135885572231593,https://pbs.twimg.com/media/HQU1AK4aIAAoZBG.jpg,,1
2026-08-22,21:30,メンバー,ami_lpop,松川愛美,ガラストロメ!!,対バン（静止画は全編可・動画は指定曲のみ）,video,,,,,25,1646,https://x.com/ami_lpop/status/2091140875233673617,,,
2026-08-22,21:33,他人,yuki_t0617,ユウキ🤍🏹,ガラストロメ!!,対バン（静止画は全編可・動画は指定曲のみ）,photo,縦,1152,1536,,5,254,https://x.com/yuki_t0617/status/2091141818406850572,https://pbs.twimg.com/media/HQU6ZcObEAAtHeb.jpg,,
2026-08-22,21:39,公式,lollipop_1116,公式,ガラストロメ!!,対バン（静止画は全編可・動画は指定曲のみ）,photo,縦,1076,1522,,7,8851,https://x.com/lollipop_1116/status/2091143312107512090,https://pbs.twimg.com/media/HQU7wkvaUAAowu0.jpg,,1
2026-08-22,21:39,公式,lollipop_1116,公式,ガラストロメ!!,対バン（静止画は全編可・動画は指定曲のみ）,photo,横,1199,848,,7,8851,https://x.com/lollipop_1116/status/2091143312107512090,https://pbs.twimg.com/media/HQU7wkjbYAAB2_1.jpg,,1
2026-08-22,21:39,公式,lollipop_1116,公式,ガラストロメ!!,対バン（静止画は全編可・動画は指定曲のみ）,photo,縦,848,1199,,7,8851,https://x.com/lollipop_1116/status/2091143312107512090,https://pbs.twimg.com/media/HQU7wkhbMAE-nmu.jpg,,1
2026-08-22,21:42,公式,lollipop_1116,公式,ガラストロメ!!,対バン（静止画は全編可・動画は指定曲のみ）,photo,縦,1130,1446,,9,7017,https://x.com/lollipop_1116/status/2091143890959221200,https://pbs.twimg.com/media/HQU8SOdbcAA6nlr.jpg,,1
2026-08-22,21:42,公式,lollipop_1116,公式,ガラストロメ!!,対バン（静止画は全編可・動画は指定曲のみ）,photo,縦,1147,1427,,9,7017,https://x.com/lollipop_1116/status/2091143890959221200,https://pbs.twimg.com/media/HQU8SOubMAAMHlD.jpg,,1
2026-08-22,21:48,他人,asage5,あさげ,ガラストロメ!!,対バン（静止画は全編可・動画は指定曲のみ）,video,縦,720,1280,8,23,1016,https://x.com/asage5/status/2091145396211106211,https://pbs.twimg.com/amplify_video_thumb/2091145353563373568/img/IoYnWO9D8Gmvis3I.jpg,https://video.twimg.com/amplify_video/2091145353563373568/vid/avc1/720x1280/p891s1Za5ZZ35dYY.mp4?tag=29,1
2026-08-22,21:52,メンバー,mana_lpop,愛月まな,ガラストロメ!!,対バン（静止画は全編可・動画は指定曲のみ）,photo,縦,768,1024,,38,697,https://x.com/mana_lpop/status/2091146410813255847,https://pbs.twimg.com/media/HQU-k-WboAEgdc5.jpg,,1
2026-08-22,22:00,他人,yuan_desuyo,ゆえ,ガラストロメ!!,対バン（静止画は全編可・動画は指定曲のみ）,photo,横,4032,2268,,11,511,https://x.com/yuan_desuyo/status/2091148623019164108,https://pbs.twimg.com/media/HQVAjzyakAAyEG_.jpg,,
2026-08-22,22:00,他人,yuan_desuyo,ゆえ,ガラストロメ!!,対バン（静止画は全編可・動画は指定曲のみ）,photo,横,4032,2268,,11,511,https://x.com/yuan_desuyo/status/2091148623019164108,https://pbs.twimg.com/media/HQVAkX6bEAAFUKm.jpg,,
2026-08-22,22:00,他人,yuan_desuyo,ゆえ,ガラストロメ!!,対バン（静止画は全編可・動画は指定曲のみ）,photo,横,4032,2268,,11,511,https://x.com/yuan_desuyo/status/2091148623019164108,https://pbs.twimg.com/media/HQVAk9NaIAA-3x4.jpg,,
2026-08-22,22:00,他人,yuan_desuyo,ゆえ,ガラストロメ!!,対バン（静止画は全編可・動画は指定曲のみ）,photo,横,4032,2268,,11,511,https://x.com/yuan_desuyo/status/2091148623019164108,https://pbs.twimg.com/media/HQVAlj_boAIajpI.jpg,,
2026-08-22,22:05,他人,yuki_t0617,ユウキ🤍🏹,ガラストロメ!!,対バン（静止画は全編可・動画は指定曲のみ）,photo,縦,1512,2016,,14,355,https://x.com/yuki_t0617/status/2091149729879019956,https://pbs.twimg.com/media/HQVBjyRb0AAO5UB.jpg,,
2026-08-22,22:18,メンバー,mau_lpop,まう,ガラストロメ!!,対バン（静止画は全編可・動画は指定曲のみ）,photo,,,,,35,869,https://x.com/mau_lpop/status/2091152994704478276,,,
2026-08-22,23:26,他人,Ago_decha_U,でちゃう,ガラストロメ!!,対バン（静止画は全編可・動画は指定曲のみ）,video,縦,612,1090,3,17,969,https://x.com/Ago_decha_U/status/2091170195394183579,https://pbs.twimg.com/amplify_video_thumb/2091170130965434368/img/nCDaM7aQvNLJOERy.jpg,https://video.twimg.com/amplify_video/2091170130965434368/vid/avc1/612x1090/yX5xsPNasJ-ltKoJ.mp4?tag=29,1
2026-08-23,01:09,メンバー,kurumi_lpop,やぎくるみ,,,video,横,1280,720,43,46,2058,https://x.com/kurumi_lpop/status/2091196059003633671,https://pbs.twimg.com/amplify_video_thumb/2091196027789537281/img/rsPzSbti84EgOiyB.jpg,https://video.twimg.com/amplify_video/2091196027789537281/vid/avc1/1280x720/PgoCwCWy0eBz7glJ.mp4?tag=29,1
2026-08-23,07:44,他人,haru_makimaki__,はるまきまきまき,,,video,横,1920,1080,7,25,937,https://x.com/haru_makimaki__/status/2091295527170380237,https://pbs.twimg.com/amplify_video_thumb/2091295221732786176/img/MnuUgJSC30gTLq7Q.jpg,https://video.twimg.com/amplify_video/2091295221732786176/vid/avc1/1920x1080/br3pPZv1dL1_Lts5.mp4?tag=29,1
2026-08-23,07:44,他人,haru_makimaki__,はるまきまきまき,,,video,横,1920,1080,9,25,937,https://x.com/haru_makimaki__/status/2091295527170380237,https://pbs.twimg.com/amplify_video_thumb/2091295308433264640/img/0FOcfHGmtfjUMBmm.jpg,https://video.twimg.com/amplify_video/2091295308433264640/vid/avc1/1920x1080/NHbGOwCWy2jIsytx.mp4?tag=29,1
2026-08-23,07:44,他人,haru_makimaki__,はるまきまきまき,,,video,横,1920,1080,4,25,937,https://x.com/haru_makimaki__/status/2091295527170380237,https://pbs.twimg.com/amplify_video_thumb/2091295411302719488/img/6fP1WVRygrSU0fqH.jpg,https://video.twimg.com/amplify_video/2091295411302719488/vid/avc1/1920x1080/C-MID99R0_G87jRh.mp4?tag=29,1
2026-08-23,07:44,他人,haru_makimaki__,はるまきまきまき,,,video,横,1920,1080,2,25,937,https://x.com/haru_makimaki__/status/2091295527170380237,https://pbs.twimg.com/amplify_video_thumb/2091295485013483520/img/JpYC3bp1jAAZEEDb.jpg,https://video.twimg.com/amplify_video/2091295485013483520/vid/avc1/1920x1080/KTkmNiuoHMa-5qcC.mp4?tag=29,1
2026-08-23,08:32,メンバー,mau_lpop,まう,,,photo,,,,,31,1157,https://x.com/mau_lpop/status/2091307641649901726,,,
2026-08-23,08:37,メンバー,kurumi_lpop,やぎくるみ,,,photo,縦,1536,2048,,68,808,https://x.com/kurumi_lpop/status/2091308695108063683,https://pbs.twimg.com/media/HQXSLBiaoAAlItc.jpg,,1
2026-08-23,08:41,他人,debychips,でびぃ,,,photo,縦,2589,3794,,18,922,https://x.com/debychips/status/2091309910323859855,https://pbs.twimg.com/media/HQXSSwsaoAAUfLV.jpg,,
2026-08-23,08:42,他人,haru_makimaki__,はるまきまきまき,,,video,横,1920,1080,1485,26,3664,https://x.com/haru_makimaki__/status/2091310018067050830,https://pbs.twimg.com/amplify_video_thumb/2091296651663335424/img/wbwfubQE2GYCkEAH.jpg,https://video.twimg.com/amplify_video/2091296651663335424/vid/avc1/1920x1080/Me_imb6mg3oaJDNi.mp4?tag=29,1
2026-08-23,09:10,メンバー,mana_lpop,愛月まな,,,photo,縦,768,1024,,55,661,https://x.com/mana_lpop/status/2091317191421608067,https://pbs.twimg.com/media/HQXZ5cNa8AAwVsU.jpg,,1
2026-08-23,09:36,他人,haru_makimaki__,はるまきまきまき,,,video,横,1920,1080,34,18,847,https://x.com/haru_makimaki__/status/2091323591958864259,https://pbs.twimg.com/amplify_video_thumb/2091323237846392832/img/r27Tc86uFYQcbmts.jpg,https://video.twimg.com/amplify_video/2091323237846392832/vid/avc1/1920x1080/ivp-q4hRxPZIi_Df.mp4?tag=29,1
2026-08-23,10:58,他人,mo_8_c,9/6昼くるみちゃん生誕に行くもやC,,,photo,横,4000,3000,,13,556,https://x.com/mo_8_c/status/2091344393760645359,https://pbs.twimg.com/media/HQXynM-bUAAqdSa.jpg,,
2026-08-23,11:29,他人,Katsuki_fksayo,Katsuki,,,photo,横,4000,3000,,20,441,https://x.com/Katsuki_fksayo/status/2091352215034466400,https://pbs.twimg.com/media/HQX5vAFbwAA_jtH.jpg,,
2026-08-23,11:29,他人,Katsuki_fksayo,Katsuki,,,photo,縦,3000,4000,,20,441,https://x.com/Katsuki_fksayo/status/2091352215034466400,https://pbs.twimg.com/media/HQX5vouaoAAg5M1.jpg,,
2026-08-23,11:29,他人,Katsuki_fksayo,Katsuki,,,photo,縦,3000,4000,,20,441,https://x.com/Katsuki_fksayo/status/2091352215034466400,https://pbs.twimg.com/media/HQX5wNNakAA-dUP.jpg,,
2026-08-23,12:32,メンバー,kurumi_lpop,やぎくるみ,,,photo,縦,1521,2028,,20,1001,https://x.com/kurumi_lpop/status/2091368022854516760,https://pbs.twimg.com/media/HQYIH44a4AAe7Zd.jpg,,1
2026-08-23,13:20,公式,lollipop_1116,公式,,,photo,縦,1536,2048,,6,1538,https://x.com/lollipop_1116/status/2091380054723059744,https://pbs.twimg.com/media/HQYRxajbIAAZSo5.jpg,,1
2026-08-23,14:55,メンバー,kurumi_lpop,やぎくるみ,,,photo,縦,1536,2048,,63,904,https://x.com/kurumi_lpop/status/2091403929879973913,https://pbs.twimg.com/media/HQYoyIFagAAsSJm.jpg,,1
2026-08-23,14:55,公式,lollipop_1116,公式,,,photo,横,2048,1536,,32,5691,https://x.com/lollipop_1116/status/2091403836003152322,https://pbs.twimg.com/media/HQYosDnaMAAlOv2.jpg,,1
2026-08-23,14:55,公式,lollipop_1116,公式,,,photo,横,2048,1536,,32,5691,https://x.com/lollipop_1116/status/2091403836003152322,https://pbs.twimg.com/media/HQYosDzb0AA1vl4.jpg,,1
2026-08-23,15:08,他人,yuki_t0617,ユウキ🤍🏹,,,photo,縦,1512,2016,,4,190,https://x.com/yuki_t0617/status/2091407201655308554,https://pbs.twimg.com/media/HQYrwtcakAAlV8w.jpg,,
2026-08-23,16:16,メンバー,mana_lpop,愛月まな,,,photo,縦,1536,2048,,59,1202,https://x.com/mana_lpop/status/2091424205837599117,https://pbs.twimg.com/media/HQY7KCSa8AA-kf8.jpg,,1
2026-08-23,16:16,メンバー,mana_lpop,愛月まな,,,photo,縦,1536,2048,,59,1202,https://x.com/mana_lpop/status/2091424205837599117,https://pbs.twimg.com/media/HQY7KCUbAAAg--3.jpg,,1
2026-08-23,16:36,メンバー,mayu_lpop,夏川茉夢,,,photo,縦,1536,2048,,59,2380,https://x.com/mayu_lpop/status/2091429276906373418,https://pbs.twimg.com/media/HQY_1uFawAAm7iu.jpg,,1
2026-08-23,16:36,メンバー,mayu_lpop,夏川茉夢,,,photo,縦,1145,1541,,59,2380,https://x.com/mayu_lpop/status/2091429276906373418,https://pbs.twimg.com/media/HQY_1uDbEAE9Z4c.jpg,,1
2026-08-23,16:38,他人,AhyonCulturismo,あひょん,,,photo,横,2590,2247,,10,243,https://x.com/AhyonCulturismo/status/2091429741664600180,https://pbs.twimg.com/media/HQZAQttagAAy6gA.jpg,,
2026-08-23,16:58,メンバー,mau_lpop,まう,,,photo,,,,,43,1718,https://x.com/mau_lpop/status/2091434848661737749,,,
2026-08-23,17:22,他人,mimimiita,み,,,video,縦,720,1280,83,33,2413,https://x.com/mimimiita/status/2091440918880833789,https://pbs.twimg.com/amplify_video_thumb/2091440706216927232/img/a753FR2Hwu4wt4dm.jpg,https://video.twimg.com/amplify_video/2091440706216927232/vid/avc1/720x1280/TEOqBuT2CelPMEqF.mp4?tag=29,1
2026-08-23,17:41,他人,Katsuki_fksayo,Katsuki,,,photo,横,4096,3072,,7,270,https://x.com/Katsuki_fksayo/status/2091445732998017196,https://pbs.twimg.com/media/HQZOy80a8AAT5GB.jpg,,
2026-08-23,18:06,他人,Hamakun4,Hamakun,,,photo,縦,2560,3840,,4,230,https://x.com/Hamakun4/status/2091451962826854453,https://pbs.twimg.com/media/HQZUPMkWIAAju7z.jpg,,
2026-08-23,18:06,他人,Hamakun4,Hamakun,,,photo,横,3840,2560,,4,230,https://x.com/Hamakun4/status/2091451962826854453,https://pbs.twimg.com/media/HQZUPMiW0AALrOu.jpg,,
2026-08-23,18:08,他人,Hamakun4,Hamakun,,,photo,縦,2560,3840,,3,56,https://x.com/Hamakun4/status/2091452434375700714,https://pbs.twimg.com/media/HQZUzYOWIAA4epR.jpg,,
2026-08-23,18:08,他人,Hamakun4,Hamakun,,,photo,横,3840,2559,,3,56,https://x.com/Hamakun4/status/2091452434375700714,https://pbs.twimg.com/media/HQZUzYdW4AAO876.jpg,,
2026-08-23,18:10,他人,Hamakun4,Hamakun,,,photo,縦,2560,3840,,2,65,https://x.com/Hamakun4/status/2091452978750275851,https://pbs.twimg.com/media/HQZVA91WgAAQyYD.jpg,,
2026-08-23,18:10,他人,Hamakun4,Hamakun,,,photo,横,3840,2560,,2,65,https://x.com/Hamakun4/status/2091452978750275851,https://pbs.twimg.com/media/HQZVA9WXgAAbeAH.jpg,,
2026-08-23,18:10,他人,Hamakun4,Hamakun,,,photo,横,3840,2560,,2,65,https://x.com/Hamakun4/status/2091452978750275851,https://pbs.twimg.com/media/HQZVA9iWMAAdn-h.jpg,,
2026-08-23,21:32,メンバー,kurumi_lpop,やぎくるみ,,,photo,縦,1536,2048,,55,852,https://x.com/kurumi_lpop/status/2091503779242025188,https://pbs.twimg.com/media/HQaDmZkbQAACLpE.jpg,,1
2026-08-23,21:40,メンバー,ami_lpop,松川愛美,,,photo,,,,,51,1529,https://x.com/ami_lpop/status/2091505945851630077,,,
2026-08-24,00:02,メンバー,mau_lpop,まう,「idolliveinfo REAL」,対バン（静止画は全編可・動画は指定曲のみ）,photo,,,,,20,822,https://x.com/mau_lpop/status/2091541710409249204,,,
2026-08-24,01:25,他人,Hamakun4,Hamakun,「idolliveinfo REAL」,対バン（静止画は全編可・動画は指定曲のみ）,photo,横,3840,2560,,2,86,https://x.com/Hamakun4/status/2091562500613407176,https://pbs.twimg.com/media/HQa48CmXkAAD141.jpg,,
2026-08-24,01:25,他人,Hamakun4,Hamakun,「idolliveinfo REAL」,対バン（静止画は全編可・動画は指定曲のみ）,photo,縦,2560,3840,,2,86,https://x.com/Hamakun4/status/2091562500613407176,https://pbs.twimg.com/media/HQa48CXWkAAA2nI.jpg,,
2026-08-24,01:25,他人,Hamakun4,Hamakun,「idolliveinfo REAL」,対バン（静止画は全編可・動画は指定曲のみ）,photo,横,3840,2560,,2,86,https://x.com/Hamakun4/status/2091562500613407176,https://pbs.twimg.com/media/HQa48CnXAAAjN7H.jpg,,
2026-08-24,01:25,他人,Hamakun4,Hamakun,「idolliveinfo REAL」,対バン（静止画は全編可・動画は指定曲のみ）,photo,横,3840,2160,,2,86,https://x.com/Hamakun4/status/2091562500613407176,https://pbs.twimg.com/media/HQa48DAXAAAzAR8.jpg,,
2026-08-24,01:29,他人,Hamakun4,Hamakun,「idolliveinfo REAL」,対バン（静止画は全編可・動画は指定曲のみ）,photo,縦,2560,3840,,2,83,https://x.com/Hamakun4/status/2091563601328779311,https://pbs.twimg.com/media/HQa52i5W8AA-k9b.jpg,,
2026-08-24,01:29,他人,Hamakun4,Hamakun,「idolliveinfo REAL」,対バン（静止画は全編可・動画は指定曲のみ）,photo,横,3840,2560,,2,83,https://x.com/Hamakun4/status/2091563601328779311,https://pbs.twimg.com/media/HQa52jZXIAAlWcX.jpg,,
2026-08-24,01:29,他人,Hamakun4,Hamakun,「idolliveinfo REAL」,対バン（静止画は全編可・動画は指定曲のみ）,photo,横,3840,2160,,2,83,https://x.com/Hamakun4/status/2091563601328779311,https://pbs.twimg.com/media/HQa52jLX0AAx9nV.jpg,,
2026-08-24,01:33,他人,Hamakun4,Hamakun,「idolliveinfo REAL」,対バン（静止画は全編可・動画は指定曲のみ）,photo,横,3840,2560,,2,35,https://x.com/Hamakun4/status/2091564520929915294,https://pbs.twimg.com/media/HQa6f2MWQAA_k2_.jpg,,
2026-08-24,01:33,他人,Hamakun4,Hamakun,「idolliveinfo REAL」,対バン（静止画は全編可・動画は指定曲のみ）,photo,縦,2560,3840,,2,35,https://x.com/Hamakun4/status/2091564520929915294,https://pbs.twimg.com/media/HQa6f2JWYAEaX5k.jpg,,
2026-08-24,01:33,他人,Hamakun4,Hamakun,「idolliveinfo REAL」,対バン（静止画は全編可・動画は指定曲のみ）,photo,横,3840,2560,,2,35,https://x.com/Hamakun4/status/2091564520929915294,https://pbs.twimg.com/media/HQa6f2RW8AEK5iO.jpg,,
2026-08-24,01:33,他人,Hamakun4,Hamakun,「idolliveinfo REAL」,対バン（静止画は全編可・動画は指定曲のみ）,photo,横,3840,2160,,2,35,https://x.com/Hamakun4/status/2091564520929915294,https://pbs.twimg.com/media/HQa6f2QX0AAeZvd.jpg,,
2026-08-24,07:15,メンバー,mana_lpop,愛月まな,「idolliveinfo REAL」,対バン（静止画は全編可・動画は指定曲のみ）,photo,横,2048,1536,,71,739,https://x.com/mana_lpop/status/2091650626153574482,https://pbs.twimg.com/media/HQcJIdDa4AAgeDE.jpg,,1
2026-08-24,11:04,公式,lollipop_1116,公式,「idolliveinfo REAL」,対バン（静止画は全編可・動画は指定曲のみ）,photo,横,1672,941,,8,3375,https://x.com/lollipop_1116/status/2091708311557333217,https://pbs.twimg.com/media/HQc9n2JbcAAsALY.jpg,,1
2026-08-24,11:37,他人,kakuekiteishya,🚃🩷各駅停車♥（謎の用務員）,「idolliveinfo REAL」,対バン（静止画は全編可・動画は指定曲のみ）,photo,縦,3000,4000,,2,150,https://x.com/kakuekiteishya/status/2091716443046109318,https://pbs.twimg.com/media/HQdE_AUbUAAeVar.jpg,,
2026-08-24,11:37,他人,kakuekiteishya,🚃🩷各駅停車♥（謎の用務員）,「idolliveinfo REAL」,対バン（静止画は全編可・動画は指定曲のみ）,photo,縦,3000,4000,,2,150,https://x.com/kakuekiteishya/status/2091716443046109318,https://pbs.twimg.com/media/HQdE_mRacAApG9Y.jpg,,
2026-08-24,11:37,他人,kakuekiteishya,🚃🩷各駅停車♥（謎の用務員）,「idolliveinfo REAL」,対バン（静止画は全編可・動画は指定曲のみ）,photo,縦,2028,3230,,2,150,https://x.com/kakuekiteishya/status/2091716443046109318,https://pbs.twimg.com/media/HQdFAk_bUAAW77c.jpg,,
2026-08-24,11:37,他人,kakuekiteishya,🚃🩷各駅停車♥（謎の用務員）,「idolliveinfo REAL」,対バン（静止画は全編可・動画は指定曲のみ）,photo,縦,2028,3231,,2,150,https://x.com/kakuekiteishya/status/2091716443046109318,https://pbs.twimg.com/media/HQdFBBbbsAARHuR.jpg,,
2026-08-24,14:51,他人,forger_theBeast,ちゃんのざ,「idolliveinfo REAL」,対バン（静止画は全編可・動画は指定曲のみ）,photo,縦,3072,4096,,10,352,https://x.com/forger_theBeast/status/2091765292271841691,https://pbs.twimg.com/media/HQdxXvBbIAAwo1Y.jpg,,
2026-08-24,15:02,メンバー,kurumi_lpop,やぎくるみ,「idolliveinfo REAL」,対バン（静止画は全編可・動画は指定曲のみ）,photo,縦,1130,1446,,16,2701,https://x.com/kurumi_lpop/status/2091767986185224368,https://pbs.twimg.com/media/HQdz5MGakAAqsmw.jpg,,1
2026-08-24,16:26,メンバー,mau_lpop,まう,「idolliveinfo REAL」,対バン（静止画は全編可・動画は指定曲のみ）,photo,,,,,18,1098,https://x.com/mau_lpop/status/2091789108771274878,,,
2026-08-24,20:26,他人,mappi_0730,まっぴ,「idolliveinfo REAL」,対バン（静止画は全編可・動画は指定曲のみ）,photo,縦,1536,2048,,17,610,https://x.com/mappi_0730/status/2091849720717324663,https://pbs.twimg.com/media/HQe-OsOawAEj_yx.jpg,,1
2026-08-24,20:26,他人,mappi_0730,まっぴ,「idolliveinfo REAL」,対バン（静止画は全編可・動画は指定曲のみ）,photo,縦,1536,2048,,17,610,https://x.com/mappi_0730/status/2091849720717324663,https://pbs.twimg.com/media/HQe-OsEaMAA3TAt.jpg,,1
2026-08-24,20:26,他人,mappi_0730,まっぴ,「idolliveinfo REAL」,対バン（静止画は全編可・動画は指定曲のみ）,photo,縦,1536,2048,,17,610,https://x.com/mappi_0730/status/2091849720717324663,https://pbs.twimg.com/media/HQe-OsGa0AE5vcQ.jpg,,1
2026-08-24,20:26,他人,mappi_0730,まっぴ,「idolliveinfo REAL」,対バン（静止画は全編可・動画は指定曲のみ）,photo,縦,1536,2048,,17,610,https://x.com/mappi_0730/status/2091849720717324663,https://pbs.twimg.com/media/HQe-OsfaAAAcQlg.jpg,,1
2026-08-24,21:44,他人,terraria_sv,てらっち,「idolliveinfo REAL」,対バン（静止画は全編可・動画は指定曲のみ）,photo,横,2048,1536,,9,326,https://x.com/terraria_sv/status/2091869355953062316,https://pbs.twimg.com/media/HQfQFykaIAAPZYY.jpg,,1
2026-08-24,22:12,他人,nicochanmoon,(^^),「idolliveinfo REAL」,対バン（静止画は全編可・動画は指定曲のみ）,photo,縦,900,1200,,20,1114,https://x.com/nicochanmoon/status/2091876426136076403,https://pbs.twimg.com/media/HQfWKDHagAA8v5n.jpg,,
2026-08-24,22:12,他人,nicochanmoon,(^^),「idolliveinfo REAL」,対バン（静止画は全編可・動画は指定曲のみ）,photo,縦,900,1200,,20,1114,https://x.com/nicochanmoon/status/2091876426136076403,https://pbs.twimg.com/media/HQfWKDPawAAUZPk.jpg,,
2026-08-24,22:47,公式,lollipop_1116,公式,「idolliveinfo REAL」,対バン（静止画は全編可・動画は指定曲のみ）,photo,横,1477,1108,,18,7779,https://x.com/lollipop_1116/status/2091885190352404696,https://pbs.twimg.com/media/HQfefgJawAA_VSo.jpg,,1
2026-08-24,22:47,公式,lollipop_1116,公式,「idolliveinfo REAL」,対バン（静止画は全編可・動画は指定曲のみ）,photo,横,1477,1108,,18,7779,https://x.com/lollipop_1116/status/2091885190352404696,https://pbs.twimg.com/media/HQfdryFboAAkMs9.jpg,,1
2026-08-24,22:52,メンバー,kurumi_lpop,やぎくるみ,「idolliveinfo REAL」,対バン（静止画は全編可・動画は指定曲のみ）,photo,縦,1536,2048,,53,1511,https://x.com/kurumi_lpop/status/2091886406515953846,https://pbs.twimg.com/media/HQffmADbwAAYV2n.jpg,,1
2026-08-24,22:56,メンバー,ami_lpop,松川愛美,「idolliveinfo REAL」,対バン（静止画は全編可・動画は指定曲のみ）,photo,,,,,40,2814,https://x.com/ami_lpop/status/2091887310203932899,,,
2026-08-24,23:01,メンバー,mana_lpop,愛月まな,「idolliveinfo REAL」,対バン（静止画は全編可・動画は指定曲のみ）,photo,縦,1536,2048,,41,663,https://x.com/mana_lpop/status/2091888703115591779,https://pbs.twimg.com/media/HQfhqsNaoAAueRa.jpg,,1
2026-08-24,23:08,他人,hol77910,ホロホロ,「idolliveinfo REAL」,対バン（静止画は全編可・動画は指定曲のみ）,photo,縦,1476,2048,,13,501,https://x.com/hol77910/status/2091890302181392697,https://pbs.twimg.com/media/HQfjJAKbMAAtEWT.jpg,,1
2026-08-24,23:11,メンバー,mau_lpop,まう,「idolliveinfo REAL」,対バン（静止画は全編可・動画は指定曲のみ）,photo,,,,,32,1164,https://x.com/mau_lpop/status/2091891240442986554,,,
2026-08-24,23:14,メンバー,mayu_lpop,夏川茉夢,「idolliveinfo REAL」,対バン（静止画は全編可・動画は指定曲のみ）,photo,縦,1536,2048,,43,1653,https://x.com/mayu_lpop/status/2091891795668177064,https://pbs.twimg.com/media/HQfke6ja4AAC0-t.jpg,,1
2026-08-24,23:47,他人,momo_dq,Momo@袖🍉,「idolliveinfo REAL」,対バン（静止画は全編可・動画は指定曲のみ）,photo,横,2880,2160,,15,691,https://x.com/momo_dq/status/2091900167834550420,https://pbs.twimg.com/media/HQfsGtGasAArpPh.jpg,,1
2026-08-24,23:47,他人,momo_dq,Momo@袖🍉,「idolliveinfo REAL」,対バン（静止画は全編可・動画は指定曲のみ）,photo,横,2880,2160,,15,691,https://x.com/momo_dq/status/2091900167834550420,https://pbs.twimg.com/media/HQfsGtKbcAE68kM.jpg,,1
2026-08-24,23:47,他人,momo_dq,Momo@袖🍉,「idolliveinfo REAL」,対バン（静止画は全編可・動画は指定曲のみ）,photo,縦,1130,1446,,15,691,https://x.com/momo_dq/status/2091900167834550420,https://pbs.twimg.com/media/HQfsGtUaIAACe0Q.jpg,,1
2026-08-25,00:33,他人,VV_K2_VFI,Ｋ２たん (ドル全般),,,photo,縦,800,1600,,4,173,https://x.com/VV_K2_VFI/status/2091911877697913004,https://pbs.twimg.com/media/HQf2wv1acAEVk0u.jpg,,
2026-08-25,00:58,他人,Hamakun4,Hamakun,,,photo,縦,2560,3840,,2,52,https://x.com/Hamakun4/status/2091918019849015458,https://pbs.twimg.com/media/HQf8PbYWkAAnr_R.jpg,,
2026-08-25,00:58,他人,Hamakun4,Hamakun,,,photo,横,3840,2560,,2,52,https://x.com/Hamakun4/status/2091918019849015458,https://pbs.twimg.com/media/HQf8PbHWkAA2mRj.jpg,,
2026-08-25,00:58,他人,Hamakun4,Hamakun,,,photo,横,3840,2160,,2,52,https://x.com/Hamakun4/status/2091918019849015458,https://pbs.twimg.com/media/HQf8PbHXsAASS2K.jpg,,
2026-08-25,00:59,他人,Hamakun4,Hamakun,,,photo,縦,2560,3840,,2,50,https://x.com/Hamakun4/status/2091918298480861404,https://pbs.twimg.com/media/HQf8hMWW8AAVZCz.jpg,,
2026-08-25,00:59,他人,Hamakun4,Hamakun,,,photo,横,3840,2560,,2,50,https://x.com/Hamakun4/status/2091918298480861404,https://pbs.twimg.com/media/HQf8hMdXYAAaCxp.jpg,,
2026-08-25,00:59,他人,Hamakun4,Hamakun,,,photo,横,3840,2160,,2,50,https://x.com/Hamakun4/status/2091918298480861404,https://pbs.twimg.com/media/HQf8hMWXUAAoWzE.jpg,,
2026-08-25,00:59,他人,Hamakun4,Hamakun,,,photo,横,3840,2560,,2,50,https://x.com/Hamakun4/status/2091918298480861404,https://pbs.twimg.com/media/HQf8hMaXYAAtR9F.jpg,,
2026-08-25,01:01,他人,Hamakun4,Hamakun,,,photo,縦,2560,3840,,3,92,https://x.com/Hamakun4/status/2091918865076781271,https://pbs.twimg.com/media/HQf8_hfWkAEOOs3.jpg,,
2026-08-25,01:01,他人,Hamakun4,Hamakun,,,photo,横,3840,2559,,3,92,https://x.com/Hamakun4/status/2091918865076781271,https://pbs.twimg.com/media/HQf8_hqXIAAYgPY.jpg,,
2026-08-25,01:01,他人,Hamakun4,Hamakun,,,photo,横,3840,2160,,3,92,https://x.com/Hamakun4/status/2091918865076781271,https://pbs.twimg.com/media/HQf8_hlXYAAe4H-.jpg,,
2026-08-25,01:01,他人,Hamakun4,Hamakun,,,photo,横,3840,2560,,3,92,https://x.com/Hamakun4/status/2091918865076781271,https://pbs.twimg.com/media/HQf8_h8WEAAoVRs.jpg,,
2026-08-25,01:02,他人,Hamakun4,Hamakun,,,photo,縦,2560,3840,,3,189,https://x.com/Hamakun4/status/2091919086229860825,https://pbs.twimg.com/media/HQf9NF8XMAAdfax.jpg,,
2026-08-25,01:02,他人,Hamakun4,Hamakun,,,photo,横,3840,2559,,3,189,https://x.com/Hamakun4/status/2091919086229860825,https://pbs.twimg.com/media/HQf9NGBXEAEkGcA.jpg,,
2026-08-25,01:02,他人,Hamakun4,Hamakun,,,photo,横,3840,2160,,3,189,https://x.com/Hamakun4/status/2091919086229860825,https://pbs.twimg.com/media/HQf9NG3WIAArnLI.jpg,,
2026-08-25,01:03,他人,Hamakun4,Hamakun,,,photo,横,3840,2560,,3,76,https://x.com/Hamakun4/status/2091919260889096248,https://pbs.twimg.com/media/HQf9aiYXgAAC-xt.jpg,,
2026-08-25,01:03,他人,Hamakun4,Hamakun,,,photo,縦,2560,3840,,3,76,https://x.com/Hamakun4/status/2091919260889096248,https://pbs.twimg.com/media/HQf9ajAXQAA4gya.jpg,,
2026-08-25,01:03,他人,Hamakun4,Hamakun,,,photo,横,3840,2560,,3,76,https://x.com/Hamakun4/status/2091919260889096248,https://pbs.twimg.com/media/HQf9aiUWYAEnj79.jpg,,
2026-08-25,01:03,他人,Hamakun4,Hamakun,,,photo,横,3840,2160,,3,76,https://x.com/Hamakun4/status/2091919260889096248,https://pbs.twimg.com/media/HQf9aiQWgAErmKT.jpg,,
2026-08-25,07:30,メンバー,mana_lpop,愛月まな,,,photo,縦,1536,2048,,75,811,https://x.com/mana_lpop/status/2092016830886056098,https://pbs.twimg.com/media/HQhWNDpaIAAu200.jpg,,1
2026-08-25,08:15,メンバー,mau_lpop,まう,,,photo,,,,,41,588,https://x.com/mau_lpop/status/2092028084014969084,,,
2026-08-25,14:47,メンバー,kurumi_lpop,やぎくるみ,,,photo,縦,1536,2048,,72,822,https://x.com/kurumi_lpop/status/2092126608790626618,https://pbs.twimg.com/media/HQi6DzjaoAANxjX.jpg,,1
2026-08-25,15:51,メンバー,mayu_lpop,夏川茉夢,,,photo,横,2048,1536,,31,640,https://x.com/mayu_lpop/status/2092142725240082530,https://pbs.twimg.com/media/HQjIt9LbMAADmMK.jpg,,1
2026-08-25,16:17,他人,mo_8_c,9/6昼くるみちゃん生誕に行くもやC,,,photo,縦,1689,2175,,7,897,https://x.com/mo_8_c/status/2092149394988732827,https://pbs.twimg.com/media/HQjOyKraIAAsDPc.jpg,,
2026-08-25,18:02,他人,AhyonCulturismo,あひょん,,,video,横,3840,2160,17,3,221,https://x.com/AhyonCulturismo/status/2092175747435909543,https://pbs.twimg.com/amplify_video_thumb/2092175112665808896/img/4Gi1V5qXH9JYypQ1.jpg,https://video.twimg.com/amplify_video/2092175112665808896/vid/avc1/3840x2160/NlmMZM7k5Xmghzw_.mp4?tag=29,1
2026-08-25,18:02,他人,AhyonCulturismo,あひょん,,,video,横,3840,2160,10,3,221,https://x.com/AhyonCulturismo/status/2092175747435909543,https://pbs.twimg.com/amplify_video_thumb/2092175362331672576/img/cXgd-WFK8tyfe-9O.jpg,https://video.twimg.com/amplify_video/2092175362331672576/vid/avc1/3840x2160/W-5q8OidYKLqu9vx.mp4?tag=29,1
2026-08-25,18:02,他人,AhyonCulturismo,あひょん,,,video,横,3840,2160,10,3,221,https://x.com/AhyonCulturismo/status/2092175747435909543,https://pbs.twimg.com/amplify_video_thumb/2092175507442012160/img/dEkt8ZF7z5PZgR4P.jpg,https://video.twimg.com/amplify_video/2092175507442012160/vid/avc1/3840x2160/YqdjgOXEZmaWML6u.mp4?tag=29,1
2026-08-25,18:02,他人,AhyonCulturismo,あひょん,,,video,横,3840,2160,8,3,221,https://x.com/AhyonCulturismo/status/2092175747435909543,https://pbs.twimg.com/amplify_video_thumb/2092175623997513728/img/3KZKSbhNcyTiKKZc.jpg,https://video.twimg.com/amplify_video/2092175623997513728/vid/avc1/3840x2160/zczcHdRYTd71zHj-.mp4?tag=29,1
2026-08-25,18:07,他人,AhyonCulturismo,あひょん,,,video,横,3840,2160,11,10,471,https://x.com/AhyonCulturismo/status/2092177141253472609,https://pbs.twimg.com/amplify_video_thumb/2092176441903611904/img/juFiFo3SXFfN6xVK.jpg,https://video.twimg.com/amplify_video/2092176441903611904/vid/avc1/3840x2160/lQXa5Gl1HoZehENz.mp4?tag=29,1
2026-08-25,18:07,他人,AhyonCulturismo,あひょん,,,video,横,3840,2160,16,10,471,https://x.com/AhyonCulturismo/status/2092177141253472609,https://pbs.twimg.com/amplify_video_thumb/2092176589526376449/img/sF9wlF8wd8pga-3n.jpg,https://video.twimg.com/amplify_video/2092176589526376449/vid/avc1/3840x2160/uzDp4ahxXseLEUev.mp4?tag=29,1
2026-08-25,18:07,他人,AhyonCulturismo,あひょん,,,video,横,3840,2160,32,10,471,https://x.com/AhyonCulturismo/status/2092177141253472609,https://pbs.twimg.com/amplify_video_thumb/2092176773463371777/img/phYp0zyfsRA1uthr.jpg,https://video.twimg.com/amplify_video/2092176773463371777/vid/avc1/3840x2160/H0wgttjFtfBLidhG.mp4?tag=29,1
2026-08-25,18:26,他人,tsp_kme_,和泉きみえ💚ﾃﾗｽﾏ🐑ｷｭｳﾀﾞｲﾃﾝ,,,photo,横,1024,576,,21,926,https://x.com/tsp_kme_/status/2092181748692169023,https://pbs.twimg.com/media/HQjsNhibgAAKBAO.jpg,,
2026-08-25,18:26,他人,tsp_kme_,和泉きみえ💚ﾃﾗｽﾏ🐑ｷｭｳﾀﾞｲﾃﾝ,,,photo,横,1024,576,,21,926,https://x.com/tsp_kme_/status/2092181748692169023,https://pbs.twimg.com/media/HQjsNhia4AAYjdO.jpg,,
2026-08-25,19:40,他人,Hamakun4,Hamakun,,,photo,縦,2560,3840,,2,88,https://x.com/Hamakun4/status/2092200466717262326,https://pbs.twimg.com/media/HQj9HE2XEAA69hm.jpg,,
2026-08-25,19:40,他人,Hamakun4,Hamakun,,,photo,横,3840,2560,,2,88,https://x.com/Hamakun4/status/2092200466717262326,https://pbs.twimg.com/media/HQj9HElWUAAOoGR.jpg,,
2026-08-25,19:40,他人,Hamakun4,Hamakun,,,photo,横,3840,2160,,2,88,https://x.com/Hamakun4/status/2092200466717262326,https://pbs.twimg.com/media/HQj9HEkWgAAj2HZ.jpg,,
2026-08-25,19:40,他人,Hamakun4,Hamakun,,,photo,横,3840,2560,,2,88,https://x.com/Hamakun4/status/2092200466717262326,https://pbs.twimg.com/media/HQj9HEmXgAEAW0o.jpg,,
2026-08-25,20:28,公式,lollipop_1116,公式,,,photo,縦,1076,1522,,16,10278,https://x.com/lollipop_1116/status/2092212557260222857,https://pbs.twimg.com/media/HQkIOBJbwAAnUj9.jpg,,1
2026-08-25,22:24,メンバー,mau_lpop,まう,,,photo,,,,,37,1670,https://x.com/mau_lpop/status/2092241602224009283,,,
2026-08-25,22:46,メンバー,mana_lpop,愛月まな,,,photo,縦,1602,2048,,36,693,https://x.com/mana_lpop/status/2092247364690129193,https://pbs.twimg.com/media/HQkn402aoAAi8Tu.jpg,,1
2026-08-25,22:50,メンバー,kurumi_lpop,やぎくるみ,,,photo,縦,1306,2047,,46,901,https://x.com/kurumi_lpop/status/2092248318240047141,https://pbs.twimg.com/media/HQkowRAaAAAAKQv.jpg,,1
2026-08-26,01:14,他人,Hamakun4,Hamakun,単独ライブ（1部ワンコインライブ） / 単独ライブ（2部 Vol.18 夏曲お披露目公演）,主催（静止画・動画とも全編可・掲載可）,photo,横,3840,2560,,2,103,https://x.com/Hamakun4/status/2092284480375460176,https://pbs.twimg.com/media/HQlJfmmWUAAYaDB.jpg,,
2026-08-26,01:14,他人,Hamakun4,Hamakun,単独ライブ（1部ワンコインライブ） / 単独ライブ（2部 Vol.18 夏曲お披露目公演）,主催（静止画・動画とも全編可・掲載可）,photo,縦,2559,3840,,2,103,https://x.com/Hamakun4/status/2092284480375460176,https://pbs.twimg.com/media/HQlJfmfWQAEjZSH.jpg,,
2026-08-26,01:14,他人,Hamakun4,Hamakun,単独ライブ（1部ワンコインライブ） / 単独ライブ（2部 Vol.18 夏曲お披露目公演）,主催（静止画・動画とも全編可・掲載可）,photo,横,3840,2560,,2,103,https://x.com/Hamakun4/status/2092284480375460176,https://pbs.twimg.com/media/HQlJfmkWsAAE_Ed.jpg,,
2026-08-26,01:14,他人,Hamakun4,Hamakun,単独ライブ（1部ワンコインライブ） / 単独ライブ（2部 Vol.18 夏曲お披露目公演）,主催（静止画・動画とも全編可・掲載可）,photo,横,3840,2160,,2,103,https://x.com/Hamakun4/status/2092284480375460176,https://pbs.twimg.com/media/HQlJfmkWYAA28_C.jpg,,
2026-08-26,12:56,他人,haru_makimaki__,はるまきまきまき,単独ライブ（1部ワンコインライブ） / 単独ライブ（2部 Vol.18 夏曲お披露目公演）,主催（静止画・動画とも全編可・掲載可）,video,横,3840,2160,205,18,498,https://x.com/haru_makimaki__/status/2092461135283007524,https://pbs.twimg.com/amplify_video_thumb/2092455994920235008/img/fAUJmoJQ9jLJkeMv.jpg,https://video.twimg.com/amplify_video/2092455994920235008/vid/avc1/3840x2160/UrZnr5SRbPVoIJt1.mp4?tag=29,1
2026-08-26,13:39,メンバー,mana_lpop,愛月まな,単独ライブ（1部ワンコインライブ） / 単独ライブ（2部 Vol.18 夏曲お披露目公演）,主催（静止画・動画とも全編可・掲載可）,photo,縦,1536,2048,,59,709,https://x.com/mana_lpop/status/2092471991995609205,https://pbs.twimg.com/media/HQn0L4EbcAEHni7.jpg,,1
2026-08-26,14:50,メンバー,mau_lpop,まう,単独ライブ（1部ワンコインライブ） / 単独ライブ（2部 Vol.18 夏曲お披露目公演）,主催（静止画・動画とも全編可・掲載可）,photo,,,,,32,868,https://x.com/mau_lpop/status/2092489775295123956,,,
2026-08-26,15:05,メンバー,kurumi_lpop,やぎくるみ,単独ライブ（1部ワンコインライブ） / 単独ライブ（2部 Vol.18 夏曲お披露目公演）,主催（静止画・動画とも全編可・掲載可）,photo,縦,1536,2048,,29,1003,https://x.com/kurumi_lpop/status/2092493610453467153,https://pbs.twimg.com/media/HQoH2CsbQAAS8p9.jpg,,
2026-08-26,17:50,他人,wJIsNta3br7334,愛生,単独ライブ（1部ワンコインライブ） / 単独ライブ（2部 Vol.18 夏曲お披露目公演）,主催（静止画・動画とも全編可・掲載可）,photo,縦,1292,1723,,3,192,https://x.com/wJIsNta3br7334/status/2092535228715958567,https://pbs.twimg.com/media/HQotsocbUAANyHc.jpg,,1
2026-08-26,17:50,他人,wJIsNta3br7334,愛生,単独ライブ（1部ワンコインライブ） / 単独ライブ（2部 Vol.18 夏曲お披露目公演）,主催（静止画・動画とも全編可・掲載可）,photo,縦,895,1193,,3,192,https://x.com/wJIsNta3br7334/status/2092535228715958567,https://pbs.twimg.com/media/HQotsotaUAA3mD6.jpg,,1
2026-08-26,17:50,他人,wJIsNta3br7334,愛生,単独ライブ（1部ワンコインライブ） / 単独ライブ（2部 Vol.18 夏曲お披露目公演）,主催（静止画・動画とも全編可・掲載可）,photo,縦,895,1193,,3,192,https://x.com/wJIsNta3br7334/status/2092535228715958567,https://pbs.twimg.com/media/HQotsojbgAIu2bk.jpg,,1
2026-08-26,18:50,他人,sigerin_t,しげりん,単独ライブ（1部ワンコインライブ） / 単独ライブ（2部 Vol.18 夏曲お披露目公演）,主催（静止画・動画とも全編可・掲載可）,photo,縦,3000,4000,,8,2083,https://x.com/sigerin_t/status/2092550308195127471,https://pbs.twimg.com/media/HQo7Z6gacAAM2wn.jpg,,
2026-08-26,19:14,他人,sigerin_t,しげりん,単独ライブ（1部ワンコインライブ） / 単独ライブ（2部 Vol.18 夏曲お披露目公演）,主催（静止画・動画とも全編可・掲載可）,photo,縦,3000,4000,,12,1173,https://x.com/sigerin_t/status/2092556282633048144,https://pbs.twimg.com/media/HQpAP1LbcAEkicL.jpg,,
2026-08-26,19:14,他人,sigerin_t,しげりん,単独ライブ（1部ワンコインライブ） / 単独ライブ（2部 Vol.18 夏曲お披露目公演）,主催（静止画・動画とも全編可・掲載可）,photo,縦,3000,4000,,12,1173,https://x.com/sigerin_t/status/2092556282633048144,https://pbs.twimg.com/media/HQpAoHYacAAY4eO.jpg,,
2026-08-26,19:14,他人,sigerin_t,しげりん,単独ライブ（1部ワンコインライブ） / 単独ライブ（2部 Vol.18 夏曲お披露目公演）,主催（静止画・動画とも全編可・掲載可）,photo,縦,3000,4000,,12,1173,https://x.com/sigerin_t/status/2092556282633048144,https://pbs.twimg.com/media/HQpAvILaAAApfM5.jpg,,
2026-08-26,21:10,他人,Ago_decha_U,でちゃう,単独ライブ（1部ワンコインライブ） / 単独ライブ（2部 Vol.18 夏曲お披露目公演）,主催（静止画・動画とも全編可・掲載可）,video,縦,720,1280,24,16,815,https://x.com/Ago_decha_U/status/2092585573223690265,https://pbs.twimg.com/amplify_video_thumb/2092585163058479104/img/EDM2ZcC_olvB3eAg.jpg,https://video.twimg.com/amplify_video/2092585163058479104/vid/avc1/720x1280/m_aLsI6XmhiCq0Az.mp4?tag=29,1
2026-08-26,22:02,他人,sigerin_t,しげりん,単独ライブ（1部ワンコインライブ） / 単独ライブ（2部 Vol.18 夏曲お披露目公演）,主催（静止画・動画とも全編可・掲載可）,photo,縦,3000,4000,,13,709,https://x.com/sigerin_t/status/2092598533308494180,https://pbs.twimg.com/media/HQpnPhobUAAB0_n.jpg,,
2026-08-26,22:02,他人,sigerin_t,しげりん,単独ライブ（1部ワンコインライブ） / 単独ライブ（2部 Vol.18 夏曲お披露目公演）,主催（静止画・動画とも全編可・掲載可）,photo,縦,3000,4000,,13,709,https://x.com/sigerin_t/status/2092598533308494180,https://pbs.twimg.com/media/HQpnQRWbQAAsWfk.jpg,,
2026-08-26,22:02,他人,sigerin_t,しげりん,単独ライブ（1部ワンコインライブ） / 単独ライブ（2部 Vol.18 夏曲お披露目公演）,主催（静止画・動画とも全編可・掲載可）,photo,縦,3000,4000,,13,709,https://x.com/sigerin_t/status/2092598533308494180,https://pbs.twimg.com/media/HQpnRArbIAAHTlN.jpg,,
2026-08-26,22:24,公式,lollipop_1116,公式,単独ライブ（1部ワンコインライブ） / 単独ライブ（2部 Vol.18 夏曲お披露目公演）,主催（静止画・動画とも全編可・掲載可）,photo,横,2048,1536,,15,1708,https://x.com/lollipop_1116/status/2092603977661833309,https://pbs.twimg.com/media/HQpsOYhboAAsAqp.jpg,,1
2026-08-26,22:47,公式,lollipop_1116,公式,単独ライブ（1部ワンコインライブ） / 単独ライブ（2部 Vol.18 夏曲お披露目公演）,主催（静止画・動画とも全編可・掲載可）,video,横,1920,1080,92,26,5573,https://x.com/lollipop_1116/status/2092609972186304774,https://pbs.twimg.com/amplify_video_thumb/2092609543905927168/img/K47VHh37dVwEVvgw.jpg,https://video.twimg.com/amplify_video/2092609543905927168/vid/avc1/1920x1080/QCg2xN3HzRMUMf42.mp4?tag=29,1
2026-08-26,22:49,メンバー,kurumi_lpop,やぎくるみ,単独ライブ（1部ワンコインライブ） / 単独ライブ（2部 Vol.18 夏曲お披露目公演）,主催（静止画・動画とも全編可・掲載可）,photo,縦,1536,2048,,46,953,https://x.com/kurumi_lpop/status/2092610298419237256,https://pbs.twimg.com/media/HQpx9uTawAAk4nT.jpg,,1
2026-08-26,22:49,メンバー,kurumi_lpop,やぎくるみ,単独ライブ（1部ワンコインライブ） / 単独ライブ（2部 Vol.18 夏曲お披露目公演）,主催（静止画・動画とも全編可・掲載可）,photo,縦,1536,2048,,46,953,https://x.com/kurumi_lpop/status/2092610298419237256,https://pbs.twimg.com/media/HQpx9uabMAACqYf.jpg,,1
2026-08-26,23:03,他人,momo_dq,Momo@袖🍉,単独ライブ（1部ワンコインライブ） / 単独ライブ（2部 Vol.18 夏曲お披露目公演）,主催（静止画・動画とも全編可・掲載可）,photo,横,2880,2160,,22,514,https://x.com/momo_dq/status/2092613853452636185,https://pbs.twimg.com/media/HQp1NEIbwAAcgrt.jpg,,1
2026-08-26,23:03,他人,momo_dq,Momo@袖🍉,単独ライブ（1部ワンコインライブ） / 単独ライブ（2部 Vol.18 夏曲お披露目公演）,主催（静止画・動画とも全編可・掲載可）,photo,横,2880,2160,,22,514,https://x.com/momo_dq/status/2092613853452636185,https://pbs.twimg.com/media/HQp1NEXbQAABBrD.jpg,,1
2026-08-26,23:04,メンバー,mau_lpop,まう,単独ライブ（1部ワンコインライブ） / 単独ライブ（2部 Vol.18 夏曲お披露目公演）,主催（静止画・動画とも全編可・掲載可）,photo,,,,,29,846,https://x.com/mau_lpop/status/2092614112123724158,,,
2026-08-26,23:12,メンバー,mayu_lpop,夏川茉夢,単独ライブ（1部ワンコインライブ） / 単独ライブ（2部 Vol.18 夏曲お披露目公演）,主催（静止画・動画とも全編可・掲載可）,photo,縦,1536,2048,,47,1059,https://x.com/mayu_lpop/status/2092616056783483067,https://pbs.twimg.com/media/HQp3NOVbQAA7Svv.jpg,,1
2026-08-26,23:12,メンバー,mayu_lpop,夏川茉夢,単独ライブ（1部ワンコインライブ） / 単独ライブ（2部 Vol.18 夏曲お披露目公演）,主催（静止画・動画とも全編可・掲載可）,photo,縦,1536,2048,,47,1059,https://x.com/mayu_lpop/status/2092616056783483067,https://pbs.twimg.com/media/HQp3NOpbQAAA-H4.jpg,,1
2026-08-26,23:17,メンバー,ami_lpop,松川愛美,単独ライブ（1部ワンコインライブ） / 単独ライブ（2部 Vol.18 夏曲お披露目公演）,主催（静止画・動画とも全編可・掲載可）,photo,,,,,40,1199,https://x.com/ami_lpop/status/2092617436231348536,,,
2026-08-26,23:24,公式,lollipop_1116,公式,単独ライブ（1部ワンコインライブ） / 単独ライブ（2部 Vol.18 夏曲お披露目公演）,主催（静止画・動画とも全編可・掲載可）,photo,縦,1414,2000,,1,835,https://x.com/lollipop_1116/status/2092619148388106399,https://pbs.twimg.com/media/HQp6BMwa8AEP0H_.jpg,,1
2026-08-26,23:24,公式,lollipop_1116,公式,単独ライブ（1部ワンコインライブ） / 単独ライブ（2部 Vol.18 夏曲お披露目公演）,主催（静止画・動画とも全編可・掲載可）,photo,縦,1414,2000,,1,835,https://x.com/lollipop_1116/status/2092619148388106399,https://pbs.twimg.com/media/HQp6BMzbUAES4dr.jpg,,1
2026-08-26,23:34,メンバー,mana_lpop,愛月まな,単独ライブ（1部ワンコインライブ） / 単独ライブ（2部 Vol.18 夏曲お披露目公演）,主催（静止画・動画とも全編可・掲載可）,photo,横,2048,1536,,67,839,https://x.com/mana_lpop/status/2092621652152713639,https://pbs.twimg.com/media/HQp8REPasAAk8Me.jpg,,1
2026-08-26,23:34,メンバー,mana_lpop,愛月まな,単独ライブ（1部ワンコインライブ） / 単独ライブ（2部 Vol.18 夏曲お披露目公演）,主催（静止画・動画とも全編可・掲載可）,photo,縦,1536,2048,,67,839,https://x.com/mana_lpop/status/2092621652152713639,https://pbs.twimg.com/media/HQp8RELbkAAwjcZ.jpg,,1
2026-08-26,23:57,メンバー,mau_lpop,まう,単独ライブ（1部ワンコインライブ） / 単独ライブ（2部 Vol.18 夏曲お披露目公演）,主催（静止画・動画とも全編可・掲載可）,photo,,,,,39,536,https://x.com/mau_lpop/status/2092627442456461399,,,
2026-08-27,00:10,他人,suuseitan,すぅねむオタク,,,photo,横,2048,1514,,7,201,https://x.com/suuseitan/status/2092630730635678096,https://pbs.twimg.com/media/HQqEjrRbkAENhj9.jpg,,
2026-08-27,00:24,他人,AhyonCulturismo,あひょん,,,photo,横,2936,2314,,9,531,https://x.com/AhyonCulturismo/status/2092634389746446529,https://pbs.twimg.com/media/HQqH4cDakAA2Y47.jpg,,
2026-08-27,00:28,他人,skyeeffcapital,Sky | Effective Capital,,,photo,横,1920,1440,,6,1766,https://x.com/skyeeffcapital/status/2092635274488816025,https://pbs.twimg.com/media/HQqIsJ9akAAnpnu.jpg,,
2026-08-27,00:32,メンバー,mayu_lpop,夏川茉夢,,,photo,縦,1607,2048,,42,818,https://x.com/mayu_lpop/status/2092636412810338545,https://pbs.twimg.com/media/HQqJuU6bgAADIgK.jpg,,1
2026-08-27,00:39,他人,kabuchi_11,かぶち,,,photo,正方形,2043,2048,,9,327,https://x.com/kabuchi_11/status/2092638134228123824,https://pbs.twimg.com/media/HQqLShKbgAA0GF5.jpg,,1
2026-08-27,01:02,他人,Hamakun4,Hamakun,,,photo,縦,2560,3840,,2,78,https://x.com/Hamakun4/status/2092643911067893924,https://pbs.twimg.com/media/HQqQTIqWUAA3QV7.jpg,,
2026-08-27,01:02,他人,Hamakun4,Hamakun,,,photo,横,3840,2559,,2,78,https://x.com/Hamakun4/status/2092643911067893924,https://pbs.twimg.com/media/HQqQTIeWUAEVoLp.jpg,,
2026-08-27,01:02,他人,Hamakun4,Hamakun,,,photo,横,3840,2160,,2,78,https://x.com/Hamakun4/status/2092643911067893924,https://pbs.twimg.com/media/HQqQTIxWEAEzpKV.jpg,,
2026-08-27,01:02,他人,Hamakun4,Hamakun,,,photo,横,3840,2560,,2,78,https://x.com/Hamakun4/status/2092643911067893924,https://pbs.twimg.com/media/HQqQTIhWQAA7tD3.jpg,,
2026-08-27,01:03,他人,Hamakun4,Hamakun,,,photo,横,3840,2560,,1,69,https://x.com/Hamakun4/status/2092644231336628384,https://pbs.twimg.com/media/HQqQwKNWkAI2Tfh.jpg,,
2026-08-27,01:03,他人,Hamakun4,Hamakun,,,photo,縦,2560,3840,,1,69,https://x.com/Hamakun4/status/2092644231336628384,https://pbs.twimg.com/media/HQqQwKVWkAA1WzF.jpg,,
2026-08-27,01:03,他人,Hamakun4,Hamakun,,,photo,横,3840,2560,,1,69,https://x.com/Hamakun4/status/2092644231336628384,https://pbs.twimg.com/media/HQqQwKtXcAABzp8.jpg,,
2026-08-27,01:03,他人,Hamakun4,Hamakun,,,photo,横,3840,2160,,1,69,https://x.com/Hamakun4/status/2092644231336628384,https://pbs.twimg.com/media/HQqQwKZWAAAfFPK.jpg,,
2026-08-27,01:04,他人,Hamakun4,Hamakun,,,photo,縦,2560,3840,,1,71,https://x.com/Hamakun4/status/2092644484202770487,https://pbs.twimg.com/media/HQqQ9jBXgAEe6ii.jpg,,
2026-08-27,01:04,他人,Hamakun4,Hamakun,,,photo,横,3840,2560,,1,71,https://x.com/Hamakun4/status/2092644484202770487,https://pbs.twimg.com/media/HQqQ9jFXMAAImsr.jpg,,
2026-08-27,01:04,他人,Hamakun4,Hamakun,,,photo,縦,2560,3840,,1,71,https://x.com/Hamakun4/status/2092644484202770487,https://pbs.twimg.com/media/HQqQ9jEWwAAGDGG.jpg,,
2026-08-27,01:04,他人,Hamakun4,Hamakun,,,photo,横,3840,2560,,1,71,https://x.com/Hamakun4/status/2092644484202770487,https://pbs.twimg.com/media/HQqQ9jFXEAEjmLz.jpg,,
2026-08-27,01:05,他人,Hamakun4,Hamakun,,,photo,横,3840,2560,,2,108,https://x.com/Hamakun4/status/2092644730840469512,https://pbs.twimg.com/media/HQqRMxqW0AAAJ8s.jpg,,
2026-08-27,01:05,他人,Hamakun4,Hamakun,,,photo,縦,2559,3840,,2,108,https://x.com/Hamakun4/status/2092644730840469512,https://pbs.twimg.com/media/HQqRMxfXsAE8gUc.jpg,,
2026-08-27,01:05,他人,Hamakun4,Hamakun,,,photo,横,3840,2560,,2,108,https://x.com/Hamakun4/status/2092644730840469512,https://pbs.twimg.com/media/HQqRMxZXQAAo4TP.jpg,,
2026-08-27,01:05,他人,Hamakun4,Hamakun,,,photo,横,3840,2160,,2,108,https://x.com/Hamakun4/status/2092644730840469512,https://pbs.twimg.com/media/HQqRMzHW0AAVpy7.jpg,,
2026-08-27,01:07,他人,Hamakun4,Hamakun,,,photo,横,3840,2560,,2,105,https://x.com/Hamakun4/status/2092645110932545583,https://pbs.twimg.com/media/HQqRjoeX0AAVgUx.jpg,,
2026-08-27,01:07,他人,Hamakun4,Hamakun,,,photo,縦,2559,3840,,2,105,https://x.com/Hamakun4/status/2092645110932545583,https://pbs.twimg.com/media/HQqRjnPWEAANriD.jpg,,
2026-08-27,01:07,他人,Hamakun4,Hamakun,,,photo,横,3840,2560,,2,105,https://x.com/Hamakun4/status/2092645110932545583,https://pbs.twimg.com/media/HQqRjoIXUAAASKo.jpg,,
2026-08-27,01:07,他人,Hamakun4,Hamakun,,,photo,横,3840,2160,,2,105,https://x.com/Hamakun4/status/2092645110932545583,https://pbs.twimg.com/media/HQqRjnsXkAAE8AR.jpg,,
2026-08-27,01:08,他人,Hamakun4,Hamakun,,,photo,縦,2560,3840,,2,83,https://x.com/Hamakun4/status/2092645477556662753,https://pbs.twimg.com/media/HQqR5VHWEAEMncj.jpg,,
2026-08-27,01:08,他人,Hamakun4,Hamakun,,,photo,横,3840,2560,,2,83,https://x.com/Hamakun4/status/2092645477556662753,https://pbs.twimg.com/media/HQqR5VPW0AAbFmR.jpg,,
2026-08-27,01:12,他人,AhyonCulturismo,あひょん,,,video,横,3840,2160,227,7,287,https://x.com/AhyonCulturismo/status/2092646290450718761,https://pbs.twimg.com/amplify_video_thumb/2092639713429692416/img/bQiwBe2ei7I0hwgC.jpg,https://video.twimg.com/amplify_video/2092639713429692416/vid/avc1/3840x2160/Zn0jehALFxpXp8sZ.mp4?tag=29,1
2026-08-27,07:17,他人,haru_makimaki__,はるまきまきまき,,,video,横,1920,1080,218,23,788,https://x.com/haru_makimaki__/status/2092738149411951063,https://pbs.twimg.com/amplify_video_thumb/2092733868675932160/img/oG_Kl19j8hxg3I7m.jpg,https://video.twimg.com/amplify_video/2092733868675932160/vid/avc1/1920x1080/MRItjpMF10hNc1Ct.mp4?tag=29,1
2026-08-27,12:20,他人,mo_8_c,9/6昼くるみちゃん生誕に行くもやC,,,photo,縦,3000,4000,,18,1906,https://x.com/mo_8_c/status/2092814595891339353,https://pbs.twimg.com/media/HQsrw4ZaoAAANEx.jpg,,
2026-08-27,12:20,他人,mo_8_c,9/6昼くるみちゃん生誕に行くもやC,,,photo,縦,1200,1600,,18,1906,https://x.com/mo_8_c/status/2092814595891339353,https://pbs.twimg.com/media/HQsrx_ibEAAtHCt.jpg,,
2026-08-27,16:42,メンバー,mau_lpop,まう,,,video,,,,,21,1720,https://x.com/mau_lpop/status/2092880506593644903,,,
2026-08-27,17:13,他人,haru_makimaki__,はるまきまきまき,,,video,縦,1080,1920,1803,13,441,https://x.com/haru_makimaki__/status/2092888272519544931,https://pbs.twimg.com/amplify_video_thumb/2092872437792956416/img/_QZvL-Qc77LvPFfz.jpg,https://video.twimg.com/amplify_video/2092872437792956416/vid/avc1/1080x1920/i_H5MGW-JDvrrawC.mp4?tag=29,1
2026-08-27,19:22,他人,Ago_decha_U,でちゃう,,,video,縦,1080,1920,8,15,685,https://x.com/Ago_decha_U/status/2092920681529004250,https://pbs.twimg.com/amplify_video_thumb/2092919660824141824/img/iRA0fZFdS_-cLWFL.jpg,https://video.twimg.com/amplify_video/2092919660824141824/vid/avc1/720x1280/XLPPSi607VQsuvZf.mp4?tag=14,1
2026-08-27,19:24,他人,Ago_decha_U,でちゃう,,,video,縦,1080,1920,21,11,395,https://x.com/Ago_decha_U/status/2092921126330732758,https://pbs.twimg.com/amplify_video_thumb/2092920889281327105/img/vbETQod81VFG98ZM.jpg,https://video.twimg.com/amplify_video/2092920889281327105/vid/avc1/720x1280/hWRrIJIQIh_thdAC.mp4?tag=14,1
2026-08-27,20:36,他人,Hamakun4,Hamakun,,,photo,縦,2560,3840,,3,118,https://x.com/Hamakun4/status/2092939308223140040,https://pbs.twimg.com/media/HQudDz8WQAE5_M5.jpg,,
2026-08-27,20:36,他人,Hamakun4,Hamakun,,,photo,横,3840,2560,,3,118,https://x.com/Hamakun4/status/2092939308223140040,https://pbs.twimg.com/media/HQudDz9WIAAs11n.jpg,,
2026-08-27,20:36,他人,Hamakun4,Hamakun,,,photo,横,3840,2160,,3,118,https://x.com/Hamakun4/status/2092939308223140040,https://pbs.twimg.com/media/HQudD0cWUAAplvw.jpg,,
2026-08-27,20:36,他人,Hamakun4,Hamakun,,,photo,縦,2560,3840,,3,118,https://x.com/Hamakun4/status/2092939308223140040,https://pbs.twimg.com/media/HQudD0YWQAAvm3L.jpg,,
2026-08-27,20:38,他人,Hamakun4,Hamakun,,,photo,横,3840,2560,,3,76,https://x.com/Hamakun4/status/2092939736327291078,https://pbs.twimg.com/media/HQudipcXsAAlVil.jpg,,
2026-08-27,20:38,他人,Hamakun4,Hamakun,,,photo,縦,2560,3840,,3,76,https://x.com/Hamakun4/status/2092939736327291078,https://pbs.twimg.com/media/HQudip5XMAAzD9Z.jpg,,
2026-08-27,20:38,他人,Hamakun4,Hamakun,,,photo,横,3840,2560,,3,76,https://x.com/Hamakun4/status/2092939736327291078,https://pbs.twimg.com/media/HQudip3WEAABe0X.jpg,,
2026-08-27,20:38,他人,Hamakun4,Hamakun,,,photo,横,3840,2160,,3,76,https://x.com/Hamakun4/status/2092939736327291078,https://pbs.twimg.com/media/HQudiqVXMAALKCM.jpg,,
2026-08-27,20:40,他人,Hamakun4,Hamakun,,,photo,縦,2560,3840,,2,70,https://x.com/Hamakun4/status/2092940211202207877,https://pbs.twimg.com/media/HQud4TXWEAACfCZ.jpg,,
2026-08-27,20:40,他人,Hamakun4,Hamakun,,,photo,横,3840,2560,,2,70,https://x.com/Hamakun4/status/2092940211202207877,https://pbs.twimg.com/media/HQud4TIXQAAb2tw.jpg,,
2026-08-27,20:40,他人,Hamakun4,Hamakun,,,photo,縦,2560,3840,,2,70,https://x.com/Hamakun4/status/2092940211202207877,https://pbs.twimg.com/media/HQud4TKWoAA7-7A.jpg,,
2026-08-27,20:41,他人,Hamakun4,Hamakun,,,photo,横,3840,2560,,3,139,https://x.com/Hamakun4/status/2092940534868259230,https://pbs.twimg.com/media/HQuePQ5XgAAxfCK.jpg,,
2026-08-27,20:41,他人,Hamakun4,Hamakun,,,photo,縦,2560,3840,,3,139,https://x.com/Hamakun4/status/2092940534868259230,https://pbs.twimg.com/media/HQuePRnXAAA2iZa.jpg,,
2026-08-27,20:41,他人,Hamakun4,Hamakun,,,photo,横,3840,2560,,3,139,https://x.com/Hamakun4/status/2092940534868259230,https://pbs.twimg.com/media/HQuePRqW8AEEs2J.jpg,,
2026-08-27,20:41,他人,Hamakun4,Hamakun,,,photo,横,3840,2168,,3,139,https://x.com/Hamakun4/status/2092940534868259230,https://pbs.twimg.com/media/HQuePRuWEAAgOhn.jpg,,
2026-08-27,20:43,他人,Hamakun4,Hamakun,,,photo,横,3840,2560,,5,160,https://x.com/Hamakun4/status/2092941178039677137,https://pbs.twimg.com/media/HQuef8BWgAAukC8.jpg,,
2026-08-27,20:43,他人,Hamakun4,Hamakun,,,photo,縦,2559,3840,,5,160,https://x.com/Hamakun4/status/2092941178039677137,https://pbs.twimg.com/media/HQuef8aWMAASq0b.jpg,,
2026-08-27,20:43,他人,Hamakun4,Hamakun,,,photo,横,3840,2560,,5,160,https://x.com/Hamakun4/status/2092941178039677137,https://pbs.twimg.com/media/HQuef8BXMAAVkeK.jpg,,
2026-08-27,20:43,他人,Hamakun4,Hamakun,,,photo,横,3840,2160,,5,160,https://x.com/Hamakun4/status/2092941178039677137,https://pbs.twimg.com/media/HQuef8UXoAAcOCi.jpg,,
2026-08-27,20:45,他人,Hamakun4,Hamakun,,,photo,縦,2560,3840,,2,96,https://x.com/Hamakun4/status/2092941479832350938,https://pbs.twimg.com/media/HQufE5FWwAAqtga.jpg,,
2026-08-27,20:45,他人,Hamakun4,Hamakun,,,photo,横,3840,2560,,2,96,https://x.com/Hamakun4/status/2092941479832350938,https://pbs.twimg.com/media/HQufE4_XQAA-aUZ.jpg,,
2026-08-27,20:45,他人,Hamakun4,Hamakun,,,photo,横,3840,2160,,2,96,https://x.com/Hamakun4/status/2092941479832350938,https://pbs.twimg.com/media/HQufE48WQAAZZ_D.jpg,,
2026-08-28,08:20,メンバー,ami_lpop,松川愛美,,,photo,,,,,64,684,https://x.com/ami_lpop/status/2093116508860022800,,,
2026-08-28,08:58,メンバー,mau_lpop,まう,,,photo,,,,,54,873,https://x.com/mau_lpop/status/2093125985537519854,,,
2026-08-28,09:03,他人,SANANASA3756,さなくん,,,video,横,1280,720,20,9,456,https://x.com/SANANASA3756/status/2093127408975282292,https://pbs.twimg.com/amplify_video_thumb/2093127353954422784/img/58jcTmG8tl_m1TG9.jpg,https://video.twimg.com/amplify_video/2093127353954422784/vid/avc1/1280x720/-vDpzeWrTZpRSCfS.mp4?tag=29,1
2026-08-28,10:39,メンバー,kurumi_lpop,やぎくるみ,,,photo,横,2048,1536,,53,741,https://x.com/kurumi_lpop/status/2093151445424144659,https://pbs.twimg.com/media/HQxeJMsbsAAgsDp.jpg,,1
2026-08-28,12:49,他人,cocorollings,yan,,,photo,縦,3024,4032,,1,44,https://x.com/cocorollings/status/2093184183644622883,https://pbs.twimg.com/media/HQx749qbgAExn3w.jpg,,1
2026-08-28,12:49,他人,cocorollings,yan,,,photo,横,4096,3072,,1,44,https://x.com/cocorollings/status/2093184183644622883,https://pbs.twimg.com/media/HQx749nbUAAYypX.jpg,,1
2026-08-28,15:58,メンバー,mayu_lpop,夏川茉夢,,,video,横,1920,1080,16,38,945,https://x.com/mayu_lpop/status/2093231693004194150,https://pbs.twimg.com/amplify_video_thumb/2093231623512973312/img/fA9hdGeCsxcEzxHv.jpg,https://video.twimg.com/amplify_video/2093231623512973312/vid/avc1/1920x1080/42bxBWeVshurGOUS.mp4?tag=29,1
2026-08-28,18:02,公式,lollipop_1116,公式,,,photo,縦,960,1280,,2,599,https://x.com/lollipop_1116/status/2093262839335297247,https://pbs.twimg.com/media/HQzDdTEaoAAB6Q6.jpg,,1
2026-08-28,20:09,他人,AhyonCulturismo,あひょん,,,video,横,3760,2108,8,5,207,https://x.com/AhyonCulturismo/status/2093294943552917654,https://pbs.twimg.com/amplify_video_thumb/2093294811961081856/img/erpGO7WW0TccgaS4.jpg,https://video.twimg.com/amplify_video/2093294811961081856/vid/avc1/3760x2108/W5i92uEhHJjZdxXd.mp4?tag=29,1
2026-08-28,20:11,他人,AhyonCulturismo,あひょん,,,video,横,3840,2160,8,5,256,https://x.com/AhyonCulturismo/status/2093295431912747010,https://pbs.twimg.com/amplify_video_thumb/2093295106459897856/img/S_nRnLSUj0w8-YJZ.jpg,https://video.twimg.com/amplify_video/2093295106459897856/vid/avc1/3840x2160/7DuJMA7-HcLR1JJo.mp4?tag=29,1
2026-08-28,20:11,他人,AhyonCulturismo,あひょん,,,video,横,3840,2160,7,5,256,https://x.com/AhyonCulturismo/status/2093295431912747010,https://pbs.twimg.com/amplify_video_thumb/2093295303898300416/img/xvS_055zO8o181-G.jpg,https://video.twimg.com/amplify_video/2093295303898300416/vid/avc1/3840x2160/FBctTF0L2iJp4NrB.mp4?tag=29,1
2026-08-28,20:13,他人,AhyonCulturismo,あひょん,,,video,横,3344,1836,16,5,274,https://x.com/AhyonCulturismo/status/2093295788571193785,https://pbs.twimg.com/amplify_video_thumb/2093295594026745856/img/0phtZ7NMlChpLs76.jpg,https://video.twimg.com/amplify_video/2093295594026745856/vid/avc1/3344x1836/QyK9grpbeZtskJHo.mp4?tag=29,1
2026-08-28,20:15,他人,AhyonCulturismo,あひょん,,,video,横,3550,1962,11,2,237,https://x.com/AhyonCulturismo/status/2093296370858016992,https://pbs.twimg.com/amplify_video_thumb/2093295948588085248/img/vt3kIIWLBaEsIHao.jpg,https://video.twimg.com/amplify_video/2093295948588085248/vid/avc1/3550x1962/kSofvMvvh-yKvk1j.mp4?tag=29,1
2026-08-28,20:15,他人,AhyonCulturismo,あひょん,,,video,横,3194,1762,8,2,237,https://x.com/AhyonCulturismo/status/2093296370858016992,https://pbs.twimg.com/amplify_video_thumb/2093296178960257024/img/mc9gPG7AFK6LfpLX.jpg,https://video.twimg.com/amplify_video/2093296178960257024/vid/avc1/3194x1762/MhqA2uAskI-iCbP7.mp4?tag=29,1
2026-08-28,20:15,他人,AhyonCulturismo,あひょん,,,video,横,3840,2160,10,2,237,https://x.com/AhyonCulturismo/status/2093296370858016992,https://pbs.twimg.com/amplify_video_thumb/2093296274112225280/img/lhTh1EkLu3E8vhmq.jpg,https://video.twimg.com/amplify_video/2093296274112225280/vid/avc1/3840x2160/dJY0yNaqCaRA5eUr.mp4?tag=29,1
2026-08-28,20:23,メンバー,mayu_lpop,夏川茉夢,,,photo,横,2048,1536,,48,575,https://x.com/mayu_lpop/status/2093298488327201260,https://pbs.twimg.com/media/HQzj4KJaYAAUUQm.jpg,,1
2026-08-28,20:58,他人,Hamakun4,Hamakun,,,photo,縦,2560,3840,,2,52,https://x.com/Hamakun4/status/2093307163707871658,https://pbs.twimg.com/media/HQzrpYLXsAAjX6Q.jpg,,
2026-08-28,20:58,他人,Hamakun4,Hamakun,,,photo,横,3840,2560,,2,52,https://x.com/Hamakun4/status/2093307163707871658,https://pbs.twimg.com/media/HQzrpYaWgAAh5G8.jpg,,
2026-08-28,20:58,他人,Hamakun4,Hamakun,,,photo,横,3840,2160,,2,52,https://x.com/Hamakun4/status/2093307163707871658,https://pbs.twimg.com/media/HQzrpXiX0AA3niR.jpg,,
2026-08-28,20:58,他人,Hamakun4,Hamakun,,,photo,横,3840,2560,,2,52,https://x.com/Hamakun4/status/2093307163707871658,https://pbs.twimg.com/media/HQzrpXdWwAAT147.jpg,,
2026-08-28,20:59,他人,Hamakun4,Hamakun,,,photo,横,3840,2560,,1,89,https://x.com/Hamakun4/status/2093307398299504677,https://pbs.twimg.com/media/HQzr6YpXIAAn21Z.jpg,,
2026-08-28,20:59,他人,Hamakun4,Hamakun,,,photo,縦,2560,3840,,1,89,https://x.com/Hamakun4/status/2093307398299504677,https://pbs.twimg.com/media/HQzr6YeWwAAbqjz.jpg,,
2026-08-28,20:59,他人,Hamakun4,Hamakun,,,photo,横,3840,2560,,1,89,https://x.com/Hamakun4/status/2093307398299504677,https://pbs.twimg.com/media/HQzr6YnWgAEzYy0.jpg,,
2026-08-28,20:59,他人,Hamakun4,Hamakun,,,photo,横,3840,2160,,1,89,https://x.com/Hamakun4/status/2093307398299504677,https://pbs.twimg.com/media/HQzr6YzXUAAuCrh.jpg,,
2026-08-28,21:00,他人,Hamakun4,Hamakun,,,photo,縦,2560,3840,,1,64,https://x.com/Hamakun4/status/2093307856648806751,https://pbs.twimg.com/media/HQzsMHCX0AAxzjK.jpg,,
2026-08-28,21:00,他人,Hamakun4,Hamakun,,,photo,横,3840,2560,,1,64,https://x.com/Hamakun4/status/2093307856648806751,https://pbs.twimg.com/media/HQzsMHKXMAA2UWk.jpg,,
2026-08-28,21:00,他人,Hamakun4,Hamakun,,,photo,縦,2560,3840,,1,64,https://x.com/Hamakun4/status/2093307856648806751,https://pbs.twimg.com/media/HQzsMHMWEAACeYN.jpg,,
2026-08-28,21:00,他人,Hamakun4,Hamakun,,,photo,横,3840,2560,,1,64,https://x.com/Hamakun4/status/2093307856648806751,https://pbs.twimg.com/media/HQzsMHJWAAAPadZ.jpg,,
2026-08-28,21:02,他人,Hamakun4,Hamakun,,,photo,横,3840,2560,,2,98,https://x.com/Hamakun4/status/2093308135389696360,https://pbs.twimg.com/media/HQzslsxXAAERB4a.jpg,,
2026-08-28,21:02,他人,Hamakun4,Hamakun,,,photo,縦,2560,3840,,2,98,https://x.com/Hamakun4/status/2093308135389696360,https://pbs.twimg.com/media/HQzsls_XwAAdC7h.jpg,,
2026-08-28,21:02,他人,Hamakun4,Hamakun,,,photo,横,3840,2560,,2,98,https://x.com/Hamakun4/status/2093308135389696360,https://pbs.twimg.com/media/HQzslsnX0AAfh6X.jpg,,
2026-08-28,21:02,他人,Hamakun4,Hamakun,,,photo,横,3840,2160,,2,98,https://x.com/Hamakun4/status/2093308135389696360,https://pbs.twimg.com/media/HQzslsuWQAEJSVd.jpg,,
2026-08-28,21:04,他人,Hamakun4,Hamakun,,,photo,縦,2560,3840,,2,86,https://x.com/Hamakun4/status/2093308631177441664,https://pbs.twimg.com/media/HQzs_hzXkAA98Os.jpg,,
2026-08-28,21:04,他人,Hamakun4,Hamakun,,,photo,横,3840,2559,,2,86,https://x.com/Hamakun4/status/2093308631177441664,https://pbs.twimg.com/media/HQzs_iVXQAAjiNq.jpg,,
2026-08-28,21:04,他人,Hamakun4,Hamakun,,,photo,縦,2560,3840,,2,86,https://x.com/Hamakun4/status/2093308631177441664,https://pbs.twimg.com/media/HQzs_iPW8AAnIHQ.jpg,,
2026-08-28,21:06,他人,Hamakun4,Hamakun,,,photo,縦,2560,3840,,1,58,https://x.com/Hamakun4/status/2093309145432674496,https://pbs.twimg.com/media/HQztcwBXcAAEJMl.jpg,,
2026-08-28,21:06,他人,Hamakun4,Hamakun,,,photo,横,3840,2560,,1,58,https://x.com/Hamakun4/status/2093309145432674496,https://pbs.twimg.com/media/HQztcwWWMAARVF-.jpg,,
2026-08-28,21:06,他人,Hamakun4,Hamakun,,,photo,横,3840,2160,,1,58,https://x.com/Hamakun4/status/2093309145432674496,https://pbs.twimg.com/media/HQztcwEWwAAaAzz.jpg,,
2026-08-28,22:19,他人,mo_8_c,9/6昼くるみちゃん生誕に行くもやC,,,photo,縦,904,2192,,6,815,https://x.com/mo_8_c/status/2093327541587365995,https://pbs.twimg.com/media/HQz-TW-bEAAtfPr.jpg,,
2026-08-28,23:53,他人,SD_KIKO0804,白絵 葵子【SAKURADOLL】,,,photo,横,2048,1536,,87,2430,https://x.com/SD_KIKO0804/status/2093351304512876766,https://pbs.twimg.com/media/HQ0T6jXa0AA5RCE.jpg,,1
2026-08-29,00:50,公式,lollipop_1116,公式,『POP CRUSH DAY1』,対バン（静止画は全編可・動画は指定曲のみ）,photo,縦,1045,1567,,3,1521,https://x.com/lollipop_1116/status/2093365549053157717,https://pbs.twimg.com/media/HQ0g3xXa4AAcUgI.jpg,,1
2026-08-29,00:50,公式,lollipop_1116,公式,『POP CRUSH DAY1』,対バン（静止画は全編可・動画は指定曲のみ）,photo,縦,1024,1536,,3,1521,https://x.com/lollipop_1116/status/2093365549053157717,https://pbs.twimg.com/media/HQ0g3xbbkAAHmmv.jpg,,1
2026-08-29,06:41,メンバー,mayu_lpop,夏川茉夢,『POP CRUSH DAY1』,対バン（静止画は全編可・動画は指定曲のみ）,photo,縦,1536,2048,,42,920,https://x.com/mayu_lpop/status/2093453855698911481,https://pbs.twimg.com/media/HQ1xLymbYAAwk3k.jpg,,1
2026-08-29,16:58,メンバー,kurumi_lpop,やぎくるみ,『POP CRUSH DAY1』,対バン（静止画は全編可・動画は指定曲のみ）,photo,縦,1536,2048,,59,801,https://x.com/kurumi_lpop/status/2093609186370490801,https://pbs.twimg.com/media/HQ3-dLfaQAAi8FQ.jpg,,1
2026-08-29,18:18,メンバー,mau_lpop,まう,『POP CRUSH DAY1』,対バン（静止画は全編可・動画は指定曲のみ）,photo,,,,,25,759,https://x.com/mau_lpop/status/2093629420678590729,,,
2026-08-29,21:11,他人,PPPPPPPRPP,ぺい,『POP CRUSH DAY1』,対バン（静止画は全編可・動画は指定曲のみ）,photo,縦,768,1024,,26,810,https://x.com/PPPPPPPRPP/status/2093672898204733763,https://pbs.twimg.com/media/HQ44Y0UaUAAYL-g.jpg,,1
2026-08-29,21:20,公式,lollipop_1116,公式,『POP CRUSH DAY1』,対バン（静止画は全編可・動画は指定曲のみ）,photo,横,1024,768,,9,2765,https://x.com/lollipop_1116/status/2093675093084049560,https://pbs.twimg.com/media/HQ46ZoebkAAyj7V.jpg,,1
2026-08-29,21:20,公式,lollipop_1116,公式,『POP CRUSH DAY1』,対バン（静止画は全編可・動画は指定曲のみ）,photo,縦,848,1199,,9,2765,https://x.com/lollipop_1116/status/2093675093084049560,https://pbs.twimg.com/media/HQ46ZolbwAECg-Z.jpg,,1
2026-08-29,22:19,公式,lollipop_1116,公式,『POP CRUSH DAY1』,対バン（静止画は全編可・動画は指定曲のみ）,video,横,3840,2160,97,14,4667,https://x.com/lollipop_1116/status/2093689914764456226,https://pbs.twimg.com/amplify_video_thumb/2093689289691598848/img/Vv6WPW-V7sgdoOKa.jpg,https://video.twimg.com/amplify_video/2093689289691598848/vid/avc1/3840x2160/60XmQjmOppaN3DFV.mp4?tag=29,1
2026-08-29,22:19,公式,lollipop_1116,公式,『POP CRUSH DAY1』,対バン（静止画は全編可・動画は指定曲のみ）,photo,横,2048,1536,,14,4667,https://x.com/lollipop_1116/status/2093689914764456226,https://pbs.twimg.com/media/HQ5HUOmaUAAowPY.jpg,,1
2026-08-29,22:27,メンバー,mana_lpop,愛月まな,『POP CRUSH DAY1』,対バン（静止画は全編可・動画は指定曲のみ）,photo,縦,768,1024,,37,630,https://x.com/mana_lpop/status/2093692027380904153,https://pbs.twimg.com/media/HQ5Jym8b0AE1AHw.jpg,,1
2026-08-29,22:34,メンバー,mau_lpop,まう,『POP CRUSH DAY1』,対バン（静止画は全編可・動画は指定曲のみ）,photo,,,,,39,646,https://x.com/mau_lpop/status/2093693766003773910,,,
2026-08-29,22:41,メンバー,ami_lpop,松川愛美,『POP CRUSH DAY1』,対バン（静止画は全編可・動画は指定曲のみ）,photo,,,,,32,653,https://x.com/ami_lpop/status/2093695549883154667,,,
2026-08-29,22:48,メンバー,kurumi_lpop,やぎくるみ,『POP CRUSH DAY1』,対バン（静止画は全編可・動画は指定曲のみ）,photo,縦,1536,2048,,33,871,https://x.com/kurumi_lpop/status/2093697335310319915,https://pbs.twimg.com/media/HQ5OoCXbAAAFYZz.jpg,,1
2026-08-29,22:49,メンバー,mau_lpop,まう,『POP CRUSH DAY1』,対バン（静止画は全編可・動画は指定曲のみ）,photo,,,,,25,993,https://x.com/mau_lpop/status/2093697635844751717,,,
2026-08-29,23:00,メンバー,mayu_lpop,夏川茉夢,『POP CRUSH DAY1』,対バン（静止画は全編可・動画は指定曲のみ）,photo,縦,1536,2048,,39,1082,https://x.com/mayu_lpop/status/2093700217300545685,https://pbs.twimg.com/media/HQ5RP6BbMAA7idk.jpg,,1
2026-08-29,23:00,メンバー,mayu_lpop,夏川茉夢,『POP CRUSH DAY1』,対バン（静止画は全編可・動画は指定曲のみ）,photo,縦,1536,2048,,39,1082,https://x.com/mayu_lpop/status/2093700217300545685,https://pbs.twimg.com/media/HQ5RP59akAAJlaN.jpg,,1
2026-08-30,09:01,メンバー,mayu_lpop,夏川茉夢,「バブリー革命ライブ＠カモガワ」,対バン（静止画は全編可・動画は指定曲のみ）,photo,縦,1536,2048,,43,807,https://x.com/mayu_lpop/status/2093851558610088261,https://pbs.twimg.com/media/HQ7a5K6bsAAJqQ8.jpg,,1
2026-08-30,11:16,メンバー,mau_lpop,まう,「バブリー革命ライブ＠カモガワ」,対バン（静止画は全編可・動画は指定曲のみ）,photo,,,,,26,773,https://x.com/mau_lpop/status/2093885523752534260,,,
2026-08-30,11:24,メンバー,mana_lpop,愛月まな,「バブリー革命ライブ＠カモガワ」,対バン（静止画は全編可・動画は指定曲のみ）,photo,縦,1536,2048,,58,742,https://x.com/mana_lpop/status/2093887629041471948,https://pbs.twimg.com/media/HQ77rJabQAACn3h.jpg,,1
2026-08-30,14:30,他人,katton_dev,かっとん＠11/14ﾃﾗｽﾏ耐久ﾜﾝﾏﾝ,「バブリー革命ライブ＠カモガワ」,対バン（静止画は全編可・動画は指定曲のみ）,photo,横,2048,1152,,8,456,https://x.com/katton_dev/status/2093934456059093084,https://pbs.twimg.com/media/HQ8mMKgbgAA-C6T.jpg,,1
2026-08-30,15:23,他人,Ago_decha_U,でちゃう,「バブリー革命ライブ＠カモガワ」,対バン（静止画は全編可・動画は指定曲のみ）,photo,横,4000,3000,,16,387,https://x.com/Ago_decha_U/status/2093947579478483030,https://pbs.twimg.com/media/HQ8yN2vaUAAUJ4N.jpg,,
2026-08-30,17:01,他人,yuki_t0617,ユウキ🤍🏹,「バブリー革命ライブ＠カモガワ」,対バン（静止画は全編可・動画は指定曲のみ）,video,横,1280,720,36,5,285,https://x.com/yuki_t0617/status/2093972239247167714,https://pbs.twimg.com/amplify_video_thumb/2093972122611912704/img/a7hivs6ecR-tuUME.jpg,https://video.twimg.com/amplify_video/2093972122611912704/vid/avc1/1280x720/9OsXGkf1_juUOtas.mp4?tag=29,1
2026-08-30,17:26,公式,lollipop_1116,公式,「バブリー革命ライブ＠カモガワ」,対バン（静止画は全編可・動画は指定曲のみ）,video,横,1920,1080,123,27,6007,https://x.com/lollipop_1116/status/2093978746487550330,https://pbs.twimg.com/amplify_video_thumb/2093978158274166784/img/gU0ldgZSlniM69am.jpg,https://video.twimg.com/amplify_video/2093978158274166784/vid/avc1/1920x1080/6Id1-zkfN0_a5dvx.mp4?tag=29,1
2026-08-30,17:26,公式,lollipop_1116,公式,「バブリー革命ライブ＠カモガワ」,対バン（静止画は全編可・動画は指定曲のみ）,photo,横,1477,1108,,27,6007,https://x.com/lollipop_1116/status/2093978746487550330,https://pbs.twimg.com/media/HQ9OCmpbUAAxDCb.jpg,,1
2026-08-30,17:29,メンバー,ami_lpop,松川愛美,「バブリー革命ライブ＠カモガワ」,対バン（静止画は全編可・動画は指定曲のみ）,photo,,,,,39,877,https://x.com/ami_lpop/status/2093979431111176600,,,
2026-08-30,17:34,メンバー,kurumi_lpop,やぎくるみ,「バブリー革命ライブ＠カモガワ」,対バン（静止画は全編可・動画は指定曲のみ）,photo,縦,1536,2048,,51,1337,https://x.com/kurumi_lpop/status/2093980785560936656,https://pbs.twimg.com/media/HQ9QVLNa8AAyfEy.jpg,,1
2026-08-30,17:34,メンバー,kurumi_lpop,やぎくるみ,「バブリー革命ライブ＠カモガワ」,対バン（静止画は全編可・動画は指定曲のみ）,photo,縦,1536,2048,,51,1337,https://x.com/kurumi_lpop/status/2093980785560936656,https://pbs.twimg.com/media/HQ9QVLKaoAA-SuW.jpg,,1
2026-08-30,17:38,他人,momo_dq,Momo@袖🍉,「バブリー革命ライブ＠カモガワ」,対バン（静止画は全編可・動画は指定曲のみ）,photo,横,4096,2252,,16,357,https://x.com/momo_dq/status/2093981580788392326,https://pbs.twimg.com/media/HQ9RIt5acAAAp31.jpg,,
2026-08-30,17:38,他人,momo_dq,Momo@袖🍉,「バブリー革命ライブ＠カモガワ」,対バン（静止画は全編可・動画は指定曲のみ）,photo,横,2880,2160,,16,357,https://x.com/momo_dq/status/2093981580788392326,https://pbs.twimg.com/media/HQ9RIt4a8AEcKRA.jpg,,1
2026-08-30,17:38,他人,momo_dq,Momo@袖🍉,「バブリー革命ライブ＠カモガワ」,対バン（静止画は全編可・動画は指定曲のみ）,photo,横,2880,2160,,16,357,https://x.com/momo_dq/status/2093981580788392326,https://pbs.twimg.com/media/HQ9RIt5bQAAE_vK.jpg,,1
2026-08-30,17:38,他人,momo_dq,Momo@袖🍉,「バブリー革命ライブ＠カモガワ」,対バン（静止画は全編可・動画は指定曲のみ）,photo,縦,2160,2880,,16,357,https://x.com/momo_dq/status/2093981580788392326,https://pbs.twimg.com/media/HQ9RIt3bUAA3vPm.jpg,,1
2026-08-30,17:54,メンバー,mayu_lpop,夏川茉夢,「バブリー革命ライブ＠カモガワ」,対バン（静止画は全編可・動画は指定曲のみ）,photo,縦,1536,2048,,53,798,https://x.com/mayu_lpop/status/2093985663293219103,https://pbs.twimg.com/media/HQ9U297bwAAY1Qh.jpg,,1
2026-08-30,17:54,メンバー,mayu_lpop,夏川茉夢,「バブリー革命ライブ＠カモガワ」,対バン（静止画は全編可・動画は指定曲のみ）,photo,縦,1536,2048,,53,798,https://x.com/mayu_lpop/status/2093985663293219103,https://pbs.twimg.com/media/HQ9U294aYAA4yCI.jpg,,1
2026-08-30,18:10,メンバー,mau_lpop,まう,「バブリー革命ライブ＠カモガワ」,対バン（静止画は全編可・動画は指定曲のみ）,photo,,,,,45,1177,https://x.com/mau_lpop/status/2093989841256264078,,,
2026-08-30,18:16,他人,ttrsougen,たーぴん👶💛,「バブリー革命ライブ＠カモガワ」,対バン（静止画は全編可・動画は指定曲のみ）,photo,横,2048,1536,,17,341,https://x.com/ttrsougen/status/2093991276991701075,https://pbs.twimg.com/media/HQ9Z9lfbIAAOIuQ.jpg,,1
2026-08-30,18:19,他人,ttrsougen,たーぴん👶💛,「バブリー革命ライブ＠カモガワ」,対バン（静止画は全編可・動画は指定曲のみ）,photo,縦,1536,2048,,24,519,https://x.com/ttrsougen/status/2093991964761071751,https://pbs.twimg.com/media/HQ9alZkbwAAUz8T.jpg,,1
2026-08-30,18:19,他人,ttrsougen,たーぴん👶💛,「バブリー革命ライブ＠カモガワ」,対バン（静止画は全編可・動画は指定曲のみ）,photo,縦,1536,2048,,24,519,https://x.com/ttrsougen/status/2093991964761071751,https://pbs.twimg.com/media/HQ9alZiawAAjpzA.jpg,,1
2026-08-30,18:19,他人,ttrsougen,たーぴん👶💛,「バブリー革命ライブ＠カモガワ」,対バン（静止画は全編可・動画は指定曲のみ）,photo,縦,1536,2048,,24,519,https://x.com/ttrsougen/status/2093991964761071751,https://pbs.twimg.com/media/HQ9alZkb0AAV7qZ.jpg,,1
2026-08-30,19:09,他人,camera_shushu,shushu_camera,「バブリー革命ライブ＠カモガワ」,対バン（静止画は全編可・動画は指定曲のみ）,photo,縦,2732,4096,,5,347,https://x.com/camera_shushu/status/2094004580602491134,https://pbs.twimg.com/media/HQ9mAAsbUAAlnla.jpg,,
2026-08-30,19:10,他人,camera_shushu,shushu_camera,「バブリー革命ライブ＠カモガワ」,対バン（静止画は全編可・動画は指定曲のみ）,photo,縦,2732,4096,,4,227,https://x.com/camera_shushu/status/2094004884681154846,https://pbs.twimg.com/media/HQ9mUbEbcAAE0Bc.jpg,,
2026-08-30,19:10,他人,camera_shushu,shushu_camera,「バブリー革命ライブ＠カモガワ」,対バン（静止画は全編可・動画は指定曲のみ）,photo,縦,2732,4096,,3,150,https://x.com/camera_shushu/status/2094004827064004779,https://pbs.twimg.com/media/HQ9mQwhaIAA3_Tw.jpg,,
2026-08-30,19:10,他人,camera_shushu,shushu_camera,「バブリー革命ライブ＠カモガワ」,対バン（静止画は全編可・動画は指定曲のみ）,photo,縦,2732,4096,,1,86,https://x.com/camera_shushu/status/2094004762618560595,https://pbs.twimg.com/media/HQ9mKdpaIAAt07r.jpg,,
2026-08-30,19:49,メンバー,mana_lpop,愛月まな,「バブリー革命ライブ＠カモガワ」,対バン（静止画は全編可・動画は指定曲のみ）,photo,縦,1536,2048,,58,752,https://x.com/mana_lpop/status/2094014686849273936,https://pbs.twimg.com/media/HQ9vOLwbYAAFIe4.jpg,,1
2026-08-30,19:49,メンバー,mana_lpop,愛月まな,「バブリー革命ライブ＠カモガワ」,対バン（静止画は全編可・動画は指定曲のみ）,photo,縦,1536,2048,,58,752,https://x.com/mana_lpop/status/2094014686849273936,https://pbs.twimg.com/media/HQ9vOMAaIAAmv1x.jpg,,1
2026-08-30,20:05,他人,yuki_t0617,ユウキ🤍🏹,「バブリー革命ライブ＠カモガワ」,対バン（静止画は全編可・動画は指定曲のみ）,photo,縦,1536,2048,,4,141,https://x.com/yuki_t0617/status/2094018728673620400,https://pbs.twimg.com/media/HQ9y7jOa4AAs-qG.jpg,,1
2026-08-30,20:24,他人,Hamakun4,Hamakun,「バブリー革命ライブ＠カモガワ」,対バン（静止画は全編可・動画は指定曲のみ）,photo,縦,2560,3840,,2,33,https://x.com/Hamakun4/status/2094023374414471343,https://pbs.twimg.com/media/HQ93BtgW0AAi0Nf.jpg,,
2026-08-30,20:24,他人,Hamakun4,Hamakun,「バブリー革命ライブ＠カモガワ」,対バン（静止画は全編可・動画は指定曲のみ）,photo,縦,2160,3840,,2,33,https://x.com/Hamakun4/status/2094023374414471343,https://pbs.twimg.com/media/HQ93BtfXMAAemiR.jpg,,
2026-08-30,20:24,他人,Hamakun4,Hamakun,「バブリー革命ライブ＠カモガワ」,対バン（静止画は全編可・動画は指定曲のみ）,photo,横,3840,2560,,2,33,https://x.com/Hamakun4/status/2094023374414471343,https://pbs.twimg.com/media/HQ93BtmXEAA2p6j.jpg,,
2026-08-30,20:24,他人,Hamakun4,Hamakun,「バブリー革命ライブ＠カモガワ」,対バン（静止画は全編可・動画は指定曲のみ）,photo,横,3840,2160,,2,33,https://x.com/Hamakun4/status/2094023374414471343,https://pbs.twimg.com/media/HQ93BtnXUAA0aUt.jpg,,
2026-08-30,20:25,他人,26dc3c270cd84e6,服部 充保,「バブリー革命ライブ＠カモガワ」,対バン（静止画は全編可・動画は指定曲のみ）,video,横,1280,720,53,13,466,https://x.com/26dc3c270cd84e6/status/2094023582657736823,https://pbs.twimg.com/amplify_video_thumb/2094022769675747329/img/_gi8g1e4mT7u5SN5.jpg,https://video.twimg.com/amplify_video/2094022769675747329/vid/avc1/1280x720/pRzRRT_p9wbDRklJ.mp4?tag=29,1
2026-08-30,20:25,他人,Hamakun4,Hamakun,「バブリー革命ライブ＠カモガワ」,対バン（静止画は全編可・動画は指定曲のみ）,photo,横,3840,2560,,1,69,https://x.com/Hamakun4/status/2094023577934664064,https://pbs.twimg.com/media/HQ93ScjW8AAO6zW.jpg,,
2026-08-30,20:25,他人,Hamakun4,Hamakun,「バブリー革命ライブ＠カモガワ」,対バン（静止画は全編可・動画は指定曲のみ）,photo,縦,2560,3840,,1,69,https://x.com/Hamakun4/status/2094023577934664064,https://pbs.twimg.com/media/HQ93Sc6XoAAOvuF.jpg,,
2026-08-30,20:25,他人,Hamakun4,Hamakun,「バブリー革命ライブ＠カモガワ」,対バン（静止画は全編可・動画は指定曲のみ）,photo,横,3840,2560,,1,69,https://x.com/Hamakun4/status/2094023577934664064,https://pbs.twimg.com/media/HQ93SdgW8AAta-V.jpg,,
2026-08-30,20:25,他人,Hamakun4,Hamakun,「バブリー革命ライブ＠カモガワ」,対バン（静止画は全編可・動画は指定曲のみ）,photo,横,3840,2160,,1,69,https://x.com/Hamakun4/status/2094023577934664064,https://pbs.twimg.com/media/HQ93SdUW4AABznV.jpg,,
2026-08-30,20:26,他人,Hamakun4,Hamakun,「バブリー革命ライブ＠カモガワ」,対バン（静止画は全編可・動画は指定曲のみ）,photo,縦,2560,3840,,1,44,https://x.com/Hamakun4/status/2094023980776661159,https://pbs.twimg.com/media/HQ93mJHW0AA-Lx_.jpg,,
2026-08-30,20:26,他人,Hamakun4,Hamakun,「バブリー革命ライブ＠カモガワ」,対バン（静止画は全編可・動画は指定曲のみ）,photo,横,3840,2559,,1,44,https://x.com/Hamakun4/status/2094023980776661159,https://pbs.twimg.com/media/HQ93mJiXIAAfYI9.jpg,,
2026-08-30,20:26,他人,Hamakun4,Hamakun,「バブリー革命ライブ＠カモガワ」,対バン（静止画は全編可・動画は指定曲のみ）,photo,横,3840,2560,,1,44,https://x.com/Hamakun4/status/2094023980776661159,https://pbs.twimg.com/media/HQ93mJhXUAAH2Wi.jpg,,
2026-08-30,20:27,他人,Hamakun4,Hamakun,「バブリー革命ライブ＠カモガワ」,対バン（静止画は全編可・動画は指定曲のみ）,photo,縦,2560,3840,,2,68,https://x.com/Hamakun4/status/2094024184078754057,https://pbs.twimg.com/media/HQ9317qW4AA8DtC.jpg,,
2026-08-30,20:27,他人,Hamakun4,Hamakun,「バブリー革命ライブ＠カモガワ」,対バン（静止画は全編可・動画は指定曲のみ）,photo,横,3840,2559,,2,68,https://x.com/Hamakun4/status/2094024184078754057,https://pbs.twimg.com/media/HQ9318AXoAAvW0N.jpg,,
2026-08-30,20:27,他人,Hamakun4,Hamakun,「バブリー革命ライブ＠カモガワ」,対バン（静止画は全編可・動画は指定曲のみ）,photo,横,3840,2155,,2,68,https://x.com/Hamakun4/status/2094024184078754057,https://pbs.twimg.com/media/HQ9318DXsAASG0t.jpg,,
2026-08-30,20:28,他人,Hamakun4,Hamakun,「バブリー革命ライブ＠カモガワ」,対バン（静止画は全編可・動画は指定曲のみ）,photo,縦,2560,3840,,1,48,https://x.com/Hamakun4/status/2094024433157513694,https://pbs.twimg.com/media/HQ94FWRWgAAxTnL.jpg,,
2026-08-30,20:28,他人,Hamakun4,Hamakun,「バブリー革命ライブ＠カモガワ」,対バン（静止画は全編可・動画は指定曲のみ）,photo,縦,2160,3840,,1,48,https://x.com/Hamakun4/status/2094024433157513694,https://pbs.twimg.com/media/HQ94FV8WcAA1H4v.jpg,,
2026-08-30,20:28,他人,Hamakun4,Hamakun,「バブリー革命ライブ＠カモガワ」,対バン（静止画は全編可・動画は指定曲のみ）,photo,横,3840,2560,,1,48,https://x.com/Hamakun4/status/2094024433157513694,https://pbs.twimg.com/media/HQ94FWTWkAAOntA.jpg,,
2026-08-30,20:28,他人,Hamakun4,Hamakun,「バブリー革命ライブ＠カモガワ」,対バン（静止画は全編可・動画は指定曲のみ）,photo,横,3840,2160,,1,48,https://x.com/Hamakun4/status/2094024433157513694,https://pbs.twimg.com/media/HQ94FWUW8AAMuMw.jpg,,
2026-08-30,20:29,他人,Hamakun4,Hamakun,「バブリー革命ライブ＠カモガワ」,対バン（静止画は全編可・動画は指定曲のみ）,photo,横,3840,2560,,2,77,https://x.com/Hamakun4/status/2094024726108598707,https://pbs.twimg.com/media/HQ94SbjWYAAYMhD.jpg,,
2026-08-30,20:29,他人,Hamakun4,Hamakun,「バブリー革命ライブ＠カモガワ」,対バン（静止画は全編可・動画は指定曲のみ）,photo,縦,2560,3840,,2,77,https://x.com/Hamakun4/status/2094024726108598707,https://pbs.twimg.com/media/HQ94SbpXkAArQ-q.jpg,,
2026-08-30,20:29,他人,Hamakun4,Hamakun,「バブリー革命ライブ＠カモガワ」,対バン（静止画は全編可・動画は指定曲のみ）,photo,横,3840,2560,,2,77,https://x.com/Hamakun4/status/2094024726108598707,https://pbs.twimg.com/media/HQ94Sb4WUAA_A5i.jpg,,
2026-08-30,20:29,他人,Hamakun4,Hamakun,「バブリー革命ライブ＠カモガワ」,対バン（静止画は全編可・動画は指定曲のみ）,photo,横,3840,2160,,2,77,https://x.com/Hamakun4/status/2094024726108598707,https://pbs.twimg.com/media/HQ94ScGWIAAkaI1.jpg,,
2026-08-30,20:30,他人,kazuchin39,のだお,「バブリー革命ライブ＠カモガワ」,対バン（静止画は全編可・動画は指定曲のみ）,photo,縦,3072,4096,,8,167,https://x.com/kazuchin39/status/2094024904735908049,https://pbs.twimg.com/media/HQ94hULa0AAHBEW.jpg,,1
2026-08-30,20:30,他人,kazuchin39,のだお,「バブリー革命ライブ＠カモガワ」,対バン（静止画は全編可・動画は指定曲のみ）,photo,縦,3072,4096,,8,167,https://x.com/kazuchin39/status/2094024904735908049,https://pbs.twimg.com/media/HQ94hUBbwAAiAox.jpg,,1
2026-08-30,20:30,他人,kazuchin39,のだお,「バブリー革命ライブ＠カモガワ」,対バン（静止画は全編可・動画は指定曲のみ）,photo,縦,2316,3088,,8,167,https://x.com/kazuchin39/status/2094024904735908049,https://pbs.twimg.com/media/HQ94hUDaMAAU5Pd.jpg,,1
2026-08-30,20:30,他人,kazuchin39,のだお,「バブリー革命ライブ＠カモガワ」,対バン（静止画は全編可・動画は指定曲のみ）,photo,縦,3072,4096,,8,167,https://x.com/kazuchin39/status/2094024904735908049,https://pbs.twimg.com/media/HQ94hUHbUAAc_dh.jpg,,1
2026-08-30,20:39,公式,lollipop_1116,公式,「バブリー革命ライブ＠カモガワ」,対バン（静止画は全編可・動画は指定曲のみ）,photo,横,2048,1448,,15,2932,https://x.com/lollipop_1116/status/2094027146427797775,https://pbs.twimg.com/media/HQ96lq_asAAhgqB.jpg,,1
2026-08-30,20:42,他人,kazuchin39,のだお,「バブリー革命ライブ＠カモガワ」,対バン（静止画は全編可・動画は指定曲のみ）,photo,縦,3072,4096,,14,290,https://x.com/kazuchin39/status/2094027947003023824,https://pbs.twimg.com/media/HQ97SiDbkAAmoy4.jpg,,1
2026-08-30,20:42,他人,kazuchin39,のだお,「バブリー革命ライブ＠カモガワ」,対バン（静止画は全編可・動画は指定曲のみ）,photo,縦,3072,4096,,14,290,https://x.com/kazuchin39/status/2094027947003023824,https://pbs.twimg.com/media/HQ97Sh5aQAAr6jy.jpg,,1
2026-08-30,20:42,他人,kazuchin39,のだお,「バブリー革命ライブ＠カモガワ」,対バン（静止画は全編可・動画は指定曲のみ）,photo,縦,2316,3088,,14,290,https://x.com/kazuchin39/status/2094027947003023824,https://pbs.twimg.com/media/HQ97Sh_bIAAHtWJ.jpg,,1
2026-08-30,20:42,他人,kazuchin39,のだお,「バブリー革命ライブ＠カモガワ」,対バン（静止画は全編可・動画は指定曲のみ）,photo,縦,3072,4096,,14,290,https://x.com/kazuchin39/status/2094027947003023824,https://pbs.twimg.com/media/HQ97Sh1awAAMlBm.jpg,,1
2026-08-30,20:58,他人,taza_king,たざきんぐぅ,「バブリー革命ライブ＠カモガワ」,対バン（静止画は全編可・動画は指定曲のみ）,photo,正方形,3000,2740,,12,387,https://x.com/taza_king/status/2094032079252275302,https://pbs.twimg.com/media/HQ9_BFXbUAAA9VE.jpg,,
2026-08-30,20:58,他人,taza_king,たざきんぐぅ,「バブリー革命ライブ＠カモガワ」,対バン（静止画は全編可・動画は指定曲のみ）,photo,縦,2304,4096,,12,387,https://x.com/taza_king/status/2094032079252275302,https://pbs.twimg.com/media/HQ9_CMobwAA55p_.jpg,,
2026-08-30,20:58,他人,taza_king,たざきんぐぅ,「バブリー革命ライブ＠カモガワ」,対バン（静止画は全編可・動画は指定曲のみ）,photo,縦,2304,4096,,12,387,https://x.com/taza_king/status/2094032079252275302,https://pbs.twimg.com/media/HQ9_EAWbAAAILq_.jpg,,
2026-08-30,21:20,他人,mo_8_c,9/6昼くるみちゃん生誕に行くもやC,「バブリー革命ライブ＠カモガワ」,対バン（静止画は全編可・動画は指定曲のみ）,video,横,1920,1080,14,27,952,https://x.com/mo_8_c/status/2094037577653518574,https://pbs.twimg.com/amplify_video_thumb/2094037522171228160/img/IoXI5NXVvtkmJ9t7.jpg,https://video.twimg.com/amplify_video/2094037522171228160/vid/avc1/1920x1080/wBLvOHL4AMdmi1jH.mp4?tag=29,1
2026-08-30,22:11,メンバー,mau_lpop,まう,「バブリー革命ライブ＠カモガワ」,対バン（静止画は全編可・動画は指定曲のみ）,photo,,,,,2,1346,https://x.com/mau_lpop/status/2094050442460447128,,,
2026-08-30,23:08,メンバー,mau_lpop,まう,「バブリー革命ライブ＠カモガワ」,対バン（静止画は全編可・動画は指定曲のみ）,photo,,,,,40,1004,https://x.com/mau_lpop/status/2094064664095428984,,,
2026-08-31,00:03,他人,kazuchin39,のだお,クモリノチ。×ニキプレ pre.『クモリニキ。』,対バン（静止画は全編可・動画は指定曲のみ）,video,横,1920,1080,167,9,268,https://x.com/kazuchin39/status/2094078550920089665,https://pbs.twimg.com/amplify_video_thumb/2094077807987134464/img/7m9EAOWcaKNnMChZ.jpg,https://video.twimg.com/amplify_video/2094077807987134464/vid/avc1/1920x1080/dQ9QIKx6pjeWERAS.mp4?tag=29,1
2026-08-31,00:23,他人,kazuchin39,のだお,クモリノチ。×ニキプレ pre.『クモリニキ。』,対バン（静止画は全編可・動画は指定曲のみ）,video,横,1920,1080,222,9,279,https://x.com/kazuchin39/status/2094083537867821179,https://pbs.twimg.com/amplify_video_thumb/2094082639921901568/img/w2-6kYaodEK3U8Rp.jpg,https://video.twimg.com/amplify_video/2094082639921901568/vid/avc1/1920x1080/waPh9x0QusJdFBHj.mp4?tag=29,1
2026-08-31,00:30,他人,kazuchin39,のだお,クモリノチ。×ニキプレ pre.『クモリニキ。』,対バン（静止画は全編可・動画は指定曲のみ）,video,縦,1080,1920,19,6,200,https://x.com/kazuchin39/status/2094085247763947892,https://pbs.twimg.com/amplify_video_thumb/2094085149084528640/img/Ff6EAigtdVLMt09k.jpg,https://video.twimg.com/amplify_video/2094085149084528640/vid/avc1/1080x1920/5uv0D_qws6xs1pNx.mp4?tag=29,1
2026-08-31,07:18,メンバー,mana_lpop,愛月まな,クモリノチ。×ニキプレ pre.『クモリニキ。』,対バン（静止画は全編可・動画は指定曲のみ）,photo,縦,1536,2048,,73,765,https://x.com/mana_lpop/status/2094188011449905621,https://pbs.twimg.com/media/HRAM4B5bUAAA9QV.jpg,,1
2026-08-31,08:42,メンバー,mayu_lpop,夏川茉夢,クモリノチ。×ニキプレ pre.『クモリニキ。』,対バン（静止画は全編可・動画は指定曲のみ）,photo,横,1477,1108,,46,877,https://x.com/mayu_lpop/status/2094209203707805923,https://pbs.twimg.com/media/HRAgK4ibsAALQWK.jpg,,1
2026-08-31,18:11,メンバー,mau_lpop,まう,クモリノチ。×ニキプレ pre.『クモリニキ。』,対バン（静止画は全編可・動画は指定曲のみ）,photo,,,,,39,861,https://x.com/mau_lpop/status/2094352385431015762,,,
2026-08-31,18:56,他人,kamome179,かもめ26号,クモリノチ。×ニキプレ pre.『クモリニキ。』,対バン（静止画は全編可・動画は指定曲のみ）,photo,横,4096,3076,,6,105,https://x.com/kamome179/status/2094363769887768584,https://pbs.twimg.com/media/HRCsr5NbAAAymgF.jpg,,
2026-08-31,18:56,他人,kamome179,かもめ26号,クモリノチ。×ニキプレ pre.『クモリニキ。』,対バン（静止画は全編可・動画は指定曲のみ）,photo,縦,3075,4096,,6,105,https://x.com/kamome179/status/2094363769887768584,https://pbs.twimg.com/media/HRCss4uaoAAvirO.jpg,,
2026-08-31,18:56,他人,kamome179,かもめ26号,クモリノチ。×ニキプレ pre.『クモリニキ。』,対バン（静止画は全編可・動画は指定曲のみ）,photo,縦,3075,4096,,6,105,https://x.com/kamome179/status/2094363769887768584,https://pbs.twimg.com/media/HRCst-raIAIXd28.jpg,,
2026-08-31,18:56,他人,kamome179,かもめ26号,クモリノチ。×ニキプレ pre.『クモリニキ。』,対バン（静止画は全編可・動画は指定曲のみ）,photo,横,4096,3075,,6,105,https://x.com/kamome179/status/2094363769887768584,https://pbs.twimg.com/media/HRCsvAYaUAAOAS8.jpg,,
2026-08-31,19:06,他人,kamome179,かもめ26号,クモリノチ。×ニキプレ pre.『クモリニキ。』,対バン（静止画は全編可・動画は指定曲のみ）,photo,縦,3075,4096,,4,113,https://x.com/kamome179/status/2094366263162376302,https://pbs.twimg.com/media/HRCu9XwaEAAgxd1.jpg,,
2026-08-31,19:06,他人,kamome179,かもめ26号,クモリノチ。×ニキプレ pre.『クモリニキ。』,対バン（静止画は全編可・動画は指定曲のみ）,photo,横,3316,2753,,4,113,https://x.com/kamome179/status/2094366263162376302,https://pbs.twimg.com/media/HRCu-erbQAAUYye.jpg,,
2026-08-31,19:06,他人,kamome179,かもめ26号,クモリノチ。×ニキプレ pre.『クモリニキ。』,対バン（静止画は全編可・動画は指定曲のみ）,photo,縦,3075,4096,,4,113,https://x.com/kamome179/status/2094366263162376302,https://pbs.twimg.com/media/HRCu_alaoAA-MLI.jpg,,
2026-08-31,19:06,他人,kamome179,かもめ26号,クモリノチ。×ニキプレ pre.『クモリニキ。』,対バン（静止画は全編可・動画は指定曲のみ）,photo,横,4096,3075,,4,113,https://x.com/kamome179/status/2094366263162376302,https://pbs.twimg.com/media/HRCvAala0AAQZEe.jpg,,
2026-08-31,19:17,他人,kamome179,かもめ26号,クモリノチ。×ニキプレ pre.『クモリニキ。』,対バン（静止画は全編可・動画は指定曲のみ）,photo,縦,3075,4096,,6,99,https://x.com/kamome179/status/2094368936636932339,https://pbs.twimg.com/media/HRCxZzjbsAAu06z.jpg,,
2026-08-31,19:17,他人,kamome179,かもめ26号,クモリノチ。×ニキプレ pre.『クモリニキ。』,対バン（静止画は全編可・動画は指定曲のみ）,photo,横,4096,3075,,6,99,https://x.com/kamome179/status/2094368936636932339,https://pbs.twimg.com/media/HRCxa9jawAALGCY.jpg,,
2026-08-31,19:17,他人,kamome179,かもめ26号,クモリノチ。×ニキプレ pre.『クモリニキ。』,対バン（静止画は全編可・動画は指定曲のみ）,photo,縦,3075,4096,,6,99,https://x.com/kamome179/status/2094368936636932339,https://pbs.twimg.com/media/HRCxb49bkAAvmht.jpg,,
2026-08-31,19:27,他人,kamome179,かもめ26号,クモリノチ。×ニキプレ pre.『クモリニキ。』,対バン（静止画は全編可・動画は指定曲のみ）,photo,縦,3074,4096,,6,151,https://x.com/kamome179/status/2094371545749791045,https://pbs.twimg.com/media/HRCzw5dbwAAlB4m.jpg,,
2026-08-31,19:27,他人,kamome179,かもめ26号,クモリノチ。×ニキプレ pre.『クモリニキ。』,対バン（静止画は全編可・動画は指定曲のみ）,photo,横,4096,3074,,6,151,https://x.com/kamome179/status/2094371545749791045,https://pbs.twimg.com/media/HRCzyAJaMAAMnys.jpg,,
2026-08-31,19:27,他人,kamome179,かもめ26号,クモリノチ。×ニキプレ pre.『クモリニキ。』,対バン（静止画は全編可・動画は指定曲のみ）,photo,横,4096,3075,,6,151,https://x.com/kamome179/status/2094371545749791045,https://pbs.twimg.com/media/HRCzy2GbEAAqz72.jpg,,
2026-08-31,19:27,他人,kamome179,かもめ26号,クモリノチ。×ニキプレ pre.『クモリニキ。』,対バン（静止画は全編可・動画は指定曲のみ）,photo,縦,3074,4096,,6,151,https://x.com/kamome179/status/2094371545749791045,https://pbs.twimg.com/media/HRCzz7taUAESyYj.jpg,,
2026-08-31,20:10,他人,kamome179,かもめ26号,クモリノチ。×ニキプレ pre.『クモリニキ。』,対バン（静止画は全編可・動画は指定曲のみ）,photo,横,4096,3075,,5,139,https://x.com/kamome179/status/2094382262091739391,https://pbs.twimg.com/media/HRC9hXjacAAaF3m.jpg,,
2026-08-31,20:10,他人,kamome179,かもめ26号,クモリノチ。×ニキプレ pre.『クモリニキ。』,対バン（静止画は全編可・動画は指定曲のみ）,photo,縦,3075,4096,,5,139,https://x.com/kamome179/status/2094382262091739391,https://pbs.twimg.com/media/HRC9iYeaUAA8qsa.jpg,,
2026-08-31,20:10,他人,kamome179,かもめ26号,クモリノチ。×ニキプレ pre.『クモリニキ。』,対バン（静止画は全編可・動画は指定曲のみ）,photo,横,4096,3075,,5,139,https://x.com/kamome179/status/2094382262091739391,https://pbs.twimg.com/media/HRC9jkxagAAstOa.jpg,,
2026-08-31,21:46,他人,61a16,葉月,クモリノチ。×ニキプレ pre.『クモリニキ。』,対バン（静止画は全編可・動画は指定曲のみ）,photo,縦,3072,4096,,18,551,https://x.com/61a16/status/2094406554678378644,https://pbs.twimg.com/media/HRDTp49bIAAst_R.jpg,,1
2026-08-31,21:46,他人,61a16,葉月,クモリノチ。×ニキプレ pre.『クモリニキ。』,対バン（静止画は全編可・動画は指定曲のみ）,photo,縦,3072,4096,,18,551,https://x.com/61a16/status/2094406554678378644,https://pbs.twimg.com/media/HRDTp48aQAE7rW6.jpg,,1
2026-08-31,22:36,他人,momo_dq,Momo@袖🍉,クモリノチ。×ニキプレ pre.『クモリニキ。』,対バン（静止画は全編可・動画は指定曲のみ）,photo,正方形,2028,2048,,8,224,https://x.com/momo_dq/status/2094419018312720639,https://pbs.twimg.com/media/HRDe_eAasAAoIYp.jpg,,1
2026-08-31,22:38,他人,momo_dq,Momo@袖🍉,クモリノチ。×ニキプレ pre.『クモリニキ。』,対バン（静止画は全編可・動画は指定曲のみ）,photo,横,2880,2160,,12,255,https://x.com/momo_dq/status/2094419486925520929,https://pbs.twimg.com/media/HRDfaL6bMAAU_I-.jpg,,1
2026-08-31,22:38,他人,momo_dq,Momo@袖🍉,クモリノチ。×ニキプレ pre.『クモリニキ。』,対バン（静止画は全編可・動画は指定曲のみ）,photo,縦,2160,2880,,12,255,https://x.com/momo_dq/status/2094419486925520929,https://pbs.twimg.com/media/HRDfaL0agAEuyX4.jpg,,1
2026-08-31,22:38,他人,momo_dq,Momo@袖🍉,クモリノチ。×ニキプレ pre.『クモリニキ。』,対バン（静止画は全編可・動画は指定曲のみ）,photo,縦,2160,2880,,12,255,https://x.com/momo_dq/status/2094419486925520929,https://pbs.twimg.com/media/HRDfaNsaEAEHeFH.jpg,,1
2026-08-31,22:38,他人,momo_dq,Momo@袖🍉,クモリノチ。×ニキプレ pre.『クモリニキ。』,対バン（静止画は全編可・動画は指定曲のみ）,photo,横,2880,2160,,12,255,https://x.com/momo_dq/status/2094419486925520929,https://pbs.twimg.com/media/HRDfaL3aAAAKZAp.jpg,,1
2026-08-31,22:42,他人,Ago_decha_U,でちゃう,クモリノチ。×ニキプレ pre.『クモリニキ。』,対バン（静止画は全編可・動画は指定曲のみ）,photo,縦,3000,4000,,15,331,https://x.com/Ago_decha_U/status/2094420680549007724,https://pbs.twimg.com/media/HRDgcZCbkAAIfnF.jpg,,
2026-08-31,22:53,公式,lollipop_1116,公式,クモリノチ。×ニキプレ pre.『クモリニキ。』,対バン（静止画は全編可・動画は指定曲のみ）,video,横,3840,2160,126,12,4943,https://x.com/lollipop_1116/status/2094423246649327827,https://pbs.twimg.com/amplify_video_thumb/2094422700207038464/img/kQdKhXcIxHEteSou.jpg,https://video.twimg.com/amplify_video/2094422700207038464/vid/avc1/3840x2160/pNRhVyIwjn6zHr6J.mp4?tag=29,1
2026-08-31,22:53,公式,lollipop_1116,公式,クモリノチ。×ニキプレ pre.『クモリニキ。』,対バン（静止画は全編可・動画は指定曲のみ）,photo,横,1477,1108,,12,4943,https://x.com/lollipop_1116/status/2094423246649327827,https://pbs.twimg.com/media/HRDiWV6bcAAXAUy.jpg,,1
2026-08-31,23:07,メンバー,kurumi_lpop,やぎくるみ,クモリノチ。×ニキプレ pre.『クモリニキ。』,対バン（静止画は全編可・動画は指定曲のみ）,photo,縦,1536,2048,,41,919,https://x.com/kurumi_lpop/status/2094426959103283529,https://pbs.twimg.com/media/HRDmN27aYAAsbVi.jpg,,1
2026-08-31,23:11,メンバー,mayu_lpop,夏川茉夢,クモリノチ。×ニキプレ pre.『クモリニキ。』,対バン（静止画は全編可・動画は指定曲のみ）,photo,縦,1536,2048,,42,803,https://x.com/mayu_lpop/status/2094427792234668351,https://pbs.twimg.com/media/HRDm8qcaAAAOpzS.jpg,,1
2026-08-31,23:14,メンバー,ami_lpop,松川愛美,クモリノチ。×ニキプレ pre.『クモリニキ。』,対バン（静止画は全編可・動画は指定曲のみ）,photo,,,,,48,1375,https://x.com/ami_lpop/status/2094428637122719877,,,
2026-08-31,23:26,他人,haru_makimaki__,はるまきまきまき,クモリノチ。×ニキプレ pre.『クモリニキ。』,対バン（静止画は全編可・動画は指定曲のみ）,photo,縦,1832,2443,,20,303,https://x.com/haru_makimaki__/status/2094431674780332053,https://pbs.twimg.com/media/HRDqgKfbUAA5Bsf.jpg,,
2026-08-31,23:32,メンバー,mau_lpop,まう,クモリノチ。×ニキプレ pre.『クモリニキ。』,対バン（静止画は全編可・動画は指定曲のみ）,photo,,,,,31,689,https://x.com/mau_lpop/status/2094433123979460963,,,
2026-08-31,23:33,メンバー,mana_lpop,愛月まな,クモリノチ。×ニキプレ pre.『クモリニキ。』,対バン（静止画は全編可・動画は指定曲のみ）,photo,縦,1536,2048,,45,638,https://x.com/mana_lpop/status/2094433458093511087,https://pbs.twimg.com/media/HRDq9cLa8AALryH.jpg,,1
