t,vocal_on,width
0.00,1,0.195
0.01,0,
0.02,0,
0.03,0,
0.04,0,
0.05,0,
0.06,0,
0.07,0,
0.08,0,
0.09,0,
0.10,0,
0.11,0,
0.12,0,
0.13,0,
0.14,0,
0.15,0,
0.16,0,
0.17,0,
0.18,0,
0.19,0,
0.20,0,
0.21,0,
0.22,0,
0.23,0,
0.24,0,
0.25,0,
0.26,0,
0.27,0,
0.28,0,
0.29,0,
0.30,0,
0.31,0,
0.32,0,
0.33,0,
0.34,0,
0.35,0,
0.36,0,
0.37,0,
0.38,0,
0.39,0,
0.40,0,
0.41,0,
0.42,0,
0.43,0,
0.44,0,
0.45,0,
0.46,0,
0.47,0,
0.48,0,
0.49,0,
0.50,0,
0.51,0,
0.52,0,
0.53,0,
0.54,0,
0.55,0,
0.56,0,
0.57,0,
0.58,0,
0.59,0,
0.60,0,
0.61,0,
0.62,0,
0.63,0,
0.64,0,
0.65,0,
0.66,0,
0.67,0,
0.68,0,
0.69,0,
0.70,0,
0.71,0,
0.72,0,
0.73,0,
0.74,0,
0.75,0,
0.76,0,
0.77,0,
0.78,0,
0.79,0,
0.80,0,
0.81,0,
0.82,0,
0.83,0,
0.84,0,
0.85,0,
0.86,0,
0.87,0,
0.88,0,
0.89,0,
0.90,0,
0.91,0,
0.92,0,
0.93,0,
0.94,0,
0.95,0,
0.96,0,
0.97,0,
0.98,0,
0.99,0,
1.00,0,
1.01,0,
1.02,0,
1.03,0,
1.04,0,
1.05,0,
1.06,0,
1.07,0,
1.08,0,
1.09,0,
1.10,0,
1.11,0,
1.12,0,
1.13,0,
1.14,0,
1.15,0,
1.16,0,
1.17,0,
1.18,0,
1.19,0,
1.20,0,
1.21,0,
1.22,0,
1.23,0,
1.24,0,
1.25,0,
1.26,0,
1.27,0,
1.28,0,
1.29,0,
1.30,0,
1.31,0,
1.32,0,
1.33,0,
1.34,0,
1.35,0,
1.36,0,
1.37,0,
1.38,0,
1.39,0,
1.40,0,
1.41,0,
1.42,0,
1.43,0,
1.44,0,
1.45,0,
1.46,0,
1.47,0,
1.48,0,
1.49,0,
1.50,0,
1.51,0,
1.52,0,
1.53,0,
1.54,0,
1.55,0,
1.56,0,
1.57,0,
1.58,0,
1.59,0,
1.60,0,
1.61,0,
1.62,0,
1.63,0,
1.64,0,
1.65,0,
1.66,0,
1.67,0,
1.68,0,
1.69,0,
1.70,0,
1.71,0,
1.72,0,
1.73,0,
1.74,0,
1.75,0,
1.76,0,
1.77,0,
1.78,0,
1.79,0,
1.80,0,
1.81,0,
1.82,0,
1.83,0,
1.84,0,
1.85,0,
1.86,0,
1.87,0,
1.88,0,
1.89,0,
1.90,0,
1.91,0,
1.92,0,
1.93,0,
1.94,0,
1.95,0,
1.96,0,
1.97,0,
1.98,0,
1.99,0,
2.00,0,
2.01,0,
2.02,0,
2.03,0,
2.04,0,
2.05,0,
2.06,0,
2.07,0,
2.08,0,
2.09,0,
2.10,0,
2.11,0,
2.12,0,
2.13,0,
2.14,0,
2.15,0,
2.16,0,
2.17,0,
2.18,0,
2.19,0,
2.20,0,
2.21,0,
2.22,0,
2.23,0,
2.24,0,
2.25,0,
2.26,0,
2.27,0,
2.28,0,
2.29,0,
2.30,0,
2.31,0,
2.32,0,
2.33,0,
2.34,0,
2.35,0,
2.36,0,
2.37,0,
2.38,0,
2.39,0,
2.40,0,
2.41,0,
2.42,0,
2.43,0,
2.44,0,
2.45,0,
2.46,0,
2.47,0,
2.48,0,
2.49,0,
2.50,0,
2.51,1,0.276
2.52,1,0.288
2.53,1,0.320
2.54,1,0.379
2.55,1,0.425
2.56,1,0.485
2.57,1,0.717
2.58,1,0.937
2.59,1,1.126
2.60,1,1.421
2.61,1,1.031
2.62,1,0.536
2.63,1,0.207
2.64,1,0.148
2.65,1,0.157
2.66,1,0.155
2.67,1,0.098
2.68,1,0.101
2.69,1,0.150
2.70,1,0.198
2.71,1,0.236
2.72,1,0.288
2.73,1,0.318
2.74,1,0.373
2.75,1,0.409
2.76,1,0.463
2.77,1,0.527
2.78,1,0.595
2.79,1,0.629
2.80,1,0.533
2.81,1,0.279
2.82,1,0.237
2.83,1,0.250
2.84,1,0.294
2.85,1,0.317
2.86,1,0.367
2.87,1,0.385
2.88,1,0.421
2.89,1,0.440
2.90,1,0.473
2.91,1,0.470
2.92,1,0.499
2.93,1,0.506
2.94,1,0.492
2.95,1,0.702
2.96,1,0.783
2.97,1,0.366
2.98,1,0.206
2.99,1,0.140
3.00,1,0.114
3.01,1,0.094
3.02,1,0.069
3.03,1,0.065
3.04,1,0.071
3.05,1,0.115
3.06,1,0.166
3.07,1,0.256
3.08,1,0.339
3.09,1,0.578
3.10,1,0.468
3.11,1,0.263
3.12,1,0.174
3.13,1,0.163
3.14,1,0.160
3.15,1,0.133
3.16,1,0.139
3.17,1,0.146
3.18,1,0.215
3.19,1,0.285
3.20,1,0.330
3.21,1,0.395
3.22,1,0.824
3.23,1,0.919
3.24,1,1.087
3.25,1,0.942
3.26,1,0.834
3.27,1,0.406
3.28,1,0.179
3.29,1,0.185
3.30,1,0.255
3.31,1,0.167
3.32,1,0.128
3.33,1,0.133
3.34,1,0.165
3.35,1,0.167
3.36,1,0.198
3.37,1,0.211
3.38,1,0.226
3.39,1,0.224
3.40,1,0.240
3.41,1,0.247
3.42,1,0.275
3.43,1,0.315
3.44,1,0.397
3.45,1,0.430
3.46,1,0.384
3.47,1,0.342
3.48,1,0.192
3.49,1,0.152
3.50,1,0.141
3.51,1,0.137
3.52,1,0.151
3.53,1,0.146
3.54,1,0.163
3.55,1,0.170
3.56,1,0.173
3.57,1,0.169
3.58,1,0.152
3.59,1,0.131
3.60,1,0.111
3.61,1,0.127
3.62,1,0.128
3.63,1,0.166
3.64,1,0.165
3.65,1,0.174
3.66,1,0.165
3.67,1,0.164
3.68,1,0.164
3.69,1,0.168
3.70,1,0.178
3.71,1,0.200
3.72,1,0.175
3.73,1,0.173
3.74,1,0.193
3.75,1,0.186
3.76,1,0.206
3.77,1,0.238
3.78,1,0.262
3.79,1,0.306
3.80,1,0.319
3.81,1,0.342
3.82,1,0.378
3.83,1,0.373
3.84,1,0.388
3.85,1,0.433
3.86,1,0.441
3.87,1,0.432
3.88,1,0.453
3.89,1,0.426
3.90,1,0.367
3.91,1,0.298
3.92,1,0.252
3.93,1,0.216
3.94,1,0.201
3.95,1,0.186
3.96,1,0.185
3.97,1,0.201
3.98,1,0.253
3.99,1,0.330
4.00,1,0.409
4.01,1,0.496
4.02,1,0.531
4.03,1,0.560
4.04,1,0.545
4.05,1,0.504
4.06,1,0.460
4.07,1,0.442
4.08,1,0.403
4.09,1,0.395
4.10,1,0.402
4.11,1,0.372
4.12,1,0.360
4.13,1,0.332
4.14,1,0.263
4.15,1,0.213
4.16,1,0.247
4.17,1,0.254
4.18,1,0.238
4.19,1,0.279
4.20,1,0.378
4.21,1,0.429
4.22,1,0.468
4.23,1,0.505
4.24,1,0.494
4.25,1,0.434
4.26,1,0.403
4.27,1,0.406
4.28,1,0.444
4.29,1,0.484
4.30,1,0.512
4.31,1,0.506
4.32,1,0.473
4.33,1,0.398
4.34,1,0.323
4.35,1,0.263
4.36,1,0.241
4.37,1,0.236
4.38,1,0.251
4.39,1,0.296
4.40,1,0.359
4.41,1,0.450
4.42,1,0.515
4.43,1,0.613
4.44,1,0.742
4.45,1,1.034
4.46,1,0.946
4.47,1,0.668
4.48,1,0.332
4.49,1,0.157
4.50,1,0.114
4.51,1,0.085
4.52,1,0.090
4.53,1,0.108
4.54,1,0.146
4.55,1,0.189
4.56,1,0.245
4.57,1,0.337
4.58,1,0.481
4.59,1,0.714
4.60,1,0.889
4.61,1,1.003
4.62,1,1.003
4.63,1,0.473
4.64,1,0.135
4.65,1,0.113
4.66,1,0.146
4.67,1,0.172
4.68,1,0.196
4.69,1,0.280
4.70,1,0.322
4.71,1,0.348
4.72,1,0.361
4.73,1,0.340
4.74,1,0.306
4.75,1,0.312
4.76,1,0.335
4.77,1,0.346
4.78,1,0.356
4.79,1,0.388
4.80,1,0.413
4.81,1,0.435
4.82,1,0.546
4.83,1,0.736
4.84,1,0.364
4.85,1,0.210
4.86,1,0.172
4.87,1,0.157
4.88,1,0.153
4.89,1,0.151
4.90,1,0.154
4.91,1,0.153
4.92,1,0.148
4.93,1,0.143
4.94,1,0.147
4.95,1,0.147
4.96,1,0.153
4.97,1,0.172
4.98,1,0.185
4.99,1,0.195
5.00,1,0.231
5.01,1,0.269
5.02,1,0.281
5.03,1,0.328
5.04,1,0.381
5.05,1,0.432
5.06,1,0.869
5.07,1,1.166
5.08,1,1.004
5.09,1,0.944
5.10,1,0.479
5.11,1,0.219
5.12,1,0.152
5.13,1,0.131
5.14,1,0.124
5.15,1,0.131
5.16,1,0.135
5.17,1,0.142
5.18,1,0.130
5.19,1,0.123
5.20,1,0.103
5.21,1,0.090
5.22,1,0.079
5.23,1,0.076
5.24,1,0.077
5.25,1,0.087
5.26,1,0.106
5.27,1,0.132
5.28,1,0.157
5.29,1,0.171
5.30,1,0.178
5.31,1,0.153
5.32,1,0.136
5.33,1,0.148
5.34,1,0.163
5.35,1,0.193
5.36,1,0.225
5.37,1,0.282
5.38,1,0.337
5.39,1,0.444
5.40,1,0.651
5.41,1,0.928
5.42,1,0.818
5.43,1,0.771
5.44,1,0.890
5.45,1,0.843
5.46,1,0.683
5.47,1,0.321
5.48,1,0.120
5.49,1,0.076
5.50,1,0.104
5.51,1,0.128
5.52,1,0.147
5.53,1,0.165
5.54,1,0.181
5.55,1,0.169
5.56,1,0.170
5.57,1,0.164
5.58,1,0.166
5.59,1,0.185
5.60,1,0.208
5.61,1,0.233
5.62,1,0.251
5.63,1,0.266
5.64,1,0.274
5.65,1,0.268
5.66,1,0.247
5.67,1,0.224
5.68,1,0.226
5.69,1,0.237
5.70,1,0.256
5.71,1,0.280
5.72,1,0.341
5.73,1,0.362
5.74,1,0.263
5.75,1,0.170
5.76,1,0.134
5.77,1,0.108
5.78,1,0.111
5.79,1,0.141
5.80,1,0.119
5.81,1,0.106
5.82,1,0.153
5.83,1,0.232
5.84,1,0.240
5.85,1,0.259
5.86,1,0.281
5.87,1,0.257
5.88,1,0.237
5.89,1,0.260
5.90,1,0.271
5.91,1,0.279
5.92,1,0.313
5.93,1,0.473
5.94,1,0.310
5.95,1,0.274
5.96,1,0.155
5.97,1,0.179
5.98,1,0.179
5.99,1,0.162
6.00,1,0.155
6.01,1,0.160
6.02,1,0.158
6.03,1,0.159
6.04,1,0.177
6.05,1,0.180
6.06,1,0.196
6.07,1,0.201
6.08,1,0.214
6.09,1,0.233
6.10,1,0.250
6.11,1,0.248
6.12,1,0.213
6.13,1,0.171
6.14,1,0.144
6.15,1,0.158
6.16,1,0.172
6.17,1,0.175
6.18,1,0.195
6.19,1,0.211
6.20,1,0.227
6.21,1,0.255
6.22,1,0.293
6.23,1,0.294
6.24,1,0.344
6.25,1,0.319
6.26,1,0.292
6.27,1,0.238
6.28,1,0.239
6.29,1,0.184
6.30,1,0.125
6.31,1,0.100
6.32,1,0.091
6.33,1,0.086
6.34,1,0.087
6.35,1,0.096
6.36,1,0.105
6.37,1,0.118
6.38,1,0.145
6.39,1,0.155
6.40,1,0.203
6.41,1,0.232
6.42,1,0.329
6.43,1,0.558
6.44,1,0.829
6.45,1,0.774
6.46,1,0.528
6.47,1,0.240
6.48,1,0.129
6.49,1,0.209
6.50,1,0.233
6.51,1,0.238
6.52,1,0.230
6.53,1,0.241
6.54,1,0.208
6.55,1,0.201
6.56,1,0.223
6.57,1,0.279
6.58,1,0.319
6.59,1,0.339
6.60,1,0.346
6.61,1,0.320
6.62,1,0.291
6.63,1,0.274
6.64,1,0.267
6.65,1,0.268
6.66,1,0.255
6.67,1,0.258
6.68,1,0.294
6.69,1,0.335
6.70,1,0.390
6.71,1,0.449
6.72,1,0.471
6.73,1,0.488
6.74,1,0.422
6.75,1,0.341
6.76,1,0.290
6.77,1,0.241
6.78,1,0.203
6.79,1,0.252
6.80,1,0.202
6.81,1,0.214
6.82,1,0.167
6.83,1,0.161
6.84,1,0.150
6.85,1,0.149
6.86,1,0.160
6.87,1,0.173
6.88,1,0.201
6.89,1,0.225
6.90,1,0.237
6.91,1,0.234
6.92,1,0.252
6.93,1,0.261
6.94,1,0.269
6.95,1,0.291
6.96,1,0.281
6.97,1,0.284
6.98,1,0.293
6.99,1,0.304
7.00,1,0.321
7.01,1,0.376
7.02,1,0.417
7.03,1,0.488
7.04,1,0.588
7.05,1,0.815
7.06,1,1.046
7.07,1,0.965
7.08,1,1.036
7.09,1,0.961
7.10,1,0.970
7.11,1,0.949
7.12,1,0.888
7.13,1,0.666
7.14,1,0.604
7.15,1,0.429
7.16,1,0.295
7.17,1,0.140
7.18,1,0.097
7.19,1,0.088
7.20,1,0.094
7.21,1,0.111
7.22,1,0.135
7.23,1,0.156
7.24,1,0.168
7.25,1,0.177
7.26,1,0.186
7.27,1,0.181
7.28,1,0.182
7.29,1,0.198
7.30,1,0.227
7.31,1,0.237
7.32,1,0.241
7.33,1,0.234
7.34,1,0.233
7.35,1,0.229
7.36,1,0.222
7.37,1,0.246
7.38,1,0.245
7.39,1,0.228
7.40,1,0.221
7.41,1,0.215
7.42,1,0.229
7.43,1,0.260
7.44,1,0.256
7.45,1,0.272
7.46,1,0.220
7.47,1,0.222
7.48,1,0.206
7.49,1,0.202
7.50,1,0.184
7.51,1,0.176
7.52,1,0.166
7.53,1,0.174
7.54,1,0.177
7.55,1,0.220
7.56,1,0.293
7.57,1,0.372
7.58,1,0.517
7.59,1,0.624
7.60,1,0.712
7.61,1,0.898
7.62,1,0.730
7.63,1,0.216
7.64,1,0.188
7.65,1,0.186
7.66,1,0.158
7.67,1,0.144
7.68,1,0.151
7.69,1,0.158
7.70,1,0.165
7.71,1,0.169
7.72,1,0.167
7.73,1,0.154
7.74,1,0.138
7.75,1,0.126
7.76,1,0.117
7.77,1,0.116
7.78,1,0.118
7.79,1,0.124
7.80,1,0.128
7.81,1,0.131
7.82,1,0.135
7.83,1,0.144
7.84,1,0.162
7.85,1,0.188
7.86,1,0.196
7.87,1,0.219
7.88,1,0.242
7.89,1,0.267
7.90,1,0.298
7.91,1,0.468
7.92,1,0.638
7.93,1,0.581
7.94,1,0.612
7.95,1,0.853
7.96,1,1.048
7.97,1,1.077
7.98,1,1.226
7.99,1,1.460
8.00,1,1.453
8.01,0,
8.02,0,
8.03,0,
8.04,0,
8.05,0,
8.06,0,
8.07,0,
8.08,0,
8.09,0,
8.10,0,
8.11,0,
8.12,0,
8.13,0,
8.14,0,
8.15,0,
8.16,0,
8.17,0,
8.18,0,
8.19,0,
8.20,0,
8.21,0,
8.22,0,
8.23,0,
8.24,0,
8.25,0,
8.26,0,
8.27,0,
8.28,0,
8.29,0,
8.30,0,
8.31,0,
8.32,0,
8.33,0,
8.34,0,
8.35,0,
8.36,0,
8.37,0,
8.38,0,
8.39,0,
8.40,0,
8.41,0,
8.42,0,
8.43,0,
8.44,0,
8.45,0,
8.46,0,
8.47,0,
8.48,0,
8.49,0,
8.50,0,
8.51,0,
8.52,0,
8.53,0,
8.54,0,
8.55,0,
8.56,0,
8.57,0,
8.58,0,
8.59,0,
8.60,0,
8.61,0,
8.62,0,
8.63,0,
8.64,0,
8.65,0,
8.66,0,
8.67,0,
8.68,0,
8.69,0,
8.70,0,
8.71,0,
8.72,0,
8.73,0,
8.74,0,
8.75,0,
8.76,0,
8.77,0,
8.78,0,
8.79,0,
8.80,0,
8.81,0,
8.82,0,
8.83,0,
8.84,0,
8.85,0,
8.86,0,
8.87,0,
8.88,0,
8.89,0,
8.90,0,
8.91,0,
8.92,0,
8.93,0,
8.94,0,
8.95,0,
8.96,0,
8.97,0,
8.98,0,
8.99,0,
9.00,0,
9.01,0,
9.02,0,
9.03,0,
9.04,0,
9.05,0,
9.06,0,
9.07,0,
9.08,0,
9.09,0,
9.10,0,
9.11,0,
9.12,0,
9.13,0,
9.14,0,
9.15,0,
9.16,0,
9.17,0,
9.18,0,
9.19,0,
9.20,0,
9.21,0,
9.22,0,
9.23,0,
9.24,0,
9.25,0,
9.26,0,
9.27,0,
9.28,0,
9.29,0,
9.30,0,
9.31,0,
9.32,0,
9.33,0,
9.34,0,
9.35,0,
9.36,0,
9.37,0,
9.38,0,
9.39,0,
9.40,0,
9.41,0,
9.42,0,
9.43,0,
9.44,0,
9.45,0,
9.46,0,
9.47,0,
9.48,0,
9.49,0,
9.50,0,
9.51,0,
9.52,0,
9.53,0,
9.54,0,
9.55,0,
9.56,0,
9.57,0,
9.58,0,
9.59,0,
9.60,0,
9.61,0,
9.62,0,
9.63,0,
9.64,0,
9.65,0,
9.66,0,
9.67,0,
9.68,0,
9.69,0,
9.70,0,
9.71,0,
9.72,0,
9.73,0,
9.74,0,
9.75,0,
9.76,0,
9.77,0,
9.78,0,
9.79,0,
9.80,0,
9.81,0,
9.82,0,
9.83,0,
9.84,0,
9.85,0,
9.86,0,
9.87,0,
9.88,0,
9.89,0,
9.90,0,
9.91,0,
9.92,0,
9.93,0,
9.94,0,
9.95,0,
9.96,0,
9.97,0,
9.98,0,
9.99,0,
10.00,0,
10.01,0,
10.02,0,
10.03,0,
10.04,0,
10.05,0,
10.06,0,
10.07,0,
10.08,0,
10.09,0,
10.10,0,
10.11,0,
10.12,0,
10.13,0,
10.14,0,
10.15,0,
10.16,0,
10.17,0,
10.18,0,
10.19,0,
10.20,0,
10.21,0,
10.22,0,
10.23,0,
10.24,0,
10.25,0,
10.26,0,
10.27,0,
10.28,0,
10.29,0,
10.30,0,
10.31,0,
10.32,0,
10.33,0,
10.34,0,
10.35,0,
10.36,0,
10.37,0,
10.38,0,
10.39,0,
10.40,0,
10.41,0,
10.42,0,
10.43,0,
10.44,0,
10.45,0,
10.46,0,
10.47,0,
10.48,0,
10.49,0,
10.50,0,
10.51,0,
10.52,0,
10.53,0,
10.54,0,
10.55,0,
10.56,0,
10.57,0,
10.58,0,
10.59,0,
10.60,0,
10.61,0,
10.62,0,
10.63,0,
10.64,0,
10.65,0,
10.66,0,
10.67,0,
10.68,0,
10.69,0,
10.70,0,
10.71,0,
10.72,0,
10.73,0,
10.74,0,
10.75,0,
10.76,0,
10.77,0,
10.78,0,
10.79,0,
10.80,0,
10.81,0,
10.82,0,
10.83,0,
10.84,0,
10.85,0,
10.86,0,
10.87,0,
10.88,0,
10.89,0,
10.90,0,
10.91,0,
10.92,0,
10.93,0,
10.94,0,
10.95,0,
10.96,0,
10.97,0,
10.98,0,
10.99,0,
11.00,0,
11.01,0,
11.02,0,
11.03,0,
11.04,0,
11.05,0,
11.06,0,
11.07,0,
11.08,0,
11.09,0,
11.10,0,
11.11,0,
11.12,0,
11.13,0,
11.14,0,
11.15,0,
11.16,0,
11.17,0,
11.18,0,
11.19,0,
11.20,0,
11.21,0,
11.22,0,
11.23,0,
11.24,0,
11.25,0,
11.26,0,
11.27,0,
11.28,0,
11.29,0,
11.30,0,
11.31,0,
11.32,0,
11.33,0,
11.34,0,
11.35,0,
11.36,0,
11.37,0,
11.38,0,
11.39,0,
11.40,0,
11.41,0,
11.42,0,
11.43,0,
11.44,0,
11.45,0,
11.46,0,
11.47,0,
11.48,0,
11.49,0,
11.50,0,
11.51,0,
11.52,0,
11.53,0,
11.54,0,
11.55,0,
11.56,0,
11.57,0,
11.58,0,
11.59,0,
11.60,0,
11.61,0,
11.62,0,
11.63,0,
11.64,0,
11.65,0,
11.66,0,
11.67,0,
11.68,0,
11.69,0,
11.70,0,
11.71,0,
11.72,0,
11.73,0,
11.74,0,
11.75,0,
11.76,0,
11.77,0,
11.78,0,
11.79,0,
11.80,0,
11.81,0,
11.82,0,
11.83,0,
11.84,0,
11.85,0,
11.86,0,
11.87,0,
11.88,0,
11.89,0,
11.90,0,
11.91,0,
11.92,0,
11.93,0,
11.94,0,
11.95,0,
11.96,0,
11.97,0,
11.98,0,
11.99,0,
12.00,0,
12.01,0,
12.02,0,
12.03,0,
12.04,0,
12.05,0,
12.06,0,
12.07,0,
12.08,0,
12.09,0,
12.10,0,
12.11,0,
12.12,0,
12.13,0,
12.14,0,
12.15,0,
12.16,0,
12.17,0,
12.18,0,
12.19,0,
12.20,0,
12.21,0,
12.22,0,
12.23,0,
12.24,0,
12.25,0,
12.26,0,
12.27,0,
12.28,0,
12.29,0,
12.30,0,
12.31,0,
12.32,0,
12.33,0,
12.34,0,
12.35,0,
12.36,0,
12.37,0,
12.38,0,
12.39,0,
12.40,0,
12.41,0,
12.42,0,
12.43,0,
12.44,0,
12.45,0,
12.46,0,
12.47,0,
12.48,0,
12.49,0,
12.50,0,
12.51,0,
12.52,0,
12.53,0,
12.54,0,
12.55,0,
12.56,0,
12.57,0,
12.58,0,
12.59,0,
12.60,0,
12.61,0,
12.62,0,
12.63,0,
12.64,0,
12.65,0,
12.66,0,
12.67,0,
12.68,0,
12.69,0,
12.70,0,
12.71,0,
12.72,0,
12.73,0,
12.74,0,
12.75,0,
12.76,0,
12.77,0,
12.78,0,
12.79,0,
12.80,0,
12.81,0,
12.82,0,
12.83,0,
12.84,0,
12.85,0,
12.86,0,
12.87,0,
12.88,0,
12.89,0,
12.90,0,
12.91,0,
12.92,0,
12.93,0,
12.94,0,
12.95,0,
12.96,0,
12.97,0,
12.98,0,
12.99,0,
13.00,0,
13.01,0,
13.02,0,
13.03,0,
13.04,0,
13.05,0,
13.06,0,
13.07,0,
13.08,0,
13.09,0,
13.10,0,
13.11,0,
13.12,0,
13.13,0,
13.14,0,
13.15,0,
13.16,0,
13.17,0,
13.18,0,
13.19,0,
13.20,0,
13.21,0,
13.22,0,
13.23,0,
13.24,0,
13.25,0,
13.26,0,
13.27,0,
13.28,0,
13.29,0,
13.30,0,
13.31,0,
13.32,0,
13.33,0,
13.34,0,
13.35,0,
13.36,0,
13.37,0,
13.38,0,
13.39,0,
13.40,0,
13.41,0,
13.42,0,
13.43,0,
13.44,0,
13.45,0,
13.46,0,
13.47,0,
13.48,0,
13.49,0,
13.50,0,
13.51,0,
13.52,0,
13.53,0,
13.54,0,
13.55,0,
13.56,0,
13.57,0,
13.58,0,
13.59,0,
13.60,0,
13.61,0,
13.62,0,
13.63,0,
13.64,0,
13.65,0,
13.66,0,
13.67,0,
13.68,0,
13.69,0,
13.70,0,
13.71,0,
13.72,0,
13.73,0,
13.74,0,
13.75,0,
13.76,0,
13.77,0,
13.78,0,
13.79,0,
13.80,0,
13.81,0,
13.82,0,
13.83,0,
13.84,0,
13.85,0,
13.86,0,
13.87,0,
13.88,0,
13.89,0,
13.90,0,
13.91,0,
13.92,0,
13.93,0,
13.94,0,
13.95,0,
13.96,0,
13.97,0,
13.98,0,
13.99,0,
14.00,0,
14.01,0,
14.02,0,
14.03,0,
14.04,0,
14.05,0,
14.06,0,
14.07,0,
14.08,0,
14.09,0,
14.10,0,
14.11,0,
14.12,0,
14.13,0,
14.14,0,
14.15,0,
14.16,0,
14.17,0,
14.18,0,
14.19,0,
14.20,0,
14.21,0,
14.22,0,
14.23,0,
14.24,0,
14.25,0,
14.26,0,
14.27,0,
14.28,0,
14.29,0,
14.30,0,
14.31,0,
14.32,0,
14.33,0,
14.34,0,
14.35,0,
14.36,0,
14.37,0,
14.38,0,
14.39,0,
14.40,0,
14.41,0,
14.42,0,
14.43,0,
14.44,0,
14.45,0,
14.46,0,
14.47,0,
14.48,0,
14.49,0,
14.50,0,
14.51,0,
14.52,0,
14.53,0,
14.54,0,
14.55,0,
14.56,0,
14.57,0,
14.58,0,
14.59,0,
14.60,0,
14.61,0,
14.62,0,
14.63,0,
14.64,0,
14.65,0,
14.66,0,
14.67,0,
14.68,0,
14.69,0,
14.70,0,
14.71,0,
14.72,0,
14.73,0,
14.74,0,
14.75,0,
14.76,0,
14.77,0,
14.78,0,
14.79,0,
14.80,0,
14.81,0,
14.82,0,
14.83,0,
14.84,0,
14.85,0,
14.86,0,
14.87,0,
14.88,0,
14.89,0,
14.90,0,
14.91,0,
14.92,0,
14.93,0,
14.94,0,
14.95,0,
14.96,0,
14.97,0,
14.98,0,
14.99,0,
15.00,0,
15.01,0,
15.02,0,
15.03,0,
15.04,0,
15.05,0,
15.06,0,
15.07,0,
15.08,0,
15.09,0,
15.10,0,
15.11,0,
15.12,0,
15.13,0,
15.14,0,
15.15,0,
15.16,0,
15.17,0,
15.18,0,
15.19,0,
15.20,0,
15.21,0,
15.22,0,
15.23,0,
15.24,0,
15.25,0,
15.26,0,
15.27,0,
15.28,0,
15.29,0,
15.30,0,
15.31,0,
15.32,0,
15.33,0,
15.34,0,
15.35,0,
15.36,0,
15.37,0,
15.38,0,
15.39,0,
15.40,0,
15.41,0,
15.42,0,
15.43,0,
15.44,0,
15.45,0,
15.46,0,
15.47,0,
15.48,0,
15.49,0,
15.50,0,
15.51,0,
15.52,0,
15.53,0,
15.54,0,
15.55,0,
15.56,0,
15.57,0,
15.58,0,
15.59,0,
15.60,0,
15.61,0,
15.62,0,
15.63,0,
15.64,0,
15.65,0,
15.66,0,
15.67,0,
15.68,0,
15.69,0,
15.70,0,
15.71,0,
15.72,0,
15.73,0,
15.74,0,
15.75,0,
15.76,0,
15.77,0,
15.78,0,
15.79,0,
15.80,0,
15.81,0,
15.82,0,
15.83,0,
15.84,0,
15.85,0,
15.86,0,
15.87,0,
15.88,0,
15.89,0,
15.90,0,
15.91,0,
15.92,0,
15.93,0,
15.94,0,
15.95,0,
15.96,0,
15.97,0,
15.98,0,
15.99,0,
16.00,0,
16.01,0,
16.02,0,
16.03,0,
16.04,0,
16.05,0,
16.06,0,
16.07,0,
16.08,0,
16.09,0,
16.10,0,
16.11,0,
16.12,0,
16.13,0,
16.14,0,
16.15,0,
16.16,0,
16.17,0,
16.18,0,
16.19,0,
16.20,0,
16.21,0,
16.22,0,
16.23,0,
16.24,0,
16.25,0,
16.26,0,
16.27,0,
16.28,0,
16.29,0,
16.30,0,
16.31,0,
16.32,0,
16.33,0,
16.34,0,
16.35,0,
16.36,0,
16.37,0,
16.38,0,
16.39,0,
16.40,0,
16.41,0,
16.42,0,
16.43,0,
16.44,0,
16.45,0,
16.46,0,
16.47,0,
16.48,0,
16.49,0,
16.50,0,
16.51,0,
16.52,0,
16.53,0,
16.54,0,
16.55,0,
16.56,0,
16.57,0,
16.58,0,
16.59,0,
16.60,0,
16.61,0,
16.62,0,
16.63,0,
16.64,0,
16.65,0,
16.66,0,
16.67,0,
16.68,0,
16.69,0,
16.70,0,
16.71,0,
16.72,0,
16.73,0,
16.74,0,
16.75,0,
16.76,0,
16.77,0,
16.78,0,
16.79,0,
16.80,0,
16.81,0,
16.82,0,
16.83,0,
16.84,0,
16.85,0,
16.86,0,
16.87,0,
16.88,0,
16.89,0,
16.90,0,
16.91,0,
16.92,0,
16.93,0,
16.94,0,
16.95,0,
16.96,0,
16.97,0,
16.98,0,
16.99,0,
17.00,0,
17.01,0,
17.02,0,
17.03,0,
17.04,0,
17.05,0,
17.06,0,
17.07,0,
17.08,0,
17.09,0,
17.10,0,
17.11,0,
17.12,0,
17.13,0,
17.14,0,
17.15,0,
17.16,0,
17.17,0,
17.18,0,
17.19,0,
17.20,0,
17.21,0,
17.22,0,
17.23,0,
17.24,0,
17.25,0,
17.26,0,
17.27,0,
17.28,0,
17.29,0,
17.30,0,
17.31,0,
17.32,0,
17.33,0,
17.34,0,
17.35,0,
17.36,0,
17.37,0,
17.38,0,
17.39,0,
17.40,0,
17.41,0,
17.42,0,
17.43,0,
17.44,0,
17.45,0,
17.46,0,
17.47,0,
17.48,0,
17.49,0,
17.50,0,
17.51,0,
17.52,0,
17.53,0,
17.54,0,
17.55,0,
17.56,0,
17.57,0,
17.58,0,
17.59,0,
17.60,0,
17.61,0,
17.62,0,
17.63,0,
17.64,0,
17.65,0,
17.66,0,
17.67,0,
17.68,0,
17.69,0,
17.70,0,
17.71,0,
17.72,0,
17.73,0,
17.74,0,
17.75,0,
17.76,0,
17.77,0,
17.78,0,
17.79,0,
17.80,0,
17.81,0,
17.82,0,
17.83,0,
17.84,0,
17.85,0,
17.86,0,
17.87,0,
17.88,0,
17.89,0,
17.90,0,
17.91,0,
17.92,0,
17.93,0,
17.94,0,
17.95,0,
17.96,0,
17.97,0,
17.98,0,
17.99,0,
18.00,0,
18.01,0,
18.02,0,
18.03,0,
18.04,0,
18.05,0,
18.06,0,
18.07,0,
18.08,0,
18.09,0,
18.10,0,
18.11,0,
18.12,0,
18.13,0,
18.14,0,
18.15,0,
18.16,0,
18.17,0,
18.18,0,
18.19,0,
18.20,0,
18.21,0,
18.22,0,
18.23,0,
18.24,0,
18.25,0,
18.26,0,
18.27,0,
18.28,0,
18.29,0,
18.30,0,
18.31,0,
18.32,0,
18.33,0,
18.34,0,
18.35,0,
18.36,0,
18.37,0,
18.38,0,
18.39,0,
18.40,0,
18.41,0,
18.42,0,
18.43,0,
18.44,0,
18.45,0,
18.46,0,
18.47,0,
18.48,0,
18.49,0,
18.50,0,
18.51,1,0.069
18.52,1,0.079
18.53,1,0.083
18.54,1,0.087
18.55,1,0.087
18.56,1,0.081
18.57,1,0.069
18.58,1,0.067
18.59,1,0.074
18.60,1,0.083
18.61,1,0.080
18.62,1,0.070
18.63,1,0.059
18.64,1,0.038
18.65,1,0.030
18.66,1,0.025
18.67,1,0.026
18.68,1,0.029
18.69,1,0.033
18.70,1,0.036
18.71,1,0.037
18.72,1,0.037
18.73,1,0.037
18.74,1,0.039
18.75,1,0.038
18.76,1,0.041
18.77,1,0.037
18.78,1,0.031
18.79,1,0.026
18.80,1,0.024
18.81,1,0.023
18.82,1,0.023
18.83,1,0.028
18.84,1,0.031
18.85,1,0.031
18.86,1,0.034
18.87,1,0.038
18.88,1,0.035
18.89,1,0.037
18.90,1,0.039
18.91,1,0.037
18.92,1,0.038
18.93,1,0.048
18.94,1,0.060
18.95,1,0.086
18.96,1,0.107
18.97,1,0.096
18.98,1,0.074
18.99,1,0.052
19.00,1,0.039
19.01,1,0.030
19.02,1,0.024
19.03,1,0.022
19.04,1,0.023
19.05,1,0.028
19.06,1,0.036
19.07,1,0.052
19.08,1,0.086
19.09,1,0.213
19.10,1,0.288
19.11,1,0.189
19.12,1,0.094
19.13,1,0.053
19.14,1,0.041
19.15,1,0.038
19.16,1,0.043
19.17,1,0.042
19.18,1,0.038
19.19,1,0.036
19.20,1,0.037
19.21,1,0.039
19.22,1,0.044
19.23,1,0.056
19.24,1,0.084
19.25,1,0.152
19.26,1,0.188
19.27,1,0.197
19.28,1,0.199
19.29,1,0.067
19.30,1,0.036
19.31,1,0.031
19.32,1,0.030
19.33,1,0.031
19.34,1,0.034
19.35,1,0.040
19.36,1,0.048
19.37,1,0.058
19.38,1,0.070
19.39,1,0.089
19.40,1,0.116
19.41,1,0.248
19.42,1,0.230
19.43,1,0.160
19.44,1,0.119
19.45,1,0.103
19.46,1,0.102
19.47,1,0.077
19.48,1,0.036
19.49,1,0.028
19.50,1,0.023
19.51,1,0.024
19.52,1,0.024
19.53,1,0.025
19.54,1,0.028
19.55,1,0.033
19.56,1,0.038
19.57,1,0.047
19.58,1,0.055
19.59,1,0.061
19.60,1,0.062
19.61,1,0.057
19.62,1,0.054
19.63,1,0.054
19.64,1,0.060
19.65,1,0.068
19.66,1,0.075
19.67,1,0.079
19.68,1,0.076
19.69,1,0.072
19.70,1,0.071
19.71,1,0.067
19.72,1,0.069
19.73,1,0.075
19.74,1,0.083
19.75,1,0.103
19.76,1,0.143
19.77,1,0.187
19.78,1,0.295
19.79,1,0.348
19.80,1,0.214
19.81,1,0.099
19.82,1,0.059
19.83,1,0.044
19.84,1,0.042
19.85,1,0.042
19.86,1,0.044
19.87,1,0.049
19.88,1,0.054
19.89,1,0.055
19.90,1,0.057
19.91,1,0.062
19.92,1,0.070
19.93,1,0.088
19.94,1,0.125
19.95,1,0.195
19.96,1,0.152
19.97,1,0.085
19.98,1,0.072
19.99,1,0.067
20.00,1,0.060
20.01,1,0.056
20.02,1,0.052
20.03,1,0.055
20.04,1,0.057
20.05,1,0.067
20.06,1,0.079
20.07,1,0.075
20.08,1,0.052
20.09,1,0.035
20.10,1,0.026
20.11,1,0.024
20.12,1,0.025
20.13,1,0.027
20.14,1,0.030
20.15,1,0.025
20.16,1,0.021
20.17,1,0.019
20.18,1,0.019
20.19,1,0.020
20.20,1,0.023
20.21,1,0.026
20.22,1,0.027
20.23,1,0.027
20.24,1,0.027
20.25,1,0.030
20.26,1,0.032
20.27,1,0.034
20.28,1,0.037
20.29,1,0.039
20.30,1,0.037
20.31,1,0.037
20.32,1,0.038
20.33,1,0.037
20.34,1,0.036
20.35,1,0.035
20.36,1,0.034
20.37,1,0.033
20.38,1,0.035
20.39,1,0.038
20.40,1,0.042
20.41,1,0.048
20.42,1,0.062
20.43,1,0.087
20.44,1,0.112
20.45,1,0.146
20.46,1,0.183
20.47,1,0.201
20.48,1,0.183
20.49,1,0.139
20.50,1,0.073
20.51,1,0.044
20.52,1,0.036
20.53,1,0.031
20.54,1,0.030
20.55,1,0.035
20.56,1,0.045
20.57,1,0.053
20.58,1,0.068
20.59,1,0.088
20.60,1,0.119
20.61,1,0.168
20.62,1,0.527
20.63,1,0.834
20.64,1,0.374
20.65,1,0.191
20.66,1,0.100
20.67,1,0.059
20.68,1,0.045
20.69,1,0.044
20.70,1,0.044
20.71,1,0.047
20.72,1,0.050
20.73,1,0.050
20.74,1,0.051
20.75,1,0.052
20.76,1,0.057
20.77,1,0.064
20.78,1,0.069
20.79,1,0.074
20.80,1,0.076
20.81,1,0.075
20.82,1,0.078
20.83,1,0.074
20.84,1,0.077
20.85,1,0.074
20.86,1,0.061
20.87,1,0.049
20.88,1,0.048
20.89,1,0.050
20.90,1,0.049
20.91,1,0.049
20.92,1,0.050
20.93,1,0.046
20.94,1,0.048
20.95,1,0.051
20.96,1,0.057
20.97,1,0.057
20.98,1,0.059
20.99,1,0.062
21.00,1,0.061
21.01,1,0.065
21.02,1,0.072
21.03,1,0.082
21.04,1,0.086
21.05,1,0.092
21.06,1,0.099
21.07,1,0.098
21.08,1,0.096
21.09,1,0.103
21.10,1,0.059
21.11,1,0.061
21.12,1,0.063
21.13,1,0.061
21.14,1,0.055
21.15,1,0.042
21.16,1,0.034
21.17,1,0.031
21.18,1,0.030
21.19,1,0.034
21.20,1,0.045
21.21,1,0.056
21.22,1,0.077
21.23,1,0.120
21.24,1,0.128
21.25,1,0.180
21.26,1,0.423
21.27,1,0.517
21.28,1,0.196
21.29,1,0.112
21.30,1,0.059
21.31,1,0.047
21.32,1,0.040
21.33,1,0.039
21.34,1,0.040
21.35,1,0.045
21.36,1,0.050
21.37,1,0.054
21.38,1,0.058
21.39,1,0.060
21.40,1,0.057
21.41,1,0.054
21.42,1,0.053
21.43,1,0.061
21.44,1,0.071
21.45,1,0.076
21.46,1,0.078
21.47,1,0.070
21.48,1,0.049
21.49,1,0.043
21.50,1,0.046
21.51,1,0.052
21.52,1,0.057
21.53,1,0.061
21.54,1,0.061
21.55,1,0.057
21.56,1,0.061
21.57,1,0.064
21.58,1,0.080
21.59,1,0.102
21.60,1,0.155
21.61,1,0.154
21.62,1,0.109
21.63,1,0.059
21.64,1,0.055
21.65,1,0.056
21.66,1,0.051
21.67,1,0.047
21.68,1,0.045
21.69,1,0.041
21.70,1,0.040
21.71,1,0.048
21.72,1,0.058
21.73,1,0.069
21.74,1,0.077
21.75,1,0.081
21.76,1,0.070
21.77,1,0.059
21.78,1,0.053
21.79,1,0.047
21.80,1,0.046
21.81,1,0.045
21.82,1,0.041
21.83,1,0.041
21.84,1,0.044
21.85,1,0.046
21.86,1,0.049
21.87,1,0.053
21.88,1,0.055
21.89,1,0.054
21.90,1,0.054
21.91,1,0.057
21.92,1,0.061
21.93,1,0.066
21.94,1,0.069
21.95,1,0.065
21.96,1,0.059
21.97,1,0.052
21.98,1,0.047
21.99,1,0.041
22.00,1,0.041
22.01,1,0.046
22.02,1,0.053
22.03,1,0.058
22.04,1,0.064
22.05,1,0.076
22.06,1,0.093
22.07,1,0.113
22.08,1,0.212
22.09,1,0.389
22.10,1,0.436
22.11,1,0.470
22.12,1,0.572
22.13,1,0.403
22.14,1,0.281
22.15,1,0.048
22.16,1,0.033
22.17,1,0.029
22.18,1,0.027
22.19,1,0.038
22.20,1,0.047
22.21,1,0.053
22.22,1,0.060
22.23,1,0.067
22.24,1,0.060
22.25,1,0.057
22.26,1,0.057
22.27,1,0.061
22.28,1,0.065
22.29,1,0.068
22.30,1,0.069
22.31,1,0.075
22.32,1,0.080
22.33,1,0.079
22.34,1,0.088
22.35,1,0.097
22.36,1,0.095
22.37,1,0.094
22.38,1,0.100
22.39,1,0.099
22.40,1,0.101
22.41,1,0.144
22.42,1,0.452
22.43,1,0.477
22.44,1,0.477
22.45,1,0.402
22.46,1,0.128
22.47,1,0.075
22.48,1,0.053
22.49,1,0.046
22.50,1,0.047
22.51,1,0.055
22.52,1,0.057
22.53,1,0.063
22.54,1,0.072
22.55,1,0.079
22.56,1,0.096
22.57,1,0.121
22.58,1,0.173
22.59,1,0.379
22.60,1,0.709
22.61,1,0.890
22.62,1,0.750
22.63,1,0.399
22.64,1,0.196
22.65,1,0.085
22.66,1,0.065
22.67,1,0.057
22.68,1,0.057
22.69,1,0.059
22.70,1,0.059
22.71,1,0.060
22.72,1,0.057
22.73,1,0.050
22.74,1,0.044
22.75,1,0.046
22.76,1,0.047
22.77,1,0.059
22.78,1,0.104
22.79,1,0.224
22.80,1,0.429
22.81,1,0.145
22.82,1,0.074
22.83,1,0.060
22.84,1,0.051
22.85,1,0.044
22.86,1,0.049
22.87,1,0.054
22.88,1,0.060
22.89,1,0.075
22.90,1,0.094
22.91,1,0.104
22.92,1,0.115
22.93,1,0.125
22.94,1,0.115
22.95,1,0.098
22.96,1,0.082
22.97,1,0.070
22.98,1,0.052
22.99,1,0.045
23.00,1,0.040
23.01,1,0.038
23.02,1,0.047
23.03,1,0.058
23.04,1,0.065
23.05,1,0.069
23.06,1,0.074
23.07,1,0.075
23.08,1,0.076
23.09,1,0.085
23.10,1,0.127
23.11,1,0.167
23.12,1,0.243
23.13,1,0.473
23.14,1,0.510
23.15,1,0.364
23.16,1,0.113
23.17,1,0.040
23.18,1,0.036
23.19,1,0.049
23.20,1,0.066
23.21,1,0.086
23.22,1,0.104
23.23,1,0.118
23.24,1,0.129
23.25,1,0.095
23.26,1,0.057
23.27,1,0.055
23.28,1,0.060
23.29,1,0.066
23.30,1,0.062
23.31,1,0.063
23.32,1,0.061
23.33,1,0.059
23.34,1,0.063
23.35,1,0.072
23.36,1,0.079
23.37,1,0.108
23.38,1,0.145
23.39,1,0.258
23.40,1,0.761
23.41,1,0.984
23.42,1,1.131
23.43,1,1.251
23.44,1,0.830
23.45,1,0.470
23.46,1,0.095
23.47,1,0.044
23.48,1,0.040
23.49,1,0.035
23.50,1,0.037
23.51,1,0.044
23.52,1,0.052
23.53,1,0.061
23.54,1,0.065
23.55,1,0.066
23.56,1,0.067
23.57,1,0.068
23.58,1,0.065
23.59,1,0.065
23.60,1,0.070
23.61,1,0.072
23.62,1,0.083
23.63,1,0.097
23.64,1,0.111
23.65,1,0.132
23.66,1,0.156
23.67,1,0.154
23.68,1,0.147
23.69,1,0.147
23.70,1,0.139
23.71,1,0.136
23.72,1,0.136
23.73,1,0.121
23.74,1,0.105
23.75,1,0.092
23.76,1,0.081
23.77,1,0.099
23.78,1,0.051
23.79,1,0.037
23.80,1,0.039
23.81,1,0.040
23.82,1,0.037
23.83,1,0.042
23.84,1,0.051
23.85,1,0.058
23.86,1,0.074
23.87,1,0.099
23.88,1,0.144
23.89,1,0.204
23.90,1,0.345
23.91,1,0.559
23.92,1,0.767
23.93,1,1.037
23.94,1,1.105
23.95,1,0.996
23.96,1,0.701
23.97,1,0.159
23.98,1,0.075
23.99,1,0.056
24.00,1,0.049
24.01,1,0.045
24.02,1,0.048
24.03,1,0.053
24.04,1,0.061
24.05,1,0.072
24.06,1,0.080
24.07,1,0.081
24.08,1,0.087
24.09,1,0.090
24.10,1,0.097
24.11,1,0.113
24.12,1,0.144
24.13,1,0.162
24.14,1,0.123
24.15,1,0.074
24.16,1,0.055
24.17,1,0.048
24.18,1,0.050
24.19,1,0.054
24.20,1,0.059
24.21,1,0.070
24.22,1,0.085
24.23,1,0.087
24.24,1,0.079
24.25,1,0.072
24.26,1,0.065
24.27,1,0.060
24.28,1,0.063
24.29,1,0.070
24.30,1,0.050
24.31,1,0.050
24.32,1,0.038
24.33,1,0.031
24.34,1,0.027
24.35,1,0.028
24.36,1,0.032
24.37,1,0.035
24.38,1,0.044
24.39,1,0.055
24.40,1,0.058
24.41,1,0.060
24.42,1,0.065
24.43,1,0.066
24.44,1,0.072
24.45,1,0.075
24.46,1,0.074
24.47,1,0.070
24.48,1,0.064
24.49,1,0.060
24.50,1,0.055
24.51,1,0.055
24.52,1,0.055
24.53,1,0.059
24.54,1,0.072
24.55,1,0.094
24.56,1,0.123
24.57,1,0.131
24.58,1,0.086
24.59,1,0.066
24.60,1,0.056
24.61,1,0.051
24.62,1,0.052
24.63,1,0.055
24.64,1,0.056
24.65,1,0.058
24.66,1,0.061
24.67,1,0.070
24.68,1,0.080
24.69,1,0.086
24.70,1,0.091
24.71,1,0.106
24.72,1,0.114
24.73,1,0.125
24.74,1,0.200
24.75,1,0.333
24.76,1,0.195
24.77,1,0.169
24.78,1,0.146
24.79,1,0.130
24.80,1,0.090
24.81,1,0.038
24.82,1,0.027
24.83,1,0.021
24.84,1,0.021
24.85,1,0.020
24.86,1,0.025
24.87,1,0.027
24.88,1,0.032
24.89,1,0.035
24.90,1,0.039
24.91,1,0.043
24.92,1,0.048
24.93,1,0.051
24.94,1,0.058
24.95,1,0.058
24.96,1,0.059
24.97,1,0.065
24.98,1,0.070
24.99,1,0.078
25.00,1,0.092
25.01,1,0.120
25.02,1,0.167
25.03,1,0.225
25.04,1,0.282
25.05,1,0.451
25.06,1,0.551
25.07,1,0.625
25.08,1,0.649
25.09,1,0.543
25.10,1,0.181
25.11,1,0.110
25.12,1,0.059
25.13,1,0.041
25.14,1,0.040
25.15,1,0.038
25.16,1,0.035
25.17,1,0.036
25.18,1,0.041
25.19,1,0.044
25.20,1,0.049
25.21,1,0.048
25.22,1,0.044
25.23,1,0.039
25.24,1,0.033
25.25,1,0.032
25.26,1,0.063
25.27,1,0.094
25.28,1,0.112
25.29,1,0.148
25.30,1,0.205
25.31,1,0.120
25.32,1,0.073
25.33,1,0.073
25.34,1,0.075
25.35,1,0.079
25.36,1,0.082
25.37,1,0.078
25.38,1,0.072
25.39,1,0.062
25.40,1,0.051
25.41,1,0.058
25.42,1,0.064
25.43,1,0.065
25.44,1,0.082
25.45,1,0.102
25.46,1,0.099
25.47,1,0.089
25.48,1,0.087
25.49,1,0.071
25.50,1,0.069
25.51,1,0.077
25.52,1,0.084
25.53,1,0.091
25.54,1,0.108
25.55,1,0.131
25.56,1,0.181
25.57,1,0.323
25.58,1,0.572
25.59,1,0.958
25.60,1,1.181
25.61,1,1.131
25.62,1,1.062
25.63,1,0.375
25.64,1,0.107
25.65,1,0.066
25.66,1,0.049
25.67,1,0.046
25.68,1,0.042
25.69,1,0.041
25.70,1,0.042
25.71,1,0.038
25.72,1,0.037
25.73,1,0.037
25.74,1,0.040
25.75,1,0.047
25.76,1,0.051
25.77,1,0.055
25.78,1,0.057
25.79,1,0.055
25.80,1,0.053
25.81,1,0.051
25.82,1,0.049
25.83,1,0.048
25.84,1,0.047
25.85,1,0.047
25.86,1,0.048
25.87,1,0.050
25.88,1,0.051
25.89,1,0.051
25.90,1,0.053
25.91,1,0.060
25.92,1,0.065
25.93,1,0.067
25.94,1,0.067
25.95,1,0.069
25.96,1,0.062
25.97,1,0.056
25.98,1,0.053
25.99,1,0.051
26.00,1,0.054
26.01,1,0.058
26.02,1,0.065
26.03,1,0.073
26.04,1,0.083
26.05,1,0.102
26.06,1,0.146
26.07,1,0.273
26.08,1,0.535
26.09,1,0.843
26.10,1,0.872
26.11,1,0.818
26.12,1,0.707
26.13,1,0.505
26.14,1,0.231
26.15,1,0.051
26.16,1,0.031
26.17,1,0.020
26.18,1,0.019
26.19,1,0.028
26.20,1,0.035
26.21,1,0.041
26.22,1,0.054
26.23,1,0.067
26.24,1,0.061
26.25,1,0.053
26.26,1,0.052
26.27,1,0.047
26.28,1,0.044
26.29,1,0.050
26.30,1,0.057
26.31,1,0.064
26.32,1,0.076
26.33,1,0.083
26.34,1,0.089
26.35,1,0.088
26.36,1,0.082
26.37,1,0.072
26.38,1,0.070
26.39,1,0.082
26.40,1,0.093
26.41,1,0.106
26.42,1,0.118
26.43,1,0.119
26.44,1,0.130
26.45,1,0.139
26.46,1,0.149
26.47,1,0.161
26.48,1,0.114
26.49,1,0.073
26.50,1,0.058
26.51,1,0.061
26.52,1,0.070
26.53,1,0.084
26.54,1,0.124
26.55,1,0.197
26.56,1,0.225
26.57,1,0.325
26.58,1,0.423
26.59,1,0.495
26.60,1,0.445
26.61,1,0.064
26.62,1,0.052
26.63,1,0.050
26.64,1,0.050
26.65,1,0.040
26.66,1,0.042
26.67,1,0.046
26.68,1,0.048
26.69,1,0.054
26.70,1,0.064
26.71,1,0.071
26.72,1,0.076
26.73,1,0.086
26.74,1,0.093
26.75,1,0.094
26.76,1,0.104
26.77,1,0.110
26.78,1,0.119
26.79,1,0.134
26.80,1,0.155
26.81,1,0.121
26.82,1,0.087
26.83,1,0.060
26.84,1,0.049
26.85,1,0.044
26.86,1,0.042
26.87,1,0.045
26.88,1,0.055
26.89,1,0.066
26.90,1,0.093
26.91,1,0.116
26.92,1,0.124
26.93,1,0.128
26.94,1,0.120
26.95,1,0.099
26.96,1,0.080
26.97,1,0.066
26.98,1,0.058
26.99,1,0.058
27.00,1,0.060
27.01,1,0.070
27.02,1,0.082
27.03,1,0.103
27.04,1,0.151
27.05,1,0.208
27.06,1,0.267
27.07,1,0.471
27.08,1,0.526
27.09,1,0.425
27.10,1,0.230
27.11,1,0.128
27.12,1,0.075
27.13,1,0.070
27.14,1,0.074
27.15,1,0.073
27.16,1,0.073
27.17,1,0.098
27.18,1,0.120
27.19,1,0.113
27.20,1,0.064
27.21,1,0.040
27.22,1,0.036
27.23,1,0.035
27.24,1,0.034
27.25,1,0.049
27.26,1,0.087
27.27,1,0.164
27.28,1,0.154
27.29,1,0.154
27.30,1,0.136
27.31,1,0.120
27.32,1,0.103
27.33,1,0.103
27.34,1,0.107
27.35,1,0.101
27.36,1,0.107
27.37,1,0.112
27.38,1,0.104
27.39,1,0.096
27.40,1,0.088
27.41,1,0.088
27.42,1,0.084
27.43,1,0.089
27.44,1,0.102
27.45,1,0.147
27.46,1,0.146
27.47,1,0.119
27.48,1,0.118
27.49,1,0.115
27.50,1,0.111
27.51,1,0.105
27.52,1,0.101
27.53,1,0.091
27.54,1,0.100
27.55,1,0.102
27.56,1,0.126
27.57,1,0.175
27.58,1,0.487
27.59,1,0.562
27.60,1,0.628
27.61,1,0.719
27.62,1,0.656
27.63,1,0.187
27.64,1,0.136
27.65,1,0.126
27.66,1,0.115
27.67,1,0.106
27.68,1,0.105
27.69,1,0.106
27.70,1,0.108
27.71,1,0.110
27.72,1,0.122
27.73,1,0.134
27.74,1,0.138
27.75,1,0.144
27.76,1,0.159
27.77,1,0.166
27.78,1,0.164
27.79,1,0.145
27.80,1,0.123
27.81,1,0.113
27.82,1,0.110
27.83,1,0.113
27.84,1,0.128
27.85,1,0.144
27.86,1,0.166
27.87,1,0.187
27.88,1,0.206
27.89,1,0.202
27.90,1,0.188
27.91,1,0.169
27.92,1,0.149
27.93,1,0.132
27.94,1,0.123
27.95,1,0.122
27.96,1,0.121
27.97,1,0.139
27.98,1,0.173
27.99,1,0.200
28.00,1,0.238
28.01,1,0.356
28.02,1,0.496
28.03,1,0.654
28.04,1,1.304
28.05,1,1.700
28.06,1,1.812
28.07,1,1.364
28.08,1,1.195
28.09,1,0.630
28.10,1,0.122
28.11,1,0.123
28.12,1,0.090
28.13,1,0.075
28.14,1,0.094
28.15,1,0.075
28.16,1,0.080
28.17,1,0.088
28.18,1,0.109
28.19,1,0.129
28.20,1,0.148
28.21,1,0.158
28.22,1,0.165
28.23,1,0.162
28.24,1,0.150
28.25,1,0.143
28.26,1,0.141
28.27,1,0.152
28.28,1,0.150
28.29,1,0.166
28.30,1,0.177
28.31,1,0.193
28.32,1,0.197
28.33,1,0.201
28.34,1,0.196
28.35,1,0.191
28.36,1,0.188
28.37,1,0.189
28.38,1,0.164
28.39,1,0.156
28.40,1,0.139
28.41,1,0.126
28.42,1,0.123
28.43,1,0.121
28.44,1,0.118
28.45,1,0.126
28.46,1,0.125
28.47,1,0.129
28.48,1,0.125
28.49,1,0.121
28.50,1,0.116
28.51,1,0.122
28.52,1,0.139
28.53,1,0.141
28.54,1,0.155
28.55,1,0.155
28.56,1,0.157
28.57,1,0.155
28.58,1,0.174
28.59,1,0.162
28.60,1,0.163
28.61,1,0.160
28.62,1,0.167
28.63,1,0.165
28.64,1,0.160
28.65,1,0.138
28.66,1,0.138
28.67,1,0.137
28.68,1,0.131
28.69,1,0.126
28.70,1,0.118
28.71,1,0.111
28.72,1,0.121
28.73,1,0.132
28.74,1,0.137
28.75,1,0.131
28.76,1,0.124
28.77,1,0.103
28.78,1,0.097
28.79,1,0.106
28.80,1,0.111
28.81,1,0.109
28.82,1,0.096
28.83,1,0.087
28.84,1,0.083
28.85,1,0.089
28.86,1,0.094
28.87,1,0.106
28.88,1,0.114
28.89,1,0.129
28.90,1,0.134
28.91,1,0.152
28.92,1,0.160
28.93,1,0.158
28.94,1,0.150
28.95,1,0.143
28.96,1,0.133
28.97,1,0.140
28.98,1,0.145
28.99,1,0.157
29.00,1,0.186
29.01,1,0.183
29.02,1,0.184
29.03,1,0.200
29.04,1,0.208
29.05,1,0.201
29.06,1,0.188
29.07,1,0.159
29.08,1,0.140
29.09,1,0.114
29.10,1,0.109
29.11,1,0.120
29.12,1,0.133
29.13,1,0.144
29.14,1,0.126
29.15,1,0.096
29.16,1,0.071
29.17,1,0.056
29.18,1,0.046
29.19,1,0.041
29.20,1,0.042
29.21,1,0.041
29.22,1,0.036
29.23,1,0.032
29.24,1,0.031
29.25,1,0.035
29.26,1,0.049
29.27,1,0.062
29.28,1,0.070
29.29,1,0.073
29.30,1,0.067
29.31,1,0.059
29.32,1,0.055
29.33,1,0.053
29.34,1,0.052
29.35,1,0.055
29.36,1,0.055
29.37,1,0.057
29.38,1,0.054
29.39,1,0.053
29.40,1,0.054
29.41,1,0.062
29.42,1,0.066
29.43,1,0.069
29.44,1,0.071
29.45,1,0.075
29.46,1,0.073
29.47,1,0.082
29.48,1,0.118
29.49,1,0.096
29.50,1,0.073
29.51,1,0.060
29.52,1,0.062
29.53,1,0.057
29.54,1,0.058
29.55,1,0.057
29.56,1,0.058
29.57,1,0.059
29.58,1,0.062
29.59,1,0.065
29.60,1,0.069
29.61,1,0.065
29.62,1,0.056
29.63,1,0.051
29.64,1,0.038
29.65,1,0.030
29.66,1,0.023
29.67,1,0.032
29.68,1,0.054
29.69,1,0.072
29.70,1,0.092
29.71,1,0.106
29.72,1,0.103
29.73,1,0.088
29.74,1,0.073
29.75,1,0.060
29.76,1,0.055
29.77,1,0.052
29.78,1,0.047
29.79,1,0.041
29.80,1,0.035
29.81,1,0.033
29.82,1,0.038
29.83,1,0.044
29.84,1,0.051
29.85,1,0.054
29.86,1,0.050
29.87,1,0.045
29.88,1,0.038
29.89,1,0.031
29.90,1,0.036
29.91,1,0.043
29.92,1,0.042
29.93,1,0.046
29.94,1,0.048
29.95,1,0.053
29.96,1,0.062
29.97,1,0.085
29.98,1,0.061
29.99,1,0.043
30.00,1,0.039
30.01,1,0.039
30.02,1,0.041
30.03,1,0.051
30.04,1,0.056
30.05,1,0.061
30.06,1,0.063
30.07,1,0.072
30.08,1,0.081
30.09,1,0.095
30.10,1,0.120
30.11,1,0.219
30.12,1,0.422
30.13,1,0.359
30.14,1,0.130
30.15,1,0.072
30.16,1,0.066
30.17,1,0.058
30.18,1,0.051
30.19,1,0.050
30.20,1,0.048
30.21,1,0.050
30.22,1,0.054
30.23,1,0.059
30.24,1,0.065
30.25,1,0.068
30.26,1,0.067
30.27,1,0.060
30.28,1,0.051
30.29,1,0.043
30.30,1,0.037
30.31,1,0.035
30.32,1,0.037
30.33,1,0.037
30.34,1,0.039
30.35,1,0.043
30.36,1,0.051
30.37,1,0.057
30.38,1,0.066
30.39,1,0.075
30.40,1,0.079
30.41,1,0.082
30.42,1,0.080
30.43,1,0.072
30.44,1,0.065
30.45,1,0.059
30.46,1,0.052
30.47,1,0.052
30.48,1,0.053
30.49,1,0.053
30.50,1,0.049
30.51,1,0.046
30.52,1,0.047
30.53,1,0.046
30.54,1,0.048
30.55,1,0.055
30.56,1,0.063
30.57,1,0.075
30.58,1,0.081
30.59,1,0.085
30.60,1,0.089
30.61,1,0.091
30.62,1,0.092
30.63,1,0.099
30.64,1,0.115
30.65,1,0.121
30.66,1,0.120
30.67,1,0.100
30.68,1,0.088
30.69,1,0.083
30.70,1,0.079
30.71,1,0.077
30.72,1,0.081
30.73,1,0.080
30.74,1,0.079
30.75,1,0.084
30.76,1,0.091
30.77,1,0.099
30.78,1,0.099
30.79,1,0.088
30.80,1,0.077
30.81,1,0.063
30.82,1,0.056
30.83,1,0.057
30.84,1,0.056
30.85,1,0.054
30.86,1,0.054
30.87,1,0.051
30.88,1,0.050
30.89,1,0.048
30.90,1,0.046
30.91,1,0.044
30.92,1,0.046
30.93,1,0.055
30.94,1,0.067
30.95,1,0.079
30.96,1,0.090
30.97,1,0.100
30.98,1,0.104
30.99,1,0.109
31.00,1,0.104
31.01,1,0.092
31.02,1,0.069
31.03,1,0.052
31.04,1,0.043
31.05,1,0.037
31.06,1,0.041
31.07,1,0.050
31.08,1,0.054
31.09,1,0.056
31.10,1,0.058
31.11,1,0.053
31.12,1,0.043
31.13,1,0.044
31.14,1,0.045
31.15,1,0.042
31.16,1,0.039
31.17,1,0.039
31.18,1,0.044
31.19,1,0.055
31.20,1,0.065
31.21,1,0.082
31.22,1,0.098
31.23,1,0.099
31.24,1,0.095
31.25,1,0.088
31.26,1,0.079
31.27,1,0.079
31.28,1,0.096
31.29,1,0.115
31.30,1,0.101
31.31,1,0.078
31.32,1,0.063
31.33,1,0.047
31.34,1,0.045
31.35,1,0.056
31.36,1,0.068
31.37,1,0.078
31.38,1,0.084
31.39,1,0.093
31.40,1,0.105
31.41,1,0.117
31.42,1,0.131
31.43,1,0.152
31.44,1,0.159
31.45,1,0.147
31.46,1,0.135
31.47,1,0.119
31.48,1,0.085
31.49,1,0.064
31.50,1,0.058
31.51,1,0.054
31.52,1,0.044
31.53,1,0.038
31.54,1,0.036
31.55,1,0.035
31.56,1,0.035
31.57,1,0.035
31.58,1,0.034
31.59,1,0.035
31.60,1,0.038
31.61,1,0.040
31.62,1,0.047
31.63,1,0.056
31.64,1,0.061
31.65,1,0.060
31.66,1,0.059
31.67,1,0.060
31.68,1,0.058
31.69,1,0.060
31.70,1,0.075
31.71,1,0.096
31.72,1,0.153
31.73,1,0.238
31.74,1,0.270
31.75,1,0.234
31.76,1,0.254
31.77,1,0.322
31.78,1,0.371
31.79,1,0.395
31.80,1,0.170
31.81,1,0.134
31.82,1,0.121
31.83,1,0.113
31.84,1,0.106
31.85,1,0.096
31.86,1,0.090
31.87,1,0.090
31.88,1,0.094
31.89,1,0.106
31.90,1,0.152
31.91,1,0.258
31.92,1,0.336
31.93,1,0.463
31.94,1,0.122
31.95,1,0.071
31.96,1,0.079
31.97,1,0.073
31.98,1,0.063
31.99,1,0.057
32.00,1,0.050
32.01,1,0.046
32.02,1,0.042
32.03,1,0.041
32.04,1,0.043
32.05,1,0.054
32.06,1,0.061
32.07,1,0.068
32.08,1,0.072
32.09,1,0.082
32.10,1,0.087
32.11,1,0.094
32.12,1,0.110
32.13,1,0.113
32.14,1,0.075
32.15,1,0.049
32.16,1,0.046
32.17,1,0.042
32.18,1,0.045
32.19,1,0.051
32.20,1,0.059
32.21,1,0.060
32.22,1,0.061
32.23,1,0.065
32.24,1,0.067
32.25,1,0.084
32.26,1,0.117
32.27,1,0.161
32.28,1,0.202
32.29,1,0.327
32.30,1,0.183
32.31,1,0.104
32.32,1,0.090
32.33,1,0.083
32.34,1,0.076
32.35,1,0.076
32.36,1,0.072
32.37,1,0.070
32.38,1,0.074
32.39,1,0.078
32.40,1,0.091
32.41,1,0.152
32.42,1,0.328
32.43,1,0.390
32.44,1,0.436
32.45,1,0.197
32.46,1,0.145
32.47,1,0.143
32.48,1,0.085
32.49,1,0.056
32.50,1,0.048
32.51,1,0.043
32.52,1,0.038
32.53,1,0.036
32.54,1,0.035
32.55,1,0.035
32.56,1,0.034
32.57,1,0.035
32.58,1,0.037
32.59,1,0.042
32.60,1,0.052
32.61,1,0.068
32.62,1,0.071
32.63,1,0.067
32.64,1,0.068
32.65,1,0.065
32.66,1,0.066
32.67,1,0.090
32.68,1,0.106
32.69,1,0.113
32.70,1,0.143
32.71,1,0.184
32.72,1,0.182
32.73,1,0.125
32.74,1,0.082
32.75,1,0.056
32.76,1,0.041
32.77,1,0.038
32.78,1,0.036
32.79,1,0.033
32.80,1,0.038
32.81,1,0.046
32.82,1,0.055
32.83,1,0.059
32.84,1,0.055
32.85,1,0.047
32.86,1,0.039
32.87,1,0.042
32.88,1,0.044
32.89,1,0.044
32.90,1,0.042
32.91,1,0.044
32.92,1,0.040
32.93,1,0.038
32.94,1,0.037
32.95,1,0.038
32.96,1,0.036
32.97,1,0.038
32.98,1,0.037
32.99,1,0.035
33.00,1,0.033
33.01,1,0.031
33.02,1,0.035
33.03,1,0.041
33.04,1,0.049
33.05,1,0.058
33.06,1,0.076
33.07,1,0.098
33.08,1,0.138
33.09,1,0.257
33.10,1,0.488
33.11,1,0.495
33.12,1,0.501
33.13,1,0.356
33.14,1,0.277
33.15,1,0.143
33.16,1,0.045
33.17,1,0.041
33.18,1,0.036
33.19,1,0.038
33.20,1,0.039
33.21,1,0.041
33.22,1,0.043
33.23,1,0.047
33.24,1,0.050
33.25,1,0.060
33.26,1,0.073
33.27,1,0.097
33.28,1,0.125
33.29,1,0.141
33.30,1,0.128
33.31,1,0.092
33.32,1,0.070
33.33,1,0.051
33.34,1,0.034
33.35,1,0.029
33.36,1,0.028
33.37,1,0.030
33.38,1,0.032
33.39,1,0.033
33.40,1,0.036
33.41,1,0.036
33.42,1,0.037
33.43,1,0.047
33.44,1,0.068
33.45,1,0.088
33.46,1,0.129
33.47,1,0.108
33.48,1,0.081
33.49,1,0.064
33.50,1,0.060
33.51,1,0.059
33.52,1,0.066
33.53,1,0.059
33.54,1,0.052
33.55,1,0.050
33.56,1,0.052
33.57,1,0.055
33.58,1,0.063
33.59,1,0.073
33.60,1,0.084
33.61,1,0.088
33.62,1,0.095
33.63,1,0.098
33.64,1,0.098
33.65,1,0.095
33.66,1,0.091
33.67,1,0.090
33.68,1,0.101
33.69,1,0.112
33.70,1,0.122
33.71,1,0.130
33.72,1,0.130
33.73,1,0.114
33.74,1,0.101
33.75,1,0.089
33.76,1,0.085
33.77,1,0.087
33.78,1,0.104
33.79,1,0.135
33.80,1,0.174
33.81,1,0.132
33.82,1,0.078
33.83,1,0.058
33.84,1,0.053
33.85,1,0.055
33.86,1,0.062
33.87,1,0.065
33.88,1,0.061
33.89,1,0.056
33.90,1,0.050
33.91,1,0.046
33.92,1,0.043
33.93,1,0.043
33.94,1,0.046
33.95,1,0.046
33.96,1,0.049
33.97,1,0.054
33.98,1,0.055
33.99,1,0.057
34.00,1,0.060
34.01,1,0.060
34.02,1,0.063
34.03,1,0.064
34.04,1,0.065
34.05,1,0.064
34.06,1,0.064
34.07,1,0.065
34.08,1,0.069
34.09,1,0.080
34.10,1,0.092
34.11,1,0.095
34.12,1,0.095
34.13,1,0.091
34.14,1,0.075
34.15,1,0.062
34.16,1,0.055
34.17,1,0.049
34.18,1,0.044
34.19,1,0.045
34.20,1,0.046
34.21,1,0.051
34.22,1,0.058
34.23,1,0.068
34.24,1,0.077
34.25,1,0.084
34.26,1,0.088
34.27,1,0.088
34.28,1,0.088
34.29,1,0.081
34.30,1,0.076
34.31,1,0.074
34.32,1,0.072
34.33,1,0.073
34.34,1,0.082
34.35,1,0.088
34.36,1,0.107
34.37,1,0.168
34.38,1,0.236
34.39,1,0.525
34.40,1,0.791
34.41,1,0.956
34.42,1,1.127
34.43,1,0.959
34.44,1,0.761
34.45,1,0.634
34.46,1,0.483
34.47,1,0.263
34.48,1,0.061
34.49,1,0.052
34.50,1,0.042
34.51,1,0.032
34.52,1,0.030
34.53,1,0.032
34.54,1,0.032
34.55,1,0.034
34.56,1,0.041
34.57,1,0.044
34.58,1,0.048
34.59,1,0.048
34.60,1,0.049
34.61,1,0.046
34.62,1,0.049
34.63,1,0.049
34.64,1,0.056
34.65,1,0.065
34.66,1,0.064
34.67,1,0.067
34.68,1,0.062
34.69,1,0.053
34.70,1,0.049
34.71,1,0.050
34.72,1,0.051
34.73,1,0.054
34.74,1,0.064
34.75,1,0.072
34.76,1,0.089
34.77,1,0.099
34.78,1,0.107
34.79,1,0.117
34.80,1,0.120
34.81,1,0.111
34.82,1,0.111
34.83,1,0.095
34.84,1,0.078
34.85,1,0.064
34.86,1,0.059
34.87,1,0.056
34.88,1,0.053
34.89,1,0.052
34.90,1,0.049
34.91,1,0.040
34.92,1,0.037
34.93,1,0.037
34.94,1,0.045
34.95,1,0.056
34.96,1,0.079
34.97,1,0.119
34.98,1,0.144
34.99,1,0.069
35.00,1,0.054
35.01,1,0.044
35.02,1,0.042
35.03,1,0.043
35.04,1,0.051
35.05,1,0.057
35.06,1,0.064
35.07,1,0.066
35.08,1,0.068
35.09,1,0.072
35.10,1,0.064
35.11,1,0.061
35.12,1,0.064
35.13,1,0.065
35.14,1,0.061
35.15,1,0.060
35.16,1,0.056
35.17,1,0.048
35.18,1,0.046
35.19,1,0.049
35.20,1,0.054
35.21,1,0.063
35.22,1,0.069
35.23,1,0.072
35.24,1,0.076
35.25,1,0.076
35.26,1,0.076
35.27,1,0.079
35.28,1,0.086
35.29,1,0.086
35.30,1,0.092
35.31,1,0.089
35.32,1,0.083
35.33,1,0.073
35.34,1,0.063
35.35,1,0.053
35.36,1,0.052
35.37,1,0.055
35.38,1,0.060
35.39,1,0.073
35.40,1,0.102
35.41,1,0.236
35.42,1,0.455
35.43,1,0.551
35.44,1,0.602
35.45,1,0.522
35.46,1,0.327
35.47,1,0.187
35.48,1,0.073
35.49,1,0.036
35.50,1,0.032
35.51,1,0.034
35.52,1,0.035
35.53,1,0.044
35.54,1,0.056
35.55,1,0.065
35.56,1,0.068
35.57,1,0.062
35.58,1,0.059
35.59,1,0.051
35.60,1,0.050
35.61,1,0.053
35.62,1,0.051
35.63,1,0.048
35.64,1,0.056
35.65,1,0.056
35.66,1,0.060
35.67,1,0.063
35.68,1,0.074
35.69,1,0.087
35.70,1,0.096
35.71,1,0.103
35.72,1,0.107
35.73,1,0.099
35.74,1,0.093
35.75,1,0.084
35.76,1,0.079
35.77,1,0.084
35.78,1,0.069
35.79,1,0.055
35.80,1,0.048
35.81,1,0.044
35.82,1,0.047
35.83,1,0.051
35.84,1,0.052
35.85,1,0.055
35.86,1,0.063
35.87,1,0.056
35.88,1,0.068
35.89,1,0.144
35.90,1,0.259
35.91,1,0.397
35.92,1,0.171
35.93,1,0.089
35.94,1,0.049
35.95,1,0.041
35.96,1,0.041
35.97,1,0.046
35.98,1,0.051
35.99,1,0.045
36.00,1,0.035
36.01,1,0.033
36.02,1,0.031
36.03,1,0.032
36.04,1,0.038
36.05,1,0.043
36.06,1,0.049
36.07,1,0.057
36.08,1,0.068
36.09,1,0.081
36.10,1,0.104
36.11,1,0.154
36.12,1,0.201
36.13,1,0.092
36.14,1,0.046
36.15,1,0.052
36.16,1,0.050
36.17,1,0.047
36.18,1,0.053
36.19,1,0.059
36.20,1,0.054
36.21,1,0.060
36.22,1,0.061
36.23,1,0.057
36.24,1,0.056
36.25,1,0.048
36.26,1,0.045
36.27,1,0.046
36.28,1,0.053
36.29,1,0.056
36.30,1,0.056
36.31,1,0.053
36.32,1,0.058
36.33,1,0.058
36.34,1,0.057
36.35,1,0.056
36.36,1,0.056
36.37,1,0.050
36.38,1,0.047
36.39,1,0.046
36.40,1,0.048
36.41,1,0.051
36.42,1,0.052
36.43,1,0.060
36.44,1,0.077
36.45,1,0.088
36.46,1,0.114
36.47,1,0.180
36.48,1,0.351
36.49,1,0.316
36.50,1,0.279
36.51,1,0.367
36.52,1,0.357
36.53,1,0.257
36.54,1,0.117
36.55,1,0.081
36.56,1,0.063
36.57,1,0.048
36.58,1,0.045
36.59,1,0.045
36.60,1,0.043
36.61,1,0.052
36.62,1,0.064
36.63,1,0.070
36.64,1,0.070
36.65,1,0.066
36.66,1,0.059
36.67,1,0.054
36.68,1,0.054
36.69,1,0.058
36.70,1,0.060
36.71,1,0.059
36.72,1,0.060
36.73,1,0.061
36.74,1,0.069
36.75,1,0.075
36.76,1,0.081
36.77,1,0.083
36.78,1,0.073
36.79,1,0.064
36.80,1,0.053
36.81,1,0.040
36.82,1,0.038
36.83,1,0.040
36.84,1,0.041
36.85,1,0.039
36.86,1,0.036
36.87,1,0.037
36.88,1,0.037
36.89,1,0.043
36.90,1,0.053
36.91,1,0.057
36.92,1,0.058
36.93,1,0.055
36.94,1,0.057
36.95,1,0.060
36.96,1,0.064
36.97,1,0.068
36.98,1,0.070
36.99,1,0.065
37.00,1,0.063
37.01,1,0.063
37.02,1,0.068
37.03,1,0.083
37.04,1,0.094
37.05,1,0.104
37.06,1,0.128
37.07,1,0.218
37.08,1,0.238
37.09,1,0.310
37.10,1,0.134
37.11,1,0.053
37.12,1,0.051
37.13,1,0.048
37.14,1,0.036
37.15,1,0.032
37.16,1,0.031
37.17,1,0.031
37.18,1,0.033
37.19,1,0.036
37.20,1,0.040
37.21,1,0.041
37.22,1,0.041
37.23,1,0.047
37.24,1,0.051
37.25,1,0.053
37.26,1,0.053
37.27,1,0.054
37.28,1,0.049
37.29,1,0.045
37.30,1,0.045
37.31,1,0.047
37.32,1,0.048
37.33,1,0.048
37.34,1,0.051
37.35,1,0.052
37.36,1,0.053
37.37,1,0.056
37.38,1,0.060
37.39,1,0.067
37.40,1,0.073
37.41,1,0.085
37.42,1,0.098
37.43,1,0.123
37.44,1,0.154
37.45,1,0.289
37.46,1,0.376
37.47,1,0.201
37.48,1,0.038
37.49,1,0.029
37.50,1,0.028
37.51,1,0.030
37.52,1,0.029
37.53,1,0.032
37.54,1,0.033
37.55,1,0.035
37.56,1,0.035
37.57,1,0.037
37.58,1,0.042
37.59,1,0.047
37.60,1,0.054
37.61,1,0.061
37.62,1,0.083
37.63,1,0.103
37.64,1,0.113
37.65,1,0.113
37.66,1,0.105
37.67,1,0.087
37.68,1,0.073
37.69,1,0.069
37.70,1,0.074
37.71,1,0.083
37.72,1,0.093
37.73,1,0.116
37.74,1,0.122
37.75,1,0.179
37.76,1,0.221
37.77,1,0.173
37.78,1,0.107
37.79,1,0.074
37.80,1,0.047
37.81,1,0.047
37.82,1,0.051
37.83,1,0.058
37.84,1,0.065
37.85,1,0.073
37.86,1,0.078
37.87,1,0.090
37.88,1,0.099
37.89,1,0.113
37.90,1,0.162
37.91,1,0.325
37.92,1,0.539
37.93,1,0.755
37.94,1,0.800
37.95,1,0.493
37.96,1,0.111
37.97,1,0.060
37.98,1,0.050
37.99,1,0.054
38.00,1,0.061
38.01,1,0.065
38.02,1,0.075
38.03,1,0.085
38.04,1,0.081
38.05,1,0.092
38.06,1,0.105
38.07,1,0.120
38.08,1,0.132
38.09,1,0.183
38.10,1,0.268
38.11,1,0.153
38.12,1,0.066
38.13,1,0.047
38.14,1,0.054
38.15,1,0.059
38.16,1,0.055
38.17,1,0.051
38.18,1,0.054
38.19,1,0.049
38.20,1,0.051
38.21,1,0.066
38.22,1,0.086
38.23,1,0.111
38.24,1,0.192
38.25,1,0.573
38.26,1,0.746
38.27,1,0.927
38.28,1,1.367
38.29,1,1.126
38.30,1,0.424
38.31,1,0.277
38.32,1,0.211
38.33,1,0.124
38.34,1,0.094
38.35,1,0.099
38.36,1,0.102
38.37,1,0.100
38.38,1,0.112
38.39,1,0.130
38.40,1,0.140
38.41,1,0.160
38.42,1,0.174
38.43,1,0.171
38.44,1,0.169
38.45,1,0.158
38.46,1,0.127
38.47,1,0.102
38.48,1,0.089
38.49,1,0.081
38.50,1,0.071
38.51,1,0.063
38.52,1,0.057
38.53,1,0.053
38.54,1,0.051
38.55,1,0.058
38.56,1,0.063
38.57,1,0.081
38.58,1,0.119
38.59,1,0.256
38.60,1,0.282
38.61,1,0.357
38.62,1,0.553
38.63,1,0.313
38.64,1,0.115
38.65,1,0.074
38.66,1,0.068
38.67,1,0.100
38.68,1,0.113
38.69,1,0.108
38.70,1,0.111
38.71,1,0.124
38.72,1,0.121
38.73,1,0.124
38.74,1,0.151
38.75,1,0.152
38.76,1,0.131
38.77,1,0.125
38.78,1,0.128
38.79,1,0.139
38.80,1,0.161
38.81,1,0.155
38.82,1,0.115
38.83,1,0.085
38.84,1,0.076
38.85,1,0.072
38.86,1,0.071
38.87,1,0.070
38.88,1,0.067
38.89,1,0.063
38.90,1,0.064
38.91,1,0.066
38.92,1,0.073
38.93,1,0.081
38.94,1,0.087
38.95,1,0.093
38.96,1,0.096
38.97,1,0.092
38.98,1,0.088
38.99,1,0.089
39.00,1,0.071
39.01,1,0.059
39.02,1,0.056
39.03,1,0.057
39.04,1,0.068
39.05,1,0.086
39.06,1,0.099
39.07,1,0.119
39.08,1,0.133
39.09,1,0.144
39.10,1,0.177
39.11,1,0.220
39.12,1,0.216
39.13,1,0.195
39.14,1,0.179
39.15,1,0.154
39.16,1,0.162
39.17,1,0.161
39.18,0,
39.19,0,
39.20,0,
39.21,0,
39.22,0,
39.23,0,
39.24,0,
39.25,0,
39.26,0,
39.27,0,
39.28,0,
39.29,0,
39.30,0,
39.31,0,
39.32,0,
39.33,0,
39.34,0,
39.35,0,
39.36,0,
39.37,0,
39.38,0,
39.39,0,
39.40,0,
39.41,0,
39.42,0,
39.43,0,
39.44,0,
39.45,0,
39.46,0,
39.47,0,
39.48,0,
39.49,0,
39.50,0,
39.51,0,
39.52,0,
39.53,0,
39.54,0,
39.55,0,
39.56,0,
39.57,0,
39.58,0,
39.59,0,
39.60,0,
39.61,0,
39.62,0,
39.63,0,
39.64,0,
39.65,0,
39.66,0,
39.67,0,
39.68,0,
39.69,0,
39.70,0,
39.71,0,
39.72,0,
39.73,0,
39.74,0,
39.75,0,
39.76,0,
39.77,0,
39.78,0,
39.79,0,
39.80,0,
39.81,0,
39.82,0,
39.83,0,
39.84,1,0.018
39.85,1,0.011
39.86,1,0.011
39.87,1,0.015
39.88,1,0.024
39.89,1,0.038
39.90,1,0.055
39.91,1,0.093
39.92,1,0.175
39.93,1,0.299
39.94,1,0.381
39.95,1,0.407
39.96,1,0.353
39.97,1,0.123
39.98,1,0.075
39.99,1,0.051
40.00,1,0.050
40.01,1,0.045
40.02,1,0.042
40.03,1,0.046
40.04,1,0.051
40.05,1,0.051
40.06,1,0.053
40.07,1,0.053
40.08,1,0.044
40.09,1,0.035
40.10,1,0.032
40.11,1,0.033
40.12,1,0.037
40.13,1,0.037
40.14,1,0.040
40.15,1,0.046
40.16,1,0.049
40.17,1,0.054
40.18,1,0.064
40.19,1,0.075
40.20,1,0.079
40.21,1,0.081
40.22,1,0.079
40.23,1,0.072
40.24,1,0.068
40.25,1,0.066
40.26,1,0.062
40.27,1,0.054
40.28,1,0.049
40.29,1,0.042
40.30,1,0.040
40.31,1,0.041
40.32,1,0.044
40.33,1,0.048
40.34,1,0.052
40.35,1,0.058
40.36,1,0.070
40.37,1,0.090
40.38,1,0.103
40.39,1,0.121
40.40,1,0.128
40.41,1,0.134
40.42,1,0.134
40.43,1,0.142
40.44,1,0.143
40.45,1,0.141
40.46,1,0.139
40.47,1,0.137
40.48,1,0.143
40.49,1,0.156
40.50,1,0.162
40.51,1,0.162
40.52,1,0.154
40.53,1,0.136
40.54,1,0.116
40.55,1,0.119
40.56,1,0.125
40.57,1,0.138
40.58,1,0.149
40.59,1,0.144
40.60,1,0.120
40.61,1,0.113
40.62,1,0.117
40.63,1,0.102
40.64,1,0.085
40.65,1,0.074
40.66,1,0.065
40.67,1,0.055
40.68,1,0.056
40.69,1,0.055
40.70,1,0.052
40.71,1,0.051
40.72,1,0.052
40.73,1,0.055
40.74,1,0.061
40.75,1,0.072
40.76,1,0.086
40.77,1,0.095
40.78,1,0.103
40.79,1,0.105
40.80,1,0.102
40.81,1,0.099
40.82,1,0.096
40.83,1,0.095
40.84,1,0.095
40.85,1,0.094
40.86,1,0.090
40.87,1,0.087
40.88,1,0.081
40.89,1,0.076
40.90,1,0.071
40.91,1,0.069
40.92,1,0.071
40.93,1,0.070
40.94,1,0.071
40.95,1,0.073
40.96,1,0.074
40.97,1,0.060
40.98,1,0.058
40.99,1,0.058
41.00,1,0.058
41.01,1,0.061
41.02,1,0.069
41.03,1,0.072
41.04,1,0.074
41.05,1,0.074
41.06,1,0.075
41.07,1,0.083
41.08,1,0.093
41.09,1,0.110
41.10,1,0.186
41.11,1,0.380
41.12,1,0.386
41.13,1,0.192
41.14,1,0.078
41.15,1,0.055
41.16,1,0.044
41.17,1,0.048
41.18,1,0.048
41.19,1,0.052
41.20,1,0.061
41.21,1,0.070
41.22,1,0.071
41.23,1,0.071
41.24,1,0.071
41.25,1,0.071
41.26,1,0.066
41.27,1,0.067
41.28,1,0.064
41.29,1,0.062
41.30,1,0.061
41.31,1,0.062
41.32,1,0.063
41.33,1,0.059
41.34,1,0.055
41.35,1,0.055
41.36,1,0.058
41.37,1,0.067
41.38,1,0.086
41.39,1,0.168
41.40,1,0.236
41.41,1,0.402
41.42,1,0.602
41.43,1,0.815
41.44,1,0.914
41.45,1,1.023
41.46,1,0.758
41.47,1,0.377
41.48,1,0.108
41.49,1,0.063
41.50,1,0.058
41.51,1,0.056
41.52,1,0.059
41.53,1,0.064
41.54,1,0.070
41.55,1,0.073
41.56,1,0.078
41.57,1,0.090
41.58,1,0.098
41.59,1,0.105
41.60,1,0.102
41.61,1,0.093
41.62,1,0.079
41.63,1,0.077
41.64,1,0.072
41.65,1,0.070
41.66,1,0.065
41.67,1,0.060
41.68,1,0.065
41.69,1,0.081
41.70,1,0.084
41.71,1,0.081
41.72,1,0.078
41.73,1,0.062
41.74,1,0.053
41.75,1,0.072
41.76,1,0.103
41.77,1,0.129
41.78,1,0.161
41.79,1,0.173
41.80,1,0.167
41.81,1,0.151
41.82,1,0.127
41.83,1,0.099
41.84,1,0.090
41.85,1,0.095
41.86,1,0.099
41.87,1,0.093
41.88,1,0.091
41.89,1,0.084
41.90,1,0.080
41.91,1,0.092
41.92,1,0.107
41.93,1,0.107
41.94,1,0.113
41.95,1,0.120
41.96,1,0.112
41.97,1,0.110
41.98,1,0.120
41.99,1,0.112
42.00,1,0.103
42.01,1,0.087
42.02,1,0.081
42.03,1,0.076
42.04,1,0.066
42.05,1,0.065
42.06,1,0.068
42.07,1,0.068
42.08,1,0.070
42.09,1,0.072
42.10,1,0.072
42.11,1,0.073
42.12,1,0.070
42.13,1,0.068
42.14,1,0.065
42.15,1,0.061
42.16,1,0.058
42.17,1,0.062
42.18,1,0.067
42.19,1,0.076
42.20,1,0.097
42.21,1,0.121
42.22,1,0.143
42.23,1,0.197
42.24,1,0.376
42.25,1,0.349
42.26,1,0.321
42.27,1,0.308
42.28,1,0.127
42.29,1,0.067
42.30,1,0.073
42.31,1,0.057
42.32,1,0.049
42.33,1,0.053
42.34,1,0.051
42.35,1,0.054
42.36,1,0.060
42.37,1,0.069
42.38,1,0.078
42.39,1,0.089
42.40,1,0.096
42.41,1,0.099
42.42,1,0.100
42.43,1,0.096
42.44,1,0.097
42.45,1,0.097
42.46,1,0.102
42.47,1,0.108
42.48,1,0.113
42.49,1,0.116
42.50,1,0.125
42.51,1,0.140
42.52,1,0.160
42.53,1,0.185
42.54,1,0.247
42.55,1,0.416
42.56,1,0.535
42.57,1,0.666
42.58,1,0.659
42.59,1,0.608
42.60,1,0.472
42.61,1,0.245
42.62,1,0.168
42.63,1,0.070
42.64,1,0.055
42.65,1,0.048
42.66,1,0.047
42.67,1,0.051
42.68,1,0.053
42.69,1,0.054
42.70,1,0.056
42.71,1,0.054
42.72,1,0.052
42.73,1,0.060
42.74,1,0.067
42.75,1,0.069
42.76,1,0.072
42.77,1,0.071
42.78,1,0.069
42.79,1,0.069
42.80,1,0.069
42.81,1,0.067
42.82,1,0.066
42.83,1,0.064
42.84,1,0.062
42.85,1,0.062
42.86,1,0.066
42.87,1,0.067
42.88,1,0.064
42.89,1,0.067
42.90,1,0.068
42.91,1,0.061
42.92,1,0.062
42.93,1,0.066
42.94,1,0.065
42.95,1,0.062
42.96,1,0.068
42.97,1,0.074
42.98,1,0.074
42.99,1,0.086
43.00,1,0.085
43.01,1,0.084
43.02,1,0.079
43.03,1,0.071
43.04,1,0.060
43.05,1,0.060
43.06,1,0.065
43.07,1,0.079
43.08,1,0.081
43.09,1,0.077
43.10,1,0.072
43.11,1,0.065
43.12,1,0.062
43.13,1,0.065
43.14,1,0.071
43.15,1,0.076
43.16,1,0.083
43.17,1,0.088
43.18,1,0.093
43.19,1,0.099
43.20,1,0.104
43.21,1,0.103
43.22,1,0.119
43.23,1,0.131
43.24,1,0.141
43.25,1,0.169
43.26,1,0.182
43.27,1,0.166
43.28,1,0.171
43.29,1,0.129
43.30,1,0.094
43.31,1,0.083
43.32,1,0.077
43.33,1,0.067
43.34,1,0.065
43.35,1,0.077
43.36,1,0.092
43.37,1,0.108
43.38,1,0.133
43.39,1,0.147
43.40,1,0.155
43.41,1,0.155
43.42,1,0.148
43.43,1,0.153
43.44,1,0.154
43.45,1,0.152
43.46,1,0.139
43.47,1,0.119
43.48,1,0.103
43.49,1,0.092
43.50,1,0.083
43.51,1,0.082
43.52,1,0.078
43.53,1,0.080
43.54,1,0.087
43.55,1,0.089
43.56,1,0.095
43.57,1,0.099
43.58,1,0.113
43.59,1,0.122
43.60,1,0.129
43.61,1,0.137
43.62,1,0.137
43.63,1,0.130
43.64,1,0.127
43.65,1,0.128
43.66,1,0.131
43.67,1,0.140
43.68,1,0.144
43.69,1,0.148
43.70,1,0.156
43.71,1,0.171
43.72,1,0.229
43.73,1,0.442
43.74,1,0.680
43.75,1,0.961
43.76,1,1.083
43.77,1,0.713
43.78,1,0.263
43.79,1,0.088
43.80,1,0.058
43.81,1,0.054
43.82,1,0.051
43.83,1,0.055
43.84,1,0.063
43.85,1,0.068
43.86,1,0.071
43.87,1,0.078
43.88,1,0.078
43.89,1,0.082
43.90,1,0.087
43.91,1,0.094
43.92,1,0.098
43.93,1,0.110
43.94,1,0.111
43.95,1,0.119
43.96,1,0.115
43.97,1,0.121
43.98,1,0.116
43.99,1,0.114
44.00,1,0.115
44.01,1,0.121
44.02,1,0.109
44.03,1,0.113
44.04,1,0.119
44.05,1,0.123
44.06,1,0.129
44.07,1,0.150
44.08,1,0.146
44.09,1,0.124
44.10,1,0.107
44.11,1,0.108
44.12,1,0.096
44.13,1,0.072
44.14,1,0.069
44.15,1,0.065
44.16,1,0.066
44.17,1,0.075
44.18,1,0.077
44.19,1,0.078
44.20,1,0.081
44.21,1,0.079
44.22,1,0.081
44.23,1,0.088
44.24,1,0.095
44.25,1,0.103
44.26,1,0.111
44.27,1,0.121
44.28,1,0.132
44.29,1,0.135
44.30,1,0.133
44.31,1,0.127
44.32,1,0.117
44.33,1,0.099
44.34,1,0.090
44.35,1,0.084
44.36,1,0.081
44.37,1,0.078
44.38,1,0.077
44.39,1,0.075
44.40,1,0.083
44.41,1,0.084
44.42,1,0.093
44.43,1,0.098
44.44,1,0.106
44.45,1,0.113
44.46,1,0.117
44.47,1,0.122
44.48,1,0.124
44.49,1,0.125
44.50,1,0.122
44.51,1,0.122
44.52,1,0.124
44.53,1,0.118
44.54,1,0.114
44.55,1,0.106
44.56,1,0.096
44.57,1,0.092
44.58,1,0.095
44.59,1,0.102
44.60,1,0.108
44.61,1,0.115
44.62,1,0.119
44.63,1,0.124
44.64,1,0.132
44.65,1,0.142
44.66,1,0.150
44.67,1,0.148
44.68,1,0.141
44.69,1,0.135
44.70,1,0.127
44.71,1,0.123
44.72,1,0.129
44.73,1,0.134
44.74,1,0.141
44.75,1,0.145
44.76,1,0.146
44.77,1,0.155
44.78,1,0.188
44.79,1,0.186
44.80,1,0.193
44.81,1,0.210
44.82,1,0.191
44.83,1,0.145
44.84,1,0.126
44.85,1,0.113
44.86,1,0.108
44.87,1,0.115
44.88,1,0.133
44.89,1,0.149
44.90,1,0.149
44.91,1,0.138
44.92,1,0.123
44.93,1,0.102
44.94,1,0.086
44.95,1,0.082
44.96,1,0.093
44.97,1,0.100
44.98,1,0.103
44.99,1,0.101
45.00,1,0.092
45.01,1,0.084
45.02,1,0.085
45.03,1,0.078
45.04,1,0.070
45.05,1,0.064
45.06,1,0.066
45.07,1,0.071
45.08,1,0.079
45.09,1,0.085
45.10,1,0.090
45.11,1,0.101
45.12,1,0.102
45.13,1,0.094
45.14,1,0.097
45.15,1,0.094
45.16,1,0.074
45.17,1,0.086
45.18,1,0.095
45.19,1,0.098
45.20,1,0.094
45.21,1,0.096
45.22,1,0.096
45.23,1,0.106
45.24,1,0.120
45.25,1,0.158
45.26,1,0.177
45.27,1,0.183
45.28,1,0.190
45.29,1,0.189
45.30,1,0.169
45.31,1,0.190
45.32,1,0.208
45.33,1,0.274
45.34,1,0.550
45.35,0,
45.36,0,
45.37,0,
45.38,0,
45.39,0,
45.40,0,
45.41,0,
45.42,0,
45.43,0,
45.44,0,
45.45,0,
45.46,0,
45.47,0,
45.48,0,
45.49,0,
45.50,0,
45.51,0,
45.52,0,
45.53,0,
45.54,0,
45.55,0,
45.56,0,
45.57,0,
45.58,0,
45.59,0,
45.60,0,
45.61,0,
45.62,0,
45.63,0,
45.64,0,
45.65,0,
45.66,0,
45.67,0,
45.68,0,
45.69,0,
45.70,0,
45.71,0,
45.72,1,0.917
45.73,1,0.955
45.74,1,0.660
45.75,1,0.369
45.76,1,0.284
45.77,1,0.253
45.78,1,0.149
45.79,1,0.063
45.80,1,0.070
45.81,1,0.088
45.82,1,0.099
45.83,1,0.109
45.84,1,0.139
45.85,1,0.166
45.86,1,0.191
45.87,1,0.229
45.88,1,0.292
45.89,1,0.377
45.90,1,0.452
45.91,1,0.460
45.92,1,0.590
45.93,1,0.710
45.94,1,0.437
45.95,1,0.145
45.96,1,0.064
45.97,1,0.054
45.98,1,0.064
45.99,1,0.104
46.00,1,0.167
46.01,1,0.251
46.02,1,0.291
46.03,1,0.321
46.04,1,0.349
46.05,1,0.354
46.06,1,0.354
46.07,1,0.391
46.08,1,0.450
46.09,1,0.492
46.10,1,0.553
46.11,1,0.573
46.12,1,0.488
46.13,1,0.291
46.14,1,0.159
46.15,1,0.113
46.16,1,0.117
46.17,1,0.157
46.18,1,0.233
46.19,1,0.337
46.20,1,0.412
46.21,1,0.460
46.22,1,0.459
46.23,1,0.427
46.24,1,0.362
46.25,1,0.299
46.26,1,0.264
46.27,1,0.278
46.28,1,0.306
46.29,1,0.307
46.30,1,0.308
46.31,1,0.273
46.32,1,0.240
46.33,1,0.205
46.34,1,0.200
46.35,1,0.202
46.36,1,0.223
46.37,1,0.240
46.38,1,0.269
46.39,1,0.335
46.40,1,0.591
46.41,1,0.798
46.42,1,1.021
46.43,1,1.180
46.44,1,1.059
46.45,1,0.751
46.46,1,0.444
46.47,1,0.201
46.48,1,0.115
46.49,1,0.091
46.50,1,0.076
46.51,1,0.074
46.52,1,0.084
46.53,1,0.102
46.54,1,0.120
46.55,1,0.143
46.56,1,0.171
46.57,1,0.200
46.58,1,0.268
46.59,1,0.369
46.60,1,0.504
46.61,1,0.712
46.62,1,0.870
46.63,1,0.667
46.64,1,0.355
46.65,1,0.155
46.66,1,0.120
46.67,1,0.111
46.68,1,0.126
46.69,1,0.148
46.70,1,0.183
46.71,1,0.219
46.72,1,0.249
46.73,1,0.280
46.74,1,0.321
46.75,1,0.340
46.76,1,0.365
46.77,1,0.373
46.78,1,0.369
46.79,1,0.348
46.80,1,0.322
46.81,1,0.288
46.82,1,0.272
46.83,1,0.289
46.84,1,0.303
46.85,1,0.321
46.86,1,0.340
46.87,1,0.343
46.88,1,0.321
46.89,1,0.317
46.90,1,0.336
46.91,1,0.348
46.92,1,0.394
46.93,1,0.424
46.94,1,0.435
46.95,1,0.383
46.96,1,0.291
46.97,1,0.235
46.98,1,0.191
46.99,1,0.166
47.00,1,0.150
47.01,1,0.169
47.02,1,0.202
47.03,1,0.233
47.04,1,0.274
47.05,1,0.317
47.06,1,0.366
47.07,1,0.395
47.08,1,0.480
47.09,1,0.524
47.10,1,0.518
47.11,1,0.561
47.12,1,0.294
47.13,1,0.151
47.14,1,0.128
47.15,1,0.105
47.16,1,0.107
47.17,1,0.120
47.18,1,0.169
47.19,1,0.220
47.20,1,0.291
47.21,1,0.329
47.22,1,0.365
47.23,1,0.350
47.24,1,0.321
47.25,1,0.298
47.26,1,0.264
47.27,1,0.219
47.28,1,0.189
47.29,1,0.182
47.30,1,0.175
47.31,1,0.164
47.32,1,0.184
47.33,1,0.182
47.34,1,0.181
47.35,1,0.191
47.36,1,0.201
47.37,1,0.212
47.38,1,0.262
47.39,1,0.298
47.40,1,0.305
47.41,1,0.299
47.42,1,0.267
47.43,1,0.224
47.44,1,0.242
47.45,1,0.206
47.46,1,0.177
47.47,1,0.143
47.48,1,0.131
47.49,1,0.100
47.50,1,0.085
47.51,1,0.086
47.52,1,0.089
47.53,1,0.104
47.54,1,0.138
47.55,1,0.163
47.56,1,0.180
47.57,1,0.206
47.58,1,0.203
47.59,1,0.212
47.60,1,0.233
47.61,1,0.256
47.62,1,0.233
47.63,1,0.217
47.64,1,0.206
47.65,1,0.190
47.66,1,0.218
47.67,1,0.259
47.68,1,0.295
47.69,1,0.329
47.70,1,0.356
47.71,1,0.392
47.72,1,0.389
47.73,1,0.394
47.74,1,0.396
47.75,1,0.385
47.76,1,0.401
47.77,1,0.408
47.78,1,0.442
47.79,1,0.444
47.80,1,0.432
47.81,1,0.421
47.82,1,0.380
47.83,1,0.363
47.84,1,0.363
47.85,1,0.408
47.86,1,0.450
47.87,1,0.517
47.88,1,0.633
47.89,1,1.066
47.90,1,0.862
47.91,1,1.332
47.92,1,1.085
47.93,1,0.822
47.94,1,0.501
47.95,1,0.108
47.96,1,0.084
47.97,1,0.090
47.98,1,0.104
47.99,1,0.137
48.00,1,0.205
48.01,1,0.268
48.02,1,0.351
48.03,1,0.396
48.04,1,0.402
48.05,1,0.411
48.06,1,0.406
48.07,1,0.381
48.08,1,0.390
48.09,1,0.390
48.10,1,0.377
48.11,1,0.376
48.12,1,0.349
48.13,1,0.309
48.14,1,0.275
48.15,1,0.245
48.16,1,0.231
48.17,1,0.204
48.18,1,0.206
48.19,1,0.267
48.20,1,0.302
48.21,1,0.358
48.22,1,0.449
48.23,1,0.506
48.24,1,0.571
48.25,1,0.621
48.26,1,0.616
48.27,1,0.619
48.28,1,0.550
48.29,1,0.463
48.30,1,0.366
48.31,1,0.183
48.32,1,0.176
48.33,1,0.178
48.34,1,0.221
48.35,1,0.224
48.36,1,0.227
48.37,1,0.234
48.38,1,0.229
48.39,1,0.229
48.40,1,0.258
48.41,1,0.295
48.42,1,0.326
48.43,1,0.343
48.44,1,0.361
48.45,1,0.400
48.46,1,0.419
48.47,1,0.456
48.48,1,0.479
48.49,1,0.465
48.50,1,0.420
48.51,1,0.365
48.52,1,0.324
48.53,1,0.270
48.54,1,0.248
48.55,1,0.228
48.56,1,0.212
48.57,1,0.220
48.58,1,0.229
48.59,1,0.240
48.60,1,0.264
48.61,1,0.287
48.62,1,0.317
48.63,1,0.337
48.64,1,0.376
48.65,1,0.408
48.66,1,0.434
48.67,1,0.453
48.68,1,0.445
48.69,1,0.437
48.70,1,0.419
48.71,1,0.393
48.72,1,0.368
48.73,1,0.334
48.74,1,0.300
48.75,1,0.269
48.76,1,0.257
48.77,1,0.275
48.78,1,0.287
48.79,1,0.318
48.80,1,0.337
48.81,1,0.362
48.82,1,0.368
48.83,1,0.397
48.84,1,0.426
48.85,1,0.446
48.86,1,0.481
48.87,1,0.484
48.88,1,0.479
48.89,1,0.460
48.90,1,0.429
48.91,1,0.411
48.92,1,0.380
48.93,1,0.367
48.94,1,0.355
48.95,1,0.339
48.96,1,0.349
48.97,1,0.358
48.98,1,0.363
48.99,1,0.383
49.00,1,0.383
49.01,1,0.392
49.02,1,0.402
49.03,1,0.414
49.04,1,0.456
49.05,1,0.496
49.06,1,0.514
49.07,1,0.532
49.08,1,0.505
49.09,1,0.479
49.10,1,0.443
49.11,1,0.392
49.12,1,0.371
49.13,1,0.341
49.14,1,0.301
49.15,1,0.283
49.16,1,0.275
49.17,1,0.298
49.18,1,0.330
49.19,1,0.358
49.20,1,0.380
49.21,1,0.411
49.22,1,0.432
49.23,1,0.459
49.24,1,0.481
49.25,1,0.489
49.26,1,0.487
49.27,1,0.474
49.28,1,0.460
49.29,1,0.457
49.30,1,0.447
49.31,1,0.456
49.32,1,0.456
49.33,1,0.436
49.34,1,0.456
49.35,1,0.449
49.36,1,0.449
49.37,1,0.474
49.38,1,0.469
49.39,1,0.494
49.40,1,0.479
49.41,1,0.469
49.42,1,0.479
49.43,1,0.473
49.44,1,0.491
49.45,1,0.504
49.46,1,0.511
49.47,1,0.518
49.48,1,0.497
49.49,1,0.477
49.50,1,0.452
49.51,1,0.397
49.52,1,0.334
49.53,1,0.295
49.54,1,0.296
49.55,1,0.345
49.56,1,0.427
49.57,1,0.552
49.58,1,0.696
49.59,1,0.779
49.60,1,0.794
49.61,1,0.785
49.62,1,0.817
49.63,1,0.876
49.64,1,0.915
49.65,1,1.121
49.66,1,1.159
49.67,1,1.300
49.68,1,1.300
49.69,1,1.353
49.70,1,1.298
49.71,1,1.118
49.72,1,0.996
49.73,1,0.981
49.74,1,0.893
49.75,1,0.818
49.76,1,0.736
49.77,1,0.522
49.78,1,0.416
49.79,1,0.366
49.80,1,0.360
49.81,1,0.339
49.82,1,0.329
49.83,1,0.304
49.84,1,0.295
49.85,1,0.316
49.86,1,0.353
49.87,1,0.399
49.88,1,0.431
49.89,1,0.454
49.90,1,0.494
49.91,1,0.574
49.92,1,0.652
49.93,1,0.807
49.94,1,0.885
49.95,1,0.646
49.96,1,0.483
49.97,1,0.287
49.98,1,0.193
49.99,1,0.167
50.00,1,0.157
50.01,1,0.157
50.02,1,0.165
50.03,1,0.174
50.04,1,0.181
50.05,1,0.216
50.06,1,0.231
50.07,1,0.239
50.08,1,0.261
50.09,1,0.293
50.10,1,0.283
50.11,1,0.291
50.12,1,0.270
50.13,1,0.264
50.14,1,0.262
50.15,1,0.256
50.16,1,0.273
50.17,1,0.332
50.18,1,0.341
50.19,1,0.318
50.20,1,0.313
50.21,1,0.329
50.22,1,0.266
50.23,1,0.281
50.24,1,0.507
50.25,1,0.693
50.26,1,0.656
50.27,1,0.515
50.28,1,0.267
50.29,1,0.240
50.30,1,0.250
50.31,1,0.247
50.32,1,0.207
50.33,1,0.182
50.34,1,0.189
50.35,1,0.231
50.36,1,0.250
50.37,1,0.272
50.38,1,0.315
50.39,1,0.314
50.40,1,0.285
50.41,1,0.289
50.42,1,0.267
50.43,1,0.275
50.44,1,0.250
50.45,1,0.266
50.46,1,0.253
50.47,1,0.254
50.48,1,0.253
50.49,1,0.247
50.50,1,0.251
50.51,1,0.267
50.52,1,0.301
50.53,1,0.312
50.54,1,0.346
50.55,1,0.401
50.56,1,0.480
50.57,1,0.484
50.58,1,0.404
50.59,1,0.296
50.60,1,0.214
50.61,1,0.197
50.62,1,0.210
50.63,1,0.208
50.64,1,0.298
50.65,1,0.293
50.66,1,0.269
50.67,1,0.263
50.68,1,0.313
50.69,1,0.339
50.70,1,0.343
50.71,1,0.353
50.72,1,0.355
50.73,1,0.332
50.74,1,0.303
50.75,1,0.311
50.76,1,0.326
50.77,1,0.302
50.78,1,0.283
50.79,1,0.271
50.80,1,0.285
50.81,1,0.302
50.82,1,0.299
50.83,1,0.281
50.84,1,0.281
50.85,1,0.276
50.86,1,0.272
50.87,1,0.301
50.88,1,0.333
50.89,1,0.443
50.90,1,0.497
50.91,1,0.587
50.92,1,0.839
50.93,1,0.817
50.94,1,0.664
50.95,1,0.470
50.96,1,0.381
50.97,1,0.262
50.98,1,0.246
50.99,1,0.231
51.00,1,0.245
51.01,1,0.256
51.02,1,0.258
51.03,1,0.261
51.04,1,0.277
51.05,1,0.318
51.06,1,0.311
51.07,1,0.333
51.08,1,0.336
51.09,1,0.321
51.10,1,0.322
51.11,1,0.356
51.12,1,0.394
51.13,1,0.406
51.14,1,0.419
51.15,1,0.441
51.16,1,0.431
51.17,1,0.420
51.18,1,0.436
51.19,1,0.405
51.20,1,0.327
51.21,1,0.270
51.22,1,0.236
51.23,1,0.217
51.24,1,0.224
51.25,1,0.240
51.26,1,0.274
51.27,1,0.315
51.28,1,0.329
51.29,1,0.353
51.30,1,0.407
51.31,1,0.431
51.32,1,0.488
51.33,1,0.499
51.34,1,0.481
51.35,1,0.438
51.36,1,0.405
51.37,1,0.402
51.38,1,0.422
51.39,1,0.438
51.40,1,0.491
51.41,1,0.508
51.42,1,0.488
51.43,1,0.498
51.44,1,0.572
51.45,1,0.449
51.46,1,0.360
51.47,1,0.270
51.48,1,0.241
51.49,1,0.225
51.50,1,0.213
51.51,1,0.206
51.52,1,0.192
51.53,1,0.190
51.54,1,0.182
51.55,1,0.222
51.56,1,0.263
51.57,1,0.294
51.58,1,0.316
51.59,1,0.338
51.60,1,0.340
51.61,1,0.314
51.62,1,0.321
51.63,1,0.329
51.64,1,0.338
51.65,1,0.319
51.66,1,0.304
51.67,1,0.301
51.68,1,0.303
51.69,1,0.322
51.70,1,0.355
51.71,1,0.396
51.72,1,0.389
51.73,1,0.408
51.74,1,0.434
51.75,1,0.444
51.76,1,0.441
51.77,1,0.474
51.78,1,0.446
51.79,1,0.461
51.80,1,0.461
51.81,1,0.412
51.82,1,0.375
51.83,1,0.309
51.84,1,0.270
51.85,1,0.226
51.86,1,0.232
51.87,1,0.250
51.88,1,0.278
51.89,1,0.308
51.90,1,0.332
51.91,1,0.347
51.92,1,0.364
51.93,1,0.393
51.94,1,0.405
51.95,1,0.407
51.96,1,0.361
51.97,1,0.386
51.98,1,0.459
51.99,1,0.472
52.00,1,0.475
52.01,1,0.474
52.02,1,0.483
52.03,1,0.481
52.04,1,0.465
52.05,1,0.525
52.06,1,0.532
52.07,1,0.547
52.08,1,0.538
52.09,1,0.524
52.10,1,0.539
52.11,1,0.548
52.12,1,0.566
52.13,1,0.512
52.14,1,0.433
52.15,1,0.388
52.16,1,0.312
52.17,1,0.278
52.18,1,0.289
52.19,1,0.284
52.20,1,0.279
52.21,1,0.322
52.22,1,0.349
52.23,1,0.374
52.24,1,0.407
52.25,1,0.433
52.26,1,0.426
52.27,1,0.406
52.28,1,0.412
52.29,1,0.386
52.30,1,0.325
52.31,1,0.263
52.32,1,0.243
52.33,1,0.213
52.34,1,0.202
52.35,1,0.198
52.36,1,0.209
52.37,1,0.218
52.38,1,0.250
52.39,1,0.277
52.40,1,0.284
52.41,1,0.260
52.42,1,0.256
52.43,1,0.214
52.44,1,0.200
52.45,1,0.201
52.46,1,0.232
52.47,1,0.244
52.48,1,0.259
52.49,1,0.279
52.50,1,0.278
52.51,1,0.289
52.52,1,0.293
52.53,1,0.274
52.54,1,0.242
52.55,1,0.213
52.56,1,0.182
52.57,1,0.186
52.58,1,0.227
52.59,1,0.251
52.60,1,0.287
52.61,1,0.334
52.62,1,0.340
52.63,1,0.349
52.64,1,0.404
52.65,1,0.430
52.66,1,0.438
52.67,1,0.460
52.68,1,0.454
52.69,1,0.424
52.70,1,0.422
52.71,1,0.438
52.72,1,0.554
52.73,1,0.597
52.74,1,0.648
52.75,1,0.724
52.76,1,0.874
52.77,1,0.657
52.78,1,0.521
52.79,1,0.387
52.80,1,0.307
52.81,1,0.259
52.82,1,0.184
52.83,1,0.185
52.84,1,0.244
52.85,1,0.296
52.86,1,0.296
52.87,1,0.335
52.88,1,0.331
52.89,1,0.331
52.90,1,0.317
52.91,1,0.333
52.92,1,0.333
52.93,1,0.369
52.94,1,0.328
52.95,1,0.318
52.96,1,0.281
52.97,1,0.266
52.98,1,0.201
52.99,1,0.195
53.00,1,0.193
53.01,1,0.208
53.02,1,0.215
53.03,1,0.260
53.04,1,0.267
53.05,1,0.286
53.06,1,0.265
53.07,1,0.287
53.08,1,0.299
53.09,1,0.353
53.10,1,0.361
53.11,1,0.419
53.12,1,0.449
53.13,1,0.478
53.14,1,0.524
53.15,1,0.531
53.16,1,0.502
53.17,1,0.472
53.18,1,0.410
53.19,1,0.299
53.20,1,0.257
53.21,1,0.239
53.22,1,0.224
53.23,1,0.231
53.24,1,0.265
53.25,1,0.304
53.26,1,0.376
53.27,1,0.397
53.28,1,0.338
53.29,1,0.252
53.30,1,0.210
53.31,1,0.244
53.32,1,0.273
53.33,1,0.280
53.34,1,0.342
53.35,1,0.402
53.36,1,0.457
53.37,1,0.510
53.38,1,0.517
53.39,1,0.540
53.40,1,0.528
53.41,1,0.527
53.42,1,0.517
53.43,1,0.498
53.44,1,0.471
53.45,1,0.380
53.46,1,0.328
53.47,1,0.290
53.48,1,0.279
53.49,1,0.252
53.50,1,0.257
53.51,1,0.267
53.52,1,0.263
53.53,1,0.261
53.54,1,0.293
53.55,1,0.303
53.56,1,0.272
53.57,1,0.238
53.58,1,0.235
53.59,1,0.241
53.60,1,0.244
53.61,1,0.316
53.62,1,0.360
53.63,1,0.340
53.64,1,0.306
53.65,1,0.264
53.66,1,0.219
53.67,1,0.213
53.68,1,0.210
53.69,1,0.247
53.70,1,0.272
53.71,1,0.338
53.72,1,0.365
53.73,1,0.387
53.74,1,0.414
53.75,1,0.409
53.76,1,0.325
53.77,1,0.312
53.78,1,0.272
53.79,1,0.240
53.80,1,0.222
53.81,1,0.207
53.82,1,0.186
53.83,1,0.181
53.84,1,0.185
53.85,1,0.222
53.86,1,0.282
53.87,1,0.418
53.88,1,0.490
53.89,1,0.588
53.90,1,0.646
53.91,1,0.793
53.92,1,0.714
53.93,1,0.625
53.94,1,0.565
53.95,1,0.406
53.96,1,0.244
53.97,1,0.200
53.98,1,0.164
53.99,1,0.144
54.00,1,0.115
54.01,1,0.098
54.02,1,0.102
54.03,1,0.107
54.04,1,0.113
54.05,1,0.131
54.06,1,0.155
54.07,1,0.178
54.08,1,0.195
54.09,1,0.203
54.10,1,0.210
54.11,1,0.224
54.12,1,0.255
54.13,1,0.264
54.14,1,0.289
54.15,1,0.282
54.16,1,0.237
54.17,1,0.218
54.18,1,0.211
54.19,1,0.185
54.20,1,0.178
54.21,1,0.190
54.22,1,0.210
54.23,1,0.229
54.24,1,0.263
54.25,1,0.317
54.26,1,0.371
54.27,1,0.348
54.28,1,0.363
54.29,1,0.355
54.30,1,0.263
54.31,1,0.250
54.32,1,0.223
54.33,1,0.236
54.34,1,0.258
54.35,1,0.274
54.36,1,0.283
54.37,1,0.330
54.38,1,0.353
54.39,1,0.327
54.40,1,0.353
54.41,1,0.359
54.42,1,0.345
54.43,1,0.334
54.44,1,0.322
54.45,1,0.269
54.46,1,0.228
54.47,1,0.195
54.48,1,0.184
54.49,1,0.161
54.50,1,0.158
54.51,1,0.161
54.52,1,0.191
54.53,1,0.213
54.54,1,0.232
54.55,1,0.260
54.56,1,0.228
54.57,1,0.221
54.58,1,0.232
54.59,1,0.214
54.60,1,0.204
54.61,1,0.231
54.62,1,0.207
54.63,1,0.193
54.64,1,0.209
54.65,1,0.235
54.66,1,0.251
54.67,1,0.316
54.68,1,0.373
54.69,1,0.411
54.70,1,0.452
54.71,1,0.459
54.72,1,0.459
54.73,1,0.466
54.74,1,0.506
54.75,1,0.506
54.76,1,0.730
54.77,1,1.257
54.78,1,1.253
54.79,1,1.248
54.80,1,0.815
54.81,1,0.431
54.82,1,0.245
54.83,1,0.211
54.84,1,0.203
54.85,1,0.210
54.86,1,0.245
54.87,1,0.271
54.88,1,0.291
54.89,1,0.292
54.90,1,0.277
54.91,1,0.238
54.92,1,0.239
54.93,1,0.252
54.94,1,0.274
54.95,1,0.299
54.96,1,0.336
54.97,1,0.339
54.98,1,0.357
54.99,1,0.399
55.00,1,0.444
55.01,1,0.438
55.02,1,0.455
55.03,1,0.419
55.04,1,0.368
55.05,1,0.326
55.06,1,0.310
55.07,1,0.314
55.08,1,0.319
55.09,1,0.341
55.10,1,0.379
55.11,1,0.360
55.12,1,0.349
55.13,1,0.294
55.14,1,0.275
55.15,1,0.246
55.16,1,0.218
55.17,1,0.185
55.18,1,0.162
55.19,1,0.153
55.20,1,0.148
55.21,1,0.157
55.22,1,0.180
55.23,1,0.207
55.24,1,0.223
55.25,1,0.235
55.26,1,0.235
55.27,1,0.211
55.28,1,0.204
55.29,1,0.222
55.30,1,0.217
55.31,1,0.214
55.32,1,0.223
55.33,1,0.211
55.34,1,0.168
55.35,1,0.153
55.36,1,0.167
55.37,1,0.194
55.38,1,0.227
55.39,1,0.268
55.40,1,0.307
55.41,1,0.319
55.42,1,0.331
55.43,1,0.323
55.44,1,0.307
55.45,1,0.274
55.46,1,0.288
55.47,1,0.288
55.48,1,0.287
55.49,1,0.311
55.50,1,0.325
55.51,1,0.300
55.52,1,0.319
55.53,1,0.312
55.54,1,0.340
55.55,1,0.328
55.56,1,0.344
55.57,1,0.331
55.58,1,0.387
55.59,1,0.449
55.60,1,0.539
55.61,1,0.623
55.62,1,0.726
55.63,1,0.522
55.64,1,0.295
55.65,1,0.161
55.66,1,0.137
55.67,1,0.134
55.68,1,0.142
55.69,1,0.177
55.70,1,0.207
55.71,1,0.222
55.72,1,0.236
55.73,1,0.231
55.74,1,0.215
55.75,1,0.224
55.76,1,0.224
55.77,1,0.218
55.78,1,0.219
55.79,1,0.209
55.80,1,0.206
55.81,1,0.215
55.82,1,0.235
55.83,1,0.242
55.84,1,0.261
55.85,1,0.242
55.86,1,0.246
55.87,1,0.254
55.88,1,0.226
55.89,1,0.237
55.90,1,0.246
55.91,1,0.258
55.92,1,0.274
55.93,1,0.295
55.94,1,0.328
55.95,1,0.427
55.96,1,0.527
55.97,1,0.612
55.98,1,0.728
55.99,1,0.887
56.00,1,0.857
56.01,1,0.791
56.02,1,0.783
56.03,1,0.696
56.04,1,0.640
56.05,1,0.730
56.06,1,0.771
56.07,1,0.906
56.08,1,1.016
56.09,1,0.856
56.10,1,0.473
56.11,1,0.243
56.12,1,0.150
56.13,1,0.110
56.14,1,0.112
56.15,1,0.103
56.16,1,0.124
56.17,1,0.149
56.18,1,0.168
56.19,1,0.172
56.20,1,0.177
56.21,1,0.175
56.22,1,0.165
56.23,1,0.154
56.24,1,0.180
56.25,1,0.307
56.26,1,0.520
56.27,1,0.995
56.28,1,1.532
56.29,1,1.552
56.30,1,0.645
56.31,1,0.321
56.32,1,0.246
56.33,1,0.231
56.34,1,0.243
56.35,1,0.237
56.36,1,0.254
56.37,1,0.277
56.38,1,0.290
56.39,1,0.292
56.40,1,0.318
56.41,1,0.289
56.42,1,0.262
56.43,1,0.246
56.44,1,0.228
56.45,1,0.223
56.46,1,0.224
56.47,1,0.230
56.48,1,0.234
56.49,1,0.258
56.50,1,0.231
56.51,1,0.231
56.52,1,0.209
56.53,1,0.193
56.54,1,0.176
56.55,1,0.163
56.56,1,0.183
56.57,1,0.172
56.58,1,0.178
56.59,1,0.180
56.60,1,0.192
56.61,1,0.226
56.62,1,0.262
56.63,1,0.295
56.64,1,0.321
56.65,1,0.335
56.66,1,0.334
56.67,1,0.348
56.68,1,0.327
56.69,1,0.306
56.70,1,0.315
56.71,1,0.300
56.72,1,0.259
56.73,1,0.263
56.74,1,0.299
56.75,1,0.337
56.76,1,0.362
56.77,1,0.445
56.78,1,0.542
56.79,1,0.434
56.80,1,0.292
56.81,1,0.241
56.82,1,0.237
56.83,1,0.245
56.84,1,0.266
56.85,1,0.278
56.86,1,0.289
56.87,1,0.293
56.88,1,0.325
56.89,1,0.361
56.90,1,0.415
56.91,1,0.493
56.92,1,0.525
56.93,1,0.507
56.94,1,0.454
56.95,1,0.368
56.96,1,0.331
56.97,1,0.313
56.98,1,0.277
56.99,1,0.269
57.00,1,0.255
57.01,1,0.234
57.02,1,0.231
57.03,1,0.254
57.04,1,0.292
57.05,1,0.349
57.06,1,0.368
57.07,1,0.376
57.08,1,0.370
57.09,1,0.331
57.10,1,0.307
57.11,1,0.315
57.12,1,0.308
57.13,1,0.342
57.14,1,0.333
57.15,1,0.330
57.16,1,0.317
57.17,1,0.313
57.18,1,0.312
57.19,1,0.319
57.20,1,0.336
57.21,1,0.348
57.22,1,0.373
57.23,1,0.369
57.24,1,0.369
57.25,1,0.362
57.26,1,0.376
57.27,1,0.409
57.28,1,0.442
57.29,1,0.455
57.30,1,0.413
57.31,1,0.396
57.32,1,0.391
57.33,1,0.412
57.34,1,0.437
57.35,1,0.449
57.36,1,0.475
57.37,1,0.486
57.38,1,0.502
57.39,1,0.484
57.40,1,0.532
57.41,1,0.604
57.42,1,0.606
57.43,1,0.575
57.44,1,0.563
57.45,1,0.485
57.46,1,0.385
57.47,1,0.333
57.48,1,0.320
57.49,1,0.300
57.50,1,0.278
57.51,1,0.267
57.52,1,0.283
57.53,1,0.311
57.54,1,0.383
57.55,1,0.471
57.56,1,0.622
57.57,1,0.733
57.58,1,0.876
57.59,1,1.042
57.60,1,0.780
57.61,1,0.426
57.62,1,0.259
57.63,1,0.201
57.64,1,0.155
57.65,1,0.145
57.66,1,0.146
57.67,1,0.156
57.68,1,0.174
57.69,1,0.227
57.70,1,0.275
57.71,1,0.317
57.72,1,0.339
57.73,1,0.356
57.74,1,0.355
57.75,1,0.336
57.76,1,0.356
57.77,1,0.330
57.78,1,0.314
57.79,1,0.312
57.80,1,0.326
57.81,1,0.357
57.82,1,0.416
57.83,1,0.491
57.84,1,0.535
57.85,1,0.579
57.86,1,0.436
57.87,1,0.346
57.88,1,0.278
57.89,1,0.198
57.90,1,0.181
57.91,1,0.153
57.92,1,0.150
57.93,1,0.161
57.94,1,0.178
57.95,1,0.203
57.96,1,0.260
57.97,1,0.273
57.98,1,0.291
57.99,1,0.307
58.00,1,0.302
58.01,1,0.288
58.02,1,0.279
58.03,1,0.281
58.04,1,0.298
58.05,1,0.313
58.06,1,0.349
58.07,1,0.381
58.08,1,0.391
58.09,1,0.397
58.10,1,0.406
58.11,1,0.396
58.12,1,0.386
58.13,1,0.349
58.14,1,0.352
58.15,1,0.340
58.16,1,0.285
58.17,1,0.228
58.18,1,0.187
58.19,1,0.153
58.20,1,0.139
58.21,1,0.146
58.22,1,0.147
58.23,1,0.146
58.24,1,0.151
58.25,1,0.161
58.26,1,0.165
58.27,1,0.180
58.28,1,0.198
58.29,1,0.180
58.30,1,0.180
58.31,1,0.207
58.32,1,0.189
58.33,1,0.199
58.34,1,0.225
58.35,1,0.235
58.36,1,0.263
58.37,1,0.288
58.38,1,0.296
58.39,1,0.311
58.40,1,0.310
58.41,1,0.301
58.42,1,0.299
58.43,1,0.287
58.44,1,0.294
58.45,1,0.321
58.46,1,0.330
58.47,1,0.336
58.48,1,0.337
58.49,1,0.316
58.50,1,0.271
58.51,1,0.259
58.52,1,0.255
58.53,1,0.277
58.54,1,0.273
58.55,1,0.305
58.56,1,0.330
58.57,1,0.350
58.58,1,0.351
58.59,1,0.406
58.60,1,0.453
58.61,1,0.533
58.62,1,0.423
58.63,1,0.323
58.64,1,0.310
58.65,1,0.302
58.66,1,0.312
58.67,1,0.321
58.68,1,0.392
58.69,1,0.461
58.70,1,0.463
58.71,1,0.497
58.72,1,0.476
58.73,1,0.471
58.74,1,0.485
58.75,1,0.503
58.76,1,0.530
58.77,1,0.574
58.78,1,0.549
58.79,1,0.479
58.80,1,0.449
58.81,1,0.368
58.82,1,0.267
58.83,1,0.247
58.84,1,0.249
58.85,1,0.247
58.86,1,0.251
58.87,1,0.263
58.88,1,0.271
58.89,1,0.309
58.90,1,0.333
58.91,1,0.363
58.92,1,0.440
58.93,1,0.354
58.94,1,0.339
58.95,1,0.381
58.96,1,0.229
58.97,1,0.175
58.98,1,0.174
58.99,1,0.142
59.00,1,0.121
59.01,1,0.124
59.02,1,0.135
59.03,1,0.145
59.04,1,0.163
59.05,1,0.173
59.06,1,0.172
59.07,1,0.183
59.08,1,0.197
59.09,1,0.221
59.10,1,0.271
59.11,1,0.335
59.12,1,0.240
59.13,1,0.190
59.14,1,0.174
59.15,1,0.156
59.16,1,0.137
59.17,1,0.141
59.18,1,0.149
59.19,1,0.150
59.20,1,0.169
59.21,1,0.211
59.22,1,0.237
59.23,1,0.231
59.24,1,0.220
59.25,1,0.202
59.26,1,0.190
59.27,1,0.185
59.28,1,0.198
59.29,1,0.216
59.30,1,0.186
59.31,1,0.148
59.32,1,0.124
59.33,1,0.114
59.34,1,0.120
59.35,1,0.148
59.36,1,0.170
59.37,1,0.192
59.38,1,0.199
59.39,1,0.228
59.40,1,0.222
59.41,1,0.254
59.42,1,0.258
59.43,1,0.268
59.44,1,0.241
59.45,1,0.215
59.46,1,0.161
59.47,1,0.184
59.48,1,0.170
59.49,1,0.159
59.50,1,0.171
59.51,1,0.182
59.52,1,0.186
59.53,1,0.211
59.54,1,0.221
59.55,1,0.223
59.56,1,0.225
59.57,1,0.214
59.58,1,0.208
59.59,1,0.226
59.60,1,0.229
59.61,1,0.218
59.62,1,0.298
59.63,1,0.268
59.64,1,0.222
59.65,1,0.181
59.66,1,0.189
59.67,1,0.195
59.68,1,0.195
59.69,1,0.192
59.70,1,0.212
59.71,1,0.233
59.72,1,0.262
59.73,1,0.303
59.74,1,0.401
59.75,1,0.504
59.76,1,0.769
59.77,1,1.007
59.78,1,1.062
59.79,1,0.989
59.80,1,0.612
59.81,1,0.356
59.82,1,0.237
59.83,1,0.182
59.84,1,0.124
59.85,1,0.093
59.86,1,0.117
59.87,1,0.146
59.88,1,0.167
59.89,1,0.193
59.90,1,0.208
59.91,1,0.216
59.92,1,0.207
59.93,1,0.209
59.94,1,0.233
59.95,1,0.259
59.96,1,0.281
59.97,1,0.303
59.98,1,0.271
59.99,1,0.250
60.00,1,0.231
60.01,1,0.235
60.02,1,0.250
60.03,1,0.282
60.04,1,0.292
60.05,1,0.307
60.06,1,0.287
60.07,1,0.261
60.08,1,0.243
60.09,1,0.237
60.10,1,0.242
60.11,1,0.287
60.12,1,0.303
60.13,1,0.326
60.14,1,0.415
60.15,1,0.335
60.16,1,0.184
60.17,1,0.173
60.18,1,0.196
60.19,1,0.226
60.20,1,0.228
60.21,1,0.227
60.22,1,0.238
60.23,1,0.204
60.24,1,0.163
60.25,1,0.146
60.26,1,0.145
60.27,1,0.137
60.28,1,0.146
60.29,1,0.159
60.30,1,0.165
60.31,1,0.175
60.32,1,0.195
60.33,1,0.235
60.34,1,0.292
60.35,1,0.312
60.36,1,0.338
60.37,1,0.316
60.38,1,0.286
60.39,1,0.230
60.40,1,0.205
60.41,1,0.177
60.42,1,0.169
60.43,1,0.166
60.44,1,0.168
60.45,1,0.164
60.46,1,0.174
60.47,1,0.185
60.48,1,0.208
60.49,1,0.228
60.50,1,0.253
60.51,1,0.269
60.52,1,0.270
60.53,1,0.262
60.54,1,0.260
60.55,1,0.258
60.56,1,0.241
60.57,1,0.242
60.58,1,0.247
60.59,1,0.242
60.60,1,0.228
60.61,1,0.227
60.62,1,0.235
60.63,1,0.232
60.64,1,0.231
60.65,1,0.223
60.66,1,0.210
60.67,1,0.173
60.68,1,0.146
60.69,1,0.140
60.70,1,0.136
60.71,1,0.142
60.72,1,0.154
60.73,1,0.161
60.74,1,0.160
60.75,1,0.161
60.76,1,0.162
60.77,1,0.177
60.78,1,0.195
60.79,1,0.216
60.80,1,0.230
60.81,1,0.219
60.82,1,0.187
60.83,1,0.146
60.84,1,0.130
60.85,1,0.127
60.86,1,0.137
60.87,1,0.160
60.88,1,0.189
60.89,1,0.215
60.90,1,0.201
60.91,1,0.187
60.92,1,0.179
60.93,1,0.167
60.94,1,0.178
60.95,1,0.184
60.96,1,0.180
60.97,1,0.183
60.98,1,0.182
60.99,1,0.172
61.00,1,0.174
61.01,1,0.190
61.02,1,0.203
61.03,1,0.273
61.04,1,0.390
61.05,1,0.520
61.06,1,0.721
61.07,1,0.843
61.08,1,0.820
61.09,1,0.780
61.10,1,0.730
61.11,1,0.581
61.12,1,0.396
61.13,1,0.222
61.14,1,0.146
61.15,1,0.098
61.16,1,0.094
61.17,1,0.093
61.18,1,0.124
61.19,1,0.163
61.20,1,0.192
61.21,1,0.215
61.22,1,0.240
61.23,1,0.245
61.24,1,0.232
61.25,1,0.245
61.26,1,0.333
61.27,1,0.343
61.28,1,0.288
61.29,1,0.260
61.30,1,0.225
61.31,1,0.205
61.32,1,0.170
61.33,1,0.176
61.34,1,0.155
61.35,1,0.177
61.36,1,0.191
61.37,1,0.186
61.38,1,0.181
61.39,1,0.178
61.40,1,0.173
61.41,1,0.174
61.42,1,0.183
61.43,1,0.205
61.44,1,0.219
61.45,1,0.209
61.46,1,0.204
61.47,1,0.189
61.48,1,0.174
61.49,1,0.178
61.50,1,0.180
61.51,1,0.170
61.52,1,0.168
61.53,1,0.139
61.54,1,0.115
61.55,1,0.113
61.56,1,0.130
61.57,1,0.138
61.58,1,0.187
61.59,1,0.369
61.60,1,0.376
61.61,1,0.446
61.62,1,0.469
61.63,1,0.304
61.64,1,0.232
61.65,1,0.129
61.66,1,0.138
61.67,1,0.139
61.68,1,0.134
61.69,1,0.140
61.70,1,0.152
61.71,1,0.143
61.72,1,0.147
61.73,1,0.155
61.74,1,0.146
61.75,1,0.144
61.76,1,0.147
61.77,1,0.135
61.78,1,0.129
61.79,1,0.134
61.80,1,0.135
61.81,1,0.129
61.82,1,0.128
61.83,1,0.119
61.84,1,0.105
61.85,1,0.099
61.86,1,0.104
61.87,1,0.104
61.88,1,0.113
61.89,1,0.126
61.90,1,0.132
61.91,1,0.130
61.92,1,0.131
61.93,1,0.134
61.94,1,0.131
61.95,1,0.141
61.96,1,0.226
61.97,1,0.198
61.98,1,0.092
61.99,1,0.084
62.00,1,0.096
62.01,1,0.147
62.02,1,0.200
62.03,1,0.263
62.04,1,0.345
62.05,1,0.460
62.06,1,0.393
62.07,1,0.255
62.08,1,0.217
62.09,1,0.220
62.10,1,0.209
62.11,1,0.190
62.12,1,0.186
62.13,1,0.172
62.14,1,0.124
62.15,1,0.103
62.16,1,0.096
62.17,1,0.106
62.18,1,0.106
62.19,1,0.110
62.20,1,0.123
62.21,1,0.126
62.22,1,0.126
62.23,1,0.136
62.24,1,0.147
62.25,1,0.158
62.26,1,0.174
62.27,1,0.189
62.28,1,0.196
62.29,1,0.203
62.30,1,0.209
62.31,1,0.203
62.32,1,0.203
62.33,1,0.211
62.34,1,0.215
62.35,1,0.205
62.36,1,0.205
62.37,1,0.199
62.38,1,0.195
62.39,1,0.211
62.40,1,0.237
62.41,1,0.287
62.42,1,0.435
62.43,1,0.706
62.44,1,0.881
62.45,1,0.813
62.46,1,0.475
62.47,1,0.289
62.48,1,0.190
62.49,1,0.102
62.50,1,0.071
62.51,1,0.068
62.52,1,0.093
62.53,1,0.131
62.54,1,0.148
62.55,1,0.176
62.56,1,0.204
62.57,1,0.204
62.58,1,0.190
62.59,1,0.189
62.60,1,0.188
62.61,1,0.181
62.62,1,0.187
62.63,1,0.183
62.64,1,0.198
62.65,1,0.209
62.66,1,0.227
62.67,1,0.270
62.68,1,0.367
62.69,1,0.516
62.70,1,0.599
62.71,1,0.754
62.72,1,0.745
62.73,1,0.753
62.74,1,0.696
62.75,1,0.671
62.76,1,0.750
62.77,1,0.846
62.78,1,0.533
62.79,1,0.368
62.80,1,0.154
62.81,1,0.072
62.82,1,0.076
62.83,1,0.087
62.84,1,0.101
62.85,1,0.102
62.86,1,0.121
62.87,1,0.123
62.88,1,0.100
62.89,1,0.091
62.90,1,0.098
62.91,1,0.115
62.92,1,0.127
62.93,1,0.158
62.94,1,0.207
62.95,1,0.464
62.96,1,0.625
62.97,1,0.278
62.98,1,0.163
62.99,1,0.130
63.00,1,0.110
63.01,1,0.099
63.02,1,0.103
63.03,1,0.107
63.04,1,0.122
63.05,1,0.141
63.06,1,0.160
63.07,1,0.173
63.08,1,0.186
63.09,1,0.191
63.10,1,0.185
63.11,1,0.181
63.12,1,0.181
63.13,1,0.182
63.14,1,0.183
63.15,1,0.128
63.16,1,0.100
63.17,1,0.106
63.18,1,0.114
63.19,1,0.136
63.20,1,0.162
63.21,1,0.183
63.22,1,0.194
63.23,1,0.192
63.24,1,0.154
63.25,1,0.118
63.26,1,0.109
63.27,1,0.110
63.28,1,0.133
63.29,1,0.129
63.30,1,0.103
63.31,1,0.095
63.32,1,0.097
63.33,1,0.108
63.34,1,0.141
63.35,1,0.173
63.36,1,0.205
63.37,1,0.231
63.38,1,0.233
63.39,1,0.220
63.40,1,0.225
63.41,1,0.241
63.42,1,0.260
63.43,1,0.317
63.44,1,0.387
63.45,1,0.388
63.46,1,0.249
63.47,1,0.131
63.48,1,0.113
63.49,1,0.112
63.50,1,0.117
63.51,1,0.129
63.52,1,0.144
63.53,1,0.161
63.54,1,0.174
63.55,1,0.184
63.56,1,0.185
63.57,1,0.173
63.58,1,0.165
63.59,1,0.162
63.60,1,0.148
63.61,1,0.134
63.62,1,0.131
63.63,1,0.125
63.64,1,0.122
63.65,1,0.131
63.66,1,0.141
63.67,1,0.145
63.68,1,0.149
63.69,1,0.154
63.70,1,0.154
63.71,1,0.162
63.72,1,0.186
63.73,1,0.244
63.74,1,0.326
63.75,1,0.391
63.76,1,0.535
63.77,1,1.014
63.78,1,1.050
63.79,1,1.097
63.80,1,0.531
63.81,1,0.179
63.82,1,0.115
63.83,1,0.092
63.84,1,0.090
63.85,1,0.099
63.86,1,0.129
63.87,1,0.161
63.88,1,0.190
63.89,1,0.213
63.90,1,0.234
63.91,1,0.242
63.92,1,0.238
63.93,1,0.235
63.94,1,0.229
63.95,1,0.241
63.96,1,0.246
63.97,1,0.249
63.98,1,0.279
63.99,1,0.300
64.00,1,0.298
64.01,1,0.334
64.02,1,0.399
64.03,1,0.431
64.04,1,0.822
64.05,1,1.313
64.06,1,1.649
64.07,1,1.727
64.08,1,1.763
64.09,1,1.504
64.10,1,1.263
64.11,1,1.178
64.12,1,1.296
64.13,1,1.153
64.14,1,0.742
64.15,1,0.310
64.16,1,0.183
64.17,1,0.179
64.18,1,0.224
64.19,1,0.257
64.20,1,0.294
64.21,1,0.366
64.22,1,0.501
64.23,1,0.619
64.24,1,0.489
64.25,1,0.366
64.26,1,0.295
64.27,1,0.281
64.28,1,0.274
64.29,1,0.214
64.30,1,0.104
64.31,1,0.106
64.32,1,0.123
64.33,1,0.157
64.34,1,0.168
64.35,1,0.181
64.36,1,0.204
64.37,1,0.211
64.38,1,0.200
64.39,1,0.202
64.40,1,0.211
64.41,1,0.220
64.42,1,0.231
64.43,1,0.250
64.44,1,0.281
64.45,1,0.278
64.46,1,0.249
64.47,1,0.205
64.48,1,0.143
64.49,1,0.122
64.50,1,0.127
64.51,1,0.134
64.52,1,0.150
64.53,1,0.185
64.54,1,0.231
64.55,1,0.255
64.56,1,0.294
64.57,1,0.305
64.58,1,0.298
64.59,1,0.286
64.60,1,0.293
64.61,1,0.295
64.62,1,0.307
64.63,1,0.322
64.64,1,0.313
64.65,1,0.289
64.66,1,0.271
64.67,1,0.256
64.68,1,0.231
64.69,1,0.233
64.70,1,0.221
64.71,1,0.197
64.72,1,0.170
64.73,1,0.179
64.74,1,0.197
64.75,1,0.249
64.76,1,0.447
64.77,1,0.716
64.78,1,0.684
64.79,1,0.372
64.80,1,0.269
64.81,1,0.203
64.82,1,0.133
64.83,1,0.113
64.84,1,0.109
64.85,1,0.111
64.86,1,0.121
64.87,1,0.150
64.88,1,0.182
64.89,1,0.213
64.90,1,0.247
64.91,1,0.272
64.92,1,0.279
64.93,1,0.285
64.94,1,0.283
64.95,1,0.282
64.96,1,0.284
64.97,1,0.277
64.98,1,0.266
64.99,1,0.261
65.00,1,0.256
65.01,1,0.248
65.02,1,0.244
65.03,1,0.248
65.04,1,0.241
65.05,1,0.229
65.06,1,0.236
65.07,1,0.268
65.08,1,0.267
65.09,1,0.286
65.10,1,0.322
65.11,1,0.328
65.12,1,0.338
65.13,1,0.379
65.14,1,0.360
65.15,1,0.301
65.16,1,0.212
65.17,1,0.165
65.18,1,0.143
65.19,1,0.152
65.20,1,0.207
65.21,1,0.235
65.22,1,0.277
65.23,1,0.337
65.24,1,0.363
65.25,1,0.327
65.26,1,0.279
65.27,1,0.247
65.28,1,0.262
65.29,1,0.284
65.30,1,0.289
65.31,1,0.285
65.32,1,0.255
65.33,1,0.229
65.34,1,0.207
65.35,1,0.189
65.36,1,0.204
65.37,1,0.231
65.38,1,0.267
65.39,1,0.328
65.40,1,0.357
65.41,1,0.370
65.42,1,0.350
65.43,1,0.273
65.44,1,0.217
65.45,1,0.207
65.46,1,0.211
65.47,1,0.243
65.48,1,0.246
65.49,1,0.242
65.50,1,0.227
65.51,1,0.227
65.52,1,0.231
65.53,1,0.268
65.54,1,0.295
65.55,1,0.320
65.56,1,0.354
65.57,1,0.363
65.58,1,0.347
65.59,1,0.333
65.60,1,0.330
65.61,1,0.332
65.62,1,0.328
65.63,1,0.314
65.64,1,0.306
65.65,1,0.292
65.66,1,0.269
65.67,1,0.276
65.68,1,0.274
65.69,1,0.267
65.70,1,0.269
65.71,1,0.275
65.72,1,0.283
65.73,1,0.303
65.74,1,0.315
65.75,1,0.313
65.76,1,0.301
65.77,1,0.292
65.78,1,0.271
65.79,1,0.258
65.80,1,0.250
65.81,1,0.231
65.82,1,0.213
65.83,1,0.202
65.84,1,0.190
65.85,1,0.205
65.86,1,0.208
65.87,1,0.212
65.88,1,0.226
65.89,1,0.237
65.90,1,0.248
65.91,1,0.258
65.92,1,0.266
65.93,1,0.272
65.94,1,0.272
65.95,1,0.273
65.96,1,0.263
65.97,1,0.268
65.98,1,0.272
65.99,1,0.273
66.00,1,0.279
66.01,1,0.310
66.02,1,0.335
66.03,1,0.342
66.04,1,0.333
66.05,1,0.334
66.06,1,0.321
66.07,1,0.302
66.08,1,0.303
66.09,1,0.308
66.10,1,0.297
66.11,1,0.284
66.12,1,0.277
66.13,1,0.273
66.14,1,0.280
66.15,1,0.283
66.16,1,0.288
66.17,1,0.317
66.18,1,0.347
66.19,1,0.386
66.20,1,0.456
66.21,1,0.580
66.22,1,0.648
66.23,1,0.725
66.24,1,0.743
66.25,1,0.688
66.26,1,0.686
66.27,1,0.629
66.28,1,0.606
66.29,1,0.629
66.30,1,0.598
66.31,1,0.683
66.32,1,0.740
66.33,1,0.787
66.34,1,0.971
66.35,1,1.212
66.36,1,1.398
66.37,1,1.467
66.38,1,1.357
66.39,1,1.314
66.40,1,1.241
66.41,1,1.273
66.42,1,1.350
66.43,1,1.420
66.44,1,1.270
66.45,1,0.738
66.46,1,0.173
66.47,1,0.104
66.48,1,0.105
66.49,1,0.107
66.50,1,0.096
66.51,1,0.104
66.52,1,0.120
66.53,1,0.112
66.54,1,0.115
66.55,1,0.129
66.56,1,0.137
66.57,1,0.150
66.58,1,0.171
66.59,1,0.179
66.60,1,0.184
66.61,1,0.177
66.62,1,0.163
66.63,1,0.159
66.64,1,0.156
66.65,1,0.154
66.66,1,0.139
66.67,1,0.123
66.68,1,0.122
66.69,1,0.127
66.70,1,0.153
66.71,1,0.193
66.72,1,0.234
66.73,1,0.255
66.74,1,0.304
66.75,1,0.354
66.76,1,0.441
66.77,1,0.569
66.78,1,1.685
66.79,1,1.365
66.80,1,0.630
66.81,1,0.293
66.82,1,0.120
66.83,1,0.091
66.84,1,0.110
66.85,1,0.156
66.86,1,0.198
66.87,1,0.241
66.88,1,0.283
66.89,1,0.326
66.90,1,0.352
66.91,1,0.365
66.92,1,0.366
66.93,1,0.341
66.94,1,0.292
66.95,1,0.254
66.96,1,0.267
66.97,1,0.259
66.98,1,0.251
66.99,1,0.250
67.00,1,0.267
67.01,1,0.288
67.02,1,0.332
67.03,1,0.367
67.04,1,0.385
67.05,1,0.344
67.06,1,0.269
67.07,1,0.220
67.08,1,0.186
67.09,1,0.183
67.10,1,0.183
67.11,1,0.202
67.12,1,0.253
67.13,1,0.369
67.14,1,0.401
67.15,1,0.213
67.16,1,0.130
67.17,1,0.146
67.18,1,0.153
67.19,1,0.162
67.20,1,0.190
67.21,1,0.246
67.22,1,0.295
67.23,1,0.346
67.24,1,0.399
67.25,1,0.485
67.26,1,0.508
67.27,1,0.626
67.28,1,0.878
67.29,1,1.183
67.30,1,0.891
67.31,1,0.527
67.32,1,0.224
67.33,1,0.161
67.34,1,0.132
67.35,1,0.156
67.36,1,0.187
67.37,1,0.215
67.38,1,0.282
67.39,1,0.356
67.40,1,0.420
67.41,1,0.452
67.42,1,0.472
67.43,1,0.462
67.44,1,0.448
67.45,1,0.427
67.46,1,0.497
67.47,1,0.442
67.48,1,0.354
67.49,1,0.278
67.50,1,0.229
67.51,1,0.245
67.52,1,0.254
67.53,1,0.241
67.54,1,0.228
67.55,1,0.219
67.56,1,0.182
67.57,1,0.168
67.58,1,0.169
67.59,1,0.169
67.60,1,0.181
67.61,1,0.202
67.62,1,0.215
67.63,1,0.231
67.64,1,0.264
67.65,1,0.278
67.66,1,0.287
67.67,1,0.290
67.68,1,0.254
67.69,1,0.229
67.70,1,0.192
67.71,1,0.200
67.72,1,0.216
67.73,1,0.229
67.74,1,0.253
67.75,1,0.294
67.76,1,0.311
67.77,1,0.357
67.78,1,0.388
67.79,1,0.384
67.80,1,0.212
67.81,1,0.157
67.82,1,0.195
67.83,1,0.197
67.84,1,0.213
67.85,1,0.234
67.86,1,0.245
67.87,1,0.267
67.88,1,0.314
67.89,1,0.363
67.90,1,0.440
67.91,1,0.517
67.92,1,0.584
67.93,1,0.679
67.94,1,0.743
67.95,1,0.815
67.96,1,0.664
67.97,1,0.402
67.98,1,0.276
67.99,1,0.153
68.00,1,0.127
68.01,1,0.119
68.02,1,0.127
68.03,1,0.124
68.04,1,0.141
68.05,1,0.162
68.06,1,0.198
68.07,1,0.233
68.08,1,0.386
68.09,1,0.644
68.10,1,0.920
68.11,1,0.722
68.12,1,0.326
68.13,1,0.138
68.14,1,0.119
68.15,1,0.131
68.16,1,0.174
68.17,1,0.169
68.18,1,0.156
68.19,1,0.162
68.20,1,0.181
68.21,1,0.189
68.22,1,0.219
68.23,1,0.253
68.24,1,0.272
68.25,1,0.298
68.26,1,0.318
68.27,1,0.320
68.28,1,0.316
68.29,1,0.294
68.30,1,0.277
68.31,1,0.253
68.32,1,0.257
68.33,1,0.262
68.34,1,0.269
68.35,1,0.267
68.36,1,0.264
68.37,1,0.275
68.38,1,0.274
68.39,1,0.256
68.40,1,0.254
68.41,1,0.258
68.42,1,0.242
68.43,1,0.246
68.44,1,0.257
68.45,1,0.276
68.46,1,0.266
68.47,1,0.235
68.48,1,0.159
68.49,1,0.157
68.50,1,0.195
68.51,1,0.237
68.52,1,0.296
68.53,1,0.382
68.54,1,0.457
68.55,1,0.533
68.56,1,0.587
68.57,1,0.612
68.58,1,0.526
68.59,1,0.438
68.60,1,0.359
68.61,1,0.369
68.62,1,0.370
68.63,1,0.363
68.64,1,0.338
68.65,1,0.298
68.66,1,0.256
68.67,1,0.245
68.68,1,0.282
68.69,1,0.325
68.70,1,0.366
68.71,1,0.418
68.72,1,0.422
68.73,1,0.410
68.74,1,0.360
68.75,1,0.296
68.76,1,0.236
68.77,1,0.218
68.78,1,0.222
68.79,1,0.248
68.80,1,0.268
68.81,1,0.292
68.82,1,0.310
68.83,1,0.326
68.84,1,0.317
68.85,1,0.332
68.86,1,0.343
68.87,1,0.316
68.88,1,0.289
68.89,1,0.252
68.90,1,0.227
68.91,1,0.221
68.92,1,0.227
68.93,1,0.245
68.94,1,0.308
68.95,1,0.364
68.96,1,0.414
68.97,1,0.420
68.98,1,0.409
68.99,1,0.353
69.00,1,0.342
69.01,1,0.325
69.02,1,0.352
69.03,1,0.338
69.04,1,0.446
69.05,1,0.575
69.06,1,0.767
69.07,1,0.966
69.08,1,1.051
69.09,1,0.898
69.10,1,0.754
69.11,1,0.863
69.12,1,0.640
69.13,1,0.326
69.14,1,0.174
69.15,1,0.141
69.16,1,0.165
69.17,1,0.228
69.18,1,0.199
69.19,1,0.193
69.20,1,0.197
69.21,1,0.177
69.22,1,0.150
69.23,1,0.178
69.24,1,0.218
69.25,1,0.288
69.26,1,0.397
69.27,1,0.553
69.28,1,0.877
69.29,1,0.484
69.30,1,0.278
69.31,1,0.190
69.32,1,0.146
69.33,1,0.185
69.34,1,0.215
69.35,1,0.269
69.36,1,0.289
69.37,1,0.315
69.38,1,0.329
69.39,1,0.353
69.40,1,0.334
69.41,1,0.374
69.42,1,0.381
69.43,1,0.366
69.44,1,0.348
69.45,1,0.355
69.46,1,0.305
69.47,1,0.287
69.48,1,0.296
69.49,1,0.204
69.50,1,0.188
69.51,1,0.220
69.52,1,0.226
69.53,1,0.264
69.54,1,0.322
69.55,1,0.393
69.56,1,0.402
69.57,1,0.444
69.58,1,0.406
69.59,1,0.404
69.60,1,0.386
69.61,1,0.374
69.62,1,0.315
69.63,1,0.304
69.64,1,0.310
69.65,1,0.289
69.66,1,0.334
69.67,1,0.393
69.68,1,0.386
69.69,1,0.320
69.70,1,0.213
69.71,1,0.157
69.72,1,0.132
69.73,1,0.132
69.74,1,0.131
69.75,1,0.137
69.76,1,0.147
69.77,1,0.151
69.78,1,0.160
69.79,1,0.189
69.80,1,0.186
69.81,1,0.167
69.82,1,0.166
69.83,1,0.156
69.84,1,0.157
69.85,1,0.185
69.86,1,0.202
69.87,1,0.200
69.88,1,0.218
69.89,1,0.239
69.90,1,0.224
69.91,1,0.245
69.92,1,0.296
69.93,1,0.308
69.94,1,0.196
69.95,1,0.150
69.96,1,0.152
69.97,1,0.137
69.98,1,0.147
69.99,1,0.144
70.00,1,0.128
70.01,1,0.118
70.02,1,0.147
70.03,1,0.171
70.04,1,0.202
70.05,1,0.233
70.06,1,0.276
70.07,1,0.297
70.08,1,0.321
70.09,1,0.320
70.10,1,0.345
70.11,1,0.279
70.12,1,0.251
70.13,1,0.190
70.14,1,0.184
70.15,1,0.166
70.16,1,0.171
70.17,1,0.160
70.18,1,0.159
70.19,1,0.152
70.20,1,0.159
70.21,1,0.161
70.22,1,0.176
70.23,1,0.221
70.24,1,0.280
70.25,1,0.355
70.26,1,0.410
70.27,1,0.497
70.28,1,0.416
70.29,1,0.218
70.30,1,0.227
70.31,1,0.255
70.32,1,0.219
70.33,1,0.217
70.34,1,0.222
70.35,1,0.235
70.36,1,0.255
70.37,1,0.267
70.38,1,0.301
70.39,1,0.313
70.40,1,0.304
70.41,1,0.312
70.42,1,0.386
70.43,1,0.404
70.44,1,0.452
70.45,1,0.513
70.46,1,0.455
70.47,1,0.374
70.48,1,0.320
70.49,1,0.263
70.50,1,0.224
70.51,1,0.209
70.52,1,0.226
70.53,1,0.248
70.54,1,0.246
70.55,1,0.263
70.56,1,0.282
70.57,1,0.301
70.58,1,0.306
70.59,1,0.442
70.60,1,0.506
70.61,1,0.603
70.62,1,0.367
70.63,1,0.221
70.64,1,0.160
70.65,1,0.206
70.66,1,0.248
70.67,1,0.272
70.68,1,0.304
70.69,1,0.321
70.70,1,0.347
70.71,1,0.373
70.72,1,0.397
70.73,1,0.395
70.74,1,0.396
70.75,1,0.382
70.76,1,0.343
70.77,1,0.350
70.78,1,0.359
70.79,1,0.369
70.80,1,0.354
70.81,1,0.263
70.82,1,0.280
70.83,1,0.280
70.84,1,0.274
70.85,1,0.266
70.86,1,0.285
70.87,1,0.290
70.88,1,0.298
70.89,1,0.312
70.90,1,0.322
70.91,1,0.300
70.92,1,0.290
70.93,1,0.276
70.94,1,0.294
70.95,1,0.327
70.96,1,0.360
70.97,1,0.414
70.98,1,0.454
70.99,1,0.434
71.00,1,0.429
71.01,1,0.480
71.02,1,0.442
71.03,1,0.533
71.04,1,0.614
71.05,1,0.830
71.06,1,0.945
71.07,1,0.918
71.08,1,0.950
71.09,1,1.000
71.10,1,0.901
71.11,1,0.572
71.12,1,0.407
71.13,1,0.282
71.14,1,0.247
71.15,1,0.212
71.16,1,0.193
71.17,1,0.215
71.18,1,0.216
71.19,1,0.255
71.20,1,0.320
71.21,1,0.335
71.22,1,0.326
71.23,1,0.329
71.24,1,0.312
71.25,1,0.286
71.26,1,0.270
71.27,1,0.279
71.28,1,0.294
71.29,1,0.299
71.30,1,0.313
71.31,1,0.320
71.32,1,0.353
71.33,1,0.366
71.34,1,0.406
71.35,1,0.489
71.36,1,0.533
71.37,1,0.556
71.38,1,0.744
71.39,1,0.822
71.40,1,1.309
71.41,1,0.949
71.42,1,0.772
71.43,1,0.426
71.44,1,0.193
71.45,1,0.190
71.46,1,0.174
71.47,1,0.250
71.48,1,0.257
71.49,1,0.276
71.50,1,0.290
71.51,1,0.308
71.52,1,0.286
71.53,1,0.303
71.54,1,0.325
71.55,1,0.377
71.56,1,0.441
71.57,1,0.477
71.58,1,0.509
71.59,1,0.422
71.60,1,0.267
71.61,1,0.237
71.62,1,0.204
71.63,1,0.194
71.64,1,0.191
71.65,1,0.191
71.66,1,0.183
71.67,1,0.165
71.68,1,0.161
71.69,1,0.155
71.70,1,0.157
71.71,1,0.167
71.72,1,0.187
71.73,1,0.210
71.74,1,0.232
71.75,1,0.237
71.76,1,0.241
71.77,1,0.248
71.78,1,0.241
71.79,1,0.225
71.80,1,0.216
71.81,1,0.200
71.82,1,0.183
71.83,1,0.197
71.84,1,0.192
71.85,1,0.204
71.86,1,0.225
71.87,1,0.216
71.88,1,0.204
71.89,1,0.203
71.90,1,0.234
71.91,1,0.278
71.92,1,0.390
71.93,1,0.641
71.94,1,0.752
71.95,1,0.798
71.96,1,0.754
71.97,1,0.782
71.98,1,0.942
71.99,0,
72.00,0,
72.01,0,
72.02,0,
72.03,0,
72.04,0,
72.05,0,
72.06,0,
72.07,0,
72.08,0,
72.09,0,
72.10,0,
72.11,0,
72.12,0,
72.13,0,
72.14,0,
72.15,0,
72.16,0,
72.17,0,
72.18,0,
72.19,0,
72.20,0,
72.21,0,
72.22,0,
72.23,0,
72.24,0,
72.25,0,
72.26,0,
72.27,0,
72.28,0,
72.29,0,
72.30,0,
72.31,0,
72.32,0,
72.33,0,
72.34,0,
72.35,0,
72.36,0,
72.37,0,
72.38,0,
72.39,0,
72.40,0,
72.41,0,
72.42,0,
72.43,0,
72.44,0,
72.45,0,
72.46,0,
72.47,0,
72.48,0,
72.49,0,
72.50,0,
72.51,0,
72.52,0,
72.53,0,
72.54,0,
72.55,0,
72.56,0,
72.57,0,
72.58,0,
72.59,0,
72.60,0,
72.61,0,
72.62,0,
72.63,0,
72.64,0,
72.65,0,
72.66,0,
72.67,0,
72.68,0,
72.69,0,
72.70,0,
72.71,0,
72.72,0,
72.73,0,
72.74,0,
72.75,0,
72.76,0,
72.77,0,
72.78,0,
72.79,0,
72.80,0,
72.81,0,
72.82,0,
72.83,0,
72.84,0,
72.85,0,
72.86,0,
72.87,0,
72.88,0,
72.89,0,
72.90,0,
72.91,0,
72.92,0,
72.93,0,
72.94,0,
72.95,0,
72.96,0,
72.97,0,
72.98,0,
72.99,0,
73.00,0,
73.01,0,
73.02,0,
73.03,0,
73.04,0,
73.05,0,
73.06,0,
73.07,0,
73.08,0,
73.09,0,
73.10,0,
73.11,0,
73.12,0,
73.13,0,
73.14,0,
73.15,0,
73.16,0,
73.17,0,
73.18,0,
73.19,0,
73.20,0,
73.21,0,
73.22,0,
73.23,0,
73.24,0,
73.25,0,
73.26,0,
73.27,0,
73.28,0,
73.29,0,
73.30,0,
73.31,0,
73.32,0,
73.33,0,
73.34,0,
73.35,0,
73.36,0,
73.37,0,
73.38,0,
73.39,0,
73.40,0,
73.41,0,
73.42,0,
73.43,0,
73.44,0,
73.45,0,
73.46,0,
73.47,0,
73.48,0,
73.49,0,
73.50,0,
73.51,0,
73.52,0,
73.53,0,
73.54,0,
73.55,0,
73.56,0,
73.57,0,
73.58,0,
73.59,0,
73.60,0,
73.61,0,
73.62,0,
73.63,0,
73.64,0,
73.65,0,
73.66,0,
73.67,0,
73.68,0,
73.69,0,
73.70,0,
73.71,0,
73.72,0,
73.73,0,
73.74,0,
73.75,0,
73.76,0,
73.77,0,
73.78,0,
73.79,0,
73.80,0,
73.81,0,
73.82,0,
73.83,0,
73.84,0,
73.85,0,
73.86,0,
73.87,0,
73.88,0,
73.89,0,
73.90,0,
73.91,0,
73.92,0,
73.93,0,
73.94,0,
73.95,0,
73.96,0,
73.97,0,
73.98,0,
73.99,0,
74.00,0,
74.01,0,
74.02,0,
74.03,0,
74.04,0,
74.05,0,
74.06,0,
74.07,0,
74.08,0,
74.09,0,
74.10,0,
74.11,0,
74.12,0,
74.13,0,
74.14,0,
74.15,0,
74.16,0,
74.17,0,
74.18,0,
74.19,0,
74.20,0,
74.21,0,
74.22,0,
74.23,0,
74.24,0,
74.25,0,
74.26,0,
74.27,0,
74.28,0,
74.29,0,
74.30,0,
74.31,0,
74.32,0,
74.33,0,
74.34,0,
74.35,0,
74.36,0,
74.37,0,
74.38,0,
74.39,0,
74.40,0,
74.41,0,
74.42,0,
74.43,0,
74.44,0,
74.45,0,
74.46,0,
74.47,0,
74.48,0,
74.49,0,
74.50,0,
74.51,0,
74.52,0,
74.53,0,
74.54,0,
74.55,0,
74.56,0,
74.57,0,
74.58,0,
74.59,0,
74.60,0,
74.61,0,
74.62,0,
74.63,0,
74.64,0,
74.65,0,
74.66,0,
74.67,0,
74.68,0,
74.69,0,
74.70,0,
74.71,0,
74.72,0,
74.73,0,
74.74,0,
74.75,0,
74.76,0,
74.77,0,
74.78,0,
74.79,0,
74.80,0,
74.81,0,
74.82,0,
74.83,0,
74.84,0,
74.85,0,
74.86,0,
74.87,0,
74.88,0,
74.89,0,
74.90,0,
74.91,0,
74.92,0,
74.93,0,
74.94,0,
74.95,0,
74.96,0,
74.97,0,
74.98,0,
74.99,0,
75.00,0,
75.01,0,
75.02,0,
75.03,0,
75.04,0,
75.05,0,
75.06,0,
75.07,0,
75.08,0,
75.09,0,
75.10,0,
75.11,0,
75.12,0,
75.13,0,
75.14,0,
75.15,0,
75.16,0,
75.17,0,
75.18,0,
75.19,0,
75.20,0,
75.21,0,
75.22,0,
75.23,0,
75.24,0,
75.25,0,
75.26,0,
75.27,0,
75.28,0,
75.29,0,
75.30,0,
75.31,0,
75.32,0,
75.33,0,
75.34,0,
75.35,0,
75.36,0,
75.37,0,
75.38,0,
75.39,0,
75.40,0,
75.41,0,
75.42,0,
75.43,0,
75.44,0,
75.45,0,
75.46,0,
75.47,0,
75.48,0,
75.49,0,
75.50,0,
75.51,0,
75.52,0,
75.53,0,
75.54,0,
75.55,0,
75.56,0,
75.57,0,
75.58,0,
75.59,0,
75.60,0,
75.61,0,
75.62,0,
75.63,0,
75.64,0,
75.65,0,
75.66,0,
75.67,0,
75.68,0,
75.69,0,
75.70,0,
75.71,0,
75.72,0,
75.73,0,
75.74,0,
75.75,0,
75.76,0,
75.77,0,
75.78,0,
75.79,0,
75.80,0,
75.81,0,
75.82,0,
75.83,0,
75.84,0,
75.85,0,
75.86,0,
75.87,0,
75.88,0,
75.89,0,
75.90,0,
75.91,0,
75.92,0,
75.93,0,
75.94,0,
75.95,0,
75.96,0,
75.97,0,
75.98,0,
75.99,0,
76.00,0,
76.01,0,
76.02,0,
76.03,0,
76.04,0,
76.05,0,
76.06,0,
76.07,0,
76.08,0,
76.09,0,
76.10,0,
76.11,0,
76.12,0,
76.13,0,
76.14,0,
76.15,0,
76.16,0,
76.17,0,
76.18,0,
76.19,0,
76.20,0,
76.21,0,
76.22,0,
76.23,0,
76.24,0,
76.25,0,
76.26,0,
76.27,0,
76.28,0,
76.29,0,
76.30,0,
76.31,0,
76.32,0,
76.33,0,
76.34,0,
76.35,0,
76.36,0,
76.37,0,
76.38,0,
76.39,0,
76.40,0,
76.41,0,
76.42,0,
76.43,0,
76.44,0,
76.45,0,
76.46,0,
76.47,0,
76.48,0,
76.49,0,
76.50,0,
76.51,0,
76.52,0,
76.53,0,
76.54,0,
76.55,0,
76.56,0,
76.57,0,
76.58,0,
76.59,0,
76.60,0,
76.61,0,
76.62,0,
76.63,0,
76.64,0,
76.65,0,
76.66,0,
76.67,0,
76.68,0,
76.69,0,
76.70,0,
76.71,0,
76.72,0,
76.73,0,
76.74,0,
76.75,0,
76.76,0,
76.77,0,
76.78,0,
76.79,0,
76.80,0,
76.81,0,
76.82,0,
76.83,0,
76.84,0,
76.85,0,
76.86,0,
76.87,0,
76.88,0,
76.89,0,
76.90,0,
76.91,0,
76.92,0,
76.93,0,
76.94,0,
76.95,0,
76.96,0,
76.97,0,
76.98,0,
76.99,0,
77.00,0,
77.01,0,
77.02,0,
77.03,0,
77.04,0,
77.05,0,
77.06,0,
77.07,0,
77.08,0,
77.09,0,
77.10,0,
77.11,0,
77.12,0,
77.13,0,
77.14,0,
77.15,0,
77.16,0,
77.17,0,
77.18,0,
77.19,0,
77.20,0,
77.21,0,
77.22,0,
77.23,0,
77.24,0,
77.25,0,
77.26,0,
77.27,0,
77.28,0,
77.29,0,
77.30,0,
77.31,0,
77.32,0,
77.33,0,
77.34,0,
77.35,0,
77.36,0,
77.37,0,
77.38,0,
77.39,0,
77.40,0,
77.41,0,
77.42,0,
77.43,0,
77.44,0,
77.45,0,
77.46,0,
77.47,0,
77.48,0,
77.49,0,
77.50,0,
77.51,0,
77.52,0,
77.53,0,
77.54,0,
77.55,0,
77.56,0,
77.57,0,
77.58,0,
77.59,0,
77.60,0,
77.61,0,
77.62,0,
77.63,0,
77.64,0,
77.65,0,
77.66,0,
77.67,0,
77.68,0,
77.69,0,
77.70,0,
77.71,0,
77.72,0,
77.73,0,
77.74,0,
77.75,0,
77.76,0,
77.77,0,
77.78,0,
77.79,0,
77.80,0,
77.81,0,
77.82,0,
77.83,0,
77.84,0,
77.85,0,
77.86,0,
77.87,0,
77.88,0,
77.89,0,
77.90,0,
77.91,0,
77.92,0,
77.93,0,
77.94,0,
77.95,0,
77.96,0,
77.97,0,
77.98,0,
77.99,0,
78.00,0,
78.01,0,
78.02,0,
78.03,0,
78.04,0,
78.05,0,
78.06,0,
78.07,0,
78.08,0,
78.09,0,
78.10,0,
78.11,0,
78.12,0,
78.13,0,
78.14,0,
78.15,0,
78.16,0,
78.17,0,
78.18,0,
78.19,0,
78.20,0,
78.21,0,
78.22,0,
78.23,0,
78.24,0,
78.25,0,
78.26,0,
78.27,0,
78.28,0,
78.29,0,
78.30,0,
78.31,0,
78.32,0,
78.33,0,
78.34,0,
78.35,0,
78.36,0,
78.37,0,
78.38,0,
78.39,0,
78.40,0,
78.41,0,
78.42,0,
78.43,0,
78.44,0,
78.45,0,
78.46,0,
78.47,0,
78.48,0,
78.49,0,
78.50,0,
78.51,0,
78.52,0,
78.53,0,
78.54,0,
78.55,0,
78.56,0,
78.57,0,
78.58,0,
78.59,0,
78.60,0,
78.61,0,
78.62,0,
78.63,0,
78.64,0,
78.65,0,
78.66,0,
78.67,0,
78.68,0,
78.69,0,
78.70,0,
78.71,0,
78.72,0,
78.73,0,
78.74,0,
78.75,0,
78.76,0,
78.77,0,
78.78,0,
78.79,0,
78.80,0,
78.81,0,
78.82,0,
78.83,0,
78.84,0,
78.85,0,
78.86,0,
78.87,0,
78.88,0,
78.89,0,
78.90,0,
78.91,0,
78.92,0,
78.93,0,
78.94,0,
78.95,0,
78.96,0,
78.97,0,
78.98,0,
78.99,0,
79.00,0,
79.01,0,
79.02,0,
79.03,0,
79.04,0,
79.05,0,
79.06,0,
79.07,0,
79.08,0,
79.09,0,
79.10,0,
79.11,0,
79.12,0,
79.13,0,
79.14,0,
79.15,0,
79.16,0,
79.17,0,
79.18,0,
79.19,0,
79.20,0,
79.21,0,
79.22,0,
79.23,0,
79.24,0,
79.25,0,
79.26,0,
79.27,0,
79.28,0,
79.29,0,
79.30,0,
79.31,0,
79.32,0,
79.33,0,
79.34,0,
79.35,0,
79.36,0,
79.37,0,
79.38,0,
79.39,0,
79.40,0,
79.41,0,
79.42,0,
79.43,0,
79.44,0,
79.45,0,
79.46,0,
79.47,0,
79.48,0,
79.49,0,
79.50,0,
79.51,0,
79.52,0,
79.53,0,
79.54,0,
79.55,0,
79.56,0,
79.57,0,
79.58,0,
79.59,0,
79.60,0,
79.61,0,
79.62,0,
79.63,0,
79.64,0,
79.65,0,
79.66,0,
79.67,0,
79.68,0,
79.69,0,
79.70,0,
79.71,0,
79.72,0,
79.73,0,
79.74,0,
79.75,0,
79.76,0,
79.77,0,
79.78,0,
79.79,0,
79.80,0,
79.81,0,
79.82,0,
79.83,0,
79.84,0,
79.85,0,
79.86,0,
79.87,0,
79.88,0,
79.89,0,
79.90,0,
79.91,0,
79.92,0,
79.93,0,
79.94,0,
79.95,0,
79.96,0,
79.97,0,
79.98,0,
79.99,0,
80.00,0,
80.01,0,
80.02,0,
80.03,0,
80.04,0,
80.05,0,
80.06,0,
80.07,0,
80.08,0,
80.09,0,
80.10,0,
80.11,0,
80.12,0,
80.13,0,
80.14,0,
80.15,0,
80.16,0,
80.17,0,
80.18,0,
80.19,0,
80.20,0,
80.21,0,
80.22,0,
80.23,0,
80.24,0,
80.25,0,
80.26,0,
80.27,0,
80.28,0,
80.29,0,
80.30,0,
80.31,0,
80.32,0,
80.33,0,
80.34,0,
80.35,0,
80.36,0,
80.37,0,
80.38,0,
80.39,0,
80.40,0,
80.41,0,
80.42,0,
80.43,0,
80.44,0,
80.45,0,
80.46,0,
80.47,0,
80.48,0,
80.49,0,
80.50,0,
80.51,0,
80.52,0,
80.53,0,
80.54,0,
80.55,0,
80.56,0,
80.57,0,
80.58,0,
80.59,0,
80.60,0,
80.61,0,
80.62,0,
80.63,0,
80.64,0,
80.65,0,
80.66,0,
80.67,0,
80.68,0,
80.69,0,
80.70,0,
80.71,0,
80.72,0,
80.73,0,
80.74,0,
80.75,0,
80.76,0,
80.77,0,
80.78,0,
80.79,0,
80.80,0,
80.81,0,
80.82,0,
80.83,0,
80.84,0,
80.85,0,
80.86,0,
80.87,0,
80.88,0,
80.89,0,
80.90,0,
80.91,0,
80.92,0,
80.93,0,
80.94,0,
80.95,0,
80.96,0,
80.97,0,
80.98,0,
80.99,0,
81.00,0,
81.01,0,
81.02,0,
81.03,0,
81.04,0,
81.05,0,
81.06,0,
81.07,0,
81.08,0,
81.09,0,
81.10,0,
81.11,0,
81.12,0,
81.13,0,
81.14,0,
81.15,0,
81.16,0,
81.17,0,
81.18,0,
81.19,0,
81.20,0,
81.21,0,
81.22,0,
81.23,0,
81.24,0,
81.25,0,
81.26,0,
81.27,0,
81.28,0,
81.29,0,
81.30,0,
81.31,0,
81.32,0,
81.33,0,
81.34,0,
81.35,0,
81.36,0,
81.37,0,
81.38,0,
81.39,0,
81.40,0,
81.41,0,
81.42,0,
81.43,0,
81.44,0,
81.45,0,
81.46,0,
81.47,0,
81.48,0,
81.49,0,
81.50,0,
81.51,0,
81.52,0,
81.53,0,
81.54,0,
81.55,0,
81.56,0,
81.57,0,
81.58,0,
81.59,0,
81.60,0,
81.61,0,
81.62,0,
81.63,0,
81.64,0,
81.65,0,
81.66,0,
81.67,0,
81.68,0,
81.69,0,
81.70,0,
81.71,0,
81.72,0,
81.73,0,
81.74,0,
81.75,0,
81.76,0,
81.77,0,
81.78,0,
81.79,0,
81.80,0,
81.81,0,
81.82,0,
81.83,0,
81.84,0,
81.85,0,
81.86,0,
81.87,0,
81.88,0,
81.89,0,
81.90,0,
81.91,0,
81.92,0,
81.93,0,
81.94,0,
81.95,0,
81.96,0,
81.97,0,
81.98,0,
81.99,0,
82.00,0,
82.01,0,
82.02,0,
82.03,0,
82.04,0,
82.05,0,
82.06,0,
82.07,0,
82.08,0,
82.09,0,
82.10,0,
82.11,0,
82.12,0,
82.13,0,
82.14,0,
82.15,0,
82.16,0,
82.17,0,
82.18,0,
82.19,0,
82.20,0,
82.21,0,
82.22,0,
82.23,0,
82.24,0,
82.25,0,
82.26,0,
82.27,0,
82.28,0,
82.29,0,
82.30,0,
82.31,0,
82.32,0,
82.33,0,
82.34,0,
82.35,0,
82.36,0,
82.37,0,
82.38,0,
82.39,1,0.118
82.40,1,0.064
82.41,1,0.027
82.42,1,0.022
82.43,1,0.018
82.44,1,0.016
82.45,1,0.016
82.46,1,0.016
82.47,1,0.015
82.48,1,0.016
82.49,1,0.017
82.50,1,0.021
82.51,1,0.027
82.52,1,0.032
82.53,1,0.039
82.54,1,0.047
82.55,1,0.050
82.56,1,0.059
82.57,1,0.066
82.58,1,0.063
82.59,1,0.060
82.60,1,0.056
82.61,1,0.046
82.62,1,0.041
82.63,1,0.038
82.64,1,0.036
82.65,1,0.034
82.66,1,0.031
82.67,1,0.024
82.68,1,0.030
82.69,1,0.034
82.70,1,0.036
82.71,1,0.034
82.72,1,0.036
82.73,1,0.035
82.74,1,0.035
82.75,1,0.035
82.76,1,0.038
82.77,1,0.037
82.78,1,0.038
82.79,1,0.039
82.80,1,0.040
82.81,1,0.044
82.82,1,0.043
82.83,1,0.039
82.84,1,0.037
82.85,1,0.033
82.86,1,0.029
82.87,1,0.029
82.88,1,0.038
82.89,1,0.046
82.90,1,0.055
82.91,1,0.062
82.92,1,0.068
82.93,1,0.059
82.94,1,0.049
82.95,1,0.036
82.96,1,0.036
82.97,1,0.050
82.98,1,0.058
82.99,1,0.062
83.00,1,0.071
83.01,1,0.071
83.02,1,0.063
83.03,1,0.057
83.04,1,0.058
83.05,1,0.062
83.06,1,0.072
83.07,1,0.091
83.08,1,0.129
83.09,1,0.245
83.10,1,0.346
83.11,1,0.305
83.12,1,0.111
83.13,1,0.084
83.14,1,0.047
83.15,1,0.035
83.16,1,0.030
83.17,1,0.026
83.18,1,0.023
83.19,1,0.025
83.20,1,0.029
83.21,1,0.040
83.22,1,0.057
83.23,1,0.076
83.24,1,0.142
83.25,1,0.467
83.26,1,0.627
83.27,1,0.499
83.28,1,0.380
83.29,1,0.317
83.30,1,0.091
83.31,1,0.065
83.32,1,0.058
83.33,1,0.050
83.34,1,0.047
83.35,1,0.052
83.36,1,0.059
83.37,1,0.063
83.38,1,0.063
83.39,1,0.058
83.40,1,0.048
83.41,1,0.038
83.42,1,0.036
83.43,1,0.039
83.44,1,0.044
83.45,1,0.054
83.46,1,0.058
83.47,1,0.059
83.48,1,0.054
83.49,1,0.044
83.50,1,0.034
83.51,1,0.034
83.52,1,0.043
83.53,1,0.051
83.54,1,0.063
83.55,1,0.073
83.56,1,0.073
83.57,1,0.069
83.58,1,0.072
83.59,1,0.073
83.60,1,0.078
83.61,1,0.077
83.62,1,0.074
83.63,1,0.081
83.64,1,0.085
83.65,1,0.086
83.66,1,0.090
83.67,1,0.086
83.68,1,0.082
83.69,1,0.077
83.70,1,0.069
83.71,1,0.068
83.72,1,0.068
83.73,1,0.061
83.74,1,0.061
83.75,1,0.070
83.76,1,0.083
83.77,1,0.086
83.78,1,0.084
83.79,1,0.080
83.80,1,0.070
83.81,1,0.061
83.82,1,0.058
83.83,1,0.054
83.84,1,0.050
83.85,1,0.053
83.86,1,0.060
83.87,1,0.059
83.88,1,0.064
83.89,1,0.076
83.90,1,0.078
83.91,1,0.079
83.92,1,0.088
83.93,1,0.088
83.94,1,0.084
83.95,1,0.090
83.96,1,0.088
83.97,1,0.084
83.98,1,0.085
83.99,1,0.081
84.00,1,0.076
84.01,1,0.082
84.02,1,0.081
84.03,1,0.078
84.04,1,0.079
84.05,1,0.077
84.06,1,0.077
84.07,1,0.093
84.08,1,0.126
84.09,1,0.382
84.10,1,0.488
84.11,1,0.244
84.12,1,0.167
84.13,1,0.089
84.14,1,0.051
84.15,1,0.040
84.16,1,0.035
84.17,1,0.026
84.18,1,0.026
84.19,1,0.027
84.20,1,0.031
84.21,1,0.032
84.22,1,0.035
84.23,1,0.036
84.24,1,0.041
84.25,1,0.048
84.26,1,0.053
84.27,1,0.060
84.28,1,0.066
84.29,1,0.070
84.30,1,0.066
84.31,1,0.060
84.32,1,0.053
84.33,1,0.041
84.34,1,0.028
84.35,1,0.029
84.36,1,0.033
84.37,1,0.039
84.38,1,0.042
84.39,1,0.050
84.40,1,0.062
84.41,1,0.073
84.42,1,0.085
84.43,1,0.100
84.44,1,0.120
84.45,1,0.133
84.46,1,0.155
84.47,1,0.134
84.48,1,0.094
84.49,1,0.067
84.50,1,0.054
84.51,1,0.043
84.52,1,0.039
84.53,1,0.038
84.54,1,0.037
84.55,1,0.040
84.56,1,0.049
84.57,1,0.060
84.58,1,0.087
84.59,1,0.209
84.60,1,0.327
84.61,1,0.250
84.62,1,0.060
84.63,1,0.044
84.64,1,0.047
84.65,1,0.051
84.66,1,0.049
84.67,1,0.044
84.68,1,0.043
84.69,1,0.041
84.70,1,0.045
84.71,1,0.047
84.72,1,0.054
84.73,1,0.062
84.74,1,0.070
84.75,1,0.097
84.76,1,0.227
84.77,1,0.464
84.78,1,0.164
84.79,1,0.080
84.80,1,0.071
84.81,1,0.067
84.82,1,0.057
84.83,1,0.043
84.84,1,0.034
84.85,1,0.029
84.86,1,0.026
84.87,1,0.024
84.88,1,0.025
84.89,1,0.024
84.90,1,0.022
84.91,1,0.019
84.92,1,0.020
84.93,1,0.021
84.94,1,0.021
84.95,1,0.024
84.96,1,0.025
84.97,1,0.027
84.98,1,0.029
84.99,1,0.029
85.00,1,0.031
85.01,1,0.039
85.02,1,0.043
85.03,1,0.049
85.04,1,0.054
85.05,1,0.052
85.06,1,0.049
85.07,1,0.055
85.08,1,0.063
85.09,1,0.074
85.10,1,0.060
85.11,1,0.052
85.12,1,0.050
85.13,1,0.043
85.14,1,0.042
85.15,1,0.050
85.16,1,0.057
85.17,1,0.063
85.18,1,0.077
85.19,1,0.087
85.20,1,0.085
85.21,1,0.082
85.22,1,0.078
85.23,1,0.071
85.24,1,0.068
85.25,1,0.068
85.26,1,0.068
85.27,1,0.068
85.28,1,0.065
85.29,1,0.055
85.30,1,0.047
85.31,1,0.049
85.32,1,0.049
85.33,1,0.049
85.34,1,0.048
85.35,1,0.048
85.36,1,0.045
85.37,1,0.046
85.38,1,0.056
85.39,1,0.073
85.40,1,0.086
85.41,1,0.116
85.42,1,0.148
85.43,1,0.146
85.44,1,0.099
85.45,1,0.068
85.46,1,0.066
85.47,1,0.072
85.48,1,0.079
85.49,1,0.080
85.50,1,0.088
85.51,1,0.091
85.52,1,0.091
85.53,1,0.095
85.54,1,0.114
85.55,1,0.147
85.56,1,0.172
85.57,1,0.171
85.58,1,0.159
85.59,1,0.151
85.60,1,0.146
85.61,1,0.149
85.62,1,0.148
85.63,1,0.154
85.64,1,0.138
85.65,1,0.093
85.66,1,0.065
85.67,1,0.056
85.68,1,0.052
85.69,1,0.058
85.70,1,0.066
85.71,1,0.082
85.72,1,0.111
85.73,1,0.178
85.74,1,0.273
85.75,1,0.390
85.76,1,0.451
85.77,1,0.227
85.78,1,0.069
85.79,1,0.040
85.80,1,0.035
85.81,1,0.036
85.82,1,0.037
85.83,1,0.039
85.84,1,0.045
85.85,1,0.052
85.86,1,0.056
85.87,1,0.054
85.88,1,0.055
85.89,1,0.055
85.90,1,0.053
85.91,1,0.064
85.92,1,0.087
85.93,1,0.104
85.94,1,0.127
85.95,1,0.150
85.96,1,0.131
85.97,1,0.084
85.98,1,0.073
85.99,1,0.060
86.00,1,0.051
86.01,1,0.046
86.02,1,0.044
86.03,1,0.042
86.04,1,0.044
86.05,1,0.046
86.06,1,0.051
86.07,1,0.055
86.08,1,0.054
86.09,1,0.052
86.10,1,0.047
86.11,1,0.039
86.12,1,0.033
86.13,1,0.028
86.14,1,0.027
86.15,1,0.026
86.16,1,0.029
86.17,1,0.034
86.18,1,0.044
86.19,1,0.045
86.20,1,0.047
86.21,1,0.050
86.22,1,0.051
86.23,1,0.053
86.24,1,0.064
86.25,1,0.076
86.26,1,0.084
86.27,1,0.087
86.28,1,0.086
86.29,1,0.080
86.30,1,0.067
86.31,1,0.062
86.32,1,0.067
86.33,1,0.085
86.34,1,0.100
86.35,1,0.108
86.36,1,0.111
86.37,1,0.111
86.38,1,0.118
86.39,1,0.121
86.40,1,0.123
86.41,1,0.127
86.42,1,0.117
86.43,1,0.092
86.44,1,0.079
86.45,1,0.071
86.46,1,0.070
86.47,1,0.060
86.48,1,0.064
86.49,1,0.049
86.50,1,0.040
86.51,1,0.037
86.52,1,0.041
86.53,1,0.039
86.54,1,0.045
86.55,1,0.057
86.56,1,0.065
86.57,1,0.073
86.58,1,0.082
86.59,1,0.080
86.60,1,0.075
86.61,1,0.074
86.62,1,0.068
86.63,1,0.071
86.64,1,0.087
86.65,1,0.098
86.66,1,0.105
86.67,1,0.111
86.68,1,0.109
86.69,1,0.104
86.70,1,0.105
86.71,1,0.124
86.72,1,0.166
86.73,1,0.288
86.74,1,0.684
86.75,1,0.999
86.76,1,1.418
86.77,1,1.268
86.78,1,0.708
86.79,1,0.198
86.80,1,0.100
86.81,1,0.055
86.82,1,0.039
86.83,1,0.035
86.84,1,0.037
86.85,1,0.037
86.86,1,0.038
86.87,1,0.044
86.88,1,0.046
86.89,1,0.050
86.90,1,0.053
86.91,1,0.058
86.92,1,0.057
86.93,1,0.053
86.94,1,0.054
86.95,1,0.055
86.96,1,0.056
86.97,1,0.055
86.98,1,0.060
86.99,1,0.059
87.00,1,0.055
87.01,1,0.055
87.02,1,0.053
87.03,1,0.047
87.04,1,0.045
87.05,1,0.048
87.06,1,0.051
87.07,1,0.055
87.08,1,0.065
87.09,1,0.077
87.10,1,0.085
87.11,1,0.100
87.12,1,0.123
87.13,1,0.116
87.14,1,0.074
87.15,1,0.063
87.16,1,0.060
87.17,1,0.058
87.18,1,0.061
87.19,1,0.066
87.20,1,0.069
87.21,1,0.071
87.22,1,0.071
87.23,1,0.076
87.24,1,0.083
87.25,1,0.089
87.26,1,0.093
87.27,1,0.103
87.28,1,0.123
87.29,1,0.140
87.30,1,0.156
87.31,1,0.127
87.32,1,0.106
87.33,1,0.084
87.34,1,0.071
87.35,1,0.071
87.36,1,0.080
87.37,1,0.098
87.38,1,0.114
87.39,1,0.151
87.40,1,0.209
87.41,1,0.273
87.42,1,0.362
87.43,1,0.548
87.44,1,0.606
87.45,1,0.667
87.46,1,0.390
87.47,1,0.240
87.48,1,0.149
87.49,1,0.091
87.50,1,0.062
87.51,1,0.056
87.52,1,0.053
87.53,1,0.048
87.54,1,0.046
87.55,1,0.042
87.56,1,0.037
87.57,1,0.034
87.58,1,0.033
87.59,1,0.039
87.60,1,0.046
87.61,1,0.049
87.62,1,0.050
87.63,1,0.048
87.64,1,0.042
87.65,1,0.039
87.66,1,0.041
87.67,1,0.049
87.68,1,0.057
87.69,1,0.068
87.70,1,0.077
87.71,1,0.086
87.72,1,0.092
87.73,1,0.094
87.74,1,0.092
87.75,1,0.092
87.76,1,0.095
87.77,1,0.113
87.78,1,0.147
87.79,1,0.139
87.80,1,0.110
87.81,1,0.081
87.82,1,0.059
87.83,1,0.047
87.84,1,0.045
87.85,1,0.049
87.86,1,0.050
87.87,1,0.053
87.88,1,0.057
87.89,1,0.064
87.90,1,0.068
87.91,1,0.072
87.92,1,0.077
87.93,1,0.081
87.94,1,0.083
87.95,1,0.096
87.96,1,0.126
87.97,1,0.135
87.98,1,0.129
87.99,1,0.116
88.00,1,0.103
88.01,1,0.098
88.02,1,0.097
88.03,1,0.090
88.04,1,0.086
88.05,1,0.081
88.06,1,0.075
88.07,1,0.068
88.08,1,0.067
88.09,1,0.067
88.10,1,0.062
88.11,1,0.059
88.12,1,0.056
88.13,1,0.050
88.14,1,0.050
88.15,1,0.053
88.16,1,0.060
88.17,1,0.070
88.18,1,0.087
88.19,1,0.103
88.20,1,0.113
88.21,1,0.120
88.22,1,0.118
88.23,1,0.110
88.24,1,0.096
88.25,1,0.083
88.26,1,0.070
88.27,1,0.061
88.28,1,0.050
88.29,1,0.043
88.30,1,0.039
88.31,1,0.037
88.32,1,0.044
88.33,1,0.047
88.34,1,0.051
88.35,1,0.051
88.36,1,0.053
88.37,1,0.052
88.38,1,0.061
88.39,1,0.069
88.40,1,0.075
88.41,1,0.079
88.42,1,0.076
88.43,1,0.069
88.44,1,0.063
88.45,1,0.063
88.46,1,0.063
88.47,1,0.067
88.48,1,0.065
88.49,1,0.065
88.50,1,0.059
88.51,1,0.056
88.52,1,0.055
88.53,1,0.055
88.54,1,0.050
88.55,1,0.048
88.56,1,0.049
88.57,1,0.050
88.58,1,0.050
88.59,1,0.048
88.60,1,0.046
88.61,1,0.042
88.62,1,0.040
88.63,1,0.039
88.64,1,0.047
88.65,1,0.055
88.66,1,0.059
88.67,1,0.071
88.68,1,0.089
88.69,1,0.110
88.70,1,0.183
88.71,1,0.286
88.72,1,0.369
88.73,1,0.689
88.74,1,0.729
88.75,1,0.625
88.76,1,0.462
88.77,1,0.444
88.78,1,0.455
88.79,1,0.352
88.80,1,0.144
88.81,1,0.039
88.82,1,0.029
88.83,1,0.027
88.84,1,0.028
88.85,1,0.031
88.86,1,0.034
88.87,1,0.039
88.88,1,0.044
88.89,1,0.048
88.90,1,0.053
88.91,1,0.058
88.92,1,0.060
88.93,1,0.058
88.94,1,0.056
88.95,1,0.051
88.96,1,0.046
88.97,1,0.047
88.98,1,0.049
88.99,1,0.052
89.00,1,0.051
89.01,1,0.052
89.02,1,0.058
89.03,1,0.059
89.04,1,0.066
89.05,1,0.076
89.06,1,0.085
89.07,1,0.082
89.08,1,0.083
89.09,1,0.080
89.10,1,0.071
89.11,1,0.072
89.12,1,0.063
89.13,1,0.044
89.14,1,0.037
89.15,1,0.036
89.16,1,0.038
89.17,1,0.040
89.18,1,0.048
89.19,1,0.053
89.20,1,0.057
89.21,1,0.058
89.22,1,0.060
89.23,1,0.058
89.24,1,0.055
89.25,1,0.053
89.26,1,0.055
89.27,1,0.061
89.28,1,0.073
89.29,1,0.091
89.30,1,0.105
89.31,1,0.104
89.32,1,0.104
89.33,1,0.096
89.34,1,0.092
89.35,1,0.092
89.36,1,0.080
89.37,1,0.070
89.38,1,0.071
89.39,1,0.074
89.40,1,0.082
89.41,1,0.109
89.42,1,0.144
89.43,1,0.243
89.44,1,0.321
89.45,1,0.375
89.46,1,0.414
89.47,1,0.290
89.48,1,0.072
89.49,1,0.045
89.50,1,0.039
89.51,1,0.040
89.52,1,0.042
89.53,1,0.043
89.54,1,0.046
89.55,1,0.053
89.56,1,0.063
89.57,1,0.074
89.58,1,0.085
89.59,1,0.084
89.60,1,0.077
89.61,1,0.071
89.62,1,0.065
89.63,1,0.061
89.64,1,0.055
89.65,1,0.039
89.66,1,0.032
89.67,1,0.028
89.68,1,0.027
89.69,1,0.027
89.70,1,0.031
89.71,1,0.030
89.72,1,0.040
89.73,1,0.045
89.74,1,0.046
89.75,1,0.047
89.76,1,0.048
89.77,1,0.040
89.78,1,0.039
89.79,1,0.039
89.80,1,0.037
89.81,1,0.036
89.82,1,0.036
89.83,1,0.036
89.84,1,0.036
89.85,1,0.039
89.86,1,0.040
89.87,1,0.041
89.88,1,0.040
89.89,1,0.037
89.90,1,0.036
89.91,1,0.035
89.92,1,0.032
89.93,1,0.030
89.94,1,0.027
89.95,1,0.027
89.96,1,0.030
89.97,1,0.034
89.98,1,0.042
89.99,1,0.053
90.00,1,0.066
90.01,1,0.087
90.02,1,0.127
90.03,1,0.285
90.04,1,0.569
90.05,1,0.880
90.06,1,0.918
90.07,1,0.798
90.08,1,0.886
90.09,1,1.032
90.10,1,1.019
90.11,1,0.975
90.12,1,0.854
90.13,1,0.430
90.14,1,0.075
90.15,1,0.057
90.16,1,0.056
90.17,1,0.056
90.18,1,0.053
90.19,1,0.051
90.20,1,0.053
90.21,1,0.047
90.22,1,0.045
90.23,1,0.047
90.24,1,0.049
90.25,1,0.054
90.26,1,0.057
90.27,1,0.059
90.28,1,0.069
90.29,1,0.079
90.30,1,0.097
90.31,1,0.113
90.32,1,0.138
90.33,1,0.163
90.34,1,0.167
90.35,1,0.126
90.36,1,0.110
90.37,1,0.067
90.38,1,0.066
90.39,1,0.069
90.40,1,0.086
90.41,1,0.101
90.42,1,0.125
90.43,1,0.142
90.44,1,0.177
90.45,1,0.216
90.46,1,0.357
90.47,1,0.555
90.48,1,0.648
90.49,1,0.848
90.50,1,1.036
90.51,1,1.242
90.52,1,1.013
90.53,1,0.933
90.54,1,0.643
90.55,1,0.368
90.56,1,0.200
90.57,1,0.112
90.58,1,0.041
90.59,1,0.031
90.60,1,0.031
90.61,1,0.031
90.62,1,0.030
90.63,1,0.032
90.64,1,0.034
90.65,1,0.034
90.66,1,0.034
90.67,1,0.038
90.68,1,0.044
90.69,1,0.050
90.70,1,0.047
90.71,1,0.040
90.72,1,0.035
90.73,1,0.033
90.74,1,0.038
90.75,1,0.045
90.76,1,0.053
90.77,1,0.059
90.78,1,0.066
90.79,1,0.073
90.80,1,0.080
90.81,1,0.095
90.82,1,0.118
90.83,1,0.088
90.84,1,0.035
90.85,1,0.024
90.86,1,0.027
90.87,1,0.027
90.88,1,0.029
90.89,1,0.031
90.90,1,0.031
90.91,1,0.029
90.92,1,0.032
90.93,1,0.039
90.94,1,0.044
90.95,1,0.049
90.96,1,0.050
90.97,1,0.051
90.98,1,0.050
90.99,1,0.050
91.00,1,0.047
91.01,1,0.048
91.02,1,0.045
91.03,1,0.048
91.04,1,0.067
91.05,1,0.093
91.06,1,0.172
91.07,1,0.321
91.08,1,0.483
91.09,1,0.519
91.10,1,0.531
91.11,1,0.586
91.12,1,0.652
91.13,1,0.671
91.14,0,
91.15,0,
91.16,0,
91.17,0,
91.18,0,
91.19,0,
91.20,0,
91.21,0,
91.22,0,
91.23,0,
91.24,0,
91.25,1,0.738
91.26,1,0.666
91.27,1,0.488
91.28,1,0.279
91.29,1,0.248
91.30,1,0.095
91.31,1,0.050
91.32,1,0.035
91.33,1,0.030
91.34,1,0.026
91.35,1,0.026
91.36,1,0.026
91.37,1,0.031
91.38,1,0.039
91.39,1,0.051
91.40,1,0.063
91.41,1,0.195
91.42,1,0.276
91.43,1,0.277
91.44,1,0.252
91.45,1,0.191
91.46,1,0.175
91.47,1,0.150
91.48,1,0.097
91.49,1,0.057
91.50,1,0.052
91.51,1,0.049
91.52,1,0.040
91.53,1,0.033
91.54,1,0.032
91.55,1,0.029
91.56,1,0.030
91.57,1,0.034
91.58,1,0.038
91.59,1,0.042
91.60,1,0.048
91.61,1,0.052
91.62,1,0.058
91.63,1,0.070
91.64,1,0.083
91.65,1,0.097
91.66,1,0.118
91.67,1,0.169
91.68,1,0.186
91.69,1,0.140
91.70,1,0.125
91.71,1,0.116
91.72,1,0.107
91.73,1,0.092
91.74,1,0.059
91.75,1,0.037
91.76,1,0.030
91.77,1,0.032
91.78,1,0.034
91.79,1,0.035
91.80,1,0.038
91.81,1,0.038
91.82,1,0.037
91.83,1,0.037
91.84,1,0.042
91.85,1,0.053
91.86,1,0.063
91.87,1,0.078
91.88,1,0.114
91.89,1,0.139
91.90,1,0.109
91.91,1,0.085
91.92,1,0.058
91.93,1,0.039
91.94,1,0.034
91.95,1,0.033
91.96,1,0.032
91.97,1,0.037
91.98,1,0.042
91.99,1,0.048
92.00,1,0.059
92.01,1,0.074
92.02,1,0.086
92.03,1,0.107
92.04,1,0.177
92.05,1,0.325
92.06,1,0.346
92.07,1,0.366
92.08,1,0.197
92.09,1,0.106
92.10,1,0.083
92.11,1,0.060
92.12,1,0.040
92.13,1,0.044
92.14,1,0.045
92.15,1,0.042
92.16,1,0.041
92.17,1,0.041
92.18,1,0.031
92.19,1,0.027
92.20,1,0.028
92.21,1,0.026
92.22,1,0.026
92.23,1,0.028
92.24,1,0.035
92.25,1,0.040
92.26,1,0.044
92.27,1,0.046
92.28,1,0.050
92.29,1,0.047
92.30,1,0.047
92.31,1,0.051
92.32,1,0.063
92.33,1,0.061
92.34,1,0.179
92.35,1,0.525
92.36,1,0.591
92.37,1,0.484
92.38,1,0.387
92.39,1,0.189
92.40,1,0.073
92.41,1,0.056
92.42,1,0.050
92.43,1,0.047
92.44,1,0.052
92.45,1,0.066
92.46,1,0.086
92.47,1,0.135
92.48,1,0.223
92.49,1,0.246
92.50,1,0.151
92.51,1,0.083
92.52,1,0.030
92.53,1,0.021
92.54,1,0.021
92.55,1,0.020
92.56,1,0.023
92.57,1,0.035
92.58,1,0.038
92.59,1,0.050
92.60,1,0.060
92.61,1,0.070
92.62,1,0.078
92.63,1,0.088
92.64,1,0.095
92.65,1,0.104
92.66,1,0.103
92.67,1,0.102
92.68,1,0.100
92.69,1,0.090
92.70,1,0.081
92.71,1,0.073
92.72,1,0.056
92.73,1,0.045
92.74,1,0.037
92.75,1,0.034
92.76,1,0.032
92.77,1,0.031
92.78,1,0.032
92.79,1,0.037
92.80,1,0.043
92.81,1,0.048
92.82,1,0.063
92.83,1,0.082
92.84,1,0.084
92.85,1,0.097
92.86,1,0.115
92.87,1,0.136
92.88,1,0.171
92.89,1,0.273
92.90,1,0.256
92.91,1,0.226
92.92,1,0.185
92.93,1,0.182
92.94,1,0.194
92.95,1,0.202
92.96,1,0.205
92.97,1,0.103
92.98,1,0.073
92.99,1,0.032
93.00,1,0.029
93.01,1,0.028
93.02,1,0.027
93.03,1,0.026
93.04,1,0.032
93.05,1,0.033
93.06,1,0.036
93.07,1,0.034
93.08,1,0.033
93.09,1,0.041
93.10,1,0.068
93.11,1,0.037
93.12,1,0.033
93.13,1,0.017
93.14,1,0.015
93.15,1,0.024
93.16,1,0.041
93.17,1,0.048
93.18,1,0.053
93.19,1,0.061
93.20,1,0.061
93.21,1,0.065
93.22,1,0.084
93.23,1,0.092
93.24,1,0.102
93.25,1,0.113
93.26,1,0.102
93.27,1,0.087
93.28,1,0.078
93.29,1,0.053
93.30,1,0.043
93.31,1,0.045
93.32,1,0.047
93.33,1,0.065
93.34,1,0.076
93.35,1,0.077
93.36,1,0.089
93.37,1,0.104
93.38,1,0.096
93.39,1,0.095
93.40,1,0.093
93.41,1,0.077
93.42,1,0.071
93.43,1,0.066
93.44,1,0.074
93.45,1,0.082
93.46,1,0.078
93.47,1,0.076
93.48,1,0.073
93.49,1,0.075
93.50,1,0.088
93.51,1,0.097
93.52,1,0.126
93.53,1,0.150
93.54,1,0.159
93.55,1,0.191
93.56,1,0.250
93.57,1,0.313
93.58,1,0.455
93.59,1,0.882
93.60,1,1.026
93.61,1,1.136
93.62,1,1.097
93.63,1,0.593
93.64,1,0.343
93.65,1,0.192
93.66,1,0.131
93.67,1,0.091
93.68,1,0.059
93.69,1,0.037
93.70,1,0.038
93.71,1,0.038
93.72,1,0.042
93.73,1,0.046
93.74,1,0.046
93.75,1,0.042
93.76,1,0.036
93.77,1,0.028
93.78,1,0.021
93.79,1,0.027
93.80,1,0.038
93.81,1,0.047
93.82,1,0.056
93.83,1,0.069
93.84,1,0.081
93.85,1,0.089
93.86,1,0.097
93.87,1,0.101
93.88,1,0.094
93.89,1,0.084
93.90,1,0.070
93.91,1,0.055
93.92,1,0.039
93.93,1,0.027
93.94,1,0.020
93.95,1,0.019
93.96,1,0.021
93.97,1,0.029
93.98,1,0.037
93.99,1,0.052
94.00,1,0.072
94.01,1,0.091
94.02,1,0.107
94.03,1,0.120
94.04,1,0.128
94.05,1,0.132
94.06,1,0.120
94.07,1,0.114
94.08,1,0.113
94.09,1,0.108
94.10,1,0.115
94.11,1,0.165
94.12,1,0.314
94.13,1,0.101
94.14,1,0.039
94.15,1,0.031
94.16,1,0.030
94.17,1,0.035
94.18,1,0.041
94.19,1,0.053
94.20,1,0.056
94.21,1,0.057
94.22,1,0.058
94.23,1,0.060
94.24,1,0.065
94.25,1,0.074
94.26,1,0.084
94.27,1,0.088
94.28,1,0.088
94.29,1,0.084
94.30,1,0.077
94.31,1,0.070
94.32,1,0.061
94.33,1,0.062
94.34,1,0.061
94.35,1,0.060
94.36,1,0.064
94.37,1,0.067
94.38,1,0.067
94.39,1,0.068
94.40,1,0.068
94.41,1,0.067
94.42,1,0.072
94.43,1,0.076
94.44,1,0.093
94.45,1,0.130
94.46,1,0.200
94.47,1,0.192
94.48,1,0.104
94.49,1,0.074
94.50,1,0.061
94.51,1,0.051
94.52,1,0.048
94.53,1,0.049
94.54,1,0.052
94.55,1,0.056
94.56,1,0.057
94.57,1,0.055
94.58,1,0.058
94.59,1,0.060
94.60,1,0.067
94.61,1,0.080
94.62,1,0.092
94.63,1,0.098
94.64,1,0.107
94.65,1,0.113
94.66,1,0.112
94.67,1,0.109
94.68,1,0.105
94.69,1,0.097
94.70,1,0.088
94.71,1,0.079
94.72,1,0.074
94.73,1,0.071
94.74,1,0.071
94.75,1,0.080
94.76,1,0.096
94.77,1,0.101
94.78,1,0.109
94.79,1,0.104
94.80,1,0.090
94.81,1,0.077
94.82,1,0.063
94.83,1,0.056
94.84,1,0.063
94.85,1,0.064
94.86,1,0.066
94.87,1,0.066
94.88,1,0.062
94.89,1,0.058
94.90,1,0.055
94.91,1,0.061
94.92,1,0.069
94.93,1,0.073
94.94,1,0.076
94.95,1,0.080
94.96,1,0.070
94.97,1,0.061
94.98,1,0.051
94.99,1,0.043
95.00,1,0.034
95.01,1,0.030
95.02,1,0.028
95.03,1,0.028
95.04,1,0.030
95.05,1,0.032
95.06,1,0.036
95.07,1,0.045
95.08,1,0.060
95.09,1,0.074
95.10,1,0.100
95.11,1,0.136
95.12,1,0.135
95.13,1,0.107
95.14,1,0.085
95.15,1,0.058
95.16,1,0.036
95.17,1,0.042
95.18,1,0.061
95.19,1,0.091
95.20,1,0.115
95.21,1,0.152
95.22,1,0.226
95.23,1,0.267
95.24,1,0.254
95.25,1,0.427
95.26,1,0.623
95.27,1,0.533
95.28,1,0.113
95.29,1,0.072
95.30,1,0.058
95.31,1,0.049
95.32,1,0.040
95.33,1,0.042
95.34,1,0.044
95.35,1,0.043
95.36,1,0.047
95.37,1,0.052
95.38,1,0.058
95.39,1,0.066
95.40,1,0.074
95.41,1,0.085
95.42,1,0.103
95.43,1,0.128
95.44,1,0.161
95.45,1,0.195
95.46,1,0.196
95.47,1,0.143
95.48,1,0.086
95.49,1,0.049
95.50,1,0.043
95.51,1,0.036
95.52,1,0.037
95.53,1,0.045
95.54,1,0.060
95.55,1,0.068
95.56,1,0.074
95.57,1,0.070
95.58,1,0.059
95.59,1,0.049
95.60,1,0.036
95.61,1,0.028
95.62,1,0.031
95.63,1,0.038
95.64,1,0.042
95.65,1,0.043
95.66,1,0.044
95.67,1,0.047
95.68,1,0.048
95.69,1,0.050
95.70,1,0.052
95.71,1,0.056
95.72,1,0.065
95.73,1,0.084
95.74,1,0.103
95.75,1,0.137
95.76,1,0.135
95.77,1,0.138
95.78,1,0.118
95.79,1,0.103
95.80,1,0.097
95.81,1,0.086
95.82,1,0.070
95.83,1,0.061
95.84,1,0.055
95.85,1,0.049
95.86,1,0.050
95.87,1,0.049
95.88,1,0.060
95.89,1,0.072
95.90,1,0.081
95.91,1,0.090
95.92,1,0.090
95.93,1,0.073
95.94,1,0.065
95.95,1,0.062
95.96,1,0.068
95.97,1,0.073
95.98,1,0.077
95.99,1,0.077
96.00,1,0.074
96.01,1,0.066
96.02,1,0.064
96.03,1,0.057
96.04,1,0.057
96.05,1,0.059
96.06,1,0.061
96.07,1,0.056
96.08,1,0.058
96.09,1,0.061
96.10,1,0.070
96.11,1,0.068
96.12,1,0.075
96.13,1,0.084
96.14,1,0.081
96.15,1,0.072
96.16,1,0.068
96.17,1,0.060
96.18,1,0.060
96.19,1,0.074
96.20,1,0.100
96.21,1,0.137
96.22,1,0.207
96.23,1,0.403
96.24,1,0.727
96.25,1,0.850
96.26,1,1.042
96.27,1,0.667
96.28,1,0.441
96.29,1,0.284
96.30,1,0.124
96.31,1,0.093
96.32,1,0.066
96.33,1,0.051
96.34,1,0.049
96.35,1,0.049
96.36,1,0.048
96.37,1,0.055
96.38,1,0.062
96.39,1,0.065
96.40,1,0.068
96.41,1,0.074
96.42,1,0.075
96.43,1,0.076
96.44,1,0.092
96.45,1,0.099
96.46,1,0.100
96.47,1,0.106
96.48,1,0.101
96.49,1,0.087
96.50,1,0.078
96.51,1,0.075
96.52,1,0.065
96.53,1,0.065
96.54,1,0.067
96.55,1,0.069
96.56,1,0.070
96.57,1,0.071
96.58,1,0.067
96.59,1,0.059
96.60,1,0.058
96.61,1,0.063
96.62,1,0.068
96.63,1,0.075
96.64,1,0.078
96.65,1,0.093
96.66,1,0.083
96.67,1,0.071
96.68,1,0.086
96.69,1,0.085
96.70,1,0.082
96.71,1,0.086
96.72,1,0.093
96.73,1,0.096
96.74,1,0.118
96.75,1,0.136
96.76,1,0.167
96.77,1,0.249
96.78,1,0.251
96.79,1,0.296
96.80,1,0.254
96.81,1,0.144
96.82,1,0.109
96.83,1,0.058
96.84,1,0.050
96.85,1,0.049
96.86,1,0.047
96.87,1,0.050
96.88,1,0.063
96.89,1,0.068
96.90,1,0.067
96.91,1,0.067
96.92,1,0.067
96.93,1,0.069
96.94,1,0.067
96.95,1,0.063
96.96,1,0.056
96.97,1,0.053
96.98,1,0.048
96.99,1,0.045
97.00,1,0.048
97.01,1,0.047
97.02,1,0.045
97.03,1,0.051
97.04,1,0.060
97.05,1,0.062
97.06,1,0.086
97.07,1,0.111
97.08,1,0.127
97.09,1,0.164
97.10,1,0.221
97.11,1,0.317
97.12,1,0.375
97.13,1,0.557
97.14,1,0.495
97.15,1,0.159
97.16,1,0.072
97.17,1,0.052
97.18,1,0.042
97.19,1,0.037
97.20,1,0.040
97.21,1,0.048
97.22,1,0.061
97.23,1,0.093
97.24,1,0.141
97.25,1,0.218
97.26,1,0.330
97.27,1,0.406
97.28,1,0.610
97.29,1,0.754
97.30,1,0.566
97.31,1,0.344
97.32,1,0.179
97.33,1,0.136
97.34,1,0.101
97.35,1,0.076
97.36,1,0.061
97.37,1,0.060
97.38,1,0.056
97.39,1,0.069
97.40,1,0.103
97.41,1,0.147
97.42,1,0.204
97.43,1,0.303
97.44,1,0.486
97.45,1,0.481
97.46,1,0.173
97.47,1,0.104
97.48,1,0.076
97.49,1,0.062
97.50,1,0.054
97.51,1,0.066
97.52,1,0.080
97.53,1,0.097
97.54,1,0.117
97.55,1,0.136
97.56,1,0.139
97.57,1,0.141
97.58,1,0.144
97.59,1,0.129
97.60,1,0.109
97.61,1,0.083
97.62,1,0.068
97.63,1,0.054
97.64,1,0.052
97.65,1,0.051
97.66,1,0.059
97.67,1,0.066
97.68,1,0.068
97.69,1,0.079
97.70,1,0.079
97.71,1,0.076
97.72,1,0.077
97.73,1,0.081
97.74,1,0.080
97.75,1,0.112
97.76,1,0.144
97.77,1,0.192
97.78,1,0.224
97.79,1,0.129
97.80,1,0.078
97.81,1,0.060
97.82,1,0.049
97.83,1,0.050
97.84,1,0.053
97.85,1,0.061
97.86,1,0.063
97.87,1,0.064
97.88,1,0.076
97.89,1,0.090
97.90,1,0.105
97.91,1,0.147
97.92,1,0.292
97.93,1,0.372
97.94,1,0.104
97.95,1,0.062
97.96,1,0.062
97.97,1,0.061
97.98,1,0.058
97.99,1,0.064
98.00,1,0.075
98.01,1,0.078
98.02,1,0.088
98.03,1,0.094
98.04,1,0.093
98.05,1,0.086
98.06,1,0.085
98.07,1,0.090
98.08,1,0.101
98.09,1,0.129
98.10,1,0.183
98.11,1,0.312
98.12,1,0.298
98.13,1,0.147
98.14,1,0.106
98.15,1,0.101
98.16,1,0.099
98.17,1,0.096
98.18,1,0.095
98.19,1,0.090
98.20,1,0.079
98.21,1,0.070
98.22,1,0.066
98.23,1,0.068
98.24,1,0.071
98.25,1,0.076
98.26,1,0.079
98.27,1,0.077
98.28,1,0.075
98.29,1,0.067
98.30,1,0.060
98.31,1,0.050
98.32,1,0.044
98.33,1,0.046
98.34,1,0.053
98.35,1,0.072
98.36,1,0.101
98.37,1,0.146
98.38,1,0.212
98.39,1,0.346
98.40,1,0.453
98.41,1,0.456
98.42,1,0.370
98.43,1,0.344
98.44,1,0.370
98.45,1,0.365
98.46,1,0.219
98.47,1,0.116
98.48,1,0.088
98.49,1,0.077
98.50,1,0.065
98.51,1,0.059
98.52,1,0.063
98.53,1,0.063
98.54,1,0.057
98.55,1,0.060
98.56,1,0.064
98.57,1,0.066
98.58,1,0.085
98.59,1,0.124
98.60,1,0.155
98.61,1,0.170
98.62,1,0.196
98.63,1,0.203
98.64,1,0.194
98.65,1,0.167
98.66,1,0.128
98.67,1,0.089
98.68,1,0.072
98.69,1,0.064
98.70,1,0.059
98.71,1,0.053
98.72,1,0.050
98.73,1,0.049
98.74,1,0.047
98.75,1,0.047
98.76,1,0.050
98.77,1,0.047
98.78,1,0.047
98.79,1,0.046
98.80,1,0.041
98.81,1,0.035
98.82,1,0.035
98.83,1,0.037
98.84,1,0.045
98.85,1,0.054
98.86,1,0.061
98.87,1,0.074
98.88,1,0.092
98.89,1,0.113
98.90,1,0.170
98.91,1,0.308
98.92,1,0.450
98.93,1,0.537
98.94,1,0.677
98.95,1,0.375
98.96,1,0.160
98.97,1,0.062
98.98,1,0.037
98.99,1,0.045
99.00,1,0.049
99.01,1,0.045
99.02,1,0.051
99.03,1,0.063
99.04,1,0.062
99.05,1,0.072
99.06,1,0.074
99.07,1,0.070
99.08,1,0.066
99.09,1,0.057
99.10,1,0.058
99.11,1,0.059
99.12,1,0.055
99.13,1,0.061
99.14,1,0.071
99.15,1,0.083
99.16,1,0.103
99.17,1,0.151
99.18,1,0.384
99.19,1,0.489
99.20,1,0.423
99.21,1,0.319
99.22,1,0.118
99.23,1,0.091
99.24,1,0.079
99.25,1,0.083
99.26,1,0.083
99.27,1,0.081
99.28,1,0.083
99.29,1,0.094
99.30,1,0.086
99.31,1,0.085
99.32,1,0.085
99.33,1,0.076
99.34,1,0.059
99.35,1,0.057
99.36,1,0.061
99.37,1,0.070
99.38,1,0.076
99.39,1,0.081
99.40,1,0.085
99.41,1,0.081
99.42,1,0.079
99.43,1,0.078
99.44,1,0.074
99.45,1,0.077
99.46,1,0.078
99.47,1,0.072
99.48,1,0.063
99.49,1,0.054
99.50,1,0.041
99.51,1,0.036
99.52,1,0.034
99.53,1,0.040
99.54,1,0.047
99.55,1,0.052
99.56,1,0.055
99.57,1,0.057
99.58,1,0.057
99.59,1,0.055
99.60,1,0.053
99.61,1,0.053
99.62,1,0.053
99.63,1,0.053
99.64,1,0.055
99.65,1,0.055
99.66,1,0.055
99.67,1,0.051
99.68,1,0.049
99.69,1,0.052
99.70,1,0.055
99.71,1,0.061
99.72,1,0.060
99.73,1,0.062
99.74,1,0.067
99.75,1,0.079
99.76,1,0.114
99.77,1,0.199
99.78,1,0.378
99.79,1,0.554
99.80,1,0.486
99.81,1,0.362
99.82,1,0.187
99.83,1,0.139
99.84,1,0.130
99.85,1,0.115
99.86,1,0.114
99.87,1,0.135
99.88,1,0.192
99.89,1,0.290
99.90,1,0.340
99.91,1,0.317
99.92,1,0.264
99.93,1,0.254
99.94,1,0.223
99.95,1,0.199
99.96,1,0.211
99.97,1,0.206
99.98,1,0.126
99.99,1,0.078
100.00,1,0.049
100.01,1,0.039
100.02,1,0.040
100.03,1,0.042
100.04,1,0.045
100.05,1,0.049
100.06,1,0.058
100.07,1,0.063
100.08,1,0.063
100.09,1,0.066
100.10,1,0.072
100.11,1,0.076
100.12,1,0.078
100.13,1,0.081
100.14,1,0.078
100.15,1,0.069
100.16,1,0.059
100.17,1,0.055
100.18,1,0.053
100.19,1,0.049
100.20,1,0.050
100.21,1,0.068
100.22,1,0.077
100.23,1,0.077
100.24,1,0.069
100.25,1,0.064
100.26,1,0.067
100.27,1,0.075
100.28,1,0.093
100.29,1,0.144
100.30,1,0.151
100.31,1,0.132
100.32,1,0.087
100.33,1,0.059
100.34,1,0.051
100.35,1,0.047
100.36,1,0.045
100.37,1,0.047
100.38,1,0.053
100.39,1,0.063
100.40,1,0.066
100.41,1,0.067
100.42,1,0.068
100.43,1,0.074
100.44,1,0.080
100.45,1,0.070
100.46,1,0.067
100.47,1,0.064
100.48,1,0.058
100.49,1,0.049
100.50,1,0.054
100.51,1,0.060
100.52,1,0.065
100.53,1,0.084
100.54,1,0.121
100.55,1,0.116
100.56,1,0.100
100.57,1,0.087
100.58,1,0.070
100.59,1,0.068
100.60,1,0.065
100.61,1,0.064
100.62,1,0.065
100.63,1,0.062
100.64,1,0.060
100.65,1,0.057
100.66,1,0.051
100.67,1,0.050
100.68,1,0.058
100.69,1,0.066
100.70,1,0.104
100.71,1,0.224
100.72,1,0.595
100.73,1,0.904
100.74,1,0.936
100.75,1,0.667
100.76,1,0.311
100.77,1,0.170
100.78,1,0.141
100.79,1,0.095
100.80,1,0.064
100.81,1,0.044
100.82,1,0.035
100.83,1,0.030
100.84,1,0.031
100.85,1,0.036
100.86,1,0.046
100.87,1,0.047
100.88,1,0.048
100.89,1,0.050
100.90,1,0.046
100.91,1,0.047
100.92,1,0.059
100.93,1,0.067
100.94,1,0.071
100.95,1,0.074
100.96,1,0.070
100.97,1,0.067
100.98,1,0.061
100.99,1,0.054
101.00,1,0.047
101.01,1,0.044
101.02,1,0.048
101.03,1,0.059
101.04,1,0.064
101.05,1,0.078
101.06,1,0.117
101.07,1,0.165
101.08,1,0.170
101.09,1,0.181
101.10,1,0.153
101.11,1,0.092
101.12,1,0.074
101.13,1,0.065
101.14,1,0.050
101.15,1,0.038
101.16,1,0.034
101.17,1,0.031
101.18,1,0.028
101.19,1,0.024
101.20,1,0.026
101.21,1,0.025
101.22,1,0.025
101.23,1,0.030
101.24,1,0.036
101.25,1,0.038
101.26,1,0.045
101.27,1,0.050
101.28,1,0.048
101.29,1,0.045
101.30,1,0.047
101.31,1,0.049
101.32,1,0.056
101.33,1,0.059
101.34,1,0.056
101.35,1,0.052
101.36,1,0.052
101.37,1,0.050
101.38,1,0.054
101.39,1,0.069
101.40,1,0.080
101.41,1,0.086
101.42,1,0.094
101.43,1,0.097
101.44,1,0.099
101.45,1,0.095
101.46,1,0.088
101.47,1,0.081
101.48,1,0.070
101.49,1,0.062
101.50,1,0.057
101.51,1,0.056
101.52,1,0.053
101.53,1,0.053
101.54,1,0.050
101.55,1,0.053
101.56,1,0.054
101.57,1,0.061
101.58,1,0.075
101.59,1,0.085
101.60,1,0.085
101.61,1,0.088
101.62,1,0.089
101.63,1,0.081
101.64,1,0.075
101.65,1,0.071
101.66,1,0.060
101.67,1,0.061
101.68,1,0.070
101.69,1,0.075
101.70,1,0.090
101.71,1,0.132
101.72,1,0.319
101.73,1,0.515
101.74,1,0.681
101.75,1,0.747
101.76,1,0.409
101.77,1,0.252
101.78,1,0.090
101.79,1,0.062
101.80,1,0.047
101.81,1,0.046
101.82,1,0.043
101.83,1,0.042
101.84,1,0.047
101.85,1,0.048
101.86,1,0.055
101.87,1,0.064
101.88,1,0.077
101.89,1,0.064
101.90,1,0.056
101.91,1,0.050
101.92,1,0.046
101.93,1,0.046
101.94,1,0.050
101.95,1,0.056
101.96,1,0.065
101.97,1,0.074
101.98,1,0.064
101.99,1,0.048
102.00,1,0.038
102.01,1,0.036
102.02,1,0.039
102.03,1,0.050
102.04,1,0.068
102.05,1,0.121
102.06,1,0.256
102.07,1,0.440
102.08,1,0.386
102.09,1,0.338
102.10,1,0.145
102.11,1,0.102
102.12,1,0.062
102.13,1,0.041
102.14,1,0.034
102.15,1,0.030
102.16,1,0.026
102.17,1,0.022
102.18,1,0.021
102.19,1,0.022
102.20,1,0.026
102.21,1,0.030
102.22,1,0.034
102.23,1,0.045
102.24,1,0.058
102.25,1,0.076
102.26,1,0.093
102.27,1,0.110
102.28,1,0.112
102.29,1,0.086
102.30,1,0.066
102.31,1,0.051
102.32,1,0.042
102.33,1,0.039
102.34,1,0.038
102.35,1,0.040
102.36,1,0.043
102.37,1,0.049
102.38,1,0.055
102.39,1,0.064
102.40,1,0.065
102.41,1,0.066
102.42,1,0.065
102.43,1,0.060
102.44,1,0.067
102.45,1,0.079
102.46,1,0.076
102.47,1,0.060
102.48,1,0.055
102.49,1,0.050
102.50,1,0.048
102.51,1,0.051
102.52,1,0.065
102.53,1,0.086
102.54,1,0.120
102.55,1,0.178
102.56,1,0.239
102.57,1,0.339
102.58,1,0.611
102.59,1,0.845
102.60,1,1.418
102.61,1,1.357
102.62,1,0.451
102.63,1,0.225
102.64,1,0.119
102.65,1,0.084
102.66,1,0.074
102.67,1,0.065
102.68,1,0.062
102.69,1,0.063
102.70,1,0.064
102.71,1,0.068
102.72,1,0.077
102.73,1,0.076
102.74,1,0.075
102.75,1,0.076
102.76,1,0.075
102.77,1,0.089
102.78,1,0.100
102.79,1,0.107
102.80,1,0.110
102.81,1,0.097
102.82,1,0.064
102.83,1,0.057
102.84,1,0.054
102.85,1,0.053
102.86,1,0.056
102.87,1,0.056
102.88,1,0.054
102.89,1,0.052
102.90,1,0.048
102.91,1,0.045
102.92,1,0.039
102.93,1,0.037
102.94,1,0.032
102.95,1,0.029
102.96,1,0.027
102.97,1,0.025
102.98,1,0.023
102.99,1,0.024
103.00,1,0.022
103.01,1,0.023
103.02,1,0.025
103.03,1,0.028
103.04,1,0.035
103.05,1,0.055
103.06,1,0.092
103.07,1,0.148
103.08,1,0.198
103.09,1,0.210
103.10,1,0.185
103.11,1,0.177
103.12,1,0.213
103.13,1,0.368
103.14,1,0.669
103.15,0,
103.16,0,
103.17,0,
103.18,0,
103.19,0,
103.20,0,
103.21,0,
103.22,0,
103.23,0,
103.24,0,
103.25,0,
103.26,0,
103.27,0,
103.28,0,
103.29,0,
103.30,0,
103.31,0,
103.32,0,
103.33,0,
103.34,0,
103.35,0,
103.36,0,
103.37,0,
103.38,0,
103.39,0,
103.40,0,
103.41,0,
103.42,0,
103.43,0,
103.44,0,
103.45,0,
103.46,0,
103.47,0,
103.48,0,
103.49,0,
103.50,0,
103.51,0,
103.52,0,
103.53,0,
103.54,0,
103.55,0,
103.56,0,
103.57,0,
103.58,0,
103.59,0,
103.60,0,
103.61,0,
103.62,0,
103.63,0,
103.64,0,
103.65,0,
103.66,0,
103.67,0,
103.68,0,
103.69,0,
103.70,0,
103.71,0,
103.72,0,
103.73,0,
103.74,0,
103.75,0,
103.76,0,
103.77,0,
103.78,0,
103.79,0,
103.80,0,
103.81,0,
103.82,0,
103.83,0,
103.84,0,
103.85,0,
103.86,1,0.033
103.87,1,0.027
103.88,1,0.023
103.89,1,0.023
103.90,1,0.024
103.91,1,0.027
103.92,1,0.030
103.93,1,0.034
103.94,1,0.040
103.95,1,0.052
103.96,1,0.067
103.97,1,0.089
103.98,1,0.120
103.99,1,0.117
104.00,1,0.063
104.01,1,0.040
104.02,1,0.027
104.03,1,0.025
104.04,1,0.022
104.05,1,0.025
104.06,1,0.027
104.07,1,0.028
104.08,1,0.028
104.09,1,0.029
104.10,1,0.028
104.11,1,0.025
104.12,1,0.024
104.13,1,0.020
104.14,1,0.015
104.15,1,0.014
104.16,1,0.016
104.17,1,0.018
104.18,1,0.021
104.19,1,0.024
104.20,1,0.029
104.21,1,0.033
104.22,1,0.038
104.23,1,0.040
104.24,1,0.037
104.25,1,0.033
104.26,1,0.027
104.27,1,0.023
104.28,1,0.021
104.29,1,0.022
104.30,1,0.021
104.31,1,0.017
104.32,1,0.016
104.33,1,0.018
104.34,1,0.018
104.35,1,0.018
104.36,1,0.023
104.37,1,0.040
104.38,1,0.061
104.39,1,0.071
104.40,1,0.074
104.41,1,0.074
104.42,1,0.069
104.43,1,0.067
104.44,1,0.072
104.45,1,0.074
104.46,1,0.078
104.47,1,0.082
104.48,1,0.078
104.49,1,0.075
104.50,1,0.080
104.51,1,0.080
104.52,1,0.076
104.53,1,0.073
104.54,1,0.072
104.55,1,0.064
104.56,1,0.067
104.57,1,0.089
104.58,1,0.115
104.59,1,0.146
104.60,1,0.222
104.61,1,0.254
104.62,1,0.142
104.63,1,0.106
104.64,1,0.107
104.65,1,0.142
104.66,1,0.175
104.67,1,0.154
104.68,1,0.124
104.69,1,0.096
104.70,1,0.066
104.71,1,0.046
104.72,1,0.043
104.73,1,0.039
104.74,1,0.038
104.75,1,0.044
104.76,1,0.052
104.77,1,0.061
104.78,1,0.080
104.79,1,0.114
104.80,1,0.083
104.81,1,0.047
104.82,1,0.034
104.83,1,0.029
104.84,1,0.029
104.85,1,0.030
104.86,1,0.032
104.87,1,0.034
104.88,1,0.037
104.89,1,0.037
104.90,1,0.050
104.91,1,0.078
104.92,1,0.103
104.93,1,0.129
104.94,1,0.146
104.95,1,0.154
104.96,1,0.179
104.97,1,0.198
104.98,1,0.191
104.99,1,0.195
105.00,1,0.173
105.01,1,0.133
105.02,1,0.118
105.03,1,0.107
105.04,1,0.099
105.05,1,0.095
105.06,1,0.118
105.07,1,0.131
105.08,1,0.119
105.09,1,0.120
105.10,1,0.110
105.11,1,0.086
105.12,1,0.065
105.13,1,0.070
105.14,1,0.063
105.15,1,0.068
105.16,1,0.073
105.17,1,0.088
105.18,1,0.083
105.19,1,0.085
105.20,1,0.084
105.21,1,0.077
105.22,1,0.075
105.23,1,0.082
105.24,1,0.081
105.25,1,0.082
105.26,1,0.081
105.27,1,0.074
105.28,1,0.077
105.29,1,0.079
105.30,1,0.079
105.31,1,0.075
105.32,1,0.066
105.33,1,0.063
105.34,1,0.069
105.35,1,0.091
105.36,1,0.127
105.37,1,0.340
105.38,1,0.644
105.39,1,0.628
105.40,1,0.852
105.41,1,1.132
105.42,1,1.390
105.43,1,1.307
105.44,1,0.754
105.45,1,0.447
105.46,1,0.307
105.47,1,0.209
105.48,1,0.144
105.49,1,0.096
105.50,1,0.073
105.51,1,0.085
105.52,1,0.088
105.53,1,0.090
105.54,1,0.078
105.55,1,0.057
105.56,1,0.037
105.57,1,0.028
105.58,1,0.027
105.59,1,0.029
105.60,1,0.038
105.61,1,0.046
105.62,1,0.049
105.63,1,0.050
105.64,1,0.046
105.65,1,0.039
105.66,1,0.027
105.67,1,0.023
105.68,1,0.024
105.69,1,0.030
105.70,1,0.037
105.71,1,0.046
105.72,1,0.063
105.73,1,0.068
105.74,1,0.078
105.75,1,0.085
105.76,1,0.080
105.77,1,0.078
105.78,1,0.076
105.79,1,0.064
105.80,1,0.055
105.81,1,0.057
105.82,1,0.059
105.83,1,0.063
105.84,1,0.072
105.85,1,0.075
105.86,1,0.071
105.87,1,0.067
105.88,1,0.063
105.89,1,0.068
105.90,1,0.077
105.91,1,0.089
105.92,1,0.100
105.93,1,0.115
105.94,1,0.178
105.95,1,0.216
105.96,1,0.234
105.97,1,0.311
105.98,1,0.228
105.99,1,0.170
106.00,1,0.114
106.01,1,0.082
106.02,1,0.067
106.03,1,0.057
106.04,1,0.054
106.05,1,0.059
106.06,1,0.067
106.07,1,0.074
106.08,1,0.075
106.09,1,0.070
106.10,1,0.064
106.11,1,0.057
106.12,1,0.047
106.13,1,0.036
106.14,1,0.032
106.15,1,0.031
106.16,1,0.032
106.17,1,0.035
106.18,1,0.039
106.19,1,0.041
106.20,1,0.041
106.21,1,0.042
106.22,1,0.041
106.23,1,0.039
106.24,1,0.045
106.25,1,0.056
106.26,1,0.061
106.27,1,0.066
106.28,1,0.073
106.29,1,0.068
106.30,1,0.055
106.31,1,0.055
106.32,1,0.056
106.33,1,0.062
106.34,1,0.070
106.35,1,0.092
106.36,1,0.098
106.37,1,0.113
106.38,1,0.119
106.39,1,0.123
106.40,1,0.110
106.41,1,0.109
106.42,1,0.103
106.43,1,0.097
106.44,1,0.091
106.45,1,0.092
106.46,1,0.087
106.47,1,0.086
106.48,1,0.094
106.49,1,0.102
106.50,1,0.113
106.51,1,0.126
106.52,1,0.148
106.53,1,0.164
106.54,1,0.186
106.55,1,0.282
106.56,1,0.606
106.57,1,0.798
106.58,1,0.864
106.59,1,0.879
106.60,1,0.814
106.61,1,0.918
106.62,1,0.410
106.63,1,0.337
106.64,1,0.301
106.65,1,0.182
106.66,1,0.092
106.67,1,0.051
106.68,1,0.042
106.69,1,0.035
106.70,1,0.030
106.71,1,0.031
106.72,1,0.032
106.73,1,0.036
106.74,1,0.041
106.75,1,0.046
106.76,1,0.051
106.77,1,0.056
106.78,1,0.064
106.79,1,0.068
106.80,1,0.071
106.81,1,0.071
106.82,1,0.073
106.83,1,0.080
106.84,1,0.082
106.85,1,0.086
106.86,1,0.093
106.87,1,0.097
106.88,1,0.098
106.89,1,0.125
106.90,1,0.164
106.91,1,0.382
106.92,1,1.299
106.93,1,1.761
106.94,1,0.911
106.95,1,0.273
106.96,1,0.243
106.97,1,0.108
106.98,1,0.059
106.99,1,0.047
107.00,1,0.040
107.01,1,0.037
107.02,1,0.039
107.03,1,0.042
107.04,1,0.040
107.05,1,0.040
107.06,1,0.035
107.07,1,0.033
107.08,1,0.038
107.09,1,0.045
107.10,1,0.048
107.11,1,0.047
107.12,1,0.044
107.13,1,0.039
107.14,1,0.034
107.15,1,0.037
107.16,1,0.040
107.17,1,0.045
107.18,1,0.053
107.19,1,0.064
107.20,1,0.079
107.21,1,0.099
107.22,1,0.129
107.23,1,0.209
107.24,1,0.543
107.25,1,0.630
107.26,1,0.837
107.27,1,0.443
107.28,1,0.341
107.29,1,0.308
107.30,1,0.233
107.31,1,0.099
107.32,1,0.060
107.33,1,0.048
107.34,1,0.043
107.35,1,0.046
107.36,1,0.050
107.37,1,0.052
107.38,1,0.055
107.39,1,0.064
107.40,1,0.071
107.41,1,0.085
107.42,1,0.113
107.43,1,0.136
107.44,1,0.126
107.45,1,0.097
107.46,1,0.087
107.47,1,0.054
107.48,1,0.041
107.49,1,0.058
107.50,1,0.059
107.51,1,0.052
107.52,1,0.046
107.53,1,0.038
107.54,1,0.036
107.55,1,0.038
107.56,1,0.041
107.57,1,0.047
107.58,1,0.055
107.59,1,0.061
107.60,1,0.068
107.61,1,0.078
107.62,1,0.091
107.63,1,0.102
107.64,1,0.112
107.65,1,0.118
107.66,1,0.123
107.67,1,0.126
107.68,1,0.126
107.69,1,0.125
107.70,1,0.131
107.71,1,0.145
107.72,1,0.160
107.73,1,0.216
107.74,1,0.549
107.75,1,1.001
107.76,1,1.057
107.77,1,1.014
107.78,1,1.017
107.79,1,0.955
107.80,1,0.847
107.81,1,0.397
107.82,1,0.144
107.83,1,0.114
107.84,1,0.103
107.85,1,0.101
107.86,1,0.098
107.87,1,0.098
107.88,1,0.097
107.89,1,0.090
107.90,1,0.083
107.91,1,0.080
107.92,1,0.077
107.93,1,0.076
107.94,1,0.072
107.95,1,0.066
107.96,1,0.063
107.97,1,0.059
107.98,1,0.054
107.99,1,0.052
108.00,1,0.051
108.01,1,0.056
108.02,1,0.065
108.03,1,0.074
108.04,1,0.084
108.05,1,0.088
108.06,1,0.088
108.07,1,0.090
108.08,1,0.098
108.09,1,0.099
108.10,1,0.094
108.11,1,0.085
108.12,1,0.071
108.13,1,0.052
108.14,1,0.042
108.15,1,0.051
108.16,1,0.054
108.17,1,0.056
108.18,1,0.068
108.19,1,0.080
108.20,1,0.078
108.21,1,0.081
108.22,1,0.087
108.23,1,0.086
108.24,1,0.078
108.25,1,0.084
108.26,1,0.088
108.27,1,0.094
108.28,1,0.092
108.29,1,0.090
108.30,1,0.081
108.31,1,0.081
108.32,1,0.081
108.33,1,0.085
108.34,1,0.082
108.35,1,0.076
108.36,1,0.069
108.37,1,0.073
108.38,1,0.089
108.39,1,0.098
108.40,1,0.102
108.41,1,0.106
108.42,1,0.101
108.43,1,0.096
108.44,1,0.093
108.45,1,0.084
108.46,1,0.076
108.47,1,0.068
108.48,1,0.053
108.49,1,0.053
108.50,1,0.054
108.51,1,0.053
108.52,1,0.058
108.53,1,0.059
108.54,1,0.060
108.55,1,0.058
108.56,1,0.059
108.57,1,0.060
108.58,1,0.059
108.59,1,0.067
108.60,1,0.076
108.61,1,0.084
108.62,1,0.085
108.63,1,0.085
108.64,1,0.082
108.65,1,0.082
108.66,1,0.089
108.67,1,0.140
108.68,1,0.269
108.69,1,0.437
108.70,1,0.473
108.71,1,0.695
108.72,1,1.104
108.73,1,1.142
108.74,1,1.075
108.75,1,0.766
108.76,1,0.549
108.77,1,0.370
108.78,1,0.498
108.79,1,0.754
108.80,1,0.623
108.81,1,0.522
108.82,1,0.439
108.83,1,0.358
108.84,1,0.255
108.85,1,0.161
108.86,1,0.097
108.87,1,0.065
108.88,1,0.086
108.89,1,0.108
108.90,1,0.130
108.91,1,0.135
108.92,1,0.142
108.93,1,0.138
108.94,1,0.129
108.95,1,0.134
108.96,1,0.150
108.97,1,0.146
108.98,1,0.163
108.99,1,0.168
109.00,1,0.169
109.01,1,0.163
109.02,1,0.162
109.03,1,0.142
109.04,1,0.157
109.05,1,0.160
109.06,1,0.158
109.07,1,0.157
109.08,1,0.142
109.09,1,0.103
109.10,1,0.100
109.11,1,0.119
109.12,1,0.116
109.13,1,0.113
109.14,1,0.106
109.15,1,0.095
109.16,1,0.078
109.17,1,0.081
109.18,1,0.079
109.19,1,0.083
109.20,1,0.079
109.21,1,0.083
109.22,1,0.088
109.23,1,0.095
109.24,1,0.109
109.25,1,0.112
109.26,1,0.124
109.27,1,0.132
109.28,1,0.121
109.29,1,0.135
109.30,1,0.143
109.31,1,0.152
109.32,1,0.192
109.33,1,0.246
109.34,1,0.317
109.35,1,0.466
109.36,1,0.731
109.37,1,0.798
109.38,1,0.443
109.39,1,0.324
109.40,1,0.309
109.41,1,0.252
109.42,1,0.260
109.43,1,0.221
109.44,1,0.208
109.45,1,0.198
109.46,1,0.194
109.47,1,0.185
109.48,0,
109.49,0,
109.50,0,
109.51,1,0.255
109.52,1,0.271
109.53,1,0.246
109.54,1,0.241
109.55,1,0.216
109.56,1,0.213
109.57,1,0.204
109.58,1,0.212
109.59,1,0.213
109.60,1,0.220
109.61,1,0.237
109.62,1,0.247
109.63,1,0.240
109.64,1,0.221
109.65,1,0.221
109.66,1,0.182
109.67,1,0.152
109.68,1,0.144
109.69,1,0.106
109.70,1,0.089
109.71,1,0.083
109.72,1,0.078
109.73,1,0.081
109.74,1,0.088
109.75,1,0.096
109.76,1,0.115
109.77,1,0.144
109.78,1,0.205
109.79,1,0.278
109.80,1,0.264
109.81,1,0.130
109.82,1,0.175
109.83,1,0.185
109.84,1,0.218
109.85,1,0.274
109.86,1,0.331
109.87,1,0.380
109.88,1,0.453
109.89,1,0.641
109.90,1,0.948
109.91,1,1.228
109.92,1,1.248
109.93,1,0.871
109.94,1,0.208
109.95,1,0.182
109.96,1,0.195
109.97,1,0.189
109.98,1,0.201
109.99,1,0.200
110.00,1,0.144
110.01,1,0.134
110.02,1,0.111
110.03,1,0.141
110.04,1,0.159
110.05,1,0.203
110.06,1,0.233
110.07,1,0.817
110.08,1,1.698
110.09,1,1.805
110.10,1,1.738
110.11,1,2.097
110.12,1,0.879
110.13,1,0.310
110.14,1,0.330
110.15,1,0.137
110.16,1,0.144
110.17,1,0.345
110.18,1,0.370
110.19,1,0.364
110.20,1,0.399
110.21,1,0.411
110.22,1,0.371
110.23,1,0.390
110.24,1,0.400
110.25,1,0.428
110.26,1,0.419
110.27,1,0.399
110.28,1,0.368
110.29,1,0.333
110.30,1,0.308
110.31,1,0.303
110.32,1,0.306
110.33,1,0.358
110.34,1,0.380
110.35,1,0.434
110.36,1,0.529
110.37,1,0.628
110.38,1,0.723
110.39,1,1.067
110.40,1,1.380
110.41,1,1.164
110.42,1,0.826
110.43,1,1.192
110.44,1,1.275
110.45,1,1.466
110.46,1,1.406
110.47,1,0.842
110.48,1,0.374
110.49,1,0.306
110.50,1,0.303
110.51,1,0.219
110.52,1,0.163
110.53,1,0.118
110.54,1,0.116
110.55,1,0.093
110.56,1,0.100
110.57,1,0.093
110.58,1,0.104
110.59,1,0.107
110.60,1,0.123
110.61,1,0.122
110.62,1,0.171
110.63,1,0.175
110.64,1,0.216
110.65,1,0.235
110.66,1,0.295
110.67,1,0.323
110.68,1,0.401
110.69,1,0.393
110.70,1,0.479
110.71,1,0.470
110.72,1,0.493
110.73,1,0.462
110.74,1,0.435
110.75,1,0.395
110.76,1,0.406
110.77,1,0.406
110.78,1,0.441
110.79,1,0.481
110.80,1,0.424
110.81,1,0.361
110.82,1,0.329
110.83,1,0.286
110.84,1,0.300
110.85,1,0.340
110.86,1,0.381
110.87,1,0.412
110.88,1,0.448
110.89,1,0.473
110.90,1,0.477
110.91,1,0.458
110.92,1,0.442
110.93,1,0.415
110.94,1,0.441
110.95,1,0.475
110.96,1,0.555
110.97,1,0.513
110.98,1,0.292
110.99,1,0.176
111.00,1,0.182
111.01,1,0.279
111.02,1,0.278
111.03,1,0.286
111.04,1,0.325
111.05,1,0.338
111.06,1,0.315
111.07,1,0.341
111.08,1,0.370
111.09,1,0.404
111.10,1,0.445
111.11,1,0.494
111.12,1,0.543
111.13,1,0.565
111.14,1,0.510
111.15,1,0.478
111.16,1,0.402
111.17,1,0.354
111.18,1,0.344
111.19,1,0.326
111.20,1,0.354
111.21,1,0.377
111.22,1,0.441
111.23,1,0.556
111.24,1,0.994
111.25,1,1.004
111.26,1,1.124
111.27,1,0.615
111.28,1,0.389
111.29,1,0.282
111.30,1,0.272
111.31,1,0.295
111.32,1,0.307
111.33,1,0.340
111.34,1,0.292
111.35,1,0.253
111.36,1,0.207
111.37,1,0.231
111.38,1,0.214
111.39,1,0.219
111.40,1,0.214
111.41,1,0.194
111.42,1,0.191
111.43,1,0.181
111.44,1,0.214
111.45,1,0.194
111.46,1,0.207
111.47,1,0.199
111.48,1,0.204
111.49,1,0.211
111.50,1,0.250
111.51,1,0.287
111.52,1,0.300
111.53,1,0.343
111.54,1,0.351
111.55,1,0.363
111.56,1,0.378
111.57,1,0.380
111.58,1,0.428
111.59,1,0.408
111.60,1,0.653
111.61,1,1.041
111.62,1,1.134
111.63,1,0.683
111.64,1,0.429
111.65,1,0.257
111.66,1,0.156
111.67,1,0.129
111.68,1,0.121
111.69,1,0.144
111.70,1,0.174
111.71,1,0.212
111.72,1,0.246
111.73,1,0.267
111.74,1,0.266
111.75,1,0.236
111.76,1,0.221
111.77,1,0.221
111.78,1,0.239
111.79,1,0.278
111.80,1,0.323
111.81,1,0.365
111.82,1,0.390
111.83,1,0.406
111.84,1,0.390
111.85,1,0.379
111.86,1,0.363
111.87,1,0.353
111.88,1,0.363
111.89,1,0.397
111.90,1,0.443
111.91,1,0.489
111.92,1,0.536
111.93,1,0.623
111.94,1,0.761
111.95,1,0.730
111.96,1,0.541
111.97,1,0.378
111.98,1,0.242
111.99,1,0.239
112.00,1,0.276
112.01,1,0.333
112.02,1,0.373
112.03,1,0.418
112.04,1,0.440
112.05,1,0.456
112.06,1,0.452
112.07,1,0.443
112.08,1,0.435
112.09,1,0.437
112.10,1,0.436
112.11,1,0.399
112.12,1,0.358
112.13,1,0.308
112.14,1,0.268
112.15,1,0.238
112.16,1,0.251
112.17,1,0.294
112.18,1,0.366
112.19,1,0.437
112.20,1,0.494
112.21,1,0.531
112.22,1,0.545
112.23,1,0.532
112.24,1,0.490
112.25,1,0.471
112.26,1,0.497
112.27,1,0.517
112.28,1,0.527
112.29,1,0.586
112.30,1,0.641
112.31,1,0.571
112.32,1,0.412
112.33,1,0.333
112.34,1,0.328
112.35,1,0.398
112.36,1,0.473
112.37,1,0.504
112.38,1,0.512
112.39,1,0.518
112.40,1,0.471
112.41,1,0.455
112.42,1,0.473
112.43,1,0.494
112.44,1,0.531
112.45,1,0.541
112.46,1,0.556
112.47,1,0.555
112.48,1,0.516
112.49,1,0.490
112.50,1,0.484
112.51,1,0.453
112.52,1,0.434
112.53,1,0.440
112.54,1,0.414
112.55,1,0.357
112.56,1,0.348
112.57,1,0.328
112.58,1,0.299
112.59,1,0.293
112.60,1,0.305
112.61,1,0.315
112.62,1,0.311
112.63,1,0.321
112.64,1,0.339
112.65,1,0.335
112.66,1,0.345
112.67,1,0.368
112.68,1,0.380
112.69,1,0.393
112.70,1,0.422
112.71,1,0.430
112.72,1,0.421
112.73,1,0.445
112.74,1,0.466
112.75,1,0.457
112.76,1,0.462
112.77,1,0.476
112.78,1,0.475
112.79,1,0.455
112.80,1,0.468
112.81,1,0.488
112.82,1,0.494
112.83,1,0.483
112.84,1,0.506
112.85,1,0.510
112.86,1,0.504
112.87,1,0.491
112.88,1,0.481
112.89,1,0.488
112.90,1,0.459
112.91,1,0.433
112.92,1,0.410
112.93,1,0.384
112.94,1,0.341
112.95,1,0.324
112.96,1,0.324
112.97,1,0.320
112.98,1,0.302
112.99,1,0.291
113.00,1,0.276
113.01,1,0.289
113.02,1,0.287
113.03,1,0.289
113.04,1,0.295
113.05,1,0.292
113.06,1,0.296
113.07,1,0.314
113.08,1,0.347
113.09,1,0.372
113.10,1,0.368
113.11,1,0.373
113.12,1,0.367
113.13,1,0.366
113.14,1,0.366
113.15,1,0.381
113.16,1,0.397
113.17,1,0.406
113.18,1,0.430
113.19,1,0.457
113.20,1,0.448
113.21,1,0.449
113.22,1,0.471
113.23,1,0.480
113.24,1,0.491
113.25,1,0.487
113.26,1,0.516
113.27,1,0.511
113.28,1,0.484
113.29,1,0.477
113.30,1,0.462
113.31,1,0.445
113.32,1,0.395
113.33,1,0.383
113.34,1,0.371
113.35,1,0.319
113.36,1,0.292
113.37,1,0.285
113.38,1,0.291
113.39,1,0.307
113.40,1,0.329
113.41,1,0.353
113.42,1,0.370
113.43,1,0.382
113.44,1,0.392
113.45,1,0.412
113.46,1,0.434
113.47,1,0.439
113.48,1,0.431
113.49,1,0.410
113.50,1,0.406
113.51,1,0.406
113.52,1,0.376
113.53,1,0.370
113.54,1,0.378
113.55,1,0.384
113.56,1,0.382
113.57,1,0.391
113.58,1,0.413
113.59,1,0.401
113.60,1,0.395
113.61,1,0.420
113.62,1,0.427
113.63,1,0.429
113.64,1,0.460
113.65,1,0.489
113.66,1,0.493
113.67,1,0.475
113.68,1,0.472
113.69,1,0.443
113.70,1,0.401
113.71,1,0.365
113.72,1,0.350
113.73,1,0.336
113.74,1,0.313
113.75,1,0.293
113.76,1,0.273
113.77,1,0.270
113.78,1,0.271
113.79,1,0.275
113.80,1,0.292
113.81,1,0.316
113.82,1,0.335
113.83,1,0.360
113.84,1,0.382
113.85,1,0.421
113.86,1,0.456
113.87,1,0.481
113.88,1,0.482
113.89,1,0.493
113.90,1,0.486
113.91,1,0.456
113.92,1,0.439
113.93,1,0.432
113.94,1,0.391
113.95,1,0.353
113.96,1,0.353
113.97,1,0.367
113.98,1,0.348
113.99,1,0.396
114.00,1,0.481
114.01,1,0.492
114.02,1,0.535
114.03,1,0.666
114.04,1,0.612
114.05,1,0.547
114.06,1,0.632
114.07,1,0.850
114.08,1,1.070
114.09,1,0.916
114.10,1,0.786
114.11,1,0.769
114.12,1,0.761
114.13,0,
114.14,0,
114.15,0,
114.16,0,
114.17,0,
114.18,0,
114.19,0,
114.20,0,
114.21,0,
114.22,0,
114.23,0,
114.24,0,
114.25,0,
114.26,0,
114.27,0,
114.28,0,
114.29,0,
114.30,0,
114.31,0,
114.32,0,
114.33,0,
114.34,0,
114.35,0,
114.36,0,
114.37,0,
114.38,0,
114.39,0,
114.40,0,
114.41,0,
114.42,0,
114.43,0,
114.44,0,
114.45,0,
114.46,0,
114.47,0,
114.48,0,
114.49,0,
114.50,0,
114.51,0,
114.52,0,
114.53,0,
114.54,0,
114.55,0,
114.56,0,
114.57,0,
114.58,0,
114.59,0,
114.60,0,
114.61,0,
114.62,0,
114.63,0,
114.64,0,
114.65,0,
114.66,0,
114.67,0,
114.68,0,
114.69,0,
114.70,0,
114.71,0,
114.72,0,
114.73,0,
114.74,0,
114.75,0,
114.76,0,
114.77,0,
114.78,0,
114.79,0,
114.80,0,
114.81,0,
114.82,0,
114.83,0,
114.84,0,
114.85,0,
114.86,0,
114.87,0,
114.88,0,
114.89,0,
114.90,0,
114.91,0,
114.92,0,
114.93,0,
114.94,0,
114.95,0,
114.96,0,
114.97,0,
114.98,0,
114.99,0,
115.00,0,
115.01,0,
115.02,0,
115.03,0,
115.04,0,
115.05,0,
115.06,0,
115.07,0,
115.08,0,
115.09,0,
115.10,0,
115.11,0,
115.12,0,
115.13,0,
115.14,0,
115.15,0,
115.16,0,
115.17,0,
115.18,0,
115.19,0,
115.20,0,
115.21,0,
115.22,0,
115.23,0,
115.24,0,
115.25,0,
115.26,0,
115.27,0,
115.28,0,
115.29,0,
115.30,1,0.122
115.31,1,0.101
115.32,1,0.067
115.33,1,0.087
115.34,1,0.105
115.35,1,0.129
115.36,1,0.167
115.37,1,0.188
115.38,1,0.204
115.39,1,0.227
115.40,1,0.227
115.41,1,0.233
115.42,1,0.225
115.43,1,0.204
115.44,1,0.176
115.45,1,0.182
115.46,1,0.177
115.47,1,0.242
115.48,1,0.321
115.49,1,0.369
115.50,1,0.465
115.51,1,0.498
115.52,1,0.506
115.53,1,0.567
115.54,1,0.567
115.55,1,0.532
115.56,1,0.656
115.57,1,0.667
115.58,1,0.971
115.59,1,1.000
115.60,1,1.017
115.61,1,0.510
115.62,1,0.290
115.63,1,0.244
115.64,1,0.225
115.65,1,0.232
115.66,1,0.183
115.67,1,0.156
115.68,1,0.207
115.69,1,0.253
115.70,1,0.277
115.71,1,0.375
115.72,1,0.508
115.73,1,0.544
115.74,1,0.581
115.75,1,0.582
115.76,1,0.581
115.77,1,0.525
115.78,1,0.459
115.79,1,0.375
115.80,1,0.332
115.81,1,0.302
115.82,1,0.301
115.83,1,0.283
115.84,1,0.279
115.85,1,0.260
115.86,1,0.251
115.87,1,0.206
115.88,1,0.191
115.89,1,0.194
115.90,1,0.183
115.91,1,0.179
115.92,1,0.196
115.93,1,0.210
115.94,1,0.198
115.95,1,0.235
115.96,1,0.242
115.97,1,0.232
115.98,1,0.226
115.99,1,0.200
116.00,1,0.175
116.01,1,0.180
116.02,1,0.213
116.03,1,0.292
116.04,1,0.346
116.05,1,0.394
116.06,1,0.409
116.07,1,0.470
116.08,1,0.405
116.09,1,0.403
116.10,1,0.416
116.11,1,0.415
116.12,1,0.404
116.13,1,0.374
116.14,1,0.343
116.15,1,0.345
116.16,1,0.343
116.17,1,0.351
116.18,1,0.357
116.19,1,0.361
116.20,1,0.344
116.21,1,0.332
116.22,1,0.320
116.23,1,0.319
116.24,1,0.385
116.25,1,0.725
116.26,1,1.281
116.27,1,1.240
116.28,1,1.067
116.29,1,0.724
116.30,1,0.362
116.31,1,0.237
116.32,1,0.228
116.33,1,0.228
116.34,1,0.267
116.35,1,0.239
116.36,1,0.269
116.37,1,0.311
116.38,1,0.354
116.39,1,0.336
116.40,1,0.381
116.41,1,0.375
116.42,1,0.345
116.43,1,0.322
116.44,1,0.292
116.45,1,0.280
116.46,1,0.278
116.47,1,0.257
116.48,1,0.256
116.49,1,0.253
116.50,1,0.261
116.51,1,0.255
116.52,1,0.273
116.53,1,0.307
116.54,1,0.357
116.55,1,0.383
116.56,1,0.381
116.57,1,0.346
116.58,1,0.317
116.59,1,0.335
116.60,1,0.359
116.61,1,0.389
116.62,1,0.446
116.63,1,0.464
116.64,1,0.491
116.65,1,0.472
116.66,1,0.438
116.67,1,0.401
116.68,1,0.338
116.69,1,0.305
116.70,1,0.309
116.71,1,0.321
116.72,1,0.340
116.73,1,0.385
116.74,1,0.438
116.75,1,0.428
116.76,1,0.426
116.77,1,0.428
116.78,1,0.397
116.79,1,0.367
116.80,1,0.352
116.81,1,0.345
116.82,1,0.332
116.83,1,0.333
116.84,1,0.323
116.85,1,0.296
116.86,1,0.285
116.87,1,0.270
116.88,1,0.250
116.89,1,0.302
116.90,1,0.335
116.91,1,0.365
116.92,1,0.459
116.93,1,0.547
116.94,1,0.476
116.95,1,0.449
116.96,1,0.417
116.97,1,0.373
116.98,1,0.291
116.99,1,0.255
117.00,1,0.263
117.01,1,0.229
117.02,1,0.187
117.03,1,0.172
117.04,1,0.177
117.05,1,0.167
117.06,1,0.189
117.07,1,0.231
117.08,1,0.260
117.09,1,0.291
117.10,1,0.356
117.11,1,0.395
117.12,1,0.445
117.13,1,0.439
117.14,1,0.429
117.15,1,0.440
117.16,1,0.426
117.17,1,0.435
117.18,1,0.482
117.19,1,0.447
117.20,1,0.419
117.21,1,0.396
117.22,1,0.365
117.23,1,0.346
117.24,1,0.401
117.25,1,0.412
117.26,1,0.459
117.27,1,0.503
117.28,1,0.491
117.29,1,0.520
117.30,1,0.628
117.31,1,0.584
117.32,1,0.427
117.33,1,0.375
117.34,1,0.361
117.35,1,0.335
117.36,1,0.342
117.37,1,0.411
117.38,1,0.451
117.39,1,0.490
117.40,1,0.549
117.41,1,0.577
117.42,1,0.548
117.43,1,0.534
117.44,1,0.550
117.45,1,0.519
117.46,1,0.489
117.47,1,0.455
117.48,1,0.410
117.49,1,0.350
117.50,1,0.297
117.51,1,0.322
117.52,1,0.333
117.53,1,0.340
117.54,1,0.367
117.55,1,0.388
117.56,1,0.366
117.57,1,0.371
117.58,1,0.364
117.59,1,0.361
117.60,1,0.392
117.61,1,0.427
117.62,1,0.422
117.63,1,0.334
117.64,1,0.288
117.65,1,0.246
117.66,1,0.226
117.67,1,0.216
117.68,1,0.220
117.69,1,0.219
117.70,1,0.216
117.71,1,0.223
117.72,1,0.222
117.73,1,0.231
117.74,1,0.246
117.75,1,0.267
117.76,1,0.266
117.77,1,0.260
117.78,1,0.239
117.79,1,0.215
117.80,1,0.186
117.81,1,0.172
117.82,1,0.169
117.83,1,0.197
117.84,1,0.229
117.85,1,0.261
117.86,1,0.274
117.87,1,0.282
117.88,1,0.277
117.89,1,0.289
117.90,1,0.283
117.91,1,0.305
117.92,1,0.311
117.93,1,0.316
117.94,1,0.322
117.95,1,0.339
117.96,1,0.376
117.97,1,0.403
117.98,1,0.415
117.99,1,0.435
118.00,1,0.387
118.01,1,0.321
118.02,1,0.302
118.03,1,0.306
118.04,1,0.326
118.05,1,0.375
118.06,1,0.449
118.07,1,0.613
118.08,1,0.680
118.09,1,0.687
118.10,1,0.796
118.11,1,0.642
118.12,1,0.463
118.13,1,0.365
118.14,1,0.340
118.15,1,0.288
118.16,1,0.181
118.17,1,0.157
118.18,1,0.144
118.19,1,0.129
118.20,1,0.123
118.21,1,0.136
118.22,1,0.132
118.23,1,0.141
118.24,1,0.146
118.25,1,0.160
118.26,1,0.160
118.27,1,0.194
118.28,1,0.221
118.29,1,0.236
118.30,1,0.199
118.31,1,0.204
118.32,1,0.183
118.33,1,0.212
118.34,1,0.243
118.35,1,0.269
118.36,1,0.291
118.37,1,0.319
118.38,1,0.321
118.39,1,0.322
118.40,1,0.347
118.41,1,0.347
118.42,1,0.349
118.43,1,0.384
118.44,1,0.388
118.45,1,0.364
118.46,1,0.381
118.47,1,0.382
118.48,1,0.362
118.49,1,0.395
118.50,1,0.457
118.51,1,0.470
118.52,1,0.492
118.53,1,0.508
118.54,1,0.511
118.55,1,0.478
118.56,1,0.472
118.57,1,0.456
118.58,1,0.427
118.59,1,0.366
118.60,1,0.387
118.61,1,0.373
118.62,1,0.413
118.63,1,0.439
118.64,1,0.424
118.65,1,0.471
118.66,1,0.453
118.67,1,0.468
118.68,1,0.433
118.69,1,0.406
118.70,1,0.419
118.71,1,0.428
118.72,1,0.440
118.73,1,0.449
118.74,1,0.477
118.75,1,0.471
118.76,1,0.457
118.77,1,0.490
118.78,1,0.476
118.79,1,0.452
118.80,1,0.447
118.81,1,0.437
118.82,1,0.408
118.83,1,0.410
118.84,1,0.379
118.85,1,0.392
118.86,1,0.412
118.87,1,0.437
118.88,1,0.501
118.89,1,0.558
118.90,1,0.543
118.91,1,0.457
118.92,1,0.384
118.93,1,0.342
118.94,1,0.346
118.95,1,0.371
118.96,1,0.409
118.97,1,0.456
118.98,1,0.430
118.99,1,0.370
119.00,1,0.305
119.01,1,0.277
119.02,1,0.263
119.03,1,0.288
119.04,1,0.317
119.05,1,0.328
119.06,1,0.321
119.07,1,0.320
119.08,1,0.280
119.09,1,0.273
119.10,1,0.261
119.11,1,0.249
119.12,1,0.231
119.13,1,0.242
119.14,1,0.222
119.15,1,0.208
119.16,1,0.215
119.17,1,0.217
119.18,1,0.213
119.19,1,0.232
119.20,1,0.255
119.21,1,0.251
119.22,1,0.254
119.23,1,0.260
119.24,1,0.241
119.25,1,0.239
119.26,1,0.411
119.27,1,0.537
119.28,1,0.542
119.29,1,0.392
119.30,1,0.293
119.31,1,0.181
119.32,1,0.154
119.33,1,0.133
119.34,1,0.134
119.35,1,0.162
119.36,1,0.184
119.37,1,0.193
119.38,1,0.227
119.39,1,0.254
119.40,1,0.235
119.41,1,0.225
119.42,1,0.217
119.43,1,0.226
119.44,1,0.245
119.45,1,0.314
119.46,1,0.338
119.47,1,0.341
119.48,1,0.353
119.49,1,0.310
119.50,1,0.267
119.51,1,0.258
119.52,1,0.228
119.53,1,0.197
119.54,1,0.200
119.55,1,0.212
119.56,1,0.219
119.57,1,0.271
119.58,1,0.320
119.59,1,0.433
119.60,1,0.618
119.61,1,0.710
119.62,1,0.519
119.63,1,0.322
119.64,1,0.309
119.65,1,0.302
119.66,1,0.293
119.67,1,0.293
119.68,1,0.277
119.69,1,0.300
119.70,1,0.314
119.71,1,0.335
119.72,1,0.373
119.73,1,0.409
119.74,1,0.411
119.75,1,0.408
119.76,1,0.391
119.77,1,0.374
119.78,1,0.350
119.79,1,0.329
119.80,1,0.307
119.81,1,0.279
119.82,1,0.227
119.83,1,0.234
119.84,1,0.242
119.85,1,0.235
119.86,1,0.242
119.87,1,0.239
119.88,1,0.213
119.89,1,0.200
119.90,1,0.179
119.91,1,0.192
119.92,1,0.203
119.93,1,0.220
119.94,1,0.252
119.95,1,0.305
119.96,1,0.305
119.97,1,0.288
119.98,1,0.274
119.99,1,0.264
120.00,1,0.258
120.01,1,0.276
120.02,1,0.284
120.03,1,0.319
120.04,1,0.330
120.05,1,0.391
120.06,1,0.430
120.07,1,0.446
120.08,1,0.495
120.09,1,0.502
120.10,1,0.481
120.11,1,0.482
120.12,1,0.740
120.13,1,0.514
120.14,1,0.282
120.15,1,0.199
120.16,1,0.180
120.17,1,0.199
120.18,1,0.223
120.19,1,0.233
120.20,1,0.232
120.21,1,0.251
120.22,1,0.224
120.23,1,0.210
120.24,1,0.209
120.25,1,0.229
120.26,1,0.237
120.27,1,0.262
120.28,1,0.268
120.29,1,0.279
120.30,1,0.285
120.31,1,0.263
120.32,1,0.259
120.33,1,0.274
120.34,1,0.269
120.35,1,0.290
120.36,1,0.344
120.37,1,0.349
120.38,1,0.348
120.39,1,0.338
120.40,1,0.335
120.41,1,0.341
120.42,1,0.327
120.43,1,0.356
120.44,1,0.333
120.45,1,0.329
120.46,1,0.330
120.47,1,0.263
120.48,1,0.223
120.49,1,0.216
120.50,1,0.215
120.51,1,0.211
120.52,1,0.214
120.53,1,0.222
120.54,1,0.217
120.55,1,0.208
120.56,1,0.201
120.57,1,0.198
120.58,1,0.199
120.59,1,0.212
120.60,1,0.239
120.61,1,0.247
120.62,1,0.255
120.63,1,0.254
120.64,1,0.242
120.65,1,0.242
120.66,1,0.218
120.67,1,0.196
120.68,1,0.206
120.69,1,0.251
120.70,1,0.265
120.71,1,0.268
120.72,1,0.271
120.73,1,0.286
120.74,1,0.302
120.75,1,0.295
120.76,1,0.331
120.77,1,0.331
120.78,1,0.302
120.79,1,0.283
120.80,1,0.268
120.81,1,0.267
120.82,1,0.281
120.83,1,0.296
120.84,1,0.342
120.85,1,0.356
120.86,1,0.368
120.87,1,0.388
120.88,1,0.386
120.89,1,0.406
120.90,1,0.409
120.91,1,0.391
120.92,1,0.363
120.93,1,0.348
120.94,1,0.327
120.95,1,0.324
120.96,1,0.304
120.97,1,0.209
120.98,1,0.153
120.99,1,0.225
121.00,1,0.229
121.01,1,0.210
121.02,1,0.222
121.03,1,0.224
121.04,1,0.194
121.05,1,0.196
121.06,1,0.237
121.07,1,0.274
121.08,1,0.299
121.09,1,0.344
121.10,1,0.357
121.11,1,0.348
121.12,1,0.334
121.13,1,0.306
121.14,1,0.278
121.15,1,0.254
121.16,1,0.226
121.17,1,0.233
121.18,1,0.227
121.19,1,0.246
121.20,1,0.274
121.21,1,0.307
121.22,1,0.321
121.23,1,0.348
121.24,1,0.338
121.25,1,0.341
121.26,1,0.337
121.27,1,0.330
121.28,1,0.364
121.29,1,0.473
121.30,1,0.612
121.31,1,0.750
121.32,1,0.761
121.33,1,0.879
121.34,1,1.103
121.35,1,1.109
121.36,1,1.085
121.37,1,1.030
121.38,1,0.933
121.39,1,0.653
121.40,1,0.418
121.41,1,0.386
121.42,1,0.319
121.43,1,0.195
121.44,1,0.114
121.45,1,0.114
121.46,1,0.142
121.47,1,0.152
121.48,1,0.166
121.49,1,0.197
121.50,1,0.226
121.51,1,0.235
121.52,1,0.262
121.53,1,0.293
121.54,1,0.325
121.55,1,0.368
121.56,1,0.414
121.57,1,0.631
121.58,1,0.620
121.59,1,0.606
121.60,1,0.771
121.61,1,0.775
121.62,1,0.433
121.63,1,0.174
121.64,1,0.172
121.65,1,0.172
121.66,1,0.171
121.67,1,0.160
121.68,1,0.178
121.69,1,0.191
121.70,1,0.205
121.71,1,0.238
121.72,1,0.266
121.73,1,0.288
121.74,1,0.315
121.75,1,0.339
121.76,1,0.319
121.77,1,0.302
121.78,1,0.276
121.79,1,0.259
121.80,1,0.246
121.81,1,0.291
121.82,1,0.308
121.83,1,0.356
121.84,1,0.347
121.85,1,0.245
121.86,1,0.212
121.87,1,0.178
121.88,1,0.186
121.89,1,0.179
121.90,1,0.181
121.91,1,0.174
121.92,1,0.179
121.93,1,0.174
121.94,1,0.184
121.95,1,0.209
121.96,1,0.244
121.97,1,0.273
121.98,1,0.312
121.99,1,0.332
122.00,1,0.325
122.01,1,0.329
122.02,1,0.313
122.03,1,0.302
122.04,1,0.293
122.05,1,0.284
122.06,1,0.301
122.07,1,0.369
122.08,1,0.385
122.09,1,0.430
122.10,1,0.447
122.11,1,0.474
122.12,1,0.402
122.13,1,0.460
122.14,1,0.432
122.15,1,0.353
122.16,1,0.292
122.17,1,0.280
122.18,1,0.272
122.19,1,0.285
122.20,1,0.309
122.21,1,0.354
122.22,1,0.439
122.23,1,0.465
122.24,1,0.498
122.25,1,0.526
122.26,1,0.507
122.27,1,0.383
122.28,1,0.434
122.29,1,0.466
122.30,1,0.335
122.31,1,0.267
122.32,1,0.239
122.33,1,0.203
122.34,1,0.180
122.35,1,0.188
122.36,1,0.218
122.37,1,0.256
122.38,1,0.300
122.39,1,0.345
122.40,1,0.376
122.41,1,0.381
122.42,1,0.383
122.43,1,0.372
122.44,1,0.344
122.45,1,0.342
122.46,1,0.342
122.47,1,0.314
122.48,1,0.296
122.49,1,0.266
122.50,1,0.243
122.51,1,0.236
122.52,1,0.239
122.53,1,0.244
122.54,1,0.249
122.55,1,0.266
122.56,1,0.253
122.57,1,0.267
122.58,1,0.287
122.59,1,0.323
122.60,1,0.382
122.61,1,0.411
122.62,1,0.540
122.63,1,0.389
122.64,1,0.399
122.65,1,0.439
122.66,1,0.453
122.67,1,0.414
122.68,1,0.416
122.69,1,0.402
122.70,1,0.389
122.71,1,0.445
122.72,1,0.476
122.73,1,0.525
122.74,1,0.615
122.75,1,0.627
122.76,1,0.592
122.77,1,0.630
122.78,1,0.585
122.79,1,0.497
122.80,1,0.460
122.81,1,0.442
122.82,1,0.413
122.83,1,0.403
122.84,1,0.409
122.85,1,0.427
122.86,1,0.425
122.87,1,0.486
122.88,1,0.506
122.89,1,0.502
122.90,1,0.510
122.91,1,0.532
122.92,1,0.462
122.93,1,0.447
122.94,1,0.393
122.95,1,0.379
122.96,1,0.342
122.97,1,0.293
122.98,1,0.265
122.99,1,0.241
123.00,1,0.275
123.01,1,0.304
123.02,1,0.321
123.03,1,0.320
123.04,1,0.344
123.05,1,0.316
123.06,1,0.293
123.07,1,0.289
123.08,1,0.295
123.09,1,0.273
123.10,1,0.275
123.11,1,0.284
123.12,1,0.308
123.13,1,0.362
123.14,1,0.408
123.15,1,0.450
123.16,1,0.487
123.17,1,0.725
123.18,1,0.781
123.19,1,0.804
123.20,1,0.675
123.21,1,0.336
123.22,1,0.181
123.23,1,0.151
123.24,1,0.172
123.25,1,0.184
123.26,1,0.210
123.27,1,0.240
123.28,1,0.246
123.29,1,0.237
123.30,1,0.238
123.31,1,0.238
123.32,1,0.233
123.33,1,0.249
123.34,1,0.267
123.35,1,0.293
123.36,1,0.296
123.37,1,0.286
123.38,1,0.299
123.39,1,0.304
123.40,1,0.275
123.41,1,0.257
123.42,1,0.247
123.43,1,0.225
123.44,1,0.199
123.45,1,0.216
123.46,1,0.225
123.47,1,0.242
123.48,1,0.270
123.49,1,0.226
123.50,1,0.209
123.51,1,0.201
123.52,1,0.177
123.53,1,0.188
123.54,1,0.204
123.55,1,0.219
123.56,1,0.209
123.57,1,0.174
123.58,1,0.139
123.59,1,0.115
123.60,1,0.103
123.61,1,0.102
123.62,1,0.121
123.63,1,0.165
123.64,1,0.231
123.65,1,0.268
123.66,1,0.273
123.67,1,0.273
123.68,1,0.269
123.69,1,0.274
123.70,1,0.299
123.71,1,0.313
123.72,1,0.328
123.73,1,0.339
123.74,1,0.348
123.75,1,0.345
123.76,1,0.343
123.77,1,0.330
123.78,1,0.296
123.79,1,0.278
123.80,1,0.271
123.81,1,0.272
123.82,1,0.300
123.83,1,0.331
123.84,1,0.334
123.85,1,0.306
123.86,1,0.270
123.87,1,0.236
123.88,1,0.230
123.89,1,0.256
123.90,1,0.280
123.91,1,0.303
123.92,1,0.330
123.93,1,0.311
123.94,1,0.310
123.95,1,0.323
123.96,1,0.310
123.97,1,0.332
123.98,1,0.352
123.99,1,0.374
124.00,1,0.402
124.01,1,0.479
124.02,1,0.480
124.03,1,0.481
124.04,1,0.475
124.05,1,0.468
124.06,1,0.439
124.07,1,0.470
124.08,1,0.508
124.09,1,0.521
124.10,1,0.546
124.11,1,0.605
124.12,1,0.519
124.13,1,0.491
124.14,1,0.433
124.15,1,0.345
124.16,1,0.318
124.17,1,0.313
124.18,1,0.285
124.19,1,0.299
124.20,1,0.303
124.21,1,0.293
124.22,1,0.323
124.23,1,0.366
124.24,1,0.351
124.25,1,0.377
124.26,1,0.479
124.27,1,0.562
124.28,1,0.615
124.29,1,0.723
124.30,1,0.763
124.31,1,0.730
124.32,1,0.536
124.33,1,0.359
124.34,1,0.250
124.35,1,0.215
124.36,1,0.213
124.37,1,0.228
124.38,1,0.242
124.39,1,0.257
124.40,1,0.282
124.41,1,0.299
124.42,1,0.300
124.43,1,0.344
124.44,1,0.377
124.45,1,0.406
124.46,1,0.424
124.47,1,0.449
124.48,1,0.307
124.49,1,0.241
124.50,1,0.208
124.51,1,0.184
124.52,1,0.210
124.53,1,0.264
124.54,1,0.329
124.55,1,0.382
124.56,1,0.440
124.57,1,0.443
124.58,1,0.357
124.59,1,0.288
124.60,1,0.212
124.61,1,0.177
124.62,1,0.165
124.63,1,0.190
124.64,1,0.186
124.65,1,0.194
124.66,1,0.196
124.67,1,0.190
124.68,1,0.199
124.69,1,0.233
124.70,1,0.256
124.71,1,0.276
124.72,1,0.305
124.73,1,0.317
124.74,1,0.297
124.75,1,0.295
124.76,1,0.291
124.77,1,0.272
124.78,1,0.257
124.79,1,0.214
124.80,1,0.196
124.81,1,0.193
124.82,1,0.194
124.83,1,0.202
124.84,1,0.222
124.85,1,0.225
124.86,1,0.227
124.87,1,0.235
124.88,1,0.284
124.89,1,0.342
124.90,1,0.369
124.91,1,0.441
124.92,1,0.438
124.93,1,0.592
124.94,1,0.582
124.95,1,0.591
124.96,1,0.239
124.97,1,0.260
124.98,1,0.189
124.99,1,0.219
125.00,1,0.212
125.01,1,0.221
125.02,1,0.218
125.03,1,0.241
125.04,1,0.234
125.05,1,0.238
125.06,1,0.249
125.07,1,0.251
125.08,1,0.266
125.09,1,0.298
125.10,1,0.321
125.11,1,0.314
125.12,1,0.318
125.13,1,0.320
125.14,1,0.313
125.15,1,0.281
125.16,1,0.301
125.17,1,0.298
125.18,1,0.277
125.19,1,0.294
125.20,1,0.273
125.21,1,0.247
125.22,1,0.218
125.23,1,0.208
125.24,1,0.205
125.25,1,0.218
125.26,1,0.247
125.27,1,0.292
125.28,1,0.329
125.29,1,0.357
125.30,1,0.394
125.31,1,0.373
125.32,1,0.368
125.33,1,0.365
125.34,1,0.330
125.35,1,0.302
125.36,1,0.310
125.37,1,0.295
125.38,1,0.276
125.39,1,0.289
125.40,1,0.321
125.41,1,0.365
125.42,1,0.441
125.43,1,0.556
125.44,1,0.762
125.45,1,0.835
125.46,1,0.880
125.47,1,0.525
125.48,1,0.296
125.49,1,0.233
125.50,1,0.231
125.51,1,0.201
125.52,1,0.193
125.53,1,0.198
125.54,1,0.200
125.55,1,0.195
125.56,1,0.218
125.57,1,0.231
125.58,1,0.242
125.59,1,0.268
125.60,1,0.275
125.61,1,0.280
125.62,1,0.298
125.63,1,0.299
125.64,1,0.317
125.65,1,0.335
125.66,1,0.322
125.67,1,0.306
125.68,1,0.296
125.69,1,0.294
125.70,1,0.335
125.71,1,0.355
125.72,1,0.375
125.73,1,0.367
125.74,1,0.337
125.75,1,0.301
125.76,1,0.266
125.77,1,0.274
125.78,1,0.279
125.79,1,0.282
125.80,1,0.293
125.81,1,0.300
125.82,1,0.291
125.83,1,0.277
125.84,1,0.273
125.85,1,0.260
125.86,1,0.261
125.87,1,0.267
125.88,1,0.278
125.89,1,0.292
125.90,1,0.310
125.91,1,0.341
125.92,1,0.349
125.93,1,0.329
125.94,1,0.310
125.95,1,0.281
125.96,1,0.259
125.97,1,0.240
125.98,1,0.218
125.99,1,0.203
126.00,1,0.177
126.01,1,0.172
126.02,1,0.178
126.03,1,0.206
126.04,1,0.230
126.05,1,0.273
126.06,1,0.310
126.07,1,0.340
126.08,1,0.381
126.09,1,0.411
126.10,1,0.419
126.11,1,0.421
126.12,1,0.439
126.13,1,0.464
126.14,1,0.452
126.15,1,0.433
126.16,1,0.412
126.17,1,0.359
126.18,1,0.318
126.19,1,0.301
126.20,1,0.283
126.21,1,0.287
126.22,1,0.291
126.23,1,0.294
126.24,1,0.303
126.25,1,0.307
126.26,1,0.300
126.27,1,0.263
126.28,1,0.245
126.29,1,0.234
126.30,1,0.263
126.31,1,0.353
126.32,1,0.475
126.33,1,0.643
126.34,1,0.778
126.35,1,0.619
126.36,1,0.587
126.37,1,0.581
126.38,1,0.573
126.39,1,0.618
126.40,1,0.637
126.41,1,0.692
126.42,1,0.728
126.43,1,0.694
126.44,1,0.694
126.45,1,0.691
126.46,1,0.669
126.47,1,0.542
126.48,1,0.350
126.49,1,0.184
126.50,1,0.101
126.51,1,0.087
126.52,1,0.098
126.53,1,0.125
126.54,1,0.145
126.55,1,0.178
126.56,1,0.220
126.57,1,0.269
126.58,1,0.256
126.59,1,0.292
126.60,1,0.282
126.61,1,0.246
126.62,1,0.252
126.63,1,0.246
126.64,1,0.240
126.65,1,0.249
126.66,1,0.233
126.67,1,0.225
126.68,1,0.237
126.69,1,0.283
126.70,1,0.334
126.71,1,0.367
126.72,1,0.379
126.73,1,0.379
126.74,1,0.326
126.75,1,0.295
126.76,1,0.252
126.77,1,0.302
126.78,1,0.358
126.79,1,0.368
126.80,1,0.392
126.81,1,0.402
126.82,1,0.362
126.83,1,0.367
126.84,1,0.396
126.85,1,0.394
126.86,1,0.393
126.87,1,0.414
126.88,1,0.399
126.89,1,0.382
126.90,1,0.419
126.91,1,0.572
126.92,1,0.531
126.93,1,0.480
126.94,1,0.545
126.95,1,0.585
126.96,1,0.511
126.97,1,0.429
126.98,1,0.219
126.99,1,0.106
127.00,1,0.087
127.01,1,0.166
127.02,1,0.236
127.03,1,0.294
127.04,1,0.340
127.05,1,0.383
127.06,1,0.382
127.07,1,0.307
127.08,1,0.241
127.09,1,0.198
127.10,1,0.180
127.11,1,0.188
127.12,1,0.202
127.13,1,0.214
127.14,1,0.209
127.15,1,0.194
127.16,1,0.197
127.17,1,0.185
127.18,1,0.194
127.19,1,0.213
127.20,1,0.242
127.21,1,0.241
127.22,1,0.248
127.23,1,0.255
127.24,1,0.247
127.25,1,0.245
127.26,1,0.268
127.27,1,0.286
127.28,1,0.306
127.29,1,0.384
127.30,1,0.665
127.31,1,0.577
127.32,1,0.186
127.33,1,0.141
127.34,1,0.140
127.35,1,0.148
127.36,1,0.155
127.37,1,0.181
127.38,1,0.182
127.39,1,0.226
127.40,1,0.282
127.41,1,0.310
127.42,1,0.307
127.43,1,0.365
127.44,1,0.325
127.45,1,0.271
127.46,1,0.247
127.47,1,0.214
127.48,1,0.207
127.49,1,0.205
127.50,1,0.207
127.51,1,0.195
127.52,1,0.168
127.53,1,0.150
127.54,1,0.143
127.55,1,0.142
127.56,1,0.154
127.57,1,0.170
127.58,1,0.183
127.59,1,0.197
127.60,1,0.203
127.61,1,0.197
127.62,1,0.193
127.63,1,0.197
127.64,1,0.210
127.65,1,0.225
127.66,1,0.226
127.67,1,0.230
127.68,1,0.220
127.69,1,0.236
127.70,1,0.236
127.71,1,0.259
127.72,1,0.274
127.73,1,0.289
127.74,1,0.273
127.75,1,0.299
127.76,1,0.368
127.77,1,0.841
127.78,1,0.948
127.79,1,0.604
127.80,1,0.177
127.81,1,0.098
127.82,1,0.076
127.83,1,0.073
127.84,1,0.082
127.85,1,0.119
127.86,1,0.133
127.87,1,0.161
127.88,1,0.190
127.89,1,0.202
127.90,1,0.201
127.91,1,0.207
127.92,1,0.202
127.93,1,0.198
127.94,1,0.210
127.95,1,0.233
127.96,1,0.266
127.97,1,0.311
127.98,1,0.331
127.99,1,0.330
128.00,1,0.294
128.01,1,0.298
128.02,1,0.259
128.03,1,0.262
128.04,1,0.353
128.05,1,0.476
128.06,1,0.553
128.07,1,0.790
128.08,1,0.906
128.09,1,0.749
128.10,1,0.565
128.11,1,0.400
128.12,1,0.163
128.13,1,0.136
128.14,1,0.127
128.15,1,0.103
128.16,1,0.097
128.17,1,0.099
128.18,1,0.107
128.19,1,0.125
128.20,1,0.156
128.21,1,0.166
128.22,1,0.185
128.23,1,0.209
128.24,1,0.219
128.25,1,0.227
128.26,1,0.314
128.27,1,0.341
128.28,1,0.183
128.29,1,0.154
128.30,1,0.128
128.31,1,0.108
128.32,1,0.110
128.33,1,0.107
128.34,1,0.096
128.35,1,0.118
128.36,1,0.142
128.37,1,0.152
128.38,1,0.178
128.39,1,0.197
128.40,1,0.203
128.41,1,0.211
128.42,1,0.230
128.43,1,0.230
128.44,1,0.240
128.45,1,0.208
128.46,1,0.183
128.47,1,0.160
128.48,1,0.201
128.49,1,0.227
128.50,1,0.263
128.51,1,0.283
128.52,1,0.324
128.53,1,0.350
128.54,1,0.351
128.55,1,0.344
128.56,1,0.351
128.57,1,0.264
128.58,1,0.224
128.59,1,0.209
128.60,1,0.203
128.61,1,0.196
128.62,1,0.187
128.63,1,0.173
128.64,1,0.147
128.65,1,0.134
128.66,1,0.124
128.67,1,0.133
128.68,1,0.134
128.69,1,0.135
128.70,1,0.142
128.71,1,0.159
128.72,1,0.173
128.73,1,0.211
128.74,1,0.315
128.75,1,0.361
128.76,1,0.375
128.77,1,0.466
128.78,1,0.376
128.79,1,0.155
128.80,1,0.085
128.81,1,0.104
128.82,1,0.110
128.83,1,0.127
128.84,1,0.157
128.85,1,0.221
128.86,1,0.273
128.87,1,0.303
128.88,1,0.330
128.89,1,0.332
128.90,1,0.295
128.91,1,0.238
128.92,1,0.232
128.93,1,0.224
128.94,1,0.240
128.95,1,0.235
128.96,1,0.240
128.97,1,0.230
128.98,1,0.222
128.99,1,0.225
129.00,1,0.229
129.01,1,0.235
129.02,1,0.250
129.03,1,0.272
129.04,1,0.312
129.05,1,0.391
129.06,1,0.478
129.07,1,0.560
129.08,1,0.599
129.09,1,0.663
129.10,1,0.642
129.11,1,0.551
129.12,1,0.610
129.13,1,0.869
129.14,1,0.721
129.15,1,0.426
129.16,1,0.166
129.17,1,0.137
129.18,1,0.158
129.19,1,0.168
129.20,1,0.184
129.21,1,0.222
129.22,1,0.238
129.23,1,0.233
129.24,1,0.224
129.25,1,0.206
129.26,1,0.172
129.27,1,0.156
129.28,1,0.136
129.29,1,0.136
129.30,1,0.141
129.31,1,0.156
129.32,1,0.174
129.33,1,0.201
129.34,1,0.255
129.35,1,0.293
129.36,1,0.312
129.37,1,0.329
129.38,1,0.338
129.39,1,0.397
129.40,1,0.495
129.41,1,0.698
129.42,1,0.894
129.43,1,0.989
129.44,1,0.634
129.45,1,0.503
129.46,1,0.381
129.47,1,0.150
129.48,1,0.135
129.49,1,0.138
129.50,1,0.152
129.51,1,0.175
129.52,1,0.196
129.53,1,0.229
129.54,1,0.363
129.55,1,0.630
129.56,1,0.412
129.57,1,0.161
129.58,1,0.173
129.59,1,0.149
129.60,1,0.159
129.61,1,0.172
129.62,1,0.197
129.63,1,0.210
129.64,1,0.374
129.65,1,0.352
129.66,1,0.234
129.67,1,0.196
129.68,1,0.192
129.69,1,0.190
129.70,1,0.192
129.71,1,0.196
129.72,1,0.214
129.73,1,0.213
129.74,1,0.206
129.75,1,0.226
129.76,1,0.213
129.77,1,0.204
129.78,1,0.226
129.79,1,0.236
129.80,1,0.230
129.81,1,0.247
129.82,1,0.168
129.83,1,0.123
129.84,1,0.133
129.85,1,0.147
129.86,1,0.167
129.87,1,0.193
129.88,1,0.229
129.89,1,0.250
129.90,1,0.266
129.91,1,0.276
129.92,1,0.290
129.93,1,0.293
129.94,1,0.287
129.95,1,0.273
129.96,1,0.248
129.97,1,0.224
129.98,1,0.202
129.99,1,0.190
130.00,1,0.186
130.01,1,0.211
130.02,1,0.240
130.03,1,0.275
130.04,1,0.345
130.05,1,0.436
130.06,1,0.529
130.07,1,0.384
130.08,1,0.336
130.09,1,0.356
130.10,1,0.364
130.11,1,0.400
130.12,1,0.433
130.13,1,0.312
130.14,1,0.230
130.15,1,0.154
130.16,1,0.126
130.17,1,0.108
130.18,1,0.125
130.19,1,0.159
130.20,1,0.206
130.21,1,0.235
130.22,1,0.286
130.23,1,0.317
130.24,1,0.323
130.25,1,0.298
130.26,1,0.311
130.27,1,0.314
130.28,1,0.318
130.29,1,0.316
130.30,1,0.330
130.31,1,0.328
130.32,1,0.293
130.33,1,0.203
130.34,1,0.179
130.35,1,0.175
130.36,1,0.179
130.37,1,0.191
130.38,1,0.219
130.39,1,0.224
130.40,1,0.224
130.41,1,0.226
130.42,1,0.231
130.43,1,0.223
130.44,1,0.249
130.45,1,0.269
130.46,1,0.210
130.47,1,0.138
130.48,1,0.106
130.49,1,0.100
130.50,1,0.117
130.51,1,0.164
130.52,1,0.200
130.53,1,0.223
130.54,1,0.253
130.55,1,0.274
130.56,1,0.272
130.57,1,0.278
130.58,1,0.329
130.59,1,0.355
130.60,1,0.333
130.61,1,0.274
130.62,1,0.263
130.63,1,0.228
130.64,1,0.264
130.65,1,0.290
130.66,1,0.233
130.67,1,0.189
130.68,1,0.201
130.69,1,0.211
130.70,1,0.217
130.71,1,0.235
130.72,1,0.254
130.73,1,0.250
130.74,1,0.254
130.75,1,0.276
130.76,1,0.291
130.77,1,0.351
130.78,1,0.455
130.79,1,0.391
130.80,1,0.333
130.81,1,0.233
130.82,1,0.138
130.83,1,0.121
130.84,1,0.123
130.85,1,0.134
130.86,1,0.160
130.87,1,0.199
130.88,1,0.229
130.89,1,0.247
130.90,1,0.266
130.91,1,0.267
130.92,1,0.244
130.93,1,0.235
130.94,1,0.223
130.95,1,0.200
130.96,1,0.186
130.97,1,0.183
130.98,1,0.176
130.99,1,0.176
131.00,1,0.182
131.01,1,0.194
131.02,1,0.211
131.03,1,0.221
131.04,1,0.232
131.05,1,0.238
131.06,1,0.225
131.07,1,0.218
131.08,1,0.210
131.09,1,0.177
131.10,1,0.165
131.11,1,0.151
131.12,1,0.138
131.13,1,0.142
131.14,1,0.159
131.15,1,0.171
131.16,1,0.184
131.17,1,0.184
131.18,1,0.176
131.19,1,0.168
131.20,1,0.163
131.21,1,0.180
131.22,1,0.204
131.23,1,0.221
131.24,1,0.233
131.25,1,0.241
131.26,1,0.247
131.27,1,0.286
131.28,1,0.327
131.29,1,0.365
131.30,1,0.407
131.31,1,0.537
131.32,1,0.556
131.33,1,0.485
131.34,1,0.480
131.35,1,0.559
131.36,1,0.618
131.37,1,0.632
131.38,1,0.603
131.39,1,0.618
131.40,1,0.634
131.41,1,0.672
131.42,1,0.690
131.43,1,0.787
131.44,0,
131.45,0,
131.46,0,
131.47,0,
131.48,0,
131.49,0,
131.50,0,
131.51,0,
131.52,0,
131.53,0,
131.54,0,
131.55,0,
131.56,0,
131.57,0,
131.58,0,
131.59,0,
131.60,0,
131.61,0,
131.62,0,
131.63,0,
131.64,0,
131.65,0,
131.66,0,
131.67,0,
131.68,0,
131.69,0,
131.70,0,
131.71,0,
131.72,1,0.441
131.73,1,0.344
131.74,1,0.234
131.75,1,0.118
131.76,1,0.067
131.77,1,0.085
131.78,1,0.114
131.79,1,0.157
131.80,1,0.178
131.81,1,0.192
131.82,1,0.197
131.83,1,0.192
131.84,1,0.145
131.85,1,0.125
131.86,1,0.132
131.87,1,0.140
131.88,1,0.140
131.89,1,0.161
131.90,1,0.178
131.91,1,0.187
131.92,1,0.184
131.93,1,0.159
131.94,1,0.132
131.95,1,0.123
131.96,1,0.105
131.97,1,0.119
131.98,1,0.146
131.99,1,0.162
132.00,1,0.177
132.01,1,0.214
132.02,1,0.215
132.03,1,0.203
132.04,1,0.179
132.05,1,0.171
132.06,1,0.163
132.07,1,0.160
132.08,1,0.217
132.09,1,0.491
132.10,1,0.732
132.11,1,0.818
132.12,1,0.748
132.13,1,0.497
132.14,1,0.173
132.15,1,0.153
132.16,1,0.206
132.17,1,0.252
132.18,1,0.298
132.19,1,0.355
132.20,1,0.396
132.21,1,0.422
132.22,1,0.410
132.23,1,0.409
132.24,1,0.410
132.25,1,0.399
132.26,1,0.358
132.27,1,0.294
132.28,1,0.235
132.29,1,0.160
132.30,1,0.115
132.31,1,0.109
132.32,1,0.095
132.33,1,0.085
132.34,1,0.118
132.35,1,0.149
132.36,1,0.199
132.37,1,0.230
132.38,1,0.264
132.39,1,0.310
132.40,1,0.328
132.41,1,0.373
132.42,1,0.423
132.43,1,0.594
132.44,1,0.717
132.45,1,0.721
132.46,1,0.336
132.47,1,0.105
132.48,1,0.089
132.49,1,0.116
132.50,1,0.125
132.51,1,0.132
132.52,1,0.161
132.53,1,0.182
132.54,1,0.176
132.55,1,0.183
132.56,1,0.190
132.57,1,0.191
132.58,1,0.196
132.59,1,0.224
132.60,1,0.499
132.61,1,0.615
132.62,1,0.862
132.63,1,0.658
132.64,1,0.331
132.65,1,0.192
132.66,1,0.113
132.67,1,0.130
132.68,1,0.146
132.69,1,0.155
132.70,1,0.170
132.71,1,0.206
132.72,1,0.225
132.73,1,0.243
132.74,1,0.257
132.75,1,0.260
132.76,1,0.242
132.77,1,0.216
132.78,1,0.185
132.79,1,0.173
132.80,1,0.142
132.81,1,0.137
132.82,1,0.156
132.83,1,0.172
132.84,1,0.185
132.85,1,0.221
132.86,1,0.225
132.87,1,0.244
132.88,1,0.253
132.89,1,0.273
132.90,1,0.273
132.91,1,0.275
132.92,1,0.276
132.93,1,0.264
132.94,1,0.260
132.95,1,0.261
132.96,1,0.271
132.97,1,0.286
132.98,1,0.279
132.99,1,0.252
133.00,1,0.215
133.01,1,0.181
133.02,1,0.155
133.03,1,0.177
133.04,1,0.208
133.05,1,0.229
133.06,1,0.231
133.07,1,0.263
133.08,1,0.330
133.09,1,0.354
133.10,1,0.433
133.11,1,0.940
133.12,1,0.866
133.13,1,0.422
133.14,1,0.186
133.15,1,0.118
133.16,1,0.100
133.17,1,0.112
133.18,1,0.160
133.19,1,0.239
133.20,1,0.283
133.21,1,0.335
133.22,1,0.381
133.23,1,0.385
133.24,1,0.342
133.25,1,0.304
133.26,1,0.241
133.27,1,0.197
133.28,1,0.195
133.29,1,0.176
133.30,1,0.164
133.31,1,0.169
133.32,1,0.160
133.33,1,0.160
133.34,1,0.179
133.35,1,0.186
133.36,1,0.176
133.37,1,0.173
133.38,1,0.163
133.39,1,0.162
133.40,1,0.184
133.41,1,0.198
133.42,1,0.236
133.43,1,0.279
133.44,1,0.425
133.45,1,0.637
133.46,1,0.616
133.47,1,0.410
133.48,1,0.178
133.49,1,0.157
133.50,1,0.151
133.51,1,0.156
133.52,1,0.176
133.53,1,0.221
133.54,1,0.273
133.55,1,0.308
133.56,1,0.331
133.57,1,0.344
133.58,1,0.330
133.59,1,0.300
133.60,1,0.279
133.61,1,0.242
133.62,1,0.223
133.63,1,0.206
133.64,1,0.196
133.65,1,0.198
133.66,1,0.200
133.67,1,0.207
133.68,1,0.229
133.69,1,0.232
133.70,1,0.223
133.71,1,0.223
133.72,1,0.219
133.73,1,0.178
133.74,1,0.177
133.75,1,0.176
133.76,1,0.170
133.77,1,0.168
133.78,1,0.162
133.79,1,0.166
133.80,1,0.164
133.81,1,0.162
133.82,1,0.151
133.83,1,0.126
133.84,1,0.141
133.85,1,0.169
133.86,1,0.238
133.87,1,0.281
133.88,1,0.315
133.89,1,0.332
133.90,1,0.349
133.91,1,0.323
133.92,1,0.324
133.93,1,0.363
133.94,1,0.343
133.95,1,0.338
133.96,1,0.318
133.97,1,0.259
133.98,1,0.230
133.99,1,0.243
134.00,1,0.240
134.01,1,0.260
134.02,1,0.294
134.03,1,0.321
134.04,1,0.375
134.05,1,0.394
134.06,1,0.401
134.07,1,0.402
134.08,1,0.368
134.09,1,0.264
134.10,1,0.199
134.11,1,0.145
134.12,1,0.129
134.13,1,0.120
134.14,1,0.121
134.15,1,0.129
134.16,1,0.145
134.17,1,0.144
134.18,1,0.135
134.19,1,0.132
134.20,1,0.148
134.21,1,0.181
134.22,1,0.220
134.23,1,0.248
134.24,1,0.264
134.25,1,0.258
134.26,1,0.230
134.27,1,0.223
134.28,1,0.230
134.29,1,0.242
134.30,1,0.268
134.31,1,0.284
134.32,1,0.303
134.33,1,0.268
134.34,1,0.268
134.35,1,0.245
134.36,1,0.239
134.37,1,0.186
134.38,1,0.215
134.39,1,0.206
134.40,1,0.468
134.41,1,0.810
134.42,1,0.755
134.43,1,0.726
134.44,1,0.688
134.45,1,0.541
134.46,1,0.290
134.47,1,0.133
134.48,1,0.099
134.49,1,0.090
134.50,1,0.083
134.51,1,0.084
134.52,1,0.106
134.53,1,0.105
134.54,1,0.113
134.55,1,0.137
134.56,1,0.147
134.57,1,0.157
134.58,1,0.170
134.59,1,0.166
134.60,1,0.151
134.61,1,0.134
134.62,1,0.133
134.63,1,0.144
134.64,1,0.167
134.65,1,0.170
134.66,1,0.168
134.67,1,0.166
134.68,1,0.148
134.69,1,0.153
134.70,1,0.176
134.71,1,0.184
134.72,1,0.210
134.73,1,0.238
134.74,1,0.232
134.75,1,0.230
134.76,1,0.217
134.77,1,0.221
134.78,1,0.228
134.79,1,0.254
134.80,1,0.274
134.81,1,0.301
134.82,1,0.287
134.83,1,0.229
134.84,1,0.230
134.85,1,0.240
134.86,1,0.255
134.87,1,0.272
134.88,1,0.283
134.89,1,0.272
134.90,1,0.259
134.91,1,0.239
134.92,1,0.232
134.93,1,0.227
134.94,1,0.217
134.95,1,0.219
134.96,1,0.211
134.97,1,0.198
134.98,1,0.207
134.99,1,0.216
135.00,1,0.206
135.01,1,0.215
135.02,1,0.205
135.03,1,0.185
135.04,1,0.171
135.05,1,0.159
135.06,1,0.144
135.07,1,0.129
135.08,1,0.125
135.09,1,0.132
135.10,1,0.134
135.11,1,0.134
135.12,1,0.132
135.13,1,0.140
135.14,1,0.147
135.15,1,0.150
135.16,1,0.143
135.17,1,0.142
135.18,1,0.136
135.19,1,0.133
135.20,1,0.135
135.21,1,0.147
135.22,1,0.137
135.23,1,0.145
135.24,1,0.143
135.25,1,0.137
135.26,1,0.138
135.27,1,0.141
135.28,1,0.132
135.29,1,0.162
135.30,1,0.164
135.31,1,0.138
135.32,1,0.150
135.33,1,0.209
135.34,1,0.258
135.35,1,0.315
135.36,1,0.294
135.37,1,0.298
135.38,1,0.233
135.39,1,0.213
135.40,1,0.197
135.41,1,0.213
135.42,1,0.212
135.43,1,0.277
135.44,1,0.260
135.45,1,0.272
135.46,1,0.246
135.47,1,0.220
135.48,1,0.195
135.49,1,0.176
135.50,1,0.135
135.51,1,0.146
135.52,1,0.182
135.53,1,0.228
135.54,1,0.266
135.55,1,0.315
135.56,1,0.369
135.57,1,0.386
135.58,1,0.496
135.59,1,0.600
135.60,1,0.759
135.61,1,0.908
135.62,1,0.496
135.63,1,0.282
135.64,1,0.183
135.65,1,0.163
135.66,1,0.145
135.67,1,0.149
135.68,1,0.188
135.69,1,0.214
135.70,1,0.245
135.71,1,0.323
135.72,1,0.394
135.73,1,0.401
135.74,1,0.415
135.75,1,0.409
135.76,1,0.330
135.77,1,0.269
135.78,1,0.257
135.79,1,0.228
135.80,1,0.205
135.81,1,0.161
135.82,1,0.151
135.83,1,0.149
135.84,1,0.160
135.85,1,0.168
135.86,1,0.167
135.87,1,0.175
135.88,1,0.178
135.89,1,0.184
135.90,1,0.189
135.91,1,0.199
135.92,1,0.244
135.93,1,0.242
135.94,1,0.278
135.95,1,0.300
135.96,1,0.281
135.97,1,0.220
135.98,1,0.215
135.99,1,0.213
136.00,1,0.220
136.01,1,0.294
136.02,1,0.318
136.03,1,0.319
136.04,1,0.337
136.05,1,0.295
136.06,1,0.261
136.07,1,0.254
136.08,1,0.248
136.09,1,0.245
136.10,1,0.358
136.11,1,0.812
136.12,1,0.924
136.13,1,0.532
136.14,1,0.313
136.15,1,0.268
136.16,1,0.208
136.17,1,0.216
136.18,1,0.233
136.19,1,0.260
136.20,1,0.286
136.21,1,0.317
136.22,1,0.315
136.23,1,0.303
136.24,1,0.288
136.25,1,0.308
136.26,1,0.347
136.27,1,0.363
136.28,1,0.336
136.29,1,0.328
136.30,1,0.342
136.31,1,0.327
136.32,1,0.349
136.33,1,0.403
136.34,1,0.436
136.35,1,0.482
136.36,1,0.661
136.37,1,1.000
136.38,1,1.252
136.39,1,1.222
136.40,1,1.097
136.41,1,1.233
136.42,1,1.227
136.43,1,1.180
136.44,1,1.138
136.45,1,0.705
136.46,1,0.371
136.47,1,0.311
136.48,1,0.212
136.49,1,0.149
136.50,1,0.121
136.51,1,0.120
136.52,1,0.105
136.53,1,0.112
136.54,1,0.129
136.55,1,0.141
136.56,1,0.150
136.57,1,0.149
136.58,1,0.141
136.59,1,0.140
136.60,1,0.154
136.61,1,0.184
136.62,1,0.209
136.63,1,0.240
136.64,1,0.269
136.65,1,0.274
136.66,1,0.270
136.67,1,0.297
136.68,1,0.334
136.69,1,0.383
136.70,1,0.477
136.71,1,0.566
136.72,1,0.593
136.73,1,0.661
136.74,1,0.690
136.75,1,0.691
136.76,1,0.665
136.77,1,0.607
136.78,1,0.527
136.79,1,0.478
136.80,1,0.395
136.81,1,0.348
136.82,1,0.284
136.83,1,0.269
136.84,1,0.261
136.85,1,0.263
136.86,1,0.267
136.87,1,0.292
136.88,1,0.306
136.89,1,0.261
136.90,1,0.289
136.91,1,0.368
136.92,1,0.498
136.93,1,0.564
136.94,1,0.438
136.95,1,0.295
136.96,1,0.201
136.97,1,0.172
136.98,1,0.171
136.99,1,0.170
137.00,1,0.163
137.01,1,0.182
137.02,1,0.186
137.03,1,0.169
137.04,1,0.164
137.05,1,0.161
137.06,1,0.157
137.07,1,0.153
137.08,1,0.157
137.09,1,0.165
137.10,1,0.166
137.11,1,0.168
137.12,1,0.168
137.13,1,0.161
137.14,1,0.156
137.15,1,0.150
137.16,1,0.164
137.17,1,0.167
137.18,1,0.154
137.19,1,0.151
137.20,1,0.161
137.21,1,0.172
137.22,1,0.189
137.23,1,0.242
137.24,1,0.341
137.25,1,0.299
137.26,1,0.362
137.27,1,0.514
137.28,1,0.614
137.29,1,0.975
137.30,1,1.063
137.31,1,1.372
137.32,0,
137.33,0,
137.34,0,
137.35,0,
137.36,0,
137.37,0,
137.38,0,
137.39,0,
137.40,0,
137.41,0,
137.42,0,
137.43,0,
137.44,0,
137.45,0,
137.46,0,
137.47,0,
137.48,0,
137.49,0,
137.50,0,
137.51,0,
137.52,0,
137.53,0,
137.54,0,
137.55,0,
137.56,0,
137.57,0,
137.58,0,
137.59,0,
137.60,0,
137.61,0,
137.62,0,
137.63,0,
137.64,0,
137.65,0,
137.66,0,
137.67,0,
137.68,0,
137.69,0,
137.70,0,
137.71,0,
137.72,0,
137.73,0,
137.74,0,
137.75,0,
137.76,0,
137.77,0,
137.78,0,
137.79,0,
137.80,0,
137.81,0,
137.82,0,
137.83,0,
137.84,0,
137.85,0,
137.86,0,
137.87,0,
137.88,0,
137.89,0,
137.90,0,
137.91,0,
137.92,0,
137.93,0,
137.94,0,
137.95,0,
137.96,0,
137.97,0,
137.98,0,
137.99,0,
138.00,0,
138.01,0,
138.02,0,
138.03,0,
138.04,0,
138.05,0,
138.06,0,
138.07,0,
138.08,0,
138.09,0,
138.10,0,
138.11,0,
138.12,0,
138.13,0,
138.14,0,
138.15,0,
138.16,0,
138.17,0,
138.18,0,
138.19,0,
138.20,0,
138.21,0,
138.22,0,
138.23,0,
138.24,0,
138.25,0,
138.26,0,
138.27,0,
138.28,0,
138.29,0,
138.30,0,
138.31,0,
138.32,0,
138.33,0,
138.34,0,
138.35,0,
138.36,0,
138.37,0,
138.38,0,
138.39,0,
138.40,0,
138.41,0,
138.42,0,
138.43,0,
138.44,0,
138.45,0,
138.46,0,
138.47,0,
138.48,0,
138.49,0,
138.50,0,
138.51,0,
138.52,0,
138.53,0,
138.54,0,
138.55,0,
138.56,0,
138.57,0,
138.58,0,
138.59,0,
138.60,0,
138.61,0,
138.62,0,
138.63,0,
138.64,0,
138.65,0,
138.66,0,
138.67,0,
138.68,0,
138.69,0,
138.70,0,
138.71,0,
138.72,0,
138.73,0,
138.74,0,
138.75,0,
138.76,0,
138.77,0,
138.78,0,
138.79,0,
138.80,0,
138.81,0,
138.82,0,
138.83,0,
138.84,0,
138.85,0,
138.86,0,
138.87,0,
138.88,0,
138.89,0,
138.90,0,
138.91,0,
138.92,0,
138.93,0,
138.94,0,
138.95,0,
138.96,0,
138.97,0,
138.98,0,
138.99,0,
139.00,0,
139.01,0,
139.02,0,
139.03,0,
139.04,0,
139.05,0,
139.06,0,
139.07,0,
139.08,0,
139.09,0,
139.10,0,
139.11,0,
139.12,0,
139.13,0,
139.14,0,
139.15,0,
139.16,0,
139.17,0,
139.18,0,
139.19,0,
139.20,0,
139.21,0,
139.22,0,
139.23,0,
139.24,0,
139.25,0,
139.26,0,
139.27,0,
139.28,0,
139.29,0,
139.30,0,
139.31,0,
139.32,0,
139.33,0,
139.34,0,
139.35,0,
139.36,0,
139.37,0,
139.38,0,
139.39,0,
139.40,0,
139.41,0,
139.42,0,
139.43,0,
139.44,0,
139.45,0,
139.46,0,
139.47,0,
139.48,0,
139.49,0,
139.50,0,
139.51,0,
139.52,0,
139.53,0,
139.54,0,
139.55,0,
139.56,0,
139.57,0,
139.58,0,
139.59,0,
139.60,0,
139.61,0,
139.62,0,
139.63,0,
139.64,0,
139.65,0,
139.66,0,
139.67,0,
139.68,0,
139.69,0,
139.70,0,
139.71,0,
139.72,0,
139.73,0,
139.74,0,
139.75,0,
139.76,0,
139.77,0,
139.78,0,
139.79,0,
139.80,0,
139.81,0,
139.82,0,
139.83,0,
139.84,0,
139.85,0,
139.86,0,
139.87,0,
139.88,0,
139.89,0,
139.90,0,
139.91,0,
139.92,0,
139.93,0,
139.94,0,
139.95,0,
139.96,0,
139.97,0,
139.98,0,
139.99,0,
140.00,0,
140.01,0,
140.02,0,
140.03,0,
140.04,0,
140.05,0,
140.06,0,
140.07,0,
140.08,0,
140.09,0,
140.10,0,
140.11,0,
140.12,0,
140.13,0,
140.14,0,
140.15,0,
140.16,0,
140.17,0,
140.18,0,
140.19,0,
140.20,0,
140.21,0,
140.22,0,
140.23,0,
140.24,0,
140.25,0,
140.26,0,
140.27,0,
140.28,0,
140.29,0,
140.30,0,
140.31,0,
140.32,0,
140.33,0,
140.34,0,
140.35,0,
140.36,0,
140.37,0,
140.38,0,
140.39,0,
140.40,0,
140.41,0,
140.42,0,
140.43,0,
140.44,0,
140.45,0,
140.46,1,0.065
140.47,1,0.101
140.48,1,0.157
140.49,1,0.201
140.50,1,0.230
140.51,1,0.272
140.52,1,0.305
140.53,1,0.328
140.54,1,0.335
140.55,1,0.370
140.56,1,0.412
140.57,1,0.629
140.58,1,0.468
140.59,1,0.231
140.60,1,0.156
140.61,1,0.155
140.62,1,0.169
140.63,1,0.184
140.64,1,0.182
140.65,1,0.171
140.66,1,0.139
140.67,1,0.120
140.68,1,0.111
140.69,1,0.125
140.70,1,0.135
140.71,1,0.144
140.72,1,0.153
140.73,1,0.160
140.74,1,0.159
140.75,1,0.185
140.76,1,0.200
140.77,1,0.235
140.78,1,0.304
140.79,1,0.239
140.80,1,0.184
140.81,1,0.166
140.82,1,0.163
140.83,1,0.159
140.84,1,0.182
140.85,1,0.196
140.86,1,0.215
140.87,1,0.214
140.88,1,0.214
140.89,1,0.189
140.90,1,0.171
140.91,1,0.145
140.92,1,0.136
140.93,1,0.133
140.94,1,0.122
140.95,1,0.112
140.96,1,0.114
140.97,1,0.135
140.98,1,0.171
140.99,1,0.209
141.00,1,0.233
141.01,1,0.266
141.02,1,0.264
141.03,1,0.279
141.04,1,0.309
141.05,1,0.312
141.06,1,0.298
141.07,1,0.294
141.08,1,0.268
141.09,1,0.244
141.10,1,0.268
141.11,1,0.299
141.12,1,0.315
141.13,1,0.455
141.14,1,0.696
141.15,1,0.715
141.16,1,0.684
141.17,1,0.768
141.18,1,0.787
141.19,1,0.892
141.20,1,0.675
141.21,1,0.483
141.22,1,0.142
141.23,1,0.095
141.24,1,0.096
141.25,1,0.101
141.26,1,0.111
141.27,1,0.125
141.28,1,0.153
141.29,1,0.187
141.30,1,0.212
141.31,1,0.238
141.32,1,0.259
141.33,1,0.272
141.34,1,0.293
141.35,1,0.290
141.36,1,0.272
141.37,1,0.263
141.38,1,0.234
141.39,1,0.182
141.40,1,0.163
141.41,1,0.136
141.42,1,0.124
141.43,1,0.158
141.44,1,0.200
141.45,1,0.236
141.46,1,0.262
141.47,1,0.302
141.48,1,0.320
141.49,1,0.354
141.50,1,0.356
141.51,1,0.381
141.52,1,0.366
141.53,1,0.328
141.54,1,0.302
141.55,1,0.311
141.56,1,0.316
141.57,1,0.322
141.58,1,0.328
141.59,1,0.332
141.60,1,0.342
141.61,1,0.327
141.62,1,0.329
141.63,1,0.325
141.64,1,0.333
141.65,1,0.333
141.66,1,0.323
141.67,1,0.318
141.68,1,0.305
141.69,1,0.295
141.70,1,0.282
141.71,1,0.276
141.72,1,0.270
141.73,1,0.265
141.74,1,0.253
141.75,1,0.252
141.76,1,0.240
141.77,1,0.240
141.78,1,0.234
141.79,1,0.219
141.80,1,0.207
141.81,1,0.206
141.82,1,0.215
141.83,1,0.226
141.84,1,0.247
141.85,1,0.284
141.86,1,0.299
141.87,1,0.309
141.88,1,0.312
141.89,1,0.321
141.90,1,0.314
141.91,1,0.320
141.92,1,0.330
141.93,1,0.365
141.94,1,0.374
141.95,1,0.384
141.96,1,0.486
141.97,1,0.442
141.98,1,0.230
141.99,1,0.202
142.00,1,0.192
142.01,1,0.199
142.02,1,0.217
142.03,1,0.247
142.04,1,0.271
142.05,1,0.297
142.06,1,0.302
142.07,1,0.292
142.08,1,0.270
142.09,1,0.231
142.10,1,0.192
142.11,1,0.173
142.12,1,0.178
142.13,1,0.184
142.14,1,0.205
142.15,1,0.229
142.16,1,0.204
142.17,1,0.173
142.18,1,0.153
142.19,1,0.162
142.20,1,0.186
142.21,1,0.208
142.22,1,0.219
142.23,1,0.232
142.24,1,0.237
142.25,1,0.232
142.26,1,0.251
142.27,1,0.271
142.28,1,0.267
142.29,1,0.241
142.30,1,0.233
142.31,1,0.216
142.32,1,0.216
142.33,1,0.239
142.34,1,0.246
142.35,1,0.273
142.36,1,0.271
142.37,1,0.288
142.38,1,0.310
142.39,1,0.319
142.40,1,0.301
142.41,1,0.319
142.42,1,0.319
142.43,1,0.314
142.44,1,0.329
142.45,1,0.344
142.46,1,0.354
142.47,1,0.360
142.48,1,0.403
142.49,1,0.514
142.50,1,0.692
142.51,1,0.899
142.52,1,1.175
142.53,1,1.304
142.54,1,1.220
142.55,1,1.078
142.56,1,0.847
142.57,1,0.307
142.58,1,0.140
142.59,1,0.132
142.60,1,0.166
142.61,1,0.173
142.62,1,0.186
142.63,1,0.216
142.64,1,0.238
142.65,1,0.238
142.66,1,0.244
142.67,1,0.257
142.68,1,0.271
142.69,1,0.274
142.70,1,0.276
142.71,1,0.292
142.72,1,0.301
142.73,1,0.307
142.74,1,0.325
142.75,1,0.322
142.76,1,0.274
142.77,1,0.201
142.78,1,0.161
142.79,1,0.122
142.80,1,0.118
142.81,1,0.123
142.82,1,0.131
142.83,1,0.148
142.84,1,0.163
142.85,1,0.160
142.86,1,0.170
142.87,1,0.184
142.88,1,0.205
142.89,1,0.223
142.90,1,0.245
142.91,1,0.256
142.92,1,0.266
142.93,1,0.248
142.94,1,0.241
142.95,1,0.225
142.96,1,0.229
142.97,1,0.233
142.98,1,0.244
142.99,1,0.244
143.00,1,0.232
143.01,1,0.233
143.02,1,0.236
143.03,1,0.254
143.04,1,0.268
143.05,1,0.277
143.06,1,0.286
143.07,1,0.305
143.08,1,0.318
143.09,1,0.306
143.10,1,0.219
143.11,1,0.149
143.12,1,0.112
143.13,1,0.106
143.14,1,0.115
143.15,1,0.136
143.16,1,0.172
143.17,1,0.231
143.18,1,0.278
143.19,1,0.322
143.20,1,0.371
143.21,1,0.448
143.22,1,0.538
143.23,1,0.725
143.24,1,0.731
143.25,1,0.779
143.26,1,0.620
143.27,1,0.282
143.28,1,0.235
143.29,1,0.188
143.30,1,0.154
143.31,1,0.155
143.32,1,0.181
143.33,1,0.200
143.34,1,0.232
143.35,1,0.284
143.36,1,0.309
143.37,1,0.345
143.38,1,0.353
143.39,1,0.324
143.40,1,0.286
143.41,1,0.239
143.42,1,0.201
143.43,1,0.187
143.44,1,0.179
143.45,1,0.210
143.46,1,0.216
143.47,1,0.255
143.48,1,0.279
143.49,1,0.290
143.50,1,0.285
143.51,1,0.254
143.52,1,0.193
143.53,1,0.142
143.54,1,0.133
143.55,1,0.112
143.56,1,0.134
143.57,1,0.167
143.58,1,0.202
143.59,1,0.272
143.60,1,0.460
143.61,1,0.511
143.62,1,0.662
143.63,1,0.347
143.64,1,0.230
143.65,1,0.160
143.66,1,0.156
143.67,1,0.149
143.68,1,0.169
143.69,1,0.234
143.70,1,0.322
143.71,1,0.366
143.72,1,0.405
143.73,1,0.398
143.74,1,0.366
143.75,1,0.340
143.76,1,0.343
143.77,1,0.360
143.78,1,0.417
143.79,1,0.475
143.80,1,0.526
143.81,1,0.680
143.82,1,0.786
143.83,1,0.769
143.84,1,0.868
143.85,1,0.980
143.86,1,0.949
143.87,1,0.563
143.88,1,0.137
143.89,1,0.101
143.90,1,0.094
143.91,1,0.097
143.92,1,0.088
143.93,1,0.089
143.94,1,0.089
143.95,1,0.091
143.96,1,0.108
143.97,1,0.138
143.98,1,0.171
143.99,1,0.199
144.00,1,0.228
144.01,1,0.257
144.02,1,0.275
144.03,1,0.297
144.04,1,0.326
144.05,1,0.333
144.06,1,0.279
144.07,1,0.232
144.08,1,0.183
144.09,1,0.198
144.10,1,0.256
144.11,1,0.300
144.12,1,0.358
144.13,1,0.384
144.14,1,0.373
144.15,1,0.363
144.16,1,0.333
144.17,1,0.304
144.18,1,0.287
144.19,1,0.244
144.20,1,0.244
144.21,1,0.258
144.22,1,0.279
144.23,1,0.315
144.24,1,0.343
144.25,1,0.362
144.26,1,0.389
144.27,1,0.386
144.28,1,0.382
144.29,1,0.365
144.30,1,0.316
144.31,1,0.272
144.32,1,0.247
144.33,1,0.225
144.34,1,0.206
144.35,1,0.188
144.36,1,0.176
144.37,1,0.188
144.38,1,0.216
144.39,1,0.248
144.40,1,0.326
144.41,1,0.551
144.42,1,0.738
144.43,1,0.769
144.44,1,0.682
144.45,1,0.281
144.46,1,0.118
144.47,1,0.102
144.48,1,0.106
144.49,1,0.126
144.50,1,0.127
144.51,1,0.115
144.52,1,0.089
144.53,1,0.075
144.54,1,0.078
144.55,1,0.105
144.56,1,0.139
144.57,1,0.188
144.58,1,0.290
144.59,1,0.675
144.60,1,0.654
144.61,1,0.617
144.62,1,0.288
144.63,1,0.133
144.64,1,0.089
144.65,1,0.081
144.66,1,0.092
144.67,1,0.112
144.68,1,0.143
144.69,1,0.184
144.70,1,0.227
144.71,1,0.265
144.72,1,0.288
144.73,1,0.289
144.74,1,0.290
144.75,1,0.314
144.76,1,0.342
144.77,1,0.380
144.78,1,0.432
144.79,1,0.523
144.80,1,0.698
144.81,1,0.547
144.82,1,0.341
144.83,1,0.257
144.84,1,0.228
144.85,1,0.232
144.86,1,0.245
144.87,1,0.259
144.88,1,0.310
144.89,1,0.389
144.90,1,0.393
144.91,1,0.397
144.92,1,0.420
144.93,1,0.366
144.94,1,0.228
144.95,1,0.145
144.96,1,0.118
144.97,1,0.117
144.98,1,0.122
144.99,1,0.138
145.00,1,0.140
145.01,1,0.133
145.02,1,0.125
145.03,1,0.134
145.04,1,0.184
145.05,1,0.241
145.06,1,0.347
145.07,1,0.677
145.08,1,1.025
145.09,1,0.623
145.10,1,0.254
145.11,1,0.196
145.12,1,0.118
145.13,1,0.084
145.14,1,0.069
145.15,1,0.061
145.16,1,0.064
145.17,1,0.074
145.18,1,0.117
145.19,1,0.156
145.20,1,0.206
145.21,1,0.250
145.22,1,0.273
145.23,1,0.272
145.24,1,0.267
145.25,1,0.251
145.26,1,0.249
145.27,1,0.277
145.28,1,0.323
145.29,1,0.380
145.30,1,0.397
145.31,1,0.392
145.32,1,0.347
145.33,1,0.278
145.34,1,0.245
145.35,1,0.255
145.36,1,0.283
145.37,1,0.301
145.38,1,0.333
145.39,1,0.349
145.40,1,0.350
145.41,1,0.348
145.42,1,0.322
145.43,1,0.283
145.44,1,0.277
145.45,1,0.265
145.46,1,0.266
145.47,1,0.261
145.48,1,0.252
145.49,1,0.247
145.50,1,0.225
145.51,1,0.220
145.52,1,0.229
145.53,1,0.227
145.54,1,0.239
145.55,1,0.259
145.56,1,0.278
145.57,1,0.281
145.58,1,0.271
145.59,1,0.260
145.60,1,0.230
145.61,1,0.206
145.62,1,0.195
145.63,1,0.187
145.64,1,0.196
145.65,1,0.192
145.66,1,0.211
145.67,1,0.300
145.68,1,0.417
145.69,1,0.519
145.70,1,0.628
145.71,1,0.841
145.72,1,0.813
145.73,1,0.827
145.74,1,0.914
145.75,1,0.945
145.76,1,1.051
145.77,1,0.896
145.78,1,0.724
145.79,1,0.498
145.80,1,0.179
145.81,1,0.131
145.82,1,0.087
145.83,1,0.070
145.84,1,0.066
145.85,1,0.063
145.86,1,0.087
145.87,1,0.125
145.88,1,0.172
145.89,1,0.237
145.90,1,0.452
145.91,1,0.568
145.92,1,0.680
145.93,1,0.884
145.94,1,0.962
145.95,1,0.882
145.96,1,0.685
145.97,1,0.395
145.98,1,0.148
145.99,1,0.108
146.00,1,0.084
146.01,1,0.079
146.02,1,0.082
146.03,1,0.103
146.04,1,0.135
146.05,1,0.171
146.06,1,0.200
146.07,1,0.217
146.08,1,0.227
146.09,1,0.220
146.10,1,0.212
146.11,1,0.197
146.12,1,0.196
146.13,1,0.202
146.14,1,0.189
146.15,1,0.160
146.16,1,0.139
146.17,1,0.129
146.18,1,0.115
146.19,1,0.111
146.20,1,0.109
146.21,1,0.103
146.22,1,0.107
146.23,1,0.114
146.24,1,0.122
146.25,1,0.134
146.26,1,0.169
146.27,1,0.226
146.28,1,0.325
146.29,1,0.424
146.30,1,0.607
146.31,1,0.446
146.32,1,0.206
146.33,1,0.168
146.34,1,0.163
146.35,1,0.170
146.36,1,0.188
146.37,1,0.199
146.38,1,0.227
146.39,1,0.241
146.40,1,0.254
146.41,1,0.267
146.42,1,0.281
146.43,1,0.286
146.44,1,0.277
146.45,1,0.258
146.46,1,0.245
146.47,1,0.238
146.48,1,0.230
146.49,1,0.234
146.50,1,0.240
146.51,1,0.238
146.52,1,0.225
146.53,1,0.232
146.54,1,0.232
146.55,1,0.231
146.56,1,0.241
146.57,1,0.169
146.58,1,0.149
146.59,1,0.155
146.60,1,0.165
146.61,1,0.183
146.62,1,0.209
146.63,1,0.213
146.64,1,0.213
146.65,1,0.204
146.66,1,0.197
146.67,1,0.192
146.68,1,0.186
146.69,1,0.177
146.70,1,0.165
146.71,1,0.151
146.72,1,0.146
146.73,1,0.135
146.74,1,0.122
146.75,1,0.110
146.76,1,0.113
146.77,1,0.123
146.78,1,0.150
146.79,1,0.184
146.80,1,0.222
146.81,1,0.274
146.82,1,0.309
146.83,1,0.315
146.84,1,0.230
146.85,1,0.199
146.86,1,0.208
146.87,1,0.208
146.88,1,0.227
146.89,1,0.274
146.90,1,0.319
146.91,1,0.330
146.92,1,0.333
146.93,1,0.314
146.94,1,0.263
146.95,1,0.222
146.96,1,0.208
146.97,1,0.210
146.98,1,0.228
146.99,1,0.242
147.00,1,0.251
147.01,1,0.254
147.02,1,0.239
147.03,1,0.210
147.04,1,0.212
147.05,1,0.235
147.06,1,0.245
147.07,1,0.255
147.08,1,0.276
147.09,1,0.278
147.10,1,0.201
147.11,1,0.143
147.12,1,0.126
147.13,1,0.115
147.14,1,0.135
147.15,1,0.127
147.16,1,0.106
147.17,1,0.123
147.18,1,0.149
147.19,1,0.187
147.20,1,0.226
147.21,1,0.268
147.22,1,0.312
147.23,1,0.323
147.24,1,0.340
147.25,1,0.366
147.26,1,0.388
147.27,1,0.410
147.28,1,0.472
147.29,1,0.563
147.30,1,0.675
147.31,1,0.504
147.32,1,0.231
147.33,1,0.169
147.34,1,0.177
147.35,1,0.192
147.36,1,0.213
147.37,1,0.241
147.38,1,0.279
147.39,1,0.294
147.40,1,0.299
147.41,1,0.305
147.42,1,0.287
147.43,1,0.229
147.44,1,0.211
147.45,1,0.198
147.46,1,0.175
147.47,1,0.180
147.48,1,0.201
147.49,1,0.232
147.50,1,0.278
147.51,1,0.274
147.52,1,0.271
147.53,1,0.275
147.54,1,0.252
147.55,1,0.256
147.56,1,0.257
147.57,1,0.254
147.58,1,0.228
147.59,1,0.232
147.60,1,0.229
147.61,1,0.228
147.62,1,0.234
147.63,1,0.229
147.64,1,0.212
147.65,1,0.191
147.66,1,0.166
147.67,1,0.159
147.68,1,0.139
147.69,1,0.136
147.70,1,0.173
147.71,1,0.204
147.72,1,0.224
147.73,1,0.259
147.74,1,0.253
147.75,1,0.231
147.76,1,0.224
147.77,1,0.233
147.78,1,0.239
147.79,1,0.248
147.80,1,0.262
147.81,1,0.260
147.82,1,0.245
147.83,1,0.247
147.84,1,0.249
147.85,1,0.239
147.86,1,0.263
147.87,1,0.628
147.88,1,0.832
147.89,1,0.499
147.90,1,0.319
147.91,1,0.213
147.92,1,0.126
147.93,1,0.111
147.94,1,0.135
147.95,1,0.161
147.96,1,0.170
147.97,1,0.204
147.98,1,0.239
147.99,1,0.221
148.00,1,0.211
148.01,1,0.225
148.02,1,0.210
148.03,1,0.213
148.04,1,0.212
148.05,1,0.231
148.06,1,0.238
148.07,1,0.239
148.08,1,0.224
148.09,1,0.186
148.10,1,0.161
148.11,1,0.171
148.12,1,0.177
148.13,1,0.197
148.14,1,0.195
148.15,1,0.141
148.16,1,0.118
148.17,1,0.111
148.18,1,0.132
148.19,1,0.165
148.20,1,0.189
148.21,1,0.225
148.22,1,0.260
148.23,1,0.270
148.24,1,0.277
148.25,1,0.293
148.26,1,0.306
148.27,1,0.318
148.28,1,0.329
148.29,1,0.318
148.30,1,0.298
148.31,1,0.284
148.32,1,0.259
148.33,1,0.246
148.34,1,0.252
148.35,1,0.263
148.36,1,0.281
148.37,1,0.293
148.38,1,0.316
148.39,1,0.318
148.40,1,0.312
148.41,1,0.310
148.42,1,0.304
148.43,1,0.314
148.44,1,0.332
148.45,1,0.354
148.46,1,0.381
148.47,1,0.383
148.48,1,0.337
148.49,1,0.261
148.50,1,0.177
148.51,1,0.134
148.52,1,0.112
148.53,1,0.109
148.54,1,0.107
148.55,1,0.115
148.56,1,0.128
148.57,1,0.141
148.58,1,0.155
148.59,1,0.167
148.60,1,0.157
148.61,1,0.147
148.62,1,0.158
148.63,1,0.201
148.64,1,0.262
148.65,1,0.341
148.66,1,0.268
148.67,1,0.149
148.68,1,0.107
148.69,1,0.125
148.70,1,0.144
148.71,1,0.173
148.72,1,0.207
148.73,1,0.230
148.74,1,0.265
148.75,1,0.310
148.76,1,0.350
148.77,1,0.398
148.78,1,0.474
148.79,1,0.532
148.80,1,0.518
148.81,1,0.396
148.82,1,0.195
148.83,1,0.141
148.84,1,0.129
148.85,1,0.111
148.86,1,0.117
148.87,1,0.128
148.88,1,0.139
148.89,1,0.168
148.90,1,0.199
148.91,1,0.226
148.92,1,0.261
148.93,1,0.312
148.94,1,0.311
148.95,1,0.280
148.96,1,0.243
148.97,1,0.221
148.98,1,0.193
148.99,1,0.121
149.00,1,0.136
149.01,1,0.161
149.02,1,0.186
149.03,1,0.241
149.04,1,0.310
149.05,1,0.348
149.06,1,0.362
149.07,1,0.375
149.08,1,0.346
149.09,1,0.313
149.10,1,0.310
149.11,1,0.294
149.12,1,0.286
149.13,1,0.307
149.14,1,0.344
149.15,1,0.346
149.16,1,0.390
149.17,1,0.620
149.18,1,0.873
149.19,1,1.038
149.20,1,0.779
149.21,1,0.303
149.22,1,0.148
149.23,1,0.125
149.24,1,0.134
149.25,1,0.155
149.26,1,0.164
149.27,1,0.174
149.28,1,0.193
149.29,1,0.201
149.30,1,0.180
149.31,1,0.171
149.32,1,0.161
149.33,1,0.148
149.34,1,0.132
149.35,1,0.133
149.36,1,0.154
149.37,1,0.183
149.38,1,0.220
149.39,1,0.271
149.40,1,0.343
149.41,1,0.547
149.42,1,0.795
149.43,1,1.019
149.44,1,1.230
149.45,1,1.150
149.46,1,1.007
149.47,1,0.734
149.48,1,0.588
149.49,1,0.546
149.50,1,0.194
149.51,1,0.133
149.52,1,0.121
149.53,1,0.123
149.54,1,0.141
149.55,1,0.156
149.56,1,0.186
149.57,1,0.221
149.58,1,0.264
149.59,1,0.299
149.60,1,0.321
149.61,1,0.332
149.62,1,0.339
149.63,1,0.304
149.64,1,0.250
149.65,1,0.226
149.66,1,0.213
149.67,1,0.212
149.68,1,0.209
149.69,1,0.195
149.70,1,0.189
149.71,1,0.186
149.72,1,0.219
149.73,1,0.238
149.74,1,0.272
149.75,1,0.289
149.76,1,0.319
149.77,1,0.380
149.78,1,0.430
149.79,1,0.486
149.80,1,0.584
149.81,1,0.645
149.82,1,0.430
149.83,1,0.263
149.84,1,0.191
149.85,1,0.170
149.86,1,0.176
149.87,1,0.201
149.88,1,0.223
149.89,1,0.272
149.90,1,0.307
149.91,1,0.307
149.92,1,0.302
149.93,1,0.315
149.94,1,0.330
149.95,1,0.366
149.96,1,0.439
149.97,1,0.614
149.98,1,0.675
149.99,1,0.628
150.00,1,0.298
150.01,1,0.185
150.02,1,0.204
150.03,1,0.209
150.04,1,0.205
150.05,1,0.220
150.06,1,0.260
150.07,1,0.302
150.08,1,0.357
150.09,1,0.440
150.10,1,0.573
150.11,1,0.678
150.12,1,0.670
150.13,1,0.759
150.14,1,0.802
150.15,1,0.802
150.16,1,0.621
150.17,1,0.428
150.18,1,0.340
150.19,1,0.281
150.20,1,0.250
150.21,1,0.266
150.22,1,0.288
150.23,1,0.351
150.24,1,0.456
150.25,1,0.590
150.26,1,0.671
150.27,1,0.639
150.28,1,0.605
150.29,1,0.565
150.30,1,0.238
150.31,1,0.173
150.32,1,0.169
150.33,1,0.180
150.34,1,0.192
150.35,1,0.205
150.36,1,0.229
150.37,1,0.285
150.38,1,0.362
150.39,1,0.431
150.40,1,0.487
150.41,1,0.487
150.42,1,0.463
150.43,1,0.415
150.44,1,0.381
150.45,1,0.363
150.46,1,0.333
150.47,1,0.302
150.48,1,0.305
150.49,1,0.299
150.50,1,0.311
150.51,1,0.401
150.52,1,0.729
150.53,1,0.812
150.54,1,0.729
150.55,1,0.279
150.56,1,0.142
150.57,1,0.147
150.58,1,0.174
150.59,1,0.181
150.60,1,0.207
150.61,1,0.240
150.62,1,0.252
150.63,1,0.256
150.64,1,0.286
150.65,1,0.285
150.66,1,0.308
150.67,1,0.327
150.68,1,0.341
150.69,1,0.321
150.70,1,0.315
150.71,1,0.300
150.72,1,0.275
150.73,1,0.263
150.74,1,0.262
150.75,1,0.250
150.76,1,0.255
150.77,1,0.280
150.78,1,0.293
150.79,1,0.297
150.80,1,0.305
150.81,1,0.311
150.82,1,0.306
150.83,1,0.311
150.84,1,0.318
150.85,1,0.307
150.86,1,0.295
150.87,1,0.298
150.88,1,0.293
150.89,1,0.292
150.90,1,0.298
150.91,1,0.284
150.92,1,0.259
150.93,1,0.228
150.94,1,0.203
150.95,1,0.199
150.96,1,0.196
150.97,1,0.203
150.98,1,0.204
150.99,1,0.207
151.00,1,0.210
151.01,1,0.201
151.02,1,0.203
151.03,1,0.210
151.04,1,0.214
151.05,1,0.228
151.06,1,0.240
151.07,1,0.245
151.08,1,0.253
151.09,1,0.264
151.10,1,0.285
151.11,1,0.301
151.12,1,0.313
151.13,1,0.315
151.14,1,0.294
151.15,1,0.281
151.16,1,0.273
151.17,1,0.251
151.18,1,0.253
151.19,1,0.257
151.20,1,0.254
151.21,1,0.253
151.22,1,0.256
151.23,1,0.261
151.24,1,0.272
151.25,1,0.278
151.26,1,0.282
151.27,1,0.294
151.28,1,0.290
151.29,1,0.292
151.30,1,0.282
151.31,1,0.288
151.32,1,0.301
151.33,1,0.311
151.34,1,0.334
151.35,1,0.334
151.36,1,0.341
151.37,1,0.354
151.38,1,0.337
151.39,1,0.343
151.40,1,0.337
151.41,1,0.320
151.42,1,0.308
151.43,1,0.307
151.44,1,0.315
151.45,1,0.311
151.46,1,0.318
151.47,1,0.316
151.48,1,0.315
151.49,1,0.322
151.50,1,0.304
151.51,1,0.307
151.52,1,0.326
151.53,1,0.307
151.54,1,0.300
151.55,1,0.327
151.56,1,0.318
151.57,1,0.304
151.58,1,0.329
151.59,1,0.336
151.60,1,0.335
151.61,1,0.336
151.62,1,0.354
151.63,1,0.349
151.64,1,0.357
151.65,1,0.356
151.66,1,0.359
151.67,1,0.354
151.68,1,0.343
151.69,1,0.333
151.70,1,0.321
151.71,1,0.321
151.72,1,0.311
151.73,1,0.298
151.74,1,0.294
151.75,1,0.279
151.76,1,0.270
151.77,1,0.271
151.78,1,0.275
151.79,1,0.296
151.80,1,0.300
151.81,1,0.309
151.82,1,0.316
151.83,1,0.315
151.84,1,0.309
151.85,1,0.305
151.86,1,0.312
151.87,1,0.307
151.88,1,0.294
151.89,1,0.295
151.90,1,0.290
151.91,1,0.272
151.92,1,0.253
151.93,1,0.233
151.94,1,0.234
151.95,1,0.231
151.96,1,0.244
151.97,1,0.276
151.98,1,0.297
151.99,1,0.304
152.00,1,0.308
152.01,1,0.319
152.02,1,0.316
152.03,1,0.318
152.04,1,0.327
152.05,1,0.322
152.06,1,0.314
152.07,1,0.298
152.08,1,0.290
152.09,1,0.292
152.10,1,0.289
152.11,1,0.300
152.12,1,0.304
152.13,1,0.287
152.14,1,0.276
152.15,1,0.262
152.16,1,0.255
152.17,1,0.258
152.18,1,0.276
152.19,1,0.295
152.20,1,0.308
152.21,1,0.316
152.22,1,0.322
152.23,1,0.313
152.24,1,0.314
152.25,1,0.317
152.26,1,0.317
152.27,1,0.312
152.28,1,0.298
152.29,1,0.288
152.30,1,0.290
152.31,1,0.284
152.32,1,0.276
152.33,1,0.287
152.34,1,0.289
152.35,1,0.266
152.36,1,0.292
152.37,1,0.313
152.38,1,0.307
152.39,1,0.310
152.40,1,0.306
152.41,1,0.299
152.42,1,0.300
152.43,1,0.307
152.44,1,0.322
152.45,1,0.311
152.46,1,0.304
152.47,1,0.300
152.48,1,0.291
152.49,1,0.292
152.50,1,0.296
152.51,1,0.302
152.52,1,0.287
152.53,1,0.261
152.54,1,0.253
152.55,1,0.241
152.56,1,0.238
152.57,1,0.245
152.58,1,0.252
152.59,1,0.271
152.60,1,0.290
152.61,1,0.309
152.62,1,0.325
152.63,1,0.320
152.64,1,0.306
152.65,1,0.293
152.66,1,0.269
152.67,1,0.273
152.68,1,0.298
152.69,1,0.298
152.70,1,0.282
152.71,1,0.283
152.72,1,0.285
152.73,1,0.258
152.74,1,0.271
152.75,1,0.287
152.76,1,0.291
152.77,1,0.287
152.78,1,0.284
152.79,1,0.292
152.80,1,0.290
152.81,1,0.286
152.82,1,0.289
152.83,1,0.296
152.84,1,0.302
152.85,1,0.289
152.86,1,0.294
152.87,1,0.298
152.88,1,0.289
152.89,1,0.301
152.90,1,0.296
152.91,1,0.294
152.92,1,0.283
152.93,1,0.262
152.94,1,0.254
152.95,1,0.249
152.96,1,0.256
152.97,1,0.265
152.98,1,0.266
152.99,1,0.287
153.00,1,0.289
153.01,1,0.280
153.02,1,0.276
153.03,1,0.267
153.04,1,0.264
153.05,1,0.254
153.06,1,0.271
153.07,1,0.284
153.08,1,0.268
153.09,1,0.259
153.10,1,0.278
153.11,1,0.286
153.12,1,0.283
153.13,1,0.297
153.14,1,0.310
153.15,1,0.294
153.16,1,0.279
153.17,1,0.294
153.18,1,0.301
153.19,1,0.289
153.20,1,0.269
153.21,1,0.266
153.22,1,0.255
153.23,1,0.244
153.24,1,0.255
153.25,1,0.276
153.26,1,0.301
153.27,1,0.335
153.28,1,0.384
153.29,1,0.456
153.30,1,0.499
153.31,1,0.499
153.32,1,0.625
153.33,1,0.783
153.34,1,0.921
153.35,1,0.969
153.36,1,0.921
153.37,1,0.785
153.38,1,0.682
153.39,1,0.603
153.40,1,0.544
153.41,1,0.558
153.42,1,0.566
153.43,1,0.618
153.44,1,0.672
153.45,1,0.678
153.46,1,0.673
153.47,1,0.710
153.48,1,0.734
153.49,1,0.794
153.50,1,0.864
153.51,1,0.870
153.52,1,0.736
153.53,1,0.639
153.54,1,0.618
153.55,1,0.587
153.56,0,
153.57,0,
153.58,0,
153.59,0,
153.60,0,
153.61,0,
153.62,0,
153.63,0,
153.64,0,
153.65,0,
153.66,0,
153.67,0,
153.68,0,
153.69,0,
153.70,0,
153.71,0,
153.72,0,
153.73,0,
153.74,0,
153.75,0,
153.76,0,
153.77,0,
153.78,0,
153.79,0,
153.80,0,
153.81,0,
153.82,0,
153.83,0,
153.84,0,
153.85,0,
153.86,0,
153.87,0,
153.88,0,
153.89,0,
153.90,0,
153.91,0,
153.92,0,
153.93,0,
153.94,0,
153.95,0,
153.96,0,
153.97,0,
153.98,0,
153.99,0,
154.00,0,
154.01,0,
154.02,0,
154.03,0,
154.04,0,
154.05,0,
154.06,0,
154.07,0,
154.08,0,
154.09,0,
154.10,0,
154.11,0,
154.12,0,
154.13,0,
154.14,0,
154.15,0,
154.16,0,
154.17,0,
154.18,0,
154.19,0,
154.20,0,
154.21,0,
154.22,0,
154.23,0,
154.24,0,
154.25,0,
154.26,0,
154.27,0,
154.28,0,
154.29,0,
154.30,0,
154.31,0,
154.32,0,
154.33,0,
154.34,0,
154.35,0,
154.36,0,
154.37,0,
154.38,0,
154.39,0,
154.40,0,
154.41,0,
154.42,0,
154.43,0,
154.44,0,
154.45,0,
154.46,0,
154.47,0,
154.48,0,
154.49,0,
154.50,0,
154.51,0,
154.52,0,
154.53,0,
154.54,0,
154.55,0,
154.56,0,
154.57,0,
154.58,0,
154.59,0,
154.60,0,
154.61,0,
154.62,0,
154.63,0,
154.64,0,
154.65,0,
154.66,0,
154.67,0,
154.68,0,
154.69,0,
154.70,0,
154.71,0,
154.72,0,
154.73,0,
154.74,0,
154.75,0,
154.76,0,
154.77,0,
154.78,0,
154.79,0,
154.80,0,
154.81,0,
154.82,0,
154.83,0,
154.84,0,
154.85,0,
154.86,0,
154.87,0,
154.88,0,
154.89,0,
154.90,0,
154.91,0,
154.92,0,
154.93,0,
154.94,0,
154.95,0,
154.96,0,
154.97,0,
154.98,0,
154.99,0,
155.00,0,
155.01,0,
155.02,0,
155.03,0,
155.04,0,
155.05,0,
155.06,0,
155.07,0,
155.08,0,
155.09,0,
155.10,0,
155.11,0,
155.12,0,
155.13,0,
155.14,0,
155.15,0,
155.16,0,
155.17,0,
155.18,0,
155.19,0,
155.20,0,
155.21,0,
155.22,0,
155.23,0,
155.24,0,
155.25,0,
155.26,0,
155.27,0,
155.28,0,
155.29,0,
155.30,0,
155.31,0,
155.32,0,
155.33,0,
155.34,0,
155.35,0,
155.36,0,
155.37,0,
155.38,0,
155.39,0,
155.40,0,
155.41,0,
155.42,0,
155.43,0,
155.44,0,
155.45,0,
155.46,0,
155.47,0,
155.48,0,
155.49,0,
155.50,0,
155.51,0,
155.52,0,
155.53,0,
155.54,0,
155.55,0,
155.56,0,
155.57,0,
155.58,0,
155.59,0,
155.60,0,
155.61,0,
155.62,0,
155.63,0,
155.64,0,
155.65,0,
155.66,0,
155.67,0,
155.68,0,
155.69,0,
155.70,0,
155.71,0,
155.72,0,
155.73,0,
155.74,0,
155.75,0,
155.76,0,
155.77,0,
155.78,0,
155.79,0,
155.80,0,
155.81,0,
155.82,0,
155.83,0,
155.84,0,
155.85,0,
155.86,0,
155.87,0,
155.88,0,
155.89,0,
155.90,0,
155.91,0,
155.92,0,
155.93,0,
155.94,0,
155.95,0,
155.96,0,
155.97,0,
155.98,0,
155.99,0,
156.00,0,
156.01,0,
156.02,0,
156.03,0,
156.04,0,
156.05,0,
156.06,0,
156.07,0,
156.08,0,
156.09,0,
156.10,0,
156.11,0,
156.12,0,
156.13,0,
156.14,0,
156.15,0,
156.16,0,
156.17,0,
156.18,0,
156.19,0,
156.20,0,
156.21,0,
156.22,0,
156.23,0,
156.24,0,
156.25,0,
156.26,0,
156.27,0,
156.28,0,
156.29,0,
156.30,0,
156.31,0,
156.32,0,
156.33,0,
156.34,0,
156.35,0,
156.36,0,
156.37,0,
156.38,0,
156.39,0,
156.40,0,
156.41,0,
156.42,0,
156.43,0,
156.44,0,
156.45,0,
156.46,0,
156.47,0,
156.48,0,
156.49,0,
156.50,0,
156.51,0,
156.52,0,
156.53,0,
156.54,0,
156.55,0,
156.56,0,
156.57,0,
156.58,0,
156.59,0,
156.60,0,
156.61,0,
156.62,0,
156.63,0,
156.64,0,
156.65,0,
156.66,0,
156.67,0,
156.68,0,
156.69,0,
156.70,0,
156.71,0,
156.72,0,
156.73,0,
156.74,0,
156.75,0,
156.76,0,
156.77,0,
156.78,0,
156.79,0,
156.80,0,
156.81,0,
156.82,0,
156.83,0,
156.84,0,
156.85,0,
156.86,0,
156.87,0,
156.88,0,
156.89,0,
156.90,0,
156.91,0,
156.92,0,
156.93,0,
156.94,0,
156.95,0,
156.96,0,
156.97,0,
156.98,0,
156.99,0,
157.00,0,
157.01,0,
157.02,0,
157.03,0,
157.04,0,
157.05,0,
157.06,0,
157.07,0,
157.08,0,
157.09,0,
157.10,0,
157.11,0,
157.12,0,
157.13,0,
157.14,0,
157.15,0,
157.16,0,
157.17,0,
157.18,0,
157.19,0,
157.20,0,
157.21,0,
157.22,0,
157.23,0,
157.24,0,
157.25,0,
157.26,0,
157.27,0,
157.28,0,
157.29,0,
157.30,0,
157.31,0,
157.32,0,
157.33,0,
157.34,0,
157.35,0,
157.36,0,
157.37,0,
157.38,0,
157.39,0,
157.40,0,
157.41,0,
157.42,0,
157.43,0,
157.44,0,
157.45,0,
157.46,0,
157.47,0,
157.48,0,
157.49,0,
157.50,0,
157.51,0,
157.52,0,
157.53,0,
157.54,0,
157.55,0,
157.56,0,
157.57,0,
157.58,0,
157.59,0,
157.60,0,
157.61,0,
157.62,0,
157.63,0,
157.64,0,
157.65,0,
157.66,0,
157.67,0,
157.68,0,
157.69,0,
157.70,0,
157.71,0,
157.72,0,
157.73,0,
157.74,0,
157.75,0,
157.76,0,
157.77,0,
157.78,0,
157.79,0,
157.80,0,
157.81,0,
157.82,0,
157.83,0,
157.84,0,
157.85,0,
157.86,0,
157.87,0,
157.88,0,
157.89,0,
157.90,0,
157.91,0,
157.92,0,
157.93,0,
157.94,0,
157.95,0,
157.96,0,
157.97,0,
157.98,0,
157.99,0,
158.00,0,
158.01,0,
158.02,0,
158.03,0,
158.04,0,
158.05,0,
158.06,0,
158.07,0,
158.08,0,
158.09,0,
158.10,0,
158.11,0,
158.12,0,
158.13,0,
158.14,0,
158.15,0,
158.16,0,
158.17,0,
158.18,0,
158.19,0,
158.20,0,
158.21,0,
158.22,0,
158.23,0,
158.24,0,
158.25,0,
158.26,0,
158.27,0,
158.28,0,
158.29,0,
158.30,0,
158.31,0,
158.32,0,
158.33,0,
158.34,0,
158.35,0,
158.36,0,
158.37,0,
158.38,0,
158.39,0,
158.40,0,
158.41,0,
158.42,0,
158.43,0,
158.44,0,
158.45,0,
158.46,0,
158.47,0,
158.48,0,
158.49,0,
158.50,0,
158.51,0,
158.52,0,
158.53,0,
158.54,0,
158.55,0,
158.56,0,
158.57,0,
158.58,0,
158.59,0,
158.60,0,
158.61,0,
158.62,0,
158.63,0,
158.64,0,
158.65,0,
158.66,0,
158.67,0,
158.68,0,
158.69,0,
158.70,0,
158.71,0,
158.72,0,
158.73,0,
158.74,0,
158.75,0,
158.76,0,
158.77,0,
158.78,0,
158.79,0,
158.80,0,
158.81,0,
158.82,0,
158.83,0,
158.84,0,
158.85,0,
158.86,0,
158.87,0,
158.88,0,
158.89,0,
158.90,0,
158.91,0,
158.92,0,
158.93,0,
158.94,0,
158.95,0,
158.96,0,
158.97,0,
158.98,0,
158.99,0,
159.00,0,
159.01,0,
159.02,0,
159.03,0,
159.04,0,
159.05,0,
159.06,0,
159.07,0,
159.08,0,
159.09,0,
159.10,0,
159.11,0,
159.12,0,
159.13,0,
159.14,0,
159.15,0,
159.16,0,
159.17,0,
159.18,0,
159.19,0,
159.20,0,
159.21,0,
159.22,0,
159.23,0,
159.24,0,
159.25,0,
159.26,0,
159.27,0,
159.28,0,
159.29,0,
159.30,0,
159.31,0,
159.32,0,
159.33,0,
159.34,0,
159.35,0,
159.36,0,
159.37,0,
159.38,0,
159.39,0,
159.40,0,
159.41,0,
159.42,0,
159.43,0,
159.44,0,
159.45,0,
159.46,0,
159.47,0,
159.48,0,
159.49,0,
159.50,0,
159.51,0,
159.52,0,
159.53,0,
159.54,0,
159.55,0,
159.56,0,
159.57,0,
159.58,0,
159.59,0,
159.60,0,
159.61,0,
159.62,0,
159.63,0,
159.64,0,
159.65,0,
159.66,0,
159.67,0,
159.68,0,
159.69,0,
159.70,0,
159.71,0,
159.72,0,
159.73,0,
159.74,0,
159.75,0,
159.76,0,
159.77,0,
159.78,0,
159.79,0,
159.80,0,
159.81,0,
159.82,0,
159.83,0,
159.84,0,
159.85,0,
159.86,0,
159.87,0,
159.88,0,
159.89,0,
159.90,0,
159.91,0,
159.92,0,
159.93,0,
159.94,0,
159.95,0,
159.96,0,
159.97,0,
159.98,0,
159.99,0,
160.00,0,
160.01,0,
160.02,0,
160.03,0,
160.04,0,
160.05,0,
160.06,0,
160.07,0,
160.08,0,
160.09,0,
160.10,0,
160.11,0,
160.12,0,
160.13,0,
160.14,0,
160.15,0,
160.16,0,
160.17,0,
160.18,0,
160.19,0,
160.20,0,
160.21,0,
160.22,0,
160.23,0,
160.24,0,
160.25,0,
160.26,0,
160.27,0,
160.28,0,
160.29,0,
160.30,0,
160.31,0,
160.32,0,
160.33,0,
160.34,0,
160.35,0,
160.36,0,
160.37,0,
160.38,0,
160.39,0,
160.40,0,
160.41,0,
160.42,0,
160.43,0,
160.44,0,
160.45,0,
160.46,0,
160.47,0,
160.48,0,
160.49,0,
160.50,0,
160.51,0,
160.52,0,
160.53,0,
160.54,0,
160.55,0,
160.56,0,
160.57,0,
160.58,0,
160.59,0,
160.60,0,
160.61,1,0.289
160.62,1,0.239
160.63,1,0.186
160.64,1,0.058
160.65,1,0.064
160.66,1,0.073
160.67,1,0.069
160.68,1,0.052
160.69,1,0.045
160.70,1,0.038
160.71,1,0.031
160.72,1,0.025
160.73,1,0.023
160.74,1,0.020
160.75,1,0.017
160.76,1,0.017
160.77,1,0.018
160.78,1,0.021
160.79,1,0.023
160.80,1,0.026
160.81,1,0.027
160.82,1,0.027
160.83,1,0.025
160.84,1,0.025
160.85,1,0.025
160.86,1,0.026
160.87,1,0.029
160.88,1,0.035
160.89,1,0.041
160.90,1,0.050
160.91,1,0.056
160.92,1,0.066
160.93,1,0.072
160.94,1,0.073
160.95,1,0.068
160.96,1,0.061
160.97,1,0.047
160.98,1,0.042
160.99,1,0.038
161.00,1,0.033
161.01,1,0.030
161.02,1,0.029
161.03,1,0.029
161.04,1,0.030
161.05,1,0.031
161.06,1,0.033
161.07,1,0.036
161.08,1,0.038
161.09,1,0.039
161.10,1,0.038
161.11,1,0.034
161.12,1,0.030
161.13,1,0.024
161.14,1,0.023
161.15,1,0.024
161.16,1,0.029
161.17,1,0.034
161.18,1,0.042
161.19,1,0.046
161.20,1,0.050
161.21,1,0.051
161.22,1,0.052
161.23,1,0.047
161.24,1,0.040
161.25,1,0.034
161.26,1,0.027
161.27,1,0.020
161.28,1,0.015
161.29,1,0.014
161.30,1,0.015
161.31,1,0.019
161.32,1,0.020
161.33,1,0.021
161.34,1,0.021
161.35,1,0.020
161.36,1,0.018
161.37,1,0.019
161.38,1,0.020
161.39,1,0.019
161.40,1,0.020
161.41,1,0.022
161.42,1,0.029
161.43,1,0.038
161.44,1,0.043
161.45,1,0.046
161.46,1,0.044
161.47,1,0.038
161.48,1,0.030
161.49,1,0.028
161.50,1,0.031
161.51,1,0.038
161.52,1,0.045
161.53,1,0.052
161.54,1,0.054
161.55,1,0.056
161.56,1,0.059
161.57,1,0.067
161.58,1,0.063
161.59,1,0.113
161.60,1,0.182
161.61,1,0.297
161.62,1,0.178
161.63,1,0.074
161.64,1,0.035
161.65,1,0.028
161.66,1,0.027
161.67,1,0.026
161.68,1,0.029
161.69,1,0.032
161.70,1,0.035
161.71,1,0.035
161.72,1,0.035
161.73,1,0.031
161.74,1,0.029
161.75,1,0.030
161.76,1,0.036
161.77,1,0.039
161.78,1,0.041
161.79,1,0.043
161.80,1,0.045
161.81,1,0.050
161.82,1,0.063
161.83,1,0.075
161.84,1,0.097
161.85,1,0.112
161.86,1,0.081
161.87,1,0.056
161.88,1,0.043
161.89,1,0.029
161.90,1,0.021
161.91,1,0.028
161.92,1,0.037
161.93,1,0.031
161.94,1,0.034
161.95,1,0.034
161.96,1,0.030
161.97,1,0.029
161.98,1,0.032
161.99,1,0.036
162.00,1,0.048
162.01,1,0.064
162.02,1,0.076
162.03,1,0.086
162.04,1,0.087
162.05,1,0.084
162.06,1,0.083
162.07,1,0.083
162.08,1,0.080
162.09,1,0.119
162.10,1,0.344
162.11,1,0.690
162.12,1,0.525
162.13,1,0.339
162.14,1,0.069
162.15,1,0.056
162.16,1,0.050
162.17,1,0.050
162.18,1,0.048
162.19,1,0.051
162.20,1,0.053
162.21,1,0.052
162.22,1,0.051
162.23,1,0.051
162.24,1,0.057
162.25,1,0.072
162.26,1,0.092
162.27,1,0.115
162.28,1,0.134
162.29,1,0.139
162.30,1,0.116
162.31,1,0.078
162.32,1,0.065
162.33,1,0.081
162.34,1,0.087
162.35,1,0.087
162.36,1,0.086
162.37,1,0.084
162.38,1,0.074
162.39,1,0.067
162.40,1,0.063
162.41,1,0.060
162.42,1,0.058
162.43,1,0.055
162.44,1,0.052
162.45,1,0.050
162.46,1,0.048
162.47,1,0.049
162.48,1,0.044
162.49,1,0.046
162.50,1,0.043
162.51,1,0.034
162.52,1,0.031
162.53,1,0.034
162.54,1,0.030
162.55,1,0.032
162.56,1,0.038
162.57,1,0.040
162.58,1,0.039
162.59,1,0.040
162.60,1,0.038
162.61,1,0.035
162.62,1,0.035
162.63,1,0.037
162.64,1,0.041
162.65,1,0.051
162.66,1,0.062
162.67,1,0.075
162.68,1,0.089
162.69,1,0.103
162.70,1,0.114
162.71,1,0.122
162.72,1,0.125
162.73,1,0.127
162.74,1,0.128
162.75,1,0.129
162.76,1,0.130
162.77,1,0.131
162.78,1,0.126
162.79,1,0.107
162.80,1,0.085
162.81,1,0.063
162.82,1,0.044
162.83,1,0.033
162.84,1,0.029
162.85,1,0.031
162.86,1,0.036
162.87,1,0.039
162.88,1,0.040
162.89,1,0.039
162.90,1,0.037
162.91,1,0.034
162.92,1,0.030
162.93,1,0.028
162.94,1,0.027
162.95,1,0.027
162.96,1,0.026
162.97,1,0.027
162.98,1,0.036
162.99,1,0.040
163.00,1,0.044
163.01,1,0.050
163.02,1,0.055
163.03,1,0.055
163.04,1,0.057
163.05,1,0.059
163.06,1,0.060
163.07,1,0.058
163.08,1,0.055
163.09,1,0.051
163.10,1,0.051
163.11,1,0.050
163.12,1,0.055
163.13,1,0.068
163.14,1,0.077
163.15,1,0.080
163.16,1,0.086
163.17,1,0.083
163.18,1,0.061
163.19,1,0.081
163.20,1,0.127
163.21,1,0.121
163.22,1,0.059
163.23,1,0.052
163.24,1,0.045
163.25,1,0.044
163.26,1,0.049
163.27,1,0.056
163.28,1,0.057
163.29,1,0.058
163.30,1,0.057
163.31,1,0.052
163.32,1,0.052
163.33,1,0.057
163.34,1,0.061
163.35,1,0.066
163.36,1,0.075
163.37,1,0.081
163.38,1,0.090
163.39,1,0.117
163.40,1,0.247
163.41,1,0.553
163.42,1,0.637
163.43,1,0.755
163.44,1,0.813
163.45,1,0.638
163.46,1,0.364
163.47,1,0.203
163.48,1,0.131
163.49,1,0.097
163.50,1,0.098
163.51,1,0.082
163.52,1,0.061
163.53,1,0.059
163.54,1,0.052
163.55,1,0.042
163.56,1,0.041
163.57,1,0.035
163.58,1,0.029
163.59,1,0.029
163.60,1,0.027
163.61,1,0.024
163.62,1,0.026
163.63,1,0.027
163.64,1,0.035
163.65,1,0.035
163.66,1,0.036
163.67,1,0.037
163.68,1,0.035
163.69,1,0.029
163.70,1,0.032
163.71,1,0.038
163.72,1,0.041
163.73,1,0.048
163.74,1,0.053
163.75,1,0.061
163.76,1,0.060
163.77,1,0.060
163.78,1,0.058
163.79,1,0.052
163.80,1,0.051
163.81,1,0.057
163.82,1,0.063
163.83,1,0.069
163.84,1,0.073
163.85,1,0.070
163.86,1,0.068
163.87,1,0.063
163.88,1,0.069
163.89,1,0.082
163.90,1,0.099
163.91,1,0.114
163.92,1,0.159
163.93,1,0.334
163.94,1,0.422
163.95,1,0.282
163.96,1,0.192
163.97,1,0.155
163.98,1,0.123
163.99,1,0.110
164.00,1,0.098
164.01,1,0.100
164.02,1,0.107
164.03,1,0.137
164.04,1,0.194
164.05,1,0.337
164.06,1,0.505
164.07,1,0.626
164.08,1,0.476
164.09,1,0.180
164.10,1,0.040
164.11,1,0.043
164.12,1,0.040
164.13,1,0.033
164.14,1,0.030
164.15,1,0.031
164.16,1,0.031
164.17,1,0.032
164.18,1,0.032
164.19,1,0.032
164.20,1,0.031
164.21,1,0.034
164.22,1,0.040
164.23,1,0.045
164.24,1,0.049
164.25,1,0.054
164.26,1,0.065
164.27,1,0.089
164.28,1,0.224
164.29,1,0.422
164.30,1,0.166
164.31,1,0.050
164.32,1,0.044
164.33,1,0.030
164.34,1,0.024
164.35,1,0.023
164.36,1,0.025
164.37,1,0.022
164.38,1,0.020
164.39,1,0.021
164.40,1,0.020
164.41,1,0.017
164.42,1,0.018
164.43,1,0.020
164.44,1,0.020
164.45,1,0.020
164.46,1,0.021
164.47,1,0.024
164.48,1,0.029
164.49,1,0.033
164.50,1,0.037
164.51,1,0.039
164.52,1,0.038
164.53,1,0.038
164.54,1,0.038
164.55,1,0.036
164.56,1,0.037
164.57,1,0.043
164.58,1,0.041
164.59,1,0.040
164.60,1,0.045
164.61,1,0.048
164.62,1,0.053
164.63,1,0.074
164.64,1,0.109
164.65,1,0.090
164.66,1,0.067
164.67,1,0.053
164.68,1,0.046
164.69,1,0.035
164.70,1,0.030
164.71,1,0.035
164.72,1,0.041
164.73,1,0.048
164.74,1,0.059
164.75,1,0.083
164.76,1,0.159
164.77,1,0.364
164.78,1,0.593
164.79,1,0.302
164.80,1,0.046
164.81,1,0.029
164.82,1,0.026
164.83,1,0.026
164.84,1,0.025
164.85,1,0.028
164.86,1,0.035
164.87,1,0.041
164.88,1,0.049
164.89,1,0.057
164.90,1,0.061
164.91,1,0.063
164.92,1,0.065
164.93,1,0.070
164.94,1,0.082
164.95,1,0.184
164.96,1,0.083
164.97,1,0.046
164.98,1,0.039
164.99,1,0.037
165.00,1,0.036
165.01,1,0.039
165.02,1,0.042
165.03,1,0.043
165.04,1,0.046
165.05,1,0.053
165.06,1,0.066
165.07,1,0.101
165.08,1,0.229
165.09,1,0.316
165.10,1,0.433
165.11,1,0.261
165.12,1,0.083
165.13,1,0.041
165.14,1,0.027
165.15,1,0.025
165.16,1,0.026
165.17,1,0.027
165.18,1,0.029
165.19,1,0.036
165.20,1,0.040
165.21,1,0.043
165.22,1,0.046
165.23,1,0.047
165.24,1,0.048
165.25,1,0.052
165.26,1,0.057
165.27,1,0.063
165.28,1,0.077
165.29,1,0.084
165.30,1,0.074
165.31,1,0.067
165.32,1,0.053
165.33,1,0.041
165.34,1,0.039
165.35,1,0.037
165.36,1,0.036
165.37,1,0.037
165.38,1,0.040
165.39,1,0.040
165.40,1,0.039
165.41,1,0.038
165.42,1,0.036
165.43,1,0.036
165.44,1,0.040
165.45,1,0.044
165.46,1,0.049
165.47,1,0.055
165.48,1,0.063
165.49,1,0.069
165.50,1,0.037
165.51,1,0.033
165.52,1,0.037
165.53,1,0.036
165.54,1,0.036
165.55,1,0.042
165.56,1,0.044
165.57,1,0.050
165.58,1,0.057
165.59,1,0.063
165.60,1,0.064
165.61,1,0.066
165.62,1,0.070
165.63,1,0.069
165.64,1,0.071
165.65,1,0.075
165.66,1,0.072
165.67,1,0.066
165.68,1,0.060
165.69,1,0.059
165.70,1,0.058
165.71,1,0.067
165.72,1,0.079
165.73,1,0.088
165.74,1,0.098
165.75,1,0.103
165.76,1,0.106
165.77,1,0.105
165.78,1,0.102
165.79,1,0.099
165.80,1,0.097
165.81,1,0.098
165.82,1,0.100
165.83,1,0.103
165.84,1,0.106
165.85,1,0.107
165.86,1,0.105
165.87,1,0.102
165.88,1,0.099
165.89,1,0.093
165.90,1,0.087
165.91,1,0.085
165.92,1,0.085
165.93,1,0.089
165.94,1,0.095
165.95,1,0.102
165.96,1,0.106
165.97,1,0.109
165.98,1,0.111
165.99,1,0.111
166.00,1,0.109
166.01,1,0.109
166.02,1,0.106
166.03,1,0.103
166.04,1,0.098
166.05,1,0.097
166.06,1,0.095
166.07,1,0.094
166.08,1,0.090
166.09,1,0.093
166.10,1,0.091
166.11,1,0.088
166.12,1,0.086
166.13,1,0.081
166.14,1,0.073
166.15,1,0.068
166.16,1,0.070
166.17,1,0.075
166.18,1,0.080
166.19,1,0.086
166.20,1,0.087
166.21,1,0.085
166.22,1,0.085
166.23,1,0.089
166.24,1,0.092
166.25,1,0.093
166.26,1,0.090
166.27,1,0.082
166.28,1,0.072
166.29,1,0.063
166.30,1,0.059
166.31,1,0.062
166.32,1,0.073
166.33,1,0.087
166.34,1,0.114
166.35,1,0.155
166.36,1,0.186
166.37,1,0.177
166.38,1,0.131
166.39,1,0.116
166.40,1,0.116
166.41,1,0.146
166.42,1,0.189
166.43,1,0.260
166.44,1,0.366
166.45,1,0.709
166.46,0,
166.47,0,
166.48,0,
166.49,0,
166.50,0,
166.51,0,
166.52,0,
166.53,0,
166.54,0,
166.55,0,
166.56,0,
166.57,0,
166.58,0,
166.59,0,
166.60,0,
166.61,0,
166.62,0,
166.63,0,
166.64,0,
166.65,0,
166.66,0,
166.67,0,
166.68,0,
166.69,0,
166.70,0,
166.71,0,
166.72,0,
166.73,0,
166.74,0,
166.75,0,
166.76,0,
166.77,0,
166.78,0,
166.79,0,
166.80,0,
166.81,0,
166.82,0,
166.83,1,0.017
166.84,1,0.018
166.85,1,0.022
166.86,1,0.029
166.87,1,0.039
166.88,1,0.049
166.89,1,0.061
166.90,1,0.086
166.91,1,0.140
166.92,1,0.138
166.93,1,0.135
166.94,1,0.129
166.95,1,0.104
166.96,1,0.046
166.97,1,0.032
166.98,1,0.032
166.99,1,0.036
167.00,1,0.033
167.01,1,0.037
167.02,1,0.043
167.03,1,0.048
167.04,1,0.049
167.05,1,0.055
167.06,1,0.065
167.07,1,0.077
167.08,1,0.085
167.09,1,0.098
167.10,1,0.095
167.11,1,0.088
167.12,1,0.084
167.13,1,0.081
167.14,1,0.081
167.15,1,0.120
167.16,1,0.192
167.17,1,0.140
167.18,1,0.210
167.19,1,0.202
167.20,1,0.033
167.21,1,0.021
167.22,1,0.029
167.23,1,0.030
167.24,1,0.029
167.25,1,0.031
167.26,1,0.037
167.27,1,0.037
167.28,1,0.049
167.29,1,0.061
167.30,1,0.076
167.31,1,0.088
167.32,1,0.098
167.33,1,0.101
167.34,1,0.097
167.35,1,0.094
167.36,1,0.088
167.37,1,0.084
167.38,1,0.094
167.39,1,0.100
167.40,1,0.110
167.41,1,0.122
167.42,1,0.119
167.43,1,0.125
167.44,1,0.163
167.45,1,0.078
167.46,1,0.029
167.47,1,0.025
167.48,1,0.026
167.49,1,0.027
167.50,1,0.031
167.51,1,0.037
167.52,1,0.039
167.53,1,0.042
167.54,1,0.044
167.55,1,0.049
167.56,1,0.060
167.57,1,0.074
167.58,1,0.114
167.59,1,0.297
167.60,1,0.245
167.61,1,0.147
167.62,1,0.121
167.63,1,0.111
167.64,1,0.074
167.65,1,0.071
167.66,1,0.076
167.67,1,0.075
167.68,1,0.073
167.69,1,0.071
167.70,1,0.065
167.71,1,0.061
167.72,1,0.057
167.73,1,0.054
167.74,1,0.051
167.75,1,0.047
167.76,1,0.040
167.77,1,0.036
167.78,1,0.034
167.79,1,0.036
167.80,1,0.038
167.81,1,0.046
167.82,1,0.048
167.83,1,0.047
167.84,1,0.039
167.85,1,0.036
167.86,1,0.037
167.87,1,0.040
167.88,1,0.042
167.89,1,0.046
167.90,1,0.046
167.91,1,0.046
167.92,1,0.046
167.93,1,0.045
167.94,1,0.046
167.95,1,0.048
167.96,1,0.053
167.97,1,0.057
167.98,1,0.064
167.99,1,0.070
168.00,1,0.070
168.01,1,0.066
168.02,1,0.064
168.03,1,0.061
168.04,1,0.060
168.05,1,0.069
168.06,1,0.079
168.07,1,0.103
168.08,1,0.130
168.09,1,0.129
168.10,1,0.127
168.11,1,0.095
168.12,1,0.071
168.13,1,0.052
168.14,1,0.039
168.15,1,0.035
168.16,1,0.034
168.17,1,0.036
168.18,1,0.039
168.19,1,0.038
168.20,1,0.035
168.21,1,0.035
168.22,1,0.037
168.23,1,0.038
168.24,1,0.042
168.25,1,0.050
168.26,1,0.053
168.27,1,0.054
168.28,1,0.066
168.29,1,0.054
168.30,1,0.035
168.31,1,0.031
168.32,1,0.031
168.33,1,0.032
168.34,1,0.035
168.35,1,0.040
168.36,1,0.047
168.37,1,0.052
168.38,1,0.064
168.39,1,0.081
168.40,1,0.120
168.41,1,0.126
168.42,1,0.128
168.43,1,0.118
168.44,1,0.119
168.45,1,0.101
168.46,1,0.082
168.47,1,0.083
168.48,1,0.098
168.49,1,0.108
168.50,1,0.102
168.51,1,0.062
168.52,1,0.041
168.53,1,0.029
168.54,1,0.022
168.55,1,0.019
168.56,1,0.020
168.57,1,0.021
168.58,1,0.022
168.59,1,0.024
168.60,1,0.027
168.61,1,0.031
168.62,1,0.037
168.63,1,0.043
168.64,1,0.044
168.65,1,0.032
168.66,1,0.029
168.67,1,0.034
168.68,1,0.043
168.69,1,0.052
168.70,1,0.072
168.71,1,0.089
168.72,1,0.093
168.73,1,0.091
168.74,1,0.087
168.75,1,0.074
168.76,1,0.060
168.77,1,0.051
168.78,1,0.047
168.79,1,0.055
168.80,1,0.069
168.81,1,0.085
168.82,1,0.093
168.83,1,0.076
168.84,1,0.057
168.85,1,0.045
168.86,1,0.040
168.87,1,0.034
168.88,1,0.034
168.89,1,0.037
168.90,1,0.042
168.91,1,0.049
168.92,1,0.071
168.93,1,0.094
168.94,1,0.137
168.95,1,0.230
168.96,1,0.225
168.97,1,0.116
168.98,1,0.065
168.99,1,0.045
169.00,1,0.044
169.01,1,0.042
169.02,1,0.044
169.03,1,0.045
169.04,1,0.049
169.05,1,0.053
169.06,1,0.075
169.07,1,0.091
169.08,1,0.105
169.09,1,0.116
169.10,1,0.126
169.11,1,0.123
169.12,1,0.171
169.13,1,0.265
169.14,1,0.150
169.15,1,0.074
169.16,1,0.044
169.17,1,0.038
169.18,1,0.041
169.19,1,0.045
169.20,1,0.050
169.21,1,0.057
169.22,1,0.064
169.23,1,0.072
169.24,1,0.084
169.25,1,0.124
169.26,1,0.241
169.27,1,0.603
169.28,1,0.826
169.29,1,0.686
169.30,1,0.408
169.31,1,0.228
169.32,1,0.099
169.33,1,0.048
169.34,1,0.028
169.35,1,0.022
169.36,1,0.019
169.37,1,0.019
169.38,1,0.027
169.39,1,0.038
169.40,1,0.051
169.41,1,0.064
169.42,1,0.076
169.43,1,0.088
169.44,1,0.098
169.45,1,0.093
169.46,1,0.058
169.47,1,0.023
169.48,1,0.014
169.49,1,0.017
169.50,1,0.020
169.51,1,0.027
169.52,1,0.041
169.53,1,0.052
169.54,1,0.055
169.55,1,0.058
169.56,1,0.058
169.57,1,0.056
169.58,1,0.058
169.59,1,0.063
169.60,1,0.069
169.61,1,0.069
169.62,1,0.063
169.63,1,0.059
169.64,1,0.045
169.65,1,0.034
169.66,1,0.031
169.67,1,0.031
169.68,1,0.033
169.69,1,0.040
169.70,1,0.046
169.71,1,0.051
169.72,1,0.054
169.73,1,0.055
169.74,1,0.051
169.75,1,0.045
169.76,1,0.040
169.77,1,0.036
169.78,1,0.035
169.79,1,0.039
169.80,1,0.040
169.81,1,0.044
169.82,1,0.050
169.83,1,0.053
169.84,1,0.070
169.85,1,0.079
169.86,1,0.062
169.87,1,0.050
169.88,1,0.045
169.89,1,0.049
169.90,1,0.056
169.91,1,0.061
169.92,1,0.061
169.93,1,0.066
169.94,1,0.074
169.95,1,0.054
169.96,1,0.037
169.97,1,0.033
169.98,1,0.033
169.99,1,0.034
170.00,1,0.037
170.01,1,0.053
170.02,1,0.062
170.03,1,0.065
170.04,1,0.068
170.05,1,0.068
170.06,1,0.064
170.07,1,0.063
170.08,1,0.066
170.09,1,0.067
170.10,1,0.070
170.11,1,0.069
170.12,1,0.063
170.13,1,0.055
170.14,1,0.050
170.15,1,0.040
170.16,1,0.034
170.17,1,0.030
170.18,1,0.024
170.19,1,0.022
170.20,1,0.027
170.21,1,0.033
170.22,1,0.045
170.23,1,0.054
170.24,1,0.060
170.25,1,0.064
170.26,1,0.066
170.27,1,0.063
170.28,1,0.066
170.29,1,0.065
170.30,1,0.061
170.31,1,0.060
170.32,1,0.055
170.33,1,0.050
170.34,1,0.045
170.35,1,0.047
170.36,1,0.054
170.37,1,0.055
170.38,1,0.063
170.39,1,0.067
170.40,1,0.054
170.41,1,0.046
170.42,1,0.044
170.43,1,0.038
170.44,1,0.035
170.45,1,0.045
170.46,1,0.051
170.47,1,0.051
170.48,1,0.052
170.49,1,0.048
170.50,1,0.044
170.51,1,0.050
170.52,1,0.055
170.53,1,0.066
170.54,1,0.082
170.55,1,0.083
170.56,1,0.077
170.57,1,0.072
170.58,1,0.064
170.59,1,0.064
170.60,1,0.066
170.61,1,0.062
170.62,1,0.061
170.63,1,0.056
170.64,1,0.048
170.65,1,0.042
170.66,1,0.043
170.67,1,0.039
170.68,1,0.044
170.69,1,0.048
170.70,1,0.052
170.71,1,0.061
170.72,1,0.075
170.73,1,0.081
170.74,1,0.092
170.75,1,0.111
170.76,1,0.106
170.77,1,0.093
170.78,1,0.097
170.79,1,0.100
170.80,1,0.090
170.81,1,0.046
170.82,1,0.032
170.83,1,0.027
170.84,1,0.024
170.85,1,0.022
170.86,1,0.024
170.87,1,0.028
170.88,1,0.028
170.89,1,0.032
170.90,1,0.035
170.91,1,0.034
170.92,1,0.034
170.93,1,0.040
170.94,1,0.048
170.95,1,0.059
170.96,1,0.065
170.97,1,0.069
170.98,1,0.067
170.99,1,0.059
171.00,1,0.052
171.01,1,0.050
171.02,1,0.049
171.03,1,0.048
171.04,1,0.045
171.05,1,0.040
171.06,1,0.036
171.07,1,0.037
171.08,1,0.040
171.09,1,0.044
171.10,1,0.048
171.11,1,0.048
171.12,1,0.048
171.13,1,0.049
171.14,1,0.049
171.15,1,0.047
171.16,1,0.045
171.17,1,0.041
171.18,1,0.036
171.19,1,0.032
171.20,1,0.032
171.21,1,0.033
171.22,1,0.036
171.23,1,0.038
171.24,1,0.040
171.25,1,0.043
171.26,1,0.045
171.27,1,0.047
171.28,1,0.051
171.29,1,0.056
171.30,1,0.058
171.31,1,0.062
171.32,1,0.068
171.33,1,0.074
171.34,1,0.081
171.35,1,0.086
171.36,1,0.086
171.37,1,0.084
171.38,1,0.080
171.39,1,0.076
171.40,1,0.072
171.41,1,0.068
171.42,1,0.066
171.43,1,0.064
171.44,1,0.064
171.45,1,0.063
171.46,1,0.063
171.47,1,0.064
171.48,1,0.065
171.49,1,0.066
171.50,1,0.067
171.51,1,0.068
171.52,1,0.069
171.53,1,0.068
171.54,1,0.067
171.55,1,0.065
171.56,1,0.062
171.57,1,0.059
171.58,1,0.056
171.59,1,0.052
171.60,1,0.049
171.61,1,0.046
171.62,1,0.044
171.63,1,0.041
171.64,1,0.040
171.65,1,0.040
171.66,1,0.041
171.67,1,0.043
171.68,1,0.044
171.69,1,0.045
171.70,1,0.044
171.71,1,0.041
171.72,1,0.040
171.73,1,0.041
171.74,1,0.041
171.75,1,0.042
171.76,1,0.046
171.77,1,0.050
171.78,1,0.055
171.79,1,0.067
171.80,1,0.095
171.81,1,0.134
171.82,1,0.187
171.83,1,0.319
171.84,1,0.388
171.85,1,0.464
171.86,1,0.419
171.87,1,0.353
171.88,0,
171.89,0,
171.90,0,
171.91,0,
171.92,0,
171.93,0,
171.94,0,
171.95,0,
171.96,0,
171.97,0,
171.98,0,
171.99,0,
172.00,0,
172.01,0,
172.02,0,
172.03,0,
172.04,1,0.326
172.05,1,0.218
172.06,1,0.125
172.07,1,0.095
172.08,1,0.085
172.09,1,0.061
172.10,1,0.048
172.11,1,0.051
172.12,1,0.049
172.13,1,0.032
172.14,1,0.026
172.15,1,0.026
172.16,1,0.025
172.17,1,0.021
172.18,1,0.023
172.19,1,0.023
172.20,1,0.023
172.21,1,0.025
172.22,1,0.031
172.23,1,0.037
172.24,1,0.046
172.25,1,0.068
172.26,1,0.114
172.27,1,0.096
172.28,1,0.061
172.29,1,0.052
172.30,1,0.052
172.31,1,0.067
172.32,1,0.070
172.33,1,0.076
172.34,1,0.085
172.35,1,0.074
172.36,1,0.062
172.37,1,0.069
172.38,1,0.079
172.39,1,0.086
172.40,1,0.095
172.41,1,0.108
172.42,1,0.217
172.43,1,0.324
172.44,1,0.399
172.45,1,0.265
172.46,1,0.245
172.47,1,0.058
172.48,1,0.044
172.49,1,0.041
172.50,1,0.047
172.51,1,0.052
172.52,1,0.073
172.53,1,0.091
172.54,1,0.099
172.55,1,0.102
172.56,1,0.102
172.57,1,0.095
172.58,1,0.083
172.59,1,0.089
172.60,1,0.095
172.61,1,0.091
172.62,1,0.094
172.63,1,0.089
172.64,1,0.087
172.65,1,0.090
172.66,1,0.092
172.67,1,0.089
172.68,1,0.093
172.69,1,0.083
172.70,1,0.082
172.71,1,0.084
172.72,1,0.099
172.73,1,0.122
172.74,1,0.156
172.75,1,0.217
172.76,1,0.434
172.77,1,0.570
172.78,1,0.250
172.79,1,0.108
172.80,1,0.078
172.81,1,0.070
172.82,1,0.057
172.83,1,0.052
172.84,1,0.056
172.85,1,0.059
172.86,1,0.057
172.87,1,0.061
172.88,1,0.059
172.89,1,0.058
172.90,1,0.063
172.91,1,0.073
172.92,1,0.082
172.93,1,0.095
172.94,1,0.115
172.95,1,0.138
172.96,1,0.132
172.97,1,0.105
172.98,1,0.082
172.99,1,0.066
173.00,1,0.050
173.01,1,0.055
173.02,1,0.064
173.03,1,0.074
173.04,1,0.086
173.05,1,0.103
173.06,1,0.119
173.07,1,0.130
173.08,1,0.137
173.09,1,0.139
173.10,1,0.134
173.11,1,0.126
173.12,1,0.116
173.13,1,0.107
173.14,1,0.101
173.15,1,0.098
173.16,1,0.101
173.17,1,0.103
173.18,1,0.101
173.19,1,0.099
173.20,1,0.100
173.21,1,0.097
173.22,1,0.101
173.23,1,0.101
173.24,1,0.100
173.25,1,0.092
173.26,1,0.087
173.27,1,0.070
173.28,1,0.062
173.29,1,0.061
173.30,1,0.072
173.31,1,0.087
173.32,1,0.093
173.33,1,0.103
173.34,1,0.115
173.35,1,0.125
173.36,1,0.127
173.37,1,0.168
173.38,1,0.335
173.39,1,0.442
173.40,1,0.518
173.41,1,0.492
173.42,1,0.496
173.43,1,0.472
173.44,1,0.475
173.45,1,0.172
173.46,1,0.132
173.47,1,0.135
173.48,1,0.120
173.49,1,0.102
173.50,1,0.093
173.51,1,0.096
173.52,1,0.078
173.53,1,0.081
173.54,1,0.087
173.55,1,0.090
173.56,1,0.084
173.57,1,0.076
173.58,1,0.070
173.59,1,0.067
173.60,1,0.067
173.61,1,0.078
173.62,1,0.083
173.63,1,0.087
173.64,1,0.093
173.65,1,0.100
173.66,1,0.111
173.67,1,0.118
173.68,1,0.120
173.69,1,0.115
173.70,1,0.103
173.71,1,0.098
173.72,1,0.092
173.73,1,0.085
173.74,1,0.076
173.75,1,0.070
173.76,1,0.071
173.77,1,0.071
173.78,1,0.076
173.79,1,0.083
173.80,1,0.087
173.81,1,0.081
173.82,1,0.085
173.83,1,0.088
173.84,1,0.096
173.85,1,0.111
173.86,1,0.131
173.87,1,0.152
173.88,1,0.168
173.89,1,0.198
173.90,1,0.287
173.91,1,0.390
173.92,1,0.484
173.93,1,0.634
173.94,1,0.556
173.95,1,0.258
173.96,1,0.164
173.97,1,0.150
173.98,1,0.156
173.99,1,0.154
174.00,1,0.179
174.01,1,0.201
174.02,1,0.204
174.03,1,0.229
174.04,1,0.266
174.05,1,0.272
174.06,1,0.293
174.07,1,0.302
174.08,1,0.286
174.09,1,0.272
174.10,1,0.258
174.11,1,0.233
174.12,1,0.237
174.13,1,0.238
174.14,1,0.224
174.15,1,0.235
174.16,1,0.264
174.17,1,0.290
174.18,1,0.317
174.19,1,0.363
174.20,1,0.378
174.21,1,0.388
174.22,1,0.368
174.23,1,0.358
174.24,1,0.348
174.25,1,0.314
174.26,1,0.372
174.27,1,0.584
174.28,1,0.964
174.29,1,0.641
174.30,1,0.324
174.31,1,0.216
174.32,1,0.197
174.33,1,0.170
174.34,1,0.162
174.35,1,0.181
174.36,1,0.204
174.37,1,0.227
174.38,1,0.262
174.39,1,0.281
174.40,1,0.281
174.41,1,0.285
174.42,1,0.279
174.43,1,0.290
174.44,1,0.296
174.45,1,0.301
174.46,1,0.304
174.47,1,0.291
174.48,1,0.274
174.49,1,0.268
174.50,1,0.259
174.51,1,0.251
174.52,1,0.263
174.53,1,0.256
174.54,1,0.254
174.55,1,0.258
174.56,1,0.271
174.57,1,0.269
174.58,1,0.281
174.59,1,0.314
174.60,1,0.365
174.61,1,0.405
174.62,1,0.458
174.63,1,0.412
174.64,1,0.566
174.65,1,0.479
174.66,1,0.443
174.67,1,0.377
174.68,1,0.420
174.69,1,0.405
174.70,1,0.398
174.71,1,0.383
174.72,1,0.412
174.73,1,0.355
174.74,1,0.347
174.75,1,0.341
174.76,1,0.358
174.77,1,0.356
174.78,1,0.372
174.79,1,0.397
174.80,1,0.413
174.81,1,0.400
174.82,1,0.381
174.83,1,0.362
174.84,1,0.362
174.85,1,0.358
174.86,1,0.359
174.87,1,0.382
174.88,1,0.389
174.89,1,0.386
174.90,1,0.400
174.91,1,0.413
174.92,1,0.385
174.93,1,0.369
174.94,1,0.334
174.95,1,0.317
174.96,1,0.268
174.97,1,0.249
174.98,1,0.234
174.99,1,0.230
175.00,1,0.217
175.01,1,0.242
175.02,1,0.251
175.03,1,0.251
175.04,1,0.272
175.05,1,0.275
175.06,1,0.267
175.07,1,0.267
175.08,1,0.265
175.09,1,0.262
175.10,1,0.291
175.11,1,0.312
175.12,1,0.325
175.13,1,0.343
175.14,1,0.342
175.15,1,0.298
175.16,1,0.262
175.17,1,0.253
175.18,1,0.225
175.19,1,0.233
175.20,1,0.262
175.21,1,0.305
175.22,1,0.329
175.23,1,0.265
175.24,1,0.178
175.25,1,0.154
175.26,1,0.164
175.27,1,0.175
175.28,1,0.192
175.29,1,0.220
175.30,1,0.239
175.31,1,0.260
175.32,1,0.272
175.33,1,0.289
175.34,1,0.307
175.35,1,0.298
175.36,1,0.281
175.37,1,0.294
175.38,1,0.288
175.39,1,0.290
175.40,1,0.284
175.41,1,0.272
175.42,1,0.272
175.43,1,0.257
175.44,1,0.213
175.45,1,0.202
175.46,1,0.176
175.47,1,0.146
175.48,1,0.149
175.49,1,0.196
175.50,1,0.241
175.51,1,0.271
175.52,1,0.306
175.53,1,0.337
175.54,1,0.335
175.55,1,0.311
175.56,1,0.303
175.57,1,0.314
175.58,1,0.314
175.59,1,0.309
175.60,1,0.307
175.61,1,0.322
175.62,1,0.317
175.63,1,0.316
175.64,1,0.320
175.65,1,0.271
175.66,1,0.196
175.67,1,0.164
175.68,1,0.167
175.69,1,0.195
175.70,1,0.224
175.71,1,0.254
175.72,1,0.272
175.73,1,0.276
175.74,1,0.270
175.75,1,0.265
175.76,1,0.271
175.77,1,0.294
175.78,1,0.307
175.79,1,0.317
175.80,1,0.348
175.81,1,0.344
175.82,1,0.347
175.83,1,0.398
175.84,1,0.455
175.85,1,0.471
175.86,1,0.514
175.87,1,0.430
175.88,1,0.211
175.89,1,0.157
175.90,1,0.165
175.91,1,0.175
175.92,1,0.198
175.93,1,0.231
175.94,1,0.229
175.95,1,0.247
175.96,1,0.256
175.97,1,0.281
175.98,1,0.296
175.99,1,0.329
176.00,1,0.301
176.01,1,0.293
176.02,1,0.273
176.03,1,0.257
176.04,1,0.261
176.05,1,0.310
176.06,1,0.317
176.07,1,0.330
176.08,1,0.309
176.09,1,0.295
176.10,1,0.263
176.11,1,0.235
176.12,1,0.236
176.13,1,0.216
176.14,1,0.251
176.15,1,0.283
176.16,1,0.295
176.17,1,0.351
176.18,1,0.335
176.19,1,0.307
176.20,1,0.283
176.21,1,0.278
176.22,1,0.256
176.23,1,0.267
176.24,1,0.275
176.25,1,0.279
176.26,1,0.268
176.27,1,0.277
176.28,1,0.259
176.29,1,0.248
176.30,1,0.225
176.31,1,0.215
176.32,1,0.207
176.33,1,0.198
176.34,1,0.208
176.35,1,0.201
176.36,1,0.207
176.37,1,0.216
176.38,1,0.237
176.39,1,0.267
176.40,1,0.283
176.41,1,0.278
176.42,1,0.281
176.43,1,0.270
176.44,1,0.256
176.45,1,0.285
176.46,1,0.332
176.47,1,0.376
176.48,1,0.452
176.49,1,0.512
176.50,1,0.547
176.51,1,0.643
176.52,1,0.615
176.53,1,0.374
176.54,1,0.165
176.55,1,0.126
176.56,1,0.153
176.57,1,0.168
176.58,1,0.194
176.59,1,0.223
176.60,1,0.276
176.61,1,0.301
176.62,1,0.319
176.63,1,0.309
176.64,1,0.302
176.65,1,0.290
176.66,1,0.284
176.67,1,0.272
176.68,1,0.261
176.69,1,0.257
176.70,1,0.256
176.71,1,0.268
176.72,1,0.283
176.73,1,0.302
176.74,1,0.308
176.75,1,0.315
176.76,1,0.283
176.77,1,0.338
176.78,1,0.405
176.79,1,0.370
176.80,1,0.267
176.81,1,0.221
176.82,1,0.158
176.83,1,0.140
176.84,1,0.141
176.85,1,0.135
176.86,1,0.137
176.87,1,0.150
176.88,1,0.154
176.89,1,0.170
176.90,1,0.174
176.91,1,0.173
176.92,1,0.177
176.93,1,0.196
176.94,1,0.208
176.95,1,0.235
176.96,1,0.281
176.97,1,0.316
176.98,1,0.192
176.99,1,0.178
177.00,1,0.172
177.01,1,0.193
177.02,1,0.215
177.03,1,0.227
177.04,1,0.248
177.05,1,0.262
177.06,1,0.257
177.07,1,0.270
177.08,1,0.283
177.09,1,0.290
177.10,1,0.272
177.11,1,0.276
177.12,1,0.262
177.13,1,0.273
177.14,1,0.292
177.15,1,0.326
177.16,1,0.349
177.17,1,0.376
177.18,1,0.394
177.19,1,0.423
177.20,1,0.465
177.21,1,0.474
177.22,1,0.499
177.23,1,0.505
177.24,1,0.521
177.25,1,0.581
177.26,1,0.668
177.27,1,0.658
177.28,1,0.749
177.29,1,0.802
177.30,1,0.883
177.31,1,1.097
177.32,1,1.187
177.33,1,1.274
177.34,1,1.457
177.35,1,1.370
177.36,1,1.402
177.37,1,1.539
177.38,1,1.494
177.39,1,1.558
177.40,1,1.612
177.41,1,1.488
177.42,1,1.415
177.43,1,1.323
177.44,1,0.814
177.45,1,0.419
177.46,1,0.255
177.47,1,0.200
177.48,1,0.202
177.49,1,0.218
177.50,1,0.230
177.51,1,0.225
177.52,1,0.249
177.53,1,0.274
177.54,1,0.290
177.55,1,0.312
177.56,1,0.323
177.57,1,0.301
177.58,1,0.242
177.59,1,0.238
177.60,1,0.243
177.61,1,0.273
177.62,1,0.355
177.63,1,0.449
177.64,1,0.505
177.65,1,0.429
177.66,1,0.329
177.67,1,0.249
177.68,1,0.188
177.69,1,0.177
177.70,1,0.210
177.71,1,0.238
177.72,1,0.262
177.73,1,0.285
177.74,1,0.307
177.75,1,0.341
177.76,1,0.351
177.77,1,0.392
177.78,1,0.432
177.79,1,0.390
177.80,1,0.374
177.81,1,0.352
177.82,1,0.302
177.83,1,0.277
177.84,1,0.266
177.85,1,0.220
177.86,1,0.207
177.87,1,0.186
177.88,1,0.147
177.89,1,0.169
177.90,1,0.186
177.91,1,0.228
177.92,1,0.299
177.93,1,0.476
177.94,1,0.545
177.95,1,0.393
177.96,1,0.305
177.97,1,0.238
177.98,1,0.139
177.99,1,0.113
178.00,1,0.107
178.01,1,0.092
178.02,1,0.095
178.03,1,0.113
178.04,1,0.127
178.05,1,0.142
178.06,1,0.154
178.07,1,0.192
178.08,1,0.202
178.09,1,0.213
178.10,1,0.263
178.11,1,0.334
178.12,1,0.359
178.13,1,0.431
178.14,1,0.429
178.15,1,0.346
178.16,1,0.239
178.17,1,0.208
178.18,1,0.187
178.19,1,0.162
178.20,1,0.168
178.21,1,0.190
178.22,1,0.222
178.23,1,0.260
178.24,1,0.325
178.25,1,0.376
178.26,1,0.430
178.27,1,0.535
178.28,1,0.649
178.29,1,0.334
178.30,1,0.221
178.31,1,0.218
178.32,1,0.198
178.33,1,0.192
178.34,1,0.202
178.35,1,0.229
178.36,1,0.248
178.37,1,0.285
178.38,1,0.320
178.39,1,0.339
178.40,1,0.331
178.41,1,0.320
178.42,1,0.260
178.43,1,0.222
178.44,1,0.222
178.45,1,0.213
178.46,1,0.208
178.47,1,0.232
178.48,1,0.197
178.49,1,0.164
178.50,1,0.159
178.51,1,0.191
178.52,1,0.214
178.53,1,0.236
178.54,1,0.266
178.55,1,0.282
178.56,1,0.269
178.57,1,0.279
178.58,1,0.284
178.59,1,0.262
178.60,1,0.243
178.61,1,0.223
178.62,1,0.204
178.63,1,0.200
178.64,1,0.268
178.65,1,0.274
178.66,1,0.310
178.67,1,0.341
178.68,1,0.345
178.69,1,0.338
178.70,1,0.345
178.71,1,0.340
178.72,1,0.327
178.73,1,0.302
178.74,1,0.341
178.75,1,0.419
178.76,1,0.382
178.77,1,0.618
178.78,1,0.759
178.79,1,0.626
178.80,1,0.338
178.81,1,0.222
178.82,1,0.169
178.83,1,0.176
178.84,1,0.179
178.85,1,0.188
178.86,1,0.239
178.87,1,0.271
178.88,1,0.273
178.89,1,0.281
178.90,1,0.286
178.91,1,0.261
178.92,1,0.251
178.93,1,0.276
178.94,1,0.318
178.95,1,0.330
178.96,1,0.311
178.97,1,0.305
178.98,1,0.271
178.99,1,0.254
179.00,1,0.295
179.01,1,0.347
179.02,1,0.369
179.03,1,0.385
179.04,1,0.395
179.05,1,0.399
179.06,1,0.386
179.07,1,0.409
179.08,1,0.437
179.09,1,0.456
179.10,1,0.456
179.11,1,0.442
179.12,1,0.426
179.13,1,0.356
179.14,1,0.279
179.15,1,0.252
179.16,1,0.231
179.17,1,0.226
179.18,1,0.226
179.19,1,0.236
179.20,1,0.249
179.21,1,0.258
179.22,1,0.259
179.23,1,0.268
179.24,1,0.294
179.25,1,0.286
179.26,1,0.300
179.27,1,0.312
179.28,1,0.307
179.29,1,0.311
179.30,1,0.320
179.31,1,0.335
179.32,1,0.270
179.33,1,0.190
179.34,1,0.190
179.35,1,0.185
179.36,1,0.174
179.37,1,0.199
179.38,1,0.235
179.39,1,0.220
179.40,1,0.233
179.41,1,0.240
179.42,1,0.286
179.43,1,0.315
179.44,1,0.369
179.45,1,0.466
179.46,1,0.553
179.47,1,0.552
179.48,1,0.648
179.49,1,0.688
179.50,1,0.577
179.51,1,0.570
179.52,1,0.548
179.53,1,0.529
179.54,1,0.455
179.55,1,0.423
179.56,1,0.388
179.57,1,0.351
179.58,1,0.343
179.59,1,0.342
179.60,1,0.348
179.61,1,0.293
179.62,1,0.348
179.63,1,0.309
179.64,1,0.245
179.65,1,0.196
179.66,1,0.186
179.67,1,0.181
179.68,1,0.200
179.69,1,0.236
179.70,1,0.250
179.71,1,0.262
179.72,1,0.247
179.73,1,0.225
179.74,1,0.212
179.75,1,0.196
179.76,1,0.180
179.77,1,0.204
179.78,1,0.212
179.79,1,0.212
179.80,1,0.232
179.81,1,0.238
179.82,1,0.223
179.83,1,0.220
179.84,1,0.231
179.85,1,0.227
179.86,1,0.226
179.87,1,0.218
179.88,1,0.222
179.89,1,0.226
179.90,1,0.252
179.91,1,0.281
179.92,1,0.293
179.93,1,0.301
179.94,1,0.313
179.95,1,0.312
179.96,1,0.360
179.97,1,0.413
179.98,1,0.516
179.99,1,0.548
180.00,1,0.716
180.01,1,1.116
180.02,1,1.347
180.03,1,1.414
180.04,1,1.392
180.05,1,1.229
180.06,1,1.071
180.07,1,0.974
180.08,1,0.934
180.09,1,0.693
180.10,1,0.674
180.11,1,0.518
180.12,1,0.407
180.13,1,0.410
180.14,1,0.413
180.15,1,0.413
180.16,1,0.492
180.17,1,0.589
180.18,1,0.603
180.19,1,0.680
180.20,1,0.684
180.21,1,0.628
180.22,1,0.548
180.23,1,0.316
180.24,1,0.256
180.25,1,0.182
180.26,1,0.159
180.27,1,0.140
180.28,1,0.144
180.29,1,0.153
180.30,1,0.171
180.31,1,0.176
180.32,1,0.182
180.33,1,0.190
180.34,1,0.217
180.35,1,0.239
180.36,1,0.256
180.37,1,0.292
180.38,1,0.320
180.39,1,0.354
180.40,1,0.366
180.41,1,0.366
180.42,1,0.327
180.43,1,0.303
180.44,1,0.260
180.45,1,0.245
180.46,1,0.255
180.47,1,0.260
180.48,1,0.245
180.49,1,0.232
180.50,1,0.248
180.51,1,0.251
180.52,1,0.249
180.53,1,0.255
180.54,1,0.217
180.55,1,0.200
180.56,1,0.205
180.57,1,0.256
180.58,1,0.280
180.59,1,0.292
180.60,1,0.298
180.61,1,0.284
180.62,1,0.267
180.63,1,0.255
180.64,1,0.272
180.65,1,0.282
180.66,1,0.312
180.67,1,0.345
180.68,1,0.349
180.69,1,0.339
180.70,1,0.362
180.71,1,0.329
180.72,1,0.342
180.73,1,0.399
180.74,1,0.398
180.75,1,0.405
180.76,1,0.534
180.77,1,0.583
180.78,1,0.457
180.79,1,0.169
180.80,1,0.149
180.81,1,0.167
180.82,1,0.175
180.83,1,0.200
180.84,1,0.225
180.85,1,0.228
180.86,1,0.246
180.87,1,0.261
180.88,1,0.265
180.89,1,0.304
180.90,1,0.340
180.91,1,0.377
180.92,1,0.446
180.93,1,0.703
180.94,1,0.935
180.95,1,0.951
180.96,1,0.533
180.97,1,0.257
180.98,1,0.187
180.99,1,0.171
181.00,1,0.172
181.01,1,0.186
181.02,1,0.192
181.03,1,0.199
181.04,1,0.217
181.05,1,0.244
181.06,1,0.273
181.07,1,0.317
181.08,1,0.331
181.09,1,0.323
181.10,1,0.310
181.11,1,0.287
181.12,1,0.263
181.13,1,0.270
181.14,1,0.292
181.15,1,0.281
181.16,1,0.372
181.17,1,0.502
181.18,1,0.567
181.19,1,0.254
181.20,1,0.186
181.21,1,0.186
181.22,1,0.211
181.23,1,0.288
181.24,1,0.314
181.25,1,0.284
181.26,1,0.275
181.27,1,0.265
181.28,1,0.237
181.29,1,0.237
181.30,1,0.254
181.31,1,0.295
181.32,1,0.311
181.33,1,0.333
181.34,1,0.360
181.35,1,0.356
181.36,1,0.344
181.37,1,0.331
181.38,1,0.288
181.39,1,0.265
181.40,1,0.267
181.41,1,0.263
181.42,1,0.248
181.43,1,0.283
181.44,1,0.300
181.45,1,0.292
181.46,1,0.327
181.47,1,0.396
181.48,1,0.272
181.49,1,0.200
181.50,1,0.189
181.51,1,0.191
181.52,1,0.201
181.53,1,0.210
181.54,1,0.221
181.55,1,0.244
181.56,1,0.266
181.57,1,0.286
181.58,1,0.319
181.59,1,0.353
181.60,1,0.417
181.61,1,0.528
181.62,1,0.546
181.63,1,0.324
181.64,1,0.230
181.65,1,0.206
181.66,1,0.180
181.67,1,0.151
181.68,1,0.177
181.69,1,0.183
181.70,1,0.187
181.71,1,0.188
181.72,1,0.192
181.73,1,0.180
181.74,1,0.170
181.75,1,0.169
181.76,1,0.183
181.77,1,0.199
181.78,1,0.209
181.79,1,0.215
181.80,1,0.223
181.81,1,0.231
181.82,1,0.234
181.83,1,0.251
181.84,1,0.274
181.85,1,0.287
181.86,1,0.298
181.87,1,0.302
181.88,1,0.286
181.89,1,0.245
181.90,1,0.240
181.91,1,0.256
181.92,1,0.277
181.93,1,0.290
181.94,1,0.319
181.95,1,0.321
181.96,1,0.307
181.97,1,0.295
181.98,1,0.281
181.99,1,0.269
182.00,1,0.289
182.01,1,0.337
182.02,1,0.403
182.03,1,0.468
182.04,1,0.555
182.05,1,0.634
182.06,1,0.731
182.07,1,0.841
182.08,1,1.050
182.09,1,1.296
182.10,1,1.205
182.11,1,1.046
182.12,1,0.823
182.13,1,0.607
182.14,1,0.358
182.15,1,0.192
182.16,1,0.142
182.17,1,0.141
182.18,1,0.155
182.19,1,0.172
182.20,1,0.201
182.21,1,0.272
182.22,1,0.325
182.23,1,0.370
182.24,1,0.452
182.25,1,0.576
182.26,1,0.624
182.27,1,0.709
182.28,1,0.898
182.29,1,0.926
182.30,1,0.552
182.31,1,0.238
182.32,1,0.199
182.33,1,0.185
182.34,1,0.185
182.35,1,0.180
182.36,1,0.184
182.37,1,0.174
182.38,1,0.170
182.39,1,0.187
182.40,1,0.183
182.41,1,0.189
182.42,1,0.203
182.43,1,0.219
182.44,1,0.201
182.45,1,0.246
182.46,1,0.260
182.47,1,0.294
182.48,1,0.251
182.49,1,0.213
182.50,1,0.185
182.51,1,0.164
182.52,1,0.116
182.53,1,0.127
182.54,1,0.125
182.55,1,0.125
182.56,1,0.125
182.57,1,0.141
182.58,1,0.136
182.59,1,0.156
182.60,1,0.214
182.61,1,0.310
182.62,1,0.378
182.63,1,0.439
182.64,1,0.470
182.65,1,0.547
182.66,1,0.703
182.67,1,0.905
182.68,1,1.044
182.69,1,1.071
182.70,1,1.049
182.71,1,0.957
182.72,1,0.949
182.73,1,1.052
182.74,1,1.076
182.75,1,1.008
182.76,1,0.934
182.77,1,0.804
182.78,1,0.712
182.79,1,0.642
182.80,1,0.471
182.81,1,0.324
182.82,1,0.265
182.83,1,0.330
182.84,1,0.337
182.85,1,0.364
182.86,1,0.356
182.87,1,0.327
182.88,1,0.326
182.89,1,0.298
182.90,1,0.263
182.91,1,0.257
182.92,1,0.243
182.93,1,0.231
182.94,1,0.258
182.95,1,0.282
182.96,1,0.307
182.97,1,0.329
182.98,1,0.304
182.99,1,0.268
183.00,1,0.224
183.01,1,0.216
183.02,1,0.240
183.03,1,0.254
183.04,1,0.257
183.05,1,0.272
183.06,1,0.258
183.07,1,0.254
183.08,1,0.248
183.09,1,0.238
183.10,1,0.219
183.11,1,0.205
183.12,1,0.184
183.13,1,0.190
183.14,1,0.166
183.15,1,0.113
183.16,1,0.094
183.17,1,0.105
183.18,1,0.116
183.19,1,0.125
183.20,1,0.139
183.21,1,0.140
183.22,1,0.140
183.23,1,0.127
183.24,1,0.130
183.25,1,0.128
183.26,1,0.137
183.27,1,0.138
183.28,1,0.148
183.29,1,0.177
183.30,1,0.195
183.31,1,0.188
183.32,1,0.182
183.33,1,0.174
183.34,1,0.183
183.35,1,0.196
183.36,1,0.233
183.37,1,0.269
183.38,1,0.299
183.39,1,0.313
183.40,1,0.322
183.41,1,0.321
183.42,1,0.316
183.43,1,0.307
183.44,1,0.298
183.45,1,0.276
183.46,1,0.234
183.47,1,0.202
183.48,1,0.161
183.49,1,0.146
183.50,1,0.140
183.51,1,0.159
183.52,1,0.171
183.53,1,0.179
183.54,1,0.196
183.55,1,0.223
183.56,1,0.243
183.57,1,0.285
183.58,1,0.388
183.59,1,0.492
183.60,1,0.604
183.61,1,0.832
183.62,1,0.691
183.63,1,0.287
183.64,1,0.220
183.65,1,0.190
183.66,1,0.175
183.67,1,0.168
183.68,1,0.168
183.69,1,0.189
183.70,1,0.205
183.71,1,0.232
183.72,1,0.270
183.73,1,0.303
183.74,1,0.321
183.75,1,0.339
183.76,1,0.348
183.77,1,0.356
183.78,1,0.356
183.79,1,0.360
183.80,1,0.356
183.81,1,0.299
183.82,1,0.265
183.83,1,0.232
183.84,1,0.223
183.85,1,0.226
183.86,1,0.233
183.87,1,0.234
183.88,1,0.245
183.89,1,0.239
183.90,1,0.238
183.91,1,0.279
183.92,1,0.312
183.93,1,0.324
183.94,1,0.329
183.95,1,0.285
183.96,1,0.250
183.97,1,0.241
183.98,1,0.230
183.99,1,0.246
184.00,1,0.254
184.01,1,0.267
184.02,1,0.275
184.03,1,0.304
184.04,1,0.334
184.05,1,0.380
184.06,1,0.408
184.07,1,0.419
184.08,1,0.425
184.09,1,0.449
184.10,1,0.409
184.11,1,0.419
184.12,1,0.420
184.13,1,0.514
184.14,1,0.417
184.15,1,0.206
184.16,1,0.139
184.17,1,0.137
184.18,1,0.154
184.19,1,0.185
184.20,1,0.199
184.21,1,0.240
184.22,1,0.251
184.23,1,0.247
184.24,1,0.249
184.25,1,0.255
184.26,1,0.254
184.27,1,0.275
184.28,1,0.289
184.29,1,0.278
184.30,1,0.271
184.31,1,0.255
184.32,1,0.245
184.33,1,0.223
184.34,1,0.204
184.35,1,0.184
184.36,1,0.194
184.37,1,0.190
184.38,1,0.188
184.39,1,0.202
184.40,1,0.225
184.41,1,0.239
184.42,1,0.254
184.43,1,0.263
184.44,1,0.258
184.45,1,0.235
184.46,1,0.223
184.47,1,0.223
184.48,1,0.215
184.49,1,0.198
184.50,1,0.198
184.51,1,0.207
184.52,1,0.209
184.53,1,0.225
184.54,1,0.255
184.55,1,0.261
184.56,1,0.265
184.57,1,0.263
184.58,1,0.243
184.59,1,0.232
184.60,1,0.226
184.61,1,0.241
184.62,1,0.260
184.63,1,0.255
184.64,1,0.248
184.65,1,0.233
184.66,1,0.223
184.67,1,0.210
184.68,1,0.209
184.69,1,0.215
184.70,1,0.248
184.71,1,0.288
184.72,1,0.310
184.73,1,0.343
184.74,1,0.362
184.75,1,0.353
184.76,1,0.319
184.77,1,0.292
184.78,1,0.287
184.79,1,0.292
184.80,1,0.333
184.81,1,0.401
184.82,1,0.461
184.83,1,0.508
184.84,1,0.506
184.85,1,0.446
184.86,1,0.406
184.87,1,0.400
184.88,1,0.440
184.89,1,0.453
184.90,1,0.385
184.91,1,0.317
184.92,1,0.287
184.93,1,0.271
184.94,1,0.267
184.95,1,0.388
184.96,1,0.601
184.97,1,0.647
184.98,1,0.775
184.99,1,0.810
185.00,1,0.926
185.01,1,1.093
185.02,1,0.978
185.03,1,0.969
185.04,1,0.806
185.05,1,0.715
185.06,1,0.578
185.07,1,0.612
185.08,1,0.589
185.09,1,0.486
185.10,1,0.409
185.11,1,0.280
185.12,1,0.177
185.13,1,0.162
185.14,1,0.151
185.15,1,0.141
185.16,1,0.157
185.17,1,0.173
185.18,1,0.182
185.19,1,0.198
185.20,1,0.201
185.21,1,0.234
185.22,1,0.260
185.23,1,0.274
185.24,1,0.293
185.25,1,0.327
185.26,1,0.286
185.27,1,0.280
185.28,1,0.287
185.29,1,0.260
185.30,1,0.234
185.31,1,0.233
185.32,1,0.244
185.33,1,0.281
185.34,1,0.332
185.35,1,0.299
185.36,1,0.270
185.37,1,0.267
185.38,1,0.228
185.39,1,0.231
185.40,1,0.259
185.41,1,0.264
185.42,1,0.260
185.43,1,0.278
185.44,1,0.257
185.45,1,0.254
185.46,1,0.261
185.47,1,0.235
185.48,1,0.199
185.49,1,0.221
185.50,1,0.239
185.51,1,0.274
185.52,1,0.341
185.53,1,0.427
185.54,1,0.483
185.55,1,0.478
185.56,1,0.513
185.57,1,0.480
185.58,1,0.404
185.59,1,0.443
185.60,1,0.444
185.61,1,0.439
185.62,1,0.324
185.63,1,0.289
185.64,1,0.290
185.65,1,0.273
185.66,1,0.217
185.67,1,0.226
185.68,1,0.255
185.69,1,0.268
185.70,1,0.292
185.71,1,0.311
185.72,1,0.302
185.73,1,0.279
185.74,1,0.242
185.75,1,0.258
185.76,1,0.262
185.77,1,0.256
185.78,1,0.242
185.79,1,0.221
185.80,1,0.234
185.81,1,0.250
185.82,1,0.293
185.83,1,0.361
185.84,1,0.390
185.85,1,0.403
185.86,1,0.408
185.87,1,0.412
185.88,1,0.399
185.89,1,0.390
185.90,1,0.385
185.91,1,0.411
185.92,1,0.413
185.93,1,0.448
185.94,1,0.477
185.95,1,0.500
185.96,1,0.401
185.97,1,0.375
185.98,1,0.267
185.99,1,0.228
186.00,1,0.249
186.01,1,0.268
186.02,1,0.277
186.03,1,0.294
186.04,1,0.314
186.05,1,0.326
186.06,1,0.338
186.07,1,0.345
186.08,1,0.355
186.09,1,0.333
186.10,1,0.335
186.11,1,0.326
186.12,1,0.297
186.13,1,0.267
186.14,1,0.253
186.15,1,0.234
186.16,1,0.238
186.17,1,0.217
186.18,1,0.167
186.19,1,0.129
186.20,1,0.134
186.21,1,0.148
186.22,1,0.164
186.23,1,0.187
186.24,1,0.218
186.25,1,0.252
186.26,1,0.276
186.27,1,0.251
186.28,1,0.231
186.29,1,0.231
186.30,1,0.210
186.31,1,0.192
186.32,1,0.215
186.33,1,0.237
186.34,1,0.243
186.35,1,0.282
186.36,1,0.299
186.37,1,0.301
186.38,1,0.309
186.39,1,0.325
186.40,1,0.346
186.41,1,0.377
186.42,1,0.383
186.43,1,0.404
186.44,1,0.383
186.45,1,0.403
186.46,1,0.564
186.47,1,0.349
186.48,1,0.225
186.49,1,0.158
186.50,1,0.160
186.51,1,0.170
186.52,1,0.200
186.53,1,0.224
186.54,1,0.250
186.55,1,0.282
186.56,1,0.300
186.57,1,0.305
186.58,1,0.323
186.59,1,0.324
186.60,1,0.315
186.61,1,0.303
186.62,1,0.295
186.63,1,0.283
186.64,1,0.283
186.65,1,0.283
186.66,1,0.283
186.67,1,0.264
186.68,1,0.289
186.69,1,0.268
186.70,1,0.254
186.71,1,0.282
186.72,1,0.296
186.73,1,0.224
186.74,1,0.191
186.75,1,0.193
186.76,1,0.196
186.77,1,0.209
186.78,1,0.232
186.79,1,0.247
186.80,1,0.254
186.81,1,0.224
186.82,1,0.199
186.83,1,0.205
186.84,1,0.252
186.85,1,0.305
186.86,1,0.339
186.87,1,0.369
186.88,1,0.435
186.89,1,0.466
186.90,1,0.443
186.91,1,0.422
186.92,1,0.405
186.93,1,0.334
186.94,1,0.304
186.95,1,0.334
186.96,1,0.308
186.97,1,0.254
186.98,1,0.202
186.99,1,0.199
187.00,1,0.221
187.01,1,0.294
187.02,1,0.338
187.03,1,0.358
187.04,1,0.347
187.05,1,0.325
187.06,1,0.260
187.07,1,0.221
187.08,1,0.216
187.09,1,0.223
187.10,1,0.220
187.11,1,0.229
187.12,1,0.278
187.13,1,0.317
187.14,1,0.253
187.15,1,0.156
187.16,1,0.121
187.17,1,0.110
187.18,1,0.114
187.19,1,0.135
187.20,1,0.159
187.21,1,0.198
187.22,1,0.218
187.23,1,0.220
187.24,1,0.223
187.25,1,0.215
187.26,1,0.188
187.27,1,0.227
187.28,1,0.281
187.29,1,0.239
187.30,1,0.226
187.31,1,0.220
187.32,1,0.210
187.33,1,0.167
187.34,1,0.179
187.35,1,0.174
187.36,1,0.161
187.37,1,0.172
187.38,1,0.173
187.39,1,0.171
187.40,1,0.191
187.41,1,0.207
187.42,1,0.185
187.43,1,0.183
187.44,1,0.178
187.45,1,0.170
187.46,1,0.196
187.47,1,0.224
187.48,1,0.196
187.49,1,0.155
187.50,1,0.135
187.51,1,0.135
187.52,1,0.139
187.53,1,0.174
187.54,1,0.190
187.55,1,0.194
187.56,1,0.193
187.57,1,0.190
187.58,1,0.179
187.59,1,0.174
187.60,1,0.173
187.61,1,0.182
187.62,1,0.197
187.63,1,0.213
187.64,1,0.233
187.65,1,0.246
187.66,1,0.243
187.67,1,0.242
187.68,1,0.230
187.69,1,0.228
187.70,1,0.232
187.71,1,0.226
187.72,1,0.227
187.73,1,0.222
187.74,1,0.226
187.75,1,0.225
187.76,1,0.243
187.77,1,0.280
187.78,1,0.295
187.79,1,0.337
187.80,1,0.346
187.81,1,0.338
187.82,1,0.272
187.83,1,0.238
187.84,1,0.253
187.85,1,0.224
187.86,1,0.227
187.87,1,0.255
187.88,1,0.264
187.89,1,0.253
187.90,1,0.271
187.91,1,0.304
187.92,1,0.326
187.93,1,0.320
187.94,1,0.321
187.95,1,0.297
187.96,1,0.270
187.97,1,0.263
187.98,1,0.276
187.99,1,0.288
188.00,1,0.324
188.01,1,0.401
188.02,1,0.454
188.03,1,0.495
188.04,1,0.580
188.05,1,0.599
188.06,1,0.641
188.07,1,0.587
188.08,1,0.613
188.09,1,0.659
188.10,1,0.731
188.11,1,0.704
188.12,1,0.498
188.13,1,0.274
188.14,1,0.168
188.15,1,0.178
188.16,1,0.230
188.17,1,0.287
188.18,1,0.325
188.19,1,0.397
188.20,1,0.448
188.21,1,0.535
188.22,1,0.809
188.23,1,1.023
188.24,1,1.013
188.25,1,1.145
188.26,1,1.120
188.27,1,1.141
188.28,1,0.986
188.29,1,0.483
188.30,1,0.332
188.31,1,0.225
188.32,1,0.209
188.33,1,0.191
188.34,1,0.212
188.35,1,0.232
188.36,1,0.257
188.37,1,0.310
188.38,1,0.333
188.39,1,0.352
188.40,1,0.369
188.41,1,0.399
188.42,1,0.414
188.43,1,0.448
188.44,1,0.503
188.45,1,0.482
188.46,1,0.479
188.47,1,0.446
188.48,1,0.356
188.49,1,0.248
188.50,1,0.217
188.51,1,0.199
188.52,1,0.174
188.53,1,0.182
188.54,1,0.198
188.55,1,0.218
188.56,1,0.240
188.57,1,0.277
188.58,1,0.317
188.59,1,0.356
188.60,1,0.390
188.61,1,0.410
188.62,1,0.430
188.63,1,0.453
188.64,1,0.468
188.65,1,0.487
188.66,1,0.484
188.67,1,0.442
188.68,1,0.375
188.69,1,0.304
188.70,1,0.250
188.71,1,0.216
188.72,1,0.223
188.73,1,0.231
188.74,1,0.232
188.75,1,0.259
188.76,1,0.414
188.77,1,0.424
188.78,1,0.357
188.79,1,0.185
188.80,1,0.127
188.81,1,0.151
188.82,1,0.144
188.83,1,0.164
188.84,1,0.208
188.85,1,0.236
188.86,1,0.244
188.87,1,0.260
188.88,1,0.255
188.89,1,0.241
188.90,1,0.228
188.91,1,0.240
188.92,1,0.275
188.93,1,0.293
188.94,1,0.284
188.95,1,0.318
188.96,1,0.283
188.97,1,0.228
188.98,1,0.165
188.99,1,0.138
189.00,1,0.124
189.01,1,0.116
189.02,1,0.118
189.03,1,0.129
189.04,1,0.162
189.05,1,0.202
189.06,1,0.260
189.07,1,0.294
189.08,1,0.308
189.09,1,0.320
189.10,1,0.328
189.11,1,0.344
189.12,1,0.359
189.13,1,0.362
189.14,1,0.308
189.15,1,0.284
189.16,1,0.250
189.17,1,0.195
189.18,1,0.166
189.19,1,0.159
189.20,1,0.187
189.21,1,0.209
189.22,1,0.218
189.23,1,0.252
189.24,1,0.249
189.25,1,0.221
189.26,1,0.240
189.27,1,0.260
189.28,1,0.273
189.29,1,0.297
189.30,1,0.275
189.31,1,0.248
189.32,1,0.221
189.33,1,0.200
189.34,1,0.202
189.35,1,0.218
189.36,1,0.273
189.37,1,0.301
189.38,1,0.342
189.39,1,0.440
189.40,1,0.554
189.41,1,0.667
189.42,1,0.845
189.43,1,0.931
189.44,1,1.099
189.45,1,1.004
189.46,1,0.821
189.47,1,0.765
189.48,1,0.662
189.49,1,0.513
189.50,1,0.449
189.51,1,0.376
189.52,1,0.330
189.53,1,0.312
189.54,1,0.303
189.55,1,0.299
189.56,1,0.321
189.57,1,0.328
189.58,1,0.305
189.59,1,0.295
189.60,1,0.306
189.61,1,0.309
189.62,1,0.336
189.63,1,0.345
189.64,1,0.349
189.65,1,0.340
189.66,1,0.310
189.67,1,0.282
189.68,1,0.255
189.69,1,0.226
189.70,1,0.215
189.71,1,0.207
189.72,1,0.190
189.73,1,0.191
189.74,1,0.216
189.75,1,0.229
189.76,1,0.250
189.77,1,0.280
189.78,1,0.309
189.79,1,0.317
189.80,1,0.339
189.81,1,0.346
189.82,1,0.340
189.83,1,0.334
189.84,1,0.344
189.85,1,0.350
189.86,1,0.350
189.87,1,0.333
189.88,1,0.325
189.89,1,0.309
189.90,1,0.289
189.91,1,0.278
189.92,1,0.282
189.93,1,0.298
189.94,1,0.305
189.95,1,0.312
189.96,1,0.312
189.97,1,0.297
189.98,1,0.271
189.99,1,0.245
190.00,1,0.237
190.01,1,0.249
190.02,1,0.265
190.03,1,0.275
190.04,1,0.264
190.05,1,0.242
190.06,1,0.218
190.07,1,0.193
190.08,1,0.182
190.09,1,0.202
190.10,1,0.212
190.11,1,0.235
190.12,1,0.270
190.13,1,0.303
190.14,1,0.337
190.15,1,0.347
190.16,1,0.357
190.17,1,0.385
190.18,1,0.414
190.19,1,0.473
190.20,1,0.532
190.21,1,0.582
190.22,1,0.700
190.23,1,0.809
190.24,1,1.013
190.25,1,1.140
190.26,1,0.998
190.27,1,0.979
190.28,1,0.943
190.29,1,0.884
190.30,1,0.903
190.31,1,0.940
190.32,1,0.981
190.33,1,1.095
190.34,1,1.084
190.35,1,1.109
190.36,1,1.005
190.37,1,1.067
190.38,1,1.283
190.39,1,1.516
190.40,1,1.160
190.41,1,0.872
190.42,1,0.607
190.43,1,0.517
190.44,1,0.380
190.45,1,0.311
190.46,1,0.262
190.47,1,0.217
190.48,1,0.176
190.49,1,0.151
190.50,1,0.154
190.51,1,0.160
190.52,1,0.216
190.53,1,0.221
190.54,1,0.232
190.55,1,0.233
190.56,1,0.236
190.57,1,0.240
190.58,1,0.250
190.59,1,0.279
190.60,1,0.290
190.61,1,0.272
190.62,1,0.286
190.63,1,0.256
190.64,1,0.246
190.65,1,0.230
190.66,1,0.232
190.67,1,0.230
190.68,1,0.215
190.69,1,0.188
190.70,1,0.170
190.71,1,0.147
190.72,1,0.125
190.73,1,0.123
190.74,1,0.129
190.75,1,0.151
190.76,1,0.201
190.77,1,0.360
190.78,1,0.631
190.79,1,0.817
190.80,1,0.780
190.81,1,0.637
190.82,1,0.341
190.83,1,0.222
190.84,1,0.231
190.85,1,0.236
190.86,1,0.241
190.87,1,0.238
190.88,1,0.241
190.89,1,0.228
190.90,1,0.217
190.91,1,0.206
190.92,1,0.218
190.93,1,0.225
190.94,1,0.220
190.95,1,0.222
190.96,1,0.230
190.97,1,0.222
190.98,1,0.204
190.99,1,0.213
191.00,1,0.195
191.01,1,0.188
191.02,1,0.192
191.03,1,0.225
191.04,1,0.212
191.05,1,0.218
191.06,1,0.228
191.07,1,0.236
191.08,1,0.244
191.09,1,0.313
191.10,1,0.444
191.11,1,0.644
191.12,1,0.375
191.13,1,0.285
191.14,1,0.163
191.15,1,0.144
191.16,1,0.132
191.17,1,0.144
191.18,1,0.154
191.19,1,0.188
191.20,1,0.225
191.21,1,0.268
191.22,1,0.319
191.23,1,0.378
191.24,1,0.442
191.25,1,0.514
191.26,1,0.690
191.27,1,0.716
191.28,1,0.922
191.29,1,0.429
191.30,1,0.300
191.31,1,0.209
191.32,1,0.154
191.33,1,0.141
191.34,1,0.140
191.35,1,0.142
191.36,1,0.167
191.37,1,0.221
191.38,1,0.242
191.39,1,0.279
191.40,1,0.306
191.41,1,0.322
191.42,1,0.299
191.43,1,0.301
191.44,1,0.322
191.45,1,0.315
191.46,1,0.291
191.47,1,0.322
191.48,1,0.341
191.49,1,0.307
191.50,1,0.310
191.51,1,0.317
191.52,1,0.328
191.53,1,0.324
191.54,1,0.325
191.55,1,0.339
191.56,1,0.348
191.57,1,0.347
191.58,1,0.344
191.59,1,0.353
191.60,1,0.315
191.61,1,0.288
191.62,1,0.250
191.63,1,0.236
191.64,1,0.219
191.65,1,0.198
191.66,1,0.198
191.67,1,0.207
191.68,1,0.217
191.69,1,0.247
191.70,1,0.318
191.71,1,0.338
191.72,1,0.391
191.73,1,0.456
191.74,1,0.476
191.75,1,0.487
191.76,1,0.493
191.77,1,0.460
191.78,1,0.525
191.79,1,0.318
191.80,1,0.210
191.81,1,0.172
191.82,1,0.169
191.83,1,0.159
191.84,1,0.168
191.85,1,0.176
191.86,1,0.186
191.87,1,0.218
191.88,1,0.270
191.89,1,0.342
191.90,1,0.461
191.91,1,0.536
191.92,1,0.646
191.93,1,0.742
191.94,1,0.778
191.95,1,0.678
191.96,1,0.544
191.97,1,0.361
191.98,1,0.271
191.99,1,0.207
192.00,1,0.147
192.01,1,0.150
192.02,1,0.169
192.03,1,0.186
192.04,1,0.199
192.05,1,0.247
192.06,1,0.272
192.07,1,0.288
192.08,1,0.344
192.09,1,0.548
192.10,1,0.441
192.11,1,0.389
192.12,1,0.191
192.13,1,0.133
192.14,1,0.117
192.15,1,0.112
192.16,1,0.138
192.17,1,0.177
192.18,1,0.184
192.19,1,0.168
192.20,1,0.177
192.21,1,0.191
192.22,1,0.197
192.23,1,0.228
192.24,1,0.259
192.25,1,0.248
192.26,1,0.222
192.27,1,0.203
192.28,1,0.192
192.29,1,0.195
192.30,1,0.197
192.31,1,0.195
192.32,1,0.202
192.33,1,0.236
192.34,1,0.244
192.35,1,0.252
192.36,1,0.267
192.37,1,0.263
192.38,1,0.244
192.39,1,0.244
192.40,1,0.243
192.41,1,0.236
192.42,1,0.241
192.43,1,0.238
192.44,1,0.241
192.45,1,0.261
192.46,1,0.288
192.47,1,0.221
192.48,1,0.155
192.49,1,0.137
192.50,1,0.160
192.51,1,0.197
192.52,1,0.252
192.53,1,0.320
192.54,1,0.360
192.55,1,0.382
192.56,1,0.371
192.57,1,0.360
192.58,1,0.356
192.59,1,0.339
192.60,1,0.312
192.61,1,0.327
192.62,1,0.304
192.63,1,0.268
192.64,1,0.175
192.65,1,0.123
192.66,1,0.131
192.67,1,0.140
192.68,1,0.149
192.69,1,0.179
192.70,1,0.215
192.71,1,0.246
192.72,1,0.290
192.73,1,0.338
192.74,1,0.344
192.75,1,0.354
192.76,1,0.348
192.77,1,0.315
192.78,1,0.297
192.79,1,0.268
192.80,1,0.245
192.81,1,0.229
192.82,1,0.213
192.83,1,0.199
192.84,1,0.191
192.85,1,0.176
192.86,1,0.165
192.87,1,0.170
192.88,1,0.180
192.89,1,0.188
192.90,1,0.183
192.91,1,0.171
192.92,1,0.141
192.93,1,0.136
192.94,1,0.120
192.95,1,0.134
192.96,1,0.147
192.97,1,0.183
192.98,1,0.186
192.99,1,0.200
193.00,1,0.189
193.01,1,0.164
193.02,1,0.145
193.03,1,0.149
193.04,1,0.149
193.05,1,0.174
193.06,1,0.229
193.07,1,0.304
193.08,1,0.413
193.09,1,0.387
193.10,1,0.514
193.11,1,0.499
193.12,1,0.310
193.13,1,0.234
193.14,1,0.175
193.15,1,0.160
193.16,1,0.140
193.17,1,0.141
193.18,1,0.164
193.19,1,0.186
193.20,1,0.197
193.21,1,0.214
193.22,1,0.236
193.23,1,0.232
193.24,1,0.231
193.25,1,0.233
193.26,1,0.241
193.27,1,0.245
193.28,1,0.253
193.29,1,0.285
193.30,1,0.308
193.31,1,0.290
193.32,1,0.274
193.33,1,0.294
193.34,1,0.309
193.35,1,0.288
193.36,1,0.300
193.37,1,0.333
193.38,1,0.366
193.39,1,0.389
193.40,1,0.499
193.41,1,0.597
193.42,1,0.662
193.43,1,0.812
193.44,1,1.077
193.45,1,1.071
193.46,1,0.454
193.47,1,0.236
193.48,1,0.189
193.49,1,0.161
193.50,1,0.172
193.51,1,0.213
193.52,1,0.282
193.53,1,0.310
193.54,1,0.336
193.55,1,0.368
193.56,1,0.348
193.57,1,0.283
193.58,1,0.249
193.59,1,0.223
193.60,1,0.209
193.61,1,0.212
193.62,1,0.237
193.63,1,0.268
193.64,1,0.275
193.65,1,0.285
193.66,1,0.260
193.67,1,0.257
193.68,1,0.239
193.69,1,0.228
193.70,1,0.233
193.71,1,0.233
193.72,1,0.195
193.73,1,0.182
193.74,1,0.162
193.75,1,0.154
193.76,1,0.143
193.77,1,0.161
193.78,1,0.161
193.79,1,0.162
193.80,1,0.159
193.81,1,0.137
193.82,1,0.122
193.83,1,0.117
193.84,1,0.117
193.85,1,0.117
193.86,1,0.125
193.87,1,0.145
193.88,1,0.172
193.89,1,0.192
193.90,1,0.223
193.91,1,0.240
193.92,1,0.265
193.93,1,0.268
193.94,1,0.268
193.95,1,0.319
193.96,1,0.298
193.97,1,0.208
193.98,1,0.165
193.99,1,0.159
194.00,1,0.153
194.01,1,0.159
194.02,1,0.172
194.03,1,0.185
194.04,1,0.193
194.05,1,0.201
194.06,1,0.221
194.07,1,0.231
194.08,1,0.245
194.09,1,0.247
194.10,1,0.255
194.11,1,0.244
194.12,1,0.233
194.13,1,0.244
194.14,1,0.261
194.15,1,0.290
194.16,1,0.278
194.17,1,0.285
194.18,1,0.264
194.19,1,0.258
194.20,1,0.248
194.21,1,0.235
194.22,1,0.230
194.23,1,0.220
194.24,1,0.201
194.25,1,0.174
194.26,1,0.184
194.27,1,0.205
194.28,1,0.212
194.29,1,0.201
194.30,1,0.178
194.31,1,0.176
194.32,1,0.177
194.33,1,0.187
194.34,1,0.170
194.35,1,0.172
194.36,1,0.175
194.37,1,0.187
194.38,1,0.206
194.39,1,0.245
194.40,1,0.343
194.41,1,0.397
194.42,1,0.780
194.43,1,0.843
194.44,1,0.823
194.45,1,0.342
194.46,1,0.171
194.47,1,0.143
194.48,1,0.148
194.49,1,0.179
194.50,1,0.191
194.51,1,0.193
194.52,1,0.228
194.53,1,0.269
194.54,1,0.313
194.55,1,0.374
194.56,1,0.459
194.57,1,0.482
194.58,1,0.459
194.59,1,0.445
194.60,1,0.405
194.61,1,0.379
194.62,1,0.356
194.63,1,0.332
194.64,1,0.278
194.65,1,0.209
194.66,1,0.185
194.67,1,0.173
194.68,1,0.193
194.69,1,0.227
194.70,1,0.267
194.71,1,0.283
194.72,1,0.334
194.73,1,0.373
194.74,1,0.398
194.75,1,0.420
194.76,1,0.464
194.77,1,0.451
194.78,1,0.448
194.79,1,0.449
194.80,1,0.396
194.81,1,0.338
194.82,1,0.384
194.83,1,0.394
194.84,1,0.337
194.85,1,0.333
194.86,1,0.314
194.87,1,0.264
194.88,1,0.259
194.89,1,0.274
194.90,1,0.290
194.91,1,0.315
194.92,1,0.332
194.93,1,0.328
194.94,1,0.319
194.95,1,0.326
194.96,1,0.334
194.97,1,0.360
194.98,1,0.386
194.99,1,0.429
195.00,1,0.475
195.01,1,0.534
195.02,1,0.575
195.03,1,0.706
195.04,1,0.661
195.05,1,0.794
195.06,1,0.894
195.07,1,0.991
195.08,1,0.945
195.09,1,0.923
195.10,1,0.840
195.11,1,0.781
195.12,1,0.662
195.13,1,0.427
195.14,1,0.335
195.15,1,0.226
195.16,1,0.262
195.17,1,0.296
195.18,1,0.305
195.19,1,0.346
195.20,1,0.387
195.21,1,0.372
195.22,1,0.380
195.23,1,0.401
195.24,1,0.413
195.25,1,0.421
195.26,1,0.415
195.27,1,0.412
195.28,1,0.376
195.29,1,0.338
195.30,1,0.287
195.31,1,0.270
195.32,1,0.252
195.33,1,0.238
195.34,1,0.247
195.35,1,0.269
195.36,1,0.262
195.37,1,0.253
195.38,1,0.256
195.39,1,0.261
195.40,1,0.270
195.41,1,0.266
195.42,1,0.255
195.43,1,0.237
195.44,1,0.223
195.45,1,0.237
195.46,1,0.313
195.47,1,0.304
195.48,1,0.312
195.49,1,0.315
195.50,1,0.303
195.51,1,0.272
195.52,1,0.276
195.53,1,0.261
195.54,1,0.273
195.55,1,0.291
195.56,1,0.335
195.57,1,0.424
195.58,1,0.558
195.59,1,0.732
195.60,1,0.981
195.61,1,0.873
195.62,1,0.873
195.63,1,0.545
195.64,1,0.374
195.65,1,0.303
195.66,1,0.285
195.67,1,0.287
195.68,1,0.307
195.69,1,0.320
195.70,1,0.306
195.71,1,0.309
195.72,1,0.286
195.73,1,0.253
195.74,1,0.218
195.75,1,0.199
195.76,1,0.186
195.77,1,0.174
195.78,1,0.186
195.79,1,0.219
195.80,1,0.232
195.81,1,0.239
195.82,1,0.251
195.83,1,0.248
195.84,1,0.248
195.85,1,0.264
195.86,1,0.238
195.87,1,0.243
195.88,1,0.225
195.89,1,0.186
195.90,1,0.191
195.91,1,0.205
195.92,1,0.255
195.93,1,0.386
195.94,1,0.602
195.95,1,0.760
195.96,1,0.847
195.97,1,0.858
195.98,1,0.846
195.99,1,0.998
196.00,1,0.993
196.01,1,0.944
196.02,1,0.907
196.03,1,0.866
196.04,1,0.865
196.05,1,0.888
196.06,0,
196.07,0,
196.08,0,
196.09,0,
196.10,0,
196.11,0,
196.12,0,
196.13,1,0.652
196.14,1,0.563
196.15,1,0.479
196.16,1,0.528
196.17,1,0.622
196.18,1,0.713
196.19,1,0.810
196.20,1,0.786
196.21,1,0.709
196.22,1,0.572
196.23,1,0.216
196.24,1,0.128
196.25,1,0.099
196.26,1,0.076
196.27,1,0.083
196.28,1,0.095
196.29,1,0.107
196.30,1,0.116
196.31,1,0.130
196.32,1,0.133
196.33,1,0.146
196.34,1,0.176
196.35,1,0.201
196.36,1,0.221
196.37,1,0.247
196.38,1,0.237
196.39,1,0.233
196.40,1,0.229
196.41,1,0.256
196.42,1,0.273
196.43,1,0.525
196.44,1,0.599
196.45,1,0.235
196.46,1,0.185
196.47,1,0.189
196.48,1,0.184
196.49,1,0.181
196.50,1,0.191
196.51,1,0.216
196.52,1,0.240
196.53,1,0.285
196.54,1,0.328
196.55,1,0.375
196.56,1,0.406
196.57,1,0.406
196.58,1,0.451
196.59,1,0.451
196.60,1,0.648
196.61,1,0.621
196.62,1,0.445
196.63,1,0.302
196.64,1,0.200
196.65,1,0.144
196.66,1,0.128
196.67,1,0.147
196.68,1,0.178
196.69,1,0.226
196.70,1,0.256
196.71,1,0.267
196.72,1,0.294
196.73,1,0.276
196.74,1,0.271
196.75,1,0.264
196.76,1,0.283
196.77,1,0.287
196.78,1,0.258
196.79,1,0.270
196.80,1,0.224
196.81,1,0.204
196.82,1,0.216
196.83,1,0.237
196.84,1,0.238
196.85,1,0.224
196.86,1,0.202
196.87,1,0.184
196.88,1,0.178
196.89,1,0.181
196.90,1,0.194
196.91,1,0.222
196.92,1,0.237
196.93,1,0.254
196.94,1,0.272
196.95,1,0.280
196.96,1,0.275
196.97,1,0.246
196.98,1,0.218
196.99,1,0.224
197.00,1,0.238
197.01,1,0.247
197.02,1,0.274
197.03,1,0.301
197.04,1,0.335
197.05,1,0.368
197.06,1,0.438
197.07,1,0.480
197.08,1,0.547
197.09,1,0.645
197.10,1,0.585
197.11,1,0.312
197.12,1,0.225
197.13,1,0.186
197.14,1,0.163
197.15,1,0.161
197.16,1,0.186
197.17,1,0.222
197.18,1,0.270
197.19,1,0.339
197.20,1,0.411
197.21,1,0.473
197.22,1,0.496
197.23,1,0.496
197.24,1,0.483
197.25,1,0.436
197.26,1,0.361
197.27,1,0.296
197.28,1,0.253
197.29,1,0.218
197.30,1,0.194
197.31,1,0.184
197.32,1,0.186
197.33,1,0.185
197.34,1,0.228
197.35,1,0.296
197.36,1,0.355
197.37,1,0.398
197.38,1,0.415
197.39,1,0.455
197.40,1,0.416
197.41,1,0.323
197.42,1,0.252
197.43,1,0.209
197.44,1,0.206
197.45,1,0.206
197.46,1,0.208
197.47,1,0.227
197.48,1,0.171
197.49,1,0.165
197.50,1,0.179
197.51,1,0.191
197.52,1,0.194
197.53,1,0.228
197.54,1,0.258
197.55,1,0.277
197.56,1,0.288
197.57,1,0.327
197.58,1,0.342
197.59,1,0.349
197.60,1,0.353
197.61,1,0.357
197.62,1,0.347
197.63,1,0.308
197.64,1,0.348
197.65,1,0.397
197.66,1,0.390
197.67,1,0.361
197.68,1,0.336
197.69,1,0.300
197.70,1,0.269
197.71,1,0.247
197.72,1,0.245
197.73,1,0.248
197.74,1,0.268
197.75,1,0.289
197.76,1,0.439
197.77,1,0.541
197.78,1,0.727
197.79,1,0.526
197.80,1,0.312
197.81,1,0.270
197.82,1,0.229
197.83,1,0.188
197.84,1,0.169
197.85,1,0.178
197.86,1,0.195
197.87,1,0.210
197.88,1,0.272
197.89,1,0.317
197.90,1,0.331
197.91,1,0.360
197.92,1,0.361
197.93,1,0.311
197.94,1,0.288
197.95,1,0.282
197.96,1,0.275
197.97,1,0.291
197.98,1,0.316
197.99,1,0.333
198.00,1,0.351
198.01,1,0.362
198.02,1,0.356
198.03,1,0.336
198.04,1,0.295
198.05,1,0.258
198.06,1,0.238
198.07,1,0.212
198.08,1,0.209
198.09,1,0.218
198.10,1,0.222
198.11,1,0.204
198.12,1,0.223
198.13,1,0.213
198.14,1,0.210
198.15,1,0.215
198.16,1,0.227
198.17,1,0.226
198.18,1,0.240
198.19,1,0.251
198.20,1,0.258
198.21,1,0.262
198.22,1,0.263
198.23,1,0.257
198.24,1,0.250
198.25,1,0.257
198.26,1,0.274
198.27,1,0.296
198.28,1,0.292
198.29,1,0.280
198.30,1,0.250
198.31,1,0.232
198.32,1,0.226
198.33,1,0.240
198.34,1,0.254
198.35,1,0.256
198.36,1,0.294
198.37,1,0.363
198.38,1,0.408
198.39,1,0.517
198.40,1,0.548
198.41,1,0.491
198.42,1,0.375
198.43,1,0.270
198.44,1,0.201
198.45,1,0.164
198.46,1,0.151
198.47,1,0.140
198.48,1,0.154
198.49,1,0.149
198.50,1,0.142
198.51,1,0.139
198.52,1,0.185
198.53,1,0.260
198.54,1,0.306
198.55,1,0.351
198.56,1,0.393
198.57,1,0.377
198.58,1,0.341
198.59,1,0.319
198.60,1,0.311
198.61,1,0.319
198.62,1,0.318
198.63,1,0.320
198.64,1,0.287
198.65,1,0.240
198.66,1,0.188
198.67,1,0.164
198.68,1,0.211
198.69,1,0.240
198.70,1,0.264
198.71,1,0.291
198.72,1,0.308
198.73,1,0.312
198.74,1,0.322
198.75,1,0.359
198.76,1,0.386
198.77,1,0.423
198.78,1,0.452
198.79,1,0.455
198.80,1,0.408
198.81,1,0.352
198.82,1,0.301
198.83,1,0.245
198.84,1,0.210
198.85,1,0.188
198.86,1,0.222
198.87,1,0.261
198.88,1,0.288
198.89,1,0.329
198.90,1,0.379
198.91,1,0.386
198.92,1,0.404
198.93,1,0.406
198.94,1,0.404
198.95,1,0.380
198.96,1,0.364
198.97,1,0.371
198.98,1,0.366
198.99,1,0.333
199.00,1,0.347
199.01,1,0.403
199.02,1,0.427
199.03,1,0.492
199.04,1,0.545
199.05,1,0.598
199.06,1,0.524
199.07,1,0.450
199.08,1,0.352
199.09,1,0.322
199.10,1,0.286
199.11,1,0.283
199.12,1,0.291
199.13,1,0.203
199.14,1,0.157
199.15,1,0.142
199.16,1,0.124
199.17,1,0.159
199.18,1,0.194
199.19,1,0.242
199.20,1,0.288
199.21,1,0.317
199.22,1,0.339
199.23,1,0.388
199.24,1,0.445
199.25,1,0.484
199.26,1,0.742
199.27,1,0.849
199.28,1,0.800
199.29,1,0.536
199.30,1,0.358
199.31,1,0.266
199.32,1,0.174
199.33,1,0.104
199.34,1,0.085
199.35,1,0.097
199.36,1,0.101
199.37,1,0.111
199.38,1,0.132
199.39,1,0.157
199.40,1,0.175
199.41,1,0.179
199.42,1,0.194
199.43,1,0.217
199.44,1,0.230
199.45,1,0.241
199.46,1,0.254
199.47,1,0.239
199.48,1,0.229
199.49,1,0.228
199.50,1,0.273
199.51,1,0.323
199.52,1,0.367
199.53,1,0.418
199.54,1,0.450
199.55,1,0.459
199.56,1,0.443
199.57,1,0.385
199.58,1,0.385
199.59,1,0.390
199.60,1,0.390
199.61,1,0.366
199.62,1,0.375
199.63,1,0.328
199.64,1,0.257
199.65,1,0.251
199.66,1,0.253
199.67,1,0.247
199.68,1,0.246
199.69,1,0.246
199.70,1,0.253
199.71,1,0.267
199.72,1,0.283
199.73,1,0.302
199.74,1,0.321
199.75,1,0.321
199.76,1,0.359
199.77,1,0.389
199.78,1,0.413
199.79,1,0.510
199.80,1,0.238
199.81,1,0.230
199.82,1,0.208
199.83,1,0.189
199.84,1,0.210
199.85,1,0.246
199.86,1,0.269
199.87,1,0.284
199.88,1,0.292
199.89,1,0.289
199.90,1,0.269
199.91,1,0.270
199.92,1,0.288
199.93,1,0.301
199.94,1,0.330
199.95,1,0.337
199.96,1,0.317
199.97,1,0.323
199.98,1,0.304
199.99,1,0.278
200.00,1,0.244
200.01,1,0.250
200.02,1,0.277
200.03,1,0.295
200.04,1,0.319
200.05,1,0.365
200.06,1,0.327
200.07,1,0.267
200.08,1,0.224
200.09,1,0.216
200.10,1,0.178
200.11,1,0.170
200.12,1,0.194
200.13,1,0.180
200.14,1,0.211
200.15,1,0.226
200.16,1,0.230
200.17,1,0.219
200.18,1,0.280
200.19,1,0.320
200.20,1,0.312
200.21,1,0.350
200.22,1,0.375
200.23,1,0.359
200.24,1,0.388
200.25,1,0.401
200.26,1,0.385
200.27,1,0.359
200.28,1,0.345
200.29,1,0.362
200.30,1,0.375
200.31,1,0.355
200.32,1,0.375
200.33,1,0.394
200.34,1,0.367
200.35,1,0.432
200.36,1,0.570
200.37,1,0.792
200.38,1,1.154
200.39,1,1.138
200.40,1,1.053
200.41,1,0.938
200.42,1,0.817
200.43,1,0.726
200.44,1,0.752
200.45,1,0.699
200.46,1,0.603
200.47,1,0.489
200.48,1,0.423
200.49,1,0.323
200.50,1,0.203
200.51,1,0.183
200.52,1,0.169
200.53,1,0.168
200.54,1,0.166
200.55,1,0.170
200.56,1,0.183
200.57,1,0.194
200.58,1,0.196
200.59,1,0.214
200.60,1,0.229
200.61,1,0.237
200.62,1,0.268
200.63,1,0.322
200.64,1,0.377
200.65,1,0.401
200.66,1,0.422
200.67,1,0.367
200.68,1,0.328
200.69,1,0.283
200.70,1,0.277
200.71,1,0.252
200.72,1,0.250
200.73,1,0.244
200.74,1,0.245
200.75,1,0.256
200.76,1,0.276
200.77,1,0.299
200.78,1,0.318
200.79,1,0.302
200.80,1,0.240
200.81,1,0.235
200.82,1,0.169
200.83,1,0.150
200.84,1,0.158
200.85,1,0.164
200.86,1,0.180
200.87,1,0.257
200.88,1,0.394
200.89,1,0.473
200.90,1,0.584
200.91,1,0.647
200.92,1,0.732
200.93,1,0.728
200.94,1,0.677
200.95,1,0.667
200.96,1,0.632
200.97,1,0.375
200.98,1,0.267
200.99,1,0.182
201.00,1,0.124
201.01,1,0.137
201.02,1,0.158
201.03,1,0.167
201.04,1,0.186
201.05,1,0.213
201.06,1,0.222
201.07,1,0.208
201.08,1,0.210
201.09,1,0.222
201.10,1,0.221
201.11,1,0.235
201.12,1,0.233
201.13,1,0.241
201.14,1,0.233
201.15,1,0.231
201.16,1,0.198
201.17,1,0.213
201.18,1,0.173
201.19,1,0.155
201.20,1,0.163
201.21,1,0.165
201.22,1,0.165
201.23,1,0.204
201.24,1,0.239
201.25,1,0.278
201.26,1,0.325
201.27,1,0.635
201.28,1,0.625
201.29,1,0.739
201.30,1,0.789
201.31,1,0.869
201.32,1,0.892
201.33,1,0.856
201.34,1,0.842
201.35,1,0.982
201.36,1,1.172
201.37,1,1.297
201.38,1,1.249
201.39,0,
201.40,0,
201.41,0,
201.42,0,
201.43,0,
201.44,0,
201.45,0,
201.46,0,
201.47,0,
201.48,0,
201.49,0,
201.50,0,
201.51,0,
201.52,0,
201.53,0,
201.54,0,
201.55,0,
201.56,0,
201.57,0,
201.58,0,
201.59,0,
201.60,0,
201.61,0,
201.62,0,
201.63,0,
201.64,0,
201.65,0,
201.66,0,
201.67,0,
201.68,0,
201.69,0,
201.70,0,
201.71,0,
201.72,0,
201.73,0,
201.74,0,
201.75,0,
201.76,0,
201.77,0,
201.78,0,
201.79,0,
201.80,0,
201.81,0,
201.82,0,
201.83,0,
201.84,0,
201.85,0,
201.86,0,
201.87,0,
201.88,0,
201.89,0,
201.90,0,
201.91,0,
201.92,0,
201.93,0,
201.94,0,
201.95,0,
201.96,0,
201.97,0,
201.98,0,
201.99,0,
202.00,0,
202.01,0,
202.02,0,
202.03,0,
202.04,0,
202.05,0,
202.06,0,
202.07,0,
202.08,0,
202.09,0,
202.10,0,
202.11,0,
202.12,0,
202.13,0,
202.14,0,
202.15,0,
202.16,0,
202.17,0,
202.18,0,
202.19,0,
202.20,0,
202.21,0,
202.22,0,
202.23,0,
202.24,0,
202.25,0,
202.26,0,
202.27,0,
202.28,0,
202.29,0,
202.30,0,
202.31,0,
202.32,0,
202.33,0,
202.34,0,
202.35,0,
202.36,0,
202.37,0,
202.38,0,
202.39,0,
202.40,0,
202.41,0,
202.42,0,
202.43,0,
202.44,0,
202.45,0,
202.46,0,
202.47,0,
202.48,0,
202.49,0,
202.50,0,
202.51,0,
202.52,0,
202.53,0,
202.54,0,
202.55,0,
202.56,0,
202.57,0,
202.58,0,
202.59,0,
202.60,0,
202.61,0,
202.62,0,
202.63,0,
202.64,0,
202.65,0,
202.66,0,
202.67,0,
202.68,0,
202.69,0,
202.70,0,
202.71,0,
202.72,0,
202.73,0,
202.74,0,
202.75,0,
202.76,0,
202.77,0,
202.78,0,
202.79,0,
202.80,0,
202.81,0,
202.82,0,
202.83,0,
202.84,0,
202.85,0,
202.86,0,
202.87,0,
202.88,0,
202.89,0,
202.90,0,
202.91,0,
202.92,0,
202.93,0,
202.94,0,
202.95,0,
202.96,0,
202.97,0,
202.98,0,
202.99,0,
203.00,0,
203.01,0,
203.02,0,
203.03,0,
203.04,0,
203.05,0,
203.06,0,
203.07,0,
203.08,0,
203.09,0,
203.10,0,
203.11,0,
203.12,0,
203.13,0,
203.14,0,
203.15,0,
203.16,0,
203.17,0,
203.18,0,
203.19,0,
203.20,0,
203.21,0,
203.22,0,
203.23,0,
203.24,0,
203.25,0,
203.26,0,
203.27,0,
203.28,0,
203.29,0,
203.30,0,
203.31,0,
203.32,0,
203.33,0,
203.34,0,
203.35,0,
203.36,0,
203.37,0,
203.38,0,
203.39,0,
203.40,0,
203.41,0,
203.42,0,
203.43,0,
203.44,0,
203.45,0,
203.46,0,
203.47,0,
203.48,0,
203.49,0,
203.50,0,
203.51,0,
203.52,0,
203.53,0,
203.54,0,
203.55,0,
203.56,0,
203.57,0,
203.58,0,
203.59,0,
203.60,0,
203.61,0,
203.62,0,
203.63,0,
203.64,0,
203.65,0,
203.66,0,
203.67,0,
203.68,0,
203.69,0,
203.70,0,
203.71,0,
203.72,0,
203.73,0,
203.74,0,
203.75,0,
203.76,0,
203.77,0,
203.78,0,
203.79,0,
203.80,0,
203.81,0,
203.82,0,
203.83,0,
203.84,0,
203.85,0,
203.86,0,
203.87,0,
203.88,0,
203.89,0,
203.90,0,
203.91,0,
203.92,0,
203.93,0,
203.94,0,
203.95,0,
203.96,0,
203.97,0,
203.98,0,
203.99,0,
204.00,0,
204.01,0,
204.02,0,
204.03,0,
204.04,0,
204.05,0,
204.06,0,
204.07,0,
204.08,0,
204.09,0,
204.10,0,
204.11,0,
204.12,0,
204.13,0,
204.14,0,
204.15,0,
204.16,0,
204.17,0,
204.18,0,
204.19,0,
204.20,0,
204.21,0,
204.22,0,
204.23,0,
204.24,0,
204.25,0,
204.26,0,
204.27,0,
204.28,0,
204.29,0,
204.30,0,
204.31,0,
204.32,0,
204.33,0,
204.34,0,
204.35,0,
204.36,0,
204.37,0,
204.38,0,
204.39,0,
204.40,0,
204.41,0,
204.42,0,
204.43,0,
204.44,0,
204.45,0,
204.46,0,
204.47,0,
204.48,0,
204.49,0,
204.50,0,
204.51,0,
204.52,0,
204.53,0,
204.54,0,
204.55,0,
204.56,0,
204.57,0,
204.58,0,
204.59,0,
204.60,0,
204.61,0,
204.62,0,
204.63,0,
204.64,0,
204.65,0,
204.66,0,
204.67,0,
204.68,0,
204.69,0,
204.70,0,
204.71,0,
204.72,0,
204.73,0,
204.74,0,
204.75,0,
204.76,0,
204.77,0,
204.78,0,
204.79,0,
204.80,0,
204.81,0,
204.82,0,
204.83,0,
204.84,0,
204.85,0,
204.86,0,
204.87,0,
204.88,0,
204.89,0,
204.90,0,
204.91,0,
204.92,0,
204.93,0,
204.94,0,
204.95,0,
204.96,0,
204.97,0,
204.98,0,
204.99,0,
205.00,0,
205.01,0,
205.02,0,
205.03,0,
205.04,0,
205.05,0,
205.06,0,
205.07,0,
205.08,0,
205.09,0,
205.10,0,
205.11,0,
205.12,0,
205.13,0,
205.14,0,
205.15,0,
205.16,0,
205.17,0,
205.18,0,
205.19,0,
205.20,0,
205.21,0,
205.22,0,
205.23,0,
205.24,0,
205.25,0,
205.26,0,
205.27,0,
205.28,0,
205.29,0,
205.30,0,
205.31,0,
205.32,0,
205.33,0,
205.34,0,
205.35,0,
205.36,0,
205.37,0,
205.38,0,
205.39,0,
205.40,0,
205.41,0,
205.42,0,
205.43,0,
205.44,0,
205.45,0,
205.46,0,
205.47,0,
205.48,0,
205.49,0,
205.50,0,
205.51,0,
205.52,0,
205.53,0,
205.54,0,
205.55,0,
205.56,0,
205.57,0,
205.58,0,
205.59,0,
205.60,0,
205.61,0,
205.62,0,
205.63,0,
205.64,0,
205.65,0,
205.66,0,
205.67,0,
205.68,0,
205.69,0,
205.70,0,
205.71,0,
205.72,0,
205.73,0,
205.74,0,
205.75,0,
205.76,0,
205.77,0,
205.78,0,
205.79,0,
205.80,0,
205.81,0,
205.82,0,
205.83,0,
205.84,0,
205.85,0,
205.86,0,
205.87,0,
205.88,0,
205.89,0,
205.90,0,
205.91,0,
205.92,0,
205.93,0,
205.94,0,
205.95,0,
205.96,0,
205.97,0,
205.98,0,
205.99,0,
206.00,0,
206.01,0,
206.02,0,
206.03,0,
206.04,0,
206.05,0,
206.06,0,
206.07,0,
206.08,0,
206.09,0,
206.10,0,
206.11,0,
206.12,0,
206.13,0,
206.14,0,
206.15,0,
206.16,0,
206.17,0,
206.18,0,
206.19,0,
206.20,0,
206.21,0,
206.22,0,
206.23,0,
206.24,0,
206.25,0,
206.26,0,
206.27,0,
206.28,0,
206.29,0,
206.30,0,
206.31,0,
206.32,0,
206.33,0,
206.34,0,
206.35,0,
206.36,0,
206.37,0,
206.38,0,
206.39,0,
206.40,0,
206.41,0,
206.42,0,
206.43,0,
206.44,0,
206.45,0,
206.46,0,
206.47,0,
206.48,0,
206.49,0,
206.50,0,
206.51,0,
206.52,0,
206.53,0,
206.54,0,
206.55,0,
206.56,0,
206.57,0,
206.58,0,
206.59,0,
206.60,0,
206.61,0,
206.62,0,
206.63,0,
206.64,0,
206.65,0,
206.66,0,
206.67,0,
206.68,0,
206.69,0,
206.70,0,
206.71,0,
206.72,0,
206.73,0,
206.74,0,
206.75,0,
206.76,0,
206.77,0,
206.78,0,
206.79,0,
206.80,0,
206.81,0,
206.82,0,
206.83,0,
206.84,0,
206.85,0,
206.86,0,
206.87,0,
206.88,0,
206.89,0,
206.90,0,
206.91,0,
206.92,0,
206.93,0,
206.94,0,
206.95,0,
206.96,0,
206.97,0,
206.98,0,
206.99,0,
207.00,0,
207.01,0,
207.02,0,
207.03,0,
207.04,0,
207.05,0,
207.06,0,
207.07,0,
207.08,0,
207.09,0,
207.10,0,
207.11,0,
207.12,0,
207.13,0,
207.14,0,
207.15,0,
207.16,0,
207.17,0,
207.18,0,
207.19,0,
207.20,0,
207.21,0,
207.22,0,
207.23,0,
207.24,0,
207.25,0,
207.26,0,
207.27,0,
207.28,0,
207.29,0,
207.30,0,
207.31,0,
207.32,0,
207.33,0,
207.34,0,
207.35,0,
207.36,0,
207.37,0,
207.38,0,
207.39,0,
207.40,0,
207.41,0,
207.42,0,
207.43,0,
207.44,0,
207.45,0,
207.46,0,
207.47,0,
207.48,0,
207.49,0,
207.50,0,
207.51,0,
207.52,0,
207.53,0,
207.54,0,
207.55,0,
207.56,0,
207.57,0,
207.58,0,
207.59,0,
207.60,0,
207.61,0,
207.62,0,
207.63,0,
207.64,0,
207.65,0,
207.66,0,
207.67,0,
207.68,0,
207.69,0,
207.70,0,
207.71,0,
207.72,0,
207.73,0,
207.74,0,
207.75,0,
207.76,0,
207.77,0,
207.78,0,
207.79,0,
207.80,0,
207.81,0,
207.82,0,
207.83,0,
207.84,0,
207.85,0,
207.86,0,
207.87,0,
207.88,0,
207.89,0,
207.90,0,
207.91,0,
207.92,0,
207.93,0,
207.94,0,
207.95,0,
207.96,0,
207.97,0,
207.98,0,
207.99,0,
208.00,0,
208.01,0,
208.02,0,
208.03,0,
208.04,0,
208.05,0,
208.06,0,
208.07,0,
208.08,0,
208.09,0,
208.10,0,
208.11,0,
208.12,0,
208.13,0,
208.14,0,
208.15,0,
208.16,0,
208.17,0,
208.18,0,
208.19,0,
208.20,0,
208.21,0,
208.22,0,
208.23,0,
208.24,0,
208.25,0,
208.26,0,
208.27,0,
208.28,0,
208.29,0,
208.30,0,
208.31,0,
208.32,0,
208.33,0,
208.34,0,
208.35,0,
208.36,0,
208.37,0,
208.38,0,
208.39,0,
208.40,0,
208.41,0,
208.42,0,
208.43,0,
208.44,0,
208.45,0,
208.46,0,
208.47,0,
208.48,0,
208.49,0,
208.50,0,
208.51,0,
208.52,0,
208.53,0,
208.54,0,
208.55,0,
208.56,0,
208.57,0,
208.58,0,
208.59,0,
208.60,0,
208.61,0,
208.62,0,
208.63,0,
208.64,0,
208.65,0,
208.66,0,
208.67,0,
208.68,0,
208.69,0,
208.70,0,
208.71,0,
208.72,0,
208.73,0,
208.74,0,
208.75,0,
208.76,0,
208.77,0,
208.78,0,
208.79,0,
208.80,0,
208.81,0,
208.82,0,
208.83,0,
208.84,0,
208.85,0,
208.86,0,
208.87,0,
208.88,0,
208.89,0,
208.90,0,
208.91,0,
208.92,0,
208.93,0,
208.94,0,
208.95,0,
208.96,0,
208.97,0,
208.98,0,
208.99,0,
209.00,0,
209.01,0,
209.02,0,
209.03,0,
209.04,0,
209.05,0,
209.06,0,
209.07,0,
209.08,0,
209.09,0,
209.10,0,
209.11,0,
209.12,0,
209.13,0,
209.14,0,
209.15,0,
209.16,0,
209.17,0,
209.18,0,
209.19,0,
209.20,0,
209.21,0,
209.22,0,
209.23,0,
209.24,0,
209.25,0,
209.26,0,
209.27,0,
209.28,0,
209.29,0,
209.30,0,
209.31,0,
209.32,0,
209.33,0,
209.34,0,
209.35,0,
209.36,0,
209.37,0,
209.38,0,
209.39,0,
209.40,0,
209.41,0,
209.42,0,
209.43,0,
209.44,0,
209.45,0,
209.46,0,
209.47,0,
209.48,0,
209.49,0,
209.50,0,
209.51,0,
209.52,0,
209.53,0,
209.54,0,
209.55,0,
209.56,0,
209.57,0,
209.58,0,
209.59,0,
209.60,0,
209.61,0,
209.62,0,
209.63,0,
209.64,0,
209.65,0,
209.66,0,
209.67,0,
209.68,0,
209.69,0,
209.70,0,
209.71,0,
209.72,0,
209.73,0,
209.74,0,
209.75,0,
209.76,0,
209.77,0,
209.78,0,
209.79,0,
209.80,0,
209.81,0,
209.82,0,
209.83,0,
209.84,0,
209.85,0,
209.86,0,
209.87,0,
209.88,0,
209.89,0,
209.90,0,
209.91,0,
209.92,0,
209.93,0,
209.94,0,
209.95,0,
209.96,0,
209.97,0,
209.98,0,
209.99,0,
210.00,0,
210.01,0,
210.02,0,
210.03,0,
210.04,0,
210.05,0,
210.06,0,
210.07,0,
210.08,0,
210.09,0,
210.10,0,
210.11,0,
210.12,0,
210.13,0,
210.14,0,
210.15,0,
210.16,0,
210.17,0,
210.18,0,
210.19,0,
210.20,0,
210.21,0,
210.22,0,
210.23,0,
210.24,0,
210.25,0,
210.26,0,
210.27,0,
210.28,0,
210.29,0,
210.30,0,
210.31,0,
210.32,0,
210.33,0,
210.34,0,
210.35,0,
210.36,0,
210.37,0,
210.38,0,
210.39,0,
210.40,0,
210.41,0,
210.42,0,
210.43,0,
210.44,0,
210.45,0,
210.46,0,
210.47,0,
210.48,0,
210.49,0,
210.50,0,
210.51,0,
210.52,0,
210.53,0,
210.54,0,
210.55,0,
210.56,0,
210.57,0,
210.58,0,
210.59,0,
210.60,0,
210.61,0,
210.62,0,
210.63,0,
210.64,0,
210.65,0,
210.66,0,
210.67,0,
210.68,0,
210.69,0,
210.70,0,
210.71,0,
210.72,0,
210.73,0,
210.74,0,
210.75,0,
210.76,0,
210.77,0,
210.78,0,
210.79,0,
210.80,0,
210.81,0,
210.82,0,
210.83,0,
210.84,0,
210.85,0,
210.86,0,
210.87,0,
210.88,0,
210.89,0,
210.90,0,
210.91,0,
210.92,0,
210.93,0,
210.94,0,
210.95,0,
210.96,0,
210.97,0,
210.98,0,
210.99,0,
211.00,0,
211.01,0,
211.02,0,
211.03,0,
211.04,0,
211.05,0,
211.06,0,
211.07,0,
211.08,0,
211.09,0,
211.10,0,
211.11,0,
211.12,0,
211.13,0,
211.14,0,
211.15,0,
211.16,0,
211.17,0,
211.18,0,
211.19,0,
211.20,0,
211.21,0,
211.22,0,
211.23,0,
211.24,0,
211.25,0,
211.26,0,
211.27,0,
211.28,0,
211.29,0,
211.30,0,
211.31,0,
211.32,0,
211.33,0,
211.34,0,
211.35,0,
211.36,0,
211.37,0,
211.38,0,
211.39,0,
211.40,0,
211.41,0,
211.42,0,
211.43,0,
211.44,0,
211.45,0,
211.46,0,
211.47,0,
211.48,0,
211.49,0,
211.50,0,
211.51,0,
211.52,0,
211.53,0,
211.54,0,
211.55,0,
211.56,0,
211.57,0,
211.58,0,
211.59,0,
211.60,0,
211.61,0,
211.62,0,
211.63,0,
211.64,0,
211.65,0,
211.66,0,
211.67,0,
211.68,0,
211.69,0,
211.70,0,
211.71,0,
211.72,0,
211.73,0,
211.74,0,
211.75,0,
211.76,0,
211.77,0,
211.78,0,
211.79,0,
211.80,0,
211.81,0,
211.82,0,
211.83,0,
211.84,0,
211.85,0,
211.86,0,
211.87,0,
211.88,0,
211.89,0,
211.90,0,
211.91,0,
211.92,0,
211.93,0,
211.94,0,
211.95,0,
211.96,0,
211.97,0,
211.98,0,
211.99,0,
212.00,0,
212.01,0,
212.02,0,
212.03,0,
212.04,0,
212.05,0,
212.06,0,
212.07,0,
212.08,0,
212.09,0,
212.10,0,
212.11,0,
212.12,0,
212.13,0,
212.14,0,
212.15,0,
212.16,0,
212.17,0,
212.18,0,
212.19,0,
212.20,0,
212.21,0,
212.22,0,
212.23,0,
212.24,0,
212.25,0,
212.26,0,
212.27,0,
212.28,0,
212.29,0,
212.30,0,
212.31,0,
212.32,0,
212.33,0,
212.34,0,
212.35,0,
212.36,0,
212.37,0,
212.38,0,
212.39,0,
212.40,0,
212.41,0,
212.42,0,
212.43,0,
212.44,0,
212.45,0,
212.46,0,
212.47,0,
212.48,0,
212.49,0,
212.50,0,
212.51,0,
212.52,0,
212.53,0,
212.54,0,
212.55,0,
212.56,0,
212.57,0,
212.58,0,
212.59,0,
212.60,0,
212.61,0,
212.62,0,
212.63,0,
212.64,0,
212.65,0,
212.66,0,
212.67,0,
212.68,0,
212.69,0,
212.70,0,
212.71,0,
212.72,0,
212.73,0,
212.74,0,
212.75,0,
212.76,0,
212.77,0,
212.78,0,
212.79,0,
212.80,0,
212.81,0,
212.82,0,
212.83,0,
212.84,0,
212.85,0,
212.86,0,
212.87,0,
212.88,0,
212.89,0,
212.90,0,
212.91,0,
212.92,0,
212.93,0,
212.94,0,
212.95,0,
212.96,0,
212.97,0,
212.98,0,
212.99,0,
213.00,0,
213.01,0,
213.02,0,
213.03,0,
213.04,0,
213.05,0,
213.06,0,
213.07,0,
213.08,0,
213.09,0,
213.10,0,
213.11,0,
213.12,0,
213.13,0,
213.14,0,
213.15,0,
213.16,0,
213.17,0,
213.18,0,
213.19,0,
213.20,0,
213.21,0,
213.22,0,
213.23,0,
213.24,0,
213.25,0,
213.26,0,
213.27,0,
213.28,0,
213.29,0,
213.30,0,
213.31,0,
213.32,0,
213.33,0,
213.34,0,
213.35,0,
213.36,0,
213.37,0,
213.38,0,
213.39,0,
213.40,0,
213.41,0,
213.42,0,
213.43,0,
213.44,0,
213.45,0,
213.46,0,
213.47,0,
213.48,0,
213.49,0,
213.50,0,
213.51,0,
213.52,0,
213.53,0,
213.54,0,
213.55,0,
213.56,0,
213.57,0,
213.58,0,
213.59,0,
213.60,0,
213.61,0,
213.62,0,
213.63,0,
213.64,0,
213.65,0,
213.66,0,
213.67,0,
213.68,0,
213.69,0,
213.70,0,
213.71,0,
213.72,0,
213.73,0,
213.74,0,
213.75,0,
213.76,0,
213.77,0,
213.78,0,
213.79,0,
213.80,0,
213.81,0,
213.82,0,
213.83,0,
213.84,0,
213.85,0,
213.86,0,
213.87,0,
213.88,0,
213.89,0,
213.90,0,
213.91,0,
213.92,0,
213.93,0,
213.94,0,
213.95,0,
213.96,0,
213.97,0,
213.98,0,
213.99,0,
214.00,0,
214.01,0,
214.02,0,
214.03,0,
214.04,0,
214.05,0,
214.06,0,
214.07,0,
214.08,0,
214.09,0,
214.10,0,
214.11,0,
214.12,0,
214.13,0,
214.14,0,
214.15,0,
214.16,0,
214.17,0,
214.18,0,
214.19,0,
214.20,0,
214.21,0,
214.22,0,
214.23,0,
214.24,0,
214.25,0,
214.26,0,
214.27,0,
214.28,0,
214.29,0,
214.30,0,
214.31,0,
214.32,0,
214.33,0,
214.34,0,
214.35,0,
214.36,0,
214.37,0,
214.38,0,
214.39,0,
214.40,0,
214.41,0,
214.42,0,
214.43,0,
214.44,0,
214.45,0,
214.46,0,
214.47,0,
214.48,0,
214.49,0,
214.50,0,
214.51,0,
214.52,0,
214.53,0,
214.54,0,
214.55,0,
214.56,0,
214.57,0,
214.58,0,
214.59,0,
214.60,0,
214.61,0,
214.62,0,
214.63,0,
214.64,0,
214.65,0,
214.66,0,
214.67,0,
214.68,0,
214.69,0,
214.70,0,
214.71,0,
214.72,0,
214.73,0,
214.74,0,
214.75,0,
214.76,0,
214.77,0,
214.78,0,
214.79,0,
214.80,0,
214.81,0,
214.82,0,
214.83,0,
214.84,0,
214.85,0,
214.86,0,
214.87,0,
214.88,0,
214.89,0,
214.90,0,
214.91,0,
214.92,0,
214.93,0,
214.94,0,
214.95,0,
214.96,0,
214.97,0,
214.98,0,
214.99,0,
