t,vocal_on,width
0.00,1,0.073
0.01,0,
0.02,0,
0.03,0,
0.04,0,
0.05,0,
0.06,0,
0.07,0,
0.08,0,
0.09,0,
0.10,0,
0.11,0,
0.12,0,
0.13,0,
0.14,0,
0.15,0,
0.16,0,
0.17,0,
0.18,0,
0.19,0,
0.20,0,
0.21,0,
0.22,0,
0.23,0,
0.24,0,
0.25,0,
0.26,0,
0.27,0,
0.28,0,
0.29,0,
0.30,0,
0.31,0,
0.32,0,
0.33,0,
0.34,0,
0.35,0,
0.36,0,
0.37,0,
0.38,0,
0.39,0,
0.40,0,
0.41,0,
0.42,0,
0.43,0,
0.44,0,
0.45,0,
0.46,0,
0.47,0,
0.48,0,
0.49,0,
0.50,0,
0.51,0,
0.52,0,
0.53,0,
0.54,0,
0.55,0,
0.56,0,
0.57,0,
0.58,0,
0.59,0,
0.60,0,
0.61,0,
0.62,0,
0.63,0,
0.64,0,
0.65,0,
0.66,0,
0.67,0,
0.68,0,
0.69,0,
0.70,0,
0.71,0,
0.72,0,
0.73,0,
0.74,0,
0.75,0,
0.76,0,
0.77,0,
0.78,0,
0.79,0,
0.80,0,
0.81,0,
0.82,0,
0.83,0,
0.84,0,
0.85,0,
0.86,0,
0.87,0,
0.88,0,
0.89,0,
0.90,0,
0.91,0,
0.92,0,
0.93,0,
0.94,0,
0.95,0,
0.96,0,
0.97,0,
0.98,0,
0.99,0,
1.00,0,
1.01,0,
1.02,0,
1.03,0,
1.04,0,
1.05,0,
1.06,0,
1.07,0,
1.08,0,
1.09,0,
1.10,0,
1.11,0,
1.12,0,
1.13,0,
1.14,0,
1.15,0,
1.16,0,
1.17,0,
1.18,0,
1.19,0,
1.20,0,
1.21,0,
1.22,0,
1.23,0,
1.24,0,
1.25,0,
1.26,0,
1.27,0,
1.28,0,
1.29,0,
1.30,0,
1.31,0,
1.32,0,
1.33,0,
1.34,0,
1.35,0,
1.36,0,
1.37,0,
1.38,0,
1.39,0,
1.40,0,
1.41,0,
1.42,0,
1.43,0,
1.44,0,
1.45,0,
1.46,0,
1.47,0,
1.48,0,
1.49,0,
1.50,0,
1.51,0,
1.52,0,
1.53,0,
1.54,0,
1.55,0,
1.56,0,
1.57,0,
1.58,0,
1.59,0,
1.60,0,
1.61,0,
1.62,0,
1.63,0,
1.64,0,
1.65,0,
1.66,0,
1.67,0,
1.68,0,
1.69,0,
1.70,0,
1.71,0,
1.72,0,
1.73,0,
1.74,0,
1.75,0,
1.76,0,
1.77,0,
1.78,0,
1.79,0,
1.80,0,
1.81,0,
1.82,0,
1.83,0,
1.84,0,
1.85,0,
1.86,0,
1.87,0,
1.88,0,
1.89,0,
1.90,0,
1.91,0,
1.92,0,
1.93,0,
1.94,0,
1.95,0,
1.96,0,
1.97,0,
1.98,0,
1.99,0,
2.00,0,
2.01,0,
2.02,0,
2.03,0,
2.04,0,
2.05,0,
2.06,0,
2.07,0,
2.08,0,
2.09,0,
2.10,0,
2.11,0,
2.12,0,
2.13,0,
2.14,0,
2.15,0,
2.16,0,
2.17,0,
2.18,0,
2.19,0,
2.20,0,
2.21,0,
2.22,0,
2.23,0,
2.24,0,
2.25,0,
2.26,0,
2.27,0,
2.28,0,
2.29,0,
2.30,0,
2.31,0,
2.32,0,
2.33,0,
2.34,0,
2.35,0,
2.36,0,
2.37,0,
2.38,0,
2.39,0,
2.40,0,
2.41,0,
2.42,0,
2.43,0,
2.44,0,
2.45,0,
2.46,0,
2.47,0,
2.48,0,
2.49,0,
2.50,0,
2.51,0,
2.52,0,
2.53,0,
2.54,0,
2.55,0,
2.56,0,
2.57,0,
2.58,0,
2.59,0,
2.60,0,
2.61,0,
2.62,0,
2.63,0,
2.64,0,
2.65,0,
2.66,0,
2.67,0,
2.68,0,
2.69,0,
2.70,0,
2.71,0,
2.72,0,
2.73,0,
2.74,0,
2.75,0,
2.76,0,
2.77,0,
2.78,0,
2.79,0,
2.80,0,
2.81,0,
2.82,0,
2.83,0,
2.84,0,
2.85,0,
2.86,0,
2.87,0,
2.88,0,
2.89,0,
2.90,0,
2.91,0,
2.92,0,
2.93,0,
2.94,0,
2.95,0,
2.96,0,
2.97,0,
2.98,0,
2.99,0,
3.00,0,
3.01,0,
3.02,0,
3.03,0,
3.04,0,
3.05,0,
3.06,0,
3.07,0,
3.08,0,
3.09,0,
3.10,0,
3.11,0,
3.12,0,
3.13,0,
3.14,0,
3.15,0,
3.16,0,
3.17,0,
3.18,0,
3.19,0,
3.20,0,
3.21,0,
3.22,0,
3.23,0,
3.24,0,
3.25,0,
3.26,0,
3.27,0,
3.28,0,
3.29,0,
3.30,0,
3.31,0,
3.32,0,
3.33,0,
3.34,0,
3.35,0,
3.36,0,
3.37,0,
3.38,0,
3.39,0,
3.40,0,
3.41,0,
3.42,0,
3.43,0,
3.44,0,
3.45,0,
3.46,0,
3.47,0,
3.48,0,
3.49,0,
3.50,0,
3.51,0,
3.52,0,
3.53,0,
3.54,0,
3.55,0,
3.56,0,
3.57,0,
3.58,0,
3.59,0,
3.60,0,
3.61,0,
3.62,0,
3.63,0,
3.64,0,
3.65,0,
3.66,0,
3.67,0,
3.68,0,
3.69,0,
3.70,0,
3.71,0,
3.72,0,
3.73,0,
3.74,0,
3.75,0,
3.76,0,
3.77,0,
3.78,0,
3.79,0,
3.80,0,
3.81,0,
3.82,0,
3.83,0,
3.84,0,
3.85,0,
3.86,0,
3.87,0,
3.88,0,
3.89,0,
3.90,0,
3.91,0,
3.92,0,
3.93,0,
3.94,0,
3.95,0,
3.96,0,
3.97,0,
3.98,0,
3.99,0,
4.00,0,
4.01,0,
4.02,0,
4.03,0,
4.04,0,
4.05,0,
4.06,0,
4.07,0,
4.08,0,
4.09,0,
4.10,0,
4.11,0,
4.12,0,
4.13,0,
4.14,0,
4.15,0,
4.16,0,
4.17,0,
4.18,0,
4.19,0,
4.20,0,
4.21,0,
4.22,0,
4.23,0,
4.24,0,
4.25,0,
4.26,0,
4.27,0,
4.28,0,
4.29,0,
4.30,0,
4.31,0,
4.32,0,
4.33,0,
4.34,0,
4.35,0,
4.36,0,
4.37,0,
4.38,0,
4.39,0,
4.40,0,
4.41,0,
4.42,0,
4.43,0,
4.44,0,
4.45,0,
4.46,0,
4.47,0,
4.48,0,
4.49,0,
4.50,0,
4.51,0,
4.52,0,
4.53,0,
4.54,0,
4.55,0,
4.56,0,
4.57,0,
4.58,0,
4.59,0,
4.60,0,
4.61,0,
4.62,0,
4.63,0,
4.64,0,
4.65,0,
4.66,0,
4.67,0,
4.68,0,
4.69,0,
4.70,0,
4.71,0,
4.72,0,
4.73,0,
4.74,0,
4.75,0,
4.76,0,
4.77,0,
4.78,0,
4.79,0,
4.80,0,
4.81,0,
4.82,0,
4.83,0,
4.84,0,
4.85,0,
4.86,0,
4.87,0,
4.88,0,
4.89,0,
4.90,0,
4.91,0,
4.92,0,
4.93,0,
4.94,0,
4.95,0,
4.96,0,
4.97,0,
4.98,0,
4.99,0,
5.00,0,
5.01,0,
5.02,0,
5.03,0,
5.04,0,
5.05,0,
5.06,0,
5.07,0,
5.08,0,
5.09,0,
5.10,0,
5.11,0,
5.12,0,
5.13,0,
5.14,0,
5.15,0,
5.16,0,
5.17,0,
5.18,0,
5.19,0,
5.20,0,
5.21,0,
5.22,0,
5.23,0,
5.24,0,
5.25,0,
5.26,0,
5.27,0,
5.28,0,
5.29,0,
5.30,0,
5.31,0,
5.32,0,
5.33,0,
5.34,0,
5.35,0,
5.36,0,
5.37,0,
5.38,0,
5.39,0,
5.40,0,
5.41,0,
5.42,0,
5.43,0,
5.44,0,
5.45,0,
5.46,0,
5.47,0,
5.48,0,
5.49,0,
5.50,0,
5.51,0,
5.52,0,
5.53,0,
5.54,0,
5.55,0,
5.56,0,
5.57,0,
5.58,0,
5.59,0,
5.60,0,
5.61,0,
5.62,0,
5.63,0,
5.64,0,
5.65,0,
5.66,0,
5.67,0,
5.68,0,
5.69,0,
5.70,0,
5.71,0,
5.72,0,
5.73,0,
5.74,0,
5.75,0,
5.76,0,
5.77,0,
5.78,0,
5.79,0,
5.80,0,
5.81,0,
5.82,0,
5.83,0,
5.84,0,
5.85,0,
5.86,0,
5.87,0,
5.88,0,
5.89,0,
5.90,0,
5.91,0,
5.92,0,
5.93,0,
5.94,0,
5.95,0,
5.96,0,
5.97,0,
5.98,0,
5.99,0,
6.00,0,
6.01,0,
6.02,0,
6.03,0,
6.04,0,
6.05,0,
6.06,0,
6.07,0,
6.08,0,
6.09,0,
6.10,0,
6.11,0,
6.12,0,
6.13,0,
6.14,0,
6.15,0,
6.16,0,
6.17,0,
6.18,0,
6.19,0,
6.20,0,
6.21,0,
6.22,0,
6.23,0,
6.24,0,
6.25,0,
6.26,0,
6.27,0,
6.28,0,
6.29,0,
6.30,0,
6.31,0,
6.32,0,
6.33,0,
6.34,0,
6.35,0,
6.36,0,
6.37,0,
6.38,0,
6.39,0,
6.40,0,
6.41,0,
6.42,0,
6.43,0,
6.44,0,
6.45,0,
6.46,0,
6.47,0,
6.48,0,
6.49,0,
6.50,0,
6.51,0,
6.52,0,
6.53,0,
6.54,0,
6.55,0,
6.56,0,
6.57,0,
6.58,0,
6.59,0,
6.60,0,
6.61,0,
6.62,0,
6.63,0,
6.64,0,
6.65,0,
6.66,0,
6.67,0,
6.68,0,
6.69,0,
6.70,0,
6.71,0,
6.72,0,
6.73,0,
6.74,0,
6.75,0,
6.76,0,
6.77,0,
6.78,0,
6.79,0,
6.80,0,
6.81,0,
6.82,0,
6.83,0,
6.84,0,
6.85,0,
6.86,0,
6.87,0,
6.88,0,
6.89,0,
6.90,0,
6.91,0,
6.92,0,
6.93,0,
6.94,0,
6.95,0,
6.96,0,
6.97,0,
6.98,0,
6.99,0,
7.00,0,
7.01,0,
7.02,0,
7.03,0,
7.04,0,
7.05,0,
7.06,0,
7.07,0,
7.08,0,
7.09,0,
7.10,0,
7.11,0,
7.12,0,
7.13,0,
7.14,0,
7.15,0,
7.16,0,
7.17,0,
7.18,0,
7.19,0,
7.20,0,
7.21,0,
7.22,0,
7.23,0,
7.24,0,
7.25,0,
7.26,0,
7.27,0,
7.28,0,
7.29,0,
7.30,0,
7.31,0,
7.32,0,
7.33,0,
7.34,0,
7.35,0,
7.36,0,
7.37,0,
7.38,0,
7.39,0,
7.40,0,
7.41,0,
7.42,0,
7.43,0,
7.44,0,
7.45,0,
7.46,0,
7.47,0,
7.48,0,
7.49,0,
7.50,0,
7.51,0,
7.52,0,
7.53,0,
7.54,0,
7.55,0,
7.56,0,
7.57,0,
7.58,0,
7.59,0,
7.60,0,
7.61,0,
7.62,0,
7.63,0,
7.64,0,
7.65,0,
7.66,0,
7.67,0,
7.68,0,
7.69,0,
7.70,0,
7.71,0,
7.72,0,
7.73,0,
7.74,0,
7.75,0,
7.76,0,
7.77,0,
7.78,0,
7.79,0,
7.80,0,
7.81,0,
7.82,0,
7.83,0,
7.84,0,
7.85,0,
7.86,0,
7.87,0,
7.88,0,
7.89,0,
7.90,0,
7.91,0,
7.92,0,
7.93,0,
7.94,0,
7.95,0,
7.96,0,
7.97,0,
7.98,0,
7.99,0,
8.00,0,
8.01,0,
8.02,0,
8.03,0,
8.04,0,
8.05,0,
8.06,0,
8.07,0,
8.08,0,
8.09,0,
8.10,0,
8.11,0,
8.12,0,
8.13,0,
8.14,0,
8.15,0,
8.16,0,
8.17,0,
8.18,0,
8.19,0,
8.20,0,
8.21,0,
8.22,0,
8.23,0,
8.24,0,
8.25,0,
8.26,0,
8.27,0,
8.28,0,
8.29,0,
8.30,0,
8.31,0,
8.32,0,
8.33,0,
8.34,0,
8.35,0,
8.36,0,
8.37,0,
8.38,0,
8.39,0,
8.40,0,
8.41,0,
8.42,0,
8.43,0,
8.44,0,
8.45,0,
8.46,0,
8.47,0,
8.48,0,
8.49,0,
8.50,0,
8.51,0,
8.52,0,
8.53,0,
8.54,0,
8.55,0,
8.56,0,
8.57,0,
8.58,0,
8.59,0,
8.60,0,
8.61,0,
8.62,0,
8.63,0,
8.64,0,
8.65,0,
8.66,0,
8.67,0,
8.68,0,
8.69,0,
8.70,0,
8.71,0,
8.72,0,
8.73,0,
8.74,0,
8.75,0,
8.76,0,
8.77,0,
8.78,0,
8.79,0,
8.80,0,
8.81,0,
8.82,0,
8.83,0,
8.84,0,
8.85,0,
8.86,0,
8.87,0,
8.88,0,
8.89,0,
8.90,0,
8.91,0,
8.92,0,
8.93,0,
8.94,0,
8.95,0,
8.96,0,
8.97,0,
8.98,0,
8.99,0,
9.00,0,
9.01,0,
9.02,0,
9.03,0,
9.04,0,
9.05,0,
9.06,0,
9.07,0,
9.08,0,
9.09,0,
9.10,0,
9.11,0,
9.12,0,
9.13,0,
9.14,0,
9.15,0,
9.16,0,
9.17,0,
9.18,0,
9.19,0,
9.20,0,
9.21,0,
9.22,0,
9.23,0,
9.24,0,
9.25,0,
9.26,0,
9.27,0,
9.28,0,
9.29,0,
9.30,0,
9.31,0,
9.32,0,
9.33,0,
9.34,0,
9.35,0,
9.36,0,
9.37,0,
9.38,0,
9.39,0,
9.40,0,
9.41,0,
9.42,0,
9.43,0,
9.44,0,
9.45,0,
9.46,0,
9.47,0,
9.48,0,
9.49,0,
9.50,0,
9.51,0,
9.52,0,
9.53,0,
9.54,0,
9.55,0,
9.56,0,
9.57,0,
9.58,0,
9.59,0,
9.60,0,
9.61,0,
9.62,0,
9.63,0,
9.64,0,
9.65,0,
9.66,0,
9.67,0,
9.68,0,
9.69,0,
9.70,0,
9.71,0,
9.72,0,
9.73,0,
9.74,0,
9.75,0,
9.76,0,
9.77,0,
9.78,0,
9.79,0,
9.80,0,
9.81,0,
9.82,0,
9.83,0,
9.84,0,
9.85,0,
9.86,0,
9.87,0,
9.88,0,
9.89,0,
9.90,0,
9.91,0,
9.92,0,
9.93,0,
9.94,0,
9.95,0,
9.96,0,
9.97,0,
9.98,0,
9.99,0,
10.00,0,
10.01,0,
10.02,0,
10.03,0,
10.04,0,
10.05,0,
10.06,0,
10.07,0,
10.08,0,
10.09,0,
10.10,0,
10.11,0,
10.12,0,
10.13,0,
10.14,0,
10.15,0,
10.16,0,
10.17,0,
10.18,0,
10.19,0,
10.20,0,
10.21,0,
10.22,0,
10.23,0,
10.24,0,
10.25,0,
10.26,0,
10.27,0,
10.28,0,
10.29,0,
10.30,0,
10.31,0,
10.32,0,
10.33,0,
10.34,0,
10.35,0,
10.36,0,
10.37,0,
10.38,0,
10.39,0,
10.40,0,
10.41,0,
10.42,0,
10.43,0,
10.44,0,
10.45,0,
10.46,0,
10.47,0,
10.48,0,
10.49,0,
10.50,0,
10.51,0,
10.52,0,
10.53,0,
10.54,0,
10.55,0,
10.56,0,
10.57,0,
10.58,0,
10.59,0,
10.60,0,
10.61,0,
10.62,0,
10.63,0,
10.64,0,
10.65,0,
10.66,0,
10.67,0,
10.68,0,
10.69,0,
10.70,0,
10.71,0,
10.72,0,
10.73,0,
10.74,0,
10.75,0,
10.76,0,
10.77,0,
10.78,0,
10.79,0,
10.80,0,
10.81,0,
10.82,0,
10.83,0,
10.84,0,
10.85,0,
10.86,0,
10.87,0,
10.88,0,
10.89,0,
10.90,0,
10.91,0,
10.92,0,
10.93,0,
10.94,0,
10.95,0,
10.96,0,
10.97,0,
10.98,0,
10.99,0,
11.00,0,
11.01,0,
11.02,0,
11.03,0,
11.04,0,
11.05,0,
11.06,0,
11.07,0,
11.08,0,
11.09,0,
11.10,0,
11.11,0,
11.12,0,
11.13,0,
11.14,0,
11.15,0,
11.16,0,
11.17,0,
11.18,0,
11.19,0,
11.20,0,
11.21,0,
11.22,0,
11.23,0,
11.24,0,
11.25,0,
11.26,0,
11.27,0,
11.28,0,
11.29,0,
11.30,0,
11.31,0,
11.32,0,
11.33,0,
11.34,0,
11.35,0,
11.36,0,
11.37,0,
11.38,0,
11.39,0,
11.40,0,
11.41,0,
11.42,0,
11.43,0,
11.44,0,
11.45,0,
11.46,0,
11.47,0,
11.48,0,
11.49,0,
11.50,0,
11.51,0,
11.52,0,
11.53,0,
11.54,0,
11.55,0,
11.56,0,
11.57,0,
11.58,0,
11.59,0,
11.60,0,
11.61,0,
11.62,0,
11.63,0,
11.64,0,
11.65,0,
11.66,0,
11.67,0,
11.68,0,
11.69,0,
11.70,0,
11.71,0,
11.72,0,
11.73,0,
11.74,0,
11.75,0,
11.76,0,
11.77,0,
11.78,0,
11.79,0,
11.80,0,
11.81,0,
11.82,0,
11.83,0,
11.84,0,
11.85,0,
11.86,0,
11.87,0,
11.88,0,
11.89,0,
11.90,0,
11.91,0,
11.92,0,
11.93,0,
11.94,0,
11.95,0,
11.96,0,
11.97,0,
11.98,0,
11.99,1,0.023
12.00,1,0.020
12.01,1,0.023
12.02,1,0.023
12.03,1,0.024
12.04,1,0.025
12.05,1,0.029
12.06,1,0.037
12.07,1,0.043
12.08,1,0.047
12.09,1,0.049
12.10,1,0.049
12.11,1,0.045
12.12,1,0.040
12.13,1,0.036
12.14,1,0.031
12.15,1,0.026
12.16,1,0.022
12.17,1,0.018
12.18,1,0.017
12.19,1,0.017
12.20,1,0.021
12.21,1,0.035
12.22,1,0.061
12.23,1,0.092
12.24,1,0.153
12.25,1,0.380
12.26,1,0.373
12.27,1,0.244
12.28,1,0.141
12.29,1,0.083
12.30,1,0.051
12.31,1,0.043
12.32,1,0.045
12.33,1,0.045
12.34,1,0.047
12.35,1,0.053
12.36,1,0.056
12.37,1,0.059
12.38,1,0.063
12.39,1,0.072
12.40,1,0.081
12.41,1,0.090
12.42,1,0.097
12.43,1,0.107
12.44,1,0.109
12.45,1,0.105
12.46,1,0.105
12.47,1,0.108
12.48,1,0.111
12.49,1,0.127
12.50,1,0.146
12.51,1,0.146
12.52,1,0.137
12.53,1,0.125
12.54,1,0.116
12.55,1,0.110
12.56,1,0.112
12.57,1,0.117
12.58,1,0.107
12.59,1,0.092
12.60,1,0.079
12.61,1,0.066
12.62,1,0.060
12.63,1,0.059
12.64,1,0.057
12.65,1,0.058
12.66,1,0.057
12.67,1,0.057
12.68,1,0.061
12.69,1,0.070
12.70,1,0.083
12.71,1,0.106
12.72,1,0.133
12.73,1,0.142
12.74,1,0.134
12.75,1,0.125
12.76,1,0.117
12.77,1,0.120
12.78,1,0.139
12.79,1,0.158
12.80,1,0.165
12.81,1,0.161
12.82,1,0.152
12.83,1,0.139
12.84,1,0.130
12.85,1,0.130
12.86,1,0.137
12.87,1,0.148
12.88,1,0.154
12.89,1,0.145
12.90,1,0.131
12.91,1,0.117
12.92,1,0.103
12.93,1,0.091
12.94,1,0.079
12.95,1,0.063
12.96,1,0.053
12.97,1,0.044
12.98,1,0.040
12.99,1,0.042
13.00,1,0.054
13.01,1,0.068
13.02,1,0.083
13.03,1,0.093
13.04,1,0.101
13.05,1,0.108
13.06,1,0.110
13.07,1,0.112
13.08,1,0.118
13.09,1,0.124
13.10,1,0.133
13.11,1,0.146
13.12,1,0.142
13.13,1,0.126
13.14,1,0.123
13.15,1,0.115
13.16,1,0.121
13.17,1,0.135
13.18,1,0.148
13.19,1,0.123
13.20,1,0.100
13.21,1,0.097
13.22,1,0.092
13.23,1,0.110
13.24,1,0.152
13.25,1,0.199
13.26,1,0.285
13.27,1,0.451
13.28,1,0.485
13.29,1,0.546
13.30,1,0.769
13.31,1,0.746
13.32,1,0.817
13.33,1,0.865
13.34,1,0.768
13.35,1,0.602
13.36,1,0.225
13.37,1,0.091
13.38,1,0.055
13.39,1,0.046
13.40,1,0.043
13.41,1,0.045
13.42,1,0.054
13.43,1,0.067
13.44,1,0.076
13.45,1,0.088
13.46,1,0.099
13.47,1,0.111
13.48,1,0.121
13.49,1,0.119
13.50,1,0.113
13.51,1,0.101
13.52,1,0.093
13.53,1,0.094
13.54,1,0.095
13.55,1,0.094
13.56,1,0.093
13.57,1,0.083
13.58,1,0.081
13.59,1,0.075
13.60,1,0.076
13.61,1,0.078
13.62,1,0.078
13.63,1,0.091
13.64,1,0.091
13.65,1,0.100
13.66,1,0.104
13.67,1,0.098
13.68,1,0.087
13.69,1,0.088
13.70,1,0.077
13.71,1,0.070
13.72,1,0.081
13.73,1,0.090
13.74,1,0.110
13.75,1,0.153
13.76,1,0.248
13.77,1,0.550
13.78,1,0.942
13.79,1,1.100
13.80,1,0.910
13.81,1,0.745
13.82,1,0.215
13.83,1,0.083
13.84,1,0.064
13.85,1,0.054
13.86,1,0.058
13.87,1,0.057
13.88,1,0.064
13.89,1,0.066
13.90,1,0.079
13.91,1,0.081
13.92,1,0.076
13.93,1,0.076
13.94,1,0.074
13.95,1,0.063
13.96,1,0.068
13.97,1,0.084
13.98,1,0.089
13.99,1,0.126
14.00,1,0.127
14.01,1,0.124
14.02,1,0.137
14.03,1,0.153
14.04,1,0.155
14.05,1,0.217
14.06,1,0.374
14.07,1,0.567
14.08,1,0.773
14.09,1,0.691
14.10,1,0.517
14.11,1,0.429
14.12,1,0.391
14.13,1,0.310
14.14,1,0.305
14.15,1,0.263
14.16,1,0.253
14.17,1,0.316
14.18,1,0.350
14.19,1,0.361
14.20,1,0.377
14.21,1,0.369
14.22,1,0.338
14.23,1,0.339
14.24,1,0.370
14.25,1,0.402
14.26,1,0.309
14.27,1,0.148
14.28,1,0.075
14.29,1,0.061
14.30,1,0.055
14.31,1,0.059
14.32,1,0.066
14.33,1,0.075
14.34,1,0.084
14.35,1,0.101
14.36,1,0.096
14.37,1,0.077
14.38,1,0.061
14.39,1,0.050
14.40,1,0.044
14.41,1,0.043
14.42,1,0.053
14.43,1,0.039
14.44,1,0.028
14.45,1,0.024
14.46,1,0.032
14.47,1,0.041
14.48,1,0.053
14.49,1,0.061
14.50,1,0.083
14.51,1,0.103
14.52,1,0.112
14.53,1,0.147
14.54,1,0.202
14.55,1,0.220
14.56,1,0.153
14.57,1,0.109
14.58,1,0.077
14.59,1,0.057
14.60,1,0.054
14.61,1,0.053
14.62,1,0.055
14.63,1,0.054
14.64,1,0.064
14.65,1,0.071
14.66,1,0.075
14.67,1,0.080
14.68,1,0.086
14.69,1,0.076
14.70,1,0.079
14.71,1,0.086
14.72,1,0.085
14.73,1,0.098
14.74,1,0.127
14.75,1,0.141
14.76,1,0.150
14.77,1,0.166
14.78,1,0.169
14.79,1,0.165
14.80,1,0.174
14.81,1,0.185
14.82,1,0.198
14.83,1,0.208
14.84,1,0.209
14.85,1,0.227
14.86,1,0.232
14.87,1,0.241
14.88,1,0.306
14.89,1,0.256
14.90,1,0.133
14.91,1,0.080
14.92,1,0.078
14.93,1,0.079
14.94,1,0.091
14.95,1,0.099
14.96,1,0.118
14.97,1,0.137
14.98,1,0.156
14.99,1,0.227
15.00,1,0.557
15.01,1,0.995
15.02,1,0.801
15.03,1,0.571
15.04,1,0.233
15.05,1,0.111
15.06,1,0.080
15.07,1,0.082
15.08,1,0.094
15.09,1,0.098
15.10,1,0.105
15.11,1,0.108
15.12,1,0.132
15.13,1,0.140
15.14,1,0.171
15.15,1,0.200
15.16,1,0.221
15.17,1,0.217
15.18,1,0.196
15.19,1,0.160
15.20,1,0.152
15.21,1,0.149
15.22,1,0.142
15.23,1,0.124
15.24,1,0.103
15.25,1,0.091
15.26,1,0.090
15.27,1,0.105
15.28,1,0.128
15.29,1,0.173
15.30,1,0.252
15.31,1,0.431
15.32,1,0.697
15.33,1,0.338
15.34,1,0.217
15.35,1,0.156
15.36,1,0.086
15.37,1,0.062
15.38,1,0.068
15.39,1,0.082
15.40,1,0.096
15.41,1,0.118
15.42,1,0.144
15.43,1,0.176
15.44,1,0.207
15.45,1,0.258
15.46,1,0.448
15.47,1,1.108
15.48,1,1.181
15.49,1,1.033
15.50,1,0.921
15.51,1,0.736
15.52,1,0.294
15.53,1,0.124
15.54,1,0.068
15.55,1,0.055
15.56,1,0.047
15.57,1,0.057
15.58,1,0.092
15.59,1,0.120
15.60,1,0.131
15.61,1,0.143
15.62,1,0.158
15.63,1,0.160
15.64,1,0.160
15.65,1,0.169
15.66,1,0.173
15.67,1,0.170
15.68,1,0.170
15.69,1,0.170
15.70,1,0.170
15.71,1,0.163
15.72,1,0.154
15.73,1,0.149
15.74,1,0.149
15.75,1,0.150
15.76,1,0.150
15.77,1,0.148
15.78,1,0.149
15.79,1,0.156
15.80,1,0.165
15.81,1,0.175
15.82,1,0.182
15.83,1,0.177
15.84,1,0.149
15.85,1,0.122
15.86,1,0.105
15.87,1,0.097
15.88,1,0.095
15.89,1,0.097
15.90,1,0.091
15.91,1,0.087
15.92,1,0.091
15.93,1,0.092
15.94,1,0.104
15.95,1,0.109
15.96,1,0.109
15.97,1,0.094
15.98,1,0.068
15.99,1,0.059
16.00,1,0.065
16.01,1,0.099
16.02,1,0.137
16.03,1,0.195
16.04,1,0.326
16.05,1,0.586
16.06,1,0.756
16.07,1,0.921
16.08,1,1.354
16.09,1,1.817
16.10,1,2.104
16.11,1,2.276
16.12,1,1.509
16.13,1,0.723
16.14,1,0.216
16.15,1,0.104
16.16,1,0.051
16.17,1,0.035
16.18,1,0.036
16.19,1,0.039
16.20,1,0.041
16.21,1,0.044
16.22,1,0.046
16.23,1,0.047
16.24,1,0.052
16.25,1,0.057
16.26,1,0.066
16.27,1,0.077
16.28,1,0.091
16.29,1,0.134
16.30,1,0.127
16.31,1,0.087
16.32,1,0.067
16.33,1,0.052
16.34,1,0.056
16.35,1,0.062
16.36,1,0.067
16.37,1,0.075
16.38,1,0.090
16.39,1,0.090
16.40,1,0.094
16.41,1,0.095
16.42,1,0.095
16.43,1,0.093
16.44,1,0.097
16.45,1,0.123
16.46,1,0.135
16.47,1,0.138
16.48,1,0.149
16.49,1,0.138
16.50,1,0.120
16.51,1,0.113
16.52,1,0.106
16.53,1,0.094
16.54,1,0.096
16.55,1,0.092
16.56,1,0.106
16.57,1,0.112
16.58,1,0.113
16.59,1,0.110
16.60,1,0.108
16.61,1,0.106
16.62,1,0.123
16.63,1,0.190
16.64,1,0.339
16.65,1,0.469
16.66,1,0.547
16.67,1,0.527
16.68,1,0.613
16.69,1,0.775
16.70,1,0.832
16.71,1,1.079
16.72,1,1.628
16.73,1,1.862
16.74,1,1.850
16.75,1,1.465
16.76,1,1.136
16.77,1,0.679
16.78,1,0.404
16.79,1,0.343
16.80,1,0.316
16.81,1,0.278
16.82,1,0.271
16.83,1,0.264
16.84,0,
16.85,0,
16.86,0,
16.87,0,
16.88,0,
16.89,0,
16.90,0,
16.91,0,
16.92,0,
16.93,0,
16.94,0,
16.95,0,
16.96,1,1.036
16.97,1,1.316
16.98,1,1.189
16.99,1,1.179
17.00,1,1.030
17.01,1,0.979
17.02,1,0.823
17.03,1,0.614
17.04,1,0.410
17.05,1,0.225
17.06,1,0.150
17.07,1,0.130
17.08,1,0.064
17.09,1,0.047
17.10,1,0.039
17.11,1,0.031
17.12,1,0.019
17.13,1,0.024
17.14,1,0.033
17.15,1,0.055
17.16,1,0.078
17.17,1,0.088
17.18,1,0.101
17.19,1,0.112
17.20,1,0.113
17.21,1,0.116
17.22,1,0.123
17.23,1,0.121
17.24,1,0.124
17.25,1,0.153
17.26,1,0.177
17.27,1,0.188
17.28,1,0.192
17.29,1,0.189
17.30,1,0.189
17.31,1,0.209
17.32,1,0.239
17.33,1,0.262
17.34,1,0.268
17.35,1,0.251
17.36,1,0.217
17.37,1,0.206
17.38,1,0.190
17.39,1,0.173
17.40,1,0.163
17.41,1,0.147
17.42,1,0.143
17.43,1,0.158
17.44,1,0.160
17.45,1,0.149
17.46,1,0.149
17.47,1,0.142
17.48,1,0.140
17.49,1,0.146
17.50,1,0.147
17.51,1,0.134
17.52,1,0.116
17.53,1,0.094
17.54,1,0.077
17.55,1,0.069
17.56,1,0.069
17.57,1,0.073
17.58,1,0.078
17.59,1,0.087
17.60,1,0.095
17.61,1,0.106
17.62,1,0.124
17.63,1,0.144
17.64,1,0.171
17.65,1,0.191
17.66,1,0.193
17.67,1,0.184
17.68,1,0.165
17.69,1,0.141
17.70,1,0.124
17.71,1,0.124
17.72,1,0.129
17.73,1,0.132
17.74,1,0.137
17.75,1,0.139
17.76,1,0.135
17.77,1,0.135
17.78,1,0.138
17.79,1,0.149
17.80,1,0.174
17.81,1,0.229
17.82,1,0.158
17.83,1,0.113
17.84,1,0.098
17.85,1,0.096
17.86,1,0.105
17.87,1,0.120
17.88,1,0.134
17.89,1,0.145
17.90,1,0.151
17.91,1,0.142
17.92,1,0.138
17.93,1,0.145
17.94,1,0.153
17.95,1,0.172
17.96,1,0.214
17.97,1,0.253
17.98,1,0.239
17.99,1,0.220
18.00,1,0.194
18.01,1,0.166
18.02,1,0.141
18.03,1,0.116
18.04,1,0.104
18.05,1,0.099
18.06,1,0.097
18.07,1,0.099
18.08,1,0.099
18.09,1,0.104
18.10,1,0.110
18.11,1,0.116
18.12,1,0.125
18.13,1,0.132
18.14,1,0.133
18.15,1,0.127
18.16,1,0.116
18.17,1,0.102
18.18,1,0.089
18.19,1,0.088
18.20,1,0.101
18.21,1,0.120
18.22,1,0.138
18.23,1,0.147
18.24,1,0.149
18.25,1,0.154
18.26,1,0.160
18.27,1,0.169
18.28,1,0.187
18.29,1,0.193
18.30,1,0.161
18.31,1,0.126
18.32,1,0.100
18.33,1,0.098
18.34,1,0.105
18.35,1,0.117
18.36,1,0.129
18.37,1,0.137
18.38,1,0.131
18.39,1,0.129
18.40,1,0.126
18.41,1,0.138
18.42,1,0.155
18.43,1,0.162
18.44,1,0.167
18.45,1,0.183
18.46,1,0.179
18.47,1,0.183
18.48,1,0.197
18.49,1,0.231
18.50,1,0.267
18.51,1,0.301
18.52,1,0.342
18.53,1,0.364
18.54,1,0.379
18.55,1,0.445
18.56,1,0.427
18.57,1,0.350
18.58,1,0.349
18.59,1,0.286
18.60,1,0.162
18.61,1,0.104
18.62,1,0.079
18.63,1,0.059
18.64,1,0.060
18.65,1,0.067
18.66,1,0.079
18.67,1,0.102
18.68,1,0.160
18.69,1,0.285
18.70,1,0.621
18.71,1,0.785
18.72,1,1.269
18.73,1,1.307
18.74,1,1.177
18.75,1,0.369
18.76,1,0.131
18.77,1,0.085
18.78,1,0.061
18.79,1,0.057
18.80,1,0.066
18.81,1,0.069
18.82,1,0.076
18.83,1,0.104
18.84,1,0.130
18.85,1,0.135
18.86,1,0.138
18.87,1,0.144
18.88,1,0.140
18.89,1,0.142
18.90,1,0.146
18.91,1,0.147
18.92,1,0.136
18.93,1,0.117
18.94,1,0.098
18.95,1,0.090
18.96,1,0.089
18.97,1,0.094
18.98,1,0.101
18.99,1,0.100
19.00,1,0.099
19.01,1,0.100
19.02,1,0.095
19.03,1,0.090
19.04,1,0.088
19.05,1,0.082
19.06,1,0.081
19.07,1,0.084
19.08,1,0.085
19.09,1,0.081
19.10,1,0.075
19.11,1,0.065
19.12,1,0.063
19.13,1,0.072
19.14,1,0.079
19.15,1,0.083
19.16,1,0.087
19.17,1,0.091
19.18,1,0.086
19.19,1,0.084
19.20,1,0.077
19.21,1,0.067
19.22,1,0.054
19.23,1,0.046
19.24,1,0.047
19.25,1,0.047
19.26,1,0.047
19.27,1,0.058
19.28,1,0.066
19.29,1,0.066
19.30,1,0.090
19.31,1,0.109
19.32,1,0.108
19.33,1,0.113
19.34,1,0.123
19.35,1,0.131
19.36,1,0.141
19.37,1,0.164
19.38,1,0.169
19.39,1,0.137
19.40,1,0.107
19.41,1,0.082
19.42,1,0.073
19.43,1,0.077
19.44,1,0.102
19.45,1,0.107
19.46,1,0.103
19.47,1,0.095
19.48,1,0.081
19.49,1,0.072
19.50,1,0.070
19.51,1,0.071
19.52,1,0.077
19.53,1,0.091
19.54,1,0.096
19.55,1,0.110
19.56,1,0.140
19.57,1,0.187
19.58,1,0.261
19.59,1,0.574
19.60,1,1.507
19.61,1,1.460
19.62,1,1.063
19.63,1,0.909
19.64,1,0.717
19.65,1,0.703
19.66,1,0.652
19.67,1,0.755
19.68,1,0.838
19.69,1,0.924
19.70,1,1.015
19.71,1,1.186
19.72,1,1.132
19.73,1,1.304
19.74,1,1.315
19.75,1,1.227
19.76,1,1.015
19.77,1,1.043
19.78,1,0.846
19.79,1,0.523
19.80,1,0.231
19.81,1,0.137
19.82,1,0.086
19.83,1,0.063
19.84,1,0.046
19.85,1,0.042
19.86,1,0.045
19.87,1,0.048
19.88,1,0.055
19.89,1,0.076
19.90,1,0.093
19.91,1,0.106
19.92,1,0.121
19.93,1,0.127
19.94,1,0.125
19.95,1,0.127
19.96,1,0.128
19.97,1,0.122
19.98,1,0.128
19.99,1,0.140
20.00,1,0.139
20.01,1,0.141
20.02,1,0.135
20.03,1,0.128
20.04,1,0.118
20.05,1,0.118
20.06,1,0.131
20.07,1,0.145
20.08,1,0.170
20.09,1,0.257
20.10,1,0.525
20.11,1,0.915
20.12,1,1.249
20.13,1,0.634
20.14,1,0.383
20.15,1,0.281
20.16,1,0.253
20.17,1,0.211
20.18,1,0.204
20.19,1,0.157
20.20,1,0.121
20.21,1,0.108
20.22,1,0.094
20.23,1,0.090
20.24,1,0.099
20.25,1,0.111
20.26,1,0.126
20.27,1,0.145
20.28,1,0.154
20.29,1,0.154
20.30,1,0.155
20.31,1,0.150
20.32,1,0.151
20.33,1,0.152
20.34,1,0.154
20.35,1,0.150
20.36,1,0.143
20.37,1,0.150
20.38,1,0.173
20.39,1,0.196
20.40,1,0.267
20.41,1,0.505
20.42,1,0.823
20.43,1,1.104
20.44,1,1.179
20.45,1,0.924
20.46,1,0.194
20.47,1,0.153
20.48,1,0.094
20.49,1,0.062
20.50,1,0.048
20.51,1,0.040
20.52,1,0.038
20.53,1,0.050
20.54,1,0.065
20.55,1,0.075
20.56,1,0.078
20.57,1,0.079
20.58,1,0.073
20.59,1,0.075
20.60,1,0.084
20.61,1,0.098
20.62,1,0.103
20.63,1,0.104
20.64,1,0.106
20.65,1,0.107
20.66,1,0.103
20.67,1,0.099
20.68,1,0.107
20.69,1,0.105
20.70,1,0.123
20.71,1,0.139
20.72,1,0.173
20.73,1,0.213
20.74,1,0.298
20.75,1,0.352
20.76,1,0.294
20.77,1,0.243
20.78,1,0.168
20.79,1,0.090
20.80,1,0.081
20.81,1,0.083
20.82,1,0.082
20.83,1,0.086
20.84,1,0.094
20.85,1,0.088
20.86,1,0.083
20.87,1,0.115
20.88,1,0.120
20.89,1,0.136
20.90,1,0.158
20.91,1,0.168
20.92,1,0.162
20.93,1,0.170
20.94,1,0.164
20.95,1,0.163
20.96,1,0.157
20.97,1,0.154
20.98,1,0.155
20.99,1,0.168
21.00,1,0.178
21.01,1,0.221
21.02,1,0.303
21.03,1,0.400
21.04,1,0.582
21.05,1,1.214
21.06,1,1.429
21.07,1,0.744
21.08,1,0.303
21.09,1,0.181
21.10,1,0.141
21.11,1,0.112
21.12,1,0.096
21.13,1,0.103
21.14,1,0.101
21.15,1,0.111
21.16,1,0.125
21.17,1,0.141
21.18,1,0.137
21.19,1,0.141
21.20,1,0.130
21.21,1,0.121
21.22,1,0.110
21.23,1,0.107
21.24,1,0.116
21.25,1,0.106
21.26,1,0.094
21.27,1,0.094
21.28,1,0.093
21.29,1,0.088
21.30,1,0.092
21.31,1,0.094
21.32,1,0.086
21.33,1,0.081
21.34,1,0.085
21.35,1,0.083
21.36,1,0.093
21.37,1,0.099
21.38,1,0.105
21.39,1,0.123
21.40,1,0.152
21.41,1,0.187
21.42,1,0.213
21.43,1,0.226
21.44,1,0.241
21.45,1,0.247
21.46,1,0.262
21.47,1,0.313
21.48,1,0.502
21.49,1,0.867
21.50,1,0.867
21.51,1,0.902
21.52,1,0.873
21.53,1,0.771
21.54,1,0.288
21.55,1,0.138
21.56,1,0.103
21.57,1,0.102
21.58,1,0.102
21.59,1,0.105
21.60,1,0.108
21.61,1,0.111
21.62,1,0.116
21.63,1,0.122
21.64,1,0.133
21.65,1,0.142
21.66,1,0.148
21.67,1,0.146
21.68,1,0.137
21.69,1,0.131
21.70,1,0.122
21.71,1,0.117
21.72,1,0.109
21.73,1,0.103
21.74,1,0.105
21.75,1,0.116
21.76,1,0.132
21.77,1,0.166
21.78,1,0.194
21.79,1,0.204
21.80,1,0.186
21.81,1,0.169
21.82,1,0.188
21.83,1,0.227
21.84,1,0.256
21.85,1,0.295
21.86,1,0.338
21.87,1,0.350
21.88,1,0.361
21.89,1,0.389
21.90,1,0.317
21.91,1,0.316
21.92,1,0.334
21.93,1,0.349
21.94,1,0.391
21.95,1,0.414
21.96,1,0.414
21.97,1,0.420
21.98,1,0.431
21.99,1,0.419
22.00,1,0.437
22.01,1,0.421
22.02,1,0.396
22.03,1,0.370
22.04,1,0.363
22.05,1,0.316
22.06,1,0.302
22.07,1,0.312
22.08,1,0.310
22.09,1,0.321
22.10,1,0.463
22.11,1,0.705
22.12,1,1.066
22.13,1,1.459
22.14,1,0.995
22.15,1,0.844
22.16,1,0.394
22.17,1,0.149
22.18,1,0.155
22.19,1,0.245
22.20,1,0.292
22.21,1,0.319
22.22,1,0.375
22.23,1,0.409
22.24,1,0.416
22.25,1,0.420
22.26,1,0.409
22.27,1,0.398
22.28,1,0.363
22.29,1,0.314
22.30,1,0.272
22.31,1,0.220
22.32,1,0.188
22.33,1,0.178
22.34,1,0.188
22.35,1,0.196
22.36,1,0.202
22.37,1,0.216
22.38,1,0.231
22.39,1,0.261
22.40,1,0.287
22.41,1,0.344
22.42,1,0.435
22.43,1,0.541
22.44,1,0.645
22.45,1,0.681
22.46,1,0.636
22.47,1,0.545
22.48,1,0.434
22.49,1,0.358
22.50,1,0.310
22.51,1,0.297
22.52,1,0.323
22.53,1,0.368
22.54,1,0.408
22.55,1,0.432
22.56,1,0.428
22.57,1,0.378
22.58,1,0.311
22.59,1,0.275
22.60,1,0.206
22.61,1,0.196
22.62,1,0.193
22.63,1,0.173
22.64,1,0.179
22.65,1,0.169
22.66,1,0.222
22.67,1,0.254
22.68,1,0.332
22.69,1,0.359
22.70,1,0.393
22.71,1,0.388
22.72,1,0.407
22.73,1,0.428
22.74,1,0.469
22.75,1,0.538
22.76,1,0.589
22.77,1,0.637
22.78,1,0.672
22.79,1,0.664
22.80,1,0.667
22.81,1,0.614
22.82,1,0.522
22.83,1,0.452
22.84,1,0.390
22.85,1,0.333
22.86,1,0.343
22.87,1,0.372
22.88,1,0.384
22.89,1,0.393
22.90,1,0.396
22.91,1,0.359
22.92,1,0.301
22.93,1,0.234
22.94,1,0.195
22.95,1,0.176
22.96,1,0.193
22.97,1,0.222
22.98,1,0.269
22.99,1,0.307
23.00,1,0.376
23.01,1,0.494
23.02,1,0.560
23.03,1,0.682
23.04,1,0.966
23.05,1,0.937
23.06,1,0.411
23.07,1,0.436
23.08,1,0.315
23.09,1,0.209
23.10,1,0.323
23.11,1,0.464
23.12,1,0.489
23.13,1,0.520
23.14,1,0.585
23.15,1,0.604
23.16,1,0.564
23.17,1,0.573
23.18,1,0.562
23.19,1,0.696
23.20,1,0.801
23.21,1,1.000
23.22,1,0.983
23.23,1,0.453
23.24,1,0.208
23.25,1,0.153
23.26,1,0.128
23.27,1,0.127
23.28,1,0.144
23.29,1,0.170
23.30,1,0.202
23.31,1,0.223
23.32,1,0.222
23.33,1,0.224
23.34,1,0.193
23.35,1,0.165
23.36,1,0.161
23.37,1,0.171
23.38,1,0.209
23.39,1,0.277
23.40,1,0.333
23.41,1,0.370
23.42,1,0.387
23.43,1,0.405
23.44,1,0.431
23.45,1,0.457
23.46,1,0.526
23.47,1,0.656
23.48,1,0.885
23.49,1,1.016
23.50,1,1.080
23.51,1,0.945
23.52,1,0.633
23.53,1,0.466
23.54,1,0.237
23.55,1,0.206
23.56,1,0.231
23.57,1,0.288
23.58,1,0.316
23.59,1,0.355
23.60,1,0.422
23.61,1,0.471
23.62,1,0.543
23.63,1,0.657
23.64,1,1.491
23.65,1,1.597
23.66,1,1.254
23.67,1,0.338
23.68,1,0.169
23.69,1,0.158
23.70,1,0.188
23.71,1,0.192
23.72,1,0.197
23.73,1,0.193
23.74,1,0.158
23.75,1,0.129
23.76,1,0.167
23.77,1,0.233
23.78,1,0.277
23.79,1,0.316
23.80,1,0.353
23.81,1,0.332
23.82,1,0.292
23.83,1,0.272
23.84,1,0.254
23.85,1,0.218
23.86,1,0.235
23.87,1,0.317
23.88,1,0.408
23.89,1,0.462
23.90,1,0.525
23.91,1,0.573
23.92,1,0.594
23.93,1,0.590
23.94,1,0.595
23.95,1,0.589
23.96,1,0.607
23.97,1,0.635
23.98,1,0.726
23.99,1,1.037
24.00,1,1.419
24.01,1,1.333
24.02,1,1.392
24.03,1,1.058
24.04,1,0.971
24.05,1,1.106
24.06,1,1.060
24.07,1,1.151
24.08,1,1.184
24.09,1,1.104
24.10,1,0.906
24.11,1,0.787
24.12,1,0.780
24.13,1,0.799
24.14,1,0.772
24.15,1,0.896
24.16,1,0.721
24.17,1,0.509
24.18,1,0.323
24.19,1,0.322
24.20,1,0.370
24.21,1,0.414
24.22,1,0.456
24.23,1,0.479
24.24,1,0.541
24.25,1,0.614
24.26,1,0.614
24.27,1,0.699
24.28,1,0.884
24.29,1,0.854
24.30,1,0.740
24.31,1,0.272
24.32,1,0.213
24.33,1,0.225
24.34,1,0.247
24.35,1,0.265
24.36,1,0.296
24.37,1,0.326
24.38,1,0.368
24.39,1,0.385
24.40,1,0.390
24.41,1,0.415
24.42,1,0.432
24.43,1,0.447
24.44,1,0.492
24.45,1,0.526
24.46,1,0.488
24.47,1,0.416
24.48,1,0.328
24.49,1,0.283
24.50,1,0.265
24.51,1,0.270
24.52,1,0.316
24.53,1,0.325
24.54,1,0.352
24.55,1,0.413
24.56,1,0.420
24.57,1,0.407
24.58,1,0.360
24.59,1,0.336
24.60,1,0.252
24.61,1,0.223
24.62,1,0.241
24.63,1,0.260
24.64,1,0.285
24.65,1,0.313
24.66,1,0.337
24.67,1,0.331
24.68,1,0.333
24.69,1,0.311
24.70,1,0.309
24.71,1,0.325
24.72,1,0.342
24.73,1,0.382
24.74,1,0.542
24.75,1,0.509
24.76,1,0.639
24.77,1,0.781
24.78,1,0.632
24.79,1,0.338
24.80,1,0.259
24.81,1,0.196
24.82,1,0.153
24.83,1,0.134
24.84,1,0.135
24.85,1,0.144
24.86,1,0.164
24.87,1,0.211
24.88,1,0.270
24.89,1,0.325
24.90,1,0.370
24.91,1,0.427
24.92,1,0.457
24.93,1,0.455
24.94,1,0.430
24.95,1,0.385
24.96,1,0.357
24.97,1,0.333
24.98,1,0.314
24.99,1,0.302
25.00,1,0.291
25.01,1,0.292
25.02,1,0.288
25.03,1,0.293
25.04,1,0.324
25.05,1,0.340
25.06,1,0.330
25.07,1,0.306
25.08,1,0.272
25.09,1,0.230
25.10,1,0.189
25.11,1,0.156
25.12,1,0.151
25.13,1,0.146
25.14,1,0.135
25.15,1,0.133
25.16,1,0.148
25.17,1,0.184
25.18,1,0.229
25.19,1,0.276
25.20,1,0.373
25.21,1,0.391
25.22,1,0.299
25.23,1,0.320
25.24,1,0.169
25.25,1,0.129
25.26,1,0.119
25.27,1,0.116
25.28,1,0.131
25.29,1,0.156
25.30,1,0.172
25.31,1,0.181
25.32,1,0.180
25.33,1,0.168
25.34,1,0.171
25.35,1,0.164
25.36,1,0.165
25.37,1,0.167
25.38,1,0.167
25.39,1,0.152
25.40,1,0.136
25.41,1,0.130
25.42,1,0.120
25.43,1,0.119
25.44,1,0.134
25.45,1,0.153
25.46,1,0.169
25.47,1,0.200
25.48,1,0.240
25.49,1,0.268
25.50,1,0.297
25.51,1,0.325
25.52,1,0.358
25.53,1,0.377
25.54,1,0.390
25.55,1,0.370
25.56,1,0.347
25.57,1,0.311
25.58,1,0.287
25.59,1,0.261
25.60,1,0.258
25.61,1,0.243
25.62,1,0.255
25.63,1,0.281
25.64,1,0.290
25.65,1,0.300
25.66,1,0.312
25.67,1,0.326
25.68,1,0.338
25.69,1,0.359
25.70,1,0.370
25.71,1,0.401
25.72,1,0.255
25.73,1,0.214
25.74,1,0.180
25.75,1,0.174
25.76,1,0.188
25.77,1,0.222
25.78,1,0.247
25.79,1,0.275
25.80,1,0.314
25.81,1,0.344
25.82,1,0.387
25.83,1,0.467
25.84,1,0.527
25.85,1,0.561
25.86,1,0.545
25.87,1,0.468
25.88,1,0.387
25.89,1,0.344
25.90,1,0.308
25.91,1,0.356
25.92,1,0.526
25.93,1,0.849
25.94,1,1.217
25.95,1,0.976
25.96,1,1.072
25.97,1,1.106
25.98,1,0.771
25.99,1,0.657
26.00,1,0.537
26.01,1,0.466
26.02,1,0.362
26.03,1,0.257
26.04,1,0.216
26.05,1,0.197
26.06,1,0.235
26.07,1,0.316
26.08,1,0.362
26.09,1,0.438
26.10,1,0.489
26.11,1,0.519
26.12,1,0.520
26.13,1,0.538
26.14,1,0.591
26.15,1,0.657
26.16,1,0.704
26.17,1,0.735
26.18,1,0.757
26.19,1,0.760
26.20,1,0.717
26.21,1,0.650
26.22,1,0.573
26.23,1,0.557
26.24,1,0.555
26.25,1,0.574
26.26,1,0.594
26.27,1,0.623
26.28,1,0.599
26.29,1,0.610
26.30,1,0.622
26.31,1,0.600
26.32,1,0.562
26.33,1,0.494
26.34,1,0.435
26.35,1,0.334
26.36,1,0.282
26.37,1,0.245
26.38,1,0.205
26.39,1,0.177
26.40,1,0.175
26.41,1,0.193
26.42,1,0.237
26.43,1,0.266
26.44,1,0.291
26.45,1,0.283
26.46,1,0.288
26.47,1,0.337
26.48,1,0.412
26.49,1,0.456
26.50,1,0.585
26.51,1,0.839
26.52,1,0.668
26.53,1,0.844
26.54,1,0.960
26.55,1,0.852
26.56,1,0.947
26.57,1,1.115
26.58,1,1.161
26.59,1,1.198
26.60,1,0.807
26.61,1,0.706
26.62,1,0.519
26.63,1,0.543
26.64,0,
26.65,0,
26.66,0,
26.67,0,
26.68,0,
26.69,0,
26.70,0,
26.71,0,
26.72,0,
26.73,0,
26.74,0,
26.75,0,
26.76,0,
26.77,0,
26.78,0,
26.79,0,
26.80,0,
26.81,0,
26.82,0,
26.83,0,
26.84,0,
26.85,0,
26.86,1,0.640
26.87,1,0.724
26.88,1,1.085
26.89,1,1.263
26.90,1,1.270
26.91,1,1.025
26.92,1,0.534
26.93,1,0.274
26.94,1,0.214
26.95,1,0.139
26.96,1,0.093
26.97,1,0.081
26.98,1,0.066
26.99,1,0.061
27.00,1,0.063
27.01,1,0.065
27.02,1,0.082
27.03,1,0.129
27.04,1,0.172
27.05,1,0.302
27.06,1,0.780
27.07,1,1.162
27.08,1,0.904
27.09,1,0.470
27.10,1,0.151
27.11,1,0.067
27.12,1,0.060
27.13,1,0.052
27.14,1,0.056
27.15,1,0.055
27.16,1,0.058
27.17,1,0.060
27.18,1,0.069
27.19,1,0.070
27.20,1,0.078
27.21,1,0.081
27.22,1,0.077
27.23,1,0.075
27.24,1,0.070
27.25,1,0.070
27.26,1,0.085
27.27,1,0.105
27.28,1,0.125
27.29,1,0.139
27.30,1,0.138
27.31,1,0.128
27.32,1,0.123
27.33,1,0.128
27.34,1,0.137
27.35,1,0.152
27.36,1,0.174
27.37,1,0.203
27.38,1,0.335
27.39,1,0.335
27.40,1,0.353
27.41,1,0.287
27.42,1,0.101
27.43,1,0.062
27.44,1,0.052
27.45,1,0.057
27.46,1,0.069
27.47,1,0.081
27.48,1,0.098
27.49,1,0.117
27.50,1,0.140
27.51,1,0.191
27.52,1,0.348
27.53,1,0.384
27.54,1,0.470
27.55,1,0.588
27.56,1,0.662
27.57,1,0.493
27.58,1,0.285
27.59,1,0.137
27.60,1,0.088
27.61,1,0.064
27.62,1,0.049
27.63,1,0.051
27.64,1,0.058
27.65,1,0.069
27.66,1,0.081
27.67,1,0.093
27.68,1,0.097
27.69,1,0.107
27.70,1,0.107
27.71,1,0.103
27.72,1,0.101
27.73,1,0.101
27.74,1,0.103
27.75,1,0.110
27.76,1,0.121
27.77,1,0.133
27.78,1,0.136
27.79,1,0.128
27.80,1,0.116
27.81,1,0.104
27.82,1,0.101
27.83,1,0.104
27.84,1,0.116
27.85,1,0.169
27.86,1,0.162
27.87,1,0.105
27.88,1,0.093
27.89,1,0.099
27.90,1,0.102
27.91,1,0.118
27.92,1,0.140
27.93,1,0.160
27.94,1,0.177
27.95,1,0.195
27.96,1,0.200
27.97,1,0.197
27.98,1,0.155
27.99,1,0.129
28.00,1,0.105
28.01,1,0.097
28.02,1,0.122
28.03,1,0.180
28.04,1,0.217
28.05,1,0.206
28.06,1,0.176
28.07,1,0.157
28.08,1,0.139
28.09,1,0.127
28.10,1,0.128
28.11,1,0.137
28.12,1,0.142
28.13,1,0.158
28.14,1,0.170
28.15,1,0.173
28.16,1,0.171
28.17,1,0.163
28.18,1,0.152
28.19,1,0.141
28.20,1,0.131
28.21,1,0.122
28.22,1,0.106
28.23,1,0.090
28.24,1,0.079
28.25,1,0.069
28.26,1,0.064
28.27,1,0.057
28.28,1,0.074
28.29,1,0.075
28.30,1,0.081
28.31,1,0.098
28.32,1,0.108
28.33,1,0.106
28.34,1,0.105
28.35,1,0.100
28.36,1,0.091
28.37,1,0.088
28.38,1,0.091
28.39,1,0.099
28.40,1,0.123
28.41,1,0.170
28.42,1,0.283
28.43,1,0.556
28.44,1,1.134
28.45,1,1.327
28.46,1,1.513
28.47,1,1.292
28.48,1,0.720
28.49,1,0.396
28.50,1,0.156
28.51,1,0.086
28.52,1,0.066
28.53,1,0.065
28.54,1,0.060
28.55,1,0.060
28.56,1,0.067
28.57,1,0.091
28.58,1,0.111
28.59,1,0.150
28.60,1,0.253
28.61,1,0.788
28.62,1,0.878
28.63,1,0.783
28.64,1,0.671
28.65,1,0.203
28.66,1,0.118
28.67,1,0.098
28.68,1,0.081
28.69,1,0.077
28.70,1,0.072
28.71,1,0.068
28.72,1,0.072
28.73,1,0.077
28.74,1,0.074
28.75,1,0.068
28.76,1,0.057
28.77,1,0.052
28.78,1,0.051
28.79,1,0.055
28.80,1,0.072
28.81,1,0.085
28.82,1,0.095
28.83,1,0.100
28.84,1,0.103
28.85,1,0.110
28.86,1,0.106
28.87,1,0.108
28.88,1,0.122
28.89,1,0.125
28.90,1,0.144
28.91,1,0.175
28.92,1,0.199
28.93,1,0.216
28.94,1,0.241
28.95,1,0.275
28.96,1,0.303
28.97,1,0.303
28.98,1,0.265
28.99,1,0.216
29.00,1,0.164
29.01,1,0.133
29.02,1,0.122
29.03,1,0.118
29.04,1,0.108
29.05,1,0.098
29.06,1,0.085
29.07,1,0.079
29.08,1,0.075
29.09,1,0.076
29.10,1,0.080
29.11,1,0.088
29.12,1,0.102
29.13,1,0.098
29.14,1,0.125
29.15,1,0.181
29.16,1,0.208
29.17,1,0.254
29.18,1,0.300
29.19,1,0.342
29.20,1,0.357
29.21,1,0.352
29.22,1,0.366
29.23,1,0.376
29.24,1,0.387
29.25,1,0.411
29.26,1,0.460
29.27,1,0.476
29.28,1,0.485
29.29,1,0.475
29.30,1,0.475
29.31,1,0.475
29.32,1,0.496
29.33,1,0.495
29.34,1,0.483
29.35,1,0.445
29.36,1,0.407
29.37,1,0.386
29.38,1,0.376
29.39,1,0.369
29.40,1,0.372
29.41,1,0.395
29.42,1,0.341
29.43,1,0.265
29.44,1,0.255
29.45,1,0.301
29.46,1,0.331
29.47,1,0.375
29.48,1,0.413
29.49,1,0.442
29.50,1,0.446
29.51,1,0.431
29.52,1,0.425
29.53,1,0.415
29.54,1,0.410
29.55,1,0.411
29.56,1,0.403
29.57,1,0.405
29.58,1,0.384
29.59,1,0.321
29.60,1,0.280
29.61,1,0.253
29.62,1,0.222
29.63,1,0.195
29.64,1,0.222
29.65,1,0.223
29.66,1,0.229
29.67,1,0.247
29.68,1,0.248
29.69,1,0.247
29.70,1,0.276
29.71,1,0.298
29.72,1,0.296
29.73,1,0.297
29.74,1,0.339
29.75,1,0.368
29.76,1,0.355
29.77,1,0.362
29.78,1,0.297
29.79,1,0.250
29.80,1,0.260
29.81,1,0.296
29.82,1,0.296
29.83,1,0.279
29.84,1,0.244
29.85,1,0.195
29.86,1,0.162
29.87,1,0.168
29.88,1,0.186
29.89,1,0.242
29.90,1,0.294
29.91,1,0.333
29.92,1,0.369
29.93,1,0.406
29.94,1,0.425
29.95,1,0.446
29.96,1,0.495
29.97,1,0.506
29.98,1,0.504
29.99,1,0.499
30.00,1,0.477
30.01,1,0.460
30.02,1,0.417
30.03,1,0.367
30.04,1,0.294
30.05,1,0.218
30.06,1,0.187
30.07,1,0.190
30.08,1,0.221
30.09,1,0.282
30.10,1,0.298
30.11,1,0.340
30.12,1,0.359
30.13,1,0.334
30.14,1,0.328
30.15,1,0.338
30.16,1,0.309
30.17,1,0.320
30.18,1,0.335
30.19,1,0.347
30.20,1,0.342
30.21,1,0.332
30.22,1,0.348
30.23,1,0.397
30.24,1,0.422
30.25,1,0.480
30.26,1,0.571
30.27,1,0.649
30.28,1,0.759
30.29,1,0.859
30.30,1,0.875
30.31,1,1.041
30.32,1,1.066
30.33,1,0.925
30.34,1,0.618
30.35,1,0.247
30.36,1,0.188
30.37,1,0.217
30.38,1,0.294
30.39,1,0.357
30.40,1,0.421
30.41,1,0.471
30.42,1,0.532
30.43,1,0.551
30.44,1,0.512
30.45,1,0.484
30.46,1,0.463
30.47,1,0.435
30.48,1,0.393
30.49,1,0.352
30.50,1,0.319
30.51,1,0.287
30.52,1,0.267
30.53,1,0.244
30.54,1,0.231
30.55,1,0.202
30.56,1,0.190
30.57,1,0.236
30.58,1,0.298
30.59,1,0.442
30.60,1,0.356
30.61,1,0.128
30.62,1,0.090
30.63,1,0.102
30.64,1,0.132
30.65,1,0.162
30.66,1,0.183
30.67,1,0.222
30.68,1,0.278
30.69,1,0.292
30.70,1,0.322
30.71,1,0.360
30.72,1,0.375
30.73,1,0.374
30.74,1,0.365
30.75,1,0.333
30.76,1,0.287
30.77,1,0.234
30.78,1,0.186
30.79,1,0.169
30.80,1,0.182
30.81,1,0.203
30.82,1,0.219
30.83,1,0.234
30.84,1,0.259
30.85,1,0.293
30.86,1,0.343
30.87,1,0.423
30.88,1,0.510
30.89,1,0.614
30.90,1,0.876
30.91,1,1.649
30.92,1,2.091
30.93,1,1.650
30.94,1,0.999
30.95,1,0.267
30.96,1,0.197
30.97,1,0.226
30.98,1,0.285
30.99,1,0.302
31.00,1,0.342
31.01,1,0.359
31.02,1,0.355
31.03,1,0.353
31.04,1,0.358
31.05,1,0.392
31.06,1,0.435
31.07,1,0.435
31.08,1,0.419
31.09,1,0.397
31.10,1,0.348
31.11,1,0.320
31.12,1,0.309
31.13,1,0.299
31.14,1,0.279
31.15,1,0.246
31.16,1,0.235
31.17,1,0.271
31.18,1,0.324
31.19,1,0.367
31.20,1,0.414
31.21,1,0.445
31.22,1,0.435
31.23,1,0.422
31.24,1,0.420
31.25,1,0.392
31.26,1,0.380
31.27,1,0.370
31.28,1,0.331
31.29,1,0.331
31.30,1,0.306
31.31,1,0.281
31.32,1,0.268
31.33,1,0.276
31.34,1,0.308
31.35,1,0.354
31.36,1,0.439
31.37,1,0.541
31.38,1,0.632
31.39,1,0.768
31.40,1,0.974
31.41,1,0.910
31.42,1,0.678
31.43,1,0.530
31.44,1,0.305
31.45,1,0.255
31.46,1,0.262
31.47,1,0.323
31.48,1,0.365
31.49,1,0.426
31.50,1,0.472
31.51,1,0.531
31.52,1,0.534
31.53,1,0.550
31.54,1,0.499
31.55,1,0.434
31.56,1,0.371
31.57,1,0.325
31.58,1,0.326
31.59,1,0.329
31.60,1,0.337
31.61,1,0.351
31.62,1,0.362
31.63,1,0.346
31.64,1,0.311
31.65,1,0.263
31.66,1,0.248
31.67,1,0.254
31.68,1,0.265
31.69,1,0.348
31.70,1,0.565
31.71,1,0.758
31.72,1,0.972
31.73,1,0.992
31.74,1,0.983
31.75,1,0.850
31.76,1,0.627
31.77,1,0.265
31.78,1,0.236
31.79,1,0.286
31.80,1,0.300
31.81,1,0.341
31.82,1,0.374
31.83,1,0.388
31.84,1,0.392
31.85,1,0.381
31.86,1,0.337
31.87,1,0.337
31.88,1,0.328
31.89,1,0.324
31.90,1,0.335
31.91,1,0.339
31.92,1,0.339
31.93,1,0.343
31.94,1,0.340
31.95,1,0.359
31.96,1,0.370
31.97,1,0.385
31.98,1,0.395
31.99,1,0.384
32.00,1,0.385
32.01,1,0.381
32.02,1,0.345
32.03,1,0.312
32.04,1,0.293
32.05,1,0.276
32.06,1,0.274
32.07,1,0.292
32.08,1,0.330
32.09,1,0.379
32.10,1,0.436
32.11,1,0.479
32.12,1,0.525
32.13,1,0.534
32.14,1,0.521
32.15,1,0.480
32.16,1,0.448
32.17,1,0.425
32.18,1,0.398
32.19,1,0.401
32.20,1,0.395
32.21,1,0.411
32.22,1,0.429
32.23,1,0.459
32.24,1,0.501
32.25,1,0.553
32.26,1,0.616
32.27,1,0.709
32.28,1,0.801
32.29,1,1.043
32.30,1,1.271
32.31,1,1.451
32.32,1,1.382
32.33,0,
32.34,0,
32.35,0,
32.36,0,
32.37,0,
32.38,0,
32.39,0,
32.40,0,
32.41,0,
32.42,0,
32.43,0,
32.44,0,
32.45,0,
32.46,0,
32.47,0,
32.48,0,
32.49,0,
32.50,0,
32.51,0,
32.52,0,
32.53,0,
32.54,0,
32.55,0,
32.56,0,
32.57,0,
32.58,0,
32.59,0,
32.60,0,
32.61,0,
32.62,0,
32.63,0,
32.64,0,
32.65,0,
32.66,0,
32.67,0,
32.68,0,
32.69,0,
32.70,0,
32.71,0,
32.72,0,
32.73,0,
32.74,0,
32.75,0,
32.76,0,
32.77,0,
32.78,0,
32.79,0,
32.80,0,
32.81,0,
32.82,0,
32.83,0,
32.84,0,
32.85,0,
32.86,0,
32.87,0,
32.88,0,
32.89,0,
32.90,0,
32.91,0,
32.92,0,
32.93,0,
32.94,0,
32.95,0,
32.96,0,
32.97,0,
32.98,0,
32.99,0,
33.00,0,
33.01,0,
33.02,0,
33.03,0,
33.04,0,
33.05,0,
33.06,0,
33.07,0,
33.08,0,
33.09,0,
33.10,0,
33.11,0,
33.12,0,
33.13,0,
33.14,0,
33.15,0,
33.16,0,
33.17,0,
33.18,0,
33.19,0,
33.20,0,
33.21,0,
33.22,0,
33.23,0,
33.24,0,
33.25,0,
33.26,0,
33.27,0,
33.28,0,
33.29,0,
33.30,0,
33.31,0,
33.32,0,
33.33,0,
33.34,0,
33.35,0,
33.36,0,
33.37,0,
33.38,0,
33.39,0,
33.40,0,
33.41,0,
33.42,0,
33.43,0,
33.44,0,
33.45,0,
33.46,0,
33.47,0,
33.48,0,
33.49,0,
33.50,0,
33.51,0,
33.52,0,
33.53,0,
33.54,0,
33.55,0,
33.56,0,
33.57,0,
33.58,0,
33.59,1,0.189
33.60,1,0.097
33.61,1,0.115
33.62,1,0.058
33.63,1,0.038
33.64,1,0.030
33.65,1,0.031
33.66,1,0.031
33.67,1,0.032
33.68,1,0.042
33.69,1,0.067
33.70,1,0.080
33.71,1,0.082
33.72,1,0.088
33.73,1,0.075
33.74,1,0.053
33.75,1,0.042
33.76,1,0.038
33.77,1,0.034
33.78,1,0.041
33.79,1,0.041
33.80,1,0.061
33.81,1,0.084
33.82,1,0.100
33.83,1,0.127
33.84,1,0.157
33.85,1,0.194
33.86,1,0.277
33.87,1,0.707
33.88,1,0.643
33.89,1,0.708
33.90,1,0.435
33.91,1,0.209
33.92,1,0.104
33.93,1,0.066
33.94,1,0.064
33.95,1,0.068
33.96,1,0.074
33.97,1,0.089
33.98,1,0.106
33.99,1,0.116
34.00,1,0.123
34.01,1,0.123
34.02,1,0.113
34.03,1,0.111
34.04,1,0.109
34.05,1,0.107
34.06,1,0.118
34.07,1,0.112
34.08,1,0.100
34.09,1,0.094
34.10,1,0.086
34.11,1,0.081
34.12,1,0.075
34.13,1,0.071
34.14,1,0.069
34.15,1,0.065
34.16,1,0.062
34.17,1,0.078
34.18,1,0.087
34.19,1,0.090
34.20,1,0.091
34.21,1,0.084
34.22,1,0.071
34.23,1,0.071
34.24,1,0.076
34.25,1,0.084
34.26,1,0.107
34.27,1,0.135
34.28,1,0.168
34.29,1,0.294
34.30,1,0.591
34.31,1,0.281
34.32,1,0.198
34.33,1,0.180
34.34,1,0.174
34.35,1,0.216
34.36,1,0.277
34.37,1,0.279
34.38,1,0.261
34.39,1,0.194
34.40,1,0.199
34.41,1,0.245
34.42,1,0.300
34.43,1,0.343
34.44,1,0.429
34.45,1,0.475
34.46,1,0.481
34.47,1,0.449
34.48,1,0.408
34.49,1,0.362
34.50,1,0.403
34.51,1,0.460
34.52,1,0.492
34.53,1,0.496
34.54,1,0.475
34.55,1,0.407
34.56,1,0.324
34.57,1,0.281
34.58,1,0.272
34.59,1,0.308
34.60,1,0.345
34.61,1,0.355
34.62,1,0.380
34.63,1,0.399
34.64,1,0.385
34.65,1,0.386
34.66,1,0.389
34.67,1,0.372
34.68,1,0.347
34.69,1,0.347
34.70,1,0.369
34.71,1,0.419
34.72,1,0.490
34.73,1,0.552
34.74,1,0.602
34.75,1,0.594
34.76,1,0.567
34.77,1,0.520
34.78,1,0.447
34.79,1,0.403
34.80,1,0.410
34.81,1,0.416
34.82,1,0.449
34.83,1,0.502
34.84,1,0.538
34.85,1,0.528
34.86,1,0.482
34.87,1,0.421
34.88,1,0.346
34.89,1,0.288
34.90,1,0.315
34.91,1,0.372
34.92,1,0.410
34.93,1,0.431
34.94,1,0.440
34.95,1,0.443
34.96,1,0.444
34.97,1,0.455
34.98,1,0.466
34.99,1,0.490
35.00,1,0.507
35.01,1,0.500
35.02,1,0.487
35.03,1,0.454
35.04,1,0.399
35.05,1,0.364
35.06,1,0.336
35.07,1,0.318
35.08,1,0.321
35.09,1,0.361
35.10,1,0.395
35.11,1,0.416
35.12,1,0.431
35.13,1,0.417
35.14,1,0.378
35.15,1,0.350
35.16,1,0.350
35.17,1,0.360
35.18,1,0.405
35.19,1,0.458
35.20,1,0.497
35.21,1,0.687
35.22,1,1.216
35.23,1,1.299
35.24,1,1.273
35.25,1,1.226
35.26,1,1.183
35.27,1,0.997
35.28,1,0.883
35.29,1,0.780
35.30,1,0.700
35.31,1,0.707
35.32,1,0.481
35.33,1,0.204
35.34,1,0.237
35.35,1,0.341
35.36,1,0.374
35.37,1,0.399
35.38,1,0.463
35.39,1,0.468
35.40,1,0.377
35.41,1,0.312
35.42,1,0.318
35.43,1,0.308
35.44,1,0.279
35.45,1,0.292
35.46,1,0.320
35.47,1,0.309
35.48,1,0.260
35.49,1,0.221
35.50,1,0.228
35.51,1,0.217
35.52,1,0.143
35.53,1,0.133
35.54,1,0.166
35.55,1,0.193
35.56,1,0.224
35.57,1,0.273
35.58,1,0.317
35.59,1,0.333
35.60,1,0.330
35.61,1,0.290
35.62,1,0.272
35.63,1,0.286
35.64,1,0.286
35.65,1,0.296
35.66,1,0.312
35.67,1,0.319
35.68,1,0.323
35.69,1,0.335
35.70,1,0.355
35.71,1,0.367
35.72,1,0.396
35.73,1,0.397
35.74,1,0.374
35.75,1,0.319
35.76,1,0.239
35.77,1,0.188
35.78,1,0.155
35.79,1,0.142
35.80,1,0.144
35.81,1,0.156
35.82,1,0.164
35.83,1,0.152
35.84,1,0.159
35.85,1,0.146
35.86,1,0.148
35.87,1,0.144
35.88,1,0.193
35.89,1,0.251
35.90,1,0.307
35.91,1,0.445
35.92,1,0.514
35.93,1,0.618
35.94,1,0.306
35.95,1,0.200
35.96,1,0.202
35.97,1,0.234
35.98,1,0.292
35.99,1,0.357
36.00,1,0.409
36.01,1,0.449
36.02,1,0.464
36.03,1,0.454
36.04,1,0.427
36.05,1,0.412
36.06,1,0.372
36.07,1,0.350
36.08,1,0.325
36.09,1,0.310
36.10,1,0.304
36.11,1,0.297
36.12,1,0.298
36.13,1,0.298
36.14,1,0.311
36.15,1,0.327
36.16,1,0.349
36.17,1,0.360
36.18,1,0.362
36.19,1,0.363
36.20,1,0.340
36.21,1,0.331
36.22,1,0.324
36.23,1,0.315
36.24,1,0.308
36.25,1,0.312
36.26,1,0.300
36.27,1,0.311
36.28,1,0.303
36.29,1,0.313
36.30,1,0.322
36.31,1,0.336
36.32,1,0.335
36.33,1,0.371
36.34,1,0.346
36.35,1,0.342
36.36,1,0.360
36.37,1,0.691
36.38,1,0.864
36.39,1,1.084
36.40,1,1.052
36.41,1,1.070
36.42,1,1.035
36.43,1,0.968
36.44,1,0.860
36.45,1,0.886
36.46,1,0.849
36.47,1,0.940
36.48,1,0.933
36.49,1,0.919
36.50,1,0.824
36.51,1,0.644
36.52,1,0.371
36.53,1,0.212
36.54,1,0.125
36.55,1,0.128
36.56,1,0.175
36.57,1,0.174
36.58,1,0.195
36.59,1,0.237
36.60,1,0.266
36.61,1,0.290
36.62,1,0.322
36.63,1,0.344
36.64,1,0.370
36.65,1,0.394
36.66,1,0.408
36.67,1,0.438
36.68,1,0.457
36.69,1,0.489
36.70,1,0.494
36.71,1,0.491
36.72,1,0.465
36.73,1,0.440
36.74,1,0.404
36.75,1,0.389
36.76,1,0.381
36.77,1,0.371
36.78,1,0.392
36.79,1,0.428
36.80,1,0.429
36.81,1,0.684
36.82,1,0.765
36.83,1,1.280
36.84,1,1.144
36.85,1,0.943
36.86,1,0.496
36.87,1,0.251
36.88,1,0.149
36.89,1,0.136
36.90,1,0.196
36.91,1,0.273
36.92,1,0.343
36.93,1,0.459
36.94,1,0.550
36.95,1,0.509
36.96,1,0.438
36.97,1,0.363
36.98,1,0.355
36.99,1,0.288
37.00,1,0.241
37.01,1,0.209
37.02,1,0.190
37.03,1,0.168
37.04,1,0.172
37.05,1,0.158
37.06,1,0.157
37.07,1,0.167
37.08,1,0.185
37.09,1,0.191
37.10,1,0.193
37.11,1,0.185
37.12,1,0.203
37.13,1,0.227
37.14,1,0.258
37.15,1,0.284
37.16,1,0.370
37.17,1,0.323
37.18,1,0.241
37.19,1,0.195
37.20,1,0.182
37.21,1,0.173
37.22,1,0.187
37.23,1,0.205
37.24,1,0.234
37.25,1,0.274
37.26,1,0.302
37.27,1,0.331
37.28,1,0.344
37.29,1,0.336
37.30,1,0.332
37.31,1,0.330
37.32,1,0.346
37.33,1,0.377
37.34,1,0.429
37.35,1,0.460
37.36,1,0.489
37.37,1,0.505
37.38,1,0.513
37.39,1,0.508
37.40,1,0.502
37.41,1,0.479
37.42,1,0.461
37.43,1,0.435
37.44,1,0.420
37.45,1,0.413
37.46,1,0.410
37.47,1,0.529
37.48,1,0.475
37.49,1,0.387
37.50,1,0.311
37.51,1,0.261
37.52,1,0.242
37.53,1,0.235
37.54,1,0.261
37.55,1,0.290
37.56,1,0.320
37.57,1,0.351
37.58,1,0.390
37.59,1,0.416
37.60,1,0.429
37.61,1,0.431
37.62,1,0.428
37.63,1,0.415
37.64,1,0.431
37.65,1,0.412
37.66,1,0.443
37.67,1,0.479
37.68,1,0.518
37.69,1,0.558
37.70,1,0.746
37.71,1,0.999
37.72,1,1.278
37.73,1,1.673
37.74,1,1.540
37.75,1,1.267
37.76,1,0.715
37.77,1,0.492
37.78,1,0.329
37.79,1,0.183
37.80,1,0.122
37.81,1,0.096
37.82,1,0.093
37.83,1,0.096
37.84,1,0.112
37.85,1,0.138
37.86,1,0.167
37.87,1,0.187
37.88,1,0.219
37.89,1,0.247
37.90,1,0.291
37.91,1,0.307
37.92,1,0.354
37.93,1,0.336
37.94,1,0.345
37.95,1,0.270
37.96,1,0.240
37.97,1,0.229
37.98,1,0.245
37.99,1,0.258
38.00,1,0.270
38.01,1,0.293
38.02,1,0.319
38.03,1,0.314
38.04,1,0.309
38.05,1,0.325
38.06,1,0.332
38.07,1,0.344
38.08,1,0.374
38.09,1,0.386
38.10,1,0.385
38.11,1,0.381
38.12,1,0.356
38.13,1,0.330
38.14,1,0.297
38.15,1,0.261
38.16,1,0.230
38.17,1,0.208
38.18,1,0.200
38.19,1,0.198
38.20,1,0.201
38.21,1,0.210
38.22,1,0.238
38.23,1,0.258
38.24,1,0.295
38.25,1,0.337
38.26,1,0.356
38.27,1,0.382
38.28,1,0.395
38.29,1,0.379
38.30,1,0.376
38.31,1,0.349
38.32,1,0.329
38.33,1,0.314
38.34,1,0.293
38.35,1,0.298
38.36,1,0.319
38.37,1,0.329
38.38,1,0.372
38.39,1,0.563
38.40,1,0.621
38.41,1,0.631
38.42,1,0.525
38.43,1,0.808
38.44,1,1.136
38.45,1,1.361
38.46,1,1.666
38.47,1,2.067
38.48,1,1.744
38.49,1,0.972
38.50,1,0.487
38.51,1,0.304
38.52,1,0.218
38.53,1,0.244
38.54,1,0.234
38.55,1,0.234
38.56,1,0.302
38.57,1,0.441
38.58,1,0.590
38.59,1,0.703
38.60,1,0.889
38.61,1,0.910
38.62,1,0.634
38.63,1,0.334
38.64,1,0.302
38.65,1,0.324
38.66,1,0.352
38.67,1,0.443
38.68,1,0.551
38.69,1,0.332
38.70,1,0.216
38.71,1,0.167
38.72,1,0.204
38.73,1,0.245
38.74,1,0.280
38.75,1,0.334
38.76,1,0.390
38.77,1,0.415
38.78,1,0.401
38.79,1,0.342
38.80,1,0.284
38.81,1,0.238
38.82,1,0.201
38.83,1,0.197
38.84,1,0.209
38.85,1,0.204
38.86,1,0.223
38.87,1,0.222
38.88,1,0.235
38.89,1,0.253
38.90,1,0.292
38.91,1,0.319
38.92,1,0.351
38.93,1,0.369
38.94,1,0.419
38.95,1,0.414
38.96,1,0.382
38.97,1,0.613
38.98,1,0.749
38.99,1,0.839
39.00,1,0.693
39.01,1,0.347
39.02,1,0.251
39.03,1,0.218
39.04,1,0.223
39.05,1,0.226
39.06,1,0.232
39.07,1,0.247
39.08,1,0.282
39.09,1,0.288
39.10,1,0.297
39.11,1,0.286
39.12,1,0.283
39.13,1,0.272
39.14,1,0.276
39.15,1,0.303
39.16,1,0.308
39.17,1,0.311
39.18,1,0.273
39.19,1,0.251
39.20,1,0.237
39.21,1,0.228
39.22,1,0.241
39.23,1,0.252
39.24,1,0.269
39.25,1,0.282
39.26,1,0.295
39.27,1,0.326
39.28,1,0.349
39.29,1,0.345
39.30,1,0.298
39.31,1,0.256
39.32,1,0.244
39.33,1,0.224
39.34,1,0.208
39.35,1,0.195
39.36,1,0.185
39.37,1,0.172
39.38,1,0.178
39.39,1,0.219
39.40,1,0.250
39.41,1,0.284
39.42,1,0.312
39.43,1,0.307
39.44,1,0.283
39.45,1,0.267
39.46,1,0.244
39.47,1,0.228
39.48,1,0.216
39.49,1,0.205
39.50,1,0.237
39.51,1,0.276
39.52,1,0.320
39.53,1,0.321
39.54,1,0.321
39.55,1,0.336
39.56,1,0.341
39.57,1,0.369
39.58,1,0.424
39.59,1,0.466
39.60,1,0.567
39.61,1,0.651
39.62,1,0.435
39.63,1,0.159
39.64,1,0.100
39.65,1,0.174
39.66,1,0.235
39.67,1,0.241
39.68,1,0.276
39.69,1,0.320
39.70,1,0.318
39.71,1,0.332
39.72,1,0.364
39.73,1,0.343
39.74,1,0.303
39.75,1,0.261
39.76,1,0.229
39.77,1,0.231
39.78,1,0.237
39.79,1,0.243
39.80,1,0.235
39.81,1,0.267
39.82,1,0.296
39.83,1,0.367
39.84,1,0.415
39.85,1,0.444
39.86,1,0.483
39.87,1,0.473
39.88,1,0.425
39.89,1,0.489
39.90,1,0.486
39.91,1,0.474
39.92,1,0.503
39.93,1,0.472
39.94,1,0.425
39.95,1,0.420
39.96,1,0.367
39.97,1,0.297
39.98,1,0.246
39.99,1,0.216
40.00,1,0.202
40.01,1,0.175
40.02,1,0.182
40.03,1,0.191
40.04,1,0.207
40.05,1,0.222
40.06,1,0.271
40.07,1,0.291
40.08,1,0.301
40.09,1,0.274
40.10,1,0.292
40.11,1,0.234
40.12,1,0.229
40.13,1,0.241
40.14,1,0.219
40.15,1,0.180
40.16,1,0.175
40.17,1,0.173
40.18,1,0.197
40.19,1,0.219
40.20,1,0.232
40.21,1,0.224
40.22,1,0.199
40.23,1,0.161
40.24,1,0.139
40.25,1,0.162
40.26,1,0.203
40.27,1,0.247
40.28,1,0.296
40.29,1,0.344
40.30,1,0.382
40.31,1,0.418
40.32,1,0.462
40.33,1,0.482
40.34,1,0.446
40.35,1,0.329
40.36,1,0.245
40.37,1,0.217
40.38,1,0.201
40.39,1,0.174
40.40,1,0.181
40.41,1,0.202
40.42,1,0.214
40.43,1,0.187
40.44,1,0.258
40.45,1,0.350
40.46,1,0.382
40.47,1,0.437
40.48,1,0.542
40.49,1,0.483
40.50,1,0.383
40.51,1,0.293
40.52,1,0.273
40.53,1,0.260
40.54,1,0.235
40.55,1,0.217
40.56,1,0.204
40.57,1,0.202
40.58,1,0.195
40.59,1,0.201
40.60,1,0.210
40.61,1,0.225
40.62,1,0.238
40.63,1,0.250
40.64,1,0.268
40.65,1,0.278
40.66,1,0.289
40.67,1,0.293
40.68,1,0.300
40.69,1,0.301
40.70,1,0.290
40.71,1,0.272
40.72,1,0.250
40.73,1,0.227
40.74,1,0.196
40.75,1,0.184
40.76,1,0.203
40.77,1,0.217
40.78,1,0.231
40.79,1,0.325
40.80,1,0.775
40.81,1,0.750
40.82,1,0.898
40.83,1,0.784
40.84,1,0.446
40.85,1,0.271
40.86,1,0.228
40.87,1,0.174
40.88,1,0.094
40.89,1,0.084
40.90,1,0.072
40.91,1,0.073
40.92,1,0.078
40.93,1,0.078
40.94,1,0.081
40.95,1,0.087
40.96,1,0.093
40.97,1,0.094
40.98,1,0.096
40.99,1,0.099
41.00,1,0.107
41.01,1,0.107
41.02,1,0.118
41.03,1,0.136
41.04,1,0.156
41.05,1,0.174
41.06,1,0.185
41.07,1,0.212
41.08,1,0.231
41.09,1,0.251
41.10,1,0.299
41.11,1,0.403
41.12,1,0.659
41.13,1,0.550
41.14,1,0.822
41.15,1,1.043
41.16,1,0.976
41.17,1,0.636
41.18,1,0.255
41.19,1,0.126
41.20,1,0.102
41.21,1,0.089
41.22,1,0.080
41.23,1,0.082
41.24,1,0.071
41.25,1,0.071
41.26,1,0.086
41.27,1,0.109
41.28,1,0.147
41.29,1,0.188
41.30,1,0.207
41.31,1,0.201
41.32,1,0.198
41.33,1,0.213
41.34,1,0.239
41.35,1,0.273
41.36,1,0.304
41.37,1,0.315
41.38,1,0.306
41.39,1,0.295
41.40,1,0.298
41.41,1,0.322
41.42,1,0.319
41.43,1,0.311
41.44,1,0.305
41.45,1,0.258
41.46,1,0.224
41.47,1,0.243
41.48,1,0.267
41.49,1,0.284
41.50,1,0.323
41.51,1,0.314
41.52,1,0.220
41.53,1,0.197
41.54,1,0.264
41.55,1,0.323
41.56,1,0.390
41.57,1,0.471
41.58,1,0.549
41.59,1,0.544
41.60,1,0.527
41.61,1,0.466
41.62,1,0.387
41.63,1,0.357
41.64,1,0.353
41.65,1,0.359
41.66,1,0.396
41.67,1,0.418
41.68,1,0.412
41.69,1,0.397
41.70,1,0.348
41.71,1,0.330
41.72,1,0.352
41.73,1,0.403
41.74,1,0.486
41.75,1,0.939
41.76,1,1.289
41.77,1,1.066
41.78,1,1.102
41.79,1,1.189
41.80,1,0.891
41.81,1,0.380
41.82,1,0.205
41.83,1,0.192
41.84,1,0.185
41.85,1,0.171
41.86,1,0.202
41.87,1,0.270
41.88,1,0.330
41.89,1,0.401
41.90,1,0.473
41.91,1,0.509
41.92,1,0.506
41.93,1,0.490
41.94,1,0.465
41.95,1,0.433
41.96,1,0.382
41.97,1,0.328
41.98,1,0.297
41.99,1,0.288
42.00,1,0.301
42.01,1,0.323
42.02,1,0.354
42.03,1,0.368
42.04,1,0.383
42.05,1,0.365
42.06,1,0.342
42.07,1,0.321
42.08,1,0.328
42.09,1,0.362
42.10,1,0.411
42.11,1,0.462
42.12,1,0.509
42.13,1,0.532
42.14,1,0.543
42.15,1,0.535
42.16,1,0.508
42.17,1,0.480
42.18,1,0.444
42.19,1,0.417
42.20,1,0.384
42.21,1,0.342
42.22,1,0.296
42.23,1,0.249
42.24,1,0.204
42.25,1,0.180
42.26,1,0.175
42.27,1,0.184
42.28,1,0.236
42.29,1,0.361
42.30,1,0.896
42.31,1,0.963
42.32,1,1.010
42.33,1,0.965
42.34,1,0.918
42.35,1,1.019
42.36,1,1.288
42.37,1,1.361
42.38,1,1.373
42.39,1,1.302
42.40,1,1.243
42.41,1,1.361
42.42,1,1.586
42.43,1,1.591
42.44,1,1.565
42.45,1,1.498
42.46,1,1.361
42.47,1,1.199
42.48,1,1.132
42.49,1,1.129
42.50,1,1.391
42.51,1,1.516
42.52,1,1.533
42.53,1,1.676
42.54,1,1.510
42.55,1,1.200
42.56,1,1.096
42.57,1,0.800
42.58,1,0.658
42.59,1,0.714
42.60,1,0.646
42.61,1,0.613
42.62,1,0.564
42.63,1,0.324
42.64,1,0.198
42.65,1,0.183
42.66,1,0.160
42.67,1,0.133
42.68,1,0.176
42.69,1,0.462
42.70,1,0.415
42.71,1,0.884
42.72,1,0.685
42.73,1,0.436
42.74,1,0.226
42.75,1,0.157
42.76,1,0.191
42.77,1,0.217
42.78,1,0.240
42.79,1,0.284
42.80,1,0.318
42.81,1,0.357
42.82,1,0.365
42.83,1,0.379
42.84,1,0.405
42.85,1,0.399
42.86,1,0.400
42.87,1,0.400
42.88,1,0.375
42.89,1,0.288
42.90,1,0.190
42.91,1,0.177
42.92,1,0.189
42.93,1,0.200
42.94,1,0.245
42.95,1,0.311
42.96,1,0.348
42.97,1,0.386
42.98,1,0.392
42.99,1,0.377
43.00,1,0.345
43.01,1,0.367
43.02,1,0.371
43.03,1,0.366
43.04,1,0.362
43.05,1,0.326
43.06,1,0.260
43.07,1,0.219
43.08,1,0.202
43.09,1,0.191
43.10,1,0.190
43.11,1,0.188
43.12,1,0.198
43.13,1,0.206
43.14,1,0.194
43.15,1,0.180
43.16,1,0.166
43.17,1,0.141
43.18,1,0.144
43.19,1,0.177
43.20,1,0.232
43.21,1,0.272
43.22,1,0.318
43.23,1,0.354
43.24,1,0.387
43.25,1,0.407
43.26,1,0.438
43.27,1,0.464
43.28,1,0.458
43.29,1,0.453
43.30,1,0.433
43.31,1,0.393
43.32,1,0.375
43.33,1,0.356
43.34,1,0.336
43.35,1,0.322
43.36,1,0.304
43.37,1,0.287
43.38,1,0.285
43.39,1,0.274
43.40,1,0.284
43.41,1,0.288
43.42,1,0.274
43.43,1,0.287
43.44,1,0.276
43.45,1,0.252
43.46,1,0.279
43.47,1,0.316
43.48,1,0.326
43.49,1,0.177
43.50,1,0.160
43.51,1,0.138
43.52,1,0.129
43.53,1,0.130
43.54,1,0.154
43.55,1,0.151
43.56,1,0.161
43.57,1,0.186
43.58,1,0.203
43.59,1,0.214
43.60,1,0.229
43.61,1,0.246
43.62,1,0.237
43.63,1,0.249
43.64,1,0.261
43.65,1,0.272
43.66,1,0.267
43.67,1,0.260
43.68,1,0.235
43.69,1,0.190
43.70,1,0.160
43.71,1,0.134
43.72,1,0.159
43.73,1,0.188
43.74,1,0.222
43.75,1,0.283
43.76,1,0.345
43.77,1,0.339
43.78,1,0.327
43.79,1,0.303
43.80,1,0.273
43.81,1,0.294
43.82,1,0.369
43.83,1,0.467
43.84,1,0.539
43.85,1,0.589
43.86,1,0.589
43.87,1,0.542
43.88,1,0.462
43.89,1,0.379
43.90,1,0.352
43.91,1,0.353
43.92,1,0.362
43.93,1,0.411
43.94,1,0.626
43.95,1,0.415
43.96,1,0.214
43.97,1,0.148
43.98,1,0.199
43.99,1,0.333
44.00,1,0.381
44.01,1,0.433
44.02,1,0.495
44.03,1,0.483
44.04,1,0.400
44.05,1,0.399
44.06,1,0.390
44.07,1,0.365
44.08,1,0.358
44.09,1,0.309
44.10,1,0.276
44.11,1,0.209
44.12,1,0.175
44.13,1,0.171
44.14,1,0.203
44.15,1,0.228
44.16,1,0.234
44.17,1,0.233
44.18,1,0.240
44.19,1,0.239
44.20,1,0.270
44.21,1,0.312
44.22,1,0.373
44.23,1,0.453
44.24,1,0.549
44.25,1,0.697
44.26,1,0.643
44.27,1,0.337
44.28,1,0.206
44.29,1,0.149
44.30,1,0.127
44.31,1,0.122
44.32,1,0.130
44.33,1,0.153
44.34,1,0.190
44.35,1,0.234
44.36,1,0.290
44.37,1,0.311
44.38,1,0.301
44.39,1,0.287
44.40,1,0.275
44.41,1,0.259
44.42,1,0.255
44.43,1,0.290
44.44,1,0.323
44.45,1,0.333
44.46,1,0.334
44.47,1,0.283
44.48,1,0.236
44.49,1,0.200
44.50,1,0.179
44.51,1,0.158
44.52,1,0.145
44.53,1,0.153
44.54,1,0.179
44.55,1,0.219
44.56,1,0.259
44.57,1,0.297
44.58,1,0.335
44.59,1,0.343
44.60,1,0.350
44.61,1,0.342
44.62,1,0.320
44.63,1,0.313
44.64,1,0.298
44.65,1,0.288
44.66,1,0.281
44.67,1,0.277
44.68,1,0.266
44.69,1,0.274
44.70,1,0.288
44.71,1,0.296
44.72,1,0.309
44.73,1,0.318
44.74,1,0.328
44.75,1,0.347
44.76,1,0.361
44.77,1,0.371
44.78,1,0.381
44.79,1,0.400
44.80,1,0.403
44.81,1,0.418
44.82,1,0.434
44.83,1,0.420
44.84,1,0.392
44.85,1,0.356
44.86,1,0.296
44.87,1,0.257
44.88,1,0.246
44.89,1,0.243
44.90,1,0.259
44.91,1,0.290
44.92,1,0.341
44.93,1,0.386
44.94,1,0.439
44.95,1,0.475
44.96,1,0.504
44.97,1,0.522
44.98,1,0.527
44.99,1,0.519
45.00,1,0.496
45.01,1,0.457
45.02,1,0.428
45.03,1,0.415
45.04,1,0.417
45.05,1,0.460
45.06,1,0.729
45.07,1,1.186
45.08,1,1.451
45.09,1,1.696
45.10,1,1.752
45.11,1,1.793
45.12,1,1.998
45.13,1,1.937
45.14,1,2.006
45.15,1,1.714
45.16,1,1.368
45.17,1,1.086
45.18,1,0.721
45.19,1,0.316
45.20,1,0.294
45.21,1,0.255
45.22,1,0.224
45.23,1,0.228
45.24,1,0.266
45.25,1,0.290
45.26,1,0.324
45.27,1,0.365
45.28,1,0.405
45.29,1,0.442
45.30,1,0.476
45.31,1,0.521
45.32,1,0.543
45.33,1,0.407
45.34,1,0.294
45.35,1,0.281
45.36,1,0.317
45.37,1,0.378
45.38,1,0.338
45.39,1,0.254
45.40,1,0.183
45.41,1,0.145
45.42,1,0.125
45.43,1,0.108
45.44,1,0.106
45.45,1,0.112
45.46,1,0.116
45.47,1,0.130
45.48,1,0.148
45.49,1,0.152
45.50,1,0.150
45.51,1,0.145
45.52,1,0.150
45.53,1,0.163
45.54,1,0.191
45.55,1,0.230
45.56,1,0.304
45.57,1,0.371
45.58,1,0.655
45.59,1,0.808
45.60,1,0.903
45.61,1,0.803
45.62,1,0.611
45.63,1,0.317
45.64,1,0.209
45.65,1,0.131
45.66,1,0.118
45.67,1,0.120
45.68,1,0.125
45.69,1,0.168
45.70,1,0.203
45.71,1,0.250
45.72,1,0.298
45.73,1,0.365
45.74,1,0.408
45.75,1,0.498
45.76,1,0.706
45.77,1,0.717
45.78,1,0.713
45.79,1,0.551
45.80,1,0.390
45.81,1,0.163
45.82,1,0.150
45.83,1,0.168
45.84,1,0.254
45.85,1,0.308
45.86,1,0.343
45.87,1,0.383
45.88,1,0.397
45.89,1,0.379
45.90,1,0.375
45.91,1,0.375
45.92,1,0.367
45.93,1,0.362
45.94,1,0.322
45.95,1,0.299
45.96,1,0.265
45.97,1,0.255
45.98,1,0.243
45.99,1,0.245
46.00,1,0.244
46.01,1,0.240
46.02,1,0.232
46.03,1,0.231
46.04,1,0.237
46.05,1,0.230
46.06,1,0.241
46.07,1,0.243
46.08,1,0.251
46.09,1,0.278
46.10,1,0.339
46.11,1,0.377
46.12,1,0.503
46.13,1,0.757
46.14,1,0.791
46.15,1,0.554
46.16,1,0.495
46.17,1,0.519
46.18,1,0.550
46.19,1,0.613
46.20,1,0.617
46.21,1,0.569
46.22,0,
46.23,0,
46.24,0,
46.25,0,
46.26,0,
46.27,0,
46.28,0,
46.29,0,
46.30,0,
46.31,1,0.790
46.32,1,0.895
46.33,1,0.821
46.34,1,0.752
46.35,1,0.644
46.36,1,0.394
46.37,1,0.211
46.38,1,0.120
46.39,1,0.124
46.40,1,0.126
46.41,1,0.138
46.42,1,0.162
46.43,1,0.181
46.44,1,0.195
46.45,1,0.228
46.46,1,0.282
46.47,1,0.239
46.48,1,0.223
46.49,1,0.262
46.50,1,0.269
46.51,1,0.249
46.52,1,0.245
46.53,1,0.236
46.54,1,0.216
46.55,1,0.201
46.56,1,0.195
46.57,1,0.192
46.58,1,0.191
46.59,1,0.194
46.60,1,0.201
46.61,1,0.214
46.62,1,0.240
46.63,1,0.258
46.64,1,0.265
46.65,1,0.262
46.66,1,0.251
46.67,1,0.237
46.68,1,0.212
46.69,1,0.193
46.70,1,0.180
46.71,1,0.174
46.72,1,0.165
46.73,1,0.173
46.74,1,0.177
46.75,1,0.151
46.76,1,0.147
46.77,1,0.131
46.78,1,0.129
46.79,1,0.127
46.80,1,0.142
46.81,1,0.137
46.82,1,0.147
46.83,1,0.164
46.84,1,0.178
46.85,1,0.213
46.86,1,0.233
46.87,1,0.226
46.88,1,0.206
46.89,1,0.196
46.90,1,0.186
46.91,1,0.183
46.92,1,0.205
46.93,1,0.222
46.94,1,0.227
46.95,1,0.221
46.96,1,0.232
46.97,1,0.239
46.98,1,0.248
46.99,1,0.426
47.00,1,0.966
47.01,1,1.186
47.02,1,1.297
47.03,1,1.441
47.04,1,1.398
47.05,1,1.192
47.06,1,0.868
47.07,1,0.331
47.08,1,0.188
47.09,1,0.123
47.10,1,0.135
47.11,1,0.201
47.12,1,0.282
47.13,1,0.327
47.14,1,0.387
47.15,1,0.428
47.16,1,0.415
47.17,1,0.397
47.18,1,0.375
47.19,1,0.337
47.20,1,0.315
47.21,1,0.281
47.22,1,0.230
47.23,1,0.191
47.24,1,0.171
47.25,1,0.174
47.26,1,0.215
47.27,1,0.285
47.28,1,0.392
47.29,1,0.685
47.30,1,1.120
47.31,1,1.705
47.32,1,2.011
47.33,1,2.367
47.34,1,1.949
47.35,1,1.402
47.36,1,1.043
47.37,1,0.690
47.38,1,0.430
47.39,1,0.342
47.40,1,0.293
47.41,1,0.245
47.42,1,0.272
47.43,1,0.317
47.44,1,0.369
47.45,1,0.422
47.46,1,0.439
47.47,1,0.439
47.48,1,0.401
47.49,1,0.346
47.50,1,0.308
47.51,1,0.271
47.52,1,0.289
47.53,1,0.290
47.54,1,0.297
47.55,1,0.323
47.56,1,0.352
47.57,1,0.395
47.58,1,0.494
47.59,1,0.509
47.60,1,0.471
47.61,1,0.390
47.62,1,0.340
47.63,1,0.294
47.64,1,0.284
47.65,1,0.293
47.66,1,0.298
47.67,1,0.315
47.68,1,0.313
47.69,1,0.277
47.70,1,0.217
47.71,1,0.186
47.72,1,0.176
47.73,1,0.223
47.74,1,0.277
47.75,1,0.368
47.76,1,0.497
47.77,1,0.687
47.78,1,1.122
47.79,1,1.784
47.80,1,1.438
47.81,1,0.971
47.82,1,0.263
47.83,1,0.136
47.84,1,0.135
47.85,1,0.126
47.86,1,0.114
47.87,1,0.126
47.88,1,0.154
47.89,1,0.195
47.90,1,0.249
47.91,1,0.287
47.92,1,0.301
47.93,1,0.288
47.94,1,0.257
47.95,1,0.243
47.96,1,0.245
47.97,1,0.245
47.98,1,0.259
47.99,1,0.286
48.00,1,0.303
48.01,1,0.326
48.02,1,0.368
48.03,1,0.398
48.04,1,0.438
48.05,1,0.477
48.06,1,0.490
48.07,1,0.510
48.08,1,0.535
48.09,1,0.532
48.10,1,0.516
48.11,1,0.518
48.12,1,0.572
48.13,1,0.718
48.14,1,1.124
48.15,1,1.338
48.16,1,1.679
48.17,1,1.493
48.18,1,1.182
48.19,1,0.999
48.20,1,0.755
48.21,1,0.786
48.22,1,0.840
48.23,1,0.954
48.24,1,0.988
48.25,1,0.984
48.26,1,0.935
48.27,0,
48.28,0,
48.29,0,
48.30,0,
48.31,0,
48.32,0,
48.33,0,
48.34,0,
48.35,0,
48.36,0,
48.37,0,
48.38,0,
48.39,0,
48.40,0,
48.41,0,
48.42,0,
48.43,0,
48.44,0,
48.45,0,
48.46,0,
48.47,0,
48.48,0,
48.49,0,
48.50,0,
48.51,0,
48.52,0,
48.53,0,
48.54,0,
48.55,1,0.487
48.56,1,0.278
48.57,1,0.214
48.58,1,0.130
48.59,1,0.159
48.60,1,0.124
48.61,1,0.059
48.62,1,0.054
48.63,1,0.062
48.64,1,0.065
48.65,1,0.072
48.66,1,0.089
48.67,1,0.101
48.68,1,0.116
48.69,1,0.126
48.70,1,0.146
48.71,1,0.164
48.72,1,0.174
48.73,1,0.188
48.74,1,0.165
48.75,1,0.119
48.76,1,0.109
48.77,1,0.094
48.78,1,0.081
48.79,1,0.091
48.80,1,0.105
48.81,1,0.115
48.82,1,0.117
48.83,1,0.118
48.84,1,0.111
48.85,1,0.094
48.86,1,0.069
48.87,1,0.063
48.88,1,0.048
48.89,1,0.056
48.90,1,0.068
48.91,1,0.076
48.92,1,0.082
48.93,1,0.093
48.94,1,0.112
48.95,1,0.109
48.96,1,0.103
48.97,1,0.112
48.98,1,0.104
48.99,1,0.091
49.00,1,0.099
49.01,1,0.098
49.02,1,0.086
49.03,1,0.089
49.04,1,0.096
49.05,1,0.109
49.06,1,0.131
49.07,1,0.145
49.08,1,0.155
49.09,1,0.175
49.10,1,0.205
49.11,1,0.226
49.12,1,0.251
49.13,1,0.296
49.14,1,0.345
49.15,1,0.411
49.16,1,0.589
49.17,1,1.001
49.18,1,1.450
49.19,1,1.282
49.20,1,0.794
49.21,1,0.502
49.22,1,0.229
49.23,1,0.087
49.24,1,0.064
49.25,1,0.050
49.26,1,0.038
49.27,1,0.036
49.28,1,0.036
49.29,1,0.042
49.30,1,0.050
49.31,1,0.059
49.32,1,0.076
49.33,1,0.095
49.34,1,0.109
49.35,1,0.117
49.36,1,0.121
49.37,1,0.113
49.38,1,0.105
49.39,1,0.098
49.40,1,0.100
49.41,1,0.119
49.42,1,0.139
49.43,1,0.155
49.44,1,0.163
49.45,1,0.154
49.46,1,0.137
49.47,1,0.120
49.48,1,0.120
49.49,1,0.129
49.50,1,0.140
49.51,1,0.166
49.52,1,0.199
49.53,1,0.198
49.54,1,0.165
49.55,1,0.146
49.56,1,0.127
49.57,1,0.112
49.58,1,0.092
49.59,1,0.086
49.60,1,0.070
49.61,1,0.076
49.62,1,0.087
49.63,1,0.103
49.64,1,0.122
49.65,1,0.137
49.66,1,0.147
49.67,1,0.156
49.68,1,0.162
49.69,1,0.165
49.70,1,0.168
49.71,1,0.165
49.72,1,0.153
49.73,1,0.136
49.74,1,0.121
49.75,1,0.113
49.76,1,0.125
49.77,1,0.167
49.78,1,0.186
49.79,1,0.193
49.80,1,0.193
49.81,1,0.176
49.82,1,0.152
49.83,1,0.134
49.84,1,0.123
49.85,1,0.118
49.86,1,0.126
49.87,1,0.146
49.88,1,0.158
49.89,1,0.162
49.90,1,0.185
49.91,1,0.211
49.92,1,0.227
49.93,1,0.267
49.94,1,0.465
49.95,1,0.827
49.96,1,0.884
49.97,1,1.042
49.98,1,1.167
49.99,1,0.415
50.00,1,0.172
50.01,1,0.128
50.02,1,0.108
50.03,1,0.105
50.04,1,0.107
50.05,1,0.087
50.06,1,0.085
50.07,1,0.083
50.08,1,0.079
50.09,1,0.079
50.10,1,0.083
50.11,1,0.081
50.12,1,0.076
50.13,1,0.072
50.14,1,0.064
50.15,1,0.061
50.16,1,0.068
50.17,1,0.080
50.18,1,0.087
50.19,1,0.089
50.20,1,0.086
50.21,1,0.080
50.22,1,0.080
50.23,1,0.092
50.24,1,0.103
50.25,1,0.108
50.26,1,0.113
50.27,1,0.111
50.28,1,0.106
50.29,1,0.106
50.30,1,0.114
50.31,1,0.129
50.32,1,0.159
50.33,1,0.117
50.34,1,0.084
50.35,1,0.070
50.36,1,0.066
50.37,1,0.062
50.38,1,0.067
50.39,1,0.084
50.40,1,0.089
50.41,1,0.096
50.42,1,0.099
50.43,1,0.110
50.44,1,0.119
50.45,1,0.130
50.46,1,0.137
50.47,1,0.139
50.48,1,0.142
50.49,1,0.141
50.50,1,0.134
50.51,1,0.125
50.52,1,0.119
50.53,1,0.145
50.54,1,0.195
50.55,1,0.257
50.56,1,0.340
50.57,1,0.545
50.58,1,0.881
50.59,1,0.963
50.60,1,0.870
50.61,1,0.988
50.62,1,1.452
50.63,1,1.806
50.64,1,1.968
50.65,1,2.008
50.66,1,1.571
50.67,1,1.284
50.68,1,1.229
50.69,1,1.237
50.70,1,1.163
50.71,1,1.058
50.72,1,0.467
50.73,1,0.276
50.74,1,0.207
50.75,1,0.191
50.76,1,0.185
50.77,1,0.185
50.78,1,0.151
50.79,1,0.128
50.80,1,0.160
50.81,1,0.201
50.82,1,0.258
50.83,1,0.347
50.84,1,0.412
50.85,1,0.492
50.86,1,0.580
50.87,1,0.623
50.88,1,0.497
50.89,1,0.351
50.90,1,0.191
50.91,1,0.163
50.92,1,0.151
50.93,1,0.190
50.94,1,0.194
50.95,1,0.177
50.96,1,0.185
50.97,1,0.175
50.98,1,0.138
50.99,1,0.126
51.00,1,0.154
51.01,1,0.199
51.02,1,0.285
51.03,1,0.351
51.04,1,0.369
51.05,1,0.371
51.06,1,0.351
51.07,1,0.313
51.08,1,0.311
51.09,1,0.331
51.10,1,0.328
51.11,1,0.333
51.12,1,0.316
51.13,1,0.278
51.14,1,0.278
51.15,1,0.291
51.16,1,0.337
51.17,1,0.419
51.18,1,0.718
51.19,1,0.833
51.20,1,1.226
51.21,1,0.409
51.22,1,0.292
51.23,1,0.305
51.24,1,0.372
51.25,1,0.264
51.26,1,0.213
51.27,1,0.214
51.28,1,0.292
51.29,1,0.339
51.30,1,0.359
51.31,1,0.371
51.32,1,0.409
51.33,1,0.415
51.34,1,0.407
51.35,1,0.476
51.36,1,0.526
51.37,1,0.548
51.38,1,0.560
51.39,1,0.581
51.40,1,0.550
51.41,1,0.541
51.42,1,0.541
51.43,1,0.543
51.44,1,0.549
51.45,1,0.548
51.46,1,0.548
51.47,1,0.563
51.48,1,0.559
51.49,1,0.574
51.50,1,0.594
51.51,1,0.485
51.52,1,0.286
51.53,1,0.236
51.54,1,0.233
51.55,1,0.257
51.56,1,0.331
51.57,1,0.349
51.58,1,0.343
51.59,1,0.393
51.60,1,0.380
51.61,1,0.352
51.62,1,0.388
51.63,1,0.409
51.64,1,0.445
51.65,1,0.598
51.66,1,0.595
51.67,1,0.477
51.68,1,0.283
51.69,1,0.196
51.70,1,0.127
51.71,1,0.116
51.72,1,0.165
51.73,1,0.241
51.74,1,0.286
51.75,1,0.338
51.76,1,0.380
51.77,1,0.410
51.78,1,0.438
51.79,1,0.446
51.80,1,0.444
51.81,1,0.444
51.82,1,0.430
51.83,1,0.417
51.84,1,0.406
51.85,1,0.406
51.86,1,0.405
51.87,1,0.402
51.88,1,0.399
51.89,1,0.384
51.90,1,0.361
51.91,1,0.334
51.92,1,0.296
51.93,1,0.269
51.94,1,0.239
51.95,1,0.215
51.96,1,0.187
51.97,1,0.180
51.98,1,0.189
51.99,1,0.197
52.00,1,0.208
52.01,1,0.217
52.02,1,0.225
52.03,1,0.233
52.04,1,0.245
52.05,1,0.259
52.06,1,0.273
52.07,1,0.291
52.08,1,0.317
52.09,1,0.335
52.10,1,0.353
52.11,1,0.367
52.12,1,0.389
52.13,1,0.403
52.14,1,0.417
52.15,1,0.431
52.16,1,0.439
52.17,1,0.436
52.18,1,0.428
52.19,1,0.426
52.20,1,0.422
52.21,1,0.409
52.22,1,0.401
52.23,1,0.403
52.24,1,0.393
52.25,1,0.364
52.26,1,0.339
52.27,1,0.326
52.28,1,0.313
52.29,1,0.308
52.30,1,0.292
52.31,1,0.264
52.32,1,0.234
52.33,1,0.201
52.34,1,0.182
52.35,1,0.176
52.36,1,0.195
52.37,1,0.236
52.38,1,0.287
52.39,1,0.330
52.40,1,0.352
52.41,1,0.358
52.42,1,0.352
52.43,1,0.338
52.44,1,0.334
52.45,1,0.337
52.46,1,0.353
52.47,1,0.386
52.48,1,0.437
52.49,1,0.503
52.50,1,0.552
52.51,1,0.592
52.52,1,0.614
52.53,1,0.620
52.54,1,0.601
52.55,1,0.551
52.56,1,0.503
52.57,1,0.450
52.58,1,0.340
52.59,1,0.222
52.60,1,0.206
52.61,1,0.317
52.62,1,0.467
52.63,1,0.616
52.64,1,0.716
52.65,1,0.740
52.66,1,0.839
52.67,1,0.967
52.68,1,1.083
52.69,0,
52.70,0,
52.71,0,
52.72,0,
52.73,0,
52.74,0,
52.75,0,
52.76,0,
52.77,0,
52.78,0,
52.79,0,
52.80,0,
52.81,0,
52.82,0,
52.83,0,
52.84,0,
52.85,0,
52.86,0,
52.87,0,
52.88,0,
52.89,0,
52.90,0,
52.91,0,
52.92,0,
52.93,0,
52.94,0,
52.95,0,
52.96,0,
52.97,0,
52.98,0,
52.99,0,
53.00,0,
53.01,0,
53.02,0,
53.03,0,
53.04,0,
53.05,0,
53.06,0,
53.07,0,
53.08,0,
53.09,0,
53.10,0,
53.11,0,
53.12,0,
53.13,0,
53.14,0,
53.15,0,
53.16,0,
53.17,0,
53.18,0,
53.19,0,
53.20,0,
53.21,0,
53.22,0,
53.23,0,
53.24,0,
53.25,0,
53.26,0,
53.27,0,
53.28,0,
53.29,0,
53.30,0,
53.31,0,
53.32,0,
53.33,0,
53.34,0,
53.35,0,
53.36,0,
53.37,0,
53.38,0,
53.39,0,
53.40,0,
53.41,0,
53.42,0,
53.43,0,
53.44,0,
53.45,0,
53.46,0,
53.47,0,
53.48,0,
53.49,0,
53.50,0,
53.51,0,
53.52,0,
53.53,0,
53.54,0,
53.55,0,
53.56,0,
53.57,0,
53.58,0,
53.59,0,
53.60,0,
53.61,0,
53.62,0,
53.63,0,
53.64,0,
53.65,0,
53.66,0,
53.67,0,
53.68,0,
53.69,0,
53.70,0,
53.71,0,
53.72,0,
53.73,0,
53.74,0,
53.75,0,
53.76,0,
53.77,0,
53.78,0,
53.79,0,
53.80,0,
53.81,0,
53.82,0,
53.83,0,
53.84,0,
53.85,0,
53.86,0,
53.87,0,
53.88,0,
53.89,0,
53.90,0,
53.91,0,
53.92,0,
53.93,0,
53.94,0,
53.95,0,
53.96,0,
53.97,0,
53.98,0,
53.99,0,
54.00,0,
54.01,0,
54.02,0,
54.03,0,
54.04,0,
54.05,0,
54.06,0,
54.07,0,
54.08,0,
54.09,0,
54.10,0,
54.11,0,
54.12,0,
54.13,0,
54.14,0,
54.15,0,
54.16,0,
54.17,0,
54.18,0,
54.19,0,
54.20,0,
54.21,0,
54.22,0,
54.23,0,
54.24,0,
54.25,0,
54.26,0,
54.27,0,
54.28,0,
54.29,0,
54.30,0,
54.31,0,
54.32,0,
54.33,0,
54.34,0,
54.35,0,
54.36,0,
54.37,0,
54.38,0,
54.39,0,
54.40,0,
54.41,0,
54.42,0,
54.43,0,
54.44,0,
54.45,0,
54.46,0,
54.47,0,
54.48,0,
54.49,0,
54.50,0,
54.51,0,
54.52,0,
54.53,0,
54.54,0,
54.55,0,
54.56,0,
54.57,0,
54.58,0,
54.59,0,
54.60,0,
54.61,0,
54.62,0,
54.63,0,
54.64,0,
54.65,0,
54.66,0,
54.67,0,
54.68,0,
54.69,0,
54.70,0,
54.71,1,1.743
54.72,1,1.772
54.73,1,1.726
54.74,1,1.711
54.75,1,1.613
54.76,1,1.583
54.77,1,1.595
54.78,1,1.636
54.79,1,1.605
54.80,1,1.759
54.81,1,1.813
54.82,1,1.637
54.83,1,1.431
54.84,1,1.411
54.85,1,1.317
54.86,1,1.400
54.87,1,1.396
54.88,1,1.389
54.89,1,1.284
54.90,1,1.238
54.91,1,1.187
54.92,1,1.176
54.93,1,1.201
54.94,1,1.212
54.95,1,1.235
54.96,1,1.377
54.97,1,1.407
54.98,1,1.362
54.99,1,1.394
55.00,1,1.454
55.01,0,
55.02,0,
55.03,0,
55.04,0,
55.05,0,
55.06,0,
55.07,0,
55.08,0,
55.09,0,
55.10,0,
55.11,0,
55.12,0,
55.13,0,
55.14,0,
55.15,0,
55.16,0,
55.17,0,
55.18,0,
55.19,0,
55.20,0,
55.21,0,
55.22,0,
55.23,0,
55.24,0,
55.25,0,
55.26,0,
55.27,0,
55.28,0,
55.29,0,
55.30,0,
55.31,0,
55.32,0,
55.33,0,
55.34,0,
55.35,0,
55.36,0,
55.37,0,
55.38,0,
55.39,0,
55.40,0,
55.41,0,
55.42,0,
55.43,0,
55.44,0,
55.45,0,
55.46,0,
55.47,0,
55.48,0,
55.49,0,
55.50,0,
55.51,0,
55.52,0,
55.53,0,
55.54,0,
55.55,0,
55.56,0,
55.57,0,
55.58,0,
55.59,0,
55.60,0,
55.61,0,
55.62,0,
55.63,0,
55.64,0,
55.65,0,
55.66,0,
55.67,1,0.333
55.68,1,0.325
55.69,1,0.196
55.70,1,0.180
55.71,1,0.155
55.72,1,0.179
55.73,1,0.183
55.74,1,0.233
55.75,1,0.293
55.76,1,0.347
55.77,1,0.359
55.78,1,0.438
55.79,1,0.433
55.80,1,0.395
55.81,1,0.359
55.82,1,0.345
55.83,1,0.367
55.84,1,0.387
55.85,1,0.396
55.86,1,0.392
55.87,1,0.409
55.88,1,0.426
55.89,1,0.425
55.90,1,0.441
55.91,1,0.474
55.92,1,0.438
55.93,1,0.424
55.94,1,0.424
55.95,1,0.433
55.96,1,0.456
55.97,1,0.432
55.98,1,0.440
55.99,1,0.492
56.00,1,0.588
56.01,1,0.667
56.02,1,0.842
56.03,1,0.999
56.04,1,0.714
56.05,1,0.429
56.06,1,0.282
56.07,1,0.229
56.08,1,0.253
56.09,1,0.302
56.10,1,0.376
56.11,1,0.532
56.12,1,0.693
56.13,1,0.785
56.14,1,0.775
56.15,1,0.697
56.16,1,0.657
56.17,1,0.569
56.18,1,0.485
56.19,1,0.485
56.20,1,0.439
56.21,1,0.442
56.22,1,0.439
56.23,1,0.477
56.24,1,0.473
56.25,1,0.461
56.26,1,0.448
56.27,1,0.421
56.28,1,0.437
56.29,1,0.431
56.30,1,0.441
56.31,1,0.471
56.32,1,0.508
56.33,1,0.482
56.34,1,0.479
56.35,1,0.385
56.36,1,0.330
56.37,1,0.284
56.38,1,0.241
56.39,1,0.247
56.40,1,0.263
56.41,1,0.299
56.42,1,0.337
56.43,1,0.415
56.44,1,0.450
56.45,1,0.453
56.46,1,0.466
56.47,1,0.442
56.48,1,0.496
56.49,1,0.492
56.50,1,0.482
56.51,1,0.505
56.52,1,0.485
56.53,1,0.489
56.54,1,0.534
56.55,1,0.590
56.56,1,0.614
56.57,1,0.718
56.58,1,0.660
56.59,1,0.650
56.60,1,0.630
56.61,1,0.605
56.62,1,0.581
56.63,1,0.521
56.64,1,0.466
56.65,1,0.463
56.66,1,0.408
56.67,1,0.386
56.68,1,0.371
56.69,1,0.316
56.70,1,0.281
56.71,1,0.285
56.72,1,0.299
56.73,1,0.345
56.74,1,0.376
56.75,1,0.429
56.76,1,0.397
56.77,1,0.374
56.78,1,0.318
56.79,1,0.282
56.80,1,0.253
56.81,1,0.245
56.82,1,0.258
56.83,1,0.258
56.84,1,0.280
56.85,1,0.296
56.86,1,0.319
56.87,1,0.371
56.88,1,0.478
56.89,1,0.577
56.90,1,0.658
56.91,1,0.755
56.92,1,0.791
56.93,1,0.795
56.94,1,0.799
56.95,1,0.741
56.96,1,0.600
56.97,1,0.475
56.98,1,0.389
56.99,1,0.280
57.00,1,0.241
57.01,1,0.245
57.02,1,0.256
57.03,1,0.282
57.04,1,0.353
57.05,1,0.382
57.06,1,0.360
57.07,1,0.298
57.08,1,0.267
57.09,1,0.291
57.10,1,0.314
57.11,1,0.351
57.12,1,0.379
57.13,1,0.402
57.14,1,0.398
57.15,1,0.396
57.16,1,0.409
57.17,1,0.416
57.18,1,0.435
57.19,1,0.432
57.20,1,0.417
57.21,1,0.415
57.22,1,0.423
57.23,1,0.379
57.24,1,0.346
57.25,1,0.306
57.26,1,0.283
57.27,1,0.258
57.28,1,0.251
57.29,1,0.303
57.30,1,0.325
57.31,1,0.312
57.32,1,0.324
57.33,1,0.321
57.34,1,0.351
57.35,1,0.392
57.36,1,0.492
57.37,1,0.646
57.38,1,0.762
57.39,1,0.806
57.40,1,0.744
57.41,1,0.568
57.42,1,0.470
57.43,1,0.391
57.44,1,0.257
57.45,1,0.169
57.46,1,0.208
57.47,1,0.248
57.48,1,0.282
57.49,1,0.327
57.50,1,0.466
57.51,1,0.589
57.52,1,0.683
57.53,1,0.860
57.54,1,0.892
57.55,1,1.033
57.56,1,1.120
57.57,1,0.498
57.58,1,0.247
57.59,1,0.216
57.60,1,0.246
57.61,1,0.262
57.62,1,0.295
57.63,1,0.315
57.64,1,0.345
57.65,1,0.364
57.66,1,0.373
57.67,1,0.389
57.68,1,0.397
57.69,1,0.386
57.70,1,0.394
57.71,1,0.379
57.72,1,0.392
57.73,1,0.383
57.74,1,0.371
57.75,1,0.318
57.76,1,0.274
57.77,1,0.240
57.78,1,0.223
57.79,1,0.212
57.80,1,0.237
57.81,1,0.287
57.82,1,0.295
57.83,1,0.289
57.84,1,0.302
57.85,1,0.297
57.86,1,0.293
57.87,1,0.288
57.88,1,0.290
57.89,1,0.294
57.90,1,0.286
57.91,1,0.283
57.92,1,0.290
57.93,1,0.313
57.94,1,0.323
57.95,1,0.343
57.96,1,0.367
57.97,1,0.395
57.98,1,0.406
57.99,1,0.421
58.00,1,0.439
58.01,1,0.465
58.02,1,0.471
58.03,1,0.469
58.04,1,0.468
58.05,1,0.451
58.06,1,0.433
58.07,1,0.414
58.08,1,0.400
58.09,1,0.376
58.10,1,0.356
58.11,1,0.315
58.12,1,0.306
58.13,1,0.296
58.14,1,0.289
58.15,1,0.296
58.16,1,0.309
58.17,1,0.312
58.18,1,0.320
58.19,1,0.343
58.20,1,0.315
58.21,1,0.302
58.22,1,0.280
58.23,1,0.270
58.24,1,0.252
58.25,1,0.311
58.26,1,0.387
58.27,1,0.302
58.28,1,0.307
58.29,1,0.312
58.30,1,0.310
58.31,1,0.286
58.32,1,0.299
58.33,1,0.256
58.34,1,0.247
58.35,1,0.224
58.36,1,0.190
58.37,1,0.206
58.38,1,0.226
58.39,1,0.227
58.40,1,0.276
58.41,1,0.303
58.42,1,0.318
58.43,1,0.333
58.44,1,0.352
58.45,1,0.307
58.46,1,0.306
58.47,1,0.298
58.48,1,0.302
58.49,1,0.293
58.50,1,0.290
58.51,1,0.289
58.52,1,0.284
58.53,1,0.287
58.54,1,0.294
58.55,1,0.302
58.56,1,0.297
58.57,1,0.293
58.58,1,0.262
58.59,1,0.254
58.60,1,0.270
58.61,1,0.286
58.62,1,0.340
58.63,1,0.473
58.64,1,0.520
58.65,1,0.534
58.66,1,0.516
58.67,1,0.437
58.68,1,0.402
58.69,1,0.353
58.70,1,0.257
58.71,1,0.232
58.72,1,0.207
58.73,1,0.213
58.74,1,0.223
58.75,1,0.288
58.76,1,0.371
58.77,1,0.523
58.78,1,0.627
58.79,1,0.819
58.80,1,0.694
58.81,1,0.423
58.82,1,0.329
58.83,1,0.279
58.84,1,0.257
58.85,1,0.266
58.86,1,0.274
58.87,1,0.278
58.88,1,0.269
58.89,1,0.307
58.90,1,0.350
58.91,1,0.399
58.92,1,0.527
58.93,1,0.764
58.94,1,0.751
58.95,1,0.788
58.96,1,0.572
58.97,1,0.399
58.98,1,0.325
58.99,1,0.290
59.00,1,0.225
59.01,1,0.220
59.02,1,0.218
59.03,1,0.220
59.04,1,0.239
59.05,1,0.248
59.06,1,0.268
59.07,1,0.322
59.08,1,0.369
59.09,1,0.365
59.10,1,0.420
59.11,1,0.399
59.12,1,0.337
59.13,1,0.331
59.14,1,0.329
59.15,1,0.278
59.16,1,0.270
59.17,1,0.253
59.18,1,0.242
59.19,1,0.277
59.20,1,0.363
59.21,1,0.418
59.22,1,0.442
59.23,1,0.498
59.24,1,0.463
59.25,1,0.431
59.26,1,0.377
59.27,1,0.357
59.28,1,0.324
59.29,1,0.328
59.30,1,0.351
59.31,1,0.372
59.32,1,0.380
59.33,1,0.339
59.34,1,0.308
59.35,1,0.281
59.36,1,0.287
59.37,1,0.394
59.38,1,0.476
59.39,1,0.601
59.40,1,0.584
59.41,1,0.520
59.42,1,0.379
59.43,1,0.346
59.44,1,0.314
59.45,1,0.322
59.46,1,0.330
59.47,1,0.317
59.48,1,0.307
59.49,1,0.281
59.50,1,0.305
59.51,1,0.344
59.52,1,0.375
59.53,1,0.465
59.54,1,0.523
59.55,1,0.436
59.56,1,0.412
59.57,1,0.343
59.58,1,0.285
59.59,1,0.265
59.60,1,0.254
59.61,1,0.230
59.62,1,0.209
59.63,1,0.221
59.64,1,0.246
59.65,1,0.254
59.66,1,0.298
59.67,1,0.355
59.68,1,0.378
59.69,1,0.384
59.70,1,0.388
59.71,1,0.349
59.72,1,0.305
59.73,1,0.295
59.74,1,0.263
59.75,1,0.257
59.76,1,0.253
59.77,1,0.261
59.78,1,0.269
59.79,1,0.281
59.80,1,0.306
59.81,1,0.323
59.82,1,0.311
59.83,1,0.308
59.84,1,0.297
59.85,1,0.294
59.86,1,0.297
59.87,1,0.302
59.88,1,0.305
59.89,1,0.293
59.90,1,0.270
59.91,1,0.261
59.92,1,0.262
59.93,1,0.283
59.94,1,0.407
59.95,1,0.772
59.96,1,1.144
59.97,1,1.257
59.98,1,1.266
59.99,1,1.272
60.00,1,1.298
60.01,1,1.307
60.02,1,1.387
60.03,1,1.235
60.04,1,0.336
60.05,1,0.271
60.06,1,0.268
60.07,1,0.270
60.08,1,0.253
60.09,1,0.270
60.10,1,0.277
60.11,1,0.300
60.12,1,0.291
60.13,1,0.317
60.14,1,0.330
60.15,1,0.362
60.16,1,0.390
60.17,1,0.413
60.18,1,0.424
60.19,1,0.437
60.20,1,0.400
60.21,1,0.341
60.22,1,0.332
60.23,1,0.330
60.24,1,0.309
60.25,1,0.294
60.26,1,0.297
60.27,1,0.275
60.28,1,0.261
60.29,1,0.270
60.30,1,0.282
60.31,1,0.267
60.32,1,0.275
60.33,1,0.272
60.34,1,0.271
60.35,1,0.274
60.36,1,0.297
60.37,1,0.305
60.38,1,0.305
60.39,1,0.300
60.40,1,0.290
60.41,1,0.269
60.42,1,0.245
60.43,1,0.238
60.44,1,0.248
60.45,1,0.266
60.46,1,0.309
60.47,1,0.363
60.48,1,0.382
60.49,1,0.383
60.50,1,0.361
60.51,1,0.321
60.52,1,0.308
60.53,1,0.309
60.54,1,0.298
60.55,1,0.295
60.56,1,0.290
60.57,1,0.274
60.58,1,0.297
60.59,1,0.331
60.60,1,0.354
60.61,1,0.360
60.62,1,0.357
60.63,1,0.336
60.64,1,0.309
60.65,1,0.290
60.66,1,0.291
60.67,1,0.290
60.68,1,0.266
60.69,1,0.268
60.70,1,0.256
60.71,1,0.222
60.72,1,0.207
60.73,1,0.197
60.74,1,0.194
60.75,1,0.213
60.76,1,0.254
60.77,1,0.328
60.78,1,0.623
60.79,1,0.831
60.80,1,0.612
60.81,1,0.182
60.82,1,0.133
60.83,1,0.140
60.84,1,0.172
60.85,1,0.206
60.86,1,0.241
60.87,1,0.268
60.88,1,0.297
60.89,1,0.305
60.90,1,0.323
60.91,1,0.379
60.92,1,0.420
60.93,1,0.464
60.94,1,0.471
60.95,1,0.433
60.96,1,0.385
60.97,1,0.352
60.98,1,0.304
60.99,1,0.280
61.00,1,0.286
61.01,1,0.289
61.02,1,0.293
61.03,1,0.303
61.04,1,0.306
61.05,1,0.321
61.06,1,0.345
61.07,1,0.355
61.08,1,0.392
61.09,1,0.433
61.10,1,0.426
61.11,1,0.419
61.12,1,0.424
61.13,1,0.413
61.14,1,0.335
61.15,1,0.280
61.16,1,0.248
61.17,1,0.216
61.18,1,0.192
61.19,1,0.218
61.20,1,0.247
61.21,1,0.259
61.22,1,0.286
61.23,1,0.315
61.24,1,0.303
61.25,1,0.356
61.26,1,0.384
61.27,1,0.412
61.28,1,0.426
61.29,1,0.390
61.30,1,0.310
61.31,1,0.277
61.32,1,0.260
61.33,1,0.249
61.34,1,0.280
61.35,1,0.308
61.36,1,0.316
61.37,1,0.359
61.38,1,0.403
61.39,1,0.448
61.40,1,0.592
61.41,1,1.086
61.42,1,0.963
61.43,1,0.481
61.44,1,0.223
61.45,1,0.162
61.46,1,0.139
61.47,1,0.115
61.48,1,0.134
61.49,1,0.112
61.50,1,0.097
61.51,1,0.104
61.52,1,0.123
61.53,1,0.121
61.54,1,0.132
61.55,1,0.144
61.56,1,0.161
61.57,1,0.161
61.58,1,0.183
61.59,1,0.248
61.60,1,0.232
61.61,1,0.187
61.62,1,0.173
61.63,1,0.164
61.64,1,0.156
61.65,1,0.164
61.66,1,0.174
61.67,1,0.180
61.68,1,0.199
61.69,1,0.212
61.70,1,0.210
61.71,1,0.217
61.72,1,0.238
61.73,1,0.243
61.74,1,0.252
61.75,1,0.252
61.76,1,0.242
61.77,1,0.235
61.78,1,0.242
61.79,1,0.245
61.80,1,0.238
61.81,1,0.228
61.82,1,0.211
61.83,1,0.219
61.84,1,0.255
61.85,1,0.360
61.86,1,0.449
61.87,1,0.498
61.88,1,0.563
61.89,1,0.627
61.90,1,0.562
61.91,1,0.538
61.92,1,0.742
61.93,1,0.787
61.94,1,0.870
61.95,1,0.836
61.96,1,0.775
61.97,1,0.747
61.98,1,0.633
61.99,1,0.556
62.00,1,0.443
62.01,1,0.328
62.02,1,0.284
62.03,1,0.233
62.04,1,0.198
62.05,1,0.186
62.06,1,0.168
62.07,1,0.159
62.08,1,0.168
62.09,1,0.191
62.10,1,0.226
62.11,1,0.241
62.12,1,0.377
62.13,1,0.491
62.14,1,0.654
62.15,1,0.734
62.16,1,0.968
62.17,1,0.826
62.18,1,0.439
62.19,1,0.174
62.20,1,0.144
62.21,1,0.110
62.22,1,0.099
62.23,1,0.120
62.24,1,0.176
62.25,1,0.211
62.26,1,0.233
62.27,1,0.272
62.28,1,0.276
62.29,1,0.299
62.30,1,0.270
62.31,1,0.282
62.32,1,0.268
62.33,1,0.240
62.34,1,0.243
62.35,1,0.217
62.36,1,0.198
62.37,1,0.213
62.38,1,0.225
62.39,1,0.268
62.40,1,0.302
62.41,1,0.409
62.42,1,0.540
62.43,1,0.614
62.44,1,0.702
62.45,1,0.729
62.46,1,0.816
62.47,1,0.930
62.48,1,1.123
62.49,1,1.336
62.50,1,1.368
62.51,1,0.957
62.52,1,0.278
62.53,1,0.184
62.54,1,0.165
62.55,1,0.161
62.56,1,0.157
62.57,1,0.171
62.58,1,0.188
62.59,1,0.195
62.60,1,0.218
62.61,1,0.239
62.62,1,0.243
62.63,1,0.242
62.64,1,0.249
62.65,1,0.272
62.66,1,0.279
62.67,1,0.324
62.68,1,0.271
62.69,1,0.153
62.70,1,0.096
62.71,1,0.145
62.72,1,0.186
62.73,1,0.201
62.74,1,0.231
62.75,1,0.278
62.76,1,0.273
62.77,1,0.275
62.78,1,0.287
62.79,1,0.268
62.80,1,0.267
62.81,1,0.262
62.82,1,0.247
62.83,1,0.233
62.84,1,0.226
62.85,1,0.224
62.86,1,0.233
62.87,1,0.226
62.88,1,0.222
62.89,1,0.211
62.90,1,0.186
62.91,1,0.170
62.92,1,0.166
62.93,1,0.171
62.94,1,0.181
62.95,1,0.184
62.96,1,0.185
62.97,1,0.193
62.98,1,0.192
62.99,1,0.205
63.00,1,0.215
63.01,1,0.239
63.02,1,0.262
63.03,1,0.290
63.04,1,0.345
63.05,1,0.468
63.06,1,0.517
63.07,1,0.586
63.08,1,0.957
63.09,1,1.073
63.10,1,0.944
63.11,1,0.859
63.12,1,0.873
63.13,1,0.670
63.14,1,0.391
63.15,1,0.120
63.16,1,0.102
63.17,1,0.147
63.18,1,0.181
63.19,1,0.198
63.20,1,0.233
63.21,1,0.271
63.22,1,0.306
63.23,1,0.350
63.24,1,0.382
63.25,1,0.381
63.26,1,0.363
63.27,1,0.307
63.28,1,0.250
63.29,1,0.223
63.30,1,0.196
63.31,1,0.181
63.32,1,0.162
63.33,1,0.156
63.34,1,0.151
63.35,1,0.173
63.36,1,0.208
63.37,1,0.253
63.38,1,0.329
63.39,1,0.383
63.40,1,0.457
63.41,1,0.580
63.42,1,0.630
63.43,1,0.393
63.44,1,0.307
63.45,1,0.222
63.46,1,0.127
63.47,1,0.084
63.48,1,0.114
63.49,1,0.175
63.50,1,0.206
63.51,1,0.237
63.52,1,0.284
63.53,1,0.316
63.54,1,0.290
63.55,1,0.270
63.56,1,0.247
63.57,1,0.229
63.58,1,0.207
63.59,1,0.187
63.60,1,0.163
63.61,1,0.144
63.62,1,0.134
63.63,1,0.138
63.64,1,0.160
63.65,1,0.185
63.66,1,0.229
63.67,1,0.287
63.68,1,0.361
63.69,1,0.453
63.70,1,0.779
63.71,1,1.106
63.72,1,1.435
63.73,1,1.725
63.74,1,1.519
63.75,1,0.851
63.76,1,0.257
63.77,1,0.150
63.78,1,0.166
63.79,1,0.160
63.80,1,0.166
63.81,1,0.180
63.82,1,0.198
63.83,1,0.227
63.84,1,0.278
63.85,1,0.297
63.86,1,0.303
63.87,1,0.290
63.88,1,0.251
63.89,1,0.187
63.90,1,0.183
63.91,1,0.203
63.92,1,0.229
63.93,1,0.243
63.94,1,0.250
63.95,1,0.251
63.96,1,0.224
63.97,1,0.205
63.98,1,0.208
63.99,1,0.225
64.00,1,0.271
64.01,1,0.358
64.02,1,0.607
64.03,1,0.919
64.04,1,0.838
64.05,1,0.625
64.06,1,0.484
64.07,1,0.340
64.08,1,0.143
64.09,1,0.105
64.10,1,0.169
64.11,1,0.217
64.12,1,0.246
64.13,1,0.297
64.14,1,0.327
64.15,1,0.354
64.16,1,0.347
64.17,1,0.371
64.18,1,0.396
64.19,1,0.494
64.20,1,0.509
64.21,1,0.682
64.22,1,0.524
64.23,1,0.352
64.24,1,0.199
64.25,1,0.147
64.26,1,0.120
64.27,1,0.114
64.28,1,0.120
64.29,1,0.130
64.30,1,0.170
64.31,1,0.196
64.32,1,0.232
64.33,1,0.287
64.34,1,0.777
64.35,1,0.634
64.36,1,0.703
64.37,1,0.683
64.38,1,0.561
64.39,1,0.253
64.40,1,0.129
64.41,1,0.112
64.42,1,0.143
64.43,1,0.168
64.44,1,0.183
64.45,1,0.213
64.46,1,0.239
64.47,1,0.235
64.48,1,0.242
64.49,1,0.270
64.50,1,0.257
64.51,1,0.268
64.52,1,0.249
64.53,1,0.242
64.54,1,0.225
64.55,1,0.182
64.56,1,0.151
64.57,1,0.122
64.58,1,0.111
64.59,1,0.113
64.60,1,0.139
64.61,1,0.166
64.62,1,0.202
64.63,1,0.245
64.64,1,0.264
64.65,1,0.207
64.66,1,0.182
64.67,1,0.166
64.68,1,0.180
64.69,1,0.213
64.70,1,0.269
64.71,1,0.321
64.72,1,0.242
64.73,1,0.178
64.74,1,0.181
64.75,1,0.172
64.76,1,0.172
64.77,1,0.197
64.78,1,0.221
64.79,1,0.228
64.80,1,0.228
64.81,1,0.215
64.82,1,0.197
64.83,1,0.178
64.84,1,0.175
64.85,1,0.191
64.86,1,0.194
64.87,1,0.181
64.88,1,0.169
64.89,1,0.152
64.90,1,0.141
64.91,1,0.129
64.92,1,0.141
64.93,1,0.156
64.94,1,0.196
64.95,1,0.253
64.96,1,0.305
64.97,1,0.356
64.98,1,0.465
64.99,1,0.492
65.00,1,0.426
65.01,1,0.189
65.02,1,0.125
65.03,1,0.147
65.04,1,0.161
65.05,1,0.178
65.06,1,0.224
65.07,1,0.261
65.08,1,0.312
65.09,1,0.346
65.10,1,0.354
65.11,1,0.348
65.12,1,0.335
65.13,1,0.322
65.14,1,0.323
65.15,1,0.348
65.16,1,0.335
65.17,1,0.325
65.18,1,0.325
65.19,1,0.231
65.20,1,0.183
65.21,1,0.173
65.22,1,0.152
65.23,1,0.121
65.24,1,0.121
65.25,1,0.119
65.26,1,0.117
65.27,1,0.125
65.28,1,0.126
65.29,1,0.120
65.30,1,0.119
65.31,1,0.122
65.32,1,0.116
65.33,1,0.121
65.34,1,0.125
65.35,1,0.121
65.36,1,0.138
65.37,1,0.151
65.38,1,0.151
65.39,1,0.156
65.40,1,0.162
65.41,1,0.190
65.42,1,0.231
65.43,1,0.271
65.44,1,0.309
65.45,1,0.353
65.46,1,0.394
65.47,1,0.415
65.48,1,0.434
65.49,1,0.435
65.50,1,0.407
65.51,1,0.377
65.52,1,0.371
65.53,1,0.384
65.54,1,0.389
65.55,1,0.408
65.56,1,0.452
65.57,1,0.425
65.58,1,0.289
65.59,1,0.249
65.60,1,0.235
65.61,1,0.189
65.62,1,0.152
65.63,1,0.116
65.64,1,0.131
65.65,1,0.157
65.66,1,0.207
65.67,1,0.244
65.68,1,0.293
65.69,1,0.296
65.70,1,0.286
65.71,1,0.248
65.72,1,0.231
65.73,1,0.210
65.74,1,0.215
65.75,1,0.274
65.76,1,0.313
65.77,1,0.370
65.78,1,0.424
65.79,1,0.477
65.80,1,0.493
65.81,1,0.542
65.82,1,0.582
65.83,1,0.589
65.84,1,0.583
65.85,1,0.594
65.86,1,0.612
65.87,1,0.571
65.88,1,0.443
65.89,1,0.342
65.90,1,0.260
65.91,1,0.222
65.92,1,0.190
65.93,1,0.212
65.94,1,0.198
65.95,1,0.220
65.96,1,0.241
65.97,1,0.256
65.98,1,0.268
65.99,1,0.289
66.00,1,0.319
66.01,1,0.360
66.02,1,0.464
66.03,1,0.538
66.04,1,0.567
66.05,1,0.555
66.06,1,0.508
66.07,1,0.458
66.08,1,0.395
66.09,1,0.361
66.10,1,0.361
66.11,1,0.367
66.12,1,0.349
66.13,1,0.352
66.14,1,0.336
66.15,1,0.354
66.16,1,0.341
66.17,1,0.402
66.18,1,0.451
66.19,1,0.412
66.20,1,0.586
66.21,1,0.688
66.22,1,0.477
66.23,1,0.417
66.24,1,0.287
66.25,1,0.251
66.26,1,0.239
66.27,1,0.223
66.28,1,0.241
66.29,1,0.248
66.30,1,0.269
66.31,1,0.299
66.32,1,0.338
66.33,1,0.344
66.34,1,0.360
66.35,1,0.340
66.36,1,0.325
66.37,1,0.322
66.38,1,0.296
66.39,1,0.299
66.40,1,0.321
66.41,1,0.314
66.42,1,0.315
66.43,1,0.337
66.44,1,0.385
66.45,1,0.416
66.46,1,0.452
66.47,1,0.443
66.48,1,0.496
66.49,1,0.485
66.50,1,0.495
66.51,1,0.623
66.52,1,0.678
66.53,1,0.478
66.54,1,0.347
66.55,1,0.280
66.56,1,0.296
66.57,1,0.323
66.58,1,0.354
66.59,1,0.394
66.60,1,0.419
66.61,1,0.414
66.62,1,0.411
66.63,1,0.414
66.64,1,0.434
66.65,1,0.500
66.66,1,0.684
66.67,1,0.906
66.68,1,0.601
66.69,1,0.451
66.70,1,0.287
66.71,1,0.209
66.72,1,0.217
66.73,1,0.205
66.74,1,0.197
66.75,1,0.230
66.76,1,0.259
66.77,1,0.282
66.78,1,0.296
66.79,1,0.318
66.80,1,0.333
66.81,1,0.320
66.82,1,0.318
66.83,1,0.327
66.84,1,0.313
66.85,1,0.315
66.86,1,0.327
66.87,1,0.375
66.88,1,0.455
66.89,1,0.475
66.90,1,0.444
66.91,1,0.409
66.92,1,0.387
66.93,1,0.378
66.94,1,0.395
66.95,1,0.409
66.96,1,0.438
66.97,1,0.454
66.98,1,0.492
66.99,1,0.520
67.00,1,0.508
67.01,1,0.374
67.02,1,0.279
67.03,1,0.233
67.04,1,0.216
67.05,1,0.171
67.06,1,0.173
67.07,1,0.203
67.08,1,0.212
67.09,1,0.208
67.10,1,0.222
67.11,1,0.225
67.12,1,0.222
67.13,1,0.224
67.14,1,0.234
67.15,1,0.235
67.16,1,0.236
67.17,1,0.223
67.18,1,0.214
67.19,1,0.215
67.20,1,0.222
67.21,1,0.254
67.22,1,0.279
67.23,1,0.305
67.24,1,0.343
67.25,1,0.355
67.26,1,0.356
67.27,1,0.389
67.28,1,0.397
67.29,1,0.379
67.30,1,0.389
67.31,1,0.340
67.32,1,0.274
67.33,1,0.205
67.34,1,0.158
67.35,1,0.145
67.36,1,0.148
67.37,1,0.163
67.38,1,0.193
67.39,1,0.215
67.40,1,0.220
67.41,1,0.227
67.42,1,0.224
67.43,1,0.273
67.44,1,0.359
67.45,1,0.676
67.46,1,0.690
67.47,1,0.389
67.48,1,0.239
67.49,1,0.189
67.50,1,0.185
67.51,1,0.198
67.52,1,0.209
67.53,1,0.234
67.54,1,0.266
67.55,1,0.287
67.56,1,0.301
67.57,1,0.298
67.58,1,0.301
67.59,1,0.309
67.60,1,0.323
67.61,1,0.349
67.62,1,0.367
67.63,1,0.341
67.64,1,0.313
67.65,1,0.297
67.66,1,0.282
67.67,1,0.264
67.68,1,0.273
67.69,1,0.271
67.70,1,0.269
67.71,1,0.283
67.72,1,0.290
67.73,1,0.293
67.74,1,0.314
67.75,1,0.318
67.76,1,0.315
67.77,1,0.329
67.78,1,0.330
67.79,1,0.305
67.80,1,0.301
67.81,1,0.303
67.82,1,0.289
67.83,1,0.281
67.84,1,0.264
67.85,1,0.257
67.86,1,0.255
67.87,1,0.265
67.88,1,0.304
67.89,1,0.320
67.90,1,0.357
67.91,1,0.383
67.92,1,0.398
67.93,1,0.409
67.94,1,0.453
67.95,1,0.487
67.96,1,0.496
67.97,1,0.502
67.98,1,0.489
67.99,1,0.473
68.00,1,0.450
68.01,1,0.432
68.02,1,0.398
68.03,1,0.345
68.04,1,0.310
68.05,1,0.285
68.06,1,0.245
68.07,1,0.225
68.08,1,0.205
68.09,1,0.194
68.10,1,0.191
68.11,1,0.199
68.12,1,0.256
68.13,1,0.317
68.14,1,0.385
68.15,1,0.395
68.16,1,0.413
68.17,1,0.415
68.18,1,0.361
68.19,1,0.369
68.20,1,0.386
68.21,1,0.399
68.22,1,0.354
68.23,1,0.287
68.24,1,0.228
68.25,1,0.232
68.26,1,0.234
68.27,1,0.286
68.28,1,0.290
68.29,1,0.294
68.30,1,0.320
68.31,1,0.343
68.32,1,0.332
68.33,1,0.332
68.34,1,0.353
68.35,1,0.317
68.36,1,0.295
68.37,1,0.292
68.38,1,0.280
68.39,1,0.284
68.40,1,0.302
68.41,1,0.280
68.42,1,0.300
68.43,1,0.340
68.44,1,0.364
68.45,1,0.373
68.46,1,0.390
68.47,1,0.404
68.48,1,0.390
68.49,1,0.352
68.50,1,0.345
68.51,1,0.339
68.52,1,0.334
68.53,1,0.328
68.54,1,0.342
68.55,1,0.366
68.56,1,0.345
68.57,1,0.365
68.58,1,0.328
68.59,1,0.325
68.60,1,0.321
68.61,1,0.349
68.62,1,0.355
68.63,1,0.377
68.64,1,0.364
68.65,1,0.392
68.66,1,0.389
68.67,1,0.389
68.68,1,0.426
68.69,1,0.467
68.70,1,0.493
68.71,1,0.442
68.72,1,0.312
68.73,1,0.259
68.74,1,0.207
68.75,1,0.203
68.76,1,0.215
68.77,1,0.241
68.78,1,0.264
68.79,1,0.311
68.80,1,0.381
68.81,1,0.418
68.82,1,0.422
68.83,1,0.561
68.84,1,0.677
68.85,1,0.768
68.86,1,0.505
68.87,1,0.312
68.88,1,0.224
68.89,1,0.236
68.90,1,0.225
68.91,1,0.229
68.92,1,0.252
68.93,1,0.286
68.94,1,0.301
68.95,1,0.328
68.96,1,0.353
68.97,1,0.387
68.98,1,0.390
68.99,1,0.425
69.00,1,0.440
69.01,1,0.355
69.02,1,0.288
69.03,1,0.253
69.04,1,0.227
69.05,1,0.227
69.06,1,0.223
69.07,1,0.254
69.08,1,0.275
69.09,1,0.279
69.10,1,0.317
69.11,1,0.327
69.12,1,0.340
69.13,1,0.371
69.14,1,0.352
69.15,1,0.336
69.16,1,0.350
69.17,1,0.310
69.18,1,0.314
69.19,1,0.297
69.20,1,0.293
69.21,1,0.301
69.22,1,0.348
69.23,1,0.358
69.24,1,0.410
69.25,1,0.418
69.26,1,0.431
69.27,1,0.440
69.28,1,0.458
69.29,1,0.436
69.30,1,0.380
69.31,1,0.402
69.32,1,0.421
69.33,1,0.396
69.34,1,0.444
69.35,1,0.409
69.36,1,0.379
69.37,1,0.378
69.38,1,0.369
69.39,1,0.343
69.40,1,0.337
69.41,1,0.322
69.42,1,0.340
69.43,1,0.356
69.44,1,0.383
69.45,1,0.415
69.46,1,0.451
69.47,1,0.499
69.48,1,0.499
69.49,1,0.435
69.50,1,0.391
69.51,1,0.328
69.52,1,0.289
69.53,1,0.257
69.54,1,0.257
69.55,1,0.267
69.56,1,0.312
69.57,1,0.338
69.58,1,0.399
69.59,1,0.465
69.60,1,0.522
69.61,1,0.553
69.62,1,0.485
69.63,1,0.403
69.64,1,0.302
69.65,1,0.284
69.66,1,0.307
69.67,1,0.367
69.68,1,0.366
69.69,1,0.403
69.70,1,0.425
69.71,1,0.391
69.72,1,0.385
69.73,1,0.399
69.74,1,0.379
69.75,1,0.350
69.76,1,0.345
69.77,1,0.325
69.78,1,0.327
69.79,1,0.377
69.80,1,0.390
69.81,1,0.433
69.82,1,0.406
69.83,1,0.387
69.84,1,0.346
69.85,1,0.344
69.86,1,0.335
69.87,1,0.420
69.88,1,0.426
69.89,1,0.430
69.90,1,0.394
69.91,1,0.388
69.92,1,0.422
69.93,1,0.440
69.94,1,0.414
69.95,1,0.376
69.96,1,0.315
69.97,1,0.267
69.98,1,0.238
69.99,1,0.231
70.00,1,0.250
70.01,1,0.268
70.02,1,0.266
70.03,1,0.284
70.04,1,0.282
70.05,1,0.315
70.06,1,0.362
70.07,1,0.419
70.08,1,0.466
70.09,1,0.521
70.10,1,0.583
70.11,1,0.588
70.12,1,0.469
70.13,1,0.393
70.14,1,0.350
70.15,1,0.301
70.16,1,0.299
70.17,1,0.293
70.18,1,0.303
70.19,1,0.309
70.20,1,0.308
70.21,1,0.286
70.22,1,0.270
70.23,1,0.254
70.24,1,0.254
70.25,1,0.257
70.26,1,0.270
70.27,1,0.302
70.28,1,0.316
70.29,1,0.338
70.30,1,0.375
70.31,1,0.391
70.32,1,0.397
70.33,1,0.433
70.34,1,0.434
70.35,1,0.437
70.36,1,0.437
70.37,1,0.423
70.38,1,0.396
70.39,1,0.385
70.40,1,0.413
70.41,1,0.391
70.42,1,0.316
70.43,1,0.273
70.44,1,0.240
70.45,1,0.223
70.46,1,0.233
70.47,1,0.244
70.48,1,0.273
70.49,1,0.272
70.50,1,0.297
70.51,1,0.358
70.52,1,0.386
70.53,1,0.408
70.54,1,0.448
70.55,1,0.460
70.56,1,0.396
70.57,1,0.417
70.58,1,0.408
70.59,1,0.395
70.60,1,0.394
70.61,1,0.406
70.62,1,0.352
70.63,1,0.330
70.64,1,0.316
70.65,1,0.325
70.66,1,0.326
70.67,1,0.323
70.68,1,0.346
70.69,1,0.367
70.70,1,0.384
70.71,1,0.424
70.72,1,0.456
70.73,1,0.426
70.74,1,0.402
70.75,1,0.401
70.76,1,0.415
70.77,1,0.409
70.78,1,0.439
70.79,1,0.449
70.80,1,0.420
70.81,1,0.411
70.82,1,0.396
70.83,1,0.337
70.84,1,0.303
70.85,1,0.287
70.86,1,0.272
70.87,1,0.257
70.88,1,0.265
70.89,1,0.271
70.90,1,0.299
70.91,1,0.335
70.92,1,0.349
70.93,1,0.340
70.94,1,0.312
70.95,1,0.288
70.96,1,0.319
70.97,1,0.328
70.98,1,0.369
70.99,1,0.458
71.00,1,0.496
71.01,1,0.552
71.02,1,0.532
71.03,1,0.378
71.04,1,0.348
71.05,1,0.278
71.06,1,0.254
71.07,1,0.263
71.08,1,0.285
71.09,1,0.285
71.10,1,0.314
71.11,1,0.308
71.12,1,0.305
71.13,1,0.308
71.14,1,0.302
71.15,1,0.297
71.16,1,0.295
71.17,1,0.317
71.18,1,0.332
71.19,1,0.359
71.20,1,0.421
71.21,1,0.446
71.22,1,0.403
71.23,1,0.381
71.24,1,0.351
71.25,1,0.363
71.26,1,0.347
71.27,1,0.403
71.28,1,0.455
71.29,1,0.575
71.30,1,0.762
71.31,1,0.931
71.32,1,0.496
71.33,1,0.242
71.34,1,0.190
71.35,1,0.216
71.36,1,0.256
71.37,1,0.308
71.38,1,0.392
71.39,1,0.477
71.40,1,0.561
71.41,1,0.593
71.42,1,0.566
71.43,1,0.461
71.44,1,0.417
71.45,1,0.389
71.46,1,0.340
71.47,1,0.324
71.48,1,0.300
71.49,1,0.264
71.50,1,0.235
71.51,1,0.221
71.52,1,0.210
71.53,1,0.214
71.54,1,0.232
71.55,1,0.256
71.56,1,0.303
71.57,1,0.345
71.58,1,0.387
71.59,1,0.409
71.60,1,0.368
71.61,1,0.334
71.62,1,0.314
71.63,1,0.308
71.64,1,0.327
71.65,1,0.335
71.66,1,0.360
71.67,1,0.362
71.68,1,0.333
71.69,1,0.328
71.70,1,0.312
71.71,1,0.300
71.72,1,0.350
71.73,1,0.380
71.74,1,0.375
71.75,1,0.378
71.76,1,0.356
71.77,1,0.327
71.78,1,0.335
71.79,1,0.372
71.80,1,0.381
71.81,1,0.365
71.82,1,0.357
71.83,1,0.326
71.84,1,0.310
71.85,1,0.342
71.86,1,0.355
71.87,1,0.331
71.88,1,0.321
71.89,1,0.282
71.90,1,0.245
71.91,1,0.254
71.92,1,0.289
71.93,1,0.345
71.94,1,0.373
71.95,1,0.382
71.96,1,0.394
71.97,1,0.371
71.98,1,0.330
71.99,1,0.363
72.00,1,0.616
72.01,1,0.845
72.02,1,1.139
72.03,1,1.558
72.04,1,1.801
72.05,1,1.591
72.06,1,1.345
72.07,1,1.326
72.08,1,1.509
72.09,1,1.557
72.10,1,1.683
72.11,1,1.770
72.12,1,1.750
72.13,1,1.498
72.14,1,1.520
72.15,1,1.337
72.16,1,1.134
72.17,1,0.944
72.18,1,0.758
72.19,1,0.647
72.20,1,0.554
72.21,1,0.517
72.22,1,0.519
72.23,1,0.523
72.24,1,0.504
72.25,1,0.514
72.26,1,0.470
72.27,1,0.443
72.28,1,0.413
72.29,1,0.393
72.30,1,0.385
72.31,1,0.330
72.32,1,0.196
72.33,1,0.153
72.34,1,0.161
72.35,1,0.157
72.36,1,0.163
72.37,1,0.170
72.38,1,0.180
72.39,1,0.172
72.40,1,0.163
72.41,1,0.152
72.42,1,0.160
72.43,1,0.167
72.44,1,0.177
72.45,1,0.224
72.46,1,0.293
72.47,1,0.339
72.48,1,0.361
72.49,1,0.371
72.50,1,0.331
72.51,1,0.293
72.52,1,0.275
72.53,1,0.251
72.54,1,0.258
72.55,1,0.242
72.56,1,0.242
72.57,1,0.255
72.58,1,0.251
72.59,1,0.255
72.60,1,0.267
72.61,1,0.296
72.62,1,0.327
72.63,1,0.354
72.64,1,0.365
72.65,1,0.341
72.66,1,0.317
72.67,1,0.286
72.68,1,0.281
72.69,1,0.293
72.70,1,0.329
72.71,1,0.370
72.72,1,0.376
72.73,1,0.346
72.74,1,0.348
72.75,1,0.364
72.76,1,0.402
72.77,1,0.429
72.78,1,0.428
72.79,1,0.412
72.80,1,0.418
72.81,1,0.409
72.82,1,0.425
72.83,1,0.439
72.84,1,0.459
72.85,1,0.457
72.86,1,0.491
72.87,1,0.487
72.88,1,0.506
72.89,1,0.515
72.90,1,0.533
72.91,1,0.526
72.92,1,0.512
72.93,1,0.508
72.94,1,0.467
72.95,1,0.441
72.96,1,0.377
72.97,1,0.442
72.98,1,0.572
72.99,1,0.813
73.00,1,1.314
73.01,1,0.900
73.02,1,0.253
73.03,1,0.245
73.04,1,0.288
73.05,1,0.241
73.06,1,0.215
73.07,1,0.239
73.08,1,0.277
73.09,1,0.282
73.10,1,0.331
73.11,1,0.381
73.12,1,0.422
73.13,1,0.450
73.14,1,0.491
73.15,1,0.672
73.16,1,1.225
73.17,1,1.466
73.18,1,1.110
73.19,1,0.328
73.20,1,0.192
73.21,1,0.171
73.22,1,0.149
73.23,1,0.175
73.24,1,0.190
73.25,1,0.198
73.26,1,0.211
73.27,1,0.233
73.28,1,0.234
73.29,1,0.254
73.30,1,0.262
73.31,1,0.272
73.32,1,0.261
73.33,1,0.261
73.34,1,0.254
73.35,1,0.276
73.36,1,0.260
73.37,1,0.268
73.38,1,0.275
73.39,1,0.270
73.40,1,0.254
73.41,1,0.262
73.42,1,0.325
73.43,1,0.382
73.44,1,0.399
73.45,1,0.417
73.46,1,0.385
73.47,1,0.322
73.48,1,0.297
73.49,1,0.330
73.50,1,0.362
73.51,1,0.428
73.52,1,0.411
73.53,1,0.352
73.54,1,0.333
73.55,1,0.302
73.56,1,0.275
73.57,1,0.322
73.58,1,0.427
73.59,1,0.461
73.60,1,0.443
73.61,1,0.370
73.62,1,0.329
73.63,1,0.301
73.64,1,0.270
73.65,1,0.261
73.66,1,0.267
73.67,1,0.250
73.68,1,0.295
73.69,1,0.299
73.70,1,0.305
73.71,1,0.307
73.72,1,0.306
73.73,1,0.311
73.74,1,0.284
73.75,1,0.248
73.76,1,0.231
73.77,1,0.215
73.78,1,0.207
73.79,1,0.213
73.80,1,0.221
73.81,1,0.229
73.82,1,0.245
73.83,1,0.274
73.84,1,0.281
73.85,1,0.276
73.86,1,0.259
73.87,1,0.243
73.88,1,0.230
73.89,1,0.265
73.90,1,0.368
73.91,1,0.498
73.92,1,0.605
73.93,1,0.783
73.94,1,0.764
73.95,1,0.455
73.96,1,0.275
73.97,1,0.241
73.98,1,0.191
73.99,1,0.193
74.00,1,0.186
74.01,1,0.176
74.02,1,0.190
74.03,1,0.197
74.04,1,0.202
74.05,1,0.225
74.06,1,0.240
74.07,1,0.253
74.08,1,0.290
74.09,1,0.361
74.10,1,0.438
74.11,1,0.497
74.12,1,0.461
74.13,1,0.440
74.14,1,0.353
74.15,1,0.325
74.16,1,0.311
74.17,1,0.292
74.18,1,0.295
74.19,1,0.283
74.20,1,0.284
74.21,1,0.264
74.22,1,0.248
74.23,1,0.222
74.24,1,0.213
74.25,1,0.208
74.26,1,0.208
74.27,1,0.205
74.28,1,0.210
74.29,1,0.214
74.30,1,0.225
74.31,1,0.259
74.32,1,0.293
74.33,1,0.331
74.34,1,0.379
74.35,1,0.406
74.36,1,0.403
74.37,1,0.381
74.38,1,0.350
74.39,1,0.315
74.40,1,0.286
74.41,1,0.271
74.42,1,0.259
74.43,1,0.264
74.44,1,0.265
74.45,1,0.265
74.46,1,0.268
74.47,1,0.272
74.48,1,0.276
74.49,1,0.312
74.50,1,0.348
74.51,1,0.385
74.52,1,0.416
74.53,1,0.442
74.54,1,0.484
74.55,1,0.509
74.56,1,0.532
74.57,1,0.538
74.58,1,0.521
74.59,1,0.505
74.60,1,0.489
74.61,1,0.500
74.62,1,0.487
74.63,1,0.454
74.64,1,0.437
74.65,1,0.395
74.66,1,0.374
74.67,1,0.366
74.68,1,0.361
74.69,1,0.375
74.70,1,0.374
74.71,1,0.373
74.72,1,0.361
74.73,1,0.333
74.74,1,0.321
74.75,1,0.311
74.76,1,0.307
74.77,1,0.317
74.78,1,0.342
74.79,1,0.362
74.80,1,0.384
74.81,1,0.391
74.82,1,0.387
74.83,1,0.371
74.84,1,0.343
74.85,1,0.324
74.86,1,0.312
74.87,1,0.282
74.88,1,0.264
74.89,1,0.260
74.90,1,0.247
74.91,1,0.228
74.92,1,0.225
74.93,1,0.224
74.94,1,0.216
74.95,1,0.224
74.96,1,0.215
74.97,1,0.219
74.98,1,0.211
74.99,1,0.215
75.00,1,0.234
75.01,1,0.252
75.02,1,0.289
75.03,1,0.404
75.04,1,0.449
75.05,1,0.567
75.06,1,0.594
75.07,1,0.640
75.08,1,0.887
75.09,1,0.956
75.10,1,0.898
75.11,1,0.867
75.12,1,0.877
75.13,1,0.800
75.14,1,0.815
75.15,1,0.769
75.16,1,0.676
75.17,1,0.561
75.18,1,0.468
75.19,1,0.441
75.20,1,0.487
75.21,1,0.519
75.22,1,0.524
75.23,1,0.539
75.24,1,0.571
75.25,1,0.521
75.26,1,0.525
75.27,1,0.442
75.28,1,0.284
75.29,1,0.226
75.30,1,0.208
75.31,1,0.191
75.32,1,0.177
75.33,1,0.188
75.34,1,0.187
75.35,1,0.127
75.36,1,0.101
75.37,1,0.088
75.38,1,0.076
75.39,1,0.074
75.40,1,0.067
75.41,1,0.072
75.42,1,0.084
75.43,1,0.105
75.44,1,0.122
75.45,1,0.140
75.46,1,0.149
75.47,1,0.139
75.48,1,0.109
75.49,1,0.112
75.50,1,0.092
75.51,1,0.083
75.52,1,0.078
75.53,1,0.071
75.54,1,0.070
75.55,1,0.071
75.56,1,0.078
75.57,1,0.087
75.58,1,0.125
75.59,1,0.151
75.60,1,0.165
75.61,1,0.172
75.62,1,0.168
75.63,1,0.154
75.64,1,0.170
75.65,1,0.167
75.66,1,0.163
75.67,1,0.157
75.68,1,0.121
75.69,1,0.104
75.70,1,0.125
75.71,1,0.156
75.72,1,0.184
75.73,1,0.216
75.74,1,0.218
75.75,1,0.202
75.76,1,0.178
75.77,1,0.150
75.78,1,0.123
75.79,1,0.108
75.80,1,0.111
75.81,1,0.121
75.82,1,0.132
75.83,1,0.171
75.84,1,0.239
75.85,1,0.293
75.86,1,0.373
75.87,1,0.483
75.88,1,0.379
75.89,1,0.276
75.90,1,0.239
75.91,1,0.237
75.92,1,0.265
75.93,1,0.313
75.94,1,0.363
75.95,1,0.384
75.96,1,0.344
75.97,1,0.108
75.98,1,0.058
75.99,1,0.056
76.00,1,0.060
76.01,1,0.061
76.02,1,0.061
76.03,1,0.063
76.04,1,0.065
76.05,1,0.069
76.06,1,0.072
76.07,1,0.071
76.08,1,0.070
76.09,1,0.064
76.10,1,0.060
76.11,1,0.064
76.12,1,0.070
76.13,1,0.071
76.14,1,0.073
76.15,1,0.072
76.16,1,0.068
76.17,1,0.072
76.18,1,0.078
76.19,1,0.086
76.20,1,0.104
76.21,1,0.144
76.22,1,0.257
76.23,1,0.466
76.24,1,0.688
76.25,1,0.798
76.26,1,0.701
76.27,1,0.476
76.28,1,0.089
76.29,1,0.057
76.30,1,0.054
76.31,1,0.054
76.32,1,0.060
76.33,1,0.071
76.34,1,0.084
76.35,1,0.091
76.36,1,0.102
76.37,1,0.112
76.38,1,0.122
76.39,1,0.145
76.40,1,0.172
76.41,1,0.156
76.42,1,0.135
76.43,1,0.110
76.44,1,0.073
76.45,1,0.062
76.46,1,0.061
76.47,1,0.059
76.48,1,0.061
76.49,1,0.076
76.50,1,0.086
76.51,1,0.092
76.52,1,0.097
76.53,1,0.099
76.54,1,0.098
76.55,1,0.104
76.56,1,0.113
76.57,1,0.135
76.58,1,0.160
76.59,1,0.171
76.60,1,0.171
76.61,1,0.160
76.62,1,0.140
76.63,1,0.116
76.64,1,0.104
76.65,1,0.095
76.66,1,0.092
76.67,1,0.089
76.68,1,0.098
76.69,1,0.120
76.70,1,0.138
76.71,1,0.148
76.72,1,0.151
76.73,1,0.144
76.74,1,0.134
76.75,1,0.130
76.76,1,0.134
76.77,1,0.144
76.78,1,0.153
76.79,1,0.159
76.80,1,0.168
76.81,1,0.178
76.82,1,0.186
76.83,1,0.193
76.84,1,0.192
76.85,1,0.186
76.86,1,0.183
76.87,1,0.174
76.88,1,0.163
76.89,1,0.151
76.90,1,0.130
76.91,1,0.109
76.92,1,0.093
76.93,1,0.083
76.94,1,0.082
76.95,1,0.082
76.96,1,0.082
76.97,1,0.084
76.98,1,0.086
76.99,1,0.089
77.00,1,0.095
77.01,1,0.104
77.02,1,0.120
77.03,1,0.138
77.04,1,0.157
77.05,1,0.174
77.06,1,0.186
77.07,1,0.192
77.08,1,0.194
77.09,1,0.190
77.10,1,0.182
77.11,1,0.176
77.12,1,0.175
77.13,1,0.180
77.14,1,0.187
77.15,1,0.199
77.16,1,0.209
77.17,1,0.218
77.18,1,0.223
77.19,1,0.233
77.20,1,0.242
77.21,1,0.251
77.22,1,0.251
77.23,1,0.238
77.24,1,0.203
77.25,1,0.175
77.26,1,0.145
77.27,1,0.124
77.28,1,0.126
77.29,1,0.158
77.30,1,0.167
77.31,1,0.198
77.32,1,0.254
77.33,1,0.328
77.34,1,0.487
77.35,1,0.757
77.36,1,1.494
77.37,1,2.187
77.38,1,2.124
77.39,1,1.816
77.40,1,1.820
77.41,1,2.174
77.42,1,2.020
77.43,1,1.835
77.44,1,1.742
77.45,1,1.574
77.46,1,1.474
77.47,0,
77.48,0,
77.49,0,
77.50,0,
77.51,0,
77.52,0,
77.53,0,
77.54,0,
77.55,0,
77.56,0,
77.57,0,
77.58,0,
77.59,0,
77.60,0,
77.61,0,
77.62,0,
77.63,0,
77.64,0,
77.65,0,
77.66,0,
77.67,0,
77.68,0,
77.69,0,
77.70,0,
77.71,0,
77.72,0,
77.73,0,
77.74,0,
77.75,0,
77.76,0,
77.77,0,
77.78,0,
77.79,0,
77.80,0,
77.81,0,
77.82,0,
77.83,0,
77.84,0,
77.85,0,
77.86,0,
77.87,0,
77.88,0,
77.89,0,
77.90,0,
77.91,0,
77.92,0,
77.93,0,
77.94,0,
77.95,0,
77.96,0,
77.97,0,
77.98,0,
77.99,0,
78.00,0,
78.01,0,
78.02,0,
78.03,0,
78.04,0,
78.05,0,
78.06,0,
78.07,0,
78.08,0,
78.09,0,
78.10,0,
78.11,0,
78.12,0,
78.13,0,
78.14,0,
78.15,0,
78.16,0,
78.17,0,
78.18,0,
78.19,0,
78.20,0,
78.21,0,
78.22,0,
78.23,0,
78.24,0,
78.25,0,
78.26,0,
78.27,0,
78.28,0,
78.29,0,
78.30,0,
78.31,0,
78.32,0,
78.33,0,
78.34,0,
78.35,0,
78.36,0,
78.37,0,
78.38,0,
78.39,0,
78.40,0,
78.41,0,
78.42,0,
78.43,0,
78.44,0,
78.45,0,
78.46,0,
78.47,0,
78.48,0,
78.49,0,
78.50,0,
78.51,0,
78.52,0,
78.53,0,
78.54,0,
78.55,0,
78.56,0,
78.57,0,
78.58,0,
78.59,0,
78.60,0,
78.61,0,
78.62,0,
78.63,0,
78.64,0,
78.65,0,
78.66,0,
78.67,0,
78.68,0,
78.69,0,
78.70,0,
78.71,0,
78.72,0,
78.73,0,
78.74,0,
78.75,0,
78.76,0,
78.77,0,
78.78,0,
78.79,0,
78.80,0,
78.81,0,
78.82,0,
78.83,0,
78.84,0,
78.85,0,
78.86,0,
78.87,0,
78.88,0,
78.89,0,
78.90,0,
78.91,0,
78.92,0,
78.93,0,
78.94,0,
78.95,0,
78.96,0,
78.97,0,
78.98,0,
78.99,0,
79.00,0,
79.01,0,
79.02,0,
79.03,0,
79.04,0,
79.05,0,
79.06,0,
79.07,0,
79.08,0,
79.09,0,
79.10,0,
79.11,0,
79.12,0,
79.13,0,
79.14,0,
79.15,0,
79.16,0,
79.17,0,
79.18,0,
79.19,0,
79.20,0,
79.21,0,
79.22,0,
79.23,0,
79.24,0,
79.25,0,
79.26,0,
79.27,0,
79.28,0,
79.29,0,
79.30,0,
79.31,0,
79.32,0,
79.33,0,
79.34,0,
79.35,0,
79.36,0,
79.37,0,
79.38,0,
79.39,0,
79.40,0,
79.41,0,
79.42,0,
79.43,0,
79.44,0,
79.45,0,
79.46,0,
79.47,0,
79.48,0,
79.49,0,
79.50,0,
79.51,0,
79.52,0,
79.53,0,
79.54,0,
79.55,0,
79.56,0,
79.57,0,
79.58,0,
79.59,0,
79.60,0,
79.61,0,
79.62,0,
79.63,0,
79.64,0,
79.65,0,
79.66,0,
79.67,0,
79.68,0,
79.69,0,
79.70,0,
79.71,0,
79.72,0,
79.73,0,
79.74,0,
79.75,0,
79.76,0,
79.77,0,
79.78,0,
79.79,0,
79.80,0,
79.81,0,
79.82,0,
79.83,0,
79.84,0,
79.85,0,
79.86,0,
79.87,0,
79.88,0,
79.89,0,
79.90,0,
79.91,0,
79.92,0,
79.93,0,
79.94,0,
79.95,0,
79.96,0,
79.97,0,
79.98,0,
79.99,0,
80.00,0,
80.01,0,
80.02,0,
80.03,0,
80.04,0,
80.05,0,
80.06,0,
80.07,0,
80.08,0,
80.09,0,
80.10,0,
80.11,0,
80.12,0,
80.13,0,
80.14,0,
80.15,0,
80.16,0,
80.17,0,
80.18,0,
80.19,0,
80.20,0,
80.21,0,
80.22,0,
80.23,0,
80.24,0,
80.25,0,
80.26,0,
80.27,0,
80.28,0,
80.29,0,
80.30,0,
80.31,0,
80.32,0,
80.33,0,
80.34,0,
80.35,0,
80.36,0,
80.37,0,
80.38,0,
80.39,0,
80.40,0,
80.41,0,
80.42,0,
80.43,0,
80.44,0,
80.45,0,
80.46,0,
80.47,0,
80.48,0,
80.49,0,
80.50,0,
80.51,0,
80.52,0,
80.53,0,
80.54,0,
80.55,0,
80.56,0,
80.57,0,
80.58,0,
80.59,0,
80.60,0,
80.61,0,
80.62,0,
80.63,0,
80.64,0,
80.65,0,
80.66,0,
80.67,0,
80.68,0,
80.69,0,
80.70,0,
80.71,0,
80.72,0,
80.73,0,
80.74,0,
80.75,0,
80.76,0,
80.77,0,
80.78,0,
80.79,0,
80.80,0,
80.81,0,
80.82,0,
80.83,0,
80.84,0,
80.85,0,
80.86,0,
80.87,0,
80.88,0,
80.89,0,
80.90,0,
80.91,0,
80.92,0,
80.93,0,
80.94,0,
80.95,0,
80.96,0,
80.97,0,
80.98,0,
80.99,0,
81.00,0,
81.01,0,
81.02,0,
81.03,0,
81.04,0,
81.05,0,
81.06,0,
81.07,0,
81.08,0,
81.09,0,
81.10,0,
81.11,0,
81.12,0,
81.13,0,
81.14,0,
81.15,0,
81.16,0,
81.17,0,
81.18,0,
81.19,0,
81.20,0,
81.21,0,
81.22,0,
81.23,0,
81.24,0,
81.25,0,
81.26,0,
81.27,0,
81.28,0,
81.29,0,
81.30,0,
81.31,0,
81.32,0,
81.33,0,
81.34,0,
81.35,0,
81.36,0,
81.37,0,
81.38,0,
81.39,0,
81.40,0,
81.41,0,
81.42,0,
81.43,0,
81.44,0,
81.45,0,
81.46,0,
81.47,0,
81.48,0,
81.49,0,
81.50,0,
81.51,0,
81.52,0,
81.53,0,
81.54,0,
81.55,0,
81.56,0,
81.57,0,
81.58,0,
81.59,0,
81.60,0,
81.61,0,
81.62,0,
81.63,0,
81.64,0,
81.65,0,
81.66,0,
81.67,0,
81.68,0,
81.69,0,
81.70,0,
81.71,0,
81.72,0,
81.73,0,
81.74,0,
81.75,0,
81.76,0,
81.77,0,
81.78,0,
81.79,0,
81.80,0,
81.81,0,
81.82,0,
81.83,0,
81.84,0,
81.85,0,
81.86,0,
81.87,0,
81.88,0,
81.89,0,
81.90,0,
81.91,0,
81.92,0,
81.93,0,
81.94,0,
81.95,0,
81.96,0,
81.97,0,
81.98,0,
81.99,0,
82.00,0,
82.01,0,
82.02,0,
82.03,0,
82.04,0,
82.05,0,
82.06,0,
82.07,0,
82.08,0,
82.09,0,
82.10,0,
82.11,0,
82.12,0,
82.13,0,
82.14,0,
82.15,0,
82.16,0,
82.17,0,
82.18,0,
82.19,0,
82.20,0,
82.21,0,
82.22,0,
82.23,0,
82.24,0,
82.25,0,
82.26,0,
82.27,0,
82.28,0,
82.29,0,
82.30,0,
82.31,0,
82.32,0,
82.33,0,
82.34,0,
82.35,0,
82.36,0,
82.37,0,
82.38,0,
82.39,0,
82.40,0,
82.41,0,
82.42,0,
82.43,0,
82.44,0,
82.45,0,
82.46,0,
82.47,0,
82.48,0,
82.49,0,
82.50,0,
82.51,0,
82.52,0,
82.53,0,
82.54,0,
82.55,0,
82.56,0,
82.57,0,
82.58,0,
82.59,0,
82.60,0,
82.61,0,
82.62,0,
82.63,0,
82.64,0,
82.65,0,
82.66,0,
82.67,0,
82.68,0,
82.69,0,
82.70,0,
82.71,0,
82.72,0,
82.73,0,
82.74,0,
82.75,0,
82.76,0,
82.77,0,
82.78,0,
82.79,0,
82.80,0,
82.81,0,
82.82,0,
82.83,0,
82.84,0,
82.85,0,
82.86,0,
82.87,0,
82.88,0,
82.89,0,
82.90,0,
82.91,0,
82.92,0,
82.93,0,
82.94,0,
82.95,0,
82.96,0,
82.97,0,
82.98,0,
82.99,0,
83.00,0,
83.01,0,
83.02,0,
83.03,0,
83.04,0,
83.05,0,
83.06,0,
83.07,0,
83.08,0,
83.09,0,
83.10,0,
83.11,0,
83.12,0,
83.13,0,
83.14,0,
83.15,0,
83.16,0,
83.17,0,
83.18,0,
83.19,0,
83.20,0,
83.21,0,
83.22,0,
83.23,0,
83.24,0,
83.25,0,
83.26,0,
83.27,0,
83.28,0,
83.29,0,
83.30,0,
83.31,0,
83.32,0,
83.33,0,
83.34,0,
83.35,0,
83.36,0,
83.37,0,
83.38,0,
83.39,0,
83.40,0,
83.41,0,
83.42,0,
83.43,0,
83.44,0,
83.45,0,
83.46,0,
83.47,0,
83.48,0,
83.49,0,
83.50,0,
83.51,0,
83.52,0,
83.53,0,
83.54,0,
83.55,0,
83.56,0,
83.57,0,
83.58,0,
83.59,0,
83.60,0,
83.61,0,
83.62,0,
83.63,0,
83.64,0,
83.65,0,
83.66,0,
83.67,0,
83.68,0,
83.69,0,
83.70,0,
83.71,0,
83.72,0,
83.73,0,
83.74,0,
83.75,0,
83.76,0,
83.77,0,
83.78,0,
83.79,0,
83.80,0,
83.81,0,
83.82,0,
83.83,0,
83.84,0,
83.85,0,
83.86,0,
83.87,0,
83.88,0,
83.89,0,
83.90,0,
83.91,0,
83.92,0,
83.93,0,
83.94,0,
83.95,0,
83.96,0,
83.97,0,
83.98,0,
83.99,0,
84.00,0,
84.01,0,
84.02,0,
84.03,0,
84.04,0,
84.05,0,
84.06,0,
84.07,0,
84.08,0,
84.09,0,
84.10,0,
84.11,0,
84.12,0,
84.13,0,
84.14,0,
84.15,0,
84.16,0,
84.17,0,
84.18,0,
84.19,0,
84.20,0,
84.21,0,
84.22,0,
84.23,0,
84.24,0,
84.25,0,
84.26,0,
84.27,0,
84.28,0,
84.29,0,
84.30,0,
84.31,0,
84.32,0,
84.33,0,
84.34,0,
84.35,0,
84.36,0,
84.37,0,
84.38,0,
84.39,0,
84.40,0,
84.41,0,
84.42,0,
84.43,0,
84.44,0,
84.45,0,
84.46,0,
84.47,0,
84.48,0,
84.49,0,
84.50,0,
84.51,0,
84.52,0,
84.53,0,
84.54,0,
84.55,0,
84.56,0,
84.57,0,
84.58,0,
84.59,0,
84.60,0,
84.61,0,
84.62,0,
84.63,0,
84.64,0,
84.65,0,
84.66,0,
84.67,0,
84.68,0,
84.69,0,
84.70,0,
84.71,0,
84.72,0,
84.73,0,
84.74,0,
84.75,0,
84.76,0,
84.77,0,
84.78,0,
84.79,0,
84.80,0,
84.81,0,
84.82,0,
84.83,0,
84.84,0,
84.85,0,
84.86,0,
84.87,0,
84.88,0,
84.89,0,
84.90,0,
84.91,0,
84.92,0,
84.93,0,
84.94,0,
84.95,0,
84.96,0,
84.97,0,
84.98,0,
84.99,0,
85.00,0,
85.01,0,
85.02,0,
85.03,0,
85.04,0,
85.05,0,
85.06,0,
85.07,0,
85.08,0,
85.09,0,
85.10,0,
85.11,0,
85.12,0,
85.13,0,
85.14,0,
85.15,0,
85.16,0,
85.17,0,
85.18,0,
85.19,0,
85.20,0,
85.21,0,
85.22,0,
85.23,0,
85.24,0,
85.25,0,
85.26,0,
85.27,0,
85.28,0,
85.29,0,
85.30,0,
85.31,0,
85.32,0,
85.33,0,
85.34,0,
85.35,0,
85.36,0,
85.37,0,
85.38,0,
85.39,0,
85.40,0,
85.41,0,
85.42,0,
85.43,0,
85.44,0,
85.45,0,
85.46,0,
85.47,0,
85.48,0,
85.49,0,
85.50,0,
85.51,0,
85.52,0,
85.53,0,
85.54,0,
85.55,0,
85.56,0,
85.57,0,
85.58,0,
85.59,0,
85.60,0,
85.61,0,
85.62,0,
85.63,0,
85.64,0,
85.65,0,
85.66,0,
85.67,0,
85.68,0,
85.69,0,
85.70,0,
85.71,0,
85.72,0,
85.73,0,
85.74,0,
85.75,0,
85.76,0,
85.77,0,
85.78,0,
85.79,0,
85.80,0,
85.81,0,
85.82,0,
85.83,0,
85.84,0,
85.85,0,
85.86,0,
85.87,0,
85.88,0,
85.89,0,
85.90,0,
85.91,0,
85.92,0,
85.93,0,
85.94,0,
85.95,0,
85.96,0,
85.97,0,
85.98,0,
85.99,0,
86.00,0,
86.01,0,
86.02,0,
86.03,0,
86.04,0,
86.05,0,
86.06,0,
86.07,0,
86.08,0,
86.09,0,
86.10,0,
86.11,0,
86.12,0,
86.13,0,
86.14,0,
86.15,0,
86.16,0,
86.17,0,
86.18,0,
86.19,0,
86.20,0,
86.21,0,
86.22,0,
86.23,0,
86.24,0,
86.25,0,
86.26,0,
86.27,0,
86.28,0,
86.29,0,
86.30,0,
86.31,0,
86.32,0,
86.33,0,
86.34,0,
86.35,0,
86.36,0,
86.37,0,
86.38,0,
86.39,0,
86.40,0,
86.41,0,
86.42,0,
86.43,0,
86.44,0,
86.45,0,
86.46,0,
86.47,0,
86.48,0,
86.49,0,
86.50,0,
86.51,0,
86.52,0,
86.53,0,
86.54,0,
86.55,0,
86.56,0,
86.57,0,
86.58,0,
86.59,0,
86.60,0,
86.61,0,
86.62,0,
86.63,0,
86.64,0,
86.65,0,
86.66,0,
86.67,0,
86.68,0,
86.69,0,
86.70,0,
86.71,0,
86.72,0,
86.73,0,
86.74,0,
86.75,0,
86.76,0,
86.77,0,
86.78,0,
86.79,0,
86.80,0,
86.81,0,
86.82,0,
86.83,0,
86.84,0,
86.85,0,
86.86,0,
86.87,0,
86.88,0,
86.89,0,
86.90,0,
86.91,0,
86.92,0,
86.93,0,
86.94,0,
86.95,0,
86.96,0,
86.97,0,
86.98,0,
86.99,0,
87.00,0,
87.01,0,
87.02,0,
87.03,0,
87.04,0,
87.05,0,
87.06,0,
87.07,0,
87.08,0,
87.09,0,
87.10,0,
87.11,0,
87.12,0,
87.13,0,
87.14,0,
87.15,0,
87.16,0,
87.17,0,
87.18,0,
87.19,0,
87.20,0,
87.21,0,
87.22,0,
87.23,0,
87.24,0,
87.25,0,
87.26,0,
87.27,0,
87.28,0,
87.29,0,
87.30,0,
87.31,0,
87.32,0,
87.33,0,
87.34,0,
87.35,0,
87.36,0,
87.37,0,
87.38,0,
87.39,0,
87.40,0,
87.41,0,
87.42,1,0.225
87.43,1,0.268
87.44,1,0.289
87.45,1,0.313
87.46,1,0.295
87.47,1,0.300
87.48,1,0.263
87.49,1,0.282
87.50,1,0.266
87.51,1,0.267
87.52,1,0.259
87.53,1,0.309
87.54,1,0.277
87.55,1,0.285
87.56,1,0.301
87.57,1,0.308
87.58,1,0.236
87.59,1,0.208
87.60,1,0.219
87.61,1,0.200
87.62,1,0.217
87.63,1,0.319
87.64,1,0.410
87.65,1,0.527
87.66,1,0.628
87.67,1,0.726
87.68,1,0.898
87.69,1,0.968
87.70,1,0.557
87.71,1,0.336
87.72,1,0.290
87.73,1,0.282
87.74,1,0.291
87.75,1,0.324
87.76,1,0.344
87.77,1,0.339
87.78,1,0.303
87.79,1,0.245
87.80,1,0.217
87.81,1,0.163
87.82,1,0.159
87.83,1,0.163
87.84,1,0.167
87.85,1,0.159
87.86,1,0.223
87.87,1,0.280
87.88,1,0.310
87.89,1,0.318
87.90,1,0.315
87.91,1,0.262
87.92,1,0.239
87.93,1,0.265
87.94,1,0.267
87.95,1,0.286
87.96,1,0.321
87.97,1,0.340
87.98,1,0.400
87.99,1,0.457
88.00,1,0.402
88.01,1,0.367
88.02,1,0.344
88.03,1,0.287
88.04,1,0.247
88.05,1,0.180
88.06,1,0.167
88.07,1,0.221
88.08,1,0.299
88.09,1,0.372
88.10,1,0.428
88.11,1,0.454
88.12,1,0.475
88.13,1,0.490
88.14,1,0.414
88.15,1,0.410
88.16,1,0.414
88.17,1,0.378
88.18,1,0.369
88.19,1,0.273
88.20,1,0.234
88.21,1,0.230
88.22,1,0.232
88.23,1,0.251
88.24,1,0.266
88.25,1,0.284
88.26,1,0.284
88.27,1,0.263
88.28,1,0.246
88.29,1,0.243
88.30,1,0.247
88.31,1,0.281
88.32,1,0.302
88.33,1,0.329
88.34,1,0.369
88.35,1,0.362
88.36,1,0.250
88.37,1,0.220
88.38,1,0.217
88.39,1,0.197
88.40,1,0.194
88.41,1,0.201
88.42,1,0.193
88.43,1,0.234
88.44,1,0.364
88.45,1,0.714
88.46,1,0.825
88.47,1,0.846
88.48,1,0.635
88.49,1,0.325
88.50,1,0.151
88.51,1,0.148
88.52,1,0.161
88.53,1,0.170
88.54,1,0.174
88.55,1,0.178
88.56,1,0.179
88.57,1,0.178
88.58,1,0.164
88.59,1,0.157
88.60,1,0.147
88.61,1,0.145
88.62,1,0.140
88.63,1,0.133
88.64,1,0.131
88.65,1,0.130
88.66,1,0.145
88.67,1,0.162
88.68,1,0.183
88.69,1,0.198
88.70,1,0.198
88.71,1,0.185
88.72,1,0.177
88.73,1,0.162
88.74,1,0.176
88.75,1,0.206
88.76,1,0.231
88.77,1,0.226
88.78,1,0.204
88.79,1,0.147
88.80,1,0.122
88.81,1,0.147
88.82,1,0.165
88.83,1,0.180
88.84,1,0.182
88.85,1,0.188
88.86,1,0.199
88.87,1,0.239
88.88,1,0.276
88.89,1,0.349
88.90,1,0.359
88.91,1,0.384
88.92,1,0.407
88.93,1,0.415
88.94,1,0.404
88.95,1,0.382
88.96,1,0.361
88.97,1,0.324
88.98,1,0.313
88.99,1,0.303
89.00,1,0.295
89.01,1,0.280
89.02,1,0.267
89.03,1,0.273
89.04,1,0.252
89.05,1,0.207
89.06,1,0.193
89.07,1,0.260
89.08,1,0.287
89.09,1,0.352
89.10,1,0.425
89.11,1,0.476
89.12,1,0.476
89.13,1,0.440
89.14,1,0.360
89.15,1,0.297
89.16,1,0.204
89.17,1,0.181
89.18,1,0.218
89.19,1,0.241
89.20,1,0.329
89.21,1,0.596
89.22,1,0.733
89.23,1,0.584
89.24,1,0.232
89.25,1,0.200
89.26,1,0.176
89.27,1,0.167
89.28,1,0.138
89.29,1,0.130
89.30,1,0.171
89.31,1,0.258
89.32,1,0.300
89.33,1,0.358
89.34,1,0.435
89.35,1,0.487
89.36,1,0.507
89.37,1,0.534
89.38,1,0.532
89.39,1,0.477
89.40,1,0.421
89.41,1,0.382
89.42,1,0.337
89.43,1,0.301
89.44,1,0.235
89.45,1,0.189
89.46,1,0.148
89.47,1,0.126
89.48,1,0.135
89.49,1,0.153
89.50,1,0.171
89.51,1,0.184
89.52,1,0.216
89.53,1,0.265
89.54,1,0.320
89.55,1,0.361
89.56,1,0.692
89.57,1,1.215
89.58,1,0.983
89.59,1,0.734
89.60,1,0.624
89.61,1,0.552
89.62,1,0.550
89.63,1,0.582
89.64,1,0.612
89.65,1,0.690
89.66,1,0.730
89.67,1,0.957
89.68,1,0.943
89.69,1,0.858
89.70,1,0.704
89.71,1,0.611
89.72,1,0.530
89.73,1,0.325
89.74,1,0.135
89.75,1,0.136
89.76,1,0.114
89.77,1,0.119
89.78,1,0.114
89.79,1,0.120
89.80,1,0.142
89.81,1,0.177
89.82,1,0.215
89.83,1,0.274
89.84,1,0.352
89.85,1,0.424
89.86,1,0.617
89.87,1,0.683
89.88,1,0.600
89.89,1,0.366
89.90,1,0.216
89.91,1,0.187
89.92,1,0.212
89.93,1,0.267
89.94,1,0.290
89.95,1,0.310
89.96,1,0.317
89.97,1,0.324
89.98,1,0.321
89.99,1,0.316
90.00,1,0.591
90.01,1,0.654
90.02,1,0.607
90.03,1,0.321
90.04,1,0.166
90.05,1,0.146
90.06,1,0.151
90.07,1,0.162
90.08,1,0.201
90.09,1,0.236
90.10,1,0.287
90.11,1,0.299
90.12,1,0.318
90.13,1,0.311
90.14,1,0.326
90.15,1,0.369
90.16,1,0.460
90.17,1,0.742
90.18,1,0.425
90.19,1,0.090
90.20,1,0.128
90.21,1,0.156
90.22,1,0.168
90.23,1,0.171
90.24,1,0.185
90.25,1,0.176
90.26,1,0.161
90.27,1,0.152
90.28,1,0.157
90.29,1,0.166
90.30,1,0.206
90.31,1,0.242
90.32,1,0.330
90.33,1,0.464
90.34,1,0.339
90.35,1,0.214
90.36,1,0.129
90.37,1,0.159
90.38,1,0.162
90.39,1,0.156
90.40,1,0.159
90.41,1,0.186
90.42,1,0.152
90.43,1,0.162
90.44,1,0.183
90.45,1,0.208
90.46,1,0.250
90.47,1,0.284
90.48,1,0.328
90.49,1,0.347
90.50,1,0.369
90.51,1,0.365
90.52,1,0.358
90.53,1,0.343
90.54,1,0.329
90.55,1,0.297
90.56,1,0.260
90.57,1,0.382
90.58,1,0.504
90.59,1,1.024
90.60,1,1.451
90.61,1,1.442
90.62,1,1.524
90.63,1,1.530
90.64,1,1.264
90.65,1,1.089
90.66,1,0.848
90.67,1,0.562
90.68,1,0.445
90.69,1,0.309
90.70,1,0.299
90.71,1,0.278
90.72,1,0.260
90.73,1,0.254
90.74,1,0.270
90.75,1,0.283
90.76,1,0.312
90.77,1,0.339
90.78,1,0.352
90.79,1,0.303
90.80,1,0.271
90.81,1,0.224
90.82,1,0.171
90.83,1,0.149
90.84,1,0.144
90.85,1,0.132
90.86,1,0.121
90.87,1,0.140
90.88,1,0.176
90.89,1,0.229
90.90,1,0.304
90.91,1,0.397
90.92,1,0.585
90.93,1,0.764
90.94,1,0.969
90.95,1,0.804
90.96,1,0.664
90.97,1,0.482
90.98,1,0.247
90.99,1,0.149
91.00,1,0.177
91.01,1,0.170
91.02,1,0.184
91.03,1,0.202
91.04,1,0.227
91.05,1,0.270
91.06,1,0.328
91.07,1,0.398
91.08,1,0.461
91.09,1,0.501
91.10,1,0.504
91.11,1,0.480
91.12,1,0.421
91.13,1,0.356
91.14,1,0.290
91.15,1,0.233
91.16,1,0.190
91.17,1,0.168
91.18,1,0.170
91.19,1,0.179
91.20,1,0.206
91.21,1,0.245
91.22,1,0.300
91.23,1,0.302
91.24,1,0.284
91.25,1,0.314
91.26,1,0.293
91.27,1,0.288
91.28,1,0.261
91.29,1,0.184
91.30,1,0.155
91.31,1,0.228
91.32,1,0.285
91.33,1,0.289
91.34,1,0.301
91.35,1,0.320
91.36,1,0.278
91.37,1,0.236
91.38,1,0.238
91.39,1,0.295
91.40,1,0.334
91.41,1,0.344
91.42,1,0.350
91.43,1,0.353
91.44,1,0.306
91.45,1,0.292
91.46,1,0.355
91.47,1,0.397
91.48,1,0.428
91.49,1,0.422
91.50,1,0.405
91.51,1,0.426
91.52,1,0.439
91.53,1,0.455
91.54,1,0.560
91.55,1,0.594
91.56,1,0.724
91.57,1,0.906
91.58,1,0.837
91.59,1,0.315
91.60,1,0.183
91.61,1,0.181
91.62,1,0.195
91.63,1,0.206
91.64,1,0.257
91.65,1,0.295
91.66,1,0.290
91.67,1,0.286
91.68,1,0.249
91.69,1,0.218
91.70,1,0.184
91.71,1,0.200
91.72,1,0.246
91.73,1,0.326
91.74,1,0.392
91.75,1,0.441
91.76,1,0.491
91.77,1,0.422
91.78,1,0.294
91.79,1,0.245
91.80,1,0.316
91.81,1,0.342
91.82,1,0.394
91.83,1,0.436
91.84,1,0.453
91.85,1,0.478
91.86,1,0.522
91.87,1,0.522
91.88,1,0.515
91.89,1,0.535
91.90,1,0.542
91.91,1,0.537
91.92,1,0.529
91.93,1,0.507
91.94,1,0.484
91.95,1,0.461
91.96,1,0.444
91.97,1,0.430
91.98,1,0.401
91.99,1,0.366
92.00,1,0.345
92.01,1,0.349
92.02,1,0.344
92.03,1,0.312
92.04,1,0.277
92.05,1,0.251
92.06,1,0.251
92.07,1,0.249
92.08,1,0.220
92.09,1,0.195
92.10,1,0.217
92.11,1,0.271
92.12,1,0.400
92.13,1,0.536
92.14,1,0.664
92.15,1,1.199
92.16,1,1.709
92.17,1,2.021
92.18,1,1.978
92.19,0,
92.20,0,
92.21,0,
92.22,0,
92.23,0,
92.24,0,
92.25,0,
92.26,0,
92.27,0,
92.28,0,
92.29,0,
92.30,0,
92.31,0,
92.32,0,
92.33,0,
92.34,0,
92.35,0,
92.36,0,
92.37,0,
92.38,0,
92.39,0,
92.40,0,
92.41,0,
92.42,0,
92.43,0,
92.44,0,
92.45,1,1.381
92.46,1,1.001
92.47,1,0.781
92.48,1,0.491
92.49,1,0.146
92.50,1,0.092
92.51,1,0.066
92.52,1,0.053
92.53,1,0.054
92.54,1,0.055
92.55,1,0.055
92.56,1,0.062
92.57,1,0.076
92.58,1,0.088
92.59,1,0.114
92.60,1,0.157
92.61,1,0.289
92.62,1,0.648
92.63,1,0.859
92.64,1,0.618
92.65,1,0.444
92.66,1,0.289
92.67,1,0.184
92.68,1,0.091
92.69,1,0.084
92.70,1,0.104
92.71,1,0.108
92.72,1,0.103
92.73,1,0.108
92.74,1,0.104
92.75,1,0.085
92.76,1,0.081
92.77,1,0.082
92.78,1,0.092
92.79,1,0.107
92.80,1,0.128
92.81,1,0.182
92.82,1,0.208
92.83,1,0.205
92.84,1,0.184
92.85,1,0.159
92.86,1,0.120
92.87,1,0.104
92.88,1,0.098
92.89,1,0.103
92.90,1,0.113
92.91,1,0.115
92.92,1,0.115
92.93,1,0.120
92.94,1,0.125
92.95,1,0.143
92.96,1,0.177
92.97,1,0.217
92.98,1,0.238
92.99,1,0.228
93.00,1,0.142
93.01,1,0.098
93.02,1,0.090
93.03,1,0.085
93.04,1,0.088
93.05,1,0.096
93.06,1,0.108
93.07,1,0.118
93.08,1,0.136
93.09,1,0.209
93.10,1,0.662
93.11,1,0.704
93.12,1,0.318
93.13,1,0.193
93.14,1,0.161
93.15,1,0.168
93.16,1,0.161
93.17,1,0.139
93.18,1,0.110
93.19,1,0.093
93.20,1,0.090
93.21,1,0.094
93.22,1,0.118
93.23,1,0.155
93.24,1,0.230
93.25,1,0.384
93.26,1,0.764
93.27,1,0.510
93.28,1,0.238
93.29,1,0.133
93.30,1,0.098
93.31,1,0.084
93.32,1,0.084
93.33,1,0.078
93.34,1,0.084
93.35,1,0.096
93.36,1,0.106
93.37,1,0.119
93.38,1,0.151
93.39,1,0.196
93.40,1,0.306
93.41,1,0.381
93.42,1,0.345
93.43,1,0.234
93.44,1,0.154
93.45,1,0.115
93.46,1,0.102
93.47,1,0.105
93.48,1,0.120
93.49,1,0.120
93.50,1,0.118
93.51,1,0.127
93.52,1,0.135
93.53,1,0.136
93.54,1,0.194
93.55,1,0.622
93.56,1,0.627
93.57,1,0.648
93.58,1,0.369
93.59,1,0.182
93.60,1,0.094
93.61,1,0.086
93.62,1,0.080
93.63,1,0.080
93.64,1,0.093
93.65,1,0.105
93.66,1,0.126
93.67,1,0.156
93.68,1,0.200
93.69,1,0.272
93.70,1,0.480
93.71,1,0.544
93.72,1,0.493
93.73,1,0.401
93.74,1,0.393
93.75,1,0.217
93.76,1,0.097
93.77,1,0.062
93.78,1,0.055
93.79,1,0.057
93.80,1,0.062
93.81,1,0.070
93.82,1,0.082
93.83,1,0.097
93.84,1,0.098
93.85,1,0.100
93.86,1,0.094
93.87,1,0.090
93.88,1,0.082
93.89,1,0.089
93.90,1,0.105
93.91,1,0.115
93.92,1,0.124
93.93,1,0.127
93.94,1,0.124
93.95,1,0.117
93.96,1,0.111
93.97,1,0.108
93.98,1,0.110
93.99,1,0.141
94.00,1,0.149
94.01,1,0.155
94.02,1,0.172
94.03,1,0.171
94.04,1,0.131
94.05,1,0.153
94.06,1,0.173
94.07,1,0.210
94.08,1,0.204
94.09,1,0.136
94.10,1,0.116
94.11,1,0.090
94.12,1,0.076
94.13,1,0.065
94.14,1,0.054
94.15,1,0.049
94.16,1,0.054
94.17,1,0.060
94.18,1,0.066
94.19,1,0.067
94.20,1,0.066
94.21,1,0.061
94.22,1,0.057
94.23,1,0.065
94.24,1,0.065
94.25,1,0.077
94.26,1,0.087
94.27,1,0.095
94.28,1,0.105
94.29,1,0.107
94.30,1,0.113
94.31,1,0.112
94.32,1,0.104
94.33,1,0.095
94.34,1,0.091
94.35,1,0.083
94.36,1,0.078
94.37,1,0.077
94.38,1,0.069
94.39,1,0.060
94.40,1,0.054
94.41,1,0.052
94.42,1,0.053
94.43,1,0.056
94.44,1,0.057
94.45,1,0.061
94.46,1,0.076
94.47,1,0.153
94.48,1,0.387
94.49,1,0.602
94.50,1,0.677
94.51,1,0.789
94.52,1,0.922
94.53,1,1.038
94.54,1,1.064
94.55,1,0.981
94.56,1,0.921
94.57,1,0.878
94.58,1,0.875
94.59,1,0.938
94.60,1,1.060
94.61,1,0.998
94.62,1,0.790
94.63,1,0.695
94.64,1,0.665
94.65,1,0.698
94.66,1,0.784
94.67,1,0.510
94.68,1,0.219
94.69,1,0.100
94.70,1,0.078
94.71,1,0.086
94.72,1,0.096
94.73,1,0.118
94.74,1,0.148
94.75,1,0.237
94.76,1,0.284
94.77,1,0.341
94.78,1,0.350
94.79,1,0.366
94.80,1,0.370
94.81,1,0.372
94.82,1,0.377
94.83,1,0.400
94.84,1,0.416
94.85,1,0.399
94.86,1,0.386
94.87,1,0.383
94.88,1,0.376
94.89,1,0.379
94.90,1,0.379
94.91,1,0.357
94.92,1,0.365
94.93,1,0.373
94.94,1,0.387
94.95,1,0.384
94.96,1,0.379
94.97,1,0.365
94.98,1,0.351
94.99,1,0.349
95.00,1,0.341
95.01,1,0.344
95.02,1,0.325
95.03,1,0.273
95.04,1,0.261
95.05,1,0.276
95.06,1,0.297
95.07,1,0.340
95.08,1,0.385
95.09,1,0.364
95.10,1,0.279
95.11,1,0.277
95.12,1,0.242
95.13,1,0.241
95.14,1,0.282
95.15,1,0.315
95.16,1,0.343
95.17,1,0.381
95.18,1,0.378
95.19,1,0.372
95.20,1,0.374
95.21,1,0.372
95.22,1,0.387
95.23,1,0.404
95.24,1,0.451
95.25,1,0.531
95.26,1,0.656
95.27,1,0.921
95.28,1,1.144
95.29,1,0.988
95.30,1,0.678
95.31,1,0.335
95.32,1,0.240
95.33,1,0.262
95.34,1,0.271
95.35,1,0.283
95.36,1,0.321
95.37,1,0.382
95.38,1,0.412
95.39,1,0.435
95.40,1,0.453
95.41,1,0.419
95.42,1,0.367
95.43,1,0.334
95.44,1,0.318
95.45,1,0.304
95.46,1,0.325
95.47,1,0.343
95.48,1,0.374
95.49,1,0.419
95.50,1,0.450
95.51,1,0.468
95.52,1,0.519
95.53,1,0.565
95.54,1,0.560
95.55,1,0.655
95.56,1,0.831
95.57,1,0.818
95.58,1,0.574
95.59,1,0.285
95.60,1,0.140
95.61,1,0.074
95.62,1,0.077
95.63,1,0.089
95.64,1,0.092
95.65,1,0.101
95.66,1,0.104
95.67,1,0.091
95.68,1,0.093
95.69,1,0.101
95.70,1,0.132
95.71,1,0.187
95.72,1,0.241
95.73,1,0.299
95.74,1,0.334
95.75,1,0.379
95.76,1,0.361
95.77,1,0.361
95.78,1,0.323
95.79,1,0.287
95.80,1,0.290
95.81,1,0.337
95.82,1,0.428
95.83,1,0.788
95.84,1,1.346
95.85,1,1.316
95.86,1,1.461
95.87,1,1.482
95.88,1,1.625
95.89,1,1.616
95.90,1,1.474
95.91,1,0.941
95.92,1,0.226
95.93,1,0.190
95.94,1,0.201
95.95,1,0.197
95.96,1,0.205
95.97,1,0.225
95.98,1,0.231
95.99,1,0.270
96.00,1,0.294
96.01,1,0.348
96.02,1,0.388
96.03,1,0.546
96.04,1,0.745
96.05,1,0.660
96.06,1,0.552
96.07,1,0.217
96.08,1,0.132
96.09,1,0.111
96.10,1,0.099
96.11,1,0.108
96.12,1,0.118
96.13,1,0.140
96.14,1,0.187
96.15,1,0.226
96.16,1,0.267
96.17,1,0.286
96.18,1,0.304
96.19,1,0.341
96.20,1,0.386
96.21,1,0.390
96.22,1,0.422
96.23,1,0.405
96.24,1,0.361
96.25,1,0.347
96.26,1,0.321
96.27,1,0.316
96.28,1,0.322
96.29,1,0.299
96.30,1,0.295
96.31,1,0.318
96.32,1,0.344
96.33,1,0.315
96.34,1,0.300
96.35,1,0.288
96.36,1,0.266
96.37,1,0.224
96.38,1,0.179
96.39,1,0.145
96.40,1,0.138
96.41,1,0.139
96.42,1,0.164
96.43,1,0.220
96.44,1,0.273
96.45,1,0.313
96.46,1,0.323
96.47,1,0.313
96.48,1,0.309
96.49,1,0.317
96.50,1,0.322
96.51,1,0.323
96.52,1,0.335
96.53,1,0.364
96.54,1,0.373
96.55,1,0.272
96.56,1,0.250
96.57,1,0.278
96.58,1,0.314
96.59,1,0.330
96.60,1,0.345
96.61,1,0.372
96.62,1,0.379
96.63,1,0.375
96.64,1,0.421
96.65,1,0.546
96.66,1,0.560
96.67,1,0.562
96.68,1,0.577
96.69,1,0.376
96.70,1,0.258
96.71,1,0.193
96.72,1,0.193
96.73,1,0.236
96.74,1,0.292
96.75,1,0.361
96.76,1,0.406
96.77,1,0.427
96.78,1,0.400
96.79,1,0.373
96.80,1,0.321
96.81,1,0.300
96.82,1,0.302
96.83,1,0.307
96.84,1,0.309
96.85,1,0.300
96.86,1,0.301
96.87,1,0.314
96.88,1,0.342
96.89,1,0.350
96.90,1,0.359
96.91,1,0.387
96.92,1,0.426
96.93,1,0.493
96.94,1,0.523
96.95,1,0.460
96.96,1,0.415
96.97,1,0.389
96.98,1,0.389
96.99,1,0.432
97.00,1,0.497
97.01,1,0.557
97.02,1,0.548
97.03,1,0.554
97.04,1,0.465
97.05,1,0.413
97.06,1,0.395
97.07,1,0.433
97.08,1,0.505
97.09,1,0.542
97.10,1,0.551
97.11,1,0.528
97.12,1,0.467
97.13,1,0.418
97.14,1,0.368
97.15,1,0.344
97.16,1,0.335
97.17,1,0.319
97.18,1,0.320
97.19,1,0.319
97.20,1,0.326
97.21,1,0.325
97.22,1,0.310
97.23,1,0.308
97.24,1,0.292
97.25,1,0.278
97.26,1,0.272
97.27,1,0.260
97.28,1,0.250
97.29,1,0.247
97.30,1,0.276
97.31,1,0.261
97.32,1,0.295
97.33,1,0.384
97.34,1,0.387
97.35,1,0.425
97.36,1,0.468
97.37,1,0.465
97.38,1,0.435
97.39,1,0.399
97.40,1,0.340
97.41,1,0.318
97.42,1,0.291
97.43,1,0.249
97.44,1,0.203
97.45,1,0.191
97.46,1,0.185
97.47,1,0.181
97.48,1,0.191
97.49,1,0.211
97.50,1,0.222
97.51,1,0.247
97.52,1,0.285
97.53,1,0.308
97.54,1,0.310
97.55,1,0.306
97.56,1,0.322
97.57,1,0.339
97.58,1,0.348
97.59,1,0.360
97.60,1,0.370
97.61,1,0.391
97.62,1,0.421
97.63,1,0.438
97.64,1,0.435
97.65,1,0.425
97.66,1,0.416
97.67,1,0.400
97.68,1,0.391
97.69,1,0.381
97.70,1,0.363
97.71,1,0.359
97.72,1,0.355
97.73,1,0.339
97.74,1,0.313
97.75,1,0.301
97.76,1,0.300
97.77,1,0.295
97.78,1,0.284
97.79,1,0.248
97.80,1,0.219
97.81,1,0.202
97.82,1,0.165
97.83,1,0.127
97.84,1,0.106
97.85,1,0.102
97.86,1,0.103
97.87,1,0.109
97.88,1,0.114
97.89,1,0.124
97.90,1,0.140
97.91,1,0.163
97.92,1,0.191
97.93,1,0.233
97.94,1,0.284
97.95,1,0.336
97.96,1,0.406
97.97,1,0.486
97.98,1,0.550
97.99,1,0.565
98.00,1,0.573
98.01,1,0.562
98.02,1,0.540
98.03,1,0.500
98.04,1,0.493
98.05,1,0.492
98.06,1,0.509
98.07,1,0.565
98.08,1,0.556
98.09,1,0.688
98.10,1,0.722
98.11,1,0.641
98.12,1,0.905
98.13,1,0.916
98.14,1,1.284
98.15,1,1.447
98.16,1,1.788
98.17,1,2.083
98.18,1,1.694
98.19,1,1.751
98.20,0,
98.21,0,
98.22,0,
98.23,0,
98.24,0,
98.25,0,
98.26,0,
98.27,0,
98.28,0,
98.29,0,
98.30,0,
98.31,0,
98.32,0,
98.33,0,
98.34,0,
98.35,0,
98.36,0,
98.37,0,
98.38,0,
98.39,0,
98.40,0,
98.41,0,
98.42,0,
98.43,0,
98.44,0,
98.45,0,
98.46,0,
98.47,0,
98.48,0,
98.49,0,
98.50,0,
98.51,0,
98.52,0,
98.53,0,
98.54,0,
98.55,0,
98.56,0,
98.57,0,
98.58,0,
98.59,0,
98.60,0,
98.61,0,
98.62,0,
98.63,0,
98.64,0,
98.65,0,
98.66,0,
98.67,0,
98.68,0,
98.69,0,
98.70,0,
98.71,0,
98.72,0,
98.73,0,
98.74,0,
98.75,0,
98.76,0,
98.77,0,
98.78,0,
98.79,0,
98.80,0,
98.81,0,
98.82,0,
98.83,0,
98.84,0,
98.85,0,
98.86,0,
98.87,0,
98.88,0,
98.89,0,
98.90,0,
98.91,0,
98.92,0,
98.93,0,
98.94,0,
98.95,0,
98.96,0,
98.97,0,
98.98,0,
98.99,0,
99.00,0,
99.01,0,
99.02,0,
99.03,0,
99.04,0,
99.05,0,
99.06,0,
99.07,0,
99.08,0,
99.09,0,
99.10,1,0.448
99.11,1,0.195
99.12,1,0.181
99.13,1,0.117
99.14,1,0.098
99.15,1,0.082
99.16,1,0.073
99.17,1,0.066
99.18,1,0.077
99.19,1,0.081
99.20,1,0.098
99.21,1,0.108
99.22,1,0.111
99.23,1,0.113
99.24,1,0.101
99.25,1,0.110
99.26,1,0.099
99.27,1,0.095
99.28,1,0.093
99.29,1,0.095
99.30,1,0.106
99.31,1,0.139
99.32,1,0.173
99.33,1,0.201
99.34,1,0.230
99.35,1,0.256
99.36,1,0.281
99.37,1,0.314
99.38,1,0.345
99.39,1,0.360
99.40,1,0.384
99.41,1,0.375
99.42,1,0.379
99.43,1,0.370
99.44,1,0.400
99.45,1,0.370
99.46,1,0.389
99.47,1,0.329
99.48,1,0.282
99.49,1,0.230
99.50,1,0.212
99.51,1,0.187
99.52,1,0.198
99.53,1,0.198
99.54,1,0.226
99.55,1,0.236
99.56,1,0.263
99.57,1,0.267
99.58,1,0.276
99.59,1,0.286
99.60,1,0.291
99.61,1,0.278
99.62,1,0.283
99.63,1,0.258
99.64,1,0.206
99.65,1,0.166
99.66,1,0.130
99.67,1,0.144
99.68,1,0.187
99.69,1,0.233
99.70,1,0.282
99.71,1,0.341
99.72,1,0.374
99.73,1,0.394
99.74,1,0.405
99.75,1,0.420
99.76,1,0.390
99.77,1,0.352
99.78,1,0.256
99.79,1,0.192
99.80,1,0.151
99.81,1,0.142
99.82,1,0.141
99.83,1,0.163
99.84,1,0.193
99.85,1,0.229
99.86,1,0.243
99.87,1,0.253
99.88,1,0.248
99.89,1,0.236
99.90,1,0.222
99.91,1,0.232
99.92,1,0.230
99.93,1,0.243
99.94,1,0.239
99.95,1,0.221
99.96,1,0.190
99.97,1,0.175
99.98,1,0.191
99.99,1,0.210
100.00,1,0.219
100.01,1,0.281
100.02,1,0.319
100.03,1,0.333
100.04,1,0.359
100.05,1,0.397
100.06,1,0.412
100.07,1,0.427
100.08,1,0.472
100.09,1,0.506
100.10,1,0.569
100.11,1,0.644
100.12,1,0.718
100.13,1,0.764
100.14,1,0.864
100.15,1,0.817
100.16,1,0.693
100.17,1,0.631
100.18,1,0.520
100.19,1,0.429
100.20,1,0.382
100.21,1,0.354
100.22,1,0.282
100.23,1,0.227
100.24,1,0.199
100.25,1,0.167
100.26,1,0.143
100.27,1,0.133
100.28,1,0.132
100.29,1,0.137
100.30,1,0.159
100.31,1,0.189
100.32,1,0.229
100.33,1,0.266
100.34,1,0.308
100.35,1,0.334
100.36,1,0.359
100.37,1,0.355
100.38,1,0.397
100.39,1,0.433
100.40,1,0.452
100.41,1,0.466
100.42,1,0.454
100.43,1,0.434
100.44,1,0.397
100.45,1,0.361
100.46,1,0.371
100.47,1,0.367
100.48,1,0.357
100.49,1,0.345
100.50,1,0.341
100.51,1,0.302
100.52,1,0.279
100.53,1,0.280
100.54,1,0.296
100.55,1,0.284
100.56,1,0.257
100.57,1,0.240
100.58,1,0.233
100.59,1,0.202
100.60,1,0.170
100.61,1,0.162
100.62,1,0.154
100.63,1,0.139
100.64,1,0.135
100.65,1,0.159
100.66,1,0.195
100.67,1,0.224
100.68,1,0.257
100.69,1,0.292
100.70,1,0.319
100.71,1,0.319
100.72,1,0.320
100.73,1,0.343
100.74,1,0.371
100.75,1,0.386
100.76,1,0.408
100.77,1,0.425
100.78,1,0.435
100.79,1,0.468
100.80,1,0.492
100.81,1,0.477
100.82,1,0.475
100.83,1,0.458
100.84,1,0.423
100.85,1,0.362
100.86,1,0.327
100.87,1,0.315
100.88,1,0.291
100.89,1,0.268
100.90,1,0.243
100.91,1,0.229
100.92,1,0.270
100.93,1,0.278
100.94,1,0.344
100.95,1,0.416
100.96,1,0.481
100.97,1,0.668
100.98,1,0.978
100.99,1,1.024
101.00,1,1.333
101.01,1,0.744
101.02,1,0.372
101.03,1,0.310
101.04,1,0.314
101.05,1,0.310
101.06,1,0.215
101.07,1,0.150
101.08,1,0.191
101.09,1,0.284
101.10,1,0.329
101.11,1,0.402
101.12,1,0.503
101.13,1,0.550
101.14,1,0.510
101.15,1,0.480
101.16,1,0.425
101.17,1,0.378
101.18,1,0.358
101.19,1,0.370
101.20,1,0.388
101.21,1,0.386
101.22,1,0.391
101.23,1,0.374
101.24,1,0.354
101.25,1,0.367
101.26,1,0.367
101.27,1,0.365
101.28,1,0.366
101.29,1,0.338
101.30,1,0.308
101.31,1,0.282
101.32,1,0.268
101.33,1,0.245
101.34,1,0.256
101.35,1,0.265
101.36,1,0.231
101.37,1,0.199
101.38,1,0.192
101.39,1,0.167
101.40,1,0.171
101.41,1,0.195
101.42,1,0.231
101.43,1,0.266
101.44,1,0.396
101.45,1,0.678
101.46,1,0.653
101.47,1,0.496
101.48,1,0.397
101.49,1,0.316
101.50,1,0.149
101.51,1,0.113
101.52,1,0.120
101.53,1,0.231
101.54,1,0.290
101.55,1,0.330
101.56,1,0.412
101.57,1,0.450
101.58,1,0.399
101.59,1,0.386
101.60,1,0.393
101.61,1,0.359
101.62,1,0.332
101.63,1,0.345
101.64,1,0.361
101.65,1,0.340
101.66,1,0.352
101.67,1,0.365
101.68,1,0.347
101.69,1,0.320
101.70,1,0.333
101.71,1,0.324
101.72,1,0.322
101.73,1,0.325
101.74,1,0.363
101.75,1,0.375
101.76,1,0.367
101.77,1,0.330
101.78,1,0.263
101.79,1,0.199
101.80,1,0.167
101.81,1,0.154
101.82,1,0.171
101.83,1,0.225
101.84,1,0.325
101.85,1,0.471
101.86,1,0.737
101.87,1,0.932
101.88,1,0.923
101.89,1,0.897
101.90,1,0.777
101.91,1,0.627
101.92,0,
101.93,0,
101.94,0,
101.95,0,
101.96,0,
101.97,0,
101.98,0,
101.99,0,
102.00,0,
102.01,0,
102.02,0,
102.03,0,
102.04,0,
102.05,0,
102.06,1,1.248
102.07,1,1.157
102.08,1,0.937
102.09,1,0.777
102.10,1,0.512
102.11,1,0.424
102.12,1,0.266
102.13,1,0.319
102.14,1,0.223
102.15,1,0.124
102.16,1,0.136
102.17,1,0.205
102.18,1,0.273
102.19,1,0.334
102.20,1,0.404
102.21,1,0.441
102.22,1,0.423
102.23,1,0.380
102.24,1,0.323
102.25,1,0.282
102.26,1,0.250
102.27,1,0.215
102.28,1,0.188
102.29,1,0.181
102.30,1,0.201
102.31,1,0.251
102.32,1,0.314
102.33,1,0.474
102.34,1,0.766
102.35,1,0.903
102.36,1,0.924
102.37,1,0.853
102.38,1,0.484
102.39,1,0.186
102.40,1,0.140
102.41,1,0.151
102.42,1,0.162
102.43,1,0.186
102.44,1,0.223
102.45,1,0.172
102.46,1,0.166
102.47,1,0.209
102.48,1,0.260
102.49,1,0.327
102.50,1,0.389
102.51,1,0.455
102.52,1,0.470
102.53,1,0.442
102.54,1,0.412
102.55,1,0.369
102.56,1,0.321
102.57,1,0.310
102.58,1,0.297
102.59,1,0.303
102.60,1,0.291
102.61,1,0.231
102.62,1,0.190
102.63,1,0.156
102.64,1,0.129
102.65,1,0.141
102.66,1,0.158
102.67,1,0.182
102.68,1,0.205
102.69,1,0.233
102.70,1,0.260
102.71,1,0.286
102.72,1,0.318
102.73,1,0.342
102.74,1,0.357
102.75,1,0.355
102.76,1,0.336
102.77,1,0.318
102.78,1,0.281
102.79,1,0.274
102.80,1,0.262
102.81,1,0.286
102.82,1,0.293
102.83,1,0.307
102.84,1,0.314
102.85,1,0.320
102.86,1,0.302
102.87,1,0.280
102.88,1,0.279
102.89,1,0.270
102.90,1,0.275
102.91,1,0.297
102.92,1,0.316
102.93,1,0.333
102.94,1,0.334
102.95,1,0.327
102.96,1,0.319
102.97,1,0.318
102.98,1,0.333
102.99,1,0.361
103.00,1,0.388
103.01,1,0.374
103.02,1,0.357
103.03,1,0.336
103.04,1,0.308
103.05,1,0.278
103.06,1,0.266
103.07,1,0.242
103.08,1,0.244
103.09,1,0.305
103.10,1,0.364
103.11,1,0.409
103.12,1,0.436
103.13,1,0.423
103.14,1,0.357
103.15,1,0.299
103.16,1,0.264
103.17,1,0.265
103.18,1,0.289
103.19,1,0.328
103.20,1,0.322
103.21,1,0.305
103.22,1,0.292
103.23,1,0.273
103.24,1,0.272
103.25,1,0.284
103.26,1,0.300
103.27,1,0.315
103.28,1,0.400
103.29,1,0.455
103.30,1,0.420
103.31,1,0.373
103.32,1,0.335
103.33,1,0.314
103.34,1,0.320
103.35,1,0.245
103.36,1,0.211
103.37,1,0.170
103.38,1,0.141
103.39,1,0.153
103.40,1,0.178
103.41,1,0.208
103.42,1,0.250
103.43,1,0.301
103.44,1,0.381
103.45,1,0.528
103.46,1,0.595
103.47,1,0.967
103.48,1,1.357
103.49,1,1.197
103.50,1,0.594
103.51,1,0.237
103.52,1,0.127
103.53,1,0.147
103.54,1,0.203
103.55,1,0.235
103.56,1,0.262
103.57,1,0.307
103.58,1,0.360
103.59,1,0.395
103.60,1,0.419
103.61,1,0.462
103.62,1,0.464
103.63,1,0.460
103.64,1,0.448
103.65,1,0.399
103.66,1,0.343
103.67,1,0.280
103.68,1,0.240
103.69,1,0.232
103.70,1,0.249
103.71,1,0.265
103.72,1,0.268
103.73,1,0.272
103.74,1,0.281
103.75,1,0.273
103.76,1,0.279
103.77,1,0.285
103.78,1,0.278
103.79,1,0.272
103.80,1,0.249
103.81,1,0.242
103.82,1,0.225
103.83,1,0.227
103.84,1,0.229
103.85,1,0.247
103.86,1,0.264
103.87,1,0.278
103.88,1,0.289
103.89,1,0.286
103.90,1,0.292
103.91,1,0.296
103.92,1,0.304
103.93,1,0.312
103.94,1,0.322
103.95,1,0.320
103.96,1,0.313
103.97,1,0.292
103.98,1,0.279
103.99,1,0.277
104.00,1,0.326
104.01,1,0.354
104.02,1,0.451
104.03,1,0.504
104.04,1,0.784
104.05,1,0.723
104.06,1,0.815
104.07,1,0.761
104.08,1,0.672
104.09,1,0.609
104.10,1,0.622
104.11,1,0.752
104.12,1,0.878
104.13,1,1.127
104.14,1,1.260
104.15,1,1.234
104.16,1,1.073
104.17,1,0.880
104.18,1,0.841
104.19,1,0.641
104.20,1,0.493
104.21,1,0.595
104.22,1,0.560
104.23,1,0.409
104.24,1,0.238
104.25,1,0.150
104.26,1,0.112
104.27,1,0.087
104.28,1,0.072
104.29,1,0.072
104.30,1,0.075
104.31,1,0.080
104.32,1,0.101
104.33,1,0.123
104.34,1,0.148
104.35,1,0.214
104.36,1,0.240
104.37,1,0.291
104.38,1,0.292
104.39,1,0.307
104.40,1,0.263
104.41,1,0.284
104.42,1,0.258
104.43,1,0.249
104.44,1,0.259
104.45,1,0.227
104.46,1,0.236
104.47,1,0.237
104.48,1,0.261
104.49,1,0.287
104.50,1,0.297
104.51,1,0.312
104.52,1,0.290
104.53,1,0.286
104.54,1,0.248
104.55,1,0.244
104.56,1,0.222
104.57,1,0.212
104.58,1,0.204
104.59,1,0.202
104.60,1,0.181
104.61,1,0.167
104.62,1,0.163
104.63,1,0.162
104.64,1,0.179
104.65,1,0.185
104.66,1,0.197
104.67,1,0.198
104.68,1,0.197
104.69,1,0.192
104.70,1,0.185
104.71,1,0.184
104.72,1,0.196
104.73,1,0.222
104.74,1,0.241
104.75,1,0.248
104.76,1,0.251
104.77,1,0.248
104.78,1,0.250
104.79,1,0.259
104.80,1,0.271
104.81,1,0.286
104.82,1,0.288
104.83,1,0.286
104.84,1,0.290
104.85,1,0.305
104.86,1,0.340
104.87,1,0.379
104.88,1,0.423
104.89,1,0.481
104.90,1,0.468
104.91,1,0.464
104.92,1,0.394
104.93,1,0.267
104.94,1,0.267
104.95,1,0.301
104.96,1,0.319
104.97,1,0.359
104.98,1,0.387
104.99,1,0.384
105.00,1,0.362
105.01,1,0.338
105.02,1,0.305
105.03,1,0.263
105.04,1,0.236
105.05,1,0.221
105.06,1,0.213
105.07,1,0.219
105.08,1,0.237
105.09,1,0.253
105.10,1,0.286
105.11,1,0.358
105.12,1,0.504
105.13,1,0.583
105.14,1,0.565
105.15,1,0.554
105.16,1,0.549
105.17,1,0.519
105.18,1,0.494
105.19,1,0.490
105.20,1,0.450
105.21,1,0.245
105.22,1,0.230
105.23,1,0.221
105.24,1,0.263
105.25,1,0.308
105.26,1,0.353
105.27,1,0.401
105.28,1,0.456
105.29,1,0.467
105.30,1,0.451
105.31,1,0.426
105.32,1,0.396
105.33,1,0.394
105.34,1,0.377
105.35,1,0.379
105.36,1,0.376
105.37,1,0.368
105.38,1,0.361
105.39,1,0.355
105.40,1,0.338
105.41,1,0.313
105.42,1,0.297
105.43,1,0.321
105.44,1,0.355
105.45,1,0.413
105.46,1,0.579
105.47,1,0.820
105.48,1,0.776
105.49,1,0.559
105.50,1,0.423
105.51,1,0.313
105.52,1,0.234
105.53,1,0.206
105.54,1,0.225
105.55,1,0.256
105.56,1,0.294
105.57,1,0.323
105.58,1,0.356
105.59,1,0.382
105.60,1,0.389
105.61,1,0.361
105.62,1,0.341
105.63,1,0.305
105.64,1,0.307
105.65,1,0.315
105.66,1,0.300
105.67,1,0.273
105.68,1,0.294
105.69,1,0.317
105.70,1,0.300
105.71,1,0.344
105.72,1,0.381
105.73,1,0.321
105.74,1,0.287
105.75,1,0.289
105.76,1,0.288
105.77,1,0.308
105.78,1,0.325
105.79,1,0.310
105.80,1,0.286
105.81,1,0.264
105.82,1,0.253
105.83,1,0.252
105.84,1,0.281
105.85,1,0.323
105.86,1,0.357
105.87,1,0.360
105.88,1,0.371
105.89,1,0.374
105.90,1,0.450
105.91,1,0.466
105.92,1,0.457
105.93,1,0.448
105.94,1,0.386
105.95,1,0.307
105.96,1,0.261
105.97,1,0.248
105.98,1,0.206
105.99,1,0.207
106.00,1,0.196
106.01,1,0.209
106.02,1,0.203
106.03,1,0.222
106.04,1,0.220
106.05,1,0.228
106.06,1,0.227
106.07,1,0.228
106.08,1,0.227
106.09,1,0.223
106.10,1,0.221
106.11,1,0.220
106.12,1,0.207
106.13,1,0.196
106.14,1,0.181
106.15,1,0.161
106.16,1,0.155
106.17,1,0.159
106.18,1,0.149
106.19,1,0.155
106.20,1,0.154
106.21,1,0.157
106.22,1,0.155
106.23,1,0.145
106.24,1,0.162
106.25,1,0.169
106.26,1,0.164
106.27,1,0.175
106.28,1,0.179
106.29,1,0.183
106.30,1,0.197
106.31,1,0.208
106.32,1,0.232
106.33,1,0.262
106.34,1,0.304
106.35,1,0.340
106.36,1,0.383
106.37,1,0.433
106.38,1,0.372
106.39,1,0.313
106.40,1,0.232
106.41,1,0.264
106.42,1,0.250
106.43,1,0.271
106.44,1,0.247
106.45,1,0.186
106.46,1,0.126
106.47,1,0.147
106.48,1,0.189
106.49,1,0.216
106.50,1,0.244
106.51,1,0.281
106.52,1,0.285
106.53,1,0.266
106.54,1,0.269
106.55,1,0.274
106.56,1,0.292
106.57,1,0.311
106.58,1,0.310
106.59,1,0.309
106.60,1,0.288
106.61,1,0.273
106.62,1,0.253
106.63,1,0.239
106.64,1,0.223
106.65,1,0.210
106.66,1,0.199
106.67,1,0.199
106.68,1,0.187
106.69,1,0.193
106.70,1,0.182
106.71,1,0.192
106.72,1,0.186
106.73,1,0.208
106.74,1,0.198
106.75,1,0.205
106.76,1,0.201
106.77,1,0.203
106.78,1,0.252
106.79,1,0.313
106.80,1,0.382
106.81,1,0.465
106.82,1,0.524
106.83,1,0.553
106.84,1,0.568
106.85,1,0.562
106.86,1,0.533
106.87,1,0.480
106.88,1,0.454
106.89,1,0.391
106.90,1,0.327
106.91,1,0.296
106.92,1,0.257
106.93,1,0.254
106.94,1,0.249
106.95,1,0.257
106.96,1,0.289
106.97,1,0.307
106.98,1,0.324
106.99,1,0.333
107.00,1,0.319
107.01,1,0.311
107.02,1,0.320
107.03,1,0.335
107.04,1,0.344
107.05,1,0.347
107.06,1,0.353
107.07,1,0.356
107.08,1,0.363
107.09,1,0.366
107.10,1,0.360
107.11,1,0.364
107.12,1,0.346
107.13,1,0.332
107.14,1,0.320
107.15,1,0.288
107.16,1,0.247
107.17,1,0.228
107.18,1,0.202
107.19,1,0.192
107.20,1,0.185
107.21,1,0.182
107.22,1,0.191
107.23,1,0.204
107.24,1,0.229
107.25,1,0.265
107.26,1,0.552
107.27,1,0.632
107.28,1,0.667
107.29,1,0.585
107.30,1,0.522
107.31,1,0.588
107.32,1,0.682
107.33,1,0.679
107.34,1,0.614
107.35,1,0.483
107.36,1,0.291
107.37,1,0.138
107.38,1,0.165
107.39,1,0.202
107.40,1,0.231
107.41,1,0.247
107.42,1,0.281
107.43,1,0.291
107.44,1,0.287
107.45,1,0.276
107.46,1,0.290
107.47,1,0.309
107.48,1,0.325
107.49,1,0.344
107.50,1,0.356
107.51,1,0.312
107.52,1,0.287
107.53,1,0.274
107.54,1,0.237
107.55,1,0.279
107.56,1,0.335
107.57,1,0.350
107.58,1,0.392
107.59,1,0.423
107.60,1,0.421
107.61,1,0.418
107.62,1,0.426
107.63,1,0.405
107.64,1,0.386
107.65,1,0.351
107.66,1,0.322
107.67,1,0.316
107.68,1,0.338
107.69,1,0.396
107.70,1,0.453
107.71,1,0.514
107.72,1,0.587
107.73,1,0.688
107.74,1,0.752
107.75,1,0.733
107.76,1,0.961
107.77,1,1.191
107.78,1,1.370
107.79,1,1.570
107.80,1,1.797
107.81,1,1.787
107.82,1,1.934
107.83,1,1.945
107.84,1,1.610
107.85,1,1.612
107.86,1,1.547
107.87,1,1.327
107.88,1,0.969
107.89,1,0.723
107.90,1,0.522
107.91,0,
107.92,0,
107.93,0,
107.94,0,
107.95,0,
107.96,0,
107.97,0,
107.98,0,
107.99,0,
108.00,1,0.328
108.01,1,0.364
108.02,1,0.406
108.03,1,0.499
108.04,1,0.619
108.05,1,0.758
108.06,1,0.870
108.07,1,0.931
108.08,1,0.983
108.09,1,0.929
108.10,1,0.596
108.11,1,0.325
108.12,1,0.218
108.13,1,0.207
108.14,1,0.144
108.15,1,0.125
108.16,1,0.126
108.17,1,0.121
108.18,1,0.120
108.19,1,0.125
108.20,1,0.126
108.21,1,0.126
108.22,1,0.136
108.23,1,0.131
108.24,1,0.128
108.25,1,0.148
108.26,1,0.180
108.27,1,0.231
108.28,1,0.295
108.29,1,0.349
108.30,1,0.398
108.31,1,0.425
108.32,1,0.409
108.33,1,0.402
108.34,1,0.368
108.35,1,0.342
108.36,1,0.314
108.37,1,0.302
108.38,1,0.293
108.39,1,0.252
108.40,1,0.195
108.41,1,0.155
108.42,1,0.142
108.43,1,0.140
108.44,1,0.147
108.45,1,0.148
108.46,1,0.180
108.47,1,0.217
108.48,1,0.257
108.49,1,0.284
108.50,1,0.332
108.51,1,0.369
108.52,1,0.397
108.53,1,0.446
108.54,1,0.463
108.55,1,0.455
108.56,1,0.425
108.57,1,0.402
108.58,1,0.380
108.59,1,0.379
108.60,1,0.380
108.61,1,0.371
108.62,1,0.349
108.63,1,0.289
108.64,1,0.254
108.65,1,0.257
108.66,1,0.268
108.67,1,0.296
108.68,1,0.345
108.69,1,0.365
108.70,1,0.362
108.71,1,0.386
108.72,1,0.416
108.73,1,0.424
108.74,1,0.415
108.75,1,0.416
108.76,1,0.416
108.77,1,0.404
108.78,1,0.402
108.79,1,0.409
108.80,1,0.401
108.81,1,0.382
108.82,1,0.368
108.83,1,0.330
108.84,1,0.315
108.85,1,0.292
108.86,1,0.289
108.87,1,0.298
108.88,1,0.318
108.89,1,0.350
108.90,1,0.380
108.91,1,0.419
108.92,1,0.440
108.93,1,0.458
108.94,1,0.430
108.95,1,0.382
108.96,1,0.342
108.97,1,0.347
108.98,1,0.379
108.99,1,0.427
109.00,1,0.490
109.01,1,0.582
109.02,1,0.707
109.03,1,0.972
109.04,1,1.183
109.05,1,1.231
109.06,1,1.281
109.07,1,1.256
109.08,1,0.769
109.09,1,0.276
109.10,1,0.158
109.11,1,0.140
109.12,1,0.127
109.13,1,0.121
109.14,1,0.145
109.15,1,0.154
109.16,1,0.167
109.17,1,0.176
109.18,1,0.195
109.19,1,0.200
109.20,1,0.214
109.21,1,0.209
109.22,1,0.212
109.23,1,0.193
109.24,1,0.180
109.25,1,0.166
109.26,1,0.170
109.27,1,0.169
109.28,1,0.181
109.29,1,0.208
109.30,1,0.220
109.31,1,0.257
109.32,1,0.299
109.33,1,0.373
109.34,1,0.548
109.35,1,0.694
109.36,1,0.552
109.37,1,0.547
109.38,1,0.404
109.39,1,0.251
109.40,1,0.185
109.41,1,0.169
109.42,1,0.160
109.43,1,0.158
109.44,1,0.182
109.45,1,0.202
109.46,1,0.237
109.47,1,0.283
109.48,1,0.354
109.49,1,0.487
109.50,1,0.807
109.51,1,0.833
109.52,1,0.495
109.53,1,0.411
109.54,1,0.268
109.55,1,0.233
109.56,1,0.267
109.57,1,0.330
109.58,1,0.401
109.59,1,0.406
109.60,1,0.416
109.61,1,0.429
109.62,1,0.400
109.63,1,0.327
109.64,1,0.321
109.65,1,0.421
109.66,1,0.529
109.67,1,0.603
109.68,1,0.546
109.69,1,0.259
109.70,1,0.163
109.71,1,0.130
109.72,1,0.124
109.73,1,0.132
109.74,1,0.161
109.75,1,0.191
109.76,1,0.263
109.77,1,0.426
109.78,1,0.554
109.79,1,0.574
109.80,1,0.942
109.81,1,1.001
109.82,1,0.834
109.83,1,0.420
109.84,1,0.329
109.85,1,0.205
109.86,1,0.141
109.87,1,0.121
109.88,1,0.144
109.89,1,0.159
109.90,1,0.157
109.91,1,0.186
109.92,1,0.232
109.93,1,0.272
109.94,1,0.310
109.95,1,0.365
109.96,1,0.354
109.97,1,0.314
109.98,1,0.287
109.99,1,0.267
110.00,1,0.280
110.01,1,0.288
110.02,1,0.290
110.03,1,0.273
110.04,1,0.233
110.05,1,0.185
110.06,1,0.168
110.07,1,0.161
110.08,1,0.159
110.09,1,0.168
110.10,1,0.179
110.11,1,0.168
110.12,1,0.157
110.13,1,0.149
110.14,1,0.145
110.15,1,0.155
110.16,1,0.173
110.17,1,0.192
110.18,1,0.213
110.19,1,0.233
110.20,1,0.227
110.21,1,0.207
110.22,1,0.192
110.23,1,0.184
110.24,1,0.193
110.25,1,0.247
110.26,1,0.309
110.27,1,0.365
110.28,1,0.400
110.29,1,0.407
110.30,1,0.420
110.31,1,0.412
110.32,1,0.397
110.33,1,0.401
110.34,1,0.402
110.35,1,0.365
110.36,1,0.340
110.37,1,0.322
110.38,1,0.308
110.39,1,0.311
110.40,1,0.324
110.41,1,0.329
110.42,1,0.334
110.43,1,0.317
110.44,1,0.296
110.45,1,0.283
110.46,1,0.285
110.47,1,0.289
110.48,1,0.304
110.49,1,0.316
110.50,1,0.335
110.51,1,0.340
110.52,1,0.350
110.53,1,0.372
110.54,1,0.372
110.55,1,0.351
110.56,1,0.328
110.57,1,0.333
110.58,1,0.328
110.59,1,0.318
110.60,1,0.336
110.61,1,0.359
110.62,1,0.321
110.63,1,0.311
110.64,1,0.379
110.65,1,0.794
110.66,1,1.043
110.67,1,1.107
110.68,1,1.016
110.69,1,0.951
110.70,1,0.803
110.71,1,0.787
110.72,1,0.744
110.73,1,0.637
110.74,1,0.345
110.75,1,0.110
110.76,1,0.125
110.77,1,0.148
110.78,1,0.168
110.79,1,0.187
110.80,1,0.218
110.81,1,0.233
110.82,1,0.250
110.83,1,0.241
110.84,1,0.232
110.85,1,0.236
110.86,1,0.235
110.87,1,0.228
110.88,1,0.234
110.89,1,0.263
110.90,1,0.257
110.91,1,0.252
110.92,1,0.213
110.93,1,0.173
110.94,1,0.149
110.95,1,0.136
110.96,1,0.140
110.97,1,0.146
110.98,1,0.168
110.99,1,0.190
111.00,1,0.214
111.01,1,0.240
111.02,1,0.256
111.03,1,0.270
111.04,1,0.282
111.05,1,0.289
111.06,1,0.281
111.07,1,0.273
111.08,1,0.264
111.09,1,0.256
111.10,1,0.246
111.11,1,0.241
111.12,1,0.258
111.13,1,0.269
111.14,1,0.303
111.15,1,0.435
111.16,1,0.478
111.17,1,0.433
111.18,1,0.374
111.19,1,0.301
111.20,1,0.269
111.21,1,0.219
111.22,1,0.161
111.23,1,0.092
111.24,1,0.138
111.25,1,0.179
111.26,1,0.190
111.27,1,0.198
111.28,1,0.225
111.29,1,0.211
111.30,1,0.184
111.31,1,0.166
111.32,1,0.148
111.33,1,0.138
111.34,1,0.141
111.35,1,0.157
111.36,1,0.168
111.37,1,0.175
111.38,1,0.180
111.39,1,0.185
111.40,1,0.200
111.41,1,0.221
111.42,1,0.232
111.43,1,0.239
111.44,1,0.249
111.45,1,0.257
111.46,1,0.264
111.47,1,0.264
111.48,1,0.263
111.49,1,0.255
111.50,1,0.246
111.51,1,0.240
111.52,1,0.230
111.53,1,0.214
111.54,1,0.201
111.55,1,0.183
111.56,1,0.162
111.57,1,0.164
111.58,1,0.163
111.59,1,0.161
111.60,1,0.159
111.61,1,0.173
111.62,1,0.177
111.63,1,0.186
111.64,1,0.204
111.65,1,0.233
111.66,1,0.249
111.67,1,0.278
111.68,1,0.351
111.69,1,0.437
111.70,1,0.454
111.71,1,0.651
111.72,1,0.772
111.73,1,0.763
111.74,1,0.848
111.75,1,0.854
111.76,1,0.807
111.77,0,
111.78,0,
111.79,0,
111.80,0,
111.81,0,
111.82,0,
111.83,0,
111.84,0,
111.85,0,
111.86,0,
111.87,0,
111.88,0,
111.89,0,
111.90,0,
111.91,0,
111.92,0,
111.93,0,
111.94,1,0.584
111.95,1,0.632
111.96,1,0.600
111.97,1,0.481
111.98,1,0.303
111.99,1,0.188
112.00,1,0.125
112.01,1,0.112
112.02,1,0.117
112.03,1,0.119
112.04,1,0.131
112.05,1,0.143
112.06,1,0.172
112.07,1,0.202
112.08,1,0.230
112.09,1,0.241
112.10,1,0.233
112.11,1,0.226
112.12,1,0.214
112.13,1,0.187
112.14,1,0.171
112.15,1,0.167
112.16,1,0.163
112.17,1,0.162
112.18,1,0.158
112.19,1,0.159
112.20,1,0.167
112.21,1,0.171
112.22,1,0.170
112.23,1,0.168
112.24,1,0.160
112.25,1,0.148
112.26,1,0.153
112.27,1,0.172
112.28,1,0.185
112.29,1,0.251
112.30,1,0.365
112.31,1,0.272
112.32,1,0.150
112.33,1,0.115
112.34,1,0.104
112.35,1,0.143
112.36,1,0.190
112.37,1,0.200
112.38,1,0.216
112.39,1,0.246
112.40,1,0.219
112.41,1,0.187
112.42,1,0.198
112.43,1,0.192
112.44,1,0.173
112.45,1,0.162
112.46,1,0.143
112.47,1,0.144
112.48,1,0.144
112.49,1,0.154
112.50,1,0.169
112.51,1,0.189
112.52,1,0.207
112.53,1,0.255
112.54,1,0.442
112.55,1,0.666
112.56,1,0.458
112.57,1,0.257
112.58,1,0.161
112.59,1,0.134
112.60,1,0.149
112.61,1,0.149
112.62,1,0.078
112.63,1,0.095
112.64,1,0.205
112.65,1,0.217
112.66,1,0.217
112.67,1,0.258
112.68,1,0.251
112.69,1,0.125
112.70,1,0.131
112.71,1,0.137
112.72,1,0.145
112.73,1,0.161
112.74,1,0.166
112.75,1,0.164
112.76,1,0.190
112.77,1,0.202
112.78,1,0.205
112.79,1,0.211
112.80,1,0.215
112.81,1,0.198
112.82,1,0.188
112.83,1,0.184
112.84,1,0.189
112.85,1,0.180
112.86,1,0.201
112.87,1,0.261
112.88,1,0.384
112.89,1,0.364
112.90,1,0.310
112.91,1,0.269
112.92,1,0.169
112.93,1,0.219
112.94,1,0.196
112.95,1,0.182
112.96,1,0.178
112.97,1,0.181
112.98,1,0.172
112.99,1,0.197
113.00,1,0.233
113.01,1,0.267
113.02,1,0.285
113.03,1,0.299
113.04,1,0.297
113.05,1,0.306
113.06,1,0.310
113.07,1,0.325
113.08,1,0.348
113.09,1,0.381
113.10,1,0.383
113.11,1,0.394
113.12,1,0.417
113.13,1,0.437
113.14,1,0.436
113.15,1,0.595
113.16,1,1.211
113.17,1,1.531
113.18,1,1.647
113.19,1,1.706
113.20,1,1.474
113.21,1,1.069
113.22,1,0.430
113.23,1,0.180
113.24,1,0.140
113.25,1,0.111
113.26,1,0.097
113.27,1,0.117
113.28,1,0.149
113.29,1,0.184
113.30,1,0.251
113.31,1,0.443
113.32,1,0.713
113.33,1,0.694
113.34,1,0.573
113.35,1,0.470
113.36,1,0.458
113.37,1,0.472
113.38,1,0.501
113.39,1,0.219
113.40,1,0.126
113.41,1,0.093
113.42,1,0.078
113.43,1,0.078
113.44,1,0.086
113.45,1,0.096
113.46,1,0.112
113.47,1,0.130
113.48,1,0.146
113.49,1,0.150
113.50,1,0.151
113.51,1,0.148
113.52,1,0.138
113.53,1,0.136
113.54,1,0.138
113.55,1,0.139
113.56,1,0.147
113.57,1,0.156
113.58,1,0.157
113.59,1,0.163
113.60,1,0.170
113.61,1,0.170
113.62,1,0.167
113.63,1,0.165
113.64,1,0.157
113.65,1,0.149
113.66,1,0.139
113.67,1,0.132
113.68,1,0.129
113.69,1,0.133
113.70,1,0.135
113.71,1,0.139
113.72,1,0.143
113.73,1,0.140
113.74,1,0.143
113.75,1,0.150
113.76,1,0.168
113.77,1,0.188
113.78,1,0.204
113.79,1,0.223
113.80,1,0.278
113.81,1,0.293
113.82,1,0.366
113.83,1,0.545
113.84,1,0.674
113.85,1,0.657
113.86,1,0.623
113.87,1,0.570
113.88,1,0.522
113.89,1,0.484
113.90,0,
113.91,0,
113.92,0,
113.93,0,
113.94,0,
113.95,0,
113.96,0,
113.97,0,
113.98,0,
113.99,0,
114.00,0,
114.01,0,
114.02,0,
114.03,0,
114.04,0,
114.05,0,
114.06,0,
114.07,0,
114.08,1,0.573
114.09,1,0.409
114.10,1,0.201
114.11,1,0.107
114.12,1,0.077
114.13,1,0.065
114.14,1,0.071
114.15,1,0.075
114.16,1,0.054
114.17,1,0.062
114.18,1,0.052
114.19,1,0.046
114.20,1,0.042
114.21,1,0.041
114.22,1,0.040
114.23,1,0.048
114.24,1,0.061
114.25,1,0.079
114.26,1,0.096
114.27,1,0.105
114.28,1,0.103
114.29,1,0.102
114.30,1,0.096
114.31,1,0.094
114.32,1,0.101
114.33,1,0.108
114.34,1,0.118
114.35,1,0.125
114.36,1,0.133
114.37,1,0.135
114.38,1,0.142
114.39,1,0.141
114.40,1,0.140
114.41,1,0.136
114.42,1,0.139
114.43,1,0.138
114.44,1,0.146
114.45,1,0.163
114.46,1,0.189
114.47,1,0.160
114.48,1,0.121
114.49,1,0.093
114.50,1,0.084
114.51,1,0.082
114.52,1,0.080
114.53,1,0.083
114.54,1,0.084
114.55,1,0.090
114.56,1,0.091
114.57,1,0.089
114.58,1,0.086
114.59,1,0.085
114.60,1,0.085
114.61,1,0.090
114.62,1,0.095
114.63,1,0.104
114.64,1,0.105
114.65,1,0.101
114.66,1,0.100
114.67,1,0.089
114.68,1,0.084
114.69,1,0.085
114.70,1,0.084
114.71,1,0.090
114.72,1,0.098
114.73,1,0.112
114.74,1,0.141
114.75,1,0.210
114.76,1,0.302
114.77,1,0.272
114.78,1,0.172
114.79,1,0.089
114.80,1,0.068
114.81,1,0.054
114.82,1,0.051
114.83,1,0.045
114.84,1,0.042
114.85,1,0.041
114.86,1,0.044
114.87,1,0.048
114.88,1,0.054
114.89,1,0.067
114.90,1,0.082
114.91,1,0.096
114.92,1,0.108
114.93,1,0.115
114.94,1,0.108
114.95,1,0.098
114.96,1,0.085
114.97,1,0.073
114.98,1,0.071
114.99,1,0.082
115.00,1,0.096
115.01,1,0.101
115.02,1,0.105
115.03,1,0.112
115.04,1,0.121
115.05,1,0.146
115.06,1,0.199
115.07,1,0.304
115.08,1,0.446
115.09,1,0.386
115.10,1,0.203
115.11,1,0.086
115.12,1,0.069
115.13,1,0.062
115.14,1,0.057
115.15,1,0.058
115.16,1,0.059
115.17,1,0.068
115.18,1,0.083
115.19,1,0.098
115.20,1,0.115
115.21,1,0.143
115.22,1,0.157
115.23,1,0.149
115.24,1,0.182
115.25,1,0.278
115.26,1,0.242
115.27,1,0.136
115.28,1,0.108
115.29,1,0.091
115.30,1,0.082
115.31,1,0.080
115.32,1,0.080
115.33,1,0.105
115.34,1,0.146
115.35,1,0.205
115.36,1,0.325
115.37,1,0.557
115.38,1,0.688
115.39,1,0.600
115.40,1,0.363
115.41,1,0.154
115.42,1,0.081
115.43,1,0.063
115.44,1,0.058
115.45,1,0.068
115.46,1,0.083
115.47,1,0.104
115.48,1,0.151
115.49,1,0.205
115.50,1,0.198
115.51,1,0.241
115.52,1,0.642
115.53,1,0.713
115.54,1,0.936
115.55,1,0.849
115.56,1,0.449
115.57,1,0.234
115.58,1,0.115
115.59,1,0.082
115.60,1,0.070
115.61,1,0.068
115.62,1,0.064
115.63,1,0.061
115.64,1,0.060
115.65,1,0.061
115.66,1,0.059
115.67,1,0.062
115.68,1,0.065
115.69,1,0.068
115.70,1,0.070
115.71,1,0.070
115.72,1,0.073
115.73,1,0.075
115.74,1,0.083
115.75,1,0.094
115.76,1,0.113
115.77,1,0.137
115.78,1,0.186
115.79,1,0.312
115.80,1,0.484
115.81,1,0.527
115.82,1,0.603
115.83,1,0.495
115.84,1,0.355
115.85,1,0.228
115.86,1,0.144
115.87,1,0.119
115.88,1,0.111
115.89,1,0.078
115.90,1,0.069
115.91,1,0.069
115.92,1,0.065
115.93,1,0.067
115.94,1,0.077
115.95,1,0.081
115.96,1,0.082
115.97,1,0.088
115.98,1,0.084
115.99,1,0.083
116.00,1,0.085
116.01,1,0.089
116.02,1,0.097
116.03,1,0.111
116.04,1,0.122
116.05,1,0.137
116.06,1,0.151
116.07,1,0.151
116.08,1,0.142
116.09,1,0.135
116.10,1,0.126
116.11,1,0.124
116.12,1,0.122
116.13,1,0.135
116.14,1,0.131
116.15,1,0.122
116.16,1,0.122
116.17,1,0.120
116.18,1,0.128
116.19,1,0.157
116.20,1,0.207
116.21,1,0.272
116.22,1,0.428
116.23,1,0.460
116.24,1,0.583
116.25,1,0.614
116.26,1,0.734
116.27,1,0.798
116.28,1,0.975
116.29,1,0.918
116.30,1,0.764
116.31,1,0.646
116.32,0,
116.33,0,
116.34,0,
116.35,1,0.529
116.36,1,0.440
116.37,1,0.471
116.38,1,0.381
116.39,1,0.336
116.40,1,0.468
116.41,1,0.575
116.42,1,0.546
116.43,1,0.487
116.44,1,0.450
116.45,1,0.322
116.46,1,0.242
116.47,1,0.115
116.48,1,0.088
116.49,1,0.113
116.50,1,0.114
116.51,1,0.116
116.52,1,0.136
116.53,1,0.150
116.54,1,0.144
116.55,1,0.155
116.56,1,0.167
116.57,1,0.164
116.58,1,0.180
116.59,1,0.198
116.60,1,0.188
116.61,1,0.184
116.62,1,0.184
116.63,1,0.181
116.64,1,0.180
116.65,1,0.202
116.66,1,0.204
116.67,1,0.235
116.68,1,0.258
116.69,1,0.250
116.70,1,0.271
116.71,1,0.273
116.72,1,0.247
116.73,1,0.302
116.74,1,0.353
116.75,1,0.378
116.76,1,0.533
116.77,1,0.799
116.78,1,0.536
116.79,1,0.305
116.80,1,0.208
116.81,1,0.228
116.82,1,0.217
116.83,1,0.236
116.84,1,0.278
116.85,1,0.323
116.86,1,0.345
116.87,1,0.395
116.88,1,0.400
116.89,1,0.419
116.90,1,0.368
116.91,1,0.319
116.92,1,0.285
116.93,1,0.255
116.94,1,0.218
116.95,1,0.197
116.96,1,0.190
116.97,1,0.174
116.98,1,0.190
116.99,1,0.223
117.00,1,0.234
117.01,1,0.252
117.02,1,0.280
117.03,1,0.272
117.04,1,0.271
117.05,1,0.251
117.06,1,0.226
117.07,1,0.179
117.08,1,0.173
117.09,1,0.173
117.10,1,0.184
117.11,1,0.201
117.12,1,0.186
117.13,1,0.196
117.14,1,0.226
117.15,1,0.235
117.16,1,0.264
117.17,1,0.306
117.18,1,0.350
117.19,1,0.410
117.20,1,0.665
117.21,1,0.653
117.22,1,0.532
117.23,1,0.406
117.24,1,0.265
117.25,1,0.097
117.26,1,0.087
117.27,1,0.083
117.28,1,0.071
117.29,1,0.068
117.30,1,0.075
117.31,1,0.076
117.32,1,0.083
117.33,1,0.104
117.34,1,0.128
117.35,1,0.139
117.36,1,0.144
117.37,1,0.135
117.38,1,0.127
117.39,1,0.118
117.40,1,0.121
117.41,1,0.136
117.42,1,0.154
117.43,1,0.167
117.44,1,0.177
117.45,1,0.180
117.46,1,0.191
117.47,1,0.202
117.48,1,0.210
117.49,1,0.224
117.50,1,0.229
117.51,1,0.231
117.52,1,0.234
117.53,1,0.231
117.54,1,0.231
117.55,1,0.229
117.56,1,0.223
117.57,1,0.218
117.58,1,0.204
117.59,1,0.194
117.60,1,0.182
117.61,1,0.185
117.62,1,0.194
117.63,1,0.206
117.64,1,0.217
117.65,1,0.221
117.66,1,0.227
117.67,1,0.226
117.68,1,0.231
117.69,1,0.239
117.70,1,0.246
117.71,1,0.247
117.72,1,0.242
117.73,1,0.229
117.74,1,0.214
117.75,1,0.193
117.76,1,0.179
117.77,1,0.167
117.78,1,0.157
117.79,1,0.147
117.80,1,0.147
117.81,1,0.149
117.82,1,0.155
117.83,1,0.175
117.84,1,0.193
117.85,1,0.211
117.86,1,0.225
117.87,1,0.230
117.88,1,0.228
117.89,1,0.216
117.90,1,0.203
117.91,1,0.189
117.92,1,0.163
117.93,1,0.142
117.94,1,0.144
117.95,1,0.165
117.96,1,0.208
117.97,1,0.253
117.98,1,0.293
117.99,1,0.315
118.00,1,0.314
118.01,1,0.302
118.02,1,0.285
118.03,1,0.262
118.04,1,0.244
118.05,1,0.235
118.06,1,0.231
118.07,1,0.226
118.08,1,0.231
118.09,1,0.226
118.10,1,0.223
118.11,1,0.225
118.12,1,0.219
118.13,1,0.226
118.14,1,0.238
118.15,1,0.261
118.16,1,0.272
118.17,1,0.274
118.18,1,0.272
118.19,1,0.263
118.20,1,0.239
118.21,1,0.220
118.22,1,0.212
118.23,1,0.204
118.24,1,0.209
118.25,1,0.213
118.26,1,0.214
118.27,1,0.208
118.28,1,0.192
118.29,1,0.182
118.30,1,0.173
118.31,1,0.171
118.32,1,0.169
118.33,1,0.171
118.34,1,0.167
118.35,1,0.167
118.36,1,0.166
118.37,1,0.171
118.38,1,0.183
118.39,1,0.193
118.40,1,0.211
118.41,1,0.221
118.42,1,0.228
118.43,1,0.221
118.44,1,0.213
118.45,1,0.203
118.46,1,0.191
118.47,1,0.184
118.48,1,0.182
118.49,1,0.187
118.50,1,0.188
118.51,1,0.196
118.52,1,0.203
118.53,1,0.204
118.54,1,0.206
118.55,1,0.220
118.56,1,0.249
118.57,1,0.282
118.58,1,0.328
118.59,1,0.354
118.60,1,0.370
118.61,1,0.387
118.62,1,0.364
118.63,1,0.341
118.64,1,0.369
118.65,1,0.438
118.66,1,0.479
118.67,1,0.535
118.68,1,0.624
118.69,1,0.705
118.70,1,0.783
118.71,1,0.924
118.72,1,1.008
118.73,0,
118.74,0,
118.75,0,
118.76,0,
118.77,0,
118.78,0,
118.79,0,
118.80,0,
118.81,0,
118.82,0,
118.83,0,
118.84,0,
118.85,0,
118.86,0,
118.87,0,
118.88,0,
118.89,0,
118.90,0,
118.91,0,
118.92,0,
118.93,0,
118.94,0,
118.95,0,
118.96,0,
118.97,0,
118.98,0,
118.99,0,
119.00,0,
119.01,0,
119.02,0,
119.03,0,
119.04,0,
119.05,0,
119.06,0,
119.07,0,
119.08,0,
119.09,0,
119.10,0,
119.11,0,
119.12,0,
119.13,0,
119.14,0,
119.15,0,
119.16,0,
119.17,0,
119.18,0,
119.19,0,
119.20,0,
119.21,0,
119.22,0,
119.23,0,
119.24,0,
119.25,0,
119.26,0,
119.27,0,
119.28,0,
119.29,0,
119.30,0,
119.31,0,
119.32,0,
119.33,0,
119.34,0,
119.35,0,
119.36,0,
119.37,0,
119.38,0,
119.39,0,
119.40,0,
119.41,0,
119.42,0,
119.43,0,
119.44,0,
119.45,0,
119.46,0,
119.47,0,
119.48,0,
119.49,0,
119.50,0,
119.51,0,
119.52,0,
119.53,0,
119.54,0,
119.55,0,
119.56,0,
119.57,0,
119.58,0,
119.59,0,
119.60,0,
119.61,0,
119.62,0,
119.63,0,
119.64,0,
119.65,0,
119.66,0,
119.67,0,
119.68,0,
119.69,0,
119.70,0,
119.71,0,
119.72,0,
119.73,0,
119.74,0,
119.75,0,
119.76,0,
119.77,0,
119.78,0,
119.79,0,
119.80,0,
119.81,0,
119.82,0,
119.83,0,
119.84,0,
119.85,0,
119.86,0,
119.87,0,
119.88,0,
119.89,0,
119.90,0,
119.91,0,
119.92,0,
119.93,0,
119.94,0,
119.95,0,
119.96,0,
119.97,0,
119.98,0,
119.99,0,
120.00,0,
120.01,0,
120.02,0,
120.03,0,
120.04,0,
120.05,0,
120.06,0,
120.07,0,
120.08,0,
120.09,0,
120.10,0,
120.11,0,
120.12,0,
120.13,0,
120.14,0,
120.15,0,
120.16,0,
120.17,0,
120.18,0,
120.19,0,
120.20,0,
120.21,0,
120.22,0,
120.23,0,
120.24,0,
120.25,0,
120.26,0,
120.27,0,
120.28,0,
120.29,0,
120.30,0,
120.31,0,
120.32,0,
120.33,0,
120.34,0,
120.35,0,
120.36,0,
120.37,0,
120.38,0,
120.39,0,
120.40,0,
120.41,0,
120.42,0,
120.43,0,
120.44,0,
120.45,0,
120.46,0,
120.47,0,
120.48,0,
120.49,0,
120.50,0,
120.51,0,
120.52,0,
120.53,0,
120.54,0,
120.55,0,
120.56,0,
120.57,0,
120.58,0,
120.59,0,
120.60,0,
120.61,0,
120.62,0,
120.63,0,
120.64,0,
120.65,0,
120.66,0,
120.67,0,
120.68,0,
120.69,0,
120.70,0,
120.71,0,
120.72,0,
120.73,0,
120.74,0,
120.75,0,
120.76,0,
120.77,0,
120.78,0,
120.79,0,
120.80,0,
120.81,0,
120.82,0,
120.83,0,
120.84,0,
120.85,0,
120.86,0,
120.87,0,
120.88,0,
120.89,0,
120.90,0,
120.91,0,
120.92,0,
120.93,0,
120.94,0,
120.95,0,
120.96,0,
120.97,0,
120.98,0,
120.99,0,
121.00,0,
121.01,0,
121.02,0,
121.03,0,
121.04,0,
121.05,0,
121.06,0,
121.07,0,
121.08,0,
121.09,0,
121.10,0,
121.11,0,
121.12,0,
121.13,0,
121.14,0,
121.15,0,
121.16,0,
121.17,0,
121.18,0,
121.19,0,
121.20,0,
121.21,0,
121.22,0,
121.23,1,0.332
121.24,1,0.221
121.25,1,0.181
121.26,1,0.170
121.27,1,0.125
121.28,1,0.134
121.29,1,0.121
121.30,1,0.144
121.31,1,0.187
121.32,1,0.278
121.33,1,0.325
121.34,1,0.376
121.35,1,0.433
121.36,1,0.430
121.37,1,0.358
121.38,1,0.308
121.39,1,0.291
121.40,1,0.268
121.41,1,0.285
121.42,1,0.326
121.43,1,0.365
121.44,1,0.361
121.45,1,0.329
121.46,1,0.290
121.47,1,0.265
121.48,1,0.257
121.49,1,0.267
121.50,1,0.310
121.51,1,0.343
121.52,1,0.399
121.53,1,0.477
121.54,1,0.508
121.55,1,0.525
121.56,1,0.558
121.57,1,0.522
121.58,1,0.418
121.59,1,0.384
121.60,1,0.345
121.61,1,0.294
121.62,1,0.275
121.63,1,0.302
121.64,1,0.312
121.65,1,0.324
121.66,1,0.317
121.67,1,0.293
121.68,1,0.270
121.69,1,0.266
121.70,1,0.260
121.71,1,0.276
121.72,1,0.310
121.73,1,0.325
121.74,1,0.328
121.75,1,0.336
121.76,1,0.354
121.77,1,0.383
121.78,1,0.429
121.79,1,0.439
121.80,1,0.448
121.81,1,0.484
121.82,1,0.531
121.83,1,0.487
121.84,1,0.498
121.85,1,0.508
121.86,1,0.474
121.87,1,0.406
121.88,1,0.379
121.89,1,0.334
121.90,1,0.294
121.91,1,0.303
121.92,1,0.317
121.93,1,0.371
121.94,1,0.423
121.95,1,0.464
121.96,1,0.508
121.97,1,0.539
121.98,1,0.520
121.99,1,0.519
122.00,1,0.496
122.01,1,0.448
122.02,1,0.395
122.03,1,0.373
122.04,1,0.366
122.05,1,0.378
122.06,1,0.421
122.07,1,0.461
122.08,1,0.451
122.09,1,0.445
122.10,1,0.432
122.11,1,0.391
122.12,1,0.394
122.13,1,0.405
122.14,1,0.419
122.15,1,0.431
122.16,1,0.438
122.17,1,0.433
122.18,1,0.364
122.19,1,0.311
122.20,1,0.260
122.21,1,0.242
122.22,1,0.240
122.23,1,0.243
122.24,1,0.285
122.25,1,0.290
122.26,1,0.320
122.27,1,0.316
122.28,1,0.313
122.29,1,0.280
122.30,1,0.287
122.31,1,0.316
122.32,1,0.296
122.33,1,0.269
122.34,1,0.279
122.35,1,0.303
122.36,1,0.325
122.37,1,0.363
122.38,1,0.382
122.39,1,0.367
122.40,1,0.353
122.41,1,0.340
122.42,1,0.303
122.43,1,0.279
122.44,1,0.302
122.45,1,0.320
122.46,1,0.333
122.47,1,0.397
122.48,1,0.411
122.49,1,0.361
122.50,1,0.353
122.51,1,0.368
122.52,1,0.347
122.53,1,0.301
122.54,1,0.286
122.55,1,0.292
122.56,1,0.285
122.57,1,0.312
122.58,1,0.347
122.59,1,0.386
122.60,1,0.405
122.61,1,0.415
122.62,1,0.400
122.63,1,0.367
122.64,1,0.358
122.65,1,0.332
122.66,1,0.302
122.67,1,0.320
122.68,1,0.313
122.69,1,0.292
122.70,1,0.241
122.71,1,0.222
122.72,1,0.240
122.73,1,0.264
122.74,1,0.307
122.75,1,0.364
122.76,1,0.381
122.77,1,0.388
122.78,1,0.386
122.79,1,0.384
122.80,1,0.407
122.81,1,0.416
122.82,1,0.376
122.83,1,0.290
122.84,1,0.234
122.85,1,0.221
122.86,1,0.210
122.87,1,0.221
122.88,1,0.252
122.89,1,0.281
122.90,1,0.311
122.91,1,0.335
122.92,1,0.347
122.93,1,0.347
122.94,1,0.355
122.95,1,0.388
122.96,1,0.388
122.97,1,0.347
122.98,1,0.289
122.99,1,0.235
123.00,1,0.205
123.01,1,0.188
123.02,1,0.181
123.03,1,0.190
123.04,1,0.202
123.05,1,0.229
123.06,1,0.304
123.07,1,0.384
123.08,1,0.522
123.09,1,0.784
123.10,1,1.128
123.11,1,1.483
123.12,1,1.526
123.13,1,0.896
123.14,1,0.376
123.15,1,0.237
123.16,1,0.234
123.17,1,0.234
123.18,1,0.245
123.19,1,0.258
123.20,1,0.270
123.21,1,0.251
123.22,1,0.252
123.23,1,0.262
123.24,1,0.290
123.25,1,0.329
123.26,1,0.398
123.27,1,0.419
123.28,1,0.386
123.29,1,0.352
123.30,1,0.252
123.31,1,0.231
123.32,1,0.226
123.33,1,0.228
123.34,1,0.244
123.35,1,0.295
123.36,1,0.303
123.37,1,0.318
123.38,1,0.345
123.39,1,0.330
123.40,1,0.302
123.41,1,0.301
123.42,1,0.300
123.43,1,0.283
123.44,1,0.283
123.45,1,0.274
123.46,1,0.258
123.47,1,0.257
123.48,1,0.248
123.49,1,0.238
123.50,1,0.233
123.51,1,0.237
123.52,1,0.228
123.53,1,0.248
123.54,1,0.285
123.55,1,0.291
123.56,1,0.278
123.57,1,0.262
123.58,1,0.255
123.59,1,0.244
123.60,1,0.253
123.61,1,0.279
123.62,1,0.313
123.63,1,0.340
123.64,1,0.350
123.65,1,0.362
123.66,1,0.375
123.67,1,0.372
123.68,1,0.340
123.69,1,0.328
123.70,1,0.326
123.71,1,0.339
123.72,1,0.379
123.73,1,0.357
123.74,1,0.348
123.75,1,0.327
123.76,1,0.317
123.77,1,0.281
123.78,1,0.272
123.79,1,0.279
123.80,1,0.310
123.81,1,0.303
123.82,1,0.306
123.83,1,0.423
123.84,1,0.414
123.85,1,0.370
123.86,1,0.424
123.87,1,0.441
123.88,1,0.500
123.89,1,0.496
123.90,1,0.447
123.91,1,0.313
123.92,1,0.219
123.93,1,0.208
123.94,1,0.232
123.95,1,0.256
123.96,1,0.312
123.97,1,0.355
123.98,1,0.358
123.99,1,0.340
124.00,1,0.314
124.01,1,0.327
124.02,1,0.308
124.03,1,0.301
124.04,1,0.319
124.05,1,0.314
124.06,1,0.307
124.07,1,0.311
124.08,1,0.313
124.09,1,0.332
124.10,1,0.346
124.11,1,0.333
124.12,1,0.326
124.13,1,0.295
124.14,1,0.298
124.15,1,0.312
124.16,1,0.324
124.17,1,0.341
124.18,1,0.378
124.19,1,0.362
124.20,1,0.344
124.21,1,0.406
124.22,1,0.446
124.23,1,0.476
124.24,1,0.527
124.25,1,0.579
124.26,1,0.590
124.27,1,0.575
124.28,1,0.487
124.29,1,0.481
124.30,1,0.490
124.31,1,0.439
124.32,1,0.414
124.33,1,0.395
124.34,1,0.382
124.35,1,0.347
124.36,1,0.399
124.37,1,0.359
124.38,1,0.357
124.39,1,0.323
124.40,1,0.270
124.41,1,0.235
124.42,1,0.228
124.43,1,0.217
124.44,1,0.235
124.45,1,0.274
124.46,1,0.339
124.47,1,0.405
124.48,1,0.478
124.49,1,0.482
124.50,1,0.412
124.51,1,0.359
124.52,1,0.324
124.53,1,0.268
124.54,1,0.260
124.55,1,0.258
124.56,1,0.237
124.57,1,0.246
124.58,1,0.260
124.59,1,0.267
124.60,1,0.289
124.61,1,0.352
124.62,1,0.446
124.63,1,0.649
124.64,1,0.724
124.65,1,0.820
124.66,1,0.529
124.67,1,0.300
124.68,1,0.200
124.69,1,0.195
124.70,1,0.205
124.71,1,0.198
124.72,1,0.221
124.73,1,0.243
124.74,1,0.259
124.75,1,0.270
124.76,1,0.294
124.77,1,0.288
124.78,1,0.278
124.79,1,0.292
124.80,1,0.284
124.81,1,0.273
124.82,1,0.289
124.83,1,0.291
124.84,1,0.273
124.85,1,0.289
124.86,1,0.283
124.87,1,0.288
124.88,1,0.298
124.89,1,0.301
124.90,1,0.313
124.91,1,0.320
124.92,1,0.347
124.93,1,0.364
124.94,1,0.361
124.95,1,0.394
124.96,1,0.436
124.97,1,0.432
124.98,1,0.437
124.99,1,0.412
125.00,1,0.348
125.01,1,0.302
125.02,1,0.270
125.03,1,0.251
125.04,1,0.247
125.05,1,0.244
125.06,1,0.255
125.07,1,0.256
125.08,1,0.282
125.09,1,0.368
125.10,1,0.483
125.11,1,0.891
125.12,1,1.083
125.13,1,0.598
125.14,1,0.302
125.15,1,0.218
125.16,1,0.204
125.17,1,0.200
125.18,1,0.203
125.19,1,0.221
125.20,1,0.269
125.21,1,0.289
125.22,1,0.330
125.23,1,0.424
125.24,1,0.425
125.25,1,0.436
125.26,1,0.607
125.27,1,0.573
125.28,1,0.527
125.29,1,0.301
125.30,1,0.245
125.31,1,0.238
125.32,1,0.215
125.33,1,0.222
125.34,1,0.252
125.35,1,0.273
125.36,1,0.269
125.37,1,0.275
125.38,1,0.291
125.39,1,0.252
125.40,1,0.265
125.41,1,0.272
125.42,1,0.267
125.43,1,0.273
125.44,1,0.309
125.45,1,0.327
125.46,1,0.374
125.47,1,0.403
125.48,1,0.390
125.49,1,0.343
125.50,1,0.312
125.51,1,0.311
125.52,1,0.317
125.53,1,0.354
125.54,1,0.419
125.55,1,0.504
125.56,1,0.676
125.57,1,0.639
125.58,1,0.320
125.59,1,0.201
125.60,1,0.154
125.61,1,0.182
125.62,1,0.236
125.63,1,0.267
125.64,1,0.278
125.65,1,0.314
125.66,1,0.339
125.67,1,0.345
125.68,1,0.386
125.69,1,0.485
125.70,1,0.564
125.71,1,0.634
125.72,1,0.831
125.73,1,1.345
125.74,1,1.259
125.75,1,0.645
125.76,1,0.255
125.77,1,0.239
125.78,1,0.166
125.79,1,0.119
125.80,1,0.110
125.81,1,0.117
125.82,1,0.133
125.83,1,0.157
125.84,1,0.178
125.85,1,0.214
125.86,1,0.255
125.87,1,0.259
125.88,1,0.267
125.89,1,0.275
125.90,1,0.247
125.91,1,0.239
125.92,1,0.291
125.93,1,0.335
125.94,1,0.366
125.95,1,0.401
125.96,1,0.392
125.97,1,0.375
125.98,1,0.360
125.99,1,0.358
126.00,1,0.328
126.01,1,0.307
126.02,1,0.269
126.03,1,0.266
126.04,1,0.306
126.05,1,0.363
126.06,1,0.409
126.07,1,0.450
126.08,1,0.479
126.09,1,0.487
126.10,1,0.484
126.11,1,0.483
126.12,1,0.476
126.13,1,0.481
126.14,1,0.471
126.15,1,0.439
126.16,1,0.409
126.17,1,0.364
126.18,1,0.316
126.19,1,0.300
126.20,1,0.295
126.21,1,0.291
126.22,1,0.284
126.23,1,0.286
126.24,1,0.303
126.25,1,0.325
126.26,1,0.344
126.27,1,0.364
126.28,1,0.351
126.29,1,0.361
126.30,1,0.376
126.31,1,0.364
126.32,1,0.367
126.33,1,0.456
126.34,1,0.538
126.35,1,0.822
126.36,1,1.132
126.37,1,1.036
126.38,1,0.373
126.39,1,0.124
126.40,1,0.084
126.41,1,0.081
126.42,1,0.105
126.43,1,0.137
126.44,1,0.204
126.45,1,0.253
126.46,1,0.294
126.47,1,0.318
126.48,1,0.354
126.49,1,0.365
126.50,1,0.404
126.51,1,0.410
126.52,1,0.382
126.53,1,0.311
126.54,1,0.285
126.55,1,0.249
126.56,1,0.226
126.57,1,0.206
126.58,1,0.197
126.59,1,0.181
126.60,1,0.163
126.61,1,0.153
126.62,1,0.151
126.63,1,0.160
126.64,1,0.166
126.65,1,0.169
126.66,1,0.168
126.67,1,0.205
126.68,1,0.237
126.69,1,0.267
126.70,1,0.273
126.71,1,0.264
126.72,1,0.238
126.73,1,0.216
126.74,1,0.174
126.75,1,0.175
126.76,1,0.197
126.77,1,0.212
126.78,1,0.229
126.79,1,0.237
126.80,1,0.265
126.81,1,0.338
126.82,1,0.492
126.83,1,1.026
126.84,1,1.247
126.85,1,0.600
126.86,1,0.357
126.87,1,0.193
126.88,1,0.128
126.89,1,0.116
126.90,1,0.129
126.91,1,0.141
126.92,1,0.152
126.93,1,0.176
126.94,1,0.201
126.95,1,0.230
126.96,1,0.253
126.97,1,0.281
126.98,1,0.307
126.99,1,0.313
127.00,1,0.307
127.01,1,0.287
127.02,1,0.253
127.03,1,0.221
127.04,1,0.185
127.05,1,0.157
127.06,1,0.134
127.07,1,0.136
127.08,1,0.161
127.09,1,0.195
127.10,1,0.214
127.11,1,0.236
127.12,1,0.273
127.13,1,0.301
127.14,1,0.324
127.15,1,0.358
127.16,1,0.331
127.17,1,0.250
127.18,1,0.207
127.19,1,0.202
127.20,1,0.205
127.21,1,0.226
127.22,1,0.260
127.23,1,0.294
127.24,1,0.323
127.25,1,0.356
127.26,1,0.371
127.27,1,0.373
127.28,1,0.368
127.29,1,0.344
127.30,1,0.331
127.31,1,0.322
127.32,1,0.317
127.33,1,0.311
127.34,1,0.323
127.35,1,0.263
127.36,1,0.274
127.37,1,0.261
127.38,1,0.214
127.39,1,0.228
127.40,1,0.244
127.41,1,0.265
127.42,1,0.307
127.43,1,0.373
127.44,1,0.394
127.45,1,0.421
127.46,1,0.404
127.47,1,0.383
127.48,1,0.346
127.49,1,0.350
127.50,1,0.329
127.51,1,0.353
127.52,1,0.413
127.53,1,0.466
127.54,1,0.561
127.55,1,0.711
127.56,1,0.740
127.57,1,0.546
127.58,1,0.588
127.59,1,0.590
127.60,1,0.646
127.61,1,0.651
127.62,1,0.705
127.63,1,0.690
127.64,1,0.806
127.65,1,1.015
127.66,1,1.144
127.67,1,1.016
127.68,1,0.910
127.69,1,0.914
127.70,1,0.965
127.71,1,1.020
127.72,1,1.250
127.73,1,1.072
127.74,1,0.612
127.75,1,0.216
127.76,1,0.107
127.77,1,0.078
127.78,1,0.087
127.79,1,0.099
127.80,1,0.108
127.81,1,0.090
127.82,1,0.070
127.83,1,0.093
127.84,1,0.122
127.85,1,0.203
127.86,1,0.240
127.87,1,0.302
127.88,1,0.322
127.89,1,0.319
127.90,1,0.246
127.91,1,0.237
127.92,1,0.204
127.93,1,0.172
127.94,1,0.173
127.95,1,0.182
127.96,1,0.225
127.97,1,0.273
127.98,1,0.378
127.99,1,0.475
128.00,1,1.051
128.01,1,1.242
128.02,1,1.152
128.03,1,0.873
128.04,1,0.796
128.05,1,0.889
128.06,1,0.888
128.07,1,0.831
128.08,1,0.587
128.09,1,0.155
128.10,1,0.093
128.11,1,0.079
128.12,1,0.084
128.13,1,0.093
128.14,1,0.112
128.15,1,0.134
128.16,1,0.152
128.17,1,0.161
128.18,1,0.175
128.19,1,0.195
128.20,1,0.217
128.21,1,0.229
128.22,1,0.222
128.23,1,0.201
128.24,1,0.165
128.25,1,0.136
128.26,1,0.135
128.27,1,0.108
128.28,1,0.101
128.29,1,0.108
128.30,1,0.138
128.31,1,0.152
128.32,1,0.171
128.33,1,0.208
128.34,1,0.228
128.35,1,0.203
128.36,1,0.194
128.37,1,0.203
128.38,1,0.202
128.39,1,0.188
128.40,1,0.185
128.41,1,0.173
128.42,1,0.185
128.43,1,0.202
128.44,1,0.224
128.45,1,0.230
128.46,1,0.237
128.47,1,0.244
128.48,1,0.260
128.49,1,0.265
128.50,1,0.289
128.51,1,0.322
128.52,1,0.337
128.53,1,0.350
128.54,1,0.363
128.55,1,0.350
128.56,1,0.330
128.57,1,0.322
128.58,1,0.325
128.59,1,0.363
128.60,1,0.581
128.61,1,0.776
128.62,1,0.788
128.63,1,0.803
128.64,1,0.907
128.65,1,0.919
128.66,1,1.027
128.67,1,0.942
128.68,1,0.770
128.69,1,0.467
128.70,1,0.207
128.71,1,0.160
128.72,1,0.180
128.73,1,0.218
128.74,1,0.245
128.75,1,0.259
128.76,1,0.281
128.77,1,0.311
128.78,1,0.317
128.79,1,0.328
128.80,1,0.333
128.81,1,0.338
128.82,1,0.324
128.83,1,0.317
128.84,1,0.311
128.85,1,0.292
128.86,1,0.271
128.87,1,0.238
128.88,1,0.216
128.89,1,0.188
128.90,1,0.179
128.91,1,0.169
128.92,1,0.171
128.93,1,0.185
128.94,1,0.205
128.95,1,0.240
128.96,1,0.311
128.97,1,0.501
128.98,1,0.266
128.99,1,0.184
129.00,1,0.161
129.01,1,0.151
129.02,1,0.148
129.03,1,0.083
129.04,1,0.072
129.05,1,0.168
129.06,1,0.225
129.07,1,0.239
129.08,1,0.283
129.09,1,0.321
129.10,1,0.273
129.11,1,0.208
129.12,1,0.188
129.13,1,0.163
129.14,1,0.154
129.15,1,0.168
129.16,1,0.199
129.17,1,0.223
129.18,1,0.262
129.19,1,0.288
129.20,1,0.333
129.21,1,0.389
129.22,1,0.432
129.23,1,0.497
129.24,1,0.766
129.25,1,1.236
129.26,1,1.061
129.27,1,1.247
129.28,1,1.224
129.29,1,1.208
129.30,1,1.252
129.31,1,1.203
129.32,1,0.700
129.33,1,0.322
129.34,1,0.163
129.35,1,0.121
129.36,1,0.118
129.37,1,0.110
129.38,1,0.108
129.39,1,0.122
129.40,1,0.132
129.41,1,0.142
129.42,1,0.155
129.43,1,0.179
129.44,1,0.184
129.45,1,0.190
129.46,1,0.220
129.47,1,0.221
129.48,1,0.204
129.49,1,0.205
129.50,1,0.226
129.51,1,0.249
129.52,1,0.262
129.53,1,0.294
129.54,1,0.309
129.55,1,0.297
129.56,1,0.273
129.57,1,0.284
129.58,1,0.269
129.59,1,0.269
129.60,1,0.243
129.61,1,0.228
129.62,1,0.222
129.63,1,0.222
129.64,1,0.242
129.65,1,0.232
129.66,1,0.210
129.67,1,0.183
129.68,1,0.163
129.69,1,0.132
129.70,1,0.126
129.71,1,0.126
129.72,1,0.132
129.73,1,0.146
129.74,1,0.184
129.75,1,0.257
129.76,1,0.377
129.77,1,0.666
129.78,1,0.836
129.79,1,1.128
129.80,1,0.632
129.81,1,0.230
129.82,1,0.160
129.83,1,0.142
129.84,1,0.136
129.85,1,0.117
129.86,1,0.119
129.87,1,0.105
129.88,1,0.092
129.89,1,0.128
129.90,1,0.154
129.91,1,0.204
129.92,1,0.248
129.93,1,0.247
129.94,1,0.263
129.95,1,0.256
129.96,1,0.268
129.97,1,0.281
129.98,1,0.282
129.99,1,0.279
130.00,1,0.249
130.01,1,0.218
130.02,1,0.209
130.03,1,0.213
130.04,1,0.259
130.05,1,0.305
130.06,1,0.323
130.07,1,0.321
130.08,1,0.286
130.09,1,0.238
130.10,1,0.237
130.11,1,0.238
130.12,1,0.256
130.13,1,0.250
130.14,1,0.250
130.15,1,0.219
130.16,1,0.214
130.17,1,0.205
130.18,1,0.193
130.19,1,0.198
130.20,1,0.193
130.21,1,0.201
130.22,1,0.218
130.23,1,0.212
130.24,1,0.208
130.25,1,0.176
130.26,1,0.181
130.27,1,0.185
130.28,1,0.196
130.29,1,0.206
130.30,1,0.220
130.31,1,0.219
130.32,1,0.216
130.33,1,0.224
130.34,1,0.231
130.35,1,0.238
130.36,1,0.248
130.37,1,0.266
130.38,1,0.286
130.39,1,0.304
130.40,1,0.342
130.41,1,0.373
130.42,1,0.262
130.43,1,0.171
130.44,1,0.140
130.45,1,0.126
130.46,1,0.120
130.47,1,0.128
130.48,1,0.134
130.49,1,0.143
130.50,1,0.150
130.51,1,0.170
130.52,1,0.188
130.53,1,0.238
130.54,1,0.274
130.55,1,0.303
130.56,1,0.317
130.57,1,0.272
130.58,1,0.198
130.59,1,0.174
130.60,1,0.160
130.61,1,0.162
130.62,1,0.177
130.63,1,0.195
130.64,1,0.210
130.65,1,0.220
130.66,1,0.218
130.67,1,0.211
130.68,1,0.213
130.69,1,0.212
130.70,1,0.210
130.71,1,0.201
130.72,1,0.186
130.73,1,0.157
130.74,1,0.144
130.75,1,0.190
130.76,1,0.220
130.77,1,0.236
130.78,1,0.272
130.79,1,0.292
130.80,1,0.290
130.81,1,0.293
130.82,1,0.292
130.83,1,0.284
130.84,1,0.277
130.85,1,0.252
130.86,1,0.242
130.87,1,0.238
130.88,1,0.224
130.89,1,0.204
130.90,1,0.191
130.91,1,0.178
130.92,1,0.162
130.93,1,0.146
130.94,1,0.138
130.95,1,0.127
130.96,1,0.135
130.97,1,0.130
130.98,1,0.189
130.99,1,0.232
131.00,1,0.293
131.01,1,0.362
131.02,1,0.517
131.03,1,0.886
131.04,1,1.506
131.05,1,0.953
131.06,1,1.089
131.07,1,0.999
131.08,1,0.963
131.09,1,0.969
131.10,1,0.948
131.11,1,0.968
131.12,1,0.959
131.13,1,0.567
131.14,1,0.362
131.15,1,0.293
131.16,1,0.236
131.17,1,0.178
131.18,1,0.137
131.19,1,0.123
131.20,1,0.167
131.21,1,0.176
131.22,1,0.192
131.23,1,0.233
131.24,1,0.256
131.25,1,0.311
131.26,1,0.358
131.27,1,0.429
131.28,1,0.487
131.29,1,0.454
131.30,1,0.450
131.31,1,0.401
131.32,1,0.393
131.33,1,0.360
131.34,1,0.339
131.35,1,0.328
131.36,1,0.345
131.37,1,0.342
131.38,1,0.290
131.39,1,0.266
131.40,1,0.226
131.41,1,0.195
131.42,1,0.177
131.43,1,0.182
131.44,1,0.198
131.45,1,0.223
131.46,1,0.240
131.47,1,0.229
131.48,1,0.284
131.49,1,0.339
131.50,1,0.401
131.51,1,0.460
131.52,1,0.477
131.53,1,0.360
131.54,1,0.328
131.55,1,0.288
131.56,1,0.303
131.57,1,0.273
131.58,1,0.294
131.59,1,0.301
131.60,1,0.291
131.61,1,0.296
131.62,1,0.347
131.63,1,0.351
131.64,1,0.373
131.65,1,0.368
131.66,1,0.389
131.67,1,0.340
131.68,1,0.318
131.69,1,0.306
131.70,1,0.297
131.71,1,0.299
131.72,1,0.305
131.73,1,0.287
131.74,1,0.259
131.75,1,0.256
131.76,1,0.247
131.77,1,0.286
131.78,1,0.321
131.79,1,0.353
131.80,1,0.404
131.81,1,0.362
131.82,1,0.340
131.83,1,0.310
131.84,1,0.316
131.85,1,0.332
131.86,1,0.351
131.87,1,0.415
131.88,1,0.456
131.89,1,0.415
131.90,1,0.395
131.91,1,0.377
131.92,1,0.368
131.93,1,0.379
131.94,1,0.409
131.95,1,0.451
131.96,1,0.441
131.97,1,0.423
131.98,1,0.435
131.99,1,0.446
132.00,1,0.451
132.01,1,0.475
132.02,1,0.480
132.03,1,0.482
132.04,1,0.449
132.05,1,0.467
132.06,1,0.461
132.07,1,0.508
132.08,1,0.497
132.09,1,0.439
132.10,1,0.408
132.11,1,0.340
132.12,1,0.269
132.13,1,0.295
132.14,1,0.294
132.15,1,0.286
132.16,1,0.317
132.17,1,0.369
132.18,1,0.384
132.19,1,0.415
132.20,1,0.451
132.21,1,0.481
132.22,1,0.551
132.23,1,0.544
132.24,1,0.522
132.25,1,0.525
132.26,1,0.451
132.27,1,0.335
132.28,1,0.305
132.29,1,0.315
132.30,1,0.322
132.31,1,0.312
132.32,1,0.320
132.33,1,0.345
132.34,1,0.353
132.35,1,0.340
132.36,1,0.338
132.37,1,0.321
132.38,1,0.286
132.39,1,0.263
132.40,1,0.248
132.41,1,0.247
132.42,1,0.261
132.43,1,0.276
132.44,1,0.298
132.45,1,0.315
132.46,1,0.311
132.47,1,0.313
132.48,1,0.319
132.49,1,0.329
132.50,1,0.350
132.51,1,0.372
132.52,1,0.401
132.53,1,0.433
132.54,1,0.449
132.55,1,0.484
132.56,1,0.471
132.57,1,0.367
132.58,1,0.288
132.59,1,0.256
132.60,1,0.220
132.61,1,0.221
132.62,1,0.212
132.63,1,0.217
132.64,1,0.240
132.65,1,0.280
132.66,1,0.305
132.67,1,0.314
132.68,1,0.333
132.69,1,0.335
132.70,1,0.334
132.71,1,0.362
132.72,1,0.482
132.73,1,0.586
132.74,1,0.551
132.75,1,0.476
132.76,1,0.450
132.77,1,0.383
132.78,1,0.350
132.79,1,0.318
132.80,1,0.310
132.81,1,0.306
132.82,1,0.303
132.83,1,0.307
132.84,1,0.309
132.85,1,0.316
132.86,1,0.327
132.87,1,0.335
132.88,1,0.357
132.89,1,0.320
132.90,1,0.239
132.91,1,0.187
132.92,1,0.160
132.93,1,0.145
132.94,1,0.144
132.95,1,0.167
132.96,1,0.199
132.97,1,0.239
132.98,1,0.291
132.99,1,0.383
133.00,1,0.408
133.01,1,0.708
133.02,1,0.942
133.03,1,0.546
133.04,1,0.306
133.05,1,0.215
133.06,1,0.178
133.07,1,0.185
133.08,1,0.215
133.09,1,0.252
133.10,1,0.314
133.11,1,0.359
133.12,1,0.370
133.13,1,0.358
133.14,1,0.345
133.15,1,0.363
133.16,1,0.356
133.17,1,0.371
133.18,1,0.425
133.19,1,0.392
133.20,1,0.350
133.21,1,0.318
133.22,1,0.250
133.23,1,0.223
133.24,1,0.226
133.25,1,0.271
133.26,1,0.275
133.27,1,0.293
133.28,1,0.292
133.29,1,0.282
133.30,1,0.259
133.31,1,0.267
133.32,1,0.276
133.33,1,0.292
133.34,1,0.295
133.35,1,0.314
133.36,1,0.336
133.37,1,0.359
133.38,1,0.370
133.39,1,0.389
133.40,1,0.386
133.41,1,0.366
133.42,1,0.354
133.43,1,0.327
133.44,1,0.323
133.45,1,0.366
133.46,1,0.410
133.47,1,0.447
133.48,1,0.479
133.49,1,0.503
133.50,1,0.472
133.51,1,0.444
133.52,1,0.450
133.53,1,0.434
133.54,1,0.413
133.55,1,0.391
133.56,1,0.375
133.57,1,0.370
133.58,1,0.339
133.59,1,0.309
133.60,1,0.302
133.61,1,0.305
133.62,1,0.299
133.63,1,0.278
133.64,1,0.259
133.65,1,0.234
133.66,1,0.223
133.67,1,0.222
133.68,1,0.252
133.69,1,0.302
133.70,1,0.327
133.71,1,0.326
133.72,1,0.339
133.73,1,0.431
133.74,1,0.506
133.75,1,0.474
133.76,1,0.432
133.77,1,0.390
133.78,1,0.308
133.79,1,0.241
133.80,1,0.225
133.81,1,0.193
133.82,1,0.175
133.83,1,0.187
133.84,1,0.240
133.85,1,0.270
133.86,1,0.297
133.87,1,0.316
133.88,1,0.345
133.89,1,0.364
133.90,1,0.391
133.91,1,0.422
133.92,1,0.419
133.93,1,0.401
133.94,1,0.378
133.95,1,0.332
133.96,1,0.320
133.97,1,0.295
133.98,1,0.270
133.99,1,0.275
134.00,1,0.259
134.01,1,0.255
134.02,1,0.249
134.03,1,0.246
134.04,1,0.263
134.05,1,0.285
134.06,1,0.316
134.07,1,0.344
134.08,1,0.335
134.09,1,0.338
134.10,1,0.342
134.11,1,0.344
134.12,1,0.365
134.13,1,0.403
134.14,1,0.379
134.15,1,0.314
134.16,1,0.297
134.17,1,0.308
134.18,1,0.291
134.19,1,0.268
134.20,1,0.288
134.21,1,0.274
134.22,1,0.296
134.23,1,0.334
134.24,1,0.382
134.25,1,0.419
134.26,1,0.455
134.27,1,0.457
134.28,1,0.420
134.29,1,0.403
134.30,1,0.308
134.31,1,0.272
134.32,1,0.272
134.33,1,0.268
134.34,1,0.264
134.35,1,0.299
134.36,1,0.347
134.37,1,0.369
134.38,1,0.424
134.39,1,0.576
134.40,1,0.726
134.41,1,0.907
134.42,1,0.737
134.43,1,0.407
134.44,1,0.250
134.45,1,0.218
134.46,1,0.208
134.47,1,0.202
134.48,1,0.240
134.49,1,0.266
134.50,1,0.296
134.51,1,0.307
134.52,1,0.314
134.53,1,0.293
134.54,1,0.291
134.55,1,0.316
134.56,1,0.336
134.57,1,0.392
134.58,1,0.511
134.59,1,0.314
134.60,1,0.231
134.61,1,0.194
134.62,1,0.189
134.63,1,0.216
134.64,1,0.236
134.65,1,0.256
134.66,1,0.265
134.67,1,0.292
134.68,1,0.303
134.69,1,0.311
134.70,1,0.304
134.71,1,0.298
134.72,1,0.294
134.73,1,0.296
134.74,1,0.295
134.75,1,0.301
134.76,1,0.295
134.77,1,0.287
134.78,1,0.267
134.79,1,0.251
134.80,1,0.251
134.81,1,0.249
134.82,1,0.255
134.83,1,0.276
134.84,1,0.305
134.85,1,0.341
134.86,1,0.349
134.87,1,0.411
134.88,1,0.415
134.89,1,0.393
134.90,1,0.421
134.91,1,0.375
134.92,1,0.365
134.93,1,0.381
134.94,1,0.360
134.95,1,0.371
134.96,1,0.382
134.97,1,0.408
134.98,1,0.442
134.99,1,0.512
135.00,1,0.525
135.01,1,0.516
135.02,1,0.482
135.03,1,0.403
135.04,1,0.343
135.05,1,0.306
135.06,1,0.276
135.07,1,0.273
135.08,1,0.291
135.09,1,0.330
135.10,1,0.361
135.11,1,0.355
135.12,1,0.323
135.13,1,0.324
135.14,1,0.338
135.15,1,0.373
135.16,1,0.416
135.17,1,0.507
135.18,1,0.542
135.19,1,0.536
135.20,1,0.567
135.21,1,0.548
135.22,1,0.411
135.23,1,0.293
135.24,1,0.285
135.25,1,0.274
135.26,1,0.273
135.27,1,0.292
135.28,1,0.328
135.29,1,0.327
135.30,1,0.322
135.31,1,0.313
135.32,1,0.320
135.33,1,0.331
135.34,1,0.347
135.35,1,0.356
135.36,1,0.356
135.37,1,0.345
135.38,1,0.336
135.39,1,0.320
135.40,1,0.347
135.41,1,0.361
135.42,1,0.399
135.43,1,0.443
135.44,1,0.446
135.45,1,0.445
135.46,1,0.474
135.47,1,0.537
135.48,1,0.569
135.49,1,0.539
135.50,1,0.436
135.51,1,0.364
135.52,1,0.264
135.53,1,0.217
135.54,1,0.212
135.55,1,0.213
135.56,1,0.243
135.57,1,0.272
135.58,1,0.302
135.59,1,0.322
135.60,1,0.327
135.61,1,0.327
135.62,1,0.340
135.63,1,0.347
135.64,1,0.328
135.65,1,0.352
135.66,1,0.380
135.67,1,0.397
135.68,1,0.404
135.69,1,0.345
135.70,1,0.297
135.71,1,0.274
135.72,1,0.274
135.73,1,0.278
135.74,1,0.288
135.75,1,0.292
135.76,1,0.303
135.77,1,0.293
135.78,1,0.300
135.79,1,0.310
135.80,1,0.325
135.81,1,0.305
135.82,1,0.297
135.83,1,0.288
135.84,1,0.290
135.85,1,0.309
135.86,1,0.310
135.87,1,0.328
135.88,1,0.364
135.89,1,0.346
135.90,1,0.338
135.91,1,0.367
135.92,1,0.378
135.93,1,0.378
135.94,1,0.414
135.95,1,0.396
135.96,1,0.341
135.97,1,0.282
135.98,1,0.236
135.99,1,0.208
136.00,1,0.189
136.01,1,0.209
136.02,1,0.204
136.03,1,0.206
136.04,1,0.254
136.05,1,0.298
136.06,1,0.301
136.07,1,0.317
136.08,1,0.312
136.09,1,0.285
136.10,1,0.307
136.11,1,0.318
136.12,1,0.364
136.13,1,0.413
136.14,1,0.417
136.15,1,0.357
136.16,1,0.323
136.17,1,0.305
136.18,1,0.320
136.19,1,0.373
136.20,1,0.397
136.21,1,0.381
136.22,1,0.395
136.23,1,0.408
136.24,1,0.409
136.25,1,0.413
136.26,1,0.409
136.27,1,0.398
136.28,1,0.383
136.29,1,0.369
136.30,1,0.321
136.31,1,0.281
136.32,1,0.216
136.33,1,0.225
136.34,1,0.231
136.35,1,0.283
136.36,1,0.321
136.37,1,0.372
136.38,1,0.354
136.39,1,0.358
136.40,1,0.327
136.41,1,0.331
136.42,1,0.320
136.43,1,0.342
136.44,1,0.377
136.45,1,0.390
136.46,1,0.371
136.47,1,0.339
136.48,1,0.320
136.49,1,0.278
136.50,1,0.247
136.51,1,0.258
136.52,1,0.283
136.53,1,0.311
136.54,1,0.354
136.55,1,0.432
136.56,1,0.448
136.57,1,0.438
136.58,1,0.351
136.59,1,0.288
136.60,1,0.269
136.61,1,0.213
136.62,1,0.194
136.63,1,0.213
136.64,1,0.207
136.65,1,0.215
136.66,1,0.255
136.67,1,0.266
136.68,1,0.263
136.69,1,0.273
136.70,1,0.267
136.71,1,0.263
136.72,1,0.273
136.73,1,0.270
136.74,1,0.279
136.75,1,0.284
136.76,1,0.286
136.77,1,0.306
136.78,1,0.341
136.79,1,0.375
136.80,1,0.402
136.81,1,0.391
136.82,1,0.384
136.83,1,0.379
136.84,1,0.389
136.85,1,0.452
136.86,1,0.638
136.87,1,0.719
136.88,1,0.769
136.89,1,0.330
136.90,1,0.236
136.91,1,0.198
136.92,1,0.164
136.93,1,0.168
136.94,1,0.183
136.95,1,0.187
136.96,1,0.209
136.97,1,0.256
136.98,1,0.278
136.99,1,0.313
137.00,1,0.361
137.01,1,0.380
137.02,1,0.406
137.03,1,0.463
137.04,1,0.443
137.05,1,0.367
137.06,1,0.299
137.07,1,0.267
137.08,1,0.248
137.09,1,0.261
137.10,1,0.303
137.11,1,0.306
137.12,1,0.314
137.13,1,0.324
137.14,1,0.333
137.15,1,0.347
137.16,1,0.312
137.17,1,0.278
137.18,1,0.274
137.19,1,0.273
137.20,1,0.273
137.21,1,0.295
137.22,1,0.296
137.23,1,0.281
137.24,1,0.305
137.25,1,0.332
137.26,1,0.379
137.27,1,0.393
137.28,1,0.413
137.29,1,0.397
137.30,1,0.351
137.31,1,0.334
137.32,1,0.335
137.33,1,0.319
137.34,1,0.330
137.35,1,0.330
137.36,1,0.390
137.37,1,0.432
137.38,1,0.480
137.39,1,0.518
137.40,1,0.548
137.41,1,0.557
137.42,1,0.595
137.43,1,0.579
137.44,1,0.580
137.45,1,0.525
137.46,1,0.508
137.47,1,0.482
137.48,1,0.500
137.49,1,0.551
137.50,1,0.654
137.51,1,0.662
137.52,1,0.611
137.53,1,0.530
137.54,1,0.401
137.55,1,0.302
137.56,1,0.287
137.57,1,0.317
137.58,1,0.375
137.59,1,0.450
137.60,1,0.596
137.61,1,0.671
137.62,1,0.812
137.63,1,0.952
137.64,1,0.905
137.65,1,0.848
137.66,1,0.875
137.67,1,1.024
137.68,1,1.007
137.69,1,0.919
137.70,1,0.869
137.71,1,0.966
137.72,1,0.961
137.73,1,0.821
137.74,1,0.785
137.75,1,0.710
137.76,1,0.606
137.77,1,0.518
137.78,0,
137.79,0,
137.80,0,
137.81,1,0.455
137.82,1,0.479
137.83,1,0.516
137.84,1,0.493
137.85,1,0.494
137.86,1,0.504
137.87,1,0.542
137.88,1,0.644
137.89,1,0.704
137.90,1,0.722
137.91,1,0.836
137.92,1,0.803
137.93,1,0.559
137.94,1,0.346
137.95,1,0.176
137.96,1,0.124
137.97,1,0.117
137.98,1,0.123
137.99,1,0.130
138.00,1,0.174
138.01,1,0.180
138.02,1,0.215
138.03,1,0.247
138.04,1,0.274
138.05,1,0.305
138.06,1,0.336
138.07,1,0.296
138.08,1,0.258
138.09,1,0.213
138.10,1,0.209
138.11,1,0.209
138.12,1,0.219
138.13,1,0.242
138.14,1,0.238
138.15,1,0.225
138.16,1,0.252
138.17,1,0.296
138.18,1,0.308
138.19,1,0.332
138.20,1,0.372
138.21,1,0.419
138.22,1,0.462
138.23,1,0.516
138.24,1,0.707
138.25,1,0.838
138.26,1,1.033
138.27,1,0.791
138.28,1,0.361
138.29,1,0.220
138.30,1,0.222
138.31,1,0.219
138.32,1,0.273
138.33,1,0.349
138.34,1,0.367
138.35,1,0.357
138.36,1,0.337
138.37,1,0.325
138.38,1,0.333
138.39,1,0.356
138.40,1,0.363
138.41,1,0.360
138.42,1,0.341
138.43,1,0.320
138.44,1,0.285
138.45,1,0.285
138.46,1,0.293
138.47,1,0.308
138.48,1,0.325
138.49,1,0.332
138.50,1,0.336
138.51,1,0.373
138.52,1,0.418
138.53,1,0.461
138.54,1,0.517
138.55,1,0.660
138.56,1,0.741
138.57,1,0.905
138.58,1,0.380
138.59,1,0.182
138.60,1,0.193
138.61,1,0.176
138.62,1,0.184
138.63,1,0.173
138.64,1,0.174
138.65,1,0.187
138.66,1,0.202
138.67,1,0.222
138.68,1,0.272
138.69,1,0.335
138.70,1,0.364
138.71,1,0.395
138.72,1,0.405
138.73,1,0.398
138.74,1,0.330
138.75,1,0.283
138.76,1,0.233
138.77,1,0.193
138.78,1,0.160
138.79,1,0.166
138.80,1,0.175
138.81,1,0.180
138.82,1,0.187
138.83,1,0.198
138.84,1,0.205
138.85,1,0.198
138.86,1,0.211
138.87,1,0.205
138.88,1,0.208
138.89,1,0.219
138.90,1,0.224
138.91,1,0.244
138.92,1,0.265
138.93,1,0.272
138.94,1,0.274
138.95,1,0.290
138.96,1,0.260
138.97,1,0.248
138.98,1,0.234
138.99,1,0.227
139.00,1,0.246
139.01,1,0.265
139.02,1,0.272
139.03,1,0.281
139.04,1,0.245
139.05,1,0.236
139.06,1,0.261
139.07,1,0.283
139.08,1,0.300
139.09,1,0.349
139.10,1,0.381
139.11,1,0.393
139.12,1,0.391
139.13,1,0.401
139.14,1,0.339
139.15,1,0.327
139.16,1,0.300
139.17,1,0.242
139.18,1,0.246
139.19,1,0.255
139.20,1,0.259
139.21,1,0.264
139.22,1,0.267
139.23,1,0.240
139.24,1,0.211
139.25,1,0.188
139.26,1,0.174
139.27,1,0.178
139.28,1,0.183
139.29,1,0.185
139.30,1,0.205
139.31,1,0.223
139.32,1,0.224
139.33,1,0.238
139.34,1,0.263
139.35,1,0.280
139.36,1,0.288
139.37,1,0.292
139.38,1,0.289
139.39,1,0.276
139.40,1,0.264
139.41,1,0.251
139.42,1,0.252
139.43,1,0.244
139.44,1,0.266
139.45,1,0.334
139.46,1,0.376
139.47,1,0.417
139.48,1,0.581
139.49,1,0.656
139.50,1,0.689
139.51,1,0.740
139.52,1,0.656
139.53,1,0.495
139.54,1,0.209
139.55,1,0.157
139.56,1,0.158
139.57,1,0.145
139.58,1,0.137
139.59,1,0.152
139.60,1,0.167
139.61,1,0.178
139.62,1,0.206
139.63,1,0.241
139.64,1,0.275
139.65,1,0.288
139.66,1,0.324
139.67,1,0.340
139.68,1,0.311
139.69,1,0.317
139.70,1,0.310
139.71,1,0.283
139.72,1,0.243
139.73,1,0.225
139.74,1,0.196
139.75,1,0.191
139.76,1,0.211
139.77,1,0.242
139.78,1,0.271
139.79,1,0.271
139.80,1,0.259
139.81,1,0.240
139.82,1,0.227
139.83,1,0.221
139.84,1,0.231
139.85,1,0.236
139.86,1,0.243
139.87,1,0.247
139.88,1,0.265
139.89,1,0.302
139.90,1,0.335
139.91,1,0.367
139.92,1,0.406
139.93,1,0.430
139.94,1,0.414
139.95,1,0.395
139.96,1,0.359
139.97,1,0.324
139.98,1,0.290
139.99,1,0.271
140.00,1,0.254
140.01,1,0.243
140.02,1,0.248
140.03,1,0.261
140.04,1,0.277
140.05,1,0.292
140.06,1,0.300
140.07,1,0.300
140.08,1,0.290
140.09,1,0.278
140.10,1,0.274
140.11,1,0.271
140.12,1,0.281
140.13,1,0.293
140.14,1,0.308
140.15,1,0.309
140.16,1,0.293
140.17,1,0.276
140.18,1,0.250
140.19,1,0.237
140.20,1,0.239
140.21,1,0.244
140.22,1,0.249
140.23,1,0.279
140.24,1,0.305
140.25,1,0.316
140.26,1,0.322
140.27,1,0.329
140.28,1,0.349
140.29,1,0.378
140.30,1,0.395
140.31,1,0.408
140.32,1,0.401
140.33,1,0.376
140.34,1,0.365
140.35,1,0.348
140.36,1,0.356
140.37,1,0.358
140.38,1,0.352
140.39,1,0.345
140.40,1,0.343
140.41,1,0.336
140.42,1,0.323
140.43,1,0.317
140.44,1,0.320
140.45,1,0.316
140.46,1,0.328
140.47,1,0.343
140.48,1,0.346
140.49,1,0.323
140.50,1,0.305
140.51,1,0.305
140.52,1,0.284
140.53,1,0.289
140.54,1,0.376
140.55,1,0.438
140.56,1,0.466
140.57,1,0.538
140.58,1,0.557
140.59,1,0.590
140.60,1,0.732
140.61,1,0.901
140.62,1,0.845
140.63,1,0.762
140.64,1,0.703
140.65,1,0.578
140.66,1,0.521
140.67,1,0.580
140.68,1,0.613
140.69,1,0.624
140.70,1,0.654
140.71,1,0.734
140.72,1,0.732
140.73,1,0.732
140.74,1,0.685
140.75,1,0.651
140.76,1,0.632
140.77,1,0.608
140.78,1,0.612
140.79,1,0.668
140.80,1,0.703
140.81,1,0.746
140.82,1,0.721
140.83,1,0.696
140.84,1,0.639
140.85,1,0.661
140.86,1,0.660
140.87,1,0.727
140.88,1,0.831
140.89,1,0.911
140.90,1,0.944
140.91,1,0.877
140.92,1,0.467
140.93,1,0.379
140.94,1,0.090
140.95,1,0.054
140.96,1,0.052
140.97,1,0.050
140.98,1,0.049
140.99,1,0.053
141.00,1,0.063
141.01,1,0.074
141.02,1,0.082
141.03,1,0.132
141.04,1,0.640
141.05,1,0.737
141.06,1,0.528
141.07,1,0.277
141.08,1,0.215
141.09,1,0.165
141.10,1,0.115
141.11,1,0.068
141.12,1,0.053
141.13,1,0.046
141.14,1,0.055
141.15,1,0.062
141.16,1,0.065
141.17,1,0.073
141.18,1,0.085
141.19,1,0.083
141.20,1,0.091
141.21,1,0.100
141.22,1,0.104
141.23,1,0.115
141.24,1,0.103
141.25,1,0.087
141.26,1,0.073
141.27,1,0.074
141.28,1,0.069
141.29,1,0.075
141.30,1,0.083
141.31,1,0.086
141.32,1,0.088
141.33,1,0.091
141.34,1,0.090
141.35,1,0.092
141.36,1,0.098
141.37,1,0.103
141.38,1,0.104
141.39,1,0.099
141.40,1,0.091
141.41,1,0.074
141.42,1,0.067
141.43,1,0.070
141.44,1,0.075
141.45,1,0.087
141.46,1,0.124
141.47,1,0.139
141.48,1,0.116
141.49,1,0.117
141.50,1,0.104
141.51,1,0.094
141.52,1,0.080
141.53,1,0.064
141.54,1,0.058
141.55,1,0.053
141.56,1,0.052
141.57,1,0.052
141.58,1,0.058
141.59,1,0.068
141.60,1,0.079
141.61,1,0.088
141.62,1,0.096
141.63,1,0.097
141.64,1,0.102
141.65,1,0.115
141.66,1,0.130
141.67,1,0.150
141.68,1,0.201
141.69,1,0.256
141.70,1,0.163
141.71,1,0.107
141.72,1,0.091
141.73,1,0.085
141.74,1,0.082
141.75,1,0.083
141.76,1,0.089
141.77,1,0.092
141.78,1,0.096
141.79,1,0.106
141.80,1,0.118
141.81,1,0.135
141.82,1,0.159
141.83,1,0.146
141.84,1,0.101
141.85,1,0.077
141.86,1,0.055
141.87,1,0.051
141.88,1,0.059
141.89,1,0.084
141.90,1,0.106
141.91,1,0.122
141.92,1,0.133
141.93,1,0.123
141.94,1,0.093
141.95,1,0.084
141.96,1,0.092
141.97,1,0.111
141.98,1,0.153
141.99,1,0.181
142.00,1,0.174
142.01,1,0.127
142.02,1,0.084
142.03,1,0.065
142.04,1,0.066
142.05,1,0.080
142.06,1,0.088
142.07,1,0.098
142.08,1,0.117
142.09,1,0.120
142.10,1,0.098
142.11,1,0.089
142.12,1,0.090
142.13,1,0.089
142.14,1,0.093
142.15,1,0.095
142.16,1,0.101
142.17,1,0.118
142.18,1,0.142
142.19,1,0.163
142.20,1,0.180
142.21,1,0.181
142.22,1,0.177
142.23,1,0.167
142.24,1,0.157
142.25,1,0.148
142.26,1,0.143
142.27,1,0.141
142.28,1,0.143
142.29,1,0.148
142.30,1,0.149
142.31,1,0.148
142.32,1,0.141
142.33,1,0.127
142.34,1,0.115
142.35,1,0.110
142.36,1,0.111
142.37,1,0.117
142.38,1,0.122
142.39,1,0.123
142.40,1,0.120
142.41,1,0.118
142.42,1,0.117
142.43,1,0.118
142.44,1,0.120
142.45,1,0.119
142.46,1,0.114
142.47,1,0.108
142.48,1,0.106
142.49,1,0.110
142.50,1,0.122
142.51,1,0.134
142.52,1,0.141
142.53,1,0.144
142.54,1,0.143
142.55,1,0.140
142.56,1,0.142
142.57,1,0.148
142.58,1,0.155
142.59,1,0.160
142.60,1,0.160
142.61,1,0.155
142.62,1,0.147
142.63,1,0.139
142.64,1,0.133
142.65,1,0.135
142.66,1,0.142
142.67,1,0.148
142.68,1,0.148
142.69,1,0.141
142.70,1,0.129
142.71,1,0.117
142.72,1,0.109
142.73,1,0.106
142.74,1,0.103
142.75,1,0.102
142.76,1,0.102
142.77,1,0.102
142.78,1,0.102
142.79,1,0.105
142.80,1,0.112
142.81,1,0.121
142.82,1,0.133
142.83,1,0.146
142.84,1,0.155
142.85,1,0.159
142.86,1,0.160
142.87,1,0.156
142.88,1,0.152
142.89,1,0.146
142.90,1,0.142
142.91,1,0.142
142.92,1,0.142
142.93,1,0.144
142.94,1,0.148
142.95,1,0.153
142.96,1,0.159
142.97,1,0.168
142.98,1,0.178
142.99,1,0.189
143.00,1,0.199
143.01,1,0.199
143.02,1,0.194
143.03,1,0.185
143.04,1,0.172
143.05,1,0.158
143.06,1,0.145
143.07,1,0.135
143.08,1,0.130
143.09,1,0.129
143.10,1,0.132
143.11,1,0.136
143.12,1,0.136
143.13,1,0.135
143.14,1,0.133
143.15,1,0.133
143.16,1,0.139
143.17,1,0.149
143.18,1,0.160
143.19,1,0.167
143.20,1,0.166
143.21,1,0.158
143.22,1,0.146
143.23,1,0.135
143.24,1,0.126
143.25,1,0.120
143.26,1,0.115
143.27,1,0.111
143.28,1,0.107
143.29,1,0.103
143.30,1,0.102
143.31,1,0.103
143.32,1,0.105
143.33,1,0.109
143.34,1,0.112
143.35,1,0.110
143.36,1,0.107
143.37,1,0.101
143.38,1,0.095
143.39,1,0.094
143.40,1,0.106
143.41,1,0.128
143.42,1,0.159
143.43,1,0.216
143.44,1,0.258
143.45,1,0.241
143.46,1,0.207
143.47,1,0.172
143.48,1,0.164
143.49,1,0.181
143.50,1,0.188
143.51,1,0.202
143.52,1,0.209
143.53,1,0.199
143.54,1,0.201
143.55,1,0.200
143.56,1,0.194
143.57,1,0.187
143.58,1,0.206
143.59,1,0.184
143.60,1,0.188
143.61,1,0.199
143.62,1,0.221
143.63,1,0.236
143.64,1,0.320
143.65,1,0.408
143.66,1,0.450
143.67,1,0.512
143.68,1,0.639
143.69,1,0.687
143.70,1,0.627
143.71,1,0.742
143.72,0,
143.73,0,
143.74,0,
143.75,0,
143.76,0,
143.77,0,
143.78,0,
143.79,0,
143.80,0,
143.81,0,
143.82,0,
143.83,0,
143.84,0,
143.85,0,
143.86,0,
143.87,0,
143.88,0,
143.89,0,
143.90,0,
143.91,0,
143.92,0,
143.93,0,
143.94,0,
143.95,0,
143.96,0,
143.97,0,
143.98,0,
143.99,0,
144.00,0,
144.01,0,
144.02,0,
144.03,0,
144.04,0,
144.05,0,
144.06,0,
144.07,0,
144.08,0,
144.09,0,
144.10,0,
144.11,0,
144.12,0,
144.13,0,
144.14,0,
144.15,0,
144.16,0,
144.17,0,
144.18,0,
144.19,0,
144.20,0,
144.21,0,
144.22,0,
144.23,0,
144.24,0,
144.25,0,
144.26,0,
144.27,0,
144.28,0,
144.29,0,
144.30,0,
144.31,0,
144.32,0,
144.33,0,
144.34,0,
144.35,0,
144.36,0,
144.37,0,
144.38,0,
144.39,0,
144.40,0,
144.41,0,
144.42,0,
144.43,0,
144.44,0,
144.45,0,
144.46,0,
144.47,0,
144.48,0,
144.49,0,
144.50,0,
144.51,0,
144.52,0,
144.53,0,
144.54,0,
144.55,0,
144.56,0,
144.57,0,
144.58,0,
144.59,0,
144.60,0,
144.61,0,
144.62,0,
144.63,0,
144.64,0,
144.65,0,
144.66,0,
144.67,0,
144.68,0,
144.69,0,
144.70,0,
144.71,0,
144.72,0,
144.73,0,
144.74,0,
144.75,0,
144.76,0,
144.77,0,
144.78,0,
144.79,0,
144.80,0,
144.81,0,
144.82,0,
144.83,0,
144.84,0,
144.85,0,
144.86,0,
144.87,0,
144.88,0,
144.89,0,
144.90,0,
144.91,0,
144.92,0,
144.93,0,
144.94,0,
144.95,0,
144.96,0,
144.97,0,
144.98,0,
144.99,0,
145.00,0,
145.01,0,
145.02,0,
145.03,0,
145.04,0,
145.05,0,
145.06,0,
145.07,0,
145.08,0,
145.09,0,
145.10,0,
145.11,0,
145.12,0,
145.13,0,
145.14,0,
145.15,0,
145.16,0,
145.17,0,
145.18,0,
145.19,0,
145.20,0,
145.21,0,
145.22,0,
145.23,0,
145.24,0,
145.25,0,
145.26,0,
145.27,0,
145.28,0,
145.29,0,
145.30,0,
145.31,0,
145.32,0,
145.33,0,
145.34,0,
145.35,0,
145.36,0,
145.37,0,
145.38,0,
145.39,0,
145.40,0,
145.41,0,
145.42,0,
145.43,0,
145.44,0,
145.45,0,
145.46,0,
145.47,0,
145.48,0,
145.49,0,
145.50,0,
145.51,0,
145.52,0,
145.53,0,
145.54,0,
145.55,0,
145.56,0,
145.57,0,
145.58,0,
145.59,0,
145.60,0,
145.61,0,
145.62,0,
145.63,0,
145.64,0,
145.65,0,
145.66,0,
145.67,0,
145.68,0,
145.69,0,
145.70,0,
145.71,0,
145.72,0,
145.73,0,
145.74,0,
145.75,0,
145.76,0,
145.77,0,
145.78,0,
145.79,0,
145.80,0,
145.81,0,
145.82,0,
145.83,0,
145.84,0,
145.85,0,
145.86,0,
145.87,0,
145.88,0,
145.89,0,
145.90,0,
145.91,0,
145.92,0,
145.93,0,
145.94,0,
145.95,0,
145.96,0,
145.97,0,
145.98,0,
145.99,0,
146.00,0,
146.01,0,
146.02,0,
146.03,0,
146.04,0,
146.05,0,
146.06,0,
146.07,0,
146.08,0,
146.09,0,
146.10,0,
146.11,0,
146.12,0,
146.13,0,
146.14,0,
146.15,0,
146.16,0,
146.17,0,
146.18,0,
146.19,0,
146.20,0,
146.21,0,
146.22,0,
146.23,0,
146.24,0,
146.25,0,
146.26,0,
146.27,0,
146.28,0,
146.29,0,
146.30,0,
146.31,0,
146.32,0,
146.33,0,
146.34,0,
146.35,0,
146.36,0,
146.37,0,
146.38,0,
146.39,0,
146.40,0,
146.41,0,
146.42,0,
146.43,0,
146.44,0,
146.45,0,
146.46,0,
146.47,0,
146.48,0,
146.49,0,
146.50,0,
146.51,0,
146.52,0,
146.53,0,
146.54,0,
146.55,0,
146.56,0,
146.57,0,
146.58,0,
146.59,0,
146.60,0,
146.61,0,
146.62,0,
146.63,0,
146.64,0,
146.65,0,
146.66,0,
146.67,0,
146.68,0,
146.69,0,
146.70,0,
146.71,0,
146.72,0,
146.73,0,
146.74,0,
146.75,0,
146.76,0,
146.77,0,
146.78,0,
146.79,0,
146.80,0,
146.81,0,
146.82,0,
146.83,0,
146.84,0,
146.85,0,
146.86,0,
146.87,0,
146.88,0,
146.89,0,
146.90,0,
146.91,0,
146.92,0,
146.93,0,
146.94,0,
146.95,0,
146.96,0,
146.97,0,
146.98,0,
146.99,0,
147.00,0,
147.01,0,
147.02,0,
147.03,0,
147.04,0,
147.05,0,
147.06,0,
147.07,0,
147.08,0,
147.09,0,
147.10,0,
147.11,0,
147.12,0,
147.13,0,
147.14,0,
147.15,0,
147.16,0,
147.17,0,
147.18,0,
147.19,0,
147.20,0,
147.21,0,
147.22,0,
147.23,0,
147.24,0,
147.25,0,
147.26,0,
147.27,0,
147.28,0,
147.29,0,
147.30,0,
147.31,0,
147.32,0,
147.33,0,
147.34,0,
147.35,0,
147.36,0,
147.37,0,
147.38,0,
147.39,0,
147.40,0,
147.41,0,
147.42,0,
147.43,0,
147.44,0,
147.45,0,
147.46,0,
147.47,0,
147.48,0,
147.49,0,
147.50,0,
147.51,0,
147.52,0,
147.53,0,
147.54,0,
147.55,0,
147.56,0,
147.57,0,
147.58,0,
147.59,0,
147.60,0,
147.61,0,
147.62,0,
147.63,0,
147.64,0,
147.65,0,
147.66,0,
147.67,0,
147.68,0,
147.69,0,
147.70,0,
147.71,0,
147.72,0,
147.73,0,
147.74,0,
147.75,0,
147.76,0,
147.77,0,
147.78,0,
147.79,0,
147.80,0,
147.81,0,
147.82,0,
147.83,0,
147.84,0,
147.85,0,
147.86,0,
147.87,0,
147.88,0,
147.89,0,
147.90,0,
147.91,0,
147.92,0,
147.93,0,
147.94,0,
147.95,0,
147.96,0,
147.97,0,
147.98,0,
147.99,0,
148.00,0,
148.01,0,
148.02,0,
148.03,0,
148.04,0,
148.05,0,
148.06,0,
148.07,0,
148.08,0,
148.09,0,
148.10,0,
148.11,0,
148.12,0,
148.13,0,
148.14,0,
148.15,0,
148.16,0,
148.17,0,
148.18,0,
148.19,0,
148.20,0,
148.21,0,
148.22,0,
148.23,0,
148.24,0,
148.25,0,
148.26,0,
148.27,0,
148.28,0,
148.29,0,
148.30,0,
148.31,0,
148.32,0,
148.33,0,
148.34,0,
148.35,0,
148.36,0,
148.37,0,
148.38,0,
148.39,0,
148.40,0,
148.41,0,
148.42,0,
148.43,0,
148.44,0,
148.45,0,
148.46,0,
148.47,0,
148.48,0,
148.49,0,
148.50,0,
148.51,0,
148.52,0,
148.53,0,
148.54,0,
148.55,0,
148.56,0,
148.57,0,
148.58,0,
148.59,0,
148.60,0,
148.61,0,
148.62,0,
148.63,0,
148.64,0,
148.65,0,
148.66,0,
148.67,0,
148.68,0,
148.69,0,
148.70,0,
148.71,0,
148.72,0,
148.73,0,
148.74,0,
148.75,0,
148.76,0,
148.77,0,
148.78,0,
148.79,0,
148.80,0,
148.81,0,
148.82,0,
148.83,0,
148.84,0,
148.85,0,
148.86,0,
148.87,0,
148.88,0,
148.89,0,
148.90,0,
148.91,0,
148.92,0,
148.93,0,
148.94,0,
148.95,0,
148.96,0,
148.97,0,
148.98,0,
148.99,0,
149.00,0,
149.01,0,
149.02,0,
149.03,0,
149.04,0,
149.05,0,
149.06,0,
149.07,0,
149.08,0,
149.09,0,
149.10,0,
149.11,0,
149.12,0,
149.13,0,
149.14,0,
149.15,0,
149.16,0,
149.17,0,
149.18,0,
149.19,0,
149.20,0,
149.21,0,
149.22,0,
149.23,0,
149.24,0,
149.25,0,
149.26,0,
149.27,0,
149.28,0,
149.29,0,
149.30,0,
149.31,0,
149.32,0,
149.33,0,
149.34,0,
149.35,0,
149.36,0,
149.37,0,
149.38,0,
149.39,0,
149.40,0,
149.41,0,
149.42,0,
149.43,0,
149.44,0,
149.45,0,
149.46,0,
149.47,0,
149.48,0,
149.49,0,
149.50,0,
149.51,0,
149.52,0,
149.53,0,
149.54,0,
149.55,0,
149.56,0,
149.57,0,
149.58,0,
149.59,0,
149.60,0,
149.61,0,
149.62,0,
149.63,0,
149.64,0,
149.65,0,
149.66,0,
149.67,0,
149.68,0,
149.69,0,
149.70,0,
149.71,0,
149.72,0,
149.73,0,
149.74,0,
149.75,0,
149.76,0,
149.77,0,
149.78,0,
149.79,0,
149.80,0,
149.81,0,
149.82,0,
149.83,0,
149.84,0,
149.85,0,
149.86,0,
149.87,0,
149.88,0,
149.89,0,
149.90,0,
149.91,0,
149.92,0,
149.93,0,
149.94,0,
149.95,0,
149.96,0,
149.97,0,
149.98,0,
149.99,0,
150.00,0,
150.01,0,
150.02,0,
150.03,0,
150.04,0,
150.05,0,
150.06,0,
150.07,0,
150.08,0,
150.09,0,
150.10,0,
150.11,0,
150.12,0,
150.13,0,
150.14,0,
150.15,0,
150.16,0,
150.17,0,
150.18,0,
150.19,0,
150.20,0,
150.21,0,
150.22,0,
150.23,0,
150.24,0,
150.25,0,
150.26,0,
150.27,0,
150.28,0,
150.29,0,
150.30,0,
150.31,0,
150.32,0,
150.33,0,
150.34,0,
150.35,0,
150.36,0,
150.37,0,
150.38,0,
150.39,0,
150.40,0,
150.41,0,
150.42,0,
150.43,0,
150.44,0,
150.45,0,
150.46,0,
150.47,0,
150.48,0,
150.49,0,
150.50,0,
150.51,0,
150.52,0,
150.53,0,
150.54,0,
150.55,0,
150.56,0,
150.57,0,
150.58,0,
150.59,0,
150.60,0,
150.61,0,
150.62,0,
150.63,0,
150.64,0,
150.65,0,
150.66,0,
150.67,0,
150.68,0,
150.69,0,
150.70,0,
150.71,0,
150.72,0,
150.73,0,
150.74,0,
150.75,0,
150.76,0,
150.77,0,
150.78,0,
150.79,0,
150.80,0,
150.81,0,
150.82,0,
150.83,0,
150.84,0,
150.85,0,
150.86,0,
150.87,0,
150.88,0,
150.89,0,
150.90,0,
150.91,0,
150.92,0,
150.93,0,
150.94,0,
150.95,0,
150.96,0,
150.97,0,
150.98,0,
150.99,0,
151.00,0,
151.01,0,
151.02,0,
151.03,0,
151.04,0,
151.05,0,
151.06,0,
151.07,0,
151.08,0,
151.09,0,
151.10,0,
151.11,0,
151.12,0,
151.13,0,
151.14,0,
151.15,0,
151.16,0,
151.17,0,
151.18,0,
151.19,0,
151.20,0,
151.21,0,
151.22,0,
151.23,0,
151.24,0,
151.25,0,
151.26,0,
151.27,0,
151.28,0,
151.29,0,
151.30,0,
151.31,0,
151.32,0,
151.33,0,
151.34,0,
151.35,0,
151.36,0,
151.37,0,
151.38,0,
151.39,0,
151.40,0,
151.41,0,
151.42,0,
151.43,0,
151.44,0,
151.45,0,
151.46,0,
151.47,0,
151.48,0,
151.49,0,
151.50,0,
151.51,0,
151.52,0,
151.53,0,
151.54,0,
151.55,0,
151.56,0,
151.57,0,
151.58,0,
151.59,0,
151.60,0,
151.61,0,
151.62,0,
151.63,0,
151.64,0,
151.65,0,
151.66,0,
151.67,0,
151.68,0,
151.69,0,
151.70,0,
151.71,0,
151.72,0,
151.73,0,
151.74,0,
151.75,0,
151.76,0,
151.77,0,
151.78,0,
151.79,0,
151.80,0,
151.81,0,
151.82,0,
151.83,0,
151.84,0,
151.85,0,
151.86,0,
151.87,0,
151.88,0,
151.89,0,
151.90,0,
151.91,0,
151.92,0,
151.93,0,
151.94,0,
151.95,0,
151.96,0,
151.97,0,
151.98,0,
151.99,0,
152.00,0,
152.01,0,
152.02,0,
152.03,0,
152.04,0,
152.05,0,
152.06,0,
152.07,0,
152.08,0,
152.09,0,
152.10,0,
152.11,0,
152.12,0,
152.13,0,
152.14,0,
152.15,0,
152.16,0,
152.17,0,
152.18,0,
152.19,0,
152.20,0,
152.21,0,
152.22,0,
152.23,0,
152.24,0,
152.25,0,
152.26,0,
152.27,0,
152.28,0,
152.29,0,
152.30,0,
152.31,0,
152.32,0,
152.33,0,
152.34,0,
152.35,0,
152.36,0,
152.37,0,
152.38,0,
152.39,0,
152.40,0,
152.41,0,
152.42,0,
152.43,0,
152.44,0,
152.45,0,
152.46,0,
152.47,0,
152.48,0,
152.49,0,
152.50,0,
152.51,0,
152.52,0,
152.53,0,
152.54,0,
152.55,0,
152.56,0,
152.57,0,
152.58,0,
152.59,0,
152.60,0,
152.61,0,
152.62,0,
152.63,0,
152.64,0,
152.65,0,
152.66,0,
152.67,0,
152.68,0,
152.69,0,
152.70,0,
152.71,0,
152.72,0,
152.73,0,
152.74,0,
152.75,0,
152.76,0,
152.77,0,
152.78,0,
152.79,0,
152.80,0,
152.81,0,
152.82,0,
152.83,0,
152.84,0,
152.85,0,
152.86,0,
152.87,0,
152.88,0,
152.89,0,
152.90,0,
152.91,0,
152.92,0,
152.93,0,
152.94,0,
152.95,0,
152.96,0,
152.97,0,
152.98,0,
152.99,0,
153.00,0,
153.01,0,
153.02,0,
153.03,0,
153.04,0,
153.05,0,
153.06,0,
153.07,0,
153.08,0,
153.09,0,
153.10,0,
153.11,0,
153.12,0,
153.13,0,
153.14,0,
153.15,0,
153.16,0,
153.17,0,
153.18,0,
153.19,0,
153.20,0,
153.21,0,
153.22,0,
153.23,0,
153.24,0,
153.25,0,
153.26,0,
153.27,0,
153.28,0,
153.29,0,
153.30,0,
153.31,0,
153.32,0,
153.33,0,
153.34,0,
153.35,0,
153.36,0,
153.37,0,
153.38,0,
153.39,0,
153.40,0,
153.41,0,
153.42,0,
153.43,0,
153.44,0,
153.45,0,
153.46,0,
153.47,0,
153.48,0,
153.49,0,
153.50,0,
153.51,0,
153.52,0,
153.53,0,
153.54,0,
153.55,0,
153.56,0,
153.57,0,
153.58,0,
153.59,0,
153.60,0,
153.61,0,
153.62,0,
153.63,0,
153.64,0,
153.65,0,
153.66,0,
153.67,0,
153.68,0,
153.69,0,
153.70,0,
153.71,0,
153.72,0,
153.73,0,
153.74,0,
153.75,0,
153.76,0,
153.77,0,
153.78,0,
153.79,0,
153.80,0,
153.81,0,
153.82,0,
153.83,0,
153.84,0,
153.85,0,
153.86,0,
153.87,0,
153.88,0,
153.89,0,
153.90,0,
153.91,0,
153.92,0,
153.93,0,
153.94,0,
153.95,0,
153.96,0,
153.97,0,
153.98,0,
153.99,0,
154.00,0,
154.01,0,
154.02,0,
154.03,0,
154.04,0,
154.05,0,
154.06,0,
154.07,0,
154.08,0,
154.09,0,
154.10,0,
154.11,0,
154.12,0,
154.13,0,
154.14,0,
154.15,0,
154.16,0,
154.17,0,
154.18,0,
154.19,0,
154.20,0,
154.21,0,
154.22,0,
154.23,0,
154.24,0,
154.25,0,
154.26,0,
154.27,0,
154.28,0,
154.29,0,
154.30,0,
154.31,0,
154.32,0,
154.33,0,
154.34,0,
154.35,0,
154.36,0,
154.37,0,
154.38,0,
154.39,0,
154.40,0,
154.41,0,
154.42,0,
154.43,0,
154.44,0,
154.45,0,
154.46,0,
154.47,0,
154.48,0,
154.49,0,
154.50,0,
154.51,0,
154.52,0,
154.53,0,
154.54,0,
154.55,0,
154.56,0,
154.57,0,
154.58,0,
154.59,0,
154.60,0,
154.61,0,
154.62,0,
154.63,0,
154.64,0,
154.65,0,
154.66,0,
154.67,0,
154.68,0,
154.69,0,
154.70,0,
154.71,0,
154.72,0,
154.73,0,
154.74,0,
154.75,0,
154.76,0,
154.77,0,
154.78,0,
154.79,0,
154.80,0,
154.81,0,
154.82,0,
154.83,0,
154.84,0,
154.85,0,
154.86,0,
154.87,0,
154.88,0,
154.89,0,
154.90,0,
154.91,0,
154.92,0,
154.93,0,
154.94,0,
154.95,0,
154.96,0,
154.97,0,
154.98,0,
154.99,0,
155.00,0,
155.01,0,
155.02,0,
155.03,0,
155.04,0,
155.05,0,
155.06,0,
155.07,0,
155.08,0,
155.09,0,
155.10,0,
155.11,0,
155.12,0,
155.13,0,
155.14,0,
155.15,0,
155.16,0,
155.17,0,
155.18,0,
155.19,0,
155.20,0,
155.21,0,
155.22,0,
155.23,0,
155.24,0,
155.25,0,
155.26,0,
155.27,0,
155.28,0,
155.29,0,
155.30,0,
155.31,0,
155.32,0,
155.33,0,
155.34,0,
155.35,0,
155.36,0,
155.37,0,
155.38,0,
155.39,0,
155.40,0,
155.41,0,
155.42,0,
155.43,0,
155.44,0,
155.45,0,
155.46,0,
155.47,0,
155.48,0,
155.49,0,
155.50,0,
155.51,0,
155.52,0,
155.53,0,
155.54,0,
155.55,0,
155.56,0,
155.57,0,
155.58,0,
155.59,0,
155.60,0,
155.61,0,
155.62,0,
155.63,0,
155.64,0,
155.65,0,
155.66,0,
155.67,0,
155.68,0,
155.69,0,
155.70,0,
155.71,0,
155.72,0,
155.73,0,
155.74,0,
155.75,0,
155.76,0,
155.77,0,
155.78,0,
155.79,0,
155.80,0,
155.81,0,
155.82,0,
155.83,0,
155.84,0,
155.85,0,
155.86,0,
155.87,0,
155.88,0,
155.89,0,
155.90,0,
155.91,0,
155.92,0,
155.93,0,
155.94,0,
155.95,0,
155.96,0,
155.97,0,
155.98,0,
155.99,0,
156.00,0,
156.01,0,
156.02,0,
156.03,0,
156.04,0,
156.05,0,
156.06,0,
156.07,0,
156.08,0,
156.09,0,
156.10,0,
156.11,0,
156.12,0,
156.13,0,
156.14,0,
156.15,0,
156.16,0,
156.17,0,
156.18,0,
156.19,0,
156.20,0,
156.21,0,
156.22,0,
156.23,0,
156.24,0,
156.25,0,
156.26,0,
156.27,0,
156.28,0,
156.29,0,
156.30,0,
156.31,0,
156.32,0,
156.33,0,
156.34,0,
156.35,0,
156.36,0,
156.37,0,
156.38,0,
156.39,0,
156.40,0,
156.41,0,
156.42,0,
156.43,0,
156.44,0,
156.45,0,
156.46,0,
156.47,0,
156.48,0,
156.49,0,
156.50,0,
156.51,0,
156.52,0,
156.53,0,
156.54,0,
156.55,0,
156.56,0,
156.57,0,
156.58,0,
156.59,0,
156.60,0,
156.61,0,
156.62,0,
156.63,0,
156.64,0,
156.65,0,
156.66,0,
156.67,0,
156.68,0,
156.69,0,
156.70,0,
156.71,0,
156.72,0,
156.73,0,
156.74,0,
156.75,0,
156.76,0,
156.77,0,
156.78,0,
156.79,0,
156.80,0,
156.81,0,
156.82,0,
156.83,0,
156.84,0,
156.85,0,
156.86,0,
156.87,0,
156.88,0,
156.89,0,
156.90,0,
156.91,0,
156.92,0,
156.93,0,
156.94,0,
156.95,0,
156.96,0,
156.97,0,
156.98,0,
156.99,0,
157.00,0,
157.01,0,
157.02,0,
157.03,0,
157.04,0,
157.05,0,
157.06,0,
157.07,0,
157.08,0,
157.09,0,
157.10,0,
157.11,0,
157.12,0,
157.13,0,
157.14,0,
157.15,0,
157.16,0,
157.17,0,
157.18,0,
157.19,0,
157.20,0,
157.21,0,
157.22,0,
157.23,0,
157.24,0,
157.25,0,
157.26,0,
157.27,0,
157.28,0,
157.29,0,
157.30,0,
157.31,0,
157.32,0,
157.33,0,
157.34,0,
157.35,0,
157.36,0,
157.37,0,
157.38,0,
157.39,0,
157.40,0,
157.41,0,
157.42,0,
157.43,0,
157.44,0,
157.45,0,
157.46,0,
157.47,0,
157.48,0,
157.49,0,
157.50,0,
157.51,0,
157.52,0,
157.53,0,
157.54,0,
157.55,0,
157.56,0,
157.57,0,
157.58,0,
157.59,0,
157.60,0,
157.61,0,
157.62,0,
157.63,0,
157.64,0,
157.65,0,
157.66,0,
157.67,0,
157.68,0,
157.69,0,
157.70,0,
157.71,0,
157.72,0,
157.73,0,
157.74,0,
157.75,0,
157.76,0,
157.77,0,
157.78,0,
157.79,0,
157.80,0,
157.81,0,
157.82,0,
157.83,0,
157.84,0,
157.85,0,
157.86,0,
157.87,0,
157.88,0,
157.89,0,
157.90,0,
157.91,0,
157.92,0,
157.93,0,
157.94,0,
157.95,0,
157.96,0,
157.97,0,
157.98,0,
157.99,0,
158.00,0,
158.01,0,
158.02,0,
158.03,0,
158.04,0,
158.05,0,
158.06,0,
158.07,0,
158.08,0,
158.09,0,
158.10,0,
158.11,0,
158.12,0,
158.13,0,
158.14,0,
158.15,0,
158.16,0,
158.17,0,
158.18,0,
158.19,0,
158.20,0,
158.21,0,
158.22,0,
158.23,0,
158.24,0,
158.25,0,
158.26,0,
158.27,0,
158.28,0,
158.29,0,
158.30,0,
158.31,0,
158.32,0,
158.33,0,
158.34,0,
158.35,0,
158.36,0,
158.37,0,
158.38,0,
158.39,0,
158.40,0,
158.41,0,
158.42,0,
158.43,0,
158.44,0,
158.45,0,
158.46,0,
158.47,0,
158.48,0,
158.49,0,
158.50,0,
158.51,0,
158.52,0,
158.53,0,
158.54,0,
158.55,0,
158.56,0,
158.57,0,
158.58,0,
158.59,0,
158.60,0,
158.61,0,
158.62,0,
158.63,0,
158.64,0,
158.65,0,
158.66,0,
158.67,0,
158.68,0,
158.69,0,
158.70,0,
158.71,0,
158.72,0,
158.73,0,
158.74,0,
158.75,0,
158.76,0,
158.77,0,
158.78,0,
158.79,0,
158.80,0,
158.81,0,
158.82,0,
158.83,0,
158.84,0,
158.85,0,
158.86,0,
158.87,0,
158.88,0,
158.89,0,
158.90,0,
158.91,0,
158.92,0,
158.93,0,
158.94,0,
158.95,0,
158.96,0,
158.97,0,
158.98,0,
158.99,0,
159.00,0,
159.01,0,
159.02,0,
159.03,0,
159.04,0,
159.05,0,
159.06,0,
159.07,0,
159.08,0,
159.09,0,
159.10,0,
159.11,0,
159.12,0,
159.13,0,
159.14,0,
159.15,0,
159.16,0,
159.17,0,
159.18,0,
159.19,0,
159.20,0,
159.21,0,
159.22,0,
159.23,0,
159.24,0,
159.25,0,
159.26,0,
159.27,0,
159.28,0,
159.29,0,
159.30,0,
159.31,0,
159.32,0,
159.33,0,
159.34,0,
159.35,0,
159.36,0,
159.37,0,
159.38,0,
159.39,0,
159.40,0,
159.41,0,
159.42,0,
159.43,0,
159.44,0,
159.45,0,
159.46,0,
159.47,0,
159.48,0,
159.49,0,
159.50,0,
159.51,0,
159.52,0,
159.53,0,
159.54,0,
159.55,0,
159.56,0,
159.57,0,
159.58,0,
159.59,0,
159.60,0,
159.61,0,
159.62,0,
159.63,0,
159.64,0,
159.65,0,
159.66,0,
159.67,0,
159.68,0,
159.69,0,
159.70,0,
159.71,0,
159.72,0,
159.73,0,
159.74,0,
159.75,0,
159.76,0,
159.77,0,
159.78,0,
159.79,0,
159.80,0,
159.81,0,
159.82,0,
159.83,0,
159.84,0,
159.85,0,
159.86,0,
159.87,0,
159.88,0,
159.89,0,
159.90,0,
159.91,0,
159.92,0,
159.93,0,
159.94,0,
159.95,0,
159.96,0,
159.97,0,
159.98,0,
159.99,0,
160.00,0,
160.01,0,
160.02,0,
160.03,0,
160.04,0,
160.05,0,
160.06,0,
160.07,0,
160.08,0,
160.09,0,
160.10,0,
160.11,0,
160.12,0,
160.13,0,
160.14,0,
160.15,0,
160.16,0,
160.17,0,
160.18,0,
160.19,0,
160.20,0,
160.21,0,
160.22,0,
160.23,0,
160.24,0,
160.25,0,
160.26,0,
160.27,0,
160.28,0,
160.29,0,
160.30,0,
160.31,0,
160.32,0,
160.33,0,
160.34,0,
160.35,0,
160.36,0,
160.37,0,
160.38,0,
160.39,0,
160.40,0,
160.41,0,
160.42,0,
160.43,0,
160.44,0,
160.45,0,
160.46,0,
160.47,0,
160.48,0,
160.49,0,
160.50,0,
160.51,0,
160.52,0,
160.53,0,
160.54,0,
160.55,0,
160.56,0,
160.57,0,
160.58,0,
160.59,0,
160.60,0,
160.61,0,
160.62,0,
160.63,0,
160.64,0,
160.65,0,
160.66,0,
160.67,0,
160.68,0,
160.69,0,
160.70,0,
160.71,0,
160.72,0,
160.73,0,
160.74,0,
160.75,0,
160.76,0,
160.77,0,
160.78,0,
160.79,0,
160.80,0,
160.81,0,
160.82,0,
160.83,0,
160.84,0,
160.85,0,
160.86,0,
160.87,0,
160.88,0,
160.89,1,0.029
160.90,1,0.024
160.91,1,0.024
160.92,1,0.026
160.93,1,0.027
160.94,1,0.029
160.95,1,0.033
160.96,1,0.035
160.97,1,0.039
160.98,1,0.040
160.99,1,0.040
161.00,1,0.040
161.01,1,0.040
161.02,1,0.037
161.03,1,0.038
161.04,1,0.039
161.05,1,0.042
161.06,1,0.053
161.07,1,0.067
161.08,1,0.071
161.09,1,0.074
161.10,1,0.071
161.11,1,0.071
161.12,1,0.067
161.13,1,0.071
161.14,1,0.069
161.15,1,0.068
161.16,1,0.071
161.17,1,0.079
161.18,1,0.061
161.19,1,0.042
161.20,1,0.041
161.21,1,0.052
161.22,1,0.068
161.23,1,0.092
161.24,1,0.114
161.25,1,0.122
161.26,1,0.122
161.27,1,0.117
161.28,1,0.101
161.29,1,0.089
161.30,1,0.089
161.31,1,0.090
161.32,1,0.092
161.33,1,0.101
161.34,1,0.105
161.35,1,0.100
161.36,1,0.091
161.37,1,0.098
161.38,1,0.116
161.39,1,0.157
161.40,1,0.214
161.41,1,0.305
161.42,1,0.490
161.43,1,0.491
161.44,1,0.306
161.45,1,0.193
161.46,1,0.159
161.47,1,0.144
161.48,1,0.150
161.49,1,0.142
161.50,1,0.125
161.51,1,0.091
161.52,1,0.060
161.53,1,0.051
161.54,1,0.053
161.55,1,0.055
161.56,1,0.063
161.57,1,0.077
161.58,1,0.086
161.59,1,0.091
161.60,1,0.080
161.61,1,0.074
161.62,1,0.065
161.63,1,0.055
161.64,1,0.058
161.65,1,0.081
161.66,1,0.100
161.67,1,0.119
161.68,1,0.140
161.69,1,0.157
161.70,1,0.164
161.71,1,0.166
161.72,1,0.154
161.73,1,0.135
161.74,1,0.116
161.75,1,0.095
161.76,1,0.080
161.77,1,0.079
161.78,1,0.086
161.79,1,0.089
161.80,1,0.092
161.81,1,0.092
161.82,1,0.086
161.83,1,0.081
161.84,1,0.075
161.85,1,0.074
161.86,1,0.077
161.87,1,0.084
161.88,1,0.090
161.89,1,0.098
161.90,1,0.099
161.91,1,0.101
161.92,1,0.100
161.93,1,0.094
161.94,1,0.090
161.95,1,0.093
161.96,1,0.096
161.97,1,0.104
161.98,1,0.112
161.99,1,0.114
162.00,1,0.116
162.01,1,0.117
162.02,1,0.118
162.03,1,0.124
162.04,1,0.133
162.05,1,0.139
162.06,1,0.148
162.07,1,0.155
162.08,1,0.157
162.09,1,0.162
162.10,1,0.162
162.11,1,0.153
162.12,1,0.138
162.13,1,0.117
162.14,1,0.094
162.15,1,0.081
162.16,1,0.070
162.17,1,0.070
162.18,1,0.075
162.19,1,0.076
162.20,1,0.082
162.21,1,0.086
162.22,1,0.084
162.23,1,0.092
162.24,1,0.102
162.25,1,0.098
162.26,1,0.102
162.27,1,0.107
162.28,1,0.104
162.29,1,0.116
162.30,1,0.126
162.31,1,0.135
162.32,1,0.146
162.33,1,0.154
162.34,1,0.162
162.35,1,0.166
162.36,1,0.164
162.37,1,0.159
162.38,1,0.147
162.39,1,0.136
162.40,1,0.133
162.41,1,0.146
162.42,1,0.173
162.43,1,0.215
162.44,1,0.272
162.45,1,0.372
162.46,1,0.445
162.47,1,0.541
162.48,1,0.682
162.49,1,0.966
162.50,1,1.029
162.51,1,0.788
162.52,1,0.651
162.53,1,0.558
162.54,1,0.474
162.55,1,0.413
162.56,1,0.396
162.57,1,0.376
162.58,1,0.356
162.59,1,0.379
162.60,1,0.414
162.61,1,0.453
162.62,1,0.444
162.63,1,0.461
162.64,1,0.556
162.65,1,0.608
162.66,1,0.689
162.67,1,0.819
162.68,1,0.609
162.69,1,0.339
162.70,1,0.118
162.71,1,0.079
162.72,1,0.054
162.73,1,0.048
162.74,1,0.039
162.75,1,0.046
162.76,1,0.060
162.77,1,0.066
162.78,1,0.077
162.79,1,0.092
162.80,1,0.110
162.81,1,0.130
162.82,1,0.268
162.83,1,0.551
162.84,1,0.823
162.85,1,0.687
162.86,1,0.309
162.87,1,0.194
162.88,1,0.131
162.89,1,0.154
162.90,1,0.102
162.91,1,0.083
162.92,1,0.079
162.93,1,0.071
162.94,1,0.056
162.95,1,0.058
162.96,1,0.065
162.97,1,0.091
162.98,1,0.142
162.99,1,0.189
163.00,1,0.204
163.01,1,0.228
163.02,1,0.257
163.03,1,0.253
163.04,1,0.255
163.05,1,0.256
163.06,1,0.215
163.07,1,0.166
163.08,1,0.140
163.09,1,0.116
163.10,1,0.098
163.11,1,0.092
163.12,1,0.100
163.13,1,0.103
163.14,1,0.107
163.15,1,0.127
163.16,1,0.132
163.17,1,0.125
163.18,1,0.129
163.19,1,0.133
163.20,1,0.133
163.21,1,0.144
163.22,1,0.162
163.23,1,0.158
163.24,1,0.143
163.25,1,0.128
163.26,1,0.107
163.27,1,0.093
163.28,1,0.101
163.29,1,0.120
163.30,1,0.150
163.31,1,0.165
163.32,1,0.176
163.33,1,0.191
163.34,1,0.165
163.35,1,0.133
163.36,1,0.132
163.37,1,0.127
163.38,1,0.120
163.39,1,0.123
163.40,1,0.139
163.41,1,0.136
163.42,1,0.141
163.43,1,0.150
163.44,1,0.165
163.45,1,0.181
163.46,1,0.181
163.47,1,0.172
163.48,1,0.158
163.49,1,0.155
163.50,1,0.154
163.51,1,0.178
163.52,1,0.204
163.53,1,0.204
163.54,1,0.181
163.55,1,0.163
163.56,1,0.131
163.57,1,0.106
163.58,1,0.124
163.59,1,0.138
163.60,1,0.252
163.61,1,0.631
163.62,1,0.729
163.63,1,0.922
163.64,1,1.316
163.65,1,0.881
163.66,1,0.740
163.67,1,0.188
163.68,1,0.119
163.69,1,0.081
163.70,1,0.072
163.71,1,0.069
163.72,1,0.080
163.73,1,0.083
163.74,1,0.088
163.75,1,0.087
163.76,1,0.084
163.77,1,0.078
163.78,1,0.074
163.79,1,0.081
163.80,1,0.088
163.81,1,0.098
163.82,1,0.107
163.83,1,0.112
163.84,1,0.112
163.85,1,0.112
163.86,1,0.115
163.87,1,0.122
163.88,1,0.123
163.89,1,0.121
163.90,1,0.135
163.91,1,0.141
163.92,1,0.152
163.93,1,0.196
163.94,1,0.198
163.95,1,0.159
163.96,1,0.128
163.97,1,0.102
163.98,1,0.088
163.99,1,0.082
164.00,1,0.078
164.01,1,0.077
164.02,1,0.079
164.03,1,0.076
164.04,1,0.073
164.05,1,0.075
164.06,1,0.082
164.07,1,0.089
164.08,1,0.100
164.09,1,0.109
164.10,1,0.119
164.11,1,0.130
164.12,1,0.130
164.13,1,0.121
164.14,1,0.104
164.15,1,0.087
164.16,1,0.070
164.17,1,0.075
164.18,1,0.084
164.19,1,0.096
164.20,1,0.103
164.21,1,0.098
164.22,1,0.100
164.23,1,0.102
164.24,1,0.097
164.25,1,0.108
164.26,1,0.113
164.27,1,0.103
164.28,1,0.100
164.29,1,0.098
164.30,1,0.087
164.31,1,0.090
164.32,1,0.102
164.33,1,0.113
164.34,1,0.124
164.35,1,0.142
164.36,1,0.153
164.37,1,0.153
164.38,1,0.146
164.39,1,0.132
164.40,1,0.114
164.41,1,0.104
164.42,1,0.107
164.43,1,0.133
164.44,1,0.196
164.45,1,0.276
164.46,1,0.413
164.47,1,0.762
164.48,1,1.108
164.49,1,1.470
164.50,1,1.373
164.51,1,1.206
164.52,1,1.140
164.53,1,0.995
164.54,1,0.854
164.55,1,0.824
164.56,1,0.780
164.57,1,0.258
164.58,1,0.102
164.59,1,0.076
164.60,1,0.064
164.61,1,0.063
164.62,1,0.066
164.63,1,0.077
164.64,1,0.081
164.65,1,0.090
164.66,1,0.102
164.67,1,0.119
164.68,1,0.143
164.69,1,0.211
164.70,1,0.452
164.71,1,0.828
164.72,1,1.072
164.73,1,0.996
164.74,1,0.697
164.75,1,0.318
164.76,1,0.114
164.77,1,0.111
164.78,1,0.094
164.79,1,0.085
164.80,1,0.079
164.81,1,0.068
164.82,1,0.065
164.83,1,0.078
164.84,1,0.086
164.85,1,0.096
164.86,1,0.119
164.87,1,0.160
164.88,1,0.197
164.89,1,0.247
164.90,1,0.288
164.91,1,0.282
164.92,1,0.249
164.93,1,0.208
164.94,1,0.160
164.95,1,0.130
164.96,1,0.116
164.97,1,0.102
164.98,1,0.126
164.99,1,0.153
165.00,1,0.142
165.01,1,0.143
165.02,1,0.145
165.03,1,0.111
165.04,1,0.105
165.05,1,0.128
165.06,1,0.137
165.07,1,0.141
165.08,1,0.161
165.09,1,0.185
165.10,1,0.194
165.11,1,0.211
165.12,1,0.220
165.13,1,0.200
165.14,1,0.168
165.15,1,0.149
165.16,1,0.136
165.17,1,0.130
165.18,1,0.128
165.19,1,0.125
165.20,1,0.126
165.21,1,0.133
165.22,1,0.154
165.23,1,0.180
165.24,1,0.203
165.25,1,0.228
165.26,1,0.242
165.27,1,0.244
165.28,1,0.260
165.29,1,0.266
165.30,1,0.254
165.31,1,0.244
165.32,1,0.237
165.33,1,0.223
165.34,1,0.208
165.35,1,0.202
165.36,1,0.198
165.37,1,0.185
165.38,1,0.162
165.39,1,0.135
165.40,1,0.131
165.41,1,0.154
165.42,1,0.194
165.43,1,0.271
165.44,1,0.395
165.45,1,0.579
165.46,1,0.851
165.47,1,1.472
165.48,1,2.447
165.49,1,3.154
165.50,1,2.604
165.51,1,1.862
165.52,1,1.256
165.53,1,0.845
165.54,1,0.682
165.55,1,0.577
165.56,1,0.482
165.57,1,0.378
165.58,1,0.308
165.59,1,0.287
165.60,1,0.326
165.61,1,0.389
165.62,1,0.456
165.63,1,0.514
165.64,1,0.560
165.65,1,0.642
165.66,1,0.726
165.67,1,0.878
165.68,1,1.168
165.69,1,1.564
165.70,1,2.278
165.71,1,2.667
165.72,1,2.377
165.73,1,1.663
165.74,1,1.117
165.75,1,0.918
165.76,1,0.781
165.77,1,0.496
165.78,1,0.094
165.79,1,0.114
165.80,1,0.126
165.81,1,0.069
165.82,1,0.041
165.83,1,0.030
165.84,1,0.022
165.85,1,0.021
165.86,1,0.028
165.87,1,0.039
165.88,1,0.053
165.89,1,0.069
165.90,1,0.085
165.91,1,0.103
165.92,1,0.118
165.93,1,0.125
165.94,1,0.128
165.95,1,0.131
165.96,1,0.123
165.97,1,0.112
165.98,1,0.100
165.99,1,0.089
166.00,1,0.075
166.01,1,0.065
166.02,1,0.059
166.03,1,0.055
166.04,1,0.052
166.05,1,0.049
166.06,1,0.053
166.07,1,0.057
166.08,1,0.062
166.09,1,0.070
166.10,1,0.076
166.11,1,0.078
166.12,1,0.088
166.13,1,0.096
166.14,1,0.089
166.15,1,0.083
166.16,1,0.080
166.17,1,0.074
166.18,1,0.079
166.19,1,0.080
166.20,1,0.082
166.21,1,0.081
166.22,1,0.081
166.23,1,0.086
166.24,1,0.089
166.25,1,0.086
166.26,1,0.082
166.27,1,0.074
166.28,1,0.071
166.29,1,0.070
166.30,1,0.076
166.31,1,0.090
166.32,1,0.094
166.33,1,0.108
166.34,1,0.127
166.35,1,0.146
166.36,1,0.162
166.37,1,0.203
166.38,1,0.258
166.39,1,0.353
166.40,1,0.586
166.41,1,0.845
166.42,1,0.380
166.43,1,0.324
166.44,1,0.238
166.45,1,0.106
166.46,1,0.065
166.47,1,0.048
166.48,1,0.042
166.49,1,0.049
166.50,1,0.059
166.51,1,0.073
166.52,1,0.094
166.53,1,0.108
166.54,1,0.108
166.55,1,0.106
166.56,1,0.114
166.57,1,0.123
166.58,1,0.133
166.59,1,0.139
166.60,1,0.138
166.61,1,0.124
166.62,1,0.108
166.63,1,0.099
166.64,1,0.103
166.65,1,0.114
166.66,1,0.125
166.67,1,0.126
166.68,1,0.124
166.69,1,0.113
166.70,1,0.090
166.71,1,0.073
166.72,1,0.066
166.73,1,0.069
166.74,1,0.085
166.75,1,0.098
166.76,1,0.109
166.77,1,0.115
166.78,1,0.114
166.79,1,0.109
166.80,1,0.103
166.81,1,0.096
166.82,1,0.107
166.83,1,0.117
166.84,1,0.119
166.85,1,0.123
166.86,1,0.124
166.87,1,0.114
166.88,1,0.106
166.89,1,0.102
166.90,1,0.102
166.91,1,0.109
166.92,1,0.116
166.93,1,0.117
166.94,1,0.112
166.95,1,0.111
166.96,1,0.118
166.97,1,0.137
166.98,1,0.158
166.99,1,0.197
167.00,1,0.245
167.01,1,0.311
167.02,1,0.367
167.03,1,0.332
167.04,1,0.217
167.05,1,0.131
167.06,1,0.076
167.07,1,0.061
167.08,1,0.057
167.09,1,0.058
167.10,1,0.079
167.11,1,0.140
167.12,1,0.298
167.13,1,0.804
167.14,1,1.524
167.15,0,
167.16,0,
167.17,0,
167.18,0,
167.19,0,
167.20,0,
167.21,0,
167.22,0,
167.23,0,
167.24,0,
167.25,0,
167.26,0,
167.27,0,
167.28,0,
167.29,1,1.435
167.30,1,1.534
167.31,1,1.238
167.32,1,1.084
167.33,1,0.442
167.34,1,0.088
167.35,1,0.049
167.36,1,0.044
167.37,1,0.036
167.38,1,0.034
167.39,1,0.037
167.40,1,0.042
167.41,1,0.046
167.42,1,0.061
167.43,1,0.078
167.44,1,0.086
167.45,1,0.091
167.46,1,0.104
167.47,1,0.107
167.48,1,0.104
167.49,1,0.104
167.50,1,0.097
167.51,1,0.101
167.52,1,0.098
167.53,1,0.112
167.54,1,0.120
167.55,1,0.130
167.56,1,0.137
167.57,1,0.154
167.58,1,0.174
167.59,1,0.179
167.60,1,0.169
167.61,1,0.157
167.62,1,0.166
167.63,1,0.164
167.64,1,0.168
167.65,1,0.165
167.66,1,0.150
167.67,1,0.124
167.68,1,0.095
167.69,1,0.090
167.70,1,0.094
167.71,1,0.103
167.72,1,0.114
167.73,1,0.123
167.74,1,0.120
167.75,1,0.109
167.76,1,0.114
167.77,1,0.136
167.78,1,0.159
167.79,1,0.205
167.80,1,0.489
167.81,1,0.724
167.82,1,0.746
167.83,1,0.149
167.84,1,0.070
167.85,1,0.057
167.86,1,0.054
167.87,1,0.054
167.88,1,0.063
167.89,1,0.076
167.90,1,0.083
167.91,1,0.090
167.92,1,0.086
167.93,1,0.086
167.94,1,0.090
167.95,1,0.091
167.96,1,0.090
167.97,1,0.093
167.98,1,0.088
167.99,1,0.082
168.00,1,0.076
168.01,1,0.071
168.02,1,0.065
168.03,1,0.062
168.04,1,0.060
168.05,1,0.062
168.06,1,0.062
168.07,1,0.061
168.08,1,0.064
168.09,1,0.068
168.10,1,0.072
168.11,1,0.081
168.12,1,0.084
168.13,1,0.089
168.14,1,0.091
168.15,1,0.095
168.16,1,0.094
168.17,1,0.091
168.18,1,0.090
168.19,1,0.095
168.20,1,0.098
168.21,1,0.109
168.22,1,0.117
168.23,1,0.131
168.24,1,0.136
168.25,1,0.135
168.26,1,0.130
168.27,1,0.130
168.28,1,0.115
168.29,1,0.097
168.30,1,0.082
168.31,1,0.077
168.32,1,0.073
168.33,1,0.079
168.34,1,0.080
168.35,1,0.083
168.36,1,0.076
168.37,1,0.071
168.38,1,0.069
168.39,1,0.072
168.40,1,0.080
168.41,1,0.092
168.42,1,0.105
168.43,1,0.117
168.44,1,0.127
168.45,1,0.133
168.46,1,0.133
168.47,1,0.141
168.48,1,0.142
168.49,1,0.143
168.50,1,0.151
168.51,1,0.156
168.52,1,0.170
168.53,1,0.205
168.54,1,0.344
168.55,1,0.444
168.56,1,0.807
168.57,1,0.772
168.58,1,0.351
168.59,1,0.165
168.60,1,0.116
168.61,1,0.100
168.62,1,0.077
168.63,1,0.063
168.64,1,0.068
168.65,1,0.063
168.66,1,0.061
168.67,1,0.075
168.68,1,0.084
168.69,1,0.090
168.70,1,0.111
168.71,1,0.119
168.72,1,0.120
168.73,1,0.124
168.74,1,0.120
168.75,1,0.115
168.76,1,0.108
168.77,1,0.103
168.78,1,0.111
168.79,1,0.110
168.80,1,0.110
168.81,1,0.113
168.82,1,0.114
168.83,1,0.116
168.84,1,0.127
168.85,1,0.124
168.86,1,0.129
168.87,1,0.140
168.88,1,0.135
168.89,1,0.125
168.90,1,0.130
168.91,1,0.122
168.92,1,0.111
168.93,1,0.119
168.94,1,0.119
168.95,1,0.116
168.96,1,0.118
168.97,1,0.111
168.98,1,0.110
168.99,1,0.122
169.00,1,0.127
169.01,1,0.128
169.02,1,0.130
169.03,1,0.116
169.04,1,0.105
169.05,1,0.111
169.06,1,0.112
169.07,1,0.119
169.08,1,0.122
169.09,1,0.120
169.10,1,0.122
169.11,1,0.123
169.12,1,0.131
169.13,1,0.143
169.14,1,0.155
169.15,1,0.154
169.16,1,0.152
169.17,1,0.137
169.18,1,0.113
169.19,1,0.096
169.20,1,0.086
169.21,1,0.082
169.22,1,0.088
169.23,1,0.094
169.24,1,0.094
169.25,1,0.095
169.26,1,0.097
169.27,1,0.106
169.28,1,0.117
169.29,1,0.119
169.30,1,0.115
169.31,1,0.105
169.32,1,0.090
169.33,1,0.094
169.34,1,0.121
169.35,1,0.149
169.36,1,0.157
169.37,1,0.159
169.38,1,0.157
169.39,1,0.146
169.40,1,0.143
169.41,1,0.160
169.42,1,0.177
169.43,1,0.187
169.44,1,0.220
169.45,1,0.266
169.46,1,0.277
169.47,1,0.265
169.48,1,0.239
169.49,1,0.195
169.50,1,0.169
169.51,1,0.166
169.52,1,0.187
169.53,1,0.208
169.54,1,0.209
169.55,1,0.199
169.56,1,0.186
169.57,1,0.161
169.58,1,0.120
169.59,1,0.105
169.60,1,0.106
169.61,1,0.114
169.62,1,0.136
169.63,1,0.164
169.64,1,0.210
169.65,1,0.257
169.66,1,0.297
169.67,1,0.346
169.68,1,0.398
169.69,1,0.512
169.70,1,0.750
169.71,1,1.087
169.72,1,1.197
169.73,1,1.330
169.74,1,1.267
169.75,1,0.953
169.76,1,0.695
169.77,1,0.514
169.78,1,0.484
169.79,1,0.412
169.80,1,0.350
169.81,1,0.311
169.82,1,0.290
169.83,1,0.205
169.84,1,0.185
169.85,1,0.174
169.86,1,0.186
169.87,1,0.190
169.88,1,0.194
169.89,1,0.222
169.90,1,0.255
169.91,1,0.312
169.92,1,0.417
169.93,1,0.709
169.94,1,0.924
169.95,1,1.223
169.96,1,0.780
169.97,1,0.120
169.98,1,0.044
169.99,1,0.027
170.00,1,0.024
170.01,1,0.026
170.02,1,0.027
170.03,1,0.033
170.04,1,0.044
170.05,1,0.050
170.06,1,0.055
170.07,1,0.062
170.08,1,0.065
170.09,1,0.066
170.10,1,0.065
170.11,1,0.063
170.12,1,0.064
170.13,1,0.068
170.14,1,0.070
170.15,1,0.079
170.16,1,0.086
170.17,1,0.083
170.18,1,0.086
170.19,1,0.095
170.20,1,0.111
170.21,1,0.114
170.22,1,0.112
170.23,1,0.108
170.24,1,0.090
170.25,1,0.070
170.26,1,0.089
170.27,1,0.096
170.28,1,0.094
170.29,1,0.096
170.30,1,0.104
170.31,1,0.107
170.32,1,0.137
170.33,1,0.139
170.34,1,0.127
170.35,1,0.104
170.36,1,0.090
170.37,1,0.089
170.38,1,0.087
170.39,1,0.086
170.40,1,0.085
170.41,1,0.074
170.42,1,0.057
170.43,1,0.063
170.44,1,0.085
170.45,1,0.111
170.46,1,0.134
170.47,1,0.137
170.48,1,0.127
170.49,1,0.109
170.50,1,0.086
170.51,1,0.070
170.52,1,0.070
170.53,1,0.073
170.54,1,0.073
170.55,1,0.079
170.56,1,0.084
170.57,1,0.084
170.58,1,0.096
170.59,1,0.113
170.60,1,0.123
170.61,1,0.122
170.62,1,0.124
170.63,1,0.123
170.64,1,0.121
170.65,1,0.116
170.66,1,0.119
170.67,1,0.122
170.68,1,0.116
170.69,1,0.116
170.70,1,0.112
170.71,1,0.103
170.72,1,0.091
170.73,1,0.084
170.74,1,0.077
170.75,1,0.082
170.76,1,0.093
170.77,1,0.100
170.78,1,0.106
170.79,1,0.113
170.80,1,0.123
170.81,1,0.137
170.82,1,0.151
170.83,1,0.168
170.84,1,0.177
170.85,1,0.183
170.86,1,0.186
170.87,1,0.187
170.88,1,0.191
170.89,1,0.195
170.90,1,0.201
170.91,1,0.214
170.92,1,0.229
170.93,1,0.244
170.94,1,0.266
170.95,1,0.297
170.96,1,0.326
170.97,1,0.345
170.98,1,0.371
170.99,1,0.373
171.00,1,0.326
171.01,1,0.307
171.02,1,0.369
171.03,1,0.485
171.04,1,0.637
171.05,1,0.822
171.06,1,0.987
171.07,1,0.831
171.08,1,0.239
171.09,1,0.109
171.10,1,0.063
171.11,1,0.060
171.12,1,0.057
171.13,1,0.062
171.14,1,0.066
171.15,1,0.079
171.16,1,0.082
171.17,1,0.082
171.18,1,0.089
171.19,1,0.090
171.20,1,0.091
171.21,1,0.103
171.22,1,0.103
171.23,1,0.100
171.24,1,0.091
171.25,1,0.078
171.26,1,0.071
171.27,1,0.071
171.28,1,0.077
171.29,1,0.088
171.30,1,0.100
171.31,1,0.114
171.32,1,0.130
171.33,1,0.157
171.34,1,0.227
171.35,1,0.337
171.36,1,0.489
171.37,1,0.759
171.38,1,0.689
171.39,1,0.515
171.40,1,0.399
171.41,1,0.096
171.42,1,0.083
171.43,1,0.099
171.44,1,0.125
171.45,1,0.154
171.46,1,0.167
171.47,1,0.183
171.48,1,0.182
171.49,1,0.160
171.50,1,0.139
171.51,1,0.141
171.52,1,0.152
171.53,1,0.153
171.54,1,0.157
171.55,1,0.154
171.56,1,0.148
171.57,1,0.143
171.58,1,0.144
171.59,1,0.139
171.60,1,0.122
171.61,1,0.131
171.62,1,0.126
171.63,1,0.126
171.64,1,0.139
171.65,1,0.170
171.66,1,0.197
171.67,1,0.182
171.68,1,0.185
171.69,1,0.170
171.70,1,0.143
171.71,1,0.121
171.72,1,0.112
171.73,1,0.120
171.74,1,0.100
171.75,1,0.095
171.76,1,0.102
171.77,1,0.100
171.78,1,0.097
171.79,1,0.102
171.80,1,0.100
171.81,1,0.086
171.82,1,0.078
171.83,1,0.072
171.84,1,0.073
171.85,1,0.074
171.86,1,0.081
171.87,1,0.085
171.88,1,0.080
171.89,1,0.086
171.90,1,0.089
171.91,1,0.090
171.92,1,0.095
171.93,1,0.103
171.94,1,0.093
171.95,1,0.100
171.96,1,0.125
171.97,1,0.198
171.98,1,0.266
171.99,1,0.196
172.00,1,0.057
172.01,1,0.053
172.02,1,0.061
172.03,1,0.068
172.04,1,0.081
172.05,1,0.097
172.06,1,0.134
172.07,1,0.164
172.08,1,0.211
172.09,1,0.306
172.10,1,0.345
172.11,1,0.425
172.12,1,0.476
172.13,1,0.525
172.14,1,0.642
172.15,1,0.634
172.16,1,0.435
172.17,1,0.240
172.18,1,0.149
172.19,1,0.076
172.20,1,0.066
172.21,1,0.065
172.22,1,0.063
172.23,1,0.068
172.24,1,0.075
172.25,1,0.079
172.26,1,0.075
172.27,1,0.072
172.28,1,0.064
172.29,1,0.061
172.30,1,0.062
172.31,1,0.064
172.32,1,0.070
172.33,1,0.071
172.34,1,0.066
172.35,1,0.062
172.36,1,0.063
172.37,1,0.057
172.38,1,0.058
172.39,1,0.067
172.40,1,0.080
172.41,1,0.091
172.42,1,0.110
172.43,1,0.128
172.44,1,0.140
172.45,1,0.128
172.46,1,0.099
172.47,1,0.071
172.48,1,0.063
172.49,1,0.063
172.50,1,0.066
172.51,1,0.069
172.52,1,0.074
172.53,1,0.083
172.54,1,0.094
172.55,1,0.111
172.56,1,0.147
172.57,1,0.241
172.58,1,0.341
172.59,1,0.690
172.60,1,0.526
172.61,1,0.168
172.62,1,0.079
172.63,1,0.083
172.64,1,0.084
172.65,1,0.049
172.66,1,0.041
172.67,1,0.046
172.68,1,0.053
172.69,1,0.058
172.70,1,0.071
172.71,1,0.081
172.72,1,0.091
172.73,1,0.099
172.74,1,0.102
172.75,1,0.091
172.76,1,0.093
172.77,1,0.092
172.78,1,0.093
172.79,1,0.098
172.80,1,0.103
172.81,1,0.099
172.82,1,0.093
172.83,1,0.090
172.84,1,0.091
172.85,1,0.094
172.86,1,0.089
172.87,1,0.095
172.88,1,0.092
172.89,1,0.087
172.90,1,0.086
172.91,1,0.090
172.92,1,0.088
172.93,1,0.095
172.94,1,0.101
172.95,1,0.098
172.96,1,0.102
172.97,1,0.106
172.98,1,0.099
172.99,1,0.106
173.00,1,0.124
173.01,1,0.148
173.02,1,0.203
173.03,1,0.424
173.04,1,0.641
173.05,1,0.785
173.06,1,0.822
173.07,1,0.720
173.08,1,0.762
173.09,0,
173.10,0,
173.11,0,
173.12,0,
173.13,0,
173.14,0,
173.15,0,
173.16,0,
173.17,0,
173.18,0,
173.19,0,
173.20,0,
173.21,0,
173.22,0,
173.23,0,
173.24,0,
173.25,0,
173.26,0,
173.27,0,
173.28,0,
173.29,0,
173.30,0,
173.31,0,
173.32,0,
173.33,0,
173.34,0,
173.35,0,
173.36,0,
173.37,0,
173.38,0,
173.39,0,
173.40,0,
173.41,0,
173.42,0,
173.43,0,
173.44,0,
173.45,0,
173.46,0,
173.47,0,
173.48,0,
173.49,0,
173.50,1,0.144
173.51,1,0.158
173.52,1,0.181
173.53,1,0.153
173.54,1,0.075
173.55,1,0.043
173.56,1,0.054
173.57,1,0.059
173.58,1,0.055
173.59,1,0.057
173.60,1,0.058
173.61,1,0.058
173.62,1,0.060
173.63,1,0.066
173.64,1,0.071
173.65,1,0.082
173.66,1,0.088
173.67,1,0.088
173.68,1,0.093
173.69,1,0.097
173.70,1,0.098
173.71,1,0.098
173.72,1,0.098
173.73,1,0.095
173.74,1,0.115
173.75,1,0.153
173.76,1,0.229
173.77,1,0.285
173.78,1,0.371
173.79,1,0.508
173.80,1,0.490
173.81,1,0.291
173.82,1,0.229
173.83,1,0.201
173.84,1,0.175
173.85,1,0.174
173.86,1,0.162
173.87,1,0.126
173.88,1,0.155
173.89,1,0.180
173.90,1,0.179
173.91,1,0.206
173.92,1,0.234
173.93,1,0.246
173.94,1,0.264
173.95,1,0.285
173.96,1,0.275
173.97,1,0.253
173.98,1,0.224
173.99,1,0.184
174.00,1,0.147
174.01,1,0.123
174.02,1,0.107
174.03,1,0.092
174.04,1,0.097
174.05,1,0.109
174.06,1,0.125
174.07,1,0.155
174.08,1,0.185
174.09,1,0.209
174.10,1,0.224
174.11,1,0.239
174.12,1,0.254
174.13,1,0.276
174.14,1,0.268
174.15,1,0.209
174.16,1,0.173
174.17,1,0.152
174.18,1,0.108
174.19,1,0.087
174.20,1,0.091
174.21,1,0.138
174.22,1,0.201
174.23,1,0.262
174.24,1,0.329
174.25,1,0.378
174.26,1,0.346
174.27,1,0.291
174.28,1,0.256
174.29,1,0.255
174.30,1,0.219
174.31,1,0.209
174.32,1,0.184
174.33,1,0.173
174.34,1,0.154
174.35,1,0.149
174.36,1,0.154
174.37,1,0.157
174.38,1,0.172
174.39,1,0.218
174.40,1,0.326
174.41,1,0.453
174.42,1,0.661
174.43,1,0.739
174.44,1,0.920
174.45,1,0.551
174.46,1,0.283
174.47,1,0.178
174.48,1,0.125
174.49,1,0.125
174.50,1,0.147
174.51,1,0.155
174.52,1,0.160
174.53,1,0.149
174.54,1,0.131
174.55,1,0.119
174.56,1,0.117
174.57,1,0.135
174.58,1,0.182
174.59,1,0.241
174.60,1,0.390
174.61,1,0.340
174.62,1,0.157
174.63,1,0.095
174.64,1,0.070
174.65,1,0.067
174.66,1,0.067
174.67,1,0.074
174.68,1,0.080
174.69,1,0.091
174.70,1,0.112
174.71,1,0.123
174.72,1,0.122
174.73,1,0.114
174.74,1,0.109
174.75,1,0.093
174.76,1,0.089
174.77,1,0.095
174.78,1,0.103
174.79,1,0.108
174.80,1,0.115
174.81,1,0.113
174.82,1,0.111
174.83,1,0.118
174.84,1,0.125
174.85,1,0.141
174.86,1,0.201
174.87,1,0.359
174.88,1,0.514
174.89,1,0.574
174.90,1,0.609
174.91,1,0.483
174.92,1,0.270
174.93,1,0.082
174.94,1,0.131
174.95,1,0.163
174.96,1,0.155
174.97,1,0.176
174.98,1,0.229
174.99,1,0.243
175.00,1,0.263
175.01,1,0.273
175.02,1,0.264
175.03,1,0.234
175.04,1,0.210
175.05,1,0.197
175.06,1,0.204
175.07,1,0.198
175.08,1,0.209
175.09,1,0.235
175.10,1,0.247
175.11,1,0.254
175.12,1,0.266
175.13,1,0.229
175.14,1,0.184
175.15,1,0.171
175.16,1,0.137
175.17,1,0.140
175.18,1,0.133
175.19,1,0.123
175.20,1,0.124
175.21,1,0.137
175.22,1,0.147
175.23,1,0.152
175.24,1,0.146
175.25,1,0.092
175.26,1,0.087
175.27,1,0.109
175.28,1,0.117
175.29,1,0.137
175.30,1,0.157
175.31,1,0.176
175.32,1,0.175
175.33,1,0.183
175.34,1,0.176
175.35,1,0.178
175.36,1,0.193
175.37,1,0.193
175.38,1,0.178
175.39,1,0.165
175.40,1,0.160
175.41,1,0.174
175.42,1,0.211
175.43,1,0.268
175.44,1,0.334
175.45,1,0.374
175.46,1,0.401
175.47,1,0.430
175.48,1,0.426
175.49,1,0.519
175.50,1,0.778
175.51,1,1.189
175.52,1,1.044
175.53,1,0.853
175.54,1,0.765
175.55,1,0.715
175.56,1,0.735
175.57,1,0.924
175.58,0,
175.59,0,
175.60,0,
175.61,0,
175.62,0,
175.63,0,
175.64,0,
175.65,0,
175.66,0,
175.67,0,
175.68,0,
175.69,0,
175.70,0,
175.71,0,
175.72,0,
175.73,0,
175.74,0,
175.75,0,
175.76,0,
175.77,0,
175.78,0,
175.79,0,
175.80,0,
175.81,0,
175.82,0,
175.83,0,
175.84,0,
175.85,0,
175.86,0,
175.87,0,
175.88,0,
175.89,0,
175.90,1,0.192
175.91,1,0.115
175.92,1,0.078
175.93,1,0.057
175.94,1,0.062
175.95,1,0.072
175.96,1,0.090
175.97,1,0.100
175.98,1,0.115
175.99,1,0.128
176.00,1,0.138
176.01,1,0.129
176.02,1,0.069
176.03,1,0.061
176.04,1,0.072
176.05,1,0.079
176.06,1,0.078
176.07,1,0.090
176.08,1,0.094
176.09,1,0.094
176.10,1,0.099
176.11,1,0.118
176.12,1,0.132
176.13,1,0.142
176.14,1,0.155
176.15,1,0.155
176.16,1,0.146
176.17,1,0.139
176.18,1,0.128
176.19,1,0.112
176.20,1,0.097
176.21,1,0.094
176.22,1,0.090
176.23,1,0.085
176.24,1,0.090
176.25,1,0.103
176.26,1,0.108
176.27,1,0.110
176.28,1,0.118
176.29,1,0.124
176.30,1,0.132
176.31,1,0.164
176.32,1,0.199
176.33,1,0.141
176.34,1,0.104
176.35,1,0.087
176.36,1,0.094
176.37,1,0.095
176.38,1,0.092
176.39,1,0.102
176.40,1,0.101
176.41,1,0.112
176.42,1,0.118
176.43,1,0.127
176.44,1,0.136
176.45,1,0.143
176.46,1,0.143
176.47,1,0.151
176.48,1,0.144
176.49,1,0.140
176.50,1,0.128
176.51,1,0.109
176.52,1,0.108
176.53,1,0.114
176.54,1,0.131
176.55,1,0.148
176.56,1,0.180
176.57,1,0.209
176.58,1,0.234
176.59,1,0.301
176.60,1,0.397
176.61,1,0.349
176.62,1,0.349
176.63,1,0.379
176.64,1,0.318
176.65,1,0.218
176.66,1,0.130
176.67,1,0.088
176.68,1,0.077
176.69,1,0.073
176.70,1,0.073
176.71,1,0.080
176.72,1,0.100
176.73,1,0.123
176.74,1,0.137
176.75,1,0.144
176.76,1,0.138
176.77,1,0.130
176.78,1,0.117
176.79,1,0.104
176.80,1,0.103
176.81,1,0.105
176.82,1,0.111
176.83,1,0.117
176.84,1,0.128
176.85,1,0.124
176.86,1,0.126
176.87,1,0.132
176.88,1,0.140
176.89,1,0.151
176.90,1,0.172
176.91,1,0.196
176.92,1,0.212
176.93,1,0.243
176.94,1,0.311
176.95,1,0.311
176.96,1,0.292
176.97,1,0.227
176.98,1,0.112
176.99,1,0.092
177.00,1,0.097
177.01,1,0.097
177.02,1,0.108
177.03,1,0.127
177.04,1,0.153
177.05,1,0.165
177.06,1,0.191
177.07,1,0.223
177.08,1,0.313
177.09,1,0.285
177.10,1,0.177
177.11,1,0.126
177.12,1,0.095
177.13,1,0.079
177.14,1,0.072
177.15,1,0.074
177.16,1,0.086
177.17,1,0.102
177.18,1,0.115
177.19,1,0.119
177.20,1,0.118
177.21,1,0.113
177.22,1,0.104
177.23,1,0.096
177.24,1,0.092
177.25,1,0.088
177.26,1,0.083
177.27,1,0.084
177.28,1,0.093
177.29,1,0.102
177.30,1,0.108
177.31,1,0.110
177.32,1,0.115
177.33,1,0.124
177.34,1,0.127
177.35,1,0.130
177.36,1,0.139
177.37,1,0.142
177.38,1,0.140
177.39,1,0.144
177.40,1,0.149
177.41,1,0.145
177.42,1,0.148
177.43,1,0.157
177.44,1,0.158
177.45,1,0.165
177.46,1,0.183
177.47,1,0.186
177.48,1,0.233
177.49,1,0.320
177.50,1,0.540
177.51,1,0.647
177.52,1,0.749
177.53,1,0.912
177.54,1,1.001
177.55,1,1.072
177.56,1,1.110
177.57,0,
177.58,0,
177.59,0,
177.60,1,0.759
177.61,1,0.738
177.62,1,0.753
177.63,1,0.730
177.64,1,0.704
177.65,1,0.674
177.66,1,0.590
177.67,1,0.587
177.68,1,0.510
177.69,1,0.362
177.70,1,0.204
177.71,1,0.097
177.72,1,0.094
177.73,1,0.117
177.74,1,0.122
177.75,1,0.142
177.76,1,0.172
177.77,1,0.196
177.78,1,0.226
177.79,1,0.347
177.80,1,0.734
177.81,1,0.911
177.82,1,0.968
177.83,1,0.878
177.84,1,0.695
177.85,1,0.609
177.86,1,0.465
177.87,1,0.347
177.88,1,0.091
177.89,1,0.069
177.90,1,0.072
177.91,1,0.083
177.92,1,0.088
177.93,1,0.104
177.94,1,0.113
177.95,1,0.125
177.96,1,0.127
177.97,1,0.136
177.98,1,0.146
177.99,1,0.162
178.00,1,0.180
178.01,1,0.198
178.02,1,0.210
178.03,1,0.213
178.04,1,0.209
178.05,1,0.200
178.06,1,0.186
178.07,1,0.178
178.08,1,0.182
178.09,1,0.193
178.10,1,0.197
178.11,1,0.231
178.12,1,0.314
178.13,1,0.322
178.14,1,0.336
178.15,1,0.341
178.16,1,0.347
178.17,1,0.239
178.18,1,0.161
178.19,1,0.136
178.20,1,0.116
178.21,1,0.120
178.22,1,0.132
178.23,1,0.131
178.24,1,0.148
178.25,1,0.174
178.26,1,0.184
178.27,1,0.230
178.28,1,0.331
178.29,1,0.501
178.30,1,0.540
178.31,1,0.495
178.32,1,0.411
178.33,1,0.155
178.34,1,0.112
178.35,1,0.118
178.36,1,0.113
178.37,1,0.106
178.38,1,0.141
178.39,1,0.165
178.40,1,0.170
178.41,1,0.181
178.42,1,0.187
178.43,1,0.169
178.44,1,0.157
178.45,1,0.149
178.46,1,0.151
178.47,1,0.156
178.48,1,0.169
178.49,1,0.170
178.50,1,0.165
178.51,1,0.162
178.52,1,0.158
178.53,1,0.146
178.54,1,0.148
178.55,1,0.144
178.56,1,0.149
178.57,1,0.151
178.58,1,0.160
178.59,1,0.173
178.60,1,0.185
178.61,1,0.185
178.62,1,0.188
178.63,1,0.173
178.64,1,0.164
178.65,1,0.142
178.66,1,0.133
178.67,1,0.141
178.68,1,0.139
178.69,1,0.144
178.70,1,0.160
178.71,1,0.170
178.72,1,0.185
178.73,1,0.225
178.74,1,0.314
178.75,1,0.465
178.76,1,0.781
178.77,1,1.120
178.78,1,1.118
178.79,1,1.064
178.80,1,0.555
178.81,1,0.223
178.82,1,0.130
178.83,1,0.107
178.84,1,0.099
178.85,1,0.093
178.86,1,0.093
178.87,1,0.099
178.88,1,0.115
178.89,1,0.153
178.90,1,0.190
178.91,1,0.237
178.92,1,0.276
178.93,1,0.310
178.94,1,0.319
178.95,1,0.303
178.96,1,0.266
178.97,1,0.225
178.98,1,0.186
178.99,1,0.162
179.00,1,0.174
179.01,1,0.215
179.02,1,0.250
179.03,1,0.298
179.04,1,0.392
179.05,1,0.691
179.06,1,0.747
179.07,1,0.720
179.08,1,0.683
179.09,1,0.684
179.10,1,0.692
179.11,1,0.686
179.12,1,0.308
179.13,1,0.139
179.14,1,0.094
179.15,1,0.083
179.16,1,0.086
179.17,1,0.087
179.18,1,0.096
179.19,1,0.111
179.20,1,0.126
179.21,1,0.133
179.22,1,0.134
179.23,1,0.140
179.24,1,0.138
179.25,1,0.129
179.26,1,0.128
179.27,1,0.135
179.28,1,0.124
179.29,1,0.114
179.30,1,0.110
179.31,1,0.098
179.32,1,0.100
179.33,1,0.114
179.34,1,0.125
179.35,1,0.129
179.36,1,0.127
179.37,1,0.116
179.38,1,0.115
179.39,1,0.118
179.40,1,0.130
179.41,1,0.141
179.42,1,0.153
179.43,1,0.163
179.44,1,0.195
179.45,1,0.223
179.46,1,0.342
179.47,1,0.465
179.48,1,0.539
179.49,1,0.766
179.50,1,0.880
179.51,1,0.910
179.52,1,0.919
179.53,1,0.911
179.54,1,0.729
179.55,1,0.660
179.56,1,0.623
179.57,1,0.467
179.58,1,0.175
179.59,1,0.123
179.60,1,0.093
179.61,1,0.084
179.62,1,0.087
179.63,1,0.096
179.64,1,0.106
179.65,1,0.123
179.66,1,0.145
179.67,1,0.158
179.68,1,0.177
179.69,1,0.197
179.70,1,0.229
179.71,1,0.380
179.72,1,0.551
179.73,1,0.669
179.74,1,0.449
179.75,1,0.236
179.76,1,0.137
179.77,1,0.119
179.78,1,0.123
179.79,1,0.125
179.80,1,0.123
179.81,1,0.134
179.82,1,0.157
179.83,1,0.165
179.84,1,0.174
179.85,1,0.185
179.86,1,0.182
179.87,1,0.176
179.88,1,0.183
179.89,1,0.188
179.90,1,0.168
179.91,1,0.148
179.92,1,0.125
179.93,1,0.128
179.94,1,0.128
179.95,1,0.140
179.96,1,0.153
179.97,1,0.166
179.98,1,0.188
179.99,1,0.209
180.00,1,0.432
180.01,1,0.449
180.02,1,0.427
180.03,1,0.346
180.04,1,0.234
180.05,1,0.173
180.06,1,0.108
180.07,1,0.089
180.08,1,0.087
180.09,1,0.095
180.10,1,0.122
180.11,1,0.158
180.12,1,0.191
180.13,1,0.221
180.14,1,0.228
180.15,1,0.229
180.16,1,0.235
180.17,1,0.282
180.18,1,0.375
180.19,1,0.545
180.20,1,0.437
180.21,1,0.244
180.22,1,0.147
180.23,1,0.110
180.24,1,0.098
180.25,1,0.097
180.26,1,0.098
180.27,1,0.107
180.28,1,0.115
180.29,1,0.120
180.30,1,0.122
180.31,1,0.124
180.32,1,0.123
180.33,1,0.127
180.34,1,0.127
180.35,1,0.123
180.36,1,0.122
180.37,1,0.121
180.38,1,0.121
180.39,1,0.129
180.40,1,0.129
180.41,1,0.127
180.42,1,0.124
180.43,1,0.122
180.44,1,0.117
180.45,1,0.120
180.46,1,0.126
180.47,1,0.125
180.48,1,0.125
180.49,1,0.118
180.50,1,0.112
180.51,1,0.109
180.52,1,0.115
180.53,1,0.131
180.54,1,0.143
180.55,1,0.161
180.56,1,0.172
180.57,1,0.176
180.58,1,0.183
180.59,1,0.179
180.60,1,0.173
180.61,1,0.172
180.62,1,0.166
180.63,1,0.158
180.64,1,0.155
180.65,1,0.148
180.66,1,0.148
180.67,1,0.157
180.68,1,0.157
180.69,1,0.149
180.70,1,0.145
180.71,1,0.142
180.72,1,0.147
180.73,1,0.181
180.74,1,0.216
180.75,1,0.249
180.76,1,0.274
180.77,1,0.299
180.78,1,0.308
180.79,1,0.316
180.80,1,0.317
180.81,1,0.313
180.82,1,0.291
180.83,1,0.260
180.84,1,0.234
180.85,1,0.214
180.86,1,0.199
180.87,1,0.187
180.88,1,0.176
180.89,1,0.165
180.90,1,0.158
180.91,1,0.162
180.92,1,0.176
180.93,1,0.178
180.94,1,0.166
180.95,1,0.149
180.96,1,0.135
180.97,1,0.134
180.98,1,0.147
180.99,1,0.163
181.00,1,0.178
181.01,1,0.188
181.02,1,0.189
181.03,1,0.190
181.04,1,0.192
181.05,1,0.183
181.06,1,0.173
181.07,1,0.162
181.08,1,0.157
181.09,1,0.157
181.10,1,0.164
181.11,1,0.165
181.12,1,0.172
181.13,1,0.176
181.14,1,0.178
181.15,1,0.173
181.16,1,0.173
181.17,1,0.169
181.18,1,0.163
181.19,1,0.165
181.20,1,0.172
181.21,1,0.188
181.22,1,0.198
181.23,1,0.212
181.24,1,0.220
181.25,1,0.222
181.26,1,0.210
181.27,1,0.191
181.28,1,0.165
181.29,1,0.143
181.30,1,0.138
181.31,1,0.143
181.32,1,0.155
181.33,1,0.160
181.34,1,0.159
181.35,1,0.152
181.36,1,0.142
181.37,1,0.137
181.38,1,0.143
181.39,1,0.155
181.40,1,0.168
181.41,1,0.182
181.42,1,0.184
181.43,1,0.180
181.44,1,0.172
181.45,1,0.165
181.46,1,0.152
181.47,1,0.152
181.48,1,0.154
181.49,1,0.148
181.50,1,0.141
181.51,1,0.143
181.52,1,0.146
181.53,1,0.157
181.54,1,0.174
181.55,1,0.196
181.56,1,0.219
181.57,1,0.235
181.58,1,0.234
181.59,1,0.251
181.60,1,0.258
181.61,1,0.255
181.62,1,0.333
181.63,1,0.579
181.64,1,0.700
181.65,1,0.693
181.66,1,0.651
181.67,1,0.624
181.68,1,0.558
181.69,1,0.502
181.70,1,0.429
181.71,1,0.382
181.72,1,0.356
181.73,1,0.359
181.74,1,0.357
181.75,1,0.363
181.76,1,0.386
181.77,0,
181.78,0,
181.79,0,
181.80,0,
181.81,0,
181.82,0,
181.83,0,
181.84,0,
181.85,0,
181.86,0,
181.87,0,
181.88,0,
181.89,0,
181.90,0,
181.91,0,
181.92,0,
181.93,0,
181.94,0,
181.95,0,
181.96,0,
181.97,0,
181.98,0,
181.99,0,
182.00,0,
182.01,0,
182.02,0,
182.03,0,
182.04,0,
182.05,0,
182.06,0,
182.07,0,
182.08,0,
182.09,0,
182.10,0,
182.11,0,
182.12,0,
182.13,0,
182.14,0,
182.15,0,
182.16,0,
182.17,0,
182.18,0,
182.19,0,
182.20,0,
182.21,0,
182.22,0,
182.23,0,
182.24,0,
182.25,0,
182.26,0,
182.27,0,
182.28,0,
182.29,0,
182.30,0,
182.31,0,
182.32,0,
182.33,0,
182.34,0,
182.35,0,
182.36,0,
182.37,0,
182.38,0,
182.39,0,
182.40,0,
182.41,0,
182.42,0,
182.43,0,
182.44,0,
182.45,0,
182.46,0,
182.47,0,
182.48,0,
182.49,0,
182.50,0,
182.51,0,
182.52,0,
182.53,0,
182.54,0,
182.55,0,
182.56,0,
182.57,0,
182.58,0,
182.59,0,
182.60,0,
182.61,0,
182.62,0,
182.63,0,
182.64,0,
182.65,0,
182.66,0,
182.67,0,
182.68,0,
182.69,0,
182.70,0,
182.71,0,
182.72,0,
182.73,0,
182.74,0,
182.75,0,
182.76,0,
182.77,0,
182.78,0,
182.79,0,
182.80,0,
182.81,0,
182.82,0,
182.83,0,
182.84,0,
182.85,0,
182.86,0,
182.87,0,
182.88,0,
182.89,0,
182.90,0,
182.91,0,
182.92,0,
182.93,0,
182.94,0,
182.95,0,
182.96,0,
182.97,0,
182.98,0,
182.99,0,
183.00,0,
183.01,0,
183.02,0,
183.03,0,
183.04,0,
183.05,0,
183.06,0,
183.07,0,
183.08,0,
183.09,0,
183.10,0,
183.11,1,0.045
183.12,1,0.038
183.13,1,0.036
183.14,1,0.037
183.15,1,0.039
183.16,1,0.042
183.17,1,0.039
183.18,1,0.035
183.19,1,0.031
183.20,1,0.029
183.21,1,0.032
183.22,1,0.038
183.23,1,0.042
183.24,1,0.043
183.25,1,0.040
183.26,1,0.036
183.27,1,0.031
183.28,1,0.033
183.29,1,0.037
183.30,1,0.050
183.31,1,0.063
183.32,1,0.075
183.33,1,0.082
183.34,1,0.082
183.35,1,0.083
183.36,1,0.084
183.37,1,0.085
183.38,1,0.093
183.39,1,0.102
183.40,1,0.103
183.41,1,0.097
183.42,1,0.089
183.43,1,0.075
183.44,1,0.064
183.45,1,0.061
183.46,1,0.057
183.47,1,0.050
183.48,1,0.052
183.49,1,0.051
183.50,1,0.056
183.51,1,0.062
183.52,1,0.068
183.53,1,0.066
183.54,1,0.064
183.55,1,0.068
183.56,1,0.071
183.57,1,0.070
183.58,1,0.070
183.59,1,0.064
183.60,1,0.059
183.61,1,0.060
183.62,1,0.065
183.63,1,0.093
183.64,1,0.103
183.65,1,0.114
183.66,1,0.121
183.67,1,0.116
183.68,1,0.105
183.69,1,0.096
183.70,1,0.084
183.71,1,0.088
183.72,1,0.087
183.73,1,0.109
183.74,1,0.198
183.75,1,0.209
183.76,1,0.104
183.77,1,0.083
183.78,1,0.075
183.79,1,0.072
183.80,1,0.075
183.81,1,0.078
183.82,1,0.073
183.83,1,0.076
183.84,1,0.076
183.85,1,0.070
183.86,1,0.072
183.87,1,0.075
183.88,1,0.076
183.89,1,0.075
183.90,1,0.077
183.91,1,0.075
183.92,1,0.087
183.93,1,0.097
183.94,1,0.104
183.95,1,0.115
183.96,1,0.123
183.97,1,0.125
183.98,1,0.128
183.99,1,0.137
184.00,1,0.139
184.01,1,0.144
184.02,1,0.163
184.03,1,0.207
184.04,1,0.361
184.05,1,0.515
184.06,1,0.529
184.07,1,0.374
184.08,1,0.294
184.09,1,0.147
184.10,1,0.081
184.11,1,0.075
184.12,1,0.072
184.13,1,0.077
184.14,1,0.086
184.15,1,0.102
184.16,1,0.110
184.17,1,0.115
184.18,1,0.112
184.19,1,0.107
184.20,1,0.104
184.21,1,0.083
184.22,1,0.074
184.23,1,0.065
184.24,1,0.069
184.25,1,0.076
184.26,1,0.076
184.27,1,0.076
184.28,1,0.072
184.29,1,0.057
184.30,1,0.054
184.31,1,0.053
184.32,1,0.053
184.33,1,0.057
184.34,1,0.062
184.35,1,0.070
184.36,1,0.076
184.37,1,0.078
184.38,1,0.077
184.39,1,0.073
184.40,1,0.067
184.41,1,0.069
184.42,1,0.081
184.43,1,0.098
184.44,1,0.115
184.45,1,0.130
184.46,1,0.138
184.47,1,0.134
184.48,1,0.124
184.49,1,0.120
184.50,1,0.115
184.51,1,0.115
184.52,1,0.116
184.53,1,0.109
184.54,1,0.100
184.55,1,0.089
184.56,1,0.082
184.57,1,0.081
184.58,1,0.092
184.59,1,0.091
184.60,1,0.101
184.61,1,0.094
184.62,1,0.089
184.63,1,0.077
184.64,1,0.070
184.65,1,0.061
184.66,1,0.054
184.67,1,0.046
184.68,1,0.049
184.69,1,0.050
184.70,1,0.042
184.71,1,0.037
184.72,1,0.037
184.73,1,0.035
184.74,1,0.034
184.75,1,0.039
184.76,1,0.044
184.77,1,0.048
184.78,1,0.053
184.79,1,0.059
184.80,1,0.063
184.81,1,0.068
184.82,1,0.073
184.83,1,0.081
184.84,1,0.092
184.85,1,0.109
184.86,1,0.129
184.87,1,0.138
184.88,1,0.141
184.89,1,0.143
184.90,1,0.141
184.91,1,0.146
184.92,1,0.169
184.93,1,0.212
184.94,1,0.353
184.95,1,0.641
184.96,1,0.617
184.97,1,0.631
184.98,1,0.640
184.99,1,0.490
185.00,1,0.187
185.01,1,0.161
185.02,1,0.078
185.03,1,0.054
185.04,1,0.049
185.05,1,0.050
185.06,1,0.048
185.07,1,0.053
185.08,1,0.064
185.09,1,0.075
185.10,1,0.085
185.11,1,0.096
185.12,1,0.109
185.13,1,0.120
185.14,1,0.134
185.15,1,0.190
185.16,1,0.112
185.17,1,0.080
185.18,1,0.084
185.19,1,0.088
185.20,1,0.087
185.21,1,0.101
185.22,1,0.110
185.23,1,0.119
185.24,1,0.133
185.25,1,0.140
185.26,1,0.153
185.27,1,0.157
185.28,1,0.154
185.29,1,0.160
185.30,1,0.180
185.31,1,0.173
185.32,1,0.162
185.33,1,0.145
185.34,1,0.121
185.35,1,0.092
185.36,1,0.086
185.37,1,0.083
185.38,1,0.079
185.39,1,0.080
185.40,1,0.084
185.41,1,0.087
185.42,1,0.090
185.43,1,0.090
185.44,1,0.088
185.45,1,0.082
185.46,1,0.079
185.47,1,0.079
185.48,1,0.081
185.49,1,0.085
185.50,1,0.092
185.51,1,0.099
185.52,1,0.113
185.53,1,0.123
185.54,1,0.131
185.55,1,0.139
185.56,1,0.141
185.57,1,0.137
185.58,1,0.130
185.59,1,0.123
185.60,1,0.112
185.61,1,0.112
185.62,1,0.116
185.63,1,0.126
185.64,1,0.145
185.65,1,0.172
185.66,1,0.194
185.67,1,0.224
185.68,1,0.292
185.69,1,0.342
185.70,1,0.343
185.71,1,0.343
185.72,1,0.289
185.73,1,0.230
185.74,1,0.200
185.75,1,0.134
185.76,1,0.120
185.77,1,0.125
185.78,1,0.147
185.79,1,0.170
185.80,1,0.180
185.81,1,0.203
185.82,1,0.220
185.83,1,0.195
185.84,1,0.256
185.85,1,0.352
185.86,1,0.384
185.87,1,0.437
185.88,1,0.470
185.89,1,0.443
185.90,1,0.354
185.91,1,0.317
185.92,1,0.335
185.93,1,0.334
185.94,1,0.300
185.95,1,0.289
185.96,1,0.291
185.97,1,0.301
185.98,1,0.347
185.99,1,0.401
186.00,1,0.433
186.01,1,0.522
186.02,1,0.587
186.03,1,0.665
186.04,1,0.811
186.05,1,0.953
186.06,1,1.069
186.07,1,1.358
186.08,1,0.746
186.09,1,0.392
186.10,1,0.265
186.11,1,0.236
186.12,1,0.207
186.13,1,0.219
186.14,1,0.242
186.15,1,0.298
186.16,1,0.348
186.17,1,0.408
186.18,1,0.442
186.19,1,0.448
186.20,1,0.405
186.21,1,0.401
186.22,1,0.342
186.23,1,0.298
186.24,1,0.270
186.25,1,0.187
186.26,1,0.150
186.27,1,0.151
186.28,1,0.161
186.29,1,0.261
186.30,1,0.342
186.31,1,0.414
186.32,1,0.401
186.33,1,0.402
186.34,1,0.327
186.35,1,0.327
186.36,1,0.256
186.37,1,0.224
186.38,1,0.207
186.39,1,0.203
186.40,1,0.219
186.41,1,0.269
186.42,1,0.280
186.43,1,0.326
186.44,1,0.373
186.45,1,0.386
186.46,1,0.362
186.47,1,0.364
186.48,1,0.409
186.49,1,0.414
186.50,1,0.488
186.51,1,0.658
186.52,1,1.410
186.53,1,0.619
186.54,1,0.239
186.55,1,0.186
186.56,1,0.154
186.57,1,0.151
186.58,1,0.165
186.59,1,0.184
186.60,1,0.223
186.61,1,0.271
186.62,1,0.312
186.63,1,0.324
186.64,1,0.315
186.65,1,0.304
186.66,1,0.295
186.67,1,0.314
186.68,1,0.349
186.69,1,0.386
186.70,1,0.379
186.71,1,0.400
186.72,1,0.387
186.73,1,0.355
186.74,1,0.355
186.75,1,0.350
186.76,1,0.319
186.77,1,0.347
186.78,1,0.366
186.79,1,0.392
186.80,1,0.404
186.81,1,0.490
186.82,1,0.526
186.83,1,0.702
186.84,1,0.773
186.85,1,0.415
186.86,1,0.310
186.87,1,0.228
186.88,1,0.222
186.89,1,0.233
186.90,1,0.253
186.91,1,0.271
186.92,1,0.297
186.93,1,0.309
186.94,1,0.310
186.95,1,0.313
186.96,1,0.305
186.97,1,0.282
186.98,1,0.277
186.99,1,0.259
187.00,1,0.232
187.01,1,0.250
187.02,1,0.269
187.03,1,0.254
187.04,1,0.265
187.05,1,0.281
187.06,1,0.240
187.07,1,0.262
187.08,1,0.275
187.09,1,0.287
187.10,1,0.289
187.11,1,0.381
187.12,1,0.367
187.13,1,0.339
187.14,1,0.344
187.15,1,0.357
187.16,1,0.340
187.17,1,0.320
187.18,1,0.323
187.19,1,0.332
187.20,1,0.286
187.21,1,0.262
187.22,1,0.264
187.23,1,0.251
187.24,1,0.259
187.25,1,0.306
187.26,1,0.344
187.27,1,0.390
187.28,1,0.420
187.29,1,0.405
187.30,1,0.341
187.31,1,0.323
187.32,1,0.328
187.33,1,0.321
187.34,1,0.366
187.35,1,0.457
187.36,1,0.507
187.37,1,0.491
187.38,1,0.505
187.39,1,0.522
187.40,1,0.470
187.41,1,0.578
187.42,1,0.669
187.43,1,0.896
187.44,1,1.081
187.45,1,1.164
187.46,1,1.015
187.47,1,0.665
187.48,1,0.357
187.49,1,0.254
187.50,1,0.220
187.51,1,0.256
187.52,1,0.319
187.53,1,0.393
187.54,1,0.447
187.55,1,0.518
187.56,1,0.482
187.57,1,0.456
187.58,1,0.369
187.59,1,0.348
187.60,1,0.369
187.61,1,0.386
187.62,1,0.422
187.63,1,0.497
187.64,1,0.404
187.65,1,0.307
187.66,1,0.286
187.67,1,0.268
187.68,1,0.228
187.69,1,0.243
187.70,1,0.256
187.71,1,0.264
187.72,1,0.280
187.73,1,0.325
187.74,1,0.324
187.75,1,0.324
187.76,1,0.319
187.77,1,0.323
187.78,1,0.300
187.79,1,0.298
187.80,1,0.285
187.81,1,0.267
187.82,1,0.253
187.83,1,0.263
187.84,1,0.254
187.85,1,0.251
187.86,1,0.260
187.87,1,0.247
187.88,1,0.266
187.89,1,0.281
187.90,1,0.278
187.91,1,0.280
187.92,1,0.314
187.93,1,0.301
187.94,1,0.322
187.95,1,0.354
187.96,1,0.359
187.97,1,0.342
187.98,1,0.339
187.99,1,0.337
188.00,1,0.348
188.01,1,0.385
188.02,1,0.394
188.03,1,0.373
188.04,1,0.355
188.05,1,0.317
188.06,1,0.290
188.07,1,0.291
188.08,1,0.309
188.09,1,0.325
188.10,1,0.349
188.11,1,0.350
188.12,1,0.547
188.13,1,0.912
188.14,1,1.276
188.15,1,1.569
188.16,1,1.170
188.17,1,0.776
188.18,1,0.636
188.19,1,0.647
188.20,1,0.733
188.21,1,0.723
188.22,1,0.234
188.23,1,0.116
188.24,1,0.107
188.25,1,0.129
188.26,1,0.131
188.27,1,0.146
188.28,1,0.146
188.29,1,0.155
188.30,1,0.170
188.31,1,0.187
188.32,1,0.247
188.33,1,0.286
188.34,1,0.283
188.35,1,0.260
188.36,1,0.234
188.37,1,0.211
188.38,1,0.193
188.39,1,0.221
188.40,1,0.232
188.41,1,0.247
188.42,1,0.249
188.43,1,0.237
188.44,1,0.218
188.45,1,0.238
188.46,1,0.259
188.47,1,0.297
188.48,1,0.336
188.49,1,0.351
188.50,1,0.374
188.51,1,0.387
188.52,1,0.380
188.53,1,0.376
188.54,1,0.351
188.55,1,0.259
188.56,1,0.225
188.57,1,0.191
188.58,1,0.176
188.59,1,0.172
188.60,1,0.177
188.61,1,0.190
188.62,1,0.190
188.63,1,0.202
188.64,1,0.217
188.65,1,0.227
188.66,1,0.238
188.67,1,0.283
188.68,1,0.299
188.69,1,0.288
188.70,1,0.259
188.71,1,0.203
188.72,1,0.175
188.73,1,0.168
188.74,1,0.171
188.75,1,0.192
188.76,1,0.228
188.77,1,0.301
188.78,1,0.409
188.79,1,0.462
188.80,1,0.540
188.81,1,0.543
188.82,1,0.457
188.83,1,0.420
188.84,1,0.339
188.85,1,0.274
188.86,1,0.244
188.87,1,0.236
188.88,1,0.233
188.89,1,0.253
188.90,1,0.266
188.91,1,0.274
188.92,1,0.238
188.93,1,0.208
188.94,1,0.189
188.95,1,0.178
188.96,1,0.180
188.97,1,0.189
188.98,1,0.228
188.99,1,0.244
189.00,1,0.262
189.01,1,0.252
189.02,1,0.214
189.03,1,0.182
189.04,1,0.181
189.05,1,0.174
189.06,1,0.193
189.07,1,0.197
189.08,1,0.197
189.09,1,0.199
189.10,1,0.219
189.11,1,0.204
189.12,1,0.220
189.13,1,0.236
189.14,1,0.227
189.15,1,0.237
189.16,1,0.240
189.17,1,0.234
189.18,1,0.243
189.19,1,0.258
189.20,1,0.239
189.21,1,0.225
189.22,1,0.224
189.23,1,0.220
189.24,1,0.217
189.25,1,0.235
189.26,1,0.248
189.27,1,0.255
189.28,1,0.287
189.29,1,0.323
189.30,1,0.350
189.31,1,0.374
189.32,1,0.392
189.33,1,0.409
189.34,1,0.450
189.35,1,0.608
189.36,1,0.852
189.37,1,0.956
189.38,1,0.954
189.39,1,0.985
189.40,1,0.986
189.41,1,0.925
189.42,1,0.897
189.43,1,0.897
189.44,1,0.817
189.45,1,0.749
189.46,1,0.690
189.47,1,0.647
189.48,1,0.604
189.49,1,0.701
189.50,1,0.812
189.51,1,0.821
189.52,1,0.746
189.53,1,0.663
189.54,1,0.573
189.55,1,0.442
189.56,1,0.437
189.57,1,0.579
189.58,1,0.774
189.59,1,0.597
189.60,1,0.282
189.61,1,0.186
189.62,1,0.119
189.63,1,0.101
189.64,1,0.113
189.65,1,0.150
189.66,1,0.157
189.67,1,0.179
189.68,1,0.211
189.69,1,0.210
189.70,1,0.217
189.71,1,0.234
189.72,1,0.245
189.73,1,0.261
189.74,1,0.268
189.75,1,0.263
189.76,1,0.261
189.77,1,0.252
189.78,1,0.229
189.79,1,0.214
189.80,1,0.215
189.81,1,0.213
189.82,1,0.216
189.83,1,0.231
189.84,1,0.250
189.85,1,0.229
189.86,1,0.230
189.87,1,0.246
189.88,1,0.237
189.89,1,0.264
189.90,1,0.305
189.91,1,0.363
189.92,1,0.388
189.93,1,0.283
189.94,1,0.233
189.95,1,0.203
189.96,1,0.161
189.97,1,0.153
189.98,1,0.152
189.99,1,0.153
190.00,1,0.175
190.01,1,0.218
190.02,1,0.230
190.03,1,0.211
190.04,1,0.196
190.05,1,0.180
190.06,1,0.183
190.07,1,0.238
190.08,1,0.307
190.09,1,0.381
190.10,1,0.449
190.11,1,0.447
190.12,1,0.323
190.13,1,0.252
190.14,1,0.223
190.15,1,0.185
190.16,1,0.151
190.17,1,0.139
190.18,1,0.146
190.19,1,0.152
190.20,1,0.168
190.21,1,0.177
190.22,1,0.186
190.23,1,0.202
190.24,1,0.191
190.25,1,0.196
190.26,1,0.199
190.27,1,0.207
190.28,1,0.207
190.29,1,0.217
190.30,1,0.223
190.31,1,0.235
190.32,1,0.222
190.33,1,0.248
190.34,1,0.274
190.35,1,0.297
190.36,1,0.299
190.37,1,0.305
190.38,1,0.280
190.39,1,0.239
190.40,1,0.215
190.41,1,0.217
190.42,1,0.206
190.43,1,0.221
190.44,1,0.249
190.45,1,0.236
190.46,1,0.236
190.47,1,0.240
190.48,1,0.258
190.49,1,0.256
190.50,1,0.278
190.51,1,0.262
190.52,1,0.266
190.53,1,0.255
190.54,1,0.210
190.55,1,0.184
190.56,1,0.174
190.57,1,0.157
190.58,1,0.139
190.59,1,0.132
190.60,1,0.142
190.61,1,0.153
190.62,1,0.176
190.63,1,0.223
190.64,1,0.241
190.65,1,0.234
190.66,1,0.272
190.67,1,0.303
190.68,1,0.319
190.69,1,0.324
190.70,1,0.329
190.71,1,0.307
190.72,1,0.280
190.73,1,0.268
190.74,1,0.263
190.75,1,0.257
190.76,1,0.258
190.77,1,0.241
190.78,1,0.231
190.79,1,0.213
190.80,1,0.206
190.81,1,0.228
190.82,1,0.254
190.83,1,0.264
190.84,1,0.291
190.85,1,0.260
190.86,1,0.231
190.87,1,0.215
190.88,1,0.170
190.89,1,0.147
190.90,1,0.132
190.91,1,0.152
190.92,1,0.152
190.93,1,0.172
190.94,1,0.196
190.95,1,0.195
190.96,1,0.186
190.97,1,0.189
190.98,1,0.179
190.99,1,0.173
191.00,1,0.176
191.01,1,0.184
191.02,1,0.186
191.03,1,0.191
191.04,1,0.192
191.05,1,0.192
191.06,1,0.189
191.07,1,0.191
191.08,1,0.182
191.09,1,0.190
191.10,1,0.202
191.11,1,0.202
191.12,1,0.199
191.13,1,0.211
191.14,1,0.248
191.15,1,0.280
191.16,1,0.315
191.17,1,0.364
191.18,1,0.322
191.19,1,0.250
191.20,1,0.225
191.21,1,0.220
191.22,1,0.225
191.23,1,0.234
191.24,1,0.254
191.25,1,0.253
191.26,1,0.247
191.27,1,0.260
191.28,1,0.274
191.29,1,0.322
191.30,1,0.380
191.31,1,0.386
191.32,1,0.387
191.33,1,0.405
191.34,1,0.396
191.35,1,0.387
191.36,1,0.378
191.37,1,0.349
191.38,1,0.337
191.39,1,0.320
191.40,1,0.269
191.41,1,0.271
191.42,1,0.352
191.43,1,0.387
191.44,1,0.543
191.45,1,0.659
191.46,1,0.405
191.47,1,0.263
191.48,1,0.201
191.49,1,0.190
191.50,1,0.178
191.51,1,0.268
191.52,1,0.263
191.53,1,0.206
191.54,1,0.183
191.55,1,0.167
191.56,1,0.167
191.57,1,0.157
191.58,1,0.188
191.59,1,0.256
191.60,1,0.434
191.61,1,0.560
191.62,1,0.415
191.63,1,0.372
191.64,1,0.355
191.65,1,0.363
191.66,1,0.313
191.67,1,0.306
191.68,1,0.283
191.69,1,0.230
191.70,1,0.202
191.71,1,0.200
191.72,1,0.185
191.73,1,0.198
191.74,1,0.211
191.75,1,0.203
191.76,1,0.210
191.77,1,0.231
191.78,1,0.243
191.79,1,0.245
191.80,1,0.223
191.81,1,0.208
191.82,1,0.181
191.83,1,0.188
191.84,1,0.179
191.85,1,0.186
191.86,1,0.187
191.87,1,0.174
191.88,1,0.182
191.89,1,0.212
191.90,1,0.291
191.91,1,0.481
191.92,1,0.833
191.93,1,1.066
191.94,1,0.698
191.95,1,0.328
191.96,1,0.227
191.97,1,0.220
191.98,1,0.200
191.99,1,0.203
192.00,1,0.214
192.01,1,0.214
192.02,1,0.210
192.03,1,0.224
192.04,1,0.218
192.05,1,0.232
192.06,1,0.371
192.07,1,0.546
192.08,1,0.615
192.09,1,0.747
192.10,1,0.569
192.11,1,0.320
192.12,1,0.260
192.13,1,0.231
192.14,1,0.218
192.15,1,0.230
192.16,1,0.224
192.17,1,0.219
192.18,1,0.221
192.19,1,0.209
192.20,1,0.203
192.21,1,0.213
192.22,1,0.216
192.23,1,0.272
192.24,1,0.300
192.25,1,0.298
192.26,1,0.291
192.27,1,0.266
192.28,1,0.255
192.29,1,0.217
192.30,1,0.245
192.31,1,0.249
192.32,1,0.247
192.33,1,0.253
192.34,1,0.260
192.35,1,0.277
192.36,1,0.265
192.37,1,0.259
192.38,1,0.245
192.39,1,0.219
192.40,1,0.204
192.41,1,0.202
192.42,1,0.195
192.43,1,0.190
192.44,1,0.175
192.45,1,0.160
192.46,1,0.160
192.47,1,0.167
192.48,1,0.192
192.49,1,0.257
192.50,1,0.323
192.51,1,0.379
192.52,1,0.443
192.53,1,0.515
192.54,1,0.888
192.55,1,1.022
192.56,1,0.984
192.57,1,0.547
192.58,1,0.258
192.59,1,0.200
192.60,1,0.180
192.61,1,0.189
192.62,1,0.191
192.63,1,0.224
192.64,1,0.252
192.65,1,0.286
192.66,1,0.267
192.67,1,0.268
192.68,1,0.249
192.69,1,0.238
192.70,1,0.235
192.71,1,0.238
192.72,1,0.232
192.73,1,0.217
192.74,1,0.192
192.75,1,0.191
192.76,1,0.197
192.77,1,0.196
192.78,1,0.206
192.79,1,0.221
192.80,1,0.231
192.81,1,0.239
192.82,1,0.246
192.83,1,0.235
192.84,1,0.217
192.85,1,0.214
192.86,1,0.228
192.87,1,0.251
192.88,1,0.316
192.89,1,0.526
192.90,1,0.754
192.91,1,0.929
192.92,1,1.089
192.93,1,1.232
192.94,1,1.314
192.95,1,1.392
192.96,1,1.279
192.97,1,1.229
192.98,1,1.094
192.99,1,1.357
193.00,1,1.634
193.01,1,1.350
193.02,1,0.658
193.03,1,0.279
193.04,1,0.293
193.05,1,0.350
193.06,1,0.334
193.07,1,0.332
193.08,1,0.343
193.09,1,0.378
193.10,1,0.375
193.11,1,0.402
193.12,1,0.442
193.13,1,0.496
193.14,1,0.456
193.15,1,0.420
193.16,1,0.416
193.17,1,0.423
193.18,1,0.415
193.19,1,0.441
193.20,1,0.423
193.21,1,0.391
193.22,1,0.359
193.23,1,0.335
193.24,1,0.331
193.25,1,0.319
193.26,1,0.324
193.27,1,0.326
193.28,1,0.300
193.29,1,0.278
193.30,1,0.302
193.31,1,0.318
193.32,1,0.354
193.33,1,0.561
193.34,1,0.723
193.35,1,0.695
193.36,1,0.580
193.37,1,0.496
193.38,1,0.393
193.39,1,0.317
193.40,1,0.243
193.41,1,0.252
193.42,1,0.244
193.43,1,0.251
193.44,1,0.269
193.45,1,0.247
193.46,1,0.263
193.47,1,0.305
193.48,1,0.287
193.49,1,0.298
193.50,1,0.323
193.51,1,0.348
193.52,1,0.364
193.53,1,0.405
193.54,1,0.460
193.55,1,0.456
193.56,1,0.450
193.57,1,0.414
193.58,1,0.410
193.59,1,0.433
193.60,1,0.491
193.61,1,0.474
193.62,1,0.422
193.63,1,0.348
193.64,1,0.255
193.65,1,0.204
193.66,1,0.189
193.67,1,0.206
193.68,1,0.210
193.69,1,0.200
193.70,1,0.236
193.71,1,0.270
193.72,1,0.287
193.73,1,0.311
193.74,1,0.341
193.75,1,0.352
193.76,1,0.363
193.77,1,0.411
193.78,1,0.472
193.79,1,0.444
193.80,1,0.390
193.81,1,0.380
193.82,1,0.337
193.83,1,0.321
193.84,1,0.313
193.85,1,0.327
193.86,1,0.338
193.87,1,0.350
193.88,1,0.381
193.89,1,0.434
193.90,1,0.493
193.91,1,0.529
193.92,1,0.561
193.93,1,0.535
193.94,1,0.437
193.95,1,0.396
193.96,1,0.387
193.97,1,0.334
193.98,1,0.322
193.99,1,0.294
194.00,1,0.273
194.01,1,0.285
194.02,1,0.305
194.03,1,0.330
194.04,1,0.363
194.05,1,0.397
194.06,1,0.384
194.07,1,0.397
194.08,1,0.404
194.09,1,0.415
194.10,1,0.420
194.11,1,0.421
194.12,1,0.426
194.13,1,0.436
194.14,1,0.468
194.15,1,0.508
194.16,1,0.526
194.17,1,0.510
194.18,1,0.498
194.19,1,0.440
194.20,1,0.433
194.21,1,0.418
194.22,1,0.394
194.23,1,0.363
194.24,1,0.375
194.25,1,0.332
194.26,1,0.317
194.27,1,0.283
194.28,1,0.277
194.29,1,0.251
194.30,1,0.203
194.31,1,0.218
194.32,1,0.269
194.33,1,0.345
194.34,1,0.415
194.35,1,0.539
194.36,1,0.621
194.37,1,0.623
194.38,1,0.581
194.39,1,0.496
194.40,1,0.402
194.41,1,0.371
194.42,1,0.312
194.43,1,0.302
194.44,1,0.296
194.45,1,0.286
194.46,1,0.309
194.47,1,0.358
194.48,1,0.359
194.49,1,0.360
194.50,1,0.366
194.51,1,0.346
194.52,1,0.346
194.53,1,0.362
194.54,1,0.385
194.55,1,0.380
194.56,1,0.409
194.57,1,0.341
194.58,1,0.302
194.59,1,0.279
194.60,1,0.284
194.61,1,0.290
194.62,1,0.301
194.63,1,0.319
194.64,1,0.324
194.65,1,0.354
194.66,1,0.386
194.67,1,0.391
194.68,1,0.454
194.69,1,0.503
194.70,1,0.523
194.71,1,0.554
194.72,1,0.681
194.73,1,0.732
194.74,1,0.595
194.75,1,0.395
194.76,1,0.389
194.77,1,0.415
194.78,1,0.446
194.79,1,0.413
194.80,1,0.384
194.81,1,0.350
194.82,1,0.318
194.83,1,0.286
194.84,1,0.291
194.85,1,0.423
194.86,1,0.640
194.87,1,0.848
194.88,1,0.783
194.89,1,0.327
194.90,1,0.158
194.91,1,0.171
194.92,1,0.194
194.93,1,0.204
194.94,1,0.220
194.95,1,0.246
194.96,1,0.253
194.97,1,0.273
194.98,1,0.300
194.99,1,0.365
195.00,1,0.535
195.01,1,0.781
195.02,1,0.845
195.03,1,0.737
195.04,1,0.513
195.05,1,0.338
195.06,1,0.331
195.07,1,0.290
195.08,1,0.283
195.09,1,0.276
195.10,1,0.313
195.11,1,0.313
195.12,1,0.320
195.13,1,0.312
195.14,1,0.314
195.15,1,0.324
195.16,1,0.353
195.17,1,0.396
195.18,1,0.417
195.19,1,0.403
195.20,1,0.372
195.21,1,0.297
195.22,1,0.292
195.23,1,0.257
195.24,1,0.243
195.25,1,0.227
195.26,1,0.225
195.27,1,0.198
195.28,1,0.209
195.29,1,0.206
195.30,1,0.239
195.31,1,0.287
195.32,1,0.331
195.33,1,0.341
195.34,1,0.328
195.35,1,0.312
195.36,1,0.301
195.37,1,0.293
195.38,1,0.298
195.39,1,0.302
195.40,1,0.308
195.41,1,0.344
195.42,1,0.384
195.43,1,0.425
195.44,1,0.432
195.45,1,0.403
195.46,1,0.366
195.47,1,0.341
195.48,1,0.317
195.49,1,0.320
195.50,1,0.353
195.51,1,0.400
195.52,1,0.425
195.53,1,0.471
195.54,1,0.541
195.55,1,0.565
195.56,1,0.634
195.57,1,0.645
195.58,1,0.621
195.59,1,0.657
195.60,1,0.680
195.61,1,0.581
195.62,1,0.471
195.63,1,0.409
195.64,1,0.339
195.65,1,0.294
195.66,1,0.259
195.67,1,0.264
195.68,1,0.207
195.69,1,0.227
195.70,1,0.214
195.71,1,0.233
195.72,1,0.366
195.73,1,0.428
195.74,1,0.430
195.75,1,0.468
195.76,1,0.499
195.77,1,0.482
195.78,1,0.453
195.79,1,0.425
195.80,1,0.392
195.81,1,0.330
195.82,1,0.312
195.83,1,0.281
195.84,1,0.276
195.85,1,0.261
195.86,1,0.262
195.87,1,0.250
195.88,1,0.248
195.89,1,0.246
195.90,1,0.256
195.91,1,0.242
195.92,1,0.255
195.93,1,0.243
195.94,1,0.245
195.95,1,0.243
195.96,1,0.248
195.97,1,0.253
195.98,1,0.258
195.99,1,0.279
196.00,1,0.295
196.01,1,0.308
196.02,1,0.325
196.03,1,0.374
196.04,1,0.429
196.05,1,0.482
196.06,1,0.587
196.07,1,0.666
196.08,1,0.641
196.09,1,0.679
196.10,1,0.798
196.11,1,0.534
196.12,1,0.299
196.13,1,0.227
196.14,1,0.185
196.15,1,0.186
196.16,1,0.208
196.17,1,0.268
196.18,1,0.299
196.19,1,0.312
196.20,1,0.333
196.21,1,0.338
196.22,1,0.337
196.23,1,0.378
196.24,1,0.420
196.25,1,0.465
196.26,1,0.451
196.27,1,0.410
196.28,1,0.390
196.29,1,0.325
196.30,1,0.298
196.31,1,0.281
196.32,1,0.270
196.33,1,0.271
196.34,1,0.273
196.35,1,0.278
196.36,1,0.290
196.37,1,0.300
196.38,1,0.317
196.39,1,0.351
196.40,1,0.368
196.41,1,0.376
196.42,1,0.374
196.43,1,0.333
196.44,1,0.269
196.45,1,0.240
196.46,1,0.213
196.47,1,0.229
196.48,1,0.226
196.49,1,0.238
196.50,1,0.254
196.51,1,0.275
196.52,1,0.285
196.53,1,0.298
196.54,1,0.313
196.55,1,0.302
196.56,1,0.272
196.57,1,0.283
196.58,1,0.273
196.59,1,0.244
196.60,1,0.228
196.61,1,0.207
196.62,1,0.202
196.63,1,0.225
196.64,1,0.270
196.65,1,0.351
196.66,1,0.415
196.67,1,0.445
196.68,1,0.471
196.69,1,0.487
196.70,1,0.517
196.71,1,0.561
196.72,1,0.595
196.73,1,0.611
196.74,1,0.547
196.75,1,0.550
196.76,1,0.545
196.77,1,0.533
196.78,1,0.522
196.79,1,0.447
196.80,1,0.398
196.81,1,0.356
196.82,1,0.323
196.83,1,0.302
196.84,1,0.322
196.85,1,0.352
196.86,1,0.393
196.87,1,0.406
196.88,1,0.392
196.89,1,0.362
196.90,1,0.330
196.91,1,0.339
196.92,1,0.342
196.93,1,0.358
196.94,1,0.350
196.95,1,0.354
196.96,1,0.349
196.97,1,0.344
196.98,1,0.335
196.99,1,0.304
197.00,1,0.292
197.01,1,0.281
197.02,1,0.291
197.03,1,0.331
197.04,1,0.376
197.05,1,0.418
197.06,1,0.455
197.07,1,0.468
197.08,1,0.450
197.09,1,0.442
197.10,1,0.416
197.11,1,0.398
197.12,1,0.357
197.13,1,0.374
197.14,1,0.358
197.15,1,0.367
197.16,1,0.413
197.17,1,0.437
197.18,1,0.445
197.19,1,0.450
197.20,1,0.401
197.21,1,0.368
197.22,1,0.352
197.23,1,0.359
197.24,1,0.342
197.25,1,0.322
197.26,1,0.293
197.27,1,0.276
197.28,1,0.253
197.29,1,0.291
197.30,1,0.364
197.31,1,0.477
197.32,1,0.531
197.33,1,0.658
197.34,1,0.565
197.35,1,0.375
197.36,1,0.316
197.37,1,0.284
197.38,1,0.266
197.39,1,0.271
197.40,1,0.315
197.41,1,0.302
197.42,1,0.313
197.43,1,0.317
197.44,1,0.307
197.45,1,0.340
197.46,1,0.380
197.47,1,0.379
197.48,1,0.378
197.49,1,0.368
197.50,1,0.352
197.51,1,0.347
197.52,1,0.398
197.53,1,0.414
197.54,1,0.424
197.55,1,0.421
197.56,1,0.419
197.57,1,0.363
197.58,1,0.370
197.59,1,0.368
197.60,1,0.351
197.61,1,0.353
197.62,1,0.341
197.63,1,0.324
197.64,1,0.310
197.65,1,0.305
197.66,1,0.331
197.67,1,0.347
197.68,1,0.363
197.69,1,0.364
197.70,1,0.359
197.71,1,0.372
197.72,1,0.379
197.73,1,0.387
197.74,1,0.416
197.75,1,0.442
197.76,1,0.451
197.77,1,0.509
197.78,1,0.548
197.79,1,0.493
197.80,1,0.478
197.81,1,0.413
197.82,1,0.385
197.83,1,0.385
197.84,1,0.362
197.85,1,0.288
197.86,1,0.288
197.87,1,0.264
197.88,1,0.243
197.89,1,0.249
197.90,1,0.275
197.91,1,0.297
197.92,1,0.329
197.93,1,0.341
197.94,1,0.375
197.95,1,0.375
197.96,1,0.348
197.97,1,0.309
197.98,1,0.277
197.99,1,0.264
198.00,1,0.281
198.01,1,0.312
198.02,1,0.362
198.03,1,0.387
198.04,1,0.435
198.05,1,0.486
198.06,1,0.536
198.07,1,0.767
198.08,1,1.311
198.09,1,1.347
198.10,1,1.300
198.11,1,0.965
198.12,1,0.378
198.13,1,0.254
198.14,1,0.247
198.15,1,0.218
198.16,1,0.200
198.17,1,0.214
198.18,1,0.215
198.19,1,0.209
198.20,1,0.225
198.21,1,0.222
198.22,1,0.206
198.23,1,0.204
198.24,1,0.222
198.25,1,0.270
198.26,1,0.313
198.27,1,0.332
198.28,1,0.349
198.29,1,0.327
198.30,1,0.295
198.31,1,0.279
198.32,1,0.263
198.33,1,0.267
198.34,1,0.292
198.35,1,0.316
198.36,1,0.353
198.37,1,0.430
198.38,1,0.555
198.39,1,0.624
198.40,1,0.865
198.41,1,0.911
198.42,1,0.882
198.43,1,1.020
198.44,1,1.169
198.45,1,0.718
198.46,1,0.420
198.47,1,0.272
198.48,1,0.215
198.49,1,0.196
198.50,1,0.188
198.51,1,0.208
198.52,1,0.265
198.53,1,0.331
198.54,1,0.395
198.55,1,0.388
198.56,1,0.358
198.57,1,0.292
198.58,1,0.275
198.59,1,0.265
198.60,1,0.249
198.61,1,0.222
198.62,1,0.255
198.63,1,0.332
198.64,1,0.383
198.65,1,0.431
198.66,1,0.472
198.67,1,0.455
198.68,1,0.440
198.69,1,0.451
198.70,1,0.444
198.71,1,0.374
198.72,1,0.695
198.73,1,0.736
198.74,1,0.361
198.75,1,0.218
198.76,1,0.205
198.77,1,0.263
198.78,1,0.225
198.79,1,0.265
198.80,1,0.322
198.81,1,0.346
198.82,1,0.365
198.83,1,0.397
198.84,1,0.384
198.85,1,0.344
198.86,1,0.317
198.87,1,0.325
198.88,1,0.402
198.89,1,0.429
198.90,1,0.442
198.91,1,0.414
198.92,1,0.325
198.93,1,0.301
198.94,1,0.289
198.95,1,0.303
198.96,1,0.308
198.97,1,0.351
198.98,1,0.380
198.99,1,0.389
199.00,1,0.391
199.01,1,0.363
199.02,1,0.357
199.03,1,0.311
199.04,1,0.252
199.05,1,0.248
199.06,1,0.233
199.07,1,0.236
199.08,1,0.267
199.09,1,0.306
199.10,1,0.323
199.11,1,0.335
199.12,1,0.366
199.13,1,0.428
199.14,1,0.474
199.15,1,0.511
199.16,1,0.490
199.17,1,0.438
199.18,1,0.387
199.19,1,0.366
199.20,1,0.348
199.21,1,0.332
199.22,1,0.332
199.23,1,0.326
199.24,1,0.339
199.25,1,0.374
199.26,1,0.456
199.27,1,0.568
199.28,1,0.630
199.29,1,0.614
199.30,1,0.544
199.31,1,0.462
199.32,1,0.357
199.33,1,0.319
199.34,1,0.357
199.35,1,0.393
199.36,1,0.444
199.37,1,0.539
199.38,1,0.541
199.39,1,0.568
199.40,1,0.669
199.41,1,0.838
199.42,1,0.918
199.43,1,0.991
199.44,1,1.020
199.45,1,0.857
199.46,1,0.758
199.47,1,0.776
199.48,1,0.754
199.49,1,0.729
199.50,1,0.831
199.51,1,0.882
199.52,1,0.932
199.53,1,0.973
199.54,1,1.188
199.55,1,1.514
199.56,1,1.715
199.57,1,1.687
199.58,1,1.421
199.59,1,1.171
199.60,1,0.940
199.61,1,0.804
199.62,1,0.669
199.63,0,
199.64,0,
199.65,0,
199.66,0,
199.67,0,
199.68,0,
199.69,1,0.666
199.70,1,0.672
199.71,1,0.744
199.72,1,0.826
199.73,1,1.002
199.74,1,1.075
199.75,1,1.051
199.76,1,1.003
199.77,1,1.027
199.78,1,0.400
199.79,1,0.360
199.80,1,0.337
199.81,1,0.268
199.82,1,0.258
199.83,1,0.195
199.84,1,0.164
199.85,1,0.179
199.86,1,0.230
199.87,1,0.244
199.88,1,0.252
199.89,1,0.285
199.90,1,0.277
199.91,1,0.239
199.92,1,0.249
199.93,1,0.254
199.94,1,0.249
199.95,1,0.248
199.96,1,0.284
199.97,1,0.231
199.98,1,0.258
199.99,1,0.264
200.00,1,0.237
200.01,1,0.224
200.02,1,0.279
200.03,1,0.290
200.04,1,0.299
200.05,1,0.313
200.06,1,0.329
200.07,1,0.314
200.08,1,0.323
200.09,1,0.344
200.10,1,0.344
200.11,1,0.334
200.12,1,0.363
200.13,1,0.397
200.14,1,0.368
200.15,1,0.327
200.16,1,0.263
200.17,1,0.253
200.18,1,0.257
200.19,1,0.278
200.20,1,0.334
200.21,1,0.383
200.22,1,0.409
200.23,1,0.439
200.24,1,0.453
200.25,1,0.445
200.26,1,0.405
200.27,1,0.384
200.28,1,0.338
200.29,1,0.315
200.30,1,0.314
200.31,1,0.330
200.32,1,0.361
200.33,1,0.388
200.34,1,0.412
200.35,1,0.434
200.36,1,0.428
200.37,1,0.417
200.38,1,0.389
200.39,1,0.383
200.40,1,0.361
200.41,1,0.398
200.42,1,0.536
200.43,1,0.697
200.44,1,0.919
200.45,1,0.569
200.46,1,0.434
200.47,1,0.344
200.48,1,0.379
200.49,1,0.348
200.50,1,0.336
200.51,1,0.316
200.52,1,0.298
200.53,1,0.232
200.54,1,0.209
200.55,1,0.212
200.56,1,0.205
200.57,1,0.203
200.58,1,0.195
200.59,1,0.197
200.60,1,0.201
200.61,1,0.217
200.62,1,0.239
200.63,1,0.256
200.64,1,0.256
200.65,1,0.246
200.66,1,0.216
200.67,1,0.195
200.68,1,0.188
200.69,1,0.207
200.70,1,0.205
200.71,1,0.221
200.72,1,0.237
200.73,1,0.216
200.74,1,0.225
200.75,1,0.221
200.76,1,0.241
200.77,1,0.247
200.78,1,0.265
200.79,1,0.285
200.80,1,0.311
200.81,1,0.280
200.82,1,0.281
200.83,1,0.296
200.84,1,0.260
200.85,1,0.228
200.86,1,0.234
200.87,1,0.218
200.88,1,0.232
200.89,1,0.265
200.90,1,0.283
200.91,1,0.286
200.92,1,0.284
200.93,1,0.276
200.94,1,0.276
200.95,1,0.288
200.96,1,0.295
200.97,1,0.319
200.98,1,0.316
200.99,1,0.319
201.00,1,0.329
201.01,1,0.334
201.02,1,0.343
201.03,1,0.354
201.04,1,0.420
201.05,1,0.340
201.06,1,0.258
201.07,1,0.213
201.08,1,0.204
201.09,1,0.180
201.10,1,0.184
201.11,1,0.190
201.12,1,0.203
201.13,1,0.207
201.14,1,0.211
201.15,1,0.222
201.16,1,0.219
201.17,1,0.201
201.18,1,0.208
201.19,1,0.205
201.20,1,0.207
201.21,1,0.240
201.22,1,0.248
201.23,1,0.234
201.24,1,0.257
201.25,1,0.282
201.26,1,0.249
201.27,1,0.266
201.28,1,0.282
201.29,1,0.261
201.30,1,0.262
201.31,1,0.283
201.32,1,0.299
201.33,1,0.344
201.34,1,0.391
201.35,1,0.423
201.36,1,0.404
201.37,1,0.360
201.38,1,0.323
201.39,1,0.215
201.40,1,0.192
201.41,1,0.169
201.42,1,0.183
201.43,1,0.206
201.44,1,0.242
201.45,1,0.266
201.46,1,0.282
201.47,1,0.334
201.48,1,0.339
201.49,1,0.325
201.50,1,0.324
201.51,1,0.315
201.52,1,0.305
201.53,1,0.300
201.54,1,0.312
201.55,1,0.307
201.56,1,0.282
201.57,1,0.278
201.58,1,0.287
201.59,1,0.312
201.60,1,0.330
201.61,1,0.352
201.62,1,0.354
201.63,1,0.336
201.64,1,0.328
201.65,1,0.306
201.66,1,0.289
201.67,1,0.268
201.68,1,0.256
201.69,1,0.259
201.70,1,0.265
201.71,1,0.265
201.72,1,0.274
201.73,1,0.284
201.74,1,0.302
201.75,1,0.334
201.76,1,0.359
201.77,1,0.379
201.78,1,0.362
201.79,1,0.335
201.80,1,0.303
201.81,1,0.280
201.82,1,0.265
201.83,1,0.254
201.84,1,0.261
201.85,1,0.268
201.86,1,0.280
201.87,1,0.296
201.88,1,0.314
201.89,1,0.321
201.90,1,0.333
201.91,1,0.342
201.92,1,0.349
201.93,1,0.344
201.94,1,0.360
201.95,1,0.363
201.96,1,0.359
201.97,1,0.354
201.98,1,0.334
201.99,1,0.316
202.00,1,0.305
202.01,1,0.305
202.02,1,0.314
202.03,1,0.331
202.04,1,0.351
202.05,1,0.362
202.06,1,0.376
202.07,1,0.379
202.08,1,0.375
202.09,1,0.371
202.10,1,0.370
202.11,1,0.372
202.12,1,0.388
202.13,1,0.404
202.14,1,0.436
202.15,1,0.478
202.16,1,0.494
202.17,1,0.501
202.18,1,0.498
202.19,1,0.460
202.20,1,0.431
202.21,1,0.407
202.22,1,0.364
202.23,1,0.342
202.24,1,0.340
202.25,1,0.352
202.26,1,0.372
202.27,1,0.400
202.28,1,0.418
202.29,1,0.414
202.30,1,0.400
202.31,1,0.408
202.32,1,0.404
202.33,1,0.390
202.34,1,0.374
202.35,1,0.349
202.36,1,0.308
202.37,1,0.281
202.38,1,0.276
202.39,1,0.284
202.40,1,0.289
202.41,1,0.284
202.42,1,0.273
202.43,1,0.262
202.44,1,0.249
202.45,1,0.269
202.46,1,0.295
202.47,1,0.370
202.48,1,0.371
202.49,1,0.358
202.50,1,0.315
202.51,1,0.322
202.52,1,0.340
202.53,1,0.419
202.54,1,0.518
202.55,1,0.621
202.56,1,0.701
202.57,1,0.787
202.58,1,0.809
202.59,1,0.825
202.60,1,0.758
202.61,1,0.729
202.62,1,0.643
202.63,1,0.603
202.64,1,0.584
202.65,1,0.567
202.66,1,0.550
202.67,1,0.567
202.68,1,0.583
202.69,1,0.614
202.70,1,0.647
202.71,1,0.668
202.72,1,0.739
202.73,1,0.810
202.74,1,0.632
202.75,1,0.301
202.76,1,0.110
202.77,1,0.078
202.78,1,0.088
202.79,1,0.088
202.80,1,0.086
202.81,1,0.100
202.82,1,0.103
202.83,1,0.100
202.84,1,0.103
202.85,1,0.118
202.86,1,0.112
202.87,1,0.111
202.88,1,0.104
202.89,1,0.109
202.90,1,0.099
202.91,1,0.113
202.92,1,0.128
202.93,1,0.108
202.94,1,0.097
202.95,1,0.098
202.96,1,0.094
202.97,1,0.094
202.98,1,0.091
202.99,1,0.089
203.00,1,0.106
203.01,1,0.119
203.02,1,0.134
203.03,1,0.166
203.04,1,0.216
203.05,1,0.270
203.06,1,0.358
203.07,1,0.302
203.08,1,0.198
203.09,1,0.140
203.10,1,0.116
203.11,1,0.122
203.12,1,0.147
203.13,1,0.171
203.14,1,0.191
203.15,1,0.212
203.16,1,0.212
203.17,1,0.180
203.18,1,0.160
203.19,1,0.159
203.20,1,0.160
203.21,1,0.155
203.22,1,0.145
203.23,1,0.136
203.24,1,0.126
203.25,1,0.105
203.26,1,0.099
203.27,1,0.093
203.28,1,0.085
203.29,1,0.088
203.30,1,0.093
203.31,1,0.098
203.32,1,0.119
203.33,1,0.129
203.34,1,0.123
203.35,1,0.133
203.36,1,0.159
203.37,1,0.193
203.38,1,0.201
203.39,1,0.175
203.40,1,0.144
203.41,1,0.119
203.42,1,0.088
203.43,1,0.075
203.44,1,0.075
203.45,1,0.077
203.46,1,0.091
203.47,1,0.119
203.48,1,0.144
203.49,1,0.176
203.50,1,0.191
203.51,1,0.168
203.52,1,0.157
203.53,1,0.143
203.54,1,0.126
203.55,1,0.114
203.56,1,0.099
203.57,1,0.101
203.58,1,0.097
203.59,1,0.093
203.60,1,0.096
203.61,1,0.107
203.62,1,0.128
203.63,1,0.164
203.64,1,0.192
203.65,1,0.208
203.66,1,0.206
203.67,1,0.198
203.68,1,0.180
203.69,1,0.158
203.70,1,0.158
203.71,1,0.168
203.72,1,0.179
203.73,1,0.205
203.74,1,0.199
203.75,1,0.168
203.76,1,0.146
203.77,1,0.150
203.78,1,0.161
203.79,1,0.180
203.80,1,0.177
203.81,1,0.179
203.82,1,0.179
203.83,1,0.165
203.84,1,0.174
203.85,1,0.198
203.86,1,0.151
203.87,1,0.104
203.88,1,0.086
203.89,1,0.078
203.90,1,0.086
203.91,1,0.094
203.92,1,0.110
203.93,1,0.123
203.94,1,0.126
203.95,1,0.122
203.96,1,0.119
203.97,1,0.114
203.98,1,0.115
203.99,1,0.124
204.00,1,0.138
204.01,1,0.151
204.02,1,0.157
204.03,1,0.152
204.04,1,0.142
204.05,1,0.127
204.06,1,0.121
204.07,1,0.119
204.08,1,0.123
204.09,1,0.120
204.10,1,0.112
204.11,1,0.104
204.12,1,0.098
204.13,1,0.094
204.14,1,0.108
204.15,1,0.117
204.16,1,0.119
204.17,1,0.120
204.18,1,0.112
204.19,1,0.101
204.20,1,0.093
204.21,1,0.086
204.22,1,0.079
204.23,1,0.077
204.24,1,0.078
204.25,1,0.081
204.26,1,0.092
204.27,1,0.100
204.28,1,0.101
204.29,1,0.103
204.30,1,0.104
204.31,1,0.108
204.32,1,0.114
204.33,1,0.120
204.34,1,0.125
204.35,1,0.127
204.36,1,0.127
204.37,1,0.131
204.38,1,0.132
204.39,1,0.128
204.40,1,0.123
204.41,1,0.119
204.42,1,0.120
204.43,1,0.129
204.44,1,0.137
204.45,1,0.141
204.46,1,0.141
204.47,1,0.138
204.48,1,0.133
204.49,1,0.130
204.50,1,0.130
204.51,1,0.128
204.52,1,0.127
204.53,1,0.127
204.54,1,0.124
204.55,1,0.121
204.56,1,0.118
204.57,1,0.115
204.58,1,0.116
204.59,1,0.119
204.60,1,0.124
204.61,1,0.129
204.62,1,0.133
204.63,1,0.132
204.64,1,0.130
204.65,1,0.128
204.66,1,0.128
204.67,1,0.127
204.68,1,0.129
204.69,1,0.134
204.70,1,0.141
204.71,1,0.148
204.72,1,0.152
204.73,1,0.150
204.74,1,0.148
204.75,1,0.143
204.76,1,0.137
204.77,1,0.135
204.78,1,0.132
204.79,1,0.128
204.80,1,0.124
204.81,1,0.124
204.82,1,0.125
204.83,1,0.126
204.84,1,0.129
204.85,1,0.133
204.86,1,0.139
204.87,1,0.149
204.88,1,0.159
204.89,1,0.167
204.90,1,0.169
204.91,1,0.164
204.92,1,0.153
204.93,1,0.142
204.94,1,0.133
204.95,1,0.126
204.96,1,0.118
204.97,1,0.113
204.98,1,0.113
204.99,1,0.110
205.00,1,0.113
205.01,1,0.127
205.02,1,0.142
205.03,1,0.157
205.04,1,0.177
205.05,1,0.193
205.06,1,0.213
205.07,1,0.214
205.08,1,0.219
205.09,1,0.216
205.10,1,0.205
205.11,1,0.194
205.12,1,0.178
205.13,1,0.179
205.14,1,0.215
205.15,1,0.222
205.16,1,0.242
205.17,1,0.288
205.18,1,0.321
205.19,1,0.343
205.20,1,0.394
205.21,1,0.427
205.22,1,0.455
205.23,1,0.463
205.24,1,0.489
205.25,1,0.525
205.26,1,0.566
205.27,1,0.597
205.28,1,0.592
205.29,1,0.572
205.30,1,0.579
205.31,1,0.593
205.32,1,0.615
205.33,0,
205.34,0,
205.35,0,
205.36,0,
205.37,0,
205.38,0,
205.39,0,
205.40,0,
205.41,0,
205.42,0,
205.43,0,
205.44,0,
205.45,0,
205.46,0,
205.47,0,
205.48,0,
205.49,0,
205.50,0,
205.51,0,
205.52,0,
205.53,0,
205.54,0,
205.55,0,
205.56,0,
205.57,0,
205.58,0,
205.59,0,
205.60,0,
205.61,0,
205.62,0,
205.63,0,
205.64,0,
205.65,0,
205.66,0,
205.67,0,
205.68,0,
205.69,0,
205.70,0,
205.71,0,
205.72,0,
205.73,0,
205.74,0,
205.75,0,
205.76,0,
205.77,0,
205.78,0,
205.79,0,
205.80,0,
205.81,0,
205.82,0,
205.83,0,
205.84,0,
205.85,0,
205.86,0,
205.87,0,
205.88,0,
205.89,0,
205.90,0,
205.91,0,
205.92,0,
205.93,0,
205.94,0,
205.95,0,
205.96,0,
205.97,0,
205.98,0,
205.99,0,
206.00,0,
206.01,0,
206.02,0,
206.03,0,
206.04,0,
206.05,0,
206.06,0,
206.07,0,
206.08,0,
206.09,0,
206.10,0,
206.11,0,
206.12,0,
206.13,0,
206.14,0,
206.15,0,
206.16,0,
206.17,0,
206.18,0,
206.19,0,
206.20,0,
206.21,0,
206.22,0,
206.23,0,
206.24,0,
206.25,0,
206.26,0,
206.27,0,
206.28,0,
206.29,0,
206.30,0,
206.31,0,
206.32,0,
206.33,0,
206.34,0,
206.35,0,
206.36,0,
206.37,0,
206.38,0,
206.39,0,
206.40,0,
206.41,0,
206.42,0,
206.43,0,
206.44,0,
206.45,0,
206.46,0,
206.47,0,
206.48,0,
206.49,0,
206.50,0,
206.51,0,
206.52,0,
206.53,0,
206.54,0,
206.55,0,
206.56,0,
206.57,0,
206.58,0,
206.59,0,
206.60,0,
206.61,0,
206.62,0,
206.63,0,
206.64,0,
206.65,0,
206.66,0,
206.67,0,
206.68,0,
206.69,0,
206.70,0,
206.71,0,
206.72,0,
206.73,0,
206.74,0,
206.75,0,
206.76,0,
206.77,0,
206.78,0,
206.79,0,
206.80,0,
206.81,0,
206.82,0,
206.83,0,
206.84,0,
206.85,0,
206.86,0,
206.87,0,
206.88,0,
206.89,0,
206.90,0,
206.91,0,
206.92,0,
206.93,0,
206.94,0,
206.95,0,
206.96,0,
206.97,0,
206.98,0,
206.99,0,
207.00,0,
207.01,0,
207.02,0,
207.03,0,
207.04,0,
207.05,0,
207.06,0,
207.07,0,
207.08,0,
207.09,0,
207.10,0,
207.11,0,
207.12,0,
207.13,0,
207.14,0,
207.15,0,
207.16,0,
207.17,0,
207.18,0,
207.19,0,
207.20,0,
207.21,0,
207.22,0,
207.23,0,
207.24,0,
207.25,0,
207.26,0,
207.27,0,
207.28,0,
207.29,0,
207.30,0,
207.31,0,
207.32,0,
207.33,0,
207.34,0,
207.35,0,
207.36,0,
207.37,0,
207.38,0,
207.39,0,
207.40,0,
207.41,0,
207.42,0,
207.43,0,
207.44,0,
207.45,0,
207.46,0,
207.47,0,
207.48,0,
207.49,0,
207.50,0,
207.51,0,
207.52,0,
207.53,0,
207.54,0,
207.55,0,
207.56,0,
207.57,0,
207.58,0,
207.59,0,
207.60,0,
207.61,0,
207.62,0,
207.63,0,
207.64,0,
207.65,0,
207.66,0,
207.67,0,
207.68,0,
207.69,0,
207.70,0,
207.71,0,
207.72,0,
207.73,0,
207.74,0,
207.75,0,
207.76,0,
207.77,0,
207.78,0,
207.79,0,
207.80,0,
207.81,0,
207.82,0,
207.83,0,
207.84,0,
207.85,0,
207.86,0,
207.87,0,
207.88,0,
207.89,0,
207.90,0,
207.91,0,
207.92,0,
207.93,0,
207.94,0,
207.95,0,
207.96,0,
207.97,0,
207.98,0,
207.99,0,
208.00,0,
208.01,0,
208.02,0,
208.03,0,
208.04,0,
208.05,0,
208.06,0,
208.07,0,
208.08,0,
208.09,0,
208.10,0,
208.11,0,
208.12,0,
208.13,0,
208.14,0,
208.15,0,
208.16,0,
208.17,0,
208.18,0,
208.19,0,
208.20,0,
208.21,0,
208.22,0,
208.23,0,
208.24,0,
208.25,0,
208.26,0,
208.27,0,
208.28,0,
208.29,0,
208.30,0,
208.31,0,
208.32,0,
208.33,0,
208.34,0,
208.35,0,
208.36,0,
208.37,0,
208.38,0,
208.39,0,
208.40,0,
208.41,0,
208.42,0,
208.43,0,
208.44,0,
208.45,0,
208.46,0,
208.47,0,
208.48,0,
208.49,0,
208.50,0,
208.51,0,
208.52,0,
208.53,0,
208.54,0,
208.55,0,
208.56,0,
208.57,0,
208.58,0,
208.59,0,
208.60,0,
208.61,0,
208.62,0,
208.63,0,
208.64,0,
208.65,0,
208.66,0,
208.67,0,
208.68,0,
208.69,0,
208.70,0,
208.71,0,
208.72,0,
208.73,0,
208.74,0,
208.75,0,
208.76,0,
208.77,0,
208.78,0,
208.79,0,
208.80,0,
208.81,0,
208.82,0,
208.83,0,
208.84,0,
208.85,0,
208.86,0,
208.87,0,
208.88,0,
208.89,0,
208.90,0,
208.91,0,
208.92,0,
208.93,0,
208.94,0,
208.95,0,
208.96,0,
208.97,0,
208.98,0,
208.99,0,
209.00,0,
209.01,0,
209.02,0,
209.03,0,
209.04,0,
209.05,0,
209.06,0,
209.07,0,
209.08,0,
209.09,0,
209.10,0,
209.11,0,
209.12,0,
209.13,0,
209.14,0,
209.15,0,
209.16,0,
209.17,0,
209.18,0,
209.19,0,
209.20,0,
209.21,0,
209.22,0,
209.23,0,
209.24,0,
209.25,0,
209.26,0,
209.27,0,
209.28,0,
209.29,0,
209.30,0,
209.31,0,
209.32,0,
209.33,0,
209.34,0,
209.35,0,
209.36,0,
209.37,0,
209.38,0,
209.39,0,
209.40,0,
209.41,0,
209.42,0,
209.43,0,
209.44,0,
209.45,0,
209.46,0,
209.47,0,
209.48,0,
209.49,0,
209.50,0,
209.51,0,
209.52,0,
209.53,0,
209.54,0,
209.55,0,
209.56,0,
209.57,0,
209.58,0,
209.59,0,
209.60,0,
209.61,0,
209.62,0,
209.63,0,
209.64,0,
209.65,0,
209.66,0,
209.67,0,
209.68,0,
209.69,0,
209.70,0,
209.71,0,
209.72,0,
209.73,0,
209.74,0,
209.75,0,
209.76,0,
209.77,0,
209.78,0,
209.79,0,
209.80,0,
209.81,0,
209.82,0,
209.83,0,
209.84,0,
209.85,0,
209.86,0,
209.87,0,
209.88,0,
209.89,0,
209.90,0,
209.91,0,
209.92,0,
209.93,0,
209.94,0,
209.95,0,
209.96,0,
209.97,0,
209.98,0,
209.99,0,
210.00,0,
210.01,0,
210.02,0,
210.03,0,
210.04,0,
210.05,0,
210.06,0,
210.07,0,
210.08,0,
210.09,0,
210.10,0,
210.11,0,
210.12,0,
210.13,0,
210.14,0,
210.15,0,
210.16,0,
210.17,0,
210.18,0,
210.19,0,
210.20,0,
210.21,0,
210.22,0,
210.23,0,
210.24,0,
210.25,0,
210.26,0,
210.27,0,
210.28,0,
210.29,0,
210.30,0,
210.31,0,
210.32,0,
210.33,0,
210.34,0,
210.35,0,
210.36,0,
210.37,0,
210.38,0,
210.39,0,
210.40,0,
210.41,0,
210.42,0,
210.43,0,
210.44,0,
210.45,0,
210.46,0,
210.47,0,
210.48,0,
210.49,0,
210.50,0,
210.51,0,
210.52,0,
210.53,0,
210.54,0,
210.55,0,
210.56,0,
210.57,0,
210.58,0,
210.59,0,
210.60,0,
210.61,0,
210.62,0,
210.63,0,
210.64,0,
210.65,0,
210.66,0,
210.67,0,
210.68,0,
210.69,0,
210.70,0,
210.71,0,
210.72,0,
210.73,0,
210.74,0,
210.75,0,
210.76,0,
210.77,0,
210.78,0,
210.79,0,
210.80,0,
210.81,0,
210.82,0,
210.83,0,
210.84,0,
210.85,0,
210.86,0,
210.87,0,
210.88,0,
210.89,0,
210.90,0,
210.91,0,
210.92,0,
210.93,0,
210.94,0,
210.95,0,
210.96,0,
210.97,0,
210.98,0,
210.99,0,
211.00,0,
211.01,0,
211.02,0,
211.03,0,
211.04,0,
211.05,0,
211.06,0,
211.07,0,
211.08,0,
211.09,0,
211.10,0,
211.11,0,
211.12,0,
211.13,0,
211.14,0,
211.15,0,
211.16,0,
211.17,0,
211.18,0,
211.19,0,
211.20,0,
211.21,0,
211.22,0,
211.23,0,
211.24,0,
211.25,0,
211.26,0,
211.27,0,
211.28,0,
211.29,0,
211.30,0,
211.31,0,
211.32,0,
211.33,0,
211.34,0,
211.35,0,
211.36,0,
211.37,0,
211.38,0,
211.39,0,
211.40,0,
211.41,0,
211.42,0,
211.43,0,
211.44,0,
211.45,0,
211.46,0,
211.47,0,
211.48,0,
211.49,0,
211.50,0,
211.51,0,
211.52,0,
211.53,0,
211.54,0,
211.55,0,
211.56,0,
211.57,0,
211.58,0,
211.59,0,
211.60,0,
211.61,0,
211.62,0,
211.63,0,
211.64,0,
211.65,0,
211.66,0,
211.67,0,
211.68,0,
211.69,0,
211.70,0,
211.71,0,
211.72,0,
211.73,0,
211.74,0,
211.75,0,
211.76,0,
211.77,0,
211.78,0,
211.79,0,
211.80,0,
211.81,0,
211.82,0,
211.83,0,
211.84,0,
211.85,0,
211.86,0,
211.87,0,
211.88,0,
211.89,0,
211.90,0,
211.91,0,
211.92,0,
211.93,0,
211.94,0,
211.95,0,
211.96,0,
211.97,0,
211.98,0,
211.99,0,
212.00,0,
212.01,0,
212.02,0,
212.03,0,
212.04,0,
212.05,0,
212.06,0,
212.07,0,
212.08,0,
212.09,0,
212.10,0,
212.11,0,
212.12,0,
212.13,0,
212.14,0,
212.15,0,
212.16,0,
212.17,0,
212.18,0,
212.19,0,
212.20,0,
212.21,0,
212.22,0,
212.23,0,
212.24,0,
212.25,0,
212.26,0,
212.27,0,
212.28,0,
212.29,0,
212.30,0,
212.31,0,
212.32,0,
212.33,0,
212.34,0,
212.35,0,
212.36,0,
212.37,0,
212.38,0,
212.39,0,
212.40,0,
212.41,0,
212.42,0,
212.43,0,
212.44,0,
212.45,0,
212.46,0,
212.47,0,
212.48,0,
212.49,0,
212.50,0,
212.51,0,
212.52,0,
212.53,0,
212.54,0,
212.55,0,
212.56,0,
212.57,0,
212.58,0,
212.59,0,
212.60,0,
212.61,0,
212.62,0,
212.63,0,
212.64,0,
212.65,0,
212.66,0,
212.67,0,
212.68,0,
212.69,0,
212.70,0,
212.71,0,
212.72,0,
212.73,0,
212.74,0,
212.75,0,
212.76,0,
212.77,0,
212.78,0,
212.79,0,
212.80,0,
212.81,0,
212.82,0,
212.83,0,
212.84,0,
212.85,0,
212.86,0,
212.87,0,
212.88,0,
212.89,0,
212.90,0,
212.91,0,
212.92,0,
212.93,0,
212.94,0,
212.95,0,
212.96,0,
212.97,0,
212.98,0,
212.99,0,
213.00,0,
213.01,0,
213.02,0,
213.03,0,
213.04,0,
213.05,0,
213.06,0,
213.07,0,
213.08,0,
213.09,0,
213.10,0,
213.11,0,
213.12,0,
213.13,0,
213.14,0,
213.15,0,
213.16,0,
213.17,0,
213.18,0,
213.19,0,
213.20,0,
213.21,0,
213.22,0,
213.23,0,
213.24,0,
213.25,0,
213.26,0,
213.27,0,
213.28,0,
213.29,0,
213.30,0,
213.31,0,
213.32,0,
213.33,0,
213.34,0,
213.35,0,
213.36,0,
213.37,0,
213.38,0,
213.39,0,
213.40,0,
213.41,0,
213.42,0,
213.43,0,
213.44,0,
213.45,0,
213.46,0,
213.47,0,
213.48,0,
213.49,0,
213.50,0,
213.51,0,
213.52,0,
213.53,0,
213.54,0,
213.55,0,
213.56,0,
213.57,0,
213.58,0,
213.59,0,
213.60,0,
213.61,0,
213.62,0,
213.63,0,
213.64,0,
213.65,0,
213.66,0,
213.67,0,
213.68,0,
213.69,0,
213.70,0,
213.71,0,
213.72,0,
213.73,0,
213.74,0,
213.75,0,
213.76,0,
213.77,0,
213.78,0,
213.79,0,
213.80,0,
213.81,0,
213.82,0,
213.83,0,
213.84,0,
213.85,0,
213.86,0,
213.87,0,
213.88,0,
213.89,0,
213.90,0,
213.91,0,
213.92,0,
213.93,0,
213.94,0,
213.95,0,
213.96,0,
213.97,0,
213.98,0,
213.99,0,
214.00,0,
214.01,0,
214.02,0,
214.03,0,
214.04,0,
214.05,0,
214.06,0,
214.07,0,
214.08,0,
214.09,0,
214.10,0,
214.11,0,
214.12,0,
214.13,0,
214.14,0,
214.15,0,
214.16,0,
214.17,0,
214.18,0,
214.19,0,
214.20,0,
214.21,0,
214.22,0,
214.23,0,
214.24,0,
214.25,0,
214.26,0,
214.27,0,
214.28,0,
214.29,0,
214.30,0,
214.31,0,
214.32,0,
214.33,0,
214.34,0,
214.35,0,
214.36,0,
214.37,0,
214.38,0,
214.39,0,
214.40,0,
214.41,0,
214.42,0,
214.43,0,
214.44,0,
214.45,0,
214.46,0,
214.47,0,
214.48,0,
214.49,0,
214.50,0,
214.51,0,
214.52,0,
214.53,0,
214.54,0,
214.55,0,
214.56,0,
214.57,0,
214.58,0,
214.59,0,
214.60,0,
214.61,0,
214.62,0,
214.63,0,
214.64,0,
214.65,0,
214.66,0,
214.67,0,
214.68,0,
214.69,0,
214.70,0,
214.71,0,
214.72,0,
214.73,0,
214.74,0,
214.75,0,
214.76,0,
214.77,0,
214.78,0,
214.79,0,
214.80,0,
214.81,0,
214.82,0,
214.83,0,
214.84,0,
214.85,0,
214.86,0,
214.87,0,
214.88,0,
214.89,0,
214.90,0,
214.91,0,
214.92,0,
214.93,0,
214.94,0,
214.95,0,
214.96,0,
214.97,0,
214.98,0,
214.99,0,
215.00,0,
215.01,0,
215.02,0,
215.03,0,
215.04,0,
215.05,0,
215.06,0,
215.07,0,
215.08,0,
215.09,0,
215.10,0,
215.11,0,
215.12,0,
215.13,0,
215.14,0,
215.15,0,
215.16,0,
215.17,0,
215.18,0,
215.19,0,
215.20,0,
215.21,0,
215.22,0,
215.23,0,
215.24,0,
215.25,0,
215.26,0,
215.27,0,
215.28,0,
215.29,0,
215.30,0,
215.31,0,
215.32,0,
215.33,0,
215.34,0,
215.35,0,
215.36,0,
215.37,0,
215.38,0,
215.39,0,
215.40,0,
215.41,0,
215.42,0,
215.43,0,
215.44,0,
215.45,0,
215.46,0,
215.47,0,
215.48,0,
215.49,0,
215.50,0,
215.51,0,
215.52,0,
215.53,0,
215.54,0,
215.55,0,
215.56,0,
215.57,0,
215.58,0,
215.59,0,
215.60,0,
215.61,0,
215.62,0,
215.63,0,
215.64,0,
215.65,0,
215.66,0,
215.67,0,
215.68,0,
215.69,0,
215.70,0,
215.71,0,
215.72,0,
215.73,0,
215.74,0,
215.75,0,
215.76,0,
215.77,0,
215.78,0,
215.79,0,
215.80,0,
215.81,0,
215.82,0,
215.83,0,
215.84,0,
215.85,0,
215.86,0,
215.87,0,
215.88,0,
215.89,0,
215.90,0,
215.91,0,
215.92,0,
215.93,0,
215.94,0,
215.95,0,
215.96,0,
215.97,0,
215.98,0,
215.99,0,
216.00,0,
216.01,0,
216.02,0,
216.03,0,
216.04,0,
216.05,0,
216.06,0,
216.07,0,
216.08,0,
216.09,0,
216.10,0,
216.11,0,
216.12,0,
216.13,0,
216.14,0,
216.15,0,
216.16,0,
216.17,0,
216.18,0,
216.19,0,
216.20,0,
216.21,0,
216.22,0,
216.23,0,
216.24,0,
216.25,0,
216.26,0,
216.27,0,
216.28,0,
216.29,0,
216.30,0,
216.31,0,
216.32,0,
216.33,0,
216.34,0,
216.35,0,
216.36,0,
216.37,0,
216.38,0,
216.39,0,
216.40,0,
216.41,0,
216.42,0,
216.43,0,
216.44,0,
216.45,0,
216.46,0,
216.47,0,
216.48,0,
216.49,0,
216.50,0,
216.51,0,
216.52,0,
216.53,0,
216.54,0,
216.55,0,
216.56,0,
216.57,0,
216.58,0,
216.59,0,
216.60,0,
216.61,0,
216.62,0,
216.63,0,
216.64,0,
216.65,0,
216.66,0,
216.67,0,
216.68,0,
216.69,0,
216.70,0,
216.71,0,
216.72,0,
216.73,0,
216.74,0,
216.75,0,
216.76,0,
216.77,0,
216.78,0,
216.79,0,
216.80,0,
216.81,0,
216.82,0,
216.83,0,
216.84,0,
216.85,0,
216.86,0,
216.87,0,
216.88,0,
216.89,0,
216.90,0,
216.91,0,
216.92,0,
216.93,0,
216.94,0,
216.95,0,
216.96,0,
216.97,0,
216.98,0,
216.99,0,
217.00,0,
217.01,0,
217.02,0,
217.03,0,
217.04,0,
217.05,0,
217.06,0,
217.07,0,
217.08,0,
217.09,0,
217.10,0,
217.11,0,
217.12,0,
217.13,0,
217.14,0,
217.15,0,
217.16,0,
217.17,0,
217.18,0,
217.19,0,
217.20,0,
217.21,0,
217.22,0,
217.23,0,
217.24,0,
217.25,0,
217.26,0,
217.27,0,
217.28,0,
217.29,0,
217.30,0,
217.31,0,
217.32,0,
217.33,0,
217.34,0,
217.35,0,
217.36,0,
217.37,0,
217.38,0,
217.39,0,
217.40,0,
217.41,0,
217.42,0,
217.43,0,
217.44,0,
217.45,0,
217.46,0,
217.47,0,
217.48,0,
217.49,0,
217.50,0,
217.51,0,
217.52,0,
217.53,0,
217.54,0,
217.55,0,
217.56,0,
217.57,0,
217.58,0,
217.59,0,
217.60,0,
217.61,0,
217.62,0,
217.63,0,
217.64,0,
217.65,0,
217.66,0,
217.67,0,
217.68,0,
217.69,0,
217.70,0,
217.71,0,
217.72,0,
217.73,0,
217.74,0,
217.75,0,
217.76,0,
217.77,0,
217.78,0,
217.79,0,
217.80,0,
217.81,0,
217.82,0,
217.83,0,
217.84,0,
217.85,0,
217.86,0,
217.87,0,
217.88,0,
217.89,0,
217.90,0,
217.91,0,
217.92,0,
217.93,0,
217.94,0,
217.95,0,
217.96,0,
217.97,0,
217.98,0,
217.99,0,
218.00,0,
218.01,0,
218.02,0,
218.03,0,
218.04,0,
218.05,0,
218.06,0,
218.07,0,
218.08,0,
218.09,0,
218.10,0,
218.11,0,
218.12,0,
218.13,0,
218.14,0,
218.15,0,
218.16,0,
218.17,0,
218.18,0,
218.19,0,
218.20,0,
218.21,0,
218.22,0,
218.23,0,
218.24,0,
218.25,0,
218.26,0,
218.27,0,
218.28,0,
218.29,0,
218.30,0,
218.31,0,
218.32,0,
218.33,0,
218.34,0,
218.35,0,
218.36,0,
218.37,0,
218.38,0,
218.39,0,
218.40,0,
218.41,0,
218.42,0,
218.43,0,
218.44,0,
218.45,0,
218.46,0,
218.47,0,
218.48,0,
218.49,0,
218.50,0,
218.51,0,
218.52,0,
218.53,0,
218.54,0,
218.55,0,
218.56,0,
218.57,0,
218.58,0,
218.59,0,
218.60,0,
218.61,0,
218.62,0,
218.63,0,
218.64,0,
218.65,0,
218.66,0,
218.67,0,
218.68,0,
218.69,0,
218.70,0,
218.71,0,
218.72,0,
218.73,0,
218.74,0,
218.75,0,
218.76,0,
218.77,0,
218.78,0,
218.79,0,
218.80,0,
218.81,0,
218.82,0,
218.83,0,
218.84,0,
218.85,0,
218.86,0,
218.87,0,
218.88,0,
218.89,0,
218.90,0,
218.91,0,
218.92,0,
218.93,0,
218.94,0,
218.95,0,
218.96,0,
218.97,0,
218.98,0,
218.99,0,
219.00,0,
219.01,0,
219.02,0,
219.03,0,
219.04,0,
219.05,0,
219.06,0,
219.07,0,
219.08,0,
219.09,0,
219.10,0,
219.11,0,
219.12,0,
219.13,0,
219.14,0,
219.15,0,
219.16,0,
219.17,0,
219.18,0,
219.19,0,
219.20,0,
219.21,0,
219.22,0,
219.23,0,
219.24,0,
219.25,0,
219.26,0,
219.27,0,
219.28,0,
219.29,0,
219.30,0,
219.31,0,
219.32,0,
219.33,0,
219.34,0,
219.35,0,
219.36,0,
219.37,0,
219.38,0,
219.39,0,
219.40,0,
219.41,0,
219.42,0,
219.43,0,
219.44,0,
219.45,0,
219.46,0,
219.47,0,
219.48,0,
219.49,0,
219.50,0,
219.51,0,
219.52,0,
219.53,0,
219.54,0,
219.55,0,
219.56,0,
219.57,0,
219.58,0,
219.59,0,
219.60,0,
219.61,0,
219.62,0,
219.63,0,
219.64,0,
219.65,0,
219.66,0,
219.67,0,
219.68,0,
219.69,0,
219.70,0,
219.71,0,
219.72,0,
219.73,0,
219.74,0,
219.75,0,
219.76,0,
219.77,0,
219.78,0,
219.79,0,
219.80,0,
219.81,0,
219.82,0,
219.83,0,
219.84,0,
219.85,0,
219.86,0,
219.87,0,
219.88,0,
219.89,0,
219.90,0,
219.91,0,
219.92,0,
219.93,0,
219.94,0,
219.95,0,
219.96,0,
219.97,0,
219.98,0,
219.99,0,
220.00,0,
220.01,0,
220.02,0,
220.03,0,
220.04,0,
220.05,0,
220.06,0,
220.07,0,
220.08,0,
220.09,0,
220.10,0,
220.11,0,
220.12,0,
220.13,0,
220.14,0,
220.15,0,
220.16,0,
220.17,0,
220.18,0,
220.19,0,
220.20,0,
220.21,0,
220.22,0,
220.23,0,
220.24,0,
220.25,0,
220.26,0,
220.27,0,
220.28,0,
220.29,0,
220.30,0,
220.31,0,
220.32,0,
220.33,0,
220.34,0,
220.35,0,
220.36,0,
220.37,0,
220.38,0,
220.39,0,
220.40,0,
220.41,0,
220.42,0,
220.43,0,
220.44,0,
220.45,0,
220.46,0,
220.47,0,
220.48,0,
220.49,0,
220.50,0,
220.51,0,
220.52,0,
220.53,0,
220.54,0,
220.55,0,
220.56,0,
220.57,0,
220.58,0,
220.59,0,
220.60,0,
220.61,0,
220.62,0,
220.63,0,
220.64,0,
220.65,0,
220.66,0,
220.67,0,
220.68,0,
220.69,0,
220.70,0,
220.71,0,
220.72,0,
220.73,0,
220.74,0,
220.75,0,
220.76,0,
220.77,0,
220.78,0,
220.79,0,
220.80,0,
220.81,0,
220.82,0,
220.83,0,
220.84,0,
220.85,0,
220.86,0,
220.87,0,
220.88,0,
220.89,0,
220.90,0,
220.91,0,
220.92,0,
220.93,0,
220.94,0,
220.95,0,
220.96,0,
220.97,0,
220.98,0,
220.99,0,
221.00,0,
221.01,0,
221.02,0,
221.03,0,
221.04,0,
221.05,0,
221.06,0,
221.07,0,
221.08,0,
221.09,0,
221.10,0,
221.11,0,
221.12,0,
221.13,0,
221.14,0,
221.15,0,
221.16,0,
221.17,0,
221.18,0,
221.19,0,
221.20,0,
221.21,0,
221.22,0,
221.23,0,
221.24,0,
221.25,0,
221.26,0,
221.27,0,
221.28,0,
221.29,0,
221.30,0,
221.31,0,
221.32,0,
221.33,0,
221.34,0,
221.35,0,
221.36,0,
221.37,0,
221.38,0,
221.39,0,
221.40,0,
221.41,0,
221.42,0,
221.43,0,
221.44,0,
221.45,0,
221.46,0,
221.47,0,
221.48,0,
221.49,0,
221.50,0,
221.51,0,
221.52,0,
221.53,0,
221.54,0,
221.55,0,
221.56,0,
221.57,0,
221.58,0,
221.59,0,
221.60,0,
221.61,0,
221.62,0,
221.63,0,
221.64,0,
221.65,0,
221.66,0,
221.67,0,
221.68,0,
221.69,0,
221.70,0,
221.71,0,
221.72,0,
221.73,0,
221.74,0,
221.75,0,
221.76,0,
221.77,0,
221.78,0,
221.79,0,
221.80,0,
221.81,0,
221.82,0,
221.83,0,
221.84,0,
221.85,0,
221.86,0,
221.87,0,
221.88,0,
221.89,0,
221.90,0,
221.91,0,
221.92,0,
221.93,0,
221.94,0,
221.95,0,
221.96,0,
221.97,0,
221.98,0,
221.99,0,
222.00,0,
222.01,0,
222.02,0,
222.03,0,
222.04,0,
222.05,0,
222.06,0,
222.07,0,
222.08,0,
222.09,0,
222.10,0,
222.11,0,
222.12,0,
222.13,0,
222.14,0,
222.15,0,
222.16,0,
222.17,0,
222.18,0,
222.19,0,
222.20,0,
222.21,0,
222.22,0,
222.23,0,
222.24,0,
222.25,0,
222.26,0,
222.27,0,
222.28,0,
222.29,0,
222.30,0,
222.31,0,
222.32,0,
222.33,0,
222.34,0,
222.35,0,
222.36,0,
222.37,0,
222.38,0,
222.39,0,
222.40,0,
222.41,0,
222.42,0,
222.43,0,
222.44,0,
222.45,0,
222.46,0,
222.47,0,
222.48,0,
222.49,0,
222.50,0,
222.51,0,
222.52,0,
222.53,0,
222.54,0,
222.55,0,
222.56,0,
222.57,0,
222.58,0,
222.59,0,
222.60,0,
222.61,0,
222.62,0,
222.63,0,
222.64,0,
222.65,0,
222.66,0,
222.67,0,
222.68,0,
222.69,0,
222.70,0,
222.71,0,
222.72,0,
222.73,0,
222.74,0,
222.75,0,
222.76,0,
222.77,0,
222.78,0,
222.79,0,
222.80,0,
222.81,0,
222.82,0,
222.83,0,
222.84,0,
222.85,0,
222.86,0,
222.87,0,
222.88,0,
222.89,0,
222.90,0,
222.91,0,
222.92,0,
222.93,0,
222.94,0,
222.95,0,
222.96,0,
222.97,0,
222.98,0,
222.99,0,
223.00,0,
223.01,0,
223.02,0,
223.03,0,
223.04,0,
223.05,0,
223.06,0,
223.07,0,
223.08,0,
223.09,0,
223.10,0,
223.11,0,
223.12,0,
223.13,0,
223.14,0,
223.15,0,
223.16,0,
223.17,0,
223.18,0,
223.19,0,
223.20,0,
223.21,0,
223.22,0,
223.23,0,
223.24,0,
223.25,0,
223.26,0,
223.27,0,
223.28,0,
223.29,0,
223.30,0,
223.31,0,
223.32,0,
223.33,0,
223.34,0,
223.35,0,
223.36,0,
223.37,0,
223.38,0,
223.39,0,
223.40,0,
223.41,0,
223.42,0,
223.43,0,
223.44,0,
223.45,0,
223.46,0,
223.47,0,
223.48,0,
223.49,0,
223.50,0,
223.51,0,
223.52,0,
223.53,0,
223.54,0,
223.55,0,
223.56,0,
223.57,0,
223.58,0,
223.59,0,
223.60,0,
223.61,0,
223.62,0,
223.63,0,
223.64,0,
223.65,0,
223.66,0,
223.67,0,
223.68,0,
223.69,0,
223.70,0,
223.71,0,
223.72,0,
223.73,0,
223.74,0,
223.75,0,
223.76,0,
223.77,0,
223.78,0,
223.79,0,
223.80,0,
223.81,0,
223.82,0,
223.83,0,
223.84,0,
223.85,0,
223.86,0,
223.87,0,
223.88,0,
223.89,0,
223.90,0,
223.91,0,
223.92,0,
223.93,0,
223.94,0,
223.95,0,
223.96,0,
223.97,0,
223.98,0,
223.99,0,
224.00,0,
224.01,0,
224.02,0,
224.03,0,
224.04,0,
224.05,0,
224.06,0,
224.07,0,
224.08,0,
224.09,0,
224.10,0,
224.11,0,
224.12,0,
224.13,0,
224.14,0,
224.15,0,
224.16,0,
224.17,0,
224.18,0,
224.19,0,
224.20,0,
224.21,0,
224.22,0,
224.23,0,
224.24,0,
224.25,0,
224.26,0,
224.27,0,
224.28,0,
224.29,0,
224.30,0,
224.31,0,
224.32,0,
224.33,0,
224.34,0,
224.35,0,
224.36,0,
224.37,1,0.000
