t,mix_db,vocals_db,drums_db,bass_db,other_db
0.00,-63.1,-73.2,-78.7,-74.4,-69.9
0.01,-61.6,-71.8,-77.4,-72.8,-68.6
0.02,-60.4,-70.5,-75.8,-71.6,-67.1
0.03,-60.1,-70.2,-75.6,-71.4,-67.0
0.04,-60.1,-70.2,-75.5,-71.4,-67.0
0.05,-60.1,-70.3,-75.4,-71.4,-67.0
0.06,-60.1,-70.3,-75.4,-71.4,-67.0
0.07,-60.1,-70.3,-75.3,-71.4,-67.1
0.08,-60.1,-70.3,-75.2,-71.4,-67.1
0.09,-60.1,-70.3,-75.2,-71.4,-67.2
0.10,-60.1,-70.3,-75.2,-71.4,-67.2
0.11,-60.1,-70.3,-75.2,-71.4,-67.2
0.12,-60.1,-70.3,-75.2,-71.4,-67.2
0.13,-60.1,-70.3,-75.2,-71.4,-67.3
0.14,-60.1,-70.3,-75.2,-71.4,-67.3
0.15,-60.1,-70.3,-75.3,-71.4,-67.3
0.16,-60.1,-70.3,-75.3,-71.4,-67.3
0.17,-60.1,-70.3,-75.3,-71.4,-67.3
0.18,-60.1,-70.3,-75.3,-71.4,-67.4
0.19,-60.1,-70.3,-75.2,-71.4,-67.4
0.20,-60.1,-70.3,-75.2,-71.4,-67.4
0.21,-60.1,-70.3,-75.2,-71.4,-67.4
0.22,-60.1,-70.3,-75.2,-71.4,-67.4
0.23,-60.1,-70.3,-75.2,-71.4,-67.4
0.24,-60.1,-70.3,-75.2,-71.4,-67.3
0.25,-60.1,-70.3,-75.3,-71.4,-67.3
0.26,-60.1,-70.3,-75.3,-71.4,-67.3
0.27,-60.1,-70.3,-75.4,-71.3,-67.4
0.28,-60.1,-70.3,-75.4,-71.3,-67.4
0.29,-60.1,-70.2,-75.5,-71.3,-67.3
0.30,-60.1,-70.2,-75.5,-71.3,-67.4
0.31,-60.1,-70.2,-75.6,-71.3,-67.3
0.32,-60.1,-70.2,-75.6,-71.4,-67.4
0.33,-60.1,-70.2,-75.6,-71.4,-67.4
0.34,-60.1,-70.3,-75.6,-71.4,-67.4
0.35,-60.1,-70.3,-75.5,-71.4,-67.4
0.36,-60.1,-70.3,-75.4,-71.4,-67.5
0.37,-60.1,-70.3,-75.4,-71.4,-67.5
0.38,-60.1,-70.3,-75.3,-71.4,-67.4
0.39,-60.1,-70.3,-75.2,-71.4,-67.4
0.40,-60.0,-70.3,-75.0,-71.4,-67.3
0.41,-60.0,-70.3,-74.2,-71.4,-66.7
0.42,-59.9,-70.3,-72.9,-71.3,-65.8
0.43,-59.8,-70.2,-71.7,-71.3,-65.1
0.44,-59.7,-70.2,-70.3,-71.1,-64.4
0.45,-59.3,-70.0,-66.7,-71.0,-62.2
0.46,-58.4,-69.9,-64.3,-70.5,-60.2
0.47,-56.6,-69.7,-60.7,-70.0,-56.6
0.48,-55.9,-69.5,-57.9,-69.6,-54.5
0.49,-25.6,-69.1,-36.7,-66.8,-27.4
0.50,-19.4,-69.1,-30.4,-64.4,-21.0
0.51,-15.2,-68.3,-27.7,-39.8,-17.1
0.52,-13.0,-68.2,-25.2,-27.6,-15.1
0.53,-11.8,-68.6,-24.3,-25.2,-14.1
0.54,-11.5,-68.8,-23.8,-23.1,-14.0
0.55,-11.4,-69.1,-23.6,-22.5,-14.0
0.56,-12.0,-70.4,-23.9,-21.1,-15.1
0.57,-12.7,-71.0,-23.1,-22.7,-15.7
0.58,-12.5,-71.2,-22.0,-20.9,-15.7
0.59,-12.6,-71.3,-21.8,-21.3,-15.3
0.60,-12.1,-70.8,-21.0,-20.2,-15.3
0.61,-12.1,-70.8,-20.5,-20.0,-15.1
0.62,-11.5,-70.5,-19.8,-19.6,-15.0
0.63,-10.9,-70.4,-20.2,-18.8,-15.2
0.64,-11.4,-70.7,-20.3,-19.6,-15.5
0.65,-11.3,-70.4,-19.0,-18.5,-15.8
0.66,-12.0,-70.7,-19.2,-19.2,-16.2
0.67,-11.7,-70.9,-20.1,-17.9,-16.3
0.68,-12.0,-70.5,-19.5,-19.0,-16.6
0.69,-11.3,-70.7,-20.2,-17.8,-16.1
0.70,-11.2,-70.6,-23.1,-18.6,-15.7
0.71,-11.3,-70.4,-23.4,-18.1,-15.7
0.72,-11.4,-70.5,-24.0,-18.2,-15.6
0.73,-12.1,-70.0,-25.6,-18.7,-15.5
0.74,-12.1,-69.8,-26.1,-18.2,-15.6
0.75,-12.6,-69.7,-26.1,-19.3,-15.6
0.76,-11.5,-69.5,-26.9,-18.1,-15.2
0.77,-12.3,-69.5,-25.6,-19.5,-15.5
0.78,-12.0,-70.2,-25.1,-17.8,-15.9
0.79,-12.5,-69.8,-24.3,-18.7,-16.0
0.80,-12.6,-70.6,-24.1,-17.7,-16.1
0.81,-13.5,-70.6,-24.5,-18.3,-16.4
0.82,-12.5,-70.6,-25.4,-18.1,-15.9
0.83,-12.3,-70.6,-26.6,-18.4,-15.8
0.84,-12.7,-70.9,-26.6,-19.6,-16.1
0.85,-13.1,-70.9,-27.1,-20.2,-16.4
0.86,-13.0,-70.7,-23.5,-22.5,-16.6
0.87,-12.5,-70.3,-21.6,-22.8,-16.5
0.88,-13.1,-69.6,-20.8,-27.5,-16.2
0.89,-13.1,-69.7,-20.2,-28.2,-16.0
0.90,-12.8,-69.6,-20.2,-29.1,-15.2
0.91,-13.1,-69.4,-20.4,-30.8,-14.9
0.92,-13.1,-70.7,-20.6,-34.6,-14.7
0.93,-12.4,-70.4,-20.1,-34.0,-14.5
0.94,-12.1,-70.4,-20.5,-33.5,-14.1
0.95,-12.4,-70.7,-21.4,-33.4,-14.1
0.96,-12.7,-71.1,-21.3,-35.0,-14.2
0.97,-12.7,-71.1,-21.1,-35.7,-14.2
0.98,-12.8,-71.3,-20.9,-34.4,-14.4
0.99,-12.9,-71.5,-20.4,-34.7,-14.9
1.00,-12.8,-71.2,-20.8,-27.9,-15.1
1.01,-12.7,-71.3,-21.6,-27.0,-15.3
1.02,-13.3,-71.6,-22.7,-25.1,-16.1
1.03,-12.2,-71.1,-23.3,-21.9,-15.3
1.04,-11.5,-71.3,-24.2,-19.4,-15.2
1.05,-11.2,-71.1,-24.1,-18.9,-14.9
1.06,-11.0,-70.9,-25.0,-17.3,-14.9
1.07,-11.1,-70.8,-24.3,-17.8,-15.1
1.08,-11.0,-71.0,-25.3,-16.8,-15.6
1.09,-11.7,-71.0,-25.2,-18.2,-15.8
1.10,-10.9,-70.9,-25.3,-17.3,-15.5
1.11,-11.2,-70.8,-25.5,-17.9,-15.5
1.12,-11.3,-70.9,-26.6,-17.3,-15.5
1.13,-11.8,-70.7,-26.6,-17.6,-15.7
1.14,-12.7,-70.7,-26.3,-17.9,-16.0
1.15,-12.9,-70.7,-26.6,-17.3,-16.3
1.16,-14.1,-70.6,-28.0,-18.5,-16.4
1.17,-12.9,-70.8,-30.3,-17.6,-16.1
1.18,-12.8,-69.4,-25.6,-18.9,-16.0
1.19,-11.9,-69.0,-24.3,-18.2,-16.1
1.20,-11.6,-69.0,-22.9,-19.8,-16.1
1.21,-11.0,-69.1,-21.3,-19.9,-15.8
1.22,-11.8,-69.0,-20.9,-22.1,-16.2
1.23,-11.8,-70.3,-21.2,-22.8,-15.8
1.24,-12.1,-70.4,-21.3,-23.9,-15.6
1.25,-12.5,-70.2,-22.4,-25.1,-15.3
1.26,-12.4,-70.4,-22.7,-25.1,-15.1
1.27,-12.1,-70.3,-22.4,-24.5,-14.9
1.28,-12.3,-70.3,-23.4,-23.8,-14.8
1.29,-12.5,-70.1,-22.6,-23.5,-15.0
1.30,-13.0,-70.1,-22.4,-22.9,-15.1
1.31,-12.1,-70.3,-20.1,-21.9,-15.3
1.32,-12.4,-70.2,-20.2,-21.8,-15.4
1.33,-12.2,-70.0,-20.3,-22.0,-15.3
1.34,-11.5,-70.0,-18.8,-21.9,-14.9
1.35,-11.3,-70.2,-19.1,-21.6,-14.8
1.36,-11.5,-70.0,-20.5,-21.0,-14.6
1.37,-11.4,-70.1,-19.9,-21.2,-14.5
1.38,-11.5,-70.2,-21.0,-20.7,-14.5
1.39,-12.0,-70.1,-24.1,-21.1,-14.2
1.40,-12.6,-70.5,-24.7,-22.0,-14.5
1.41,-12.7,-71.0,-25.1,-22.7,-14.5
1.42,-13.1,-71.0,-26.1,-23.5,-14.8
1.43,-13.7,-71.5,-25.8,-24.4,-15.3
1.44,-13.3,-71.6,-24.7,-24.0,-15.4
1.45,-13.4,-71.7,-24.8,-24.6,-15.5
1.46,-13.4,-71.6,-24.4,-23.6,-15.4
1.47,-13.4,-71.2,-23.3,-23.2,-15.6
1.48,-13.4,-70.9,-22.7,-22.7,-15.6
1.49,-13.2,-70.7,-23.7,-21.8,-15.4
1.50,-13.3,-70.3,-23.7,-21.5,-15.3
1.51,-13.6,-69.9,-25.0,-21.3,-15.3
1.52,-13.1,-70.3,-27.7,-20.9,-15.1
1.53,-13.5,-69.5,-27.9,-21.3,-15.2
1.54,-13.4,-69.8,-26.3,-21.9,-15.2
1.55,-13.6,-69.9,-24.9,-22.6,-15.3
1.56,-13.3,-70.1,-23.5,-23.5,-15.4
1.57,-13.5,-70.6,-22.9,-24.8,-15.7
1.58,-13.8,-71.2,-21.7,-25.7,-15.6
1.59,-13.6,-71.3,-21.2,-26.8,-15.3
1.60,-13.2,-71.7,-20.1,-28.5,-15.4
1.61,-12.9,-71.6,-19.7,-29.5,-14.9
1.62,-12.8,-71.5,-18.7,-31.6,-14.6
1.63,-12.6,-71.7,-18.6,-33.5,-14.6
1.64,-12.2,-71.7,-18.8,-29.8,-14.7
1.65,-12.8,-71.7,-18.8,-27.9,-14.8
1.66,-11.9,-71.6,-18.8,-27.0,-14.6
1.67,-12.1,-71.6,-19.0,-24.8,-15.0
1.68,-12.7,-70.9,-19.2,-24.8,-15.1
1.69,-12.2,-70.6,-19.4,-24.2,-15.4
1.70,-12.7,-66.3,-19.3,-25.6,-15.7
1.71,-12.7,-66.4,-19.3,-25.8,-15.8
1.72,-12.6,-66.5,-18.8,-28.2,-15.8
1.73,-12.4,-66.6,-18.2,-25.8,-16.0
1.74,-11.9,-68.7,-17.7,-24.5,-16.2
1.75,-11.3,-71.4,-18.2,-24.1,-15.5
1.76,-11.0,-71.1,-18.5,-23.9,-14.8
1.77,-11.2,-71.2,-19.7,-23.6,-14.6
1.78,-11.6,-71.4,-20.4,-25.3,-14.1
1.79,-11.5,-71.4,-20.3,-25.4,-13.8
1.80,-11.8,-71.3,-19.7,-24.5,-14.0
1.81,-11.9,-71.3,-19.4,-24.3,-14.3
1.82,-11.9,-71.3,-19.7,-25.3,-14.6
1.83,-12.5,-71.3,-20.6,-25.5,-14.8
1.84,-13.5,-71.3,-22.6,-25.2,-15.2
1.85,-13.5,-71.3,-24.1,-25.1,-15.6
1.86,-13.2,-71.3,-26.6,-23.5,-15.5
1.87,-13.5,-70.7,-27.7,-22.7,-15.8
1.88,-12.8,-70.0,-26.8,-22.7,-15.4
1.89,-12.6,-69.7,-25.7,-22.2,-15.5
1.90,-12.9,-69.5,-23.8,-23.0,-15.7
1.91,-12.4,-69.5,-23.0,-23.2,-15.6
1.92,-12.8,-70.5,-22.7,-24.6,-15.9
1.93,-13.0,-70.3,-22.4,-26.6,-15.7
1.94,-12.3,-70.7,-23.1,-23.2,-15.6
1.95,-12.2,-70.7,-23.7,-22.1,-15.6
1.96,-11.6,-70.7,-23.4,-21.1,-15.1
1.97,-11.2,-70.9,-23.8,-20.1,-14.9
1.98,-11.1,-71.3,-22.5,-20.1,-14.8
1.99,-11.7,-71.3,-21.9,-21.1,-14.9
2.00,-12.2,-71.7,-20.4,-21.9,-15.3
2.01,-12.2,-71.6,-20.3,-21.3,-15.7
2.02,-12.1,-71.3,-20.2,-21.0,-15.9
2.03,-11.9,-71.5,-19.2,-20.6,-16.0
2.04,-11.8,-70.9,-19.3,-20.8,-16.0
2.05,-12.1,-70.7,-20.3,-21.0,-16.0
2.06,-11.5,-70.5,-19.5,-21.1,-15.5
2.07,-12.3,-70.1,-20.6,-21.1,-15.6
2.08,-12.4,-70.1,-22.6,-20.9,-15.6
2.09,-12.3,-70.5,-23.1,-20.3,-15.4
2.10,-12.3,-70.7,-23.6,-19.9,-15.5
2.11,-12.8,-70.8,-24.8,-19.7,-15.5
2.12,-12.5,-70.7,-25.6,-19.1,-15.6
2.13,-12.7,-70.4,-25.2,-18.8,-15.9
2.14,-12.9,-70.3,-26.1,-18.6,-15.8
2.15,-12.4,-70.3,-25.1,-18.5,-15.6
2.16,-12.2,-70.3,-24.7,-18.5,-15.7
2.17,-12.5,-70.6,-23.6,-19.1,-15.7
2.18,-12.1,-70.8,-24.3,-19.4,-15.5
2.19,-12.4,-70.6,-24.8,-19.4,-16.0
2.20,-12.4,-70.1,-24.4,-20.2,-15.9
2.21,-12.9,-69.9,-25.8,-21.0,-15.9
2.22,-12.6,-69.3,-25.1,-21.0,-15.9
2.23,-12.9,-69.3,-25.0,-21.2,-16.1
2.24,-12.0,-69.4,-21.7,-21.3,-15.9
2.25,-12.1,-69.7,-20.4,-21.4,-16.2
2.26,-11.7,-70.2,-19.7,-20.5,-16.0
2.27,-11.5,-71.0,-19.2,-20.1,-16.0
2.28,-11.3,-71.5,-18.9,-20.3,-15.9
2.29,-12.6,-71.4,-19.4,-20.7,-16.0
2.30,-12.1,-71.4,-20.0,-19.9,-16.2
2.31,-13.0,-71.6,-20.1,-20.2,-16.4
2.32,-13.2,-71.3,-20.6,-19.8,-15.9
2.33,-13.0,-71.4,-22.5,-19.4,-15.5
2.34,-13.1,-71.7,-23.2,-19.4,-15.7
2.35,-13.7,-71.9,-24.5,-19.4,-15.9
2.36,-13.6,-72.3,-24.4,-19.6,-16.2
2.37,-13.1,-72.1,-23.6,-19.7,-16.4
2.38,-13.0,-71.9,-23.5,-19.8,-16.5
2.39,-13.0,-71.7,-23.7,-20.1,-16.3
2.40,-12.9,-71.7,-23.6,-20.0,-16.3
2.41,-12.7,-71.0,-23.3,-20.1,-16.7
2.42,-12.6,-71.3,-23.3,-20.1,-16.7
2.43,-12.8,-71.3,-23.1,-20.5,-16.4
2.44,-13.2,-71.1,-24.0,-21.1,-16.2
2.45,-12.8,-71.2,-24.0,-20.9,-16.0
2.46,-13.4,-71.3,-26.2,-21.6,-15.8
2.47,-13.7,-71.5,-26.6,-21.7,-15.8
2.48,-13.8,-71.3,-26.9,-21.9,-16.0
2.49,-12.9,-71.6,-27.6,-21.4,-15.7
2.50,-14.1,-71.8,-29.9,-22.0,-16.1
2.51,-13.9,-71.5,-29.5,-22.2,-15.9
2.52,-12.8,-71.3,-29.3,-21.3,-15.8
2.53,-13.2,-71.2,-30.3,-21.2,-16.2
2.54,-13.8,-71.0,-31.1,-21.3,-16.5
2.55,-13.4,-71.0,-32.3,-20.9,-16.3
2.56,-13.4,-70.2,-26.6,-20.8,-17.0
2.57,-13.3,-69.9,-25.0,-21.4,-16.5
2.58,-13.0,-69.9,-22.1,-22.3,-16.6
2.59,-12.6,-69.7,-21.0,-21.9,-16.7
2.60,-12.4,-68.9,-20.4,-21.9,-16.7
2.61,-12.3,-69.4,-20.3,-21.5,-16.5
2.62,-12.3,-69.6,-20.5,-21.5,-16.3
2.63,-12.3,-68.8,-22.1,-21.4,-15.8
2.64,-11.7,-69.2,-22.7,-20.6,-15.5
2.65,-11.6,-68.9,-22.6,-20.6,-15.2
2.66,-11.8,-69.2,-22.9,-20.9,-15.3
2.67,-11.1,-68.6,-22.4,-19.8,-15.0
2.68,-11.6,-68.9,-21.5,-19.8,-15.1
2.69,-11.6,-69.5,-19.5,-20.6,-15.4
2.70,-11.6,-69.9,-19.5,-20.2,-15.5
2.71,-12.0,-69.9,-19.7,-19.8,-15.6
2.72,-11.6,-70.5,-18.2,-20.4,-15.8
2.73,-11.7,-70.2,-18.4,-20.7,-15.8
2.74,-12.3,-70.1,-19.8,-20.1,-15.9
2.75,-12.0,-69.9,-19.1,-20.1,-16.0
2.76,-12.5,-69.9,-20.2,-20.5,-16.5
2.77,-13.7,-69.9,-23.1,-20.0,-16.5
2.78,-13.9,-70.6,-23.9,-19.3,-16.6
2.79,-13.8,-70.8,-24.6,-19.5,-16.6
2.80,-14.3,-71.0,-26.0,-19.6,-16.7
2.81,-14.3,-71.2,-26.1,-19.4,-16.5
2.82,-14.2,-71.2,-24.6,-19.2,-16.8
2.83,-13.7,-71.2,-24.9,-19.5,-16.9
2.84,-13.8,-71.1,-24.4,-19.2,-17.1
2.85,-13.6,-70.7,-23.1,-18.6,-17.5
2.86,-13.7,-70.7,-22.9,-19.1,-17.4
2.87,-13.7,-70.5,-23.6,-19.4,-17.7
2.88,-14.1,-70.2,-23.6,-19.3,-17.6
2.89,-13.9,-70.2,-25.2,-19.6,-17.2
2.90,-13.9,-70.4,-26.7,-20.7,-16.8
2.91,-13.9,-70.0,-26.7,-20.1,-17.0
2.92,-13.6,-69.8,-25.7,-19.6,-16.9
2.93,-13.1,-70.3,-23.2,-19.8,-16.9
2.94,-11.9,-69.9,-21.0,-19.5,-16.6
2.95,-11.6,-69.6,-20.6,-18.3,-16.4
2.96,-10.8,-69.8,-19.8,-17.7,-16.0
2.97,-10.5,-69.1,-19.2,-17.8,-15.8
2.98,-10.6,-68.7,-19.2,-17.5,-15.8
2.99,-10.8,-68.8,-19.3,-17.0,-16.1
3.00,-10.3,-68.5,-18.7,-17.0,-16.1
3.01,-10.7,-68.9,-18.6,-17.0,-16.2
3.02,-10.3,-68.6,-19.0,-16.7,-16.0
3.03,-10.4,-68.6,-19.1,-16.7,-15.8
3.04,-10.2,-69.0,-19.4,-17.1,-15.7
3.05,-10.5,-68.9,-19.7,-17.1,-15.5
3.06,-10.2,-68.1,-19.6,-17.4,-15.5
3.07,-10.8,-67.4,-20.0,-18.0,-15.3
3.08,-10.4,-66.5,-19.8,-18.4,-15.4
3.09,-11.1,-66.5,-20.0,-18.6,-16.0
3.10,-10.9,-67.1,-19.7,-19.4,-16.3
3.11,-11.5,-67.6,-18.9,-20.3,-16.6
3.12,-10.8,-69.5,-18.2,-19.8,-16.7
3.13,-11.6,-69.3,-18.5,-20.1,-16.6
3.14,-11.5,-68.7,-18.6,-20.1,-16.4
3.15,-11.6,-68.4,-19.2,-19.8,-16.2
3.16,-12.3,-67.5,-19.9,-20.0,-16.3
3.17,-12.0,-67.1,-19.8,-20.2,-16.3
3.18,-12.1,-67.3,-19.3,-20.2,-16.6
3.19,-11.8,-67.5,-19.0,-19.7,-16.7
3.20,-12.2,-68.5,-19.7,-20.2,-16.7
3.21,-12.4,-69.7,-20.3,-20.2,-16.9
3.22,-12.8,-69.5,-22.3,-20.1,-16.7
3.23,-13.1,-70.5,-23.4,-20.7,-16.7
3.24,-14.0,-70.4,-24.4,-21.6,-17.2
3.25,-13.5,-70.1,-23.9,-21.7,-17.2
3.26,-13.5,-69.5,-23.4,-22.5,-17.0
3.27,-13.2,-69.8,-22.4,-24.1,-16.6
3.28,-12.6,-69.7,-21.5,-24.1,-16.2
3.29,-12.3,-69.7,-20.7,-22.9,-15.8
3.30,-11.7,-69.9,-20.1,-21.9,-15.6
3.31,-11.6,-70.3,-20.0,-21.0,-15.2
3.32,-10.9,-70.6,-19.5,-20.2,-15.2
3.33,-11.2,-70.4,-20.1,-20.1,-15.3
3.34,-10.8,-70.2,-20.1,-20.0,-15.3
3.35,-10.7,-70.4,-21.3,-20.0,-15.0
3.36,-11.3,-70.4,-21.1,-20.9,-15.4
3.37,-11.3,-70.1,-20.9,-21.2,-15.0
3.38,-11.5,-70.3,-20.7,-21.8,-14.8
3.39,-11.5,-70.3,-20.7,-22.2,-14.7
3.40,-11.1,-70.4,-20.9,-21.7,-14.6
3.41,-10.8,-70.0,-19.6,-21.0,-14.8
3.42,-10.6,-70.4,-19.5,-20.0,-14.9
3.43,-10.1,-70.4,-19.8,-19.8,-15.0
3.44,-10.4,-70.6,-18.8,-20.4,-15.4
3.45,-10.9,-70.8,-19.7,-21.0,-15.7
3.46,-11.4,-71.4,-21.0,-21.6,-15.6
3.47,-12.1,-71.3,-21.2,-23.1,-16.2
3.48,-12.4,-71.2,-22.0,-23.4,-16.3
3.49,-12.1,-70.6,-22.6,-22.8,-16.0
3.50,-12.2,-70.9,-23.4,-22.6,-16.1
3.51,-11.9,-70.3,-23.3,-21.7,-16.0
3.52,-12.0,-70.1,-24.5,-20.9,-15.8
3.53,-11.7,-69.9,-24.0,-20.2,-15.6
3.54,-11.6,-70.0,-23.6,-19.9,-15.5
3.55,-11.7,-69.7,-23.1,-20.2,-15.6
3.56,-12.0,-69.9,-23.3,-20.7,-15.5
3.57,-12.4,-70.2,-23.7,-20.8,-16.0
3.58,-12.5,-69.8,-23.8,-20.7,-16.3
3.59,-12.5,-69.7,-24.7,-20.6,-16.4
3.60,-12.2,-69.1,-24.2,-19.9,-16.4
3.61,-11.6,-69.1,-23.8,-19.2,-16.3
3.62,-11.4,-68.7,-23.3,-19.0,-16.0
3.63,-11.4,-69.1,-22.6,-19.8,-16.1
3.64,-11.5,-69.4,-23.0,-19.9,-16.0
3.65,-12.1,-69.7,-22.4,-21.0,-16.2
3.66,-12.6,-70.1,-22.8,-21.7,-16.1
3.67,-12.8,-70.7,-21.8,-23.8,-16.4
3.68,-13.2,-71.1,-21.7,-24.4,-16.3
3.69,-12.6,-70.4,-20.4,-23.9,-16.3
3.70,-12.3,-70.4,-20.4,-22.4,-15.9
3.71,-11.8,-70.3,-20.2,-21.7,-15.9
3.72,-12.1,-70.4,-20.1,-21.0,-16.3
3.73,-11.2,-70.7,-19.6,-20.3,-16.1
3.74,-11.3,-70.9,-19.7,-20.2,-15.8
3.75,-11.7,-71.3,-19.2,-21.4,-16.3
3.76,-12.2,-71.2,-19.7,-22.8,-16.5
3.77,-12.1,-70.8,-20.8,-22.8,-15.8
3.78,-11.7,-70.6,-21.7,-21.4,-15.9
3.79,-11.6,-70.4,-22.9,-20.1,-15.8
3.80,-11.3,-70.2,-24.7,-19.0,-15.5
3.81,-11.3,-70.3,-25.9,-18.2,-15.7
3.82,-11.9,-70.2,-28.1,-18.3,-16.1
3.83,-12.1,-70.4,-27.4,-18.9,-15.9
3.84,-12.5,-70.3,-27.5,-19.8,-15.9
3.85,-12.7,-70.5,-27.4,-20.1,-16.1
3.86,-12.2,-70.5,-26.5,-19.8,-16.0
3.87,-12.1,-70.3,-26.8,-19.4,-16.2
3.88,-12.1,-70.0,-27.8,-18.7,-16.3
3.89,-11.4,-69.7,-28.8,-18.0,-15.9
3.90,-11.3,-69.9,-30.2,-17.8,-15.9
3.91,-11.5,-69.8,-31.2,-18.2,-15.7
3.92,-11.6,-70.1,-31.8,-18.6,-15.8
3.93,-11.8,-70.7,-32.6,-18.6,-15.9
3.94,-11.7,-69.5,-27.0,-18.8,-16.0
3.95,-11.3,-69.3,-24.5,-19.3,-15.9
3.96,-11.1,-68.7,-22.2,-20.0,-15.4
3.97,-11.3,-68.7,-21.4,-21.1,-15.3
3.98,-10.9,-68.3,-20.1,-22.3,-14.9
3.99,-10.9,-68.9,-19.4,-23.3,-14.7
4.00,-11.5,-69.4,-19.1,-24.3,-15.0
4.01,-12.0,-69.8,-19.7,-24.6,-15.4
4.02,-12.0,-70.0,-19.1,-24.6,-15.4
4.03,-12.3,-70.6,-19.1,-23.8,-15.6
4.04,-12.8,-70.6,-19.4,-23.3,-15.9
4.05,-12.5,-70.5,-18.7,-22.9,-16.0
4.06,-12.6,-70.6,-19.2,-22.3,-16.1
4.07,-11.9,-70.7,-18.5,-20.8,-16.2
4.08,-11.8,-70.9,-18.8,-20.1,-16.2
4.09,-11.6,-70.2,-20.1,-19.8,-15.9
4.10,-12.0,-70.2,-18.9,-20.1,-16.2
4.11,-11.8,-70.1,-19.1,-20.0,-16.0
4.12,-12.7,-69.3,-20.4,-20.1,-16.0
4.13,-13.2,-68.7,-20.2,-19.9,-16.0
4.14,-13.2,-68.4,-20.6,-19.9,-16.2
4.15,-13.4,-67.1,-22.1,-19.8,-15.9
4.16,-13.0,-66.3,-22.1,-19.1,-15.9
4.17,-13.0,-65.7,-22.5,-18.4,-15.8
4.18,-12.5,-65.0,-22.5,-18.2,-15.7
4.19,-12.0,-65.1,-23.1,-18.4,-15.3
4.20,-12.1,-65.3,-23.0,-18.6,-15.4
4.21,-11.6,-65.0,-23.4,-18.2,-15.3
4.22,-11.6,-64.4,-22.7,-17.9,-15.4
4.23,-11.4,-65.2,-23.6,-18.0,-15.0
4.24,-12.0,-65.0,-24.4,-18.3,-15.1
4.25,-12.1,-65.1,-25.0,-18.4,-14.9
4.26,-12.1,-66.5,-26.3,-18.1,-15.0
4.27,-12.3,-68.1,-27.6,-18.4,-15.1
4.28,-13.3,-67.7,-27.0,-19.3,-15.3
4.29,-13.2,-68.4,-25.3,-20.6,-15.5
4.30,-13.8,-68.3,-24.5,-21.4,-15.9
4.31,-13.9,-68.4,-23.6,-22.6,-16.2
4.32,-14.1,-67.8,-22.0,-24.4,-16.5
4.33,-13.1,-68.6,-20.7,-25.3,-16.5
4.34,-12.6,-69.2,-19.4,-24.2,-16.4
4.35,-11.6,-69.3,-18.4,-23.1,-16.3
4.36,-11.5,-69.6,-17.9,-23.6,-16.3
4.37,-10.8,-70.0,-17.9,-22.6,-15.9
4.38,-11.3,-69.7,-18.3,-22.9,-16.3
4.39,-11.6,-70.4,-19.2,-23.2,-16.3
4.40,-12.1,-69.5,-20.5,-23.5,-16.1
4.41,-12.1,-69.4,-21.5,-22.9,-15.6
4.42,-13.7,-69.2,-23.3,-24.5,-16.2
4.43,-14.1,-69.0,-25.1,-25.4,-15.9
4.44,-14.3,-68.4,-26.1,-24.6,-16.1
4.45,-14.2,-69.0,-27.5,-24.7,-15.9
4.46,-14.0,-65.7,-25.1,-25.3,-16.2
4.47,-13.8,-65.8,-23.7,-24.7,-16.5
4.48,-12.6,-65.9,-21.1,-24.5,-16.0
4.49,-11.2,-65.9,-19.5,-22.7,-15.6
4.50,-10.9,-68.7,-18.9,-22.0,-15.6
4.51,-10.7,-69.6,-19.5,-21.4,-15.4
4.52,-10.4,-69.4,-19.3,-21.0,-15.2
4.53,-10.7,-69.5,-20.1,-20.8,-15.6
4.54,-10.7,-69.8,-20.2,-20.7,-15.7
4.55,-10.6,-69.9,-19.5,-20.6,-15.5
4.56,-10.5,-69.9,-19.2,-20.4,-15.3
4.57,-11.2,-69.6,-19.6,-20.3,-15.5
4.58,-11.9,-69.5,-20.3,-20.7,-15.4
4.59,-13.3,-69.2,-21.9,-21.4,-15.5
4.60,-14.4,-69.4,-23.1,-20.9,-15.9
4.61,-14.4,-69.2,-25.1,-20.4,-15.9
4.62,-14.4,-69.0,-26.2,-21.2,-16.3
4.63,-13.3,-64.9,-24.5,-21.7,-16.1
4.64,-13.0,-64.8,-23.8,-23.0,-15.9
4.65,-12.7,-64.8,-23.2,-23.9,-15.6
4.66,-12.2,-64.8,-22.2,-25.6,-15.0
4.67,-12.2,-66.0,-22.4,-25.9,-14.7
4.68,-12.9,-70.6,-22.0,-26.2,-14.9
4.69,-12.5,-70.4,-21.5,-24.1,-14.8
4.70,-12.2,-70.5,-21.1,-22.4,-15.0
4.71,-12.2,-70.5,-20.9,-21.2,-15.3
4.72,-11.5,-69.9,-20.4,-20.6,-15.0
4.73,-11.6,-69.6,-20.4,-20.6,-15.1
4.74,-11.5,-69.5,-20.6,-19.7,-15.3
4.75,-11.8,-69.3,-20.4,-19.6,-15.1
4.76,-12.4,-69.6,-20.9,-19.2,-15.5
4.77,-12.7,-70.0,-21.3,-18.7,-15.7
4.78,-12.8,-70.2,-21.5,-18.6,-15.8
4.79,-12.8,-70.2,-20.0,-19.0,-16.2
4.80,-12.9,-70.3,-20.1,-19.4,-16.3
4.81,-12.8,-70.5,-20.9,-20.1,-16.0
4.82,-12.4,-70.5,-19.9,-20.4,-15.9
4.83,-12.9,-70.6,-21.1,-20.5,-15.8
4.84,-13.2,-70.7,-22.8,-20.6,-16.1
4.85,-13.2,-70.4,-23.3,-20.2,-16.2
4.86,-13.7,-70.1,-24.3,-20.0,-16.2
4.87,-13.8,-69.9,-25.4,-19.6,-16.4
4.88,-13.9,-69.8,-25.4,-19.4,-16.4
4.89,-13.7,-69.9,-25.6,-19.3,-16.2
4.90,-13.8,-70.2,-25.9,-19.2,-16.4
4.91,-13.9,-70.2,-26.1,-18.9,-16.4
4.92,-13.4,-70.0,-24.5,-18.9,-16.5
4.93,-13.2,-70.5,-24.1,-18.6,-16.6
4.94,-13.0,-70.4,-24.3,-18.6,-16.7
4.95,-13.1,-70.4,-24.5,-18.7,-16.5
4.96,-13.3,-70.2,-25.2,-19.0,-16.6
4.97,-13.3,-70.3,-26.3,-19.1,-16.5
4.98,-14.0,-68.3,-25.6,-19.9,-16.7
4.99,-13.6,-68.4,-24.9,-20.4,-16.4
5.00,-13.1,-68.6,-24.1,-20.2,-16.2
5.01,-12.7,-68.5,-23.3,-20.4,-15.8
5.02,-12.5,-70.1,-23.2,-20.7,-15.6
5.03,-12.5,-71.0,-22.4,-20.7,-15.6
5.04,-12.7,-71.3,-22.5,-20.2,-15.7
5.05,-12.7,-71.1,-21.4,-20.6,-16.1
5.06,-12.6,-70.9,-20.3,-20.9,-16.0
5.07,-12.5,-70.7,-19.2,-20.9,-16.2
5.08,-12.7,-70.8,-18.8,-20.8,-16.4
5.09,-11.9,-70.8,-18.6,-20.4,-16.3
5.10,-11.7,-71.1,-18.9,-20.2,-16.3
5.11,-11.8,-70.5,-19.2,-19.7,-16.4
5.12,-11.8,-70.3,-19.7,-19.5,-16.6
5.13,-11.4,-70.5,-19.9,-19.1,-16.5
5.14,-11.9,-70.4,-20.7,-19.1,-16.3
5.15,-12.8,-70.2,-21.6,-19.0,-16.5
5.16,-13.4,-70.5,-22.1,-18.7,-17.1
5.17,-12.8,-70.2,-22.1,-18.4,-16.7
5.18,-13.0,-69.8,-23.2,-18.3,-16.6
5.19,-13.1,-69.6,-23.4,-18.2,-16.5
5.20,-12.9,-69.4,-25.8,-18.1,-16.1
5.21,-12.5,-69.3,-25.5,-18.0,-15.9
5.22,-13.0,-69.3,-26.3,-18.1,-16.1
5.23,-13.0,-69.4,-26.8,-18.4,-16.3
5.24,-13.1,-69.4,-26.2,-18.7,-16.4
5.25,-13.1,-69.6,-26.3,-18.7,-16.3
5.26,-13.7,-69.8,-27.7,-18.7,-16.5
5.27,-13.4,-69.5,-27.9,-18.6,-16.7
5.28,-13.4,-69.4,-28.2,-18.7,-16.9
5.29,-13.7,-69.5,-28.8,-18.9,-17.3
5.30,-13.8,-69.2,-29.5,-19.1,-17.7
5.31,-13.7,-68.8,-30.4,-19.1,-17.7
5.32,-13.1,-67.4,-26.9,-19.2,-17.6
5.33,-12.8,-67.4,-25.4,-19.7,-17.1
5.34,-12.0,-67.7,-21.9,-20.8,-16.2
5.35,-11.9,-67.8,-21.3,-22.0,-15.6
5.36,-11.6,-68.0,-21.0,-21.9,-15.2
5.37,-11.3,-69.1,-20.2,-21.7,-15.0
5.38,-11.2,-69.3,-20.5,-21.3,-14.9
5.39,-11.7,-69.1,-21.8,-20.6,-15.0
5.40,-11.4,-69.6,-21.0,-20.7,-14.9
5.41,-11.9,-70.0,-21.1,-20.7,-15.3
5.42,-12.0,-69.9,-21.0,-20.3,-15.5
5.43,-12.1,-69.8,-20.0,-20.1,-15.7
5.44,-12.0,-69.9,-20.1,-19.6,-16.1
5.45,-11.2,-69.6,-18.9,-19.1,-16.0
5.46,-11.0,-69.7,-18.9,-18.7,-16.0
5.47,-11.2,-69.5,-19.9,-18.5,-16.1
5.48,-11.1,-69.3,-18.4,-18.7,-16.0
5.49,-11.4,-69.2,-18.9,-18.6,-16.1
5.50,-12.6,-69.0,-20.4,-18.7,-16.5
5.51,-12.8,-68.9,-20.3,-18.9,-16.6
5.52,-12.9,-69.2,-21.7,-19.2,-16.6
5.53,-13.2,-69.5,-22.8,-19.5,-16.8
5.54,-13.0,-69.8,-22.4,-19.6,-16.6
5.55,-12.7,-70.0,-22.7,-19.6,-16.6
5.56,-12.8,-69.9,-22.9,-19.8,-16.6
5.57,-12.8,-70.1,-24.9,-19.7,-16.7
5.58,-12.5,-69.7,-24.4,-19.5,-16.5
5.59,-12.6,-69.3,-25.4,-19.3,-16.5
5.60,-12.6,-69.3,-24.7,-19.2,-16.6
5.61,-12.5,-68.9,-23.6,-19.0,-16.6
5.62,-12.5,-68.6,-23.5,-19.0,-16.7
5.63,-12.8,-68.3,-23.7,-19.0,-16.9
5.64,-12.8,-68.0,-23.7,-19.2,-16.7
5.65,-12.7,-67.7,-24.8,-19.4,-16.6
5.66,-12.9,-67.5,-26.2,-19.6,-16.5
5.67,-12.9,-67.4,-26.6,-19.7,-16.1
5.68,-12.6,-67.7,-26.7,-19.6,-16.1
5.69,-12.3,-67.8,-25.8,-19.3,-16.1
5.70,-12.7,-68.2,-25.8,-19.5,-16.4
5.71,-12.6,-68.3,-25.8,-19.4,-16.5
5.72,-12.8,-68.2,-25.2,-19.5,-16.8
5.73,-12.9,-68.1,-25.2,-19.5,-17.0
5.74,-13.5,-67.8,-26.0,-19.5,-17.3
5.75,-13.7,-67.6,-26.2,-19.4,-17.5
5.76,-13.7,-67.8,-25.9,-19.3,-17.4
5.77,-13.4,-68.3,-26.6,-19.0,-17.1
5.78,-13.2,-68.6,-27.8,-19.1,-16.7
5.79,-12.9,-68.6,-27.9,-18.8,-16.5
5.80,-12.9,-68.5,-28.1,-18.8,-16.6
5.81,-13.0,-68.4,-29.3,-18.7,-16.8
5.82,-12.7,-68.3,-29.0,-18.8,-16.6
5.83,-12.9,-68.2,-29.5,-18.8,-16.8
5.84,-13.3,-68.4,-27.9,-18.9,-17.1
5.85,-13.1,-67.8,-27.4,-18.7,-17.0
5.86,-12.9,-67.7,-27.1,-18.9,-16.8
5.87,-13.3,-67.5,-27.3,-19.0,-16.7
5.88,-12.9,-67.1,-26.8,-19.1,-16.5
5.89,-12.7,-66.9,-28.6,-19.1,-16.2
5.90,-12.5,-67.0,-28.6,-19.2,-16.0
5.91,-12.7,-66.9,-28.8,-19.3,-16.1
5.92,-13.0,-66.8,-29.4,-19.3,-16.2
5.93,-12.8,-67.0,-29.1,-19.2,-16.0
5.94,-13.0,-67.2,-29.0,-19.5,-15.9
5.95,-13.0,-67.2,-29.9,-19.6,-16.0
5.96,-12.8,-67.4,-30.6,-20.1,-15.7
5.97,-12.9,-68.1,-30.7,-20.6,-15.8
5.98,-12.8,-67.8,-30.4,-21.0,-15.7
5.99,-12.8,-67.8,-30.9,-21.1,-15.7
6.00,-12.9,-67.9,-30.9,-21.2,-15.9
6.01,-12.9,-67.8,-30.8,-21.2,-16.0
6.02,-13.0,-67.5,-31.6,-21.4,-16.1
6.03,-13.3,-67.7,-31.9,-21.8,-16.4
6.04,-13.5,-67.6,-32.5,-22.2,-16.5
6.05,-13.4,-67.4,-32.7,-22.6,-16.2
6.06,-13.3,-66.8,-32.1,-23.0,-16.1
6.07,-13.3,-66.4,-31.8,-23.5,-15.9
6.08,-13.1,-66.1,-31.9,-24.1,-15.6
6.09,-13.3,-65.8,-31.7,-24.4,-15.7
6.10,-13.0,-65.5,-31.5,-24.6,-15.3
6.11,-13.5,-65.4,-31.3,-25.2,-15.5
6.12,-13.3,-65.5,-31.7,-25.4,-15.3
6.13,-13.3,-64.7,-31.0,-25.6,-15.3
6.14,-13.5,-64.7,-31.0,-26.2,-15.3
6.15,-13.4,-64.2,-30.8,-25.9,-15.1
6.16,-13.6,-64.4,-31.5,-26.1,-15.3
6.17,-13.8,-64.5,-31.1,-25.8,-15.7
6.18,-13.9,-64.6,-31.8,-25.2,-15.9
6.19,-14.0,-64.9,-32.1,-24.8,-16.2
6.20,-13.8,-65.1,-33.0,-24.4,-16.1
6.21,-13.9,-65.1,-32.8,-23.9,-16.3
6.22,-13.8,-65.4,-33.6,-23.4,-16.2
6.23,-13.5,-65.4,-33.8,-23.2,-15.9
6.24,-13.4,-65.3,-33.8,-22.9,-15.9
6.25,-13.6,-65.5,-33.8,-22.8,-16.0
6.26,-13.7,-65.4,-35.0,-22.6,-16.0
6.27,-13.6,-65.4,-35.3,-22.8,-16.0
6.28,-13.6,-65.3,-34.8,-22.6,-16.1
6.29,-13.5,-65.8,-34.9,-22.4,-16.1
6.30,-13.3,-65.8,-34.9,-22.1,-16.1
6.31,-12.7,-65.8,-34.3,-21.7,-15.5
6.32,-12.9,-66.0,-34.7,-21.4,-15.8
6.33,-13.0,-66.0,-35.0,-21.5,-15.8
6.34,-12.8,-65.4,-35.2,-21.4,-15.6
6.35,-13.1,-65.5,-35.8,-21.8,-15.6
6.36,-13.2,-65.6,-36.9,-22.2,-15.7
6.37,-13.3,-65.6,-36.9,-22.8,-15.5
6.38,-13.7,-65.5,-37.0,-23.2,-15.8
6.39,-13.9,-65.2,-37.2,-23.9,-16.0
6.40,-13.9,-64.7,-37.4,-24.3,-15.9
6.41,-13.8,-64.3,-37.5,-24.7,-15.8
6.42,-13.9,-64.2,-37.1,-24.8,-16.0
6.43,-14.2,-64.1,-36.6,-25.7,-16.2
6.44,-14.0,-64.1,-35.9,-25.9,-16.1
6.45,-14.6,-63.7,-35.2,-26.6,-16.6
6.46,-15.3,-63.2,-35.1,-27.3,-17.0
6.47,-15.3,-62.7,-35.5,-28.0,-16.9
6.48,-15.3,-61.0,-36.2,-28.2,-16.9
6.49,-15.2,-59.6,-37.3,-28.4,-16.8
6.50,-14.9,-58.1,-37.6,-28.3,-16.5
6.51,-14.8,-56.7,-38.9,-28.6,-16.2
6.52,-14.8,-53.6,-40.3,-29.1,-16.2
6.53,-15.2,-52.1,-41.5,-30.1,-16.4
6.54,-15.8,-49.7,-43.1,-31.7,-16.9
6.55,-16.8,-47.6,-44.2,-34.1,-17.7
6.56,-17.9,-46.7,-45.0,-36.1,-18.8
6.57,-18.8,-46.3,-44.6,-37.9,-19.7
6.58,-19.4,-45.9,-44.4,-38.6,-20.3
6.59,-20.1,-46.3,-44.0,-40.8,-20.9
6.60,-20.9,-47.1,-44.2,-45.7,-21.6
6.61,-21.1,-48.0,-44.3,-49.0,-21.7
6.62,-21.9,-49.3,-44.7,-53.0,-22.3
6.63,-22.5,-51.4,-45.0,-55.9,-22.9
6.64,-22.9,-53.5,-45.4,-56.7,-23.3
6.65,-23.0,-56.2,-45.8,-57.7,-23.4
6.66,-23.3,-56.0,-46.4,-58.4,-23.7
6.67,-24.4,-49.3,-47.5,-59.8,-24.8
6.68,-24.1,-34.1,-48.2,-61.2,-25.0
6.69,-22.3,-26.2,-49.3,-62.7,-25.9
6.70,-20.3,-22.9,-49.9,-62.3,-25.8
6.71,-17.5,-18.6,-50.8,-62.3,-26.4
6.72,-14.6,-15.1,-51.4,-62.4,-26.1
6.73,-12.8,-13.1,-51.9,-62.5,-27.2
6.74,-11.8,-12.0,-51.7,-62.7,-27.4
6.75,-11.2,-11.3,-52.1,-63.6,-27.9
6.76,-11.2,-11.3,-52.4,-63.4,-28.3
6.77,-11.7,-11.8,-52.8,-63.9,-28.0
6.78,-12.6,-12.7,-53.9,-64.9,-27.7
6.79,-13.1,-13.3,-55.3,-65.5,-28.2
6.80,-13.5,-13.7,-56.9,-66.8,-27.7
6.81,-14.0,-14.2,-57.8,-67.5,-28.2
6.82,-14.2,-14.4,-58.6,-67.9,-28.1
6.83,-14.3,-14.5,-59.4,-68.3,-28.7
6.84,-14.5,-14.7,-59.7,-68.5,-29.0
6.85,-14.5,-14.7,-60.4,-68.5,-29.1
6.86,-14.5,-14.7,-60.3,-68.7,-29.5
6.87,-14.3,-14.7,-54.0,-68.3,-27.0
6.88,-13.7,-14.6,-49.6,-67.7,-22.8
6.89,-13.4,-14.7,-46.4,-67.5,-20.8
6.90,-13.0,-14.8,-43.6,-67.1,-19.3
6.91,-12.6,-14.8,-39.9,-66.6,-18.4
6.92,-12.5,-14.7,-37.8,-66.6,-18.4
6.93,-12.6,-14.6,-36.1,-66.5,-18.6
6.94,-12.4,-14.5,-34.6,-66.6,-18.6
6.95,-12.6,-14.7,-33.7,-66.5,-18.4
6.96,-13.0,-15.5,-32.5,-66.8,-18.1
6.97,-13.6,-16.6,-31.1,-67.1,-17.7
6.98,-13.9,-17.6,-30.3,-66.9,-17.6
6.99,-14.5,-19.0,-29.8,-67.1,-17.5
7.00,-14.6,-19.8,-29.5,-67.1,-17.1
7.01,-14.6,-19.9,-29.2,-66.7,-17.1
7.02,-14.3,-19.7,-29.2,-66.4,-17.1
7.03,-14.4,-19.6,-29.4,-66.2,-16.9
7.04,-14.2,-18.8,-29.1,-66.5,-16.9
7.05,-14.1,-18.5,-28.8,-66.3,-16.7
7.06,-14.1,-18.3,-28.9,-67.0,-17.1
7.07,-14.2,-18.0,-28.9,-66.9,-17.8
7.08,-14.6,-17.7,-29.0,-67.1,-18.3
7.09,-14.3,-17.1,-29.4,-67.3,-19.2
7.10,-14.0,-16.3,-29.8,-67.6,-19.8
7.11,-13.5,-15.9,-30.0,-67.9,-19.5
7.12,-13.5,-15.5,-30.1,-68.1,-19.5
7.13,-12.7,-14.9,-29.9,-68.0,-18.9
7.14,-13.0,-14.4,-29.8,-68.2,-19.2
7.15,-12.3,-14.1,-29.6,-68.3,-18.7
7.16,-12.1,-13.7,-29.5,-68.8,-18.6
7.17,-11.7,-13.4,-29.5,-68.6,-18.6
7.18,-12.0,-13.4,-29.7,-68.7,-18.5
7.19,-11.9,-13.4,-29.8,-68.3,-18.2
7.20,-12.1,-13.4,-30.2,-68.6,-18.2
7.21,-12.4,-13.6,-30.2,-68.2,-18.1
7.22,-12.4,-13.7,-30.2,-68.0,-18.6
7.23,-12.1,-13.7,-30.6,-68.3,-18.4
7.24,-12.4,-14.0,-30.9,-68.5,-18.3
7.25,-12.3,-14.0,-31.2,-68.5,-18.7
7.26,-11.7,-13.1,-31.6,-68.2,-19.7
7.27,-11.5,-12.6,-31.7,-67.9,-20.6
7.28,-11.3,-12.2,-31.7,-67.5,-21.1
7.29,-10.8,-11.6,-31.6,-67.4,-20.7
7.30,-11.1,-11.9,-31.3,-67.2,-20.7
7.31,-11.5,-12.4,-31.5,-67.4,-20.3
7.32,-11.7,-12.7,-31.3,-67.8,-19.7
7.33,-12.0,-13.0,-31.1,-68.1,-19.4
7.34,-12.0,-13.2,-31.1,-68.1,-19.1
7.35,-11.9,-13.1,-31.0,-68.2,-19.5
7.36,-11.7,-12.9,-30.9,-67.9,-19.1
7.37,-11.8,-13.1,-31.1,-68.0,-19.0
7.38,-11.9,-13.2,-31.2,-68.0,-18.7
7.39,-12.1,-13.4,-31.2,-68.0,-18.9
7.40,-12.2,-13.8,-31.3,-68.0,-18.4
7.41,-12.6,-14.1,-31.7,-67.7,-18.6
7.42,-12.7,-14.4,-32.2,-67.5,-18.2
7.43,-12.7,-14.8,-32.9,-67.3,-18.0
7.44,-12.4,-14.7,-33.9,-66.8,-18.2
7.45,-12.5,-14.9,-34.5,-66.8,-18.4
7.46,-12.6,-15.2,-35.5,-66.5,-18.1
7.47,-12.7,-15.3,-36.1,-66.2,-18.0
7.48,-13.2,-15.5,-36.2,-66.5,-18.2
7.49,-13.8,-16.0,-36.4,-66.3,-18.3
7.50,-14.1,-15.9,-37.0,-66.9,-18.0
7.51,-13.3,-15.0,-37.2,-66.3,-18.0
7.52,-12.6,-14.7,-37.7,-66.0,-18.2
7.53,-12.3,-14.6,-37.6,-66.0,-18.0
7.54,-12.6,-15.2,-37.7,-66.1,-18.2
7.55,-13.5,-16.7,-38.0,-66.4,-18.1
7.56,-14.6,-17.8,-38.3,-67.0,-18.2
7.57,-14.3,-16.8,-38.7,-67.6,-18.7
7.58,-13.3,-15.0,-40.2,-67.4,-19.0
7.59,-11.8,-13.0,-41.3,-67.2,-19.6
7.60,-11.0,-11.8,-42.3,-67.0,-20.6
7.61,-10.6,-11.3,-44.0,-66.8,-21.0
7.62,-10.7,-11.2,-44.3,-66.7,-22.0
7.63,-10.9,-11.4,-44.2,-66.8,-21.9
7.64,-11.1,-11.8,-44.1,-67.3,-21.7
7.65,-11.3,-12.0,-43.8,-67.1,-21.4
7.66,-11.4,-12.2,-43.8,-67.0,-21.0
7.67,-11.7,-12.4,-44.1,-67.0,-20.9
7.68,-11.8,-12.8,-44.6,-67.1,-20.7
7.69,-12.4,-13.5,-45.8,-67.2,-20.5
7.70,-13.1,-14.4,-46.8,-67.4,-20.0
7.71,-13.8,-15.5,-48.6,-67.8,-19.9
7.72,-14.3,-16.6,-49.9,-67.9,-19.5
7.73,-15.0,-17.6,-51.5,-67.9,-19.0
7.74,-14.2,-17.0,-52.9,-68.0,-18.7
7.75,-13.6,-15.8,-54.8,-67.8,-18.7
7.76,-12.9,-14.6,-57.1,-67.5,-18.6
7.77,-12.1,-13.6,-58.6,-67.4,-18.7
7.78,-11.7,-12.9,-59.8,-67.4,-19.1
7.79,-11.6,-12.7,-59.7,-67.3,-19.2
7.80,-11.6,-12.7,-59.4,-67.3,-19.0
7.81,-11.8,-13.0,-59.0,-67.1,-18.6
7.82,-11.9,-13.1,-58.9,-67.2,-18.4
7.83,-11.9,-13.1,-58.9,-67.0,-18.4
7.84,-11.9,-13.1,-58.7,-67.4,-18.3
7.85,-12.0,-13.2,-58.7,-67.4,-18.3
7.86,-12.0,-13.2,-59.7,-67.3,-18.3
7.87,-12.0,-13.3,-60.4,-67.7,-18.4
7.88,-12.2,-13.4,-61.0,-67.6,-18.2
7.89,-12.1,-13.5,-61.8,-67.6,-18.0
7.90,-12.0,-13.5,-61.3,-67.6,-18.0
7.91,-12.3,-13.6,-60.4,-67.6,-18.2
7.92,-12.1,-13.5,-59.9,-67.9,-17.8
7.93,-11.8,-13.3,-59.5,-67.9,-17.9
7.94,-11.8,-13.3,-59.4,-68.0,-18.1
7.95,-12.1,-13.4,-60.0,-67.7,-19.1
7.96,-12.5,-13.8,-60.1,-67.7,-19.8
7.97,-13.0,-14.5,-60.8,-67.9,-20.2
7.98,-13.9,-15.5,-61.7,-68.0,-20.3
7.99,-14.5,-16.4,-62.0,-67.9,-19.9
8.00,-14.6,-16.9,-62.6,-68.4,-19.5
8.01,-14.5,-16.8,-63.3,-68.4,-19.5
8.02,-14.4,-16.8,-63.5,-68.1,-19.5
8.03,-14.0,-16.1,-63.9,-68.2,-19.4
8.04,-14.1,-15.9,-64.9,-68.1,-19.5
8.05,-14.0,-15.9,-65.1,-67.8,-19.5
8.06,-14.1,-16.2,-65.8,-67.9,-18.9
8.07,-14.3,-16.3,-65.8,-68.0,-18.8
8.08,-14.2,-16.4,-65.5,-67.6,-18.6
8.09,-14.1,-15.9,-65.4,-67.4,-18.6
8.10,-13.8,-15.6,-65.0,-67.2,-18.7
8.11,-13.0,-14.5,-64.5,-67.3,-19.3
8.12,-11.9,-12.8,-64.5,-67.2,-20.2
8.13,-11.4,-12.0,-64.0,-67.0,-21.7
8.14,-11.0,-11.5,-63.6,-66.9,-22.9
8.15,-10.6,-10.9,-63.4,-66.7,-24.3
8.16,-10.7,-11.0,-63.0,-66.5,-23.2
8.17,-11.2,-11.6,-62.8,-66.6,-22.6
8.18,-11.6,-12.1,-63.0,-67.0,-22.1
8.19,-12.0,-12.7,-63.2,-67.4,-20.8
8.20,-12.6,-13.4,-63.6,-67.9,-20.8
8.21,-13.2,-14.3,-64.4,-68.2,-20.2
8.22,-13.7,-15.0,-64.9,-68.7,-20.0
8.23,-14.2,-15.6,-65.3,-68.6,-20.3
8.24,-13.8,-15.3,-66.0,-68.6,-19.4
8.25,-13.1,-14.6,-65.6,-68.0,-19.3
8.26,-12.5,-14.1,-65.3,-67.6,-18.4
8.27,-11.9,-13.6,-64.9,-67.2,-17.5
8.28,-11.6,-13.3,-64.6,-67.2,-17.5
8.29,-11.4,-13.2,-64.5,-67.3,-17.2
8.30,-11.5,-13.3,-64.6,-67.4,-17.0
8.31,-12.0,-13.4,-64.8,-67.5,-18.0
8.32,-12.2,-13.8,-64.9,-67.7,-17.9
8.33,-12.7,-14.6,-65.3,-67.9,-17.8
8.34,-13.0,-15.2,-65.4,-67.3,-17.6
8.35,-13.3,-15.9,-65.3,-67.2,-17.4
8.36,-14.1,-17.1,-65.0,-67.1,-17.9
8.37,-14.9,-18.5,-64.8,-66.6,-18.0
8.38,-15.4,-19.5,-64.8,-66.9,-18.3
8.39,-16.0,-20.3,-65.0,-67.2,-18.8
8.40,-17.2,-21.8,-65.2,-67.4,-19.5
8.41,-17.2,-21.6,-65.6,-67.7,-19.6
8.42,-17.3,-21.6,-65.0,-68.0,-19.7
8.43,-17.5,-22.2,-64.4,-68.0,-20.0
8.44,-17.9,-22.2,-64.1,-67.8,-20.3
8.45,-17.4,-21.7,-64.2,-68.4,-20.2
8.46,-17.1,-20.8,-64.2,-68.4,-20.2
8.47,-17.2,-20.1,-64.8,-68.3,-20.7
8.48,-17.0,-19.8,-65.1,-68.7,-20.7
8.49,-16.8,-19.6,-64.7,-68.6,-20.5
8.50,-17.0,-19.7,-64.7,-68.8,-20.6
8.51,-17.3,-19.8,-63.8,-68.1,-20.6
8.52,-16.6,-19.5,-62.7,-67.7,-19.5
8.53,-15.9,-18.9,-62.4,-67.8,-19.2
8.54,-16.0,-18.5,-61.6,-67.6,-19.4
8.55,-15.1,-18.0,-61.1,-67.6,-18.4
8.56,-14.5,-17.6,-61.3,-67.9,-18.2
8.57,-14.9,-17.5,-61.8,-68.0,-19.0
8.58,-14.7,-17.4,-61.9,-67.7,-18.5
8.59,-13.7,-16.0,-62.3,-67.9,-18.6
8.60,-13.2,-14.8,-62.4,-67.3,-19.6
8.61,-12.7,-14.0,-62.1,-67.1,-20.0
8.62,-12.2,-13.2,-62.2,-67.0,-20.6
8.63,-11.9,-12.7,-62.1,-66.5,-21.3
8.64,-12.0,-12.7,-62.6,-66.2,-22.2
8.65,-11.7,-12.4,-62.9,-66.5,-22.4
8.66,-11.6,-12.4,-62.9,-66.6,-22.1
8.67,-12.0,-12.8,-62.7,-66.6,-22.0
8.68,-12.3,-13.2,-62.8,-67.0,-21.9
8.69,-13.1,-14.2,-62.8,-66.9,-21.9
8.70,-14.4,-15.6,-63.1,-66.4,-22.0
8.71,-15.1,-16.5,-63.5,-66.5,-21.1
8.72,-15.0,-16.7,-64.2,-66.3,-21.1
8.73,-14.1,-15.7,-64.1,-66.6,-21.2
8.74,-13.0,-14.3,-64.5,-66.7,-20.3
8.75,-12.5,-13.6,-64.6,-67.1,-20.4
8.76,-12.2,-13.2,-64.7,-67.6,-21.2
8.77,-12.1,-13.2,-64.6,-67.5,-20.6
8.78,-11.8,-12.9,-65.0,-67.7,-20.1
8.79,-12.0,-13.1,-64.9,-67.6,-20.6
8.80,-11.9,-13.0,-65.6,-67.8,-20.1
8.81,-12.0,-13.3,-65.6,-67.9,-20.0
8.82,-12.4,-13.9,-65.1,-67.3,-19.8
8.83,-13.2,-15.5,-64.3,-66.8,-18.6
8.84,-13.7,-16.9,-64.0,-65.5,-17.6
8.85,-14.1,-19.1,-63.7,-65.1,-16.8
8.86,-14.8,-20.7,-64.0,-65.3,-16.6
8.87,-15.2,-21.1,-64.8,-65.3,-17.0
8.88,-15.6,-20.8,-65.5,-66.4,-17.6
8.89,-16.0,-20.6,-65.7,-67.3,-18.2
8.90,-16.4,-19.4,-65.5,-67.9,-19.8
8.91,-16.1,-18.9,-64.9,-68.0,-19.9
8.92,-15.6,-18.6,-64.8,-68.0,-19.3
8.93,-16.2,-18.7,-65.0,-67.9,-20.2
8.94,-15.8,-18.1,-64.9,-67.8,-20.7
8.95,-15.1,-17.2,-65.1,-67.5,-20.0
8.96,-14.1,-16.1,-65.3,-67.3,-19.8
8.97,-13.3,-15.0,-65.5,-67.4,-19.9
8.98,-12.7,-14.3,-65.1,-66.9,-19.0
8.99,-12.2,-14.0,-65.4,-67.1,-18.2
9.00,-12.5,-14.5,-65.7,-67.4,-18.1
9.01,-13.3,-15.6,-65.6,-67.6,-18.1
9.02,-14.4,-17.2,-65.5,-67.6,-18.4
9.03,-15.5,-19.9,-65.6,-67.7,-18.2
9.04,-16.5,-25.2,-65.3,-67.4,-17.5
9.05,-17.1,-29.0,-65.3,-67.3,-17.7
9.06,-17.0,-34.5,-65.8,-67.3,-17.4
9.07,-17.0,-38.8,-65.9,-67.1,-17.1
9.08,-17.7,-40.7,-66.5,-67.2,-17.8
9.09,-17.9,-40.2,-67.4,-67.6,-18.2
9.10,-17.4,-32.2,-67.5,-67.6,-17.7
9.11,-17.4,-29.7,-67.4,-67.9,-17.9
9.12,-16.9,-23.8,-67.4,-68.5,-18.2
9.13,-15.4,-19.7,-66.4,-68.6,-18.0
9.14,-14.1,-17.1,-66.4,-68.4,-18.1
9.15,-13.5,-15.5,-66.6,-68.3,-18.6
9.16,-12.4,-14.2,-65.8,-67.7,-18.4
9.17,-11.9,-13.4,-66.0,-67.3,-18.5
9.18,-11.8,-13.0,-66.2,-66.9,-18.9
9.19,-11.7,-12.7,-66.1,-67.1,-19.4
9.20,-11.7,-12.5,-66.3,-67.2,-19.9
9.21,-11.8,-12.4,-66.7,-67.3,-20.3
9.22,-11.7,-12.4,-66.6,-67.5,-19.9
9.23,-11.9,-12.7,-66.7,-68.0,-20.3
9.24,-12.5,-13.6,-67.2,-68.3,-19.8
9.25,-13.3,-14.7,-67.5,-68.5,-19.4
9.26,-14.6,-16.0,-67.7,-68.6,-20.7
9.27,-15.3,-17.5,-67.9,-68.6,-20.0
9.28,-15.6,-18.2,-68.1,-68.5,-19.6
9.29,-15.1,-17.2,-68.0,-68.4,-20.5
9.30,-13.3,-14.6,-67.8,-68.1,-20.5
9.31,-12.4,-13.4,-67.0,-67.8,-20.5
9.32,-12.1,-12.8,-66.4,-67.4,-22.4
9.33,-11.6,-12.3,-66.2,-67.3,-21.9
9.34,-11.7,-12.3,-65.8,-67.3,-22.1
9.35,-12.2,-12.9,-65.5,-67.4,-22.4
9.36,-12.5,-13.2,-65.5,-67.2,-22.3
9.37,-12.4,-13.1,-64.9,-67.3,-22.5
9.38,-12.8,-13.5,-64.1,-66.9,-22.2
9.39,-13.0,-13.9,-64.0,-66.9,-21.7
9.40,-13.1,-14.0,-64.2,-67.0,-21.1
9.41,-13.5,-14.5,-64.6,-67.4,-20.9
9.42,-14.2,-15.5,-65.3,-68.0,-20.8
9.43,-14.8,-16.4,-66.0,-68.2,-20.9
9.44,-15.3,-17.2,-66.3,-68.1,-20.6
9.45,-16.0,-18.6,-67.2,-68.1,-20.2
9.46,-16.0,-18.5,-67.0,-68.2,-20.5
9.47,-14.9,-17.1,-66.8,-68.1,-20.1
9.48,-14.2,-15.8,-67.3,-68.2,-20.6
9.49,-13.6,-14.5,-66.8,-68.1,-21.6
9.50,-12.7,-13.4,-66.4,-67.8,-22.1
9.51,-12.5,-13.1,-66.1,-67.4,-22.7
9.52,-12.4,-13.0,-65.8,-67.2,-22.5
9.53,-12.5,-13.3,-65.7,-67.1,-21.6
9.54,-12.8,-13.6,-65.6,-67.4,-21.6
9.55,-13.1,-14.1,-65.9,-67.5,-20.7
9.56,-13.2,-14.5,-65.7,-67.3,-19.5
9.57,-13.3,-14.8,-65.9,-66.9,-19.6
9.58,-13.5,-15.2,-65.5,-66.8,-19.0
9.59,-13.6,-15.6,-65.3,-66.6,-18.5
9.60,-14.0,-15.9,-65.7,-67.2,-18.8
9.61,-14.2,-16.3,-65.4,-67.4,-18.8
9.62,-14.1,-16.5,-64.8,-67.6,-18.2
9.63,-13.8,-16.3,-64.7,-67.5,-17.9
9.64,-13.3,-16.0,-64.0,-67.5,-17.4
9.65,-12.7,-15.7,-63.5,-67.0,-16.6
9.66,-12.5,-15.2,-63.8,-66.5,-16.6
9.67,-12.0,-14.7,-63.6,-66.3,-16.1
9.68,-11.9,-14.4,-63.7,-66.0,-15.9
9.69,-11.7,-14.2,-64.0,-65.7,-16.1
9.70,-11.9,-14.1,-64.3,-65.3,-16.3
9.71,-12.0,-14.2,-64.6,-65.4,-16.5
9.72,-12.3,-14.3,-64.9,-65.3,-16.8
9.73,-12.3,-14.4,-65.3,-65.7,-16.7
9.74,-12.3,-14.6,-66.1,-66.5,-16.5
9.75,-12.3,-14.6,-65.8,-66.9,-16.5
9.76,-12.1,-14.7,-65.2,-67.5,-15.8
9.77,-12.2,-14.8,-65.3,-67.7,-15.8
9.78,-12.4,-14.8,-65.0,-67.4,-15.9
9.79,-12.2,-14.8,-65.1,-67.2,-15.8
9.80,-12.4,-14.7,-65.7,-67.1,-16.3
9.81,-12.2,-14.8,-65.2,-67.1,-15.9
9.82,-12.4,-14.9,-65.5,-67.2,-16.2
9.83,-12.9,-15.2,-65.2,-67.5,-17.2
9.84,-13.6,-16.0,-65.0,-67.8,-17.6
9.85,-14.5,-17.2,-65.6,-67.9,-18.5
9.86,-15.8,-19.1,-66.3,-68.3,-19.4
9.87,-17.1,-21.9,-65.6,-68.1,-19.4
9.88,-18.5,-26.2,-66.0,-68.5,-20.1
9.89,-18.5,-30.6,-65.5,-68.7,-19.1
9.90,-17.9,-36.7,-65.4,-68.9,-18.1
9.91,-18.0,-41.1,-65.6,-69.4,-18.1
9.92,-17.1,-40.0,-66.0,-69.1,-17.2
9.93,-16.2,-36.8,-66.3,-69.2,-16.3
9.94,-15.8,-34.0,-66.8,-69.2,-15.9
9.95,-15.7,-31.4,-67.2,-69.0,-16.0
9.96,-15.3,-30.0,-67.2,-68.7,-15.6
9.97,-15.6,-28.3,-67.1,-68.3,-16.0
9.98,-15.2,-27.4,-66.4,-68.5,-15.7
9.99,-15.3,-27.0,-66.0,-68.6,-15.9
10.00,-16.2,-26.5,-65.9,-68.5,-17.0
10.01,-16.6,-26.6,-65.9,-69.2,-17.5
10.02,-17.0,-27.2,-66.0,-69.3,-17.9
10.03,-17.7,-27.7,-66.8,-69.2,-18.7
10.04,-17.3,-28.6,-67.1,-69.4,-18.1
10.05,-17.4,-29.9,-67.2,-69.5,-18.1
10.06,-17.5,-30.8,-66.7,-69.4,-18.1
10.07,-18.1,-32.0,-66.6,-69.2,-18.6
10.08,-18.3,-34.1,-66.3,-69.3,-18.6
10.09,-18.9,-36.2,-65.9,-69.0,-19.2
10.10,-18.4,-39.0,-65.5,-68.9,-18.6
10.11,-18.3,-42.5,-65.4,-69.0,-18.4
10.12,-18.5,-45.5,-65.4,-68.6,-18.5
10.13,-18.0,-45.7,-65.3,-68.3,-18.0
10.14,-18.3,-38.3,-65.5,-68.1,-18.4
10.15,-16.7,-22.4,-65.1,-67.9,-18.6
10.16,-13.9,-16.3,-65.1,-67.9,-18.5
10.17,-12.1,-13.4,-65.3,-67.8,-19.4
10.18,-10.9,-11.8,-64.7,-66.9,-20.0
10.19,-10.1,-11.0,-64.1,-66.5,-19.8
10.20,-10.2,-11.0,-63.8,-66.1,-19.5
10.21,-10.7,-11.7,-63.4,-66.1,-18.5
10.22,-11.2,-12.5,-63.2,-66.4,-17.9
10.23,-11.5,-13.2,-63.4,-67.0,-17.0
10.24,-11.8,-13.7,-63.8,-67.7,-16.6
10.25,-11.7,-13.8,-64.0,-68.0,-16.2
10.26,-11.9,-13.9,-64.5,-68.0,-16.6
10.27,-12.1,-14.6,-65.3,-68.4,-16.2
10.28,-12.7,-15.7,-66.1,-68.3,-16.0
10.29,-13.7,-17.2,-67.4,-68.6,-16.6
10.30,-14.3,-19.5,-68.0,-68.8,-16.1
10.31,-15.4,-23.0,-68.1,-68.9,-16.4
10.32,-15.5,-21.2,-67.7,-68.8,-17.0
10.33,-14.2,-18.2,-66.7,-68.8,-16.6
10.34,-13.2,-15.6,-66.4,-68.6,-17.4
10.35,-12.3,-14.0,-66.1,-68.0,-18.0
10.36,-11.7,-13.1,-65.7,-67.9,-18.1
10.37,-11.5,-12.6,-65.6,-67.4,-19.1
10.38,-11.4,-12.2,-65.1,-66.9,-20.1
10.39,-11.5,-12.4,-65.1,-67.1,-20.3
10.40,-11.6,-12.6,-65.0,-66.9,-19.5
10.41,-12.0,-13.1,-65.0,-66.8,-19.6
10.42,-12.7,-14.1,-65.7,-67.1,-19.2
10.43,-13.4,-15.2,-66.2,-67.4,-18.7
10.44,-13.7,-16.3,-66.4,-67.8,-17.7
10.45,-14.0,-17.1,-66.6,-67.6,-17.5
10.46,-14.2,-17.3,-66.4,-68.2,-17.5
10.47,-13.5,-17.0,-66.2,-67.4,-16.4
10.48,-13.3,-16.6,-66.1,-67.0,-16.3
10.49,-13.2,-15.7,-65.7,-66.3,-17.1
10.50,-12.1,-14.4,-65.0,-65.7,-16.6
10.51,-11.3,-13.3,-63.8,-65.2,-16.9
10.52,-11.1,-12.8,-63.3,-64.9,-18.1
10.53,-10.8,-12.4,-63.1,-64.6,-18.7
10.54,-11.0,-12.8,-63.4,-64.7,-19.3
10.55,-11.9,-13.8,-63.5,-65.0,-19.9
10.56,-13.1,-15.7,-64.3,-65.8,-18.9
10.57,-14.3,-17.4,-64.8,-66.2,-19.0
10.58,-15.5,-19.9,-64.8,-67.1,-18.4
10.59,-16.9,-22.5,-65.5,-67.9,-18.5
10.60,-16.6,-23.0,-66.7,-68.0,-18.0
10.61,-16.6,-24.2,-67.0,-68.4,-17.7
10.62,-16.8,-26.8,-67.1,-68.7,-17.4
10.63,-17.0,-26.8,-66.7,-68.9,-17.6
10.64,-16.9,-26.3,-66.6,-69.2,-17.6
10.65,-16.4,-25.1,-66.6,-69.0,-17.1
10.66,-16.4,-22.9,-66.1,-68.6,-17.7
10.67,-16.4,-22.0,-66.4,-68.4,-18.1
10.68,-15.8,-21.1,-66.4,-67.9,-17.6
10.69,-14.5,-18.6,-66.2,-67.9,-17.4
10.70,-13.6,-15.8,-66.4,-67.6,-18.0
10.71,-12.2,-14.1,-66.3,-67.6,-17.7
10.72,-11.7,-13.0,-66.3,-67.9,-18.3
10.73,-11.3,-12.4,-66.2,-67.7,-18.8
10.74,-11.4,-12.3,-66.3,-67.4,-19.3
10.75,-11.8,-12.8,-65.9,-67.1,-19.4
10.76,-12.3,-13.3,-66.3,-66.9,-19.1
10.77,-12.4,-13.6,-66.5,-67.1,-19.0
10.78,-12.3,-13.8,-66.3,-67.0,-18.3
10.79,-12.3,-13.8,-66.5,-67.6,-17.5
10.80,-11.9,-13.6,-66.5,-67.0,-17.1
10.81,-11.9,-13.6,-66.5,-67.0,-17.3
10.82,-11.9,-13.8,-66.6,-66.7,-16.8
10.83,-11.8,-13.7,-66.7,-66.7,-16.6
10.84,-11.6,-13.2,-66.6,-66.6,-17.2
10.85,-11.4,-12.8,-66.0,-66.1,-17.7
10.86,-11.3,-12.5,-65.7,-65.9,-18.3
10.87,-11.2,-12.2,-65.1,-65.9,-18.9
10.88,-11.3,-12.3,-65.0,-66.1,-19.1
10.89,-11.7,-12.7,-65.3,-66.1,-19.9
10.90,-12.1,-13.1,-65.8,-67.0,-19.8
10.91,-12.4,-13.5,-66.4,-67.1,-19.8
10.92,-13.2,-14.5,-66.5,-67.7,-20.0
10.93,-14.1,-15.9,-66.7,-67.9,-19.9
10.94,-15.3,-17.9,-66.4,-68.5,-19.5
10.95,-16.8,-21.8,-66.0,-68.9,-18.8
10.96,-17.8,-30.1,-66.1,-69.1,-18.3
10.97,-17.9,-36.7,-66.4,-69.3,-18.0
10.98,-17.3,-35.3,-66.5,-68.8,-17.5
10.99,-16.9,-27.8,-66.6,-68.3,-17.3
11.00,-16.8,-25.5,-66.8,-67.9,-17.5
11.01,-16.0,-23.8,-66.2,-67.5,-17.0
11.02,-14.6,-19.8,-65.7,-67.1,-16.5
11.03,-13.2,-16.6,-65.4,-67.0,-16.6
11.04,-11.9,-14.5,-65.3,-66.7,-16.5
11.05,-11.3,-13.3,-65.0,-66.4,-16.2
11.06,-10.8,-12.4,-64.8,-66.1,-16.7
11.07,-10.9,-12.2,-64.6,-66.1,-17.2
11.08,-10.9,-12.4,-64.7,-66.2,-17.0
11.09,-11.0,-12.7,-65.0,-66.3,-16.8
11.10,-11.1,-12.8,-65.5,-66.8,-16.8
11.11,-11.1,-12.9,-66.0,-66.6,-16.4
11.12,-11.2,-13.1,-66.4,-66.7,-16.1
11.13,-11.5,-13.7,-66.5,-67.0,-16.1
11.14,-12.4,-14.8,-66.8,-67.4,-16.4
11.15,-13.3,-16.4,-67.0,-67.5,-17.0
11.16,-14.7,-18.8,-66.8,-67.9,-17.2
11.17,-16.1,-22.2,-66.8,-67.9,-17.6
11.18,-16.6,-23.8,-67.0,-67.9,-17.9
11.19,-16.8,-24.1,-67.1,-68.1,-18.0
11.20,-16.5,-22.5,-67.0,-68.1,-18.3
11.21,-15.1,-18.6,-67.0,-68.3,-18.7
11.22,-13.5,-15.6,-66.7,-68.2,-18.9
11.23,-12.3,-13.9,-65.9,-68.1,-18.8
11.24,-11.5,-12.9,-65.6,-68.1,-19.0
11.25,-11.1,-12.4,-65.3,-67.8,-18.9
11.26,-11.3,-12.8,-65.2,-67.8,-18.9
11.27,-12.3,-14.1,-65.5,-67.9,-18.6
11.28,-13.6,-15.9,-66.1,-68.1,-18.7
11.29,-14.8,-18.8,-66.5,-68.2,-17.7
11.30,-16.6,-25.2,-66.7,-68.4,-17.6
11.31,-16.6,-32.6,-67.1,-68.2,-17.0
11.32,-17.1,-35.0,-67.0,-68.2,-17.3
11.33,-16.7,-32.4,-65.8,-67.9,-17.0
11.34,-17.1,-29.7,-65.8,-67.8,-17.5
11.35,-15.8,-20.8,-66.0,-67.8,-17.5
11.36,-13.9,-16.4,-65.6,-67.5,-17.8
11.37,-12.7,-14.8,-65.4,-67.0,-17.5
11.38,-12.4,-13.9,-65.8,-66.8,-18.1
11.39,-11.5,-13.1,-65.4,-66.8,-17.6
11.40,-11.8,-13.5,-65.5,-67.0,-17.5
11.41,-12.2,-14.1,-65.8,-67.4,-17.2
11.42,-12.4,-14.4,-65.9,-67.6,-17.2
11.43,-12.8,-15.2,-66.1,-67.7,-17.0
11.44,-13.5,-16.4,-66.0,-67.5,-17.0
11.45,-14.3,-18.4,-65.0,-67.5,-16.9
11.46,-15.1,-20.9,-64.6,-67.5,-16.9
11.47,-16.3,-27.9,-64.5,-67.4,-16.9
11.48,-16.6,-31.2,-64.5,-67.6,-17.0
11.49,-16.9,-41.6,-65.2,-67.7,-17.0
11.50,-17.1,-42.4,-66.2,-68.1,-17.2
11.51,-17.3,-38.9,-66.8,-68.2,-17.4
11.52,-15.6,-20.7,-66.7,-67.9,-17.6
11.53,-13.9,-16.2,-66.1,-67.4,-18.3
11.54,-12.6,-14.0,-66.1,-67.4,-18.8
11.55,-11.7,-12.7,-65.6,-66.9,-19.5
11.56,-10.9,-11.8,-65.7,-67.1,-19.5
11.57,-11.1,-12.0,-65.5,-66.9,-19.6
11.58,-11.4,-12.4,-65.4,-67.2,-19.7
11.59,-11.8,-12.7,-65.6,-67.5,-20.1
11.60,-12.1,-12.9,-65.2,-67.5,-20.1
11.61,-12.2,-13.0,-65.2,-68.0,-20.0
11.62,-12.1,-13.0,-65.3,-68.0,-19.9
11.63,-12.0,-13.0,-65.2,-68.2,-18.9
11.64,-12.0,-13.1,-65.1,-68.2,-19.1
11.65,-11.9,-13.2,-65.5,-68.5,-18.4
11.66,-12.3,-13.5,-65.7,-68.5,-18.9
11.67,-12.4,-13.9,-65.8,-68.4,-18.1
11.68,-12.7,-14.1,-66.3,-68.8,-18.9
11.69,-12.7,-14.3,-66.6,-68.8,-18.2
11.70,-13.0,-14.6,-66.5,-68.9,-18.6
11.71,-12.6,-14.9,-66.0,-68.6,-17.2
11.72,-12.7,-15.1,-65.7,-68.3,-17.3
11.73,-13.1,-15.9,-65.4,-68.0,-17.3
11.74,-13.7,-16.7,-65.0,-67.9,-17.6
11.75,-13.8,-16.9,-64.9,-67.8,-17.8
11.76,-13.9,-17.4,-64.6,-67.0,-17.9
11.77,-14.0,-17.5,-64.0,-66.3,-17.3
11.78,-13.4,-17.1,-63.6,-66.3,-16.8
11.79,-13.2,-17.1,-63.0,-66.0,-16.2
11.80,-13.0,-16.9,-62.4,-65.8,-15.9
11.81,-13.1,-16.6,-61.9,-66.4,-16.1
11.82,-12.8,-16.1,-61.1,-66.3,-16.1
11.83,-12.7,-15.6,-60.7,-66.3,-16.2
11.84,-12.6,-15.1,-60.5,-65.8,-16.6
11.85,-12.3,-14.6,-59.9,-64.9,-16.6
11.86,-12.1,-14.1,-60.1,-64.5,-16.9
11.87,-12.0,-13.6,-59.7,-59.5,-17.2
11.88,-11.7,-13.3,-59.5,-51.0,-17.0
11.89,-11.0,-13.0,-58.6,-41.9,-16.3
11.90,-10.6,-12.8,-57.8,-38.8,-15.6
11.91,-10.4,-12.8,-56.5,-36.7,-15.4
11.92,-10.3,-13.0,-55.7,-35.1,-15.0
11.93,-10.3,-13.1,-55.0,-33.9,-14.8
11.94,-10.5,-13.2,-55.0,-33.7,-15.2
11.95,-10.7,-13.4,-55.0,-33.8,-15.2
11.96,-10.7,-13.5,-55.1,-33.9,-15.1
11.97,-11.0,-13.9,-55.2,-34.0,-15.2
11.98,-11.5,-14.5,-55.3,-33.8,-15.4
11.99,-11.7,-15.5,-55.2,-33.2,-15.1
12.00,-12.4,-17.0,-55.4,-32.5,-15.4
12.01,-13.0,-19.1,-55.5,-31.9,-15.2
12.02,-13.9,-21.5,-56.3,-31.6,-15.7
12.03,-14.5,-24.5,-56.8,-31.3,-16.0
12.04,-14.5,-28.9,-56.2,-31.2,-15.6
12.05,-14.5,-34.4,-56.1,-31.2,-15.4
12.06,-14.2,-36.2,-55.5,-31.4,-15.1
12.07,-13.5,-35.5,-53.9,-31.7,-14.4
12.08,-13.1,-33.6,-51.9,-31.4,-14.1
12.09,-13.1,-31.8,-51.2,-30.8,-14.3
12.10,-12.9,-29.3,-50.5,-30.3,-14.5
12.11,-13.6,-27.6,-50.2,-30.0,-15.6
12.12,-14.2,-26.4,-50.2,-29.5,-16.8
12.13,-14.7,-25.5,-50.8,-29.8,-17.7
12.14,-14.8,-25.0,-51.3,-30.2,-17.6
12.15,-14.6,-24.7,-51.7,-30.1,-17.5
12.16,-14.3,-24.7,-51.9,-30.0,-17.3
12.17,-14.4,-25.1,-52.4,-30.8,-16.9
12.18,-14.2,-24.7,-52.5,-29.4,-17.2
12.19,-13.8,-23.9,-52.9,-28.0,-16.7
12.20,-13.4,-22.9,-53.6,-27.1,-16.3
12.21,-13.0,-20.7,-54.4,-26.8,-16.0
12.22,-12.1,-18.1,-55.2,-27.0,-15.3
12.23,-12.0,-17.2,-56.5,-28.0,-15.2
12.24,-12.3,-17.0,-56.1,-29.9,-15.4
12.25,-12.0,-17.1,-52.8,-32.4,-14.8
12.26,-11.6,-16.1,-47.7,-34.9,-15.0
12.27,-10.8,-14.2,-43.0,-38.0,-15.1
12.28,-10.1,-12.9,-40.7,-41.5,-14.9
12.29,-9.7,-12.1,-39.4,-42.7,-15.1
12.30,-9.8,-11.8,-38.7,-42.7,-15.7
12.31,-10.4,-12.5,-38.4,-42.2,-15.9
12.32,-11.2,-13.9,-38.3,-40.5,-15.9
12.33,-11.6,-15.0,-37.7,-38.5,-15.7
12.34,-11.9,-15.8,-37.2,-37.0,-15.5
12.35,-11.7,-16.1,-36.6,-35.7,-15.2
12.36,-12.0,-16.2,-35.8,-35.2,-15.4
12.37,-12.0,-16.1,-34.9,-35.0,-15.6
12.38,-12.0,-16.1,-33.9,-34.8,-15.8
12.39,-11.8,-15.6,-33.3,-35.0,-15.9
12.40,-11.7,-15.2,-32.7,-34.9,-16.2
12.41,-11.7,-14.9,-32.5,-34.6,-16.4
12.42,-11.6,-14.7,-32.4,-33.3,-16.8
12.43,-11.5,-14.6,-32.6,-31.8,-17.0
12.44,-11.8,-14.8,-32.8,-30.4,-17.4
12.45,-11.8,-14.8,-32.9,-29.4,-17.7
12.46,-11.8,-14.7,-33.1,-28.8,-18.0
12.47,-11.9,-14.7,-33.0,-28.5,-18.4
12.48,-12.1,-14.8,-32.9,-28.3,-18.5
12.49,-12.1,-15.1,-32.6,-28.5,-18.6
12.50,-12.1,-15.4,-32.1,-28.7,-18.4
12.51,-12.5,-15.7,-32.1,-28.8,-18.6
12.52,-12.6,-15.9,-31.9,-29.0,-18.6
12.53,-12.5,-15.9,-31.7,-29.0,-18.7
12.54,-12.6,-15.7,-31.6,-28.9,-19.0
12.55,-12.4,-15.4,-31.7,-28.4,-18.9
12.56,-12.4,-15.2,-31.5,-28.6,-19.4
12.57,-12.5,-15.2,-31.7,-28.9,-19.5
12.58,-12.5,-15.6,-31.7,-29.4,-18.5
12.59,-12.4,-16.4,-31.4,-29.8,-17.3
12.60,-12.6,-17.1,-30.8,-30.0,-16.9
12.61,-12.4,-17.3,-30.9,-29.9,-16.5
12.62,-12.2,-17.2,-30.8,-28.9,-16.3
12.63,-12.2,-16.6,-30.7,-28.5,-16.8
12.64,-12.0,-15.9,-30.9,-28.3,-17.3
12.65,-12.1,-15.9,-31.1,-28.0,-17.3
12.66,-11.9,-15.9,-30.9,-27.4,-16.9
12.67,-11.7,-16.1,-30.8,-26.1,-16.7
12.68,-11.5,-16.1,-30.5,-25.1,-16.6
12.69,-11.3,-15.9,-30.7,-24.6,-16.4
12.70,-11.2,-15.8,-30.6,-24.5,-16.4
12.71,-11.2,-15.7,-31.0,-24.8,-16.4
12.72,-11.4,-15.6,-31.3,-25.8,-16.4
12.73,-11.2,-15.1,-26.2,-27.5,-16.6
12.74,-11.1,-15.1,-20.8,-29.2,-17.1
12.75,-9.7,-15.1,-13.5,-30.8,-17.8
12.76,-9.0,-15.2,-11.9,-30.7,-18.4
12.77,-8.7,-15.3,-11.2,-30.7,-18.2
12.78,-8.5,-15.4,-10.8,-31.2,-18.1
12.79,-8.8,-15.7,-11.0,-31.3,-17.8
12.80,-9.3,-15.8,-12.8,-32.5,-17.8
12.81,-10.8,-16.4,-14.3,-32.3,-17.4
12.82,-10.9,-16.7,-15.7,-31.1,-17.4
12.83,-11.6,-18.1,-17.9,-29.8,-17.1
12.84,-12.4,-19.9,-19.9,-29.0,-17.0
12.85,-12.4,-22.3,-19.5,-28.6,-16.9
12.86,-12.4,-24.4,-19.5,-28.4,-17.2
12.87,-12.7,-28.6,-18.1,-28.6,-17.9
12.88,-12.8,-27.3,-17.8,-28.4,-18.7
12.89,-13.2,-25.4,-17.8,-28.0,-19.1
12.90,-13.3,-23.2,-17.8,-27.8,-19.8
12.91,-13.3,-20.7,-18.9,-27.8,-19.6
12.92,-12.5,-17.5,-19.2,-28.5,-19.4
12.93,-11.2,-15.2,-19.5,-28.8,-18.2
12.94,-10.6,-13.7,-21.1,-29.1,-17.8
12.95,-10.1,-12.7,-21.1,-29.4,-17.7
12.96,-9.9,-12.4,-21.7,-28.6,-17.5
12.97,-10.4,-13.1,-24.2,-27.5,-17.9
12.98,-11.3,-13.9,-24.0,-26.9,-18.8
12.99,-11.7,-14.8,-25.3,-25.9,-19.0
13.00,-12.1,-15.7,-26.5,-25.2,-19.0
13.01,-12.4,-16.1,-26.6,-24.9,-19.1
13.02,-12.3,-16.2,-26.7,-24.4,-19.3
13.03,-12.4,-16.4,-26.5,-24.1,-19.2
13.04,-12.4,-16.9,-25.3,-23.8,-19.1
13.05,-12.5,-16.9,-23.8,-23.8,-19.3
13.06,-12.3,-17.0,-22.6,-23.8,-19.5
13.07,-12.2,-16.7,-22.5,-23.8,-19.4
13.08,-11.9,-16.3,-22.1,-23.9,-19.5
13.09,-11.7,-15.4,-22.4,-24.0,-19.8
13.10,-11.7,-14.9,-23.3,-23.9,-20.2
13.11,-11.9,-14.7,-24.0,-23.5,-20.7
13.12,-12.0,-14.6,-25.4,-23.2,-21.2
13.13,-12.1,-14.6,-26.6,-23.1,-21.2
13.14,-12.1,-14.7,-26.5,-22.8,-21.5
13.15,-11.8,-14.4,-27.2,-22.3,-21.0
13.16,-11.5,-14.3,-26.9,-22.4,-20.2
13.17,-11.5,-14.4,-26.8,-22.9,-19.5
13.18,-11.7,-14.8,-27.5,-23.4,-19.2
13.19,-12.3,-15.9,-27.8,-24.5,-18.7
13.20,-13.3,-18.0,-27.7,-25.9,-18.7
13.21,-14.5,-21.1,-28.1,-26.3,-19.0
13.22,-15.3,-25.3,-27.5,-26.4,-19.4
13.23,-16.0,-32.4,-27.1,-26.8,-19.8
13.24,-16.2,-32.6,-27.4,-27.3,-20.2
13.25,-16.3,-28.9,-27.6,-29.6,-20.1
13.26,-14.2,-18.0,-28.1,-30.9,-20.3
13.27,-12.8,-15.2,-29.6,-29.0,-20.6
13.28,-11.7,-13.9,-30.4,-24.2,-20.7
13.29,-10.8,-12.9,-31.1,-22.4,-20.7
13.30,-10.3,-12.3,-31.8,-21.4,-21.2
13.31,-10.4,-12.7,-31.3,-20.7,-20.7
13.32,-10.4,-12.6,-31.3,-21.3,-20.6
13.33,-10.5,-12.5,-30.8,-22.4,-20.1
13.34,-10.9,-12.8,-30.1,-24.1,-20.1
13.35,-11.3,-13.1,-30.1,-26.6,-20.3
13.36,-11.8,-13.5,-29.7,-28.9,-20.7
13.37,-12.0,-13.8,-29.0,-29.2,-20.2
13.38,-12.0,-14.1,-28.5,-28.5,-19.6
13.39,-11.2,-13.6,-28.8,-28.5,-18.3
13.40,-11.0,-13.4,-28.9,-28.1,-17.8
13.41,-10.5,-13.4,-28.8,-26.2,-17.2
13.42,-10.3,-13.6,-25.2,-25.7,-17.3
13.43,-9.9,-14.1,-18.2,-25.6,-18.0
13.44,-9.4,-14.7,-13.6,-25.9,-19.4
13.45,-9.3,-15.8,-12.1,-26.0,-20.9
13.46,-9.1,-16.7,-11.5,-24.4,-21.2
13.47,-9.2,-17.8,-11.0,-23.8,-22.3
13.48,-10.0,-19.5,-11.8,-22.6,-21.6
13.49,-10.9,-21.6,-13.7,-21.0,-21.7
13.50,-12.4,-24.2,-14.9,-20.4,-21.7
13.51,-13.3,-29.7,-16.3,-20.0,-21.9
13.52,-14.6,-36.4,-18.5,-19.4,-21.5
13.53,-14.9,-40.3,-18.8,-19.4,-21.7
13.54,-14.8,-41.2,-19.7,-18.8,-21.9
13.55,-14.2,-42.4,-19.1,-18.3,-21.7
13.56,-14.3,-44.9,-18.6,-17.8,-21.7
13.57,-14.0,-45.3,-18.1,-17.7,-22.1
13.58,-13.4,-45.2,-17.9,-17.6,-21.5
13.59,-13.5,-38.3,-17.9,-17.8,-21.2
13.60,-12.9,-30.7,-17.9,-18.7,-20.2
13.61,-12.7,-24.5,-18.0,-19.8,-19.9
13.62,-11.7,-21.1,-18.2,-21.6,-18.1
13.63,-11.2,-17.8,-18.5,-23.5,-17.4
13.64,-10.6,-15.1,-19.7,-26.2,-17.0
13.65,-10.1,-13.4,-20.3,-28.2,-17.0
13.66,-9.7,-12.6,-20.9,-28.4,-17.0
13.67,-9.8,-12.0,-22.3,-29.3,-17.9
13.68,-9.8,-11.9,-22.3,-29.3,-18.3
13.69,-10.2,-12.3,-22.3,-30.1,-18.5
13.70,-10.5,-12.8,-22.5,-27.9,-18.6
13.71,-10.8,-13.1,-22.0,-26.3,-19.3
13.72,-10.6,-13.2,-21.4,-25.1,-19.3
13.73,-10.8,-13.3,-20.6,-23.9,-20.2
13.74,-10.7,-13.3,-20.7,-23.5,-20.4
13.75,-10.8,-13.4,-21.0,-24.4,-20.6
13.76,-10.7,-13.1,-21.8,-25.1,-20.4
13.77,-10.9,-13.1,-23.2,-27.0,-20.1
13.78,-11.1,-13.2,-24.9,-29.9,-20.1
13.79,-10.9,-12.9,-25.8,-30.5,-19.9
13.80,-11.0,-12.7,-27.3,-28.2,-20.5
13.81,-10.9,-12.5,-26.5,-24.1,-21.2
13.82,-10.8,-12.3,-26.2,-21.7,-22.3
13.83,-10.6,-12.0,-26.3,-19.9,-23.3
13.84,-10.7,-12.2,-26.9,-19.0,-23.9
13.85,-10.3,-12.1,-27.7,-18.3,-23.5
13.86,-10.5,-12.3,-29.1,-18.4,-23.4
13.87,-10.6,-12.7,-28.8,-18.5,-23.2
13.88,-11.0,-12.9,-28.7,-19.3,-22.8
13.89,-11.4,-13.1,-28.7,-20.2,-22.7
13.90,-11.6,-13.1,-29.1,-21.1,-22.6
13.91,-11.6,-13.1,-29.3,-22.7,-22.2
13.92,-11.4,-12.8,-29.8,-24.4,-22.2
13.93,-11.3,-12.7,-29.1,-25.5,-22.2
13.94,-11.0,-12.6,-27.0,-27.6,-22.5
13.95,-11.0,-12.5,-24.6,-29.7,-23.1
13.96,-10.9,-12.4,-22.9,-30.7,-23.7
13.97,-10.8,-12.5,-21.4,-29.6,-24.4
13.98,-10.6,-12.6,-21.0,-27.2,-23.7
13.99,-10.5,-12.8,-20.8,-24.5,-23.4
14.00,-10.8,-13.1,-21.3,-23.2,-23.3
14.01,-10.8,-13.4,-21.9,-21.7,-23.2
14.02,-11.4,-13.8,-21.6,-21.0,-24.1
14.03,-11.5,-14.0,-21.2,-20.7,-24.4
14.04,-11.8,-14.2,-20.9,-20.1,-24.8
14.05,-11.7,-14.4,-20.9,-19.9,-24.5
14.06,-11.8,-14.7,-20.9,-19.7,-24.3
14.07,-11.8,-14.8,-20.9,-19.1,-23.9
14.08,-11.5,-14.5,-21.4,-18.9,-24.1
14.09,-11.3,-14.2,-21.2,-18.9,-24.1
14.10,-11.3,-14.1,-21.3,-18.8,-24.8
14.11,-11.0,-13.9,-20.3,-18.8,-25.3
14.12,-10.5,-13.8,-16.6,-19.7,-26.1
14.13,-9.3,-14.4,-12.3,-20.3,-26.3
14.14,-8.9,-15.5,-11.2,-20.7,-26.2
14.15,-8.9,-17.1,-10.8,-19.7,-25.1
14.16,-8.6,-19.4,-10.1,-19.4,-24.5
14.17,-9.6,-26.0,-11.2,-18.2,-23.6
14.18,-11.3,-32.7,-13.9,-17.3,-22.9
14.19,-11.4,-38.1,-14.3,-16.7,-22.5
14.20,-12.4,-42.3,-16.1,-16.9,-22.3
14.21,-13.0,-44.8,-17.6,-16.8,-22.2
14.22,-13.1,-46.7,-19.1,-16.5,-22.4
14.23,-13.1,-47.8,-19.7,-16.6,-22.4
14.24,-13.3,-49.0,-19.9,-16.3,-22.6
14.25,-12.9,-48.4,-18.9,-16.5,-22.6
14.26,-13.0,-46.7,-18.9,-16.2,-22.4
14.27,-12.6,-42.0,-19.0,-16.3,-22.1
14.28,-12.7,-37.0,-18.9,-16.5,-22.0
14.29,-12.2,-23.9,-19.7,-16.9,-22.0
14.30,-11.5,-17.3,-19.9,-17.7,-22.2
14.31,-10.6,-15.5,-19.7,-18.1,-22.1
14.32,-10.0,-14.2,-19.1,-18.9,-22.3
14.33,-9.9,-13.3,-19.6,-19.1,-21.7
14.34,-9.6,-13.0,-20.0,-19.1,-21.5
14.35,-10.2,-13.5,-20.7,-18.8,-21.6
14.36,-10.4,-13.4,-21.4,-18.3,-21.9
14.37,-10.6,-13.1,-22.5,-18.6,-22.4
14.38,-10.7,-13.1,-22.7,-18.3,-23.1
14.39,-10.9,-13.0,-22.9,-18.3,-22.8
14.40,-10.8,-13.0,-23.1,-18.7,-23.0
14.41,-10.9,-13.0,-23.1,-18.5,-23.0
14.42,-11.0,-13.1,-23.3,-18.8,-22.9
14.43,-11.1,-13.2,-22.7,-18.9,-23.0
14.44,-10.9,-13.1,-23.6,-18.6,-23.0
14.45,-11.1,-13.1,-23.8,-18.9,-22.9
14.46,-11.0,-13.2,-23.7,-18.5,-22.9
14.47,-11.1,-13.2,-25.0,-18.4,-22.9
14.48,-11.1,-13.5,-25.0,-18.6,-23.0
14.49,-11.2,-13.6,-24.9,-18.2,-23.3
14.50,-11.3,-13.6,-25.0,-18.3,-23.5
14.51,-11.3,-13.6,-25.2,-18.5,-23.1
14.52,-11.3,-13.7,-25.7,-19.1,-22.8
14.53,-11.3,-13.7,-25.7,-19.9,-22.5
14.54,-11.4,-13.8,-25.5,-20.8,-22.3
14.55,-11.4,-13.9,-26.3,-21.9,-21.4
14.56,-11.6,-13.8,-26.4,-23.1,-21.3
14.57,-11.2,-13.3,-26.4,-24.8,-20.9
14.58,-11.1,-12.8,-27.2,-26.2,-21.1
14.59,-11.2,-13.2,-27.7,-26.0,-20.6
14.60,-11.6,-14.0,-27.7,-25.5,-20.8
14.61,-12.5,-15.3,-27.7,-26.1,-21.6
14.62,-13.6,-17.6,-28.0,-26.1,-21.7
14.63,-13.3,-21.4,-21.0,-25.7,-21.6
14.64,-12.1,-20.4,-17.1,-25.9,-21.8
14.65,-10.2,-18.2,-13.5,-27.2,-21.8
14.66,-9.1,-16.1,-12.4,-25.9,-21.1
14.67,-8.4,-14.7,-11.9,-24.8,-20.9
14.68,-8.3,-13.8,-11.7,-25.2,-20.9
14.69,-8.8,-13.4,-13.3,-24.8,-20.5
14.70,-9.3,-13.2,-14.8,-24.0,-20.4
14.71,-9.7,-13.2,-16.2,-24.9,-20.7
14.72,-10.3,-13.3,-17.8,-24.5,-20.7
14.73,-10.3,-13.3,-19.6,-23.7,-20.9
14.74,-10.8,-13.7,-20.9,-23.7,-20.6
14.75,-10.9,-14.2,-21.4,-24.4,-20.3
14.76,-11.1,-14.4,-21.3,-24.7,-20.3
14.77,-11.4,-14.8,-19.8,-26.4,-20.6
14.78,-11.6,-15.4,-19.0,-27.2,-20.5
14.79,-11.8,-15.5,-19.3,-29.2,-21.1
14.80,-11.5,-15.4,-18.1,-29.4,-21.0
14.81,-10.2,-15.4,-14.1,-30.3,-21.6
14.82,-9.9,-15.1,-12.7,-31.9,-22.9
14.83,-9.2,-15.0,-11.9,-29.1,-23.0
14.84,-9.0,-15.1,-11.4,-28.3,-23.8
14.85,-9.0,-15.0,-11.5,-26.6,-24.3
14.86,-9.4,-14.8,-12.5,-25.0,-23.7
14.87,-9.9,-14.9,-14.0,-24.0,-23.6
14.88,-10.2,-15.2,-14.7,-23.7,-23.5
14.89,-11.3,-15.9,-16.6,-23.6,-23.5
14.90,-11.3,-16.8,-16.8,-24.0,-23.2
14.91,-12.5,-18.3,-18.1,-24.3,-22.4
14.92,-13.8,-20.9,-19.7,-24.2,-22.0
14.93,-13.3,-23.0,-18.2,-23.6,-21.8
14.94,-13.2,-24.0,-17.9,-23.0,-21.5
14.95,-13.5,-24.6,-18.5,-22.7,-21.7
14.96,-13.1,-24.5,-18.2,-22.2,-22.0
14.97,-12.6,-24.9,-17.8,-21.8,-21.9
14.98,-12.2,-23.3,-16.6,-22.2,-21.5
14.99,-11.2,-19.9,-15.3,-23.0,-21.1
15.00,-10.8,-17.5,-15.0,-24.4,-20.7
15.01,-10.3,-15.1,-15.2,-26.6,-20.4
15.02,-10.0,-13.5,-15.9,-29.4,-20.4
15.03,-9.9,-12.6,-17.0,-31.2,-20.7
15.04,-10.0,-12.2,-18.6,-31.9,-20.5
15.05,-10.1,-12.2,-19.1,-33.4,-20.6
15.06,-10.3,-12.5,-19.0,-34.5,-20.6
15.07,-10.4,-12.9,-18.8,-31.2,-20.3
15.08,-10.7,-13.4,-19.1,-30.2,-20.5
15.09,-11.0,-13.8,-18.9,-29.8,-20.5
15.10,-11.2,-13.9,-19.3,-29.4,-20.2
15.11,-11.4,-14.1,-20.0,-28.4,-20.0
15.12,-11.5,-14.0,-20.7,-28.7,-20.1
15.13,-11.7,-14.4,-21.0,-28.7,-19.7
15.14,-11.8,-14.9,-21.3,-28.5,-19.4
15.15,-12.0,-15.3,-22.0,-28.3,-19.4
15.16,-12.2,-15.4,-22.6,-28.8,-19.5
15.17,-12.2,-15.5,-22.9,-29.1,-19.2
15.18,-12.0,-15.0,-24.0,-29.5,-19.3
15.19,-11.9,-14.4,-24.1,-29.6,-19.6
15.20,-11.3,-13.7,-23.7,-29.9,-19.5
15.21,-11.1,-13.1,-24.4,-29.7,-19.5
15.22,-11.0,-12.9,-24.2,-29.6,-19.9
15.23,-10.6,-12.7,-23.1,-28.9,-20.3
15.24,-10.6,-12.7,-23.1,-28.2,-20.5
15.25,-10.9,-12.9,-23.2,-27.8,-21.4
15.26,-11.0,-13.0,-23.2,-27.7,-22.4
15.27,-11.2,-13.1,-24.1,-26.8,-22.9
15.28,-11.3,-13.3,-25.8,-26.3,-23.1
15.29,-11.3,-13.3,-26.4,-25.4,-23.4
15.30,-11.3,-13.3,-26.3,-25.2,-23.5
15.31,-11.6,-13.7,-26.3,-25.1,-23.7
15.32,-11.7,-13.9,-24.2,-25.8,-24.1
15.33,-11.1,-14.1,-17.1,-27.0,-24.9
15.34,-10.0,-14.4,-13.3,-28.1,-23.6
15.35,-9.3,-14.5,-12.3,-29.1,-21.9
15.36,-9.2,-14.5,-11.7,-31.5,-21.2
15.37,-8.8,-14.1,-11.4,-31.1,-20.3
15.38,-9.8,-13.8,-13.3,-31.3,-20.1
15.39,-9.8,-13.8,-14.9,-28.9,-19.9
15.40,-10.5,-13.5,-16.0,-28.4,-20.5
15.41,-10.7,-13.7,-17.8,-25.6,-20.7
15.42,-11.4,-13.9,-19.5,-25.2,-21.2
15.43,-11.0,-13.9,-21.1,-23.8,-20.4
15.44,-11.4,-14.2,-22.8,-23.9,-20.4
15.45,-11.4,-14.3,-22.2,-24.7,-20.4
15.46,-11.2,-14.3,-20.7,-25.1,-19.9
15.47,-10.8,-13.9,-20.3,-25.8,-19.5
15.48,-10.9,-13.5,-21.1,-25.9,-19.2
15.49,-10.6,-13.3,-19.0,-26.9,-19.3
15.50,-9.8,-13.3,-16.9,-25.6,-18.9
15.51,-9.9,-13.5,-16.2,-25.7,-19.4
15.52,-10.0,-13.9,-15.8,-25.4,-19.6
15.53,-10.2,-14.6,-15.6,-24.5,-20.2
15.54,-10.5,-14.7,-16.7,-24.8,-20.8
15.55,-11.5,-14.7,-19.3,-23.9,-21.2
15.56,-12.0,-15.2,-21.7,-24.4,-20.7
15.57,-12.2,-16.1,-22.9,-25.4,-20.3
15.58,-12.9,-16.9,-25.2,-25.0,-20.1
15.59,-13.5,-18.9,-26.0,-26.1,-19.8
15.60,-13.9,-21.7,-27.3,-25.7,-19.4
15.61,-14.7,-23.6,-28.2,-26.0,-19.3
15.62,-14.8,-26.0,-29.2,-25.9,-18.8
15.63,-15.4,-28.2,-29.6,-27.7,-18.7
15.64,-15.5,-32.1,-28.9,-29.0,-18.3
15.65,-15.9,-37.6,-28.4,-30.4,-18.6
15.66,-16.2,-40.6,-28.4,-30.2,-18.9
15.67,-16.0,-42.5,-22.7,-28.7,-19.4
15.68,-11.4,-43.5,-13.3,-27.9,-20.2
15.69,-10.5,-45.7,-11.8,-26.9,-20.8
15.70,-10.0,-46.4,-11.2,-27.2,-20.8
15.71,-9.8,-48.1,-10.8,-27.9,-20.8
15.72,-10.3,-48.4,-11.2,-29.6,-20.7
15.73,-11.7,-47.2,-12.9,-30.4,-20.3
15.74,-12.6,-45.7,-14.2,-35.0,-20.3
15.75,-13.8,-43.5,-15.6,-36.0,-20.0
15.76,-15.0,-41.4,-17.7,-36.4,-19.7
15.77,-15.4,-39.9,-20.0,-36.7,-19.5
15.78,-16.6,-38.4,-21.0,-39.5,-19.9
15.79,-16.8,-37.2,-21.7,-40.2,-20.1
15.80,-16.9,-36.2,-20.7,-41.7,-20.5
15.81,-16.7,-35.7,-19.8,-42.3,-20.8
15.82,-16.5,-35.5,-19.6,-44.3,-21.0
15.83,-16.5,-35.9,-19.7,-46.9,-21.0
15.84,-14.7,-36.8,-16.6,-46.4,-20.9
15.85,-14.0,-38.4,-15.5,-29.1,-19.7
15.86,-13.3,-40.4,-15.1,-27.9,-19.2
15.87,-12.3,-42.8,-14.7,-24.3,-18.5
15.88,-12.3,-45.3,-15.3,-23.6,-17.7
15.89,-12.7,-46.2,-16.9,-21.8,-17.1
15.90,-12.5,-47.3,-18.3,-22.1,-16.9
15.91,-13.3,-47.8,-20.2,-21.3,-16.9
15.92,-12.7,-48.5,-21.5,-20.6,-16.5
15.93,-13.1,-49.7,-23.2,-21.3,-16.6
15.94,-12.6,-51.0,-24.5,-20.4,-16.4
15.95,-13.2,-51.3,-26.5,-21.1,-16.6
15.96,-12.7,-49.1,-28.7,-20.2,-16.3
15.97,-13.5,-43.5,-30.1,-21.8,-16.4
15.98,-13.0,-36.7,-30.6,-21.1,-16.4
15.99,-13.4,-31.6,-30.4,-22.3,-16.6
16.00,-12.7,-27.8,-30.3,-21.1,-16.8
16.01,-11.8,-22.8,-25.1,-21.1,-17.2
16.02,-10.0,-20.2,-16.3,-21.0,-18.2
16.03,-9.3,-18.2,-13.1,-21.1,-18.8
16.04,-8.9,-16.4,-12.2,-22.7,-19.7
16.05,-8.5,-15.1,-11.6,-23.5,-20.3
16.06,-8.5,-14.2,-11.4,-27.8,-21.1
16.07,-9.9,-13.5,-13.7,-29.6,-21.3
16.08,-10.3,-13.2,-15.3,-42.0,-21.8
16.09,-10.6,-13.0,-16.4,-44.2,-22.1
16.10,-11.3,-13.1,-18.2,-54.9,-22.5
16.11,-11.7,-13.3,-20.2,-60.7,-22.9
16.12,-11.8,-13.3,-21.3,-60.8,-22.6
16.13,-12.1,-13.6,-22.5,-61.2,-23.2
16.14,-12.6,-14.5,-21.7,-61.0,-22.6
16.15,-12.8,-15.4,-20.6,-61.2,-22.5
16.16,-13.6,-17.0,-20.0,-61.8,-22.9
16.17,-14.4,-19.0,-20.1,-61.7,-22.3
16.18,-14.7,-21.1,-18.3,-61.3,-22.8
16.19,-13.6,-20.5,-16.4,-60.7,-22.4
16.20,-12.0,-17.8,-15.3,-60.5,-22.2
16.21,-11.3,-15.0,-15.2,-30.0,-21.5
16.22,-10.2,-13.8,-15.1,-28.0,-20.5
16.23,-10.1,-13.0,-16.3,-25.8,-20.0
16.24,-10.1,-12.5,-18.9,-25.4,-19.7
16.25,-10.5,-12.8,-20.9,-24.5,-19.3
16.26,-11.0,-13.5,-22.6,-26.5,-19.6
16.27,-11.3,-13.8,-24.4,-26.5,-19.6
16.28,-11.7,-14.3,-25.1,-29.2,-19.1
16.29,-12.0,-14.6,-27.0,-30.5,-19.1
16.30,-12.4,-14.6,-28.8,-34.2,-19.2
16.31,-12.7,-14.4,-31.5,-36.5,-19.5
16.32,-12.1,-13.8,-32.5,-42.5,-19.0
16.33,-12.2,-13.4,-33.1,-53.8,-19.7
16.34,-11.6,-12.9,-33.4,-51.9,-19.3
16.35,-11.5,-13.0,-27.9,-51.5,-19.6
16.36,-10.9,-13.2,-19.0,-38.4,-19.7
16.37,-10.2,-13.6,-14.1,-38.2,-20.9
16.38,-9.4,-13.5,-12.5,-38.2,-22.0
16.39,-9.1,-13.4,-11.8,-38.2,-23.2
16.40,-9.0,-13.3,-11.5,-42.6,-23.7
16.41,-9.6,-13.8,-12.1,-49.3,-23.5
16.42,-10.8,-14.7,-14.3,-54.5,-23.2
16.43,-12.4,-16.3,-15.8,-60.5,-22.8
16.44,-13.4,-18.3,-17.3,-63.3,-20.9
16.45,-14.6,-21.0,-18.9,-64.5,-20.5
16.46,-16.0,-23.8,-20.8,-63.8,-20.4
16.47,-16.4,-24.9,-21.5,-63.3,-19.9
16.48,-16.6,-25.2,-20.9,-62.6,-20.5
16.49,-16.3,-25.3,-20.5,-62.1,-20.0
16.50,-16.3,-24.4,-20.7,-62.0,-20.3
16.51,-16.3,-24.6,-21.0,-62.0,-19.8
16.52,-16.2,-24.2,-22.1,-61.1,-19.8
16.53,-14.2,-20.9,-18.7,-59.6,-20.0
16.54,-12.9,-18.0,-17.2,-59.7,-20.1
16.55,-11.6,-16.1,-16.5,-56.6,-19.7
16.56,-10.4,-14.1,-15.9,-55.5,-19.4
16.57,-9.8,-13.0,-16.1,-54.2,-18.4
16.58,-10.0,-12.4,-18.4,-52.9,-18.3
16.59,-10.1,-12.3,-19.6,-52.5,-18.4
16.60,-10.1,-12.0,-21.6,-53.2,-18.8
16.61,-10.2,-12.0,-23.2,-53.3,-19.0
16.62,-10.6,-12.3,-25.1,-46.5,-19.1
16.63,-10.9,-12.4,-26.8,-43.4,-19.3
16.64,-10.7,-12.5,-28.6,-37.1,-18.5
16.65,-10.7,-12.8,-30.2,-36.6,-17.7
16.66,-11.1,-13.3,-31.0,-36.6,-17.6
16.67,-11.4,-13.8,-31.4,-36.8,-17.4
16.68,-11.6,-14.3,-31.9,-42.6,-17.1
16.69,-11.7,-14.6,-31.9,-43.1,-16.9
16.70,-11.6,-14.9,-26.2,-43.4,-17.2
16.71,-10.5,-15.3,-15.6,-43.6,-17.9
16.72,-9.3,-15.3,-12.2,-44.1,-18.5
16.73,-9.0,-14.7,-11.5,-45.8,-20.0
16.74,-8.8,-14.6,-10.9,-46.1,-19.8
16.75,-8.8,-14.8,-10.6,-50.0,-20.7
16.76,-9.9,-14.5,-12.8,-50.4,-20.5
16.77,-10.9,-14.6,-14.4,-51.4,-20.9
16.78,-11.4,-15.0,-15.4,-54.1,-20.6
16.79,-11.7,-15.0,-17.0,-55.5,-20.6
16.80,-12.5,-15.3,-18.9,-55.7,-19.6
16.81,-12.6,-15.8,-20.2,-55.7,-19.4
16.82,-12.4,-15.7,-21.4,-56.6,-19.1
16.83,-12.8,-15.6,-20.8,-57.6,-19.4
16.84,-12.7,-15.7,-19.6,-59.3,-19.6
16.85,-13.0,-15.8,-19.1,-59.5,-20.4
16.86,-13.1,-15.7,-19.5,-60.1,-20.3
16.87,-12.6,-16.2,-17.5,-57.9,-20.7
16.88,-11.4,-15.9,-16.0,-56.6,-20.5
16.89,-10.6,-14.9,-15.0,-56.2,-20.6
16.90,-9.7,-13.7,-14.7,-56.3,-19.9
16.91,-9.6,-13.1,-14.6,-57.0,-20.5
16.92,-9.8,-12.6,-15.7,-58.9,-20.4
16.93,-10.5,-12.8,-18.0,-59.7,-19.7
16.94,-11.1,-13.3,-20.0,-60.7,-19.2
16.95,-11.7,-13.8,-22.0,-61.2,-19.5
16.96,-11.9,-14.3,-24.0,-59.4,-19.4
16.97,-11.7,-13.9,-25.2,-57.6,-19.4
16.98,-11.7,-14.0,-26.6,-55.3,-19.3
16.99,-12.2,-14.3,-28.3,-54.8,-20.0
17.00,-12.2,-14.5,-30.5,-50.2,-19.5
17.01,-13.0,-15.8,-31.8,-49.6,-19.0
17.02,-12.9,-15.4,-33.0,-49.7,-18.9
17.03,-12.8,-15.1,-32.3,-49.9,-19.0
17.04,-12.3,-14.3,-27.5,-53.5,-19.4
17.05,-10.9,-13.7,-17.3,-54.1,-19.7
17.06,-9.7,-14.1,-13.0,-57.4,-20.9
17.07,-9.3,-14.9,-11.6,-57.5,-21.7
17.08,-8.8,-14.9,-11.0,-57.9,-22.5
17.09,-8.8,-16.0,-10.6,-58.3,-23.1
17.10,-9.8,-16.7,-11.6,-58.7,-22.0
17.11,-11.1,-16.7,-13.8,-59.7,-21.1
17.12,-12.3,-17.9,-15.0,-62.4,-21.2
17.13,-13.3,-19.9,-16.6,-62.1,-20.4
17.14,-14.0,-22.4,-18.1,-62.3,-20.0
17.15,-14.7,-24.3,-19.8,-62.1,-19.8
17.16,-15.1,-25.7,-20.7,-61.9,-19.7
17.17,-15.0,-26.5,-20.5,-61.4,-19.1
17.18,-15.3,-28.2,-20.2,-62.4,-19.0
17.19,-15.1,-27.1,-20.7,-61.8,-19.0
17.20,-15.0,-25.5,-20.7,-61.0,-19.4
17.21,-14.5,-20.9,-21.5,-58.8,-19.5
17.22,-13.2,-18.0,-18.9,-54.3,-20.2
17.23,-12.3,-15.8,-17.6,-47.2,-20.2
17.24,-11.0,-14.3,-16.7,-43.4,-19.2
17.25,-10.1,-13.1,-16.2,-41.9,-18.4
17.26,-9.6,-12.4,-16.5,-40.2,-17.8
17.27,-9.9,-12.2,-18.3,-39.9,-17.6
17.28,-10.0,-12.3,-19.5,-38.8,-17.4
17.29,-10.5,-13.2,-20.8,-38.5,-17.7
17.30,-11.4,-14.7,-22.2,-37.7,-17.3
17.31,-12.6,-17.0,-24.4,-35.0,-16.9
17.32,-13.1,-19.4,-26.3,-34.1,-16.3
17.33,-13.7,-23.7,-28.4,-33.7,-15.9
17.34,-13.4,-26.6,-29.3,-33.2,-15.5
17.35,-13.7,-30.0,-29.5,-34.0,-15.5
17.36,-13.8,-34.3,-29.5,-33.9,-15.3
17.37,-13.7,-29.4,-30.1,-34.6,-15.4
17.38,-13.3,-22.9,-30.7,-34.5,-15.5
17.39,-12.7,-19.6,-24.2,-34.8,-16.3
17.40,-10.9,-17.1,-14.8,-35.4,-17.0
17.41,-9.6,-16.0,-12.2,-36.2,-18.2
17.42,-9.3,-15.2,-11.4,-37.5,-19.7
17.43,-9.0,-14.8,-10.8,-38.6,-20.5
17.44,-9.1,-15.1,-10.7,-41.5,-21.5
17.45,-10.3,-15.6,-12.9,-45.1,-22.0
17.46,-11.7,-16.9,-14.4,-48.3,-22.3
17.47,-13.0,-18.4,-15.6,-55.8,-22.7
17.48,-14.4,-21.4,-17.3,-58.6,-22.0
17.49,-16.1,-24.8,-19.2,-59.2,-21.6
17.50,-16.9,-29.6,-20.7,-59.1,-20.8
17.51,-17.7,-32.5,-21.8,-59.1,-20.8
17.52,-16.9,-36.3,-21.0,-58.9,-19.9
17.53,-16.4,-40.4,-19.7,-59.1,-20.1
17.54,-16.0,-39.5,-19.5,-59.8,-19.9
17.55,-16.2,-32.1,-19.8,-60.2,-19.7
17.56,-15.0,-27.5,-17.6,-60.3,-19.8
17.57,-13.0,-20.8,-15.8,-60.1,-19.9
17.58,-11.0,-16.0,-15.0,-54.1,-19.5
17.59,-10.0,-14.0,-14.8,-44.8,-19.0
17.60,-9.5,-12.9,-14.8,-44.2,-18.7
17.61,-9.3,-12.1,-16.3,-42.6,-18.2
17.62,-10.2,-12.0,-19.3,-42.4,-17.9
17.63,-10.3,-12.3,-21.1,-42.1,-18.3
17.64,-10.4,-12.4,-22.7,-45.2,-18.6
17.65,-10.8,-12.5,-23.8,-45.7,-19.2
17.66,-10.9,-12.8,-24.4,-47.5,-18.6
17.67,-11.1,-13.1,-25.4,-49.0,-18.4
17.68,-11.2,-13.3,-27.4,-49.0,-18.2
17.69,-11.2,-13.4,-28.1,-48.8,-17.9
17.70,-11.2,-13.2,-28.4,-48.3,-18.2
17.71,-11.2,-13.2,-28.9,-46.9,-18.2
17.72,-11.2,-13.1,-28.9,-40.9,-18.2
17.73,-11.2,-13.2,-26.4,-40.1,-18.6
17.74,-10.6,-13.4,-17.9,-38.4,-18.6
17.75,-9.7,-13.9,-13.9,-37.4,-19.3
17.76,-9.2,-14.2,-12.4,-36.4,-19.2
17.77,-9.1,-14.3,-11.8,-37.7,-20.1
17.78,-8.8,-14.2,-11.3,-38.2,-20.9
17.79,-9.4,-13.9,-12.4,-39.3,-21.3
17.80,-10.3,-13.7,-14.4,-45.6,-20.8
17.81,-10.6,-13.3,-15.7,-48.6,-21.3
17.82,-11.4,-13.5,-17.5,-54.9,-21.4
17.83,-11.8,-13.6,-19.2,-56.9,-21.9
17.84,-12.0,-13.6,-20.9,-58.4,-21.5
17.85,-12.1,-13.7,-21.3,-58.9,-22.1
17.86,-12.2,-13.8,-20.9,-59.0,-21.7
17.87,-12.1,-13.6,-20.7,-59.5,-21.9
17.88,-11.9,-13.5,-21.1,-61.1,-21.2
17.89,-12.4,-14.1,-21.2,-62.3,-21.2
17.90,-12.9,-15.0,-21.8,-63.4,-20.9
17.91,-12.8,-15.9,-19.1,-63.7,-21.2
17.92,-12.2,-16.0,-17.1,-63.1,-20.7
17.93,-11.0,-15.0,-16.1,-51.8,-20.6
17.94,-10.2,-14.4,-15.4,-40.3,-18.9
17.95,-10.0,-13.8,-15.7,-38.9,-18.2
17.96,-9.9,-13.4,-16.9,-37.5,-17.6
17.97,-10.4,-13.9,-18.5,-36.4,-17.4
17.98,-10.6,-14.3,-19.8,-36.2,-17.5
17.99,-10.8,-14.1,-20.9,-35.7,-17.7
18.00,-10.8,-13.6,-22.3,-33.2,-17.9
18.01,-10.7,-13.4,-23.3,-31.7,-18.0
18.02,-10.6,-13.0,-24.9,-29.9,-17.9
18.03,-10.5,-12.7,-26.6,-28.9,-18.0
18.04,-10.5,-12.6,-28.9,-28.4,-18.2
18.05,-10.9,-13.1,-29.7,-28.3,-18.4
18.06,-11.2,-13.6,-30.2,-28.5,-18.3
18.07,-11.6,-14.1,-29.9,-29.3,-18.8
18.08,-11.9,-14.4,-25.6,-30.8,-19.3
18.09,-10.5,-14.8,-15.0,-32.3,-19.7
18.10,-9.6,-14.7,-12.5,-35.5,-20.7
18.11,-9.4,-14.6,-11.7,-41.9,-21.7
18.12,-9.1,-14.7,-11.1,-47.5,-22.2
18.13,-9.1,-14.6,-11.0,-57.8,-23.0
18.14,-10.3,-14.5,-13.1,-60.6,-24.2
18.15,-11.1,-14.5,-14.7,-61.7,-25.1
18.16,-11.5,-14.4,-15.8,-64.0,-25.3
18.17,-12.3,-14.3,-17.8,-64.3,-25.5
18.18,-12.8,-14.3,-20.2,-65.2,-25.1
18.19,-12.8,-14.2,-21.8,-65.5,-23.6
18.20,-13.1,-14.3,-23.1,-65.6,-23.2
18.21,-12.9,-14.4,-21.9,-65.9,-22.9
18.22,-12.8,-14.4,-20.6,-65.8,-23.0
18.23,-12.6,-14.3,-19.9,-65.3,-24.3
18.24,-12.5,-14.2,-19.8,-63.7,-24.3
18.25,-11.8,-14.2,-17.4,-62.1,-24.7
18.26,-11.0,-14.0,-15.6,-61.8,-24.9
18.27,-10.2,-13.9,-14.7,-57.9,-22.8
18.28,-9.6,-13.9,-14.4,-54.6,-20.6
18.29,-9.5,-13.9,-14.3,-52.0,-20.0
18.30,-9.8,-13.9,-15.8,-39.3,-19.1
18.31,-10.5,-14.0,-18.2,-37.6,-18.5
18.32,-10.6,-13.9,-19.6,-37.4,-18.6
18.33,-11.0,-13.8,-21.5,-37.3,-18.6
18.34,-11.1,-13.7,-23.3,-35.9,-18.5
18.35,-11.1,-13.5,-25.1,-36.6,-19.0
18.36,-11.3,-13.5,-26.9,-35.2,-18.9
18.37,-11.4,-13.5,-28.7,-32.0,-19.1
18.38,-11.5,-13.6,-30.1,-30.3,-19.4
18.39,-11.4,-13.6,-31.3,-28.0,-19.5
18.40,-11.4,-13.7,-31.1,-26.0,-20.2
18.41,-11.5,-13.8,-29.4,-25.5,-20.9
18.42,-11.3,-14.2,-25.8,-24.4,-21.0
18.43,-10.9,-14.9,-17.6,-23.7,-21.9
18.44,-9.9,-16.2,-13.4,-23.8,-22.5
18.45,-9.6,-18.2,-12.0,-24.3,-22.7
18.46,-9.8,-20.9,-11.4,-25.5,-22.8
18.47,-9.8,-24.5,-10.8,-26.7,-23.0
18.48,-11.2,-29.3,-12.0,-30.7,-22.2
18.49,-12.6,-34.0,-14.1,-34.4,-21.5
18.50,-13.9,-39.6,-15.3,-39.9,-21.5
18.51,-15.0,-43.1,-16.9,-49.8,-20.7
18.52,-16.3,-45.9,-18.7,-55.0,-20.5
18.53,-16.8,-48.9,-20.3,-59.1,-20.3
18.54,-17.2,-48.7,-20.9,-62.7,-20.3
18.55,-17.1,-47.9,-20.7,-62.4,-20.1
18.56,-17.0,-46.6,-20.9,-58.0,-19.8
18.57,-17.0,-45.4,-21.4,-57.9,-19.6
18.58,-17.0,-44.9,-21.5,-57.7,-19.5
18.59,-16.5,-44.7,-21.5,-47.2,-19.1
18.60,-14.9,-44.9,-18.6,-42.0,-19.1
18.61,-14.2,-46.5,-17.4,-31.6,-19.3
18.62,-13.1,-48.2,-16.9,-26.7,-19.2
18.63,-12.4,-49.3,-16.3,-24.7,-18.9
18.64,-12.8,-51.9,-17.2,-22.4,-18.9
18.65,-13.6,-53.1,-19.2,-21.1,-18.9
18.66,-13.7,-53.6,-20.3,-20.4,-18.8
18.67,-13.6,-54.8,-21.7,-19.8,-18.3
18.68,-14.0,-56.5,-23.1,-19.4,-18.2
18.69,-13.9,-57.8,-24.8,-19.3,-18.0
18.70,-13.6,-59.2,-25.9,-19.0,-17.7
18.71,-13.8,-60.8,-27.6,-19.1,-17.9
18.72,-14.3,-62.1,-28.9,-19.0,-18.4
18.73,-13.9,-62.6,-29.4,-18.8,-18.4
18.74,-14.4,-59.1,-29.2,-18.9,-19.1
18.75,-14.2,-52.7,-28.8,-18.8,-19.4
18.76,-13.8,-39.4,-28.4,-18.7,-19.4
18.77,-13.6,-30.7,-23.3,-18.8,-20.1
18.78,-11.2,-24.9,-14.8,-19.0,-20.6
18.79,-10.2,-21.5,-12.5,-19.7,-21.7
18.80,-9.6,-19.3,-11.7,-20.4,-22.4
18.81,-8.8,-15.3,-11.2,-22.3,-23.1
18.82,-8.1,-13.0,-11.3,-25.5,-22.9
18.83,-8.6,-11.4,-13.3,-27.7,-22.9
18.84,-8.7,-10.7,-15.0,-36.5,-22.5
18.85,-8.9,-10.6,-16.2,-44.2,-22.2
18.86,-9.7,-11.3,-17.9,-54.4,-22.1
18.87,-9.9,-12.4,-14.5,-59.5,-22.6
18.88,-10.0,-13.7,-13.1,-59.3,-22.4
18.89,-10.3,-15.4,-12.4,-59.7,-22.4
18.90,-9.7,-15.7,-11.2,-56.5,-23.1
18.91,-9.5,-15.9,-10.7,-55.7,-22.5
18.92,-10.1,-15.6,-12.0,-48.2,-22.5
18.93,-10.3,-15.4,-12.7,-43.0,-23.0
18.94,-10.4,-15.4,-13.0,-37.1,-22.9
18.95,-11.1,-15.3,-14.4,-31.4,-22.7
18.96,-10.9,-15.3,-14.7,-27.6,-22.5
18.97,-10.1,-15.5,-14.7,-24.5,-21.5
18.98,-10.1,-15.4,-14.9,-23.0,-20.9
18.99,-10.2,-15.3,-15.9,-21.9,-21.0
19.00,-10.4,-15.0,-17.8,-21.2,-20.4
19.01,-10.3,-14.8,-18.6,-20.8,-20.3
19.02,-10.6,-14.7,-20.1,-20.5,-20.2
19.03,-10.6,-15.4,-20.3,-20.2,-19.5
19.04,-10.8,-16.6,-20.1,-19.9,-19.3
19.05,-11.0,-18.0,-20.2,-20.0,-19.0
19.06,-11.5,-20.9,-20.0,-19.9,-18.8
19.07,-11.8,-23.9,-20.1,-19.7,-18.7
19.08,-12.4,-24.6,-21.6,-19.9,-18.9
19.09,-12.7,-24.8,-22.9,-19.8,-18.8
19.10,-13.1,-25.8,-24.9,-19.7,-18.8
19.11,-13.1,-25.4,-23.0,-19.9,-18.9
19.12,-12.1,-25.6,-17.5,-20.3,-19.1
19.13,-10.4,-22.1,-13.7,-20.6,-19.5
19.14,-9.4,-18.1,-12.3,-21.9,-20.1
19.15,-8.8,-15.2,-11.7,-23.8,-21.0
19.16,-8.3,-13.6,-11.3,-25.1,-21.5
19.17,-9.0,-12.7,-12.4,-29.3,-21.7
19.18,-9.3,-12.4,-13.8,-33.7,-22.0
19.19,-9.7,-12.5,-14.6,-39.0,-21.9
19.20,-10.5,-13.1,-15.4,-47.8,-21.8
19.21,-10.9,-13.5,-16.1,-49.1,-21.7
19.22,-11.3,-13.7,-17.0,-49.5,-21.9
19.23,-11.3,-14.2,-16.4,-52.7,-22.0
19.24,-11.7,-15.1,-16.2,-53.4,-22.2
19.25,-11.3,-16.1,-14.7,-36.0,-22.2
19.26,-11.3,-17.8,-14.0,-35.4,-22.3
19.27,-11.5,-20.4,-13.6,-34.0,-22.6
19.28,-11.7,-23.1,-13.8,-32.6,-22.7
19.29,-11.2,-24.1,-13.5,-29.5,-22.7
19.30,-10.3,-21.7,-12.4,-27.9,-22.4
19.31,-9.7,-18.5,-12.3,-25.5,-22.2
19.32,-8.9,-15.5,-12.2,-23.8,-21.7
19.33,-8.6,-13.7,-12.4,-23.6,-21.3
19.34,-8.8,-12.8,-13.2,-22.5,-21.2
19.35,-9.3,-12.3,-14.4,-22.7,-21.4
19.36,-9.8,-12.2,-16.3,-21.5,-21.4
19.37,-10.1,-12.7,-16.5,-20.6,-21.8
19.38,-10.6,-13.1,-18.7,-20.2,-22.2
19.39,-10.6,-13.3,-19.7,-19.5,-22.3
19.40,-10.8,-13.5,-20.6,-19.2,-22.6
19.41,-10.8,-13.5,-20.6,-19.2,-22.5
19.42,-10.8,-13.4,-21.3,-19.2,-23.0
19.43,-10.9,-13.5,-20.0,-19.7,-22.9
19.44,-10.9,-13.4,-19.9,-19.4,-23.2
19.45,-11.2,-13.6,-20.8,-19.5,-23.4
19.46,-11.4,-13.9,-20.0,-19.7,-23.9
19.47,-11.8,-14.4,-21.4,-19.3,-24.4
19.48,-11.7,-15.4,-19.8,-19.4,-24.4
19.49,-12.2,-16.6,-19.8,-19.3,-24.3
19.50,-12.5,-17.6,-20.4,-19.4,-24.0
19.51,-13.2,-18.9,-20.4,-20.2,-23.7
19.52,-13.9,-19.2,-21.0,-20.7,-23.6
19.53,-14.7,-20.0,-22.2,-22.8,-23.6
19.54,-14.8,-20.9,-21.0,-24.0,-23.6
19.55,-15.7,-21.8,-21.3,-28.1,-23.6
19.56,-16.6,-23.1,-22.4,-32.6,-23.6
19.57,-18.0,-26.3,-22.8,-37.8,-23.3
19.58,-18.6,-29.1,-23.5,-48.1,-22.9
19.59,-19.5,-36.1,-24.4,-49.8,-22.9
19.60,-19.5,-39.9,-24.3,-57.7,-22.5
19.61,-18.5,-39.6,-23.6,-57.3,-21.9
19.62,-18.5,-38.7,-24.2,-56.6,-21.5
19.63,-18.6,-35.4,-25.4,-56.5,-21.2
19.64,-18.0,-29.0,-25.7,-56.4,-21.1
19.65,-17.0,-22.9,-24.9,-57.1,-21.4
19.66,-15.9,-19.2,-25.2,-57.9,-22.2
19.67,-14.9,-17.4,-24.7,-59.1,-22.4
19.68,-14.1,-16.2,-24.4,-61.2,-23.1
19.69,-13.6,-15.4,-23.4,-61.5,-23.4
19.70,-13.6,-15.2,-23.4,-63.7,-23.7
19.71,-13.4,-15.1,-23.1,-62.7,-23.6
19.72,-13.3,-14.7,-23.3,-62.7,-23.9
19.73,-13.2,-14.5,-23.6,-60.9,-24.3
19.74,-12.9,-14.2,-24.1,-61.6,-25.2
19.75,-13.3,-14.4,-24.6,-60.0,-25.0
19.76,-14.0,-15.0,-25.8,-59.2,-26.0
19.77,-14.7,-15.5,-25.9,-58.1,-26.5
19.78,-14.9,-16.0,-26.1,-57.3,-26.6
19.79,-15.3,-16.2,-26.6,-55.8,-27.4
19.80,-15.0,-15.7,-28.1,-51.7,-29.0
19.81,-14.5,-15.2,-28.2,-51.9,-30.1
19.82,-14.4,-15.0,-27.0,-52.1,-31.4
19.83,-13.5,-14.1,-25.5,-53.1,-32.5
19.84,-13.3,-13.8,-25.0,-54.1,-33.4
19.85,-12.9,-13.3,-25.0,-63.3,-34.6
19.86,-12.8,-13.1,-25.0,-61.5,-36.0
19.87,-12.6,-12.9,-25.3,-60.5,-36.1
19.88,-13.0,-13.3,-26.9,-60.3,-36.6
19.89,-13.1,-13.3,-27.5,-60.5,-36.8
19.90,-13.2,-13.3,-27.5,-60.4,-37.5
19.91,-13.0,-13.2,-27.5,-61.2,-38.1
19.92,-13.2,-13.4,-28.6,-62.4,-39.1
19.93,-13.6,-13.9,-29.7,-62.7,-39.0
19.94,-14.0,-14.3,-28.8,-62.8,-39.6
19.95,-14.5,-14.8,-27.2,-63.5,-40.1
19.96,-14.8,-15.2,-26.6,-63.1,-40.8
19.97,-14.9,-15.3,-26.6,-63.6,-41.5
19.98,-14.8,-15.2,-26.4,-63.9,-43.1
19.99,-13.8,-14.1,-26.5,-64.7,-44.3
20.00,-12.7,-12.8,-27.4,-65.2,-46.0
20.01,-11.8,-11.9,-27.5,-64.9,-47.4
20.02,-11.0,-11.2,-27.7,-65.6,-47.4
20.03,-10.5,-10.6,-28.1,-65.0,-46.7
20.04,-10.8,-10.9,-29.6,-64.5,-46.1
20.05,-11.2,-11.3,-31.8,-63.8,-45.4
20.06,-11.9,-12.0,-31.0,-63.4,-44.8
20.07,-13.1,-13.2,-29.5,-63.5,-44.8
20.08,-14.9,-15.1,-30.1,-64.4,-44.8
20.09,-17.2,-17.5,-30.5,-64.6,-44.6
20.10,-21.3,-22.0,-30.6,-65.0,-44.5
20.11,-25.7,-29.2,-29.9,-65.6,-43.7
20.12,-27.7,-35.7,-29.4,-65.6,-43.3
20.13,-27.5,-36.2,-29.1,-65.8,-43.6
20.14,-27.0,-33.8,-29.1,-66.1,-44.1
20.15,-25.1,-27.8,-29.2,-65.3,-45.2
20.16,-21.3,-22.0,-30.8,-65.2,-47.2
20.17,-17.6,-17.8,-32.6,-64.9,-49.9
20.18,-15.4,-15.5,-32.3,-64.0,-50.5
20.19,-14.0,-14.0,-32.3,-63.3,-51.0
20.20,-13.1,-13.1,-33.3,-62.0,-50.3
20.21,-13.0,-13.0,-34.4,-60.1,-49.6
20.22,-13.3,-13.3,-34.8,-59.5,-48.9
20.23,-14.4,-14.5,-33.9,-59.1,-49.0
20.24,-15.7,-15.9,-32.4,-59.0,-48.7
20.25,-18.0,-18.2,-32.3,-59.8,-49.2
20.26,-20.4,-20.8,-32.2,-60.9,-49.3
20.27,-24.6,-25.8,-32.0,-62.7,-49.3
20.28,-27.6,-29.9,-33.1,-63.5,-49.4
20.29,-29.7,-33.6,-33.7,-63.2,-49.2
20.30,-30.9,-38.1,-33.3,-63.5,-49.6
20.31,-28.7,-31.1,-33.7,-63.4,-50.2
20.32,-27.9,-29.5,-34.2,-63.9,-51.3
20.33,-24.1,-24.4,-36.5,-63.7,-52.2
20.34,-19.7,-19.8,-36.9,-63.7,-53.0
20.35,-17.1,-17.1,-35.6,-63.9,-53.1
20.36,-15.2,-15.2,-35.2,-64.4,-53.6
20.37,-13.4,-13.5,-35.5,-63.7,-53.4
20.38,-12.3,-12.3,-35.5,-63.0,-53.3
20.39,-11.5,-11.5,-35.6,-63.1,-53.3
20.40,-11.1,-11.1,-36.2,-62.7,-52.8
20.41,-10.9,-11.0,-36.1,-63.0,-52.5
20.42,-11.1,-11.2,-35.8,-63.1,-52.1
20.43,-11.6,-11.6,-35.5,-62.3,-51.6
20.44,-11.9,-11.9,-37.2,-58.1,-50.6
20.45,-12.2,-12.2,-39.1,-56.4,-49.8
20.46,-12.4,-12.4,-38.0,-55.2,-48.9
20.47,-12.5,-12.5,-36.6,-54.8,-47.1
20.48,-12.6,-12.6,-36.8,-54.7,-42.0
20.49,-12.1,-13.3,-20.9,-55.4,-30.9
20.50,-11.3,-14.3,-16.4,-56.5,-25.1
20.51,-10.5,-14.6,-15.4,-57.3,-21.2
20.52,-9.9,-14.7,-14.9,-55.9,-18.5
20.53,-9.5,-14.7,-14.6,-56.3,-17.6
20.54,-9.6,-13.6,-16.4,-55.4,-16.6
20.55,-9.6,-12.9,-19.1,-55.1,-16.2
20.56,-9.9,-12.9,-20.7,-57.3,-16.1
20.57,-9.8,-12.7,-22.8,-57.3,-15.8
20.58,-10.1,-13.0,-24.7,-57.7,-15.4
20.59,-10.4,-13.5,-26.7,-61.0,-15.4
20.60,-10.7,-14.0,-27.8,-61.9,-15.0
20.61,-11.1,-14.7,-28.2,-60.1,-15.0
20.62,-11.4,-15.4,-26.3,-59.8,-14.6
20.63,-11.6,-15.6,-24.8,-59.9,-14.7
20.64,-11.2,-15.8,-23.1,-59.7,-14.8
20.65,-11.2,-15.8,-21.9,-60.7,-15.2
20.66,-11.0,-15.7,-21.2,-62.5,-15.6
20.67,-10.7,-15.7,-21.0,-62.7,-15.7
20.68,-10.9,-15.6,-21.1,-58.6,-16.1
20.69,-11.0,-15.6,-21.6,-40.1,-16.1
20.70,-11.3,-15.9,-22.3,-28.1,-16.6
20.71,-11.6,-16.7,-23.1,-24.8,-16.7
20.72,-11.7,-17.7,-24.1,-22.0,-17.1
20.73,-11.8,-19.1,-25.4,-20.3,-16.8
20.74,-12.2,-21.5,-26.5,-19.0,-16.3
20.75,-12.6,-24.3,-27.3,-18.1,-16.2
20.76,-12.2,-27.4,-27.5,-17.7,-15.4
20.77,-12.2,-31.5,-27.3,-17.9,-15.2
20.78,-11.8,-36.6,-27.1,-17.7,-14.8
20.79,-11.9,-40.0,-27.3,-17.4,-14.7
20.80,-11.8,-43.2,-27.6,-17.7,-14.5
20.81,-12.7,-46.2,-28.1,-17.8,-14.9
20.82,-12.5,-48.8,-28.4,-17.7,-14.8
20.83,-12.3,-51.2,-28.4,-18.0,-14.7
20.84,-11.5,-54.1,-22.5,-18.6,-14.9
20.85,-9.7,-56.2,-13.6,-19.8,-15.4
20.86,-9.1,-57.9,-12.1,-21.0,-15.8
20.87,-9.2,-59.1,-11.5,-22.8,-16.4
20.88,-9.0,-62.0,-11.0,-24.3,-16.1
20.89,-9.5,-61.7,-11.6,-25.3,-15.4
20.90,-10.6,-61.3,-13.2,-24.5,-15.4
20.91,-11.6,-60.7,-15.0,-24.6,-15.1
20.92,-12.1,-60.3,-16.3,-23.7,-15.1
20.93,-12.8,-60.5,-18.6,-23.2,-15.2
20.94,-13.6,-61.0,-21.1,-22.7,-15.6
20.95,-13.2,-61.3,-22.7,-21.2,-15.7
20.96,-13.5,-62.7,-22.9,-20.9,-16.2
20.97,-13.8,-64.0,-22.1,-20.7,-17.1
20.98,-13.7,-64.0,-21.9,-20.1,-17.2
20.99,-13.9,-64.4,-21.5,-20.9,-17.1
21.00,-13.4,-64.6,-21.6,-19.9,-17.0
21.01,-12.6,-64.3,-18.4,-20.3,-16.6
21.02,-12.1,-64.5,-16.7,-20.9,-16.4
21.03,-11.4,-64.7,-15.9,-20.7,-16.0
21.04,-11.0,-65.1,-15.6,-20.9,-15.8
21.05,-11.2,-65.7,-15.5,-21.2,-16.0
21.06,-11.6,-66.0,-16.9,-20.5,-16.2
21.07,-12.1,-66.7,-18.9,-20.4,-16.1
21.08,-12.7,-67.1,-20.1,-20.2,-16.4
21.09,-13.6,-67.4,-22.2,-19.8,-16.3
21.10,-14.0,-67.9,-23.9,-20.0,-16.3
21.11,-13.8,-67.9,-25.7,-19.8,-15.9
21.12,-13.5,-67.3,-26.3,-19.5,-15.9
21.13,-13.2,-67.3,-26.0,-19.9,-15.8
21.14,-13.2,-67.1,-25.4,-19.5,-15.8
21.15,-13.1,-67.0,-25.0,-19.5,-15.8
21.16,-13.3,-67.3,-25.1,-19.8,-15.9
21.17,-13.3,-67.8,-25.6,-19.0,-16.0
21.18,-13.1,-67.9,-26.1,-19.5,-15.7
21.19,-12.8,-68.1,-27.2,-19.1,-15.5
21.20,-12.8,-68.5,-28.2,-19.1,-15.2
21.21,-13.0,-68.5,-29.0,-19.3,-15.1
21.22,-12.6,-68.9,-29.7,-19.0,-14.8
21.23,-12.6,-69.3,-30.5,-18.6,-15.4
21.24,-12.8,-69.4,-31.3,-19.5,-15.4
21.25,-12.9,-69.5,-31.9,-19.1,-15.7
21.26,-13.2,-69.7,-32.7,-19.6,-15.5
21.27,-13.6,-69.7,-33.1,-20.3,-15.6
21.28,-13.2,-69.5,-32.3,-20.0,-15.1
21.29,-13.0,-69.4,-31.7,-20.3,-15.0
21.30,-12.7,-69.4,-31.4,-20.2,-14.8
21.31,-12.4,-69.2,-31.2,-19.7,-14.6
21.32,-12.3,-69.2,-31.4,-19.8,-14.5
21.33,-12.5,-69.6,-32.1,-19.8,-14.5
21.34,-12.3,-69.5,-32.4,-19.4,-14.4
21.35,-12.1,-68.3,-31.8,-19.3,-14.4
21.36,-12.1,-67.5,-23.3,-19.8,-14.7
21.37,-10.3,-67.3,-14.0,-19.5,-15.0
21.38,-9.7,-67.0,-12.3,-20.0,-15.4
21.39,-9.5,-67.3,-11.5,-20.2,-15.8
21.40,-8.8,-68.8,-10.6,-20.3,-15.9
21.41,-8.7,-69.3,-10.7,-20.4,-15.9
21.42,-9.6,-70.3,-12.1,-20.2,-16.0
21.43,-10.1,-70.7,-13.1,-20.3,-16.1
21.44,-10.4,-70.8,-14.1,-19.8,-16.3
21.45,-12.3,-70.6,-17.0,-19.8,-16.2
21.46,-13.0,-70.3,-19.5,-20.2,-16.0
21.47,-12.7,-70.4,-20.9,-19.6,-15.9
21.48,-12.8,-70.5,-23.1,-20.3,-15.5
21.49,-13.1,-70.5,-24.1,-19.6,-15.5
21.50,-13.3,-70.3,-23.4,-20.0,-15.6
21.51,-13.2,-70.3,-22.5,-19.8,-15.8
21.52,-13.3,-69.0,-22.4,-19.6,-16.0
21.53,-13.4,-68.7,-21.0,-20.2,-16.3
21.54,-10.7,-69.0,-14.2,-20.3,-16.4
21.55,-10.1,-69.0,-12.7,-20.2,-16.8
21.56,-9.9,-69.0,-12.0,-21.4,-16.7
21.57,-9.6,-70.6,-11.7,-20.6,-16.5
21.58,-10.2,-70.1,-12.3,-21.1,-16.2
21.59,-11.4,-70.2,-14.1,-20.6,-16.1
21.60,-11.8,-70.0,-15.7,-20.5,-15.7
21.61,-12.3,-70.1,-17.0,-20.5,-15.4
21.62,-12.7,-69.9,-19.0,-20.3,-15.5
21.63,-12.5,-70.5,-20.4,-20.2,-15.2
21.64,-12.7,-70.8,-21.2,-20.3,-15.2
21.65,-13.1,-70.5,-21.4,-20.2,-15.5
21.66,-13.1,-70.3,-20.5,-20.6,-15.8
21.67,-13.0,-69.7,-20.1,-20.0,-16.3
21.68,-13.7,-69.5,-20.0,-20.4,-17.0
21.69,-13.9,-69.3,-20.2,-20.5,-17.6
21.70,-13.2,-68.6,-18.0,-20.1,-17.9
21.71,-12.0,-68.2,-16.0,-20.9,-17.6
21.72,-11.6,-68.3,-15.5,-20.4,-16.8
21.73,-11.1,-68.4,-15.2,-20.5,-16.1
21.74,-10.9,-68.2,-15.3,-20.5,-15.6
21.75,-11.2,-68.5,-17.0,-20.3,-15.1
21.76,-12.4,-69.0,-19.5,-20.3,-15.1
21.77,-12.6,-69.1,-20.9,-20.3,-15.4
21.78,-13.2,-70.0,-22.8,-20.1,-15.6
21.79,-13.7,-69.6,-24.9,-20.1,-16.0
21.80,-13.4,-69.8,-26.7,-19.8,-15.7
21.81,-12.9,-69.8,-27.5,-19.5,-15.5
21.82,-12.8,-69.8,-27.7,-19.4,-15.3
21.83,-12.5,-70.1,-27.7,-19.2,-15.0
21.84,-12.4,-69.9,-27.3,-19.0,-15.1
21.85,-12.6,-70.0,-27.6,-19.0,-15.2
21.86,-12.5,-69.9,-28.0,-18.9,-15.1
21.87,-12.4,-69.0,-24.8,-19.0,-15.4
21.88,-11.7,-69.0,-17.5,-19.4,-15.5
21.89,-10.5,-69.1,-13.8,-19.9,-15.6
21.90,-10.0,-68.9,-12.7,-19.9,-15.8
21.91,-9.8,-69.1,-12.1,-20.3,-16.2
21.92,-9.9,-69.7,-11.8,-20.2,-16.5
21.93,-11.3,-70.0,-14.0,-20.1,-16.5
21.94,-12.3,-69.9,-16.1,-20.2,-16.6
21.95,-12.9,-70.5,-17.6,-20.2,-16.9
21.96,-14.0,-70.5,-19.8,-20.3,-17.1
21.97,-14.5,-70.8,-22.4,-20.3,-17.1
21.98,-14.8,-70.9,-24.3,-20.2,-17.1
21.99,-14.7,-71.0,-24.4,-20.0,-17.1
22.00,-14.6,-71.1,-23.0,-20.0,-17.2
22.01,-14.4,-71.3,-22.9,-20.1,-16.9
22.02,-14.1,-71.2,-23.0,-20.0,-16.9
22.03,-13.9,-71.3,-23.1,-20.0,-16.7
22.04,-14.1,-70.9,-24.6,-20.3,-16.7
22.05,-14.3,-70.9,-27.3,-20.3,-16.5
22.06,-14.3,-70.8,-27.6,-20.1,-16.5
22.07,-14.5,-70.8,-26.8,-20.4,-16.5
22.08,-14.2,-70.8,-26.1,-20.4,-16.5
22.09,-14.0,-70.8,-25.1,-20.6,-16.3
22.10,-14.1,-70.8,-25.0,-20.8,-16.5
22.11,-14.1,-70.8,-25.3,-20.5,-16.5
22.12,-14.2,-70.7,-25.8,-20.7,-16.5
22.13,-14.4,-71.0,-26.5,-20.5,-16.4
22.14,-14.3,-70.9,-27.5,-20.1,-16.4
22.15,-14.0,-71.0,-28.9,-20.2,-16.0
22.16,-13.8,-70.8,-30.2,-20.1,-15.9
22.17,-13.5,-70.6,-30.6,-19.6,-15.9
22.18,-13.7,-70.3,-31.7,-19.7,-15.9
22.19,-13.5,-69.9,-33.0,-19.5,-15.6
22.20,-13.5,-69.5,-33.1,-19.5,-15.9
22.21,-13.6,-69.1,-32.6,-19.6,-15.9
22.22,-12.7,-68.4,-22.7,-19.9,-16.1
22.23,-10.4,-68.7,-14.2,-20.3,-16.2
22.24,-9.7,-69.0,-12.6,-20.8,-16.2
22.25,-9.5,-69.3,-12.0,-22.1,-16.0
22.26,-9.6,-70.6,-11.5,-22.5,-16.0
22.27,-10.1,-70.7,-11.9,-22.5,-15.8
22.28,-11.4,-70.8,-13.7,-23.1,-15.8
22.29,-12.2,-70.7,-15.4,-22.3,-15.8
22.30,-12.7,-70.8,-16.7,-21.9,-16.0
22.31,-13.2,-70.6,-19.1,-22.0,-15.9
22.32,-13.3,-70.8,-21.7,-21.4,-15.5
22.33,-12.8,-70.5,-23.1,-20.9,-15.2
22.34,-12.9,-70.7,-23.1,-20.8,-15.3
22.35,-12.6,-70.3,-22.3,-20.5,-15.1
22.36,-12.8,-69.6,-22.5,-20.2,-15.4
22.37,-13.2,-69.2,-22.3,-20.1,-15.9
22.38,-13.3,-68.9,-22.9,-20.1,-16.2
22.39,-12.5,-67.9,-19.8,-20.1,-16.7
22.40,-12.3,-68.3,-18.8,-20.1,-17.0
22.41,-11.6,-68.3,-17.8,-20.3,-16.7
22.42,-11.4,-68.6,-17.6,-20.5,-16.3
22.43,-11.3,-69.1,-17.5,-20.8,-16.0
22.44,-12.0,-69.2,-19.6,-21.1,-16.0
22.45,-12.1,-68.9,-21.3,-21.3,-15.6
22.46,-12.9,-68.9,-22.9,-21.3,-15.7
22.47,-13.7,-69.0,-24.9,-21.5,-16.1
22.48,-13.7,-69.3,-26.2,-21.8,-15.7
22.49,-14.1,-69.8,-27.4,-22.0,-15.6
22.50,-14.5,-70.1,-28.2,-22.4,-16.0
22.51,-14.5,-70.7,-28.9,-22.6,-15.9
22.52,-14.0,-70.5,-29.6,-22.5,-15.7
22.53,-13.9,-70.6,-29.9,-22.9,-15.9
22.54,-13.9,-70.7,-30.5,-22.8,-15.9
22.55,-13.9,-71.0,-30.8,-22.9,-15.6
22.56,-14.1,-71.0,-31.3,-23.0,-15.5
22.57,-14.2,-71.1,-31.9,-23.0,-15.4
22.58,-13.7,-70.9,-32.8,-22.5,-15.1
22.59,-12.7,-70.3,-33.5,-21.6,-14.4
22.60,-12.3,-70.0,-34.2,-21.5,-13.8
22.61,-12.1,-69.9,-34.6,-21.2,-13.4
22.62,-12.0,-69.7,-34.9,-20.7,-13.4
22.63,-11.9,-69.7,-34.5,-20.5,-13.3
22.64,-12.5,-69.8,-34.0,-20.2,-13.8
22.65,-12.8,-69.8,-33.2,-20.1,-14.3
22.66,-12.8,-70.0,-31.6,-20.0,-14.6
22.67,-12.6,-69.7,-31.0,-19.7,-15.0
22.68,-13.0,-69.7,-30.7,-19.8,-15.5
22.69,-13.1,-69.5,-30.6,-19.9,-15.7
22.70,-13.3,-69.7,-30.9,-20.0,-15.8
22.71,-13.7,-69.7,-31.8,-19.9,-16.1
22.72,-13.8,-69.9,-32.9,-20.2,-15.9
22.73,-13.4,-69.7,-32.7,-20.4,-15.7
22.74,-13.0,-69.4,-23.5,-20.6,-15.8
22.75,-10.8,-69.5,-14.0,-20.7,-16.1
22.76,-9.8,-69.7,-12.1,-21.2,-16.4
22.77,-9.3,-69.9,-11.2,-20.9,-16.9
22.78,-8.7,-70.7,-10.3,-20.5,-16.9
22.79,-8.5,-71.1,-10.1,-19.9,-16.6
22.80,-9.4,-71.0,-11.9,-19.4,-16.6
22.81,-10.0,-70.9,-13.0,-19.3,-16.3
22.82,-10.4,-70.8,-14.2,-19.2,-16.0
22.83,-12.5,-70.7,-17.6,-19.4,-15.8
22.84,-12.3,-70.6,-19.5,-19.1,-15.5
22.85,-12.2,-70.7,-20.5,-19.1,-15.3
22.86,-12.4,-70.5,-22.8,-19.0,-15.2
22.87,-12.7,-70.5,-23.7,-18.9,-15.2
22.88,-12.4,-70.3,-23.0,-18.8,-15.2
22.89,-12.7,-70.0,-22.3,-19.1,-15.4
22.90,-12.9,-70.0,-22.1,-19.4,-15.7
22.91,-12.7,-69.3,-20.3,-19.9,-16.0
22.92,-10.5,-69.3,-13.5,-20.7,-16.1
22.93,-10.0,-69.3,-12.2,-22.4,-16.3
22.94,-9.8,-69.6,-11.7,-22.1,-15.9
22.95,-9.6,-70.1,-11.2,-22.7,-15.8
22.96,-10.0,-70.3,-11.9,-21.1,-15.7
22.97,-10.9,-70.2,-13.7,-20.2,-15.4
22.98,-11.6,-69.9,-15.2,-19.6,-15.3
22.99,-12.0,-69.6,-16.5,-19.3,-15.4
23.00,-12.8,-69.4,-19.3,-19.2,-15.3
23.01,-12.9,-69.2,-21.3,-19.0,-15.3
23.02,-13.0,-69.2,-21.5,-19.1,-15.7
23.03,-12.8,-69.2,-21.2,-19.3,-15.7
23.04,-12.3,-69.6,-20.4,-18.9,-15.8
23.05,-12.8,-69.8,-19.9,-19.6,-16.0
23.06,-12.3,-69.8,-19.9,-19.3,-16.0
23.07,-12.5,-69.7,-20.4,-19.5,-16.1
23.08,-12.5,-68.9,-18.1,-20.1,-16.5
23.09,-12.2,-68.2,-16.4,-20.6,-16.8
23.10,-12.4,-68.1,-16.2,-22.0,-16.7
23.11,-12.2,-67.9,-16.1,-21.2,-16.4
23.12,-12.1,-67.6,-16.2,-22.6,-16.0
23.13,-12.5,-67.6,-18.8,-20.8,-15.6
23.14,-13.2,-67.8,-21.3,-20.2,-15.5
23.15,-13.2,-67.5,-23.8,-19.8,-15.5
23.16,-13.0,-67.7,-25.8,-19.0,-15.6
23.17,-13.5,-68.3,-28.2,-19.3,-15.5
23.18,-13.0,-68.9,-29.3,-18.4,-15.6
23.19,-13.3,-69.0,-30.6,-19.0,-16.2
23.20,-13.0,-69.6,-31.8,-18.2,-15.6
23.21,-12.8,-69.9,-33.1,-18.6,-15.5
23.22,-13.0,-69.7,-34.9,-18.3,-15.5
23.23,-13.2,-69.8,-35.9,-18.5,-15.5
23.24,-13.1,-69.4,-36.4,-19.2,-15.4
23.25,-12.9,-68.3,-25.5,-19.2,-15.7
23.26,-12.2,-68.3,-16.3,-20.1,-16.1
23.27,-10.4,-68.7,-12.8,-20.1,-16.7
23.28,-10.2,-68.7,-11.8,-21.1,-16.8
23.29,-9.6,-69.0,-11.2,-21.1,-16.9
23.30,-9.7,-70.5,-10.9,-21.2,-17.0
23.31,-10.7,-70.4,-13.3,-20.4,-16.3
23.32,-11.6,-70.3,-15.2,-20.0,-15.8
23.33,-11.7,-70.3,-16.5,-19.6,-15.4
23.34,-12.1,-70.2,-18.0,-19.4,-15.1
23.35,-12.4,-70.3,-20.0,-19.1,-15.1
23.36,-12.6,-70.2,-21.6,-19.2,-15.3
23.37,-12.4,-70.3,-21.8,-18.9,-15.4
23.38,-12.7,-70.4,-21.4,-19.0,-15.8
23.39,-12.5,-70.6,-21.9,-18.8,-15.9
23.40,-12.7,-70.6,-22.0,-19.0,-15.9
23.41,-12.5,-70.7,-22.2,-18.9,-15.9
23.42,-12.9,-70.7,-23.6,-19.0,-16.2
23.43,-12.6,-70.9,-26.0,-18.8,-15.9
23.44,-12.7,-71.0,-27.4,-19.1,-15.9
23.45,-12.3,-71.1,-26.6,-18.8,-15.6
23.46,-12.5,-71.3,-25.5,-19.1,-15.6
23.47,-12.2,-71.4,-24.4,-18.9,-15.5
23.48,-12.7,-71.2,-24.4,-19.1,-15.9
23.49,-12.6,-71.2,-24.5,-19.1,-15.9
23.50,-13.0,-71.1,-24.9,-19.2,-16.3
23.51,-12.9,-71.1,-26.4,-19.3,-16.1
23.52,-13.3,-71.3,-28.3,-19.5,-16.3
23.53,-13.0,-71.1,-29.1,-19.7,-16.0
23.54,-13.5,-71.2,-32.0,-19.6,-16.4
23.55,-13.3,-71.1,-34.2,-19.7,-16.3
23.56,-13.6,-70.8,-33.9,-19.5,-16.6
23.57,-13.3,-70.8,-32.5,-19.6,-16.3
23.58,-13.1,-70.7,-31.5,-19.1,-16.1
23.59,-13.0,-70.2,-30.0,-19.3,-16.1
23.60,-12.8,-69.3,-20.6,-19.0,-16.2
23.61,-11.0,-69.3,-14.0,-19.4,-16.3
23.62,-10.3,-69.1,-12.4,-19.1,-16.3
23.63,-9.7,-68.9,-11.8,-19.5,-16.0
23.64,-9.7,-69.6,-11.4,-19.3,-15.9
23.65,-9.6,-69.9,-11.8,-19.6,-15.9
23.66,-10.5,-70.4,-13.8,-19.3,-16.2
23.67,-11.7,-70.8,-15.5,-19.7,-16.4
23.68,-12.2,-71.3,-17.1,-19.4,-16.6
23.69,-12.7,-71.5,-19.2,-19.7,-16.2
23.70,-12.7,-71.4,-21.2,-19.4,-15.9
23.71,-12.4,-71.5,-21.9,-19.6,-15.8
23.72,-12.5,-71.6,-22.0,-19.2,-15.7
23.73,-12.4,-71.5,-21.8,-19.4,-16.0
23.74,-12.4,-70.9,-22.0,-18.9,-16.3
23.75,-12.9,-70.0,-22.1,-19.3,-16.7
23.76,-12.7,-69.3,-23.3,-18.7,-16.8
23.77,-12.6,-68.5,-19.1,-19.4,-17.0
23.78,-11.5,-68.2,-17.1,-18.8,-16.6
23.79,-11.4,-68.3,-16.2,-19.2,-16.4
23.80,-10.8,-68.5,-15.7,-18.5,-16.3
23.81,-10.6,-69.5,-15.9,-18.8,-15.8
23.82,-10.4,-69.7,-18.1,-18.1,-15.5
23.83,-10.7,-70.1,-20.1,-18.4,-15.3
23.84,-10.6,-70.3,-22.1,-17.9,-14.9
23.85,-11.1,-70.6,-23.7,-18.2,-15.1
23.86,-11.1,-70.8,-25.4,-17.8,-15.0
23.87,-11.5,-70.8,-26.5,-18.1,-15.3
23.88,-11.5,-70.6,-27.8,-17.8,-15.3
23.89,-11.6,-70.5,-29.2,-17.9,-15.4
23.90,-11.4,-70.3,-29.7,-17.8,-15.2
23.91,-11.5,-70.5,-30.3,-17.9,-15.4
23.92,-11.4,-70.4,-30.5,-17.7,-15.4
23.93,-11.5,-70.6,-30.8,-17.8,-15.6
23.94,-11.4,-70.8,-31.5,-17.8,-15.3
23.95,-11.4,-70.6,-32.2,-17.8,-15.2
23.96,-11.2,-70.8,-33.3,-17.8,-14.7
23.97,-11.3,-70.3,-34.3,-18.2,-14.3
23.98,-11.2,-70.4,-34.6,-18.2,-14.1
23.99,-11.4,-70.4,-34.8,-18.5,-14.1
24.00,-11.8,-70.5,-35.0,-18.5,-14.5
24.01,-12.5,-70.9,-35.1,-19.0,-14.9
24.02,-12.7,-70.9,-35.7,-18.8,-15.4
24.03,-13.3,-71.1,-35.8,-19.2,-15.3
24.04,-13.2,-70.8,-35.9,-18.9,-15.4
24.05,-13.4,-70.7,-36.0,-19.2,-15.2
24.06,-13.3,-70.3,-36.1,-19.1,-15.2
24.07,-13.6,-70.3,-36.3,-19.3,-15.4
24.08,-13.6,-70.7,-37.6,-19.2,-16.0
24.09,-14.0,-70.4,-37.8,-19.4,-16.2
24.10,-13.9,-70.6,-38.2,-19.5,-16.5
24.11,-14.1,-69.8,-33.2,-19.6,-16.9
24.12,-13.1,-69.2,-20.0,-19.9,-16.7
24.13,-11.3,-69.2,-14.2,-20.3,-17.1
24.14,-10.0,-69.4,-12.4,-19.9,-16.9
24.15,-9.4,-69.7,-11.4,-20.0,-16.5
24.16,-8.7,-70.9,-10.5,-19.8,-16.5
24.17,-8.7,-71.0,-10.7,-19.4,-16.6
24.18,-10.0,-71.3,-12.4,-19.4,-16.4
24.19,-10.4,-70.8,-13.3,-19.5,-16.5
24.20,-11.4,-70.9,-14.9,-19.3,-16.3
24.21,-12.3,-70.9,-18.4,-19.1,-16.2
24.22,-12.5,-70.9,-20.5,-19.1,-15.8
24.23,-12.6,-71.1,-21.7,-19.0,-15.8
24.24,-12.9,-71.1,-23.5,-19.0,-15.9
24.25,-13.0,-71.0,-23.6,-18.8,-16.0
24.26,-12.9,-71.1,-22.6,-19.1,-16.3
24.27,-12.9,-70.9,-21.9,-19.0,-16.4
24.28,-12.9,-70.8,-21.6,-19.0,-16.4
24.29,-12.9,-70.1,-19.1,-19.1,-16.8
24.30,-10.6,-70.3,-13.9,-18.9,-16.9
24.31,-10.2,-70.1,-12.7,-19.2,-17.2
24.32,-9.9,-70.4,-12.2,-19.1,-17.3
24.33,-9.8,-70.8,-11.8,-19.2,-17.2
24.34,-10.0,-70.7,-12.6,-19.0,-16.9
24.35,-11.0,-70.5,-14.2,-19.3,-16.5
24.36,-11.4,-70.3,-15.6,-19.1,-16.3
24.37,-12.0,-70.4,-16.9,-19.6,-16.4
24.38,-12.5,-70.5,-19.6,-19.3,-16.3
24.39,-13.2,-71.1,-21.8,-19.9,-16.5
24.40,-12.8,-70.9,-22.5,-19.6,-16.4
24.41,-13.2,-70.8,-22.6,-19.8,-16.5
24.42,-12.5,-70.5,-21.5,-19.5,-16.4
24.43,-12.6,-70.4,-20.6,-19.8,-16.3
24.44,-12.2,-69.8,-20.5,-19.5,-16.2
24.45,-12.4,-69.4,-20.6,-19.6,-16.0
24.46,-12.1,-67.2,-18.2,-19.4,-16.0
24.47,-11.3,-67.0,-16.6,-19.4,-16.2
24.48,-11.3,-67.2,-16.3,-18.9,-16.3
24.49,-11.0,-67.2,-16.0,-18.9,-16.1
24.50,-10.7,-69.0,-16.3,-18.4,-16.0
24.51,-11.1,-69.9,-18.7,-18.2,-15.7
24.52,-11.5,-70.1,-20.5,-18.0,-15.7
24.53,-11.9,-70.6,-23.0,-17.9,-15.9
24.54,-12.2,-70.8,-24.6,-17.8,-16.4
24.55,-12.8,-70.9,-26.4,-17.7,-16.9
24.56,-12.8,-70.7,-27.5,-17.7,-16.9
24.57,-12.8,-70.4,-28.9,-17.6,-16.8
24.58,-12.6,-69.7,-30.2,-17.6,-16.5
24.59,-12.4,-69.5,-31.2,-17.7,-16.4
24.60,-12.4,-69.4,-32.3,-17.6,-16.5
24.61,-12.3,-69.4,-32.4,-17.7,-16.6
24.62,-12.3,-69.5,-32.3,-17.7,-16.5
24.63,-11.8,-69.2,-24.6,-17.9,-16.5
24.64,-10.9,-69.4,-16.2,-18.1,-16.1
24.65,-10.0,-69.3,-13.1,-18.6,-15.7
24.66,-9.5,-69.6,-12.2,-19.1,-15.2
24.67,-9.5,-69.9,-11.6,-19.3,-15.0
24.68,-9.5,-70.6,-11.5,-19.3,-14.8
24.69,-10.5,-70.4,-13.7,-19.0,-14.5
24.70,-11.2,-70.3,-15.5,-18.8,-14.5
24.71,-11.5,-69.9,-16.7,-18.4,-14.6
24.72,-11.8,-69.9,-18.2,-18.4,-14.4
24.73,-12.3,-69.6,-20.2,-18.4,-14.5
24.74,-12.7,-70.0,-21.8,-18.4,-14.8
24.75,-12.9,-70.2,-22.3,-18.3,-15.3
24.76,-12.9,-70.4,-21.9,-18.3,-15.4
24.77,-12.8,-70.5,-22.6,-18.4,-15.6
24.78,-12.6,-70.3,-22.5,-18.4,-15.4
24.79,-12.4,-70.0,-22.6,-18.3,-15.6
24.80,-12.5,-69.9,-23.9,-18.3,-15.9
24.81,-12.6,-69.7,-26.1,-18.5,-15.7
24.82,-12.8,-69.9,-27.3,-18.4,-16.0
24.83,-12.7,-69.9,-26.8,-18.4,-16.0
24.84,-12.9,-69.9,-26.3,-18.6,-15.9
24.85,-12.7,-70.2,-25.5,-18.4,-15.9
24.86,-12.8,-69.9,-25.2,-18.5,-16.1
24.87,-12.8,-69.7,-25.3,-18.5,-16.1
24.88,-13.0,-69.5,-25.7,-18.5,-15.9
24.89,-13.6,-69.7,-27.0,-18.7,-15.9
24.90,-14.3,-69.8,-28.6,-19.2,-16.3
24.91,-14.6,-69.8,-30.1,-19.4,-16.2
24.92,-14.5,-70.1,-32.2,-19.5,-16.1
24.93,-14.4,-70.1,-33.7,-19.6,-16.2
24.94,-14.2,-70.4,-34.4,-19.9,-16.3
24.95,-14.7,-70.0,-34.8,-20.3,-16.3
24.96,-14.5,-70.0,-34.9,-20.7,-15.9
24.97,-14.0,-69.4,-30.0,-20.8,-16.1
24.98,-13.4,-68.9,-19.3,-21.4,-16.4
24.99,-11.5,-68.8,-14.3,-21.8,-16.0
25.00,-10.4,-68.9,-12.7,-21.6,-16.0
25.01,-9.7,-68.9,-12.0,-20.6,-15.9
25.02,-9.5,-70.0,-11.5,-20.4,-15.7
25.03,-9.3,-70.3,-12.0,-19.3,-15.5
25.04,-10.2,-70.7,-14.2,-18.6,-15.4
25.05,-10.9,-71.0,-15.8,-18.3,-15.1
25.06,-11.3,-70.9,-17.1,-18.3,-15.2
25.07,-11.6,-71.0,-19.2,-18.1,-15.3
25.08,-11.4,-70.9,-21.0,-17.9,-15.0
25.09,-11.5,-70.9,-21.7,-18.1,-14.9
25.10,-11.6,-70.4,-21.9,-18.1,-14.8
25.11,-11.3,-70.2,-22.0,-18.0,-14.6
25.12,-11.6,-69.6,-22.1,-18.1,-14.8
25.13,-11.9,-69.3,-22.2,-18.4,-15.1
25.14,-11.8,-67.7,-23.3,-18.5,-15.1
25.15,-10.9,-66.5,-19.3,-18.6,-15.6
25.16,-11.2,-65.7,-17.9,-19.2,-16.2
25.17,-11.5,-65.4,-17.3,-20.2,-16.5
25.18,-12.0,-65.6,-16.6,-21.5,-17.3
25.19,-12.7,-66.1,-17.1,-22.4,-17.2
25.20,-13.4,-66.9,-19.2,-22.9,-16.7
25.21,-13.2,-67.8,-20.2,-22.3,-16.2
25.22,-13.0,-68.5,-22.0,-22.0,-15.8
25.23,-13.2,-68.8,-23.8,-21.9,-15.8
25.24,-13.4,-69.1,-25.9,-21.6,-15.9
25.25,-13.9,-69.6,-27.2,-22.5,-15.9
25.26,-14.0,-69.7,-28.0,-22.0,-16.1
25.27,-14.2,-69.7,-29.1,-22.4,-16.3
25.28,-14.4,-69.9,-29.5,-22.1,-16.2
25.29,-14.0,-69.8,-29.9,-22.1,-16.0
25.30,-14.0,-70.0,-30.4,-21.7,-16.1
25.31,-14.2,-70.0,-30.8,-22.1,-16.2
25.32,-14.3,-69.7,-29.8,-21.5,-16.6
25.33,-13.5,-69.7,-18.7,-22.5,-16.6
25.34,-11.4,-69.6,-13.3,-22.7,-16.4
25.35,-10.1,-69.8,-12.0,-22.2,-15.9
25.36,-9.3,-69.9,-11.0,-21.9,-15.6
25.37,-8.5,-70.3,-10.1,-20.6,-15.6
25.38,-8.9,-70.3,-11.4,-19.7,-15.1
25.39,-9.5,-70.8,-13.0,-19.0,-15.2
25.40,-10.0,-70.8,-14.0,-18.7,-15.5
25.41,-10.6,-71.0,-17.1,-18.2,-14.9
25.42,-11.3,-71.0,-20.9,-18.1,-14.9
25.43,-11.7,-70.5,-23.1,-18.0,-15.3
25.44,-11.8,-69.7,-24.4,-18.1,-15.1
25.45,-11.5,-69.0,-26.0,-18.1,-14.9
25.46,-12.1,-68.7,-26.4,-18.2,-15.4
25.47,-11.4,-68.8,-25.1,-18.1,-14.8
25.48,-11.5,-68.7,-24.4,-18.0,-14.9
25.49,-11.0,-69.1,-22.8,-17.9,-14.7
25.50,-10.4,-68.7,-16.6,-18.2,-14.8
25.51,-9.4,-69.3,-13.7,-18.6,-14.9
25.52,-9.7,-69.3,-12.4,-19.5,-15.3
25.53,-9.5,-69.2,-11.9,-20.9,-15.2
25.54,-9.6,-70.1,-11.4,-22.9,-15.6
25.55,-10.1,-70.0,-12.7,-23.0,-15.0
25.56,-10.7,-70.1,-14.7,-24.2,-14.8
25.57,-11.1,-70.0,-16.0,-23.5,-14.6
25.58,-11.6,-70.0,-18.2,-22.4,-14.5
25.59,-11.7,-70.2,-20.5,-23.1,-14.6
25.60,-12.5,-70.0,-21.4,-23.4,-15.0
25.61,-12.8,-69.9,-21.8,-22.9,-15.3
25.62,-13.1,-69.9,-21.8,-24.1,-15.7
25.63,-13.3,-70.1,-20.9,-24.3,-16.0
25.64,-13.3,-70.2,-20.3,-23.4,-16.2
25.65,-13.3,-69.8,-20.3,-23.9,-16.4
25.66,-13.1,-70.3,-20.4,-23.3,-16.6
25.67,-12.2,-69.3,-17.9,-22.5,-15.6
25.68,-10.0,-69.5,-14.0,-22.6,-15.3
25.69,-9.5,-69.4,-13.0,-22.0,-15.1
25.70,-8.8,-69.2,-12.5,-21.4,-14.5
25.71,-8.8,-69.8,-12.2,-21.5,-14.5
25.72,-9.7,-69.9,-12.9,-22.4,-15.3
25.73,-11.0,-70.0,-14.6,-22.4,-15.3
25.74,-11.6,-70.5,-16.1,-25.1,-15.6
25.75,-13.1,-70.5,-17.7,-25.8,-16.0
25.76,-13.3,-70.7,-20.6,-25.0,-15.7
25.77,-13.4,-70.8,-22.1,-24.8,-16.0
25.78,-14.2,-70.6,-22.8,-24.7,-16.7
25.79,-14.0,-70.1,-22.6,-23.7,-16.8
25.80,-13.9,-70.0,-21.5,-24.1,-17.1
25.81,-14.8,-70.0,-21.2,-25.3,-17.6
25.82,-14.3,-69.8,-21.4,-24.9,-17.1
25.83,-14.3,-70.0,-21.5,-24.7,-17.5
25.84,-14.1,-69.3,-19.6,-26.5,-17.7
25.85,-11.9,-69.2,-14.4,-27.0,-17.3
25.86,-10.7,-69.3,-13.1,-27.3,-16.7
25.87,-10.2,-69.5,-12.6,-26.5,-16.0
25.88,-9.7,-69.8,-12.2,-26.5,-15.5
25.89,-10.2,-70.0,-13.0,-26.4,-15.0
25.90,-10.6,-70.2,-14.4,-26.6,-15.0
25.91,-11.5,-70.2,-15.8,-27.5,-15.0
25.92,-12.3,-70.3,-17.0,-29.6,-15.0
25.93,-12.4,-70.5,-18.5,-28.8,-15.1
25.94,-12.4,-70.5,-20.1,-25.2,-15.2
25.95,-12.6,-70.6,-22.5,-23.5,-15.3
25.96,-12.6,-71.0,-22.8,-22.5,-15.8
25.97,-12.6,-70.9,-23.0,-22.2,-15.8
25.98,-12.9,-70.9,-23.5,-21.9,-15.7
25.99,-14.1,-70.7,-23.4,-23.6,-16.2
26.00,-13.8,-70.5,-24.0,-24.5,-15.9
26.01,-12.6,-69.3,-19.2,-24.6,-16.3
26.02,-12.2,-69.1,-17.2,-24.6,-16.3
26.03,-11.7,-68.8,-16.3,-24.7,-16.5
26.04,-11.1,-68.7,-16.1,-22.7,-16.5
26.05,-11.1,-68.8,-16.1,-22.3,-16.1
26.06,-11.8,-68.8,-17.9,-21.8,-15.8
26.07,-11.9,-68.5,-20.3,-21.5,-15.4
26.08,-12.3,-68.6,-21.2,-22.0,-15.1
26.09,-12.2,-68.9,-22.5,-22.0,-14.9
26.10,-12.8,-68.8,-23.3,-22.8,-15.2
26.11,-12.4,-69.3,-24.9,-22.1,-14.9
26.12,-12.6,-69.5,-25.7,-22.0,-15.3
26.13,-12.9,-68.9,-26.5,-22.7,-15.6
26.14,-12.8,-68.8,-27.0,-22.6,-15.4
26.15,-12.9,-68.1,-27.2,-22.8,-15.6
26.16,-13.1,-68.1,-27.4,-22.8,-15.8
26.17,-13.4,-68.7,-27.7,-23.1,-16.0
26.18,-13.1,-68.8,-28.0,-22.4,-15.7
26.19,-13.4,-69.9,-28.2,-22.1,-16.1
26.20,-13.5,-70.3,-28.4,-22.0,-15.9
26.21,-13.3,-70.7,-29.0,-20.9,-15.8
26.22,-13.1,-70.8,-28.9,-21.0,-15.5
26.23,-13.1,-70.7,-28.6,-20.8,-15.6
26.24,-13.1,-70.5,-28.7,-20.3,-15.4
26.25,-13.6,-70.7,-28.6,-20.1,-15.5
26.26,-13.8,-70.3,-28.3,-20.3,-15.3
26.27,-13.3,-70.5,-28.4,-19.8,-15.0
26.28,-12.6,-70.2,-28.9,-19.0,-14.9
26.29,-12.2,-70.1,-28.8,-18.6,-14.7
26.30,-12.2,-70.2,-29.1,-18.6,-14.6
26.31,-12.5,-70.0,-29.4,-18.3,-14.5
26.32,-12.4,-70.3,-29.5,-18.1,-14.6
26.33,-12.7,-70.3,-29.6,-18.1,-14.8
26.34,-12.7,-69.8,-29.4,-18.5,-14.9
26.35,-12.7,-70.0,-28.9,-18.6,-15.3
26.36,-11.8,-69.5,-19.9,-18.8,-15.5
26.37,-10.4,-69.5,-14.7,-19.3,-16.1
26.38,-10.2,-69.9,-13.2,-20.7,-16.5
26.39,-10.1,-69.6,-12.6,-22.3,-17.1
26.40,-10.0,-70.4,-12.2,-23.5,-17.1
26.41,-10.8,-70.2,-12.7,-24.7,-17.1
26.42,-12.3,-70.1,-14.8,-24.4,-17.3
26.43,-12.8,-70.2,-16.4,-24.4,-16.9
26.44,-13.1,-70.4,-17.7,-22.7,-16.5
26.45,-13.0,-70.6,-20.4,-21.8,-16.3
26.46,-13.1,-70.5,-22.0,-22.0,-16.0
26.47,-13.0,-70.8,-22.6,-20.5,-16.1
26.48,-13.1,-70.4,-22.9,-20.3,-16.2
26.49,-13.6,-70.6,-21.8,-19.8,-16.8
26.50,-13.5,-70.2,-21.1,-19.9,-17.3
26.51,-13.5,-69.7,-21.1,-19.6,-17.7
26.52,-13.6,-69.4,-21.2,-19.5,-17.7
26.53,-12.9,-68.2,-17.5,-19.6,-18.0
26.54,-12.0,-67.6,-16.0,-19.8,-17.7
26.55,-11.7,-67.2,-15.8,-19.6,-17.3
26.56,-11.7,-66.9,-15.5,-20.1,-17.2
26.57,-11.7,-67.6,-15.9,-19.8,-17.1
26.58,-12.3,-67.7,-18.4,-20.8,-17.0
26.59,-13.1,-68.5,-20.2,-20.0,-17.0
26.60,-13.8,-69.5,-22.3,-20.2,-17.0
26.61,-13.1,-69.9,-24.1,-19.7,-16.4
26.62,-12.9,-70.1,-26.5,-19.1,-16.1
26.63,-13.0,-70.4,-28.1,-18.9,-15.8
26.64,-13.0,-70.3,-28.9,-18.8,-15.9
26.65,-13.4,-70.1,-29.4,-18.8,-16.0
26.66,-13.4,-70.0,-29.6,-18.9,-16.1
26.67,-13.0,-70.1,-30.0,-19.1,-16.0
26.68,-12.9,-70.4,-30.3,-19.3,-15.9
26.69,-13.0,-70.4,-31.0,-19.8,-15.9
26.70,-12.7,-70.2,-31.7,-19.6,-15.5
26.71,-13.0,-70.2,-32.4,-19.8,-15.6
26.72,-13.0,-70.0,-33.1,-19.7,-15.1
26.73,-12.7,-69.5,-33.7,-19.9,-14.7
26.74,-12.5,-69.8,-33.9,-19.3,-14.8
26.75,-12.4,-69.7,-33.9,-19.6,-14.4
26.76,-12.7,-69.9,-33.7,-19.5,-14.8
26.77,-12.7,-70.2,-33.5,-19.1,-15.0
26.78,-13.1,-70.2,-33.4,-19.6,-15.0
26.79,-12.8,-70.2,-33.2,-19.2,-14.9
26.80,-13.4,-70.3,-33.1,-19.5,-15.5
26.81,-13.4,-70.3,-33.3,-19.3,-15.7
26.82,-13.5,-69.9,-33.5,-19.3,-16.0
26.83,-13.3,-69.8,-33.7,-19.3,-15.8
26.84,-13.2,-69.9,-34.0,-19.2,-15.6
26.85,-13.3,-69.4,-34.6,-19.5,-15.5
26.86,-13.2,-69.3,-34.7,-19.5,-15.3
26.87,-13.2,-68.7,-31.3,-19.6,-15.5
26.88,-13.2,-68.2,-19.6,-20.2,-15.6
26.89,-11.1,-68.4,-14.4,-19.9,-15.9
26.90,-10.5,-68.0,-12.5,-20.3,-16.2
26.91,-9.7,-68.3,-11.5,-19.7,-16.3
26.92,-8.6,-69.1,-10.3,-19.7,-16.5
26.93,-8.7,-69.1,-10.9,-19.4,-17.3
26.94,-9.9,-69.7,-12.5,-19.2,-16.9
26.95,-10.4,-69.7,-13.5,-19.6,-16.6
26.96,-11.3,-70.0,-16.4,-19.7,-16.1
26.97,-12.5,-69.8,-21.1,-19.7,-15.8
26.98,-12.5,-69.9,-23.3,-20.1,-15.4
26.99,-12.5,-69.7,-24.3,-19.9,-15.3
27.00,-12.6,-69.6,-25.7,-19.8,-15.4
27.01,-13.0,-69.9,-25.9,-19.8,-15.9
27.02,-12.8,-69.8,-24.8,-19.7,-15.7
27.03,-13.0,-69.9,-24.1,-20.0,-15.8
27.04,-12.7,-69.0,-22.7,-19.9,-15.9
27.05,-11.9,-69.0,-16.9,-21.1,-15.9
27.06,-10.6,-69.1,-14.1,-20.3,-16.2
27.07,-10.3,-69.3,-12.9,-20.8,-16.8
27.08,-10.0,-69.9,-12.4,-20.5,-17.5
27.09,-9.8,-70.7,-12.1,-20.1,-17.4
27.10,-10.8,-70.5,-13.1,-20.9,-17.2
27.11,-11.6,-70.6,-15.2,-20.1,-16.9
27.12,-12.7,-70.7,-16.6,-20.3,-16.7
27.13,-13.5,-70.8,-18.1,-20.8,-16.3
27.14,-13.6,-70.5,-20.5,-20.4,-16.2
27.15,-13.8,-70.6,-22.3,-21.1,-15.9
27.16,-13.8,-70.6,-23.2,-20.5,-15.6
27.17,-13.8,-70.6,-23.9,-20.6,-15.8
27.18,-13.9,-70.5,-23.8,-20.2,-16.1
27.19,-14.2,-70.2,-23.9,-20.1,-16.3
27.20,-14.4,-70.3,-23.9,-20.1,-17.0
27.21,-14.5,-70.1,-24.5,-20.0,-17.4
27.22,-13.9,-69.4,-19.3,-20.3,-17.6
27.23,-12.6,-69.1,-17.2,-20.4,-17.9
27.24,-12.2,-69.2,-16.7,-20.3,-17.2
27.25,-11.7,-69.0,-16.1,-21.1,-16.4
27.26,-11.7,-69.7,-16.5,-20.6,-16.0
27.27,-12.0,-69.5,-18.3,-20.9,-15.6
27.28,-12.5,-69.6,-20.2,-20.7,-15.5
27.29,-13.1,-69.6,-21.8,-20.7,-16.0
27.30,-13.5,-69.7,-23.5,-20.6,-16.4
27.31,-13.9,-69.9,-25.9,-20.4,-16.7
27.32,-14.0,-70.0,-27.3,-20.7,-16.8
27.33,-13.5,-70.2,-29.1,-20.4,-16.2
27.34,-13.5,-70.2,-30.4,-20.5,-16.2
27.35,-13.2,-70.2,-31.2,-21.0,-15.8
27.36,-13.1,-69.9,-31.3,-20.9,-15.7
27.37,-12.8,-69.6,-31.6,-21.0,-15.4
27.38,-12.4,-69.2,-31.8,-20.8,-15.0
27.39,-12.3,-68.5,-25.7,-20.8,-15.0
27.40,-10.9,-68.5,-16.7,-20.9,-15.3
27.41,-10.2,-68.5,-13.5,-20.6,-15.5
27.42,-10.8,-69.1,-12.7,-21.7,-17.2
27.43,-10.3,-69.1,-12.1,-21.1,-17.2
27.44,-10.2,-70.1,-12.0,-21.3,-17.4
27.45,-11.7,-70.3,-14.2,-21.0,-17.2
27.46,-12.8,-70.1,-16.1,-20.9,-17.1
27.47,-13.1,-70.0,-17.3,-21.0,-17.0
27.48,-14.0,-70.3,-19.4,-20.9,-17.0
27.49,-14.7,-70.4,-21.8,-20.5,-17.3
27.50,-15.1,-70.6,-23.1,-20.6,-17.4
27.51,-15.5,-70.4,-23.6,-20.4,-17.3
27.52,-15.5,-70.5,-22.5,-20.0,-17.4
27.53,-15.5,-70.5,-21.2,-20.1,-17.2
27.54,-15.0,-70.7,-20.7,-20.0,-17.1
27.55,-14.8,-70.6,-20.8,-20.1,-16.9
27.56,-14.6,-70.9,-21.1,-20.1,-16.9
27.57,-14.3,-70.9,-21.3,-20.3,-16.9
27.58,-14.5,-71.1,-21.9,-20.5,-16.9
27.59,-14.5,-71.0,-22.5,-20.6,-17.2
27.60,-14.2,-70.9,-23.0,-20.3,-17.2
27.61,-14.6,-71.0,-23.4,-20.1,-17.5
27.62,-14.8,-70.9,-24.3,-19.9,-17.4
27.63,-14.7,-71.0,-25.6,-19.5,-17.2
27.64,-15.0,-70.7,-26.8,-19.4,-17.2
27.65,-15.0,-70.8,-28.5,-19.6,-16.9
27.66,-14.8,-70.7,-31.0,-19.4,-16.8
27.67,-14.4,-70.9,-32.5,-19.3,-16.6
27.68,-14.1,-70.6,-33.6,-19.4,-16.7
27.69,-14.0,-70.4,-33.9,-19.4,-16.5
27.70,-14.3,-70.3,-34.1,-19.4,-16.7
27.71,-14.1,-70.2,-34.3,-19.5,-16.6
27.72,-14.1,-70.1,-34.1,-19.5,-16.8
27.73,-13.7,-69.7,-29.8,-19.4,-16.6
27.74,-12.0,-69.5,-19.2,-19.6,-16.7
27.75,-10.7,-69.3,-14.3,-20.5,-16.4
27.76,-10.1,-69.3,-12.8,-20.5,-16.4
27.77,-9.7,-69.3,-12.1,-21.7,-15.9
27.78,-9.8,-70.1,-11.6,-22.0,-15.7
27.79,-10.3,-70.4,-12.3,-21.4,-15.6
27.80,-11.8,-70.5,-14.6,-20.8,-15.4
27.81,-12.0,-70.7,-16.0,-20.5,-15.5
27.82,-12.5,-70.9,-17.6,-20.2,-15.6
27.83,-13.3,-71.1,-20.3,-20.0,-15.6
27.84,-13.3,-71.2,-21.6,-20.0,-15.6
27.85,-13.6,-71.0,-21.8,-19.9,-15.8
27.86,-13.8,-71.2,-22.0,-19.7,-16.1
27.87,-13.5,-70.7,-21.0,-19.5,-16.3
27.88,-13.5,-70.0,-20.4,-19.4,-16.9
27.89,-13.3,-69.7,-20.5,-19.3,-17.2
27.90,-12.8,-69.3,-20.4,-19.2,-17.2
27.91,-12.3,-68.8,-18.5,-19.3,-17.3
27.92,-11.7,-68.8,-17.7,-19.3,-17.1
27.93,-11.4,-69.2,-17.6,-19.5,-16.5
27.94,-11.2,-69.1,-17.5,-19.4,-16.1
27.95,-11.7,-69.6,-18.7,-19.4,-16.0
27.96,-12.2,-69.9,-20.5,-19.6,-15.8
27.97,-12.4,-70.2,-22.5,-19.2,-15.9
27.98,-12.9,-70.1,-24.4,-19.4,-16.1
27.99,-13.4,-70.3,-25.8,-19.3,-16.2
28.00,-13.6,-70.6,-27.5,-18.9,-16.2
28.01,-13.8,-70.7,-28.7,-19.2,-16.2
28.02,-14.0,-70.6,-30.0,-19.3,-16.2
28.03,-13.6,-70.6,-30.7,-19.2,-16.2
28.04,-13.0,-70.6,-31.0,-19.3,-15.7
28.05,-12.7,-70.1,-31.2,-19.5,-15.4
28.06,-12.7,-69.9,-31.4,-19.6,-15.1
28.07,-12.8,-69.9,-31.5,-19.5,-15.2
28.08,-13.3,-69.9,-31.9,-19.5,-15.4
28.09,-13.7,-70.1,-32.4,-19.5,-15.5
28.10,-14.0,-70.0,-32.9,-19.8,-15.9
28.11,-13.5,-70.1,-33.0,-19.2,-15.5
28.12,-12.8,-70.0,-33.3,-19.0,-14.9
28.13,-12.7,-69.9,-33.6,-19.3,-14.7
28.14,-12.6,-69.9,-34.0,-19.1,-14.7
28.15,-12.6,-70.2,-34.2,-18.8,-14.7
28.16,-12.8,-70.3,-34.6,-19.1,-15.2
28.17,-13.4,-70.5,-34.7,-19.0,-16.0
28.18,-13.4,-70.4,-34.7,-18.9,-16.1
28.19,-13.2,-70.5,-34.9,-19.0,-16.1
28.20,-13.2,-70.5,-35.2,-19.1,-16.2
28.21,-13.3,-70.5,-35.6,-19.1,-16.1
28.22,-13.1,-70.5,-36.1,-19.3,-15.8
28.23,-13.4,-70.6,-36.7,-19.4,-15.9
28.24,-13.2,-70.6,-37.2,-19.5,-15.5
28.25,-13.4,-70.3,-34.3,-19.7,-15.7
28.26,-12.5,-69.9,-20.1,-19.9,-15.9
28.27,-11.4,-70.0,-14.0,-20.1,-16.5
28.28,-10.3,-70.0,-12.4,-19.8,-16.8
28.29,-9.7,-69.8,-11.5,-19.7,-17.0
28.30,-8.7,-70.5,-10.1,-19.4,-17.4
28.31,-9.4,-70.4,-11.1,-19.2,-17.3
28.32,-10.3,-70.4,-12.6,-19.1,-17.2
28.33,-10.6,-70.6,-13.4,-18.9,-17.1
28.34,-11.5,-70.4,-16.2,-18.9,-16.6
28.35,-12.6,-70.1,-20.3,-18.7,-16.2
28.36,-12.5,-70.0,-22.2,-18.5,-15.9
28.37,-12.4,-69.8,-23.4,-18.4,-15.6
28.38,-12.4,-69.9,-24.7,-18.4,-15.6
28.39,-12.6,-69.9,-25.1,-18.4,-15.7
28.40,-12.7,-70.2,-24.1,-18.5,-15.9
28.41,-12.7,-70.3,-23.1,-18.7,-16.0
28.42,-12.8,-70.4,-22.4,-18.8,-16.2
28.43,-12.2,-69.9,-17.9,-19.0,-16.2
28.44,-10.6,-70.1,-13.7,-19.2,-16.6
28.45,-10.2,-70.0,-12.5,-20.0,-16.7
28.46,-9.9,-69.9,-11.9,-20.1,-16.5
28.47,-9.5,-70.4,-11.5,-20.0,-16.6
28.48,-10.0,-70.6,-12.1,-20.5,-16.6
28.49,-10.8,-70.6,-14.0,-20.0,-16.4
28.50,-11.6,-70.7,-15.6,-20.4,-16.6
28.51,-12.0,-70.9,-17.3,-19.8,-16.7
28.52,-12.9,-70.9,-20.5,-20.0,-16.6
28.53,-13.7,-70.8,-22.3,-19.9,-16.6
28.54,-13.9,-70.8,-22.7,-20.0,-16.7
28.55,-14.5,-70.4,-22.3,-20.3,-16.7
28.56,-14.2,-70.2,-20.9,-20.3,-16.7
28.57,-14.1,-70.0,-20.3,-20.5,-16.6
28.58,-14.1,-69.5,-20.3,-20.9,-16.5
28.59,-13.6,-68.6,-19.9,-20.7,-16.6
28.60,-12.2,-68.4,-17.5,-21.0,-16.7
28.61,-11.5,-68.2,-16.5,-20.6,-16.5
28.62,-11.3,-68.4,-16.3,-21.3,-16.3
28.63,-11.0,-68.3,-16.2,-21.7,-16.3
28.64,-11.4,-68.4,-17.4,-22.1,-15.9
28.65,-12.6,-68.4,-19.2,-24.2,-15.8
28.66,-13.2,-68.6,-21.7,-24.8,-15.7
28.67,-13.0,-68.8,-23.1,-23.9,-15.6
28.68,-13.7,-69.6,-25.9,-23.0,-16.0
28.69,-13.5,-70.0,-27.5,-21.9,-15.9
28.70,-13.7,-70.2,-29.3,-20.9,-16.1
28.71,-14.0,-70.2,-31.6,-20.3,-16.1
28.72,-14.5,-70.4,-33.2,-19.9,-16.3
28.73,-14.4,-70.2,-34.2,-19.8,-16.1
28.74,-14.1,-70.0,-34.6,-19.8,-16.0
28.75,-13.7,-69.7,-35.2,-19.9,-16.1
28.76,-13.5,-69.4,-35.5,-19.9,-16.2
28.77,-12.4,-68.6,-20.7,-20.4,-16.1
28.78,-11.2,-68.5,-14.9,-21.7,-16.5
28.79,-10.3,-68.4,-12.6,-22.7,-16.8
28.80,-10.0,-68.6,-12.1,-23.3,-17.0
28.81,-9.5,-68.8,-11.7,-22.5,-16.8
28.82,-9.9,-69.2,-12.3,-22.4,-16.6
28.83,-10.5,-69.7,-14.2,-21.1,-16.2
28.84,-11.1,-69.5,-15.9,-19.9,-16.3
28.85,-11.6,-70.0,-17.0,-19.9,-16.3
28.86,-12.7,-70.1,-18.6,-20.3,-16.8
28.87,-12.9,-70.5,-20.8,-19.8,-16.6
28.88,-12.8,-70.5,-21.9,-19.3,-16.5
28.89,-12.6,-70.2,-22.9,-19.7,-16.4
28.90,-12.4,-69.8,-22.0,-19.8,-16.2
28.91,-12.2,-69.9,-21.1,-19.4,-16.2
28.92,-12.2,-69.6,-20.7,-19.5,-15.9
28.93,-12.3,-69.2,-20.6,-20.1,-15.8
28.94,-12.1,-69.7,-20.8,-20.1,-15.8
28.95,-12.2,-69.8,-21.1,-19.8,-15.7
28.96,-11.9,-70.2,-21.7,-20.0,-15.3
28.97,-12.4,-70.1,-22.4,-20.6,-15.5
28.98,-12.4,-70.5,-22.9,-20.4,-15.4
28.99,-12.4,-70.6,-23.5,-20.1,-15.5
29.00,-13.1,-70.6,-24.3,-20.5,-15.8
29.01,-13.4,-70.4,-25.3,-21.0,-15.9
29.02,-13.4,-70.5,-26.2,-20.8,-15.9
29.03,-13.5,-70.4,-27.6,-20.5,-15.9
29.04,-13.5,-70.2,-29.0,-20.7,-15.6
29.05,-13.0,-70.0,-30.2,-20.3,-15.4
29.06,-12.5,-70.1,-30.9,-19.8,-15.2
29.07,-12.4,-70.0,-31.4,-19.6,-15.1
29.08,-12.6,-69.9,-31.9,-20.1,-15.2
29.09,-12.3,-69.9,-32.2,-20.1,-15.0
29.10,-11.8,-69.8,-32.6,-19.8,-14.6
29.11,-11.9,-69.0,-26.2,-20.1,-14.9
29.12,-11.6,-68.8,-18.1,-20.7,-15.4
29.13,-10.6,-68.8,-14.0,-20.9,-15.6
29.14,-10.0,-69.1,-12.7,-20.8,-15.8
29.15,-10.1,-69.0,-12.1,-21.3,-16.4
29.16,-9.9,-69.8,-11.7,-21.8,-16.1
29.17,-10.5,-69.8,-13.3,-21.7,-15.2
29.18,-11.0,-69.7,-15.4,-21.4,-14.8
29.19,-11.7,-69.3,-16.6,-21.6,-14.6
29.20,-11.6,-68.6,-17.7,-22.0,-14.6
29.21,-11.4,-68.7,-16.2,-22.4,-14.7
29.22,-10.4,-68.3,-14.1,-22.5,-15.2
29.23,-10.3,-68.5,-13.7,-22.4,-15.4
29.24,-10.1,-68.7,-13.3,-23.0,-15.3
29.25,-10.7,-69.4,-13.3,-23.5,-15.5
29.26,-11.8,-69.7,-15.8,-23.1,-15.2
29.27,-12.3,-69.5,-17.6,-22.8,-15.2
29.28,-12.3,-69.2,-18.0,-23.3,-15.5
29.29,-12.2,-68.8,-17.0,-23.7,-15.8
29.30,-11.5,-68.3,-16.1,-23.0,-16.0
29.31,-11.2,-68.2,-15.7,-22.5,-15.8
29.32,-11.2,-68.3,-15.5,-22.4,-15.9
29.33,-11.1,-68.6,-16.2,-21.7,-15.3
29.34,-10.9,-69.1,-17.5,-21.1,-14.8
29.35,-10.7,-69.3,-18.3,-21.0,-14.5
29.36,-10.8,-69.7,-19.4,-21.0,-14.4
29.37,-10.5,-69.6,-20.2,-20.8,-14.0
29.38,-10.8,-69.4,-21.6,-21.2,-14.1
29.39,-10.3,-69.4,-22.4,-20.7,-13.6
29.40,-11.0,-69.4,-24.3,-21.0,-14.0
29.41,-11.3,-69.3,-25.6,-21.4,-14.1
29.42,-10.8,-69.8,-27.1,-20.9,-13.5
29.43,-10.9,-69.8,-28.3,-21.1,-13.5
29.44,-11.3,-69.5,-29.4,-21.3,-14.0
29.45,-11.2,-69.1,-30.5,-21.3,-13.8
29.46,-11.4,-68.4,-21.3,-22.3,-14.6
29.47,-11.0,-68.0,-16.1,-22.8,-15.3
29.48,-9.9,-68.0,-13.3,-23.5,-15.8
29.49,-10.0,-68.4,-12.5,-26.3,-17.1
29.50,-9.9,-68.9,-12.1,-25.6,-17.4
29.51,-10.2,-68.8,-12.5,-25.6,-17.0
29.52,-10.9,-69.4,-14.4,-24.3,-16.6
29.53,-12.2,-69.1,-16.2,-24.8,-16.4
29.54,-12.3,-69.2,-17.4,-23.8,-16.1
29.55,-12.8,-69.1,-18.9,-24.3,-15.9
29.56,-12.7,-69.3,-20.8,-23.5,-15.5
29.57,-13.1,-69.7,-21.7,-24.0,-15.8
29.58,-13.1,-70.1,-23.0,-23.2,-15.7
29.59,-13.6,-70.0,-22.3,-24.1,-15.9
29.60,-13.2,-70.5,-21.3,-23.4,-15.7
29.61,-12.7,-70.6,-20.8,-23.2,-15.4
29.62,-12.8,-70.7,-21.0,-23.1,-15.5
29.63,-13.0,-70.4,-21.3,-23.8,-15.8
29.64,-13.4,-70.7,-21.5,-23.8,-16.5
29.65,-13.4,-70.7,-22.2,-24.1,-16.3
29.66,-13.1,-71.1,-22.9,-23.4,-16.0
29.67,-12.7,-70.9,-23.5,-23.4,-15.4
29.68,-12.6,-71.3,-24.1,-22.5,-15.3
29.69,-12.6,-71.2,-25.0,-23.0,-15.0
29.70,-12.4,-71.2,-26.1,-22.5,-14.5
29.71,-12.9,-71.2,-27.0,-22.8,-15.0
29.72,-13.2,-71.0,-28.2,-22.8,-15.1
29.73,-13.4,-71.0,-29.5,-23.1,-15.2
29.74,-13.3,-71.1,-30.0,-23.4,-15.2
29.75,-13.5,-70.7,-30.4,-23.6,-15.3
29.76,-13.5,-70.8,-30.7,-23.7,-15.2
29.77,-13.3,-70.6,-30.9,-23.9,-14.8
29.78,-13.2,-70.5,-30.9,-23.6,-14.9
29.79,-13.4,-70.5,-30.7,-23.5,-15.1
29.80,-13.2,-69.3,-25.0,-23.5,-15.4
29.81,-12.5,-69.0,-18.0,-23.4,-16.1
29.82,-11.6,-68.8,-14.3,-23.7,-16.3
29.83,-10.8,-69.1,-12.8,-23.6,-16.5
29.84,-10.6,-69.0,-12.2,-24.3,-16.5
29.85,-9.9,-70.8,-11.8,-24.2,-16.1
29.86,-10.8,-70.7,-13.0,-25.0,-15.7
29.87,-11.2,-70.7,-15.0,-25.5,-15.5
29.88,-11.6,-70.5,-16.5,-25.8,-15.2
29.89,-12.2,-69.1,-17.7,-25.7,-15.2
29.90,-10.8,-69.1,-15.1,-25.8,-15.1
29.91,-9.9,-68.9,-13.2,-25.2,-15.7
29.92,-9.7,-68.8,-12.8,-25.9,-15.4
29.93,-9.3,-69.3,-12.4,-24.4,-15.2
29.94,-9.6,-70.2,-12.4,-25.2,-15.5
29.95,-10.2,-70.3,-14.2,-24.1,-14.9
29.96,-10.9,-70.4,-15.7,-24.7,-14.9
29.97,-10.9,-70.0,-16.3,-24.5,-15.0
29.98,-11.0,-69.8,-15.9,-24.3,-14.8
29.99,-10.7,-69.7,-16.1,-24.1,-14.9
30.00,-11.2,-69.4,-16.6,-23.8,-14.8
30.01,-11.2,-69.2,-16.7,-23.3,-15.0
30.02,-11.7,-69.3,-17.9,-23.4,-14.8
30.03,-11.9,-69.0,-19.2,-23.2,-15.3
30.04,-12.7,-69.1,-19.8,-23.9,-15.4
30.05,-12.5,-69.5,-20.3,-24.3,-15.6
30.06,-13.3,-69.5,-20.8,-26.1,-15.6
30.07,-13.9,-69.6,-21.8,-27.3,-16.1
30.08,-13.7,-69.5,-22.6,-29.0,-15.5
30.09,-13.3,-69.4,-23.7,-25.9,-15.3
30.10,-13.3,-69.5,-24.2,-25.5,-15.2
30.11,-13.2,-69.5,-25.1,-25.0,-15.1
30.12,-13.4,-69.4,-25.9,-24.7,-15.3
30.13,-13.5,-69.5,-26.3,-25.6,-15.4
30.14,-13.5,-69.0,-27.6,-26.1,-15.1
30.15,-12.6,-68.8,-20.5,-25.5,-15.8
30.16,-10.5,-68.9,-14.6,-25.2,-16.2
30.17,-9.6,-68.8,-12.8,-24.7,-16.2
30.18,-9.1,-69.4,-12.1,-24.3,-16.0
30.19,-9.1,-70.1,-11.8,-24.7,-15.7
30.20,-9.7,-70.5,-12.5,-25.3,-15.3
30.21,-10.5,-70.6,-14.0,-26.4,-15.1
30.22,-11.4,-70.7,-15.3,-27.8,-15.2
30.23,-11.8,-70.9,-16.5,-28.8,-15.2
30.24,-12.1,-70.9,-18.0,-29.6,-15.0
30.25,-13.1,-70.7,-20.1,-30.5,-15.1
30.26,-13.2,-71.1,-21.5,-31.1,-14.9
30.27,-13.3,-70.6,-22.4,-30.9,-14.9
30.28,-13.1,-70.5,-21.7,-30.7,-14.6
30.29,-13.0,-70.6,-20.8,-29.5,-14.8
30.30,-12.8,-70.5,-20.5,-28.9,-14.7
30.31,-13.0,-70.7,-20.6,-28.4,-14.8
30.32,-13.1,-71.0,-20.8,-28.2,-15.0
30.33,-12.9,-71.0,-21.1,-28.1,-15.0
30.34,-12.9,-71.1,-21.6,-28.0,-14.8
30.35,-12.5,-71.1,-22.1,-27.9,-14.3
30.36,-12.7,-70.8,-22.5,-28.6,-14.4
30.37,-12.8,-70.6,-23.2,-29.0,-14.3
30.38,-13.0,-70.7,-24.2,-30.1,-14.3
30.39,-13.6,-70.6,-25.1,-31.0,-14.7
30.40,-13.7,-70.7,-26.2,-32.4,-14.8
30.41,-13.7,-70.7,-27.7,-32.3,-14.7
30.42,-13.4,-70.6,-28.9,-31.2,-14.4
30.43,-13.4,-70.7,-29.3,-31.2,-14.5
30.44,-13.5,-70.8,-29.6,-31.1,-14.6
30.45,-13.7,-71.2,-29.8,-31.4,-14.9
30.46,-13.4,-70.8,-30.2,-29.4,-14.7
30.47,-13.6,-70.9,-30.1,-29.1,-14.9
30.48,-13.5,-70.7,-30.6,-29.0,-14.8
30.49,-12.8,-69.4,-24.1,-28.9,-14.6
30.50,-11.9,-69.3,-17.5,-30.1,-15.0
30.51,-10.4,-69.3,-13.4,-30.6,-15.6
30.52,-9.7,-69.2,-12.2,-26.1,-15.6
30.53,-9.4,-69.3,-11.7,-25.0,-16.2
30.54,-9.5,-70.4,-11.5,-24.2,-16.4
30.55,-10.5,-70.3,-13.1,-23.2,-16.1
30.56,-11.8,-69.9,-15.4,-23.2,-15.7
30.57,-12.1,-70.1,-16.6,-24.8,-15.8
30.58,-12.2,-69.8,-17.1,-25.2,-15.8
30.59,-10.9,-69.8,-15.1,-25.4,-16.0
30.60,-10.0,-70.0,-13.7,-25.5,-15.9
30.61,-10.4,-70.0,-13.6,-24.8,-16.3
30.62,-9.8,-70.2,-13.3,-23.5,-16.0
30.63,-10.4,-70.6,-13.7,-23.2,-15.9
30.64,-12.1,-70.6,-16.2,-23.5,-15.4
30.65,-12.5,-70.3,-17.9,-23.6,-15.4
30.66,-12.9,-70.1,-18.0,-24.2,-15.6
30.67,-12.6,-69.8,-16.8,-25.1,-15.8
30.68,-12.5,-69.5,-16.4,-25.6,-16.1
30.69,-12.2,-69.6,-15.9,-26.2,-16.2
30.70,-11.9,-69.2,-15.6,-28.1,-16.2
30.71,-12.2,-69.7,-16.2,-27.9,-15.9
30.72,-12.3,-69.4,-17.1,-28.0,-15.5
30.73,-12.6,-69.2,-17.9,-29.0,-15.6
30.74,-12.8,-69.2,-19.2,-28.6,-15.5
30.75,-13.5,-69.3,-20.1,-30.9,-15.5
30.76,-13.1,-69.5,-21.5,-31.0,-14.9
30.77,-13.1,-69.4,-22.1,-29.9,-14.7
30.78,-12.8,-69.6,-24.2,-27.9,-14.0
30.79,-12.6,-69.4,-25.3,-26.7,-13.9
30.80,-12.1,-69.3,-26.3,-25.8,-13.4
30.81,-12.5,-69.0,-27.6,-26.2,-13.6
30.82,-12.4,-69.2,-28.9,-26.9,-13.5
30.83,-12.8,-68.9,-28.9,-29.0,-13.8
30.84,-12.7,-68.3,-20.9,-32.1,-14.4
30.85,-11.0,-68.2,-14.5,-34.6,-15.3
30.86,-10.0,-68.5,-12.7,-34.2,-15.5
30.87,-9.7,-68.6,-12.0,-34.0,-15.8
30.88,-9.5,-69.4,-11.7,-32.8,-16.0
30.89,-9.9,-70.3,-12.2,-32.4,-15.5
30.90,-10.6,-70.0,-13.7,-32.1,-15.0
30.91,-11.6,-69.9,-15.3,-32.5,-14.7
30.92,-11.8,-70.1,-16.4,-32.5,-14.6
30.93,-12.1,-70.0,-18.3,-31.2,-14.1
30.94,-13.0,-70.2,-20.6,-28.7,-14.5
30.95,-13.0,-70.2,-21.9,-27.3,-14.7
30.96,-13.2,-70.5,-23.1,-26.0,-15.1
30.97,-13.1,-70.4,-22.0,-25.3,-15.3
30.98,-13.5,-70.3,-21.0,-25.2,-15.8
30.99,-13.7,-70.1,-20.9,-25.3,-16.1
31.00,-13.5,-69.9,-21.0,-25.5,-16.1
31.01,-13.4,-69.7,-21.1,-25.7,-16.0
31.02,-13.4,-69.8,-21.4,-25.9,-15.6
31.03,-13.2,-70.1,-21.9,-25.9,-15.2
31.04,-12.5,-70.4,-22.4,-25.7,-14.4
31.05,-12.7,-70.2,-22.7,-26.3,-14.4
31.06,-13.1,-70.6,-23.3,-26.5,-14.7
31.07,-13.4,-70.8,-24.6,-24.7,-14.8
31.08,-13.3,-70.5,-26.1,-23.4,-14.8
31.09,-13.5,-70.5,-27.6,-22.7,-14.8
31.10,-12.8,-70.3,-30.5,-21.8,-14.3
31.11,-11.8,-70.3,-32.7,-21.3,-13.6
31.12,-11.4,-70.7,-33.3,-20.9,-13.2
31.13,-11.4,-70.7,-34.3,-20.7,-13.3
31.14,-11.8,-70.5,-34.9,-20.9,-13.5
31.15,-12.3,-70.1,-34.6,-21.1,-13.7
31.16,-12.9,-69.7,-34.0,-21.3,-14.3
31.17,-13.2,-68.3,-34.1,-21.4,-14.8
31.18,-12.4,-67.1,-21.8,-22.1,-15.0
31.19,-11.5,-67.0,-16.9,-22.9,-15.6
31.20,-10.5,-67.2,-13.5,-23.8,-15.8
31.21,-9.7,-67.4,-12.5,-23.1,-15.6
31.22,-9.3,-68.2,-12.0,-24.1,-15.7
31.23,-9.6,-69.4,-12.2,-23.0,-15.8
31.24,-10.5,-69.6,-13.8,-22.7,-15.8
31.25,-11.3,-69.6,-16.0,-21.6,-16.1
31.26,-12.5,-69.5,-17.3,-22.2,-16.8
31.27,-12.7,-69.7,-18.3,-21.2,-17.1
31.28,-13.2,-70.0,-19.7,-21.5,-16.9
31.29,-13.5,-70.0,-21.5,-20.3,-16.6
31.30,-13.4,-70.7,-22.1,-20.4,-16.1
31.31,-13.0,-70.8,-22.2,-19.8,-15.8
31.32,-12.6,-70.7,-21.3,-20.1,-16.0
31.33,-12.5,-70.3,-21.8,-20.1,-16.0
31.34,-12.4,-70.1,-22.0,-20.4,-15.8
31.35,-13.0,-69.7,-21.8,-20.7,-16.5
31.36,-12.4,-69.5,-18.2,-20.9,-16.8
31.37,-10.8,-69.6,-14.8,-21.4,-16.9
31.38,-10.3,-70.0,-13.7,-21.9,-17.2
31.39,-10.1,-70.1,-13.1,-22.0,-17.1
31.40,-10.2,-70.6,-13.0,-22.1,-16.8
31.41,-10.6,-70.6,-13.5,-21.9,-16.6
31.42,-12.2,-70.7,-15.5,-21.8,-16.7
31.43,-12.2,-71.0,-16.7,-21.1,-16.8
31.44,-12.1,-70.8,-17.2,-21.2,-17.0
31.45,-12.2,-70.9,-18.9,-20.4,-17.4
31.46,-12.7,-70.7,-20.4,-20.4,-17.4
31.47,-12.6,-70.3,-19.7,-19.9,-17.3
31.48,-13.1,-70.1,-20.2,-20.1,-17.3
31.49,-13.2,-70.1,-21.1,-19.8,-17.0
31.50,-12.7,-69.3,-19.7,-19.9,-16.9
31.51,-12.7,-68.8,-20.3,-19.9,-17.1
31.52,-12.1,-67.7,-19.9,-19.9,-17.1
31.53,-11.6,-66.8,-17.5,-20.3,-17.5
31.54,-10.7,-66.8,-13.8,-21.0,-17.9
31.55,-10.7,-67.1,-12.8,-22.8,-17.8
31.56,-10.0,-67.5,-12.1,-24.3,-17.3
31.57,-10.6,-69.7,-12.1,-27.5,-17.3
31.58,-10.9,-70.0,-12.9,-29.1,-16.7
31.59,-11.6,-70.1,-14.2,-28.8,-16.2
31.60,-11.8,-69.9,-15.7,-25.5,-16.0
31.61,-12.3,-70.1,-16.9,-24.2,-15.6
31.62,-12.3,-70.1,-18.5,-22.6,-15.4
31.63,-13.1,-70.4,-20.1,-22.1,-15.6
31.64,-13.0,-70.4,-20.2,-21.2,-15.6
31.65,-13.4,-70.1,-21.1,-21.6,-15.6
31.66,-12.5,-70.2,-19.7,-21.0,-15.7
31.67,-12.6,-70.1,-20.0,-21.4,-15.6
31.68,-12.6,-70.0,-20.9,-20.8,-15.5
31.69,-12.8,-70.0,-20.8,-21.3,-15.6
31.70,-13.9,-70.3,-24.3,-20.8,-16.0
31.71,-14.6,-70.6,-26.1,-21.3,-16.5
31.72,-15.3,-70.7,-26.0,-21.1,-17.6
31.73,-15.0,-71.2,-25.1,-21.6,-18.5
31.74,-15.0,-71.2,-23.2,-21.5,-19.5
31.75,-15.9,-71.2,-23.3,-22.2,-20.3
31.76,-16.5,-70.7,-22.4,-23.0,-21.0
31.77,-16.5,-70.5,-21.7,-24.3,-21.3
31.78,-18.5,-70.6,-23.3,-25.8,-22.6
31.79,-18.4,-70.4,-23.1,-28.5,-22.9
31.80,-18.7,-70.6,-23.2,-31.3,-23.4
31.81,-19.3,-71.1,-24.4,-33.5,-23.8
31.82,-19.9,-71.5,-25.8,-36.1,-23.6
31.83,-20.1,-71.5,-25.0,-41.6,-23.9
31.84,-20.6,-71.7,-25.5,-44.5,-24.0
31.85,-21.1,-71.8,-26.6,-46.8,-24.4
31.86,-20.7,-72.1,-25.6,-46.7,-24.5
31.87,-20.9,-72.0,-25.4,-46.9,-25.1
31.88,-21.8,-72.4,-26.4,-47.7,-25.4
31.89,-21.9,-72.2,-25.9,-48.4,-26.0
31.90,-22.3,-72.0,-26.0,-47.7,-26.9
31.91,-23.3,-71.6,-27.2,-46.0,-28.0
31.92,-22.9,-71.7,-27.3,-41.4,-28.0
31.93,-23.1,-71.7,-27.5,-40.8,-28.7
31.94,-23.2,-71.9,-28.0,-40.2,-28.5
31.95,-23.6,-71.8,-28.9,-39.1,-28.4
31.96,-24.0,-71.7,-29.3,-38.9,-28.6
31.97,-23.5,-71.8,-28.7,-36.9,-28.4
31.98,-23.7,-71.7,-29.5,-36.0,-28.0
31.99,-23.6,-71.6,-29.4,-34.0,-27.8
32.00,-23.5,-71.4,-28.8,-33.6,-27.7
32.01,-23.1,-71.2,-29.0,-32.6,-27.6
32.02,-23.2,-71.3,-29.2,-32.5,-28.0
32.03,-23.3,-71.4,-29.4,-32.1,-28.2
32.04,-23.2,-71.4,-29.7,-32.8,-27.8
32.05,-23.3,-71.2,-29.9,-33.5,-27.6
32.06,-23.6,-71.4,-31.1,-33.5,-27.4
32.07,-23.8,-71.3,-30.8,-35.2,-27.4
32.08,-23.4,-71.2,-30.1,-36.0,-27.3
32.09,-23.5,-71.1,-29.9,-37.2,-27.7
32.10,-23.5,-71.2,-29.5,-37.4,-28.1
32.11,-24.3,-71.0,-29.8,-40.3,-28.4
32.12,-24.4,-70.9,-30.5,-40.6,-28.0
32.13,-24.8,-71.1,-31.2,-40.5,-27.6
32.14,-24.3,-71.1,-32.2,-40.6,-26.6
32.15,-24.1,-71.0,-32.7,-41.0,-25.8
32.16,-24.3,-70.9,-34.1,-41.7,-25.5
32.17,-24.3,-70.8,-34.4,-42.1,-25.5
32.18,-24.4,-71.0,-34.0,-43.1,-25.7
32.19,-24.6,-70.8,-33.6,-42.2,-26.2
32.20,-24.4,-70.8,-33.9,-42.1,-25.9
32.21,-24.3,-70.9,-34.4,-41.1,-25.7
32.22,-23.7,-70.8,-34.6,-41.3,-24.9
32.23,-23.4,-71.2,-35.9,-41.5,-24.3
32.24,-22.8,-71.1,-35.9,-41.3,-23.8
32.25,-22.6,-71.1,-35.2,-40.9,-23.7
32.26,-22.3,-70.9,-34.6,-40.7,-23.6
32.27,-22.4,-71.0,-34.1,-40.2,-23.7
32.28,-22.8,-71.2,-34.9,-40.8,-23.8
32.29,-22.8,-71.1,-35.4,-41.7,-23.7
32.30,-22.9,-71.2,-36.3,-43.2,-23.8
32.31,-23.3,-71.1,-37.4,-45.1,-23.9
32.32,-23.1,-71.1,-37.9,-42.4,-23.8
32.33,-22.8,-70.8,-38.2,-39.9,-23.8
32.34,-22.5,-70.8,-37.8,-37.7,-23.7
32.35,-21.9,-70.6,-37.7,-35.9,-23.4
32.36,-21.7,-70.8,-37.2,-35.6,-23.2
32.37,-22.0,-70.7,-38.1,-35.5,-23.2
32.38,-21.8,-70.7,-39.3,-34.3,-23.1
32.39,-21.6,-70.8,-39.7,-34.2,-23.1
32.40,-22.0,-70.9,-42.2,-35.4,-22.9
32.41,-21.7,-70.9,-42.5,-35.0,-22.8
32.42,-20.8,-70.7,-43.1,-34.3,-22.1
32.43,-20.9,-70.8,-43.1,-36.2,-21.7
32.44,-20.3,-70.7,-42.6,-35.9,-21.0
32.45,-19.8,-70.7,-43.4,-35.4,-20.6
32.46,-19.6,-70.8,-44.3,-36.4,-20.3
32.47,-19.9,-70.9,-44.5,-37.8,-20.4
32.48,-19.6,-70.8,-43.6,-36.0,-20.5
32.49,-19.6,-70.8,-43.2,-35.9,-20.4
32.50,-20.0,-70.4,-43.6,-36.0,-20.6
32.51,-19.7,-70.5,-42.5,-35.9,-20.5
32.52,-19.6,-70.4,-42.9,-36.0,-20.3
32.53,-19.8,-70.7,-44.1,-39.5,-20.3
32.54,-20.2,-70.7,-44.3,-39.3,-20.7
32.55,-20.1,-70.7,-45.2,-39.4,-20.5
32.56,-19.8,-70.5,-47.5,-38.9,-20.3
32.57,-19.7,-70.7,-46.9,-37.2,-20.2
32.58,-19.6,-70.4,-46.8,-36.3,-20.1
32.59,-19.4,-70.7,-47.0,-36.6,-19.8
32.60,-19.4,-70.7,-47.0,-35.1,-20.0
32.61,-19.4,-70.7,-47.7,-34.9,-20.0
32.62,-19.4,-70.7,-48.8,-34.8,-19.9
32.63,-19.3,-70.8,-48.9,-34.1,-19.9
32.64,-19.1,-70.6,-46.7,-32.9,-19.9
32.65,-18.9,-70.7,-45.1,-33.1,-19.5
32.66,-18.7,-70.8,-42.5,-30.3,-19.6
32.67,-18.6,-70.6,-41.9,-30.0,-19.7
32.68,-18.0,-70.6,-40.2,-29.6,-19.1
32.69,-17.8,-70.5,-39.9,-29.7,-19.0
32.70,-17.7,-70.5,-40.6,-31.5,-18.8
32.71,-17.2,-70.0,-41.1,-32.4,-18.2
32.72,-17.4,-70.2,-41.5,-33.5,-18.2
32.73,-17.9,-69.9,-36.3,-34.4,-19.0
32.74,-18.3,-69.5,-27.1,-36.0,-20.2
32.75,-17.4,-69.5,-20.8,-38.0,-21.7
32.76,-16.4,-69.7,-17.6,-41.8,-25.1
32.77,-14.8,-69.8,-15.5,-49.2,-27.3
32.78,-15.0,-70.6,-15.5,-50.6,-29.3
32.79,-15.0,-71.3,-15.3,-58.7,-31.1
32.80,-14.7,-71.4,-14.9,-59.6,-32.6
32.81,-15.3,-71.3,-15.6,-62.0,-33.7
32.82,-16.4,-71.1,-16.6,-64.9,-35.0
32.83,-16.4,-71.0,-16.7,-66.3,-35.9
32.84,-17.0,-71.0,-17.3,-66.7,-36.3
32.85,-17.0,-71.0,-17.2,-66.5,-36.8
32.86,-16.1,-71.1,-16.3,-65.9,-36.8
32.87,-15.2,-71.1,-15.3,-65.5,-36.9
32.88,-14.8,-71.1,-15.0,-65.1,-37.1
32.89,-15.4,-71.1,-15.5,-65.0,-37.5
32.90,-16.9,-71.1,-17.0,-65.9,-37.8
32.91,-19.2,-71.0,-19.3,-66.7,-37.9
32.92,-21.3,-70.9,-21.5,-66.8,-37.8
32.93,-22.4,-70.9,-22.7,-66.7,-37.7
32.94,-21.9,-70.9,-22.2,-67.2,-38.1
32.95,-20.3,-71.0,-20.5,-67.9,-38.7
32.96,-19.1,-71.0,-19.3,-67.6,-39.0
32.97,-18.6,-71.0,-18.7,-67.6,-39.6
32.98,-18.3,-71.0,-18.4,-67.1,-39.6
32.99,-18.1,-70.9,-18.3,-66.8,-39.7
33.00,-18.3,-70.9,-18.5,-66.7,-39.3
33.01,-19.0,-70.8,-19.2,-67.0,-39.4
33.02,-19.9,-70.8,-20.1,-67.2,-39.4
33.03,-20.7,-70.9,-21.0,-65.9,-39.2
33.04,-21.7,-70.7,-22.0,-64.9,-39.4
33.05,-23.4,-70.8,-23.7,-64.8,-39.7
33.06,-25.5,-70.6,-25.9,-64.1,-39.7
33.07,-28.6,-70.4,-29.0,-64.1,-39.6
33.08,-19.6,-69.1,-22.0,-61.9,-27.9
33.09,-14.1,-69.0,-15.2,-60.3,-23.2
33.10,-11.7,-69.1,-12.4,-59.9,-20.8
33.11,-10.5,-69.3,-11.5,-58.9,-19.0
33.12,-10.0,-69.5,-11.2,-54.7,-17.6
33.13,-10.2,-70.9,-11.3,-51.8,-17.4
33.14,-11.1,-70.9,-13.1,-36.1,-16.9
33.15,-11.7,-70.8,-14.3,-34.1,-16.9
33.16,-12.6,-71.0,-15.4,-33.7,-17.2
33.17,-12.8,-71.3,-16.4,-30.1,-17.3
33.18,-13.2,-71.3,-17.5,-29.6,-17.2
33.19,-13.8,-71.3,-19.1,-29.2,-17.3
33.20,-14.0,-71.4,-20.3,-28.9,-17.0
33.21,-14.1,-71.5,-20.1,-28.9,-17.0
33.22,-13.7,-70.9,-19.2,-30.3,-16.9
33.23,-13.4,-70.9,-18.4,-30.8,-17.0
33.24,-14.2,-70.8,-18.9,-31.9,-17.1
33.25,-14.4,-70.4,-19.0,-32.3,-17.5
33.26,-14.3,-70.4,-18.9,-33.5,-17.5
33.27,-14.4,-70.5,-19.4,-33.4,-17.3
33.28,-14.7,-70.5,-20.4,-34.6,-17.0
33.29,-15.1,-70.1,-21.1,-35.6,-17.3
33.30,-15.2,-70.1,-21.5,-35.3,-17.4
33.31,-15.8,-69.1,-21.9,-39.9,-17.8
33.32,-16.6,-66.5,-23.4,-41.1,-18.2
33.33,-16.6,-62.5,-24.3,-38.6,-18.3
33.34,-16.1,-54.1,-22.4,-38.5,-18.5
33.35,-13.0,-48.7,-14.8,-35.7,-18.6
33.36,-11.2,-41.2,-12.4,-32.3,-19.2
33.37,-10.6,-30.4,-11.5,-30.4,-20.3
33.38,-9.6,-27.2,-10.4,-29.3,-20.8
33.39,-9.2,-25.0,-10.1,-28.8,-21.0
33.40,-10.0,-21.8,-11.5,-28.5,-21.0
33.41,-10.8,-19.4,-12.9,-29.7,-21.1
33.42,-10.9,-16.9,-13.9,-31.0,-21.4
33.43,-10.6,-14.6,-15.1,-30.9,-22.3
33.44,-10.2,-12.7,-16.3,-29.3,-23.0
33.45,-9.5,-11.8,-16.2,-28.0,-23.5
33.46,-9.2,-11.5,-16.0,-26.4,-23.2
33.47,-9.7,-11.8,-17.4,-25.4,-22.3
33.48,-10.6,-12.5,-18.9,-25.0,-21.7
33.49,-11.5,-13.8,-19.8,-24.8,-20.7
33.50,-11.8,-14.7,-20.6,-24.7,-19.4
33.51,-12.0,-15.0,-21.4,-24.7,-18.9
33.52,-12.3,-15.2,-22.0,-23.9,-19.3
33.53,-12.6,-15.8,-22.5,-23.8,-19.5
33.54,-12.9,-16.8,-22.5,-23.9,-18.9
33.55,-13.9,-18.0,-22.5,-24.0,-19.2
33.56,-14.3,-19.8,-22.6,-24.1,-19.0
33.57,-15.0,-21.7,-23.1,-24.3,-18.9
33.58,-15.5,-21.5,-24.7,-25.0,-18.9
33.59,-14.2,-19.2,-25.1,-25.2,-19.2
33.60,-13.6,-16.5,-25.5,-26.2,-19.7
33.61,-11.7,-14.5,-21.6,-26.6,-20.1
33.62,-10.4,-13.4,-19.3,-26.5,-19.8
33.63,-9.7,-12.6,-18.4,-26.5,-19.6
33.64,-9.4,-12.4,-17.9,-25.1,-20.0
33.65,-9.7,-12.7,-17.7,-25.0,-19.7
33.66,-10.5,-13.2,-19.5,-24.0,-19.2
33.67,-11.0,-13.4,-21.2,-23.7,-19.2
33.68,-11.4,-13.6,-21.4,-24.2,-19.1
33.69,-11.5,-13.8,-22.6,-23.4,-18.9
33.70,-11.5,-14.1,-23.8,-23.6,-18.8
33.71,-11.5,-14.5,-23.6,-22.9,-18.7
33.72,-11.9,-15.6,-23.6,-22.6,-18.5
33.73,-12.4,-17.0,-23.3,-22.6,-18.2
33.74,-12.4,-18.6,-21.9,-22.7,-17.9
33.75,-13.1,-20.5,-21.0,-22.9,-18.1
33.76,-13.3,-21.4,-20.7,-23.3,-18.4
33.77,-12.9,-19.7,-21.0,-23.3,-18.6
33.78,-12.6,-17.5,-21.6,-23.8,-18.1
33.79,-12.0,-15.3,-22.6,-23.7,-18.2
33.80,-11.4,-13.9,-23.1,-24.1,-18.7
33.81,-10.7,-13.0,-24.0,-23.5,-18.8
33.82,-10.5,-12.6,-24.1,-23.7,-18.9
33.83,-10.7,-12.6,-24.9,-23.6,-20.0
33.84,-10.8,-12.8,-25.3,-23.3,-20.5
33.85,-11.0,-12.9,-25.2,-23.6,-20.6
33.86,-11.2,-13.0,-25.1,-23.5,-20.7
33.87,-11.2,-12.9,-25.4,-23.5,-21.5
33.88,-11.2,-12.6,-26.3,-23.1,-21.2
33.89,-11.1,-12.5,-28.0,-23.1,-21.2
33.90,-11.1,-12.5,-29.0,-23.8,-20.9
33.91,-11.2,-12.6,-29.9,-23.9,-21.1
33.92,-11.2,-12.5,-30.2,-25.1,-21.1
33.93,-11.4,-12.9,-29.5,-26.6,-21.1
33.94,-11.6,-13.6,-21.8,-27.1,-21.2
33.95,-10.8,-13.9,-16.1,-29.3,-21.1
33.96,-9.9,-14.3,-12.7,-29.7,-22.2
33.97,-9.3,-14.9,-11.6,-27.4,-23.5
33.98,-8.8,-14.6,-11.1,-26.2,-21.7
33.99,-8.5,-13.8,-11.0,-25.1,-21.2
34.00,-9.1,-13.6,-12.8,-24.3,-20.4
34.01,-9.7,-13.7,-14.7,-24.3,-19.7
34.02,-10.0,-13.7,-15.9,-24.8,-18.8
34.03,-10.0,-13.9,-17.3,-24.6,-18.2
34.04,-10.2,-14.2,-18.8,-25.5,-17.4
34.05,-10.6,-14.4,-20.2,-26.1,-16.8
34.06,-10.4,-14.6,-21.3,-26.0,-16.1
34.07,-10.8,-14.9,-20.4,-27.5,-16.6
34.08,-11.1,-15.2,-19.9,-28.9,-16.7
34.09,-11.2,-15.4,-19.3,-29.2,-17.1
34.10,-11.8,-15.6,-19.0,-33.1,-19.0
34.11,-12.7,-16.0,-18.2,-36.1,-20.5
34.12,-12.2,-16.4,-16.1,-41.4,-21.6
34.13,-11.9,-17.2,-15.3,-35.1,-21.6
34.14,-12.2,-18.3,-15.3,-35.1,-21.6
34.15,-11.6,-19.3,-15.2,-27.4,-20.1
34.16,-12.1,-21.2,-16.8,-26.1,-19.8
34.17,-13.6,-23.7,-19.1,-25.4,-19.2
34.18,-13.7,-26.9,-21.2,-24.0,-18.3
34.19,-14.4,-31.4,-22.6,-24.0,-18.2
34.20,-14.7,-37.1,-23.1,-24.4,-18.4
34.21,-14.4,-42.7,-23.4,-24.1,-18.1
34.22,-14.1,-47.7,-24.2,-24.9,-17.0
34.23,-13.5,-47.9,-24.0,-24.8,-16.7
34.24,-13.5,-48.8,-24.5,-25.0,-16.5
34.25,-14.0,-47.0,-25.9,-25.8,-16.5
34.26,-14.7,-37.6,-27.7,-26.4,-17.2
34.27,-15.2,-34.3,-28.9,-28.3,-17.3
34.28,-15.0,-31.7,-30.2,-28.1,-17.3
34.29,-14.6,-28.1,-30.1,-28.6,-17.0
34.30,-14.5,-26.1,-28.0,-30.4,-17.1
34.31,-13.2,-19.4,-27.0,-29.9,-17.2
34.32,-12.2,-15.7,-22.6,-29.4,-18.1
34.33,-10.7,-13.6,-19.8,-28.7,-18.9
34.34,-9.4,-12.6,-18.0,-27.0,-18.6
34.35,-9.0,-11.7,-17.1,-26.6,-18.5
34.36,-9.2,-11.5,-16.8,-26.3,-18.7
34.37,-9.2,-11.5,-17.4,-26.2,-19.5
34.38,-9.2,-11.5,-18.6,-26.3,-19.1
34.39,-10.1,-11.5,-20.2,-26.1,-18.8
34.40,-10.4,-11.7,-21.1,-26.5,-18.6
34.41,-10.5,-12.0,-21.6,-28.2,-18.3
34.42,-10.6,-12.3,-21.7,-28.3,-18.1
34.43,-11.2,-13.0,-21.0,-29.9,-18.4
34.44,-11.8,-14.1,-20.4,-31.0,-19.2
34.45,-12.0,-15.5,-20.3,-30.4,-19.7
34.46,-12.2,-16.6,-19.3,-31.7,-20.4
34.47,-11.0,-16.7,-14.9,-31.0,-20.3
34.48,-9.4,-16.1,-12.2,-30.9,-20.8
34.49,-8.4,-14.7,-11.4,-29.8,-19.8
34.50,-8.1,-14.1,-11.2,-29.8,-18.8
34.51,-8.5,-14.7,-11.2,-30.2,-18.6
34.52,-9.4,-15.2,-12.6,-30.6,-18.4
34.53,-9.6,-14.2,-14.2,-31.4,-17.7
34.54,-9.9,-13.2,-15.9,-30.3,-17.8
34.55,-9.8,-12.6,-17.0,-30.3,-17.1
34.56,-9.6,-12.0,-18.9,-28.9,-16.5
34.57,-9.5,-11.7,-20.7,-26.4,-16.4
34.58,-10.3,-12.5,-21.5,-25.9,-17.0
34.59,-10.3,-13.1,-20.0,-24.3,-16.6
34.60,-10.4,-13.7,-18.4,-24.1,-16.7
34.61,-10.0,-13.6,-18.7,-23.5,-16.5
34.62,-10.0,-13.4,-19.5,-23.4,-16.0
34.63,-9.9,-13.5,-18.8,-23.4,-15.6
34.64,-10.5,-13.5,-20.1,-23.4,-16.4
34.65,-10.8,-13.6,-21.5,-23.5,-16.4
34.66,-11.3,-14.1,-21.9,-23.7,-16.9
34.67,-11.6,-14.7,-22.1,-24.4,-17.0
34.68,-11.8,-14.7,-22.9,-25.0,-17.3
34.69,-11.8,-14.6,-24.4,-26.0,-16.9
34.70,-12.1,-14.3,-24.5,-27.2,-18.2
34.71,-12.3,-14.1,-24.6,-28.8,-18.4
34.72,-12.2,-14.1,-23.9,-28.8,-20.0
34.73,-10.2,-14.0,-14.7,-30.0,-20.7
34.74,-9.3,-14.0,-12.5,-28.7,-20.6
34.75,-9.0,-14.0,-11.8,-27.6,-20.2
34.76,-8.1,-14.0,-10.6,-28.0,-19.9
34.77,-7.8,-14.0,-10.4,-28.1,-19.4
34.78,-8.4,-13.9,-11.5,-28.6,-19.1
34.79,-9.1,-13.4,-12.8,-31.8,-20.1
34.80,-9.4,-12.9,-13.3,-34.1,-20.9
34.81,-9.6,-12.7,-14.5,-29.9,-21.4
34.82,-9.9,-12.5,-15.9,-27.5,-22.4
34.83,-9.8,-12.7,-15.7,-26.2,-21.7
34.84,-10.0,-13.0,-15.7,-25.8,-21.7
34.85,-10.3,-13.0,-17.4,-25.8,-21.9
34.86,-11.0,-13.1,-19.7,-26.2,-22.7
34.87,-11.2,-13.1,-20.7,-26.5,-22.9
34.88,-11.3,-13.0,-21.1,-26.2,-23.7
34.89,-11.4,-12.9,-21.5,-25.9,-23.7
34.90,-11.2,-12.8,-21.6,-26.1,-23.5
34.91,-11.0,-12.7,-21.6,-26.8,-23.2
34.92,-11.3,-12.8,-21.6,-27.9,-22.6
34.93,-11.3,-12.8,-21.5,-28.6,-22.8
34.94,-11.3,-12.9,-22.0,-29.8,-21.6
34.95,-11.8,-13.1,-21.6,-30.4,-21.9
34.96,-11.6,-13.2,-23.6,-30.4,-21.4
34.97,-11.6,-13.2,-22.9,-31.4,-22.3
34.98,-11.5,-13.1,-23.2,-33.4,-22.2
34.99,-11.2,-13.1,-20.3,-33.7,-21.7
35.00,-10.3,-13.1,-18.2,-34.6,-19.6
35.01,-9.7,-13.0,-17.1,-36.5,-18.7
35.02,-9.7,-13.0,-16.3,-35.8,-17.4
35.03,-9.6,-13.5,-15.9,-34.2,-17.0
35.04,-9.6,-13.4,-16.3,-33.4,-16.9
35.05,-9.9,-13.4,-16.8,-33.8,-17.0
35.06,-10.1,-13.4,-17.0,-33.7,-16.8
35.07,-9.7,-13.5,-17.3,-31.3,-16.5
35.08,-9.7,-14.3,-17.4,-30.6,-15.4
35.09,-10.6,-15.3,-18.1,-31.1,-15.6
35.10,-10.8,-16.8,-18.4,-30.4,-15.4
35.11,-11.1,-18.8,-18.8,-30.5,-15.7
35.12,-12.5,-19.9,-20.0,-33.3,-15.9
35.13,-12.5,-19.3,-21.4,-32.3,-16.1
35.14,-11.7,-18.2,-22.3,-30.4,-15.2
35.15,-10.9,-15.3,-23.7,-29.3,-15.1
35.16,-10.3,-13.7,-23.8,-29.4,-15.1
35.17,-10.1,-12.7,-23.0,-29.5,-16.2
35.18,-10.0,-12.3,-22.7,-28.9,-16.6
35.19,-10.3,-12.5,-22.6,-29.2,-17.8
35.20,-10.8,-13.2,-23.1,-28.6,-17.2
35.21,-11.0,-14.0,-24.3,-27.0,-17.0
35.22,-11.4,-15.5,-25.5,-26.5,-16.5
35.23,-12.8,-17.2,-26.3,-26.8,-17.6
35.24,-14.0,-19.8,-25.5,-27.1,-18.2
35.25,-15.2,-24.4,-24.4,-26.9,-19.1
35.26,-14.9,-35.9,-23.9,-26.5,-18.5
35.27,-15.0,-41.5,-24.4,-26.2,-18.3
35.28,-14.6,-45.4,-25.4,-25.7,-17.6
35.29,-14.4,-47.3,-26.0,-25.3,-18.0
35.30,-15.2,-47.0,-24.9,-25.5,-18.8
35.31,-16.3,-43.9,-24.0,-25.7,-20.3
35.32,-14.6,-29.5,-21.4,-25.7,-20.0
35.33,-11.5,-21.3,-15.6,-26.5,-20.1
35.34,-9.6,-16.7,-12.5,-27.7,-19.7
35.35,-8.5,-14.4,-11.6,-29.4,-18.9
35.36,-8.1,-13.3,-11.4,-31.6,-18.6
35.37,-7.9,-12.6,-11.1,-33.9,-18.7
35.38,-8.9,-12.5,-13.4,-35.3,-18.1
35.39,-9.5,-13.0,-15.4,-35.3,-16.8
35.40,-10.1,-13.7,-16.8,-36.5,-16.5
35.41,-10.7,-14.7,-17.8,-41.0,-15.8
35.42,-10.3,-16.1,-15.5,-42.3,-15.8
35.43,-10.3,-18.5,-14.0,-43.0,-15.4
35.44,-10.2,-21.2,-12.9,-43.4,-16.2
35.45,-10.1,-29.6,-11.7,-43.9,-16.5
35.46,-10.1,-34.3,-11.2,-45.2,-17.7
35.47,-10.8,-32.7,-11.9,-42.7,-18.9
35.48,-11.4,-31.7,-12.7,-41.4,-19.5
35.49,-11.9,-30.8,-13.0,-41.9,-20.6
35.50,-12.6,-28.9,-14.0,-41.7,-20.5
35.51,-11.8,-22.0,-14.3,-40.5,-19.7
35.52,-10.9,-18.1,-14.3,-42.3,-19.3
35.53,-10.5,-16.0,-14.5,-39.5,-18.9
35.54,-10.3,-14.8,-15.3,-39.6,-18.9
35.55,-10.3,-13.9,-16.4,-38.9,-19.5
35.56,-10.5,-13.7,-17.8,-35.3,-19.3
35.57,-11.0,-13.9,-18.5,-35.0,-19.1
35.58,-11.5,-14.1,-19.9,-34.8,-19.3
35.59,-11.5,-14.4,-20.8,-32.1,-18.5
35.60,-11.6,-14.6,-21.9,-30.1,-17.9
35.61,-12.0,-14.8,-22.2,-30.1,-18.4
35.62,-11.9,-14.8,-22.9,-29.8,-18.3
35.63,-12.1,-14.9,-23.8,-29.6,-18.3
35.64,-12.5,-15.0,-24.8,-31.2,-18.7
35.65,-12.1,-14.3,-26.6,-33.0,-18.7
35.66,-11.7,-13.7,-29.9,-33.6,-17.8
35.67,-11.4,-13.2,-29.6,-34.1,-17.7
35.68,-10.9,-12.9,-30.4,-35.1,-17.7
35.69,-10.6,-12.4,-29.2,-36.2,-17.8
35.70,-10.3,-12.4,-25.8,-33.7,-17.5
35.71,-10.3,-12.5,-25.2,-33.1,-17.8
35.72,-10.3,-12.4,-25.1,-33.1,-17.7
35.73,-10.4,-12.6,-24.8,-32.2,-18.0
35.74,-10.8,-13.0,-25.0,-31.9,-18.5
35.75,-11.6,-13.3,-26.4,-32.6,-19.5
35.76,-11.5,-13.6,-24.5,-32.5,-19.0
35.77,-11.3,-13.9,-22.3,-29.8,-19.0
35.78,-10.8,-14.0,-20.2,-28.6,-19.1
35.79,-10.4,-14.1,-19.1,-27.4,-18.8
35.80,-10.2,-14.0,-18.9,-26.8,-18.9
35.81,-10.2,-13.6,-19.4,-26.5,-19.3
35.82,-10.2,-13.3,-20.5,-26.7,-19.0
35.83,-10.8,-12.9,-22.4,-28.4,-19.1
35.84,-10.7,-12.6,-22.8,-28.4,-19.8
35.85,-9.6,-12.6,-14.9,-30.7,-20.0
35.86,-9.0,-13.0,-13.0,-31.4,-19.5
35.87,-9.2,-13.5,-12.4,-33.3,-20.3
35.88,-9.1,-14.3,-12.1,-34.0,-18.8
35.89,-9.7,-14.9,-12.4,-37.1,-18.6
35.90,-10.2,-14.8,-14.0,-38.0,-17.7
35.91,-10.7,-14.5,-15.7,-38.1,-18.0
35.92,-10.8,-14.2,-17.1,-37.7,-17.0
35.93,-11.3,-13.8,-18.3,-38.2,-17.7
35.94,-11.6,-14.5,-19.8,-36.9,-17.0
35.95,-12.3,-16.1,-20.9,-37.4,-17.1
35.96,-12.5,-17.5,-21.3,-37.7,-16.6
35.97,-13.2,-20.2,-20.1,-38.4,-16.7
35.98,-13.3,-25.1,-19.1,-37.7,-16.1
35.99,-14.1,-26.8,-20.3,-37.6,-16.2
36.00,-13.7,-24.0,-20.6,-36.0,-15.7
36.01,-12.5,-19.7,-20.0,-34.0,-15.9
36.02,-11.1,-15.2,-21.0,-33.7,-15.6
36.03,-10.6,-13.6,-22.0,-33.7,-15.9
36.04,-10.1,-12.8,-22.5,-33.7,-15.6
36.05,-10.0,-12.2,-22.5,-36.3,-15.8
36.06,-10.0,-12.2,-23.3,-37.4,-15.7
36.07,-10.5,-12.8,-24.8,-41.8,-16.1
36.08,-10.5,-12.6,-25.0,-43.8,-16.3
36.09,-10.9,-12.6,-24.4,-47.4,-17.1
36.10,-11.0,-12.8,-24.3,-48.5,-17.6
36.11,-9.7,-12.9,-14.6,-49.0,-18.3
36.12,-9.2,-13.6,-12.7,-48.1,-19.0
36.13,-8.8,-14.3,-11.9,-40.4,-18.0
36.14,-8.3,-14.7,-10.8,-39.2,-18.1
36.15,-8.4,-15.0,-10.6,-38.0,-17.8
36.16,-9.2,-15.1,-11.7,-37.8,-18.1
36.17,-9.6,-15.1,-12.9,-35.2,-17.2
36.18,-10.0,-15.2,-13.0,-33.6,-18.3
36.19,-10.4,-15.8,-14.3,-31.5,-17.9
36.20,-11.0,-16.5,-16.0,-29.6,-18.3
36.21,-11.4,-17.5,-15.9,-28.4,-18.2
36.22,-12.2,-18.8,-16.0,-28.0,-19.6
36.23,-13.1,-19.4,-18.3,-27.6,-19.0
36.24,-14.2,-19.8,-19.5,-27.9,-20.3
36.25,-13.9,-20.7,-19.5,-28.0,-19.6
36.26,-14.4,-22.0,-20.0,-26.8,-20.2
36.27,-14.3,-23.4,-20.1,-26.1,-19.7
36.28,-14.9,-25.3,-20.8,-25.8,-20.1
36.29,-15.3,-29.1,-21.0,-25.6,-19.6
36.30,-16.1,-33.9,-21.4,-25.3,-19.9
36.31,-15.5,-36.3,-21.1,-26.4,-19.5
36.32,-16.8,-43.7,-21.6,-27.4,-19.9
36.33,-16.6,-47.6,-22.2,-28.9,-19.6
36.34,-17.4,-50.4,-24.1,-30.2,-19.9
36.35,-17.5,-46.6,-24.2,-31.2,-20.0
36.36,-17.6,-39.4,-26.7,-30.3,-19.9
36.37,-16.4,-28.5,-28.9,-28.7,-19.1
36.38,-14.7,-21.1,-27.3,-27.9,-18.6
36.39,-11.7,-16.4,-25.4,-27.6,-17.5
36.40,-10.3,-14.0,-22.3,-26.9,-17.1
36.41,-9.2,-13.0,-20.9,-27.0,-16.7
36.42,-8.8,-12.9,-19.0,-27.5,-16.2
36.43,-9.4,-13.7,-18.4,-28.2,-16.2
36.44,-10.2,-15.9,-17.9,-29.3,-16.1
36.45,-11.3,-19.7,-18.3,-31.3,-15.9
36.46,-12.6,-25.8,-18.6,-35.3,-15.9
36.47,-13.2,-33.1,-19.8,-38.9,-15.8
36.48,-13.8,-39.6,-20.6,-40.5,-15.9
36.49,-14.3,-32.7,-21.3,-43.8,-15.8
36.50,-14.2,-26.4,-21.6,-45.2,-16.0
36.51,-14.4,-23.4,-21.8,-46.8,-16.0
36.52,-14.1,-21.8,-22.0,-47.4,-16.2
36.53,-14.4,-20.2,-22.2,-48.7,-16.3
36.54,-13.8,-19.1,-21.8,-48.3,-16.7
36.55,-14.0,-18.6,-22.1,-43.8,-17.0
36.56,-12.9,-17.3,-21.5,-37.9,-17.4
36.57,-12.3,-15.9,-21.3,-36.1,-17.8
36.58,-11.6,-14.7,-21.8,-34.9,-18.2
36.59,-11.2,-13.6,-23.0,-35.0,-18.3
36.60,-11.0,-12.9,-24.6,-35.7,-18.3
36.61,-11.2,-12.9,-26.2,-38.2,-18.3
36.62,-12.1,-13.7,-27.0,-43.4,-18.2
36.63,-12.9,-15.1,-27.1,-47.5,-18.1
36.64,-14.1,-17.4,-25.9,-47.2,-18.3
36.65,-15.5,-22.7,-24.8,-47.7,-18.2
36.66,-16.3,-29.6,-24.1,-47.8,-18.4
36.67,-16.6,-35.2,-23.7,-47.9,-18.3
36.68,-16.8,-40.8,-24.1,-50.4,-18.4
36.69,-16.9,-33.7,-24.0,-55.9,-18.5
36.70,-14.7,-22.8,-19.9,-56.9,-18.9
36.71,-11.1,-17.4,-14.3,-54.9,-20.0
36.72,-9.5,-14.4,-12.5,-44.1,-20.0
36.73,-8.4,-13.2,-11.3,-39.2,-20.9
36.74,-7.8,-12.0,-11.0,-35.9,-19.7
36.75,-7.7,-11.6,-11.2,-33.2,-19.5
36.76,-8.6,-11.8,-13.0,-32.2,-18.4
36.77,-9.2,-11.8,-14.7,-32.1,-18.2
36.78,-9.6,-12.0,-16.1,-32.4,-17.6
36.79,-10.1,-12.3,-17.6,-33.1,-17.7
36.80,-10.5,-12.3,-20.1,-35.7,-17.8
36.81,-10.6,-12.6,-22.5,-35.4,-17.4
36.82,-10.7,-12.6,-22.7,-35.7,-18.2
36.83,-10.7,-12.6,-22.5,-35.9,-18.0
36.84,-10.7,-12.4,-22.2,-36.1,-18.4
36.85,-10.7,-12.6,-22.2,-36.4,-18.4
36.86,-11.1,-12.8,-22.7,-38.8,-18.8
36.87,-11.1,-13.1,-20.1,-38.2,-19.5
36.88,-11.0,-13.4,-17.9,-37.7,-20.7
36.89,-11.3,-14.0,-17.3,-36.2,-20.5
36.90,-11.3,-14.5,-16.6,-34.8,-21.2
36.91,-11.0,-15.0,-16.4,-32.4,-19.0
36.92,-11.6,-15.5,-18.2,-30.0,-19.0
36.93,-11.7,-16.6,-20.3,-28.7,-17.8
36.94,-12.7,-17.9,-21.8,-27.9,-18.3
36.95,-12.7,-20.1,-22.5,-27.6,-17.5
36.96,-14.1,-24.0,-23.6,-28.2,-18.4
36.97,-14.5,-29.7,-24.8,-29.5,-17.3
36.98,-15.7,-36.6,-25.1,-31.6,-17.9
36.99,-16.0,-41.8,-26.7,-35.4,-17.1
37.00,-17.0,-43.2,-26.7,-41.1,-17.6
37.01,-16.3,-44.8,-27.1,-37.2,-16.9
37.02,-16.7,-43.3,-27.9,-34.7,-17.3
37.03,-15.1,-37.4,-26.2,-30.9,-17.0
37.04,-14.4,-25.8,-26.2,-30.0,-17.4
37.05,-13.2,-21.9,-25.9,-29.0,-17.1
37.06,-11.9,-18.7,-25.7,-29.1,-15.5
37.07,-11.0,-15.9,-25.9,-29.4,-15.4
37.08,-10.2,-13.8,-25.6,-31.1,-14.7
37.09,-9.7,-12.6,-25.8,-31.5,-14.7
37.10,-9.1,-11.7,-24.7,-33.0,-14.5
37.11,-9.1,-11.2,-23.9,-34.6,-15.6
37.12,-8.9,-11.0,-24.1,-36.5,-15.3
37.13,-9.0,-11.0,-23.2,-38.0,-16.2
37.14,-8.7,-11.1,-22.8,-37.7,-15.8
37.15,-9.0,-11.4,-23.1,-38.5,-16.5
37.16,-9.5,-12.1,-22.8,-38.3,-16.3
37.17,-10.1,-13.0,-22.6,-38.9,-16.6
37.18,-10.7,-13.6,-22.9,-40.2,-16.7
37.19,-11.1,-13.9,-23.0,-41.4,-16.8
37.20,-11.1,-13.8,-23.3,-44.8,-16.6
37.21,-11.0,-13.3,-23.8,-45.8,-16.6
37.22,-10.7,-13.1,-21.9,-46.7,-16.7
37.23,-9.2,-13.0,-14.6,-47.8,-16.8
37.24,-8.4,-12.7,-12.6,-42.9,-16.9
37.25,-7.9,-12.2,-12.1,-40.9,-17.1
37.26,-7.6,-11.8,-11.7,-40.4,-17.0
37.27,-7.6,-11.4,-11.9,-38.0,-17.4
37.28,-8.2,-11.2,-13.9,-35.5,-17.2
37.29,-8.9,-11.3,-16.0,-35.5,-17.8
37.30,-9.3,-11.6,-17.0,-34.4,-17.7
37.31,-9.8,-11.9,-18.9,-34.8,-17.1
37.32,-10.2,-12.3,-21.2,-34.4,-17.1
37.33,-10.4,-12.6,-21.6,-35.1,-16.8
37.34,-10.7,-12.9,-21.8,-37.3,-16.4
37.35,-10.2,-13.3,-21.2,-36.6,-15.5
37.36,-10.9,-13.9,-20.7,-36.6,-15.9
37.37,-10.9,-14.9,-20.7,-39.4,-15.3
37.38,-11.2,-16.5,-20.3,-38.3,-14.8
37.39,-11.9,-19.0,-19.8,-38.7,-14.9
37.40,-12.3,-20.7,-20.7,-38.9,-14.9
37.41,-12.2,-20.4,-21.4,-39.1,-14.7
37.42,-12.0,-17.3,-22.2,-41.5,-14.9
37.43,-11.1,-14.6,-22.1,-40.7,-15.4
37.44,-10.7,-12.9,-22.8,-41.3,-15.9
37.45,-10.0,-11.7,-23.3,-41.0,-16.6
37.46,-9.8,-11.1,-23.5,-41.1,-17.1
37.47,-9.9,-10.9,-24.3,-42.4,-18.3
37.48,-9.7,-11.1,-23.5,-46.2,-18.9
37.49,-9.2,-11.5,-14.3,-47.9,-19.7
37.50,-8.8,-12.0,-12.4,-47.6,-19.2
37.51,-8.5,-12.3,-11.6,-47.5,-19.3
37.52,-8.1,-12.6,-10.7,-48.1,-19.0
37.53,-8.1,-12.6,-10.6,-48.7,-18.4
37.54,-8.5,-12.5,-12.0,-49.5,-17.9
37.55,-8.9,-12.2,-13.2,-48.5,-17.8
37.56,-9.0,-12.2,-13.2,-48.4,-17.8
37.57,-9.3,-12.4,-14.6,-48.6,-18.2
37.58,-9.4,-12.5,-15.4,-48.6,-18.0
37.59,-9.6,-12.6,-15.3,-49.8,-18.8
37.60,-10.3,-13.2,-15.6,-49.3,-19.4
37.61,-11.3,-13.8,-17.2,-48.0,-19.3
37.62,-11.2,-14.3,-18.6,-34.7,-18.9
37.63,-12.2,-15.4,-19.5,-32.4,-19.4
37.64,-13.3,-17.2,-20.2,-31.9,-19.9
37.65,-13.6,-17.5,-20.2,-31.8,-20.4
37.66,-13.5,-17.5,-20.7,-31.9,-21.0
37.67,-14.6,-18.6,-20.9,-36.0,-21.9
37.68,-14.9,-19.3,-21.2,-39.3,-21.9
37.69,-15.5,-20.5,-20.7,-42.3,-22.9
37.70,-16.9,-23.0,-21.9,-42.2,-22.9
37.71,-17.9,-26.9,-22.6,-43.0,-23.7
37.72,-18.4,-25.3,-24.2,-38.8,-24.4
37.73,-14.7,-17.3,-25.6,-36.5,-23.6
37.74,-13.2,-14.9,-27.6,-35.1,-23.6
37.75,-11.6,-13.0,-29.3,-35.0,-22.1
37.76,-10.4,-11.8,-27.8,-36.0,-20.3
37.77,-9.7,-11.4,-26.8,-36.8,-18.1
37.78,-9.6,-11.3,-25.1,-41.0,-17.7
37.79,-9.5,-11.4,-23.6,-46.9,-17.1
37.80,-9.2,-11.7,-21.9,-51.7,-16.0
37.81,-9.3,-11.7,-21.7,-51.2,-15.8
37.82,-9.3,-11.8,-20.2,-48.5,-16.1
37.83,-9.2,-11.9,-19.7,-47.2,-15.4
37.84,-9.4,-12.1,-19.3,-47.0,-15.5
37.85,-9.5,-12.2,-19.5,-46.8,-15.2
37.86,-9.8,-12.6,-19.5,-46.9,-15.5
37.87,-10.1,-12.9,-20.2,-44.6,-15.2
37.88,-10.4,-13.3,-21.6,-41.6,-14.9
37.89,-10.7,-13.7,-22.7,-39.5,-15.0
37.90,-11.0,-14.1,-22.9,-39.1,-15.3
37.91,-11.2,-14.5,-23.8,-39.3,-15.0
37.92,-11.3,-14.9,-22.9,-40.2,-14.8
37.93,-11.5,-15.7,-22.3,-43.2,-15.2
37.94,-12.0,-16.7,-22.8,-46.0,-14.8
37.95,-12.0,-18.3,-23.2,-46.8,-14.5
37.96,-12.8,-20.0,-24.7,-49.7,-14.5
37.97,-13.1,-21.3,-26.1,-50.2,-14.6
37.98,-13.3,-22.7,-26.6,-43.0,-14.5
37.99,-13.4,-23.3,-27.2,-42.3,-14.6
38.00,-13.1,-23.1,-26.6,-41.7,-14.6
38.01,-13.6,-23.5,-26.5,-41.6,-15.0
38.02,-13.2,-24.0,-27.0,-38.1,-14.7
38.03,-13.3,-23.1,-27.5,-37.9,-14.8
38.04,-13.7,-22.5,-27.0,-37.9,-15.1
38.05,-13.5,-22.1,-26.9,-37.1,-15.2
38.06,-13.2,-21.9,-25.9,-36.7,-14.9
38.07,-13.2,-22.1,-25.6,-40.2,-14.9
38.08,-12.9,-22.2,-21.0,-40.8,-15.3
38.09,-10.6,-20.9,-14.0,-40.4,-16.0
38.10,-9.3,-17.2,-12.0,-42.6,-16.4
38.11,-8.7,-15.5,-11.3,-43.7,-16.7
38.12,-8.5,-14.1,-10.9,-44.9,-18.3
38.13,-8.4,-13.1,-11.2,-45.7,-18.6
38.14,-9.1,-12.7,-12.8,-48.9,-18.5
38.15,-9.7,-12.5,-14.6,-52.6,-17.8
38.16,-9.8,-12.3,-15.7,-52.9,-18.0
38.17,-9.7,-12.1,-15.8,-52.2,-17.9
38.18,-9.2,-11.9,-14.8,-44.9,-17.9
38.19,-8.9,-11.8,-14.1,-41.2,-18.5
38.20,-8.6,-11.7,-13.2,-38.0,-19.0
38.21,-8.3,-11.7,-12.4,-36.4,-20.0
38.22,-8.4,-11.7,-12.5,-36.0,-20.5
38.23,-8.8,-11.9,-13.6,-35.9,-21.1
38.24,-9.5,-12.3,-14.7,-35.9,-20.3
38.25,-9.6,-12.8,-14.8,-38.4,-20.8
38.26,-10.7,-13.4,-15.9,-39.8,-21.5
38.27,-10.6,-13.6,-15.9,-39.6,-21.4
38.28,-10.2,-12.9,-15.1,-41.0,-23.1
38.29,-9.6,-12.3,-14.8,-45.8,-22.5
38.30,-9.6,-11.7,-16.0,-47.1,-22.0
38.31,-9.4,-11.1,-17.0,-48.8,-21.5
38.32,-9.6,-11.0,-18.0,-55.0,-20.8
38.33,-9.8,-11.1,-19.1,-54.2,-20.2
38.34,-9.9,-11.4,-19.7,-54.5,-19.9
38.35,-10.3,-11.6,-20.3,-48.8,-19.8
38.36,-10.4,-11.7,-20.6,-31.2,-20.2
38.37,-10.3,-11.8,-20.7,-28.9,-19.3
38.38,-10.3,-12.1,-21.1,-26.8,-19.0
38.39,-10.5,-12.3,-23.1,-25.2,-18.9
38.40,-10.2,-12.4,-24.0,-24.8,-18.1
38.41,-10.6,-12.6,-25.7,-24.2,-18.3
38.42,-11.1,-13.0,-26.6,-24.9,-19.3
38.43,-11.4,-13.5,-27.7,-24.6,-19.3
38.44,-12.0,-14.0,-28.4,-25.1,-19.6
38.45,-12.5,-14.8,-29.4,-25.8,-19.7
38.46,-12.6,-15.2,-26.9,-27.1,-19.2
38.47,-12.9,-15.6,-24.7,-28.5,-19.1
38.48,-12.8,-16.1,-22.0,-30.5,-18.8
38.49,-11.6,-16.0,-20.6,-33.4,-17.8
38.50,-11.5,-15.7,-19.9,-33.4,-18.1
38.51,-10.9,-15.2,-19.7,-31.2,-18.0
38.52,-11.1,-14.5,-20.1,-30.7,-18.0
38.53,-10.8,-13.9,-21.0,-30.2,-18.1
38.54,-11.1,-13.5,-21.0,-30.5,-19.1
38.55,-11.0,-13.4,-20.7,-31.5,-18.5
38.56,-11.0,-13.5,-20.3,-33.6,-18.8
38.57,-11.0,-13.9,-19.8,-35.3,-18.3
38.58,-11.3,-14.2,-20.0,-41.4,-17.6
38.59,-11.4,-14.4,-20.6,-43.0,-17.6
38.60,-11.5,-14.8,-20.4,-41.1,-17.5
38.61,-9.9,-14.9,-14.1,-39.6,-17.1
38.62,-9.1,-15.0,-12.4,-38.9,-17.9
38.63,-8.9,-15.0,-11.8,-38.4,-17.6
38.64,-8.7,-14.7,-11.5,-35.3,-17.7
38.65,-8.8,-14.2,-11.7,-34.4,-18.6
38.66,-9.6,-13.5,-13.4,-33.3,-18.8
38.67,-9.8,-12.8,-15.3,-32.9,-18.7
38.68,-9.8,-12.4,-16.4,-32.6,-18.7
38.69,-10.1,-12.5,-17.8,-33.1,-18.7
38.70,-11.0,-13.0,-20.2,-33.4,-18.7
38.71,-11.7,-14.0,-21.3,-34.7,-18.5
38.72,-12.4,-15.5,-21.2,-35.4,-17.9
38.73,-13.2,-17.3,-19.9,-35.6,-17.9
38.74,-13.8,-19.8,-19.3,-36.7,-18.1
38.75,-14.6,-23.1,-19.1,-33.8,-17.8
38.76,-14.3,-27.0,-19.1,-32.5,-17.4
38.77,-14.4,-31.3,-19.0,-30.8,-17.7
38.78,-14.6,-38.2,-19.5,-30.0,-17.5
38.79,-14.6,-39.5,-20.1,-29.3,-17.4
38.80,-14.3,-42.8,-20.7,-28.7,-17.1
38.81,-14.6,-47.2,-20.8,-28.5,-17.4
38.82,-15.0,-47.0,-21.5,-29.1,-17.5
38.83,-15.3,-47.6,-22.5,-29.8,-17.8
38.84,-15.7,-48.0,-22.9,-32.0,-17.8
38.85,-16.1,-48.5,-23.2,-35.2,-17.8
38.86,-15.5,-45.8,-20.8,-41.0,-18.2
38.87,-11.9,-37.5,-13.9,-43.0,-18.0
38.88,-10.7,-30.8,-12.2,-42.4,-18.0
38.89,-10.1,-26.2,-11.3,-42.1,-18.4
38.90,-9.3,-24.1,-10.3,-43.3,-19.2
38.91,-8.9,-21.2,-10.1,-43.0,-19.5
38.92,-9.7,-19.4,-11.5,-37.2,-19.2
38.93,-10.3,-18.7,-12.6,-37.4,-19.7
38.94,-10.0,-18.6,-12.6,-36.8,-19.1
38.95,-11.5,-18.9,-14.6,-36.5,-19.3
38.96,-11.8,-19.5,-15.1,-34.9,-19.4
38.97,-11.0,-17.7,-15.0,-35.5,-19.2
38.98,-10.0,-14.8,-15.2,-35.5,-18.8
38.99,-10.0,-12.8,-17.1,-36.2,-19.0
39.00,-9.2,-11.5,-18.4,-37.0,-18.2
39.01,-9.2,-10.8,-19.4,-44.2,-18.7
39.02,-9.5,-10.7,-20.3,-45.8,-19.2
39.03,-9.7,-11.1,-20.5,-48.3,-19.3
39.04,-10.2,-11.7,-21.2,-48.1,-19.3
39.05,-10.8,-12.2,-21.3,-48.9,-19.7
39.06,-11.0,-12.5,-21.8,-50.5,-19.9
39.07,-11.0,-12.4,-21.2,-51.6,-20.0
39.08,-11.0,-12.2,-22.4,-53.3,-20.6
39.09,-10.9,-12.0,-23.0,-53.0,-20.2
39.10,-10.7,-11.9,-23.8,-51.6,-19.9
39.11,-10.4,-11.7,-24.2,-50.8,-19.6
39.12,-10.3,-11.6,-25.0,-50.8,-19.5
39.13,-10.3,-11.5,-24.4,-47.7,-19.7
39.14,-10.3,-11.6,-22.7,-46.8,-19.9
39.15,-10.0,-11.6,-22.4,-35.9,-18.6
39.16,-10.4,-12.2,-21.0,-34.1,-18.2
39.17,-10.2,-12.8,-19.9,-32.0,-17.7
39.18,-10.2,-13.3,-18.8,-30.7,-17.8
39.19,-10.4,-13.5,-18.7,-31.0,-18.1
39.20,-10.5,-13.3,-18.4,-31.4,-18.4
39.21,-10.3,-12.9,-18.3,-32.1,-18.6
39.22,-10.3,-12.9,-18.3,-33.6,-18.4
39.23,-10.6,-13.5,-18.2,-34.7,-18.2
39.24,-11.1,-14.4,-18.2,-36.1,-18.0
39.25,-11.6,-15.8,-18.6,-36.7,-17.9
39.26,-12.1,-17.1,-19.0,-34.7,-17.8
39.27,-12.7,-17.9,-19.8,-32.0,-17.9
39.28,-12.7,-17.6,-21.0,-30.1,-17.7
39.29,-12.7,-17.0,-21.6,-28.9,-17.7
39.30,-12.1,-15.7,-21.7,-27.9,-18.2
39.31,-12.1,-14.5,-22.3,-27.7,-18.8
39.32,-11.2,-13.7,-21.9,-26.7,-19.2
39.33,-11.0,-13.2,-21.7,-25.8,-19.6
39.34,-10.8,-12.9,-21.6,-25.0,-18.6
39.35,-10.7,-12.8,-22.5,-24.5,-18.4
39.36,-10.8,-12.7,-23.9,-24.7,-18.7
39.37,-11.1,-12.5,-25.5,-24.5,-19.4
39.38,-11.0,-12.4,-26.4,-24.9,-19.4
39.39,-10.6,-12.2,-26.5,-25.2,-19.1
39.40,-10.4,-11.9,-26.1,-25.6,-18.7
39.41,-10.3,-11.7,-26.5,-25.9,-18.7
39.42,-10.3,-11.6,-27.6,-26.3,-19.0
39.43,-10.0,-11.2,-29.2,-26.0,-19.6
39.44,-9.8,-11.1,-30.0,-25.8,-19.1
39.45,-9.9,-11.2,-29.7,-25.9,-18.7
39.46,-9.5,-11.4,-19.7,-25.9,-18.6
39.47,-8.4,-11.8,-13.3,-26.1,-19.0
39.48,-8.1,-12.6,-11.8,-26.0,-19.2
39.49,-7.9,-13.1,-11.1,-26.7,-20.5
39.50,-7.9,-13.4,-10.8,-26.9,-21.5
39.51,-8.5,-13.8,-11.4,-27.9,-20.9
39.52,-9.2,-13.8,-12.8,-29.4,-20.9
39.53,-10.5,-14.1,-14.5,-31.9,-21.8
39.54,-10.8,-14.3,-15.3,-33.1,-20.9
39.55,-11.4,-14.5,-17.6,-31.9,-19.3
39.56,-11.1,-14.7,-19.0,-30.7,-18.7
39.57,-11.5,-15.1,-21.5,-29.9,-18.0
39.58,-11.1,-15.3,-21.7,-29.1,-17.6
39.59,-11.5,-15.5,-21.9,-29.6,-17.6
39.60,-12.0,-15.5,-21.4,-31.9,-18.6
39.61,-12.2,-15.3,-21.9,-32.5,-18.8
39.62,-12.5,-15.1,-22.2,-35.6,-19.1
39.63,-11.9,-15.1,-18.6,-37.9,-19.3
39.64,-11.6,-15.0,-16.9,-42.6,-19.6
39.65,-10.6,-14.2,-16.2,-43.8,-19.6
39.66,-9.9,-13.3,-15.6,-43.3,-19.8
39.67,-9.3,-12.3,-15.2,-42.7,-20.2
39.68,-9.2,-11.4,-17.3,-42.0,-20.3
39.69,-8.9,-10.9,-18.7,-35.7,-19.4
39.70,-8.9,-10.7,-19.4,-34.9,-19.5
39.71,-9.3,-10.7,-21.2,-34.4,-19.5
39.72,-9.5,-11.0,-22.5,-32.0,-18.8
39.73,-9.6,-11.2,-23.9,-32.3,-18.8
39.74,-9.6,-11.1,-24.9,-30.1,-18.9
39.75,-9.7,-11.3,-26.1,-28.1,-18.8
39.76,-10.3,-11.7,-26.5,-28.0,-18.9
39.77,-10.2,-12.4,-26.8,-26.8,-18.4
39.78,-11.0,-13.3,-26.5,-26.1,-18.7
39.79,-11.7,-14.5,-25.3,-26.1,-18.9
39.80,-12.1,-15.3,-25.3,-25.3,-19.3
39.81,-12.2,-14.9,-25.7,-25.7,-19.4
39.82,-10.9,-14.0,-25.5,-25.1,-18.1
39.83,-10.5,-13.6,-26.2,-25.0,-17.1
39.84,-10.6,-13.4,-26.4,-27.0,-16.7
39.85,-10.3,-13.1,-26.5,-28.1,-16.6
39.86,-10.7,-13.1,-24.7,-29.6,-17.1
39.87,-11.1,-13.1,-23.7,-36.6,-17.6
39.88,-10.8,-13.0,-23.5,-36.2,-17.4
39.89,-10.6,-12.9,-23.0,-37.1,-16.9
39.90,-10.7,-13.0,-23.4,-37.8,-16.4
39.91,-11.0,-13.2,-24.5,-37.9,-16.2
39.92,-11.1,-13.3,-24.5,-40.1,-16.6
39.93,-11.1,-13.5,-25.4,-41.3,-16.3
39.94,-11.4,-13.8,-25.4,-44.6,-16.4
39.95,-11.4,-14.1,-24.7,-38.7,-16.6
39.96,-11.7,-15.2,-24.5,-38.0,-16.6
39.97,-12.0,-16.3,-23.5,-34.6,-17.0
39.98,-11.0,-16.4,-18.3,-32.5,-17.1
39.99,-9.8,-17.0,-13.8,-32.5,-17.2
40.00,-9.0,-16.4,-12.1,-32.7,-17.9
40.01,-8.7,-15.4,-11.5,-32.7,-18.8
40.02,-8.8,-15.1,-11.2,-33.7,-18.6
40.03,-8.9,-14.9,-11.4,-33.5,-18.2
40.04,-9.3,-14.6,-12.9,-33.0,-17.9
40.05,-10.2,-14.2,-15.0,-31.7,-18.0
40.06,-10.3,-13.8,-15.6,-31.1,-18.2
40.07,-10.5,-13.4,-17.3,-32.4,-18.8
40.08,-11.0,-13.2,-20.3,-30.8,-19.1
40.09,-11.3,-12.9,-21.7,-30.4,-19.1
40.10,-10.4,-12.7,-20.7,-28.1,-18.2
40.11,-10.6,-12.9,-21.5,-27.2,-17.8
40.12,-10.7,-12.9,-21.0,-26.5,-18.1
40.13,-10.7,-13.1,-21.3,-26.8,-18.4
40.14,-11.1,-13.4,-22.9,-27.6,-19.0
40.15,-11.2,-13.0,-24.6,-29.4,-18.9
40.16,-10.7,-12.3,-24.0,-31.7,-18.6
40.17,-10.2,-11.9,-24.3,-33.7,-17.9
40.18,-10.2,-11.7,-23.9,-34.6,-18.0
40.19,-10.0,-11.7,-22.1,-36.1,-18.3
40.20,-10.6,-12.0,-22.9,-36.8,-19.2
40.21,-10.9,-12.2,-23.5,-36.0,-19.3
40.22,-11.2,-12.5,-23.5,-35.9,-20.2
40.23,-11.0,-12.3,-23.3,-36.6,-20.5
40.24,-10.8,-12.5,-19.6,-36.2,-21.1
40.25,-10.0,-13.0,-14.1,-37.3,-20.6
40.26,-9.3,-13.1,-12.4,-34.9,-19.7
40.27,-8.9,-13.4,-11.5,-35.2,-19.6
40.28,-8.4,-13.7,-10.6,-35.2,-18.7
40.29,-8.2,-14.0,-10.4,-34.9,-18.4
40.30,-9.1,-14.0,-12.0,-34.4,-18.4
40.31,-9.6,-14.2,-13.0,-34.7,-18.5
40.32,-9.7,-14.9,-13.3,-33.9,-18.5
40.33,-10.6,-15.4,-15.5,-31.9,-18.1
40.34,-10.8,-15.7,-15.6,-31.2,-18.6
40.35,-11.2,-16.4,-15.9,-30.5,-18.6
40.36,-11.3,-16.2,-16.2,-29.7,-19.1
40.37,-11.2,-15.3,-17.9,-29.4,-19.3
40.38,-10.8,-14.0,-18.9,-29.8,-19.0
40.39,-10.9,-13.4,-20.1,-30.6,-19.2
40.40,-11.0,-13.8,-20.2,-31.7,-18.9
40.41,-11.4,-14.6,-19.7,-34.6,-19.1
40.42,-13.0,-16.4,-20.3,-37.2,-19.9
40.43,-14.6,-20.5,-20.0,-38.2,-21.1
40.44,-16.4,-30.5,-20.4,-38.4,-22.2
40.45,-16.5,-33.2,-19.8,-37.5,-22.6
40.46,-17.0,-31.5,-21.7,-36.7,-22.0
40.47,-17.3,-29.8,-22.0,-37.3,-21.4
40.48,-17.3,-27.8,-23.1,-37.4,-21.4
40.49,-16.8,-25.8,-24.0,-37.9,-21.3
40.50,-16.4,-24.2,-25.1,-43.4,-20.2
40.51,-14.8,-21.1,-24.4,-46.8,-18.8
40.52,-12.7,-16.6,-23.1,-52.1,-17.3
40.53,-10.8,-13.8,-22.5,-50.0,-16.4
40.54,-9.7,-12.6,-21.0,-45.8,-15.9
40.55,-9.1,-11.9,-19.8,-42.1,-15.7
40.56,-9.2,-11.9,-19.0,-41.8,-16.0
40.57,-9.6,-12.5,-18.6,-41.7,-16.4
40.58,-10.2,-13.5,-18.2,-40.4,-16.9
40.59,-10.3,-13.9,-18.4,-39.5,-16.7
40.60,-10.9,-14.2,-18.7,-38.5,-17.2
40.61,-11.0,-15.2,-18.9,-35.8,-16.8
40.62,-11.7,-16.4,-19.7,-34.8,-16.9
40.63,-12.6,-18.7,-20.5,-34.9,-17.0
40.64,-14.4,-23.2,-21.6,-36.0,-17.6
40.65,-14.8,-26.5,-22.7,-37.2,-17.7
40.66,-15.5,-22.0,-23.1,-34.2,-18.4
40.67,-13.1,-16.2,-23.1,-30.8,-18.6
40.68,-11.6,-13.3,-22.4,-28.7,-19.6
40.69,-10.4,-12.2,-22.3,-27.3,-18.7
40.70,-10.3,-11.7,-22.4,-26.4,-19.9
40.71,-10.4,-12.0,-22.9,-26.1,-18.8
40.72,-11.6,-13.4,-24.1,-26.1,-19.3
40.73,-12.7,-15.3,-25.3,-26.1,-18.4
40.74,-13.7,-17.2,-25.1,-26.0,-19.2
40.75,-13.9,-18.8,-24.7,-26.0,-18.3
40.76,-14.5,-20.6,-24.3,-25.8,-19.0
40.77,-14.9,-22.9,-24.5,-26.0,-18.2
40.78,-16.2,-24.0,-25.3,-26.1,-18.8
40.79,-15.6,-24.0,-25.4,-25.8,-17.9
40.80,-15.5,-23.6,-25.5,-25.5,-18.5
40.81,-14.5,-22.8,-25.7,-25.0,-17.9
40.82,-14.5,-21.9,-25.3,-24.7,-18.6
40.83,-14.4,-21.6,-25.3,-24.7,-18.0
40.84,-14.3,-21.4,-21.3,-24.8,-18.9
40.85,-12.7,-20.6,-14.4,-24.9,-18.4
40.86,-10.1,-18.3,-12.1,-24.8,-18.8
40.87,-9.4,-16.3,-11.3,-24.7,-18.0
40.88,-8.5,-14.7,-10.8,-24.3,-17.8
40.89,-8.2,-13.9,-10.8,-24.0,-16.9
40.90,-8.5,-13.4,-12.6,-23.9,-16.6
40.91,-9.3,-13.6,-14.3,-24.4,-16.8
40.92,-9.9,-14.3,-15.4,-24.8,-17.3
40.93,-10.7,-15.5,-16.1,-25.2,-17.7
40.94,-11.0,-17.4,-14.5,-26.1,-18.8
40.95,-11.1,-19.7,-13.4,-26.2,-18.6
40.96,-10.9,-24.6,-12.3,-25.9,-19.1
40.97,-9.8,-34.1,-11.1,-25.6,-18.9
40.98,-9.5,-37.4,-10.8,-25.9,-19.3
40.99,-10.7,-39.1,-11.9,-26.7,-20.1
41.00,-11.8,-38.4,-12.8,-28.4,-21.2
41.01,-12.0,-29.0,-13.4,-30.7,-22.0
41.02,-12.1,-19.6,-14.8,-36.6,-21.8
41.03,-11.6,-16.8,-15.7,-37.6,-20.4
41.04,-10.9,-15.2,-16.2,-30.5,-19.3
41.05,-10.5,-14.0,-16.9,-28.0,-18.3
41.06,-10.7,-13.6,-19.9,-25.8,-18.0
41.07,-10.9,-14.3,-22.2,-24.3,-17.3
41.08,-11.5,-15.3,-22.9,-23.7,-17.3
41.09,-12.2,-17.0,-23.1,-23.6,-17.0
41.10,-12.4,-19.7,-22.6,-23.0,-17.1
41.11,-13.3,-23.2,-22.8,-22.9,-16.8
41.12,-14.5,-27.5,-23.1,-22.7,-17.5
41.13,-13.5,-34.0,-22.8,-22.0,-17.0
41.14,-13.4,-42.3,-22.8,-21.7,-17.4
41.15,-13.7,-45.3,-24.4,-21.5,-17.1
41.16,-13.7,-41.7,-24.8,-21.4,-17.5
41.17,-14.4,-37.9,-25.9,-21.4,-17.6
41.18,-15.0,-27.6,-26.8,-21.6,-18.4
41.19,-13.9,-19.3,-28.0,-21.9,-19.0
41.20,-12.9,-16.4,-29.2,-22.0,-19.1
41.21,-11.6,-14.0,-30.9,-22.1,-19.4
41.22,-10.3,-12.1,-32.7,-22.6,-19.0
41.23,-9.7,-11.2,-36.1,-22.7,-19.1
41.24,-9.3,-11.0,-35.1,-22.5,-18.0
41.25,-9.4,-11.1,-33.5,-22.5,-18.4
41.26,-9.9,-11.6,-31.7,-22.4,-18.6
41.27,-10.2,-12.5,-26.9,-22.6,-18.6
41.28,-10.8,-13.2,-24.8,-23.6,-19.2
41.29,-11.1,-13.6,-23.3,-25.0,-19.1
41.30,-11.1,-14.1,-22.6,-26.1,-18.6
41.31,-11.3,-14.2,-22.4,-27.6,-18.7
41.32,-11.2,-13.9,-22.6,-26.7,-18.8
41.33,-10.8,-13.5,-22.3,-26.3,-18.8
41.34,-10.9,-13.1,-23.0,-26.0,-20.2
41.35,-10.7,-12.9,-23.4,-26.1,-20.2
41.36,-10.5,-13.0,-18.6,-26.6,-20.2
41.37,-9.9,-13.4,-14.3,-27.9,-20.2
41.38,-9.4,-13.8,-12.7,-29.9,-19.6
41.39,-9.2,-14.1,-12.0,-31.0,-18.7
41.40,-8.8,-14.2,-11.6,-31.2,-17.7
41.41,-9.1,-14.4,-12.1,-30.8,-17.3
41.42,-9.6,-14.5,-13.9,-28.7,-16.8
41.43,-10.1,-14.7,-15.7,-28.0,-16.5
41.44,-10.3,-15.4,-16.4,-26.8,-16.1
41.45,-10.6,-16.2,-17.5,-26.9,-16.3
41.46,-11.4,-17.4,-19.7,-26.6,-16.3
41.47,-12.0,-19.0,-19.9,-27.2,-16.3
41.48,-12.2,-22.1,-19.3,-26.7,-16.3
41.49,-13.1,-24.6,-20.5,-27.1,-16.5
41.50,-12.9,-28.8,-20.6,-26.2,-16.2
41.51,-12.8,-34.5,-20.8,-26.5,-16.2
41.52,-12.8,-40.5,-23.4,-25.3,-16.0
41.53,-13.1,-42.7,-24.4,-25.8,-16.0
41.54,-12.7,-40.7,-24.2,-25.0,-16.0
41.55,-13.2,-36.9,-25.9,-25.6,-16.0
41.56,-12.8,-34.3,-24.0,-24.9,-16.0
41.57,-12.9,-32.4,-22.3,-26.0,-16.2
41.58,-13.0,-30.6,-23.0,-25.8,-16.3
41.59,-13.6,-30.1,-23.0,-27.2,-16.4
41.60,-13.8,-30.4,-22.5,-28.2,-16.6
41.61,-14.8,-31.1,-23.0,-31.1,-16.9
41.62,-14.0,-32.6,-18.8,-32.6,-17.3
41.63,-12.1,-35.5,-13.7,-37.8,-17.6
41.64,-10.9,-38.4,-11.8,-38.7,-18.3
41.65,-10.0,-40.6,-10.9,-38.6,-18.4
41.66,-9.3,-44.1,-9.9,-36.6,-19.0
41.67,-9.1,-40.3,-10.1,-30.8,-18.6
41.68,-10.1,-31.1,-11.6,-29.2,-19.1
41.69,-11.0,-26.7,-12.9,-28.0,-19.3
41.70,-11.3,-23.8,-13.8,-27.8,-19.0
41.71,-11.9,-21.3,-15.9,-28.3,-18.7
41.72,-11.3,-19.4,-16.0,-29.3,-17.9
41.73,-10.4,-17.7,-15.8,-28.4,-17.2
41.74,-9.8,-16.1,-16.2,-27.3,-17.0
41.75,-9.9,-15.2,-18.5,-26.2,-16.7
41.76,-10.1,-14.7,-19.7,-25.4,-17.0
41.77,-10.8,-14.5,-21.3,-25.1,-17.8
41.78,-11.6,-14.7,-22.3,-25.6,-18.3
41.79,-12.5,-15.1,-22.0,-25.2,-19.4
41.80,-12.9,-15.6,-22.1,-25.2,-20.1
41.81,-13.2,-16.1,-22.2,-25.1,-21.4
41.82,-13.7,-16.6,-22.6,-26.0,-21.2
41.83,-13.8,-17.4,-22.2,-26.6,-21.4
41.84,-14.6,-18.8,-23.8,-27.7,-20.9
41.85,-15.3,-20.6,-24.6,-28.6,-20.5
41.86,-16.1,-22.7,-25.6,-30.0,-20.6
41.87,-16.1,-23.3,-26.0,-31.2,-20.3
41.88,-15.8,-21.2,-26.8,-31.6,-20.6
41.89,-13.3,-17.9,-24.3,-29.9,-19.9
41.90,-12.1,-16.3,-22.3,-28.7,-19.5
41.91,-11.4,-15.3,-22.1,-28.5,-18.7
41.92,-11.1,-14.8,-22.3,-28.8,-18.0
41.93,-11.2,-14.7,-22.6,-29.1,-17.9
41.94,-12.1,-15.1,-25.2,-34.3,-17.6
41.95,-12.2,-15.2,-26.8,-35.7,-17.4
41.96,-12.3,-15.3,-26.4,-31.5,-17.4
41.97,-12.0,-15.7,-25.4,-28.8,-17.2
41.98,-12.2,-16.6,-24.8,-26.4,-17.3
41.99,-12.2,-17.7,-23.7,-25.6,-17.1
42.00,-12.7,-19.5,-23.6,-25.1,-17.2
42.01,-12.6,-22.5,-22.8,-24.3,-16.8
42.02,-12.8,-25.7,-21.7,-24.6,-16.8
42.03,-12.3,-28.3,-21.2,-24.0,-16.9
42.04,-12.1,-23.1,-20.9,-23.8,-16.9
42.05,-11.2,-18.1,-20.3,-23.8,-17.2
42.06,-10.7,-15.2,-20.5,-24.6,-17.2
42.07,-9.8,-13.5,-20.4,-25.0,-17.3
42.08,-9.9,-12.4,-20.8,-27.6,-17.1
42.09,-9.6,-12.2,-21.3,-28.6,-16.9
42.10,-10.1,-12.3,-22.1,-31.7,-16.8
42.11,-10.3,-12.9,-23.1,-31.5,-16.7
42.12,-11.2,-13.9,-24.0,-32.5,-16.6
42.13,-11.9,-15.5,-24.8,-30.3,-16.5
42.14,-12.8,-17.0,-26.0,-30.5,-16.6
42.15,-13.5,-19.7,-26.0,-28.5,-16.5
42.16,-14.4,-23.4,-25.8,-29.1,-16.7
42.17,-14.4,-25.5,-25.4,-28.7,-16.5
42.18,-14.3,-25.8,-24.6,-30.4,-16.7
42.19,-13.8,-26.3,-24.3,-30.1,-16.4
42.20,-14.2,-27.0,-24.6,-32.2,-16.7
42.21,-13.7,-26.4,-24.4,-30.3,-16.8
42.22,-13.3,-25.1,-21.2,-29.4,-17.2
42.23,-10.4,-19.8,-13.5,-28.2,-17.9
42.24,-9.5,-16.4,-12.0,-28.7,-18.8
42.25,-8.8,-15.2,-11.4,-27.5,-18.5
42.26,-8.4,-14.2,-10.9,-27.8,-19.7
42.27,-8.5,-13.6,-11.5,-28.6,-18.7
42.28,-9.3,-14.0,-12.8,-29.9,-19.1
42.29,-10.1,-14.6,-14.5,-29.4,-18.3
42.30,-10.7,-14.6,-15.5,-29.2,-19.0
42.31,-11.1,-14.9,-17.8,-26.5,-18.6
42.32,-11.1,-15.0,-19.5,-25.4,-18.7
42.33,-10.8,-15.0,-21.2,-24.3,-17.6
42.34,-10.6,-15.3,-20.5,-23.7,-17.6
42.35,-10.6,-16.0,-19.8,-23.5,-17.3
42.36,-10.9,-16.2,-19.5,-23.9,-17.4
42.37,-11.1,-16.0,-19.0,-24.0,-18.6
42.38,-11.5,-15.8,-19.3,-24.9,-19.4
42.39,-11.3,-15.4,-16.9,-25.7,-20.5
42.40,-10.3,-14.8,-15.7,-27.2,-19.9
42.41,-10.4,-14.4,-15.8,-28.7,-20.0
42.42,-9.9,-14.0,-15.7,-30.4,-19.2
42.43,-9.6,-13.2,-16.1,-32.4,-18.8
42.44,-9.4,-12.6,-18.4,-35.4,-17.8
42.45,-9.6,-12.1,-20.1,-41.9,-18.1
42.46,-9.5,-11.8,-21.2,-43.5,-17.4
42.47,-9.6,-11.7,-22.1,-40.6,-18.0
42.48,-9.7,-11.7,-22.2,-34.5,-17.7
42.49,-9.8,-11.8,-23.2,-32.2,-18.5
42.50,-10.1,-12.0,-24.1,-31.6,-18.3
42.51,-10.5,-12.2,-24.0,-30.9,-19.1
42.52,-10.7,-12.5,-24.3,-30.2,-18.7
42.53,-11.2,-12.9,-24.4,-31.1,-19.1
42.54,-11.6,-13.6,-25.3,-32.3,-18.4
42.55,-12.1,-14.4,-25.8,-32.4,-18.7
42.56,-12.5,-15.4,-26.3,-34.4,-18.3
42.57,-12.8,-16.2,-26.5,-37.4,-18.1
42.58,-12.8,-16.7,-25.5,-36.8,-18.1
42.59,-12.3,-16.6,-24.5,-34.6,-17.3
42.60,-11.9,-16.0,-22.8,-31.8,-17.0
42.61,-11.4,-15.5,-21.7,-30.7,-17.0
42.62,-11.3,-15.3,-21.2,-29.3,-16.5
42.63,-11.4,-15.2,-21.1,-29.5,-16.6
42.64,-11.9,-15.3,-21.1,-31.1,-16.7
42.65,-11.9,-15.3,-20.6,-31.9,-16.7
42.66,-11.4,-15.2,-20.1,-33.0,-16.5
42.67,-11.4,-15.2,-19.7,-31.8,-16.9
42.68,-10.9,-15.0,-19.3,-31.4,-16.8
42.69,-11.0,-15.1,-19.2,-30.9,-17.3
42.70,-10.6,-15.1,-19.1,-29.9,-16.8
42.71,-11.0,-14.9,-19.5,-29.3,-17.4
42.72,-11.1,-15.0,-20.3,-29.7,-17.0
42.73,-11.3,-15.0,-21.1,-29.9,-17.4
42.74,-11.2,-15.0,-18.4,-30.7,-17.5
42.75,-10.1,-15.0,-13.8,-32.6,-17.9
42.76,-9.4,-14.9,-12.2,-36.2,-17.7
42.77,-9.0,-14.9,-11.5,-40.3,-18.1
42.78,-8.9,-14.7,-11.3,-42.0,-17.8
42.79,-8.8,-14.7,-11.8,-41.7,-17.3
42.80,-9.7,-14.7,-13.6,-38.8,-16.7
42.81,-10.3,-15.0,-15.5,-34.0,-16.4
42.82,-10.6,-15.2,-16.4,-32.0,-16.6
42.83,-10.9,-15.6,-17.3,-30.1,-16.6
42.84,-11.1,-16.0,-18.9,-29.1,-16.3
42.85,-11.4,-16.2,-20.2,-29.3,-16.6
42.86,-11.7,-16.5,-20.5,-30.5,-16.7
42.87,-11.5,-16.6,-18.5,-31.9,-16.7
42.88,-11.5,-16.5,-18.6,-32.2,-16.2
42.89,-11.6,-16.3,-18.9,-33.1,-16.6
42.90,-11.3,-15.8,-18.8,-33.3,-16.4
42.91,-11.3,-15.3,-18.9,-33.5,-16.5
42.92,-11.2,-15.0,-20.3,-31.0,-16.3
42.93,-10.9,-14.7,-21.0,-26.3,-16.8
42.94,-10.7,-14.6,-20.7,-24.5,-17.1
42.95,-10.5,-14.4,-21.5,-24.2,-17.0
42.96,-10.8,-14.6,-22.4,-24.3,-17.6
42.97,-11.2,-14.6,-23.7,-25.5,-18.2
42.98,-11.8,-14.7,-24.7,-29.2,-18.8
42.99,-12.1,-14.7,-25.6,-32.7,-19.4
43.00,-12.3,-14.6,-25.0,-32.4,-20.3
43.01,-12.0,-14.6,-25.6,-27.5,-20.5
43.02,-11.2,-14.5,-26.0,-23.1,-19.7
43.03,-10.9,-14.6,-26.4,-21.3,-19.2
43.04,-10.8,-14.7,-29.3,-20.1,-18.7
43.05,-10.2,-14.8,-26.9,-19.1,-18.1
43.06,-10.2,-15.0,-27.0,-18.7,-18.2
43.07,-10.3,-15.0,-27.4,-18.6,-18.3
43.08,-9.8,-15.6,-21.5,-18.7,-18.2
43.09,-8.7,-16.1,-13.5,-19.3,-18.2
43.10,-8.6,-16.1,-12.2,-20.2,-18.9
43.11,-8.0,-16.8,-11.1,-21.4,-18.3
43.12,-7.8,-16.3,-10.6,-23.3,-18.7
43.13,-8.3,-14.9,-11.1,-25.0,-18.7
43.14,-8.4,-14.1,-12.6,-25.0,-18.5
43.15,-8.6,-13.5,-13.7,-25.1,-18.7
43.16,-9.1,-12.8,-14.9,-26.7,-19.4
43.17,-9.7,-13.1,-16.7,-27.2,-19.6
43.18,-10.2,-13.9,-16.8,-28.7,-19.8
43.19,-11.8,-15.0,-19.2,-31.1,-20.5
43.20,-11.9,-16.7,-17.7,-28.7,-20.5
43.21,-13.2,-19.6,-18.0,-27.9,-20.8
43.22,-13.2,-22.9,-16.8,-27.3,-20.8
43.23,-13.8,-24.3,-17.1,-27.7,-21.0
43.24,-13.9,-26.6,-17.4,-28.4,-20.6
43.25,-14.3,-27.8,-17.6,-30.1,-20.3
43.26,-12.9,-25.9,-16.8,-29.8,-19.7
43.27,-12.2,-20.1,-17.1,-27.9,-19.4
43.28,-10.5,-17.1,-16.6,-24.7,-18.6
43.29,-9.6,-15.1,-16.4,-23.4,-18.3
43.30,-9.2,-13.4,-17.9,-22.4,-18.3
43.31,-8.9,-12.7,-18.7,-21.9,-18.2
43.32,-9.5,-12.8,-20.6,-21.5,-18.4
43.33,-9.7,-13.2,-21.3,-21.0,-18.4
43.34,-10.4,-13.7,-22.7,-20.9,-18.9
43.35,-11.0,-14.5,-22.7,-20.9,-19.2
43.36,-11.1,-14.7,-22.7,-20.7,-19.0
43.37,-11.0,-14.7,-23.1,-20.8,-19.3
43.38,-11.2,-14.7,-23.8,-21.4,-19.4
43.39,-11.5,-14.9,-24.9,-21.5,-19.3
43.40,-11.1,-15.1,-25.3,-21.0,-18.6
43.41,-11.1,-15.2,-24.4,-21.0,-18.6
43.42,-11.0,-15.3,-24.8,-21.0,-18.1
43.43,-11.1,-15.1,-24.9,-21.1,-18.2
43.44,-11.3,-15.0,-25.2,-21.6,-18.6
43.45,-11.6,-14.8,-27.0,-22.7,-19.0
43.46,-12.4,-14.7,-28.7,-24.9,-20.1
43.47,-12.6,-14.7,-29.0,-27.3,-20.7
43.48,-13.2,-15.0,-28.6,-31.2,-21.6
43.49,-13.4,-15.3,-28.1,-33.0,-22.2
43.50,-13.7,-15.8,-28.5,-32.8,-21.8
43.51,-14.6,-16.8,-29.9,-31.8,-21.8
43.52,-15.5,-18.1,-31.4,-31.6,-22.2
43.53,-16.3,-19.8,-31.4,-31.0,-22.1
43.54,-17.6,-22.2,-31.9,-31.5,-22.2
43.55,-17.6,-23.9,-30.5,-30.7,-21.4
43.56,-17.9,-24.3,-30.2,-31.3,-21.6
43.57,-18.2,-24.0,-31.3,-32.4,-21.4
43.58,-17.7,-23.9,-30.7,-31.5,-20.8
43.59,-17.2,-24.3,-25.3,-31.9,-20.7
43.60,-14.7,-25.7,-17.9,-34.9,-20.8
43.61,-13.2,-26.3,-16.3,-30.9,-20.9
43.62,-12.5,-26.6,-15.8,-26.0,-20.1
43.63,-11.4,-27.9,-15.1,-23.3,-19.5
43.64,-11.7,-29.1,-15.6,-21.4,-19.5
43.65,-11.5,-29.7,-16.9,-19.9,-18.9
43.66,-11.2,-29.8,-16.9,-19.4,-18.4
43.67,-11.5,-30.0,-17.1,-19.4,-18.7
43.68,-11.4,-29.7,-18.0,-19.1,-18.0
43.69,-11.6,-29.7,-18.7,-18.8,-17.4
43.70,-11.4,-30.3,-19.8,-18.6,-17.2
43.71,-12.6,-31.1,-20.7,-18.9,-17.4
43.72,-11.8,-32.7,-20.9,-18.7,-17.5
43.73,-12.0,-36.1,-20.9,-18.7,-17.7
43.74,-12.1,-39.7,-21.0,-19.0,-18.3
43.75,-12.5,-44.2,-21.0,-19.2,-19.0
43.76,-12.7,-49.3,-21.2,-19.1,-18.9
43.77,-11.6,-51.7,-17.6,-19.5,-19.3
43.78,-11.9,-52.5,-16.2,-20.1,-19.7
43.79,-11.6,-54.3,-15.7,-20.8,-19.7
43.80,-11.8,-55.4,-15.2,-21.9,-19.6
43.81,-11.4,-56.6,-15.3,-22.7,-19.0
43.82,-12.7,-56.7,-16.8,-22.3,-18.4
43.83,-12.5,-56.6,-18.1,-21.1,-18.1
43.84,-12.7,-56.6,-18.0,-20.1,-18.0
43.85,-11.8,-56.8,-18.1,-19.1,-17.7
43.86,-12.4,-57.4,-18.4,-18.9,-18.0
43.87,-12.8,-58.3,-19.2,-19.0,-18.4
43.88,-12.6,-58.9,-19.6,-18.8,-18.4
43.89,-12.7,-59.1,-20.2,-19.0,-18.4
43.90,-12.5,-59.3,-21.0,-19.1,-18.5
43.91,-12.9,-58.4,-21.0,-19.2,-18.4
43.92,-12.1,-54.5,-21.5,-18.9,-17.9
43.93,-12.0,-45.0,-22.7,-18.7,-17.6
43.94,-11.8,-35.5,-18.7,-18.9,-17.9
43.95,-11.4,-29.3,-17.7,-18.8,-17.9
43.96,-11.3,-26.1,-17.0,-18.9,-17.6
43.97,-10.6,-24.2,-16.0,-19.3,-17.8
43.98,-10.3,-22.4,-15.4,-20.2,-18.1
43.99,-10.4,-21.3,-16.6,-21.3,-17.9
44.00,-11.0,-20.5,-16.5,-22.9,-17.8
44.01,-10.4,-19.7,-15.7,-24.7,-17.7
44.02,-10.8,-19.1,-16.0,-26.2,-17.6
44.03,-11.5,-18.4,-16.4,-26.3,-17.7
44.04,-11.2,-18.1,-15.9,-25.6,-17.3
44.05,-11.2,-18.0,-16.1,-25.4,-17.4
44.06,-11.5,-17.8,-16.1,-24.9,-18.0
44.07,-10.9,-17.6,-15.9,-24.3,-18.1
44.08,-10.7,-18.0,-15.9,-24.2,-18.6
44.09,-10.9,-18.6,-16.3,-23.8,-19.4
44.10,-11.2,-18.5,-16.9,-23.9,-20.1
44.11,-11.9,-18.0,-17.8,-24.9,-21.0
44.12,-12.1,-17.2,-17.1,-25.6,-21.4
44.13,-10.5,-15.7,-13.8,-27.0,-21.3
44.14,-10.0,-14.6,-12.9,-27.5,-21.3
44.15,-9.1,-14.2,-12.1,-26.5,-20.7
44.16,-8.8,-14.2,-11.5,-26.6,-20.5
44.17,-9.6,-14.3,-13.0,-25.5,-20.1
44.18,-10.1,-14.5,-14.5,-24.9,-20.1
44.19,-10.6,-14.9,-15.6,-23.5,-20.2
44.20,-11.0,-14.9,-17.3,-22.8,-20.4
44.21,-11.3,-14.7,-19.5,-22.3,-20.5
44.22,-11.2,-14.8,-20.3,-21.5,-20.5
44.23,-11.0,-14.9,-21.3,-21.5,-20.2
44.24,-11.5,-15.2,-21.7,-21.7,-20.0
44.25,-11.4,-16.0,-20.9,-20.9,-19.9
44.26,-12.2,-17.1,-21.0,-21.8,-20.1
44.27,-12.9,-18.0,-21.6,-22.1,-20.8
44.28,-12.5,-16.9,-21.8,-21.5,-21.0
44.29,-12.5,-15.3,-23.9,-22.5,-21.5
44.30,-11.6,-14.0,-25.9,-21.9,-21.3
44.31,-10.7,-13.0,-24.4,-21.3,-21.7
44.32,-10.5,-12.4,-24.1,-21.2,-21.6
44.33,-10.6,-12.6,-24.4,-20.6,-21.6
44.34,-10.7,-13.0,-23.1,-20.8,-21.2
44.35,-11.2,-13.7,-23.3,-20.5,-21.4
44.36,-11.9,-15.0,-23.7,-20.7,-21.0
44.37,-12.6,-16.8,-23.3,-20.8,-21.1
44.38,-11.7,-19.0,-17.5,-20.6,-21.3
44.39,-10.7,-22.2,-13.7,-20.5,-20.8
44.40,-9.9,-26.6,-12.2,-20.5,-21.1
44.41,-9.4,-29.4,-11.2,-20.5,-20.3
44.42,-8.7,-29.6,-10.0,-21.0,-19.8
44.43,-9.5,-26.7,-10.7,-20.8,-19.5
44.44,-10.7,-24.0,-12.0,-21.7,-20.2
44.45,-10.9,-23.0,-13.1,-21.1,-19.9
44.46,-11.5,-22.0,-14.6,-21.3,-21.0
44.47,-12.1,-20.1,-16.0,-21.9,-19.8
44.48,-10.7,-16.8,-15.5,-21.4,-20.0
44.49,-9.6,-14.9,-15.0,-22.1,-19.1
44.50,-9.2,-13.9,-14.8,-21.2,-18.9
44.51,-9.0,-13.2,-15.6,-21.3,-18.6
44.52,-9.0,-13.0,-16.0,-21.1,-19.0
44.53,-9.5,-13.6,-16.8,-20.8,-18.9
44.54,-10.4,-14.0,-17.3,-21.2,-19.3
44.55,-10.5,-14.3,-18.1,-20.6,-19.4
44.56,-10.6,-14.5,-17.7,-21.0,-19.5
44.57,-10.8,-14.7,-18.8,-21.4,-19.5
44.58,-10.9,-15.1,-18.0,-21.6,-19.6
44.59,-11.4,-16.1,-18.2,-23.1,-19.7
44.60,-11.9,-17.1,-18.1,-24.5,-20.1
44.61,-12.8,-18.8,-18.7,-25.5,-20.6
44.62,-13.7,-20.3,-19.0,-30.3,-21.4
44.63,-13.2,-17.5,-20.4,-30.7,-22.2
44.64,-11.8,-15.5,-16.9,-33.2,-22.8
44.65,-10.4,-14.5,-13.4,-26.5,-23.0
44.66,-9.6,-13.8,-12.4,-26.1,-23.3
44.67,-8.9,-14.0,-11.7,-22.5,-22.4
44.68,-8.9,-14.9,-11.0,-21.9,-21.5
44.69,-9.9,-16.2,-12.7,-21.3,-20.8
44.70,-10.8,-17.6,-14.4,-20.5,-20.2
44.71,-11.4,-18.4,-15.2,-20.8,-19.8
44.72,-12.0,-18.7,-17.1,-20.2,-19.8
44.73,-12.7,-19.5,-19.1,-19.9,-19.7
44.74,-12.3,-19.3,-20.2,-20.1,-19.7
44.75,-12.2,-19.7,-20.6,-19.9,-19.3
44.76,-12.9,-20.1,-21.2,-20.0,-19.5
44.77,-12.8,-20.4,-20.8,-19.5,-19.2
44.78,-12.1,-19.5,-19.8,-19.5,-18.8
44.79,-11.9,-18.7,-19.7,-19.8,-18.8
44.80,-12.0,-17.9,-20.9,-19.4,-18.6
44.81,-11.8,-17.9,-19.4,-20.1,-18.4
44.82,-11.3,-17.8,-19.2,-19.7,-18.9
44.83,-11.1,-17.2,-20.0,-19.7,-18.8
44.84,-11.2,-15.9,-19.0,-20.4,-19.0
44.85,-11.2,-15.1,-19.4,-20.0,-19.3
44.86,-10.8,-14.4,-20.4,-20.4,-19.0
44.87,-10.8,-14.0,-20.7,-20.4,-18.8
44.88,-11.6,-14.3,-22.1,-20.5,-18.6
44.89,-11.5,-14.8,-24.6,-20.5,-18.2
44.90,-11.4,-15.2,-24.2,-20.8,-17.9
44.91,-11.8,-15.1,-25.2,-21.7,-18.2
44.92,-11.3,-14.9,-24.6,-21.4,-18.3
44.93,-11.1,-14.7,-24.4,-22.5,-18.6
44.94,-11.2,-14.2,-24.9,-23.7,-19.0
44.95,-11.3,-13.8,-25.7,-24.7,-19.3
44.96,-11.5,-13.7,-26.3,-27.6,-19.4
44.97,-11.5,-13.5,-27.2,-29.3,-19.7
44.98,-11.3,-13.6,-20.8,-30.8,-20.3
44.99,-10.2,-13.6,-14.5,-25.8,-20.7
45.00,-9.6,-13.5,-13.0,-25.9,-21.1
45.01,-9.1,-13.5,-12.2,-23.3,-22.1
45.02,-9.0,-13.4,-11.8,-22.4,-22.5
45.03,-9.3,-13.4,-12.1,-22.2,-22.6
45.04,-9.9,-13.8,-14.1,-21.5,-22.6
45.05,-10.7,-14.6,-15.5,-21.5,-22.6
45.06,-12.0,-15.7,-16.9,-22.1,-23.0
45.07,-12.4,-17.4,-18.4,-21.6,-23.0
45.08,-13.1,-18.6,-20.7,-22.3,-22.2
45.09,-13.4,-19.1,-22.0,-21.6,-21.9
45.10,-13.6,-19.6,-21.9,-21.6,-20.8
45.11,-13.0,-19.5,-21.1,-21.2,-20.5
45.12,-13.3,-19.7,-21.2,-21.2,-20.5
45.13,-13.6,-20.0,-21.4,-21.6,-20.9
45.14,-14.1,-20.8,-22.6,-21.5,-20.9
45.15,-13.0,-19.5,-19.0,-21.9,-21.2
45.16,-12.3,-17.2,-18.2,-22.7,-20.7
45.17,-11.0,-15.5,-17.7,-22.0,-19.3
45.18,-10.4,-14.2,-17.3,-22.5,-18.8
45.19,-9.8,-13.3,-17.8,-22.3,-17.8
45.20,-10.1,-12.9,-20.3,-21.6,-17.7
45.21,-9.9,-12.8,-21.7,-21.8,-17.2
45.22,-10.4,-13.0,-23.0,-22.2,-17.5
45.23,-10.8,-13.3,-24.3,-22.4,-17.6
45.24,-11.4,-14.0,-26.0,-22.1,-17.7
45.25,-11.7,-14.4,-26.8,-22.3,-17.8
45.26,-11.5,-14.7,-26.7,-21.9,-17.5
45.27,-11.7,-14.9,-28.1,-21.5,-17.9
45.28,-11.6,-15.0,-28.5,-21.6,-17.6
45.29,-12.0,-15.7,-28.4,-21.3,-18.1
45.30,-12.5,-16.9,-28.5,-21.3,-18.0
45.31,-13.4,-18.7,-29.5,-21.2,-18.5
45.32,-13.3,-19.7,-29.3,-21.3,-18.3
45.33,-12.1,-16.1,-28.1,-21.0,-18.9
45.34,-11.3,-14.5,-28.3,-21.2,-19.1
45.35,-11.0,-13.2,-28.9,-21.3,-20.3
45.36,-10.3,-12.1,-28.5,-21.5,-20.5
45.37,-10.6,-11.9,-29.6,-22.3,-22.5
45.38,-10.8,-12.2,-29.8,-22.7,-22.7
45.39,-11.2,-12.4,-30.4,-23.6,-24.1
45.40,-11.5,-12.7,-30.4,-24.8,-24.4
45.41,-11.8,-13.1,-30.5,-26.7,-23.9
45.42,-11.9,-13.2,-31.0,-28.2,-23.4
45.43,-12.3,-13.7,-30.5,-28.3,-22.9
45.44,-12.6,-14.6,-29.9,-27.6,-22.2
45.45,-13.1,-15.9,-28.8,-25.9,-21.6
45.46,-13.8,-18.2,-28.1,-23.5,-21.4
45.47,-15.0,-23.8,-28.0,-22.2,-21.4
45.48,-14.8,-26.5,-27.2,-21.3,-21.5
45.49,-13.0,-19.5,-25.3,-20.6,-21.6
45.50,-11.3,-16.9,-18.9,-21.0,-21.4
45.51,-9.9,-15.5,-14.3,-21.8,-21.4
45.52,-9.0,-14.3,-12.9,-22.4,-20.7
45.53,-8.6,-13.6,-12.3,-22.8,-21.0
45.54,-8.7,-14.3,-11.9,-22.6,-20.1
45.55,-9.4,-14.3,-13.3,-21.8,-20.2
45.56,-10.4,-14.2,-15.3,-21.3,-19.9
45.57,-10.7,-14.1,-16.9,-21.4,-20.0
45.58,-11.5,-14.8,-18.1,-22.4,-20.2
45.59,-12.0,-15.6,-19.7,-23.2,-20.2
45.60,-12.8,-16.9,-21.4,-24.3,-20.2
45.61,-13.2,-20.1,-20.9,-24.5,-20.1
45.62,-13.7,-23.7,-20.1,-24.7,-20.3
45.63,-13.9,-25.5,-19.4,-24.2,-20.4
45.64,-14.2,-30.9,-19.1,-23.5,-21.0
45.65,-14.7,-34.5,-19.1,-23.4,-21.3
45.66,-14.9,-29.5,-19.3,-23.5,-21.4
45.67,-14.9,-28.2,-20.3,-23.2,-21.1
45.68,-14.3,-24.6,-20.7,-23.5,-20.7
45.69,-13.6,-19.8,-21.2,-24.8,-20.3
45.70,-13.1,-16.9,-22.4,-26.0,-19.8
45.71,-12.2,-15.0,-23.4,-27.1,-19.8
45.72,-11.5,-13.8,-23.0,-26.4,-20.1
45.73,-11.3,-13.2,-23.9,-25.5,-20.5
45.74,-11.2,-13.1,-23.4,-24.4,-21.2
45.75,-11.5,-13.4,-24.6,-24.0,-21.1
45.76,-11.0,-13.7,-18.4,-24.2,-21.4
45.77,-10.2,-14.2,-14.6,-23.5,-21.7
45.78,-9.7,-14.6,-12.9,-22.8,-22.6
45.79,-9.4,-15.0,-12.0,-22.3,-22.6
45.80,-8.6,-15.5,-10.6,-21.3,-23.7
45.81,-9.5,-15.9,-11.6,-20.5,-23.2
45.82,-9.9,-16.2,-12.7,-20.5,-23.6
45.83,-10.3,-16.4,-13.8,-20.3,-22.6
45.84,-10.6,-15.9,-15.7,-20.3,-21.6
45.85,-10.6,-15.5,-18.0,-20.5,-20.3
45.86,-10.0,-14.6,-17.3,-21.2,-19.8
45.87,-9.7,-14.0,-16.7,-21.2,-19.0
45.88,-9.7,-13.3,-16.5,-21.3,-18.9
45.89,-9.6,-13.1,-16.7,-21.2,-18.4
45.90,-9.5,-13.0,-16.4,-20.8,-18.5
45.91,-9.8,-12.9,-17.1,-20.7,-18.6
45.92,-9.9,-12.9,-17.2,-20.8,-18.9
45.93,-9.8,-12.8,-18.3,-20.6,-19.2
45.94,-9.8,-12.7,-18.0,-20.7,-19.6
45.95,-10.3,-13.1,-19.5,-20.9,-19.4
45.96,-10.4,-13.7,-19.0,-21.0,-19.4
45.97,-10.9,-15.3,-19.6,-21.9,-19.2
45.98,-12.2,-17.5,-19.6,-23.4,-19.4
45.99,-13.2,-19.7,-19.8,-25.1,-19.6
46.00,-13.8,-22.9,-20.0,-28.2,-19.9
46.01,-15.1,-23.8,-20.5,-33.1,-20.7
46.02,-12.8,-22.2,-15.8,-38.9,-21.3
46.03,-11.1,-18.7,-13.0,-34.1,-22.0
46.04,-10.1,-17.0,-12.2,-26.2,-22.5
46.05,-9.4,-15.7,-11.7,-24.3,-23.3
46.06,-8.7,-14.8,-11.2,-23.0,-23.3
46.07,-9.8,-14.2,-13.5,-21.7,-23.5
46.08,-10.4,-14.0,-15.3,-21.3,-23.6
46.09,-10.5,-13.8,-16.1,-21.4,-23.4
46.10,-11.0,-13.7,-18.0,-21.2,-23.3
46.11,-11.7,-13.7,-20.7,-21.2,-23.2
46.12,-11.8,-13.7,-21.8,-21.2,-22.6
46.13,-12.1,-14.4,-22.3,-20.9,-22.3
46.14,-12.5,-15.5,-22.3,-21.0,-22.0
46.15,-12.9,-17.0,-21.7,-20.8,-21.8
46.16,-13.9,-19.8,-20.3,-21.1,-21.5
46.17,-14.3,-24.7,-20.2,-21.4,-21.1
46.18,-14.9,-25.3,-20.6,-21.8,-21.0
46.19,-14.2,-20.6,-19.5,-22.4,-20.5
46.20,-12.9,-17.3,-20.3,-22.5,-20.2
46.21,-12.0,-15.2,-21.6,-23.1,-19.9
46.22,-10.9,-13.5,-21.0,-23.1,-19.5
46.23,-10.3,-12.6,-22.0,-23.1,-19.5
46.24,-10.2,-12.3,-22.8,-23.0,-19.8
46.25,-10.4,-12.4,-22.1,-23.3,-20.1
46.26,-10.8,-12.9,-23.1,-23.7,-20.3
46.27,-11.5,-13.5,-24.5,-24.5,-21.2
46.28,-11.8,-14.0,-24.3,-23.1,-21.3
46.29,-12.2,-14.5,-26.0,-22.7,-21.7
46.30,-12.1,-14.4,-25.8,-22.0,-21.9
46.31,-11.8,-14.3,-24.6,-21.5,-22.2
46.32,-11.9,-14.5,-23.8,-21.2,-22.7
46.33,-12.4,-14.8,-23.5,-22.1,-23.3
46.34,-12.5,-14.8,-22.8,-23.7,-24.1
46.35,-12.6,-15.0,-21.6,-24.3,-24.4
46.36,-12.3,-15.5,-18.2,-26.3,-24.5
46.37,-11.1,-15.9,-14.1,-27.8,-24.6
46.38,-10.3,-16.3,-12.5,-25.6,-23.8
46.39,-9.9,-17.1,-11.8,-24.9,-23.9
46.40,-9.5,-16.1,-11.5,-23.6,-23.0
46.41,-9.2,-14.4,-12.2,-22.6,-23.1
46.42,-9.8,-13.4,-14.1,-22.3,-22.8
46.43,-10.3,-12.8,-16.0,-22.8,-22.9
46.44,-10.2,-12.6,-17.3,-22.5,-22.5
46.45,-9.9,-12.7,-15.6,-22.1,-23.3
46.46,-9.2,-13.0,-13.6,-22.0,-23.1
46.47,-8.9,-13.1,-13.2,-21.7,-23.5
46.48,-8.9,-13.1,-13.1,-21.7,-23.3
46.49,-8.9,-13.3,-13.3,-21.2,-23.5
46.50,-10.0,-13.3,-16.1,-21.2,-23.0
46.51,-10.4,-13.5,-18.2,-20.9,-23.1
46.52,-10.5,-13.7,-19.4,-20.5,-22.7
46.53,-10.2,-14.1,-18.0,-20.4,-22.0
46.54,-10.0,-14.5,-17.0,-20.4,-21.3
46.55,-9.8,-14.6,-17.1,-20.8,-20.1
46.56,-9.8,-14.6,-17.0,-21.0,-19.4
46.57,-9.9,-14.5,-17.0,-21.6,-18.8
46.58,-10.4,-14.6,-18.1,-22.9,-18.3
46.59,-10.7,-14.7,-18.9,-23.2,-18.0
46.60,-10.8,-14.7,-19.3,-23.6,-17.8
46.61,-11.0,-15.3,-19.2,-23.0,-17.6
46.62,-11.2,-15.8,-20.3,-23.0,-17.5
46.63,-11.1,-15.0,-21.5,-22.7,-17.6
46.64,-10.7,-14.5,-21.4,-22.8,-17.6
46.65,-10.9,-14.6,-22.2,-23.4,-17.6
46.66,-11.2,-15.1,-22.8,-24.1,-17.9
46.67,-12.0,-16.2,-23.3,-24.6,-17.9
46.68,-13.1,-19.3,-23.7,-24.6,-18.0
46.69,-14.5,-26.2,-24.1,-25.4,-18.0
46.70,-14.9,-31.3,-22.3,-26.2,-18.5
46.71,-14.6,-36.1,-20.7,-26.9,-18.9
46.72,-14.8,-38.3,-20.0,-28.8,-19.2
46.73,-14.8,-39.7,-19.1,-30.4,-19.5
46.74,-14.6,-44.8,-19.4,-29.6,-19.3
46.75,-14.9,-45.2,-21.0,-26.8,-18.9
46.76,-13.8,-44.5,-21.0,-24.5,-18.6
46.77,-13.0,-44.7,-20.7,-22.8,-18.6
46.78,-12.6,-45.0,-20.5,-21.8,-18.7
46.79,-12.1,-45.9,-20.0,-21.0,-19.2
46.80,-12.2,-47.3,-19.3,-21.3,-19.7
46.81,-12.6,-47.5,-19.8,-21.7,-19.1
46.82,-13.1,-48.1,-21.1,-22.2,-18.2
46.83,-13.5,-48.6,-22.1,-23.1,-17.6
46.84,-14.2,-48.4,-23.3,-24.7,-17.2
46.85,-14.8,-45.9,-25.6,-27.1,-17.0
46.86,-15.7,-41.8,-27.7,-30.7,-17.2
46.87,-15.1,-24.9,-25.4,-33.9,-18.0
46.88,-13.1,-18.6,-18.8,-34.2,-18.3
46.89,-10.6,-16.0,-14.3,-31.2,-19.1
46.90,-9.5,-14.6,-12.8,-31.2,-19.5
46.91,-8.9,-13.7,-12.3,-30.0,-19.3
46.92,-8.6,-13.6,-11.8,-31.0,-18.9
46.93,-9.1,-14.3,-13.0,-30.2,-18.3
46.94,-10.0,-14.6,-14.9,-29.5,-17.6
46.95,-10.1,-14.6,-16.1,-28.2,-17.3
46.96,-10.6,-14.8,-17.7,-28.0,-17.1
46.97,-10.4,-14.6,-19.1,-26.6,-17.3
46.98,-10.5,-14.2,-20.7,-25.9,-17.3
46.99,-10.4,-13.5,-21.0,-26.1,-17.7
47.00,-10.1,-13.0,-20.2,-26.2,-18.1
47.01,-9.9,-12.5,-19.8,-25.6,-18.5
47.02,-10.2,-12.4,-19.8,-27.0,-19.2
47.03,-10.7,-13.1,-19.5,-27.0,-19.6
47.04,-11.4,-14.1,-20.1,-26.3,-20.1
47.05,-11.6,-14.3,-20.8,-25.7,-20.5
47.06,-11.2,-13.9,-20.1,-25.5,-21.0
47.07,-10.9,-13.1,-21.2,-24.8,-21.4
47.08,-9.9,-12.0,-21.4,-24.5,-20.5
47.09,-9.8,-11.5,-22.5,-25.2,-20.1
47.10,-9.7,-11.6,-23.2,-25.3,-18.8
47.11,-10.1,-12.1,-24.8,-26.2,-18.3
47.12,-10.1,-12.7,-25.1,-25.8,-17.5
47.13,-10.8,-13.4,-26.5,-27.0,-17.4
47.14,-10.2,-14.0,-18.9,-27.1,-17.3
47.15,-9.4,-14.8,-13.6,-27.3,-17.6
47.16,-9.1,-16.1,-12.0,-29.9,-17.5
47.17,-9.0,-17.7,-11.0,-32.9,-17.6
47.18,-8.6,-20.6,-10.0,-35.7,-17.3
47.19,-9.7,-23.7,-11.1,-37.3,-17.1
47.20,-10.4,-28.3,-12.4,-29.1,-17.1
47.21,-11.0,-26.8,-13.4,-28.5,-17.1
47.22,-11.0,-23.1,-14.2,-26.2,-17.7
47.23,-11.0,-19.4,-15.6,-25.2,-17.5
47.24,-10.2,-16.9,-15.9,-24.3,-17.6
47.25,-9.8,-15.5,-16.0,-24.4,-17.4
47.26,-10.1,-14.5,-17.4,-24.7,-17.3
47.27,-10.2,-13.9,-19.8,-26.1,-17.2
47.28,-10.3,-14.0,-20.2,-26.1,-16.8
47.29,-11.1,-14.2,-20.8,-28.6,-17.3
47.30,-11.0,-14.2,-20.7,-27.6,-17.2
47.31,-11.1,-14.4,-21.1,-27.3,-17.5
47.32,-11.2,-14.3,-21.8,-27.1,-17.7
47.33,-11.0,-14.1,-21.9,-26.5,-18.1
47.34,-10.9,-13.7,-22.4,-27.6,-18.1
47.35,-10.9,-13.5,-22.9,-28.3,-18.4
47.36,-11.0,-13.6,-23.3,-28.9,-18.6
47.37,-11.7,-14.3,-24.3,-30.3,-19.1
47.38,-12.7,-15.4,-25.2,-32.7,-19.8
47.39,-13.2,-16.3,-23.3,-33.9,-20.8
47.40,-11.2,-15.7,-15.1,-34.6,-21.8
47.41,-10.1,-14.7,-13.0,-34.2,-22.4
47.42,-9.1,-13.8,-12.1,-31.9,-21.4
47.43,-8.6,-13.0,-11.6,-31.1,-21.3
47.44,-8.7,-13.3,-11.6,-30.2,-19.6
47.45,-9.5,-14.0,-13.2,-30.1,-19.6
47.46,-10.6,-15.2,-14.6,-30.8,-19.1
47.47,-11.7,-16.9,-15.8,-33.0,-19.1
47.48,-12.6,-18.7,-17.0,-32.8,-18.8
47.49,-13.7,-20.6,-18.6,-34.0,-19.2
47.50,-14.4,-22.1,-20.8,-31.3,-18.8
47.51,-14.3,-22.4,-20.8,-29.0,-19.0
47.52,-14.0,-22.5,-21.0,-28.1,-18.5
47.53,-13.5,-24.1,-21.4,-25.8,-18.4
47.54,-13.5,-24.7,-21.2,-25.3,-18.2
47.55,-13.6,-24.3,-22.1,-24.8,-18.3
47.56,-13.4,-24.6,-23.1,-24.8,-18.3
47.57,-13.4,-23.3,-23.1,-24.7,-18.4
47.58,-13.0,-21.3,-21.2,-25.9,-18.7
47.59,-12.3,-18.0,-20.3,-25.8,-18.5
47.60,-11.1,-15.1,-18.9,-27.3,-18.4
47.61,-10.5,-13.5,-19.2,-27.5,-18.1
47.62,-9.9,-12.7,-18.8,-27.2,-17.9
47.63,-9.8,-12.6,-19.4,-26.7,-17.4
47.64,-9.8,-13.3,-19.3,-26.5,-17.6
47.65,-10.4,-14.9,-19.6,-25.4,-17.3
47.66,-10.9,-17.3,-19.0,-25.1,-17.7
47.67,-12.2,-19.7,-19.4,-26.1,-17.4
47.68,-12.1,-21.6,-19.3,-25.8,-17.2
47.69,-13.1,-22.8,-19.9,-27.0,-17.0
47.70,-13.0,-23.1,-19.4,-27.0,-17.3
47.71,-13.0,-23.4,-19.3,-26.5,-17.6
47.72,-12.8,-23.2,-19.4,-25.7,-18.3
47.73,-13.1,-24.0,-19.3,-25.5,-19.3
47.74,-12.5,-21.0,-17.3,-25.3,-20.6
47.75,-10.8,-18.4,-13.8,-25.3,-21.0
47.76,-9.6,-16.2,-12.2,-25.2,-22.4
47.77,-8.9,-14.3,-11.7,-23.5,-22.2
47.78,-8.5,-13.2,-11.6,-24.0,-22.6
47.79,-8.5,-12.8,-11.7,-22.5,-22.0
47.80,-9.2,-12.6,-13.4,-22.9,-22.2
47.81,-9.9,-12.9,-15.5,-21.9,-21.7
47.82,-10.4,-13.8,-15.7,-22.7,-22.1
47.83,-11.0,-15.0,-17.3,-21.6,-21.7
47.84,-11.6,-16.7,-18.5,-22.6,-21.9
47.85,-12.5,-19.7,-19.8,-21.3,-21.6
47.86,-13.7,-24.4,-19.2,-22.2,-21.7
47.87,-13.8,-30.2,-17.9,-21.2,-21.5
47.88,-15.0,-36.5,-18.5,-22.1,-21.6
47.89,-15.1,-40.1,-19.4,-21.3,-21.1
47.90,-14.3,-36.3,-18.2,-22.2,-21.4
47.91,-12.4,-25.2,-16.4,-22.2,-21.7
47.92,-11.4,-17.6,-16.2,-23.7,-21.7
47.93,-10.4,-14.3,-16.2,-24.7,-21.7
47.94,-9.8,-13.0,-16.0,-28.3,-21.4
47.95,-9.9,-12.2,-17.7,-30.1,-20.9
47.96,-10.5,-12.0,-21.1,-34.7,-20.7
47.97,-11.2,-13.2,-22.0,-34.7,-20.5
47.98,-12.1,-14.8,-22.9,-32.9,-20.3
47.99,-12.6,-16.2,-23.4,-32.9,-19.8
48.00,-13.5,-18.0,-24.2,-32.1,-19.4
48.01,-13.6,-19.0,-24.1,-31.3,-18.7
48.02,-13.6,-19.3,-24.1,-31.1,-18.1
48.03,-13.4,-19.4,-24.7,-30.8,-17.5
48.04,-13.1,-20.0,-24.0,-28.0,-17.5
48.05,-13.0,-19.8,-23.8,-27.3,-17.3
48.06,-13.3,-20.1,-24.0,-26.8,-17.6
48.07,-13.2,-20.2,-24.1,-26.6,-17.6
48.08,-13.1,-20.1,-24.3,-26.1,-17.7
48.09,-12.3,-17.1,-24.9,-26.4,-17.8
48.10,-11.0,-14.4,-26.0,-24.7,-17.8
48.11,-10.5,-13.1,-26.5,-24.0,-18.5
48.12,-10.0,-11.9,-28.4,-22.9,-18.7
48.13,-10.0,-11.5,-30.9,-22.5,-19.4
48.14,-10.3,-11.9,-30.6,-22.1,-19.4
48.15,-11.1,-12.7,-29.9,-21.6,-19.8
48.16,-11.5,-13.7,-27.3,-21.3,-19.8
48.17,-11.7,-14.9,-25.8,-21.1,-19.3
48.18,-11.7,-16.1,-25.0,-21.1,-19.0
48.19,-11.6,-16.3,-25.1,-21.2,-19.0
48.20,-10.7,-14.6,-25.4,-22.1,-18.9
48.21,-10.3,-12.8,-25.3,-23.0,-19.0
48.22,-10.2,-11.8,-26.0,-23.8,-20.4
48.23,-9.7,-11.1,-25.2,-23.6,-20.5
48.24,-9.7,-11.0,-24.7,-22.9,-21.8
48.25,-9.9,-11.5,-22.7,-22.6,-22.0
48.26,-9.7,-12.1,-17.8,-23.4,-22.2
48.27,-8.6,-12.0,-13.8,-24.5,-21.6
48.28,-8.3,-12.6,-12.5,-26.1,-20.2
48.29,-8.2,-13.0,-11.9,-29.3,-19.1
48.30,-8.1,-13.0,-11.5,-32.8,-18.4
48.31,-8.7,-13.5,-13.0,-31.1,-17.8
48.32,-9.6,-14.1,-14.9,-30.2,-17.9
48.33,-10.2,-14.2,-16.5,-29.3,-18.0
48.34,-10.6,-14.3,-18.3,-28.7,-18.1
48.35,-11.3,-14.9,-20.2,-29.0,-18.7
48.36,-11.1,-15.2,-20.7,-26.9,-18.3
48.37,-11.0,-15.1,-21.2,-27.3,-17.8
48.38,-11.2,-15.2,-21.3,-27.4,-17.5
48.39,-10.9,-15.1,-20.5,-26.2,-17.2
48.40,-10.8,-14.8,-20.2,-25.4,-17.4
48.41,-11.2,-14.7,-20.0,-24.6,-17.8
48.42,-11.3,-14.7,-20.2,-23.0,-18.2
48.43,-11.3,-14.5,-20.4,-22.5,-18.3
48.44,-11.1,-14.1,-20.6,-22.2,-18.4
48.45,-11.1,-13.8,-21.2,-23.2,-18.0
48.46,-10.9,-13.6,-22.3,-23.6,-17.3
48.47,-10.3,-14.0,-23.1,-23.6,-16.5
48.48,-10.5,-14.7,-23.2,-23.2,-16.1
48.49,-10.7,-16.2,-23.7,-22.4,-15.5
48.50,-10.4,-18.4,-23.9,-21.3,-15.1
48.51,-11.5,-22.2,-23.9,-21.4,-15.7
48.52,-11.7,-26.5,-18.2,-22.1,-16.2
48.53,-10.2,-29.7,-13.4,-22.1,-16.4
48.54,-9.8,-33.2,-12.1,-22.5,-16.8
48.55,-9.5,-36.8,-10.9,-23.5,-17.5
48.56,-8.7,-41.4,-9.9,-24.6,-17.6
48.57,-9.7,-41.8,-11.3,-24.9,-17.3
48.58,-10.6,-36.6,-12.5,-25.3,-17.4
48.59,-10.9,-29.1,-13.3,-26.6,-17.8
48.60,-11.3,-23.5,-14.4,-26.6,-17.9
48.61,-11.1,-18.0,-15.8,-26.5,-17.8
48.62,-9.7,-15.6,-15.8,-24.7,-18.0
48.63,-9.4,-14.4,-15.8,-24.7,-18.8
48.64,-9.2,-13.3,-17.1,-23.8,-19.2
48.65,-9.3,-13.0,-18.8,-23.2,-19.5
48.66,-9.5,-13.4,-20.1,-22.9,-20.0
48.67,-10.1,-13.6,-20.9,-23.0,-20.2
48.68,-10.2,-13.8,-21.4,-22.4,-20.1
48.69,-10.6,-13.9,-21.5,-22.7,-20.1
48.70,-10.0,-14.0,-21.6,-22.2,-19.1
48.71,-9.8,-13.9,-21.7,-21.8,-18.9
48.72,-10.0,-14.5,-21.6,-22.0,-18.7
48.73,-10.1,-14.8,-21.6,-22.7,-18.3
48.74,-10.3,-15.2,-22.4,-23.8,-17.8
48.75,-10.9,-15.6,-22.8,-25.3,-18.3
48.76,-11.3,-15.7,-22.9,-25.7,-18.7
48.77,-10.9,-14.2,-22.1,-26.5,-19.3
48.78,-10.0,-13.6,-16.5,-25.9,-19.4
48.79,-9.0,-12.7,-13.5,-25.8,-20.5
48.80,-8.4,-12.1,-12.3,-26.6,-20.1
48.81,-8.2,-11.9,-11.9,-27.0,-19.6
48.82,-8.1,-12.3,-11.8,-26.1,-18.6
48.83,-8.9,-12.5,-13.9,-26.1,-18.8
48.84,-9.4,-13.1,-15.6,-26.3,-18.1
48.85,-10.1,-13.4,-17.2,-26.6,-17.8
48.86,-10.6,-13.8,-18.7,-26.1,-18.0
48.87,-11.0,-14.1,-19.8,-26.6,-18.6
48.88,-11.2,-14.0,-21.3,-26.1,-18.3
48.89,-11.1,-14.2,-22.5,-25.3,-17.8
48.90,-11.2,-14.2,-21.8,-26.3,-18.2
48.91,-11.1,-14.4,-21.3,-26.2,-17.7
48.92,-11.3,-14.4,-21.1,-26.0,-17.6
48.93,-10.8,-14.4,-20.5,-24.8,-17.5
48.94,-10.7,-14.4,-19.9,-23.4,-17.9
48.95,-11.0,-14.3,-20.3,-22.6,-19.1
48.96,-10.5,-14.1,-20.1,-21.5,-19.4
48.97,-10.7,-14.2,-20.6,-20.9,-19.3
48.98,-10.6,-14.2,-20.5,-20.6,-19.5
48.99,-10.5,-14.4,-20.7,-20.4,-18.9
49.00,-10.4,-14.8,-19.9,-20.5,-18.6
49.01,-10.9,-14.9,-19.9,-21.0,-18.4
49.02,-10.5,-15.2,-19.9,-21.7,-18.4
49.03,-11.1,-15.8,-19.7,-22.7,-18.1
49.04,-11.4,-16.3,-19.9,-24.4,-18.5
49.05,-12.2,-16.9,-20.5,-27.1,-18.7
49.06,-11.7,-18.0,-19.9,-24.8,-18.5
49.07,-12.4,-19.5,-20.0,-25.4,-18.5
49.08,-12.4,-20.5,-19.8,-24.7,-18.9
49.09,-13.1,-23.8,-19.7,-24.6,-19.2
49.10,-13.7,-25.7,-19.7,-26.0,-19.7
49.11,-14.6,-28.6,-19.8,-27.7,-20.4
49.12,-14.3,-35.0,-16.8,-28.0,-20.3
49.13,-11.9,-40.0,-13.5,-28.9,-19.9
49.14,-10.2,-41.7,-11.9,-26.5,-18.9
49.15,-9.5,-42.4,-11.4,-24.7,-17.7
49.16,-9.4,-42.2,-11.2,-24.0,-17.0
49.17,-9.4,-41.8,-11.8,-24.0,-16.2
49.18,-10.2,-42.4,-13.9,-23.5,-15.6
49.19,-12.0,-42.6,-16.3,-25.0,-15.4
49.20,-11.8,-42.8,-16.9,-25.4,-15.8
49.21,-10.9,-43.6,-15.0,-25.9,-16.1
49.22,-9.9,-44.1,-12.8,-25.6,-16.6
49.23,-9.8,-44.5,-12.5,-23.9,-17.1
49.24,-9.6,-44.2,-12.0,-23.2,-17.4
49.25,-9.4,-43.3,-11.5,-23.1,-17.4
49.26,-11.0,-42.0,-13.5,-22.9,-17.2
49.27,-11.6,-41.2,-14.6,-23.0,-16.7
49.28,-11.5,-41.2,-14.5,-23.8,-17.0
49.29,-11.4,-41.8,-13.9,-25.1,-17.3
49.30,-11.4,-42.7,-14.1,-26.0,-17.1
49.31,-11.1,-45.0,-14.3,-25.6,-16.8
49.32,-11.2,-46.8,-14.5,-24.8,-16.8
49.33,-11.7,-48.5,-15.8,-23.8,-16.3
49.34,-11.8,-49.6,-16.7,-23.0,-16.2
49.35,-11.7,-49.7,-17.3,-22.3,-16.0
49.36,-12.0,-49.9,-17.9,-22.4,-16.2
49.37,-12.3,-51.1,-18.5,-22.6,-16.5
49.38,-13.1,-51.7,-19.7,-22.7,-16.9
49.39,-13.3,-52.9,-20.4,-23.5,-17.0
49.40,-14.1,-55.6,-21.6,-24.2,-17.3
49.41,-13.9,-55.8,-22.1,-23.6,-17.1
49.42,-13.9,-55.6,-22.6,-23.8,-17.0
49.43,-14.0,-55.1,-23.4,-23.5,-16.8
49.44,-14.2,-55.1,-23.9,-23.1,-17.0
49.45,-13.6,-55.3,-21.4,-23.1,-17.1
49.46,-12.6,-55.5,-17.4,-23.3,-17.7
49.47,-11.9,-56.4,-15.9,-22.7,-18.0
49.48,-11.8,-57.1,-15.3,-22.9,-18.4
49.49,-11.8,-56.0,-15.2,-22.3,-18.6
49.50,-12.2,-51.8,-16.4,-22.3,-18.3
49.51,-12.3,-50.6,-18.2,-21.6,-17.8
49.52,-12.2,-49.2,-19.0,-21.8,-17.5
49.53,-11.5,-48.2,-18.4,-21.7,-17.6
49.54,-11.4,-47.8,-18.2,-22.1,-17.8
49.55,-11.8,-48.3,-18.2,-22.7,-17.8
49.56,-12.0,-48.5,-17.9,-23.5,-18.0
49.57,-12.4,-48.5,-18.3,-24.6,-17.9
49.58,-13.1,-49.2,-19.5,-25.0,-17.6
49.59,-12.6,-46.5,-19.2,-23.9,-17.4
49.60,-13.0,-39.9,-20.4,-23.9,-17.2
49.61,-13.7,-33.9,-22.5,-23.6,-17.4
49.62,-13.3,-29.5,-23.3,-22.9,-17.2
49.63,-12.8,-21.4,-23.7,-22.6,-17.7
49.64,-10.8,-16.6,-17.7,-23.4,-18.1
49.65,-9.4,-14.1,-14.1,-24.6,-19.0
49.66,-8.7,-12.8,-13.2,-25.0,-19.5
49.67,-8.3,-11.9,-12.8,-26.5,-20.7
49.68,-8.3,-11.6,-12.5,-28.0,-20.9
49.69,-9.4,-11.7,-15.0,-28.4,-21.1
49.70,-9.9,-12.2,-16.8,-28.2,-20.5
49.71,-10.4,-12.5,-18.0,-29.5,-20.6
49.72,-10.6,-12.6,-19.2,-28.9,-20.2
49.73,-10.8,-12.9,-20.7,-25.3,-20.1
49.74,-10.8,-12.9,-22.2,-24.7,-20.1
49.75,-10.8,-12.8,-23.1,-23.2,-20.1
49.76,-10.7,-12.7,-21.9,-22.3,-20.4
49.77,-10.8,-12.9,-20.9,-22.2,-20.8
49.78,-11.3,-13.5,-20.7,-22.3,-21.2
49.79,-11.8,-14.5,-20.5,-22.1,-21.5
49.80,-12.5,-15.7,-20.4,-22.6,-21.7
49.81,-13.2,-16.6,-21.0,-22.6,-22.2
49.82,-12.2,-15.6,-21.2,-22.0,-22.0
49.83,-11.4,-13.9,-21.5,-22.3,-22.1
49.84,-10.6,-12.8,-22.7,-21.9,-21.9
49.85,-10.3,-12.2,-23.5,-22.3,-22.0
49.86,-10.3,-12.0,-23.9,-22.9,-21.9
49.87,-10.7,-12.3,-25.2,-22.5,-22.4
49.88,-11.2,-13.0,-25.8,-22.6,-22.9
49.89,-11.4,-13.9,-25.2,-21.9,-22.2
49.90,-10.5,-15.1,-16.5,-21.1,-22.0
49.91,-9.9,-17.0,-13.3,-20.6,-21.3
49.92,-10.1,-19.7,-12.2,-20.8,-21.0
49.93,-9.3,-23.7,-11.0,-20.7,-20.3
49.94,-9.1,-31.0,-10.3,-21.7,-20.6
49.95,-10.4,-37.2,-11.9,-21.1,-20.0
49.96,-11.3,-41.2,-13.1,-21.4,-20.1
49.97,-11.1,-41.9,-13.9,-21.6,-19.1
49.98,-11.8,-41.9,-14.6,-21.5,-18.7
49.99,-12.9,-30.8,-15.7,-22.2,-18.3
50.00,-11.6,-21.7,-15.8,-22.4,-17.9
50.01,-10.2,-16.1,-16.0,-22.7,-17.6
50.02,-10.0,-13.8,-18.0,-22.4,-18.4
50.03,-9.4,-12.5,-19.9,-21.9,-18.5
50.04,-9.5,-11.9,-20.7,-21.8,-19.3
50.05,-9.8,-11.7,-21.0,-21.6,-19.8
50.06,-10.3,-12.1,-21.3,-22.5,-20.2
50.07,-10.9,-12.8,-21.6,-22.8,-20.2
50.08,-11.0,-13.0,-22.0,-23.0,-20.1
50.09,-11.3,-13.5,-22.3,-23.8,-19.8
50.10,-11.4,-13.6,-22.5,-24.6,-20.1
50.11,-11.6,-13.9,-22.5,-26.4,-20.5
50.12,-12.0,-14.6,-22.8,-26.5,-20.5
50.13,-12.7,-15.5,-23.3,-28.2,-20.9
50.14,-12.8,-16.1,-23.6,-27.0,-21.3
50.15,-12.3,-16.0,-21.8,-25.9,-22.0
50.16,-10.1,-15.1,-14.6,-25.2,-22.7
50.17,-9.3,-14.1,-12.9,-25.3,-23.2
50.18,-9.0,-13.4,-12.2,-25.4,-23.9
50.19,-8.4,-13.2,-11.8,-23.4,-22.9
50.20,-8.9,-13.5,-12.2,-23.5,-22.7
50.21,-9.8,-14.0,-13.6,-23.1,-22.5
50.22,-10.4,-14.5,-15.0,-22.5,-22.5
50.23,-10.9,-14.9,-16.2,-22.5,-22.3
50.24,-11.7,-15.4,-17.7,-23.0,-22.3
50.25,-12.2,-15.8,-19.4,-22.8,-21.7
50.26,-13.1,-16.6,-21.6,-22.5,-21.3
50.27,-13.7,-17.9,-21.9,-22.9,-20.5
50.28,-13.4,-18.6,-21.8,-22.3,-19.7
50.29,-13.1,-18.4,-21.6,-21.5,-19.4
50.30,-13.0,-17.9,-21.7,-22.4,-19.1
50.31,-12.6,-17.1,-22.3,-21.7,-19.0
50.32,-12.6,-16.2,-24.7,-21.5,-19.0
50.33,-13.1,-16.1,-26.7,-22.5,-19.4
50.34,-12.4,-16.9,-24.0,-21.6,-19.0
50.35,-12.3,-17.5,-22.6,-22.4,-19.1
50.36,-11.5,-16.2,-20.8,-21.3,-19.2
50.37,-11.0,-14.6,-20.5,-21.4,-19.5
50.38,-10.4,-13.3,-19.8,-21.6,-19.7
50.39,-9.9,-12.2,-20.4,-21.0,-20.4
50.40,-10.0,-11.8,-21.5,-21.6,-20.5
50.41,-10.1,-12.1,-21.8,-22.2,-20.6
50.42,-10.3,-12.8,-22.0,-21.7,-20.4
50.43,-11.0,-13.7,-22.1,-23.5,-20.3
50.44,-11.5,-14.9,-21.7,-23.4,-19.9
50.45,-11.8,-16.5,-21.2,-23.2,-19.8
50.46,-12.3,-18.4,-20.5,-23.6,-19.7
50.47,-12.8,-21.4,-20.3,-23.0,-19.8
50.48,-13.3,-26.1,-20.2,-22.7,-20.0
50.49,-14.0,-32.1,-19.7,-22.9,-20.7
50.50,-13.4,-32.9,-16.8,-23.1,-20.7
50.51,-11.9,-24.7,-13.6,-22.6,-21.5
50.52,-10.2,-17.5,-12.3,-22.9,-22.0
50.53,-9.3,-15.1,-11.8,-21.2,-22.8
50.54,-8.8,-13.8,-11.5,-21.0,-23.4
50.55,-8.6,-12.9,-12.6,-21.1,-23.8
50.56,-9.3,-12.8,-14.5,-20.3,-23.8
50.57,-10.4,-13.4,-16.2,-20.3,-24.0
50.58,-10.5,-13.8,-17.4,-20.4,-23.3
50.59,-11.1,-14.1,-19.4,-20.3,-23.1
50.60,-11.7,-14.6,-20.9,-20.2,-23.0
50.61,-12.4,-15.7,-21.8,-20.1,-22.9
50.62,-12.8,-17.3,-21.1,-20.3,-22.5
50.63,-13.4,-20.1,-19.9,-20.5,-22.4
50.64,-14.4,-24.9,-20.1,-20.5,-22.3
50.65,-14.6,-30.5,-20.2,-21.0,-21.3
50.66,-13.9,-34.2,-18.9,-20.9,-21.3
50.67,-13.1,-33.2,-16.5,-21.7,-21.3
50.68,-12.5,-22.0,-15.7,-22.0,-21.1
50.69,-10.8,-17.6,-15.3,-21.5,-19.9
50.70,-10.0,-15.0,-15.2,-22.2,-19.7
50.71,-9.7,-13.3,-16.8,-21.6,-19.4
50.72,-9.7,-12.4,-19.0,-21.4,-19.1
50.73,-9.9,-12.2,-21.5,-21.4,-19.1
50.74,-10.5,-12.4,-23.5,-21.4,-19.3
50.75,-10.9,-13.1,-25.0,-21.1,-19.2
50.76,-10.9,-13.4,-26.2,-21.2,-19.2
50.77,-11.2,-13.8,-26.8,-21.2,-19.1
50.78,-11.6,-14.4,-28.2,-21.3,-19.4
50.79,-11.8,-15.0,-27.2,-21.1,-19.5
50.80,-12.3,-16.2,-26.2,-21.2,-19.6
50.81,-12.7,-17.7,-25.7,-21.2,-19.6
50.82,-13.1,-18.9,-25.6,-21.2,-19.7
50.83,-13.5,-19.9,-25.8,-21.2,-19.9
50.84,-13.9,-20.2,-26.8,-21.3,-19.8
50.85,-13.3,-19.0,-27.6,-20.8,-20.1
50.86,-12.3,-16.5,-28.8,-20.6,-20.1
50.87,-11.8,-14.8,-29.3,-20.7,-20.8
50.88,-11.4,-13.8,-29.6,-21.1,-21.4
50.89,-11.2,-13.1,-31.6,-21.7,-21.8
50.90,-11.4,-13.0,-32.2,-22.7,-22.5
50.91,-11.9,-13.3,-32.8,-23.2,-23.4
50.92,-11.9,-13.5,-31.5,-24.2,-23.9
50.93,-12.4,-13.8,-31.2,-24.5,-23.4
50.94,-12.1,-14.2,-30.5,-23.0,-23.0
50.95,-12.6,-14.9,-30.7,-22.1,-22.7
50.96,-13.2,-15.9,-30.3,-21.9,-22.2
50.97,-14.0,-17.6,-28.6,-21.4,-22.8
50.98,-14.5,-19.7,-27.9,-21.0,-22.4
50.99,-15.3,-23.1,-27.0,-20.7,-22.4
51.00,-14.4,-25.1,-25.2,-20.3,-21.9
51.01,-12.8,-21.8,-22.4,-20.0,-21.6
51.02,-10.8,-18.7,-15.9,-20.3,-21.3
51.03,-9.4,-16.2,-13.4,-20.6,-21.3
51.04,-8.8,-14.6,-12.6,-21.3,-20.7
51.05,-8.5,-13.5,-12.3,-22.1,-20.3
51.06,-8.5,-13.0,-12.2,-23.0,-19.8
51.07,-9.2,-12.6,-14.4,-22.9,-19.9
51.08,-9.7,-12.4,-16.0,-22.9,-19.8
51.09,-9.9,-12.5,-16.9,-23.1,-20.0
51.10,-10.4,-12.6,-18.2,-23.7,-20.1
51.11,-10.5,-12.7,-20.1,-24.1,-19.8
51.12,-10.9,-13.1,-22.6,-24.3,-19.1
51.13,-11.3,-13.4,-23.5,-25.2,-19.3
51.14,-11.5,-13.7,-22.5,-25.4,-19.5
51.15,-11.8,-14.3,-22.1,-24.7,-19.8
51.16,-12.8,-15.5,-22.1,-24.3,-21.1
51.17,-13.4,-16.7,-22.2,-23.6,-21.3
51.18,-13.7,-17.3,-23.7,-22.5,-22.1
51.19,-13.5,-16.4,-26.3,-22.4,-22.2
51.20,-12.4,-14.7,-27.5,-22.3,-22.1
51.21,-11.6,-13.5,-26.9,-23.4,-20.3
51.22,-11.0,-12.7,-25.9,-24.4,-19.9
51.23,-10.9,-12.5,-25.5,-25.0,-19.2
51.24,-11.0,-12.7,-25.8,-25.9,-18.8
51.25,-11.0,-13.0,-25.9,-24.8,-18.6
51.26,-11.5,-13.4,-25.7,-24.9,-19.4
51.27,-11.5,-13.8,-25.1,-25.2,-18.6
51.28,-10.4,-14.2,-16.3,-26.6,-19.2
51.29,-9.7,-14.7,-13.2,-26.6,-18.8
51.30,-9.6,-15.7,-12.2,-26.9,-19.2
51.31,-8.8,-16.6,-10.9,-26.3,-18.7
51.32,-8.7,-17.1,-10.3,-26.3,-19.4
51.33,-9.7,-17.5,-11.8,-27.0,-18.5
51.34,-10.4,-17.2,-13.1,-28.2,-18.8
51.35,-10.3,-16.8,-13.8,-30.3,-18.1
51.36,-10.6,-15.5,-14.8,-30.7,-18.8
51.37,-10.3,-14.2,-16.5,-27.7,-18.6
51.38,-9.6,-13.6,-16.7,-25.4,-18.7
51.39,-9.2,-12.9,-16.8,-24.3,-18.6
51.40,-9.6,-12.4,-19.3,-24.1,-18.8
51.41,-9.8,-12.6,-20.1,-24.0,-18.0
51.42,-10.0,-12.7,-20.4,-24.2,-17.8
51.43,-10.4,-13.1,-20.7,-24.9,-18.0
51.44,-10.9,-13.8,-21.3,-25.6,-18.0
51.45,-11.3,-15.0,-20.8,-25.6,-17.7
51.46,-12.0,-16.9,-21.7,-25.3,-17.9
51.47,-12.3,-19.2,-20.6,-25.7,-17.7
51.48,-13.0,-22.3,-20.6,-26.8,-17.5
51.49,-13.1,-26.5,-20.0,-27.1,-17.5
51.50,-14.0,-31.3,-19.9,-28.5,-17.6
51.51,-14.2,-35.6,-19.8,-29.2,-17.7
51.52,-14.7,-37.0,-20.4,-29.9,-18.4
51.53,-13.8,-33.1,-18.1,-28.8,-18.7
51.54,-11.4,-23.4,-13.7,-27.9,-19.3
51.55,-10.2,-18.0,-12.6,-26.7,-19.9
51.56,-9.3,-14.7,-12.0,-26.2,-20.6
51.57,-8.6,-13.1,-11.7,-25.6,-20.6
51.58,-8.5,-12.1,-12.4,-25.5,-20.9
51.59,-8.9,-11.8,-14.1,-25.8,-20.9
51.60,-9.5,-11.9,-15.5,-26.9,-20.8
51.61,-10.1,-12.5,-16.9,-27.8,-20.6
51.62,-10.5,-12.9,-18.4,-27.2,-21.0
51.63,-10.9,-13.2,-20.1,-26.6,-21.1
51.64,-11.6,-13.6,-22.3,-26.1,-21.1
51.65,-11.7,-13.9,-22.0,-24.8,-21.4
51.66,-12.1,-14.4,-22.7,-23.6,-21.0
51.67,-12.1,-15.1,-22.4,-23.4,-21.0
51.68,-12.7,-16.3,-22.3,-23.6,-20.6
51.69,-13.7,-17.8,-23.7,-23.7,-20.8
51.70,-14.5,-19.7,-24.9,-23.8,-20.5
51.71,-15.4,-20.6,-27.1,-24.6,-20.5
51.72,-14.0,-18.5,-27.0,-24.2,-19.8
51.73,-12.7,-16.1,-26.2,-23.6,-19.8
51.74,-11.3,-14.2,-23.8,-23.1,-19.0
51.75,-10.5,-12.9,-23.3,-22.6,-19.0
51.76,-9.9,-12.3,-20.8,-22.5,-19.0
51.77,-9.9,-12.1,-20.2,-22.3,-19.2
51.78,-9.7,-12.1,-19.7,-22.3,-19.4
51.79,-9.9,-12.2,-18.9,-22.6,-19.8
51.80,-10.4,-12.5,-19.0,-23.5,-19.8
51.81,-10.5,-12.6,-19.2,-24.1,-19.7
51.82,-10.6,-12.8,-18.8,-25.7,-19.6
51.83,-10.9,-12.9,-18.8,-28.1,-19.9
51.84,-10.7,-12.9,-18.7,-30.6,-20.5
51.85,-11.1,-13.0,-18.8,-32.7,-21.3
51.86,-10.8,-12.9,-18.4,-36.0,-22.1
51.87,-11.2,-13.2,-18.5,-37.8,-22.9
51.88,-10.8,-13.3,-16.7,-33.0,-22.7
51.89,-9.7,-13.2,-13.7,-28.8,-22.9
51.90,-8.9,-13.3,-12.3,-26.2,-23.0
51.91,-9.0,-13.3,-12.1,-24.1,-23.0
51.92,-8.8,-13.6,-11.7,-23.6,-22.8
51.93,-9.4,-14.3,-12.5,-22.9,-23.4
51.94,-10.5,-15.0,-14.4,-22.5,-22.5
51.95,-11.5,-15.7,-15.9,-22.4,-22.6
51.96,-11.2,-16.4,-16.3,-21.8,-21.8
51.97,-10.2,-16.2,-14.7,-21.5,-22.0
51.98,-9.8,-16.1,-13.3,-21.4,-22.2
51.99,-9.2,-14.5,-12.9,-21.3,-22.2
52.00,-8.2,-13.7,-11.3,-21.5,-22.6
52.01,-7.8,-13.0,-10.8,-22.1,-22.4
52.02,-8.3,-12.5,-12.0,-22.9,-21.7
52.03,-8.5,-12.3,-12.8,-23.4,-21.4
52.04,-8.7,-12.7,-13.4,-24.9,-21.0
52.05,-8.7,-13.0,-14.0,-25.3,-20.3
52.06,-9.3,-13.0,-15.5,-25.4,-19.7
52.07,-9.2,-13.2,-15.3,-26.0,-19.1
52.08,-9.3,-13.3,-15.6,-26.1,-18.8
52.09,-9.8,-13.4,-17.3,-25.5,-17.9
52.10,-10.3,-13.5,-18.2,-26.0,-17.7
52.11,-10.5,-13.6,-19.1,-25.6,-17.4
52.12,-10.6,-14.0,-19.1,-24.7,-17.2
52.13,-10.9,-13.9,-19.9,-24.7,-17.4
52.14,-10.9,-14.4,-21.2,-23.8,-17.2
52.15,-11.1,-15.2,-21.4,-23.6,-17.0
52.16,-11.5,-16.4,-21.2,-23.1,-17.0
52.17,-12.0,-18.4,-21.3,-22.7,-16.9
52.18,-12.3,-21.6,-21.6,-22.3,-16.6
52.19,-13.2,-24.9,-22.4,-22.3,-17.2
52.20,-13.3,-28.4,-22.1,-22.2,-17.4
52.21,-13.5,-33.0,-22.2,-22.2,-17.1
52.22,-13.8,-36.1,-21.7,-22.6,-17.9
52.23,-14.0,-37.8,-21.7,-23.1,-18.2
52.24,-14.1,-38.5,-21.5,-24.2,-18.0
52.25,-14.8,-39.5,-22.3,-25.3,-18.5
52.26,-15.1,-40.4,-24.4,-27.4,-18.1
52.27,-15.5,-41.1,-25.7,-29.1,-17.8
52.28,-15.4,-41.1,-25.0,-32.3,-17.4
52.29,-14.5,-42.1,-22.0,-34.3,-16.9
52.30,-14.3,-43.3,-20.0,-34.8,-17.4
52.31,-12.8,-44.4,-17.9,-30.0,-17.5
52.32,-12.0,-45.2,-16.6,-28.1,-18.2
52.33,-11.6,-44.9,-16.1,-26.5,-18.5
52.34,-11.4,-43.3,-16.0,-25.7,-18.8
52.35,-11.4,-40.8,-15.8,-25.6,-19.0
52.36,-11.8,-35.3,-16.2,-25.9,-19.2
52.37,-12.1,-29.1,-16.5,-26.7,-19.5
52.38,-11.9,-23.4,-16.8,-27.0,-19.8
52.39,-11.7,-20.2,-16.2,-27.5,-21.0
52.40,-10.2,-18.8,-12.7,-27.3,-21.4
52.41,-9.3,-17.4,-11.6,-28.1,-21.7
52.42,-9.3,-16.3,-11.2,-25.4,-22.7
52.43,-9.0,-15.8,-11.0,-24.8,-23.2
52.44,-9.1,-15.1,-11.5,-22.4,-21.9
52.45,-9.8,-14.5,-13.6,-21.8,-21.6
52.46,-10.3,-14.8,-15.1,-21.1,-20.8
52.47,-10.6,-15.7,-16.0,-21.2,-20.2
52.48,-11.4,-17.0,-17.4,-21.1,-19.5
52.49,-11.9,-19.7,-18.6,-20.9,-19.1
52.50,-13.0,-24.8,-20.4,-21.5,-18.9
52.51,-12.9,-29.0,-22.0,-21.2,-18.3
52.52,-13.2,-32.1,-21.2,-22.0,-18.5
52.53,-13.4,-40.9,-21.4,-21.6,-18.4
52.54,-14.4,-40.8,-21.9,-23.1,-19.1
52.55,-14.1,-35.5,-21.9,-23.1,-18.9
52.56,-13.9,-22.9,-22.7,-23.8,-19.4
52.57,-11.9,-17.9,-18.5,-24.0,-18.5
52.58,-9.9,-15.4,-14.0,-24.5,-18.6
52.59,-9.0,-14.0,-12.7,-24.4,-17.7
52.60,-8.0,-13.1,-12.0,-23.6,-17.0
52.61,-8.1,-12.9,-11.5,-23.9,-17.0
52.62,-8.3,-13.1,-13.0,-23.5,-17.0
52.63,-9.6,-13.7,-14.7,-23.6,-16.8
52.64,-9.8,-14.3,-15.8,-23.4,-17.0
52.65,-10.8,-15.6,-17.8,-23.6,-16.9
52.66,-11.4,-17.5,-19.7,-23.5,-16.7
52.67,-12.0,-19.8,-21.0,-24.1,-16.6
52.68,-12.5,-21.8,-22.0,-24.7,-16.5
52.69,-13.4,-22.8,-22.4,-25.7,-16.8
52.70,-13.3,-22.3,-21.4,-25.5,-17.1
52.71,-13.3,-22.2,-21.0,-25.0,-17.3
52.72,-13.6,-22.9,-21.8,-24.2,-17.7
52.73,-13.5,-22.8,-20.6,-23.5,-17.9
52.74,-12.9,-21.8,-16.8,-23.9,-18.4
52.75,-11.6,-19.0,-16.1,-24.7,-19.2
52.76,-10.5,-16.1,-15.6,-25.8,-19.0
52.77,-9.6,-14.3,-15.4,-26.6,-18.6
52.78,-9.6,-13.2,-16.7,-27.0,-18.5
52.79,-9.3,-12.6,-19.0,-27.5,-18.4
52.80,-9.8,-12.5,-20.8,-27.3,-18.1
52.81,-10.0,-12.8,-21.3,-27.7,-18.1
52.82,-10.4,-13.0,-21.5,-28.3,-18.5
52.83,-10.1,-13.1,-20.8,-28.6,-18.0
52.84,-10.5,-13.2,-20.2,-29.9,-18.3
52.85,-10.2,-13.2,-19.4,-29.4,-18.4
52.86,-10.5,-13.4,-19.3,-29.1,-18.5
52.87,-10.7,-13.8,-19.1,-29.4,-18.3
52.88,-11.1,-14.2,-19.2,-28.6,-18.6
52.89,-10.7,-14.2,-19.6,-27.9,-18.6
52.90,-11.1,-14.4,-20.5,-27.8,-18.7
52.91,-11.5,-14.4,-21.9,-28.0,-19.1
52.92,-11.2,-14.2,-24.0,-27.0,-19.0
52.93,-11.1,-13.6,-24.7,-27.0,-19.7
52.94,-10.3,-13.1,-25.2,-26.3,-18.8
52.95,-9.8,-12.6,-24.0,-26.0,-18.6
52.96,-9.2,-12.0,-23.0,-25.2,-18.2
52.97,-9.1,-11.8,-22.8,-25.6,-17.8
52.98,-9.2,-12.0,-23.4,-25.4,-17.5
52.99,-9.7,-12.7,-24.3,-25.5,-17.4
53.00,-10.6,-13.9,-24.9,-26.1,-17.4
53.01,-11.3,-15.5,-25.5,-25.6,-17.1
53.02,-12.7,-18.1,-25.6,-26.6,-17.6
53.03,-13.7,-24.7,-25.8,-25.7,-17.3
53.04,-14.9,-32.6,-25.6,-26.7,-17.7
53.05,-14.9,-34.6,-26.5,-25.9,-17.7
53.06,-15.6,-33.1,-27.5,-26.5,-18.2
53.07,-13.7,-21.2,-27.0,-25.7,-18.0
53.08,-11.8,-16.4,-23.9,-26.2,-18.6
53.09,-9.7,-14.9,-15.6,-26.5,-19.0
53.10,-9.0,-13.6,-13.3,-27.2,-19.4
53.11,-8.2,-12.5,-12.6,-28.4,-19.9
53.12,-8.3,-12.7,-12.1,-28.1,-19.6
53.13,-8.6,-12.9,-12.1,-28.3,-19.6
53.14,-9.7,-12.8,-14.2,-28.4,-19.8
53.15,-10.1,-12.8,-15.7,-27.8,-19.8
53.16,-10.5,-13.1,-16.6,-28.0,-19.7
53.17,-10.9,-13.2,-18.3,-27.9,-19.8
53.18,-11.2,-13.1,-20.5,-28.6,-19.6
53.19,-10.9,-12.9,-22.1,-27.9,-19.2
53.20,-10.9,-12.4,-22.9,-28.3,-19.6
53.21,-10.6,-12.1,-22.1,-28.2,-19.9
53.22,-10.4,-11.7,-21.3,-28.8,-20.4
53.23,-10.1,-11.7,-20.4,-28.7,-20.4
53.24,-10.4,-11.7,-20.9,-29.4,-20.1
53.25,-10.2,-12.1,-20.1,-29.0,-19.3
53.26,-9.9,-12.6,-16.2,-30.4,-19.0
53.27,-9.3,-13.1,-13.5,-31.1,-17.9
53.28,-9.1,-13.6,-12.7,-31.5,-17.0
53.29,-9.0,-13.8,-12.3,-32.1,-16.9
53.30,-8.7,-13.9,-12.1,-32.1,-16.6
53.31,-9.7,-13.9,-14.4,-31.1,-16.6
53.32,-10.1,-13.6,-16.2,-30.2,-16.6
53.33,-10.3,-13.6,-17.4,-30.5,-17.3
53.34,-10.6,-13.7,-18.9,-30.3,-17.0
53.35,-10.9,-13.7,-20.8,-29.6,-16.7
53.36,-10.8,-13.7,-22.2,-29.4,-16.5
53.37,-11.0,-13.8,-22.7,-29.7,-16.7
53.38,-11.2,-13.9,-22.7,-29.6,-16.9
53.39,-11.4,-13.9,-23.4,-30.1,-17.8
53.40,-11.5,-14.1,-23.9,-30.0,-18.0
53.41,-11.5,-14.2,-24.3,-29.7,-17.7
53.42,-10.8,-13.8,-20.7,-30.6,-18.2
53.43,-10.3,-13.2,-17.1,-32.1,-19.4
53.44,-9.8,-12.7,-15.9,-32.0,-19.7
53.45,-9.2,-12.2,-15.2,-32.9,-20.0
53.46,-9.0,-12.1,-14.8,-33.7,-20.4
53.47,-9.5,-12.1,-16.4,-33.6,-19.6
53.48,-9.7,-12.4,-18.6,-34.5,-18.8
53.49,-10.0,-12.5,-20.1,-35.2,-18.1
53.50,-10.2,-12.7,-21.7,-36.2,-17.6
53.51,-10.5,-13.5,-23.2,-35.6,-17.4
53.52,-11.2,-14.8,-23.6,-35.9,-17.3
53.53,-12.2,-16.6,-25.6,-35.4,-17.3
53.54,-12.4,-19.5,-24.5,-33.3,-17.0
53.55,-13.2,-27.0,-24.8,-30.9,-16.7
53.56,-13.1,-31.0,-24.0,-30.8,-16.7
53.57,-12.5,-34.9,-23.4,-29.9,-16.3
53.58,-12.8,-37.3,-23.7,-30.3,-16.6
53.59,-12.9,-26.1,-23.3,-31.5,-17.1
53.60,-11.6,-18.1,-23.3,-31.4,-17.1
53.61,-11.0,-14.6,-24.4,-32.4,-17.9
53.62,-10.4,-13.2,-24.7,-32.9,-18.1
53.63,-10.1,-12.3,-26.2,-33.0,-17.9
53.64,-9.7,-12.0,-26.6,-33.1,-17.5
53.65,-10.4,-12.6,-27.4,-34.1,-17.1
53.66,-11.2,-13.7,-29.1,-34.6,-17.3
53.67,-11.7,-14.4,-29.8,-34.3,-17.1
53.68,-11.9,-15.2,-30.1,-34.2,-17.4
53.69,-12.6,-15.9,-32.1,-34.0,-17.6
53.70,-13.0,-16.5,-33.8,-34.2,-18.2
53.71,-12.9,-17.5,-34.0,-33.9,-17.2
53.72,-13.3,-19.0,-34.9,-34.4,-17.2
53.73,-13.8,-21.0,-36.2,-34.5,-16.9
53.74,-14.0,-23.7,-36.0,-34.8,-16.6
53.75,-14.4,-25.2,-34.5,-34.8,-16.7
53.76,-14.6,-24.3,-31.8,-35.1,-17.4
53.77,-13.5,-22.2,-23.9,-35.4,-17.8
53.78,-10.7,-18.3,-14.7,-35.3,-18.6
53.79,-9.5,-15.5,-12.9,-35.3,-19.2
53.80,-8.5,-13.8,-12.3,-34.3,-18.3
53.81,-7.9,-12.6,-11.8,-34.2,-17.6
53.82,-7.9,-12.0,-12.2,-34.1,-17.0
53.83,-8.4,-12.1,-13.9,-34.9,-16.6
53.84,-9.4,-13.1,-15.3,-35.1,-16.4
53.85,-10.5,-14.7,-16.4,-37.4,-17.2
53.86,-11.9,-17.2,-17.7,-37.9,-17.0
53.87,-13.2,-20.1,-19.5,-39.2,-16.7
53.88,-14.3,-28.7,-21.3,-39.5,-16.5
53.89,-14.5,-32.8,-21.7,-40.3,-16.5
53.90,-14.2,-35.9,-21.4,-40.5,-16.4
53.91,-14.2,-32.9,-21.7,-41.2,-16.5
53.92,-14.6,-31.0,-21.7,-41.7,-16.9
53.93,-13.9,-21.6,-22.2,-42.4,-17.3
53.94,-12.4,-17.1,-22.3,-42.2,-17.2
53.95,-11.4,-14.7,-22.1,-43.2,-17.8
53.96,-10.4,-13.5,-20.1,-43.6,-18.3
53.97,-9.3,-12.8,-17.7,-43.0,-18.1
53.98,-9.3,-12.9,-16.6,-43.6,-18.7
53.99,-10.0,-13.6,-16.2,-44.9,-18.7
54.00,-10.3,-14.4,-15.8,-45.2,-18.5
54.01,-11.0,-14.7,-16.6,-47.0,-18.9
54.02,-11.1,-15.0,-16.4,-49.6,-18.7
54.03,-11.4,-15.1,-17.2,-49.4,-18.7
54.04,-11.1,-15.0,-16.7,-50.0,-18.2
54.05,-10.8,-14.9,-17.1,-50.5,-18.3
54.06,-10.8,-15.2,-16.7,-50.9,-17.9
54.07,-11.2,-15.5,-17.1,-51.7,-18.0
54.08,-11.5,-15.7,-17.1,-52.6,-18.6
54.09,-11.8,-15.6,-17.8,-53.8,-18.9
54.10,-12.0,-15.0,-18.6,-55.9,-19.9
54.11,-11.5,-14.0,-19.8,-57.3,-20.3
54.12,-11.0,-13.5,-19.2,-58.5,-20.0
54.13,-9.7,-13.2,-14.0,-59.9,-20.4
54.14,-8.9,-13.2,-12.6,-61.0,-19.4
54.15,-8.7,-13.5,-12.1,-60.3,-17.9
54.16,-8.5,-13.7,-11.5,-60.2,-17.5
54.17,-8.4,-13.8,-11.9,-60.3,-17.1
54.18,-9.8,-14.1,-14.3,-60.4,-16.6
54.19,-9.6,-14.5,-15.0,-60.6,-15.9
54.20,-10.5,-15.7,-16.5,-60.0,-15.8
54.21,-11.4,-17.5,-18.7,-59.5,-15.7
54.22,-13.0,-20.2,-20.2,-58.9,-15.6
54.23,-13.0,-25.5,-20.3,-58.9,-15.2
54.24,-13.9,-35.8,-20.6,-58.2,-15.3
54.25,-13.6,-40.6,-19.9,-59.1,-15.5
54.26,-13.6,-37.0,-19.1,-58.9,-15.5
54.27,-13.7,-32.1,-19.1,-58.9,-15.7
54.28,-13.0,-26.8,-18.6,-59.5,-15.8
54.29,-12.5,-25.3,-16.4,-60.0,-16.5
54.30,-12.3,-23.3,-15.8,-57.5,-17.2
54.31,-11.0,-19.3,-15.6,-51.2,-17.0
54.32,-10.0,-15.7,-15.4,-51.1,-17.3
54.33,-10.0,-14.1,-17.0,-51.0,-17.7
54.34,-9.9,-13.1,-17.9,-51.2,-17.4
54.35,-9.7,-12.4,-19.4,-51.7,-17.2
54.36,-10.1,-12.2,-20.1,-61.5,-17.3
54.37,-10.3,-12.7,-20.0,-62.3,-17.3
54.38,-10.3,-12.8,-19.9,-63.2,-17.2
54.39,-10.2,-12.6,-19.6,-64.0,-17.4
54.40,-10.0,-12.9,-19.3,-64.8,-17.1
54.41,-10.1,-13.1,-20.0,-65.2,-17.3
54.42,-10.2,-13.1,-20.6,-65.4,-16.9
54.43,-10.4,-13.5,-21.0,-66.0,-16.8
54.44,-10.4,-14.0,-21.3,-65.3,-16.7
54.45,-10.6,-14.2,-21.5,-65.2,-16.7
54.46,-11.0,-14.7,-20.9,-65.0,-17.3
54.47,-11.2,-15.5,-20.8,-65.3,-17.3
54.48,-12.0,-16.7,-21.3,-65.4,-17.9
54.49,-13.0,-18.1,-21.5,-66.4,-19.0
54.50,-14.7,-21.0,-21.4,-66.5,-20.2
54.51,-16.1,-24.7,-21.2,-66.6,-21.7
54.52,-15.9,-27.3,-21.2,-66.9,-21.1
54.53,-16.5,-30.9,-21.1,-67.3,-21.4
54.54,-17.6,-38.4,-21.9,-67.6,-21.9
54.55,-18.1,-39.9,-22.9,-67.6,-22.2
54.56,-18.5,-40.8,-23.3,-67.9,-22.5
54.57,-18.7,-42.5,-23.5,-68.0,-22.6
54.58,-18.8,-43.3,-23.6,-68.2,-22.9
54.59,-19.5,-44.0,-23.5,-67.9,-23.7
54.60,-19.7,-44.2,-23.7,-67.9,-23.9
54.61,-20.5,-42.6,-24.5,-68.0,-24.3
54.62,-20.8,-29.2,-25.1,-67.9,-24.9
54.63,-15.8,-18.3,-25.7,-67.3,-23.4
54.64,-13.5,-15.4,-26.5,-66.2,-21.9
54.65,-11.7,-13.5,-27.3,-65.5,-19.8
54.66,-10.6,-12.3,-28.4,-65.0,-18.4
54.67,-10.0,-11.9,-30.1,-64.6,-16.8
54.68,-10.0,-12.2,-30.5,-64.2,-15.8
54.69,-9.8,-12.5,-29.9,-64.4,-15.2
54.70,-9.9,-12.9,-29.6,-64.4,-14.7
54.71,-10.1,-13.2,-29.4,-64.3,-14.5
54.72,-10.5,-13.2,-29.3,-64.5,-14.8
54.73,-10.3,-13.0,-29.5,-64.5,-14.8
54.74,-10.3,-13.1,-29.5,-64.6,-14.6
54.75,-10.3,-13.2,-28.9,-64.8,-14.6
54.76,-10.0,-13.2,-28.7,-64.8,-14.6
54.77,-10.0,-13.3,-28.5,-64.9,-14.6
54.78,-10.4,-13.7,-28.0,-65.1,-14.7
54.79,-10.7,-13.9,-28.4,-65.5,-15.2
54.80,-10.9,-14.2,-28.6,-65.5,-15.2
54.81,-10.9,-14.4,-28.6,-65.0,-14.8
54.82,-10.9,-14.5,-29.2,-65.0,-14.8
54.83,-10.9,-14.4,-30.0,-64.4,-14.8
54.84,-11.0,-14.6,-30.2,-63.9,-14.8
54.85,-11.2,-14.7,-30.5,-63.7,-15.0
54.86,-11.2,-14.7,-30.3,-63.6,-14.9
54.87,-11.1,-14.6,-30.0,-63.6,-14.8
54.88,-10.9,-14.2,-30.0,-64.2,-14.7
54.89,-10.7,-13.7,-29.9,-64.7,-14.8
54.90,-10.6,-13.3,-30.1,-64.3,-15.0
54.91,-10.4,-13.1,-30.5,-64.3,-15.0
54.92,-10.4,-13.0,-31.1,-63.6,-15.3
54.93,-10.4,-13.0,-31.1,-62.6,-15.5
54.94,-10.5,-13.0,-31.2,-61.8,-16.1
54.95,-10.6,-12.9,-31.2,-61.0,-16.4
54.96,-10.9,-13.0,-31.4,-60.8,-17.0
54.97,-11.1,-13.2,-31.4,-60.2,-17.2
54.98,-11.5,-13.4,-31.9,-55.1,-17.7
54.99,-11.7,-13.6,-32.6,-51.3,-18.0
55.00,-11.8,-13.8,-33.1,-51.4,-18.0
55.01,-11.8,-14.1,-33.4,-51.4,-18.3
55.02,-12.1,-14.8,-33.4,-53.0,-17.9
55.03,-12.5,-15.5,-33.0,-53.3,-18.3
55.04,-12.2,-16.1,-32.3,-62.1,-17.4
55.05,-12.4,-16.3,-32.3,-62.3,-17.6
55.06,-11.8,-15.2,-32.1,-61.9,-16.7
55.07,-11.2,-13.8,-32.4,-62.1,-16.7
55.08,-10.4,-12.7,-32.1,-61.8,-16.0
55.09,-10.1,-11.9,-32.6,-61.6,-16.4
55.10,-9.7,-11.4,-32.6,-60.9,-16.1
55.11,-9.3,-10.8,-33.1,-60.5,-16.8
55.12,-9.2,-10.5,-33.9,-60.3,-17.0
55.13,-9.2,-10.1,-34.7,-60.1,-17.6
55.14,-9.0,-9.9,-34.7,-60.9,-17.6
55.15,-9.2,-10.1,-22.9,-59.8,-18.3
55.16,-8.5,-10.7,-15.2,-60.0,-18.7
55.17,-7.8,-11.2,-12.5,-60.2,-19.3
55.18,-8.0,-11.8,-11.7,-61.1,-18.8
55.19,-7.8,-12.0,-11.0,-62.4,-18.3
55.20,-7.5,-11.7,-10.9,-65.3,-17.8
55.21,-8.1,-11.7,-12.5,-65.5,-17.2
55.22,-8.6,-11.8,-13.6,-66.4,-17.3
55.23,-9.0,-12.2,-14.5,-66.9,-16.8
55.24,-9.7,-12.7,-16.2,-66.8,-17.0
55.25,-10.4,-13.3,-18.1,-67.1,-16.8
55.26,-11.1,-13.4,-20.0,-67.1,-16.7
55.27,-10.8,-13.0,-19.7,-66.6,-17.3
55.28,-10.2,-12.5,-18.6,-66.9,-17.0
55.29,-9.8,-12.2,-17.9,-67.5,-16.8
55.30,-9.5,-11.7,-17.3,-67.2,-16.7
55.31,-9.5,-11.4,-17.4,-67.3,-16.7
55.32,-9.6,-11.5,-18.4,-68.0,-16.5
55.33,-9.9,-11.9,-19.5,-67.8,-16.8
55.34,-10.5,-12.4,-20.6,-67.7,-16.4
55.35,-11.1,-13.3,-22.5,-68.2,-16.6
55.36,-11.4,-14.4,-21.9,-68.0,-16.3
55.37,-11.9,-15.7,-21.5,-68.3,-16.4
55.38,-12.4,-16.4,-21.5,-68.6,-16.5
55.39,-12.6,-16.6,-21.4,-68.0,-16.8
55.40,-12.2,-16.6,-21.8,-67.5,-16.7
55.41,-12.7,-16.5,-23.4,-67.6,-17.0
55.42,-12.7,-16.4,-23.8,-67.1,-17.0
55.43,-12.7,-16.7,-24.2,-66.7,-17.2
55.44,-13.3,-17.5,-24.4,-67.4,-17.3
55.45,-14.0,-18.5,-24.1,-68.4,-17.5
55.46,-14.3,-19.9,-24.1,-69.2,-17.5
55.47,-14.7,-22.2,-24.2,-69.0,-17.2
55.48,-15.2,-24.1,-24.7,-69.0,-17.3
55.49,-15.4,-26.3,-25.2,-68.4,-17.2
55.50,-15.8,-29.1,-25.5,-67.9,-17.5
55.51,-16.3,-31.1,-25.5,-68.4,-18.1
55.52,-17.1,-33.2,-25.2,-68.6,-19.0
55.53,-18.1,-33.7,-25.0,-69.0,-20.0
55.54,-18.7,-31.6,-24.8,-69.6,-21.0
55.55,-18.6,-29.0,-24.6,-70.5,-21.3
55.56,-18.1,-27.2,-24.9,-71.2,-21.1
55.57,-18.1,-25.2,-25.2,-71.2,-21.6
55.58,-17.7,-23.8,-24.6,-71.4,-21.5
55.59,-17.9,-23.5,-24.6,-70.8,-21.7
55.60,-17.7,-23.1,-24.5,-70.8,-21.9
55.61,-18.0,-23.2,-24.5,-70.8,-22.2
55.62,-18.2,-23.6,-24.8,-70.7,-22.6
55.63,-18.6,-24.0,-25.0,-71.0,-23.3
55.64,-18.9,-24.6,-25.2,-71.3,-23.2
55.65,-19.5,-25.8,-25.3,-71.7,-23.5
55.66,-20.1,-27.4,-25.9,-71.6,-23.7
55.67,-20.8,-29.3,-26.4,-71.5,-24.0
55.68,-21.8,-32.1,-27.4,-71.4,-24.2
55.69,-22.3,-35.4,-27.9,-71.1,-24.5
55.70,-22.4,-38.6,-28.1,-71.1,-24.6
55.71,-22.0,-33.2,-28.1,-71.4,-24.4
55.72,-21.8,-30.1,-28.0,-71.5,-24.8
55.73,-21.8,-28.3,-28.2,-71.8,-25.4
55.74,-21.4,-25.1,-28.6,-71.7,-26.1
55.75,-20.2,-22.4,-29.1,-71.9,-26.6
55.76,-19.2,-20.8,-29.7,-71.6,-27.0
55.77,-18.9,-20.3,-29.9,-71.3,-27.3
55.78,-17.3,-18.1,-30.3,-71.0,-27.8
55.79,-15.3,-15.8,-30.5,-70.7,-28.1
55.80,-15.7,-16.3,-30.8,-70.3,-28.3
55.81,-15.9,-16.4,-31.1,-70.0,-28.5
55.82,-15.4,-16.0,-31.4,-69.4,-28.4
55.83,-16.1,-16.7,-31.2,-68.7,-28.9
55.84,-14.1,-16.7,-19.9,-66.2,-28.9
55.85,-10.4,-15.2,-12.8,-65.9,-26.8
55.86,-9.0,-14.3,-11.3,-65.6,-23.3
55.87,-8.0,-13.6,-10.6,-65.0,-19.1
55.88,-7.5,-13.2,-10.2,-65.7,-17.6
55.89,-7.8,-13.2,-10.6,-66.2,-16.4
55.90,-8.2,-13.3,-12.2,-65.9,-15.1
55.91,-8.6,-13.4,-13.6,-65.9,-14.3
55.92,-9.1,-13.7,-14.8,-65.8,-14.6
55.93,-9.3,-13.9,-16.8,-65.3,-13.5
55.94,-9.3,-13.7,-19.2,-65.2,-13.4
55.95,-9.4,-13.5,-21.5,-65.2,-13.5
55.96,-9.6,-13.4,-22.2,-66.0,-13.0
55.97,-9.8,-13.5,-22.0,-65.8,-13.1
55.98,-10.2,-14.3,-22.4,-66.2,-13.3
55.99,-10.3,-15.7,-22.0,-65.9,-13.1
56.00,-10.7,-17.6,-22.1,-65.5,-13.3
56.01,-11.4,-20.6,-22.7,-64.5,-13.1
56.02,-11.6,-22.2,-23.1,-64.4,-13.4
56.03,-12.1,-21.3,-22.7,-64.4,-14.0
56.04,-11.3,-18.1,-22.5,-65.0,-13.6
56.05,-10.3,-14.6,-21.6,-64.4,-14.0
56.06,-9.8,-12.8,-21.4,-65.6,-14.4
56.07,-9.3,-11.7,-21.3,-66.1,-14.5
56.08,-9.1,-11.0,-21.3,-66.5,-14.6
56.09,-8.7,-10.7,-22.0,-67.5,-14.5
56.10,-9.1,-11.0,-23.2,-68.3,-14.8
56.11,-9.4,-11.4,-23.6,-67.9,-14.8
56.12,-9.5,-11.6,-23.8,-67.4,-14.4
56.13,-9.8,-12.2,-23.8,-65.8,-14.8
56.14,-10.4,-13.4,-23.3,-65.3,-14.9
56.15,-11.0,-14.6,-23.0,-65.1,-14.1
56.16,-11.2,-16.0,-23.1,-64.9,-14.2
56.17,-12.2,-17.5,-23.7,-65.3,-14.4
56.18,-12.2,-17.1,-24.6,-67.0,-14.5
56.19,-11.7,-15.5,-25.3,-67.2,-14.9
56.20,-11.1,-13.7,-26.1,-67.8,-15.3
56.21,-10.8,-12.5,-26.5,-68.0,-16.6
56.22,-10.3,-11.3,-27.0,-67.9,-17.9
56.23,-9.6,-10.4,-26.9,-67.4,-18.9
56.24,-9.7,-10.2,-26.3,-67.8,-20.7
56.25,-10.0,-10.4,-26.9,-68.4,-21.8
56.26,-10.2,-10.5,-27.6,-68.7,-22.8
56.27,-10.7,-11.2,-27.2,-69.4,-23.4
56.28,-11.1,-11.6,-27.1,-70.4,-23.2
56.29,-11.2,-11.8,-26.3,-70.5,-24.0
56.30,-11.3,-11.8,-25.9,-70.6,-24.2
56.31,-11.3,-11.9,-25.8,-70.5,-24.0
56.32,-11.3,-11.9,-25.8,-70.9,-23.7
56.33,-11.5,-12.0,-26.2,-70.8,-23.6
56.34,-11.5,-12.1,-26.6,-71.2,-23.9
56.35,-11.8,-12.3,-26.7,-71.1,-23.6
56.36,-12.0,-12.5,-27.3,-70.8,-23.0
56.37,-11.9,-12.3,-28.2,-70.6,-23.5
56.38,-11.3,-11.8,-28.5,-70.3,-23.6
56.39,-10.8,-11.1,-28.8,-69.9,-23.5
56.40,-10.2,-10.6,-29.1,-70.0,-24.3
56.41,-10.3,-10.5,-29.2,-69.8,-24.2
56.42,-10.6,-10.9,-29.0,-70.2,-24.4
56.43,-11.4,-11.8,-29.1,-70.3,-24.5
56.44,-12.7,-13.1,-29.0,-70.4,-24.1
56.45,-14.1,-14.7,-29.3,-70.3,-24.8
56.46,-15.6,-16.3,-29.8,-70.5,-24.9
56.47,-16.6,-17.8,-30.5,-70.1,-24.5
56.48,-17.2,-18.4,-31.1,-69.9,-25.2
56.49,-17.5,-18.7,-31.6,-69.8,-25.4
56.50,-16.6,-17.3,-32.2,-69.6,-25.4
56.51,-14.3,-14.9,-32.9,-69.3,-25.7
56.52,-12.7,-13.1,-32.9,-68.3,-25.8
56.53,-11.2,-11.9,-24.3,-65.5,-26.4
56.54,-9.1,-11.0,-15.0,-64.4,-26.6
56.55,-8.3,-11.1,-12.6,-64.1,-23.0
56.56,-8.0,-11.6,-11.8,-63.8,-18.1
56.57,-7.8,-12.3,-11.1,-64.0,-17.4
56.58,-7.8,-13.3,-11.0,-65.5,-15.1
56.59,-8.1,-14.1,-12.4,-65.6,-13.5
56.60,-8.6,-14.8,-13.7,-65.5,-12.9
56.61,-8.7,-15.0,-14.8,-65.5,-12.4
56.62,-9.0,-15.0,-16.8,-65.1,-11.7
56.63,-9.2,-14.9,-19.3,-63.5,-11.6
56.64,-9.2,-14.2,-20.6,-63.1,-11.9
56.65,-8.9,-13.6,-19.8,-63.2,-11.6
56.66,-8.7,-13.3,-18.6,-63.1,-11.9
56.67,-8.8,-13.1,-17.9,-64.2,-11.7
56.68,-8.5,-12.7,-17.3,-64.4,-12.1
56.69,-8.7,-12.8,-17.7,-63.8,-11.9
56.70,-8.5,-13.1,-18.5,-63.3,-11.6
56.71,-9.0,-13.4,-19.4,-62.5,-12.1
56.72,-9.3,-14.0,-21.0,-62.9,-12.0
56.73,-9.7,-14.4,-22.7,-63.9,-11.7
56.74,-10.0,-14.5,-22.9,-64.6,-12.1
56.75,-9.8,-14.4,-22.6,-63.2,-12.1
56.76,-9.6,-14.1,-22.1,-63.9,-12.1
56.77,-9.5,-13.7,-21.9,-63.7,-12.3
56.78,-9.7,-13.5,-22.0,-63.5,-12.5
56.79,-9.4,-13.1,-23.0,-63.2,-12.3
56.80,-9.7,-12.9,-23.4,-64.2,-12.8
56.81,-9.7,-13.0,-23.9,-63.8,-12.8
56.82,-9.6,-13.1,-24.3,-63.7,-12.7
56.83,-10.1,-13.7,-24.5,-63.7,-13.1
56.84,-10.6,-15.0,-24.6,-65.0,-13.1
56.85,-11.1,-16.4,-25.1,-65.9,-13.2
56.86,-11.8,-18.5,-26.2,-66.5,-13.3
56.87,-12.4,-21.4,-27.2,-67.4,-13.5
56.88,-13.0,-22.9,-27.5,-66.8,-14.0
56.89,-13.8,-24.0,-27.8,-67.4,-15.0
56.90,-14.6,-25.5,-27.1,-67.0,-15.9
56.91,-16.2,-27.7,-26.3,-66.9,-17.5
56.92,-18.0,-32.0,-25.8,-67.0,-19.4
56.93,-19.6,-36.8,-25.5,-67.5,-21.5
56.94,-20.4,-32.7,-25.3,-67.3,-23.2
56.95,-20.8,-28.6,-25.4,-68.2,-24.4
56.96,-18.6,-21.8,-25.4,-68.2,-25.2
56.97,-15.3,-16.5,-25.5,-68.6,-26.0
56.98,-13.1,-13.8,-25.3,-69.4,-26.8
56.99,-11.8,-12.3,-25.5,-69.4,-27.3
57.00,-11.0,-11.4,-25.8,-69.7,-28.0
57.01,-11.0,-11.3,-25.6,-70.2,-29.8
57.02,-11.9,-12.3,-25.8,-69.7,-29.4
57.03,-13.1,-13.6,-26.4,-70.0,-29.6
57.04,-14.4,-15.1,-27.1,-69.8,-30.0
57.05,-15.5,-16.2,-28.5,-69.5,-29.7
57.06,-16.1,-16.9,-31.2,-69.0,-30.0
57.07,-16.1,-16.7,-32.5,-69.6,-30.0
57.08,-16.5,-17.1,-33.2,-69.7,-30.9
57.09,-17.3,-18.0,-33.1,-69.9,-31.2
57.10,-18.5,-19.5,-32.4,-70.1,-31.0
57.11,-19.2,-20.2,-31.9,-69.9,-32.2
57.12,-18.2,-19.1,-32.2,-69.8,-32.5
57.13,-16.0,-16.5,-31.9,-70.1,-31.5
57.14,-15.2,-15.5,-31.9,-70.1,-32.0
57.15,-14.6,-14.9,-32.1,-69.9,-32.1
57.16,-13.5,-13.7,-31.9,-69.8,-31.6
57.17,-12.4,-12.7,-31.2,-70.1,-31.4
57.18,-11.8,-12.0,-31.0,-69.9,-32.5
57.19,-10.8,-11.0,-31.0,-70.2,-32.2
57.20,-10.1,-10.3,-31.2,-70.2,-31.8
57.21,-9.8,-10.0,-29.6,-68.8,-32.3
57.22,-9.6,-10.3,-20.8,-66.3,-29.6
57.23,-8.7,-10.8,-13.7,-65.8,-26.9
57.24,-8.3,-11.2,-12.2,-65.2,-24.0
57.25,-8.1,-11.6,-11.5,-65.2,-21.7
57.26,-8.0,-12.2,-11.0,-66.1,-20.6
57.27,-8.4,-12.3,-11.4,-66.6,-19.8
57.28,-9.1,-12.3,-13.1,-66.9,-19.2
57.29,-9.3,-12.3,-14.3,-67.2,-18.6
57.30,-9.7,-12.5,-15.6,-67.1,-17.7
57.31,-10.2,-12.8,-18.0,-67.4,-17.4
57.32,-11.0,-13.3,-21.4,-67.7,-17.1
57.33,-11.8,-14.4,-23.5,-68.2,-16.9
57.34,-13.1,-16.2,-24.1,-68.6,-17.5
57.35,-13.8,-18.7,-23.5,-67.3,-17.5
57.36,-15.5,-21.7,-23.8,-66.9,-18.2
57.37,-16.6,-28.3,-23.3,-66.4,-18.7
57.38,-17.3,-36.6,-24.0,-66.1,-19.2
57.39,-15.2,-37.8,-17.9,-64.3,-20.0
57.40,-14.0,-33.4,-15.8,-64.0,-20.7
57.41,-12.3,-28.2,-14.4,-63.7,-19.5
57.42,-11.3,-23.7,-14.0,-63.5,-18.2
57.43,-10.4,-18.6,-13.8,-63.5,-17.5
57.44,-10.0,-15.9,-15.6,-64.1,-16.4
57.45,-9.8,-14.0,-17.6,-64.4,-16.3
57.46,-9.5,-12.6,-19.2,-64.3,-16.6
57.47,-9.3,-11.7,-20.5,-64.6,-16.9
57.48,-9.2,-11.4,-21.7,-65.1,-16.3
57.49,-9.5,-11.4,-22.5,-65.2,-16.7
57.50,-9.8,-11.7,-23.4,-65.3,-16.6
57.51,-10.0,-12.1,-23.6,-65.3,-16.0
57.52,-10.5,-12.6,-23.6,-65.3,-16.5
57.53,-10.9,-13.0,-23.6,-65.1,-17.0
57.54,-11.0,-13.3,-24.0,-65.6,-16.6
57.55,-11.2,-13.5,-24.6,-66.3,-17.0
57.56,-11.1,-13.2,-25.0,-65.9,-17.2
57.57,-11.0,-13.2,-25.8,-65.4,-17.3
57.58,-10.9,-12.9,-26.1,-65.4,-17.5
57.59,-10.9,-12.5,-26.0,-64.5,-18.6
57.60,-10.7,-12.3,-25.8,-63.8,-18.4
57.61,-10.7,-12.3,-26.0,-63.9,-17.9
57.62,-10.8,-12.3,-26.0,-64.0,-18.0
57.63,-10.7,-12.3,-26.4,-64.4,-17.8
57.64,-10.8,-12.3,-27.3,-65.5,-17.3
57.65,-10.8,-12.4,-27.7,-66.5,-17.1
57.66,-10.8,-12.4,-27.7,-66.9,-17.4
57.67,-10.9,-12.6,-27.6,-67.1,-17.2
57.68,-10.8,-12.7,-27.9,-67.7,-16.2
57.69,-10.8,-12.7,-28.4,-67.6,-16.3
57.70,-10.6,-12.6,-28.7,-67.6,-16.0
57.71,-10.6,-12.6,-28.9,-67.3,-15.6
57.72,-10.5,-12.6,-29.3,-66.8,-15.3
57.73,-10.6,-12.7,-29.7,-66.1,-15.6
57.74,-10.8,-12.9,-30.4,-64.9,-15.8
57.75,-10.6,-13.2,-31.7,-63.1,-14.8
57.76,-10.3,-13.2,-31.0,-60.8,-14.5
57.77,-10.4,-13.7,-30.6,-59.9,-14.5
57.78,-10.8,-14.4,-30.4,-58.7,-14.4
57.79,-11.0,-14.7,-29.8,-57.6,-14.6
57.80,-11.0,-15.1,-27.8,-55.4,-15.0
57.81,-11.7,-15.5,-27.8,-53.8,-16.1
57.82,-11.2,-15.7,-24.2,-52.5,-16.0
57.83,-11.4,-16.1,-23.5,-51.9,-16.1
57.84,-11.5,-17.1,-22.8,-51.7,-16.7
57.85,-12.2,-18.8,-22.1,-52.0,-17.0
57.86,-12.6,-21.1,-22.2,-52.6,-16.8
57.87,-13.3,-23.5,-23.7,-54.1,-17.0
57.88,-13.8,-28.3,-24.1,-55.4,-16.6
57.89,-14.5,-30.8,-26.1,-56.6,-16.9
57.90,-13.9,-24.2,-27.5,-58.8,-16.5
57.91,-12.7,-18.3,-23.5,-59.1,-17.0
57.92,-10.2,-14.6,-14.4,-59.1,-17.9
57.93,-8.9,-13.2,-12.4,-60.3,-18.4
57.94,-8.1,-12.1,-11.7,-60.9,-18.0
57.95,-7.9,-11.7,-11.0,-61.6,-18.2
57.96,-7.9,-12.1,-11.1,-63.1,-18.0
57.97,-8.5,-12.7,-12.5,-63.9,-16.6
57.98,-9.0,-12.8,-13.7,-64.2,-16.3
57.99,-9.3,-13.1,-14.8,-64.8,-16.5
58.00,-9.8,-13.1,-16.8,-64.6,-16.2
58.01,-10.5,-13.3,-18.8,-64.9,-15.7
58.02,-10.6,-13.6,-19.8,-65.0,-15.9
58.03,-10.7,-13.7,-19.3,-62.9,-15.5
58.04,-10.3,-13.8,-17.8,-60.7,-15.5
58.05,-10.3,-13.8,-17.3,-58.5,-16.2
58.06,-10.0,-13.8,-16.6,-56.3,-16.1
58.07,-10.3,-13.7,-17.2,-54.9,-15.8
58.08,-10.2,-13.8,-17.6,-52.1,-16.0
58.09,-10.5,-13.9,-18.8,-51.7,-16.2
58.10,-10.7,-13.9,-20.0,-49.6,-16.1
58.11,-10.9,-14.2,-22.1,-48.9,-16.2
58.12,-11.8,-14.9,-23.0,-48.0,-16.8
58.13,-12.0,-15.1,-23.7,-47.1,-16.5
58.14,-11.9,-15.8,-22.7,-46.4,-16.1
58.15,-11.9,-16.6,-21.8,-44.9,-16.0
58.16,-12.1,-17.1,-21.0,-45.1,-15.9
58.17,-12.3,-18.0,-21.6,-44.5,-15.9
58.18,-12.6,-19.1,-21.7,-43.6,-15.8
58.19,-12.9,-20.5,-22.3,-43.7,-15.9
58.20,-12.9,-22.4,-23.2,-42.4,-15.6
58.21,-13.3,-25.1,-23.5,-42.1,-15.5
58.22,-13.8,-28.3,-23.4,-41.9,-15.7
58.23,-14.2,-31.1,-24.1,-41.5,-15.6
58.24,-14.9,-35.0,-24.5,-42.0,-16.1
58.25,-15.3,-39.3,-25.1,-41.7,-16.5
58.26,-15.6,-40.3,-24.9,-42.5,-16.8
58.27,-16.4,-40.5,-25.3,-42.5,-17.5
58.28,-17.4,-40.7,-25.0,-44.1,-18.7
58.29,-18.1,-41.2,-24.6,-45.3,-19.5
58.30,-18.8,-41.4,-24.6,-47.3,-20.3
58.31,-18.9,-42.1,-24.7,-49.0,-20.2
58.32,-18.6,-42.4,-24.3,-49.8,-20.2
58.33,-18.7,-43.1,-23.9,-51.5,-20.8
58.34,-18.7,-43.7,-23.4,-53.4,-20.8
58.35,-18.5,-44.3,-22.6,-54.1,-20.7
58.36,-18.6,-44.9,-22.5,-54.8,-21.0
58.37,-18.0,-44.8,-22.2,-57.8,-21.2
58.38,-18.3,-44.1,-22.4,-57.5,-21.0
58.39,-18.6,-43.8,-22.8,-51.6,-21.1
58.40,-18.5,-43.8,-23.5,-50.8,-21.6
58.41,-18.5,-43.8,-23.7,-50.5,-21.5
58.42,-19.1,-43.6,-24.5,-49.9,-21.3
58.43,-19.3,-44.3,-25.5,-49.9,-21.4
58.44,-19.4,-44.8,-26.8,-52.5,-21.3
58.45,-19.9,-45.6,-27.2,-53.1,-21.4
58.46,-20.4,-46.1,-27.8,-53.5,-21.6
58.47,-20.4,-48.5,-27.8,-54.3,-21.9
58.48,-20.5,-48.8,-27.7,-54.2,-21.9
58.49,-20.6,-49.1,-27.9,-54.6,-21.9
58.50,-20.6,-46.7,-27.8,-55.3,-22.4
58.51,-20.7,-44.2,-28.2,-57.0,-22.4
58.52,-21.1,-36.1,-28.5,-60.7,-22.9
58.53,-20.9,-31.2,-28.7,-65.9,-23.2
58.54,-21.2,-28.8,-28.9,-67.1,-23.9
58.55,-21.1,-27.8,-29.1,-65.5,-23.7
58.56,-20.6,-27.5,-29.0,-63.8,-23.6
58.57,-20.7,-28.0,-29.1,-62.4,-23.6
58.58,-21.1,-29.7,-29.1,-62.0,-23.8
58.59,-21.0,-29.8,-28.7,-62.1,-24.1
58.60,-16.4,-21.1,-21.5,-62.4,-24.2
58.61,-11.4,-16.3,-13.5,-63.6,-24.6
58.62,-9.5,-14.3,-11.8,-61.4,-23.2
58.63,-8.6,-13.3,-11.1,-42.4,-20.9
58.64,-7.9,-12.8,-10.5,-36.1,-19.4
58.65,-7.9,-13.1,-10.7,-33.7,-18.6
58.66,-8.7,-13.7,-12.1,-31.6,-18.0
58.67,-9.1,-13.9,-13.3,-29.7,-16.9
58.68,-9.5,-13.8,-14.4,-29.3,-17.2
58.69,-10.2,-13.8,-16.5,-30.0,-18.0
58.70,-10.3,-14.0,-18.7,-29.2,-17.2
58.71,-10.9,-14.6,-20.1,-29.0,-16.8
58.72,-11.8,-15.6,-19.3,-30.0,-17.6
58.73,-11.5,-17.3,-18.1,-29.8,-16.6
58.74,-12.1,-19.3,-17.6,-29.6,-16.5
58.75,-11.4,-21.8,-16.7,-29.6,-16.3
58.76,-12.2,-26.1,-17.2,-30.3,-16.6
58.77,-12.9,-33.3,-18.0,-29.9,-17.0
58.78,-12.7,-36.9,-19.0,-28.6,-16.1
58.79,-13.2,-38.1,-20.3,-28.4,-16.3
58.80,-14.3,-35.0,-22.0,-28.8,-17.1
58.81,-13.3,-24.4,-22.0,-28.5,-16.7
58.82,-12.6,-19.7,-21.7,-28.1,-16.6
58.83,-12.5,-17.3,-21.6,-28.5,-17.4
58.84,-12.2,-16.0,-21.7,-29.1,-18.1
58.85,-11.8,-15.3,-22.4,-28.2,-18.1
58.86,-11.9,-15.8,-23.4,-27.2,-17.8
58.87,-12.6,-16.3,-24.1,-27.6,-18.5
58.88,-12.8,-16.3,-24.8,-28.0,-19.1
58.89,-12.8,-17.0,-25.1,-27.3,-18.6
58.90,-12.9,-16.6,-24.9,-26.8,-18.8
58.91,-12.7,-15.4,-24.8,-27.8,-19.9
58.92,-12.9,-15.6,-25.5,-28.2,-19.8
58.93,-13.0,-16.1,-26.3,-28.0,-19.3
58.94,-13.2,-16.3,-27.4,-28.3,-19.6
58.95,-13.4,-15.7,-27.9,-30.1,-20.7
58.96,-13.2,-15.1,-28.5,-31.2,-21.1
58.97,-12.8,-14.5,-28.5,-31.6,-21.7
58.98,-12.6,-13.5,-28.3,-34.4,-23.7
58.99,-12.6,-13.2,-27.8,-41.6,-25.1
59.00,-12.9,-13.4,-27.6,-50.3,-26.2
59.01,-13.2,-13.8,-27.6,-52.9,-26.6
59.02,-13.7,-14.2,-27.2,-61.4,-27.3
59.03,-13.6,-14.5,-26.5,-64.0,-27.2
59.04,-14.0,-14.7,-26.1,-65.9,-27.2
59.05,-14.2,-15.0,-25.8,-67.2,-27.4
59.06,-14.4,-15.2,-25.8,-67.8,-27.0
59.07,-14.6,-15.5,-25.9,-67.1,-26.7
59.08,-14.8,-15.6,-26.2,-68.3,-27.5
59.09,-14.6,-15.5,-26.4,-68.2,-27.2
59.10,-14.9,-15.8,-26.7,-68.2,-27.3
59.11,-15.2,-16.1,-27.1,-69.0,-27.7
59.12,-15.7,-16.5,-27.9,-69.4,-28.1
59.13,-16.9,-17.5,-28.3,-70.6,-29.4
59.14,-17.8,-18.8,-28.1,-69.8,-30.4
59.15,-18.7,-20.0,-28.3,-69.6,-30.3
59.16,-20.5,-22.5,-28.5,-70.5,-31.9
59.17,-22.5,-25.9,-28.3,-68.8,-31.3
59.18,-23.4,-28.7,-28.5,-69.0,-29.9
59.19,-24.4,-32.6,-28.8,-69.2,-30.4
59.20,-25.4,-39.4,-29.2,-69.2,-29.9
59.21,-25.9,-41.1,-29.4,-70.6,-30.1
59.22,-26.2,-41.2,-30.0,-70.6,-30.6
59.23,-26.2,-41.8,-30.0,-70.4,-29.9
59.24,-26.2,-40.9,-30.3,-70.8,-29.9
59.25,-26.0,-40.7,-29.9,-69.6,-29.8
59.26,-25.7,-40.5,-30.3,-69.4,-28.9
59.27,-26.0,-40.9,-30.2,-68.9,-29.9
59.28,-23.7,-41.1,-26.2,-68.3,-29.8
59.29,-16.0,-37.4,-17.1,-68.3,-28.4
59.30,-12.0,-34.8,-12.7,-67.9,-26.7
59.31,-10.4,-31.4,-11.2,-67.2,-23.8
59.32,-9.5,-25.2,-10.6,-63.6,-20.2
59.33,-8.7,-20.0,-10.3,-61.5,-18.5
59.34,-8.7,-17.0,-10.7,-60.3,-17.6
59.35,-9.1,-14.9,-12.7,-60.2,-16.7
59.36,-8.9,-13.5,-14.0,-59.5,-16.1
59.37,-9.1,-12.9,-15.4,-59.6,-16.6
59.38,-9.8,-12.8,-17.7,-59.5,-16.5
59.39,-10.2,-12.9,-20.4,-51.1,-16.3
59.40,-11.0,-13.2,-21.8,-49.4,-16.6
59.41,-11.3,-13.5,-22.1,-49.0,-16.9
59.42,-11.8,-14.0,-22.5,-43.1,-16.8
59.43,-12.1,-14.7,-22.7,-42.4,-17.3
59.44,-12.5,-15.4,-22.4,-42.6,-17.6
59.45,-12.6,-15.9,-22.5,-40.5,-17.6
59.46,-12.8,-16.2,-22.8,-39.9,-17.5
59.47,-12.6,-16.7,-22.5,-40.1,-17.5
59.48,-13.3,-17.6,-22.0,-33.5,-17.9
59.49,-14.0,-19.0,-21.7,-33.5,-17.9
59.50,-13.6,-21.4,-20.6,-33.7,-17.2
59.51,-14.4,-25.6,-20.4,-33.7,-17.4
59.52,-14.5,-29.7,-20.4,-37.9,-17.3
59.53,-14.0,-27.7,-20.7,-36.1,-16.5
59.54,-14.2,-25.1,-21.7,-34.0,-16.9
59.55,-14.7,-23.5,-22.8,-33.3,-17.5
59.56,-14.2,-22.5,-23.3,-32.4,-17.1
59.57,-14.6,-22.8,-23.7,-32.4,-18.0
59.58,-15.4,-24.2,-23.2,-35.7,-18.6
59.59,-15.4,-25.8,-22.8,-32.0,-18.6
59.60,-15.8,-30.5,-22.4,-31.4,-19.0
59.61,-16.2,-37.0,-22.5,-31.3,-19.5
59.62,-16.2,-41.8,-22.9,-30.6,-19.4
59.63,-16.2,-37.4,-23.7,-30.2,-19.3
59.64,-16.2,-29.7,-24.3,-30.6,-19.7
59.65,-16.3,-22.1,-25.4,-32.0,-21.0
59.66,-14.7,-18.3,-25.7,-32.0,-20.6
59.67,-14.1,-16.2,-26.1,-33.7,-22.0
59.68,-13.7,-15.0,-25.7,-40.4,-23.4
59.69,-13.3,-14.4,-25.5,-48.9,-23.5
59.70,-14.0,-15.1,-25.4,-50.3,-23.7
59.71,-15.0,-16.5,-25.0,-52.4,-23.2
59.72,-16.4,-18.8,-24.7,-57.8,-23.2
59.73,-18.0,-22.6,-24.3,-62.8,-23.0
59.74,-18.5,-28.9,-24.1,-64.8,-21.8
59.75,-18.8,-33.4,-24.1,-65.7,-21.7
59.76,-19.1,-37.4,-24.2,-65.9,-21.9
59.77,-19.1,-37.3,-24.4,-67.0,-21.8
59.78,-18.9,-26.9,-24.7,-65.5,-22.3
59.79,-16.0,-18.4,-25.1,-66.0,-23.1
59.80,-14.1,-15.3,-25.7,-67.3,-23.6
59.81,-12.9,-13.6,-26.8,-66.2,-23.8
59.82,-12.0,-12.6,-28.5,-67.8,-24.1
59.83,-11.8,-12.3,-29.3,-66.0,-25.0
59.84,-12.3,-12.8,-29.5,-65.9,-25.0
59.85,-12.9,-13.5,-29.7,-66.2,-25.2
59.86,-13.6,-14.2,-29.7,-64.3,-25.5
59.87,-14.3,-14.9,-29.4,-64.7,-25.0
59.88,-14.5,-15.1,-29.2,-65.7,-25.1
59.89,-15.0,-15.7,-29.4,-65.7,-25.5
59.90,-15.5,-16.4,-29.6,-68.2,-25.7
59.91,-16.2,-17.0,-29.6,-68.7,-26.1
59.92,-17.0,-18.0,-29.8,-68.4,-26.5
59.93,-17.9,-18.9,-29.9,-68.9,-27.4
59.94,-17.9,-19.0,-29.9,-66.9,-27.4
59.95,-16.3,-17.1,-30.2,-67.4,-27.5
59.96,-14.8,-15.3,-30.5,-67.4,-28.7
59.97,-13.7,-14.3,-26.5,-67.0,-28.2
59.98,-11.6,-13.6,-18.2,-64.6,-24.9
59.99,-9.9,-13.3,-13.6,-63.5,-22.7
60.00,-9.2,-13.8,-12.1,-40.8,-20.6
60.01,-8.7,-14.6,-11.5,-23.8,-19.6
60.02,-8.4,-14.8,-11.2,-21.9,-18.7
60.03,-8.6,-15.7,-11.6,-20.5,-18.1
60.04,-9.2,-16.8,-13.7,-18.9,-18.0
60.05,-9.9,-18.1,-15.0,-18.6,-17.6
60.06,-10.7,-20.3,-16.3,-18.6,-17.1
60.07,-11.8,-24.4,-18.3,-18.5,-17.2
60.08,-11.9,-24.8,-21.1,-18.3,-17.6
60.09,-12.4,-23.8,-22.6,-18.6,-17.6
60.10,-12.4,-23.4,-23.2,-18.8,-18.2
60.11,-13.1,-23.5,-24.7,-18.9,-18.6
60.12,-13.7,-24.2,-25.6,-19.6,-19.1
60.13,-14.3,-27.4,-26.0,-20.9,-19.1
60.14,-15.1,-33.1,-25.9,-21.4,-19.6
60.15,-13.8,-37.6,-18.4,-23.4,-20.2
60.16,-12.7,-41.3,-16.8,-24.4,-20.0
60.17,-12.4,-47.2,-16.0,-27.0,-19.8
60.18,-12.1,-43.6,-15.7,-25.4,-19.3
60.19,-11.7,-36.7,-16.5,-22.8,-18.6
60.20,-12.4,-29.6,-18.0,-20.8,-18.1
60.21,-11.9,-19.2,-19.8,-19.9,-17.8
60.22,-10.9,-16.4,-21.1,-18.7,-17.7
60.23,-10.4,-14.9,-22.1,-18.5,-17.5
60.24,-10.3,-14.0,-22.9,-18.7,-17.6
60.25,-10.3,-13.7,-23.2,-18.3,-18.2
60.26,-10.8,-14.2,-23.4,-18.4,-18.5
60.27,-11.1,-14.7,-23.2,-18.3,-18.9
60.28,-11.4,-15.0,-23.1,-18.2,-19.9
60.29,-11.4,-15.4,-22.9,-18.5,-19.9
60.30,-11.5,-16.0,-23.2,-18.2,-19.7
60.31,-11.4,-16.6,-24.1,-18.3,-19.2
60.32,-11.6,-17.1,-24.9,-18.3,-19.3
60.33,-11.6,-17.5,-25.9,-17.9,-19.0
60.34,-11.8,-17.7,-27.0,-18.3,-19.0
60.35,-11.4,-17.4,-27.2,-17.8,-18.9
60.36,-11.3,-16.8,-27.2,-18.0,-19.1
60.37,-11.5,-16.4,-26.8,-18.4,-19.5
60.38,-11.3,-16.2,-26.9,-18.0,-19.6
60.39,-11.4,-15.9,-27.0,-18.3,-19.6
60.40,-11.4,-15.5,-27.5,-18.3,-19.7
60.41,-11.3,-15.4,-27.7,-18.3,-20.0
60.42,-11.4,-15.2,-28.1,-18.5,-20.2
60.43,-11.2,-15.0,-28.2,-18.3,-20.2
60.44,-11.2,-14.8,-28.5,-18.5,-20.0
60.45,-11.3,-14.6,-29.0,-18.8,-19.9
60.46,-11.0,-14.3,-29.0,-18.3,-19.7
60.47,-11.4,-14.4,-28.9,-19.0,-19.6
60.48,-11.5,-14.7,-29.1,-18.5,-19.9
60.49,-11.5,-15.2,-28.1,-18.7,-19.6
60.50,-11.9,-15.8,-25.8,-19.2,-20.2
60.51,-11.7,-15.9,-21.7,-18.9,-20.8
60.52,-11.4,-15.3,-19.5,-19.4,-21.1
60.53,-10.9,-14.6,-18.5,-19.6,-21.4
60.54,-10.6,-14.6,-17.7,-20.1,-21.9
60.55,-10.6,-15.1,-17.1,-21.0,-21.8
60.56,-11.1,-16.2,-17.6,-20.8,-21.6
60.57,-11.1,-18.5,-17.2,-21.2,-21.5
60.58,-11.3,-22.1,-16.7,-20.1,-21.5
60.59,-11.5,-24.4,-16.5,-19.6,-21.7
60.60,-11.8,-28.6,-16.3,-18.9,-21.9
60.61,-11.2,-25.1,-15.7,-19.0,-22.0
60.62,-11.5,-22.0,-16.0,-19.1,-22.1
60.63,-11.5,-20.4,-16.6,-19.4,-22.0
60.64,-12.4,-19.0,-17.6,-20.1,-22.3
60.65,-11.7,-17.7,-18.0,-21.1,-22.2
60.66,-11.9,-17.5,-18.8,-21.3,-22.5
60.67,-11.2,-17.7,-15.8,-21.6,-22.4
60.68,-10.1,-17.2,-13.3,-22.6,-22.4
60.69,-9.3,-15.7,-12.0,-24.5,-22.4
60.70,-8.8,-14.8,-11.7,-23.6,-21.9
60.71,-8.6,-14.2,-11.1,-25.7,-21.5
60.72,-8.6,-13.5,-12.0,-24.2,-21.3
60.73,-9.2,-13.3,-13.3,-24.1,-21.0
60.74,-9.3,-13.1,-14.2,-23.8,-20.7
60.75,-9.5,-13.1,-15.3,-24.3,-20.4
60.76,-9.8,-13.0,-16.2,-24.4,-20.6
60.77,-9.9,-13.0,-17.3,-25.2,-20.3
60.78,-10.7,-13.4,-18.3,-25.6,-20.8
60.79,-11.2,-14.0,-19.1,-27.4,-20.9
60.80,-11.9,-14.5,-20.3,-28.5,-21.5
60.81,-12.2,-15.3,-20.4,-26.8,-21.7
60.82,-12.6,-16.1,-20.4,-27.5,-21.9
60.83,-12.4,-16.9,-19.9,-25.1,-21.5
60.84,-12.3,-17.3,-19.4,-24.9,-21.4
60.85,-12.9,-17.9,-19.7,-24.9,-21.5
60.86,-12.7,-18.4,-20.1,-23.7,-21.3
60.87,-13.2,-18.9,-21.3,-23.7,-21.3
60.88,-13.8,-19.6,-20.4,-23.4,-21.4
60.89,-13.7,-20.2,-20.2,-23.1,-21.5
60.90,-14.3,-21.2,-20.4,-23.5,-21.8
60.91,-14.2,-21.6,-19.8,-23.3,-21.7
60.92,-13.9,-22.0,-20.4,-22.2,-21.5
60.93,-14.3,-22.6,-21.6,-21.3,-21.4
60.94,-14.5,-23.5,-21.5,-21.1,-21.3
60.95,-15.0,-24.7,-22.2,-20.6,-20.8
60.96,-15.4,-26.4,-22.2,-20.4,-20.5
60.97,-15.3,-28.2,-21.7,-20.9,-20.5
60.98,-15.4,-31.0,-21.8,-20.6,-20.3
60.99,-15.5,-34.1,-22.5,-20.5,-20.3
61.00,-14.9,-37.3,-22.1,-20.1,-20.6
61.01,-15.1,-40.1,-23.5,-20.3,-20.4
61.02,-15.4,-44.9,-24.5,-21.4,-20.0
61.03,-14.8,-49.2,-24.2,-20.5,-19.9
61.04,-15.0,-50.1,-24.7,-21.6,-19.8
61.05,-15.1,-50.2,-25.2,-21.2,-20.2
61.06,-14.8,-49.1,-24.4,-21.3,-19.9
61.07,-15.0,-48.6,-24.7,-21.2,-20.1
61.08,-15.1,-48.4,-25.0,-21.1,-20.2
61.09,-15.5,-48.9,-24.7,-21.6,-20.1
61.10,-15.8,-49.6,-24.6,-20.9,-20.5
61.11,-15.8,-51.6,-24.8,-20.8,-20.5
61.12,-15.7,-53.6,-24.6,-21.0,-20.1
61.13,-15.9,-54.4,-24.8,-21.0,-20.1
61.14,-15.9,-54.4,-25.3,-20.7,-20.2
61.15,-15.2,-54.1,-25.6,-19.8,-20.5
61.16,-14.6,-54.4,-26.1,-18.6,-20.8
61.17,-14.8,-54.3,-26.7,-18.8,-20.6
61.18,-14.8,-54.8,-27.5,-18.6,-20.6
61.19,-15.2,-55.5,-28.4,-19.1,-20.6
61.20,-15.3,-55.9,-28.7,-19.4,-20.4
61.21,-15.4,-56.5,-28.5,-19.5,-20.3
61.22,-15.4,-57.0,-28.1,-19.5,-20.3
61.23,-15.4,-57.3,-28.0,-20.2,-20.0
61.24,-14.9,-57.9,-27.5,-20.0,-20.0
61.25,-15.1,-59.2,-27.7,-20.6,-20.1
61.26,-14.8,-60.7,-27.7,-20.2,-20.2
61.27,-14.3,-62.1,-28.0,-19.4,-20.1
61.28,-14.4,-62.9,-28.6,-19.3,-19.9
61.29,-13.9,-63.4,-29.1,-18.4,-19.7
61.30,-13.8,-61.3,-29.4,-18.1,-19.7
61.31,-14.1,-55.7,-30.4,-18.4,-19.6
61.32,-14.0,-48.8,-31.1,-18.4,-19.1
61.33,-14.1,-38.0,-31.8,-18.2,-19.3
61.34,-14.0,-34.6,-32.7,-18.2,-19.3
61.35,-13.1,-22.8,-32.2,-18.2,-19.5
61.36,-12.2,-18.1,-21.3,-19.0,-20.3
61.37,-9.8,-14.6,-14.0,-19.8,-20.9
61.38,-8.9,-12.9,-12.4,-20.8,-21.4
61.39,-8.1,-11.7,-11.8,-21.1,-21.8
61.40,-7.9,-11.5,-11.4,-21.6,-22.3
61.41,-8.0,-11.7,-11.7,-20.9,-22.6
61.42,-8.6,-12.0,-13.5,-19.9,-22.6
61.43,-8.8,-12.5,-14.8,-19.2,-22.7
61.44,-9.3,-12.8,-15.9,-19.3,-22.9
61.45,-9.9,-13.0,-18.3,-19.5,-22.6
61.46,-9.7,-12.9,-20.4,-19.3,-22.2
61.47,-9.7,-13.0,-21.0,-19.1,-22.1
61.48,-9.7,-13.5,-19.9,-18.8,-22.1
61.49,-10.0,-13.8,-18.4,-18.9,-22.6
61.50,-10.0,-13.7,-17.8,-18.8,-23.0
61.51,-9.9,-13.8,-17.0,-18.7,-23.3
61.52,-10.1,-14.2,-17.5,-18.6,-23.3
61.53,-10.6,-14.5,-18.1,-19.0,-23.4
61.54,-10.7,-14.7,-19.1,-19.3,-22.6
61.55,-11.0,-15.4,-20.2,-19.4,-21.8
61.56,-11.5,-16.5,-22.1,-19.3,-21.8
61.57,-12.4,-18.1,-22.9,-19.8,-21.5
61.58,-13.3,-19.7,-22.8,-20.4,-21.3
61.59,-13.8,-20.7,-22.8,-20.8,-21.3
61.60,-14.0,-21.7,-22.4,-21.2,-20.9
61.61,-14.1,-22.0,-22.8,-20.6,-20.8
61.62,-14.1,-22.3,-23.3,-20.1,-20.6
61.63,-13.5,-22.7,-24.0,-19.1,-20.1
61.64,-13.1,-23.2,-25.0,-18.2,-19.6
61.65,-13.0,-22.9,-25.9,-17.5,-19.7
61.66,-12.7,-23.0,-25.9,-17.4,-19.1
61.67,-12.5,-23.0,-25.9,-17.7,-18.6
61.68,-12.5,-22.7,-26.7,-17.7,-18.6
61.69,-12.3,-22.7,-27.8,-17.6,-18.4
61.70,-12.1,-21.5,-29.2,-17.8,-18.5
61.71,-11.9,-17.9,-30.6,-18.6,-19.0
61.72,-11.6,-15.9,-30.9,-19.4,-19.2
61.73,-10.5,-13.9,-30.3,-19.6,-19.2
61.74,-10.1,-12.4,-30.0,-20.3,-19.9
61.75,-9.8,-11.5,-29.7,-20.9,-20.3
61.76,-10.0,-11.6,-29.7,-20.6,-21.1
61.77,-10.1,-11.7,-28.8,-19.8,-21.4
61.78,-10.5,-12.2,-27.7,-19.2,-22.1
61.79,-11.4,-13.4,-26.8,-19.4,-22.1
61.80,-11.9,-14.4,-26.2,-19.3,-21.6
61.81,-12.4,-15.0,-26.0,-19.2,-21.7
61.82,-12.5,-15.4,-26.1,-19.6,-21.9
61.83,-12.5,-15.5,-26.5,-20.1,-21.4
61.84,-12.3,-15.4,-27.0,-20.0,-21.5
61.85,-11.8,-15.2,-27.4,-19.1,-21.9
61.86,-11.5,-14.9,-27.4,-18.5,-21.6
61.87,-10.8,-14.3,-28.0,-17.6,-21.0
61.88,-10.7,-13.9,-29.0,-17.4,-21.4
61.89,-10.5,-13.5,-29.7,-17.2,-21.7
61.90,-10.6,-13.5,-30.1,-17.2,-21.5
61.91,-10.4,-13.8,-30.3,-17.1,-21.1
61.92,-10.5,-13.7,-30.5,-17.3,-21.4
61.93,-10.7,-14.2,-30.8,-17.2,-21.1
61.94,-10.8,-14.3,-31.3,-17.7,-21.0
61.95,-10.9,-14.2,-31.9,-18.1,-21.1
61.96,-11.1,-14.3,-32.6,-18.2,-21.7
61.97,-11.5,-14.2,-33.3,-18.3,-22.8
61.98,-11.4,-13.8,-34.0,-18.7,-23.3
61.99,-11.5,-13.8,-33.8,-18.6,-23.0
62.00,-11.3,-13.7,-33.9,-18.0,-22.7
62.01,-10.8,-13.2,-33.9,-18.0,-22.2
62.02,-10.5,-12.6,-34.4,-18.5,-21.9
62.03,-10.6,-12.6,-35.0,-18.2,-21.8
62.04,-10.6,-12.7,-33.5,-18.1,-22.1
62.05,-10.3,-13.0,-20.4,-18.8,-22.3
62.06,-9.6,-13.3,-13.7,-20.2,-22.3
62.07,-9.1,-13.6,-12.2,-21.5,-22.2
62.08,-8.6,-13.6,-11.6,-20.1,-21.4
62.09,-8.5,-14.5,-11.1,-20.0,-21.0
62.10,-8.4,-14.8,-11.4,-19.2,-20.3
62.11,-8.8,-15.1,-13.0,-17.8,-20.0
62.12,-8.8,-15.1,-14.2,-17.3,-20.0
62.13,-8.8,-15.1,-15.6,-17.2,-19.1
62.14,-9.4,-15.1,-18.0,-17.4,-19.2
62.15,-10.1,-15.5,-20.4,-17.2,-18.9
62.16,-10.6,-16.4,-21.0,-17.5,-18.8
62.17,-11.1,-17.4,-20.0,-18.2,-19.1
62.18,-11.5,-17.8,-18.7,-19.2,-19.7
62.19,-11.8,-17.7,-17.7,-19.9,-20.0
62.20,-11.5,-16.2,-17.0,-20.7,-20.6
62.21,-10.8,-14.1,-17.5,-21.3,-21.5
62.22,-10.2,-12.9,-18.2,-20.4,-22.0
62.23,-10.0,-12.2,-19.2,-19.4,-22.8
62.24,-9.6,-11.6,-21.0,-19.0,-23.0
62.25,-9.7,-11.5,-23.4,-18.5,-23.0
62.26,-9.8,-11.6,-23.8,-18.3,-23.4
62.27,-9.8,-11.8,-23.2,-18.3,-23.6
62.28,-10.1,-12.1,-22.6,-19.1,-24.3
62.29,-10.6,-12.5,-22.6,-20.0,-24.7
62.30,-10.2,-12.7,-23.2,-18.6,-24.6
62.31,-10.6,-13.3,-23.8,-18.6,-24.7
62.32,-11.0,-14.0,-24.5,-18.3,-24.6
62.33,-10.8,-14.6,-25.4,-17.0,-23.6
62.34,-11.1,-15.1,-25.4,-16.8,-23.3
62.35,-11.4,-15.7,-25.2,-17.2,-22.8
62.36,-11.6,-16.3,-25.2,-17.0,-22.2
62.37,-11.4,-15.6,-25.4,-16.9,-22.8
62.38,-11.5,-15.5,-26.0,-17.2,-22.7
62.39,-11.5,-15.3,-27.0,-17.6,-22.7
62.40,-12.1,-15.1,-27.3,-18.4,-23.7
62.41,-12.2,-15.3,-27.3,-19.1,-23.8
62.42,-12.3,-15.3,-27.1,-19.3,-24.0
62.43,-12.0,-15.3,-26.9,-18.1,-24.3
62.44,-12.0,-15.7,-26.5,-17.8,-24.0
62.45,-12.3,-16.6,-26.6,-17.1,-23.3
62.46,-11.9,-16.8,-26.3,-16.4,-22.6
62.47,-11.7,-17.0,-26.0,-16.1,-22.4
62.48,-11.6,-16.3,-25.9,-16.6,-22.5
62.49,-11.2,-15.3,-25.9,-16.5,-22.3
62.50,-10.8,-14.2,-26.4,-16.5,-22.5
62.51,-10.4,-13.5,-27.0,-17.2,-22.8
62.52,-10.7,-13.3,-27.8,-18.7,-22.4
62.53,-11.2,-13.6,-28.4,-18.4,-22.0
62.54,-11.7,-13.7,-28.6,-18.8,-21.8
62.55,-11.4,-13.4,-28.7,-19.3,-21.8
62.56,-10.9,-13.4,-29.6,-18.4,-21.2
62.57,-10.8,-13.8,-30.9,-17.6,-21.0
62.58,-10.8,-14.3,-32.9,-17.8,-20.6
62.59,-11.0,-14.9,-33.5,-17.9,-20.0
62.60,-11.3,-16.1,-33.8,-17.6,-19.4
62.61,-12.8,-18.6,-34.1,-17.8,-19.4
62.62,-13.1,-18.4,-34.7,-18.6,-19.3
62.63,-13.1,-18.9,-35.4,-18.9,-19.5
62.64,-13.9,-19.8,-35.7,-19.5,-20.0
62.65,-14.0,-20.9,-36.4,-19.3,-19.8
62.66,-13.5,-22.1,-36.3,-18.4,-19.2
62.67,-13.5,-27.0,-35.6,-17.8,-18.4
62.68,-13.3,-30.7,-35.6,-17.6,-17.8
62.69,-12.8,-32.3,-35.9,-17.2,-17.2
62.70,-12.5,-23.4,-36.3,-17.2,-17.5
62.71,-12.6,-22.0,-37.5,-17.7,-17.9
62.72,-12.0,-19.6,-37.6,-17.6,-17.9
62.73,-11.2,-17.1,-29.4,-17.3,-18.4
62.74,-9.8,-14.8,-19.3,-18.0,-18.8
62.75,-8.9,-13.7,-14.6,-19.3,-19.3
62.76,-8.4,-12.9,-13.1,-20.6,-20.0
62.77,-8.3,-12.5,-12.5,-21.9,-20.7
62.78,-8.6,-12.8,-12.0,-25.8,-21.6
62.79,-9.8,-14.2,-12.8,-24.2,-21.4
62.80,-10.9,-15.7,-14.8,-22.0,-21.1
62.81,-11.7,-17.6,-16.0,-21.7,-20.9
62.82,-12.9,-22.2,-17.4,-20.8,-20.6
62.83,-13.6,-25.7,-19.4,-20.1,-20.4
62.84,-14.5,-28.8,-21.7,-20.1,-20.5
62.85,-14.8,-33.4,-22.7,-20.5,-20.7
62.86,-15.0,-37.6,-23.1,-20.4,-20.9
62.87,-15.3,-41.6,-24.3,-20.3,-20.9
62.88,-15.8,-43.3,-25.0,-21.4,-21.3
62.89,-16.9,-42.2,-25.1,-22.9,-21.9
62.90,-16.6,-29.6,-23.0,-24.1,-22.5
62.91,-13.9,-21.5,-17.7,-25.4,-23.2
62.92,-12.3,-17.2,-16.4,-28.6,-23.6
62.93,-11.4,-15.7,-16.0,-28.7,-23.2
62.94,-10.5,-14.2,-15.6,-25.8,-22.8
62.95,-10.2,-13.0,-17.0,-24.2,-22.2
62.96,-10.2,-12.7,-19.6,-21.4,-21.5
62.97,-10.0,-12.3,-21.1,-20.4,-20.6
62.98,-9.8,-12.2,-22.3,-19.3,-20.2
62.99,-10.1,-12.7,-23.1,-18.6,-19.7
63.00,-10.3,-13.0,-23.8,-18.5,-19.5
63.01,-10.3,-13.0,-24.0,-18.2,-19.6
63.02,-10.6,-13.2,-24.3,-18.0,-19.7
63.03,-10.6,-13.2,-24.1,-18.1,-19.5
63.04,-10.3,-13.1,-23.9,-17.8,-19.8
63.05,-10.3,-13.1,-23.9,-18.1,-19.9
63.06,-10.1,-13.0,-24.1,-17.8,-20.2
63.07,-10.1,-12.9,-24.7,-17.9,-20.1
63.08,-10.2,-12.9,-25.6,-18.1,-20.3
63.09,-10.4,-13.0,-26.6,-17.7,-20.7
63.10,-10.4,-13.0,-28.0,-18.0,-21.0
63.11,-10.4,-13.1,-27.9,-17.7,-20.9
63.12,-10.2,-13.0,-28.2,-17.8,-20.8
63.13,-10.1,-12.9,-28.2,-17.8,-20.8
63.14,-10.3,-12.8,-28.3,-18.5,-20.8
63.15,-10.4,-12.7,-28.4,-19.3,-21.3
63.16,-10.8,-13.1,-28.9,-19.2,-21.6
63.17,-10.9,-14.0,-25.7,-19.4,-21.5
63.18,-11.4,-15.1,-24.7,-20.4,-22.0
63.19,-11.2,-16.6,-22.1,-19.9,-21.0
63.20,-11.5,-19.1,-21.0,-19.8,-20.7
63.21,-11.9,-21.4,-20.9,-20.3,-20.3
63.22,-12.3,-22.8,-20.0,-20.4,-20.2
63.23,-12.0,-24.0,-19.7,-19.4,-20.1
63.24,-12.9,-27.0,-20.7,-20.0,-20.0
63.25,-11.8,-30.6,-18.8,-19.1,-20.2
63.26,-10.4,-33.7,-14.2,-20.1,-20.2
63.27,-9.8,-36.1,-11.8,-20.2,-20.5
63.28,-9.5,-38.8,-11.2,-20.9,-20.7
63.29,-9.0,-40.1,-10.5,-20.6,-20.9
63.30,-9.1,-41.1,-10.4,-20.5,-20.6
63.31,-10.6,-40.6,-12.7,-19.4,-20.4
63.32,-10.9,-40.4,-13.7,-19.4,-20.6
63.33,-10.8,-39.9,-14.0,-19.3,-20.7
63.34,-11.2,-39.1,-15.2,-19.8,-20.4
63.35,-11.2,-38.5,-15.8,-19.9,-20.1
63.36,-11.8,-37.9,-16.5,-21.5,-19.9
63.37,-11.6,-36.5,-17.5,-21.3,-19.7
63.38,-12.0,-35.9,-17.2,-22.5,-20.1
63.39,-12.2,-35.8,-16.7,-23.6,-19.9
63.40,-11.6,-35.7,-15.3,-24.2,-20.1
63.41,-11.2,-33.7,-15.0,-23.5,-20.4
63.42,-11.8,-27.0,-15.7,-25.4,-20.6
63.43,-10.7,-21.0,-14.3,-25.8,-20.6
63.44,-9.4,-16.7,-13.0,-22.7,-21.0
63.45,-8.8,-13.9,-12.7,-22.6,-21.6
63.46,-8.4,-12.4,-12.6,-21.0,-22.4
63.47,-8.0,-11.6,-12.4,-19.7,-23.0
63.48,-8.3,-11.1,-13.3,-19.6,-23.7
63.49,-8.5,-11.3,-15.0,-19.0,-23.6
63.50,-9.2,-11.8,-16.6,-19.3,-23.1
63.51,-9.3,-12.3,-18.0,-18.3,-22.9
63.52,-10.0,-12.8,-19.8,-19.1,-22.9
63.53,-10.3,-13.6,-21.7,-18.2,-22.6
63.54,-11.2,-14.4,-22.9,-19.0,-22.7
63.55,-11.7,-15.6,-22.2,-18.2,-22.9
63.56,-12.3,-16.8,-20.8,-18.5,-22.8
63.57,-12.6,-18.1,-20.9,-18.5,-22.6
63.58,-12.7,-18.9,-21.3,-18.5,-22.4
63.59,-12.8,-18.8,-20.8,-19.0,-22.3
63.60,-12.4,-17.6,-21.6,-18.7,-22.4
63.61,-11.9,-15.7,-22.7,-19.6,-22.4
63.62,-11.1,-14.3,-21.7,-19.6,-22.6
63.63,-11.0,-13.5,-22.1,-20.5,-22.8
63.64,-10.5,-12.6,-22.8,-20.1,-23.0
63.65,-10.2,-12.3,-21.5,-21.0,-23.1
63.66,-10.2,-12.3,-21.4,-20.3,-23.0
63.67,-10.6,-12.5,-22.2,-20.4,-23.2
63.68,-10.8,-12.8,-22.0,-19.8,-23.2
63.69,-10.9,-12.9,-22.1,-20.1,-23.2
63.70,-10.8,-12.9,-23.1,-19.1,-23.0
63.71,-10.9,-12.9,-24.1,-19.8,-23.2
63.72,-10.7,-12.8,-24.4,-18.9,-23.3
63.73,-10.7,-12.7,-25.3,-19.3,-23.7
63.74,-10.6,-12.6,-25.8,-18.7,-23.4
63.75,-10.9,-13.2,-27.1,-19.0,-23.7
63.76,-11.3,-14.0,-27.4,-18.9,-23.7
63.77,-11.5,-14.5,-25.3,-19.1,-23.3
63.78,-10.2,-14.9,-15.6,-20.1,-23.5
63.79,-9.8,-15.0,-13.1,-20.6,-23.9
63.80,-9.0,-14.1,-12.4,-20.3,-24.0
63.81,-8.5,-13.4,-11.9,-20.7,-24.0
63.82,-8.5,-13.3,-11.9,-19.9,-23.9
63.83,-9.3,-13.2,-13.9,-20.1,-23.7
63.84,-9.5,-13.3,-15.5,-19.1,-22.8
63.85,-10.3,-13.9,-16.6,-20.0,-22.6
63.86,-10.9,-14.7,-18.3,-19.1,-22.0
63.87,-11.5,-15.9,-20.4,-19.2,-21.8
63.88,-12.6,-17.5,-22.6,-19.6,-21.0
63.89,-13.4,-20.0,-23.4,-18.9,-20.6
63.90,-13.9,-23.9,-22.8,-19.4,-20.0
63.91,-13.5,-27.6,-22.2,-18.3,-19.6
63.92,-14.3,-32.8,-21.2,-19.2,-19.3
63.93,-13.3,-36.2,-21.7,-18.1,-19.4
63.94,-13.6,-34.2,-21.9,-18.9,-19.4
63.95,-12.5,-25.8,-21.7,-18.0,-19.5
63.96,-12.1,-18.6,-21.9,-18.8,-20.0
63.97,-11.3,-15.5,-22.8,-19.1,-20.4
63.98,-10.8,-13.9,-23.3,-19.2,-20.8
63.99,-10.4,-12.9,-23.8,-19.6,-21.4
64.00,-10.5,-12.5,-24.5,-20.1,-21.9
64.01,-10.7,-13.0,-25.0,-19.5,-21.9
64.02,-11.6,-13.7,-26.1,-20.4,-22.3
64.03,-12.1,-14.8,-26.8,-19.3,-22.9
64.04,-13.1,-16.1,-27.2,-20.4,-23.3
64.05,-13.5,-17.4,-29.5,-19.0,-23.9
64.06,-14.6,-19.1,-31.1,-19.9,-23.6
64.07,-14.7,-20.7,-31.2,-19.2,-22.9
64.08,-14.9,-21.9,-31.3,-19.6,-21.7
64.09,-15.1,-23.0,-31.4,-19.3,-21.2
64.10,-15.0,-23.5,-31.2,-19.2,-20.8
64.11,-14.7,-23.7,-25.8,-20.0,-20.4
64.12,-13.0,-22.6,-17.7,-19.5,-20.6
64.13,-10.8,-20.0,-13.8,-20.8,-21.1
64.14,-9.7,-16.9,-12.5,-21.2,-21.7
64.15,-9.1,-15.0,-12.0,-21.8,-22.0
64.16,-8.5,-13.3,-11.7,-21.4,-22.6
64.17,-8.8,-12.2,-13.1,-21.4,-23.0
64.18,-9.2,-11.6,-15.8,-20.2,-22.7
64.19,-9.4,-11.7,-17.4,-20.2,-22.8
64.20,-9.8,-11.8,-19.4,-19.2,-22.7
64.21,-9.9,-11.7,-22.3,-20.1,-22.5
64.22,-10.3,-12.4,-23.4,-19.0,-22.0
64.23,-10.7,-12.9,-23.5,-19.5,-21.8
64.24,-10.7,-13.0,-23.5,-19.1,-21.8
64.25,-11.2,-13.7,-22.4,-18.9,-21.8
64.26,-11.4,-14.0,-21.7,-19.5,-21.6
64.27,-11.3,-14.0,-21.3,-18.9,-21.7
64.28,-11.3,-14.2,-21.6,-20.0,-21.0
64.29,-11.6,-14.9,-21.6,-19.6,-20.8
64.30,-12.1,-15.6,-21.7,-20.4,-20.7
64.31,-12.0,-15.7,-22.7,-20.3,-21.0
64.32,-11.7,-14.6,-23.9,-19.9,-21.1
64.33,-11.3,-13.6,-24.9,-20.1,-21.5
64.34,-10.6,-12.6,-26.5,-19.1,-21.6
64.35,-10.1,-11.9,-28.2,-19.0,-21.6
64.36,-10.2,-11.9,-29.3,-19.0,-21.8
64.37,-10.5,-12.1,-30.4,-18.5,-21.9
64.38,-10.7,-12.4,-31.7,-18.7,-21.2
64.39,-10.9,-12.9,-33.8,-18.3,-20.9
64.40,-11.4,-13.8,-36.3,-18.2,-20.3
64.41,-12.0,-15.5,-38.4,-18.2,-20.0
64.42,-12.2,-17.6,-39.9,-17.7,-19.4
64.43,-12.9,-20.2,-39.4,-18.1,-19.3
64.44,-13.5,-24.0,-38.7,-17.7,-19.0
64.45,-14.0,-25.6,-37.9,-18.3,-18.9
64.46,-13.8,-26.5,-25.4,-18.1,-18.7
64.47,-11.3,-23.7,-14.9,-18.8,-19.0
64.48,-10.1,-18.6,-12.8,-19.9,-19.5
64.49,-9.1,-15.9,-12.1,-19.7,-20.3
64.50,-8.5,-14.3,-11.6,-20.9,-21.0
64.51,-8.3,-13.2,-11.8,-20.9,-22.1
64.52,-8.9,-12.6,-13.8,-19.8,-22.5
64.53,-9.6,-12.6,-15.3,-20.2,-22.3
64.54,-9.9,-13.2,-16.6,-19.2,-21.7
64.55,-10.9,-14.4,-18.5,-19.7,-21.1
64.56,-11.2,-15.8,-20.9,-18.7,-20.4
64.57,-12.0,-18.1,-22.5,-19.0,-19.4
64.58,-13.2,-23.7,-22.8,-19.0,-19.0
64.59,-13.4,-28.3,-21.6,-18.5,-18.8
64.60,-13.9,-30.6,-20.6,-19.4,-18.7
64.61,-13.4,-26.3,-20.1,-18.3,-19.2
64.62,-12.8,-19.2,-20.3,-19.2,-19.6
64.63,-11.6,-16.0,-20.6,-18.6,-20.3
64.64,-11.1,-14.3,-21.0,-19.7,-20.6
64.65,-10.5,-13.1,-22.0,-19.6,-21.0
64.66,-10.2,-12.7,-22.9,-19.1,-20.9
64.67,-10.3,-12.8,-23.6,-19.8,-20.8
64.68,-10.2,-12.9,-24.7,-18.4,-20.7
64.69,-10.4,-13.2,-26.0,-18.3,-20.8
64.70,-10.6,-14.0,-27.1,-17.7,-20.6
64.71,-11.2,-15.4,-28.4,-17.7,-20.3
64.72,-11.8,-17.4,-29.4,-17.8,-19.7
64.73,-12.3,-20.6,-30.6,-17.2,-19.1
64.74,-13.4,-28.6,-32.0,-17.7,-18.6
64.75,-12.8,-31.7,-33.8,-17.1,-18.0
64.76,-13.4,-33.6,-36.1,-17.5,-17.8
64.77,-13.2,-36.7,-37.6,-17.4,-17.5
64.78,-13.1,-35.9,-38.8,-17.2,-17.5
64.79,-13.8,-33.6,-39.7,-18.0,-17.8
64.80,-13.0,-24.4,-30.0,-17.3,-18.3
64.81,-11.6,-18.6,-18.6,-18.6,-18.5
64.82,-10.0,-16.3,-14.4,-18.7,-19.2
64.83,-9.3,-14.7,-13.1,-20.5,-19.6
64.84,-8.8,-13.7,-12.5,-20.5,-19.7
64.85,-8.7,-13.1,-12.1,-21.4,-19.9
64.86,-9.1,-13.1,-13.4,-20.9,-19.8
64.87,-10.0,-13.2,-15.8,-20.4,-19.6
64.88,-10.2,-13.2,-17.2,-20.7,-19.7
64.89,-10.5,-13.2,-19.3,-20.0,-19.7
64.90,-10.8,-13.3,-22.0,-20.3,-20.0
64.91,-10.7,-13.1,-23.1,-19.8,-20.0
64.92,-10.7,-13.1,-23.3,-20.0,-20.1
64.93,-10.5,-12.9,-23.1,-19.9,-20.1
64.94,-10.7,-13.1,-22.1,-20.0,-20.4
64.95,-10.7,-13.1,-21.7,-19.8,-20.5
64.96,-10.6,-13.3,-21.6,-19.2,-21.0
64.97,-10.7,-13.3,-21.9,-19.3,-20.8
64.98,-10.9,-13.6,-22.1,-19.2,-20.9
64.99,-10.7,-13.6,-22.3,-19.4,-20.8
65.00,-10.7,-13.5,-22.9,-19.4,-20.8
65.01,-10.8,-13.7,-23.6,-19.3,-20.5
65.02,-10.8,-13.7,-24.2,-19.7,-20.2
65.03,-10.9,-13.9,-25.6,-19.5,-20.3
65.04,-11.0,-13.8,-26.9,-19.7,-20.2
65.05,-10.9,-13.8,-28.2,-19.4,-19.8
65.06,-10.8,-13.8,-29.6,-19.3,-19.3
65.07,-11.0,-13.7,-31.5,-19.8,-18.9
65.08,-11.0,-13.8,-34.4,-19.6,-18.3
65.09,-11.0,-13.9,-37.9,-20.4,-17.9
65.10,-10.9,-13.7,-41.2,-20.0,-17.7
65.11,-11.4,-13.9,-43.9,-20.8,-18.0
65.12,-11.5,-14.0,-41.9,-21.0,-18.6
65.13,-11.3,-13.8,-40.7,-20.3,-18.9
65.14,-11.6,-14.0,-40.0,-20.4,-19.5
65.15,-11.4,-13.9,-29.4,-20.5,-20.1
65.16,-10.0,-13.9,-15.4,-21.3,-20.7
65.17,-9.5,-14.0,-13.4,-22.0,-20.9
65.18,-9.2,-14.0,-12.7,-21.5,-21.5
65.19,-9.0,-14.1,-12.0,-21.7,-21.5
65.20,-9.2,-14.5,-12.2,-20.3,-21.9
65.21,-10.0,-14.6,-14.0,-19.5,-21.8
65.22,-10.2,-14.5,-15.5,-19.2,-21.3
65.23,-10.5,-14.4,-16.8,-19.5,-21.4
65.24,-11.0,-14.4,-19.1,-19.9,-21.1
65.25,-11.1,-14.3,-21.4,-19.5,-21.2
65.26,-11.0,-13.9,-23.3,-19.8,-21.1
65.27,-11.3,-13.8,-23.8,-20.6,-20.8
65.28,-10.8,-13.6,-22.2,-20.7,-20.3
65.29,-10.4,-13.4,-21.2,-20.1,-19.9
65.30,-10.3,-13.6,-20.7,-19.4,-19.4
65.31,-10.4,-14.0,-20.9,-19.6,-18.7
65.32,-10.3,-14.1,-21.2,-20.2,-18.4
65.33,-10.5,-14.0,-21.5,-20.8,-18.4
65.34,-10.7,-13.9,-22.1,-20.7,-18.8
65.35,-10.8,-14.0,-22.7,-20.9,-18.7
65.36,-10.9,-14.1,-23.3,-20.9,-19.1
65.37,-11.2,-14.1,-24.1,-20.9,-19.8
65.38,-11.2,-14.2,-25.3,-20.5,-20.2
65.39,-11.3,-14.3,-26.5,-20.5,-20.8
65.40,-11.2,-14.1,-28.0,-20.5,-21.2
65.41,-11.1,-14.0,-29.8,-19.9,-21.4
65.42,-11.2,-14.2,-31.9,-19.4,-21.2
65.43,-11.6,-14.4,-34.4,-18.6,-21.4
65.44,-11.1,-14.0,-37.2,-17.9,-21.0
65.45,-11.2,-13.7,-39.6,-18.2,-20.5
65.46,-11.3,-13.6,-40.0,-19.0,-20.2
65.47,-10.9,-13.4,-38.8,-19.1,-20.2
65.48,-10.7,-13.4,-38.3,-18.6,-19.9
65.49,-10.9,-13.6,-32.0,-19.2,-20.2
65.50,-10.1,-13.4,-18.8,-20.4,-20.4
65.51,-9.3,-13.3,-14.6,-22.0,-20.7
65.52,-8.9,-13.3,-13.2,-21.9,-20.9
65.53,-8.7,-13.3,-12.5,-21.2,-21.4
65.54,-8.6,-13.4,-12.0,-21.0,-21.8
65.55,-9.1,-13.8,-13.1,-20.3,-21.8
65.56,-9.7,-14.0,-14.9,-19.9,-21.6
65.57,-10.3,-14.0,-16.0,-20.3,-21.4
65.58,-10.5,-13.9,-17.6,-20.4,-21.4
65.59,-10.5,-13.8,-19.6,-20.2,-21.1
65.60,-10.8,-13.8,-20.5,-20.2,-21.2
65.61,-10.9,-13.8,-21.3,-20.2,-21.2
65.62,-10.9,-13.9,-21.7,-19.9,-21.5
65.63,-10.8,-13.9,-20.9,-19.8,-21.4
65.64,-10.7,-13.9,-20.7,-19.4,-21.3
65.65,-10.7,-13.8,-21.0,-19.4,-21.2
65.66,-10.9,-13.9,-21.5,-18.9,-21.4
65.67,-10.8,-14.1,-21.9,-19.2,-20.8
65.68,-11.1,-14.3,-22.4,-19.3,-21.2
65.69,-11.5,-14.5,-23.2,-19.2,-21.0
65.70,-11.3,-14.5,-23.6,-19.1,-21.0
65.71,-11.2,-14.5,-24.1,-19.0,-20.8
65.72,-11.3,-14.2,-25.1,-19.0,-21.3
65.73,-11.1,-13.8,-26.3,-19.1,-21.2
65.74,-10.9,-13.6,-27.3,-18.6,-21.5
65.75,-10.7,-13.5,-28.4,-18.5,-21.4
65.76,-10.5,-13.4,-29.9,-18.0,-21.1
65.77,-10.5,-13.4,-32.2,-17.8,-20.6
65.78,-10.3,-13.5,-34.1,-17.7,-20.0
65.79,-10.4,-13.5,-36.2,-18.1,-19.7
65.80,-10.7,-13.6,-36.7,-18.5,-19.9
65.81,-10.9,-13.8,-35.8,-18.7,-20.2
65.82,-10.9,-13.8,-35.2,-18.7,-20.6
65.83,-11.0,-13.7,-34.5,-18.7,-21.1
65.84,-11.0,-13.8,-27.8,-18.8,-21.6
65.85,-9.5,-13.9,-15.6,-19.6,-22.0
65.86,-9.0,-13.8,-13.7,-19.7,-22.6
65.87,-8.7,-13.8,-13.0,-19.5,-23.1
65.88,-8.6,-13.9,-12.4,-19.3,-24.1
65.89,-8.8,-13.6,-12.6,-18.9,-24.3
65.90,-9.6,-13.5,-14.4,-18.4,-24.7
65.91,-9.9,-13.4,-15.8,-18.8,-24.7
65.92,-10.3,-13.4,-17.1,-18.5,-24.8
65.93,-10.7,-13.3,-19.4,-18.4,-24.7
65.94,-10.9,-13.4,-21.6,-18.6,-24.6
65.95,-11.0,-13.5,-23.1,-18.8,-24.2
65.96,-11.4,-13.5,-24.0,-18.8,-24.3
65.97,-11.1,-13.2,-22.8,-18.4,-24.1
65.98,-11.1,-13.2,-21.7,-18.6,-24.1
65.99,-10.9,-12.9,-21.3,-18.8,-24.0
66.00,-10.5,-12.7,-21.2,-19.3,-23.5
66.01,-10.2,-12.5,-19.8,-19.8,-22.6
66.02,-9.9,-12.5,-18.5,-20.5,-21.7
66.03,-9.6,-12.5,-18.3,-21.1,-20.8
66.04,-9.5,-12.6,-18.4,-22.0,-20.1
66.05,-9.6,-12.6,-18.8,-21.9,-19.9
66.06,-9.7,-12.6,-20.6,-22.8,-19.9
66.07,-10.0,-12.6,-23.5,-21.4,-19.9
66.08,-10.3,-12.5,-25.2,-21.5,-20.5
66.09,-10.2,-12.6,-27.0,-19.8,-20.5
66.10,-10.5,-13.1,-28.0,-19.9,-20.0
66.11,-10.9,-14.1,-29.0,-18.5,-20.0
66.12,-11.3,-15.2,-29.0,-18.8,-19.5
66.13,-12.5,-17.8,-28.6,-18.0,-18.9
66.14,-13.9,-21.6,-28.2,-18.6,-18.6
66.15,-13.3,-26.7,-28.1,-17.7,-18.0
66.16,-14.0,-31.6,-28.2,-18.3,-17.7
66.17,-13.8,-36.1,-28.7,-17.4,-17.3
66.18,-13.7,-40.2,-29.2,-17.9,-17.7
66.19,-13.4,-40.6,-29.7,-17.0,-17.2
66.20,-14.5,-40.2,-30.1,-17.7,-17.3
66.21,-13.8,-39.2,-30.6,-17.0,-17.3
66.22,-13.9,-37.5,-30.6,-17.5,-17.4
66.23,-13.4,-37.0,-30.6,-17.0,-17.4
66.24,-13.3,-36.9,-30.5,-17.6,-17.5
66.25,-13.5,-36.7,-30.4,-17.0,-17.6
66.26,-14.3,-37.2,-30.3,-17.8,-17.8
66.27,-14.0,-39.0,-30.6,-17.0,-18.1
66.28,-15.0,-39.6,-30.6,-17.7,-18.3
66.29,-14.2,-39.8,-30.8,-16.8,-18.4
66.30,-14.2,-40.3,-31.2,-17.5,-18.3
66.31,-13.5,-39.8,-31.5,-16.6,-18.2
66.32,-13.3,-39.6,-31.2,-17.3,-17.6
66.33,-12.8,-39.6,-31.3,-16.5,-17.4
66.34,-13.3,-39.8,-31.4,-17.4,-17.5
66.35,-12.9,-40.2,-24.9,-16.8,-17.6
66.36,-12.7,-40.5,-18.3,-17.8,-17.8
66.37,-11.8,-40.7,-16.6,-17.6,-18.7
66.38,-12.3,-40.6,-15.8,-18.7,-19.1
66.39,-11.0,-40.0,-15.4,-17.5,-18.7
66.40,-11.7,-39.3,-16.0,-18.2,-18.6
66.41,-11.4,-39.0,-18.1,-17.2,-18.3
66.42,-11.8,-38.8,-20.2,-17.3,-17.6
66.43,-11.6,-39.1,-22.1,-16.6,-17.7
66.44,-12.3,-39.3,-24.3,-17.2,-17.7
66.45,-11.9,-39.7,-26.2,-16.3,-17.6
66.46,-12.5,-39.6,-27.8,-16.9,-17.7
66.47,-11.8,-40.3,-28.8,-16.2,-17.3
66.48,-12.0,-40.9,-29.4,-16.8,-17.2
66.49,-12.3,-42.3,-30.4,-16.2,-17.3
66.50,-13.1,-44.0,-31.0,-17.1,-17.5
66.51,-12.8,-45.9,-31.9,-16.4,-18.0
66.52,-13.7,-46.8,-31.3,-17.0,-18.4
66.53,-13.5,-47.1,-22.0,-16.7,-18.5
66.54,-10.7,-47.5,-14.1,-17.3,-17.6
66.55,-9.8,-47.6,-12.5,-17.3,-16.7
66.56,-9.6,-46.5,-11.9,-18.8,-15.9
66.57,-9.4,-45.8,-11.5,-18.7,-15.5
66.58,-9.5,-43.8,-12.0,-20.7,-15.5
66.59,-10.8,-41.1,-13.7,-20.3,-15.8
66.60,-12.2,-39.1,-15.2,-21.6,-16.4
66.61,-12.8,-37.8,-16.7,-20.2,-17.1
66.62,-13.8,-37.4,-18.6,-20.1,-17.7
66.63,-14.2,-37.9,-20.9,-19.7,-18.0
66.64,-14.4,-39.3,-22.5,-19.5,-18.2
66.65,-14.3,-41.7,-23.1,-20.2,-18.1
66.66,-14.2,-45.4,-22.7,-20.5,-18.0
66.67,-13.8,-48.3,-22.5,-21.9,-18.0
66.68,-14.0,-48.5,-22.5,-20.7,-18.3
66.69,-14.4,-48.4,-23.5,-21.2,-18.8
66.70,-13.4,-48.7,-19.9,-20.7,-18.8
66.71,-13.1,-49.3,-18.1,-20.1,-18.6
66.72,-12.8,-50.4,-17.1,-20.6,-17.7
66.73,-12.1,-52.4,-16.8,-20.2,-17.2
66.74,-11.8,-53.4,-16.6,-20.5,-16.9
66.75,-12.7,-54.6,-18.8,-20.6,-16.9
66.76,-12.6,-53.3,-20.8,-20.7,-17.3
66.77,-13.1,-51.4,-22.3,-20.3,-17.7
66.78,-13.7,-49.3,-23.9,-20.9,-17.7
66.79,-14.1,-46.8,-25.5,-20.8,-17.5
66.80,-14.4,-44.7,-26.6,-20.8,-17.3
66.81,-13.8,-43.5,-27.1,-20.2,-16.8
66.82,-13.8,-42.5,-27.6,-19.8,-16.7
66.83,-13.8,-41.8,-26.9,-19.8,-16.8
66.84,-13.7,-40.9,-26.9,-19.4,-17.2
66.85,-13.5,-39.9,-26.4,-19.2,-17.5
66.86,-13.5,-38.5,-26.3,-19.1,-17.8
66.87,-13.5,-37.4,-26.4,-19.2,-18.3
66.88,-13.3,-36.5,-27.0,-19.2,-18.1
66.89,-13.3,-35.8,-27.2,-18.9,-18.6
66.90,-13.6,-35.6,-27.9,-19.1,-18.7
66.91,-14.1,-35.7,-28.3,-19.7,-18.5
66.92,-14.2,-35.5,-28.6,-19.5,-18.0
66.93,-14.3,-35.5,-28.7,-19.8,-17.7
66.94,-14.4,-36.0,-29.0,-19.8,-17.3
66.95,-13.8,-36.3,-29.4,-19.1,-17.1
66.96,-13.5,-35.8,-29.1,-18.8,-17.1
66.97,-14.0,-36.0,-29.4,-19.2,-17.5
66.98,-14.3,-36.4,-29.5,-19.3,-17.9
66.99,-15.2,-36.8,-28.7,-19.6,-18.2
67.00,-15.0,-37.2,-28.3,-19.0,-18.6
67.01,-15.1,-37.6,-28.1,-18.8,-18.9
67.02,-15.1,-37.3,-27.8,-18.5,-19.0
67.03,-14.8,-36.5,-27.9,-18.8,-18.9
67.04,-14.1,-35.9,-22.5,-19.2,-19.3
67.05,-13.0,-36.3,-18.1,-19.6,-19.2
67.06,-12.8,-37.1,-16.5,-20.7,-18.4
67.07,-12.2,-38.1,-15.6,-22.2,-18.1
67.08,-11.9,-39.1,-15.1,-24.3,-17.4
67.09,-11.9,-39.8,-15.5,-24.1,-17.0
67.10,-11.7,-40.0,-16.4,-21.9,-16.8
67.11,-11.7,-40.3,-17.0,-20.8,-16.9
67.12,-12.1,-40.7,-17.2,-19.6,-17.1
67.13,-11.8,-41.5,-17.4,-18.9,-17.0
67.14,-12.0,-42.1,-17.3,-18.5,-17.0
67.15,-12.0,-42.3,-17.5,-18.4,-17.1
67.16,-11.9,-42.0,-17.3,-18.1,-17.2
67.17,-12.0,-42.3,-17.3,-18.2,-17.7
67.18,-12.6,-43.3,-17.3,-17.9,-18.3
67.19,-12.2,-44.0,-17.4,-17.8,-18.9
67.20,-12.6,-45.1,-17.2,-17.7,-19.5
67.21,-12.3,-46.8,-17.0,-17.9,-19.8
67.22,-12.1,-47.9,-16.3,-18.1,-20.0
67.23,-10.4,-47.9,-13.0,-18.9,-20.0
67.24,-9.8,-48.4,-11.7,-19.9,-20.0
67.25,-9.5,-49.2,-11.2,-20.6,-19.9
67.26,-9.8,-50.1,-11.2,-21.1,-19.9
67.27,-9.8,-50.1,-11.3,-21.1,-19.5
67.28,-10.5,-50.1,-12.2,-21.1,-19.3
67.29,-11.9,-50.0,-14.1,-22.0,-19.1
67.30,-12.9,-50.4,-15.4,-23.2,-18.8
67.31,-12.7,-49.5,-15.8,-24.6,-18.6
67.32,-13.5,-49.7,-18.5,-23.4,-18.5
67.33,-14.0,-49.3,-19.5,-22.6,-18.6
67.34,-13.5,-49.4,-18.7,-21.1,-18.4
67.35,-13.8,-48.7,-20.2,-20.6,-18.8
67.36,-14.7,-46.4,-20.4,-20.7,-18.8
67.37,-14.5,-39.8,-19.7,-20.8,-18.8
67.38,-15.4,-30.4,-21.8,-21.3,-18.9
67.39,-14.0,-22.7,-21.9,-22.2,-19.0
67.40,-11.3,-19.5,-15.8,-22.2,-19.4
67.41,-10.3,-17.2,-13.9,-23.3,-19.9
67.42,-9.4,-15.0,-13.3,-23.3,-20.6
67.43,-8.9,-13.7,-12.6,-24.7,-20.9
67.44,-8.6,-13.0,-12.6,-22.7,-20.7
67.45,-9.4,-12.7,-15.4,-22.8,-20.5
67.46,-9.5,-12.5,-16.9,-22.1,-20.0
67.47,-10.0,-13.0,-18.2,-22.2,-19.9
67.48,-10.6,-13.4,-20.2,-23.4,-19.8
67.49,-11.0,-13.7,-21.0,-25.0,-20.4
67.50,-11.5,-14.3,-20.5,-25.4,-20.6
67.51,-11.6,-14.4,-20.6,-24.8,-20.8
67.52,-11.6,-14.4,-21.1,-24.2,-21.0
67.53,-11.7,-14.2,-21.5,-23.8,-21.0
67.54,-11.5,-13.9,-23.0,-23.3,-21.2
67.55,-11.7,-13.8,-23.1,-24.3,-21.5
67.56,-11.1,-13.6,-22.1,-23.4,-21.7
67.57,-11.2,-13.8,-21.3,-23.5,-21.8
67.58,-11.1,-13.7,-21.4,-24.6,-21.7
67.59,-11.3,-13.8,-23.0,-23.7,-21.7
67.60,-11.6,-13.9,-24.7,-22.6,-22.2
67.61,-11.5,-13.9,-25.4,-22.5,-22.3
67.62,-11.7,-14.0,-26.2,-22.0,-22.6
67.63,-11.8,-14.3,-26.9,-20.9,-22.5
67.64,-12.0,-14.3,-27.7,-21.0,-22.3
67.65,-11.8,-14.2,-27.6,-20.4,-21.8
67.66,-11.8,-14.2,-26.5,-20.0,-21.6
67.67,-11.7,-14.2,-24.7,-19.4,-21.2
67.68,-11.4,-14.1,-24.2,-18.9,-21.0
67.69,-11.5,-14.4,-24.0,-18.6,-20.8
67.70,-11.3,-14.4,-23.8,-18.3,-20.8
67.71,-11.5,-14.6,-25.1,-18.3,-20.5
67.72,-11.2,-14.1,-25.7,-17.7,-20.5
67.73,-10.7,-13.3,-24.8,-18.2,-20.2
67.74,-9.2,-12.1,-19.0,-18.4,-20.4
67.75,-8.5,-11.6,-14.2,-19.7,-20.7
67.76,-7.8,-11.2,-12.8,-20.6,-21.0
67.77,-7.6,-11.3,-12.2,-22.2,-20.8
67.78,-7.7,-11.4,-11.7,-24.5,-21.0
67.79,-8.1,-11.6,-12.3,-25.5,-21.6
67.80,-8.7,-11.7,-14.5,-26.4,-21.6
67.81,-8.9,-11.5,-15.6,-26.9,-22.3
67.82,-9.5,-11.5,-17.3,-27.3,-22.7
67.83,-9.8,-11.7,-19.5,-27.4,-22.3
67.84,-10.2,-11.9,-21.2,-26.2,-22.7
67.85,-10.2,-12.0,-21.9,-25.4,-22.2
67.86,-10.3,-12.0,-22.2,-24.4,-22.7
67.87,-10.3,-12.1,-21.2,-23.4,-23.1
67.88,-9.9,-11.6,-20.5,-22.8,-23.4
67.89,-9.8,-11.4,-20.5,-22.8,-23.3
67.90,-9.9,-11.8,-19.9,-23.2,-23.4
67.91,-10.0,-12.6,-17.5,-24.5,-23.0
67.92,-9.8,-13.1,-16.2,-24.9,-22.9
67.93,-10.5,-14.4,-16.0,-22.3,-22.8
67.94,-10.1,-14.0,-16.0,-21.0,-23.6
67.95,-10.0,-12.9,-17.3,-19.9,-23.6
67.96,-9.8,-12.3,-19.7,-18.3,-23.7
67.97,-10.2,-12.8,-22.8,-17.9,-23.3
67.98,-10.8,-13.8,-24.3,-17.9,-21.9
67.99,-11.5,-15.6,-25.9,-17.7,-21.1
68.00,-12.5,-19.1,-27.3,-17.3,-20.2
68.01,-12.9,-21.5,-28.2,-17.1,-19.5
68.02,-13.4,-22.1,-29.1,-17.2,-19.0
68.03,-12.6,-21.6,-28.5,-17.0,-18.4
68.04,-12.3,-20.3,-28.7,-16.6,-18.2
68.05,-12.3,-19.6,-29.1,-16.5,-18.0
68.06,-12.1,-19.3,-28.5,-16.6,-18.0
68.07,-11.8,-19.6,-29.2,-16.3,-17.9
68.08,-11.8,-19.9,-29.6,-16.5,-17.6
68.09,-11.9,-20.6,-29.5,-17.2,-17.2
68.10,-12.0,-21.4,-29.8,-18.2,-16.8
68.11,-12.3,-21.6,-30.1,-19.1,-16.6
68.12,-12.8,-21.4,-30.2,-20.2,-16.7
68.13,-12.9,-21.6,-30.4,-21.5,-16.6
68.14,-13.3,-21.9,-30.8,-22.5,-17.0
68.15,-13.5,-22.0,-30.7,-23.0,-17.5
68.16,-13.0,-19.9,-30.9,-23.3,-17.9
68.17,-12.9,-17.6,-31.0,-22.5,-18.3
68.18,-11.8,-15.6,-31.5,-21.1,-18.7
68.19,-11.2,-14.3,-32.4,-20.7,-19.1
68.20,-10.8,-13.4,-33.6,-20.0,-19.3
68.21,-10.5,-13.1,-34.7,-19.8,-19.1
68.22,-10.4,-13.2,-35.5,-19.5,-19.0
68.23,-10.6,-13.4,-35.5,-19.3,-18.6
68.24,-10.3,-13.2,-35.3,-19.6,-18.4
68.25,-10.5,-13.2,-33.6,-19.4,-18.6
68.26,-10.3,-13.8,-19.8,-20.0,-19.0
68.27,-9.4,-14.3,-14.2,-20.2,-19.8
68.28,-8.7,-13.2,-12.6,-21.5,-20.9
68.29,-8.2,-12.7,-11.7,-21.1,-21.7
68.30,-7.6,-12.1,-11.1,-20.9,-22.6
68.31,-7.7,-11.3,-12.2,-20.1,-22.1
68.32,-8.3,-11.1,-14.2,-19.6,-22.0
68.33,-8.7,-11.7,-15.5,-18.8,-21.4
68.34,-9.4,-12.0,-17.8,-18.9,-21.5
68.35,-10.1,-12.4,-20.4,-18.7,-21.3
68.36,-10.9,-13.3,-22.4,-19.0,-21.6
68.37,-11.7,-14.4,-23.5,-18.5,-21.7
68.38,-11.9,-15.2,-25.2,-18.1,-21.2
68.39,-12.2,-16.3,-24.5,-18.2,-20.4
68.40,-12.5,-17.4,-23.2,-18.1,-20.9
68.41,-12.5,-17.9,-22.2,-17.8,-20.8
68.42,-12.2,-17.9,-21.6,-17.6,-21.1
68.43,-11.6,-17.7,-17.3,-18.3,-21.5
68.44,-10.2,-16.6,-14.0,-18.6,-22.0
68.45,-9.0,-14.7,-13.1,-18.8,-21.7
68.46,-8.5,-13.2,-12.7,-19.4,-21.9
68.47,-8.0,-12.0,-12.6,-20.5,-21.9
68.48,-8.4,-11.0,-13.6,-21.9,-22.3
68.49,-9.0,-10.7,-16.2,-22.8,-22.4
68.50,-9.4,-10.9,-17.7,-23.4,-22.9
68.51,-9.7,-11.3,-19.6,-23.2,-22.5
68.52,-10.3,-12.0,-22.1,-22.6,-22.7
68.53,-10.8,-12.6,-23.5,-22.2,-21.9
68.54,-10.8,-12.7,-23.4,-22.1,-21.6
68.55,-10.7,-12.6,-23.1,-21.7,-21.5
68.56,-10.6,-12.7,-21.9,-21.2,-21.5
68.57,-10.6,-12.9,-21.3,-20.9,-21.7
68.58,-10.5,-12.9,-21.2,-21.1,-22.3
68.59,-10.7,-13.3,-20.6,-21.4,-23.0
68.60,-10.6,-13.3,-18.6,-22.1,-23.1
68.61,-10.4,-13.1,-17.5,-22.7,-23.6
68.62,-9.9,-12.5,-17.4,-22.5,-23.6
68.63,-9.9,-12.5,-17.3,-23.0,-23.1
68.64,-10.3,-13.0,-18.3,-21.8,-23.0
68.65,-10.7,-13.6,-20.3,-22.0,-22.3
68.66,-11.2,-14.5,-22.4,-20.7,-22.1
68.67,-12.1,-16.1,-23.8,-20.6,-22.0
68.68,-12.6,-16.4,-25.0,-20.1,-21.5
68.69,-12.4,-16.0,-26.1,-19.7,-21.6
68.70,-12.4,-16.0,-27.0,-19.0,-21.2
68.71,-11.8,-15.4,-28.4,-18.6,-20.8
68.72,-11.4,-14.9,-29.2,-18.5,-20.8
68.73,-11.4,-14.8,-30.4,-18.2,-20.5
68.74,-11.3,-14.5,-31.1,-18.4,-20.4
68.75,-11.5,-14.6,-31.5,-18.0,-20.7
68.76,-11.6,-15.5,-31.7,-17.8,-20.6
68.77,-11.4,-15.8,-27.5,-17.9,-20.9
68.78,-10.3,-15.5,-17.1,-18.2,-21.2
68.79,-9.2,-14.5,-14.0,-19.3,-21.5
68.80,-8.6,-12.8,-13.1,-19.7,-21.9
68.81,-8.1,-11.6,-12.5,-21.3,-21.9
68.82,-7.8,-10.9,-12.3,-20.9,-22.3
68.83,-8.4,-10.5,-14.7,-20.6,-22.3
68.84,-8.7,-10.6,-16.4,-20.1,-22.2
68.85,-9.1,-10.9,-17.6,-19.9,-21.9
68.86,-9.4,-11.3,-19.4,-19.6,-21.7
68.87,-9.8,-11.5,-21.4,-19.6,-21.5
68.88,-9.7,-11.5,-22.9,-19.4,-21.4
68.89,-9.3,-11.2,-24.1,-19.2,-21.7
68.90,-9.1,-10.7,-23.1,-19.4,-21.9
68.91,-8.7,-10.2,-22.2,-19.5,-22.1
68.92,-8.6,-10.2,-21.9,-19.2,-22.0
68.93,-8.8,-10.4,-22.0,-19.4,-22.1
68.94,-9.0,-10.6,-22.5,-19.5,-22.2
68.95,-9.5,-11.2,-22.9,-19.1,-22.0
68.96,-9.9,-11.7,-23.5,-19.0,-21.4
68.97,-10.0,-12.0,-24.2,-18.8,-21.7
68.98,-10.3,-12.4,-24.8,-18.8,-21.5
68.99,-10.6,-12.7,-25.5,-19.2,-21.4
69.00,-10.6,-12.6,-26.3,-19.4,-21.2
69.01,-10.7,-12.4,-27.2,-20.2,-20.9
69.02,-10.5,-12.0,-28.2,-21.0,-20.4
69.03,-10.3,-11.9,-29.7,-20.9,-20.5
69.04,-10.4,-12.3,-31.1,-20.8,-20.2
69.05,-11.0,-13.3,-32.2,-20.9,-19.6
69.06,-12.0,-14.9,-32.9,-20.6,-19.6
69.07,-13.2,-17.6,-32.4,-20.7,-18.7
69.08,-13.9,-21.0,-31.8,-19.8,-18.2
69.09,-14.9,-28.9,-31.5,-20.5,-18.1
69.10,-14.3,-29.2,-31.2,-19.8,-17.9
69.11,-13.5,-23.2,-27.1,-20.3,-18.1
69.12,-11.5,-18.0,-18.3,-19.9,-18.7
69.13,-9.6,-13.8,-14.4,-20.4,-19.5
69.14,-8.7,-12.8,-13.2,-19.9,-20.3
69.15,-8.2,-12.1,-12.5,-19.7,-21.1
69.16,-7.9,-11.7,-12.1,-18.9,-21.7
69.17,-8.5,-11.7,-13.7,-18.9,-21.6
69.18,-9.2,-12.3,-15.8,-19.7,-21.9
69.19,-9.2,-11.8,-17.1,-20.0,-22.3
69.20,-9.4,-11.3,-18.9,-20.7,-22.0
69.21,-9.8,-11.3,-21.1,-20.3,-22.8
69.22,-10.0,-11.4,-22.4,-20.4,-22.9
69.23,-9.9,-11.1,-22.9,-20.4,-22.7
69.24,-9.7,-11.0,-22.9,-20.2,-22.9
69.25,-9.7,-10.9,-22.8,-20.7,-23.2
69.26,-9.6,-10.8,-22.7,-22.1,-23.1
69.27,-9.6,-10.7,-22.9,-21.8,-23.7
69.28,-9.5,-10.7,-23.2,-22.6,-23.9
69.29,-9.5,-11.0,-20.1,-23.5,-24.6
69.30,-9.5,-11.1,-18.3,-24.0,-24.7
69.31,-9.7,-11.6,-17.6,-23.4,-24.6
69.32,-9.8,-12.4,-17.3,-22.7,-23.8
69.33,-10.2,-13.1,-17.9,-20.9,-23.7
69.34,-10.4,-13.3,-20.1,-20.2,-23.2
69.35,-10.9,-13.6,-22.0,-19.1,-22.6
69.36,-10.5,-12.9,-24.0,-19.0,-22.6
69.37,-10.1,-12.3,-25.2,-18.4,-22.3
69.38,-10.5,-12.9,-26.4,-19.2,-21.6
69.39,-10.8,-13.8,-27.0,-18.5,-21.4
69.40,-11.3,-15.1,-28.1,-19.1,-20.9
69.41,-12.8,-18.8,-28.4,-18.7,-20.3
69.42,-14.7,-23.9,-29.3,-18.9,-20.2
69.43,-14.4,-24.9,-30.0,-18.4,-20.0
69.44,-14.2,-22.8,-31.0,-18.5,-19.7
69.45,-13.7,-21.6,-32.3,-18.0,-19.6
69.46,-12.9,-20.6,-33.6,-18.3,-18.9
69.47,-12.3,-19.8,-34.4,-18.1,-17.8
69.48,-12.2,-19.5,-35.1,-18.6,-17.3
69.49,-11.7,-18.5,-34.6,-18.4,-17.0
69.50,-11.5,-17.6,-34.0,-18.6,-16.7
69.51,-11.4,-17.0,-33.5,-17.9,-17.1
69.52,-10.8,-15.9,-33.2,-18.3,-17.3
69.53,-10.9,-15.4,-33.4,-17.5,-17.9
69.54,-10.8,-15.4,-33.5,-17.5,-18.4
69.55,-11.0,-15.2,-33.4,-17.6,-18.7
69.56,-10.7,-14.6,-33.8,-17.6,-19.0
69.57,-10.2,-13.6,-33.9,-17.7,-19.4
69.58,-9.6,-12.4,-34.1,-17.7,-19.4
69.59,-9.1,-11.2,-34.7,-18.0,-19.8
69.60,-8.1,-9.8,-35.2,-17.9,-20.1
69.61,-7.9,-9.2,-35.5,-18.1,-20.9
69.62,-7.4,-8.6,-35.6,-18.3,-21.3
69.63,-7.4,-8.7,-31.3,-18.3,-22.0
69.64,-7.5,-9.1,-19.4,-18.7,-22.8
69.65,-7.8,-9.8,-14.2,-20.1,-23.4
69.66,-7.7,-10.5,-12.9,-21.1,-23.7
69.67,-8.0,-11.2,-12.0,-21.7,-24.3
69.68,-7.8,-11.5,-11.5,-22.7,-24.4
69.69,-8.4,-11.6,-13.1,-21.5,-23.7
69.70,-9.1,-11.8,-15.0,-20.7,-23.6
69.71,-9.5,-12.2,-16.2,-20.0,-23.6
69.72,-10.3,-12.5,-18.4,-20.2,-23.5
69.73,-10.6,-12.4,-20.6,-20.1,-23.7
69.74,-10.6,-12.4,-22.2,-19.9,-23.7
69.75,-10.7,-12.5,-23.1,-19.6,-23.8
69.76,-10.3,-12.3,-24.9,-19.3,-23.2
69.77,-10.0,-11.9,-24.5,-19.0,-23.1
69.78,-10.0,-12.0,-23.2,-18.9,-22.9
69.79,-10.0,-12.2,-22.4,-18.8,-22.8
69.80,-9.5,-11.6,-22.2,-19.1,-22.6
69.81,-9.0,-11.1,-17.6,-19.4,-22.6
69.82,-8.5,-11.2,-14.8,-19.8,-22.9
69.83,-8.2,-10.8,-13.6,-20.1,-23.0
69.84,-7.9,-10.9,-13.1,-20.2,-23.0
69.85,-8.1,-11.4,-12.7,-20.2,-23.3
69.86,-8.7,-11.6,-13.6,-20.1,-23.2
69.87,-9.0,-11.7,-15.4,-20.2,-22.4
69.88,-9.5,-11.8,-16.5,-20.9,-22.4
69.89,-10.0,-12.2,-18.3,-21.5,-22.1
69.90,-10.6,-13.1,-20.3,-21.5,-21.1
69.91,-11.6,-14.5,-21.3,-21.1,-20.6
69.92,-12.1,-16.2,-21.6,-20.5,-19.9
69.93,-12.6,-20.1,-21.6,-20.0,-19.0
69.94,-13.3,-24.4,-20.6,-19.9,-18.9
69.95,-13.4,-30.1,-20.2,-19.9,-18.8
69.96,-13.4,-32.1,-20.1,-20.3,-18.7
69.97,-13.7,-31.2,-19.2,-21.2,-18.8
69.98,-12.7,-23.9,-17.2,-22.3,-19.4
69.99,-11.6,-19.1,-16.3,-23.8,-19.6
70.00,-10.8,-16.5,-16.1,-25.5,-20.2
70.01,-10.5,-15.2,-16.2,-25.9,-20.9
70.02,-10.2,-14.0,-17.7,-25.0,-20.9
70.03,-10.3,-13.5,-19.1,-24.8,-21.1
70.04,-10.9,-13.5,-22.4,-25.4,-21.3
70.05,-10.9,-13.4,-24.0,-25.6,-21.0
70.06,-10.7,-13.1,-25.5,-24.4,-20.8
70.07,-10.4,-12.5,-27.7,-25.4,-20.6
70.08,-9.7,-11.6,-29.0,-24.4,-20.5
70.09,-9.3,-11.1,-30.3,-23.4,-20.5
70.10,-9.0,-10.7,-31.1,-22.8,-20.3
70.11,-8.6,-10.1,-31.6,-22.6,-20.4
70.12,-8.6,-10.1,-31.7,-21.5,-20.2
70.13,-8.8,-10.3,-31.6,-20.8,-20.2
70.14,-8.9,-10.5,-31.5,-20.8,-20.4
70.15,-9.0,-10.8,-23.6,-21.3,-21.0
70.16,-8.2,-11.4,-14.6,-21.5,-21.6
70.17,-8.0,-11.6,-12.9,-21.6,-22.4
70.18,-7.9,-11.7,-12.3,-21.2,-22.9
70.19,-7.7,-11.5,-12.0,-21.0,-23.5
70.20,-7.7,-10.6,-12.5,-20.8,-23.5
70.21,-7.9,-9.9,-14.5,-19.7,-23.3
70.22,-8.0,-9.6,-16.4,-18.9,-23.3
70.23,-8.2,-9.7,-17.8,-18.9,-23.0
70.24,-8.5,-9.8,-19.6,-19.1,-22.8
70.25,-8.7,-10.1,-22.0,-18.5,-22.6
70.26,-8.9,-10.3,-23.5,-18.0,-22.3
70.27,-9.3,-10.8,-24.2,-18.3,-22.5
70.28,-9.6,-11.2,-23.9,-18.4,-22.3
70.29,-9.6,-11.4,-23.6,-18.0,-22.0
70.30,-9.9,-11.8,-23.5,-17.8,-22.3
70.31,-10.0,-11.9,-24.3,-18.2,-21.9
70.32,-9.6,-11.3,-26.3,-18.3,-21.9
70.33,-9.4,-11.0,-28.1,-18.2,-22.1
70.34,-9.2,-10.7,-28.3,-18.3,-22.3
70.35,-9.1,-10.3,-27.7,-18.8,-23.3
70.36,-9.1,-10.4,-26.7,-18.6,-23.5
70.37,-9.4,-10.8,-26.1,-18.6,-23.8
70.38,-9.6,-10.7,-26.1,-19.5,-24.3
70.39,-9.8,-11.1,-26.5,-19.6,-24.3
70.40,-9.9,-11.3,-27.2,-19.7,-24.1
70.41,-10.3,-11.5,-28.2,-20.9,-24.0
70.42,-10.5,-11.8,-28.9,-21.2,-24.0
70.43,-11.0,-12.1,-29.7,-21.8,-23.7
70.44,-11.3,-12.6,-30.5,-21.7,-23.7
70.45,-11.4,-12.7,-31.0,-22.1,-23.4
70.46,-11.3,-12.8,-31.5,-21.1,-23.1
70.47,-11.3,-12.9,-31.9,-20.8,-23.3
70.48,-11.4,-13.1,-32.0,-20.7,-23.2
70.49,-11.4,-13.1,-31.4,-20.3,-23.6
70.50,-10.8,-13.5,-20.3,-20.7,-24.1
70.51,-9.7,-13.4,-14.9,-21.1,-24.8
70.52,-9.0,-13.0,-13.2,-22.0,-25.0
70.53,-8.5,-12.6,-12.5,-20.4,-25.2
70.54,-8.2,-12.3,-12.0,-20.8,-24.3
70.55,-8.2,-11.4,-12.5,-19.9,-23.4
70.56,-8.8,-11.6,-14.6,-19.9,-22.7
70.57,-9.3,-11.7,-15.9,-19.4,-21.2
70.58,-9.9,-12.2,-17.7,-20.7,-20.2
70.59,-10.4,-13.2,-20.2,-20.2,-20.1
70.60,-11.8,-15.3,-21.8,-20.8,-20.0
70.61,-12.3,-17.4,-22.3,-19.7,-19.9
70.62,-13.3,-21.1,-22.6,-19.4,-20.1
70.63,-13.8,-23.8,-21.5,-19.6,-19.9
70.64,-14.2,-28.8,-21.0,-19.4,-19.9
70.65,-15.1,-30.7,-21.0,-20.0,-20.2
70.66,-14.6,-29.5,-20.4,-19.4,-20.4
70.67,-13.0,-27.1,-17.4,-20.4,-21.0
70.68,-12.7,-24.7,-16.6,-19.7,-21.3
70.69,-11.6,-22.8,-16.2,-20.5,-20.5
70.70,-11.4,-21.8,-16.2,-20.8,-19.5
70.71,-11.7,-21.4,-17.3,-21.6,-18.9
70.72,-12.5,-22.1,-19.0,-21.6,-18.6
70.73,-12.9,-23.3,-21.3,-21.7,-18.3
70.74,-13.5,-25.3,-22.4,-21.2,-18.3
70.75,-13.5,-28.7,-23.7,-20.2,-18.1
70.76,-14.1,-32.6,-25.1,-19.3,-18.4
70.77,-14.1,-35.4,-26.6,-18.7,-18.4
70.78,-14.4,-37.0,-28.1,-18.7,-18.3
70.79,-14.3,-37.8,-28.6,-18.5,-18.4
70.80,-14.3,-38.3,-29.1,-18.2,-18.6
70.81,-14.3,-38.0,-29.4,-18.3,-18.9
70.82,-14.1,-37.0,-29.4,-18.3,-19.0
70.83,-13.8,-33.3,-29.7,-18.1,-19.5
70.84,-13.2,-25.5,-30.2,-17.9,-20.0
70.85,-12.3,-18.8,-30.8,-18.3,-20.3
70.86,-11.7,-15.8,-31.4,-19.0,-20.6
70.87,-10.7,-13.8,-32.0,-19.4,-20.6
70.88,-9.6,-11.8,-32.9,-19.7,-20.0
70.89,-9.1,-10.6,-33.5,-20.5,-19.8
70.90,-8.7,-10.0,-34.0,-20.4,-19.9
70.91,-8.6,-9.8,-34.8,-20.6,-20.1
70.92,-8.7,-9.7,-35.9,-20.5,-19.9
70.93,-9.0,-10.1,-36.7,-20.5,-20.1
70.94,-9.1,-10.2,-37.7,-20.6,-20.8
70.95,-9.1,-10.1,-39.3,-20.2,-20.5
70.96,-9.1,-10.2,-39.9,-20.0,-20.2
70.97,-9.6,-10.8,-40.5,-19.8,-20.4
70.98,-10.4,-11.9,-40.3,-19.3,-20.4
70.99,-11.2,-13.5,-39.6,-19.2,-20.9
71.00,-13.3,-18.1,-39.1,-18.9,-21.0
71.01,-14.3,-21.0,-33.0,-19.0,-20.8
71.02,-13.2,-19.3,-19.0,-19.3,-21.1
71.03,-10.2,-17.0,-13.7,-19.8,-21.5
71.04,-9.1,-14.5,-12.4,-20.8,-21.8
71.05,-7.9,-12.0,-11.5,-22.5,-22.4
71.06,-7.1,-10.5,-10.9,-24.5,-23.1
71.07,-7.7,-10.0,-12.6,-27.4,-23.3
71.08,-8.1,-9.9,-14.4,-26.1,-22.8
71.09,-8.4,-10.1,-15.7,-26.5,-22.8
71.10,-9.4,-11.1,-18.0,-25.5,-22.4
71.11,-9.8,-11.7,-20.4,-23.5,-21.7
71.12,-10.2,-12.2,-22.0,-23.6,-21.7
71.13,-10.8,-12.5,-23.3,-23.9,-21.6
71.14,-11.2,-13.1,-24.9,-22.4,-21.3
71.15,-11.4,-13.4,-24.1,-22.9,-21.3
71.16,-11.4,-13.5,-22.7,-23.0,-21.3
71.17,-10.9,-13.2,-22.2,-21.5,-21.2
71.18,-10.8,-13.1,-22.1,-21.7,-21.6
71.19,-10.2,-12.9,-17.5,-22.4,-22.1
71.20,-9.4,-12.8,-14.2,-20.8,-22.3
71.21,-9.0,-12.6,-13.0,-20.6,-22.3
71.22,-8.7,-12.4,-12.4,-20.3,-22.1
71.23,-8.0,-11.8,-12.0,-19.5,-21.5
71.24,-8.2,-11.0,-13.2,-19.5,-21.1
71.25,-8.2,-10.7,-15.5,-18.8,-20.7
71.26,-8.8,-10.8,-17.0,-19.9,-20.2
71.27,-8.9,-10.9,-19.2,-18.7,-19.9
71.28,-9.7,-11.7,-22.0,-19.6,-19.7
71.29,-10.4,-13.3,-22.4,-18.5,-19.1
71.30,-11.1,-15.2,-22.0,-19.0,-18.9
71.31,-11.6,-17.2,-21.8,-18.4,-18.8
71.32,-12.4,-20.1,-20.8,-18.7,-19.0
71.33,-12.5,-20.3,-20.1,-18.9,-19.2
71.34,-12.6,-20.5,-19.9,-18.5,-19.6
71.35,-12.5,-19.6,-20.0,-19.2,-19.5
71.36,-11.7,-19.4,-18.9,-18.5,-19.2
71.37,-11.9,-19.5,-18.8,-19.8,-19.0
71.38,-11.6,-19.8,-19.0,-19.2,-19.0
71.39,-11.4,-17.7,-19.3,-20.2,-19.0
71.40,-11.1,-15.7,-20.2,-20.1,-19.7
71.41,-10.8,-14.5,-21.6,-20.6,-19.7
71.42,-10.6,-13.7,-23.5,-20.4,-20.1
71.43,-10.4,-13.3,-24.6,-20.4,-20.3
71.44,-10.7,-13.5,-26.2,-20.3,-20.7
71.45,-11.4,-14.4,-28.7,-20.4,-20.9
71.46,-12.0,-15.1,-30.7,-20.4,-21.5
71.47,-12.6,-16.2,-32.9,-20.3,-21.3
71.48,-13.4,-17.9,-34.1,-20.5,-21.0
71.49,-13.5,-19.3,-34.3,-19.8,-20.6
71.50,-13.2,-19.1,-33.9,-19.8,-20.5
71.51,-12.7,-16.8,-33.8,-20.3,-20.6
71.52,-11.4,-14.6,-33.6,-20.4,-20.6
71.53,-10.8,-13.0,-29.2,-20.3,-21.0
71.54,-9.3,-11.9,-15.8,-21.1,-21.8
71.55,-8.3,-11.0,-13.4,-22.1,-22.3
71.56,-7.9,-10.7,-12.4,-23.0,-22.7
71.57,-7.4,-10.5,-11.4,-23.3,-22.9
71.58,-7.4,-10.5,-11.3,-24.3,-22.8
71.59,-8.1,-10.6,-12.9,-23.5,-22.6
71.60,-8.5,-10.9,-14.2,-22.7,-21.6
71.61,-9.3,-11.7,-15.4,-22.2,-21.7
71.62,-10.2,-13.0,-17.5,-21.5,-20.8
71.63,-11.4,-14.9,-19.8,-21.0,-19.6
71.64,-12.4,-18.1,-21.0,-20.8,-19.1
71.65,-13.7,-24.4,-22.9,-20.7,-18.5
71.66,-15.2,-31.3,-24.4,-20.7,-18.0
71.67,-14.4,-35.3,-23.3,-20.7,-17.7
71.68,-14.1,-34.7,-22.1,-20.7,-17.7
71.69,-13.8,-31.3,-21.7,-21.2,-17.7
71.70,-12.8,-22.0,-20.7,-22.0,-18.2
71.71,-10.8,-15.2,-19.6,-23.1,-18.7
71.72,-10.4,-13.4,-19.5,-25.2,-19.9
71.73,-9.6,-12.3,-19.6,-26.1,-20.1
71.74,-9.4,-11.5,-19.8,-27.5,-20.8
71.75,-9.5,-11.6,-21.3,-27.3,-20.3
71.76,-10.1,-12.1,-23.7,-25.9,-20.1
71.77,-10.1,-12.1,-24.7,-24.7,-19.8
71.78,-10.1,-11.9,-26.3,-23.5,-20.0
71.79,-9.9,-11.9,-27.7,-22.3,-19.5
71.80,-10.0,-12.2,-29.2,-21.2,-19.5
71.81,-10.4,-12.9,-30.1,-20.8,-18.9
71.82,-11.0,-14.1,-30.1,-20.4,-18.7
71.83,-11.7,-16.0,-29.6,-20.5,-18.6
71.84,-12.2,-18.3,-29.2,-20.7,-18.2
71.85,-12.8,-21.2,-28.8,-20.8,-18.0
71.86,-12.7,-23.0,-28.6,-21.1,-17.8
71.87,-12.2,-20.7,-25.5,-21.7,-17.8
71.88,-10.6,-17.1,-18.9,-22.4,-18.1
71.89,-9.2,-13.7,-14.9,-22.8,-19.1
71.90,-8.0,-11.3,-13.7,-23.6,-19.7
71.91,-7.5,-10.1,-13.2,-23.9,-20.5
71.92,-7.2,-9.5,-12.8,-24.4,-20.4
71.93,-7.9,-9.5,-14.5,-24.6,-20.3
71.94,-8.5,-10.3,-16.8,-23.6,-20.0
71.95,-9.3,-11.5,-18.2,-22.7,-19.7
71.96,-10.5,-13.4,-19.7,-21.9,-19.8
71.97,-10.9,-16.7,-15.8,-21.7,-19.5
71.98,-11.0,-21.3,-14.2,-22.5,-19.4
71.99,-11.1,-25.2,-13.6,-22.5,-18.8
72.00,-10.6,-30.6,-13.1,-22.3,-18.5
72.01,-10.9,-32.4,-13.0,-22.4,-18.3
72.02,-11.0,-33.0,-14.3,-20.7,-18.2
72.03,-11.6,-34.5,-15.6,-20.5,-18.5
72.04,-12.1,-34.3,-16.4,-21.4,-18.8
72.05,-12.1,-33.6,-17.1,-21.6,-18.4
72.06,-12.0,-32.5,-18.8,-22.8,-17.2
72.07,-12.5,-28.7,-20.1,-24.8,-16.7
72.08,-11.6,-21.0,-20.9,-23.3,-16.2
72.09,-11.4,-17.5,-22.5,-23.9,-16.0
72.10,-10.8,-15.1,-22.7,-22.6,-16.3
72.11,-10.2,-13.9,-22.3,-21.9,-16.7
72.12,-9.8,-13.1,-22.1,-20.7,-17.0
72.13,-9.4,-12.7,-22.8,-20.4,-17.1
72.14,-9.4,-12.6,-23.5,-20.3,-16.9
72.15,-9.6,-12.6,-24.3,-21.0,-17.2
72.16,-9.6,-12.7,-25.2,-20.9,-17.0
72.17,-9.9,-12.9,-25.8,-22.0,-17.3
72.18,-9.9,-13.2,-26.0,-21.9,-16.7
72.19,-10.3,-13.9,-26.8,-21.9,-17.2
72.20,-10.5,-14.8,-28.0,-20.8,-17.1
72.21,-10.7,-15.4,-28.7,-20.6,-17.2
72.22,-10.6,-16.2,-23.4,-20.7,-17.4
72.23,-9.8,-16.2,-15.2,-20.5,-18.3
72.24,-9.2,-15.4,-13.6,-20.6,-18.2
72.25,-8.7,-14.9,-12.9,-20.6,-18.3
72.26,-8.5,-14.5,-12.4,-20.6,-18.2
72.27,-8.8,-14.6,-12.9,-20.6,-17.8
72.28,-9.1,-14.6,-14.5,-20.3,-17.5
72.29,-9.8,-14.9,-16.0,-20.3,-17.3
72.30,-10.1,-15.5,-17.2,-20.4,-17.7
72.31,-10.7,-16.5,-16.9,-20.2,-17.6
72.32,-10.0,-18.1,-15.1,-20.0,-17.7
72.33,-9.9,-21.0,-14.3,-19.8,-17.3
72.34,-10.3,-26.7,-13.9,-19.9,-17.0
72.35,-9.9,-30.3,-13.7,-20.0,-16.6
72.36,-10.7,-34.0,-14.9,-20.1,-16.6
72.37,-11.4,-35.2,-17.3,-20.1,-16.8
72.38,-11.8,-34.2,-18.5,-20.8,-17.1
72.39,-12.3,-30.0,-19.7,-21.2,-17.5
72.40,-12.5,-24.5,-20.8,-21.8,-18.0
72.41,-12.0,-20.4,-20.7,-22.0,-18.5
72.42,-11.2,-16.1,-20.7,-21.5,-18.8
72.43,-10.5,-14.2,-21.2,-20.8,-20.0
72.44,-10.0,-12.9,-21.2,-20.0,-20.6
72.45,-9.6,-12.2,-21.7,-19.6,-20.7
72.46,-9.9,-12.0,-21.9,-19.9,-21.6
72.47,-10.1,-12.1,-22.3,-20.4,-22.0
72.48,-10.3,-12.4,-23.0,-20.5,-21.7
72.49,-10.7,-12.7,-23.6,-20.6,-21.6
72.50,-10.8,-13.0,-24.1,-20.3,-21.7
72.51,-10.8,-13.1,-25.5,-19.8,-20.9
72.52,-10.8,-13.4,-26.7,-19.3,-20.6
72.53,-10.6,-13.5,-27.2,-18.8,-20.2
72.54,-10.5,-13.3,-28.3,-18.5,-20.0
72.55,-10.1,-12.9,-29.3,-18.5,-20.0
72.56,-10.0,-12.5,-29.3,-19.0,-20.2
72.57,-9.6,-12.0,-20.1,-20.2,-20.8
72.58,-9.0,-11.9,-14.9,-22.0,-21.4
72.59,-8.9,-12.1,-13.7,-24.0,-21.8
72.60,-9.0,-12.6,-13.0,-24.1,-21.9
72.61,-8.6,-12.7,-12.4,-22.9,-21.4
72.62,-9.2,-12.8,-14.0,-21.7,-21.0
72.63,-9.4,-12.9,-15.8,-20.5,-20.7
72.64,-9.6,-12.8,-16.8,-20.0,-20.5
72.65,-9.9,-12.7,-18.5,-20.0,-20.7
72.66,-9.9,-13.1,-16.5,-19.8,-21.1
72.67,-9.5,-13.0,-14.9,-20.0,-20.8
72.68,-8.8,-12.3,-14.3,-20.3,-20.9
72.69,-8.4,-11.5,-13.8,-20.3,-20.6
72.70,-8.1,-11.4,-13.5,-19.9,-20.4
72.71,-8.5,-11.3,-14.6,-19.6,-20.0
72.72,-8.6,-11.4,-15.6,-19.3,-20.0
72.73,-9.0,-12.0,-16.2,-19.3,-20.0
72.74,-9.1,-13.0,-14.8,-19.7,-20.1
72.75,-9.5,-14.5,-13.7,-20.9,-20.2
72.76,-9.6,-16.0,-13.3,-21.1,-20.2
72.77,-9.9,-19.5,-13.0,-20.4,-19.8
72.78,-10.3,-25.3,-12.5,-20.5,-19.2
72.79,-10.6,-29.6,-13.3,-19.5,-18.0
72.80,-11.3,-32.1,-14.6,-19.0,-17.7
72.81,-11.4,-32.1,-15.3,-18.7,-17.3
72.82,-12.2,-31.7,-16.7,-19.0,-17.2
72.83,-11.7,-30.5,-18.6,-18.5,-16.6
72.84,-12.1,-27.2,-19.8,-18.8,-16.5
72.85,-11.6,-24.8,-20.7,-18.0,-16.3
72.86,-11.6,-21.3,-21.4,-18.1,-16.0
72.87,-11.2,-19.4,-21.2,-18.1,-16.2
72.88,-11.4,-18.2,-20.7,-18.8,-16.8
72.89,-11.1,-17.6,-20.7,-18.8,-17.0
72.90,-11.2,-17.6,-21.1,-18.9,-17.0
72.91,-11.0,-18.0,-21.7,-18.9,-16.9
72.92,-11.1,-19.0,-21.7,-19.3,-16.4
72.93,-10.8,-19.7,-21.8,-19.5,-15.8
72.94,-11.3,-21.3,-22.0,-19.6,-15.7
72.95,-11.5,-23.0,-22.4,-19.3,-15.6
72.96,-11.8,-26.3,-23.0,-19.3,-15.6
72.97,-12.7,-29.5,-23.9,-19.7,-16.1
72.98,-13.6,-33.4,-26.1,-19.7,-16.5
72.99,-13.2,-27.9,-25.6,-20.1,-16.5
73.00,-12.7,-24.4,-20.3,-20.7,-17.0
73.01,-11.8,-21.1,-18.4,-21.7,-17.2
73.02,-11.3,-19.2,-17.6,-22.4,-17.1
73.03,-10.8,-17.8,-17.1,-22.4,-17.6
73.04,-11.0,-17.3,-17.6,-22.6,-18.1
73.05,-11.8,-17.3,-20.1,-22.9,-18.6
73.06,-12.4,-18.0,-22.3,-23.3,-18.5
73.07,-13.1,-18.9,-24.7,-24.2,-18.6
73.08,-13.4,-18.8,-23.1,-26.0,-19.1
73.09,-10.8,-15.8,-15.6,-29.3,-19.3
73.10,-9.3,-13.4,-13.6,-32.0,-19.8
73.11,-8.5,-12.3,-12.8,-30.0,-20.5
73.12,-8.0,-11.6,-12.3,-24.0,-20.6
73.13,-7.8,-11.4,-12.5,-22.0,-20.5
73.14,-8.6,-12.0,-14.1,-20.6,-20.1
73.15,-9.3,-12.9,-15.7,-19.5,-20.2
73.16,-10.0,-13.9,-16.8,-19.0,-20.4
73.17,-10.6,-15.0,-18.3,-18.6,-20.4
73.18,-11.5,-16.6,-20.7,-19.0,-20.2
73.19,-11.7,-19.4,-22.1,-18.1,-19.5
73.20,-12.6,-23.6,-22.1,-18.9,-19.3
73.21,-12.5,-25.9,-21.9,-18.0,-18.9
73.22,-13.0,-31.5,-21.9,-18.9,-18.9
73.23,-12.3,-31.3,-21.8,-17.9,-18.4
73.24,-12.9,-24.9,-22.3,-18.5,-18.9
73.25,-11.7,-18.4,-24.3,-18.2,-19.1
73.26,-10.5,-14.0,-27.1,-18.9,-19.3
73.27,-9.6,-12.1,-28.5,-19.6,-19.4
73.28,-9.1,-11.0,-28.4,-20.5,-19.4
73.29,-8.8,-10.4,-27.6,-20.5,-19.3
73.30,-8.8,-10.6,-26.8,-19.7,-18.6
73.31,-9.5,-11.5,-26.5,-19.7,-18.2
73.32,-10.1,-12.8,-26.7,-18.5,-17.9
73.33,-11.0,-14.4,-27.2,-18.6,-17.9
73.34,-11.6,-16.0,-25.6,-18.6,-17.7
73.35,-10.7,-18.6,-15.5,-18.9,-18.0
73.36,-10.2,-20.8,-13.0,-19.1,-18.2
73.37,-9.8,-20.5,-12.1,-19.1,-18.5
73.38,-9.1,-19.7,-11.2,-19.7,-18.6
73.39,-8.9,-19.4,-11.0,-19.6,-18.9
73.40,-10.1,-19.2,-12.5,-20.2,-18.8
73.41,-11.0,-19.4,-14.1,-20.7,-19.0
73.42,-11.4,-19.4,-15.2,-21.9,-19.0
73.43,-11.6,-17.8,-17.1,-21.2,-18.7
73.44,-11.1,-15.5,-19.8,-21.3,-18.0
73.45,-10.0,-13.3,-20.7,-20.1,-17.6
73.46,-9.1,-11.8,-22.8,-19.5,-17.4
73.47,-9.0,-10.9,-24.5,-19.5,-17.8
73.48,-8.7,-10.6,-24.1,-19.6,-17.8
73.49,-9.0,-10.7,-23.1,-19.5,-18.7
73.50,-9.4,-11.1,-22.7,-19.5,-19.3
73.51,-9.8,-11.7,-23.2,-18.9,-19.4
73.52,-10.1,-12.2,-23.6,-18.7,-19.9
73.53,-10.5,-12.7,-23.9,-18.4,-19.9
73.54,-10.9,-13.1,-24.1,-18.4,-20.0
73.55,-11.0,-13.8,-24.2,-18.4,-20.1
73.56,-11.4,-15.0,-24.4,-17.9,-19.8
73.57,-12.0,-16.6,-25.0,-17.8,-20.2
73.58,-12.9,-19.1,-25.8,-18.1,-20.2
73.59,-13.6,-23.5,-26.8,-18.0,-20.2
73.60,-13.6,-21.0,-28.4,-18.6,-20.6
73.61,-11.8,-15.5,-30.1,-18.4,-21.4
73.62,-10.5,-13.3,-31.9,-18.9,-21.3
73.63,-9.3,-11.2,-33.7,-18.6,-21.7
73.64,-8.4,-9.9,-34.3,-18.9,-21.5
73.65,-8.0,-9.6,-34.4,-18.0,-21.2
73.66,-8.2,-9.8,-34.5,-18.3,-21.0
73.67,-8.5,-10.0,-34.3,-18.6,-21.3
73.68,-8.9,-10.6,-34.4,-18.4,-21.0
73.69,-10.1,-12.1,-34.5,-18.9,-20.9
73.70,-10.6,-13.3,-34.3,-18.0,-20.5
73.71,-11.4,-14.7,-33.7,-19.1,-19.7
73.72,-12.6,-18.4,-33.6,-18.1,-19.3
73.73,-13.9,-25.3,-33.3,-18.9,-19.0
73.74,-13.9,-29.5,-33.4,-18.0,-19.1
73.75,-13.9,-35.4,-33.4,-18.6,-18.9
73.76,-14.0,-38.1,-33.2,-18.6,-19.2
73.77,-13.6,-34.4,-23.4,-18.7,-19.4
73.78,-11.5,-25.0,-14.8,-19.3,-19.6
73.79,-10.2,-20.2,-13.1,-19.7,-19.8
73.80,-9.7,-17.0,-12.4,-21.1,-19.9
73.81,-8.9,-15.3,-12.0,-20.2,-19.7
73.82,-8.6,-13.6,-12.4,-21.5,-19.7
73.83,-8.7,-11.9,-14.2,-21.3,-20.2
73.84,-8.7,-11.0,-15.8,-21.5,-20.4
73.85,-8.5,-10.2,-16.9,-22.4,-21.1
73.86,-8.4,-9.9,-18.9,-23.2,-20.8
73.87,-8.7,-9.8,-21.5,-23.9,-21.1
73.88,-8.7,-9.7,-23.3,-24.1,-21.1
73.89,-8.5,-9.5,-24.1,-23.4,-21.2
73.90,-8.7,-9.6,-23.7,-22.9,-21.3
73.91,-9.0,-9.9,-23.8,-22.6,-22.1
73.92,-9.3,-10.2,-23.8,-22.5,-22.2
73.93,-9.8,-10.9,-24.1,-22.9,-22.4
73.94,-10.3,-11.5,-26.1,-23.4,-22.2
73.95,-10.0,-11.4,-19.5,-26.5,-22.5
73.96,-8.9,-11.2,-14.8,-26.8,-22.2
73.97,-8.4,-11.1,-13.3,-24.2,-21.9
73.98,-8.2,-11.4,-12.1,-23.0,-22.0
73.99,-7.7,-11.6,-11.3,-21.9,-21.6
74.00,-8.3,-11.9,-12.5,-20.8,-21.1
74.01,-8.9,-12.3,-13.9,-20.8,-21.1
74.02,-9.6,-12.7,-15.2,-22.0,-20.7
74.03,-10.5,-12.8,-18.1,-24.0,-20.4
74.04,-11.2,-13.0,-21.2,-25.1,-20.4
74.05,-11.1,-12.7,-23.0,-25.6,-21.0
74.06,-10.9,-12.3,-24.5,-25.5,-21.1
74.07,-10.3,-11.6,-26.5,-24.4,-21.0
74.08,-9.5,-10.6,-26.3,-23.6,-21.3
74.09,-9.0,-10.0,-25.2,-23.5,-21.7
74.10,-9.3,-10.4,-24.5,-24.1,-21.3
74.11,-9.8,-11.3,-22.1,-24.9,-21.2
74.12,-10.4,-12.9,-18.1,-27.0,-20.4
74.13,-11.3,-16.0,-17.2,-27.5,-19.8
74.14,-12.0,-22.3,-16.9,-25.0,-19.0
74.15,-11.9,-27.0,-16.8,-22.5,-18.3
74.16,-12.3,-29.6,-18.1,-21.3,-17.8
74.17,-12.8,-31.6,-20.8,-21.5,-17.6
74.18,-12.7,-33.6,-22.4,-20.4,-17.1
74.19,-13.1,-33.3,-23.2,-20.4,-17.2
74.20,-13.1,-29.0,-24.6,-20.4,-17.3
74.21,-13.1,-25.2,-25.7,-20.3,-17.1
74.22,-13.0,-23.3,-27.7,-19.8,-17.0
74.23,-13.4,-22.4,-28.8,-19.9,-17.7
74.24,-13.2,-21.5,-29.7,-19.7,-17.6
74.25,-13.3,-21.8,-30.0,-19.4,-17.9
74.26,-13.4,-21.8,-30.0,-19.5,-18.1
74.27,-13.2,-22.6,-30.0,-19.8,-17.4
74.28,-13.0,-23.3,-30.1,-19.8,-17.3
74.29,-12.6,-24.4,-30.2,-19.5,-17.3
74.30,-12.7,-25.3,-30.8,-20.1,-17.0
74.31,-12.7,-27.8,-31.6,-19.7,-17.0
74.32,-12.7,-28.7,-32.2,-19.3,-17.5
74.33,-12.6,-29.5,-32.8,-18.7,-17.3
74.34,-12.9,-30.2,-32.7,-18.5,-17.2
74.35,-12.8,-30.4,-32.9,-17.9,-17.1
74.36,-13.5,-30.9,-32.9,-18.0,-17.5
74.37,-13.5,-31.3,-30.2,-18.1,-17.3
74.38,-13.3,-31.7,-22.6,-18.2,-18.1
74.39,-11.9,-32.3,-19.4,-18.1,-18.0
74.40,-12.3,-33.3,-18.8,-18.3,-18.3
74.41,-12.3,-34.0,-18.5,-18.0,-18.7
74.42,-12.7,-34.0,-18.8,-17.8,-19.1
74.43,-13.2,-31.2,-21.1,-17.8,-18.9
74.44,-13.9,-29.1,-24.8,-17.8,-19.4
74.45,-13.1,-24.0,-27.4,-18.1,-19.2
74.46,-11.5,-16.6,-24.8,-18.7,-19.3
74.47,-9.2,-14.0,-15.1,-19.5,-19.8
74.48,-8.6,-12.9,-13.5,-20.6,-20.3
74.49,-8.0,-11.8,-12.9,-21.8,-20.7
74.50,-7.8,-11.3,-12.5,-23.0,-20.8
74.51,-8.0,-11.3,-12.9,-23.4,-20.4
74.52,-8.6,-11.0,-14.7,-23.6,-20.1
74.53,-8.7,-10.8,-16.3,-23.1,-20.0
74.54,-8.8,-10.8,-17.4,-21.9,-19.4
74.55,-9.0,-10.8,-19.0,-20.8,-19.2
74.56,-9.3,-11.0,-21.4,-20.2,-19.5
74.57,-9.5,-11.1,-22.8,-20.2,-19.7
74.58,-9.6,-11.4,-23.2,-20.0,-20.1
74.59,-9.7,-11.7,-23.2,-19.5,-20.8
74.60,-9.8,-11.8,-23.3,-19.5,-21.0
74.61,-10.0,-11.9,-23.4,-19.6,-21.8
74.62,-10.1,-12.0,-24.1,-19.9,-22.5
74.63,-10.3,-11.8,-26.4,-20.7,-23.0
74.64,-9.9,-11.2,-28.6,-20.9,-23.0
74.65,-9.9,-11.0,-28.6,-21.6,-23.3
74.66,-9.6,-10.7,-27.2,-22.5,-23.1
74.67,-9.4,-10.3,-26.2,-24.3,-22.9
74.68,-9.0,-10.2,-25.7,-22.0,-22.4
74.69,-8.7,-10.0,-25.9,-20.5,-22.4
74.70,-8.7,-10.0,-26.6,-20.0,-22.3
74.71,-8.6,-10.2,-28.2,-18.5,-21.8
74.72,-8.9,-10.5,-28.4,-18.2,-22.1
74.73,-8.6,-11.1,-16.5,-18.6,-22.3
74.74,-8.4,-11.8,-14.1,-18.3,-22.3
74.75,-8.4,-12.5,-13.2,-18.7,-21.9
74.76,-8.1,-12.8,-12.3,-18.7,-21.9
74.77,-7.8,-12.5,-12.1,-18.9,-21.7
74.78,-8.4,-12.0,-13.6,-18.8,-21.5
74.79,-8.4,-11.5,-15.1,-18.7,-21.1
74.80,-8.3,-11.3,-16.1,-19.0,-20.9
74.81,-8.8,-11.7,-18.0,-18.8,-20.0
74.82,-9.4,-12.5,-20.7,-19.4,-19.3
74.83,-10.1,-13.6,-21.9,-19.9,-19.4
74.84,-10.6,-15.2,-23.4,-19.3,-18.6
74.85,-11.4,-16.0,-23.8,-19.7,-19.0
74.86,-11.3,-15.8,-23.6,-19.8,-19.1
74.87,-11.0,-15.2,-22.4,-18.6,-19.1
74.88,-10.6,-14.6,-22.0,-19.1,-18.7
74.89,-10.9,-14.6,-22.2,-18.5,-18.6
74.90,-11.3,-15.4,-22.2,-18.7,-18.8
74.91,-11.9,-16.6,-22.7,-19.0,-19.0
74.92,-12.4,-19.1,-23.0,-18.7,-18.4
74.93,-13.5,-24.5,-23.2,-19.0,-18.6
74.94,-13.6,-31.1,-23.6,-18.1,-19.0
74.95,-13.7,-31.8,-24.5,-18.7,-19.0
74.96,-13.4,-29.4,-25.8,-17.8,-19.2
74.97,-12.9,-22.0,-27.5,-18.3,-19.3
74.98,-12.1,-18.1,-30.0,-17.9,-19.3
74.99,-11.7,-16.2,-32.1,-18.6,-19.5
75.00,-11.3,-14.9,-34.0,-19.0,-19.4
75.01,-10.4,-13.9,-34.2,-19.0,-18.5
75.02,-10.5,-13.3,-34.1,-19.8,-18.5
75.03,-9.9,-12.4,-33.7,-20.3,-17.9
75.04,-8.9,-11.3,-33.5,-19.6,-17.4
75.05,-8.2,-10.5,-33.7,-19.1,-17.6
75.06,-8.1,-10.0,-33.7,-19.2,-18.6
75.07,-8.1,-9.9,-33.9,-18.7,-19.3
75.08,-8.3,-10.0,-34.3,-18.1,-20.2
75.09,-8.8,-10.8,-34.9,-18.0,-19.9
75.10,-9.4,-11.8,-35.8,-18.1,-19.7
75.11,-10.2,-13.2,-36.8,-18.2,-19.6
75.12,-10.7,-15.0,-37.6,-17.5,-19.2
75.13,-11.7,-17.6,-37.1,-17.8,-19.4
75.14,-12.2,-21.7,-36.5,-17.8,-19.1
75.15,-12.2,-25.6,-23.9,-17.6,-18.9
75.16,-10.4,-23.6,-15.0,-18.4,-18.8
75.17,-9.6,-19.4,-13.4,-19.3,-18.6
75.18,-9.0,-16.0,-12.8,-20.6,-18.5
75.19,-8.3,-12.9,-12.5,-21.8,-18.7
75.20,-7.8,-11.1,-12.9,-23.0,-18.8
75.21,-7.9,-10.3,-14.8,-23.2,-19.1
75.22,-8.2,-10.1,-16.6,-23.5,-19.4
75.23,-8.7,-10.3,-17.8,-24.0,-19.9
75.24,-9.4,-11.3,-19.9,-21.7,-20.0
75.25,-9.9,-12.4,-22.4,-20.0,-19.5
75.26,-10.2,-13.2,-24.1,-18.9,-19.4
75.27,-10.0,-13.6,-24.9,-17.7,-19.2
75.28,-9.7,-13.6,-24.9,-16.9,-18.6
75.29,-9.9,-13.7,-25.0,-17.2,-19.0
75.30,-10.1,-13.4,-25.0,-17.5,-19.1
75.31,-10.1,-13.0,-25.1,-17.3,-19.3
75.32,-10.0,-12.6,-25.9,-17.6,-19.5
75.33,-9.6,-12.4,-19.0,-17.8,-20.4
75.34,-8.9,-12.2,-14.6,-18.0,-20.6
75.35,-8.4,-12.1,-13.2,-18.1,-21.1
75.36,-8.3,-12.3,-12.2,-18.8,-21.4
75.37,-8.1,-12.6,-11.3,-19.7,-21.8
75.38,-8.4,-12.7,-12.8,-19.8,-20.6
75.39,-9.1,-13.0,-14.1,-20.3,-20.9
75.40,-9.7,-13.7,-15.3,-20.2,-20.4
75.41,-10.3,-14.1,-17.8,-19.3,-19.5
75.42,-10.8,-14.1,-20.9,-19.6,-18.8
75.43,-10.6,-14.2,-23.2,-18.7,-18.4
75.44,-10.0,-13.7,-24.7,-18.9,-17.5
75.45,-9.6,-12.7,-26.3,-18.6,-17.6
75.46,-9.1,-11.3,-26.0,-19.0,-17.7
75.47,-8.9,-10.8,-25.0,-19.0,-18.2
75.48,-9.3,-11.2,-24.0,-19.0,-18.5
75.49,-9.6,-11.8,-20.4,-19.2,-18.9
75.50,-9.8,-13.2,-17.6,-19.5,-19.0
75.51,-10.3,-15.9,-16.3,-20.0,-19.3
75.52,-10.6,-18.2,-15.8,-20.1,-19.2
75.53,-11.3,-18.8,-15.5,-20.9,-19.7
75.54,-11.3,-20.0,-16.5,-20.7,-19.0
75.55,-11.9,-22.5,-18.3,-20.8,-18.6
75.56,-11.9,-27.4,-19.9,-19.6,-17.7
75.57,-12.4,-27.4,-21.3,-19.4,-17.8
75.58,-12.0,-26.3,-23.1,-18.2,-17.5
75.59,-12.1,-24.8,-24.7,-18.3,-17.7
75.60,-11.7,-24.0,-26.1,-17.5,-17.8
75.61,-11.6,-23.3,-26.4,-18.2,-17.9
75.62,-11.2,-22.5,-26.2,-17.8,-18.0
75.63,-11.4,-22.9,-25.6,-18.4,-18.2
75.64,-11.4,-22.4,-26.0,-18.2,-18.3
75.65,-11.9,-19.9,-26.4,-19.1,-19.1
75.66,-11.6,-18.5,-25.6,-18.9,-19.6
75.67,-11.5,-16.9,-19.9,-20.1,-20.7
75.68,-9.8,-13.5,-15.2,-20.2,-21.5
75.69,-8.6,-11.6,-13.8,-21.4,-22.1
75.70,-8.1,-10.8,-13.3,-22.8,-22.1
75.71,-7.7,-10.5,-12.9,-23.4,-21.6
75.72,-7.9,-10.7,-13.5,-24.6,-20.6
75.73,-9.4,-12.1,-15.9,-24.2,-20.3
75.74,-10.4,-13.8,-17.4,-23.4,-19.8
75.75,-10.7,-14.8,-18.4,-22.3,-19.3
75.76,-11.4,-14.5,-20.6,-22.8,-19.2
75.77,-11.2,-14.3,-22.2,-22.1,-19.3
75.78,-10.8,-13.3,-22.7,-23.0,-19.6
75.79,-10.3,-12.3,-23.0,-22.7,-20.4
75.80,-9.8,-11.6,-23.0,-22.6,-20.7
75.81,-9.4,-11.1,-23.1,-22.0,-20.2
75.82,-9.1,-10.8,-23.3,-21.0,-20.3
75.83,-9.2,-10.7,-24.5,-20.8,-20.3
75.84,-9.1,-10.8,-26.9,-19.6,-20.2
75.85,-9.3,-11.0,-27.7,-19.9,-20.5
75.86,-9.0,-11.0,-26.9,-19.0,-20.5
75.87,-9.0,-11.1,-26.5,-19.2,-19.6
75.88,-8.8,-11.2,-25.9,-18.3,-19.1
75.89,-8.8,-11.4,-25.7,-18.6,-18.8
75.90,-8.9,-11.5,-26.4,-18.2,-19.2
75.91,-9.4,-11.8,-27.1,-18.5,-19.5
75.92,-9.6,-12.3,-27.6,-18.0,-20.0
75.93,-10.4,-12.6,-28.5,-18.5,-20.1
75.94,-10.6,-12.8,-29.4,-18.4,-20.3
75.95,-10.4,-12.9,-29.8,-18.6,-19.2
75.96,-10.2,-13.1,-30.3,-18.8,-18.6
75.97,-10.1,-13.5,-31.0,-18.8,-18.4
75.98,-10.4,-14.4,-30.5,-18.9,-18.0
75.99,-10.6,-14.8,-30.3,-18.8,-17.9
76.00,-10.6,-14.1,-30.3,-19.3,-18.0
76.01,-10.1,-12.8,-24.8,-19.4,-18.3
76.02,-9.3,-11.8,-19.3,-20.3,-18.9
76.03,-8.7,-10.8,-17.9,-20.9,-19.5
76.04,-8.4,-10.4,-17.1,-21.8,-20.1
76.05,-8.4,-10.8,-16.6,-21.7,-20.5
76.06,-9.0,-11.8,-17.5,-22.5,-19.8
76.07,-10.0,-13.6,-19.8,-20.8,-19.1
76.08,-11.1,-16.4,-21.8,-21.0,-18.4
76.09,-11.8,-21.0,-24.3,-19.2,-17.9
76.10,-12.4,-24.9,-26.5,-19.1,-17.8
76.11,-12.3,-25.7,-27.3,-18.6,-17.7
76.12,-12.3,-25.6,-27.4,-18.7,-17.5
76.13,-12.5,-25.2,-27.9,-18.4,-17.8
76.14,-12.4,-24.9,-28.5,-18.8,-17.4
76.15,-12.3,-24.6,-29.0,-18.1,-17.3
76.16,-12.2,-22.5,-29.8,-18.6,-17.4
76.17,-11.9,-20.0,-30.5,-18.3,-17.6
76.18,-11.8,-17.7,-26.6,-19.3,-17.9
76.19,-10.6,-15.9,-18.9,-18.9,-18.4
76.20,-9.6,-13.8,-15.0,-20.9,-19.3
76.21,-8.7,-12.9,-13.5,-21.3,-19.6
76.22,-8.0,-11.6,-13.0,-21.3,-19.1
76.23,-7.4,-10.8,-12.6,-21.2,-19.4
76.24,-7.5,-10.5,-13.9,-21.0,-19.5
76.25,-8.2,-10.4,-16.1,-19.8,-19.4
76.26,-8.3,-10.4,-17.5,-19.1,-19.2
76.27,-8.5,-10.7,-19.2,-19.4,-19.8
76.28,-8.7,-10.4,-21.5,-19.3,-20.3
76.29,-8.7,-10.2,-22.8,-18.9,-20.6
76.30,-8.5,-10.1,-23.7,-19.0,-21.1
76.31,-8.4,-9.7,-23.6,-18.8,-22.0
76.32,-8.5,-9.9,-22.8,-18.8,-22.0
76.33,-8.6,-10.5,-22.5,-18.2,-21.6
76.34,-9.3,-11.2,-22.4,-18.8,-21.5
76.35,-9.7,-12.0,-22.3,-18.5,-21.4
76.36,-9.8,-13.2,-18.9,-18.9,-20.9
76.37,-9.6,-13.8,-17.1,-19.3,-20.7
76.38,-9.9,-14.0,-16.2,-20.5,-20.9
76.39,-9.3,-13.6,-16.0,-19.9,-20.5
76.40,-9.2,-13.1,-16.2,-21.1,-19.9
76.41,-9.5,-12.9,-17.9,-20.8,-19.6
76.42,-9.4,-12.5,-20.8,-20.4,-18.9
76.43,-9.7,-12.1,-23.3,-21.4,-18.6
76.44,-9.4,-12.0,-25.8,-20.5,-17.9
76.45,-9.6,-12.1,-27.5,-20.5,-18.1
76.46,-9.9,-12.4,-28.3,-20.5,-17.6
76.47,-10.2,-13.1,-29.8,-20.0,-17.6
76.48,-10.7,-14.1,-29.8,-19.5,-17.8
76.49,-11.3,-15.4,-29.9,-19.2,-17.9
76.50,-11.4,-16.8,-29.9,-19.0,-17.6
76.51,-11.1,-17.0,-30.1,-18.7,-17.8
76.52,-11.0,-17.0,-29.8,-18.5,-17.8
76.53,-10.6,-17.3,-22.0,-18.8,-18.0
76.54,-9.5,-16.1,-14.4,-19.7,-19.0
76.55,-9.0,-14.7,-13.0,-20.1,-20.0
76.56,-8.6,-13.4,-12.3,-21.4,-20.5
76.57,-8.3,-12.6,-12.0,-21.3,-20.4
76.58,-8.2,-11.8,-12.6,-22.0,-20.2
76.59,-8.3,-11.5,-14.4,-20.8,-19.9
76.60,-8.7,-11.7,-15.9,-21.4,-19.5
76.61,-9.1,-11.7,-17.4,-21.0,-19.8
76.62,-9.2,-11.2,-19.3,-21.9,-20.0
76.63,-9.3,-10.9,-21.4,-21.8,-20.1
76.64,-9.0,-10.4,-22.7,-22.2,-20.0
76.65,-8.7,-10.2,-23.0,-20.8,-20.1
76.66,-9.4,-10.9,-22.9,-21.5,-20.3
76.67,-10.0,-12.0,-22.8,-20.0,-20.2
76.68,-10.9,-13.8,-22.7,-20.1,-20.1
76.69,-12.5,-18.4,-23.5,-19.4,-19.6
76.70,-12.5,-24.3,-20.2,-19.5,-19.4
76.71,-11.8,-20.7,-18.4,-19.8,-19.3
76.72,-10.8,-15.8,-17.5,-21.2,-20.0
76.73,-9.7,-13.2,-17.2,-21.6,-20.5
76.74,-9.1,-11.4,-17.1,-23.2,-21.8
76.75,-8.8,-10.3,-19.3,-23.1,-22.4
76.76,-8.5,-9.9,-21.8,-21.1,-22.6
76.77,-8.8,-10.1,-23.7,-20.5,-22.6
76.78,-9.1,-10.7,-26.1,-19.4,-22.2
76.79,-9.5,-11.3,-27.4,-19.7,-21.9
76.80,-9.9,-12.6,-28.8,-18.7,-21.2
76.81,-10.8,-13.8,-30.6,-19.4,-21.1
76.82,-11.4,-15.4,-33.0,-19.0,-20.4
76.83,-12.6,-18.1,-34.8,-19.6,-20.1
76.84,-12.8,-19.4,-35.0,-19.0,-19.8
76.85,-13.2,-19.2,-35.2,-19.8,-19.6
76.86,-13.1,-18.9,-35.3,-19.6,-19.6
76.87,-12.9,-18.4,-23.7,-20.5,-19.9
76.88,-11.6,-18.4,-17.7,-20.9,-20.0
76.89,-10.5,-18.9,-13.9,-23.6,-19.6
76.90,-9.5,-19.7,-12.5,-23.4,-19.2
76.91,-9.2,-20.4,-11.9,-22.8,-18.4
76.92,-8.7,-19.4,-11.6,-22.5,-18.1
76.93,-9.4,-18.6,-13.0,-20.5,-17.8
76.94,-10.2,-18.8,-15.0,-20.1,-17.6
76.95,-10.4,-19.2,-16.5,-18.9,-17.2
76.96,-11.1,-20.3,-18.2,-19.1,-17.4
76.97,-11.5,-22.0,-20.3,-18.7,-17.2
76.98,-12.1,-25.2,-21.6,-19.0,-17.2
76.99,-13.1,-25.6,-22.3,-19.3,-17.5
77.00,-13.1,-27.0,-22.0,-19.4,-17.4
77.01,-12.6,-28.0,-21.2,-20.1,-17.3
77.02,-12.7,-28.7,-21.0,-19.6,-17.1
77.03,-12.4,-28.6,-21.3,-19.8,-16.9
77.04,-11.8,-28.3,-20.5,-19.5,-16.9
77.05,-10.8,-24.3,-17.2,-20.1,-17.0
77.06,-9.5,-17.5,-14.9,-20.9,-17.5
77.07,-8.7,-15.0,-13.9,-22.2,-18.5
77.08,-8.6,-13.6,-13.4,-24.7,-19.8
77.09,-8.2,-12.2,-13.3,-24.3,-20.2
77.10,-8.6,-11.6,-14.1,-25.4,-20.9
77.11,-9.2,-11.6,-16.1,-25.3,-20.8
77.12,-9.3,-11.2,-18.0,-25.8,-19.9
77.13,-9.4,-11.1,-19.4,-27.1,-20.0
77.14,-9.6,-11.0,-22.2,-29.2,-19.9
77.15,-9.7,-11.0,-24.4,-28.3,-20.1
77.16,-9.8,-11.1,-24.6,-28.3,-20.3
77.17,-9.9,-11.3,-24.1,-26.1,-20.6
77.18,-10.1,-11.6,-24.6,-25.9,-20.9
77.19,-10.3,-11.8,-24.8,-24.9,-21.0
77.20,-10.3,-11.8,-25.0,-23.9,-20.8
77.21,-10.4,-12.0,-26.9,-23.4,-20.6
77.22,-10.6,-12.2,-28.6,-22.6,-20.7
77.23,-10.8,-12.7,-28.3,-22.0,-20.9
77.24,-11.1,-13.0,-27.1,-21.5,-20.8
77.25,-10.7,-12.5,-25.6,-20.9,-21.1
77.26,-10.6,-12.5,-25.0,-21.2,-21.3
77.27,-10.3,-12.2,-25.2,-20.5,-21.3
77.28,-10.1,-11.7,-25.5,-20.8,-21.7
77.29,-10.0,-11.4,-26.3,-20.4,-22.0
77.30,-10.0,-11.4,-27.5,-20.3,-22.3
77.31,-10.1,-11.4,-28.7,-20.4,-22.2
77.32,-10.0,-11.5,-30.0,-20.1,-21.9
77.33,-10.1,-11.8,-30.9,-20.1,-21.7
77.34,-10.3,-12.0,-31.9,-20.3,-21.7
77.35,-10.3,-12.1,-32.7,-20.0,-21.8
77.36,-10.3,-12.0,-33.2,-20.4,-21.9
77.37,-10.3,-12.0,-33.8,-20.3,-22.1
77.38,-10.2,-11.8,-34.8,-20.3,-21.8
77.39,-10.2,-11.9,-29.2,-20.8,-21.5
77.40,-9.3,-12.2,-18.0,-20.8,-21.3
77.41,-9.1,-12.4,-14.9,-21.6,-21.0
77.42,-8.7,-12.2,-13.9,-21.0,-20.9
77.43,-8.5,-12.2,-13.4,-21.7,-21.2
77.44,-8.5,-12.2,-13.1,-21.2,-21.4
77.45,-9.2,-12.2,-15.0,-20.9,-21.7
77.46,-9.7,-12.5,-16.7,-20.2,-22.1
77.47,-10.4,-13.8,-17.8,-20.5,-21.1
77.48,-10.8,-15.1,-19.5,-19.6,-19.9
77.49,-11.5,-16.8,-21.7,-19.8,-19.1
77.50,-12.0,-20.0,-22.5,-19.4,-18.8
77.51,-12.8,-23.8,-22.6,-19.8,-18.6
77.52,-12.3,-26.7,-21.6,-19.4,-18.0
77.53,-12.0,-28.8,-21.0,-19.2,-17.5
77.54,-11.2,-29.4,-20.1,-19.0,-17.0
77.55,-11.2,-29.8,-21.0,-19.3,-17.1
77.56,-10.6,-30.8,-18.5,-20.1,-17.2
77.57,-10.3,-30.7,-16.9,-20.3,-17.6
77.58,-10.9,-30.0,-16.2,-21.7,-18.3
77.59,-11.0,-29.0,-15.7,-21.3,-18.7
77.60,-10.6,-28.7,-15.6,-20.4,-18.3
77.61,-11.3,-28.8,-17.0,-19.6,-18.1
77.62,-12.3,-29.2,-17.8,-19.7,-17.8
77.63,-12.2,-30.5,-19.0,-19.1,-17.5
77.64,-12.1,-32.3,-19.7,-19.2,-17.4
77.65,-12.6,-32.9,-19.8,-19.4,-17.2
77.66,-12.9,-32.9,-20.7,-19.2,-17.9
77.67,-12.9,-30.5,-20.7,-19.2,-17.9
77.68,-13.5,-26.7,-20.9,-19.5,-18.0
77.69,-12.7,-24.4,-21.4,-18.9,-18.0
77.70,-12.8,-22.7,-21.3,-19.3,-18.2
77.71,-12.7,-21.4,-21.6,-18.8,-18.4
77.72,-12.5,-20.5,-22.2,-18.9,-18.8
77.73,-12.8,-19.5,-22.4,-18.9,-19.7
77.74,-12.5,-19.2,-19.3,-19.2,-20.1
77.75,-10.8,-17.9,-15.3,-20.5,-20.7
77.76,-9.4,-15.3,-13.7,-21.1,-21.0
77.77,-8.8,-13.6,-13.1,-22.9,-21.0
77.78,-8.0,-11.9,-12.7,-24.7,-21.2
77.79,-7.8,-10.5,-13.3,-25.6,-21.6
77.80,-7.8,-9.7,-15.3,-25.6,-21.5
77.81,-7.7,-9.1,-17.1,-25.7,-21.4
77.82,-8.1,-9.2,-18.8,-26.6,-21.5
77.83,-8.6,-9.8,-21.3,-26.1,-21.3
77.84,-9.3,-10.6,-22.9,-26.0,-21.1
77.85,-10.3,-12.0,-22.9,-26.2,-20.9
77.86,-11.3,-13.5,-23.1,-25.1,-21.1
77.87,-11.6,-14.1,-22.6,-25.0,-21.0
77.88,-11.4,-14.0,-21.8,-24.9,-21.2
77.89,-11.0,-13.2,-21.6,-24.0,-21.6
77.90,-10.5,-12.3,-22.1,-24.5,-21.7
77.91,-10.0,-11.5,-22.5,-25.3,-22.0
77.92,-9.6,-10.9,-22.6,-24.7,-22.3
77.93,-9.4,-10.5,-23.3,-25.0,-22.1
77.94,-9.6,-10.7,-24.5,-24.2,-22.4
77.95,-9.8,-11.0,-24.7,-22.3,-22.2
77.96,-9.9,-11.1,-25.3,-21.2,-22.2
77.97,-10.0,-11.5,-26.7,-19.9,-22.1
77.98,-10.0,-11.8,-28.0,-19.0,-21.8
77.99,-9.9,-11.8,-29.0,-18.3,-22.1
78.00,-10.1,-11.9,-30.2,-18.5,-22.5
78.01,-10.2,-12.0,-32.2,-18.6,-22.7
78.02,-10.2,-11.7,-33.9,-18.8,-23.0
78.03,-10.2,-11.2,-34.9,-20.0,-23.6
78.04,-10.0,-11.0,-35.1,-20.4,-23.0
78.05,-9.8,-10.8,-35.1,-20.4,-23.1
78.06,-9.6,-10.8,-35.2,-20.0,-22.2
78.07,-9.8,-11.4,-33.0,-19.7,-22.2
78.08,-9.9,-12.2,-21.0,-19.9,-22.0
78.09,-10.0,-12.6,-18.5,-20.3,-21.6
78.10,-9.9,-12.7,-17.7,-21.1,-21.5
78.11,-9.9,-12.4,-17.3,-22.2,-21.6
78.12,-9.6,-12.1,-17.3,-21.2,-20.8
78.13,-9.5,-11.8,-19.9,-20.1,-20.6
78.14,-9.3,-11.3,-22.0,-19.7,-21.0
78.15,-9.3,-11.2,-23.9,-19.3,-21.3
78.16,-9.2,-11.1,-26.0,-19.3,-21.3
78.17,-9.1,-10.9,-27.8,-19.6,-21.9
78.18,-9.2,-10.9,-29.4,-19.6,-22.4
78.19,-9.2,-10.7,-30.4,-19.5,-22.4
78.20,-8.7,-10.1,-31.5,-19.3,-22.6
78.21,-8.4,-9.6,-32.2,-19.2,-22.5
78.22,-8.4,-9.4,-32.5,-19.2,-22.8
78.23,-8.3,-9.3,-33.3,-19.2,-23.2
78.24,-8.6,-9.6,-33.8,-19.5,-23.4
78.25,-9.0,-9.9,-32.1,-20.2,-24.0
78.26,-8.8,-10.2,-20.3,-20.2,-23.7
78.27,-8.5,-10.5,-15.6,-20.6,-23.8
78.28,-8.5,-10.9,-14.2,-21.7,-23.7
78.29,-8.4,-11.0,-13.6,-21.9,-23.6
78.30,-8.1,-10.8,-13.1,-22.5,-23.3
78.31,-8.5,-10.7,-14.9,-22.6,-23.1
78.32,-9.0,-10.6,-16.8,-22.7,-23.5
78.33,-9.2,-10.8,-18.0,-22.5,-23.3
78.34,-9.3,-10.9,-19.8,-22.5,-23.7
78.35,-9.2,-10.6,-21.9,-22.6,-23.8
78.36,-9.0,-10.3,-22.8,-23.0,-23.6
78.37,-8.3,-9.7,-23.3,-22.0,-23.1
78.38,-8.4,-9.7,-23.3,-21.6,-22.8
78.39,-8.6,-10.1,-22.3,-22.0,-22.5
78.40,-9.1,-10.6,-21.6,-22.1,-22.6
78.41,-9.9,-11.8,-21.5,-21.8,-22.8
78.42,-10.4,-12.5,-21.4,-22.6,-22.9
78.43,-9.8,-12.4,-17.4,-23.9,-23.0
78.44,-9.3,-12.3,-14.6,-23.4,-23.3
78.45,-8.7,-11.8,-13.4,-23.8,-22.7
78.46,-8.4,-11.7,-13.0,-23.2,-21.7
78.47,-8.4,-11.9,-12.6,-21.8,-21.5
78.48,-8.8,-11.9,-13.5,-21.5,-21.3
78.49,-9.1,-12.0,-15.4,-20.3,-21.1
78.50,-9.6,-12.1,-16.9,-20.5,-21.1
78.51,-10.3,-12.6,-18.6,-20.7,-20.9
78.52,-10.5,-12.8,-21.2,-20.6,-20.6
78.53,-10.6,-12.7,-22.9,-20.7,-20.5
78.54,-10.2,-12.2,-23.1,-20.6,-20.4
78.55,-9.8,-11.7,-23.1,-20.7,-20.4
78.56,-9.6,-11.2,-22.1,-21.0,-21.1
78.57,-9.2,-10.7,-21.6,-20.6,-21.6
78.58,-9.2,-10.5,-21.5,-21.5,-21.8
78.59,-9.1,-10.4,-21.4,-20.9,-21.7
78.60,-9.2,-10.4,-21.6,-21.2,-22.3
78.61,-9.1,-10.4,-21.9,-21.2,-22.1
78.62,-9.0,-10.3,-22.4,-21.2,-21.9
78.63,-9.1,-10.4,-23.0,-21.8,-21.9
78.64,-9.2,-10.6,-23.9,-22.2,-22.0
78.65,-9.4,-11.0,-25.0,-22.5,-22.0
78.66,-10.2,-11.9,-25.9,-23.0,-21.7
78.67,-10.8,-13.0,-26.9,-21.5,-21.4
78.68,-11.4,-14.0,-27.8,-21.8,-21.0
78.69,-11.9,-15.6,-28.7,-20.2,-20.5
78.70,-12.7,-17.1,-29.7,-20.6,-19.9
78.71,-13.0,-17.5,-30.2,-20.3,-19.6
78.72,-12.6,-16.2,-30.8,-21.1,-19.7
78.73,-11.4,-14.2,-31.0,-20.4,-19.4
78.74,-11.4,-13.7,-31.0,-21.4,-19.7
78.75,-11.0,-13.3,-31.2,-20.8,-19.9
78.76,-10.9,-13.0,-31.4,-21.5,-20.4
78.77,-11.1,-13.5,-26.4,-21.2,-20.9
78.78,-10.1,-13.1,-16.2,-23.0,-21.2
78.79,-8.8,-12.3,-13.8,-22.8,-21.5
78.80,-8.6,-12.2,-12.9,-23.6,-21.6
78.81,-8.4,-12.0,-12.3,-23.7,-21.5
78.82,-8.1,-11.9,-12.3,-23.4,-20.7
78.83,-8.8,-12.0,-14.1,-22.9,-19.9
78.84,-9.4,-11.9,-15.7,-23.0,-19.9
78.85,-9.2,-11.7,-16.9,-22.8,-19.2
78.86,-9.5,-11.6,-18.9,-22.2,-19.1
78.87,-9.7,-11.4,-21.4,-21.9,-19.4
78.88,-9.7,-11.5,-23.1,-21.5,-19.9
78.89,-10.4,-12.3,-23.4,-20.9,-20.2
78.90,-10.7,-13.2,-22.4,-20.6,-20.7
78.91,-11.5,-14.6,-21.2,-20.6,-20.8
78.92,-12.8,-17.3,-20.8,-20.5,-20.1
78.93,-13.6,-20.6,-20.6,-20.5,-20.2
78.94,-13.0,-20.7,-18.4,-20.8,-20.2
78.95,-11.5,-18.3,-16.6,-21.5,-20.4
78.96,-10.1,-13.7,-16.0,-22.9,-21.0
78.97,-8.9,-11.5,-15.8,-24.0,-21.5
78.98,-8.7,-11.2,-15.8,-22.3,-21.7
78.99,-8.7,-10.7,-17.7,-20.5,-21.5
79.00,-9.0,-11.1,-20.0,-19.4,-21.6
79.01,-9.7,-12.6,-21.4,-18.4,-21.2
79.02,-10.1,-13.6,-23.3,-17.9,-21.0
79.03,-10.4,-13.9,-24.2,-17.7,-20.7
79.04,-10.3,-13.8,-26.3,-17.9,-20.3
79.05,-10.6,-13.8,-28.7,-17.8,-20.0
79.06,-10.9,-14.6,-31.0,-17.4,-19.6
79.07,-11.1,-15.3,-32.1,-17.1,-19.4
79.08,-11.2,-16.0,-32.4,-17.2,-19.4
79.09,-11.6,-16.8,-33.0,-17.1,-19.2
79.10,-11.1,-15.9,-33.6,-16.9,-19.4
79.11,-10.9,-15.1,-34.0,-17.0,-19.5
79.12,-10.3,-13.7,-34.2,-17.4,-19.6
79.13,-10.4,-13.5,-34.5,-18.1,-19.6
79.14,-9.9,-12.8,-34.3,-18.8,-19.2
79.15,-9.4,-12.5,-34.0,-18.8,-18.3
79.16,-9.6,-12.5,-33.8,-19.5,-17.9
79.17,-9.5,-12.9,-34.1,-19.4,-17.4
79.18,-9.2,-13.0,-34.6,-18.8,-17.0
79.19,-9.6,-14.0,-35.8,-18.8,-16.5
79.20,-10.2,-14.7,-37.3,-19.0,-16.7
79.21,-10.3,-14.8,-39.0,-18.9,-16.5
79.22,-10.8,-15.2,-40.0,-19.3,-16.8
79.23,-10.7,-15.5,-40.8,-18.8,-16.2
79.24,-11.1,-16.1,-41.6,-19.2,-16.4
79.25,-11.1,-16.9,-41.9,-19.3,-15.9
79.26,-11.4,-17.1,-42.5,-19.8,-15.8
79.27,-11.4,-17.5,-41.8,-19.7,-15.7
79.28,-11.7,-18.4,-38.8,-19.9,-16.1
79.29,-11.8,-18.7,-27.7,-20.0,-16.4
79.30,-10.4,-18.4,-15.5,-20.6,-17.4
79.31,-9.3,-17.2,-13.6,-21.1,-17.9
79.32,-8.9,-15.7,-12.7,-20.7,-19.0
79.33,-8.1,-14.6,-12.0,-20.9,-19.1
79.34,-8.3,-14.8,-12.2,-20.7,-19.3
79.35,-9.3,-15.6,-13.6,-19.6,-19.4
79.36,-10.5,-17.3,-15.1,-18.7,-19.2
79.37,-11.1,-20.6,-16.2,-18.5,-18.8
79.38,-12.5,-28.2,-18.2,-18.4,-18.3
79.39,-13.1,-32.6,-20.4,-17.7,-18.1
79.40,-13.3,-35.3,-22.2,-17.6,-17.7
79.41,-13.3,-35.2,-24.3,-17.8,-17.1
79.42,-13.0,-33.2,-24.9,-17.7,-16.9
79.43,-12.8,-30.6,-23.2,-17.4,-17.1
79.44,-12.5,-27.1,-22.1,-17.3,-17.2
79.45,-12.2,-22.4,-21.7,-17.4,-17.6
79.46,-11.3,-18.4,-20.7,-17.4,-18.2
79.47,-9.9,-16.3,-14.9,-17.8,-19.0
79.48,-9.2,-15.0,-13.1,-18.4,-19.7
79.49,-8.6,-14.2,-12.4,-19.2,-19.8
79.50,-8.7,-13.9,-12.0,-20.3,-20.3
79.51,-8.9,-14.3,-12.2,-20.8,-20.1
79.52,-10.0,-15.2,-14.1,-20.5,-19.9
79.53,-11.0,-16.4,-15.8,-20.8,-19.7
79.54,-11.3,-17.8,-17.0,-20.5,-19.1
79.55,-12.0,-20.4,-18.9,-20.2,-18.8
79.56,-12.8,-23.8,-21.0,-19.9,-18.4
79.57,-13.0,-25.4,-22.3,-19.6,-18.0
79.58,-13.6,-28.4,-22.4,-19.4,-17.8
79.59,-13.4,-33.2,-21.3,-19.3,-17.7
79.60,-12.7,-32.4,-20.1,-19.3,-17.7
79.61,-12.3,-22.8,-19.8,-19.1,-18.1
79.62,-11.3,-17.6,-19.3,-19.2,-18.6
79.63,-10.1,-14.5,-18.7,-19.7,-19.5
79.64,-9.2,-12.1,-17.8,-21.1,-20.8
79.65,-8.6,-10.8,-17.5,-22.7,-21.4
79.66,-8.6,-10.5,-17.6,-23.8,-22.3
79.67,-8.5,-10.5,-17.9,-23.9,-22.0
79.68,-8.8,-10.9,-19.0,-22.9,-21.8
79.69,-9.4,-11.5,-21.3,-22.5,-21.4
79.70,-9.3,-12.0,-22.6,-20.8,-21.1
79.71,-9.9,-12.8,-25.0,-20.9,-20.5
79.72,-10.3,-13.6,-26.3,-19.7,-20.5
79.73,-11.0,-14.5,-28.2,-20.1,-20.5
79.74,-11.5,-15.8,-29.3,-19.0,-20.5
79.75,-12.4,-16.4,-30.7,-19.6,-20.6
79.76,-12.3,-16.8,-31.2,-18.4,-20.4
79.77,-12.4,-17.3,-31.8,-19.0,-19.8
79.78,-12.6,-18.6,-32.1,-18.1,-19.5
79.79,-12.4,-17.8,-32.7,-18.6,-19.6
79.80,-10.9,-14.3,-31.0,-18.3,-19.8
79.81,-9.7,-12.0,-20.4,-19.3,-20.8
79.82,-8.5,-10.7,-15.9,-19.7,-21.3
79.83,-7.8,-9.8,-14.4,-21.4,-21.8
79.84,-7.6,-9.6,-13.9,-21.8,-22.6
79.85,-7.8,-9.9,-13.3,-22.2,-22.6
79.86,-8.5,-10.5,-14.9,-21.2,-22.4
79.87,-9.4,-11.4,-17.1,-20.4,-22.5
79.88,-10.0,-12.1,-18.4,-19.8,-22.1
79.89,-10.5,-13.0,-19.8,-19.9,-21.5
79.90,-11.1,-13.6,-21.7,-20.0,-21.6
79.91,-11.4,-13.9,-23.2,-19.9,-21.5
79.92,-11.3,-13.5,-22.9,-20.4,-21.8
79.93,-11.0,-13.2,-22.5,-20.4,-22.1
79.94,-10.6,-12.5,-22.9,-20.2,-22.7
79.95,-10.4,-11.9,-23.2,-20.6,-22.5
79.96,-9.7,-10.9,-23.4,-20.6,-22.5
79.97,-9.4,-10.5,-25.2,-20.7,-22.0
79.98,-9.2,-10.2,-27.6,-20.6,-21.9
79.99,-9.2,-10.3,-28.6,-20.6,-21.4
80.00,-9.3,-10.5,-28.0,-20.6,-22.0
80.01,-9.6,-10.9,-27.3,-21.1,-22.4
80.02,-9.9,-11.1,-26.5,-21.7,-22.4
80.03,-10.2,-11.6,-26.2,-21.3,-22.7
80.04,-10.7,-12.1,-26.3,-21.1,-22.7
80.05,-11.1,-13.0,-26.7,-21.0,-21.1
80.06,-12.0,-14.5,-27.4,-20.0,-20.4
80.07,-13.2,-16.8,-28.3,-20.2,-19.7
80.08,-13.8,-20.6,-29.5,-19.2,-18.8
80.09,-13.9,-21.7,-30.6,-19.4,-18.7
80.10,-13.6,-21.3,-31.5,-18.6,-18.7
80.11,-12.7,-18.7,-31.6,-18.3,-18.6
80.12,-12.1,-16.4,-31.5,-18.1,-19.0
80.13,-11.8,-15.4,-31.3,-17.9,-19.5
80.14,-11.6,-14.6,-31.6,-18.3,-19.6
80.15,-11.0,-14.1,-25.9,-18.2,-19.8
80.16,-9.3,-13.2,-16.6,-19.2,-19.6
80.17,-8.5,-12.5,-13.9,-20.0,-20.1
80.18,-8.0,-11.8,-13.0,-22.2,-20.4
80.19,-7.6,-11.4,-12.5,-22.6,-21.0
80.20,-7.9,-11.5,-12.5,-21.9,-21.7
80.21,-8.9,-11.8,-14.5,-22.0,-22.2
80.22,-9.3,-12.0,-16.3,-21.8,-22.0
80.23,-10.0,-12.5,-17.5,-21.6,-22.2
80.24,-10.5,-13.1,-19.4,-23.3,-21.1
80.25,-11.0,-13.7,-21.4,-23.3,-21.0
80.26,-11.7,-14.7,-22.8,-23.1,-21.1
80.27,-12.0,-15.6,-23.1,-22.1,-20.6
80.28,-11.9,-16.0,-22.2,-22.0,-20.6
80.29,-12.3,-17.2,-21.0,-21.7,-20.6
80.30,-12.2,-17.4,-20.6,-22.4,-20.4
80.31,-12.5,-17.6,-20.6,-22.8,-20.8
80.32,-11.7,-17.5,-18.4,-23.5,-21.1
80.33,-11.0,-15.6,-16.8,-23.9,-21.9
80.34,-10.0,-13.0,-16.5,-26.6,-23.2
80.35,-9.0,-11.3,-16.3,-25.4,-23.7
80.36,-8.1,-10.0,-16.3,-24.4,-23.2
80.37,-7.9,-9.3,-18.3,-21.9,-22.6
80.38,-8.0,-9.3,-20.6,-21.6,-22.1
80.39,-8.3,-10.0,-22.0,-19.7,-21.0
80.40,-9.2,-11.3,-24.3,-19.5,-20.3
80.41,-10.2,-13.2,-25.3,-18.8,-19.6
80.42,-11.7,-16.2,-27.3,-19.0,-18.7
80.43,-12.6,-20.6,-28.1,-18.2,-18.0
80.44,-13.5,-25.7,-29.3,-18.6,-17.8
80.45,-13.2,-29.8,-30.0,-18.0,-17.3
80.46,-13.2,-34.0,-30.5,-18.3,-17.3
80.47,-13.1,-33.6,-30.8,-17.9,-17.3
80.48,-13.1,-31.4,-31.2,-18.3,-17.3
80.49,-12.9,-24.9,-31.5,-18.1,-17.4
80.50,-11.5,-16.6,-32.2,-18.6,-17.7
80.51,-10.9,-14.8,-32.8,-18.5,-18.1
80.52,-10.4,-13.5,-33.4,-19.3,-18.5
80.53,-10.2,-12.7,-34.2,-19.2,-19.0
80.54,-9.7,-12.2,-34.8,-19.4,-19.1
80.55,-10.2,-12.6,-34.8,-20.2,-19.1
80.56,-10.2,-12.4,-35.0,-20.2,-18.6
80.57,-10.2,-12.1,-35.2,-20.1,-18.2
80.58,-9.8,-11.8,-35.1,-20.6,-17.8
80.59,-9.7,-11.5,-35.6,-20.5,-17.7
80.60,-10.0,-12.2,-36.0,-20.0,-17.6
80.61,-10.4,-12.9,-35.7,-20.0,-17.9
80.62,-11.1,-14.1,-35.9,-19.9,-17.9
80.63,-12.2,-16.7,-36.1,-19.9,-18.1
80.64,-13.1,-19.8,-36.2,-19.8,-18.3
80.65,-13.2,-18.9,-36.3,-20.0,-18.3
80.66,-11.6,-14.9,-36.2,-20.2,-18.7
80.67,-10.7,-13.8,-27.7,-20.3,-19.0
80.68,-9.2,-12.8,-15.5,-21.1,-19.4
80.69,-8.1,-11.7,-13.6,-21.3,-19.3
80.70,-7.7,-11.3,-12.8,-21.5,-19.3
80.71,-7.4,-11.4,-12.1,-22.0,-19.4
80.72,-7.2,-11.0,-12.3,-22.0,-19.1
80.73,-7.6,-10.9,-13.9,-21.2,-19.0
80.74,-8.3,-11.2,-15.5,-21.5,-19.2
80.75,-8.7,-11.6,-16.5,-21.6,-19.3
80.76,-9.5,-11.9,-19.1,-21.2,-19.4
80.77,-9.9,-12.3,-21.0,-21.3,-19.8
80.78,-10.4,-12.8,-22.0,-21.5,-20.5
80.79,-10.5,-13.4,-23.9,-21.1,-20.5
80.80,-11.1,-14.2,-24.1,-21.6,-20.9
80.81,-11.4,-14.8,-22.7,-21.6,-21.0
80.82,-11.6,-15.6,-21.8,-21.4,-21.2
80.83,-11.0,-14.0,-21.3,-21.9,-21.4
80.84,-10.4,-13.1,-20.4,-22.6,-21.5
80.85,-9.1,-12.4,-14.7,-22.9,-21.6
80.86,-8.6,-12.0,-13.2,-23.4,-21.3
80.87,-8.2,-11.6,-12.6,-23.1,-21.3
80.88,-8.0,-11.7,-12.2,-22.2,-21.1
80.89,-8.1,-11.7,-12.6,-21.9,-20.9
80.90,-8.6,-12.0,-14.3,-20.9,-20.8
80.91,-9.4,-12.8,-15.9,-21.1,-20.8
80.92,-9.8,-13.5,-17.2,-20.7,-20.1
80.93,-11.0,-14.9,-19.2,-20.5,-19.9
80.94,-12.1,-16.2,-21.6,-20.2,-19.4
80.95,-11.8,-16.6,-22.7,-19.9,-18.7
80.96,-12.1,-16.6,-22.4,-19.8,-18.7
80.97,-11.9,-16.9,-21.4,-19.7,-18.4
80.98,-11.4,-16.4,-20.3,-19.6,-18.4
80.99,-11.5,-15.9,-19.9,-20.0,-18.7
81.00,-11.2,-15.5,-19.9,-20.3,-18.9
81.01,-11.2,-16.0,-18.0,-21.0,-19.8
81.02,-10.9,-16.2,-16.4,-21.9,-20.3
81.03,-10.5,-15.2,-16.1,-22.8,-21.0
81.04,-10.1,-14.4,-16.1,-22.3,-21.7
81.05,-9.9,-13.5,-16.4,-22.0,-21.7
81.06,-9.7,-12.7,-17.9,-21.0,-21.5
81.07,-10.0,-12.8,-20.4,-20.2,-21.1
81.08,-10.4,-13.8,-21.6,-19.7,-20.6
81.09,-11.4,-15.4,-23.6,-19.5,-20.1
81.10,-12.0,-17.5,-24.5,-19.8,-19.7
81.11,-12.9,-20.4,-26.9,-19.6,-19.3
81.12,-13.7,-25.1,-28.3,-19.5,-18.9
81.13,-14.1,-27.5,-29.6,-19.4,-18.9
81.14,-14.7,-29.7,-30.8,-19.3,-19.2
81.15,-14.8,-30.0,-31.4,-19.2,-19.7
81.16,-14.9,-29.0,-31.6,-19.4,-19.9
81.17,-14.1,-21.8,-31.8,-19.2,-20.2
81.18,-12.3,-16.8,-28.0,-19.4,-20.4
81.19,-10.7,-14.6,-19.2,-20.0,-20.4
81.20,-9.2,-13.0,-14.9,-21.5,-20.6
81.21,-8.1,-11.7,-13.6,-21.6,-20.4
81.22,-7.9,-11.4,-13.0,-21.4,-20.7
81.23,-7.6,-11.2,-12.6,-21.0,-20.7
81.24,-8.3,-11.2,-14.5,-20.6,-21.0
81.25,-8.9,-11.2,-16.7,-20.0,-21.4
81.26,-9.2,-11.4,-18.0,-20.2,-21.7
81.27,-9.6,-11.7,-19.6,-19.8,-21.9
81.28,-10.2,-12.1,-21.6,-19.9,-22.2
81.29,-10.4,-12.3,-23.1,-19.7,-22.3
81.30,-10.5,-12.6,-22.8,-19.5,-21.8
81.31,-10.4,-12.6,-22.5,-19.3,-22.1
81.32,-10.4,-12.6,-23.0,-19.4,-21.7
81.33,-10.1,-12.2,-23.3,-19.3,-21.9
81.34,-9.6,-11.5,-23.5,-19.0,-21.7
81.35,-9.3,-11.1,-25.2,-18.8,-21.5
81.36,-9.3,-10.9,-27.4,-18.9,-21.8
81.37,-9.2,-10.8,-28.1,-18.8,-21.9
81.38,-9.2,-10.9,-27.3,-18.6,-21.5
81.39,-9.4,-11.2,-26.6,-18.6,-21.6
81.40,-9.8,-11.6,-26.1,-19.0,-22.3
81.41,-10.0,-11.9,-26.1,-19.3,-21.9
81.42,-10.2,-12.0,-26.4,-19.4,-22.0
81.43,-10.5,-12.2,-27.1,-19.3,-22.0
81.44,-10.8,-12.4,-27.6,-19.8,-22.6
81.45,-10.8,-12.6,-28.5,-20.1,-22.5
81.46,-10.9,-12.6,-29.4,-20.4,-21.3
81.47,-11.2,-12.8,-30.3,-21.5,-21.0
81.48,-11.4,-13.1,-31.0,-21.9,-21.2
81.49,-11.4,-13.1,-31.6,-22.1,-20.8
81.50,-11.5,-13.3,-31.8,-22.2,-20.2
81.51,-11.6,-13.8,-32.0,-22.7,-20.4
81.52,-12.1,-14.6,-32.0,-22.9,-20.5
81.53,-11.9,-15.5,-23.7,-22.7,-20.6
81.54,-10.6,-17.2,-14.8,-23.8,-20.1
81.55,-10.1,-19.8,-13.1,-22.7,-19.6
81.56,-10.0,-22.8,-12.3,-23.1,-19.2
81.57,-9.4,-26.6,-11.9,-20.8,-18.2
81.58,-9.7,-31.7,-12.1,-20.3,-17.2
81.59,-10.1,-34.4,-13.8,-19.0,-16.4
81.60,-10.3,-34.8,-15.6,-18.4,-15.8
81.61,-11.1,-34.9,-17.0,-18.0,-15.7
81.62,-10.8,-35.2,-19.0,-17.6,-15.5
81.63,-11.3,-35.4,-21.7,-17.8,-15.5
81.64,-11.3,-35.8,-22.8,-17.0,-15.9
81.65,-11.4,-36.0,-22.4,-17.6,-15.9
81.66,-11.0,-37.2,-22.3,-16.8,-15.7
81.67,-12.0,-38.5,-22.0,-17.4,-16.5
81.68,-11.3,-38.5,-21.8,-17.0,-16.1
81.69,-11.0,-38.3,-22.6,-17.3,-16.3
81.70,-10.7,-38.2,-19.2,-17.2,-16.6
81.71,-10.5,-38.1,-17.6,-17.7,-16.7
81.72,-10.6,-38.4,-16.7,-18.5,-17.0
81.73,-10.6,-39.5,-16.3,-18.3,-16.9
81.74,-9.9,-41.0,-16.0,-18.2,-16.6
81.75,-10.6,-41.3,-17.7,-17.8,-16.5
81.76,-10.7,-42.3,-19.3,-17.7,-16.6
81.77,-10.8,-43.6,-20.7,-17.4,-16.6
81.78,-11.0,-44.0,-22.3,-17.4,-16.7
81.79,-11.5,-44.0,-23.7,-17.5,-16.7
81.80,-11.2,-42.8,-25.5,-17.6,-16.4
81.81,-11.3,-39.7,-26.7,-17.6,-16.6
81.82,-11.4,-33.5,-27.6,-17.5,-16.8
81.83,-11.6,-28.6,-28.7,-17.5,-17.1
81.84,-11.8,-24.8,-29.2,-17.7,-17.5
81.85,-11.5,-22.5,-29.7,-17.7,-17.7
81.86,-10.8,-17.3,-30.2,-17.8,-18.0
81.87,-9.5,-12.7,-31.1,-18.3,-18.6
81.88,-9.0,-11.3,-32.1,-19.1,-19.4
81.89,-8.6,-10.4,-33.4,-19.3,-20.5
81.90,-8.5,-9.8,-34.8,-19.6,-21.7
81.91,-9.2,-10.5,-36.0,-19.6,-22.0
81.92,-9.6,-11.1,-36.8,-19.2,-21.7
81.93,-9.8,-11.2,-36.8,-19.0,-21.3
81.94,-9.9,-11.3,-36.9,-19.2,-20.8
81.95,-9.9,-11.3,-37.3,-19.6,-20.7
81.96,-9.8,-11.1,-37.6,-19.7,-19.7
81.97,-9.7,-11.1,-38.5,-19.7,-19.6
81.98,-10.1,-11.7,-39.5,-19.9,-19.6
81.99,-10.6,-12.5,-40.1,-19.9,-18.6
82.00,-11.1,-13.5,-40.5,-19.9,-18.2
82.01,-12.0,-15.3,-40.5,-19.8,-18.1
82.02,-13.3,-18.2,-40.3,-19.8,-17.8
82.03,-13.4,-19.8,-39.6,-19.6,-17.7
82.04,-13.6,-20.2,-38.2,-19.7,-18.4
82.05,-12.7,-17.7,-25.7,-19.7,-18.8
82.06,-10.4,-15.3,-16.1,-20.1,-19.6
82.07,-9.2,-13.7,-14.3,-20.7,-19.7
82.08,-8.7,-12.3,-13.5,-22.1,-20.1
82.09,-8.1,-11.6,-12.9,-23.2,-20.2
82.10,-8.0,-11.1,-13.0,-24.0,-20.5
82.11,-8.3,-10.6,-14.9,-24.4,-20.8
82.12,-8.6,-10.4,-16.4,-23.7,-21.5
82.13,-8.9,-10.6,-17.5,-23.1,-21.9
82.14,-9.5,-11.0,-20.0,-22.6,-22.1
82.15,-10.1,-12.1,-22.2,-21.9,-21.6
82.16,-11.2,-13.5,-24.3,-21.3,-21.7
82.17,-12.2,-15.5,-26.6,-20.7,-21.5
82.18,-12.7,-17.3,-25.4,-20.2,-20.8
82.19,-13.1,-19.4,-23.8,-20.0,-20.8
82.20,-12.9,-18.7,-22.9,-19.8,-21.2
82.21,-12.2,-16.6,-22.5,-20.2,-21.0
82.22,-11.4,-14.5,-21.8,-21.0,-21.5
82.23,-9.7,-13.1,-15.3,-21.9,-22.3
82.24,-8.9,-12.0,-13.9,-23.1,-22.6
82.25,-8.5,-11.4,-13.4,-24.1,-23.0
82.26,-8.4,-11.7,-12.9,-22.9,-23.1
82.27,-8.7,-12.2,-13.5,-21.7,-22.2
82.28,-9.5,-13.3,-15.0,-20.6,-21.5
82.29,-10.3,-15.0,-16.5,-19.7,-20.4
82.30,-11.1,-17.7,-17.6,-19.2,-19.7
82.31,-11.9,-20.5,-19.6,-19.0,-19.3
82.32,-12.6,-23.6,-21.4,-19.1,-19.1
82.33,-12.2,-26.7,-22.6,-19.0,-18.5
82.34,-12.6,-29.9,-22.5,-18.8,-18.5
82.35,-12.7,-34.3,-21.1,-18.7,-18.7
82.36,-12.9,-33.7,-20.4,-19.0,-18.8
82.37,-12.5,-24.8,-20.4,-19.0,-18.8
82.38,-12.3,-22.8,-20.3,-19.2,-19.4
82.39,-11.8,-20.0,-19.4,-20.0,-19.7
82.40,-10.8,-15.1,-17.6,-21.5,-20.2
82.41,-9.3,-12.1,-17.3,-23.1,-20.5
82.42,-8.7,-10.9,-17.1,-25.1,-21.3
82.43,-8.3,-10.3,-17.1,-26.3,-21.2
82.44,-8.3,-10.1,-18.6,-25.6,-20.8
82.45,-8.6,-10.6,-20.8,-24.7,-20.7
82.46,-9.5,-11.6,-22.5,-23.7,-20.4
82.47,-9.8,-12.1,-24.5,-23.1,-20.2
82.48,-10.2,-12.5,-26.6,-22.4,-20.1
82.49,-10.7,-13.2,-28.7,-22.5,-20.2
82.50,-11.9,-15.4,-30.6,-22.5,-20.2
82.51,-12.6,-17.9,-32.4,-21.7,-20.0
82.52,-13.8,-20.3,-32.7,-21.6,-20.5
82.53,-13.6,-19.0,-33.0,-21.9,-20.8
82.54,-13.3,-18.2,-33.0,-21.8,-21.0
82.55,-12.6,-16.5,-33.2,-21.8,-21.2
82.56,-12.3,-15.0,-32.6,-22.5,-21.9
82.57,-11.2,-13.7,-19.7,-23.9,-21.9
82.58,-9.7,-12.8,-14.8,-24.0,-21.9
82.59,-8.8,-12.0,-13.2,-23.7,-22.1
82.60,-8.0,-11.3,-12.4,-22.0,-22.2
82.61,-7.6,-11.3,-11.7,-20.7,-22.0
82.62,-8.0,-11.4,-12.7,-20.0,-21.8
82.63,-8.5,-11.5,-14.5,-19.5,-21.4
82.64,-9.0,-12.1,-15.5,-19.5,-20.3
82.65,-9.9,-12.5,-17.1,-19.5,-19.7
82.66,-10.2,-13.0,-19.1,-19.6,-19.0
82.67,-10.5,-13.9,-20.9,-19.5,-18.4
82.68,-11.3,-15.2,-22.3,-19.3,-18.1
82.69,-11.7,-16.5,-24.2,-19.4,-17.8
82.70,-12.1,-17.6,-24.2,-19.6,-17.9
82.71,-12.6,-18.3,-23.0,-19.6,-17.7
82.72,-11.9,-17.6,-22.0,-19.6,-17.7
82.73,-10.5,-14.7,-21.0,-19.7,-17.9
82.74,-10.0,-13.4,-20.2,-20.0,-18.4
82.75,-9.0,-12.3,-20.3,-20.3,-18.3
82.76,-8.4,-11.3,-20.2,-20.8,-18.1
82.77,-8.2,-10.6,-20.2,-21.4,-18.7
82.78,-8.5,-10.9,-21.2,-21.9,-18.8
82.79,-8.6,-10.9,-22.0,-22.0,-18.5
82.80,-9.0,-11.5,-22.7,-21.9,-18.6
82.81,-9.8,-12.8,-24.0,-21.7,-18.4
82.82,-10.5,-14.2,-25.7,-21.7,-18.2
82.83,-11.2,-16.3,-26.8,-21.2,-18.1
82.84,-11.8,-17.5,-28.0,-21.2,-17.9
82.85,-12.3,-18.0,-29.0,-21.1,-18.3
82.86,-12.2,-17.9,-29.3,-21.2,-18.4
82.87,-12.7,-18.8,-30.1,-21.5,-18.8
82.88,-13.3,-19.2,-30.7,-21.8,-18.8
82.89,-13.2,-18.9,-30.7,-21.8,-19.4
82.90,-13.0,-18.1,-30.4,-22.1,-19.4
82.91,-11.7,-15.3,-25.6,-22.7,-19.9
82.92,-9.8,-14.0,-15.2,-23.7,-20.1
82.93,-9.0,-12.9,-13.6,-25.4,-21.0
82.94,-8.2,-11.9,-12.9,-26.3,-21.3
82.95,-7.9,-11.5,-12.5,-23.6,-21.6
82.96,-8.3,-12.0,-13.0,-22.1,-21.4
82.97,-8.6,-12.0,-14.7,-21.1,-21.3
82.98,-9.1,-12.3,-16.1,-20.7,-21.1
82.99,-9.4,-12.3,-17.6,-20.5,-20.7
83.00,-9.5,-12.2,-17.6,-21.1,-20.8
83.01,-9.2,-12.4,-15.2,-21.0,-20.7
83.02,-8.9,-12.9,-14.0,-21.0,-20.6
83.03,-9.0,-13.5,-13.3,-20.9,-20.8
83.04,-9.3,-14.5,-12.6,-21.9,-21.3
83.05,-9.9,-15.2,-13.6,-21.3,-20.9
83.06,-10.4,-15.2,-14.9,-21.5,-21.2
83.07,-10.7,-15.3,-15.8,-20.9,-20.9
83.08,-10.3,-14.8,-16.3,-19.9,-20.5
83.09,-10.0,-13.6,-16.8,-20.0,-20.4
83.10,-9.8,-13.1,-17.0,-19.7,-20.3
83.11,-9.0,-11.7,-17.5,-19.9,-19.9
83.12,-8.6,-10.8,-18.1,-20.2,-19.8
83.13,-8.6,-10.8,-19.8,-20.3,-19.4
83.14,-8.8,-11.2,-20.5,-20.6,-19.2
83.15,-9.2,-12.1,-20.9,-20.3,-19.2
83.16,-10.2,-14.3,-21.3,-19.7,-18.7
83.17,-11.1,-17.4,-21.5,-19.8,-17.8
83.18,-11.7,-20.5,-22.0,-19.5,-17.5
83.19,-12.1,-23.3,-22.3,-19.6,-17.5
83.20,-12.3,-27.5,-23.2,-19.8,-17.1
83.21,-12.4,-30.5,-23.9,-19.6,-17.2
83.22,-12.4,-27.3,-24.6,-19.6,-17.3
83.23,-12.0,-22.9,-25.9,-19.6,-17.1
83.24,-10.8,-17.0,-27.6,-19.0,-16.9
83.25,-9.9,-14.1,-26.7,-19.2,-17.2
83.26,-8.5,-12.7,-18.1,-18.9,-17.9
83.27,-8.3,-11.6,-14.6,-19.8,-19.2
83.28,-7.7,-11.2,-13.7,-19.6,-19.5
83.29,-8.1,-11.4,-13.2,-20.5,-20.8
83.30,-8.1,-11.7,-12.9,-20.6,-20.5
83.31,-9.1,-11.8,-15.4,-21.8,-20.8
83.32,-9.5,-12.2,-17.2,-21.9,-20.5
83.33,-10.0,-12.8,-18.1,-21.9,-20.6
83.34,-10.7,-13.8,-19.0,-22.0,-20.5
83.35,-10.7,-15.3,-16.1,-22.0,-20.4
83.36,-10.5,-17.6,-15.2,-21.4,-19.9
83.37,-11.3,-20.8,-14.9,-21.2,-19.8
83.38,-11.1,-22.9,-14.6,-20.7,-19.4
83.39,-11.5,-25.6,-15.1,-20.3,-19.4
83.40,-12.4,-28.4,-17.3,-19.6,-19.4
83.41,-12.9,-28.2,-18.4,-19.8,-19.5
83.42,-11.4,-16.7,-19.0,-19.6,-19.8
83.43,-10.1,-13.4,-20.1,-19.7,-20.0
83.44,-9.3,-11.7,-20.5,-19.8,-20.6
83.45,-8.8,-10.6,-21.2,-20.1,-21.4
83.46,-8.3,-9.9,-22.6,-20.0,-21.7
83.47,-8.6,-10.1,-22.6,-20.2,-22.5
83.48,-8.5,-10.0,-22.3,-19.9,-22.8
83.49,-8.6,-10.3,-22.7,-19.6,-22.6
83.50,-8.8,-10.5,-23.0,-19.3,-23.2
83.51,-9.0,-10.7,-22.6,-19.1,-23.9
83.52,-8.8,-11.3,-17.6,-19.0,-24.1
83.53,-9.0,-11.9,-15.1,-19.0,-24.6
83.54,-8.6,-12.3,-14.2,-18.9,-24.2
83.55,-8.9,-12.8,-13.8,-18.7,-23.6
83.56,-8.7,-12.6,-13.6,-18.6,-23.4
83.57,-9.3,-12.4,-15.7,-18.6,-23.3
83.58,-9.5,-12.1,-17.4,-18.6,-23.6
83.59,-9.7,-11.8,-18.8,-18.7,-23.9
83.60,-9.6,-11.7,-20.5,-18.8,-22.9
83.61,-9.7,-11.5,-22.7,-19.2,-21.7
83.62,-9.6,-11.6,-25.7,-19.2,-20.6
83.63,-9.5,-11.5,-25.6,-20.1,-20.2
83.64,-9.7,-11.7,-24.0,-20.6,-20.1
83.65,-9.9,-11.8,-22.5,-21.2,-19.9
83.66,-10.0,-12.2,-21.7,-20.9,-20.2
83.67,-10.4,-12.7,-21.6,-21.5,-20.6
83.68,-10.8,-13.4,-21.7,-21.5,-20.8
83.69,-10.8,-14.1,-22.4,-21.1,-19.8
83.70,-11.6,-15.3,-23.1,-21.9,-19.7
83.71,-11.9,-16.9,-23.5,-22.1,-18.8
83.72,-12.5,-18.8,-23.9,-23.0,-18.4
83.73,-12.9,-21.4,-24.4,-22.7,-18.1
83.74,-13.2,-22.7,-24.8,-23.1,-18.0
83.75,-13.3,-24.2,-25.6,-22.5,-18.0
83.76,-14.0,-25.4,-27.0,-22.9,-18.3
83.77,-14.0,-27.4,-23.4,-22.4,-18.7
83.78,-11.3,-28.9,-15.6,-22.2,-18.9
83.79,-10.5,-31.2,-13.4,-22.4,-19.1
83.80,-10.1,-32.7,-12.7,-22.2,-18.9
83.81,-9.7,-33.3,-12.2,-22.1,-18.7
83.82,-10.0,-34.4,-12.4,-21.8,-18.7
83.83,-11.5,-34.1,-14.3,-21.2,-18.5
83.84,-11.6,-33.5,-15.5,-20.3,-18.4
83.85,-12.0,-33.1,-16.6,-20.0,-18.4
83.86,-12.0,-32.8,-17.9,-19.7,-18.0
83.87,-11.9,-32.8,-18.8,-19.8,-18.3
83.88,-12.0,-32.1,-20.6,-19.9,-17.7
83.89,-12.3,-32.6,-21.5,-20.6,-17.8
83.90,-12.2,-33.0,-18.8,-21.7,-18.0
83.91,-12.8,-33.8,-18.8,-23.0,-18.1
83.92,-13.8,-34.5,-19.1,-23.7,-18.4
83.93,-12.5,-36.1,-17.7,-23.4,-18.6
83.94,-12.3,-35.6,-17.5,-22.3,-18.8
83.95,-12.2,-31.5,-17.3,-21.6,-19.2
83.96,-11.4,-26.6,-16.1,-22.0,-19.0
83.97,-10.8,-20.8,-16.3,-22.4,-18.4
83.98,-10.2,-17.5,-16.7,-23.2,-18.3
83.99,-9.6,-14.8,-18.2,-23.2,-17.7
84.00,-9.2,-12.9,-20.1,-23.7,-17.4
84.01,-9.1,-11.7,-22.9,-24.0,-17.5
84.02,-9.3,-11.5,-24.7,-23.2,-17.5
84.03,-9.3,-11.8,-25.3,-22.1,-17.3
84.04,-9.8,-12.4,-26.3,-21.5,-17.4
84.05,-10.2,-13.5,-26.4,-20.7,-17.3
84.06,-10.3,-14.6,-26.5,-20.2,-17.0
84.07,-10.7,-15.2,-26.6,-20.0,-17.1
84.08,-10.9,-15.5,-27.1,-19.8,-17.2
84.09,-10.9,-15.2,-28.0,-19.6,-17.5
84.10,-10.7,-14.5,-28.0,-19.3,-18.1
84.11,-10.4,-13.5,-28.2,-19.0,-19.0
84.12,-10.2,-12.8,-28.4,-19.0,-19.3
84.13,-9.8,-12.2,-28.3,-18.8,-19.3
84.14,-9.9,-11.9,-28.6,-19.4,-19.3
84.15,-10.0,-12.1,-28.1,-20.0,-18.6
84.16,-10.1,-12.3,-28.0,-20.2,-18.6
84.17,-10.4,-12.6,-28.3,-20.3,-18.8
84.18,-10.8,-13.1,-28.2,-20.2,-19.4
84.19,-10.8,-13.4,-27.5,-19.8,-19.3
84.20,-11.2,-13.7,-27.3,-19.7,-19.4
84.21,-11.5,-14.1,-27.8,-19.6,-19.3
84.22,-11.6,-14.3,-27.8,-19.6,-18.7
84.23,-11.6,-14.2,-27.4,-19.5,-18.5
84.24,-11.3,-14.1,-28.7,-19.3,-18.2
84.25,-11.1,-13.8,-29.4,-19.2,-18.6
84.26,-11.1,-13.9,-29.7,-19.1,-18.6
84.27,-11.3,-14.2,-30.7,-19.2,-19.2
84.28,-10.7,-13.1,-31.3,-19.7,-19.4
84.29,-10.2,-12.7,-22.3,-20.7,-19.6
84.30,-9.2,-12.3,-15.5,-22.2,-20.0
84.31,-8.3,-11.4,-13.9,-22.1,-20.0
84.32,-7.8,-11.3,-13.3,-21.1,-19.8
84.33,-7.8,-11.4,-12.8,-20.6,-19.8
84.34,-8.0,-11.5,-13.2,-19.7,-19.4
84.35,-8.2,-11.7,-15.1,-19.6,-19.4
84.36,-8.6,-11.2,-16.4,-19.4,-19.3
84.37,-8.8,-10.9,-17.7,-20.6,-20.2
84.38,-8.9,-10.9,-18.8,-19.7,-20.3
84.39,-9.4,-11.1,-20.8,-20.6,-21.0
84.40,-9.8,-11.3,-22.6,-20.3,-21.3
84.41,-10.4,-12.1,-22.1,-20.9,-20.9
84.42,-10.4,-12.6,-22.0,-20.4,-20.6
84.43,-10.4,-12.4,-22.3,-20.7,-20.8
84.44,-10.4,-12.1,-22.4,-20.9,-21.1
84.45,-10.2,-12.1,-23.3,-20.6,-20.9
84.46,-10.2,-12.0,-24.7,-20.7,-21.1
84.47,-9.3,-12.2,-15.9,-20.7,-21.0
84.48,-8.8,-12.1,-13.5,-21.6,-20.8
84.49,-8.4,-12.1,-12.8,-21.8,-20.5
84.50,-8.3,-12.1,-12.2,-21.9,-20.2
84.51,-8.4,-12.2,-12.2,-21.5,-20.0
84.52,-8.8,-12.3,-14.2,-21.2,-19.8
84.53,-9.1,-12.6,-15.7,-20.5,-19.5
84.54,-9.6,-13.4,-16.9,-20.0,-19.1
84.55,-10.0,-14.5,-18.8,-19.8,-19.0
84.56,-10.9,-16.0,-20.7,-19.9,-19.0
84.57,-11.5,-18.9,-22.0,-19.6,-18.9
84.58,-12.5,-24.2,-22.8,-19.7,-18.5
84.59,-12.8,-27.6,-21.6,-20.2,-18.9
84.60,-13.5,-31.2,-19.8,-20.6,-19.2
84.61,-13.5,-32.4,-19.8,-20.9,-19.3
84.62,-14.4,-31.9,-20.0,-21.1,-19.4
84.63,-13.1,-25.7,-18.3,-21.3,-19.6
84.64,-11.8,-17.6,-17.8,-22.1,-19.8
84.65,-10.6,-14.6,-17.6,-23.0,-19.6
84.66,-9.7,-13.0,-17.3,-22.9,-19.8
84.67,-9.2,-12.0,-17.4,-22.4,-19.5
84.68,-9.2,-11.4,-18.9,-22.1,-19.6
84.69,-9.6,-11.7,-20.6,-21.7,-19.4
84.70,-9.8,-12.0,-21.8,-21.3,-19.0
84.71,-9.9,-12.2,-24.3,-21.5,-19.0
84.72,-10.0,-12.3,-25.6,-21.4,-18.9
84.73,-10.1,-12.5,-27.1,-21.2,-19.1
84.74,-10.2,-12.6,-28.1,-20.4,-19.3
84.75,-10.2,-12.8,-28.6,-20.3,-19.4
84.76,-10.2,-12.6,-28.9,-20.2,-19.8
84.77,-9.9,-12.4,-28.9,-19.1,-19.9
84.78,-9.9,-12.5,-29.0,-18.9,-20.0
84.79,-9.9,-12.5,-29.1,-19.0,-20.0
84.80,-10.3,-12.6,-29.0,-19.2,-20.3
84.81,-10.2,-12.9,-29.1,-18.8,-19.4
84.82,-10.2,-13.3,-29.2,-18.8,-19.0
84.83,-10.3,-13.2,-29.3,-19.1,-18.9
84.84,-10.3,-13.0,-29.5,-20.0,-18.8
84.85,-10.6,-12.9,-29.8,-21.2,-19.2
84.86,-10.8,-12.9,-30.0,-22.1,-19.8
84.87,-10.7,-12.5,-29.9,-21.8,-20.3
84.88,-10.4,-12.1,-30.2,-21.1,-20.2
84.89,-10.2,-11.9,-30.3,-20.0,-20.4
84.90,-9.9,-11.9,-30.5,-19.1,-20.2
84.91,-9.9,-12.2,-30.9,-18.8,-19.9
84.92,-10.3,-13.2,-31.6,-18.7,-20.0
84.93,-10.6,-13.7,-31.8,-18.5,-20.4
84.94,-11.2,-14.7,-32.2,-18.6,-20.6
84.95,-11.5,-15.1,-32.7,-18.6,-21.3
84.96,-11.4,-14.7,-33.4,-18.8,-21.3
84.97,-10.9,-13.2,-32.9,-19.4,-22.0
84.98,-10.6,-12.7,-24.8,-20.6,-22.8
84.99,-9.1,-11.6,-15.9,-22.2,-22.8
85.00,-8.4,-10.8,-14.2,-23.9,-22.6
85.01,-7.9,-10.5,-13.6,-23.8,-22.0
85.02,-7.8,-10.8,-13.1,-22.1,-20.5
85.03,-7.8,-10.9,-13.5,-21.4,-19.9
85.04,-8.2,-11.2,-15.4,-20.9,-18.9
85.05,-8.9,-11.8,-17.1,-21.2,-18.3
85.06,-9.2,-11.8,-18.3,-21.6,-18.7
85.07,-9.8,-11.7,-20.5,-21.9,-18.7
85.08,-10.0,-11.9,-22.9,-21.9,-19.0
85.09,-9.9,-11.7,-23.6,-21.3,-19.7
85.10,-9.8,-11.6,-23.8,-20.8,-19.5
85.11,-9.6,-11.7,-22.1,-20.3,-19.5
85.12,-9.7,-11.9,-21.6,-20.0,-19.9
85.13,-9.8,-12.1,-21.5,-20.1,-19.6
85.14,-9.9,-12.3,-21.5,-20.3,-19.3
85.15,-9.7,-12.3,-20.0,-20.5,-19.9
85.16,-9.0,-12.1,-14.0,-20.9,-20.0
85.17,-8.7,-12.5,-12.7,-21.2,-19.6
85.18,-8.6,-13.3,-12.1,-21.1,-19.5
85.19,-8.9,-14.6,-11.6,-21.1,-19.0
85.20,-9.3,-16.8,-12.2,-19.7,-18.5
85.21,-10.3,-21.6,-13.7,-19.3,-18.5
85.22,-11.1,-26.3,-14.9,-18.4,-18.3
85.23,-11.6,-28.7,-15.8,-18.7,-18.0
85.24,-11.7,-29.4,-17.6,-18.3,-18.1
85.25,-11.8,-30.2,-19.4,-18.1,-17.7
85.26,-13.0,-30.4,-22.0,-18.6,-18.0
85.27,-13.0,-29.4,-22.6,-18.8,-17.7
85.28,-13.3,-24.5,-23.0,-18.5,-17.7
85.29,-13.0,-19.3,-22.5,-19.4,-17.7
85.30,-12.7,-17.8,-22.7,-19.2,-17.9
85.31,-12.1,-17.5,-23.1,-19.3,-17.8
85.32,-11.3,-17.3,-20.8,-19.6,-18.0
85.33,-10.5,-16.2,-19.1,-20.3,-17.9
85.34,-9.7,-15.3,-18.2,-20.4,-17.2
85.35,-9.1,-13.3,-17.7,-21.0,-17.0
85.36,-8.5,-11.7,-17.5,-21.9,-17.1
85.37,-8.5,-11.1,-19.4,-20.8,-16.8
85.38,-8.7,-11.1,-21.4,-20.6,-17.0
85.39,-9.1,-11.3,-22.4,-20.8,-17.4
85.40,-9.5,-11.9,-24.2,-20.0,-17.3
85.41,-9.8,-12.6,-24.9,-20.3,-17.2
85.42,-10.1,-13.3,-25.6,-19.8,-17.0
85.43,-10.6,-14.2,-26.2,-19.7,-17.0
85.44,-11.3,-15.7,-27.2,-19.8,-17.4
85.45,-11.8,-16.9,-27.5,-19.6,-17.8
85.46,-11.9,-17.2,-28.1,-19.6,-18.3
85.47,-11.6,-15.4,-28.7,-19.7,-19.3
85.48,-10.8,-13.6,-28.7,-19.7,-20.4
85.49,-10.2,-12.2,-29.3,-19.8,-20.9
85.50,-9.7,-11.3,-30.1,-19.8,-21.4
85.51,-9.5,-10.9,-30.6,-19.9,-21.9
85.52,-9.6,-11.0,-30.7,-20.1,-21.8
85.53,-9.9,-11.3,-30.9,-20.5,-21.9
85.54,-10.2,-11.8,-30.7,-19.9,-21.7
85.55,-10.3,-12.1,-29.5,-20.2,-21.6
85.56,-10.3,-12.1,-29.2,-20.2,-21.6
85.57,-10.5,-12.1,-29.2,-20.4,-21.7
85.58,-10.4,-12.0,-29.0,-20.1,-21.6
85.59,-10.5,-11.9,-29.0,-21.0,-22.2
85.60,-10.4,-12.0,-29.6,-20.3,-22.4
85.61,-10.9,-12.7,-29.4,-21.2,-22.5
85.62,-11.4,-13.9,-29.3,-20.7,-21.9
85.63,-12.2,-15.6,-29.2,-21.0,-21.2
85.64,-12.8,-18.2,-29.0,-20.6,-20.3
85.65,-13.3,-21.1,-29.0,-20.5,-19.7
85.66,-12.5,-19.7,-28.5,-20.3,-19.0
85.67,-10.5,-15.4,-20.4,-19.8,-19.1
85.68,-9.1,-12.8,-15.6,-21.1,-19.9
85.69,-8.3,-11.7,-14.0,-21.1,-20.6
85.70,-7.8,-10.7,-13.4,-21.7,-21.1
85.71,-7.6,-10.3,-12.9,-22.2,-22.3
85.72,-7.9,-10.5,-13.5,-21.9,-21.8
85.73,-8.6,-10.8,-15.3,-21.3,-22.0
85.74,-8.7,-10.8,-16.4,-21.5,-21.9
85.75,-9.2,-10.9,-17.9,-21.6,-21.2
85.76,-9.3,-11.0,-19.5,-21.5,-20.4
85.77,-9.4,-11.0,-21.6,-21.3,-20.3
85.78,-9.1,-10.8,-22.9,-21.7,-19.6
85.79,-9.1,-10.9,-23.1,-21.6,-19.5
85.80,-9.2,-10.8,-22.5,-21.1,-19.8
85.81,-9.0,-10.7,-22.2,-20.7,-20.2
85.82,-9.1,-10.6,-22.4,-20.6,-20.7
85.83,-9.3,-10.5,-23.5,-20.9,-21.4
85.84,-9.0,-10.4,-24.3,-21.1,-20.9
85.85,-8.3,-10.5,-15.8,-21.1,-20.8
85.86,-7.9,-10.5,-13.9,-20.9,-20.2
85.87,-7.8,-10.6,-13.2,-21.0,-19.8
85.88,-7.6,-10.7,-12.7,-21.7,-19.7
85.89,-7.7,-10.7,-12.9,-21.6,-19.7
85.90,-8.2,-10.7,-14.6,-21.5,-19.3
85.91,-8.9,-11.0,-15.9,-24.0,-20.1
85.92,-9.3,-11.5,-17.2,-23.9,-19.7
85.93,-10.2,-12.5,-18.7,-23.2,-19.4
85.94,-11.0,-13.8,-20.3,-22.6,-19.3
85.95,-11.8,-15.0,-22.4,-21.9,-19.1
85.96,-11.6,-15.5,-22.4,-21.4,-19.2
85.97,-11.1,-15.2,-20.6,-21.0,-19.5
85.98,-11.2,-14.7,-20.0,-20.8,-20.1
85.99,-10.5,-14.4,-19.9,-20.5,-20.6
86.00,-10.6,-14.4,-19.2,-20.8,-21.4
86.01,-10.3,-13.9,-18.3,-20.9,-21.6
86.02,-10.0,-13.2,-17.3,-20.8,-21.7
86.03,-9.3,-12.8,-16.7,-21.4,-22.1
86.04,-9.3,-12.3,-16.7,-22.4,-21.8
86.05,-9.4,-12.4,-16.9,-23.1,-20.9
86.06,-10.0,-13.0,-18.0,-22.9,-20.0
86.07,-10.6,-13.9,-20.0,-22.8,-19.6
86.08,-11.3,-14.8,-21.3,-21.9,-19.2
86.09,-11.4,-14.9,-23.2,-21.5,-18.6
86.10,-10.6,-14.3,-24.2,-19.9,-18.8
86.11,-10.7,-13.9,-25.5,-20.2,-19.2
86.12,-10.2,-13.4,-26.4,-19.5,-19.2
86.13,-9.9,-13.0,-27.7,-19.0,-19.3
86.14,-10.0,-12.7,-27.8,-19.7,-19.6
86.15,-9.9,-12.5,-27.6,-19.1,-19.7
86.16,-9.7,-12.0,-28.0,-19.7,-19.9
86.17,-9.3,-11.5,-28.0,-19.0,-20.3
86.18,-9.3,-11.5,-27.7,-19.4,-20.4
86.19,-9.3,-11.4,-27.1,-19.1,-20.6
86.20,-9.4,-11.5,-27.3,-18.9,-20.7
86.21,-9.8,-11.7,-27.4,-19.6,-20.5
86.22,-9.8,-11.8,-27.3,-19.0,-20.8
86.23,-10.1,-11.9,-28.3,-19.4,-21.2
86.24,-10.0,-12.0,-28.7,-19.1,-21.3
86.25,-10.3,-12.3,-29.0,-19.2,-21.2
86.26,-10.3,-12.4,-29.1,-19.0,-21.1
86.27,-10.5,-12.3,-29.6,-19.1,-21.0
86.28,-10.1,-12.3,-30.1,-18.4,-20.4
86.29,-9.9,-12.1,-30.5,-17.9,-20.4
86.30,-9.7,-11.9,-30.6,-17.6,-20.7
86.31,-9.8,-12.2,-31.0,-17.2,-20.6
86.32,-9.7,-12.5,-31.3,-16.9,-20.4
86.33,-9.9,-12.3,-31.7,-17.2,-21.0
86.34,-10.1,-12.4,-31.9,-18.0,-21.3
86.35,-9.9,-12.0,-29.6,-19.1,-21.3
86.36,-9.4,-11.7,-20.9,-19.7,-21.0
86.37,-8.6,-11.2,-15.6,-21.2,-21.5
86.38,-8.4,-11.1,-14.2,-21.3,-21.7
86.39,-7.8,-10.6,-13.5,-20.8,-21.5
86.40,-7.6,-10.1,-13.2,-20.1,-22.0
86.41,-7.8,-10.0,-14.1,-19.8,-23.3
86.42,-8.3,-10.1,-16.5,-19.4,-23.6
86.43,-8.8,-10.4,-18.1,-19.2,-24.1
86.44,-9.3,-11.1,-19.3,-19.1,-24.4
86.45,-9.7,-11.4,-20.5,-19.1,-24.5
86.46,-9.8,-11.5,-22.1,-19.0,-23.7
86.47,-9.9,-11.6,-23.4,-19.0,-23.3
86.48,-9.7,-11.6,-22.4,-19.2,-23.0
86.49,-9.7,-11.6,-22.1,-19.3,-22.8
86.50,-9.6,-11.5,-22.8,-19.3,-22.6
86.51,-9.5,-11.3,-22.8,-19.6,-22.7
86.52,-9.4,-11.0,-23.8,-20.1,-23.1
86.53,-9.0,-10.9,-22.1,-20.5,-23.3
86.54,-8.5,-10.9,-16.2,-21.1,-23.5
86.55,-8.2,-11.1,-14.5,-22.0,-23.7
86.56,-8.2,-11.4,-13.6,-22.6,-23.9
86.57,-8.5,-12.0,-13.2,-22.2,-23.7
86.58,-9.2,-12.8,-13.5,-22.1,-22.9
86.59,-9.9,-14.1,-14.6,-20.8,-22.1
86.60,-10.6,-15.1,-15.9,-20.5,-21.3
86.61,-11.2,-15.7,-17.2,-19.5,-21.0
86.62,-11.1,-15.0,-19.0,-19.9,-20.5
86.63,-11.2,-14.0,-21.3,-19.2,-20.7
86.64,-10.4,-13.1,-23.0,-19.2,-20.8
86.65,-10.4,-12.8,-23.4,-19.3,-21.0
86.66,-10.5,-12.9,-22.2,-18.8,-21.4
86.67,-10.6,-13.2,-20.9,-19.4,-21.3
86.68,-10.4,-13.5,-21.1,-18.8,-21.3
86.69,-10.3,-13.1,-21.2,-19.4,-21.0
86.70,-9.7,-12.3,-20.1,-19.4,-21.1
86.71,-8.7,-11.6,-15.7,-20.5,-20.8
86.72,-8.0,-10.9,-13.6,-21.5,-21.0
86.73,-7.5,-10.2,-12.8,-22.5,-20.5
86.74,-7.2,-9.9,-12.4,-23.3,-20.2
86.75,-7.2,-9.7,-12.4,-23.0,-20.2
86.76,-7.6,-9.5,-14.9,-21.9,-19.7
86.77,-7.8,-9.5,-16.6,-21.3,-19.6
86.78,-8.0,-9.5,-17.9,-21.0,-19.7
86.79,-8.2,-9.6,-19.7,-20.5,-19.4
86.80,-8.4,-9.7,-21.4,-21.2,-18.9
86.81,-8.4,-9.9,-22.5,-19.9,-18.9
86.82,-8.6,-10.1,-22.7,-20.6,-18.3
86.83,-8.6,-10.4,-22.3,-19.4,-18.1
86.84,-8.9,-10.6,-21.6,-19.9,-18.5
86.85,-8.6,-10.6,-20.8,-19.1,-18.6
86.86,-8.7,-10.5,-20.9,-19.3,-18.9
86.87,-8.5,-10.6,-21.3,-18.8,-19.2
86.88,-8.5,-10.6,-21.0,-18.6,-19.5
86.89,-8.6,-10.8,-21.5,-18.9,-19.3
86.90,-8.7,-11.2,-22.2,-18.4,-19.0
86.91,-9.0,-11.4,-22.7,-18.8,-19.1
86.92,-9.0,-11.5,-23.2,-18.1,-19.1
86.93,-9.4,-11.5,-24.0,-18.8,-19.3
86.94,-9.0,-11.4,-24.7,-18.2,-19.3
86.95,-9.3,-11.3,-25.6,-18.7,-19.4
86.96,-9.1,-11.3,-26.3,-18.4,-19.2
86.97,-9.4,-11.3,-27.3,-18.4,-18.9
86.98,-9.3,-11.2,-28.2,-18.5,-19.1
86.99,-9.2,-11.1,-28.9,-18.3,-19.2
87.00,-9.2,-11.0,-28.9,-18.6,-19.2
87.01,-8.9,-10.8,-29.0,-18.0,-19.3
87.02,-9.1,-10.8,-29.0,-18.5,-19.7
87.03,-8.9,-10.7,-29.1,-17.8,-19.7
87.04,-8.9,-10.7,-27.6,-18.4,-19.9
87.05,-8.7,-10.8,-20.8,-18.3,-20.2
87.06,-7.9,-10.9,-16.0,-18.8,-20.1
87.07,-8.0,-11.1,-14.5,-19.0,-20.3
87.08,-8.0,-11.2,-13.8,-19.5,-20.6
87.09,-8.1,-11.3,-13.4,-19.8,-20.9
87.10,-8.4,-11.1,-13.9,-19.5,-21.0
87.11,-8.9,-10.9,-15.6,-19.1,-21.6
87.12,-9.1,-10.8,-17.0,-19.3,-21.7
87.13,-8.9,-10.7,-18.4,-19.1,-21.8
87.14,-9.3,-10.7,-18.2,-19.3,-21.7
87.15,-8.6,-10.7,-15.8,-19.1,-21.8
87.16,-8.7,-10.9,-14.9,-19.5,-21.5
87.17,-8.3,-10.9,-14.3,-19.3,-21.4
87.18,-8.5,-11.1,-13.6,-19.1,-22.1
87.19,-8.6,-11.1,-15.0,-19.2,-22.2
87.20,-8.9,-11.0,-16.0,-18.9,-22.2
87.21,-9.0,-11.0,-16.5,-19.2,-22.5
87.22,-8.9,-10.9,-16.7,-19.1,-21.9
87.23,-8.8,-10.9,-16.7,-19.0,-21.3
87.24,-8.7,-10.9,-16.8,-19.2,-20.2
87.25,-8.7,-10.9,-16.8,-19.2,-19.0
87.26,-8.9,-11.0,-17.3,-19.8,-18.4
87.27,-8.9,-11.0,-18.7,-19.6,-18.0
87.28,-8.6,-11.1,-19.6,-20.1,-17.6
87.29,-9.1,-11.1,-20.9,-20.2,-17.8
87.30,-9.1,-10.9,-21.5,-20.7,-18.2
87.31,-8.9,-10.8,-22.5,-20.9,-18.3
87.32,-8.8,-10.7,-23.2,-20.3,-18.7
87.33,-8.7,-10.4,-24.5,-20.5,-18.9
87.34,-8.5,-10.5,-26.0,-19.4,-18.6
87.35,-8.5,-10.4,-27.1,-19.9,-18.7
87.36,-8.3,-10.3,-27.9,-19.2,-18.9
87.37,-8.4,-10.3,-28.8,-19.9,-18.8
87.38,-8.3,-10.3,-29.1,-19.3,-19.1
87.39,-8.4,-10.5,-25.9,-19.7,-19.0
87.40,-8.0,-10.7,-16.8,-20.5,-19.1
87.41,-7.7,-11.2,-14.1,-20.3,-19.3
87.42,-7.6,-11.4,-13.2,-21.0,-19.6
87.43,-7.8,-12.2,-12.6,-21.1,-19.9
87.44,-8.4,-13.2,-12.4,-21.0,-20.1
87.45,-10.0,-14.5,-14.5,-20.6,-19.9
87.46,-11.0,-16.5,-15.9,-20.2,-20.4
87.47,-12.6,-20.8,-17.0,-20.5,-20.3
87.48,-13.3,-24.3,-18.3,-20.0,-20.2
87.49,-11.9,-28.2,-14.7,-20.2,-20.1
87.50,-11.2,-29.1,-13.6,-20.4,-20.2
87.51,-11.2,-31.0,-13.1,-20.2,-20.4
87.52,-10.7,-33.3,-12.5,-20.8,-20.2
87.53,-10.8,-33.0,-12.6,-20.0,-20.8
87.54,-11.3,-32.5,-13.9,-20.6,-21.0
87.55,-12.5,-32.5,-15.0,-20.5,-20.7
87.56,-11.9,-33.2,-15.2,-20.6,-20.9
87.57,-12.6,-34.0,-15.7,-21.2,-20.0
87.58,-11.9,-35.6,-15.5,-21.2,-19.4
87.59,-11.9,-38.0,-15.5,-21.2,-18.2
87.60,-11.2,-38.8,-15.8,-20.3,-17.8
87.61,-11.7,-39.7,-16.4,-19.8,-17.6
87.62,-11.8,-39.8,-17.6,-19.5,-17.3
87.63,-12.0,-40.1,-18.4,-18.9,-17.0
87.64,-12.4,-40.5,-19.4,-19.8,-17.1
87.65,-12.4,-41.3,-20.2,-19.1,-16.9
87.66,-12.5,-42.4,-20.8,-19.7,-17.3
87.67,-13.2,-42.6,-21.7,-19.4,-17.6
87.68,-13.0,-39.8,-22.6,-19.5,-17.8
87.69,-13.0,-34.6,-23.8,-19.3,-18.0
87.70,-12.7,-23.2,-24.7,-19.1,-18.3
87.71,-12.5,-20.9,-26.4,-19.8,-18.6
87.72,-10.9,-14.8,-27.7,-19.4,-19.0
87.73,-9.8,-12.0,-29.1,-20.3,-20.1
87.74,-8.7,-10.5,-21.5,-20.2,-21.0
87.75,-8.0,-9.9,-16.0,-21.5,-21.7
87.76,-7.4,-9.3,-14.5,-22.3,-22.2
87.77,-7.3,-9.2,-13.8,-22.4,-22.5
87.78,-7.5,-9.7,-13.3,-22.6,-22.8
87.79,-8.1,-10.1,-13.9,-22.0,-23.1
87.80,-8.4,-10.2,-16.0,-21.8,-23.2
87.81,-9.3,-10.7,-17.4,-21.5,-23.4
87.82,-9.5,-11.1,-18.7,-20.9,-23.4
87.83,-9.6,-11.2,-18.5,-21.9,-23.3
87.84,-9.0,-11.3,-15.8,-21.2,-23.7
87.85,-9.4,-12.2,-14.8,-21.7,-23.4
87.86,-9.1,-13.1,-14.1,-20.9,-23.4
87.87,-9.6,-14.3,-13.4,-20.7,-23.6
87.88,-10.0,-14.4,-14.8,-20.5,-23.4
87.89,-9.8,-13.0,-15.9,-19.9,-23.5
87.90,-9.1,-11.4,-16.5,-20.5,-23.7
87.91,-8.6,-10.5,-17.0,-20.3,-24.2
87.92,-8.3,-9.9,-17.2,-20.4,-24.5
87.93,-8.0,-9.6,-17.4,-20.6,-24.8
87.94,-8.1,-9.8,-17.7,-20.8,-24.2
87.95,-8.5,-10.3,-18.3,-21.2,-23.8
87.96,-9.1,-10.8,-19.7,-20.8,-23.5
87.97,-9.4,-11.2,-20.7,-21.2,-23.1
87.98,-10.2,-12.2,-21.6,-21.0,-22.5
87.99,-10.9,-13.1,-22.1,-21.3,-22.2
88.00,-11.3,-13.8,-23.1,-21.4,-22.0
88.01,-11.5,-14.5,-23.4,-20.9,-21.9
88.02,-11.6,-14.6,-24.6,-21.4,-21.9
88.03,-11.7,-15.0,-25.9,-20.7,-21.6
88.04,-11.4,-14.3,-26.6,-21.2,-21.6
88.05,-10.5,-13.0,-27.3,-20.5,-21.6
88.06,-9.7,-11.8,-28.2,-20.8,-21.7
88.07,-9.0,-10.7,-29.5,-20.3,-22.2
88.08,-8.3,-10.0,-28.2,-20.6,-22.5
88.09,-7.7,-9.9,-17.1,-20.9,-22.9
88.10,-7.7,-10.2,-14.3,-21.5,-23.5
88.11,-8.4,-11.3,-13.4,-21.8,-23.4
88.12,-8.7,-12.6,-12.8,-22.5,-22.8
88.13,-9.3,-13.8,-12.6,-22.1,-22.5
88.14,-10.6,-15.2,-14.5,-22.0,-22.1
88.15,-11.3,-16.4,-15.8,-21.2,-20.9
88.16,-11.8,-17.0,-16.9,-21.3,-20.7
88.17,-12.4,-17.8,-18.0,-21.6,-20.0
88.18,-10.7,-18.0,-14.9,-21.0,-19.9
88.19,-10.5,-18.4,-13.9,-21.6,-19.7
88.20,-10.3,-19.2,-13.4,-20.8,-19.2
88.21,-10.1,-19.6,-12.7,-21.2,-19.6
88.22,-10.2,-19.7,-12.7,-20.5,-19.6
88.23,-10.9,-20.4,-14.1,-20.4,-19.9
88.24,-11.7,-18.3,-14.8,-20.7,-20.7
88.25,-10.5,-15.8,-15.4,-20.4,-21.8
88.26,-10.5,-14.3,-16.2,-20.6,-21.8
88.27,-9.6,-13.4,-16.3,-20.3,-21.4
88.28,-9.1,-12.4,-16.6,-20.7,-20.2
88.29,-9.0,-12.2,-17.1,-21.4,-20.3
88.30,-8.9,-11.4,-17.9,-22.6,-20.2
88.31,-8.7,-10.7,-19.5,-24.1,-20.3
88.32,-8.7,-10.0,-20.6,-26.2,-21.0
88.33,-8.5,-9.6,-22.0,-28.3,-21.5
88.34,-8.4,-9.5,-23.0,-27.9,-21.3
88.35,-8.5,-9.6,-23.4,-26.9,-21.1
88.36,-8.8,-9.9,-24.3,-25.9,-21.6
88.37,-9.2,-10.2,-25.1,-26.3,-22.2
88.38,-9.5,-10.6,-26.3,-24.9,-22.4
88.39,-9.7,-10.8,-27.1,-24.7,-22.7
88.40,-9.9,-10.9,-28.7,-24.0,-23.4
88.41,-9.7,-10.7,-29.7,-23.5,-22.8
88.42,-9.7,-10.9,-29.3,-23.8,-22.4
88.43,-9.7,-11.3,-20.3,-24.4,-22.1
88.44,-9.4,-12.2,-15.2,-26.4,-22.0
88.45,-9.4,-13.2,-13.7,-26.3,-21.1
88.46,-9.8,-15.0,-13.1,-28.0,-20.5
88.47,-9.9,-16.2,-12.5,-27.3,-20.3
88.48,-10.3,-16.1,-13.3,-26.6,-20.1
88.49,-11.0,-16.1,-15.0,-25.8,-19.6
88.50,-11.3,-15.8,-16.0,-25.4,-20.3
88.51,-11.6,-15.5,-17.4,-25.1,-20.7
88.52,-11.6,-15.5,-16.8,-24.4,-20.4
88.53,-10.4,-15.7,-14.2,-24.7,-19.9
88.54,-10.3,-16.5,-13.5,-22.8,-20.2
88.55,-10.4,-17.9,-12.8,-22.6,-19.8
88.56,-10.0,-19.7,-12.2,-21.7,-19.9
88.57,-11.0,-21.1,-13.7,-21.4,-20.3
88.58,-11.1,-18.8,-14.8,-21.3,-20.7
88.59,-10.9,-17.0,-15.4,-20.9,-21.0
88.60,-10.8,-15.7,-15.8,-21.6,-21.5
88.61,-9.9,-12.9,-16.3,-21.3,-22.5
88.62,-9.0,-11.0,-16.8,-22.6,-22.9
88.63,-8.7,-10.3,-17.6,-22.3,-22.8
88.64,-8.5,-9.9,-18.9,-22.4,-22.3
88.65,-8.6,-9.9,-20.2,-22.8,-21.9
88.66,-9.0,-10.5,-21.1,-22.3,-21.4
88.67,-9.5,-11.3,-22.1,-22.2,-20.9
88.68,-9.6,-11.5,-22.7,-22.0,-20.8
88.69,-9.7,-11.5,-23.3,-21.7,-21.0
88.70,-9.9,-11.9,-23.7,-21.4,-20.6
88.71,-10.0,-12.2,-24.6,-21.2,-20.5
88.72,-9.9,-12.6,-25.3,-20.7,-19.9
88.73,-10.0,-13.2,-25.8,-20.9,-19.7
88.74,-9.9,-12.8,-26.0,-20.6,-19.4
88.75,-9.5,-12.5,-26.5,-20.5,-19.5
88.76,-10.0,-12.6,-27.2,-20.6,-19.8
88.77,-9.9,-12.7,-24.4,-20.7,-20.6
88.78,-9.3,-12.8,-15.6,-20.6,-20.5
88.79,-8.8,-13.1,-13.3,-21.0,-20.1
88.80,-8.5,-13.5,-12.5,-21.0,-19.5
88.81,-8.5,-13.8,-11.9,-21.5,-19.0
88.82,-8.6,-14.1,-11.9,-21.3,-18.7
88.83,-9.3,-15.1,-13.7,-21.6,-18.6
88.84,-10.3,-16.0,-15.0,-21.6,-18.7
88.85,-11.2,-17.9,-16.2,-21.3,-18.6
88.86,-11.6,-20.1,-17.0,-21.0,-19.1
88.87,-10.5,-22.5,-13.7,-21.2,-18.9
88.88,-10.1,-26.1,-12.8,-21.2,-18.7
88.89,-9.9,-26.8,-12.4,-21.7,-18.4
88.90,-9.7,-23.5,-11.8,-20.9,-18.7
88.91,-9.7,-20.3,-11.9,-21.6,-18.9
88.92,-10.2,-18.5,-13.5,-21.2,-19.1
88.93,-10.7,-18.0,-14.3,-21.3,-19.2
88.94,-10.9,-17.9,-14.7,-21.1,-20.0
88.95,-10.6,-16.7,-15.6,-21.9,-19.8
88.96,-9.8,-14.6,-15.8,-22.6,-20.2
88.97,-9.2,-12.7,-16.3,-23.3,-20.3
88.98,-8.7,-11.4,-16.7,-24.6,-20.9
88.99,-8.4,-10.6,-17.9,-25.4,-20.7
89.00,-8.5,-10.5,-19.8,-25.3,-20.6
89.01,-9.1,-11.0,-20.7,-25.6,-20.4
89.02,-9.7,-11.8,-21.9,-24.6,-19.8
89.03,-9.8,-12.4,-23.0,-24.3,-18.9
89.04,-10.5,-13.7,-23.3,-23.3,-18.4
89.05,-11.2,-14.7,-23.6,-23.1,-18.0
89.06,-11.1,-15.4,-24.5,-22.4,-17.7
89.07,-11.3,-15.5,-25.4,-21.7,-18.2
89.08,-11.6,-15.0,-26.1,-21.7,-18.6
89.09,-11.3,-14.4,-27.3,-21.4,-19.0
89.10,-10.2,-12.8,-28.1,-21.6,-19.3
89.11,-10.0,-12.3,-28.9,-22.2,-19.8
89.12,-9.0,-11.6,-20.3,-21.6,-19.9
89.13,-8.5,-11.6,-15.5,-22.8,-20.3
89.14,-8.3,-11.7,-13.9,-22.9,-20.6
89.15,-8.6,-12.4,-13.2,-23.6,-21.0
89.16,-8.7,-13.1,-12.6,-23.5,-21.4
89.17,-9.5,-14.4,-13.3,-23.3,-21.7
89.18,-10.4,-15.5,-15.2,-23.2,-21.6
89.19,-11.4,-17.2,-16.1,-22.5,-21.6
89.20,-12.7,-19.9,-17.4,-22.8,-21.3
89.21,-13.1,-23.2,-16.0,-22.6,-21.2
89.22,-11.3,-24.8,-13.7,-23.2,-21.2
89.23,-11.1,-27.2,-13.1,-22.2,-21.0
89.24,-11.0,-31.2,-12.4,-21.5,-20.9
89.25,-10.4,-33.1,-11.9,-21.1,-21.0
89.26,-11.4,-27.7,-13.6,-20.4,-21.6
89.27,-11.1,-18.4,-14.7,-20.7,-22.0
89.28,-10.5,-14.9,-15.4,-20.2,-22.9
89.29,-9.8,-13.1,-16.1,-20.6,-23.3
89.30,-9.4,-11.8,-17.0,-20.7,-22.4
89.31,-9.1,-11.1,-17.3,-21.6,-21.9
89.32,-9.0,-11.0,-17.9,-22.0,-21.0
89.33,-8.9,-10.8,-19.1,-22.5,-20.3
89.34,-8.9,-10.5,-19.8,-23.6,-20.2
89.35,-9.1,-10.7,-20.9,-24.1,-20.2
89.36,-9.4,-11.0,-21.8,-23.6,-20.0
89.37,-9.7,-11.4,-22.5,-23.2,-20.1
89.38,-9.9,-11.9,-23.7,-22.3,-20.0
89.39,-10.1,-12.2,-24.0,-22.0,-20.0
89.40,-9.8,-12.0,-25.1,-21.0,-20.1
89.41,-9.4,-11.5,-26.2,-21.0,-19.9
89.42,-9.2,-11.2,-26.9,-20.7,-19.7
89.43,-9.1,-10.8,-27.6,-20.8,-20.4
89.44,-9.0,-10.5,-28.7,-20.8,-20.4
89.45,-9.0,-10.5,-30.1,-20.7,-20.5
89.46,-8.9,-10.4,-29.0,-21.1,-20.6
89.47,-8.7,-10.5,-15.9,-21.2,-21.4
89.48,-8.3,-10.9,-13.8,-22.1,-21.4
89.49,-8.2,-11.3,-13.1,-22.4,-21.2
89.50,-8.2,-11.5,-12.6,-21.8,-21.4
89.51,-8.4,-11.8,-12.7,-22.1,-21.5
89.52,-8.6,-11.6,-14.8,-21.4,-21.1
89.53,-9.3,-12.1,-16.3,-21.2,-20.7
89.54,-9.8,-12.8,-17.5,-20.8,-20.3
89.55,-10.3,-14.1,-18.5,-21.0,-20.0
89.56,-10.2,-16.2,-14.7,-20.9,-19.8
89.57,-10.3,-20.2,-13.6,-20.6,-19.8
89.58,-10.3,-23.8,-13.1,-20.7,-19.6
89.59,-10.3,-28.1,-12.4,-20.3,-19.5
89.60,-10.3,-32.1,-12.3,-20.7,-19.1
89.61,-10.9,-33.1,-13.8,-20.4,-19.3
89.62,-11.4,-26.6,-14.4,-20.5,-19.4
89.63,-10.7,-18.8,-14.5,-20.3,-20.0
89.64,-9.9,-14.3,-15.4,-20.9,-20.5
89.65,-8.7,-11.8,-15.6,-21.0,-21.3
89.66,-8.2,-10.4,-16.0,-21.3,-21.6
89.67,-7.9,-9.8,-16.5,-22.0,-21.9
89.68,-8.3,-9.9,-17.8,-21.8,-21.7
89.69,-8.8,-10.3,-19.7,-21.9,-21.2
89.70,-9.4,-11.4,-20.7,-22.0,-21.1
89.71,-9.9,-11.7,-22.1,-22.2,-21.0
89.72,-10.3,-12.0,-22.8,-22.5,-21.0
89.73,-10.1,-11.7,-23.2,-23.3,-21.1
89.74,-10.0,-11.6,-23.5,-24.5,-21.4
89.75,-10.2,-11.5,-24.1,-24.6,-21.6
89.76,-10.0,-11.3,-24.4,-24.5,-21.9
89.77,-10.0,-11.4,-24.8,-23.7,-22.1
89.78,-10.0,-11.4,-25.4,-23.2,-22.4
89.79,-10.0,-11.6,-25.9,-22.4,-21.8
89.80,-9.8,-11.6,-25.7,-21.8,-21.7
89.81,-9.2,-11.5,-19.5,-21.9,-21.8
89.82,-8.8,-11.7,-15.4,-21.6,-22.1
89.83,-8.3,-11.8,-13.8,-21.5,-21.9
89.84,-8.1,-12.0,-13.1,-21.5,-22.0
89.85,-8.1,-12.1,-12.6,-21.5,-21.3
89.86,-8.5,-11.9,-13.4,-21.3,-21.1
89.87,-8.5,-11.7,-15.1,-21.5,-20.4
89.88,-8.8,-11.5,-16.3,-21.8,-20.9
89.89,-8.9,-11.4,-17.7,-21.9,-20.7
89.90,-9.1,-11.5,-16.5,-22.4,-21.4
89.91,-8.6,-11.6,-14.3,-23.5,-21.7
89.92,-8.4,-11.6,-13.8,-23.7,-21.1
89.93,-8.2,-11.5,-13.2,-23.2,-21.0
89.94,-8.2,-11.6,-12.7,-23.3,-20.7
89.95,-8.7,-11.6,-14.4,-23.0,-20.5
89.96,-8.9,-11.6,-15.4,-22.8,-20.7
89.97,-9.2,-11.5,-15.7,-24.0,-21.7
89.98,-9.0,-11.6,-15.6,-24.9,-21.6
89.99,-9.1,-11.5,-15.9,-24.8,-22.0
90.00,-9.0,-11.4,-16.1,-24.0,-22.5
90.01,-8.9,-11.3,-16.7,-23.1,-21.8
90.02,-9.2,-11.1,-18.2,-22.3,-22.0
90.03,-9.2,-10.9,-19.2,-21.3,-21.9
90.04,-9.2,-10.8,-20.7,-21.4,-22.0
90.05,-9.1,-10.8,-21.5,-21.6,-21.6
90.06,-9.3,-10.7,-22.4,-21.2,-21.9
90.07,-9.3,-10.7,-23.5,-21.2,-21.3
90.08,-9.2,-10.8,-24.3,-21.1,-20.8
90.09,-9.1,-10.8,-25.3,-21.4,-20.6
90.10,-9.2,-10.8,-26.0,-21.9,-20.5
90.11,-9.2,-10.9,-26.8,-22.0,-19.9
90.12,-9.3,-10.9,-27.3,-22.3,-20.5
90.13,-9.5,-11.1,-27.7,-22.6,-20.8
90.14,-9.6,-11.3,-27.9,-22.7,-20.5
90.15,-9.7,-11.4,-25.2,-22.8,-20.6
90.16,-8.9,-11.7,-15.5,-23.2,-20.5
90.17,-8.6,-11.8,-13.6,-24.0,-20.4
90.18,-8.3,-11.8,-12.9,-24.0,-20.2
90.19,-7.9,-11.6,-12.4,-23.8,-19.8
90.20,-8.2,-12.2,-12.5,-23.6,-20.0
90.21,-9.3,-13.1,-14.2,-23.4,-20.0
90.22,-9.9,-14.1,-15.3,-23.3,-19.6
90.23,-11.4,-17.1,-16.2,-23.6,-19.9
90.24,-12.3,-20.4,-17.0,-24.5,-19.9
90.25,-11.5,-23.0,-14.2,-24.7,-19.6
90.26,-10.6,-24.6,-13.1,-23.7,-19.5
90.27,-10.5,-28.5,-12.7,-23.1,-19.7
90.28,-10.0,-32.2,-11.9,-21.7,-19.8
90.29,-10.3,-32.9,-12.0,-21.1,-20.0
90.30,-10.8,-33.9,-13.5,-20.5,-20.1
90.31,-10.8,-35.3,-14.0,-20.5,-20.1
90.32,-10.8,-36.3,-14.0,-20.3,-19.8
90.33,-11.1,-38.0,-14.4,-20.3,-19.2
90.34,-11.1,-39.5,-14.3,-20.6,-19.0
90.35,-10.5,-41.1,-14.5,-20.1,-18.3
90.36,-10.6,-40.7,-14.8,-20.2,-17.9
90.37,-10.9,-40.6,-15.7,-20.2,-17.6
90.38,-11.3,-40.9,-17.1,-20.4,-17.5
90.39,-11.4,-41.2,-17.6,-20.3,-17.2
90.40,-11.9,-42.2,-19.0,-20.3,-17.1
90.41,-12.4,-43.8,-19.7,-20.9,-17.2
90.42,-12.5,-45.8,-20.5,-20.6,-16.9
90.43,-12.6,-46.4,-21.7,-20.8,-16.6
90.44,-12.9,-46.4,-22.0,-20.7,-16.8
90.45,-13.0,-43.2,-23.2,-20.7,-16.8
90.46,-12.8,-34.6,-24.2,-20.6,-16.8
90.47,-13.5,-30.1,-25.3,-20.5,-17.6
90.48,-13.1,-21.6,-26.4,-20.6,-18.0
90.49,-12.5,-17.8,-26.9,-20.6,-18.6
90.50,-11.3,-15.3,-19.8,-20.9,-19.5
90.51,-10.0,-14.1,-15.4,-20.9,-20.2
90.52,-9.2,-13.6,-13.9,-21.1,-20.2
90.53,-8.7,-12.7,-13.2,-21.7,-20.6
90.54,-8.1,-11.9,-12.7,-21.5,-20.9
90.55,-8.5,-11.5,-13.8,-21.6,-21.1
90.56,-8.7,-11.2,-15.6,-21.3,-21.4
90.57,-8.9,-11.0,-16.7,-21.5,-21.7
90.58,-9.8,-11.9,-18.3,-22.1,-21.9
90.59,-10.3,-12.8,-16.0,-22.4,-22.1
90.60,-9.8,-13.7,-14.0,-23.5,-22.1
90.61,-9.6,-14.2,-13.4,-24.0,-21.4
90.62,-9.5,-14.0,-12.9,-23.5,-21.7
90.63,-9.2,-13.5,-12.4,-23.8,-21.9
90.64,-9.6,-13.1,-14.4,-23.3,-22.0
90.65,-9.9,-12.7,-15.4,-23.0,-23.0
90.66,-10.1,-12.6,-16.0,-23.2,-23.3
90.67,-10.1,-12.9,-16.3,-24.4,-22.2
90.68,-10.2,-13.1,-17.0,-25.5,-21.2
90.69,-10.0,-13.2,-17.4,-24.8,-20.3
90.70,-9.8,-12.7,-18.4,-25.1,-19.7
90.71,-9.9,-12.5,-19.6,-23.9,-19.5
90.72,-9.9,-12.5,-20.5,-22.2,-19.6
90.73,-9.9,-12.5,-21.4,-21.6,-19.5
90.74,-10.5,-13.1,-22.0,-21.6,-19.7
90.75,-10.8,-14.2,-21.1,-21.3,-19.4
90.76,-10.8,-14.7,-19.9,-21.3,-19.3
90.77,-11.0,-15.3,-19.2,-21.4,-19.1
90.78,-10.7,-16.0,-19.1,-21.1,-18.7
90.79,-10.9,-16.4,-19.1,-20.9,-18.7
90.80,-11.6,-17.3,-20.3,-21.1,-18.9
90.81,-12.3,-18.7,-22.7,-21.0,-19.1
90.82,-12.8,-19.1,-24.4,-20.8,-19.8
90.83,-13.2,-18.1,-25.3,-20.9,-20.9
90.84,-11.9,-15.4,-23.6,-21.1,-21.3
90.85,-10.0,-14.4,-14.5,-21.2,-22.0
90.86,-9.2,-13.0,-13.3,-22.6,-22.6
90.87,-8.3,-11.6,-12.7,-23.0,-22.6
90.88,-7.6,-10.6,-12.3,-22.7,-23.0
90.89,-8.0,-10.7,-13.0,-23.6,-22.8
90.90,-8.3,-10.5,-14.9,-23.8,-22.8
90.91,-8.5,-11.0,-15.6,-23.2,-22.9
90.92,-9.2,-12.4,-16.1,-22.9,-22.9
90.93,-10.1,-13.8,-16.4,-22.9,-22.7
90.94,-11.1,-15.3,-17.2,-22.3,-22.5
90.95,-11.4,-17.4,-16.5,-21.5,-22.0
90.96,-12.1,-19.1,-16.5,-22.1,-22.1
90.97,-12.1,-21.1,-15.9,-22.7,-21.8
90.98,-11.8,-22.7,-14.8,-23.5,-21.9
90.99,-11.3,-25.1,-14.3,-23.9,-22.1
91.00,-10.8,-21.8,-14.2,-24.1,-22.5
91.01,-9.7,-15.3,-13.9,-24.9,-23.0
91.02,-8.5,-13.1,-13.2,-25.4,-23.7
91.03,-8.3,-12.4,-13.0,-26.0,-24.5
91.04,-8.0,-11.7,-12.7,-27.8,-25.8
91.05,-8.2,-11.3,-12.7,-32.0,-26.4
91.06,-8.5,-11.5,-12.9,-31.2,-26.6
91.07,-9.0,-11.2,-14.9,-31.8,-25.7
91.08,-8.8,-10.7,-15.8,-30.0,-24.5
91.09,-9.2,-11.0,-17.2,-30.1,-23.7
91.10,-9.6,-11.5,-17.9,-30.4,-23.1
91.11,-10.3,-12.0,-19.3,-31.9,-22.8
91.12,-11.1,-12.5,-21.1,-33.5,-23.1
91.13,-11.0,-12.4,-21.2,-32.4,-23.2
91.14,-10.7,-12.1,-21.5,-31.4,-22.7
91.15,-10.6,-12.0,-21.2,-29.8,-22.7
91.16,-10.2,-11.6,-20.7,-28.4,-22.3
91.17,-10.2,-11.8,-20.7,-28.1,-22.0
91.18,-10.8,-12.6,-21.0,-28.0,-21.7
91.19,-11.2,-13.7,-21.5,-27.2,-21.5
91.20,-12.4,-15.8,-21.3,-28.0,-21.5
91.21,-13.6,-19.4,-20.3,-27.6,-21.4
91.22,-14.8,-24.0,-20.5,-29.3,-21.6
91.23,-15.2,-27.3,-20.8,-29.4,-21.1
91.24,-15.0,-31.5,-19.6,-33.8,-20.5
91.25,-15.0,-36.0,-20.2,-36.1,-20.2
91.26,-14.8,-37.4,-19.8,-43.9,-19.6
91.27,-14.9,-37.9,-19.8,-47.2,-19.4
91.28,-14.9,-37.7,-20.1,-43.3,-19.5
91.29,-15.9,-37.4,-21.9,-43.4,-19.4
91.30,-16.5,-37.2,-22.4,-43.3,-19.7
91.31,-17.5,-37.1,-23.7,-44.1,-20.4
91.32,-17.7,-36.5,-24.0,-44.5,-20.4
91.33,-18.4,-34.4,-24.8,-51.2,-21.3
91.34,-17.8,-30.0,-24.6,-54.6,-21.5
91.35,-17.5,-24.9,-25.9,-56.1,-21.7
91.36,-14.8,-17.5,-26.2,-55.2,-22.1
91.37,-11.6,-12.9,-25.3,-55.9,-22.8
91.38,-9.8,-10.6,-25.4,-56.1,-23.2
91.39,-8.7,-9.2,-25.6,-56.1,-23.7
91.40,-7.8,-8.4,-25.2,-56.1,-24.1
91.41,-7.6,-8.1,-24.9,-59.4,-24.7
91.42,-8.0,-8.4,-24.9,-61.7,-24.7
91.43,-8.3,-8.8,-25.0,-62.8,-25.0
91.44,-8.8,-9.3,-25.1,-63.0,-24.9
91.45,-9.3,-9.7,-25.2,-63.0,-25.2
91.46,-9.7,-10.2,-25.1,-60.2,-25.4
91.47,-10.2,-10.7,-24.8,-55.1,-25.3
91.48,-10.6,-11.1,-25.2,-54.9,-25.3
91.49,-11.1,-11.7,-25.6,-54.6,-25.5
91.50,-11.5,-12.1,-25.4,-54.9,-26.1
91.51,-12.3,-12.8,-26.1,-55.9,-26.8
91.52,-12.3,-13.0,-26.9,-59.1,-26.8
91.53,-11.3,-12.0,-27.6,-58.9,-28.1
91.54,-10.3,-10.8,-26.9,-59.3,-28.9
91.55,-9.7,-10.1,-25.9,-58.8,-29.4
91.56,-9.2,-9.5,-25.8,-58.6,-30.6
91.57,-8.7,-9.0,-25.8,-60.5,-32.1
91.58,-9.2,-9.4,-25.8,-60.2,-33.2
91.59,-9.3,-9.6,-26.1,-59.4,-33.7
91.60,-9.6,-9.8,-26.8,-59.9,-34.3
91.61,-9.8,-9.9,-27.9,-58.9,-34.2
91.62,-9.9,-10.1,-27.9,-58.6,-34.3
91.63,-10.1,-10.3,-27.8,-57.7,-33.5
91.64,-10.2,-10.4,-28.7,-56.9,-32.8
91.65,-10.6,-10.7,-29.8,-56.7,-32.2
91.66,-10.8,-11.0,-29.4,-57.9,-32.4
91.67,-11.2,-11.4,-27.8,-58.3,-33.1
91.68,-11.2,-11.4,-27.4,-63.0,-34.8
91.69,-11.4,-11.6,-27.7,-64.0,-36.1
91.70,-10.9,-11.1,-27.8,-65.1,-37.9
91.71,-10.1,-10.3,-27.7,-65.8,-38.6
91.72,-9.3,-9.5,-28.1,-65.1,-38.5
91.73,-9.4,-9.6,-29.0,-65.1,-38.9
91.74,-9.6,-9.7,-29.0,-64.9,-38.0
91.75,-10.2,-10.3,-29.2,-62.9,-37.9
91.76,-11.5,-11.6,-30.1,-62.4,-37.7
91.77,-12.5,-12.7,-31.6,-60.2,-37.2
91.78,-12.8,-12.9,-31.9,-60.3,-37.2
91.79,-12.4,-12.6,-30.8,-59.7,-36.7
91.80,-12.0,-12.1,-30.9,-60.6,-36.8
91.81,-12.0,-12.1,-31.7,-61.6,-37.2
91.82,-12.5,-12.6,-31.9,-62.1,-38.0
91.83,-11.8,-11.9,-30.7,-63.1,-39.8
91.84,-11.6,-11.8,-29.6,-61.2,-41.0
91.85,-11.6,-11.8,-29.1,-61.1,-42.5
91.86,-11.4,-11.5,-29.1,-61.2,-43.1
91.87,-10.9,-11.0,-29.2,-61.4,-44.6
91.88,-11.2,-11.3,-30.0,-61.8,-45.3
91.89,-11.2,-11.3,-31.7,-63.1,-46.5
91.90,-10.9,-10.9,-32.3,-62.8,-46.9
91.91,-10.7,-10.8,-31.9,-64.0,-47.3
91.92,-11.0,-11.0,-32.1,-65.3,-48.4
91.93,-11.2,-11.3,-33.7,-64.2,-49.3
91.94,-11.3,-11.3,-35.4,-61.3,-49.1
91.95,-11.3,-11.3,-35.2,-59.8,-48.5
91.96,-11.1,-11.2,-33.8,-58.4,-48.2
91.97,-11.1,-11.2,-33.7,-58.4,-47.9
91.98,-11.8,-11.8,-33.9,-58.7,-48.5
91.99,-13.0,-13.1,-33.4,-59.1,-48.3
92.00,-14.9,-14.9,-33.0,-60.6,-48.6
92.01,-17.0,-17.2,-33.5,-62.1,-48.9
92.02,-18.5,-18.7,-33.5,-62.9,-49.4
92.03,-15.2,-15.3,-33.5,-63.7,-50.6
92.04,-12.8,-12.8,-34.4,-63.5,-50.9
92.05,-11.4,-11.4,-36.8,-64.0,-52.6
92.06,-10.3,-10.4,-38.1,-64.2,-52.4
92.07,-9.7,-9.7,-36.4,-63.6,-51.6
92.08,-9.9,-9.9,-35.9,-64.8,-52.2
92.09,-10.1,-10.1,-36.0,-64.8,-52.2
92.10,-10.2,-10.2,-36.2,-64.9,-52.5
92.11,-10.5,-10.5,-35.8,-64.5,-52.0
92.12,-10.6,-10.6,-36.5,-64.5,-51.6
92.13,-10.5,-10.5,-37.3,-64.5,-51.4
92.14,-10.4,-10.4,-37.4,-64.0,-50.4
92.15,-10.2,-10.2,-37.4,-63.4,-49.4
92.16,-10.1,-10.1,-39.0,-63.5,-48.5
92.17,-10.1,-10.1,-40.6,-63.5,-48.0
92.18,-10.5,-10.5,-40.8,-62.7,-45.2
92.19,-11.0,-11.0,-39.5,-62.7,-43.9
92.20,-10.7,-10.8,-38.9,-61.5,-38.7
92.21,-10.7,-11.1,-28.8,-60.6,-32.5
92.22,-9.8,-11.0,-20.1,-60.2,-26.0
92.23,-9.1,-10.6,-18.5,-53.6,-20.7
92.24,-8.7,-10.7,-17.4,-46.0,-19.0
92.25,-8.6,-11.1,-16.9,-33.0,-17.8
92.26,-8.7,-11.2,-16.9,-32.9,-17.2
92.27,-9.0,-11.8,-17.7,-32.7,-17.0
92.28,-9.2,-12.4,-18.3,-32.3,-17.2
92.29,-9.8,-12.9,-19.1,-32.2,-17.3
92.30,-9.8,-13.5,-18.9,-36.6,-16.6
92.31,-9.8,-13.5,-19.6,-36.5,-16.3
92.32,-9.6,-12.9,-20.7,-37.0,-16.0
92.33,-9.7,-12.2,-20.8,-38.6,-16.0
92.34,-9.8,-12.1,-20.8,-46.9,-15.8
92.35,-9.7,-12.0,-20.1,-49.9,-16.0
92.36,-9.6,-12.2,-19.6,-50.2,-15.7
92.37,-10.1,-12.7,-19.4,-48.9,-15.5
92.38,-10.1,-13.2,-18.9,-48.0,-15.3
92.39,-10.1,-13.3,-18.9,-45.2,-15.9
92.40,-10.3,-13.2,-19.0,-34.6,-16.0
92.41,-10.3,-13.3,-19.4,-30.3,-16.4
92.42,-10.0,-13.3,-19.9,-24.9,-16.7
92.43,-10.2,-13.5,-20.7,-22.9,-17.0
92.44,-10.5,-13.8,-21.6,-21.2,-17.0
92.45,-10.6,-14.0,-22.6,-19.8,-17.2
92.46,-11.0,-14.4,-23.9,-19.2,-16.6
92.47,-11.2,-14.7,-25.6,-18.6,-16.3
92.48,-11.0,-15.2,-26.6,-18.4,-16.1
92.49,-10.7,-15.8,-27.3,-17.7,-15.7
92.50,-10.6,-16.0,-26.9,-17.6,-15.6
92.51,-10.4,-15.6,-26.5,-17.4,-16.0
92.52,-10.5,-15.3,-26.4,-17.1,-16.1
92.53,-10.0,-14.7,-26.6,-16.9,-16.0
92.54,-10.2,-14.3,-26.7,-17.2,-16.5
92.55,-10.0,-14.1,-25.9,-17.2,-16.7
92.56,-9.7,-13.7,-24.0,-17.5,-17.0
92.57,-9.4,-13.5,-19.2,-18.1,-17.7
92.58,-8.9,-13.8,-14.9,-18.7,-17.7
92.59,-8.7,-14.5,-13.4,-19.4,-17.7
92.60,-8.9,-15.5,-12.6,-20.2,-17.7
92.61,-8.9,-17.1,-12.0,-21.2,-17.7
92.62,-9.5,-19.1,-12.8,-21.6,-17.2
92.63,-10.6,-20.9,-14.2,-21.3,-17.0
92.64,-11.0,-21.8,-14.9,-21.8,-16.8
92.65,-11.2,-23.7,-16.1,-21.2,-16.2
92.66,-11.5,-25.9,-17.7,-20.8,-15.8
92.67,-12.0,-27.5,-18.7,-20.7,-15.6
92.68,-12.3,-29.4,-19.8,-20.6,-15.6
92.69,-12.9,-32.5,-21.4,-20.8,-15.6
92.70,-13.2,-37.0,-21.4,-20.6,-16.1
92.71,-13.2,-39.4,-21.6,-20.4,-16.3
92.72,-13.4,-40.7,-22.3,-20.7,-16.3
92.73,-12.9,-41.1,-20.3,-20.2,-16.5
92.74,-12.3,-41.5,-17.5,-20.5,-16.8
92.75,-12.1,-43.7,-16.9,-20.5,-16.3
92.76,-11.5,-45.1,-16.3,-20.6,-15.9
92.77,-11.3,-46.2,-15.8,-21.7,-15.8
92.78,-11.7,-47.9,-17.5,-20.7,-15.6
92.79,-11.8,-47.6,-19.2,-20.9,-15.3
92.80,-12.6,-47.9,-20.2,-21.0,-15.5
92.81,-13.1,-48.2,-21.5,-20.9,-15.6
92.82,-13.2,-48.9,-23.2,-21.2,-15.7
92.83,-13.8,-49.8,-24.3,-21.0,-15.9
92.84,-13.6,-50.0,-25.1,-21.0,-15.6
92.85,-13.6,-49.9,-25.4,-21.5,-15.7
92.86,-13.3,-49.8,-25.4,-21.0,-15.7
92.87,-13.1,-50.8,-25.4,-20.7,-15.6
92.88,-13.1,-51.6,-25.5,-20.7,-15.5
92.89,-13.2,-52.1,-25.7,-21.0,-15.7
92.90,-13.0,-53.8,-26.4,-20.3,-15.6
92.91,-13.2,-54.9,-27.1,-20.9,-15.4
92.92,-12.7,-55.7,-28.6,-20.2,-15.0
92.93,-12.8,-56.7,-29.3,-20.2,-15.0
92.94,-12.8,-58.0,-30.5,-20.3,-14.9
92.95,-12.7,-56.4,-30.5,-19.8,-14.9
92.96,-12.7,-56.0,-31.0,-19.8,-14.7
92.97,-13.2,-56.3,-31.0,-20.2,-15.2
92.98,-12.9,-56.1,-31.0,-19.6,-15.3
92.99,-12.8,-56.9,-31.0,-20.0,-15.2
93.00,-12.9,-59.4,-31.0,-20.0,-15.3
93.01,-13.1,-60.2,-30.8,-20.2,-15.5
93.02,-12.5,-60.5,-31.3,-19.6,-15.1
93.03,-12.7,-61.3,-31.7,-19.9,-15.2
93.04,-12.5,-61.3,-32.0,-19.4,-15.4
93.05,-12.8,-61.1,-32.4,-19.6,-15.2
93.06,-13.5,-61.4,-33.0,-20.6,-15.5
93.07,-12.9,-61.2,-32.4,-19.5,-15.6
93.08,-12.8,-60.3,-26.5,-20.0,-15.9
93.09,-11.8,-60.3,-18.0,-20.5,-16.6
93.10,-10.2,-60.0,-13.9,-20.3,-16.9
93.11,-10.0,-60.1,-12.9,-20.7,-16.8
93.12,-8.8,-60.6,-11.8,-20.1,-16.8
93.13,-8.3,-61.8,-11.2,-19.8,-16.5
93.14,-9.5,-63.0,-12.6,-20.1,-16.4
93.15,-10.1,-63.7,-13.9,-19.3,-16.7
93.16,-10.9,-64.3,-14.8,-20.0,-17.1
93.17,-12.0,-65.5,-16.4,-19.4,-16.8
93.18,-12.9,-66.4,-18.6,-19.8,-16.6
93.19,-12.9,-66.5,-19.8,-19.4,-16.3
93.20,-12.9,-66.4,-21.6,-19.4,-15.9
93.21,-12.9,-66.4,-23.4,-19.4,-15.6
93.22,-13.1,-66.2,-23.7,-19.4,-15.9
93.23,-13.1,-66.4,-22.9,-19.5,-16.1
93.24,-12.9,-65.7,-22.3,-19.6,-16.0
93.25,-12.7,-65.7,-21.0,-19.5,-16.3
93.26,-11.5,-66.2,-16.1,-20.0,-16.5
93.27,-10.1,-66.4,-13.2,-19.8,-16.8
93.28,-9.9,-67.2,-12.3,-20.2,-16.9
93.29,-9.5,-68.4,-11.7,-20.0,-16.7
93.30,-9.3,-69.7,-11.4,-20.1,-16.4
93.31,-10.1,-69.5,-13.2,-20.2,-16.2
93.32,-11.1,-69.2,-14.7,-19.9,-15.7
93.33,-11.4,-69.2,-15.6,-20.1,-15.4
93.34,-11.8,-69.1,-17.2,-20.0,-15.3
93.35,-12.4,-69.1,-19.6,-19.6,-15.4
93.36,-12.4,-68.8,-21.3,-19.8,-14.8
93.37,-12.3,-69.2,-22.9,-19.7,-14.8
93.38,-12.9,-69.4,-23.7,-19.6,-15.1
93.39,-12.9,-69.6,-22.0,-19.8,-15.3
93.40,-13.0,-69.4,-20.7,-19.7,-15.6
93.41,-13.3,-69.1,-20.2,-19.7,-16.4
93.42,-12.6,-68.3,-19.2,-19.4,-16.4
93.43,-11.9,-68.1,-17.0,-20.1,-16.7
93.44,-12.0,-68.0,-16.8,-19.6,-16.4
93.45,-11.2,-67.8,-16.3,-19.7,-16.0
93.46,-11.1,-67.9,-16.2,-19.8,-15.8
93.47,-11.3,-68.6,-17.6,-19.4,-15.2
93.48,-11.4,-68.5,-19.0,-19.5,-14.8
93.49,-11.9,-69.1,-20.2,-19.8,-14.8
93.50,-12.1,-69.2,-21.4,-19.3,-14.9
93.51,-12.3,-69.4,-23.3,-19.3,-14.8
93.52,-12.5,-69.9,-24.2,-19.4,-15.1
93.53,-12.6,-70.4,-25.8,-19.0,-14.9
93.54,-12.9,-70.4,-27.1,-19.3,-14.9
93.55,-12.9,-70.4,-28.7,-19.0,-14.9
93.56,-13.3,-70.6,-29.1,-19.2,-15.3
93.57,-13.0,-70.3,-29.3,-19.0,-15.4
93.58,-13.3,-70.3,-29.8,-19.1,-15.7
93.59,-13.1,-69.7,-29.0,-18.9,-15.9
93.60,-12.3,-69.0,-21.5,-19.2,-15.9
93.61,-10.7,-68.9,-14.4,-19.5,-15.6
93.62,-10.1,-69.0,-12.9,-19.8,-15.9
93.63,-9.6,-69.2,-12.2,-20.2,-15.5
93.64,-9.5,-69.8,-11.7,-20.7,-15.1
93.65,-9.7,-69.9,-11.9,-20.6,-15.2
93.66,-10.2,-69.7,-13.7,-20.6,-15.1
93.67,-11.1,-69.4,-14.9,-20.4,-15.1
93.68,-11.4,-69.7,-15.8,-20.6,-15.1
93.69,-12.0,-70.0,-17.1,-20.4,-15.0
93.70,-12.4,-70.1,-18.2,-20.3,-15.1
93.71,-12.5,-71.0,-19.0,-20.4,-15.3
93.72,-12.2,-71.0,-19.4,-20.2,-15.0
93.73,-12.0,-71.0,-19.6,-20.1,-15.1
93.74,-12.2,-71.1,-20.1,-19.8,-15.0
93.75,-12.5,-71.1,-20.3,-19.8,-14.8
93.76,-12.2,-70.9,-21.2,-19.6,-14.6
93.77,-12.0,-70.9,-23.8,-19.4,-14.3
93.78,-12.1,-71.0,-26.0,-19.6,-14.2
93.79,-11.8,-70.9,-25.7,-19.6,-14.3
93.80,-12.0,-70.9,-25.2,-19.5,-14.5
93.81,-12.7,-70.8,-24.4,-19.7,-15.0
93.82,-12.6,-70.8,-23.6,-19.4,-15.2
93.83,-12.5,-70.7,-23.7,-19.5,-15.2
93.84,-12.7,-70.6,-24.2,-19.6,-15.2
93.85,-12.6,-70.7,-24.8,-19.5,-15.3
93.86,-12.6,-70.6,-25.4,-19.9,-15.1
93.87,-12.8,-70.7,-26.1,-19.7,-15.0
93.88,-13.0,-70.5,-26.9,-19.7,-15.1
93.89,-13.2,-70.7,-28.0,-19.8,-15.0
93.90,-13.3,-70.8,-28.7,-19.7,-15.2
93.91,-13.4,-70.9,-29.5,-19.8,-15.7
93.92,-13.3,-70.9,-30.2,-20.0,-15.8
93.93,-13.3,-69.6,-30.6,-20.1,-16.0
93.94,-13.1,-69.0,-24.9,-20.5,-16.3
93.95,-11.5,-68.8,-16.5,-21.0,-16.2
93.96,-10.7,-68.9,-13.3,-22.2,-16.2
93.97,-9.7,-68.8,-12.5,-21.2,-15.9
93.98,-9.3,-69.8,-11.9,-21.3,-15.7
93.99,-9.1,-70.7,-11.6,-20.8,-15.4
94.00,-10.2,-70.7,-13.9,-19.8,-15.1
94.01,-10.9,-71.0,-15.5,-19.5,-15.1
94.02,-11.2,-71.1,-16.5,-19.5,-15.2
94.03,-11.6,-71.1,-17.9,-19.6,-15.4
94.04,-12.3,-71.4,-19.9,-19.7,-15.6
94.05,-12.8,-71.4,-21.6,-19.7,-15.7
94.06,-12.9,-71.5,-22.6,-19.7,-15.9
94.07,-12.9,-71.4,-21.9,-19.8,-16.0
94.08,-13.3,-71.3,-22.1,-19.5,-16.4
94.09,-13.6,-70.8,-22.0,-19.5,-16.8
94.10,-13.9,-70.4,-22.2,-19.6,-17.3
94.11,-13.6,-69.5,-20.2,-19.6,-17.5
94.12,-12.6,-69.2,-17.4,-20.0,-17.3
94.13,-11.9,-69.1,-16.2,-19.9,-16.9
94.14,-11.0,-69.2,-15.3,-20.1,-16.3
94.15,-10.7,-69.1,-14.9,-20.3,-15.9
94.16,-10.8,-69.6,-16.1,-20.0,-15.4
94.17,-11.2,-69.7,-17.9,-19.9,-15.6
94.18,-11.6,-69.7,-19.5,-19.8,-15.7
94.19,-12.6,-69.8,-20.9,-19.7,-16.4
94.20,-12.8,-69.9,-22.7,-19.5,-16.5
94.21,-12.9,-70.0,-23.7,-19.4,-16.7
94.22,-12.9,-70.0,-25.2,-19.4,-16.5
94.23,-13.0,-70.0,-26.0,-19.3,-16.5
94.24,-13.1,-70.1,-27.4,-19.3,-16.2
94.25,-13.6,-69.8,-27.7,-19.2,-16.2
94.26,-13.6,-69.7,-28.1,-19.1,-15.8
94.27,-13.5,-69.9,-28.1,-19.1,-15.9
94.28,-12.9,-69.7,-28.7,-19.1,-15.6
94.29,-12.7,-69.8,-29.7,-19.2,-15.3
94.30,-12.5,-69.8,-30.7,-19.1,-15.0
94.31,-12.6,-69.6,-31.3,-19.5,-14.8
94.32,-12.2,-69.7,-31.9,-19.2,-14.3
94.33,-12.6,-69.7,-32.2,-18.9,-14.4
94.34,-12.5,-69.6,-32.3,-18.8,-14.7
94.35,-12.5,-69.6,-32.6,-18.7,-14.6
94.36,-12.8,-69.8,-33.5,-18.7,-14.8
94.37,-13.0,-69.7,-34.0,-18.6,-15.1
94.38,-12.8,-69.9,-34.9,-18.6,-15.1
94.39,-12.9,-70.0,-35.5,-18.6,-15.1
94.40,-12.8,-69.8,-35.8,-18.7,-15.4
94.41,-12.7,-69.8,-36.0,-18.6,-15.2
94.42,-13.0,-69.8,-36.2,-18.9,-15.1
94.43,-13.0,-69.7,-36.3,-18.9,-15.0
94.44,-12.7,-69.4,-36.4,-18.5,-14.9
94.45,-13.3,-69.0,-36.2,-18.8,-15.3
94.46,-13.1,-68.0,-29.9,-18.7,-15.6
94.47,-11.6,-68.0,-16.2,-18.9,-16.0
94.48,-10.4,-68.1,-12.9,-19.3,-16.6
94.49,-9.5,-68.4,-11.9,-19.4,-16.8
94.50,-8.7,-69.0,-10.8,-19.5,-16.8
94.51,-8.5,-69.9,-10.2,-19.9,-17.0
94.52,-9.5,-69.8,-11.6,-19.8,-16.8
94.53,-10.2,-69.7,-12.9,-19.6,-16.6
94.54,-10.8,-69.5,-13.9,-19.7,-16.3
94.55,-11.7,-69.3,-15.7,-19.6,-15.8
94.56,-12.8,-69.3,-18.8,-19.6,-15.7
94.57,-13.0,-69.3,-19.9,-19.8,-15.6
94.58,-13.2,-69.1,-21.4,-19.8,-15.7
94.59,-13.9,-69.2,-23.8,-19.6,-16.0
94.60,-14.0,-68.9,-23.4,-20.0,-16.2
94.61,-13.5,-69.1,-22.2,-20.1,-16.3
94.62,-13.8,-69.0,-21.8,-20.0,-16.2
94.63,-13.3,-68.6,-20.9,-20.3,-16.1
94.64,-11.3,-68.7,-16.3,-20.7,-16.0
94.65,-10.0,-69.2,-13.2,-20.6,-16.1
94.66,-9.9,-69.2,-12.5,-20.9,-15.9
94.67,-9.4,-69.2,-11.8,-21.3,-15.9
94.68,-9.1,-69.9,-11.4,-20.6,-16.0
94.69,-11.0,-70.1,-13.5,-20.8,-15.6
94.70,-11.7,-69.9,-15.1,-20.3,-15.4
94.71,-12.2,-70.1,-16.1,-20.4,-15.4
94.72,-12.6,-70.0,-18.2,-20.2,-15.5
94.73,-13.4,-69.9,-20.5,-20.3,-15.5
94.74,-13.6,-69.6,-21.6,-20.3,-15.7
94.75,-13.9,-69.3,-21.9,-20.5,-15.9
94.76,-14.0,-69.0,-21.3,-20.7,-16.0
94.77,-13.9,-68.9,-20.1,-21.1,-16.1
94.78,-13.2,-69.1,-19.4,-21.1,-16.0
94.79,-12.9,-68.9,-19.3,-21.1,-16.2
94.80,-12.5,-67.9,-18.2,-21.2,-16.8
94.81,-12.0,-67.7,-16.3,-20.6,-16.7
94.82,-12.1,-67.5,-15.6,-21.2,-17.2
94.83,-11.5,-67.2,-15.3,-20.3,-16.8
94.84,-11.7,-66.9,-15.2,-21.5,-16.6
94.85,-12.1,-67.6,-16.2,-20.1,-16.0
94.86,-11.9,-67.4,-18.1,-20.4,-15.4
94.87,-11.8,-67.7,-19.8,-19.7,-15.0
94.88,-12.4,-68.1,-21.5,-19.6,-15.1
94.89,-11.9,-68.6,-23.9,-19.0,-15.0
94.90,-12.4,-68.3,-25.2,-18.9,-15.5
94.91,-12.8,-68.4,-27.6,-19.1,-15.3
94.92,-12.6,-68.5,-29.6,-18.9,-15.4
94.93,-12.9,-68.3,-32.0,-19.7,-15.3
94.94,-12.4,-68.6,-32.6,-19.1,-15.1
94.95,-12.6,-68.4,-33.1,-20.4,-15.1
94.96,-12.6,-68.5,-33.9,-19.4,-15.4
94.97,-12.9,-68.2,-34.5,-20.0,-15.5
94.98,-12.1,-67.9,-26.0,-19.3,-15.5
94.99,-10.4,-67.7,-14.4,-20.5,-15.9
95.00,-10.0,-68.2,-12.9,-21.3,-16.4
95.01,-10.0,-68.2,-12.3,-22.3,-16.8
95.02,-10.2,-68.9,-11.8,-22.5,-17.8
95.03,-10.6,-69.3,-12.3,-21.7,-17.5
95.04,-12.0,-69.7,-14.3,-20.7,-17.2
95.05,-12.4,-69.6,-15.8,-20.0,-16.7
95.06,-12.4,-69.9,-16.8,-19.6,-16.6
95.07,-13.2,-69.6,-19.5,-19.4,-16.2
95.08,-13.4,-69.4,-21.9,-19.1,-16.6
95.09,-14.0,-69.2,-23.6,-19.3,-16.6
95.10,-13.8,-69.2,-23.7,-18.9,-16.7
95.11,-14.0,-69.2,-22.3,-19.1,-16.9
95.12,-13.7,-69.2,-21.2,-18.7,-17.1
95.13,-13.7,-69.4,-21.0,-19.0,-17.1
95.14,-13.6,-69.3,-21.1,-18.8,-17.3
95.15,-13.9,-69.4,-21.5,-19.0,-17.1
95.16,-13.9,-69.4,-21.9,-18.9,-17.3
95.17,-14.0,-69.4,-22.5,-19.1,-17.0
95.18,-13.6,-69.5,-23.3,-19.0,-16.8
95.19,-13.6,-69.4,-24.2,-19.0,-16.6
95.20,-13.2,-69.5,-25.4,-19.0,-16.5
95.21,-13.2,-69.4,-27.4,-19.0,-16.5
95.22,-13.1,-69.4,-28.7,-19.2,-16.5
95.23,-13.3,-69.4,-30.2,-19.0,-16.7
95.24,-13.3,-69.5,-31.3,-19.1,-16.8
95.25,-13.4,-69.3,-31.7,-19.0,-17.1
95.26,-13.5,-69.3,-32.5,-19.1,-17.1
95.27,-13.6,-68.9,-33.9,-19.1,-17.4
95.28,-13.6,-68.8,-34.7,-19.1,-17.4
95.29,-13.7,-68.7,-35.5,-19.1,-17.3
95.30,-13.6,-68.6,-35.5,-19.1,-17.2
95.31,-13.5,-68.6,-34.9,-19.0,-16.9
95.32,-13.1,-68.0,-26.0,-19.3,-16.9
95.33,-12.7,-68.0,-17.2,-19.4,-17.1
95.34,-10.8,-68.0,-13.0,-19.6,-17.1
95.35,-10.1,-68.1,-11.9,-20.1,-16.8
95.36,-9.6,-68.3,-11.3,-19.6,-16.6
95.37,-9.3,-69.0,-10.9,-19.8,-15.9
95.38,-9.6,-69.1,-12.9,-19.2,-15.5
95.39,-10.5,-69.2,-14.8,-19.0,-15.2
95.40,-10.7,-69.2,-16.1,-18.8,-14.9
95.41,-11.3,-69.3,-18.1,-19.1,-14.7
95.42,-11.2,-69.2,-20.5,-18.8,-14.5
95.43,-11.8,-69.1,-21.5,-19.2,-14.8
95.44,-12.2,-68.9,-22.3,-19.2,-15.1
95.45,-12.2,-68.6,-22.1,-19.5,-15.5
95.46,-12.1,-68.5,-20.9,-19.3,-15.8
95.47,-12.3,-68.3,-20.4,-19.6,-16.0
95.48,-12.1,-68.2,-20.2,-19.8,-16.2
95.49,-11.7,-67.0,-18.8,-20.0,-16.3
95.50,-11.8,-66.9,-17.6,-20.0,-16.7
95.51,-11.7,-66.8,-16.9,-20.1,-16.9
95.52,-11.8,-66.9,-17.1,-19.9,-16.9
95.53,-11.9,-67.1,-17.2,-19.6,-17.0
95.54,-12.5,-68.5,-18.7,-19.2,-16.7
95.55,-12.5,-68.5,-21.6,-19.3,-16.2
95.56,-13.1,-68.9,-24.0,-19.5,-16.1
95.57,-13.1,-68.8,-25.7,-19.2,-16.4
95.58,-13.6,-68.9,-27.1,-19.7,-16.6
95.59,-13.8,-68.9,-28.5,-19.3,-16.8
95.60,-14.2,-68.8,-29.5,-20.0,-16.8
95.61,-14.3,-69.0,-30.5,-19.4,-17.0
95.62,-14.1,-68.9,-30.8,-20.0,-16.6
95.63,-13.8,-69.0,-31.2,-19.3,-16.6
95.64,-13.8,-68.9,-31.6,-20.0,-16.5
95.65,-13.4,-69.1,-31.7,-19.2,-16.5
95.66,-13.4,-69.0,-32.5,-19.9,-16.3
95.67,-13.1,-69.2,-33.1,-19.1,-16.4
95.68,-12.5,-69.1,-33.5,-19.2,-15.6
95.69,-12.4,-69.1,-34.4,-18.5,-15.5
95.70,-12.0,-69.1,-35.0,-18.4,-15.1
95.71,-11.9,-69.0,-35.6,-17.8,-15.1
95.72,-12.2,-69.0,-35.8,-17.9,-15.1
95.73,-12.3,-69.0,-35.7,-17.7,-15.7
95.74,-12.6,-68.8,-35.9,-17.7,-16.0
95.75,-12.6,-68.8,-36.0,-17.6,-16.0
95.76,-12.4,-68.4,-36.1,-17.6,-16.2
95.77,-12.4,-68.3,-36.4,-17.5,-16.2
95.78,-12.5,-68.3,-36.5,-17.6,-16.3
95.79,-12.2,-68.6,-36.8,-17.4,-16.2
95.80,-12.4,-68.4,-37.2,-17.6,-16.3
95.81,-12.0,-68.9,-37.9,-17.5,-15.7
95.82,-12.1,-68.9,-38.1,-17.8,-15.5
95.83,-11.7,-69.1,-37.7,-17.7,-15.1
95.84,-12.0,-68.5,-28.3,-18.1,-15.2
95.85,-10.5,-68.1,-16.3,-18.4,-15.5
95.86,-10.4,-68.0,-13.4,-19.4,-16.5
95.87,-10.0,-67.8,-12.4,-20.3,-16.5
95.88,-9.7,-68.0,-11.5,-20.5,-17.1
95.89,-9.5,-68.5,-11.2,-21.1,-17.2
95.90,-10.5,-68.8,-12.8,-20.1,-16.9
95.91,-11.2,-68.9,-14.1,-20.2,-16.8
95.92,-11.5,-68.9,-15.1,-19.3,-16.8
95.93,-13.0,-68.6,-17.1,-20.5,-16.7
95.94,-14.1,-68.5,-20.1,-20.1,-16.8
95.95,-14.2,-68.7,-21.3,-21.1,-16.5
95.96,-14.5,-68.7,-23.3,-20.3,-16.4
95.97,-14.6,-69.0,-25.0,-20.9,-16.4
95.98,-14.4,-69.1,-23.9,-20.1,-16.7
95.99,-14.2,-69.3,-22.8,-20.8,-16.6
96.00,-14.0,-69.1,-22.5,-20.0,-16.9
96.01,-13.6,-68.6,-21.1,-20.7,-16.8
96.02,-12.0,-68.5,-16.0,-20.8,-16.9
96.03,-10.9,-68.5,-13.0,-21.0,-17.0
96.04,-10.4,-68.6,-12.3,-20.5,-17.0
96.05,-9.8,-68.8,-11.8,-20.4,-16.6
96.06,-9.9,-69.3,-11.5,-19.7,-16.2
96.07,-10.9,-69.3,-13.9,-19.3,-15.9
96.08,-11.6,-69.2,-15.5,-18.9,-15.8
96.09,-11.9,-69.0,-16.6,-18.9,-15.6
96.10,-12.4,-69.2,-18.6,-18.9,-15.5
96.11,-12.4,-69.3,-20.6,-18.9,-15.7
96.12,-12.4,-69.2,-21.6,-18.9,-15.6
96.13,-12.7,-69.2,-22.4,-19.2,-15.7
96.14,-12.4,-69.4,-21.6,-19.1,-16.0
96.15,-12.4,-69.2,-20.4,-19.3,-16.0
96.16,-12.0,-68.8,-19.9,-19.2,-15.9
96.17,-12.4,-68.5,-19.9,-19.5,-15.8
96.18,-11.8,-67.4,-18.4,-19.2,-16.0
96.19,-11.9,-67.3,-17.2,-19.7,-16.3
96.20,-11.4,-67.1,-16.4,-19.9,-16.3
96.21,-11.6,-67.1,-16.1,-20.2,-16.2
96.22,-11.5,-67.3,-16.0,-20.1,-15.7
96.23,-12.1,-68.3,-16.9,-20.4,-15.3
96.24,-12.3,-68.3,-18.8,-19.9,-15.4
96.25,-13.5,-68.6,-20.6,-19.7,-15.5
96.26,-13.3,-68.6,-22.7,-19.5,-15.7
96.27,-14.0,-68.2,-24.5,-19.4,-16.5
96.28,-13.6,-68.1,-25.8,-19.1,-16.4
96.29,-13.6,-68.0,-27.2,-19.1,-16.5
96.30,-13.2,-68.1,-28.7,-19.0,-15.9
96.31,-13.0,-68.1,-29.6,-18.8,-16.0
96.32,-12.7,-68.3,-30.5,-18.7,-15.7
96.33,-12.9,-68.3,-31.5,-18.8,-16.2
96.34,-12.8,-68.3,-31.9,-18.7,-16.3
96.35,-12.7,-67.9,-27.0,-18.8,-16.6
96.36,-11.4,-67.8,-19.2,-18.8,-16.5
96.37,-10.5,-67.9,-14.4,-19.3,-16.4
96.38,-9.9,-68.1,-13.1,-19.4,-16.0
96.39,-9.7,-68.2,-12.5,-19.9,-15.9
96.40,-9.9,-69.0,-12.2,-19.9,-15.8
96.41,-10.8,-69.2,-13.0,-20.1,-15.9
96.42,-11.9,-69.2,-15.5,-19.4,-16.0
96.43,-12.6,-69.2,-16.9,-19.4,-15.7
96.44,-12.8,-69.0,-18.2,-19.8,-15.9
96.45,-13.1,-69.1,-20.1,-19.5,-15.8
96.46,-12.7,-69.0,-21.8,-19.2,-15.6
96.47,-12.9,-69.0,-22.8,-19.4,-15.7
96.48,-13.0,-69.1,-23.4,-20.0,-15.9
96.49,-12.8,-69.1,-23.3,-19.8,-15.9
96.50,-12.4,-69.1,-23.3,-19.6,-15.6
96.51,-12.6,-69.0,-23.2,-20.1,-15.4
96.52,-12.5,-69.1,-24.1,-20.3,-15.2
96.53,-12.5,-69.1,-26.3,-19.7,-15.3
96.54,-12.2,-69.1,-27.4,-19.4,-15.3
96.55,-12.3,-69.0,-26.9,-19.7,-15.4
96.56,-12.3,-68.9,-26.5,-19.3,-15.8
96.57,-12.3,-68.8,-25.7,-19.1,-15.9
96.58,-12.6,-68.6,-25.6,-19.5,-16.1
96.59,-13.2,-68.7,-25.9,-19.3,-16.6
96.60,-13.8,-68.6,-26.4,-19.1,-17.0
96.61,-14.4,-68.6,-27.2,-19.2,-17.4
96.62,-14.8,-68.6,-28.3,-19.4,-17.7
96.63,-15.3,-68.5,-29.4,-19.6,-17.9
96.64,-15.4,-68.6,-30.9,-19.7,-17.8
96.65,-15.1,-68.9,-32.1,-20.2,-17.6
96.66,-15.2,-68.7,-32.9,-20.3,-17.3
96.67,-15.4,-68.7,-33.8,-20.4,-17.3
96.68,-15.1,-68.5,-34.3,-21.2,-17.0
96.69,-15.0,-68.7,-34.5,-20.5,-17.1
96.70,-14.7,-68.1,-26.0,-21.6,-17.1
96.71,-13.1,-68.1,-17.4,-21.4,-17.3
96.72,-11.0,-68.2,-13.1,-23.3,-17.0
96.73,-9.9,-68.3,-12.0,-23.5,-16.7
96.74,-9.5,-68.4,-11.4,-24.4,-16.7
96.75,-9.4,-69.3,-11.0,-25.2,-16.0
96.76,-10.5,-69.2,-13.1,-24.5,-15.7
96.77,-11.3,-69.3,-14.9,-23.2,-15.3
96.78,-12.0,-69.3,-16.0,-22.6,-15.6
96.79,-12.9,-69.3,-18.0,-22.4,-15.4
96.80,-13.3,-69.4,-20.3,-21.4,-15.7
96.81,-13.0,-69.4,-21.5,-20.5,-15.6
96.82,-13.4,-68.9,-22.8,-20.2,-15.8
96.83,-13.3,-68.7,-22.3,-20.1,-15.7
96.84,-13.4,-68.2,-21.0,-20.0,-15.9
96.85,-13.3,-67.7,-20.4,-19.9,-15.8
96.86,-13.3,-66.9,-20.1,-20.1,-15.8
96.87,-12.9,-65.9,-17.4,-20.5,-16.4
96.88,-12.2,-65.4,-16.2,-21.0,-16.7
96.89,-11.8,-65.5,-15.1,-21.7,-17.1
96.90,-11.1,-65.8,-14.8,-21.8,-17.2
96.91,-11.1,-66.1,-14.5,-22.2,-17.3
96.92,-11.8,-67.9,-15.9,-22.7,-17.0
96.93,-12.4,-67.5,-18.0,-22.4,-16.4
96.94,-13.3,-67.9,-19.8,-22.5,-16.5
96.95,-13.6,-67.7,-21.9,-22.2,-16.4
96.96,-13.2,-68.1,-23.8,-22.0,-16.2
96.97,-12.7,-68.5,-25.2,-20.9,-16.0
96.98,-12.6,-68.7,-26.2,-20.6,-16.1
96.99,-12.1,-68.5,-27.7,-20.0,-15.7
97.00,-12.0,-68.5,-28.9,-20.0,-15.5
97.01,-11.9,-68.1,-29.9,-19.3,-15.6
97.02,-12.5,-68.2,-30.7,-19.8,-15.8
97.03,-12.5,-68.0,-31.2,-20.0,-15.8
97.04,-12.8,-68.0,-31.4,-20.2,-16.0
97.05,-12.6,-68.1,-21.1,-21.1,-16.0
97.06,-11.0,-68.2,-14.3,-21.8,-15.9
97.07,-10.6,-68.6,-12.5,-22.7,-16.3
97.08,-10.1,-68.6,-11.6,-23.2,-16.1
97.09,-9.4,-69.1,-10.7,-22.4,-16.3
97.10,-9.4,-69.1,-10.9,-21.6,-16.5
97.11,-10.0,-69.0,-12.6,-20.9,-16.0
97.12,-10.4,-69.2,-13.9,-20.5,-15.7
97.13,-11.0,-68.9,-15.4,-20.1,-15.6
97.14,-11.9,-68.5,-19.7,-19.8,-15.2
97.15,-12.4,-68.4,-22.3,-19.9,-15.2
97.16,-12.6,-68.4,-23.3,-20.1,-15.4
97.17,-12.5,-68.6,-26.4,-19.9,-15.2
97.18,-12.6,-68.5,-26.5,-19.7,-15.5
97.19,-12.9,-68.8,-25.3,-19.8,-15.8
97.20,-12.6,-68.5,-24.6,-19.9,-15.5
97.21,-12.7,-68.5,-24.2,-19.6,-15.6
97.22,-12.1,-67.8,-20.9,-19.6,-15.7
97.23,-10.2,-67.8,-13.8,-20.4,-16.0
97.24,-9.7,-67.7,-12.5,-21.2,-16.3
97.25,-8.9,-67.9,-11.9,-21.6,-15.8
97.26,-8.8,-68.4,-11.5,-21.8,-15.8
97.27,-9.5,-68.9,-12.2,-22.2,-15.8
97.28,-10.4,-69.3,-13.9,-21.3,-15.8
97.29,-10.7,-69.5,-15.1,-20.1,-15.7
97.30,-12.0,-69.4,-16.7,-20.4,-15.6
97.31,-11.6,-69.3,-19.1,-19.3,-15.3
97.32,-10.8,-69.3,-20.9,-19.3,-14.7
97.33,-11.4,-69.2,-22.4,-19.4,-14.9
97.34,-11.2,-68.7,-22.4,-19.3,-14.8
97.35,-10.9,-68.9,-21.2,-19.3,-14.8
97.36,-11.5,-68.9,-20.8,-19.9,-15.3
97.37,-11.4,-68.8,-20.8,-19.4,-15.5
97.38,-11.8,-69.0,-21.1,-19.8,-15.6
97.39,-11.9,-68.4,-20.6,-19.6,-15.9
97.40,-11.0,-68.5,-15.7,-20.1,-15.6
97.41,-9.7,-68.4,-13.1,-20.4,-15.3
97.42,-9.7,-68.8,-12.6,-21.9,-15.4
97.43,-9.4,-68.8,-12.0,-23.1,-15.6
97.44,-9.9,-69.2,-11.9,-24.2,-16.0
97.45,-11.2,-69.6,-14.2,-24.2,-15.9
97.46,-11.6,-69.3,-15.6,-23.6,-15.8
97.47,-12.4,-69.4,-16.9,-22.3,-15.8
97.48,-13.0,-69.1,-18.7,-22.0,-15.7
97.49,-12.4,-69.2,-20.0,-21.3,-15.6
97.50,-12.5,-69.3,-21.7,-19.9,-15.9
97.51,-12.5,-69.0,-22.6,-20.5,-15.9
97.52,-11.6,-69.0,-21.4,-19.7,-15.8
97.53,-11.6,-69.1,-20.8,-19.9,-16.1
97.54,-11.9,-69.1,-21.4,-19.8,-15.9
97.55,-11.8,-69.0,-21.2,-19.8,-16.1
97.56,-11.8,-68.6,-19.7,-19.5,-16.9
97.57,-11.0,-68.6,-16.5,-19.4,-16.7
97.58,-10.1,-68.5,-13.6,-19.6,-16.3
97.59,-9.8,-68.6,-13.2,-19.1,-16.2
97.60,-8.8,-68.6,-12.4,-19.1,-15.8
97.61,-9.0,-69.1,-12.5,-19.1,-15.3
97.62,-9.6,-69.0,-14.4,-19.0,-15.4
97.63,-10.4,-68.9,-16.1,-18.6,-15.4
97.64,-11.3,-69.1,-17.2,-19.1,-15.4
97.65,-11.4,-69.1,-18.8,-19.0,-15.4
97.66,-11.2,-69.4,-19.5,-18.9,-15.5
97.67,-11.6,-69.2,-21.3,-18.9,-15.7
97.68,-11.8,-69.3,-21.5,-19.3,-16.0
97.69,-11.7,-69.4,-21.3,-18.9,-16.0
97.70,-12.9,-69.2,-22.6,-19.3,-16.4
97.71,-13.1,-69.3,-23.4,-19.3,-16.5
97.72,-12.7,-68.9,-24.3,-19.2,-16.4
97.73,-13.3,-67.7,-22.6,-19.4,-16.7
97.74,-11.7,-67.4,-18.1,-19.4,-16.7
97.75,-11.2,-67.2,-17.2,-19.9,-16.5
97.76,-11.1,-67.1,-16.2,-20.7,-16.5
97.77,-11.4,-66.9,-15.8,-21.8,-16.4
97.78,-11.8,-68.0,-16.8,-23.1,-16.0
97.79,-12.4,-67.7,-18.2,-25.1,-15.8
97.80,-12.6,-67.9,-19.5,-25.2,-15.2
97.81,-12.6,-67.7,-20.8,-25.3,-14.9
97.82,-12.7,-66.9,-22.4,-25.4,-15.0
97.83,-12.7,-66.8,-23.5,-24.9,-14.8
97.84,-13.1,-66.4,-24.9,-25.8,-15.0
97.85,-13.5,-66.4,-25.8,-23.6,-15.6
97.86,-13.5,-67.4,-25.8,-23.5,-15.7
97.87,-13.5,-67.6,-26.7,-22.6,-15.8
97.88,-13.6,-67.7,-26.1,-22.3,-16.1
97.89,-13.7,-68.7,-26.5,-22.8,-15.9
97.90,-13.3,-68.7,-26.9,-22.8,-15.5
97.91,-13.7,-68.9,-27.5,-23.7,-15.5
97.92,-13.3,-69.2,-28.1,-22.7,-15.3
97.93,-13.5,-69.0,-28.6,-24.0,-15.1
97.94,-13.5,-68.9,-28.9,-23.6,-14.9
97.95,-13.9,-69.0,-28.6,-24.8,-15.1
97.96,-13.9,-68.9,-28.7,-22.9,-15.4
97.97,-14.0,-69.2,-29.0,-22.4,-15.7
97.98,-13.2,-68.7,-28.9,-20.4,-15.6
97.99,-13.2,-68.6,-28.9,-19.9,-15.9
98.00,-13.0,-68.6,-29.1,-19.3,-15.5
98.01,-13.0,-68.4,-29.0,-19.5,-15.0
98.02,-13.0,-68.2,-29.1,-19.9,-14.7
98.03,-12.8,-68.0,-29.2,-19.8,-14.5
98.04,-12.7,-67.8,-29.4,-19.6,-14.4
98.05,-12.6,-67.6,-29.3,-19.7,-14.4
98.06,-12.8,-67.6,-29.4,-19.6,-14.7
98.07,-13.0,-67.5,-29.3,-19.4,-15.1
98.08,-12.5,-67.5,-24.4,-19.3,-15.2
98.09,-10.8,-67.6,-15.5,-19.9,-15.7
98.10,-9.9,-68.2,-13.1,-20.6,-16.3
98.11,-9.9,-68.3,-12.4,-21.5,-17.0
98.12,-10.0,-68.7,-11.8,-22.1,-17.0
98.13,-10.1,-69.3,-11.8,-23.5,-17.3
98.14,-12.2,-69.4,-14.1,-24.2,-17.5
98.15,-13.1,-69.3,-15.6,-22.8,-17.5
98.16,-13.0,-69.3,-16.6,-23.3,-16.8
98.17,-13.1,-69.4,-18.5,-22.7,-16.7
98.18,-13.7,-69.2,-20.8,-22.2,-16.5
98.19,-13.9,-69.6,-22.3,-21.5,-16.3
98.20,-14.0,-69.5,-23.0,-21.4,-16.5
98.21,-14.2,-69.4,-22.0,-20.6,-16.8
98.22,-13.8,-68.9,-20.9,-21.0,-17.1
98.23,-13.6,-68.7,-20.6,-20.7,-16.8
98.24,-13.4,-68.5,-20.6,-20.6,-16.3
98.25,-12.7,-68.0,-18.8,-20.4,-16.4
98.26,-12.2,-67.8,-17.3,-21.6,-16.1
98.27,-12.1,-67.6,-16.7,-20.8,-15.8
98.28,-12.1,-67.9,-16.4,-21.9,-16.0
98.29,-12.1,-68.1,-16.1,-20.9,-16.4
98.30,-12.6,-68.4,-17.6,-20.4,-16.4
98.31,-13.1,-68.5,-19.5,-20.3,-16.6
98.32,-13.4,-68.6,-20.4,-19.7,-16.9
98.33,-14.0,-68.5,-22.7,-19.8,-16.8
98.34,-14.2,-68.3,-24.2,-20.1,-16.7
98.35,-14.1,-68.3,-26.2,-19.8,-16.5
98.36,-14.0,-68.3,-27.3,-20.4,-16.1
98.37,-13.8,-68.5,-28.3,-19.9,-15.9
98.38,-13.5,-68.5,-28.8,-20.0,-15.6
98.39,-13.2,-68.7,-29.2,-20.0,-15.5
98.40,-13.2,-68.7,-29.8,-19.8,-15.5
98.41,-13.8,-68.8,-30.6,-20.0,-15.9
98.42,-13.6,-68.6,-31.3,-19.9,-15.7
98.43,-13.6,-68.6,-31.9,-20.1,-15.3
98.44,-13.4,-68.7,-32.4,-20.0,-14.9
98.45,-13.1,-68.4,-32.7,-20.1,-14.4
98.46,-12.4,-68.3,-33.0,-20.0,-14.2
98.47,-12.5,-67.9,-33.0,-20.1,-14.1
98.48,-12.7,-67.3,-32.8,-20.5,-14.2
98.49,-12.8,-67.1,-32.6,-19.9,-14.6
98.50,-13.1,-67.2,-32.9,-20.1,-14.9
98.51,-13.1,-67.3,-32.9,-19.9,-14.8
98.52,-13.3,-67.8,-32.8,-19.6,-15.2
98.53,-13.4,-67.9,-33.0,-19.9,-15.0
98.54,-13.3,-68.0,-33.2,-19.6,-15.3
98.55,-13.4,-67.9,-33.3,-19.9,-15.4
98.56,-13.3,-67.9,-33.4,-19.5,-15.5
98.57,-13.4,-68.0,-33.8,-19.5,-15.4
98.58,-13.2,-67.9,-34.1,-19.8,-15.2
98.59,-13.1,-67.7,-33.5,-19.6,-15.2
98.60,-13.2,-67.3,-27.9,-20.5,-15.2
98.61,-10.7,-67.4,-15.3,-21.1,-15.4
98.62,-9.6,-67.6,-12.9,-21.2,-15.9
98.63,-9.5,-67.7,-12.0,-22.5,-16.3
98.64,-9.2,-67.9,-11.2,-23.0,-16.8
98.65,-9.4,-68.0,-11.2,-23.2,-17.1
98.66,-10.5,-68.2,-12.5,-23.6,-17.2
98.67,-11.7,-68.0,-14.3,-23.2,-16.9
98.68,-12.5,-68.3,-15.6,-24.4,-17.3
98.69,-12.7,-68.1,-18.2,-22.3,-16.7
98.70,-14.1,-68.3,-22.1,-22.4,-16.5
98.71,-13.8,-68.5,-23.5,-21.9,-16.2
98.72,-13.6,-68.5,-25.1,-21.4,-16.1
98.73,-13.3,-68.6,-25.7,-20.9,-15.8
98.74,-13.9,-68.4,-25.4,-20.8,-16.2
98.75,-13.8,-68.1,-24.6,-20.9,-16.2
98.76,-13.9,-67.6,-24.4,-20.4,-16.2
98.77,-13.4,-67.2,-21.4,-20.5,-16.3
98.78,-12.0,-67.4,-14.2,-20.4,-16.5
98.79,-10.7,-67.2,-12.7,-20.1,-16.7
98.80,-10.2,-67.5,-12.1,-20.2,-16.8
98.81,-10.0,-67.9,-11.5,-19.9,-16.5
98.82,-10.2,-68.1,-12.0,-19.7,-16.4
98.83,-10.8,-68.4,-14.0,-19.8,-16.6
98.84,-11.6,-68.5,-15.4,-19.5,-16.3
98.85,-12.2,-68.6,-16.4,-19.8,-16.1
98.86,-12.2,-68.8,-18.3,-19.5,-16.2
98.87,-12.8,-68.7,-20.5,-19.9,-16.1
98.88,-12.9,-68.8,-22.2,-19.4,-15.6
98.89,-12.7,-68.7,-23.6,-19.4,-15.7
98.90,-12.6,-68.6,-23.4,-19.3,-15.7
98.91,-13.1,-68.6,-23.7,-19.2,-15.9
98.92,-13.2,-68.4,-23.6,-19.4,-16.2
98.93,-13.5,-68.5,-23.9,-19.3,-16.7
98.94,-13.0,-67.6,-19.8,-19.4,-17.0
98.95,-12.7,-67.5,-17.3,-20.1,-17.2
98.96,-12.4,-67.5,-16.4,-19.2,-17.0
98.97,-11.7,-67.5,-15.9,-20.2,-16.3
98.98,-11.2,-67.6,-15.6,-19.5,-15.9
98.99,-11.7,-68.3,-17.7,-19.2,-15.4
99.00,-11.9,-68.0,-20.1,-20.1,-15.2
99.01,-12.3,-68.0,-21.3,-19.5,-15.5
99.02,-13.2,-68.0,-23.5,-19.8,-15.7
99.03,-13.3,-68.2,-24.6,-20.0,-16.0
99.04,-13.8,-68.5,-26.5,-19.6,-16.2
99.05,-14.1,-68.3,-27.7,-20.0,-15.9
99.06,-13.9,-68.4,-29.4,-19.5,-15.7
99.07,-13.8,-68.5,-29.9,-19.8,-15.5
99.08,-13.5,-68.5,-30.1,-19.5,-15.5
99.09,-13.6,-68.5,-30.5,-19.4,-15.6
99.10,-13.2,-68.5,-30.4,-19.6,-15.3
99.11,-12.9,-67.7,-28.9,-19.6,-15.1
99.12,-12.6,-67.6,-18.7,-20.2,-15.3
99.13,-11.1,-67.8,-14.2,-20.7,-15.2
99.14,-9.9,-68.0,-12.7,-19.8,-15.3
99.15,-9.6,-68.7,-12.0,-20.8,-15.2
99.16,-9.3,-69.2,-11.4,-20.5,-15.2
99.17,-9.2,-69.2,-12.2,-20.1,-15.2
99.18,-10.6,-69.1,-14.3,-19.9,-15.3
99.19,-11.5,-68.9,-15.6,-20.1,-15.8
99.20,-12.1,-69.0,-17.4,-20.0,-16.0
99.21,-12.4,-68.9,-20.1,-19.8,-15.8
99.22,-12.6,-68.9,-21.3,-19.7,-15.8
99.23,-12.4,-68.4,-21.4,-19.6,-15.6
99.24,-12.0,-68.2,-21.5,-19.5,-15.4
99.25,-11.9,-68.2,-20.5,-19.5,-15.3
99.26,-12.0,-68.1,-20.1,-19.2,-15.5
99.27,-12.1,-68.2,-20.2,-19.3,-15.6
99.28,-12.0,-68.3,-20.4,-19.3,-15.5
99.29,-11.8,-68.6,-20.9,-19.2,-15.3
99.30,-12.1,-68.5,-21.4,-19.4,-15.5
99.31,-12.0,-68.6,-22.0,-19.5,-15.4
99.32,-12.0,-68.5,-22.7,-19.4,-15.6
99.33,-12.6,-68.4,-23.3,-19.4,-15.9
99.34,-12.8,-68.3,-24.3,-19.5,-15.7
99.35,-12.9,-68.2,-25.6,-19.6,-15.5
99.36,-13.1,-68.2,-26.9,-19.7,-15.7
99.37,-12.9,-68.3,-28.2,-19.7,-15.5
99.38,-13.3,-68.2,-30.1,-19.9,-15.5
99.39,-13.3,-68.3,-32.2,-19.9,-15.4
99.40,-13.5,-68.5,-34.0,-19.8,-15.4
99.41,-13.9,-68.4,-34.9,-19.8,-15.5
99.42,-13.9,-68.5,-35.1,-19.8,-15.6
99.43,-13.7,-68.5,-35.2,-19.9,-15.7
99.44,-13.8,-68.3,-34.8,-19.8,-16.1
99.45,-13.6,-67.6,-34.4,-20.0,-16.2
99.46,-13.4,-66.4,-24.0,-20.6,-16.5
99.47,-11.1,-66.4,-14.7,-20.8,-16.5
99.48,-10.5,-66.7,-12.8,-21.9,-17.1
99.49,-10.1,-67.2,-12.2,-22.1,-16.6
99.50,-9.8,-67.9,-11.6,-21.4,-16.8
99.51,-9.9,-69.4,-12.0,-21.4,-16.5
99.52,-10.9,-69.7,-14.1,-20.7,-16.1
99.53,-11.9,-69.7,-15.7,-20.6,-16.3
99.54,-12.0,-69.8,-16.7,-20.5,-16.0
99.55,-12.6,-69.8,-18.9,-20.9,-16.0
99.56,-13.2,-69.8,-20.9,-20.9,-15.7
99.57,-13.9,-69.8,-22.2,-20.9,-15.8
99.58,-14.0,-69.6,-23.0,-21.3,-15.9
99.59,-14.1,-69.6,-22.0,-21.5,-16.1
99.60,-14.7,-69.5,-21.0,-21.8,-16.6
99.61,-14.4,-69.3,-20.7,-22.0,-16.9
99.62,-14.2,-69.1,-21.0,-22.4,-17.0
99.63,-13.0,-68.7,-18.3,-22.8,-17.0
99.64,-12.3,-68.5,-16.2,-23.5,-17.1
99.65,-11.6,-68.4,-15.4,-24.0,-16.7
99.66,-11.2,-68.3,-14.9,-24.4,-16.5
99.67,-11.0,-68.4,-14.7,-25.1,-16.4
99.68,-11.8,-68.8,-16.1,-25.0,-16.2
99.69,-12.6,-68.9,-18.3,-25.3,-15.9
99.70,-12.7,-68.9,-19.5,-25.9,-15.8
99.71,-13.2,-69.3,-21.8,-27.3,-15.7
99.72,-13.5,-69.5,-23.3,-27.8,-15.4
99.73,-13.7,-69.8,-25.7,-28.1,-15.1
99.74,-13.9,-69.8,-27.2,-28.3,-15.1
99.75,-14.4,-69.8,-29.6,-28.2,-15.1
99.76,-14.2,-69.8,-30.8,-27.9,-15.0
99.77,-14.2,-69.8,-31.3,-27.4,-15.3
99.78,-14.2,-69.6,-31.3,-27.4,-15.3
99.79,-14.4,-69.7,-31.4,-27.6,-15.5
99.80,-14.5,-69.6,-31.8,-28.5,-15.4
99.81,-14.4,-69.5,-32.3,-28.8,-15.3
99.82,-13.8,-69.5,-33.0,-25.3,-15.0
99.83,-13.0,-69.1,-33.4,-23.5,-14.6
99.84,-12.9,-69.0,-34.1,-22.4,-14.7
99.85,-12.6,-69.0,-34.6,-21.2,-14.3
99.86,-12.7,-69.0,-34.7,-21.0,-14.4
99.87,-13.0,-69.0,-35.1,-21.6,-14.4
99.88,-13.4,-69.0,-35.6,-22.6,-14.5
99.89,-13.3,-69.2,-35.8,-22.9,-14.6
99.90,-13.2,-69.2,-35.9,-23.4,-14.7
99.91,-13.3,-69.2,-36.3,-24.1,-14.7
99.92,-13.1,-69.1,-37.0,-24.2,-14.6
99.93,-13.2,-69.2,-37.7,-24.2,-14.6
99.94,-13.1,-69.0,-38.5,-24.3,-14.4
99.95,-12.8,-68.8,-39.5,-24.2,-14.2
99.96,-12.8,-68.5,-39.7,-24.3,-14.2
99.97,-12.6,-67.8,-37.7,-24.4,-14.1
99.98,-12.9,-67.4,-26.3,-24.7,-14.4
99.99,-11.1,-67.5,-14.4,-25.4,-15.2
100.00,-10.3,-67.2,-12.4,-25.7,-16.2
100.01,-9.5,-66.6,-11.4,-25.1,-16.6
100.02,-8.8,-65.9,-10.6,-23.6,-17.1
100.03,-8.6,-62.9,-10.6,-22.9,-16.8
100.04,-9.5,-61.8,-12.0,-22.2,-16.5
100.05,-10.3,-60.7,-13.5,-21.5,-16.1
100.06,-11.0,-60.6,-14.7,-21.6,-15.9
100.07,-12.6,-60.9,-18.2,-21.4,-15.6
100.08,-13.2,-62.1,-22.1,-21.0,-15.6
100.09,-13.1,-62.8,-22.9,-21.3,-15.4
100.10,-13.1,-64.5,-24.6,-21.3,-15.5
100.11,-13.3,-65.2,-25.3,-21.4,-15.5
100.12,-13.5,-66.3,-24.4,-21.5,-15.6
100.13,-13.4,-67.4,-23.6,-21.7,-15.5
100.14,-13.2,-66.7,-23.4,-21.8,-15.5
100.15,-13.0,-65.6,-20.7,-21.9,-15.8
100.16,-10.7,-65.8,-14.2,-22.7,-16.2
100.17,-10.4,-65.9,-12.9,-24.0,-16.7
100.18,-10.1,-66.6,-12.4,-23.4,-16.7
100.19,-10.0,-68.6,-11.9,-24.5,-16.9
100.20,-10.5,-69.2,-12.7,-23.2,-16.5
100.21,-11.6,-69.3,-14.4,-23.2,-16.2
100.22,-12.1,-69.3,-15.9,-22.6,-15.9
100.23,-12.7,-69.5,-16.9,-22.8,-16.1
100.24,-13.2,-69.7,-19.0,-23.3,-16.1
100.25,-14.0,-69.8,-21.1,-22.7,-16.2
100.26,-14.7,-70.1,-23.0,-22.3,-16.5
100.27,-14.5,-70.2,-23.9,-21.9,-16.9
100.28,-14.3,-70.2,-23.6,-21.4,-17.0
100.29,-14.4,-70.0,-23.9,-21.0,-17.2
100.30,-14.3,-69.9,-23.7,-21.0,-17.1
100.31,-14.2,-68.5,-23.9,-21.2,-16.8
100.32,-13.5,-67.1,-20.2,-21.4,-17.0
100.33,-13.0,-66.9,-17.9,-21.3,-17.0
100.34,-12.9,-66.8,-17.1,-22.0,-16.7
100.35,-12.2,-66.7,-16.8,-21.7,-16.4
100.36,-12.2,-67.4,-16.8,-21.9,-16.1
100.37,-12.8,-66.9,-18.7,-22.0,-15.6
100.38,-13.4,-66.8,-22.0,-22.1,-15.4
100.39,-13.1,-66.6,-23.2,-22.3,-15.2
100.40,-13.3,-66.7,-25.2,-22.4,-15.3
100.41,-13.6,-67.1,-26.4,-22.7,-15.3
100.42,-13.4,-68.0,-27.4,-22.5,-15.4
100.43,-13.7,-68.4,-28.7,-22.5,-15.5
100.44,-13.9,-68.8,-30.2,-22.5,-15.7
100.45,-14.7,-69.4,-31.5,-23.0,-15.9
100.46,-15.1,-69.6,-32.0,-22.9,-16.2
100.47,-15.2,-69.3,-32.4,-23.3,-16.2
100.48,-14.9,-69.1,-31.8,-23.5,-16.4
100.49,-13.4,-68.5,-21.4,-23.9,-16.5
100.50,-11.9,-68.0,-16.0,-24.4,-16.7
100.51,-10.8,-68.0,-13.5,-25.8,-16.9
100.52,-10.1,-68.1,-12.3,-28.1,-16.9
100.53,-9.6,-68.2,-11.8,-30.0,-16.0
100.54,-9.6,-69.1,-11.8,-32.0,-15.1
100.55,-10.2,-69.3,-13.1,-33.3,-14.3
100.56,-11.0,-69.7,-15.4,-33.3,-13.9
100.57,-11.5,-70.1,-16.4,-30.9,-14.0
100.58,-12.1,-70.4,-18.5,-30.1,-14.2
100.59,-12.6,-70.2,-20.3,-30.0,-14.2
100.60,-13.0,-69.8,-21.2,-30.2,-14.6
100.61,-13.2,-69.6,-21.8,-30.2,-14.6
100.62,-12.8,-69.3,-22.0,-29.7,-14.3
100.63,-12.5,-69.2,-21.3,-28.9,-14.2
100.64,-12.4,-68.7,-20.8,-28.0,-14.5
100.65,-12.3,-69.0,-20.9,-27.4,-14.6
100.66,-11.9,-68.7,-21.1,-25.4,-14.3
100.67,-12.1,-69.0,-21.3,-24.5,-14.6
100.68,-12.0,-68.4,-21.7,-24.1,-14.5
100.69,-12.0,-68.8,-22.5,-23.2,-14.4
100.70,-12.0,-68.2,-23.3,-22.6,-14.3
100.71,-12.4,-67.9,-24.4,-22.7,-14.6
100.72,-12.2,-68.0,-25.5,-21.9,-14.6
100.73,-11.6,-68.0,-26.4,-21.1,-14.3
100.74,-11.7,-68.2,-27.4,-20.9,-14.4
100.75,-11.5,-68.3,-28.6,-20.9,-14.0
100.76,-11.5,-69.1,-29.9,-20.9,-14.0
100.77,-11.8,-69.2,-31.4,-21.2,-14.2
100.78,-11.9,-69.8,-33.2,-21.5,-14.1
100.79,-11.9,-69.3,-34.5,-21.6,-14.1
100.80,-12.3,-69.4,-35.3,-21.6,-14.6
100.81,-12.4,-69.2,-35.6,-21.8,-14.7
100.82,-12.4,-68.8,-35.6,-21.9,-14.8
100.83,-12.7,-68.8,-35.2,-22.1,-15.2
100.84,-12.0,-66.4,-23.1,-22.2,-15.4
100.85,-10.4,-66.7,-14.6,-22.8,-15.9
100.86,-9.8,-66.7,-13.0,-23.3,-15.9
100.87,-9.4,-66.6,-12.4,-23.5,-15.6
100.88,-9.1,-68.5,-12.1,-24.2,-14.9
100.89,-9.8,-68.6,-12.6,-25.4,-14.2
100.90,-10.1,-68.3,-14.4,-25.3,-13.3
100.91,-10.6,-68.4,-16.0,-25.6,-13.3
100.92,-11.0,-67.2,-17.1,-26.7,-13.3
100.93,-10.5,-67.1,-17.2,-27.0,-13.3
100.94,-10.3,-66.8,-15.2,-26.3,-13.3
100.95,-10.2,-66.8,-14.6,-26.9,-13.5
100.96,-10.4,-66.9,-14.2,-26.9,-13.6
100.97,-9.8,-67.6,-13.9,-24.4,-13.1
100.98,-9.8,-66.8,-14.7,-23.4,-12.7
100.99,-10.6,-67.0,-16.9,-23.9,-12.7
101.00,-10.1,-66.8,-18.2,-22.6,-12.5
101.01,-9.9,-65.8,-17.5,-22.9,-12.7
101.02,-10.5,-65.7,-17.0,-24.9,-13.2
101.03,-10.2,-65.4,-16.0,-25.0,-13.5
101.04,-10.3,-65.0,-15.7,-25.7,-14.0
101.05,-10.4,-65.4,-15.6,-28.0,-14.1
101.06,-11.6,-65.5,-16.9,-29.4,-14.4
101.07,-11.7,-65.9,-18.6,-28.0,-14.7
101.08,-12.5,-66.5,-19.5,-28.7,-14.8
101.09,-13.1,-66.6,-20.9,-28.9,-15.1
101.10,-12.7,-66.3,-21.7,-26.8,-14.7
101.11,-12.7,-66.4,-22.5,-26.6,-14.5
101.12,-12.5,-65.9,-23.7,-26.1,-14.1
101.13,-11.9,-65.5,-24.9,-25.1,-13.3
101.14,-11.8,-65.6,-26.4,-24.7,-13.0
101.15,-11.9,-65.5,-27.6,-24.5,-13.1
101.16,-11.5,-65.5,-29.4,-24.0,-12.8
101.17,-11.5,-65.5,-30.8,-24.1,-12.7
101.18,-11.2,-64.3,-23.3,-23.2,-12.9
101.19,-10.5,-64.2,-17.1,-23.4,-13.3
101.20,-10.1,-64.4,-14.0,-24.0,-14.0
101.21,-9.6,-64.6,-12.5,-24.3,-14.6
101.22,-9.8,-64.9,-11.9,-26.5,-15.2
101.23,-10.0,-66.8,-11.7,-26.9,-16.0
101.24,-10.4,-67.0,-12.5,-26.7,-15.9
101.25,-11.1,-67.4,-14.5,-24.7,-15.6
101.26,-11.4,-67.7,-15.5,-24.2,-15.2
101.27,-11.9,-67.8,-17.2,-22.6,-15.2
101.28,-12.4,-67.9,-19.3,-22.7,-15.1
101.29,-12.4,-67.9,-20.6,-21.9,-14.7
101.30,-12.5,-67.9,-21.2,-22.8,-14.6
101.31,-12.4,-68.2,-21.8,-21.9,-14.5
101.32,-12.6,-68.3,-21.0,-22.8,-14.5
101.33,-12.4,-68.5,-20.6,-21.9,-14.5
101.34,-12.9,-68.4,-20.5,-22.9,-14.6
101.35,-12.7,-68.4,-20.6,-21.9,-14.9
101.36,-13.1,-68.4,-20.9,-22.9,-15.1
101.37,-13.2,-68.4,-21.2,-22.3,-15.4
101.38,-13.2,-68.1,-21.5,-22.8,-15.1
101.39,-13.0,-68.3,-22.1,-22.3,-15.0
101.40,-13.1,-68.2,-22.7,-23.0,-14.5
101.41,-13.0,-68.2,-23.7,-22.6,-14.4
101.42,-13.2,-68.3,-24.5,-23.1,-14.2
101.43,-13.1,-68.6,-25.7,-22.9,-14.2
101.44,-13.1,-68.6,-26.9,-23.3,-14.0
101.45,-13.4,-68.8,-27.8,-22.8,-14.5
101.46,-13.2,-68.8,-28.9,-23.3,-14.5
101.47,-13.1,-69.0,-29.7,-22.8,-14.4
101.48,-13.2,-69.0,-30.0,-23.5,-14.1
101.49,-12.9,-68.9,-30.2,-22.7,-14.0
101.50,-13.0,-68.7,-30.1,-23.4,-14.0
101.51,-12.6,-68.4,-30.0,-22.4,-14.0
101.52,-12.7,-68.3,-30.2,-22.9,-14.0
101.53,-12.5,-67.5,-22.5,-22.5,-14.9
101.54,-11.1,-67.7,-14.2,-23.1,-15.4
101.55,-10.1,-67.8,-12.6,-23.1,-14.9
101.56,-9.9,-68.0,-11.9,-24.4,-15.1
101.57,-9.7,-69.0,-11.5,-25.6,-14.8
101.58,-9.9,-69.0,-12.1,-27.2,-14.2
101.59,-10.6,-68.3,-13.9,-29.5,-14.7
101.60,-12.2,-67.4,-15.5,-33.5,-15.2
101.61,-12.3,-65.1,-16.7,-34.1,-15.0
101.62,-12.1,-62.7,-16.9,-33.6,-14.8
101.63,-11.6,-55.2,-14.5,-34.6,-15.2
101.64,-11.0,-53.8,-13.4,-34.7,-15.3
101.65,-10.6,-52.9,-12.9,-33.8,-14.9
101.66,-10.1,-52.0,-12.4,-32.6,-15.1
101.67,-10.6,-52.0,-13.2,-32.5,-14.9
101.68,-11.3,-53.9,-15.0,-33.7,-14.8
101.69,-11.7,-54.7,-15.9,-32.6,-14.8
101.70,-12.1,-56.4,-16.0,-35.1,-15.7
101.71,-12.2,-58.3,-16.1,-31.1,-15.9
101.72,-12.0,-59.1,-16.0,-28.9,-15.9
101.73,-11.6,-59.5,-16.1,-25.0,-15.9
101.74,-11.6,-58.5,-16.3,-24.5,-15.8
101.75,-11.9,-58.7,-17.6,-23.5,-15.6
101.76,-11.9,-58.5,-19.2,-23.6,-15.4
101.77,-12.5,-59.2,-19.7,-24.1,-15.7
101.78,-12.4,-59.6,-20.6,-23.4,-15.5
101.79,-12.0,-59.8,-21.4,-23.3,-15.0
101.80,-11.9,-59.2,-22.3,-23.3,-14.8
101.81,-11.7,-58.8,-23.6,-22.8,-14.4
101.82,-11.6,-58.5,-24.6,-23.6,-14.0
101.83,-11.8,-58.3,-25.4,-24.6,-13.7
101.84,-12.1,-58.3,-26.2,-26.0,-13.7
101.85,-12.2,-59.4,-26.7,-27.4,-13.6
101.86,-12.5,-59.6,-27.6,-29.8,-13.6
101.87,-11.9,-60.1,-21.9,-30.9,-13.8
101.88,-11.1,-61.4,-16.3,-31.9,-14.2
101.89,-10.2,-62.4,-13.4,-33.0,-14.8
101.90,-9.8,-62.8,-12.2,-36.6,-15.3
101.91,-9.7,-63.4,-11.8,-39.2,-16.0
101.92,-9.8,-64.7,-11.5,-42.8,-16.2
101.93,-11.2,-65.3,-13.4,-49.1,-16.3
101.94,-12.3,-66.9,-15.5,-52.2,-16.1
101.95,-12.8,-68.1,-16.4,-57.1,-16.1
101.96,-13.5,-68.3,-18.3,-56.5,-15.9
101.97,-13.7,-68.6,-19.9,-56.6,-15.5
101.98,-13.6,-68.6,-20.8,-56.6,-15.2
101.99,-13.7,-68.4,-21.6,-56.8,-15.1
102.00,-13.7,-68.3,-21.9,-55.1,-14.9
102.01,-13.6,-68.5,-21.3,-53.3,-14.7
102.02,-13.5,-68.3,-20.7,-51.2,-14.8
102.03,-13.6,-67.8,-20.6,-43.5,-15.0
102.04,-13.6,-66.9,-20.6,-42.8,-14.9
102.05,-13.5,-66.3,-20.8,-42.7,-14.8
102.06,-13.5,-66.3,-21.1,-43.0,-14.8
102.07,-13.6,-66.4,-21.7,-44.8,-14.7
102.08,-13.6,-66.4,-22.4,-50.0,-14.5
102.09,-13.7,-67.5,-23.2,-51.9,-14.5
102.10,-13.7,-68.4,-23.7,-40.7,-14.7
102.11,-13.4,-68.5,-24.5,-35.5,-14.4
102.12,-13.5,-68.4,-25.3,-34.2,-14.7
102.13,-13.7,-68.7,-26.3,-33.4,-14.8
102.14,-13.7,-68.4,-27.3,-29.2,-14.9
102.15,-13.2,-68.4,-28.9,-25.7,-14.8
102.16,-13.3,-68.3,-30.2,-24.0,-15.2
102.17,-13.0,-68.4,-30.9,-23.5,-15.0
102.18,-13.0,-68.4,-31.7,-23.0,-15.0
102.19,-13.1,-67.9,-31.9,-23.2,-15.1
102.20,-13.3,-67.2,-31.9,-23.5,-15.4
102.21,-12.9,-65.2,-30.1,-23.8,-14.8
102.22,-12.0,-63.9,-21.6,-24.3,-14.9
102.23,-10.4,-63.8,-14.3,-25.6,-15.1
102.24,-9.7,-64.0,-12.8,-25.4,-15.2
102.25,-9.9,-64.4,-12.2,-27.5,-15.7
102.26,-9.2,-66.6,-11.8,-23.1,-15.9
102.27,-9.6,-67.1,-12.4,-22.8,-15.8
102.28,-10.6,-67.3,-14.3,-21.9,-15.7
102.29,-11.1,-67.5,-15.8,-22.2,-15.6
102.30,-11.9,-67.1,-17.2,-23.5,-15.6
102.31,-11.7,-66.8,-17.1,-24.3,-15.1
102.32,-10.7,-66.7,-15.1,-24.4,-15.1
102.33,-10.6,-66.9,-14.6,-23.5,-15.0
102.34,-10.3,-67.3,-14.1,-23.3,-15.0
102.35,-10.0,-68.9,-13.7,-23.0,-15.2
102.36,-10.6,-69.1,-14.9,-22.1,-14.7
102.37,-11.4,-69.0,-17.3,-22.5,-14.7
102.38,-11.5,-68.5,-17.9,-21.5,-14.8
102.39,-11.6,-66.6,-17.8,-21.3,-15.1
102.40,-11.6,-66.6,-16.6,-21.3,-15.8
102.41,-11.2,-66.5,-15.8,-21.1,-16.2
102.42,-11.1,-66.0,-15.6,-21.2,-15.9
102.43,-10.9,-67.4,-15.2,-20.6,-15.8
102.44,-11.3,-67.0,-17.0,-20.7,-15.3
102.45,-12.3,-67.0,-18.7,-20.7,-15.3
102.46,-12.5,-67.1,-19.5,-20.5,-15.4
102.47,-13.1,-67.4,-21.0,-21.2,-15.6
102.48,-12.4,-67.9,-22.0,-20.7,-15.3
102.49,-12.3,-68.3,-22.6,-21.0,-15.2
102.50,-12.5,-68.3,-23.3,-21.1,-14.9
102.51,-12.4,-68.3,-24.9,-20.9,-14.5
102.52,-12.7,-68.1,-25.5,-21.8,-14.6
102.53,-12.9,-68.0,-27.0,-21.6,-14.6
102.54,-13.1,-67.5,-28.4,-21.9,-14.6
102.55,-13.0,-66.7,-30.1,-21.9,-14.6
102.56,-12.3,-65.9,-23.0,-21.4,-14.9
102.57,-11.4,-65.6,-17.5,-22.5,-15.3
102.58,-10.3,-65.5,-14.0,-23.2,-15.9
102.59,-9.9,-65.7,-12.8,-25.4,-16.3
102.60,-10.0,-65.8,-12.3,-29.0,-16.2
102.61,-9.9,-66.1,-12.1,-31.5,-16.1
102.62,-11.3,-65.9,-13.8,-36.0,-15.6
102.63,-12.1,-65.6,-15.7,-36.4,-15.1
102.64,-12.4,-65.1,-16.4,-42.9,-15.3
102.65,-12.9,-65.1,-18.0,-43.1,-14.9
102.66,-13.3,-65.3,-19.7,-43.1,-14.8
102.67,-13.3,-65.2,-20.8,-46.0,-14.5
102.68,-13.6,-65.7,-22.4,-47.3,-14.5
102.69,-13.3,-65.6,-22.8,-48.2,-14.2
102.70,-13.4,-65.6,-22.0,-48.9,-14.4
102.71,-13.4,-65.2,-21.6,-53.3,-14.4
102.72,-13.3,-64.7,-21.7,-54.0,-14.2
102.73,-13.3,-64.4,-21.8,-53.6,-14.2
102.74,-13.6,-63.9,-21.9,-51.5,-14.5
102.75,-13.5,-63.5,-22.2,-39.4,-14.6
102.76,-13.5,-63.6,-22.7,-33.5,-14.5
102.77,-13.6,-63.0,-23.4,-30.1,-14.8
102.78,-13.6,-62.9,-24.5,-28.5,-14.7
102.79,-13.6,-63.0,-25.8,-26.9,-14.7
102.80,-13.5,-63.0,-26.9,-24.7,-14.9
102.81,-13.3,-61.7,-28.2,-23.9,-14.9
102.82,-13.5,-60.7,-29.7,-23.8,-14.7
102.83,-13.4,-58.9,-31.6,-22.5,-14.6
102.84,-13.1,-57.2,-33.7,-22.0,-14.4
102.85,-12.9,-55.7,-36.1,-21.9,-14.3
102.86,-12.6,-52.7,-36.1,-21.3,-14.3
102.87,-12.6,-51.3,-36.7,-20.9,-14.3
102.88,-12.7,-50.5,-36.7,-21.4,-14.2
102.89,-13.0,-49.3,-36.6,-21.2,-14.5
102.90,-12.9,-45.6,-31.2,-21.5,-14.6
102.91,-11.7,-44.3,-21.1,-22.2,-14.6
102.92,-10.4,-44.6,-14.4,-23.5,-15.2
102.93,-10.0,-45.0,-13.1,-23.4,-15.7
102.94,-10.0,-46.0,-12.5,-26.4,-16.1
102.95,-10.2,-53.2,-12.2,-24.9,-16.2
102.96,-10.7,-61.6,-13.0,-24.9,-16.4
102.97,-11.4,-62.9,-15.0,-24.0,-15.8
102.98,-12.2,-62.8,-16.8,-24.5,-15.6
102.99,-12.0,-62.8,-18.1,-22.6,-15.4
103.00,-12.5,-62.4,-20.8,-22.8,-15.0
103.01,-12.1,-62.2,-22.8,-20.8,-14.9
103.02,-12.3,-62.1,-24.5,-20.4,-15.0
103.03,-12.2,-62.3,-24.0,-19.6,-14.8
103.04,-12.9,-63.0,-23.1,-20.3,-15.0
103.05,-13.2,-63.4,-22.9,-19.5,-15.1
103.06,-13.1,-63.1,-23.0,-20.4,-15.0
103.07,-12.6,-62.4,-23.5,-19.5,-15.0
103.08,-12.1,-60.9,-23.5,-20.2,-15.4
103.09,-10.8,-60.6,-16.2,-20.2,-15.3
103.10,-10.4,-60.6,-13.6,-21.2,-15.2
103.11,-9.6,-61.1,-12.6,-21.3,-15.2
103.12,-9.7,-61.4,-12.1,-21.8,-15.2
103.13,-9.5,-62.4,-11.8,-21.6,-14.9
103.14,-10.3,-62.5,-13.7,-21.6,-15.0
103.15,-10.8,-62.2,-14.9,-22.2,-15.4
103.16,-11.5,-62.4,-16.1,-22.6,-15.4
103.17,-12.1,-62.1,-17.5,-23.4,-15.5
103.18,-12.6,-61.9,-19.5,-23.3,-15.8
103.19,-12.6,-61.7,-19.4,-23.1,-16.3
103.20,-12.4,-61.6,-18.9,-22.6,-16.7
103.21,-12.4,-61.8,-18.6,-21.5,-17.1
103.22,-11.6,-62.3,-17.4,-21.2,-17.0
103.23,-11.7,-62.1,-17.6,-20.3,-17.1
103.24,-12.1,-60.6,-18.0,-20.5,-17.0
103.25,-11.6,-59.9,-17.0,-20.2,-17.0
103.26,-10.8,-59.4,-14.8,-21.1,-17.1
103.27,-10.0,-59.4,-12.9,-21.6,-17.1
103.28,-9.6,-59.8,-12.0,-22.9,-16.7
103.29,-9.5,-61.4,-11.8,-23.2,-16.6
103.30,-9.8,-62.0,-11.8,-24.1,-16.2
103.31,-10.9,-62.1,-13.8,-23.7,-15.9
103.32,-11.8,-61.4,-15.8,-23.7,-16.1
103.33,-12.9,-60.6,-17.2,-23.2,-16.3
103.34,-13.2,-58.7,-18.2,-23.9,-16.6
103.35,-13.7,-57.4,-20.1,-23.8,-16.6
103.36,-13.8,-56.7,-21.1,-24.0,-16.8
103.37,-13.3,-56.5,-20.4,-24.3,-16.6
103.38,-13.2,-56.8,-21.6,-23.8,-16.3
103.39,-13.0,-56.2,-21.4,-23.7,-16.1
103.40,-12.7,-51.1,-22.0,-21.9,-16.0
103.41,-13.0,-44.1,-22.0,-22.3,-16.3
103.42,-12.5,-36.4,-22.9,-21.3,-16.5
103.43,-11.8,-27.9,-18.0,-22.1,-17.1
103.44,-10.5,-19.9,-14.1,-22.5,-18.2
103.45,-9.8,-16.1,-12.8,-23.8,-19.7
103.46,-9.3,-14.8,-12.3,-24.1,-20.8
103.47,-8.9,-13.7,-11.8,-25.1,-21.9
103.48,-9.1,-12.9,-12.6,-24.1,-21.6
103.49,-9.8,-13.2,-14.8,-24.3,-21.2
103.50,-10.2,-13.2,-16.0,-25.0,-21.2
103.51,-10.4,-13.3,-17.6,-24.6,-20.8
103.52,-11.1,-13.7,-20.4,-24.6,-20.7
103.53,-11.8,-14.5,-21.8,-23.0,-20.5
103.54,-12.1,-15.3,-22.0,-22.7,-20.2
103.55,-12.2,-16.0,-22.1,-21.1,-20.3
103.56,-12.4,-16.4,-21.2,-20.9,-20.3
103.57,-12.2,-16.5,-20.8,-20.8,-20.4
103.58,-12.2,-16.6,-20.6,-20.6,-20.7
103.59,-12.4,-17.1,-20.5,-21.1,-20.6
103.60,-12.8,-17.4,-20.6,-21.2,-20.7
103.61,-12.8,-17.8,-20.8,-21.4,-20.7
103.62,-13.1,-18.3,-20.9,-23.8,-20.8
103.63,-13.7,-18.4,-21.6,-24.7,-20.9
103.64,-14.3,-18.0,-22.3,-28.1,-21.5
103.65,-14.6,-18.0,-23.0,-34.0,-22.0
103.66,-14.5,-18.1,-23.9,-35.4,-21.2
103.67,-15.0,-18.8,-24.7,-34.9,-20.8
103.68,-15.3,-19.7,-25.5,-32.5,-20.7
103.69,-16.3,-21.5,-26.3,-32.6,-20.7
103.70,-16.8,-23.1,-27.0,-32.5,-20.4
103.71,-17.1,-24.4,-28.0,-32.2,-19.8
103.72,-17.4,-24.9,-28.3,-35.3,-20.0
103.73,-17.5,-25.9,-28.5,-37.5,-19.6
103.74,-18.0,-27.3,-28.4,-38.6,-19.7
103.75,-17.6,-29.2,-28.3,-39.2,-19.6
103.76,-18.0,-31.7,-28.4,-42.3,-19.6
103.77,-17.0,-26.7,-28.6,-41.9,-19.3
103.78,-14.3,-19.6,-28.7,-26.5,-19.4
103.79,-12.8,-16.6,-29.2,-24.4,-19.3
103.80,-12.2,-15.1,-29.7,-22.9,-20.3
103.81,-11.0,-13.7,-30.0,-20.7,-20.4
103.82,-10.4,-12.7,-30.4,-20.6,-21.2
103.83,-10.9,-13.0,-30.9,-20.3,-21.8
103.84,-11.0,-13.0,-31.3,-20.1,-21.8
103.85,-11.4,-13.1,-31.3,-21.4,-22.0
103.86,-11.7,-13.7,-31.6,-20.4,-21.8
103.87,-12.2,-14.2,-31.5,-20.7,-21.9
103.88,-12.1,-14.1,-31.3,-20.3,-21.8
103.89,-12.4,-14.4,-30.8,-20.3,-22.2
103.90,-12.4,-14.3,-30.8,-20.2,-22.4
103.91,-12.3,-14.2,-30.6,-20.0,-22.3
103.92,-12.3,-14.1,-30.8,-20.3,-22.4
103.93,-12.3,-14.1,-30.9,-19.8,-22.5
103.94,-12.2,-14.2,-28.6,-19.7,-22.6
103.95,-11.4,-14.6,-18.0,-20.4,-23.0
103.96,-9.6,-14.8,-13.5,-20.2,-23.2
103.97,-9.6,-15.3,-12.4,-21.7,-24.0
103.98,-9.5,-15.8,-11.8,-23.2,-24.4
103.99,-9.3,-16.2,-11.3,-23.5,-24.5
104.00,-11.3,-17.0,-13.3,-29.5,-24.9
104.01,-12.6,-18.2,-15.1,-34.0,-24.4
104.02,-13.5,-19.6,-16.0,-37.4,-23.7
104.03,-14.4,-21.9,-17.3,-42.0,-23.5
104.04,-12.0,-23.6,-14.0,-43.4,-22.0
104.05,-11.3,-25.4,-12.5,-46.1,-22.1
104.06,-11.1,-26.9,-12.2,-46.5,-21.7
104.07,-10.6,-29.9,-11.6,-46.7,-21.1
104.08,-10.7,-32.2,-11.6,-50.0,-21.2
104.09,-12.2,-33.6,-13.0,-53.3,-21.1
104.10,-12.8,-29.5,-14.0,-51.8,-21.2
104.11,-12.7,-23.5,-14.2,-51.2,-21.9
104.12,-11.8,-20.4,-14.1,-49.5,-21.3
104.13,-11.4,-17.4,-14.5,-46.2,-21.5
104.14,-10.7,-15.4,-14.9,-28.8,-22.0
104.15,-10.2,-14.4,-15.3,-27.0,-21.9
104.16,-10.8,-14.1,-16.6,-22.8,-21.6
104.17,-10.5,-14.0,-18.2,-22.4,-21.3
104.18,-10.7,-14.3,-19.5,-20.9,-20.9
104.19,-11.3,-14.7,-20.1,-21.2,-20.2
104.20,-11.4,-14.8,-21.6,-20.3,-20.2
104.21,-11.5,-14.7,-22.1,-20.9,-19.9
104.22,-11.2,-14.7,-23.2,-19.9,-19.7
104.23,-11.4,-14.7,-24.0,-20.6,-19.9
104.24,-11.3,-15.0,-24.9,-19.7,-19.9
104.25,-11.9,-16.0,-25.5,-20.4,-20.3
104.26,-12.0,-17.2,-26.2,-19.5,-20.0
104.27,-13.0,-19.0,-27.0,-20.2,-19.7
104.28,-12.8,-21.7,-28.1,-19.0,-19.1
104.29,-12.6,-23.8,-20.4,-19.9,-19.5
104.30,-10.2,-21.6,-13.6,-20.0,-19.8
104.31,-9.5,-18.1,-12.1,-22.0,-20.7
104.32,-8.6,-15.0,-11.6,-20.9,-21.8
104.33,-8.2,-13.1,-11.2,-23.6,-23.0
104.34,-8.0,-11.9,-11.8,-22.0,-22.5
104.35,-8.6,-11.5,-13.8,-21.6,-22.4
104.36,-9.0,-11.8,-15.3,-20.5,-21.6
104.37,-9.8,-12.6,-16.7,-21.0,-21.3
104.38,-10.7,-13.5,-19.2,-20.2,-20.4
104.39,-11.0,-14.3,-21.0,-20.7,-20.2
104.40,-11.3,-14.3,-22.1,-19.9,-20.0
104.41,-11.4,-14.0,-22.6,-20.8,-20.1
104.42,-11.2,-13.9,-21.8,-20.0,-20.2
104.43,-11.2,-13.6,-21.2,-21.1,-20.6
104.44,-10.9,-13.2,-21.2,-20.4,-20.8
104.45,-10.7,-12.9,-21.4,-21.6,-20.8
104.46,-10.8,-12.8,-21.7,-21.5,-21.1
104.47,-10.9,-12.8,-21.9,-23.7,-20.9
104.48,-10.9,-13.0,-22.2,-23.0,-21.1
104.49,-11.1,-13.5,-22.8,-24.6,-20.4
104.50,-11.3,-13.9,-23.4,-23.2,-20.4
104.51,-11.3,-14.1,-24.2,-23.3,-19.7
104.52,-12.2,-15.1,-25.7,-22.7,-20.1
104.53,-13.4,-16.5,-27.2,-23.4,-20.5
104.54,-14.6,-18.5,-29.0,-25.1,-20.9
104.55,-16.2,-22.1,-31.2,-26.1,-20.9
104.56,-18.5,-31.6,-33.3,-28.8,-20.8
104.57,-18.5,-36.9,-35.0,-30.4,-20.5
104.58,-18.7,-40.4,-36.0,-32.7,-20.2
104.59,-19.5,-41.0,-36.1,-35.4,-20.8
104.60,-19.2,-38.0,-35.4,-40.9,-20.3
104.61,-19.6,-31.8,-34.8,-45.3,-21.2
104.62,-19.0,-25.4,-34.4,-51.8,-22.2
104.63,-16.3,-22.7,-21.4,-54.6,-23.2
104.64,-12.7,-20.7,-14.8,-55.0,-24.3
104.65,-10.4,-18.5,-12.0,-43.1,-25.1
104.66,-9.7,-17.0,-11.4,-36.7,-23.8
104.67,-8.7,-16.3,-10.8,-27.3,-22.1
104.68,-8.6,-15.4,-10.9,-26.2,-20.8
104.69,-9.2,-14.0,-13.5,-22.4,-19.8
104.70,-9.9,-14.0,-15.5,-21.4,-19.5
104.71,-10.2,-14.4,-16.7,-20.5,-19.1
104.72,-10.8,-15.3,-18.6,-20.2,-19.2
104.73,-11.7,-17.5,-20.7,-19.9,-18.7
104.74,-12.7,-22.4,-22.5,-19.6,-18.4
104.75,-13.1,-26.5,-22.4,-20.3,-18.3
104.76,-13.0,-33.9,-21.4,-19.5,-18.5
104.77,-13.6,-33.6,-21.6,-20.5,-18.5
104.78,-12.7,-25.1,-21.6,-19.6,-18.4
104.79,-12.6,-21.5,-21.8,-20.6,-18.7
104.80,-12.6,-19.3,-23.2,-20.3,-18.7
104.81,-12.4,-17.4,-25.7,-21.3,-18.9
104.82,-12.2,-16.2,-26.9,-21.6,-19.0
104.83,-12.4,-15.5,-27.0,-23.1,-20.1
104.84,-12.6,-14.7,-27.0,-26.2,-21.0
104.85,-12.5,-14.2,-26.2,-27.8,-21.8
104.86,-12.4,-13.8,-26.0,-33.3,-22.6
104.87,-12.7,-13.7,-26.0,-38.5,-23.7
104.88,-12.8,-13.8,-26.4,-44.2,-22.8
104.89,-12.8,-14.0,-27.5,-46.6,-22.0
104.90,-13.0,-14.2,-29.2,-48.5,-21.8
104.91,-13.2,-14.5,-31.1,-49.2,-21.1
104.92,-13.5,-14.7,-34.1,-50.9,-21.2
104.93,-13.6,-15.1,-35.8,-53.1,-20.4
104.94,-14.4,-16.0,-35.6,-54.1,-20.6
104.95,-15.3,-17.4,-34.8,-55.8,-20.1
104.96,-15.8,-18.9,-33.9,-55.6,-19.7
104.97,-16.6,-20.8,-32.7,-56.4,-19.8
104.98,-16.1,-21.8,-23.4,-49.3,-19.7
104.99,-12.0,-21.8,-13.9,-48.4,-19.6
105.00,-10.3,-20.1,-12.2,-45.5,-19.3
105.01,-9.8,-19.3,-11.6,-40.3,-19.0
105.02,-9.4,-19.4,-11.2,-37.0,-18.6
105.03,-9.6,-20.3,-11.6,-27.5,-18.5
105.04,-10.2,-22.1,-13.3,-24.6,-18.3
105.05,-11.8,-23.9,-14.9,-23.4,-18.4
105.06,-11.9,-25.3,-16.2,-21.9,-17.9
105.07,-12.8,-25.2,-18.6,-21.4,-18.0
105.08,-12.7,-24.5,-20.9,-20.6,-17.7
105.09,-13.7,-23.6,-21.8,-21.2,-18.1
105.10,-12.9,-23.8,-22.1,-19.9,-17.8
105.11,-13.6,-22.9,-21.1,-20.6,-18.1
105.12,-12.5,-22.4,-20.0,-19.3,-18.2
105.13,-12.7,-22.8,-19.9,-19.9,-18.3
105.14,-12.3,-21.1,-20.1,-19.4,-18.5
105.15,-11.8,-18.7,-20.2,-20.0,-18.4
105.16,-10.9,-14.6,-20.3,-20.5,-19.0
105.17,-10.1,-12.8,-21.0,-21.6,-19.2
105.18,-10.3,-12.2,-21.7,-23.8,-19.9
105.19,-10.1,-11.8,-22.4,-25.4,-20.1
105.20,-10.5,-11.6,-23.5,-30.4,-21.2
105.21,-10.9,-12.2,-25.1,-32.5,-21.3
105.22,-11.3,-12.4,-27.0,-36.4,-22.1
105.23,-11.1,-12.1,-28.9,-40.1,-22.5
105.24,-11.6,-12.8,-31.1,-43.8,-22.0
105.25,-12.8,-14.2,-33.6,-44.1,-21.9
105.26,-14.3,-16.0,-36.3,-46.6,-22.0
105.27,-16.6,-19.5,-39.3,-47.6,-21.8
105.28,-19.1,-25.8,-42.4,-51.4,-21.7
105.29,-20.6,-33.8,-43.5,-54.3,-21.7
105.30,-21.8,-40.3,-41.8,-57.2,-22.5
105.31,-21.1,-43.6,-40.8,-56.9,-21.6
105.32,-18.6,-45.2,-22.5,-55.7,-22.3
105.33,-14.4,-39.2,-15.5,-45.8,-22.2
105.34,-11.2,-31.0,-12.3,-34.1,-21.3
105.35,-10.5,-25.0,-11.5,-25.7,-21.2
105.36,-9.2,-20.9,-10.9,-23.6,-20.6
105.37,-8.9,-18.7,-10.9,-20.9,-19.8
105.38,-9.6,-17.0,-13.4,-20.2,-19.6
105.39,-10.0,-15.6,-15.4,-18.6,-19.2
105.40,-10.0,-14.6,-16.6,-19.1,-19.0
105.41,-10.0,-14.1,-18.6,-18.6,-18.7
105.42,-10.1,-13.7,-20.8,-19.1,-18.6
105.43,-10.5,-14.0,-22.1,-18.8,-18.5
105.44,-10.5,-14.5,-23.5,-18.8,-18.4
105.45,-11.3,-15.2,-22.9,-19.5,-18.8
105.46,-11.7,-16.2,-21.6,-19.0,-19.2
105.47,-12.5,-17.3,-20.7,-19.9,-19.7
105.48,-12.2,-17.8,-20.5,-19.3,-19.8
105.49,-12.2,-18.4,-18.1,-20.6,-20.6
105.50,-12.1,-19.0,-16.4,-21.0,-20.4
105.51,-12.1,-19.6,-16.0,-22.2,-20.6
105.52,-11.3,-19.7,-15.6,-21.8,-19.7
105.53,-11.0,-19.8,-15.5,-21.4,-19.8
105.54,-11.6,-20.0,-17.1,-20.6,-19.3
105.55,-11.7,-20.2,-18.8,-20.6,-19.4
105.56,-12.2,-20.2,-20.4,-20.7,-19.4
105.57,-13.3,-19.9,-22.3,-22.1,-19.7
105.58,-13.1,-19.6,-24.1,-21.4,-19.4
105.59,-13.1,-19.9,-25.3,-20.8,-19.4
105.60,-13.3,-20.7,-27.0,-19.9,-19.6
105.61,-13.4,-22.5,-27.8,-19.1,-19.4
105.62,-13.9,-26.1,-28.9,-18.8,-19.4
105.63,-13.6,-33.7,-29.3,-18.4,-19.2
105.64,-13.7,-36.9,-30.2,-18.5,-19.2
105.65,-13.7,-39.9,-31.2,-18.5,-18.9
105.66,-13.7,-40.7,-30.4,-18.7,-18.7
105.67,-14.5,-42.1,-29.7,-19.1,-19.2
105.68,-14.4,-41.4,-29.2,-19.4,-19.2
105.69,-14.1,-38.9,-26.9,-20.2,-18.9
105.70,-13.6,-32.8,-26.0,-20.7,-18.7
105.71,-13.7,-27.8,-26.4,-22.1,-18.9
105.72,-13.2,-22.8,-26.9,-23.8,-18.7
105.73,-12.8,-19.2,-27.4,-25.8,-19.3
105.74,-12.5,-16.9,-29.5,-27.7,-19.7
105.75,-12.7,-15.7,-32.2,-30.0,-20.6
105.76,-12.5,-14.9,-32.8,-31.3,-21.3
105.77,-13.1,-15.4,-32.6,-32.1,-21.7
105.78,-14.0,-16.6,-32.3,-32.5,-21.6
105.79,-15.2,-18.7,-32.4,-33.6,-21.6
105.80,-16.5,-21.6,-30.9,-33.1,-21.9
105.81,-18.5,-31.8,-30.8,-32.9,-21.8
105.82,-18.9,-39.6,-30.4,-32.1,-22.1
105.83,-19.1,-43.0,-30.4,-31.3,-22.4
105.84,-17.7,-45.6,-25.4,-30.9,-22.0
105.85,-17.2,-42.8,-23.7,-31.8,-21.5
105.86,-15.9,-31.8,-21.4,-32.7,-20.9
105.87,-13.7,-24.1,-20.4,-25.3,-20.1
105.88,-12.4,-20.4,-20.1,-23.8,-19.3
105.89,-11.5,-17.4,-20.4,-22.5,-19.1
105.90,-11.3,-16.0,-20.6,-21.7,-19.2
105.91,-11.0,-15.0,-21.1,-20.5,-19.0
105.92,-11.4,-14.3,-21.3,-21.9,-19.2
105.93,-11.3,-14.2,-20.8,-21.8,-19.7
105.94,-10.9,-14.4,-20.7,-20.8,-19.8
105.95,-10.6,-14.3,-21.1,-21.2,-19.8
105.96,-10.7,-14.9,-21.7,-20.8,-19.4
105.97,-10.7,-14.9,-22.2,-21.2,-19.1
105.98,-11.2,-15.4,-23.2,-20.9,-19.0
105.99,-11.4,-14.9,-23.9,-21.5,-19.1
106.00,-11.7,-15.0,-24.5,-21.1,-19.6
106.01,-11.4,-15.4,-24.1,-20.3,-20.0
106.02,-10.9,-16.1,-16.5,-20.3,-20.8
106.03,-9.5,-16.5,-12.4,-20.8,-21.2
106.04,-9.6,-19.2,-11.5,-21.8,-21.5
106.05,-9.5,-20.5,-10.9,-22.3,-21.5
106.06,-8.9,-21.9,-10.4,-21.2,-21.1
106.07,-10.2,-25.1,-12.6,-21.1,-20.6
106.08,-11.6,-30.9,-14.4,-21.1,-20.0
106.09,-11.7,-31.6,-15.2,-21.4,-20.0
106.10,-13.1,-31.3,-16.7,-23.0,-19.8
106.11,-14.8,-30.5,-18.5,-27.7,-20.2
106.12,-15.1,-28.6,-19.2,-29.4,-20.2
106.13,-14.5,-25.8,-19.5,-30.3,-20.3
106.14,-15.3,-23.6,-20.6,-32.1,-20.5
106.15,-15.2,-22.0,-20.5,-33.1,-20.9
106.16,-14.8,-21.2,-19.8,-33.5,-21.3
106.17,-15.2,-21.2,-20.3,-35.0,-21.8
106.18,-15.3,-21.2,-20.5,-37.4,-22.2
106.19,-12.6,-19.9,-15.2,-37.6,-22.4
106.20,-10.7,-19.0,-12.4,-39.9,-22.4
106.21,-9.8,-17.5,-11.5,-38.7,-22.4
106.22,-8.7,-14.6,-11.0,-33.4,-22.1
106.23,-8.1,-13.5,-10.8,-26.3,-21.3
106.24,-8.8,-13.1,-12.5,-23.5,-21.0
106.25,-9.3,-12.5,-14.7,-22.7,-21.0
106.26,-9.7,-12.6,-16.1,-21.5,-21.0
106.27,-10.4,-13.5,-17.9,-20.7,-21.1
106.28,-11.3,-14.0,-20.5,-21.2,-21.5
106.29,-11.5,-14.5,-21.4,-20.1,-21.5
106.30,-11.6,-15.2,-21.3,-19.8,-21.6
106.31,-11.7,-15.4,-21.3,-19.5,-21.7
106.32,-11.5,-15.4,-20.0,-19.1,-21.6
106.33,-11.2,-15.2,-19.2,-19.1,-22.0
106.34,-10.7,-14.9,-18.8,-19.0,-21.9
106.35,-10.9,-14.9,-19.1,-19.0,-22.0
106.36,-10.9,-14.8,-18.6,-19.4,-22.5
106.37,-10.7,-14.5,-19.1,-19.5,-22.7
106.38,-11.1,-14.6,-19.6,-20.8,-22.6
106.39,-12.0,-14.8,-20.7,-22.2,-22.6
106.40,-12.2,-15.0,-21.4,-23.5,-22.6
106.41,-12.9,-15.2,-23.0,-26.8,-22.4
106.42,-12.8,-14.7,-24.1,-29.4,-22.2
106.43,-12.4,-14.0,-24.9,-32.2,-22.3
106.44,-12.2,-13.7,-25.8,-35.6,-22.5
106.45,-12.8,-14.2,-27.0,-37.3,-22.6
106.46,-13.7,-15.2,-27.3,-39.6,-22.5
106.47,-15.1,-17.5,-27.9,-41.0,-22.2
106.48,-17.1,-21.1,-27.8,-39.0,-22.1
106.49,-17.9,-23.6,-28.0,-37.0,-21.7
106.50,-17.9,-24.3,-28.3,-37.1,-21.5
106.51,-17.8,-25.7,-28.7,-36.1,-21.1
106.52,-18.4,-27.7,-29.9,-35.7,-21.1
106.53,-18.0,-27.7,-30.2,-33.5,-21.2
106.54,-16.0,-22.1,-31.0,-23.1,-21.0
106.55,-14.6,-19.5,-31.9,-21.1,-20.8
106.56,-13.8,-18.3,-32.3,-19.6,-21.1
106.57,-12.2,-17.2,-33.2,-17.6,-20.6
106.58,-11.8,-15.8,-33.4,-17.5,-21.2
106.59,-11.5,-15.2,-33.7,-17.4,-20.9
106.60,-11.3,-14.8,-33.7,-17.3,-20.7
106.61,-11.0,-14.1,-33.9,-17.6,-20.8
106.62,-10.8,-13.7,-34.3,-17.6,-20.8
106.63,-10.6,-13.3,-35.5,-17.9,-20.7
106.64,-10.2,-13.0,-36.4,-17.5,-20.7
106.65,-9.9,-12.6,-36.4,-17.4,-20.6
106.66,-10.1,-12.5,-36.3,-17.6,-20.9
106.67,-10.3,-12.5,-36.5,-17.4,-21.1
106.68,-10.6,-12.7,-36.4,-17.9,-21.6
106.69,-10.6,-13.0,-36.3,-17.6,-21.9
106.70,-10.6,-13.2,-25.3,-17.6,-21.7
106.71,-9.8,-13.3,-16.5,-18.7,-22.1
106.72,-8.7,-13.7,-13.1,-18.7,-22.6
106.73,-8.8,-14.0,-12.3,-21.0,-23.0
106.74,-8.7,-14.1,-11.7,-22.3,-23.6
106.75,-8.7,-14.5,-11.5,-23.3,-23.5
106.76,-10.5,-14.6,-13.6,-30.0,-23.1
106.77,-11.4,-14.8,-15.1,-32.8,-22.7
106.78,-12.1,-15.6,-16.0,-36.6,-22.0
106.79,-12.9,-16.8,-17.0,-41.3,-21.8
106.80,-11.6,-18.5,-13.3,-43.0,-22.2
106.81,-11.3,-21.4,-12.4,-47.0,-22.5
106.82,-11.2,-26.3,-12.0,-47.9,-21.8
106.83,-10.8,-30.9,-11.4,-48.1,-21.8
106.84,-10.9,-34.1,-11.6,-48.4,-21.3
106.85,-12.3,-37.8,-13.2,-51.3,-21.0
106.86,-12.6,-42.9,-13.8,-54.2,-20.2
106.87,-12.3,-43.1,-13.5,-54.9,-20.2
106.88,-12.5,-38.6,-13.6,-38.4,-20.8
106.89,-12.4,-27.0,-13.8,-34.6,-21.2
106.90,-11.7,-22.5,-14.1,-23.0,-21.6
106.91,-11.7,-19.2,-14.6,-22.4,-22.0
106.92,-11.3,-17.5,-16.2,-19.1,-21.3
106.93,-11.4,-16.2,-18.1,-18.9,-20.9
106.94,-10.8,-15.4,-19.1,-17.3,-20.4
106.95,-11.0,-14.7,-20.1,-17.8,-20.4
106.96,-10.6,-15.0,-21.0,-16.7,-20.2
106.97,-11.5,-15.9,-21.5,-17.5,-20.4
106.98,-11.4,-17.0,-22.1,-16.6,-20.6
106.99,-12.5,-19.2,-22.7,-17.4,-20.9
107.00,-12.8,-23.0,-23.4,-16.5,-20.6
107.01,-13.9,-26.9,-24.8,-17.2,-20.8
107.02,-13.5,-26.0,-26.1,-16.5,-21.0
107.03,-13.5,-24.9,-27.6,-17.1,-20.8
107.04,-13.3,-23.7,-28.6,-16.5,-21.1
107.05,-12.6,-23.3,-19.0,-17.3,-21.3
107.06,-11.0,-23.1,-13.6,-17.7,-22.0
107.07,-10.4,-23.0,-12.1,-19.2,-22.3
107.08,-9.9,-22.6,-11.4,-18.2,-22.6
107.09,-9.9,-22.3,-11.1,-19.5,-22.3
107.10,-10.2,-22.3,-11.7,-18.3,-22.0
107.11,-11.1,-22.8,-13.8,-18.0,-21.7
107.12,-11.7,-23.7,-15.2,-17.1,-21.3
107.13,-12.6,-25.6,-16.6,-17.8,-21.2
107.14,-12.9,-28.1,-18.4,-16.9,-20.8
107.15,-13.1,-32.9,-20.5,-17.5,-20.3
107.16,-13.5,-42.6,-21.0,-16.9,-20.1
107.17,-14.2,-46.4,-21.8,-17.6,-20.3
107.18,-14.0,-45.1,-21.3,-17.1,-20.4
107.19,-14.6,-37.6,-20.8,-17.8,-20.6
107.20,-14.2,-28.5,-20.9,-17.3,-21.1
107.21,-13.6,-20.9,-21.2,-18.1,-21.6
107.22,-12.5,-17.6,-21.2,-17.9,-21.9
107.23,-11.6,-14.9,-21.0,-18.9,-22.5
107.24,-11.2,-13.8,-21.3,-19.0,-23.1
107.25,-10.7,-13.2,-22.0,-19.2,-23.2
107.26,-10.4,-13.0,-22.7,-18.4,-23.0
107.27,-10.7,-13.1,-24.6,-19.3,-23.0
107.28,-11.2,-13.8,-26.8,-19.3,-22.9
107.29,-11.6,-13.8,-28.9,-20.1,-23.5
107.30,-12.0,-13.9,-30.6,-22.6,-22.9
107.31,-13.0,-14.6,-32.8,-25.1,-23.6
107.32,-13.5,-15.0,-35.0,-27.9,-23.1
107.33,-13.7,-15.2,-36.9,-31.0,-22.7
107.34,-13.6,-14.9,-39.1,-36.3,-22.6
107.35,-13.6,-14.9,-37.5,-42.2,-22.9
107.36,-13.5,-14.8,-35.8,-45.8,-22.3
107.37,-13.5,-14.6,-35.2,-50.3,-23.0
107.38,-13.2,-14.1,-34.8,-51.4,-23.0
107.39,-12.7,-14.1,-24.8,-51.2,-22.9
107.40,-10.3,-14.4,-14.1,-49.4,-23.1
107.41,-9.6,-14.8,-11.9,-28.1,-23.4
107.42,-9.0,-15.4,-11.2,-25.1,-23.4
107.43,-8.8,-16.0,-10.7,-22.2,-23.1
107.44,-8.9,-15.6,-10.9,-20.2,-23.1
107.45,-9.5,-14.8,-12.9,-19.3,-23.1
107.46,-10.1,-15.0,-14.9,-18.1,-22.8
107.47,-10.6,-15.6,-16.2,-17.6,-22.1
107.48,-11.0,-16.8,-17.8,-17.4,-21.5
107.49,-12.3,-19.2,-19.9,-17.2,-21.3
107.50,-13.3,-24.2,-21.9,-16.8,-21.1
107.51,-13.6,-27.3,-22.2,-17.3,-21.3
107.52,-13.8,-31.2,-21.3,-17.0,-21.2
107.53,-13.9,-40.6,-21.7,-17.2,-21.2
107.54,-13.9,-47.5,-21.8,-16.9,-21.0
107.55,-13.7,-45.8,-22.0,-17.1,-20.9
107.56,-13.5,-36.7,-24.3,-17.1,-20.8
107.57,-14.2,-27.0,-27.1,-17.7,-21.0
107.58,-13.5,-22.1,-26.9,-18.3,-20.6
107.59,-14.2,-20.5,-25.8,-20.6,-21.1
107.60,-12.9,-16.3,-24.8,-22.0,-21.5
107.61,-12.2,-14.1,-24.1,-27.0,-21.9
107.62,-11.6,-13.0,-24.0,-31.0,-22.5
107.63,-10.8,-12.0,-24.4,-36.4,-22.1
107.64,-10.0,-10.9,-25.4,-37.8,-22.2
107.65,-9.9,-10.6,-27.0,-40.7,-21.8
107.66,-9.6,-10.2,-28.5,-42.8,-21.7
107.67,-9.6,-10.1,-30.7,-46.1,-21.1
107.68,-10.1,-10.8,-32.4,-51.6,-21.3
107.69,-11.5,-12.4,-32.4,-53.4,-20.6
107.70,-12.9,-14.5,-32.0,-54.8,-20.6
107.71,-15.1,-18.4,-31.5,-55.2,-20.3
107.72,-17.7,-25.7,-30.9,-57.6,-20.9
107.73,-17.6,-27.1,-29.7,-55.1,-20.8
107.74,-15.3,-23.5,-20.2,-50.7,-21.9
107.75,-11.6,-21.5,-13.4,-28.8,-22.2
107.76,-10.3,-18.9,-12.0,-27.0,-23.2
107.77,-9.3,-16.0,-11.4,-22.5,-23.1
107.78,-8.8,-14.7,-11.1,-20.9,-22.9
107.79,-9.1,-14.6,-11.6,-19.2,-22.8
107.80,-9.9,-14.5,-13.8,-18.7,-22.2
107.81,-10.7,-14.4,-15.2,-18.1,-22.0
107.82,-10.8,-14.4,-16.8,-18.3,-22.2
107.83,-10.9,-13.3,-19.0,-18.0,-22.4
107.84,-10.8,-12.5,-21.3,-18.0,-22.6
107.85,-10.4,-11.9,-22.4,-18.2,-23.0
107.86,-10.2,-11.8,-22.8,-17.8,-23.2
107.87,-10.3,-12.0,-21.5,-18.0,-23.1
107.88,-10.5,-12.5,-20.9,-17.7,-23.1
107.89,-10.8,-12.9,-20.8,-17.9,-22.7
107.90,-11.2,-13.8,-20.8,-17.3,-22.6
107.91,-11.6,-14.6,-21.0,-18.1,-22.4
107.92,-12.2,-15.3,-21.1,-18.5,-22.7
107.93,-12.5,-15.4,-21.3,-20.2,-22.8
107.94,-12.4,-14.8,-21.7,-20.7,-23.2
107.95,-12.9,-14.5,-22.5,-25.8,-23.2
107.96,-13.0,-14.3,-23.9,-27.4,-23.0
107.97,-12.8,-14.2,-25.4,-32.8,-22.1
107.98,-13.2,-14.4,-27.3,-37.8,-22.2
107.99,-13.4,-14.6,-28.9,-39.1,-21.8
108.00,-13.5,-14.9,-30.2,-39.5,-21.7
108.01,-14.2,-15.9,-32.1,-41.9,-21.7
108.02,-15.0,-17.2,-34.5,-43.7,-21.2
108.03,-16.2,-19.2,-35.6,-49.1,-21.2
108.04,-16.8,-21.8,-36.8,-51.7,-20.7
108.05,-18.2,-27.1,-36.4,-52.3,-20.3
108.06,-18.3,-28.4,-35.7,-50.0,-20.4
108.07,-18.7,-29.3,-36.0,-50.1,-20.7
108.08,-17.8,-32.0,-23.7,-50.1,-21.0
108.09,-13.2,-34.4,-14.4,-49.4,-21.5
108.10,-10.9,-27.5,-11.7,-44.7,-22.5
108.11,-9.6,-22.5,-11.0,-23.7,-23.0
108.12,-8.8,-18.2,-10.6,-20.6,-22.8
108.13,-8.5,-15.6,-10.7,-19.6,-23.1
108.14,-9.2,-13.8,-13.1,-18.0,-22.9
108.15,-10.0,-13.7,-15.1,-17.5,-22.9
108.16,-10.2,-13.7,-16.3,-17.7,-23.0
108.17,-11.2,-14.7,-17.9,-17.9,-22.8
108.18,-12.3,-17.0,-19.7,-17.4,-21.8
108.19,-12.9,-20.0,-21.5,-17.8,-21.5
108.20,-13.2,-23.2,-22.7,-17.5,-21.2
108.21,-14.0,-27.9,-22.0,-17.8,-21.2
108.22,-13.1,-30.7,-21.1,-16.9,-21.0
108.23,-13.9,-39.5,-20.7,-17.4,-21.0
108.24,-13.4,-40.6,-20.7,-16.8,-20.9
108.25,-12.5,-36.7,-17.8,-17.2,-21.1
108.26,-12.1,-30.1,-16.8,-17.2,-21.4
108.27,-11.7,-21.8,-16.4,-18.8,-22.0
108.28,-10.4,-16.1,-16.4,-18.8,-22.3
108.29,-10.6,-15.1,-16.5,-21.2,-22.6
108.30,-10.5,-14.0,-19.0,-20.9,-22.2
108.31,-10.5,-13.2,-21.2,-21.8,-21.8
108.32,-11.2,-13.8,-22.8,-21.6,-21.4
108.33,-11.9,-14.7,-24.3,-21.8,-20.8
108.34,-12.1,-15.1,-25.9,-21.2,-20.5
108.35,-12.6,-16.1,-27.2,-20.9,-20.3
108.36,-13.2,-17.0,-28.7,-20.1,-20.4
108.37,-13.0,-17.1,-29.8,-18.9,-20.7
108.38,-13.2,-17.3,-30.0,-18.9,-21.1
108.39,-13.1,-17.5,-30.3,-18.1,-21.7
108.40,-13.1,-17.4,-30.8,-18.0,-22.2
108.41,-12.9,-17.3,-31.0,-18.0,-22.5
108.42,-12.9,-17.1,-30.2,-18.0,-22.8
108.43,-12.7,-16.8,-26.8,-18.5,-22.9
108.44,-11.6,-16.9,-20.7,-19.3,-23.1
108.45,-11.0,-17.6,-18.2,-19.1,-23.4
108.46,-11.3,-18.6,-17.4,-19.7,-23.4
108.47,-11.2,-20.2,-16.7,-19.3,-23.6
108.48,-11.5,-22.7,-16.7,-18.1,-23.8
108.49,-13.4,-25.4,-18.6,-17.9,-23.6
108.50,-13.7,-27.5,-19.8,-17.8,-23.6
108.51,-14.0,-29.6,-20.7,-17.6,-23.6
108.52,-14.8,-34.0,-21.9,-17.4,-23.5
108.53,-14.4,-39.5,-23.2,-17.9,-23.1
108.54,-14.4,-43.7,-22.9,-18.1,-23.0
108.55,-15.3,-44.4,-23.2,-19.3,-22.8
108.56,-14.8,-41.4,-22.8,-20.6,-22.4
108.57,-15.2,-36.1,-22.5,-21.2,-22.5
108.58,-15.1,-34.5,-22.4,-22.3,-22.4
108.59,-14.6,-27.1,-21.8,-22.5,-22.8
108.60,-13.0,-22.5,-17.8,-21.3,-23.8
108.61,-11.7,-16.5,-17.1,-21.3,-24.9
108.62,-10.8,-14.8,-16.3,-21.4,-26.3
108.63,-10.4,-14.1,-15.9,-21.5,-28.0
108.64,-10.2,-13.5,-16.4,-21.1,-27.2
108.65,-10.9,-13.3,-18.4,-22.3,-27.4
108.66,-11.0,-14.1,-19.2,-21.3,-26.3
108.67,-11.5,-14.5,-19.7,-22.1,-25.1
108.68,-11.8,-14.6,-19.4,-20.6,-25.3
108.69,-11.5,-15.2,-19.0,-20.5,-24.4
108.70,-11.7,-16.0,-18.5,-19.9,-24.5
108.71,-12.5,-16.5,-18.7,-19.4,-24.2
108.72,-12.5,-16.7,-19.4,-19.6,-24.2
108.73,-12.3,-16.3,-20.0,-20.6,-24.4
108.74,-12.7,-15.9,-21.0,-20.1,-24.8
108.75,-12.6,-15.3,-21.5,-22.0,-24.9
108.76,-12.2,-14.7,-21.6,-22.1,-25.2
108.77,-12.4,-14.7,-21.1,-22.2,-25.2
108.78,-12.6,-15.2,-19.6,-24.2,-25.9
108.79,-11.4,-15.9,-17.5,-21.4,-26.2
108.80,-11.3,-17.2,-16.2,-20.8,-27.1
108.81,-11.1,-18.5,-15.7,-19.2,-27.3
108.82,-11.2,-19.7,-15.9,-19.0,-27.0
108.83,-11.9,-21.4,-16.9,-17.7,-26.2
108.84,-13.8,-24.2,-19.4,-18.2,-25.2
108.85,-14.0,-27.0,-21.7,-17.8,-24.7
108.86,-14.9,-30.3,-23.9,-18.0,-24.2
108.87,-15.0,-33.8,-24.9,-18.0,-24.1
108.88,-15.1,-35.1,-25.8,-18.4,-24.2
108.89,-15.1,-33.4,-25.7,-18.4,-24.4
108.90,-16.2,-32.3,-25.8,-19.1,-24.7
108.91,-16.0,-31.4,-25.6,-19.0,-24.8
108.92,-16.1,-30.7,-25.2,-19.1,-24.6
108.93,-15.8,-30.9,-24.5,-19.3,-24.8
108.94,-15.3,-31.1,-22.1,-19.8,-24.6
108.95,-13.4,-32.0,-16.3,-20.4,-23.8
108.96,-10.6,-33.0,-12.3,-20.7,-23.2
108.97,-9.7,-34.4,-11.2,-21.5,-22.7
108.98,-9.6,-35.1,-10.9,-21.8,-21.6
108.99,-9.1,-38.2,-10.6,-20.6,-20.9
109.00,-10.3,-40.1,-12.4,-20.7,-20.4
109.01,-11.8,-43.0,-14.4,-19.2,-20.4
109.02,-12.1,-43.9,-15.2,-19.1,-19.9
109.03,-12.4,-42.2,-16.1,-18.8,-20.0
109.04,-13.6,-39.9,-17.9,-18.2,-20.0
109.05,-14.1,-36.0,-19.2,-18.2,-20.2
109.06,-14.1,-32.7,-19.9,-18.2,-20.2
109.07,-13.8,-26.1,-19.7,-18.2,-20.3
109.08,-13.2,-22.7,-18.9,-19.0,-20.4
109.09,-12.6,-21.2,-18.1,-18.5,-20.9
109.10,-12.6,-20.5,-18.2,-18.5,-20.9
109.11,-12.2,-20.4,-19.0,-18.9,-20.9
109.12,-12.1,-21.1,-18.2,-18.7,-21.5
109.13,-12.5,-20.6,-18.5,-19.3,-21.6
109.14,-11.4,-16.2,-19.9,-19.6,-21.9
109.15,-11.1,-14.4,-20.2,-20.6,-22.4
109.16,-11.1,-13.3,-21.2,-22.0,-22.7
109.17,-10.8,-12.3,-22.9,-23.3,-22.9
109.18,-11.0,-12.0,-24.4,-26.9,-22.8
109.19,-11.4,-12.5,-25.0,-27.9,-22.4
109.20,-11.7,-12.9,-25.9,-32.6,-21.9
109.21,-12.3,-13.3,-27.6,-35.6,-22.3
109.22,-12.7,-13.9,-28.1,-37.9,-22.2
109.23,-13.2,-14.4,-28.7,-45.2,-22.3
109.24,-13.4,-14.6,-28.6,-46.7,-22.6
109.25,-13.8,-15.1,-28.3,-47.0,-22.2
109.26,-14.1,-15.7,-27.7,-46.8,-22.1
109.27,-14.5,-16.4,-27.4,-46.2,-21.6
109.28,-14.9,-17.0,-27.6,-48.5,-21.6
109.29,-14.9,-17.4,-27.5,-42.2,-21.2
109.30,-14.0,-17.0,-27.9,-23.4,-20.9
109.31,-13.4,-16.3,-29.0,-21.8,-21.3
109.32,-12.6,-15.8,-29.3,-19.1,-21.5
109.33,-12.0,-15.7,-28.8,-17.8,-21.3
109.34,-12.2,-15.9,-29.2,-17.6,-21.7
109.35,-12.4,-16.8,-29.1,-17.3,-21.1
109.36,-12.7,-18.4,-29.1,-17.1,-20.3
109.37,-13.6,-21.3,-29.7,-17.6,-19.8
109.38,-14.0,-24.8,-30.5,-17.4,-19.6
109.39,-14.7,-30.3,-30.5,-17.8,-19.7
109.40,-14.5,-35.5,-30.8,-17.4,-19.8
109.41,-14.9,-39.8,-31.3,-17.3,-20.3
109.42,-15.1,-41.0,-31.7,-17.5,-20.6
109.43,-15.1,-41.8,-31.8,-17.2,-20.7
109.44,-15.8,-43.0,-32.3,-17.7,-21.1
109.45,-15.3,-42.1,-32.2,-17.3,-21.3
109.46,-14.7,-33.4,-23.6,-17.5,-21.6
109.47,-11.5,-29.8,-14.3,-18.4,-22.1
109.48,-9.8,-19.7,-12.3,-18.5,-23.1
109.49,-9.2,-16.9,-11.6,-21.0,-23.6
109.50,-8.9,-16.0,-11.2,-22.0,-24.5
109.51,-8.9,-15.4,-11.4,-22.7,-25.0
109.52,-10.6,-15.6,-13.3,-26.4,-25.0
109.53,-12.6,-18.6,-14.7,-27.3,-24.9
109.54,-13.6,-21.1,-15.8,-30.6,-24.8
109.55,-14.5,-24.5,-16.2,-34.6,-24.7
109.56,-12.5,-30.7,-13.3,-40.8,-24.7
109.57,-11.9,-40.9,-12.4,-47.0,-24.6
109.58,-11.4,-44.6,-11.8,-53.0,-23.9
109.59,-10.9,-40.9,-11.3,-54.9,-23.5
109.60,-11.0,-28.5,-11.4,-54.6,-23.4
109.61,-12.2,-24.3,-13.1,-54.8,-23.1
109.62,-12.7,-23.4,-13.6,-54.9,-22.8
109.63,-12.2,-21.8,-13.7,-55.3,-22.3
109.64,-11.6,-18.3,-13.9,-53.6,-22.1
109.65,-11.4,-16.5,-14.3,-35.5,-22.5
109.66,-10.8,-15.0,-14.7,-24.3,-22.7
109.67,-10.5,-14.1,-15.2,-22.4,-22.6
109.68,-10.5,-13.8,-17.0,-19.5,-22.9
109.69,-10.8,-13.7,-19.4,-19.0,-23.0
109.70,-10.2,-13.1,-19.9,-17.6,-22.7
109.71,-10.4,-12.9,-21.3,-17.9,-22.8
109.72,-10.0,-12.5,-21.9,-17.2,-22.9
109.73,-10.2,-12.1,-22.5,-17.7,-23.1
109.74,-10.1,-12.2,-23.5,-16.9,-22.9
109.75,-10.7,-12.8,-24.7,-17.7,-22.5
109.76,-10.6,-12.9,-25.5,-16.8,-22.4
109.77,-10.9,-13.1,-26.4,-17.5,-22.2
109.78,-10.7,-13.3,-27.3,-16.6,-22.2
109.79,-10.8,-13.4,-28.3,-17.4,-21.8
109.80,-10.8,-14.2,-25.6,-16.6,-22.3
109.81,-10.8,-15.2,-17.9,-17.5,-22.6
109.82,-10.0,-15.9,-13.6,-18.1,-23.2
109.83,-9.6,-16.7,-12.2,-19.8,-23.4
109.84,-9.3,-16.1,-11.6,-19.3,-24.2
109.85,-9.1,-14.8,-11.2,-20.9,-24.1
109.86,-9.3,-13.9,-12.3,-18.9,-23.3
109.87,-10.0,-14.0,-14.5,-18.6,-22.8
109.88,-10.2,-14.0,-15.8,-17.5,-22.4
109.89,-10.7,-14.3,-17.3,-18.0,-21.8
109.90,-10.9,-15.1,-19.1,-16.9,-21.7
109.91,-11.5,-16.1,-20.5,-17.6,-21.7
109.92,-12.0,-17.4,-21.2,-16.8,-21.6
109.93,-12.9,-18.4,-21.9,-17.7,-21.8
109.94,-12.9,-19.9,-21.2,-16.9,-21.4
109.95,-13.3,-20.5,-20.9,-17.7,-21.5
109.96,-12.9,-20.5,-21.3,-17.0,-21.5
109.97,-13.2,-20.2,-21.5,-17.8,-21.6
109.98,-12.9,-19.2,-21.7,-17.4,-21.8
109.99,-13.2,-18.4,-21.6,-18.5,-22.7
110.00,-13.2,-17.6,-21.8,-18.9,-23.0
110.01,-12.7,-17.0,-22.5,-18.9,-23.5
110.02,-13.0,-16.9,-23.0,-19.5,-22.8
110.03,-13.4,-16.9,-24.5,-21.0,-23.0
110.04,-13.1,-16.3,-26.3,-21.4,-22.6
110.05,-14.1,-16.9,-28.2,-22.9,-22.7
110.06,-14.8,-17.7,-30.1,-29.2,-21.9
110.07,-15.4,-18.2,-32.2,-33.3,-21.9
110.08,-15.9,-18.9,-34.8,-35.2,-21.0
110.09,-16.1,-19.7,-36.2,-36.0,-20.3
110.10,-15.9,-19.0,-37.8,-39.3,-20.0
110.11,-15.6,-18.3,-36.8,-41.1,-19.8
110.12,-15.6,-18.3,-35.1,-46.2,-19.9
110.13,-15.9,-18.1,-34.6,-52.1,-20.6
110.14,-16.3,-18.5,-34.1,-51.6,-21.2
110.15,-15.7,-19.4,-22.4,-49.3,-21.4
110.16,-11.8,-20.5,-13.2,-48.6,-22.5
110.17,-10.2,-20.0,-11.6,-32.1,-22.4
110.18,-9.4,-18.6,-10.9,-26.6,-22.1
110.19,-8.5,-15.6,-10.6,-22.2,-21.8
110.20,-8.0,-13.0,-11.2,-20.3,-21.6
110.21,-8.3,-11.7,-13.1,-19.2,-21.0
110.22,-8.6,-11.3,-14.9,-17.9,-21.1
110.23,-8.8,-11.3,-16.3,-18.1,-20.9
110.24,-9.2,-12.1,-18.0,-17.4,-20.6
110.25,-10.8,-14.0,-20.2,-18.0,-20.0
110.26,-11.2,-15.9,-22.1,-16.9,-19.5
110.27,-11.7,-18.1,-21.9,-17.7,-19.4
110.28,-11.9,-20.5,-20.8,-16.7,-19.3
110.29,-12.5,-21.7,-20.8,-17.1,-19.6
110.30,-12.3,-21.4,-20.9,-17.1,-19.9
110.31,-12.3,-20.7,-21.2,-16.9,-20.4
110.32,-12.8,-18.9,-23.9,-17.3,-20.9
110.33,-12.2,-17.0,-27.4,-17.3,-21.5
110.34,-12.2,-15.6,-27.1,-18.7,-22.1
110.35,-12.2,-14.7,-26.6,-19.3,-22.9
110.36,-12.1,-13.9,-25.9,-22.2,-23.1
110.37,-12.2,-14.1,-25.1,-23.2,-22.7
110.38,-12.7,-14.1,-25.4,-29.9,-22.0
110.39,-12.6,-14.1,-25.9,-33.6,-21.4
110.40,-12.9,-14.3,-26.9,-40.2,-20.8
110.41,-12.9,-14.2,-28.5,-43.2,-20.9
110.42,-12.6,-14.0,-30.0,-45.4,-20.6
110.43,-12.9,-14.3,-32.1,-47.4,-20.4
110.44,-13.7,-15.3,-33.4,-47.9,-20.9
110.45,-14.5,-16.5,-33.6,-50.1,-20.5
110.46,-16.1,-18.9,-32.8,-51.9,-20.5
110.47,-17.8,-22.5,-32.0,-55.8,-20.4
110.48,-19.2,-25.2,-31.8,-60.9,-21.1
110.49,-16.7,-21.7,-24.7,-58.7,-21.0
110.50,-13.5,-18.5,-17.3,-45.9,-21.6
110.51,-10.9,-16.7,-13.4,-26.9,-21.9
110.52,-9.5,-15.2,-12.2,-23.4,-22.0
110.53,-8.8,-14.1,-11.5,-20.8,-21.9
110.54,-8.3,-13.6,-11.4,-19.4,-21.2
110.55,-9.2,-13.3,-13.2,-18.9,-20.3
110.56,-9.7,-13.4,-15.5,-18.1,-19.7
110.57,-10.3,-13.7,-17.0,-19.1,-19.0
110.58,-10.7,-14.2,-18.5,-18.1,-18.8
110.59,-11.6,-14.9,-20.3,-18.9,-18.4
110.60,-12.1,-16.3,-22.1,-18.0,-18.4
110.61,-12.4,-17.6,-22.1,-18.7,-18.7
110.62,-13.0,-19.8,-20.5,-17.8,-18.8
110.63,-13.1,-21.9,-19.9,-17.8,-19.3
110.64,-13.6,-22.3,-19.9,-18.0,-19.5
110.65,-13.3,-21.5,-19.9,-17.5,-20.0
110.66,-13.4,-20.2,-21.1,-17.9,-20.2
110.67,-12.4,-17.5,-23.3,-17.4,-20.7
110.68,-11.9,-15.5,-24.9,-18.7,-21.3
110.69,-11.4,-14.5,-24.8,-19.0,-21.8
110.70,-11.5,-13.9,-24.8,-21.5,-21.9
110.71,-11.8,-14.0,-24.5,-22.7,-22.2
110.72,-13.2,-15.4,-24.3,-27.7,-22.2
110.73,-14.3,-17.1,-24.3,-31.2,-22.5
110.74,-16.2,-20.1,-24.8,-35.4,-22.6
110.75,-18.7,-26.4,-25.7,-43.7,-22.9
110.76,-19.5,-30.7,-27.0,-48.3,-22.6
110.77,-19.8,-37.8,-29.0,-49.5,-21.4
110.78,-20.2,-45.8,-32.3,-54.4,-21.2
110.79,-20.0,-48.8,-34.3,-54.6,-20.6
110.80,-19.8,-46.7,-35.2,-54.4,-20.3
110.81,-19.5,-37.1,-34.2,-54.4,-20.2
110.82,-20.2,-34.2,-33.2,-55.3,-21.1
110.83,-19.8,-32.9,-32.7,-54.0,-21.1
110.84,-18.0,-27.4,-23.5,-51.2,-22.1
110.85,-12.5,-22.7,-13.6,-29.7,-22.4
110.86,-10.5,-20.9,-11.9,-27.4,-22.1
110.87,-9.6,-19.6,-11.2,-21.2,-21.3
110.88,-9.0,-18.8,-10.9,-19.4,-20.3
110.89,-9.0,-18.5,-11.3,-18.2,-19.6
110.90,-9.9,-18.6,-13.2,-17.5,-19.5
110.91,-10.7,-18.3,-14.8,-17.5,-19.6
110.92,-10.8,-17.9,-16.1,-16.8,-19.8
110.93,-11.3,-17.3,-18.0,-17.6,-20.1
110.94,-11.6,-17.3,-20.2,-16.8,-20.2
110.95,-11.9,-17.5,-21.6,-17.7,-20.2
110.96,-12.4,-17.8,-22.1,-17.0,-20.3
110.97,-12.6,-18.3,-20.7,-17.8,-20.3
110.98,-12.7,-18.6,-19.6,-17.5,-20.6
110.99,-12.3,-17.8,-19.3,-18.2,-21.0
111.00,-12.4,-16.8,-19.2,-18.7,-21.3
111.01,-11.4,-16.0,-16.9,-19.4,-21.8
111.02,-11.1,-15.2,-16.3,-20.8,-21.8
111.03,-10.7,-14.4,-15.8,-22.2,-22.0
111.04,-10.1,-14.2,-15.6,-21.1,-22.0
111.05,-10.0,-14.1,-15.9,-20.5,-22.0
111.06,-10.6,-14.0,-18.1,-19.2,-22.1
111.07,-10.7,-14.3,-19.7,-18.9,-22.1
111.08,-11.0,-14.6,-21.3,-17.9,-22.0
111.09,-11.8,-14.9,-24.4,-18.4,-22.2
111.10,-12.1,-15.2,-25.5,-18.8,-22.0
111.11,-12.0,-15.4,-27.3,-18.0,-22.2
111.12,-11.9,-15.4,-29.4,-18.2,-22.1
111.13,-11.8,-15.6,-31.2,-17.3,-22.4
111.14,-11.7,-15.2,-33.4,-17.4,-22.3
111.15,-11.6,-15.3,-34.5,-17.2,-22.6
111.16,-11.8,-16.0,-34.9,-17.2,-22.8
111.17,-12.3,-16.4,-34.6,-17.7,-23.1
111.18,-12.0,-16.3,-32.0,-17.2,-23.3
111.19,-12.3,-15.9,-28.2,-18.1,-23.3
111.20,-11.6,-14.6,-26.9,-17.9,-23.3
111.21,-11.1,-13.6,-23.3,-19.3,-23.6
111.22,-10.7,-13.1,-21.9,-20.5,-23.2
111.23,-10.7,-12.8,-21.6,-23.0,-22.7
111.24,-10.9,-13.1,-21.6,-26.6,-22.8
111.25,-11.3,-13.3,-22.3,-29.6,-22.6
111.26,-11.8,-13.6,-22.8,-33.3,-22.6
111.27,-12.2,-13.9,-22.9,-34.9,-22.6
111.28,-12.6,-14.0,-22.7,-37.9,-22.8
111.29,-12.4,-13.9,-22.2,-42.1,-22.9
111.30,-12.7,-14.1,-22.5,-44.0,-23.0
111.31,-13.0,-14.4,-23.0,-45.2,-23.2
111.32,-12.9,-14.4,-23.0,-45.9,-23.1
111.33,-13.0,-14.5,-23.0,-46.0,-23.6
111.34,-13.2,-14.5,-23.5,-44.5,-24.0
111.35,-13.1,-14.6,-22.8,-43.1,-24.4
111.36,-13.1,-15.0,-22.0,-42.9,-24.3
111.37,-13.1,-15.5,-21.1,-41.9,-23.9
111.38,-13.1,-16.1,-20.2,-39.3,-23.1
111.39,-11.6,-15.3,-19.1,-23.6,-22.6
111.40,-10.9,-14.2,-19.0,-22.2,-22.5
111.41,-10.3,-13.0,-18.6,-20.2,-22.2
111.42,-10.0,-12.3,-19.2,-18.9,-22.2
111.43,-9.9,-11.9,-19.2,-18.1,-22.2
111.44,-10.0,-11.5,-19.3,-17.8,-21.9
111.45,-9.5,-11.1,-19.0,-17.9,-21.4
111.46,-9.2,-11.5,-18.9,-17.5,-21.2
111.47,-9.3,-12.2,-18.4,-18.0,-21.2
111.48,-9.7,-13.4,-18.0,-17.7,-21.1
111.49,-11.1,-16.1,-17.7,-18.2,-21.4
111.50,-13.1,-23.1,-17.6,-18.6,-21.5
111.51,-13.7,-25.9,-17.9,-18.4,-21.6
111.52,-13.9,-25.7,-18.8,-18.8,-21.6
111.53,-13.1,-23.9,-19.3,-17.8,-21.9
111.54,-10.9,-20.4,-13.2,-18.6,-22.2
111.55,-9.1,-17.6,-11.4,-19.1,-22.1
111.56,-8.7,-15.6,-10.9,-20.4,-22.1
111.57,-8.0,-13.4,-10.4,-21.4,-22.2
111.58,-7.6,-12.3,-10.6,-21.8,-21.9
111.59,-8.3,-12.2,-12.7,-22.2,-21.5
111.60,-9.2,-12.4,-14.6,-22.3,-21.3
111.61,-9.8,-13.4,-15.1,-23.5,-21.4
111.62,-11.4,-14.8,-17.5,-25.7,-21.3
111.63,-12.6,-16.1,-18.6,-31.6,-21.4
111.64,-13.1,-16.3,-18.9,-37.9,-21.9
111.65,-13.1,-16.5,-19.1,-43.2,-21.9
111.66,-13.5,-16.8,-19.8,-44.9,-22.6
111.67,-13.4,-16.4,-19.9,-46.3,-22.8
111.68,-12.8,-15.7,-18.8,-47.3,-23.1
111.69,-13.1,-15.1,-20.9,-48.0,-23.3
111.70,-12.1,-14.4,-18.7,-49.0,-23.2
111.71,-10.2,-14.1,-13.6,-48.4,-22.8
111.72,-9.0,-13.7,-11.6,-48.2,-22.6
111.73,-8.6,-13.6,-11.1,-31.1,-22.6
111.74,-8.4,-13.5,-10.7,-29.1,-22.5
111.75,-8.1,-13.5,-10.7,-22.8,-22.0
111.76,-9.3,-13.7,-13.4,-21.2,-21.6
111.77,-10.1,-14.5,-15.0,-20.7,-21.3
111.78,-10.6,-15.5,-16.0,-19.4,-20.6
111.79,-11.5,-16.9,-17.7,-19.3,-20.4
111.80,-12.4,-18.6,-19.9,-19.1,-20.4
111.81,-12.5,-21.0,-20.2,-18.4,-20.2
111.82,-13.2,-27.3,-20.6,-18.3,-20.4
111.83,-13.3,-33.1,-20.0,-17.8,-20.4
111.84,-12.8,-37.3,-18.6,-17.5,-20.3
111.85,-12.7,-42.0,-17.9,-17.7,-20.5
111.86,-12.7,-36.9,-18.1,-17.5,-20.3
111.87,-12.7,-31.6,-18.4,-18.2,-20.3
111.88,-12.4,-29.1,-18.2,-18.7,-20.7
111.89,-12.8,-27.4,-18.9,-19.3,-20.8
111.90,-13.7,-22.4,-20.1,-21.3,-21.1
111.91,-13.6,-19.4,-20.4,-23.1,-21.4
111.92,-12.9,-17.0,-21.0,-24.5,-21.4
111.93,-13.1,-15.6,-22.2,-28.7,-21.9
111.94,-13.1,-15.1,-23.2,-32.1,-22.2
111.95,-13.4,-15.2,-23.6,-35.1,-22.3
111.96,-13.9,-15.9,-24.9,-41.7,-22.3
111.97,-14.7,-16.6,-26.6,-44.1,-21.9
111.98,-15.7,-17.7,-26.4,-46.8,-21.6
111.99,-15.9,-18.1,-26.9,-49.5,-21.5
112.00,-16.3,-18.7,-26.6,-48.2,-21.6
112.01,-15.8,-18.6,-26.5,-45.5,-21.9
112.02,-15.6,-18.2,-26.7,-45.3,-21.4
112.03,-15.2,-17.5,-27.6,-45.7,-21.2
112.04,-13.7,-15.4,-28.6,-45.7,-21.2
112.05,-11.9,-13.0,-29.7,-43.1,-20.8
112.06,-10.6,-11.8,-31.2,-22.7,-21.2
112.07,-9.9,-11.3,-32.0,-21.8,-20.4
112.08,-9.2,-11.0,-32.5,-18.8,-20.3
112.09,-9.2,-11.1,-32.5,-18.0,-20.5
112.10,-9.5,-11.7,-32.7,-17.6,-20.6
112.11,-9.8,-11.8,-32.8,-17.8,-20.9
112.12,-9.8,-11.7,-32.8,-17.8,-21.3
112.13,-10.0,-11.7,-33.0,-18.2,-21.5
112.14,-10.4,-12.3,-33.7,-17.9,-21.7
112.15,-11.1,-12.9,-34.6,-18.5,-21.9
112.16,-11.0,-13.3,-34.7,-17.6,-22.3
112.17,-11.4,-13.7,-35.5,-17.8,-22.9
112.18,-11.4,-14.0,-34.9,-17.6,-22.8
112.19,-11.8,-14.8,-34.9,-17.5,-23.1
112.20,-12.4,-16.1,-35.0,-17.6,-23.2
112.21,-12.9,-17.6,-34.9,-17.6,-23.3
112.22,-13.0,-17.8,-25.3,-18.1,-24.0
112.23,-10.3,-16.8,-14.6,-18.4,-24.7
112.24,-9.2,-15.5,-12.9,-18.4,-25.5
112.25,-9.0,-14.5,-12.3,-20.9,-25.6
112.26,-8.7,-13.8,-11.9,-21.5,-25.5
112.27,-9.0,-13.7,-12.2,-24.0,-25.1
112.28,-10.2,-13.8,-13.8,-29.5,-23.6
112.29,-11.0,-14.1,-15.2,-32.0,-23.1
112.30,-11.5,-14.6,-16.3,-38.2,-22.5
112.31,-11.9,-15.6,-16.1,-41.3,-22.3
112.32,-11.3,-16.0,-14.0,-46.8,-22.2
112.33,-10.6,-15.8,-13.0,-51.5,-22.1
112.34,-10.0,-14.9,-12.3,-51.6,-22.1
112.35,-9.3,-14.2,-11.7,-51.6,-22.1
112.36,-9.5,-13.8,-12.2,-52.0,-22.2
112.37,-10.5,-14.0,-13.8,-53.7,-22.2
112.38,-10.6,-13.9,-14.2,-56.8,-22.1
112.39,-10.6,-14.3,-14.1,-60.5,-22.6
112.40,-10.8,-14.5,-14.3,-43.2,-23.6
112.41,-10.7,-14.4,-14.4,-32.2,-23.5
112.42,-10.4,-14.3,-14.5,-25.1,-24.0
112.43,-11.0,-14.4,-15.2,-23.0,-23.9
112.44,-10.8,-14.2,-16.8,-20.8,-23.1
112.45,-11.1,-14.1,-18.1,-20.0,-22.8
112.46,-10.9,-13.8,-19.2,-19.1,-22.3
112.47,-10.9,-13.6,-20.4,-18.8,-22.2
112.48,-10.7,-13.6,-21.2,-18.3,-21.7
112.49,-10.7,-13.5,-22.2,-18.3,-21.8
112.50,-10.6,-13.4,-23.3,-17.8,-21.7
112.51,-10.9,-13.4,-24.9,-18.0,-22.1
112.52,-10.7,-13.3,-25.4,-17.6,-22.2
112.53,-11.1,-13.4,-26.3,-18.0,-22.7
112.54,-10.8,-13.4,-27.1,-17.3,-22.6
112.55,-11.0,-13.6,-27.6,-17.8,-22.2
112.56,-10.8,-13.7,-25.7,-17.4,-22.3
112.57,-10.5,-13.9,-18.1,-18.3,-22.3
112.58,-9.6,-14.2,-13.3,-19.3,-22.6
112.59,-8.9,-14.3,-12.0,-20.5,-22.8
112.60,-8.9,-14.7,-11.5,-19.3,-22.6
112.61,-8.6,-15.1,-11.1,-19.7,-22.6
112.62,-9.7,-15.5,-12.7,-18.4,-22.4
112.63,-10.3,-15.3,-14.8,-17.5,-22.4
112.64,-10.4,-15.7,-15.8,-17.5,-22.3
112.65,-11.2,-16.5,-17.1,-17.5,-22.5
112.66,-11.3,-17.5,-18.6,-17.1,-22.3
112.67,-11.9,-19.2,-20.1,-17.2,-22.5
112.68,-13.1,-23.0,-21.5,-16.8,-22.0
112.69,-13.5,-26.0,-22.2,-17.2,-22.0
112.70,-13.5,-32.8,-21.5,-16.5,-21.9
112.71,-14.2,-37.0,-21.2,-17.2,-22.3
112.72,-13.3,-29.7,-21.4,-16.6,-22.0
112.73,-13.9,-26.4,-21.7,-17.5,-22.3
112.74,-13.3,-21.8,-21.6,-17.2,-22.1
112.75,-13.2,-19.5,-21.7,-18.3,-22.3
112.76,-12.7,-18.2,-22.2,-18.4,-21.7
112.77,-12.1,-16.2,-22.7,-18.4,-22.2
112.78,-11.4,-14.5,-23.7,-18.3,-22.2
112.79,-11.7,-14.6,-25.3,-19.2,-22.7
112.80,-12.2,-14.8,-26.9,-19.7,-24.0
112.81,-12.9,-15.0,-28.5,-21.0,-25.3
112.82,-14.3,-16.2,-30.1,-25.1,-24.6
112.83,-15.0,-16.9,-32.8,-27.6,-23.8
112.84,-14.9,-16.7,-34.2,-31.2,-22.6
112.85,-14.6,-16.3,-35.5,-32.8,-21.8
112.86,-14.3,-16.2,-36.2,-33.5,-21.3
112.87,-14.6,-16.2,-35.9,-36.0,-21.9
112.88,-14.6,-16.2,-35.2,-36.1,-22.0
112.89,-14.1,-15.3,-35.5,-40.9,-23.1
112.90,-13.3,-14.3,-32.7,-41.1,-23.0
112.91,-12.0,-13.7,-21.0,-42.8,-23.6
112.92,-9.8,-13.1,-13.6,-42.1,-23.5
112.93,-9.1,-13.1,-12.0,-29.0,-23.5
112.94,-8.7,-13.5,-11.4,-26.5,-22.8
112.95,-8.6,-14.0,-11.1,-22.5,-23.4
112.96,-8.9,-14.7,-11.5,-20.7,-22.6
112.97,-9.7,-15.1,-13.6,-19.0,-22.3
112.98,-10.2,-15.0,-15.3,-18.2,-22.3
112.99,-10.5,-14.9,-16.8,-17.6,-22.4
113.00,-10.6,-14.6,-18.9,-17.4,-22.7
113.01,-11.4,-14.9,-21.3,-16.9,-23.3
113.02,-11.9,-15.6,-22.2,-17.4,-23.6
113.03,-12.1,-16.4,-22.7,-17.3,-23.7
113.04,-12.5,-17.9,-22.1,-17.5,-23.3
113.05,-13.0,-18.9,-22.2,-18.0,-23.3
113.06,-12.9,-19.4,-22.3,-18.0,-22.7
113.07,-12.0,-17.2,-23.5,-18.2,-22.6
113.08,-12.1,-16.1,-26.4,-18.4,-23.1
113.09,-12.1,-15.4,-29.1,-18.8,-22.8
113.10,-11.8,-14.8,-28.5,-19.9,-22.7
113.11,-12.0,-14.3,-27.0,-21.5,-22.9
113.12,-12.2,-14.5,-25.5,-24.0,-22.6
113.13,-12.5,-14.3,-24.7,-26.7,-22.5
113.14,-12.9,-14.3,-24.5,-31.0,-23.1
113.15,-13.0,-14.4,-24.9,-34.0,-22.6
113.16,-13.1,-14.4,-25.9,-34.8,-22.2
113.17,-12.9,-14.3,-27.3,-34.4,-22.0
113.18,-12.7,-14.4,-29.0,-35.5,-21.0
113.19,-13.0,-15.0,-31.2,-35.3,-20.0
113.20,-13.4,-15.5,-32.9,-36.1,-19.5
113.21,-13.9,-16.6,-32.9,-39.2,-19.4
113.22,-14.6,-17.8,-32.9,-40.3,-18.9
113.23,-14.2,-16.5,-32.7,-46.5,-19.1
113.24,-13.1,-14.8,-32.2,-51.8,-19.5
113.25,-12.3,-13.8,-28.6,-52.8,-20.1
113.26,-10.9,-13.2,-17.8,-47.6,-20.1
113.27,-9.6,-13.1,-13.3,-30.7,-21.5
113.28,-8.9,-13.4,-11.9,-28.4,-22.2
113.29,-8.6,-13.8,-11.3,-21.5,-23.6
113.30,-8.5,-14.2,-11.0,-20.8,-24.1
113.31,-9.2,-14.3,-12.5,-18.6,-23.9
113.32,-10.4,-14.6,-14.8,-18.1,-23.7
113.33,-11.0,-14.5,-16.2,-17.3,-24.0
113.34,-11.0,-14.4,-17.7,-17.8,-23.7
113.35,-11.4,-14.3,-19.5,-17.3,-23.6
113.36,-11.5,-14.4,-20.8,-17.8,-23.5
113.37,-11.4,-14.4,-21.4,-17.6,-23.4
113.38,-11.9,-14.7,-22.2,-17.8,-23.4
113.39,-11.7,-14.6,-21.3,-17.8,-23.1
113.40,-11.7,-15.0,-20.9,-17.6,-23.4
113.41,-11.8,-14.6,-20.9,-18.1,-23.1
113.42,-11.8,-14.6,-21.0,-17.9,-23.4
113.43,-11.6,-14.3,-20.8,-18.5,-23.6
113.44,-12.0,-14.5,-20.9,-19.4,-24.1
113.45,-12.2,-14.8,-21.3,-21.1,-23.5
113.46,-12.2,-14.8,-22.0,-22.2,-23.6
113.47,-12.6,-14.3,-23.1,-27.9,-23.3
113.48,-12.7,-14.2,-24.5,-30.9,-22.8
113.49,-12.6,-13.8,-25.6,-39.6,-22.3
113.50,-12.9,-14.0,-26.8,-45.1,-22.7
113.51,-13.6,-14.8,-28.3,-47.4,-22.7
113.52,-14.6,-16.3,-30.0,-47.9,-22.7
113.53,-16.1,-18.1,-32.6,-51.1,-23.0
113.54,-17.6,-21.3,-35.8,-53.2,-22.5
113.55,-17.4,-21.8,-39.2,-54.0,-22.2
113.56,-16.0,-18.9,-39.5,-55.7,-22.3
113.57,-13.4,-15.1,-38.8,-55.6,-22.1
113.58,-11.5,-12.5,-38.3,-56.0,-23.1
113.59,-10.5,-11.1,-36.4,-49.7,-23.5
113.60,-9.4,-10.3,-23.4,-47.0,-23.9
113.61,-8.2,-10.2,-13.8,-30.6,-24.3
113.62,-8.0,-10.7,-12.3,-29.0,-24.4
113.63,-7.8,-10.8,-11.7,-21.7,-24.3
113.64,-7.5,-10.6,-11.4,-20.8,-25.0
113.65,-7.5,-10.7,-12.0,-18.7,-25.0
113.66,-8.0,-10.3,-13.9,-18.3,-24.0
113.67,-7.9,-10.2,-15.7,-17.3,-23.9
113.68,-8.3,-10.2,-17.1,-17.9,-23.9
113.69,-8.3,-10.1,-19.1,-17.3,-23.3
113.70,-8.6,-10.4,-21.9,-17.6,-23.5
113.71,-8.6,-10.3,-23.0,-17.2,-24.0
113.72,-9.2,-10.6,-23.3,-17.4,-23.6
113.73,-9.5,-10.9,-22.4,-17.6,-24.0
113.74,-9.5,-11.1,-21.6,-17.2,-24.0
113.75,-9.7,-11.4,-21.4,-17.7,-23.5
113.76,-9.4,-11.2,-21.7,-17.5,-24.5
113.77,-8.8,-11.0,-18.0,-17.8,-25.0
113.78,-8.4,-11.4,-16.6,-17.5,-25.0
113.79,-8.1,-11.7,-16.2,-17.4,-25.0
113.80,-8.2,-11.9,-16.1,-17.4,-24.6
113.81,-8.3,-11.6,-16.5,-18.0,-24.1
113.82,-8.8,-11.8,-19.7,-17.1,-23.4
113.83,-9.5,-12.0,-21.0,-18.3,-23.1
113.84,-9.6,-12.3,-22.2,-17.7,-22.9
113.85,-10.1,-13.4,-22.5,-17.8,-22.4
113.86,-10.5,-14.4,-23.2,-17.9,-22.1
113.87,-10.9,-15.3,-24.6,-17.8,-22.2
113.88,-12.0,-16.5,-25.7,-17.8,-22.2
113.89,-12.5,-17.8,-27.3,-17.8,-23.0
113.90,-12.6,-18.9,-27.8,-17.4,-23.1
113.91,-13.2,-19.7,-28.2,-17.6,-23.5
113.92,-13.1,-19.8,-29.5,-17.6,-23.6
113.93,-12.8,-19.4,-30.6,-17.3,-23.8
113.94,-12.7,-19.0,-30.4,-17.4,-24.1
113.95,-12.3,-17.1,-25.3,-18.0,-24.5
113.96,-10.5,-16.1,-19.5,-17.7,-25.3
113.97,-9.9,-14.8,-18.0,-18.0,-25.8
113.98,-9.4,-13.1,-17.7,-18.4,-26.8
113.99,-8.9,-11.8,-17.4,-18.2,-27.9
114.00,-9.2,-11.2,-18.3,-18.6,-28.1
114.01,-9.3,-10.4,-20.7,-18.9,-28.4
114.02,-9.2,-10.3,-21.6,-19.7,-28.4
114.03,-9.8,-10.7,-22.1,-20.7,-28.0
114.04,-9.7,-10.7,-23.2,-21.1,-28.1
114.05,-10.0,-10.9,-23.7,-23.4,-27.4
114.06,-10.0,-11.1,-23.1,-24.7,-27.4
114.07,-10.1,-10.9,-22.8,-27.9,-27.7
114.08,-9.9,-10.8,-22.1,-31.0,-27.6
114.09,-9.8,-10.6,-21.9,-32.8,-27.9
114.10,-9.8,-10.5,-21.9,-35.3,-29.0
114.11,-9.9,-10.8,-19.9,-36.1,-28.7
114.12,-9.8,-11.2,-17.2,-37.2,-29.6
114.13,-10.3,-12.5,-16.3,-26.6,-29.4
114.14,-10.1,-13.5,-15.4,-24.5,-29.1
114.15,-10.1,-14.4,-15.0,-21.3,-27.8
114.16,-11.1,-15.3,-16.0,-20.5,-26.9
114.17,-11.7,-16.7,-16.9,-19.4,-26.4
114.18,-12.0,-19.0,-17.6,-18.9,-25.2
114.19,-13.3,-22.0,-18.2,-18.9,-24.4
114.20,-13.8,-26.4,-18.1,-18.9,-23.9
114.21,-13.1,-32.3,-18.0,-18.9,-22.5
114.22,-13.4,-35.4,-18.0,-18.9,-22.0
114.23,-14.1,-37.6,-17.9,-19.3,-21.0
114.24,-13.7,-38.2,-18.3,-20.1,-20.9
114.25,-14.2,-39.1,-18.9,-20.0,-20.7
114.26,-15.5,-39.7,-19.4,-20.6,-20.8
114.27,-15.1,-40.5,-20.2,-22.5,-20.8
114.28,-15.7,-42.5,-21.1,-22.3,-21.7
114.29,-15.1,-44.7,-18.0,-25.3,-22.0
114.30,-13.1,-46.0,-15.9,-24.8,-23.0
114.31,-11.9,-46.8,-15.0,-22.4,-23.2
114.32,-11.9,-46.7,-14.6,-22.2,-23.8
114.33,-10.8,-47.1,-14.2,-20.4,-23.7
114.34,-11.1,-47.0,-15.2,-20.0,-23.2
114.35,-11.4,-46.8,-15.8,-19.4,-23.1
114.36,-11.8,-47.0,-16.6,-19.7,-23.4
114.37,-11.5,-46.8,-16.4,-19.1,-23.7
114.38,-11.6,-47.1,-15.4,-19.3,-24.2
114.39,-11.1,-45.8,-15.0,-18.9,-24.9
114.40,-11.5,-41.3,-14.7,-19.5,-25.2
114.41,-11.5,-36.5,-14.7,-19.4,-25.3
114.42,-13.0,-32.2,-16.2,-20.9,-25.8
114.43,-13.2,-26.7,-17.5,-21.1,-25.8
114.44,-13.5,-22.4,-18.8,-22.7,-25.2
114.45,-13.4,-18.7,-20.0,-23.8,-25.4
114.46,-12.2,-16.1,-19.6,-26.0,-24.6
114.47,-9.9,-14.4,-13.8,-27.9,-24.6
114.48,-8.7,-12.9,-11.9,-33.5,-25.2
114.49,-8.1,-11.8,-11.6,-34.4,-25.0
114.50,-7.8,-11.2,-11.4,-33.9,-25.2
114.51,-7.9,-11.2,-11.5,-27.9,-25.0
114.52,-8.6,-11.3,-13.6,-27.3,-24.7
114.53,-9.4,-11.6,-15.3,-23.3,-24.5
114.54,-9.8,-12.2,-15.8,-22.8,-24.1
114.55,-10.3,-12.6,-17.0,-21.3,-23.7
114.56,-10.9,-12.8,-19.0,-20.5,-23.3
114.57,-11.2,-13.1,-20.5,-20.8,-22.9
114.58,-11.0,-13.1,-19.9,-20.3,-22.9
114.59,-11.0,-13.1,-19.8,-20.4,-22.8
114.60,-10.9,-13.3,-19.1,-21.0,-22.9
114.61,-11.0,-13.4,-18.3,-21.4,-22.9
114.62,-11.2,-13.8,-19.3,-21.5,-22.5
114.63,-11.2,-14.4,-19.6,-21.1,-22.7
114.64,-11.3,-15.0,-18.9,-21.0,-23.0
114.65,-11.3,-14.7,-19.0,-22.4,-22.7
114.66,-11.2,-13.9,-19.8,-22.5,-23.3
114.67,-11.0,-12.8,-20.3,-25.9,-23.6
114.68,-10.7,-12.2,-20.8,-28.1,-23.2
114.69,-10.9,-11.9,-22.5,-31.4,-23.6
114.70,-11.2,-12.1,-24.3,-36.8,-23.5
114.71,-11.8,-12.7,-24.8,-40.5,-23.5
114.72,-12.3,-13.2,-25.7,-47.1,-23.4
114.73,-12.8,-13.7,-26.4,-51.0,-23.4
114.74,-13.2,-14.3,-27.4,-53.0,-22.7
114.75,-13.8,-15.1,-27.4,-55.5,-22.3
114.76,-14.2,-15.9,-26.9,-57.9,-22.0
114.77,-14.4,-16.6,-27.2,-60.6,-21.3
114.78,-15.0,-17.6,-27.0,-60.8,-21.0
114.79,-15.1,-17.8,-26.9,-60.9,-21.0
114.80,-14.2,-17.5,-25.4,-55.3,-20.2
114.81,-14.1,-17.1,-24.4,-38.1,-20.4
114.82,-12.5,-15.9,-22.6,-21.7,-20.9
114.83,-11.9,-14.8,-21.7,-21.4,-21.4
114.84,-10.8,-13.6,-20.9,-18.7,-22.3
114.85,-10.5,-12.8,-21.0,-18.1,-23.3
114.86,-10.3,-12.2,-20.6,-18.3,-23.4
114.87,-9.8,-12.0,-20.9,-17.9,-23.4
114.88,-9.8,-12.1,-20.3,-18.0,-23.2
114.89,-9.9,-12.3,-20.4,-17.9,-23.4
114.90,-10.0,-12.3,-20.0,-18.0,-23.3
114.91,-10.2,-12.5,-19.8,-18.3,-23.1
114.92,-10.3,-12.7,-19.8,-18.0,-23.1
114.93,-10.5,-12.7,-20.0,-18.6,-23.1
114.94,-10.5,-12.9,-20.0,-17.9,-23.2
114.95,-10.8,-13.5,-20.2,-17.9,-23.5
114.96,-11.1,-13.8,-20.5,-18.1,-23.7
114.97,-11.2,-13.6,-20.7,-17.9,-24.1
114.98,-10.9,-13.3,-18.0,-18.6,-24.8
114.99,-9.5,-13.1,-13.9,-19.3,-25.4
115.00,-8.6,-12.6,-12.5,-19.3,-25.7
115.01,-8.6,-12.5,-11.9,-22.6,-25.7
115.02,-8.6,-12.8,-11.6,-22.6,-26.3
115.03,-8.9,-13.3,-12.0,-26.3,-26.0
115.04,-10.5,-14.2,-14.2,-28.1,-25.5
115.05,-11.9,-15.5,-15.6,-29.1,-25.2
115.06,-12.8,-17.6,-16.3,-37.1,-24.7
115.07,-12.9,-20.1,-14.9,-44.0,-24.7
115.08,-12.2,-22.5,-13.1,-46.4,-24.2
115.09,-11.6,-23.2,-12.4,-49.3,-23.6
115.10,-11.6,-24.2,-12.3,-52.4,-23.2
115.11,-11.7,-24.1,-12.5,-49.8,-22.2
115.12,-13.5,-23.4,-15.4,-44.3,-21.8
115.13,-14.4,-23.3,-17.4,-42.9,-21.4
115.14,-15.3,-23.3,-18.6,-42.7,-21.5
115.15,-13.4,-22.4,-16.4,-42.3,-22.0
115.16,-12.3,-19.3,-15.5,-42.4,-22.0
115.17,-11.3,-16.0,-15.4,-32.0,-22.1
115.18,-10.2,-13.9,-15.3,-27.9,-22.8
115.19,-9.7,-12.6,-15.6,-24.5,-22.5
115.20,-9.4,-11.8,-17.7,-21.6,-22.3
115.21,-9.3,-11.6,-18.6,-20.2,-22.0
115.22,-9.2,-11.8,-18.9,-18.5,-21.7
115.23,-9.4,-12.0,-20.0,-17.9,-21.8
115.24,-9.4,-12.3,-20.9,-17.2,-21.7
115.25,-9.9,-12.5,-22.2,-16.9,-22.3
115.26,-9.9,-12.4,-23.1,-16.9,-22.5
115.27,-10.3,-12.4,-25.4,-16.9,-22.7
115.28,-10.4,-12.4,-26.8,-17.0,-23.0
115.29,-10.5,-12.4,-27.3,-16.9,-23.0
115.30,-10.3,-12.5,-26.9,-17.1,-23.0
115.31,-10.6,-13.2,-28.3,-17.1,-22.9
115.32,-11.0,-14.2,-26.2,-17.4,-23.3
115.33,-10.2,-14.5,-17.1,-17.9,-23.8
115.34,-9.5,-14.5,-12.9,-19.8,-24.4
115.35,-9.1,-14.4,-11.9,-20.1,-25.5
115.36,-8.7,-13.7,-11.4,-19.9,-26.2
115.37,-8.3,-13.1,-11.1,-19.8,-26.8
115.38,-9.3,-13.1,-13.3,-18.1,-26.3
115.39,-9.8,-13.2,-15.4,-17.6,-26.4
115.40,-10.0,-13.4,-16.3,-17.3,-26.5
115.41,-10.7,-13.4,-17.8,-17.3,-26.9
115.42,-10.7,-13.2,-19.6,-17.0,-27.4
115.43,-10.8,-13.0,-20.5,-17.1,-27.4
115.44,-11.0,-12.9,-21.4,-16.8,-26.3
115.45,-10.7,-12.8,-21.8,-16.8,-26.0
115.46,-10.3,-12.5,-21.1,-16.5,-26.0
115.47,-9.9,-12.0,-20.7,-16.7,-25.4
115.48,-9.4,-11.5,-21.0,-16.5,-25.3
115.49,-9.4,-11.2,-21.6,-16.9,-25.4
115.50,-9.4,-11.1,-21.1,-16.9,-25.4
115.51,-9.4,-11.0,-20.9,-17.6,-25.0
115.52,-9.4,-11.3,-21.4,-17.5,-24.9
115.53,-9.7,-11.3,-21.8,-18.6,-25.5
115.54,-9.8,-11.2,-22.5,-19.4,-25.5
115.55,-9.9,-11.2,-23.3,-21.5,-25.1
115.56,-10.2,-11.3,-24.1,-23.4,-24.9
115.57,-10.6,-11.6,-23.4,-27.7,-24.8
115.58,-10.4,-11.8,-22.3,-32.3,-23.7
115.59,-10.7,-12.1,-21.8,-35.8,-23.9
115.60,-11.0,-12.4,-21.9,-37.5,-24.6
115.61,-11.2,-12.6,-22.0,-38.2,-24.2
115.62,-11.6,-13.1,-22.0,-39.3,-24.1
115.63,-12.3,-13.9,-22.6,-48.5,-24.0
115.64,-12.9,-15.0,-22.7,-49.3,-23.4
115.65,-13.5,-16.0,-22.5,-49.9,-23.3
115.66,-14.0,-16.3,-22.9,-50.3,-23.4
115.67,-13.1,-15.5,-21.1,-50.0,-23.5
115.68,-10.1,-14.5,-13.0,-45.9,-24.2
115.69,-9.0,-13.6,-11.7,-27.8,-24.5
115.70,-8.4,-12.9,-11.2,-24.3,-24.6
115.71,-8.1,-12.7,-10.8,-22.8,-24.8
115.72,-8.4,-12.8,-11.5,-20.4,-24.5
115.73,-9.4,-12.8,-13.5,-19.3,-23.6
115.74,-9.3,-12.8,-14.9,-18.3,-23.3
115.75,-10.0,-13.0,-16.2,-18.2,-22.9
115.76,-10.2,-13.4,-18.6,-17.0,-22.6
115.77,-10.7,-13.9,-20.9,-17.3,-22.5
115.78,-10.6,-14.6,-21.5,-17.0,-22.1
115.79,-11.6,-15.6,-22.5,-16.9,-22.1
115.80,-11.5,-16.4,-22.4,-17.0,-21.6
115.81,-11.2,-15.9,-20.5,-16.9,-21.8
115.82,-11.0,-14.8,-20.2,-17.5,-21.7
115.83,-10.7,-14.1,-20.8,-17.3,-22.2
115.84,-10.7,-13.4,-20.8,-18.4,-22.2
115.85,-10.3,-12.9,-21.1,-18.4,-23.0
115.86,-10.6,-12.6,-22.1,-19.8,-23.4
115.87,-10.9,-12.7,-22.7,-20.9,-23.7
115.88,-11.2,-12.6,-23.2,-24.3,-23.2
115.89,-11.2,-12.5,-24.5,-26.3,-23.1
115.90,-11.4,-12.4,-26.0,-31.9,-22.5
115.91,-11.0,-12.0,-27.4,-35.2,-22.5
115.92,-11.5,-12.5,-29.9,-36.3,-22.1
115.93,-12.3,-13.4,-31.4,-37.2,-22.7
115.94,-13.4,-15.0,-32.0,-40.6,-21.6
115.95,-16.0,-18.3,-33.0,-44.1,-22.1
115.96,-18.4,-23.9,-33.3,-44.9,-21.9
115.97,-19.7,-27.2,-33.5,-44.6,-21.9
115.98,-20.0,-28.5,-33.9,-45.1,-22.0
115.99,-20.2,-28.5,-32.5,-47.0,-22.2
116.00,-19.0,-23.4,-33.2,-46.4,-22.4
116.01,-15.0,-17.7,-24.7,-44.7,-22.5
116.02,-10.8,-14.9,-15.6,-38.5,-22.7
116.03,-9.4,-13.3,-13.1,-26.6,-23.2
116.04,-8.4,-12.4,-12.4,-22.9,-23.5
116.05,-8.0,-12.0,-11.9,-21.4,-24.0
116.06,-8.2,-12.4,-11.9,-19.3,-24.4
116.07,-9.5,-12.8,-14.1,-19.3,-23.8
116.08,-10.0,-13.5,-15.8,-18.0,-22.8
116.09,-10.6,-13.7,-16.9,-18.4,-22.4
116.10,-10.8,-13.8,-18.3,-17.7,-21.9
116.11,-11.1,-14.1,-20.4,-17.7,-21.5
116.12,-11.7,-15.0,-22.8,-17.4,-21.1
116.13,-11.8,-16.1,-23.1,-17.3,-21.3
116.14,-12.6,-18.2,-22.1,-17.7,-20.9
116.15,-12.8,-21.7,-22.2,-17.0,-21.4
116.16,-13.6,-24.9,-22.1,-17.8,-21.2
116.17,-13.1,-22.6,-22.2,-16.9,-21.7
116.18,-11.9,-16.8,-23.7,-17.5,-21.9
116.19,-11.1,-14.6,-26.3,-17.0,-22.4
116.20,-10.7,-13.6,-26.4,-17.5,-22.4
116.21,-10.1,-12.8,-25.1,-17.7,-22.4
116.22,-10.3,-12.5,-24.3,-19.1,-22.7
116.23,-10.8,-12.9,-23.8,-21.2,-22.3
116.24,-11.0,-12.8,-23.8,-22.4,-23.0
116.25,-11.1,-12.5,-24.6,-26.2,-23.2
116.26,-11.0,-12.3,-25.2,-27.3,-23.8
116.27,-11.2,-12.3,-26.7,-27.4,-23.6
116.28,-11.4,-12.6,-27.5,-28.2,-23.8
116.29,-11.9,-13.2,-28.5,-29.1,-23.7
116.30,-12.1,-13.5,-27.5,-29.2,-23.8
116.31,-12.5,-13.7,-28.1,-30.9,-23.7
116.32,-12.6,-13.9,-27.2,-31.8,-24.0
116.33,-12.6,-13.7,-27.1,-33.4,-24.2
116.34,-12.3,-13.4,-26.9,-34.5,-23.7
116.35,-12.4,-13.7,-25.4,-35.9,-23.8
116.36,-12.0,-14.2,-18.0,-37.7,-24.1
116.37,-10.7,-15.2,-13.4,-24.4,-24.0
116.38,-9.6,-16.7,-12.0,-21.0,-23.8
116.39,-9.6,-19.7,-11.4,-19.0,-23.9
116.40,-9.3,-21.5,-11.0,-17.9,-23.1
116.41,-9.3,-22.6,-11.8,-17.0,-22.3
116.42,-10.3,-23.8,-14.3,-16.5,-21.4
116.43,-10.7,-25.1,-15.9,-17.0,-21.0
116.44,-11.2,-25.6,-17.0,-16.3,-21.0
116.45,-10.4,-26.1,-15.7,-16.6,-21.1
116.46,-10.1,-25.8,-13.9,-15.8,-21.8
116.47,-9.7,-25.7,-13.2,-16.2,-22.4
116.48,-9.9,-25.5,-12.9,-16.2,-22.5
116.49,-10.2,-25.4,-13.0,-16.3,-22.5
116.50,-12.2,-24.8,-15.6,-16.5,-22.0
116.51,-11.9,-24.0,-17.1,-16.4,-22.0
116.52,-12.4,-22.4,-18.1,-17.1,-21.7
116.53,-11.0,-17.8,-16.6,-17.5,-22.0
116.54,-10.5,-15.0,-16.0,-18.9,-22.4
116.55,-9.9,-13.3,-16.1,-19.9,-23.2
116.56,-9.5,-12.3,-16.2,-20.6,-24.1
116.57,-9.2,-11.7,-16.6,-20.2,-24.5
116.58,-9.6,-11.8,-18.6,-19.2,-24.8
116.59,-9.5,-12.0,-19.2,-18.4,-24.7
116.60,-9.9,-12.3,-20.4,-18.4,-24.9
116.61,-10.2,-12.5,-21.5,-18.2,-24.9
116.62,-10.5,-12.6,-22.5,-19.4,-24.7
116.63,-10.4,-12.8,-24.0,-18.0,-24.9
116.64,-10.6,-13.1,-25.0,-18.0,-25.3
116.65,-10.7,-13.0,-26.9,-17.7,-25.5
116.66,-10.6,-12.8,-27.8,-17.6,-25.7
116.67,-10.7,-12.7,-28.6,-18.0,-26.2
116.68,-10.6,-12.6,-29.6,-17.3,-26.2
116.69,-10.7,-12.6,-31.4,-18.2,-25.7
116.70,-10.7,-12.9,-29.1,-17.1,-25.6
116.71,-10.9,-13.2,-29.1,-17.5,-25.4
116.72,-11.4,-14.0,-27.8,-17.7,-24.8
116.73,-11.7,-14.7,-26.5,-18.5,-24.5
116.74,-12.5,-16.4,-26.3,-19.7,-23.8
116.75,-13.1,-17.8,-26.8,-20.6,-22.8
116.76,-14.2,-19.6,-27.2,-23.4,-22.1
116.77,-15.0,-20.4,-28.2,-25.8,-21.9
116.78,-15.3,-19.8,-28.2,-29.4,-22.0
116.79,-15.3,-18.8,-28.3,-33.5,-22.0
116.80,-14.5,-17.0,-27.2,-36.1,-22.6
116.81,-13.4,-15.0,-26.3,-37.9,-23.2
116.82,-12.4,-13.6,-26.6,-40.2,-23.5
116.83,-11.9,-12.9,-26.7,-41.2,-23.7
116.84,-11.5,-12.3,-27.2,-41.7,-23.4
116.85,-11.4,-12.2,-28.8,-40.8,-23.6
116.86,-11.7,-12.6,-28.9,-37.7,-23.6
116.87,-11.7,-12.8,-25.2,-35.6,-23.7
116.88,-11.4,-12.7,-24.2,-33.2,-23.7
116.89,-10.8,-12.6,-21.3,-29.1,-24.0
116.90,-10.6,-12.7,-20.4,-26.7,-24.1
116.91,-10.2,-12.8,-19.3,-23.4,-23.9
116.92,-10.1,-12.7,-19.8,-21.9,-23.2
116.93,-10.1,-12.9,-19.9,-21.2,-22.8
116.94,-10.2,-13.3,-21.1,-19.6,-22.6
116.95,-10.6,-13.5,-21.3,-20.0,-22.5
116.96,-10.6,-13.8,-21.5,-19.1,-22.8
116.97,-10.9,-14.6,-21.3,-19.2,-23.0
116.98,-11.1,-15.9,-20.4,-18.7,-22.9
116.99,-11.9,-17.9,-19.8,-18.6,-22.5
117.00,-13.0,-21.3,-19.1,-19.1,-22.4
117.01,-13.3,-27.1,-17.8,-18.0,-22.0
117.02,-13.9,-34.5,-16.7,-18.8,-21.9
117.03,-13.5,-38.2,-16.5,-17.5,-22.1
117.04,-13.0,-39.0,-16.3,-17.9,-22.0
117.05,-12.0,-39.1,-16.3,-17.4,-22.2
117.06,-11.7,-38.9,-17.2,-17.9,-22.4
117.07,-11.9,-37.7,-18.3,-18.5,-22.3
117.08,-12.6,-36.3,-19.7,-18.9,-22.3
117.09,-14.2,-34.7,-21.9,-20.6,-22.1
117.10,-14.7,-33.5,-23.1,-21.0,-21.7
117.11,-14.1,-32.0,-21.6,-21.8,-21.4
117.12,-13.7,-30.6,-20.2,-22.6,-20.9
117.13,-13.9,-29.9,-19.0,-24.4,-20.9
117.14,-13.7,-29.4,-18.5,-25.5,-20.8
117.15,-13.8,-29.7,-18.7,-26.3,-20.7
117.16,-14.3,-30.7,-19.2,-28.0,-20.9
117.17,-15.0,-32.5,-20.4,-28.0,-21.4
117.18,-15.7,-35.6,-21.8,-27.9,-22.0
117.19,-16.0,-40.0,-22.8,-27.4,-22.3
117.20,-16.1,-44.4,-22.8,-26.4,-22.9
117.21,-15.8,-45.5,-21.8,-26.3,-23.4
117.22,-14.6,-37.4,-18.8,-27.0,-23.2
117.23,-11.7,-32.8,-13.0,-27.8,-23.4
117.24,-10.3,-22.8,-11.7,-29.1,-23.0
117.25,-9.3,-16.8,-11.1,-28.3,-23.3
117.26,-8.5,-14.0,-10.9,-26.1,-22.9
117.27,-8.0,-12.6,-11.4,-22.2,-22.8
117.28,-8.1,-11.4,-13.2,-21.8,-22.5
117.29,-8.6,-11.1,-14.7,-21.7,-22.5
117.30,-9.2,-11.3,-16.5,-21.4,-22.5
117.31,-9.4,-11.6,-17.6,-22.2,-22.8
117.32,-10.3,-12.7,-19.4,-21.8,-22.8
117.33,-11.4,-14.3,-21.2,-21.2,-22.3
117.34,-12.3,-16.4,-21.7,-20.3,-22.0
117.35,-12.9,-21.3,-20.3,-19.8,-21.6
117.36,-14.1,-29.2,-20.6,-20.0,-21.3
117.37,-13.9,-30.6,-20.9,-19.1,-21.4
117.38,-13.7,-27.5,-21.3,-18.8,-21.3
117.39,-14.1,-25.0,-24.6,-19.5,-21.4
117.40,-13.6,-19.6,-26.6,-20.1,-21.6
117.41,-12.4,-15.6,-26.1,-21.6,-21.9
117.42,-11.8,-13.9,-25.1,-24.0,-21.9
117.43,-11.1,-12.7,-24.3,-26.8,-22.1
117.44,-10.3,-11.8,-23.1,-28.2,-22.1
117.45,-10.5,-11.6,-24.1,-32.3,-22.0
117.46,-10.8,-11.9,-23.0,-37.6,-22.4
117.47,-10.9,-12.2,-23.2,-38.4,-21.4
117.48,-11.4,-12.6,-23.2,-38.2,-20.5
117.49,-11.9,-13.4,-23.4,-40.4,-20.2
117.50,-12.5,-14.2,-23.4,-41.3,-19.8
117.51,-13.1,-15.2,-24.4,-40.9,-19.7
117.52,-13.9,-16.7,-24.5,-41.8,-19.6
117.53,-14.9,-18.6,-25.0,-42.7,-19.4
117.54,-15.7,-21.2,-25.2,-43.1,-19.6
117.55,-16.5,-24.4,-25.9,-44.9,-19.1
117.56,-16.4,-27.6,-24.2,-38.5,-19.4
117.57,-15.1,-25.3,-24.2,-28.9,-19.5
117.58,-13.1,-18.3,-24.8,-24.2,-19.5
117.59,-11.9,-15.0,-25.4,-23.2,-20.5
117.60,-10.4,-13.1,-25.3,-20.7,-20.1
117.61,-10.0,-12.0,-26.9,-20.2,-19.9
117.62,-9.7,-11.7,-24.5,-19.6,-19.8
117.63,-9.8,-12.1,-23.1,-19.4,-19.7
117.64,-10.2,-12.7,-22.4,-19.7,-19.7
117.65,-10.3,-14.1,-21.3,-18.8,-19.9
117.66,-10.6,-15.6,-21.0,-18.8,-19.7
117.67,-11.2,-17.3,-20.8,-18.7,-19.5
117.68,-11.8,-20.2,-20.5,-18.3,-19.3
117.69,-12.7,-27.6,-19.9,-18.6,-19.4
117.70,-13.1,-30.5,-20.0,-18.2,-19.4
117.71,-13.4,-28.8,-20.0,-18.1,-19.6
117.72,-13.0,-26.5,-19.9,-18.5,-20.0
117.73,-12.4,-24.7,-20.1,-18.3,-20.4
117.74,-12.1,-21.5,-17.1,-19.5,-20.8
117.75,-10.1,-17.7,-13.6,-20.2,-22.1
117.76,-9.3,-15.5,-12.4,-20.7,-23.1
117.77,-9.2,-14.3,-12.0,-23.8,-24.3
117.78,-8.9,-13.3,-11.8,-25.0,-24.9
117.79,-9.2,-12.9,-12.5,-29.7,-25.1
117.80,-10.4,-13.3,-14.7,-33.7,-25.0
117.81,-11.2,-14.0,-16.0,-38.8,-24.3
117.82,-12.1,-15.1,-17.2,-39.5,-23.5
117.83,-12.3,-16.8,-15.8,-43.1,-23.1
117.84,-11.2,-19.0,-13.3,-45.9,-22.7
117.85,-11.2,-21.0,-12.7,-43.8,-22.1
117.86,-11.0,-22.0,-12.0,-43.5,-23.0
117.87,-10.5,-21.8,-11.5,-43.6,-22.2
117.88,-12.0,-21.2,-13.3,-44.7,-21.9
117.89,-12.7,-20.7,-14.4,-47.7,-22.1
117.90,-12.3,-19.5,-14.6,-52.5,-21.7
117.91,-12.1,-19.3,-14.3,-51.0,-21.9
117.92,-11.6,-17.2,-14.2,-41.2,-22.6
117.93,-10.5,-14.8,-14.5,-29.2,-22.5
117.94,-9.9,-13.5,-14.8,-25.4,-23.2
117.95,-9.8,-12.3,-16.4,-23.0,-23.5
117.96,-9.5,-11.6,-18.5,-21.2,-22.5
117.97,-9.6,-11.7,-19.4,-20.1,-22.3
117.98,-10.1,-12.2,-20.3,-19.6,-21.6
117.99,-10.7,-13.6,-21.3,-18.7,-21.1
118.00,-11.4,-15.6,-21.3,-18.6,-20.7
118.01,-12.4,-18.2,-22.3,-18.2,-20.9
118.02,-13.0,-22.5,-23.7,-17.9,-20.7
118.03,-13.5,-29.3,-24.1,-17.7,-21.0
118.04,-13.6,-34.2,-25.1,-17.5,-21.2
118.05,-13.8,-36.6,-25.8,-17.4,-21.4
118.06,-13.3,-32.0,-25.3,-17.2,-21.4
118.07,-12.8,-21.8,-25.8,-17.2,-21.7
118.08,-12.2,-18.7,-23.2,-17.2,-22.0
118.09,-10.2,-16.1,-15.5,-17.5,-22.6
118.10,-9.2,-13.8,-13.0,-17.9,-23.3
118.11,-8.4,-12.6,-12.2,-18.1,-24.1
118.12,-8.0,-12.2,-11.7,-18.8,-23.8
118.13,-7.9,-12.0,-11.7,-19.0,-23.7
118.14,-8.9,-12.5,-13.6,-19.1,-23.2
118.15,-9.7,-13.4,-15.2,-18.8,-23.2
118.16,-10.5,-14.7,-16.1,-18.8,-23.1
118.17,-11.7,-16.5,-17.8,-18.3,-23.0
118.18,-11.8,-18.9,-19.3,-18.2,-22.1
118.19,-12.7,-22.6,-22.2,-17.8,-22.0
118.20,-13.5,-28.1,-23.0,-17.9,-21.6
118.21,-13.1,-32.6,-22.0,-17.8,-21.6
118.22,-13.0,-36.1,-21.2,-17.7,-21.3
118.23,-13.1,-37.6,-20.6,-17.7,-21.4
118.24,-12.6,-28.8,-21.1,-17.7,-20.9
118.25,-12.1,-20.1,-21.2,-17.8,-21.1
118.26,-11.6,-16.8,-21.0,-18.5,-21.5
118.27,-11.1,-14.5,-21.9,-18.6,-22.0
118.28,-10.6,-13.1,-21.5,-20.2,-22.7
118.29,-10.1,-12.3,-21.4,-20.2,-23.2
118.30,-10.0,-11.9,-21.8,-21.5,-23.0
118.31,-9.9,-11.7,-21.9,-22.6,-23.4
118.32,-10.2,-11.7,-22.8,-24.5,-23.2
118.33,-10.7,-11.8,-26.0,-26.1,-23.8
118.34,-11.8,-12.8,-26.6,-32.3,-24.7
118.35,-13.2,-14.3,-28.4,-35.3,-24.9
118.36,-14.9,-16.1,-29.3,-39.3,-25.7
118.37,-18.0,-20.6,-29.3,-41.0,-25.1
118.38,-20.3,-28.1,-27.9,-46.9,-24.4
118.39,-20.3,-33.6,-27.0,-50.0,-23.4
118.40,-20.2,-36.7,-27.3,-53.6,-22.4
118.41,-19.8,-35.9,-26.9,-54.1,-22.1
118.42,-17.4,-25.5,-22.8,-54.3,-21.7
118.43,-13.8,-19.0,-17.4,-54.4,-22.0
118.44,-11.0,-16.0,-13.6,-49.5,-22.5
118.45,-9.5,-14.4,-12.2,-32.3,-22.9
118.46,-8.8,-13.3,-11.7,-23.7,-23.1
118.47,-8.4,-12.7,-11.5,-22.9,-23.5
118.48,-8.6,-12.7,-12.3,-19.7,-23.0
118.49,-9.1,-12.8,-14.2,-19.3,-23.1
118.50,-9.4,-12.8,-15.9,-18.1,-22.9
118.51,-9.7,-12.9,-16.7,-18.4,-23.5
118.52,-9.0,-13.2,-15.1,-17.8,-24.2
118.53,-9.0,-13.4,-13.7,-18.6,-25.0
118.54,-8.7,-13.8,-12.8,-18.0,-25.3
118.55,-8.8,-14.3,-12.4,-19.0,-24.9
118.56,-8.9,-14.8,-12.0,-18.1,-24.3
118.57,-10.1,-14.8,-13.8,-19.1,-23.7
118.58,-10.1,-14.3,-14.9,-18.2,-23.6
118.59,-10.4,-13.6,-15.5,-19.1,-23.3
118.60,-9.6,-12.8,-15.5,-18.4,-24.1
118.61,-9.2,-12.1,-15.6,-19.1,-24.9
118.62,-9.1,-11.5,-16.1,-18.9,-26.0
118.63,-8.8,-11.4,-16.1,-19.7,-27.0
118.64,-9.1,-11.1,-17.0,-20.1,-28.6
118.65,-9.1,-10.9,-18.2,-21.7,-28.9
118.66,-9.5,-11.1,-18.5,-23.1,-29.2
118.67,-10.2,-11.6,-19.3,-26.4,-29.0
118.68,-10.5,-12.2,-18.7,-28.6,-28.7
118.69,-10.3,-13.1,-15.2,-36.6,-27.9
118.70,-10.0,-14.4,-12.6,-30.0,-26.8
118.71,-9.3,-15.3,-11.5,-28.4,-25.0
118.72,-9.3,-16.1,-11.0,-27.0,-23.6
118.73,-9.0,-16.5,-10.6,-26.6,-22.8
118.74,-10.2,-16.2,-12.5,-24.5,-21.9
118.75,-10.4,-16.0,-14.0,-24.4,-21.5
118.76,-11.2,-15.7,-15.5,-24.2,-21.7
118.77,-11.2,-15.3,-16.5,-22.9,-21.7
118.78,-10.3,-15.0,-14.0,-23.1,-21.5
118.79,-9.8,-15.3,-12.8,-20.8,-21.3
118.80,-9.2,-15.4,-12.1,-20.1,-20.6
118.81,-8.9,-15.4,-11.7,-19.4,-20.0
118.82,-8.9,-16.0,-11.7,-18.6,-19.7
118.83,-9.7,-16.7,-13.3,-18.6,-19.1
118.84,-10.2,-17.4,-14.1,-19.0,-18.9
118.85,-10.9,-18.3,-14.9,-19.2,-19.0
118.86,-11.1,-18.9,-14.7,-20.2,-19.3
118.87,-10.9,-18.6,-13.4,-20.6,-19.2
118.88,-10.0,-18.3,-13.0,-19.4,-19.7
118.89,-10.1,-17.8,-12.7,-19.6,-19.8
118.90,-9.9,-16.9,-12.4,-18.7,-20.1
118.91,-9.6,-16.4,-12.9,-18.2,-20.1
118.92,-9.8,-16.0,-14.2,-18.0,-20.2
118.93,-10.8,-15.8,-15.6,-18.2,-20.1
118.94,-10.3,-15.7,-15.8,-18.2,-20.2
118.95,-10.8,-15.5,-14.9,-18.5,-20.4
118.96,-10.4,-14.9,-14.3,-18.7,-21.0
118.97,-9.2,-14.3,-13.1,-19.3,-22.0
118.98,-9.0,-13.6,-12.4,-20.0,-23.1
118.99,-8.8,-13.2,-12.5,-21.7,-24.1
119.00,-9.1,-12.6,-13.9,-23.0,-24.6
119.01,-9.5,-12.4,-14.8,-25.6,-24.8
119.02,-9.6,-12.2,-15.2,-29.4,-24.7
119.03,-10.2,-12.4,-17.3,-30.5,-24.1
119.04,-10.6,-12.9,-17.9,-32.5,-23.8
119.05,-11.5,-14.2,-18.2,-33.1,-23.2
119.06,-12.8,-16.0,-18.8,-36.5,-22.6
119.07,-13.5,-18.6,-18.4,-35.8,-21.7
119.08,-14.2,-22.7,-17.9,-34.1,-21.1
119.09,-14.5,-31.1,-16.9,-33.9,-20.6
119.10,-13.9,-34.3,-16.9,-29.6,-20.3
119.11,-13.1,-36.1,-16.0,-28.7,-20.7
119.12,-12.5,-28.2,-14.8,-26.8,-21.2
119.13,-10.9,-18.8,-14.5,-24.8,-21.5
119.14,-10.3,-15.2,-15.3,-22.3,-22.2
119.15,-9.6,-13.4,-15.1,-21.9,-22.8
119.16,-9.1,-12.0,-17.3,-20.0,-22.5
119.17,-8.7,-11.1,-17.9,-19.8,-22.6
119.18,-8.7,-11.2,-17.3,-20.3,-22.1
119.19,-8.6,-11.3,-17.1,-20.4,-21.9
119.20,-8.7,-11.2,-17.2,-21.1,-21.6
119.21,-9.0,-11.3,-17.4,-22.7,-21.6
119.22,-9.4,-11.5,-19.1,-22.6,-21.6
119.23,-9.7,-11.6,-19.9,-22.5,-21.7
119.24,-10.1,-11.8,-20.0,-23.2,-21.8
119.25,-10.1,-12.0,-19.6,-23.0,-22.0
119.26,-10.1,-12.3,-18.9,-23.1,-22.2
119.27,-10.2,-12.5,-18.4,-23.5,-22.2
119.28,-10.1,-12.4,-18.3,-24.7,-22.2
119.29,-10.3,-12.5,-18.7,-25.3,-22.3
119.30,-10.5,-12.4,-19.2,-27.2,-22.5
119.31,-10.5,-12.2,-19.4,-28.4,-23.1
119.32,-10.8,-12.5,-19.8,-28.5,-23.4
119.33,-11.0,-12.9,-19.8,-28.1,-23.6
119.34,-11.3,-13.3,-19.9,-27.5,-24.2
119.35,-11.9,-14.2,-20.2,-27.1,-24.1
119.36,-12.5,-14.8,-20.3,-27.2,-23.8
119.37,-12.5,-16.0,-19.9,-26.4,-23.1
119.38,-13.3,-18.3,-19.7,-26.7,-22.4
119.39,-14.0,-20.8,-19.8,-28.6,-21.7
119.40,-14.9,-23.7,-20.4,-29.7,-20.9
119.41,-15.2,-27.1,-21.1,-30.0,-20.5
119.42,-17.0,-29.9,-22.5,-34.5,-20.7
119.43,-16.9,-32.9,-23.3,-33.7,-20.7
119.44,-17.4,-35.4,-24.1,-33.1,-20.8
119.45,-17.5,-35.8,-25.1,-33.8,-21.3
119.46,-16.4,-36.0,-19.9,-35.9,-21.5
119.47,-12.4,-37.3,-13.2,-27.7,-22.0
119.48,-9.9,-39.5,-11.5,-21.1,-21.9
119.49,-9.5,-42.4,-11.0,-19.8,-22.5
119.50,-8.9,-43.6,-10.5,-18.7,-22.5
119.51,-9.0,-44.7,-11.0,-17.7,-22.0
119.52,-10.1,-44.5,-12.9,-17.6,-21.6
119.53,-11.3,-45.1,-14.2,-18.5,-21.5
119.54,-11.3,-45.3,-15.0,-17.9,-20.9
119.55,-13.0,-45.6,-16.9,-18.6,-20.9
119.56,-13.2,-46.2,-19.4,-18.3,-21.0
119.57,-13.7,-47.1,-21.3,-18.5,-20.9
119.58,-14.6,-48.5,-21.6,-19.2,-21.2
119.59,-14.6,-49.6,-20.6,-19.7,-21.9
119.60,-14.5,-49.9,-20.1,-19.6,-22.7
119.61,-14.8,-50.4,-19.5,-20.4,-22.9
119.62,-14.8,-51.5,-19.3,-20.7,-23.3
119.63,-14.6,-51.4,-18.4,-21.8,-23.5
119.64,-11.8,-52.1,-14.7,-22.1,-23.2
119.65,-10.1,-52.7,-12.0,-23.4,-22.9
119.66,-10.2,-53.2,-11.4,-25.2,-22.4
119.67,-9.6,-53.8,-11.0,-24.7,-21.9
119.68,-9.5,-54.0,-10.8,-25.2,-21.5
119.69,-11.5,-54.0,-12.8,-25.4,-20.7
119.70,-12.6,-53.1,-14.5,-25.3,-20.5
119.71,-13.6,-52.9,-15.6,-28.3,-20.2
119.72,-14.4,-52.0,-17.1,-29.1,-20.0
119.73,-15.0,-51.2,-18.9,-28.6,-19.7
119.74,-15.8,-50.3,-20.5,-29.3,-19.7
119.75,-16.2,-50.0,-21.7,-28.5,-19.5
119.76,-16.0,-50.0,-20.7,-28.6,-19.9
119.77,-15.9,-50.6,-20.0,-29.1,-20.0
119.78,-16.2,-52.2,-19.6,-30.6,-20.3
119.79,-16.2,-53.4,-19.4,-31.0,-20.4
119.80,-16.1,-55.2,-18.8,-32.1,-21.1
119.81,-13.0,-55.7,-15.0,-28.8,-21.5
119.82,-10.6,-56.7,-12.6,-24.4,-22.8
119.83,-9.8,-57.0,-11.8,-21.1,-22.4
119.84,-9.5,-57.3,-11.3,-20.3,-22.7
119.85,-8.9,-57.6,-11.0,-20.0,-22.4
119.86,-9.4,-52.5,-11.9,-18.9,-21.7
119.87,-12.0,-49.3,-14.0,-19.5,-21.5
119.88,-12.1,-43.9,-14.8,-20.6,-21.8
119.89,-13.1,-35.6,-16.6,-19.8,-21.7
119.90,-13.8,-28.3,-18.9,-20.2,-21.5
119.91,-14.3,-23.6,-20.1,-20.7,-21.4
119.92,-13.3,-19.4,-20.9,-21.0,-21.2
119.93,-12.5,-16.7,-20.8,-22.9,-21.0
119.94,-11.8,-14.4,-20.2,-24.1,-20.8
119.95,-11.0,-12.8,-19.9,-25.0,-20.8
119.96,-9.8,-11.4,-20.1,-30.0,-20.6
119.97,-9.8,-11.2,-20.2,-31.3,-20.5
119.98,-9.6,-11.3,-18.4,-34.3,-21.2
119.99,-8.5,-11.6,-13.3,-35.9,-21.8
120.00,-8.3,-12.2,-12.3,-32.5,-22.4
120.01,-8.7,-13.3,-12.0,-31.8,-23.5
120.02,-8.6,-13.2,-11.7,-23.6,-24.0
120.03,-8.9,-13.4,-12.5,-22.5,-24.3
120.04,-9.5,-13.3,-14.2,-21.8,-24.1
120.05,-10.2,-13.3,-15.9,-19.9,-23.9
120.06,-10.4,-13.4,-17.0,-19.9,-23.6
120.07,-10.7,-13.4,-19.3,-19.4,-23.3
120.08,-11.4,-13.7,-22.4,-19.3,-22.8
120.09,-11.4,-13.9,-22.6,-19.7,-23.0
120.10,-11.5,-14.2,-21.9,-19.0,-23.1
120.11,-11.8,-14.7,-20.9,-19.1,-22.9
120.12,-11.8,-15.5,-19.9,-19.3,-23.1
120.13,-12.3,-16.5,-19.6,-19.2,-23.3
120.14,-12.8,-17.9,-19.8,-19.6,-22.8
120.15,-12.9,-20.2,-20.0,-19.1,-23.0
120.16,-13.3,-22.0,-20.0,-19.8,-23.0
120.17,-12.6,-18.4,-20.5,-20.4,-22.8
120.18,-12.2,-16.3,-21.4,-20.5,-23.2
120.19,-11.8,-14.7,-21.4,-23.9,-22.5
120.20,-11.3,-13.5,-22.3,-24.9,-22.6
120.21,-11.7,-13.0,-23.7,-28.5,-23.0
120.22,-11.7,-13.0,-24.5,-33.4,-22.3
120.23,-11.7,-13.0,-25.2,-35.8,-22.0
120.24,-12.0,-13.1,-26.6,-45.7,-21.5
120.25,-12.3,-13.4,-27.6,-49.1,-21.4
120.26,-12.5,-13.8,-28.5,-49.2,-20.5
120.27,-13.0,-14.6,-29.1,-52.3,-20.4
120.28,-13.4,-15.4,-29.4,-53.1,-20.0
120.29,-13.7,-15.9,-28.9,-53.0,-19.9
120.30,-13.9,-16.1,-28.7,-51.5,-20.0
120.31,-13.9,-16.4,-28.6,-47.6,-19.5
120.32,-13.3,-15.9,-25.4,-47.0,-19.3
120.33,-13.6,-16.0,-24.7,-31.2,-20.0
120.34,-12.4,-15.5,-23.7,-23.8,-20.2
120.35,-11.7,-14.6,-22.1,-23.1,-20.9
120.36,-11.3,-14.0,-21.2,-20.0,-21.9
120.37,-11.1,-13.4,-21.3,-19.6,-21.4
120.38,-10.6,-13.0,-20.7,-19.1,-21.2
120.39,-10.5,-13.1,-20.7,-19.1,-20.8
120.40,-10.7,-13.6,-20.4,-19.2,-21.0
120.41,-10.9,-14.1,-20.3,-19.3,-21.1
120.42,-10.9,-14.3,-19.9,-19.3,-21.1
120.43,-11.3,-14.7,-19.9,-19.5,-21.4
120.44,-11.3,-15.2,-20.1,-19.1,-20.9
120.45,-11.5,-15.8,-20.3,-19.7,-20.8
120.46,-11.7,-16.9,-20.7,-19.0,-20.4
120.47,-12.6,-18.8,-21.1,-19.1,-20.4
120.48,-13.2,-21.2,-21.5,-18.7,-20.3
120.49,-13.4,-23.1,-20.8,-18.8,-20.5
120.50,-12.9,-22.6,-16.9,-19.4,-21.0
120.51,-10.3,-19.2,-13.4,-19.7,-22.2
120.52,-9.4,-16.5,-12.0,-20.7,-23.5
120.53,-9.1,-14.7,-11.5,-22.7,-25.1
120.54,-8.6,-13.6,-11.2,-22.8,-26.2
120.55,-9.2,-13.2,-12.8,-26.9,-26.2
120.56,-10.5,-13.1,-14.8,-29.7,-25.4
120.57,-11.0,-13.6,-16.1,-32.4,-23.9
120.58,-11.3,-14.1,-16.7,-35.8,-23.2
120.59,-10.9,-14.7,-13.9,-37.5,-23.2
120.60,-10.5,-15.2,-13.0,-42.3,-22.8
120.61,-10.4,-15.7,-12.6,-49.1,-23.1
120.62,-10.6,-16.1,-12.6,-55.7,-23.3
120.63,-11.0,-16.6,-13.1,-55.4,-22.7
120.64,-12.2,-16.6,-15.8,-55.0,-22.2
120.65,-12.5,-16.4,-17.1,-54.0,-21.3
120.66,-12.3,-15.9,-17.6,-53.9,-21.5
120.67,-11.0,-15.0,-15.8,-52.2,-21.7
120.68,-10.6,-14.5,-15.4,-48.1,-22.1
120.69,-10.9,-14.2,-15.6,-29.3,-23.5
120.70,-10.2,-13.4,-15.4,-27.2,-24.7
120.71,-10.8,-13.4,-16.7,-22.6,-24.8
120.72,-10.9,-13.6,-17.6,-21.4,-25.6
120.73,-10.8,-13.4,-18.3,-19.3,-25.2
120.74,-10.6,-13.6,-18.7,-19.1,-24.6
120.75,-10.6,-13.9,-19.2,-17.7,-24.6
120.76,-10.9,-13.8,-20.9,-18.2,-24.4
120.77,-10.8,-14.2,-21.8,-17.1,-24.6
120.78,-11.3,-14.1,-23.3,-18.0,-24.8
120.79,-11.4,-14.3,-25.2,-17.0,-24.9
120.80,-12.1,-14.7,-26.4,-17.9,-24.9
120.81,-11.7,-15.1,-26.2,-17.0,-24.5
120.82,-12.0,-16.0,-26.4,-17.7,-24.1
120.83,-11.9,-17.0,-26.9,-17.0,-24.0
120.84,-11.5,-17.8,-21.9,-17.6,-24.2
120.85,-9.6,-17.8,-13.4,-18.0,-24.5
120.86,-9.0,-16.8,-11.8,-20.0,-25.0
120.87,-8.5,-15.6,-11.3,-19.5,-25.8
120.88,-8.4,-14.7,-10.9,-21.6,-26.3
120.89,-8.7,-14.0,-11.5,-20.6,-26.5
120.90,-9.5,-13.8,-13.2,-19.8,-25.7
120.91,-10.0,-13.8,-14.9,-18.6,-25.3
120.92,-10.5,-14.0,-16.0,-19.0,-24.4
120.93,-10.8,-14.1,-17.7,-18.1,-24.1
120.94,-11.0,-14.2,-19.7,-18.8,-23.4
120.95,-10.8,-14.2,-21.3,-17.9,-23.1
120.96,-11.4,-14.9,-22.2,-18.8,-22.7
120.97,-11.1,-15.6,-21.2,-17.9,-22.4
120.98,-11.7,-16.3,-21.2,-18.8,-21.9
120.99,-11.7,-17.4,-21.6,-18.0,-21.7
121.00,-12.2,-18.1,-21.8,-18.9,-21.7
121.01,-11.8,-16.9,-24.1,-18.0,-22.3
121.02,-11.6,-15.0,-26.4,-18.8,-23.0
121.03,-10.7,-13.9,-24.9,-18.0,-24.2
121.04,-10.4,-13.1,-23.7,-18.8,-24.9
121.05,-10.2,-12.7,-22.8,-18.6,-25.1
121.06,-10.4,-12.7,-22.8,-19.6,-25.0
121.07,-11.0,-13.2,-22.2,-20.5,-25.2
121.08,-11.8,-13.4,-24.2,-21.9,-25.7
121.09,-11.8,-13.3,-23.4,-24.1,-26.3
121.10,-11.7,-13.2,-23.2,-25.2,-26.5
121.11,-11.5,-12.9,-22.7,-27.9,-26.0
121.12,-11.3,-12.8,-22.2,-28.5,-25.3
121.13,-11.6,-13.0,-21.8,-32.4,-25.4
121.14,-12.2,-13.7,-22.1,-35.1,-25.2
121.15,-12.8,-14.5,-21.7,-41.5,-25.2
121.16,-14.0,-16.1,-21.9,-43.4,-25.6
121.17,-14.9,-17.4,-22.2,-45.4,-26.2
121.18,-14.2,-16.7,-22.0,-41.3,-26.4
121.19,-12.5,-16.0,-17.1,-40.3,-26.2
121.20,-10.2,-15.3,-13.4,-35.4,-25.7
121.21,-9.3,-14.5,-12.1,-29.6,-24.4
121.22,-8.6,-13.9,-11.7,-26.0,-23.4
121.23,-8.6,-14.2,-11.2,-24.4,-22.4
121.24,-8.9,-14.2,-12.1,-22.1,-22.0
121.25,-10.3,-14.7,-14.6,-21.1,-21.8
121.26,-10.4,-15.5,-15.6,-19.4,-21.6
121.27,-11.2,-16.8,-17.1,-19.1,-21.6
121.28,-12.2,-18.3,-20.0,-18.3,-21.2
121.29,-12.2,-20.0,-21.5,-17.8,-20.9
121.30,-12.3,-21.8,-21.5,-17.6,-20.5
121.31,-12.4,-25.2,-22.2,-17.1,-20.2
121.32,-12.7,-28.6,-21.1,-17.5,-20.0
121.33,-12.3,-35.7,-20.0,-17.1,-20.0
121.34,-13.0,-38.7,-20.2,-17.6,-20.1
121.35,-12.9,-32.8,-20.5,-17.2,-20.4
121.36,-12.7,-19.5,-20.2,-18.2,-21.1
121.37,-11.3,-15.5,-20.6,-18.3,-22.1
121.38,-11.3,-13.6,-22.0,-19.6,-23.0
121.39,-10.6,-12.5,-22.3,-20.8,-23.8
121.40,-10.4,-11.7,-23.4,-22.8,-23.8
121.41,-11.0,-12.2,-25.7,-25.7,-23.2
121.42,-11.3,-12.4,-26.5,-30.0,-22.8
121.43,-11.6,-12.7,-27.6,-34.5,-22.7
121.44,-11.8,-12.8,-29.6,-36.2,-22.9
121.45,-12.0,-12.9,-30.7,-38.9,-23.2
121.46,-12.2,-13.0,-31.7,-42.1,-23.2
121.47,-12.6,-13.3,-34.3,-45.0,-23.0
121.48,-12.7,-13.4,-34.7,-47.0,-23.0
121.49,-12.7,-13.5,-34.6,-49.8,-22.4
121.50,-12.9,-13.6,-33.0,-51.9,-22.5
121.51,-12.9,-13.8,-32.4,-51.0,-21.9
121.52,-13.0,-14.0,-31.8,-48.6,-22.5
121.53,-12.7,-14.3,-23.8,-41.9,-22.2
121.54,-10.4,-14.7,-14.1,-30.5,-23.5
121.55,-9.7,-14.5,-12.5,-27.0,-23.7
121.56,-8.9,-14.1,-11.9,-22.1,-24.3
121.57,-8.5,-13.7,-11.5,-20.7,-23.5
121.58,-8.6,-13.5,-12.1,-19.3,-22.6
121.59,-9.5,-13.7,-13.9,-18.7,-21.5
121.60,-10.1,-14.4,-15.6,-18.4,-20.9
121.61,-10.8,-15.7,-16.9,-18.3,-20.9
121.62,-12.4,-17.8,-19.0,-18.7,-20.5
121.63,-13.1,-20.4,-21.6,-18.3,-20.7
121.64,-13.9,-23.3,-22.6,-18.7,-20.6
121.65,-14.1,-28.5,-22.9,-18.1,-20.6
121.66,-14.1,-33.9,-21.9,-18.9,-20.2
121.67,-13.6,-29.8,-21.5,-17.9,-20.2
121.68,-13.5,-25.9,-22.0,-18.6,-20.0
121.69,-13.9,-24.4,-22.6,-18.0,-20.1
121.70,-13.3,-22.9,-25.4,-18.1,-20.3
121.71,-13.2,-20.5,-28.6,-17.9,-20.8
121.72,-12.5,-18.1,-26.5,-18.1,-21.3
121.73,-11.9,-16.4,-24.5,-18.5,-21.8
121.74,-11.3,-14.9,-23.4,-18.7,-22.4
121.75,-11.2,-13.7,-22.9,-20.2,-22.8
121.76,-10.7,-13.1,-22.5,-20.4,-22.9
121.77,-10.8,-12.5,-23.9,-22.0,-23.0
121.78,-10.5,-12.2,-24.9,-22.1,-23.2
121.79,-10.7,-12.4,-25.2,-23.0,-23.6
121.80,-11.0,-12.7,-26.1,-23.6,-23.8
121.81,-11.5,-13.1,-25.6,-24.9,-24.2
121.82,-12.5,-14.1,-23.8,-27.1,-24.9
121.83,-13.0,-14.7,-23.2,-29.6,-25.1
121.84,-13.1,-14.9,-22.0,-33.5,-25.7
121.85,-13.6,-15.7,-21.5,-36.9,-25.5
121.86,-13.8,-16.3,-21.1,-36.1,-25.7
121.87,-13.3,-16.2,-20.5,-34.2,-25.4
121.88,-12.0,-16.4,-16.3,-32.1,-25.6
121.89,-10.2,-16.3,-12.9,-24.5,-25.4
121.90,-9.2,-15.8,-11.9,-21.0,-24.4
121.91,-8.6,-15.2,-11.5,-20.2,-23.6
121.92,-8.5,-15.1,-11.1,-18.6,-22.6
121.93,-9.0,-14.6,-13.3,-18.7,-21.8
121.94,-9.8,-14.0,-15.4,-17.9,-21.1
121.95,-9.8,-13.7,-16.6,-18.8,-21.3
121.96,-9.8,-13.6,-17.6,-18.2,-21.0
121.97,-9.0,-13.8,-15.2,-18.5,-21.4
121.98,-9.2,-13.9,-14.2,-18.1,-21.8
121.99,-9.1,-14.3,-13.7,-17.9,-22.6
122.00,-9.5,-14.7,-13.6,-18.4,-22.9
122.01,-9.7,-14.4,-14.4,-17.7,-23.1
122.02,-10.8,-14.5,-16.0,-18.5,-23.2
122.03,-10.7,-15.2,-17.0,-17.9,-23.3
122.04,-11.3,-15.9,-17.0,-19.2,-23.3
122.05,-11.2,-17.1,-15.4,-19.3,-23.8
122.06,-11.2,-16.4,-15.1,-21.4,-24.4
122.07,-10.8,-14.9,-15.4,-21.8,-25.0
122.08,-10.1,-13.8,-15.2,-21.1,-26.0
122.09,-10.0,-13.1,-16.6,-19.7,-26.5
122.10,-9.9,-12.8,-17.8,-19.5,-26.3
122.11,-10.3,-13.4,-18.4,-18.5,-25.8
122.12,-10.8,-13.6,-19.2,-19.0,-25.9
122.13,-11.0,-13.6,-20.1,-18.8,-25.9
122.14,-11.1,-13.6,-21.6,-19.1,-26.2
122.15,-11.1,-13.7,-22.3,-18.6,-26.9
122.16,-11.0,-13.6,-23.9,-18.8,-27.3
122.17,-11.3,-13.6,-25.9,-19.3,-26.9
122.18,-11.1,-13.6,-27.4,-18.5,-26.1
122.19,-11.2,-13.7,-27.3,-19.2,-25.2
122.20,-11.3,-13.9,-29.4,-18.4,-24.4
122.21,-11.5,-14.4,-29.4,-18.4,-24.1
122.22,-11.2,-15.1,-21.2,-18.4,-24.5
122.23,-9.8,-15.6,-14.2,-19.0,-25.4
122.24,-9.5,-15.8,-12.7,-20.2,-25.9
122.25,-9.1,-15.5,-12.0,-21.0,-25.8
122.26,-9.0,-15.7,-11.5,-24.3,-25.5
122.27,-9.7,-15.9,-12.0,-26.1,-24.4
122.28,-10.8,-16.3,-13.5,-29.3,-24.1
122.29,-11.8,-16.8,-15.0,-32.5,-23.7
122.30,-12.4,-17.1,-16.2,-36.0,-23.9
122.31,-12.0,-15.3,-16.5,-39.3,-24.1
122.32,-11.1,-14.3,-15.2,-41.0,-24.7
122.33,-10.4,-13.5,-14.4,-41.0,-25.4
122.34,-10.1,-13.0,-14.1,-42.5,-25.8
122.35,-10.1,-12.8,-14.0,-41.9,-26.8
122.36,-10.8,-13.0,-15.4,-40.2,-27.1
122.37,-11.6,-13.2,-17.8,-35.3,-27.5
122.38,-11.4,-13.0,-18.9,-33.4,-28.3
122.39,-11.0,-13.0,-17.5,-28.7,-28.4
122.40,-10.7,-13.2,-16.7,-26.0,-27.8
122.41,-10.0,-13.4,-15.9,-22.9,-25.7
122.42,-9.4,-13.6,-15.5,-21.3,-24.0
122.43,-9.3,-13.8,-15.2,-20.9,-23.4
122.44,-9.7,-13.8,-16.3,-20.6,-22.8
122.45,-9.7,-13.9,-16.5,-20.1,-22.3
122.46,-10.9,-14.1,-17.8,-20.1,-22.7
122.47,-11.0,-14.5,-17.6,-20.0,-22.3
122.48,-10.5,-14.8,-18.3,-19.0,-21.6
122.49,-10.5,-15.3,-18.2,-18.8,-21.2
122.50,-10.8,-15.8,-18.2,-18.3,-21.1
122.51,-10.9,-16.4,-17.5,-18.4,-20.6
122.52,-11.1,-17.7,-17.7,-18.2,-20.1
122.53,-11.5,-19.6,-17.4,-18.3,-19.9
122.54,-12.1,-21.8,-18.2,-18.8,-19.5
122.55,-12.1,-24.7,-18.8,-18.8,-19.3
122.56,-12.6,-31.7,-19.5,-19.5,-19.2
122.57,-13.2,-36.8,-18.1,-20.0,-19.4
122.58,-12.4,-41.6,-17.0,-19.4,-19.7
122.59,-12.2,-42.4,-16.6,-19.6,-20.2
122.60,-12.4,-42.6,-16.3,-19.1,-20.5
122.61,-12.8,-42.2,-16.7,-18.9,-20.4
122.62,-13.6,-42.0,-18.8,-18.8,-20.0
122.63,-14.4,-42.1,-21.0,-18.8,-20.1
122.64,-14.3,-43.3,-22.6,-19.5,-19.6
122.65,-13.3,-44.9,-20.3,-19.2,-20.1
122.66,-12.7,-46.4,-17.7,-19.9,-20.4
122.67,-12.1,-48.7,-16.6,-19.8,-20.8
122.68,-12.3,-48.7,-16.3,-20.1,-21.1
122.69,-12.3,-46.9,-16.2,-19.7,-21.5
122.70,-13.1,-42.5,-18.0,-19.9,-21.5
122.71,-14.4,-37.9,-20.9,-20.2,-21.8
122.72,-15.2,-31.1,-23.6,-20.9,-22.0
122.73,-14.9,-26.0,-22.8,-22.2,-22.5
122.74,-13.2,-23.2,-17.6,-22.8,-23.0
122.75,-10.7,-21.1,-13.6,-23.7,-23.7
122.76,-9.8,-18.1,-12.2,-23.9,-24.1
122.77,-9.3,-16.6,-11.7,-23.3,-24.8
122.78,-9.0,-15.0,-11.3,-22.7,-25.0
122.79,-9.2,-14.8,-12.0,-21.9,-25.1
122.80,-10.4,-14.7,-14.0,-21.2,-24.8
122.81,-10.8,-15.4,-15.2,-20.7,-24.8
122.82,-11.4,-17.0,-16.4,-19.7,-24.0
122.83,-12.6,-19.4,-18.7,-20.0,-22.8
122.84,-12.7,-21.2,-20.4,-18.9,-21.5
122.85,-12.7,-24.8,-20.8,-19.3,-20.7
122.86,-13.3,-29.3,-20.9,-19.1,-20.2
122.87,-13.4,-37.9,-20.1,-19.2,-20.3
122.88,-13.8,-43.0,-19.2,-19.1,-20.8
122.89,-14.2,-42.7,-19.0,-19.0,-21.8
122.90,-14.6,-37.5,-19.1,-19.4,-22.2
122.91,-12.8,-24.8,-16.7,-19.1,-22.1
122.92,-10.9,-20.4,-12.7,-20.0,-22.2
122.93,-9.6,-17.5,-11.9,-20.3,-22.0
122.94,-9.2,-15.9,-11.5,-21.7,-21.2
122.95,-8.7,-15.1,-11.3,-21.5,-20.7
122.96,-9.0,-15.1,-12.4,-21.0,-20.3
122.97,-9.9,-15.6,-14.2,-20.6,-19.9
122.98,-10.5,-16.4,-15.7,-20.6,-19.5
122.99,-11.5,-18.0,-16.8,-20.9,-19.4
123.00,-11.7,-18.9,-18.6,-20.4,-19.4
123.01,-12.4,-18.9,-20.9,-20.1,-19.2
123.02,-12.4,-19.2,-22.1,-19.9,-19.0
123.03,-12.7,-19.4,-22.8,-19.4,-18.8
123.04,-12.6,-18.9,-23.2,-19.1,-18.6
123.05,-12.7,-19.2,-23.6,-19.1,-18.3
123.06,-12.5,-18.9,-23.7,-18.8,-18.3
123.07,-12.3,-17.4,-24.0,-19.2,-18.7
123.08,-11.8,-16.6,-20.6,-19.7,-19.2
123.09,-11.2,-16.2,-18.9,-20.0,-19.9
123.10,-11.5,-16.3,-17.8,-21.4,-20.8
123.11,-11.1,-16.2,-17.4,-21.4,-20.7
123.12,-10.8,-16.4,-17.1,-21.3,-20.6
123.13,-10.9,-15.7,-18.6,-21.2,-20.4
123.14,-11.1,-15.1,-19.8,-22.0,-20.3
123.15,-10.8,-14.1,-21.4,-21.9,-20.3
123.16,-11.6,-14.0,-22.8,-23.1,-20.7
123.17,-11.4,-13.5,-25.1,-22.9,-20.6
123.18,-11.1,-13.5,-26.4,-22.7,-20.6
123.19,-11.4,-13.8,-26.3,-23.0,-20.7
123.20,-11.6,-14.2,-25.9,-22.6,-21.0
123.21,-12.0,-15.1,-24.8,-22.4,-21.1
123.22,-12.8,-16.7,-23.9,-21.9,-21.3
123.23,-12.7,-17.8,-23.4,-21.1,-21.4
123.24,-12.8,-17.9,-23.8,-21.2,-21.6
123.25,-12.6,-17.2,-23.8,-21.0,-22.0
123.26,-12.1,-16.0,-24.6,-21.4,-22.0
123.27,-11.9,-15.3,-24.2,-21.4,-22.0
123.28,-10.8,-14.7,-24.6,-20.4,-20.6
123.29,-10.9,-14.5,-24.9,-20.5,-20.2
123.30,-10.9,-14.6,-25.0,-20.0,-19.7
123.31,-11.0,-15.2,-25.3,-20.0,-19.5
123.32,-11.1,-15.7,-26.0,-19.4,-19.3
123.33,-12.0,-16.4,-26.6,-20.7,-19.4
123.34,-12.2,-17.7,-26.6,-19.9,-18.9
123.35,-13.0,-19.4,-27.5,-20.5,-18.7
123.36,-13.4,-21.4,-28.5,-20.0,-18.5
123.37,-14.0,-24.9,-28.8,-20.4,-18.5
123.38,-15.1,-32.3,-29.5,-20.5,-18.8
123.39,-15.0,-37.6,-29.5,-20.4,-19.2
123.40,-15.3,-37.6,-29.6,-20.7,-19.4
123.41,-14.6,-31.8,-28.6,-19.9,-19.8
123.42,-14.1,-23.1,-24.4,-21.0,-20.2
123.43,-11.4,-18.8,-17.7,-20.0,-21.0
123.44,-9.8,-16.8,-13.9,-21.3,-21.8
123.45,-9.0,-15.5,-12.4,-21.3,-22.4
123.46,-8.3,-14.5,-11.8,-21.7,-21.9
123.47,-8.0,-14.3,-11.4,-21.6,-21.4
123.48,-8.8,-14.0,-12.4,-21.8,-20.8
123.49,-9.2,-14.0,-14.2,-20.9,-20.6
123.50,-10.2,-14.0,-15.6,-21.3,-20.5
123.51,-10.4,-14.3,-16.8,-21.3,-20.8
123.52,-11.0,-14.8,-19.0,-21.2,-20.6
123.53,-11.5,-15.6,-20.8,-21.0,-20.3
123.54,-11.8,-16.1,-21.8,-21.1,-20.3
123.55,-11.9,-16.1,-21.6,-21.4,-20.4
123.56,-11.9,-15.6,-21.6,-21.6,-20.8
123.57,-11.7,-14.6,-21.3,-22.2,-21.3
123.58,-11.4,-13.9,-21.4,-22.6,-21.7
123.59,-11.5,-13.8,-22.4,-21.9,-22.1
123.60,-11.5,-14.2,-21.8,-21.8,-21.1
123.61,-9.9,-15.1,-15.0,-21.8,-20.4
123.62,-9.6,-15.5,-13.6,-22.4,-19.7
123.63,-9.1,-15.6,-13.0,-21.9,-19.0
123.64,-9.2,-16.1,-12.5,-22.9,-19.0
123.65,-9.6,-16.2,-12.9,-23.2,-19.2
123.66,-10.4,-16.4,-14.2,-22.6,-19.4
123.67,-11.2,-17.3,-15.4,-23.6,-19.5
123.68,-12.0,-18.8,-16.4,-22.3,-19.1
123.69,-12.5,-20.3,-18.3,-21.6,-18.7
123.70,-13.7,-23.1,-20.9,-21.0,-18.3
123.71,-14.1,-27.1,-22.2,-20.8,-18.6
123.72,-13.7,-32.0,-21.6,-20.5,-18.7
123.73,-13.8,-33.6,-20.8,-19.7,-19.1
123.74,-13.7,-34.1,-20.0,-19.6,-19.3
123.75,-13.4,-32.3,-19.5,-19.9,-19.5
123.76,-13.9,-29.0,-19.4,-20.5,-20.0
123.77,-12.7,-23.9,-16.6,-21.2,-20.6
123.78,-11.9,-19.7,-15.5,-22.0,-21.4
123.79,-11.4,-17.1,-15.2,-23.8,-21.3
123.80,-10.6,-15.4,-15.3,-24.6,-21.0
123.81,-10.2,-14.6,-15.8,-23.4,-20.3
123.82,-10.4,-14.3,-18.9,-22.0,-19.0
123.83,-10.7,-14.6,-21.0,-21.1,-18.6
123.84,-11.2,-15.8,-22.8,-20.7,-18.5
123.85,-12.2,-17.5,-24.3,-20.5,-18.7
123.86,-12.9,-19.7,-25.3,-20.5,-18.9
123.87,-13.6,-23.5,-26.1,-20.5,-19.3
123.88,-14.7,-29.0,-27.7,-20.6,-19.5
123.89,-14.9,-35.4,-28.9,-20.6,-19.9
123.90,-15.4,-37.5,-29.8,-20.7,-20.3
123.91,-15.5,-39.5,-30.6,-20.8,-20.5
123.92,-15.4,-39.4,-30.9,-21.1,-20.8
123.93,-15.9,-38.1,-30.8,-21.4,-21.4
123.94,-16.0,-28.9,-31.1,-21.8,-21.6
123.95,-14.3,-20.4,-30.3,-22.0,-21.2
123.96,-13.5,-17.7,-30.1,-22.9,-20.6
123.97,-12.3,-15.8,-30.4,-23.5,-19.3
123.98,-11.4,-14.8,-30.5,-23.1,-18.3
123.99,-11.2,-14.4,-29.4,-23.0,-17.7
124.00,-11.1,-14.6,-29.3,-22.1,-17.4
124.01,-11.4,-14.9,-29.7,-21.6,-17.6
124.02,-11.3,-14.8,-29.6,-21.2,-17.7
124.03,-11.7,-15.3,-30.3,-21.4,-17.9
124.04,-12.2,-16.0,-32.5,-21.0,-18.1
124.05,-12.3,-16.2,-32.7,-20.7,-18.3
124.06,-12.4,-16.7,-33.0,-20.2,-18.5
124.07,-12.9,-17.2,-33.9,-20.0,-19.0
124.08,-12.6,-17.0,-34.0,-19.7,-18.9
124.09,-12.7,-16.9,-33.5,-19.7,-19.3
124.10,-12.9,-16.9,-34.1,-19.7,-19.7
124.11,-12.7,-17.1,-27.1,-19.9,-19.9
124.12,-11.5,-16.9,-17.8,-20.5,-20.2
124.13,-10.2,-17.0,-14.1,-21.7,-20.4
124.14,-9.7,-17.2,-12.5,-22.5,-20.1
124.15,-9.1,-16.6,-11.9,-23.4,-19.0
124.16,-8.8,-16.2,-11.5,-23.6,-18.4
124.17,-9.3,-15.7,-12.2,-22.8,-18.2
124.18,-9.7,-15.1,-14.0,-21.9,-17.6
124.19,-9.7,-15.4,-15.4,-21.3,-17.4
124.20,-11.1,-16.7,-16.9,-21.1,-17.8
124.21,-11.4,-17.7,-19.0,-20.9,-17.5
124.22,-12.0,-18.8,-20.3,-21.1,-17.2
124.23,-12.2,-19.5,-20.7,-21.1,-17.5
124.24,-12.4,-19.0,-20.3,-21.4,-17.6
124.25,-12.1,-18.2,-19.8,-21.2,-17.4
124.26,-11.9,-18.1,-19.3,-21.2,-17.6
124.27,-12.4,-18.6,-19.4,-21.2,-17.8
124.28,-12.5,-19.6,-19.1,-21.2,-17.8
124.29,-12.1,-20.2,-18.0,-21.0,-17.9
124.30,-11.5,-19.6,-17.6,-21.3,-18.4
124.31,-10.6,-17.5,-16.7,-21.8,-19.0
124.32,-9.8,-15.9,-16.6,-22.0,-18.9
124.33,-9.9,-14.9,-16.7,-23.1,-19.7
124.34,-9.9,-14.2,-18.0,-23.7,-20.1
124.35,-10.1,-13.7,-19.1,-23.4,-20.3
124.36,-11.2,-14.0,-21.2,-24.0,-21.1
124.37,-11.5,-14.0,-23.1,-23.6,-21.5
124.38,-11.3,-13.9,-23.6,-22.8,-22.1
124.39,-11.3,-13.8,-23.2,-22.9,-22.6
124.40,-11.4,-14.0,-22.8,-22.4,-23.3
124.41,-11.3,-14.2,-23.1,-22.1,-23.6
124.42,-11.4,-14.3,-22.9,-22.3,-24.0
124.43,-11.6,-15.1,-22.8,-21.9,-23.9
124.44,-12.5,-16.5,-22.8,-22.0,-24.6
124.45,-13.0,-17.6,-22.8,-22.4,-24.5
124.46,-13.0,-19.0,-20.2,-23.2,-24.2
124.47,-11.0,-19.8,-13.9,-23.1,-23.8
124.48,-10.0,-18.3,-12.2,-24.6,-22.6
124.49,-9.2,-17.0,-11.4,-25.5,-21.5
124.50,-8.6,-16.0,-10.9,-26.0,-20.4
124.51,-8.8,-15.4,-11.3,-26.7,-19.8
124.52,-9.5,-15.5,-12.9,-25.8,-19.2
124.53,-9.7,-15.6,-14.1,-24.6,-19.0
124.54,-10.4,-15.9,-15.4,-24.2,-19.5
124.55,-10.7,-16.3,-17.2,-23.6,-19.3
124.56,-11.3,-17.3,-18.8,-23.9,-18.8
124.57,-12.0,-18.7,-21.4,-24.2,-18.5
124.58,-12.7,-20.2,-22.7,-24.3,-18.5
124.59,-13.0,-22.9,-20.7,-24.3,-18.1
124.60,-13.1,-25.9,-20.0,-23.4,-17.8
124.61,-13.5,-27.6,-19.6,-23.4,-18.2
124.62,-13.1,-25.7,-19.1,-23.0,-18.5
124.63,-12.4,-22.8,-17.0,-22.8,-18.9
124.64,-11.8,-20.9,-16.5,-22.8,-19.1
124.65,-11.5,-20.5,-15.9,-22.6,-18.9
124.66,-10.8,-20.1,-15.8,-22.2,-18.5
124.67,-10.6,-18.9,-15.7,-22.4,-18.5
124.68,-10.5,-17.0,-17.1,-23.2,-18.6
124.69,-10.4,-15.3,-18.2,-24.1,-19.2
124.70,-10.2,-14.1,-18.7,-24.3,-20.1
124.71,-10.4,-13.4,-19.6,-24.3,-21.3
124.72,-10.5,-13.1,-19.3,-23.8,-22.0
124.73,-10.6,-13.7,-20.1,-22.9,-21.5
124.74,-10.6,-14.0,-20.4,-22.6,-21.1
124.75,-10.5,-14.0,-20.8,-22.7,-20.7
124.76,-10.9,-14.5,-21.5,-22.5,-20.5
124.77,-11.5,-15.2,-22.4,-22.2,-20.4
124.78,-11.9,-15.6,-22.9,-21.9,-20.6
124.79,-12.3,-16.4,-22.5,-22.1,-20.7
124.80,-12.8,-17.8,-22.4,-22.2,-20.7
124.81,-13.7,-19.7,-21.9,-22.6,-21.2
124.82,-14.2,-21.8,-21.8,-23.8,-21.2
124.83,-15.3,-24.9,-22.5,-25.3,-21.5
124.84,-17.2,-30.6,-22.7,-28.0,-22.0
124.85,-17.8,-38.1,-22.7,-31.1,-22.1
124.86,-18.8,-39.7,-23.0,-34.1,-22.2
124.87,-19.1,-42.2,-23.1,-35.9,-22.8
124.88,-18.9,-45.6,-23.1,-37.6,-22.7
124.89,-19.3,-47.2,-23.2,-38.1,-23.2
124.90,-19.5,-49.2,-23.6,-39.5,-23.4
124.91,-19.7,-49.9,-23.1,-40.2,-23.7
124.92,-19.9,-50.8,-22.8,-42.9,-24.4
124.93,-19.8,-49.4,-23.1,-43.9,-24.3
124.94,-20.3,-44.8,-23.6,-46.9,-24.4
124.95,-20.0,-40.9,-23.7,-49.3,-24.4
124.96,-19.9,-34.8,-24.0,-50.9,-24.8
124.97,-17.8,-22.4,-24.4,-52.2,-24.6
124.98,-14.4,-17.9,-24.5,-55.8,-21.2
124.99,-12.7,-15.6,-24.5,-58.4,-19.8
125.00,-11.8,-14.6,-25.2,-44.8,-18.7
125.01,-10.9,-13.8,-25.6,-39.9,-17.4
125.02,-10.6,-13.9,-25.7,-29.6,-17.1
125.03,-10.6,-13.9,-25.7,-27.9,-17.5
125.04,-10.8,-14.2,-26.1,-26.6,-17.5
125.05,-10.8,-14.3,-26.4,-24.9,-17.8
125.06,-10.8,-14.4,-26.6,-23.8,-18.1
125.07,-11.1,-14.8,-26.5,-24.3,-18.2
125.08,-11.1,-15.2,-26.3,-23.9,-18.2
125.09,-11.2,-15.5,-25.6,-23.5,-18.2
125.10,-11.3,-15.8,-25.5,-23.4,-18.0
125.11,-11.5,-16.1,-25.7,-23.1,-18.1
125.12,-11.7,-16.1,-25.7,-22.6,-18.3
125.13,-11.7,-15.8,-25.9,-22.4,-18.4
125.14,-11.4,-15.5,-26.5,-22.5,-18.5
125.15,-11.2,-15.3,-26.2,-22.6,-18.4
125.16,-11.2,-15.2,-26.2,-22.9,-18.4
125.17,-11.1,-15.1,-26.1,-23.1,-18.1
125.18,-11.2,-15.0,-26.3,-23.1,-17.9
125.19,-11.2,-15.1,-26.4,-22.8,-17.7
125.20,-11.2,-15.0,-26.5,-22.3,-17.9
125.21,-11.2,-15.2,-27.3,-21.9,-18.0
125.22,-11.1,-15.3,-27.8,-21.4,-18.4
125.23,-11.2,-15.4,-28.2,-21.1,-18.7
125.24,-11.4,-15.8,-29.2,-20.9,-19.1
125.25,-11.6,-16.0,-29.9,-20.8,-19.3
125.26,-12.1,-16.4,-30.2,-20.9,-19.7
125.27,-12.5,-16.7,-30.3,-20.9,-20.0
125.28,-12.8,-16.9,-30.0,-20.9,-20.3
125.29,-12.9,-17.2,-29.4,-20.8,-20.6
125.30,-13.3,-17.6,-29.0,-20.9,-20.9
125.31,-13.4,-17.9,-28.7,-20.9,-20.8
125.32,-13.3,-17.6,-28.7,-21.1,-20.6
125.33,-13.0,-17.0,-29.4,-21.3,-20.4
125.34,-12.8,-16.5,-29.9,-21.2,-20.0
125.35,-12.7,-16.2,-30.7,-21.5,-19.5
125.36,-13.3,-16.7,-31.2,-21.8,-19.4
125.37,-13.8,-18.0,-31.8,-21.5,-19.5
125.38,-14.6,-20.4,-31.9,-21.2,-19.6
125.39,-15.3,-23.7,-32.1,-20.9,-19.6
125.40,-15.5,-27.6,-32.7,-20.5,-19.8
125.41,-14.8,-27.1,-32.6,-20.2,-19.3
125.42,-13.9,-23.1,-32.2,-20.0,-18.9
125.43,-13.5,-20.1,-32.3,-20.1,-18.8
125.44,-12.8,-17.7,-32.3,-20.1,-18.9
125.45,-12.1,-16.0,-32.6,-20.1,-19.1
125.46,-12.1,-14.4,-33.5,-20.1,-19.4
125.47,-10.8,-12.7,-34.3,-20.1,-19.8
125.48,-10.2,-11.6,-34.2,-20.3,-20.2
125.49,-9.4,-10.8,-25.7,-20.4,-20.6
125.50,-8.8,-10.5,-18.0,-20.5,-21.0
125.51,-8.2,-10.8,-14.2,-21.1,-21.5
125.52,-8.2,-11.4,-12.8,-21.8,-20.9
125.53,-8.4,-12.3,-12.2,-22.5,-20.2
125.54,-8.6,-13.2,-11.7,-23.7,-19.5
125.55,-9.2,-13.6,-12.7,-25.3,-18.9
125.56,-9.7,-14.0,-14.0,-26.7,-18.1
125.57,-10.6,-14.6,-15.2,-29.4,-17.9
125.58,-11.0,-15.1,-16.9,-32.0,-17.5
125.59,-12.0,-15.6,-18.8,-32.7,-17.1
125.60,-12.0,-16.1,-20.5,-31.9,-16.9
125.61,-12.3,-16.5,-20.6,-32.2,-16.8
125.62,-12.4,-16.8,-19.3,-31.1,-17.0
125.63,-12.1,-16.6,-18.4,-30.7,-17.1
125.64,-11.5,-16.1,-17.8,-29.1,-17.2
125.65,-11.3,-15.5,-17.4,-29.9,-17.4
125.66,-11.0,-14.7,-17.8,-28.6,-17.8
125.67,-10.7,-14.2,-18.4,-28.4,-18.2
125.68,-10.5,-13.9,-18.9,-26.1,-19.1
125.69,-10.5,-13.7,-19.0,-24.3,-19.6
125.70,-10.6,-13.5,-20.5,-23.1,-20.4
125.71,-10.7,-13.5,-19.8,-22.2,-21.1
125.72,-10.6,-13.3,-20.2,-21.7,-22.1
125.73,-10.4,-12.9,-20.8,-21.7,-22.6
125.74,-10.9,-12.8,-22.4,-22.0,-23.0
125.75,-11.1,-12.8,-22.9,-21.8,-23.6
125.76,-11.5,-12.9,-24.5,-21.8,-23.9
125.77,-11.7,-13.3,-24.6,-21.4,-24.0
125.78,-11.9,-13.8,-24.0,-21.6,-23.9
125.79,-12.3,-14.5,-23.7,-22.0,-24.5
125.80,-12.5,-15.2,-23.2,-22.7,-24.3
125.81,-13.0,-16.2,-23.1,-23.8,-25.0
125.82,-12.9,-17.4,-22.0,-24.0,-24.7
125.83,-13.1,-18.7,-21.7,-24.3,-24.3
125.84,-12.9,-20.3,-18.3,-23.8,-24.1
125.85,-11.0,-22.4,-13.0,-23.7,-23.3
125.86,-9.3,-25.3,-11.2,-23.1,-21.6
125.87,-9.3,-30.0,-10.5,-23.0,-19.9
125.88,-8.7,-34.9,-10.2,-22.7,-18.5
125.89,-8.8,-41.4,-10.4,-23.1,-17.5
125.90,-9.9,-44.2,-12.2,-23.3,-16.7
125.91,-11.3,-45.5,-13.5,-23.3,-16.6
125.92,-11.2,-43.7,-14.6,-22.7,-17.0
125.93,-12.6,-43.3,-16.3,-21.8,-17.1
125.94,-13.0,-42.5,-17.9,-20.7,-17.5
125.95,-12.9,-42.4,-19.2,-20.1,-17.7
125.96,-13.0,-42.9,-19.9,-19.9,-17.9
125.97,-13.4,-44.4,-19.1,-20.0,-18.3
125.98,-13.3,-45.5,-18.6,-20.5,-18.3
125.99,-13.2,-46.5,-18.4,-21.1,-18.4
126.00,-14.4,-46.7,-18.6,-22.1,-18.7
126.01,-14.4,-47.2,-18.3,-23.2,-18.9
126.02,-15.4,-48.3,-18.9,-25.0,-19.4
126.03,-15.3,-50.9,-19.6,-26.6,-19.1
126.04,-16.1,-51.8,-20.0,-29.6,-19.5
126.05,-16.1,-52.6,-20.3,-32.5,-19.4
126.06,-16.9,-53.3,-21.5,-39.2,-19.6
126.07,-17.1,-51.0,-22.0,-44.4,-19.8
126.08,-17.6,-42.7,-22.5,-47.5,-20.0
126.09,-18.1,-33.3,-24.0,-47.4,-20.2
126.10,-17.4,-26.8,-25.1,-41.2,-20.3
126.11,-16.7,-23.4,-24.6,-36.7,-20.4
126.12,-16.0,-21.8,-24.9,-29.9,-20.6
126.13,-15.2,-20.4,-24.2,-27.5,-20.8
126.14,-14.7,-19.4,-24.3,-25.5,-21.5
126.15,-14.7,-19.7,-24.5,-24.3,-22.0
126.16,-13.5,-16.6,-25.5,-23.8,-22.3
126.17,-11.5,-13.3,-27.2,-23.9,-22.9
126.18,-10.7,-12.5,-24.7,-23.9,-22.8
126.19,-9.7,-11.8,-17.3,-25.0,-22.7
126.20,-8.6,-11.2,-13.8,-25.1,-21.1
126.21,-8.5,-12.1,-12.5,-25.6,-19.7
126.22,-8.6,-13.0,-11.8,-26.7,-19.1
126.23,-8.4,-13.4,-11.3,-28.1,-17.3
126.24,-8.7,-13.4,-12.5,-29.5,-16.5
126.25,-9.2,-13.8,-13.7,-35.9,-16.0
126.26,-9.4,-14.0,-14.9,-43.2,-15.0
126.27,-9.9,-13.9,-16.6,-44.1,-14.6
126.28,-10.0,-13.6,-18.6,-37.4,-14.8
126.29,-9.7,-13.0,-20.5,-32.5,-14.4
126.30,-9.3,-12.5,-20.4,-31.9,-14.3
126.31,-9.5,-12.6,-19.3,-31.4,-14.6
126.32,-9.6,-13.1,-18.5,-30.3,-14.3
126.33,-9.6,-14.0,-18.1,-31.1,-14.2
126.34,-9.8,-15.7,-17.6,-27.9,-14.4
126.35,-10.6,-17.5,-18.0,-27.8,-14.5
126.36,-10.7,-18.6,-18.7,-26.4,-14.5
126.37,-11.4,-19.8,-19.6,-26.7,-14.7
126.38,-11.5,-20.8,-19.9,-26.7,-15.0
126.39,-11.8,-19.3,-21.4,-28.4,-15.2
126.40,-11.5,-16.9,-20.7,-28.3,-16.0
126.41,-11.3,-14.9,-21.1,-28.0,-17.1
126.42,-10.5,-13.6,-21.1,-27.0,-17.5
126.43,-10.8,-12.9,-21.6,-25.8,-18.7
126.44,-10.4,-12.4,-21.6,-25.4,-19.2
126.45,-10.5,-12.2,-22.0,-26.0,-19.3
126.46,-10.4,-12.2,-21.4,-26.7,-20.1
126.47,-11.1,-12.4,-22.0,-28.5,-20.4
126.48,-11.3,-12.6,-22.7,-30.7,-21.1
126.49,-11.4,-12.6,-22.1,-32.2,-21.9
126.50,-11.4,-12.8,-22.1,-32.7,-22.1
126.51,-11.5,-12.9,-21.7,-33.6,-22.2
126.52,-11.4,-12.9,-21.3,-33.7,-23.2
126.53,-10.6,-12.9,-17.8,-33.8,-23.8
126.54,-9.2,-12.9,-12.9,-29.7,-22.7
126.55,-8.5,-13.1,-11.7,-27.4,-21.7
126.56,-8.1,-13.1,-11.2,-26.0,-19.8
126.57,-7.5,-13.1,-11.0,-24.9,-16.8
126.58,-8.1,-13.4,-11.8,-24.9,-15.7
126.59,-8.2,-13.6,-13.2,-25.9,-14.9
126.60,-8.6,-13.8,-15.0,-26.6,-14.0
126.61,-9.0,-14.0,-15.8,-27.3,-14.0
126.62,-9.6,-14.0,-17.7,-26.1,-14.2
126.63,-9.6,-14.1,-20.1,-25.3,-13.7
126.64,-10.1,-14.2,-22.2,-24.2,-14.5
126.65,-10.3,-13.9,-22.2,-23.3,-15.1
126.66,-9.6,-13.4,-22.7,-23.3,-14.4
126.67,-9.4,-12.8,-22.8,-23.4,-14.6
126.68,-9.3,-12.1,-22.8,-23.4,-15.5
126.69,-8.9,-11.8,-22.7,-23.7,-15.0
126.70,-9.1,-12.1,-25.2,-24.2,-14.8
126.71,-9.8,-12.9,-25.2,-25.3,-15.3
126.72,-10.8,-14.5,-23.9,-26.7,-16.0
126.73,-12.5,-17.0,-23.5,-28.8,-16.7
126.74,-13.0,-21.2,-22.6,-31.1,-16.4
126.75,-14.6,-27.8,-22.7,-43.6,-16.5
126.76,-15.7,-36.2,-22.9,-43.5,-17.5
126.77,-15.7,-39.3,-23.6,-44.1,-17.3
126.78,-15.7,-40.7,-25.3,-44.3,-17.1
126.79,-16.2,-41.3,-25.5,-37.2,-17.8
126.80,-14.9,-41.9,-25.0,-29.2,-17.5
126.81,-15.3,-42.8,-24.2,-27.2,-18.2
126.82,-14.8,-43.5,-23.0,-25.6,-18.7
126.83,-14.5,-42.8,-22.5,-24.9,-18.8
126.84,-14.8,-41.8,-22.4,-24.3,-19.8
126.85,-16.1,-38.4,-22.8,-24.4,-20.7
126.86,-16.0,-35.2,-24.3,-24.9,-21.1
126.87,-16.6,-28.8,-21.8,-25.0,-22.5
126.88,-14.9,-23.5,-16.9,-25.2,-22.9
126.89,-11.3,-16.7,-13.5,-26.4,-22.8
126.90,-9.9,-14.1,-12.2,-27.9,-22.5
126.91,-8.9,-13.0,-11.6,-29.6,-21.8
126.92,-8.5,-12.7,-11.2,-33.9,-20.3
126.93,-8.8,-13.2,-12.3,-36.2,-19.0
126.94,-10.0,-15.6,-13.5,-42.5,-17.8
126.95,-10.9,-19.3,-14.6,-48.8,-16.3
126.96,-11.9,-25.3,-16.1,-49.3,-15.6
126.97,-12.6,-28.5,-18.3,-48.7,-15.7
126.98,-12.7,-24.7,-20.0,-47.4,-15.5
126.99,-12.3,-19.0,-20.1,-39.7,-16.1
127.00,-11.0,-15.0,-19.0,-37.1,-17.4
127.01,-10.1,-13.6,-18.2,-30.2,-17.4
127.02,-9.7,-12.7,-17.5,-28.8,-17.8
127.03,-9.6,-12.7,-16.9,-27.3,-18.7
127.04,-10.3,-14.0,-17.1,-27.3,-18.3
127.05,-11.5,-16.1,-17.7,-28.1,-18.0
127.06,-12.6,-19.3,-18.5,-30.0,-19.2
127.07,-13.9,-24.3,-19.4,-30.5,-19.6
127.08,-14.8,-28.4,-21.0,-30.6,-19.7
127.09,-15.1,-31.9,-20.6,-27.2,-20.7
127.10,-15.5,-28.8,-20.5,-26.1,-21.7
127.11,-14.0,-19.8,-20.8,-24.9,-21.3
127.12,-12.8,-15.7,-21.6,-24.0,-21.7
127.13,-11.5,-13.5,-21.8,-23.2,-22.5
127.14,-10.5,-12.2,-22.5,-23.1,-22.7
127.15,-9.9,-11.5,-22.1,-22.8,-22.7
127.16,-10.2,-11.9,-21.9,-23.7,-24.0
127.17,-11.3,-13.2,-22.2,-24.9,-23.7
127.18,-12.3,-15.0,-21.8,-25.8,-23.4
127.19,-14.5,-17.8,-22.4,-27.2,-23.5
127.20,-15.7,-23.1,-22.7,-28.0,-22.5
127.21,-15.6,-21.9,-22.9,-29.0,-22.4
127.22,-13.6,-18.2,-20.3,-30.9,-22.7
127.23,-11.0,-16.0,-13.9,-30.1,-21.6
127.24,-9.2,-14.3,-12.3,-25.9,-20.5
127.25,-8.6,-13.4,-11.6,-24.3,-19.2
127.26,-7.9,-13.8,-11.2,-22.8,-17.3
127.27,-8.2,-14.9,-11.7,-22.5,-15.9
127.28,-8.9,-16.5,-13.0,-23.4,-15.3
127.29,-10.1,-19.1,-14.5,-24.1,-14.7
127.30,-10.3,-22.6,-15.6,-24.5,-14.3
127.31,-11.0,-20.2,-17.4,-23.3,-14.6
127.32,-10.4,-16.3,-19.7,-21.8,-15.0
127.33,-10.3,-14.9,-20.8,-21.0,-15.3
127.34,-9.9,-13.9,-20.6,-20.5,-15.6
127.35,-9.4,-13.1,-19.7,-20.5,-15.8
127.36,-9.6,-13.5,-19.0,-21.1,-15.5
127.37,-10.0,-14.3,-19.2,-21.6,-15.5
127.38,-10.4,-15.5,-19.9,-22.4,-15.1
127.39,-11.4,-17.2,-20.1,-23.6,-15.7
127.40,-12.6,-19.7,-20.6,-24.5,-16.1
127.41,-13.5,-25.0,-21.0,-25.4,-15.9
127.42,-14.9,-29.8,-20.8,-26.0,-17.1
127.43,-14.8,-24.8,-21.0,-25.3,-17.8
127.44,-13.6,-19.4,-22.0,-24.8,-17.5
127.45,-12.5,-16.2,-22.9,-23.9,-18.4
127.46,-11.5,-14.2,-25.2,-23.3,-18.7
127.47,-10.9,-13.1,-28.3,-23.3,-18.5
127.48,-11.0,-12.8,-30.1,-23.7,-18.7
127.49,-11.0,-12.9,-29.3,-23.7,-18.9
127.50,-11.1,-13.4,-27.8,-23.2,-18.8
127.51,-11.6,-13.9,-27.3,-23.5,-19.6
127.52,-11.6,-14.1,-27.0,-22.7,-20.4
127.53,-12.0,-15.0,-26.6,-22.2,-21.1
127.54,-13.0,-16.1,-27.3,-22.5,-22.3
127.55,-14.2,-17.9,-29.0,-23.1,-22.0
127.56,-14.9,-21.1,-22.5,-23.3,-21.8
127.57,-14.0,-27.5,-16.8,-24.9,-21.0
127.58,-11.8,-29.1,-13.3,-25.5,-19.2
127.59,-10.7,-27.9,-12.1,-26.6,-18.5
127.60,-9.7,-21.3,-11.5,-26.9,-17.4
127.61,-8.9,-16.7,-11.2,-26.7,-16.8
127.62,-9.1,-14.5,-12.6,-26.3,-16.7
127.63,-9.0,-13.2,-14.0,-26.8,-16.3
127.64,-9.2,-12.4,-15.3,-27.0,-16.2
127.65,-9.0,-12.1,-17.1,-28.0,-15.5
127.66,-9.3,-12.2,-19.8,-29.1,-15.0
127.67,-9.7,-12.3,-21.6,-30.5,-14.6
127.68,-9.6,-12.6,-21.0,-32.6,-14.9
127.69,-10.2,-13.7,-19.5,-34.9,-15.3
127.70,-11.2,-15.3,-18.5,-37.7,-15.8
127.71,-12.1,-17.7,-17.7,-36.6,-16.8
127.72,-12.9,-22.9,-17.3,-30.1,-17.2
127.73,-12.2,-31.3,-16.4,-26.3,-17.6
127.74,-11.7,-36.5,-15.1,-24.6,-17.9
127.75,-11.2,-37.4,-14.8,-23.6,-17.9
127.76,-11.2,-28.8,-14.8,-22.6,-18.1
127.77,-11.3,-20.6,-15.1,-23.0,-18.0
127.78,-11.0,-16.0,-16.9,-23.8,-17.9
127.79,-10.7,-14.2,-18.9,-24.1,-17.8
127.80,-10.1,-13.2,-20.2,-24.8,-17.2
127.81,-9.8,-12.5,-21.1,-24.3,-17.4
127.82,-9.7,-12.5,-22.0,-23.7,-17.1
127.83,-9.9,-13.0,-22.9,-23.0,-16.6
127.84,-10.2,-13.3,-23.9,-23.3,-16.3
127.85,-10.5,-13.8,-25.2,-23.2,-16.3
127.86,-11.3,-14.7,-25.6,-23.7,-16.3
127.87,-11.5,-15.5,-24.6,-23.8,-16.0
127.88,-11.5,-16.4,-24.4,-23.9,-16.0
127.89,-11.6,-16.5,-24.4,-24.6,-16.3
127.90,-11.2,-15.7,-24.4,-24.9,-16.2
127.91,-10.6,-14.7,-24.1,-25.2,-16.2
127.92,-10.7,-13.8,-24.0,-26.1,-16.4
127.93,-10.3,-13.0,-23.5,-25.6,-16.6
127.94,-9.8,-12.9,-22.6,-24.5,-16.8
127.95,-9.9,-12.7,-22.8,-24.0,-16.5
127.96,-9.9,-12.8,-23.4,-23.9,-16.7
127.97,-10.0,-12.8,-24.5,-24.6,-16.6
127.98,-10.4,-12.9,-25.3,-25.7,-16.3
127.99,-10.5,-13.0,-26.0,-26.6,-16.4
128.00,-10.5,-13.1,-26.2,-26.8,-16.4
128.01,-10.6,-13.3,-26.5,-26.8,-16.3
128.02,-10.6,-13.3,-27.1,-26.0,-16.5
128.03,-10.9,-13.4,-28.8,-25.9,-16.9
128.04,-10.9,-13.2,-28.6,-25.6,-16.9
128.05,-10.7,-13.1,-28.5,-25.2,-16.5
128.06,-10.8,-13.2,-29.1,-25.2,-16.7
128.07,-11.0,-13.7,-29.4,-25.5,-16.7
128.08,-10.8,-14.1,-28.3,-25.6,-16.2
128.09,-10.7,-14.0,-28.5,-26.6,-16.2
128.10,-10.9,-14.0,-28.9,-27.2,-16.2
128.11,-10.3,-13.3,-28.1,-27.0,-16.2
128.12,-10.0,-12.6,-27.5,-26.6,-16.8
128.13,-9.8,-12.6,-27.3,-25.5,-16.9
128.14,-10.4,-13.5,-27.3,-25.3,-17.1
128.15,-10.8,-14.4,-27.3,-25.3,-17.2
128.16,-11.1,-16.4,-26.5,-24.1,-17.4
128.17,-11.6,-18.4,-26.2,-23.9,-18.1
128.18,-12.0,-20.3,-26.3,-23.4,-18.3
128.19,-11.8,-20.7,-25.7,-23.0,-18.3
128.20,-12.2,-21.6,-24.0,-23.2,-18.8
128.21,-13.0,-22.4,-23.8,-23.6,-18.7
128.22,-12.7,-22.9,-23.5,-23.3,-18.4
128.23,-12.9,-23.9,-23.3,-24.0,-18.3
128.24,-12.7,-21.0,-23.9,-23.7,-18.2
128.25,-11.8,-17.7,-22.2,-23.6,-18.8
128.26,-10.0,-14.5,-17.0,-24.3,-19.5
128.27,-8.8,-13.6,-13.4,-24.9,-20.0
128.28,-8.3,-13.1,-12.2,-26.6,-20.5
128.29,-8.3,-12.9,-11.6,-29.9,-20.2
128.30,-8.4,-13.0,-11.3,-33.4,-19.9
128.31,-9.2,-13.4,-12.7,-38.4,-19.4
128.32,-9.4,-13.0,-14.1,-40.5,-18.8
128.33,-9.7,-12.9,-15.2,-40.6,-18.8
128.34,-10.0,-13.2,-16.8,-39.2,-17.9
128.35,-10.9,-13.7,-19.0,-39.5,-17.9
128.36,-11.0,-13.9,-19.9,-39.7,-17.5
128.37,-11.0,-13.9,-19.8,-40.0,-17.4
128.38,-10.7,-13.5,-18.7,-41.6,-17.3
128.39,-10.5,-13.4,-17.8,-43.6,-17.4
128.40,-10.1,-13.2,-17.5,-39.3,-17.3
128.41,-10.2,-13.4,-16.9,-30.9,-17.4
128.42,-10.5,-14.0,-17.4,-27.8,-17.5
128.43,-10.6,-14.7,-17.8,-27.4,-17.9
128.44,-11.5,-15.3,-19.0,-25.7,-18.5
128.45,-11.5,-16.0,-19.3,-24.3,-19.0
128.46,-12.3,-16.9,-20.7,-24.6,-19.2
128.47,-12.4,-18.1,-20.0,-23.6,-19.2
128.48,-12.8,-19.0,-19.9,-23.6,-19.4
128.49,-13.2,-19.6,-19.8,-24.1,-19.9
128.50,-13.3,-20.3,-20.4,-23.9,-20.2
128.51,-13.6,-20.5,-20.2,-24.3,-20.8
128.52,-14.2,-20.3,-21.5,-24.9,-21.4
128.53,-13.6,-20.8,-20.8,-23.9,-21.8
128.54,-14.0,-21.6,-21.4,-24.4,-21.9
128.55,-15.0,-22.3,-22.6,-25.4,-22.3
128.56,-15.7,-23.8,-22.5,-26.6,-22.8
128.57,-16.8,-25.7,-22.6,-28.3,-23.6
128.58,-16.9,-27.0,-22.4,-27.3,-24.1
128.59,-16.1,-28.7,-21.3,-26.5,-24.1
128.60,-13.0,-30.8,-16.3,-25.4,-24.0
128.61,-10.6,-33.6,-12.6,-24.8,-22.7
128.62,-9.5,-35.8,-11.3,-24.7,-20.0
128.63,-9.1,-37.0,-10.8,-24.9,-18.3
128.64,-8.6,-37.6,-10.5,-25.0,-16.8
128.65,-9.3,-36.0,-11.1,-24.4,-16.3
128.66,-10.0,-34.7,-12.7,-24.0,-15.4
128.67,-11.1,-33.4,-14.5,-24.8,-15.1
128.68,-10.9,-32.4,-15.5,-25.5,-15.0
128.69,-12.7,-31.6,-18.3,-26.4,-15.0
128.70,-13.1,-30.9,-20.6,-25.8,-15.4
128.71,-12.9,-30.6,-22.1,-24.0,-15.5
128.72,-12.0,-30.7,-20.9,-22.7,-15.2
128.73,-12.2,-30.9,-20.3,-22.2,-15.2
128.74,-12.0,-31.5,-19.5,-22.0,-14.9
128.75,-12.3,-32.5,-19.5,-22.5,-15.1
128.76,-12.3,-33.5,-20.5,-23.1,-14.9
128.77,-13.2,-35.0,-22.8,-23.7,-15.4
128.78,-13.3,-37.1,-24.6,-24.3,-15.6
128.79,-13.8,-40.2,-24.7,-25.0,-16.2
128.80,-15.0,-43.1,-23.4,-26.4,-17.1
128.81,-15.8,-46.8,-22.6,-27.7,-17.6
128.82,-15.9,-49.6,-22.3,-30.7,-17.8
128.83,-16.4,-51.0,-22.1,-32.0,-18.0
128.84,-16.1,-51.9,-22.9,-31.1,-18.1
128.85,-15.9,-52.7,-24.3,-29.8,-18.1
128.86,-16.4,-53.8,-24.8,-28.6,-18.7
128.87,-16.3,-55.1,-25.6,-26.6,-18.9
128.88,-16.1,-54.4,-25.2,-24.9,-19.3
128.89,-14.9,-53.5,-23.7,-23.5,-19.1
128.90,-14.2,-50.4,-23.5,-22.4,-19.4
128.91,-14.2,-44.3,-23.5,-21.8,-19.7
128.92,-14.1,-37.5,-23.7,-21.7,-19.8
128.93,-15.0,-30.6,-25.0,-22.4,-20.3
128.94,-13.7,-20.7,-21.2,-23.5,-20.3
128.95,-11.7,-17.7,-16.2,-25.0,-20.6
128.96,-10.0,-15.5,-13.2,-26.4,-20.2
128.97,-8.7,-14.3,-12.0,-27.9,-19.5
128.98,-8.0,-13.7,-11.5,-28.0,-17.3
128.99,-8.0,-13.8,-11.3,-27.8,-15.6
129.00,-8.4,-13.8,-12.9,-27.4,-15.0
129.01,-8.8,-14.0,-14.3,-27.7,-14.4
129.02,-8.9,-13.7,-15.6,-29.5,-13.7
129.03,-8.9,-13.3,-17.4,-29.6,-13.5
129.04,-9.6,-13.6,-19.5,-30.9,-14.2
129.05,-9.6,-14.2,-20.9,-29.7,-13.7
129.06,-9.6,-14.8,-20.8,-28.8,-13.5
129.07,-9.6,-14.9,-19.9,-29.2,-13.4
129.08,-9.3,-14.0,-19.2,-28.1,-13.6
129.09,-9.4,-13.9,-18.7,-27.9,-13.8
129.10,-9.1,-14.0,-18.4,-27.0,-13.5
129.11,-9.3,-14.6,-18.9,-25.9,-13.7
129.12,-10.5,-17.1,-19.5,-25.9,-14.4
129.13,-11.9,-22.3,-20.4,-26.3,-14.7
129.14,-11.8,-25.5,-21.2,-26.6,-14.4
129.15,-12.3,-30.8,-22.1,-26.4,-14.9
129.16,-13.3,-33.0,-21.8,-25.9,-16.0
129.17,-13.5,-29.2,-22.1,-24.8,-16.2
129.18,-13.2,-26.6,-22.4,-23.8,-16.3
129.19,-14.0,-24.6,-23.7,-23.6,-16.8
129.20,-13.6,-23.9,-24.1,-23.2,-17.1
129.21,-13.8,-24.1,-24.7,-23.5,-17.2
129.22,-13.8,-25.2,-23.9,-23.0,-17.1
129.23,-14.2,-27.4,-24.4,-23.2,-17.3
129.24,-15.3,-31.8,-24.6,-23.4,-17.6
129.25,-15.3,-36.9,-24.1,-23.3,-18.3
129.26,-15.7,-43.7,-25.0,-23.7,-18.2
129.27,-15.3,-46.5,-24.6,-23.9,-19.3
129.28,-16.1,-40.7,-22.9,-24.5,-20.8
129.29,-13.8,-33.4,-16.5,-25.9,-21.4
129.30,-11.6,-23.5,-13.0,-27.6,-21.4
129.31,-10.0,-17.6,-11.7,-28.1,-22.8
129.32,-8.7,-15.2,-11.1,-27.2,-19.6
129.33,-8.0,-13.8,-11.0,-26.6,-18.4
129.34,-8.0,-12.3,-11.7,-26.5,-17.4
129.35,-8.0,-11.8,-13.4,-27.1,-16.4
129.36,-8.7,-11.8,-15.0,-27.6,-15.8
129.37,-8.9,-12.0,-16.1,-26.9,-16.4
129.38,-9.6,-12.4,-18.4,-25.7,-16.3
129.39,-10.0,-13.0,-21.0,-24.6,-16.1
129.40,-10.6,-13.7,-22.6,-23.7,-16.8
129.41,-10.5,-14.0,-21.8,-23.1,-17.1
129.42,-11.0,-13.9,-21.9,-23.0,-17.1
129.43,-10.6,-13.7,-21.7,-22.8,-17.2
129.44,-10.4,-13.7,-21.3,-22.8,-17.1
129.45,-10.4,-13.5,-22.4,-22.7,-17.6
129.46,-10.6,-13.2,-24.8,-23.2,-17.9
129.47,-10.5,-12.9,-25.1,-23.9,-17.7
129.48,-10.5,-12.2,-24.8,-25.8,-18.3
129.49,-10.0,-11.4,-25.2,-27.4,-19.0
129.50,-10.0,-11.0,-24.1,-30.2,-19.5
129.51,-9.8,-10.9,-24.3,-30.3,-19.7
129.52,-10.5,-11.8,-24.5,-28.5,-19.9
129.53,-11.6,-13.1,-25.0,-28.0,-19.9
129.54,-13.3,-15.7,-26.5,-28.3,-19.9
129.55,-15.7,-20.1,-27.1,-28.9,-20.5
129.56,-17.8,-28.1,-27.0,-30.2,-20.4
129.57,-17.3,-33.9,-27.1,-28.4,-20.2
129.58,-16.8,-36.3,-26.4,-26.5,-21.1
129.59,-16.0,-39.3,-26.3,-24.0,-21.7
129.60,-16.0,-39.2,-26.4,-23.5,-22.1
129.61,-16.0,-40.8,-26.9,-22.4,-22.9
129.62,-17.0,-41.4,-28.0,-23.1,-22.9
129.63,-15.8,-34.2,-20.5,-22.9,-23.4
129.64,-12.7,-30.7,-15.2,-24.4,-23.0
129.65,-11.0,-27.7,-12.6,-25.2,-21.5
129.66,-10.3,-20.8,-11.6,-27.4,-21.0
129.67,-8.8,-15.7,-11.0,-27.1,-20.0
129.68,-8.3,-13.5,-11.0,-29.2,-18.5
129.69,-8.4,-12.7,-12.8,-27.3,-17.3
129.70,-8.8,-12.5,-14.1,-27.0,-16.7
129.71,-9.1,-13.3,-15.2,-26.7,-15.9
129.72,-10.3,-15.3,-17.0,-26.8,-16.0
129.73,-10.9,-16.0,-19.2,-27.2,-16.1
129.74,-11.5,-15.1,-20.6,-27.8,-16.9
129.75,-11.0,-13.7,-20.9,-26.1,-17.3
129.76,-10.2,-12.5,-19.8,-27.0,-17.5
129.77,-9.6,-11.9,-19.0,-24.1,-17.6
129.78,-9.6,-12.2,-18.3,-24.4,-17.8
129.79,-9.6,-13.0,-17.7,-23.2,-17.8
129.80,-10.5,-14.1,-18.2,-23.4,-18.5
129.81,-11.4,-15.7,-19.1,-23.9,-18.4
129.82,-13.0,-18.4,-20.4,-24.9,-19.0
129.83,-13.5,-19.9,-21.8,-24.7,-19.5
129.84,-14.3,-21.4,-23.5,-25.9,-20.0
129.85,-13.9,-21.8,-22.2,-24.7,-20.4
129.86,-14.2,-21.7,-21.7,-24.8,-21.4
129.87,-14.5,-21.7,-21.8,-24.4,-21.6
129.88,-13.9,-18.6,-22.7,-24.1,-21.5
129.89,-12.2,-14.5,-23.1,-23.2,-22.2
129.90,-11.4,-13.6,-24.7,-22.4,-21.8
129.91,-10.9,-12.8,-24.4,-21.6,-22.2
129.92,-10.5,-12.2,-24.7,-21.5,-22.8
129.93,-11.0,-12.5,-24.8,-21.8,-21.8
129.94,-11.5,-13.1,-24.6,-22.1,-22.1
129.95,-11.2,-12.4,-25.5,-22.6,-22.4
129.96,-10.3,-11.5,-25.8,-22.5,-21.7
129.97,-10.3,-11.8,-23.4,-23.1,-21.6
129.98,-9.7,-12.5,-16.9,-23.5,-21.9
129.99,-9.0,-13.5,-13.2,-24.9,-19.7
130.00,-8.9,-15.7,-11.9,-25.4,-18.7
130.01,-9.3,-20.8,-11.3,-26.0,-17.8
130.02,-8.7,-22.8,-11.2,-25.3,-16.3
130.03,-9.6,-24.9,-11.9,-26.4,-15.5
130.04,-10.6,-29.9,-13.7,-26.7,-15.1
130.05,-11.6,-35.8,-15.5,-26.0,-14.9
130.06,-11.3,-35.4,-16.5,-24.9,-14.7
130.07,-12.4,-29.5,-19.1,-24.4,-14.9
130.08,-12.1,-21.3,-21.9,-22.8,-15.2
130.09,-11.8,-17.7,-23.3,-22.8,-15.5
130.10,-11.0,-15.9,-22.0,-23.4,-15.7
130.11,-10.7,-15.1,-21.9,-23.6,-15.9
130.12,-10.8,-14.7,-21.6,-24.9,-16.2
130.13,-11.7,-15.6,-21.5,-25.6,-16.6
130.14,-12.0,-17.1,-23.0,-25.6,-16.4
130.15,-13.2,-18.2,-25.7,-26.3,-17.1
130.16,-13.8,-19.1,-26.5,-26.2,-17.5
130.17,-14.1,-19.7,-25.5,-27.3,-17.6
130.18,-14.9,-20.0,-25.3,-27.5,-18.7
130.19,-14.6,-19.2,-24.8,-28.3,-19.6
130.20,-13.7,-16.6,-24.9,-28.1,-19.8
130.21,-12.6,-15.1,-24.9,-28.3,-21.0
130.22,-11.6,-13.6,-25.9,-27.1,-21.4
130.23,-11.2,-13.2,-27.1,-26.6,-21.2
130.24,-12.0,-13.9,-27.8,-26.5,-22.2
130.25,-13.1,-15.5,-28.5,-26.1,-22.8
130.26,-14.2,-17.7,-29.7,-23.8,-22.6
130.27,-17.2,-24.6,-30.1,-23.6,-23.7
130.28,-17.6,-30.1,-31.0,-22.4,-24.5
130.29,-17.9,-35.1,-31.5,-22.2,-24.8
130.30,-18.1,-30.2,-31.5,-22.1,-24.9
130.31,-16.8,-22.2,-31.8,-22.6,-24.5
130.32,-14.3,-17.5,-24.9,-23.7,-24.0
130.33,-11.6,-15.3,-16.4,-25.0,-22.7
130.34,-10.0,-13.9,-13.5,-26.0,-21.0
130.35,-8.9,-13.1,-12.4,-30.2,-18.7
130.36,-8.5,-13.7,-11.7,-28.3,-17.9
130.37,-8.5,-14.2,-11.3,-27.6,-17.0
130.38,-9.4,-15.3,-12.9,-26.7,-16.4
130.39,-9.9,-16.2,-14.2,-25.4,-16.0
130.40,-10.5,-16.5,-15.4,-24.4,-16.3
130.41,-10.8,-15.6,-17.4,-24.8,-16.2
130.42,-10.5,-14.4,-19.9,-24.1,-16.1
130.43,-10.4,-13.4,-21.5,-24.8,-15.8
130.44,-10.0,-13.4,-21.0,-26.1,-16.0
130.45,-10.6,-14.1,-19.7,-26.7,-16.6
130.46,-11.7,-15.5,-18.6,-28.6,-17.4
130.47,-12.5,-18.1,-17.9,-30.2,-17.9
130.48,-13.1,-24.8,-17.3,-28.8,-18.3
130.49,-12.6,-29.1,-16.0,-27.1,-18.8
130.50,-11.7,-33.5,-14.8,-26.5,-18.4
130.51,-11.2,-31.1,-14.7,-25.8,-18.2
130.52,-10.5,-20.1,-15.0,-25.2,-18.3
130.53,-10.2,-16.5,-15.2,-25.8,-18.3
130.54,-10.3,-14.5,-17.5,-26.4,-18.2
130.55,-10.5,-13.2,-20.2,-26.4,-18.7
130.56,-10.3,-12.6,-22.2,-25.3,-18.4
130.57,-10.5,-12.7,-23.0,-25.0,-18.1
130.58,-10.7,-13.2,-24.4,-23.6,-17.9
130.59,-10.8,-13.8,-25.0,-23.0,-17.0
130.60,-11.1,-14.2,-25.4,-23.0,-16.4
130.61,-10.9,-14.4,-25.7,-23.1,-16.2
130.62,-11.2,-14.6,-26.2,-23.4,-16.2
130.63,-11.0,-14.6,-26.3,-23.3,-15.7
130.64,-10.7,-14.5,-27.1,-22.5,-15.6
130.65,-11.0,-14.6,-27.7,-22.5,-15.8
130.66,-10.8,-14.5,-28.5,-22.2,-15.5
130.67,-10.6,-14.1,-28.9,-22.0,-15.8
130.68,-10.9,-13.9,-29.4,-21.9,-16.1
130.69,-10.7,-13.6,-29.1,-21.6,-16.5
130.70,-10.1,-13.4,-28.7,-21.0,-16.6
130.71,-10.3,-13.4,-28.8,-21.0,-16.6
130.72,-10.1,-13.5,-28.8,-20.8,-16.5
130.73,-10.2,-13.6,-29.0,-21.5,-16.5
130.74,-10.6,-13.6,-29.8,-22.7,-16.3
130.75,-10.7,-13.7,-30.3,-23.0,-16.6
130.76,-10.8,-13.9,-30.4,-23.6,-16.4
130.77,-11.1,-14.0,-30.0,-24.8,-16.5
130.78,-11.1,-14.0,-30.4,-25.4,-16.7
130.79,-11.5,-14.0,-30.5,-27.1,-17.2
130.80,-11.5,-13.7,-30.5,-28.1,-17.2
130.81,-11.2,-13.5,-31.3,-28.5,-17.1
130.82,-10.9,-13.2,-31.5,-28.6,-17.3
130.83,-10.9,-13.1,-32.0,-28.6,-17.5
130.84,-10.5,-13.0,-31.6,-26.4,-17.4
130.85,-10.5,-13.0,-31.8,-26.2,-17.5
130.86,-10.5,-13.2,-32.0,-25.6,-17.4
130.87,-10.7,-13.5,-32.0,-25.3,-17.5
130.88,-11.2,-14.0,-32.4,-25.0,-18.3
130.89,-11.5,-14.3,-32.4,-25.5,-18.6
130.90,-11.8,-14.6,-31.5,-25.6,-19.1
130.91,-11.7,-15.2,-31.3,-25.7,-18.6
130.92,-11.7,-15.6,-29.6,-25.5,-18.3
130.93,-11.4,-15.6,-27.3,-25.8,-18.1
130.94,-10.5,-14.4,-24.9,-25.3,-17.9
130.95,-10.1,-13.2,-23.5,-26.0,-18.2
130.96,-9.4,-11.9,-21.9,-26.3,-19.0
130.97,-9.7,-12.0,-21.4,-27.7,-18.7
130.98,-9.9,-12.3,-21.6,-30.9,-18.6
130.99,-10.6,-13.5,-21.6,-31.7,-18.0
131.00,-11.3,-15.1,-22.0,-36.1,-18.0
131.01,-11.6,-16.1,-20.3,-36.4,-18.3
131.02,-10.7,-15.9,-15.8,-36.6,-19.1
131.03,-9.5,-14.7,-13.5,-38.3,-20.4
131.04,-9.0,-13.7,-12.7,-39.2,-21.7
131.05,-8.8,-13.6,-12.2,-36.2,-22.2
131.06,-8.8,-13.2,-12.1,-37.4,-22.6
131.07,-9.5,-12.6,-14.1,-36.9,-22.5
131.08,-10.1,-12.9,-15.5,-37.4,-22.6
131.09,-10.4,-12.9,-16.5,-40.5,-22.3
131.10,-10.5,-12.7,-18.2,-43.7,-22.1
131.11,-10.9,-12.9,-20.2,-44.8,-21.7
131.12,-11.1,-13.4,-21.3,-45.2,-22.0
131.13,-11.3,-13.6,-20.6,-41.1,-22.4
131.14,-11.4,-13.7,-19.6,-37.5,-22.8
131.15,-11.2,-13.7,-18.7,-33.0,-22.5
131.16,-11.4,-13.9,-18.6,-31.0,-22.0
131.17,-11.2,-13.9,-18.5,-26.3,-21.8
131.18,-11.2,-13.9,-19.5,-24.5,-21.4
131.19,-11.3,-14.0,-20.4,-24.3,-21.9
131.20,-11.7,-14.1,-22.0,-23.5,-21.8
131.21,-11.5,-14.4,-22.9,-22.9,-22.0
131.22,-11.2,-14.3,-23.4,-23.1,-21.5
131.23,-11.0,-14.4,-23.1,-22.3,-21.1
131.24,-11.0,-14.2,-22.5,-22.5,-21.0
131.25,-11.0,-14.1,-22.5,-22.6,-20.8
131.26,-11.2,-14.1,-23.3,-23.0,-20.7
131.27,-11.1,-14.0,-23.3,-24.2,-20.3
131.28,-10.7,-13.1,-24.9,-24.4,-20.4
131.29,-10.2,-13.0,-25.2,-23.2,-19.5
131.30,-10.4,-12.8,-25.6,-23.2,-19.0
131.31,-10.5,-13.0,-26.8,-22.9,-18.8
131.32,-11.5,-14.0,-26.7,-22.3,-18.3
131.33,-12.6,-15.5,-27.0,-22.9,-18.3
131.34,-12.9,-18.1,-27.1,-22.1,-17.8
131.35,-13.0,-20.0,-25.4,-21.9,-17.5
131.36,-12.7,-23.9,-19.5,-21.9,-17.6
131.37,-10.6,-29.4,-13.6,-22.7,-17.9
131.38,-9.6,-34.7,-12.3,-22.3,-18.0
131.39,-9.5,-38.2,-11.6,-22.4,-17.6
131.40,-9.1,-41.9,-11.3,-21.9,-17.3
131.41,-9.3,-44.3,-11.8,-22.3,-16.6
131.42,-10.1,-45.3,-13.4,-22.0,-16.1
131.43,-11.5,-46.4,-14.8,-23.7,-16.1
131.44,-11.7,-47.2,-16.0,-23.9,-16.0
131.45,-13.0,-47.6,-18.1,-23.5,-15.7
131.46,-14.1,-48.3,-20.0,-22.5,-15.9
131.47,-13.2,-48.7,-20.3,-21.3,-16.1
131.48,-13.3,-49.9,-20.6,-20.9,-16.0
131.49,-12.2,-50.8,-19.6,-20.5,-16.0
131.50,-11.9,-50.9,-19.2,-20.8,-16.0
131.51,-12.2,-51.1,-19.0,-21.7,-16.0
131.52,-12.6,-49.8,-19.2,-22.9,-16.1
131.53,-12.9,-49.9,-19.3,-24.6,-16.3
131.54,-13.7,-50.1,-19.9,-25.7,-16.6
131.55,-14.3,-50.1,-20.5,-26.7,-16.9
131.56,-14.1,-49.8,-20.9,-26.7,-16.9
131.57,-14.1,-49.8,-21.3,-26.9,-17.2
131.58,-14.7,-49.2,-22.5,-26.6,-17.2
131.59,-15.2,-49.2,-23.8,-26.8,-17.6
131.60,-15.5,-49.5,-25.5,-25.8,-17.9
131.61,-15.2,-49.3,-26.9,-24.5,-17.3
131.62,-15.0,-47.4,-27.8,-23.8,-17.3
131.63,-14.7,-38.5,-28.2,-23.3,-17.1
131.64,-14.4,-31.1,-27.5,-22.5,-17.2
131.65,-14.2,-25.0,-27.4,-22.8,-17.0
131.66,-13.8,-21.4,-27.8,-22.9,-16.8
131.67,-13.3,-20.3,-27.4,-23.1,-16.3
131.68,-13.1,-19.9,-27.8,-23.3,-16.4
131.69,-12.8,-20.1,-28.8,-23.1,-16.6
131.70,-12.3,-21.3,-21.8,-22.9,-16.7
131.71,-10.7,-21.7,-15.5,-23.1,-17.0
131.72,-10.2,-18.6,-13.1,-23.0,-18.0
131.73,-8.9,-16.7,-12.2,-23.4,-18.7
131.74,-8.7,-15.2,-11.5,-24.2,-18.8
131.75,-8.2,-14.1,-11.5,-24.9,-18.2
131.76,-8.8,-14.0,-13.2,-26.1,-18.2
131.77,-9.5,-14.7,-14.6,-27.9,-18.2
131.78,-10.5,-16.5,-15.7,-27.8,-18.2
131.79,-11.7,-18.7,-17.6,-27.5,-18.3
131.80,-12.9,-21.4,-19.9,-25.5,-18.3
131.81,-13.9,-28.3,-21.2,-25.0,-17.9
131.82,-13.7,-31.5,-20.9,-23.8,-17.5
131.83,-13.4,-32.7,-19.9,-24.4,-17.5
131.84,-13.5,-31.4,-19.0,-24.3,-17.8
131.85,-13.4,-31.2,-18.5,-26.4,-17.8
131.86,-12.7,-31.6,-18.3,-25.5,-17.5
131.87,-13.7,-32.0,-19.1,-26.9,-17.4
131.88,-13.4,-31.9,-20.0,-26.6,-17.1
131.89,-13.0,-26.9,-21.3,-25.5,-16.6
131.90,-13.1,-22.5,-23.2,-25.4,-17.0
131.91,-13.1,-21.1,-24.4,-25.4,-17.1
131.92,-11.9,-17.9,-24.4,-24.1,-16.6
131.93,-11.0,-15.1,-24.4,-22.9,-17.2
131.94,-10.7,-13.3,-24.9,-22.9,-18.2
131.95,-9.5,-12.1,-26.0,-22.0,-17.8
131.96,-9.6,-11.7,-27.1,-22.4,-18.5
131.97,-9.7,-12.0,-28.0,-22.7,-18.6
131.98,-10.3,-13.5,-27.8,-23.0,-18.0
131.99,-11.0,-15.2,-28.3,-23.1,-17.2
132.00,-12.3,-18.2,-28.2,-23.9,-16.9
132.01,-12.5,-22.9,-27.8,-23.9,-15.9
132.02,-12.6,-26.9,-28.6,-23.8,-15.3
132.03,-12.9,-30.3,-28.9,-23.6,-15.3
132.04,-12.4,-32.4,-24.1,-22.7,-15.3
132.05,-11.3,-27.9,-17.0,-23.2,-15.8
132.06,-9.5,-18.0,-14.0,-23.9,-16.0
132.07,-8.5,-15.5,-12.6,-24.7,-16.9
132.08,-7.7,-13.3,-12.0,-22.9,-17.1
132.09,-7.3,-12.2,-11.8,-23.3,-16.9
132.10,-7.8,-11.5,-12.9,-23.1,-17.4
132.11,-8.1,-11.3,-14.5,-23.0,-16.9
132.12,-8.3,-11.0,-16.0,-23.4,-16.4
132.13,-8.6,-10.9,-17.5,-25.0,-16.6
132.14,-9.1,-11.0,-20.0,-24.6,-16.8
132.15,-8.9,-10.9,-22.5,-24.0,-16.7
132.16,-9.0,-11.3,-23.5,-23.5,-16.5
132.17,-9.1,-11.7,-23.3,-22.9,-16.8
132.18,-9.1,-11.8,-22.9,-22.0,-17.1
132.19,-9.1,-11.9,-22.6,-22.1,-16.7
132.20,-9.0,-12.4,-22.5,-21.8,-16.0
132.21,-9.2,-12.2,-24.3,-22.3,-15.9
132.22,-9.8,-12.8,-25.7,-22.9,-16.1
132.23,-9.4,-12.5,-26.1,-23.6,-15.5
132.24,-9.6,-13.5,-25.6,-23.4,-14.9
132.25,-9.9,-13.3,-24.6,-23.9,-15.5
132.26,-10.3,-14.4,-23.8,-23.2,-16.3
132.27,-10.4,-14.9,-24.2,-22.5,-16.3
132.28,-11.0,-16.5,-24.2,-22.4,-16.4
132.29,-12.1,-17.6,-24.7,-23.2,-17.2
132.30,-12.9,-18.5,-26.3,-24.2,-17.7
132.31,-13.0,-19.3,-27.3,-25.0,-17.4
132.32,-13.4,-18.2,-27.4,-27.2,-17.4
132.33,-12.9,-17.6,-27.9,-26.1,-17.4
132.34,-12.6,-17.6,-28.0,-25.2,-17.3
132.35,-12.2,-18.3,-28.2,-23.7,-16.9
132.36,-12.7,-18.9,-28.3,-23.0,-17.1
132.37,-13.0,-20.7,-29.2,-22.3,-17.4
132.38,-13.1,-21.3,-29.7,-21.7,-17.5
132.39,-12.9,-21.8,-22.7,-21.3,-17.9
132.40,-10.9,-20.9,-15.6,-21.9,-18.6
132.41,-9.8,-16.8,-13.6,-21.9,-18.9
132.42,-8.7,-14.5,-12.7,-21.7,-18.9
132.43,-8.4,-12.8,-12.1,-22.2,-19.5
132.44,-8.0,-12.1,-12.0,-21.8,-19.0
132.45,-8.2,-11.6,-13.8,-21.2,-18.9
132.46,-8.4,-11.5,-15.1,-20.8,-18.8
132.47,-8.5,-11.4,-16.3,-20.9,-18.8
132.48,-8.7,-11.1,-18.1,-20.9,-19.2
132.49,-8.4,-10.7,-20.2,-20.7,-19.2
132.50,-8.7,-11.1,-21.4,-20.8,-19.1
132.51,-9.2,-11.3,-20.8,-21.0,-19.1
132.52,-8.9,-11.2,-19.6,-21.8,-19.4
132.53,-9.3,-11.5,-18.9,-22.4,-19.0
132.54,-9.2,-11.8,-18.6,-23.6,-18.9
132.55,-8.6,-11.2,-18.6,-24.4,-18.9
132.56,-8.4,-10.9,-19.4,-24.7,-18.0
132.57,-8.9,-11.4,-20.5,-25.2,-18.1
132.58,-9.5,-12.0,-21.7,-24.9,-18.2
132.59,-9.4,-11.6,-22.9,-25.2,-18.1
132.60,-9.7,-11.5,-24.0,-25.1,-18.9
132.61,-9.6,-11.7,-23.6,-24.5,-18.3
132.62,-10.0,-12.7,-23.4,-23.9,-17.7
132.63,-10.7,-14.3,-23.3,-24.4,-17.4
132.64,-11.2,-16.3,-23.8,-24.1,-17.1
132.65,-11.3,-18.7,-24.1,-23.0,-16.2
132.66,-12.5,-23.7,-24.9,-23.7,-16.2
132.67,-11.9,-27.0,-25.2,-22.0,-15.7
132.68,-12.1,-30.2,-25.7,-21.9,-15.6
132.69,-12.6,-34.0,-25.7,-22.8,-15.2
132.70,-12.5,-32.4,-25.6,-22.9,-15.1
132.71,-12.5,-27.6,-26.2,-22.7,-15.2
132.72,-11.7,-20.8,-26.2,-22.8,-15.3
132.73,-10.4,-16.6,-24.6,-21.8,-15.1
132.74,-9.5,-14.7,-18.9,-21.9,-15.6
132.75,-8.9,-13.7,-14.1,-23.2,-16.9
132.76,-8.4,-13.4,-12.7,-23.6,-17.0
132.77,-8.7,-14.2,-12.1,-24.7,-17.4
132.78,-9.1,-15.6,-11.7,-25.0,-18.2
132.79,-9.5,-17.6,-12.1,-24.9,-17.2
132.80,-10.8,-20.6,-13.6,-25.5,-16.8
132.81,-11.3,-20.8,-15.0,-25.5,-16.9
132.82,-11.1,-17.6,-16.3,-25.6,-17.3
132.83,-10.1,-14.8,-18.4,-24.5,-17.1
132.84,-9.7,-12.9,-20.8,-23.2,-17.4
132.85,-9.1,-11.7,-21.1,-22.5,-18.2
132.86,-8.9,-11.1,-21.3,-22.1,-18.3
132.87,-9.0,-11.3,-20.4,-21.7,-17.9
132.88,-9.5,-12.2,-19.9,-22.2,-18.0
132.89,-10.0,-13.4,-19.9,-22.4,-17.7
132.90,-10.5,-14.8,-20.1,-22.3,-17.7
132.91,-11.3,-16.6,-20.1,-23.4,-17.5
132.92,-12.2,-18.6,-20.6,-24.1,-17.4
132.93,-12.3,-18.9,-21.4,-23.9,-16.8
132.94,-12.4,-19.0,-22.0,-24.3,-16.5
132.95,-12.6,-19.8,-22.6,-25.1,-16.2
132.96,-12.4,-19.7,-23.6,-24.6,-15.9
132.97,-12.4,-19.7,-24.6,-25.3,-16.1
132.98,-13.2,-19.4,-26.1,-25.1,-16.9
132.99,-13.3,-18.7,-28.0,-25.6,-17.4
133.00,-13.2,-18.2,-30.1,-24.1,-18.3
133.01,-13.6,-17.8,-32.4,-24.4,-19.1
133.02,-12.2,-16.0,-34.1,-23.1,-18.5
133.03,-11.0,-14.5,-35.2,-22.8,-17.9
133.04,-10.7,-13.9,-35.4,-23.0,-17.8
133.05,-10.2,-13.4,-35.2,-23.8,-17.4
133.06,-10.2,-13.6,-35.0,-24.0,-17.2
133.07,-11.3,-14.7,-35.1,-24.8,-18.1
133.08,-11.5,-15.6,-24.1,-24.6,-18.7
133.09,-10.0,-14.3,-15.3,-24.3,-19.5
133.10,-9.2,-13.1,-13.3,-24.2,-20.3
133.11,-8.5,-12.2,-12.5,-25.1,-21.1
133.12,-7.9,-11.5,-11.9,-25.3,-21.2
133.13,-8.1,-11.5,-11.9,-26.3,-21.8
133.14,-8.8,-11.8,-13.7,-26.8,-22.1
133.15,-9.3,-12.1,-15.1,-25.3,-22.1
133.16,-9.8,-12.3,-16.3,-25.0,-21.8
133.17,-10.0,-12.5,-18.2,-24.5,-21.6
133.18,-10.4,-12.5,-20.7,-24.8,-21.3
133.19,-10.6,-12.5,-22.4,-26.0,-21.3
133.20,-10.6,-12.5,-22.2,-27.4,-21.4
133.21,-10.9,-12.9,-20.7,-29.8,-22.2
133.22,-11.3,-13.5,-19.7,-33.0,-21.9
133.23,-11.1,-13.6,-18.8,-33.6,-21.6
133.24,-11.0,-14.1,-18.2,-34.5,-22.2
133.25,-10.9,-14.5,-17.4,-33.2,-21.6
133.26,-10.4,-14.5,-16.8,-33.2,-21.1
133.27,-10.3,-14.3,-16.8,-33.4,-20.5
133.28,-10.2,-14.2,-17.2,-31.5,-19.9
133.29,-10.1,-13.8,-17.5,-27.0,-19.2
133.30,-10.1,-13.2,-19.6,-25.5,-19.3
133.31,-10.3,-12.7,-22.2,-25.1,-19.7
133.32,-10.2,-12.6,-23.8,-24.1,-19.5
133.33,-10.6,-12.8,-24.9,-24.9,-19.8
133.34,-10.8,-13.1,-25.8,-24.8,-19.6
133.35,-10.8,-13.4,-26.1,-24.1,-19.4
133.36,-11.0,-13.8,-25.9,-24.0,-19.3
133.37,-11.0,-13.7,-26.4,-23.0,-19.7
133.38,-11.1,-14.0,-26.2,-22.4,-19.9
133.39,-11.0,-14.1,-25.9,-22.1,-19.8
133.40,-11.0,-14.2,-26.6,-22.4,-19.2
133.41,-10.7,-14.0,-26.7,-22.3,-18.6
133.42,-10.8,-14.0,-27.6,-23.3,-17.9
133.43,-10.8,-14.2,-29.0,-24.3,-17.5
133.44,-11.1,-14.2,-29.6,-24.6,-17.5
133.45,-10.8,-14.3,-29.5,-23.2,-17.3
133.46,-10.8,-14.5,-29.7,-22.5,-17.6
133.47,-10.6,-14.6,-29.6,-22.1,-17.5
133.48,-10.4,-14.3,-29.3,-21.5,-17.8
133.49,-10.1,-14.1,-29.0,-21.6,-18.0
133.50,-11.0,-14.3,-28.2,-23.4,-19.0
133.51,-11.1,-14.4,-24.5,-24.6,-19.7
133.52,-11.5,-15.2,-22.8,-25.0,-20.2
133.53,-11.5,-16.5,-20.9,-25.7,-20.1
133.54,-11.3,-17.4,-20.1,-25.4,-19.8
133.55,-11.8,-19.4,-20.2,-25.5,-19.8
133.56,-12.8,-21.5,-21.3,-25.8,-19.8
133.57,-12.5,-22.9,-22.1,-24.5,-19.2
133.58,-13.3,-24.6,-24.3,-24.6,-19.0
133.59,-12.7,-25.3,-24.2,-23.8,-18.4
133.60,-11.8,-26.9,-19.0,-23.6,-18.5
133.61,-9.8,-29.1,-13.3,-24.1,-18.6
133.62,-9.6,-30.9,-12.0,-24.9,-19.1
133.63,-9.2,-33.3,-11.3,-23.8,-19.2
133.64,-9.4,-35.7,-11.1,-24.3,-19.6
133.65,-10.1,-36.2,-11.7,-23.4,-19.1
133.66,-11.2,-36.4,-13.1,-23.3,-19.5
133.67,-10.9,-36.1,-14.3,-22.7,-19.5
133.68,-11.3,-36.0,-15.5,-22.2,-19.0
133.69,-11.7,-33.6,-17.3,-21.7,-18.9
133.70,-11.9,-26.7,-18.7,-22.5,-19.1
133.71,-11.6,-20.6,-20.0,-22.7,-19.0
133.72,-11.0,-16.8,-20.0,-23.6,-19.0
133.73,-10.3,-14.1,-19.7,-25.4,-19.8
133.74,-9.6,-12.7,-18.7,-25.5,-20.3
133.75,-9.0,-12.4,-18.8,-24.2,-19.9
133.76,-9.2,-11.8,-20.2,-24.4,-20.7
133.77,-9.2,-11.9,-20.3,-24.5,-20.3
133.78,-8.6,-12.5,-14.8,-24.5,-20.5
133.79,-8.5,-12.4,-13.2,-23.6,-20.1
133.80,-8.2,-12.3,-12.6,-23.4,-20.5
133.81,-8.2,-12.7,-12.0,-23.3,-20.6
133.82,-8.4,-12.9,-12.1,-21.5,-21.3
133.83,-9.1,-13.1,-14.1,-22.0,-21.4
133.84,-9.4,-13.7,-15.6,-21.0,-20.8
133.85,-9.7,-13.7,-16.8,-21.4,-20.2
133.86,-10.0,-13.6,-18.5,-20.6,-20.3
133.87,-10.1,-13.6,-20.7,-21.1,-20.0
133.88,-10.5,-13.6,-22.4,-21.3,-20.0
133.89,-10.6,-13.5,-22.3,-21.3,-20.4
133.90,-10.6,-13.3,-21.7,-22.1,-21.2
133.91,-10.2,-13.0,-21.1,-21.3,-21.4
133.92,-10.4,-12.6,-21.3,-22.4,-21.6
133.93,-10.0,-12.4,-21.5,-21.5,-22.2
133.94,-10.3,-12.4,-21.9,-22.3,-22.2
133.95,-10.3,-12.7,-22.5,-21.2,-21.6
133.96,-10.4,-13.0,-22.9,-21.5,-21.2
133.97,-10.8,-13.5,-23.1,-20.5,-21.6
133.98,-11.3,-14.0,-24.1,-20.6,-21.6
133.99,-11.3,-14.5,-24.3,-19.8,-21.1
134.00,-11.4,-14.6,-24.0,-20.6,-21.1
134.01,-11.7,-14.8,-24.6,-20.0,-21.4
134.02,-11.8,-14.7,-25.6,-21.3,-21.2
134.03,-11.2,-14.5,-25.0,-20.5,-20.9
134.04,-11.2,-14.3,-26.3,-21.4,-20.8
134.05,-11.4,-14.1,-27.6,-21.0,-21.1
134.06,-11.4,-14.1,-27.5,-21.4,-20.7
134.07,-11.6,-14.5,-28.8,-21.3,-20.4
134.08,-12.3,-15.4,-29.9,-20.9,-20.7
134.09,-12.7,-16.8,-30.0,-21.2,-20.1
134.10,-13.1,-18.9,-30.1,-20.5,-19.7
134.11,-14.2,-21.7,-27.5,-21.7,-19.9
134.12,-12.9,-21.0,-18.0,-20.9,-20.3
134.13,-11.4,-18.6,-14.2,-21.8,-20.9
134.14,-9.8,-15.4,-12.8,-21.8,-21.8
134.15,-9.2,-14.0,-12.2,-22.6,-22.7
134.16,-8.8,-13.7,-11.8,-22.7,-23.0
134.17,-9.7,-13.9,-12.9,-23.1,-21.9
134.18,-10.2,-15.3,-14.7,-22.5,-20.8
134.19,-11.6,-17.9,-16.2,-22.7,-20.0
134.20,-12.4,-20.9,-17.6,-22.0,-19.7
134.21,-13.3,-23.8,-20.3,-22.5,-19.3
134.22,-13.8,-26.6,-22.2,-22.1,-19.4
134.23,-15.1,-28.0,-22.8,-23.0,-19.6
134.24,-14.7,-29.8,-22.8,-22.0,-19.6
134.25,-15.2,-32.3,-21.9,-22.1,-19.8
134.26,-14.9,-32.6,-21.5,-21.5,-20.1
134.27,-14.7,-30.7,-21.6,-21.3,-20.3
134.28,-14.0,-24.1,-21.8,-21.2,-20.6
134.29,-12.3,-16.9,-22.0,-21.0,-20.4
134.30,-11.1,-14.0,-22.4,-21.5,-20.7
134.31,-10.0,-12.4,-22.9,-22.0,-20.7
134.32,-9.7,-11.5,-23.6,-21.9,-21.0
134.33,-9.5,-11.3,-24.4,-22.0,-21.0
134.34,-10.0,-11.7,-25.6,-22.0,-21.2
134.35,-10.4,-12.3,-26.5,-21.9,-21.4
134.36,-10.8,-12.9,-27.8,-21.6,-21.4
134.37,-11.1,-13.2,-29.4,-21.4,-21.8
134.38,-11.5,-13.5,-30.7,-21.6,-22.1
134.39,-11.4,-13.7,-32.0,-20.6,-21.7
134.40,-11.8,-14.1,-35.4,-21.5,-21.5
134.41,-11.8,-14.9,-37.4,-20.3,-21.2
134.42,-12.4,-15.8,-37.4,-21.2,-20.9
134.43,-12.7,-17.2,-36.9,-20.6,-20.5
134.44,-13.4,-18.2,-36.7,-21.6,-20.4
134.45,-13.6,-18.4,-36.4,-21.1,-20.4
134.46,-13.2,-18.3,-24.3,-22.2,-20.2
134.47,-11.0,-18.4,-14.7,-22.9,-19.7
134.48,-10.0,-18.4,-12.9,-23.0,-19.7
134.49,-9.8,-17.2,-12.2,-23.4,-19.9
134.50,-9.1,-16.1,-11.6,-22.3,-20.1
134.51,-9.0,-15.3,-11.9,-21.9,-20.6
134.52,-9.7,-14.1,-13.8,-21.2,-20.5
134.53,-10.0,-13.8,-15.4,-20.4,-19.7
134.54,-10.2,-13.9,-16.6,-20.9,-19.5
134.55,-10.9,-14.6,-18.6,-20.1,-19.4
134.56,-11.7,-15.7,-21.3,-20.2,-19.5
134.57,-12.2,-17.2,-23.0,-20.2,-19.5
134.58,-13.1,-19.3,-23.3,-19.8,-19.2
134.59,-13.4,-22.1,-22.1,-20.5,-18.6
134.60,-13.3,-23.6,-21.1,-19.5,-18.5
134.61,-13.9,-24.7,-20.7,-20.5,-18.5
134.62,-13.4,-28.5,-20.8,-19.9,-18.2
134.63,-13.0,-23.0,-21.0,-20.3,-18.1
134.64,-11.2,-15.9,-21.2,-20.8,-18.2
134.65,-10.5,-14.0,-21.9,-20.9,-18.3
134.66,-10.0,-12.7,-22.8,-21.0,-18.6
134.67,-9.6,-11.8,-23.6,-20.8,-19.0
134.68,-9.6,-11.8,-24.4,-20.3,-19.7
134.69,-10.1,-12.5,-25.7,-19.6,-20.2
134.70,-10.3,-12.8,-27.0,-19.9,-20.6
134.71,-10.9,-13.6,-28.2,-19.2,-20.4
134.72,-11.1,-14.1,-29.9,-19.8,-20.1
134.73,-11.5,-15.3,-32.1,-19.0,-19.3
134.74,-12.4,-16.9,-34.2,-19.4,-19.4
134.75,-12.8,-19.0,-37.7,-19.0,-19.0
134.76,-13.0,-21.3,-39.9,-18.9,-18.7
134.77,-13.2,-25.8,-41.4,-19.2,-18.0
134.78,-13.0,-25.2,-41.7,-18.5,-17.9
134.79,-13.4,-25.7,-41.1,-19.2,-17.8
134.80,-13.2,-26.0,-28.0,-18.5,-18.1
134.81,-12.7,-24.3,-18.2,-19.3,-18.7
134.82,-11.3,-20.8,-14.2,-20.1,-19.8
134.83,-10.1,-17.5,-12.8,-20.7,-20.6
134.84,-9.4,-14.9,-12.1,-21.9,-21.5
134.85,-8.8,-13.4,-11.7,-21.8,-21.8
134.86,-9.1,-12.9,-12.9,-22.2,-21.9
134.87,-9.5,-12.7,-14.6,-20.4,-21.3
134.88,-9.9,-13.0,-16.1,-20.3,-20.9
134.89,-10.3,-13.8,-17.8,-19.7,-20.4
134.90,-10.4,-14.3,-20.3,-19.1,-19.6
134.91,-10.8,-14.5,-21.9,-19.5,-19.2
134.92,-10.7,-14.4,-22.5,-18.8,-19.5
134.93,-11.1,-14.3,-22.4,-19.7,-19.7
134.94,-10.9,-14.2,-21.3,-18.9,-19.9
134.95,-11.1,-14.1,-20.8,-19.5,-20.3
134.96,-11.3,-14.3,-20.9,-19.4,-20.6
134.97,-11.0,-14.3,-21.0,-19.2,-20.5
134.98,-11.4,-14.3,-21.2,-20.2,-20.6
134.99,-11.1,-14.3,-21.5,-19.9,-21.2
135.00,-11.5,-14.1,-22.1,-21.3,-21.7
135.01,-11.3,-14.0,-23.0,-20.1,-22.4
135.02,-11.3,-13.9,-23.8,-20.6,-22.1
135.03,-11.6,-14.0,-24.9,-20.0,-22.2
135.04,-11.3,-13.8,-26.2,-19.3,-21.7
135.05,-11.3,-13.7,-27.3,-19.9,-21.8
135.06,-11.2,-13.5,-28.3,-19.1,-22.4
135.07,-11.3,-13.2,-29.7,-20.0,-22.7
135.08,-11.0,-13.2,-31.7,-19.0,-22.5
135.09,-10.9,-13.0,-34.7,-19.1,-22.4
135.10,-10.9,-13.2,-38.5,-19.1,-22.3
135.11,-11.0,-13.9,-45.0,-18.4,-21.8
135.12,-11.8,-15.0,-44.1,-19.1,-21.7
135.13,-12.3,-16.4,-42.7,-18.3,-21.9
135.14,-13.0,-17.6,-41.0,-18.9,-22.0
135.15,-12.3,-17.4,-26.7,-18.5,-21.8
135.16,-10.8,-16.9,-15.0,-19.5,-21.6
135.17,-9.8,-15.7,-13.2,-20.7,-21.1
135.18,-9.2,-14.5,-12.5,-20.9,-21.1
135.19,-8.9,-13.7,-11.9,-22.6,-21.1
135.20,-8.9,-13.3,-12.2,-22.5,-21.6
135.21,-9.7,-13.0,-14.0,-22.3,-21.8
135.22,-10.1,-12.7,-15.5,-21.6,-21.8
135.23,-10.4,-12.5,-16.8,-22.3,-21.9
135.24,-10.7,-12.5,-19.0,-21.6,-21.4
135.25,-10.8,-12.5,-21.7,-21.7,-21.5
135.26,-10.8,-12.4,-23.4,-21.3,-21.1
135.27,-10.9,-12.6,-23.5,-21.0,-20.6
135.28,-10.8,-12.8,-22.3,-20.9,-20.5
135.29,-10.6,-13.2,-21.2,-20.1,-19.9
135.30,-10.9,-13.8,-21.0,-20.4,-19.7
135.31,-10.9,-14.3,-21.3,-19.8,-19.6
135.32,-11.0,-14.7,-21.6,-19.4,-19.4
135.33,-10.9,-14.7,-22.0,-19.3,-19.3
135.34,-11.0,-14.8,-22.7,-19.2,-19.4
135.35,-11.0,-14.5,-23.3,-19.3,-19.8
135.36,-10.8,-14.1,-23.9,-19.1,-20.0
135.37,-10.7,-13.7,-24.6,-19.1,-20.1
135.38,-10.7,-13.2,-25.7,-19.4,-20.5
135.39,-10.5,-12.8,-26.7,-19.3,-20.7
135.40,-10.6,-12.7,-28.1,-20.0,-20.8
135.41,-10.5,-12.8,-29.7,-19.1,-20.5
135.42,-10.5,-12.9,-31.6,-19.1,-20.3
135.43,-10.6,-12.9,-34.4,-19.2,-20.2
135.44,-10.5,-12.9,-37.4,-19.0,-20.0
135.45,-10.6,-13.0,-40.2,-19.3,-20.1
135.46,-10.5,-12.7,-41.9,-19.6,-20.5
135.47,-10.7,-12.8,-40.8,-19.7,-21.2
135.48,-10.8,-12.8,-39.0,-20.3,-21.9
135.49,-10.9,-12.9,-32.4,-20.1,-22.9
135.50,-10.5,-13.1,-19.4,-21.0,-23.1
135.51,-9.7,-13.3,-14.9,-21.4,-22.6
135.52,-9.3,-13.6,-13.3,-21.5,-22.1
135.53,-9.0,-13.9,-12.6,-21.1,-21.7
135.54,-8.8,-14.0,-12.1,-20.5,-21.4
135.55,-9.4,-13.9,-13.4,-20.5,-20.6
135.56,-10.0,-13.9,-15.1,-20.5,-20.4
135.57,-10.1,-13.8,-16.4,-20.2,-19.9
135.58,-10.5,-13.9,-18.3,-20.1,-19.6
135.59,-10.9,-13.7,-20.6,-20.5,-19.4
135.60,-11.1,-13.5,-21.6,-21.1,-20.0
135.61,-11.1,-13.2,-22.3,-20.8,-20.4
135.62,-11.0,-13.0,-22.5,-20.0,-20.9
135.63,-10.5,-12.8,-21.5,-19.8,-20.4
135.64,-10.4,-12.9,-21.1,-20.0,-20.2
135.65,-10.4,-12.8,-21.1,-20.4,-19.7
135.66,-10.6,-13.0,-21.4,-20.1,-19.2
135.67,-10.5,-13.1,-21.5,-20.3,-19.3
135.68,-10.9,-13.0,-21.9,-21.2,-19.7
135.69,-11.0,-12.9,-22.5,-21.7,-19.7
135.70,-10.9,-12.9,-23.2,-21.5,-20.2
135.71,-10.9,-12.9,-24.0,-21.0,-20.7
135.72,-11.1,-13.1,-25.2,-21.0,-20.9
135.73,-11.3,-13.2,-26.3,-21.9,-21.1
135.74,-11.4,-13.3,-27.4,-22.1,-21.5
135.75,-11.3,-13.3,-28.7,-21.2,-21.3
135.76,-11.3,-13.3,-30.5,-20.8,-21.3
135.77,-11.2,-13.3,-32.8,-20.5,-21.0
135.78,-11.0,-13.1,-35.9,-20.4,-20.5
135.79,-11.2,-13.2,-39.3,-20.6,-20.3
135.80,-11.3,-13.3,-39.8,-20.9,-20.0
135.81,-11.3,-13.4,-38.4,-20.7,-19.9
135.82,-11.4,-13.4,-38.1,-21.0,-20.2
135.83,-11.5,-13.4,-37.7,-21.6,-20.5
135.84,-11.3,-13.5,-27.1,-21.8,-21.0
135.85,-9.8,-13.6,-15.0,-22.4,-21.5
135.86,-9.5,-13.7,-13.3,-23.6,-21.9
135.87,-9.3,-13.9,-12.6,-23.7,-22.3
135.88,-9.1,-13.8,-12.1,-22.9,-22.8
135.89,-9.1,-13.5,-12.4,-21.9,-23.1
135.90,-9.6,-13.0,-14.2,-20.9,-22.7
135.91,-9.7,-12.8,-15.5,-20.6,-22.4
135.92,-9.9,-12.5,-16.5,-21.0,-22.2
135.93,-10.1,-12.5,-18.4,-20.9,-21.7
135.94,-10.6,-12.6,-20.4,-20.9,-21.7
135.95,-10.9,-12.9,-21.9,-20.8,-21.9
135.96,-11.2,-13.3,-22.8,-20.7,-22.2
135.97,-11.5,-13.6,-21.8,-20.8,-21.9
135.98,-11.4,-14.0,-20.9,-20.5,-21.5
135.99,-11.3,-14.0,-20.9,-20.4,-21.3
136.00,-11.5,-14.1,-21.3,-20.2,-21.0
136.01,-11.2,-13.8,-21.6,-19.7,-20.6
136.02,-11.2,-13.8,-22.1,-19.6,-20.8
136.03,-11.1,-13.8,-22.6,-19.2,-20.7
136.04,-11.0,-13.6,-23.1,-19.0,-20.6
136.05,-10.8,-13.4,-23.7,-19.0,-20.9
136.06,-10.8,-13.2,-24.2,-18.9,-21.2
136.07,-10.7,-13.1,-25.2,-19.2,-21.4
136.08,-10.8,-13.0,-26.3,-19.2,-21.6
136.09,-10.8,-13.1,-27.6,-18.8,-21.0
136.10,-10.6,-13.2,-29.4,-18.4,-20.6
136.11,-10.8,-13.6,-31.9,-18.1,-20.0
136.12,-10.9,-13.7,-34.0,-17.7,-19.9
136.13,-11.2,-14.1,-35.7,-18.2,-19.6
136.14,-11.3,-14.0,-37.0,-18.5,-19.8
136.15,-11.6,-14.0,-37.7,-18.7,-20.1
136.16,-11.4,-13.7,-37.2,-18.8,-20.5
136.17,-11.3,-13.5,-37.1,-18.9,-20.8
136.18,-11.2,-13.4,-30.9,-19.0,-21.2
136.19,-10.6,-13.5,-20.2,-19.3,-21.9
136.20,-9.6,-13.7,-15.1,-19.7,-22.3
136.21,-9.4,-13.9,-13.6,-19.9,-22.7
136.22,-9.1,-14.0,-12.9,-19.4,-23.1
136.23,-8.8,-14.0,-12.4,-19.0,-23.4
136.24,-9.6,-13.8,-13.7,-18.6,-23.2
136.25,-10.0,-13.4,-15.5,-18.5,-23.0
136.26,-10.0,-13.1,-16.6,-18.8,-22.9
136.27,-10.3,-12.8,-18.2,-19.0,-22.4
136.28,-10.3,-12.4,-20.3,-19.3,-22.2
136.29,-10.2,-12.3,-21.5,-19.4,-21.7
136.30,-10.4,-12.3,-22.4,-19.5,-21.5
136.31,-10.7,-13.0,-22.7,-20.1,-20.9
136.32,-11.0,-13.9,-21.7,-19.9,-20.7
136.33,-11.4,-14.6,-21.2,-19.7,-20.6
136.34,-11.4,-15.1,-21.0,-19.5,-20.6
136.35,-11.5,-15.1,-21.3,-19.3,-20.2
136.36,-11.3,-14.4,-21.5,-19.1,-20.4
136.37,-11.0,-14.3,-21.9,-19.1,-19.9
136.38,-11.4,-14.4,-22.7,-19.2,-19.4
136.39,-11.6,-15.2,-23.4,-18.9,-19.0
136.40,-12.1,-16.6,-23.9,-18.6,-19.0
136.41,-12.7,-18.5,-24.8,-18.5,-19.0
136.42,-13.2,-20.6,-25.7,-18.5,-18.6
136.43,-13.9,-24.4,-26.6,-18.6,-18.4
136.44,-13.8,-27.3,-27.9,-18.4,-18.1
136.45,-14.0,-30.3,-29.6,-18.0,-17.9
136.46,-14.4,-32.0,-31.9,-17.9,-17.7
136.47,-14.1,-34.3,-35.2,-17.6,-17.7
136.48,-14.2,-34.9,-38.0,-17.7,-18.0
136.49,-14.6,-35.9,-38.4,-17.8,-18.4
136.50,-14.5,-37.3,-37.1,-17.7,-18.9
136.51,-14.3,-37.9,-36.6,-17.7,-19.0
136.52,-14.8,-38.4,-35.4,-17.7,-19.3
136.53,-14.6,-39.1,-24.9,-17.9,-19.4
136.54,-11.2,-39.7,-14.4,-18.7,-19.6
136.55,-10.4,-41.1,-12.6,-19.4,-19.9
136.56,-10.0,-41.6,-11.9,-20.0,-20.2
136.57,-9.5,-41.7,-11.5,-19.9,-20.3
136.58,-10.0,-41.9,-11.8,-19.6,-20.7
136.59,-11.4,-41.9,-13.4,-19.4,-20.8
136.60,-12.1,-42.3,-14.9,-19.2,-20.9
136.61,-12.7,-43.3,-16.0,-19.1,-21.1
136.62,-13.8,-44.3,-18.1,-18.7,-21.3
136.63,-14.7,-45.1,-20.4,-18.7,-21.2
136.64,-14.5,-45.7,-22.0,-18.5,-21.1
136.65,-14.4,-46.4,-22.7,-18.2,-21.0
136.66,-13.7,-47.3,-21.6,-17.9,-20.9
136.67,-13.8,-48.2,-20.6,-18.1,-20.9
136.68,-14.1,-49.1,-20.3,-18.3,-21.0
136.69,-14.0,-50.8,-20.2,-18.6,-21.0
136.70,-14.2,-51.8,-20.3,-19.1,-20.7
136.71,-14.8,-52.9,-20.5,-20.2,-20.9
136.72,-15.5,-54.0,-20.7,-21.9,-20.8
136.73,-16.3,-55.0,-21.3,-25.0,-20.9
136.74,-17.5,-55.5,-21.7,-30.5,-20.8
136.75,-17.6,-56.1,-22.2,-36.3,-20.7
136.76,-18.1,-56.4,-23.5,-39.3,-20.3
136.77,-18.4,-56.0,-24.8,-43.4,-20.1
136.78,-18.7,-55.2,-26.4,-45.9,-20.1
136.79,-18.6,-54.4,-28.8,-47.3,-19.6
136.80,-18.2,-53.7,-31.4,-48.8,-18.8
136.81,-18.0,-53.2,-33.9,-51.4,-18.5
136.82,-17.9,-53.2,-37.5,-51.4,-18.3
136.83,-17.9,-53.8,-38.5,-50.5,-18.2
136.84,-17.8,-54.0,-37.0,-51.1,-18.1
136.85,-17.7,-54.9,-36.3,-51.2,-18.0
136.86,-17.8,-55.6,-36.2,-50.5,-18.2
136.87,-17.2,-55.6,-31.6,-50.1,-17.9
136.88,-16.4,-55.7,-25.2,-50.1,-18.0
136.89,-15.6,-55.0,-22.4,-49.7,-17.9
136.90,-15.3,-54.1,-21.5,-49.5,-18.0
136.91,-14.4,-53.7,-18.8,-50.2,-17.8
136.92,-13.6,-53.3,-17.0,-52.4,-17.8
136.93,-13.3,-52.7,-16.2,-52.3,-17.9
136.94,-13.5,-52.5,-16.1,-53.4,-18.1
136.95,-13.7,-52.4,-16.4,-53.9,-18.2
136.96,-14.4,-52.2,-17.4,-55.0,-18.4
136.97,-14.6,-51.8,-17.8,-55.3,-18.4
136.98,-14.7,-50.5,-17.6,-55.7,-18.5
136.99,-13.9,-46.6,-16.2,-55.6,-18.8
137.00,-13.3,-44.3,-15.1,-57.8,-19.0
137.01,-13.1,-43.2,-14.9,-58.0,-19.3
137.02,-13.6,-42.8,-15.6,-58.5,-19.3
137.03,-14.6,-42.9,-17.0,-62.2,-19.5
137.04,-16.1,-44.7,-19.4,-63.1,-19.6
137.05,-17.2,-45.6,-22.3,-63.6,-19.3
137.06,-18.3,-47.2,-25.8,-65.8,-19.5
137.07,-18.4,-46.1,-26.3,-66.2,-19.5
137.08,-17.8,-44.3,-24.8,-66.5,-19.4
137.09,-17.5,-43.1,-22.6,-67.0,-19.6
137.10,-16.8,-42.8,-20.6,-66.9,-19.8
137.11,-16.3,-42.9,-19.5,-67.1,-19.9
137.12,-16.3,-43.5,-19.2,-67.6,-20.0
137.13,-16.1,-44.6,-19.0,-67.7,-20.0
137.14,-16.4,-45.2,-18.9,-67.9,-20.5
137.15,-16.5,-45.0,-19.0,-68.2,-20.7
137.16,-16.4,-44.0,-19.1,-68.1,-20.8
137.17,-16.7,-43.3,-19.5,-67.7,-20.9
137.18,-17.2,-42.8,-20.2,-67.3,-20.8
137.19,-17.4,-42.2,-20.9,-67.3,-20.6
137.20,-17.8,-42.3,-22.1,-66.3,-20.4
137.21,-18.0,-43.3,-21.9,-64.7,-20.9
137.22,-14.5,-45.0,-16.4,-62.2,-20.9
137.23,-11.0,-47.1,-12.1,-56.1,-20.9
137.24,-10.0,-49.5,-11.0,-48.0,-20.5
137.25,-9.7,-52.1,-10.6,-44.4,-20.0
137.26,-9.6,-53.6,-10.7,-38.0,-19.6
137.27,-10.6,-53.6,-11.8,-33.3,-19.3
137.28,-11.6,-53.3,-13.4,-32.0,-19.0
137.29,-12.6,-53.9,-15.0,-31.8,-18.9
137.30,-12.7,-54.4,-15.7,-28.2,-19.2
137.31,-12.5,-56.1,-15.1,-27.9,-19.3
137.32,-11.9,-57.5,-13.9,-26.8,-19.8
137.33,-11.5,-58.7,-13.3,-25.2,-19.5
137.34,-11.4,-58.8,-13.0,-25.5,-19.2
137.35,-11.2,-58.9,-13.0,-25.1,-18.8
137.36,-12.6,-58.7,-15.4,-24.1,-18.5
137.37,-13.4,-58.5,-16.9,-25.1,-18.4
137.38,-13.4,-59.1,-17.5,-25.8,-18.7
137.39,-13.1,-60.1,-16.4,-26.6,-19.2
137.40,-12.1,-61.2,-14.1,-28.6,-19.9
137.41,-10.9,-62.2,-12.5,-29.9,-20.5
137.42,-11.0,-62.9,-12.4,-29.6,-20.7
137.43,-10.9,-63.1,-12.3,-24.4,-20.3
137.44,-11.7,-62.6,-13.4,-24.1,-19.9
137.45,-12.5,-61.7,-15.7,-22.5,-19.5
137.46,-12.8,-61.2,-17.1,-21.9,-19.2
137.47,-13.5,-60.4,-18.5,-21.9,-18.6
137.48,-13.1,-60.3,-17.9,-23.5,-18.9
137.49,-11.1,-60.1,-14.6,-23.4,-18.7
137.50,-11.4,-60.0,-13.7,-24.6,-19.0
137.51,-11.1,-58.3,-13.2,-23.9,-19.1
137.52,-10.7,-57.3,-12.7,-23.8,-19.2
137.53,-11.1,-57.1,-13.0,-23.8,-18.7
137.54,-12.3,-56.7,-14.5,-22.9,-18.3
137.55,-11.8,-57.0,-15.1,-23.0,-18.2
137.56,-11.9,-58.1,-14.8,-23.0,-18.2
137.57,-11.2,-59.5,-13.5,-23.1,-18.4
137.58,-10.1,-60.0,-12.8,-22.3,-18.5
137.59,-10.1,-60.4,-12.2,-23.1,-18.9
137.60,-10.1,-59.5,-11.9,-21.9,-19.2
137.61,-10.4,-59.0,-12.3,-22.9,-18.9
137.62,-10.6,-58.6,-14.0,-20.8,-18.8
137.63,-12.0,-58.3,-15.5,-20.6,-18.8
137.64,-12.4,-58.6,-16.3,-19.9,-18.9
137.65,-12.1,-58.7,-17.4,-19.6,-18.4
137.66,-12.3,-57.8,-18.4,-19.5,-18.5
137.67,-13.6,-54.6,-19.8,-20.2,-18.5
137.68,-13.8,-52.9,-20.9,-20.3,-18.7
137.69,-14.1,-49.8,-21.8,-21.2,-18.4
137.70,-14.6,-46.0,-23.1,-21.6,-18.6
137.71,-15.1,-38.7,-24.9,-22.9,-18.6
137.72,-14.9,-29.9,-25.1,-24.0,-18.8
137.73,-14.1,-21.3,-25.6,-24.8,-19.2
137.74,-12.4,-18.1,-18.9,-28.1,-19.4
137.75,-10.6,-15.5,-15.3,-28.9,-19.3
137.76,-9.3,-13.8,-13.7,-31.9,-19.5
137.77,-8.7,-12.8,-13.2,-32.7,-19.2
137.78,-8.5,-12.2,-12.9,-26.5,-19.1
137.79,-8.6,-11.8,-13.9,-26.5,-19.6
137.80,-8.9,-11.9,-15.9,-24.7,-19.7
137.81,-9.3,-12.1,-17.6,-22.2,-19.6
137.82,-9.4,-12.5,-17.8,-22.7,-19.6
137.83,-9.7,-12.9,-19.3,-21.3,-19.5
137.84,-9.9,-13.1,-20.6,-20.9,-19.3
137.85,-10.0,-13.0,-20.5,-21.4,-19.8
137.86,-9.8,-12.7,-19.2,-21.1,-20.2
137.87,-9.6,-12.3,-19.2,-21.4,-20.2
137.88,-9.6,-11.9,-18.9,-21.3,-20.0
137.89,-9.8,-11.9,-19.4,-21.3,-20.1
137.90,-10.0,-11.9,-21.1,-21.6,-19.8
137.91,-10.1,-11.8,-22.8,-21.6,-19.9
137.92,-10.1,-11.9,-25.1,-21.6,-20.0
137.93,-10.1,-12.1,-27.0,-21.1,-20.1
137.94,-10.1,-12.2,-26.3,-20.9,-20.3
137.95,-10.2,-12.3,-26.1,-21.0,-20.4
137.96,-10.3,-12.5,-27.4,-20.8,-20.3
137.97,-10.7,-12.8,-28.7,-20.9,-20.6
137.98,-10.9,-13.1,-28.4,-21.1,-20.5
137.99,-11.2,-13.3,-29.2,-20.9,-20.4
138.00,-11.3,-13.4,-26.4,-20.5,-21.0
138.01,-11.1,-13.6,-24.7,-19.8,-20.9
138.02,-10.9,-13.4,-24.2,-19.9,-20.8
138.03,-10.9,-13.2,-23.6,-19.5,-20.9
138.04,-10.8,-13.1,-23.5,-19.3,-21.0
138.05,-9.4,-11.3,-23.1,-19.1,-20.9
138.06,-9.4,-11.2,-23.3,-19.0,-21.0
138.07,-8.3,-9.7,-22.9,-19.2,-21.0
138.08,-7.5,-9.0,-22.1,-19.2,-21.0
138.09,-7.3,-9.4,-16.3,-20.1,-21.2
138.10,-7.1,-9.7,-13.7,-20.9,-21.7
138.11,-7.3,-10.1,-13.0,-22.2,-22.1
138.12,-7.7,-11.1,-12.5,-22.7,-21.8
138.13,-8.4,-12.3,-12.2,-24.4,-22.3
138.14,-9.4,-12.4,-14.6,-24.7,-21.6
138.15,-9.9,-12.6,-16.1,-25.5,-21.2
138.16,-10.3,-12.9,-17.0,-27.3,-21.1
138.17,-10.8,-13.3,-18.5,-31.0,-20.5
138.18,-11.0,-13.3,-20.3,-32.1,-20.1
138.19,-11.4,-13.7,-21.8,-35.6,-19.8
138.20,-11.9,-14.8,-22.8,-37.5,-19.4
138.21,-12.3,-15.9,-22.0,-38.8,-18.9
138.22,-12.6,-17.3,-20.9,-39.2,-18.5
138.23,-13.5,-21.3,-20.4,-39.0,-18.4
138.24,-13.6,-22.7,-20.3,-38.9,-18.2
138.25,-13.1,-24.0,-19.3,-34.5,-18.2
138.26,-12.7,-19.7,-18.5,-32.9,-18.9
138.27,-11.2,-15.2,-17.7,-29.4,-19.3
138.28,-10.2,-12.9,-17.6,-24.7,-20.4
138.29,-9.4,-11.7,-17.3,-23.1,-21.5
138.30,-9.1,-11.0,-18.4,-20.8,-22.0
138.31,-8.9,-10.7,-20.1,-20.0,-22.4
138.32,-9.2,-10.9,-21.6,-19.2,-21.7
138.33,-9.4,-11.4,-24.6,-18.8,-21.0
138.34,-9.9,-12.0,-27.2,-18.6,-20.8
138.35,-10.1,-12.8,-29.3,-18.3,-20.2
138.36,-10.9,-14.3,-30.0,-18.1,-19.7
138.37,-11.7,-16.4,-30.0,-17.9,-19.0
138.38,-12.3,-17.7,-29.7,-17.9,-18.4
138.39,-12.7,-18.2,-30.7,-17.7,-18.1
138.40,-12.0,-18.6,-31.4,-17.1,-17.4
138.41,-12.0,-19.2,-31.3,-17.0,-17.3
138.42,-12.2,-19.5,-31.8,-17.1,-17.1
138.43,-12.2,-19.4,-32.2,-17.2,-17.0
138.44,-11.9,-19.1,-31.7,-17.2,-16.7
138.45,-12.0,-18.6,-31.7,-17.8,-16.6
138.46,-12.0,-18.5,-31.9,-18.8,-16.5
138.47,-11.9,-18.8,-31.9,-19.4,-16.9
138.48,-11.6,-18.5,-31.3,-20.4,-16.9
138.49,-11.8,-18.0,-31.2,-20.9,-17.2
138.50,-11.9,-16.9,-31.5,-20.9,-17.6
138.51,-11.7,-15.7,-32.1,-21.1,-17.8
138.52,-11.2,-14.3,-33.9,-20.7,-17.8
138.53,-11.0,-13.4,-36.2,-20.9,-18.2
138.54,-10.3,-12.7,-39.0,-20.9,-18.2
138.55,-10.3,-12.7,-40.3,-21.0,-18.5
138.56,-10.6,-13.2,-41.8,-21.7,-18.5
138.57,-11.2,-14.5,-41.3,-21.7,-18.4
138.58,-11.7,-16.2,-39.7,-22.0,-18.5
138.59,-12.9,-19.0,-38.6,-21.9,-18.4
138.60,-13.4,-22.4,-28.3,-22.3,-18.1
138.61,-11.0,-19.8,-15.3,-23.8,-18.6
138.62,-9.8,-17.6,-13.4,-23.5,-19.1
138.63,-9.2,-16.0,-12.4,-23.1,-19.5
138.64,-8.5,-14.5,-11.6,-23.0,-20.4
138.65,-8.3,-13.8,-11.8,-21.5,-21.1
138.66,-8.9,-14.0,-13.1,-19.9,-20.4
138.67,-9.7,-15.0,-14.4,-19.2,-19.8
138.68,-10.0,-16.1,-15.8,-18.4,-19.1
138.69,-11.4,-18.3,-18.3,-18.0,-17.9
138.70,-12.0,-21.1,-21.0,-17.5,-17.1
138.71,-12.2,-23.7,-23.5,-17.5,-16.8
138.72,-12.4,-26.6,-25.6,-17.3,-16.6
138.73,-12.4,-28.9,-25.2,-17.1,-16.7
138.74,-12.6,-31.4,-24.2,-16.9,-17.1
138.75,-12.4,-33.0,-23.3,-16.8,-17.6
138.76,-12.5,-30.5,-22.8,-17.0,-18.0
138.77,-12.2,-24.4,-21.6,-17.4,-18.6
138.78,-10.1,-16.1,-14.8,-18.4,-19.7
138.79,-8.9,-12.9,-13.5,-19.8,-20.8
138.80,-8.3,-12.0,-13.0,-20.9,-21.8
138.81,-8.0,-11.2,-12.6,-22.4,-22.5
138.82,-8.1,-10.7,-13.2,-22.6,-22.5
138.83,-8.8,-11.2,-15.2,-21.5,-22.3
138.84,-9.2,-11.2,-16.8,-21.4,-21.9
138.85,-9.3,-11.0,-17.9,-21.5,-21.4
138.86,-9.6,-11.1,-19.9,-21.3,-21.2
138.87,-10.1,-11.5,-22.1,-21.2,-21.1
138.88,-10.7,-12.4,-23.8,-20.8,-20.7
138.89,-11.2,-13.1,-25.0,-20.5,-21.0
138.90,-11.4,-13.7,-24.2,-20.5,-21.1
138.91,-11.6,-14.1,-24.1,-20.4,-21.6
138.92,-11.6,-14.0,-24.0,-20.3,-21.9
138.93,-11.5,-13.8,-24.6,-20.1,-22.5
138.94,-11.0,-14.0,-21.3,-20.8,-22.6
138.95,-11.4,-14.7,-19.7,-22.0,-21.6
138.96,-11.1,-15.7,-18.7,-23.6,-20.0
138.97,-11.3,-17.2,-18.4,-22.4,-18.8
138.98,-11.6,-20.5,-18.2,-22.6,-17.8
138.99,-11.9,-22.6,-20.7,-20.1,-16.9
139.00,-12.4,-24.3,-23.1,-19.8,-16.6
139.01,-12.3,-25.2,-24.4,-18.5,-16.6
139.02,-12.7,-26.0,-26.4,-19.0,-16.5
139.03,-12.8,-27.0,-27.4,-18.2,-16.9
139.04,-13.5,-27.5,-28.7,-18.9,-17.1
139.05,-13.5,-28.3,-29.9,-18.0,-17.2
139.06,-14.0,-31.0,-31.2,-18.4,-17.2
139.07,-13.8,-32.6,-31.9,-17.6,-17.5
139.08,-14.0,-33.7,-32.5,-18.0,-17.7
139.09,-13.8,-33.6,-33.1,-17.4,-17.7
139.10,-13.7,-25.1,-33.4,-17.9,-18.3
139.11,-12.8,-20.1,-33.2,-17.6,-19.0
139.12,-11.2,-15.9,-19.9,-18.5,-19.7
139.13,-9.4,-13.3,-15.2,-19.4,-20.9
139.14,-8.4,-11.6,-13.6,-21.5,-21.8
139.15,-8.0,-10.9,-12.9,-21.4,-22.8
139.16,-7.7,-10.5,-12.4,-21.9,-23.1
139.17,-8.2,-10.7,-13.3,-21.3,-22.2
139.18,-9.0,-11.4,-15.4,-20.0,-21.9
139.19,-9.5,-11.8,-16.8,-19.6,-21.2
139.20,-10.1,-12.5,-18.6,-19.8,-21.1
139.21,-10.7,-12.6,-21.2,-20.2,-21.4
139.22,-10.8,-12.5,-22.5,-19.9,-21.2
139.23,-10.4,-12.1,-22.7,-20.0,-21.6
139.24,-10.1,-11.7,-22.6,-20.0,-21.9
139.25,-10.0,-11.5,-21.6,-19.8,-21.9
139.26,-9.9,-11.6,-21.2,-19.8,-22.0
139.27,-9.6,-11.4,-21.4,-19.7,-22.0
139.28,-10.0,-11.8,-21.7,-19.7,-22.2
139.29,-9.8,-11.6,-22.1,-19.9,-21.9
139.30,-9.5,-11.3,-22.6,-20.0,-21.1
139.31,-9.2,-10.9,-23.0,-20.2,-21.1
139.32,-9.1,-10.6,-23.5,-20.4,-20.9
139.33,-9.0,-10.5,-24.0,-20.8,-20.2
139.34,-9.2,-10.8,-24.9,-20.3,-20.1
139.35,-9.7,-11.4,-26.0,-20.2,-19.8
139.36,-10.2,-12.3,-27.1,-20.5,-19.3
139.37,-11.0,-13.9,-28.3,-20.0,-18.5
139.38,-12.4,-16.2,-29.7,-20.3,-18.5
139.39,-12.9,-17.7,-30.9,-20.0,-17.9
139.40,-13.8,-20.3,-31.7,-20.4,-17.8
139.41,-14.1,-24.9,-32.3,-20.0,-17.5
139.42,-14.4,-30.6,-32.7,-19.4,-17.7
139.43,-14.6,-34.2,-32.8,-19.7,-17.7
139.44,-14.6,-37.4,-32.9,-19.5,-17.7
139.45,-14.9,-38.2,-32.6,-19.8,-17.9
139.46,-14.6,-37.1,-24.4,-19.8,-18.4
139.47,-11.3,-34.6,-14.8,-20.4,-18.7
139.48,-10.6,-28.8,-12.9,-20.7,-19.2
139.49,-9.5,-20.3,-12.3,-21.3,-19.8
139.50,-9.0,-16.9,-11.8,-21.6,-19.7
139.51,-9.0,-14.4,-12.2,-21.8,-19.7
139.52,-9.3,-12.8,-14.2,-21.6,-19.5
139.53,-9.2,-11.6,-15.9,-21.9,-19.2
139.54,-9.0,-11.0,-17.0,-21.5,-19.6
139.55,-9.2,-10.9,-19.1,-21.9,-19.6
139.56,-9.3,-11.0,-21.5,-21.8,-19.6
139.57,-9.5,-11.2,-23.5,-21.9,-19.8
139.58,-9.8,-11.6,-24.7,-21.4,-19.9
139.59,-10.1,-12.1,-23.4,-21.5,-20.0
139.60,-10.6,-12.8,-22.1,-21.6,-20.6
139.61,-11.2,-13.7,-21.5,-21.9,-20.9
139.62,-11.3,-14.3,-21.4,-22.6,-21.3
139.63,-10.7,-13.2,-19.1,-23.8,-22.1
139.64,-10.0,-12.5,-17.9,-24.6,-22.7
139.65,-9.6,-12.0,-17.5,-26.5,-22.7
139.66,-9.0,-11.4,-17.3,-23.6,-22.9
139.67,-8.9,-11.2,-17.4,-22.0,-22.5
139.68,-9.2,-11.6,-19.4,-20.0,-21.6
139.69,-9.1,-11.2,-21.8,-19.3,-21.3
139.70,-8.9,-10.9,-23.1,-18.5,-21.2
139.71,-9.0,-11.0,-26.2,-18.4,-20.9
139.72,-9.3,-11.1,-27.8,-18.0,-20.5
139.73,-9.6,-11.6,-31.3,-18.3,-20.4
139.74,-10.3,-12.4,-32.9,-17.7,-19.8
139.75,-10.9,-12.9,-34.4,-18.2,-19.7
139.76,-10.7,-13.5,-35.1,-17.4,-19.6
139.77,-11.3,-14.6,-35.0,-18.0,-19.5
139.78,-11.3,-15.4,-35.0,-17.2,-19.4
139.79,-11.6,-15.9,-35.0,-17.7,-19.2
139.80,-12.3,-17.1,-34.9,-17.2,-19.2
139.81,-12.7,-17.2,-34.9,-17.6,-18.8
139.82,-12.5,-17.2,-35.2,-18.0,-18.6
139.83,-12.0,-16.6,-35.2,-18.9,-18.5
139.84,-11.4,-15.2,-35.2,-19.2,-18.4
139.85,-10.6,-14.0,-35.5,-20.3,-18.9
139.86,-10.3,-12.8,-35.7,-20.1,-19.5
139.87,-9.9,-12.0,-35.8,-19.8,-19.8
139.88,-10.0,-11.7,-35.8,-20.0,-20.5
139.89,-10.1,-11.9,-36.2,-20.0,-20.6
139.90,-10.2,-12.1,-36.4,-19.9,-20.4
139.91,-10.5,-12.7,-36.7,-20.4,-20.2
139.92,-10.5,-13.0,-36.6,-20.5,-20.1
139.93,-11.2,-13.9,-36.6,-20.4,-19.3
139.94,-11.6,-14.7,-36.6,-20.5,-19.2
139.95,-12.2,-15.9,-36.8,-20.5,-18.8
139.96,-12.7,-17.6,-36.9,-20.6,-18.6
139.97,-13.3,-19.1,-36.8,-20.8,-18.7
139.98,-12.9,-20.1,-27.1,-21.8,-18.8
139.99,-10.7,-19.6,-14.8,-22.4,-18.8
140.00,-9.7,-19.0,-12.9,-23.2,-19.1
140.01,-9.1,-17.9,-11.8,-23.9,-19.3
140.02,-8.3,-16.6,-10.9,-23.0,-19.5
140.03,-8.1,-14.9,-10.9,-22.0,-19.8
140.04,-8.5,-14.0,-12.3,-21.0,-19.9
140.05,-8.8,-13.1,-13.7,-20.2,-19.8
140.06,-8.9,-12.4,-15.3,-19.9,-19.9
140.07,-9.6,-11.8,-19.3,-19.7,-20.4
140.08,-9.5,-11.6,-22.9,-19.6,-20.5
140.09,-9.5,-11.6,-24.1,-19.6,-20.8
140.10,-9.5,-11.3,-25.9,-19.8,-21.2
140.11,-9.8,-11.4,-27.0,-19.9,-21.7
140.12,-10.0,-11.7,-26.0,-20.0,-21.6
140.13,-10.1,-11.8,-25.2,-20.1,-21.8
140.14,-9.9,-11.6,-24.8,-20.3,-21.7
140.15,-9.8,-12.0,-22.4,-20.8,-21.4
140.16,-9.1,-12.8,-14.2,-21.9,-21.8
140.17,-8.8,-13.5,-12.9,-22.6,-21.1
140.18,-8.3,-12.9,-12.3,-22.6,-21.2
140.19,-8.3,-12.9,-11.8,-22.4,-21.1
140.20,-8.2,-12.2,-12.6,-21.8,-21.2
140.21,-8.5,-11.5,-14.3,-21.5,-21.4
140.22,-9.0,-11.2,-15.8,-21.4,-20.9
140.23,-9.2,-11.4,-17.0,-21.8,-21.2
140.24,-9.6,-11.5,-19.1,-22.3,-21.0
140.25,-9.6,-11.2,-21.6,-22.5,-20.7
140.26,-9.6,-11.5,-23.9,-22.2,-19.8
140.27,-10.4,-12.6,-24.9,-22.0,-19.7
140.28,-10.9,-13.9,-24.5,-21.3,-19.3
140.29,-11.7,-16.3,-24.5,-20.5,-19.1
140.30,-13.1,-20.6,-24.1,-20.2,-19.2
140.31,-13.9,-23.7,-24.6,-20.2,-19.3
140.32,-13.0,-25.5,-19.2,-20.5,-19.5
140.33,-12.8,-27.3,-17.3,-21.6,-19.7
140.34,-12.0,-22.2,-16.5,-23.3,-20.0
140.35,-11.3,-18.9,-16.1,-24.3,-20.1
140.36,-10.2,-15.0,-16.1,-24.7,-20.2
140.37,-9.4,-12.1,-18.6,-23.7,-20.3
140.38,-8.9,-11.1,-21.0,-22.2,-20.4
140.39,-8.6,-10.5,-22.3,-21.3,-20.8
140.40,-8.6,-10.3,-25.6,-20.9,-20.8
140.41,-9.0,-10.8,-27.3,-20.9,-20.8
140.42,-9.1,-10.9,-29.6,-21.1,-21.0
140.43,-8.9,-10.6,-31.0,-21.1,-21.3
140.44,-9.2,-10.8,-32.3,-21.1,-22.1
140.45,-9.7,-11.4,-33.0,-21.3,-22.5
140.46,-10.1,-12.1,-33.3,-21.0,-22.4
140.47,-11.0,-13.5,-33.6,-21.1,-21.5
140.48,-12.1,-15.3,-33.5,-21.2,-21.0
140.49,-11.9,-15.3,-27.3,-21.1,-20.8
140.50,-11.4,-15.6,-18.6,-21.6,-20.8
140.51,-10.2,-15.5,-14.5,-22.8,-21.3
140.52,-9.2,-13.8,-13.3,-23.1,-22.0
140.53,-8.3,-11.9,-12.8,-22.4,-22.9
140.54,-7.9,-11.2,-12.5,-21.8,-23.3
140.55,-8.1,-10.6,-14.2,-20.6,-23.5
140.56,-8.4,-10.2,-16.5,-19.9,-23.3
140.57,-8.9,-10.7,-17.7,-19.3,-22.9
140.58,-9.5,-11.3,-19.5,-19.0,-22.5
140.59,-9.8,-11.4,-21.6,-19.0,-22.4
140.60,-10.0,-11.7,-22.6,-18.8,-22.3
140.61,-10.0,-11.7,-23.3,-18.6,-22.1
140.62,-10.1,-12.1,-23.5,-18.6,-22.0
140.63,-10.2,-12.4,-22.5,-18.7,-22.1
140.64,-10.6,-13.1,-21.9,-18.6,-22.1
140.65,-10.5,-13.3,-21.8,-18.5,-22.1
140.66,-10.4,-13.3,-21.7,-18.4,-21.7
140.67,-10.3,-12.9,-21.8,-18.7,-22.1
140.68,-9.9,-12.4,-22.2,-18.7,-22.1
140.69,-9.5,-11.8,-22.9,-18.6,-21.8
140.70,-9.4,-11.6,-23.8,-18.6,-21.8
140.71,-9.3,-11.2,-24.7,-19.1,-22.6
140.72,-9.5,-11.2,-25.9,-19.7,-22.2
140.73,-9.6,-11.3,-27.1,-19.8,-22.3
140.74,-9.7,-11.2,-28.3,-20.2,-22.3
140.75,-10.0,-11.3,-29.7,-20.5,-22.3
140.76,-10.0,-11.5,-31.5,-20.5,-21.7
140.77,-10.1,-11.6,-33.4,-20.5,-21.3
140.78,-10.0,-11.5,-35.2,-21.1,-21.0
140.79,-9.9,-11.4,-36.5,-21.3,-21.2
140.80,-10.0,-11.3,-36.7,-21.6,-21.5
140.81,-9.8,-11.0,-36.8,-21.5,-21.9
140.82,-9.8,-10.9,-36.9,-21.8,-22.9
140.83,-10.0,-10.9,-36.9,-21.8,-23.7
140.84,-10.1,-11.1,-30.5,-21.7,-24.4
140.85,-9.3,-11.3,-15.6,-22.5,-24.6
140.86,-9.0,-11.6,-13.7,-22.6,-24.5
140.87,-8.6,-11.5,-13.0,-23.4,-24.2
140.88,-8.3,-11.5,-12.4,-21.9,-23.0
140.89,-8.2,-11.3,-12.6,-21.9,-22.1
140.90,-8.7,-11.4,-14.3,-20.3,-21.6
140.91,-8.8,-11.8,-15.7,-19.4,-20.7
140.92,-9.8,-12.8,-17.0,-19.2,-20.4
140.93,-10.4,-14.2,-19.0,-18.4,-19.8
140.94,-11.3,-16.1,-20.8,-18.8,-19.5
140.95,-11.9,-18.8,-22.5,-17.7,-19.6
140.96,-13.9,-23.8,-23.1,-18.7,-19.5
140.97,-13.2,-26.9,-22.0,-17.9,-19.2
140.98,-14.3,-28.0,-20.9,-18.7,-19.7
140.99,-13.1,-30.1,-20.5,-18.0,-19.6
141.00,-13.6,-31.7,-20.4,-18.5,-19.2
141.01,-12.3,-32.8,-17.6,-18.4,-19.4
141.02,-11.7,-33.9,-16.3,-18.5,-19.1
141.03,-11.6,-35.9,-15.8,-19.4,-18.4
141.04,-11.1,-39.5,-15.6,-18.5,-17.9
141.05,-10.6,-41.6,-15.7,-18.5,-17.6
141.06,-11.2,-43.4,-17.3,-17.9,-17.5
141.07,-11.4,-43.3,-19.2,-17.8,-17.3
141.08,-11.3,-43.9,-20.6,-17.2,-17.2
141.09,-11.8,-43.6,-22.9,-17.3,-17.4
141.10,-12.3,-43.8,-24.9,-17.5,-17.4
141.11,-12.2,-43.0,-27.3,-17.5,-17.4
141.12,-12.2,-41.5,-29.3,-17.4,-17.6
141.13,-12.3,-36.9,-30.5,-17.4,-18.0
141.14,-12.1,-24.1,-31.1,-17.4,-18.3
141.15,-11.4,-17.8,-31.5,-17.5,-18.4
141.16,-10.4,-14.9,-31.6,-17.5,-18.7
141.17,-9.6,-12.8,-31.9,-17.6,-19.2
141.18,-9.2,-11.5,-32.5,-18.2,-20.1
141.19,-9.0,-11.0,-32.9,-18.8,-21.0
141.20,-8.8,-10.5,-33.6,-19.5,-21.5
141.21,-8.9,-10.5,-34.1,-20.1,-21.4
141.22,-9.3,-10.8,-34.3,-20.7,-20.7
141.23,-9.0,-10.7,-34.8,-20.4,-19.5
141.24,-9.0,-10.7,-35.3,-20.0,-18.8
141.25,-9.2,-10.7,-36.0,-19.9,-18.6
141.26,-9.2,-10.7,-36.6,-19.8,-18.5
141.27,-9.3,-10.9,-37.1,-19.7,-18.6
141.28,-9.3,-10.7,-37.6,-19.9,-18.9
141.29,-9.5,-11.1,-38.0,-19.9,-19.4
141.30,-9.4,-10.8,-38.4,-19.8,-19.6
141.31,-9.2,-10.3,-38.6,-19.8,-19.7
141.32,-9.1,-10.3,-38.6,-19.7,-20.2
141.33,-9.3,-10.4,-38.3,-19.5,-20.5
141.34,-9.2,-10.3,-37.6,-19.6,-20.2
141.35,-9.0,-10.3,-36.0,-19.5,-20.6
141.36,-9.0,-10.4,-24.5,-19.5,-21.3
141.37,-8.4,-10.3,-16.3,-20.2,-21.4
141.38,-7.9,-10.2,-14.5,-20.6,-22.1
141.39,-7.9,-10.4,-13.5,-20.9,-22.6
141.40,-8.0,-11.0,-12.6,-20.7,-23.1
141.41,-8.4,-11.5,-12.6,-20.3,-23.4
141.42,-9.2,-12.1,-14.2,-20.0,-22.9
141.43,-10.1,-13.0,-15.3,-19.8,-22.7
141.44,-10.7,-13.7,-16.7,-19.8,-21.8
141.45,-11.9,-14.9,-20.4,-19.7,-21.6
141.46,-12.2,-16.4,-23.4,-19.3,-20.5
141.47,-12.7,-17.5,-24.5,-19.0,-20.1
141.48,-12.9,-18.4,-26.4,-18.7,-19.4
141.49,-13.1,-21.0,-26.6,-18.4,-19.0
141.50,-13.0,-21.9,-25.8,-18.3,-18.5
141.51,-13.4,-21.9,-24.7,-18.3,-18.9
141.52,-13.3,-20.6,-24.1,-18.6,-18.6
141.53,-11.9,-17.2,-22.4,-19.3,-18.9
141.54,-10.5,-15.6,-15.2,-20.1,-19.7
141.55,-9.2,-14.2,-13.2,-20.8,-20.2
141.56,-8.5,-13.3,-12.5,-20.0,-20.1
141.57,-7.9,-12.5,-12.0,-19.8,-20.6
141.58,-8.2,-12.4,-12.3,-18.7,-20.9
141.59,-8.5,-11.5,-14.3,-18.5,-21.4
141.60,-8.5,-11.1,-15.9,-18.3,-21.2
141.61,-8.6,-10.7,-17.2,-18.5,-21.1
141.62,-8.6,-10.3,-19.1,-18.8,-21.6
141.63,-8.7,-10.4,-21.4,-18.4,-21.2
141.64,-9.0,-10.6,-23.3,-18.8,-21.5
141.65,-9.6,-11.4,-24.1,-17.9,-22.1
141.66,-9.8,-11.9,-22.9,-18.7,-22.2
141.67,-10.0,-12.1,-21.9,-18.1,-23.5
141.68,-10.3,-12.8,-21.3,-18.8,-23.4
141.69,-10.4,-13.0,-21.0,-18.3,-23.3
141.70,-9.9,-13.2,-18.3,-18.7,-23.3
141.71,-9.9,-13.1,-17.3,-18.6,-22.7
141.72,-9.6,-13.0,-16.9,-18.8,-21.7
141.73,-9.3,-12.4,-16.8,-19.2,-21.5
141.74,-8.8,-12.1,-17.1,-19.4,-19.9
141.75,-9.1,-11.9,-19.2,-20.2,-19.5
141.76,-9.1,-11.9,-21.0,-20.0,-19.7
141.77,-9.6,-12.2,-22.6,-21.1,-20.0
141.78,-9.7,-12.2,-24.9,-21.6,-19.6
141.79,-9.9,-12.6,-27.0,-21.2,-19.4
141.80,-10.2,-13.6,-29.4,-21.2,-18.8
141.81,-11.0,-14.7,-31.3,-22.6,-18.8
141.82,-11.3,-16.3,-33.3,-22.2,-17.7
141.83,-11.5,-17.8,-34.3,-21.4,-17.4
141.84,-12.4,-19.4,-35.2,-21.6,-17.7
141.85,-11.8,-19.2,-36.3,-20.5,-17.1
141.86,-11.9,-18.8,-37.2,-20.0,-17.6
141.87,-12.1,-18.8,-36.1,-19.9,-18.0
141.88,-11.6,-18.8,-20.0,-20.4,-18.1
141.89,-10.5,-17.9,-14.7,-22.1,-18.9
141.90,-9.6,-16.4,-12.8,-22.6,-19.5
141.91,-8.7,-15.0,-11.8,-22.3,-19.6
141.92,-8.2,-14.2,-10.8,-22.0,-20.4
141.93,-8.5,-13.5,-11.6,-21.2,-20.6
141.94,-8.8,-13.0,-13.4,-20.2,-20.6
141.95,-9.1,-12.6,-14.4,-20.1,-20.4
141.96,-9.9,-12.2,-17.1,-19.9,-20.1
141.97,-9.9,-12.1,-21.0,-19.6,-19.5
141.98,-10.1,-12.6,-22.9,-19.5,-18.9
141.99,-10.8,-13.7,-23.9,-19.4,-18.5
142.00,-11.5,-15.6,-26.1,-19.4,-18.2
142.01,-13.2,-20.7,-26.1,-19.4,-17.8
142.02,-14.1,-25.5,-24.9,-19.6,-17.7
142.03,-13.7,-27.7,-24.4,-19.4,-17.6
142.04,-13.7,-27.5,-23.1,-19.8,-17.9
142.05,-12.0,-18.8,-18.8,-20.1,-18.4
142.06,-10.8,-16.0,-18.1,-20.5,-19.5
142.07,-9.7,-13.7,-17.6,-20.7,-19.8
142.08,-8.9,-12.3,-17.4,-20.9,-19.8
142.09,-8.8,-11.7,-18.7,-21.0,-20.0
142.10,-8.8,-11.7,-20.8,-20.9,-19.3
142.11,-9.1,-11.9,-22.4,-20.9,-18.4
142.12,-9.3,-12.3,-24.3,-20.8,-17.9
142.13,-9.9,-12.9,-27.0,-20.8,-17.9
142.14,-10.1,-13.7,-28.5,-20.6,-17.6
142.15,-10.8,-14.8,-29.5,-20.5,-17.4
142.16,-11.5,-16.5,-30.3,-20.4,-17.4
142.17,-12.3,-19.2,-30.1,-20.3,-17.3
142.18,-13.1,-22.7,-30.3,-20.7,-17.1
142.19,-13.7,-26.3,-30.4,-21.0,-16.8
142.20,-13.9,-27.5,-30.8,-21.6,-16.9
142.21,-13.7,-23.3,-30.5,-22.3,-17.1
142.22,-12.5,-17.9,-22.9,-23.6,-17.6
142.23,-10.1,-14.8,-15.3,-24.6,-18.4
142.24,-8.7,-12.3,-13.7,-25.3,-19.6
142.25,-8.1,-11.3,-13.1,-26.1,-20.7
142.26,-7.9,-10.8,-12.7,-25.1,-21.1
142.27,-8.0,-10.9,-13.2,-23.5,-21.0
142.28,-8.8,-11.6,-14.8,-23.1,-21.3
142.29,-9.6,-12.2,-16.4,-22.7,-20.9
142.30,-10.0,-12.7,-17.8,-21.8,-20.5
142.31,-10.3,-13.1,-17.1,-21.4,-20.7
142.32,-9.9,-13.2,-15.5,-21.6,-20.6
142.33,-9.6,-13.6,-14.7,-21.3,-20.5
142.34,-9.4,-14.3,-14.4,-20.8,-19.6
142.35,-9.6,-14.9,-14.1,-21.3,-19.7
142.36,-9.9,-15.1,-15.2,-21.4,-19.0
142.37,-10.5,-15.3,-17.5,-21.0,-18.9
142.38,-10.5,-14.9,-18.5,-21.3,-18.9
142.39,-9.9,-13.7,-17.8,-21.3,-19.1
142.40,-9.4,-12.6,-17.6,-21.4,-19.1
142.41,-8.8,-11.5,-16.8,-22.8,-19.8
142.42,-8.3,-10.7,-16.6,-23.9,-19.4
142.43,-8.4,-10.4,-16.4,-25.3,-20.0
142.44,-8.7,-10.5,-17.9,-27.6,-19.7
142.45,-8.9,-10.9,-18.8,-27.2,-19.3
142.46,-9.4,-11.7,-19.8,-25.2,-18.7
142.47,-9.9,-12.7,-21.2,-24.7,-18.3
142.48,-10.3,-13.9,-22.0,-24.4,-17.8
142.49,-11.2,-15.6,-22.8,-23.4,-17.9
142.50,-12.3,-18.4,-23.7,-23.5,-17.6
142.51,-12.7,-20.9,-24.6,-23.3,-17.0
142.52,-13.0,-23.8,-25.8,-23.0,-16.7
142.53,-13.1,-28.3,-26.9,-22.3,-16.4
142.54,-12.8,-28.9,-27.5,-22.0,-16.3
142.55,-12.5,-28.0,-28.1,-21.5,-16.3
142.56,-11.9,-23.8,-26.6,-21.1,-16.7
142.57,-10.5,-17.7,-18.8,-22.0,-17.3
142.58,-9.9,-15.3,-14.5,-22.9,-17.7
142.59,-8.7,-14.1,-13.2,-22.6,-17.7
142.60,-8.4,-13.1,-12.7,-22.9,-17.7
142.61,-8.2,-12.7,-12.3,-22.9,-17.5
142.62,-8.8,-13.2,-14.1,-22.5,-17.7
142.63,-9.3,-12.8,-15.9,-22.7,-17.6
142.64,-9.3,-12.5,-17.0,-22.4,-17.9
142.65,-9.7,-12.3,-18.7,-22.4,-18.5
142.66,-9.1,-12.3,-15.9,-21.6,-18.7
142.67,-8.7,-12.4,-14.6,-21.2,-19.2
142.68,-8.7,-12.2,-14.1,-20.7,-19.6
142.69,-8.4,-12.2,-13.7,-20.7,-19.6
142.70,-8.3,-12.2,-13.6,-20.7,-19.7
142.71,-8.9,-12.3,-14.9,-20.9,-19.9
142.72,-9.4,-12.7,-16.2,-20.9,-19.9
142.73,-9.8,-13.5,-16.7,-21.0,-20.3
142.74,-10.3,-14.3,-16.5,-21.3,-20.7
142.75,-10.2,-13.9,-17.4,-22.0,-21.1
142.76,-10.1,-12.6,-18.2,-23.0,-21.4
142.77,-9.3,-11.5,-18.5,-24.0,-21.8
142.78,-9.2,-10.8,-20.4,-24.3,-22.0
142.79,-8.8,-10.2,-21.7,-23.7,-22.3
142.80,-8.8,-10.1,-22.0,-22.8,-22.6
142.81,-9.2,-10.7,-22.8,-21.6,-21.8
142.82,-9.6,-11.4,-23.2,-21.0,-21.5
142.83,-10.2,-12.3,-23.8,-20.6,-21.2
142.84,-11.0,-13.7,-24.5,-20.5,-20.8
142.85,-11.9,-15.3,-24.9,-20.7,-20.2
142.86,-12.1,-16.2,-24.7,-20.9,-19.6
142.87,-12.2,-17.1,-24.9,-21.0,-19.2
142.88,-12.1,-17.3,-26.3,-20.9,-18.8
142.89,-11.7,-16.0,-27.2,-21.3,-18.9
142.90,-10.5,-13.2,-28.0,-22.1,-19.1
142.91,-9.7,-11.7,-23.1,-23.3,-19.5
142.92,-8.6,-10.9,-16.7,-24.5,-20.2
142.93,-8.1,-10.4,-15.0,-25.0,-20.5
142.94,-8.1,-10.5,-14.4,-24.7,-20.9
142.95,-8.2,-11.2,-13.8,-23.5,-20.6
142.96,-8.5,-11.5,-14.3,-22.4,-20.3
142.97,-9.2,-11.7,-15.8,-21.8,-20.3
142.98,-9.3,-11.7,-17.4,-21.5,-20.5
142.99,-9.6,-11.7,-18.7,-21.8,-20.2
143.00,-9.4,-11.7,-17.5,-21.7,-20.4
143.01,-9.3,-11.8,-16.2,-21.5,-21.0
143.02,-8.9,-11.9,-15.5,-21.3,-20.7
143.03,-9.0,-12.0,-15.3,-21.0,-20.8
143.04,-9.1,-12.2,-15.4,-20.7,-20.8
143.05,-9.7,-12.3,-17.5,-20.6,-20.6
143.06,-9.9,-12.2,-20.3,-21.3,-20.6
143.07,-9.8,-11.7,-21.5,-22.4,-20.6
143.08,-9.6,-11.5,-22.8,-22.8,-19.8
143.09,-9.1,-11.2,-19.6,-23.5,-20.0
143.10,-8.8,-11.5,-16.2,-23.5,-19.5
143.11,-8.8,-12.0,-15.2,-22.4,-19.0
143.12,-9.0,-13.1,-14.5,-21.5,-19.0
143.13,-9.6,-14.6,-14.2,-21.2,-18.8
143.14,-10.6,-17.0,-15.4,-20.5,-18.1
143.15,-11.3,-18.5,-16.4,-20.5,-17.9
143.16,-11.8,-21.6,-17.2,-20.6,-17.3
143.17,-12.2,-25.3,-18.2,-20.7,-16.8
143.18,-12.3,-28.3,-19.2,-20.6,-16.5
143.19,-12.6,-29.8,-20.6,-20.9,-16.6
143.20,-13.3,-31.9,-21.4,-21.1,-16.7
143.21,-12.8,-32.7,-20.9,-20.9,-16.6
143.22,-12.6,-33.4,-20.3,-20.0,-16.8
143.23,-12.4,-33.3,-20.1,-19.9,-16.6
143.24,-12.4,-33.6,-20.0,-19.5,-16.3
143.25,-12.4,-34.3,-19.4,-19.3,-16.5
143.26,-12.2,-34.0,-18.7,-19.1,-16.3
143.27,-11.5,-33.4,-17.5,-19.2,-16.3
143.28,-11.7,-33.0,-17.4,-19.6,-16.5
143.29,-11.5,-31.8,-17.4,-20.5,-16.4
143.30,-11.7,-30.6,-17.9,-20.7,-16.2
143.31,-12.7,-29.8,-19.8,-21.1,-16.5
143.32,-13.6,-29.3,-21.6,-22.4,-17.0
143.33,-14.1,-29.0,-22.9,-23.6,-16.9
143.34,-13.2,-29.6,-20.3,-24.4,-17.5
143.35,-13.2,-30.8,-19.5,-24.2,-18.0
143.36,-13.4,-32.3,-19.5,-24.9,-18.4
143.37,-13.5,-33.9,-19.6,-24.6,-18.5
143.38,-14.2,-34.9,-20.4,-24.7,-18.5
143.39,-15.3,-35.0,-24.4,-24.6,-18.1
143.40,-15.1,-31.9,-27.8,-23.5,-17.9
143.41,-15.1,-27.2,-29.6,-22.8,-18.3
143.42,-14.3,-21.8,-29.2,-22.2,-18.6
143.43,-12.0,-16.3,-19.6,-22.4,-19.3
143.44,-9.7,-13.1,-15.5,-23.0,-19.7
143.45,-8.6,-11.5,-14.0,-23.3,-20.4
143.46,-7.7,-10.5,-13.2,-23.8,-20.5
143.47,-7.3,-9.9,-12.6,-23.0,-20.7
143.48,-7.5,-10.1,-13.5,-22.9,-20.5
143.49,-8.6,-11.0,-15.1,-22.3,-20.3
143.50,-9.3,-12.4,-16.4,-22.2,-19.8
143.51,-10.8,-14.1,-18.3,-22.7,-20.1
143.52,-12.0,-17.8,-20.6,-21.1,-19.6
143.53,-13.6,-25.2,-21.7,-21.7,-19.1
143.54,-13.2,-30.0,-22.1,-20.1,-18.8
143.55,-13.8,-30.9,-22.1,-20.8,-18.8
143.56,-12.9,-27.9,-21.2,-19.3,-18.5
143.57,-12.7,-24.0,-20.9,-19.9,-18.6
143.58,-11.3,-16.8,-21.0,-19.3,-18.8
143.59,-10.5,-14.3,-21.1,-19.4,-19.4
143.60,-9.6,-12.6,-21.4,-19.1,-19.2
143.61,-8.8,-11.3,-22.0,-19.0,-19.3
143.62,-8.9,-11.0,-22.8,-19.4,-19.2
143.63,-8.8,-11.0,-23.8,-19.1,-19.0
143.64,-8.9,-11.0,-25.2,-19.0,-18.8
143.65,-9.1,-11.0,-27.0,-18.7,-19.0
143.66,-9.4,-11.1,-28.6,-18.6,-19.5
143.67,-9.4,-11.0,-30.1,-18.9,-18.9
143.68,-9.7,-11.2,-31.5,-19.4,-19.5
143.69,-9.6,-11.5,-20.2,-20.0,-19.3
143.70,-9.3,-12.0,-15.1,-20.3,-19.4
143.71,-8.8,-12.2,-13.2,-20.5,-19.3
143.72,-8.6,-12.5,-12.1,-20.5,-19.4
143.73,-8.2,-13.2,-11.0,-20.2,-19.1
143.74,-8.2,-13.7,-11.4,-19.9,-18.6
143.75,-8.9,-13.5,-13.0,-19.7,-18.8
143.76,-9.2,-13.4,-13.9,-19.9,-18.6
143.77,-9.0,-13.1,-15.7,-20.1,-19.3
143.78,-9.0,-12.6,-17.6,-20.0,-19.1
143.79,-9.4,-12.0,-18.2,-21.1,-20.5
143.80,-9.3,-11.8,-18.2,-22.5,-20.3
143.81,-9.2,-11.8,-18.5,-22.9,-20.2
143.82,-9.6,-11.7,-20.6,-24.0,-20.3
143.83,-10.1,-12.0,-22.3,-24.6,-20.1
143.84,-10.3,-12.4,-22.7,-24.2,-20.1
143.85,-10.8,-12.7,-23.2,-23.5,-20.2
143.86,-10.7,-12.7,-23.2,-22.9,-20.2
143.87,-10.6,-12.5,-23.3,-21.8,-20.2
143.88,-10.5,-12.5,-23.5,-21.2,-20.4
143.89,-10.4,-12.3,-23.9,-20.9,-20.7
143.90,-10.6,-12.7,-24.2,-21.1,-20.8
143.91,-11.0,-12.9,-25.3,-21.7,-21.6
143.92,-11.4,-13.4,-26.6,-22.0,-21.3
143.93,-11.9,-14.0,-27.5,-22.5,-21.1
143.94,-11.7,-13.9,-28.8,-22.7,-21.0
143.95,-11.6,-14.0,-30.1,-22.8,-20.7
143.96,-11.5,-14.0,-30.6,-22.3,-20.3
143.97,-11.3,-13.8,-31.4,-21.7,-19.9
143.98,-10.7,-13.6,-32.4,-20.8,-19.5
143.99,-11.0,-13.8,-33.0,-20.2,-19.1
144.00,-10.9,-13.7,-33.1,-20.1,-18.9
144.01,-10.9,-13.9,-33.3,-19.5,-18.7
144.02,-11.1,-13.9,-33.5,-20.1,-18.9
144.03,-11.3,-14.0,-33.7,-19.6,-19.2
144.04,-11.1,-13.9,-34.3,-19.9,-18.8
144.05,-10.9,-13.6,-34.7,-19.5,-18.9
144.06,-10.7,-13.1,-34.9,-19.6,-18.9
144.07,-10.9,-13.3,-35.2,-19.8,-19.1
144.08,-11.2,-13.9,-35.6,-19.6,-19.4
144.09,-11.8,-14.6,-36.3,-19.9,-19.8
144.10,-12.0,-15.2,-36.1,-19.1,-20.4
144.11,-11.4,-14.7,-33.0,-19.5,-20.8
144.12,-10.0,-13.4,-20.2,-19.2,-21.1
144.13,-8.9,-12.5,-15.8,-20.1,-21.3
144.14,-8.4,-11.8,-14.1,-20.7,-21.6
144.15,-8.2,-11.7,-13.5,-21.6,-21.3
144.16,-8.4,-11.7,-12.9,-23.6,-21.7
144.17,-9.0,-11.6,-13.9,-24.2,-21.3
144.18,-9.3,-11.8,-15.9,-24.3,-21.2
144.19,-9.9,-11.8,-17.4,-24.3,-21.1
144.20,-10.2,-12.1,-19.0,-23.3,-21.2
144.21,-10.3,-12.4,-20.7,-23.6,-21.5
144.22,-10.6,-12.6,-20.6,-23.3,-22.2
144.23,-10.6,-12.9,-20.1,-23.7,-22.3
144.24,-10.5,-12.8,-19.9,-23.7,-22.6
144.25,-10.5,-12.9,-19.3,-24.0,-22.8
144.26,-10.6,-12.8,-19.7,-23.7,-22.5
144.27,-10.9,-12.6,-20.6,-23.9,-22.6
144.28,-11.0,-12.7,-21.1,-24.5,-22.9
144.29,-10.9,-12.5,-20.7,-26.1,-22.9
144.30,-9.5,-12.5,-14.5,-27.6,-22.9
144.31,-9.1,-12.4,-13.0,-26.5,-23.6
144.32,-8.5,-12.3,-12.2,-24.1,-23.5
144.33,-8.1,-12.4,-11.4,-22.2,-23.4
144.34,-8.2,-12.2,-11.8,-21.1,-23.3
144.35,-8.8,-12.0,-12.9,-20.7,-23.0
144.36,-9.2,-12.1,-14.2,-21.0,-23.0
144.37,-9.5,-12.4,-15.4,-20.5,-22.4
144.38,-10.5,-13.2,-17.9,-20.3,-21.8
144.39,-11.4,-14.2,-20.7,-20.6,-22.0
144.40,-12.0,-15.6,-22.1,-20.9,-21.1
144.41,-12.6,-16.9,-23.5,-20.6,-20.8
144.42,-13.1,-18.0,-23.8,-20.4,-21.1
144.43,-12.9,-19.0,-22.5,-20.5,-20.5
144.44,-12.8,-19.7,-21.5,-20.9,-20.2
144.45,-13.1,-21.5,-21.2,-20.9,-20.0
144.46,-12.3,-24.3,-18.0,-21.5,-19.6
144.47,-12.0,-27.2,-16.5,-22.5,-18.9
144.48,-12.3,-31.5,-16.1,-24.6,-18.8
144.49,-12.4,-34.8,-15.8,-27.6,-18.5
144.50,-12.3,-36.2,-16.2,-25.7,-18.0
144.51,-13.1,-36.4,-18.4,-24.7,-18.0
144.52,-12.9,-36.2,-19.7,-22.8,-17.5
144.53,-13.2,-36.3,-22.1,-21.7,-16.8
144.54,-13.2,-36.7,-23.7,-20.6,-16.7
144.55,-13.4,-37.6,-25.6,-20.4,-16.5
144.56,-13.6,-38.7,-26.4,-20.1,-16.4
144.57,-13.9,-39.6,-27.3,-20.0,-16.9
144.58,-14.0,-39.6,-27.7,-19.8,-17.2
144.59,-14.1,-38.5,-27.8,-19.9,-17.1
144.60,-14.1,-36.6,-28.1,-19.9,-17.1
144.61,-13.5,-34.9,-28.4,-20.0,-16.6
144.62,-13.3,-33.7,-28.9,-20.3,-16.2
144.63,-13.7,-33.4,-29.4,-21.1,-16.4
144.64,-13.5,-33.6,-29.9,-21.6,-16.3
144.65,-13.8,-34.4,-30.5,-22.5,-16.9
144.66,-14.5,-35.6,-30.8,-21.7,-17.6
144.67,-14.1,-37.3,-30.7,-20.8,-17.5
144.68,-13.6,-38.5,-30.9,-19.8,-17.5
144.69,-13.9,-40.4,-31.1,-19.4,-17.6
144.70,-13.6,-41.8,-31.2,-18.9,-17.5
144.71,-13.6,-42.7,-31.5,-18.9,-17.2
144.72,-14.6,-44.1,-31.6,-19.3,-17.2
144.73,-14.5,-44.5,-31.4,-19.4,-16.1
144.74,-13.6,-45.1,-31.4,-19.2,-15.5
144.75,-13.3,-46.2,-31.2,-19.0,-15.6
144.76,-13.0,-46.5,-31.5,-18.8,-15.6
144.77,-12.7,-44.8,-31.5,-18.8,-15.5
144.78,-12.8,-42.4,-31.9,-18.6,-16.5
144.79,-13.9,-35.9,-32.4,-18.7,-17.2
144.80,-13.2,-21.3,-30.7,-19.1,-17.5
144.81,-11.1,-15.0,-20.7,-19.7,-18.4
144.82,-9.0,-12.2,-15.9,-20.4,-19.5
144.83,-8.0,-10.4,-14.2,-21.3,-20.0
144.84,-6.9,-9.3,-13.6,-21.9,-20.5
144.85,-6.7,-9.0,-13.0,-22.6,-21.1
144.86,-7.3,-9.2,-13.9,-21.9,-20.8
144.87,-7.7,-9.6,-15.8,-21.4,-20.6
144.88,-8.2,-10.0,-17.1,-21.0,-20.1
144.89,-8.7,-10.6,-18.6,-20.7,-19.3
144.90,-9.3,-11.4,-20.6,-20.4,-19.2
144.91,-10.3,-12.5,-21.7,-20.4,-19.3
144.92,-10.9,-13.5,-22.2,-20.6,-19.4
144.93,-11.7,-14.5,-22.2,-20.9,-19.7
144.94,-11.9,-15.0,-21.1,-20.6,-20.1
144.95,-11.4,-14.4,-20.7,-20.2,-20.6
144.96,-10.9,-14.1,-20.6,-20.1,-20.7
144.97,-11.1,-14.1,-20.6,-20.0,-21.0
144.98,-10.5,-13.0,-20.8,-20.5,-21.5
144.99,-10.1,-12.2,-21.2,-21.2,-22.0
145.00,-9.7,-11.7,-21.7,-21.2,-22.2
145.01,-9.8,-11.3,-22.8,-22.3,-22.1
145.02,-9.9,-11.4,-23.8,-23.2,-22.2
145.03,-10.4,-11.9,-25.1,-23.7,-22.3
145.04,-11.2,-12.6,-26.4,-23.1,-22.6
145.05,-11.6,-13.3,-27.5,-22.5,-22.3
145.06,-11.5,-13.3,-28.4,-21.4,-23.0
145.07,-11.1,-13.5,-20.9,-21.1,-23.2
145.08,-9.7,-13.1,-15.4,-21.0,-23.3
145.09,-8.9,-12.7,-13.5,-20.7,-23.8
145.10,-8.5,-12.6,-12.3,-20.6,-24.6
145.11,-8.1,-12.4,-11.2,-20.7,-25.2
145.12,-8.5,-12.7,-11.8,-20.9,-25.2
145.13,-8.5,-12.1,-13.3,-20.2,-24.9
145.14,-8.8,-11.6,-14.3,-20.8,-24.3
145.15,-9.1,-11.6,-16.1,-21.4,-23.6
145.16,-9.2,-11.5,-17.7,-22.3,-22.5
145.17,-9.2,-11.4,-18.0,-23.1,-21.3
145.18,-9.5,-11.7,-18.1,-25.3,-20.3
145.19,-9.3,-11.7,-18.7,-24.5,-19.8
145.20,-9.6,-11.8,-20.9,-22.7,-19.3
145.21,-9.7,-11.8,-22.8,-21.1,-19.2
145.22,-9.8,-12.1,-23.8,-20.1,-18.9
145.23,-9.6,-12.4,-24.4,-18.8,-18.8
145.24,-10.0,-12.6,-24.3,-19.4,-18.7
145.25,-9.6,-12.5,-24.4,-19.0,-18.6
145.26,-9.8,-12.5,-24.6,-19.5,-18.4
145.27,-9.9,-12.4,-24.9,-19.1,-18.6
145.28,-10.0,-12.2,-25.5,-19.4,-18.6
145.29,-10.2,-12.1,-26.3,-19.4,-19.2
145.30,-10.1,-12.2,-27.3,-19.0,-19.5
145.31,-10.0,-12.3,-28.4,-19.1,-20.2
145.32,-10.0,-12.4,-29.9,-18.5,-20.0
145.33,-10.3,-12.7,-31.3,-19.3,-20.4
145.34,-10.4,-12.9,-32.7,-19.4,-20.3
145.35,-10.9,-13.0,-33.3,-20.1,-20.6
145.36,-11.1,-13.1,-33.0,-19.0,-20.9
145.37,-11.1,-13.2,-32.7,-18.8,-21.2
145.38,-10.9,-13.0,-32.4,-18.3,-21.3
145.39,-10.6,-12.7,-32.4,-18.2,-20.7
145.40,-10.5,-12.6,-32.4,-18.0,-20.0
145.41,-10.4,-12.3,-32.6,-18.2,-19.0
145.42,-10.0,-12.0,-33.0,-18.5,-18.4
145.43,-9.7,-11.8,-33.5,-18.6,-18.0
145.44,-9.7,-11.5,-33.6,-18.2,-18.1
145.45,-9.7,-11.4,-34.1,-18.3,-18.5
145.46,-9.8,-11.4,-34.6,-18.6,-18.6
145.47,-9.7,-11.9,-34.3,-18.5,-18.4
145.48,-10.5,-13.0,-34.7,-18.6,-18.2
145.49,-11.3,-14.5,-26.5,-19.1,-18.3
145.50,-12.0,-16.5,-19.0,-20.0,-18.1
145.51,-10.3,-16.9,-14.8,-21.1,-18.4
145.52,-10.2,-16.5,-13.3,-22.2,-19.0
145.53,-9.1,-14.7,-12.5,-22.4,-19.3
145.54,-8.4,-13.0,-12.1,-21.5,-19.1
145.55,-8.2,-11.8,-13.3,-20.5,-19.4
145.56,-8.3,-11.3,-15.1,-19.7,-19.7
145.57,-8.5,-11.0,-16.4,-19.1,-19.8
145.58,-8.8,-10.9,-18.4,-19.1,-19.9
145.59,-9.3,-11.1,-19.3,-19.7,-20.0
145.60,-9.5,-11.5,-18.9,-20.1,-20.0
145.61,-9.6,-11.9,-18.6,-20.2,-20.3
145.62,-9.8,-12.2,-18.5,-20.3,-20.1
145.63,-10.0,-12.6,-18.3,-20.2,-20.3
145.64,-10.1,-12.8,-19.0,-19.8,-20.5
145.65,-10.2,-12.7,-20.0,-19.7,-20.9
145.66,-10.1,-12.6,-20.4,-19.7,-20.9
145.67,-10.1,-12.4,-19.7,-19.6,-21.3
145.68,-9.1,-12.3,-14.2,-19.9,-21.7
145.69,-8.8,-12.1,-12.8,-20.7,-22.3
145.70,-8.2,-12.0,-11.9,-21.1,-22.4
145.71,-7.7,-11.7,-11.0,-20.7,-21.4
145.72,-7.5,-11.4,-11.4,-20.8,-21.1
145.73,-7.8,-11.4,-12.5,-20.6,-20.8
145.74,-8.1,-11.6,-13.7,-20.2,-20.1
145.75,-8.6,-12.1,-15.1,-19.6,-19.2
145.76,-9.8,-13.4,-17.6,-20.1,-19.3
145.77,-10.6,-15.1,-19.8,-19.3,-18.5
145.78,-10.9,-16.9,-20.3,-19.4,-17.9
145.79,-10.9,-19.5,-20.3,-18.6,-17.7
145.80,-11.4,-22.1,-19.7,-18.7,-17.7
145.81,-11.3,-23.3,-19.3,-18.8,-17.4
145.82,-11.1,-24.5,-18.1,-18.5,-17.4
145.83,-11.4,-26.9,-18.0,-19.0,-17.4
145.84,-11.9,-29.7,-17.1,-19.5,-17.8
145.85,-12.0,-31.2,-16.8,-20.3,-18.4
145.86,-11.4,-33.4,-16.8,-20.1,-18.1
145.87,-11.1,-34.1,-16.5,-19.9,-17.8
145.88,-11.7,-36.2,-17.3,-20.8,-18.1
145.89,-11.5,-36.6,-18.0,-20.7,-17.6
145.90,-11.7,-35.6,-18.8,-21.6,-17.4
145.91,-12.9,-35.0,-20.9,-24.0,-17.8
145.92,-13.4,-34.9,-22.2,-24.1,-17.6
145.93,-14.0,-34.7,-24.6,-24.9,-17.6
145.94,-13.8,-35.1,-26.2,-22.8,-17.4
145.95,-13.5,-33.7,-27.9,-21.7,-17.4
145.96,-12.1,-27.6,-28.4,-19.8,-17.0
145.97,-12.1,-22.7,-28.8,-19.4,-17.4
145.98,-11.2,-18.1,-29.5,-18.6,-17.7
145.99,-9.8,-14.1,-29.0,-18.6,-17.6
146.00,-8.7,-11.9,-29.4,-18.3,-17.7
146.01,-8.4,-10.9,-27.3,-19.3,-18.4
146.02,-7.8,-10.5,-18.4,-19.2,-18.7
146.03,-7.4,-9.9,-14.9,-20.4,-20.1
146.04,-7.4,-10.4,-13.9,-19.8,-20.6
146.05,-7.7,-10.9,-13.3,-20.7,-21.6
146.06,-8.1,-11.3,-13.0,-19.6,-21.6
146.07,-8.5,-11.4,-15.2,-19.4,-20.5
146.08,-9.0,-12.1,-16.9,-19.1,-20.0
146.09,-9.4,-12.0,-18.1,-19.7,-19.5
146.10,-9.8,-12.4,-19.7,-19.4,-19.0
146.11,-9.8,-12.6,-21.2,-19.9,-18.9
146.12,-10.0,-12.2,-22.5,-19.6,-19.1
146.13,-10.2,-12.2,-23.4,-20.0,-19.1
146.14,-9.8,-12.5,-22.5,-19.2,-19.1
146.15,-9.8,-12.2,-21.5,-19.8,-19.2
146.16,-9.4,-12.0,-21.5,-19.3,-18.8
146.17,-9.3,-11.9,-21.2,-20.0,-19.0
146.18,-9.3,-11.7,-21.2,-19.4,-19.4
146.19,-9.5,-11.4,-21.8,-20.8,-19.4
146.20,-9.3,-11.4,-21.9,-20.8,-19.6
146.21,-9.6,-11.2,-22.7,-22.5,-19.5
146.22,-9.6,-11.3,-23.8,-22.3,-19.4
146.23,-9.8,-11.3,-24.4,-24.1,-19.4
146.24,-9.9,-11.6,-24.7,-23.5,-19.5
146.25,-10.1,-11.8,-25.8,-23.5,-19.2
146.26,-10.1,-12.0,-26.8,-22.6,-18.6
146.27,-10.0,-12.0,-26.9,-21.9,-18.7
146.28,-9.8,-11.9,-27.9,-21.5,-18.4
146.29,-9.6,-11.6,-28.6,-20.3,-18.5
146.30,-9.6,-11.4,-28.3,-20.7,-18.8
146.31,-9.4,-11.5,-28.8,-19.6,-18.6
146.32,-9.8,-11.7,-29.2,-19.5,-19.1
146.33,-9.6,-11.6,-29.2,-19.0,-19.2
146.34,-9.5,-11.5,-29.4,-19.1,-19.4
146.35,-9.2,-11.3,-26.9,-19.0,-19.7
146.36,-9.5,-11.3,-20.6,-19.5,-20.1
146.37,-9.2,-11.6,-19.3,-19.2,-19.9
146.38,-9.3,-11.7,-18.7,-20.2,-20.0
146.39,-9.4,-12.2,-18.3,-19.8,-19.8
146.40,-9.5,-12.4,-19.3,-19.5,-19.4
146.41,-9.9,-12.3,-22.0,-20.7,-19.3
146.42,-9.8,-12.0,-24.2,-21.6,-19.1
146.43,-10.0,-12.1,-26.1,-21.3,-19.5
146.44,-10.7,-12.7,-27.0,-22.7,-20.1
146.45,-11.2,-13.5,-27.4,-22.1,-20.1
146.46,-11.6,-14.0,-27.6,-21.3,-20.1
146.47,-11.6,-14.8,-27.6,-20.4,-20.2
146.48,-11.7,-15.2,-27.9,-19.7,-19.7
146.49,-11.7,-15.0,-28.1,-19.6,-19.9
146.50,-10.8,-14.2,-28.3,-18.9,-20.1
146.51,-10.5,-13.4,-28.7,-18.8,-20.1
146.52,-10.2,-12.6,-28.9,-18.7,-20.6
146.53,-9.7,-12.0,-22.8,-19.2,-20.8
146.54,-8.3,-11.3,-15.0,-18.9,-21.3
146.55,-8.4,-11.6,-13.5,-20.1,-22.0
146.56,-8.3,-11.9,-13.0,-19.6,-22.6
146.57,-8.3,-11.9,-12.8,-20.0,-23.0
146.58,-8.7,-12.1,-13.4,-20.3,-22.4
146.59,-9.2,-12.2,-15.5,-19.9,-22.3
146.60,-9.8,-12.5,-17.1,-19.8,-21.3
146.61,-9.6,-12.5,-18.5,-19.6,-20.6
146.62,-9.6,-12.3,-19.8,-19.7,-20.3
146.63,-9.6,-11.7,-22.9,-19.1,-20.5
146.64,-9.6,-11.6,-24.8,-19.6,-20.4
146.65,-9.6,-11.8,-25.2,-18.9,-20.7
146.66,-10.1,-12.1,-24.5,-19.6,-21.0
146.67,-10.5,-12.8,-24.7,-19.1,-21.4
146.68,-11.3,-13.5,-24.6,-19.8,-21.6
146.69,-10.9,-13.3,-25.2,-19.1,-22.2
146.70,-10.7,-12.6,-23.3,-20.0,-22.9
146.71,-9.8,-11.8,-21.1,-20.1,-23.2
146.72,-9.6,-11.4,-19.7,-20.9,-23.0
146.73,-8.9,-11.1,-18.3,-20.5,-22.4
146.74,-8.8,-11.2,-18.0,-20.9,-21.9
146.75,-8.8,-11.7,-18.1,-20.8,-21.0
146.76,-8.9,-12.0,-18.9,-19.6,-20.7
146.77,-8.8,-12.2,-18.6,-19.6,-20.4
146.78,-9.6,-12.9,-19.7,-19.6,-20.4
146.79,-10.1,-12.8,-20.3,-19.8,-20.4
146.80,-10.0,-12.9,-21.0,-19.4,-20.5
146.81,-10.7,-13.6,-21.1,-19.6,-20.6
146.82,-11.0,-14.1,-20.6,-19.2,-20.8
146.83,-10.5,-14.8,-20.2,-19.0,-20.3
146.84,-10.7,-16.0,-19.5,-19.0,-19.7
146.85,-10.4,-15.9,-19.4,-18.7,-19.5
146.86,-9.1,-12.6,-20.1,-18.7,-19.4
146.87,-8.6,-11.5,-19.8,-18.7,-19.7
146.88,-8.2,-10.9,-16.7,-19.0,-20.6
146.89,-7.7,-10.5,-14.3,-19.8,-21.3
146.90,-7.8,-11.0,-13.0,-21.2,-22.2
146.91,-8.4,-12.5,-12.6,-20.5,-22.4
146.92,-8.1,-12.0,-12.3,-22.4,-22.5
146.93,-8.3,-11.5,-13.8,-20.5,-22.2
146.94,-8.7,-11.5,-16.1,-20.3,-22.2
146.95,-9.3,-11.5,-17.6,-19.8,-22.4
146.96,-9.9,-12.2,-18.8,-20.2,-22.0
146.97,-10.6,-12.9,-20.8,-19.2,-22.0
146.98,-10.8,-13.0,-21.7,-19.8,-22.1
146.99,-10.5,-12.9,-22.0,-19.1,-21.7
147.00,-10.6,-13.1,-21.4,-19.7,-22.2
147.01,-10.9,-13.7,-20.7,-19.2,-22.3
147.02,-11.0,-14.6,-20.8,-19.4,-22.0
147.03,-11.6,-16.6,-20.4,-19.2,-21.3
147.04,-11.2,-17.4,-19.9,-19.2,-21.0
147.05,-10.3,-15.2,-18.3,-19.1,-20.8
147.06,-9.4,-12.8,-17.9,-20.3,-20.9
147.07,-8.9,-11.4,-17.5,-21.2,-21.6
147.08,-8.4,-10.6,-17.8,-21.4,-22.3
147.09,-8.7,-10.2,-18.8,-23.6,-23.0
147.10,-9.0,-10.3,-20.9,-22.6,-23.6
147.11,-9.4,-10.8,-22.8,-21.6,-23.9
147.12,-9.6,-10.8,-24.2,-21.6,-24.3
147.13,-9.8,-10.9,-26.8,-21.9,-24.1
147.14,-9.8,-10.8,-28.8,-21.7,-23.9
147.15,-9.9,-10.9,-29.3,-21.5,-24.0
147.16,-9.9,-10.9,-29.5,-21.7,-23.9
147.17,-10.1,-11.3,-29.5,-21.0,-23.9
147.18,-10.1,-11.3,-29.3,-20.9,-24.1
147.19,-10.3,-11.4,-29.2,-20.5,-24.2
147.20,-10.2,-11.6,-29.5,-20.1,-24.2
147.21,-10.5,-12.1,-29.7,-20.1,-24.0
147.22,-10.4,-12.6,-22.8,-20.2,-23.4
147.23,-9.7,-13.4,-15.2,-21.0,-23.0
147.24,-9.2,-14.1,-13.4,-22.0,-22.5
147.25,-9.3,-14.3,-12.7,-23.7,-21.6
147.26,-8.5,-14.2,-12.2,-21.3,-20.9
147.27,-8.8,-14.2,-12.7,-21.5,-20.4
147.28,-9.0,-13.8,-14.2,-19.8,-20.0
147.29,-9.2,-13.3,-15.5,-19.8,-19.6
147.30,-9.3,-13.3,-16.5,-19.1,-19.6
147.31,-9.8,-13.1,-18.5,-20.4,-19.5
147.32,-9.7,-13.1,-19.9,-19.4,-19.6
147.33,-9.7,-12.8,-21.9,-19.6,-19.7
147.34,-9.9,-12.4,-23.4,-19.4,-19.8
147.35,-9.9,-13.0,-22.0,-19.0,-19.9
147.36,-10.4,-14.0,-21.4,-19.0,-20.0
147.37,-11.3,-15.7,-21.1,-20.3,-19.5
147.38,-11.7,-18.5,-20.7,-19.7,-19.3
147.39,-12.6,-22.9,-19.5,-21.7,-19.2
147.40,-11.0,-19.8,-16.0,-22.7,-19.2
147.41,-9.2,-14.6,-13.7,-23.2,-19.9
147.42,-8.5,-12.7,-13.1,-23.7,-20.5
147.43,-7.8,-11.0,-12.8,-24.4,-20.8
147.44,-7.1,-9.6,-12.8,-24.3,-21.2
147.45,-7.5,-9.3,-15.2,-23.2,-21.1
147.46,-8.0,-9.4,-16.9,-23.3,-21.3
147.47,-8.2,-9.7,-18.3,-21.7,-21.1
147.48,-8.7,-10.3,-19.6,-20.2,-21.1
147.49,-9.5,-11.2,-21.4,-19.8,-20.8
147.50,-9.6,-11.4,-22.7,-18.9,-21.0
147.51,-9.7,-11.6,-22.8,-19.4,-20.9
147.52,-9.4,-11.2,-22.1,-18.7,-21.4
147.53,-9.1,-10.9,-21.3,-18.7,-21.6
147.54,-9.0,-10.5,-21.2,-18.8,-22.2
147.55,-8.8,-10.2,-21.5,-18.5,-22.7
147.56,-9.0,-10.4,-21.4,-18.7,-23.1
147.57,-9.4,-10.8,-21.7,-18.6,-23.3
147.58,-9.5,-10.9,-22.3,-18.5,-23.9
147.59,-9.5,-11.0,-22.9,-18.7,-23.9
147.60,-9.2,-10.7,-23.2,-18.4,-24.2
147.61,-8.9,-10.3,-24.0,-18.5,-24.1
147.62,-8.9,-10.2,-25.1,-18.5,-24.1
147.63,-9.1,-10.5,-25.6,-18.2,-23.8
147.64,-9.6,-11.0,-26.0,-18.6,-23.8
147.65,-9.9,-11.3,-27.9,-18.3,-23.4
147.66,-9.9,-11.3,-28.2,-18.4,-23.1
147.67,-9.7,-10.9,-28.1,-18.5,-22.9
147.68,-9.3,-10.5,-28.9,-18.4,-22.9
147.69,-9.1,-10.3,-29.3,-18.4,-22.9
147.70,-9.0,-10.2,-30.0,-18.3,-23.0
147.71,-8.9,-9.9,-30.5,-18.0,-23.5
147.72,-8.9,-10.0,-31.5,-18.5,-23.4
147.73,-9.4,-10.7,-31.2,-18.1,-23.2
147.74,-9.6,-11.6,-20.5,-19.1,-22.3
147.75,-9.1,-12.8,-14.3,-19.5,-21.6
147.76,-9.3,-15.3,-12.7,-21.1,-20.9
147.77,-9.5,-18.2,-11.9,-21.4,-20.2
147.78,-9.2,-19.8,-11.5,-21.5,-19.5
147.79,-9.5,-20.6,-11.7,-20.7,-19.1
147.80,-10.1,-20.4,-13.5,-20.1,-18.4
147.81,-11.2,-20.5,-15.2,-19.9,-18.3
147.82,-11.2,-20.9,-16.7,-19.8,-18.2
147.83,-12.2,-21.2,-19.9,-20.5,-17.8
147.84,-12.9,-21.6,-23.1,-20.9,-17.7
147.85,-12.1,-22.7,-22.3,-19.8,-17.3
147.86,-12.0,-24.0,-22.4,-20.0,-17.3
147.87,-11.8,-25.0,-21.4,-19.1,-17.5
147.88,-11.8,-25.8,-20.8,-18.6,-18.2
147.89,-12.9,-28.2,-20.8,-19.6,-18.6
147.90,-12.3,-29.7,-20.2,-18.8,-19.0
147.91,-11.0,-30.1,-17.2,-17.8,-19.3
147.92,-11.7,-30.6,-16.3,-19.1,-19.2
147.93,-11.1,-31.3,-15.8,-18.7,-18.9
147.94,-10.7,-33.3,-15.6,-18.1,-18.4
147.95,-11.1,-35.7,-16.6,-18.0,-17.9
147.96,-11.8,-36.4,-17.9,-18.5,-17.7
147.97,-12.0,-34.7,-19.9,-17.5,-17.5
147.98,-12.3,-30.9,-20.6,-17.6,-17.4
147.99,-12.3,-27.6,-21.5,-17.6,-17.4
148.00,-12.7,-25.0,-22.0,-17.7,-17.8
148.01,-12.9,-23.6,-22.1,-17.5,-18.1
148.02,-12.6,-22.9,-22.0,-17.7,-18.5
148.03,-12.8,-22.6,-21.7,-17.6,-18.9
148.04,-13.1,-22.3,-21.4,-17.9,-19.5
148.05,-12.8,-22.9,-21.6,-17.7,-20.0
148.06,-13.0,-19.6,-21.4,-18.2,-20.7
148.07,-10.7,-13.3,-21.9,-18.2,-21.6
148.08,-9.6,-11.9,-23.2,-18.4,-22.5
148.09,-8.5,-10.5,-18.3,-18.7,-23.6
148.10,-7.3,-9.2,-15.8,-19.2,-24.2
148.11,-7.5,-9.7,-14.8,-19.5,-24.3
148.12,-8.2,-11.0,-14.3,-19.9,-23.8
148.13,-8.8,-11.9,-14.0,-19.6,-23.2
148.14,-10.2,-15.0,-15.0,-19.3,-22.4
148.15,-11.4,-16.9,-16.3,-19.5,-21.8
148.16,-11.3,-16.3,-17.4,-18.8,-21.3
148.17,-11.1,-15.0,-18.4,-19.0,-21.5
148.18,-11.0,-13.7,-20.2,-18.8,-21.6
148.19,-10.1,-12.0,-22.3,-18.9,-21.9
148.20,-9.6,-11.3,-22.4,-19.2,-22.3
148.21,-9.3,-10.8,-21.9,-19.1,-22.3
148.22,-9.0,-10.4,-22.4,-19.4,-22.2
148.23,-8.9,-10.1,-22.7,-19.9,-22.6
148.24,-8.9,-10.0,-23.0,-19.8,-22.6
148.25,-8.8,-9.8,-25.1,-20.5,-23.0
148.26,-8.7,-9.5,-27.2,-20.1,-23.2
148.27,-8.9,-9.7,-26.3,-21.0,-23.3
148.28,-8.9,-9.9,-25.5,-20.9,-23.3
148.29,-8.9,-9.9,-25.2,-20.5,-23.1
148.30,-9.1,-10.2,-24.6,-20.2,-23.2
148.31,-9.3,-10.5,-24.6,-19.2,-23.1
148.32,-9.4,-10.7,-25.5,-18.7,-23.1
148.33,-9.5,-11.0,-26.2,-18.0,-22.7
148.34,-9.6,-11.3,-27.0,-17.2,-22.9
148.35,-9.6,-11.5,-28.5,-16.5,-22.9
148.36,-9.5,-11.7,-29.7,-16.2,-22.6
148.37,-9.5,-11.8,-29.7,-15.9,-22.8
148.38,-9.7,-11.9,-29.9,-16.1,-22.9
148.39,-9.9,-11.9,-30.1,-16.7,-22.8
148.40,-10.1,-11.9,-30.5,-17.4,-23.2
148.41,-10.2,-11.7,-30.8,-18.1,-23.7
148.42,-9.6,-11.5,-26.5,-18.3,-23.2
148.43,-8.8,-11.6,-20.3,-18.2,-23.2
148.44,-8.6,-11.2,-18.9,-18.4,-23.2
148.45,-8.4,-10.8,-18.3,-18.6,-23.2
148.46,-8.5,-10.8,-18.0,-19.0,-23.4
148.47,-8.8,-10.5,-19.3,-19.5,-23.6
148.48,-8.8,-10.0,-22.1,-20.0,-23.7
148.49,-8.8,-9.9,-24.1,-20.0,-24.0
148.50,-8.8,-9.8,-25.5,-19.8,-23.3
148.51,-8.5,-9.6,-27.0,-19.8,-23.5
148.52,-8.6,-9.7,-28.1,-19.7,-23.7
148.53,-9.1,-10.1,-28.8,-19.7,-23.6
148.54,-9.3,-10.5,-29.6,-19.7,-23.9
148.55,-9.8,-11.1,-30.2,-19.8,-24.3
148.56,-10.1,-11.3,-30.4,-19.7,-24.2
148.57,-9.8,-10.9,-30.8,-19.7,-24.1
148.58,-9.7,-10.8,-31.5,-19.5,-24.6
148.59,-9.3,-10.3,-32.2,-19.2,-24.7
148.60,-9.2,-10.4,-29.5,-19.3,-24.4
148.61,-8.6,-10.8,-15.2,-19.5,-24.9
148.62,-8.5,-11.4,-13.2,-20.0,-25.0
148.63,-8.2,-11.3,-12.6,-20.5,-24.3
148.64,-8.0,-11.0,-12.2,-21.5,-24.4
148.65,-8.2,-10.7,-12.5,-22.4,-24.6
148.66,-8.5,-10.5,-14.5,-21.8,-24.6
148.67,-8.7,-10.4,-16.4,-21.6,-23.7
148.68,-9.1,-10.7,-17.7,-20.9,-24.1
148.69,-9.1,-10.4,-19.7,-20.6,-24.2
148.70,-9.3,-10.6,-22.2,-20.2,-24.1
148.71,-9.7,-11.0,-23.8,-20.4,-24.7
148.72,-10.1,-11.8,-23.7,-20.0,-24.4
148.73,-10.8,-12.7,-22.1,-20.4,-24.1
148.74,-11.5,-14.1,-20.9,-20.5,-23.2
148.75,-10.8,-13.1,-20.5,-20.3,-23.0
148.76,-9.8,-11.9,-20.4,-19.8,-23.0
148.77,-9.2,-11.1,-19.3,-20.1,-23.2
148.78,-8.2,-10.6,-15.0,-21.1,-23.5
148.79,-7.7,-10.5,-13.5,-21.7,-23.8
148.80,-7.5,-10.5,-13.0,-21.8,-23.4
148.81,-7.6,-10.9,-12.6,-21.1,-23.1
148.82,-8.1,-11.4,-13.1,-21.9,-22.6
148.83,-8.8,-11.5,-14.8,-20.5,-22.1
148.84,-9.4,-11.9,-16.4,-20.0,-21.8
148.85,-10.0,-12.5,-17.5,-20.7,-21.5
148.86,-10.0,-12.9,-19.1,-19.4,-21.2
148.87,-10.6,-13.4,-21.4,-19.3,-21.2
148.88,-11.0,-13.6,-23.0,-19.1,-21.6
148.89,-11.0,-13.9,-23.5,-18.8,-21.8
148.90,-11.1,-14.1,-22.7,-18.8,-22.2
148.91,-11.4,-14.0,-22.5,-19.0,-23.0
148.92,-11.4,-14.1,-22.6,-19.0,-23.3
148.93,-11.2,-14.0,-22.8,-18.8,-23.2
148.94,-10.9,-13.5,-24.6,-18.8,-23.4
148.95,-10.6,-13.0,-26.5,-19.4,-23.0
148.96,-10.5,-12.6,-25.9,-19.3,-23.1
148.97,-10.1,-11.9,-25.2,-19.9,-23.5
148.98,-9.9,-11.4,-24.8,-20.8,-23.6
148.99,-9.9,-11.4,-24.6,-20.9,-23.8
149.00,-10.2,-11.6,-24.6,-21.8,-24.0
149.01,-10.4,-11.9,-25.3,-21.6,-23.8
149.02,-10.8,-12.5,-26.0,-20.3,-23.6
149.03,-11.1,-12.8,-26.8,-19.9,-23.4
149.04,-10.5,-12.7,-27.8,-18.7,-22.3
149.05,-10.0,-12.0,-29.0,-18.5,-22.3
149.06,-9.9,-12.1,-29.0,-17.5,-21.6
149.07,-9.9,-12.2,-29.0,-17.6,-20.9
149.08,-10.1,-12.5,-29.1,-16.8,-21.0
149.09,-9.9,-12.7,-28.3,-16.5,-20.8
149.10,-10.4,-13.5,-27.9,-16.3,-20.6
149.11,-10.0,-13.0,-26.1,-16.1,-21.4
149.12,-9.3,-13.2,-18.6,-16.2,-20.9
149.13,-8.5,-13.4,-14.5,-17.1,-21.3
149.14,-8.9,-14.4,-13.2,-18.7,-22.1
149.15,-8.8,-14.8,-12.5,-19.7,-22.2
149.16,-9.1,-15.4,-12.1,-21.6,-22.6
149.17,-10.1,-15.0,-13.5,-22.5,-22.6
149.18,-10.9,-14.7,-15.6,-21.7,-22.1
149.19,-11.3,-15.0,-16.9,-21.1,-21.9
149.20,-11.8,-15.8,-18.2,-20.8,-21.4
149.21,-12.2,-16.9,-19.9,-19.8,-20.8
149.22,-12.8,-19.1,-21.1,-19.1,-20.4
149.23,-13.5,-22.6,-21.4,-18.5,-20.4
149.24,-13.3,-26.0,-21.4,-18.1,-20.2
149.25,-13.6,-29.2,-21.4,-18.0,-20.5
149.26,-14.0,-29.6,-21.7,-17.9,-20.9
149.27,-14.0,-24.6,-22.1,-18.0,-21.3
149.28,-13.0,-19.0,-22.9,-17.9,-21.6
149.29,-11.0,-14.4,-20.3,-19.0,-22.1
149.30,-10.3,-13.1,-18.9,-20.6,-22.8
149.31,-9.9,-12.2,-18.3,-22.0,-23.3
149.32,-9.3,-11.6,-17.7,-21.4,-23.4
149.33,-9.6,-12.1,-18.1,-20.8,-22.5
149.34,-10.4,-13.8,-19.5,-18.9,-21.9
149.35,-10.8,-15.0,-20.9,-17.5,-21.3
149.36,-11.0,-16.6,-22.0,-16.6,-20.5
149.37,-12.1,-18.3,-23.3,-16.8,-20.0
149.38,-12.7,-19.3,-25.4,-16.4,-19.5
149.39,-12.7,-19.6,-26.5,-16.0,-19.3
149.40,-12.5,-19.7,-28.5,-16.1,-19.0
149.41,-12.7,-20.8,-29.6,-16.3,-18.8
149.42,-12.6,-19.8,-30.7,-16.0,-18.7
149.43,-12.3,-18.9,-30.8,-15.6,-18.7
149.44,-12.5,-18.8,-31.3,-16.1,-18.9
149.45,-12.3,-18.9,-31.8,-16.2,-18.9
149.46,-11.6,-16.9,-31.9,-16.3,-19.0
149.47,-11.0,-15.0,-32.4,-16.9,-19.4
149.48,-10.7,-14.2,-32.7,-18.4,-19.7
149.49,-10.7,-13.2,-33.2,-19.7,-20.1
149.50,-10.6,-12.5,-33.1,-21.0,-20.1
149.51,-10.5,-12.5,-33.5,-21.1,-20.1
149.52,-10.7,-12.7,-33.5,-21.1,-20.3
149.53,-10.5,-12.7,-33.7,-20.5,-19.8
149.54,-10.7,-13.0,-33.7,-19.9,-19.9
149.55,-10.7,-13.0,-33.8,-20.4,-19.9
149.56,-10.9,-13.7,-33.9,-19.6,-19.7
149.57,-11.5,-14.4,-34.0,-19.9,-20.1
149.58,-12.1,-15.6,-34.2,-19.5,-20.1
149.59,-12.7,-17.4,-34.3,-19.4,-19.9
149.60,-13.8,-19.9,-34.3,-19.1,-19.8
149.61,-14.4,-23.9,-34.4,-19.3,-19.7
149.62,-13.7,-20.5,-34.6,-19.1,-19.7
149.63,-12.2,-16.0,-33.3,-19.4,-19.8
149.64,-10.7,-14.3,-19.7,-19.7,-20.3
149.65,-9.1,-13.2,-14.0,-20.9,-20.4
149.66,-8.3,-12.3,-12.5,-21.7,-20.6
149.67,-7.8,-12.4,-11.5,-20.4,-20.2
149.68,-7.5,-13.2,-10.7,-19.3,-20.2
149.69,-8.1,-14.0,-12.0,-18.1,-19.9
149.70,-9.1,-15.4,-13.8,-17.4,-20.0
149.71,-9.7,-16.9,-15.1,-17.0,-19.9
149.72,-10.8,-18.1,-17.7,-17.0,-19.6
149.73,-11.9,-19.0,-21.2,-16.8,-19.4
149.74,-12.2,-19.4,-22.9,-17.1,-18.8
149.75,-12.5,-19.4,-24.4,-16.9,-18.6
149.76,-12.4,-19.7,-26.9,-16.7,-18.2
149.77,-12.5,-20.2,-27.3,-16.6,-18.0
149.78,-12.4,-20.1,-25.7,-16.9,-18.1
149.79,-12.1,-20.4,-24.3,-16.6,-18.2
149.80,-11.6,-20.1,-22.4,-16.4,-18.7
149.81,-11.0,-19.0,-17.1,-17.2,-19.2
149.82,-10.1,-17.8,-14.0,-17.9,-19.8
149.83,-9.6,-16.8,-12.8,-18.8,-20.0
149.84,-8.9,-15.7,-12.1,-18.9,-20.3
149.85,-9.1,-15.6,-11.7,-20.5,-20.4
149.86,-10.2,-16.3,-13.0,-21.0,-20.6
149.87,-11.2,-17.7,-14.9,-21.7,-20.6
149.88,-12.4,-19.7,-16.3,-22.3,-20.6
149.89,-13.6,-23.8,-18.0,-22.9,-19.6
149.90,-14.2,-30.0,-20.0,-22.5,-18.9
149.91,-14.5,-35.8,-21.4,-22.5,-18.1
149.92,-14.2,-39.3,-22.1,-22.2,-17.9
149.93,-14.6,-39.7,-22.2,-21.9,-17.9
149.94,-14.4,-37.6,-22.2,-22.2,-18.1
149.95,-14.2,-32.7,-22.7,-21.6,-18.4
149.96,-13.6,-22.7,-23.0,-21.9,-18.9
149.97,-12.1,-17.0,-23.6,-21.8,-19.4
149.98,-11.2,-14.8,-20.6,-22.0,-20.4
149.99,-10.5,-13.4,-19.4,-23.4,-21.3
150.00,-9.9,-12.4,-18.7,-24.8,-21.7
150.01,-10.0,-12.3,-18.3,-26.4,-22.5
150.02,-10.4,-12.9,-19.1,-24.7,-22.5
150.03,-10.7,-13.3,-21.1,-22.4,-22.2
150.04,-11.2,-13.7,-22.8,-20.5,-22.5
150.05,-11.5,-14.2,-24.3,-19.6,-22.5
150.06,-11.4,-14.4,-25.5,-18.5,-22.2
150.07,-11.1,-13.7,-27.1,-18.5,-22.0
150.08,-10.7,-13.0,-28.3,-18.0,-22.1
150.09,-10.3,-12.4,-29.7,-18.2,-21.7
150.10,-9.8,-11.6,-29.5,-17.8,-21.5
150.11,-9.2,-11.0,-29.4,-17.7,-21.3
150.12,-8.9,-10.6,-29.7,-17.4,-21.3
150.13,-8.8,-10.3,-29.2,-17.4,-22.0
150.14,-8.8,-10.3,-29.1,-17.1,-22.4
150.15,-9.0,-10.6,-26.4,-17.5,-23.0
150.16,-8.3,-10.8,-15.4,-17.6,-23.7
150.17,-8.1,-11.0,-13.3,-19.1,-24.1
150.18,-8.0,-11.2,-12.7,-19.3,-24.2
150.19,-8.0,-11.2,-12.2,-20.7,-24.1
150.20,-8.1,-11.0,-12.5,-20.2,-23.7
150.21,-8.7,-11.3,-14.4,-19.8,-23.4
150.22,-9.5,-11.9,-16.3,-19.1,-23.2
150.23,-10.0,-12.4,-17.6,-19.0,-22.8
150.24,-10.6,-13.3,-19.5,-19.0,-22.5
150.25,-11.4,-14.0,-21.7,-18.9,-22.8
150.26,-11.6,-14.2,-23.1,-18.8,-22.2
150.27,-11.2,-14.0,-23.6,-18.5,-22.0
150.28,-10.7,-13.4,-22.1,-18.6,-22.1
150.29,-10.0,-12.3,-21.0,-18.6,-21.7
150.30,-9.4,-11.5,-21.0,-18.6,-21.7
150.31,-9.1,-11.0,-21.2,-18.8,-21.7
150.32,-9.0,-10.8,-21.6,-18.9,-21.8
150.33,-9.1,-10.7,-22.5,-18.7,-22.0
150.34,-9.5,-11.0,-23.2,-18.9,-22.2
150.35,-9.6,-11.1,-23.7,-19.1,-22.7
150.36,-9.8,-11.2,-24.4,-19.4,-23.4
150.37,-10.1,-11.5,-25.0,-19.5,-23.7
150.38,-10.4,-11.9,-25.7,-20.1,-24.0
150.39,-10.7,-12.2,-26.3,-20.5,-23.3
150.40,-10.8,-12.6,-27.5,-20.9,-22.0
150.41,-10.6,-12.5,-28.5,-20.8,-21.1
150.42,-10.6,-12.5,-30.0,-21.2,-20.6
150.43,-10.1,-11.8,-31.5,-21.1,-20.0
150.44,-10.4,-12.2,-32.7,-20.5,-19.6
150.45,-10.5,-12.1,-33.1,-21.0,-19.4
150.46,-10.1,-11.5,-33.4,-20.2,-19.4
150.47,-9.7,-11.1,-33.4,-20.0,-19.4
150.48,-8.9,-10.3,-33.1,-19.3,-19.7
150.49,-8.8,-10.1,-29.6,-19.4,-20.3
150.50,-8.4,-10.2,-18.6,-20.3,-21.1
150.51,-8.4,-11.2,-14.1,-21.4,-21.6
150.52,-8.2,-11.9,-12.7,-21.0,-21.8
150.53,-8.7,-14.3,-12.1,-20.2,-21.9
150.54,-8.5,-15.3,-11.6,-19.6,-21.2
150.55,-9.4,-16.2,-12.9,-18.9,-20.2
150.56,-10.7,-17.0,-15.0,-19.0,-20.0
150.57,-10.9,-18.1,-16.3,-19.7,-19.5
150.58,-12.2,-20.0,-18.0,-21.3,-18.7
150.59,-13.9,-22.2,-20.6,-21.0,-18.6
150.60,-14.5,-25.8,-21.9,-21.2,-18.6
150.61,-14.2,-27.0,-22.5,-20.3,-18.3
150.62,-13.8,-31.5,-22.2,-19.5,-18.4
150.63,-13.7,-29.9,-21.0,-19.7,-18.9
150.64,-13.1,-25.2,-20.6,-19.7,-19.3
150.65,-12.4,-21.4,-20.6,-19.0,-19.7
150.66,-11.5,-16.3,-20.1,-19.7,-20.4
150.67,-10.3,-13.5,-18.3,-19.8,-21.3
150.68,-9.8,-12.7,-17.9,-20.0,-22.3
150.69,-9.4,-12.2,-17.5,-19.9,-23.3
150.70,-9.3,-12.0,-17.5,-19.5,-23.4
150.71,-9.9,-13.0,-18.3,-19.1,-23.5
150.72,-10.1,-13.3,-19.8,-18.8,-23.4
150.73,-10.4,-13.2,-21.7,-18.3,-23.0
150.74,-10.6,-13.2,-23.1,-18.8,-22.6
150.75,-10.3,-12.8,-24.7,-18.0,-22.4
150.76,-10.6,-12.7,-26.7,-18.9,-22.0
150.77,-10.7,-13.1,-27.7,-18.0,-21.9
150.78,-10.7,-13.1,-29.8,-18.8,-21.7
150.79,-10.9,-13.4,-30.7,-18.2,-21.8
150.80,-11.3,-13.4,-31.2,-19.1,-21.5
150.81,-11.3,-13.5,-31.4,-18.4,-21.5
150.82,-11.1,-13.5,-31.6,-18.8,-21.3
150.83,-10.6,-13.1,-32.1,-18.4,-21.1
150.84,-10.4,-13.4,-32.1,-18.5,-20.7
150.85,-10.6,-13.7,-32.4,-18.4,-20.4
150.86,-10.9,-14.0,-32.5,-18.9,-19.9
150.87,-10.6,-14.0,-32.5,-18.1,-19.4
150.88,-10.4,-13.9,-32.6,-18.2,-18.9
150.89,-10.1,-13.5,-32.9,-17.5,-18.8
150.90,-9.8,-13.1,-33.1,-17.1,-18.8
150.91,-9.7,-13.0,-33.5,-17.0,-18.9
150.92,-10.0,-13.2,-33.6,-17.2,-19.4
150.93,-10.3,-13.7,-34.0,-17.2,-19.8
150.94,-11.1,-14.8,-34.2,-17.5,-19.9
150.95,-11.2,-15.7,-34.3,-17.5,-19.4
150.96,-11.9,-16.8,-34.6,-17.3,-19.2
150.97,-11.8,-16.8,-35.1,-17.5,-18.8
150.98,-11.5,-16.2,-35.3,-17.3,-18.6
150.99,-10.9,-15.7,-36.0,-17.3,-18.6
151.00,-10.9,-15.5,-36.2,-17.4,-18.8
151.01,-11.0,-16.1,-32.3,-17.5,-19.3
151.02,-10.9,-17.0,-18.6,-17.8,-19.6
151.03,-9.9,-18.2,-13.7,-19.0,-20.0
151.04,-9.8,-20.2,-12.4,-20.6,-20.0
151.05,-9.5,-22.0,-11.4,-22.1,-19.7
151.06,-9.0,-23.9,-10.6,-24.1,-19.4
151.07,-10.2,-26.1,-12.1,-23.0,-19.0
151.08,-11.4,-29.9,-13.8,-22.1,-18.6
151.09,-11.9,-35.5,-15.1,-21.2,-18.4
151.10,-13.0,-39.1,-17.5,-21.1,-18.1
151.11,-14.6,-36.1,-20.7,-21.3,-18.1
151.12,-14.4,-27.2,-22.3,-21.3,-18.1
151.13,-14.0,-22.0,-23.4,-21.0,-17.9
151.14,-13.4,-19.5,-25.7,-20.9,-17.7
151.15,-13.0,-18.5,-25.7,-20.5,-17.8
151.16,-12.6,-18.3,-24.3,-20.4,-17.4
151.17,-12.4,-18.8,-23.3,-20.2,-17.3
151.18,-12.1,-19.7,-21.2,-20.2,-17.6
151.19,-10.9,-20.3,-16.2,-20.5,-18.1
151.20,-9.8,-19.8,-13.2,-21.4,-18.8
151.21,-9.4,-18.5,-12.2,-20.8,-19.3
151.22,-8.9,-17.9,-11.6,-21.1,-19.9
151.23,-8.8,-18.3,-11.4,-20.5,-19.2
151.24,-10.4,-19.0,-13.2,-19.9,-19.0
151.25,-10.7,-20.7,-15.1,-19.1,-18.6
151.26,-11.6,-22.8,-16.4,-19.5,-18.6
151.27,-12.2,-24.9,-17.8,-19.3,-18.1
151.28,-13.0,-27.0,-19.9,-19.3,-17.8
151.29,-13.4,-29.2,-21.5,-19.0,-17.6
151.30,-13.9,-30.8,-21.9,-18.8,-17.4
151.31,-13.7,-32.0,-21.9,-18.9,-17.5
151.32,-14.1,-30.2,-22.6,-19.0,-18.2
151.33,-13.7,-22.9,-22.9,-19.1,-18.8
151.34,-12.7,-18.2,-23.1,-19.4,-19.5
151.35,-12.1,-16.3,-22.6,-20.1,-20.3
151.36,-11.2,-15.2,-18.8,-21.2,-20.5
151.37,-10.4,-14.2,-17.8,-22.5,-20.6
151.38,-10.2,-14.1,-17.0,-24.1,-20.7
151.39,-10.2,-14.4,-16.7,-24.3,-20.4
151.40,-10.4,-14.8,-17.7,-23.1,-20.1
151.41,-10.9,-15.4,-19.8,-22.3,-20.2
151.42,-11.6,-16.5,-21.5,-21.6,-20.2
151.43,-12.6,-18.6,-22.7,-21.6,-20.1
151.44,-13.9,-21.0,-24.0,-21.9,-20.0
151.45,-14.9,-24.0,-25.6,-21.2,-19.9
151.46,-15.2,-29.1,-26.5,-20.7,-19.4
151.47,-15.1,-35.1,-27.7,-20.5,-19.1
151.48,-15.1,-38.4,-28.8,-20.5,-19.4
151.49,-15.3,-38.8,-28.7,-20.8,-19.3
151.50,-15.4,-34.9,-28.8,-20.8,-19.5
151.51,-15.1,-26.5,-29.4,-20.4,-19.8
151.52,-12.9,-16.5,-29.7,-20.6,-20.0
151.53,-11.6,-14.0,-28.2,-21.0,-20.5
151.54,-9.5,-12.6,-15.7,-21.9,-21.3
151.55,-8.5,-11.5,-13.8,-23.1,-22.2
151.56,-8.1,-10.9,-13.2,-22.2,-22.9
151.57,-8.1,-11.2,-12.8,-22.2,-22.8
151.58,-8.4,-11.4,-13.2,-22.0,-23.0
151.59,-9.0,-11.4,-15.1,-20.2,-22.8
151.60,-9.3,-11.6,-16.8,-19.2,-22.3
151.61,-9.9,-12.1,-18.1,-19.4,-22.3
151.62,-10.2,-12.3,-19.9,-19.3,-22.2
151.63,-10.3,-12.7,-22.0,-18.3,-21.9
151.64,-10.6,-13.1,-23.2,-18.1,-21.8
151.65,-10.9,-13.5,-23.5,-18.3,-21.7
151.66,-11.0,-14.0,-22.1,-18.2,-21.6
151.67,-10.8,-14.3,-21.1,-17.5,-21.6
151.68,-10.8,-14.8,-20.8,-17.5,-21.3
151.69,-11.0,-15.3,-20.8,-17.7,-21.0
151.70,-10.8,-15.2,-21.0,-17.5,-21.1
151.71,-10.6,-15.0,-21.5,-17.2,-20.8
151.72,-10.8,-14.8,-22.2,-17.4,-21.2
151.73,-10.9,-14.1,-22.8,-17.9,-22.5
151.74,-10.3,-13.1,-23.4,-17.6,-22.1
151.75,-9.8,-12.2,-24.1,-17.7,-22.3
151.76,-9.7,-11.4,-25.3,-18.4,-23.0
151.77,-9.7,-11.1,-26.6,-18.8,-22.8
151.78,-9.5,-10.8,-28.2,-19.1,-22.8
151.79,-9.6,-10.7,-29.9,-20.2,-23.2
151.80,-9.8,-10.7,-31.4,-21.3,-23.2
151.81,-9.8,-10.8,-32.7,-21.4,-23.0
151.82,-10.0,-10.9,-33.6,-21.9,-23.2
151.83,-10.1,-11.1,-34.2,-21.9,-22.7
151.84,-10.2,-11.2,-34.4,-21.7,-22.9
151.85,-10.2,-11.3,-34.5,-21.8,-23.2
151.86,-10.2,-11.4,-34.4,-21.7,-23.1
151.87,-10.1,-11.4,-33.2,-21.9,-23.4
151.88,-10.0,-11.6,-19.4,-22.6,-24.5
151.89,-9.3,-12.0,-14.7,-23.2,-24.7
151.90,-8.9,-12.2,-13.3,-24.9,-24.4
151.91,-8.7,-12.3,-12.6,-22.9,-24.2
151.92,-8.3,-12.5,-12.1,-21.9,-23.5
151.93,-8.7,-12.4,-13.5,-19.9,-22.8
151.94,-9.1,-12.0,-15.6,-19.3,-22.1
151.95,-9.4,-12.0,-17.0,-18.5,-21.7
151.96,-10.0,-12.6,-18.6,-18.6,-21.4
151.97,-10.4,-13.3,-20.9,-18.5,-20.5
151.98,-11.0,-14.9,-22.0,-18.1,-20.3
151.99,-11.9,-18.2,-22.8,-18.0,-20.2
152.00,-12.7,-22.4,-23.1,-17.4,-20.1
152.01,-12.6,-25.0,-22.3,-17.6,-19.6
152.02,-12.8,-31.8,-21.8,-16.9,-19.9
152.03,-13.1,-35.0,-21.8,-17.2,-19.8
152.04,-12.7,-37.5,-19.8,-16.7,-19.8
152.05,-11.3,-38.6,-17.0,-17.3,-19.6
152.06,-11.5,-39.5,-16.5,-17.4,-18.8
152.07,-10.9,-40.6,-15.9,-18.2,-18.1
152.08,-11.3,-41.1,-15.8,-18.6,-17.7
152.09,-11.9,-41.0,-17.2,-19.4,-17.5
152.10,-12.9,-40.0,-18.9,-19.6,-17.3
152.11,-12.7,-39.9,-20.7,-19.0,-17.4
152.12,-12.5,-40.1,-22.2,-17.9,-17.7
152.13,-12.4,-40.5,-23.9,-17.7,-17.9
152.14,-12.5,-41.6,-25.0,-17.2,-18.1
152.15,-12.2,-42.1,-26.3,-16.8,-18.0
152.16,-12.3,-41.7,-27.6,-16.9,-17.9
152.17,-12.7,-41.3,-28.1,-17.1,-18.3
152.18,-12.9,-39.7,-28.5,-17.1,-18.6
152.19,-12.9,-35.6,-28.7,-17.1,-19.1
152.20,-13.0,-28.7,-29.0,-17.2,-19.6
152.21,-12.8,-23.9,-29.4,-17.4,-20.1
152.22,-12.4,-21.1,-29.7,-17.5,-20.2
152.23,-11.7,-16.9,-30.3,-18.0,-20.8
152.24,-10.6,-13.8,-31.1,-18.7,-21.3
152.25,-10.0,-12.1,-31.7,-19.3,-22.2
152.26,-9.4,-11.1,-32.3,-19.8,-22.0
152.27,-9.3,-10.7,-32.9,-20.0,-22.0
152.28,-9.6,-10.9,-32.9,-19.7,-21.9
152.29,-9.9,-11.3,-33.0,-19.9,-21.1
152.30,-10.4,-11.9,-32.9,-19.7,-20.9
152.31,-10.5,-12.3,-33.2,-19.4,-20.2
152.32,-11.0,-13.1,-33.3,-19.7,-19.6
152.33,-11.7,-14.4,-33.6,-19.3,-19.5
152.34,-12.6,-16.3,-33.5,-19.1,-19.4
152.35,-13.5,-19.2,-33.7,-19.3,-18.7
152.36,-14.0,-23.1,-34.0,-19.1,-18.5
152.37,-14.8,-26.5,-34.2,-19.2,-18.7
152.38,-14.2,-28.5,-34.4,-19.1,-18.5
152.39,-14.6,-27.8,-32.8,-19.4,-18.5
152.40,-13.2,-20.7,-17.9,-20.1,-18.7
152.41,-10.2,-15.8,-13.5,-21.0,-19.7
152.42,-9.1,-13.6,-12.4,-22.1,-20.0
152.43,-8.3,-12.1,-11.6,-24.0,-20.7
152.44,-7.6,-11.3,-11.0,-24.9,-21.5
152.45,-8.0,-10.8,-12.8,-24.3,-22.2
152.46,-8.4,-10.7,-14.5,-23.2,-22.3
152.47,-8.8,-10.8,-15.8,-22.5,-22.2
152.48,-9.0,-10.9,-18.2,-21.7,-21.7
152.49,-9.3,-11.0,-21.4,-21.2,-21.1
152.50,-9.9,-11.6,-23.4,-21.6,-21.4
152.51,-10.3,-12.0,-24.7,-21.6,-21.1
152.52,-10.5,-12.5,-26.5,-20.9,-20.5
152.53,-11.1,-13.3,-26.0,-20.9,-21.1
152.54,-11.4,-14.3,-24.6,-20.6,-20.9
152.55,-11.7,-15.3,-23.7,-20.0,-21.0
152.56,-12.0,-16.7,-21.6,-19.8,-21.4
152.57,-11.4,-16.9,-16.2,-20.5,-21.7
152.58,-10.1,-16.0,-13.3,-21.3,-22.5
152.59,-9.5,-14.7,-12.4,-22.9,-23.2
152.60,-8.8,-13.5,-11.9,-22.8,-23.4
152.61,-8.1,-12.6,-11.6,-21.0,-23.2
152.62,-8.8,-12.2,-13.8,-20.0,-23.0
152.63,-9.2,-11.9,-15.7,-19.0,-22.9
152.64,-9.2,-11.9,-16.9,-18.3,-22.8
152.65,-9.5,-12.0,-18.5,-18.6,-22.8
152.66,-9.7,-12.0,-20.5,-18.8,-23.0
152.67,-9.6,-12.0,-22.4,-18.9,-22.9
152.68,-9.3,-11.8,-22.7,-18.5,-22.9
152.69,-9.6,-11.9,-22.9,-18.7,-23.1
152.70,-9.7,-12.2,-23.0,-18.7,-22.6
152.71,-10.1,-13.0,-23.7,-18.3,-21.8
152.72,-10.7,-14.5,-23.9,-18.2,-21.3
152.73,-11.0,-16.0,-22.7,-18.2,-20.7
152.74,-10.8,-15.8,-20.2,-18.4,-20.9
152.75,-10.6,-14.6,-19.6,-18.6,-21.1
152.76,-10.1,-13.2,-19.0,-19.4,-21.7
152.77,-9.8,-12.1,-18.8,-20.5,-22.0
152.78,-9.8,-11.6,-20.6,-21.6,-21.8
152.79,-10.2,-11.8,-22.6,-22.7,-21.2
152.80,-10.1,-11.8,-24.1,-23.3,-20.9
152.81,-10.2,-12.0,-25.2,-23.7,-20.4
152.82,-10.6,-12.5,-26.2,-24.2,-20.5
152.83,-11.2,-13.6,-27.3,-23.3,-20.4
152.84,-12.1,-15.0,-28.4,-22.7,-20.5
152.85,-13.1,-17.0,-29.4,-22.3,-20.6
152.86,-14.4,-20.4,-29.9,-21.5,-20.7
152.87,-15.0,-24.8,-29.7,-21.2,-20.4
152.88,-15.4,-28.5,-29.4,-21.3,-20.5
152.89,-15.4,-32.9,-29.0,-21.3,-20.2
152.90,-14.8,-33.5,-29.0,-21.1,-20.0
152.91,-14.3,-26.3,-26.7,-21.7,-20.2
152.92,-11.2,-20.6,-15.4,-22.3,-20.3
152.93,-9.7,-17.3,-13.1,-22.4,-21.0
152.94,-8.5,-13.8,-12.3,-23.1,-21.4
152.95,-8.0,-12.3,-11.6,-24.5,-22.4
152.96,-7.8,-11.6,-11.8,-24.5,-22.5
152.97,-8.5,-11.1,-13.5,-24.6,-22.1
152.98,-9.0,-11.3,-15.4,-23.6,-21.9
152.99,-9.7,-12.0,-17.0,-23.3,-21.7
153.00,-10.0,-12.3,-19.6,-21.7,-20.7
153.01,-10.6,-12.5,-22.4,-21.4,-19.9
153.02,-10.4,-12.5,-23.6,-20.9,-20.0
153.03,-10.7,-12.8,-25.3,-20.6,-19.7
153.04,-10.9,-12.6,-27.2,-20.6,-19.8
153.05,-10.7,-12.7,-26.9,-20.3,-20.1
153.06,-11.0,-12.9,-25.6,-20.2,-20.4
153.07,-11.0,-12.9,-24.8,-20.3,-20.6
153.08,-10.6,-13.3,-21.8,-20.3,-20.9
153.09,-10.2,-13.2,-19.3,-20.9,-20.6
153.10,-10.3,-13.1,-18.7,-21.8,-20.4
153.11,-9.8,-12.5,-18.5,-22.1,-19.9
153.12,-9.8,-12.1,-18.8,-23.0,-19.5
153.13,-10.0,-11.9,-20.9,-23.2,-19.1
153.14,-10.0,-11.7,-23.4,-22.6,-19.2
153.15,-9.8,-11.6,-25.1,-21.4,-19.2
153.16,-9.9,-11.6,-25.7,-20.9,-19.7
153.17,-9.9,-11.7,-26.3,-20.3,-19.8
153.18,-9.8,-11.9,-26.7,-19.6,-20.1
153.19,-10.2,-12.5,-27.5,-19.1,-20.1
153.20,-10.3,-12.9,-28.0,-18.7,-19.9
153.21,-10.5,-13.6,-28.5,-18.3,-19.6
153.22,-10.9,-15.1,-28.8,-17.9,-19.3
153.23,-11.4,-16.4,-28.8,-17.9,-19.3
153.24,-11.7,-18.0,-28.5,-17.9,-19.1
153.25,-11.4,-16.8,-27.7,-18.1,-19.3
153.26,-10.5,-15.5,-19.2,-18.6,-19.6
153.27,-9.5,-14.0,-14.9,-19.6,-20.1
153.28,-8.8,-13.1,-13.6,-20.3,-20.3
153.29,-8.6,-12.5,-13.0,-21.6,-20.6
153.30,-8.5,-12.7,-12.6,-21.9,-20.7
153.31,-9.2,-12.8,-14.0,-22.4,-20.3
153.32,-9.7,-13.3,-16.1,-20.9,-19.9
153.33,-9.8,-13.3,-17.4,-21.4,-19.8
153.34,-10.0,-13.5,-18.9,-21.1,-19.9
153.35,-9.9,-13.6,-15.9,-21.4,-20.1
153.36,-9.3,-13.9,-14.3,-21.2,-20.8
153.37,-9.4,-13.8,-13.6,-21.7,-21.3
153.38,-9.1,-14.3,-13.1,-20.5,-21.2
153.39,-9.3,-14.6,-12.8,-20.6,-21.3
153.40,-9.8,-14.7,-14.1,-20.8,-20.8
153.41,-9.9,-14.5,-15.0,-20.1,-20.8
153.42,-10.1,-14.5,-15.5,-20.7,-20.6
153.43,-10.0,-14.4,-15.1,-21.9,-20.6
153.44,-9.8,-14.2,-15.6,-22.1,-20.1
153.45,-9.6,-13.6,-16.1,-21.7,-19.2
153.46,-9.5,-13.2,-16.6,-21.6,-18.6
153.47,-9.5,-12.6,-18.0,-21.1,-18.3
153.48,-9.3,-12.1,-20.0,-19.8,-18.1
153.49,-9.1,-12.0,-21.5,-19.1,-17.8
153.50,-9.4,-12.0,-22.1,-19.1,-17.7
153.51,-9.1,-11.8,-22.9,-19.0,-17.6
153.52,-9.3,-11.8,-23.5,-19.4,-17.6
153.53,-9.4,-12.0,-24.4,-19.9,-17.3
153.54,-9.4,-11.9,-24.9,-20.3,-17.3
153.55,-9.6,-12.4,-25.3,-20.6,-17.3
153.56,-10.1,-13.5,-25.6,-20.3,-17.4
153.57,-10.3,-14.5,-26.0,-19.7,-17.1
153.58,-10.4,-15.5,-26.5,-19.2,-17.2
153.59,-10.4,-15.8,-26.8,-19.0,-17.3
153.60,-10.4,-15.3,-24.9,-19.3,-17.7
153.61,-9.0,-13.8,-15.7,-19.3,-17.9
153.62,-8.6,-12.9,-14.2,-19.9,-18.6
153.63,-8.2,-11.8,-13.5,-20.5,-19.0
153.64,-8.0,-11.2,-13.1,-21.4,-19.4
153.65,-8.0,-10.8,-13.6,-22.1,-19.6
153.66,-8.5,-10.9,-15.3,-23.0,-19.6
153.67,-9.1,-11.1,-16.7,-23.4,-19.8
153.68,-9.5,-11.6,-18.0,-23.3,-20.0
153.69,-9.9,-12.1,-18.0,-22.8,-20.2
153.70,-9.4,-12.4,-15.7,-22.6,-20.5
153.71,-9.3,-12.9,-14.7,-22.4,-20.7
153.72,-9.3,-13.5,-14.1,-22.2,-21.1
153.73,-9.4,-14.6,-13.3,-21.6,-21.4
153.74,-10.2,-16.3,-14.2,-21.1,-21.1
153.75,-10.8,-17.9,-15.3,-20.4,-21.1
153.76,-10.9,-17.7,-16.1,-19.8,-21.1
153.77,-10.2,-14.4,-16.9,-19.9,-21.3
153.78,-9.8,-13.3,-18.0,-20.4,-21.4
153.79,-9.5,-12.3,-19.0,-20.7,-21.4
153.80,-9.0,-11.3,-20.1,-20.7,-21.6
153.81,-8.7,-10.9,-20.7,-20.6,-21.8
153.82,-8.8,-11.0,-22.4,-20.0,-21.4
153.83,-8.6,-10.7,-22.9,-19.4,-22.2
153.84,-8.7,-10.6,-22.9,-19.5,-22.4
153.85,-8.9,-10.6,-23.1,-19.7,-23.0
153.86,-9.3,-11.2,-21.5,-19.7,-22.9
153.87,-8.7,-11.6,-14.8,-19.6,-23.1
153.88,-8.7,-11.9,-13.7,-19.4,-23.0
153.89,-8.6,-12.2,-13.0,-19.4,-22.8
153.90,-8.3,-12.2,-12.5,-19.2,-22.7
153.91,-8.3,-12.0,-13.0,-18.7,-22.4
153.92,-8.6,-11.7,-14.9,-18.2,-22.5
153.93,-8.7,-11.6,-15.9,-18.0,-22.6
153.94,-8.8,-11.5,-17.3,-17.9,-22.1
153.95,-8.9,-11.1,-19.6,-18.2,-21.4
153.96,-8.9,-10.8,-21.5,-18.5,-21.0
153.97,-8.9,-11.0,-22.5,-18.4,-20.5
153.98,-8.9,-11.1,-23.3,-18.2,-19.9
153.99,-9.0,-11.2,-22.8,-18.0,-19.6
154.00,-9.0,-11.8,-22.3,-17.3,-19.4
154.01,-9.2,-12.1,-22.7,-17.5,-19.3
154.02,-8.9,-11.9,-23.1,-16.8,-19.2
154.03,-8.9,-12.0,-23.5,-17.2,-19.0
154.04,-8.7,-12.0,-24.0,-16.6,-18.8
154.05,-8.8,-12.4,-24.6,-17.0,-18.3
154.06,-8.8,-12.9,-25.2,-16.4,-17.9
154.07,-9.2,-13.9,-25.6,-16.8,-17.7
154.08,-9.4,-15.1,-26.3,-16.2,-17.4
154.09,-10.0,-17.1,-26.9,-16.5,-17.3
154.10,-9.9,-18.8,-27.5,-15.8,-17.0
154.11,-10.4,-21.4,-25.3,-16.1,-17.3
154.12,-10.1,-24.6,-19.2,-15.7,-17.2
154.13,-10.1,-28.9,-14.5,-16.3,-17.6
154.14,-9.4,-30.4,-13.1,-16.7,-18.0
154.15,-9.7,-30.5,-12.4,-17.4,-18.3
154.16,-9.3,-30.7,-11.9,-17.8,-18.8
154.17,-10.2,-31.0,-12.9,-18.3,-18.8
154.18,-10.7,-31.6,-14.8,-18.0,-18.7
154.19,-10.9,-32.3,-15.8,-17.7,-18.8
154.20,-11.6,-31.6,-16.9,-17.8,-18.7
154.21,-11.9,-31.1,-18.4,-18.0,-18.8
154.22,-12.3,-29.6,-20.0,-18.0,-18.7
154.23,-12.4,-28.3,-20.3,-17.9,-18.8
154.24,-12.4,-27.9,-20.7,-17.7,-18.5
154.25,-12.0,-27.6,-21.3,-17.5,-18.2
154.26,-11.8,-27.3,-22.0,-17.5,-17.9
154.27,-11.7,-27.4,-22.4,-18.0,-17.8
154.28,-12.0,-27.4,-22.3,-18.8,-18.0
154.29,-11.3,-23.8,-18.7,-19.6,-18.3
154.30,-11.0,-20.5,-17.7,-20.1,-18.2
154.31,-10.7,-17.5,-17.4,-20.8,-18.6
154.32,-10.0,-15.4,-17.3,-21.6,-18.4
154.33,-9.4,-12.9,-18.5,-22.4,-18.1
154.34,-8.9,-11.5,-21.7,-22.6,-18.4
154.35,-8.5,-10.5,-24.0,-22.0,-18.3
154.36,-8.3,-9.8,-25.5,-21.9,-18.8
154.37,-8.3,-9.7,-26.1,-21.7,-19.1
154.38,-8.6,-10.0,-27.3,-21.1,-19.2
154.39,-9.2,-10.6,-28.4,-21.0,-19.2
154.40,-9.7,-11.6,-29.6,-20.8,-19.5
154.41,-10.3,-12.2,-30.1,-20.7,-19.8
154.42,-10.5,-12.7,-30.8,-20.3,-20.1
154.43,-10.7,-13.2,-30.2,-19.8,-20.4
154.44,-10.9,-13.4,-29.8,-19.8,-20.5
154.45,-11.0,-13.7,-29.5,-20.1,-20.2
154.46,-10.9,-13.5,-29.4,-20.7,-19.7
154.47,-11.1,-13.4,-29.4,-21.9,-19.8
154.48,-10.5,-12.4,-29.9,-22.6,-19.5
154.49,-9.6,-11.2,-30.1,-22.4,-19.3
154.50,-9.2,-10.6,-30.2,-21.7,-19.5
154.51,-9.0,-10.3,-30.2,-20.6,-19.4
154.52,-8.8,-10.3,-30.0,-19.6,-18.8
154.53,-9.1,-10.7,-29.8,-19.3,-18.5
154.54,-9.4,-11.0,-29.8,-19.4,-18.4
154.55,-9.5,-11.2,-30.4,-19.7,-17.9
154.56,-9.4,-11.1,-30.6,-19.9,-17.9
154.57,-9.3,-11.0,-31.0,-19.9,-17.9
154.58,-9.3,-11.1,-31.2,-19.8,-18.2
154.59,-9.2,-11.0,-31.4,-19.7,-18.0
154.60,-9.6,-11.3,-31.4,-19.6,-18.5
154.61,-10.3,-12.3,-31.5,-19.7,-19.0
154.62,-11.0,-13.6,-31.3,-19.8,-18.5
154.63,-11.9,-15.6,-25.8,-20.4,-18.5
154.64,-11.7,-19.3,-18.1,-21.5,-18.4
154.65,-10.5,-22.1,-13.8,-23.0,-18.6
154.66,-9.4,-18.1,-12.8,-24.2,-18.8
154.67,-8.6,-14.2,-12.3,-24.2,-19.1
154.68,-8.0,-12.4,-11.9,-24.0,-19.5
154.69,-8.4,-11.3,-14.1,-23.4,-19.6
154.70,-8.4,-10.8,-16.0,-22.4,-19.6
154.71,-8.9,-10.9,-17.2,-21.6,-20.1
154.72,-9.2,-11.4,-18.9,-20.5,-20.2
154.73,-9.7,-11.8,-20.9,-19.3,-20.0
154.74,-9.4,-12.0,-22.0,-18.3,-19.5
154.75,-9.4,-12.1,-22.9,-17.6,-19.4
154.76,-9.1,-12.0,-22.7,-17.1,-19.5
154.77,-8.9,-11.9,-22.0,-17.0,-19.3
154.78,-8.6,-11.8,-21.3,-16.9,-19.3
154.79,-8.9,-11.7,-21.3,-17.0,-19.7
154.80,-8.6,-11.9,-21.1,-16.8,-19.8
154.81,-8.4,-12.1,-16.5,-17.4,-19.7
154.82,-8.3,-12.6,-14.2,-18.4,-19.9
154.83,-8.4,-13.9,-13.1,-19.5,-20.1
154.84,-8.9,-15.3,-12.7,-19.6,-20.0
154.85,-9.4,-17.1,-12.3,-20.6,-19.9
154.86,-10.4,-19.8,-13.5,-20.2,-19.6
154.87,-11.9,-21.2,-15.4,-19.5,-19.6
154.88,-12.3,-20.7,-16.6,-19.4,-19.1
154.89,-12.7,-20.8,-17.8,-19.4,-19.0
154.90,-13.2,-20.9,-19.5,-19.4,-19.4
154.91,-13.5,-21.3,-21.2,-19.1,-19.3
154.92,-13.1,-21.5,-21.6,-19.0,-19.6
154.93,-13.2,-21.7,-21.7,-18.6,-19.5
154.94,-13.2,-22.4,-22.3,-18.3,-19.8
154.95,-13.4,-22.7,-23.3,-18.5,-19.9
154.96,-13.4,-22.9,-23.6,-18.4,-19.9
154.97,-13.4,-22.5,-24.2,-18.6,-20.3
154.98,-12.5,-22.4,-19.2,-19.1,-19.6
154.99,-11.9,-21.0,-17.8,-19.4,-19.4
155.00,-11.2,-17.6,-17.3,-20.3,-18.9
155.01,-9.7,-14.2,-17.0,-20.8,-18.5
155.02,-8.9,-12.1,-18.1,-21.4,-18.3
155.03,-8.7,-11.0,-20.8,-21.5,-18.4
155.04,-8.4,-10.4,-23.1,-21.0,-18.7
155.05,-8.4,-10.2,-24.5,-21.0,-18.8
155.06,-9.0,-10.9,-25.4,-21.1,-19.0
155.07,-9.7,-11.7,-26.6,-21.1,-19.2
155.08,-10.2,-12.6,-27.2,-21.1,-19.4
155.09,-10.7,-13.6,-28.1,-20.4,-19.0
155.10,-11.3,-15.1,-28.4,-19.5,-18.8
155.11,-11.6,-15.8,-28.5,-19.4,-18.6
155.12,-11.6,-15.5,-28.3,-19.7,-18.4
155.13,-11.3,-14.7,-28.1,-20.4,-18.4
155.14,-10.9,-13.6,-28.3,-20.8,-18.7
155.15,-10.5,-12.8,-28.7,-21.3,-19.1
155.16,-10.2,-12.3,-29.4,-21.7,-19.3
155.17,-10.2,-12.1,-29.9,-21.6,-19.5
155.18,-10.3,-12.1,-30.1,-22.0,-19.7
155.19,-10.1,-11.9,-30.3,-21.2,-19.5
155.20,-10.1,-11.7,-30.3,-20.7,-19.7
155.21,-9.8,-11.5,-29.9,-19.9,-19.8
155.22,-9.6,-11.2,-29.9,-19.2,-20.0
155.23,-9.6,-11.3,-29.9,-18.7,-20.4
155.24,-9.8,-11.5,-29.7,-18.5,-20.4
155.25,-9.8,-11.7,-29.8,-18.4,-19.6
155.26,-10.1,-11.9,-29.7,-18.4,-19.6
155.27,-10.2,-12.1,-29.7,-18.2,-19.4
155.28,-10.1,-12.2,-30.0,-18.1,-19.2
155.29,-10.3,-12.2,-30.1,-18.2,-19.7
155.30,-10.3,-12.1,-30.7,-18.5,-20.4
155.31,-10.4,-12.0,-30.9,-18.9,-20.7
155.32,-10.2,-12.1,-24.6,-19.8,-20.7
155.33,-9.7,-12.5,-16.4,-20.9,-20.6
155.34,-9.2,-12.5,-13.5,-21.0,-19.8
155.35,-8.4,-12.7,-12.7,-20.5,-19.2
155.36,-8.3,-12.9,-12.2,-19.8,-18.6
155.37,-8.2,-12.9,-12.1,-19.2,-18.5
155.38,-8.7,-12.6,-14.3,-18.6,-18.3
155.39,-9.3,-12.5,-16.1,-18.8,-18.4
155.40,-9.7,-12.5,-17.1,-18.8,-18.4
155.41,-9.9,-12.4,-18.3,-18.9,-18.8
155.42,-9.9,-12.4,-20.2,-18.5,-18.1
155.43,-9.9,-12.5,-22.4,-18.5,-17.6
155.44,-9.7,-12.4,-23.1,-18.0,-18.1
155.45,-9.6,-12.4,-23.1,-18.1,-18.0
155.46,-9.7,-12.4,-23.2,-18.5,-17.9
155.47,-10.0,-12.2,-23.1,-19.6,-18.6
155.48,-10.2,-12.5,-23.3,-19.8,-19.4
155.49,-10.4,-12.8,-23.7,-20.9,-19.4
155.50,-10.4,-13.4,-18.6,-21.9,-19.9
155.51,-10.1,-14.0,-14.5,-21.5,-20.2
155.52,-9.4,-15.0,-13.1,-19.8,-20.0
155.53,-9.5,-15.9,-12.5,-20.4,-19.7
155.54,-9.5,-17.1,-12.0,-19.0,-19.0
155.55,-10.5,-18.7,-13.0,-18.8,-18.3
155.56,-11.4,-21.3,-14.9,-18.8,-17.8
155.57,-12.1,-26.6,-16.2,-19.1,-17.4
155.58,-12.3,-29.3,-17.8,-18.5,-17.0
155.59,-12.4,-28.9,-20.0,-18.4,-17.4
155.60,-12.4,-29.0,-21.2,-18.1,-17.1
155.61,-13.2,-29.0,-21.4,-18.4,-16.9
155.62,-13.4,-29.0,-21.2,-18.1,-16.9
155.63,-14.1,-29.7,-20.5,-18.5,-17.4
155.64,-13.8,-31.3,-20.1,-18.6,-17.5
155.65,-13.5,-31.8,-20.2,-18.8,-18.3
155.66,-12.9,-27.1,-19.8,-19.1,-18.5
155.67,-11.4,-18.6,-17.3,-20.0,-19.1
155.68,-10.6,-16.1,-16.7,-21.5,-19.5
155.69,-10.0,-14.2,-16.3,-22.7,-20.3
155.70,-9.1,-12.0,-16.2,-24.8,-20.8
155.71,-8.7,-10.9,-17.4,-25.7,-21.3
155.72,-8.7,-10.4,-18.9,-25.3,-21.1
155.73,-8.7,-10.1,-20.7,-25.6,-20.9
155.74,-8.8,-10.0,-22.2,-25.6,-20.8
155.75,-9.3,-10.5,-23.5,-24.8,-20.2
155.76,-9.5,-10.7,-25.0,-25.7,-19.7
155.77,-10.1,-11.5,-25.9,-26.1,-19.4
155.78,-10.6,-12.2,-26.5,-25.4,-19.3
155.79,-11.3,-13.3,-27.0,-26.5,-19.2
155.80,-11.8,-14.0,-27.5,-27.3,-19.4
155.81,-12.4,-14.9,-27.3,-27.9,-19.7
155.82,-11.9,-14.2,-27.3,-27.9,-20.1
155.83,-11.7,-13.9,-27.2,-25.5,-20.2
155.84,-11.3,-13.3,-27.0,-24.5,-20.3
155.85,-10.9,-12.7,-27.0,-24.1,-20.6
155.86,-10.5,-12.4,-27.3,-22.4,-20.3
155.87,-10.4,-12.2,-27.8,-22.4,-20.3
155.88,-10.2,-11.9,-28.2,-22.5,-20.4
155.89,-9.9,-11.5,-28.7,-22.3,-20.3
155.90,-9.9,-11.4,-28.9,-22.0,-20.3
155.91,-9.8,-11.4,-29.3,-20.3,-20.6
155.92,-9.9,-11.4,-29.6,-19.9,-20.1
155.93,-9.9,-11.4,-29.7,-19.1,-20.1
155.94,-9.9,-11.5,-30.1,-18.3,-20.4
155.95,-9.6,-11.2,-30.1,-18.1,-20.6
155.96,-9.4,-11.0,-30.1,-17.8,-20.6
155.97,-9.4,-11.0,-30.2,-17.3,-21.1
155.98,-9.6,-11.4,-30.1,-17.5,-21.0
155.99,-10.1,-12.3,-29.8,-17.3,-20.6
156.00,-10.8,-13.7,-29.7,-17.5,-20.2
156.01,-11.3,-15.8,-23.9,-17.6,-19.7
156.02,-10.7,-18.7,-16.8,-18.0,-19.3
156.03,-9.5,-20.1,-13.7,-17.8,-19.3
156.04,-9.3,-18.8,-12.7,-18.3,-19.5
156.05,-8.6,-15.7,-12.2,-19.4,-19.7
156.06,-8.1,-13.0,-12.0,-20.4,-20.2
156.07,-8.6,-11.4,-14.2,-21.5,-19.8
156.08,-8.6,-10.7,-16.1,-24.2,-20.2
156.09,-8.9,-10.5,-17.1,-25.6,-20.0
156.10,-9.2,-10.9,-18.6,-25.0,-19.6
156.11,-9.7,-11.7,-20.5,-24.6,-19.1
156.12,-10.3,-12.6,-21.6,-23.7,-19.1
156.13,-10.4,-13.0,-22.6,-22.7,-18.6
156.14,-10.6,-13.2,-22.2,-22.3,-19.0
156.15,-10.2,-13.2,-21.3,-20.9,-18.8
156.16,-10.2,-13.0,-21.2,-20.6,-19.2
156.17,-10.4,-12.7,-21.4,-20.4,-19.6
156.18,-10.0,-12.8,-20.8,-20.4,-19.6
156.19,-9.3,-13.1,-16.7,-20.4,-19.5
156.20,-9.0,-13.5,-13.8,-20.9,-20.0
156.21,-8.9,-14.0,-12.8,-21.2,-20.0
156.22,-9.0,-14.5,-12.4,-22.0,-20.4
156.23,-9.0,-15.0,-12.2,-22.5,-20.3
156.24,-9.8,-15.9,-13.1,-23.2,-19.5
156.25,-11.1,-17.1,-15.2,-23.4,-19.5
156.26,-11.5,-19.2,-16.5,-22.7,-19.0
156.27,-12.8,-23.0,-18.1,-22.7,-18.3
156.28,-13.6,-29.4,-20.1,-21.5,-18.3
156.29,-13.8,-31.8,-21.3,-21.0,-18.3
156.30,-13.9,-35.9,-21.9,-20.7,-17.6
156.31,-13.6,-42.1,-21.8,-21.0,-17.6
156.32,-13.5,-43.1,-21.0,-20.7,-17.5
156.33,-13.4,-43.7,-20.9,-21.0,-16.9
156.34,-13.5,-43.0,-21.0,-21.4,-17.1
156.35,-13.0,-38.4,-20.5,-21.9,-17.2
156.36,-12.7,-30.3,-17.5,-22.8,-17.5
156.37,-11.9,-19.9,-17.0,-24.6,-18.4
156.38,-10.4,-15.2,-16.6,-25.5,-19.2
156.39,-9.9,-12.8,-16.6,-27.0,-19.9
156.40,-9.2,-11.2,-17.8,-25.8,-20.0
156.41,-8.7,-10.3,-20.1,-24.8,-20.1
156.42,-8.8,-10.1,-22.5,-24.1,-19.9
156.43,-9.1,-10.6,-24.5,-23.2,-19.6
156.44,-9.5,-10.8,-26.5,-23.3,-19.4
156.45,-9.8,-11.4,-27.6,-23.0,-19.0
156.46,-10.3,-12.2,-28.3,-22.5,-18.6
156.47,-10.5,-12.5,-29.1,-22.2,-18.8
156.48,-10.7,-13.0,-29.2,-21.7,-18.9
156.49,-11.2,-13.6,-29.5,-21.5,-19.2
156.50,-11.5,-14.0,-29.5,-21.5,-19.4
156.51,-11.4,-14.0,-30.0,-21.4,-19.4
156.52,-11.2,-13.6,-30.4,-21.3,-19.3
156.53,-10.9,-13.0,-30.8,-21.4,-19.5
156.54,-10.6,-12.4,-31.1,-21.8,-19.1
156.55,-10.3,-12.1,-31.3,-21.8,-19.2
156.56,-10.4,-11.9,-31.6,-22.8,-19.4
156.57,-10.4,-11.8,-31.4,-24.1,-19.5
156.58,-10.4,-11.8,-31.4,-24.6,-19.9
156.59,-10.6,-12.0,-31.4,-25.9,-20.1
156.60,-10.6,-12.1,-31.7,-25.6,-19.9
156.61,-10.7,-12.3,-31.8,-24.3,-19.5
156.62,-10.6,-12.6,-31.8,-22.0,-19.2
156.63,-10.5,-12.9,-31.3,-20.7,-19.0
156.64,-10.6,-13.2,-26.2,-20.1,-19.3
156.65,-10.4,-13.6,-22.2,-19.8,-19.8
156.66,-10.8,-14.4,-21.7,-19.3,-20.2
156.67,-11.5,-16.0,-21.3,-19.2,-20.6
156.68,-12.0,-18.4,-21.2,-19.5,-20.0
156.69,-13.0,-21.5,-23.5,-19.9,-19.8
156.70,-13.8,-26.9,-23.9,-20.0,-19.0
156.71,-12.2,-29.1,-17.0,-21.1,-18.4
156.72,-10.4,-26.5,-13.9,-21.8,-17.5
156.73,-9.7,-22.8,-13.0,-23.0,-17.3
156.74,-9.3,-18.6,-12.5,-23.8,-17.1
156.75,-8.8,-15.9,-12.3,-23.7,-17.3
156.76,-9.3,-13.8,-14.6,-23.9,-17.4
156.77,-9.3,-11.9,-16.4,-25.2,-18.1
156.78,-8.8,-10.8,-17.6,-25.8,-18.6
156.79,-8.8,-10.5,-19.2,-25.2,-19.1
156.80,-8.8,-10.5,-21.3,-24.1,-18.9
156.81,-9.1,-10.7,-22.6,-23.6,-19.2
156.82,-9.7,-11.5,-23.4,-22.9,-19.1
156.83,-10.0,-11.8,-22.9,-22.5,-19.3
156.84,-10.0,-12.0,-22.1,-22.3,-19.3
156.85,-9.8,-12.1,-21.6,-21.6,-19.5
156.86,-10.0,-12.1,-21.7,-21.7,-20.5
156.87,-10.0,-12.2,-19.4,-21.9,-21.1
156.88,-9.3,-12.3,-16.4,-22.2,-21.1
156.89,-9.0,-12.4,-14.3,-23.2,-21.4
156.90,-8.6,-12.4,-13.4,-24.5,-21.7
156.91,-8.6,-12.5,-13.0,-26.5,-21.5
156.92,-8.7,-12.6,-12.9,-27.0,-21.5
156.93,-9.6,-12.5,-14.7,-26.4,-20.9
156.94,-9.8,-12.3,-16.5,-25.0,-21.2
156.95,-10.0,-12.3,-17.7,-23.9,-21.3
156.96,-10.4,-12.7,-19.2,-23.5,-21.3
156.97,-10.6,-13.2,-20.8,-22.4,-21.4
156.98,-11.2,-13.8,-22.4,-22.1,-21.9
156.99,-11.9,-14.8,-23.0,-21.7,-21.5
157.00,-12.6,-15.9,-22.5,-21.3,-21.6
157.01,-13.2,-16.5,-23.2,-21.1,-21.9
157.02,-13.4,-16.8,-24.1,-21.0,-21.5
157.03,-13.9,-17.9,-24.3,-21.3,-21.6
157.04,-13.9,-18.3,-24.5,-21.3,-21.7
157.05,-12.8,-18.6,-18.5,-22.0,-21.0
157.06,-10.9,-17.9,-14.6,-22.8,-20.6
157.07,-9.8,-16.7,-13.1,-23.3,-20.2
157.08,-9.2,-15.5,-12.5,-23.0,-19.4
157.09,-8.7,-14.3,-12.1,-23.2,-19.1
157.10,-9.0,-13.4,-12.9,-22.6,-18.7
157.11,-9.4,-13.1,-15.0,-22.4,-18.5
157.12,-9.9,-13.0,-16.6,-22.0,-19.0
157.13,-10.4,-12.9,-17.9,-23.4,-18.6
157.14,-10.3,-13.1,-19.8,-22.1,-18.3
157.15,-10.8,-13.4,-21.4,-22.2,-18.4
157.16,-10.9,-13.6,-21.4,-20.6,-18.3
157.17,-10.9,-13.9,-20.9,-20.5,-18.1
157.18,-10.7,-13.9,-20.7,-19.8,-18.2
157.19,-10.8,-13.8,-20.9,-19.7,-18.6
157.20,-10.9,-13.8,-21.0,-19.5,-18.6
157.21,-10.6,-13.8,-22.1,-19.1,-18.6
157.22,-11.1,-13.8,-24.1,-19.8,-18.6
157.23,-11.2,-14.0,-24.8,-18.8,-19.0
157.24,-11.4,-14.2,-24.5,-19.6,-19.2
157.25,-11.4,-14.3,-24.2,-18.8,-19.2
157.26,-11.6,-14.6,-23.6,-19.6,-19.1
157.27,-11.5,-14.8,-23.3,-18.7,-19.2
157.28,-11.5,-14.8,-23.3,-19.0,-18.8
157.29,-11.4,-14.8,-23.6,-18.8,-18.7
157.30,-11.5,-14.8,-24.2,-18.6,-18.9
157.31,-11.2,-14.5,-24.9,-18.7,-18.8
157.32,-10.9,-14.0,-25.7,-17.9,-18.9
157.33,-11.2,-13.8,-26.4,-18.9,-19.3
157.34,-10.8,-13.4,-27.0,-18.1,-19.5
157.35,-10.6,-13.0,-27.3,-18.8,-20.0
157.36,-10.5,-13.0,-27.6,-18.1,-20.6
157.37,-10.6,-12.8,-27.4,-18.7,-21.0
157.38,-10.6,-12.7,-27.3,-18.9,-21.6
157.39,-10.6,-12.8,-23.8,-19.5,-21.6
157.40,-9.7,-13.0,-15.6,-20.6,-21.4
157.41,-9.0,-13.0,-13.3,-21.6,-21.3
157.42,-8.9,-13.1,-12.6,-22.3,-20.4
157.43,-8.4,-13.1,-12.2,-22.2,-19.6
157.44,-8.6,-13.2,-12.3,-21.2,-19.7
157.45,-9.2,-13.0,-14.2,-20.3,-19.8
157.46,-9.7,-12.9,-15.9,-19.4,-20.4
157.47,-9.7,-12.8,-16.9,-19.0,-21.0
157.48,-9.3,-12.7,-16.8,-18.6,-21.6
157.49,-8.7,-12.7,-15.1,-17.7,-21.8
157.50,-8.8,-12.9,-14.5,-18.2,-21.9
157.51,-8.6,-13.2,-14.2,-17.3,-21.6
157.52,-8.7,-13.2,-14.1,-17.7,-21.7
157.53,-9.2,-13.2,-15.0,-16.7,-21.8
157.54,-9.7,-13.4,-16.7,-17.2,-22.1
157.55,-10.3,-13.5,-18.1,-16.9,-22.8
157.56,-10.3,-13.8,-17.7,-17.2,-23.5
157.57,-10.5,-14.2,-17.2,-17.1,-22.9
157.58,-10.1,-14.4,-17.0,-16.9,-21.8
157.59,-10.1,-14.4,-16.8,-17.3,-20.3
157.60,-9.6,-14.5,-16.8,-16.9,-19.6
157.61,-9.9,-14.3,-17.5,-17.5,-19.2
157.62,-9.9,-14.1,-18.9,-17.3,-19.0
157.63,-9.9,-14.2,-19.6,-17.5,-18.5
157.64,-10.2,-14.2,-19.9,-17.8,-18.4
157.65,-10.2,-14.2,-21.0,-17.7,-17.8
157.66,-10.2,-14.5,-21.9,-18.2,-17.6
157.67,-10.9,-14.9,-23.1,-17.9,-18.0
157.68,-11.1,-15.3,-24.5,-18.4,-18.4
157.69,-11.5,-15.8,-25.8,-17.9,-18.2
157.70,-11.7,-15.9,-27.4,-18.2,-19.1
157.71,-11.8,-15.2,-28.5,-18.3,-19.0
157.72,-11.6,-15.0,-28.9,-18.2,-19.1
157.73,-12.0,-15.5,-28.7,-18.4,-19.3
157.74,-11.6,-16.1,-21.2,-18.1,-19.4
157.75,-10.7,-17.8,-14.4,-19.4,-19.4
157.76,-10.1,-21.2,-12.9,-19.1,-19.3
157.77,-10.0,-25.6,-12.2,-19.6,-18.8
157.78,-9.7,-27.5,-11.9,-20.2,-18.6
157.79,-10.2,-33.0,-12.2,-20.9,-18.5
157.80,-11.2,-35.0,-14.1,-20.9,-18.5
157.81,-12.8,-37.2,-15.6,-21.9,-18.3
157.82,-12.9,-35.4,-16.4,-21.8,-18.6
157.83,-12.9,-34.4,-15.6,-22.7,-18.7
157.84,-11.7,-33.8,-13.7,-22.3,-18.7
157.85,-11.4,-34.1,-13.0,-22.5,-18.8
157.86,-10.4,-35.1,-12.4,-21.3,-19.0
157.87,-10.5,-37.2,-12.1,-20.5,-19.3
157.88,-10.9,-38.9,-13.6,-19.9,-19.3
157.89,-12.0,-40.7,-14.9,-19.0,-19.9
157.90,-12.8,-42.0,-15.7,-19.5,-21.0
157.91,-12.7,-43.3,-15.5,-19.4,-21.2
157.92,-12.8,-45.0,-15.6,-19.1,-20.6
157.93,-12.7,-45.8,-15.7,-19.3,-20.0
157.94,-12.3,-46.6,-15.6,-19.0,-19.4
157.95,-12.7,-47.6,-16.0,-19.6,-18.6
157.96,-12.7,-47.2,-17.2,-19.0,-18.2
157.97,-12.9,-47.2,-17.8,-19.8,-18.1
157.98,-13.6,-48.2,-18.6,-19.5,-17.9
157.99,-13.3,-47.8,-18.9,-20.0,-17.6
158.00,-14.0,-48.0,-20.2,-20.5,-17.1
158.01,-13.8,-47.6,-20.9,-20.1,-17.1
158.02,-14.1,-47.1,-22.3,-20.8,-17.0
158.03,-13.7,-46.0,-23.1,-19.9,-16.8
158.04,-14.3,-44.5,-23.7,-20.8,-17.0
158.05,-13.8,-42.3,-24.5,-19.8,-17.1
158.06,-14.2,-40.8,-25.1,-20.6,-17.5
158.07,-14.2,-38.7,-26.5,-19.8,-18.1
158.08,-13.4,-32.2,-23.3,-20.2,-18.6
158.09,-11.9,-22.9,-16.3,-20.8,-19.6
158.10,-10.0,-17.2,-13.3,-21.5,-20.3
158.11,-9.4,-15.2,-12.5,-22.1,-20.7
158.12,-8.2,-12.6,-12.0,-22.7,-21.2
158.13,-7.9,-11.3,-11.9,-22.4,-21.9
158.14,-8.6,-10.8,-14.5,-22.0,-22.6
158.15,-8.8,-10.7,-16.4,-20.9,-22.8
158.16,-8.7,-10.6,-17.5,-20.9,-22.9
158.17,-9.3,-11.3,-18.4,-20.7,-22.9
158.18,-8.7,-11.7,-16.2,-19.8,-22.8
158.19,-8.7,-12.0,-15.2,-19.9,-22.5
158.20,-8.8,-12.6,-14.9,-18.9,-22.7
158.21,-9.1,-13.7,-14.2,-19.1,-23.0
158.22,-9.5,-14.7,-14.1,-18.0,-22.9
158.23,-10.4,-16.2,-15.5,-18.1,-22.8
158.24,-11.7,-18.2,-16.4,-18.1,-23.3
158.25,-11.2,-18.5,-16.4,-18.0,-23.5
158.26,-12.0,-18.1,-16.9,-18.1,-23.0
158.27,-10.9,-17.2,-17.2,-17.9,-22.5
158.28,-10.6,-15.4,-17.4,-18.1,-22.5
158.29,-10.1,-14.3,-17.6,-18.1,-22.1
158.30,-10.0,-13.5,-19.1,-18.1,-22.1
158.31,-9.8,-12.8,-20.4,-18.3,-21.9
158.32,-9.6,-12.6,-20.7,-17.8,-21.6
158.33,-9.5,-12.4,-21.3,-18.7,-21.2
158.34,-9.8,-12.6,-21.9,-18.1,-21.5
158.35,-10.0,-12.7,-22.2,-18.8,-21.3
158.36,-10.3,-13.1,-23.3,-18.3,-21.1
158.37,-10.8,-13.5,-23.8,-18.7,-21.4
158.38,-11.3,-14.4,-24.7,-18.5,-21.5
158.39,-11.7,-15.0,-25.3,-18.5,-21.6
158.40,-11.9,-15.3,-26.3,-18.6,-22.3
158.41,-11.8,-15.2,-27.6,-18.1,-22.7
158.42,-11.6,-14.5,-28.9,-19.0,-23.2
158.43,-10.8,-13.2,-22.0,-18.6,-23.6
158.44,-9.4,-12.2,-15.5,-19.9,-23.8
158.45,-8.7,-11.8,-13.9,-20.0,-23.8
158.46,-8.7,-11.9,-13.2,-21.2,-23.2
158.47,-8.6,-12.1,-12.8,-20.9,-22.6
158.48,-9.1,-12.6,-13.1,-21.8,-22.5
158.49,-9.9,-13.1,-15.1,-20.5,-21.9
158.50,-10.8,-13.5,-16.5,-21.1,-21.2
158.51,-11.0,-14.0,-17.8,-19.9,-20.8
158.52,-11.4,-14.8,-16.4,-20.3,-20.7
158.53,-10.8,-16.1,-14.6,-19.3,-20.2
158.54,-10.9,-16.9,-14.0,-19.5,-20.0
158.55,-10.4,-17.4,-13.5,-19.2,-20.8
158.56,-10.2,-17.7,-13.1,-18.7,-20.4
158.57,-10.6,-17.9,-14.9,-19.0,-20.5
158.58,-11.2,-17.2,-16.2,-18.3,-20.9
158.59,-11.3,-16.7,-17.0,-18.9,-20.9
158.60,-11.4,-17.1,-16.7,-18.4,-20.9
158.61,-11.3,-17.1,-16.7,-18.7,-20.4
158.62,-10.7,-15.8,-17.2,-18.7,-19.8
158.63,-10.5,-15.1,-17.3,-19.2,-19.4
158.64,-10.0,-13.8,-18.0,-19.3,-19.1
158.65,-9.6,-12.1,-19.7,-19.8,-19.5
158.66,-9.2,-11.2,-20.7,-20.0,-20.4
158.67,-9.1,-11.0,-21.3,-19.7,-21.1
158.68,-9.0,-10.8,-21.8,-19.8,-21.7
158.69,-9.1,-10.9,-23.1,-19.5,-22.1
158.70,-9.5,-11.3,-23.8,-19.6,-21.6
158.71,-9.5,-11.6,-25.1,-19.2,-21.0
158.72,-9.6,-11.8,-25.7,-19.2,-21.1
158.73,-9.9,-12.0,-26.2,-19.3,-21.1
158.74,-10.1,-12.2,-27.2,-19.2,-21.5
158.75,-10.5,-12.5,-28.1,-19.4,-22.2
158.76,-10.8,-12.8,-29.2,-19.2,-22.4
158.77,-10.8,-13.0,-28.3,-19.5,-22.3
158.78,-10.4,-13.1,-17.1,-19.7,-22.3
158.79,-9.4,-13.3,-14.1,-20.1,-22.3
158.80,-8.8,-13.3,-13.3,-19.2,-21.4
158.81,-8.7,-13.4,-12.7,-18.9,-20.9
158.82,-8.5,-13.3,-12.4,-19.0,-20.8
158.83,-9.3,-13.5,-14.6,-18.8,-20.4
158.84,-10.0,-13.8,-16.0,-19.3,-20.8
158.85,-10.5,-14.4,-17.0,-19.5,-20.4
158.86,-10.9,-15.7,-17.1,-19.7,-20.3
158.87,-10.4,-17.7,-14.5,-19.4,-20.5
158.88,-10.3,-20.6,-13.4,-19.1,-20.3
158.89,-10.3,-23.5,-12.9,-19.5,-19.7
158.90,-10.1,-27.0,-12.3,-19.2,-19.5
158.91,-10.6,-26.9,-12.5,-20.0,-19.4
158.92,-11.1,-26.2,-14.2,-19.7,-19.3
158.93,-11.9,-23.7,-15.5,-20.0,-19.7
158.94,-11.9,-19.6,-16.0,-20.3,-20.4
158.95,-11.0,-16.3,-16.5,-20.6,-20.7
158.96,-9.9,-13.8,-16.7,-21.5,-20.9
158.97,-9.4,-12.6,-16.7,-22.0,-21.1
158.98,-9.2,-12.0,-16.6,-23.4,-21.0
158.99,-9.2,-11.7,-17.6,-23.8,-20.9
159.00,-9.6,-12.0,-19.2,-23.0,-21.0
159.01,-9.8,-12.5,-19.8,-22.5,-20.9
159.02,-10.1,-12.7,-20.8,-21.6,-20.9
159.03,-10.3,-12.9,-22.0,-21.5,-20.4
159.04,-10.2,-12.9,-22.7,-20.8,-20.1
159.05,-10.2,-12.8,-24.1,-21.2,-20.1
159.06,-9.8,-12.5,-25.2,-20.7,-19.8
159.07,-9.7,-12.6,-26.0,-20.6,-19.7
159.08,-10.1,-13.0,-26.8,-20.4,-19.4
159.09,-10.6,-13.7,-27.4,-20.4,-19.4
159.10,-11.2,-14.2,-28.0,-20.4,-19.4
159.11,-11.8,-15.1,-28.3,-20.7,-19.6
159.12,-11.1,-15.5,-20.3,-20.8,-20.0
159.13,-10.0,-15.4,-15.1,-22.0,-20.4
159.14,-9.5,-15.4,-13.6,-21.9,-20.6
159.15,-9.0,-14.4,-13.0,-23.1,-21.0
159.16,-8.7,-13.8,-12.6,-22.9,-21.3
159.17,-9.2,-13.2,-13.2,-23.0,-21.8
159.18,-9.5,-13.0,-15.1,-22.2,-22.2
159.19,-10.1,-12.7,-16.5,-21.8,-22.6
159.20,-10.7,-13.1,-17.8,-21.8,-22.8
159.21,-10.4,-13.2,-15.5,-21.4,-22.6
159.22,-9.7,-13.7,-13.8,-21.8,-22.7
159.23,-9.7,-14.6,-13.2,-20.8,-22.1
159.24,-10.1,-16.0,-12.8,-20.5,-21.5
159.25,-10.1,-18.3,-12.5,-20.0,-21.3
159.26,-11.3,-22.2,-14.4,-19.4,-21.0
159.27,-12.0,-24.7,-15.7,-19.3,-21.0
159.28,-11.7,-21.3,-16.5,-19.0,-21.1
159.29,-11.4,-17.9,-16.4,-19.2,-21.9
159.30,-10.5,-14.9,-16.8,-19.1,-22.1
159.31,-10.1,-13.4,-17.3,-19.8,-22.3
159.32,-9.6,-12.4,-17.5,-19.6,-22.0
159.33,-9.2,-11.4,-18.4,-19.5,-22.0
159.34,-9.1,-11.0,-19.3,-19.7,-22.0
159.35,-9.2,-11.0,-20.2,-19.5,-21.9
159.36,-9.3,-11.1,-20.8,-19.6,-21.8
159.37,-9.3,-11.1,-21.2,-19.5,-22.1
159.38,-9.4,-11.3,-22.4,-19.3,-21.8
159.39,-9.6,-11.5,-22.8,-19.5,-21.8
159.40,-9.6,-11.7,-24.1,-19.2,-21.5
159.41,-9.8,-11.9,-24.7,-19.6,-21.5
159.42,-10.3,-12.8,-25.0,-19.3,-21.4
159.43,-10.9,-13.9,-25.9,-19.4,-20.9
159.44,-11.7,-15.4,-27.0,-19.7,-20.7
159.45,-12.6,-17.5,-28.3,-19.3,-21.0
159.46,-12.5,-18.1,-24.9,-19.7,-21.1
159.47,-10.4,-16.5,-15.1,-19.4,-21.1
159.48,-9.3,-14.9,-13.3,-20.2,-21.0
159.49,-8.8,-13.9,-12.6,-20.2,-20.9
159.50,-8.5,-13.3,-12.1,-20.0,-21.0
159.51,-8.7,-13.0,-12.5,-20.6,-21.0
159.52,-9.1,-13.2,-14.1,-20.3,-20.9
159.53,-10.0,-13.4,-15.7,-20.4,-20.5
159.54,-10.6,-14.0,-16.7,-20.2,-20.3
159.55,-10.3,-15.1,-15.8,-20.2,-19.8
159.56,-10.0,-16.5,-14.2,-20.4,-19.8
159.57,-9.9,-17.1,-13.5,-20.2,-19.9
159.58,-9.9,-17.3,-13.2,-20.6,-19.9
159.59,-9.4,-15.8,-13.2,-20.0,-19.8
159.60,-9.9,-14.5,-14.7,-20.7,-20.2
159.61,-10.1,-13.7,-17.0,-20.2,-20.4
159.62,-10.0,-13.2,-19.1,-20.4,-20.5
159.63,-9.5,-12.4,-18.5,-20.3,-20.7
159.64,-9.3,-12.1,-17.2,-20.6,-20.8
159.65,-9.1,-11.7,-16.6,-21.0,-20.2
159.66,-9.0,-11.7,-16.2,-20.9,-20.0
159.67,-9.1,-11.7,-16.1,-21.8,-19.7
159.68,-9.8,-12.2,-17.1,-21.3,-19.5
159.69,-10.3,-12.9,-18.8,-21.5,-19.7
159.70,-11.1,-13.9,-19.8,-21.5,-19.7
159.71,-12.0,-15.3,-21.0,-21.2,-19.2
159.72,-12.7,-17.1,-22.0,-21.2,-18.7
159.73,-13.3,-18.9,-22.6,-20.9,-18.4
159.74,-13.4,-20.0,-23.8,-20.9,-18.5
159.75,-13.1,-18.7,-25.0,-21.0,-18.5
159.76,-12.4,-16.1,-26.6,-20.9,-19.0
159.77,-11.4,-14.1,-27.7,-21.1,-19.7
159.78,-10.9,-12.9,-29.3,-21.5,-20.1
159.79,-10.6,-12.2,-29.6,-21.6,-20.6
159.80,-10.3,-11.9,-27.8,-22.6,-20.7
159.81,-10.1,-12.2,-19.1,-22.4,-21.2
159.82,-9.4,-12.4,-15.0,-23.4,-21.5
159.83,-9.1,-12.6,-13.5,-23.0,-21.8
159.84,-8.8,-12.6,-12.8,-23.4,-21.8
159.85,-8.5,-12.2,-12.4,-22.3,-22.3
159.86,-9.0,-12.0,-13.9,-22.3,-22.0
159.87,-9.1,-11.7,-15.5,-21.6,-21.9
159.88,-9.2,-11.5,-16.6,-21.7,-22.1
159.89,-9.7,-11.7,-17.6,-22.0,-22.0
159.90,-9.5,-11.9,-15.2,-22.0,-22.5
159.91,-9.2,-12.0,-14.1,-22.7,-23.0
159.92,-9.2,-12.1,-13.9,-21.3,-23.1
159.93,-9.4,-12.4,-13.9,-20.9,-22.9
159.94,-9.8,-12.7,-14.4,-20.6,-23.4
159.95,-10.7,-13.5,-17.4,-19.8,-23.4
159.96,-11.7,-14.8,-19.1,-19.7,-23.7
159.97,-12.3,-16.3,-20.0,-19.5,-23.5
159.98,-12.3,-17.7,-17.8,-19.5,-22.9
159.99,-11.9,-16.8,-16.9,-20.1,-22.3
160.00,-10.9,-15.1,-16.6,-19.9,-21.6
160.01,-9.9,-13.6,-16.2,-20.7,-20.8
160.02,-9.3,-12.3,-16.7,-20.7,-20.4
160.03,-9.1,-11.7,-17.7,-21.0,-20.5
160.04,-9.0,-11.5,-18.4,-20.6,-20.8
160.05,-9.2,-11.6,-19.2,-20.5,-21.0
160.06,-9.4,-11.7,-20.0,-20.3,-21.2
160.07,-9.5,-11.8,-21.4,-19.9,-21.8
160.08,-9.6,-12.0,-22.2,-19.8,-22.3
160.09,-9.8,-12.2,-24.2,-19.8,-22.3
160.10,-10.0,-12.4,-25.1,-19.8,-22.7
160.11,-10.2,-12.7,-26.1,-19.7,-22.8
160.12,-10.4,-13.0,-27.4,-19.7,-22.7
160.13,-10.5,-13.0,-28.2,-19.7,-22.9
160.14,-10.6,-12.8,-29.4,-19.6,-23.1
160.15,-10.5,-12.6,-26.3,-19.9,-23.5
160.16,-9.4,-12.4,-15.1,-20.3,-23.9
160.17,-8.9,-12.3,-13.4,-20.5,-24.5
160.18,-8.7,-12.2,-12.7,-21.2,-24.4
160.19,-8.5,-12.2,-12.2,-20.6,-24.2
160.20,-8.7,-12.2,-12.6,-20.6,-24.0
160.21,-8.9,-11.9,-14.2,-20.3,-23.3
160.22,-9.2,-11.7,-15.7,-20.2,-23.3
160.23,-9.5,-11.7,-16.9,-20.1,-23.4
160.24,-9.4,-11.7,-16.3,-20.9,-23.4
160.25,-9.1,-11.7,-15.4,-21.2,-23.3
160.26,-8.8,-11.7,-14.7,-20.3,-23.1
160.27,-8.9,-11.6,-14.6,-20.9,-22.7
160.28,-8.7,-11.5,-14.6,-20.2,-22.3
160.29,-8.9,-11.0,-16.2,-19.5,-22.0
160.30,-9.1,-10.9,-18.7,-19.6,-22.3
160.31,-9.3,-10.8,-20.4,-19.6,-22.4
160.32,-9.2,-10.9,-18.8,-19.8,-22.1
160.33,-9.2,-11.1,-17.7,-19.9,-22.4
160.34,-9.2,-11.4,-17.0,-20.4,-21.9
160.35,-9.2,-11.6,-16.7,-20.4,-21.2
160.36,-9.2,-11.7,-16.5,-20.5,-21.4
160.37,-9.4,-11.9,-17.4,-20.7,-21.4
160.38,-9.4,-11.9,-18.7,-20.3,-21.4
160.39,-9.7,-11.9,-19.3,-20.5,-21.7
160.40,-10.0,-12.1,-20.3,-20.2,-21.9
160.41,-10.4,-12.6,-21.5,-20.5,-22.0
160.42,-10.8,-13.1,-22.3,-20.6,-21.3
160.43,-11.1,-13.5,-24.1,-20.8,-21.2
160.44,-10.8,-13.0,-25.1,-20.8,-21.1
160.45,-10.5,-12.6,-27.0,-20.6,-20.6
160.46,-10.3,-12.5,-27.7,-21.1,-20.1
160.47,-10.5,-12.6,-28.3,-20.5,-20.7
160.48,-10.7,-13.0,-28.7,-20.3,-20.4
160.49,-11.0,-14.1,-26.0,-20.4,-19.9
160.50,-10.8,-15.0,-18.8,-20.1,-19.9
160.51,-9.9,-16.0,-14.7,-20.0,-19.8
160.52,-9.1,-17.5,-13.2,-19.9,-18.7
160.53,-9.0,-19.1,-12.4,-19.8,-18.4
160.54,-9.0,-21.0,-12.0,-19.8,-18.2
160.55,-10.0,-23.9,-13.3,-19.8,-17.8
160.56,-10.6,-28.8,-14.6,-19.9,-18.0
160.57,-11.3,-36.4,-15.8,-19.9,-18.0
160.58,-11.7,-38.0,-16.3,-20.6,-18.1
160.59,-10.6,-39.1,-14.3,-20.3,-18.1
160.60,-10.0,-39.3,-13.3,-20.7,-18.2
160.61,-10.1,-39.4,-13.1,-20.6,-18.3
160.62,-10.2,-39.2,-13.1,-20.1,-18.6
160.63,-11.2,-38.9,-13.9,-20.1,-18.5
160.64,-12.1,-39.2,-16.5,-19.7,-18.7
160.65,-13.1,-40.4,-18.0,-19.7,-19.0
160.66,-13.5,-42.2,-18.8,-19.9,-19.6
160.67,-12.4,-43.8,-17.3,-20.4,-19.2
160.68,-12.6,-45.3,-17.0,-21.8,-19.1
160.69,-12.5,-46.6,-17.2,-21.7,-18.2
160.70,-12.5,-47.0,-17.2,-22.9,-17.7
160.71,-12.9,-48.0,-17.9,-21.7,-17.3
160.72,-12.7,-48.7,-19.0,-20.7,-16.4
160.73,-12.2,-48.9,-19.2,-19.7,-16.2
160.74,-11.8,-47.1,-20.0,-19.2,-15.8
160.75,-12.1,-41.5,-20.6,-19.2,-15.5
160.76,-12.0,-33.2,-21.8,-19.0,-15.5
160.77,-11.7,-26.4,-22.9,-19.1,-15.7
160.78,-11.9,-23.6,-24.3,-19.3,-15.6
160.79,-12.1,-20.9,-25.1,-19.5,-15.9
160.80,-11.6,-18.6,-26.0,-19.6,-16.1
160.81,-11.5,-16.9,-26.2,-19.8,-16.4
160.82,-11.6,-16.1,-27.2,-19.9,-16.9
160.83,-11.4,-16.1,-27.5,-20.0,-17.3
160.84,-10.9,-15.5,-24.8,-19.8,-18.4
160.85,-9.7,-14.0,-14.8,-20.0,-19.2
160.86,-8.8,-12.9,-13.5,-20.2,-19.8
160.87,-8.2,-11.7,-12.9,-20.2,-20.8
160.88,-7.7,-11.0,-12.5,-20.1,-20.9
160.89,-7.9,-10.8,-13.0,-20.5,-20.7
160.90,-8.5,-11.0,-14.8,-20.4,-21.2
160.91,-9.1,-11.4,-16.3,-20.5,-21.0
160.92,-9.6,-11.8,-17.3,-20.9,-21.2
160.93,-10.0,-12.4,-16.5,-20.9,-21.9
160.94,-9.9,-13.0,-15.5,-20.7,-22.6
160.95,-9.8,-13.8,-14.7,-20.0,-22.5
160.96,-10.3,-15.1,-14.6,-20.1,-22.6
160.97,-10.7,-16.8,-14.6,-19.9,-22.6
160.98,-12.4,-19.1,-16.1,-19.9,-22.5
160.99,-13.2,-22.2,-18.3,-20.0,-22.6
161.00,-13.8,-23.2,-19.7,-20.3,-23.4
161.01,-12.9,-18.5,-18.5,-20.5,-24.3
161.02,-11.1,-14.9,-17.4,-20.5,-24.7
161.03,-10.0,-12.9,-16.7,-21.0,-24.8
161.04,-9.1,-11.4,-16.6,-21.1,-24.4
161.05,-8.6,-10.8,-16.3,-20.8,-24.4
161.06,-8.6,-10.7,-17.1,-21.1,-24.0
161.07,-9.0,-10.8,-18.6,-20.8,-23.5
161.08,-9.2,-11.1,-19.4,-20.8,-23.5
161.09,-9.6,-11.5,-20.4,-20.7,-23.2
161.10,-9.6,-11.7,-20.8,-20.7,-23.0
161.11,-9.7,-12.0,-20.4,-20.8,-23.7
161.12,-10.0,-12.5,-20.8,-20.7,-23.9
161.13,-10.2,-13.0,-20.7,-20.7,-23.6
161.14,-10.8,-13.7,-21.5,-20.7,-23.9
161.15,-11.5,-14.7,-23.1,-20.8,-23.8
161.16,-12.1,-15.6,-24.7,-20.8,-22.9
161.17,-12.5,-16.3,-26.4,-20.6,-22.6
161.18,-12.1,-15.3,-27.2,-20.9,-22.5
161.19,-11.0,-14.3,-20.7,-21.1,-22.2
161.20,-9.9,-13.2,-16.6,-21.2,-22.3
161.21,-9.2,-12.5,-14.9,-21.4,-23.3
161.22,-8.8,-12.0,-14.1,-22.1,-23.7
161.23,-8.8,-11.9,-13.6,-22.2,-24.4
161.24,-9.5,-11.9,-14.6,-22.5,-24.6
161.25,-9.8,-12.0,-16.0,-23.4,-24.4
161.26,-10.2,-12.3,-16.5,-23.5,-23.9
161.27,-10.5,-12.4,-17.6,-24.9,-23.3
161.28,-10.6,-12.7,-17.7,-25.0,-22.3
161.29,-10.6,-13.0,-17.4,-25.2,-22.1
161.30,-10.6,-13.1,-17.7,-25.5,-22.0
161.31,-10.5,-13.1,-17.3,-24.1,-22.1
161.32,-10.4,-13.2,-17.3,-23.2,-22.6
161.33,-10.1,-13.6,-16.5,-22.7,-23.4
161.34,-10.8,-14.5,-17.3,-23.4,-23.8
161.35,-11.0,-15.8,-17.0,-23.5,-24.2
161.36,-10.7,-16.4,-15.5,-25.5,-23.8
161.37,-10.1,-15.0,-14.3,-28.6,-22.8
161.38,-9.3,-13.5,-13.8,-29.8,-22.1
161.39,-8.6,-12.5,-13.1,-29.9,-21.1
161.40,-8.6,-11.8,-13.4,-30.1,-20.8
161.41,-8.7,-11.6,-14.0,-29.4,-20.3
161.42,-9.2,-12.1,-14.9,-29.4,-20.5
161.43,-9.8,-12.1,-17.1,-28.5,-20.1
161.44,-9.9,-12.2,-17.5,-27.7,-20.0
161.45,-10.2,-12.3,-19.2,-27.5,-19.7
161.46,-10.2,-12.1,-20.3,-27.0,-19.7
161.47,-10.2,-12.2,-21.1,-25.3,-19.6
161.48,-10.4,-12.3,-20.7,-25.3,-19.8
161.49,-10.5,-12.5,-20.8,-24.1,-20.2
161.50,-10.6,-12.5,-21.1,-23.6,-20.3
161.51,-10.6,-12.8,-19.8,-23.0,-20.9
161.52,-10.7,-13.0,-20.0,-22.5,-21.1
161.53,-11.0,-13.4,-20.5,-22.7,-21.4
161.54,-10.9,-13.4,-21.2,-22.0,-21.8
161.55,-10.9,-13.2,-20.7,-22.2,-22.1
161.56,-11.3,-13.3,-22.6,-21.8,-22.0
161.57,-11.7,-14.0,-22.2,-21.8,-21.7
161.58,-12.3,-14.8,-22.5,-22.6,-21.3
161.59,-13.0,-16.6,-22.4,-22.3,-21.1
161.60,-14.0,-20.4,-23.0,-23.8,-21.2
161.61,-14.2,-24.7,-22.6,-23.6,-21.1
161.62,-14.6,-27.5,-22.2,-25.0,-21.1
161.63,-14.6,-30.5,-21.4,-26.0,-20.8
161.64,-15.3,-31.3,-21.3,-28.3,-20.8
161.65,-15.3,-26.9,-21.3,-29.5,-20.6
161.66,-15.3,-23.7,-21.7,-32.6,-20.4
161.67,-14.8,-19.5,-22.6,-37.7,-20.6
161.68,-13.0,-15.3,-23.6,-38.9,-20.7
161.69,-12.5,-14.1,-24.7,-42.2,-21.1
161.70,-11.8,-13.3,-25.4,-41.1,-20.6
161.71,-11.6,-13.0,-25.4,-41.0,-21.0
161.72,-11.9,-13.3,-26.3,-41.9,-21.4
161.73,-12.2,-13.5,-27.7,-40.9,-21.8
161.74,-11.7,-12.7,-28.9,-41.1,-22.5
161.75,-11.2,-11.9,-30.3,-38.2,-23.8
161.76,-10.3,-11.0,-29.7,-35.0,-23.9
161.77,-9.9,-10.5,-29.4,-34.7,-24.2
161.78,-9.8,-10.4,-30.5,-34.8,-24.5
161.79,-10.1,-10.5,-31.2,-35.5,-24.5
161.80,-10.1,-10.7,-30.8,-37.2,-24.4
161.81,-10.3,-10.9,-29.4,-41.6,-23.9
161.82,-10.3,-11.1,-28.5,-42.7,-23.6
161.83,-10.4,-11.1,-28.0,-41.6,-24.0
161.84,-10.7,-11.3,-27.7,-40.9,-24.2
161.85,-10.9,-11.4,-28.3,-41.4,-25.9
161.86,-10.9,-11.4,-27.8,-38.6,-26.5
161.87,-11.0,-11.4,-26.7,-38.8,-27.8
161.88,-10.4,-10.7,-26.8,-39.9,-28.9
161.89,-9.6,-9.9,-26.5,-40.1,-29.4
161.90,-9.0,-9.3,-26.3,-40.4,-30.0
161.91,-9.0,-9.2,-27.4,-38.4,-31.4
161.92,-8.9,-9.0,-29.5,-36.6,-31.9
161.93,-9.2,-9.3,-29.2,-35.8,-32.3
161.94,-10.0,-10.2,-28.1,-35.3,-32.2
161.95,-11.1,-11.3,-28.1,-35.7,-31.9
161.96,-12.2,-12.5,-28.1,-37.8,-31.8
161.97,-14.5,-15.1,-28.2,-38.1,-31.2
161.98,-17.7,-19.2,-28.4,-39.6,-30.7
161.99,-20.4,-23.4,-29.0,-39.6,-29.9
162.00,-21.9,-27.9,-29.2,-39.1,-29.6
162.01,-22.1,-28.4,-29.2,-40.3,-29.6
162.02,-22.2,-28.4,-29.4,-39.2,-29.9
162.03,-21.7,-25.5,-29.7,-39.6,-30.7
162.04,-18.5,-19.6,-30.9,-39.6,-32.5
162.05,-14.0,-14.4,-30.6,-40.3,-34.0
162.06,-11.7,-11.8,-29.9,-44.2,-35.3
162.07,-10.4,-10.6,-29.7,-46.6,-36.5
162.08,-9.6,-9.7,-30.8,-50.7,-38.3
162.09,-9.4,-9.5,-30.9,-55.3,-39.5
162.10,-9.7,-9.8,-30.1,-56.1,-39.2
162.11,-9.8,-9.9,-29.9,-58.6,-40.1
162.12,-9.8,-9.9,-30.0,-58.9,-40.2
162.13,-9.8,-9.8,-29.9,-58.9,-40.5
162.14,-9.8,-9.9,-30.3,-58.0,-40.9
162.15,-9.9,-10.0,-31.2,-51.9,-41.6
162.16,-10.2,-10.2,-32.3,-51.0,-41.7
162.17,-10.4,-10.4,-33.2,-49.7,-41.8
162.18,-10.4,-10.4,-32.3,-49.4,-42.1
162.19,-10.2,-10.2,-32.5,-50.3,-42.8
162.20,-9.9,-9.9,-32.9,-52.0,-43.1
162.21,-9.4,-9.4,-33.4,-53.1,-43.9
162.22,-9.3,-9.3,-32.5,-56.5,-44.0
162.23,-9.7,-9.7,-31.8,-59.2,-44.6
162.24,-10.1,-10.1,-31.3,-62.3,-44.5
162.25,-10.7,-10.7,-31.3,-63.0,-44.4
162.26,-11.3,-11.4,-31.2,-64.6,-44.8
162.27,-11.6,-11.7,-31.5,-65.5,-44.6
162.28,-11.8,-11.8,-32.8,-65.7,-44.7
162.29,-12.8,-12.8,-33.3,-66.2,-45.0
162.30,-14.2,-14.3,-33.4,-66.8,-45.1
162.31,-16.5,-16.6,-34.7,-67.5,-45.2
162.32,-18.9,-19.1,-36.4,-67.4,-44.9
162.33,-24.1,-24.7,-37.8,-66.4,-43.9
162.34,-23.2,-23.7,-36.3,-63.2,-43.1
162.35,-19.3,-19.6,-34.2,-61.6,-42.2
162.36,-17.3,-17.5,-34.0,-57.4,-42.2
162.37,-15.5,-15.6,-33.7,-55.1,-42.5
162.38,-14.4,-14.5,-33.7,-54.7,-43.7
162.39,-13.7,-13.8,-33.4,-54.3,-44.8
162.40,-13.4,-13.5,-33.8,-54.3,-46.7
162.41,-12.9,-12.9,-33.9,-56.7,-48.6
162.42,-12.1,-12.1,-33.9,-57.3,-49.7
162.43,-11.6,-11.7,-34.2,-57.9,-50.6
162.44,-11.3,-11.3,-36.9,-58.7,-51.3
162.45,-11.2,-11.2,-37.6,-59.0,-51.4
162.46,-11.5,-11.5,-36.8,-60.9,-52.0
162.47,-12.3,-12.3,-35.5,-62.4,-52.1
162.48,-13.5,-13.5,-35.6,-62.3,-52.3
162.49,-15.1,-15.1,-35.9,-63.0,-52.5
162.50,-17.5,-17.6,-35.7,-63.7,-53.0
162.51,-21.2,-21.5,-35.4,-64.2,-52.4
162.52,-24.1,-24.7,-35.1,-64.6,-51.9
162.53,-28.4,-29.9,-35.2,-65.1,-50.8
162.54,-24.4,-25.1,-35.6,-65.2,-46.9
162.55,-22.6,-23.4,-36.3,-64.8,-40.2
162.56,-17.2,-19.4,-21.8,-62.5,-28.3
162.57,-12.3,-15.4,-18.1,-62.1,-24.4
162.58,-10.7,-13.2,-17.1,-59.3,-21.4
162.59,-9.5,-11.9,-16.6,-50.8,-18.8
162.60,-8.7,-11.1,-16.2,-31.7,-18.2
162.61,-8.6,-10.8,-18.4,-26.5,-17.4
162.62,-9.0,-11.1,-20.6,-25.2,-16.8
162.63,-9.0,-11.6,-22.0,-24.1,-16.6
162.64,-9.3,-11.9,-24.0,-23.5,-16.4
162.65,-9.5,-12.0,-25.4,-25.1,-16.0
162.66,-9.5,-11.8,-27.1,-27.0,-16.0
162.67,-9.5,-11.6,-27.9,-30.0,-16.0
162.68,-9.6,-11.6,-28.4,-33.8,-15.9
162.69,-9.7,-11.9,-27.9,-46.0,-15.5
162.70,-9.6,-12.1,-26.9,-50.9,-15.4
162.71,-10.2,-12.7,-25.0,-53.9,-15.5
162.72,-10.1,-13.0,-23.6,-54.2,-15.4
162.73,-10.1,-13.5,-22.6,-54.8,-15.3
162.74,-10.8,-14.3,-22.5,-56.1,-15.6
162.75,-11.3,-14.9,-23.0,-56.2,-15.7
162.76,-10.7,-14.3,-24.3,-56.0,-15.6
162.77,-10.5,-13.3,-25.8,-54.8,-16.0
162.78,-10.2,-12.6,-27.0,-44.7,-16.0
162.79,-9.8,-12.1,-27.4,-26.1,-16.1
162.80,-9.4,-12.0,-27.9,-22.6,-16.0
162.81,-9.5,-12.5,-28.6,-20.4,-15.9
162.82,-10.0,-13.0,-29.0,-18.7,-15.7
162.83,-10.1,-13.5,-29.2,-17.5,-15.7
162.84,-10.4,-14.4,-29.4,-17.5,-15.3
162.85,-10.8,-15.9,-29.1,-17.3,-15.1
162.86,-11.2,-17.8,-28.8,-16.8,-15.1
162.87,-11.4,-20.7,-28.7,-16.7,-15.1
162.88,-12.3,-25.1,-28.6,-16.9,-15.5
162.89,-12.2,-28.1,-28.6,-17.0,-15.2
162.90,-12.1,-30.5,-28.3,-17.1,-15.4
162.91,-11.4,-33.2,-22.0,-17.6,-15.6
162.92,-10.1,-38.2,-14.6,-18.4,-15.4
162.93,-9.9,-40.3,-13.1,-18.8,-15.9
162.94,-9.5,-41.7,-12.4,-19.5,-16.0
162.95,-9.2,-43.8,-12.0,-19.9,-15.6
162.96,-9.4,-45.7,-12.3,-20.8,-15.5
162.97,-9.9,-46.1,-13.8,-20.0,-15.6
162.98,-10.1,-46.2,-14.9,-20.7,-15.6
162.99,-11.0,-48.2,-15.8,-20.8,-15.7
163.00,-11.2,-48.8,-17.2,-19.9,-15.4
163.01,-11.7,-47.7,-18.8,-19.9,-15.3
163.02,-11.8,-46.8,-20.4,-19.5,-15.4
163.03,-12.4,-46.6,-21.7,-19.5,-15.6
163.04,-12.5,-46.8,-21.4,-19.6,-16.0
163.05,-12.7,-48.0,-21.1,-19.3,-16.5
163.06,-12.7,-49.1,-21.3,-19.8,-16.5
163.07,-13.1,-50.1,-22.3,-19.5,-16.5
163.08,-12.4,-49.5,-18.3,-19.9,-16.8
163.09,-12.1,-49.9,-16.9,-19.9,-16.9
163.10,-11.8,-50.0,-16.3,-19.9,-16.6
163.11,-11.9,-49.9,-15.8,-20.3,-16.8
163.12,-11.8,-51.2,-15.9,-20.4,-16.5
163.13,-12.3,-53.9,-17.5,-20.2,-16.2
163.14,-12.8,-54.5,-18.7,-20.6,-16.4
163.15,-13.2,-55.4,-19.9,-20.6,-16.5
163.16,-13.8,-56.7,-20.9,-20.7,-16.7
163.17,-13.9,-56.6,-22.2,-20.7,-17.0
163.18,-14.1,-56.3,-23.9,-21.2,-17.0
163.19,-13.7,-56.3,-24.7,-20.4,-16.6
163.20,-13.6,-56.2,-25.1,-20.4,-16.7
163.21,-13.3,-56.5,-24.8,-21.0,-16.6
163.22,-13.2,-57.0,-24.7,-20.5,-16.9
163.23,-13.7,-56.9,-24.8,-21.1,-16.9
163.24,-13.5,-57.3,-25.2,-20.3,-17.1
163.25,-13.4,-57.6,-25.9,-20.3,-16.8
163.26,-13.4,-57.3,-26.4,-20.5,-16.6
163.27,-13.4,-57.6,-27.2,-20.4,-16.2
163.28,-13.1,-56.9,-28.0,-20.8,-15.7
163.29,-12.6,-56.4,-28.5,-19.9,-15.4
163.30,-12.7,-55.3,-29.1,-19.5,-15.7
163.31,-13.0,-52.5,-29.6,-20.1,-15.9
163.32,-12.9,-49.0,-30.4,-19.4,-16.1
163.33,-13.5,-43.0,-30.7,-20.1,-16.3
163.34,-13.2,-36.1,-31.6,-20.5,-16.1
163.35,-12.5,-26.7,-32.2,-19.8,-15.9
163.36,-12.3,-22.8,-32.8,-20.4,-15.7
163.37,-11.3,-18.2,-33.4,-20.1,-15.8
163.38,-10.5,-14.7,-33.7,-20.3,-16.1
163.39,-10.5,-13.2,-34.0,-20.9,-16.9
163.40,-10.3,-12.5,-34.0,-21.5,-17.1
163.41,-10.0,-12.2,-34.1,-21.1,-17.3
163.42,-9.4,-11.3,-33.6,-21.6,-18.0
163.43,-9.4,-11.3,-23.4,-21.8,-18.3
163.44,-8.5,-10.8,-16.0,-21.9,-18.9
163.45,-7.8,-10.0,-14.2,-22.3,-20.0
163.46,-7.4,-9.8,-13.3,-23.0,-20.5
163.47,-7.3,-10.1,-12.4,-22.8,-21.1
163.48,-7.3,-10.2,-12.4,-24.4,-22.0
163.49,-7.6,-10.0,-14.1,-23.7,-22.6
163.50,-7.9,-10.1,-15.3,-23.9,-22.9
163.51,-8.2,-10.2,-16.9,-23.3,-22.8
163.52,-9.0,-10.2,-20.6,-23.1,-23.0
163.53,-9.1,-10.2,-24.3,-23.1,-22.8
163.54,-9.3,-10.4,-25.8,-23.1,-22.4
163.55,-9.7,-11.0,-28.1,-23.2,-21.9
163.56,-9.8,-11.1,-28.7,-23.2,-21.8
163.57,-10.0,-11.5,-27.7,-23.1,-21.5
163.58,-10.3,-12.1,-26.8,-23.4,-21.1
163.59,-10.7,-13.0,-26.0,-23.0,-21.0
163.60,-10.7,-13.5,-19.9,-23.3,-21.2
163.61,-9.3,-13.4,-14.6,-23.2,-21.6
163.62,-9.3,-14.2,-13.3,-23.0,-21.7
163.63,-9.0,-13.8,-12.8,-23.2,-22.2
163.64,-8.5,-13.0,-12.5,-23.1,-22.0
163.65,-8.9,-12.2,-13.3,-23.7,-21.3
163.66,-9.1,-11.8,-15.1,-23.4,-21.6
163.67,-9.3,-11.5,-16.9,-23.8,-20.8
163.68,-9.5,-11.3,-18.1,-24.2,-20.3
163.69,-10.0,-11.8,-19.9,-24.2,-20.5
163.70,-10.4,-12.5,-21.9,-24.1,-20.0
163.71,-10.8,-13.3,-22.9,-23.8,-19.6
163.72,-11.2,-13.6,-23.5,-23.5,-20.0
163.73,-10.8,-13.9,-23.2,-23.0,-19.7
163.74,-10.9,-13.5,-23.5,-23.0,-19.8
163.75,-10.2,-12.6,-24.1,-23.5,-20.1
163.76,-10.2,-12.3,-25.1,-23.1,-20.4
163.77,-9.6,-11.7,-22.2,-23.3,-20.8
163.78,-8.9,-10.9,-20.2,-23.7,-21.0
163.79,-8.3,-10.3,-19.0,-23.9,-21.4
163.80,-8.1,-9.8,-18.3,-24.0,-22.0
163.81,-8.0,-9.6,-18.0,-24.2,-22.0
163.82,-8.1,-9.7,-19.4,-24.0,-22.2
163.83,-8.5,-10.0,-20.7,-24.5,-21.6
163.84,-8.8,-10.3,-22.4,-23.9,-21.3
163.85,-9.0,-10.7,-23.6,-24.3,-21.1
163.86,-9.1,-10.7,-25.2,-23.9,-21.1
163.87,-9.4,-11.2,-26.5,-24.1,-20.1
163.88,-9.6,-11.9,-28.0,-23.4,-18.8
163.89,-10.1,-12.7,-30.0,-23.8,-18.4
163.90,-11.0,-14.4,-30.7,-23.1,-18.2
163.91,-11.5,-15.8,-31.7,-23.2,-17.8
163.92,-12.5,-17.6,-32.5,-23.4,-18.3
163.93,-13.2,-20.5,-32.7,-23.4,-18.3
163.94,-13.0,-20.6,-30.6,-23.3,-18.7
163.95,-11.8,-18.1,-20.3,-25.1,-19.1
163.96,-10.4,-15.6,-15.7,-25.2,-19.8
163.97,-8.8,-12.0,-14.6,-26.6,-21.4
163.98,-7.8,-10.3,-14.0,-27.8,-22.4
163.99,-7.2,-9.3,-13.6,-28.2,-23.4
164.00,-7.6,-9.0,-15.7,-27.6,-23.2
164.01,-7.9,-9.0,-17.7,-27.5,-23.2
164.02,-8.1,-9.3,-18.7,-26.9,-23.1
164.03,-8.4,-9.5,-20.4,-26.3,-23.6
164.04,-8.8,-9.8,-22.3,-26.4,-23.1
164.05,-8.8,-9.7,-24.3,-26.3,-23.6
164.06,-9.0,-9.9,-26.6,-26.4,-23.8
164.07,-9.3,-10.2,-26.9,-26.5,-23.7
164.08,-9.5,-10.4,-25.7,-26.7,-23.9
164.09,-9.4,-10.3,-24.9,-26.4,-24.0
164.10,-9.4,-10.2,-25.0,-26.4,-23.7
164.11,-9.2,-10.0,-24.9,-26.4,-23.7
164.12,-8.9,-9.7,-25.0,-26.3,-23.5
164.13,-8.3,-9.2,-25.7,-26.2,-23.4
164.14,-8.1,-9.0,-26.1,-26.3,-23.4
164.15,-7.8,-8.7,-26.6,-26.6,-23.6
164.16,-7.8,-8.6,-27.2,-26.6,-23.3
164.17,-8.2,-8.9,-27.9,-27.1,-23.7
164.18,-8.7,-9.6,-28.4,-27.2,-23.3
164.19,-9.3,-10.3,-28.5,-27.4,-23.7
164.20,-9.8,-10.9,-29.0,-27.4,-22.9
164.21,-10.3,-11.7,-29.7,-27.1,-23.0
164.22,-10.1,-11.4,-30.5,-27.2,-22.5
164.23,-9.8,-11.0,-31.6,-27.3,-21.9
164.24,-9.4,-10.7,-32.5,-27.2,-21.2
164.25,-9.3,-10.6,-33.6,-27.3,-21.6
164.26,-9.4,-10.8,-35.6,-27.1,-20.8
164.27,-10.0,-11.6,-37.1,-27.0,-20.7
164.28,-10.8,-12.9,-38.1,-27.1,-20.1
164.29,-11.4,-14.5,-25.1,-27.5,-20.3
164.30,-10.0,-15.7,-15.4,-28.1,-20.0
164.31,-9.5,-15.8,-13.8,-28.5,-19.8
164.32,-8.7,-14.0,-13.2,-29.4,-20.0
164.33,-8.0,-12.3,-12.8,-29.2,-19.9
164.34,-7.8,-11.4,-13.2,-29.1,-20.0
164.35,-8.4,-11.0,-15.2,-28.7,-20.2
164.36,-8.4,-10.4,-16.8,-28.7,-20.5
164.37,-8.9,-11.1,-18.1,-28.6,-20.4
164.38,-9.5,-11.3,-20.3,-28.5,-20.4
164.39,-9.6,-11.7,-22.3,-28.0,-19.6
164.40,-9.9,-12.3,-23.2,-27.7,-19.0
164.41,-10.2,-12.5,-23.4,-27.7,-19.0
164.42,-10.5,-13.0,-22.7,-27.7,-19.0
164.43,-10.3,-13.2,-22.3,-27.6,-18.7
164.44,-9.8,-12.3,-22.7,-27.8,-18.8
164.45,-9.5,-11.5,-23.6,-28.2,-19.3
164.46,-9.2,-11.2,-21.9,-28.2,-19.3
164.47,-8.6,-10.5,-19.9,-28.6,-19.8
164.48,-8.6,-10.7,-19.4,-28.8,-19.6
164.49,-8.6,-10.6,-19.3,-28.9,-19.8
164.50,-8.5,-10.7,-19.2,-28.9,-18.8
164.51,-8.9,-10.9,-21.5,-28.7,-18.0
164.52,-9.4,-11.7,-23.3,-28.7,-17.5
164.53,-10.1,-12.7,-25.4,-28.6,-17.2
164.54,-11.5,-14.7,-26.4,-28.5,-17.3
164.55,-12.7,-17.6,-27.3,-28.7,-17.7
164.56,-13.9,-20.8,-28.4,-28.8,-18.1
164.57,-14.0,-21.8,-29.8,-28.9,-17.8
164.58,-13.7,-22.6,-31.1,-29.1,-17.4
164.59,-13.1,-22.6,-32.3,-29.1,-16.5
164.60,-13.2,-23.5,-33.5,-29.3,-16.5
164.61,-13.6,-23.3,-34.1,-29.5,-16.8
164.62,-13.5,-21.0,-34.6,-29.7,-17.5
164.63,-12.3,-15.6,-34.7,-30.0,-18.3
164.64,-9.7,-11.3,-35.2,-30.1,-18.8
164.65,-9.1,-10.3,-36.0,-30.7,-19.5
164.66,-8.2,-9.3,-36.2,-31.0,-19.8
164.67,-7.8,-8.7,-36.5,-31.2,-19.7
164.68,-8.0,-8.8,-37.3,-31.7,-20.0
164.69,-8.0,-8.9,-37.7,-31.8,-20.0
164.70,-8.1,-9.0,-38.3,-31.8,-19.9
164.71,-8.2,-9.1,-39.7,-32.0,-19.9
164.72,-8.1,-8.9,-41.3,-31.9,-20.1
164.73,-8.6,-9.5,-41.0,-32.2,-20.5
164.74,-9.0,-10.0,-41.8,-32.4,-20.2
164.75,-9.2,-10.4,-41.8,-32.1,-19.5
164.76,-9.6,-11.0,-41.5,-32.5,-19.2
164.77,-10.5,-12.4,-42.2,-32.5,-18.4
164.78,-11.1,-13.7,-42.6,-32.4,-17.9
164.79,-11.5,-14.6,-42.4,-32.7,-17.4
164.80,-11.8,-15.6,-37.4,-33.0,-16.9
164.81,-12.1,-18.5,-20.5,-33.2,-17.3
164.82,-10.6,-17.7,-15.2,-33.3,-17.4
164.83,-9.3,-15.2,-13.5,-33.9,-17.9
164.84,-8.4,-13.1,-12.7,-33.8,-18.9
164.85,-7.5,-11.9,-11.6,-34.0,-19.4
164.86,-7.4,-11.0,-12.0,-34.1,-19.0
164.87,-7.5,-10.5,-13.8,-34.2,-18.3
164.88,-8.0,-10.8,-14.6,-34.1,-18.3
164.89,-8.1,-10.4,-16.4,-34.4,-18.2
164.90,-8.8,-10.3,-21.2,-34.5,-18.3
164.91,-9.2,-10.7,-23.7,-35.3,-18.5
164.92,-9.7,-11.1,-24.6,-36.1,-19.0
164.93,-10.2,-11.9,-27.4,-37.2,-18.5
164.94,-11.0,-12.9,-28.9,-37.3,-18.3
164.95,-11.1,-13.0,-28.4,-36.9,-18.6
164.96,-10.2,-11.8,-28.3,-35.4,-18.4
164.97,-9.3,-10.7,-28.1,-35.3,-18.4
164.98,-8.9,-10.4,-22.6,-35.3,-18.8
164.99,-8.1,-10.3,-15.7,-36.0,-20.0
165.00,-7.8,-10.4,-14.4,-39.6,-19.9
165.01,-8.2,-11.5,-13.8,-41.3,-20.6
165.02,-8.3,-12.1,-13.0,-44.6,-21.1
165.03,-8.1,-11.0,-13.6,-46.2,-21.3
165.04,-8.2,-10.6,-15.0,-45.6,-20.5
165.05,-7.9,-9.9,-16.1,-44.9,-20.2
165.06,-7.7,-9.5,-17.1,-43.3,-19.2
165.07,-8.0,-9.7,-18.9,-42.6,-19.1
165.08,-8.2,-10.0,-19.3,-41.8,-18.9
165.09,-8.6,-10.6,-19.3,-42.2,-18.7
165.10,-8.8,-11.0,-18.8,-42.2,-19.0
165.11,-9.0,-11.0,-18.9,-41.9,-18.9
165.12,-9.1,-11.2,-18.9,-42.6,-19.0
165.13,-9.1,-11.5,-19.2,-39.8,-18.4
165.14,-9.4,-11.6,-19.6,-39.8,-18.8
165.15,-9.6,-12.4,-18.8,-39.8,-18.9
165.16,-9.4,-12.8,-17.6,-40.4,-18.5
165.17,-9.7,-13.2,-17.7,-42.7,-18.9
165.18,-10.2,-13.9,-17.6,-45.9,-19.2
165.19,-10.6,-15.6,-17.6,-39.7,-18.6
165.20,-11.9,-16.9,-19.9,-38.4,-19.0
165.21,-12.9,-19.4,-20.6,-30.6,-18.7
165.22,-13.5,-22.3,-21.8,-29.4,-18.2
165.23,-13.1,-27.7,-22.2,-27.0,-17.2
165.24,-13.5,-30.0,-22.2,-26.5,-17.4
165.25,-13.3,-32.0,-22.9,-24.2,-17.1
165.26,-13.2,-32.7,-23.5,-24.4,-16.8
165.27,-13.4,-32.6,-23.8,-22.7,-17.0
165.28,-13.2,-31.2,-24.8,-22.5,-16.6
165.29,-13.0,-28.0,-25.5,-21.9,-16.6
165.30,-12.6,-24.3,-25.6,-21.8,-16.8
165.31,-12.1,-19.6,-26.8,-22.3,-17.3
165.32,-10.5,-13.8,-26.3,-23.1,-18.1
165.33,-9.3,-11.1,-18.9,-25.4,-19.6
165.34,-7.9,-10.0,-15.4,-27.3,-20.1
165.35,-7.2,-8.8,-14.6,-32.9,-20.1
165.36,-6.6,-8.1,-14.1,-35.6,-19.8
165.37,-6.9,-8.7,-13.8,-38.8,-18.8
165.38,-7.2,-8.8,-16.2,-43.6,-18.7
165.39,-7.6,-9.2,-17.9,-50.7,-18.1
165.40,-8.2,-10.0,-18.8,-56.8,-18.0
165.41,-8.9,-10.8,-20.4,-60.4,-17.3
165.42,-8.8,-10.6,-21.8,-61.3,-17.5
165.43,-8.9,-10.5,-23.8,-62.0,-17.0
165.44,-8.9,-10.5,-24.7,-63.1,-17.0
165.45,-8.6,-10.2,-24.1,-63.8,-17.0
165.46,-8.4,-9.8,-23.1,-64.3,-17.2
165.47,-8.8,-10.2,-23.5,-64.8,-17.1
165.48,-9.2,-10.9,-22.9,-64.7,-17.0
165.49,-9.2,-11.0,-22.5,-64.1,-16.9
165.50,-9.6,-11.4,-23.3,-63.9,-16.7
165.51,-9.9,-11.8,-23.9,-64.1,-16.7
165.52,-9.7,-11.5,-24.2,-63.2,-16.7
165.53,-9.6,-11.1,-25.4,-62.5,-17.1
165.54,-9.1,-10.6,-25.9,-60.8,-17.0
165.55,-9.1,-10.5,-26.9,-59.7,-17.2
165.56,-9.1,-10.6,-27.9,-58.7,-16.8
165.57,-9.1,-10.6,-28.3,-58.5,-17.1
165.58,-9.0,-10.6,-28.3,-58.6,-16.6
165.59,-9.0,-10.4,-29.1,-59.6,-17.1
165.60,-8.5,-9.8,-29.2,-61.3,-16.8
165.61,-8.1,-9.2,-28.8,-62.9,-17.3
165.62,-7.9,-8.8,-30.1,-63.1,-17.4
165.63,-8.1,-9.0,-31.0,-63.2,-17.6
165.64,-8.6,-9.5,-30.6,-63.4,-17.7
165.65,-9.2,-10.4,-30.8,-62.7,-17.7
165.66,-9.9,-11.4,-31.2,-61.9,-17.8
165.67,-10.0,-11.9,-23.4,-60.8,-17.5
165.68,-9.1,-12.0,-15.8,-60.0,-18.0
165.69,-8.3,-11.2,-14.5,-59.7,-18.2
165.70,-7.9,-10.4,-14.0,-59.5,-19.0
165.71,-7.5,-9.8,-13.6,-59.9,-19.1
165.72,-7.6,-9.6,-14.3,-60.3,-19.8
165.73,-7.9,-9.4,-16.5,-61.5,-19.4
165.74,-8.2,-9.5,-18.3,-60.5,-19.7
165.75,-8.5,-9.7,-19.6,-60.2,-19.5
165.76,-8.5,-9.5,-21.8,-59.7,-19.2
165.77,-8.9,-9.9,-23.9,-59.5,-19.0
165.78,-8.8,-9.7,-24.2,-59.4,-19.2
165.79,-9.0,-9.9,-24.3,-59.7,-19.7
165.80,-9.2,-10.1,-23.2,-60.1,-20.0
165.81,-9.4,-10.2,-22.8,-59.9,-20.9
165.82,-9.3,-10.2,-23.0,-59.1,-21.8
165.83,-9.9,-10.8,-22.8,-57.8,-22.4
165.84,-9.9,-11.3,-18.7,-57.0,-23.1
165.85,-10.3,-12.5,-16.8,-56.9,-22.4
165.86,-10.9,-13.7,-16.4,-57.0,-21.5
165.87,-10.7,-14.8,-16.2,-39.6,-18.4
165.88,-10.4,-15.7,-16.6,-31.3,-16.4
165.89,-10.8,-17.9,-19.1,-31.2,-15.6
165.90,-10.9,-20.0,-21.2,-31.2,-14.1
165.91,-11.2,-22.8,-23.4,-31.2,-14.0
165.92,-12.0,-27.0,-24.4,-35.1,-13.9
165.93,-12.5,-30.9,-25.5,-47.1,-14.1
165.94,-13.0,-31.9,-26.4,-60.5,-14.5
165.95,-13.8,-32.5,-27.0,-61.2,-15.3
165.96,-13.9,-32.5,-27.7,-61.5,-15.5
165.97,-14.8,-32.3,-28.8,-61.7,-16.1
165.98,-15.1,-31.9,-29.6,-62.0,-16.3
165.99,-15.4,-28.1,-30.2,-62.2,-16.9
166.00,-14.8,-23.7,-30.6,-62.0,-17.0
166.01,-13.5,-17.8,-28.5,-62.0,-18.0
166.02,-11.8,-15.7,-17.2,-61.5,-18.5
166.03,-9.6,-12.5,-14.7,-61.6,-19.3
166.04,-8.5,-11.2,-13.9,-61.5,-19.6
166.05,-7.9,-10.2,-13.3,-61.4,-19.4
166.06,-7.8,-10.1,-13.2,-62.2,-19.0
166.07,-7.9,-9.9,-15.5,-62.4,-18.1
166.08,-8.5,-10.1,-17.6,-62.9,-18.3
166.09,-8.4,-10.1,-18.7,-63.7,-17.4
166.10,-8.7,-10.1,-20.5,-63.3,-18.2
166.11,-8.7,-10.0,-22.9,-63.6,-17.3
166.12,-8.6,-9.7,-24.6,-62.9,-18.3
166.13,-8.6,-9.9,-24.8,-63.1,-17.4
166.14,-9.1,-10.3,-24.5,-63.2,-18.1
166.15,-8.9,-10.4,-24.1,-62.5,-16.8
166.16,-9.2,-10.9,-24.4,-61.9,-17.2
166.17,-9.1,-11.1,-24.4,-61.7,-16.0
166.18,-8.5,-10.2,-25.5,-60.7,-16.4
166.19,-8.1,-9.7,-28.1,-60.8,-15.9
166.20,-8.4,-9.7,-28.6,-60.6,-16.6
166.21,-8.3,-9.6,-28.1,-61.2,-16.6
166.22,-8.7,-9.9,-27.7,-61.1,-17.3
166.23,-9.0,-10.4,-26.9,-62.4,-17.3
166.24,-9.1,-10.5,-27.1,-63.0,-17.4
166.25,-9.0,-10.3,-27.1,-62.6,-17.4
166.26,-8.9,-10.3,-27.5,-61.1,-17.5
166.27,-8.8,-10.2,-29.0,-60.2,-17.0
166.28,-8.9,-10.3,-30.2,-59.5,-17.3
166.29,-9.1,-10.7,-31.7,-59.6,-16.7
166.30,-9.1,-10.6,-34.2,-59.8,-17.1
166.31,-9.0,-10.4,-34.0,-61.5,-16.7
166.32,-9.3,-10.7,-33.9,-62.0,-17.0
166.33,-9.4,-10.8,-34.9,-61.8,-16.9
166.34,-9.7,-11.3,-34.3,-61.8,-17.1
166.35,-10.3,-12.2,-35.1,-61.0,-17.1
166.36,-10.4,-12.6,-26.0,-60.8,-17.1
166.37,-9.5,-12.9,-16.0,-59.7,-17.4
166.38,-9.0,-12.5,-14.4,-59.3,-17.8
166.39,-8.4,-11.8,-13.8,-59.7,-17.3
166.40,-7.8,-11.1,-13.2,-59.4,-17.4
166.41,-7.9,-11.0,-13.5,-59.5,-17.2
166.42,-8.2,-10.6,-15.4,-59.7,-16.9
166.43,-8.2,-10.6,-16.6,-59.6,-16.7
166.44,-8.7,-11.0,-17.8,-59.0,-16.6
166.45,-9.1,-11.1,-20.3,-59.1,-16.4
166.46,-9.3,-11.2,-22.4,-59.1,-16.5
166.47,-9.5,-11.4,-23.9,-60.2,-16.2
166.48,-9.3,-11.2,-23.9,-60.1,-16.5
166.49,-9.4,-11.2,-23.0,-61.2,-16.7
166.50,-9.6,-11.4,-21.9,-61.4,-17.1
166.51,-9.4,-11.3,-21.7,-60.4,-17.1
166.52,-9.6,-11.4,-21.8,-58.8,-17.3
166.53,-9.3,-11.4,-19.6,-57.2,-17.9
166.54,-9.2,-11.5,-18.7,-55.6,-17.9
166.55,-9.3,-12.1,-18.5,-49.6,-17.7
166.56,-10.0,-13.4,-18.3,-49.7,-17.4
166.57,-10.6,-14.8,-18.6,-49.7,-16.8
166.58,-11.5,-17.6,-19.8,-49.4,-15.9
166.59,-12.3,-21.3,-20.5,-49.8,-15.5
166.60,-12.5,-24.3,-20.4,-51.9,-15.2
166.61,-12.6,-26.8,-20.8,-51.9,-15.3
166.62,-12.4,-28.0,-20.5,-51.8,-15.2
166.63,-12.3,-29.4,-20.6,-48.4,-15.4
166.64,-12.6,-30.6,-20.7,-48.9,-15.6
166.65,-12.7,-31.5,-20.6,-48.9,-15.8
166.66,-12.9,-31.9,-20.7,-48.8,-15.9
166.67,-13.1,-30.1,-21.2,-54.5,-15.9
166.68,-13.5,-27.4,-21.8,-54.8,-16.3
166.69,-13.4,-24.7,-23.0,-56.9,-16.3
166.70,-12.3,-17.2,-23.8,-56.2,-17.1
166.71,-10.9,-15.0,-17.3,-55.7,-17.6
166.72,-9.4,-13.0,-14.6,-55.5,-18.4
166.73,-8.2,-11.3,-13.8,-56.0,-18.5
166.74,-7.4,-9.9,-13.3,-56.8,-18.8
166.75,-7.3,-9.7,-13.2,-60.0,-17.9
166.76,-7.6,-9.5,-15.5,-60.8,-17.8
166.77,-7.9,-9.7,-17.3,-62.0,-17.3
166.78,-8.5,-10.3,-18.4,-62.9,-17.2
166.79,-9.1,-11.1,-20.2,-63.1,-16.4
166.80,-9.5,-11.5,-21.6,-62.7,-17.0
166.81,-9.9,-11.7,-23.7,-62.7,-16.9
166.82,-9.5,-11.1,-24.7,-62.3,-16.9
166.83,-9.0,-10.7,-23.6,-62.3,-16.6
166.84,-8.5,-10.0,-22.8,-62.2,-16.8
166.85,-8.1,-9.6,-23.2,-62.4,-16.8
166.86,-8.0,-9.5,-23.1,-62.2,-16.5
166.87,-8.0,-9.6,-23.3,-62.2,-16.0
166.88,-8.2,-9.6,-24.1,-62.1,-16.1
166.89,-8.2,-9.6,-24.2,-61.2,-16.1
166.90,-8.3,-9.8,-24.6,-61.8,-15.5
166.91,-8.3,-9.7,-25.7,-61.7,-15.9
166.92,-8.5,-9.8,-26.1,-61.7,-16.0
166.93,-8.5,-10.0,-26.7,-61.6,-16.0
166.94,-8.7,-10.2,-28.2,-62.0,-16.2
166.95,-9.0,-10.6,-28.9,-61.7,-16.4
166.96,-9.4,-11.1,-29.6,-62.3,-16.7
166.97,-9.4,-11.3,-31.2,-61.1,-16.2
166.98,-9.6,-11.5,-33.0,-60.9,-16.3
166.99,-9.3,-10.9,-34.2,-60.4,-16.8
167.00,-9.0,-10.4,-35.0,-60.4,-16.8
167.01,-9.1,-10.5,-35.6,-60.1,-16.8
167.02,-9.0,-10.5,-36.1,-61.8,-16.9
167.03,-9.4,-10.7,-35.5,-61.6,-17.5
167.04,-9.8,-11.7,-32.8,-61.5,-17.3
167.05,-9.9,-12.6,-20.8,-61.0,-17.0
167.06,-9.3,-13.3,-15.2,-61.2,-17.0
167.07,-8.9,-13.4,-13.6,-61.4,-17.4
167.08,-8.6,-13.3,-13.0,-61.8,-17.7
167.09,-8.1,-12.3,-12.5,-63.7,-17.4
167.10,-7.9,-11.0,-13.2,-64.3,-17.8
167.11,-8.0,-10.4,-15.1,-65.0,-17.9
167.12,-8.5,-10.2,-16.8,-64.2,-18.2
167.13,-8.2,-9.7,-18.4,-63.1,-18.4
167.14,-8.1,-9.4,-20.8,-62.8,-18.8
167.15,-8.4,-9.6,-22.6,-61.7,-18.9
167.16,-8.6,-9.7,-23.3,-61.5,-19.7
167.17,-8.9,-10.1,-23.6,-61.3,-19.2
167.18,-9.3,-10.7,-22.6,-61.9,-18.9
167.19,-9.9,-11.5,-22.4,-62.1,-18.6
167.20,-10.0,-11.7,-22.5,-62.2,-18.7
167.21,-9.9,-11.4,-22.2,-62.1,-19.5
167.22,-10.0,-11.7,-19.2,-62.4,-20.3
167.23,-9.9,-12.1,-17.9,-62.4,-21.1
167.24,-10.0,-12.5,-17.5,-61.6,-21.4
167.25,-10.2,-13.0,-17.4,-50.9,-20.4
167.26,-10.3,-13.1,-18.0,-44.8,-18.7
167.27,-10.1,-13.1,-20.5,-44.8,-17.4
167.28,-10.6,-13.7,-23.3,-44.8,-15.8
167.29,-10.9,-14.5,-25.0,-44.8,-15.6
167.30,-11.3,-15.6,-24.4,-46.2,-15.9
167.31,-11.9,-18.4,-23.7,-62.9,-15.4
167.32,-12.3,-21.4,-22.6,-63.2,-15.6
167.33,-13.2,-24.0,-21.7,-62.4,-16.9
167.34,-13.2,-26.6,-21.3,-62.4,-16.9
167.35,-13.6,-27.7,-21.6,-61.1,-17.3
167.36,-13.9,-25.6,-22.2,-61.2,-17.9
167.37,-13.7,-20.8,-23.0,-61.0,-18.6
167.38,-13.2,-18.0,-24.4,-61.7,-18.8
167.39,-11.9,-15.5,-23.6,-61.4,-19.2
167.40,-10.8,-14.2,-18.0,-62.1,-19.8
167.41,-9.0,-12.6,-14.5,-62.2,-19.8
167.42,-7.9,-10.9,-13.8,-62.6,-19.2
167.43,-7.4,-10.4,-13.3,-62.1,-18.2
167.44,-7.0,-9.7,-13.0,-62.7,-17.7
167.45,-7.4,-9.5,-15.7,-62.4,-17.3
167.46,-7.9,-9.8,-17.8,-62.1,-17.2
167.47,-8.0,-9.9,-18.7,-62.4,-16.9
167.48,-8.4,-10.0,-21.2,-62.1,-17.1
167.49,-8.7,-10.2,-23.7,-62.9,-17.2
167.50,-8.8,-10.5,-24.2,-62.7,-17.1
167.51,-8.6,-10.4,-24.8,-62.8,-16.6
167.52,-8.8,-10.7,-24.9,-62.7,-16.6
167.53,-8.7,-10.6,-23.9,-63.0,-16.4
167.54,-8.5,-10.5,-23.0,-62.5,-16.0
167.55,-8.7,-10.7,-23.7,-62.9,-15.9
167.56,-9.2,-11.1,-23.6,-63.3,-16.4
167.57,-8.9,-10.8,-22.9,-63.2,-16.5
167.58,-9.0,-10.9,-23.9,-63.9,-16.3
167.59,-9.1,-10.9,-24.7,-64.1,-16.3
167.60,-9.2,-10.9,-24.6,-64.2,-16.7
167.61,-9.3,-10.7,-25.6,-64.4,-16.8
167.62,-9.1,-10.7,-26.7,-64.6,-16.1
167.63,-9.0,-10.6,-26.9,-64.7,-16.0
167.64,-8.7,-10.1,-27.8,-65.5,-16.4
167.65,-8.5,-9.8,-29.7,-65.3,-16.4
167.66,-8.5,-10.0,-30.1,-65.5,-16.0
167.67,-8.8,-10.5,-30.8,-65.4,-16.1
167.68,-9.1,-10.9,-31.8,-65.2,-16.5
167.69,-9.9,-12.1,-31.8,-64.8,-16.6
167.70,-10.5,-13.2,-31.8,-64.9,-16.3
167.71,-11.2,-14.6,-31.4,-64.2,-16.5
167.72,-12.1,-16.1,-31.5,-64.2,-16.8
167.73,-12.4,-17.5,-27.7,-63.8,-16.4
167.74,-11.6,-18.9,-18.5,-62.5,-16.4
167.75,-10.4,-17.8,-14.7,-62.3,-17.5
167.76,-9.4,-15.5,-13.3,-59.9,-18.1
167.77,-8.6,-14.0,-12.7,-58.6,-17.2
167.78,-8.2,-12.9,-12.3,-57.9,-17.5
167.79,-8.2,-11.8,-13.5,-56.8,-17.0
167.80,-8.5,-11.7,-15.8,-56.0,-16.6
167.81,-8.7,-11.6,-17.2,-55.4,-16.7
167.82,-9.5,-11.9,-18.6,-55.7,-18.0
167.83,-9.9,-11.9,-20.6,-55.3,-18.5
167.84,-9.7,-11.7,-21.8,-55.6,-18.7
167.85,-10.2,-11.9,-22.3,-56.4,-19.4
167.86,-10.6,-12.7,-22.2,-57.0,-19.1
167.87,-10.9,-13.4,-21.8,-46.1,-18.2
167.88,-11.5,-14.5,-22.2,-45.3,-18.2
167.89,-12.5,-16.5,-22.3,-38.7,-17.7
167.90,-11.9,-15.9,-22.5,-38.7,-17.6
167.91,-11.3,-15.0,-21.4,-38.7,-18.4
167.92,-10.6,-13.7,-19.9,-39.6,-19.2
167.93,-9.7,-12.5,-19.1,-43.4,-17.9
167.94,-8.9,-11.7,-18.4,-50.4,-17.1
167.95,-8.5,-11.1,-18.6,-49.2,-17.2
167.96,-8.4,-10.8,-20.0,-49.5,-16.5
167.97,-8.5,-11.1,-20.6,-50.0,-15.7
167.98,-9.0,-11.2,-21.5,-51.5,-16.7
167.99,-8.9,-11.7,-21.8,-54.5,-15.9
168.00,-9.0,-11.8,-22.3,-59.0,-15.7
168.01,-9.1,-11.5,-22.6,-59.5,-16.2
168.02,-9.1,-11.6,-22.5,-59.6,-16.0
168.03,-9.1,-11.5,-22.8,-60.1,-16.3
168.04,-9.3,-11.4,-22.7,-60.6,-17.6
168.05,-9.6,-11.6,-22.8,-61.1,-17.9
168.06,-9.7,-11.7,-23.5,-61.4,-18.3
168.07,-9.7,-11.4,-24.9,-62.5,-18.9
168.08,-9.5,-11.2,-21.8,-62.7,-20.2
168.09,-8.9,-10.7,-19.8,-62.5,-20.2
168.10,-8.4,-10.1,-18.9,-62.9,-20.2
168.11,-8.1,-9.7,-18.5,-62.7,-20.0
168.12,-7.9,-9.4,-18.3,-62.7,-19.9
168.13,-7.9,-9.3,-20.3,-62.9,-19.5
168.14,-7.9,-9.0,-22.7,-63.9,-19.9
168.15,-7.8,-9.0,-24.4,-64.1,-19.9
168.16,-8.2,-9.3,-26.5,-64.6,-20.0
168.17,-8.2,-9.2,-28.0,-64.5,-20.2
168.18,-8.6,-9.6,-28.4,-64.3,-20.0
168.19,-9.1,-10.2,-28.2,-64.1,-19.9
168.20,-9.6,-10.7,-28.1,-64.6,-20.4
168.21,-9.7,-10.9,-28.1,-64.8,-20.0
168.22,-9.6,-10.7,-28.4,-64.6,-20.4
168.23,-9.4,-10.5,-28.7,-64.9,-20.3
168.24,-9.0,-10.1,-28.5,-64.8,-20.2
168.25,-8.8,-10.0,-27.9,-64.4,-20.0
168.26,-9.3,-10.5,-27.6,-64.3,-20.5
168.27,-9.7,-11.0,-27.7,-64.5,-20.7
168.28,-10.3,-11.9,-28.5,-64.5,-20.7
168.29,-11.0,-12.5,-29.1,-63.3,-20.7
168.30,-10.8,-12.6,-30.0,-61.4,-19.7
168.31,-10.4,-12.2,-30.8,-60.0,-18.6
168.32,-9.8,-11.4,-31.3,-58.8,-18.1
168.33,-9.4,-11.0,-31.9,-58.0,-17.9
168.34,-9.4,-11.0,-33.0,-56.8,-18.2
168.35,-9.2,-10.9,-33.3,-55.8,-17.6
168.36,-9.4,-11.3,-32.5,-53.9,-16.9
168.37,-9.2,-11.3,-32.5,-52.6,-16.5
168.38,-9.0,-11.2,-32.2,-51.7,-16.1
168.39,-9.2,-11.3,-32.2,-51.9,-16.3
168.40,-9.5,-11.5,-32.7,-51.8,-16.7
168.41,-9.3,-11.2,-33.4,-52.2,-16.9
168.42,-9.9,-12.1,-31.1,-53.6,-16.6
168.43,-9.7,-12.3,-20.2,-53.3,-16.2
168.44,-8.5,-12.2,-14.7,-53.4,-16.0
168.45,-8.4,-13.1,-13.1,-51.4,-16.5
168.46,-8.6,-14.1,-12.5,-51.1,-16.6
168.47,-8.8,-14.8,-12.1,-49.4,-16.7
168.48,-9.5,-16.1,-12.7,-49.7,-16.7
168.49,-10.2,-17.2,-14.5,-48.4,-16.1
168.50,-11.1,-19.1,-16.0,-48.5,-16.0
168.51,-11.6,-20.3,-17.3,-48.0,-15.7
168.52,-11.5,-22.2,-17.3,-47.7,-15.7
168.53,-10.9,-25.6,-14.5,-47.5,-15.8
168.54,-10.6,-28.6,-13.3,-48.0,-16.0
168.55,-10.3,-30.7,-12.4,-47.7,-16.4
168.56,-9.6,-32.4,-11.2,-47.8,-16.8
168.57,-10.4,-34.0,-12.1,-49.2,-17.1
168.58,-11.0,-35.0,-13.2,-50.3,-16.9
168.59,-11.4,-35.3,-14.3,-51.8,-16.1
168.60,-12.0,-36.5,-15.3,-52.8,-16.0
168.61,-11.3,-37.5,-16.2,-48.2,-15.1
168.62,-11.4,-39.1,-16.5,-48.5,-14.7
168.63,-11.5,-40.2,-16.7,-48.5,-14.7
168.64,-11.6,-40.6,-17.5,-48.7,-14.5
168.65,-12.1,-40.1,-19.2,-49.2,-14.9
168.66,-13.2,-39.7,-21.3,-58.9,-15.2
168.67,-13.6,-39.3,-22.0,-60.1,-15.4
168.68,-13.6,-39.4,-21.6,-60.9,-15.6
168.69,-14.0,-39.5,-22.0,-62.9,-15.9
168.70,-13.9,-38.7,-21.7,-62.5,-16.0
168.71,-14.0,-38.1,-21.7,-62.5,-16.0
168.72,-14.2,-37.5,-22.3,-60.4,-16.2
168.73,-14.2,-36.6,-22.7,-59.4,-16.2
168.74,-14.1,-36.1,-23.2,-54.5,-16.1
168.75,-14.1,-36.0,-23.9,-53.0,-15.9
168.76,-14.3,-36.3,-24.7,-52.2,-16.1
168.77,-13.9,-35.5,-22.6,-50.7,-16.5
168.78,-11.4,-36.3,-15.8,-50.3,-16.5
168.79,-10.0,-37.3,-13.0,-50.9,-16.9
168.80,-9.5,-38.0,-12.2,-50.6,-16.9
168.81,-9.1,-38.4,-11.7,-51.9,-16.3
168.82,-9.2,-39.4,-11.7,-52.6,-16.0
168.83,-11.0,-36.3,-14.1,-53.2,-15.9
168.84,-11.7,-28.7,-16.0,-53.3,-15.8
168.85,-12.3,-24.8,-17.1,-55.9,-16.2
168.86,-11.4,-19.2,-18.5,-54.9,-16.2
168.87,-10.3,-18.0,-15.6,-46.8,-16.7
168.88,-9.6,-17.5,-14.1,-45.9,-16.1
168.89,-9.0,-16.6,-13.2,-45.5,-16.3
168.90,-8.6,-17.1,-12.1,-44.8,-16.5
168.91,-8.5,-16.3,-11.7,-45.2,-17.0
168.92,-9.0,-15.0,-12.9,-48.4,-17.2
168.93,-8.8,-12.7,-14.1,-51.4,-18.3
168.94,-8.9,-11.8,-15.4,-51.5,-18.5
168.95,-8.6,-10.4,-17.9,-58.4,-20.0
168.96,-8.1,-9.5,-19.2,-57.2,-20.3
168.97,-7.6,-8.9,-19.6,-57.9,-20.6
168.98,-7.8,-9.1,-20.1,-58.2,-19.8
168.99,-7.6,-8.8,-21.2,-59.0,-19.3
169.00,-7.9,-9.1,-23.1,-59.8,-18.1
169.01,-8.2,-9.4,-24.4,-62.0,-17.7
169.02,-8.1,-9.3,-25.8,-61.9,-17.4
169.03,-8.2,-9.4,-26.2,-62.0,-17.3
169.04,-8.4,-9.7,-25.9,-60.8,-17.4
169.05,-8.7,-10.0,-25.9,-59.9,-17.2
169.06,-8.9,-10.4,-25.8,-59.0,-17.1
169.07,-9.4,-11.1,-25.6,-58.8,-17.2
169.08,-9.8,-11.9,-26.3,-57.6,-17.0
169.09,-10.3,-12.5,-27.2,-57.0,-17.3
169.10,-10.4,-12.7,-28.3,-56.9,-17.1
169.11,-10.5,-12.8,-27.6,-57.0,-17.3
169.12,-10.5,-13.1,-19.7,-57.0,-18.0
169.13,-9.6,-13.0,-15.5,-58.6,-17.8
169.14,-8.5,-11.3,-14.1,-58.6,-18.7
169.15,-7.4,-9.9,-13.5,-58.4,-19.1
169.16,-7.0,-9.0,-13.2,-56.8,-19.0
169.17,-6.9,-8.4,-14.8,-56.5,-19.1
169.18,-7.1,-8.3,-16.8,-56.4,-19.0
169.19,-7.9,-9.1,-18.0,-56.4,-19.2
169.20,-8.7,-10.0,-19.5,-56.3,-19.7
169.21,-8.9,-10.5,-18.6,-57.6,-19.9
169.22,-8.7,-10.8,-16.4,-58.2,-20.3
169.23,-8.4,-10.6,-15.6,-59.1,-20.2
169.24,-8.1,-10.4,-14.8,-59.4,-20.4
169.25,-8.1,-10.5,-13.9,-60.2,-20.3
169.26,-8.6,-10.7,-15.1,-61.9,-20.6
169.27,-9.0,-11.0,-16.3,-61.5,-19.9
169.28,-9.0,-10.7,-17.4,-61.4,-20.1
169.29,-9.3,-10.9,-18.8,-61.4,-20.3
169.30,-9.0,-10.9,-19.5,-60.7,-19.6
169.31,-8.4,-9.9,-19.6,-61.2,-20.0
169.32,-8.3,-9.9,-19.4,-60.6,-19.7
169.33,-8.5,-9.9,-20.1,-60.5,-19.6
169.34,-8.5,-9.8,-21.2,-60.6,-20.3
169.35,-8.6,-9.8,-22.6,-60.7,-19.4
169.36,-9.1,-10.3,-23.3,-59.5,-19.7
169.37,-9.3,-10.7,-23.4,-59.5,-18.7
169.38,-9.4,-10.9,-24.3,-58.0,-18.3
169.39,-9.9,-11.7,-24.5,-57.8,-18.4
169.40,-10.4,-12.6,-25.3,-57.4,-17.3
169.41,-10.9,-13.5,-26.4,-55.2,-17.2
169.42,-11.4,-14.8,-27.1,-54.7,-16.6
169.43,-12.0,-16.0,-28.3,-52.7,-16.1
169.44,-12.4,-17.0,-29.8,-50.4,-16.1
169.45,-12.3,-18.2,-30.7,-49.2,-15.5
169.46,-12.0,-18.2,-25.6,-49.3,-16.0
169.47,-10.3,-16.7,-16.4,-49.3,-16.4
169.48,-9.3,-14.2,-14.8,-48.6,-16.9
169.49,-8.4,-11.5,-14.3,-50.2,-18.4
169.50,-7.5,-9.8,-14.0,-51.9,-18.7
169.51,-7.3,-9.1,-14.6,-52.2,-19.2
169.52,-7.4,-8.7,-16.5,-53.6,-20.3
169.53,-7.7,-8.7,-18.5,-63.0,-20.5
169.54,-8.7,-9.9,-19.2,-63.7,-20.9
169.55,-9.5,-10.8,-20.5,-65.0,-20.8
169.56,-9.1,-10.8,-17.5,-65.7,-21.3
169.57,-9.3,-11.4,-16.2,-65.2,-21.5
169.58,-8.8,-10.8,-15.6,-64.3,-21.7
169.59,-8.3,-10.3,-14.8,-64.3,-21.5
169.60,-8.2,-10.0,-15.0,-64.5,-21.6
169.61,-8.4,-9.8,-16.6,-64.8,-21.1
169.62,-8.4,-9.6,-18.3,-64.7,-20.5
169.63,-8.7,-10.2,-19.5,-66.1,-19.7
169.64,-8.7,-10.1,-21.8,-65.7,-19.8
169.65,-8.2,-9.5,-22.5,-65.0,-19.4
169.66,-8.2,-9.6,-22.1,-64.9,-19.2
169.67,-7.8,-9.3,-21.7,-64.6,-19.0
169.68,-7.8,-9.2,-22.3,-64.6,-19.3
169.69,-7.9,-9.1,-23.3,-65.2,-19.5
169.70,-8.3,-9.7,-23.7,-65.2,-19.3
169.71,-8.7,-10.1,-24.4,-65.5,-19.7
169.72,-9.0,-10.4,-25.1,-65.4,-19.2
169.73,-8.8,-10.3,-25.8,-65.2,-18.9
169.74,-8.5,-9.8,-26.2,-65.1,-18.8
169.75,-8.3,-9.5,-26.8,-65.0,-18.8
169.76,-8.3,-9.5,-28.2,-65.3,-18.5
169.77,-8.7,-10.0,-28.8,-65.4,-18.6
169.78,-9.7,-11.3,-30.7,-65.3,-18.5
169.79,-10.4,-12.5,-33.2,-65.1,-18.0
169.80,-11.2,-14.0,-34.4,-64.2,-17.6
169.81,-11.1,-15.1,-21.6,-63.4,-17.9
169.82,-9.7,-14.5,-15.7,-62.0,-17.8
169.83,-9.0,-13.9,-14.0,-61.7,-17.6
169.84,-8.6,-13.1,-13.4,-59.9,-18.3
169.85,-8.3,-12.3,-12.9,-59.4,-18.2
169.86,-8.5,-11.7,-13.5,-58.7,-18.7
169.87,-9.0,-11.7,-15.6,-57.2,-18.6
169.88,-9.4,-11.8,-16.9,-56.6,-19.1
169.89,-9.6,-11.9,-18.3,-56.3,-18.3
169.90,-9.5,-11.8,-18.1,-53.0,-18.5
169.91,-8.9,-11.6,-15.6,-52.4,-18.3
169.92,-8.6,-11.4,-14.7,-52.1,-18.2
169.93,-8.3,-11.1,-13.6,-52.1,-18.9
169.94,-8.2,-11.3,-12.5,-52.3,-19.5
169.95,-8.4,-11.4,-13.6,-56.1,-19.3
169.96,-8.3,-11.0,-14.8,-56.5,-19.2
169.97,-8.5,-10.7,-15.7,-57.7,-19.6
169.98,-8.4,-10.4,-17.3,-59.1,-19.3
169.99,-8.3,-10.4,-19.1,-59.4,-19.3
170.00,-8.3,-10.5,-19.5,-60.5,-18.8
170.01,-8.7,-11.1,-19.6,-62.1,-18.7
170.02,-9.5,-12.2,-20.7,-65.4,-18.2
170.03,-9.9,-13.3,-21.7,-66.2,-17.7
170.04,-10.4,-14.0,-22.8,-66.6,-17.5
170.05,-11.4,-15.8,-23.2,-65.8,-16.9
170.06,-11.8,-17.2,-23.3,-65.0,-16.4
170.07,-12.6,-18.9,-23.8,-64.7,-16.2
170.08,-13.1,-21.4,-23.7,-64.1,-15.8
170.09,-14.1,-26.1,-24.3,-63.7,-15.9
170.10,-13.8,-26.0,-24.5,-64.0,-15.9
170.11,-13.9,-25.2,-25.1,-64.0,-16.0
170.12,-13.7,-22.7,-25.8,-64.2,-16.2
170.13,-12.8,-18.4,-26.5,-64.6,-16.3
170.14,-11.8,-15.2,-27.6,-64.6,-16.8
170.15,-10.4,-12.4,-26.0,-64.7,-17.2
170.16,-8.9,-11.4,-17.0,-63.1,-18.0
170.17,-8.0,-10.2,-15.4,-61.1,-18.9
170.18,-7.8,-10.0,-14.8,-60.4,-18.9
170.19,-8.0,-10.4,-14.3,-59.3,-18.9
170.20,-8.2,-10.6,-14.7,-58.6,-18.5
170.21,-8.8,-11.0,-16.1,-59.3,-18.0
170.22,-9.2,-11.1,-17.6,-58.8,-17.8
170.23,-9.2,-11.0,-18.5,-57.6,-17.9
170.24,-9.3,-11.3,-18.9,-57.8,-17.9
170.25,-8.8,-10.8,-16.8,-58.4,-18.4
170.26,-8.6,-10.7,-15.8,-58.4,-18.3
170.27,-8.6,-10.9,-15.2,-59.0,-18.1
170.28,-8.5,-11.3,-14.2,-60.2,-18.2
170.29,-9.0,-12.2,-14.3,-60.7,-18.3
170.30,-10.3,-14.0,-15.9,-61.5,-18.1
170.31,-11.3,-15.8,-16.9,-61.5,-18.2
170.32,-11.6,-17.5,-18.1,-60.5,-17.7
170.33,-11.7,-16.9,-21.2,-60.4,-17.3
170.34,-10.9,-14.7,-23.1,-60.3,-17.4
170.35,-10.0,-13.2,-23.1,-60.0,-17.1
170.36,-9.5,-12.2,-23.2,-60.3,-17.3
170.37,-9.6,-11.7,-23.5,-62.3,-17.9
170.38,-9.4,-11.2,-24.1,-63.1,-17.5
170.39,-9.7,-11.6,-23.9,-64.1,-17.6
170.40,-10.1,-11.9,-24.5,-64.0,-17.6
170.41,-10.4,-12.0,-25.3,-64.0,-17.6
170.42,-10.2,-12.2,-25.4,-64.4,-17.3
170.43,-10.3,-12.6,-25.7,-64.1,-17.1
170.44,-10.3,-12.4,-25.9,-63.8,-16.8
170.45,-10.2,-12.2,-26.6,-63.1,-16.6
170.46,-10.0,-11.8,-27.5,-62.6,-16.7
170.47,-9.9,-11.7,-29.1,-62.1,-16.7
170.48,-9.6,-11.4,-31.5,-61.2,-16.8
170.49,-9.2,-11.1,-28.9,-60.6,-17.1
170.50,-8.8,-10.6,-20.6,-60.5,-17.8
170.51,-8.3,-10.5,-16.3,-59.0,-18.3
170.52,-8.2,-10.7,-14.6,-59.0,-19.5
170.53,-8.1,-10.8,-14.1,-58.6,-19.5
170.54,-8.0,-10.4,-13.6,-59.2,-19.8
170.55,-8.6,-10.8,-15.0,-58.9,-19.6
170.56,-8.5,-10.6,-16.7,-53.2,-19.5
170.57,-8.5,-10.0,-17.8,-48.4,-19.9
170.58,-8.4,-9.7,-19.1,-44.7,-19.6
170.59,-8.3,-9.7,-20.4,-44.5,-19.0
170.60,-8.3,-9.7,-22.0,-43.6,-19.2
170.61,-8.6,-10.0,-22.5,-43.9,-19.2
170.62,-8.9,-10.3,-23.1,-45.3,-19.0
170.63,-9.1,-10.7,-23.2,-48.5,-19.3
170.64,-9.5,-11.0,-23.4,-49.2,-19.4
170.65,-9.6,-11.1,-23.8,-53.3,-19.0
170.66,-10.0,-11.7,-25.3,-53.7,-19.0
170.67,-10.0,-12.1,-19.3,-57.9,-20.2
170.68,-9.4,-12.9,-14.8,-56.9,-19.9
170.69,-9.2,-13.6,-13.1,-54.8,-20.5
170.70,-9.0,-14.3,-12.5,-50.2,-19.5
170.71,-8.7,-15.2,-11.8,-39.6,-18.5
170.72,-9.1,-16.4,-12.4,-37.0,-18.0
170.73,-10.1,-17.6,-14.1,-31.7,-17.8
170.74,-11.1,-20.7,-15.8,-30.2,-17.4
170.75,-11.5,-23.4,-17.0,-27.2,-17.3
170.76,-12.9,-24.1,-19.4,-25.8,-17.4
170.77,-13.0,-24.8,-20.8,-24.6,-17.2
170.78,-12.7,-24.2,-21.9,-24.1,-16.9
170.79,-13.0,-24.4,-21.7,-23.9,-16.7
170.80,-12.6,-24.5,-22.2,-23.9,-16.6
170.81,-12.8,-23.6,-22.3,-24.2,-16.7
170.82,-12.4,-21.3,-22.5,-24.0,-16.9
170.83,-11.9,-16.6,-23.6,-24.9,-17.8
170.84,-11.1,-14.6,-25.8,-25.5,-17.7
170.85,-10.0,-12.9,-26.6,-26.6,-17.5
170.86,-8.7,-11.0,-26.8,-28.0,-17.5
170.87,-7.9,-9.7,-27.1,-31.7,-17.5
170.88,-7.8,-9.6,-26.7,-38.1,-16.7
170.89,-8.2,-9.9,-26.3,-53.5,-16.7
170.90,-8.6,-10.2,-26.2,-58.5,-16.6
170.91,-9.0,-10.8,-26.5,-60.2,-16.7
170.92,-9.5,-11.2,-26.5,-63.7,-17.0
170.93,-9.3,-10.8,-27.7,-65.3,-17.4
170.94,-9.1,-10.4,-28.8,-66.0,-17.4
170.95,-9.0,-10.4,-29.8,-66.0,-16.9
170.96,-9.0,-10.5,-31.2,-65.1,-16.7
170.97,-9.1,-10.6,-33.2,-64.3,-16.4
170.98,-9.2,-10.8,-32.2,-64.1,-16.3
170.99,-9.3,-10.9,-32.0,-63.8,-16.4
171.00,-8.9,-10.4,-32.4,-64.0,-16.4
171.01,-8.9,-10.4,-31.7,-64.0,-16.4
171.02,-9.2,-10.7,-31.9,-64.1,-16.4
171.03,-9.3,-10.9,-33.4,-64.3,-16.7
171.04,-9.9,-11.4,-33.5,-64.8,-16.6
171.05,-10.2,-12.1,-32.7,-64.7,-16.8
171.06,-10.4,-12.2,-33.6,-64.8,-16.6
171.07,-10.1,-12.2,-33.5,-64.9,-16.3
171.08,-9.8,-12.1,-31.9,-64.5,-15.7
171.09,-9.7,-12.0,-31.6,-64.1,-15.5
171.10,-9.9,-12.2,-32.7,-63.8,-15.4
171.11,-9.9,-12.6,-32.8,-63.5,-14.9
171.12,-10.2,-12.8,-33.6,-63.4,-15.0
171.13,-10.0,-12.5,-35.7,-63.8,-15.0
171.14,-10.1,-12.5,-36.5,-64.2,-15.2
171.15,-9.8,-12.1,-36.4,-64.5,-15.2
171.16,-9.5,-11.3,-36.6,-63.8,-16.1
171.17,-9.3,-11.2,-37.5,-63.6,-15.8
171.18,-9.2,-10.8,-35.3,-62.2,-17.0
171.19,-8.6,-10.4,-20.6,-61.7,-17.1
171.20,-7.9,-9.8,-17.2,-61.4,-17.7
171.21,-7.7,-9.7,-15.8,-61.8,-18.0
171.22,-7.5,-9.4,-15.3,-61.9,-18.5
171.23,-7.3,-9.1,-14.8,-63.6,-18.3
171.24,-7.6,-9.3,-16.1,-64.3,-18.3
171.25,-8.0,-9.3,-18.4,-65.6,-17.9
171.26,-8.1,-9.4,-19.7,-66.3,-17.7
171.27,-8.2,-9.4,-21.3,-67.6,-17.8
171.28,-8.4,-9.6,-23.9,-68.1,-17.7
171.29,-8.1,-9.0,-24.9,-67.9,-18.2
171.30,-8.0,-8.8,-25.2,-68.1,-18.3
171.31,-8.2,-9.0,-25.1,-68.4,-18.6
171.32,-8.5,-9.3,-24.0,-68.6,-18.8
171.33,-9.3,-10.4,-23.3,-68.5,-18.8
171.34,-10.3,-11.8,-22.8,-68.0,-19.1
171.35,-10.7,-12.6,-22.0,-66.3,-18.6
171.36,-10.2,-12.7,-17.7,-64.4,-19.2
171.37,-9.6,-13.4,-14.1,-63.7,-18.6
171.38,-9.3,-14.0,-13.0,-63.5,-18.6
171.39,-9.3,-15.1,-12.6,-62.6,-17.8
171.40,-9.9,-16.8,-12.3,-62.9,-17.9
171.41,-10.4,-19.2,-13.3,-63.2,-16.4
171.42,-11.7,-22.5,-14.6,-61.8,-16.6
171.43,-12.0,-24.3,-16.2,-61.2,-15.0
171.44,-11.7,-25.3,-17.5,-60.5,-14.5
171.45,-11.4,-26.6,-19.3,-60.0,-13.5
171.46,-11.0,-27.3,-20.5,-59.9,-13.3
171.47,-10.9,-27.7,-21.1,-59.9,-12.9
171.48,-10.8,-27.3,-20.7,-59.9,-13.0
171.49,-10.7,-25.6,-20.1,-60.9,-12.7
171.50,-10.9,-20.3,-20.1,-60.9,-13.3
171.51,-10.4,-18.0,-20.2,-61.7,-13.2
171.52,-10.4,-16.3,-20.3,-62.0,-13.7
171.53,-9.8,-14.5,-21.0,-61.4,-13.8
171.54,-9.0,-12.9,-21.4,-60.8,-14.1
171.55,-8.7,-11.6,-22.5,-61.4,-14.4
171.56,-8.2,-10.8,-23.2,-61.4,-14.4
171.57,-8.3,-10.5,-24.7,-61.2,-15.2
171.58,-8.7,-10.6,-26.1,-62.8,-15.1
171.59,-9.4,-11.3,-26.9,-63.1,-16.0
171.60,-10.1,-12.4,-29.3,-63.0,-15.6
171.61,-11.0,-13.5,-30.3,-63.4,-16.2
171.62,-11.1,-14.3,-30.4,-64.7,-15.3
171.63,-11.4,-15.0,-31.4,-64.9,-15.5
171.64,-11.0,-14.8,-32.1,-65.3,-14.7
171.65,-10.6,-13.7,-33.0,-65.0,-15.1
171.66,-9.9,-12.8,-34.0,-64.7,-14.6
171.67,-9.9,-12.3,-34.4,-64.2,-15.6
171.68,-9.7,-11.9,-34.9,-64.3,-15.4
171.69,-9.9,-11.8,-34.3,-64.2,-16.3
171.70,-10.0,-11.9,-34.4,-64.7,-15.9
171.71,-10.3,-12.3,-34.8,-65.3,-16.2
171.72,-10.4,-12.8,-34.5,-65.0,-15.5
171.73,-10.4,-13.2,-34.2,-65.4,-15.6
171.74,-10.4,-13.6,-34.8,-65.4,-15.0
171.75,-10.4,-13.3,-34.2,-65.8,-15.2
171.76,-9.8,-12.4,-34.1,-65.8,-15.1
171.77,-9.6,-11.7,-35.8,-66.4,-15.4
171.78,-9.4,-11.4,-34.4,-66.3,-15.5
171.79,-9.3,-11.2,-34.6,-66.0,-15.9
171.80,-9.5,-11.4,-36.3,-65.9,-16.0
171.81,-9.6,-11.7,-36.6,-66.2,-16.0
171.82,-9.7,-11.8,-37.2,-65.6,-16.0
171.83,-9.5,-11.6,-39.3,-65.3,-15.8
171.84,-9.8,-11.8,-39.9,-65.5,-16.1
171.85,-9.7,-11.7,-39.7,-65.3,-16.2
171.86,-9.4,-11.0,-40.9,-65.3,-16.7
171.87,-9.1,-10.4,-40.7,-64.9,-17.2
171.88,-8.5,-9.8,-23.3,-63.5,-17.9
171.89,-7.8,-9.3,-17.3,-63.2,-18.3
171.90,-7.7,-9.2,-15.8,-62.6,-19.1
171.91,-7.8,-9.5,-15.1,-61.9,-18.5
171.92,-8.1,-10.1,-14.5,-61.9,-19.1
171.93,-8.5,-10.2,-15.8,-62.5,-18.9
171.94,-8.9,-10.4,-17.8,-63.1,-19.5
171.95,-9.0,-10.3,-19.1,-63.8,-19.3
171.96,-8.8,-9.8,-21.1,-65.1,-20.2
171.97,-9.1,-9.9,-23.0,-67.0,-20.4
171.98,-9.1,-10.0,-24.5,-67.2,-20.0
171.99,-8.8,-9.6,-25.6,-67.1,-19.7
172.00,-9.1,-10.0,-25.2,-68.0,-19.4
172.01,-9.2,-10.1,-24.3,-67.8,-19.3
172.02,-9.0,-10.1,-24.2,-67.8,-18.6
172.03,-9.4,-10.6,-24.1,-67.7,-18.5
172.04,-9.8,-11.5,-23.2,-67.4,-18.0
172.05,-9.8,-12.3,-17.7,-66.3,-18.1
172.06,-9.6,-13.5,-14.9,-65.6,-18.3
172.07,-9.6,-14.6,-13.7,-63.4,-18.4
172.08,-9.5,-16.3,-13.2,-62.4,-16.3
172.09,-9.4,-18.6,-12.8,-62.1,-15.4
172.10,-10.2,-20.4,-13.7,-61.6,-14.6
172.11,-10.5,-23.2,-15.4,-62.0,-13.6
172.12,-11.3,-24.2,-16.8,-62.2,-13.7
172.13,-12.0,-24.4,-18.0,-62.9,-14.3
172.14,-12.5,-24.5,-19.9,-63.8,-14.3
172.15,-13.1,-25.0,-21.5,-63.3,-15.0
172.16,-13.0,-25.5,-22.3,-63.3,-14.7
172.17,-12.7,-25.6,-22.5,-63.9,-14.6
172.18,-13.1,-27.0,-22.6,-63.9,-14.7
172.19,-13.3,-27.8,-23.2,-64.9,-14.7
172.20,-13.5,-28.5,-23.5,-65.6,-14.9
172.21,-13.3,-25.5,-25.2,-66.5,-15.0
172.22,-12.6,-19.1,-28.1,-67.1,-15.7
172.23,-10.6,-13.8,-29.8,-66.6,-16.0
172.24,-9.3,-12.1,-29.0,-65.5,-16.3
172.25,-8.5,-10.7,-28.7,-65.3,-16.9
172.26,-8.2,-10.1,-27.6,-64.5,-16.8
172.27,-8.0,-9.8,-27.6,-63.6,-16.6
172.28,-8.5,-10.6,-27.7,-63.9,-15.6
172.29,-8.9,-10.7,-28.0,-64.0,-16.0
172.30,-9.1,-11.1,-28.9,-64.2,-15.4
172.31,-9.2,-11.2,-30.3,-65.0,-15.6
172.32,-9.2,-11.1,-31.6,-65.6,-15.6
172.33,-9.2,-11.0,-34.1,-65.5,-15.8
172.34,-9.1,-10.7,-36.5,-65.2,-16.0
172.35,-8.8,-10.5,-36.8,-64.9,-15.9
172.36,-8.8,-10.6,-37.0,-65.0,-15.9
172.37,-8.8,-10.4,-36.3,-64.8,-15.9
172.38,-8.7,-10.5,-35.2,-65.4,-15.8
172.39,-8.9,-10.7,-36.8,-64.8,-16.0
172.40,-8.8,-10.5,-36.3,-65.1,-16.2
172.41,-8.8,-10.3,-35.3,-64.6,-16.3
172.42,-8.7,-10.2,-35.9,-64.0,-16.6
172.43,-8.8,-10.3,-35.1,-63.7,-16.8
172.44,-9.1,-10.5,-34.7,-64.0,-17.2
172.45,-9.4,-10.8,-35.2,-64.1,-17.0
172.46,-9.7,-11.3,-34.5,-64.1,-17.3
172.47,-9.7,-11.4,-35.1,-64.6,-16.9
172.48,-9.0,-10.6,-35.6,-65.4,-16.6
172.49,-8.7,-10.0,-33.8,-65.0,-16.7
172.50,-8.1,-9.3,-32.7,-64.5,-16.7
172.51,-7.8,-8.9,-32.9,-64.4,-16.7
172.52,-7.7,-8.7,-32.9,-63.9,-16.8
172.53,-8.0,-9.0,-33.6,-63.9,-16.9
172.54,-8.1,-9.2,-37.3,-63.9,-16.8
172.55,-8.3,-9.5,-40.7,-63.8,-16.6
172.56,-8.4,-9.6,-39.3,-63.5,-17.0
172.57,-8.3,-9.7,-21.5,-63.3,-17.2
172.58,-7.8,-9.6,-17.1,-63.1,-17.7
172.59,-7.7,-9.6,-15.4,-63.5,-17.8
172.60,-7.6,-9.7,-14.7,-63.8,-17.7
172.61,-7.5,-9.6,-14.1,-63.8,-17.3
172.62,-7.5,-9.3,-15.3,-62.9,-17.1
172.63,-7.6,-9.1,-17.4,-61.8,-16.7
172.64,-7.5,-9.1,-18.8,-61.8,-16.3
172.65,-8.0,-9.4,-20.8,-61.8,-16.6
172.66,-8.3,-9.7,-23.6,-62.1,-16.8
172.67,-8.3,-9.7,-25.0,-63.5,-16.3
172.68,-8.7,-10.0,-25.6,-64.3,-16.5
172.69,-8.7,-9.8,-25.7,-64.9,-17.4
172.70,-8.6,-9.6,-24.7,-64.9,-17.7
172.71,-9.0,-10.0,-23.8,-65.6,-18.1
172.72,-9.7,-10.7,-23.4,-65.7,-19.0
172.73,-9.9,-11.0,-23.0,-65.8,-19.8
172.74,-9.3,-11.1,-16.9,-65.3,-20.5
172.75,-8.8,-10.9,-15.5,-64.4,-20.9
172.76,-8.5,-11.2,-14.5,-64.3,-20.0
172.77,-8.7,-11.8,-14.1,-64.0,-19.2
172.78,-8.8,-12.7,-13.5,-64.7,-18.3
172.79,-9.9,-13.9,-15.2,-64.6,-17.3
172.80,-10.4,-16.2,-15.4,-64.8,-16.6
172.81,-11.1,-17.4,-17.0,-64.1,-15.5
172.82,-11.2,-18.8,-17.6,-63.0,-15.4
172.83,-11.7,-20.8,-19.4,-62.3,-14.9
172.84,-12.1,-23.7,-20.4,-62.1,-14.6
172.85,-12.0,-25.2,-20.9,-62.0,-14.5
172.86,-12.1,-26.3,-20.3,-62.3,-14.8
172.87,-12.7,-27.6,-20.4,-62.6,-15.3
172.88,-12.8,-27.2,-19.9,-62.6,-15.9
172.89,-12.0,-20.4,-19.9,-62.7,-16.2
172.90,-12.1,-16.5,-21.4,-62.7,-17.4
172.91,-10.5,-13.6,-20.7,-62.3,-18.1
172.92,-9.2,-11.7,-16.7,-62.3,-18.2
172.93,-8.3,-10.6,-15.2,-62.7,-18.5
172.94,-7.7,-9.6,-14.9,-62.8,-18.8
172.95,-7.4,-9.3,-14.3,-62.9,-18.8
172.96,-7.5,-9.3,-14.9,-63.9,-18.4
172.97,-7.6,-9.2,-16.5,-63.1,-17.9
172.98,-7.9,-9.4,-18.4,-63.1,-17.6
172.99,-8.4,-10.1,-19.1,-63.3,-17.4
173.00,-8.9,-10.5,-21.7,-63.3,-17.3
173.01,-8.7,-10.3,-22.9,-63.2,-16.9
173.02,-8.7,-10.3,-24.4,-62.6,-16.8
173.03,-8.6,-10.0,-24.6,-62.9,-17.1
173.04,-8.6,-9.8,-25.2,-62.9,-17.2
173.05,-8.8,-10.2,-24.2,-62.8,-17.1
173.06,-8.8,-10.3,-24.3,-63.4,-16.8
173.07,-9.1,-10.5,-24.7,-63.4,-17.4
173.08,-9.3,-11.0,-25.4,-61.2,-17.4
173.09,-9.1,-10.6,-29.0,-60.7,-17.0
173.10,-8.8,-10.4,-27.7,-60.5,-17.2
173.11,-8.8,-10.3,-28.0,-60.2,-17.7
173.12,-8.4,-10.0,-27.0,-61.0,-17.4
173.13,-7.9,-9.3,-26.1,-61.6,-17.2
173.14,-7.8,-9.1,-26.3,-62.1,-17.7
173.15,-7.6,-8.8,-26.9,-62.2,-17.7
173.16,-7.8,-9.0,-27.5,-62.2,-17.0
173.17,-7.8,-9.0,-29.7,-62.9,-17.2
173.18,-8.2,-9.3,-31.4,-63.2,-17.3
173.19,-8.6,-9.8,-33.7,-64.5,-16.9
173.20,-8.7,-10.1,-35.5,-64.8,-16.5
173.21,-9.1,-10.6,-36.6,-65.6,-16.6
173.22,-9.6,-11.4,-36.2,-65.6,-16.2
173.23,-9.9,-12.1,-35.9,-65.5,-15.7
173.24,-9.5,-11.8,-35.7,-65.2,-15.2
173.25,-9.0,-11.2,-36.3,-64.9,-15.0
173.26,-8.2,-10.0,-36.3,-64.7,-14.8
173.27,-7.8,-9.2,-36.5,-64.8,-15.2
173.28,-7.2,-8.6,-37.9,-64.8,-15.7
173.29,-7.2,-8.3,-38.0,-65.0,-16.3
173.30,-7.3,-8.3,-37.1,-65.0,-16.0
173.31,-7.3,-8.3,-37.5,-65.0,-16.1
173.32,-7.3,-8.3,-36.1,-65.3,-15.7
173.33,-7.0,-8.0,-34.7,-64.4,-15.7
173.34,-6.7,-7.7,-35.5,-64.0,-15.0
173.35,-6.9,-7.8,-35.6,-63.9,-15.1
173.36,-6.9,-8.1,-36.4,-63.7,-14.9
173.37,-7.2,-8.6,-38.1,-63.6,-15.0
173.38,-8.1,-9.7,-38.6,-63.8,-14.7
173.39,-8.5,-10.6,-38.3,-64.7,-14.5
173.40,-9.4,-11.8,-38.2,-64.8,-14.6
173.41,-9.6,-12.8,-38.3,-64.4,-14.2
173.42,-9.6,-12.5,-39.1,-64.7,-14.3
173.43,-9.4,-12.0,-39.9,-64.2,-15.0
173.44,-9.2,-11.2,-39.7,-64.2,-16.0
173.45,-8.6,-10.1,-40.5,-64.4,-17.1
173.46,-8.5,-9.6,-41.5,-64.4,-18.4
173.47,-8.7,-9.7,-41.8,-65.3,-20.3
173.48,-8.7,-9.6,-40.6,-65.3,-20.9
173.49,-9.0,-9.9,-38.7,-65.8,-21.7
173.50,-8.9,-9.9,-36.4,-66.3,-21.9
173.51,-8.9,-9.8,-35.0,-67.0,-21.7
173.52,-9.3,-10.2,-33.9,-67.0,-22.3
173.53,-9.2,-10.1,-33.3,-67.4,-22.5
173.54,-9.5,-10.5,-33.1,-67.9,-21.8
173.55,-10.3,-11.5,-32.5,-68.1,-21.3
173.56,-10.8,-12.2,-32.1,-68.6,-20.9
173.57,-11.4,-13.2,-31.7,-68.9,-20.5
173.58,-13.0,-15.4,-31.5,-68.7,-20.0
173.59,-13.2,-15.8,-31.1,-68.1,-20.1
173.60,-12.2,-15.0,-22.4,-67.5,-20.0
173.61,-10.2,-13.9,-15.8,-66.7,-20.0
173.62,-9.2,-12.5,-14.4,-66.4,-20.4
173.63,-8.2,-11.1,-14.0,-66.4,-20.3
173.64,-8.0,-10.7,-13.5,-66.4,-20.8
173.65,-8.0,-10.2,-14.1,-66.8,-21.3
173.66,-8.1,-9.6,-16.4,-66.7,-21.5
173.67,-8.3,-9.7,-18.3,-66.3,-21.2
173.68,-8.5,-9.5,-19.5,-65.9,-21.6
173.69,-8.3,-9.3,-21.7,-65.8,-21.1
173.70,-8.3,-9.2,-24.0,-65.7,-21.2
173.71,-8.5,-9.4,-25.5,-65.8,-20.9
173.72,-8.1,-8.9,-26.3,-66.8,-21.0
173.73,-8.2,-9.2,-25.3,-67.2,-20.3
173.74,-7.9,-8.9,-25.7,-67.2,-20.2
173.75,-8.3,-9.3,-25.9,-67.4,-19.9
173.76,-8.3,-9.4,-27.0,-67.1,-20.0
173.77,-8.8,-9.9,-29.6,-66.8,-20.1
173.78,-8.8,-9.8,-32.1,-66.5,-20.4
173.79,-8.8,-9.8,-31.4,-66.8,-20.2
173.80,-8.6,-9.4,-29.4,-66.6,-20.4
173.81,-8.8,-9.7,-28.3,-66.9,-20.2
173.82,-8.8,-9.7,-27.6,-67.2,-20.6
173.83,-9.3,-10.1,-27.7,-66.9,-20.4
173.84,-9.9,-10.9,-28.0,-67.4,-20.0
173.85,-10.3,-11.4,-29.4,-67.2,-19.5
173.86,-9.9,-11.1,-30.9,-67.6,-18.9
173.87,-9.9,-11.3,-32.7,-67.5,-18.5
173.88,-9.4,-10.7,-34.3,-67.6,-18.7
173.89,-8.9,-10.1,-37.1,-67.2,-19.0
173.90,-8.6,-9.6,-39.1,-67.3,-19.0
173.91,-8.7,-9.7,-38.2,-67.4,-18.9
173.92,-8.7,-9.8,-36.8,-67.7,-18.6
173.93,-9.0,-10.2,-36.3,-68.0,-18.4
173.94,-9.1,-10.4,-36.4,-68.1,-18.3
173.95,-9.4,-10.6,-36.8,-68.2,-18.5
173.96,-9.5,-10.7,-37.7,-68.4,-18.2
173.97,-9.9,-11.1,-40.0,-68.4,-18.0
173.98,-9.8,-11.1,-41.1,-68.1,-18.0
173.99,-9.7,-11.0,-37.6,-68.1,-17.8
174.00,-9.5,-10.7,-35.6,-68.0,-17.8
174.01,-9.4,-10.5,-35.1,-67.8,-18.0
174.02,-9.5,-10.8,-34.7,-67.4,-17.5
174.03,-9.6,-11.0,-34.8,-67.2,-17.2
174.04,-9.8,-11.3,-37.0,-66.8,-17.0
174.05,-10.3,-12.2,-39.0,-66.4,-16.7
174.06,-10.0,-11.9,-39.9,-66.1,-16.7
174.07,-9.9,-11.7,-40.8,-66.3,-16.8
174.08,-10.2,-12.3,-41.6,-66.6,-16.8
174.09,-10.2,-12.3,-42.1,-66.9,-16.9
174.10,-10.2,-12.0,-43.1,-67.0,-17.3
174.11,-9.9,-11.3,-43.4,-67.0,-18.0
174.12,-9.6,-10.7,-43.4,-67.2,-18.8
174.13,-9.1,-9.9,-43.9,-67.1,-19.3
174.14,-8.6,-9.3,-45.1,-67.2,-19.7
174.15,-8.1,-8.8,-45.5,-67.2,-19.5
174.16,-7.9,-8.7,-46.3,-67.2,-19.2
174.17,-7.7,-8.4,-46.8,-66.8,-19.4
174.18,-7.6,-8.4,-47.2,-66.7,-19.6
174.19,-7.9,-8.6,-48.1,-66.8,-19.7
174.20,-8.2,-9.0,-48.9,-66.8,-19.9
174.21,-8.7,-9.6,-49.5,-67.2,-19.5
174.22,-9.2,-10.1,-50.0,-67.7,-19.2
174.23,-9.4,-10.4,-50.5,-68.1,-18.9
174.24,-9.7,-10.7,-51.2,-68.4,-18.7
174.25,-9.7,-10.7,-52.0,-68.6,-18.5
174.26,-9.8,-10.9,-52.1,-68.5,-18.0
174.27,-10.1,-11.5,-52.1,-68.3,-17.6
174.28,-10.3,-11.8,-51.7,-68.3,-17.4
174.29,-10.6,-12.3,-51.6,-68.2,-17.2
174.30,-10.3,-12.0,-51.1,-68.1,-17.2
174.31,-10.2,-11.8,-50.6,-67.8,-17.4
174.32,-9.8,-11.3,-50.4,-67.8,-17.7
174.33,-9.4,-10.7,-50.3,-67.6,-17.9
174.34,-9.4,-10.4,-50.7,-67.6,-18.4
174.35,-9.5,-10.6,-50.9,-67.7,-18.4
174.36,-9.5,-10.7,-51.3,-67.9,-17.8
174.37,-9.5,-10.7,-51.8,-67.8,-17.5
174.38,-9.5,-11.0,-52.4,-67.9,-17.2
174.39,-9.2,-10.6,-52.6,-67.7,-17.2
174.40,-8.6,-9.8,-53.4,-67.9,-17.4
174.41,-8.2,-9.4,-54.3,-67.8,-17.5
174.42,-7.9,-9.0,-55.0,-67.3,-17.6
174.43,-7.7,-8.8,-55.9,-67.3,-17.6
174.44,-7.8,-8.9,-57.0,-67.5,-17.6
174.45,-8.0,-9.2,-57.0,-67.6,-17.5
174.46,-8.1,-9.5,-57.0,-68.1,-17.1
174.47,-8.2,-9.6,-56.9,-68.6,-16.8
174.48,-8.4,-9.8,-57.1,-68.6,-16.9
174.49,-8.7,-10.0,-57.5,-68.3,-16.9
174.50,-8.5,-9.7,-58.2,-67.7,-17.0
174.51,-8.5,-9.7,-58.8,-67.5,-16.9
174.52,-8.6,-10.0,-59.2,-67.1,-17.0
174.53,-8.8,-10.3,-59.3,-67.1,-16.8
174.54,-8.8,-10.5,-59.6,-67.3,-16.8
174.55,-9.0,-11.0,-59.8,-67.6,-16.4
174.56,-9.4,-11.5,-59.7,-67.9,-16.3
174.57,-9.8,-11.9,-59.3,-68.3,-16.5
174.58,-9.9,-12.1,-59.1,-68.4,-16.1
174.59,-9.9,-12.1,-58.7,-68.3,-16.1
174.60,-9.8,-11.8,-58.0,-68.1,-16.1
174.61,-9.6,-11.6,-57.9,-67.9,-15.9
174.62,-9.4,-11.3,-57.5,-67.9,-16.1
174.63,-9.3,-11.0,-57.2,-67.9,-16.4
174.64,-9.0,-10.5,-57.3,-67.9,-16.5
174.65,-8.9,-10.3,-57.8,-67.7,-16.8
174.66,-8.7,-10.1,-58.4,-68.0,-16.9
174.67,-8.6,-9.9,-59.1,-68.1,-17.2
174.68,-8.7,-10.0,-59.5,-68.0,-17.2
174.69,-8.7,-10.0,-59.2,-68.2,-17.0
174.70,-8.8,-10.1,-59.2,-67.6,-16.8
174.71,-9.0,-10.5,-58.6,-67.7,-16.8
174.72,-9.5,-11.2,-57.7,-67.5,-16.4
174.73,-9.9,-12.0,-56.7,-67.8,-16.3
174.74,-10.5,-13.3,-55.9,-67.4,-16.0
174.75,-10.7,-13.7,-55.7,-67.5,-15.9
174.76,-10.1,-12.8,-55.6,-66.9,-15.8
174.77,-10.0,-12.5,-55.9,-66.6,-15.8
174.78,-9.9,-12.2,-56.5,-66.1,-15.8
174.79,-9.7,-11.9,-57.3,-66.2,-15.8
174.80,-9.8,-12.0,-57.7,-65.8,-15.8
174.81,-10.1,-12.5,-57.9,-65.8,-15.8
174.82,-10.2,-12.6,-58.4,-66.2,-15.9
174.83,-10.0,-12.3,-58.3,-66.1,-16.0
174.84,-10.0,-12.2,-58.4,-66.4,-16.3
174.85,-9.8,-11.9,-58.8,-66.8,-16.5
174.86,-9.6,-11.5,-59.1,-66.9,-16.6
174.87,-9.5,-11.4,-59.5,-66.9,-16.6
174.88,-9.2,-11.0,-60.6,-67.0,-16.7
174.89,-9.1,-10.8,-61.0,-67.1,-16.8
174.90,-9.1,-10.7,-61.3,-67.1,-16.8
174.91,-9.3,-11.0,-61.3,-67.5,-16.8
174.92,-9.1,-10.8,-60.7,-67.5,-16.9
174.93,-9.2,-10.9,-60.2,-67.6,-16.9
174.94,-9.5,-11.1,-59.9,-67.6,-17.2
174.95,-9.4,-11.0,-59.7,-67.5,-17.3
174.96,-9.4,-11.1,-59.6,-67.7,-17.3
174.97,-9.7,-11.4,-59.8,-67.8,-17.5
174.98,-9.6,-11.3,-59.8,-67.6,-17.4
174.99,-9.9,-11.7,-59.5,-67.9,-17.2
175.00,-10.2,-12.1,-59.4,-67.8,-17.0
175.01,-10.5,-12.5,-59.5,-67.9,-16.9
175.02,-10.6,-12.9,-59.9,-68.3,-16.6
175.03,-10.6,-12.8,-60.3,-68.5,-16.7
175.04,-10.2,-12.5,-60.9,-68.9,-16.3
175.05,-9.9,-12.2,-61.0,-68.8,-16.0
175.06,-9.5,-11.7,-60.8,-68.5,-15.6
175.07,-9.3,-11.5,-60.6,-67.8,-15.5
175.08,-9.0,-11.3,-60.1,-67.5,-15.2
175.09,-8.8,-11.0,-60.0,-67.2,-15.4
175.10,-8.3,-10.5,-59.9,-67.2,-15.3
175.11,-8.3,-10.4,-60.0,-67.2,-15.4
175.12,-8.3,-10.4,-60.1,-67.2,-15.5
175.13,-8.0,-10.0,-60.2,-67.5,-15.9
175.14,-8.0,-9.8,-60.6,-67.7,-16.3
175.15,-8.0,-9.8,-60.8,-67.7,-16.4
175.16,-8.2,-10.0,-61.4,-67.9,-16.6
175.17,-8.6,-10.3,-61.3,-67.8,-16.5
175.18,-8.9,-10.7,-60.5,-67.6,-16.5
175.19,-9.1,-11.0,-60.1,-67.5,-16.6
175.20,-9.4,-11.4,-59.8,-67.5,-16.4
175.21,-9.5,-11.3,-59.8,-67.8,-16.4
175.22,-9.4,-11.3,-59.5,-67.8,-16.6
175.23,-9.7,-11.7,-59.8,-67.9,-16.5
175.24,-9.8,-11.8,-59.8,-67.5,-16.2
175.25,-9.5,-11.5,-59.6,-67.4,-16.2
175.26,-9.4,-11.4,-59.6,-67.4,-16.2
175.27,-9.4,-11.3,-59.8,-67.4,-16.2
175.28,-9.3,-11.2,-59.3,-68.0,-16.2
175.29,-9.5,-11.5,-58.0,-68.0,-16.3
175.30,-9.7,-11.6,-57.0,-68.5,-16.5
175.31,-9.9,-11.8,-55.7,-68.4,-16.6
175.32,-9.8,-11.9,-54.8,-69.0,-16.4
175.33,-9.9,-12.0,-54.8,-69.3,-16.4
175.34,-9.6,-11.6,-55.0,-69.4,-16.2
175.35,-9.9,-11.9,-55.0,-69.4,-16.2
175.36,-10.0,-12.1,-55.7,-69.5,-16.0
175.37,-9.8,-11.8,-56.3,-69.2,-15.7
175.38,-9.7,-11.6,-56.4,-69.0,-16.0
175.39,-9.8,-11.7,-56.7,-68.8,-15.9
175.40,-9.8,-11.8,-56.9,-68.7,-15.8
175.41,-9.9,-11.9,-56.2,-68.8,-15.8
175.42,-10.3,-12.6,-55.5,-68.7,-15.7
175.43,-10.0,-12.0,-54.5,-68.5,-16.0
175.44,-9.9,-11.8,-53.6,-68.3,-16.2
175.45,-9.4,-11.3,-52.9,-68.6,-16.2
175.46,-9.1,-10.8,-52.6,-68.4,-16.5
175.47,-8.9,-10.5,-52.2,-68.3,-16.8
175.48,-9.0,-10.9,-51.9,-68.6,-16.7
175.49,-8.9,-10.7,-52.0,-68.6,-16.6
175.50,-8.6,-10.5,-51.6,-68.3,-16.3
175.51,-8.5,-10.6,-51.4,-68.4,-15.7
175.52,-8.3,-10.3,-51.1,-68.4,-15.4
175.53,-8.1,-10.2,-50.6,-68.6,-15.2
175.54,-8.2,-10.4,-50.2,-69.4,-15.2
175.55,-8.4,-10.5,-50.0,-69.5,-15.3
175.56,-8.4,-10.6,-49.9,-69.8,-15.2
175.57,-8.4,-10.8,-50.1,-69.9,-14.8
175.58,-8.5,-10.8,-50.2,-69.5,-14.8
175.59,-8.4,-10.6,-50.2,-68.6,-14.9
175.60,-8.3,-10.5,-50.5,-68.2,-15.0
175.61,-8.4,-10.4,-50.3,-67.9,-15.1
175.62,-8.4,-10.6,-50.0,-67.5,-15.1
175.63,-8.5,-10.8,-49.5,-67.5,-15.1
175.64,-8.7,-10.9,-48.6,-67.8,-15.5
175.65,-9.0,-11.2,-48.4,-68.4,-15.9
175.66,-8.8,-10.8,-48.4,-68.4,-16.3
175.67,-9.0,-10.7,-48.3,-68.9,-16.9
175.68,-8.8,-10.5,-48.3,-69.4,-17.1
175.69,-8.8,-10.5,-48.5,-69.3,-17.2
175.70,-8.9,-10.4,-48.4,-69.1,-17.4
175.71,-9.1,-10.6,-48.5,-68.9,-17.7
175.72,-9.2,-10.7,-49.1,-69.0,-18.1
175.73,-8.8,-10.1,-49.7,-68.9,-18.4
175.74,-8.7,-10.1,-50.7,-68.6,-18.2
175.75,-8.4,-9.7,-52.3,-68.4,-18.4
175.76,-8.6,-9.8,-54.2,-68.4,-18.5
175.77,-8.6,-9.6,-56.5,-68.3,-18.8
175.78,-8.7,-9.8,-58.7,-68.5,-18.7
175.79,-9.4,-10.5,-59.0,-69.0,-18.7
175.80,-10.1,-11.4,-58.4,-68.9,-18.1
175.81,-10.5,-12.2,-54.8,-69.0,-17.5
175.82,-11.6,-13.7,-45.9,-68.6,-17.4
175.83,-12.8,-15.6,-39.4,-68.5,-17.4
175.84,-12.4,-16.3,-23.0,-66.3,-17.3
175.85,-10.0,-18.2,-12.6,-66.1,-17.7
175.86,-9.1,-20.1,-10.6,-65.8,-18.5
175.87,-8.9,-21.7,-9.9,-66.1,-19.2
175.88,-8.5,-24.1,-9.2,-67.3,-20.5
175.89,-8.8,-25.0,-9.5,-69.2,-21.3
175.90,-10.4,-25.6,-11.0,-70.2,-21.4
175.91,-10.8,-26.1,-11.8,-70.7,-21.5
175.92,-11.8,-27.1,-13.0,-71.0,-21.5
175.93,-13.4,-27.2,-14.8,-71.5,-21.1
175.94,-14.0,-28.2,-15.1,-71.6,-21.3
175.95,-15.2,-28.4,-17.1,-72.5,-20.8
175.96,-15.8,-29.4,-18.0,-73.4,-20.9
175.97,-15.1,-29.7,-16.4,-73.7,-20.8
175.98,-15.1,-29.9,-16.8,-73.2,-20.4
175.99,-15.2,-30.3,-17.2,-73.1,-20.9
176.00,-14.5,-31.4,-16.2,-72.0,-20.8
176.01,-14.2,-31.8,-15.7,-70.7,-21.0
176.02,-11.5,-33.8,-12.5,-69.7,-22.3
176.03,-9.5,-35.4,-10.0,-69.7,-22.4
176.04,-9.1,-35.3,-9.6,-68.7,-23.0
176.05,-8.5,-35.8,-8.8,-68.8,-24.6
176.06,-8.6,-36.6,-8.9,-69.2,-24.8
176.07,-10.1,-36.2,-10.8,-69.8,-23.9
176.08,-10.8,-37.0,-11.7,-69.4,-22.6
176.09,-11.9,-38.0,-12.7,-69.1,-22.8
176.10,-12.9,-37.9,-14.4,-68.8,-22.0
176.11,-13.0,-38.6,-14.9,-68.9,-20.9
176.12,-14.8,-37.8,-16.3,-68.3,-21.3
176.13,-15.3,-36.8,-18.5,-69.3,-20.1
176.14,-14.4,-36.6,-17.3,-68.6,-19.9
176.15,-14.8,-36.8,-17.0,-69.2,-20.0
176.16,-14.9,-37.3,-17.4,-69.2,-19.3
176.17,-14.7,-39.0,-16.9,-69.6,-19.4
176.18,-14.5,-40.2,-16.2,-69.5,-19.7
176.19,-12.3,-41.7,-13.0,-69.4,-19.7
176.20,-9.8,-42.2,-10.6,-69.4,-20.3
176.21,-9.6,-42.7,-10.1,-69.4,-20.6
176.22,-9.0,-42.6,-9.4,-68.9,-21.4
176.23,-9.0,-43.3,-9.4,-69.2,-22.4
176.24,-9.7,-43.1,-10.6,-69.8,-22.4
176.25,-11.5,-42.2,-12.2,-69.9,-22.6
176.26,-12.2,-41.7,-12.9,-70.4,-22.5
176.27,-13.5,-41.6,-14.9,-71.2,-21.3
176.28,-14.3,-41.7,-15.3,-70.4,-21.6
176.29,-14.7,-42.4,-16.6,-68.9,-21.4
176.30,-16.2,-43.5,-18.4,-68.3,-21.4
176.31,-16.2,-43.8,-17.6,-67.6,-21.3
176.32,-15.2,-40.0,-17.1,-67.2,-21.0
176.33,-15.3,-29.0,-17.8,-67.2,-21.1
176.34,-15.8,-22.9,-17.8,-67.9,-21.1
176.35,-13.7,-18.1,-17.5,-67.3,-20.4
176.36,-12.3,-14.9,-18.8,-67.2,-19.7
176.37,-11.1,-13.1,-18.7,-66.1,-19.0
176.38,-10.2,-12.0,-19.1,-65.9,-18.4
176.39,-9.8,-11.3,-21.0,-65.8,-18.4
176.40,-9.8,-11.6,-20.1,-65.9,-18.5
176.41,-10.0,-11.8,-20.6,-66.5,-19.3
176.42,-10.0,-11.6,-21.5,-66.8,-19.5
176.43,-9.6,-11.0,-22.1,-66.8,-19.9
176.44,-9.3,-10.5,-22.4,-66.6,-20.2
176.45,-9.1,-10.1,-24.0,-66.5,-19.8
176.46,-9.2,-10.2,-25.2,-66.5,-20.0
176.47,-9.8,-10.7,-25.3,-66.5,-20.4
176.48,-10.2,-11.4,-25.8,-66.5,-20.3
176.49,-10.8,-11.9,-25.8,-66.9,-20.7
176.50,-11.2,-12.4,-25.4,-67.6,-20.9
176.51,-11.2,-12.3,-25.5,-67.8,-20.9
176.52,-10.9,-11.9,-25.5,-67.5,-21.2
176.53,-10.6,-11.7,-26.0,-67.5,-21.2
176.54,-10.5,-11.7,-26.6,-67.6,-21.1
176.55,-10.3,-11.3,-27.7,-67.3,-21.7
176.56,-10.4,-11.4,-28.4,-67.7,-21.5
176.57,-10.3,-11.2,-28.3,-67.9,-21.6
176.58,-10.2,-11.0,-28.1,-68.2,-22.0
176.59,-10.0,-10.8,-28.0,-68.0,-22.2
176.60,-10.1,-10.8,-28.1,-67.9,-22.3
176.61,-10.4,-11.2,-28.0,-68.1,-22.4
176.62,-10.7,-11.5,-28.0,-68.2,-22.3
176.63,-11.1,-11.9,-27.9,-68.4,-22.4
176.64,-11.1,-12.0,-27.9,-68.7,-22.4
176.65,-11.2,-12.1,-27.2,-68.9,-22.1
176.66,-10.6,-11.4,-26.8,-69.0,-21.9
176.67,-9.3,-9.9,-27.0,-69.2,-22.0
176.68,-8.5,-8.9,-27.0,-68.4,-22.2
176.69,-8.0,-8.5,-27.0,-68.5,-22.0
176.70,-7.8,-8.2,-27.2,-67.8,-21.9
176.71,-8.3,-9.0,-27.1,-67.7,-21.8
176.72,-9.1,-9.8,-26.9,-67.8,-21.5
176.73,-9.8,-10.5,-26.8,-68.4,-21.4
176.74,-10.3,-10.9,-26.7,-68.3,-21.2
176.75,-10.4,-11.0,-26.9,-68.9,-21.5
176.76,-10.2,-10.8,-27.0,-68.9,-21.7
176.77,-10.1,-10.6,-27.0,-69.0,-21.6
176.78,-10.1,-10.6,-27.0,-69.1,-21.4
176.79,-10.1,-10.6,-27.0,-68.7,-21.6
176.80,-10.4,-11.0,-26.7,-68.6,-21.9
176.81,-10.9,-11.5,-27.2,-68.8,-21.2
176.82,-11.1,-12.0,-27.3,-68.5,-20.8
176.83,-10.8,-11.6,-27.3,-68.4,-20.4
176.84,-10.5,-11.4,-27.4,-68.1,-19.9
176.85,-10.3,-11.1,-27.3,-68.1,-19.6
176.86,-9.7,-10.4,-27.4,-68.1,-19.4
176.87,-9.7,-10.5,-27.3,-68.2,-19.5
176.88,-10.1,-10.9,-27.8,-68.1,-19.3
176.89,-10.1,-11.0,-28.6,-67.7,-19.4
176.90,-10.2,-11.2,-29.3,-67.3,-19.7
176.91,-10.6,-11.5,-29.5,-67.4,-20.0
176.92,-11.2,-11.9,-30.1,-67.7,-21.0
176.93,-11.2,-12.0,-30.3,-67.9,-20.8
176.94,-10.9,-11.8,-30.2,-68.4,-20.5
176.95,-11.3,-12.3,-30.2,-68.5,-19.9
176.96,-11.7,-13.1,-30.5,-68.5,-19.7
176.97,-12.3,-14.0,-30.8,-68.6,-19.2
176.98,-13.4,-15.5,-31.0,-69.4,-19.3
176.99,-15.8,-19.9,-31.1,-69.5,-19.1
177.00,-16.6,-22.8,-31.2,-69.3,-19.0
177.01,-17.3,-25.9,-31.5,-68.9,-19.2
177.02,-17.8,-27.7,-31.7,-68.5,-19.6
177.03,-17.2,-25.2,-32.1,-68.4,-19.4
177.04,-16.7,-22.1,-32.6,-68.6,-20.1
177.05,-15.2,-18.3,-33.4,-68.8,-19.9
177.06,-13.9,-15.9,-34.3,-69.0,-20.4
177.07,-13.0,-14.6,-35.1,-69.7,-20.8
177.08,-12.4,-13.7,-35.9,-69.3,-20.3
177.09,-11.9,-13.0,-36.2,-69.8,-21.1
177.10,-12.0,-12.9,-36.0,-69.4,-21.2
177.11,-11.7,-12.6,-35.8,-69.0,-20.9
177.12,-11.4,-12.3,-35.5,-68.9,-20.9
177.13,-11.1,-12.1,-35.0,-68.6,-20.3
177.14,-11.1,-12.3,-34.7,-68.6,-20.1
177.15,-11.1,-12.3,-34.2,-69.3,-19.9
177.16,-11.5,-12.6,-33.9,-68.8,-19.6
177.17,-11.6,-12.5,-33.5,-68.5,-19.8
177.18,-12.0,-13.1,-33.4,-68.6,-19.7
177.19,-12.4,-13.6,-33.2,-68.5,-19.4
177.20,-12.9,-14.1,-33.4,-68.7,-19.4
177.21,-13.3,-14.6,-33.6,-68.9,-19.3
177.22,-12.5,-13.9,-34.1,-68.9,-19.4
177.23,-10.8,-11.8,-35.0,-68.4,-19.4
177.24,-10.4,-11.1,-36.3,-67.9,-19.7
177.25,-10.1,-10.8,-37.4,-67.7,-20.2
177.26,-10.0,-10.6,-38.8,-67.5,-20.6
177.27,-10.8,-11.2,-39.4,-67.1,-21.7
177.28,-11.5,-12.0,-39.4,-67.1,-21.7
177.29,-11.3,-11.9,-40.1,-67.5,-21.4
177.30,-11.1,-11.7,-40.5,-67.6,-21.5
177.31,-11.0,-11.5,-40.7,-67.5,-21.9
177.32,-10.8,-11.5,-41.4,-67.9,-22.2
177.33,-11.0,-11.7,-41.9,-68.1,-21.8
177.34,-11.2,-11.8,-42.4,-68.6,-22.3
177.35,-10.9,-11.8,-43.3,-68.6,-21.6
177.36,-10.7,-11.6,-44.4,-68.7,-21.3
177.37,-10.9,-11.8,-45.9,-68.7,-21.0
177.38,-10.6,-11.6,-47.3,-68.9,-21.0
177.39,-10.4,-11.3,-48.8,-68.9,-20.8
177.40,-10.0,-10.9,-50.2,-68.7,-20.2
177.41,-9.9,-10.9,-51.7,-68.4,-19.3
177.42,-9.7,-10.7,-53.4,-68.4,-19.0
177.43,-10.0,-11.0,-55.5,-68.2,-18.8
177.44,-10.6,-11.7,-56.8,-68.3,-18.8
177.45,-11.2,-12.3,-58.5,-68.2,-18.8
177.46,-11.4,-12.8,-59.4,-68.2,-18.5
177.47,-12.0,-13.3,-59.6,-68.0,-18.8
177.48,-12.1,-13.3,-59.6,-67.9,-19.1
177.49,-11.8,-12.9,-59.8,-67.9,-19.1
177.50,-11.4,-12.2,-59.9,-67.9,-20.1
177.51,-10.9,-11.5,-59.9,-67.7,-20.5
177.52,-10.1,-10.6,-60.3,-67.8,-20.7
177.53,-10.0,-10.5,-60.4,-67.5,-21.3
177.54,-10.2,-10.7,-60.3,-67.4,-21.2
177.55,-10.5,-11.0,-59.9,-67.4,-21.4
177.56,-10.9,-11.6,-57.7,-67.5,-20.9
177.57,-11.5,-12.3,-57.1,-67.9,-20.6
177.58,-11.9,-12.7,-56.7,-68.2,-20.7
177.59,-12.1,-12.9,-56.4,-68.7,-20.7
177.60,-12.2,-13.1,-56.7,-69.0,-20.9
177.61,-12.5,-13.3,-57.3,-68.9,-21.5
177.62,-12.1,-12.9,-57.0,-68.9,-21.1
177.63,-11.2,-11.8,-56.6,-69.2,-21.6
177.64,-10.7,-11.2,-56.1,-69.2,-21.8
177.65,-10.2,-10.8,-55.4,-69.1,-20.6
177.66,-10.1,-10.6,-55.5,-69.2,-20.7
177.67,-10.2,-10.8,-55.8,-69.4,-19.8
177.68,-10.5,-11.3,-56.5,-69.6,-19.5
177.69,-11.2,-11.9,-57.8,-69.4,-19.3
177.70,-11.2,-12.1,-59.1,-69.0,-19.0
177.71,-11.0,-11.7,-60.2,-68.7,-19.1
177.72,-11.1,-12.0,-61.2,-68.3,-18.9
177.73,-10.9,-11.8,-61.9,-68.2,-18.7
177.74,-10.4,-11.4,-62.4,-67.7,-18.8
177.75,-10.1,-11.1,-62.6,-67.7,-18.6
177.76,-9.9,-11.0,-63.0,-67.3,-18.5
177.77,-9.4,-10.3,-62.5,-67.0,-18.7
177.78,-9.3,-10.2,-61.8,-66.9,-18.4
177.79,-9.2,-10.2,-60.7,-66.2,-18.1
177.80,-9.5,-10.4,-59.7,-66.2,-17.6
177.81,-9.6,-10.7,-59.2,-66.5,-17.3
177.82,-9.8,-11.0,-58.9,-66.5,-17.2
177.83,-10.1,-11.2,-58.9,-66.9,-17.1
177.84,-10.2,-11.4,-59.3,-67.3,-17.3
177.85,-10.6,-11.8,-59.5,-67.5,-17.6
177.86,-10.5,-11.7,-59.7,-67.7,-17.8
177.87,-10.6,-11.6,-60.1,-67.9,-18.2
177.88,-10.4,-11.3,-60.6,-67.9,-18.5
177.89,-10.4,-11.2,-60.8,-67.6,-19.2
177.90,-10.4,-11.3,-60.9,-67.9,-19.7
177.91,-10.6,-11.4,-61.2,-68.0,-19.9
177.92,-10.7,-11.4,-61.3,-68.0,-20.1
177.93,-10.9,-11.7,-61.5,-68.5,-20.5
177.94,-10.8,-11.6,-61.9,-68.6,-20.7
177.95,-10.8,-11.4,-62.4,-68.5,-20.7
177.96,-10.7,-11.3,-62.0,-68.5,-21.1
177.97,-10.9,-11.5,-62.2,-68.5,-21.2
177.98,-11.4,-12.0,-61.7,-68.7,-21.4
177.99,-11.8,-12.6,-61.4,-68.7,-21.5
178.00,-12.5,-13.4,-61.1,-68.6,-21.7
178.01,-12.8,-13.8,-60.4,-67.4,-22.2
178.02,-13.2,-14.0,-60.0,-66.9,-22.4
178.03,-11.3,-11.8,-59.7,-66.5,-22.3
178.04,-10.3,-10.7,-59.4,-66.2,-22.6
178.05,-10.1,-10.4,-58.5,-66.6,-22.3
178.06,-9.4,-9.7,-58.1,-67.5,-22.2
178.07,-9.0,-9.3,-57.0,-67.7,-21.8
178.08,-9.8,-10.2,-55.3,-68.0,-21.4
178.09,-10.0,-10.5,-55.2,-69.1,-21.4
178.10,-10.3,-10.8,-55.1,-68.8,-22.0
178.11,-11.1,-11.6,-55.2,-68.4,-21.8
178.12,-11.9,-12.5,-56.1,-68.3,-21.5
178.13,-12.0,-12.6,-58.0,-68.6,-21.2
178.14,-11.9,-12.5,-58.8,-68.2,-21.1
178.15,-11.6,-12.3,-60.0,-68.2,-21.0
178.16,-11.6,-12.2,-61.3,-68.7,-21.0
178.17,-11.8,-12.4,-62.7,-68.8,-21.4
178.18,-12.2,-12.8,-63.7,-68.9,-22.1
178.19,-12.1,-12.8,-64.3,-69.1,-21.0
178.20,-11.8,-12.5,-64.9,-69.2,-21.1
178.21,-11.1,-11.7,-65.0,-69.3,-21.4
178.22,-10.7,-11.2,-65.4,-69.4,-20.9
178.23,-10.0,-10.5,-65.7,-69.8,-21.0
178.24,-10.0,-10.5,-66.0,-69.9,-21.6
178.25,-9.9,-10.4,-64.7,-69.7,-21.1
178.26,-10.0,-10.6,-64.0,-69.6,-20.8
178.27,-9.8,-10.3,-63.4,-69.4,-21.6
178.28,-9.9,-10.4,-62.7,-68.9,-22.0
178.29,-10.4,-10.9,-62.3,-68.7,-21.6
178.30,-10.6,-11.2,-62.4,-68.5,-21.4
178.31,-11.1,-11.8,-62.2,-68.0,-20.6
178.32,-11.4,-12.3,-62.6,-68.2,-19.8
178.33,-11.3,-12.3,-62.9,-68.3,-19.4
178.34,-11.4,-12.4,-62.9,-68.2,-19.3
178.35,-11.6,-12.9,-63.2,-68.4,-19.2
178.36,-12.3,-13.7,-63.4,-68.8,-19.8
178.37,-13.6,-15.3,-63.3,-68.5,-20.0
178.38,-14.9,-17.0,-63.8,-68.8,-20.3
178.39,-16.3,-18.2,-64.1,-68.8,-21.5
178.40,-17.5,-20.5,-64.5,-68.8,-21.3
178.41,-17.8,-21.0,-64.7,-69.1,-21.4
178.42,-17.4,-19.8,-64.1,-68.8,-22.0
178.43,-16.4,-18.7,-63.5,-69.0,-20.8
178.44,-15.0,-17.2,-63.0,-68.9,-19.8
178.45,-13.6,-15.5,-62.3,-68.9,-19.4
178.46,-12.5,-14.3,-61.8,-68.6,-18.7
178.47,-11.7,-13.1,-61.8,-68.2,-18.6
178.48,-11.1,-12.6,-61.6,-68.2,-18.9
178.49,-11.2,-12.4,-61.7,-67.8,-19.3
178.50,-12.1,-13.3,-62.3,-67.8,-19.5
178.51,-12.9,-14.3,-60.3,-67.9,-19.4
178.52,-13.8,-15.8,-60.7,-67.0,-18.7
178.53,-14.5,-17.6,-60.9,-66.9,-18.3
178.54,-15.1,-18.7,-60.9,-67.0,-18.1
178.55,-14.9,-18.9,-62.9,-66.9,-17.5
178.56,-14.9,-19.1,-63.1,-66.9,-17.3
178.57,-15.4,-19.7,-63.1,-67.5,-17.9
178.58,-15.3,-19.7,-62.9,-67.9,-17.6
178.59,-15.1,-19.3,-62.8,-68.1,-17.6
178.60,-15.1,-18.8,-63.2,-68.4,-18.2
178.61,-14.8,-18.7,-63.6,-68.8,-18.2
178.62,-14.4,-17.9,-63.8,-68.6,-18.3
178.63,-14.1,-16.4,-64.6,-68.9,-18.6
178.64,-12.9,-14.8,-63.9,-68.8,-18.3
178.65,-12.2,-13.9,-63.9,-68.5,-18.4
178.66,-12.1,-13.4,-63.8,-68.4,-18.7
178.67,-12.6,-13.9,-63.4,-68.2,-19.2
178.68,-13.4,-15.1,-63.7,-68.1,-19.6
178.69,-14.9,-17.6,-63.6,-67.8,-19.0
178.70,-16.7,-21.4,-64.0,-68.3,-18.8
178.71,-17.5,-26.9,-64.4,-68.6,-18.5
178.72,-17.0,-31.0,-64.9,-68.6,-17.7
178.73,-17.7,-35.2,-65.7,-68.7,-18.0
178.74,-18.5,-35.4,-66.2,-69.0,-18.9
178.75,-17.9,-33.8,-66.3,-68.9,-18.3
178.76,-17.6,-25.6,-66.0,-68.5,-18.6
178.77,-17.3,-22.8,-66.3,-68.6,-19.4
178.78,-16.2,-21.9,-65.8,-68.2,-18.2
178.79,-15.4,-20.2,-65.5,-67.8,-18.0
178.80,-14.0,-17.1,-65.0,-67.7,-18.1
178.81,-12.1,-14.2,-64.7,-67.8,-17.6
178.82,-10.5,-11.7,-64.4,-67.8,-17.2
178.83,-9.4,-10.4,-64.5,-68.0,-17.7
178.84,-9.0,-9.8,-64.2,-68.1,-17.9
178.85,-9.0,-9.8,-64.5,-68.3,-18.1
178.86,-9.7,-10.5,-64.9,-68.4,-17.9
178.87,-10.4,-11.5,-64.9,-68.6,-17.4
178.88,-11.4,-12.8,-65.0,-68.4,-17.4
178.89,-12.1,-13.6,-65.5,-68.5,-17.3
178.90,-11.1,-12.7,-65.8,-68.7,-16.6
178.91,-10.6,-11.8,-66.3,-68.4,-17.1
178.92,-10.0,-11.0,-66.8,-68.2,-17.8
178.93,-9.6,-10.6,-66.4,-68.2,-17.1
178.94,-9.6,-10.4,-66.6,-68.4,-17.5
178.95,-9.9,-10.7,-66.8,-68.4,-18.3
178.96,-9.9,-10.6,-65.8,-67.8,-18.7
178.97,-10.1,-10.7,-65.1,-67.2,-19.8
178.98,-10.0,-10.5,-64.9,-67.0,-21.5
178.99,-9.9,-10.4,-64.2,-66.6,-21.7
179.00,-10.2,-10.8,-64.1,-66.8,-22.0
179.01,-10.7,-11.3,-64.2,-67.1,-21.4
179.02,-10.9,-11.6,-64.2,-67.1,-21.6
179.03,-11.3,-12.0,-64.3,-67.3,-21.1
179.04,-11.7,-12.5,-64.4,-67.2,-20.3
179.05,-12.1,-13.0,-64.9,-67.3,-20.1
179.06,-12.4,-13.4,-65.2,-67.7,-19.7
179.07,-12.7,-14.0,-65.7,-68.0,-19.3
179.08,-13.2,-14.4,-66.5,-68.5,-20.4
179.09,-13.2,-14.5,-66.3,-68.7,-20.3
179.10,-13.2,-14.8,-65.6,-68.5,-19.5
179.11,-13.2,-14.7,-65.3,-68.5,-20.3
179.12,-12.6,-14.3,-64.7,-67.5,-19.4
179.13,-12.1,-14.1,-63.5,-66.7,-18.2
179.14,-11.5,-13.2,-62.4,-65.8,-18.1
179.15,-10.8,-12.2,-62.2,-65.5,-17.8
179.16,-10.4,-11.7,-61.7,-65.0,-17.7
179.17,-10.1,-11.5,-61.5,-65.0,-17.9
179.18,-10.1,-11.4,-61.8,-65.5,-17.7
179.19,-10.5,-11.8,-62.1,-65.2,-17.5
179.20,-10.8,-12.4,-62.4,-65.6,-17.3
179.21,-11.4,-13.0,-63.0,-66.0,-17.6
179.22,-12.2,-13.5,-63.7,-66.5,-18.1
179.23,-12.5,-14.0,-64.1,-66.8,-18.0
179.24,-12.5,-14.4,-64.1,-66.8,-18.0
179.25,-12.8,-14.9,-64.4,-67.2,-17.6
179.26,-13.0,-15.2,-64.4,-67.3,-17.6
179.27,-13.0,-15.1,-63.7,-67.3,-18.0
179.28,-13.0,-15.1,-63.5,-67.3,-18.1
179.29,-13.1,-14.9,-62.8,-67.6,-18.6
179.30,-12.8,-14.2,-62.4,-67.5,-19.4
179.31,-12.4,-13.8,-62.1,-67.2,-19.6
179.32,-12.4,-13.7,-62.3,-67.3,-19.3
179.33,-12.3,-13.6,-62.8,-67.6,-19.5
179.34,-12.2,-13.4,-63.0,-67.7,-19.2
179.35,-12.4,-13.6,-63.5,-68.2,-19.3
179.36,-12.3,-13.6,-63.6,-67.9,-19.2
179.37,-12.0,-13.2,-63.5,-67.8,-19.1
179.38,-11.9,-13.1,-63.3,-67.5,-19.0
179.39,-12.0,-13.2,-62.8,-67.5,-19.3
179.40,-12.2,-13.3,-62.2,-67.2,-19.6
179.41,-12.2,-13.3,-61.8,-67.3,-19.4
179.42,-12.6,-13.8,-61.6,-67.3,-19.6
179.43,-12.7,-13.8,-61.9,-67.7,-19.6
179.44,-12.5,-13.7,-62.2,-67.8,-19.4
179.45,-12.4,-13.6,-62.5,-68.2,-19.4
179.46,-12.2,-13.2,-62.9,-68.4,-19.8
179.47,-12.1,-13.1,-63.0,-68.6,-19.9
179.48,-12.1,-13.0,-63.0,-68.6,-20.4
179.49,-12.2,-13.1,-63.1,-68.6,-20.7
179.50,-12.3,-13.1,-63.3,-68.6,-21.2
179.51,-12.4,-13.1,-63.8,-68.6,-21.9
179.52,-12.2,-12.8,-64.6,-68.5,-22.4
179.53,-12.1,-12.7,-65.5,-68.5,-23.1
179.54,-12.6,-13.1,-66.2,-68.8,-24.1
179.55,-13.4,-14.1,-66.8,-69.4,-23.3
179.56,-14.1,-15.2,-67.2,-69.8,-21.8
179.57,-16.0,-17.7,-67.6,-70.5,-21.5
179.58,-18.3,-22.2,-67.4,-70.5,-21.0
179.59,-19.0,-28.4,-67.2,-70.0,-19.8
179.60,-19.7,-31.6,-66.8,-69.7,-20.2
179.61,-19.6,-29.1,-66.4,-69.3,-20.4
179.62,-18.3,-25.2,-66.7,-69.2,-19.6
179.63,-17.8,-22.2,-67.1,-69.8,-20.6
179.64,-17.1,-20.8,-67.1,-69.8,-20.7
179.65,-16.5,-19.8,-67.1,-69.9,-20.6
179.66,-16.5,-19.6,-66.7,-70.2,-21.0
179.67,-16.4,-19.7,-66.2,-69.8,-21.0
179.68,-16.1,-20.3,-65.7,-69.7,-19.6
179.69,-15.8,-20.7,-65.5,-69.5,-18.8
179.70,-15.8,-22.2,-65.5,-69.4,-17.9
179.71,-15.2,-23.5,-65.3,-69.5,-16.5
179.72,-15.4,-26.2,-65.2,-69.5,-16.3
179.73,-15.5,-29.2,-65.0,-69.4,-16.1
179.74,-15.7,-33.9,-64.8,-69.6,-16.0
179.75,-16.0,-36.3,-65.1,-69.4,-16.2
179.76,-16.6,-37.7,-65.3,-69.6,-16.8
179.77,-17.1,-38.3,-65.7,-69.4,-17.3
179.78,-17.6,-39.8,-66.7,-69.4,-17.7
179.79,-18.3,-40.1,-66.9,-68.6,-18.5
179.80,-18.9,-35.5,-66.5,-68.4,-19.3
179.81,-18.4,-26.5,-65.9,-68.2,-20.1
179.82,-17.0,-21.8,-65.6,-67.8,-20.3
179.83,-15.1,-17.6,-65.4,-67.6,-21.1
179.84,-13.4,-15.0,-64.8,-67.5,-21.1
179.85,-12.2,-13.6,-64.8,-67.3,-21.2
179.86,-11.8,-12.8,-64.5,-67.2,-21.3
179.87,-11.2,-12.0,-64.4,-67.2,-21.7
179.88,-10.9,-11.6,-64.5,-67.4,-21.0
179.89,-10.7,-11.3,-64.7,-67.4,-21.2
179.90,-10.4,-11.0,-64.8,-67.6,-20.5
179.91,-10.2,-10.7,-65.1,-67.6,-20.3
179.92,-10.3,-11.0,-65.6,-67.7,-19.1
179.93,-10.7,-11.6,-65.5,-68.0,-18.4
179.94,-11.2,-12.3,-65.7,-68.3,-18.5
179.95,-12.1,-13.7,-66.3,-68.7,-17.7
179.96,-13.2,-15.7,-66.5,-68.7,-17.2
179.97,-14.8,-17.9,-66.9,-68.8,-18.1
179.98,-15.4,-21.4,-67.2,-68.4,-17.1
179.99,-15.3,-20.9,-66.8,-68.4,-17.0
180.00,-14.4,-16.9,-66.2,-68.2,-18.5
180.01,-12.4,-13.8,-65.9,-68.1,-18.4
180.02,-10.6,-11.5,-65.2,-68.0,-19.0
180.03,-9.4,-10.0,-65.5,-68.4,-19.6
180.04,-9.0,-9.6,-65.7,-68.2,-19.2
180.05,-8.9,-9.5,-65.6,-68.2,-19.0
180.06,-9.4,-10.0,-66.1,-68.4,-19.1
180.07,-10.1,-10.7,-66.4,-68.4,-19.8
180.08,-10.7,-11.3,-66.7,-68.7,-20.3
180.09,-10.7,-11.5,-66.8,-68.3,-19.4
180.10,-10.7,-11.6,-67.0,-68.1,-19.1
180.11,-11.0,-11.8,-66.8,-68.1,-19.1
180.12,-11.2,-12.2,-66.7,-68.2,-18.6
180.13,-11.8,-13.0,-66.5,-68.3,-18.2
180.14,-12.4,-14.0,-66.1,-68.3,-18.1
180.15,-12.7,-14.4,-65.5,-68.5,-17.8
180.16,-12.3,-13.8,-65.1,-67.9,-18.2
180.17,-11.0,-12.1,-64.7,-67.2,-18.6
180.18,-9.9,-10.9,-63.9,-66.7,-19.0
180.19,-9.2,-9.9,-63.8,-66.3,-20.0
180.20,-8.5,-9.1,-63.8,-65.8,-20.6
180.21,-8.1,-8.9,-63.6,-65.6,-20.2
180.22,-8.6,-9.4,-63.5,-65.5,-20.1
180.23,-9.1,-10.1,-63.8,-65.5,-20.0
180.24,-9.7,-10.9,-63.7,-65.9,-19.8
180.25,-11.3,-12.7,-64.1,-66.7,-19.6
180.26,-13.8,-15.5,-64.8,-67.3,-19.5
180.27,-14.5,-17.1,-65.1,-68.1,-18.6
180.28,-15.8,-20.2,-66.5,-69.0,-18.2
180.29,-16.6,-23.3,-67.1,-68.4,-18.0
180.30,-16.3,-22.8,-67.1,-68.1,-17.7
180.31,-15.9,-21.7,-67.1,-67.7,-17.7
180.32,-15.5,-21.0,-67.3,-67.5,-17.5
180.33,-15.1,-20.0,-66.4,-67.0,-17.4
180.34,-14.5,-18.2,-66.4,-67.2,-17.8
180.35,-13.1,-15.3,-65.8,-67.0,-18.6
180.36,-12.0,-13.7,-65.5,-67.3,-18.6
180.37,-11.6,-12.7,-65.3,-67.4,-19.3
180.38,-11.0,-11.9,-64.9,-67.8,-19.4
180.39,-10.9,-11.7,-64.6,-67.7,-19.4
180.40,-11.1,-12.0,-64.5,-68.1,-19.2
180.41,-11.5,-12.5,-65.0,-68.3,-19.2
180.42,-11.9,-12.9,-65.3,-68.4,-19.8
180.43,-12.3,-13.3,-66.1,-68.5,-20.1
180.44,-12.6,-13.6,-66.2,-68.4,-19.9
180.45,-12.7,-13.8,-66.2,-68.5,-20.0
180.46,-13.0,-14.1,-66.3,-68.7,-20.1
180.47,-13.6,-15.2,-66.6,-68.8,-19.5
180.48,-14.6,-16.5,-67.2,-69.1,-19.9
180.49,-15.6,-18.2,-67.4,-69.1,-19.7
180.50,-14.6,-16.6,-67.2,-68.9,-19.4
180.51,-13.4,-14.7,-67.1,-68.8,-20.3
180.52,-12.5,-13.4,-66.5,-68.4,-20.6
180.53,-11.7,-12.6,-65.9,-67.7,-20.0
180.54,-11.4,-12.2,-65.6,-67.6,-20.3
180.55,-12.0,-12.9,-65.3,-67.5,-19.4
180.56,-11.8,-12.9,-64.6,-67.3,-19.1
180.57,-11.9,-12.9,-64.5,-67.7,-19.2
180.58,-12.3,-13.6,-64.5,-67.8,-19.0
180.59,-12.7,-14.3,-65.2,-68.4,-18.7
180.60,-13.6,-15.6,-65.5,-68.1,-18.6
180.61,-15.0,-18.7,-67.0,-68.6,-18.0
180.62,-16.4,-23.7,-67.3,-68.4,-17.6
180.63,-16.9,-27.3,-67.2,-68.2,-17.5
180.64,-17.2,-31.3,-67.4,-68.3,-17.5
180.65,-17.4,-32.3,-67.3,-68.3,-17.6
180.66,-16.6,-24.5,-66.3,-68.3,-17.5
180.67,-15.3,-22.2,-65.7,-67.4,-16.5
180.68,-15.0,-21.9,-65.4,-67.1,-16.2
180.69,-14.4,-20.9,-65.0,-66.9,-16.0
180.70,-12.5,-17.0,-64.4,-66.7,-15.3
180.71,-11.8,-14.9,-64.7,-67.1,-15.5
180.72,-11.0,-13.2,-64.1,-67.2,-16.0
180.73,-10.2,-12.0,-63.9,-67.2,-16.1
180.74,-9.9,-11.4,-63.2,-66.8,-16.4
180.75,-10.1,-11.6,-63.2,-66.6,-16.4
180.76,-10.4,-12.0,-63.3,-66.6,-16.2
180.77,-11.0,-13.0,-63.8,-66.6,-15.7
180.78,-11.9,-14.4,-64.2,-67.0,-15.8
180.79,-12.4,-16.0,-64.8,-67.5,-15.4
180.80,-13.7,-18.1,-65.6,-67.9,-15.7
180.81,-14.1,-20.8,-65.6,-68.0,-15.3
180.82,-14.5,-21.2,-65.3,-67.8,-16.1
180.83,-14.6,-21.0,-65.3,-67.8,-15.9
180.84,-14.8,-19.5,-65.2,-67.7,-16.8
180.85,-13.3,-16.2,-65.2,-67.2,-17.0
180.86,-12.1,-13.8,-65.5,-67.3,-18.1
180.87,-11.3,-12.7,-65.2,-67.5,-18.4
180.88,-11.0,-12.1,-64.7,-67.4,-19.6
180.89,-10.7,-11.8,-64.2,-67.0,-19.6
180.90,-10.9,-12.0,-64.1,-67.3,-19.9
180.91,-11.2,-12.3,-64.0,-66.4,-19.9
180.92,-11.1,-12.2,-64.2,-66.4,-19.6
180.93,-11.5,-12.6,-64.7,-66.4,-19.2
180.94,-12.1,-13.6,-65.2,-66.7,-18.6
180.95,-13.0,-15.0,-65.9,-66.9,-18.0
180.96,-14.2,-17.9,-66.3,-67.6,-17.4
180.97,-15.6,-21.8,-66.5,-67.1,-17.2
180.98,-16.2,-25.8,-67.0,-67.1,-17.0
180.99,-16.7,-27.1,-63.5,-67.1,-17.2
181.00,-16.9,-27.3,-62.8,-67.3,-17.4
181.01,-15.1,-19.9,-62.8,-67.8,-17.3
181.02,-12.8,-15.0,-62.5,-67.9,-17.7
181.03,-11.5,-13.0,-62.2,-67.5,-17.7
181.04,-10.8,-11.9,-64.9,-67.4,-18.3
181.05,-10.0,-11.0,-64.2,-67.0,-17.8
181.06,-10.1,-11.1,-64.0,-66.3,-18.0
181.07,-10.4,-11.6,-64.3,-66.9,-17.4
181.08,-10.9,-12.3,-64.3,-66.6,-17.3
181.09,-11.2,-12.7,-64.6,-66.8,-17.2
181.10,-11.4,-13.0,-64.9,-66.6,-17.3
181.11,-11.7,-13.6,-65.1,-66.9,-17.0
181.12,-12.3,-14.6,-65.2,-66.9,-16.9
181.13,-13.0,-16.0,-65.6,-66.8,-16.6
181.14,-13.9,-18.7,-66.6,-67.4,-16.1
181.15,-14.7,-21.1,-66.8,-67.9,-16.1
181.16,-15.2,-25.8,-67.1,-67.8,-15.9
181.17,-15.5,-27.7,-67.3,-67.3,-16.0
181.18,-14.6,-20.5,-67.3,-67.1,-16.0
181.19,-13.2,-16.1,-67.0,-66.7,-16.5
181.20,-12.3,-14.6,-66.6,-66.5,-16.6
181.21,-11.4,-13.0,-66.1,-66.7,-17.8
181.22,-9.7,-10.8,-65.8,-67.0,-18.2
181.23,-9.0,-9.9,-65.3,-67.5,-19.9
181.24,-9.0,-9.8,-65.1,-67.3,-20.9
181.25,-9.0,-9.7,-64.8,-67.5,-21.6
181.26,-9.3,-10.0,-64.8,-67.5,-21.9
181.27,-10.5,-11.2,-65.2,-68.0,-22.1
181.28,-11.1,-11.9,-65.5,-68.7,-21.3
181.29,-11.3,-12.1,-66.2,-68.9,-21.6
181.30,-11.3,-12.1,-66.3,-69.0,-21.1
181.31,-11.4,-12.1,-66.5,-69.2,-21.7
181.32,-11.6,-12.3,-66.6,-69.1,-21.6
181.33,-12.2,-12.9,-66.8,-69.1,-22.1
181.34,-12.5,-13.4,-66.9,-68.9,-21.6
181.35,-13.0,-13.9,-66.7,-68.6,-22.1
181.36,-12.8,-14.1,-66.5,-68.2,-20.8
181.37,-12.6,-13.9,-66.1,-68.1,-20.6
181.38,-12.2,-13.6,-65.7,-68.2,-19.8
181.39,-11.9,-13.4,-65.4,-68.1,-19.2
181.40,-11.7,-13.3,-65.0,-67.9,-18.6
181.41,-11.6,-13.3,-65.1,-68.4,-18.3
181.42,-11.7,-13.5,-64.7,-68.1,-17.7
181.43,-11.8,-13.6,-64.6,-67.9,-17.4
181.44,-11.7,-13.6,-64.6,-68.1,-17.1
181.45,-11.7,-13.7,-64.9,-68.2,-17.0
181.46,-11.9,-14.0,-65.0,-68.2,-17.0
181.47,-12.1,-14.1,-65.1,-68.0,-17.1
181.48,-12.1,-14.1,-65.4,-68.4,-17.1
181.49,-12.3,-14.4,-65.2,-68.2,-17.1
181.50,-12.3,-14.4,-65.1,-68.1,-17.3
181.51,-12.2,-14.3,-64.6,-68.1,-16.9
181.52,-12.0,-13.9,-64.4,-68.4,-17.0
181.53,-11.9,-13.7,-63.9,-67.7,-17.6
181.54,-11.9,-13.5,-63.5,-67.4,-17.8
181.55,-11.8,-13.1,-63.4,-67.5,-18.3
181.56,-11.7,-12.8,-63.3,-67.4,-19.3
181.57,-11.5,-12.8,-63.5,-67.7,-18.4
181.58,-11.6,-12.8,-63.9,-68.3,-18.8
181.59,-11.6,-12.8,-64.5,-69.0,-18.7
181.60,-11.5,-12.9,-65.0,-68.9,-18.0
181.61,-11.6,-13.0,-64.7,-68.9,-18.0
181.62,-11.7,-13.0,-64.4,-68.8,-18.7
181.63,-11.8,-13.1,-64.0,-68.9,-18.7
181.64,-11.9,-13.2,-63.7,-69.0,-18.6
181.65,-12.2,-13.4,-63.5,-68.5,-18.7
181.66,-11.4,-12.4,-63.7,-68.4,-19.0
181.67,-9.9,-10.6,-63.7,-68.1,-18.8
181.68,-9.0,-9.7,-63.8,-67.6,-19.3
181.69,-8.5,-9.1,-63.9,-67.5,-19.2
181.70,-8.6,-9.2,-63.5,-67.6,-19.1
181.71,-9.6,-10.3,-63.8,-68.3,-19.3
181.72,-11.5,-12.6,-63.9,-68.8,-19.3
181.73,-13.6,-15.6,-64.5,-69.8,-19.1
181.74,-15.7,-21.5,-64.7,-70.5,-17.8
181.75,-16.8,-25.7,-65.3,-70.9,-18.1
181.76,-16.6,-26.7,-65.7,-70.8,-17.5
181.77,-16.1,-26.2,-66.0,-70.7,-17.1
181.78,-16.2,-26.7,-66.7,-70.7,-17.1
181.79,-16.3,-27.0,-67.0,-70.4,-17.2
181.80,-16.2,-27.7,-67.4,-70.1,-17.0
181.81,-16.1,-28.5,-67.3,-70.0,-16.8
181.82,-15.9,-29.4,-67.4,-70.0,-16.5
181.83,-15.6,-29.6,-67.5,-69.7,-16.2
181.84,-15.8,-28.5,-67.4,-69.7,-16.5
181.85,-15.2,-26.4,-67.1,-69.6,-16.1
181.86,-15.2,-24.9,-67.0,-69.6,-16.3
181.87,-14.6,-22.7,-66.6,-69.4,-16.0
181.88,-14.3,-21.1,-66.0,-69.4,-16.1
181.89,-14.2,-20.3,-65.9,-69.3,-16.5
181.90,-14.6,-19.8,-65.2,-69.1,-17.3
181.91,-14.7,-19.4,-64.9,-69.1,-17.9
181.92,-14.9,-19.7,-65.0,-69.2,-17.9
181.93,-14.9,-20.2,-65.1,-69.2,-17.6
181.94,-14.7,-20.5,-65.4,-69.6,-17.3
181.95,-14.5,-21.0,-65.3,-69.3,-16.7
181.96,-14.6,-21.5,-65.0,-69.4,-16.7
181.97,-14.6,-22.1,-63.8,-69.3,-16.6
181.98,-14.6,-23.6,-63.1,-69.1,-16.0
181.99,-14.6,-24.7,-62.0,-68.1,-15.7
182.00,-14.5,-26.2,-61.6,-68.3,-15.3
182.01,-14.9,-32.9,-61.8,-68.3,-15.2
182.02,-15.5,-33.1,-62.0,-67.7,-15.7
182.03,-14.7,-25.1,-62.3,-67.5,-15.5
182.04,-14.0,-21.6,-62.5,-67.5,-15.4
182.05,-13.1,-19.2,-61.5,-67.5,-15.2
182.06,-11.8,-16.5,-59.2,-66.7,-14.9
182.07,-10.5,-14.2,-57.6,-66.5,-14.2
182.08,-9.7,-12.5,-56.1,-66.1,-14.2
182.09,-9.4,-11.7,-55.1,-65.9,-14.6
182.10,-8.9,-11.1,-54.1,-66.0,-14.2
182.11,-9.4,-11.3,-53.3,-66.7,-14.5
182.12,-9.9,-12.3,-51.6,-67.0,-14.1
182.13,-10.4,-13.8,-49.9,-67.5,-13.6
182.14,-11.2,-16.1,-48.3,-67.6,-13.2
182.15,-11.9,-19.8,-46.6,-68.0,-13.0
182.16,-11.9,-23.2,-45.9,-68.2,-12.5
182.17,-12.0,-27.3,-45.8,-68.3,-12.4
182.18,-12.1,-28.2,-45.8,-68.4,-12.4
182.19,-11.9,-25.7,-46.7,-68.4,-12.3
182.20,-11.7,-22.6,-47.4,-68.7,-12.3
182.21,-11.7,-19.4,-48.6,-68.4,-12.6
182.22,-11.7,-18.9,-49.4,-68.1,-12.8
182.23,-11.6,-18.6,-50.0,-67.6,-12.8
182.24,-11.8,-18.2,-50.5,-67.7,-13.3
182.25,-11.7,-16.7,-50.4,-67.7,-13.8
182.26,-11.0,-14.2,-49.9,-68.0,-14.5
182.27,-10.2,-12.2,-49.4,-68.3,-15.2
182.28,-9.5,-11.2,-48.4,-67.4,-15.3
182.29,-9.1,-10.4,-47.1,-66.7,-16.1
182.30,-9.2,-10.5,-46.3,-66.6,-16.1
182.31,-9.6,-10.9,-45.5,-66.0,-16.3
182.32,-10.0,-11.6,-44.8,-66.1,-15.7
182.33,-10.5,-12.3,-43.9,-66.5,-15.7
182.34,-11.1,-13.4,-43.7,-67.1,-15.5
182.35,-11.4,-14.5,-43.7,-67.7,-15.0
182.36,-12.3,-16.0,-43.3,-68.7,-15.3
182.37,-12.6,-17.2,-42.7,-68.6,-14.8
182.38,-12.9,-17.9,-42.4,-68.5,-15.0
182.39,-12.7,-17.8,-42.5,-68.4,-14.6
182.40,-12.8,-17.6,-42.7,-68.1,-14.8
182.41,-12.0,-16.1,-43.7,-68.4,-14.5
182.42,-11.3,-14.7,-44.9,-68.4,-14.6
182.43,-10.8,-13.6,-45.3,-68.2,-15.0
182.44,-10.6,-12.7,-45.9,-67.5,-15.7
182.45,-10.1,-12.0,-45.3,-67.4,-15.8
182.46,-10.0,-11.6,-45.1,-67.2,-16.3
182.47,-10.0,-11.5,-44.8,-66.8,-16.5
182.48,-9.8,-11.4,-44.5,-66.9,-15.8
182.49,-10.2,-11.6,-45.1,-67.1,-16.5
182.50,-9.9,-11.7,-45.1,-67.0,-15.3
182.51,-10.2,-12.0,-45.4,-66.8,-15.6
182.52,-10.5,-12.4,-44.9,-67.1,-15.6
182.53,-10.5,-12.5,-45.2,-67.3,-15.0
182.54,-10.8,-12.8,-45.2,-67.1,-15.4
182.55,-10.9,-13.2,-45.1,-67.8,-15.1
182.56,-11.2,-13.4,-45.3,-68.2,-15.7
182.57,-11.1,-13.4,-46.0,-68.1,-15.2
182.58,-11.4,-13.4,-46.4,-69.0,-16.0
182.59,-11.3,-13.4,-47.2,-68.6,-15.8
182.60,-11.3,-13.1,-47.8,-68.4,-15.9
182.61,-10.9,-12.8,-48.5,-67.4,-15.8
182.62,-10.4,-12.3,-48.6,-67.6,-15.8
182.63,-9.9,-11.6,-48.5,-67.5,-16.3
182.64,-9.5,-11.1,-47.0,-66.9,-16.0
182.65,-9.5,-11.3,-44.0,-66.8,-15.9
182.66,-10.1,-12.1,-42.3,-66.8,-15.5
182.67,-11.1,-13.7,-41.2,-66.4,-15.4
182.68,-12.7,-16.7,-40.0,-66.9,-15.3
182.69,-14.1,-23.5,-39.6,-67.3,-14.9
182.70,-14.4,-28.2,-39.4,-68.1,-14.9
182.71,-14.8,-33.8,-39.5,-68.8,-15.1
182.72,-14.4,-37.5,-40.2,-68.9,-14.6
182.73,-14.6,-32.8,-41.1,-68.7,-15.0
182.74,-14.0,-22.8,-42.4,-68.3,-15.2
182.75,-13.0,-17.6,-44.9,-67.9,-15.7
182.76,-12.0,-15.0,-47.0,-67.5,-16.1
182.77,-10.8,-12.6,-48.6,-66.4,-16.9
182.78,-9.3,-10.8,-50.6,-65.9,-16.8
182.79,-9.2,-10.4,-51.4,-65.3,-17.0
182.80,-9.1,-10.3,-51.4,-64.6,-17.0
182.81,-9.0,-10.2,-51.2,-64.7,-16.9
182.82,-9.7,-10.7,-50.3,-64.5,-17.2
182.83,-9.7,-10.9,-50.1,-63.6,-17.0
182.84,-9.8,-10.8,-49.6,-63.8,-17.1
182.85,-9.7,-10.9,-49.4,-64.2,-16.8
182.86,-9.8,-11.0,-49.6,-63.8,-16.5
182.87,-9.7,-11.0,-50.0,-64.4,-16.3
182.88,-9.7,-11.0,-50.6,-65.5,-16.3
182.89,-9.6,-11.0,-50.7,-65.8,-15.5
182.90,-9.4,-10.9,-50.9,-66.1,-15.4
182.91,-9.4,-10.9,-51.4,-66.3,-15.6
182.92,-9.5,-11.1,-51.9,-66.7,-15.2
182.93,-9.5,-11.2,-52.5,-66.7,-15.0
182.94,-10.0,-11.6,-54.5,-66.9,-15.5
182.95,-9.8,-11.5,-55.9,-66.7,-15.0
182.96,-9.7,-11.3,-57.1,-67.6,-15.1
182.97,-9.5,-11.3,-57.2,-67.1,-14.8
182.98,-9.7,-11.4,-56.8,-66.8,-15.1
182.99,-9.6,-11.3,-55.3,-66.0,-15.0
183.00,-9.9,-11.5,-54.1,-65.6,-15.6
183.01,-10.2,-11.8,-52.8,-64.0,-15.9
183.02,-10.0,-11.5,-51.9,-62.6,-16.2
183.03,-9.9,-11.4,-51.6,-62.3,-16.2
183.04,-10.2,-11.5,-52.0,-62.4,-16.8
183.05,-9.9,-11.2,-52.0,-62.6,-16.7
183.06,-9.7,-11.1,-52.1,-64.0,-16.3
183.07,-9.7,-11.2,-51.9,-64.9,-16.1
183.08,-9.9,-11.7,-51.3,-65.0,-15.7
183.09,-10.4,-12.5,-50.6,-65.7,-15.8
183.10,-11.0,-13.9,-49.8,-65.1,-15.4
183.11,-11.9,-16.2,-49.1,-64.7,-15.1
183.12,-12.6,-19.2,-48.2,-64.1,-14.6
183.13,-13.0,-21.4,-46.8,-63.2,-14.7
183.14,-13.3,-23.1,-45.4,-62.1,-14.7
183.15,-13.6,-25.5,-44.5,-62.0,-14.6
183.16,-14.0,-28.1,-43.5,-62.3,-14.7
183.17,-13.8,-30.6,-43.0,-62.4,-14.4
183.18,-12.9,-32.1,-42.3,-63.6,-13.2
183.19,-13.3,-33.5,-42.2,-64.5,-13.6
183.20,-12.9,-33.8,-42.2,-64.4,-13.2
183.21,-12.1,-32.8,-42.5,-64.3,-12.4
183.22,-12.9,-30.4,-42.9,-64.2,-13.2
183.23,-13.6,-28.2,-43.8,-64.9,-14.0
183.24,-12.6,-26.6,-44.7,-65.9,-13.1
183.25,-13.0,-25.7,-45.4,-65.7,-13.6
183.26,-13.1,-25.2,-46.1,-65.8,-13.9
183.27,-12.7,-25.3,-47.2,-66.3,-13.4
183.28,-12.7,-25.5,-47.2,-65.9,-13.4
183.29,-13.6,-26.0,-47.1,-65.9,-14.4
183.30,-14.0,-26.5,-47.1,-66.6,-14.7
183.31,-14.3,-27.3,-46.7,-66.6,-14.9
183.32,-14.7,-28.3,-46.4,-66.5,-15.3
183.33,-15.0,-30.2,-45.5,-67.2,-15.5
183.34,-15.1,-33.0,-44.3,-66.1,-15.5
183.35,-14.4,-36.7,-43.3,-65.9,-14.6
183.36,-14.4,-39.9,-42.8,-65.3,-14.6
183.37,-14.9,-39.9,-42.4,-65.1,-15.0
183.38,-13.9,-38.5,-43.0,-64.7,-14.1
183.39,-13.8,-32.6,-44.2,-65.0,-14.1
183.40,-14.1,-25.4,-45.7,-65.0,-14.7
183.41,-13.4,-24.0,-47.8,-65.1,-14.2
183.42,-13.4,-23.2,-51.7,-65.4,-14.4
183.43,-13.7,-21.7,-54.1,-64.8,-15.3
183.44,-13.2,-19.5,-56.7,-64.9,-15.5
183.45,-12.2,-17.8,-59.5,-65.0,-14.8
183.46,-11.6,-16.0,-60.0,-65.0,-14.8
183.47,-10.7,-14.7,-60.1,-65.2,-14.1
183.48,-10.3,-13.9,-60.3,-65.8,-13.8
183.49,-10.3,-13.6,-60.2,-65.6,-13.8
183.50,-10.6,-13.6,-60.1,-66.5,-14.5
183.51,-11.1,-14.5,-59.9,-67.0,-14.7
183.52,-12.1,-15.7,-59.6,-67.3,-15.2
183.53,-13.4,-18.1,-59.6,-67.8,-15.7
183.54,-14.0,-21.1,-59.5,-68.7,-15.4
183.55,-15.2,-26.8,-59.2,-68.5,-15.8
183.56,-15.9,-32.6,-59.2,-68.9,-16.2
183.57,-16.3,-37.5,-59.0,-68.5,-16.5
183.58,-15.4,-37.2,-57.7,-68.5,-15.7
183.59,-15.9,-34.2,-57.4,-68.1,-16.2
183.60,-15.9,-28.4,-56.8,-67.8,-16.6
183.61,-14.5,-21.1,-56.3,-67.1,-16.1
183.62,-12.9,-16.2,-56.1,-66.9,-16.5
183.63,-11.8,-13.8,-56.6,-67.1,-16.8
183.64,-10.9,-12.4,-57.1,-66.9,-16.7
183.65,-10.4,-11.7,-57.7,-67.2,-17.0
183.66,-10.2,-11.5,-58.3,-68.0,-16.7
183.67,-10.4,-11.8,-58.7,-68.5,-16.6
183.68,-10.6,-12.2,-57.1,-68.3,-16.6
183.69,-10.5,-12.0,-55.0,-68.7,-16.5
183.70,-10.2,-11.7,-53.6,-68.5,-16.7
183.71,-10.4,-11.7,-53.0,-68.1,-16.9
183.72,-10.6,-11.8,-52.8,-68.3,-17.2
183.73,-10.7,-12.1,-53.4,-67.9,-17.1
183.74,-11.1,-12.8,-55.2,-68.4,-16.9
183.75,-12.0,-13.8,-56.8,-68.3,-17.5
183.76,-12.4,-14.2,-58.6,-68.0,-17.9
183.77,-12.3,-14.5,-59.1,-67.8,-17.0
183.78,-12.0,-14.1,-59.0,-68.1,-17.2
183.79,-11.3,-13.0,-58.7,-67.4,-17.4
183.80,-10.4,-12.1,-58.0,-67.1,-16.4
183.81,-9.6,-11.3,-57.8,-65.7,-16.2
183.82,-9.3,-10.8,-57.9,-65.5,-15.7
183.83,-9.2,-10.6,-58.0,-64.8,-15.8
183.84,-9.3,-10.9,-58.4,-65.1,-15.4
183.85,-9.6,-11.4,-58.8,-65.7,-15.0
183.86,-9.9,-11.6,-59.0,-66.2,-15.5
183.87,-10.2,-11.7,-59.0,-67.0,-15.8
183.88,-10.2,-11.8,-58.8,-67.3,-15.7
183.89,-10.5,-11.9,-58.8,-67.8,-16.5
183.90,-10.3,-11.8,-59.0,-68.2,-16.0
183.91,-10.2,-11.8,-59.3,-67.5,-15.7
183.92,-10.2,-12.0,-59.6,-67.1,-15.4
183.93,-10.1,-11.9,-59.3,-66.7,-15.2
183.94,-9.8,-11.6,-53.2,-65.8,-15.0
183.95,-9.6,-11.5,-50.4,-65.4,-14.7
183.96,-9.7,-11.7,-49.0,-64.7,-14.5
183.97,-9.7,-12.2,-48.1,-63.5,-13.7
183.98,-9.9,-12.8,-47.7,-62.7,-13.3
183.99,-10.1,-13.5,-48.5,-62.6,-13.2
184.00,-10.0,-13.8,-49.2,-62.5,-12.9
184.01,-10.1,-13.6,-49.4,-62.0,-13.2
184.02,-9.8,-13.0,-48.7,-61.8,-13.2
184.03,-9.6,-12.8,-45.8,-62.2,-13.0
184.04,-10.1,-13.2,-43.8,-61.8,-13.5
184.05,-10.4,-14.3,-42.6,-61.8,-13.1
184.06,-11.3,-16.0,-42.0,-62.7,-13.3
184.07,-11.7,-18.6,-42.1,-63.7,-12.9
184.08,-12.4,-22.8,-42.9,-63.8,-13.0
184.09,-12.7,-29.9,-44.1,-63.7,-12.9
184.10,-12.7,-30.9,-45.5,-64.0,-13.0
184.11,-12.7,-30.5,-47.3,-59.8,-12.9
184.12,-12.2,-20.0,-48.8,-53.0,-13.4
184.13,-11.5,-16.0,-50.5,-50.6,-14.1
184.14,-11.1,-14.4,-53.5,-46.2,-14.8
184.15,-10.5,-13.2,-54.5,-44.5,-14.8
184.16,-9.8,-12.1,-56.0,-42.8,-15.1
184.17,-9.5,-11.9,-55.8,-42.9,-14.6
184.18,-9.0,-11.5,-55.3,-43.3,-13.9
184.19,-8.6,-11.0,-55.3,-45.3,-13.8
184.20,-8.5,-10.7,-55.4,-49.6,-14.2
184.21,-8.5,-10.6,-55.8,-52.4,-14.8
184.22,-8.6,-10.6,-55.6,-54.7,-15.2
184.23,-8.8,-10.8,-55.7,-56.9,-14.6
184.24,-9.4,-11.3,-55.3,-60.4,-15.2
184.25,-9.8,-11.8,-54.7,-61.6,-14.9
184.26,-10.1,-12.5,-54.4,-63.5,-13.7
184.27,-10.4,-13.1,-54.4,-63.7,-13.9
184.28,-10.4,-13.3,-53.6,-64.6,-13.7
184.29,-10.6,-13.3,-52.9,-64.8,-14.0
184.30,-10.6,-13.0,-51.7,-63.3,-14.5
184.31,-10.7,-12.5,-51.1,-60.8,-15.9
184.32,-10.4,-11.9,-50.8,-59.9,-16.4
184.33,-10.0,-11.3,-51.1,-56.9,-16.4
184.34,-9.6,-10.8,-51.7,-55.1,-16.4
184.35,-9.4,-10.6,-52.5,-52.5,-16.3
184.36,-9.3,-10.8,-52.6,-49.6,-15.7
184.37,-9.7,-11.2,-52.1,-46.3,-16.0
184.38,-10.0,-11.7,-50.6,-43.8,-15.3
184.39,-10.2,-12.3,-49.0,-41.5,-14.9
184.40,-10.5,-12.8,-48.0,-38.9,-14.9
184.41,-10.6,-12.8,-47.3,-37.0,-15.3
184.42,-10.6,-12.7,-47.3,-36.1,-15.4
184.43,-10.6,-12.6,-47.8,-35.2,-15.8
184.44,-10.5,-12.4,-48.8,-35.1,-16.0
184.45,-10.3,-12.3,-49.7,-35.7,-15.7
184.46,-10.5,-12.4,-50.1,-36.6,-16.1
184.47,-10.6,-12.4,-49.6,-37.8,-16.6
184.48,-11.0,-12.9,-48.9,-39.8,-16.9
184.49,-11.6,-13.8,-48.3,-41.7,-17.0
184.50,-12.2,-15.0,-47.4,-44.0,-16.6
184.51,-12.9,-17.4,-47.0,-46.3,-15.8
184.52,-13.0,-19.5,-46.8,-48.8,-14.8
184.53,-13.7,-22.3,-46.3,-51.6,-14.9
184.54,-13.9,-26.8,-45.7,-53.2,-14.7
184.55,-14.2,-30.4,-45.1,-53.9,-14.7
184.56,-14.1,-31.5,-44.5,-47.2,-14.6
184.57,-14.4,-32.1,-43.6,-46.9,-14.9
184.58,-13.6,-32.1,-43.3,-45.4,-14.1
184.59,-13.8,-31.9,-43.3,-45.4,-14.4
184.60,-14.0,-30.7,-43.6,-44.0,-14.8
184.61,-14.4,-29.6,-44.1,-45.0,-15.3
184.62,-13.6,-29.2,-45.5,-41.1,-14.4
184.63,-14.2,-28.9,-46.0,-41.1,-15.1
184.64,-14.3,-29.1,-46.0,-39.1,-15.3
184.65,-13.7,-29.8,-45.8,-36.4,-14.7
184.66,-13.7,-29.8,-45.7,-33.2,-14.9
184.67,-13.9,-29.6,-45.3,-31.1,-15.6
184.68,-13.3,-28.8,-45.1,-29.3,-15.1
184.69,-13.1,-28.6,-45.2,-28.3,-14.8
184.70,-13.8,-28.8,-45.0,-27.7,-15.8
184.71,-13.9,-29.9,-44.6,-27.7,-15.7
184.72,-14.2,-31.7,-43.3,-28.3,-15.8
184.73,-14.0,-36.0,-42.3,-28.9,-15.3
184.74,-14.0,-40.4,-41.7,-30.1,-15.1
184.75,-14.2,-39.6,-41.2,-31.5,-15.2
184.76,-13.3,-37.3,-41.5,-32.7,-14.2
184.77,-14.0,-29.3,-42.3,-34.0,-15.1
184.78,-13.0,-21.5,-43.6,-37.3,-14.9
184.79,-11.8,-16.7,-45.2,-39.3,-14.5
184.80,-10.5,-13.5,-46.9,-42.3,-14.9
184.81,-9.6,-11.8,-48.0,-46.2,-15.3
184.82,-9.1,-10.6,-48.7,-50.7,-15.5
184.83,-8.4,-9.9,-48.9,-53.1,-15.6
184.84,-8.2,-9.5,-48.0,-55.9,-16.2
184.85,-7.8,-9.4,-47.4,-55.3,-16.2
184.86,-7.9,-9.3,-45.7,-54.0,-16.5
184.87,-8.4,-9.6,-44.1,-53.8,-16.9
184.88,-8.7,-9.9,-42.7,-54.0,-16.9
184.89,-9.3,-10.5,-41.6,-54.8,-17.0
184.90,-9.8,-10.8,-40.4,-55.6,-17.6
184.91,-9.3,-10.8,-39.6,-55.3,-16.7
184.92,-8.9,-10.5,-39.1,-55.7,-15.9
184.93,-8.8,-10.4,-38.7,-55.8,-16.2
184.94,-8.7,-10.4,-38.4,-55.8,-15.7
184.95,-9.1,-10.8,-38.1,-56.9,-15.9
184.96,-9.8,-11.5,-37.7,-56.5,-16.8
184.97,-10.7,-12.3,-37.3,-56.7,-17.0
184.98,-10.4,-12.3,-36.6,-56.6,-16.8
184.99,-10.3,-11.8,-36.2,-56.1,-17.3
185.00,-9.8,-11.1,-35.5,-57.3,-17.0
185.01,-9.3,-10.6,-35.2,-57.6,-16.9
185.02,-9.5,-10.5,-34.9,-58.2,-17.9
185.03,-9.5,-10.9,-35.0,-58.9,-16.9
185.04,-10.2,-11.6,-35.1,-60.1,-17.1
185.05,-10.7,-12.3,-35.4,-61.8,-17.5
185.06,-11.1,-12.9,-35.4,-62.0,-17.1
185.07,-11.4,-13.1,-35.5,-61.8,-17.3
185.08,-11.1,-13.3,-35.5,-62.3,-16.9
185.09,-11.1,-13.4,-35.2,-61.4,-16.8
185.10,-11.3,-14.2,-34.9,-61.4,-16.4
185.11,-12.0,-15.1,-34.8,-60.5,-16.3
185.12,-12.4,-16.6,-34.5,-60.4,-15.9
185.13,-13.4,-18.9,-34.3,-60.6,-15.9
185.14,-13.6,-20.8,-34.6,-60.7,-15.1
185.15,-13.5,-20.2,-34.9,-61.1,-15.1
185.16,-13.0,-18.7,-35.8,-61.8,-14.8
185.17,-11.7,-16.2,-36.9,-61.6,-14.4
185.18,-10.6,-13.8,-37.9,-61.7,-14.3
185.19,-9.9,-12.2,-38.9,-62.2,-14.8
185.20,-9.2,-11.1,-39.3,-62.5,-14.9
185.21,-8.9,-10.6,-39.1,-63.1,-15.2
185.22,-8.9,-10.4,-39.0,-63.6,-15.8
185.23,-9.2,-10.8,-38.9,-63.2,-15.9
185.24,-9.6,-11.1,-38.7,-63.8,-16.0
185.25,-9.9,-11.5,-38.6,-64.0,-15.8
185.26,-10.2,-11.9,-38.5,-64.2,-15.8
185.27,-10.1,-12.0,-38.7,-65.9,-15.2
185.28,-10.1,-12.0,-38.5,-66.3,-15.6
185.29,-10.0,-12.0,-38.6,-65.9,-15.1
185.30,-9.9,-12.1,-39.3,-65.5,-14.5
185.31,-10.3,-12.2,-39.8,-65.4,-15.1
185.32,-10.1,-12.3,-39.9,-65.4,-14.8
185.33,-10.1,-12.3,-40.3,-65.3,-14.8
185.34,-10.2,-12.0,-40.2,-64.8,-15.2
185.35,-10.0,-11.7,-39.9,-65.1,-15.5
185.36,-9.9,-11.4,-40.5,-64.2,-15.9
185.37,-9.7,-11.1,-41.6,-63.2,-16.3
185.38,-9.3,-10.8,-42.4,-63.0,-16.3
185.39,-9.0,-10.5,-44.1,-63.0,-16.4
185.40,-9.3,-10.9,-45.7,-61.4,-16.5
185.41,-10.0,-11.8,-46.7,-59.7,-16.0
185.42,-10.9,-13.1,-47.7,-57.9,-15.8
185.43,-12.4,-15.4,-48.3,-56.7,-15.8
185.44,-13.2,-18.1,-48.6,-55.5,-15.3
185.45,-13.0,-18.2,-49.0,-54.6,-15.1
185.46,-13.1,-17.9,-48.9,-54.5,-15.2
185.47,-12.6,-17.7,-48.9,-53.8,-14.4
185.48,-12.6,-17.9,-49.1,-52.9,-14.3
185.49,-12.4,-17.4,-49.7,-53.0,-14.3
185.50,-12.2,-16.9,-50.5,-52.8,-14.4
185.51,-12.4,-17.1,-51.5,-52.1,-14.8
185.52,-12.5,-17.1,-52.2,-52.8,-14.9
185.53,-12.1,-15.7,-52.6,-52.3,-15.4
185.54,-11.1,-13.8,-52.5,-52.8,-15.4
185.55,-10.4,-12.4,-52.3,-53.8,-16.0
185.56,-9.8,-11.3,-52.0,-54.7,-16.3
185.57,-9.5,-10.7,-52.0,-55.4,-16.7
185.58,-9.7,-10.9,-52.1,-55.5,-16.6
185.59,-10.1,-11.5,-52.3,-54.8,-16.7
185.60,-10.6,-12.3,-52.4,-54.9,-16.5
185.61,-11.0,-13.0,-52.8,-55.0,-16.2
185.62,-11.6,-13.6,-53.0,-55.9,-16.4
185.63,-11.7,-14.0,-53.7,-56.5,-15.9
185.64,-11.7,-14.0,-54.4,-56.6,-15.8
185.65,-11.4,-13.4,-55.5,-55.7,-15.9
185.66,-10.6,-12.3,-55.8,-54.7,-16.1
185.67,-9.9,-11.5,-56.0,-54.1,-15.7
185.68,-9.7,-11.0,-55.8,-53.7,-16.7
185.69,-9.7,-11.0,-55.2,-52.2,-17.0
185.70,-9.8,-11.3,-54.9,-50.3,-16.8
185.71,-10.1,-11.8,-55.1,-48.2,-17.1
185.72,-10.4,-12.2,-55.5,-46.1,-16.8
185.73,-10.6,-12.4,-56.0,-43.9,-17.2
185.74,-10.5,-12.3,-56.3,-41.8,-17.0
185.75,-10.6,-12.5,-53.0,-39.7,-16.9
185.76,-10.4,-12.6,-49.0,-38.0,-16.6
185.77,-11.0,-13.4,-47.1,-36.7,-17.0
185.78,-11.6,-14.5,-45.8,-35.9,-16.7
185.79,-12.4,-16.1,-45.5,-35.4,-16.6
185.80,-13.7,-19.7,-46.0,-35.4,-16.4
185.81,-14.9,-23.3,-47.2,-35.8,-16.8
185.82,-15.3,-29.3,-46.5,-36.9,-16.4
185.83,-15.6,-29.5,-40.6,-38.3,-16.8
185.84,-13.3,-19.7,-20.9,-40.5,-17.7
185.85,-10.7,-13.4,-18.7,-43.2,-18.5
185.86,-9.2,-10.9,-18.0,-45.6,-20.2
185.87,-8.7,-10.3,-17.7,-45.6,-21.2
185.88,-8.3,-9.6,-18.1,-41.8,-21.7
185.89,-8.8,-9.8,-21.3,-37.7,-22.1
185.90,-9.8,-10.9,-24.6,-34.2,-21.9
185.91,-10.2,-11.3,-27.9,-32.1,-21.4
185.92,-9.9,-11.0,-29.5,-30.5,-21.1
185.93,-9.8,-10.8,-30.3,-27.9,-21.1
185.94,-9.6,-10.5,-31.2,-26.6,-21.3
185.95,-9.6,-10.6,-31.9,-23.2,-21.6
185.96,-9.7,-10.9,-32.5,-21.0,-21.5
185.97,-9.7,-11.1,-35.8,-19.9,-21.9
185.98,-9.5,-11.0,-36.7,-19.1,-21.7
185.99,-9.4,-11.0,-36.4,-19.0,-21.6
186.00,-9.4,-10.9,-35.7,-19.5,-21.8
186.01,-9.5,-10.8,-33.3,-20.2,-22.1
186.02,-9.4,-10.8,-29.7,-20.9,-22.3
186.03,-9.5,-11.1,-27.0,-21.1,-22.7
186.04,-9.5,-11.4,-25.3,-21.1,-22.6
186.05,-9.3,-11.4,-23.6,-20.9,-22.8
186.06,-9.3,-11.3,-22.8,-21.2,-23.2
186.07,-9.6,-11.4,-22.9,-21.9,-23.6
186.08,-9.8,-11.9,-22.8,-21.2,-23.2
186.09,-10.1,-12.3,-23.2,-21.2,-23.2
186.10,-11.1,-13.5,-24.4,-21.6,-22.8
186.11,-12.1,-15.2,-25.9,-21.7,-22.5
186.12,-13.1,-17.7,-26.5,-21.3,-22.3
186.13,-13.9,-20.2,-27.6,-21.5,-21.6
186.14,-14.5,-25.7,-28.1,-22.1,-20.5
186.15,-14.6,-27.7,-27.9,-22.3,-20.0
186.16,-13.9,-27.9,-28.0,-21.9,-19.2
186.17,-13.9,-25.5,-29.4,-21.8,-19.3
186.18,-12.6,-18.6,-29.9,-21.7,-19.2
186.19,-11.2,-15.3,-18.5,-21.4,-19.6
186.20,-9.6,-13.4,-13.9,-21.1,-19.9
186.21,-8.4,-12.6,-12.6,-21.4,-19.2
186.22,-8.0,-11.9,-11.9,-21.8,-18.9
186.23,-8.2,-11.9,-11.4,-23.1,-19.0
186.24,-8.3,-11.9,-12.9,-23.9,-18.8
186.25,-8.5,-11.6,-14.6,-25.1,-19.1
186.26,-9.0,-11.0,-16.0,-26.9,-19.5
186.27,-8.6,-10.4,-17.7,-26.2,-19.3
186.28,-8.6,-10.2,-19.9,-25.4,-19.4
186.29,-8.9,-10.2,-20.9,-25.4,-19.4
186.30,-9.2,-10.4,-21.9,-25.8,-19.6
186.31,-9.3,-10.8,-21.5,-26.3,-19.6
186.32,-9.7,-11.4,-20.3,-26.9,-19.7
186.33,-10.0,-11.9,-19.8,-27.4,-19.0
186.34,-10.1,-12.3,-20.0,-27.9,-18.6
186.35,-10.4,-12.6,-20.0,-28.2,-18.3
186.36,-10.1,-12.5,-20.1,-27.4,-18.0
186.37,-10.3,-12.4,-21.1,-27.6,-18.6
186.38,-10.2,-12.1,-21.7,-27.9,-18.8
186.39,-10.1,-11.9,-22.6,-28.2,-18.5
186.40,-10.2,-11.6,-23.3,-30.3,-19.0
186.41,-10.0,-11.3,-24.5,-31.0,-19.1
186.42,-9.9,-11.1,-25.7,-32.0,-18.7
186.43,-9.6,-10.9,-26.8,-28.8,-18.4
186.44,-9.4,-10.7,-28.0,-27.4,-18.3
186.45,-9.4,-10.6,-30.3,-27.5,-18.4
186.46,-9.3,-10.6,-32.6,-27.6,-17.7
186.47,-9.5,-10.7,-33.3,-28.9,-17.6
186.48,-9.6,-10.8,-36.1,-31.8,-17.8
186.49,-9.8,-10.9,-36.9,-30.1,-17.7
186.50,-9.8,-11.0,-37.1,-29.8,-18.0
186.51,-9.9,-10.9,-38.3,-28.5,-18.5
186.52,-9.7,-10.8,-36.3,-28.0,-19.0
186.53,-9.8,-10.9,-28.1,-28.0,-19.4
186.54,-8.8,-11.3,-14.6,-31.4,-20.0
186.55,-8.6,-11.8,-13.0,-30.4,-20.1
186.56,-8.5,-12.5,-12.3,-24.0,-20.4
186.57,-8.4,-13.0,-11.7,-22.2,-20.5
186.58,-8.7,-13.0,-12.1,-21.0,-20.4
186.59,-9.3,-12.8,-13.9,-20.4,-20.1
186.60,-9.4,-12.5,-15.2,-19.9,-20.0
186.61,-9.6,-12.2,-16.6,-19.7,-20.3
186.62,-10.1,-12.1,-18.7,-19.9,-20.1
186.63,-10.2,-12.0,-21.1,-20.3,-20.3
186.64,-10.1,-12.0,-22.2,-20.8,-20.0
186.65,-10.2,-11.9,-22.7,-21.1,-20.0
186.66,-10.0,-11.8,-21.5,-21.2,-19.6
186.67,-9.6,-11.7,-20.7,-21.5,-18.6
186.68,-9.6,-11.6,-20.9,-21.1,-18.7
186.69,-9.5,-11.4,-20.9,-20.5,-18.4
186.70,-9.3,-11.3,-21.1,-20.5,-18.3
186.71,-9.3,-11.2,-21.5,-20.5,-18.8
186.72,-9.6,-11.1,-21.9,-20.0,-19.7
186.73,-9.6,-11.2,-22.5,-20.0,-19.5
186.74,-9.6,-11.4,-23.2,-20.4,-19.5
186.75,-9.8,-11.3,-24.0,-20.8,-19.7
186.76,-9.9,-11.3,-24.9,-20.9,-19.7
186.77,-9.9,-11.4,-26.2,-21.0,-19.3
186.78,-9.8,-11.4,-27.7,-21.4,-18.7
186.79,-10.0,-11.5,-29.2,-21.7,-18.5
186.80,-10.2,-11.8,-31.6,-21.7,-18.5
186.81,-10.2,-11.9,-34.6,-21.5,-18.4
186.82,-10.2,-11.9,-37.6,-21.4,-18.3
186.83,-10.6,-12.0,-38.7,-21.7,-18.7
186.84,-10.5,-12.1,-36.1,-22.0,-18.8
186.85,-10.5,-12.1,-35.3,-22.1,-19.0
186.86,-10.7,-12.2,-34.8,-21.8,-19.4
186.87,-10.8,-12.5,-30.5,-21.7,-19.3
186.88,-10.2,-12.8,-18.6,-22.7,-19.7
186.89,-9.1,-12.8,-14.1,-23.8,-20.1
186.90,-8.7,-12.7,-13.0,-23.0,-20.0
186.91,-8.3,-12.4,-12.3,-22.1,-20.1
186.92,-8.1,-12.2,-11.8,-21.7,-20.4
186.93,-8.8,-12.1,-13.7,-20.6,-20.4
186.94,-9.1,-12.1,-15.1,-20.0,-20.3
186.95,-9.6,-12.1,-16.1,-20.0,-20.5
186.96,-9.8,-12.1,-17.7,-19.9,-20.6
186.97,-10.0,-12.0,-19.7,-19.9,-20.9
186.98,-10.2,-12.1,-20.2,-19.8,-20.8
186.99,-10.4,-12.2,-21.2,-19.9,-21.0
187.00,-10.5,-12.4,-21.4,-20.1,-20.8
187.01,-10.5,-12.6,-20.3,-20.1,-20.6
187.02,-10.4,-12.8,-20.0,-20.3,-20.4
187.03,-10.3,-12.7,-20.2,-20.4,-20.2
187.04,-10.3,-12.5,-20.5,-20.4,-20.0
187.05,-10.0,-12.2,-20.7,-20.7,-19.7
187.06,-9.9,-12.0,-21.5,-20.7,-20.0
187.07,-10.1,-11.8,-22.6,-20.5,-20.4
187.08,-9.7,-11.5,-23.7,-20.4,-20.5
187.09,-9.9,-11.4,-24.6,-20.2,-20.8
187.10,-9.9,-11.3,-26.0,-20.2,-21.1
187.11,-9.9,-11.3,-27.4,-20.3,-21.4
187.12,-10.0,-11.5,-28.5,-19.9,-21.3
187.13,-10.3,-11.8,-29.1,-19.8,-21.1
187.14,-10.1,-12.0,-30.1,-19.4,-20.5
187.15,-10.2,-12.1,-32.4,-19.0,-20.1
187.16,-10.2,-12.2,-34.5,-18.9,-19.7
187.17,-10.4,-12.3,-36.7,-19.2,-19.9
187.18,-10.7,-12.5,-38.3,-19.5,-19.9
187.19,-11.0,-12.7,-37.4,-19.7,-20.0
187.20,-10.9,-12.8,-36.4,-19.9,-20.0
187.21,-11.0,-12.9,-34.9,-20.0,-20.1
187.22,-10.9,-13.0,-26.9,-20.2,-20.2
187.23,-9.1,-13.1,-15.1,-20.8,-20.5
187.24,-8.9,-13.2,-13.5,-21.4,-21.0
187.25,-8.7,-13.4,-12.8,-22.4,-21.4
187.26,-8.6,-13.4,-12.2,-23.7,-21.7
187.27,-8.9,-13.2,-12.6,-24.2,-21.8
187.28,-9.8,-13.0,-14.3,-23.9,-21.9
187.29,-10.0,-12.7,-15.5,-24.0,-22.1
187.30,-10.0,-12.2,-16.9,-22.3,-22.7
187.31,-10.3,-11.8,-19.0,-21.6,-23.2
187.32,-10.2,-11.5,-21.3,-21.2,-23.6
187.33,-10.0,-11.2,-23.0,-20.7,-23.6
187.34,-9.9,-11.0,-23.4,-20.3,-23.8
187.35,-9.8,-11.0,-22.1,-19.4,-24.0
187.36,-9.8,-11.1,-20.9,-19.3,-24.0
187.37,-9.8,-11.2,-20.6,-19.1,-24.3
187.38,-9.7,-11.3,-20.6,-19.4,-23.9
187.39,-9.7,-11.5,-20.0,-19.9,-22.4
187.40,-9.5,-11.8,-19.3,-20.5,-20.9
187.41,-9.7,-12.2,-19.5,-21.7,-20.1
187.42,-9.9,-12.4,-20.0,-23.2,-19.4
187.43,-10.1,-12.6,-20.7,-22.9,-19.2
187.44,-10.5,-12.6,-23.2,-23.9,-19.2
187.45,-10.4,-12.5,-25.9,-22.5,-19.0
187.46,-10.5,-12.3,-28.4,-21.5,-19.2
187.47,-10.2,-12.1,-28.0,-21.5,-19.4
187.48,-9.8,-11.9,-25.6,-21.1,-19.7
187.49,-9.6,-11.8,-24.0,-19.7,-20.0
187.50,-9.3,-11.9,-21.1,-20.5,-20.5
187.51,-8.6,-11.0,-20.2,-20.2,-20.6
187.52,-8.1,-10.3,-19.9,-20.0,-20.6
187.53,-8.5,-10.6,-19.3,-21.3,-20.5
187.54,-8.7,-10.6,-20.0,-21.9,-20.3
187.55,-9.1,-10.8,-20.7,-20.5,-20.0
187.56,-10.8,-13.5,-21.2,-20.9,-19.8
187.57,-11.4,-16.0,-22.3,-19.2,-19.3
187.58,-11.8,-17.9,-23.7,-18.5,-19.0
187.59,-12.9,-24.6,-24.7,-18.4,-18.4
187.60,-12.8,-27.0,-24.5,-18.3,-18.3
187.61,-13.0,-28.6,-23.4,-18.0,-18.3
187.62,-13.6,-30.1,-22.2,-19.1,-18.5
187.63,-13.5,-31.5,-22.1,-18.2,-19.0
187.64,-14.3,-33.0,-22.7,-19.0,-19.2
187.65,-14.2,-34.3,-24.3,-18.3,-19.2
187.66,-14.0,-34.5,-24.9,-18.3,-19.2
187.67,-13.3,-34.9,-24.1,-17.8,-19.1
187.68,-13.2,-34.9,-23.7,-17.9,-19.0
187.69,-13.1,-35.5,-23.4,-17.5,-18.9
187.70,-13.1,-36.6,-23.2,-17.8,-19.0
187.71,-13.6,-37.2,-24.5,-17.5,-19.5
187.72,-13.7,-38.4,-25.8,-17.9,-19.8
187.73,-13.9,-40.3,-23.4,-18.2,-20.1
187.74,-13.1,-41.8,-18.7,-19.2,-20.4
187.75,-12.3,-41.7,-17.3,-19.6,-19.8
187.76,-12.3,-41.4,-16.7,-21.1,-19.5
187.77,-11.2,-40.2,-16.2,-19.8,-18.5
187.78,-11.4,-40.0,-17.1,-19.9,-18.1
187.79,-11.4,-39.6,-18.8,-18.6,-18.0
187.80,-11.5,-40.0,-20.7,-18.4,-17.8
187.81,-11.8,-40.2,-22.4,-17.5,-17.8
187.82,-12.9,-40.9,-24.2,-18.2,-18.3
187.83,-12.7,-41.8,-25.5,-17.4,-18.4
187.84,-13.5,-41.9,-25.9,-18.1,-18.7
187.85,-13.1,-42.2,-25.1,-17.4,-18.6
187.86,-13.2,-42.3,-25.2,-18.2,-18.4
187.87,-12.8,-42.8,-25.9,-17.4,-18.2
187.88,-13.7,-43.0,-26.7,-17.9,-18.2
187.89,-12.9,-43.2,-28.2,-17.2,-18.0
187.90,-13.7,-44.1,-30.2,-17.5,-18.4
187.91,-13.4,-44.1,-25.1,-17.2,-18.3
187.92,-10.5,-45.0,-14.9,-17.4,-18.3
187.93,-9.8,-45.5,-13.1,-17.3,-18.4
187.94,-9.8,-46.2,-12.3,-17.8,-18.5
187.95,-9.4,-46.4,-11.8,-17.9,-18.3
187.96,-10.2,-47.6,-12.0,-19.0,-18.9
187.97,-11.8,-47.8,-13.6,-19.1,-19.0
187.98,-12.7,-48.6,-15.0,-19.4,-18.8
187.99,-12.7,-48.9,-16.4,-19.2,-18.6
188.00,-13.4,-49.6,-18.3,-18.7,-18.5
188.01,-13.3,-50.2,-20.5,-18.1,-18.6
188.02,-13.1,-50.6,-21.5,-17.7,-18.7
188.03,-13.1,-51.3,-21.7,-17.6,-18.9
188.04,-12.9,-51.8,-20.4,-17.4,-19.1
188.05,-13.1,-52.0,-19.8,-18.2,-19.2
188.06,-11.7,-53.1,-19.3,-17.3,-18.7
188.07,-12.1,-54.0,-19.6,-17.8,-18.9
188.08,-11.7,-54.6,-17.4,-17.9,-18.9
188.09,-11.2,-56.8,-15.9,-17.9,-18.7
188.10,-11.1,-58.7,-15.6,-18.3,-18.1
188.11,-10.6,-60.3,-15.2,-19.1,-17.5
188.12,-10.5,-61.0,-15.1,-19.4,-17.4
188.13,-11.2,-61.0,-17.0,-20.8,-17.1
188.14,-11.3,-60.9,-17.6,-20.8,-17.3
188.15,-11.4,-60.8,-18.0,-20.6,-17.9
188.16,-12.4,-60.4,-17.9,-22.6,-18.3
188.17,-12.6,-60.1,-17.9,-22.7,-18.7
188.18,-12.9,-60.0,-17.7,-23.8,-19.0
188.19,-12.4,-59.3,-16.8,-24.1,-18.7
188.20,-13.1,-58.4,-17.5,-24.3,-18.6
188.21,-13.2,-57.7,-17.3,-23.7,-18.7
188.22,-12.4,-57.7,-16.6,-22.5,-18.2
188.23,-12.7,-57.4,-17.4,-21.6,-18.0
188.24,-12.5,-57.7,-17.7,-20.7,-18.0
188.25,-12.3,-58.3,-17.8,-20.4,-18.1
188.26,-12.2,-58.3,-18.7,-20.0,-18.5
188.27,-12.9,-58.4,-20.2,-20.1,-19.1
188.28,-13.6,-58.3,-21.0,-20.7,-19.4
188.29,-14.8,-58.3,-22.6,-21.4,-19.8
188.30,-15.1,-58.5,-21.8,-21.9,-20.2
188.31,-14.8,-57.7,-21.0,-22.1,-19.7
188.32,-14.4,-56.8,-20.9,-21.9,-19.4
188.33,-13.8,-56.1,-20.6,-21.5,-19.1
188.34,-13.5,-55.7,-20.7,-21.6,-18.8
188.35,-13.9,-55.8,-21.7,-21.8,-18.7
188.36,-14.4,-56.7,-22.8,-22.4,-18.9
188.37,-14.8,-58.0,-22.5,-23.4,-18.9
188.38,-14.3,-59.6,-22.1,-22.3,-18.8
188.39,-14.6,-61.1,-22.6,-22.4,-19.0
188.40,-14.7,-61.7,-23.1,-21.5,-19.2
188.41,-15.1,-61.9,-23.3,-22.0,-19.3
188.42,-15.0,-62.5,-22.8,-21.5,-19.5
188.43,-14.3,-63.4,-18.8,-22.0,-19.6
188.44,-13.0,-64.1,-17.0,-21.0,-19.3
188.45,-12.7,-64.8,-16.1,-21.5,-18.6
188.46,-11.4,-65.0,-15.4,-20.0,-17.6
188.47,-11.5,-65.2,-15.6,-20.1,-17.3
188.48,-10.9,-64.8,-16.8,-18.4,-17.1
188.49,-11.3,-64.6,-17.6,-18.8,-16.9
188.50,-11.2,-64.9,-18.0,-17.7,-17.5
188.51,-12.0,-64.6,-19.1,-18.2,-17.9
188.52,-12.0,-64.2,-18.9,-17.8,-18.0
188.53,-12.3,-63.3,-19.1,-18.3,-18.3
188.54,-12.4,-62.4,-19.5,-17.9,-18.6
188.55,-12.2,-61.7,-19.0,-18.1,-18.8
188.56,-12.1,-60.9,-19.7,-17.8,-19.0
188.57,-12.7,-60.8,-20.3,-17.8,-18.8
188.58,-12.2,-60.6,-19.5,-17.7,-18.7
188.59,-12.9,-60.8,-20.1,-17.9,-18.8
188.60,-12.3,-60.9,-16.9,-17.8,-18.6
188.61,-10.4,-61.8,-13.2,-18.2,-18.9
188.62,-9.8,-62.1,-12.2,-18.6,-18.8
188.63,-9.7,-62.4,-11.8,-19.1,-18.0
188.64,-9.5,-62.4,-11.5,-20.4,-17.6
188.65,-9.7,-62.1,-12.2,-20.9,-17.0
188.66,-11.5,-61.7,-14.5,-21.5,-16.5
188.67,-12.2,-61.6,-15.6,-22.4,-16.3
188.68,-12.5,-61.4,-17.3,-21.7,-16.0
188.69,-13.3,-61.0,-20.8,-20.7,-16.0
188.70,-13.3,-60.5,-23.9,-21.4,-16.3
188.71,-13.5,-59.3,-25.7,-19.8,-16.7
188.72,-13.8,-57.9,-28.6,-19.6,-16.8
188.73,-14.1,-54.5,-26.7,-19.8,-17.0
188.74,-14.1,-47.6,-26.5,-19.8,-17.3
188.75,-14.0,-40.6,-26.5,-19.9,-17.3
188.76,-13.4,-31.5,-26.0,-20.4,-17.6
188.77,-12.0,-24.9,-19.7,-20.8,-18.1
188.78,-10.5,-21.2,-15.0,-22.9,-18.7
188.79,-9.3,-17.0,-13.4,-22.1,-19.4
188.80,-8.2,-12.7,-12.9,-23.3,-20.2
188.81,-7.3,-10.3,-12.8,-22.6,-20.5
188.82,-6.8,-8.8,-13.7,-21.7,-20.4
188.83,-6.6,-8.0,-15.5,-21.4,-20.0
188.84,-6.6,-7.7,-17.1,-21.9,-19.6
188.85,-6.9,-7.9,-18.7,-21.5,-19.2
188.86,-7.6,-8.8,-20.1,-21.3,-18.9
188.87,-8.4,-9.8,-22.6,-21.5,-18.7
188.88,-9.2,-10.7,-25.3,-21.9,-18.6
188.89,-9.9,-11.7,-26.3,-20.9,-18.3
188.90,-9.8,-11.8,-25.6,-20.9,-18.1
188.91,-9.8,-11.5,-25.7,-20.9,-17.9
188.92,-9.4,-11.2,-25.2,-20.6,-17.7
188.93,-9.6,-11.1,-25.3,-20.9,-17.7
188.94,-9.4,-11.1,-26.3,-20.4,-17.6
188.95,-9.2,-10.8,-27.4,-20.4,-17.7
188.96,-9.1,-10.6,-28.1,-20.3,-18.0
188.97,-9.1,-10.5,-27.3,-20.0,-18.4
188.98,-9.1,-10.4,-26.7,-20.2,-18.8
188.99,-9.3,-10.6,-26.0,-20.3,-19.3
189.00,-9.5,-10.9,-25.7,-20.3,-19.6
189.01,-9.9,-11.2,-25.6,-21.6,-19.5
189.02,-9.8,-11.1,-26.0,-21.8,-19.4
189.03,-10.0,-11.3,-26.9,-24.1,-19.3
189.04,-10.4,-11.4,-28.4,-25.8,-19.5
189.05,-10.3,-11.3,-30.1,-28.9,-19.9
189.06,-11.0,-12.0,-32.0,-30.5,-20.3
189.07,-11.6,-12.7,-33.8,-31.6,-20.9
189.08,-12.0,-12.9,-33.6,-35.1,-21.6
189.09,-12.4,-13.5,-30.0,-35.8,-21.9
189.10,-12.5,-13.4,-29.6,-44.2,-22.4
189.11,-12.4,-13.3,-29.2,-46.1,-22.9
189.12,-11.8,-12.7,-28.2,-49.6,-23.0
189.13,-11.3,-12.0,-28.5,-51.7,-23.5
189.14,-10.8,-11.3,-30.1,-54.6,-23.8
189.15,-10.4,-10.8,-29.9,-54.7,-24.1
189.16,-10.0,-10.3,-30.6,-57.9,-25.1
189.17,-10.0,-10.2,-31.7,-55.0,-25.2
189.18,-10.0,-10.2,-32.1,-46.6,-25.6
189.19,-10.0,-10.3,-31.0,-44.7,-26.4
189.20,-10.4,-10.6,-29.9,-44.5,-27.0
189.21,-10.8,-11.0,-30.1,-44.4,-27.8
189.22,-10.9,-11.2,-30.0,-44.8,-28.7
189.23,-10.6,-10.9,-30.0,-51.1,-29.5
189.24,-10.1,-10.4,-31.3,-60.8,-30.3
189.25,-9.7,-9.9,-31.1,-64.2,-30.8
189.26,-9.8,-10.0,-30.6,-66.2,-31.5
189.27,-9.8,-10.0,-29.5,-66.4,-31.8
189.28,-9.9,-10.2,-26.2,-64.5,-31.7
189.29,-9.9,-10.8,-19.6,-62.8,-29.1
189.30,-9.6,-11.0,-18.5,-59.9,-23.7
189.31,-9.3,-11.0,-17.9,-46.8,-21.4
189.32,-9.4,-11.8,-17.2,-37.6,-20.3
189.33,-9.5,-12.5,-17.8,-25.4,-19.4
189.34,-9.6,-13.0,-19.0,-22.0,-18.9
189.35,-9.8,-14.3,-18.3,-20.3,-19.2
189.36,-10.0,-15.6,-18.4,-19.0,-19.0
189.37,-10.7,-16.8,-18.7,-18.2,-18.7
189.38,-11.4,-18.8,-18.8,-17.6,-18.2
189.39,-11.8,-19.9,-19.5,-17.3,-17.9
189.40,-12.3,-19.9,-20.8,-17.1,-17.7
189.41,-11.9,-19.4,-20.5,-17.0,-17.7
189.42,-11.2,-19.3,-20.3,-16.6,-17.4
189.43,-10.9,-18.9,-20.2,-16.5,-17.8
189.44,-10.5,-18.0,-19.7,-16.8,-17.8
189.45,-11.0,-17.7,-20.3,-16.9,-17.8
189.46,-11.0,-17.5,-20.5,-17.1,-17.6
189.47,-11.0,-17.2,-21.2,-17.5,-17.2
189.48,-11.4,-17.3,-23.2,-18.6,-17.0
189.49,-12.0,-18.2,-23.6,-20.1,-16.7
189.50,-11.9,-17.4,-23.4,-21.6,-16.7
189.51,-11.3,-16.0,-22.4,-23.5,-16.9
189.52,-10.6,-14.4,-22.4,-24.4,-17.0
189.53,-9.8,-12.7,-23.1,-24.3,-17.2
189.54,-9.1,-11.5,-24.0,-23.5,-17.8
189.55,-8.9,-10.8,-25.6,-22.8,-17.9
189.56,-8.5,-10.4,-25.7,-22.3,-17.9
189.57,-8.4,-10.2,-24.3,-22.3,-18.0
189.58,-8.1,-10.3,-23.9,-21.0,-17.9
189.59,-8.5,-10.7,-23.8,-21.4,-18.0
189.60,-9.1,-11.7,-23.7,-21.6,-18.4
189.61,-10.0,-13.5,-24.6,-21.6,-18.4
189.62,-10.5,-14.9,-25.5,-21.5,-18.8
189.63,-11.5,-16.7,-25.6,-21.2,-18.9
189.64,-10.4,-15.0,-18.7,-21.3,-18.9
189.65,-8.8,-13.5,-14.3,-21.9,-19.3
189.66,-7.9,-12.1,-12.8,-22.5,-19.6
189.67,-7.6,-11.6,-11.9,-23.4,-19.9
189.68,-7.2,-11.3,-11.1,-23.9,-20.5
189.69,-7.9,-11.6,-12.5,-24.1,-20.3
189.70,-8.7,-11.6,-14.2,-22.8,-20.4
189.71,-9.0,-11.9,-15.5,-22.1,-19.8
189.72,-9.8,-12.3,-18.0,-21.1,-19.5
189.73,-10.1,-12.4,-21.0,-20.6,-19.2
189.74,-10.2,-12.7,-23.0,-20.5,-18.6
189.75,-10.6,-13.4,-24.4,-20.0,-18.6
189.76,-10.8,-14.1,-26.0,-19.7,-18.4
189.77,-11.1,-14.6,-25.8,-19.9,-18.4
189.78,-11.4,-14.9,-24.5,-19.7,-18.5
189.79,-11.4,-14.9,-23.3,-19.5,-18.7
189.80,-11.3,-14.6,-22.3,-19.6,-19.1
189.81,-10.6,-14.6,-17.3,-20.4,-19.6
189.82,-9.8,-14.1,-14.4,-21.5,-20.4
189.83,-9.0,-13.0,-13.4,-21.7,-20.7
189.84,-8.6,-12.4,-12.9,-22.4,-20.8
189.85,-8.4,-11.9,-12.6,-23.0,-21.4
189.86,-8.6,-11.3,-14.3,-22.4,-21.4
189.87,-9.1,-11.3,-16.3,-22.8,-21.7
189.88,-9.4,-11.4,-17.6,-22.6,-21.9
189.89,-9.8,-11.5,-19.2,-22.2,-22.0
189.90,-9.8,-11.5,-21.7,-22.3,-21.9
189.91,-10.1,-11.7,-23.7,-22.4,-22.3
189.92,-10.1,-11.7,-25.0,-22.4,-22.4
189.93,-10.5,-11.9,-25.7,-22.5,-22.5
189.94,-10.4,-12.2,-25.5,-22.4,-22.2
189.95,-10.6,-12.6,-25.5,-22.0,-21.9
189.96,-11.0,-13.1,-25.8,-22.1,-21.9
189.97,-10.9,-13.7,-24.4,-22.6,-21.8
189.98,-10.5,-14.0,-19.6,-22.6,-21.7
189.99,-10.6,-14.4,-18.3,-23.3,-21.7
190.00,-10.6,-14.9,-17.7,-23.5,-21.3
190.01,-10.6,-15.5,-17.4,-23.2,-20.3
190.02,-11.4,-16.5,-18.9,-21.7,-19.3
190.03,-11.7,-17.6,-21.3,-21.2,-18.7
190.04,-12.0,-17.7,-23.9,-19.9,-18.4
190.05,-11.8,-17.0,-25.3,-20.0,-18.0
190.06,-11.4,-16.6,-26.0,-19.1,-18.1
190.07,-11.3,-15.3,-25.7,-19.3,-18.3
190.08,-10.8,-14.2,-25.5,-18.7,-18.7
190.09,-10.8,-13.7,-25.9,-18.9,-18.8
190.10,-10.2,-13.3,-25.2,-18.2,-18.9
190.11,-10.0,-12.6,-24.4,-18.3,-19.2
190.12,-10.2,-12.8,-24.9,-18.0,-19.3
190.13,-10.5,-13.3,-24.3,-18.1,-19.5
190.14,-10.3,-13.4,-23.7,-18.0,-19.6
190.15,-9.3,-12.3,-24.2,-18.8,-20.0
190.16,-8.6,-11.5,-15.7,-19.7,-20.6
190.17,-8.0,-11.0,-13.8,-21.5,-21.1
190.18,-7.4,-10.2,-13.2,-22.3,-21.5
190.19,-7.6,-10.3,-12.7,-23.1,-22.2
190.20,-8.1,-11.2,-12.9,-21.4,-22.9
190.21,-8.7,-11.5,-14.9,-20.5,-22.7
190.22,-9.5,-12.3,-16.7,-19.7,-22.8
190.23,-10.0,-13.1,-18.0,-19.3,-22.7
190.24,-10.6,-13.5,-19.8,-19.4,-22.8
190.25,-11.2,-14.0,-22.0,-19.3,-22.8
190.26,-11.0,-13.9,-23.2,-18.9,-22.6
190.27,-10.9,-13.4,-23.2,-18.7,-22.5
190.28,-10.5,-12.8,-21.7,-19.0,-22.8
190.29,-9.9,-12.0,-20.7,-19.0,-23.2
190.30,-9.6,-11.4,-20.4,-18.9,-23.3
190.31,-9.2,-10.8,-20.8,-19.1,-23.5
190.32,-9.1,-10.5,-21.2,-19.3,-23.8
190.33,-9.1,-10.7,-21.8,-19.2,-23.6
190.34,-9.3,-11.0,-22.7,-19.3,-23.0
190.35,-9.7,-11.2,-23.3,-19.9,-23.6
190.36,-10.1,-11.8,-23.9,-20.0,-23.4
190.37,-10.1,-11.9,-24.6,-19.8,-22.6
190.38,-10.3,-11.8,-25.4,-20.5,-22.8
190.39,-10.2,-11.7,-26.1,-20.3,-22.4
190.40,-10.2,-11.8,-27.4,-20.1,-21.2
190.41,-11.0,-12.7,-29.0,-19.9,-21.0
190.42,-11.6,-13.8,-30.5,-19.7,-20.3
190.43,-12.4,-15.4,-31.7,-19.7,-19.8
190.44,-13.3,-18.4,-32.1,-18.8,-19.7
190.45,-14.0,-21.2,-32.2,-19.3,-19.4
190.46,-14.0,-23.2,-31.9,-18.7,-18.9
190.47,-14.6,-27.7,-31.9,-19.2,-18.8
190.48,-14.5,-28.5,-31.4,-18.9,-18.5
190.49,-14.4,-25.2,-27.4,-19.0,-18.7
190.50,-11.7,-20.0,-18.6,-18.9,-19.0
190.51,-9.9,-16.4,-14.7,-19.6,-19.7
190.52,-9.1,-14.5,-13.4,-20.4,-20.5
190.53,-8.7,-14.1,-12.7,-20.9,-20.9
190.54,-8.6,-14.1,-12.4,-21.1,-21.2
190.55,-9.9,-14.8,-13.9,-21.8,-21.1
190.56,-11.1,-17.2,-15.7,-21.6,-20.9
190.57,-11.8,-18.5,-16.9,-21.2,-20.5
190.58,-12.5,-18.7,-18.4,-21.9,-20.5
190.59,-12.5,-18.6,-20.3,-21.4,-20.4
190.60,-12.5,-18.4,-21.5,-21.1,-20.5
190.61,-12.2,-17.8,-22.5,-21.1,-20.6
190.62,-12.7,-18.3,-22.5,-21.2,-20.8
190.63,-12.8,-18.6,-21.5,-20.9,-20.9
190.64,-12.8,-19.1,-21.0,-21.0,-20.9
190.65,-12.9,-19.1,-20.8,-21.6,-20.8
190.66,-13.1,-18.8,-20.3,-23.1,-21.0
190.67,-11.8,-18.0,-17.9,-23.5,-21.0
190.68,-11.2,-16.7,-17.4,-25.6,-21.5
190.69,-10.2,-14.5,-17.2,-23.4,-22.0
190.70,-9.9,-13.5,-17.2,-22.8,-22.3
190.71,-9.3,-12.4,-18.6,-20.5,-21.7
190.72,-9.0,-11.0,-20.7,-20.3,-21.8
190.73,-8.6,-10.5,-23.4,-18.9,-21.7
190.74,-8.6,-10.5,-25.8,-19.5,-21.7
190.75,-8.7,-10.5,-27.9,-18.4,-21.9
190.76,-9.3,-11.0,-30.0,-18.9,-22.2
190.77,-9.6,-11.7,-30.9,-18.0,-21.6
190.78,-10.5,-12.7,-32.0,-18.6,-20.9
190.79,-11.0,-14.1,-31.9,-17.8,-20.5
190.80,-11.6,-15.8,-31.9,-18.2,-20.1
190.81,-11.9,-18.1,-31.9,-17.7,-19.5
190.82,-13.1,-21.4,-32.0,-17.9,-19.6
190.83,-13.4,-24.9,-32.7,-17.4,-19.4
190.84,-13.6,-23.5,-33.4,-17.8,-18.6
190.85,-13.2,-22.4,-34.1,-17.7,-18.2
190.86,-12.9,-21.4,-34.5,-18.5,-17.5
190.87,-12.2,-20.5,-34.6,-18.5,-17.4
190.88,-12.4,-20.5,-34.4,-19.8,-17.4
190.89,-12.4,-20.8,-34.2,-20.1,-17.3
190.90,-12.5,-18.8,-34.2,-22.3,-17.7
190.91,-11.6,-16.2,-34.0,-22.0,-17.9
190.92,-10.8,-13.6,-34.1,-23.6,-17.9
190.93,-9.5,-11.8,-33.9,-23.3,-18.2
190.94,-9.5,-11.4,-33.7,-23.3,-18.6
190.95,-8.7,-10.4,-33.9,-23.1,-18.7
190.96,-8.8,-10.2,-34.1,-23.1,-19.1
190.97,-8.9,-10.5,-34.3,-23.3,-19.3
190.98,-8.9,-10.5,-34.7,-23.2,-19.1
190.99,-8.2,-9.9,-35.2,-22.8,-19.1
191.00,-8.6,-10.1,-35.5,-23.9,-19.3
191.01,-8.0,-9.5,-31.4,-24.3,-19.4
191.02,-8.2,-9.8,-18.7,-25.0,-19.4
191.03,-7.3,-9.7,-14.3,-25.6,-20.2
191.04,-7.3,-9.9,-13.0,-24.6,-20.6
191.05,-7.1,-10.6,-12.0,-23.6,-20.7
191.06,-7.2,-11.2,-11.3,-23.8,-21.0
191.07,-7.7,-11.2,-12.8,-23.9,-21.1
191.08,-8.6,-12.0,-14.4,-24.3,-20.5
191.09,-9.4,-12.4,-15.7,-24.7,-20.4
191.10,-10.1,-12.6,-18.2,-23.8,-20.0
191.11,-10.4,-12.7,-21.5,-22.8,-19.9
191.12,-10.6,-12.9,-23.7,-21.8,-20.1
191.13,-10.4,-12.6,-24.8,-21.5,-20.2
191.14,-10.5,-12.6,-27.2,-21.7,-20.6
191.15,-10.5,-12.4,-27.7,-21.7,-20.8
191.16,-10.3,-12.1,-26.2,-21.7,-21.0
191.17,-10.5,-12.3,-24.9,-21.8,-21.3
191.18,-10.7,-12.4,-23.3,-22.1,-21.6
191.19,-10.0,-12.5,-17.0,-22.7,-21.6
191.20,-9.6,-12.7,-13.8,-23.1,-21.8
191.21,-8.9,-12.6,-12.9,-23.2,-21.9
191.22,-8.7,-12.2,-12.3,-22.6,-21.7
191.23,-8.2,-12.0,-12.0,-22.1,-21.3
191.24,-8.9,-12.2,-14.1,-21.7,-21.2
191.25,-9.6,-12.4,-15.8,-21.8,-20.5
191.26,-9.8,-12.4,-17.1,-22.1,-20.7
191.27,-10.5,-13.3,-18.5,-22.2,-20.7
191.28,-11.5,-14.1,-20.3,-22.2,-20.4
191.29,-12.4,-15.6,-21.8,-21.4,-20.4
191.30,-13.1,-17.7,-22.6,-20.9,-20.1
191.31,-14.1,-25.0,-22.9,-20.4,-19.1
191.32,-14.4,-29.9,-23.7,-20.0,-19.1
191.33,-14.2,-33.2,-23.5,-19.7,-18.8
191.34,-14.3,-33.8,-23.7,-19.9,-18.6
191.35,-14.1,-31.6,-21.9,-20.2,-19.2
191.36,-13.3,-22.6,-18.0,-20.8,-19.7
191.37,-11.1,-15.8,-17.0,-21.6,-20.3
191.38,-9.9,-13.0,-16.5,-22.6,-20.9
191.39,-9.1,-11.7,-16.2,-23.4,-21.7
191.40,-8.6,-10.6,-17.2,-24.2,-21.7
191.41,-8.5,-10.3,-19.7,-24.3,-21.6
191.42,-9.0,-10.6,-21.4,-23.8,-21.8
191.43,-9.6,-11.4,-23.0,-22.7,-21.9
191.44,-9.9,-11.6,-24.9,-22.3,-21.9
191.45,-10.3,-12.1,-26.5,-22.1,-21.9
191.46,-11.0,-13.0,-27.7,-22.2,-21.6
191.47,-10.9,-12.9,-28.8,-22.3,-21.0
191.48,-10.7,-12.7,-29.3,-22.1,-20.5
191.49,-10.9,-12.8,-29.6,-21.8,-20.2
191.50,-10.6,-12.6,-30.3,-21.5,-20.0
191.51,-10.5,-12.5,-30.7,-21.3,-20.0
191.52,-10.3,-12.4,-30.7,-21.3,-20.4
191.53,-10.4,-12.4,-26.8,-21.9,-21.0
191.54,-9.2,-12.3,-15.0,-23.1,-21.6
191.55,-8.4,-11.8,-13.6,-23.3,-22.7
191.56,-8.0,-11.2,-12.9,-23.1,-23.6
191.57,-7.3,-10.1,-12.5,-22.3,-24.1
191.58,-7.6,-9.9,-13.1,-21.3,-24.5
191.59,-8.1,-9.8,-15.2,-20.0,-24.2
191.60,-8.6,-10.2,-16.7,-19.4,-24.2
191.61,-9.6,-11.3,-18.2,-19.2,-24.6
191.62,-10.4,-12.3,-20.3,-19.1,-24.5
191.63,-10.9,-13.0,-22.0,-18.7,-24.7
191.64,-11.2,-13.5,-22.7,-18.4,-25.0
191.65,-11.7,-13.6,-22.5,-18.6,-24.9
191.66,-11.4,-13.4,-21.4,-18.6,-25.0
191.67,-10.9,-12.9,-20.6,-18.3,-25.2
191.68,-10.5,-12.5,-20.5,-18.2,-24.7
191.69,-10.1,-12.1,-20.5,-18.3,-24.5
191.70,-9.7,-11.5,-20.7,-18.3,-24.3
191.71,-9.4,-11.2,-21.0,-18.1,-24.3
191.72,-9.4,-11.2,-21.7,-17.8,-24.1
191.73,-9.6,-11.3,-22.3,-17.8,-24.8
191.74,-9.5,-11.5,-23.2,-17.6,-24.6
191.75,-9.9,-12.0,-24.2,-17.9,-24.1
191.76,-10.2,-12.5,-25.5,-17.8,-23.8
191.77,-10.7,-12.9,-26.6,-18.3,-24.2
191.78,-11.1,-12.9,-27.7,-18.9,-23.8
191.79,-11.3,-13.4,-28.4,-19.1,-22.8
191.80,-11.9,-14.1,-28.8,-19.4,-22.4
191.81,-12.6,-15.0,-29.0,-20.1,-22.2
191.82,-13.1,-15.9,-29.1,-20.5,-22.0
191.83,-13.7,-17.5,-29.2,-21.2,-21.2
191.84,-14.5,-18.9,-29.4,-21.2,-21.5
191.85,-14.5,-20.0,-29.3,-21.2,-21.3
191.86,-14.8,-21.8,-29.3,-21.1,-20.9
191.87,-14.7,-23.2,-24.9,-20.9,-20.9
191.88,-14.0,-26.6,-17.8,-21.3,-21.0
191.89,-11.6,-29.2,-13.5,-21.9,-21.1
191.90,-10.7,-31.6,-12.3,-22.2,-20.5
191.91,-9.7,-34.4,-11.6,-20.9,-20.1
191.92,-9.6,-35.3,-11.2,-20.9,-19.1
191.93,-10.2,-36.2,-12.9,-18.7,-18.1
191.94,-11.4,-38.6,-14.5,-18.7,-17.7
191.95,-11.3,-37.5,-15.7,-17.2,-17.4
191.96,-12.2,-35.3,-17.5,-17.6,-17.3
191.97,-11.8,-33.6,-19.5,-17.0,-17.1
191.98,-11.8,-31.7,-21.1,-16.7,-17.3
191.99,-11.9,-30.6,-22.1,-16.6,-17.2
192.00,-11.7,-28.6,-22.3,-16.2,-17.4
192.01,-12.0,-27.1,-21.2,-16.9,-17.7
192.02,-11.7,-26.0,-20.7,-16.2,-17.8
192.03,-11.6,-25.3,-20.6,-17.0,-17.5
192.04,-11.6,-24.5,-19.5,-16.3,-18.1
192.05,-11.3,-23.9,-16.5,-17.2,-18.2
192.06,-10.5,-22.2,-16.0,-17.0,-17.7
192.07,-10.8,-21.5,-15.5,-17.7,-17.8
192.08,-10.0,-20.9,-15.4,-17.1,-17.9
192.09,-10.1,-20.4,-16.5,-17.2,-17.6
192.10,-10.4,-20.5,-18.3,-17.4,-17.6
192.11,-10.6,-21.5,-20.1,-16.7,-17.5
192.12,-10.5,-22.5,-21.3,-16.5,-17.3
192.13,-11.3,-24.0,-23.2,-16.8,-17.5
192.14,-11.2,-27.5,-24.8,-16.7,-17.3
192.15,-11.4,-32.5,-26.5,-16.6,-17.5
192.16,-11.5,-36.4,-27.8,-16.6,-17.6
192.17,-12.2,-40.3,-29.0,-16.9,-18.1
192.18,-12.6,-40.2,-29.5,-16.8,-18.9
192.19,-12.5,-33.5,-29.9,-16.7,-19.0
192.20,-12.6,-26.8,-30.3,-17.0,-19.6
192.21,-10.2,-13.6,-31.1,-17.3,-20.5
192.22,-9.4,-11.8,-31.8,-17.3,-21.5
192.23,-8.8,-10.8,-32.7,-17.4,-22.0
192.24,-8.3,-9.7,-34.1,-18.1,-23.5
192.25,-8.0,-9.1,-34.4,-19.0,-23.1
192.26,-8.9,-9.9,-34.7,-19.6,-23.2
192.27,-8.8,-9.8,-34.8,-20.1,-21.8
192.28,-9.0,-10.0,-35.0,-20.8,-20.8
192.29,-9.4,-10.5,-35.7,-20.8,-20.3
192.30,-9.9,-11.2,-36.0,-20.4,-20.1
192.31,-10.4,-12.1,-36.6,-20.3,-18.8
192.32,-10.9,-13.0,-37.2,-20.2,-18.6
192.33,-11.4,-14.0,-36.9,-20.0,-18.4
192.34,-12.5,-15.4,-36.5,-20.0,-18.6
192.35,-12.7,-17.1,-36.6,-19.7,-18.3
192.36,-13.5,-19.3,-36.5,-19.6,-18.5
192.37,-14.3,-22.4,-36.4,-19.5,-18.9
192.38,-14.6,-25.4,-36.7,-19.3,-18.7
192.39,-14.5,-27.8,-31.8,-19.7,-18.8
192.40,-12.6,-21.3,-17.7,-20.3,-19.6
192.41,-10.3,-18.9,-13.5,-20.8,-20.1
192.42,-9.5,-16.9,-12.5,-21.2,-20.7
192.43,-8.2,-14.0,-11.5,-21.3,-21.7
192.44,-7.4,-11.7,-10.9,-21.5,-22.1
192.45,-7.8,-10.7,-12.7,-21.1,-23.0
192.46,-8.0,-10.0,-14.5,-20.9,-23.2
192.47,-8.2,-9.9,-16.0,-21.1,-23.3
192.48,-9.2,-10.4,-19.2,-21.5,-23.2
192.49,-9.8,-11.2,-22.4,-20.9,-22.6
192.50,-10.3,-11.8,-24.2,-20.4,-22.1
192.51,-10.4,-12.2,-25.5,-20.0,-21.7
192.52,-10.6,-12.5,-27.7,-19.5,-21.7
192.53,-10.5,-12.5,-26.9,-19.4,-21.4
192.54,-10.6,-12.5,-25.4,-19.3,-21.9
192.55,-10.5,-12.6,-24.5,-19.6,-21.7
192.56,-10.5,-12.6,-23.5,-19.7,-22.0
192.57,-9.8,-12.5,-17.7,-20.5,-22.4
192.58,-9.1,-12.6,-14.6,-21.1,-22.8
192.59,-8.9,-12.6,-13.4,-22.0,-23.3
192.60,-8.6,-12.7,-12.7,-22.3,-23.4
192.61,-8.5,-12.5,-12.3,-21.2,-23.1
192.62,-8.9,-13.0,-13.5,-20.7,-23.0
192.63,-9.8,-13.7,-15.2,-19.1,-22.7
192.64,-10.7,-14.7,-16.4,-19.6,-22.2
192.65,-11.7,-16.6,-18.2,-18.4,-21.5
192.66,-12.1,-19.1,-20.3,-18.7,-19.8
192.67,-12.8,-21.8,-22.3,-18.2,-19.1
192.68,-13.0,-21.6,-22.9,-18.4,-19.0
192.69,-12.8,-20.7,-22.4,-18.5,-18.9
192.70,-13.0,-20.1,-21.5,-18.4,-19.7
192.71,-13.4,-19.6,-20.9,-19.2,-20.2
192.72,-12.7,-19.1,-20.9,-18.6,-20.1
192.73,-12.8,-18.9,-20.1,-19.3,-20.0
192.74,-12.0,-19.1,-18.1,-18.5,-19.9
192.75,-12.0,-19.6,-17.9,-19.9,-19.5
192.76,-11.7,-20.2,-17.5,-19.3,-19.0
192.77,-11.3,-20.9,-17.4,-19.1,-18.8
192.78,-11.3,-21.0,-18.5,-18.3,-18.4
192.79,-11.0,-19.5,-20.1,-18.0,-18.3
192.80,-10.1,-15.6,-21.6,-17.2,-18.5
192.81,-8.9,-12.2,-23.1,-17.0,-18.9
192.82,-8.6,-10.7,-25.8,-17.0,-19.2
192.83,-7.6,-9.3,-28.2,-17.1,-19.2
192.84,-7.2,-8.7,-30.9,-17.1,-19.2
192.85,-7.2,-8.6,-33.1,-17.0,-19.2
192.86,-7.2,-8.5,-34.6,-17.2,-19.3
192.87,-7.2,-8.4,-35.7,-17.2,-20.3
192.88,-7.1,-8.3,-36.4,-17.1,-20.1
192.89,-7.5,-8.9,-37.1,-17.0,-20.1
192.90,-7.8,-9.4,-37.4,-17.2,-20.4
192.91,-8.3,-10.2,-30.4,-17.1,-19.9
192.92,-8.4,-12.0,-15.4,-17.4,-20.0
192.93,-8.9,-13.2,-13.2,-18.5,-20.5
192.94,-8.4,-13.2,-12.2,-19.0,-20.1
192.95,-7.9,-13.2,-11.3,-19.9,-20.3
192.96,-8.4,-13.9,-11.4,-20.5,-20.1
192.97,-9.1,-14.9,-12.7,-20.1,-19.4
192.98,-9.9,-16.4,-14.1,-19.9,-19.1
192.99,-11.3,-19.0,-15.5,-20.7,-18.6
193.00,-13.2,-24.5,-18.1,-20.8,-17.9
193.01,-13.6,-28.8,-20.9,-20.5,-17.6
193.02,-13.6,-31.1,-22.6,-20.3,-17.0
193.03,-14.0,-33.4,-25.0,-20.0,-17.0
193.04,-14.0,-35.3,-27.1,-19.7,-16.8
193.05,-14.3,-31.4,-26.3,-19.6,-16.7
193.06,-12.9,-21.2,-25.1,-19.5,-17.0
193.07,-10.5,-13.8,-24.5,-19.6,-17.4
193.08,-9.7,-12.1,-24.6,-19.9,-17.3
193.09,-8.9,-11.2,-24.6,-20.1,-17.3
193.10,-8.1,-10.3,-24.8,-20.1,-17.5
193.11,-8.3,-10.5,-25.0,-20.2,-17.1
193.12,-8.8,-11.5,-25.0,-20.2,-17.3
193.13,-8.7,-11.8,-25.4,-20.3,-17.0
193.14,-9.2,-12.2,-25.9,-20.7,-17.3
193.15,-9.5,-12.3,-26.8,-21.1,-17.4
193.16,-10.0,-12.4,-27.6,-21.4,-17.7
193.17,-9.8,-12.2,-28.6,-21.1,-17.5
193.18,-10.0,-11.9,-29.3,-21.0,-18.0
193.19,-9.7,-11.6,-30.9,-20.6,-18.1
193.20,-9.4,-11.2,-32.3,-20.4,-18.5
193.21,-9.1,-11.0,-33.4,-20.4,-18.6
193.22,-9.7,-11.6,-34.5,-20.6,-18.6
193.23,-10.0,-12.3,-34.6,-20.8,-19.0
193.24,-10.4,-12.9,-33.6,-21.3,-19.1
193.25,-10.7,-13.8,-26.6,-21.5,-19.1
193.26,-9.5,-13.0,-18.0,-22.0,-19.7
193.27,-8.5,-11.9,-14.6,-22.2,-20.2
193.28,-8.0,-11.1,-13.6,-23.0,-21.1
193.29,-7.9,-11.1,-13.1,-22.3,-21.6
193.30,-8.1,-11.3,-12.8,-21.5,-21.7
193.31,-8.9,-12.2,-15.0,-21.1,-21.2
193.32,-10.0,-13.7,-16.6,-21.0,-20.8
193.33,-10.9,-15.9,-17.5,-20.6,-20.1
193.34,-11.7,-18.7,-17.8,-20.9,-19.5
193.35,-10.9,-20.9,-14.6,-21.2,-19.2
193.36,-10.9,-27.7,-13.5,-21.3,-19.0
193.37,-10.5,-30.8,-13.1,-20.2,-18.6
193.38,-10.5,-34.0,-12.8,-20.2,-18.4
193.39,-10.8,-35.9,-13.5,-21.1,-18.4
193.40,-12.1,-36.0,-15.7,-19.8,-18.4
193.41,-12.9,-35.7,-17.1,-20.0,-18.5
193.42,-12.4,-32.9,-17.1,-19.8,-18.8
193.43,-11.6,-25.2,-15.7,-19.4,-18.3
193.44,-10.6,-16.7,-15.7,-20.2,-18.0
193.45,-9.2,-13.5,-15.6,-21.7,-17.5
193.46,-8.6,-11.8,-15.5,-22.8,-17.1
193.47,-8.2,-10.8,-17.2,-24.0,-17.1
193.48,-8.3,-10.4,-18.3,-24.4,-17.4
193.49,-8.5,-10.8,-19.1,-22.3,-17.6
193.50,-8.9,-11.2,-20.0,-21.9,-17.8
193.51,-8.9,-11.1,-21.4,-21.7,-18.0
193.52,-9.1,-11.4,-22.1,-21.5,-17.7
193.53,-9.4,-11.7,-23.2,-21.7,-17.9
193.54,-9.9,-11.8,-24.2,-22.0,-18.4
193.55,-10.2,-12.1,-25.2,-21.8,-19.1
193.56,-10.4,-12.4,-26.0,-21.6,-19.4
193.57,-11.0,-13.3,-26.8,-21.5,-19.6
193.58,-11.3,-14.2,-27.4,-21.7,-19.1
193.59,-12.1,-16.2,-26.8,-21.8,-18.8
193.60,-11.6,-16.9,-22.0,-21.7,-18.7
193.61,-10.2,-15.4,-14.5,-22.4,-18.8
193.62,-8.7,-12.8,-13.2,-22.5,-19.0
193.63,-8.1,-11.4,-12.7,-22.9,-19.4
193.64,-7.6,-10.4,-12.4,-23.3,-19.4
193.65,-7.7,-10.2,-13.0,-22.8,-19.4
193.66,-7.9,-10.3,-14.9,-23.1,-19.5
193.67,-9.2,-11.1,-16.4,-22.9,-19.5
193.68,-9.0,-11.5,-17.6,-23.0,-19.4
193.69,-9.9,-13.0,-17.1,-23.0,-19.2
193.70,-9.8,-14.5,-14.9,-22.7,-18.8
193.71,-10.1,-17.0,-13.9,-22.2,-18.7
193.72,-10.0,-20.1,-13.2,-21.6,-18.1
193.73,-10.1,-26.6,-12.5,-21.2,-18.0
193.74,-10.4,-31.2,-13.6,-20.3,-17.8
193.75,-11.3,-35.0,-14.6,-20.1,-17.9
193.76,-11.1,-35.9,-15.6,-19.7,-17.6
193.77,-11.2,-34.2,-15.7,-19.6,-18.0
193.78,-10.8,-27.5,-16.7,-19.6,-17.7
193.79,-10.6,-17.4,-17.7,-19.9,-18.3
193.80,-9.3,-12.7,-18.6,-20.1,-18.9
193.81,-8.8,-11.3,-19.7,-20.3,-19.5
193.82,-8.4,-10.0,-23.3,-20.4,-20.4
193.83,-7.7,-9.1,-22.6,-20.4,-21.4
193.84,-8.0,-9.5,-21.9,-20.2,-22.1
193.85,-8.3,-10.0,-22.2,-20.0,-22.0
193.86,-8.3,-10.0,-22.4,-20.0,-22.1
193.87,-8.8,-10.7,-22.7,-20.1,-21.9
193.88,-9.1,-10.9,-24.1,-20.3,-21.7
193.89,-9.2,-10.9,-24.2,-20.7,-21.0
193.90,-9.1,-10.9,-24.3,-20.9,-20.8
193.91,-9.1,-10.9,-25.0,-21.1,-20.6
193.92,-9.2,-11.0,-25.9,-21.0,-20.7
193.93,-9.2,-11.0,-26.2,-21.2,-20.6
193.94,-9.0,-10.8,-25.3,-21.4,-20.9
193.95,-8.8,-10.9,-18.3,-21.4,-21.3
193.96,-8.2,-10.6,-15.2,-21.4,-21.8
193.97,-7.8,-10.5,-14.2,-21.0,-22.2
193.98,-7.7,-10.5,-13.5,-20.6,-22.2
193.99,-7.8,-10.7,-13.3,-20.5,-22.5
194.00,-8.4,-11.0,-15.1,-20.8,-22.6
194.01,-9.0,-11.3,-16.6,-21.7,-22.6
194.02,-9.4,-11.4,-17.7,-22.6,-22.8
194.03,-9.1,-11.2,-18.1,-23.1,-22.4
194.04,-8.7,-11.2,-15.4,-22.8,-21.7
194.05,-8.3,-11.0,-14.8,-22.3,-20.9
194.06,-8.4,-11.5,-14.6,-21.6,-20.0
194.07,-8.1,-11.3,-14.5,-21.1,-19.4
194.08,-8.6,-11.3,-15.7,-21.1,-19.2
194.09,-8.8,-11.2,-17.7,-21.4,-19.1
194.10,-9.2,-11.2,-19.5,-21.8,-19.2
194.11,-9.0,-11.2,-20.4,-22.1,-19.1
194.12,-8.9,-11.5,-19.1,-22.5,-19.0
194.13,-9.1,-12.6,-16.3,-22.4,-19.2
194.14,-9.3,-14.0,-15.0,-21.7,-19.3
194.15,-9.5,-15.3,-14.4,-22.0,-18.8
194.16,-10.3,-18.8,-13.9,-21.9,-18.9
194.17,-11.1,-26.6,-14.2,-22.2,-18.7
194.18,-11.9,-29.0,-15.6,-22.0,-18.3
194.19,-12.2,-29.8,-16.5,-22.3,-17.9
194.20,-12.7,-30.7,-17.6,-22.6,-17.8
194.21,-12.4,-32.1,-18.6,-21.3,-17.4
194.22,-12.7,-33.4,-19.6,-21.7,-17.3
194.23,-12.4,-32.8,-20.1,-20.7,-17.0
194.24,-12.5,-32.6,-20.1,-20.1,-17.4
194.25,-12.0,-32.4,-19.9,-19.3,-17.2
194.26,-12.3,-32.3,-20.0,-19.0,-17.3
194.27,-12.3,-32.2,-20.0,-18.7,-17.7
194.28,-12.5,-31.7,-20.2,-18.8,-17.9
194.29,-12.3,-31.5,-20.9,-18.7,-17.6
194.30,-12.3,-31.5,-21.4,-19.1,-17.2
194.31,-11.9,-31.5,-22.2,-19.2,-16.6
194.32,-12.3,-32.1,-23.3,-19.4,-16.7
194.33,-12.7,-32.4,-24.6,-20.6,-16.8
194.34,-13.7,-29.2,-25.4,-21.8,-17.2
194.35,-13.5,-26.0,-26.7,-20.9,-17.2
194.36,-14.2,-23.3,-27.9,-21.4,-17.9
194.37,-13.4,-21.1,-28.8,-21.1,-17.2
194.38,-12.9,-20.0,-30.4,-20.6,-16.7
194.39,-12.7,-19.4,-32.0,-20.9,-16.6
194.40,-12.6,-19.1,-32.8,-21.1,-16.4
194.41,-12.7,-18.9,-32.9,-21.1,-16.6
194.42,-12.9,-19.5,-33.1,-20.6,-17.1
194.43,-13.3,-19.5,-33.1,-20.8,-17.9
194.44,-13.5,-20.1,-33.0,-21.2,-18.0
194.45,-13.8,-19.6,-31.8,-21.9,-18.8
194.46,-12.2,-15.7,-25.7,-23.0,-19.3
194.47,-10.0,-13.5,-15.9,-23.7,-20.0
194.48,-8.9,-12.3,-13.9,-24.1,-20.6
194.49,-8.1,-11.1,-13.1,-24.4,-21.1
194.50,-7.6,-10.6,-12.5,-23.3,-21.2
194.51,-7.8,-10.9,-12.8,-23.2,-21.1
194.52,-8.6,-11.3,-14.4,-22.0,-21.1
194.53,-9.4,-12.0,-15.7,-22.9,-21.1
194.54,-10.1,-13.0,-16.9,-21.7,-20.9
194.55,-11.2,-14.8,-18.7,-22.2,-20.5
194.56,-12.6,-17.0,-20.5,-21.9,-20.2
194.57,-13.5,-20.1,-22.1,-22.1,-19.9
194.58,-14.5,-24.4,-23.0,-21.8,-19.9
194.59,-14.7,-31.4,-22.2,-21.1,-20.2
194.60,-15.2,-34.1,-21.3,-21.9,-20.5
194.61,-14.6,-40.0,-20.9,-20.7,-20.5
194.62,-14.8,-38.3,-21.2,-21.3,-20.3
194.63,-13.7,-29.0,-21.3,-20.2,-19.6
194.64,-13.2,-22.8,-21.6,-21.3,-19.3
194.65,-11.5,-16.0,-22.6,-20.8,-18.9
194.66,-10.1,-12.7,-23.4,-21.9,-18.8
194.67,-9.2,-11.2,-24.1,-21.3,-18.8
194.68,-8.9,-10.5,-25.1,-21.5,-19.6
194.69,-9.2,-10.6,-26.0,-21.5,-20.0
194.70,-9.8,-11.7,-26.2,-20.9,-19.8
194.71,-11.1,-13.5,-26.4,-21.2,-19.6
194.72,-11.9,-16.0,-25.3,-21.6,-19.4
194.73,-11.4,-18.4,-15.4,-21.9,-19.4
194.74,-10.6,-20.2,-13.3,-22.3,-18.6
194.75,-10.3,-22.3,-12.3,-22.2,-18.8
194.76,-9.6,-23.2,-11.1,-22.3,-18.9
194.77,-9.6,-22.6,-10.9,-21.9,-18.7
194.78,-9.8,-21.4,-12.1,-21.5,-18.5
194.79,-10.7,-21.2,-13.3,-21.9,-18.9
194.80,-10.8,-21.3,-14.1,-21.7,-19.5
194.81,-11.0,-20.1,-15.4,-22.3,-18.8
194.82,-11.0,-16.7,-16.7,-23.7,-19.1
194.83,-9.7,-13.6,-16.6,-24.4,-18.9
194.84,-8.6,-11.4,-16.7,-24.3,-18.4
194.85,-8.2,-10.1,-18.6,-25.3,-18.2
194.86,-7.9,-9.3,-21.7,-25.6,-18.3
194.87,-7.9,-9.0,-23.0,-25.6,-18.4
194.88,-7.9,-9.1,-23.8,-25.6,-18.2
194.89,-8.2,-9.4,-23.8,-25.4,-18.2
194.90,-8.4,-9.8,-23.6,-24.2,-17.8
194.91,-8.7,-10.1,-23.4,-23.9,-17.8
194.92,-9.0,-10.5,-23.4,-23.8,-18.1
194.93,-9.0,-10.7,-23.5,-23.1,-17.6
194.94,-9.2,-10.9,-23.8,-22.6,-18.1
194.95,-9.4,-11.1,-24.6,-22.4,-18.4
194.96,-10.0,-12.0,-25.8,-21.9,-18.6
194.97,-10.7,-13.4,-26.5,-22.0,-18.4
194.98,-12.1,-15.4,-28.0,-22.2,-19.2
194.99,-12.6,-18.5,-28.9,-21.0,-18.4
195.00,-12.7,-18.9,-29.6,-21.4,-18.4
195.01,-11.7,-16.5,-30.2,-21.6,-18.0
195.02,-10.9,-14.2,-31.1,-22.3,-18.2
195.03,-10.0,-12.1,-31.4,-22.6,-18.4
195.04,-9.5,-11.1,-32.2,-23.0,-18.8
195.05,-9.2,-10.7,-32.5,-22.7,-19.0
195.06,-9.1,-10.6,-32.5,-22.6,-19.3
195.07,-9.8,-11.7,-32.5,-22.5,-19.3
195.08,-10.6,-13.2,-32.1,-22.0,-19.2
195.09,-11.7,-15.3,-31.6,-22.1,-18.9
195.10,-12.8,-18.6,-31.2,-21.6,-18.8
195.11,-14.1,-23.8,-31.0,-21.9,-18.8
195.12,-14.3,-27.1,-30.8,-21.5,-18.7
195.13,-14.0,-30.7,-30.8,-20.9,-18.4
195.14,-14.0,-33.7,-30.7,-20.4,-18.5
195.15,-13.0,-30.2,-24.0,-20.3,-18.5
195.16,-10.7,-27.2,-15.3,-20.7,-18.8
195.17,-9.6,-18.2,-13.5,-20.9,-19.3
195.18,-8.7,-14.9,-12.8,-21.7,-20.0
195.19,-8.3,-13.5,-12.4,-23.0,-20.7
195.20,-8.5,-12.3,-12.8,-23.9,-21.3
195.21,-8.9,-11.5,-14.7,-23.8,-21.6
195.22,-9.5,-11.8,-16.2,-23.4,-21.7
195.23,-9.5,-11.6,-17.3,-23.2,-21.8
195.24,-9.4,-11.3,-19.1,-23.1,-20.5
195.25,-9.0,-11.0,-21.0,-22.5,-19.5
195.26,-8.8,-10.4,-23.0,-23.1,-19.5
195.27,-8.6,-10.1,-23.8,-23.1,-19.7
195.28,-8.7,-10.1,-22.9,-23.8,-19.7
195.29,-8.9,-10.2,-22.1,-23.8,-20.2
195.30,-9.1,-10.4,-22.1,-24.0,-20.8
195.31,-9.4,-10.8,-22.5,-24.2,-20.9
195.32,-9.3,-10.7,-22.6,-24.8,-21.2
195.33,-9.2,-11.2,-17.9,-25.5,-21.9
195.34,-8.7,-11.4,-14.5,-27.1,-22.4
195.35,-8.4,-11.4,-13.3,-26.1,-22.5
195.36,-8.3,-11.8,-12.3,-26.2,-22.3
195.37,-8.1,-12.6,-11.4,-25.9,-22.2
195.38,-9.0,-13.0,-12.5,-24.4,-22.0
195.39,-9.8,-13.9,-13.7,-24.1,-21.9
195.40,-10.4,-15.5,-14.5,-24.1,-21.1
195.41,-11.5,-16.9,-16.5,-23.8,-20.5
195.42,-12.4,-17.9,-18.9,-24.1,-20.2
195.43,-12.4,-18.8,-20.4,-23.1,-18.9
195.44,-12.5,-19.5,-21.6,-22.6,-18.4
195.45,-12.9,-19.5,-22.9,-23.1,-18.5
195.46,-13.3,-20.4,-22.9,-24.0,-18.5
195.47,-12.9,-21.3,-22.0,-22.6,-18.2
195.48,-13.1,-23.0,-21.3,-22.3,-19.0
195.49,-12.6,-24.7,-18.2,-22.5,-19.3
195.50,-12.0,-27.3,-16.3,-22.1,-18.6
195.51,-12.1,-30.4,-15.6,-23.1,-18.9
195.52,-11.9,-32.4,-15.3,-23.7,-18.8
195.53,-12.0,-32.7,-15.2,-25.3,-18.6
195.54,-12.5,-33.9,-17.0,-23.8,-17.9
195.55,-12.9,-34.1,-19.1,-22.8,-17.9
195.56,-13.0,-33.4,-20.5,-21.8,-17.0
195.57,-12.8,-33.4,-21.9,-20.5,-16.6
195.58,-12.8,-32.4,-23.4,-19.4,-16.7
195.59,-12.6,-30.5,-24.8,-19.1,-16.5
195.60,-12.8,-28.4,-26.8,-18.9,-16.4
195.61,-12.5,-26.2,-28.5,-18.3,-17.0
195.62,-12.6,-24.3,-30.4,-18.2,-16.9
195.63,-12.9,-23.1,-31.7,-18.5,-16.9
195.64,-12.5,-22.2,-32.2,-18.0,-17.2
195.65,-12.7,-21.6,-32.1,-18.2,-17.7
195.66,-13.1,-21.4,-31.9,-18.6,-18.1
195.67,-13.1,-21.3,-32.0,-19.2,-18.4
195.68,-13.2,-21.4,-31.7,-20.1,-17.9
195.69,-13.1,-21.7,-31.4,-21.0,-17.3
195.70,-13.6,-22.3,-31.0,-21.5,-17.5
195.71,-12.9,-23.6,-30.4,-21.1,-16.6
195.72,-12.9,-25.2,-30.3,-20.2,-16.7
195.73,-13.3,-28.2,-30.3,-19.6,-16.8
195.74,-13.5,-30.2,-30.2,-19.5,-17.0
195.75,-13.6,-33.7,-30.3,-19.2,-16.6
195.76,-14.2,-34.0,-30.5,-19.2,-17.2
195.77,-14.4,-32.9,-30.4,-19.4,-17.0
195.78,-13.7,-31.6,-30.4,-19.5,-16.8
195.79,-13.3,-29.2,-30.9,-19.6,-17.2
195.80,-12.8,-21.9,-31.4,-20.0,-17.5
195.81,-12.4,-18.5,-32.2,-20.2,-17.8
195.82,-10.2,-12.7,-33.1,-20.4,-18.8
195.83,-9.3,-10.8,-33.9,-20.6,-19.7
195.84,-8.6,-9.9,-27.4,-21.5,-20.0
195.85,-7.9,-9.9,-15.3,-22.4,-20.8
195.86,-7.9,-10.4,-13.3,-24.2,-21.8
195.87,-8.3,-11.8,-12.4,-25.9,-21.6
195.88,-8.8,-13.1,-11.9,-27.9,-21.1
195.89,-8.8,-12.9,-12.2,-28.5,-21.2
195.90,-9.2,-12.5,-13.8,-26.7,-20.6
195.91,-9.3,-12.0,-15.1,-26.6,-20.3
195.92,-9.3,-11.8,-16.5,-25.5,-19.6
195.93,-9.7,-11.9,-18.3,-25.0,-19.7
195.94,-10.0,-11.9,-20.2,-25.3,-20.1
195.95,-9.8,-11.5,-21.7,-25.1,-20.5
195.96,-10.0,-11.6,-22.1,-24.9,-20.8
195.97,-10.0,-11.3,-21.3,-25.3,-21.4
195.98,-9.7,-11.2,-20.6,-25.5,-20.9
195.99,-9.7,-11.3,-20.6,-25.4,-20.5
196.00,-9.7,-11.2,-20.5,-25.9,-20.6
196.01,-9.6,-11.0,-20.8,-26.0,-20.9
196.02,-9.6,-10.9,-20.9,-26.8,-21.6
196.03,-9.9,-11.1,-21.4,-27.9,-22.4
196.04,-10.1,-11.4,-21.9,-26.6,-22.6
196.05,-10.6,-11.8,-22.6,-26.3,-23.0
196.06,-10.7,-12.2,-23.4,-25.7,-22.7
196.07,-11.0,-12.5,-24.8,-25.5,-22.3
196.08,-10.8,-12.2,-26.1,-24.4,-22.3
196.09,-10.6,-12.0,-27.4,-24.9,-22.4
196.10,-10.4,-11.8,-26.1,-24.7,-22.1
196.11,-9.4,-11.9,-16.3,-23.9,-22.0
196.12,-8.8,-12.0,-13.8,-22.5,-22.2
196.13,-8.6,-12.2,-12.5,-22.8,-22.8
196.14,-8.2,-12.6,-11.4,-22.3,-23.1
196.15,-8.2,-12.8,-11.1,-22.2,-24.2
196.16,-8.8,-13.4,-11.9,-21.0,-24.5
196.17,-9.6,-13.8,-13.2,-21.5,-24.3
196.18,-9.9,-14.3,-14.3,-20.8,-23.3
196.19,-10.7,-15.4,-16.1,-21.3,-22.6
196.20,-11.3,-15.3,-17.8,-21.2,-21.5
196.21,-10.9,-14.7,-17.9,-22.0,-20.2
196.22,-10.4,-14.0,-18.3,-22.4,-18.9
196.23,-9.8,-13.0,-19.7,-21.1,-18.2
196.24,-10.1,-13.1,-22.0,-20.9,-17.9
196.25,-10.0,-13.7,-23.5,-19.3,-18.0
196.26,-10.5,-15.1,-23.5,-19.1,-17.9
196.27,-11.5,-18.3,-23.2,-18.6,-18.2
196.28,-12.9,-26.0,-23.0,-19.0,-18.2
196.29,-13.6,-31.7,-22.8,-19.1,-18.3
196.30,-13.5,-33.0,-22.6,-18.7,-18.2
196.31,-13.6,-35.0,-22.6,-19.4,-17.2
196.32,-12.9,-34.7,-23.1,-18.3,-16.9
196.33,-13.2,-34.3,-23.9,-19.0,-16.5
196.34,-12.6,-32.7,-25.1,-18.2,-16.4
196.35,-12.9,-25.6,-26.7,-18.9,-16.4
196.36,-11.0,-15.9,-28.3,-19.1,-17.2
196.37,-10.1,-12.7,-29.4,-20.3,-17.7
196.38,-9.3,-11.0,-30.8,-21.2,-18.7
196.39,-8.6,-9.9,-31.9,-20.5,-19.0
196.40,-8.4,-9.5,-32.1,-20.5,-19.9
196.41,-9.0,-10.0,-32.1,-19.9,-20.1
196.42,-9.0,-10.4,-32.0,-19.1,-19.9
196.43,-9.3,-10.8,-32.0,-18.4,-19.9
196.44,-9.8,-11.4,-31.8,-18.8,-20.5
196.45,-9.8,-11.4,-31.8,-18.7,-20.7
196.46,-9.6,-11.4,-31.8,-18.1,-20.6
196.47,-10.1,-11.9,-31.9,-18.0,-20.6
196.48,-10.4,-12.9,-32.2,-18.3,-19.7
196.49,-11.0,-14.2,-32.1,-18.4,-19.3
196.50,-11.6,-16.0,-31.7,-18.2,-19.0
196.51,-12.4,-18.4,-31.6,-18.2,-19.2
196.52,-12.7,-19.2,-31.3,-18.9,-19.1
196.53,-12.8,-17.9,-26.2,-19.2,-19.8
196.54,-10.6,-16.5,-15.9,-19.7,-20.1
196.55,-9.5,-13.8,-13.9,-20.3,-20.2
196.56,-8.6,-12.0,-13.3,-22.0,-20.2
196.57,-8.1,-11.1,-12.9,-23.6,-20.9
196.58,-7.8,-10.5,-13.2,-25.4,-20.8
196.59,-8.0,-10.0,-14.9,-26.4,-20.9
196.60,-8.5,-10.3,-16.6,-28.0,-21.4
196.61,-8.9,-10.8,-18.0,-27.9,-21.3
196.62,-9.3,-11.0,-19.9,-27.7,-21.3
196.63,-9.5,-11.1,-21.7,-26.6,-20.7
196.64,-9.5,-11.0,-23.0,-26.2,-20.7
196.65,-9.1,-10.4,-23.5,-25.5,-20.5
196.66,-9.0,-10.5,-22.5,-24.7,-19.8
196.67,-9.0,-10.7,-21.6,-24.4,-19.5
196.68,-9.0,-10.6,-21.5,-24.8,-19.1
196.69,-9.4,-11.1,-21.6,-25.7,-18.8
196.70,-9.7,-11.8,-21.5,-26.2,-18.8
196.71,-9.5,-12.1,-17.1,-27.9,-19.0
196.72,-9.1,-13.1,-13.8,-30.3,-19.0
196.73,-9.2,-14.6,-12.7,-30.9,-19.1
196.74,-8.7,-16.4,-11.5,-29.8,-19.1
196.75,-8.5,-18.6,-10.7,-24.6,-19.2
196.76,-9.4,-20.6,-12.0,-23.3,-19.0
196.77,-9.9,-23.3,-13.2,-21.0,-18.2
196.78,-10.8,-28.5,-14.3,-20.8,-17.7
196.79,-11.5,-29.7,-16.9,-19.4,-17.6
196.80,-12.9,-30.9,-20.0,-19.2,-17.8
196.81,-12.8,-30.9,-21.9,-19.1,-17.6
196.82,-12.9,-31.6,-22.9,-18.6,-17.5
196.83,-12.1,-32.0,-24.0,-18.5,-17.3
196.84,-12.3,-32.1,-22.8,-18.6,-17.1
196.85,-12.1,-31.5,-21.4,-19.7,-16.9
196.86,-12.1,-31.0,-20.3,-20.3,-17.1
196.87,-11.8,-29.8,-18.8,-21.6,-17.1
196.88,-12.4,-29.0,-18.2,-24.6,-17.3
196.89,-11.6,-28.6,-17.4,-24.7,-17.2
196.90,-11.9,-28.1,-17.2,-25.2,-17.2
196.91,-11.2,-27.9,-16.6,-23.5,-17.4
196.92,-11.4,-28.2,-17.4,-23.3,-17.5
196.93,-11.3,-29.0,-18.3,-22.7,-17.3
196.94,-12.2,-29.8,-19.1,-23.2,-17.5
196.95,-12.7,-31.4,-20.7,-23.6,-17.0
196.96,-13.1,-33.0,-22.4,-23.3,-16.7
196.97,-13.0,-34.5,-23.8,-22.5,-16.3
196.98,-13.0,-36.0,-24.8,-22.5,-16.3
196.99,-13.1,-36.0,-25.6,-22.6,-16.5
197.00,-13.2,-36.1,-26.2,-21.4,-17.1
197.01,-13.5,-36.0,-26.6,-21.5,-17.5
197.02,-12.6,-34.6,-27.1,-19.8,-17.2
197.03,-12.4,-26.1,-27.7,-19.6,-17.5
197.04,-11.9,-22.5,-28.5,-18.9,-17.7
197.05,-11.0,-20.0,-21.3,-19.1,-18.0
197.06,-9.7,-17.9,-15.2,-19.5,-18.5
197.07,-9.3,-15.4,-13.5,-19.7,-20.0
197.08,-8.4,-13.0,-12.9,-20.0,-20.5
197.09,-7.5,-11.1,-12.6,-19.2,-20.5
197.10,-7.1,-9.7,-13.1,-19.2,-20.7
197.11,-7.0,-9.0,-15.7,-18.4,-21.0
197.12,-7.1,-9.0,-17.5,-18.9,-20.7
197.13,-7.7,-9.6,-19.5,-18.6,-20.0
197.14,-8.6,-10.8,-21.5,-19.4,-19.8
197.15,-9.4,-12.1,-22.7,-19.1,-19.6
197.16,-10.9,-13.8,-22.6,-19.7,-19.4
197.17,-11.1,-14.6,-22.3,-19.0,-19.1
197.18,-10.9,-14.3,-21.4,-19.7,-19.3
197.19,-10.4,-13.3,-21.0,-19.3,-19.7
197.20,-9.5,-12.1,-21.1,-19.7,-19.4
197.21,-8.8,-11.1,-21.2,-18.8,-19.7
197.22,-9.0,-10.7,-21.5,-19.7,-20.0
197.23,-8.8,-10.4,-21.7,-19.2,-19.4
197.24,-9.0,-10.7,-21.9,-20.1,-19.9
197.25,-9.3,-11.1,-22.6,-19.6,-19.9
197.26,-9.6,-11.2,-23.6,-21.3,-20.1
197.27,-9.3,-11.0,-24.1,-21.1,-21.1
197.28,-9.4,-10.6,-25.3,-22.8,-21.4
197.29,-9.2,-10.6,-26.6,-21.8,-20.8
197.30,-9.4,-10.7,-26.7,-23.3,-20.9
197.31,-9.3,-10.9,-26.6,-22.4,-20.3
197.32,-9.5,-11.1,-27.0,-23.0,-19.9
197.33,-9.7,-11.4,-26.6,-22.4,-20.0
197.34,-9.8,-11.6,-26.3,-22.6,-19.8
197.35,-10.2,-11.9,-26.7,-21.4,-19.8
197.36,-10.2,-12.1,-26.7,-21.2,-19.9
197.37,-10.3,-12.5,-27.0,-20.5,-19.8
197.38,-10.4,-13.5,-27.2,-19.6,-19.7
197.39,-11.2,-15.0,-23.7,-19.7,-19.8
197.40,-11.1,-17.0,-22.3,-19.4,-19.0
197.41,-11.9,-20.3,-21.9,-19.7,-18.5
197.42,-12.2,-23.5,-21.7,-19.7,-17.9
197.43,-11.4,-20.9,-21.8,-19.7,-17.1
197.44,-10.8,-16.7,-24.4,-20.1,-16.7
197.45,-10.6,-14.4,-26.8,-20.5,-17.1
197.46,-9.8,-12.7,-28.3,-21.0,-17.3
197.47,-10.0,-12.4,-28.0,-22.0,-18.1
197.48,-11.0,-13.0,-27.7,-22.6,-18.4
197.49,-11.5,-14.3,-27.2,-22.2,-18.5
197.50,-12.5,-17.1,-26.7,-21.9,-18.4
197.51,-13.3,-21.3,-26.7,-20.4,-17.7
197.52,-13.5,-23.9,-26.6,-20.4,-17.5
197.53,-13.5,-25.0,-27.0,-19.6,-17.7
197.54,-12.2,-25.5,-27.1,-19.0,-16.9
197.55,-12.3,-22.9,-27.4,-18.9,-17.1
197.56,-11.3,-17.9,-21.4,-19.4,-17.8
197.57,-9.4,-15.5,-16.8,-19.3,-18.2
197.58,-8.9,-14.3,-14.1,-19.8,-19.5
197.59,-8.5,-13.0,-13.2,-21.0,-21.7
197.60,-8.3,-12.4,-12.8,-20.4,-22.4
197.61,-8.6,-12.2,-13.0,-21.0,-22.8
197.62,-8.9,-11.6,-15.1,-20.0,-22.7
197.63,-9.3,-11.2,-17.4,-20.3,-22.2
197.64,-9.1,-10.9,-18.5,-19.7,-21.6
197.65,-9.2,-10.9,-19.8,-20.2,-21.5
197.66,-9.3,-11.0,-21.4,-19.4,-21.8
197.67,-9.7,-11.2,-23.6,-19.9,-21.8
197.68,-9.4,-11.0,-24.9,-19.3,-22.2
197.69,-9.7,-11.2,-23.9,-19.6,-22.6
197.70,-10.0,-11.4,-24.3,-19.7,-23.4
197.71,-10.4,-11.7,-24.5,-19.9,-23.5
197.72,-10.4,-11.8,-24.5,-20.0,-23.1
197.73,-10.5,-12.0,-25.7,-19.9,-22.6
197.74,-10.3,-12.0,-27.8,-20.6,-20.7
197.75,-10.0,-11.6,-28.3,-21.1,-20.3
197.76,-9.6,-11.4,-26.6,-22.2,-19.9
197.77,-9.2,-11.4,-25.7,-22.0,-19.1
197.78,-8.9,-11.1,-25.2,-21.5,-18.7
197.79,-8.7,-10.9,-24.9,-20.8,-19.0
197.80,-8.6,-10.9,-25.1,-19.8,-18.4
197.81,-8.8,-11.1,-26.5,-19.6,-17.9
197.82,-9.0,-10.7,-27.2,-19.3,-17.9
197.83,-9.2,-10.5,-28.7,-19.7,-17.8
197.84,-9.2,-10.7,-28.4,-19.4,-17.9
197.85,-9.7,-11.3,-28.4,-19.9,-18.1
197.86,-10.0,-12.5,-28.2,-18.9,-18.3
197.87,-10.1,-13.8,-27.8,-19.3,-18.3
197.88,-10.7,-15.0,-27.5,-18.6,-18.6
197.89,-10.5,-15.1,-27.5,-18.5,-18.5
197.90,-10.1,-14.3,-27.7,-18.2,-18.7
197.91,-10.4,-14.2,-22.2,-18.8,-19.4
197.92,-9.4,-13.9,-14.3,-18.6,-20.7
197.93,-9.4,-13.8,-13.0,-20.1,-21.0
197.94,-8.8,-13.5,-12.4,-19.8,-21.0
197.95,-8.6,-12.9,-12.1,-20.9,-20.5
197.96,-8.4,-12.3,-12.9,-20.6,-20.0
197.97,-8.6,-11.8,-14.8,-20.7,-19.3
197.98,-8.7,-11.2,-16.3,-20.3,-19.4
197.99,-8.6,-10.7,-17.9,-20.3,-19.4
198.00,-8.9,-10.6,-19.7,-20.0,-19.3
198.01,-9.0,-10.7,-21.0,-19.6,-19.7
198.02,-9.6,-11.1,-22.5,-19.7,-19.7
198.03,-10.0,-12.0,-22.9,-18.9,-19.7
198.04,-10.6,-13.4,-21.0,-19.0,-20.6
198.05,-10.8,-15.0,-21.0,-18.4,-20.0
198.06,-11.0,-16.8,-21.0,-18.6,-19.7
198.07,-10.7,-18.3,-20.0,-18.1,-19.8
198.08,-10.4,-17.8,-19.8,-18.5,-19.5
198.09,-9.0,-13.7,-19.0,-18.4,-19.6
198.10,-8.8,-12.3,-18.2,-20.0,-20.8
198.11,-8.6,-11.6,-18.0,-20.1,-21.5
198.12,-8.7,-10.9,-18.1,-22.8,-22.1
198.13,-8.9,-11.0,-18.7,-24.1,-22.4
198.14,-9.9,-11.9,-19.7,-25.5,-22.4
198.15,-9.9,-12.1,-21.5,-24.6,-22.1
198.16,-10.7,-13.0,-23.5,-25.5,-22.0
198.17,-11.3,-14.1,-25.6,-23.8,-21.5
198.18,-12.2,-15.5,-27.2,-23.1,-21.4
198.19,-13.1,-17.2,-28.8,-23.3,-21.1
198.20,-14.0,-18.7,-31.6,-22.3,-20.4
198.21,-14.6,-19.5,-32.2,-21.9,-20.5
198.22,-14.3,-18.7,-31.8,-22.0,-20.0
198.23,-13.7,-18.4,-32.0,-21.2,-19.7
198.24,-13.4,-18.8,-32.0,-21.0,-19.4
198.25,-12.4,-18.6,-26.1,-21.7,-19.3
198.26,-10.9,-16.0,-19.0,-21.7,-19.5
198.27,-9.7,-14.4,-15.0,-23.7,-20.0
198.28,-8.9,-13.5,-13.6,-24.4,-20.0
198.29,-8.3,-12.4,-12.8,-22.5,-20.2
198.30,-8.1,-12.3,-12.5,-22.4,-20.3
198.31,-8.9,-13.1,-13.9,-20.5,-19.7
198.32,-9.6,-14.7,-15.5,-19.8,-18.9
198.33,-9.9,-15.7,-16.7,-18.8,-18.7
198.34,-12.0,-18.8,-18.4,-19.1,-17.9
198.35,-12.4,-22.3,-20.1,-18.4,-17.6
198.36,-12.8,-27.8,-21.2,-18.6,-17.0
198.37,-13.3,-31.9,-22.1,-18.0,-17.0
198.38,-12.2,-34.0,-22.3,-17.8,-16.6
198.39,-12.2,-35.4,-21.6,-17.5,-16.9
198.40,-12.0,-35.4,-21.3,-17.3,-16.7
198.41,-11.8,-31.0,-21.2,-17.3,-17.0
198.42,-11.7,-22.6,-21.4,-18.5,-17.5
198.43,-10.2,-15.0,-18.2,-19.7,-18.4
198.44,-9.1,-12.7,-15.2,-22.7,-19.0
198.45,-8.2,-11.4,-13.9,-25.6,-19.1
198.46,-7.7,-10.2,-13.5,-30.6,-19.9
198.47,-7.7,-9.9,-13.2,-31.3,-20.4
198.48,-8.1,-10.4,-13.8,-32.1,-20.6
198.49,-8.7,-10.5,-16.0,-31.9,-20.8
198.50,-9.2,-10.8,-17.6,-31.8,-20.7
198.51,-9.9,-11.6,-19.2,-31.2,-20.3
198.52,-10.3,-12.0,-21.1,-27.7,-19.9
198.53,-10.4,-12.1,-22.3,-25.9,-20.3
198.54,-10.7,-12.3,-22.3,-25.2,-20.6
198.55,-10.2,-11.8,-22.1,-23.8,-20.9
198.56,-9.8,-11.4,-21.3,-23.9,-21.2
198.57,-9.5,-11.2,-20.9,-23.2,-21.3
198.58,-9.6,-11.3,-21.0,-23.5,-21.3
198.59,-9.8,-11.5,-21.0,-23.8,-21.7
198.60,-10.4,-12.1,-21.2,-24.0,-22.3
198.61,-10.6,-12.5,-21.6,-25.8,-21.9
198.62,-10.9,-12.7,-22.2,-26.3,-21.6
198.63,-11.0,-12.8,-22.5,-29.7,-20.6
198.64,-10.8,-12.5,-23.1,-31.2,-20.6
198.65,-10.8,-12.3,-24.2,-38.1,-20.0
198.66,-10.8,-12.2,-24.8,-39.6,-19.7
198.67,-10.8,-12.2,-25.1,-40.0,-19.7
198.68,-10.7,-12.1,-25.9,-41.1,-19.8
198.69,-10.9,-12.2,-26.6,-41.5,-20.4
198.70,-11.0,-12.3,-26.6,-38.9,-20.4
198.71,-11.0,-12.3,-26.9,-37.3,-21.1
198.72,-10.7,-12.0,-27.7,-35.7,-21.0
198.73,-10.7,-12.0,-28.0,-34.9,-20.9
198.74,-10.8,-12.2,-28.0,-35.3,-20.7
198.75,-11.4,-13.1,-28.2,-35.4,-20.6
198.76,-12.5,-14.6,-28.4,-37.9,-20.7
198.77,-13.1,-16.9,-21.8,-37.7,-20.4
198.78,-11.2,-21.7,-14.0,-37.8,-19.7
198.79,-10.4,-26.7,-12.3,-37.5,-19.4
198.80,-9.9,-29.0,-11.7,-32.6,-18.9
198.81,-9.7,-31.1,-11.4,-30.5,-18.5
198.82,-10.1,-33.7,-11.7,-28.0,-18.5
198.83,-11.1,-33.1,-13.3,-24.9,-18.1
198.84,-11.5,-32.8,-14.8,-22.8,-18.2
198.85,-11.7,-32.2,-16.1,-21.2,-17.9
198.86,-11.9,-31.5,-17.5,-21.1,-17.5
198.87,-12.4,-31.9,-19.7,-21.2,-17.2
198.88,-13.2,-31.9,-21.9,-21.1,-17.3
198.89,-13.0,-32.4,-20.8,-21.5,-17.3
198.90,-12.7,-33.1,-19.7,-20.9,-17.4
198.91,-12.3,-33.4,-20.2,-19.8,-17.6
198.92,-12.2,-33.4,-19.8,-19.9,-18.0
198.93,-12.8,-32.9,-20.1,-20.8,-18.2
198.94,-12.2,-32.3,-19.7,-21.4,-18.4
198.95,-12.4,-32.3,-18.7,-22.2,-18.6
198.96,-12.2,-32.7,-17.5,-23.9,-18.6
198.97,-12.0,-33.2,-17.0,-23.7,-18.3
198.98,-11.8,-34.6,-16.7,-23.1,-18.2
198.99,-13.1,-36.0,-18.2,-23.2,-18.0
199.00,-13.4,-36.0,-19.2,-23.2,-18.0
199.01,-13.6,-35.3,-20.4,-22.5,-17.8
199.02,-13.9,-34.1,-21.3,-22.1,-18.0
199.03,-13.8,-31.0,-21.9,-22.0,-18.0
199.04,-14.1,-27.6,-22.9,-22.2,-18.0
199.05,-13.8,-25.3,-22.7,-21.5,-18.4
199.06,-13.4,-22.8,-23.2,-21.8,-18.4
199.07,-13.5,-21.3,-23.2,-21.5,-18.4
199.08,-12.9,-20.0,-22.6,-21.3,-18.6
199.09,-12.5,-18.8,-23.2,-21.2,-18.5
199.10,-12.7,-18.0,-22.6,-21.6,-18.7
199.11,-12.1,-17.8,-21.4,-21.8,-19.0
199.12,-11.2,-17.8,-18.2,-22.4,-19.2
199.13,-10.3,-17.5,-14.5,-23.4,-19.3
199.14,-9.1,-14.8,-13.3,-25.2,-20.0
199.15,-8.5,-13.5,-12.8,-26.3,-20.3
199.16,-8.1,-11.8,-12.6,-27.5,-20.8
199.17,-7.9,-10.1,-14.0,-28.2,-21.7
199.18,-7.9,-9.3,-16.4,-28.2,-22.1
199.19,-8.5,-9.8,-18.1,-26.5,-22.6
199.20,-8.9,-10.2,-19.3,-26.8,-22.9
199.21,-9.8,-11.3,-20.6,-26.3,-23.1
199.22,-11.4,-13.4,-22.4,-25.1,-23.1
199.23,-11.8,-14.3,-22.5,-24.5,-22.0
199.24,-11.7,-14.3,-21.7,-23.7,-21.6
199.25,-11.3,-14.1,-21.7,-22.9,-21.1
199.26,-10.8,-13.6,-22.4,-22.2,-20.3
199.27,-10.7,-13.4,-22.5,-21.9,-20.4
199.28,-10.4,-12.5,-23.9,-22.3,-20.5
199.29,-10.1,-12.1,-26.2,-22.0,-20.5
199.30,-10.1,-11.9,-27.0,-22.6,-20.8
199.31,-10.1,-11.8,-26.2,-22.7,-21.4
199.32,-9.9,-11.8,-26.1,-21.9,-21.2
199.33,-10.4,-12.3,-25.5,-21.4,-21.7
199.34,-10.6,-12.6,-25.1,-20.8,-22.4
199.35,-10.6,-12.8,-25.3,-20.0,-22.1
199.36,-10.8,-12.7,-26.1,-19.4,-22.6
199.37,-10.6,-12.5,-26.9,-18.9,-22.7
199.38,-10.2,-12.1,-28.1,-18.6,-22.0
199.39,-10.0,-11.7,-30.2,-18.3,-22.2
199.40,-9.7,-11.4,-31.2,-17.9,-22.5
199.41,-9.4,-11.3,-31.5,-18.2,-22.1
199.42,-9.6,-11.3,-32.2,-18.7,-22.5
199.43,-10.1,-11.5,-32.3,-19.6,-24.0
199.44,-10.4,-11.7,-32.0,-20.3,-24.1
199.45,-10.4,-11.8,-31.3,-20.4,-24.3
199.46,-10.2,-12.3,-20.5,-21.0,-25.5
199.47,-9.8,-12.1,-18.5,-20.4,-24.3
199.48,-9.5,-11.7,-17.7,-20.5,-23.7
199.49,-9.2,-11.6,-17.3,-20.4,-23.2
199.50,-9.0,-11.2,-17.8,-20.4,-22.6
199.51,-9.0,-10.8,-20.3,-20.4,-22.3
199.52,-9.0,-10.7,-22.2,-20.8,-22.7
199.53,-9.2,-11.0,-23.9,-20.7,-22.0
199.54,-9.5,-11.2,-25.4,-21.0,-22.0
199.55,-10.0,-11.5,-26.5,-20.9,-22.3
199.56,-10.1,-11.7,-27.6,-20.9,-21.6
199.57,-10.2,-11.9,-28.9,-20.6,-21.5
199.58,-10.1,-12.0,-29.9,-20.2,-21.1
199.59,-10.4,-12.2,-30.2,-20.2,-21.0
199.60,-10.4,-12.2,-30.5,-20.0,-21.2
199.61,-10.4,-12.2,-31.0,-19.7,-21.1
199.62,-10.6,-12.0,-31.4,-19.7,-22.3
199.63,-10.3,-11.9,-27.2,-19.6,-22.7
199.64,-9.6,-12.0,-17.3,-19.6,-23.4
199.65,-9.0,-12.1,-14.2,-19.9,-23.8
199.66,-8.8,-12.3,-13.3,-20.2,-24.0
199.67,-8.6,-12.3,-12.7,-20.8,-23.8
199.68,-8.5,-12.1,-12.4,-21.7,-23.0
199.69,-9.1,-11.9,-14.4,-22.4,-22.8
199.70,-9.5,-12.0,-16.0,-23.0,-21.9
199.71,-9.6,-12.0,-17.1,-23.6,-21.4
199.72,-10.3,-12.8,-18.4,-22.7,-20.9
199.73,-10.8,-13.6,-20.2,-22.5,-20.7
199.74,-11.7,-15.0,-21.9,-22.6,-20.9
199.75,-13.1,-17.4,-22.6,-23.2,-21.2
199.76,-13.7,-19.8,-22.2,-23.2,-21.1
199.77,-14.1,-20.3,-22.4,-22.9,-21.1
199.78,-14.1,-20.3,-22.1,-22.9,-21.1
199.79,-13.8,-19.1,-22.4,-22.9,-21.5
199.80,-13.4,-18.5,-22.4,-22.5,-21.7
199.81,-11.9,-17.2,-17.6,-22.3,-22.1
199.82,-10.0,-14.7,-14.4,-22.8,-22.5
199.83,-8.9,-13.2,-13.1,-23.3,-22.6
199.84,-8.2,-12.1,-12.5,-23.6,-21.8
199.85,-7.6,-10.8,-12.2,-24.3,-21.6
199.86,-8.0,-10.3,-13.8,-25.7,-21.0
199.87,-8.5,-10.3,-16.0,-25.4,-20.6
199.88,-8.8,-10.5,-17.5,-26.2,-20.5
199.89,-9.2,-11.0,-19.2,-26.6,-19.9
199.90,-9.8,-11.6,-21.0,-25.7,-20.0
199.91,-10.5,-12.5,-22.8,-25.4,-20.0
199.92,-10.5,-12.7,-23.1,-24.3,-20.4
199.93,-10.7,-12.6,-22.6,-24.3,-21.3
199.94,-10.5,-12.5,-22.7,-23.5,-21.7
199.95,-10.2,-12.1,-22.9,-23.5,-21.8
199.96,-9.7,-11.5,-23.0,-23.0,-21.8
199.97,-9.6,-11.2,-24.4,-22.9,-21.9
199.98,-9.6,-11.1,-26.2,-22.9,-22.1
199.99,-9.6,-11.1,-26.6,-23.2,-22.2
200.00,-9.8,-11.4,-25.8,-22.8,-21.9
200.01,-10.2,-12.0,-25.1,-23.4,-22.0
200.02,-10.7,-12.7,-24.6,-23.8,-21.8
200.03,-11.3,-13.7,-24.4,-23.3,-22.0
200.04,-11.8,-14.7,-24.4,-22.4,-22.0
200.05,-12.3,-15.8,-24.7,-21.2,-22.1
200.06,-12.8,-16.9,-25.0,-19.9,-21.9
200.07,-12.4,-17.0,-25.5,-19.4,-21.4
200.08,-11.6,-15.5,-26.3,-18.8,-20.9
200.09,-11.4,-14.4,-26.9,-18.3,-20.4
200.10,-10.6,-13.5,-27.3,-17.6,-19.4
200.11,-10.5,-13.3,-27.8,-17.0,-19.2
200.12,-9.9,-12.9,-27.8,-16.2,-18.8
200.13,-9.9,-13.0,-27.6,-15.6,-18.3
200.14,-9.1,-12.7,-27.8,-15.0,-18.2
200.15,-8.8,-12.7,-23.3,-15.0,-18.6
200.16,-7.7,-12.5,-15.1,-15.4,-18.8
200.17,-7.7,-13.0,-13.4,-16.3,-19.1
200.18,-7.7,-13.6,-12.7,-17.3,-18.9
200.19,-8.1,-14.2,-12.3,-19.5,-19.5
200.20,-8.6,-14.0,-12.7,-22.5,-19.1
200.21,-9.3,-13.6,-14.3,-24.9,-19.1
200.22,-9.5,-13.1,-16.0,-25.6,-18.8
200.23,-9.8,-13.2,-17.2,-25.1,-19.1
200.24,-10.3,-13.8,-18.6,-25.6,-19.2
200.25,-10.6,-14.4,-20.5,-25.8,-19.3
200.26,-11.5,-16.0,-22.1,-25.8,-19.1
200.27,-12.7,-18.7,-21.9,-27.0,-19.8
200.28,-12.2,-18.8,-21.7,-25.9,-19.3
200.29,-12.6,-18.4,-22.3,-25.0,-19.8
200.30,-11.3,-15.1,-22.3,-24.5,-19.9
200.31,-9.6,-11.7,-23.2,-24.0,-19.8
200.32,-9.1,-11.1,-21.9,-23.9,-20.5
200.33,-8.8,-11.0,-19.7,-25.0,-20.9
200.34,-8.8,-10.7,-18.6,-26.4,-20.7
200.35,-9.5,-12.1,-18.0,-28.8,-20.9
200.36,-10.3,-13.9,-17.5,-24.3,-20.8
200.37,-10.2,-13.6,-18.6,-21.7,-21.0
200.38,-10.1,-13.5,-20.5,-20.0,-20.7
200.39,-10.2,-14.3,-21.3,-18.6,-20.2
200.40,-10.8,-14.8,-23.1,-17.6,-20.1
200.41,-10.6,-14.9,-24.8,-17.1,-19.5
200.42,-10.9,-14.8,-27.2,-17.2,-19.0
200.43,-10.5,-14.2,-28.6,-17.1,-18.8
200.44,-9.9,-13.2,-29.6,-16.7,-18.4
200.45,-9.7,-12.8,-30.2,-16.6,-18.0
200.46,-9.6,-12.2,-30.5,-16.7,-17.9
200.47,-9.6,-12.3,-30.7,-16.6,-18.1
200.48,-9.4,-12.6,-30.8,-16.5,-18.2
200.49,-9.9,-13.2,-31.1,-16.6,-18.6
200.50,-10.3,-13.9,-31.2,-17.3,-18.5
200.51,-10.9,-15.7,-31.4,-18.4,-18.1
200.52,-11.8,-17.7,-31.4,-19.7,-17.6
200.53,-12.7,-19.9,-31.6,-21.4,-17.4
200.54,-12.9,-20.8,-32.1,-23.0,-17.3
200.55,-12.7,-20.0,-33.2,-22.8,-17.4
200.56,-12.5,-18.7,-34.2,-21.9,-17.6
200.57,-12.0,-17.0,-36.0,-21.0,-17.5
200.58,-11.7,-16.4,-37.2,-20.0,-17.5
200.59,-12.0,-16.3,-38.2,-20.2,-17.8
200.60,-11.4,-16.0,-38.7,-19.3,-17.5
200.61,-11.7,-16.3,-39.3,-18.9,-17.6
200.62,-11.7,-16.6,-40.0,-18.6,-17.9
200.63,-11.7,-16.5,-39.9,-18.5,-18.1
200.64,-12.1,-17.1,-40.6,-18.8,-18.6
200.65,-12.4,-18.1,-40.1,-18.6,-18.5
200.66,-12.1,-18.5,-38.4,-18.9,-18.4
200.67,-11.7,-18.5,-25.3,-19.4,-18.2
200.68,-10.2,-17.6,-14.9,-21.0,-18.2
200.69,-9.3,-16.4,-12.8,-23.3,-18.2
200.70,-8.5,-15.4,-11.7,-22.9,-18.0
200.71,-8.0,-15.6,-11.0,-21.7,-18.1
200.72,-8.1,-16.5,-11.0,-20.7,-18.2
200.73,-9.1,-18.0,-12.4,-19.4,-18.3
200.74,-9.9,-20.8,-14.0,-18.5,-18.7
200.75,-11.2,-25.0,-15.6,-18.5,-18.9
200.76,-12.5,-27.7,-18.8,-18.6,-18.7
200.77,-13.4,-28.5,-22.1,-18.4,-18.6
200.78,-13.1,-28.6,-23.1,-18.0,-18.2
200.79,-13.3,-28.2,-24.8,-18.2,-17.8
200.80,-13.1,-29.0,-25.4,-18.1,-17.6
200.81,-13.2,-30.5,-24.4,-17.8,-17.6
200.82,-12.8,-30.6,-23.6,-17.5,-17.7
200.83,-12.6,-26.9,-23.3,-17.8,-17.6
200.84,-11.4,-20.4,-20.5,-18.0,-18.0
200.85,-9.9,-17.0,-14.3,-18.0,-18.7
200.86,-9.1,-14.8,-13.0,-18.9,-19.0
200.87,-8.5,-13.5,-12.5,-20.0,-19.6
200.88,-8.2,-12.9,-12.1,-21.8,-19.4
200.89,-8.9,-13.1,-12.9,-23.4,-19.6
200.90,-9.5,-13.9,-14.5,-25.0,-19.4
200.91,-10.6,-15.0,-16.1,-23.8,-19.5
200.92,-11.7,-16.9,-17.5,-23.1,-19.4
200.93,-13.2,-19.5,-19.1,-22.1,-19.4
200.94,-13.7,-22.7,-21.3,-21.3,-19.1
200.95,-14.5,-27.1,-23.0,-20.6,-19.0
200.96,-14.3,-28.7,-22.8,-20.0,-18.9
200.97,-14.1,-31.0,-22.6,-19.9,-18.8
200.98,-14.8,-34.1,-23.2,-20.0,-19.2
200.99,-15.0,-33.2,-23.2,-20.3,-19.3
201.00,-14.8,-28.6,-24.1,-20.3,-19.5
201.01,-13.7,-21.8,-20.3,-20.8,-19.8
201.02,-11.8,-16.1,-19.0,-21.0,-20.3
201.03,-10.1,-12.9,-18.4,-22.0,-20.9
201.04,-9.3,-11.4,-18.0,-22.1,-21.6
201.05,-8.8,-10.7,-18.2,-22.3,-22.0
201.06,-8.9,-10.5,-20.5,-20.9,-21.9
201.07,-9.4,-11.4,-22.4,-20.6,-21.6
201.08,-10.0,-12.8,-23.4,-18.8,-21.3
201.09,-10.5,-14.0,-25.0,-18.5,-21.0
201.10,-10.8,-14.9,-25.9,-17.4,-20.9
201.11,-11.4,-15.6,-27.3,-17.8,-20.6
201.12,-11.4,-15.9,-28.5,-16.8,-20.4
201.13,-12.2,-17.1,-28.7,-17.5,-20.1
201.14,-12.2,-17.6,-29.1,-16.8,-20.0
201.15,-12.4,-18.9,-29.9,-17.1,-19.8
201.16,-11.7,-18.1,-30.1,-16.5,-19.9
201.17,-10.6,-14.4,-30.4,-17.2,-20.0
201.18,-9.8,-12.8,-30.6,-16.9,-20.2
201.19,-9.1,-11.8,-19.9,-17.9,-20.4
201.20,-8.3,-11.0,-15.0,-18.9,-21.2
201.21,-7.9,-10.8,-13.6,-20.6,-20.6
201.22,-8.2,-11.4,-13.0,-21.9,-21.0
201.23,-8.1,-11.5,-12.5,-24.9,-20.8
201.24,-8.7,-11.7,-13.9,-25.3,-21.0
201.25,-9.7,-12.1,-16.2,-24.3,-21.1
201.26,-10.1,-12.7,-17.5,-24.4,-21.6
201.27,-10.4,-12.8,-19.3,-23.3,-21.3
201.28,-10.8,-12.8,-21.7,-23.0,-22.2
201.29,-10.7,-12.5,-22.9,-22.7,-22.1
201.30,-10.8,-12.3,-23.5,-23.1,-22.7
201.31,-10.5,-12.0,-23.1,-23.2,-22.5
201.32,-10.4,-12.0,-22.1,-23.2,-22.8
201.33,-10.2,-11.9,-21.4,-23.2,-22.7
201.34,-10.1,-11.9,-21.3,-23.5,-21.9
201.35,-9.8,-11.6,-21.3,-23.5,-21.7
201.36,-9.9,-11.6,-21.6,-23.6,-21.9
201.37,-9.8,-11.6,-22.0,-23.9,-21.3
201.38,-10.2,-11.9,-22.9,-23.7,-21.3
201.39,-10.5,-12.3,-23.9,-23.1,-21.1
201.40,-11.1,-13.4,-24.7,-22.5,-20.2
201.41,-11.7,-14.6,-25.6,-21.7,-19.5
201.42,-12.4,-16.2,-26.3,-20.9,-18.9
201.43,-13.2,-18.8,-26.5,-20.3,-18.4
201.44,-13.6,-20.6,-26.9,-19.5,-18.3
201.45,-14.0,-20.9,-27.7,-19.6,-18.6
201.46,-13.6,-19.5,-28.8,-19.1,-18.8
201.47,-12.9,-16.7,-29.7,-19.0,-19.4
201.48,-12.0,-15.0,-30.8,-18.7,-19.6
201.49,-11.2,-14.0,-31.2,-18.4,-19.8
201.50,-10.7,-13.4,-31.1,-18.4,-19.8
201.51,-10.5,-13.4,-31.3,-17.8,-19.7
201.52,-10.3,-12.9,-31.1,-18.2,-19.6
201.53,-10.1,-12.6,-27.1,-18.5,-19.7
201.54,-9.0,-12.1,-15.0,-19.9,-19.7
201.55,-8.3,-11.6,-13.3,-20.6,-19.9
201.56,-8.0,-11.1,-12.7,-21.6,-20.2
201.57,-7.9,-11.1,-12.2,-21.8,-20.8
201.58,-7.9,-11.2,-12.5,-21.7,-20.7
201.59,-8.5,-11.3,-14.2,-22.0,-20.9
201.60,-9.1,-11.4,-15.7,-22.6,-20.8
201.61,-9.4,-11.6,-16.9,-23.0,-20.0
201.62,-10.1,-12.1,-19.1,-23.8,-20.1
201.63,-10.8,-13.0,-21.3,-23.5,-20.2
201.64,-11.5,-14.0,-22.8,-22.8,-19.5
201.65,-12.5,-15.5,-23.3,-21.6,-19.5
201.66,-12.3,-16.3,-21.9,-21.1,-19.9
201.67,-11.2,-15.8,-21.1,-20.5,-19.2
201.68,-11.0,-15.4,-21.3,-20.4,-19.1
201.69,-10.4,-13.7,-21.2,-20.4,-19.9
201.70,-8.9,-11.7,-19.2,-20.8,-19.8
201.71,-8.2,-10.3,-18.0,-21.2,-20.5
201.72,-8.2,-10.0,-17.5,-22.9,-21.3
201.73,-8.1,-10.1,-17.4,-23.0,-21.3
201.74,-8.6,-10.8,-17.7,-22.5,-21.0
201.75,-9.4,-12.4,-19.3,-20.8,-20.5
201.76,-10.8,-14.4,-21.7,-20.4,-19.6
201.77,-11.5,-16.1,-23.6,-19.6,-19.0
201.78,-12.4,-17.9,-25.0,-19.3,-18.3
201.79,-12.8,-20.7,-25.8,-19.3,-17.9
201.80,-14.0,-26.6,-26.7,-19.7,-18.1
201.81,-13.4,-29.8,-27.6,-18.4,-18.2
201.82,-13.8,-31.7,-28.4,-18.7,-18.5
201.83,-14.2,-36.1,-28.7,-18.0,-18.9
201.84,-14.6,-37.1,-28.7,-18.5,-18.7
201.85,-14.3,-33.3,-28.7,-17.7,-18.8
201.86,-13.9,-23.7,-29.2,-18.1,-18.9
201.87,-11.2,-15.4,-29.6,-17.6,-18.9
201.88,-9.9,-12.4,-30.2,-18.3,-19.2
201.89,-9.7,-11.9,-30.9,-18.0,-19.7
201.90,-9.5,-11.4,-31.5,-18.7,-19.6
201.91,-9.4,-11.5,-31.4,-18.5,-19.4
201.92,-10.4,-13.4,-31.8,-19.1,-19.4
201.93,-10.7,-14.2,-32.1,-18.8,-19.5
201.94,-10.5,-14.3,-32.4,-18.8,-19.5
201.95,-10.8,-14.5,-32.8,-18.9,-19.6
201.96,-10.8,-14.1,-33.1,-19.0,-20.2
201.97,-11.3,-15.1,-33.5,-18.8,-20.0
201.98,-11.7,-16.0,-33.7,-18.7,-19.7
201.99,-12.2,-16.6,-33.8,-18.9,-19.7
202.00,-12.8,-18.2,-34.0,-18.9,-19.4
202.01,-13.2,-20.8,-34.4,-18.8,-18.8
202.02,-13.1,-19.5,-34.7,-19.3,-19.0
202.03,-11.6,-16.1,-34.9,-19.4,-18.9
202.04,-11.0,-14.7,-34.0,-19.6,-19.3
202.05,-10.3,-13.2,-22.3,-20.6,-20.3
202.06,-8.8,-11.6,-15.3,-22.0,-20.7
202.07,-8.1,-10.9,-13.5,-22.6,-21.2
202.08,-8.0,-10.7,-12.7,-25.0,-21.6
202.09,-7.7,-10.8,-12.0,-25.4,-21.4
202.10,-7.8,-11.0,-12.2,-24.9,-21.5
202.11,-8.5,-11.3,-14.0,-23.5,-21.2
202.12,-9.0,-11.8,-15.5,-22.8,-21.3
202.13,-9.7,-12.3,-17.0,-22.3,-21.5
202.14,-10.2,-12.6,-20.2,-21.6,-21.5
202.15,-11.1,-13.6,-23.7,-21.3,-21.9
202.16,-12.4,-16.0,-24.5,-20.9,-21.8
202.17,-13.0,-17.5,-26.1,-20.6,-21.4
202.18,-12.9,-18.2,-26.5,-19.9,-21.1
202.19,-12.5,-18.0,-25.3,-19.5,-20.8
202.20,-12.3,-17.8,-24.6,-19.4,-20.9
202.21,-11.7,-16.5,-24.2,-19.3,-20.6
202.22,-10.7,-15.7,-19.9,-19.7,-20.8
202.23,-9.7,-15.3,-14.4,-20.8,-21.0
202.24,-9.1,-14.9,-13.1,-21.8,-21.1
202.25,-8.9,-14.7,-12.5,-22.2,-20.9
202.26,-9.0,-15.1,-12.2,-22.7,-21.1
202.27,-9.6,-15.9,-12.9,-21.8,-20.8
202.28,-10.3,-16.7,-14.4,-20.9,-20.4
202.29,-11.5,-18.4,-15.9,-20.6,-20.3
202.30,-12.1,-19.8,-17.2,-20.6,-19.8
202.31,-13.2,-20.3,-19.2,-20.6,-19.1
202.32,-13.6,-19.9,-21.7,-20.5,-18.6
202.33,-13.8,-19.8,-23.6,-20.4,-18.1
202.34,-13.7,-20.1,-23.6,-20.4,-18.0
202.35,-13.6,-20.5,-23.1,-20.1,-17.9
202.36,-13.0,-20.2,-23.2,-19.9,-18.2
202.37,-12.9,-20.1,-23.2,-20.1,-18.3
202.38,-13.0,-20.6,-24.4,-20.1,-18.4
202.39,-11.9,-20.2,-19.7,-20.5,-19.0
202.40,-11.7,-18.6,-18.1,-21.4,-19.4
202.41,-10.5,-16.8,-17.1,-22.0,-19.8
202.42,-10.2,-15.2,-16.8,-22.2,-20.1
202.43,-9.9,-14.0,-17.2,-22.6,-20.3
202.44,-10.3,-13.9,-19.2,-22.4,-20.3
202.45,-11.2,-14.4,-21.6,-22.5,-20.2
202.46,-12.2,-15.8,-23.3,-22.2,-20.2
202.47,-13.0,-18.4,-24.6,-21.6,-20.3
202.48,-14.1,-21.6,-25.7,-21.4,-20.2
202.49,-14.5,-25.2,-26.2,-20.7,-20.2
202.50,-14.8,-28.3,-27.0,-20.7,-20.2
202.51,-14.8,-30.1,-27.7,-20.3,-20.2
202.52,-14.9,-33.6,-28.3,-19.9,-20.2
202.53,-15.2,-35.4,-28.7,-20.1,-19.9
202.54,-15.0,-32.7,-29.2,-20.8,-19.5
202.55,-14.2,-20.1,-29.7,-21.5,-19.5
202.56,-12.7,-16.6,-28.5,-22.2,-19.7
202.57,-10.7,-14.6,-19.0,-22.8,-20.1
202.58,-9.3,-13.2,-14.7,-24.1,-20.7
202.59,-8.7,-12.1,-13.4,-25.0,-21.6
202.60,-8.6,-12.2,-12.8,-22.8,-22.0
202.61,-8.4,-12.1,-12.4,-21.7,-22.7
202.62,-9.0,-11.7,-14.3,-20.4,-22.5
202.63,-9.2,-11.6,-16.4,-19.5,-22.3
202.64,-9.4,-11.5,-17.6,-19.3,-22.0
202.65,-9.6,-11.7,-19.5,-19.1,-22.0
202.66,-9.9,-12.1,-21.4,-18.6,-21.8
202.67,-10.5,-12.8,-22.3,-18.8,-22.2
202.68,-10.4,-13.1,-23.0,-18.5,-21.9
202.69,-10.2,-13.0,-23.2,-18.0,-21.9
202.70,-10.1,-12.7,-22.4,-18.1,-21.8
202.71,-9.9,-12.4,-21.9,-18.3,-21.9
202.72,-9.7,-12.0,-22.0,-18.1,-21.8
202.73,-9.5,-11.8,-22.0,-17.9,-22.0
202.74,-9.4,-11.7,-22.2,-18.1,-21.7
202.75,-9.4,-11.6,-22.6,-18.0,-21.9
202.76,-9.4,-11.8,-23.5,-17.8,-21.9
202.77,-9.4,-11.6,-24.5,-17.7,-22.3
202.78,-9.4,-11.5,-25.4,-17.8,-22.1
202.79,-9.4,-11.5,-26.4,-17.8,-22.4
202.80,-9.5,-11.3,-27.5,-18.1,-22.9
202.81,-9.5,-11.3,-28.6,-18.6,-22.2
202.82,-9.8,-11.2,-29.9,-19.9,-22.6
202.83,-10.2,-11.4,-30.7,-21.3,-22.6
202.84,-10.5,-11.5,-31.9,-22.5,-22.2
202.85,-10.7,-11.7,-33.2,-23.5,-22.0
202.86,-11.1,-12.1,-34.1,-22.9,-22.4
202.87,-11.3,-12.6,-34.4,-22.5,-22.4
202.88,-11.4,-12.8,-34.8,-22.0,-22.1
202.89,-11.5,-13.0,-35.0,-22.2,-21.9
202.90,-11.4,-13.0,-34.3,-22.4,-22.0
202.91,-11.4,-13.1,-26.4,-22.8,-22.7
202.92,-9.9,-13.5,-14.9,-23.8,-22.3
202.93,-9.3,-14.4,-13.2,-24.6,-21.8
202.94,-9.4,-16.0,-12.5,-24.1,-21.1
202.95,-9.3,-18.3,-12.0,-21.8,-20.5
202.96,-9.6,-20.7,-12.4,-20.5,-19.3
202.97,-10.7,-23.5,-14.0,-20.0,-18.6
202.98,-11.4,-26.9,-15.5,-19.0,-18.0
202.99,-11.9,-29.9,-16.8,-19.5,-17.8
203.00,-12.7,-32.4,-18.9,-19.2,-17.4
203.01,-13.6,-34.9,-21.0,-19.7,-17.7
203.02,-13.8,-37.3,-22.7,-18.7,-17.9
203.03,-13.4,-39.3,-24.0,-18.6,-18.0
203.04,-13.9,-40.3,-22.9,-18.4,-18.2
203.05,-12.8,-40.5,-21.9,-17.9,-18.2
203.06,-13.2,-40.5,-21.9,-17.7,-18.4
203.07,-13.1,-41.0,-22.0,-17.3,-18.5
203.08,-12.2,-41.5,-18.4,-17.8,-18.6
203.09,-11.7,-42.7,-17.1,-17.7,-19.3
203.10,-11.6,-44.2,-16.5,-18.4,-19.2
203.11,-11.3,-44.9,-16.3,-18.7,-19.2
203.12,-11.5,-45.1,-16.7,-19.5,-18.3
203.13,-11.9,-44.9,-18.7,-18.9,-17.3
203.14,-11.7,-45.3,-20.3,-18.7,-16.9
203.15,-11.7,-45.3,-22.0,-17.8,-16.7
203.16,-11.3,-46.7,-23.2,-17.1,-16.9
203.17,-11.4,-47.4,-24.6,-16.9,-17.2
203.18,-11.2,-48.5,-26.0,-16.6,-17.6
203.19,-11.7,-47.2,-27.2,-16.5,-18.0
203.20,-11.6,-41.4,-28.3,-16.6,-17.6
203.21,-11.6,-35.7,-29.0,-16.6,-17.6
203.22,-11.6,-30.8,-29.1,-16.9,-17.6
203.23,-11.6,-25.9,-29.2,-17.1,-17.8
203.24,-10.6,-16.7,-29.9,-17.5,-18.1
203.25,-9.8,-13.3,-30.2,-17.9,-18.7
203.26,-9.2,-11.4,-30.8,-18.6,-20.0
203.27,-8.9,-10.5,-31.6,-19.5,-20.8
203.28,-8.7,-10.1,-32.2,-19.8,-21.7
203.29,-9.3,-10.5,-33.1,-20.3,-22.3
203.30,-10.0,-11.3,-34.0,-20.4,-21.9
203.31,-10.5,-12.1,-34.8,-19.9,-21.8
203.32,-10.6,-12.1,-35.2,-19.7,-21.3
203.33,-10.8,-12.3,-35.6,-20.0,-20.6
203.34,-10.9,-12.6,-35.9,-20.1,-19.9
203.35,-10.8,-12.7,-36.3,-20.2,-19.5
203.36,-11.2,-13.4,-36.7,-20.1,-19.1
203.37,-11.5,-14.2,-36.7,-19.9,-18.9
203.38,-11.9,-15.6,-36.7,-19.8,-18.5
203.39,-12.8,-17.6,-36.8,-19.7,-18.7
203.40,-13.4,-19.4,-36.9,-19.8,-19.1
203.41,-13.3,-19.6,-37.1,-19.8,-18.8
203.42,-12.8,-16.9,-36.2,-20.2,-19.2
203.43,-11.9,-14.8,-21.1,-20.7,-20.2
203.44,-10.1,-13.4,-15.1,-21.4,-19.8
203.45,-8.8,-12.3,-13.0,-22.4,-20.3
203.46,-8.2,-11.9,-12.0,-23.8,-20.7
203.47,-7.9,-11.9,-11.2,-24.5,-20.7
203.48,-7.7,-11.6,-11.4,-25.3,-21.7
203.49,-8.4,-11.2,-13.2,-24.3,-21.6
203.50,-8.7,-11.3,-14.6,-23.3,-21.5
203.51,-9.1,-11.4,-16.4,-22.8,-21.4
203.52,-9.8,-11.8,-20.5,-22.1,-21.5
203.53,-10.6,-13.2,-23.1,-22.0,-21.0
203.54,-11.7,-14.6,-24.0,-22.1,-21.2
203.55,-12.8,-16.4,-25.9,-22.2,-21.0
203.56,-14.1,-19.5,-25.8,-21.9,-21.1
203.57,-14.4,-22.2,-24.7,-21.2,-20.8
203.58,-14.6,-23.7,-24.2,-21.0,-20.5
203.59,-13.7,-20.1,-23.8,-20.8,-20.8
203.60,-12.3,-16.4,-22.0,-21.4,-21.3
203.61,-10.3,-14.1,-14.8,-22.6,-21.8
203.62,-9.0,-12.8,-13.1,-23.2,-22.7
203.63,-8.2,-11.8,-12.6,-20.9,-23.0
203.64,-7.9,-11.8,-12.2,-19.7,-23.1
203.65,-8.3,-12.3,-12.7,-18.7,-23.1
203.66,-9.1,-13.1,-14.4,-17.8,-22.5
203.67,-9.9,-14.5,-16.0,-17.5,-22.1
203.68,-10.7,-16.0,-17.1,-17.6,-21.7
203.69,-11.8,-18.4,-19.1,-17.8,-21.2
203.70,-12.1,-20.6,-21.3,-17.5,-20.6
203.71,-12.5,-23.4,-22.7,-17.8,-19.9
203.72,-12.7,-25.8,-23.4,-17.6,-19.3
203.73,-12.9,-29.5,-22.0,-17.8,-19.3
203.74,-12.6,-33.7,-20.7,-17.8,-19.0
203.75,-12.4,-31.1,-20.5,-17.7,-19.2
203.76,-12.3,-26.4,-20.3,-17.8,-19.8
203.77,-11.8,-20.9,-18.0,-17.8,-20.3
203.78,-10.6,-15.9,-17.2,-18.7,-20.9
203.79,-9.6,-12.9,-17.3,-19.6,-21.3
203.80,-9.2,-11.6,-17.4,-21.0,-21.3
203.81,-8.9,-10.9,-18.0,-22.3,-21.1
203.82,-9.5,-11.0,-21.3,-23.3,-20.9
203.83,-9.8,-12.0,-22.9,-21.9,-20.2
203.84,-11.1,-14.0,-24.9,-21.0,-19.5
203.85,-11.3,-15.8,-25.6,-20.1,-19.3
203.86,-11.2,-15.9,-27.0,-19.5,-19.0
203.87,-11.0,-15.6,-28.2,-19.2,-19.1
203.88,-11.0,-15.7,-29.5,-19.1,-19.1
203.89,-11.0,-16.1,-30.3,-18.7,-18.9
203.90,-11.2,-16.7,-30.9,-18.4,-18.8
203.91,-11.6,-18.8,-30.9,-17.9,-19.0
203.92,-11.5,-19.1,-30.9,-17.8,-18.8
203.93,-11.7,-17.8,-31.1,-18.1,-19.4
203.94,-11.4,-16.1,-30.6,-18.5,-20.0
203.95,-10.4,-14.5,-19.7,-19.4,-20.5
203.96,-9.0,-12.9,-14.7,-20.0,-21.4
203.97,-8.4,-12.0,-13.1,-21.2,-22.0
203.98,-7.9,-11.3,-12.3,-21.6,-22.1
203.99,-7.4,-10.9,-11.6,-22.1,-22.4
204.00,-7.9,-10.9,-13.0,-21.9,-22.2
204.01,-8.8,-11.1,-15.0,-22.3,-21.5
204.02,-9.0,-11.1,-16.4,-21.8,-21.4
204.03,-9.4,-11.2,-18.9,-21.2,-20.6
204.04,-10.1,-11.8,-21.8,-20.7,-19.9
204.05,-10.4,-12.4,-23.5,-20.4,-19.5
204.06,-10.8,-13.5,-24.6,-20.1,-19.2
204.07,-12.0,-15.0,-26.2,-19.9,-19.0
204.08,-12.6,-17.1,-26.7,-19.7,-18.5
204.09,-12.7,-18.5,-25.6,-19.8,-18.8
204.10,-12.9,-17.2,-25.2,-20.1,-19.1
204.11,-11.4,-15.0,-22.3,-20.3,-19.6
204.12,-10.1,-13.4,-19.2,-20.9,-20.3
204.13,-9.3,-11.6,-18.5,-21.8,-21.2
204.14,-8.7,-10.7,-18.2,-22.6,-21.3
204.15,-8.7,-10.8,-18.1,-23.0,-21.2
204.16,-9.3,-10.9,-19.9,-24.1,-21.0
204.17,-9.9,-11.6,-22.4,-24.5,-20.4
204.18,-10.6,-12.6,-24.1,-25.1,-20.2
204.19,-10.8,-13.2,-25.0,-24.5,-19.7
204.20,-11.3,-14.0,-26.0,-23.4,-19.8
204.21,-11.7,-15.1,-26.7,-21.8,-19.6
204.22,-12.1,-16.6,-27.0,-20.7,-19.4
204.23,-12.3,-18.3,-27.3,-20.0,-19.0
204.24,-13.2,-22.8,-27.5,-19.7,-19.0
204.25,-13.0,-23.6,-27.5,-19.3,-18.9
204.26,-12.9,-24.3,-27.4,-19.2,-18.7
204.27,-12.7,-24.7,-27.3,-19.0,-18.6
204.28,-12.6,-24.6,-26.7,-19.0,-18.5
204.29,-12.2,-22.8,-22.6,-19.0,-19.0
204.30,-10.1,-19.5,-14.6,-19.4,-19.3
204.31,-9.1,-16.3,-13.1,-20.1,-19.9
204.32,-9.1,-15.2,-12.5,-21.1,-21.5
204.33,-8.7,-14.0,-12.2,-22.0,-21.8
204.34,-8.8,-13.0,-12.8,-23.1,-21.8
204.35,-9.4,-12.9,-14.5,-22.5,-21.1
204.36,-9.6,-12.8,-16.2,-22.6,-20.6
204.37,-9.5,-12.5,-17.4,-21.8,-20.1
204.38,-9.6,-12.5,-18.1,-22.5,-19.6
204.39,-8.5,-12.2,-16.3,-21.7,-19.2
204.40,-8.7,-12.3,-15.0,-23.0,-19.5
204.41,-8.3,-12.8,-14.1,-21.3,-19.1
204.42,-8.5,-13.4,-13.3,-21.4,-19.2
204.43,-8.9,-14.1,-13.8,-21.1,-19.2
204.44,-9.9,-15.2,-15.0,-21.2,-19.5
204.45,-9.8,-15.1,-15.8,-21.1,-19.6
204.46,-10.1,-14.7,-15.7,-23.5,-20.3
204.47,-9.8,-14.6,-15.8,-23.6,-20.5
204.48,-9.8,-14.2,-15.9,-24.7,-20.8
204.49,-9.5,-13.6,-16.1,-23.2,-20.3
204.50,-9.4,-13.0,-16.7,-23.1,-20.5
204.51,-9.3,-12.3,-19.2,-21.1,-19.9
204.52,-9.2,-12.1,-20.5,-20.3,-19.7
204.53,-9.2,-12.1,-22.1,-19.8,-19.8
204.54,-9.5,-12.5,-22.6,-20.0,-19.8
204.55,-9.9,-13.6,-22.9,-19.4,-19.6
204.56,-10.8,-14.9,-23.1,-20.0,-20.2
204.57,-11.6,-16.4,-23.3,-20.2,-20.0
204.58,-12.4,-18.6,-23.7,-20.6,-20.0
204.59,-12.8,-21.7,-24.0,-19.8,-19.4
204.60,-13.4,-26.6,-24.5,-20.0,-18.9
204.61,-13.1,-29.1,-25.0,-19.4,-18.6
204.62,-12.8,-32.0,-25.8,-19.0,-17.8
204.63,-12.0,-27.0,-22.9,-18.8,-17.7
204.64,-11.1,-24.1,-17.1,-19.2,-17.8
204.65,-9.5,-16.2,-13.8,-18.9,-18.1
204.66,-8.4,-13.7,-12.8,-19.8,-18.6
204.67,-8.1,-12.6,-12.4,-19.8,-19.5
204.68,-8.0,-12.0,-12.2,-21.0,-19.9
204.69,-8.4,-11.7,-14.4,-21.7,-20.3
204.70,-9.3,-12.3,-16.3,-22.1,-20.2
204.71,-9.6,-12.8,-17.4,-21.6,-20.4
204.72,-9.6,-12.7,-18.9,-20.5,-20.2
204.73,-9.2,-13.0,-16.1,-20.0,-20.4
204.74,-9.1,-13.7,-15.1,-19.7,-20.5
204.75,-9.5,-15.0,-14.6,-19.5,-20.6
204.76,-9.6,-16.9,-14.1,-19.5,-20.1
204.77,-10.1,-20.3,-14.0,-19.3,-19.9
204.78,-10.9,-23.6,-15.0,-19.0,-19.7
204.79,-11.3,-26.0,-16.0,-18.9,-19.8
204.80,-11.4,-27.7,-16.9,-18.9,-19.6
204.81,-11.3,-19.9,-18.4,-19.2,-19.9
204.82,-10.0,-14.4,-20.6,-19.4,-20.2
204.83,-9.6,-12.3,-23.1,-19.5,-20.9
204.84,-8.9,-11.0,-24.2,-19.8,-21.8
204.85,-8.4,-10.0,-24.3,-19.8,-22.9
204.86,-8.3,-9.8,-24.0,-19.3,-23.4
204.87,-8.3,-9.9,-23.5,-19.0,-23.8
204.88,-8.3,-10.0,-23.6,-18.7,-23.7
204.89,-8.5,-10.0,-23.8,-18.6,-23.6
204.90,-8.4,-10.4,-17.3,-18.7,-23.4
204.91,-8.1,-10.9,-14.2,-19.1,-23.1
204.92,-8.3,-11.2,-13.4,-19.3,-23.1
204.93,-8.1,-11.7,-12.7,-19.1,-22.4
204.94,-8.1,-12.2,-12.4,-18.7,-22.3
204.95,-8.8,-12.4,-14.6,-18.4,-22.4
204.96,-9.3,-12.8,-16.1,-18.1,-22.3
204.97,-9.4,-12.8,-17.1,-18.0,-22.2
204.98,-9.7,-12.7,-18.8,-18.3,-22.1
204.99,-9.9,-12.5,-20.8,-18.8,-22.2
205.00,-9.5,-12.1,-21.8,-18.7,-21.5
205.01,-9.8,-12.3,-23.2,-19.2,-21.1
205.02,-9.6,-12.5,-23.4,-18.2,-20.6
205.03,-9.5,-12.4,-22.9,-17.9,-20.2
205.04,-9.2,-12.5,-22.6,-17.1,-19.9
205.05,-9.1,-12.3,-23.1,-16.9,-19.4
205.06,-8.7,-12.3,-23.7,-16.3,-19.2
205.07,-8.7,-12.3,-24.1,-16.3,-18.5
205.08,-8.7,-12.8,-25.0,-16.1,-18.2
205.09,-9.0,-13.6,-25.5,-16.0,-17.4
205.10,-9.3,-15.2,-26.4,-16.0,-17.1
205.11,-9.5,-16.8,-27.0,-15.8,-16.7
205.12,-9.9,-19.5,-27.6,-16.0,-16.3
205.13,-10.1,-22.9,-27.9,-15.7,-16.2
205.14,-10.2,-26.0,-28.6,-15.8,-16.2
205.15,-10.0,-28.8,-23.2,-15.6,-16.3
205.16,-9.7,-30.3,-14.3,-15.9,-17.2
205.17,-9.3,-31.5,-12.7,-16.3,-17.6
205.18,-9.6,-32.9,-12.1,-16.8,-18.7
205.19,-9.2,-34.1,-11.8,-16.9,-18.5
205.20,-9.6,-34.5,-12.2,-17.2,-18.4
205.21,-9.9,-35.0,-14.0,-17.2,-18.4
205.22,-10.5,-34.9,-15.5,-17.3,-18.0
205.23,-10.6,-34.7,-16.6,-17.6,-17.9
205.24,-11.7,-34.2,-17.8,-17.8,-17.8
205.25,-11.7,-33.8,-19.5,-18.2,-18.0
205.26,-12.6,-32.8,-20.9,-18.3,-17.8
205.27,-12.0,-31.8,-20.8,-18.1,-17.6
205.28,-12.1,-31.5,-21.2,-17.6,-17.5
205.29,-11.6,-31.5,-21.8,-17.2,-17.4
205.30,-11.3,-31.8,-21.8,-17.0,-17.4
205.31,-11.8,-31.9,-23.0,-17.4,-17.6
205.32,-11.4,-29.1,-19.4,-18.4,-18.3
205.33,-11.3,-24.6,-18.4,-19.5,-18.6
205.34,-10.7,-20.0,-17.9,-20.5,-19.1
205.35,-10.0,-17.5,-17.6,-20.5,-19.0
205.36,-9.7,-15.4,-18.1,-20.8,-18.7
205.37,-9.4,-13.9,-20.5,-20.8,-18.0
205.38,-9.3,-13.2,-22.3,-21.0,-17.5
205.39,-9.5,-12.8,-23.4,-21.3,-17.4
205.40,-9.5,-12.7,-23.8,-21.9,-17.2
205.41,-9.8,-13.0,-24.7,-22.2,-17.1
205.42,-10.2,-13.6,-26.4,-22.4,-17.0
205.43,-10.4,-14.0,-26.8,-22.5,-16.9
205.44,-10.7,-14.3,-27.8,-22.9,-16.9
205.45,-10.7,-14.3,-28.4,-22.9,-16.8
205.46,-10.7,-14.2,-28.1,-22.1,-17.3
205.47,-10.7,-14.0,-28.4,-22.1,-17.5
205.48,-10.6,-13.6,-28.5,-21.9,-17.9
205.49,-10.3,-13.1,-28.6,-21.8,-18.1
205.50,-10.4,-12.8,-29.0,-22.2,-18.8
205.51,-10.4,-12.5,-29.7,-23.0,-18.8
205.52,-10.5,-12.5,-30.4,-23.6,-19.2
205.53,-10.3,-12.3,-30.7,-23.1,-19.2
205.54,-10.4,-12.4,-31.0,-22.2,-19.8
205.55,-10.3,-12.5,-31.4,-21.1,-19.5
205.56,-10.2,-12.4,-31.3,-20.4,-19.8
205.57,-10.3,-12.5,-30.9,-20.3,-19.7
205.58,-10.4,-12.6,-30.9,-20.1,-19.4
205.59,-10.5,-13.0,-31.2,-19.8,-19.0
205.60,-10.6,-13.2,-30.8,-19.6,-19.1
205.61,-10.8,-13.5,-31.3,-19.3,-19.2
205.62,-10.8,-13.5,-32.2,-19.2,-19.8
205.63,-11.0,-13.4,-32.6,-19.5,-20.2
205.64,-11.3,-13.4,-33.0,-19.9,-20.9
205.65,-11.5,-13.8,-33.8,-20.2,-21.1
205.66,-11.6,-14.2,-29.2,-20.6,-21.1
205.67,-11.1,-14.2,-21.7,-21.3,-21.0
205.68,-9.7,-14.4,-15.1,-22.3,-21.4
205.69,-9.0,-13.7,-13.5,-23.2,-21.0
205.70,-8.3,-12.4,-12.9,-23.6,-21.3
205.71,-8.1,-11.8,-12.6,-22.2,-21.1
205.72,-7.6,-10.9,-13.0,-21.1,-20.7
205.73,-8.1,-10.6,-15.1,-20.3,-20.5
205.74,-8.0,-10.2,-16.8,-19.5,-20.6
205.75,-8.1,-10.2,-18.1,-19.5,-20.4
205.76,-8.4,-10.3,-20.7,-19.1,-20.2
205.77,-9.1,-11.0,-22.8,-18.9,-20.3
205.78,-8.9,-11.2,-22.7,-18.4,-19.9
205.79,-9.4,-12.0,-23.0,-18.2,-20.0
205.80,-9.3,-12.1,-22.6,-17.9,-20.0
205.81,-9.3,-12.4,-21.8,-18.0,-20.4
205.82,-9.3,-12.3,-21.8,-17.8,-20.4
205.83,-9.2,-12.1,-21.8,-17.8,-20.3
205.84,-9.3,-12.3,-20.8,-18.0,-20.3
205.85,-8.4,-12.1,-14.8,-18.9,-20.2
205.86,-8.3,-12.2,-13.4,-20.3,-20.2
205.87,-8.2,-12.4,-13.0,-21.0,-19.9
205.88,-8.3,-12.6,-12.7,-22.0,-19.5
205.89,-8.7,-13.0,-13.3,-21.9,-19.3
205.90,-9.0,-13.3,-14.6,-20.9,-19.1
205.91,-10.0,-14.1,-16.2,-20.4,-19.0
205.92,-10.3,-14.7,-17.2,-20.4,-19.0
205.93,-10.8,-15.7,-18.2,-19.9,-19.2
205.94,-11.4,-17.0,-19.9,-19.5,-19.0
205.95,-11.5,-18.7,-21.7,-19.0,-18.4
205.96,-11.7,-20.7,-21.7,-18.6,-18.3
205.97,-11.6,-24.5,-21.9,-18.3,-17.9
205.98,-11.8,-27.7,-22.9,-18.2,-17.9
205.99,-12.0,-30.2,-23.0,-18.2,-18.1
206.00,-12.2,-28.0,-23.8,-18.0,-18.5
206.01,-11.7,-21.7,-20.6,-18.3,-19.0
206.02,-10.9,-17.2,-19.2,-18.5,-19.5
206.03,-10.0,-14.2,-18.3,-19.1,-19.6
206.04,-9.5,-12.8,-18.0,-19.4,-20.4
206.05,-9.2,-12.1,-17.9,-19.6,-20.8
206.06,-9.1,-11.9,-20.2,-19.4,-20.2
206.07,-9.2,-12.1,-22.5,-19.0,-19.6
206.08,-9.6,-12.6,-23.8,-18.5,-19.6
206.09,-9.6,-12.7,-26.0,-18.6,-19.4
206.10,-9.9,-12.7,-27.0,-19.1,-19.4
206.11,-10.0,-12.7,-28.0,-18.8,-19.9
206.12,-10.1,-12.6,-28.3,-19.1,-19.7
206.13,-9.9,-12.4,-28.7,-19.3,-19.6
206.14,-9.9,-12.5,-29.1,-19.2,-19.4
206.15,-9.9,-12.5,-29.2,-18.8,-19.6
206.16,-10.0,-12.6,-29.3,-18.9,-19.8
206.17,-10.2,-12.8,-29.6,-19.2,-20.2
206.18,-10.1,-12.7,-30.2,-19.4,-19.9
206.19,-10.1,-12.6,-30.7,-19.2,-19.9
206.20,-9.8,-12.2,-31.3,-19.2,-19.6
206.21,-9.8,-12.2,-31.6,-19.7,-19.3
206.22,-9.9,-12.2,-31.7,-20.1,-18.9
206.23,-10.1,-12.4,-31.4,-20.3,-19.1
206.24,-10.1,-12.3,-31.4,-20.3,-19.0
206.25,-10.2,-12.3,-31.4,-20.2,-19.1
206.26,-10.2,-12.2,-31.5,-19.9,-18.8
206.27,-10.0,-12.1,-31.7,-19.6,-18.8
206.28,-9.7,-11.7,-32.1,-19.5,-19.3
206.29,-9.8,-11.8,-32.4,-19.6,-18.9
206.30,-10.0,-12.1,-32.7,-19.7,-19.2
206.31,-10.3,-12.3,-32.9,-19.8,-19.7
206.32,-10.6,-12.9,-33.2,-20.1,-19.9
206.33,-11.3,-13.5,-33.4,-20.7,-20.7
206.34,-11.9,-14.2,-33.6,-21.1,-21.8
206.35,-11.8,-14.4,-27.6,-21.5,-21.5
206.36,-10.8,-14.7,-19.3,-22.0,-21.4
206.37,-9.8,-14.2,-14.9,-22.1,-21.8
206.38,-8.8,-13.9,-13.5,-21.1,-20.5
206.39,-8.4,-13.1,-12.9,-20.8,-20.0
206.40,-8.2,-12.7,-12.6,-20.1,-20.6
206.41,-8.6,-12.0,-13.5,-19.5,-20.3
206.42,-8.7,-12.0,-15.8,-19.4,-19.9
206.43,-9.5,-11.6,-17.2,-19.7,-21.4
206.44,-9.3,-11.5,-18.5,-20.0,-20.5
206.45,-9.6,-11.5,-20.4,-20.4,-19.5
206.46,-9.7,-11.5,-22.8,-20.6,-20.0
206.47,-10.0,-11.6,-23.9,-20.3,-19.5
206.48,-9.9,-12.0,-23.9,-19.9,-19.0
206.49,-10.2,-12.1,-23.9,-19.9,-19.9
206.50,-10.3,-12.2,-23.8,-20.4,-20.2
206.51,-10.3,-12.2,-23.9,-21.1,-19.9
206.52,-10.5,-11.8,-25.1,-22.6,-21.0
206.53,-10.1,-11.6,-24.9,-22.1,-21.0
206.54,-9.4,-11.7,-15.2,-22.2,-20.7
206.55,-8.7,-11.7,-13.5,-21.0,-21.2
206.56,-8.6,-11.9,-12.9,-20.8,-21.6
206.57,-8.6,-12.5,-12.4,-19.7,-21.1
206.58,-9.0,-13.2,-12.7,-20.3,-21.0
206.59,-9.6,-14.1,-14.4,-19.9,-19.8
206.60,-10.6,-15.7,-15.8,-19.7,-19.3
206.61,-11.4,-18.1,-16.9,-19.4,-18.8
206.62,-12.2,-20.0,-18.9,-19.0,-18.4
206.63,-12.4,-23.5,-20.9,-18.8,-18.0
206.64,-12.7,-27.1,-21.8,-18.5,-17.9
206.65,-13.2,-29.8,-21.8,-18.7,-17.7
206.66,-13.7,-30.9,-20.9,-18.6,-18.5
206.67,-14.2,-30.0,-20.6,-19.3,-18.7
206.68,-14.3,-27.4,-20.9,-19.3,-19.1
206.69,-13.7,-24.3,-20.9,-19.8,-19.4
206.70,-12.5,-20.9,-19.5,-20.0,-19.3
206.71,-11.8,-19.2,-18.0,-21.6,-18.5
206.72,-11.2,-18.7,-17.4,-21.8,-17.4
206.73,-11.1,-18.0,-17.1,-22.8,-17.1
206.74,-10.5,-15.7,-16.9,-23.3,-17.0
206.75,-10.1,-14.1,-18.0,-22.2,-16.8
206.76,-9.8,-13.1,-19.6,-21.9,-17.3
206.77,-9.6,-12.1,-20.9,-22.4,-17.6
206.78,-9.3,-11.6,-23.2,-22.0,-17.6
206.79,-9.6,-11.9,-24.8,-22.3,-17.7
206.80,-10.1,-12.5,-27.0,-22.4,-17.7
206.81,-10.5,-13.0,-28.3,-22.7,-17.9
206.82,-11.2,-14.1,-29.3,-22.1,-18.3
206.83,-11.7,-15.2,-29.9,-22.8,-18.4
206.84,-12.1,-15.8,-30.0,-22.6,-19.2
206.85,-12.2,-15.7,-29.9,-22.6,-19.9
206.86,-12.0,-15.2,-29.7,-22.3,-20.5
206.87,-11.9,-14.6,-29.3,-21.8,-21.1
206.88,-11.7,-14.2,-29.0,-21.6,-21.3
206.89,-11.5,-13.9,-29.2,-21.4,-21.0
206.90,-11.2,-13.7,-29.3,-21.0,-20.4
206.91,-11.4,-13.7,-29.6,-21.6,-20.6
206.92,-11.1,-13.6,-29.9,-21.5,-20.0
206.93,-10.7,-13.2,-30.5,-21.5,-19.7
206.94,-10.6,-12.9,-30.8,-21.1,-20.2
206.95,-10.7,-12.9,-31.3,-21.0,-20.4
206.96,-10.7,-12.6,-31.6,-21.0,-20.7
206.97,-10.3,-12.2,-31.8,-20.2,-21.2
206.98,-10.5,-12.3,-31.9,-19.1,-21.4
206.99,-10.1,-12.3,-32.1,-18.7,-20.8
207.00,-10.3,-12.9,-32.5,-17.5,-20.9
207.01,-10.9,-14.1,-32.5,-17.3,-20.8
207.02,-11.3,-15.9,-32.1,-16.5,-20.4
207.03,-12.2,-18.5,-32.0,-17.0,-20.4
207.04,-12.8,-21.7,-29.6,-16.9,-20.6
207.05,-11.6,-18.3,-20.8,-17.3,-20.9
207.06,-9.5,-15.1,-15.6,-17.5,-21.1
207.07,-8.9,-13.2,-14.1,-17.7,-22.0
207.08,-8.1,-11.6,-13.6,-18.4,-22.4
207.09,-7.7,-10.6,-13.2,-19.5,-22.3
207.10,-7.9,-10.3,-13.8,-20.6,-21.7
207.11,-8.6,-10.3,-15.8,-22.6,-21.1
207.12,-8.8,-10.6,-17.2,-24.7,-21.0
207.13,-9.3,-10.9,-18.6,-26.0,-20.5
207.14,-9.8,-11.3,-21.0,-24.8,-20.7
207.15,-9.9,-11.5,-22.5,-25.0,-20.4
207.16,-9.7,-11.6,-22.3,-23.2,-19.9
207.17,-9.8,-11.6,-22.7,-23.4,-19.7
207.18,-9.5,-11.5,-21.6,-23.2,-19.7
207.19,-9.3,-11.5,-21.1,-23.1,-19.1
207.20,-9.6,-11.4,-21.6,-22.9,-19.7
207.21,-9.5,-11.2,-21.8,-22.4,-19.9
207.22,-9.1,-11.2,-19.9,-21.8,-20.1
207.23,-8.5,-11.2,-15.5,-22.5,-20.5
207.24,-8.2,-11.0,-14.3,-21.9,-21.0
207.25,-8.1,-11.1,-13.9,-22.5,-20.8
207.26,-8.2,-11.4,-13.5,-21.6,-21.2
207.27,-8.6,-11.3,-14.6,-21.9,-21.5
207.28,-9.0,-11.2,-15.8,-22.6,-21.5
207.29,-9.4,-11.3,-17.4,-23.0,-21.5
207.30,-9.6,-11.4,-18.4,-23.3,-21.6
207.31,-10.4,-12.1,-19.7,-23.6,-21.6
207.32,-11.1,-13.0,-21.7,-22.5,-21.6
207.33,-11.4,-14.7,-23.4,-20.9,-20.4
207.34,-12.4,-17.3,-23.3,-20.7,-20.7
207.35,-13.4,-19.9,-23.4,-20.5,-20.2
207.36,-12.9,-21.6,-23.2,-19.5,-19.8
207.37,-13.6,-24.8,-23.2,-20.7,-19.8
207.38,-13.6,-25.8,-24.4,-20.0,-19.9
207.39,-12.0,-23.2,-20.7,-20.2,-19.9
207.40,-12.2,-21.8,-19.4,-21.5,-20.4
207.41,-11.0,-17.7,-18.6,-21.7,-20.3
207.42,-10.2,-15.2,-18.1,-22.3,-20.7
207.43,-9.9,-14.1,-18.0,-22.8,-21.0
207.44,-10.1,-13.5,-19.5,-21.9,-20.6
207.45,-10.1,-13.1,-20.4,-22.4,-20.4
207.46,-10.3,-13.6,-21.3,-20.8,-20.3
207.47,-10.6,-14.4,-22.4,-21.0,-20.2
207.48,-11.1,-14.8,-23.4,-21.0,-20.3
207.49,-11.5,-15.2,-25.1,-20.8,-20.4
207.50,-11.6,-15.8,-26.1,-20.2,-20.7
207.51,-11.8,-16.0,-27.0,-20.4,-20.8
207.52,-11.8,-15.5,-28.1,-20.4,-21.2
207.53,-11.1,-14.6,-28.8,-19.7,-21.2
207.54,-11.2,-14.0,-29.7,-20.7,-21.4
207.55,-10.7,-13.4,-30.3,-19.9,-21.2
207.56,-10.6,-13.0,-30.6,-20.1,-21.2
207.57,-10.6,-12.9,-30.5,-21.3,-20.2
207.58,-10.4,-12.9,-31.0,-20.1,-20.1
207.59,-10.7,-13.0,-31.1,-21.5,-20.1
207.60,-10.7,-13.3,-31.3,-21.2,-20.0
207.61,-11.0,-13.4,-31.7,-22.2,-19.8
207.62,-11.0,-13.2,-31.8,-22.7,-20.7
207.63,-11.4,-13.3,-31.8,-23.0,-21.4
207.64,-11.2,-13.0,-32.0,-21.9,-21.0
207.65,-10.6,-12.4,-31.9,-21.6,-20.6
207.66,-10.2,-12.3,-32.1,-20.4,-19.9
207.67,-10.3,-12.5,-32.3,-19.5,-19.9
207.68,-9.9,-12.5,-32.7,-19.1,-19.0
207.69,-10.0,-12.6,-33.3,-19.2,-19.2
207.70,-10.4,-13.1,-34.2,-20.1,-19.7
207.71,-10.4,-13.1,-34.8,-20.3,-19.8
207.72,-10.8,-13.2,-35.3,-20.8,-20.5
207.73,-11.3,-13.8,-31.2,-21.8,-21.3
207.74,-10.8,-13.8,-19.9,-22.3,-20.8
207.75,-9.5,-13.8,-15.2,-21.6,-21.4
207.76,-9.0,-13.2,-13.7,-22.5,-21.3
207.77,-8.4,-12.3,-13.2,-22.7,-20.7
207.78,-7.9,-11.6,-12.8,-22.5,-20.4
207.79,-8.0,-10.9,-13.6,-23.3,-20.4
207.80,-8.1,-10.4,-15.8,-23.0,-19.9
207.81,-8.5,-10.4,-17.3,-22.4,-20.0
207.82,-8.8,-10.8,-18.8,-22.2,-19.9
207.83,-9.3,-11.0,-21.1,-22.8,-20.2
207.84,-9.5,-11.1,-22.4,-22.1,-20.5
207.85,-9.4,-11.1,-22.3,-22.1,-20.7
207.86,-9.3,-11.0,-22.5,-21.5,-21.1
207.87,-9.4,-11.1,-21.8,-21.1,-21.6
207.88,-9.4,-11.4,-21.0,-21.2,-22.5
207.89,-9.8,-11.8,-21.4,-20.9,-22.6
207.90,-10.2,-12.4,-21.6,-21.2,-22.5
207.91,-10.4,-13.0,-19.6,-22.4,-22.6
207.92,-9.6,-13.3,-15.0,-23.4,-22.9
207.93,-9.4,-13.1,-14.0,-23.9,-23.0
207.94,-9.1,-12.7,-13.6,-23.9,-22.8
207.95,-8.8,-11.9,-13.3,-24.3,-23.2
207.96,-9.1,-11.5,-14.1,-24.1,-23.1
207.97,-9.4,-11.6,-15.7,-24.5,-23.0
207.98,-10.2,-12.1,-17.5,-23.7,-22.6
207.99,-10.6,-12.7,-18.6,-23.5,-23.0
208.00,-10.3,-12.3,-20.0,-22.8,-22.0
208.01,-10.1,-11.7,-21.9,-22.1,-22.1
208.02,-9.5,-10.8,-23.9,-22.4,-22.2
208.03,-9.3,-10.4,-23.5,-22.2,-22.1
208.04,-9.5,-10.5,-23.1,-22.5,-22.5
208.05,-10.0,-11.1,-24.0,-22.3,-22.8
208.06,-10.4,-11.6,-24.1,-22.8,-23.1
208.07,-10.8,-12.2,-25.0,-22.9,-23.1
208.08,-9.9,-11.6,-24.6,-23.0,-22.8
208.09,-9.1,-11.5,-15.8,-23.9,-22.5
208.10,-8.1,-10.8,-13.7,-23.8,-22.2
208.11,-7.9,-10.8,-13.1,-24.1,-21.2
208.12,-7.6,-10.6,-12.7,-22.9,-20.9
208.13,-7.8,-10.4,-12.8,-22.9,-21.0
208.14,-8.1,-10.5,-15.0,-21.3,-20.1
208.15,-8.6,-10.5,-16.7,-21.5,-20.0
208.16,-8.7,-10.7,-17.7,-20.7,-20.4
208.17,-9.2,-11.0,-19.0,-20.9,-20.2
208.18,-9.7,-11.4,-20.7,-20.1,-20.4
208.19,-9.9,-11.7,-22.4,-19.7,-21.1
208.20,-10.0,-11.9,-22.2,-19.8,-21.0
208.21,-10.0,-12.3,-21.8,-19.2,-20.6
208.22,-10.2,-12.4,-22.0,-19.7,-20.6
208.23,-10.1,-12.7,-21.9,-18.9,-19.8
208.24,-10.3,-12.9,-22.1,-19.9,-19.6
208.25,-10.4,-13.1,-23.6,-19.1,-19.7
208.26,-10.9,-13.4,-25.0,-20.0,-19.8
208.27,-10.9,-13.3,-25.2,-19.7,-20.1
208.28,-10.6,-12.9,-24.9,-20.1,-20.3
208.29,-10.7,-12.9,-24.8,-20.1,-20.2
208.30,-10.8,-12.8,-24.1,-19.7,-20.4
208.31,-10.2,-12.5,-24.0,-20.6,-19.9
208.32,-9.9,-12.2,-24.3,-19.6,-19.4
208.33,-9.4,-11.6,-24.8,-20.6,-19.7
208.34,-9.2,-11.2,-25.4,-19.3,-19.4
208.35,-9.2,-11.4,-26.4,-20.1,-19.4
208.36,-9.4,-11.5,-27.1,-19.5,-19.8
208.37,-9.7,-11.5,-27.4,-19.9,-20.3
208.38,-9.9,-11.9,-27.6,-19.8,-20.4
208.39,-10.1,-12.1,-27.7,-19.6,-20.5
208.40,-10.1,-12.2,-27.7,-20.4,-20.9
208.41,-10.2,-12.2,-27.7,-19.8,-21.4
208.42,-10.5,-12.3,-27.2,-21.0,-21.7
208.43,-9.9,-12.3,-20.3,-20.9,-21.6
208.44,-9.1,-12.3,-14.6,-22.5,-21.3
208.45,-8.6,-12.3,-13.3,-22.3,-20.6
208.46,-8.0,-12.0,-12.7,-22.5,-19.5
208.47,-8.0,-12.0,-12.4,-21.2,-19.2
208.48,-7.7,-11.7,-13.0,-21.1,-19.0
208.49,-8.2,-11.4,-15.3,-19.7,-19.0
208.50,-8.3,-11.3,-16.4,-19.8,-19.5
208.51,-8.4,-11.4,-17.6,-18.6,-19.6
208.52,-7.8,-11.3,-16.3,-18.9,-20.1
208.53,-7.9,-11.5,-14.5,-18.1,-20.9
208.54,-7.7,-11.9,-13.8,-18.1,-20.7
208.55,-7.9,-12.0,-13.4,-18.0,-21.1
208.56,-7.7,-12.1,-13.1,-17.5,-21.8
208.57,-8.7,-12.4,-14.7,-17.8,-22.0
208.58,-8.8,-12.5,-16.0,-17.3,-22.4
208.59,-9.3,-12.5,-16.9,-17.9,-22.7
208.60,-9.2,-12.7,-17.0,-17.6,-22.0
208.61,-9.3,-12.8,-17.4,-17.8,-21.2
208.62,-9.5,-13.0,-17.9,-17.7,-20.7
208.63,-9.3,-12.9,-17.9,-17.9,-20.1
208.64,-9.5,-13.0,-18.3,-18.0,-19.9
208.65,-9.4,-12.7,-19.2,-17.8,-20.1
208.66,-9.5,-12.6,-19.6,-17.8,-20.0
208.67,-9.3,-12.5,-20.1,-17.8,-19.9
208.68,-9.4,-12.2,-20.6,-17.9,-20.0
208.69,-9.4,-12.1,-22.4,-18.1,-20.1
208.70,-9.3,-11.9,-23.2,-17.7,-19.9
208.71,-9.2,-11.8,-24.4,-18.1,-19.6
208.72,-9.3,-11.6,-25.2,-18.0,-19.5
208.73,-9.3,-11.6,-25.6,-18.5,-19.7
208.74,-9.1,-11.4,-26.4,-17.9,-19.6
208.75,-9.1,-11.4,-27.3,-18.1,-19.7
208.76,-9.2,-11.5,-28.6,-17.9,-20.4
208.77,-9.1,-11.5,-26.7,-18.0,-20.2
208.78,-8.8,-11.7,-17.6,-18.5,-20.1
208.79,-8.7,-12.3,-14.4,-19.6,-20.5
208.80,-8.5,-12.8,-13.6,-19.7,-20.2
208.81,-8.5,-13.0,-13.0,-20.6,-19.9
208.82,-8.6,-13.5,-12.7,-20.4,-20.0
208.83,-9.6,-14.0,-14.9,-19.8,-19.9
208.84,-10.2,-14.6,-16.7,-19.5,-20.4
208.85,-11.1,-15.3,-17.5,-19.8,-20.7
208.86,-11.5,-16.3,-16.9,-19.6,-21.0
208.87,-11.4,-18.4,-14.4,-19.5,-21.1
208.88,-11.1,-20.2,-13.4,-20.1,-20.8
208.89,-10.9,-22.3,-12.9,-19.7,-20.3
208.90,-10.8,-23.8,-12.6,-19.6,-20.3
208.91,-10.9,-27.4,-13.0,-19.3,-20.9
208.92,-12.0,-28.8,-14.7,-19.0,-21.2
208.93,-12.2,-30.4,-15.9,-19.1,-21.3
208.94,-12.6,-30.2,-16.1,-18.5,-21.5
208.95,-12.3,-31.8,-16.4,-18.6,-20.2
208.96,-12.2,-33.2,-16.4,-18.0,-19.2
208.97,-11.4,-35.0,-16.3,-18.2,-18.5
208.98,-11.4,-36.9,-16.1,-18.0,-17.5
208.99,-11.6,-39.8,-17.0,-17.9,-16.9
209.00,-11.8,-41.3,-18.0,-18.0,-16.8
209.01,-11.5,-41.4,-18.4,-17.3,-16.5
209.02,-12.0,-40.8,-19.2,-17.9,-16.4
209.03,-11.7,-40.8,-20.0,-17.4,-16.7
209.04,-12.1,-40.6,-20.8,-17.7,-16.7
209.05,-11.8,-40.3,-22.3,-17.2,-16.5
209.06,-11.7,-39.0,-22.7,-17.4,-16.7
209.07,-12.5,-36.5,-23.9,-17.5,-17.0
209.08,-12.2,-32.4,-24.8,-17.4,-17.1
209.09,-11.9,-21.2,-25.6,-17.7,-17.6
209.10,-11.3,-19.2,-27.0,-17.4,-18.1
209.11,-10.7,-15.2,-26.4,-18.1,-18.9
209.12,-9.3,-13.6,-19.3,-18.2,-19.2
209.13,-8.0,-11.6,-15.1,-19.7,-19.8
209.14,-7.6,-11.0,-13.8,-20.1,-20.5
209.15,-7.6,-10.8,-13.2,-21.8,-21.2
209.16,-7.6,-10.6,-12.7,-22.5,-21.7
209.17,-8.3,-10.6,-14.1,-23.3,-22.6
209.18,-9.2,-11.5,-16.3,-22.4,-23.0
209.19,-9.6,-11.7,-17.3,-22.8,-23.4
209.20,-9.7,-11.6,-18.3,-22.4,-23.4
209.21,-9.5,-12.4,-16.0,-22.7,-23.3
209.22,-9.5,-12.5,-15.0,-22.5,-23.0
209.23,-9.1,-12.5,-14.7,-22.0,-22.4
209.24,-9.3,-13.0,-14.7,-21.4,-22.3
209.25,-9.7,-13.9,-15.3,-19.9,-21.8
209.26,-10.5,-14.0,-18.1,-19.9,-21.9
209.27,-10.4,-14.1,-19.8,-19.1,-21.8
209.28,-10.5,-14.0,-20.2,-19.4,-21.9
209.29,-9.9,-13.3,-18.2,-19.1,-22.9
209.30,-9.5,-12.5,-17.5,-19.0,-23.2
209.31,-9.3,-12.3,-17.5,-19.1,-23.2
209.32,-9.4,-12.5,-17.2,-18.8,-23.6
209.33,-9.4,-12.5,-18.4,-19.1,-23.1
209.34,-9.8,-13.0,-19.4,-18.6,-23.1
209.35,-9.9,-13.2,-19.9,-18.6,-23.0
209.36,-9.6,-13.2,-20.5,-18.5,-22.0
209.37,-9.9,-13.4,-21.1,-18.6,-21.5
209.38,-10.2,-13.7,-22.4,-18.9,-21.6
209.39,-10.4,-14.0,-23.1,-18.4,-21.4
209.40,-11.1,-14.7,-24.9,-19.0,-21.6
209.41,-11.3,-15.0,-25.8,-18.3,-22.0
209.42,-11.8,-15.7,-26.6,-18.9,-22.2
209.43,-12.1,-16.6,-27.6,-18.4,-21.6
209.44,-12.4,-17.2,-28.4,-18.9,-21.4
209.45,-12.2,-17.4,-29.4,-18.3,-21.5
209.46,-11.4,-16.2,-25.1,-18.9,-21.5
209.47,-9.9,-14.7,-14.9,-19.6,-21.7
209.48,-8.8,-12.6,-13.3,-20.7,-22.5
209.49,-7.9,-11.2,-12.8,-21.4,-22.2
209.50,-7.7,-10.7,-12.4,-22.4,-22.3
209.51,-7.7,-10.5,-12.8,-22.2,-22.4
209.52,-8.4,-11.0,-14.7,-21.2,-22.1
209.53,-9.4,-12.3,-16.2,-20.7,-21.9
209.54,-10.3,-13.4,-17.1,-19.9,-22.1
209.55,-10.3,-14.3,-15.9,-20.0,-21.9
209.56,-10.6,-15.5,-14.1,-19.0,-21.7
209.57,-10.5,-16.3,-13.4,-19.7,-21.9
209.58,-10.6,-17.8,-13.2,-18.7,-21.3
209.59,-11.0,-18.8,-13.2,-19.1,-21.1
209.60,-11.6,-20.6,-14.5,-18.2,-21.2
209.61,-12.7,-22.4,-17.0,-18.2,-21.0
209.62,-13.0,-22.2,-18.5,-18.4,-21.2
209.63,-12.6,-20.4,-18.4,-18.2,-21.5
209.64,-11.7,-18.2,-18.1,-18.7,-21.7
209.65,-10.9,-15.4,-18.0,-18.6,-21.2
209.66,-9.9,-13.3,-18.2,-19.2,-21.1
209.67,-9.4,-12.4,-18.0,-19.1,-20.7
209.68,-9.5,-12.0,-19.2,-20.0,-20.9
209.69,-9.4,-11.8,-20.3,-20.1,-20.6
209.70,-9.4,-11.3,-20.7,-21.1,-21.0
209.71,-9.5,-11.4,-21.5,-21.0,-21.2
209.72,-9.6,-11.2,-22.6,-21.5,-21.3
209.73,-9.4,-11.0,-23.4,-21.3,-20.9
209.74,-9.5,-11.0,-24.9,-20.9,-20.8
209.75,-9.8,-11.4,-26.2,-20.6,-20.9
209.76,-9.9,-11.6,-28.0,-20.4,-20.7
209.77,-9.9,-11.5,-29.5,-20.2,-21.1
209.78,-10.0,-11.4,-30.7,-20.7,-21.4
209.79,-10.1,-11.4,-31.9,-20.6,-22.0
209.80,-10.2,-11.6,-27.5,-21.8,-21.8
209.81,-10.0,-12.4,-18.9,-21.6,-22.5
209.82,-9.7,-13.5,-14.4,-22.2,-22.3
209.83,-9.5,-14.6,-13.1,-21.1,-22.2
209.84,-9.3,-16.0,-12.5,-21.2,-21.9
209.85,-9.6,-17.1,-12.1,-20.5,-21.4
209.86,-10.5,-16.9,-13.8,-20.3,-20.6
209.87,-11.4,-16.8,-15.9,-19.8,-20.4
209.88,-11.7,-16.8,-17.2,-20.1,-20.5
209.89,-11.9,-17.1,-17.7,-20.6,-20.6
209.90,-10.8,-17.4,-15.1,-20.0,-21.3
209.91,-10.6,-17.6,-13.8,-20.7,-22.0
209.92,-10.2,-17.5,-13.5,-20.4,-22.1
209.93,-10.2,-17.5,-13.3,-21.2,-22.0
209.94,-10.8,-17.5,-13.9,-21.4,-22.3
209.95,-12.1,-17.2,-16.5,-21.2,-22.3
209.96,-11.7,-15.0,-18.2,-21.7,-22.4
209.97,-10.3,-12.0,-19.1,-22.2,-22.4
209.98,-9.7,-11.5,-18.0,-23.0,-22.4
209.99,-9.1,-11.1,-17.5,-23.0,-21.7
210.00,-8.9,-11.1,-17.9,-23.5,-20.9
210.01,-9.6,-12.5,-17.7,-22.9,-20.3
210.02,-10.7,-14.5,-18.0,-21.7,-19.7
210.03,-11.4,-15.9,-19.0,-21.6,-19.4
210.04,-11.8,-17.3,-19.6,-20.8,-19.3
210.05,-12.6,-18.9,-20.3,-20.6,-19.5
210.06,-13.5,-20.9,-20.9,-20.6,-19.8
210.07,-14.0,-25.1,-22.6,-20.4,-20.0
210.08,-14.5,-27.2,-23.3,-20.8,-20.2
210.09,-14.4,-27.8,-25.1,-20.1,-20.1
210.10,-14.1,-28.4,-26.2,-20.1,-19.8
210.11,-14.5,-29.3,-26.9,-20.4,-20.0
210.12,-14.3,-29.3,-27.6,-19.8,-20.1
210.13,-14.3,-25.0,-29.1,-20.4,-20.6
210.14,-13.7,-20.4,-30.1,-20.0,-21.1
210.15,-12.4,-16.3,-23.7,-21.1,-21.2
210.16,-10.1,-14.3,-15.3,-21.1,-21.9
210.17,-8.8,-12.7,-13.5,-21.0,-22.0
210.18,-8.5,-12.2,-12.8,-21.9,-21.7
210.19,-8.5,-12.8,-12.4,-20.9,-21.1
210.20,-9.2,-14.1,-12.8,-21.4,-21.1
210.21,-10.5,-16.2,-14.2,-20.5,-20.8
210.22,-11.7,-20.1,-15.7,-20.8,-20.2
210.23,-12.5,-22.7,-16.6,-21.0,-20.4
210.24,-12.2,-23.5,-15.3,-20.8,-20.0
210.25,-11.8,-25.2,-13.8,-21.1,-20.1
210.26,-11.0,-26.8,-13.2,-20.2,-19.7
210.27,-10.9,-28.4,-13.0,-21.0,-19.3
210.28,-11.0,-29.9,-13.0,-19.9,-19.1
210.29,-11.6,-28.1,-14.4,-19.8,-19.4
210.30,-12.7,-23.4,-17.1,-19.6,-19.5
210.31,-11.3,-16.1,-18.6,-19.7,-19.4
210.32,-10.1,-13.8,-18.0,-20.1,-20.3
210.33,-9.7,-12.9,-17.7,-20.1,-20.9
210.34,-8.9,-11.9,-17.5,-20.7,-21.2
210.35,-8.9,-11.6,-17.5,-20.1,-21.2
210.36,-8.7,-11.5,-17.2,-20.9,-21.4
210.37,-8.9,-11.3,-18.5,-20.4,-21.4
210.38,-8.8,-10.9,-19.5,-20.5,-21.4
210.39,-8.9,-11.0,-19.9,-20.1,-21.8
210.40,-9.1,-11.2,-20.8,-20.0,-22.0
210.41,-9.5,-11.6,-21.9,-20.1,-22.1
210.42,-9.7,-12.1,-22.5,-19.6,-22.2
210.43,-9.8,-12.4,-23.9,-19.4,-21.7
210.44,-10.2,-12.9,-25.4,-19.2,-21.2
210.45,-10.3,-13.4,-26.7,-19.0,-21.0
210.46,-10.4,-13.5,-28.1,-19.0,-20.9
210.47,-10.5,-13.4,-29.5,-18.8,-21.3
210.48,-10.6,-13.3,-30.7,-18.8,-21.4
210.49,-10.3,-12.9,-26.0,-19.2,-21.9
210.50,-9.9,-13.1,-18.6,-19.0,-21.8
210.51,-9.3,-13.1,-14.1,-20.3,-21.7
210.52,-8.8,-13.2,-13.0,-20.0,-21.3
210.53,-8.3,-13.1,-12.4,-21.4,-20.8
210.54,-8.4,-13.4,-12.0,-21.4,-20.6
210.55,-9.4,-14.2,-13.8,-21.4,-20.0
210.56,-10.5,-15.2,-15.9,-20.9,-19.9
210.57,-11.2,-17.0,-16.9,-20.6,-19.7
210.58,-11.6,-19.6,-17.4,-20.6,-19.5
210.59,-10.7,-21.6,-14.7,-20.5,-19.3
210.60,-10.6,-24.0,-13.6,-20.6,-19.5
210.61,-10.3,-27.0,-13.3,-20.4,-19.1
210.62,-10.3,-28.6,-13.2,-20.6,-19.1
210.63,-11.4,-28.2,-14.0,-20.5,-19.3
210.64,-11.4,-17.9,-16.5,-20.2,-19.8
210.65,-10.3,-14.0,-18.2,-20.2,-20.0
210.66,-9.7,-12.1,-19.4,-20.7,-20.5
210.67,-9.2,-11.2,-19.2,-21.3,-21.2
210.68,-8.8,-10.5,-19.3,-21.8,-21.2
210.69,-8.9,-10.8,-20.0,-22.2,-20.8
210.70,-9.4,-11.6,-19.9,-22.8,-20.9
210.71,-9.7,-11.9,-20.1,-22.5,-20.8
210.72,-9.9,-11.8,-20.8,-22.6,-21.1
210.73,-10.0,-11.9,-21.2,-22.1,-21.3
210.74,-10.1,-11.6,-21.6,-22.2,-21.9
210.75,-10.0,-11.5,-22.5,-22.0,-22.2
210.76,-9.9,-11.3,-23.9,-21.4,-22.6
210.77,-9.9,-11.1,-24.9,-21.7,-22.7
210.78,-9.8,-11.1,-27.1,-20.7,-23.3
210.79,-9.9,-11.2,-28.5,-20.6,-23.3
210.80,-9.9,-11.3,-29.6,-20.4,-23.4
210.81,-10.5,-12.1,-31.3,-20.0,-23.6
210.82,-10.8,-12.6,-32.6,-20.0,-23.9
210.83,-11.3,-13.3,-33.6,-20.0,-23.8
210.84,-11.6,-14.1,-26.3,-20.3,-23.2
210.85,-10.5,-15.2,-15.2,-21.2,-22.3
210.86,-10.0,-16.5,-13.4,-21.0,-21.1
210.87,-9.9,-18.4,-12.8,-22.2,-20.0
210.88,-9.8,-21.2,-12.3,-21.3,-19.3
210.89,-10.3,-24.2,-12.8,-22.0,-18.5
210.90,-11.3,-26.5,-14.3,-21.2,-18.4
210.91,-12.2,-28.4,-15.7,-21.6,-18.5
210.92,-12.7,-31.4,-16.5,-21.7,-18.8
210.93,-12.7,-33.7,-15.1,-22.4,-19.0
210.94,-12.2,-34.7,-13.8,-22.8,-19.8
210.95,-11.6,-36.6,-13.2,-21.4,-20.0
210.96,-11.5,-37.0,-13.1,-22.1,-20.0
210.97,-11.6,-36.1,-13.2,-20.7,-20.2
210.98,-12.3,-33.4,-15.0,-20.2,-20.9
210.99,-13.6,-27.6,-17.8,-19.9,-21.2
211.00,-12.9,-19.1,-19.2,-20.1,-21.8
211.01,-11.3,-15.0,-18.2,-20.6,-22.7
211.02,-10.0,-12.5,-17.8,-20.5,-23.0
211.03,-8.8,-10.8,-17.4,-21.2,-22.6
211.04,-8.1,-9.8,-17.6,-21.1,-22.2
211.05,-7.7,-9.3,-17.4,-21.7,-22.3
211.06,-7.9,-9.3,-19.2,-21.8,-22.4
211.07,-8.0,-9.4,-20.4,-21.9,-22.8
211.08,-8.4,-9.7,-21.0,-21.5,-23.1
211.09,-8.6,-10.0,-22.0,-21.0,-23.1
211.10,-9.1,-10.4,-23.3,-21.1,-23.5
211.11,-9.3,-10.7,-24.0,-20.7,-23.2
211.12,-9.3,-10.8,-25.1,-20.7,-22.9
211.13,-9.4,-10.9,-26.4,-20.5,-22.7
211.14,-9.7,-11.2,-27.5,-20.5,-22.5
211.15,-9.6,-11.2,-28.3,-20.5,-22.0
211.16,-9.6,-11.3,-29.3,-20.4,-21.5
211.17,-9.9,-11.6,-30.2,-20.6,-21.4
211.18,-10.0,-11.9,-28.0,-20.9,-21.3
211.19,-9.8,-12.1,-18.8,-21.4,-20.9
211.20,-9.1,-12.1,-14.5,-22.1,-21.7
211.21,-8.6,-11.8,-13.3,-21.8,-22.1
211.22,-8.5,-11.7,-12.7,-22.3,-22.3
211.23,-8.1,-11.4,-12.3,-22.6,-22.9
211.24,-8.5,-11.0,-14.3,-22.1,-23.3
211.25,-8.9,-10.8,-16.2,-21.9,-23.7
211.26,-9.0,-10.6,-17.2,-22.8,-23.9
211.27,-9.3,-10.7,-17.9,-23.4,-23.9
211.28,-8.7,-10.9,-15.4,-23.5,-24.2
211.29,-8.7,-11.1,-14.4,-23.6,-23.2
211.30,-8.5,-11.2,-14.1,-23.4,-22.5
211.31,-8.3,-11.1,-14.0,-22.6,-22.0
211.32,-8.5,-10.9,-15.0,-22.8,-21.5
211.33,-8.9,-10.8,-17.1,-22.3,-21.7
211.34,-9.0,-10.5,-18.8,-22.7,-22.3
211.35,-8.7,-10.4,-19.2,-22.6,-22.0
211.36,-8.7,-10.6,-17.1,-23.2,-22.1
211.37,-8.8,-11.0,-16.2,-23.8,-22.3
211.38,-8.8,-11.5,-16.1,-24.9,-21.2
211.39,-9.0,-11.9,-15.7,-27.0,-20.9
211.40,-9.4,-12.3,-16.4,-26.8,-20.9
211.41,-9.6,-12.5,-17.4,-27.7,-20.0
211.42,-10.0,-12.7,-18.5,-27.2,-20.1
211.43,-10.3,-12.8,-19.6,-27.1,-20.4
211.44,-10.2,-13.0,-20.6,-26.2,-19.5
211.45,-10.4,-13.1,-22.1,-25.8,-19.5
211.46,-10.7,-13.3,-23.1,-25.6,-19.5
211.47,-10.6,-13.4,-24.6,-25.2,-19.0
211.48,-10.9,-13.5,-25.4,-25.5,-19.0
211.49,-10.9,-13.3,-26.3,-25.6,-19.5
211.50,-10.9,-13.3,-27.1,-25.5,-19.4
211.51,-10.9,-13.2,-28.3,-25.6,-19.5
211.52,-10.8,-12.9,-29.5,-24.9,-19.8
211.53,-10.6,-12.6,-27.4,-24.8,-20.0
211.54,-9.4,-12.6,-16.4,-23.9,-20.2
211.55,-8.8,-12.2,-14.1,-24.5,-20.3
211.56,-8.7,-12.0,-13.5,-24.0,-20.7
211.57,-8.4,-11.6,-13.1,-23.3,-21.3
211.58,-8.2,-11.2,-13.2,-23.2,-20.7
211.59,-8.6,-10.8,-15.4,-22.7,-21.1
211.60,-8.9,-10.7,-17.2,-22.6,-21.0
211.61,-9.2,-11.4,-18.2,-22.5,-20.5
211.62,-9.4,-12.4,-17.1,-23.2,-20.4
211.63,-9.8,-14.1,-14.5,-24.2,-20.6
211.64,-10.2,-17.3,-13.5,-24.2,-20.3
211.65,-10.7,-20.9,-13.0,-24.7,-20.5
211.66,-10.6,-23.6,-12.4,-24.3,-20.7
211.67,-11.2,-25.9,-13.3,-24.1,-20.7
211.68,-12.6,-31.8,-15.1,-23.7,-20.7
211.69,-13.4,-33.9,-16.2,-24.2,-21.0
211.70,-13.5,-33.3,-16.6,-24.7,-20.6
211.71,-13.7,-33.0,-17.3,-25.7,-20.5
211.72,-14.2,-32.9,-18.1,-27.2,-20.1
211.73,-14.2,-32.5,-18.7,-27.7,-19.3
211.74,-13.7,-32.9,-18.6,-28.7,-18.7
211.75,-14.2,-33.6,-20.3,-28.0,-18.3
211.76,-13.9,-34.3,-20.9,-26.8,-17.8
211.77,-13.8,-35.6,-20.9,-27.0,-17.2
211.78,-13.9,-36.2,-21.2,-26.6,-17.1
211.79,-14.1,-37.1,-21.7,-25.9,-17.0
211.80,-14.3,-37.5,-22.1,-26.1,-16.8
211.81,-14.5,-38.3,-23.1,-25.2,-17.0
211.82,-14.9,-39.5,-24.0,-24.5,-17.2
211.83,-14.9,-41.5,-24.9,-24.1,-17.3
211.84,-15.0,-41.7,-26.2,-23.7,-17.6
211.85,-15.6,-42.8,-27.1,-23.7,-18.0
211.86,-15.1,-42.5,-27.7,-23.2,-18.0
211.87,-14.6,-36.8,-23.5,-23.6,-18.6
211.88,-12.7,-29.7,-16.4,-24.3,-19.5
211.89,-10.1,-19.7,-12.7,-25.0,-20.1
211.90,-9.1,-15.9,-12.0,-24.8,-21.0
211.91,-8.0,-12.2,-11.5,-25.8,-22.7
211.92,-7.5,-11.2,-11.3,-25.9,-23.1
211.93,-8.2,-10.5,-13.8,-24.5,-23.7
211.94,-8.6,-10.3,-16.0,-24.5,-23.5
211.95,-9.0,-10.5,-16.7,-23.7,-23.4
211.96,-9.5,-11.2,-17.6,-23.3,-23.1
211.97,-8.8,-11.8,-14.7,-22.9,-22.8
211.98,-8.9,-12.5,-13.7,-22.8,-21.7
211.99,-9.3,-13.5,-13.5,-22.7,-21.2
212.00,-9.4,-14.2,-13.4,-22.0,-21.0
212.01,-10.3,-15.7,-14.4,-21.9,-21.1
212.02,-11.4,-15.7,-16.4,-21.8,-21.5
212.03,-12.0,-15.7,-18.1,-21.6,-22.1
212.04,-12.4,-16.9,-18.9,-21.3,-22.7
212.05,-12.5,-18.1,-17.4,-21.5,-21.6
212.06,-11.6,-18.5,-16.6,-21.8,-20.5
212.07,-11.3,-18.9,-16.6,-21.1,-19.5
212.08,-10.9,-19.8,-16.0,-21.5,-18.5
212.09,-10.7,-20.5,-16.3,-21.3,-17.6
212.10,-10.7,-20.1,-16.9,-20.9,-17.4
212.11,-10.9,-18.3,-17.8,-21.1,-17.6
212.12,-10.8,-17.1,-18.5,-21.1,-17.6
212.13,-10.4,-15.5,-19.7,-20.9,-17.6
212.14,-10.3,-14.7,-20.3,-20.9,-17.8
212.15,-10.4,-15.2,-20.6,-20.8,-18.2
212.16,-10.4,-16.1,-21.2,-20.7,-18.1
212.17,-10.9,-17.5,-21.7,-20.8,-18.0
212.18,-11.8,-20.8,-22.2,-20.8,-18.1
212.19,-12.3,-23.7,-24.4,-20.5,-17.8
212.20,-12.7,-28.4,-26.8,-20.6,-17.8
212.21,-13.5,-31.5,-29.5,-20.6,-18.2
212.22,-13.3,-26.5,-25.2,-20.7,-18.6
212.23,-10.8,-18.9,-16.1,-20.7,-19.5
212.24,-9.8,-14.8,-14.6,-21.5,-21.3
212.25,-9.1,-12.9,-14.0,-22.0,-22.4
212.26,-8.4,-11.3,-13.5,-22.6,-24.0
212.27,-8.2,-10.3,-14.1,-23.8,-25.0
212.28,-8.4,-10.1,-15.5,-24.3,-24.5
212.29,-9.0,-10.4,-16.7,-26.4,-24.0
212.30,-9.4,-10.8,-17.8,-27.6,-23.4
212.31,-9.7,-11.4,-18.8,-27.3,-23.0
212.32,-10.3,-12.2,-20.0,-27.3,-22.5
212.33,-10.3,-12.4,-19.5,-27.3,-22.0
212.34,-10.4,-12.5,-19.7,-27.0,-21.7
212.35,-10.2,-12.7,-18.7,-24.8,-21.6
212.36,-10.0,-13.2,-17.5,-23.3,-21.5
212.37,-10.3,-14.1,-17.4,-22.7,-21.4
212.38,-10.7,-14.9,-17.1,-22.5,-21.8
212.39,-10.6,-16.2,-16.4,-23.4,-20.7
212.40,-10.2,-16.7,-14.6,-24.6,-19.9
212.41,-10.1,-16.0,-13.9,-28.9,-19.6
212.42,-9.5,-15.3,-13.0,-31.5,-19.1
212.43,-9.2,-14.8,-12.9,-30.1,-18.8
212.44,-9.0,-13.9,-13.1,-28.0,-18.9
212.45,-9.3,-13.5,-14.4,-26.6,-18.9
212.46,-9.5,-12.7,-15.9,-26.2,-19.0
212.47,-9.5,-12.0,-17.6,-24.4,-19.3
212.48,-9.5,-11.8,-18.0,-23.9,-19.8
212.49,-9.9,-11.9,-19.7,-22.7,-20.1
212.50,-10.4,-12.7,-21.1,-22.1,-20.5
212.51,-10.9,-13.3,-20.6,-21.7,-21.0
212.52,-11.3,-14.4,-20.2,-21.6,-20.9
212.53,-11.2,-14.1,-21.2,-21.4,-20.8
212.54,-11.1,-14.0,-20.1,-21.4,-20.6
212.55,-10.7,-13.2,-19.5,-21.7,-20.7
212.56,-10.6,-13.6,-20.2,-21.1,-20.2
212.57,-11.1,-14.4,-21.5,-20.9,-20.1
212.58,-11.4,-15.5,-20.6,-20.9,-20.1
212.59,-12.7,-18.4,-22.3,-20.6,-19.7
212.60,-14.2,-24.2,-22.6,-21.1,-19.5
212.61,-14.6,-27.1,-22.9,-20.6,-19.7
212.62,-15.2,-31.9,-22.5,-21.4,-19.0
212.63,-15.0,-37.4,-23.4,-21.9,-18.8
212.64,-14.8,-39.3,-23.1,-22.2,-18.7
212.65,-15.3,-40.3,-23.7,-23.8,-18.8
212.66,-14.9,-41.8,-22.8,-24.1,-19.1
212.67,-15.6,-43.2,-22.5,-26.6,-19.7
212.68,-15.6,-43.9,-22.0,-27.3,-19.9
212.69,-16.1,-45.1,-21.7,-30.7,-20.1
212.70,-16.4,-45.5,-21.7,-35.1,-19.9
212.71,-17.1,-45.6,-22.0,-49.1,-20.2
212.72,-17.0,-42.1,-22.0,-55.0,-20.3
212.73,-16.9,-30.1,-22.3,-54.7,-20.3
212.74,-16.5,-26.7,-22.4,-53.5,-20.7
212.75,-14.7,-18.7,-22.7,-49.4,-21.5
212.76,-12.3,-14.1,-24.4,-49.8,-22.1
212.77,-10.7,-11.9,-26.4,-50.0,-22.9
212.78,-10.0,-10.8,-28.0,-50.2,-24.4
212.79,-9.1,-9.7,-28.5,-51.6,-26.1
212.80,-9.1,-9.6,-27.2,-57.2,-27.1
212.81,-9.9,-10.4,-27.6,-57.8,-28.2
212.82,-10.1,-10.5,-28.4,-56.0,-29.0
212.83,-10.7,-11.1,-28.6,-56.2,-29.6
212.84,-11.5,-12.0,-26.3,-56.1,-29.4
212.85,-11.5,-12.0,-25.1,-56.7,-29.4
212.86,-11.8,-12.4,-24.3,-57.6,-29.5
212.87,-12.3,-13.1,-23.9,-57.4,-29.9
212.88,-12.9,-13.6,-24.4,-53.7,-30.2
212.89,-14.1,-14.9,-25.4,-53.7,-30.4
212.90,-15.5,-16.5,-25.8,-54.2,-31.2
212.91,-16.9,-18.4,-25.7,-53.6,-31.0
212.92,-17.7,-19.6,-25.9,-55.6,-30.7
212.93,-15.3,-16.2,-25.6,-56.6,-31.3
212.94,-14.3,-14.8,-26.5,-55.6,-32.0
212.95,-12.7,-12.9,-29.3,-57.1,-34.2
212.96,-10.7,-10.9,-29.5,-57.3,-35.6
212.97,-10.4,-10.5,-27.3,-57.4,-36.5
212.98,-10.7,-10.8,-27.0,-59.9,-37.4
212.99,-10.6,-10.8,-26.8,-61.1,-37.6
213.00,-11.1,-11.3,-26.8,-61.9,-38.4
213.01,-11.6,-11.8,-26.9,-62.3,-38.5
213.02,-11.2,-11.4,-26.7,-62.9,-39.3
213.03,-11.6,-11.8,-26.5,-62.6,-39.0
213.04,-11.9,-12.1,-26.7,-62.8,-39.0
213.05,-12.9,-13.1,-26.8,-62.9,-38.7
213.06,-15.1,-15.5,-27.9,-63.2,-38.1
213.07,-16.7,-17.1,-29.2,-63.9,-38.0
213.08,-17.6,-18.1,-30.9,-63.7,-38.1
213.09,-17.8,-18.3,-30.3,-63.8,-38.7
213.10,-16.7,-17.2,-28.6,-64.3,-39.6
213.11,-14.6,-14.8,-29.1,-64.7,-41.0
213.12,-12.8,-12.9,-29.2,-65.0,-41.7
213.13,-12.3,-12.4,-29.0,-64.7,-42.7
213.14,-11.5,-11.6,-28.3,-64.3,-42.6
213.15,-10.7,-10.8,-29.1,-64.0,-42.5
213.16,-10.7,-10.8,-29.3,-63.9,-43.1
213.17,-10.6,-10.7,-29.5,-63.8,-44.0
213.18,-10.3,-10.4,-30.0,-63.3,-44.4
213.19,-10.6,-10.7,-32.1,-63.7,-45.2
213.20,-11.0,-11.0,-32.8,-63.7,-45.1
213.21,-11.1,-11.1,-31.6,-62.8,-45.0
213.22,-11.1,-11.2,-31.4,-62.1,-45.1
213.23,-11.0,-11.1,-31.5,-62.5,-45.3
213.24,-11.1,-11.2,-32.4,-62.6,-46.0
213.25,-11.4,-11.4,-31.6,-63.6,-46.1
213.26,-11.9,-12.0,-30.6,-63.7,-46.3
213.27,-12.2,-12.3,-29.8,-65.0,-45.5
213.28,-11.8,-11.9,-29.8,-65.5,-44.6
213.29,-12.1,-12.2,-30.0,-65.3,-43.6
213.30,-12.2,-12.3,-30.8,-65.5,-42.8
213.31,-12.6,-12.6,-31.8,-65.3,-42.1
213.32,-13.3,-13.4,-32.6,-65.3,-41.9
213.33,-15.0,-15.1,-32.3,-65.6,-42.3
213.34,-16.1,-16.3,-32.7,-65.5,-42.8
213.35,-17.5,-17.7,-34.0,-65.6,-43.7
213.36,-19.2,-19.4,-36.5,-65.2,-44.5
213.37,-22.0,-22.4,-35.8,-64.9,-44.5
213.38,-25.5,-27.0,-33.2,-65.3,-44.3
213.39,-27.4,-30.3,-32.4,-65.3,-44.1
213.40,-27.2,-30.4,-32.1,-64.8,-44.1
213.41,-27.0,-30.1,-32.2,-64.5,-44.3
213.42,-26.9,-29.4,-32.1,-64.9,-45.4
213.43,-21.7,-22.5,-32.1,-64.5,-45.7
213.44,-18.1,-18.3,-32.2,-64.8,-46.7
213.45,-14.9,-15.0,-32.3,-64.5,-47.4
213.46,-12.0,-12.0,-32.3,-64.6,-47.3
213.47,-10.6,-10.7,-34.5,-64.6,-46.8
213.48,-10.3,-10.3,-38.1,-65.0,-46.5
213.49,-10.0,-10.0,-37.0,-64.9,-46.7
213.50,-10.3,-10.3,-35.7,-65.0,-47.0
213.51,-11.1,-11.2,-35.2,-65.3,-46.8
213.52,-11.5,-11.5,-35.7,-65.8,-45.5
213.53,-11.5,-11.5,-35.6,-65.5,-44.4
213.54,-11.4,-11.4,-35.7,-65.3,-44.1
213.55,-11.1,-11.1,-35.1,-65.1,-44.3
213.56,-10.5,-10.5,-35.1,-65.0,-44.8
213.57,-10.8,-10.8,-35.3,-64.8,-45.9
213.58,-11.6,-11.6,-36.1,-64.6,-47.8
213.59,-12.7,-12.7,-37.5,-64.5,-49.1
213.60,-13.7,-13.8,-39.6,-64.2,-48.8
213.61,-14.6,-14.6,-37.8,-64.3,-48.8
213.62,-13.1,-13.2,-37.3,-64.6,-48.3
213.63,-12.3,-12.3,-37.2,-64.0,-47.5
213.64,-11.8,-11.8,-37.7,-62.2,-46.8
213.65,-11.8,-11.9,-39.6,-61.9,-46.6
213.66,-12.0,-12.0,-38.0,-61.8,-46.1
213.67,-11.9,-11.9,-37.3,-62.2,-46.3
213.68,-11.8,-11.9,-37.2,-63.0,-45.8
213.69,-11.7,-11.7,-37.1,-63.4,-45.6
213.70,-11.5,-11.5,-37.5,-64.6,-45.9
213.71,-11.7,-11.7,-38.8,-65.5,-46.8
213.72,-12.2,-12.2,-39.3,-65.5,-47.2
213.73,-12.6,-12.6,-39.9,-64.7,-47.7
213.74,-13.2,-13.2,-39.6,-65.0,-47.6
213.75,-13.8,-13.8,-40.9,-63.5,-44.0
213.76,-14.1,-14.0,-41.8,-63.0,-39.0
213.77,-12.6,-14.4,-19.3,-59.9,-26.9
213.78,-10.4,-14.7,-14.3,-59.3,-22.4
213.79,-9.3,-14.9,-12.2,-58.8,-20.1
213.80,-9.0,-15.0,-11.7,-57.2,-18.9
213.81,-8.4,-15.0,-11.1,-53.4,-17.8
213.82,-8.8,-15.3,-11.8,-52.4,-18.0
213.83,-10.0,-16.1,-13.4,-47.2,-17.9
213.84,-10.3,-17.3,-14.4,-45.6,-17.4
213.85,-11.5,-19.6,-15.5,-45.6,-17.2
213.86,-12.4,-23.7,-17.2,-45.3,-17.0
213.87,-12.7,-26.6,-18.9,-45.0,-16.5
213.88,-13.5,-30.0,-20.8,-46.6,-16.5
213.89,-14.4,-32.1,-21.4,-47.4,-17.1
213.90,-13.9,-37.0,-19.4,-44.6,-16.8
213.91,-13.8,-39.4,-19.2,-42.1,-16.7
213.92,-14.0,-41.4,-19.0,-40.4,-16.8
213.93,-12.9,-41.4,-18.1,-36.6,-16.1
213.94,-13.0,-41.0,-19.1,-36.5,-16.0
213.95,-13.4,-41.2,-19.3,-36.7,-16.4
213.96,-13.1,-42.1,-19.2,-36.9,-16.0
213.97,-13.8,-43.5,-20.8,-37.8,-16.1
213.98,-14.8,-45.6,-21.6,-44.7,-16.6
213.99,-14.4,-48.2,-21.2,-47.9,-16.3
214.00,-14.1,-50.0,-21.7,-48.6,-15.7
214.01,-14.0,-50.8,-23.2,-46.5,-15.5
214.02,-14.0,-51.5,-22.5,-45.9,-15.6
214.03,-13.8,-51.4,-22.8,-45.1,-15.4
214.04,-14.5,-51.5,-24.5,-45.5,-15.8
214.05,-15.2,-50.9,-24.9,-46.9,-16.5
214.06,-16.1,-48.4,-25.7,-49.8,-17.5
214.07,-17.3,-41.2,-27.5,-52.8,-18.6
214.08,-18.0,-33.4,-28.4,-55.9,-19.9
214.09,-17.6,-25.3,-28.8,-59.2,-21.0
214.10,-15.4,-18.6,-28.6,-57.8,-21.8
214.11,-12.1,-13.6,-28.4,-55.8,-22.2
214.12,-10.8,-11.9,-28.2,-55.3,-22.7
214.13,-9.8,-10.6,-29.1,-55.6,-23.7
214.14,-8.8,-9.4,-28.8,-55.9,-24.6
214.15,-8.0,-8.4,-28.9,-57.6,-25.5
214.16,-7.1,-7.4,-29.6,-60.6,-26.6
214.17,-6.2,-6.5,-30.4,-62.4,-27.2
214.18,-5.7,-5.9,-29.6,-62.4,-27.9
214.19,-5.4,-5.6,-30.1,-61.5,-29.0
214.20,-5.5,-5.7,-30.9,-61.3,-29.7
214.21,-5.8,-6.0,-31.7,-60.1,-30.2
214.22,-6.1,-6.3,-32.5,-59.3,-29.5
214.23,-6.5,-6.7,-32.0,-59.5,-29.4
214.24,-6.8,-7.0,-31.8,-60.4,-28.7
214.25,-7.5,-7.8,-31.7,-60.4,-28.1
214.26,-8.0,-8.3,-30.4,-63.0,-28.1
214.27,-9.1,-9.4,-29.6,-62.5,-28.8
214.28,-9.8,-10.2,-29.2,-62.8,-29.4
214.29,-9.1,-9.5,-29.1,-62.9,-29.7
214.30,-7.8,-8.2,-29.0,-62.4,-28.5
214.31,-7.0,-7.3,-29.3,-62.7,-28.7
214.32,-6.3,-6.6,-30.8,-63.6,-28.5
214.33,-6.2,-6.5,-30.3,-63.4,-28.7
214.34,-6.4,-6.7,-30.2,-63.5,-29.2
214.35,-7.4,-7.6,-30.4,-63.7,-30.7
214.36,-7.9,-8.1,-30.1,-64.2,-31.5
214.37,-7.9,-8.0,-30.1,-64.4,-32.4
214.38,-7.8,-8.0,-30.5,-65.1,-33.0
214.39,-8.0,-8.1,-31.0,-64.9,-33.8
214.40,-7.8,-7.9,-31.7,-65.0,-34.7
214.41,-7.8,-8.0,-31.7,-65.2,-34.5
214.42,-8.3,-8.4,-32.5,-65.4,-35.1
214.43,-8.6,-8.8,-32.2,-65.5,-36.4
214.44,-8.3,-8.4,-32.2,-65.4,-36.5
214.45,-8.7,-8.8,-32.5,-64.8,-36.7
214.46,-9.0,-9.5,-20.6,-62.2,-37.4
214.47,-7.9,-8.5,-18.4,-62.0,-38.9
214.48,-8.0,-8.8,-17.2,-61.7,-39.1
214.49,-8.4,-9.5,-16.5,-61.5,-38.7
214.50,-8.3,-9.3,-16.7,-62.3,-38.5
214.51,-8.7,-9.5,-18.3,-62.9,-38.4
214.52,-8.7,-9.4,-19.6,-63.0,-38.0
214.53,-8.2,-8.8,-21.1,-62.6,-36.8
214.54,-8.4,-8.9,-21.9,-62.6,-36.7
214.55,-8.6,-9.2,-22.1,-64.2,-35.9
214.56,-9.7,-10.5,-22.0,-63.4,-34.6
214.57,-12.0,-13.4,-22.0,-62.6,-33.2
214.58,-15.2,-17.7,-22.9,-62.5,-32.0
214.59,-16.3,-19.8,-22.6,-62.3,-31.7
214.60,-16.7,-20.6,-22.3,-61.5,-32.1
214.61,-15.7,-19.1,-21.7,-61.1,-32.4
214.62,-14.8,-17.4,-21.3,-61.4,-34.1
214.63,-12.7,-14.3,-21.1,-62.0,-35.2
214.64,-11.3,-12.5,-22.0,-61.7,-35.4
214.65,-10.3,-11.1,-22.2,-61.0,-35.1
214.66,-9.2,-9.8,-22.6,-60.1,-34.3
214.67,-8.3,-8.9,-22.5,-59.2,-33.4
214.68,-8.2,-8.7,-21.7,-58.9,-33.3
214.69,-8.0,-8.6,-20.4,-58.8,-33.1
214.70,-8.4,-9.1,-19.2,-59.4,-33.0
214.71,-9.1,-10.1,-17.7,-60.5,-33.0
214.72,-10.1,-11.7,-16.6,-60.6,-33.4
214.73,-11.1,-13.5,-15.9,-60.9,-33.6
214.74,-12.6,-17.2,-15.6,-61.3,-33.9
214.75,-13.9,-19.7,-16.0,-61.6,-34.6
214.76,-15.0,-22.7,-16.7,-61.8,-35.2
214.77,-15.8,-25.8,-16.7,-62.9,-35.6
214.78,-14.6,-20.3,-16.4,-62.8,-36.6
214.79,-13.7,-19.5,-15.7,-63.1,-37.9
214.80,-12.4,-16.1,-15.5,-63.4,-39.5
214.81,-10.3,-13.4,-13.7,-61.5,-40.4
214.82,-8.6,-12.4,-11.3,-61.4,-41.2
214.83,-7.9,-11.5,-10.6,-61.1,-41.8
214.84,-7.5,-10.6,-10.6,-60.7,-42.0
214.85,-7.1,-10.4,-9.8,-61.3,-42.1
214.86,-7.3,-9.9,-11.1,-61.8,-42.2
214.87,-7.6,-8.7,-14.3,-61.4,-42.1
214.88,-7.0,-8.0,-14.3,-60.9,-41.8
214.89,-7.0,-7.5,-16.5,-60.6,-41.1
214.90,-7.0,-7.4,-18.3,-60.6,-40.2
214.91,-7.1,-7.5,-18.0,-60.3,-40.1
214.92,-7.2,-7.7,-17.5,-59.2,-39.8
214.93,-7.6,-8.0,-18.8,-58.8,-39.6
214.94,-8.1,-8.5,-19.1,-58.6,-41.0
214.95,-8.1,-8.7,-17.3,-58.6,-40.3
214.96,-9.0,-9.7,-17.2,-59.2,-39.5
214.97,-9.9,-11.0,-17.4,-60.4,-35.6
214.98,-9.1,-10.9,-15.6,-60.3,-28.2
214.99,-8.9,-11.1,-15.4,-59.8,-25.3
215.00,-8.4,-10.4,-17.0,-59.0,-22.6
215.01,-7.7,-9.7,-16.6,-57.0,-21.1
215.02,-7.5,-9.4,-18.1,-37.3,-19.7
215.03,-7.5,-9.3,-20.3,-32.5,-19.6
215.04,-7.4,-8.9,-21.3,-30.7,-19.6
215.05,-7.8,-9.4,-22.5,-29.2,-19.7
215.06,-8.2,-9.8,-25.0,-26.8,-19.4
215.07,-8.3,-9.8,-26.4,-25.6,-19.5
215.08,-8.2,-9.7,-26.9,-26.0,-18.9
215.09,-8.4,-9.9,-27.1,-26.5,-18.9
215.10,-8.2,-9.7,-25.7,-28.0,-18.9
215.11,-8.1,-9.9,-23.9,-29.8,-18.6
215.12,-8.7,-10.9,-24.3,-33.1,-18.4
215.13,-9.1,-11.9,-23.5,-30.9,-18.3
215.14,-9.4,-12.9,-22.1,-28.9,-17.9
215.15,-9.9,-13.5,-22.1,-29.0,-18.1
215.16,-10.0,-13.5,-22.9,-29.2,-18.2
215.17,-9.6,-13.2,-22.7,-28.0,-17.7
215.18,-9.4,-12.3,-23.2,-28.2,-18.3
215.19,-9.3,-11.9,-25.6,-27.3,-18.8
215.20,-9.1,-11.8,-25.3,-24.8,-19.0
215.21,-8.9,-11.7,-25.2,-22.8,-18.9
215.22,-8.9,-11.9,-26.8,-21.8,-18.5
215.23,-9.5,-13.0,-27.5,-20.9,-18.0
215.24,-9.8,-14.0,-28.2,-19.8,-17.5
215.25,-10.3,-14.8,-28.8,-19.7,-17.2
215.26,-10.8,-16.7,-28.8,-19.2,-16.8
215.27,-11.1,-18.4,-29.3,-19.1,-16.6
215.28,-11.2,-19.5,-29.1,-19.0,-16.4
215.29,-11.6,-21.5,-29.0,-19.2,-16.2
215.30,-11.9,-22.5,-28.8,-19.4,-16.2
215.31,-11.9,-24.1,-28.1,-19.5,-16.1
215.32,-11.7,-26.7,-23.6,-19.9,-16.1
215.33,-10.9,-29.0,-15.6,-20.8,-16.2
215.34,-9.7,-31.4,-12.9,-21.7,-16.4
215.35,-9.1,-33.0,-12.0,-22.5,-16.4
215.36,-9.0,-33.8,-11.3,-23.0,-16.6
215.37,-8.8,-34.5,-11.2,-23.0,-16.3
215.38,-9.5,-34.6,-12.9,-22.8,-16.1
215.39,-10.2,-34.9,-14.3,-22.4,-15.9
215.40,-10.6,-34.7,-15.4,-22.6,-15.7
215.41,-11.0,-35.0,-16.9,-22.4,-15.6
215.42,-11.6,-35.6,-19.0,-22.3,-15.6
215.43,-12.1,-36.2,-21.0,-22.3,-15.7
215.44,-12.6,-36.2,-22.1,-21.7,-16.0
215.45,-12.6,-36.5,-21.5,-22.0,-16.3
215.46,-13.1,-36.8,-21.5,-21.9,-16.5
215.47,-12.7,-37.5,-21.1,-22.0,-16.1
215.48,-12.5,-38.2,-20.9,-21.5,-16.0
215.49,-12.3,-39.5,-19.0,-21.7,-16.1
215.50,-12.0,-41.1,-17.5,-21.9,-15.9
215.51,-11.7,-43.4,-17.0,-21.6,-15.6
215.52,-11.2,-44.2,-16.6,-21.5,-15.4
215.53,-11.2,-44.4,-16.3,-21.7,-15.1
215.54,-11.3,-44.9,-17.6,-21.1,-14.9
215.55,-11.6,-45.3,-18.6,-21.8,-15.2
215.56,-12.1,-45.0,-19.6,-21.6,-15.6
215.57,-12.8,-45.9,-20.4,-22.2,-15.8
215.58,-13.4,-46.0,-22.5,-23.2,-16.1
215.59,-13.4,-45.9,-24.1,-22.3,-15.8
215.60,-13.3,-45.7,-25.8,-22.0,-15.8
215.61,-13.2,-46.3,-26.6,-22.6,-15.5
215.62,-12.5,-45.9,-26.5,-21.1,-15.3
215.63,-12.3,-46.8,-26.0,-20.8,-15.3
215.64,-12.3,-47.3,-25.4,-20.4,-15.5
215.65,-12.6,-47.4,-25.2,-20.4,-15.7
215.66,-13.0,-48.5,-25.2,-20.2,-15.9
215.67,-13.2,-50.1,-25.9,-20.6,-16.0
215.68,-12.8,-51.3,-27.3,-19.4,-15.6
215.69,-12.9,-53.3,-28.3,-19.5,-15.4
215.70,-12.4,-54.1,-30.2,-19.4,-15.0
215.71,-12.4,-54.6,-31.3,-19.4,-14.9
215.72,-12.2,-54.8,-31.6,-19.2,-14.6
215.73,-12.8,-57.1,-31.7,-19.9,-15.0
215.74,-12.6,-57.2,-32.2,-19.3,-15.1
215.75,-13.0,-57.7,-32.1,-19.9,-15.3
215.76,-13.0,-57.6,-31.9,-19.9,-15.4
215.77,-13.3,-57.1,-31.9,-20.7,-15.4
215.78,-12.9,-57.3,-32.4,-20.0,-15.3
215.79,-13.0,-57.1,-32.8,-20.1,-15.2
215.80,-13.0,-56.9,-33.3,-20.0,-15.1
215.81,-13.1,-57.5,-34.1,-20.1,-14.9
215.82,-13.2,-57.6,-34.7,-20.9,-14.8
215.83,-12.6,-57.7,-34.4,-20.3,-14.7
215.84,-13.0,-58.5,-28.1,-20.7,-15.2
215.85,-11.3,-58.9,-16.0,-21.6,-15.7
215.86,-10.1,-59.5,-13.1,-22.3,-16.2
215.87,-9.7,-60.7,-12.2,-22.2,-17.1
215.88,-9.0,-61.6,-11.4,-22.4,-17.2
215.89,-8.7,-62.4,-11.2,-22.2,-17.1
215.90,-9.7,-63.5,-12.7,-21.9,-17.1
215.91,-10.5,-63.8,-14.0,-21.6,-17.2
215.92,-11.4,-64.6,-14.9,-22.5,-17.3
215.93,-11.9,-64.7,-16.3,-21.3,-16.8
215.94,-12.9,-64.9,-18.4,-21.6,-16.3
215.95,-12.9,-64.4,-20.2,-21.1,-16.1
215.96,-13.0,-62.5,-22.1,-20.5,-15.7
215.97,-12.9,-60.9,-22.9,-20.5,-15.5
215.98,-13.1,-59.2,-22.3,-20.5,-15.7
215.99,-13.1,-58.3,-21.7,-20.5,-15.8
216.00,-13.4,-58.1,-21.6,-20.4,-16.1
216.01,-12.7,-58.4,-20.4,-20.4,-16.5
216.02,-11.7,-59.5,-15.3,-21.1,-16.7
216.03,-10.0,-61.4,-12.6,-21.2,-17.0
216.04,-9.7,-62.5,-11.8,-21.6,-17.5
216.05,-9.3,-63.0,-11.3,-21.4,-17.0
216.06,-9.4,-63.4,-11.1,-21.6,-16.7
216.07,-10.3,-63.4,-13.4,-20.7,-16.2
216.08,-11.1,-64.1,-15.0,-20.5,-15.9
216.09,-11.5,-63.7,-16.1,-20.7,-15.6
216.10,-11.6,-64.3,-17.8,-19.9,-15.6
216.11,-12.1,-64.6,-19.9,-19.9,-15.6
216.12,-12.6,-64.8,-21.8,-19.8,-15.4
216.13,-12.7,-65.7,-23.7,-19.4,-15.6
216.14,-13.1,-66.0,-23.0,-19.8,-15.7
216.15,-12.7,-66.7,-21.6,-19.1,-15.9
216.16,-12.7,-67.1,-20.7,-19.6,-16.4
216.17,-13.3,-67.0,-20.4,-19.4,-16.8
216.18,-12.3,-66.8,-17.9,-19.2,-17.1
216.19,-11.7,-66.8,-16.5,-19.9,-17.0
216.20,-11.4,-66.8,-15.9,-19.5,-16.5
216.21,-10.8,-66.7,-15.6,-19.2,-15.9
216.22,-10.3,-66.5,-15.5,-18.9,-15.4
216.23,-10.6,-66.5,-16.9,-18.2,-14.8
216.24,-11.1,-66.7,-18.7,-18.9,-14.7
216.25,-11.5,-66.9,-20.1,-18.4,-14.7
216.26,-12.0,-67.2,-21.5,-18.4,-15.0
216.27,-12.4,-67.7,-23.5,-18.7,-15.6
216.28,-12.4,-68.7,-24.8,-18.0,-15.8
216.29,-12.8,-68.8,-26.9,-18.1,-15.7
216.30,-13.3,-69.0,-28.2,-18.0,-15.9
216.31,-12.7,-68.8,-29.5,-17.6,-15.5
216.32,-12.7,-68.9,-30.6,-17.9,-15.4
216.33,-12.6,-68.7,-31.3,-17.6,-15.2
216.34,-12.3,-68.6,-32.0,-17.9,-15.1
216.35,-11.9,-68.3,-27.4,-18.0,-15.0
216.36,-11.2,-68.0,-18.4,-18.2,-15.3
216.37,-10.5,-67.5,-14.0,-18.9,-15.3
216.38,-9.8,-67.6,-12.5,-19.5,-15.6
216.39,-9.3,-66.9,-11.9,-20.4,-15.3
216.40,-9.4,-67.3,-11.4,-22.0,-15.3
216.41,-9.5,-67.3,-12.2,-22.1,-15.3
216.42,-10.7,-67.8,-14.3,-22.9,-15.3
216.43,-11.5,-67.8,-15.4,-22.5,-15.8
216.44,-11.9,-68.7,-16.7,-21.8,-16.1
216.45,-12.4,-69.2,-18.2,-21.6,-16.1
216.46,-13.0,-69.4,-19.8,-20.8,-16.4
216.47,-12.8,-69.9,-20.4,-20.3,-16.5
216.48,-12.7,-70.1,-20.3,-19.9,-16.2
216.49,-12.4,-69.9,-20.3,-19.3,-16.1
216.50,-12.4,-69.6,-20.7,-19.2,-16.0
216.51,-12.5,-69.2,-20.7,-19.1,-15.7
216.52,-12.2,-68.8,-21.7,-18.9,-15.3
216.53,-12.3,-68.8,-23.9,-18.8,-15.2
216.54,-12.4,-68.8,-25.3,-18.9,-15.5
216.55,-12.2,-69.3,-25.3,-18.8,-15.6
216.56,-12.4,-69.4,-25.4,-18.8,-15.9
216.57,-12.8,-69.6,-24.8,-19.0,-16.0
216.58,-12.8,-69.4,-24.0,-19.1,-16.0
216.59,-12.5,-69.6,-24.0,-19.0,-15.9
216.60,-12.7,-69.5,-24.2,-19.4,-15.6
216.61,-12.5,-69.6,-24.6,-19.6,-15.3
216.62,-12.8,-69.8,-25.5,-19.5,-15.3
216.63,-12.7,-69.7,-26.6,-19.6,-15.2
216.64,-12.9,-69.5,-27.5,-19.5,-15.2
216.65,-13.2,-69.6,-28.9,-19.4,-15.3
216.66,-13.6,-69.4,-29.5,-19.5,-15.6
216.67,-13.3,-69.3,-30.3,-19.5,-15.5
216.68,-13.3,-69.2,-31.1,-19.6,-15.8
216.69,-13.0,-69.0,-32.2,-19.6,-15.6
216.70,-12.7,-68.3,-26.7,-19.6,-15.8
216.71,-11.4,-68.5,-17.5,-19.9,-15.9
216.72,-10.8,-68.6,-13.7,-20.8,-16.4
216.73,-10.3,-68.9,-12.8,-20.8,-16.4
216.74,-10.0,-69.2,-12.1,-20.2,-16.7
216.75,-9.9,-70.0,-11.8,-20.8,-16.9
216.76,-11.1,-70.0,-14.1,-19.9,-16.8
216.77,-11.9,-70.0,-15.8,-19.3,-17.0
216.78,-12.0,-70.3,-16.8,-19.4,-17.0
216.79,-12.4,-70.4,-18.7,-19.4,-16.9
216.80,-12.7,-70.5,-20.8,-19.4,-16.6
216.81,-13.3,-70.6,-22.3,-19.4,-16.3
216.82,-13.4,-70.5,-23.5,-19.5,-16.2
216.83,-13.5,-70.6,-23.1,-19.7,-16.2
216.84,-13.6,-70.4,-22.1,-19.8,-16.3
216.85,-13.5,-69.8,-21.5,-19.7,-16.6
216.86,-13.4,-69.4,-21.6,-20.1,-16.9
216.87,-13.0,-68.4,-18.8,-20.4,-17.2
216.88,-12.4,-68.3,-16.8,-20.9,-17.0
216.89,-11.7,-68.2,-15.9,-20.9,-16.7
216.90,-11.2,-68.1,-15.5,-21.0,-16.8
216.91,-11.2,-68.2,-15.3,-21.5,-16.7
216.92,-11.3,-69.1,-16.5,-21.1,-16.3
216.93,-11.9,-69.3,-18.6,-20.9,-16.3
216.94,-12.2,-69.3,-20.0,-21.0,-16.3
216.95,-12.9,-69.6,-21.7,-20.7,-16.2
216.96,-12.7,-69.9,-23.2,-20.4,-15.8
216.97,-12.8,-69.9,-25.0,-20.3,-15.7
216.98,-12.9,-70.1,-26.6,-20.2,-15.6
216.99,-13.1,-70.2,-28.1,-19.9,-15.8
217.00,-13.3,-70.0,-29.7,-19.9,-15.7
217.01,-13.6,-69.7,-30.4,-19.7,-15.7
217.02,-13.6,-69.6,-31.1,-19.6,-15.7
217.03,-13.3,-69.5,-31.6,-19.6,-15.4
217.04,-12.7,-69.3,-31.8,-19.6,-15.1
217.05,-12.5,-69.5,-33.0,-19.8,-14.8
217.06,-12.3,-69.3,-33.4,-19.7,-14.6
217.07,-12.5,-69.2,-33.7,-19.9,-14.5
217.08,-12.7,-69.0,-34.1,-20.0,-14.6
217.09,-12.9,-69.1,-34.7,-19.7,-14.6
217.10,-12.8,-69.1,-34.8,-19.4,-14.8
217.11,-12.9,-68.7,-35.1,-19.5,-14.7
217.12,-13.0,-68.9,-36.2,-19.5,-14.8
217.13,-12.7,-68.8,-36.6,-18.9,-14.9
217.14,-12.8,-69.1,-37.6,-18.9,-15.2
217.15,-12.8,-69.0,-38.7,-18.8,-15.4
217.16,-12.6,-69.0,-39.0,-18.6,-15.3
217.17,-12.8,-69.0,-38.8,-18.7,-15.5
217.18,-12.8,-68.9,-38.9,-18.7,-15.5
217.19,-12.9,-68.8,-39.4,-18.9,-15.6
217.20,-12.9,-68.9,-39.4,-18.7,-15.7
217.21,-13.1,-68.7,-38.7,-18.9,-16.0
217.22,-13.1,-67.4,-30.2,-19.1,-16.0
217.23,-11.4,-67.2,-14.8,-19.1,-16.6
217.24,-10.2,-67.1,-12.4,-19.8,-16.7
217.25,-9.5,-67.0,-11.5,-20.2,-16.7
217.26,-8.7,-67.8,-10.6,-20.1,-16.6
217.27,-8.6,-68.6,-10.4,-20.7,-16.3
217.28,-9.4,-68.5,-11.7,-20.5,-16.1
217.29,-10.2,-68.4,-13.1,-20.0,-16.0
217.30,-10.8,-68.7,-14.2,-19.8,-16.1
217.31,-11.8,-68.3,-16.4,-19.5,-15.7
217.32,-12.9,-68.4,-19.7,-19.2,-15.6
217.33,-12.7,-68.7,-21.0,-19.2,-15.4
217.34,-12.8,-68.8,-22.9,-19.3,-15.4
217.35,-13.2,-68.9,-25.0,-19.3,-15.5
217.36,-13.0,-69.1,-24.5,-19.3,-15.4
217.37,-12.6,-69.2,-23.0,-19.5,-15.2
217.38,-12.8,-69.0,-22.5,-19.6,-15.7
217.39,-12.6,-68.3,-20.6,-19.9,-15.5
217.40,-10.7,-68.3,-15.0,-20.8,-15.9
217.41,-9.8,-68.5,-12.6,-21.8,-16.4
217.42,-9.7,-68.9,-12.0,-22.3,-16.6
217.43,-9.2,-68.9,-11.5,-22.4,-16.7
217.44,-9.1,-69.9,-11.5,-20.9,-16.5
217.45,-10.8,-69.9,-13.6,-20.5,-16.4
217.46,-11.4,-69.7,-15.2,-19.6,-16.1
217.47,-12.0,-69.7,-16.4,-19.4,-15.9
217.48,-12.6,-69.5,-18.4,-19.5,-16.1
217.49,-13.3,-69.4,-20.8,-19.2,-16.1
217.50,-13.9,-69.4,-22.4,-19.7,-16.2
217.51,-13.6,-69.1,-22.6,-19.3,-16.4
217.52,-13.6,-69.1,-21.3,-19.5,-16.6
217.53,-13.4,-68.8,-20.0,-19.7,-16.6
217.54,-13.0,-68.4,-19.3,-19.7,-16.3
217.55,-12.9,-68.1,-19.3,-19.7,-16.6
217.56,-12.1,-67.6,-17.8,-19.6,-16.7
217.57,-12.0,-67.6,-16.7,-20.1,-16.9
217.58,-11.7,-67.8,-15.9,-21.1,-16.8
217.59,-11.2,-67.7,-15.9,-21.0,-16.7
217.60,-11.4,-67.8,-15.8,-22.4,-16.6
217.61,-11.7,-68.6,-17.0,-20.6,-15.5
217.62,-12.0,-68.2,-19.3,-20.3,-15.2
217.63,-11.9,-68.5,-21.0,-18.9,-15.0
217.64,-12.3,-68.7,-23.2,-18.2,-15.0
217.65,-12.4,-68.7,-25.7,-18.0,-15.0
217.66,-12.4,-68.6,-27.6,-17.6,-15.2
217.67,-12.9,-68.6,-29.7,-17.9,-15.3
217.68,-12.3,-68.6,-32.3,-17.1,-15.5
217.69,-12.5,-68.4,-33.2,-18.0,-15.3
217.70,-12.5,-68.2,-34.5,-17.3,-15.2
217.71,-12.7,-68.2,-35.3,-18.3,-15.1
217.72,-12.6,-67.9,-35.9,-17.7,-15.2
217.73,-12.8,-67.6,-28.6,-18.3,-15.3
217.74,-10.9,-67.6,-18.6,-17.9,-15.9
217.75,-9.9,-67.8,-14.5,-19.0,-16.2
217.76,-9.3,-68.4,-12.9,-19.1,-16.2
217.77,-9.0,-68.3,-12.3,-19.8,-16.0
217.78,-9.3,-69.2,-11.8,-19.8,-16.3
217.79,-10.4,-69.0,-12.7,-20.4,-16.4
217.80,-11.5,-69.0,-15.0,-19.6,-16.1
217.81,-12.5,-69.0,-16.4,-20.2,-16.3
217.82,-12.8,-69.3,-17.9,-19.3,-16.6
217.83,-13.2,-69.3,-20.4,-20.0,-16.1
217.84,-13.5,-69.5,-22.2,-19.1,-16.3
217.85,-13.4,-69.2,-22.5,-19.9,-16.1
217.86,-13.6,-69.5,-22.3,-19.0,-16.1
217.87,-13.9,-69.3,-22.5,-19.9,-16.1
217.88,-13.5,-69.3,-22.9,-19.0,-16.0
217.89,-13.6,-69.2,-23.2,-20.0,-15.8
217.90,-13.5,-69.4,-24.7,-18.8,-16.0
217.91,-13.7,-69.3,-27.5,-19.9,-15.9
217.92,-13.5,-69.5,-28.7,-18.9,-16.1
217.93,-13.7,-69.7,-28.0,-19.7,-15.9
217.94,-13.3,-69.7,-27.2,-18.7,-15.9
217.95,-13.3,-69.8,-26.5,-19.6,-15.6
217.96,-13.2,-69.7,-26.8,-18.8,-16.0
217.97,-13.6,-69.6,-27.3,-19.3,-16.1
217.98,-13.4,-69.6,-27.9,-18.7,-16.4
217.99,-13.7,-69.6,-28.9,-19.2,-16.6
218.00,-13.6,-69.5,-30.2,-18.8,-17.0
218.01,-13.3,-69.4,-31.0,-18.9,-16.7
218.02,-13.4,-69.1,-32.5,-18.9,-17.0
218.03,-13.2,-69.0,-34.8,-18.9,-16.6
218.04,-13.2,-68.9,-36.4,-18.9,-16.7
218.05,-12.8,-68.8,-36.6,-18.7,-16.5
218.06,-13.0,-69.0,-35.2,-18.9,-16.5
218.07,-12.6,-69.1,-34.2,-18.5,-16.2
218.08,-12.3,-68.5,-24.8,-18.8,-16.3
218.09,-12.1,-68.4,-16.3,-18.8,-16.5
218.10,-10.2,-68.6,-12.8,-18.9,-16.6
218.11,-9.7,-68.8,-12.0,-18.8,-16.1
218.12,-9.1,-68.8,-11.4,-18.7,-16.1
218.13,-9.0,-69.5,-11.2,-18.5,-15.6
218.14,-9.6,-69.5,-13.4,-18.3,-15.3
218.15,-10.0,-69.3,-15.1,-18.0,-15.1
218.16,-10.5,-69.4,-16.2,-18.2,-15.3
218.17,-10.7,-69.2,-18.1,-18.0,-14.9
218.18,-11.1,-69.4,-20.1,-18.2,-15.1
218.19,-11.4,-69.0,-21.6,-18.2,-15.1
218.20,-12.2,-69.0,-22.6,-18.6,-15.5
218.21,-11.7,-68.7,-21.7,-18.6,-15.6
218.22,-12.1,-68.7,-20.4,-18.8,-16.1
218.23,-11.6,-68.5,-20.0,-18.8,-15.9
218.24,-11.9,-68.3,-19.8,-19.0,-16.3
218.25,-11.0,-66.3,-17.7,-18.9,-16.4
218.26,-11.2,-66.2,-16.3,-19.0,-16.7
218.27,-10.9,-65.3,-15.7,-18.6,-16.4
218.28,-11.4,-65.2,-15.5,-19.1,-16.8
218.29,-10.9,-65.2,-15.5,-18.4,-16.0
218.30,-12.0,-66.1,-17.4,-18.6,-15.8
218.31,-11.5,-66.5,-19.6,-18.2,-15.3
218.32,-12.1,-67.4,-21.3,-18.6,-15.6
218.33,-11.8,-68.3,-23.5,-18.2,-15.8
218.34,-12.2,-68.2,-24.9,-18.7,-15.9
218.35,-12.5,-68.1,-27.3,-18.4,-16.1
218.36,-12.3,-68.2,-28.6,-18.7,-16.0
218.37,-12.5,-68.2,-30.3,-18.5,-16.1
218.38,-12.1,-68.2,-30.7,-18.6,-15.9
218.39,-12.0,-68.3,-30.7,-18.4,-15.7
218.40,-11.5,-68.4,-31.0,-18.6,-15.1
218.41,-11.6,-68.5,-31.6,-18.5,-15.2
218.42,-11.2,-68.6,-32.2,-18.6,-14.6
218.43,-11.5,-68.8,-32.9,-18.6,-14.8
218.44,-11.9,-69.1,-33.9,-18.9,-14.8
218.45,-12.1,-69.2,-35.1,-18.4,-15.0
218.46,-12.6,-69.3,-35.7,-18.5,-15.1
218.47,-12.9,-69.5,-36.3,-18.5,-15.3
218.48,-12.6,-69.3,-36.5,-18.4,-15.4
218.49,-12.7,-69.5,-36.5,-18.5,-15.8
218.50,-13.0,-69.5,-36.7,-18.2,-16.2
218.51,-13.0,-69.4,-36.9,-18.3,-16.4
218.52,-12.7,-69.4,-37.1,-17.5,-16.6
218.53,-13.0,-69.5,-37.3,-17.6,-16.7
218.54,-12.8,-69.4,-37.2,-17.3,-16.7
218.55,-12.7,-69.5,-37.1,-17.4,-16.6
218.56,-12.7,-69.1,-37.1,-17.4,-16.5
218.57,-12.4,-69.4,-37.6,-17.7,-15.9
218.58,-12.2,-69.3,-38.3,-17.7,-15.4
218.59,-12.0,-69.3,-38.3,-17.8,-15.2
218.60,-12.1,-68.5,-28.7,-17.8,-15.3
218.61,-10.6,-68.3,-15.5,-18.4,-15.6
218.62,-10.2,-68.4,-13.3,-19.1,-16.4
218.63,-10.3,-68.4,-12.5,-20.3,-17.0
218.64,-9.7,-68.9,-11.6,-20.4,-17.6
218.65,-9.9,-69.5,-11.6,-21.4,-17.9
218.66,-10.8,-69.7,-13.1,-20.5,-17.7
218.67,-11.8,-69.7,-14.5,-20.4,-17.8
218.68,-12.1,-69.7,-15.5,-19.9,-17.4
218.69,-14.1,-69.3,-18.2,-20.6,-17.4
218.70,-14.3,-69.3,-21.3,-20.3,-16.8
218.71,-14.7,-69.1,-22.3,-20.9,-16.6
218.72,-14.4,-69.1,-24.5,-20.3,-16.3
218.73,-14.7,-69.2,-24.9,-21.1,-16.5
218.74,-14.4,-69.3,-23.5,-20.1,-16.7
218.75,-14.5,-69.1,-22.5,-21.0,-17.1
218.76,-14.2,-69.1,-22.5,-19.9,-17.1
218.77,-14.0,-68.6,-21.2,-21.1,-17.5
218.78,-12.2,-68.6,-14.8,-20.0,-17.6
218.79,-11.1,-68.7,-12.7,-20.5,-17.6
218.80,-10.6,-68.9,-12.1,-19.7,-17.5
218.81,-10.0,-69.5,-11.6,-19.8,-16.6
218.82,-10.2,-69.8,-11.7,-19.0,-16.4
218.83,-10.8,-69.6,-14.0,-18.9,-16.1
218.84,-11.2,-69.4,-15.6,-18.4,-15.8
218.85,-11.5,-69.3,-16.8,-18.5,-15.7
218.86,-11.9,-69.1,-18.8,-18.4,-15.8
218.87,-12.3,-69.1,-20.9,-18.6,-15.9
218.88,-12.3,-69.3,-22.4,-18.6,-15.8
218.89,-12.7,-69.3,-22.6,-19.1,-16.0
218.90,-12.5,-69.3,-21.4,-19.0,-16.4
218.91,-12.5,-69.0,-20.2,-19.3,-16.5
218.92,-12.1,-69.1,-19.7,-19.1,-16.4
218.93,-12.5,-69.0,-19.8,-19.3,-16.6
218.94,-11.8,-67.9,-18.2,-19.1,-16.6
218.95,-11.9,-67.7,-17.2,-19.2,-16.8
218.96,-11.6,-67.7,-17.0,-19.4,-16.4
218.97,-11.9,-67.5,-16.9,-19.5,-16.0
218.98,-11.7,-67.6,-17.1,-19.4,-15.6
218.99,-12.5,-68.7,-19.2,-19.8,-15.2
219.00,-12.8,-68.8,-21.6,-19.5,-15.2
219.01,-13.7,-69.0,-23.6,-19.9,-15.6
219.02,-14.0,-69.1,-26.2,-19.3,-16.2
219.03,-14.7,-69.1,-27.3,-20.2,-16.4
219.04,-14.6,-69.0,-28.4,-19.1,-17.1
219.05,-14.9,-69.1,-29.3,-20.2,-16.9
219.06,-14.5,-69.1,-31.0,-19.1,-17.3
219.07,-14.5,-69.0,-32.0,-20.1,-17.0
219.08,-14.1,-69.0,-33.3,-19.2,-17.2
219.09,-14.5,-68.9,-34.1,-20.3,-17.0
219.10,-13.7,-68.6,-34.1,-19.2,-17.0
219.11,-13.7,-67.5,-26.8,-20.3,-17.0
219.12,-11.7,-67.3,-18.5,-19.6,-16.7
219.13,-10.8,-67.4,-14.1,-20.4,-16.3
219.14,-9.9,-67.6,-12.8,-19.8,-16.0
219.15,-9.6,-67.9,-12.3,-20.2,-15.8
219.16,-9.8,-69.2,-11.8,-19.6,-15.9
219.17,-10.8,-69.0,-13.2,-19.8,-16.0
219.18,-11.4,-68.9,-15.4,-19.0,-15.8
219.19,-12.2,-68.8,-16.4,-18.9,-15.7
219.20,-12.4,-68.8,-17.9,-19.0,-15.7
219.21,-12.3,-68.6,-19.9,-19.1,-15.2
219.22,-12.0,-68.6,-21.6,-18.7,-15.3
219.23,-12.0,-68.6,-22.8,-18.8,-15.5
219.24,-11.8,-68.5,-23.0,-18.9,-15.3
219.25,-11.9,-68.4,-23.4,-18.9,-15.3
219.26,-11.6,-68.5,-23.6,-18.7,-15.1
219.27,-11.6,-68.2,-23.7,-18.7,-15.0
219.28,-11.9,-68.3,-24.9,-18.9,-15.0
219.29,-12.1,-68.6,-26.7,-18.7,-15.2
219.30,-11.8,-68.5,-27.3,-18.3,-15.4
219.31,-12.5,-68.7,-27.0,-18.7,-16.0
219.32,-12.3,-68.9,-26.4,-18.5,-16.3
219.33,-12.1,-69.1,-25.8,-18.3,-16.2
219.34,-12.3,-68.9,-25.8,-18.1,-16.5
219.35,-12.9,-68.9,-26.0,-18.5,-16.7
219.36,-13.7,-68.8,-26.4,-18.5,-17.1
219.37,-14.4,-68.8,-27.2,-18.9,-17.3
219.38,-15.5,-68.9,-28.2,-19.4,-17.7
219.39,-15.4,-69.1,-29.4,-20.2,-17.4
219.40,-15.3,-69.0,-31.4,-20.3,-17.2
219.41,-14.9,-68.8,-33.4,-20.6,-17.1
219.42,-15.2,-69.0,-35.3,-21.1,-16.8
219.43,-14.6,-69.0,-36.4,-20.5,-16.5
219.44,-14.7,-68.7,-36.4,-21.0,-16.5
219.45,-14.3,-68.9,-35.2,-20.2,-16.3
219.46,-13.4,-68.0,-24.0,-20.6,-16.3
219.47,-10.9,-68.0,-14.6,-20.7,-16.6
219.48,-10.2,-68.2,-12.8,-21.6,-16.2
219.49,-9.8,-68.1,-12.2,-22.3,-16.2
219.50,-9.5,-68.8,-11.7,-22.0,-16.0
219.51,-10.1,-69.0,-12.1,-22.0,-15.8
219.52,-10.9,-69.0,-13.7,-20.9,-15.8
219.53,-11.8,-69.0,-15.4,-20.2,-15.9
219.54,-12.7,-68.8,-16.4,-19.6,-16.1
219.55,-13.1,-68.6,-18.0,-19.3,-16.3
219.56,-13.5,-68.6,-20.5,-19.4,-16.1
219.57,-13.5,-68.6,-22.2,-19.2,-15.8
219.58,-13.0,-68.3,-22.5,-18.9,-15.7
219.59,-12.8,-68.2,-22.1,-19.2,-15.7
219.60,-12.9,-67.9,-22.3,-19.4,-15.7
219.61,-13.0,-67.8,-22.2,-19.3,-15.7
219.62,-13.1,-67.0,-23.1,-19.1,-16.0
219.63,-12.6,-66.3,-19.2,-19.6,-16.4
219.64,-12.2,-65.7,-17.1,-20.0,-16.7
219.65,-11.7,-65.5,-16.2,-20.6,-17.2
219.66,-11.0,-65.6,-15.7,-20.5,-17.0
219.67,-11.1,-66.2,-15.5,-21.2,-16.9
219.68,-11.6,-67.2,-17.6,-21.1,-16.3
219.69,-11.7,-67.6,-19.5,-20.4,-15.5
219.70,-12.7,-68.5,-20.7,-21.1,-15.5
219.71,-12.6,-68.5,-22.7,-20.6,-15.5
219.72,-12.8,-68.6,-23.5,-21.2,-15.5
219.73,-12.4,-68.7,-25.1,-21.1,-15.3
219.74,-13.1,-68.7,-26.9,-21.2,-15.7
219.75,-12.9,-68.9,-29.4,-20.7,-15.7
219.76,-13.3,-68.7,-30.3,-20.8,-15.9
219.77,-13.2,-69.0,-30.9,-20.1,-15.9
219.78,-13.9,-69.4,-31.7,-20.2,-16.6
219.79,-13.6,-69.2,-31.9,-20.2,-16.5
219.80,-13.9,-68.9,-32.1,-20.9,-16.4
219.81,-13.1,-69.0,-19.7,-21.5,-16.3
219.82,-11.3,-68.8,-14.8,-21.9,-16.2
219.83,-10.7,-68.9,-13.0,-22.6,-16.2
219.84,-9.9,-68.9,-12.0,-22.8,-15.6
219.85,-9.2,-69.3,-11.2,-22.3,-15.6
219.86,-9.6,-69.4,-11.6,-21.2,-15.6
219.87,-10.4,-69.1,-13.5,-20.4,-15.4
219.88,-10.9,-69.5,-14.6,-20.3,-15.6
219.89,-12.0,-69.1,-16.5,-19.9,-15.6
219.90,-12.6,-68.8,-21.1,-19.3,-15.5
219.91,-13.1,-68.8,-23.1,-19.2,-15.8
219.92,-13.4,-68.8,-24.6,-19.3,-16.0
219.93,-13.6,-69.0,-27.2,-19.2,-16.3
219.94,-13.3,-68.6,-27.6,-18.8,-16.3
219.95,-13.2,-68.6,-25.9,-18.9,-16.1
219.96,-13.1,-68.3,-24.9,-19.2,-15.9
219.97,-12.9,-68.2,-24.2,-19.2,-15.7
219.98,-12.0,-67.6,-19.6,-19.7,-15.5
219.99,-10.3,-67.8,-13.8,-20.9,-15.8
220.00,-9.9,-68.0,-12.6,-22.2,-15.8
220.01,-9.2,-68.3,-12.1,-22.1,-15.3
220.02,-9.1,-68.6,-11.7,-22.1,-15.2
220.03,-9.5,-68.8,-12.4,-22.0,-14.9
220.04,-10.0,-69.1,-14.2,-21.0,-14.7
220.05,-10.3,-69.2,-15.4,-21.1,-14.7
220.06,-11.3,-69.3,-17.0,-22.6,-14.1
220.07,-11.3,-69.6,-19.9,-21.3,-14.2
220.08,-10.6,-69.5,-22.1,-20.9,-13.8
220.09,-10.9,-69.2,-22.9,-21.3,-13.6
220.10,-10.5,-69.0,-22.8,-20.3,-13.4
220.11,-10.6,-68.8,-21.8,-20.4,-13.7
220.12,-11.4,-68.9,-21.3,-20.7,-14.1
220.13,-11.1,-68.8,-21.3,-20.4,-14.0
220.14,-11.8,-69.3,-21.5,-21.1,-14.5
220.15,-11.9,-68.4,-20.5,-21.9,-14.5
220.16,-10.9,-68.6,-15.0,-23.0,-14.4
220.17,-10.2,-68.4,-13.1,-25.2,-14.4
220.18,-9.9,-68.5,-12.5,-25.1,-14.4
220.19,-9.5,-68.4,-12.0,-24.5,-14.6
220.20,-9.7,-68.9,-12.1,-22.9,-15.2
220.21,-10.5,-69.3,-13.8,-22.2,-15.0
220.22,-10.8,-68.9,-15.1,-21.7,-15.1
220.23,-11.8,-69.3,-16.2,-21.5,-15.3
220.24,-12.3,-69.2,-18.2,-22.3,-14.8
220.25,-11.7,-69.4,-20.2,-21.9,-14.5
220.26,-12.1,-69.5,-22.0,-21.4,-14.6
220.27,-12.0,-69.3,-22.2,-21.3,-14.7
220.28,-11.1,-69.1,-21.1,-20.7,-14.7
220.29,-11.2,-68.9,-20.5,-20.7,-14.7
220.30,-11.8,-68.7,-20.7,-20.5,-15.0
220.31,-11.8,-68.8,-21.1,-20.6,-15.1
220.32,-11.7,-67.9,-19.4,-21.0,-15.7
220.33,-11.0,-68.0,-15.5,-21.4,-15.4
220.34,-9.7,-68.0,-13.3,-22.0,-15.3
220.35,-9.4,-68.1,-12.8,-21.2,-14.9
220.36,-8.8,-68.1,-12.3,-20.9,-14.3
220.37,-9.1,-68.9,-12.5,-21.1,-14.4
220.38,-9.7,-68.9,-14.8,-20.4,-14.2
220.39,-10.4,-68.7,-16.4,-20.7,-14.3
220.40,-11.3,-68.9,-17.4,-21.8,-14.5
220.41,-11.5,-68.9,-18.9,-22.1,-14.4
220.42,-11.4,-69.1,-20.5,-21.8,-14.5
220.43,-12.5,-69.1,-23.0,-23.0,-14.8
220.44,-12.4,-69.3,-22.9,-22.7,-14.9
220.45,-12.6,-68.5,-22.5,-22.9,-15.0
220.46,-14.0,-67.9,-23.6,-23.6,-15.4
220.47,-14.0,-67.9,-23.8,-24.0,-15.5
220.48,-13.7,-67.8,-24.4,-23.5,-15.5
220.49,-13.5,-66.8,-20.7,-24.0,-16.0
220.50,-12.1,-66.7,-18.1,-22.7,-15.6
220.51,-11.5,-67.1,-17.0,-22.7,-15.8
220.52,-11.4,-67.1,-16.3,-23.9,-15.8
220.53,-11.4,-66.7,-15.9,-24.0,-15.9
220.54,-11.7,-67.6,-17.2,-24.8,-15.6
220.55,-12.4,-67.2,-18.8,-25.5,-15.4
220.56,-12.7,-67.1,-20.3,-24.7,-15.0
220.57,-12.8,-66.9,-21.4,-24.4,-14.9
220.58,-13.0,-67.1,-23.0,-23.4,-15.2
220.59,-13.2,-67.6,-24.5,-24.2,-15.0
220.60,-13.3,-67.7,-26.0,-24.2,-15.2
220.61,-13.6,-68.0,-26.6,-24.5,-15.5
220.62,-13.8,-68.4,-27.1,-24.7,-15.6
220.63,-13.4,-68.7,-27.5,-23.9,-15.4
220.64,-13.8,-68.7,-27.3,-23.5,-15.9
220.65,-13.7,-69.0,-27.5,-23.2,-15.8
220.66,-13.5,-68.8,-28.1,-22.6,-15.6
220.67,-13.8,-69.1,-28.5,-23.1,-15.8
220.68,-13.7,-69.2,-28.9,-22.9,-15.6
220.69,-13.9,-69.2,-29.5,-24.4,-15.5
220.70,-13.9,-69.0,-29.9,-24.7,-15.6
220.71,-14.3,-69.0,-29.9,-26.5,-15.7
220.72,-14.3,-69.1,-30.1,-23.4,-15.8
220.73,-14.2,-69.2,-30.2,-22.3,-16.0
220.74,-13.7,-69.0,-29.9,-20.8,-15.9
220.75,-13.5,-68.9,-29.6,-19.7,-15.7
220.76,-13.4,-68.7,-29.7,-19.2,-15.3
220.77,-13.2,-68.7,-29.5,-19.3,-15.0
220.78,-13.2,-68.7,-29.7,-19.9,-14.9
220.79,-13.1,-68.7,-30.0,-19.5,-15.0
220.80,-13.3,-68.7,-30.3,-19.4,-14.9
220.81,-13.2,-68.7,-30.3,-19.6,-15.3
220.82,-13.2,-68.6,-30.3,-19.6,-15.2
220.83,-13.4,-68.8,-30.2,-19.3,-15.5
220.84,-12.8,-68.2,-24.4,-19.2,-15.6
220.85,-10.4,-68.4,-14.7,-19.7,-16.4
220.86,-9.7,-68.4,-12.9,-20.7,-16.7
220.87,-9.8,-68.5,-12.3,-21.9,-16.9
220.88,-9.6,-69.1,-11.8,-23.0,-16.5
220.89,-9.8,-69.5,-12.2,-25.3,-16.2
220.90,-11.2,-69.6,-13.9,-26.0,-15.9
220.91,-12.0,-69.1,-15.5,-24.7,-15.9
220.92,-12.2,-69.3,-16.6,-23.6,-15.8
220.93,-12.6,-68.8,-18.9,-22.4,-15.8
220.94,-13.5,-68.8,-21.2,-21.8,-15.9
220.95,-13.4,-68.9,-23.1,-21.4,-15.8
220.96,-13.7,-68.9,-23.2,-21.3,-16.2
220.97,-13.4,-69.1,-21.8,-20.2,-16.4
220.98,-13.4,-69.1,-20.8,-20.7,-16.9
220.99,-13.7,-68.6,-20.6,-20.7,-17.1
221.00,-13.6,-68.4,-20.5,-19.8,-17.6
221.01,-12.6,-67.8,-17.4,-19.9,-17.5
221.02,-12.5,-67.7,-15.8,-20.8,-17.4
221.03,-11.8,-67.5,-15.2,-19.6,-17.0
221.04,-11.3,-67.6,-14.9,-20.5,-16.3
221.05,-11.1,-67.8,-14.9,-19.7,-15.9
221.06,-11.5,-68.0,-16.6,-19.5,-15.5
221.07,-11.9,-67.8,-18.9,-20.2,-15.5
221.08,-12.3,-68.0,-20.5,-19.6,-15.8
221.09,-13.4,-68.2,-22.9,-19.9,-16.1
221.10,-13.0,-68.4,-24.4,-20.0,-15.9
221.11,-12.9,-68.3,-26.3,-19.8,-15.6
221.12,-13.3,-68.7,-27.4,-20.0,-15.6
221.13,-13.4,-68.5,-28.6,-20.0,-15.6
221.14,-13.0,-68.8,-29.6,-20.2,-15.2
221.15,-13.1,-68.7,-30.4,-20.0,-15.3
221.16,-13.4,-68.7,-31.0,-20.0,-15.7
221.17,-13.2,-68.7,-31.3,-20.2,-15.8
221.18,-13.4,-68.7,-31.6,-20.0,-15.8
221.19,-13.8,-68.7,-31.9,-20.3,-15.6
221.20,-13.1,-68.8,-32.6,-19.6,-15.2
221.21,-13.1,-68.6,-33.0,-19.7,-15.2
221.22,-12.6,-68.8,-33.7,-19.6,-14.8
221.23,-12.9,-68.7,-33.9,-19.5,-15.1
221.24,-13.2,-68.7,-33.9,-20.0,-15.0
221.25,-13.6,-68.7,-34.0,-19.5,-15.5
221.26,-13.7,-68.8,-33.8,-19.9,-15.4
221.27,-14.1,-68.9,-34.0,-19.9,-15.7
221.28,-14.1,-69.0,-34.1,-19.6,-15.9
221.29,-14.2,-69.0,-34.3,-19.7,-15.7
221.30,-14.1,-68.9,-34.7,-19.7,-15.8
221.31,-13.9,-69.1,-35.2,-19.7,-15.5
221.32,-13.6,-69.0,-35.6,-19.9,-15.1
221.33,-13.5,-69.0,-36.3,-19.9,-14.9
221.34,-13.1,-68.8,-36.7,-20.3,-14.6
221.35,-13.0,-67.3,-33.9,-20.3,-14.6
221.36,-13.4,-66.7,-23.8,-21.2,-15.0
221.37,-11.2,-66.7,-14.8,-21.5,-15.7
221.38,-10.3,-66.7,-12.7,-22.1,-16.3
221.39,-10.0,-66.8,-11.8,-24.1,-16.7
221.40,-9.5,-68.5,-11.0,-24.0,-16.8
221.41,-9.5,-68.5,-11.0,-25.0,-17.0
221.42,-10.6,-68.4,-12.5,-24.5,-17.1
221.43,-11.8,-68.7,-14.0,-24.0,-16.8
221.44,-12.9,-69.0,-15.4,-24.0,-17.2
221.45,-13.8,-69.1,-19.1,-22.5,-16.8
221.46,-14.2,-69.4,-23.2,-22.1,-16.4
221.47,-14.0,-69.4,-24.2,-21.1,-16.0
221.48,-14.0,-69.3,-25.7,-21.0,-15.7
221.49,-13.7,-69.2,-26.2,-20.3,-15.5
221.50,-13.6,-69.0,-25.4,-20.3,-15.4
221.51,-13.6,-68.9,-24.4,-20.1,-15.7
221.52,-13.6,-68.8,-24.0,-19.8,-15.7
221.53,-13.0,-68.2,-20.5,-20.0,-16.2
221.54,-11.2,-68.4,-13.6,-20.3,-16.1
221.55,-10.4,-68.3,-12.4,-20.1,-16.4
221.56,-10.0,-68.4,-11.9,-21.2,-16.4
221.57,-9.8,-69.0,-11.4,-20.3,-16.5
221.58,-10.3,-68.8,-12.2,-20.6,-16.2
221.59,-11.0,-68.8,-13.9,-20.3,-16.3
221.60,-11.6,-68.9,-15.3,-20.1,-15.9
221.61,-12.3,-68.8,-16.4,-20.2,-15.6
221.62,-12.5,-68.9,-18.6,-20.1,-15.6
221.63,-12.7,-69.1,-20.7,-20.1,-15.6
221.64,-13.3,-69.1,-22.7,-20.0,-15.5
221.65,-13.5,-69.3,-23.4,-19.8,-15.9
221.66,-13.9,-69.2,-23.2,-20.1,-16.5
221.67,-14.4,-69.0,-23.3,-19.7,-16.9
221.68,-14.7,-68.7,-23.3,-20.2,-17.4
221.69,-14.7,-68.7,-24.5,-19.8,-17.4
221.70,-13.3,-67.0,-19.1,-19.8,-17.5
221.71,-12.7,-67.0,-17.4,-20.2,-16.9
221.72,-11.9,-67.1,-16.3,-20.0,-16.4
221.73,-11.5,-67.1,-15.7,-20.7,-15.7
221.74,-11.3,-68.3,-15.6,-20.3,-15.2
221.75,-11.8,-68.5,-17.4,-20.1,-14.6
221.76,-12.0,-68.4,-18.9,-20.4,-14.7
221.77,-12.1,-68.5,-20.3,-19.5,-14.9
221.78,-12.5,-68.8,-22.2,-19.9,-14.9
221.79,-12.9,-68.5,-23.5,-19.6,-14.9
221.80,-13.1,-68.8,-25.3,-19.8,-14.9
221.81,-13.0,-68.7,-26.9,-19.7,-14.9
221.82,-13.0,-68.5,-29.1,-19.4,-15.1
221.83,-12.9,-68.7,-30.3,-19.6,-15.1
221.84,-13.0,-68.8,-30.9,-19.7,-15.1
221.85,-13.0,-68.7,-31.2,-19.5,-15.3
221.86,-12.4,-68.4,-31.5,-19.3,-14.8
221.87,-12.5,-67.6,-27.3,-19.6,-14.9
221.88,-11.7,-67.6,-18.4,-19.8,-15.0
221.89,-10.4,-67.6,-13.9,-20.2,-15.2
221.90,-9.8,-67.9,-12.7,-19.4,-15.4
221.91,-9.9,-68.1,-12.1,-19.8,-15.6
221.92,-9.5,-69.0,-11.6,-19.6,-15.9
221.93,-10.1,-68.8,-13.3,-19.1,-15.9
221.94,-11.3,-68.8,-15.4,-19.0,-15.8
221.95,-12.1,-68.9,-16.5,-19.1,-16.1
221.96,-12.8,-69.0,-18.5,-19.2,-16.0
221.97,-13.1,-69.1,-20.8,-19.0,-16.1
221.98,-13.0,-69.0,-21.9,-19.1,-15.9
221.99,-13.0,-68.9,-22.5,-19.0,-16.1
222.00,-12.7,-69.0,-22.3,-18.7,-16.0
222.01,-12.3,-68.9,-21.1,-18.8,-15.7
222.02,-12.7,-68.8,-20.6,-18.9,-15.9
222.03,-12.4,-69.0,-20.6,-18.8,-15.8
222.04,-11.9,-69.0,-20.8,-18.9,-15.6
222.05,-11.8,-69.0,-21.1,-18.9,-15.7
222.06,-12.5,-69.1,-21.7,-19.0,-16.2
222.07,-12.4,-69.1,-22.4,-19.0,-16.1
222.08,-13.1,-68.9,-23.1,-19.0,-16.7
222.09,-13.4,-68.9,-23.9,-19.1,-16.8
222.10,-13.8,-68.9,-24.9,-19.3,-16.8
222.11,-13.6,-69.0,-26.0,-19.2,-16.4
222.12,-13.6,-69.2,-27.0,-19.5,-16.6
222.13,-13.0,-69.3,-28.1,-19.6,-15.9
222.14,-13.3,-69.2,-29.7,-19.8,-15.8
222.15,-13.2,-69.1,-31.2,-19.9,-15.5
222.16,-13.3,-69.1,-33.4,-19.9,-15.3
222.17,-13.5,-68.9,-35.4,-20.1,-15.2
222.18,-13.6,-69.0,-36.1,-20.0,-15.3
222.19,-13.3,-69.2,-36.3,-19.8,-15.4
222.20,-13.5,-69.0,-36.5,-19.9,-15.8
222.21,-13.6,-69.0,-36.0,-19.9,-16.3
222.22,-13.5,-68.5,-25.3,-20.3,-16.4
222.23,-11.1,-68.5,-14.5,-21.0,-16.3
222.24,-10.2,-68.7,-12.9,-21.4,-16.1
222.25,-9.8,-69.0,-12.3,-21.2,-15.6
222.26,-9.6,-69.6,-11.9,-20.6,-15.5
222.27,-9.7,-69.9,-12.4,-20.6,-15.5
222.28,-10.6,-70.1,-14.1,-19.7,-15.7
222.29,-11.8,-69.9,-15.7,-20.1,-16.2
222.30,-12.3,-70.3,-16.9,-20.1,-16.3
222.31,-12.6,-70.2,-19.4,-20.1,-15.9
222.32,-12.7,-70.2,-21.4,-20.3,-15.5
222.33,-13.2,-70.3,-22.9,-20.2,-15.4
222.34,-13.0,-70.1,-23.2,-20.4,-15.2
222.35,-13.1,-70.0,-22.0,-20.5,-15.4
222.36,-13.7,-69.8,-21.0,-20.5,-16.2
222.37,-14.0,-69.5,-20.7,-20.6,-16.5
222.38,-14.1,-69.2,-20.7,-20.8,-16.9
222.39,-13.1,-68.4,-17.8,-20.9,-17.6
222.40,-12.0,-68.3,-16.0,-21.2,-17.3
222.41,-11.6,-68.1,-15.4,-21.8,-16.7
222.42,-10.9,-68.1,-15.2,-21.4,-16.1
222.43,-10.7,-68.2,-15.5,-21.6,-15.6
222.44,-11.1,-68.8,-17.2,-21.7,-15.5
222.45,-12.5,-69.1,-20.1,-21.5,-15.9
222.46,-12.9,-69.0,-22.3,-21.5,-16.0
222.47,-13.6,-69.3,-24.3,-21.7,-16.4
222.48,-13.9,-69.0,-25.8,-22.0,-16.2
222.49,-13.9,-69.0,-27.6,-21.8,-16.2
222.50,-14.0,-68.9,-29.0,-22.2,-16.3
222.51,-14.4,-68.8,-30.0,-22.7,-16.5
222.52,-14.5,-68.9,-30.3,-22.8,-16.4
222.53,-14.7,-69.2,-30.4,-23.2,-16.2
222.54,-14.8,-69.4,-30.6,-23.2,-16.3
222.55,-14.2,-69.4,-30.9,-23.2,-15.7
222.56,-13.7,-69.5,-31.3,-23.1,-15.4
222.57,-13.6,-69.3,-32.2,-23.5,-15.4
222.58,-13.4,-69.3,-32.8,-22.7,-15.4
222.59,-13.0,-69.2,-33.3,-21.7,-15.1
222.60,-12.7,-69.2,-33.9,-21.2,-14.7
222.61,-12.4,-69.1,-34.3,-20.2,-14.3
222.62,-12.3,-69.1,-34.6,-19.6,-14.2
222.63,-12.4,-69.2,-34.9,-19.6,-14.2
222.64,-12.7,-69.2,-35.1,-19.8,-14.5
222.65,-13.2,-69.2,-35.4,-20.0,-14.9
222.66,-13.2,-69.3,-35.7,-20.0,-15.1
222.67,-13.5,-69.4,-36.2,-20.2,-15.2
222.68,-13.5,-69.4,-36.8,-20.4,-15.1
222.69,-13.6,-69.6,-37.3,-20.4,-15.1
222.70,-13.2,-69.5,-38.0,-20.4,-14.7
222.71,-13.4,-69.5,-38.6,-20.7,-15.0
222.72,-13.1,-69.2,-39.2,-20.6,-15.0
222.73,-13.4,-68.9,-35.5,-20.7,-15.4
222.74,-13.1,-68.4,-21.0,-21.1,-15.8
222.75,-11.2,-68.5,-14.7,-21.4,-16.6
222.76,-10.1,-68.4,-12.8,-21.4,-16.7
222.77,-9.4,-68.5,-11.8,-21.3,-16.8
222.78,-8.8,-69.2,-11.0,-20.9,-16.9
222.79,-8.5,-69.0,-11.0,-20.4,-16.3
222.80,-9.9,-68.9,-12.7,-20.3,-16.1
222.81,-10.9,-68.6,-13.8,-20.3,-16.1
222.82,-11.6,-68.5,-14.9,-20.2,-15.8
222.83,-12.5,-68.7,-18.8,-20.2,-15.4
222.84,-13.1,-68.7,-21.6,-20.2,-15.4
222.85,-12.9,-68.9,-22.6,-20.1,-15.2
222.86,-13.1,-69.2,-24.9,-20.1,-15.5
222.87,-13.6,-69.3,-25.4,-20.2,-15.9
222.88,-14.1,-69.4,-24.6,-20.0,-16.4
222.89,-13.7,-69.3,-24.0,-20.2,-16.3
222.90,-13.4,-69.2,-23.8,-20.0,-16.4
222.91,-12.5,-68.1,-19.2,-20.2,-16.6
222.92,-10.3,-68.1,-14.1,-20.2,-16.8
222.93,-9.9,-68.3,-12.9,-20.9,-17.0
222.94,-9.4,-68.5,-12.3,-20.6,-16.4
222.95,-9.5,-69.6,-11.9,-21.0,-16.4
222.96,-9.9,-69.7,-12.6,-20.8,-15.8
222.97,-10.9,-69.8,-14.3,-20.9,-15.3
222.98,-11.8,-69.7,-15.8,-20.6,-15.4
222.99,-12.3,-69.7,-16.9,-20.7,-15.5
223.00,-12.3,-69.7,-19.1,-20.8,-15.3
223.01,-13.2,-70.1,-21.4,-21.0,-15.7
223.02,-13.4,-69.9,-22.5,-21.5,-15.7
223.03,-13.5,-69.8,-23.0,-22.3,-15.8
223.04,-13.6,-69.8,-23.4,-22.4,-15.9
223.05,-14.1,-69.8,-24.0,-22.0,-16.6
223.06,-13.9,-69.9,-24.2,-21.7,-16.4
223.07,-13.9,-69.6,-25.3,-20.8,-16.5
223.08,-13.1,-68.2,-21.3,-20.0,-17.0
223.09,-12.6,-68.3,-18.7,-20.0,-16.8
223.10,-12.5,-68.2,-17.7,-20.4,-16.6
223.11,-12.0,-68.0,-17.3,-20.3,-16.3
223.12,-11.7,-68.7,-17.3,-20.4,-15.6
223.13,-12.1,-69.0,-19.4,-20.7,-14.9
223.14,-12.8,-69.0,-21.6,-20.4,-15.0
223.15,-13.0,-69.0,-23.4,-20.4,-14.9
223.16,-13.2,-69.0,-25.0,-20.2,-15.0
223.17,-13.5,-69.2,-26.5,-20.3,-15.4
223.18,-13.3,-69.5,-27.5,-20.1,-15.6
223.19,-13.0,-69.6,-29.6,-20.2,-15.3
223.20,-13.2,-69.9,-31.8,-20.1,-15.8
223.21,-13.3,-69.9,-32.6,-20.2,-15.5
223.22,-13.9,-69.9,-32.8,-20.4,-15.6
223.23,-13.7,-69.7,-32.9,-20.3,-15.3
223.24,-14.0,-69.3,-32.4,-20.5,-15.8
223.25,-12.6,-68.2,-21.7,-20.5,-15.4
223.26,-11.4,-68.0,-16.8,-20.5,-16.1
223.27,-10.1,-68.0,-13.6,-21.0,-16.0
223.28,-9.7,-68.3,-12.4,-21.7,-16.2
223.29,-9.4,-68.1,-11.9,-21.8,-15.9
223.30,-9.5,-69.0,-11.7,-22.0,-16.0
223.31,-10.6,-68.9,-13.5,-21.6,-15.4
223.32,-11.2,-68.8,-15.3,-21.4,-15.2
223.33,-11.3,-69.4,-16.4,-20.7,-15.3
223.34,-11.4,-69.4,-18.1,-20.4,-15.2
223.35,-11.8,-69.4,-19.9,-20.4,-15.1
223.36,-12.0,-69.3,-20.9,-20.3,-15.4
223.37,-12.6,-69.2,-21.9,-20.2,-15.6
223.38,-12.4,-69.2,-21.8,-20.0,-15.4
223.39,-12.4,-69.3,-20.9,-19.8,-15.8
223.40,-12.3,-69.4,-20.3,-19.8,-15.9
223.41,-12.3,-69.5,-20.2,-19.5,-16.0
223.42,-12.1,-69.7,-20.3,-19.3,-16.2
223.43,-12.4,-69.7,-20.5,-19.3,-16.2
223.44,-12.9,-69.6,-20.9,-19.6,-16.4
223.45,-12.8,-69.7,-21.8,-19.5,-16.3
223.46,-12.7,-69.8,-22.6,-19.6,-16.1
223.47,-12.5,-69.6,-23.6,-19.5,-15.7
223.48,-12.4,-69.5,-24.6,-19.5,-15.4
223.49,-11.9,-69.3,-25.5,-19.1,-14.9
223.50,-11.7,-69.2,-26.4,-18.9,-14.8
223.51,-11.7,-69.0,-27.7,-19.0,-14.5
223.52,-12.2,-69.0,-29.2,-19.1,-14.8
223.53,-12.4,-68.9,-30.7,-19.1,-15.0
223.54,-12.3,-69.3,-32.5,-19.0,-15.0
223.55,-12.6,-69.2,-33.8,-19.2,-15.3
223.56,-12.8,-69.3,-34.5,-19.2,-15.6
223.57,-12.9,-69.2,-34.9,-19.1,-15.7
223.58,-12.7,-69.2,-35.3,-19.1,-15.7
223.59,-13.0,-68.9,-33.3,-19.2,-15.8
223.60,-12.1,-68.0,-23.3,-19.1,-16.0
223.61,-11.0,-68.1,-14.8,-19.2,-16.4
223.62,-9.9,-68.3,-13.0,-19.2,-16.3
223.63,-9.5,-68.4,-12.5,-19.2,-16.0
223.64,-9.4,-69.0,-12.0,-19.2,-15.7
223.65,-9.4,-69.5,-12.6,-19.3,-15.3
223.66,-10.0,-69.7,-14.4,-19.2,-15.0
223.67,-10.4,-69.4,-16.0,-19.1,-15.0
223.68,-10.7,-69.0,-16.9,-19.4,-15.1
223.69,-10.8,-68.8,-17.2,-19.4,-15.7
223.70,-10.2,-68.7,-15.0,-19.2,-15.2
223.71,-10.1,-69.0,-13.9,-19.3,-15.6
223.72,-10.1,-69.1,-13.4,-19.3,-16.2
223.73,-9.7,-70.0,-12.8,-19.1,-15.6
223.74,-9.9,-69.1,-13.6,-19.0,-15.3
223.75,-10.8,-69.0,-15.5,-19.3,-15.6
223.76,-10.4,-68.2,-16.4,-19.2,-15.2
223.77,-10.5,-67.5,-16.7,-19.2,-15.6
223.78,-11.0,-67.4,-16.6,-19.3,-16.2
223.79,-10.7,-67.8,-16.3,-19.3,-16.3
223.80,-10.8,-67.9,-16.3,-19.2,-16.2
223.81,-10.9,-68.7,-16.6,-19.3,-16.3
223.82,-11.7,-68.7,-18.5,-19.2,-16.2
223.83,-11.2,-68.9,-19.7,-19.2,-15.7
223.84,-11.9,-68.8,-21.2,-19.6,-15.6
223.85,-12.1,-68.8,-22.2,-20.0,-15.4
223.86,-11.6,-68.4,-22.8,-20.3,-14.8
223.87,-11.4,-68.1,-23.7,-21.1,-14.3
223.88,-11.2,-68.0,-24.4,-21.4,-14.1
223.89,-10.9,-67.9,-25.5,-21.5,-13.5
223.90,-10.9,-68.3,-26.2,-22.0,-13.2
223.91,-10.9,-68.0,-27.2,-22.2,-13.1
223.92,-10.8,-68.5,-28.2,-22.2,-13.0
223.93,-10.7,-68.2,-29.0,-22.1,-12.9
223.94,-10.5,-67.6,-21.1,-21.9,-13.1
223.95,-9.7,-67.5,-16.1,-22.3,-13.8
223.96,-9.8,-67.4,-13.6,-22.8,-14.6
223.97,-10.0,-67.4,-12.7,-23.1,-15.7
223.98,-10.7,-67.6,-12.2,-24.8,-17.2
223.99,-11.0,-68.5,-12.4,-24.6,-18.3
224.00,-13.1,-68.4,-14.8,-26.4,-18.1
224.01,-13.7,-69.1,-16.3,-26.2,-17.8
224.02,-13.9,-69.0,-17.3,-26.9,-17.5
224.03,-14.1,-69.1,-18.8,-25.8,-16.9
224.04,-14.7,-69.2,-20.4,-26.4,-16.6
224.05,-14.8,-69.3,-22.1,-25.4,-16.8
224.06,-14.5,-69.4,-23.4,-25.5,-16.6
224.07,-14.5,-69.5,-23.7,-25.0,-16.4
224.08,-14.4,-69.5,-23.7,-25.4,-16.0
224.09,-14.3,-69.3,-23.7,-24.8,-15.8
224.10,-14.5,-69.4,-24.0,-25.1,-16.1
224.11,-14.2,-69.3,-25.0,-24.3,-15.7
224.12,-14.4,-69.3,-26.5,-24.8,-15.8
224.13,-14.7,-69.2,-27.4,-24.0,-16.4
224.14,-14.2,-69.4,-27.4,-24.4,-16.0
224.15,-14.5,-69.3,-27.1,-23.8,-15.9
224.16,-14.6,-69.3,-26.5,-24.4,-15.9
224.17,-14.6,-69.3,-26.3,-24.1,-15.9
224.18,-14.6,-69.5,-26.5,-24.6,-15.7
224.19,-14.3,-69.6,-26.8,-24.4,-15.5
224.20,-14.3,-69.6,-27.8,-25.0,-15.3
224.21,-14.1,-69.6,-29.1,-24.4,-15.2
224.22,-14.0,-69.6,-30.2,-24.8,-15.1
224.23,-14.5,-69.7,-31.2,-24.7,-15.4
224.24,-14.5,-69.5,-31.6,-25.2,-15.3
224.25,-14.0,-69.3,-31.8,-24.5,-15.1
224.26,-14.5,-69.2,-31.7,-24.9,-15.4
224.27,-14.0,-69.1,-31.8,-24.1,-15.2
224.28,-14.0,-68.4,-28.9,-24.3,-15.4
224.29,-13.2,-67.8,-21.6,-23.8,-15.8
224.30,-11.6,-67.7,-14.8,-24.5,-16.0
224.31,-10.7,-67.7,-13.3,-24.5,-15.9
224.32,-10.3,-67.8,-12.7,-25.0,-15.9
224.33,-10.0,-69.3,-12.2,-25.7,-15.3
224.34,-10.3,-69.4,-12.7,-26.7,-15.2
224.35,-11.0,-69.6,-14.3,-26.8,-15.4
224.36,-12.1,-69.6,-15.7,-27.2,-15.4
224.37,-12.1,-68.6,-16.7,-26.9,-15.5
224.38,-11.8,-68.2,-17.2,-27.2,-15.3
224.39,-11.3,-68.1,-14.3,-27.3,-15.3
224.40,-10.7,-67.9,-13.4,-27.5,-15.6
224.41,-10.6,-67.9,-12.8,-29.4,-15.8
224.42,-10.3,-69.1,-12.3,-27.5,-15.9
224.43,-11.1,-69.1,-13.7,-26.6,-16.0
224.44,-11.9,-69.0,-15.4,-26.5,-15.9
224.45,-12.0,-69.3,-16.0,-25.5,-16.0
224.46,-12.2,-69.1,-16.0,-25.1,-16.1
224.47,-11.9,-68.8,-16.0,-24.7,-16.2
224.48,-11.4,-68.8,-15.9,-25.0,-15.6
224.49,-11.1,-68.5,-16.0,-24.1,-15.7
224.50,-11.3,-68.5,-16.4,-24.1,-15.5
224.51,-11.8,-68.6,-18.1,-23.7,-15.4
224.52,-11.9,-68.7,-18.8,-23.9,-15.8
224.53,-13.0,-68.8,-19.6,-24.5,-16.2
224.54,-13.2,-68.5,-20.6,-25.5,-16.3
224.55,-13.8,-68.5,-21.2,-27.4,-16.1
224.56,-13.4,-68.3,-22.7,-26.8,-15.5
224.57,-12.4,-68.0,-24.1,-25.1,-14.6
224.58,-12.4,-68.1,-25.2,-25.1,-14.4
224.59,-12.1,-68.1,-26.0,-24.3,-14.1
224.60,-12.0,-68.2,-26.9,-24.0,-13.8
224.61,-12.2,-68.4,-27.1,-24.4,-14.1
224.62,-12.6,-68.5,-27.8,-25.5,-14.2
224.63,-12.2,-67.5,-22.8,-26.2,-14.5
224.64,-11.3,-67.7,-16.7,-26.8,-14.7
224.65,-10.4,-67.8,-13.6,-27.4,-15.1
224.66,-10.1,-67.9,-12.6,-28.6,-15.9
224.67,-9.7,-68.0,-11.9,-28.0,-16.2
224.68,-9.9,-69.2,-11.7,-26.7,-16.2
224.69,-11.3,-69.4,-13.9,-25.3,-16.1
224.70,-11.7,-69.4,-15.2,-24.7,-15.9
224.71,-12.3,-69.7,-16.5,-24.6,-15.9
224.72,-12.9,-69.5,-18.1,-24.4,-16.0
224.73,-13.3,-69.1,-19.8,-24.7,-16.1
224.74,-13.7,-69.3,-20.6,-24.8,-16.3
224.75,-13.9,-69.1,-21.8,-24.7,-16.1
224.76,-13.5,-69.0,-22.0,-24.1,-15.7
224.77,-13.2,-69.1,-21.3,-23.8,-15.4
224.78,-12.9,-69.0,-20.8,-23.3,-15.5
224.79,-13.0,-69.0,-20.8,-23.1,-15.7
224.80,-13.4,-69.2,-20.8,-23.0,-16.1
224.81,-13.6,-69.1,-20.8,-23.0,-16.5
224.82,-13.9,-69.6,-21.1,-23.2,-16.7
224.83,-14.2,-69.6,-21.7,-23.8,-16.7
224.84,-14.1,-69.4,-22.3,-24.6,-16.5
224.85,-13.9,-69.5,-23.1,-25.1,-16.2
224.86,-13.6,-69.3,-24.0,-25.4,-15.7
224.87,-13.4,-69.3,-25.0,-24.9,-15.6
224.88,-13.6,-69.7,-25.8,-23.5,-15.9
224.89,-13.6,-69.8,-26.9,-22.6,-15.7
224.90,-13.8,-70.2,-28.2,-21.8,-15.9
224.91,-13.1,-70.4,-29.3,-20.8,-15.6
224.92,-13.1,-70.3,-30.3,-20.5,-15.4
224.93,-13.0,-70.3,-30.7,-20.8,-14.9
224.94,-13.2,-69.8,-30.9,-21.2,-14.6
224.95,-13.5,-69.6,-31.2,-21.1,-14.8
224.96,-13.0,-69.3,-31.6,-20.9,-14.5
224.97,-12.8,-68.7,-28.8,-21.1,-14.6
224.98,-11.7,-67.8,-19.2,-21.3,-14.8
224.99,-10.6,-67.8,-14.3,-21.5,-15.2
225.00,-10.1,-68.0,-12.8,-21.7,-15.3
225.01,-9.7,-67.9,-12.2,-21.7,-15.2
225.02,-9.4,-69.2,-11.8,-21.9,-15.1
225.03,-9.7,-69.4,-12.5,-22.0,-14.8
225.04,-10.9,-69.3,-14.8,-21.8,-14.8
225.05,-11.2,-68.6,-16.1,-22.0,-15.1
225.06,-12.8,-67.6,-17.5,-22.7,-15.6
225.07,-12.1,-67.6,-17.6,-23.1,-15.3
225.08,-10.7,-67.5,-15.5,-23.0,-15.5
225.09,-10.7,-67.4,-15.1,-22.8,-15.3
225.10,-10.4,-67.8,-14.4,-23.0,-15.0
225.11,-10.1,-68.8,-14.2,-22.2,-14.8
225.12,-10.8,-68.8,-15.6,-22.4,-14.7
225.13,-11.6,-69.2,-17.5,-22.7,-14.7
225.14,-11.9,-69.4,-18.3,-22.2,-14.6
225.15,-11.9,-68.5,-17.6,-22.3,-14.7
225.16,-11.3,-67.9,-16.1,-22.2,-14.8
225.17,-11.0,-67.7,-15.7,-22.1,-14.8
225.18,-11.1,-67.4,-15.3,-22.1,-14.9
225.19,-11.2,-67.7,-15.3,-21.7,-15.1
225.20,-11.4,-67.5,-17.3,-21.7,-15.1
225.21,-11.9,-68.1,-18.0,-21.3,-15.3
225.22,-12.4,-68.2,-19.0,-21.6,-15.3
225.23,-12.7,-68.3,-20.4,-21.5,-15.4
225.24,-12.2,-68.4,-21.5,-21.3,-14.9
225.25,-12.6,-68.7,-22.4,-22.0,-15.0
225.26,-12.4,-68.7,-23.8,-21.7,-14.4
225.27,-12.5,-68.7,-25.7,-21.9,-14.2
225.28,-12.2,-68.8,-26.1,-21.8,-13.9
225.29,-12.2,-68.9,-27.6,-21.7,-13.9
225.30,-12.8,-68.8,-29.2,-21.9,-14.4
225.31,-12.5,-68.6,-30.2,-21.7,-14.4
225.32,-12.1,-67.2,-21.3,-21.8,-15.2
225.33,-11.2,-67.2,-16.4,-22.3,-16.0
225.34,-9.9,-66.9,-13.6,-22.3,-16.4
225.35,-9.9,-66.8,-12.8,-24.3,-16.7
225.36,-9.6,-67.1,-12.1,-25.4,-16.8
225.37,-9.8,-68.2,-12.2,-27.3,-16.5
225.38,-11.5,-68.3,-14.4,-31.8,-15.8
225.39,-12.0,-68.5,-15.7,-31.8,-15.5
225.40,-12.5,-68.3,-16.8,-32.9,-15.2
225.41,-12.8,-68.6,-18.4,-32.1,-14.8
225.42,-13.4,-68.5,-20.2,-32.3,-14.9
225.43,-13.5,-68.8,-21.5,-33.1,-14.8
225.44,-13.4,-69.1,-22.8,-36.1,-14.2
225.45,-13.3,-69.2,-23.3,-39.3,-14.1
225.46,-13.1,-69.7,-22.3,-42.0,-14.1
225.47,-13.1,-69.6,-21.9,-42.2,-14.0
225.48,-13.2,-69.5,-21.9,-42.7,-14.1
225.49,-13.0,-69.6,-21.9,-39.3,-14.2
225.50,-13.0,-69.4,-21.9,-34.4,-14.4
225.51,-13.2,-69.3,-22.5,-32.1,-14.4
225.52,-13.0,-69.6,-23.1,-27.1,-14.6
225.53,-13.1,-69.7,-23.6,-24.4,-15.0
225.54,-13.6,-69.9,-24.6,-22.5,-15.6
225.55,-13.8,-69.9,-25.9,-21.1,-15.6
225.56,-13.6,-69.9,-27.2,-20.2,-15.8
225.57,-13.6,-69.9,-28.2,-20.0,-15.5
225.58,-13.7,-70.0,-30.3,-19.8,-14.9
225.59,-13.7,-69.9,-33.4,-19.5,-14.8
225.60,-13.2,-70.1,-34.5,-19.2,-14.7
225.61,-13.1,-69.8,-37.3,-19.4,-14.6
225.62,-12.8,-70.0,-38.8,-19.2,-14.7
225.63,-12.7,-69.8,-38.0,-19.1,-14.9
225.64,-12.8,-69.4,-36.7,-19.1,-15.1
225.65,-13.1,-69.2,-35.1,-19.2,-15.4
225.66,-12.6,-66.2,-25.3,-19.0,-15.9
225.67,-11.5,-65.8,-17.7,-19.2,-16.2
225.68,-10.6,-65.7,-14.2,-19.6,-16.4
225.69,-10.0,-65.7,-13.0,-19.8,-16.4
225.70,-9.8,-65.9,-12.3,-20.3,-16.6
225.71,-10.4,-68.3,-12.2,-21.1,-16.3
225.72,-10.5,-68.8,-13.0,-22.0,-16.4
225.73,-11.5,-69.0,-14.8,-23.1,-16.5
225.74,-12.6,-69.1,-16.3,-24.1,-16.8
225.75,-12.9,-69.4,-17.4,-23.6,-16.8
225.76,-13.6,-69.6,-19.9,-24.1,-16.5
225.77,-13.7,-69.4,-22.0,-23.3,-16.3
225.78,-13.7,-69.4,-23.6,-22.8,-15.8
225.79,-13.3,-69.3,-23.9,-21.8,-15.7
225.80,-13.3,-69.4,-23.4,-22.7,-15.4
225.81,-13.2,-69.3,-23.3,-21.6,-15.2
225.82,-13.2,-69.2,-23.4,-22.1,-15.4
225.83,-12.7,-69.4,-24.3,-21.3,-15.3
225.84,-12.6,-68.9,-22.5,-21.7,-15.8
225.85,-10.6,-68.9,-14.5,-21.0,-15.9
225.86,-10.3,-68.9,-13.1,-22.0,-15.9
225.87,-9.4,-68.6,-12.2,-21.7,-15.8
225.88,-9.4,-68.9,-11.8,-22.8,-15.9
225.89,-9.5,-68.9,-12.2,-22.4,-15.7
225.90,-10.3,-68.9,-13.8,-22.9,-15.9
225.91,-11.0,-69.1,-14.9,-22.8,-16.2
225.92,-12.1,-69.5,-16.0,-23.4,-16.5
225.93,-12.9,-69.6,-17.6,-22.6,-16.5
225.94,-13.6,-69.6,-19.1,-23.0,-16.6
225.95,-12.9,-69.9,-19.8,-21.8,-16.6
225.96,-12.3,-69.7,-19.4,-21.9,-16.8
225.97,-12.0,-69.7,-18.5,-21.7,-17.0
225.98,-11.8,-69.6,-18.1,-22.1,-16.8
225.99,-11.5,-69.6,-17.0,-22.0,-17.1
226.00,-12.6,-69.5,-18.1,-22.5,-17.4
226.01,-11.6,-69.0,-16.6,-22.3,-17.7
226.02,-10.4,-69.0,-14.7,-22.5,-17.7
226.03,-9.8,-69.0,-12.6,-22.1,-17.5
226.04,-9.4,-68.7,-12.1,-22.3,-16.7
226.05,-9.3,-68.8,-11.8,-22.7,-16.4
226.06,-9.6,-69.3,-11.8,-22.9,-15.8
226.07,-11.2,-69.5,-14.3,-23.7,-15.9
226.08,-11.7,-69.3,-15.6,-23.9,-16.2
226.09,-12.5,-69.3,-16.5,-24.0,-16.2
226.10,-12.6,-69.3,-18.0,-23.7,-16.0
226.11,-13.5,-68.9,-20.1,-23.6,-16.0
226.12,-13.1,-69.0,-20.1,-22.8,-15.9
226.13,-13.6,-68.8,-20.9,-23.7,-16.2
226.14,-13.2,-69.2,-21.3,-23.1,-15.7
226.15,-12.9,-69.3,-21.0,-23.4,-15.3
226.16,-12.3,-69.4,-19.8,-23.2,-15.2
226.17,-12.6,-69.6,-20.6,-23.8,-15.2
226.18,-12.5,-69.7,-21.1,-23.1,-15.1
226.19,-12.7,-69.5,-20.8,-23.9,-15.4
226.20,-13.3,-69.4,-21.6,-24.5,-15.9
226.21,-14.5,-68.7,-22.3,-25.6,-16.9
226.22,-15.3,-68.3,-22.2,-26.9,-18.0
226.23,-16.6,-68.4,-23.1,-29.6,-19.2
226.24,-17.5,-68.3,-23.7,-30.5,-20.2
226.25,-17.8,-69.0,-23.6,-32.5,-20.9
226.26,-18.8,-69.4,-23.9,-35.1,-21.8
226.27,-19.4,-70.0,-24.7,-37.0,-22.6
226.28,-19.6,-70.4,-24.2,-40.4,-23.8
226.29,-19.4,-70.8,-24.5,-43.7,-23.6
226.30,-20.2,-71.0,-25.2,-42.0,-23.9
226.31,-20.4,-70.9,-25.3,-40.2,-24.0
226.32,-20.3,-70.9,-25.6,-34.0,-24.2
226.33,-20.1,-70.7,-25.6,-32.8,-24.3
226.34,-20.4,-70.7,-26.4,-30.9,-24.9
226.35,-20.7,-70.7,-27.0,-31.0,-25.2
226.36,-21.1,-70.7,-28.0,-29.6,-25.5
226.37,-21.5,-70.4,-28.4,-31.0,-25.3
226.38,-21.5,-70.4,-28.0,-29.7,-25.8
226.39,-21.6,-70.2,-27.3,-30.7,-26.3
226.40,-21.8,-70.3,-27.2,-29.4,-27.3
226.41,-22.0,-70.3,-26.4,-30.7,-28.1
226.42,-22.1,-70.3,-26.4,-29.8,-29.0
226.43,-22.4,-70.3,-26.9,-29.9,-29.5
226.44,-22.9,-70.3,-27.5,-29.7,-29.9
226.45,-23.2,-70.5,-28.1,-29.6,-30.0
226.46,-23.3,-70.4,-27.9,-30.3,-29.9
226.47,-23.0,-70.4,-28.6,-29.2,-29.9
226.48,-23.3,-70.1,-28.6,-30.4,-29.8
226.49,-23.1,-70.2,-28.3,-29.2,-29.8
226.50,-23.5,-70.3,-28.8,-30.1,-30.0
226.51,-23.7,-70.1,-29.1,-29.2,-30.4
226.52,-23.5,-68.6,-28.6,-30.0,-29.9
226.53,-17.7,-67.0,-22.1,-29.6,-23.4
226.54,-12.3,-66.7,-14.5,-30.1,-19.9
226.55,-10.8,-66.5,-12.9,-30.1,-17.4
226.56,-9.6,-66.3,-12.3,-27.5,-15.7
226.57,-9.3,-67.7,-11.9,-28.5,-15.0
226.58,-9.5,-68.6,-12.4,-25.7,-14.7
226.59,-10.4,-68.6,-14.0,-24.6,-14.9
226.60,-11.1,-68.4,-15.2,-25.5,-15.6
226.61,-11.4,-68.7,-16.3,-23.9,-15.4
226.62,-12.1,-68.8,-18.6,-23.4,-15.2
226.63,-11.9,-69.2,-19.7,-23.9,-15.2
226.64,-12.4,-69.2,-21.8,-23.0,-15.0
226.65,-12.6,-69.2,-23.8,-22.3,-15.1
226.66,-12.9,-69.4,-24.4,-22.9,-14.9
226.67,-13.0,-69.4,-26.0,-22.9,-14.7
226.68,-12.9,-69.3,-26.6,-23.5,-14.4
226.69,-12.5,-69.5,-26.1,-23.8,-14.0
226.70,-12.7,-69.4,-25.5,-25.4,-13.9
226.71,-12.5,-69.2,-25.5,-26.0,-13.6
226.72,-12.5,-69.1,-25.7,-26.2,-13.6
226.73,-12.5,-68.9,-26.5,-27.9,-13.5
226.74,-12.7,-68.7,-27.5,-28.2,-13.6
226.75,-12.9,-68.7,-27.0,-28.4,-13.9
226.76,-13.1,-68.9,-26.7,-28.4,-14.1
226.77,-13.3,-69.2,-26.2,-28.1,-14.4
226.78,-13.1,-69.0,-25.8,-25.4,-14.5
226.79,-13.1,-69.0,-25.3,-25.1,-14.5
226.80,-12.7,-68.9,-26.0,-23.5,-14.5
226.81,-12.8,-68.9,-26.4,-23.5,-14.8
226.82,-12.7,-69.2,-27.2,-23.2,-14.8
226.83,-13.1,-69.0,-27.9,-24.6,-14.9
226.84,-13.1,-69.0,-29.1,-24.7,-14.7
226.85,-13.2,-69.0,-28.4,-25.0,-14.4
226.86,-13.1,-68.9,-26.8,-25.1,-14.4
226.87,-12.8,-68.7,-24.7,-24.6,-14.5
226.88,-12.9,-68.5,-24.0,-23.8,-14.8
226.89,-12.8,-68.5,-23.5,-23.8,-14.8
226.90,-12.3,-68.5,-23.3,-23.9,-14.6
226.91,-12.4,-68.4,-23.3,-23.9,-14.6
226.92,-12.7,-68.5,-24.1,-24.4,-14.5
226.93,-12.9,-69.1,-24.3,-24.7,-14.8
226.94,-12.9,-68.9,-24.8,-24.6,-14.8
226.95,-13.0,-68.9,-25.2,-25.0,-14.7
226.96,-13.1,-69.1,-26.1,-25.5,-14.6
226.97,-13.1,-69.3,-26.8,-25.3,-14.6
226.98,-13.0,-69.4,-26.9,-24.6,-14.5
226.99,-12.9,-69.2,-26.6,-24.6,-14.5
227.00,-12.6,-69.0,-26.8,-24.2,-14.3
227.01,-12.8,-68.9,-26.8,-24.6,-14.3
227.02,-12.6,-69.2,-26.6,-23.8,-14.4
227.03,-12.7,-69.4,-27.1,-23.5,-14.5
227.04,-12.6,-69.4,-26.6,-22.4,-14.7
227.05,-12.2,-69.5,-26.0,-21.3,-14.6
227.06,-12.2,-69.6,-25.3,-21.1,-14.7
227.07,-12.2,-69.7,-25.6,-20.6,-14.5
227.08,-12.2,-69.6,-26.0,-20.8,-14.4
227.09,-12.3,-69.8,-25.9,-20.4,-14.6
227.10,-12.4,-69.8,-26.2,-20.6,-14.7
227.11,-12.6,-69.6,-26.7,-20.4,-15.0
227.12,-12.6,-69.4,-27.1,-20.1,-15.3
227.13,-12.8,-69.5,-28.4,-20.2,-15.6
227.14,-13.2,-69.5,-30.0,-20.2,-16.0
227.15,-13.4,-69.7,-30.9,-20.4,-16.1
227.16,-13.2,-69.6,-30.5,-20.5,-16.0
227.17,-13.3,-69.5,-29.7,-20.7,-16.0
227.18,-13.5,-69.3,-29.1,-21.1,-16.1
227.19,-13.5,-69.1,-28.7,-21.1,-16.2
227.20,-13.4,-69.0,-28.6,-21.2,-16.1
227.21,-13.5,-69.0,-28.8,-21.3,-16.1
227.22,-13.4,-69.2,-29.1,-20.9,-16.1
227.23,-13.6,-69.4,-29.6,-20.9,-16.4
227.24,-13.8,-69.4,-30.0,-20.3,-16.7
227.25,-14.1,-69.6,-30.6,-20.2,-17.2
227.26,-14.2,-69.6,-31.6,-20.1,-17.3
227.27,-14.2,-69.8,-31.9,-20.0,-17.2
227.28,-14.0,-69.5,-32.1,-20.2,-17.0
227.29,-13.8,-69.7,-32.6,-20.1,-16.8
227.30,-13.7,-69.7,-32.8,-20.3,-16.5
227.31,-13.7,-69.6,-33.1,-20.2,-16.5
227.32,-13.5,-69.5,-32.7,-20.2,-16.2
227.33,-13.6,-69.8,-31.9,-20.2,-16.0
227.34,-13.3,-69.7,-31.4,-19.9,-16.0
227.35,-13.4,-69.8,-31.0,-20.0,-16.2
227.36,-13.4,-69.9,-30.7,-20.0,-16.3
227.37,-13.6,-69.9,-31.2,-19.9,-16.5
227.38,-13.7,-69.9,-31.1,-20.1,-16.6
227.39,-13.7,-70.0,-30.8,-19.8,-16.7
227.40,-13.8,-69.9,-30.4,-20.1,-16.8
227.41,-13.8,-69.6,-30.6,-20.0,-16.7
227.42,-14.0,-69.8,-31.0,-20.3,-16.7
227.43,-13.5,-69.7,-32.0,-20.1,-16.4
227.44,-13.4,-69.6,-32.4,-20.1,-16.3
227.45,-13.7,-69.7,-32.3,-20.3,-16.4
227.46,-13.6,-69.5,-31.7,-20.1,-16.3
227.47,-13.6,-69.5,-31.1,-20.1,-16.3
227.48,-13.7,-69.8,-31.1,-20.1,-16.3
227.49,-13.8,-69.7,-31.5,-20.2,-16.4
227.50,-13.9,-69.6,-32.2,-20.5,-16.2
227.51,-14.2,-69.5,-33.3,-20.3,-16.7
227.52,-14.5,-69.5,-34.6,-20.8,-16.5
227.53,-14.3,-69.5,-35.6,-20.7,-16.6
227.54,-14.3,-69.3,-36.6,-20.9,-16.3
227.55,-14.2,-69.4,-36.9,-21.0,-16.2
227.56,-14.0,-69.4,-36.7,-20.5,-16.1
227.57,-14.2,-69.4,-36.4,-20.8,-16.2
227.58,-14.2,-69.2,-36.2,-20.6,-16.3
227.59,-14.4,-69.4,-36.2,-20.6,-16.6
227.60,-14.3,-69.3,-36.7,-20.6,-16.6
227.61,-14.3,-69.4,-37.5,-20.4,-16.5
227.62,-14.0,-69.4,-38.0,-20.3,-16.2
227.63,-13.8,-69.5,-37.7,-20.2,-15.9
227.64,-13.6,-69.7,-37.2,-20.2,-15.7
227.65,-13.4,-69.7,-36.7,-20.1,-15.7
227.66,-13.3,-69.8,-35.4,-20.0,-15.6
227.67,-13.6,-69.8,-34.3,-20.2,-15.7
227.68,-13.2,-69.6,-33.6,-20.1,-15.6
227.69,-13.5,-69.9,-33.3,-20.3,-15.8
227.70,-13.3,-69.8,-33.8,-20.3,-15.6
227.71,-13.4,-69.8,-35.0,-20.4,-15.6
227.72,-13.5,-69.6,-36.6,-20.4,-15.8
227.73,-13.3,-69.7,-38.6,-20.1,-15.6
227.74,-13.7,-69.6,-40.6,-20.5,-15.8
227.75,-13.6,-69.6,-40.5,-20.2,-15.7
227.76,-13.6,-69.6,-38.8,-20.4,-15.7
227.77,-13.8,-69.6,-37.9,-20.4,-15.8
227.78,-13.8,-69.6,-36.4,-20.4,-15.9
227.79,-13.6,-69.6,-34.8,-20.4,-15.8
227.80,-13.6,-69.7,-33.2,-20.4,-15.7
227.81,-13.7,-69.8,-32.6,-20.4,-15.6
227.82,-13.8,-69.9,-32.5,-20.4,-15.8
227.83,-13.5,-69.7,-33.0,-20.4,-15.5
227.84,-13.5,-69.7,-34.3,-20.8,-15.2
227.85,-13.4,-69.6,-35.7,-20.6,-15.2
227.86,-13.4,-69.5,-37.2,-20.9,-14.9
227.87,-13.4,-69.6,-38.3,-20.7,-15.0
227.88,-13.5,-69.7,-37.6,-20.7,-15.1
227.89,-13.4,-69.8,-35.9,-20.6,-15.1
227.90,-13.3,-70.0,-33.9,-20.2,-15.3
227.91,-13.6,-70.1,-32.9,-20.6,-15.4
227.92,-13.3,-70.0,-32.5,-20.4,-15.3
227.93,-13.5,-70.0,-32.9,-20.5,-15.4
227.94,-13.7,-70.2,-34.1,-20.5,-15.3
227.95,-13.8,-70.2,-35.2,-20.6,-15.3
227.96,-13.6,-70.2,-36.4,-20.7,-15.2
227.97,-13.8,-70.2,-36.8,-20.6,-15.5
227.98,-13.9,-70.1,-36.6,-20.7,-15.5
227.99,-13.9,-70.1,-36.5,-20.7,-15.5
228.00,-13.7,-70.0,-35.4,-20.7,-15.2
228.01,-13.9,-69.8,-34.3,-20.7,-15.2
228.02,-13.9,-69.8,-33.1,-20.6,-15.5
228.03,-14.0,-69.7,-32.6,-20.8,-15.6
228.04,-13.9,-69.8,-32.8,-20.7,-15.5
228.05,-13.9,-69.8,-33.7,-20.9,-15.5
228.06,-14.0,-69.8,-34.8,-21.0,-15.6
228.07,-14.0,-69.8,-36.3,-20.8,-15.5
228.08,-14.3,-69.9,-38.0,-21.1,-15.5
228.09,-14.0,-69.7,-39.1,-20.6,-15.4
228.10,-14.2,-69.8,-40.1,-20.8,-15.5
228.11,-14.1,-69.9,-40.8,-20.6,-15.8
228.12,-13.9,-69.8,-40.8,-20.5,-15.5
228.13,-13.7,-69.8,-40.6,-20.6,-15.3
228.14,-13.5,-69.9,-39.9,-20.5,-15.1
228.15,-13.3,-70.1,-39.2,-20.5,-14.9
228.16,-13.2,-70.2,-38.5,-20.6,-14.6
228.17,-12.9,-70.3,-37.7,-20.5,-14.3
228.18,-12.8,-70.1,-36.8,-20.7,-14.1
228.19,-13.1,-70.1,-36.5,-20.4,-14.5
228.20,-13.1,-70.0,-36.3,-20.7,-14.4
228.21,-13.3,-70.0,-36.5,-20.4,-14.5
228.22,-13.5,-70.0,-37.5,-20.5,-14.8
228.23,-13.6,-70.0,-39.0,-20.3,-15.0
228.24,-13.8,-70.0,-40.8,-20.2,-15.1
228.25,-14.2,-69.9,-43.0,-20.5,-15.4
228.26,-14.0,-69.9,-44.6,-20.2,-15.6
228.27,-14.0,-70.0,-45.4,-20.3,-15.5
228.28,-13.7,-70.1,-46.2,-20.3,-15.4
228.29,-13.7,-70.1,-46.6,-20.4,-15.4
228.30,-13.6,-70.2,-47.5,-20.4,-15.5
228.31,-13.5,-70.2,-48.0,-20.5,-15.5
228.32,-13.4,-70.2,-48.3,-20.6,-15.2
228.33,-13.2,-70.1,-48.4,-20.6,-14.9
228.34,-13.1,-70.1,-48.9,-20.5,-14.7
228.35,-12.9,-69.9,-48.7,-20.6,-14.5
228.36,-12.7,-70.0,-48.5,-20.3,-14.3
228.37,-12.9,-69.9,-48.4,-20.7,-14.2
228.38,-12.6,-69.9,-48.4,-20.4,-14.1
228.39,-12.6,-69.8,-48.5,-20.5,-14.1
228.40,-12.6,-70.0,-48.6,-20.5,-14.2
228.41,-12.9,-70.0,-47.0,-20.5,-14.6
228.42,-13.0,-69.8,-45.7,-20.8,-14.6
228.43,-13.0,-69.8,-45.1,-20.6,-14.7
228.44,-13.1,-69.9,-44.8,-20.8,-14.7
228.45,-13.1,-69.8,-45.2,-20.7,-14.6
228.46,-13.3,-69.8,-46.4,-20.7,-14.9
228.47,-13.5,-69.9,-48.0,-20.9,-15.1
228.48,-13.2,-70.0,-49.9,-20.9,-14.8
228.49,-13.3,-70.0,-50.9,-20.9,-15.0
228.50,-13.4,-69.9,-50.9,-20.9,-15.0
228.51,-13.4,-69.9,-50.5,-20.8,-15.0
228.52,-13.1,-70.0,-50.4,-21.0,-14.8
228.53,-13.0,-70.0,-50.5,-20.6,-14.6
228.54,-13.0,-70.0,-51.4,-21.1,-14.5
228.55,-13.2,-69.8,-52.0,-20.8,-14.8
228.56,-13.1,-70.0,-52.2,-20.9,-14.8
228.57,-13.4,-69.9,-52.6,-20.8,-15.0
228.58,-13.6,-69.9,-52.6,-20.8,-15.4
228.59,-13.7,-69.8,-52.7,-20.8,-15.4
228.60,-13.7,-69.8,-52.0,-20.6,-15.5
228.61,-13.8,-70.1,-51.3,-20.6,-15.8
228.62,-13.9,-70.1,-50.4,-20.5,-15.9
228.63,-14.0,-70.0,-49.7,-20.5,-16.0
228.64,-13.8,-70.0,-49.5,-20.6,-15.7
228.65,-13.6,-69.9,-48.8,-20.6,-15.4
228.66,-13.5,-69.9,-48.4,-20.9,-15.1
228.67,-13.7,-69.8,-47.9,-21.0,-15.1
228.68,-13.6,-69.9,-47.4,-20.9,-14.9
228.69,-13.3,-69.8,-46.8,-21.1,-14.8
228.70,-13.5,-70.0,-46.7,-20.8,-14.9
228.71,-13.6,-70.0,-46.4,-21.1,-14.8
228.72,-13.6,-70.0,-46.4,-20.8,-15.0
228.73,-13.8,-70.3,-46.5,-20.8,-15.3
228.74,-14.1,-70.3,-46.8,-20.7,-15.5
228.75,-14.3,-70.2,-46.7,-20.6,-15.9
228.76,-14.6,-70.3,-46.8,-20.6,-16.3
228.77,-14.4,-70.3,-46.7,-20.6,-16.1
228.78,-14.2,-70.4,-46.9,-20.6,-16.0
228.79,-14.2,-70.4,-46.7,-20.7,-15.9
228.80,-14.1,-70.2,-46.6,-20.7,-15.9
228.81,-13.9,-70.1,-46.8,-20.9,-15.6
228.82,-13.6,-70.2,-46.6,-20.8,-15.4
228.83,-13.5,-70.0,-46.7,-21.2,-15.3
228.84,-13.6,-70.1,-46.8,-21.2,-15.2
228.85,-13.5,-70.0,-47.3,-21.1,-15.3
228.86,-13.6,-69.9,-47.8,-21.3,-15.3
228.87,-13.6,-69.9,-48.1,-21.0,-15.3
228.88,-13.7,-70.0,-48.2,-21.3,-15.3
228.89,-13.7,-70.1,-48.2,-20.8,-15.3
228.90,-13.3,-70.2,-47.7,-20.9,-14.9
228.91,-13.3,-70.1,-47.8,-20.9,-14.8
228.92,-13.1,-70.1,-48.0,-20.9,-14.6
228.93,-13.1,-70.1,-48.5,-21.0,-14.6
228.94,-13.2,-70.1,-49.6,-21.1,-14.7
228.95,-13.1,-70.0,-51.0,-21.1,-14.6
228.96,-13.1,-69.9,-52.1,-21.3,-14.6
228.97,-13.3,-70.0,-53.3,-21.2,-14.9
228.98,-13.5,-69.9,-54.6,-21.3,-15.0
228.99,-13.5,-69.9,-55.3,-21.2,-15.0
229.00,-13.4,-69.8,-56.1,-21.6,-14.8
229.01,-13.5,-69.9,-57.5,-21.4,-14.9
229.02,-13.2,-69.8,-58.2,-21.4,-14.5
229.03,-13.1,-69.9,-59.5,-21.5,-14.4
229.04,-13.1,-69.9,-60.8,-21.2,-14.5
229.05,-13.2,-70.0,-61.0,-21.6,-14.5
229.06,-12.9,-69.7,-60.5,-21.3,-14.5
229.07,-13.2,-70.0,-60.7,-21.6,-14.6
229.08,-13.3,-69.9,-60.4,-21.7,-14.9
229.09,-13.5,-69.9,-60.3,-21.5,-15.1
229.10,-13.7,-70.1,-60.5,-21.5,-15.2
229.11,-13.9,-70.1,-61.1,-21.4,-15.4
229.12,-13.6,-70.1,-61.6,-21.3,-15.2
229.13,-13.7,-70.2,-62.9,-21.2,-15.1
229.14,-13.7,-70.3,-63.2,-21.2,-15.1
229.15,-13.8,-70.4,-63.8,-21.2,-15.2
229.16,-13.9,-70.3,-63.9,-21.2,-15.3
229.17,-13.9,-70.1,-64.2,-21.5,-15.2
229.18,-13.8,-69.9,-64.0,-21.4,-15.1
229.19,-13.9,-69.9,-64.0,-21.6,-15.1
229.20,-13.5,-69.9,-63.6,-21.9,-14.9
229.21,-13.4,-69.6,-64.1,-21.8,-14.8
229.22,-13.4,-69.6,-63.9,-22.2,-14.6
229.23,-13.2,-69.7,-64.4,-21.8,-14.6
229.24,-13.6,-69.6,-65.1,-22.1,-15.0
229.25,-13.9,-69.7,-65.4,-21.9,-15.4
229.26,-14.0,-69.8,-65.3,-21.7,-15.5
229.27,-14.3,-69.8,-65.7,-21.8,-15.7
229.28,-14.1,-69.9,-65.6,-21.6,-15.6
229.29,-14.3,-70.1,-65.9,-21.8,-15.7
229.30,-14.9,-70.0,-66.3,-22.1,-16.4
229.31,-15.4,-70.2,-66.6,-22.3,-17.0
229.32,-16.7,-70.2,-67.8,-24.3,-18.1
229.33,-18.1,-70.4,-68.5,-25.6,-19.4
229.34,-19.9,-70.0,-68.5,-28.4,-20.8
229.35,-20.4,-69.1,-69.0,-39.1,-20.6
229.36,-20.5,-68.5,-69.5,-43.2,-20.6
229.37,-20.6,-67.9,-69.7,-50.4,-20.7
229.38,-20.8,-66.4,-69.8,-60.8,-20.8
229.39,-20.7,-65.8,-70.0,-66.8,-20.7
229.40,-20.9,-66.0,-70.2,-66.9,-21.0
229.41,-20.6,-66.2,-70.4,-67.6,-20.7
229.42,-20.7,-66.0,-70.6,-67.5,-20.7
229.43,-20.4,-68.1,-71.1,-68.7,-20.4
229.44,-20.5,-67.9,-70.9,-69.0,-20.5
229.45,-20.4,-68.0,-71.2,-69.1,-20.4
229.46,-20.8,-68.8,-71.7,-68.7,-20.8
229.47,-20.9,-68.8,-71.4,-68.6,-21.0
229.48,-21.1,-70.0,-72.0,-68.4,-21.2
229.49,-21.5,-69.3,-71.2,-66.7,-21.5
229.50,-21.9,-69.3,-70.9,-65.9,-21.9
229.51,-21.8,-69.4,-70.4,-66.0,-21.9
229.52,-22.1,-69.7,-70.3,-66.4,-22.2
229.53,-22.2,-70.4,-70.9,-67.3,-22.2
229.54,-22.6,-70.2,-71.0,-67.4,-22.6
229.55,-23.1,-70.5,-71.7,-67.0,-23.1
229.56,-23.7,-70.5,-71.5,-65.9,-23.7
229.57,-25.2,-70.6,-71.3,-65.7,-25.3
229.58,-25.4,-70.3,-70.3,-61.4,-25.5
229.59,-25.4,-70.5,-70.2,-61.2,-25.4
229.60,-24.8,-70.6,-69.9,-60.6,-24.9
229.61,-24.2,-70.6,-69.9,-60.5,-24.3
229.62,-23.3,-70.6,-70.1,-60.7,-23.3
229.63,-22.6,-70.7,-70.4,-63.7,-22.6
229.64,-22.7,-70.7,-70.6,-64.2,-22.7
229.65,-22.8,-70.7,-71.1,-67.7,-22.8
229.66,-23.2,-70.8,-71.5,-67.3,-23.2
229.67,-24.0,-70.6,-71.4,-66.3,-24.0
229.68,-25.0,-70.9,-71.9,-64.5,-25.0
229.69,-25.8,-71.0,-71.2,-63.5,-25.8
229.70,-26.5,-70.7,-70.8,-59.8,-26.6
229.71,-27.2,-70.7,-70.6,-59.3,-27.3
229.72,-27.8,-70.7,-71.2,-58.2,-28.0
229.73,-28.5,-70.6,-70.5,-57.9,-28.6
229.74,-30.7,-70.8,-71.1,-58.5,-30.8
229.75,-31.0,-71.0,-71.4,-60.3,-31.1
229.76,-32.6,-70.9,-70.9,-60.4,-32.8
229.77,-33.3,-70.8,-71.1,-64.0,-33.5
229.78,-33.7,-70.8,-71.1,-65.3,-33.8
229.79,-34.0,-70.8,-71.5,-66.9,-34.1
229.80,-34.2,-70.9,-71.6,-67.2,-34.3
229.81,-34.5,-70.9,-71.8,-68.6,-34.6
229.82,-35.2,-70.9,-71.8,-69.4,-35.2
229.83,-35.6,-70.9,-71.9,-69.5,-35.7
229.84,-35.6,-70.9,-71.7,-69.1,-35.7
229.85,-36.2,-70.9,-71.8,-69.7,-36.2
229.86,-36.2,-70.8,-71.9,-69.6,-36.3
229.87,-36.3,-70.8,-71.9,-69.1,-36.4
229.88,-36.6,-70.8,-71.9,-68.9,-36.7
229.89,-37.8,-70.8,-72.0,-69.0,-37.8
229.90,-38.0,-70.8,-72.1,-68.9,-38.2
229.91,-38.6,-70.8,-72.1,-68.6,-38.7
229.92,-39.2,-70.8,-72.2,-68.8,-39.3
229.93,-39.4,-70.8,-72.3,-69.1,-39.5
229.94,-39.8,-70.8,-72.2,-69.0,-39.9
229.95,-39.9,-70.8,-72.2,-68.7,-40.1
229.96,-39.9,-70.8,-72.3,-69.4,-40.1
229.97,-40.6,-70.8,-72.2,-69.5,-40.7
229.98,-39.9,-70.8,-72.3,-69.5,-40.0
229.99,-40.0,-70.8,-72.3,-69.5,-40.2
230.00,-39.9,-70.9,-72.3,-69.6,-40.1
230.01,-39.8,-70.9,-72.4,-69.6,-39.9
230.02,-40.1,-70.9,-72.4,-69.6,-40.2
230.03,-40.5,-70.9,-72.4,-69.8,-40.6
230.04,-40.6,-70.9,-72.4,-70.1,-40.7
230.05,-40.9,-70.9,-72.5,-70.9,-41.0
230.06,-41.3,-70.9,-72.4,-71.1,-41.5
230.07,-41.9,-70.9,-72.3,-71.2,-42.0
230.08,-42.7,-70.9,-72.4,-71.1,-42.8
230.09,-43.5,-70.9,-72.4,-71.2,-43.6
230.10,-43.7,-70.9,-72.4,-70.5,-43.9
230.11,-43.9,-70.9,-72.5,-70.8,-44.1
230.12,-43.7,-70.9,-72.5,-70.5,-43.9
230.13,-44.0,-70.9,-72.5,-70.5,-44.2
230.14,-43.6,-70.9,-72.5,-70.0,-43.9
230.15,-43.6,-70.9,-72.5,-70.2,-43.9
230.16,-43.9,-70.9,-72.5,-70.2,-44.1
230.17,-44.6,-70.9,-72.5,-70.5,-44.9
230.18,-45.5,-70.9,-72.5,-70.2,-45.9
230.19,-46.0,-70.9,-72.5,-70.4,-46.4
230.20,-46.3,-70.9,-72.4,-70.6,-46.7
230.21,-46.4,-70.9,-72.5,-71.5,-46.7
230.22,-46.5,-70.9,-72.4,-72.2,-46.7
230.23,-46.1,-70.9,-72.4,-72.1,-46.4
230.24,-46.1,-70.9,-72.5,-72.4,-46.3
230.25,-46.0,-70.9,-72.4,-72.8,-46.3
230.26,-46.1,-70.9,-72.5,-73.1,-46.3
230.27,-46.1,-70.9,-72.5,-73.2,-46.3
230.28,-46.7,-70.9,-72.4,-73.0,-46.9
230.29,-46.7,-70.9,-72.4,-73.0,-46.9
230.30,-47.0,-70.9,-72.5,-73.1,-47.2
230.31,-47.2,-70.9,-72.4,-73.1,-47.4
230.32,-47.4,-70.9,-72.5,-73.0,-47.6
230.33,-47.2,-70.9,-72.5,-73.0,-47.5
230.34,-47.4,-70.9,-72.5,-73.1,-47.6
230.35,-47.5,-70.9,-72.5,-73.1,-47.7
230.36,-47.7,-70.9,-72.5,-73.0,-48.0
230.37,-47.9,-70.9,-72.5,-73.0,-48.2
230.38,-48.3,-70.9,-72.6,-73.0,-48.6
230.39,-48.4,-70.9,-72.6,-73.1,-48.7
230.40,-48.1,-70.9,-72.6,-73.0,-48.4
230.41,-48.2,-70.9,-72.6,-73.0,-48.5
230.42,-48.4,-70.9,-72.6,-73.0,-48.8
230.43,-48.6,-70.9,-72.6,-73.1,-48.9
230.44,-48.4,-70.9,-72.6,-73.1,-48.8
230.45,-48.9,-70.9,-72.6,-73.1,-49.4
230.46,-49.3,-70.9,-72.6,-73.2,-49.7
230.47,-49.8,-70.9,-72.5,-73.1,-50.2
230.48,-50.2,-70.9,-72.5,-73.2,-50.8
230.49,-50.6,-71.0,-72.4,-73.2,-51.1
230.50,-50.8,-70.9,-72.4,-73.3,-51.5
230.51,-51.1,-70.9,-72.4,-73.4,-51.8
230.52,-51.5,-70.9,-72.3,-73.3,-52.2
230.53,-51.8,-70.9,-72.3,-73.3,-52.6
230.54,-51.9,-70.9,-72.3,-73.3,-52.7
230.55,-52.5,-71.0,-72.3,-73.3,-53.4
230.56,-52.8,-71.0,-72.3,-73.3,-53.7
230.57,-52.8,-71.0,-72.3,-73.3,-53.8
230.58,-52.9,-71.0,-72.2,-73.3,-53.9
230.59,-53.0,-71.0,-72.2,-73.2,-54.1
230.60,-53.2,-71.0,-72.2,-73.2,-54.3
230.61,-53.2,-71.0,-72.2,-73.3,-54.5
230.62,-53.6,-71.0,-72.2,-73.3,-54.8
230.63,-53.7,-71.0,-72.2,-73.2,-55.1
230.64,-54.0,-71.0,-72.2,-73.3,-55.4
230.65,-54.6,-71.0,-72.3,-73.3,-56.1
230.66,-54.6,-71.0,-72.3,-73.3,-56.2
230.67,-54.6,-70.9,-72.2,-73.2,-56.3
230.68,-54.9,-71.0,-72.3,-73.3,-56.5
230.69,-54.9,-71.0,-72.3,-73.3,-56.6
230.70,-54.9,-71.0,-72.3,-73.3,-56.8
230.71,-55.2,-71.0,-72.3,-73.3,-56.9
230.72,-55.1,-71.0,-72.3,-73.3,-56.9
230.73,-55.2,-71.0,-72.4,-73.4,-57.1
230.74,-55.6,-71.0,-72.4,-73.5,-57.4
230.75,-55.8,-71.0,-72.4,-73.5,-57.8
230.76,-55.8,-71.0,-72.3,-73.4,-58.1
230.77,-56.3,-71.0,-72.3,-73.5,-58.6
230.78,-56.3,-71.0,-72.3,-73.5,-58.8
230.79,-56.5,-71.0,-72.3,-73.5,-59.2
230.80,-56.8,-71.0,-72.3,-73.5,-59.6
230.81,-57.0,-71.0,-72.3,-73.4,-60.0
230.82,-56.9,-71.0,-72.3,-73.4,-60.2
230.83,-56.9,-71.0,-72.3,-73.4,-59.9
230.84,-56.9,-71.0,-72.3,-73.3,-60.0
230.85,-57.0,-71.0,-72.3,-73.3,-60.2
230.86,-57.1,-71.0,-72.3,-73.4,-60.3
230.87,-57.4,-71.0,-72.4,-73.4,-60.8
230.88,-57.3,-71.0,-72.3,-73.3,-60.9
230.89,-57.5,-71.0,-72.3,-73.3,-61.1
230.90,-57.9,-71.0,-72.4,-73.4,-61.8
230.91,-57.6,-71.0,-72.3,-73.4,-61.4
230.92,-57.7,-71.0,-72.4,-73.4,-61.5
230.93,-57.9,-71.0,-72.3,-73.4,-61.9
230.94,-57.7,-71.0,-72.3,-73.4,-61.5
230.95,-57.7,-71.0,-72.3,-73.5,-61.6
230.96,-57.9,-71.0,-72.3,-73.5,-61.8
230.97,-57.7,-71.0,-72.3,-73.5,-61.5
230.98,-57.7,-71.0,-72.3,-73.5,-61.6
230.99,-58.1,-71.0,-72.3,-73.5,-62.3
231.00,-57.9,-71.0,-72.3,-73.4,-62.1
231.01,-58.1,-71.0,-72.3,-73.4,-62.4
231.02,-58.2,-71.0,-72.3,-73.4,-62.7
231.03,-58.2,-71.0,-72.4,-73.4,-63.0
231.04,-58.4,-71.0,-72.4,-73.4,-63.6
231.05,-58.7,-71.0,-72.4,-73.4,-63.9
231.06,-58.5,-71.0,-72.3,-73.4,-64.0
231.07,-58.6,-71.0,-72.3,-73.4,-64.1
231.08,-58.8,-71.0,-72.3,-73.4,-64.5
231.09,-58.7,-71.0,-72.3,-73.4,-64.4
231.10,-58.6,-71.0,-72.3,-73.3,-64.3
231.11,-58.7,-71.0,-72.3,-73.3,-64.4
231.12,-58.6,-71.0,-72.3,-73.3,-64.3
231.13,-58.6,-71.0,-72.3,-73.3,-64.3
231.14,-58.9,-71.0,-72.3,-73.4,-64.9
231.15,-58.7,-71.0,-72.3,-73.4,-64.6
231.16,-58.8,-71.0,-72.3,-73.4,-64.8
231.17,-58.9,-71.0,-72.3,-73.4,-65.2
231.18,-58.8,-71.0,-72.3,-73.4,-64.8
231.19,-58.8,-71.0,-72.3,-73.4,-64.9
231.20,-58.8,-71.0,-72.3,-73.4,-64.8
231.21,-58.9,-71.0,-72.3,-73.5,-64.8
231.22,-58.9,-71.0,-72.3,-73.5,-65.0
231.23,-58.9,-71.0,-72.3,-73.5,-65.5
231.24,-59.1,-71.0,-72.3,-73.5,-65.8
231.25,-59.1,-71.0,-72.3,-73.5,-66.2
231.26,-59.2,-71.0,-72.3,-73.5,-66.4
231.27,-59.3,-71.0,-72.3,-73.5,-66.6
231.28,-59.2,-71.0,-72.3,-73.5,-66.7
231.29,-59.2,-71.0,-72.3,-73.5,-66.8
231.30,-59.4,-71.0,-72.3,-73.4,-67.2
231.31,-59.3,-71.0,-72.3,-73.4,-67.1
231.32,-59.2,-71.0,-72.3,-73.4,-67.0
231.33,-59.4,-71.0,-72.3,-73.4,-67.3
231.34,-59.2,-71.0,-72.3,-73.4,-67.1
231.35,-59.3,-71.0,-72.3,-73.4,-67.3
231.36,-59.4,-71.0,-72.3,-73.4,-67.5
231.37,-59.3,-71.0,-72.3,-73.4,-67.3
231.38,-59.4,-71.0,-72.3,-73.4,-67.6
231.39,-59.4,-71.0,-72.3,-73.4,-67.6
231.40,-59.4,-71.0,-72.3,-73.5,-67.6
231.41,-59.4,-71.0,-72.3,-73.5,-67.6
231.42,-59.4,-71.0,-72.3,-73.5,-67.7
231.43,-59.4,-71.0,-72.3,-73.5,-67.8
231.44,-59.4,-71.0,-72.3,-73.5,-67.9
231.45,-59.5,-71.0,-72.3,-73.5,-68.1
231.46,-59.5,-71.0,-72.3,-73.4,-68.4
231.47,-59.5,-71.0,-72.3,-73.4,-68.5
231.48,-59.6,-71.0,-72.3,-73.4,-68.7
231.49,-59.5,-71.0,-72.3,-73.4,-68.7
231.50,-59.5,-71.0,-72.3,-73.4,-68.8
231.51,-59.6,-71.0,-72.3,-73.4,-69.0
231.52,-59.6,-71.0,-72.3,-73.4,-69.1
231.53,-59.6,-71.0,-72.3,-73.4,-69.1
231.54,-59.6,-71.0,-72.3,-73.4,-69.3
231.55,-59.6,-71.0,-72.3,-73.4,-69.3
231.56,-59.6,-71.0,-72.3,-73.4,-69.3
231.57,-59.6,-71.0,-72.3,-73.4,-69.5
231.58,-59.6,-71.0,-72.3,-73.4,-69.5
231.59,-59.6,-71.0,-72.3,-73.4,-69.6
231.60,-59.7,-71.0,-72.3,-73.4,-69.7
231.61,-59.7,-71.0,-72.3,-73.4,-69.7
231.62,-59.7,-71.0,-72.3,-73.4,-69.8
231.63,-59.7,-71.0,-72.3,-73.4,-69.8
231.64,-59.7,-71.0,-72.3,-73.4,-69.9
231.65,-59.7,-71.0,-72.3,-73.4,-69.9
231.66,-59.7,-71.0,-72.3,-73.4,-69.9
231.67,-59.7,-71.0,-72.3,-73.4,-70.0
231.68,-59.7,-71.0,-72.3,-73.4,-69.9
231.69,-59.7,-71.0,-72.3,-73.4,-70.0
231.70,-59.7,-71.0,-72.3,-73.4,-70.0
231.71,-59.7,-71.0,-72.3,-73.4,-70.0
231.72,-59.7,-71.0,-72.3,-73.4,-70.0
231.73,-59.7,-71.0,-72.3,-73.4,-70.0
231.74,-59.7,-71.0,-72.3,-73.4,-69.9
231.75,-59.7,-71.0,-72.3,-73.4,-69.9
231.76,-59.7,-71.0,-72.3,-73.4,-69.9
231.77,-59.7,-71.0,-72.3,-73.4,-69.9
231.78,-59.7,-71.0,-72.3,-73.4,-70.0
231.79,-59.7,-71.0,-72.3,-73.4,-70.0
231.80,-59.7,-71.0,-72.3,-73.4,-70.0
231.81,-59.7,-71.0,-72.3,-73.4,-70.0
231.82,-59.7,-71.0,-72.3,-73.4,-70.0
231.83,-59.7,-71.0,-72.3,-73.4,-70.0
231.84,-59.7,-71.0,-72.3,-73.4,-70.0
231.85,-59.7,-71.0,-72.3,-73.3,-70.0
231.86,-59.7,-71.0,-72.3,-73.3,-70.0
231.87,-59.7,-71.0,-72.3,-73.3,-69.9
231.88,-59.7,-71.0,-72.3,-73.3,-69.9
231.89,-59.7,-71.0,-72.3,-73.3,-70.0
231.90,-59.7,-71.0,-72.3,-73.3,-70.0
231.91,-59.7,-71.0,-72.3,-73.3,-70.0
231.92,-59.7,-71.0,-72.3,-73.3,-70.0
231.93,-59.7,-71.0,-72.3,-73.3,-70.0
231.94,-59.7,-71.0,-72.3,-73.3,-70.0
231.95,-59.7,-71.0,-72.3,-73.3,-70.0
231.96,-59.7,-71.0,-72.3,-73.3,-70.0
231.97,-59.7,-71.0,-72.3,-73.3,-70.0
231.98,-59.7,-71.0,-72.3,-73.3,-70.0
231.99,-59.7,-71.0,-72.3,-73.3,-70.0
232.00,-59.7,-71.0,-72.3,-73.3,-70.0
232.01,-59.7,-71.0,-72.3,-73.3,-70.0
232.02,-59.7,-71.0,-72.3,-73.3,-70.0
232.03,-59.7,-71.0,-72.3,-73.3,-70.0
232.04,-59.7,-71.0,-72.3,-73.3,-70.0
232.05,-59.7,-71.0,-72.3,-73.3,-70.0
232.06,-59.7,-71.0,-72.3,-73.3,-70.0
232.07,-59.7,-71.0,-72.3,-73.3,-70.0
232.08,-59.7,-71.0,-72.3,-73.3,-70.0
232.09,-59.7,-71.0,-72.3,-73.3,-70.0
232.10,-59.7,-71.0,-72.3,-73.3,-70.0
232.11,-59.7,-71.0,-72.3,-73.3,-70.0
232.12,-59.7,-71.0,-72.3,-73.3,-70.0
232.13,-59.7,-71.0,-72.3,-73.3,-70.0
232.14,-59.7,-71.0,-72.3,-73.3,-70.0
232.15,-59.7,-71.0,-72.3,-73.3,-70.0
232.16,-59.7,-71.0,-72.3,-73.3,-70.0
232.17,-59.7,-71.0,-72.3,-73.3,-70.0
232.18,-59.7,-71.0,-72.3,-73.3,-70.1
232.19,-59.7,-71.0,-72.3,-73.3,-70.1
232.20,-59.7,-71.0,-72.3,-73.3,-70.1
232.21,-59.7,-71.0,-72.3,-73.3,-70.1
232.22,-59.7,-71.0,-72.3,-73.3,-70.1
232.23,-59.7,-71.0,-72.3,-73.4,-70.1
232.24,-59.7,-71.0,-72.3,-73.3,-70.1
232.25,-59.7,-71.0,-72.3,-73.3,-70.1
232.26,-59.7,-71.0,-72.3,-73.3,-70.1
232.27,-59.7,-71.0,-72.3,-73.3,-70.1
232.28,-59.7,-71.0,-72.3,-73.3,-70.1
232.29,-59.7,-71.0,-72.3,-73.3,-70.1
232.30,-59.7,-71.0,-72.3,-73.3,-70.1
232.31,-59.7,-71.0,-72.3,-73.3,-70.1
232.32,-59.7,-71.0,-72.3,-73.3,-70.1
232.33,-59.7,-71.0,-72.3,-73.3,-70.1
232.34,-59.7,-71.0,-72.3,-73.3,-70.1
232.35,-59.7,-71.0,-72.3,-73.3,-70.1
232.36,-59.7,-71.0,-72.3,-73.3,-70.1
232.37,-59.7,-71.0,-72.3,-73.3,-70.0
232.38,-59.7,-71.0,-72.3,-73.3,-70.0
232.39,-59.7,-71.0,-72.3,-73.3,-70.0
232.40,-59.7,-71.0,-72.3,-73.3,-70.0
232.41,-59.7,-71.0,-72.3,-73.3,-70.0
232.42,-59.7,-71.0,-72.3,-73.3,-70.0
232.43,-59.7,-71.0,-72.3,-73.3,-70.1
232.44,-59.7,-71.0,-72.3,-73.3,-70.0
232.45,-59.7,-71.0,-72.3,-73.3,-70.0
232.46,-59.7,-71.0,-72.3,-73.3,-70.0
232.47,-59.7,-71.0,-72.3,-73.3,-70.0
232.48,-59.7,-71.0,-72.3,-73.3,-70.0
232.49,-59.7,-71.0,-72.3,-73.3,-70.0
232.50,-59.7,-71.0,-72.3,-73.3,-70.0
232.51,-59.6,-71.0,-72.3,-73.3,-70.0
232.52,-59.6,-71.0,-72.3,-73.3,-70.0
232.53,-59.6,-71.0,-72.3,-73.3,-70.0
232.54,-59.6,-71.0,-72.3,-73.3,-70.0
232.55,-59.6,-71.0,-72.3,-73.3,-70.0
232.56,-59.6,-71.0,-72.3,-73.3,-69.9
232.57,-59.6,-71.0,-72.3,-73.3,-69.9
232.58,-59.6,-71.0,-72.3,-73.3,-69.9
232.59,-59.6,-71.0,-72.3,-73.3,-70.0
232.60,-59.6,-71.0,-72.3,-73.3,-70.0
232.61,-59.6,-71.0,-72.3,-73.3,-70.0
232.62,-59.6,-71.0,-72.3,-73.3,-70.0
232.63,-59.6,-71.0,-72.3,-73.3,-70.0
232.64,-59.6,-71.0,-72.3,-73.3,-70.0
232.65,-59.6,-71.0,-72.3,-73.3,-70.0
232.66,-59.6,-71.0,-72.3,-73.3,-69.9
232.67,-59.6,-71.0,-72.3,-73.3,-69.9
232.68,-59.6,-71.0,-72.3,-73.3,-69.9
232.69,-59.6,-71.0,-72.3,-73.3,-69.9
232.70,-59.6,-71.0,-72.3,-73.3,-69.9
232.71,-59.6,-71.0,-72.3,-73.3,-69.9
232.72,-59.6,-71.0,-72.3,-73.3,-69.9
232.73,-59.6,-71.0,-72.3,-73.3,-69.9
232.74,-59.6,-71.0,-72.3,-73.3,-69.9
232.75,-59.6,-71.0,-72.3,-73.3,-69.9
232.76,-59.6,-71.0,-72.3,-73.3,-69.9
232.77,-59.6,-71.0,-72.3,-73.3,-69.9
232.78,-59.6,-71.0,-72.3,-73.3,-69.9
232.79,-59.6,-71.0,-72.3,-73.3,-69.9
232.80,-59.6,-71.0,-72.3,-73.3,-69.9
232.81,-59.6,-71.0,-72.3,-73.3,-69.9
232.82,-59.6,-71.0,-72.3,-73.3,-69.9
232.83,-59.6,-71.0,-72.3,-73.3,-69.9
232.84,-59.6,-71.0,-72.3,-73.3,-69.9
232.85,-59.6,-71.0,-72.3,-73.3,-69.9
232.86,-59.6,-71.0,-72.3,-73.3,-69.9
232.87,-59.6,-71.0,-72.2,-73.3,-69.9
232.88,-59.6,-71.0,-72.2,-73.3,-69.9
232.89,-59.6,-71.0,-72.2,-73.4,-69.9
232.90,-59.6,-71.0,-72.2,-73.4,-69.9
232.91,-59.6,-71.0,-72.2,-73.4,-69.9
232.92,-59.6,-71.0,-72.2,-73.4,-69.9
232.93,-59.6,-71.0,-72.2,-73.4,-69.9
232.94,-59.6,-71.0,-72.3,-73.4,-69.9
232.95,-59.6,-71.0,-72.3,-73.4,-69.9
232.96,-59.6,-71.0,-72.2,-73.4,-69.9
232.97,-59.6,-71.0,-72.2,-73.4,-70.0
232.98,-59.6,-71.0,-72.2,-73.4,-70.0
232.99,-59.6,-71.0,-72.2,-73.4,-70.0
233.00,-59.6,-71.0,-72.2,-73.4,-70.0
233.01,-59.6,-71.0,-72.2,-73.4,-70.0
233.02,-59.6,-71.0,-72.3,-73.3,-70.0
233.03,-59.6,-71.0,-72.3,-73.3,-70.0
233.04,-59.6,-71.0,-72.3,-73.3,-70.0
233.05,-59.7,-71.0,-72.3,-73.3,-70.0
233.06,-59.7,-71.0,-72.3,-73.3,-70.0
233.07,-59.7,-71.0,-72.3,-73.3,-70.0
233.08,-59.7,-71.0,-72.3,-73.3,-70.0
233.09,-59.7,-71.0,-72.3,-73.3,-70.1
233.10,-59.7,-71.0,-72.4,-73.3,-70.1
233.11,-60.2,-71.5,-72.8,-73.7,-70.6
233.12,-61.4,-72.7,-74.0,-75.0,-71.8
