t,vocal_on,width
0.00,1,0.053
0.01,1,0.053
0.02,1,0.053
0.03,1,0.055
0.04,1,0.055
0.05,1,0.056
0.06,1,0.059
0.07,1,0.062
0.08,0,
0.09,0,
0.10,0,
0.11,0,
0.12,0,
0.13,0,
0.14,0,
0.15,0,
0.16,0,
0.17,0,
0.18,0,
0.19,0,
0.20,0,
0.21,0,
0.22,0,
0.23,0,
0.24,0,
0.25,0,
0.26,0,
0.27,0,
0.28,0,
0.29,0,
0.30,0,
0.31,0,
0.32,0,
0.33,1,0.091
0.34,1,0.099
0.35,1,0.091
0.36,1,0.081
0.37,1,0.072
0.38,1,0.061
0.39,1,0.053
0.40,1,0.052
0.41,1,0.056
0.42,1,0.062
0.43,1,0.065
0.44,1,0.064
0.45,1,0.058
0.46,1,0.051
0.47,1,0.048
0.48,1,0.051
0.49,1,0.057
0.50,1,0.067
0.51,1,0.088
0.52,1,0.129
0.53,1,0.185
0.54,1,0.410
0.55,1,0.573
0.56,1,0.555
0.57,1,0.263
0.58,1,0.112
0.59,1,0.103
0.60,1,0.103
0.61,1,0.113
0.62,1,0.117
0.63,1,0.128
0.64,1,0.123
0.65,1,0.086
0.66,1,0.072
0.67,1,0.070
0.68,1,0.068
0.69,1,0.070
0.70,1,0.079
0.71,1,0.079
0.72,1,0.076
0.73,1,0.071
0.74,1,0.070
0.75,1,0.082
0.76,1,0.105
0.77,1,0.148
0.78,1,0.271
0.79,1,0.206
0.80,1,0.124
0.81,1,0.074
0.82,1,0.059
0.83,1,0.056
0.84,1,0.054
0.85,1,0.061
0.86,1,0.076
0.87,1,0.096
0.88,1,0.131
0.89,1,0.187
0.90,1,0.258
0.91,1,0.399
0.92,1,0.789
0.93,1,1.039
0.94,1,1.450
0.95,1,1.032
0.96,1,0.291
0.97,1,0.127
0.98,1,0.089
0.99,1,0.072
1.00,1,0.061
1.01,1,0.060
1.02,1,0.059
1.03,1,0.073
1.04,1,0.083
1.05,1,0.102
1.06,1,0.131
1.07,1,0.176
1.08,1,0.329
1.09,1,0.696
1.10,1,0.176
1.11,1,0.068
1.12,1,0.045
1.13,1,0.042
1.14,1,0.054
1.15,1,0.068
1.16,1,0.098
1.17,1,0.199
1.18,1,0.874
1.19,1,0.452
1.20,1,0.196
1.21,1,0.133
1.22,1,0.121
1.23,1,0.127
1.24,1,0.130
1.25,1,0.189
1.26,1,0.397
1.27,1,0.491
1.28,1,0.291
1.29,1,0.119
1.30,1,0.071
1.31,1,0.047
1.32,1,0.046
1.33,1,0.049
1.34,1,0.053
1.35,1,0.062
1.36,1,0.070
1.37,1,0.072
1.38,1,0.072
1.39,1,0.078
1.40,1,0.099
1.41,1,0.125
1.42,1,0.172
1.43,1,0.286
1.44,1,0.451
1.45,1,0.900
1.46,1,1.161
1.47,1,1.851
1.48,1,1.711
1.49,1,1.579
1.50,1,1.506
1.51,1,1.135
1.52,1,0.953
1.53,1,0.967
1.54,1,0.925
1.55,1,0.966
1.56,1,1.201
1.57,1,1.177
1.58,1,1.042
1.59,1,0.229
1.60,1,0.143
1.61,1,0.103
1.62,1,0.094
1.63,1,0.086
1.64,1,0.081
1.65,1,0.082
1.66,1,0.098
1.67,1,0.102
1.68,1,0.108
1.69,1,0.127
1.70,1,0.150
1.71,1,0.180
1.72,1,0.227
1.73,1,0.402
1.74,1,0.498
1.75,1,0.601
1.76,1,0.348
1.77,1,0.177
1.78,1,0.084
1.79,1,0.049
1.80,1,0.044
1.81,1,0.047
1.82,1,0.053
1.83,1,0.075
1.84,1,0.104
1.85,1,0.132
1.86,1,0.185
1.87,1,0.307
1.88,1,0.667
1.89,1,1.338
1.90,1,1.664
1.91,1,1.017
1.92,1,0.349
1.93,1,0.119
1.94,1,0.086
1.95,1,0.075
1.96,1,0.069
1.97,1,0.066
1.98,1,0.066
1.99,1,0.069
2.00,1,0.074
2.01,1,0.087
2.02,1,0.100
2.03,1,0.119
2.04,1,0.157
2.05,1,0.197
2.06,1,0.255
2.07,1,0.219
2.08,1,0.073
2.09,1,0.058
2.10,1,0.053
2.11,1,0.054
2.12,1,0.065
2.13,1,0.088
2.14,1,0.099
2.15,1,0.107
2.16,1,0.106
2.17,1,0.104
2.18,1,0.112
2.19,1,0.135
2.20,1,0.168
2.21,1,0.284
2.22,1,0.410
2.23,1,0.368
2.24,1,0.338
2.25,1,0.264
2.26,1,0.128
2.27,1,0.107
2.28,1,0.092
2.29,1,0.082
2.30,1,0.093
2.31,1,0.105
2.32,1,0.111
2.33,1,0.122
2.34,1,0.117
2.35,1,0.116
2.36,1,0.121
2.37,1,0.132
2.38,1,0.144
2.39,1,0.171
2.40,1,0.147
2.41,1,0.085
2.42,1,0.058
2.43,1,0.053
2.44,1,0.052
2.45,1,0.054
2.46,1,0.062
2.47,1,0.074
2.48,1,0.082
2.49,1,0.088
2.50,1,0.098
2.51,1,0.106
2.52,1,0.114
2.53,1,0.129
2.54,1,0.151
2.55,1,0.176
2.56,1,0.221
2.57,1,0.146
2.58,1,0.092
2.59,1,0.067
2.60,1,0.069
2.61,1,0.068
2.62,1,0.074
2.63,1,0.089
2.64,1,0.114
2.65,1,0.129
2.66,1,0.145
2.67,1,0.148
2.68,1,0.150
2.69,1,0.150
2.70,1,0.150
2.71,1,0.168
2.72,1,0.232
2.73,1,0.405
2.74,1,0.662
2.75,1,0.757
2.76,1,0.741
2.77,1,1.137
2.78,1,1.313
2.79,1,1.590
2.80,1,1.406
2.81,1,1.176
2.82,1,1.185
2.83,1,1.214
2.84,1,1.059
2.85,1,1.154
2.86,1,1.237
2.87,1,1.160
2.88,1,0.591
2.89,1,0.405
2.90,1,0.328
2.91,1,0.176
2.92,1,0.116
2.93,1,0.079
2.94,1,0.060
2.95,1,0.058
2.96,1,0.055
2.97,1,0.060
2.98,1,0.063
2.99,1,0.069
3.00,1,0.078
3.01,1,0.086
3.02,1,0.096
3.03,1,0.115
3.04,1,0.139
3.05,1,0.148
3.06,1,0.194
3.07,1,0.233
3.08,1,0.134
3.09,1,0.092
3.10,1,0.077
3.11,1,0.087
3.12,1,0.084
3.13,1,0.079
3.14,1,0.080
3.15,1,0.078
3.16,1,0.072
3.17,1,0.080
3.18,1,0.085
3.19,1,0.090
3.20,1,0.098
3.21,1,0.098
3.22,1,0.088
3.23,1,0.079
3.24,1,0.072
3.25,1,0.068
3.26,1,0.068
3.27,1,0.070
3.28,1,0.075
3.29,1,0.080
3.30,1,0.084
3.31,1,0.093
3.32,1,0.098
3.33,1,0.094
3.34,1,0.103
3.35,1,0.111
3.36,1,0.116
3.37,1,0.146
3.38,1,0.177
3.39,1,0.108
3.40,1,0.082
3.41,1,0.060
3.42,1,0.063
3.43,1,0.070
3.44,1,0.072
3.45,1,0.085
3.46,1,0.104
3.47,1,0.095
3.48,1,0.088
3.49,1,0.089
3.50,1,0.086
3.51,1,0.084
3.52,1,0.086
3.53,1,0.082
3.54,1,0.081
3.55,1,0.086
3.56,1,0.085
3.57,1,0.088
3.58,1,0.094
3.59,1,0.097
3.60,1,0.091
3.61,1,0.088
3.62,1,0.091
3.63,1,0.087
3.64,1,0.090
3.65,1,0.102
3.66,1,0.117
3.67,1,0.148
3.68,1,0.385
3.69,1,1.007
3.70,1,0.575
3.71,1,0.381
3.72,1,0.244
3.73,1,0.183
3.74,1,0.162
3.75,1,0.164
3.76,1,0.183
3.77,1,0.199
3.78,1,0.213
3.79,1,0.243
3.80,1,0.277
3.81,1,0.361
3.82,1,0.557
3.83,1,0.844
3.84,1,1.073
3.85,1,0.952
3.86,1,0.592
3.87,1,0.365
3.88,1,0.230
3.89,1,0.120
3.90,1,0.086
3.91,1,0.074
3.92,1,0.065
3.93,1,0.062
3.94,1,0.065
3.95,1,0.070
3.96,1,0.076
3.97,1,0.088
3.98,1,0.101
3.99,1,0.115
4.00,1,0.135
4.01,1,0.162
4.02,1,0.140
4.03,1,0.102
4.04,1,0.079
4.05,1,0.075
4.06,1,0.071
4.07,1,0.069
4.08,1,0.070
4.09,1,0.070
4.10,1,0.067
4.11,1,0.065
4.12,1,0.063
4.13,1,0.067
4.14,1,0.072
4.15,1,0.080
4.16,1,0.092
4.17,1,0.106
4.18,1,0.120
4.19,1,0.160
4.20,1,0.246
4.21,1,0.703
4.22,1,1.359
4.23,1,1.594
4.24,1,1.668
4.25,1,1.815
4.26,1,1.959
4.27,1,2.016
4.28,1,1.986
4.29,1,2.092
4.30,1,1.618
4.31,1,1.112
4.32,1,0.779
4.33,1,0.393
4.34,1,0.121
4.35,1,0.077
4.36,1,0.062
4.37,1,0.061
4.38,1,0.056
4.39,1,0.051
4.40,1,0.048
4.41,1,0.046
4.42,1,0.044
4.43,1,0.048
4.44,1,0.053
4.45,1,0.059
4.46,1,0.067
4.47,1,0.077
4.48,1,0.091
4.49,1,0.103
4.50,1,0.120
4.51,1,0.134
4.52,1,0.132
4.53,1,0.127
4.54,1,0.111
4.55,1,0.105
4.56,1,0.091
4.57,1,0.087
4.58,1,0.080
4.59,1,0.088
4.60,1,0.082
4.61,1,0.083
4.62,1,0.105
4.63,1,0.220
4.64,1,0.449
4.65,1,0.548
4.66,1,0.429
4.67,1,0.220
4.68,1,0.129
4.69,1,0.054
4.70,1,0.039
4.71,1,0.037
4.72,1,0.042
4.73,1,0.048
4.74,1,0.059
4.75,1,0.082
4.76,1,0.113
4.77,1,0.138
4.78,1,0.137
4.79,1,0.184
4.80,1,0.369
4.81,1,0.582
4.82,1,0.453
4.83,1,0.201
4.84,1,0.108
4.85,1,0.083
4.86,1,0.069
4.87,1,0.062
4.88,1,0.056
4.89,1,0.050
4.90,1,0.047
4.91,1,0.046
4.92,1,0.047
4.93,1,0.052
4.94,1,0.059
4.95,1,0.062
4.96,1,0.062
4.97,1,0.063
4.98,1,0.065
4.99,1,0.070
5.00,1,0.076
5.01,1,0.080
5.02,1,0.078
5.03,1,0.072
5.04,1,0.066
5.05,1,0.062
5.06,1,0.060
5.07,1,0.067
5.08,1,0.084
5.09,1,0.102
5.10,1,0.128
5.11,1,0.162
5.12,1,0.213
5.13,1,0.301
5.14,1,0.396
5.15,1,0.276
5.16,1,0.147
5.17,1,0.086
5.18,1,0.071
5.19,1,0.074
5.20,1,0.074
5.21,1,0.074
5.22,1,0.084
5.23,1,0.085
5.24,1,0.076
5.25,1,0.069
5.26,1,0.071
5.27,1,0.067
5.28,1,0.066
5.29,1,0.071
5.30,1,0.068
5.31,1,0.067
5.32,1,0.066
5.33,1,0.067
5.34,1,0.071
5.35,1,0.072
5.36,1,0.077
5.37,1,0.079
5.38,1,0.084
5.39,1,0.082
5.40,1,0.082
5.41,1,0.079
5.42,1,0.076
5.43,1,0.080
5.44,1,0.089
5.45,1,0.117
5.46,1,0.240
5.47,1,0.576
5.48,1,0.312
5.49,1,0.261
5.50,1,0.157
5.51,1,0.078
5.52,1,0.061
5.53,1,0.056
5.54,1,0.054
5.55,1,0.053
5.56,1,0.056
5.57,1,0.064
5.58,1,0.065
5.59,1,0.066
5.60,1,0.065
5.61,1,0.065
5.62,1,0.064
5.63,1,0.066
5.64,1,0.072
5.65,1,0.076
5.66,1,0.080
5.67,1,0.082
5.68,1,0.078
5.69,1,0.075
5.70,1,0.075
5.71,1,0.070
5.72,1,0.072
5.73,1,0.073
5.74,1,0.073
5.75,1,0.076
5.76,1,0.078
5.77,1,0.074
5.78,1,0.074
5.79,1,0.073
5.80,1,0.070
5.81,1,0.081
5.82,1,0.095
5.83,1,0.104
5.84,1,0.106
5.85,1,0.106
5.86,1,0.100
5.87,1,0.087
5.88,1,0.080
5.89,1,0.078
5.90,1,0.083
5.91,1,0.094
5.92,1,0.105
5.93,1,0.116
5.94,1,0.120
5.95,1,0.121
5.96,1,0.123
5.97,1,0.122
5.98,1,0.125
5.99,1,0.129
6.00,1,0.126
6.01,1,0.127
6.02,1,0.133
6.03,1,0.137
6.04,1,0.140
6.05,1,0.147
6.06,1,0.155
6.07,1,0.159
6.08,1,0.159
6.09,1,0.151
6.10,1,0.140
6.11,1,0.131
6.12,1,0.119
6.13,1,0.115
6.14,1,0.115
6.15,1,0.105
6.16,1,0.098
6.17,1,0.095
6.18,1,0.095
6.19,1,0.096
6.20,1,0.094
6.21,1,0.089
6.22,1,0.083
6.23,1,0.074
6.24,1,0.062
6.25,1,0.054
6.26,1,0.053
6.27,1,0.056
6.28,1,0.064
6.29,1,0.072
6.30,1,0.082
6.31,1,0.091
6.32,1,0.094
6.33,1,0.093
6.34,1,0.100
6.35,1,0.108
6.36,1,0.111
6.37,1,0.116
6.38,1,0.120
6.39,1,0.119
6.40,1,0.126
6.41,1,0.143
6.42,1,0.160
6.43,1,0.165
6.44,1,0.153
6.45,1,0.138
6.46,1,0.120
6.47,1,0.110
6.48,1,0.121
6.49,1,0.128
6.50,1,0.128
6.51,1,0.120
6.52,1,0.111
6.53,1,0.112
6.54,1,0.116
6.55,1,0.115
6.56,1,0.112
6.57,1,0.113
6.58,1,0.118
6.59,1,0.114
6.60,1,0.111
6.61,1,0.110
6.62,1,0.094
6.63,1,0.083
6.64,1,0.085
6.65,1,0.087
6.66,1,0.085
6.67,1,0.086
6.68,1,0.085
6.69,1,0.091
6.70,1,0.105
6.71,1,0.115
6.72,1,0.123
6.73,1,0.126
6.74,1,0.116
6.75,1,0.105
6.76,1,0.095
6.77,1,0.085
6.78,1,0.085
6.79,1,0.091
6.80,1,0.089
6.81,1,0.087
6.82,1,0.089
6.83,1,0.084
6.84,1,0.083
6.85,1,0.082
6.86,1,0.081
6.87,1,0.081
6.88,1,0.086
6.89,1,0.092
6.90,1,0.107
6.91,1,0.117
6.92,1,0.115
6.93,1,0.112
6.94,1,0.108
6.95,1,0.101
6.96,1,0.103
6.97,1,0.114
6.98,1,0.123
6.99,1,0.126
7.00,1,0.118
7.01,1,0.106
7.02,1,0.099
7.03,1,0.091
7.04,1,0.086
7.05,1,0.086
7.06,1,0.087
7.07,1,0.091
7.08,1,0.105
7.09,1,0.114
7.10,1,0.122
7.11,1,0.127
7.12,1,0.126
7.13,1,0.130
7.14,1,0.144
7.15,1,0.151
7.16,1,0.148
7.17,1,0.140
7.18,1,0.121
7.19,1,0.103
7.20,1,0.097
7.21,1,0.103
7.22,1,0.119
7.23,1,0.137
7.24,1,0.137
7.25,1,0.135
7.26,1,0.133
7.27,1,0.119
7.28,1,0.101
7.29,1,0.093
7.30,1,0.079
7.31,1,0.076
7.32,1,0.087
7.33,1,0.094
7.34,1,0.101
7.35,1,0.113
7.36,1,0.120
7.37,1,0.124
7.38,1,0.131
7.39,1,0.129
7.40,1,0.127
7.41,1,0.124
7.42,1,0.112
7.43,1,0.103
7.44,1,0.095
7.45,1,0.083
7.46,1,0.078
7.47,1,0.077
7.48,1,0.082
7.49,1,0.091
7.50,1,0.102
7.51,1,0.111
7.52,1,0.117
7.53,1,0.118
7.54,1,0.115
7.55,1,0.113
7.56,1,0.111
7.57,1,0.108
7.58,1,0.106
7.59,1,0.104
7.60,1,0.098
7.61,1,0.093
7.62,1,0.092
7.63,1,0.101
7.64,1,0.114
7.65,1,0.122
7.66,1,0.128
7.67,1,0.130
7.68,1,0.119
7.69,1,0.107
7.70,1,0.102
7.71,1,0.105
7.72,1,0.112
7.73,1,0.123
7.74,1,0.125
7.75,1,0.119
7.76,1,0.113
7.77,1,0.099
7.78,1,0.086
7.79,1,0.081
7.80,1,0.077
7.81,1,0.076
7.82,1,0.079
7.83,1,0.088
7.84,1,0.090
7.85,1,0.089
7.86,1,0.098
7.87,1,0.100
7.88,1,0.107
7.89,1,0.148
7.90,1,0.328
7.91,1,0.405
7.92,1,0.400
7.93,1,0.377
7.94,1,0.390
7.95,1,0.376
7.96,1,0.419
7.97,1,0.441
7.98,1,0.485
7.99,1,0.512
8.00,1,0.497
8.01,0,
8.02,0,
8.03,0,
8.04,0,
8.05,0,
8.06,0,
8.07,0,
8.08,0,
8.09,0,
8.10,0,
8.11,0,
8.12,0,
8.13,0,
8.14,0,
8.15,0,
8.16,0,
8.17,0,
8.18,0,
8.19,0,
8.20,0,
8.21,0,
8.22,0,
8.23,0,
8.24,0,
8.25,0,
8.26,0,
8.27,0,
8.28,0,
8.29,0,
8.30,0,
8.31,0,
8.32,0,
8.33,0,
8.34,0,
8.35,0,
8.36,0,
8.37,0,
8.38,0,
8.39,0,
8.40,0,
8.41,0,
8.42,0,
8.43,0,
8.44,0,
8.45,0,
8.46,0,
8.47,0,
8.48,0,
8.49,0,
8.50,0,
8.51,0,
8.52,0,
8.53,0,
8.54,0,
8.55,0,
8.56,0,
8.57,0,
8.58,0,
8.59,0,
8.60,0,
8.61,0,
8.62,0,
8.63,0,
8.64,0,
8.65,0,
8.66,0,
8.67,0,
8.68,0,
8.69,0,
8.70,0,
8.71,0,
8.72,0,
8.73,0,
8.74,0,
8.75,0,
8.76,0,
8.77,0,
8.78,0,
8.79,0,
8.80,0,
8.81,0,
8.82,0,
8.83,0,
8.84,0,
8.85,0,
8.86,0,
8.87,0,
8.88,0,
8.89,0,
8.90,0,
8.91,0,
8.92,0,
8.93,0,
8.94,0,
8.95,0,
8.96,0,
8.97,0,
8.98,0,
8.99,0,
9.00,0,
9.01,0,
9.02,0,
9.03,0,
9.04,0,
9.05,0,
9.06,0,
9.07,0,
9.08,0,
9.09,0,
9.10,0,
9.11,0,
9.12,0,
9.13,0,
9.14,0,
9.15,0,
9.16,0,
9.17,0,
9.18,0,
9.19,0,
9.20,0,
9.21,0,
9.22,0,
9.23,0,
9.24,0,
9.25,0,
9.26,0,
9.27,0,
9.28,0,
9.29,0,
9.30,0,
9.31,0,
9.32,0,
9.33,0,
9.34,0,
9.35,0,
9.36,0,
9.37,0,
9.38,0,
9.39,0,
9.40,0,
9.41,0,
9.42,0,
9.43,0,
9.44,0,
9.45,0,
9.46,0,
9.47,0,
9.48,0,
9.49,0,
9.50,0,
9.51,0,
9.52,0,
9.53,0,
9.54,0,
9.55,0,
9.56,0,
9.57,0,
9.58,0,
9.59,0,
9.60,0,
9.61,0,
9.62,0,
9.63,0,
9.64,0,
9.65,0,
9.66,0,
9.67,0,
9.68,0,
9.69,0,
9.70,0,
9.71,0,
9.72,0,
9.73,0,
9.74,0,
9.75,0,
9.76,0,
9.77,0,
9.78,0,
9.79,0,
9.80,0,
9.81,0,
9.82,0,
9.83,0,
9.84,0,
9.85,0,
9.86,0,
9.87,0,
9.88,0,
9.89,0,
9.90,0,
9.91,0,
9.92,0,
9.93,0,
9.94,0,
9.95,0,
9.96,0,
9.97,0,
9.98,0,
9.99,0,
10.00,0,
10.01,0,
10.02,0,
10.03,0,
10.04,0,
10.05,0,
10.06,0,
10.07,0,
10.08,0,
10.09,0,
10.10,0,
10.11,0,
10.12,0,
10.13,0,
10.14,0,
10.15,0,
10.16,0,
10.17,0,
10.18,0,
10.19,0,
10.20,0,
10.21,0,
10.22,0,
10.23,0,
10.24,0,
10.25,0,
10.26,0,
10.27,0,
10.28,0,
10.29,0,
10.30,0,
10.31,0,
10.32,0,
10.33,0,
10.34,0,
10.35,0,
10.36,0,
10.37,0,
10.38,0,
10.39,0,
10.40,0,
10.41,0,
10.42,0,
10.43,0,
10.44,0,
10.45,0,
10.46,0,
10.47,0,
10.48,0,
10.49,0,
10.50,0,
10.51,0,
10.52,0,
10.53,0,
10.54,0,
10.55,0,
10.56,0,
10.57,0,
10.58,0,
10.59,0,
10.60,0,
10.61,0,
10.62,0,
10.63,0,
10.64,0,
10.65,0,
10.66,0,
10.67,0,
10.68,0,
10.69,0,
10.70,0,
10.71,0,
10.72,0,
10.73,0,
10.74,0,
10.75,0,
10.76,0,
10.77,0,
10.78,0,
10.79,0,
10.80,0,
10.81,0,
10.82,0,
10.83,0,
10.84,0,
10.85,0,
10.86,0,
10.87,0,
10.88,0,
10.89,0,
10.90,0,
10.91,0,
10.92,0,
10.93,0,
10.94,0,
10.95,0,
10.96,0,
10.97,0,
10.98,0,
10.99,0,
11.00,0,
11.01,0,
11.02,0,
11.03,0,
11.04,0,
11.05,0,
11.06,0,
11.07,0,
11.08,0,
11.09,0,
11.10,0,
11.11,0,
11.12,0,
11.13,0,
11.14,0,
11.15,0,
11.16,0,
11.17,0,
11.18,0,
11.19,0,
11.20,0,
11.21,0,
11.22,0,
11.23,0,
11.24,0,
11.25,0,
11.26,0,
11.27,0,
11.28,0,
11.29,0,
11.30,0,
11.31,0,
11.32,0,
11.33,0,
11.34,0,
11.35,0,
11.36,0,
11.37,0,
11.38,0,
11.39,0,
11.40,0,
11.41,0,
11.42,0,
11.43,0,
11.44,0,
11.45,0,
11.46,0,
11.47,0,
11.48,0,
11.49,0,
11.50,0,
11.51,0,
11.52,0,
11.53,0,
11.54,0,
11.55,0,
11.56,0,
11.57,0,
11.58,0,
11.59,0,
11.60,0,
11.61,0,
11.62,0,
11.63,0,
11.64,0,
11.65,0,
11.66,0,
11.67,0,
11.68,0,
11.69,0,
11.70,0,
11.71,0,
11.72,0,
11.73,0,
11.74,0,
11.75,0,
11.76,0,
11.77,0,
11.78,0,
11.79,0,
11.80,0,
11.81,0,
11.82,0,
11.83,0,
11.84,0,
11.85,0,
11.86,0,
11.87,0,
11.88,0,
11.89,0,
11.90,0,
11.91,0,
11.92,0,
11.93,0,
11.94,0,
11.95,0,
11.96,0,
11.97,0,
11.98,0,
11.99,0,
12.00,0,
12.01,0,
12.02,0,
12.03,0,
12.04,0,
12.05,0,
12.06,0,
12.07,0,
12.08,0,
12.09,0,
12.10,0,
12.11,0,
12.12,0,
12.13,0,
12.14,0,
12.15,0,
12.16,0,
12.17,0,
12.18,0,
12.19,0,
12.20,0,
12.21,0,
12.22,0,
12.23,0,
12.24,0,
12.25,0,
12.26,0,
12.27,0,
12.28,0,
12.29,0,
12.30,0,
12.31,0,
12.32,0,
12.33,0,
12.34,0,
12.35,0,
12.36,0,
12.37,0,
12.38,0,
12.39,0,
12.40,0,
12.41,0,
12.42,0,
12.43,0,
12.44,0,
12.45,0,
12.46,0,
12.47,0,
12.48,0,
12.49,0,
12.50,0,
12.51,0,
12.52,0,
12.53,0,
12.54,0,
12.55,0,
12.56,0,
12.57,0,
12.58,0,
12.59,0,
12.60,0,
12.61,0,
12.62,0,
12.63,0,
12.64,0,
12.65,0,
12.66,0,
12.67,0,
12.68,0,
12.69,0,
12.70,0,
12.71,0,
12.72,0,
12.73,0,
12.74,0,
12.75,0,
12.76,0,
12.77,0,
12.78,0,
12.79,0,
12.80,0,
12.81,0,
12.82,0,
12.83,0,
12.84,0,
12.85,0,
12.86,0,
12.87,0,
12.88,0,
12.89,0,
12.90,0,
12.91,0,
12.92,0,
12.93,0,
12.94,0,
12.95,0,
12.96,0,
12.97,0,
12.98,0,
12.99,0,
13.00,0,
13.01,0,
13.02,0,
13.03,0,
13.04,0,
13.05,0,
13.06,0,
13.07,0,
13.08,0,
13.09,0,
13.10,0,
13.11,0,
13.12,0,
13.13,0,
13.14,0,
13.15,0,
13.16,0,
13.17,0,
13.18,0,
13.19,0,
13.20,0,
13.21,0,
13.22,0,
13.23,0,
13.24,0,
13.25,0,
13.26,0,
13.27,0,
13.28,0,
13.29,0,
13.30,0,
13.31,0,
13.32,0,
13.33,0,
13.34,0,
13.35,0,
13.36,0,
13.37,0,
13.38,0,
13.39,0,
13.40,0,
13.41,0,
13.42,0,
13.43,0,
13.44,0,
13.45,0,
13.46,0,
13.47,0,
13.48,0,
13.49,0,
13.50,0,
13.51,0,
13.52,0,
13.53,0,
13.54,0,
13.55,0,
13.56,0,
13.57,0,
13.58,0,
13.59,0,
13.60,0,
13.61,0,
13.62,0,
13.63,0,
13.64,0,
13.65,0,
13.66,0,
13.67,0,
13.68,0,
13.69,0,
13.70,0,
13.71,0,
13.72,0,
13.73,0,
13.74,0,
13.75,0,
13.76,0,
13.77,0,
13.78,0,
13.79,0,
13.80,0,
13.81,0,
13.82,0,
13.83,0,
13.84,0,
13.85,0,
13.86,0,
13.87,0,
13.88,0,
13.89,0,
13.90,0,
13.91,0,
13.92,0,
13.93,0,
13.94,0,
13.95,0,
13.96,0,
13.97,0,
13.98,0,
13.99,0,
14.00,0,
14.01,0,
14.02,0,
14.03,0,
14.04,0,
14.05,0,
14.06,0,
14.07,0,
14.08,0,
14.09,0,
14.10,0,
14.11,0,
14.12,0,
14.13,0,
14.14,0,
14.15,0,
14.16,0,
14.17,0,
14.18,0,
14.19,0,
14.20,0,
14.21,0,
14.22,0,
14.23,0,
14.24,0,
14.25,0,
14.26,0,
14.27,0,
14.28,0,
14.29,0,
14.30,0,
14.31,0,
14.32,0,
14.33,0,
14.34,0,
14.35,0,
14.36,0,
14.37,0,
14.38,0,
14.39,0,
14.40,0,
14.41,0,
14.42,0,
14.43,0,
14.44,0,
14.45,0,
14.46,0,
14.47,0,
14.48,0,
14.49,0,
14.50,0,
14.51,0,
14.52,0,
14.53,0,
14.54,0,
14.55,0,
14.56,0,
14.57,0,
14.58,0,
14.59,0,
14.60,0,
14.61,0,
14.62,0,
14.63,0,
14.64,0,
14.65,0,
14.66,0,
14.67,0,
14.68,0,
14.69,0,
14.70,0,
14.71,0,
14.72,0,
14.73,0,
14.74,0,
14.75,0,
14.76,0,
14.77,0,
14.78,0,
14.79,0,
14.80,0,
14.81,0,
14.82,0,
14.83,0,
14.84,0,
14.85,0,
14.86,0,
14.87,0,
14.88,0,
14.89,0,
14.90,0,
14.91,0,
14.92,0,
14.93,0,
14.94,0,
14.95,0,
14.96,0,
14.97,0,
14.98,0,
14.99,0,
15.00,0,
15.01,0,
15.02,0,
15.03,0,
15.04,0,
15.05,0,
15.06,0,
15.07,0,
15.08,0,
15.09,0,
15.10,0,
15.11,0,
15.12,0,
15.13,0,
15.14,0,
15.15,0,
15.16,0,
15.17,0,
15.18,0,
15.19,0,
15.20,0,
15.21,0,
15.22,0,
15.23,0,
15.24,0,
15.25,0,
15.26,0,
15.27,0,
15.28,0,
15.29,0,
15.30,0,
15.31,0,
15.32,0,
15.33,0,
15.34,0,
15.35,0,
15.36,0,
15.37,0,
15.38,0,
15.39,0,
15.40,0,
15.41,0,
15.42,0,
15.43,0,
15.44,0,
15.45,0,
15.46,0,
15.47,0,
15.48,0,
15.49,0,
15.50,0,
15.51,0,
15.52,0,
15.53,0,
15.54,0,
15.55,0,
15.56,0,
15.57,0,
15.58,0,
15.59,0,
15.60,0,
15.61,0,
15.62,0,
15.63,0,
15.64,0,
15.65,0,
15.66,0,
15.67,0,
15.68,0,
15.69,0,
15.70,0,
15.71,0,
15.72,0,
15.73,0,
15.74,0,
15.75,0,
15.76,0,
15.77,0,
15.78,0,
15.79,0,
15.80,0,
15.81,0,
15.82,0,
15.83,1,0.028
15.84,1,0.032
15.85,1,0.042
15.86,1,0.034
15.87,1,0.024
15.88,1,0.024
15.89,1,0.031
15.90,1,0.031
15.91,1,0.032
15.92,1,0.037
15.93,1,0.043
15.94,1,0.044
15.95,1,0.071
15.96,1,0.098
15.97,1,0.114
15.98,1,0.141
15.99,1,0.395
16.00,1,0.630
16.01,1,0.818
16.02,1,0.609
16.03,1,0.161
16.04,1,0.155
16.05,1,0.100
16.06,1,0.067
16.07,1,0.060
16.08,1,0.058
16.09,1,0.057
16.10,1,0.064
16.11,1,0.085
16.12,1,0.094
16.13,1,0.084
16.14,1,0.077
16.15,1,0.068
16.16,1,0.057
16.17,1,0.056
16.18,1,0.066
16.19,1,0.066
16.20,1,0.055
16.21,1,0.057
16.22,1,0.065
16.23,1,0.074
16.24,1,0.085
16.25,1,0.107
16.26,1,0.131
16.27,1,0.146
16.28,1,0.258
16.29,1,0.376
16.30,1,0.287
16.31,1,0.231
16.32,1,0.200
16.33,1,0.157
16.34,1,0.134
16.35,1,0.132
16.36,1,0.098
16.37,1,0.081
16.38,1,0.062
16.39,1,0.063
16.40,1,0.064
16.41,1,0.063
16.42,1,0.066
16.43,1,0.069
16.44,1,0.063
16.45,1,0.062
16.46,1,0.060
16.47,1,0.057
16.48,1,0.058
16.49,1,0.061
16.50,1,0.072
16.51,1,0.114
16.52,1,0.057
16.53,1,0.042
16.54,1,0.043
16.55,1,0.043
16.56,1,0.045
16.57,1,0.051
16.58,1,0.059
16.59,1,0.063
16.60,1,0.072
16.61,1,0.096
16.62,1,0.126
16.63,1,0.383
16.64,1,0.732
16.65,1,1.421
16.66,1,1.145
16.67,1,0.253
16.68,1,0.063
16.69,1,0.034
16.70,1,0.033
16.71,1,0.042
16.72,1,0.047
16.73,1,0.060
16.74,1,0.075
16.75,1,0.081
16.76,1,0.080
16.77,1,0.082
16.78,1,0.074
16.79,1,0.063
16.80,1,0.057
16.81,1,0.052
16.82,1,0.048
16.83,1,0.048
16.84,1,0.052
16.85,1,0.057
16.86,1,0.064
16.87,1,0.068
16.88,1,0.072
16.89,1,0.073
16.90,1,0.091
16.91,1,0.102
16.92,1,0.113
16.93,1,0.112
16.94,1,0.102
16.95,1,0.089
16.96,1,0.099
16.97,1,0.112
16.98,1,0.142
16.99,1,0.200
17.00,1,0.123
17.01,1,0.065
17.02,1,0.046
17.03,1,0.042
17.04,1,0.038
17.05,1,0.038
17.06,1,0.041
17.07,1,0.042
17.08,1,0.043
17.09,1,0.043
17.10,1,0.042
17.11,1,0.050
17.12,1,0.061
17.13,1,0.066
17.14,1,0.079
17.15,1,0.088
17.16,1,0.091
17.17,1,0.091
17.18,1,0.094
17.19,1,0.092
17.20,1,0.092
17.21,1,0.092
17.22,1,0.099
17.23,1,0.092
17.24,1,0.089
17.25,1,0.101
17.26,1,0.115
17.27,1,0.133
17.28,1,0.195
17.29,1,0.263
17.30,1,0.365
17.31,1,0.343
17.32,1,0.236
17.33,1,0.191
17.34,1,0.167
17.35,1,0.150
17.36,1,0.126
17.37,1,0.099
17.38,1,0.079
17.39,1,0.065
17.40,1,0.065
17.41,1,0.065
17.42,1,0.062
17.43,1,0.064
17.44,1,0.058
17.45,1,0.047
17.46,1,0.039
17.47,1,0.033
17.48,1,0.034
17.49,1,0.036
17.50,1,0.033
17.51,1,0.031
17.52,1,0.033
17.53,1,0.030
17.54,1,0.030
17.55,1,0.031
17.56,1,0.040
17.57,1,0.043
17.58,1,0.060
17.59,1,0.081
17.60,1,0.108
17.61,1,0.135
17.62,1,0.176
17.63,1,0.200
17.64,1,0.149
17.65,1,0.106
17.66,1,0.063
17.67,1,0.044
17.68,1,0.044
17.69,1,0.047
17.70,1,0.050
17.71,1,0.062
17.72,1,0.074
17.73,1,0.074
17.74,1,0.074
17.75,1,0.079
17.76,1,0.083
17.77,1,0.082
17.78,1,0.080
17.79,1,0.077
17.80,1,0.077
17.81,1,0.075
17.82,1,0.068
17.83,1,0.075
17.84,1,0.079
17.85,1,0.079
17.86,1,0.085
17.87,1,0.094
17.88,1,0.116
17.89,1,0.122
17.90,1,0.126
17.91,1,0.125
17.92,1,0.110
17.93,1,0.089
17.94,1,0.085
17.95,1,0.073
17.96,1,0.073
17.97,1,0.086
17.98,1,0.094
17.99,1,0.096
18.00,1,0.100
18.01,1,0.103
18.02,1,0.107
18.03,1,0.108
18.04,1,0.106
18.05,1,0.101
18.06,1,0.091
18.07,1,0.081
18.08,1,0.079
18.09,1,0.078
18.10,1,0.079
18.11,1,0.080
18.12,1,0.074
18.13,1,0.073
18.14,1,0.076
18.15,1,0.080
18.16,1,0.089
18.17,1,0.109
18.18,1,0.125
18.19,1,0.158
18.20,1,0.223
18.21,1,0.298
18.22,1,0.419
18.23,1,0.782
18.24,1,1.222
18.25,1,1.186
18.26,1,1.093
18.27,1,0.961
18.28,1,0.903
18.29,1,0.961
18.30,1,1.193
18.31,1,1.634
18.32,1,2.286
18.33,1,3.079
18.34,1,3.608
18.35,1,3.872
18.36,1,3.735
18.37,1,3.635
18.38,1,3.563
18.39,1,3.346
18.40,1,2.072
18.41,1,1.173
18.42,1,0.590
18.43,1,0.443
18.44,1,0.082
18.45,1,0.072
18.46,1,0.063
18.47,1,0.060
18.48,1,0.061
18.49,1,0.078
18.50,1,0.082
18.51,1,0.085
18.52,1,0.098
18.53,1,0.096
18.54,1,0.084
18.55,1,0.073
18.56,1,0.068
18.57,1,0.063
18.58,1,0.061
18.59,1,0.068
18.60,1,0.083
18.61,1,0.092
18.62,1,0.109
18.63,1,0.158
18.64,1,0.171
18.65,1,0.185
18.66,1,0.189
18.67,1,0.097
18.68,1,0.086
18.69,1,0.073
18.70,1,0.070
18.71,1,0.068
18.72,1,0.072
18.73,1,0.084
18.74,1,0.129
18.75,1,0.260
18.76,1,0.160
18.77,1,0.090
18.78,1,0.068
18.79,1,0.041
18.80,1,0.037
18.81,1,0.043
18.82,1,0.045
18.83,1,0.045
18.84,1,0.055
18.85,1,0.064
18.86,1,0.065
18.87,1,0.068
18.88,1,0.073
18.89,1,0.071
18.90,1,0.080
18.91,1,0.083
18.92,1,0.085
18.93,1,0.087
18.94,1,0.086
18.95,1,0.075
18.96,1,0.063
18.97,1,0.057
18.98,1,0.065
18.99,1,0.079
19.00,1,0.090
19.01,1,0.098
19.02,1,0.099
19.03,1,0.094
19.04,1,0.086
19.05,1,0.086
19.06,1,0.107
19.07,1,0.182
19.08,1,0.343
19.09,1,0.339
19.10,1,0.191
19.11,1,0.118
19.12,1,0.069
19.13,1,0.056
19.14,1,0.055
19.15,1,0.062
19.16,1,0.065
19.17,1,0.069
19.18,1,0.071
19.19,1,0.074
19.20,1,0.079
19.21,1,0.090
19.22,1,0.108
19.23,1,0.164
19.24,1,0.206
19.25,1,0.170
19.26,1,0.116
19.27,1,0.106
19.28,1,0.081
19.29,1,0.066
19.30,1,0.066
19.31,1,0.067
19.32,1,0.064
19.33,1,0.065
19.34,1,0.065
19.35,1,0.065
19.36,1,0.066
19.37,1,0.070
19.38,1,0.079
19.39,1,0.092
19.40,1,0.108
19.41,1,0.124
19.42,1,0.122
19.43,1,0.093
19.44,1,0.069
19.45,1,0.057
19.46,1,0.049
19.47,1,0.053
19.48,1,0.065
19.49,1,0.073
19.50,1,0.091
19.51,1,0.116
19.52,1,0.144
19.53,1,0.211
19.54,1,0.483
19.55,1,0.741
19.56,1,1.973
19.57,1,2.023
19.58,1,1.731
19.59,1,0.571
19.60,1,0.143
19.61,1,0.063
19.62,1,0.045
19.63,1,0.045
19.64,1,0.048
19.65,1,0.049
19.66,1,0.049
19.67,1,0.052
19.68,1,0.050
19.69,1,0.047
19.70,1,0.049
19.71,1,0.058
19.72,1,0.066
19.73,1,0.077
19.74,1,0.080
19.75,1,0.080
19.76,1,0.073
19.77,1,0.062
19.78,1,0.050
19.79,1,0.048
19.80,1,0.055
19.81,1,0.064
19.82,1,0.083
19.83,1,0.128
19.84,1,0.182
19.85,1,0.277
19.86,1,0.646
19.87,1,1.370
19.88,1,1.474
19.89,1,1.484
19.90,1,1.516
19.91,1,0.622
19.92,1,0.272
19.93,1,0.071
19.94,1,0.047
19.95,1,0.047
19.96,1,0.052
19.97,1,0.059
19.98,1,0.072
19.99,1,0.087
20.00,1,0.096
20.01,1,0.106
20.02,1,0.098
20.03,1,0.092
20.04,1,0.077
20.05,1,0.070
20.06,1,0.055
20.07,1,0.054
20.08,1,0.059
20.09,1,0.060
20.10,1,0.065
20.11,1,0.068
20.12,1,0.062
20.13,1,0.056
20.14,1,0.053
20.15,1,0.065
20.16,1,0.078
20.17,1,0.100
20.18,1,0.154
20.19,1,0.307
20.20,1,0.568
20.21,1,1.408
20.22,1,1.422
20.23,1,0.974
20.24,1,0.236
20.25,1,0.126
20.26,1,0.066
20.27,1,0.055
20.28,1,0.056
20.29,1,0.055
20.30,1,0.054
20.31,1,0.060
20.32,1,0.062
20.33,1,0.060
20.34,1,0.066
20.35,1,0.067
20.36,1,0.062
20.37,1,0.062
20.38,1,0.059
20.39,1,0.054
20.40,1,0.056
20.41,1,0.061
20.42,1,0.072
20.43,1,0.078
20.44,1,0.089
20.45,1,0.088
20.46,1,0.085
20.47,1,0.082
20.48,1,0.081
20.49,1,0.075
20.50,1,0.074
20.51,1,0.068
20.52,1,0.060
20.53,1,0.052
20.54,1,0.049
20.55,1,0.049
20.56,1,0.061
20.57,1,0.076
20.58,1,0.083
20.59,1,0.091
20.60,1,0.095
20.61,1,0.081
20.62,1,0.073
20.63,1,0.075
20.64,1,0.080
20.65,1,0.091
20.66,1,0.098
20.67,1,0.098
20.68,1,0.098
20.69,1,0.091
20.70,1,0.084
20.71,1,0.081
20.72,1,0.081
20.73,1,0.083
20.74,1,0.088
20.75,1,0.096
20.76,1,0.123
20.77,1,0.190
20.78,1,0.309
20.79,1,0.576
20.80,1,0.880
20.81,1,0.871
20.82,1,0.833
20.83,0,
20.84,0,
20.85,0,
20.86,0,
20.87,0,
20.88,0,
20.89,0,
20.90,0,
20.91,0,
20.92,0,
20.93,0,
20.94,0,
20.95,0,
20.96,0,
20.97,0,
20.98,0,
20.99,0,
21.00,1,0.078
21.01,1,0.067
21.02,1,0.072
21.03,1,0.075
21.04,1,0.076
21.05,1,0.087
21.06,1,0.102
21.07,1,0.107
21.08,1,0.142
21.09,1,0.235
21.10,1,0.237
21.11,1,0.108
21.12,1,0.089
21.13,1,0.182
21.14,1,0.240
21.15,1,0.282
21.16,1,0.331
21.17,1,0.408
21.18,1,0.481
21.19,1,0.539
21.20,1,0.616
21.21,1,0.436
21.22,1,0.245
21.23,1,0.140
21.24,1,0.129
21.25,1,0.114
21.26,1,0.137
21.27,1,0.149
21.28,1,0.171
21.29,1,0.190
21.30,1,0.206
21.31,1,0.227
21.32,1,0.262
21.33,1,0.288
21.34,1,0.338
21.35,1,0.451
21.36,1,0.576
21.37,1,0.497
21.38,1,0.424
21.39,1,0.218
21.40,1,0.123
21.41,1,0.094
21.42,1,0.091
21.43,1,0.096
21.44,1,0.103
21.45,1,0.111
21.46,1,0.128
21.47,1,0.154
21.48,1,0.172
21.49,1,0.195
21.50,1,0.240
21.51,1,0.220
21.52,1,0.128
21.53,1,0.093
21.54,1,0.083
21.55,1,0.075
21.56,1,0.076
21.57,1,0.084
21.58,1,0.099
21.59,1,0.125
21.60,1,0.188
21.61,1,0.259
21.62,1,0.269
21.63,1,0.205
21.64,1,0.080
21.65,1,0.054
21.66,1,0.059
21.67,1,0.080
21.68,1,0.092
21.69,1,0.115
21.70,1,0.142
21.71,1,0.127
21.72,1,0.179
21.73,1,0.244
21.74,1,0.254
21.75,1,0.251
21.76,1,0.269
21.77,1,0.260
21.78,1,0.235
21.79,1,0.235
21.80,1,0.256
21.81,1,0.282
21.82,1,0.326
21.83,1,0.407
21.84,1,0.465
21.85,1,0.503
21.86,1,0.399
21.87,1,0.204
21.88,1,0.148
21.89,1,0.123
21.90,1,0.108
21.91,1,0.110
21.92,1,0.104
21.93,1,0.116
21.94,1,0.120
21.95,1,0.133
21.96,1,0.140
21.97,1,0.156
21.98,1,0.164
21.99,1,0.186
22.00,1,0.228
22.01,1,0.278
22.02,1,0.312
22.03,1,0.362
22.04,1,0.353
22.05,1,0.398
22.06,1,0.381
22.07,1,0.357
22.08,1,0.358
22.09,1,0.351
22.10,1,0.327
22.11,1,0.310
22.12,1,0.299
22.13,1,0.298
22.14,1,0.289
22.15,1,0.313
22.16,1,0.294
22.17,1,0.306
22.18,1,0.315
22.19,1,0.311
22.20,1,0.282
22.21,1,0.257
22.22,1,0.185
22.23,1,0.168
22.24,1,0.192
22.25,1,0.192
22.26,1,0.207
22.27,1,0.231
22.28,1,0.239
22.29,1,0.248
22.30,1,0.291
22.31,1,0.324
22.32,1,0.351
22.33,1,0.371
22.34,1,0.362
22.35,1,0.340
22.36,1,0.312
22.37,1,0.295
22.38,1,0.276
22.39,1,0.254
22.40,1,0.227
22.41,1,0.211
22.42,1,0.193
22.43,1,0.193
22.44,1,0.198
22.45,1,0.224
22.46,1,0.243
22.47,1,0.278
22.48,1,0.283
22.49,1,0.307
22.50,1,0.326
22.51,1,0.344
22.52,1,0.304
22.53,1,0.289
22.54,1,0.239
22.55,1,0.196
22.56,1,0.175
22.57,1,0.148
22.58,1,0.144
22.59,1,0.145
22.60,1,0.152
22.61,1,0.163
22.62,1,0.190
22.63,1,0.215
22.64,1,0.201
22.65,1,0.219
22.66,1,0.207
22.67,1,0.201
22.68,1,0.195
22.69,1,0.188
22.70,1,0.187
22.71,1,0.199
22.72,1,0.203
22.73,1,0.204
22.74,1,0.210
22.75,1,0.206
22.76,1,0.208
22.77,1,0.205
22.78,1,0.223
22.79,1,0.211
22.80,1,0.224
22.81,1,0.248
22.82,1,0.284
22.83,1,0.279
22.84,1,0.241
22.85,1,0.194
22.86,1,0.192
22.87,1,0.176
22.88,1,0.196
22.89,1,0.206
22.90,1,0.206
22.91,1,0.216
22.92,1,0.238
22.93,1,0.241
22.94,1,0.264
22.95,1,0.286
22.96,1,0.280
22.97,1,0.260
22.98,1,0.250
22.99,1,0.233
23.00,1,0.219
23.01,1,0.208
23.02,1,0.227
23.03,1,0.258
23.04,1,0.286
23.05,1,0.309
23.06,1,0.321
23.07,1,0.332
23.08,1,0.350
23.09,1,0.343
23.10,1,0.334
23.11,1,0.339
23.12,1,0.340
23.13,1,0.338
23.14,1,0.337
23.15,1,0.319
23.16,1,0.318
23.17,1,0.297
23.18,1,0.269
23.19,1,0.238
23.20,1,0.230
23.21,1,0.207
23.22,1,0.212
23.23,1,0.225
23.24,1,0.235
23.25,1,0.259
23.26,1,0.280
23.27,1,0.256
23.28,1,0.238
23.29,1,0.234
23.30,1,0.181
23.31,1,0.165
23.32,1,0.200
23.33,1,0.220
23.34,1,0.238
23.35,1,0.249
23.36,1,0.327
23.37,1,0.271
23.38,1,0.300
23.39,1,0.474
23.40,1,0.680
23.41,1,0.803
23.42,1,0.836
23.43,1,0.941
23.44,1,0.997
23.45,1,1.058
23.46,0,
23.47,0,
23.48,0,
23.49,0,
23.50,0,
23.51,0,
23.52,0,
23.53,0,
23.54,0,
23.55,0,
23.56,0,
23.57,0,
23.58,0,
23.59,0,
23.60,0,
23.61,0,
23.62,0,
23.63,0,
23.64,0,
23.65,1,0.682
23.66,1,0.447
23.67,1,0.508
23.68,1,0.609
23.69,1,0.612
23.70,1,0.594
23.71,1,0.390
23.72,1,0.128
23.73,1,0.097
23.74,1,0.158
23.75,1,0.214
23.76,1,0.254
23.77,1,0.281
23.78,1,0.311
23.79,1,0.328
23.80,1,0.320
23.81,1,0.307
23.82,1,0.297
23.83,1,0.316
23.84,1,0.321
23.85,1,0.331
23.86,1,0.344
23.87,1,0.337
23.88,1,0.324
23.89,1,0.295
23.90,1,0.280
23.91,1,0.253
23.92,1,0.254
23.93,1,0.295
23.94,1,0.339
23.95,1,0.332
23.96,1,0.308
23.97,1,0.254
23.98,1,0.237
23.99,1,0.255
24.00,1,0.243
24.01,1,0.261
24.02,1,0.270
24.03,1,0.266
24.04,1,0.247
24.05,1,0.246
24.06,1,0.232
24.07,1,0.241
24.08,1,0.283
24.09,1,0.326
24.10,1,0.392
24.11,1,0.534
24.12,1,0.515
24.13,1,0.264
24.14,1,0.133
24.15,1,0.093
24.16,1,0.087
24.17,1,0.097
24.18,1,0.111
24.19,1,0.114
24.20,1,0.121
24.21,1,0.125
24.22,1,0.113
24.23,1,0.114
24.24,1,0.139
24.25,1,0.176
24.26,1,0.225
24.27,1,0.273
24.28,1,0.320
24.29,1,0.358
24.30,1,0.349
24.31,1,0.232
24.32,1,0.220
24.33,1,0.236
24.34,1,0.246
24.35,1,0.268
24.36,1,0.296
24.37,1,0.282
24.38,1,0.305
24.39,1,0.362
24.40,1,0.381
24.41,1,0.477
24.42,1,0.872
24.43,1,1.318
24.44,1,0.978
24.45,1,0.197
24.46,1,0.129
24.47,1,0.136
24.48,1,0.132
24.49,1,0.127
24.50,1,0.135
24.51,1,0.145
24.52,1,0.146
24.53,1,0.170
24.54,1,0.191
24.55,1,0.287
24.56,1,0.353
24.57,1,0.571
24.58,1,0.939
24.59,1,0.807
24.60,1,0.600
24.61,1,0.277
24.62,1,0.197
24.63,1,0.152
24.64,1,0.187
24.65,1,0.225
24.66,1,0.268
24.67,1,0.314
24.68,1,0.349
24.69,1,0.373
24.70,1,0.390
24.71,1,0.387
24.72,1,0.375
24.73,1,0.360
24.74,1,0.352
24.75,1,0.348
24.76,1,0.356
24.77,1,0.373
24.78,1,0.336
24.79,1,0.219
24.80,1,0.177
24.81,1,0.172
24.82,1,0.166
24.83,1,0.175
24.84,1,0.184
24.85,1,0.183
24.86,1,0.179
24.87,1,0.177
24.88,1,0.184
24.89,1,0.205
24.90,1,0.227
24.91,1,0.239
24.92,1,0.268
24.93,1,0.276
24.94,1,0.275
24.95,1,0.261
24.96,1,0.222
24.97,1,0.166
24.98,1,0.121
24.99,1,0.101
25.00,1,0.102
25.01,1,0.105
25.02,1,0.111
25.03,1,0.116
25.04,1,0.115
25.05,1,0.111
25.06,1,0.096
25.07,1,0.086
25.08,1,0.072
25.09,1,0.071
25.10,1,0.100
25.11,1,0.109
25.12,1,0.144
25.13,1,0.153
25.14,1,0.168
25.15,1,0.194
25.16,1,0.228
25.17,1,0.258
25.18,1,0.313
25.19,1,0.353
25.20,1,0.362
25.21,1,0.349
25.22,1,0.316
25.23,1,0.293
25.24,1,0.258
25.25,1,0.231
25.26,1,0.263
25.27,1,0.280
25.28,1,0.211
25.29,1,0.261
25.30,1,0.344
25.31,1,0.359
25.32,1,0.364
25.33,1,0.393
25.34,1,0.406
25.35,1,0.373
25.36,1,0.381
25.37,1,0.396
25.38,1,0.418
25.39,1,0.443
25.40,1,0.705
25.41,1,0.390
25.42,1,0.138
25.43,1,0.101
25.44,1,0.099
25.45,1,0.102
25.46,1,0.105
25.47,1,0.124
25.48,1,0.140
25.49,1,0.139
25.50,1,0.151
25.51,1,0.158
25.52,1,0.145
25.53,1,0.129
25.54,1,0.118
25.55,1,0.110
25.56,1,0.107
25.57,1,0.103
25.58,1,0.110
25.59,1,0.110
25.60,1,0.120
25.61,1,0.134
25.62,1,0.159
25.63,1,0.177
25.64,1,0.177
25.65,1,0.172
25.66,1,0.187
25.67,1,0.190
25.68,1,0.192
25.69,1,0.235
25.70,1,0.306
25.71,1,0.388
25.72,1,0.756
25.73,1,0.817
25.74,1,0.626
25.75,1,0.384
25.76,1,0.193
25.77,1,0.150
25.78,1,0.134
25.79,1,0.175
25.80,1,0.188
25.81,1,0.210
25.82,1,0.235
25.83,1,0.257
25.84,1,0.242
25.85,1,0.252
25.86,1,0.184
25.87,1,0.157
25.88,1,0.168
25.89,1,0.197
25.90,1,0.226
25.91,1,0.258
25.92,1,0.287
25.93,1,0.281
25.94,1,0.239
25.95,1,0.191
25.96,1,0.181
25.97,1,0.190
25.98,1,0.190
25.99,1,0.224
26.00,1,0.220
26.01,1,0.226
26.02,1,0.237
26.03,1,0.253
26.04,1,0.249
26.05,1,0.207
26.06,1,0.196
26.07,1,0.170
26.08,1,0.172
26.09,1,0.151
26.10,1,0.153
26.11,1,0.149
26.12,1,0.165
26.13,1,0.150
26.14,1,0.162
26.15,1,0.164
26.16,1,0.158
26.17,1,0.158
26.18,1,0.164
26.19,1,0.180
26.20,1,0.196
26.21,1,0.209
26.22,1,0.213
26.23,1,0.192
26.24,1,0.171
26.25,1,0.155
26.26,1,0.143
26.27,1,0.140
26.28,1,0.135
26.29,1,0.185
26.30,1,0.225
26.31,1,0.249
26.32,1,0.294
26.33,1,0.298
26.34,1,0.267
26.35,1,0.225
26.36,1,0.200
26.37,1,0.172
26.38,1,0.153
26.39,1,0.144
26.40,1,0.143
26.41,1,0.139
26.42,1,0.148
26.43,1,0.133
26.44,1,0.125
26.45,1,0.117
26.46,1,0.115
26.47,1,0.122
26.48,1,0.138
26.49,1,0.170
26.50,1,0.200
26.51,1,0.232
26.52,1,0.244
26.53,1,0.254
26.54,1,0.214
26.55,1,0.158
26.56,1,0.135
26.57,1,0.126
26.58,1,0.139
26.59,1,0.157
26.60,1,0.181
26.61,1,0.193
26.62,1,0.209
26.63,1,0.197
26.64,1,0.187
26.65,1,0.193
26.66,1,0.193
26.67,1,0.191
26.68,1,0.199
26.69,1,0.211
26.70,1,0.221
26.71,1,0.242
26.72,1,0.308
26.73,1,0.341
26.74,1,0.347
26.75,1,0.358
26.76,1,0.388
26.77,1,0.427
26.78,1,0.491
26.79,1,0.673
26.80,1,1.322
26.81,1,1.389
26.82,1,1.432
26.83,1,1.617
26.84,1,1.852
26.85,1,2.142
26.86,1,1.716
26.87,1,0.421
26.88,1,0.238
26.89,1,0.168
26.90,1,0.125
26.91,1,0.142
26.92,1,0.159
26.93,1,0.165
26.94,1,0.165
26.95,1,0.172
26.96,1,0.155
26.97,1,0.133
26.98,1,0.138
26.99,1,0.132
27.00,1,0.138
27.01,1,0.163
27.02,1,0.175
27.03,1,0.153
27.04,1,0.159
27.05,1,0.155
27.06,1,0.144
27.07,1,0.154
27.08,1,0.172
27.09,1,0.165
27.10,1,0.159
27.11,1,0.150
27.12,1,0.134
27.13,1,0.127
27.14,1,0.143
27.15,1,0.167
27.16,1,0.185
27.17,1,0.175
27.18,1,0.154
27.19,1,0.107
27.20,1,0.081
27.21,1,0.071
27.22,1,0.081
27.23,1,0.085
27.24,1,0.108
27.25,1,0.132
27.26,1,0.148
27.27,1,0.169
27.28,1,0.194
27.29,1,0.189
27.30,1,0.208
27.31,1,0.227
27.32,1,0.245
27.33,1,0.250
27.34,1,0.239
27.35,1,0.234
27.36,1,0.253
27.37,1,0.269
27.38,1,0.284
27.39,1,0.298
27.40,1,0.314
27.41,1,0.354
27.42,1,0.451
27.43,1,0.508
27.44,1,0.645
27.45,1,0.643
27.46,1,0.626
27.47,1,0.628
27.48,1,0.602
27.49,1,0.651
27.50,1,0.654
27.51,1,0.253
27.52,1,0.130
27.53,1,0.076
27.54,1,0.077
27.55,1,0.094
27.56,1,0.119
27.57,1,0.137
27.58,1,0.174
27.59,1,0.201
27.60,1,0.197
27.61,1,0.214
27.62,1,0.221
27.63,1,0.223
27.64,1,0.197
27.65,1,0.161
27.66,1,0.144
27.67,1,0.144
27.68,1,0.148
27.69,1,0.164
27.70,1,0.188
27.71,1,0.197
27.72,1,0.168
27.73,1,0.166
27.74,1,0.156
27.75,1,0.138
27.76,1,0.141
27.77,1,0.155
27.78,1,0.187
27.79,1,0.221
27.80,1,0.246
27.81,1,0.168
27.82,1,0.096
27.83,1,0.084
27.84,1,0.082
27.85,1,0.086
27.86,1,0.091
27.87,1,0.089
27.88,1,0.095
27.89,1,0.109
27.90,1,0.125
27.91,1,0.141
27.92,1,0.158
27.93,1,0.170
27.94,1,0.177
27.95,1,0.178
27.96,1,0.194
27.97,1,0.201
27.98,1,0.198
27.99,1,0.187
28.00,1,0.153
28.01,1,0.129
28.02,1,0.131
28.03,1,0.129
28.04,1,0.132
28.05,1,0.134
28.06,1,0.134
28.07,1,0.123
28.08,1,0.125
28.09,1,0.113
28.10,1,0.104
28.11,1,0.100
28.12,1,0.096
28.13,1,0.084
28.14,1,0.087
28.15,1,0.078
28.16,1,0.073
28.17,1,0.068
28.18,1,0.066
28.19,1,0.066
28.20,1,0.063
28.21,1,0.067
28.22,1,0.077
28.23,1,0.087
28.24,1,0.095
28.25,1,0.102
28.26,1,0.105
28.27,1,0.097
28.28,1,0.089
28.29,1,0.083
28.30,1,0.075
28.31,1,0.075
28.32,1,0.080
28.33,1,0.081
28.34,1,0.085
28.35,1,0.084
28.36,1,0.081
28.37,1,0.077
28.38,1,0.070
28.39,1,0.063
28.40,1,0.059
28.41,1,0.057
28.42,1,0.058
28.43,1,0.061
28.44,1,0.069
28.45,1,0.073
28.46,1,0.077
28.47,1,0.080
28.48,1,0.083
28.49,1,0.085
28.50,1,0.090
28.51,1,0.090
28.52,1,0.091
28.53,1,0.115
28.54,1,0.147
28.55,1,0.218
28.56,1,0.369
28.57,1,0.562
28.58,1,0.784
28.59,1,1.169
28.60,1,1.360
28.61,1,1.375
28.62,1,1.282
28.63,0,
28.64,0,
28.65,0,
28.66,0,
28.67,0,
28.68,0,
28.69,0,
28.70,0,
28.71,0,
28.72,0,
28.73,0,
28.74,0,
28.75,0,
28.76,0,
28.77,0,
28.78,0,
28.79,1,0.553
28.80,1,0.508
28.81,1,0.483
28.82,1,0.150
28.83,1,0.086
28.84,1,0.074
28.85,1,0.069
28.86,1,0.066
28.87,1,0.062
28.88,1,0.056
28.89,1,0.060
28.90,1,0.058
28.91,1,0.059
28.92,1,0.059
28.93,1,0.059
28.94,1,0.062
28.95,1,0.065
28.96,1,0.068
28.97,1,0.071
28.98,1,0.075
28.99,1,0.083
29.00,1,0.083
29.01,1,0.088
29.02,1,0.087
29.03,1,0.089
29.04,1,0.091
29.05,1,0.098
29.06,1,0.113
29.07,1,0.126
29.08,1,0.134
29.09,1,0.147
29.10,1,0.151
29.11,1,0.134
29.12,1,0.130
29.13,1,0.135
29.14,1,0.143
29.15,1,0.149
29.16,1,0.130
29.17,1,0.092
29.18,1,0.072
29.19,1,0.062
29.20,1,0.061
29.21,1,0.067
29.22,1,0.073
29.23,1,0.080
29.24,1,0.089
29.25,1,0.106
29.26,1,0.103
29.27,1,0.102
29.28,1,0.105
29.29,1,0.098
29.30,1,0.087
29.31,1,0.087
29.32,1,0.082
29.33,1,0.075
29.34,1,0.074
29.35,1,0.076
29.36,1,0.066
29.37,1,0.062
29.38,1,0.063
29.39,1,0.073
29.40,1,0.081
29.41,1,0.097
29.42,1,0.137
29.43,1,0.236
29.44,1,0.418
29.45,1,0.783
29.46,1,1.213
29.47,1,0.990
29.48,1,0.795
29.49,1,0.153
29.50,1,0.065
29.51,1,0.059
29.52,1,0.058
29.53,1,0.051
29.54,1,0.048
29.55,1,0.052
29.56,1,0.044
29.57,1,0.040
29.58,1,0.042
29.59,1,0.042
29.60,1,0.044
29.61,1,0.046
29.62,1,0.049
29.63,1,0.053
29.64,1,0.070
29.65,1,0.084
29.66,1,0.091
29.67,1,0.092
29.68,1,0.092
29.69,1,0.099
29.70,1,0.105
29.71,1,0.131
29.72,1,0.224
29.73,1,0.502
29.74,1,0.836
29.75,1,1.255
29.76,1,1.191
29.77,1,0.322
29.78,1,0.225
29.79,1,0.209
29.80,1,0.195
29.81,1,0.143
29.82,1,0.099
29.83,1,0.068
29.84,1,0.052
29.85,1,0.031
29.86,1,0.026
29.87,1,0.029
29.88,1,0.032
29.89,1,0.038
29.90,1,0.047
29.91,1,0.055
29.92,1,0.058
29.93,1,0.056
29.94,1,0.054
29.95,1,0.058
29.96,1,0.065
29.97,1,0.073
29.98,1,0.079
29.99,1,0.083
30.00,1,0.082
30.01,1,0.080
30.02,1,0.078
30.03,1,0.080
30.04,1,0.084
30.05,1,0.097
30.06,1,0.111
30.07,1,0.118
30.08,1,0.119
30.09,1,0.117
30.10,1,0.107
30.11,1,0.093
30.12,1,0.088
30.13,1,0.095
30.14,1,0.092
30.15,1,0.091
30.16,1,0.090
30.17,1,0.084
30.18,1,0.073
30.19,1,0.080
30.20,1,0.086
30.21,1,0.087
30.22,1,0.090
30.23,1,0.093
30.24,1,0.084
30.25,1,0.086
30.26,1,0.087
30.27,1,0.087
30.28,1,0.084
30.29,1,0.089
30.30,1,0.088
30.31,1,0.088
30.32,1,0.090
30.33,1,0.093
30.34,1,0.088
30.35,1,0.087
30.36,1,0.082
30.37,1,0.083
30.38,1,0.086
30.39,1,0.092
30.40,1,0.099
30.41,1,0.102
30.42,1,0.105
30.43,1,0.101
30.44,1,0.094
30.45,1,0.092
30.46,1,0.101
30.47,1,0.114
30.48,1,0.129
30.49,1,0.134
30.50,1,0.131
30.51,1,0.127
30.52,1,0.114
30.53,1,0.105
30.54,1,0.103
30.55,1,0.104
30.56,1,0.101
30.57,1,0.099
30.58,1,0.099
30.59,1,0.103
30.60,1,0.115
30.61,1,0.129
30.62,1,0.142
30.63,1,0.159
30.64,1,0.164
30.65,1,0.175
30.66,1,0.194
30.67,1,0.220
30.68,1,0.267
30.69,1,0.462
30.70,1,1.044
30.71,1,1.094
30.72,1,0.668
30.73,1,0.420
30.74,1,0.280
30.75,1,0.193
30.76,1,0.163
30.77,1,0.139
30.78,1,0.144
30.79,1,0.141
30.80,1,0.145
30.81,1,0.155
30.82,1,0.174
30.83,1,0.170
30.84,1,0.197
30.85,1,0.243
30.86,1,0.350
30.87,1,0.477
30.88,1,0.628
30.89,1,0.696
30.90,1,0.475
30.91,1,0.247
30.92,1,0.110
30.93,1,0.110
30.94,1,0.074
30.95,1,0.055
30.96,1,0.042
30.97,1,0.056
30.98,1,0.063
30.99,1,0.063
31.00,1,0.069
31.01,1,0.087
31.02,1,0.103
31.03,1,0.124
31.04,1,0.171
31.05,1,0.250
31.06,1,0.438
31.07,1,0.425
31.08,1,0.413
31.09,1,0.135
31.10,1,0.095
31.11,1,0.077
31.12,1,0.079
31.13,1,0.081
31.14,1,0.093
31.15,1,0.096
31.16,1,0.115
31.17,1,0.146
31.18,1,0.177
31.19,1,0.249
31.20,1,0.523
31.21,1,0.953
31.22,1,0.885
31.23,1,0.715
31.24,1,0.274
31.25,1,0.214
31.26,1,0.106
31.27,1,0.072
31.28,1,0.057
31.29,1,0.049
31.30,1,0.044
31.31,1,0.049
31.32,1,0.056
31.33,1,0.068
31.34,1,0.090
31.35,1,0.108
31.36,1,0.127
31.37,1,0.159
31.38,1,0.208
31.39,1,0.264
31.40,1,0.330
31.41,1,0.474
31.42,1,0.322
31.43,1,0.119
31.44,1,0.066
31.45,1,0.053
31.46,1,0.046
31.47,1,0.029
31.48,1,0.027
31.49,1,0.036
31.50,1,0.047
31.51,1,0.052
31.52,1,0.057
31.53,1,0.062
31.54,1,0.064
31.55,1,0.063
31.56,1,0.067
31.57,1,0.070
31.58,1,0.066
31.59,1,0.074
31.60,1,0.072
31.61,1,0.067
31.62,1,0.068
31.63,1,0.068
31.64,1,0.066
31.65,1,0.071
31.66,1,0.070
31.67,1,0.072
31.68,1,0.085
31.69,1,0.102
31.70,1,0.158
31.71,1,0.308
31.72,1,0.617
31.73,1,0.871
31.74,1,0.620
31.75,1,0.451
31.76,1,0.269
31.77,1,0.140
31.78,1,0.085
31.79,1,0.066
31.80,1,0.053
31.81,1,0.064
31.82,1,0.070
31.83,1,0.078
31.84,1,0.088
31.85,1,0.090
31.86,1,0.088
31.87,1,0.096
31.88,1,0.095
31.89,1,0.092
31.90,1,0.084
31.91,1,0.077
31.92,1,0.071
31.93,1,0.069
31.94,1,0.055
31.95,1,0.048
31.96,1,0.045
31.97,1,0.053
31.98,1,0.061
31.99,1,0.084
32.00,1,0.107
32.01,1,0.127
32.02,1,0.158
32.03,1,0.168
32.04,1,0.146
32.05,1,0.136
32.06,1,0.127
32.07,1,0.124
32.08,1,0.132
32.09,1,0.106
32.10,1,0.089
32.11,1,0.082
32.12,1,0.076
32.13,1,0.071
32.14,1,0.070
32.15,1,0.075
32.16,1,0.082
32.17,1,0.085
32.18,1,0.097
32.19,1,0.103
32.20,1,0.100
32.21,1,0.095
32.22,1,0.086
32.23,1,0.080
32.24,1,0.082
32.25,1,0.083
32.26,1,0.086
32.27,1,0.094
32.28,1,0.106
32.29,1,0.126
32.30,1,0.143
32.31,1,0.158
32.32,1,0.164
32.33,1,0.167
32.34,1,0.164
32.35,1,0.151
32.36,1,0.132
32.37,1,0.115
32.38,1,0.093
32.39,1,0.073
32.40,1,0.072
32.41,1,0.072
32.42,1,0.064
32.43,1,0.059
32.44,1,0.058
32.45,1,0.056
32.46,1,0.057
32.47,1,0.058
32.48,1,0.056
32.49,1,0.058
32.50,1,0.051
32.51,1,0.052
32.52,1,0.056
32.53,1,0.062
32.54,1,0.059
32.55,1,0.057
32.56,1,0.052
32.57,1,0.055
32.58,1,0.065
32.59,1,0.072
32.60,1,0.078
32.61,1,0.080
32.62,1,0.089
32.63,1,0.096
32.64,1,0.121
32.65,1,0.151
32.66,1,0.216
32.67,1,0.286
32.68,1,0.472
32.69,1,0.428
32.70,1,0.457
32.71,1,0.436
32.72,1,0.262
32.73,1,0.155
32.74,1,0.110
32.75,1,0.074
32.76,1,0.063
32.77,1,0.059
32.78,1,0.060
32.79,1,0.060
32.80,1,0.066
32.81,1,0.069
32.82,1,0.073
32.83,1,0.073
32.84,1,0.083
32.85,1,0.090
32.86,1,0.104
32.87,1,0.099
32.88,1,0.094
32.89,1,0.086
32.90,1,0.086
32.91,1,0.085
32.92,1,0.088
32.93,1,0.093
32.94,1,0.097
32.95,1,0.111
32.96,1,0.131
32.97,1,0.162
32.98,1,0.246
32.99,1,0.527
33.00,1,0.836
33.01,1,1.290
33.02,1,1.262
33.03,1,1.086
33.04,1,0.312
33.05,1,0.147
33.06,1,0.087
33.07,1,0.060
33.08,1,0.053
33.09,1,0.068
33.10,1,0.070
33.11,1,0.075
33.12,1,0.083
33.13,1,0.079
33.14,1,0.068
33.15,1,0.068
33.16,1,0.072
33.17,1,0.080
33.18,1,0.075
33.19,1,0.080
33.20,1,0.086
33.21,1,0.086
33.22,1,0.080
33.23,1,0.085
33.24,1,0.078
33.25,1,0.074
33.26,1,0.072
33.27,1,0.081
33.28,1,0.112
33.29,1,0.151
33.30,1,0.273
33.31,1,0.868
33.32,1,0.924
33.33,1,1.115
33.34,1,1.134
33.35,1,0.958
33.36,1,0.706
33.37,1,0.284
33.38,1,0.194
33.39,1,0.123
33.40,1,0.086
33.41,1,0.065
33.42,1,0.062
33.43,1,0.058
33.44,1,0.057
33.45,1,0.061
33.46,1,0.064
33.47,1,0.064
33.48,1,0.071
33.49,1,0.082
33.50,1,0.091
33.51,1,0.095
33.52,1,0.100
33.53,1,0.106
33.54,1,0.110
33.55,1,0.108
33.56,1,0.106
33.57,1,0.093
33.58,1,0.086
33.59,1,0.077
33.60,1,0.072
33.61,1,0.077
33.62,1,0.091
33.63,1,0.097
33.64,1,0.157
33.65,1,0.226
33.66,1,0.309
33.67,1,0.300
33.68,1,0.276
33.69,1,0.131
33.70,1,0.096
33.71,1,0.085
33.72,1,0.074
33.73,1,0.062
33.74,1,0.063
33.75,1,0.063
33.76,1,0.061
33.77,1,0.064
33.78,1,0.071
33.79,1,0.075
33.80,1,0.082
33.81,1,0.094
33.82,1,0.103
33.83,1,0.109
33.84,1,0.120
33.85,1,0.125
33.86,1,0.126
33.87,1,0.127
33.88,1,0.125
33.89,1,0.126
33.90,1,0.137
33.91,1,0.148
33.92,1,0.169
33.93,1,0.195
33.94,1,0.225
33.95,1,0.253
33.96,1,0.285
33.97,1,0.333
33.98,1,0.355
33.99,1,0.329
34.00,1,0.240
34.01,1,0.194
34.02,1,0.161
34.03,1,0.160
34.04,1,0.152
34.05,1,0.131
34.06,1,0.093
34.07,1,0.062
34.08,1,0.054
34.09,1,0.053
34.10,1,0.061
34.11,1,0.066
34.12,1,0.086
34.13,1,0.127
34.14,1,0.315
34.15,1,0.494
34.16,1,0.466
34.17,1,0.485
34.18,1,0.301
34.19,1,0.110
34.20,1,0.050
34.21,1,0.035
34.22,1,0.033
34.23,1,0.027
34.24,1,0.028
34.25,1,0.029
34.26,1,0.029
34.27,1,0.034
34.28,1,0.043
34.29,1,0.050
34.30,1,0.067
34.31,1,0.084
34.32,1,0.109
34.33,1,0.165
34.34,1,0.171
34.35,1,0.091
34.36,1,0.076
34.37,1,0.079
34.38,1,0.085
34.39,1,0.086
34.40,1,0.086
34.41,1,0.083
34.42,1,0.077
34.43,1,0.070
34.44,1,0.075
34.45,1,0.085
34.46,1,0.097
34.47,1,0.109
34.48,1,0.120
34.49,1,0.119
34.50,1,0.113
34.51,1,0.109
34.52,1,0.099
34.53,1,0.092
34.54,1,0.082
34.55,1,0.071
34.56,1,0.071
34.57,1,0.089
34.58,1,0.106
34.59,1,0.114
34.60,1,0.126
34.61,1,0.138
34.62,1,0.143
34.63,1,0.153
34.64,1,0.158
34.65,1,0.166
34.66,1,0.162
34.67,1,0.121
34.68,1,0.061
34.69,1,0.042
34.70,1,0.039
34.71,1,0.039
34.72,1,0.041
34.73,1,0.053
34.74,1,0.077
34.75,1,0.096
34.76,1,0.135
34.77,1,0.195
34.78,1,0.499
34.79,1,0.670
34.80,1,0.746
34.81,1,0.243
34.82,1,0.182
34.83,1,0.143
34.84,1,0.075
34.85,1,0.066
34.86,1,0.062
34.87,1,0.056
34.88,1,0.052
34.89,1,0.052
34.90,1,0.058
34.91,1,0.062
34.92,1,0.067
34.93,1,0.076
34.94,1,0.089
34.95,1,0.094
34.96,1,0.096
34.97,1,0.093
34.98,1,0.078
34.99,1,0.073
35.00,1,0.072
35.01,1,0.069
35.02,1,0.067
35.03,1,0.066
35.04,1,0.059
35.05,1,0.053
35.06,1,0.055
35.07,1,0.061
35.08,1,0.061
35.09,1,0.069
35.10,1,0.076
35.11,1,0.080
35.12,1,0.084
35.13,1,0.092
35.14,1,0.092
35.15,1,0.098
35.16,1,0.109
35.17,1,0.112
35.18,1,0.120
35.19,1,0.123
35.20,1,0.118
35.21,1,0.126
35.22,1,0.118
35.23,1,0.123
35.24,1,0.123
35.25,1,0.140
35.26,1,0.142
35.27,1,0.144
35.28,1,0.136
35.29,1,0.120
35.30,1,0.110
35.31,1,0.084
35.32,1,0.067
35.33,1,0.065
35.34,1,0.071
35.35,1,0.073
35.36,1,0.081
35.37,1,0.100
35.38,1,0.145
35.39,1,0.239
35.40,1,0.527
35.41,1,0.901
35.42,1,0.209
35.43,1,0.147
35.44,1,0.155
35.45,1,0.166
35.46,1,0.176
35.47,1,0.209
35.48,1,0.217
35.49,1,0.165
35.50,1,0.118
35.51,1,0.088
35.52,1,0.067
35.53,1,0.060
35.54,1,0.061
35.55,1,0.057
35.56,1,0.062
35.57,1,0.067
35.58,1,0.076
35.59,1,0.083
35.60,1,0.089
35.61,1,0.088
35.62,1,0.080
35.63,1,0.075
35.64,1,0.066
35.65,1,0.054
35.66,1,0.053
35.67,1,0.057
35.68,1,0.068
35.69,1,0.091
35.70,1,0.100
35.71,1,0.098
35.72,1,0.097
35.73,1,0.086
35.74,1,0.071
35.75,1,0.081
35.76,1,0.105
35.77,1,0.113
35.78,1,0.121
35.79,1,0.126
35.80,1,0.124
35.81,1,0.123
35.82,1,0.122
35.83,1,0.115
35.84,1,0.112
35.85,1,0.099
35.86,1,0.079
35.87,1,0.066
35.88,1,0.060
35.89,1,0.061
35.90,1,0.074
35.91,1,0.078
35.92,1,0.104
35.93,1,0.131
35.94,1,0.140
35.95,1,0.157
35.96,1,0.162
35.97,1,0.139
35.98,1,0.133
35.99,1,0.125
36.00,1,0.110
36.01,1,0.110
36.02,1,0.112
36.03,1,0.121
36.04,1,0.135
36.05,1,0.176
36.06,1,0.331
36.07,1,0.428
36.08,1,0.360
36.09,1,0.161
36.10,1,0.107
36.11,1,0.073
36.12,1,0.068
36.13,1,0.076
36.14,1,0.084
36.15,1,0.094
36.16,1,0.083
36.17,1,0.070
36.18,1,0.060
36.19,1,0.058
36.20,1,0.066
36.21,1,0.075
36.22,1,0.089
36.23,1,0.107
36.24,1,0.130
36.25,1,0.136
36.26,1,0.131
36.27,1,0.121
36.28,1,0.094
36.29,1,0.082
36.30,1,0.083
36.31,1,0.098
36.32,1,0.123
36.33,1,0.141
36.34,1,0.152
36.35,1,0.159
36.36,1,0.162
36.37,1,0.161
36.38,1,0.173
36.39,1,0.173
36.40,1,0.166
36.41,1,0.164
36.42,1,0.162
36.43,1,0.162
36.44,1,0.163
36.45,1,0.158
36.46,1,0.153
36.47,1,0.134
36.48,1,0.111
36.49,1,0.098
36.50,1,0.094
36.51,1,0.097
36.52,1,0.100
36.53,1,0.117
36.54,1,0.129
36.55,1,0.139
36.56,1,0.148
36.57,1,0.149
36.58,1,0.167
36.59,1,0.178
36.60,1,0.181
36.61,1,0.205
36.62,1,0.213
36.63,1,0.207
36.64,1,0.210
36.65,1,0.221
36.66,1,0.207
36.67,1,0.210
36.68,1,0.221
36.69,1,0.219
36.70,1,0.204
36.71,1,0.206
36.72,1,0.199
36.73,1,0.172
36.74,1,0.153
36.75,1,0.152
36.76,1,0.144
36.77,1,0.127
36.78,1,0.136
36.79,1,0.122
36.80,1,0.107
36.81,1,0.096
36.82,1,0.097
36.83,1,0.087
36.84,1,0.087
36.85,1,0.090
36.86,1,0.094
36.87,1,0.097
36.88,1,0.111
36.89,1,0.124
36.90,1,0.142
36.91,1,0.170
36.92,1,0.183
36.93,1,0.166
36.94,1,0.168
36.95,1,0.193
36.96,1,0.202
36.97,1,0.205
36.98,1,0.211
36.99,1,0.203
37.00,1,0.200
37.01,1,0.186
37.02,1,0.194
37.03,1,0.202
37.04,1,0.199
37.05,1,0.204
37.06,1,0.204
37.07,1,0.199
37.08,1,0.194
37.09,1,0.188
37.10,1,0.195
37.11,1,0.207
37.12,1,0.212
37.13,1,0.245
37.14,1,0.463
37.15,1,0.521
37.16,1,0.483
37.17,1,0.450
37.18,1,0.526
37.19,1,0.585
37.20,1,0.742
37.21,1,0.920
37.22,1,1.074
37.23,1,0.947
37.24,1,0.998
37.25,1,0.647
37.26,1,0.284
37.27,1,0.137
37.28,1,0.102
37.29,1,0.080
37.30,1,0.089
37.31,1,0.099
37.32,1,0.114
37.33,1,0.118
37.34,1,0.132
37.35,1,0.135
37.36,1,0.131
37.37,1,0.116
37.38,1,0.135
37.39,1,0.155
37.40,1,0.162
37.41,1,0.168
37.42,1,0.172
37.43,1,0.178
37.44,1,0.170
37.45,1,0.157
37.46,1,0.150
37.47,1,0.134
37.48,1,0.124
37.49,1,0.114
37.50,1,0.124
37.51,1,0.132
37.52,1,0.147
37.53,1,0.148
37.54,1,0.130
37.55,1,0.135
37.56,1,0.129
37.57,1,0.126
37.58,1,0.131
37.59,1,0.146
37.60,1,0.182
37.61,1,0.215
37.62,1,0.222
37.63,1,0.258
37.64,1,0.266
37.65,1,0.246
37.66,1,0.257
37.67,1,0.252
37.68,1,0.238
37.69,1,0.226
37.70,1,0.211
37.71,1,0.207
37.72,1,0.203
37.73,1,0.191
37.74,1,0.166
37.75,1,0.144
37.76,1,0.122
37.77,1,0.103
37.78,1,0.102
37.79,1,0.095
37.80,1,0.094
37.81,1,0.108
37.82,1,0.113
37.83,1,0.132
37.84,1,0.176
37.85,1,0.316
37.86,1,0.800
37.87,1,1.351
37.88,1,1.319
37.89,1,1.053
37.90,1,0.441
37.91,1,0.228
37.92,1,0.190
37.93,1,0.209
37.94,1,0.216
37.95,1,0.213
37.96,1,0.227
37.97,1,0.231
37.98,1,0.241
37.99,1,0.249
38.00,1,0.256
38.01,1,0.245
38.02,1,0.249
38.03,1,0.247
38.04,1,0.241
38.05,1,0.226
38.06,1,0.227
38.07,1,0.216
38.08,1,0.221
38.09,1,0.215
38.10,1,0.215
38.11,1,0.217
38.12,1,0.220
38.13,1,0.215
38.14,1,0.237
38.15,1,0.259
38.16,1,0.276
38.17,1,0.301
38.18,1,0.310
38.19,1,0.310
38.20,1,0.282
38.21,1,0.268
38.22,1,0.221
38.23,1,0.198
38.24,1,0.202
38.25,1,0.205
38.26,1,0.217
38.27,1,0.278
38.28,1,0.298
38.29,1,0.309
38.30,1,0.311
38.31,1,0.298
38.32,1,0.268
38.33,1,0.237
38.34,1,0.203
38.35,1,0.184
38.36,1,0.181
38.37,1,0.174
38.38,1,0.198
38.39,1,0.231
38.40,1,0.247
38.41,1,0.251
38.42,1,0.278
38.43,1,0.291
38.44,1,0.296
38.45,1,0.286
38.46,1,0.288
38.47,1,0.273
38.48,1,0.258
38.49,1,0.255
38.50,1,0.262
38.51,1,0.267
38.52,1,0.277
38.53,1,0.282
38.54,1,0.287
38.55,1,0.292
38.56,1,0.335
38.57,1,0.469
38.58,1,0.368
38.59,1,0.266
38.60,1,0.241
38.61,1,0.179
38.62,1,0.163
38.63,1,0.171
38.64,1,0.200
38.65,1,0.223
38.66,1,0.221
38.67,1,0.230
38.68,1,0.243
38.69,1,0.227
38.70,1,0.227
38.71,1,0.245
38.72,1,0.246
38.73,1,0.244
38.74,1,0.237
38.75,1,0.225
38.76,1,0.214
38.77,1,0.229
38.78,1,0.234
38.79,1,0.245
38.80,1,0.250
38.81,1,0.252
38.82,1,0.241
38.83,1,0.233
38.84,1,0.226
38.85,1,0.219
38.86,1,0.225
38.87,1,0.230
38.88,1,0.222
38.89,1,0.244
38.90,1,0.243
38.91,1,0.246
38.92,1,0.254
38.93,1,0.272
38.94,1,0.275
38.95,1,0.284
38.96,1,0.292
38.97,1,0.300
38.98,1,0.300
38.99,1,0.309
39.00,1,0.310
39.01,1,0.312
39.02,1,0.311
39.03,1,0.321
39.04,1,0.326
39.05,1,0.341
39.06,1,0.345
39.07,1,0.343
39.08,1,0.338
39.09,1,0.329
39.10,1,0.329
39.11,1,0.337
39.12,1,0.336
39.13,1,0.337
39.14,1,0.340
39.15,1,0.342
39.16,1,0.342
39.17,1,0.340
39.18,1,0.348
39.19,1,0.337
39.20,1,0.319
39.21,1,0.314
39.22,1,0.304
39.23,1,0.282
39.24,1,0.266
39.25,1,0.272
39.26,1,0.242
39.27,1,0.219
39.28,1,0.205
39.29,1,0.197
39.30,1,0.209
39.31,1,0.234
39.32,1,0.269
39.33,1,0.340
39.34,1,0.521
39.35,1,1.054
39.36,1,1.476
39.37,1,1.701
39.38,1,1.930
39.39,1,2.235
39.40,1,2.411
39.41,1,2.427
39.42,0,
39.43,0,
39.44,0,
39.45,0,
39.46,0,
39.47,0,
39.48,0,
39.49,0,
39.50,0,
39.51,0,
39.52,0,
39.53,0,
39.54,0,
39.55,0,
39.56,0,
39.57,0,
39.58,0,
39.59,0,
39.60,0,
39.61,0,
39.62,0,
39.63,0,
39.64,0,
39.65,0,
39.66,0,
39.67,0,
39.68,0,
39.69,0,
39.70,0,
39.71,0,
39.72,0,
39.73,0,
39.74,0,
39.75,0,
39.76,0,
39.77,0,
39.78,0,
39.79,0,
39.80,0,
39.81,0,
39.82,0,
39.83,0,
39.84,0,
39.85,0,
39.86,0,
39.87,0,
39.88,0,
39.89,0,
39.90,0,
39.91,0,
39.92,0,
39.93,0,
39.94,0,
39.95,0,
39.96,0,
39.97,0,
39.98,0,
39.99,0,
40.00,0,
40.01,0,
40.02,0,
40.03,0,
40.04,0,
40.05,0,
40.06,0,
40.07,0,
40.08,0,
40.09,0,
40.10,0,
40.11,0,
40.12,0,
40.13,0,
40.14,0,
40.15,0,
40.16,0,
40.17,0,
40.18,0,
40.19,0,
40.20,0,
40.21,0,
40.22,0,
40.23,0,
40.24,0,
40.25,0,
40.26,0,
40.27,0,
40.28,0,
40.29,0,
40.30,0,
40.31,0,
40.32,0,
40.33,0,
40.34,0,
40.35,0,
40.36,0,
40.37,0,
40.38,0,
40.39,0,
40.40,0,
40.41,0,
40.42,0,
40.43,0,
40.44,0,
40.45,0,
40.46,0,
40.47,1,0.475
40.48,1,0.204
40.49,1,0.122
40.50,1,0.093
40.51,1,0.119
40.52,1,0.121
40.53,1,0.127
40.54,1,0.157
40.55,1,0.192
40.56,1,0.217
40.57,1,0.239
40.58,1,0.256
40.59,1,0.254
40.60,1,0.225
40.61,1,0.201
40.62,1,0.187
40.63,1,0.180
40.64,1,0.187
40.65,1,0.202
40.66,1,0.221
40.67,1,0.210
40.68,1,0.178
40.69,1,0.148
40.70,1,0.142
40.71,1,0.146
40.72,1,0.155
40.73,1,0.164
40.74,1,0.176
40.75,1,0.173
40.76,1,0.160
40.77,1,0.147
40.78,1,0.139
40.79,1,0.131
40.80,1,0.129
40.81,1,0.127
40.82,1,0.139
40.83,1,0.154
40.84,1,0.154
40.85,1,0.154
40.86,1,0.168
40.87,1,0.186
40.88,1,0.198
40.89,1,0.218
40.90,1,0.242
40.91,1,0.254
40.92,1,0.281
40.93,1,0.312
40.94,1,0.315
40.95,1,0.328
40.96,1,0.368
40.97,1,0.411
40.98,1,0.520
40.99,1,0.598
41.00,1,0.352
41.01,1,0.224
41.02,1,0.196
41.03,1,0.189
41.04,1,0.188
41.05,1,0.191
41.06,1,0.201
41.07,1,0.204
41.08,1,0.199
41.09,1,0.194
41.10,1,0.199
41.11,1,0.199
41.12,1,0.196
41.13,1,0.212
41.14,1,0.229
41.15,1,0.213
41.16,1,0.208
41.17,1,0.194
41.18,1,0.194
41.19,1,0.207
41.20,1,0.239
41.21,1,0.255
41.22,1,0.262
41.23,1,0.262
41.24,1,0.263
41.25,1,0.262
41.26,1,0.270
41.27,1,0.264
41.28,1,0.262
41.29,1,0.252
41.30,1,0.195
41.31,1,0.161
41.32,1,0.141
41.33,1,0.116
41.34,1,0.124
41.35,1,0.137
41.36,1,0.143
41.37,1,0.173
41.38,1,0.185
41.39,1,0.202
41.40,1,0.227
41.41,1,0.255
41.42,1,0.303
41.43,1,0.469
41.44,1,0.769
41.45,1,0.728
41.46,1,0.727
41.47,1,0.528
41.48,1,0.349
41.49,1,0.189
41.50,1,0.160
41.51,1,0.147
41.52,1,0.179
41.53,1,0.209
41.54,1,0.224
41.55,1,0.247
41.56,1,0.296
41.57,1,0.295
41.58,1,0.292
41.59,1,0.275
41.60,1,0.285
41.61,1,0.314
41.62,1,0.245
41.63,1,0.177
41.64,1,0.121
41.65,1,0.109
41.66,1,0.096
41.67,1,0.101
41.68,1,0.108
41.69,1,0.116
41.70,1,0.127
41.71,1,0.151
41.72,1,0.161
41.73,1,0.168
41.74,1,0.181
41.75,1,0.195
41.76,1,0.206
41.77,1,0.218
41.78,1,0.238
41.79,1,0.290
41.80,1,0.238
41.81,1,0.179
41.82,1,0.153
41.83,1,0.163
41.84,1,0.168
41.85,1,0.166
41.86,1,0.168
41.87,1,0.171
41.88,1,0.187
41.89,1,0.201
41.90,1,0.223
41.91,1,0.266
41.92,1,0.276
41.93,1,0.281
41.94,1,0.293
41.95,1,0.284
41.96,1,0.289
41.97,1,0.290
41.98,1,0.278
41.99,1,0.264
42.00,1,0.248
42.01,1,0.233
42.02,1,0.239
42.03,1,0.251
42.04,1,0.277
42.05,1,0.305
42.06,1,0.265
42.07,1,0.222
42.08,1,0.206
42.09,1,0.170
42.10,1,0.171
42.11,1,0.190
42.12,1,0.185
42.13,1,0.167
42.14,1,0.177
42.15,1,0.170
42.16,1,0.180
42.17,1,0.198
42.18,1,0.218
42.19,1,0.222
42.20,1,0.242
42.21,1,0.277
42.22,1,0.271
42.23,1,0.261
42.24,1,0.275
42.25,1,0.245
42.26,1,0.229
42.27,1,0.235
42.28,1,0.245
42.29,1,0.251
42.30,1,0.265
42.31,1,0.267
42.32,1,0.227
42.33,1,0.208
42.34,1,0.199
42.35,1,0.187
42.36,1,0.171
42.37,1,0.176
42.38,1,0.176
42.39,1,0.184
42.40,1,0.194
42.41,1,0.216
42.42,1,0.231
42.43,1,0.221
42.44,1,0.200
42.45,1,0.183
42.46,1,0.180
42.47,1,0.167
42.48,1,0.162
42.49,1,0.165
42.50,1,0.183
42.51,1,0.208
42.52,1,0.215
42.53,1,0.224
42.54,1,0.214
42.55,1,0.195
42.56,1,0.193
42.57,1,0.209
42.58,1,0.213
42.59,1,0.218
42.60,1,0.234
42.61,1,0.233
42.62,1,0.228
42.63,1,0.220
42.64,1,0.214
42.65,1,0.217
42.66,1,0.211
42.67,1,0.201
42.68,1,0.202
42.69,1,0.194
42.70,1,0.187
42.71,1,0.181
42.72,1,0.177
42.73,1,0.184
42.74,1,0.194
42.75,1,0.215
42.76,1,0.257
42.77,1,0.378
42.78,1,0.607
42.79,1,0.680
42.80,1,0.708
42.81,1,0.700
42.82,1,1.024
42.83,1,1.375
42.84,1,1.587
42.85,1,1.601
42.86,1,1.488
42.87,1,1.396
42.88,1,1.274
42.89,1,1.178
42.90,1,1.343
42.91,1,1.253
42.92,1,1.225
42.93,1,0.517
42.94,1,0.314
42.95,1,0.205
42.96,1,0.175
42.97,1,0.155
42.98,1,0.157
42.99,1,0.165
43.00,1,0.179
43.01,1,0.177
43.02,1,0.175
43.03,1,0.171
43.04,1,0.167
43.05,1,0.171
43.06,1,0.164
43.07,1,0.129
43.08,1,0.112
43.09,1,0.114
43.10,1,0.130
43.11,1,0.139
43.12,1,0.165
43.13,1,0.192
43.14,1,0.196
43.15,1,0.210
43.16,1,0.242
43.17,1,0.269
43.18,1,0.295
43.19,1,0.316
43.20,1,0.314
43.21,1,0.296
43.22,1,0.296
43.23,1,0.291
43.24,1,0.294
43.25,1,0.284
43.26,1,0.286
43.27,1,0.284
43.28,1,0.289
43.29,1,0.328
43.30,1,0.382
43.31,1,0.411
43.32,1,0.580
43.33,1,0.695
43.34,1,0.783
43.35,1,0.870
43.36,1,1.080
43.37,1,1.104
43.38,1,1.084
43.39,1,0.862
43.40,1,0.588
43.41,1,0.413
43.42,1,0.403
43.43,1,0.383
43.44,1,0.393
43.45,1,0.415
43.46,1,0.442
43.47,1,0.465
43.48,1,0.456
43.49,1,0.484
43.50,1,0.468
43.51,1,0.437
43.52,1,0.429
43.53,1,0.428
43.54,1,0.426
43.55,1,0.455
43.56,1,0.464
43.57,1,0.427
43.58,1,0.449
43.59,1,0.424
43.60,1,0.395
43.61,1,0.283
43.62,1,0.195
43.63,1,0.136
43.64,1,0.120
43.65,1,0.127
43.66,1,0.144
43.67,1,0.167
43.68,1,0.187
43.69,1,0.195
43.70,1,0.204
43.71,1,0.220
43.72,1,0.250
43.73,1,0.264
43.74,1,0.344
43.75,1,0.320
43.76,1,0.210
43.77,1,0.187
43.78,1,0.188
43.79,1,0.175
43.80,1,0.170
43.81,1,0.190
43.82,1,0.198
43.83,1,0.226
43.84,1,0.265
43.85,1,0.295
43.86,1,0.307
43.87,1,0.318
43.88,1,0.294
43.89,1,0.288
43.90,1,0.278
43.91,1,0.273
43.92,1,0.282
43.93,1,0.278
43.94,1,0.256
43.95,1,0.247
43.96,1,0.239
43.97,1,0.229
43.98,1,0.233
43.99,1,0.262
44.00,1,0.282
44.01,1,0.375
44.02,1,0.567
44.03,1,0.688
44.04,1,0.895
44.05,1,0.866
44.06,1,0.674
44.07,1,0.557
44.08,1,0.637
44.09,1,0.422
44.10,1,0.428
44.11,1,0.435
44.12,1,0.446
44.13,1,0.440
44.14,1,0.480
44.15,1,0.503
44.16,1,0.483
44.17,1,0.456
44.18,1,0.474
44.19,1,0.460
44.20,1,0.453
44.21,1,0.443
44.22,1,0.413
44.23,1,0.393
44.24,1,0.392
44.25,1,0.376
44.26,1,0.319
44.27,1,0.288
44.28,1,0.250
44.29,1,0.230
44.30,1,0.226
44.31,1,0.235
44.32,1,0.253
44.33,1,0.274
44.34,1,0.321
44.35,1,0.371
44.36,1,0.400
44.37,1,0.432
44.38,1,0.435
44.39,1,0.421
44.40,1,0.377
44.41,1,0.249
44.42,1,0.178
44.43,1,0.154
44.44,1,0.144
44.45,1,0.147
44.46,1,0.162
44.47,1,0.189
44.48,1,0.222
44.49,1,0.252
44.50,1,0.257
44.51,1,0.260
44.52,1,0.254
44.53,1,0.239
44.54,1,0.239
44.55,1,0.226
44.56,1,0.213
44.57,1,0.219
44.58,1,0.212
44.59,1,0.212
44.60,1,0.211
44.61,1,0.204
44.62,1,0.215
44.63,1,0.218
44.64,1,0.221
44.65,1,0.232
44.66,1,0.229
44.67,1,0.214
44.68,1,0.216
44.69,1,0.204
44.70,1,0.213
44.71,1,0.215
44.72,1,0.200
44.73,1,0.165
44.74,1,0.148
44.75,1,0.138
44.76,1,0.155
44.77,1,0.158
44.78,1,0.188
44.79,1,0.210
44.80,1,0.231
44.81,1,0.242
44.82,1,0.258
44.83,1,0.255
44.84,1,0.257
44.85,1,0.261
44.86,1,0.262
44.87,1,0.259
44.88,1,0.242
44.89,1,0.232
44.90,1,0.204
44.91,1,0.196
44.92,1,0.191
44.93,1,0.180
44.94,1,0.173
44.95,1,0.172
44.96,1,0.175
44.97,1,0.191
44.98,1,0.209
44.99,1,0.239
45.00,1,0.256
45.01,1,0.290
45.02,1,0.304
45.03,1,0.372
45.04,1,0.278
45.05,1,0.198
45.06,1,0.152
45.07,1,0.143
45.08,1,0.157
45.09,1,0.167
45.10,1,0.185
45.11,1,0.207
45.12,1,0.220
45.13,1,0.221
45.14,1,0.231
45.15,1,0.239
45.16,1,0.248
45.17,1,0.234
45.18,1,0.219
45.19,1,0.199
45.20,1,0.184
45.21,1,0.186
45.22,1,0.196
45.23,1,0.206
45.24,1,0.206
45.25,1,0.194
45.26,1,0.179
45.27,1,0.177
45.28,1,0.183
45.29,1,0.185
45.30,1,0.213
45.31,1,0.269
45.32,1,0.343
45.33,1,0.364
45.34,1,0.304
45.35,1,0.243
45.36,1,0.214
45.37,1,0.225
45.38,1,0.220
45.39,1,0.187
45.40,1,0.152
45.41,1,0.154
45.42,1,0.164
45.43,1,0.194
45.44,1,0.212
45.45,1,0.240
45.46,1,0.253
45.47,1,0.242
45.48,1,0.211
45.49,1,0.213
45.50,1,0.187
45.51,1,0.185
45.52,1,0.178
45.53,1,0.179
45.54,1,0.195
45.55,1,0.219
45.56,1,0.207
45.57,1,0.208
45.58,1,0.207
45.59,1,0.181
45.60,1,0.152
45.61,1,0.130
45.62,1,0.123
45.63,1,0.127
45.64,1,0.132
45.65,1,0.137
45.66,1,0.172
45.67,1,0.192
45.68,1,0.195
45.69,1,0.198
45.70,1,0.201
45.71,1,0.194
45.72,1,0.204
45.73,1,0.206
45.74,1,0.224
45.75,1,0.226
45.76,1,0.228
45.77,1,0.233
45.78,1,0.216
45.79,1,0.190
45.80,1,0.174
45.81,1,0.171
45.82,1,0.169
45.83,1,0.166
45.84,1,0.162
45.85,1,0.158
45.86,1,0.144
45.87,1,0.136
45.88,1,0.140
45.89,1,0.151
45.90,1,0.166
45.91,1,0.199
45.92,1,0.238
45.93,1,0.258
45.94,1,0.265
45.95,1,0.244
45.96,1,0.244
45.97,1,0.223
45.98,1,0.194
45.99,1,0.173
46.00,1,0.169
46.01,1,0.163
46.02,1,0.161
46.03,1,0.171
46.04,1,0.184
46.05,1,0.198
46.06,1,0.212
46.07,1,0.229
46.08,1,0.237
46.09,1,0.250
46.10,1,0.266
46.11,1,0.286
46.12,1,0.271
46.13,1,0.232
46.14,1,0.196
46.15,1,0.183
46.16,1,0.180
46.17,1,0.174
46.18,1,0.184
46.19,1,0.170
46.20,1,0.164
46.21,1,0.172
46.22,1,0.173
46.23,1,0.173
46.24,1,0.170
46.25,1,0.222
46.26,1,0.196
46.27,1,0.182
46.28,1,0.135
46.29,1,0.124
46.30,1,0.148
46.31,1,0.160
46.32,1,0.173
46.33,1,0.208
46.34,1,0.247
46.35,1,0.247
46.36,1,0.229
46.37,1,0.219
46.38,1,0.219
46.39,1,0.203
46.40,1,0.213
46.41,1,0.248
46.42,1,0.287
46.43,1,0.302
46.44,1,0.320
46.45,1,0.338
46.46,1,0.327
46.47,1,0.299
46.48,1,0.334
46.49,1,0.372
46.50,1,0.341
46.51,1,0.284
46.52,1,0.215
46.53,1,0.170
46.54,1,0.144
46.55,1,0.130
46.56,1,0.121
46.57,1,0.133
46.58,1,0.149
46.59,1,0.163
46.60,1,0.194
46.61,1,0.213
46.62,1,0.194
46.63,1,0.180
46.64,1,0.161
46.65,1,0.154
46.66,1,0.199
46.67,1,0.207
46.68,1,0.149
46.69,1,0.135
46.70,1,0.157
46.71,1,0.183
46.72,1,0.195
46.73,1,0.221
46.74,1,0.244
46.75,1,0.244
46.76,1,0.247
46.77,1,0.281
46.78,1,0.356
46.79,1,0.492
46.80,1,0.526
46.81,1,0.374
46.82,1,0.328
46.83,1,0.255
46.84,1,0.189
46.85,1,0.159
46.86,1,0.158
46.87,1,0.154
46.88,1,0.158
46.89,1,0.173
46.90,1,0.177
46.91,1,0.179
46.92,1,0.180
46.93,1,0.176
46.94,1,0.168
46.95,1,0.157
46.96,1,0.149
46.97,1,0.139
46.98,1,0.143
46.99,1,0.167
47.00,1,0.203
47.01,1,0.205
47.02,1,0.202
47.03,1,0.181
47.04,1,0.169
47.05,1,0.185
47.06,1,0.204
47.07,1,0.207
47.08,1,0.217
47.09,1,0.232
47.10,1,0.236
47.11,1,0.243
47.12,1,0.247
47.13,1,0.261
47.14,1,0.268
47.15,1,0.269
47.16,1,0.266
47.17,1,0.284
47.18,1,0.274
47.19,1,0.273
47.20,1,0.254
47.21,1,0.284
47.22,1,0.382
47.23,1,0.518
47.24,1,0.789
47.25,1,1.121
47.26,1,1.096
47.27,1,0.908
47.28,1,0.691
47.29,1,0.362
47.30,1,0.261
47.31,1,0.170
47.32,1,0.139
47.33,1,0.127
47.34,1,0.139
47.35,1,0.173
47.36,1,0.205
47.37,1,0.222
47.38,1,0.257
47.39,1,0.252
47.40,1,0.243
47.41,1,0.225
47.42,1,0.212
47.43,1,0.202
47.44,1,0.180
47.45,1,0.175
47.46,1,0.171
47.47,1,0.170
47.48,1,0.183
47.49,1,0.212
47.50,1,0.189
47.51,1,0.178
47.52,1,0.163
47.53,1,0.159
47.54,1,0.174
47.55,1,0.186
47.56,1,0.191
47.57,1,0.222
47.58,1,0.229
47.59,1,0.237
47.60,1,0.243
47.61,1,0.234
47.62,1,0.235
47.63,1,0.228
47.64,1,0.214
47.65,1,0.203
47.66,1,0.197
47.67,1,0.193
47.68,1,0.200
47.69,1,0.206
47.70,1,0.213
47.71,1,0.221
47.72,1,0.237
47.73,1,0.260
47.74,1,0.274
47.75,1,0.287
47.76,1,0.275
47.77,1,0.266
47.78,1,0.258
47.79,1,0.238
47.80,1,0.233
47.81,1,0.237
47.82,1,0.230
47.83,1,0.234
47.84,1,0.232
47.85,1,0.234
47.86,1,0.226
47.87,1,0.208
47.88,1,0.205
47.89,1,0.202
47.90,1,0.189
47.91,1,0.179
47.92,1,0.175
47.93,1,0.164
47.94,1,0.154
47.95,1,0.172
47.96,1,0.223
47.97,1,0.336
47.98,1,0.455
47.99,1,0.516
48.00,1,0.552
48.01,1,0.679
48.02,1,0.687
48.03,1,0.688
48.04,1,0.686
48.05,1,0.707
48.06,1,0.726
48.07,1,0.851
48.08,1,1.060
48.09,1,1.543
48.10,1,1.247
48.11,1,0.533
48.12,1,0.224
48.13,1,0.132
48.14,1,0.133
48.15,1,0.144
48.16,1,0.156
48.17,1,0.169
48.18,1,0.203
48.19,1,0.217
48.20,1,0.211
48.21,1,0.218
48.22,1,0.205
48.23,1,0.183
48.24,1,0.179
48.25,1,0.190
48.26,1,0.190
48.27,1,0.217
48.28,1,0.279
48.29,1,0.266
48.30,1,0.222
48.31,1,0.186
48.32,1,0.182
48.33,1,0.181
48.34,1,0.188
48.35,1,0.181
48.36,1,0.181
48.37,1,0.186
48.38,1,0.196
48.39,1,0.224
48.40,1,0.278
48.41,1,0.296
48.42,1,0.293
48.43,1,0.272
48.44,1,0.233
48.45,1,0.210
48.46,1,0.199
48.47,1,0.182
48.48,1,0.175
48.49,1,0.171
48.50,1,0.170
48.51,1,0.178
48.52,1,0.191
48.53,1,0.200
48.54,1,0.243
48.55,1,0.305
48.56,1,0.464
48.57,1,0.776
48.58,1,0.825
48.59,1,0.609
48.60,1,0.554
48.61,1,0.533
48.62,1,0.494
48.63,1,0.470
48.64,1,0.511
48.65,1,0.525
48.66,1,0.504
48.67,1,0.497
48.68,1,0.514
48.69,1,0.477
48.70,1,0.460
48.71,1,0.449
48.72,1,0.445
48.73,1,0.443
48.74,1,0.478
48.75,1,0.492
48.76,1,0.472
48.77,1,0.516
48.78,1,0.488
48.79,1,0.438
48.80,1,0.330
48.81,1,0.276
48.82,1,0.239
48.83,1,0.215
48.84,1,0.218
48.85,1,0.237
48.86,1,0.224
48.87,1,0.222
48.88,1,0.244
48.89,1,0.244
48.90,1,0.257
48.91,1,0.298
48.92,1,0.345
48.93,1,0.493
48.94,1,0.575
48.95,1,0.391
48.96,1,0.282
48.97,1,0.249
48.98,1,0.214
48.99,1,0.201
49.00,1,0.186
49.01,1,0.173
49.02,1,0.165
49.03,1,0.161
49.04,1,0.160
49.05,1,0.170
49.06,1,0.186
49.07,1,0.197
49.08,1,0.205
49.09,1,0.211
49.10,1,0.223
49.11,1,0.241
49.12,1,0.251
49.13,1,0.259
49.14,1,0.263
49.15,1,0.234
49.16,1,0.212
49.17,1,0.201
49.18,1,0.210
49.19,1,0.231
49.20,1,0.265
49.21,1,0.336
49.22,1,0.420
49.23,1,0.673
49.24,1,0.873
49.25,1,0.714
49.26,1,0.573
49.27,1,0.555
49.28,1,0.419
49.29,1,0.439
49.30,1,0.454
49.31,1,0.462
49.32,1,0.457
49.33,1,0.513
49.34,1,0.528
49.35,1,0.518
49.36,1,0.521
49.37,1,0.530
49.38,1,0.521
49.39,1,0.520
49.40,1,0.509
49.41,1,0.490
49.42,1,0.445
49.43,1,0.379
49.44,1,0.317
49.45,1,0.304
49.46,1,0.286
49.47,1,0.245
49.48,1,0.241
49.49,1,0.234
49.50,1,0.210
49.51,1,0.209
49.52,1,0.219
49.53,1,0.231
49.54,1,0.224
49.55,1,0.220
49.56,1,0.245
49.57,1,0.290
49.58,1,0.324
49.59,1,0.373
49.60,1,0.337
49.61,1,0.272
49.62,1,0.226
49.63,1,0.219
49.64,1,0.216
49.65,1,0.246
49.66,1,0.282
49.67,1,0.319
49.68,1,0.347
49.69,1,0.369
49.70,1,0.382
49.71,1,0.366
49.72,1,0.358
49.73,1,0.352
49.74,1,0.330
49.75,1,0.302
49.76,1,0.279
49.77,1,0.253
49.78,1,0.240
49.79,1,0.268
49.80,1,0.304
49.81,1,0.417
49.82,1,0.661
49.83,1,1.145
49.84,1,1.155
49.85,1,1.118
49.86,1,1.038
49.87,1,0.876
49.88,1,0.853
49.89,1,0.808
49.90,1,0.468
49.91,1,0.194
49.92,1,0.167
49.93,1,0.147
49.94,1,0.159
49.95,1,0.179
49.96,1,0.190
49.97,1,0.215
49.98,1,0.231
49.99,1,0.245
50.00,1,0.265
50.01,1,0.268
50.02,1,0.255
50.03,1,0.255
50.04,1,0.232
50.05,1,0.233
50.06,1,0.221
50.07,1,0.251
50.08,1,0.256
50.09,1,0.267
50.10,1,0.272
50.11,1,0.309
50.12,1,0.306
50.13,1,0.349
50.14,1,0.373
50.15,1,0.432
50.16,1,0.491
50.17,1,0.480
50.18,1,0.384
50.19,1,0.327
50.20,1,0.254
50.21,1,0.237
50.22,1,0.252
50.23,1,0.196
50.24,1,0.181
50.25,1,0.233
50.26,1,0.253
50.27,1,0.285
50.28,1,0.306
50.29,1,0.315
50.30,1,0.322
50.31,1,0.297
50.32,1,0.283
50.33,1,0.276
50.34,1,0.268
50.35,1,0.273
50.36,1,0.257
50.37,1,0.240
50.38,1,0.236
50.39,1,0.232
50.40,1,0.224
50.41,1,0.223
50.42,1,0.223
50.43,1,0.220
50.44,1,0.232
50.45,1,0.245
50.46,1,0.257
50.47,1,0.271
50.48,1,0.285
50.49,1,0.269
50.50,1,0.290
50.51,1,0.327
50.52,1,0.415
50.53,1,0.647
50.54,1,0.785
50.55,1,0.653
50.56,1,0.430
50.57,1,0.311
50.58,1,0.192
50.59,1,0.165
50.60,1,0.163
50.61,1,0.172
50.62,1,0.185
50.63,1,0.206
50.64,1,0.232
50.65,1,0.232
50.66,1,0.230
50.67,1,0.238
50.68,1,0.237
50.69,1,0.230
50.70,1,0.231
50.71,1,0.230
50.72,1,0.221
50.73,1,0.219
50.74,1,0.218
50.75,1,0.220
50.76,1,0.225
50.77,1,0.214
50.78,1,0.206
50.79,1,0.211
50.80,1,0.211
50.81,1,0.211
50.82,1,0.227
50.83,1,0.231
50.84,1,0.233
50.85,1,0.192
50.86,1,0.164
50.87,1,0.153
50.88,1,0.128
50.89,1,0.134
50.90,1,0.205
50.91,1,0.240
50.92,1,0.297
50.93,1,0.354
50.94,1,0.395
50.95,1,0.355
50.96,1,0.373
50.97,1,0.351
50.98,1,0.317
50.99,1,0.296
51.00,1,0.293
51.01,1,0.273
51.02,1,0.276
51.03,1,0.251
51.04,1,0.245
51.05,1,0.218
51.06,1,0.220
51.07,1,0.204
51.08,1,0.223
51.09,1,0.228
51.10,1,0.261
51.11,1,0.255
51.12,1,0.268
51.13,1,0.261
51.14,1,0.219
51.15,1,0.233
51.16,1,0.264
51.17,1,0.283
51.18,1,0.312
51.19,1,0.283
51.20,1,0.221
51.21,1,0.224
51.22,1,0.205
51.23,1,0.201
51.24,1,0.220
51.25,1,0.230
51.26,1,0.222
51.27,1,0.241
51.28,1,0.246
51.29,1,0.257
51.30,1,0.253
51.31,1,0.260
51.32,1,0.254
51.33,1,0.253
51.34,1,0.237
51.35,1,0.240
51.36,1,0.255
51.37,1,0.239
51.38,1,0.217
51.39,1,0.196
51.40,1,0.171
51.41,1,0.146
51.42,1,0.136
51.43,1,0.144
51.44,1,0.147
51.45,1,0.161
51.46,1,0.174
51.47,1,0.190
51.48,1,0.215
51.49,1,0.265
51.50,1,0.525
51.51,1,0.650
51.52,1,0.776
51.53,1,0.441
51.54,1,0.288
51.55,1,0.201
51.56,1,0.163
51.57,1,0.163
51.58,1,0.153
51.59,1,0.156
51.60,1,0.178
51.61,1,0.207
51.62,1,0.228
51.63,1,0.263
51.64,1,0.287
51.65,1,0.285
51.66,1,0.264
51.67,1,0.249
51.68,1,0.232
51.69,1,0.219
51.70,1,0.221
51.71,1,0.219
51.72,1,0.208
51.73,1,0.206
51.74,1,0.207
51.75,1,0.224
51.76,1,0.233
51.77,1,0.236
51.78,1,0.251
51.79,1,0.245
51.80,1,0.253
51.81,1,0.258
51.82,1,0.252
51.83,1,0.242
51.84,1,0.233
51.85,1,0.206
51.86,1,0.206
51.87,1,0.196
51.88,1,0.203
51.89,1,0.207
51.90,1,0.198
51.91,1,0.197
51.92,1,0.218
51.93,1,0.204
51.94,1,0.243
51.95,1,0.307
51.96,1,0.280
51.97,1,0.216
51.98,1,0.171
51.99,1,0.135
52.00,1,0.120
52.01,1,0.131
52.02,1,0.145
52.03,1,0.182
52.04,1,0.196
52.05,1,0.221
52.06,1,0.189
52.07,1,0.187
52.08,1,0.200
52.09,1,0.216
52.10,1,0.226
52.11,1,0.262
52.12,1,0.246
52.13,1,0.235
52.14,1,0.258
52.15,1,0.305
52.16,1,0.290
52.17,1,0.276
52.18,1,0.253
52.19,1,0.254
52.20,1,0.198
52.21,1,0.162
52.22,1,0.159
52.23,1,0.188
52.24,1,0.201
52.25,1,0.214
52.26,1,0.249
52.27,1,0.255
52.28,1,0.244
52.29,1,0.263
52.30,1,0.272
52.31,1,0.290
52.32,1,0.299
52.33,1,0.299
52.34,1,0.287
52.35,1,0.274
52.36,1,0.273
52.37,1,0.262
52.38,1,0.255
52.39,1,0.250
52.40,1,0.238
52.41,1,0.230
52.42,1,0.214
52.43,1,0.226
52.44,1,0.234
52.45,1,0.242
52.46,1,0.274
52.47,1,0.350
52.48,1,0.409
52.49,1,0.520
52.50,1,0.430
52.51,1,0.224
52.52,1,0.192
52.53,1,0.210
52.54,1,0.228
52.55,1,0.257
52.56,1,0.291
52.57,1,0.299
52.58,1,0.294
52.59,1,0.287
52.60,1,0.289
52.61,1,0.258
52.62,1,0.228
52.63,1,0.203
52.64,1,0.191
52.65,1,0.198
52.66,1,0.188
52.67,1,0.191
52.68,1,0.190
52.69,1,0.177
52.70,1,0.164
52.71,1,0.183
52.72,1,0.208
52.73,1,0.214
52.74,1,0.227
52.75,1,0.239
52.76,1,0.226
52.77,1,0.208
52.78,1,0.206
52.79,1,0.202
52.80,1,0.200
52.81,1,0.250
52.82,1,0.351
52.83,1,0.491
52.84,1,0.393
52.85,1,0.292
52.86,1,0.219
52.87,1,0.170
52.88,1,0.154
52.89,1,0.159
52.90,1,0.161
52.91,1,0.190
52.92,1,0.203
52.93,1,0.207
52.94,1,0.181
52.95,1,0.154
52.96,1,0.134
52.97,1,0.150
52.98,1,0.180
52.99,1,0.238
53.00,1,0.306
53.01,1,0.351
53.02,1,0.390
53.03,1,0.401
53.04,1,0.363
53.05,1,0.314
53.06,1,0.245
53.07,1,0.179
53.08,1,0.156
53.09,1,0.147
53.10,1,0.160
53.11,1,0.203
53.12,1,0.275
53.13,1,0.324
53.14,1,0.459
53.15,1,0.950
53.16,1,1.526
53.17,1,1.934
53.18,1,1.877
53.19,1,1.562
53.20,1,1.380
53.21,1,1.400
53.22,1,1.309
53.23,1,1.297
53.24,1,1.188
53.25,1,1.038
53.26,1,0.917
53.27,1,0.781
53.28,1,0.591
53.29,1,0.442
53.30,1,0.274
53.31,1,0.183
53.32,1,0.145
53.33,1,0.154
53.34,1,0.157
53.35,1,0.174
53.36,1,0.183
53.37,1,0.200
53.38,1,0.210
53.39,1,0.201
53.40,1,0.191
53.41,1,0.188
53.42,1,0.172
53.43,1,0.183
53.44,1,0.234
53.45,1,0.263
53.46,1,0.294
53.47,1,0.296
53.48,1,0.300
53.49,1,0.313
53.50,1,0.283
53.51,1,0.261
53.52,1,0.239
53.53,1,0.218
53.54,1,0.220
53.55,1,0.235
53.56,1,0.263
53.57,1,0.296
53.58,1,0.324
53.59,1,0.347
53.60,1,0.478
53.61,1,0.456
53.62,1,0.521
53.63,1,0.451
53.64,1,0.258
53.65,1,0.146
53.66,1,0.135
53.67,1,0.137
53.68,1,0.146
53.69,1,0.159
53.70,1,0.197
53.71,1,0.205
53.72,1,0.203
53.73,1,0.186
53.74,1,0.172
53.75,1,0.159
53.76,1,0.153
53.77,1,0.155
53.78,1,0.168
53.79,1,0.186
53.80,1,0.192
53.81,1,0.193
53.82,1,0.181
53.83,1,0.155
53.84,1,0.146
53.85,1,0.161
53.86,1,0.188
53.87,1,0.228
53.88,1,0.272
53.89,1,0.341
53.90,1,0.386
53.91,1,0.377
53.92,1,0.378
53.93,1,0.382
53.94,1,0.335
53.95,1,0.285
53.96,1,0.269
53.97,1,0.270
53.98,1,0.273
53.99,1,0.197
54.00,1,0.210
54.01,1,0.227
54.02,1,0.234
54.03,1,0.237
54.04,1,0.265
54.05,1,0.259
54.06,1,0.260
54.07,1,0.239
54.08,1,0.214
54.09,1,0.187
54.10,1,0.162
54.11,1,0.142
54.12,1,0.136
54.13,1,0.134
54.14,1,0.133
54.15,1,0.147
54.16,1,0.183
54.17,1,0.224
54.18,1,0.257
54.19,1,0.315
54.20,1,0.348
54.21,1,0.362
54.22,1,0.376
54.23,1,0.391
54.24,1,0.375
54.25,1,0.375
54.26,1,0.372
54.27,1,0.383
54.28,1,0.353
54.29,1,0.308
54.30,1,0.235
54.31,1,0.200
54.32,1,0.172
54.33,1,0.175
54.34,1,0.165
54.35,1,0.179
54.36,1,0.216
54.37,1,0.259
54.38,1,0.306
54.39,1,0.419
54.40,1,0.608
54.41,1,0.813
54.42,1,1.079
54.43,1,0.778
54.44,1,0.455
54.45,1,0.270
54.46,1,0.175
54.47,1,0.137
54.48,1,0.131
54.49,1,0.133
54.50,1,0.138
54.51,1,0.139
54.52,1,0.143
54.53,1,0.153
54.54,1,0.156
54.55,1,0.159
54.56,1,0.168
54.57,1,0.172
54.58,1,0.174
54.59,1,0.167
54.60,1,0.173
54.61,1,0.178
54.62,1,0.176
54.63,1,0.187
54.64,1,0.183
54.65,1,0.187
54.66,1,0.207
54.67,1,0.204
54.68,1,0.202
54.69,1,0.206
54.70,1,0.178
54.71,1,0.154
54.72,1,0.138
54.73,1,0.144
54.74,1,0.159
54.75,1,0.186
54.76,1,0.196
54.77,1,0.195
54.78,1,0.180
54.79,1,0.180
54.80,1,0.188
54.81,1,0.212
54.82,1,0.212
54.83,1,0.207
54.84,1,0.226
54.85,1,0.235
54.86,1,0.250
54.87,1,0.263
54.88,1,0.262
54.89,1,0.246
54.90,1,0.224
54.91,1,0.216
54.92,1,0.222
54.93,1,0.225
54.94,1,0.247
54.95,1,0.224
54.96,1,0.205
54.97,1,0.194
54.98,1,0.177
54.99,1,0.157
55.00,1,0.176
55.01,1,0.190
55.02,1,0.215
55.03,1,0.199
55.04,1,0.146
55.05,1,0.124
55.06,1,0.119
55.07,1,0.119
55.08,1,0.143
55.09,1,0.178
55.10,1,0.197
55.11,1,0.181
55.12,1,0.148
55.13,1,0.144
55.14,1,0.135
55.15,1,0.138
55.16,1,0.147
55.17,1,0.169
55.18,1,0.200
55.19,1,0.218
55.20,1,0.218
55.21,1,0.217
55.22,1,0.187
55.23,1,0.171
55.24,1,0.164
55.25,1,0.150
55.26,1,0.153
55.27,1,0.156
55.28,1,0.154
55.29,1,0.148
55.30,1,0.154
55.31,1,0.158
55.32,1,0.157
55.33,1,0.159
55.34,1,0.158
55.35,1,0.153
55.36,1,0.149
55.37,1,0.171
55.38,1,0.184
55.39,1,0.300
55.40,1,0.275
55.41,1,0.209
55.42,1,0.180
55.43,1,0.207
55.44,1,0.219
55.45,1,0.250
55.46,1,0.277
55.47,1,0.256
55.48,1,0.232
55.49,1,0.216
55.50,1,0.203
55.51,1,0.185
55.52,1,0.179
55.53,1,0.195
55.54,1,0.217
55.55,1,0.234
55.56,1,0.233
55.57,1,0.233
55.58,1,0.233
55.59,1,0.235
55.60,1,0.210
55.61,1,0.158
55.62,1,0.145
55.63,1,0.138
55.64,1,0.132
55.65,1,0.134
55.66,1,0.154
55.67,1,0.154
55.68,1,0.151
55.69,1,0.160
55.70,1,0.156
55.71,1,0.163
55.72,1,0.185
55.73,1,0.180
55.74,1,0.184
55.75,1,0.192
55.76,1,0.178
55.77,1,0.171
55.78,1,0.186
55.79,1,0.182
55.80,1,0.171
55.81,1,0.172
55.82,1,0.166
55.83,1,0.152
55.84,1,0.149
55.85,1,0.176
55.86,1,0.222
55.87,1,0.304
55.88,1,0.610
55.89,1,0.738
55.90,1,0.821
55.91,1,0.328
55.92,1,0.213
55.93,1,0.135
55.94,1,0.107
55.95,1,0.092
55.96,1,0.084
55.97,1,0.078
55.98,1,0.080
55.99,1,0.101
56.00,1,0.122
56.01,1,0.143
56.02,1,0.161
56.03,1,0.168
56.04,1,0.167
56.05,1,0.160
56.06,1,0.156
56.07,1,0.156
56.08,1,0.152
56.09,1,0.143
56.10,1,0.150
56.11,1,0.152
56.12,1,0.159
56.13,1,0.171
56.14,1,0.177
56.15,1,0.173
56.16,1,0.167
56.17,1,0.151
56.18,1,0.138
56.19,1,0.140
56.20,1,0.144
56.21,1,0.150
56.22,1,0.167
56.23,1,0.171
56.24,1,0.145
56.25,1,0.145
56.26,1,0.138
56.27,1,0.143
56.28,1,0.159
56.29,1,0.181
56.30,1,0.235
56.31,1,0.319
56.32,1,0.489
56.33,1,0.494
56.34,1,0.258
56.35,1,0.225
56.36,1,0.212
56.37,1,0.191
56.38,1,0.186
56.39,1,0.197
56.40,1,0.186
56.41,1,0.182
56.42,1,0.180
56.43,1,0.179
56.44,1,0.186
56.45,1,0.196
56.46,1,0.211
56.47,1,0.220
56.48,1,0.227
56.49,1,0.229
56.50,1,0.218
56.51,1,0.210
56.52,1,0.200
56.53,1,0.179
56.54,1,0.176
56.55,1,0.185
56.56,1,0.230
56.57,1,0.318
56.58,1,0.289
56.59,1,0.253
56.60,1,0.213
56.61,1,0.196
56.62,1,0.180
56.63,1,0.189
56.64,1,0.201
56.65,1,0.219
56.66,1,0.239
56.67,1,0.268
56.68,1,0.290
56.69,1,0.313
56.70,1,0.374
56.71,1,0.549
56.72,1,0.413
56.73,1,0.262
56.74,1,0.199
56.75,1,0.169
56.76,1,0.157
56.77,1,0.160
56.78,1,0.175
56.79,1,0.192
56.80,1,0.215
56.81,1,0.221
56.82,1,0.218
56.83,1,0.216
56.84,1,0.227
56.85,1,0.267
56.86,1,0.415
56.87,1,0.575
56.88,1,0.428
56.89,1,0.330
56.90,1,0.285
56.91,1,0.256
56.92,1,0.231
56.93,1,0.212
56.94,1,0.191
56.95,1,0.180
56.96,1,0.186
56.97,1,0.225
56.98,1,0.246
56.99,1,0.201
57.00,1,0.195
57.01,1,0.201
57.02,1,0.206
57.03,1,0.262
57.04,1,0.541
57.05,1,0.289
57.06,1,0.189
57.07,1,0.169
57.08,1,0.170
57.09,1,0.172
57.10,1,0.171
57.11,1,0.180
57.12,1,0.185
57.13,1,0.192
57.14,1,0.213
57.15,1,0.221
57.16,1,0.242
57.17,1,0.226
57.18,1,0.211
57.19,1,0.179
57.20,1,0.180
57.21,1,0.150
57.22,1,0.162
57.23,1,0.163
57.24,1,0.167
57.25,1,0.193
57.26,1,0.214
57.27,1,0.248
57.28,1,0.333
57.29,1,0.381
57.30,1,0.426
57.31,1,0.442
57.32,1,0.391
57.33,1,0.379
57.34,1,0.508
57.35,1,0.429
57.36,1,0.271
57.37,1,0.218
57.38,1,0.201
57.39,1,0.159
57.40,1,0.146
57.41,1,0.170
57.42,1,0.172
57.43,1,0.161
57.44,1,0.160
57.45,1,0.156
57.46,1,0.139
57.47,1,0.123
57.48,1,0.123
57.49,1,0.126
57.50,1,0.125
57.51,1,0.130
57.52,1,0.148
57.53,1,0.163
57.54,1,0.147
57.55,1,0.135
57.56,1,0.125
57.57,1,0.123
57.58,1,0.134
57.59,1,0.152
57.60,1,0.183
57.61,1,0.217
57.62,1,0.247
57.63,1,0.251
57.64,1,0.200
57.65,1,0.144
57.66,1,0.140
57.67,1,0.152
57.68,1,0.159
57.69,1,0.167
57.70,1,0.178
57.71,1,0.166
57.72,1,0.160
57.73,1,0.152
57.74,1,0.157
57.75,1,0.172
57.76,1,0.195
57.77,1,0.185
57.78,1,0.186
57.79,1,0.176
57.80,1,0.167
57.81,1,0.157
57.82,1,0.165
57.83,1,0.166
57.84,1,0.169
57.85,1,0.168
57.86,1,0.186
57.87,1,0.216
57.88,1,0.270
57.89,1,0.289
57.90,1,0.278
57.91,1,0.252
57.92,1,0.240
57.93,1,0.212
57.94,1,0.211
57.95,1,0.197
57.96,1,0.186
57.97,1,0.194
57.98,1,0.203
57.99,1,0.227
58.00,1,0.293
58.01,1,0.394
58.02,1,0.457
58.03,1,0.316
58.04,1,0.232
58.05,1,0.220
58.06,1,0.206
58.07,1,0.209
58.08,1,0.217
58.09,1,0.228
58.10,1,0.233
58.11,1,0.235
58.12,1,0.224
58.13,1,0.234
58.14,1,0.221
58.15,1,0.202
58.16,1,0.204
58.17,1,0.202
58.18,1,0.195
58.19,1,0.193
58.20,1,0.158
58.21,1,0.144
58.22,1,0.128
58.23,1,0.120
58.24,1,0.130
58.25,1,0.175
58.26,1,0.221
58.27,1,0.260
58.28,1,0.267
58.29,1,0.242
58.30,1,0.205
58.31,1,0.198
58.32,1,0.207
58.33,1,0.219
58.34,1,0.239
58.35,1,0.263
58.36,1,0.258
58.37,1,0.219
58.38,1,0.196
58.39,1,0.173
58.40,1,0.191
58.41,1,0.192
58.42,1,0.200
58.43,1,0.230
58.44,1,0.227
58.45,1,0.213
58.46,1,0.228
58.47,1,0.230
58.48,1,0.222
58.49,1,0.242
58.50,1,0.244
58.51,1,0.228
58.52,1,0.221
58.53,1,0.228
58.54,1,0.233
58.55,1,0.248
58.56,1,0.241
58.57,1,0.265
58.58,1,0.384
58.59,1,0.468
58.60,1,0.668
58.61,1,0.991
58.62,1,1.005
58.63,1,0.933
58.64,1,0.788
58.65,1,0.468
58.66,1,0.388
58.67,1,0.270
58.68,1,0.206
58.69,1,0.186
58.70,1,0.159
58.71,1,0.136
58.72,1,0.131
58.73,1,0.133
58.74,1,0.128
58.75,1,0.146
58.76,1,0.156
58.77,1,0.168
58.78,1,0.170
58.79,1,0.147
58.80,1,0.143
58.81,1,0.147
58.82,1,0.136
58.83,1,0.123
58.84,1,0.136
58.85,1,0.101
58.86,1,0.099
58.87,1,0.102
58.88,1,0.135
58.89,1,0.147
58.90,1,0.166
58.91,1,0.168
58.92,1,0.165
58.93,1,0.163
58.94,1,0.168
58.95,1,0.165
58.96,1,0.159
58.97,1,0.164
58.98,1,0.150
58.99,1,0.152
59.00,1,0.167
59.01,1,0.161
59.02,1,0.164
59.03,1,0.160
59.04,1,0.158
59.05,1,0.148
59.06,1,0.146
59.07,1,0.141
59.08,1,0.131
59.09,1,0.126
59.10,1,0.139
59.11,1,0.154
59.12,1,0.169
59.13,1,0.207
59.14,1,0.250
59.15,1,0.278
59.16,1,0.293
59.17,1,0.259
59.18,1,0.253
59.19,1,0.227
59.20,1,0.231
59.21,1,0.235
59.22,1,0.237
59.23,1,0.234
59.24,1,0.249
59.25,1,0.218
59.26,1,0.200
59.27,1,0.202
59.28,1,0.198
59.29,1,0.200
59.30,1,0.212
59.31,1,0.178
59.32,1,0.140
59.33,1,0.130
59.34,1,0.125
59.35,1,0.121
59.36,1,0.126
59.37,1,0.141
59.38,1,0.162
59.39,1,0.165
59.40,1,0.184
59.41,1,0.219
59.42,1,0.239
59.43,1,0.252
59.44,1,0.261
59.45,1,0.272
59.46,1,0.278
59.47,1,0.242
59.48,1,0.227
59.49,1,0.198
59.50,1,0.192
59.51,1,0.201
59.52,1,0.207
59.53,1,0.221
59.54,1,0.247
59.55,1,0.259
59.56,1,0.274
59.57,1,0.259
59.58,1,0.261
59.59,1,0.274
59.60,1,0.275
59.61,1,0.317
59.62,1,0.364
59.63,1,0.377
59.64,1,0.331
59.65,1,0.272
59.66,1,0.226
59.67,1,0.191
59.68,1,0.205
59.69,1,0.210
59.70,1,0.209
59.71,1,0.214
59.72,1,0.215
59.73,1,0.204
59.74,1,0.189
59.75,1,0.175
59.76,1,0.190
59.77,1,0.224
59.78,1,0.244
59.79,1,0.252
59.80,1,0.260
59.81,1,0.224
59.82,1,0.195
59.83,1,0.212
59.84,1,0.217
59.85,1,0.206
59.86,1,0.213
59.87,1,0.222
59.88,1,0.221
59.89,1,0.251
59.90,1,0.272
59.91,1,0.273
59.92,1,0.269
59.93,1,0.269
59.94,1,0.256
59.95,1,0.258
59.96,1,0.240
59.97,1,0.211
59.98,1,0.184
59.99,1,0.167
60.00,1,0.158
60.01,1,0.156
60.02,1,0.170
60.03,1,0.180
60.04,1,0.183
60.05,1,0.224
60.06,1,0.286
60.07,1,0.328
60.08,1,0.402
60.09,1,0.466
60.10,1,0.464
60.11,1,0.294
60.12,1,0.229
60.13,1,0.202
60.14,1,0.194
60.15,1,0.170
60.16,1,0.162
60.17,1,0.143
60.18,1,0.127
60.19,1,0.117
60.20,1,0.131
60.21,1,0.138
60.22,1,0.142
60.23,1,0.146
60.24,1,0.156
60.25,1,0.155
60.26,1,0.157
60.27,1,0.156
60.28,1,0.153
60.29,1,0.160
60.30,1,0.149
60.31,1,0.148
60.32,1,0.144
60.33,1,0.143
60.34,1,0.141
60.35,1,0.149
60.36,1,0.156
60.37,1,0.162
60.38,1,0.170
60.39,1,0.173
60.40,1,0.213
60.41,1,0.336
60.42,1,0.674
60.43,1,0.466
60.44,1,0.166
60.45,1,0.162
60.46,1,0.166
60.47,1,0.140
60.48,1,0.107
60.49,1,0.100
60.50,1,0.091
60.51,1,0.080
60.52,1,0.083
60.53,1,0.100
60.54,1,0.109
60.55,1,0.103
60.56,1,0.087
60.57,1,0.079
60.58,1,0.076
60.59,1,0.094
60.60,1,0.103
60.61,1,0.137
60.62,1,0.160
60.63,1,0.182
60.64,1,0.187
60.65,1,0.190
60.66,1,0.166
60.67,1,0.168
60.68,1,0.156
60.69,1,0.154
60.70,1,0.168
60.71,1,0.175
60.72,1,0.177
60.73,1,0.183
60.74,1,0.178
60.75,1,0.167
60.76,1,0.159
60.77,1,0.145
60.78,1,0.138
60.79,1,0.137
60.80,1,0.144
60.81,1,0.141
60.82,1,0.152
60.83,1,0.159
60.84,1,0.167
60.85,1,0.171
60.86,1,0.182
60.87,1,0.181
60.88,1,0.174
60.89,1,0.165
60.90,1,0.148
60.91,1,0.139
60.92,1,0.142
60.93,1,0.168
60.94,1,0.179
60.95,1,0.186
60.96,1,0.180
60.97,1,0.174
60.98,1,0.157
60.99,1,0.176
61.00,1,0.192
61.01,1,0.215
61.02,1,0.214
61.03,1,0.221
61.04,1,0.218
61.05,1,0.229
61.06,1,0.227
61.07,1,0.226
61.08,1,0.201
61.09,1,0.184
61.10,1,0.159
61.11,1,0.155
61.12,1,0.164
61.13,1,0.173
61.14,1,0.174
61.15,1,0.187
61.16,1,0.191
61.17,1,0.190
61.18,1,0.196
61.19,1,0.210
61.20,1,0.216
61.21,1,0.234
61.22,1,0.280
61.23,1,0.295
61.24,1,0.305
61.25,1,0.307
61.26,1,0.238
61.27,1,0.216
61.28,1,0.184
61.29,1,0.167
61.30,1,0.154
61.31,1,0.151
61.32,1,0.157
61.33,1,0.167
61.34,1,0.173
61.35,1,0.177
61.36,1,0.174
61.37,1,0.176
61.38,1,0.173
61.39,1,0.172
61.40,1,0.173
61.41,1,0.170
61.42,1,0.161
61.43,1,0.151
61.44,1,0.146
61.45,1,0.141
61.46,1,0.131
61.47,1,0.126
61.48,1,0.127
61.49,1,0.135
61.50,1,0.139
61.51,1,0.140
61.52,1,0.138
61.53,1,0.126
61.54,1,0.121
61.55,1,0.120
61.56,1,0.130
61.57,1,0.148
61.58,1,0.169
61.59,1,0.204
61.60,1,0.237
61.61,1,0.265
61.62,1,0.281
61.63,1,0.269
61.64,1,0.244
61.65,1,0.217
61.66,1,0.198
61.67,1,0.191
61.68,1,0.195
61.69,1,0.210
61.70,1,0.213
61.71,1,0.201
61.72,1,0.184
61.73,1,0.171
61.74,1,0.159
61.75,1,0.153
61.76,1,0.154
61.77,1,0.155
61.78,1,0.144
61.79,1,0.134
61.80,1,0.126
61.81,1,0.124
61.82,1,0.130
61.83,1,0.140
61.84,1,0.152
61.85,1,0.164
61.86,1,0.178
61.87,1,0.199
61.88,1,0.220
61.89,1,0.236
61.90,1,0.237
61.91,1,0.222
61.92,1,0.193
61.93,1,0.163
61.94,1,0.140
61.95,1,0.127
61.96,1,0.117
61.97,1,0.107
61.98,1,0.096
61.99,1,0.086
62.00,1,0.086
62.01,1,0.091
62.02,1,0.103
62.03,1,0.117
62.04,1,0.134
62.05,1,0.151
62.06,1,0.173
62.07,1,0.195
62.08,1,0.213
62.09,1,0.220
62.10,1,0.210
62.11,1,0.198
62.12,1,0.186
62.13,1,0.173
62.14,1,0.159
62.15,1,0.146
62.16,1,0.138
62.17,1,0.132
62.18,1,0.132
62.19,1,0.142
62.20,1,0.152
62.21,1,0.160
62.22,1,0.164
62.23,1,0.162
62.24,1,0.163
62.25,1,0.175
62.26,1,0.189
62.27,1,0.217
62.28,1,0.230
62.29,1,0.232
62.30,1,0.218
62.31,1,0.207
62.32,1,0.194
62.33,1,0.183
62.34,1,0.187
62.35,1,0.188
62.36,1,0.192
62.37,1,0.179
62.38,1,0.183
62.39,1,0.200
62.40,1,0.233
62.41,1,0.258
62.42,1,0.323
62.43,1,0.448
62.44,1,0.506
62.45,1,0.406
62.46,1,0.350
62.47,1,0.337
62.48,1,0.316
62.49,1,0.296
62.50,1,0.278
62.51,1,0.272
62.52,1,0.284
62.53,1,0.299
62.54,1,0.318
62.55,1,0.362
62.56,1,0.356
62.57,1,0.367
62.58,1,0.397
62.59,1,0.408
62.60,1,0.425
62.61,1,0.425
62.62,1,0.401
62.63,1,0.374
62.64,1,0.349
62.65,0,
62.66,0,
62.67,0,
62.68,0,
62.69,0,
62.70,0,
62.71,0,
62.72,0,
62.73,0,
62.74,0,
62.75,0,
62.76,0,
62.77,0,
62.78,0,
62.79,0,
62.80,0,
62.81,0,
62.82,0,
62.83,0,
62.84,0,
62.85,0,
62.86,0,
62.87,0,
62.88,0,
62.89,0,
62.90,0,
62.91,0,
62.92,0,
62.93,0,
62.94,0,
62.95,0,
62.96,0,
62.97,0,
62.98,0,
62.99,0,
63.00,0,
63.01,0,
63.02,0,
63.03,0,
63.04,0,
63.05,0,
63.06,0,
63.07,0,
63.08,0,
63.09,0,
63.10,0,
63.11,0,
63.12,0,
63.13,0,
63.14,0,
63.15,0,
63.16,0,
63.17,0,
63.18,0,
63.19,0,
63.20,0,
63.21,0,
63.22,0,
63.23,0,
63.24,0,
63.25,0,
63.26,0,
63.27,0,
63.28,0,
63.29,0,
63.30,0,
63.31,0,
63.32,0,
63.33,0,
63.34,0,
63.35,0,
63.36,0,
63.37,0,
63.38,0,
63.39,0,
63.40,0,
63.41,0,
63.42,0,
63.43,0,
63.44,0,
63.45,0,
63.46,0,
63.47,0,
63.48,0,
63.49,0,
63.50,0,
63.51,0,
63.52,0,
63.53,0,
63.54,0,
63.55,0,
63.56,0,
63.57,0,
63.58,0,
63.59,0,
63.60,0,
63.61,0,
63.62,0,
63.63,0,
63.64,0,
63.65,0,
63.66,0,
63.67,0,
63.68,0,
63.69,0,
63.70,0,
63.71,0,
63.72,0,
63.73,0,
63.74,0,
63.75,0,
63.76,0,
63.77,0,
63.78,0,
63.79,0,
63.80,0,
63.81,0,
63.82,0,
63.83,0,
63.84,0,
63.85,0,
63.86,0,
63.87,0,
63.88,0,
63.89,0,
63.90,0,
63.91,0,
63.92,0,
63.93,0,
63.94,0,
63.95,0,
63.96,0,
63.97,0,
63.98,0,
63.99,0,
64.00,0,
64.01,0,
64.02,0,
64.03,0,
64.04,0,
64.05,0,
64.06,0,
64.07,0,
64.08,0,
64.09,0,
64.10,0,
64.11,0,
64.12,0,
64.13,0,
64.14,0,
64.15,0,
64.16,0,
64.17,0,
64.18,0,
64.19,0,
64.20,0,
64.21,0,
64.22,0,
64.23,0,
64.24,0,
64.25,0,
64.26,0,
64.27,0,
64.28,0,
64.29,0,
64.30,0,
64.31,0,
64.32,0,
64.33,0,
64.34,0,
64.35,0,
64.36,0,
64.37,0,
64.38,0,
64.39,0,
64.40,0,
64.41,0,
64.42,0,
64.43,0,
64.44,0,
64.45,0,
64.46,0,
64.47,0,
64.48,0,
64.49,0,
64.50,0,
64.51,0,
64.52,0,
64.53,0,
64.54,0,
64.55,0,
64.56,0,
64.57,0,
64.58,0,
64.59,0,
64.60,0,
64.61,0,
64.62,0,
64.63,0,
64.64,0,
64.65,0,
64.66,0,
64.67,0,
64.68,0,
64.69,0,
64.70,0,
64.71,0,
64.72,0,
64.73,0,
64.74,0,
64.75,0,
64.76,0,
64.77,0,
64.78,0,
64.79,0,
64.80,0,
64.81,0,
64.82,0,
64.83,0,
64.84,0,
64.85,0,
64.86,0,
64.87,0,
64.88,0,
64.89,0,
64.90,0,
64.91,0,
64.92,0,
64.93,0,
64.94,0,
64.95,0,
64.96,0,
64.97,0,
64.98,0,
64.99,0,
65.00,0,
65.01,0,
65.02,0,
65.03,0,
65.04,0,
65.05,0,
65.06,0,
65.07,0,
65.08,0,
65.09,0,
65.10,0,
65.11,0,
65.12,0,
65.13,0,
65.14,0,
65.15,0,
65.16,0,
65.17,0,
65.18,0,
65.19,0,
65.20,0,
65.21,0,
65.22,0,
65.23,0,
65.24,0,
65.25,0,
65.26,0,
65.27,0,
65.28,0,
65.29,0,
65.30,0,
65.31,0,
65.32,0,
65.33,0,
65.34,0,
65.35,0,
65.36,0,
65.37,0,
65.38,0,
65.39,0,
65.40,0,
65.41,0,
65.42,0,
65.43,0,
65.44,0,
65.45,0,
65.46,0,
65.47,0,
65.48,0,
65.49,0,
65.50,0,
65.51,0,
65.52,0,
65.53,0,
65.54,0,
65.55,0,
65.56,0,
65.57,0,
65.58,0,
65.59,0,
65.60,0,
65.61,0,
65.62,0,
65.63,0,
65.64,0,
65.65,0,
65.66,0,
65.67,0,
65.68,0,
65.69,0,
65.70,0,
65.71,0,
65.72,0,
65.73,0,
65.74,0,
65.75,0,
65.76,0,
65.77,0,
65.78,0,
65.79,0,
65.80,0,
65.81,0,
65.82,0,
65.83,0,
65.84,0,
65.85,0,
65.86,0,
65.87,0,
65.88,0,
65.89,0,
65.90,0,
65.91,0,
65.92,0,
65.93,0,
65.94,0,
65.95,0,
65.96,0,
65.97,0,
65.98,0,
65.99,0,
66.00,0,
66.01,0,
66.02,0,
66.03,0,
66.04,0,
66.05,0,
66.06,0,
66.07,0,
66.08,0,
66.09,0,
66.10,0,
66.11,0,
66.12,0,
66.13,0,
66.14,0,
66.15,0,
66.16,0,
66.17,0,
66.18,0,
66.19,0,
66.20,0,
66.21,0,
66.22,0,
66.23,0,
66.24,0,
66.25,0,
66.26,0,
66.27,0,
66.28,0,
66.29,0,
66.30,0,
66.31,0,
66.32,0,
66.33,0,
66.34,0,
66.35,0,
66.36,0,
66.37,0,
66.38,0,
66.39,0,
66.40,0,
66.41,0,
66.42,0,
66.43,0,
66.44,0,
66.45,0,
66.46,0,
66.47,0,
66.48,0,
66.49,0,
66.50,0,
66.51,0,
66.52,0,
66.53,0,
66.54,0,
66.55,0,
66.56,0,
66.57,0,
66.58,0,
66.59,0,
66.60,0,
66.61,0,
66.62,0,
66.63,0,
66.64,0,
66.65,0,
66.66,0,
66.67,0,
66.68,0,
66.69,0,
66.70,0,
66.71,0,
66.72,0,
66.73,0,
66.74,0,
66.75,0,
66.76,0,
66.77,0,
66.78,0,
66.79,0,
66.80,0,
66.81,0,
66.82,0,
66.83,0,
66.84,0,
66.85,0,
66.86,0,
66.87,0,
66.88,0,
66.89,0,
66.90,0,
66.91,0,
66.92,0,
66.93,0,
66.94,0,
66.95,0,
66.96,0,
66.97,0,
66.98,0,
66.99,0,
67.00,0,
67.01,0,
67.02,0,
67.03,0,
67.04,0,
67.05,0,
67.06,0,
67.07,0,
67.08,0,
67.09,0,
67.10,0,
67.11,0,
67.12,0,
67.13,0,
67.14,0,
67.15,0,
67.16,0,
67.17,0,
67.18,0,
67.19,0,
67.20,0,
67.21,0,
67.22,0,
67.23,0,
67.24,0,
67.25,0,
67.26,0,
67.27,0,
67.28,0,
67.29,0,
67.30,0,
67.31,0,
67.32,0,
67.33,0,
67.34,0,
67.35,0,
67.36,0,
67.37,0,
67.38,0,
67.39,0,
67.40,0,
67.41,0,
67.42,0,
67.43,0,
67.44,0,
67.45,0,
67.46,0,
67.47,0,
67.48,0,
67.49,0,
67.50,0,
67.51,0,
67.52,0,
67.53,0,
67.54,0,
67.55,0,
67.56,0,
67.57,0,
67.58,0,
67.59,0,
67.60,0,
67.61,0,
67.62,0,
67.63,0,
67.64,0,
67.65,0,
67.66,0,
67.67,0,
67.68,0,
67.69,0,
67.70,0,
67.71,0,
67.72,0,
67.73,0,
67.74,0,
67.75,0,
67.76,0,
67.77,0,
67.78,0,
67.79,0,
67.80,0,
67.81,0,
67.82,0,
67.83,0,
67.84,0,
67.85,0,
67.86,0,
67.87,0,
67.88,0,
67.89,0,
67.90,0,
67.91,0,
67.92,0,
67.93,0,
67.94,0,
67.95,0,
67.96,0,
67.97,0,
67.98,0,
67.99,0,
68.00,0,
68.01,0,
68.02,0,
68.03,0,
68.04,0,
68.05,0,
68.06,0,
68.07,0,
68.08,0,
68.09,0,
68.10,0,
68.11,0,
68.12,0,
68.13,0,
68.14,0,
68.15,0,
68.16,0,
68.17,0,
68.18,0,
68.19,0,
68.20,0,
68.21,0,
68.22,0,
68.23,0,
68.24,0,
68.25,0,
68.26,0,
68.27,0,
68.28,0,
68.29,0,
68.30,0,
68.31,0,
68.32,0,
68.33,0,
68.34,0,
68.35,0,
68.36,0,
68.37,0,
68.38,0,
68.39,0,
68.40,0,
68.41,0,
68.42,0,
68.43,0,
68.44,0,
68.45,0,
68.46,0,
68.47,0,
68.48,0,
68.49,0,
68.50,0,
68.51,0,
68.52,0,
68.53,0,
68.54,0,
68.55,0,
68.56,0,
68.57,0,
68.58,0,
68.59,0,
68.60,0,
68.61,0,
68.62,0,
68.63,0,
68.64,0,
68.65,0,
68.66,0,
68.67,0,
68.68,0,
68.69,0,
68.70,0,
68.71,0,
68.72,0,
68.73,0,
68.74,0,
68.75,0,
68.76,0,
68.77,0,
68.78,0,
68.79,0,
68.80,0,
68.81,0,
68.82,0,
68.83,0,
68.84,0,
68.85,0,
68.86,0,
68.87,0,
68.88,0,
68.89,0,
68.90,0,
68.91,0,
68.92,0,
68.93,0,
68.94,0,
68.95,0,
68.96,0,
68.97,0,
68.98,0,
68.99,0,
69.00,0,
69.01,0,
69.02,0,
69.03,0,
69.04,0,
69.05,0,
69.06,0,
69.07,0,
69.08,0,
69.09,0,
69.10,0,
69.11,0,
69.12,0,
69.13,0,
69.14,0,
69.15,0,
69.16,0,
69.17,0,
69.18,0,
69.19,0,
69.20,0,
69.21,0,
69.22,0,
69.23,0,
69.24,0,
69.25,0,
69.26,0,
69.27,0,
69.28,0,
69.29,0,
69.30,0,
69.31,0,
69.32,0,
69.33,0,
69.34,0,
69.35,0,
69.36,0,
69.37,0,
69.38,0,
69.39,0,
69.40,0,
69.41,0,
69.42,0,
69.43,0,
69.44,0,
69.45,0,
69.46,0,
69.47,0,
69.48,0,
69.49,0,
69.50,0,
69.51,0,
69.52,0,
69.53,0,
69.54,0,
69.55,0,
69.56,0,
69.57,0,
69.58,0,
69.59,0,
69.60,0,
69.61,0,
69.62,0,
69.63,0,
69.64,0,
69.65,0,
69.66,0,
69.67,0,
69.68,0,
69.69,0,
69.70,0,
69.71,0,
69.72,0,
69.73,0,
69.74,0,
69.75,0,
69.76,0,
69.77,0,
69.78,0,
69.79,0,
69.80,0,
69.81,0,
69.82,0,
69.83,0,
69.84,0,
69.85,0,
69.86,0,
69.87,0,
69.88,0,
69.89,0,
69.90,0,
69.91,0,
69.92,0,
69.93,0,
69.94,0,
69.95,0,
69.96,0,
69.97,0,
69.98,0,
69.99,0,
70.00,0,
70.01,0,
70.02,0,
70.03,0,
70.04,0,
70.05,0,
70.06,0,
70.07,0,
70.08,0,
70.09,0,
70.10,0,
70.11,0,
70.12,0,
70.13,0,
70.14,0,
70.15,0,
70.16,0,
70.17,0,
70.18,0,
70.19,0,
70.20,0,
70.21,0,
70.22,0,
70.23,0,
70.24,0,
70.25,0,
70.26,0,
70.27,0,
70.28,0,
70.29,0,
70.30,0,
70.31,0,
70.32,0,
70.33,0,
70.34,0,
70.35,0,
70.36,0,
70.37,0,
70.38,0,
70.39,0,
70.40,0,
70.41,0,
70.42,0,
70.43,0,
70.44,0,
70.45,0,
70.46,0,
70.47,0,
70.48,0,
70.49,0,
70.50,0,
70.51,0,
70.52,0,
70.53,0,
70.54,0,
70.55,0,
70.56,0,
70.57,0,
70.58,0,
70.59,0,
70.60,0,
70.61,0,
70.62,0,
70.63,0,
70.64,0,
70.65,0,
70.66,0,
70.67,0,
70.68,0,
70.69,0,
70.70,0,
70.71,0,
70.72,0,
70.73,0,
70.74,0,
70.75,0,
70.76,0,
70.77,0,
70.78,0,
70.79,0,
70.80,0,
70.81,0,
70.82,0,
70.83,0,
70.84,0,
70.85,0,
70.86,0,
70.87,0,
70.88,0,
70.89,0,
70.90,0,
70.91,0,
70.92,0,
70.93,0,
70.94,0,
70.95,0,
70.96,0,
70.97,0,
70.98,0,
70.99,0,
71.00,0,
71.01,0,
71.02,0,
71.03,0,
71.04,0,
71.05,0,
71.06,0,
71.07,0,
71.08,0,
71.09,0,
71.10,0,
71.11,0,
71.12,0,
71.13,0,
71.14,0,
71.15,0,
71.16,0,
71.17,0,
71.18,0,
71.19,0,
71.20,0,
71.21,0,
71.22,0,
71.23,0,
71.24,0,
71.25,0,
71.26,0,
71.27,0,
71.28,0,
71.29,0,
71.30,0,
71.31,0,
71.32,0,
71.33,0,
71.34,0,
71.35,0,
71.36,0,
71.37,0,
71.38,0,
71.39,0,
71.40,0,
71.41,0,
71.42,0,
71.43,0,
71.44,0,
71.45,0,
71.46,0,
71.47,0,
71.48,0,
71.49,0,
71.50,0,
71.51,0,
71.52,0,
71.53,0,
71.54,0,
71.55,0,
71.56,0,
71.57,0,
71.58,0,
71.59,0,
71.60,0,
71.61,0,
71.62,0,
71.63,0,
71.64,0,
71.65,0,
71.66,1,0.034
71.67,1,0.043
71.68,1,0.048
71.69,1,0.057
71.70,1,0.148
71.71,1,0.220
71.72,1,0.153
71.73,1,0.121
71.74,1,0.079
71.75,1,0.036
71.76,1,0.025
71.77,1,0.020
71.78,1,0.018
71.79,1,0.020
71.80,1,0.022
71.81,1,0.026
71.82,1,0.031
71.83,1,0.035
71.84,1,0.037
71.85,1,0.043
71.86,1,0.047
71.87,1,0.056
71.88,1,0.068
71.89,1,0.085
71.90,1,0.081
71.91,1,0.066
71.92,1,0.056
71.93,1,0.053
71.94,1,0.054
71.95,1,0.071
71.96,1,0.097
71.97,1,0.273
71.98,1,0.278
71.99,1,0.119
72.00,1,0.068
72.01,1,0.056
72.02,1,0.050
72.03,1,0.041
72.04,1,0.038
72.05,1,0.039
72.06,1,0.036
72.07,1,0.040
72.08,1,0.053
72.09,1,0.063
72.10,1,0.072
72.11,1,0.085
72.12,1,0.096
72.13,1,0.100
72.14,1,0.096
72.15,1,0.097
72.16,1,0.091
72.17,1,0.076
72.18,1,0.087
72.19,1,0.125
72.20,1,0.117
72.21,1,0.135
72.22,1,0.148
72.23,1,0.079
72.24,1,0.071
72.25,1,0.061
72.26,1,0.056
72.27,1,0.054
72.28,1,0.052
72.29,1,0.052
72.30,1,0.057
72.31,1,0.044
72.32,1,0.034
72.33,1,0.033
72.34,1,0.034
72.35,1,0.035
72.36,1,0.043
72.37,1,0.064
72.38,1,0.078
72.39,1,0.089
72.40,1,0.108
72.41,1,0.133
72.42,1,0.157
72.43,1,0.556
72.44,1,0.432
72.45,1,0.233
72.46,1,0.117
72.47,1,0.070
72.48,1,0.050
72.49,1,0.042
72.50,1,0.034
72.51,1,0.035
72.52,1,0.041
72.53,1,0.049
72.54,1,0.059
72.55,1,0.073
72.56,1,0.074
72.57,1,0.072
72.58,1,0.069
72.59,1,0.067
72.60,1,0.065
72.61,1,0.065
72.62,1,0.066
72.63,1,0.064
72.64,1,0.055
72.65,1,0.047
72.66,1,0.045
72.67,1,0.053
72.68,1,0.061
72.69,1,0.069
72.70,1,0.076
72.71,1,0.086
72.72,1,0.094
72.73,1,0.129
72.74,1,0.313
72.75,1,0.788
72.76,1,1.312
72.77,1,0.449
72.78,1,0.229
72.79,1,0.098
72.80,1,0.066
72.81,1,0.048
72.82,1,0.046
72.83,1,0.048
72.84,1,0.052
72.85,1,0.052
72.86,1,0.056
72.87,1,0.051
72.88,1,0.053
72.89,1,0.062
72.90,1,0.065
72.91,1,0.071
72.92,1,0.088
72.93,1,0.085
72.94,1,0.094
72.95,1,0.097
72.96,1,0.089
72.97,1,0.080
72.98,1,0.085
72.99,1,0.085
73.00,1,0.095
73.01,1,0.097
73.02,1,0.101
73.03,1,0.093
73.04,1,0.083
73.05,1,0.075
73.06,1,0.082
73.07,1,0.077
73.08,1,0.077
73.09,1,0.072
73.10,1,0.061
73.11,1,0.052
73.12,1,0.049
73.13,1,0.048
73.14,1,0.046
73.15,1,0.055
73.16,1,0.061
73.17,1,0.072
73.18,1,0.100
73.19,1,0.127
73.20,1,0.229
73.21,1,0.267
73.22,1,0.168
73.23,1,0.121
73.24,1,0.090
73.25,1,0.065
73.26,1,0.063
73.27,1,0.070
73.28,1,0.074
73.29,1,0.069
73.30,1,0.065
73.31,1,0.049
73.32,1,0.037
73.33,1,0.041
73.34,1,0.046
73.35,1,0.051
73.36,1,0.057
73.37,1,0.066
73.38,1,0.073
73.39,1,0.080
73.40,1,0.087
73.41,1,0.095
73.42,1,0.098
73.43,1,0.096
73.44,1,0.092
73.45,1,0.076
73.46,1,0.067
73.47,1,0.063
73.48,1,0.064
73.49,1,0.069
73.50,1,0.075
73.51,1,0.082
73.52,1,0.087
73.53,1,0.083
73.54,1,0.079
73.55,1,0.075
73.56,1,0.068
73.57,1,0.062
73.58,1,0.059
73.59,1,0.056
73.60,1,0.067
73.61,1,0.070
73.62,1,0.077
73.63,1,0.081
73.64,1,0.094
73.65,1,0.097
73.66,1,0.098
73.67,1,0.102
73.68,1,0.096
73.69,1,0.093
73.70,1,0.092
73.71,1,0.093
73.72,1,0.097
73.73,1,0.096
73.74,1,0.090
73.75,1,0.095
73.76,1,0.086
73.77,1,0.081
73.78,1,0.090
73.79,1,0.116
73.80,1,0.130
73.81,1,0.131
73.82,1,0.128
73.83,1,0.120
73.84,1,0.096
73.85,1,0.084
73.86,1,0.074
73.87,1,0.069
73.88,1,0.067
73.89,1,0.068
73.90,1,0.083
73.91,1,0.111
73.92,1,0.152
73.93,1,0.213
73.94,1,0.282
73.95,1,0.441
73.96,1,1.140
73.97,1,1.266
73.98,1,0.945
73.99,1,0.834
74.00,1,0.746
74.01,1,0.590
74.02,1,0.511
74.03,1,0.470
74.04,1,0.390
74.05,1,0.336
74.06,1,0.335
74.07,1,0.335
74.08,1,0.392
74.09,1,0.426
74.10,1,0.542
74.11,1,0.639
74.12,1,1.024
74.13,1,1.264
74.14,1,1.344
74.15,1,1.435
74.16,1,1.196
74.17,1,1.082
74.18,1,0.920
74.19,1,0.604
74.20,1,0.105
74.21,1,0.037
74.22,1,0.025
74.23,1,0.023
74.24,1,0.037
74.25,1,0.031
74.26,1,0.025
74.27,1,0.024
74.28,1,0.024
74.29,1,0.023
74.30,1,0.033
74.31,1,0.058
74.32,1,0.073
74.33,1,0.058
74.34,1,0.050
74.35,1,0.047
74.36,1,0.040
74.37,1,0.038
74.38,1,0.039
74.39,1,0.045
74.40,1,0.051
74.41,1,0.058
74.42,1,0.066
74.43,1,0.067
74.44,1,0.063
74.45,1,0.062
74.46,1,0.061
74.47,1,0.057
74.48,1,0.057
74.49,1,0.054
74.50,1,0.055
74.51,1,0.058
74.52,1,0.064
74.53,1,0.073
74.54,1,0.074
74.55,1,0.064
74.56,1,0.061
74.57,1,0.071
74.58,1,0.080
74.59,1,0.106
74.60,1,0.116
74.61,1,0.097
74.62,1,0.078
74.63,1,0.067
74.64,1,0.061
74.65,1,0.058
74.66,1,0.057
74.67,1,0.056
74.68,1,0.063
74.69,1,0.070
74.70,1,0.076
74.71,1,0.085
74.72,1,0.090
74.73,1,0.093
74.74,1,0.086
74.75,1,0.083
74.76,1,0.101
74.77,1,0.118
74.78,1,0.161
74.79,1,0.214
74.80,1,0.212
74.81,1,0.204
74.82,1,0.159
74.83,1,0.124
74.84,1,0.106
74.85,1,0.105
74.86,1,0.096
74.87,1,0.084
74.88,1,0.067
74.89,1,0.060
74.90,1,0.055
74.91,1,0.051
74.92,1,0.048
74.93,1,0.059
74.94,1,0.062
74.95,1,0.064
74.96,1,0.067
74.97,1,0.071
74.98,1,0.072
74.99,1,0.082
75.00,1,0.107
75.01,1,0.210
75.02,1,0.525
75.03,1,1.054
75.04,1,0.304
75.05,1,0.129
75.06,1,0.066
75.07,1,0.044
75.08,1,0.036
75.09,1,0.036
75.10,1,0.037
75.11,1,0.040
75.12,1,0.046
75.13,1,0.049
75.14,1,0.050
75.15,1,0.054
75.16,1,0.061
75.17,1,0.070
75.18,1,0.077
75.19,1,0.078
75.20,1,0.075
75.21,1,0.073
75.22,1,0.081
75.23,1,0.089
75.24,1,0.096
75.25,1,0.103
75.26,1,0.100
75.27,1,0.088
75.28,1,0.090
75.29,1,0.097
75.30,1,0.099
75.31,1,0.101
75.32,1,0.103
75.33,1,0.094
75.34,1,0.093
75.35,1,0.093
75.36,1,0.104
75.37,1,0.104
75.38,1,0.097
75.39,1,0.085
75.40,1,0.069
75.41,1,0.059
75.42,1,0.061
75.43,1,0.066
75.44,1,0.076
75.45,1,0.088
75.46,1,0.092
75.47,1,0.086
75.48,1,0.077
75.49,1,0.067
75.50,1,0.054
75.51,1,0.053
75.52,1,0.055
75.53,1,0.055
75.54,1,0.064
75.55,1,0.068
75.56,1,0.079
75.57,1,0.086
75.58,1,0.088
75.59,1,0.100
75.60,1,0.109
75.61,1,0.106
75.62,1,0.112
75.63,1,0.112
75.64,1,0.102
75.65,1,0.103
75.66,1,0.102
75.67,1,0.108
75.68,1,0.109
75.69,1,0.106
75.70,1,0.101
75.71,1,0.084
75.72,1,0.073
75.73,1,0.068
75.74,1,0.067
75.75,1,0.067
75.76,1,0.065
75.77,1,0.064
75.78,1,0.065
75.79,1,0.062
75.80,1,0.061
75.81,1,0.062
75.82,1,0.060
75.83,1,0.056
75.84,1,0.054
75.85,1,0.052
75.86,1,0.051
75.87,1,0.048
75.88,1,0.049
75.89,1,0.050
75.90,1,0.052
75.91,1,0.057
75.92,1,0.061
75.93,1,0.066
75.94,1,0.079
75.95,1,0.087
75.96,1,0.097
75.97,1,0.113
75.98,1,0.136
75.99,1,0.195
76.00,1,0.369
76.01,1,1.460
76.02,1,0.827
76.03,1,0.435
76.04,1,0.173
76.05,1,0.096
76.06,1,0.076
76.07,1,0.061
76.08,1,0.054
76.09,1,0.049
76.10,1,0.050
76.11,1,0.053
76.12,1,0.050
76.13,1,0.055
76.14,1,0.068
76.15,1,0.074
76.16,1,0.081
76.17,1,0.087
76.18,1,0.085
76.19,1,0.081
76.20,1,0.081
76.21,1,0.074
76.22,1,0.074
76.23,1,0.073
76.24,1,0.069
76.25,1,0.069
76.26,1,0.065
76.27,1,0.061
76.28,1,0.061
76.29,1,0.059
76.30,1,0.060
76.31,1,0.067
76.32,1,0.071
76.33,1,0.076
76.34,1,0.079
76.35,1,0.081
76.36,1,0.080
76.37,1,0.075
76.38,1,0.071
76.39,1,0.066
76.40,1,0.060
76.41,1,0.054
76.42,1,0.051
76.43,1,0.050
76.44,1,0.046
76.45,1,0.044
76.46,1,0.046
76.47,1,0.044
76.48,1,0.042
76.49,1,0.042
76.50,1,0.045
76.51,1,0.053
76.52,1,0.067
76.53,1,0.108
76.54,1,0.220
76.55,1,0.428
76.56,1,0.490
76.57,1,0.672
76.58,1,0.727
76.59,0,
76.60,0,
76.61,0,
76.62,0,
76.63,0,
76.64,0,
76.65,0,
76.66,0,
76.67,0,
76.68,0,
76.69,0,
76.70,0,
76.71,0,
76.72,0,
76.73,0,
76.74,0,
76.75,0,
76.76,0,
76.77,0,
76.78,0,
76.79,0,
76.80,1,0.434
76.81,1,0.400
76.82,1,0.357
76.83,1,0.125
76.84,1,0.103
76.85,1,0.070
76.86,1,0.074
76.87,1,0.102
76.88,1,0.112
76.89,1,0.114
76.90,1,0.142
76.91,1,0.171
76.92,1,0.198
76.93,1,0.238
76.94,1,0.267
76.95,1,0.285
76.96,1,0.305
76.97,1,0.297
76.98,1,0.298
76.99,1,0.298
77.00,1,0.291
77.01,1,0.294
77.02,1,0.314
77.03,1,0.335
77.04,1,0.367
77.05,1,0.554
77.06,1,0.567
77.07,1,0.240
77.08,1,0.212
77.09,1,0.206
77.10,1,0.236
77.11,1,0.265
77.12,1,0.265
77.13,1,0.275
77.14,1,0.280
77.15,1,0.264
77.16,1,0.273
77.17,1,0.264
77.18,1,0.280
77.19,1,0.271
77.20,1,0.268
77.21,1,0.255
77.22,1,0.227
77.23,1,0.213
77.24,1,0.185
77.25,1,0.171
77.26,1,0.165
77.27,1,0.219
77.28,1,0.240
77.29,1,0.352
77.30,1,0.393
77.31,1,0.122
77.32,1,0.083
77.33,1,0.067
77.34,1,0.073
77.35,1,0.080
77.36,1,0.088
77.37,1,0.108
77.38,1,0.120
77.39,1,0.132
77.40,1,0.149
77.41,1,0.184
77.42,1,0.242
77.43,1,0.383
77.44,1,0.537
77.45,1,0.376
77.46,1,0.197
77.47,1,0.183
77.48,1,0.124
77.49,1,0.113
77.50,1,0.164
77.51,1,0.190
77.52,1,0.219
77.53,1,0.249
77.54,1,0.282
77.55,1,0.298
77.56,1,0.317
77.57,1,0.335
77.58,1,0.332
77.59,1,0.336
77.60,1,0.332
77.61,1,0.326
77.62,1,0.351
77.63,1,0.371
77.64,1,0.354
77.65,1,0.321
77.66,1,0.274
77.67,1,0.201
77.68,1,0.159
77.69,1,0.143
77.70,1,0.137
77.71,1,0.167
77.72,1,0.185
77.73,1,0.228
77.74,1,0.249
77.75,1,0.264
77.76,1,0.257
77.77,1,0.267
77.78,1,0.264
77.79,1,0.283
77.80,1,0.291
77.81,1,0.294
77.82,1,0.293
77.83,1,0.299
77.84,1,0.299
77.85,1,0.294
77.86,1,0.313
77.87,1,0.301
77.88,1,0.285
77.89,1,0.282
77.90,1,0.279
77.91,1,0.280
77.92,1,0.275
77.93,1,0.286
77.94,1,0.285
77.95,1,0.301
77.96,1,0.279
77.97,1,0.261
77.98,1,0.241
77.99,1,0.216
78.00,1,0.130
78.01,1,0.133
78.02,1,0.179
78.03,1,0.186
78.04,1,0.203
78.05,1,0.241
78.06,1,0.254
78.07,1,0.240
78.08,1,0.225
78.09,1,0.194
78.10,1,0.177
78.11,1,0.153
78.12,1,0.165
78.13,1,0.172
78.14,1,0.179
78.15,1,0.176
78.16,1,0.191
78.17,1,0.190
78.18,1,0.197
78.19,1,0.191
78.20,1,0.212
78.21,1,0.209
78.22,1,0.206
78.23,1,0.197
78.24,1,0.197
78.25,1,0.191
78.26,1,0.191
78.27,1,0.219
78.28,1,0.250
78.29,1,0.244
78.30,1,0.232
78.31,1,0.176
78.32,1,0.144
78.33,1,0.128
78.34,1,0.131
78.35,1,0.152
78.36,1,0.166
78.37,1,0.198
78.38,1,0.217
78.39,1,0.229
78.40,1,0.182
78.41,1,0.145
78.42,1,0.117
78.43,1,0.105
78.44,1,0.111
78.45,1,0.122
78.46,1,0.135
78.47,1,0.135
78.48,1,0.151
78.49,1,0.194
78.50,1,0.231
78.51,1,0.264
78.52,1,0.315
78.53,1,0.364
78.54,1,0.415
78.55,1,0.512
78.56,1,0.560
78.57,1,0.548
78.58,1,0.796
78.59,1,0.555
78.60,1,0.613
78.61,1,0.399
78.62,1,0.376
78.63,1,0.186
78.64,1,0.156
78.65,1,0.185
78.66,1,0.203
78.67,1,0.220
78.68,1,0.267
78.69,1,0.325
78.70,1,0.375
78.71,1,0.407
78.72,1,0.429
78.73,1,0.414
78.74,1,0.379
78.75,1,0.352
78.76,1,0.325
78.77,1,0.314
78.78,1,0.312
78.79,1,0.327
78.80,1,0.332
78.81,1,0.349
78.82,1,0.337
78.83,1,0.344
78.84,1,0.341
78.85,1,0.355
78.86,1,0.360
78.87,1,0.357
78.88,1,0.351
78.89,1,0.347
78.90,1,0.359
78.91,1,0.354
78.92,1,0.356
78.93,1,0.353
78.94,1,0.347
78.95,1,0.354
78.96,1,0.362
78.97,1,0.379
78.98,1,0.384
78.99,1,0.395
79.00,1,0.378
79.01,1,0.361
79.02,1,0.343
79.03,1,0.331
79.04,1,0.325
79.05,1,0.332
79.06,1,0.340
79.07,1,0.336
79.08,1,0.319
79.09,1,0.288
79.10,1,0.263
79.11,1,0.242
79.12,1,0.215
79.13,1,0.217
79.14,1,0.237
79.15,1,0.253
79.16,1,0.293
79.17,1,0.358
79.18,1,0.469
79.19,1,0.708
79.20,1,0.738
79.21,1,0.654
79.22,1,0.627
79.23,1,0.574
79.24,1,0.521
79.25,1,0.495
79.26,1,0.472
79.27,1,0.467
79.28,1,0.500
79.29,1,0.501
79.30,1,0.534
79.31,1,0.585
79.32,1,0.518
79.33,1,0.505
79.34,1,0.525
79.35,1,0.593
79.36,1,0.747
79.37,1,0.940
79.38,1,0.747
79.39,1,0.351
79.40,1,0.212
79.41,1,0.154
79.42,1,0.102
79.43,1,0.127
79.44,1,0.147
79.45,1,0.187
79.46,1,0.227
79.47,1,0.267
79.48,1,0.287
79.49,1,0.311
79.50,1,0.321
79.51,1,0.343
79.52,1,0.349
79.53,1,0.342
79.54,1,0.341
79.55,1,0.332
79.56,1,0.310
79.57,1,0.286
79.58,1,0.262
79.59,1,0.248
79.60,1,0.227
79.61,1,0.219
79.62,1,0.211
79.63,1,0.281
79.64,1,0.432
79.65,1,0.424
79.66,1,0.216
79.67,1,0.146
79.68,1,0.176
79.69,1,0.176
79.70,1,0.173
79.71,1,0.201
79.72,1,0.243
79.73,1,0.178
79.74,1,0.135
79.75,1,0.133
79.76,1,0.176
79.77,1,0.209
79.78,1,0.250
79.79,1,0.287
79.80,1,0.305
79.81,1,0.334
79.82,1,0.346
79.83,1,0.357
79.84,1,0.365
79.85,1,0.382
79.86,1,0.409
79.87,1,0.438
79.88,1,0.508
79.89,1,0.616
79.90,1,0.853
79.91,1,0.698
79.92,1,0.225
79.93,1,0.121
79.94,1,0.130
79.95,1,0.165
79.96,1,0.194
79.97,1,0.209
79.98,1,0.221
79.99,1,0.229
80.00,1,0.239
80.01,1,0.235
80.02,1,0.255
80.03,1,0.288
80.04,1,0.324
80.05,1,0.353
80.06,1,0.422
80.07,1,0.444
80.08,1,0.402
80.09,1,0.261
80.10,1,0.178
80.11,1,0.156
80.12,1,0.135
80.13,1,0.126
80.14,1,0.121
80.15,1,0.135
80.16,1,0.161
80.17,1,0.193
80.18,1,0.247
80.19,1,0.281
80.20,1,0.341
80.21,1,0.357
80.22,1,0.392
80.23,1,0.410
80.24,1,0.427
80.25,1,0.417
80.26,1,0.396
80.27,1,0.376
80.28,1,0.348
80.29,1,0.335
80.30,1,0.334
80.31,1,0.347
80.32,1,0.382
80.33,1,0.360
80.34,1,0.377
80.35,1,0.381
80.36,1,0.347
80.37,1,0.389
80.38,1,0.822
80.39,1,0.894
80.40,1,0.538
80.41,1,0.301
80.42,1,0.149
80.43,1,0.115
80.44,1,0.160
80.45,1,0.236
80.46,1,0.292
80.47,1,0.365
80.48,1,0.444
80.49,1,0.503
80.50,1,0.534
80.51,1,0.527
80.52,1,0.495
80.53,1,0.456
80.54,1,0.420
80.55,1,0.422
80.56,1,0.428
80.57,1,0.432
80.58,1,0.431
80.59,1,0.407
80.60,1,0.368
80.61,1,0.342
80.62,1,0.312
80.63,1,0.271
80.64,1,0.276
80.65,1,0.283
80.66,1,0.298
80.67,1,0.306
80.68,1,0.315
80.69,1,0.297
80.70,1,0.287
80.71,1,0.284
80.72,1,0.285
80.73,1,0.319
80.74,1,0.321
80.75,1,0.346
80.76,1,0.340
80.77,1,0.344
80.78,1,0.369
80.79,1,0.410
80.80,1,0.417
80.81,1,0.440
80.82,1,0.454
80.83,1,0.340
80.84,1,0.242
80.85,1,0.300
80.86,1,0.270
80.87,1,0.213
80.88,1,0.220
80.89,1,0.193
80.90,1,0.176
80.91,1,0.186
80.92,1,0.196
80.93,1,0.223
80.94,1,0.249
80.95,1,0.270
80.96,1,0.309
80.97,1,0.346
80.98,1,0.379
80.99,1,0.385
81.00,1,0.383
81.01,1,0.374
81.02,1,0.359
81.03,1,0.335
81.04,1,0.312
81.05,1,0.298
81.06,1,0.278
81.07,1,0.262
81.08,1,0.272
81.09,1,0.278
81.10,1,0.283
81.11,1,0.290
81.12,1,0.321
81.13,1,0.337
81.14,1,0.358
81.15,1,0.390
81.16,1,0.439
81.17,1,0.384
81.18,1,0.285
81.19,1,0.237
81.20,1,0.199
81.21,1,0.188
81.22,1,0.172
81.23,1,0.189
81.24,1,0.169
81.25,1,0.175
81.26,1,0.216
81.27,1,0.255
81.28,1,0.267
81.29,1,0.307
81.30,1,0.315
81.31,1,0.302
81.32,1,0.295
81.33,1,0.298
81.34,1,0.319
81.35,1,0.337
81.36,1,0.335
81.37,1,0.320
81.38,1,0.297
81.39,1,0.247
81.40,1,0.193
81.41,1,0.158
81.42,1,0.138
81.43,1,0.132
81.44,1,0.159
81.45,1,0.184
81.46,1,0.219
81.47,1,0.252
81.48,1,0.272
81.49,1,0.288
81.50,1,0.320
81.51,1,0.340
81.52,1,0.352
81.53,1,0.354
81.54,1,0.296
81.55,1,0.235
81.56,1,0.195
81.57,1,0.183
81.58,1,0.193
81.59,1,0.204
81.60,1,0.222
81.61,1,0.261
81.62,1,0.290
81.63,1,0.320
81.64,1,0.485
81.65,1,0.478
81.66,1,0.472
81.67,1,0.510
81.68,1,0.185
81.69,1,0.142
81.70,1,0.271
81.71,1,0.245
81.72,1,0.218
81.73,1,0.182
81.74,1,0.162
81.75,1,0.117
81.76,1,0.121
81.77,1,0.123
81.78,1,0.136
81.79,1,0.135
81.80,1,0.123
81.81,1,0.157
81.82,1,0.175
81.83,1,0.202
81.84,1,0.226
81.85,1,0.242
81.86,1,0.231
81.87,1,0.220
81.88,1,0.218
81.89,1,0.194
81.90,1,0.181
81.91,1,0.166
81.92,1,0.142
81.93,1,0.128
81.94,1,0.112
81.95,1,0.101
81.96,1,0.107
81.97,1,0.123
81.98,1,0.139
81.99,1,0.171
82.00,1,0.218
82.01,1,0.258
82.02,1,0.303
82.03,1,0.344
82.04,1,0.341
82.05,1,0.299
82.06,1,0.269
82.07,1,0.251
82.08,1,0.230
82.09,1,0.232
82.10,1,0.240
82.11,1,0.244
82.12,1,0.249
82.13,1,0.273
82.14,1,0.302
82.15,1,0.321
82.16,1,0.359
82.17,1,0.370
82.18,1,0.398
82.19,1,0.386
82.20,1,0.378
82.21,1,0.358
82.22,1,0.342
82.23,1,0.336
82.24,1,0.338
82.25,1,0.355
82.26,1,0.344
82.27,1,0.353
82.28,1,0.340
82.29,1,0.302
82.30,1,0.253
82.31,1,0.222
82.32,1,0.186
82.33,1,0.156
82.34,1,0.136
82.35,1,0.119
82.36,1,0.116
82.37,1,0.123
82.38,1,0.134
82.39,1,0.150
82.40,1,0.151
82.41,1,0.165
82.42,1,0.163
82.43,1,0.169
82.44,1,0.190
82.45,1,0.187
82.46,1,0.210
82.47,1,0.203
82.48,1,0.226
82.49,1,0.213
82.50,1,0.229
82.51,1,0.247
82.52,1,0.249
82.53,1,0.291
82.54,1,0.303
82.55,1,0.363
82.56,1,0.391
82.57,1,0.496
82.58,1,0.545
82.59,1,0.574
82.60,1,0.877
82.61,1,0.941
82.62,1,1.059
82.63,1,1.120
82.64,1,1.123
82.65,1,1.123
82.66,1,0.311
82.67,1,0.190
82.68,1,0.176
82.69,1,0.179
82.70,1,0.195
82.71,1,0.200
82.72,1,0.214
82.73,1,0.209
82.74,1,0.206
82.75,1,0.207
82.76,1,0.214
82.77,1,0.215
82.78,1,0.286
82.79,1,0.445
82.80,1,0.773
82.81,1,0.691
82.82,1,0.511
82.83,1,0.370
82.84,1,0.178
82.85,1,0.105
82.86,1,0.120
82.87,1,0.136
82.88,1,0.144
82.89,1,0.167
82.90,1,0.185
82.91,1,0.208
82.92,1,0.233
82.93,1,0.238
82.94,1,0.242
82.95,1,0.237
82.96,1,0.226
82.97,1,0.209
82.98,1,0.205
82.99,1,0.183
83.00,1,0.186
83.01,1,0.192
83.02,1,0.223
83.03,1,0.243
83.04,1,0.267
83.05,1,0.277
83.06,1,0.283
83.07,1,0.304
83.08,1,0.317
83.09,1,0.330
83.10,1,0.336
83.11,1,0.347
83.12,1,0.338
83.13,1,0.358
83.14,1,0.329
83.15,1,0.318
83.16,1,0.300
83.17,1,0.304
83.18,1,0.281
83.19,1,0.322
83.20,1,0.345
83.21,1,0.405
83.22,1,0.594
83.23,1,0.674
83.24,1,0.780
83.25,1,0.964
83.26,1,1.251
83.27,1,1.401
83.28,1,1.587
83.29,1,1.414
83.30,1,1.102
83.31,1,0.476
83.32,1,0.168
83.33,1,0.142
83.34,1,0.155
83.35,1,0.153
83.36,1,0.158
83.37,1,0.174
83.38,1,0.187
83.39,1,0.176
83.40,1,0.192
83.41,1,0.184
83.42,1,0.189
83.43,1,0.190
83.44,1,0.182
83.45,1,0.178
83.46,1,0.185
83.47,1,0.183
83.48,1,0.194
83.49,1,0.199
83.50,1,0.208
83.51,1,0.204
83.52,1,0.203
83.53,1,0.197
83.54,1,0.172
83.55,1,0.170
83.56,1,0.167
83.57,1,0.163
83.58,1,0.172
83.59,1,0.183
83.60,1,0.201
83.61,1,0.206
83.62,1,0.214
83.63,1,0.165
83.64,1,0.116
83.65,1,0.088
83.66,1,0.085
83.67,1,0.092
83.68,1,0.098
83.69,1,0.105
83.70,1,0.106
83.71,1,0.106
83.72,1,0.100
83.73,1,0.103
83.74,1,0.105
83.75,1,0.109
83.76,1,0.119
83.77,1,0.121
83.78,1,0.126
83.79,1,0.116
83.80,1,0.124
83.81,1,0.117
83.82,1,0.129
83.83,1,0.122
83.84,1,0.128
83.85,1,0.116
83.86,1,0.111
83.87,1,0.111
83.88,1,0.111
83.89,1,0.116
83.90,1,0.135
83.91,1,0.155
83.92,1,0.143
83.93,1,0.129
83.94,1,0.128
83.95,1,0.124
83.96,1,0.117
83.97,1,0.118
83.98,1,0.108
83.99,1,0.085
84.00,1,0.063
84.01,1,0.052
84.02,1,0.046
84.03,1,0.048
84.04,1,0.050
84.05,1,0.054
84.06,1,0.067
84.07,1,0.074
84.08,1,0.076
84.09,1,0.077
84.10,1,0.076
84.11,1,0.069
84.12,1,0.065
84.13,1,0.060
84.14,1,0.054
84.15,1,0.053
84.16,1,0.053
84.17,1,0.053
84.18,1,0.054
84.19,1,0.055
84.20,1,0.054
84.21,1,0.061
84.22,1,0.075
84.23,1,0.089
84.24,1,0.108
84.25,1,0.131
84.26,1,0.162
84.27,1,0.195
84.28,1,0.239
84.29,1,0.343
84.30,1,0.474
84.31,1,0.678
84.32,1,1.135
84.33,1,1.748
84.34,1,2.065
84.35,1,1.535
84.36,1,1.353
84.37,1,1.099
84.38,1,0.987
84.39,1,0.894
84.40,0,
84.41,0,
84.42,0,
84.43,0,
84.44,0,
84.45,0,
84.46,0,
84.47,0,
84.48,0,
84.49,0,
84.50,0,
84.51,1,0.261
84.52,1,0.380
84.53,1,0.560
84.54,1,0.625
84.55,1,0.290
84.56,1,0.109
84.57,1,0.028
84.58,1,0.024
84.59,1,0.025
84.60,1,0.028
84.61,1,0.031
84.62,1,0.031
84.63,1,0.028
84.64,1,0.028
84.65,1,0.027
84.66,1,0.027
84.67,1,0.028
84.68,1,0.038
84.69,1,0.045
84.70,1,0.050
84.71,1,0.056
84.72,1,0.058
84.73,1,0.057
84.74,1,0.060
84.75,1,0.071
84.76,1,0.064
84.77,1,0.064
84.78,1,0.066
84.79,1,0.056
84.80,1,0.056
84.81,1,0.060
84.82,1,0.058
84.83,1,0.056
84.84,1,0.063
84.85,1,0.064
84.86,1,0.067
84.87,1,0.072
84.88,1,0.086
84.89,1,0.079
84.90,1,0.081
84.91,1,0.082
84.92,1,0.082
84.93,1,0.072
84.94,1,0.080
84.95,1,0.079
84.96,1,0.075
84.97,1,0.067
84.98,1,0.064
84.99,1,0.054
85.00,1,0.055
85.01,1,0.064
85.02,1,0.076
85.03,1,0.099
85.04,1,0.131
85.05,1,0.189
85.06,1,0.273
85.07,1,0.766
85.08,1,1.128
85.09,1,1.048
85.10,1,0.452
85.11,1,0.298
85.12,1,0.273
85.13,1,0.227
85.14,1,0.202
85.15,1,0.179
85.16,1,0.159
85.17,1,0.141
85.18,1,0.124
85.19,1,0.112
85.20,1,0.109
85.21,1,0.108
85.22,1,0.112
85.23,1,0.132
85.24,1,0.161
85.25,1,0.195
85.26,1,0.193
85.27,1,0.175
85.28,1,0.145
85.29,1,0.111
85.30,1,0.087
85.31,1,0.076
85.32,1,0.070
85.33,1,0.056
85.34,1,0.051
85.35,1,0.048
85.36,1,0.049
85.37,1,0.053
85.38,1,0.056
85.39,1,0.058
85.40,1,0.061
85.41,1,0.062
85.42,1,0.060
85.43,1,0.064
85.44,1,0.073
85.45,1,0.079
85.46,1,0.083
85.47,1,0.082
85.48,1,0.070
85.49,1,0.060
85.50,1,0.054
85.51,1,0.050
85.52,1,0.053
85.53,1,0.060
85.54,1,0.077
85.55,1,0.123
85.56,1,0.362
85.57,1,0.707
85.58,1,0.697
85.59,1,0.141
85.60,1,0.091
85.61,1,0.066
85.62,1,0.054
85.63,1,0.051
85.64,1,0.053
85.65,1,0.055
85.66,1,0.066
85.67,1,0.086
85.68,1,0.112
85.69,1,0.154
85.70,1,0.329
85.71,1,0.601
85.72,1,0.831
85.73,1,0.883
85.74,1,0.903
85.75,1,0.867
85.76,1,0.870
85.77,1,0.860
85.78,1,0.574
85.79,1,0.361
85.80,1,0.263
85.81,1,0.193
85.82,1,0.162
85.83,1,0.141
85.84,1,0.136
85.85,1,0.130
85.86,1,0.137
85.87,1,0.147
85.88,1,0.140
85.89,1,0.132
85.90,1,0.121
85.91,1,0.097
85.92,1,0.082
85.93,1,0.069
85.94,1,0.061
85.95,1,0.058
85.96,1,0.052
85.97,1,0.053
85.98,1,0.054
85.99,1,0.054
86.00,1,0.059
86.01,1,0.070
86.02,1,0.079
86.03,1,0.087
86.04,1,0.093
86.05,1,0.097
86.06,1,0.102
86.07,1,0.109
86.08,1,0.113
86.09,1,0.114
86.10,1,0.108
86.11,1,0.099
86.12,1,0.084
86.13,1,0.071
86.14,1,0.061
86.15,1,0.054
86.16,1,0.051
86.17,1,0.054
86.18,1,0.057
86.19,1,0.065
86.20,1,0.070
86.21,1,0.074
86.22,1,0.070
86.23,1,0.068
86.24,1,0.063
86.25,1,0.061
86.26,1,0.061
86.27,1,0.066
86.28,1,0.073
86.29,1,0.080
86.30,1,0.081
86.31,1,0.084
86.32,1,0.086
86.33,1,0.081
86.34,1,0.074
86.35,1,0.072
86.36,1,0.066
86.37,1,0.067
86.38,1,0.069
86.39,1,0.071
86.40,1,0.071
86.41,1,0.075
86.42,1,0.081
86.43,1,0.093
86.44,1,0.116
86.45,1,0.138
86.46,1,0.183
86.47,1,0.213
86.48,1,0.268
86.49,1,0.425
86.50,1,0.601
86.51,1,0.712
86.52,1,0.894
86.53,1,0.891
86.54,1,0.991
86.55,1,0.966
86.56,1,1.092
86.57,1,1.201
86.58,1,1.401
86.59,1,1.397
86.60,1,1.355
86.61,1,1.416
86.62,1,1.487
86.63,1,1.516
86.64,1,1.643
86.65,1,1.845
86.66,1,1.749
86.67,1,1.690
86.68,1,1.702
86.69,1,1.583
86.70,1,1.392
86.71,1,1.230
86.72,1,0.354
86.73,1,0.135
86.74,1,0.087
86.75,1,0.098
86.76,1,0.100
86.77,1,0.103
86.78,1,0.113
86.79,1,0.111
86.80,1,0.092
86.81,1,0.092
86.82,1,0.112
86.83,1,0.121
86.84,1,0.133
86.85,1,0.151
86.86,1,0.145
86.87,1,0.141
86.88,1,0.130
86.89,1,0.116
86.90,1,0.070
86.91,1,0.043
86.92,1,0.038
86.93,1,0.042
86.94,1,0.048
86.95,1,0.057
86.96,1,0.073
86.97,1,0.083
86.98,1,0.084
86.99,1,0.090
87.00,1,0.113
87.01,1,0.131
87.02,1,0.133
87.03,1,0.134
87.04,1,0.122
87.05,1,0.096
87.06,1,0.090
87.07,1,0.100
87.08,1,0.089
87.09,1,0.078
87.10,1,0.076
87.11,1,0.077
87.12,1,0.085
87.13,1,0.118
87.14,1,0.170
87.15,1,0.218
87.16,1,0.210
87.17,1,0.184
87.18,1,0.163
87.19,1,0.164
87.20,1,0.164
87.21,1,0.160
87.22,1,0.139
87.23,1,0.113
87.24,1,0.094
87.25,1,0.094
87.26,1,0.097
87.27,1,0.099
87.28,1,0.101
87.29,1,0.101
87.30,1,0.092
87.31,1,0.085
87.32,1,0.084
87.33,1,0.091
87.34,1,0.100
87.35,1,0.116
87.36,1,0.129
87.37,1,0.113
87.38,1,0.074
87.39,1,0.066
87.40,1,0.065
87.41,1,0.066
87.42,1,0.071
87.43,1,0.087
87.44,1,0.100
87.45,1,0.107
87.46,1,0.108
87.47,1,0.110
87.48,1,0.122
87.49,1,0.132
87.50,1,0.172
87.51,1,0.317
87.52,1,0.518
87.53,1,0.287
87.54,1,0.168
87.55,1,0.097
87.56,1,0.079
87.57,1,0.078
87.58,1,0.081
87.59,1,0.108
87.60,1,0.155
87.61,1,0.173
87.62,1,0.171
87.63,1,0.160
87.64,1,0.135
87.65,1,0.109
87.66,1,0.111
87.67,1,0.131
87.68,1,0.146
87.69,1,0.173
87.70,1,0.176
87.71,1,0.155
87.72,1,0.139
87.73,1,0.150
87.74,1,0.170
87.75,1,0.180
87.76,1,0.196
87.77,1,0.212
87.78,1,0.216
87.79,1,0.209
87.80,1,0.190
87.81,1,0.175
87.82,1,0.162
87.83,1,0.161
87.84,1,0.198
87.85,1,0.320
87.86,1,0.209
87.87,1,0.130
87.88,1,0.110
87.89,1,0.096
87.90,1,0.084
87.91,1,0.080
87.92,1,0.095
87.93,1,0.100
87.94,1,0.109
87.95,1,0.118
87.96,1,0.134
87.97,1,0.143
87.98,1,0.134
87.99,1,0.116
88.00,1,0.099
88.01,1,0.085
88.02,1,0.083
88.03,1,0.084
88.04,1,0.087
88.05,1,0.092
88.06,1,0.093
88.07,1,0.089
88.08,1,0.092
88.09,1,0.105
88.10,1,0.102
88.11,1,0.098
88.12,1,0.094
88.13,1,0.084
88.14,1,0.079
88.15,1,0.077
88.16,1,0.078
88.17,1,0.074
88.18,1,0.067
88.19,1,0.082
88.20,1,0.078
88.21,1,0.067
88.22,1,0.063
88.23,1,0.063
88.24,1,0.057
88.25,1,0.058
88.26,1,0.071
88.27,1,0.076
88.28,1,0.068
88.29,1,0.071
88.30,1,0.072
88.31,1,0.062
88.32,1,0.055
88.33,1,0.050
88.34,1,0.041
88.35,1,0.036
88.36,1,0.040
88.37,1,0.049
88.38,1,0.056
88.39,1,0.062
88.40,1,0.070
88.41,1,0.079
88.42,1,0.097
88.43,1,0.169
88.44,1,0.226
88.45,1,0.203
88.46,1,0.163
88.47,1,0.128
88.48,1,0.107
88.49,1,0.108
88.50,1,0.100
88.51,1,0.116
88.52,1,0.106
88.53,1,0.094
88.54,1,0.083
88.55,1,0.073
88.56,1,0.065
88.57,1,0.064
88.58,1,0.070
88.59,1,0.083
88.60,1,0.097
88.61,1,0.108
88.62,1,0.096
88.63,1,0.084
88.64,1,0.075
88.65,1,0.071
88.66,1,0.074
88.67,1,0.081
88.68,1,0.083
88.69,1,0.089
88.70,1,0.095
88.71,1,0.094
88.72,1,0.097
88.73,1,0.103
88.74,1,0.097
88.75,1,0.095
88.76,1,0.108
88.77,1,0.112
88.78,1,0.104
88.79,1,0.097
88.80,1,0.081
88.81,1,0.066
88.82,1,0.055
88.83,1,0.054
88.84,1,0.059
88.85,1,0.068
88.86,1,0.070
88.87,1,0.079
88.88,1,0.085
88.89,1,0.088
88.90,1,0.093
88.91,1,0.106
88.92,1,0.121
88.93,1,0.129
88.94,1,0.145
88.95,1,0.163
88.96,1,0.161
88.97,1,0.155
88.98,1,0.152
88.99,1,0.144
89.00,1,0.137
89.01,1,0.137
89.02,1,0.141
89.03,1,0.143
89.04,1,0.129
89.05,1,0.108
89.06,1,0.105
89.07,1,0.106
89.08,1,0.102
89.09,1,0.123
89.10,1,0.178
89.11,1,0.200
89.12,1,0.209
89.13,1,0.174
89.14,1,0.140
89.15,1,0.112
89.16,1,0.105
89.17,1,0.102
89.18,1,0.102
89.19,1,0.126
89.20,1,0.091
89.21,1,0.059
89.22,1,0.050
89.23,1,0.042
89.24,1,0.036
89.25,1,0.035
89.26,1,0.038
89.27,1,0.036
89.28,1,0.038
89.29,1,0.045
89.30,1,0.042
89.31,1,0.042
89.32,1,0.047
89.33,1,0.050
89.34,1,0.052
89.35,1,0.060
89.36,1,0.064
89.37,1,0.064
89.38,1,0.062
89.39,1,0.065
89.40,1,0.071
89.41,1,0.083
89.42,1,0.099
89.43,1,0.120
89.44,1,0.142
89.45,1,0.161
89.46,1,0.179
89.47,1,0.192
89.48,1,0.178
89.49,1,0.090
89.50,1,0.084
89.51,1,0.075
89.52,1,0.074
89.53,1,0.076
89.54,1,0.085
89.55,1,0.085
89.56,1,0.095
89.57,1,0.100
89.58,1,0.104
89.59,1,0.101
89.60,1,0.094
89.61,1,0.092
89.62,1,0.091
89.63,1,0.100
89.64,1,0.112
89.65,1,0.119
89.66,1,0.124
89.67,1,0.130
89.68,1,0.143
89.69,1,0.167
89.70,1,0.190
89.71,1,0.205
89.72,1,0.194
89.73,1,0.186
89.74,1,0.165
89.75,1,0.143
89.76,1,0.137
89.77,1,0.145
89.78,1,0.143
89.79,1,0.149
89.80,1,0.167
89.81,1,0.164
89.82,1,0.147
89.83,1,0.146
89.84,1,0.240
89.85,1,0.174
89.86,1,0.159
89.87,1,0.152
89.88,1,0.136
89.89,1,0.081
89.90,1,0.099
89.91,1,0.117
89.92,1,0.148
89.93,1,0.233
89.94,1,0.277
89.95,1,0.311
89.96,1,0.249
89.97,1,0.211
89.98,1,0.172
89.99,1,0.087
90.00,1,0.071
90.01,1,0.081
90.02,1,0.071
90.03,1,0.069
90.04,1,0.071
90.05,1,0.066
90.06,1,0.062
90.07,1,0.066
90.08,1,0.067
90.09,1,0.074
90.10,1,0.084
90.11,1,0.093
90.12,1,0.093
90.13,1,0.102
90.14,1,0.109
90.15,1,0.105
90.16,1,0.097
90.17,1,0.102
90.18,1,0.097
90.19,1,0.094
90.20,1,0.097
90.21,1,0.105
90.22,1,0.100
90.23,1,0.095
90.24,1,0.095
90.25,1,0.091
90.26,1,0.091
90.27,1,0.098
90.28,1,0.102
90.29,1,0.107
90.30,1,0.106
90.31,1,0.106
90.32,1,0.100
90.33,1,0.091
90.34,1,0.080
90.35,1,0.080
90.36,1,0.080
90.37,1,0.091
90.38,1,0.103
90.39,1,0.096
90.40,1,0.087
90.41,1,0.096
90.42,1,0.099
90.43,1,0.100
90.44,1,0.112
90.45,1,0.106
90.46,1,0.092
90.47,1,0.081
90.48,1,0.073
90.49,1,0.090
90.50,1,0.105
90.51,1,0.123
90.52,1,0.143
90.53,1,0.181
90.54,1,0.240
90.55,1,0.305
90.56,1,0.297
90.57,1,0.305
90.58,1,0.288
90.59,1,0.212
90.60,1,0.091
90.61,1,0.066
90.62,1,0.062
90.63,1,0.059
90.64,1,0.058
90.65,1,0.057
90.66,1,0.057
90.67,1,0.058
90.68,1,0.065
90.69,1,0.074
90.70,1,0.087
90.71,1,0.107
90.72,1,0.133
90.73,1,0.157
90.74,1,0.184
90.75,1,0.219
90.76,1,0.243
90.77,1,0.239
90.78,1,0.223
90.79,1,0.157
90.80,1,0.108
90.81,1,0.073
90.82,1,0.060
90.83,1,0.054
90.84,1,0.057
90.85,1,0.058
90.86,1,0.062
90.87,1,0.064
90.88,1,0.064
90.89,1,0.063
90.90,1,0.060
90.91,1,0.056
90.92,1,0.058
90.93,1,0.057
90.94,1,0.056
90.95,1,0.056
90.96,1,0.056
90.97,1,0.052
90.98,1,0.052
90.99,1,0.046
91.00,1,0.045
91.01,1,0.049
91.02,1,0.051
91.03,1,0.063
91.04,1,0.079
91.05,1,0.086
91.06,1,0.091
91.07,1,0.087
91.08,1,0.090
91.09,1,0.088
91.10,1,0.094
91.11,1,0.105
91.12,1,0.126
91.13,1,0.125
91.14,1,0.118
91.15,1,0.102
91.16,1,0.097
91.17,1,0.092
91.18,1,0.096
91.19,1,0.105
91.20,1,0.115
91.21,1,0.119
91.22,1,0.115
91.23,1,0.106
91.24,1,0.090
91.25,1,0.084
91.26,1,0.076
91.27,1,0.073
91.28,1,0.073
91.29,1,0.081
91.30,1,0.084
91.31,1,0.095
91.32,1,0.115
91.33,1,0.123
91.34,1,0.146
91.35,1,0.160
91.36,1,0.189
91.37,1,0.187
91.38,1,0.199
91.39,1,0.190
91.40,1,0.167
91.41,1,0.157
91.42,1,0.175
91.43,1,0.199
91.44,1,0.177
91.45,1,0.178
91.46,1,0.165
91.47,1,0.155
91.48,1,0.148
91.49,1,0.144
91.50,1,0.141
91.51,1,0.141
91.52,1,0.137
91.53,1,0.143
91.54,1,0.146
91.55,1,0.157
91.56,1,0.153
91.57,1,0.155
91.58,1,0.154
91.59,1,0.155
91.60,1,0.153
91.61,1,0.146
91.62,1,0.136
91.63,1,0.128
91.64,1,0.111
91.65,1,0.096
91.66,1,0.083
91.67,1,0.078
91.68,1,0.080
91.69,1,0.084
91.70,1,0.093
91.71,1,0.109
91.72,1,0.099
91.73,1,0.100
91.74,1,0.093
91.75,1,0.092
91.76,1,0.082
91.77,1,0.083
91.78,1,0.075
91.79,1,0.077
91.80,1,0.074
91.81,1,0.079
91.82,1,0.080
91.83,1,0.083
91.84,1,0.079
91.85,1,0.069
91.86,1,0.065
91.87,1,0.067
91.88,1,0.062
91.89,1,0.058
91.90,1,0.054
91.91,1,0.059
91.92,1,0.064
91.93,1,0.062
91.94,1,0.063
91.95,1,0.063
91.96,1,0.057
91.97,1,0.057
91.98,1,0.063
91.99,1,0.067
92.00,1,0.071
92.01,1,0.079
92.02,1,0.097
92.03,1,0.096
92.04,1,0.087
92.05,1,0.086
92.06,1,0.082
92.07,1,0.079
92.08,1,0.099
92.09,1,0.114
92.10,1,0.119
92.11,1,0.126
92.12,1,0.116
92.13,1,0.109
92.14,1,0.105
92.15,1,0.108
92.16,1,0.117
92.17,1,0.123
92.18,1,0.111
92.19,1,0.105
92.20,1,0.103
92.21,1,0.102
92.22,1,0.104
92.23,1,0.104
92.24,1,0.100
92.25,1,0.102
92.26,1,0.104
92.27,1,0.111
92.28,1,0.128
92.29,1,0.136
92.30,1,0.150
92.31,1,0.166
92.32,1,0.155
92.33,1,0.146
92.34,1,0.139
92.35,1,0.131
92.36,1,0.134
92.37,1,0.169
92.38,1,0.208
92.39,1,0.270
92.40,1,0.292
92.41,1,0.145
92.42,1,0.102
92.43,1,0.100
92.44,1,0.108
92.45,1,0.119
92.46,1,0.144
92.47,1,0.149
92.48,1,0.159
92.49,1,0.156
92.50,1,0.158
92.51,1,0.150
92.52,1,0.153
92.53,1,0.161
92.54,1,0.167
92.55,1,0.164
92.56,1,0.160
92.57,1,0.152
92.58,1,0.121
92.59,1,0.099
92.60,1,0.104
92.61,1,0.119
92.62,1,0.124
92.63,1,0.122
92.64,1,0.127
92.65,1,0.124
92.66,1,0.125
92.67,1,0.132
92.68,1,0.142
92.69,1,0.131
92.70,1,0.145
92.71,1,0.157
92.72,1,0.147
92.73,1,0.116
92.74,1,0.089
92.75,1,0.091
92.76,1,0.096
92.77,1,0.107
92.78,1,0.116
92.79,1,0.130
92.80,1,0.131
92.81,1,0.129
92.82,1,0.114
92.83,1,0.103
92.84,1,0.104
92.85,1,0.114
92.86,1,0.127
92.87,1,0.139
92.88,1,0.152
92.89,1,0.166
92.90,1,0.171
92.91,1,0.178
92.92,1,0.190
92.93,1,0.197
92.94,1,0.202
92.95,1,0.198
92.96,1,0.180
92.97,1,0.147
92.98,1,0.124
92.99,1,0.124
93.00,1,0.120
93.01,1,0.116
93.02,1,0.104
93.03,1,0.090
93.04,1,0.081
93.05,1,0.089
93.06,1,0.104
93.07,1,0.119
93.08,1,0.122
93.09,1,0.099
93.10,1,0.082
93.11,1,0.073
93.12,1,0.072
93.13,1,0.072
93.14,1,0.077
93.15,1,0.084
93.16,1,0.095
93.17,1,0.106
93.18,1,0.129
93.19,1,0.138
93.20,1,0.104
93.21,1,0.077
93.22,1,0.067
93.23,1,0.063
93.24,1,0.056
93.25,1,0.054
93.26,1,0.058
93.27,1,0.064
93.28,1,0.073
93.29,1,0.092
93.30,1,0.115
93.31,1,0.143
93.32,1,0.175
93.33,1,0.227
93.34,1,0.286
93.35,1,0.278
93.36,1,0.235
93.37,1,0.178
93.38,1,0.163
93.39,1,0.122
93.40,1,0.104
93.41,1,0.101
93.42,1,0.095
93.43,1,0.098
93.44,1,0.108
93.45,1,0.111
93.46,1,0.119
93.47,1,0.122
93.48,1,0.122
93.49,1,0.127
93.50,1,0.122
93.51,1,0.115
93.52,1,0.108
93.53,1,0.102
93.54,1,0.094
93.55,1,0.095
93.56,1,0.103
93.57,1,0.114
93.58,1,0.128
93.59,1,0.149
93.60,1,0.169
93.61,1,0.195
93.62,1,0.218
93.63,1,0.240
93.64,1,0.287
93.65,1,0.330
93.66,1,0.389
93.67,1,0.476
93.68,1,0.473
93.69,1,0.217
93.70,1,0.221
93.71,1,0.169
93.72,1,0.112
93.73,1,0.106
93.74,1,0.109
93.75,1,0.109
93.76,1,0.114
93.77,1,0.127
93.78,1,0.143
93.79,1,0.154
93.80,1,0.178
93.81,1,0.203
93.82,1,0.223
93.83,1,0.257
93.84,1,0.336
93.85,1,0.500
93.86,1,0.274
93.87,1,0.147
93.88,1,0.126
93.89,1,0.117
93.90,1,0.112
93.91,1,0.115
93.92,1,0.128
93.93,1,0.141
93.94,1,0.158
93.95,1,0.162
93.96,1,0.150
93.97,1,0.157
93.98,1,0.177
93.99,1,0.188
94.00,1,0.252
94.01,1,0.433
94.02,1,0.461
94.03,1,0.234
94.04,1,0.159
94.05,1,0.133
94.06,1,0.130
94.07,1,0.139
94.08,1,0.160
94.09,1,0.188
94.10,1,0.217
94.11,1,0.246
94.12,1,0.261
94.13,1,0.261
94.14,1,0.289
94.15,1,0.329
94.16,1,0.360
94.17,1,0.427
94.18,1,0.384
94.19,1,0.146
94.20,1,0.111
94.21,1,0.146
94.22,1,0.182
94.23,1,0.188
94.24,1,0.218
94.25,1,0.231
94.26,1,0.220
94.27,1,0.218
94.28,1,0.236
94.29,1,0.278
94.30,1,0.336
94.31,1,0.391
94.32,1,0.814
94.33,1,1.370
94.34,1,1.228
94.35,1,0.790
94.36,1,0.335
94.37,1,0.188
94.38,1,0.160
94.39,1,0.168
94.40,1,0.207
94.41,1,0.240
94.42,1,0.263
94.43,1,0.275
94.44,1,0.246
94.45,1,0.220
94.46,1,0.213
94.47,1,0.218
94.48,1,0.237
94.49,1,0.251
94.50,1,0.259
94.51,1,0.270
94.52,1,0.264
94.53,1,0.235
94.54,1,0.219
94.55,1,0.184
94.56,1,0.183
94.57,1,0.193
94.58,1,0.208
94.59,1,0.218
94.60,1,0.226
94.61,1,0.223
94.62,1,0.223
94.63,1,0.221
94.64,1,0.209
94.65,1,0.207
94.66,1,0.203
94.67,1,0.205
94.68,1,0.217
94.69,1,0.226
94.70,1,0.229
94.71,1,0.240
94.72,1,0.236
94.73,1,0.228
94.74,1,0.224
94.75,1,0.223
94.76,1,0.231
94.77,1,0.236
94.78,1,0.244
94.79,1,0.257
94.80,1,0.266
94.81,1,0.257
94.82,1,0.257
94.83,1,0.261
94.84,1,0.274
94.85,1,0.261
94.86,1,0.274
94.87,1,0.250
94.88,1,0.233
94.89,1,0.238
94.90,1,0.269
94.91,1,0.305
94.92,1,0.399
94.93,1,0.572
94.94,1,1.306
94.95,1,1.465
94.96,1,1.545
94.97,0,
94.98,0,
94.99,0,
95.00,0,
95.01,0,
95.02,0,
95.03,0,
95.04,0,
95.05,0,
95.06,0,
95.07,0,
95.08,0,
95.09,0,
95.10,0,
95.11,0,
95.12,0,
95.13,0,
95.14,0,
95.15,0,
95.16,0,
95.17,0,
95.18,0,
95.19,0,
95.20,0,
95.21,0,
95.22,0,
95.23,0,
95.24,0,
95.25,0,
95.26,0,
95.27,0,
95.28,0,
95.29,0,
95.30,0,
95.31,0,
95.32,0,
95.33,0,
95.34,0,
95.35,0,
95.36,0,
95.37,0,
95.38,0,
95.39,0,
95.40,0,
95.41,0,
95.42,0,
95.43,0,
95.44,0,
95.45,0,
95.46,0,
95.47,0,
95.48,0,
95.49,0,
95.50,0,
95.51,0,
95.52,0,
95.53,0,
95.54,0,
95.55,0,
95.56,0,
95.57,0,
95.58,0,
95.59,0,
95.60,0,
95.61,0,
95.62,0,
95.63,0,
95.64,0,
95.65,0,
95.66,0,
95.67,0,
95.68,0,
95.69,0,
95.70,0,
95.71,0,
95.72,0,
95.73,0,
95.74,0,
95.75,0,
95.76,0,
95.77,0,
95.78,0,
95.79,0,
95.80,0,
95.81,0,
95.82,0,
95.83,0,
95.84,0,
95.85,0,
95.86,0,
95.87,0,
95.88,0,
95.89,0,
95.90,0,
95.91,0,
95.92,0,
95.93,0,
95.94,0,
95.95,0,
95.96,0,
95.97,0,
95.98,0,
95.99,0,
96.00,0,
96.01,0,
96.02,0,
96.03,0,
96.04,0,
96.05,0,
96.06,0,
96.07,0,
96.08,0,
96.09,0,
96.10,0,
96.11,0,
96.12,0,
96.13,0,
96.14,0,
96.15,0,
96.16,0,
96.17,0,
96.18,0,
96.19,0,
96.20,0,
96.21,0,
96.22,0,
96.23,0,
96.24,1,0.165
96.25,1,0.261
96.26,1,0.194
96.27,1,0.093
96.28,1,0.057
96.29,1,0.086
96.30,1,0.123
96.31,1,0.131
96.32,1,0.147
96.33,1,0.173
96.34,1,0.165
96.35,1,0.150
96.36,1,0.137
96.37,1,0.129
96.38,1,0.135
96.39,1,0.131
96.40,1,0.137
96.41,1,0.141
96.42,1,0.152
96.43,1,0.156
96.44,1,0.155
96.45,1,0.187
96.46,1,0.233
96.47,1,0.199
96.48,1,0.180
96.49,1,0.168
96.50,1,0.157
96.51,1,0.167
96.52,1,0.196
96.53,1,0.217
96.54,1,0.242
96.55,1,0.249
96.56,1,0.168
96.57,1,0.136
96.58,1,0.136
96.59,1,0.138
96.60,1,0.159
96.61,1,0.186
96.62,1,0.195
96.63,1,0.164
96.64,1,0.133
96.65,1,0.112
96.66,1,0.105
96.67,1,0.106
96.68,1,0.113
96.69,1,0.126
96.70,1,0.143
96.71,1,0.165
96.72,1,0.193
96.73,1,0.258
96.74,1,0.413
96.75,1,0.939
96.76,1,1.120
96.77,1,1.080
96.78,1,0.478
96.79,1,0.215
96.80,1,0.131
96.81,1,0.139
96.82,1,0.149
96.83,1,0.154
96.84,1,0.170
96.85,1,0.202
96.86,1,0.197
96.87,1,0.176
96.88,1,0.165
96.89,1,0.159
96.90,1,0.152
96.91,1,0.150
96.92,1,0.157
96.93,1,0.161
96.94,1,0.174
96.95,1,0.186
96.96,1,0.195
96.97,1,0.185
96.98,1,0.167
96.99,1,0.146
97.00,1,0.130
97.01,1,0.127
97.02,1,0.130
97.03,1,0.136
97.04,1,0.147
97.05,1,0.159
97.06,1,0.169
97.07,1,0.198
97.08,1,0.233
97.09,1,0.211
97.10,1,0.197
97.11,1,0.148
97.12,1,0.133
97.13,1,0.126
97.14,1,0.122
97.15,1,0.110
97.16,1,0.126
97.17,1,0.142
97.18,1,0.185
97.19,1,0.243
97.20,1,0.306
97.21,1,0.427
97.22,1,0.492
97.23,1,0.538
97.24,1,0.824
97.25,1,0.838
97.26,1,0.498
97.27,1,0.185
97.28,1,0.119
97.29,1,0.112
97.30,1,0.121
97.31,1,0.130
97.32,1,0.145
97.33,1,0.175
97.34,1,0.227
97.35,1,0.237
97.36,1,0.241
97.37,1,0.301
97.38,1,0.213
97.39,1,0.123
97.40,1,0.123
97.41,1,0.115
97.42,1,0.095
97.43,1,0.113
97.44,1,0.119
97.45,1,0.119
97.46,1,0.117
97.47,1,0.124
97.48,1,0.124
97.49,1,0.132
97.50,1,0.134
97.51,1,0.148
97.52,1,0.157
97.53,1,0.167
97.54,1,0.184
97.55,1,0.223
97.56,1,0.234
97.57,1,0.257
97.58,1,0.227
97.59,1,0.190
97.60,1,0.169
97.61,1,0.172
97.62,1,0.162
97.63,1,0.211
97.64,1,0.235
97.65,1,0.240
97.66,1,0.261
97.67,1,0.298
97.68,1,0.281
97.69,1,0.279
97.70,1,0.281
97.71,1,0.275
97.72,1,0.254
97.73,1,0.267
97.74,1,0.261
97.75,1,0.266
97.76,1,0.238
97.77,1,0.231
97.78,1,0.194
97.79,1,0.185
97.80,1,0.208
97.81,1,0.238
97.82,1,0.268
97.83,1,0.388
97.84,1,0.470
97.85,1,0.581
97.86,1,0.760
97.87,1,0.619
97.88,1,0.456
97.89,1,0.306
97.90,1,0.260
97.91,1,0.201
97.92,1,0.132
97.93,1,0.144
97.94,1,0.178
97.95,1,0.196
97.96,1,0.208
97.97,1,0.251
97.98,1,0.254
97.99,1,0.244
98.00,1,0.227
98.01,1,0.223
98.02,1,0.196
98.03,1,0.163
98.04,1,0.150
98.05,1,0.145
98.06,1,0.149
98.07,1,0.175
98.08,1,0.209
98.09,1,0.231
98.10,1,0.274
98.11,1,0.225
98.12,1,0.238
98.13,1,0.225
98.14,1,0.240
98.15,1,0.244
98.16,1,0.256
98.17,1,0.224
98.18,1,0.222
98.19,1,0.215
98.20,1,0.193
98.21,1,0.181
98.22,1,0.162
98.23,1,0.132
98.24,1,0.109
98.25,1,0.097
98.26,1,0.101
98.27,1,0.112
98.28,1,0.131
98.29,1,0.155
98.30,1,0.177
98.31,1,0.202
98.32,1,0.218
98.33,1,0.207
98.34,1,0.213
98.35,1,0.221
98.36,1,0.224
98.37,1,0.229
98.38,1,0.232
98.39,1,0.239
98.40,1,0.252
98.41,1,0.261
98.42,1,0.270
98.43,1,0.278
98.44,1,0.253
98.45,1,0.225
98.46,1,0.191
98.47,1,0.173
98.48,1,0.181
98.49,1,0.232
98.50,1,0.276
98.51,1,0.277
98.52,1,0.259
98.53,1,0.367
98.54,1,0.419
98.55,1,0.692
98.56,1,0.789
98.57,1,0.881
98.58,1,0.822
98.59,1,0.800
98.60,1,0.833
98.61,1,1.134
98.62,1,1.138
98.63,1,1.175
98.64,1,1.256
98.65,1,1.097
98.66,1,0.876
98.67,1,0.256
98.68,1,0.171
98.69,1,0.126
98.70,1,0.118
98.71,1,0.121
98.72,1,0.117
98.73,1,0.115
98.74,1,0.120
98.75,1,0.125
98.76,1,0.135
98.77,1,0.164
98.78,1,0.189
98.79,1,0.211
98.80,1,0.233
98.81,1,0.237
98.82,1,0.235
98.83,1,0.207
98.84,1,0.205
98.85,1,0.197
98.86,1,0.202
98.87,1,0.234
98.88,1,0.360
98.89,1,0.286
98.90,1,0.200
98.91,1,0.169
98.92,1,0.179
98.93,1,0.204
98.94,1,0.217
98.95,1,0.231
98.96,1,0.245
98.97,1,0.245
98.98,1,0.237
98.99,1,0.267
99.00,1,0.282
99.01,1,0.294
99.02,1,0.313
99.03,1,0.315
99.04,1,0.295
99.05,1,0.283
99.06,1,0.236
99.07,1,0.194
99.08,1,0.178
99.09,1,0.166
99.10,1,0.167
99.11,1,0.174
99.12,1,0.187
99.13,1,0.194
99.14,1,0.209
99.15,1,0.221
99.16,1,0.256
99.17,1,0.304
99.18,1,0.355
99.19,1,0.421
99.20,1,0.445
99.21,1,0.400
99.22,1,0.380
99.23,1,0.394
99.24,1,0.397
99.25,1,0.409
99.26,1,0.438
99.27,1,0.463
99.28,1,0.455
99.29,1,0.453
99.30,1,0.443
99.31,1,0.470
99.32,1,0.436
99.33,1,0.464
99.34,1,0.489
99.35,1,0.470
99.36,1,0.399
99.37,1,0.358
99.38,1,0.304
99.39,1,0.242
99.40,1,0.213
99.41,1,0.199
99.42,1,0.162
99.43,1,0.155
99.44,1,0.166
99.45,1,0.163
99.46,1,0.178
99.47,1,0.198
99.48,1,0.209
99.49,1,0.206
99.50,1,0.217
99.51,1,0.244
99.52,1,0.256
99.53,1,0.309
99.54,1,0.396
99.55,1,0.222
99.56,1,0.113
99.57,1,0.102
99.58,1,0.112
99.59,1,0.123
99.60,1,0.133
99.61,1,0.160
99.62,1,0.172
99.63,1,0.158
99.64,1,0.163
99.65,1,0.177
99.66,1,0.201
99.67,1,0.225
99.68,1,0.245
99.69,1,0.250
99.70,1,0.264
99.71,1,0.259
99.72,1,0.254
99.73,1,0.240
99.74,1,0.221
99.75,1,0.200
99.76,1,0.180
99.77,1,0.192
99.78,1,0.232
99.79,1,0.325
99.80,1,0.431
99.81,1,0.585
99.82,1,0.706
99.83,1,0.751
99.84,1,0.776
99.85,1,0.517
99.86,1,0.599
99.87,1,0.378
99.88,1,0.412
99.89,1,0.442
99.90,1,0.454
99.91,1,0.466
99.92,1,0.540
99.93,1,0.535
99.94,1,0.555
99.95,1,0.528
99.96,1,0.516
99.97,1,0.545
99.98,1,0.476
99.99,1,0.446
100.00,1,0.424
100.01,1,0.396
100.02,1,0.379
100.03,1,0.367
100.04,1,0.273
100.05,1,0.222
100.06,1,0.204
100.07,1,0.197
100.08,1,0.191
100.09,1,0.213
100.10,1,0.236
100.11,1,0.211
100.12,1,0.202
100.13,1,0.195
100.14,1,0.205
100.15,1,0.207
100.16,1,0.232
100.17,1,0.263
100.18,1,0.286
100.19,1,0.219
100.20,1,0.150
100.21,1,0.143
100.22,1,0.169
100.23,1,0.191
100.24,1,0.220
100.25,1,0.263
100.26,1,0.280
100.27,1,0.280
100.28,1,0.277
100.29,1,0.268
100.30,1,0.275
100.31,1,0.259
100.32,1,0.240
100.33,1,0.234
100.34,1,0.232
100.35,1,0.212
100.36,1,0.204
100.37,1,0.199
100.38,1,0.196
100.39,1,0.203
100.40,1,0.207
100.41,1,0.199
100.42,1,0.201
100.43,1,0.197
100.44,1,0.203
100.45,1,0.208
100.46,1,0.213
100.47,1,0.200
100.48,1,0.176
100.49,1,0.149
100.50,1,0.139
100.51,1,0.138
100.52,1,0.140
100.53,1,0.127
100.54,1,0.128
100.55,1,0.133
100.56,1,0.141
100.57,1,0.158
100.58,1,0.191
100.59,1,0.223
100.60,1,0.239
100.61,1,0.250
100.62,1,0.263
100.63,1,0.267
100.64,1,0.308
100.65,1,0.343
100.66,1,0.354
100.67,1,0.330
100.68,1,0.304
100.69,1,0.238
100.70,1,0.219
100.71,1,0.213
100.72,1,0.189
100.73,1,0.187
100.74,1,0.204
100.75,1,0.228
100.76,1,0.260
100.77,1,0.315
100.78,1,0.370
100.79,1,0.422
100.80,1,0.593
100.81,1,0.558
100.82,1,0.214
100.83,1,0.160
100.84,1,0.154
100.85,1,0.156
100.86,1,0.165
100.87,1,0.187
100.88,1,0.213
100.89,1,0.226
100.90,1,0.237
100.91,1,0.238
100.92,1,0.230
100.93,1,0.223
100.94,1,0.227
100.95,1,0.222
100.96,1,0.231
100.97,1,0.231
100.98,1,0.228
100.99,1,0.227
101.00,1,0.218
101.01,1,0.204
101.02,1,0.197
101.03,1,0.189
101.04,1,0.175
101.05,1,0.170
101.06,1,0.180
101.07,1,0.178
101.08,1,0.187
101.09,1,0.222
101.10,1,0.241
101.11,1,0.290
101.12,1,0.378
101.13,1,0.324
101.14,1,0.319
101.15,1,0.348
101.16,1,0.281
101.17,1,0.164
101.18,1,0.158
101.19,1,0.164
101.20,1,0.157
101.21,1,0.187
101.22,1,0.216
101.23,1,0.225
101.24,1,0.257
101.25,1,0.278
101.26,1,0.267
101.27,1,0.262
101.28,1,0.250
101.29,1,0.234
101.30,1,0.239
101.31,1,0.243
101.32,1,0.238
101.33,1,0.235
101.34,1,0.229
101.35,1,0.225
101.36,1,0.221
101.37,1,0.224
101.38,1,0.241
101.39,1,0.254
101.40,1,0.262
101.41,1,0.312
101.42,1,0.356
101.43,1,0.398
101.44,1,0.465
101.45,1,0.633
101.46,1,0.391
101.47,1,0.296
101.48,1,0.220
101.49,1,0.177
101.50,1,0.180
101.51,1,0.196
101.52,1,0.208
101.53,1,0.206
101.54,1,0.216
101.55,1,0.204
101.56,1,0.187
101.57,1,0.171
101.58,1,0.167
101.59,1,0.164
101.60,1,0.162
101.61,1,0.166
101.62,1,0.163
101.63,1,0.161
101.64,1,0.175
101.65,1,0.181
101.66,1,0.171
101.67,1,0.172
101.68,1,0.157
101.69,1,0.149
101.70,1,0.142
101.71,1,0.170
101.72,1,0.207
101.73,1,0.194
101.74,1,0.157
101.75,1,0.140
101.76,1,0.140
101.77,1,0.140
101.78,1,0.148
101.79,1,0.164
101.80,1,0.164
101.81,1,0.160
101.82,1,0.157
101.83,1,0.165
101.84,1,0.159
101.85,1,0.173
101.86,1,0.204
101.87,1,0.223
101.88,1,0.254
101.89,1,0.296
101.90,1,0.321
101.91,1,0.336
101.92,1,0.416
101.93,1,0.441
101.94,1,0.369
101.95,1,0.311
101.96,1,0.208
101.97,1,0.162
101.98,1,0.142
101.99,1,0.139
102.00,1,0.135
102.01,1,0.141
102.02,1,0.160
102.03,1,0.189
102.04,1,0.200
102.05,1,0.241
102.06,1,0.302
102.07,1,0.330
102.08,1,0.291
102.09,1,0.264
102.10,1,0.238
102.11,1,0.259
102.12,1,0.217
102.13,1,0.182
102.14,1,0.180
102.15,1,0.198
102.16,1,0.190
102.17,1,0.192
102.18,1,0.188
102.19,1,0.175
102.20,1,0.163
102.21,1,0.173
102.22,1,0.178
102.23,1,0.184
102.24,1,0.200
102.25,1,0.203
102.26,1,0.205
102.27,1,0.218
102.28,1,0.207
102.29,1,0.201
102.30,1,0.192
102.31,1,0.170
102.32,1,0.171
102.33,1,0.168
102.34,1,0.178
102.35,1,0.182
102.36,1,0.178
102.37,1,0.175
102.38,1,0.173
102.39,1,0.174
102.40,1,0.179
102.41,1,0.199
102.42,1,0.208
102.43,1,0.182
102.44,1,0.175
102.45,1,0.166
102.46,1,0.165
102.47,1,0.172
102.48,1,0.154
102.49,1,0.138
102.50,1,0.150
102.51,1,0.144
102.52,1,0.140
102.53,1,0.141
102.54,1,0.129
102.55,1,0.121
102.56,1,0.119
102.57,1,0.122
102.58,1,0.142
102.59,1,0.165
102.60,1,0.203
102.61,1,0.200
102.62,1,0.192
102.63,1,0.195
102.64,1,0.174
102.65,1,0.145
102.66,1,0.147
102.67,1,0.176
102.68,1,0.202
102.69,1,0.240
102.70,1,0.266
102.71,1,0.270
102.72,1,0.264
102.73,1,0.226
102.74,1,0.224
102.75,1,0.203
102.76,1,0.169
102.77,1,0.145
102.78,1,0.126
102.79,1,0.110
102.80,1,0.133
102.81,1,0.169
102.82,1,0.201
102.83,1,0.222
102.84,1,0.285
102.85,1,0.303
102.86,1,0.324
102.87,1,0.345
102.88,1,0.326
102.89,1,0.300
102.90,1,0.277
102.91,1,0.241
102.92,1,0.205
102.93,1,0.190
102.94,1,0.167
102.95,1,0.146
102.96,1,0.133
102.97,1,0.114
102.98,1,0.106
102.99,1,0.098
103.00,1,0.111
103.01,1,0.118
103.02,1,0.123
103.03,1,0.120
103.04,1,0.132
103.05,1,0.140
103.06,1,0.173
103.07,1,0.207
103.08,1,0.233
103.09,1,0.204
103.10,1,0.193
103.11,1,0.183
103.12,1,0.174
103.13,1,0.190
103.14,1,0.210
103.15,1,0.218
103.16,1,0.228
103.17,1,0.228
103.18,1,0.219
103.19,1,0.212
103.20,1,0.207
103.21,1,0.222
103.22,1,0.250
103.23,1,0.283
103.24,1,0.300
103.25,1,0.316
103.26,1,0.310
103.27,1,0.280
103.28,1,0.193
103.29,1,0.166
103.30,1,0.161
103.31,1,0.156
103.32,1,0.158
103.33,1,0.180
103.34,1,0.187
103.35,1,0.197
103.36,1,0.209
103.37,1,0.215
103.38,1,0.223
103.39,1,0.212
103.40,1,0.189
103.41,1,0.180
103.42,1,0.180
103.43,1,0.169
103.44,1,0.168
103.45,1,0.177
103.46,1,0.168
103.47,1,0.174
103.48,1,0.179
103.49,1,0.185
103.50,1,0.189
103.51,1,0.194
103.52,1,0.197
103.53,1,0.195
103.54,1,0.203
103.55,1,0.203
103.56,1,0.219
103.57,1,0.226
103.58,1,0.225
103.59,1,0.232
103.60,1,0.209
103.61,1,0.191
103.62,1,0.171
103.63,1,0.148
103.64,1,0.153
103.65,1,0.164
103.66,1,0.211
103.67,1,0.252
103.68,1,0.310
103.69,1,0.409
103.70,1,0.427
103.71,1,0.540
103.72,1,0.462
103.73,1,0.628
103.74,1,0.542
103.75,1,0.519
103.76,1,0.534
103.77,1,0.499
103.78,1,0.475
103.79,1,0.511
103.80,1,0.543
103.81,1,0.564
103.82,1,0.600
103.83,1,0.674
103.84,1,0.695
103.85,1,0.765
103.86,1,0.858
103.87,1,0.889
103.88,1,0.828
103.89,1,0.705
103.90,1,0.206
103.91,1,0.124
103.92,1,0.112
103.93,1,0.131
103.94,1,0.128
103.95,1,0.130
103.96,1,0.137
103.97,1,0.191
103.98,1,0.219
103.99,1,0.245
104.00,1,0.248
104.01,1,0.244
104.02,1,0.235
104.03,1,0.248
104.04,1,0.270
104.05,1,0.321
104.06,1,0.418
104.07,1,0.342
104.08,1,0.172
104.09,1,0.124
104.10,1,0.137
104.11,1,0.149
104.12,1,0.180
104.13,1,0.219
104.14,1,0.258
104.15,1,0.292
104.16,1,0.307
104.17,1,0.284
104.18,1,0.266
104.19,1,0.255
104.20,1,0.244
104.21,1,0.238
104.22,1,0.225
104.23,1,0.201
104.24,1,0.190
104.25,1,0.194
104.26,1,0.182
104.27,1,0.172
104.28,1,0.160
104.29,1,0.158
104.30,1,0.162
104.31,1,0.176
104.32,1,0.202
104.33,1,0.250
104.34,1,0.306
104.35,1,0.356
104.36,1,0.497
104.37,1,0.477
104.38,1,0.418
104.39,1,0.446
104.40,1,0.445
104.41,1,0.438
104.42,1,0.447
104.43,1,0.454
104.44,1,0.459
104.45,1,0.472
104.46,1,0.482
104.47,1,0.453
104.48,1,0.434
104.49,1,0.430
104.50,1,0.453
104.51,1,0.421
104.52,1,0.455
104.53,1,0.468
104.54,1,0.469
104.55,1,0.478
104.56,1,0.503
104.57,1,0.466
104.58,1,0.401
104.59,1,0.300
104.60,1,0.210
104.61,1,0.168
104.62,1,0.161
104.63,1,0.153
104.64,1,0.165
104.65,1,0.176
104.66,1,0.196
104.67,1,0.212
104.68,1,0.243
104.69,1,0.226
104.70,1,0.201
104.71,1,0.193
104.72,1,0.197
104.73,1,0.210
104.74,1,0.246
104.75,1,0.262
104.76,1,0.248
104.77,1,0.257
104.78,1,0.273
104.79,1,0.286
104.80,1,0.280
104.81,1,0.289
104.82,1,0.288
104.83,1,0.279
104.84,1,0.293
104.85,1,0.287
104.86,1,0.264
104.87,1,0.249
104.88,1,0.225
104.89,1,0.220
104.90,1,0.230
104.91,1,0.215
104.92,1,0.204
104.93,1,0.187
104.94,1,0.177
104.95,1,0.167
104.96,1,0.174
104.97,1,0.201
104.98,1,0.245
104.99,1,0.301
105.00,1,0.329
105.01,1,0.413
105.02,1,0.623
105.03,1,0.791
105.04,1,0.604
105.05,1,0.610
105.06,1,0.418
105.07,1,0.445
105.08,1,0.450
105.09,1,0.467
105.10,1,0.473
105.11,1,0.533
105.12,1,0.527
105.13,1,0.514
105.14,1,0.485
105.15,1,0.480
105.16,1,0.487
105.17,1,0.459
105.18,1,0.432
105.19,1,0.412
105.20,1,0.393
105.21,1,0.395
105.22,1,0.378
105.23,1,0.331
105.24,1,0.297
105.25,1,0.260
105.26,1,0.246
105.27,1,0.252
105.28,1,0.285
105.29,1,0.321
105.30,1,0.344
105.31,1,0.372
105.32,1,0.365
105.33,1,0.359
105.34,1,0.383
105.35,1,0.403
105.36,1,0.430
105.37,1,0.345
105.38,1,0.276
105.39,1,0.236
105.40,1,0.188
105.41,1,0.171
105.42,1,0.184
105.43,1,0.196
105.44,1,0.191
105.45,1,0.202
105.46,1,0.205
105.47,1,0.220
105.48,1,0.230
105.49,1,0.244
105.50,1,0.246
105.51,1,0.248
105.52,1,0.226
105.53,1,0.230
105.54,1,0.232
105.55,1,0.222
105.56,1,0.241
105.57,1,0.285
105.58,1,0.306
105.59,1,0.341
105.60,1,0.416
105.61,1,0.552
105.62,1,1.021
105.63,1,1.133
105.64,1,1.140
105.65,1,1.134
105.66,1,1.008
105.67,1,0.641
105.68,1,0.301
105.69,1,0.217
105.70,1,0.184
105.71,1,0.152
105.72,1,0.138
105.73,1,0.137
105.74,1,0.165
105.75,1,0.193
105.76,1,0.225
105.77,1,0.247
105.78,1,0.288
105.79,1,0.296
105.80,1,0.316
105.81,1,0.332
105.82,1,0.319
105.83,1,0.294
105.84,1,0.283
105.85,1,0.242
105.86,1,0.238
105.87,1,0.249
105.88,1,0.253
105.89,1,0.285
105.90,1,0.341
105.91,1,0.471
105.92,1,0.634
105.93,1,0.697
105.94,1,0.878
105.95,1,0.976
105.96,1,1.068
105.97,1,1.076
105.98,1,1.029
105.99,1,0.859
106.00,1,0.707
106.01,1,0.399
106.02,1,0.375
106.03,1,0.285
106.04,1,0.182
106.05,1,0.172
106.06,1,0.160
106.07,1,0.166
106.08,1,0.180
106.09,1,0.189
106.10,1,0.205
106.11,1,0.212
106.12,1,0.213
106.13,1,0.219
106.14,1,0.240
106.15,1,0.252
106.16,1,0.247
106.17,1,0.255
106.18,1,0.252
106.19,1,0.236
106.20,1,0.226
106.21,1,0.221
106.22,1,0.198
106.23,1,0.194
106.24,1,0.203
106.25,1,0.222
106.26,1,0.240
106.27,1,0.281
106.28,1,0.294
106.29,1,0.347
106.30,1,0.555
106.31,1,0.707
106.32,1,0.805
106.33,1,0.604
106.34,1,0.241
106.35,1,0.175
106.36,1,0.121
106.37,1,0.114
106.38,1,0.117
106.39,1,0.122
106.40,1,0.127
106.41,1,0.153
106.42,1,0.174
106.43,1,0.195
106.44,1,0.212
106.45,1,0.239
106.46,1,0.259
106.47,1,0.256
106.48,1,0.269
106.49,1,0.272
106.50,1,0.262
106.51,1,0.257
106.52,1,0.253
106.53,1,0.227
106.54,1,0.203
106.55,1,0.189
106.56,1,0.189
106.57,1,0.184
106.58,1,0.220
106.59,1,0.266
106.60,1,0.289
106.61,1,0.298
106.62,1,0.296
106.63,1,0.280
106.64,1,0.252
106.65,1,0.230
106.66,1,0.224
106.67,1,0.224
106.68,1,0.235
106.69,1,0.222
106.70,1,0.186
106.71,1,0.183
106.72,1,0.172
106.73,1,0.171
106.74,1,0.171
106.75,1,0.172
106.76,1,0.164
106.77,1,0.160
106.78,1,0.145
106.79,1,0.146
106.80,1,0.145
106.81,1,0.155
106.82,1,0.167
106.83,1,0.173
106.84,1,0.181
106.85,1,0.171
106.86,1,0.173
106.87,1,0.194
106.88,1,0.198
106.89,1,0.213
106.90,1,0.210
106.91,1,0.201
106.92,1,0.168
106.93,1,0.160
106.94,1,0.175
106.95,1,0.177
106.96,1,0.181
106.97,1,0.177
106.98,1,0.167
106.99,1,0.159
107.00,1,0.172
107.01,1,0.168
107.02,1,0.204
107.03,1,0.217
107.04,1,0.198
107.05,1,0.212
107.06,1,0.220
107.07,1,0.242
107.08,1,0.276
107.09,1,0.324
107.10,1,0.362
107.11,1,0.372
107.12,1,0.351
107.13,1,0.322
107.14,1,0.296
107.15,1,0.264
107.16,1,0.252
107.17,1,0.226
107.18,1,0.195
107.19,1,0.188
107.20,1,0.160
107.21,1,0.151
107.22,1,0.162
107.23,1,0.176
107.24,1,0.185
107.25,1,0.225
107.26,1,0.267
107.27,1,0.287
107.28,1,0.312
107.29,1,0.313
107.30,1,0.296
107.31,1,0.279
107.32,1,0.281
107.33,1,0.262
107.34,1,0.214
107.35,1,0.213
107.36,1,0.231
107.37,1,0.237
107.38,1,0.242
107.39,1,0.256
107.40,1,0.262
107.41,1,0.263
107.42,1,0.255
107.43,1,0.255
107.44,1,0.265
107.45,1,0.273
107.46,1,0.281
107.47,1,0.287
107.48,1,0.274
107.49,1,0.260
107.50,1,0.230
107.51,1,0.201
107.52,1,0.192
107.53,1,0.181
107.54,1,0.166
107.55,1,0.152
107.56,1,0.140
107.57,1,0.130
107.58,1,0.134
107.59,1,0.145
107.60,1,0.139
107.61,1,0.153
107.62,1,0.154
107.63,1,0.152
107.64,1,0.159
107.65,1,0.159
107.66,1,0.154
107.67,1,0.160
107.68,1,0.152
107.69,1,0.147
107.70,1,0.156
107.71,1,0.160
107.72,1,0.171
107.73,1,0.209
107.74,1,0.246
107.75,1,0.230
107.76,1,0.204
107.77,1,0.188
107.78,1,0.170
107.79,1,0.164
107.80,1,0.177
107.81,1,0.204
107.82,1,0.183
107.83,1,0.176
107.84,1,0.167
107.85,1,0.143
107.86,1,0.136
107.87,1,0.146
107.88,1,0.151
107.89,1,0.166
107.90,1,0.182
107.91,1,0.186
107.92,1,0.166
107.93,1,0.156
107.94,1,0.147
107.95,1,0.139
107.96,1,0.148
107.97,1,0.167
107.98,1,0.198
107.99,1,0.179
108.00,1,0.165
108.01,1,0.163
108.02,1,0.155
108.03,1,0.181
108.04,1,0.196
108.05,1,0.198
108.06,1,0.196
108.07,1,0.183
108.08,1,0.158
108.09,1,0.150
108.10,1,0.150
108.11,1,0.148
108.12,1,0.156
108.13,1,0.178
108.14,1,0.206
108.15,1,0.231
108.16,1,0.261
108.17,1,0.284
108.18,1,0.292
108.19,1,0.291
108.20,1,0.277
108.21,1,0.259
108.22,1,0.243
108.23,1,0.239
108.24,1,0.238
108.25,1,0.249
108.26,1,0.309
108.27,1,0.420
108.28,1,0.350
108.29,1,0.253
108.30,1,0.170
108.31,1,0.149
108.32,1,0.144
108.33,1,0.157
108.34,1,0.173
108.35,1,0.212
108.36,1,0.262
108.37,1,0.305
108.38,1,0.315
108.39,1,0.304
108.40,1,0.278
108.41,1,0.248
108.42,1,0.223
108.43,1,0.208
108.44,1,0.219
108.45,1,0.236
108.46,1,0.231
108.47,1,0.225
108.48,1,0.217
108.49,1,0.173
108.50,1,0.171
108.51,1,0.162
108.52,1,0.175
108.53,1,0.179
108.54,1,0.192
108.55,1,0.215
108.56,1,0.249
108.57,1,0.272
108.58,1,0.298
108.59,1,0.348
108.60,1,0.390
108.61,1,0.402
108.62,1,0.313
108.63,1,0.195
108.64,1,0.166
108.65,1,0.176
108.66,1,0.180
108.67,1,0.193
108.68,1,0.214
108.69,1,0.214
108.70,1,0.222
108.71,1,0.236
108.72,1,0.228
108.73,1,0.242
108.74,1,0.262
108.75,1,0.255
108.76,1,0.235
108.77,1,0.212
108.78,1,0.192
108.79,1,0.186
108.80,1,0.178
108.81,1,0.172
108.82,1,0.164
108.83,1,0.146
108.84,1,0.112
108.85,1,0.113
108.86,1,0.113
108.87,1,0.132
108.88,1,0.146
108.89,1,0.169
108.90,1,0.186
108.91,1,0.205
108.92,1,0.190
108.93,1,0.192
108.94,1,0.189
108.95,1,0.177
108.96,1,0.209
108.97,1,0.251
108.98,1,0.399
108.99,1,0.573
109.00,1,0.564
109.01,1,0.630
109.02,1,0.711
109.03,1,0.776
109.04,1,0.895
109.05,1,0.974
109.06,1,0.898
109.07,1,0.786
109.08,1,0.394
109.09,1,0.221
109.10,1,0.189
109.11,1,0.171
109.12,1,0.154
109.13,1,0.150
109.14,1,0.150
109.15,1,0.144
109.16,1,0.136
109.17,1,0.139
109.18,1,0.138
109.19,1,0.146
109.20,1,0.155
109.21,1,0.162
109.22,1,0.176
109.23,1,0.182
109.24,1,0.173
109.25,1,0.183
109.26,1,0.182
109.27,1,0.190
109.28,1,0.220
109.29,1,0.325
109.30,1,0.373
109.31,1,0.329
109.32,1,0.275
109.33,1,0.242
109.34,1,0.251
109.35,1,0.255
109.36,1,0.251
109.37,1,0.268
109.38,1,0.284
109.39,1,0.296
109.40,1,0.341
109.41,1,0.454
109.42,1,0.206
109.43,1,0.167
109.44,1,0.136
109.45,1,0.129
109.46,1,0.125
109.47,1,0.125
109.48,1,0.116
109.49,1,0.117
109.50,1,0.115
109.51,1,0.122
109.52,1,0.128
109.53,1,0.143
109.54,1,0.155
109.55,1,0.160
109.56,1,0.168
109.57,1,0.161
109.58,1,0.154
109.59,1,0.160
109.60,1,0.158
109.61,1,0.154
109.62,1,0.158
109.63,1,0.151
109.64,1,0.129
109.65,1,0.116
109.66,1,0.119
109.67,1,0.122
109.68,1,0.143
109.69,1,0.188
109.70,1,0.234
109.71,1,0.229
109.72,1,0.215
109.73,1,0.176
109.74,1,0.155
109.75,1,0.156
109.76,1,0.149
109.77,1,0.123
109.78,1,0.115
109.79,1,0.108
109.80,1,0.115
109.81,1,0.122
109.82,1,0.144
109.83,1,0.146
109.84,1,0.153
109.85,1,0.157
109.86,1,0.169
109.87,1,0.164
109.88,1,0.170
109.89,1,0.181
109.90,1,0.192
109.91,1,0.217
109.92,1,0.251
109.93,1,0.252
109.94,1,0.264
109.95,1,0.251
109.96,1,0.229
109.97,1,0.216
109.98,1,0.208
109.99,1,0.194
110.00,1,0.192
110.01,1,0.186
110.02,1,0.194
110.03,1,0.203
110.04,1,0.205
110.05,1,0.184
110.06,1,0.195
110.07,1,0.227
110.08,1,0.231
110.09,1,0.192
110.10,1,0.147
110.11,1,0.120
110.12,1,0.097
110.13,1,0.097
110.14,1,0.103
110.15,1,0.111
110.16,1,0.125
110.17,1,0.136
110.18,1,0.152
110.19,1,0.166
110.20,1,0.204
110.21,1,0.282
110.22,1,0.469
110.23,1,0.363
110.24,1,0.214
110.25,1,0.167
110.26,1,0.148
110.27,1,0.144
110.28,1,0.144
110.29,1,0.149
110.30,1,0.152
110.31,1,0.162
110.32,1,0.183
110.33,1,0.197
110.34,1,0.209
110.35,1,0.232
110.36,1,0.239
110.37,1,0.257
110.38,1,0.296
110.39,1,0.262
110.40,1,0.226
110.41,1,0.177
110.42,1,0.156
110.43,1,0.146
110.44,1,0.136
110.45,1,0.137
110.46,1,0.162
110.47,1,0.183
110.48,1,0.200
110.49,1,0.223
110.50,1,0.231
110.51,1,0.235
110.52,1,0.281
110.53,1,0.362
110.54,1,0.345
110.55,1,0.193
110.56,1,0.209
110.57,1,0.219
110.58,1,0.206
110.59,1,0.231
110.60,1,0.250
110.61,1,0.247
110.62,1,0.254
110.63,1,0.267
110.64,1,0.256
110.65,1,0.262
110.66,1,0.281
110.67,1,0.318
110.68,1,0.449
110.69,1,0.659
110.70,1,0.640
110.71,1,0.315
110.72,1,0.198
110.73,1,0.174
110.74,1,0.168
110.75,1,0.174
110.76,1,0.193
110.77,1,0.222
110.78,1,0.219
110.79,1,0.209
110.80,1,0.207
110.81,1,0.173
110.82,1,0.168
110.83,1,0.184
110.84,1,0.194
110.85,1,0.210
110.86,1,0.251
110.87,1,0.281
110.88,1,0.344
110.89,1,0.267
110.90,1,0.206
110.91,1,0.185
110.92,1,0.176
110.93,1,0.169
110.94,1,0.194
110.95,1,0.207
110.96,1,0.224
110.97,1,0.241
110.98,1,0.244
110.99,1,0.242
111.00,1,0.241
111.01,1,0.243
111.02,1,0.250
111.03,1,0.217
111.04,1,0.205
111.05,1,0.193
111.06,1,0.173
111.07,1,0.157
111.08,1,0.150
111.09,1,0.143
111.10,1,0.147
111.11,1,0.148
111.12,1,0.172
111.13,1,0.215
111.14,1,0.241
111.15,1,0.304
111.16,1,0.679
111.17,1,0.716
111.18,1,0.659
111.19,1,0.398
111.20,1,0.333
111.21,1,0.271
111.22,1,0.246
111.23,1,0.222
111.24,1,0.226
111.25,1,0.159
111.26,1,0.152
111.27,1,0.173
111.28,1,0.194
111.29,1,0.196
111.30,1,0.218
111.31,1,0.226
111.32,1,0.210
111.33,1,0.196
111.34,1,0.203
111.35,1,0.219
111.36,1,0.233
111.37,1,0.270
111.38,1,0.260
111.39,1,0.208
111.40,1,0.169
111.41,1,0.196
111.42,1,0.206
111.43,1,0.223
111.44,1,0.257
111.45,1,0.275
111.46,1,0.278
111.47,1,0.272
111.48,1,0.242
111.49,1,0.221
111.50,1,0.213
111.51,1,0.195
111.52,1,0.197
111.53,1,0.210
111.54,1,0.198
111.55,1,0.179
111.56,1,0.172
111.57,1,0.190
111.58,1,0.210
111.59,1,0.210
111.60,1,0.223
111.61,1,0.213
111.62,1,0.182
111.63,1,0.177
111.64,1,0.189
111.65,1,0.199
111.66,1,0.317
111.67,1,0.785
111.68,1,0.557
111.69,1,0.219
111.70,1,0.115
111.71,1,0.076
111.72,1,0.084
111.73,1,0.080
111.74,1,0.091
111.75,1,0.114
111.76,1,0.123
111.77,1,0.132
111.78,1,0.155
111.79,1,0.168
111.80,1,0.149
111.81,1,0.160
111.82,1,0.159
111.83,1,0.154
111.84,1,0.154
111.85,1,0.150
111.86,1,0.154
111.87,1,0.140
111.88,1,0.140
111.89,1,0.142
111.90,1,0.144
111.91,1,0.139
111.92,1,0.142
111.93,1,0.135
111.94,1,0.131
111.95,1,0.134
111.96,1,0.140
111.97,1,0.136
111.98,1,0.134
111.99,1,0.132
112.00,1,0.123
112.01,1,0.123
112.02,1,0.117
112.03,1,0.107
112.04,1,0.103
112.05,1,0.099
112.06,1,0.109
112.07,1,0.137
112.08,1,0.163
112.09,1,0.215
112.10,1,0.285
112.11,1,0.263
112.12,1,0.190
112.13,1,0.181
112.14,1,0.169
112.15,1,0.172
112.16,1,0.176
112.17,1,0.184
112.18,1,0.197
112.19,1,0.197
112.20,1,0.194
112.21,1,0.195
112.22,1,0.209
112.23,1,0.206
112.24,1,0.209
112.25,1,0.209
112.26,1,0.200
112.27,1,0.195
112.28,1,0.199
112.29,1,0.201
112.30,1,0.197
112.31,1,0.200
112.32,1,0.214
112.33,1,0.217
112.34,1,0.236
112.35,1,0.244
112.36,1,0.227
112.37,1,0.212
112.38,1,0.204
112.39,1,0.192
112.40,1,0.188
112.41,1,0.192
112.42,1,0.194
112.43,1,0.197
112.44,1,0.208
112.45,1,0.235
112.46,1,0.271
112.47,1,0.359
112.48,1,0.478
112.49,1,0.965
112.50,1,0.608
112.51,1,0.287
112.52,1,0.223
112.53,1,0.176
112.54,1,0.157
112.55,1,0.155
112.56,1,0.160
112.57,1,0.166
112.58,1,0.178
112.59,1,0.195
112.60,1,0.224
112.61,1,0.222
112.62,1,0.245
112.63,1,0.299
112.64,1,0.361
112.65,1,0.569
112.66,1,0.464
112.67,1,0.319
112.68,1,0.208
112.69,1,0.169
112.70,1,0.147
112.71,1,0.124
112.72,1,0.114
112.73,1,0.119
112.74,1,0.143
112.75,1,0.208
112.76,1,0.230
112.77,1,0.219
112.78,1,0.221
112.79,1,0.239
112.80,1,0.243
112.81,1,0.257
112.82,1,0.296
112.83,1,0.248
112.84,1,0.195
112.85,1,0.182
112.86,1,0.148
112.87,1,0.148
112.88,1,0.152
112.89,1,0.162
112.90,1,0.166
112.91,1,0.179
112.92,1,0.190
112.93,1,0.190
112.94,1,0.199
112.95,1,0.204
112.96,1,0.243
112.97,1,0.246
112.98,1,0.245
112.99,1,0.252
113.00,1,0.266
113.01,1,0.247
113.02,1,0.255
113.03,1,0.278
113.04,1,0.291
113.05,1,0.315
113.06,1,0.398
113.07,1,0.382
113.08,1,0.394
113.09,1,0.432
113.10,1,0.444
113.11,1,0.513
113.12,1,0.560
113.13,1,0.438
113.14,1,0.242
113.15,1,0.190
113.16,1,0.160
113.17,1,0.152
113.18,1,0.140
113.19,1,0.167
113.20,1,0.203
113.21,1,0.221
113.22,1,0.220
113.23,1,0.218
113.24,1,0.196
113.25,1,0.164
113.26,1,0.151
113.27,1,0.137
113.28,1,0.142
113.29,1,0.164
113.30,1,0.229
113.31,1,0.293
113.32,1,0.293
113.33,1,0.115
113.34,1,0.084
113.35,1,0.096
113.36,1,0.120
113.37,1,0.150
113.38,1,0.188
113.39,1,0.204
113.40,1,0.204
113.41,1,0.184
113.42,1,0.156
113.43,1,0.151
113.44,1,0.174
113.45,1,0.223
113.46,1,0.419
113.47,1,0.710
113.48,1,0.827
113.49,1,0.470
113.50,1,0.305
113.51,1,0.193
113.52,1,0.166
113.53,1,0.158
113.54,1,0.148
113.55,1,0.153
113.56,1,0.166
113.57,1,0.171
113.58,1,0.170
113.59,1,0.178
113.60,1,0.197
113.61,1,0.214
113.62,1,0.261
113.63,1,0.299
113.64,1,0.277
113.65,1,0.251
113.66,1,0.232
113.67,1,0.196
113.68,1,0.182
113.69,1,0.181
113.70,1,0.183
113.71,1,0.176
113.72,1,0.163
113.73,1,0.161
113.74,1,0.143
113.75,1,0.132
113.76,1,0.147
113.77,1,0.166
113.78,1,0.203
113.79,1,0.259
113.80,1,0.298
113.81,1,0.286
113.82,1,0.268
113.83,1,0.224
113.84,1,0.198
113.85,1,0.174
113.86,1,0.163
113.87,1,0.159
113.88,1,0.155
113.89,1,0.167
113.90,1,0.180
113.91,1,0.192
113.92,1,0.215
113.93,1,0.226
113.94,1,0.229
113.95,1,0.239
113.96,1,0.252
113.97,1,0.244
113.98,1,0.235
113.99,1,0.234
114.00,1,0.217
114.01,1,0.212
114.02,1,0.223
114.03,1,0.235
114.04,1,0.232
114.05,1,0.246
114.06,1,0.239
114.07,1,0.231
114.08,1,0.208
114.09,1,0.188
114.10,1,0.187
114.11,1,0.172
114.12,1,0.166
114.13,1,0.193
114.14,1,0.230
114.15,1,0.223
114.16,1,0.241
114.17,1,0.212
114.18,1,0.178
114.19,1,0.167
114.20,1,0.169
114.21,1,0.158
114.22,1,0.179
114.23,1,0.209
114.24,1,0.215
114.25,1,0.208
114.26,1,0.210
114.27,1,0.204
114.28,1,0.232
114.29,1,0.286
114.30,1,0.336
114.31,1,0.357
114.32,1,0.316
114.33,1,0.238
114.34,1,0.180
114.35,1,0.165
114.36,1,0.185
114.37,1,0.244
114.38,1,0.278
114.39,1,0.394
114.40,1,0.505
114.41,1,0.500
114.42,1,0.468
114.43,1,0.486
114.44,1,0.421
114.45,1,0.399
114.46,1,0.386
114.47,1,0.297
114.48,1,0.202
114.49,1,0.131
114.50,1,0.115
114.51,1,0.122
114.52,1,0.129
114.53,1,0.130
114.54,1,0.135
114.55,1,0.141
114.56,1,0.143
114.57,1,0.152
114.58,1,0.161
114.59,1,0.208
114.60,1,0.207
114.61,1,0.191
114.62,1,0.187
114.63,1,0.239
114.64,1,0.239
114.65,1,0.226
114.66,1,0.179
114.67,1,0.168
114.68,1,0.171
114.69,1,0.176
114.70,1,0.198
114.71,1,0.234
114.72,1,0.253
114.73,1,0.259
114.74,1,0.250
114.75,1,0.224
114.76,1,0.194
114.77,1,0.183
114.78,1,0.164
114.79,1,0.151
114.80,1,0.139
114.81,1,0.130
114.82,1,0.128
114.83,1,0.133
114.84,1,0.143
114.85,1,0.162
114.86,1,0.179
114.87,1,0.194
114.88,1,0.209
114.89,1,0.222
114.90,1,0.198
114.91,1,0.171
114.92,1,0.159
114.93,1,0.179
114.94,1,0.183
114.95,1,0.200
114.96,1,0.223
114.97,1,0.207
114.98,1,0.187
114.99,1,0.202
115.00,1,0.195
115.01,1,0.189
115.02,1,0.204
115.03,1,0.207
115.04,1,0.190
115.05,1,0.208
115.06,1,0.219
115.07,1,0.224
115.08,1,0.238
115.09,1,0.246
115.10,1,0.236
115.11,1,0.229
115.12,1,0.198
115.13,1,0.178
115.14,1,0.180
115.15,1,0.168
115.16,1,0.166
115.17,1,0.171
115.18,1,0.165
115.19,1,0.156
115.20,1,0.170
115.21,1,0.174
115.22,1,0.196
115.23,1,0.215
115.24,1,0.217
115.25,1,0.231
115.26,1,0.260
115.27,1,0.238
115.28,1,0.215
115.29,1,0.223
115.30,1,0.210
115.31,1,0.218
115.32,1,0.241
115.33,1,0.269
115.34,1,0.298
115.35,1,0.333
115.36,1,0.376
115.37,1,0.423
115.38,1,0.473
115.39,1,0.478
115.40,1,0.480
115.41,1,0.452
115.42,1,0.367
115.43,1,0.305
115.44,1,0.270
115.45,1,0.236
115.46,1,0.225
115.47,1,0.229
115.48,1,0.224
115.49,1,0.227
115.50,1,0.218
115.51,1,0.216
115.52,1,0.204
115.53,1,0.217
115.54,1,0.218
115.55,1,0.212
115.56,1,0.183
115.57,1,0.166
115.58,1,0.206
115.59,1,0.220
115.60,1,0.233
115.61,1,0.269
115.62,1,0.268
115.63,1,0.231
115.64,1,0.220
115.65,1,0.207
115.66,1,0.219
115.67,1,0.224
115.68,1,0.241
115.69,1,0.266
115.70,1,0.299
115.71,1,0.279
115.72,1,0.262
115.73,1,0.244
115.74,1,0.227
115.75,1,0.213
115.76,1,0.226
115.77,1,0.232
115.78,1,0.229
115.79,1,0.247
115.80,1,0.223
115.81,1,0.226
115.82,1,0.242
115.83,1,0.250
115.84,1,0.244
115.85,1,0.250
115.86,1,0.227
115.87,1,0.256
115.88,1,0.231
115.89,1,0.220
115.90,1,0.230
115.91,1,0.221
115.92,1,0.228
115.93,1,0.204
115.94,1,0.174
115.95,1,0.166
115.96,1,0.144
115.97,1,0.141
115.98,1,0.137
115.99,1,0.131
116.00,1,0.125
116.01,1,0.133
116.02,1,0.134
116.03,1,0.137
116.04,1,0.157
116.05,1,0.159
116.06,1,0.157
116.07,1,0.152
116.08,1,0.156
116.09,1,0.151
116.10,1,0.152
116.11,1,0.165
116.12,1,0.158
116.13,1,0.142
116.14,1,0.136
116.15,1,0.138
116.16,1,0.131
116.17,1,0.158
116.18,1,0.222
116.19,1,0.272
116.20,1,0.512
116.21,1,0.693
116.22,1,0.927
116.23,1,0.671
116.24,1,0.274
116.25,1,0.106
116.26,1,0.058
116.27,1,0.049
116.28,1,0.050
116.29,1,0.071
116.30,1,0.091
116.31,1,0.130
116.32,1,0.165
116.33,1,0.179
116.34,1,0.176
116.35,1,0.164
116.36,1,0.147
116.37,1,0.132
116.38,1,0.119
116.39,1,0.112
116.40,1,0.109
116.41,1,0.138
116.42,1,0.168
116.43,1,0.191
116.44,1,0.208
116.45,1,0.227
116.46,1,0.222
116.47,1,0.186
116.48,1,0.172
116.49,1,0.162
116.50,1,0.158
116.51,1,0.163
116.52,1,0.176
116.53,1,0.181
116.54,1,0.170
116.55,1,0.171
116.56,1,0.174
116.57,1,0.165
116.58,1,0.156
116.59,1,0.156
116.60,1,0.137
116.61,1,0.126
116.62,1,0.127
116.63,1,0.132
116.64,1,0.133
116.65,1,0.134
116.66,1,0.142
116.67,1,0.135
116.68,1,0.137
116.69,1,0.141
116.70,1,0.135
116.71,1,0.129
116.72,1,0.122
116.73,1,0.129
116.74,1,0.133
116.75,1,0.138
116.76,1,0.146
116.77,1,0.149
116.78,1,0.157
116.79,1,0.165
116.80,1,0.182
116.81,1,0.201
116.82,1,0.218
116.83,1,0.222
116.84,1,0.230
116.85,1,0.239
116.86,1,0.234
116.87,1,0.229
116.88,1,0.211
116.89,1,0.201
116.90,1,0.195
116.91,1,0.185
116.92,1,0.184
116.93,1,0.179
116.94,1,0.173
116.95,1,0.179
116.96,1,0.176
116.97,1,0.174
116.98,1,0.185
116.99,1,0.184
117.00,1,0.182
117.01,1,0.197
117.02,1,0.208
117.03,1,0.227
117.04,1,0.241
117.05,1,0.228
117.06,1,0.215
117.07,1,0.184
117.08,1,0.154
117.09,1,0.170
117.10,1,0.157
117.11,1,0.144
117.12,1,0.147
117.13,1,0.138
117.14,1,0.121
117.15,1,0.122
117.16,1,0.110
117.17,1,0.115
117.18,1,0.116
117.19,1,0.119
117.20,1,0.132
117.21,1,0.153
117.22,1,0.180
117.23,1,0.205
117.24,1,0.207
117.25,1,0.208
117.26,1,0.185
117.27,1,0.147
117.28,1,0.129
117.29,1,0.119
117.30,1,0.112
117.31,1,0.104
117.32,1,0.103
117.33,1,0.110
117.34,1,0.116
117.35,1,0.126
117.36,1,0.130
117.37,1,0.142
117.38,1,0.134
117.39,1,0.135
117.40,1,0.122
117.41,1,0.140
117.42,1,0.167
117.43,1,0.190
117.44,1,0.208
117.45,1,0.233
117.46,1,0.244
117.47,1,0.237
117.48,1,0.242
117.49,1,0.252
117.50,1,0.270
117.51,1,0.279
117.52,1,0.290
117.53,1,0.295
117.54,1,0.298
117.55,1,0.299
117.56,1,0.302
117.57,1,0.297
117.58,1,0.283
117.59,1,0.261
117.60,1,0.236
117.61,1,0.216
117.62,1,0.201
117.63,1,0.199
117.64,1,0.218
117.65,1,0.247
117.66,1,0.281
117.67,1,0.302
117.68,1,0.303
117.69,1,0.289
117.70,1,0.267
117.71,1,0.226
117.72,1,0.186
117.73,1,0.161
117.74,1,0.153
117.75,1,0.158
117.76,1,0.170
117.77,1,0.186
117.78,1,0.203
117.79,1,0.210
117.80,1,0.213
117.81,1,0.216
117.82,1,0.226
117.83,1,0.241
117.84,1,0.255
117.85,1,0.268
117.86,1,0.279
117.87,1,0.281
117.88,1,0.277
117.89,1,0.272
117.90,1,0.264
117.91,1,0.256
117.92,1,0.241
117.93,1,0.218
117.94,1,0.198
117.95,1,0.179
117.96,1,0.159
117.97,1,0.148
117.98,1,0.142
117.99,1,0.132
118.00,1,0.123
118.01,1,0.123
118.02,1,0.132
118.03,1,0.148
118.04,1,0.161
118.05,1,0.172
118.06,1,0.183
118.07,1,0.187
118.08,1,0.189
118.09,1,0.191
118.10,1,0.191
118.11,1,0.181
118.12,1,0.174
118.13,1,0.171
118.14,1,0.175
118.15,1,0.188
118.16,1,0.201
118.17,1,0.212
118.18,1,0.221
118.19,1,0.220
118.20,1,0.212
118.21,1,0.217
118.22,1,0.220
118.23,1,0.207
118.24,1,0.218
118.25,1,0.258
118.26,1,0.302
118.27,1,0.428
118.28,1,0.674
118.29,1,0.825
118.30,1,0.755
118.31,1,0.743
118.32,1,0.698
118.33,1,0.788
118.34,1,0.934
118.35,1,1.124
118.36,1,1.287
118.37,1,1.397
118.38,1,1.223
118.39,1,1.121
118.40,1,1.000
118.41,1,0.898
118.42,0,
118.43,0,
118.44,0,
118.45,0,
118.46,0,
118.47,0,
118.48,0,
118.49,0,
118.50,0,
118.51,0,
118.52,0,
118.53,0,
118.54,0,
118.55,0,
118.56,0,
118.57,0,
118.58,0,
118.59,0,
118.60,0,
118.61,0,
118.62,0,
118.63,0,
118.64,0,
118.65,0,
118.66,0,
118.67,0,
118.68,0,
118.69,0,
118.70,0,
118.71,0,
118.72,0,
118.73,0,
118.74,0,
118.75,0,
118.76,0,
118.77,0,
118.78,0,
118.79,0,
118.80,0,
118.81,0,
118.82,0,
118.83,0,
118.84,0,
118.85,0,
118.86,0,
118.87,0,
118.88,0,
118.89,0,
118.90,0,
118.91,0,
118.92,0,
118.93,0,
118.94,0,
118.95,0,
118.96,0,
118.97,0,
118.98,0,
118.99,0,
119.00,0,
119.01,0,
119.02,0,
119.03,0,
119.04,0,
119.05,0,
119.06,0,
119.07,0,
119.08,0,
119.09,0,
119.10,0,
119.11,0,
119.12,0,
119.13,0,
119.14,0,
119.15,0,
119.16,0,
119.17,0,
119.18,0,
119.19,0,
119.20,0,
119.21,0,
119.22,0,
119.23,0,
119.24,0,
119.25,0,
119.26,0,
119.27,0,
119.28,0,
119.29,0,
119.30,0,
119.31,0,
119.32,0,
119.33,0,
119.34,0,
119.35,0,
119.36,0,
119.37,0,
119.38,0,
119.39,0,
119.40,0,
119.41,0,
119.42,0,
119.43,0,
119.44,0,
119.45,0,
119.46,0,
119.47,0,
119.48,0,
119.49,0,
119.50,0,
119.51,0,
119.52,0,
119.53,0,
119.54,0,
119.55,0,
119.56,0,
119.57,0,
119.58,0,
119.59,0,
119.60,0,
119.61,0,
119.62,0,
119.63,0,
119.64,0,
119.65,0,
119.66,0,
119.67,0,
119.68,0,
119.69,0,
119.70,0,
119.71,0,
119.72,0,
119.73,0,
119.74,0,
119.75,0,
119.76,0,
119.77,0,
119.78,0,
119.79,0,
119.80,0,
119.81,0,
119.82,0,
119.83,0,
119.84,0,
119.85,0,
119.86,0,
119.87,0,
119.88,0,
119.89,0,
119.90,0,
119.91,0,
119.92,0,
119.93,0,
119.94,0,
119.95,0,
119.96,0,
119.97,0,
119.98,0,
119.99,0,
120.00,0,
120.01,0,
120.02,0,
120.03,0,
120.04,0,
120.05,0,
120.06,0,
120.07,0,
120.08,0,
120.09,0,
120.10,0,
120.11,0,
120.12,0,
120.13,0,
120.14,0,
120.15,0,
120.16,0,
120.17,0,
120.18,0,
120.19,0,
120.20,0,
120.21,0,
120.22,0,
120.23,0,
120.24,0,
120.25,0,
120.26,0,
120.27,0,
120.28,0,
120.29,0,
120.30,0,
120.31,0,
120.32,0,
120.33,0,
120.34,0,
120.35,0,
120.36,0,
120.37,0,
120.38,0,
120.39,0,
120.40,0,
120.41,0,
120.42,0,
120.43,0,
120.44,0,
120.45,0,
120.46,0,
120.47,0,
120.48,0,
120.49,0,
120.50,0,
120.51,0,
120.52,0,
120.53,0,
120.54,0,
120.55,0,
120.56,0,
120.57,0,
120.58,0,
120.59,0,
120.60,0,
120.61,0,
120.62,0,
120.63,0,
120.64,0,
120.65,0,
120.66,0,
120.67,0,
120.68,0,
120.69,0,
120.70,0,
120.71,0,
120.72,0,
120.73,0,
120.74,0,
120.75,0,
120.76,0,
120.77,0,
120.78,0,
120.79,0,
120.80,0,
120.81,0,
120.82,0,
120.83,0,
120.84,0,
120.85,0,
120.86,0,
120.87,0,
120.88,0,
120.89,0,
120.90,0,
120.91,0,
120.92,0,
120.93,0,
120.94,0,
120.95,0,
120.96,0,
120.97,0,
120.98,0,
120.99,0,
121.00,0,
121.01,0,
121.02,0,
121.03,0,
121.04,0,
121.05,0,
121.06,0,
121.07,0,
121.08,0,
121.09,0,
121.10,0,
121.11,0,
121.12,0,
121.13,0,
121.14,0,
121.15,0,
121.16,0,
121.17,0,
121.18,0,
121.19,0,
121.20,0,
121.21,0,
121.22,0,
121.23,0,
121.24,0,
121.25,0,
121.26,0,
121.27,0,
121.28,0,
121.29,0,
121.30,0,
121.31,0,
121.32,0,
121.33,0,
121.34,0,
121.35,0,
121.36,0,
121.37,0,
121.38,0,
121.39,0,
121.40,0,
121.41,0,
121.42,0,
121.43,0,
121.44,0,
121.45,0,
121.46,0,
121.47,0,
121.48,0,
121.49,0,
121.50,0,
121.51,0,
121.52,0,
121.53,0,
121.54,0,
121.55,0,
121.56,0,
121.57,0,
121.58,0,
121.59,0,
121.60,0,
121.61,0,
121.62,0,
121.63,0,
121.64,0,
121.65,0,
121.66,0,
121.67,0,
121.68,0,
121.69,0,
121.70,0,
121.71,0,
121.72,0,
121.73,0,
121.74,0,
121.75,0,
121.76,0,
121.77,0,
121.78,0,
121.79,0,
121.80,0,
121.81,0,
121.82,0,
121.83,0,
121.84,0,
121.85,0,
121.86,0,
121.87,0,
121.88,0,
121.89,0,
121.90,0,
121.91,0,
121.92,0,
121.93,0,
121.94,0,
121.95,0,
121.96,0,
121.97,0,
121.98,0,
121.99,0,
122.00,0,
122.01,0,
122.02,0,
122.03,0,
122.04,0,
122.05,0,
122.06,0,
122.07,0,
122.08,0,
122.09,0,
122.10,0,
122.11,0,
122.12,0,
122.13,0,
122.14,0,
122.15,0,
122.16,0,
122.17,0,
122.18,0,
122.19,0,
122.20,0,
122.21,0,
122.22,0,
122.23,0,
122.24,0,
122.25,0,
122.26,0,
122.27,0,
122.28,0,
122.29,0,
122.30,0,
122.31,0,
122.32,0,
122.33,0,
122.34,0,
122.35,0,
122.36,0,
122.37,0,
122.38,0,
122.39,0,
122.40,0,
122.41,0,
122.42,0,
122.43,0,
122.44,0,
122.45,0,
122.46,0,
122.47,0,
122.48,0,
122.49,0,
122.50,0,
122.51,0,
122.52,0,
122.53,0,
122.54,0,
122.55,0,
122.56,0,
122.57,0,
122.58,0,
122.59,0,
122.60,0,
122.61,0,
122.62,0,
122.63,0,
122.64,0,
122.65,0,
122.66,0,
122.67,0,
122.68,0,
122.69,0,
122.70,0,
122.71,0,
122.72,0,
122.73,0,
122.74,0,
122.75,0,
122.76,0,
122.77,0,
122.78,0,
122.79,0,
122.80,0,
122.81,0,
122.82,0,
122.83,0,
122.84,0,
122.85,0,
122.86,0,
122.87,0,
122.88,0,
122.89,0,
122.90,0,
122.91,0,
122.92,0,
122.93,0,
122.94,0,
122.95,0,
122.96,0,
122.97,0,
122.98,0,
122.99,0,
123.00,0,
123.01,0,
123.02,0,
123.03,0,
123.04,0,
123.05,0,
123.06,0,
123.07,0,
123.08,0,
123.09,0,
123.10,0,
123.11,0,
123.12,0,
123.13,0,
123.14,0,
123.15,0,
123.16,0,
123.17,0,
123.18,0,
123.19,0,
123.20,0,
123.21,0,
123.22,0,
123.23,0,
123.24,0,
123.25,0,
123.26,0,
123.27,0,
123.28,0,
123.29,0,
123.30,0,
123.31,0,
123.32,0,
123.33,0,
123.34,0,
123.35,0,
123.36,0,
123.37,0,
123.38,0,
123.39,0,
123.40,0,
123.41,0,
123.42,0,
123.43,0,
123.44,0,
123.45,0,
123.46,0,
123.47,0,
123.48,0,
123.49,0,
123.50,0,
123.51,0,
123.52,0,
123.53,0,
123.54,0,
123.55,0,
123.56,0,
123.57,0,
123.58,0,
123.59,0,
123.60,0,
123.61,0,
123.62,0,
123.63,0,
123.64,0,
123.65,0,
123.66,0,
123.67,0,
123.68,0,
123.69,0,
123.70,0,
123.71,0,
123.72,0,
123.73,0,
123.74,0,
123.75,0,
123.76,0,
123.77,0,
123.78,0,
123.79,0,
123.80,0,
123.81,0,
123.82,0,
123.83,0,
123.84,0,
123.85,0,
123.86,0,
123.87,0,
123.88,0,
123.89,0,
123.90,0,
123.91,0,
123.92,0,
123.93,0,
123.94,0,
123.95,0,
123.96,0,
123.97,0,
123.98,0,
123.99,0,
124.00,0,
124.01,0,
124.02,0,
124.03,0,
124.04,0,
124.05,0,
124.06,0,
124.07,0,
124.08,0,
124.09,0,
124.10,0,
124.11,0,
124.12,0,
124.13,0,
124.14,0,
124.15,0,
124.16,0,
124.17,0,
124.18,0,
124.19,0,
124.20,0,
124.21,0,
124.22,0,
124.23,0,
124.24,0,
124.25,0,
124.26,0,
124.27,0,
124.28,0,
124.29,0,
124.30,0,
124.31,0,
124.32,0,
124.33,0,
124.34,0,
124.35,0,
124.36,0,
124.37,0,
124.38,0,
124.39,0,
124.40,0,
124.41,0,
124.42,0,
124.43,0,
124.44,0,
124.45,0,
124.46,0,
124.47,0,
124.48,0,
124.49,0,
124.50,0,
124.51,0,
124.52,0,
124.53,0,
124.54,0,
124.55,0,
124.56,0,
124.57,0,
124.58,0,
124.59,0,
124.60,0,
124.61,0,
124.62,0,
124.63,0,
124.64,0,
124.65,0,
124.66,0,
124.67,0,
124.68,0,
124.69,0,
124.70,0,
124.71,0,
124.72,0,
124.73,0,
124.74,0,
124.75,0,
124.76,0,
124.77,0,
124.78,0,
124.79,0,
124.80,0,
124.81,0,
124.82,0,
124.83,0,
124.84,0,
124.85,0,
124.86,0,
124.87,0,
124.88,0,
124.89,0,
124.90,0,
124.91,0,
124.92,0,
124.93,0,
124.94,0,
124.95,0,
124.96,0,
124.97,0,
124.98,0,
124.99,0,
125.00,0,
125.01,0,
125.02,0,
125.03,0,
125.04,0,
125.05,0,
125.06,0,
125.07,0,
125.08,0,
125.09,0,
125.10,0,
125.11,0,
125.12,0,
125.13,0,
125.14,0,
125.15,0,
125.16,0,
125.17,0,
125.18,0,
125.19,0,
125.20,0,
125.21,0,
125.22,0,
125.23,0,
125.24,0,
125.25,0,
125.26,0,
125.27,0,
125.28,0,
125.29,0,
125.30,0,
125.31,0,
125.32,0,
125.33,0,
125.34,0,
125.35,0,
125.36,0,
125.37,0,
125.38,0,
125.39,0,
125.40,0,
125.41,0,
125.42,0,
125.43,0,
125.44,0,
125.45,0,
125.46,0,
125.47,0,
125.48,0,
125.49,0,
125.50,0,
125.51,0,
125.52,0,
125.53,0,
125.54,0,
125.55,0,
125.56,0,
125.57,0,
125.58,0,
125.59,0,
125.60,0,
125.61,0,
125.62,0,
125.63,0,
125.64,0,
125.65,0,
125.66,0,
125.67,0,
125.68,0,
125.69,0,
125.70,0,
125.71,0,
125.72,0,
125.73,0,
125.74,0,
125.75,0,
125.76,0,
125.77,0,
125.78,0,
125.79,0,
125.80,0,
125.81,0,
125.82,0,
125.83,0,
125.84,0,
125.85,0,
125.86,0,
125.87,0,
125.88,0,
125.89,0,
125.90,0,
125.91,0,
125.92,0,
125.93,0,
125.94,0,
125.95,0,
125.96,0,
125.97,0,
125.98,0,
125.99,0,
126.00,0,
126.01,0,
126.02,0,
126.03,0,
126.04,0,
126.05,0,
126.06,0,
126.07,0,
126.08,0,
126.09,0,
126.10,0,
126.11,0,
126.12,0,
126.13,0,
126.14,0,
126.15,0,
126.16,0,
126.17,0,
126.18,0,
126.19,0,
126.20,0,
126.21,0,
126.22,0,
126.23,0,
126.24,0,
126.25,0,
126.26,0,
126.27,0,
126.28,0,
126.29,0,
126.30,0,
126.31,0,
126.32,0,
126.33,0,
126.34,0,
126.35,0,
126.36,0,
126.37,0,
126.38,0,
126.39,0,
126.40,0,
126.41,0,
126.42,0,
126.43,0,
126.44,0,
126.45,0,
126.46,0,
126.47,0,
126.48,0,
126.49,0,
126.50,0,
126.51,0,
126.52,0,
126.53,0,
126.54,0,
126.55,0,
126.56,0,
126.57,0,
126.58,0,
126.59,0,
126.60,0,
126.61,0,
126.62,0,
126.63,0,
126.64,0,
126.65,0,
126.66,0,
126.67,0,
126.68,0,
126.69,0,
126.70,0,
126.71,0,
126.72,0,
126.73,0,
126.74,0,
126.75,0,
126.76,0,
126.77,0,
126.78,0,
126.79,0,
126.80,0,
126.81,0,
126.82,0,
126.83,0,
126.84,0,
126.85,0,
126.86,0,
126.87,0,
126.88,0,
126.89,0,
126.90,0,
126.91,0,
126.92,0,
126.93,0,
126.94,0,
126.95,0,
126.96,0,
126.97,0,
126.98,0,
126.99,0,
127.00,0,
127.01,0,
127.02,0,
127.03,0,
127.04,0,
127.05,0,
127.06,0,
127.07,0,
127.08,0,
127.09,0,
127.10,0,
127.11,0,
127.12,0,
127.13,0,
127.14,0,
127.15,0,
127.16,0,
127.17,0,
127.18,0,
127.19,0,
127.20,0,
127.21,0,
127.22,0,
127.23,0,
127.24,0,
127.25,0,
127.26,0,
127.27,0,
127.28,0,
127.29,0,
127.30,1,0.083
127.31,1,0.063
127.32,1,0.063
127.33,1,0.082
127.34,1,0.113
127.35,1,0.150
127.36,1,0.197
127.37,1,0.245
127.38,1,0.273
127.39,1,0.292
127.40,1,0.292
127.41,1,0.272
127.42,1,0.242
127.43,1,0.204
127.44,1,0.163
127.45,1,0.130
127.46,1,0.124
127.47,1,0.123
127.48,1,0.128
127.49,1,0.135
127.50,1,0.134
127.51,1,0.122
127.52,1,0.133
127.53,1,0.141
127.54,1,0.156
127.55,1,0.165
127.56,1,0.185
127.57,1,0.168
127.58,1,0.135
127.59,1,0.127
127.60,1,0.130
127.61,1,0.132
127.62,1,0.144
127.63,1,0.149
127.64,1,0.145
127.65,1,0.133
127.66,1,0.124
127.67,1,0.125
127.68,1,0.137
127.69,1,0.162
127.70,1,0.204
127.71,1,0.265
127.72,1,0.425
127.73,1,0.526
127.74,1,0.626
127.75,1,0.246
127.76,1,0.122
127.77,1,0.074
127.78,1,0.054
127.79,1,0.064
127.80,1,0.078
127.81,1,0.089
127.82,1,0.102
127.83,1,0.114
127.84,1,0.111
127.85,1,0.104
127.86,1,0.109
127.87,1,0.119
127.88,1,0.125
127.89,1,0.137
127.90,1,0.151
127.91,1,0.159
127.92,1,0.163
127.93,1,0.171
127.94,1,0.178
127.95,1,0.180
127.96,1,0.180
127.97,1,0.175
127.98,1,0.175
127.99,1,0.172
128.00,1,0.180
128.01,1,0.205
128.02,1,0.226
128.03,1,0.245
128.04,1,0.258
128.05,1,0.266
128.06,1,0.264
128.07,1,0.240
128.08,1,0.213
128.09,1,0.171
128.10,1,0.123
128.11,1,0.098
128.12,1,0.096
128.13,1,0.101
128.14,1,0.103
128.15,1,0.107
128.16,1,0.116
128.17,1,0.119
128.18,1,0.120
128.19,1,0.124
128.20,1,0.131
128.21,1,0.134
128.22,1,0.138
128.23,1,0.154
128.24,1,0.181
128.25,1,0.214
128.26,1,0.250
128.27,1,0.282
128.28,1,0.297
128.29,1,0.290
128.30,1,0.276
128.31,1,0.252
128.32,1,0.218
128.33,1,0.183
128.34,1,0.154
128.35,1,0.141
128.36,1,0.137
128.37,1,0.143
128.38,1,0.159
128.39,1,0.159
128.40,1,0.162
128.41,1,0.141
128.42,1,0.121
128.43,1,0.114
128.44,1,0.132
128.45,1,0.145
128.46,1,0.155
128.47,1,0.159
128.48,1,0.157
128.49,1,0.145
128.50,1,0.129
128.51,1,0.125
128.52,1,0.130
128.53,1,0.137
128.54,1,0.146
128.55,1,0.158
128.56,1,0.168
128.57,1,0.172
128.58,1,0.172
128.59,1,0.169
128.60,1,0.162
128.61,1,0.163
128.62,1,0.170
128.63,1,0.166
128.64,1,0.167
128.65,1,0.170
128.66,1,0.158
128.67,1,0.161
128.68,1,0.162
128.69,1,0.175
128.70,1,0.175
128.71,1,0.177
128.72,1,0.151
128.73,1,0.140
128.74,1,0.119
128.75,1,0.103
128.76,1,0.121
128.77,1,0.149
128.78,1,0.165
128.79,1,0.198
128.80,1,0.220
128.81,1,0.217
128.82,1,0.209
128.83,1,0.207
128.84,1,0.187
128.85,1,0.167
128.86,1,0.162
128.87,1,0.164
128.88,1,0.164
128.89,1,0.171
128.90,1,0.177
128.91,1,0.160
128.92,1,0.154
128.93,1,0.140
128.94,1,0.119
128.95,1,0.108
128.96,1,0.102
128.97,1,0.109
128.98,1,0.127
128.99,1,0.154
129.00,1,0.197
129.01,1,0.266
129.02,1,0.476
129.03,1,0.513
129.04,1,0.444
129.05,1,0.295
129.06,1,0.184
129.07,1,0.132
129.08,1,0.120
129.09,1,0.126
129.10,1,0.129
129.11,1,0.131
129.12,1,0.134
129.13,1,0.135
129.14,1,0.142
129.15,1,0.153
129.16,1,0.165
129.17,1,0.184
129.18,1,0.199
129.19,1,0.206
129.20,1,0.204
129.21,1,0.198
129.22,1,0.185
129.23,1,0.165
129.24,1,0.148
129.25,1,0.138
129.26,1,0.127
129.27,1,0.124
129.28,1,0.137
129.29,1,0.139
129.30,1,0.141
129.31,1,0.143
129.32,1,0.138
129.33,1,0.139
129.34,1,0.136
129.35,1,0.133
129.36,1,0.142
129.37,1,0.142
129.38,1,0.134
129.39,1,0.127
129.40,1,0.135
129.41,1,0.143
129.42,1,0.155
129.43,1,0.177
129.44,1,0.190
129.45,1,0.199
129.46,1,0.200
129.47,1,0.197
129.48,1,0.196
129.49,1,0.191
129.50,1,0.192
129.51,1,0.183
129.52,1,0.177
129.53,1,0.151
129.54,1,0.142
129.55,1,0.120
129.56,1,0.112
129.57,1,0.109
129.58,1,0.095
129.59,1,0.101
129.60,1,0.100
129.61,1,0.100
129.62,1,0.102
129.63,1,0.101
129.64,1,0.101
129.65,1,0.098
129.66,1,0.094
129.67,1,0.099
129.68,1,0.146
129.69,1,0.192
129.70,1,0.241
129.71,1,0.284
129.72,1,0.277
129.73,1,0.258
129.74,1,0.221
129.75,1,0.186
129.76,1,0.179
129.77,1,0.182
129.78,1,0.165
129.79,1,0.182
129.80,1,0.191
129.81,1,0.200
129.82,1,0.218
129.83,1,0.244
129.84,1,0.251
129.85,1,0.247
129.86,1,0.227
129.87,1,0.209
129.88,1,0.163
129.89,1,0.142
129.90,1,0.129
129.91,1,0.128
129.92,1,0.151
129.93,1,0.188
129.94,1,0.217
129.95,1,0.295
129.96,1,0.409
129.97,1,0.288
129.98,1,0.258
129.99,1,0.243
130.00,1,0.222
130.01,1,0.199
130.02,1,0.140
130.03,1,0.101
130.04,1,0.095
130.05,1,0.120
130.06,1,0.152
130.07,1,0.166
130.08,1,0.189
130.09,1,0.197
130.10,1,0.192
130.11,1,0.152
130.12,1,0.155
130.13,1,0.149
130.14,1,0.154
130.15,1,0.163
130.16,1,0.168
130.17,1,0.149
130.18,1,0.140
130.19,1,0.135
130.20,1,0.109
130.21,1,0.098
130.22,1,0.097
130.23,1,0.082
130.24,1,0.080
130.25,1,0.077
130.26,1,0.083
130.27,1,0.083
130.28,1,0.099
130.29,1,0.101
130.30,1,0.105
130.31,1,0.111
130.32,1,0.108
130.33,1,0.098
130.34,1,0.093
130.35,1,0.091
130.36,1,0.082
130.37,1,0.079
130.38,1,0.081
130.39,1,0.089
130.40,1,0.098
130.41,1,0.106
130.42,1,0.109
130.43,1,0.116
130.44,1,0.117
130.45,1,0.121
130.46,1,0.128
130.47,1,0.135
130.48,1,0.137
130.49,1,0.138
130.50,1,0.132
130.51,1,0.118
130.52,1,0.109
130.53,1,0.101
130.54,1,0.095
130.55,1,0.106
130.56,1,0.115
130.57,1,0.136
130.58,1,0.158
130.59,1,0.173
130.60,1,0.188
130.61,1,0.198
130.62,1,0.197
130.63,1,0.194
130.64,1,0.170
130.65,1,0.184
130.66,1,0.169
130.67,1,0.173
130.68,1,0.188
130.69,1,0.185
130.70,1,0.169
130.71,1,0.174
130.72,1,0.177
130.73,1,0.186
130.74,1,0.210
130.75,1,0.246
130.76,1,0.268
130.77,1,0.272
130.78,1,0.271
130.79,1,0.255
130.80,1,0.236
130.81,1,0.216
130.82,1,0.194
130.83,1,0.176
130.84,1,0.158
130.85,1,0.139
130.86,1,0.128
130.87,1,0.120
130.88,1,0.114
130.89,1,0.123
130.90,1,0.128
130.91,1,0.131
130.92,1,0.139
130.93,1,0.146
130.94,1,0.166
130.95,1,0.203
130.96,1,0.233
130.97,1,0.258
130.98,1,0.316
130.99,1,0.339
131.00,1,0.274
131.01,1,0.152
131.02,1,0.149
131.03,1,0.161
131.04,1,0.168
131.05,1,0.164
131.06,1,0.165
131.07,1,0.162
131.08,1,0.155
131.09,1,0.153
131.10,1,0.167
131.11,1,0.170
131.12,1,0.171
131.13,1,0.171
131.14,1,0.148
131.15,1,0.129
131.16,1,0.122
131.17,1,0.119
131.18,1,0.113
131.19,1,0.128
131.20,1,0.146
131.21,1,0.155
131.22,1,0.161
131.23,1,0.168
131.24,1,0.178
131.25,1,0.198
131.26,1,0.222
131.27,1,0.261
131.28,1,0.282
131.29,1,0.279
131.30,1,0.283
131.31,1,0.267
131.32,1,0.243
131.33,1,0.232
131.34,1,0.193
131.35,1,0.152
131.36,1,0.152
131.37,1,0.132
131.38,1,0.130
131.39,1,0.131
131.40,1,0.140
131.41,1,0.161
131.42,1,0.184
131.43,1,0.198
131.44,1,0.202
131.45,1,0.193
131.46,1,0.173
131.47,1,0.163
131.48,1,0.154
131.49,1,0.143
131.50,1,0.136
131.51,1,0.120
131.52,1,0.099
131.53,1,0.084
131.54,1,0.078
131.55,1,0.078
131.56,1,0.079
131.57,1,0.080
131.58,1,0.079
131.59,1,0.078
131.60,1,0.078
131.61,1,0.083
131.62,1,0.084
131.63,1,0.083
131.64,1,0.085
131.65,1,0.083
131.66,1,0.082
131.67,1,0.098
131.68,1,0.113
131.69,1,0.120
131.70,1,0.138
131.71,1,0.153
131.72,1,0.154
131.73,1,0.157
131.74,1,0.160
131.75,1,0.167
131.76,1,0.167
131.77,1,0.180
131.78,1,0.203
131.79,1,0.215
131.80,1,0.214
131.81,1,0.217
131.82,1,0.207
131.83,1,0.182
131.84,1,0.166
131.85,1,0.154
131.86,1,0.137
131.87,1,0.126
131.88,1,0.127
131.89,1,0.123
131.90,1,0.123
131.91,1,0.123
131.92,1,0.127
131.93,1,0.132
131.94,1,0.142
131.95,1,0.149
131.96,1,0.154
131.97,1,0.162
131.98,1,0.173
131.99,1,0.155
132.00,1,0.143
132.01,1,0.157
132.02,1,0.162
132.03,1,0.160
132.04,1,0.180
132.05,1,0.205
132.06,1,0.208
132.07,1,0.210
132.08,1,0.217
132.09,1,0.210
132.10,1,0.197
132.11,1,0.191
132.12,1,0.188
132.13,1,0.181
132.14,1,0.167
132.15,1,0.149
132.16,1,0.137
132.17,1,0.120
132.18,1,0.109
132.19,1,0.102
132.20,1,0.096
132.21,1,0.088
132.22,1,0.081
132.23,1,0.076
132.24,1,0.082
132.25,1,0.090
132.26,1,0.094
132.27,1,0.093
132.28,1,0.089
132.29,1,0.082
132.30,1,0.082
132.31,1,0.093
132.32,1,0.108
132.33,1,0.119
132.34,1,0.131
132.35,1,0.149
132.36,1,0.167
132.37,1,0.185
132.38,1,0.211
132.39,1,0.229
132.40,1,0.236
132.41,1,0.226
132.42,1,0.197
132.43,1,0.171
132.44,1,0.168
132.45,1,0.179
132.46,1,0.198
132.47,1,0.273
132.48,1,0.399
132.49,1,0.403
132.50,1,0.534
132.51,1,0.448
132.52,1,0.386
132.53,1,0.345
132.54,1,0.330
132.55,1,0.351
132.56,1,0.361
132.57,1,0.357
132.58,1,0.317
132.59,1,0.264
132.60,1,0.133
132.61,1,0.099
132.62,1,0.073
132.63,1,0.063
132.64,1,0.066
132.65,1,0.082
132.66,1,0.101
132.67,1,0.124
132.68,1,0.148
132.69,1,0.174
132.70,1,0.196
132.71,1,0.212
132.72,1,0.224
132.73,1,0.230
132.74,1,0.243
132.75,1,0.232
132.76,1,0.226
132.77,1,0.212
132.78,1,0.161
132.79,1,0.120
132.80,1,0.097
132.81,1,0.087
132.82,1,0.084
132.83,1,0.066
132.84,1,0.060
132.85,1,0.061
132.86,1,0.067
132.87,1,0.070
132.88,1,0.071
132.89,1,0.068
132.90,1,0.059
132.91,1,0.063
132.92,1,0.069
132.93,1,0.073
132.94,1,0.078
132.95,1,0.084
132.96,1,0.086
132.97,1,0.104
132.98,1,0.112
132.99,1,0.124
133.00,1,0.144
133.01,1,0.144
133.02,1,0.149
133.03,1,0.147
133.04,1,0.149
133.05,1,0.145
133.06,1,0.136
133.07,1,0.133
133.08,1,0.131
133.09,1,0.118
133.10,1,0.118
133.11,1,0.130
133.12,1,0.136
133.13,1,0.141
133.14,1,0.152
133.15,1,0.159
133.16,1,0.152
133.17,1,0.159
133.18,1,0.158
133.19,1,0.173
133.20,1,0.204
133.21,1,0.227
133.22,1,0.262
133.23,1,0.287
133.24,1,0.377
133.25,1,0.367
133.26,1,0.119
133.27,1,0.087
133.28,1,0.070
133.29,1,0.075
133.30,1,0.072
133.31,1,0.088
133.32,1,0.108
133.33,1,0.129
133.34,1,0.161
133.35,1,0.176
133.36,1,0.179
133.37,1,0.182
133.38,1,0.168
133.39,1,0.149
133.40,1,0.160
133.41,1,0.166
133.42,1,0.148
133.43,1,0.121
133.44,1,0.107
133.45,1,0.095
133.46,1,0.095
133.47,1,0.097
133.48,1,0.098
133.49,1,0.098
133.50,1,0.098
133.51,1,0.093
133.52,1,0.094
133.53,1,0.095
133.54,1,0.096
133.55,1,0.109
133.56,1,0.130
133.57,1,0.147
133.58,1,0.170
133.59,1,0.187
133.60,1,0.163
133.61,1,0.134
133.62,1,0.124
133.63,1,0.125
133.64,1,0.132
133.65,1,0.160
133.66,1,0.181
133.67,1,0.206
133.68,1,0.228
133.69,1,0.245
133.70,1,0.240
133.71,1,0.237
133.72,1,0.222
133.73,1,0.186
133.74,1,0.168
133.75,1,0.142
133.76,1,0.124
133.77,1,0.108
133.78,1,0.097
133.79,1,0.086
133.80,1,0.087
133.81,1,0.089
133.82,1,0.087
133.83,1,0.085
133.84,1,0.083
133.85,1,0.072
133.86,1,0.066
133.87,1,0.064
133.88,1,0.069
133.89,1,0.080
133.90,1,0.105
133.91,1,0.127
133.92,1,0.145
133.93,1,0.138
133.94,1,0.146
133.95,1,0.193
133.96,1,0.218
133.97,1,0.258
133.98,1,0.301
133.99,1,0.365
134.00,1,0.418
134.01,1,0.510
134.02,1,0.484
134.03,1,0.339
134.04,1,0.270
134.05,1,0.244
134.06,1,0.228
134.07,1,0.227
134.08,1,0.224
134.09,1,0.124
134.10,1,0.110
134.11,1,0.134
134.12,1,0.153
134.13,1,0.159
134.14,1,0.170
134.15,1,0.168
134.16,1,0.145
134.17,1,0.120
134.18,1,0.112
134.19,1,0.121
134.20,1,0.131
134.21,1,0.142
134.22,1,0.167
134.23,1,0.184
134.24,1,0.171
134.25,1,0.147
134.26,1,0.133
134.27,1,0.132
134.28,1,0.153
134.29,1,0.179
134.30,1,0.216
134.31,1,0.257
134.32,1,0.279
134.33,1,0.298
134.34,1,0.311
134.35,1,0.319
134.36,1,0.313
134.37,1,0.315
134.38,1,0.308
134.39,1,0.288
134.40,1,0.268
134.41,1,0.246
134.42,1,0.228
134.43,1,0.241
134.44,1,0.245
134.45,1,0.256
134.46,1,0.278
134.47,1,0.275
134.48,1,0.272
134.49,1,0.291
134.50,1,0.340
134.51,1,0.382
134.52,1,0.527
134.53,1,0.332
134.54,1,0.150
134.55,1,0.116
134.56,1,0.116
134.57,1,0.122
134.58,1,0.138
134.59,1,0.157
134.60,1,0.169
134.61,1,0.177
134.62,1,0.180
134.63,1,0.185
134.64,1,0.220
134.65,1,0.254
134.66,1,0.298
134.67,1,0.346
134.68,1,0.373
134.69,1,0.268
134.70,1,0.216
134.71,1,0.223
134.72,1,0.228
134.73,1,0.214
134.74,1,0.120
134.75,1,0.104
134.76,1,0.097
134.77,1,0.093
134.78,1,0.097
134.79,1,0.111
134.80,1,0.111
134.81,1,0.106
134.82,1,0.108
134.83,1,0.102
134.84,1,0.096
134.85,1,0.103
134.86,1,0.113
134.87,1,0.114
134.88,1,0.109
134.89,1,0.100
134.90,1,0.090
134.91,1,0.083
134.92,1,0.093
134.93,1,0.120
134.94,1,0.139
134.95,1,0.149
134.96,1,0.172
134.97,1,0.172
134.98,1,0.175
134.99,1,0.177
135.00,1,0.180
135.01,1,0.179
135.02,1,0.183
135.03,1,0.180
135.04,1,0.171
135.05,1,0.159
135.06,1,0.162
135.07,1,0.157
135.08,1,0.168
135.09,1,0.178
135.10,1,0.182
135.11,1,0.190
135.12,1,0.190
135.13,1,0.193
135.14,1,0.193
135.15,1,0.194
135.16,1,0.183
135.17,1,0.162
135.18,1,0.158
135.19,1,0.145
135.20,1,0.127
135.21,1,0.137
135.22,1,0.153
135.23,1,0.148
135.24,1,0.160
135.25,1,0.199
135.26,1,0.217
135.27,1,0.228
135.28,1,0.242
135.29,1,0.251
135.30,1,0.239
135.31,1,0.212
135.32,1,0.189
135.33,1,0.173
135.34,1,0.170
135.35,1,0.177
135.36,1,0.201
135.37,1,0.239
135.38,1,0.285
135.39,1,0.367
135.40,1,0.407
135.41,1,0.371
135.42,1,0.309
135.43,1,0.285
135.44,1,0.295
135.45,1,0.315
135.46,1,0.327
135.47,1,0.375
135.48,1,0.485
135.49,1,0.722
135.50,1,0.947
135.51,1,1.253
135.52,1,1.015
135.53,1,0.534
135.54,1,0.305
135.55,1,0.160
135.56,1,0.137
135.57,1,0.128
135.58,1,0.128
135.59,1,0.135
135.60,1,0.149
135.61,1,0.173
135.62,1,0.178
135.63,1,0.183
135.64,1,0.188
135.65,1,0.205
135.66,1,0.242
135.67,1,0.291
135.68,1,0.331
135.69,1,0.340
135.70,1,0.333
135.71,1,0.316
135.72,1,0.300
135.73,1,0.303
135.74,1,0.338
135.75,1,0.349
135.76,1,0.351
135.77,1,0.365
135.78,1,0.319
135.79,1,0.283
135.80,1,0.286
135.81,1,0.197
135.82,1,0.130
135.83,1,0.092
135.84,1,0.086
135.85,1,0.073
135.86,1,0.075
135.87,1,0.083
135.88,1,0.128
135.89,1,0.159
135.90,1,0.185
135.91,1,0.209
135.92,1,0.224
135.93,1,0.221
135.94,1,0.201
135.95,1,0.180
135.96,1,0.170
135.97,1,0.177
135.98,1,0.181
135.99,1,0.209
136.00,1,0.227
136.01,1,0.241
136.02,1,0.225
136.03,1,0.194
136.04,1,0.156
136.05,1,0.128
136.06,1,0.096
136.07,1,0.081
136.08,1,0.081
136.09,1,0.083
136.10,1,0.089
136.11,1,0.114
136.12,1,0.145
136.13,1,0.173
136.14,1,0.268
136.15,1,0.402
136.16,1,0.576
136.17,1,0.461
136.18,1,0.190
136.19,1,0.089
136.20,1,0.113
136.21,1,0.127
136.22,1,0.137
136.23,1,0.151
136.24,1,0.181
136.25,1,0.194
136.26,1,0.198
136.27,1,0.197
136.28,1,0.197
136.29,1,0.191
136.30,1,0.188
136.31,1,0.184
136.32,1,0.189
136.33,1,0.188
136.34,1,0.166
136.35,1,0.161
136.36,1,0.147
136.37,1,0.124
136.38,1,0.118
136.39,1,0.122
136.40,1,0.127
136.41,1,0.159
136.42,1,0.179
136.43,1,0.203
136.44,1,0.242
136.45,1,0.283
136.46,1,0.290
136.47,1,0.305
136.48,1,0.313
136.49,1,0.261
136.50,1,0.214
136.51,1,0.198
136.52,1,0.160
136.53,1,0.141
136.54,1,0.145
136.55,1,0.167
136.56,1,0.163
136.57,1,0.176
136.58,1,0.182
136.59,1,0.185
136.60,1,0.197
136.61,1,0.201
136.62,1,0.197
136.63,1,0.198
136.64,1,0.193
136.65,1,0.174
136.66,1,0.161
136.67,1,0.154
136.68,1,0.137
136.69,1,0.129
136.70,1,0.118
136.71,1,0.119
136.72,1,0.114
136.73,1,0.114
136.74,1,0.104
136.75,1,0.120
136.76,1,0.121
136.77,1,0.136
136.78,1,0.148
136.79,1,0.163
136.80,1,0.183
136.81,1,0.216
136.82,1,0.227
136.83,1,0.236
136.84,1,0.230
136.85,1,0.225
136.86,1,0.210
136.87,1,0.198
136.88,1,0.198
136.89,1,0.199
136.90,1,0.192
136.91,1,0.204
136.92,1,0.209
136.93,1,0.209
136.94,1,0.210
136.95,1,0.197
136.96,1,0.187
136.97,1,0.185
136.98,1,0.167
136.99,1,0.161
137.00,1,0.133
137.01,1,0.123
137.02,1,0.116
137.03,1,0.114
137.04,1,0.113
137.05,1,0.119
137.06,1,0.110
137.07,1,0.102
137.08,1,0.104
137.09,1,0.106
137.10,1,0.115
137.11,1,0.136
137.12,1,0.146
137.13,1,0.157
137.14,1,0.176
137.15,1,0.187
137.16,1,0.190
137.17,1,0.206
137.18,1,0.165
137.19,1,0.122
137.20,1,0.112
137.21,1,0.117
137.22,1,0.132
137.23,1,0.157
137.24,1,0.191
137.25,1,0.214
137.26,1,0.219
137.27,1,0.214
137.28,1,0.193
137.29,1,0.177
137.30,1,0.174
137.31,1,0.170
137.32,1,0.170
137.33,1,0.167
137.34,1,0.159
137.35,1,0.156
137.36,1,0.154
137.37,1,0.154
137.38,1,0.163
137.39,1,0.164
137.40,1,0.164
137.41,1,0.157
137.42,1,0.150
137.43,1,0.133
137.44,1,0.132
137.45,1,0.134
137.46,1,0.134
137.47,1,0.151
137.48,1,0.167
137.49,1,0.111
137.50,1,0.083
137.51,1,0.077
137.52,1,0.073
137.53,1,0.090
137.54,1,0.110
137.55,1,0.117
137.56,1,0.121
137.57,1,0.116
137.58,1,0.110
137.59,1,0.101
137.60,1,0.098
137.61,1,0.100
137.62,1,0.109
137.63,1,0.118
137.64,1,0.124
137.65,1,0.134
137.66,1,0.143
137.67,1,0.152
137.68,1,0.152
137.69,1,0.157
137.70,1,0.187
137.71,1,0.195
137.72,1,0.227
137.73,1,0.316
137.74,1,0.344
137.75,1,0.307
137.76,1,0.341
137.77,1,0.298
137.78,1,0.271
137.79,1,0.231
137.80,1,0.227
137.81,1,0.224
137.82,1,0.177
137.83,1,0.127
137.84,1,0.112
137.85,1,0.098
137.86,1,0.088
137.87,1,0.083
137.88,1,0.081
137.89,1,0.078
137.90,1,0.076
137.91,1,0.076
137.92,1,0.082
137.93,1,0.103
137.94,1,0.128
137.95,1,0.157
137.96,1,0.188
137.97,1,0.203
137.98,1,0.206
137.99,1,0.195
138.00,1,0.171
138.01,1,0.155
138.02,1,0.150
138.03,1,0.162
138.04,1,0.199
138.05,1,0.226
138.06,1,0.224
138.07,1,0.211
138.08,1,0.199
138.09,1,0.183
138.10,1,0.167
138.11,1,0.152
138.12,1,0.138
138.13,1,0.118
138.14,1,0.102
138.15,1,0.095
138.16,1,0.093
138.17,1,0.100
138.18,1,0.124
138.19,1,0.156
138.20,1,0.191
138.21,1,0.220
138.22,1,0.227
138.23,1,0.215
138.24,1,0.193
138.25,1,0.163
138.26,1,0.144
138.27,1,0.147
138.28,1,0.160
138.29,1,0.181
138.30,1,0.198
138.31,1,0.209
138.32,1,0.220
138.33,1,0.225
138.34,1,0.215
138.35,1,0.198
138.36,1,0.172
138.37,1,0.143
138.38,1,0.116
138.39,1,0.103
138.40,1,0.108
138.41,1,0.125
138.42,1,0.146
138.43,1,0.163
138.44,1,0.166
138.45,1,0.172
138.46,1,0.176
138.47,1,0.174
138.48,1,0.177
138.49,1,0.181
138.50,1,0.180
138.51,1,0.183
138.52,1,0.183
138.53,1,0.184
138.54,1,0.183
138.55,1,0.176
138.56,1,0.162
138.57,1,0.145
138.58,1,0.132
138.59,1,0.127
138.60,1,0.128
138.61,1,0.131
138.62,1,0.130
138.63,1,0.119
138.64,1,0.111
138.65,1,0.117
138.66,1,0.143
138.67,1,0.180
138.68,1,0.222
138.69,1,0.265
138.70,1,0.297
138.71,1,0.319
138.72,1,0.327
138.73,1,0.333
138.74,1,0.328
138.75,1,0.314
138.76,1,0.298
138.77,1,0.278
138.78,1,0.269
138.79,1,0.263
138.80,1,0.264
138.81,1,0.264
138.82,1,0.275
138.83,1,0.304
138.84,1,0.334
138.85,1,0.341
138.86,1,0.332
138.87,1,0.325
138.88,1,0.304
138.89,1,0.280
138.90,1,0.261
138.91,1,0.251
138.92,1,0.250
138.93,1,0.263
138.94,1,0.288
138.95,1,0.307
138.96,1,0.321
138.97,1,0.334
138.98,1,0.330
138.99,1,0.307
139.00,1,0.281
139.01,1,0.244
139.02,1,0.201
139.03,1,0.177
139.04,1,0.171
139.05,1,0.181
139.06,1,0.208
139.07,1,0.235
139.08,1,0.254
139.09,1,0.263
139.10,1,0.263
139.11,1,0.247
139.12,1,0.229
139.13,1,0.211
139.14,1,0.201
139.15,1,0.192
139.16,1,0.195
139.17,1,0.202
139.18,1,0.245
139.19,1,0.283
139.20,1,0.312
139.21,1,0.347
139.22,1,0.363
139.23,1,0.349
139.24,1,0.328
139.25,1,0.299
139.26,1,0.260
139.27,1,0.234
139.28,1,0.226
139.29,1,0.223
139.30,1,0.221
139.31,1,0.222
139.32,1,0.234
139.33,1,0.249
139.34,1,0.258
139.35,1,0.270
139.36,1,0.279
139.37,1,0.278
139.38,1,0.262
139.39,1,0.226
139.40,1,0.202
139.41,1,0.184
139.42,1,0.170
139.43,1,0.163
139.44,1,0.205
139.45,1,0.263
139.46,1,0.340
139.47,1,0.551
139.48,1,0.866
139.49,1,0.962
139.50,1,1.088
139.51,1,1.123
139.52,1,1.033
139.53,1,0.999
139.54,1,1.021
139.55,1,1.057
139.56,1,1.244
139.57,1,1.585
139.58,1,1.434
139.59,0,
139.60,0,
139.61,0,
139.62,0,
139.63,0,
139.64,0,
139.65,0,
139.66,0,
139.67,0,
139.68,0,
139.69,0,
139.70,0,
139.71,0,
139.72,0,
139.73,0,
139.74,0,
139.75,0,
139.76,0,
139.77,0,
139.78,0,
139.79,0,
139.80,0,
139.81,0,
139.82,0,
139.83,0,
139.84,0,
139.85,0,
139.86,0,
139.87,0,
139.88,0,
139.89,0,
139.90,0,
139.91,0,
139.92,0,
139.93,0,
139.94,0,
139.95,0,
139.96,0,
139.97,0,
139.98,0,
139.99,0,
140.00,0,
140.01,0,
140.02,0,
140.03,0,
140.04,0,
140.05,0,
140.06,0,
140.07,0,
140.08,0,
140.09,0,
140.10,0,
140.11,0,
140.12,0,
140.13,0,
140.14,0,
140.15,0,
140.16,0,
140.17,0,
140.18,0,
140.19,0,
140.20,0,
140.21,0,
140.22,0,
140.23,0,
140.24,0,
140.25,0,
140.26,0,
140.27,0,
140.28,0,
140.29,0,
140.30,0,
140.31,0,
140.32,0,
140.33,0,
140.34,0,
140.35,0,
140.36,0,
140.37,0,
140.38,0,
140.39,0,
140.40,0,
140.41,0,
140.42,0,
140.43,0,
140.44,0,
140.45,0,
140.46,0,
140.47,0,
140.48,0,
140.49,0,
140.50,0,
140.51,0,
140.52,0,
140.53,0,
140.54,0,
140.55,0,
140.56,0,
140.57,0,
140.58,0,
140.59,0,
140.60,0,
140.61,0,
140.62,0,
140.63,0,
140.64,0,
140.65,0,
140.66,0,
140.67,0,
140.68,0,
140.69,0,
140.70,0,
140.71,0,
140.72,0,
140.73,0,
140.74,0,
140.75,0,
140.76,0,
140.77,0,
140.78,0,
140.79,0,
140.80,0,
140.81,0,
140.82,0,
140.83,0,
140.84,0,
140.85,0,
140.86,0,
140.87,0,
140.88,0,
140.89,0,
140.90,0,
140.91,0,
140.92,0,
140.93,0,
140.94,0,
140.95,0,
140.96,0,
140.97,0,
140.98,0,
140.99,0,
141.00,0,
141.01,0,
141.02,0,
141.03,0,
141.04,0,
141.05,0,
141.06,0,
141.07,0,
141.08,0,
141.09,0,
141.10,0,
141.11,0,
141.12,0,
141.13,0,
141.14,0,
141.15,0,
141.16,0,
141.17,0,
141.18,0,
141.19,0,
141.20,0,
141.21,0,
141.22,0,
141.23,0,
141.24,0,
141.25,0,
141.26,0,
141.27,0,
141.28,0,
141.29,0,
141.30,0,
141.31,0,
141.32,0,
141.33,0,
141.34,0,
141.35,0,
141.36,0,
141.37,0,
141.38,0,
141.39,0,
141.40,0,
141.41,0,
141.42,0,
141.43,0,
141.44,0,
141.45,0,
141.46,0,
141.47,0,
141.48,0,
141.49,0,
141.50,0,
141.51,0,
141.52,0,
141.53,0,
141.54,0,
141.55,0,
141.56,0,
141.57,0,
141.58,0,
141.59,0,
141.60,0,
141.61,0,
141.62,0,
141.63,0,
141.64,0,
141.65,0,
141.66,0,
141.67,0,
141.68,0,
141.69,0,
141.70,0,
141.71,0,
141.72,0,
141.73,0,
141.74,0,
141.75,0,
141.76,0,
141.77,0,
141.78,0,
141.79,0,
141.80,0,
141.81,0,
141.82,0,
141.83,0,
141.84,0,
141.85,0,
141.86,0,
141.87,0,
141.88,0,
141.89,0,
141.90,0,
141.91,0,
141.92,0,
141.93,0,
141.94,0,
141.95,0,
141.96,0,
141.97,0,
141.98,0,
141.99,0,
142.00,0,
142.01,0,
142.02,0,
142.03,0,
142.04,0,
142.05,0,
142.06,0,
142.07,0,
142.08,0,
142.09,0,
142.10,0,
142.11,0,
142.12,0,
142.13,0,
142.14,0,
142.15,0,
142.16,0,
142.17,0,
142.18,0,
142.19,0,
142.20,0,
142.21,0,
142.22,0,
142.23,0,
142.24,0,
142.25,0,
142.26,0,
142.27,0,
142.28,0,
142.29,0,
142.30,0,
142.31,0,
142.32,0,
142.33,0,
142.34,0,
142.35,0,
142.36,0,
142.37,0,
142.38,0,
142.39,0,
142.40,0,
142.41,0,
142.42,0,
142.43,0,
142.44,0,
142.45,0,
142.46,0,
142.47,0,
142.48,0,
142.49,0,
142.50,0,
142.51,0,
142.52,0,
142.53,0,
142.54,0,
142.55,0,
142.56,0,
142.57,0,
142.58,0,
142.59,0,
142.60,0,
142.61,0,
142.62,0,
142.63,0,
142.64,0,
142.65,0,
142.66,0,
142.67,0,
142.68,0,
142.69,0,
142.70,0,
142.71,0,
142.72,0,
142.73,0,
142.74,0,
142.75,0,
142.76,0,
142.77,0,
142.78,0,
142.79,0,
142.80,0,
142.81,0,
142.82,0,
142.83,0,
142.84,0,
142.85,0,
142.86,0,
142.87,0,
142.88,0,
142.89,0,
142.90,0,
142.91,0,
142.92,0,
142.93,0,
142.94,0,
142.95,0,
142.96,1,0.453
142.97,1,0.323
142.98,1,0.159
142.99,1,0.127
143.00,1,0.091
143.01,1,0.091
143.02,1,0.112
143.03,1,0.126
143.04,1,0.134
143.05,1,0.152
143.06,1,0.150
143.07,1,0.148
143.08,1,0.154
143.09,1,0.140
143.10,1,0.145
143.11,1,0.141
143.12,1,0.132
143.13,1,0.136
143.14,1,0.154
143.15,1,0.174
143.16,1,0.176
143.17,1,0.171
143.18,1,0.166
143.19,1,0.172
143.20,1,0.188
143.21,1,0.211
143.22,1,0.212
143.23,1,0.214
143.24,1,0.179
143.25,1,0.166
143.26,1,0.155
143.27,1,0.164
143.28,1,0.170
143.29,1,0.201
143.30,1,0.220
143.31,1,0.239
143.32,1,0.236
143.33,1,0.232
143.34,1,0.222
143.35,1,0.195
143.36,1,0.213
143.37,1,0.224
143.38,1,0.235
143.39,1,0.256
143.40,1,0.250
143.41,1,0.255
143.42,1,0.277
143.43,1,0.329
143.44,1,0.439
143.45,1,0.638
143.46,1,0.902
143.47,1,0.347
143.48,1,0.193
143.49,1,0.185
143.50,1,0.170
143.51,1,0.159
143.52,1,0.170
143.53,1,0.183
143.54,1,0.189
143.55,1,0.208
143.56,1,0.222
143.57,1,0.225
143.58,1,0.226
143.59,1,0.217
143.60,1,0.219
143.61,1,0.212
143.62,1,0.210
143.63,1,0.230
143.64,1,0.262
143.65,1,0.182
143.66,1,0.175
143.67,1,0.178
143.68,1,0.186
143.69,1,0.208
143.70,1,0.241
143.71,1,0.265
143.72,1,0.277
143.73,1,0.250
143.74,1,0.236
143.75,1,0.223
143.76,1,0.205
143.77,1,0.199
143.78,1,0.211
143.79,1,0.205
143.80,1,0.211
143.81,1,0.207
143.82,1,0.195
143.83,1,0.189
143.84,1,0.174
143.85,1,0.150
143.86,1,0.132
143.87,1,0.124
143.88,1,0.102
143.89,1,0.095
143.90,1,0.105
143.91,1,0.103
143.92,1,0.116
143.93,1,0.155
143.94,1,0.139
143.95,1,0.138
143.96,1,0.134
143.97,1,0.120
143.98,1,0.118
143.99,1,0.126
144.00,1,0.146
144.01,1,0.167
144.02,1,0.176
144.03,1,0.203
144.04,1,0.221
144.05,1,0.219
144.06,1,0.226
144.07,1,0.232
144.08,1,0.230
144.09,1,0.262
144.10,1,0.280
144.11,1,0.434
144.12,1,0.802
144.13,1,0.375
144.14,1,0.211
144.15,1,0.143
144.16,1,0.129
144.17,1,0.138
144.18,1,0.137
144.19,1,0.151
144.20,1,0.165
144.21,1,0.165
144.22,1,0.151
144.23,1,0.149
144.24,1,0.141
144.25,1,0.146
144.26,1,0.162
144.27,1,0.189
144.28,1,0.209
144.29,1,0.220
144.30,1,0.200
144.31,1,0.169
144.32,1,0.159
144.33,1,0.169
144.34,1,0.198
144.35,1,0.206
144.36,1,0.222
144.37,1,0.225
144.38,1,0.233
144.39,1,0.228
144.40,1,0.258
144.41,1,0.300
144.42,1,0.503
144.43,1,0.768
144.44,1,0.759
144.45,1,0.695
144.46,1,0.357
144.47,1,0.180
144.48,1,0.155
144.49,1,0.149
144.50,1,0.148
144.51,1,0.142
144.52,1,0.161
144.53,1,0.173
144.54,1,0.185
144.55,1,0.195
144.56,1,0.231
144.57,1,0.230
144.58,1,0.214
144.59,1,0.187
144.60,1,0.165
144.61,1,0.153
144.62,1,0.142
144.63,1,0.145
144.64,1,0.128
144.65,1,0.138
144.66,1,0.151
144.67,1,0.162
144.68,1,0.169
144.69,1,0.178
144.70,1,0.184
144.71,1,0.183
144.72,1,0.176
144.73,1,0.171
144.74,1,0.170
144.75,1,0.177
144.76,1,0.186
144.77,1,0.200
144.78,1,0.215
144.79,1,0.175
144.80,1,0.138
144.81,1,0.135
144.82,1,0.138
144.83,1,0.132
144.84,1,0.162
144.85,1,0.203
144.86,1,0.222
144.87,1,0.254
144.88,1,0.274
144.89,1,0.241
144.90,1,0.225
144.91,1,0.212
144.92,1,0.201
144.93,1,0.208
144.94,1,0.195
144.95,1,0.177
144.96,1,0.166
144.97,1,0.143
144.98,1,0.145
144.99,1,0.149
145.00,1,0.158
145.01,1,0.168
145.02,1,0.172
145.03,1,0.178
145.04,1,0.182
145.05,1,0.178
145.06,1,0.179
145.07,1,0.179
145.08,1,0.180
145.09,1,0.189
145.10,1,0.197
145.11,1,0.201
145.12,1,0.201
145.13,1,0.192
145.14,1,0.185
145.15,1,0.178
145.16,1,0.174
145.17,1,0.163
145.18,1,0.142
145.19,1,0.141
145.20,1,0.149
145.21,1,0.155
145.22,1,0.183
145.23,1,0.230
145.24,1,0.243
145.25,1,0.266
145.26,1,0.316
145.27,1,0.367
145.28,1,0.441
145.29,1,0.542
145.30,1,0.620
145.31,1,0.889
145.32,1,0.884
145.33,1,0.751
145.34,1,0.848
145.35,1,1.028
145.36,1,1.178
145.37,1,1.317
145.38,1,1.403
145.39,1,1.225
145.40,1,1.019
145.41,1,0.698
145.42,1,0.334
145.43,1,0.164
145.44,1,0.138
145.45,1,0.117
145.46,1,0.117
145.47,1,0.118
145.48,1,0.128
145.49,1,0.140
145.50,1,0.159
145.51,1,0.165
145.52,1,0.167
145.53,1,0.169
145.54,1,0.169
145.55,1,0.154
145.56,1,0.157
145.57,1,0.166
145.58,1,0.173
145.59,1,0.169
145.60,1,0.171
145.61,1,0.181
145.62,1,0.198
145.63,1,0.216
145.64,1,0.251
145.65,1,0.298
145.66,1,0.315
145.67,1,0.313
145.68,1,0.312
145.69,1,0.299
145.70,1,0.284
145.71,1,0.288
145.72,1,0.287
145.73,1,0.279
145.74,1,0.270
145.75,1,0.263
145.76,1,0.254
145.77,1,0.250
145.78,1,0.247
145.79,1,0.259
145.80,1,0.265
145.81,1,0.260
145.82,1,0.282
145.83,1,0.319
145.84,1,0.332
145.85,1,0.426
145.86,1,0.618
145.87,1,0.729
145.88,1,0.596
145.89,1,0.388
145.90,1,0.324
145.91,1,0.351
145.92,1,0.394
145.93,1,0.376
145.94,1,0.399
145.95,1,0.433
145.96,1,0.447
145.97,1,0.451
145.98,1,0.448
145.99,1,0.447
146.00,1,0.409
146.01,1,0.411
146.02,1,0.398
146.03,1,0.415
146.04,1,0.404
146.05,1,0.403
146.06,1,0.395
146.07,1,0.417
146.08,1,0.369
146.09,1,0.308
146.10,1,0.255
146.11,1,0.203
146.12,1,0.166
146.13,1,0.151
146.14,1,0.160
146.15,1,0.159
146.16,1,0.169
146.17,1,0.179
146.18,1,0.182
146.19,1,0.186
146.20,1,0.189
146.21,1,0.203
146.22,1,0.192
146.23,1,0.213
146.24,1,0.207
146.25,1,0.199
146.26,1,0.180
146.27,1,0.169
146.28,1,0.169
146.29,1,0.182
146.30,1,0.185
146.31,1,0.193
146.32,1,0.208
146.33,1,0.216
146.34,1,0.212
146.35,1,0.209
146.36,1,0.210
146.37,1,0.196
146.38,1,0.178
146.39,1,0.176
146.40,1,0.174
146.41,1,0.181
146.42,1,0.199
146.43,1,0.217
146.44,1,0.193
146.45,1,0.188
146.46,1,0.180
146.47,1,0.166
146.48,1,0.181
146.49,1,0.261
146.50,1,0.332
146.51,1,0.455
146.52,1,0.568
146.53,1,0.733
146.54,1,0.752
146.55,1,0.525
146.56,1,0.478
146.57,1,0.427
146.58,1,0.371
146.59,1,0.379
146.60,1,0.403
146.61,1,0.417
146.62,1,0.460
146.63,1,0.476
146.64,1,0.470
146.65,1,0.456
146.66,1,0.456
146.67,1,0.480
146.68,1,0.463
146.69,1,0.448
146.70,1,0.446
146.71,1,0.425
146.72,1,0.382
146.73,1,0.330
146.74,1,0.258
146.75,1,0.250
146.76,1,0.249
146.77,1,0.240
146.78,1,0.246
146.79,1,0.268
146.80,1,0.239
146.81,1,0.207
146.82,1,0.192
146.83,1,0.182
146.84,1,0.174
146.85,1,0.180
146.86,1,0.200
146.87,1,0.193
146.88,1,0.199
146.89,1,0.210
146.90,1,0.210
146.91,1,0.201
146.92,1,0.172
146.93,1,0.176
146.94,1,0.177
146.95,1,0.179
146.96,1,0.190
146.97,1,0.223
146.98,1,0.233
146.99,1,0.233
147.00,1,0.218
147.01,1,0.224
147.02,1,0.205
147.03,1,0.206
147.04,1,0.218
147.05,1,0.241
147.06,1,0.246
147.07,1,0.233
147.08,1,0.221
147.09,1,0.211
147.10,1,0.217
147.11,1,0.233
147.12,1,0.314
147.13,1,0.464
147.14,1,1.158
147.15,1,1.294
147.16,1,1.673
147.17,1,2.007
147.18,1,1.692
147.19,1,1.477
147.20,1,0.966
147.21,1,0.415
147.22,1,0.180
147.23,1,0.152
147.24,1,0.143
147.25,1,0.152
147.26,1,0.164
147.27,1,0.188
147.28,1,0.213
147.29,1,0.233
147.30,1,0.229
147.31,1,0.230
147.32,1,0.222
147.33,1,0.218
147.34,1,0.217
147.35,1,0.214
147.36,1,0.198
147.37,1,0.190
147.38,1,0.173
147.39,1,0.167
147.40,1,0.174
147.41,1,0.190
147.42,1,0.208
147.43,1,0.227
147.44,1,0.239
147.45,1,0.245
147.46,1,0.227
147.47,1,0.243
147.48,1,0.259
147.49,1,0.268
147.50,1,0.357
147.51,1,0.554
147.52,1,0.621
147.53,1,0.314
147.54,1,0.204
147.55,1,0.162
147.56,1,0.165
147.57,1,0.167
147.58,1,0.175
147.59,1,0.185
147.60,1,0.189
147.61,1,0.189
147.62,1,0.183
147.63,1,0.184
147.64,1,0.193
147.65,1,0.212
147.66,1,0.204
147.67,1,0.215
147.68,1,0.204
147.69,1,0.184
147.70,1,0.185
147.71,1,0.180
147.72,1,0.165
147.73,1,0.175
147.74,1,0.192
147.75,1,0.200
147.76,1,0.224
147.77,1,0.267
147.78,1,0.288
147.79,1,0.301
147.80,1,0.312
147.81,1,0.304
147.82,1,0.253
147.83,1,0.212
147.84,1,0.199
147.85,1,0.192
147.86,1,0.178
147.87,1,0.163
147.88,1,0.137
147.89,1,0.138
147.90,1,0.151
147.91,1,0.170
147.92,1,0.199
147.93,1,0.223
147.94,1,0.247
147.95,1,0.255
147.96,1,0.254
147.97,1,0.255
147.98,1,0.256
147.99,1,0.219
148.00,1,0.217
148.01,1,0.210
148.02,1,0.208
148.03,1,0.211
148.04,1,0.217
148.05,1,0.200
148.06,1,0.193
148.07,1,0.190
148.08,1,0.188
148.09,1,0.197
148.10,1,0.227
148.11,1,0.247
148.12,1,0.262
148.13,1,0.286
148.14,1,0.269
148.15,1,0.264
148.16,1,0.241
148.17,1,0.198
148.18,1,0.173
148.19,1,0.178
148.20,1,0.175
148.21,1,0.196
148.22,1,0.220
148.23,1,0.235
148.24,1,0.223
148.25,1,0.219
148.26,1,0.214
148.27,1,0.197
148.28,1,0.183
148.29,1,0.189
148.30,1,0.190
148.31,1,0.196
148.32,1,0.204
148.33,1,0.208
148.34,1,0.205
148.35,1,0.199
148.36,1,0.192
148.37,1,0.204
148.38,1,0.209
148.39,1,0.273
148.40,1,0.494
148.41,1,0.377
148.42,1,0.201
148.43,1,0.155
148.44,1,0.187
148.45,1,0.184
148.46,1,0.186
148.47,1,0.191
148.48,1,0.192
148.49,1,0.190
148.50,1,0.199
148.51,1,0.220
148.52,1,0.235
148.53,1,0.245
148.54,1,0.260
148.55,1,0.254
148.56,1,0.246
148.57,1,0.281
148.58,1,0.306
148.59,1,0.313
148.60,1,0.262
148.61,1,0.162
148.62,1,0.148
148.63,1,0.146
148.64,1,0.137
148.65,1,0.157
148.66,1,0.180
148.67,1,0.195
148.68,1,0.235
148.69,1,0.288
148.70,1,0.280
148.71,1,0.242
148.72,1,0.195
148.73,1,0.178
148.74,1,0.180
148.75,1,0.160
148.76,1,0.170
148.77,1,0.172
148.78,1,0.168
148.79,1,0.182
148.80,1,0.194
148.81,1,0.193
148.82,1,0.194
148.83,1,0.203
148.84,1,0.193
148.85,1,0.190
148.86,1,0.196
148.87,1,0.202
148.88,1,0.200
148.89,1,0.192
148.90,1,0.197
148.91,1,0.205
148.92,1,0.222
148.93,1,0.224
148.94,1,0.219
148.95,1,0.212
148.96,1,0.210
148.97,1,0.202
148.98,1,0.199
148.99,1,0.169
149.00,1,0.185
149.01,1,0.201
149.02,1,0.199
149.03,1,0.212
149.04,1,0.238
149.05,1,0.200
149.06,1,0.180
149.07,1,0.190
149.08,1,0.199
149.09,1,0.212
149.10,1,0.244
149.11,1,0.364
149.12,1,0.396
149.13,1,0.496
149.14,1,0.516
149.15,1,0.254
149.16,1,0.194
149.17,1,0.145
149.18,1,0.152
149.19,1,0.164
149.20,1,0.182
149.21,1,0.187
149.22,1,0.193
149.23,1,0.198
149.24,1,0.200
149.25,1,0.197
149.26,1,0.198
149.27,1,0.215
149.28,1,0.222
149.29,1,0.236
149.30,1,0.268
149.31,1,0.254
149.32,1,0.166
149.33,1,0.144
149.34,1,0.133
149.35,1,0.145
149.36,1,0.155
149.37,1,0.159
149.38,1,0.172
149.39,1,0.183
149.40,1,0.179
149.41,1,0.189
149.42,1,0.182
149.43,1,0.163
149.44,1,0.146
149.45,1,0.149
149.46,1,0.142
149.47,1,0.166
149.48,1,0.160
149.49,1,0.136
149.50,1,0.137
149.51,1,0.155
149.52,1,0.168
149.53,1,0.186
149.54,1,0.239
149.55,1,0.260
149.56,1,0.273
149.57,1,0.282
149.58,1,0.256
149.59,1,0.230
149.60,1,0.205
149.61,1,0.188
149.62,1,0.189
149.63,1,0.190
149.64,1,0.191
149.65,1,0.208
149.66,1,0.264
149.67,1,0.247
149.68,1,0.220
149.69,1,0.201
149.70,1,0.197
149.71,1,0.212
149.72,1,0.231
149.73,1,0.222
149.74,1,0.199
149.75,1,0.186
149.76,1,0.192
149.77,1,0.214
149.78,1,0.197
149.79,1,0.182
149.80,1,0.172
149.81,1,0.154
149.82,1,0.147
149.83,1,0.156
149.84,1,0.162
149.85,1,0.168
149.86,1,0.207
149.87,1,0.225
149.88,1,0.244
149.89,1,0.258
149.90,1,0.256
149.91,1,0.234
149.92,1,0.233
149.93,1,0.218
149.94,1,0.221
149.95,1,0.229
149.96,1,0.250
149.97,1,0.299
149.98,1,0.301
149.99,1,0.233
150.00,1,0.183
150.01,1,0.156
150.02,1,0.144
150.03,1,0.150
150.04,1,0.171
150.05,1,0.192
150.06,1,0.219
150.07,1,0.217
150.08,1,0.208
150.09,1,0.209
150.10,1,0.229
150.11,1,0.233
150.12,1,0.240
150.13,1,0.260
150.14,1,0.248
150.15,1,0.233
150.16,1,0.217
150.17,1,0.209
150.18,1,0.219
150.19,1,0.219
150.20,1,0.219
150.21,1,0.223
150.22,1,0.213
150.23,1,0.186
150.24,1,0.173
150.25,1,0.171
150.26,1,0.163
150.27,1,0.157
150.28,1,0.154
150.29,1,0.154
150.30,1,0.144
150.31,1,0.146
150.32,1,0.151
150.33,1,0.167
150.34,1,0.176
150.35,1,0.195
150.36,1,0.197
150.37,1,0.192
150.38,1,0.179
150.39,1,0.167
150.40,1,0.154
150.41,1,0.150
150.42,1,0.161
150.43,1,0.185
150.44,1,0.206
150.45,1,0.244
150.46,1,0.351
150.47,1,0.508
150.48,1,0.566
150.49,1,0.637
150.50,1,0.727
150.51,1,0.784
150.52,1,0.806
150.53,1,0.953
150.54,1,0.971
150.55,1,1.075
150.56,1,1.132
150.57,1,1.242
150.58,1,1.137
150.59,1,1.206
150.60,1,1.166
150.61,1,0.865
150.62,1,0.594
150.63,1,0.248
150.64,1,0.163
150.65,1,0.134
150.66,1,0.141
150.67,1,0.148
150.68,1,0.145
150.69,1,0.156
150.70,1,0.178
150.71,1,0.156
150.72,1,0.156
150.73,1,0.150
150.74,1,0.151
150.75,1,0.158
150.76,1,0.176
150.77,1,0.186
150.78,1,0.196
150.79,1,0.204
150.80,1,0.195
150.81,1,0.200
150.82,1,0.214
150.83,1,0.240
150.84,1,0.254
150.85,1,0.256
150.86,1,0.243
150.87,1,0.220
150.88,1,0.207
150.89,1,0.231
150.90,1,0.255
150.91,1,0.280
150.92,1,0.278
150.93,1,0.266
150.94,1,0.258
150.95,1,0.266
150.96,1,0.270
150.97,1,0.267
150.98,1,0.260
150.99,1,0.249
151.00,1,0.241
151.01,1,0.251
151.02,1,0.293
151.03,1,0.354
151.04,1,0.442
151.05,1,0.484
151.06,1,0.569
151.07,1,0.441
151.08,1,0.366
151.09,1,0.383
151.10,1,0.404
151.11,1,0.394
151.12,1,0.415
151.13,1,0.460
151.14,1,0.469
151.15,1,0.496
151.16,1,0.511
151.17,1,0.496
151.18,1,0.468
151.19,1,0.433
151.20,1,0.455
151.21,1,0.450
151.22,1,0.490
151.23,1,0.491
151.24,1,0.500
151.25,1,0.502
151.26,1,0.524
151.27,1,0.340
151.28,1,0.256
151.29,1,0.240
151.30,1,0.210
151.31,1,0.180
151.32,1,0.220
151.33,1,0.246
151.34,1,0.240
151.35,1,0.269
151.36,1,0.297
151.37,1,0.293
151.38,1,0.281
151.39,1,0.261
151.40,1,0.257
151.41,1,0.250
151.42,1,0.241
151.43,1,0.239
151.44,1,0.244
151.45,1,0.237
151.46,1,0.228
151.47,1,0.246
151.48,1,0.253
151.49,1,0.256
151.50,1,0.260
151.51,1,0.273
151.52,1,0.278
151.53,1,0.306
151.54,1,0.336
151.55,1,0.356
151.56,1,0.354
151.57,1,0.337
151.58,1,0.293
151.59,1,0.246
151.60,1,0.227
151.61,1,0.215
151.62,1,0.230
151.63,1,0.231
151.64,1,0.241
151.65,1,0.261
151.66,1,0.263
151.67,1,0.283
151.68,1,0.332
151.69,1,0.398
151.70,1,0.411
151.71,1,0.470
151.72,1,0.551
151.73,1,0.651
151.74,1,0.548
151.75,1,0.535
151.76,1,0.482
151.77,1,0.409
151.78,1,0.424
151.79,1,0.443
151.80,1,0.430
151.81,1,0.498
151.82,1,0.501
151.83,1,0.501
151.84,1,0.488
151.85,1,0.488
151.86,1,0.498
151.87,1,0.469
151.88,1,0.446
151.89,1,0.441
151.90,1,0.399
151.91,1,0.390
151.92,1,0.362
151.93,1,0.323
151.94,1,0.286
151.95,1,0.272
151.96,1,0.255
151.97,1,0.249
151.98,1,0.273
151.99,1,0.282
152.00,1,0.286
152.01,1,0.270
152.02,1,0.225
152.03,1,0.229
152.04,1,0.243
152.05,1,0.254
152.06,1,0.294
152.07,1,0.397
152.08,1,0.348
152.09,1,0.273
152.10,1,0.243
152.11,1,0.224
152.12,1,0.203
152.13,1,0.210
152.14,1,0.230
152.15,1,0.240
152.16,1,0.254
152.17,1,0.292
152.18,1,0.283
152.19,1,0.271
152.20,1,0.256
152.21,1,0.254
152.22,1,0.253
152.23,1,0.234
152.24,1,0.215
152.25,1,0.198
152.26,1,0.193
152.27,1,0.197
152.28,1,0.220
152.29,1,0.246
152.30,1,0.287
152.31,1,0.309
152.32,1,0.372
152.33,1,0.444
152.34,1,0.565
152.35,1,0.695
152.36,1,0.708
152.37,1,0.816
152.38,1,0.937
152.39,1,0.776
152.40,1,0.449
152.41,1,0.210
152.42,1,0.128
152.43,1,0.118
152.44,1,0.128
152.45,1,0.143
152.46,1,0.160
152.47,1,0.189
152.48,1,0.202
152.49,1,0.207
152.50,1,0.206
152.51,1,0.196
152.52,1,0.195
152.53,1,0.201
152.54,1,0.200
152.55,1,0.192
152.56,1,0.204
152.57,1,0.200
152.58,1,0.210
152.59,1,0.225
152.60,1,0.224
152.61,1,0.231
152.62,1,0.246
152.63,1,0.224
152.64,1,0.253
152.65,1,0.305
152.66,1,0.304
152.67,1,0.297
152.68,1,0.280
152.69,1,0.267
152.70,1,0.278
152.71,1,0.274
152.72,1,0.197
152.73,1,0.174
152.74,1,0.168
152.75,1,0.140
152.76,1,0.129
152.77,1,0.139
152.78,1,0.142
152.79,1,0.140
152.80,1,0.161
152.81,1,0.185
152.82,1,0.199
152.83,1,0.214
152.84,1,0.233
152.85,1,0.222
152.86,1,0.208
152.87,1,0.205
152.88,1,0.186
152.89,1,0.180
152.90,1,0.177
152.91,1,0.175
152.92,1,0.171
152.93,1,0.171
152.94,1,0.197
152.95,1,0.227
152.96,1,0.230
152.97,1,0.248
152.98,1,0.262
152.99,1,0.235
153.00,1,0.250
153.01,1,0.282
153.02,1,0.332
153.03,1,0.352
153.04,1,0.371
153.05,1,0.333
153.06,1,0.252
153.07,1,0.163
153.08,1,0.141
153.09,1,0.123
153.10,1,0.113
153.11,1,0.119
153.12,1,0.128
153.13,1,0.145
153.14,1,0.171
153.15,1,0.194
153.16,1,0.206
153.17,1,0.217
153.18,1,0.216
153.19,1,0.223
153.20,1,0.220
153.21,1,0.203
153.22,1,0.187
153.23,1,0.180
153.24,1,0.169
153.25,1,0.174
153.26,1,0.192
153.27,1,0.202
153.28,1,0.223
153.29,1,0.246
153.30,1,0.293
153.31,1,0.312
153.32,1,0.291
153.33,1,0.227
153.34,1,0.210
153.35,1,0.228
153.36,1,0.221
153.37,1,0.228
153.38,1,0.203
153.39,1,0.270
153.40,1,0.294
153.41,1,0.303
153.42,1,0.357
153.43,1,0.407
153.44,1,0.352
153.45,1,0.353
153.46,1,0.343
153.47,1,0.312
153.48,1,0.289
153.49,1,0.296
153.50,1,0.272
153.51,1,0.292
153.52,1,0.252
153.53,1,0.242
153.54,1,0.198
153.55,1,0.196
153.56,1,0.186
153.57,1,0.195
153.58,1,0.221
153.59,1,0.267
153.60,1,0.312
153.61,1,0.339
153.62,1,0.356
153.63,1,0.370
153.64,1,0.311
153.65,1,0.232
153.66,1,0.238
153.67,1,0.223
153.68,1,0.223
153.69,1,0.246
153.70,1,0.248
153.71,1,0.215
153.72,1,0.225
153.73,1,0.232
153.74,1,0.245
153.75,1,0.253
153.76,1,0.259
153.77,1,0.257
153.78,1,0.246
153.79,1,0.235
153.80,1,0.243
153.81,1,0.244
153.82,1,0.228
153.83,1,0.220
153.84,1,0.195
153.85,1,0.178
153.86,1,0.176
153.87,1,0.176
153.88,1,0.182
153.89,1,0.191
153.90,1,0.201
153.91,1,0.207
153.92,1,0.216
153.93,1,0.226
153.94,1,0.257
153.95,1,0.282
153.96,1,0.309
153.97,1,0.429
153.98,1,0.483
153.99,1,0.654
154.00,1,0.684
154.01,1,0.576
154.02,1,0.374
154.03,1,0.185
154.04,1,0.173
154.05,1,0.167
154.06,1,0.155
154.07,1,0.176
154.08,1,0.214
154.09,1,0.211
154.10,1,0.235
154.11,1,0.247
154.12,1,0.258
154.13,1,0.259
154.14,1,0.258
154.15,1,0.268
154.16,1,0.284
154.17,1,0.265
154.18,1,0.271
154.19,1,0.241
154.20,1,0.225
154.21,1,0.204
154.22,1,0.222
154.23,1,0.218
154.24,1,0.248
154.25,1,0.262
154.26,1,0.267
154.27,1,0.264
154.28,1,0.265
154.29,1,0.256
154.30,1,0.258
154.31,1,0.250
154.32,1,0.237
154.33,1,0.219
154.34,1,0.190
154.35,1,0.186
154.36,1,0.159
154.37,1,0.159
154.38,1,0.181
154.39,1,0.193
154.40,1,0.191
154.41,1,0.206
154.42,1,0.220
154.43,1,0.233
154.44,1,0.333
154.45,1,0.435
154.46,1,0.509
154.47,1,0.455
154.48,1,0.349
154.49,1,0.244
154.50,1,0.214
154.51,1,0.197
154.52,1,0.175
154.53,1,0.185
154.54,1,0.218
154.55,1,0.220
154.56,1,0.185
154.57,1,0.153
154.58,1,0.135
154.59,1,0.115
154.60,1,0.151
154.61,1,0.186
154.62,1,0.282
154.63,1,0.339
154.64,1,0.294
154.65,1,0.246
154.66,1,0.253
154.67,1,0.249
154.68,1,0.193
154.69,1,0.172
154.70,1,0.166
154.71,1,0.185
154.72,1,0.186
154.73,1,0.201
154.74,1,0.210
154.75,1,0.230
154.76,1,0.217
154.77,1,0.234
154.78,1,0.232
154.79,1,0.223
154.80,1,0.207
154.81,1,0.201
154.82,1,0.183
154.83,1,0.160
154.84,1,0.153
154.85,1,0.136
154.86,1,0.141
154.87,1,0.153
154.88,1,0.182
154.89,1,0.213
154.90,1,0.233
154.91,1,0.266
154.92,1,0.312
154.93,1,0.351
154.94,1,0.392
154.95,1,0.487
154.96,1,0.565
154.97,1,0.631
154.98,1,0.633
154.99,1,0.420
155.00,1,0.276
155.01,1,0.193
155.02,1,0.173
155.03,1,0.181
155.04,1,0.188
155.05,1,0.213
155.06,1,0.227
155.07,1,0.229
155.08,1,0.231
155.09,1,0.238
155.10,1,0.232
155.11,1,0.252
155.12,1,0.238
155.13,1,0.235
155.14,1,0.229
155.15,1,0.222
155.16,1,0.219
155.17,1,0.212
155.18,1,0.202
155.19,1,0.215
155.20,1,0.230
155.21,1,0.239
155.22,1,0.259
155.23,1,0.269
155.24,1,0.273
155.25,1,0.270
155.26,1,0.275
155.27,1,0.282
155.28,1,0.290
155.29,1,0.295
155.30,1,0.372
155.31,1,0.441
155.32,1,0.462
155.33,1,0.313
155.34,1,0.270
155.35,1,0.257
155.36,1,0.257
155.37,1,0.263
155.38,1,0.266
155.39,1,0.291
155.40,1,0.294
155.41,1,0.317
155.42,1,0.355
155.43,1,0.388
155.44,1,0.371
155.45,1,0.367
155.46,1,0.319
155.47,1,0.277
155.48,1,0.252
155.49,1,0.227
155.50,1,0.205
155.51,1,0.184
155.52,1,0.176
155.53,1,0.174
155.54,1,0.183
155.55,1,0.202
155.56,1,0.235
155.57,1,0.264
155.58,1,0.293
155.59,1,0.324
155.60,1,0.337
155.61,1,0.408
155.62,1,0.561
155.63,1,1.001
155.64,1,1.598
155.65,1,1.948
155.66,1,1.963
155.67,1,1.399
155.68,1,1.211
155.69,1,1.185
155.70,1,1.262
155.71,1,1.401
155.72,1,1.567
155.73,1,1.632
155.74,1,1.472
155.75,1,1.193
155.76,1,0.800
155.77,1,0.609
155.78,1,0.418
155.79,1,0.265
155.80,1,0.201
155.81,1,0.188
155.82,1,0.201
155.83,1,0.191
155.84,1,0.201
155.85,1,0.213
155.86,1,0.207
155.87,1,0.225
155.88,1,0.243
155.89,1,0.241
155.90,1,0.264
155.91,1,0.253
155.92,1,0.234
155.93,1,0.224
155.94,1,0.222
155.95,1,0.216
155.96,1,0.213
155.97,1,0.231
155.98,1,0.234
155.99,1,0.225
156.00,1,0.189
156.01,1,0.170
156.02,1,0.149
156.03,1,0.155
156.04,1,0.162
156.05,1,0.184
156.06,1,0.215
156.07,1,0.232
156.08,1,0.282
156.09,1,0.358
156.10,1,0.543
156.11,1,0.663
156.12,1,0.328
156.13,1,0.171
156.14,1,0.128
156.15,1,0.119
156.16,1,0.125
156.17,1,0.138
156.18,1,0.159
156.19,1,0.189
156.20,1,0.214
156.21,1,0.227
156.22,1,0.236
156.23,1,0.235
156.24,1,0.222
156.25,1,0.213
156.26,1,0.202
156.27,1,0.192
156.28,1,0.202
156.29,1,0.232
156.30,1,0.259
156.31,1,0.254
156.32,1,0.224
156.33,1,0.220
156.34,1,0.249
156.35,1,0.283
156.36,1,0.321
156.37,1,0.376
156.38,1,0.389
156.39,1,0.348
156.40,1,0.363
156.41,1,0.337
156.42,1,0.332
156.43,1,0.309
156.44,1,0.288
156.45,1,0.266
156.46,1,0.192
156.47,1,0.168
156.48,1,0.204
156.49,1,0.267
156.50,1,0.341
156.51,1,0.381
156.52,1,0.425
156.53,1,0.399
156.54,1,0.353
156.55,1,0.304
156.56,1,0.296
156.57,1,0.302
156.58,1,0.307
156.59,1,0.296
156.60,1,0.281
156.61,1,0.266
156.62,1,0.269
156.63,1,0.295
156.64,1,0.311
156.65,1,0.282
156.66,1,0.252
156.67,1,0.230
156.68,1,0.206
156.69,1,0.189
156.70,1,0.203
156.71,1,0.224
156.72,1,0.248
156.73,1,0.260
156.74,1,0.323
156.75,1,0.373
156.76,1,0.385
156.77,1,0.304
156.78,1,0.250
156.79,1,0.230
156.80,1,0.202
156.81,1,0.194
156.82,1,0.198
156.83,1,0.179
156.84,1,0.171
156.85,1,0.188
156.86,1,0.197
156.87,1,0.228
156.88,1,0.450
156.89,1,0.620
156.90,1,0.648
156.91,1,0.673
156.92,1,0.517
156.93,1,0.313
156.94,1,0.203
156.95,1,0.166
156.96,1,0.139
156.97,1,0.147
156.98,1,0.163
156.99,1,0.173
157.00,1,0.196
157.01,1,0.229
157.02,1,0.236
157.03,1,0.236
157.04,1,0.222
157.05,1,0.218
157.06,1,0.207
157.07,1,0.201
157.08,1,0.204
157.09,1,0.204
157.10,1,0.205
157.11,1,0.200
157.12,1,0.209
157.13,1,0.218
157.14,1,0.215
157.15,1,0.215
157.16,1,0.232
157.17,1,0.232
157.18,1,0.243
157.19,1,0.274
157.20,1,0.279
157.21,1,0.261
157.22,1,0.261
157.23,1,0.258
157.24,1,0.333
157.25,1,0.393
157.26,1,0.334
157.27,1,0.243
157.28,1,0.190
157.29,1,0.179
157.30,1,0.188
157.31,1,0.197
157.32,1,0.213
157.33,1,0.244
157.34,1,0.252
157.35,1,0.240
157.36,1,0.256
157.37,1,0.252
157.38,1,0.253
157.39,1,0.268
157.40,1,0.262
157.41,1,0.248
157.42,1,0.233
157.43,1,0.214
157.44,1,0.211
157.45,1,0.210
157.46,1,0.215
157.47,1,0.255
157.48,1,0.297
157.49,1,0.258
157.50,1,0.232
157.51,1,0.197
157.52,1,0.184
157.53,1,0.166
157.54,1,0.209
157.55,1,0.239
157.56,1,0.251
157.57,1,0.242
157.58,1,0.259
157.59,1,0.215
157.60,1,0.205
157.61,1,0.188
157.62,1,0.188
157.63,1,0.176
157.64,1,0.179
157.65,1,0.191
157.66,1,0.226
157.67,1,0.258
157.68,1,0.296
157.69,1,0.285
157.70,1,0.241
157.71,1,0.202
157.72,1,0.191
157.73,1,0.189
157.74,1,0.188
157.75,1,0.194
157.76,1,0.192
157.77,1,0.196
157.78,1,0.210
157.79,1,0.212
157.80,1,0.215
157.81,1,0.225
157.82,1,0.215
157.83,1,0.218
157.84,1,0.241
157.85,1,0.266
157.86,1,0.299
157.87,1,0.377
157.88,1,0.526
157.89,1,0.327
157.90,1,0.214
157.91,1,0.208
157.92,1,0.217
157.93,1,0.189
157.94,1,0.165
157.95,1,0.201
157.96,1,0.206
157.97,1,0.187
157.98,1,0.186
157.99,1,0.185
158.00,1,0.171
158.01,1,0.182
158.02,1,0.205
158.03,1,0.226
158.04,1,0.250
158.05,1,0.237
158.06,1,0.221
158.07,1,0.232
158.08,1,0.233
158.09,1,0.211
158.10,1,0.182
158.11,1,0.170
158.12,1,0.159
158.13,1,0.154
158.14,1,0.161
158.15,1,0.206
158.16,1,0.233
158.17,1,0.229
158.18,1,0.237
158.19,1,0.234
158.20,1,0.230
158.21,1,0.244
158.22,1,0.239
158.23,1,0.227
158.24,1,0.222
158.25,1,0.185
158.26,1,0.172
158.27,1,0.173
158.28,1,0.179
158.29,1,0.184
158.30,1,0.202
158.31,1,0.208
158.32,1,0.221
158.33,1,0.217
158.34,1,0.254
158.35,1,0.330
158.36,1,0.567
158.37,1,0.879
158.38,1,1.166
158.39,1,0.868
158.40,1,0.359
158.41,1,0.150
158.42,1,0.128
158.43,1,0.128
158.44,1,0.160
158.45,1,0.189
158.46,1,0.206
158.47,1,0.226
158.48,1,0.227
158.49,1,0.210
158.50,1,0.188
158.51,1,0.175
158.52,1,0.162
158.53,1,0.152
158.54,1,0.148
158.55,1,0.155
158.56,1,0.163
158.57,1,0.180
158.58,1,0.186
158.59,1,0.180
158.60,1,0.178
158.61,1,0.157
158.62,1,0.140
158.63,1,0.129
158.64,1,0.125
158.65,1,0.112
158.66,1,0.116
158.67,1,0.126
158.68,1,0.132
158.69,1,0.138
158.70,1,0.158
158.71,1,0.151
158.72,1,0.145
158.73,1,0.150
158.74,1,0.146
158.75,1,0.145
158.76,1,0.175
158.77,1,0.201
158.78,1,0.232
158.79,1,0.315
158.80,1,0.484
158.81,1,0.487
158.82,1,0.335
158.83,1,0.144
158.84,1,0.133
158.85,1,0.141
158.86,1,0.156
158.87,1,0.168
158.88,1,0.201
158.89,1,0.212
158.90,1,0.193
158.91,1,0.175
158.92,1,0.158
158.93,1,0.157
158.94,1,0.151
158.95,1,0.162
158.96,1,0.161
158.97,1,0.202
158.98,1,0.218
158.99,1,0.235
159.00,1,0.250
159.01,1,0.255
159.02,1,0.273
159.03,1,0.280
159.04,1,0.274
159.05,1,0.269
159.06,1,0.199
159.07,1,0.159
159.08,1,0.149
159.09,1,0.155
159.10,1,0.156
159.11,1,0.165
159.12,1,0.168
159.13,1,0.147
159.14,1,0.146
159.15,1,0.148
159.16,1,0.150
159.17,1,0.191
159.18,1,0.310
159.19,1,0.640
159.20,1,0.865
159.21,1,0.813
159.22,1,0.301
159.23,1,0.165
159.24,1,0.160
159.25,1,0.172
159.26,1,0.178
159.27,1,0.188
159.28,1,0.220
159.29,1,0.237
159.30,1,0.228
159.31,1,0.226
159.32,1,0.266
159.33,1,0.354
159.34,1,0.657
159.35,1,1.203
159.36,1,0.796
159.37,1,0.396
159.38,1,0.271
159.39,1,0.210
159.40,1,0.172
159.41,1,0.162
159.42,1,0.152
159.43,1,0.152
159.44,1,0.181
159.45,1,0.285
159.46,1,0.477
159.47,1,0.348
159.48,1,0.242
159.49,1,0.251
159.50,1,0.251
159.51,1,0.260
159.52,1,0.294
159.53,1,0.343
159.54,1,0.204
159.55,1,0.151
159.56,1,0.149
159.57,1,0.166
159.58,1,0.179
159.59,1,0.180
159.60,1,0.178
159.61,1,0.180
159.62,1,0.172
159.63,1,0.193
159.64,1,0.230
159.65,1,0.270
159.66,1,0.269
159.67,1,0.254
159.68,1,0.222
159.69,1,0.225
159.70,1,0.219
159.71,1,0.246
159.72,1,0.301
159.73,1,0.320
159.74,1,0.339
159.75,1,0.409
159.76,1,0.419
159.77,1,0.496
159.78,1,0.541
159.79,1,0.543
159.80,1,0.523
159.81,1,0.500
159.82,1,0.422
159.83,1,0.323
159.84,1,0.283
159.85,1,0.239
159.86,1,0.186
159.87,1,0.168
159.88,1,0.143
159.89,1,0.131
159.90,1,0.121
159.91,1,0.127
159.92,1,0.137
159.93,1,0.156
159.94,1,0.167
159.95,1,0.160
159.96,1,0.158
159.97,1,0.148
159.98,1,0.144
159.99,1,0.139
160.00,1,0.170
160.01,1,0.198
160.02,1,0.238
160.03,1,0.317
160.04,1,0.404
160.05,1,0.510
160.06,1,0.586
160.07,1,0.524
160.08,1,0.291
160.09,1,0.227
160.10,1,0.202
160.11,1,0.193
160.12,1,0.207
160.13,1,0.182
160.14,1,0.168
160.15,1,0.163
160.16,1,0.159
160.17,1,0.157
160.18,1,0.190
160.19,1,0.215
160.20,1,0.231
160.21,1,0.258
160.22,1,0.246
160.23,1,0.231
160.24,1,0.208
160.25,1,0.234
160.26,1,0.237
160.27,1,0.241
160.28,1,0.260
160.29,1,0.244
160.30,1,0.236
160.31,1,0.231
160.32,1,0.233
160.33,1,0.267
160.34,1,0.280
160.35,1,0.257
160.36,1,0.224
160.37,1,0.203
160.38,1,0.164
160.39,1,0.155
160.40,1,0.160
160.41,1,0.170
160.42,1,0.195
160.43,1,0.227
160.44,1,0.225
160.45,1,0.226
160.46,1,0.236
160.47,1,0.210
160.48,1,0.194
160.49,1,0.206
160.50,1,0.198
160.51,1,0.187
160.52,1,0.170
160.53,1,0.140
160.54,1,0.134
160.55,1,0.138
160.56,1,0.144
160.57,1,0.161
160.58,1,0.184
160.59,1,0.185
160.60,1,0.189
160.61,1,0.195
160.62,1,0.188
160.63,1,0.192
160.64,1,0.199
160.65,1,0.201
160.66,1,0.207
160.67,1,0.216
160.68,1,0.241
160.69,1,0.237
160.70,1,0.237
160.71,1,0.238
160.72,1,0.247
160.73,1,0.230
160.74,1,0.237
160.75,1,0.243
160.76,1,0.256
160.77,1,0.261
160.78,1,0.270
160.79,1,0.284
160.80,1,0.300
160.81,1,0.296
160.82,1,0.268
160.83,1,0.234
160.84,1,0.186
160.85,1,0.175
160.86,1,0.177
160.87,1,0.184
160.88,1,0.189
160.89,1,0.208
160.90,1,0.206
160.91,1,0.215
160.92,1,0.225
160.93,1,0.254
160.94,1,0.300
160.95,1,0.342
160.96,1,0.352
160.97,1,0.359
160.98,1,0.330
160.99,1,0.285
161.00,1,0.272
161.01,1,0.269
161.02,1,0.269
161.03,1,0.296
161.04,1,0.396
161.05,1,0.440
161.06,1,0.457
161.07,1,0.472
161.08,1,0.471
161.09,1,0.542
161.10,1,0.635
161.11,1,0.723
161.12,1,0.755
161.13,1,0.642
161.14,1,0.385
161.15,1,0.356
161.16,1,0.252
161.17,1,0.195
161.18,1,0.151
161.19,1,0.142
161.20,1,0.157
161.21,1,0.170
161.22,1,0.178
161.23,1,0.183
161.24,1,0.175
161.25,1,0.170
161.26,1,0.177
161.27,1,0.172
161.28,1,0.193
161.29,1,0.232
161.30,1,0.261
161.31,1,0.310
161.32,1,0.442
161.33,1,0.356
161.34,1,0.232
161.35,1,0.166
161.36,1,0.206
161.37,1,0.223
161.38,1,0.232
161.39,1,0.261
161.40,1,0.286
161.41,1,0.292
161.42,1,0.287
161.43,1,0.283
161.44,1,0.242
161.45,1,0.203
161.46,1,0.172
161.47,1,0.155
161.48,1,0.149
161.49,1,0.151
161.50,1,0.154
161.51,1,0.183
161.52,1,0.210
161.53,1,0.241
161.54,1,0.263
161.55,1,0.269
161.56,1,0.260
161.57,1,0.253
161.58,1,0.246
161.59,1,0.253
161.60,1,0.254
161.61,1,0.261
161.62,1,0.250
161.63,1,0.253
161.64,1,0.252
161.65,1,0.231
161.66,1,0.196
161.67,1,0.177
161.68,1,0.214
161.69,1,0.214
161.70,1,0.220
161.71,1,0.251
161.72,1,0.241
161.73,1,0.234
161.74,1,0.255
161.75,1,0.222
161.76,1,0.212
161.77,1,0.203
161.78,1,0.181
161.79,1,0.165
161.80,1,0.182
161.81,1,0.190
161.82,1,0.193
161.83,1,0.212
161.84,1,0.208
161.85,1,0.199
161.86,1,0.198
161.87,1,0.195
161.88,1,0.192
161.89,1,0.213
161.90,1,0.226
161.91,1,0.228
161.92,1,0.236
161.93,1,0.247
161.94,1,0.229
161.95,1,0.194
161.96,1,0.194
161.97,1,0.171
161.98,1,0.175
161.99,1,0.212
162.00,1,0.247
162.01,1,0.258
162.02,1,0.282
162.03,1,0.276
162.04,1,0.250
162.05,1,0.249
162.06,1,0.245
162.07,1,0.240
162.08,1,0.246
162.09,1,0.270
162.10,1,0.234
162.11,1,0.272
162.12,1,0.282
162.13,1,0.322
162.14,1,0.282
162.15,1,0.294
162.16,1,0.272
162.17,1,0.249
162.18,1,0.226
162.19,1,0.229
162.20,1,0.217
162.21,1,0.206
162.22,1,0.210
162.23,1,0.233
162.24,1,0.239
162.25,1,0.263
162.26,1,0.271
162.27,1,0.338
162.28,1,0.307
162.29,1,0.295
162.30,1,0.279
162.31,1,0.272
162.32,1,0.215
162.33,1,0.192
162.34,1,0.177
162.35,1,0.166
162.36,1,0.150
162.37,1,0.147
162.38,1,0.150
162.39,1,0.144
162.40,1,0.154
162.41,1,0.151
162.42,1,0.148
162.43,1,0.150
162.44,1,0.175
162.45,1,0.182
162.46,1,0.225
162.47,1,0.317
162.48,1,0.430
162.49,1,0.491
162.50,1,0.523
162.51,1,0.553
162.52,1,0.673
162.53,1,0.798
162.54,1,0.861
162.55,1,0.989
162.56,1,1.138
162.57,1,1.086
162.58,1,0.878
162.59,1,0.696
162.60,1,0.378
162.61,1,0.293
162.62,1,0.250
162.63,1,0.194
162.64,1,0.153
162.65,1,0.137
162.66,1,0.128
162.67,1,0.122
162.68,1,0.123
162.69,1,0.129
162.70,1,0.133
162.71,1,0.134
162.72,1,0.134
162.73,1,0.131
162.74,1,0.133
162.75,1,0.131
162.76,1,0.125
162.77,1,0.119
162.78,1,0.126
162.79,1,0.134
162.80,1,0.139
162.81,1,0.164
162.82,1,0.171
162.83,1,0.156
162.84,1,0.145
162.85,1,0.143
162.86,1,0.128
162.87,1,0.141
162.88,1,0.180
162.89,1,0.265
162.90,1,0.314
162.91,1,0.518
162.92,1,0.723
162.93,1,0.641
162.94,1,0.417
162.95,1,0.248
162.96,1,0.204
162.97,1,0.243
162.98,1,0.216
162.99,1,0.189
163.00,1,0.166
163.01,1,0.144
163.02,1,0.135
163.03,1,0.125
163.04,1,0.136
163.05,1,0.178
163.06,1,0.202
163.07,1,0.201
163.08,1,0.155
163.09,1,0.127
163.10,1,0.119
163.11,1,0.136
163.12,1,0.167
163.13,1,0.195
163.14,1,0.205
163.15,1,0.204
163.16,1,0.205
163.17,1,0.193
163.18,1,0.207
163.19,1,0.206
163.20,1,0.190
163.21,1,0.177
163.22,1,0.163
163.23,1,0.154
163.24,1,0.153
163.25,1,0.164
163.26,1,0.162
163.27,1,0.154
163.28,1,0.148
163.29,1,0.133
163.30,1,0.125
163.31,1,0.118
163.32,1,0.126
163.33,1,0.164
163.34,1,0.202
163.35,1,0.255
163.36,1,0.309
163.37,1,0.297
163.38,1,0.269
163.39,1,0.245
163.40,1,0.213
163.41,1,0.211
163.42,1,0.243
163.43,1,0.234
163.44,1,0.221
163.45,1,0.198
163.46,1,0.176
163.47,1,0.170
163.48,1,0.180
163.49,1,0.203
163.50,1,0.219
163.51,1,0.210
163.52,1,0.213
163.53,1,0.211
163.54,1,0.199
163.55,1,0.199
163.56,1,0.210
163.57,1,0.220
163.58,1,0.228
163.59,1,0.231
163.60,1,0.216
163.61,1,0.218
163.62,1,0.199
163.63,1,0.186
163.64,1,0.177
163.65,1,0.169
163.66,1,0.169
163.67,1,0.182
163.68,1,0.191
163.69,1,0.205
163.70,1,0.248
163.71,1,0.259
163.72,1,0.272
163.73,1,0.258
163.74,1,0.255
163.75,1,0.188
163.76,1,0.189
163.77,1,0.177
163.78,1,0.171
163.79,1,0.159
163.80,1,0.174
163.81,1,0.174
163.82,1,0.187
163.83,1,0.202
163.84,1,0.220
163.85,1,0.223
163.86,1,0.211
163.87,1,0.190
163.88,1,0.182
163.89,1,0.173
163.90,1,0.174
163.91,1,0.174
163.92,1,0.174
163.93,1,0.167
163.94,1,0.160
163.95,1,0.162
163.96,1,0.183
163.97,1,0.196
163.98,1,0.193
163.99,1,0.182
164.00,1,0.149
164.01,1,0.131
164.02,1,0.115
164.03,1,0.114
164.04,1,0.122
164.05,1,0.137
164.06,1,0.154
164.07,1,0.162
164.08,1,0.161
164.09,1,0.159
164.10,1,0.164
164.11,1,0.165
164.12,1,0.169
164.13,1,0.177
164.14,1,0.183
164.15,1,0.187
164.16,1,0.178
164.17,1,0.180
164.18,1,0.176
164.19,1,0.180
164.20,1,0.192
164.21,1,0.212
164.22,1,0.229
164.23,1,0.236
164.24,1,0.231
164.25,1,0.220
164.26,1,0.208
164.27,1,0.194
164.28,1,0.186
164.29,1,0.182
164.30,1,0.178
164.31,1,0.176
164.32,1,0.179
164.33,1,0.183
164.34,1,0.192
164.35,1,0.205
164.36,1,0.222
164.37,1,0.237
164.38,1,0.255
164.39,1,0.269
164.40,1,0.275
164.41,1,0.271
164.42,1,0.263
164.43,1,0.254
164.44,1,0.250
164.45,1,0.259
164.46,1,0.284
164.47,1,0.309
164.48,1,0.324
164.49,1,0.315
164.50,1,0.279
164.51,1,0.239
164.52,1,0.208
164.53,1,0.191
164.54,1,0.193
164.55,1,0.192
164.56,1,0.182
164.57,1,0.169
164.58,1,0.157
164.59,1,0.150
164.60,1,0.152
164.61,1,0.165
164.62,1,0.177
164.63,1,0.194
164.64,1,0.209
164.65,1,0.211
164.66,1,0.201
164.67,1,0.195
164.68,1,0.192
164.69,1,0.199
164.70,1,0.212
164.71,1,0.218
164.72,1,0.217
164.73,1,0.218
164.74,1,0.217
164.75,1,0.224
164.76,1,0.257
164.77,1,0.269
164.78,1,0.275
164.79,1,0.281
164.80,1,0.279
164.81,1,0.275
164.82,1,0.286
164.83,1,0.260
164.84,1,0.236
164.85,1,0.187
164.86,1,0.165
164.87,1,0.170
164.88,1,0.188
164.89,1,0.199
164.90,1,0.256
164.91,1,0.290
164.92,1,0.292
164.93,1,0.320
164.94,1,0.363
164.95,1,0.408
164.96,1,0.550
164.97,1,0.628
164.98,1,0.579
164.99,1,0.562
165.00,1,0.551
165.01,1,0.557
165.02,1,0.635
165.03,1,0.642
165.04,1,0.616
165.05,1,0.547
165.06,1,0.495
165.07,1,0.456
165.08,1,0.484
165.09,1,0.516
165.10,1,0.515
165.11,1,0.505
165.12,1,0.488
165.13,1,0.463
165.14,1,0.427
165.15,1,0.411
165.16,1,0.386
165.17,1,0.367
165.18,1,0.348
165.19,1,0.358
165.20,1,0.413
165.21,0,
165.22,0,
165.23,0,
165.24,0,
165.25,0,
165.26,0,
165.27,0,
165.28,0,
165.29,0,
165.30,0,
165.31,0,
165.32,0,
165.33,0,
165.34,0,
165.35,0,
165.36,0,
165.37,0,
165.38,0,
165.39,0,
165.40,0,
165.41,0,
165.42,0,
165.43,0,
165.44,0,
165.45,0,
165.46,0,
165.47,0,
165.48,0,
165.49,0,
165.50,0,
165.51,0,
165.52,0,
165.53,0,
165.54,0,
165.55,0,
165.56,0,
165.57,0,
165.58,0,
165.59,0,
165.60,0,
165.61,0,
165.62,0,
165.63,0,
165.64,0,
165.65,0,
165.66,0,
165.67,0,
165.68,0,
165.69,0,
165.70,0,
165.71,0,
165.72,0,
165.73,0,
165.74,0,
165.75,0,
165.76,0,
165.77,0,
165.78,0,
165.79,0,
165.80,0,
165.81,0,
165.82,0,
165.83,0,
165.84,0,
165.85,0,
165.86,0,
165.87,0,
165.88,0,
165.89,0,
165.90,0,
165.91,0,
165.92,0,
165.93,0,
165.94,0,
165.95,0,
165.96,0,
165.97,0,
165.98,0,
165.99,0,
166.00,0,
166.01,0,
166.02,0,
166.03,0,
166.04,0,
166.05,0,
166.06,0,
166.07,0,
166.08,0,
166.09,0,
166.10,0,
166.11,0,
166.12,0,
166.13,0,
166.14,0,
166.15,0,
166.16,0,
166.17,0,
166.18,0,
166.19,0,
166.20,0,
166.21,0,
166.22,0,
166.23,0,
166.24,0,
166.25,0,
166.26,0,
166.27,0,
166.28,0,
166.29,0,
166.30,0,
166.31,0,
166.32,0,
166.33,0,
166.34,0,
166.35,0,
166.36,0,
166.37,0,
166.38,0,
166.39,0,
166.40,0,
166.41,0,
166.42,0,
166.43,0,
166.44,0,
166.45,0,
166.46,0,
166.47,0,
166.48,0,
166.49,0,
166.50,0,
166.51,0,
166.52,0,
166.53,0,
166.54,0,
166.55,0,
166.56,0,
166.57,0,
166.58,0,
166.59,0,
166.60,0,
166.61,0,
166.62,0,
166.63,0,
166.64,0,
166.65,0,
166.66,0,
166.67,0,
166.68,0,
166.69,0,
166.70,0,
166.71,0,
166.72,0,
166.73,0,
166.74,0,
166.75,0,
166.76,0,
166.77,0,
166.78,0,
166.79,0,
166.80,0,
166.81,0,
166.82,0,
166.83,0,
166.84,0,
166.85,0,
166.86,0,
166.87,0,
166.88,0,
166.89,0,
166.90,0,
166.91,0,
166.92,0,
166.93,0,
166.94,0,
166.95,0,
166.96,0,
166.97,0,
166.98,0,
166.99,0,
167.00,0,
167.01,0,
167.02,0,
167.03,0,
167.04,0,
167.05,0,
167.06,0,
167.07,0,
167.08,0,
167.09,0,
167.10,0,
167.11,0,
167.12,0,
167.13,0,
167.14,0,
167.15,0,
167.16,0,
167.17,0,
167.18,0,
167.19,0,
167.20,0,
167.21,0,
167.22,0,
167.23,0,
167.24,0,
167.25,0,
167.26,0,
167.27,0,
167.28,0,
167.29,0,
167.30,0,
167.31,0,
167.32,0,
167.33,0,
167.34,0,
167.35,0,
167.36,0,
167.37,0,
167.38,0,
167.39,0,
167.40,0,
167.41,0,
167.42,0,
167.43,0,
167.44,0,
167.45,0,
167.46,0,
167.47,0,
167.48,0,
167.49,0,
167.50,0,
167.51,0,
167.52,0,
167.53,0,
167.54,0,
167.55,0,
167.56,0,
167.57,0,
167.58,0,
167.59,0,
167.60,0,
167.61,0,
167.62,0,
167.63,0,
167.64,0,
167.65,0,
167.66,0,
167.67,0,
167.68,0,
167.69,0,
167.70,0,
167.71,0,
167.72,0,
167.73,0,
167.74,0,
167.75,0,
167.76,0,
167.77,0,
167.78,0,
167.79,0,
167.80,0,
167.81,0,
167.82,0,
167.83,0,
167.84,0,
167.85,0,
167.86,0,
167.87,0,
167.88,0,
167.89,0,
167.90,0,
167.91,0,
167.92,0,
167.93,0,
167.94,0,
167.95,0,
167.96,0,
167.97,0,
167.98,0,
167.99,0,
168.00,0,
168.01,0,
168.02,0,
168.03,0,
168.04,0,
168.05,0,
168.06,0,
168.07,0,
168.08,0,
168.09,0,
168.10,0,
168.11,0,
168.12,0,
168.13,0,
168.14,0,
168.15,0,
168.16,0,
168.17,0,
168.18,0,
168.19,0,
168.20,0,
168.21,0,
168.22,0,
168.23,0,
168.24,0,
168.25,0,
168.26,0,
168.27,0,
168.28,0,
168.29,0,
168.30,0,
168.31,0,
168.32,0,
168.33,0,
168.34,0,
168.35,0,
168.36,0,
168.37,0,
168.38,0,
168.39,0,
168.40,0,
168.41,0,
168.42,0,
168.43,0,
168.44,0,
168.45,0,
168.46,0,
168.47,0,
168.48,0,
168.49,0,
168.50,0,
168.51,0,
168.52,0,
168.53,0,
168.54,0,
168.55,0,
168.56,0,
168.57,0,
168.58,0,
168.59,0,
168.60,0,
168.61,0,
168.62,0,
168.63,0,
168.64,0,
168.65,0,
168.66,0,
168.67,0,
168.68,0,
168.69,0,
168.70,0,
168.71,0,
168.72,0,
168.73,0,
168.74,0,
168.75,0,
168.76,0,
168.77,0,
168.78,0,
168.79,0,
168.80,0,
168.81,0,
168.82,0,
168.83,0,
168.84,0,
168.85,0,
168.86,0,
168.87,0,
168.88,0,
168.89,0,
168.90,0,
168.91,0,
168.92,0,
168.93,0,
168.94,0,
168.95,0,
168.96,0,
168.97,0,
168.98,0,
168.99,0,
169.00,0,
169.01,0,
169.02,0,
169.03,0,
169.04,0,
169.05,0,
169.06,0,
169.07,0,
169.08,0,
169.09,0,
169.10,0,
169.11,0,
169.12,0,
169.13,0,
169.14,0,
169.15,0,
169.16,0,
169.17,0,
169.18,0,
169.19,0,
169.20,0,
169.21,0,
169.22,0,
169.23,0,
169.24,0,
169.25,0,
169.26,0,
169.27,0,
169.28,0,
169.29,0,
169.30,0,
169.31,0,
169.32,0,
169.33,0,
169.34,0,
169.35,0,
169.36,0,
169.37,0,
169.38,0,
169.39,0,
169.40,0,
169.41,0,
169.42,0,
169.43,0,
169.44,0,
169.45,0,
169.46,0,
169.47,0,
169.48,0,
169.49,0,
169.50,0,
169.51,0,
169.52,0,
169.53,0,
169.54,0,
169.55,0,
169.56,0,
169.57,0,
169.58,0,
169.59,0,
169.60,0,
169.61,0,
169.62,0,
169.63,0,
169.64,0,
169.65,0,
169.66,0,
169.67,0,
169.68,0,
169.69,0,
169.70,0,
169.71,0,
169.72,0,
169.73,0,
169.74,0,
169.75,0,
169.76,0,
169.77,0,
169.78,0,
169.79,0,
169.80,0,
169.81,0,
169.82,0,
169.83,0,
169.84,0,
169.85,0,
169.86,0,
169.87,0,
169.88,0,
169.89,0,
169.90,0,
169.91,0,
169.92,0,
169.93,0,
169.94,0,
169.95,0,
169.96,0,
169.97,0,
169.98,0,
169.99,0,
170.00,0,
170.01,0,
170.02,0,
170.03,0,
170.04,0,
170.05,0,
170.06,0,
170.07,0,
170.08,0,
170.09,0,
170.10,0,
170.11,0,
170.12,0,
170.13,0,
170.14,0,
170.15,0,
170.16,0,
170.17,0,
170.18,0,
170.19,0,
170.20,0,
170.21,0,
170.22,0,
170.23,0,
170.24,0,
170.25,0,
170.26,0,
170.27,0,
170.28,0,
170.29,0,
170.30,0,
170.31,0,
170.32,0,
170.33,0,
170.34,0,
170.35,0,
170.36,0,
170.37,0,
170.38,0,
170.39,0,
170.40,0,
170.41,0,
170.42,0,
170.43,0,
170.44,0,
170.45,0,
170.46,0,
170.47,0,
170.48,0,
170.49,0,
170.50,0,
170.51,0,
170.52,0,
170.53,0,
170.54,0,
170.55,0,
170.56,0,
170.57,0,
170.58,0,
170.59,0,
170.60,0,
170.61,0,
170.62,0,
170.63,0,
170.64,0,
170.65,0,
170.66,0,
170.67,0,
170.68,0,
170.69,0,
170.70,0,
170.71,0,
170.72,0,
170.73,0,
170.74,0,
170.75,0,
170.76,0,
170.77,0,
170.78,0,
170.79,0,
170.80,0,
170.81,0,
170.82,0,
170.83,0,
170.84,0,
170.85,0,
170.86,0,
170.87,0,
170.88,0,
170.89,0,
170.90,0,
170.91,0,
170.92,0,
170.93,0,
170.94,0,
170.95,0,
170.96,0,
170.97,0,
170.98,0,
170.99,0,
171.00,0,
171.01,0,
171.02,0,
171.03,0,
171.04,0,
171.05,0,
171.06,0,
171.07,0,
171.08,0,
171.09,0,
171.10,0,
171.11,0,
171.12,0,
171.13,0,
171.14,0,
171.15,0,
171.16,0,
171.17,0,
171.18,0,
171.19,0,
171.20,0,
171.21,0,
171.22,0,
171.23,0,
171.24,0,
171.25,0,
171.26,0,
171.27,0,
171.28,0,
171.29,0,
171.30,0,
171.31,0,
171.32,0,
171.33,0,
171.34,0,
171.35,0,
171.36,0,
171.37,0,
171.38,0,
171.39,0,
171.40,0,
171.41,0,
171.42,0,
171.43,0,
171.44,0,
171.45,0,
171.46,0,
171.47,0,
171.48,0,
171.49,0,
171.50,0,
171.51,0,
171.52,0,
171.53,0,
171.54,0,
171.55,0,
171.56,0,
171.57,0,
171.58,0,
171.59,0,
171.60,0,
171.61,0,
171.62,0,
171.63,0,
171.64,0,
171.65,0,
171.66,0,
171.67,0,
171.68,0,
171.69,0,
171.70,0,
171.71,0,
171.72,0,
171.73,0,
171.74,0,
171.75,0,
171.76,0,
171.77,0,
171.78,0,
171.79,0,
171.80,0,
171.81,0,
171.82,0,
171.83,0,
171.84,0,
171.85,0,
171.86,0,
171.87,0,
171.88,0,
171.89,0,
171.90,0,
171.91,0,
171.92,0,
171.93,0,
171.94,0,
171.95,0,
171.96,0,
171.97,0,
171.98,0,
171.99,0,
172.00,0,
172.01,0,
172.02,0,
172.03,0,
172.04,0,
172.05,0,
172.06,0,
172.07,0,
172.08,0,
172.09,0,
172.10,0,
172.11,0,
172.12,0,
172.13,0,
172.14,0,
172.15,0,
172.16,0,
172.17,0,
172.18,0,
172.19,0,
172.20,0,
172.21,0,
172.22,0,
172.23,0,
172.24,0,
172.25,0,
172.26,0,
172.27,0,
172.28,0,
172.29,0,
172.30,0,
172.31,0,
172.32,0,
172.33,0,
172.34,0,
172.35,0,
172.36,0,
172.37,0,
172.38,0,
172.39,0,
172.40,0,
172.41,0,
172.42,0,
172.43,0,
172.44,0,
172.45,0,
172.46,0,
172.47,0,
172.48,0,
172.49,0,
172.50,0,
172.51,0,
172.52,0,
172.53,0,
172.54,0,
172.55,0,
172.56,0,
172.57,0,
172.58,0,
172.59,0,
172.60,0,
172.61,0,
172.62,0,
172.63,0,
172.64,0,
172.65,0,
172.66,0,
172.67,0,
172.68,0,
172.69,0,
172.70,0,
172.71,0,
172.72,0,
172.73,0,
172.74,0,
172.75,0,
172.76,0,
172.77,0,
172.78,0,
172.79,0,
172.80,0,
172.81,0,
172.82,0,
172.83,0,
172.84,0,
172.85,0,
172.86,0,
172.87,0,
172.88,0,
172.89,0,
172.90,0,
172.91,0,
172.92,0,
172.93,0,
172.94,0,
172.95,0,
172.96,0,
172.97,0,
172.98,0,
172.99,0,
173.00,0,
173.01,0,
173.02,0,
173.03,0,
173.04,0,
173.05,0,
173.06,0,
173.07,0,
173.08,0,
173.09,0,
173.10,0,
173.11,0,
173.12,0,
173.13,0,
173.14,0,
173.15,0,
173.16,0,
173.17,0,
173.18,0,
173.19,0,
173.20,0,
173.21,0,
173.22,0,
173.23,0,
173.24,0,
173.25,0,
173.26,0,
173.27,0,
173.28,0,
173.29,0,
173.30,0,
173.31,0,
173.32,0,
173.33,0,
173.34,0,
173.35,0,
173.36,0,
173.37,0,
173.38,0,
173.39,0,
173.40,0,
173.41,0,
173.42,0,
173.43,0,
173.44,0,
173.45,0,
173.46,0,
173.47,0,
173.48,0,
173.49,0,
173.50,0,
173.51,0,
173.52,0,
173.53,0,
173.54,0,
173.55,0,
173.56,0,
173.57,0,
173.58,0,
173.59,0,
173.60,0,
173.61,0,
173.62,0,
173.63,0,
173.64,0,
173.65,0,
173.66,0,
173.67,0,
173.68,0,
173.69,0,
173.70,0,
173.71,0,
173.72,0,
173.73,0,
173.74,0,
173.75,0,
173.76,0,
173.77,0,
173.78,0,
173.79,0,
173.80,0,
173.81,0,
173.82,0,
173.83,0,
173.84,0,
173.85,0,
173.86,0,
173.87,0,
173.88,0,
173.89,0,
173.90,0,
173.91,0,
173.92,0,
173.93,0,
173.94,0,
173.95,0,
173.96,0,
173.97,0,
173.98,0,
173.99,0,
174.00,0,
174.01,0,
174.02,0,
174.03,0,
174.04,0,
174.05,0,
174.06,0,
174.07,0,
174.08,0,
174.09,0,
174.10,0,
174.11,0,
174.12,0,
174.13,0,
174.14,0,
174.15,0,
174.16,0,
174.17,0,
174.18,0,
174.19,0,
174.20,0,
174.21,0,
174.22,0,
174.23,0,
174.24,0,
174.25,0,
174.26,0,
174.27,0,
174.28,0,
174.29,0,
174.30,0,
174.31,0,
174.32,0,
174.33,0,
174.34,0,
174.35,0,
174.36,0,
174.37,0,
174.38,0,
174.39,0,
174.40,0,
174.41,0,
174.42,0,
174.43,0,
174.44,0,
174.45,0,
174.46,0,
174.47,0,
174.48,0,
174.49,0,
174.50,0,
174.51,0,
174.52,0,
174.53,0,
174.54,0,
174.55,0,
174.56,0,
174.57,0,
174.58,0,
174.59,0,
174.60,0,
174.61,0,
174.62,0,
174.63,0,
174.64,0,
174.65,0,
174.66,0,
174.67,0,
174.68,0,
174.69,0,
174.70,0,
174.71,0,
174.72,0,
174.73,0,
174.74,0,
174.75,0,
174.76,0,
174.77,0,
174.78,0,
174.79,0,
174.80,0,
174.81,0,
174.82,0,
174.83,0,
174.84,0,
174.85,0,
174.86,0,
174.87,0,
174.88,0,
174.89,0,
174.90,0,
174.91,0,
174.92,0,
174.93,0,
174.94,0,
174.95,0,
174.96,0,
174.97,0,
174.98,0,
174.99,0,
175.00,0,
175.01,0,
175.02,0,
175.03,0,
175.04,0,
175.05,0,
175.06,0,
175.07,0,
175.08,0,
175.09,0,
175.10,0,
175.11,0,
175.12,0,
175.13,0,
175.14,0,
175.15,0,
175.16,0,
175.17,0,
175.18,0,
175.19,0,
175.20,0,
175.21,0,
175.22,0,
175.23,0,
175.24,0,
175.25,0,
175.26,0,
175.27,0,
175.28,0,
175.29,0,
175.30,0,
175.31,0,
175.32,0,
175.33,0,
175.34,0,
175.35,0,
175.36,0,
175.37,0,
175.38,0,
175.39,0,
175.40,0,
175.41,0,
175.42,0,
175.43,0,
175.44,0,
175.45,0,
175.46,0,
175.47,0,
175.48,0,
175.49,0,
175.50,0,
175.51,0,
175.52,0,
175.53,0,
175.54,0,
175.55,0,
175.56,0,
175.57,0,
175.58,0,
175.59,0,
175.60,0,
175.61,0,
175.62,0,
175.63,0,
175.64,0,
175.65,0,
175.66,0,
175.67,0,
175.68,0,
175.69,0,
175.70,0,
175.71,0,
175.72,0,
175.73,0,
175.74,0,
175.75,0,
175.76,0,
175.77,0,
175.78,0,
175.79,0,
175.80,0,
175.81,0,
175.82,0,
175.83,0,
175.84,0,
175.85,0,
175.86,0,
175.87,0,
175.88,0,
175.89,0,
175.90,0,
175.91,0,
175.92,0,
175.93,0,
175.94,0,
175.95,0,
175.96,0,
175.97,0,
175.98,0,
175.99,0,
176.00,0,
176.01,0,
176.02,0,
176.03,0,
176.04,0,
176.05,0,
176.06,0,
176.07,0,
176.08,0,
176.09,0,
176.10,0,
176.11,0,
176.12,0,
176.13,0,
176.14,0,
176.15,0,
176.16,0,
176.17,0,
176.18,0,
176.19,0,
176.20,0,
176.21,0,
176.22,0,
176.23,0,
176.24,0,
176.25,0,
176.26,0,
176.27,0,
176.28,0,
176.29,0,
176.30,0,
176.31,0,
176.32,0,
176.33,0,
176.34,0,
176.35,0,
176.36,0,
176.37,0,
176.38,0,
176.39,0,
176.40,0,
176.41,0,
176.42,0,
176.43,0,
176.44,0,
176.45,0,
176.46,0,
176.47,0,
176.48,0,
176.49,0,
176.50,0,
176.51,0,
176.52,0,
176.53,0,
176.54,0,
176.55,0,
176.56,0,
176.57,0,
176.58,0,
176.59,0,
176.60,0,
176.61,0,
176.62,0,
176.63,0,
176.64,0,
176.65,0,
176.66,0,
176.67,0,
176.68,0,
176.69,0,
176.70,0,
176.71,0,
176.72,0,
176.73,0,
176.74,0,
176.75,0,
176.76,0,
176.77,0,
176.78,0,
176.79,0,
176.80,0,
176.81,0,
176.82,0,
176.83,0,
176.84,0,
176.85,0,
176.86,0,
176.87,0,
176.88,0,
176.89,0,
176.90,0,
176.91,0,
176.92,0,
176.93,0,
176.94,0,
176.95,0,
176.96,0,
176.97,0,
176.98,0,
176.99,0,
177.00,0,
177.01,0,
177.02,0,
177.03,0,
177.04,0,
177.05,0,
177.06,0,
177.07,0,
177.08,0,
177.09,0,
177.10,0,
177.11,0,
177.12,0,
177.13,0,
177.14,0,
177.15,0,
177.16,0,
177.17,0,
177.18,0,
177.19,0,
177.20,0,
177.21,0,
177.22,0,
177.23,0,
177.24,0,
177.25,0,
177.26,0,
177.27,0,
177.28,0,
177.29,0,
177.30,0,
177.31,0,
177.32,0,
177.33,0,
177.34,0,
177.35,0,
177.36,0,
177.37,0,
177.38,0,
177.39,0,
177.40,0,
177.41,0,
177.42,0,
177.43,0,
177.44,0,
177.45,0,
177.46,0,
177.47,0,
177.48,0,
177.49,0,
177.50,0,
177.51,0,
177.52,0,
177.53,0,
177.54,0,
177.55,0,
177.56,0,
177.57,0,
177.58,0,
177.59,0,
177.60,0,
177.61,0,
177.62,0,
177.63,0,
177.64,0,
177.65,0,
177.66,0,
177.67,0,
177.68,0,
177.69,0,
177.70,0,
177.71,0,
177.72,0,
177.73,0,
177.74,0,
177.75,0,
177.76,0,
177.77,0,
177.78,0,
177.79,0,
177.80,0,
177.81,0,
177.82,0,
177.83,0,
177.84,0,
177.85,0,
177.86,0,
177.87,0,
177.88,0,
177.89,0,
177.90,0,
177.91,0,
177.92,0,
177.93,0,
177.94,0,
177.95,0,
177.96,0,
177.97,0,
177.98,0,
177.99,0,
178.00,0,
178.01,0,
178.02,0,
178.03,0,
178.04,0,
178.05,0,
