t,vocal_on,width
0.00,1,0.005
0.01,1,0.005
0.02,1,0.005
0.03,1,0.005
0.04,1,0.005
0.05,1,0.011
0.06,1,0.019
0.07,1,0.027
0.08,1,0.029
0.09,1,0.035
0.10,1,0.036
0.11,1,0.035
0.12,0,
0.13,0,
0.14,0,
0.15,0,
0.16,0,
0.17,0,
0.18,0,
0.19,0,
0.20,0,
0.21,0,
0.22,0,
0.23,0,
0.24,0,
0.25,0,
0.26,0,
0.27,0,
0.28,0,
0.29,0,
0.30,0,
0.31,0,
0.32,0,
0.33,0,
0.34,0,
0.35,0,
0.36,0,
0.37,0,
0.38,0,
0.39,0,
0.40,0,
0.41,0,
0.42,0,
0.43,0,
0.44,0,
0.45,0,
0.46,0,
0.47,0,
0.48,0,
0.49,0,
0.50,0,
0.51,0,
0.52,0,
0.53,0,
0.54,0,
0.55,0,
0.56,0,
0.57,0,
0.58,0,
0.59,0,
0.60,0,
0.61,0,
0.62,0,
0.63,0,
0.64,0,
0.65,0,
0.66,0,
0.67,0,
0.68,0,
0.69,0,
0.70,0,
0.71,0,
0.72,0,
0.73,0,
0.74,0,
0.75,0,
0.76,0,
0.77,0,
0.78,0,
0.79,0,
0.80,0,
0.81,0,
0.82,0,
0.83,0,
0.84,0,
0.85,0,
0.86,0,
0.87,0,
0.88,0,
0.89,0,
0.90,0,
0.91,0,
0.92,0,
0.93,0,
0.94,0,
0.95,0,
0.96,0,
0.97,0,
0.98,0,
0.99,0,
1.00,0,
1.01,0,
1.02,0,
1.03,0,
1.04,0,
1.05,0,
1.06,0,
1.07,0,
1.08,0,
1.09,0,
1.10,0,
1.11,0,
1.12,0,
1.13,0,
1.14,0,
1.15,0,
1.16,0,
1.17,0,
1.18,0,
1.19,0,
1.20,0,
1.21,0,
1.22,0,
1.23,0,
1.24,0,
1.25,0,
1.26,0,
1.27,0,
1.28,0,
1.29,0,
1.30,0,
1.31,0,
1.32,0,
1.33,0,
1.34,0,
1.35,0,
1.36,0,
1.37,0,
1.38,0,
1.39,0,
1.40,0,
1.41,0,
1.42,0,
1.43,0,
1.44,0,
1.45,0,
1.46,0,
1.47,0,
1.48,0,
1.49,0,
1.50,0,
1.51,0,
1.52,0,
1.53,0,
1.54,0,
1.55,0,
1.56,0,
1.57,0,
1.58,0,
1.59,0,
1.60,0,
1.61,0,
1.62,0,
1.63,0,
1.64,0,
1.65,0,
1.66,0,
1.67,0,
1.68,0,
1.69,0,
1.70,0,
1.71,0,
1.72,0,
1.73,0,
1.74,0,
1.75,0,
1.76,0,
1.77,0,
1.78,0,
1.79,0,
1.80,0,
1.81,0,
1.82,0,
1.83,0,
1.84,0,
1.85,0,
1.86,0,
1.87,0,
1.88,0,
1.89,0,
1.90,0,
1.91,0,
1.92,0,
1.93,0,
1.94,0,
1.95,0,
1.96,0,
1.97,0,
1.98,1,0.723
1.99,1,0.679
2.00,1,0.654
2.01,1,0.645
2.02,1,0.612
2.03,1,0.577
2.04,1,0.533
2.05,1,0.542
2.06,1,0.628
2.07,1,0.704
2.08,1,0.255
2.09,1,0.504
2.10,1,0.247
2.11,1,0.210
2.12,1,0.180
2.13,1,0.169
2.14,1,0.161
2.15,1,0.162
2.16,1,0.184
2.17,1,0.227
2.18,1,0.303
2.19,1,0.395
2.20,1,0.457
2.21,1,0.451
2.22,1,0.534
2.23,1,0.592
2.24,1,0.645
2.25,1,0.387
2.26,1,0.223
2.27,1,0.185
2.28,1,0.173
2.29,1,0.164
2.30,1,0.160
2.31,1,0.164
2.32,1,0.174
2.33,1,0.178
2.34,1,0.181
2.35,1,0.186
2.36,1,0.185
2.37,1,0.195
2.38,1,0.214
2.39,1,0.229
2.40,1,0.253
2.41,1,0.260
2.42,1,0.267
2.43,1,0.259
2.44,1,0.228
2.45,1,0.198
2.46,1,0.187
2.47,1,0.176
2.48,1,0.171
2.49,1,0.175
2.50,1,0.178
2.51,1,0.163
2.52,1,0.163
2.53,1,0.168
2.54,1,0.167
2.55,1,0.171
2.56,1,0.176
2.57,1,0.205
2.58,1,0.221
2.59,1,0.255
2.60,1,0.316
2.61,1,0.378
2.62,1,0.439
2.63,1,0.560
2.64,1,0.813
2.65,1,0.779
2.66,1,0.905
2.67,1,0.689
2.68,1,0.569
2.69,1,0.478
2.70,1,0.378
2.71,1,0.408
2.72,1,0.366
2.73,1,0.353
2.74,1,0.309
2.75,1,0.266
2.76,1,0.222
2.77,1,0.191
2.78,1,0.171
2.79,1,0.164
2.80,1,0.169
2.81,1,0.185
2.82,1,0.177
2.83,1,0.175
2.84,1,0.172
2.85,1,0.153
2.86,1,0.148
2.87,1,0.162
2.88,1,0.194
2.89,1,0.196
2.90,1,0.146
2.91,1,0.122
2.92,1,0.106
2.93,1,0.090
2.94,1,0.077
2.95,1,0.077
2.96,1,0.086
2.97,1,0.107
2.98,1,0.130
2.99,1,0.149
3.00,1,0.160
3.01,1,0.161
3.02,1,0.172
3.03,1,0.185
3.04,1,0.204
3.05,1,0.214
3.06,1,0.173
3.07,1,0.134
3.08,1,0.116
3.09,1,0.110
3.10,1,0.110
3.11,1,0.124
3.12,1,0.141
3.13,1,0.147
3.14,1,0.144
3.15,1,0.136
3.16,1,0.131
3.17,1,0.117
3.18,1,0.108
3.19,1,0.116
3.20,1,0.136
3.21,1,0.165
3.22,1,0.181
3.23,1,0.192
3.24,1,0.203
3.25,1,0.228
3.26,1,0.288
3.27,1,0.402
3.28,1,0.584
3.29,1,1.073
3.30,1,1.502
3.31,1,1.470
3.32,1,0.902
3.33,1,0.592
3.34,1,0.448
3.35,1,0.406
3.36,1,0.315
3.37,1,0.258
3.38,1,0.274
3.39,1,0.281
3.40,1,0.282
3.41,1,0.293
3.42,1,0.297
3.43,1,0.310
3.44,1,0.309
3.45,1,0.320
3.46,1,0.315
3.47,1,0.315
3.48,1,0.316
3.49,1,0.325
3.50,1,0.312
3.51,1,0.304
3.52,1,0.302
3.53,1,0.286
3.54,1,0.245
3.55,1,0.187
3.56,1,0.148
3.57,1,0.108
3.58,1,0.089
3.59,1,0.085
3.60,1,0.098
3.61,1,0.117
3.62,1,0.138
3.63,1,0.141
3.64,1,0.152
3.65,1,0.156
3.66,1,0.167
3.67,1,0.188
3.68,1,0.237
3.69,1,0.293
3.70,1,0.280
3.71,1,0.240
3.72,1,0.201
3.73,1,0.164
3.74,1,0.147
3.75,1,0.144
3.76,1,0.151
3.77,1,0.161
3.78,1,0.167
3.79,1,0.177
3.80,1,0.175
3.81,1,0.166
3.82,1,0.157
3.83,1,0.133
3.84,1,0.131
3.85,1,0.129
3.86,1,0.126
3.87,1,0.126
3.88,1,0.126
3.89,1,0.123
3.90,1,0.123
3.91,1,0.135
3.92,1,0.156
3.93,1,0.178
3.94,1,0.196
3.95,1,0.215
3.96,1,0.238
3.97,1,0.277
3.98,1,0.307
3.99,1,0.317
4.00,1,0.317
4.01,1,0.285
4.02,1,0.260
4.03,1,0.239
4.04,1,0.227
4.05,1,0.218
4.06,1,0.219
4.07,1,0.235
4.08,1,0.271
4.09,1,0.320
4.10,1,0.391
4.11,1,0.595
4.12,1,0.725
4.13,1,0.913
4.14,1,0.894
4.15,1,0.516
4.16,1,0.334
4.17,1,0.322
4.18,1,0.311
4.19,1,0.321
4.20,1,0.321
4.21,1,0.324
4.22,1,0.319
4.23,1,0.316
4.24,1,0.326
4.25,1,0.347
4.26,1,0.367
4.27,1,0.393
4.28,1,0.421
4.29,1,0.461
4.30,1,0.421
4.31,1,0.340
4.32,1,0.309
4.33,1,0.287
4.34,1,0.269
4.35,1,0.269
4.36,1,0.268
4.37,1,0.267
4.38,1,0.298
4.39,1,0.359
4.40,1,0.409
4.41,1,0.465
4.42,1,0.454
4.43,1,0.407
4.44,1,0.401
4.45,1,0.408
4.46,1,0.389
4.47,1,0.358
4.48,1,0.258
4.49,1,0.200
4.50,1,0.158
4.51,1,0.138
4.52,1,0.122
4.53,1,0.124
4.54,1,0.124
4.55,1,0.123
4.56,1,0.120
4.57,1,0.120
4.58,1,0.112
4.59,1,0.104
4.60,1,0.108
4.61,1,0.120
4.62,1,0.134
4.63,1,0.161
4.64,1,0.193
4.65,1,0.207
4.66,1,0.205
4.67,1,0.198
4.68,1,0.182
4.69,1,0.162
4.70,1,0.146
4.71,1,0.142
4.72,1,0.147
4.73,1,0.144
4.74,1,0.167
4.75,1,0.179
4.76,1,0.186
4.77,1,0.189
4.78,1,0.196
4.79,1,0.180
4.80,1,0.196
4.81,1,0.212
4.82,1,0.238
4.83,1,0.222
4.84,1,0.206
4.85,1,0.191
4.86,1,0.180
4.87,1,0.174
4.88,1,0.178
4.89,1,0.200
4.90,1,0.234
4.91,1,0.285
4.92,1,0.409
4.93,1,0.491
4.94,1,0.528
4.95,1,0.555
4.96,1,0.575
4.97,1,0.557
4.98,1,0.561
4.99,1,0.538
5.00,1,0.471
5.01,1,0.330
5.02,1,0.283
5.03,1,0.263
5.04,1,0.243
5.05,1,0.265
5.06,1,0.279
5.07,1,0.280
5.08,1,0.268
5.09,1,0.281
5.10,1,0.197
5.11,1,0.213
5.12,1,0.201
5.13,1,0.200
5.14,1,0.196
5.15,1,0.199
5.16,1,0.197
5.17,1,0.208
5.18,1,0.212
5.19,1,0.221
5.20,1,0.228
5.21,1,0.230
5.22,1,0.211
5.23,1,0.203
5.24,1,0.180
5.25,1,0.168
5.26,1,0.180
5.27,1,0.187
5.28,1,0.169
5.29,1,0.160
5.30,1,0.158
5.31,1,0.144
5.32,1,0.133
5.33,1,0.143
5.34,1,0.150
5.35,1,0.161
5.36,1,0.191
5.37,1,0.265
5.38,1,0.395
5.39,1,0.448
5.40,1,0.490
5.41,1,0.322
5.42,1,0.222
5.43,1,0.196
5.44,1,0.204
5.45,1,0.192
5.46,1,0.172
5.47,1,0.175
5.48,1,0.164
5.49,1,0.155
5.50,1,0.170
5.51,1,0.203
5.52,1,0.267
5.53,1,0.347
5.54,1,0.503
5.55,1,0.525
5.56,1,0.456
5.57,1,0.312
5.58,1,0.183
5.59,1,0.144
5.60,1,0.132
5.61,1,0.129
5.62,1,0.129
5.63,1,0.143
5.64,1,0.158
5.65,1,0.165
5.66,1,0.170
5.67,1,0.180
5.68,1,0.205
5.69,1,0.211
5.70,1,0.258
5.71,1,0.205
5.72,1,0.189
5.73,1,0.188
5.74,1,0.184
5.75,1,0.177
5.76,1,0.175
5.77,1,0.169
5.78,1,0.168
5.79,1,0.169
5.80,1,0.178
5.81,1,0.207
5.82,1,0.243
5.83,1,0.295
5.84,1,0.461
5.85,1,0.451
5.86,1,0.366
5.87,1,0.370
5.88,1,0.364
5.89,1,0.382
5.90,1,0.371
5.91,1,0.412
5.92,1,0.326
5.93,1,0.273
5.94,1,0.249
5.95,1,0.251
5.96,1,0.234
5.97,1,0.239
5.98,1,0.242
5.99,1,0.237
6.00,1,0.208
6.01,1,0.195
6.02,1,0.197
6.03,1,0.190
6.04,1,0.142
6.05,1,0.120
6.06,1,0.110
6.07,1,0.106
6.08,1,0.096
6.09,1,0.092
6.10,1,0.086
6.11,1,0.084
6.12,1,0.091
6.13,1,0.109
6.14,1,0.128
6.15,1,0.142
6.16,1,0.155
6.17,1,0.176
6.18,1,0.180
6.19,1,0.185
6.20,1,0.179
6.21,1,0.150
6.22,1,0.120
6.23,1,0.103
6.24,1,0.086
6.25,1,0.075
6.26,1,0.080
6.27,1,0.104
6.28,1,0.135
6.29,1,0.161
6.30,1,0.187
6.31,1,0.192
6.32,1,0.185
6.33,1,0.170
6.34,1,0.153
6.35,1,0.134
6.36,1,0.132
6.37,1,0.146
6.38,1,0.165
6.39,1,0.179
6.40,1,0.192
6.41,1,0.227
6.42,1,0.255
6.43,1,0.327
6.44,1,0.399
6.45,1,0.446
6.46,1,0.567
6.47,1,0.575
6.48,1,0.495
6.49,1,0.499
6.50,1,0.171
6.51,1,0.092
6.52,1,0.111
6.53,1,0.116
6.54,1,0.109
6.55,1,0.116
6.56,1,0.126
6.57,1,0.104
6.58,1,0.095
6.59,1,0.098
6.60,1,0.102
6.61,1,0.105
6.62,1,0.110
6.63,1,0.115
6.64,1,0.116
6.65,1,0.113
6.66,1,0.113
6.67,1,0.113
6.68,1,0.116
6.69,1,0.127
6.70,1,0.143
6.71,1,0.176
6.72,1,0.264
6.73,1,0.414
6.74,1,0.451
6.75,1,0.420
6.76,1,0.395
6.77,1,0.374
6.78,1,0.347
6.79,1,0.337
6.80,1,0.320
6.81,1,0.271
6.82,1,0.192
6.83,1,0.101
6.84,1,0.075
6.85,1,0.066
6.86,1,0.061
6.87,1,0.062
6.88,1,0.062
6.89,1,0.065
6.90,1,0.069
6.91,1,0.067
6.92,1,0.066
6.93,1,0.074
6.94,1,0.083
6.95,1,0.098
6.96,1,0.106
6.97,1,0.105
6.98,1,0.103
6.99,1,0.099
7.00,1,0.100
7.01,1,0.112
7.02,1,0.129
7.03,1,0.142
7.04,1,0.131
7.05,1,0.131
7.06,1,0.117
7.07,1,0.105
7.08,1,0.104
7.09,1,0.114
7.10,1,0.126
7.11,1,0.132
7.12,1,0.137
7.13,1,0.135
7.14,1,0.131
7.15,1,0.135
7.16,1,0.142
7.17,1,0.148
7.18,1,0.164
7.19,1,0.170
7.20,1,0.177
7.21,1,0.201
7.22,1,0.196
7.23,1,0.192
7.24,1,0.179
7.25,1,0.164
7.26,1,0.168
7.27,1,0.191
7.28,1,0.218
7.29,1,0.248
7.30,1,0.309
7.31,1,0.316
7.32,1,0.345
7.33,1,0.551
7.34,1,0.528
7.35,1,0.482
7.36,1,0.416
7.37,1,0.328
7.38,1,0.293
7.39,1,0.277
7.40,1,0.234
7.41,1,0.183
7.42,1,0.166
7.43,0,
7.44,0,
7.45,0,
7.46,0,
7.47,0,
7.48,0,
7.49,0,
7.50,0,
7.51,0,
7.52,0,
7.53,0,
7.54,0,
7.55,0,
7.56,0,
7.57,0,
7.58,0,
7.59,0,
7.60,0,
7.61,0,
7.62,0,
7.63,0,
7.64,1,0.143
7.65,1,0.168
7.66,1,0.249
7.67,1,0.316
7.68,1,0.337
7.69,1,0.369
7.70,1,0.377
7.71,1,0.418
7.72,1,0.464
7.73,1,0.591
7.74,1,0.703
7.75,1,0.746
7.76,1,0.670
7.77,1,0.613
7.78,1,0.578
7.79,1,0.621
7.80,1,0.581
7.81,1,0.614
7.82,1,0.543
7.83,1,0.509
7.84,1,0.496
7.85,1,0.507
7.86,1,0.503
7.87,1,0.553
7.88,1,0.573
7.89,1,0.600
7.90,1,0.628
7.91,1,0.720
7.92,1,0.740
7.93,1,0.776
7.94,1,0.753
7.95,1,0.762
7.96,1,0.646
7.97,1,0.583
7.98,1,0.531
7.99,1,0.571
8.00,1,0.567
8.01,1,0.594
8.02,1,0.646
8.03,1,0.682
8.04,1,0.723
8.05,1,0.758
8.06,1,0.744
8.07,1,0.810
8.08,1,0.896
8.09,1,0.942
8.10,1,0.961
8.11,1,0.980
8.12,1,0.991
8.13,1,1.037
8.14,1,1.097
8.15,1,1.133
8.16,1,1.082
8.17,1,1.050
8.18,1,0.942
8.19,1,0.867
8.20,1,0.823
8.21,1,0.795
8.22,1,0.834
8.23,1,0.936
8.24,1,1.079
8.25,1,1.228
8.26,1,1.364
8.27,1,1.408
8.28,1,1.350
8.29,1,1.049
8.30,1,0.785
8.31,1,0.614
8.32,1,0.614
8.33,1,0.567
8.34,1,0.511
8.35,1,0.500
8.36,1,0.526
8.37,1,0.553
8.38,1,0.641
8.39,1,0.844
8.40,1,0.863
8.41,1,0.911
8.42,1,0.959
8.43,1,0.932
8.44,1,0.921
8.45,1,0.877
8.46,1,0.714
8.47,1,0.617
8.48,1,0.600
8.49,1,0.573
8.50,1,0.653
8.51,1,0.770
8.52,1,0.846
8.53,1,0.840
8.54,1,0.835
8.55,1,0.729
8.56,1,0.687
8.57,1,0.631
8.58,1,0.710
8.59,1,0.789
8.60,1,0.852
8.61,1,0.817
8.62,1,0.915
8.63,1,0.968
8.64,1,1.000
8.65,1,0.969
8.66,1,0.916
8.67,1,0.902
8.68,1,0.822
8.69,1,0.900
8.70,1,0.878
8.71,1,0.946
8.72,1,0.951
8.73,1,1.023
8.74,1,1.011
8.75,1,0.994
8.76,1,1.075
8.77,1,1.039
8.78,1,0.998
8.79,1,0.936
8.80,1,0.867
8.81,1,0.682
8.82,1,0.586
8.83,1,0.584
8.84,1,0.560
8.85,1,0.585
8.86,1,0.698
8.87,1,0.745
8.88,1,0.803
8.89,1,0.820
8.90,1,0.830
8.91,1,0.795
8.92,1,0.781
8.93,1,0.708
8.94,1,0.647
8.95,1,0.594
8.96,1,0.699
8.97,1,0.754
8.98,1,0.777
8.99,1,0.856
9.00,1,0.964
9.01,1,0.950
9.02,1,0.985
9.03,1,0.990
9.04,1,0.963
9.05,1,0.863
9.06,1,0.826
9.07,1,0.781
9.08,1,0.719
9.09,1,0.677
9.10,1,0.653
9.11,1,0.637
9.12,1,0.601
9.13,1,0.604
9.14,1,0.621
9.15,1,0.625
9.16,1,0.687
9.17,1,0.901
9.18,1,1.012
9.19,1,1.003
9.20,1,0.989
9.21,1,0.942
9.22,1,0.789
9.23,1,0.691
9.24,1,0.734
9.25,1,0.746
9.26,1,0.660
9.27,1,0.592
9.28,1,0.581
9.29,1,0.679
9.30,1,0.692
9.31,1,0.704
9.32,1,0.784
9.33,1,0.800
9.34,1,0.720
9.35,1,0.731
9.36,1,0.637
9.37,1,0.567
9.38,1,0.548
9.39,1,0.575
9.40,1,0.613
9.41,1,0.725
9.42,1,0.756
9.43,1,0.809
9.44,1,0.759
9.45,1,0.705
9.46,1,0.671
9.47,1,0.730
9.48,1,0.768
9.49,1,0.766
9.50,1,0.773
9.51,1,0.701
9.52,1,0.574
9.53,1,0.496
9.54,1,0.512
9.55,1,0.499
9.56,1,0.481
9.57,1,0.493
9.58,1,0.521
9.59,1,0.537
9.60,1,0.567
9.61,1,0.616
9.62,1,0.644
9.63,1,0.636
9.64,1,0.661
9.65,1,0.671
9.66,1,0.642
9.67,1,0.634
9.68,1,0.623
9.69,1,0.597
9.70,1,0.586
9.71,1,0.596
9.72,1,0.601
9.73,1,0.588
9.74,1,0.546
9.75,1,0.511
9.76,1,0.481
9.77,1,0.473
9.78,1,0.512
9.79,1,0.603
9.80,1,0.667
9.81,1,0.696
9.82,1,0.695
9.83,1,0.659
9.84,1,0.589
9.85,1,0.581
9.86,1,0.625
9.87,1,0.633
9.88,1,0.652
9.89,1,0.650
9.90,1,0.584
9.91,1,0.504
9.92,1,0.450
9.93,1,0.394
9.94,1,0.375
9.95,1,0.371
9.96,1,0.364
9.97,1,0.381
9.98,1,0.410
9.99,1,0.453
10.00,1,0.512
10.01,1,0.586
10.02,1,0.638
10.03,1,0.703
10.04,1,0.746
10.05,1,0.739
10.06,1,0.763
10.07,1,0.821
10.08,1,0.841
10.09,1,0.767
10.10,1,0.724
10.11,1,0.697
10.12,1,0.740
10.13,1,0.726
10.14,1,0.793
10.15,1,0.800
10.16,1,0.752
10.17,1,0.711
10.18,1,0.664
10.19,1,0.594
10.20,1,0.580
10.21,1,0.568
10.22,1,0.539
10.23,1,0.546
10.24,1,0.566
10.25,1,0.574
10.26,1,0.560
10.27,1,0.590
10.28,1,0.603
10.29,1,0.603
10.30,1,0.593
10.31,1,0.557
10.32,1,0.536
10.33,1,0.518
10.34,1,0.512
10.35,1,0.510
10.36,1,0.488
10.37,1,0.495
10.38,1,0.466
10.39,1,0.496
10.40,1,0.492
10.41,1,0.527
10.42,1,0.573
10.43,1,0.604
10.44,1,0.617
10.45,1,0.640
10.46,1,0.623
10.47,1,0.570
10.48,1,0.531
10.49,1,0.498
10.50,1,0.441
10.51,1,0.420
10.52,1,0.450
10.53,1,0.435
10.54,1,0.420
10.55,1,0.440
10.56,1,0.457
10.57,1,0.433
10.58,1,0.434
10.59,1,0.471
10.60,1,0.481
10.61,1,0.482
10.62,1,0.483
10.63,1,0.487
10.64,1,0.446
10.65,1,0.409
10.66,1,0.472
10.67,1,0.508
10.68,1,0.546
10.69,1,0.522
10.70,1,0.531
10.71,1,0.547
10.72,1,0.547
10.73,1,0.616
10.74,1,0.825
10.75,1,0.888
10.76,1,0.841
10.77,1,0.862
10.78,1,0.799
10.79,1,0.713
10.80,1,0.631
10.81,1,0.525
10.82,1,0.528
10.83,1,0.515
10.84,1,0.627
10.85,1,0.784
10.86,1,0.816
10.87,1,0.793
10.88,1,0.806
10.89,1,0.740
10.90,1,0.750
10.91,1,0.809
10.92,1,0.818
10.93,1,0.802
10.94,1,0.796
10.95,1,0.829
10.96,1,0.872
10.97,1,0.892
10.98,1,0.755
10.99,1,0.689
11.00,1,0.609
11.01,1,0.585
11.02,1,0.591
11.03,1,0.651
11.04,1,0.716
11.05,1,0.786
11.06,1,0.788
11.07,1,0.760
11.08,1,0.702
11.09,1,0.620
11.10,1,0.552
11.11,1,0.531
11.12,1,0.539
11.13,1,0.625
11.14,1,0.740
11.15,1,0.856
11.16,1,0.819
11.17,1,0.755
11.18,1,0.671
11.19,1,0.595
11.20,1,0.512
11.21,1,0.508
11.22,1,0.482
11.23,1,0.453
11.24,1,0.418
11.25,1,0.415
11.26,1,0.416
11.27,1,0.426
11.28,1,0.451
11.29,1,0.529
11.30,1,0.599
11.31,1,0.645
11.32,1,0.641
11.33,1,0.591
11.34,1,0.531
11.35,1,0.488
11.36,1,0.476
11.37,1,0.485
11.38,1,0.524
11.39,1,0.575
11.40,1,0.651
11.41,1,0.684
11.42,1,0.776
11.43,1,0.733
11.44,1,0.723
11.45,1,0.650
11.46,1,0.575
11.47,1,0.617
11.48,1,0.636
11.49,1,0.659
11.50,1,0.639
11.51,1,0.607
11.52,1,0.512
11.53,1,0.497
11.54,1,0.526
11.55,1,0.580
11.56,1,0.649
11.57,1,0.750
11.58,1,0.841
11.59,1,0.889
11.60,1,0.895
11.61,1,0.918
11.62,1,0.885
11.63,1,0.827
11.64,1,0.814
11.65,1,0.766
11.66,1,0.679
11.67,1,0.610
11.68,1,0.556
11.69,1,0.486
11.70,1,0.495
11.71,1,0.474
11.72,1,0.458
11.73,1,0.558
11.74,1,0.638
11.75,1,0.778
11.76,1,0.952
11.77,1,0.973
11.78,1,0.838
11.79,1,0.653
11.80,1,0.525
11.81,1,0.415
11.82,1,0.399
11.83,1,0.404
11.84,1,0.432
11.85,1,0.467
11.86,1,0.517
11.87,1,0.573
11.88,1,0.691
11.89,1,0.727
11.90,1,0.741
11.91,1,0.720
11.92,1,0.663
11.93,1,0.592
11.94,1,0.588
11.95,1,0.598
11.96,1,0.559
11.97,1,0.529
11.98,1,0.531
11.99,1,0.523
12.00,1,0.563
12.01,1,0.566
12.02,1,0.575
12.03,1,0.559
12.04,1,0.527
12.05,1,0.499
12.06,1,0.464
12.07,1,0.439
12.08,1,0.406
12.09,1,0.389
12.10,1,0.457
12.11,1,0.492
12.12,1,0.501
12.13,1,0.507
12.14,1,0.482
12.15,1,0.386
12.16,1,0.363
12.17,1,0.377
12.18,1,0.374
12.19,1,0.389
12.20,1,0.404
12.21,1,0.363
12.22,1,0.351
12.23,1,0.342
12.24,1,0.329
12.25,1,0.317
12.26,1,0.357
12.27,1,0.397
12.28,1,0.438
12.29,1,0.470
12.30,1,0.446
12.31,1,0.421
12.32,1,0.412
12.33,1,0.412
12.34,1,0.406
12.35,1,0.437
12.36,1,0.443
12.37,1,0.483
12.38,1,0.538
12.39,1,0.608
12.40,1,0.618
12.41,1,0.585
12.42,1,0.556
12.43,1,0.545
12.44,1,0.511
12.45,1,0.467
12.46,1,0.460
12.47,1,0.469
12.48,1,0.449
12.49,1,0.523
12.50,1,0.552
12.51,1,0.632
12.52,1,0.673
12.53,1,0.653
12.54,1,0.630
12.55,1,0.666
12.56,1,0.569
12.57,1,0.512
12.58,1,0.490
12.59,1,0.459
12.60,1,0.427
12.61,1,0.463
12.62,1,0.472
12.63,1,0.481
12.64,1,0.452
12.65,1,0.451
12.66,1,0.405
12.67,1,0.399
12.68,1,0.418
12.69,1,0.447
12.70,1,0.449
12.71,1,0.421
12.72,1,0.481
12.73,1,0.466
12.74,1,0.381
12.75,1,0.304
12.76,1,0.369
12.77,1,0.401
12.78,1,0.425
12.79,1,0.493
12.80,1,0.609
12.81,1,0.661
12.82,1,0.656
12.83,1,0.521
12.84,1,0.430
12.85,1,0.257
12.86,1,0.225
12.87,1,0.243
12.88,1,0.240
12.89,1,0.265
12.90,1,0.264
12.91,1,0.246
12.92,0,
12.93,0,
12.94,0,
12.95,0,
12.96,0,
12.97,0,
12.98,0,
12.99,0,
13.00,0,
13.01,0,
13.02,0,
13.03,0,
13.04,0,
13.05,0,
13.06,0,
13.07,0,
13.08,0,
13.09,0,
13.10,0,
13.11,0,
13.12,0,
13.13,0,
13.14,0,
13.15,0,
13.16,0,
13.17,0,
13.18,0,
13.19,0,
13.20,0,
13.21,0,
13.22,0,
13.23,0,
13.24,0,
13.25,0,
13.26,0,
13.27,0,
13.28,0,
13.29,0,
13.30,0,
13.31,0,
13.32,0,
13.33,0,
13.34,0,
13.35,0,
13.36,0,
13.37,0,
13.38,0,
13.39,0,
13.40,0,
13.41,0,
13.42,0,
13.43,0,
13.44,0,
13.45,0,
13.46,0,
13.47,0,
13.48,0,
13.49,0,
13.50,0,
13.51,0,
13.52,0,
13.53,0,
13.54,0,
13.55,0,
13.56,0,
13.57,0,
13.58,0,
13.59,0,
13.60,0,
13.61,0,
13.62,0,
13.63,0,
13.64,0,
13.65,0,
13.66,0,
13.67,0,
13.68,0,
13.69,0,
13.70,0,
13.71,0,
13.72,0,
13.73,0,
13.74,0,
13.75,0,
13.76,0,
13.77,0,
13.78,0,
13.79,0,
13.80,0,
13.81,0,
13.82,0,
13.83,0,
13.84,0,
13.85,0,
13.86,0,
13.87,0,
13.88,0,
13.89,0,
13.90,0,
13.91,0,
13.92,0,
13.93,0,
13.94,0,
13.95,0,
13.96,0,
13.97,0,
13.98,0,
13.99,0,
14.00,0,
14.01,0,
14.02,0,
14.03,0,
14.04,0,
14.05,0,
14.06,0,
14.07,0,
14.08,0,
14.09,0,
14.10,0,
14.11,0,
14.12,0,
14.13,0,
14.14,0,
14.15,0,
14.16,0,
14.17,0,
14.18,0,
14.19,0,
14.20,0,
14.21,0,
14.22,0,
14.23,0,
14.24,0,
14.25,0,
14.26,0,
14.27,0,
14.28,0,
14.29,0,
14.30,0,
14.31,0,
14.32,0,
14.33,0,
14.34,0,
14.35,0,
14.36,0,
14.37,0,
14.38,0,
14.39,0,
14.40,0,
14.41,0,
14.42,0,
14.43,0,
14.44,0,
14.45,0,
14.46,0,
14.47,0,
14.48,0,
14.49,0,
14.50,0,
14.51,0,
14.52,0,
14.53,0,
14.54,0,
14.55,0,
14.56,0,
14.57,0,
14.58,0,
14.59,0,
14.60,0,
14.61,0,
14.62,0,
14.63,0,
14.64,0,
14.65,0,
14.66,0,
14.67,0,
14.68,0,
14.69,0,
14.70,0,
14.71,0,
14.72,0,
14.73,0,
14.74,0,
14.75,0,
14.76,0,
14.77,0,
14.78,0,
14.79,0,
14.80,0,
14.81,0,
14.82,0,
14.83,0,
14.84,0,
14.85,0,
14.86,0,
14.87,0,
14.88,0,
14.89,0,
14.90,0,
14.91,0,
14.92,0,
14.93,0,
14.94,0,
14.95,0,
14.96,0,
14.97,0,
14.98,0,
14.99,0,
15.00,0,
15.01,0,
15.02,0,
15.03,0,
15.04,0,
15.05,0,
15.06,0,
15.07,0,
15.08,0,
15.09,0,
15.10,0,
15.11,0,
15.12,0,
15.13,0,
15.14,0,
15.15,0,
15.16,0,
15.17,0,
15.18,0,
15.19,0,
15.20,0,
15.21,0,
15.22,0,
15.23,0,
15.24,0,
15.25,0,
15.26,0,
15.27,0,
15.28,0,
15.29,0,
15.30,0,
15.31,0,
15.32,0,
15.33,0,
15.34,0,
15.35,0,
15.36,0,
15.37,0,
15.38,0,
15.39,0,
15.40,0,
15.41,0,
15.42,0,
15.43,0,
15.44,0,
15.45,0,
15.46,0,
15.47,0,
15.48,0,
15.49,0,
15.50,0,
15.51,0,
15.52,0,
15.53,0,
15.54,0,
15.55,0,
15.56,0,
15.57,0,
15.58,0,
15.59,0,
15.60,0,
15.61,0,
15.62,0,
15.63,0,
15.64,0,
15.65,0,
15.66,0,
15.67,0,
15.68,0,
15.69,0,
15.70,0,
15.71,0,
15.72,0,
15.73,0,
15.74,0,
15.75,0,
15.76,0,
15.77,0,
15.78,0,
15.79,0,
15.80,0,
15.81,0,
15.82,0,
15.83,0,
15.84,0,
15.85,0,
15.86,0,
15.87,0,
15.88,0,
15.89,0,
15.90,0,
15.91,0,
15.92,1,0.053
15.93,1,0.054
15.94,1,0.058
15.95,1,0.059
15.96,1,0.065
15.97,1,0.066
15.98,1,0.073
15.99,1,0.102
16.00,1,0.137
16.01,1,0.231
16.02,1,0.345
16.03,1,0.350
16.04,1,0.348
16.05,1,0.306
16.06,1,0.260
16.07,1,0.251
16.08,1,0.238
16.09,1,0.237
16.10,1,0.247
16.11,1,0.248
16.12,1,0.241
16.13,1,0.241
16.14,1,0.240
16.15,1,0.233
16.16,1,0.240
16.17,1,0.249
16.18,1,0.281
16.19,1,0.238
16.20,1,0.218
16.21,1,0.211
16.22,1,0.200
16.23,1,0.150
16.24,1,0.117
16.25,1,0.106
16.26,1,0.100
16.27,1,0.097
16.28,1,0.111
16.29,1,0.146
16.30,1,0.180
16.31,1,0.227
16.32,1,0.240
16.33,1,0.239
16.34,1,0.237
16.35,1,0.211
16.36,1,0.197
16.37,1,0.195
16.38,1,0.188
16.39,1,0.182
16.40,1,0.173
16.41,1,0.151
16.42,1,0.151
16.43,0,
16.44,0,
16.45,0,
16.46,0,
16.47,0,
16.48,0,
16.49,0,
16.50,0,
16.51,0,
16.52,0,
16.53,0,
16.54,0,
16.55,0,
16.56,0,
16.57,0,
16.58,0,
16.59,0,
16.60,0,
16.61,0,
16.62,0,
16.63,0,
16.64,0,
16.65,0,
16.66,0,
16.67,0,
16.68,0,
16.69,0,
16.70,0,
16.71,0,
16.72,0,
16.73,0,
16.74,0,
16.75,0,
16.76,0,
16.77,0,
16.78,0,
16.79,0,
16.80,0,
16.81,0,
16.82,0,
16.83,0,
16.84,0,
16.85,0,
16.86,0,
16.87,0,
16.88,0,
16.89,0,
16.90,0,
16.91,0,
16.92,0,
16.93,0,
16.94,0,
16.95,1,0.208
16.96,1,0.170
16.97,1,0.133
16.98,1,0.121
16.99,1,0.140
17.00,1,0.151
17.01,1,0.154
17.02,1,0.189
17.03,1,0.183
17.04,1,0.181
17.05,1,0.200
17.06,1,0.195
17.07,1,0.193
17.08,1,0.215
17.09,1,0.214
17.10,1,0.237
17.11,1,0.244
17.12,1,0.239
17.13,1,0.266
17.14,1,0.253
17.15,1,0.223
17.16,1,0.257
17.17,1,0.279
17.18,1,0.299
17.19,1,0.326
17.20,1,0.354
17.21,1,0.370
17.22,1,0.399
17.23,1,0.428
17.24,1,0.444
17.25,1,0.466
17.26,1,0.434
17.27,1,0.388
17.28,1,0.349
17.29,1,0.332
17.30,1,0.267
17.31,1,0.262
17.32,1,0.274
17.33,1,0.303
17.34,1,0.271
17.35,1,0.233
17.36,1,0.218
17.37,1,0.196
17.38,1,0.184
17.39,1,0.197
17.40,1,0.207
17.41,1,0.285
17.42,1,0.283
17.43,1,0.308
17.44,1,0.296
17.45,1,0.293
17.46,1,0.277
17.47,1,0.248
17.48,1,0.227
17.49,1,0.210
17.50,1,0.196
17.51,1,0.220
17.52,1,0.228
17.53,1,0.236
17.54,1,0.267
17.55,1,0.263
17.56,1,0.208
17.57,1,0.192
17.58,1,0.180
17.59,1,0.179
17.60,1,0.162
17.61,1,0.164
17.62,1,0.155
17.63,1,0.165
17.64,1,0.173
17.65,1,0.189
17.66,1,0.186
17.67,1,0.213
17.68,1,0.125
17.69,1,0.178
17.70,1,0.175
17.71,1,0.188
17.72,1,0.204
17.73,1,0.241
17.74,1,0.250
17.75,1,0.299
17.76,1,0.315
17.77,1,0.345
17.78,1,0.332
17.79,1,0.344
17.80,1,0.326
17.81,1,0.280
17.82,1,0.261
17.83,1,0.250
17.84,1,0.262
17.85,1,0.274
17.86,1,0.305
17.87,1,0.379
17.88,1,0.477
17.89,1,0.547
17.90,1,0.520
17.91,1,0.460
17.92,1,0.331
17.93,1,0.262
17.94,1,0.221
17.95,1,0.228
17.96,1,0.228
17.97,1,0.245
17.98,1,0.257
17.99,1,0.246
18.00,1,0.251
18.01,1,0.282
18.02,1,0.310
18.03,1,0.365
18.04,1,0.380
18.05,1,0.370
18.06,1,0.362
18.07,1,0.362
18.08,1,0.351
18.09,1,0.287
18.10,1,0.258
18.11,1,0.219
18.12,1,0.199
18.13,1,0.189
18.14,1,0.224
18.15,1,0.266
18.16,1,0.306
18.17,1,0.356
18.18,1,0.378
18.19,1,0.340
18.20,1,0.320
18.21,1,0.319
18.22,1,0.302
18.23,1,0.305
18.24,1,0.269
18.25,1,0.239
18.26,1,0.202
18.27,1,0.154
18.28,1,0.137
18.29,1,0.135
18.30,1,0.153
18.31,1,0.205
18.32,1,0.251
18.33,1,0.332
18.34,1,0.395
18.35,1,0.433
18.36,1,0.472
18.37,1,0.485
18.38,1,0.476
18.39,1,0.438
18.40,1,0.353
18.41,1,0.279
18.42,1,0.262
18.43,1,0.236
18.44,1,0.239
18.45,1,0.232
18.46,1,0.219
18.47,1,0.217
18.48,1,0.220
18.49,1,0.227
18.50,1,0.233
18.51,1,0.245
18.52,1,0.246
18.53,1,0.233
18.54,1,0.242
18.55,1,0.276
18.56,1,0.277
18.57,1,0.297
18.58,1,0.230
18.59,1,0.231
18.60,1,0.225
18.61,1,0.259
18.62,1,0.313
18.63,1,0.393
18.64,1,0.422
18.65,1,0.419
18.66,1,0.357
18.67,1,0.297
18.68,1,0.235
18.69,1,0.169
18.70,1,0.185
18.71,1,0.206
18.72,1,0.218
18.73,1,0.223
18.74,1,0.224
18.75,1,0.231
18.76,1,0.243
18.77,1,0.227
18.78,1,0.243
18.79,1,0.285
18.80,1,0.312
18.81,1,0.318
18.82,0,
18.83,0,
18.84,0,
18.85,0,
18.86,0,
18.87,0,
18.88,0,
18.89,0,
18.90,0,
18.91,0,
18.92,0,
18.93,0,
18.94,0,
18.95,0,
18.96,0,
18.97,0,
18.98,0,
18.99,0,
19.00,0,
19.01,0,
19.02,0,
19.03,0,
19.04,0,
19.05,0,
19.06,0,
19.07,0,
19.08,0,
19.09,0,
19.10,0,
19.11,0,
19.12,0,
19.13,0,
19.14,0,
19.15,0,
19.16,0,
19.17,0,
19.18,0,
19.19,0,
19.20,0,
19.21,0,
19.22,0,
19.23,0,
19.24,0,
19.25,0,
19.26,0,
19.27,0,
19.28,0,
19.29,0,
19.30,0,
19.31,0,
19.32,0,
19.33,0,
19.34,0,
19.35,0,
19.36,0,
19.37,0,
19.38,0,
19.39,0,
19.40,0,
19.41,0,
19.42,0,
19.43,0,
19.44,0,
19.45,0,
19.46,0,
19.47,0,
19.48,0,
19.49,0,
19.50,0,
19.51,0,
19.52,0,
19.53,0,
19.54,0,
19.55,0,
19.56,0,
19.57,0,
19.58,0,
19.59,0,
19.60,0,
19.61,0,
19.62,0,
19.63,0,
19.64,0,
19.65,0,
19.66,0,
19.67,0,
19.68,0,
19.69,0,
19.70,0,
19.71,0,
19.72,0,
19.73,0,
19.74,0,
19.75,0,
19.76,0,
19.77,0,
19.78,0,
19.79,0,
19.80,0,
19.81,0,
19.82,0,
19.83,0,
19.84,0,
19.85,0,
19.86,0,
19.87,0,
19.88,0,
19.89,0,
19.90,0,
19.91,0,
19.92,0,
19.93,0,
19.94,0,
19.95,0,
19.96,0,
19.97,0,
19.98,0,
19.99,0,
20.00,0,
20.01,0,
20.02,1,0.060
20.03,1,0.067
20.04,1,0.073
20.05,1,0.075
20.06,1,0.080
20.07,1,0.087
20.08,1,0.097
20.09,1,0.110
20.10,1,0.117
20.11,1,0.118
20.12,1,0.118
20.13,1,0.059
20.14,1,0.039
20.15,1,0.033
20.16,1,0.037
20.17,1,0.041
20.18,1,0.048
20.19,1,0.055
20.20,1,0.066
20.21,1,0.075
20.22,1,0.081
20.23,1,0.081
20.24,1,0.086
20.25,1,0.090
20.26,1,0.107
20.27,1,0.101
20.28,1,0.074
20.29,1,0.061
20.30,1,0.051
20.31,1,0.042
20.32,1,0.042
20.33,1,0.043
20.34,1,0.043
20.35,1,0.044
20.36,1,0.043
20.37,1,0.046
20.38,1,0.055
20.39,1,0.064
20.40,1,0.071
20.41,1,0.074
20.42,1,0.070
20.43,1,0.064
20.44,1,0.061
20.45,1,0.062
20.46,1,0.062
20.47,1,0.064
20.48,1,0.067
20.49,1,0.078
20.50,1,0.111
20.51,1,0.151
20.52,1,0.186
20.53,1,0.213
20.54,1,0.291
20.55,1,0.360
20.56,1,0.307
20.57,1,0.209
20.58,1,0.133
20.59,1,0.066
20.60,1,0.056
20.61,1,0.060
20.62,1,0.082
20.63,1,0.109
20.64,1,0.123
20.65,1,0.145
20.66,1,0.178
20.67,1,0.174
20.68,1,0.182
20.69,1,0.204
20.70,1,0.179
20.71,1,0.147
20.72,1,0.119
20.73,1,0.095
20.74,1,0.091
20.75,1,0.083
20.76,1,0.074
20.77,1,0.072
20.78,1,0.079
20.79,1,0.090
20.80,1,0.104
20.81,1,0.113
20.82,1,0.115
20.83,1,0.105
20.84,1,0.094
20.85,1,0.076
20.86,1,0.063
20.87,1,0.055
20.88,1,0.048
20.89,1,0.039
20.90,1,0.059
20.91,1,0.109
20.92,1,0.149
20.93,1,0.174
20.94,1,0.181
20.95,1,0.175
20.96,1,0.135
20.97,1,0.100
20.98,1,0.102
20.99,1,0.110
21.00,1,0.118
21.01,1,0.125
21.02,1,0.128
21.03,1,0.119
21.04,1,0.135
21.05,1,0.150
21.06,1,0.172
21.07,1,0.208
21.08,1,0.277
21.09,1,0.570
21.10,1,0.857
21.11,1,0.803
21.12,1,0.955
21.13,1,1.094
21.14,1,0.862
21.15,1,0.941
21.16,1,1.071
21.17,1,1.064
21.18,1,0.829
21.19,1,0.491
21.20,1,0.232
21.21,1,0.133
21.22,1,0.086
21.23,1,0.067
21.24,1,0.058
21.25,1,0.070
21.26,1,0.094
21.27,1,0.118
21.28,1,0.155
21.29,1,0.197
21.30,1,0.258
21.31,1,0.480
21.32,1,0.573
21.33,1,0.838
21.34,1,0.825
21.35,1,0.338
21.36,1,0.242
21.37,1,0.132
21.38,1,0.100
21.39,1,0.084
21.40,1,0.079
21.41,1,0.081
21.42,1,0.094
21.43,1,0.099
21.44,1,0.109
21.45,1,0.132
21.46,1,0.164
21.47,1,0.249
21.48,1,0.572
21.49,1,0.759
21.50,1,0.337
21.51,1,0.251
21.52,1,0.142
21.53,1,0.075
21.54,1,0.059
21.55,1,0.055
21.56,1,0.054
21.57,1,0.057
21.58,1,0.069
21.59,1,0.071
21.60,1,0.075
21.61,1,0.081
21.62,1,0.090
21.63,1,0.106
21.64,1,0.114
21.65,1,0.116
21.66,1,0.117
21.67,1,0.115
21.68,1,0.123
21.69,1,0.150
21.70,1,0.215
21.71,1,0.357
21.72,1,0.524
21.73,1,0.687
21.74,1,0.625
21.75,1,0.614
21.76,1,0.601
21.77,1,0.606
21.78,1,0.648
21.79,1,0.761
21.80,1,0.750
21.81,1,0.311
21.82,1,0.174
21.83,1,0.099
21.84,1,0.059
21.85,1,0.048
21.86,1,0.060
21.87,1,0.088
21.88,1,0.106
21.89,1,0.119
21.90,1,0.131
21.91,1,0.130
21.92,1,0.115
21.93,1,0.103
21.94,1,0.097
21.95,1,0.103
21.96,1,0.114
21.97,1,0.119
21.98,1,0.124
21.99,1,0.127
22.00,1,0.134
22.01,1,0.161
22.02,1,0.165
22.03,1,0.161
22.04,1,0.147
22.05,1,0.130
22.06,1,0.109
22.07,1,0.094
22.08,1,0.083
22.09,1,0.091
22.10,1,0.109
22.11,1,0.125
22.12,1,0.131
22.13,1,0.132
22.14,1,0.124
22.15,1,0.097
22.16,1,0.080
22.17,1,0.080
22.18,1,0.088
22.19,1,0.097
22.20,1,0.102
22.21,1,0.113
22.22,1,0.119
22.23,1,0.120
22.24,1,0.115
22.25,1,0.126
22.26,1,0.150
22.27,1,0.165
22.28,1,0.174
22.29,1,0.181
22.30,1,0.168
22.31,1,0.156
22.32,1,0.148
22.33,1,0.132
22.34,1,0.124
22.35,1,0.129
22.36,1,0.128
22.37,1,0.131
22.38,1,0.140
22.39,1,0.136
22.40,1,0.130
22.41,1,0.139
22.42,1,0.130
22.43,1,0.148
22.44,1,0.161
22.45,1,0.175
22.46,1,0.203
22.47,1,0.244
22.48,1,0.325
22.49,1,0.506
22.50,1,0.766
22.51,1,0.759
22.52,1,0.584
22.53,1,0.372
22.54,1,0.312
22.55,1,0.268
22.56,1,0.228
22.57,1,0.209
22.58,1,0.183
22.59,1,0.169
22.60,1,0.186
22.61,1,0.231
22.62,1,0.319
22.63,1,0.435
22.64,1,0.609
22.65,1,0.672
22.66,1,0.686
22.67,1,0.752
22.68,1,0.814
22.69,1,0.746
22.70,1,0.760
22.71,1,0.495
22.72,1,0.287
22.73,1,0.181
22.74,1,0.142
22.75,1,0.125
22.76,1,0.116
22.77,1,0.106
22.78,1,0.109
22.79,1,0.103
22.80,1,0.088
22.81,1,0.077
22.82,1,0.075
22.83,1,0.083
22.84,1,0.094
22.85,1,0.114
22.86,1,0.134
22.87,1,0.148
22.88,1,0.156
22.89,1,0.157
22.90,1,0.146
22.91,1,0.126
22.92,1,0.115
22.93,1,0.114
22.94,1,0.121
22.95,1,0.131
22.96,1,0.138
22.97,1,0.129
22.98,1,0.111
22.99,1,0.091
23.00,1,0.070
23.01,1,0.052
23.02,1,0.051
23.03,1,0.065
23.04,1,0.080
23.05,1,0.094
23.06,1,0.113
23.07,1,0.140
23.08,1,0.174
23.09,1,0.212
23.10,1,0.217
23.11,1,0.204
23.12,1,0.160
23.13,1,0.124
23.14,1,0.108
23.15,1,0.118
23.16,1,0.125
23.17,1,0.143
23.18,1,0.152
23.19,1,0.178
23.20,1,0.205
23.21,1,0.276
23.22,1,0.535
23.23,1,0.741
23.24,1,0.354
23.25,1,0.235
23.26,1,0.182
23.27,1,0.115
23.28,1,0.077
23.29,1,0.065
23.30,1,0.061
23.31,1,0.072
23.32,1,0.095
23.33,1,0.125
23.34,1,0.169
23.35,1,0.244
23.36,1,0.442
23.37,1,0.663
23.38,1,0.409
23.39,1,0.310
23.40,1,0.112
23.41,1,0.067
23.42,1,0.054
23.43,1,0.057
23.44,1,0.059
23.45,1,0.069
23.46,1,0.077
23.47,1,0.084
23.48,1,0.084
23.49,1,0.082
23.50,1,0.080
23.51,1,0.090
23.52,1,0.107
23.53,1,0.113
23.54,1,0.124
23.55,1,0.129
23.56,1,0.122
23.57,1,0.117
23.58,1,0.121
23.59,1,0.120
23.60,1,0.128
23.61,1,0.146
23.62,1,0.159
23.63,1,0.184
23.64,1,0.261
23.65,1,0.426
23.66,1,0.534
23.67,1,0.599
23.68,1,0.686
23.69,1,0.180
23.70,1,0.153
23.71,1,0.134
23.72,1,0.131
23.73,1,0.123
23.74,1,0.101
23.75,1,0.067
23.76,1,0.054
23.77,1,0.047
23.78,1,0.054
23.79,1,0.077
23.80,1,0.106
23.81,1,0.137
23.82,1,0.175
23.83,1,0.204
23.84,1,0.194
23.85,1,0.184
23.86,1,0.139
23.87,1,0.111
23.88,1,0.111
23.89,1,0.093
23.90,1,0.078
23.91,1,0.070
23.92,1,0.059
23.93,1,0.062
23.94,1,0.092
23.95,1,0.122
23.96,1,0.159
23.97,1,0.241
23.98,1,0.398
23.99,1,0.704
24.00,1,0.951
24.01,1,0.760
24.02,1,0.424
24.03,1,0.143
24.04,1,0.129
24.05,1,0.088
24.06,1,0.064
24.07,1,0.057
24.08,1,0.058
24.09,1,0.056
24.10,1,0.065
24.11,1,0.080
24.12,1,0.093
24.13,1,0.108
24.14,1,0.117
24.15,1,0.115
24.16,1,0.111
24.17,1,0.103
24.18,1,0.093
24.19,1,0.107
24.20,1,0.135
24.21,1,0.178
24.22,1,0.222
24.23,1,0.290
24.24,1,0.319
24.25,1,0.283
24.26,1,0.216
24.27,1,0.200
24.28,1,0.175
24.29,1,0.167
24.30,1,0.161
24.31,1,0.157
24.32,1,0.147
24.33,1,0.120
24.34,1,0.106
24.35,1,0.114
24.36,1,0.123
24.37,1,0.086
24.38,1,0.061
24.39,1,0.055
24.40,1,0.058
24.41,1,0.066
24.42,1,0.081
24.43,1,0.106
24.44,1,0.123
24.45,1,0.128
24.46,1,0.141
24.47,1,0.146
24.48,1,0.133
24.49,1,0.113
24.50,1,0.098
24.51,1,0.078
24.52,1,0.070
24.53,1,0.070
24.54,1,0.070
24.55,1,0.079
24.56,1,0.091
24.57,1,0.103
24.58,1,0.107
24.59,1,0.109
24.60,1,0.103
24.61,1,0.096
24.62,1,0.097
24.63,1,0.102
24.64,1,0.116
24.65,1,0.139
24.66,1,0.167
24.67,1,0.183
24.68,1,0.174
24.69,1,0.152
24.70,1,0.140
24.71,1,0.130
24.72,1,0.117
24.73,1,0.114
24.74,1,0.124
24.75,1,0.140
24.76,1,0.163
24.77,1,0.193
24.78,1,0.207
24.79,1,0.186
24.80,1,0.178
24.81,1,0.162
24.82,1,0.137
24.83,1,0.135
24.84,1,0.139
24.85,1,0.127
24.86,1,0.126
24.87,1,0.150
24.88,1,0.175
24.89,1,0.222
24.90,1,0.300
24.91,1,0.548
24.92,1,0.870
24.93,1,0.973
24.94,1,0.924
24.95,1,0.837
24.96,1,0.756
24.97,1,0.872
24.98,1,0.583
24.99,1,0.458
25.00,1,0.220
25.01,1,0.136
25.02,1,0.092
25.03,1,0.079
25.04,1,0.078
25.05,1,0.077
25.06,1,0.081
25.07,1,0.089
25.08,1,0.093
25.09,1,0.102
25.10,1,0.103
25.11,1,0.109
25.12,1,0.113
25.13,1,0.114
25.14,1,0.111
25.15,1,0.104
25.16,1,0.102
25.17,1,0.098
25.18,1,0.095
25.19,1,0.088
25.20,1,0.083
25.21,1,0.088
25.22,1,0.089
25.23,1,0.088
25.24,1,0.085
25.25,1,0.080
25.26,1,0.065
25.27,1,0.055
25.28,1,0.055
25.29,1,0.058
25.30,1,0.064
25.31,1,0.073
25.32,1,0.091
25.33,1,0.109
25.34,1,0.133
25.35,1,0.150
25.36,1,0.150
25.37,1,0.131
25.38,1,0.112
25.39,1,0.094
25.40,1,0.078
25.41,1,0.080
25.42,1,0.078
25.43,1,0.076
25.44,1,0.086
25.45,1,0.095
25.46,1,0.090
25.47,1,0.084
25.48,1,0.084
25.49,1,0.078
25.50,1,0.080
25.51,1,0.085
25.52,1,0.091
25.53,1,0.098
25.54,1,0.101
25.55,1,0.099
25.56,1,0.094
25.57,1,0.093
25.58,1,0.098
25.59,1,0.124
25.60,1,0.167
25.61,1,0.209
25.62,1,0.260
25.63,1,0.350
25.64,1,0.433
25.65,1,0.573
25.66,1,0.841
25.67,1,0.836
25.68,1,0.511
25.69,1,0.369
25.70,1,0.265
25.71,1,0.199
25.72,1,0.170
25.73,1,0.155
25.74,1,0.148
25.75,1,0.130
25.76,1,0.123
25.77,1,0.112
25.78,1,0.118
25.79,1,0.126
25.80,1,0.151
25.81,1,0.152
25.82,1,0.161
25.83,1,0.171
25.84,1,0.174
25.85,1,0.193
25.86,1,0.264
25.87,1,0.424
25.88,1,0.661
25.89,1,0.650
25.90,1,0.598
25.91,1,0.371
25.92,1,0.112
25.93,1,0.050
25.94,1,0.047
25.95,1,0.053
25.96,1,0.060
25.97,1,0.062
25.98,1,0.065
25.99,1,0.062
26.00,1,0.063
26.01,1,0.070
26.02,1,0.081
26.03,1,0.092
26.04,1,0.104
26.05,1,0.108
26.06,1,0.104
26.07,1,0.104
26.08,1,0.103
26.09,1,0.095
26.10,1,0.100
26.11,1,0.109
26.12,1,0.115
26.13,1,0.113
26.14,1,0.113
26.15,1,0.104
26.16,1,0.089
26.17,1,0.080
26.18,1,0.078
26.19,1,0.075
26.20,1,0.094
26.21,1,0.103
26.22,1,0.113
26.23,1,0.117
26.24,1,0.118
26.25,1,0.121
26.26,1,0.122
26.27,1,0.123
26.28,1,0.129
26.29,1,0.132
26.30,1,0.129
26.31,1,0.137
26.32,1,0.165
26.33,1,0.184
26.34,1,0.201
26.35,1,0.214
26.36,1,0.226
26.37,1,0.229
26.38,1,0.224
26.39,1,0.218
26.40,1,0.206
26.41,1,0.190
26.42,1,0.178
26.43,1,0.167
26.44,1,0.169
26.45,1,0.167
26.46,1,0.173
26.47,1,0.191
26.48,1,0.219
26.49,1,0.284
26.50,1,0.490
26.51,1,0.806
26.52,1,1.073
26.53,1,1.304
26.54,1,1.189
26.55,1,0.551
26.56,1,0.353
26.57,1,0.140
26.58,1,0.095
26.59,1,0.073
26.60,1,0.060
26.61,1,0.056
26.62,1,0.064
26.63,1,0.074
26.64,1,0.097
26.65,1,0.123
26.66,1,0.144
26.67,1,0.151
26.68,1,0.150
26.69,1,0.149
26.70,1,0.141
26.71,1,0.127
26.72,1,0.114
26.73,1,0.126
26.74,1,0.122
26.75,1,0.125
26.76,1,0.130
26.77,1,0.133
26.78,1,0.134
26.79,1,0.143
26.80,1,0.145
26.81,1,0.146
26.82,1,0.140
26.83,1,0.126
26.84,1,0.125
26.85,1,0.116
26.86,1,0.112
26.87,1,0.107
26.88,1,0.100
26.89,1,0.089
26.90,1,0.086
26.91,1,0.086
26.92,1,0.097
26.93,1,0.113
26.94,1,0.128
26.95,1,0.144
26.96,1,0.163
26.97,1,0.168
26.98,1,0.169
26.99,1,0.162
27.00,1,0.147
27.01,1,0.131
27.02,1,0.117
27.03,1,0.107
27.04,1,0.104
27.05,1,0.106
27.06,1,0.126
27.07,1,0.131
27.08,1,0.136
27.09,1,0.124
27.10,1,0.113
27.11,1,0.098
27.12,1,0.109
27.13,1,0.143
27.14,1,0.197
27.15,1,0.237
27.16,1,0.257
27.17,1,0.260
27.18,1,0.219
27.19,1,0.176
27.20,1,0.146
27.21,1,0.131
27.22,1,0.153
27.23,1,0.163
27.24,1,0.137
27.25,1,0.099
27.26,1,0.078
27.27,1,0.064
27.28,1,0.066
27.29,1,0.076
27.30,1,0.080
27.31,1,0.079
27.32,1,0.077
27.33,1,0.069
27.34,1,0.057
27.35,1,0.056
27.36,1,0.058
27.37,1,0.062
27.38,1,0.063
27.39,1,0.061
27.40,1,0.061
27.41,1,0.062
27.42,1,0.062
27.43,1,0.065
27.44,1,0.068
27.45,1,0.066
27.46,1,0.066
27.47,1,0.065
27.48,1,0.062
27.49,1,0.064
27.50,1,0.064
27.51,1,0.061
27.52,1,0.064
27.53,1,0.062
27.54,1,0.069
27.55,1,0.071
27.56,1,0.073
27.57,1,0.076
27.58,1,0.080
27.59,1,0.079
27.60,1,0.076
27.61,1,0.076
27.62,1,0.082
27.63,1,0.081
27.64,1,0.092
27.65,1,0.108
27.66,1,0.134
27.67,1,0.153
27.68,1,0.163
27.69,1,0.173
27.70,1,0.164
27.71,1,0.163
27.72,1,0.151
27.73,1,0.137
27.74,1,0.132
27.75,1,0.124
27.76,1,0.113
27.77,1,0.114
27.78,1,0.115
27.79,1,0.124
27.80,1,0.145
27.81,1,0.153
27.82,1,0.160
27.83,1,0.154
27.84,1,0.126
27.85,1,0.095
27.86,1,0.087
27.87,1,0.074
27.88,1,0.075
27.89,1,0.074
27.90,1,0.079
27.91,1,0.081
27.92,1,0.081
27.93,1,0.085
27.94,1,0.092
27.95,1,0.095
27.96,1,0.099
27.97,1,0.109
27.98,1,0.114
27.99,1,0.112
28.00,1,0.107
28.01,1,0.092
28.02,1,0.101
28.03,1,0.107
28.04,1,0.111
28.05,1,0.117
28.06,1,0.118
28.07,1,0.114
28.08,1,0.113
28.09,1,0.101
28.10,1,0.095
28.11,1,0.094
28.12,1,0.092
28.13,1,0.091
28.14,1,0.096
28.15,1,0.109
28.16,1,0.114
28.17,1,0.119
28.18,1,0.136
28.19,1,0.150
28.20,1,0.140
28.21,1,0.146
28.22,1,0.161
28.23,1,0.148
28.24,1,0.153
28.25,1,0.153
28.26,1,0.170
28.27,1,0.178
28.28,1,0.179
28.29,1,0.170
28.30,1,0.165
28.31,1,0.123
28.32,1,0.107
28.33,1,0.103
28.34,1,0.097
28.35,1,0.093
28.36,1,0.088
28.37,1,0.080
28.38,1,0.077
28.39,1,0.075
28.40,1,0.102
28.41,1,0.145
28.42,1,0.196
28.43,1,0.297
28.44,1,0.447
28.45,1,0.651
28.46,1,0.752
28.47,1,0.639
28.48,1,0.609
28.49,1,0.662
28.50,1,0.506
28.51,1,0.470
28.52,1,0.502
28.53,1,0.471
28.54,1,0.450
28.55,1,0.507
28.56,1,0.492
28.57,1,0.548
28.58,1,0.739
28.59,1,0.806
28.60,1,0.715
28.61,1,0.290
28.62,1,0.150
28.63,1,0.090
28.64,1,0.085
28.65,1,0.074
28.66,1,0.073
28.67,1,0.070
28.68,1,0.063
28.69,1,0.055
28.70,1,0.055
28.71,1,0.067
28.72,1,0.084
28.73,1,0.104
28.74,1,0.151
28.75,1,0.246
28.76,1,0.499
28.77,1,0.644
28.78,1,0.611
28.79,1,0.538
28.80,1,0.284
28.81,1,0.137
28.82,1,0.089
28.83,1,0.082
28.84,1,0.073
28.85,1,0.069
28.86,1,0.070
28.87,1,0.087
28.88,1,0.095
28.89,1,0.112
28.90,1,0.121
28.91,1,0.116
28.92,1,0.113
28.93,1,0.110
28.94,1,0.099
28.95,1,0.095
28.96,1,0.097
28.97,1,0.092
28.98,1,0.084
28.99,1,0.083
29.00,1,0.083
29.01,1,0.079
29.02,1,0.081
29.03,1,0.083
29.04,1,0.081
29.05,1,0.080
29.06,1,0.082
29.07,1,0.089
29.08,1,0.108
29.09,1,0.123
29.10,1,0.140
29.11,1,0.139
29.12,1,0.126
29.13,1,0.113
29.14,1,0.100
29.15,1,0.085
29.16,1,0.079
29.17,1,0.084
29.18,1,0.097
29.19,1,0.115
29.20,1,0.135
29.21,1,0.139
29.22,1,0.139
29.23,1,0.135
29.24,1,0.122
29.25,1,0.103
29.26,1,0.096
29.27,1,0.088
29.28,1,0.081
29.29,1,0.086
29.30,1,0.096
29.31,1,0.107
29.32,1,0.113
29.33,1,0.116
29.34,1,0.115
29.35,1,0.108
29.36,1,0.103
29.37,1,0.102
29.38,1,0.101
29.39,1,0.101
29.40,1,0.111
29.41,1,0.116
29.42,1,0.116
29.43,1,0.112
29.44,1,0.109
29.45,1,0.099
29.46,1,0.096
29.47,1,0.097
29.48,1,0.101
29.49,1,0.106
29.50,1,0.112
29.51,1,0.121
29.52,1,0.127
29.53,1,0.127
29.54,1,0.126
29.55,1,0.125
29.56,1,0.120
29.57,1,0.122
29.58,1,0.119
29.59,1,0.113
29.60,1,0.107
29.61,1,0.103
29.62,1,0.095
29.63,1,0.098
29.64,1,0.101
29.65,1,0.105
29.66,1,0.110
29.67,1,0.117
29.68,1,0.123
29.69,1,0.128
29.70,1,0.126
29.71,1,0.117
29.72,1,0.111
29.73,1,0.114
29.74,1,0.122
29.75,1,0.130
29.76,1,0.135
29.77,1,0.131
29.78,1,0.127
29.79,1,0.126
29.80,1,0.135
29.81,1,0.159
29.82,1,0.197
29.83,1,0.272
29.84,1,0.331
29.85,1,0.381
29.86,1,0.453
29.87,1,0.472
29.88,1,0.425
29.89,1,0.381
29.90,1,0.313
29.91,1,0.216
29.92,1,0.119
29.93,1,0.081
29.94,1,0.072
29.95,1,0.073
29.96,1,0.072
29.97,1,0.077
29.98,1,0.077
29.99,1,0.075
30.00,1,0.070
30.01,1,0.071
30.02,1,0.084
30.03,1,0.106
30.04,1,0.115
30.05,1,0.126
30.06,1,0.133
30.07,1,0.136
30.08,1,0.139
30.09,1,0.140
30.10,1,0.135
30.11,1,0.120
30.12,1,0.112
30.13,1,0.104
30.14,1,0.096
30.15,1,0.093
30.16,1,0.083
30.17,1,0.059
30.18,1,0.051
30.19,1,0.060
30.20,1,0.063
30.21,1,0.065
30.22,1,0.072
30.23,1,0.073
30.24,1,0.074
30.25,1,0.082
30.26,1,0.083
30.27,1,0.087
30.28,1,0.094
30.29,1,0.097
30.30,1,0.088
30.31,1,0.087
30.32,1,0.085
30.33,1,0.089
30.34,1,0.108
30.35,1,0.121
30.36,1,0.114
30.37,1,0.106
30.38,1,0.089
30.39,1,0.081
30.40,1,0.080
30.41,1,0.086
30.42,1,0.083
30.43,1,0.077
30.44,1,0.074
30.45,1,0.074
30.46,1,0.068
30.47,1,0.073
30.48,1,0.082
30.49,1,0.093
30.50,1,0.097
30.51,1,0.094
30.52,1,0.087
30.53,1,0.079
30.54,1,0.074
30.55,1,0.074
30.56,1,0.069
30.57,1,0.068
30.58,1,0.068
30.59,1,0.072
30.60,1,0.087
30.61,1,0.098
30.62,1,0.114
30.63,1,0.148
30.64,1,0.219
30.65,1,0.276
30.66,1,0.260
30.67,1,0.244
30.68,1,0.186
30.69,1,0.168
30.70,1,0.100
30.71,1,0.090
30.72,1,0.078
30.73,1,0.092
30.74,1,0.093
30.75,1,0.096
30.76,1,0.102
30.77,1,0.104
30.78,1,0.101
30.79,1,0.109
30.80,1,0.126
30.81,1,0.139
30.82,1,0.135
30.83,1,0.114
30.84,1,0.100
30.85,1,0.091
30.86,1,0.113
30.87,1,0.140
30.88,1,0.172
30.89,1,0.202
30.90,1,0.217
30.91,1,0.218
30.92,1,0.224
30.93,1,0.226
30.94,1,0.231
30.95,1,0.247
30.96,1,0.288
30.97,1,0.404
30.98,1,0.575
30.99,1,0.577
31.00,1,0.256
31.01,1,0.113
31.02,1,0.063
31.03,1,0.045
31.04,1,0.032
31.05,1,0.031
31.06,1,0.040
31.07,1,0.043
31.08,1,0.047
31.09,1,0.047
31.10,1,0.046
31.11,1,0.045
31.12,1,0.043
31.13,1,0.043
31.14,1,0.042
31.15,1,0.044
31.16,1,0.047
31.17,1,0.051
31.18,1,0.055
31.19,1,0.059
31.20,1,0.064
31.21,1,0.066
31.22,1,0.069
31.23,1,0.070
31.24,1,0.068
31.25,1,0.063
31.26,1,0.058
31.27,1,0.053
31.28,1,0.052
31.29,1,0.053
31.30,1,0.052
31.31,1,0.063
31.32,1,0.078
31.33,1,0.081
31.34,1,0.087
31.35,1,0.089
31.36,1,0.079
31.37,1,0.073
31.38,1,0.079
31.39,1,0.078
31.40,1,0.083
31.41,1,0.083
31.42,1,0.089
31.43,1,0.103
31.44,1,0.125
31.45,1,0.152
31.46,1,0.165
31.47,1,0.144
31.48,1,0.105
31.49,1,0.084
31.50,1,0.071
31.51,1,0.066
31.52,1,0.063
31.53,1,0.067
31.54,1,0.076
31.55,1,0.088
31.56,1,0.098
31.57,1,0.112
31.58,1,0.128
31.59,1,0.143
31.60,1,0.163
31.61,1,0.192
31.62,1,0.206
31.63,1,0.194
31.64,1,0.159
31.65,1,0.132
31.66,1,0.112
31.67,1,0.098
31.68,1,0.090
31.69,1,0.084
31.70,1,0.073
31.71,1,0.073
31.72,1,0.074
31.73,1,0.074
31.74,1,0.081
31.75,1,0.082
31.76,1,0.078
31.77,1,0.076
31.78,1,0.078
31.79,1,0.063
31.80,1,0.055
31.81,1,0.053
31.82,1,0.051
31.83,1,0.055
31.84,1,0.058
31.85,1,0.066
31.86,1,0.074
31.87,1,0.080
31.88,1,0.077
31.89,1,0.074
31.90,1,0.069
31.91,1,0.067
31.92,1,0.066
31.93,1,0.067
31.94,1,0.069
31.95,1,0.068
31.96,1,0.066
31.97,1,0.069
31.98,1,0.075
31.99,1,0.083
32.00,1,0.101
32.01,1,0.116
32.02,1,0.129
32.03,1,0.159
32.04,1,0.171
32.05,1,0.135
32.06,1,0.107
32.07,1,0.088
32.08,1,0.078
32.09,1,0.078
32.10,1,0.093
32.11,1,0.095
32.12,1,0.091
32.13,1,0.089
32.14,1,0.081
32.15,1,0.060
32.16,1,0.060
32.17,1,0.063
32.18,1,0.066
32.19,1,0.071
32.20,1,0.077
32.21,1,0.081
32.22,1,0.081
32.23,1,0.074
32.24,1,0.065
32.25,1,0.063
32.26,1,0.067
32.27,1,0.068
32.28,1,0.072
32.29,1,0.077
32.30,1,0.072
32.31,1,0.077
32.32,1,0.087
32.33,1,0.099
32.34,1,0.113
32.35,1,0.133
32.36,1,0.144
32.37,1,0.162
32.38,1,0.184
32.39,1,0.170
32.40,1,0.106
32.41,1,0.078
32.42,1,0.064
32.43,1,0.051
32.44,1,0.043
32.45,1,0.044
32.46,1,0.060
32.47,1,0.067
32.48,1,0.070
32.49,1,0.079
32.50,1,0.087
32.51,1,0.083
32.52,1,0.091
32.53,1,0.096
32.54,1,0.094
32.55,1,0.088
32.56,1,0.080
32.57,1,0.076
32.58,1,0.082
32.59,1,0.095
32.60,1,0.110
32.61,1,0.137
32.62,1,0.168
32.63,1,0.193
32.64,1,0.203
32.65,1,0.213
32.66,1,0.214
32.67,1,0.201
32.68,1,0.190
32.69,1,0.197
32.70,1,0.192
32.71,1,0.175
32.72,1,0.159
32.73,1,0.144
32.74,1,0.118
32.75,1,0.098
32.76,1,0.105
32.77,1,0.122
32.78,1,0.124
32.79,1,0.129
32.80,1,0.146
32.81,1,0.128
32.82,1,0.114
32.83,1,0.120
32.84,1,0.132
32.85,1,0.150
32.86,1,0.171
32.87,1,0.156
32.88,1,0.106
32.89,1,0.096
32.90,1,0.082
32.91,1,0.068
32.92,1,0.061
32.93,1,0.056
32.94,1,0.044
32.95,1,0.046
32.96,1,0.053
32.97,1,0.067
32.98,1,0.080
32.99,1,0.092
33.00,1,0.094
33.01,1,0.092
33.02,1,0.085
33.03,1,0.078
33.04,1,0.069
33.05,1,0.067
33.06,1,0.068
33.07,1,0.068
33.08,1,0.066
33.09,1,0.063
33.10,1,0.058
33.11,1,0.056
33.12,1,0.058
33.13,1,0.064
33.14,1,0.072
33.15,1,0.080
33.16,1,0.086
33.17,1,0.089
33.18,1,0.089
33.19,1,0.088
33.20,1,0.090
33.21,1,0.098
33.22,1,0.109
33.23,1,0.124
33.24,1,0.135
33.25,1,0.138
33.26,1,0.134
33.27,1,0.137
33.28,1,0.133
33.29,1,0.132
33.30,1,0.123
33.31,1,0.111
33.32,1,0.100
33.33,1,0.111
33.34,1,0.127
33.35,1,0.158
33.36,1,0.212
33.37,1,0.244
33.38,1,0.248
33.39,1,0.319
33.40,1,0.382
33.41,1,0.432
33.42,1,0.504
33.43,1,0.527
33.44,1,0.574
33.45,1,0.570
33.46,1,0.565
33.47,1,0.560
33.48,1,0.530
33.49,1,0.523
33.50,1,0.494
33.51,1,0.525
33.52,1,0.622
33.53,1,0.759
33.54,1,0.864
33.55,1,0.946
33.56,1,0.885
33.57,1,0.808
33.58,1,0.687
33.59,1,0.576
33.60,1,0.353
33.61,1,0.229
33.62,1,0.153
33.63,1,0.122
33.64,1,0.089
33.65,1,0.074
33.66,1,0.063
33.67,1,0.063
33.68,1,0.064
33.69,1,0.076
33.70,1,0.082
33.71,1,0.081
33.72,1,0.081
33.73,1,0.076
33.74,1,0.070
33.75,1,0.074
33.76,1,0.077
33.77,1,0.083
33.78,1,0.113
33.79,1,0.147
33.80,1,0.215
33.81,1,0.320
33.82,1,0.370
33.83,1,0.249
33.84,1,0.129
33.85,1,0.071
33.86,1,0.060
33.87,1,0.053
33.88,1,0.048
33.89,1,0.049
33.90,1,0.061
33.91,1,0.072
33.92,1,0.093
33.93,1,0.111
33.94,1,0.123
33.95,1,0.142
33.96,1,0.194
33.97,1,0.285
33.98,1,0.351
33.99,1,0.220
34.00,1,0.178
34.01,1,0.150
34.02,1,0.100
34.03,1,0.070
34.04,1,0.051
34.05,1,0.040
34.06,1,0.049
34.07,1,0.064
34.08,1,0.078
34.09,1,0.114
34.10,1,0.137
34.11,1,0.126
34.12,1,0.122
34.13,1,0.107
34.14,1,0.079
34.15,1,0.069
34.16,1,0.060
34.17,1,0.061
34.18,1,0.065
34.19,1,0.069
34.20,1,0.071
34.21,1,0.073
34.22,1,0.070
34.23,1,0.072
34.24,1,0.069
34.25,1,0.063
34.26,1,0.058
34.27,1,0.058
34.28,1,0.058
34.29,1,0.065
34.30,1,0.067
34.31,1,0.064
34.32,1,0.059
34.33,1,0.058
34.34,1,0.061
34.35,1,0.070
34.36,1,0.081
34.37,1,0.086
34.38,1,0.086
34.39,1,0.082
34.40,1,0.078
34.41,1,0.074
34.42,1,0.085
34.43,1,0.095
34.44,1,0.098
34.45,1,0.104
34.46,1,0.109
34.47,1,0.107
34.48,1,0.100
34.49,1,0.101
34.50,1,0.103
34.51,1,0.102
34.52,1,0.107
34.53,1,0.117
34.54,1,0.138
34.55,1,0.152
34.56,1,0.175
34.57,1,0.231
34.58,1,0.290
34.59,1,0.298
34.60,1,0.191
34.61,1,0.114
34.62,1,0.089
34.63,1,0.082
34.64,1,0.074
34.65,1,0.068
34.66,1,0.052
34.67,1,0.045
34.68,1,0.042
34.69,1,0.046
34.70,1,0.048
34.71,1,0.054
34.72,1,0.061
34.73,1,0.068
34.74,1,0.079
34.75,1,0.098
34.76,1,0.115
34.77,1,0.122
34.78,1,0.123
34.79,1,0.123
34.80,1,0.114
34.81,1,0.110
34.82,1,0.114
34.83,1,0.119
34.84,1,0.117
34.85,1,0.122
34.86,1,0.121
34.87,1,0.116
34.88,1,0.126
34.89,1,0.130
34.90,1,0.124
34.91,1,0.125
34.92,1,0.128
34.93,1,0.114
34.94,1,0.114
34.95,1,0.110
34.96,1,0.078
34.97,1,0.062
34.98,1,0.054
34.99,1,0.052
35.00,1,0.051
35.01,1,0.058
35.02,1,0.061
35.03,1,0.069
35.04,1,0.068
35.05,1,0.070
35.06,1,0.068
35.07,1,0.068
35.08,1,0.065
35.09,1,0.072
35.10,1,0.086
35.11,1,0.088
35.12,1,0.087
35.13,1,0.089
35.14,1,0.080
35.15,1,0.073
35.16,1,0.077
35.17,1,0.083
35.18,1,0.082
35.19,1,0.083
35.20,1,0.085
35.21,1,0.086
35.22,1,0.088
35.23,1,0.102
35.24,1,0.114
35.25,1,0.115
35.26,1,0.116
35.27,1,0.112
35.28,1,0.101
35.29,1,0.085
35.30,1,0.080
35.31,1,0.083
35.32,1,0.083
35.33,1,0.086
35.34,1,0.101
35.35,1,0.105
35.36,1,0.103
35.37,1,0.122
35.38,1,0.146
35.39,1,0.156
35.40,1,0.209
35.41,1,0.311
35.42,1,0.222
35.43,1,0.137
35.44,1,0.114
35.45,1,0.114
35.46,1,0.108
35.47,1,0.107
35.48,1,0.101
35.49,1,0.094
35.50,1,0.086
35.51,1,0.091
35.52,1,0.094
35.53,1,0.094
35.54,1,0.092
35.55,1,0.083
35.56,1,0.080
35.57,1,0.080
35.58,1,0.088
35.59,1,0.097
35.60,1,0.097
35.61,1,0.090
35.62,1,0.082
35.63,1,0.069
35.64,1,0.058
35.65,1,0.048
35.66,1,0.044
35.67,1,0.047
35.68,1,0.052
35.69,1,0.056
35.70,1,0.059
35.71,1,0.064
35.72,1,0.070
35.73,1,0.081
35.74,1,0.093
35.75,1,0.105
35.76,1,0.116
35.77,1,0.131
35.78,1,0.145
35.79,1,0.154
35.80,1,0.158
35.81,1,0.161
35.82,1,0.151
35.83,1,0.144
35.84,1,0.134
35.85,1,0.140
35.86,1,0.135
35.87,1,0.127
35.88,1,0.120
35.89,1,0.119
35.90,1,0.101
35.91,1,0.091
35.92,1,0.088
35.93,1,0.090
35.94,1,0.078
35.95,1,0.081
35.96,1,0.087
35.97,1,0.106
35.98,1,0.119
35.99,1,0.136
36.00,1,0.147
36.01,1,0.149
36.02,1,0.144
36.03,1,0.132
36.04,1,0.132
36.05,1,0.166
36.06,1,0.177
36.07,1,0.115
36.08,1,0.080
36.09,1,0.060
36.10,1,0.050
36.11,1,0.064
36.12,1,0.092
36.13,1,0.117
36.14,1,0.139
36.15,1,0.159
36.16,1,0.171
36.17,1,0.172
36.18,1,0.169
36.19,1,0.166
36.20,1,0.163
36.21,1,0.162
36.22,1,0.159
36.23,1,0.166
36.24,1,0.171
36.25,1,0.166
36.26,1,0.162
36.27,1,0.163
36.28,1,0.156
36.29,1,0.149
36.30,1,0.142
36.31,1,0.131
36.32,1,0.117
36.33,1,0.103
36.34,1,0.095
36.35,1,0.090
36.36,1,0.090
36.37,1,0.091
36.38,1,0.095
36.39,1,0.099
36.40,1,0.099
36.41,1,0.095
36.42,1,0.090
36.43,1,0.086
36.44,1,0.083
36.45,1,0.102
36.46,1,0.132
36.47,1,0.158
36.48,1,0.198
36.49,1,0.225
36.50,1,0.215
36.51,1,0.194
36.52,1,0.160
36.53,1,0.113
36.54,1,0.086
36.55,1,0.080
36.56,1,0.064
36.57,1,0.068
36.58,1,0.068
36.59,1,0.070
36.60,1,0.086
36.61,1,0.093
36.62,1,0.090
36.63,1,0.088
36.64,1,0.097
36.65,1,0.117
36.66,1,0.128
36.67,1,0.137
36.68,1,0.148
36.69,1,0.134
36.70,1,0.116
36.71,1,0.112
36.72,1,0.108
36.73,1,0.114
36.74,1,0.110
36.75,1,0.100
36.76,1,0.099
36.77,1,0.094
36.78,1,0.089
36.79,1,0.095
36.80,1,0.103
36.81,1,0.106
36.82,1,0.112
36.83,1,0.117
36.84,1,0.115
36.85,1,0.108
36.86,1,0.107
36.87,1,0.099
36.88,1,0.090
36.89,1,0.085
36.90,1,0.079
36.91,1,0.067
36.92,1,0.067
36.93,1,0.075
36.94,1,0.086
36.95,1,0.093
36.96,1,0.100
36.97,1,0.102
36.98,1,0.095
36.99,1,0.093
37.00,1,0.092
37.01,1,0.093
37.02,1,0.094
37.03,1,0.099
37.04,1,0.099
37.05,1,0.092
37.06,1,0.097
37.07,1,0.102
37.08,1,0.101
37.09,1,0.104
37.10,1,0.118
37.11,1,0.133
37.12,1,0.148
37.13,1,0.164
37.14,1,0.169
37.15,1,0.160
37.16,1,0.149
37.17,1,0.139
37.18,1,0.139
37.19,1,0.134
37.20,1,0.129
37.21,1,0.122
37.22,1,0.115
37.23,1,0.114
37.24,1,0.115
37.25,1,0.116
37.26,1,0.120
37.27,1,0.122
37.28,1,0.125
37.29,1,0.121
37.30,1,0.117
37.31,1,0.114
37.32,1,0.105
37.33,1,0.097
37.34,1,0.089
37.35,1,0.090
37.36,1,0.087
37.37,1,0.084
37.38,1,0.083
37.39,1,0.087
37.40,1,0.092
37.41,1,0.097
37.42,1,0.108
37.43,1,0.131
37.44,1,0.151
37.45,1,0.221
37.46,1,0.426
37.47,1,0.536
37.48,1,0.506
37.49,1,0.528
37.50,1,0.506
37.51,1,0.472
37.52,1,0.453
37.53,1,0.399
37.54,1,0.363
37.55,1,0.357
37.56,1,0.371
37.57,1,0.359
37.58,1,0.368
37.59,1,0.368
37.60,1,0.343
37.61,1,0.330
37.62,1,0.311
37.63,1,0.273
37.64,1,0.292
37.65,1,0.279
37.66,1,0.279
37.67,1,0.275
37.68,1,0.251
37.69,1,0.242
37.70,1,0.253
37.71,1,0.275
37.72,1,0.291
37.73,1,0.292
37.74,1,0.294
37.75,1,0.269
37.76,1,0.235
37.77,1,0.225
37.78,1,0.228
37.79,1,0.222
37.80,1,0.223
37.81,1,0.225
37.82,1,0.215
37.83,1,0.208
37.84,1,0.224
37.85,1,0.223
37.86,1,0.249
37.87,1,0.286
37.88,1,0.320
37.89,1,0.337
37.90,1,0.351
37.91,1,0.368
37.92,1,0.386
37.93,1,0.146
37.94,1,0.078
37.95,1,0.072
37.96,1,0.074
37.97,1,0.073
37.98,1,0.074
37.99,1,0.078
38.00,1,0.075
38.01,1,0.071
38.02,1,0.063
38.03,1,0.063
38.04,1,0.069
38.05,1,0.069
38.06,1,0.064
38.07,1,0.067
38.08,1,0.070
38.09,1,0.067
38.10,1,0.066
38.11,1,0.070
38.12,1,0.070
38.13,1,0.076
38.14,1,0.092
38.15,1,0.118
38.16,1,0.141
38.17,1,0.172
38.18,1,0.182
38.19,1,0.144
38.20,1,0.114
38.21,1,0.098
38.22,1,0.090
38.23,1,0.080
38.24,1,0.068
38.25,1,0.075
38.26,1,0.081
38.27,1,0.087
38.28,1,0.122
38.29,1,0.159
38.30,1,0.308
38.31,1,0.347
38.32,1,0.364
38.33,1,0.333
38.34,1,0.334
38.35,1,0.362
38.36,1,0.397
38.37,1,0.404
38.38,1,0.395
38.39,1,0.347
38.40,1,0.244
38.41,1,0.075
38.42,1,0.043
38.43,1,0.037
38.44,1,0.035
38.45,1,0.033
38.46,1,0.034
38.47,1,0.038
38.48,1,0.042
38.49,1,0.050
38.50,1,0.060
38.51,1,0.072
38.52,1,0.084
38.53,1,0.084
38.54,1,0.081
38.55,1,0.073
38.56,1,0.064
38.57,1,0.074
38.58,1,0.087
38.59,1,0.108
38.60,1,0.129
38.61,1,0.144
38.62,1,0.156
38.63,1,0.175
38.64,1,0.169
38.65,1,0.158
38.66,1,0.145
38.67,1,0.154
38.68,1,0.172
38.69,1,0.151
38.70,1,0.116
38.71,1,0.101
38.72,1,0.091
38.73,1,0.083
38.74,1,0.076
38.75,1,0.064
38.76,1,0.056
38.77,1,0.048
38.78,1,0.044
38.79,1,0.041
38.80,1,0.048
38.81,1,0.053
38.82,1,0.060
38.83,1,0.070
38.84,1,0.079
38.85,1,0.079
38.86,1,0.077
38.87,1,0.077
38.88,1,0.078
38.89,1,0.088
38.90,1,0.103
38.91,1,0.119
38.92,1,0.128
38.93,1,0.132
38.94,1,0.123
38.95,1,0.116
38.96,1,0.102
38.97,1,0.086
38.98,1,0.087
38.99,1,0.080
39.00,1,0.077
39.01,1,0.083
39.02,1,0.087
39.03,1,0.082
39.04,1,0.084
39.05,1,0.080
39.06,1,0.068
39.07,1,0.062
39.08,1,0.068
39.09,1,0.066
39.10,1,0.068
39.11,1,0.076
39.12,1,0.084
39.13,1,0.095
39.14,1,0.161
39.15,1,0.260
39.16,1,0.305
39.17,1,0.338
39.18,1,0.297
39.19,1,0.266
39.20,1,0.227
39.21,1,0.122
39.22,1,0.088
39.23,1,0.061
39.24,1,0.051
39.25,1,0.048
39.26,1,0.053
39.27,1,0.061
39.28,1,0.076
39.29,1,0.084
39.30,1,0.083
39.31,1,0.084
39.32,1,0.094
39.33,1,0.090
39.34,1,0.091
39.35,1,0.095
39.36,1,0.083
39.37,1,0.071
39.38,1,0.069
39.39,1,0.067
39.40,1,0.065
39.41,1,0.064
39.42,1,0.069
39.43,1,0.077
39.44,1,0.079
39.45,1,0.090
39.46,1,0.092
39.47,1,0.092
39.48,1,0.096
39.49,1,0.121
39.50,1,0.142
39.51,1,0.147
39.52,1,0.145
39.53,1,0.144
39.54,1,0.139
39.55,1,0.138
39.56,1,0.115
39.57,1,0.090
39.58,1,0.066
39.59,1,0.058
39.60,1,0.059
39.61,1,0.083
39.62,1,0.113
39.63,1,0.155
39.64,1,0.219
39.65,1,0.272
39.66,1,0.352
39.67,1,0.449
39.68,1,0.270
39.69,1,0.156
39.70,1,0.066
39.71,1,0.035
39.72,1,0.030
39.73,1,0.034
39.74,1,0.043
39.75,1,0.058
39.76,1,0.077
39.77,1,0.086
39.78,1,0.083
39.79,1,0.074
39.80,1,0.062
39.81,1,0.058
39.82,1,0.065
39.83,1,0.085
39.84,1,0.116
39.85,1,0.144
39.86,1,0.156
39.87,1,0.167
39.88,1,0.166
39.89,1,0.158
39.90,1,0.163
39.91,1,0.183
39.92,1,0.199
39.93,1,0.214
39.94,1,0.233
39.95,1,0.213
39.96,1,0.171
39.97,1,0.144
39.98,1,0.141
39.99,1,0.116
40.00,1,0.112
40.01,1,0.108
40.02,1,0.103
40.03,1,0.079
40.04,1,0.053
40.05,1,0.043
40.06,1,0.038
40.07,1,0.040
40.08,1,0.053
40.09,1,0.064
40.10,1,0.076
40.11,1,0.088
40.12,1,0.092
40.13,1,0.089
40.14,1,0.081
40.15,1,0.076
40.16,1,0.067
40.17,1,0.064
40.18,1,0.062
40.19,1,0.062
40.20,1,0.057
40.21,1,0.060
40.22,1,0.065
40.23,1,0.080
40.24,1,0.085
40.25,1,0.087
40.26,1,0.094
40.27,1,0.098
40.28,1,0.096
40.29,1,0.101
40.30,1,0.105
40.31,1,0.100
40.32,1,0.095
40.33,1,0.095
40.34,1,0.094
40.35,1,0.095
40.36,1,0.101
40.37,1,0.110
40.38,1,0.120
40.39,1,0.144
40.40,1,0.171
40.41,1,0.199
40.42,1,0.222
40.43,1,0.239
40.44,1,0.247
40.45,1,0.237
40.46,1,0.211
40.47,1,0.129
40.48,1,0.107
40.49,1,0.096
40.50,1,0.090
40.51,1,0.085
40.52,1,0.088
40.53,1,0.084
40.54,1,0.085
40.55,1,0.093
40.56,1,0.101
40.57,1,0.114
40.58,1,0.134
40.59,1,0.147
40.60,1,0.147
40.61,1,0.138
40.62,1,0.125
40.63,1,0.111
40.64,1,0.105
40.65,1,0.103
40.66,1,0.103
40.67,1,0.108
40.68,1,0.115
40.69,1,0.111
40.70,1,0.120
40.71,1,0.134
40.72,1,0.150
40.73,1,0.188
40.74,1,0.261
40.75,1,0.404
40.76,1,0.537
40.77,1,0.549
40.78,1,0.386
40.79,1,0.239
40.80,1,0.135
40.81,1,0.093
40.82,1,0.076
40.83,1,0.080
40.84,1,0.096
40.85,1,0.123
40.86,1,0.147
40.87,1,0.174
40.88,1,0.196
40.89,1,0.204
40.90,1,0.202
40.91,1,0.203
40.92,1,0.199
40.93,1,0.200
40.94,1,0.202
40.95,1,0.202
40.96,1,0.208
40.97,1,0.221
40.98,1,0.234
40.99,1,0.253
41.00,1,0.263
41.01,1,0.258
41.02,1,0.242
41.03,1,0.215
41.04,1,0.184
41.05,1,0.158
41.06,1,0.137
41.07,1,0.142
41.08,1,0.161
41.09,1,0.169
41.10,1,0.164
41.11,1,0.161
41.12,1,0.142
41.13,1,0.125
41.14,1,0.124
41.15,1,0.125
41.16,1,0.105
41.17,1,0.097
41.18,1,0.088
41.19,1,0.083
41.20,1,0.091
41.21,1,0.107
41.22,1,0.122
41.23,1,0.135
41.24,1,0.136
41.25,1,0.137
41.26,1,0.126
41.27,1,0.129
41.28,1,0.136
41.29,1,0.151
41.30,1,0.152
41.31,1,0.143
41.32,1,0.129
41.33,1,0.136
41.34,1,0.142
41.35,1,0.156
41.36,1,0.176
41.37,1,0.165
41.38,1,0.138
41.39,1,0.164
41.40,1,0.198
41.41,1,0.199
41.42,1,0.195
41.43,1,0.179
41.44,1,0.141
41.45,1,0.111
41.46,1,0.105
41.47,1,0.118
41.48,1,0.139
41.49,1,0.154
41.50,1,0.157
41.51,1,0.157
41.52,1,0.164
41.53,1,0.153
41.54,1,0.142
41.55,1,0.139
41.56,1,0.130
41.57,1,0.127
41.58,1,0.144
41.59,1,0.151
41.60,1,0.157
41.61,1,0.160
41.62,1,0.150
41.63,1,0.146
41.64,1,0.148
41.65,1,0.151
41.66,1,0.168
41.67,1,0.202
41.68,1,0.257
41.69,1,0.355
41.70,1,0.409
41.71,1,0.389
41.72,1,0.339
41.73,1,0.242
41.74,1,0.173
41.75,1,0.128
41.76,1,0.107
41.77,1,0.093
41.78,1,0.084
41.79,1,0.072
41.80,1,0.067
41.81,1,0.066
41.82,1,0.062
41.83,1,0.056
41.84,1,0.059
41.85,1,0.063
41.86,1,0.065
41.87,1,0.069
41.88,1,0.077
41.89,1,0.091
41.90,1,0.102
41.91,1,0.109
41.92,1,0.115
41.93,1,0.121
41.94,1,0.124
41.95,1,0.127
41.96,1,0.127
41.97,1,0.123
41.98,1,0.121
41.99,1,0.114
42.00,1,0.110
42.01,1,0.114
42.02,1,0.118
42.03,1,0.105
42.04,1,0.102
42.05,1,0.120
42.06,1,0.143
42.07,1,0.151
42.08,1,0.182
42.09,1,0.191
42.10,1,0.187
42.11,1,0.186
42.12,1,0.216
42.13,1,0.287
42.14,1,0.412
42.15,1,0.579
42.16,1,0.690
42.17,1,0.704
42.18,1,0.716
42.19,1,0.823
42.20,1,0.842
42.21,1,0.848
42.22,1,0.849
42.23,1,0.812
42.24,1,0.718
42.25,1,0.673
42.26,1,0.693
42.27,1,0.754
42.28,1,0.715
42.29,1,0.389
42.30,1,0.159
42.31,1,0.106
42.32,1,0.088
42.33,1,0.070
42.34,1,0.063
42.35,1,0.063
42.36,1,0.064
42.37,1,0.071
42.38,1,0.085
42.39,1,0.094
42.40,1,0.100
42.41,1,0.104
42.42,1,0.103
42.43,1,0.099
42.44,1,0.096
42.45,1,0.093
42.46,1,0.088
42.47,1,0.088
42.48,1,0.087
42.49,1,0.094
42.50,1,0.104
42.51,1,0.124
42.52,1,0.136
42.53,1,0.156
42.54,1,0.160
42.55,1,0.155
42.56,1,0.148
42.57,1,0.146
42.58,1,0.145
42.59,1,0.143
42.60,1,0.136
42.61,1,0.125
42.62,1,0.120
42.63,1,0.118
42.64,1,0.115
42.65,1,0.107
42.66,1,0.083
42.67,1,0.071
42.68,1,0.066
42.69,1,0.071
42.70,1,0.080
42.71,1,0.105
42.72,1,0.120
42.73,1,0.129
42.74,1,0.131
42.75,1,0.124
42.76,1,0.104
42.77,1,0.092
42.78,1,0.084
42.79,1,0.081
42.80,1,0.076
42.81,1,0.072
42.82,1,0.073
42.83,1,0.074
42.84,1,0.074
42.85,1,0.080
42.86,1,0.088
42.87,1,0.095
42.88,1,0.103
42.89,1,0.127
42.90,1,0.178
42.91,1,0.200
42.92,1,0.216
42.93,1,0.231
42.94,1,0.167
42.95,1,0.116
42.96,1,0.102
42.97,1,0.104
42.98,1,0.097
42.99,1,0.106
43.00,1,0.121
43.01,1,0.116
43.02,1,0.110
43.03,1,0.111
43.04,1,0.113
43.05,1,0.102
43.06,1,0.099
43.07,1,0.102
43.08,1,0.107
43.09,1,0.107
43.10,1,0.114
43.11,1,0.123
43.12,1,0.135
43.13,1,0.135
43.14,1,0.136
43.15,1,0.136
43.16,1,0.127
43.17,1,0.114
43.18,1,0.116
43.19,1,0.117
43.20,1,0.125
43.21,1,0.134
43.22,1,0.155
43.23,1,0.174
43.24,1,0.213
43.25,1,0.357
43.26,1,0.652
43.27,1,0.557
43.28,1,0.475
43.29,1,0.403
43.30,1,0.348
43.31,1,0.117
43.32,1,0.077
43.33,1,0.064
43.34,1,0.084
43.35,1,0.108
43.36,1,0.133
43.37,1,0.154
43.38,1,0.163
43.39,1,0.161
43.40,1,0.155
43.41,1,0.147
43.42,1,0.146
43.43,1,0.135
43.44,1,0.132
43.45,1,0.132
43.46,1,0.136
43.47,1,0.132
43.48,1,0.133
43.49,1,0.126
43.50,1,0.115
43.51,1,0.109
43.52,1,0.114
43.53,1,0.121
43.54,1,0.142
43.55,1,0.161
43.56,1,0.178
43.57,1,0.200
43.58,1,0.188
43.59,1,0.153
43.60,1,0.129
43.61,1,0.091
43.62,1,0.079
43.63,1,0.074
43.64,1,0.075
43.65,1,0.084
43.66,1,0.100
43.67,1,0.114
43.68,1,0.141
43.69,1,0.147
43.70,1,0.137
43.71,1,0.132
43.72,1,0.122
43.73,1,0.096
43.74,1,0.093
43.75,1,0.102
43.76,1,0.111
43.77,1,0.115
43.78,1,0.121
43.79,1,0.123
43.80,1,0.115
43.81,1,0.110
43.82,1,0.112
43.83,1,0.120
43.84,1,0.134
43.85,1,0.152
43.86,1,0.184
43.87,1,0.237
43.88,1,0.306
43.89,1,0.385
43.90,1,0.622
43.91,1,0.582
43.92,1,0.373
43.93,1,0.306
43.94,1,0.143
43.95,1,0.101
43.96,1,0.084
43.97,1,0.066
43.98,1,0.059
43.99,1,0.067
44.00,1,0.071
44.01,1,0.077
44.02,1,0.083
44.03,1,0.084
44.04,1,0.084
44.05,1,0.084
44.06,1,0.080
44.07,1,0.077
44.08,1,0.080
44.09,1,0.092
44.10,1,0.098
44.11,1,0.102
44.12,1,0.105
44.13,1,0.104
44.14,1,0.099
44.15,1,0.095
44.16,1,0.095
44.17,1,0.099
44.18,1,0.104
44.19,1,0.106
44.20,1,0.114
44.21,1,0.123
44.22,1,0.129
44.23,1,0.149
44.24,1,0.168
44.25,1,0.170
44.26,1,0.149
44.27,1,0.115
44.28,1,0.079
44.29,1,0.081
44.30,1,0.083
44.31,1,0.104
44.32,1,0.123
44.33,1,0.126
44.34,1,0.132
44.35,1,0.136
44.36,1,0.124
44.37,1,0.116
44.38,1,0.118
44.39,1,0.115
44.40,1,0.111
44.41,1,0.112
44.42,1,0.129
44.43,1,0.145
44.44,1,0.160
44.45,1,0.177
44.46,1,0.169
44.47,1,0.146
44.48,1,0.134
44.49,1,0.117
44.50,1,0.110
44.51,1,0.123
44.52,1,0.162
44.53,1,0.217
44.54,1,0.234
44.55,1,0.241
44.56,1,0.247
44.57,1,0.230
44.58,1,0.179
44.59,1,0.187
44.60,1,0.281
44.61,1,0.377
44.62,1,0.521
44.63,1,1.025
44.64,1,0.959
44.65,1,0.690
44.66,1,0.571
44.67,1,0.475
44.68,1,0.433
44.69,1,0.369
44.70,1,0.348
44.71,1,0.349
44.72,1,0.355
44.73,1,0.369
44.74,1,0.475
44.75,1,0.523
44.76,1,0.591
44.77,1,0.655
44.78,1,0.666
44.79,1,0.615
44.80,1,0.575
44.81,1,0.589
44.82,1,0.536
44.83,1,0.361
44.84,1,0.078
44.85,1,0.066
44.86,1,0.066
44.87,1,0.063
44.88,1,0.057
44.89,1,0.048
44.90,1,0.044
44.91,1,0.051
44.92,1,0.062
44.93,1,0.081
44.94,1,0.104
44.95,1,0.123
44.96,1,0.128
44.97,1,0.121
44.98,1,0.109
44.99,1,0.109
45.00,1,0.116
45.01,1,0.133
45.02,1,0.143
45.03,1,0.144
45.04,1,0.130
45.05,1,0.113
45.06,1,0.099
45.07,1,0.095
45.08,1,0.098
45.09,1,0.100
45.10,1,0.096
45.11,1,0.087
45.12,1,0.088
45.13,1,0.096
45.14,1,0.104
45.15,1,0.121
45.16,1,0.142
45.17,1,0.162
45.18,1,0.176
45.19,1,0.185
45.20,1,0.178
45.21,1,0.162
45.22,1,0.132
45.23,1,0.097
45.24,1,0.087
45.25,1,0.078
45.26,1,0.083
45.27,1,0.086
45.28,1,0.111
45.29,1,0.124
45.30,1,0.128
45.31,1,0.124
45.32,1,0.127
45.33,1,0.119
45.34,1,0.112
45.35,1,0.119
45.36,1,0.124
45.37,1,0.115
45.38,1,0.121
45.39,1,0.129
45.40,1,0.117
45.41,1,0.117
45.42,1,0.130
45.43,1,0.143
45.44,1,0.128
45.45,1,0.120
45.46,1,0.120
45.47,1,0.111
45.48,1,0.114
45.49,1,0.114
45.50,1,0.121
45.51,1,0.122
45.52,1,0.124
45.53,1,0.115
45.54,1,0.090
45.55,1,0.064
45.56,1,0.046
45.57,1,0.036
45.58,1,0.044
45.59,1,0.063
45.60,1,0.081
45.61,1,0.099
45.62,1,0.111
45.63,1,0.113
45.64,1,0.104
45.65,1,0.089
45.66,1,0.074
45.67,1,0.066
45.68,1,0.069
45.69,1,0.079
45.70,1,0.092
45.71,1,0.106
45.72,1,0.114
45.73,1,0.122
45.74,1,0.128
45.75,1,0.129
45.76,1,0.138
45.77,1,0.148
45.78,1,0.159
45.79,1,0.166
45.80,1,0.162
45.81,1,0.154
45.82,1,0.145
45.83,1,0.130
45.84,1,0.118
45.85,1,0.116
45.86,1,0.111
45.87,1,0.108
45.88,1,0.110
45.89,1,0.112
45.90,1,0.104
45.91,1,0.093
45.92,1,0.082
45.93,1,0.074
45.94,1,0.069
45.95,1,0.068
45.96,1,0.070
45.97,1,0.077
45.98,1,0.088
45.99,1,0.090
46.00,1,0.082
46.01,1,0.077
46.02,1,0.072
46.03,1,0.092
46.04,1,0.116
46.05,1,0.125
46.06,1,0.135
46.07,1,0.150
46.08,1,0.157
46.09,1,0.185
46.10,1,0.224
46.11,1,0.253
46.12,1,0.232
46.13,1,0.161
46.14,1,0.103
46.15,1,0.100
46.16,1,0.080
46.17,1,0.075
46.18,1,0.099
46.19,1,0.108
46.20,1,0.104
46.21,1,0.104
46.22,1,0.111
46.23,1,0.094
46.24,1,0.093
46.25,1,0.094
46.26,1,0.094
46.27,1,0.080
46.28,1,0.074
46.29,1,0.069
46.30,1,0.077
46.31,1,0.082
46.32,1,0.091
46.33,1,0.092
46.34,1,0.089
46.35,1,0.082
46.36,1,0.077
46.37,1,0.082
46.38,1,0.094
46.39,1,0.130
46.40,1,0.210
46.41,1,0.386
46.42,1,0.434
46.43,1,0.568
46.44,1,0.528
46.45,1,0.330
46.46,1,0.091
46.47,1,0.061
46.48,1,0.058
46.49,1,0.062
46.50,1,0.070
46.51,1,0.082
46.52,1,0.083
46.53,1,0.089
46.54,1,0.085
46.55,1,0.086
46.56,1,0.083
46.57,1,0.088
46.58,1,0.091
46.59,1,0.095
46.60,1,0.098
46.61,1,0.107
46.62,1,0.111
46.63,1,0.114
46.64,1,0.114
46.65,1,0.109
46.66,1,0.109
46.67,1,0.101
46.68,1,0.090
46.69,1,0.096
46.70,1,0.109
46.71,1,0.122
46.72,1,0.195
46.73,1,0.202
46.74,1,0.187
46.75,1,0.175
46.76,1,0.126
46.77,1,0.110
46.78,1,0.104
46.79,1,0.094
46.80,1,0.076
46.81,1,0.087
46.82,1,0.097
46.83,1,0.097
46.84,1,0.113
46.85,1,0.123
46.86,1,0.121
46.87,1,0.139
46.88,1,0.148
46.89,1,0.149
46.90,1,0.156
46.91,1,0.158
46.92,1,0.140
46.93,1,0.131
46.94,1,0.136
46.95,1,0.129
46.96,1,0.111
46.97,1,0.095
46.98,1,0.084
46.99,1,0.075
47.00,1,0.077
47.01,1,0.082
47.02,1,0.099
47.03,1,0.119
47.04,1,0.142
47.05,1,0.169
47.06,1,0.197
47.07,1,0.236
47.08,1,0.191
47.09,1,0.132
47.10,1,0.116
47.11,1,0.100
47.12,1,0.086
47.13,1,0.079
47.14,1,0.072
47.15,1,0.077
47.16,1,0.095
47.17,1,0.115
47.18,1,0.132
47.19,1,0.158
47.20,1,0.176
47.21,1,0.186
47.22,1,0.209
47.23,1,0.221
47.24,1,0.219
47.25,1,0.164
47.26,1,0.151
47.27,1,0.145
47.28,1,0.147
47.29,1,0.141
47.30,1,0.141
47.31,1,0.129
47.32,1,0.124
47.33,1,0.128
47.34,1,0.133
47.35,1,0.149
47.36,1,0.160
47.37,1,0.157
47.38,1,0.165
47.39,1,0.194
47.40,1,0.190
47.41,1,0.129
47.42,1,0.104
47.43,1,0.072
47.44,1,0.076
47.45,1,0.085
47.46,1,0.107
47.47,1,0.123
47.48,1,0.128
47.49,1,0.123
47.50,1,0.109
47.51,1,0.099
47.52,1,0.091
47.53,1,0.088
47.54,1,0.092
47.55,1,0.097
47.56,1,0.103
47.57,1,0.120
47.58,1,0.131
47.59,1,0.152
47.60,1,0.167
47.61,1,0.185
47.62,1,0.174
47.63,1,0.161
47.64,1,0.143
47.65,1,0.127
47.66,1,0.107
47.67,1,0.103
47.68,1,0.108
47.69,1,0.115
47.70,1,0.114
47.71,1,0.110
47.72,1,0.113
47.73,1,0.119
47.74,1,0.107
47.75,1,0.093
47.76,1,0.083
47.77,1,0.091
47.78,1,0.121
47.79,1,0.147
47.80,1,0.173
47.81,1,0.194
47.82,1,0.187
47.83,1,0.159
47.84,1,0.147
47.85,1,0.148
47.86,1,0.149
47.87,1,0.161
47.88,1,0.162
47.89,1,0.163
47.90,1,0.165
47.91,1,0.172
47.92,1,0.194
47.93,1,0.205
47.94,1,0.218
47.95,1,0.242
47.96,1,0.244
47.97,1,0.227
47.98,1,0.219
47.99,1,0.183
48.00,1,0.167
48.01,1,0.146
48.02,1,0.134
48.03,1,0.125
48.04,1,0.122
48.05,1,0.117
48.06,1,0.108
48.07,1,0.104
48.08,1,0.099
48.09,1,0.082
48.10,1,0.082
48.11,1,0.083
48.12,1,0.081
48.13,1,0.084
48.14,1,0.088
48.15,1,0.089
48.16,1,0.092
48.17,1,0.094
48.18,1,0.097
48.19,1,0.105
48.20,1,0.105
48.21,1,0.099
48.22,1,0.098
48.23,1,0.089
48.24,1,0.088
48.25,1,0.095
48.26,1,0.105
48.27,1,0.112
48.28,1,0.112
48.29,1,0.118
48.30,1,0.121
48.31,1,0.129
48.32,1,0.163
48.33,1,0.226
48.34,1,0.288
48.35,1,0.408
48.36,1,0.423
48.37,1,0.375
48.38,1,0.334
48.39,1,0.380
48.40,1,0.369
48.41,1,0.302
48.42,1,0.271
48.43,1,0.244
48.44,1,0.200
48.45,1,0.185
48.46,1,0.177
48.47,1,0.178
48.48,1,0.203
48.49,1,0.226
48.50,1,0.236
48.51,1,0.255
48.52,1,0.258
48.53,1,0.222
48.54,1,0.209
48.55,1,0.196
48.56,1,0.195
48.57,1,0.168
48.58,1,0.167
48.59,1,0.184
48.60,1,0.202
48.61,1,0.234
48.62,1,0.287
48.63,1,0.408
48.64,1,0.189
48.65,1,0.063
48.66,1,0.072
48.67,1,0.074
48.68,1,0.069
48.69,1,0.079
48.70,1,0.085
48.71,1,0.093
48.72,1,0.108
48.73,1,0.117
48.74,1,0.115
48.75,1,0.118
48.76,1,0.116
48.77,1,0.113
48.78,1,0.122
48.79,1,0.120
48.80,1,0.118
48.81,1,0.115
48.82,1,0.097
48.83,1,0.090
48.84,1,0.082
48.85,1,0.076
48.86,1,0.071
48.87,1,0.064
48.88,1,0.057
48.89,1,0.056
48.90,1,0.053
48.91,1,0.056
48.92,1,0.064
48.93,1,0.075
48.94,1,0.087
48.95,1,0.099
48.96,1,0.106
48.97,1,0.105
48.98,1,0.094
48.99,1,0.083
49.00,1,0.080
49.01,1,0.082
49.02,1,0.095
49.03,1,0.150
49.04,1,0.234
49.05,1,0.293
49.06,1,0.382
49.07,1,0.617
49.08,1,0.688
49.09,1,0.739
49.10,1,0.685
49.11,1,0.691
49.12,1,0.586
49.13,1,0.418
49.14,1,0.358
49.15,1,0.412
49.16,1,0.432
49.17,1,0.428
49.18,1,0.421
49.19,1,0.365
49.20,1,0.298
49.21,1,0.290
49.22,1,0.273
49.23,1,0.287
49.24,1,0.281
49.25,1,0.082
49.26,1,0.051
49.27,1,0.036
49.28,1,0.040
49.29,1,0.052
49.30,1,0.057
49.31,1,0.076
49.32,1,0.092
49.33,1,0.107
49.34,1,0.133
49.35,1,0.150
49.36,1,0.150
49.37,1,0.155
49.38,1,0.163
49.39,1,0.168
49.40,1,0.161
49.41,1,0.137
49.42,1,0.125
49.43,1,0.094
49.44,1,0.082
49.45,1,0.089
49.46,1,0.083
49.47,1,0.083
49.48,1,0.083
49.49,1,0.083
49.50,1,0.090
49.51,1,0.106
49.52,1,0.116
49.53,1,0.136
49.54,1,0.150
49.55,1,0.154
49.56,1,0.159
49.57,1,0.149
49.58,1,0.133
49.59,1,0.118
49.60,1,0.102
49.61,1,0.087
49.62,1,0.098
49.63,1,0.103
49.64,1,0.108
49.65,1,0.112
49.66,1,0.112
49.67,1,0.093
49.68,1,0.095
49.69,1,0.090
49.70,1,0.100
49.71,1,0.103
49.72,1,0.101
49.73,1,0.105
49.74,1,0.122
49.75,1,0.130
49.76,1,0.132
49.77,1,0.128
49.78,1,0.123
49.79,1,0.111
49.80,1,0.106
49.81,1,0.124
49.82,1,0.158
49.83,1,0.164
49.84,1,0.165
49.85,1,0.174
49.86,1,0.179
49.87,1,0.180
49.88,1,0.186
49.89,1,0.184
49.90,1,0.155
49.91,1,0.123
49.92,1,0.111
49.93,1,0.110
49.94,1,0.096
49.95,1,0.099
49.96,1,0.100
49.97,1,0.095
49.98,1,0.093
49.99,1,0.110
50.00,1,0.116
50.01,1,0.125
50.02,1,0.131
50.03,1,0.131
50.04,1,0.128
50.05,1,0.129
50.06,1,0.130
50.07,1,0.132
50.08,1,0.132
50.09,1,0.141
50.10,1,0.160
50.11,1,0.169
50.12,1,0.166
50.13,1,0.170
50.14,1,0.172
50.15,1,0.182
50.16,1,0.218
50.17,1,0.292
50.18,1,0.355
50.19,1,0.457
50.20,1,0.494
50.21,1,0.236
50.22,1,0.181
50.23,1,0.197
50.24,1,0.292
50.25,1,0.335
50.26,1,0.390
50.27,1,0.382
50.28,1,0.406
50.29,1,0.376
50.30,1,0.347
50.31,1,0.343
50.32,1,0.363
50.33,1,0.385
50.34,1,0.436
50.35,1,0.450
50.36,1,0.453
50.37,1,0.454
50.38,1,0.424
50.39,1,0.393
50.40,1,0.404
50.41,1,0.413
50.42,1,0.380
50.43,1,0.337
50.44,1,0.321
50.45,1,0.339
50.46,1,0.321
50.47,1,0.340
50.48,1,0.344
50.49,1,0.375
50.50,1,0.365
50.51,1,0.336
50.52,1,0.328
50.53,1,0.305
50.54,1,0.259
50.55,1,0.249
50.56,1,0.243
50.57,1,0.250
50.58,1,0.267
50.59,1,0.268
50.60,1,0.288
50.61,1,0.344
50.62,1,0.377
50.63,1,0.431
50.64,1,0.588
50.65,1,0.860
50.66,1,1.017
50.67,1,1.127
50.68,1,1.050
50.69,1,0.736
50.70,1,0.452
50.71,1,0.323
50.72,1,0.277
50.73,1,0.254
50.74,1,0.278
50.75,1,0.261
50.76,1,0.269
50.77,1,0.262
50.78,1,0.266
50.79,1,0.291
50.80,1,0.328
50.81,1,0.341
50.82,1,0.310
50.83,1,0.296
50.84,1,0.289
50.85,1,0.263
50.86,1,0.274
50.87,1,0.323
50.88,1,0.275
50.89,1,0.247
50.90,1,0.237
50.91,1,0.239
50.92,1,0.224
50.93,1,0.216
50.94,1,0.232
50.95,1,0.228
50.96,1,0.260
50.97,1,0.321
50.98,1,0.384
50.99,1,0.390
51.00,1,0.410
51.01,1,0.354
51.02,1,0.277
51.03,1,0.264
51.04,1,0.274
51.05,1,0.277
51.06,1,0.303
51.07,1,0.316
51.08,1,0.326
51.09,1,0.319
51.10,1,0.307
51.11,1,0.320
51.12,1,0.311
51.13,1,0.286
51.14,1,0.287
51.15,1,0.267
51.16,1,0.222
51.17,1,0.240
51.18,1,0.256
51.19,1,0.242
51.20,1,0.270
51.21,1,0.281
51.22,1,0.273
51.23,1,0.268
51.24,1,0.280
51.25,1,0.266
51.26,1,0.247
51.27,1,0.230
51.28,1,0.276
51.29,1,0.288
51.30,1,0.300
51.31,1,0.359
51.32,1,0.424
51.33,1,0.449
51.34,1,0.474
51.35,1,0.424
51.36,1,0.402
51.37,1,0.373
51.38,1,0.381
51.39,1,0.377
51.40,1,0.341
51.41,1,0.309
51.42,1,0.283
51.43,1,0.279
51.44,1,0.292
51.45,1,0.337
51.46,1,0.385
51.47,1,0.405
51.48,1,0.437
51.49,1,0.449
51.50,1,0.444
51.51,1,0.368
51.52,1,0.280
51.53,1,0.264
51.54,1,0.267
51.55,1,0.284
51.56,1,0.280
51.57,1,0.274
51.58,1,0.256
51.59,1,0.249
51.60,1,0.241
51.61,1,0.261
51.62,1,0.285
51.63,1,0.312
51.64,1,0.367
51.65,1,0.426
51.66,1,0.529
51.67,1,0.651
51.68,1,0.566
51.69,1,0.468
51.70,1,0.474
51.71,1,0.443
51.72,1,0.323
51.73,1,0.304
51.74,1,0.320
51.75,1,0.370
51.76,1,0.400
51.77,1,0.473
51.78,1,0.484
51.79,1,0.496
51.80,1,0.428
51.81,1,0.376
51.82,1,0.323
51.83,1,0.281
51.84,1,0.289
51.85,1,0.298
51.86,1,0.308
51.87,1,0.337
51.88,1,0.412
51.89,1,0.457
51.90,1,0.622
51.91,1,0.799
51.92,1,0.907
51.93,1,0.963
51.94,1,0.940
51.95,1,0.723
51.96,1,0.578
51.97,1,0.636
51.98,1,0.707
51.99,1,0.427
52.00,1,0.341
52.01,1,0.303
52.02,1,0.279
52.03,1,0.253
52.04,1,0.241
52.05,1,0.216
52.06,1,0.232
52.07,1,0.251
52.08,1,0.274
52.09,1,0.361
52.10,1,0.605
52.11,1,0.740
52.12,1,0.786
52.13,1,0.698
52.14,1,0.567
52.15,1,0.473
52.16,1,0.453
52.17,1,0.433
52.18,1,0.369
52.19,1,0.391
52.20,1,0.385
52.21,1,0.384
52.22,1,0.386
52.23,1,0.346
52.24,1,0.273
52.25,1,0.240
52.26,1,0.217
52.27,1,0.226
52.28,1,0.225
52.29,1,0.250
52.30,1,0.252
52.31,1,0.240
52.32,1,0.245
52.33,1,0.245
52.34,1,0.228
52.35,1,0.230
52.36,1,0.246
52.37,1,0.255
52.38,1,0.285
52.39,1,0.322
52.40,1,0.323
52.41,1,0.336
52.42,1,0.334
52.43,1,0.286
52.44,1,0.260
52.45,1,0.265
52.46,1,0.277
52.47,1,0.267
52.48,1,0.253
52.49,1,0.291
52.50,1,0.286
52.51,1,0.286
52.52,1,0.293
52.53,1,0.290
52.54,1,0.277
52.55,1,0.274
52.56,1,0.286
52.57,1,0.295
52.58,1,0.318
52.59,1,0.352
52.60,1,0.369
52.61,1,0.378
52.62,1,0.381
52.63,1,0.364
52.64,1,0.358
52.65,1,0.335
52.66,1,0.319
52.67,1,0.305
52.68,1,0.283
52.69,1,0.240
52.70,1,0.214
52.71,1,0.197
52.72,1,0.179
52.73,1,0.162
52.74,1,0.166
52.75,1,0.196
52.76,1,0.224
52.77,1,0.246
52.78,1,0.302
52.79,1,0.334
52.80,1,0.402
52.81,1,0.501
52.82,1,0.644
52.83,1,0.655
52.84,1,0.703
52.85,1,0.722
52.86,1,0.776
52.87,1,0.820
52.88,1,0.816
52.89,1,0.789
52.90,1,0.738
52.91,1,0.745
52.92,1,0.779
52.93,1,0.829
52.94,1,0.875
52.95,1,0.946
52.96,1,0.982
52.97,1,0.829
52.98,1,0.815
52.99,1,0.861
53.00,1,0.824
53.01,1,0.758
53.02,1,0.698
53.03,1,0.631
53.04,1,0.561
53.05,1,0.525
53.06,1,0.481
53.07,1,0.478
53.08,1,0.236
53.09,1,0.167
53.10,1,0.183
53.11,1,0.192
53.12,1,0.276
53.13,1,0.341
53.14,1,0.365
53.15,1,0.393
53.16,1,0.346
53.17,1,0.251
53.18,1,0.215
53.19,1,0.197
53.20,1,0.149
53.21,1,0.134
53.22,1,0.131
53.23,1,0.152
53.24,1,0.161
53.25,1,0.193
53.26,1,0.216
53.27,1,0.233
53.28,1,0.217
53.29,1,0.222
53.30,1,0.224
53.31,1,0.241
53.32,1,0.311
53.33,1,0.345
53.34,1,0.325
53.35,1,0.288
53.36,1,0.248
53.37,1,0.197
53.38,1,0.172
53.39,1,0.139
53.40,1,0.144
53.41,1,0.134
53.42,1,0.163
53.43,1,0.183
53.44,1,0.202
53.45,1,0.232
53.46,1,0.226
53.47,1,0.212
53.48,1,0.210
53.49,1,0.216
53.50,1,0.233
53.51,1,0.255
53.52,1,0.279
53.53,1,0.294
53.54,1,0.293
53.55,1,0.288
53.56,1,0.293
53.57,1,0.298
53.58,1,0.260
53.59,1,0.224
53.60,1,0.207
53.61,1,0.199
53.62,1,0.205
53.63,1,0.215
53.64,1,0.230
53.65,1,0.261
53.66,1,0.292
53.67,1,0.308
53.68,1,0.365
53.69,1,0.464
53.70,1,0.469
53.71,1,0.458
53.72,1,0.464
53.73,1,0.254
53.74,1,0.195
53.75,1,0.179
53.76,1,0.188
53.77,1,0.200
53.78,1,0.200
53.79,1,0.201
53.80,1,0.201
53.81,1,0.201
53.82,1,0.203
53.83,1,0.204
53.84,1,0.222
53.85,1,0.219
53.86,1,0.214
53.87,1,0.208
53.88,1,0.216
53.89,1,0.210
53.90,1,0.219
53.91,1,0.225
53.92,1,0.258
53.93,1,0.211
53.94,1,0.192
53.95,1,0.270
53.96,1,0.279
53.97,1,0.294
53.98,1,0.343
53.99,1,0.361
54.00,1,0.306
54.01,1,0.303
54.02,1,0.299
54.03,1,0.309
54.04,1,0.334
54.05,1,0.343
54.06,1,0.340
54.07,1,0.397
54.08,1,0.322
54.09,1,0.281
54.10,1,0.242
54.11,1,0.228
54.12,1,0.221
54.13,1,0.232
54.14,1,0.268
54.15,1,0.397
54.16,1,0.636
54.17,1,0.514
54.18,1,0.415
54.19,1,0.335
54.20,1,0.225
54.21,1,0.148
54.22,1,0.124
54.23,1,0.121
54.24,1,0.124
54.25,1,0.125
54.26,1,0.136
54.27,1,0.154
54.28,1,0.176
54.29,1,0.192
54.30,1,0.195
54.31,1,0.206
54.32,1,0.226
54.33,1,0.244
54.34,1,0.226
54.35,1,0.218
54.36,1,0.211
54.37,1,0.198
54.38,1,0.196
54.39,1,0.235
54.40,1,0.250
54.41,1,0.274
54.42,1,0.302
54.43,1,0.354
54.44,1,0.373
54.45,1,0.381
54.46,1,0.349
54.47,1,0.322
54.48,1,0.257
54.49,1,0.226
54.50,1,0.227
54.51,1,0.228
54.52,1,0.254
54.53,1,0.309
54.54,1,0.302
54.55,1,0.313
54.56,1,0.304
54.57,1,0.261
54.58,1,0.232
54.59,1,0.246
54.60,1,0.246
54.61,1,0.271
54.62,1,0.334
54.63,1,0.650
54.64,1,0.877
54.65,1,0.849
54.66,1,0.692
54.67,1,0.321
54.68,1,0.259
54.69,1,0.299
54.70,1,0.351
54.71,1,0.357
54.72,1,0.343
54.73,1,0.335
54.74,1,0.312
54.75,1,0.275
54.76,1,0.291
54.77,1,0.298
54.78,1,0.324
54.79,1,0.337
54.80,1,0.354
54.81,1,0.385
54.82,1,0.395
54.83,1,0.396
54.84,1,0.380
54.85,1,0.317
54.86,1,0.256
54.87,1,0.253
54.88,1,0.283
54.89,1,0.308
54.90,1,0.370
54.91,1,0.509
54.92,1,0.578
54.93,1,0.508
54.94,1,0.469
54.95,1,0.420
54.96,1,0.443
54.97,1,0.492
54.98,1,0.508
54.99,1,0.291
55.00,1,0.232
55.01,1,0.278
55.02,1,0.292
55.03,1,0.315
55.04,1,0.347
55.05,1,0.368
55.06,1,0.354
55.07,1,0.347
55.08,1,0.323
55.09,1,0.289
55.10,1,0.305
55.11,1,0.325
55.12,1,0.338
55.13,1,0.334
55.14,1,0.360
55.15,1,0.356
55.16,1,0.289
55.17,1,0.285
55.18,1,0.295
55.19,1,0.260
55.20,1,0.216
55.21,1,0.203
55.22,1,0.192
55.23,1,0.176
55.24,1,0.162
55.25,1,0.176
55.26,1,0.170
55.27,1,0.163
55.28,1,0.217
55.29,1,0.268
55.30,1,0.253
55.31,1,0.279
55.32,1,0.316
55.33,1,0.263
55.34,1,0.294
55.35,1,0.269
55.36,1,0.241
55.37,1,0.225
55.38,1,0.237
55.39,1,0.218
55.40,1,0.303
55.41,1,0.386
55.42,1,0.411
55.43,1,0.394
55.44,1,0.398
55.45,1,0.361
55.46,1,0.312
55.47,1,0.285
55.48,1,0.249
55.49,1,0.220
55.50,1,0.210
55.51,1,0.202
55.52,1,0.196
55.53,1,0.190
55.54,1,0.193
55.55,1,0.202
55.56,1,0.218
55.57,1,0.237
55.58,1,0.249
55.59,1,0.268
55.60,1,0.316
55.61,1,0.313
55.62,1,0.325
55.63,1,0.325
55.64,1,0.301
55.65,1,0.272
55.66,1,0.288
55.67,1,0.295
55.68,1,0.335
55.69,1,0.414
55.70,1,0.553
55.71,1,0.717
55.72,1,0.728
55.73,1,0.742
55.74,1,0.578
55.75,1,0.420
55.76,1,0.268
55.77,1,0.256
55.78,1,0.254
55.79,1,0.268
55.80,1,0.287
55.81,1,0.315
55.82,1,0.271
55.83,1,0.302
55.84,1,0.285
55.85,1,0.244
55.86,1,0.243
55.87,1,0.244
55.88,1,0.214
55.89,1,0.217
55.90,1,0.223
55.91,1,0.219
55.92,1,0.211
55.93,1,0.203
55.94,1,0.221
55.95,1,0.234
55.96,1,0.262
55.97,1,0.278
55.98,1,0.295
55.99,1,0.324
56.00,1,0.329
56.01,1,0.324
56.02,1,0.314
56.03,1,0.331
56.04,1,0.334
56.05,1,0.360
56.06,1,0.363
56.07,1,0.333
56.08,1,0.289
56.09,1,0.211
56.10,1,0.179
56.11,1,0.175
56.12,1,0.161
56.13,1,0.159
56.14,1,0.146
56.15,1,0.152
56.16,1,0.168
56.17,1,0.184
56.18,1,0.184
56.19,1,0.183
56.20,1,0.239
56.21,1,0.281
56.22,1,0.322
56.23,1,0.335
56.24,1,0.363
56.25,1,0.340
56.26,1,0.308
56.27,1,0.310
56.28,1,0.330
56.29,1,0.343
56.30,1,0.349
56.31,1,0.389
56.32,1,0.376
56.33,1,0.320
56.34,1,0.373
56.35,1,0.363
56.36,1,0.351
56.37,1,0.306
56.38,1,0.298
56.39,1,0.275
56.40,1,0.271
56.41,1,0.259
56.42,1,0.251
56.43,1,0.229
56.44,1,0.257
56.45,1,0.251
56.46,1,0.286
56.47,1,0.334
56.48,1,0.322
56.49,1,0.267
56.50,1,0.229
56.51,1,0.209
56.52,1,0.197
56.53,1,0.197
56.54,1,0.217
56.55,1,0.288
56.56,1,0.306
56.57,1,0.247
56.58,1,0.225
56.59,1,0.200
56.60,1,0.171
56.61,1,0.165
56.62,1,0.175
56.63,1,0.205
56.64,1,0.266
56.65,1,0.315
56.66,1,0.355
56.67,1,0.375
56.68,1,0.343
56.69,1,0.340
56.70,1,0.331
56.71,1,0.310
56.72,1,0.275
56.73,1,0.256
56.74,1,0.231
56.75,1,0.225
56.76,1,0.239
56.77,1,0.245
56.78,1,0.244
56.79,1,0.269
56.80,1,0.263
56.81,1,0.268
56.82,1,0.267
56.83,1,0.283
56.84,1,0.301
56.85,1,0.338
56.86,1,0.355
56.87,1,0.335
56.88,1,0.347
56.89,1,0.325
56.90,1,0.285
56.91,1,0.316
56.92,1,0.325
56.93,1,0.316
56.94,1,0.336
56.95,1,0.343
56.96,1,0.369
56.97,1,0.370
56.98,1,0.359
56.99,1,0.351
57.00,1,0.365
57.01,1,0.289
57.02,1,0.271
57.03,1,0.286
57.04,1,0.291
57.05,1,0.293
57.06,1,0.292
57.07,1,0.296
57.08,1,0.274
57.09,1,0.279
57.10,1,0.295
57.11,1,0.341
57.12,1,0.350
57.13,1,0.356
57.14,1,0.411
57.15,1,0.469
57.16,1,0.447
57.17,1,0.413
57.18,1,0.360
57.19,1,0.316
57.20,1,0.277
57.21,1,0.247
57.22,1,0.211
57.23,1,0.193
57.24,1,0.233
57.25,1,0.270
57.26,1,0.269
57.27,1,0.281
57.28,1,0.280
57.29,1,0.241
57.30,1,0.221
57.31,1,0.217
57.32,1,0.213
57.33,1,0.212
57.34,1,0.196
57.35,1,0.181
57.36,1,0.168
57.37,1,0.140
57.38,1,0.148
57.39,1,0.171
57.40,1,0.181
57.41,1,0.187
57.42,1,0.225
57.43,1,0.246
57.44,1,0.244
57.45,1,0.290
57.46,1,0.385
57.47,1,0.362
57.48,1,0.339
57.49,1,0.314
57.50,1,0.285
57.51,1,0.290
57.52,1,0.237
57.53,1,0.216
57.54,1,0.234
57.55,1,0.318
57.56,1,0.352
57.57,1,0.401
57.58,1,0.410
57.59,1,0.401
57.60,1,0.338
57.61,1,0.307
57.62,1,0.314
57.63,1,0.350
57.64,1,0.382
57.65,1,0.402
57.66,1,0.427
57.67,1,0.413
57.68,1,0.383
57.69,1,0.372
57.70,1,0.359
57.71,1,0.300
57.72,1,0.255
57.73,1,0.216
57.74,1,0.190
57.75,1,0.185
57.76,1,0.175
57.77,1,0.162
57.78,1,0.139
57.79,1,0.133
57.80,1,0.116
57.81,1,0.120
57.82,1,0.133
57.83,1,0.161
57.84,1,0.174
57.85,1,0.221
57.86,1,0.354
57.87,1,0.496
57.88,1,0.584
57.89,1,0.685
57.90,1,0.654
57.91,1,0.545
57.92,1,0.482
57.93,1,0.435
57.94,1,0.437
57.95,1,0.431
57.96,1,0.416
57.97,1,0.391
57.98,1,0.392
57.99,1,0.370
58.00,1,0.353
58.01,1,0.388
58.02,1,0.431
58.03,1,0.478
58.04,1,0.541
58.05,1,0.507
58.06,1,0.323
58.07,1,0.253
58.08,1,0.222
58.09,1,0.230
58.10,1,0.225
58.11,1,0.233
58.12,1,0.325
58.13,1,0.295
58.14,1,0.304
58.15,1,0.397
58.16,1,0.448
58.17,1,0.455
58.18,1,0.526
58.19,1,0.519
58.20,1,0.487
58.21,1,0.460
58.22,1,0.448
58.23,1,0.424
58.24,1,0.410
58.25,1,0.390
58.26,1,0.350
58.27,1,0.424
58.28,1,0.562
58.29,1,0.529
58.30,1,0.319
58.31,1,0.297
58.32,1,0.257
58.33,1,0.207
58.34,1,0.155
58.35,1,0.134
58.36,1,0.117
58.37,1,0.123
58.38,1,0.150
58.39,1,0.175
58.40,1,0.191
58.41,1,0.203
58.42,1,0.206
58.43,1,0.197
58.44,1,0.185
58.45,1,0.160
58.46,1,0.148
58.47,1,0.136
58.48,1,0.126
58.49,1,0.120
58.50,1,0.118
58.51,1,0.117
58.52,1,0.128
58.53,1,0.145
58.54,1,0.158
58.55,1,0.175
58.56,1,0.194
58.57,1,0.201
58.58,1,0.205
58.59,1,0.218
58.60,1,0.226
58.61,1,0.225
58.62,1,0.236
58.63,1,0.262
58.64,1,0.276
58.65,1,0.294
58.66,1,0.311
58.67,1,0.324
58.68,1,0.310
58.69,1,0.294
58.70,1,0.268
58.71,1,0.265
58.72,1,0.256
58.73,1,0.265
58.74,1,0.306
58.75,1,0.361
58.76,1,0.331
58.77,1,0.266
58.78,1,0.220
58.79,1,0.196
58.80,1,0.165
58.81,1,0.142
58.82,1,0.119
58.83,1,0.114
58.84,1,0.110
58.85,1,0.109
58.86,1,0.125
58.87,1,0.156
58.88,1,0.193
58.89,1,0.211
58.90,1,0.228
58.91,1,0.241
58.92,1,0.247
58.93,1,0.251
58.94,1,0.258
58.95,1,0.254
58.96,1,0.240
58.97,1,0.237
58.98,1,0.246
58.99,1,0.256
59.00,1,0.267
59.01,1,0.283
59.02,1,0.280
59.03,1,0.301
59.04,1,0.315
59.05,1,0.345
59.06,1,0.409
59.07,1,0.432
59.08,1,0.429
59.09,1,0.433
59.10,1,0.404
59.11,1,0.324
59.12,1,0.310
59.13,1,0.280
59.14,1,0.242
59.15,1,0.215
59.16,1,0.195
59.17,1,0.169
59.18,1,0.174
59.19,1,0.176
59.20,1,0.181
59.21,1,0.206
59.22,1,0.250
59.23,1,0.377
59.24,1,0.493
59.25,1,0.419
59.26,1,0.340
59.27,1,0.268
59.28,1,0.225
59.29,1,0.224
59.30,1,0.205
59.31,1,0.190
59.32,1,0.193
59.33,1,0.196
59.34,1,0.199
59.35,1,0.202
59.36,1,0.216
59.37,1,0.232
59.38,1,0.254
59.39,1,0.285
59.40,1,0.311
59.41,1,0.303
59.42,1,0.313
59.43,1,0.322
59.44,1,0.298
59.45,1,0.302
59.46,1,0.337
59.47,1,0.325
59.48,1,0.331
59.49,1,0.325
59.50,1,0.282
59.51,1,0.257
59.52,1,0.231
59.53,1,0.223
59.54,1,0.208
59.55,1,0.192
59.56,1,0.182
59.57,1,0.180
59.58,1,0.186
59.59,1,0.189
59.60,1,0.181
59.61,1,0.161
59.62,1,0.136
59.63,1,0.110
59.64,1,0.095
59.65,1,0.098
59.66,1,0.110
59.67,1,0.120
59.68,1,0.123
59.69,1,0.122
59.70,1,0.116
59.71,1,0.111
59.72,1,0.110
59.73,1,0.126
59.74,1,0.157
59.75,1,0.185
59.76,1,0.206
59.77,1,0.214
59.78,1,0.192
59.79,1,0.166
59.80,1,0.152
59.81,1,0.149
59.82,1,0.148
59.83,1,0.159
59.84,1,0.177
59.85,1,0.183
59.86,1,0.200
59.87,1,0.209
59.88,1,0.202
59.89,1,0.191
59.90,1,0.167
59.91,1,0.140
59.92,1,0.123
59.93,1,0.114
59.94,1,0.119
59.95,1,0.137
59.96,1,0.179
59.97,1,0.233
59.98,1,0.272
59.99,1,0.305
60.00,1,0.327
60.01,1,0.352
60.02,1,0.354
60.03,1,0.356
60.04,1,0.428
60.05,1,0.394
60.06,1,0.476
60.07,1,0.448
60.08,1,0.424
60.09,1,0.494
60.10,1,0.682
60.11,1,0.941
60.12,1,1.257
60.13,1,1.501
60.14,1,1.472
60.15,1,1.054
60.16,1,0.930
60.17,1,0.856
60.18,1,0.512
60.19,1,0.402
60.20,1,0.294
60.21,1,0.314
60.22,1,0.268
60.23,1,0.251
60.24,1,0.257
60.25,1,0.260
60.26,1,0.229
60.27,1,0.249
60.28,1,0.247
60.29,1,0.235
60.30,1,0.207
60.31,1,0.208
60.32,1,0.222
60.33,1,0.261
60.34,1,0.276
60.35,1,0.259
60.36,1,0.239
60.37,1,0.220
60.38,1,0.203
60.39,1,0.187
60.40,1,0.198
60.41,1,0.218
60.42,1,0.239
60.43,1,0.259
60.44,1,0.288
60.45,1,0.327
60.46,1,0.411
60.47,1,0.488
60.48,1,0.636
60.49,1,0.820
60.50,1,0.792
60.51,1,0.753
60.52,1,0.504
60.53,1,0.345
60.54,1,0.304
60.55,1,0.321
60.56,1,0.305
60.57,1,0.313
60.58,1,0.293
60.59,1,0.266
60.60,1,0.237
60.61,1,0.217
60.62,1,0.225
60.63,1,0.281
60.64,1,0.330
60.65,1,0.373
60.66,1,0.392
60.67,1,0.365
60.68,1,0.335
60.69,1,0.318
60.70,1,0.306
60.71,1,0.298
60.72,1,0.324
60.73,1,0.297
60.74,1,0.360
60.75,1,0.650
60.76,1,0.733
60.77,1,0.792
60.78,1,0.833
60.79,1,0.923
60.80,1,0.927
60.81,1,0.881
60.82,1,0.633
60.83,1,0.554
60.84,1,0.353
60.85,1,0.268
60.86,1,0.244
60.87,1,0.241
60.88,1,0.222
60.89,1,0.231
60.90,1,0.254
60.91,1,0.260
60.92,1,0.264
60.93,1,0.235
60.94,1,0.245
60.95,1,0.300
60.96,1,0.331
60.97,1,0.369
60.98,1,0.506
60.99,1,0.430
61.00,1,0.256
61.01,1,0.226
61.02,1,0.215
61.03,1,0.208
61.04,1,0.218
61.05,1,0.263
61.06,1,0.295
61.07,1,0.341
61.08,1,0.440
61.09,1,0.438
61.10,1,0.378
61.11,1,0.355
61.12,1,0.308
61.13,1,0.301
61.14,1,0.308
61.15,1,0.302
61.16,1,0.293
61.17,1,0.269
61.18,1,0.234
61.19,1,0.211
61.20,1,0.205
61.21,1,0.215
61.22,1,0.212
61.23,1,0.215
61.24,1,0.202
61.25,1,0.195
61.26,1,0.181
61.27,1,0.185
61.28,1,0.199
61.29,1,0.212
61.30,1,0.238
61.31,1,0.294
61.32,1,0.355
61.33,1,0.412
61.34,1,0.453
61.35,1,0.419
61.36,1,0.278
61.37,1,0.206
61.38,1,0.180
61.39,1,0.186
61.40,1,0.202
61.41,1,0.213
61.42,1,0.206
61.43,1,0.208
61.44,1,0.211
61.45,1,0.256
61.46,1,0.327
61.47,1,0.312
61.48,1,0.315
61.49,1,0.330
61.50,1,0.306
61.51,1,0.310
61.52,1,0.300
61.53,1,0.266
61.54,1,0.242
61.55,1,0.218
61.56,1,0.193
61.57,1,0.217
61.58,1,0.229
61.59,1,0.283
61.60,1,0.301
61.61,1,0.289
61.62,1,0.247
61.63,1,0.230
61.64,1,0.218
61.65,1,0.219
61.66,1,0.219
61.67,1,0.235
61.68,1,0.247
61.69,1,0.258
61.70,1,0.265
61.71,1,0.297
61.72,1,0.304
61.73,1,0.325
61.74,1,0.332
61.75,1,0.331
61.76,1,0.338
61.77,1,0.334
61.78,1,0.318
61.79,1,0.306
61.80,1,0.267
61.81,1,0.232
61.82,1,0.226
61.83,1,0.258
61.84,1,0.256
61.85,1,0.293
61.86,1,0.299
61.87,1,0.264
61.88,1,0.258
61.89,1,0.261
61.90,1,0.240
61.91,1,0.248
61.92,1,0.258
61.93,1,0.255
61.94,1,0.273
61.95,1,0.298
61.96,1,0.307
61.97,1,0.326
61.98,1,0.348
61.99,1,0.362
62.00,1,0.360
62.01,1,0.368
62.02,1,0.426
62.03,1,0.530
62.04,1,0.562
62.05,1,0.656
62.06,1,0.721
62.07,1,0.676
62.08,1,0.649
62.09,1,0.363
62.10,1,0.207
62.11,1,0.182
62.12,1,0.174
62.13,1,0.188
62.14,1,0.206
62.15,1,0.235
62.16,1,0.258
62.17,1,0.272
62.18,1,0.300
62.19,1,0.299
62.20,1,0.323
62.21,1,0.430
62.22,1,0.628
62.23,1,0.459
62.24,1,0.381
62.25,1,0.245
62.26,1,0.217
62.27,1,0.206
62.28,1,0.223
62.29,1,0.234
62.30,1,0.243
62.31,1,0.247
62.32,1,0.239
62.33,1,0.225
62.34,1,0.207
62.35,1,0.193
62.36,1,0.185
62.37,1,0.208
62.38,1,0.301
62.39,1,0.380
62.40,1,0.502
62.41,1,0.545
62.42,1,0.431
62.43,1,0.324
62.44,1,0.270
62.45,1,0.218
62.46,1,0.211
62.47,1,0.201
62.48,1,0.194
62.49,1,0.202
62.50,1,0.292
62.51,1,0.379
62.52,1,0.441
62.53,1,0.423
62.54,1,0.371
62.55,1,0.273
62.56,1,0.180
62.57,1,0.150
62.58,1,0.211
62.59,1,0.245
62.60,1,0.246
62.61,1,0.289
62.62,1,0.347
62.63,1,0.390
62.64,1,0.396
62.65,1,0.414
62.66,1,0.346
62.67,1,0.284
62.68,1,0.265
62.69,1,0.276
62.70,1,0.279
62.71,1,0.309
62.72,1,0.299
62.73,1,0.297
62.74,1,0.284
62.75,1,0.268
62.76,1,0.240
62.77,1,0.266
62.78,1,0.297
62.79,1,0.317
62.80,1,0.338
62.81,1,0.382
62.82,1,0.361
62.83,1,0.372
62.84,1,0.370
62.85,1,0.398
62.86,1,0.439
62.87,1,0.440
62.88,1,0.443
62.89,1,0.539
62.90,1,0.596
62.91,1,0.723
62.92,1,0.820
62.93,1,0.944
62.94,1,0.868
62.95,1,0.790
62.96,1,0.797
62.97,1,0.833
62.98,1,0.780
62.99,1,0.821
63.00,1,0.920
63.01,1,0.965
63.02,1,0.979
63.03,1,1.088
63.04,1,1.006
63.05,1,0.895
63.06,1,0.887
63.07,1,0.823
63.08,1,0.815
63.09,1,0.865
63.10,1,0.919
63.11,1,1.015
63.12,1,0.984
63.13,1,0.976
63.14,1,0.997
63.15,1,0.910
63.16,1,0.819
63.17,1,0.694
63.18,1,0.201
63.19,1,0.168
63.20,1,0.219
63.21,1,0.202
63.22,1,0.172
63.23,1,0.200
63.24,1,0.196
63.25,1,0.175
63.26,1,0.186
63.27,1,0.170
63.28,1,0.165
63.29,1,0.187
63.30,1,0.198
63.31,1,0.215
63.32,1,0.256
63.33,1,0.277
63.34,1,0.294
63.35,1,0.322
63.36,1,0.312
63.37,1,0.306
63.38,1,0.331
63.39,1,0.379
63.40,1,0.441
63.41,1,0.569
63.42,1,0.755
63.43,1,0.940
63.44,1,1.027
63.45,1,0.909
63.46,1,0.819
63.47,1,0.700
63.48,1,0.560
63.49,1,0.543
63.50,1,0.605
63.51,1,0.668
63.52,1,0.639
63.53,1,0.600
63.54,1,0.514
63.55,1,0.369
63.56,1,0.268
63.57,1,0.253
63.58,1,0.265
63.59,1,0.271
63.60,1,0.282
63.61,1,0.306
63.62,1,0.331
63.63,1,0.323
63.64,1,0.317
63.65,1,0.325
63.66,1,0.268
63.67,1,0.232
63.68,1,0.259
63.69,1,0.211
63.70,1,0.191
63.71,1,0.160
63.72,1,0.147
63.73,1,0.160
63.74,1,0.167
63.75,1,0.205
63.76,1,0.262
63.77,1,0.328
63.78,1,0.461
63.79,1,0.627
63.80,1,0.714
63.81,1,0.777
63.82,1,0.820
63.83,1,0.522
63.84,1,0.308
63.85,1,0.265
63.86,1,0.241
63.87,1,0.275
63.88,1,0.289
63.89,1,0.292
63.90,1,0.374
63.91,1,0.408
63.92,1,0.384
63.93,1,0.400
63.94,1,0.371
63.95,1,0.299
63.96,1,0.293
63.97,1,0.281
63.98,1,0.278
63.99,1,0.281
64.00,1,0.282
64.01,1,0.257
64.02,1,0.254
64.03,1,0.246
64.04,1,0.234
64.05,1,0.235
64.06,1,0.272
64.07,1,0.309
64.08,1,0.337
64.09,1,0.346
64.10,1,0.349
64.11,1,0.346
64.12,1,0.354
64.13,1,0.349
64.14,1,0.357
64.15,1,0.348
64.16,1,0.342
64.17,1,0.292
64.18,1,0.262
64.19,1,0.243
64.20,1,0.238
64.21,1,0.252
64.22,1,0.287
64.23,1,0.327
64.24,1,0.524
64.25,1,0.631
64.26,1,0.670
64.27,1,0.736
64.28,1,0.744
64.29,1,0.509
64.30,1,0.438
64.31,1,0.346
64.32,1,0.269
64.33,1,0.233
64.34,1,0.252
64.35,1,0.232
64.36,1,0.226
64.37,1,0.234
64.38,1,0.253
64.39,1,0.255
64.40,1,0.277
64.41,1,0.256
64.42,1,0.222
64.43,1,0.203
64.44,1,0.182
64.45,1,0.156
64.46,1,0.145
64.47,1,0.136
64.48,1,0.149
64.49,1,0.161
64.50,1,0.202
64.51,1,0.213
64.52,1,0.217
64.53,1,0.214
64.54,1,0.232
64.55,1,0.251
64.56,1,0.280
64.57,1,0.291
64.58,1,0.304
64.59,1,0.270
64.60,1,0.254
64.61,1,0.256
64.62,1,0.248
64.63,1,0.238
64.64,1,0.238
64.65,1,0.244
64.66,1,0.217
64.67,1,0.203
64.68,1,0.189
64.69,1,0.170
64.70,1,0.179
64.71,1,0.200
64.72,1,0.235
64.73,1,0.313
64.74,1,0.770
64.75,1,1.045
64.76,1,0.904
64.77,1,0.650
64.78,1,0.359
64.79,1,0.281
64.80,1,0.349
64.81,1,0.381
64.82,1,0.432
64.83,1,0.423
64.84,1,0.387
64.85,1,0.335
64.86,1,0.266
64.87,1,0.206
64.88,1,0.190
64.89,1,0.228
64.90,1,0.289
64.91,1,0.337
64.92,1,0.340
64.93,1,0.324
64.94,1,0.293
64.95,1,0.254
64.96,1,0.224
64.97,1,0.251
64.98,1,0.330
64.99,1,0.639
65.00,1,0.631
65.01,1,0.563
65.02,1,0.473
65.03,1,0.455
65.04,1,0.424
65.05,1,0.516
65.06,1,0.615
65.07,1,0.612
65.08,1,0.451
65.09,1,0.256
65.10,1,0.307
65.11,1,0.356
65.12,1,0.348
65.13,1,0.353
65.14,1,0.391
65.15,1,0.406
65.16,1,0.374
65.17,1,0.395
65.18,1,0.353
65.19,1,0.300
65.20,1,0.263
65.21,1,0.243
65.22,1,0.226
65.23,1,0.217
65.24,1,0.229
65.25,1,0.232
65.26,1,0.241
65.27,1,0.226
65.28,1,0.195
65.29,1,0.164
65.30,1,0.148
65.31,1,0.149
65.32,1,0.190
65.33,1,0.232
65.34,1,0.244
65.35,1,0.246
65.36,1,0.233
65.37,1,0.206
65.38,1,0.193
65.39,1,0.201
65.40,1,0.215
65.41,1,0.213
65.42,1,0.219
65.43,1,0.229
65.44,1,0.335
65.45,1,0.379
65.46,1,0.354
65.47,1,0.332
65.48,1,0.311
65.49,1,0.198
65.50,1,0.140
65.51,1,0.139
65.52,1,0.152
65.53,1,0.165
65.54,1,0.207
65.55,1,0.275
65.56,1,0.307
65.57,1,0.301
65.58,1,0.280
65.59,1,0.264
65.60,1,0.258
65.61,1,0.231
65.62,1,0.225
65.63,1,0.237
65.64,1,0.260
65.65,1,0.304
65.66,1,0.326
65.67,1,0.344
65.68,1,0.396
65.69,1,0.421
65.70,1,0.409
65.71,1,0.392
65.72,1,0.379
65.73,1,0.317
65.74,1,0.279
65.75,1,0.281
65.76,1,0.290
65.77,1,0.311
65.78,1,0.307
65.79,1,0.324
65.80,1,0.301
65.81,1,0.317
65.82,1,0.324
65.83,1,0.225
65.84,1,0.164
65.85,1,0.140
65.86,1,0.115
65.87,1,0.121
65.88,1,0.136
65.89,1,0.149
65.90,1,0.186
65.91,1,0.241
65.92,1,0.259
65.93,1,0.287
65.94,1,0.289
65.95,1,0.287
65.96,1,0.278
65.97,1,0.247
65.98,1,0.233
65.99,1,0.212
66.00,1,0.216
66.01,1,0.257
66.02,1,0.276
66.03,1,0.422
66.04,1,0.398
66.05,1,0.266
66.06,1,0.216
66.07,1,0.170
66.08,1,0.146
66.09,1,0.130
66.10,1,0.145
66.11,1,0.190
66.12,1,0.236
66.13,1,0.273
66.14,1,0.300
66.15,1,0.298
66.16,1,0.281
66.17,1,0.269
66.18,1,0.286
66.19,1,0.340
66.20,1,0.383
66.21,1,0.391
66.22,1,0.334
66.23,1,0.283
66.24,1,0.258
66.25,1,0.246
66.26,1,0.256
66.27,1,0.243
66.28,1,0.285
66.29,1,0.300
66.30,1,0.308
66.31,1,0.353
66.32,1,0.386
66.33,1,0.351
66.34,1,0.317
66.35,1,0.261
66.36,1,0.216
66.37,1,0.201
66.38,1,0.217
66.39,1,0.262
66.40,1,0.335
66.41,1,0.347
66.42,1,0.311
66.43,1,0.276
66.44,1,0.256
66.45,1,0.239
66.46,1,0.214
66.47,1,0.201
66.48,1,0.176
66.49,1,0.172
66.50,1,0.150
66.51,1,0.143
66.52,1,0.126
66.53,1,0.128
66.54,1,0.134
66.55,1,0.162
66.56,1,0.177
66.57,1,0.197
66.58,1,0.204
66.59,1,0.215
66.60,1,0.220
66.61,1,0.229
66.62,1,0.233
66.63,1,0.240
66.64,1,0.241
66.65,1,0.255
66.66,1,0.291
66.67,1,0.325
66.68,1,0.293
66.69,1,0.259
66.70,1,0.278
66.71,1,0.250
66.72,1,0.220
66.73,1,0.244
66.74,1,0.273
66.75,1,0.236
66.76,1,0.242
66.77,1,0.252
66.78,1,0.235
66.79,1,0.255
66.80,1,0.332
66.81,1,0.398
66.82,1,0.489
66.83,1,0.554
66.84,1,0.390
66.85,1,0.272
66.86,1,0.219
66.87,1,0.214
66.88,1,0.251
66.89,1,0.279
66.90,1,0.266
66.91,1,0.340
66.92,1,0.395
66.93,1,0.379
66.94,1,0.423
66.95,1,0.444
66.96,1,0.365
66.97,1,0.272
66.98,1,0.237
66.99,1,0.199
67.00,1,0.177
67.01,1,0.196
67.02,1,0.251
67.03,1,0.320
67.04,1,0.374
67.05,1,0.413
67.06,1,0.388
67.07,1,0.360
67.08,1,0.320
67.09,1,0.302
67.10,1,0.301
67.11,1,0.314
67.12,1,0.330
67.13,1,0.354
67.14,1,0.282
67.15,1,0.276
67.16,1,0.252
67.17,1,0.239
67.18,1,0.227
67.19,1,0.228
67.20,1,0.228
67.21,1,0.235
67.22,1,0.249
67.23,1,0.286
67.24,1,0.333
67.25,1,0.395
67.26,1,0.477
67.27,1,0.545
67.28,1,0.551
67.29,1,0.497
67.30,1,0.363
67.31,1,0.315
67.32,1,0.351
67.33,1,0.445
67.34,1,0.437
67.35,1,0.457
67.36,1,0.422
67.37,1,0.358
67.38,1,0.289
67.39,1,0.285
67.40,1,0.317
67.41,1,0.345
67.42,1,0.367
67.43,1,0.386
67.44,1,0.356
67.45,1,0.358
67.46,1,0.324
67.47,1,0.291
67.48,1,0.277
67.49,1,0.275
67.50,1,0.267
67.51,1,0.287
67.52,1,0.262
67.53,1,0.242
67.54,1,0.242
67.55,1,0.234
67.56,1,0.231
67.57,1,0.221
67.58,1,0.228
67.59,1,0.234
67.60,1,0.272
67.61,1,0.304
67.62,1,0.386
67.63,1,0.416
67.64,1,0.454
67.65,1,0.377
67.66,1,0.297
67.67,1,0.264
67.68,1,0.239
67.69,1,0.203
67.70,1,0.261
67.71,1,0.311
67.72,1,0.310
67.73,1,0.315
67.74,1,0.330
67.75,1,0.371
67.76,1,0.412
67.77,1,0.461
67.78,1,0.448
67.79,1,0.356
67.80,1,0.283
67.81,1,0.231
67.82,1,0.210
67.83,1,0.231
67.84,1,0.224
67.85,1,0.213
67.86,1,0.236
67.87,1,0.220
67.88,1,0.227
67.89,1,0.249
67.90,1,0.259
67.91,1,0.270
67.92,1,0.284
67.93,1,0.288
67.94,1,0.342
67.95,1,0.425
67.96,1,0.437
67.97,1,0.486
67.98,1,0.601
67.99,1,0.597
68.00,1,0.579
68.01,1,0.601
68.02,1,0.553
68.03,1,0.571
68.04,1,0.574
68.05,1,0.560
68.06,1,0.530
68.07,1,0.500
68.08,1,0.458
68.09,1,0.385
68.10,1,0.246
68.11,1,0.189
68.12,1,0.153
68.13,1,0.128
68.14,1,0.119
68.15,1,0.123
68.16,1,0.130
68.17,1,0.142
68.18,1,0.167
68.19,1,0.188
68.20,1,0.211
68.21,1,0.247
68.22,1,0.398
68.23,1,0.677
68.24,1,0.597
68.25,1,0.517
68.26,1,0.310
68.27,1,0.208
68.28,1,0.193
68.29,1,0.249
68.30,1,0.246
68.31,1,0.263
68.32,1,0.295
68.33,1,0.320
68.34,1,0.347
68.35,1,0.393
68.36,1,0.389
68.37,1,0.390
68.38,1,0.400
68.39,1,0.375
68.40,1,0.393
68.41,1,0.379
68.42,1,0.324
68.43,1,0.296
68.44,1,0.227
68.45,1,0.175
68.46,1,0.154
68.47,1,0.146
68.48,1,0.132
68.49,1,0.129
68.50,1,0.127
68.51,1,0.111
68.52,1,0.120
68.53,1,0.126
68.54,1,0.152
68.55,1,0.179
68.56,1,0.230
68.57,1,0.281
68.58,1,0.261
68.59,1,0.200
68.60,1,0.168
68.61,1,0.151
68.62,1,0.138
68.63,1,0.143
68.64,1,0.156
68.65,1,0.179
68.66,1,0.224
68.67,1,0.274
68.68,1,0.245
68.69,1,0.224
68.70,1,0.220
68.71,1,0.217
68.72,1,0.229
68.73,1,0.168
68.74,1,0.144
68.75,1,0.129
68.76,1,0.122
68.77,1,0.114
68.78,1,0.114
68.79,1,0.118
68.80,1,0.120
68.81,1,0.134
68.82,1,0.155
68.83,1,0.191
68.84,1,0.229
68.85,1,0.306
68.86,1,0.401
68.87,1,0.441
68.88,1,0.371
68.89,1,0.288
68.90,1,0.203
68.91,1,0.161
68.92,1,0.132
68.93,1,0.120
68.94,1,0.110
68.95,1,0.106
68.96,1,0.102
68.97,1,0.113
68.98,1,0.120
68.99,1,0.131
69.00,1,0.145
69.01,1,0.160
69.02,1,0.175
69.03,1,0.197
69.04,1,0.210
69.05,1,0.232
69.06,1,0.244
69.07,1,0.207
69.08,1,0.178
69.09,1,0.186
69.10,1,0.180
69.11,1,0.199
69.12,1,0.201
69.13,1,0.183
69.14,1,0.178
69.15,1,0.189
69.16,1,0.180
69.17,1,0.203
69.18,1,0.267
69.19,1,0.227
69.20,1,0.175
69.21,1,0.175
69.22,1,0.173
69.23,1,0.158
69.24,1,0.159
69.25,1,0.162
69.26,1,0.168
69.27,1,0.179
69.28,1,0.209
69.29,1,0.238
69.30,1,0.260
69.31,1,0.295
69.32,1,0.310
69.33,1,0.311
69.34,1,0.310
69.35,1,0.214
69.36,1,0.148
69.37,1,0.104
69.38,1,0.106
69.39,1,0.104
69.40,1,0.097
69.41,1,0.088
69.42,1,0.090
69.43,1,0.098
69.44,1,0.096
69.45,1,0.093
69.46,1,0.091
69.47,1,0.081
69.48,1,0.071
69.49,1,0.079
69.50,1,0.095
69.51,1,0.108
69.52,1,0.117
69.53,1,0.130
69.54,1,0.146
69.55,1,0.160
69.56,1,0.193
69.57,1,0.242
69.58,1,0.290
69.59,1,0.345
69.60,1,0.244
69.61,1,0.148
69.62,1,0.098
69.63,1,0.073
69.64,1,0.070
69.65,1,0.077
69.66,1,0.093
69.67,1,0.103
69.68,1,0.121
69.69,1,0.133
69.70,1,0.134
69.71,1,0.121
69.72,1,0.112
69.73,1,0.080
69.74,1,0.056
69.75,1,0.053
69.76,1,0.060
69.77,1,0.064
69.78,1,0.070
69.79,1,0.077
69.80,1,0.084
69.81,1,0.089
69.82,1,0.093
69.83,1,0.102
69.84,1,0.123
69.85,1,0.139
69.86,1,0.143
69.87,1,0.196
69.88,1,0.274
69.89,1,0.313
69.90,1,0.335
69.91,1,0.428
69.92,1,0.358
69.93,1,0.194
69.94,1,0.041
69.95,1,0.038
69.96,1,0.043
69.97,1,0.088
69.98,1,0.098
69.99,1,0.120
70.00,1,0.141
70.01,1,0.147
70.02,1,0.115
70.03,1,0.111
70.04,1,0.087
70.05,1,0.072
70.06,1,0.063
70.07,1,0.055
70.08,1,0.058
70.09,1,0.064
70.10,1,0.074
70.11,1,0.070
70.12,1,0.066
70.13,1,0.068
70.14,1,0.065
70.15,1,0.075
70.16,1,0.085
70.17,1,0.090
70.18,1,0.089
70.19,1,0.090
70.20,1,0.081
70.21,1,0.082
70.22,1,0.087
70.23,1,0.086
70.24,1,0.086
70.25,1,0.092
70.26,1,0.096
70.27,1,0.104
70.28,1,0.113
70.29,1,0.112
70.30,1,0.119
70.31,1,0.125
70.32,1,0.127
70.33,1,0.136
70.34,1,0.144
70.35,1,0.148
70.36,1,0.148
70.37,1,0.160
70.38,1,0.163
70.39,1,0.188
70.40,1,0.183
70.41,1,0.193
70.42,1,0.213
70.43,1,0.213
70.44,1,0.197
70.45,1,0.218
70.46,1,0.230
70.47,1,0.258
70.48,1,0.323
70.49,1,0.457
70.50,1,0.497
70.51,1,0.436
70.52,1,0.349
70.53,1,0.348
70.54,1,0.369
70.55,1,0.360
70.56,1,0.332
70.57,1,0.321
70.58,0,
70.59,0,
70.60,0,
70.61,0,
70.62,0,
70.63,0,
70.64,0,
70.65,0,
70.66,0,
70.67,0,
70.68,0,
70.69,0,
70.70,0,
70.71,0,
70.72,0,
70.73,0,
70.74,0,
70.75,0,
70.76,0,
70.77,0,
70.78,0,
70.79,0,
70.80,1,0.301
70.81,1,0.307
70.82,1,0.343
70.83,1,0.411
70.84,1,0.471
70.85,1,0.428
70.86,1,0.407
70.87,1,0.438
70.88,1,0.397
70.89,1,0.422
70.90,1,0.481
70.91,1,0.502
70.92,1,0.523
70.93,1,0.556
70.94,1,0.497
70.95,1,0.504
70.96,1,0.502
70.97,1,0.519
70.98,1,0.511
70.99,1,0.499
71.00,1,0.475
71.01,1,0.451
71.02,1,0.404
71.03,1,0.390
71.04,1,0.380
71.05,1,0.352
71.06,1,0.336
71.07,1,0.384
71.08,1,0.408
71.09,1,0.463
71.10,1,0.473
71.11,1,0.476
71.12,1,0.462
71.13,1,0.413
71.14,1,0.376
71.15,1,0.376
71.16,1,0.349
71.17,1,0.314
71.18,1,0.326
71.19,1,0.346
71.20,1,0.351
71.21,1,0.373
71.22,1,0.405
71.23,1,0.402
71.24,1,0.407
71.25,1,0.420
71.26,1,0.437
71.27,1,0.447
71.28,1,0.492
71.29,1,0.476
71.30,1,0.488
71.31,1,0.475
71.32,1,0.435
71.33,1,0.382
71.34,1,0.376
71.35,1,0.392
71.36,1,0.396
71.37,1,0.454
71.38,1,0.563
71.39,1,0.628
71.40,1,0.687
71.41,1,0.726
71.42,1,0.736
71.43,1,0.734
71.44,1,0.728
71.45,1,0.591
71.46,1,0.564
71.47,1,0.450
71.48,1,0.406
71.49,1,0.378
71.50,1,0.393
71.51,1,0.426
71.52,1,0.483
71.53,1,0.513
71.54,1,0.571
71.55,1,0.501
71.56,1,0.483
71.57,1,0.500
71.58,1,0.478
71.59,1,0.485
71.60,1,0.556
71.61,1,0.575
71.62,1,0.620
71.63,1,0.718
71.64,1,0.683
71.65,1,0.644
71.66,1,0.695
71.67,1,0.725
71.68,1,0.676
71.69,1,0.649
71.70,1,0.625
71.71,1,0.507
71.72,1,0.439
71.73,1,0.455
71.74,1,0.472
71.75,1,0.575
71.76,1,0.561
71.77,1,0.559
71.78,1,0.618
71.79,1,0.739
71.80,1,0.769
71.81,1,0.875
71.82,1,0.952
71.83,1,0.882
71.84,1,0.852
71.85,1,0.831
71.86,1,0.733
71.87,1,0.762
71.88,1,0.787
71.89,1,0.853
71.90,1,0.848
71.91,1,0.873
71.92,1,0.852
71.93,1,0.777
71.94,1,0.621
71.95,1,0.539
71.96,1,0.618
71.97,1,0.717
71.98,1,0.861
71.99,1,0.966
72.00,1,0.791
72.01,1,0.702
72.02,1,0.616
72.03,1,0.545
72.04,1,0.549
72.05,1,0.562
72.06,1,0.580
72.07,1,0.616
72.08,1,0.578
72.09,1,0.484
72.10,1,0.472
72.11,1,0.382
72.12,1,0.384
72.13,1,0.414
72.14,1,0.436
72.15,1,0.456
72.16,1,0.457
72.17,1,0.453
72.18,1,0.451
72.19,1,0.427
72.20,1,0.447
72.21,1,0.480
72.22,1,0.540
72.23,1,0.545
72.24,1,0.549
72.25,1,0.528
72.26,1,0.498
72.27,1,0.456
72.28,1,0.441
72.29,1,0.414
72.30,1,0.405
72.31,1,0.394
72.32,1,0.385
72.33,1,0.403
72.34,1,0.525
72.35,1,0.571
72.36,1,0.594
72.37,1,0.647
72.38,1,0.635
72.39,1,0.626
72.40,1,0.551
72.41,1,0.614
72.42,1,0.490
72.43,1,0.483
72.44,1,0.433
72.45,1,0.473
72.46,1,0.590
72.47,1,0.707
72.48,1,0.749
72.49,1,0.748
72.50,1,0.625
72.51,1,0.534
72.52,1,0.473
72.53,1,0.437
72.54,1,0.423
72.55,1,0.447
72.56,1,0.470
72.57,1,0.468
72.58,1,0.498
72.59,1,0.519
72.60,1,0.519
72.61,1,0.504
72.62,1,0.532
72.63,1,0.508
72.64,1,0.514
72.65,1,0.544
72.66,1,0.600
72.67,1,0.610
72.68,1,0.581
72.69,1,0.594
72.70,1,0.578
72.71,1,0.527
72.72,1,0.494
72.73,1,0.464
72.74,1,0.456
72.75,1,0.469
72.76,1,0.473
72.77,1,0.472
72.78,1,0.477
72.79,1,0.446
72.80,1,0.424
72.81,1,0.405
72.82,1,0.375
72.83,1,0.383
72.84,1,0.425
72.85,1,0.472
72.86,1,0.553
72.87,1,0.687
72.88,1,0.844
72.89,1,0.959
72.90,1,1.047
72.91,1,1.034
72.92,1,0.949
72.93,1,0.841
72.94,1,0.778
72.95,1,0.771
72.96,1,0.828
72.97,1,0.880
72.98,1,0.918
72.99,1,0.919
73.00,1,0.991
73.01,1,1.022
73.02,1,1.024
73.03,1,1.099
73.04,1,1.104
73.05,1,1.144
73.06,1,1.091
73.07,1,0.986
73.08,1,0.910
73.09,1,0.792
73.10,1,0.691
73.11,1,0.640
73.12,1,0.596
73.13,1,0.590
73.14,1,0.604
73.15,1,0.637
73.16,1,0.665
73.17,1,0.649
73.18,1,0.621
73.19,1,0.619
73.20,1,0.562
73.21,1,0.505
73.22,1,0.482
73.23,1,0.518
73.24,1,0.496
73.25,1,0.445
73.26,1,0.446
73.27,1,0.437
73.28,1,0.415
73.29,1,0.392
73.30,1,0.378
73.31,1,0.392
73.32,1,0.436
73.33,1,0.451
73.34,1,0.468
73.35,1,0.464
73.36,1,0.407
73.37,1,0.390
73.38,1,0.387
73.39,1,0.389
73.40,1,0.400
73.41,1,0.403
73.42,1,0.378
73.43,1,0.432
73.44,1,0.450
73.45,1,0.463
73.46,1,0.442
73.47,1,0.462
73.48,1,0.408
73.49,1,0.399
73.50,1,0.365
73.51,1,0.352
73.52,1,0.357
73.53,1,0.379
73.54,1,0.396
73.55,0,
73.56,0,
73.57,0,
73.58,0,
73.59,0,
73.60,0,
73.61,0,
73.62,0,
73.63,0,
73.64,0,
73.65,0,
73.66,0,
73.67,0,
73.68,0,
73.69,0,
73.70,0,
73.71,0,
73.72,0,
73.73,0,
73.74,0,
73.75,0,
73.76,0,
73.77,0,
73.78,1,0.199
73.79,1,0.215
73.80,1,0.216
73.81,1,0.221
73.82,1,0.243
73.83,1,0.297
73.84,1,0.383
73.85,1,0.432
73.86,1,0.471
73.87,1,0.573
73.88,1,0.665
73.89,1,0.687
73.90,1,0.676
73.91,1,0.666
73.92,1,0.598
73.93,1,0.494
73.94,1,0.443
73.95,1,0.447
73.96,1,0.440
73.97,1,0.399
73.98,1,0.368
73.99,1,0.383
74.00,1,0.364
74.01,1,0.322
74.02,1,0.416
74.03,1,0.415
74.04,1,0.442
74.05,1,0.468
74.06,1,0.526
74.07,1,0.488
74.08,1,0.612
74.09,1,0.650
74.10,1,0.678
74.11,1,0.708
74.12,1,0.729
74.13,1,0.671
74.14,1,0.624
74.15,1,0.581
74.16,1,0.566
74.17,1,0.532
74.18,1,0.572
74.19,1,0.538
74.20,1,0.589
74.21,1,0.623
74.22,1,0.641
74.23,1,0.733
74.24,1,0.813
74.25,1,0.755
74.26,1,0.769
74.27,1,0.781
74.28,1,0.715
74.29,1,0.719
74.30,1,0.753
74.31,1,0.672
74.32,1,0.631
74.33,1,0.646
74.34,1,0.621
74.35,1,0.527
74.36,1,0.506
74.37,1,0.474
74.38,1,0.442
74.39,1,0.428
74.40,1,0.394
74.41,1,0.439
74.42,1,0.523
74.43,1,0.586
74.44,1,0.661
74.45,1,0.690
74.46,1,0.656
74.47,1,0.552
74.48,1,0.503
74.49,1,0.468
74.50,1,0.481
74.51,1,0.535
74.52,1,0.594
74.53,1,0.609
74.54,1,0.629
74.55,1,0.598
74.56,1,0.526
74.57,1,0.522
74.58,1,0.595
74.59,1,0.635
74.60,1,0.628
74.61,1,0.619
74.62,1,0.563
74.63,1,0.509
74.64,1,0.459
74.65,1,0.437
74.66,1,0.427
74.67,1,0.421
74.68,1,0.430
74.69,1,0.503
74.70,1,0.487
74.71,1,0.488
74.72,1,0.500
74.73,1,0.448
74.74,1,0.416
74.75,1,0.412
74.76,1,0.376
74.77,1,0.339
74.78,1,0.343
74.79,1,0.353
74.80,1,0.322
74.81,1,0.301
74.82,1,0.282
74.83,1,0.261
74.84,1,0.238
74.85,1,0.278
74.86,1,0.352
74.87,1,0.395
74.88,1,0.401
74.89,1,0.438
74.90,1,0.435
74.91,1,0.427
74.92,1,0.431
74.93,1,0.396
74.94,1,0.366
74.95,1,0.366
74.96,1,0.379
74.97,1,0.398
74.98,1,0.427
74.99,1,0.427
75.00,1,0.416
75.01,1,0.443
75.02,1,0.416
75.03,1,0.373
75.04,1,0.374
75.05,1,0.319
75.06,1,0.367
75.07,1,0.413
75.08,1,0.479
75.09,1,0.533
75.10,1,0.546
75.11,1,0.496
75.12,1,0.482
75.13,1,0.442
75.14,1,0.389
75.15,1,0.361
75.16,1,0.349
75.17,1,0.359
75.18,1,0.333
75.19,1,0.349
75.20,1,0.376
75.21,1,0.372
75.22,1,0.383
75.23,0,
75.24,0,
75.25,0,
75.26,0,
75.27,0,
75.28,0,
75.29,0,
75.30,0,
75.31,0,
75.32,0,
75.33,0,
75.34,0,
75.35,0,
75.36,0,
75.37,0,
75.38,0,
75.39,0,
75.40,0,
75.41,0,
75.42,0,
75.43,0,
75.44,0,
75.45,0,
75.46,0,
75.47,0,
75.48,0,
75.49,0,
75.50,0,
75.51,0,
75.52,0,
75.53,0,
75.54,0,
75.55,0,
75.56,0,
75.57,0,
75.58,0,
75.59,0,
75.60,0,
75.61,0,
75.62,1,0.341
75.63,1,0.383
75.64,1,0.424
75.65,1,0.452
75.66,1,0.460
75.67,1,0.456
75.68,1,0.454
75.69,1,0.522
75.70,1,0.530
75.71,1,0.581
75.72,1,0.622
75.73,1,0.589
75.74,1,0.599
75.75,1,0.581
75.76,1,0.583
75.77,1,0.687
75.78,1,0.760
75.79,1,0.806
75.80,1,0.825
75.81,1,0.851
75.82,1,0.783
75.83,1,0.771
75.84,1,0.785
75.85,1,0.846
75.86,1,0.791
75.87,1,0.661
75.88,1,0.684
75.89,1,0.574
75.90,1,0.510
75.91,1,0.411
75.92,1,0.331
75.93,1,0.426
75.94,1,0.448
75.95,1,0.455
75.96,1,0.507
75.97,1,0.554
75.98,1,0.448
75.99,1,0.403
76.00,1,0.351
76.01,1,0.387
76.02,1,0.388
76.03,1,0.410
76.04,1,0.441
76.05,1,0.429
76.06,1,0.360
76.07,0,
76.08,0,
76.09,0,
76.10,0,
76.11,0,
76.12,0,
76.13,0,
76.14,0,
76.15,0,
76.16,0,
76.17,0,
76.18,0,
76.19,0,
76.20,0,
76.21,0,
76.22,0,
76.23,0,
76.24,0,
76.25,0,
76.26,0,
76.27,0,
76.28,0,
76.29,0,
76.30,1,0.539
76.31,1,0.478
76.32,1,0.378
76.33,1,0.249
76.34,1,0.208
76.35,1,0.218
76.36,1,0.239
76.37,1,0.292
76.38,1,0.322
76.39,1,0.288
76.40,1,0.250
76.41,1,0.208
76.42,1,0.184
76.43,1,0.177
76.44,1,0.203
76.45,1,0.254
76.46,1,0.309
76.47,1,0.349
76.48,1,0.318
76.49,1,0.301
76.50,1,0.282
76.51,1,0.322
76.52,1,0.321
76.53,1,0.309
76.54,1,0.415
76.55,1,0.477
76.56,1,0.508
76.57,1,0.602
76.58,1,0.635
76.59,1,0.623
76.60,1,0.641
76.61,1,0.656
76.62,1,0.668
76.63,1,0.406
76.64,1,0.276
76.65,1,0.238
76.66,0,
76.67,0,
76.68,0,
76.69,0,
76.70,0,
76.71,0,
76.72,0,
76.73,0,
76.74,0,
76.75,0,
76.76,0,
76.77,0,
76.78,0,
76.79,0,
76.80,0,
76.81,0,
76.82,0,
76.83,0,
76.84,0,
76.85,0,
76.86,0,
76.87,0,
76.88,0,
76.89,0,
76.90,0,
76.91,0,
76.92,0,
76.93,0,
76.94,0,
76.95,0,
76.96,0,
76.97,0,
76.98,0,
76.99,0,
77.00,0,
77.01,0,
77.02,0,
77.03,0,
77.04,0,
77.05,0,
77.06,0,
77.07,0,
77.08,0,
77.09,1,0.141
77.10,1,0.107
77.11,1,0.114
77.12,1,0.148
77.13,1,0.170
77.14,1,0.274
77.15,1,0.324
77.16,1,0.344
77.17,1,0.351
77.18,1,0.400
77.19,1,0.403
77.20,1,0.411
77.21,1,0.427
77.22,1,0.454
77.23,1,0.421
77.24,1,0.382
77.25,1,0.292
77.26,1,0.207
77.27,1,0.195
77.28,1,0.165
77.29,1,0.160
77.30,1,0.152
77.31,0,
77.32,0,
77.33,0,
77.34,0,
77.35,0,
77.36,0,
77.37,0,
77.38,0,
77.39,0,
77.40,0,
77.41,0,
77.42,0,
77.43,0,
77.44,0,
77.45,0,
77.46,0,
77.47,0,
77.48,0,
77.49,0,
77.50,0,
77.51,0,
77.52,0,
77.53,0,
77.54,0,
77.55,0,
77.56,0,
77.57,0,
77.58,0,
77.59,0,
77.60,0,
77.61,0,
77.62,0,
77.63,0,
77.64,0,
77.65,0,
77.66,0,
77.67,0,
77.68,0,
77.69,0,
77.70,0,
77.71,0,
77.72,0,
77.73,0,
77.74,0,
77.75,0,
77.76,0,
77.77,0,
77.78,0,
77.79,0,
77.80,0,
77.81,0,
77.82,0,
77.83,0,
77.84,0,
77.85,0,
77.86,0,
77.87,0,
77.88,0,
77.89,0,
77.90,0,
77.91,0,
77.92,0,
77.93,0,
77.94,0,
77.95,0,
77.96,0,
77.97,0,
77.98,0,
77.99,0,
78.00,0,
78.01,0,
78.02,0,
78.03,0,
78.04,0,
78.05,0,
78.06,0,
78.07,0,
78.08,0,
78.09,0,
78.10,0,
78.11,0,
78.12,0,
78.13,0,
78.14,0,
78.15,0,
78.16,0,
78.17,0,
78.18,0,
78.19,0,
78.20,0,
78.21,0,
78.22,0,
78.23,0,
78.24,0,
78.25,0,
78.26,0,
78.27,0,
78.28,0,
78.29,0,
78.30,0,
78.31,0,
78.32,0,
78.33,0,
78.34,0,
78.35,0,
78.36,0,
78.37,0,
78.38,0,
78.39,0,
78.40,0,
78.41,0,
78.42,0,
78.43,0,
78.44,0,
78.45,0,
78.46,0,
78.47,0,
78.48,0,
78.49,0,
78.50,0,
78.51,0,
78.52,0,
78.53,0,
78.54,0,
78.55,0,
78.56,0,
78.57,0,
78.58,0,
78.59,0,
78.60,0,
78.61,0,
78.62,0,
78.63,0,
78.64,0,
78.65,0,
78.66,0,
78.67,0,
78.68,0,
78.69,0,
78.70,0,
78.71,0,
78.72,0,
78.73,0,
78.74,0,
78.75,0,
78.76,0,
78.77,0,
78.78,0,
78.79,0,
78.80,0,
78.81,0,
78.82,0,
78.83,0,
78.84,0,
78.85,0,
78.86,0,
78.87,0,
78.88,0,
78.89,0,
78.90,0,
78.91,0,
78.92,0,
78.93,0,
78.94,0,
78.95,0,
78.96,0,
78.97,0,
78.98,0,
78.99,0,
79.00,0,
79.01,0,
79.02,0,
79.03,0,
79.04,0,
79.05,0,
79.06,0,
79.07,0,
79.08,0,
79.09,0,
79.10,0,
79.11,0,
79.12,0,
79.13,0,
79.14,0,
79.15,0,
79.16,0,
79.17,0,
79.18,0,
79.19,0,
79.20,0,
79.21,0,
79.22,0,
79.23,0,
79.24,0,
79.25,0,
79.26,0,
79.27,0,
79.28,0,
79.29,0,
79.30,0,
79.31,0,
79.32,0,
79.33,0,
79.34,0,
79.35,0,
79.36,0,
79.37,0,
79.38,0,
79.39,0,
79.40,0,
79.41,0,
79.42,0,
79.43,0,
79.44,0,
79.45,0,
79.46,0,
79.47,0,
79.48,0,
79.49,0,
79.50,0,
79.51,0,
79.52,0,
79.53,0,
79.54,0,
79.55,0,
79.56,0,
79.57,0,
79.58,0,
79.59,0,
79.60,0,
79.61,0,
79.62,0,
79.63,0,
79.64,0,
79.65,0,
79.66,0,
79.67,0,
79.68,0,
79.69,0,
79.70,0,
79.71,0,
79.72,0,
79.73,0,
79.74,0,
79.75,0,
79.76,0,
79.77,0,
79.78,0,
79.79,0,
79.80,0,
79.81,0,
79.82,0,
79.83,0,
79.84,0,
79.85,0,
79.86,0,
79.87,0,
79.88,0,
79.89,0,
79.90,0,
79.91,0,
79.92,0,
79.93,0,
79.94,0,
79.95,0,
79.96,0,
79.97,0,
79.98,0,
79.99,0,
80.00,0,
80.01,0,
80.02,0,
80.03,0,
80.04,0,
80.05,0,
80.06,0,
80.07,0,
80.08,0,
80.09,0,
80.10,0,
80.11,0,
80.12,0,
80.13,0,
80.14,0,
80.15,0,
80.16,0,
80.17,0,
80.18,0,
80.19,0,
80.20,0,
80.21,0,
80.22,0,
80.23,0,
80.24,0,
80.25,0,
80.26,0,
80.27,0,
80.28,0,
80.29,0,
80.30,0,
80.31,0,
80.32,0,
80.33,0,
80.34,0,
80.35,0,
80.36,0,
80.37,0,
80.38,0,
80.39,0,
80.40,0,
80.41,0,
80.42,0,
80.43,0,
80.44,0,
80.45,0,
80.46,0,
80.47,0,
80.48,0,
80.49,0,
80.50,0,
80.51,0,
80.52,0,
80.53,0,
80.54,0,
80.55,0,
80.56,0,
80.57,0,
80.58,0,
80.59,0,
80.60,0,
80.61,0,
80.62,0,
80.63,0,
80.64,0,
80.65,0,
80.66,0,
80.67,0,
80.68,0,
80.69,0,
80.70,0,
80.71,0,
80.72,0,
80.73,0,
80.74,0,
80.75,0,
80.76,0,
80.77,0,
80.78,0,
80.79,0,
80.80,0,
80.81,0,
80.82,0,
80.83,0,
80.84,0,
80.85,0,
80.86,0,
80.87,0,
80.88,0,
80.89,0,
80.90,0,
80.91,0,
80.92,0,
80.93,0,
80.94,0,
80.95,0,
80.96,0,
80.97,0,
80.98,0,
80.99,0,
81.00,0,
81.01,0,
81.02,0,
81.03,0,
81.04,0,
81.05,0,
81.06,0,
81.07,0,
81.08,0,
81.09,0,
81.10,0,
81.11,0,
81.12,0,
81.13,0,
81.14,0,
81.15,0,
81.16,0,
81.17,0,
81.18,0,
81.19,0,
81.20,0,
81.21,0,
81.22,0,
81.23,0,
81.24,0,
81.25,0,
81.26,0,
81.27,0,
81.28,0,
81.29,0,
81.30,0,
81.31,0,
81.32,0,
81.33,0,
81.34,0,
81.35,0,
81.36,0,
81.37,0,
81.38,0,
81.39,0,
81.40,0,
81.41,0,
81.42,0,
81.43,0,
81.44,0,
81.45,0,
81.46,0,
81.47,0,
81.48,0,
81.49,0,
81.50,0,
81.51,0,
81.52,0,
81.53,0,
81.54,0,
81.55,0,
81.56,0,
81.57,0,
81.58,0,
81.59,0,
81.60,0,
81.61,0,
81.62,0,
81.63,0,
81.64,0,
81.65,0,
81.66,0,
81.67,0,
81.68,0,
81.69,0,
81.70,0,
81.71,0,
81.72,0,
81.73,0,
81.74,0,
81.75,0,
81.76,0,
81.77,0,
81.78,0,
81.79,0,
81.80,0,
81.81,0,
81.82,0,
81.83,0,
81.84,0,
81.85,0,
81.86,0,
81.87,0,
81.88,0,
81.89,0,
81.90,0,
81.91,0,
81.92,0,
81.93,0,
81.94,0,
81.95,0,
81.96,0,
81.97,0,
81.98,0,
81.99,0,
82.00,0,
82.01,0,
82.02,0,
82.03,0,
82.04,0,
82.05,0,
82.06,0,
82.07,0,
82.08,0,
82.09,0,
82.10,0,
82.11,0,
82.12,0,
82.13,0,
82.14,0,
82.15,0,
82.16,0,
82.17,0,
82.18,0,
82.19,0,
82.20,0,
82.21,0,
82.22,0,
82.23,0,
82.24,0,
82.25,0,
82.26,0,
82.27,0,
82.28,0,
82.29,0,
82.30,0,
82.31,0,
82.32,0,
82.33,0,
82.34,0,
82.35,0,
82.36,0,
82.37,0,
82.38,0,
82.39,0,
82.40,0,
82.41,0,
82.42,0,
82.43,0,
82.44,0,
82.45,0,
82.46,0,
82.47,0,
82.48,0,
82.49,0,
82.50,0,
82.51,0,
82.52,0,
82.53,0,
82.54,0,
82.55,0,
82.56,0,
82.57,0,
82.58,0,
82.59,0,
82.60,0,
82.61,0,
82.62,0,
82.63,0,
82.64,0,
82.65,0,
82.66,0,
82.67,0,
82.68,0,
82.69,0,
82.70,0,
82.71,0,
82.72,0,
82.73,0,
82.74,0,
82.75,0,
82.76,0,
82.77,0,
82.78,0,
82.79,0,
82.80,0,
82.81,0,
82.82,0,
82.83,0,
82.84,0,
82.85,0,
82.86,0,
82.87,0,
82.88,0,
82.89,0,
82.90,0,
82.91,0,
82.92,0,
82.93,0,
82.94,0,
82.95,0,
82.96,0,
82.97,0,
82.98,0,
82.99,0,
83.00,0,
83.01,0,
83.02,0,
83.03,0,
83.04,0,
83.05,0,
83.06,0,
83.07,0,
83.08,0,
83.09,0,
83.10,0,
83.11,0,
83.12,0,
83.13,0,
83.14,0,
83.15,0,
83.16,0,
83.17,0,
83.18,0,
83.19,0,
83.20,0,
83.21,0,
83.22,0,
83.23,0,
83.24,0,
83.25,0,
83.26,0,
83.27,0,
83.28,0,
83.29,0,
83.30,0,
83.31,0,
83.32,0,
83.33,0,
83.34,0,
83.35,0,
83.36,0,
83.37,0,
83.38,0,
83.39,0,
83.40,0,
83.41,0,
83.42,0,
83.43,0,
83.44,0,
83.45,0,
83.46,0,
83.47,0,
83.48,0,
83.49,0,
83.50,0,
83.51,0,
83.52,0,
83.53,0,
83.54,0,
83.55,0,
83.56,0,
83.57,0,
83.58,0,
83.59,0,
83.60,0,
83.61,0,
83.62,0,
83.63,0,
83.64,0,
83.65,0,
83.66,0,
83.67,0,
83.68,0,
83.69,0,
83.70,0,
83.71,0,
83.72,0,
83.73,0,
83.74,0,
83.75,0,
83.76,0,
83.77,0,
83.78,0,
83.79,0,
83.80,0,
83.81,0,
83.82,0,
83.83,0,
83.84,0,
83.85,0,
83.86,0,
83.87,0,
83.88,0,
83.89,0,
83.90,0,
83.91,0,
83.92,0,
83.93,0,
83.94,0,
83.95,0,
83.96,0,
83.97,0,
83.98,0,
83.99,0,
84.00,0,
84.01,0,
84.02,0,
84.03,0,
84.04,0,
84.05,0,
84.06,0,
84.07,0,
84.08,0,
84.09,0,
84.10,0,
84.11,0,
84.12,0,
84.13,0,
84.14,0,
84.15,0,
84.16,0,
84.17,0,
84.18,0,
84.19,0,
84.20,0,
84.21,0,
84.22,0,
84.23,0,
84.24,0,
84.25,0,
84.26,0,
84.27,0,
84.28,0,
84.29,0,
84.30,0,
84.31,0,
84.32,0,
84.33,0,
84.34,0,
84.35,0,
84.36,0,
84.37,0,
84.38,0,
84.39,0,
84.40,0,
84.41,0,
84.42,0,
84.43,0,
84.44,0,
84.45,0,
84.46,0,
84.47,0,
84.48,0,
84.49,0,
84.50,0,
84.51,0,
84.52,0,
84.53,0,
84.54,0,
84.55,0,
84.56,0,
84.57,0,
84.58,0,
84.59,0,
84.60,0,
84.61,0,
84.62,0,
84.63,0,
84.64,0,
84.65,0,
84.66,0,
84.67,0,
84.68,0,
84.69,0,
84.70,0,
84.71,0,
84.72,0,
84.73,0,
84.74,0,
84.75,0,
84.76,0,
84.77,0,
84.78,0,
84.79,0,
84.80,0,
84.81,0,
84.82,0,
84.83,0,
84.84,0,
84.85,0,
84.86,0,
84.87,0,
84.88,0,
84.89,0,
84.90,0,
84.91,0,
84.92,0,
84.93,0,
84.94,0,
84.95,0,
84.96,0,
84.97,0,
84.98,0,
84.99,0,
85.00,0,
85.01,0,
85.02,0,
85.03,0,
85.04,0,
85.05,0,
85.06,0,
85.07,0,
85.08,0,
85.09,0,
85.10,0,
85.11,0,
85.12,0,
85.13,0,
85.14,0,
85.15,0,
85.16,0,
85.17,0,
85.18,0,
85.19,0,
85.20,0,
85.21,0,
85.22,0,
85.23,0,
85.24,0,
85.25,0,
85.26,0,
85.27,0,
85.28,0,
85.29,0,
85.30,0,
85.31,0,
85.32,0,
85.33,0,
85.34,0,
85.35,0,
85.36,0,
85.37,0,
85.38,0,
85.39,0,
85.40,0,
85.41,0,
85.42,0,
85.43,0,
85.44,0,
85.45,0,
85.46,0,
85.47,0,
85.48,0,
85.49,0,
85.50,0,
85.51,0,
85.52,0,
85.53,0,
85.54,0,
85.55,0,
85.56,0,
85.57,0,
85.58,0,
85.59,0,
85.60,0,
85.61,0,
85.62,0,
85.63,0,
85.64,0,
85.65,0,
85.66,0,
85.67,0,
85.68,0,
85.69,0,
85.70,0,
85.71,0,
85.72,0,
85.73,0,
85.74,0,
85.75,0,
85.76,0,
85.77,0,
85.78,0,
85.79,0,
85.80,0,
85.81,0,
85.82,0,
85.83,0,
85.84,0,
85.85,0,
85.86,0,
85.87,0,
85.88,0,
85.89,0,
85.90,0,
85.91,0,
85.92,0,
85.93,0,
85.94,0,
85.95,0,
85.96,0,
85.97,0,
85.98,0,
85.99,0,
86.00,0,
86.01,0,
86.02,0,
86.03,0,
86.04,0,
86.05,0,
86.06,0,
86.07,0,
86.08,0,
86.09,0,
86.10,0,
86.11,0,
86.12,0,
86.13,0,
86.14,0,
86.15,0,
86.16,0,
86.17,0,
86.18,0,
86.19,0,
86.20,0,
86.21,0,
86.22,0,
86.23,0,
86.24,0,
86.25,0,
86.26,0,
86.27,0,
86.28,0,
86.29,0,
86.30,0,
86.31,0,
86.32,0,
86.33,0,
86.34,0,
86.35,0,
86.36,0,
86.37,0,
86.38,0,
86.39,0,
86.40,0,
86.41,0,
86.42,0,
86.43,0,
86.44,0,
86.45,0,
86.46,0,
86.47,0,
86.48,0,
86.49,0,
86.50,0,
86.51,0,
86.52,0,
86.53,0,
86.54,0,
86.55,0,
86.56,0,
86.57,0,
86.58,0,
86.59,0,
86.60,0,
86.61,0,
86.62,0,
86.63,0,
86.64,0,
86.65,0,
86.66,0,
86.67,0,
86.68,0,
86.69,0,
86.70,0,
86.71,0,
86.72,0,
86.73,0,
86.74,0,
86.75,0,
86.76,0,
86.77,0,
86.78,0,
86.79,0,
86.80,0,
86.81,0,
86.82,0,
86.83,0,
86.84,0,
86.85,0,
86.86,0,
86.87,0,
86.88,0,
86.89,0,
86.90,0,
86.91,0,
86.92,0,
86.93,0,
86.94,0,
86.95,0,
86.96,0,
86.97,0,
86.98,0,
86.99,0,
87.00,0,
87.01,0,
87.02,0,
87.03,0,
87.04,0,
87.05,0,
87.06,0,
87.07,0,
87.08,0,
87.09,0,
87.10,0,
87.11,0,
87.12,0,
87.13,0,
87.14,0,
87.15,0,
87.16,0,
87.17,0,
87.18,0,
87.19,0,
87.20,0,
87.21,0,
87.22,0,
87.23,0,
87.24,0,
87.25,0,
87.26,0,
87.27,0,
87.28,0,
87.29,0,
87.30,0,
87.31,0,
87.32,0,
87.33,0,
87.34,0,
87.35,0,
87.36,0,
87.37,0,
87.38,0,
87.39,0,
87.40,0,
87.41,0,
87.42,0,
87.43,0,
87.44,0,
87.45,0,
87.46,0,
87.47,0,
87.48,0,
87.49,0,
87.50,0,
87.51,0,
87.52,0,
87.53,0,
87.54,0,
87.55,0,
87.56,0,
87.57,0,
87.58,0,
87.59,0,
87.60,0,
87.61,0,
87.62,0,
87.63,0,
87.64,0,
87.65,0,
87.66,0,
87.67,0,
87.68,0,
87.69,0,
87.70,0,
87.71,0,
87.72,0,
87.73,0,
87.74,0,
87.75,0,
87.76,0,
87.77,0,
87.78,0,
87.79,0,
87.80,0,
87.81,0,
87.82,0,
87.83,0,
87.84,0,
87.85,0,
87.86,0,
87.87,0,
87.88,0,
87.89,0,
87.90,0,
87.91,0,
87.92,0,
87.93,0,
87.94,0,
87.95,0,
87.96,0,
87.97,0,
87.98,0,
87.99,0,
88.00,0,
88.01,0,
88.02,0,
88.03,0,
88.04,0,
88.05,0,
88.06,0,
88.07,0,
88.08,0,
88.09,0,
88.10,0,
88.11,0,
88.12,0,
88.13,0,
88.14,0,
88.15,0,
88.16,0,
88.17,0,
88.18,0,
88.19,0,
88.20,0,
88.21,0,
88.22,0,
88.23,0,
88.24,0,
88.25,0,
88.26,0,
88.27,0,
88.28,0,
88.29,0,
88.30,0,
88.31,0,
88.32,0,
88.33,0,
88.34,0,
88.35,0,
88.36,0,
88.37,0,
88.38,0,
88.39,0,
88.40,0,
88.41,0,
88.42,0,
88.43,0,
88.44,0,
88.45,0,
88.46,0,
88.47,0,
88.48,0,
88.49,0,
88.50,0,
88.51,0,
88.52,0,
88.53,0,
88.54,0,
88.55,0,
88.56,0,
88.57,0,
88.58,0,
88.59,0,
88.60,0,
88.61,0,
88.62,0,
88.63,0,
88.64,0,
88.65,0,
88.66,0,
88.67,0,
88.68,0,
88.69,0,
88.70,0,
88.71,0,
88.72,0,
88.73,0,
88.74,0,
88.75,0,
88.76,0,
88.77,0,
88.78,0,
88.79,0,
88.80,0,
88.81,0,
88.82,0,
88.83,0,
88.84,0,
88.85,0,
88.86,0,
88.87,0,
88.88,0,
88.89,0,
88.90,0,
88.91,0,
88.92,0,
88.93,0,
88.94,0,
88.95,0,
88.96,0,
88.97,0,
88.98,0,
88.99,0,
89.00,0,
89.01,0,
89.02,0,
89.03,0,
89.04,0,
89.05,0,
89.06,0,
89.07,0,
89.08,0,
89.09,0,
89.10,0,
89.11,0,
89.12,0,
89.13,0,
89.14,0,
89.15,0,
89.16,0,
89.17,0,
89.18,0,
89.19,0,
89.20,0,
89.21,0,
89.22,0,
89.23,0,
89.24,0,
89.25,0,
89.26,0,
89.27,0,
89.28,0,
89.29,0,
89.30,0,
89.31,0,
89.32,0,
89.33,0,
89.34,0,
89.35,0,
89.36,0,
89.37,0,
89.38,0,
89.39,0,
89.40,0,
89.41,0,
89.42,0,
89.43,0,
89.44,0,
89.45,0,
89.46,0,
89.47,0,
89.48,0,
89.49,0,
89.50,0,
89.51,0,
89.52,0,
89.53,0,
89.54,0,
89.55,0,
89.56,0,
89.57,0,
89.58,0,
89.59,0,
89.60,0,
89.61,0,
89.62,0,
89.63,0,
89.64,0,
89.65,0,
89.66,0,
89.67,0,
89.68,0,
89.69,0,
89.70,0,
89.71,0,
89.72,0,
89.73,0,
89.74,0,
89.75,0,
89.76,0,
89.77,0,
89.78,0,
89.79,0,
89.80,0,
89.81,0,
89.82,0,
89.83,0,
89.84,0,
89.85,0,
89.86,0,
89.87,0,
89.88,0,
89.89,0,
89.90,0,
89.91,0,
89.92,0,
89.93,0,
89.94,0,
89.95,0,
89.96,0,
89.97,0,
89.98,0,
89.99,0,
90.00,0,
90.01,0,
90.02,0,
90.03,0,
90.04,0,
90.05,0,
90.06,0,
90.07,0,
90.08,0,
90.09,0,
90.10,0,
90.11,0,
90.12,0,
90.13,0,
90.14,0,
90.15,0,
90.16,0,
90.17,0,
90.18,0,
90.19,0,
90.20,0,
90.21,0,
90.22,0,
90.23,0,
90.24,0,
90.25,0,
90.26,0,
90.27,0,
90.28,0,
90.29,0,
90.30,0,
90.31,0,
90.32,0,
90.33,0,
90.34,0,
90.35,0,
90.36,0,
90.37,0,
90.38,0,
90.39,0,
90.40,0,
90.41,0,
90.42,0,
90.43,0,
90.44,0,
90.45,0,
90.46,0,
90.47,0,
90.48,0,
90.49,0,
90.50,0,
90.51,0,
90.52,0,
90.53,0,
90.54,0,
90.55,0,
90.56,0,
90.57,0,
90.58,0,
90.59,0,
90.60,0,
90.61,0,
90.62,0,
90.63,0,
90.64,0,
90.65,0,
90.66,0,
90.67,0,
90.68,0,
90.69,0,
90.70,0,
90.71,0,
90.72,0,
90.73,0,
90.74,0,
90.75,0,
90.76,0,
90.77,0,
90.78,0,
90.79,0,
90.80,0,
90.81,0,
90.82,0,
90.83,0,
90.84,0,
90.85,0,
90.86,0,
90.87,0,
90.88,0,
90.89,0,
90.90,0,
90.91,0,
90.92,0,
90.93,0,
90.94,0,
90.95,0,
90.96,0,
90.97,0,
90.98,0,
90.99,0,
91.00,0,
91.01,0,
91.02,0,
91.03,0,
91.04,0,
91.05,0,
91.06,0,
91.07,0,
91.08,0,
91.09,0,
91.10,0,
91.11,0,
91.12,0,
91.13,0,
91.14,0,
91.15,0,
91.16,0,
91.17,0,
91.18,0,
91.19,0,
91.20,0,
91.21,0,
91.22,0,
91.23,0,
91.24,0,
91.25,0,
91.26,0,
91.27,0,
91.28,0,
91.29,0,
91.30,0,
91.31,0,
91.32,0,
91.33,0,
91.34,0,
91.35,0,
91.36,0,
91.37,0,
91.38,0,
91.39,0,
91.40,0,
91.41,0,
91.42,0,
91.43,0,
91.44,0,
91.45,0,
91.46,0,
91.47,0,
91.48,0,
91.49,0,
91.50,0,
91.51,0,
91.52,0,
91.53,0,
91.54,0,
91.55,0,
91.56,0,
91.57,0,
91.58,0,
91.59,0,
91.60,0,
91.61,0,
91.62,0,
91.63,0,
91.64,0,
91.65,0,
91.66,0,
91.67,0,
91.68,0,
91.69,0,
91.70,0,
91.71,0,
91.72,0,
91.73,0,
91.74,0,
91.75,0,
91.76,0,
91.77,0,
91.78,0,
91.79,0,
91.80,0,
91.81,0,
91.82,0,
91.83,0,
91.84,0,
91.85,0,
91.86,0,
91.87,0,
91.88,0,
91.89,0,
91.90,0,
91.91,0,
91.92,0,
91.93,0,
91.94,0,
91.95,0,
91.96,0,
91.97,0,
91.98,0,
91.99,0,
92.00,0,
92.01,0,
92.02,0,
92.03,0,
92.04,0,
92.05,0,
92.06,0,
92.07,0,
92.08,0,
92.09,0,
92.10,0,
92.11,0,
92.12,0,
92.13,0,
92.14,0,
92.15,0,
92.16,0,
92.17,0,
92.18,0,
92.19,0,
92.20,0,
92.21,0,
92.22,0,
92.23,0,
92.24,0,
92.25,0,
92.26,0,
92.27,0,
92.28,0,
92.29,0,
92.30,0,
92.31,0,
92.32,0,
92.33,0,
92.34,0,
92.35,0,
92.36,0,
92.37,0,
92.38,0,
92.39,0,
92.40,0,
92.41,0,
92.42,0,
92.43,0,
92.44,0,
92.45,0,
92.46,0,
92.47,0,
92.48,0,
92.49,0,
92.50,0,
92.51,0,
92.52,0,
92.53,0,
92.54,0,
92.55,0,
92.56,0,
92.57,0,
92.58,0,
92.59,0,
92.60,0,
92.61,0,
92.62,0,
92.63,0,
92.64,0,
92.65,0,
92.66,0,
92.67,0,
92.68,0,
92.69,0,
92.70,0,
92.71,0,
92.72,0,
92.73,0,
92.74,0,
92.75,0,
92.76,0,
92.77,0,
92.78,0,
92.79,0,
92.80,0,
92.81,0,
92.82,0,
92.83,0,
92.84,0,
92.85,0,
92.86,0,
92.87,0,
92.88,0,
92.89,0,
92.90,0,
92.91,0,
92.92,0,
92.93,0,
92.94,0,
92.95,0,
92.96,0,
92.97,0,
92.98,0,
92.99,0,
93.00,0,
93.01,0,
93.02,0,
93.03,0,
93.04,0,
93.05,0,
93.06,0,
93.07,0,
93.08,0,
93.09,0,
93.10,0,
93.11,0,
93.12,0,
93.13,0,
93.14,0,
93.15,0,
93.16,0,
93.17,0,
93.18,0,
93.19,0,
93.20,0,
93.21,0,
93.22,0,
93.23,0,
93.24,0,
93.25,0,
93.26,0,
93.27,0,
93.28,0,
93.29,0,
93.30,0,
93.31,0,
93.32,0,
93.33,0,
93.34,0,
93.35,0,
93.36,0,
93.37,0,
93.38,0,
93.39,0,
93.40,0,
93.41,0,
93.42,0,
93.43,0,
93.44,0,
93.45,0,
93.46,0,
93.47,0,
93.48,0,
93.49,0,
93.50,0,
93.51,0,
93.52,0,
93.53,0,
93.54,0,
93.55,0,
93.56,0,
93.57,0,
93.58,0,
93.59,0,
93.60,0,
93.61,0,
93.62,0,
93.63,0,
93.64,0,
93.65,0,
93.66,0,
93.67,0,
93.68,0,
93.69,0,
93.70,0,
93.71,0,
93.72,0,
93.73,0,
93.74,0,
93.75,0,
93.76,0,
93.77,0,
93.78,0,
93.79,0,
93.80,0,
93.81,0,
93.82,0,
93.83,0,
93.84,0,
93.85,0,
93.86,0,
93.87,0,
93.88,0,
93.89,0,
93.90,0,
93.91,0,
93.92,0,
93.93,0,
93.94,0,
93.95,0,
93.96,0,
93.97,0,
93.98,0,
93.99,0,
94.00,0,
94.01,0,
94.02,0,
94.03,0,
94.04,0,
94.05,0,
94.06,0,
94.07,0,
94.08,0,
94.09,0,
94.10,0,
94.11,0,
94.12,0,
94.13,0,
94.14,0,
94.15,0,
94.16,0,
94.17,0,
94.18,0,
94.19,0,
94.20,0,
94.21,0,
94.22,0,
94.23,0,
94.24,0,
94.25,0,
94.26,0,
94.27,0,
94.28,0,
94.29,0,
94.30,0,
94.31,0,
94.32,0,
94.33,0,
94.34,0,
94.35,0,
94.36,0,
94.37,0,
94.38,0,
94.39,0,
94.40,0,
94.41,0,
94.42,0,
94.43,0,
94.44,0,
94.45,0,
94.46,0,
94.47,0,
94.48,0,
94.49,0,
94.50,0,
94.51,0,
94.52,0,
94.53,0,
94.54,0,
94.55,0,
94.56,0,
94.57,0,
94.58,0,
94.59,0,
94.60,0,
94.61,0,
94.62,0,
94.63,0,
94.64,0,
94.65,0,
94.66,0,
94.67,0,
94.68,0,
94.69,0,
94.70,0,
94.71,0,
94.72,0,
94.73,0,
94.74,0,
94.75,0,
94.76,0,
94.77,0,
94.78,0,
94.79,0,
94.80,0,
94.81,0,
94.82,0,
94.83,0,
94.84,0,
94.85,0,
94.86,0,
94.87,0,
94.88,0,
94.89,0,
94.90,0,
94.91,0,
94.92,0,
94.93,0,
94.94,0,
94.95,0,
94.96,0,
94.97,0,
94.98,0,
94.99,0,
95.00,0,
95.01,0,
95.02,0,
95.03,0,
95.04,0,
95.05,0,
95.06,0,
95.07,0,
95.08,0,
95.09,0,
95.10,0,
95.11,0,
95.12,0,
95.13,0,
95.14,0,
95.15,0,
95.16,0,
95.17,0,
95.18,0,
95.19,0,
95.20,0,
95.21,0,
95.22,0,
95.23,0,
95.24,0,
95.25,0,
95.26,0,
95.27,0,
95.28,0,
95.29,0,
95.30,0,
95.31,0,
95.32,0,
95.33,0,
95.34,0,
95.35,0,
95.36,0,
95.37,0,
95.38,0,
95.39,1,0.004
95.40,1,0.004
95.41,1,0.004
95.42,1,0.004
95.43,1,0.004
95.44,1,0.004
95.45,1,0.005
95.46,1,0.005
95.47,1,0.005
95.48,1,0.006
95.49,1,0.006
95.50,1,0.007
95.51,1,0.008
95.52,1,0.008
95.53,1,0.009
95.54,1,0.009
95.55,1,0.009
95.56,1,0.008
95.57,1,0.007
95.58,1,0.006
95.59,1,0.006
95.60,1,0.006
95.61,1,0.006
95.62,1,0.007
95.63,1,0.007
95.64,1,0.007
95.65,1,0.006
95.66,1,0.006
95.67,1,0.006
95.68,1,0.007
95.69,1,0.007
95.70,1,0.007
95.71,1,0.007
95.72,1,0.006
95.73,1,0.006
95.74,1,0.006
95.75,1,0.007
95.76,1,0.007
95.77,1,0.007
95.78,1,0.007
95.79,1,0.006
95.80,1,0.005
95.81,1,0.005
95.82,1,0.006
95.83,1,0.006
95.84,1,0.007
95.85,1,0.008
95.86,1,0.008
95.87,1,0.007
95.88,1,0.006
95.89,1,0.006
95.90,1,0.005
95.91,1,0.010
95.92,1,0.018
95.93,1,0.021
95.94,1,0.024
95.95,1,0.027
95.96,1,0.025
95.97,1,0.022
95.98,1,0.020
95.99,1,0.015
96.00,1,0.010
96.01,1,0.008
96.02,1,0.006
96.03,1,0.006
96.04,1,0.005
96.05,1,0.005
96.06,1,0.005
96.07,1,0.006
96.08,1,0.007
96.09,1,0.007
96.10,1,0.006
96.11,1,0.006
96.12,1,0.005
96.13,1,0.005
96.14,1,0.005
96.15,1,0.005
96.16,1,0.005
96.17,1,0.005
96.18,1,0.005
96.19,1,0.004
96.20,1,0.005
96.21,1,0.005
96.22,1,0.005
96.23,1,0.005
96.24,1,0.005
96.25,1,0.004
96.26,1,0.004
96.27,1,0.004
96.28,1,0.005
96.29,1,0.005
96.30,1,0.005
96.31,1,0.005
96.32,1,0.005
96.33,1,0.005
96.34,1,0.006
96.35,1,0.006
96.36,1,0.007
96.37,1,0.008
96.38,1,0.008
96.39,1,0.009
96.40,1,0.009
96.41,1,0.008
96.42,1,0.008
96.43,1,0.007
96.44,1,0.007
96.45,1,0.007
96.46,1,0.007
96.47,1,0.007
96.48,1,0.006
96.49,1,0.006
96.50,1,0.006
96.51,1,0.006
96.52,1,0.005
96.53,1,0.005
96.54,1,0.006
96.55,1,0.006
96.56,1,0.006
96.57,1,0.006
96.58,1,0.006
96.59,1,0.006
96.60,1,0.006
96.61,1,0.006
96.62,1,0.007
96.63,1,0.007
96.64,1,0.007
96.65,1,0.006
96.66,1,0.006
96.67,1,0.006
96.68,1,0.005
96.69,1,0.005
96.70,1,0.005
96.71,1,0.005
96.72,1,0.005
96.73,1,0.005
96.74,1,0.004
96.75,1,0.004
96.76,1,0.004
96.77,1,0.004
96.78,1,0.004
96.79,1,0.005
96.80,1,0.005
96.81,1,0.005
96.82,1,0.005
96.83,1,0.005
96.84,1,0.005
96.85,1,0.006
96.86,1,0.006
96.87,1,0.006
96.88,1,0.006
96.89,1,0.006
96.90,1,0.006
96.91,1,0.006
96.92,1,0.006
96.93,1,0.006
96.94,1,0.006
96.95,1,0.006
96.96,1,0.006
96.97,1,0.005
96.98,1,0.005
96.99,1,0.005
97.00,1,0.005
97.01,1,0.005
97.02,1,0.005
97.03,1,0.005
97.04,1,0.005
97.05,1,0.004
97.06,1,0.005
97.07,1,0.005
97.08,1,0.005
97.09,1,0.005
97.10,1,0.005
97.11,1,0.005
97.12,1,0.004
97.13,1,0.004
97.14,1,0.005
97.15,1,0.005
97.16,1,0.005
97.17,1,0.005
97.18,1,0.006
97.19,1,0.006
97.20,1,0.006
97.21,1,0.008
97.22,1,0.008
97.23,1,0.008
97.24,1,0.008
97.25,1,0.008
97.26,1,0.007
97.27,1,0.007
97.28,1,0.007
97.29,1,0.007
97.30,1,0.007
97.31,1,0.007
97.32,1,0.007
97.33,1,0.006
97.34,1,0.006
97.35,1,0.005
97.36,1,0.005
97.37,1,0.004
97.38,1,0.004
97.39,1,0.004
97.40,1,0.004
97.41,1,0.004
97.42,1,0.004
97.43,1,0.004
97.44,1,0.004
97.45,1,0.004
97.46,1,0.004
97.47,1,0.004
97.48,1,0.004
97.49,1,0.004
97.50,1,0.004
97.51,1,0.004
97.52,1,0.004
97.53,1,0.005
97.54,1,0.005
97.55,1,0.005
97.56,1,0.005
97.57,1,0.004
97.58,1,0.004
97.59,1,0.004
97.60,1,0.004
97.61,1,0.004
97.62,1,0.004
97.63,1,0.004
97.64,1,0.005
97.65,1,0.005
97.66,1,0.005
97.67,1,0.005
97.68,1,0.005
97.69,1,0.005
97.70,1,0.005
97.71,1,0.005
97.72,1,0.005
97.73,1,0.005
97.74,1,0.005
97.75,1,0.005
97.76,1,0.005
97.77,1,0.005
97.78,1,0.005
97.79,1,0.005
97.80,1,0.006
97.81,1,0.006
97.82,1,0.006
97.83,1,0.006
97.84,1,0.006
97.85,1,0.006
97.86,1,0.006
97.87,1,0.006
97.88,1,0.006
97.89,1,0.006
97.90,1,0.006
97.91,1,0.007
97.92,1,0.007
97.93,1,0.007
97.94,1,0.007
97.95,1,0.008
97.96,1,0.008
97.97,1,0.008
97.98,1,0.008
97.99,1,0.007
98.00,1,0.006
98.01,1,0.006
98.02,1,0.006
98.03,1,0.006
98.04,1,0.006
98.05,1,0.006
98.06,1,0.006
98.07,1,0.005
98.08,1,0.005
98.09,1,0.005
98.10,1,0.005
98.11,1,0.005
98.12,1,0.006
98.13,1,0.006
98.14,1,0.007
98.15,1,0.007
98.16,1,0.007
98.17,1,0.007
98.18,1,0.006
98.19,1,0.006
98.20,1,0.006
98.21,1,0.006
98.22,1,0.006
98.23,1,0.006
98.24,1,0.006
98.25,1,0.006
98.26,1,0.006
98.27,1,0.006
98.28,1,0.006
98.29,1,0.006
98.30,1,0.007
98.31,1,0.007
98.32,1,0.007
98.33,1,0.007
98.34,1,0.007
98.35,1,0.007
98.36,1,0.007
98.37,1,0.007
98.38,1,0.007
98.39,1,0.007
98.40,1,0.007
98.41,1,0.007
98.42,1,0.006
98.43,1,0.007
98.44,1,0.007
98.45,1,0.007
98.46,1,0.007
98.47,1,0.007
98.48,1,0.007
98.49,1,0.007
98.50,1,0.006
98.51,1,0.006
98.52,1,0.005
98.53,1,0.005
98.54,1,0.005
98.55,1,0.005
98.56,1,0.005
98.57,1,0.006
98.58,1,0.006
98.59,1,0.006
98.60,1,0.006
98.61,1,0.006
98.62,1,0.006
98.63,1,0.006
98.64,1,0.006
98.65,1,0.006
98.66,1,0.006
98.67,1,0.006
98.68,1,0.006
98.69,1,0.005
98.70,1,0.005
98.71,1,0.004
98.72,1,0.004
98.73,1,0.004
98.74,1,0.004
98.75,1,0.004
98.76,1,0.004
98.77,1,0.004
98.78,1,0.004
98.79,1,0.004
98.80,1,0.004
98.81,1,0.004
98.82,1,0.005
98.83,1,0.005
98.84,1,0.005
98.85,1,0.005
98.86,1,0.005
98.87,1,0.005
98.88,1,0.005
98.89,1,0.005
98.90,1,0.005
98.91,1,0.004
98.92,1,0.005
98.93,1,0.005
98.94,1,0.005
98.95,1,0.005
98.96,1,0.006
98.97,1,0.005
98.98,1,0.006
98.99,1,0.006
99.00,1,0.006
99.01,1,0.006
99.02,1,0.006
99.03,1,0.005
99.04,1,0.005
99.05,1,0.006
99.06,1,0.007
99.07,1,0.008
99.08,1,0.009
99.09,1,0.009
99.10,1,0.008
99.11,1,0.008
99.12,1,0.007
99.13,1,0.007
99.14,1,0.007
99.15,1,0.008
99.16,1,0.008
99.17,1,0.010
99.18,1,0.011
99.19,1,0.012
99.20,1,0.013
99.21,1,0.012
99.22,1,0.011
99.23,1,0.009
99.24,1,0.008
99.25,1,0.006
99.26,1,0.007
99.27,1,0.007
99.28,1,0.006
99.29,1,0.006
99.30,1,0.006
99.31,1,0.006
99.32,1,0.006
99.33,1,0.006
99.34,1,0.005
99.35,1,0.005
99.36,1,0.005
99.37,1,0.006
99.38,1,0.007
99.39,1,0.009
99.40,1,0.010
99.41,1,0.010
99.42,1,0.010
99.43,1,0.009
99.44,1,0.008
99.45,1,0.008
99.46,1,0.007
99.47,1,0.007
99.48,1,0.007
99.49,1,0.007
99.50,1,0.007
99.51,1,0.006
99.52,1,0.007
99.53,1,0.007
99.54,1,0.007
99.55,1,0.006
99.56,0,
99.57,0,
99.58,0,
99.59,0,
99.60,0,
99.61,0,
99.62,0,
99.63,0,
99.64,0,
99.65,0,
99.66,0,
99.67,0,
99.68,0,
99.69,0,
99.70,0,
99.71,0,
99.72,0,
99.73,0,
99.74,0,
99.75,0,
99.76,0,
99.77,0,
99.78,0,
99.79,0,
99.80,0,
99.81,0,
99.82,0,
99.83,0,
99.84,0,
99.85,0,
99.86,0,
99.87,0,
99.88,0,
99.89,0,
99.90,0,
99.91,0,
99.92,0,
99.93,0,
99.94,0,
99.95,0,
99.96,0,
99.97,0,
99.98,0,
99.99,0,
100.00,0,
100.01,0,
100.02,0,
100.03,0,
100.04,0,
100.05,0,
100.06,0,
100.07,0,
100.08,0,
100.09,0,
100.10,0,
100.11,0,
100.12,0,
100.13,0,
100.14,0,
100.15,0,
100.16,0,
100.17,0,
100.18,0,
100.19,0,
100.20,0,
100.21,0,
100.22,0,
100.23,0,
100.24,1,0.014
100.25,1,0.013
100.26,1,0.014
100.27,1,0.014
100.28,1,0.014
100.29,1,0.014
100.30,1,0.014
100.31,1,0.015
100.32,1,0.016
100.33,1,0.017
100.34,1,0.021
100.35,1,0.027
100.36,1,0.040
100.37,1,0.089
100.38,1,0.103
100.39,1,0.067
100.40,1,0.054
100.41,1,0.053
100.42,1,0.057
100.43,1,0.061
100.44,1,0.066
100.45,1,0.074
100.46,1,0.081
100.47,1,0.095
100.48,1,0.111
100.49,1,0.204
100.50,1,0.201
100.51,1,0.197
100.52,1,0.177
100.53,1,0.157
100.54,1,0.161
100.55,1,0.164
100.56,1,0.167
100.57,1,0.164
100.58,1,0.159
100.59,1,0.149
100.60,1,0.123
100.61,1,0.103
100.62,1,0.095
100.63,1,0.092
100.64,1,0.087
100.65,1,0.087
100.66,1,0.094
100.67,1,0.099
100.68,1,0.096
100.69,1,0.094
100.70,1,0.097
100.71,1,0.089
100.72,1,0.084
100.73,1,0.090
100.74,1,0.088
100.75,1,0.088
100.76,1,0.100
100.77,1,0.098
100.78,1,0.098
100.79,1,0.091
100.80,1,0.095
100.81,1,0.081
100.82,1,0.068
100.83,1,0.047
100.84,1,0.055
100.85,1,0.065
100.86,1,0.081
100.87,1,0.092
100.88,1,0.083
100.89,1,0.095
100.90,1,0.108
100.91,1,0.118
100.92,1,0.158
100.93,1,0.182
100.94,1,0.166
100.95,1,0.142
100.96,1,0.096
100.97,1,0.081
100.98,1,0.078
100.99,1,0.075
101.00,1,0.074
101.01,1,0.082
101.02,1,0.101
101.03,1,0.119
101.04,1,0.125
101.05,1,0.111
101.06,1,0.093
101.07,1,0.064
101.08,1,0.067
101.09,1,0.060
101.10,1,0.067
101.11,1,0.054
101.12,1,0.052
101.13,1,0.052
101.14,1,0.050
101.15,1,0.061
101.16,1,0.090
101.17,1,0.112
101.18,1,0.131
101.19,1,0.144
101.20,1,0.121
101.21,1,0.095
101.22,1,0.085
101.23,1,0.075
101.24,1,0.081
101.25,1,0.093
101.26,1,0.103
101.27,1,0.111
101.28,1,0.128
101.29,1,0.129
101.30,1,0.131
101.31,1,0.143
101.32,1,0.150
101.33,1,0.148
101.34,1,0.193
101.35,1,0.255
101.36,1,0.331
101.37,1,0.475
101.38,1,0.661
101.39,1,0.624
101.40,1,0.481
101.41,1,0.219
101.42,1,0.127
101.43,1,0.108
101.44,1,0.106
101.45,1,0.099
101.46,1,0.105
101.47,1,0.110
101.48,1,0.099
101.49,1,0.086
101.50,1,0.077
101.51,1,0.066
101.52,1,0.066
101.53,1,0.069
101.54,1,0.075
101.55,1,0.080
101.56,1,0.093
101.57,1,0.106
101.58,1,0.124
101.59,1,0.124
101.60,1,0.121
101.61,1,0.115
101.62,1,0.109
101.63,1,0.102
101.64,1,0.099
101.65,1,0.101
101.66,1,0.112
101.67,1,0.127
101.68,1,0.152
101.69,1,0.201
101.70,1,0.244
101.71,1,0.252
101.72,1,0.225
101.73,1,0.187
101.74,1,0.144
101.75,1,0.118
101.76,1,0.103
101.77,1,0.093
101.78,1,0.085
101.79,1,0.080
101.80,1,0.088
101.81,1,0.100
101.82,1,0.117
101.83,1,0.127
101.84,1,0.131
101.85,1,0.127
101.86,1,0.122
101.87,1,0.123
101.88,1,0.124
101.89,1,0.122
101.90,1,0.120
101.91,1,0.117
101.92,1,0.112
101.93,1,0.109
101.94,1,0.117
101.95,1,0.122
101.96,1,0.128
101.97,1,0.132
101.98,1,0.135
101.99,1,0.134
102.00,1,0.134
102.01,1,0.127
102.02,1,0.121
102.03,1,0.115
102.04,1,0.101
102.05,1,0.092
102.06,1,0.091
102.07,1,0.091
102.08,1,0.097
102.09,1,0.105
102.10,1,0.117
102.11,1,0.122
102.12,1,0.126
102.13,1,0.129
102.14,1,0.146
102.15,1,0.138
102.16,1,0.142
102.17,1,0.160
102.18,1,0.152
102.19,1,0.153
102.20,1,0.170
102.21,1,0.173
102.22,1,0.155
102.23,1,0.152
102.24,1,0.140
102.25,1,0.124
102.26,1,0.130
102.27,1,0.136
102.28,1,0.154
102.29,1,0.169
102.30,1,0.179
102.31,1,0.174
102.32,1,0.180
102.33,1,0.200
102.34,1,0.218
102.35,1,0.281
102.36,1,0.236
102.37,1,0.155
102.38,1,0.094
102.39,1,0.073
102.40,1,0.074
102.41,1,0.079
102.42,1,0.087
102.43,1,0.096
102.44,1,0.103
102.45,1,0.112
102.46,1,0.119
102.47,1,0.116
102.48,1,0.116
102.49,1,0.114
102.50,1,0.114
102.51,1,0.124
102.52,1,0.135
102.53,1,0.141
102.54,1,0.138
102.55,1,0.129
102.56,1,0.119
102.57,1,0.116
102.58,1,0.118
102.59,1,0.124
102.60,1,0.119
102.61,1,0.123
102.62,1,0.133
102.63,1,0.130
102.64,1,0.127
102.65,1,0.132
102.66,1,0.128
102.67,1,0.139
102.68,1,0.164
102.69,1,0.214
102.70,1,0.282
102.71,1,0.348
102.72,1,0.401
102.73,1,0.500
102.74,1,0.565
102.75,1,0.638
102.76,1,0.694
102.77,1,0.667
102.78,1,0.647
102.79,1,0.530
102.80,1,0.442
102.81,1,0.369
102.82,1,0.332
102.83,1,0.323
102.84,1,0.347
102.85,1,0.382
102.86,1,0.378
102.87,1,0.381
102.88,1,0.385
102.89,1,0.391
102.90,1,0.396
102.91,1,0.384
102.92,1,0.341
102.93,1,0.317
102.94,1,0.267
102.95,1,0.167
102.96,1,0.103
102.97,1,0.079
102.98,1,0.062
102.99,1,0.038
103.00,1,0.027
103.01,1,0.029
103.02,1,0.043
103.03,1,0.052
103.04,1,0.056
103.05,1,0.062
103.06,1,0.067
103.07,1,0.077
103.08,1,0.103
103.09,1,0.126
103.10,1,0.140
103.11,1,0.145
103.12,1,0.137
103.13,1,0.119
103.14,1,0.101
103.15,1,0.092
103.16,1,0.094
103.17,1,0.098
103.18,1,0.102
103.19,1,0.108
103.20,1,0.115
103.21,1,0.134
103.22,1,0.157
103.23,1,0.233
103.24,1,0.342
103.25,1,0.316
103.26,1,0.257
103.27,1,0.260
103.28,1,0.268
103.29,1,0.254
103.30,1,0.112
103.31,1,0.057
103.32,1,0.049
103.33,1,0.049
103.34,1,0.052
103.35,1,0.061
103.36,1,0.075
103.37,1,0.088
103.38,1,0.097
103.39,1,0.103
103.40,1,0.105
103.41,1,0.101
103.42,1,0.097
103.43,1,0.095
103.44,1,0.093
103.45,1,0.091
103.46,1,0.094
103.47,1,0.097
103.48,1,0.102
103.49,1,0.107
103.50,1,0.112
103.51,1,0.115
103.52,1,0.123
103.53,1,0.128
103.54,1,0.139
103.55,1,0.141
103.56,1,0.154
103.57,1,0.161
103.58,1,0.162
103.59,1,0.129
103.60,1,0.110
103.61,1,0.097
103.62,1,0.102
103.63,1,0.107
103.64,1,0.114
103.65,1,0.107
103.66,1,0.092
103.67,1,0.076
103.68,1,0.075
103.69,1,0.074
103.70,1,0.078
103.71,1,0.095
103.72,1,0.096
103.73,1,0.099
103.74,1,0.099
103.75,1,0.096
103.76,1,0.093
103.77,1,0.091
103.78,1,0.094
103.79,1,0.108
103.80,1,0.117
103.81,1,0.123
103.82,1,0.126
103.83,1,0.123
103.84,1,0.110
103.85,1,0.118
103.86,1,0.120
103.87,1,0.130
103.88,1,0.125
103.89,1,0.122
103.90,1,0.114
103.91,1,0.113
103.92,1,0.115
103.93,1,0.127
103.94,1,0.135
103.95,1,0.123
103.96,1,0.106
103.97,1,0.087
103.98,1,0.079
103.99,1,0.080
104.00,1,0.098
104.01,1,0.129
104.02,1,0.156
104.03,1,0.169
104.04,1,0.177
104.05,1,0.163
104.06,1,0.143
104.07,1,0.129
104.08,1,0.129
104.09,1,0.126
104.10,1,0.131
104.11,1,0.127
104.12,1,0.117
104.13,1,0.098
104.14,1,0.082
104.15,1,0.078
104.16,1,0.084
104.17,1,0.085
104.18,1,0.090
104.19,1,0.094
104.20,1,0.091
104.21,1,0.092
104.22,1,0.102
104.23,1,0.116
104.24,1,0.126
104.25,1,0.140
104.26,1,0.157
104.27,1,0.169
104.28,1,0.172
104.29,1,0.164
104.30,1,0.154
104.31,1,0.124
104.32,1,0.119
104.33,1,0.152
104.34,1,0.182
104.35,1,0.203
104.36,1,0.220
104.37,1,0.230
104.38,1,0.206
104.39,1,0.173
104.40,1,0.157
104.41,1,0.145
104.42,1,0.132
104.43,1,0.120
104.44,1,0.133
104.45,1,0.137
104.46,1,0.138
104.47,1,0.147
104.48,1,0.149
104.49,1,0.130
104.50,1,0.121
104.51,1,0.118
104.52,1,0.119
104.53,1,0.122
104.54,1,0.121
104.55,1,0.122
104.56,1,0.128
104.57,1,0.127
104.58,1,0.122
104.59,1,0.107
104.60,1,0.095
104.61,1,0.091
104.62,1,0.090
104.63,1,0.094
104.64,1,0.103
104.65,1,0.117
104.66,1,0.128
104.67,1,0.132
104.68,1,0.131
104.69,1,0.127
104.70,1,0.110
104.71,1,0.094
104.72,1,0.089
104.73,1,0.081
104.74,1,0.072
104.75,1,0.075
104.76,1,0.081
104.77,1,0.079
104.78,1,0.080
104.79,1,0.082
104.80,1,0.077
104.81,1,0.079
104.82,1,0.095
104.83,1,0.120
104.84,1,0.153
104.85,1,0.164
104.86,1,0.164
104.87,1,0.163
104.88,1,0.122
104.89,1,0.094
104.90,1,0.080
104.91,1,0.070
104.92,1,0.066
104.93,1,0.069
104.94,1,0.075
104.95,1,0.077
104.96,1,0.086
104.97,1,0.088
104.98,1,0.102
104.99,1,0.116
105.00,1,0.124
105.01,1,0.134
105.02,1,0.138
105.03,1,0.132
105.04,1,0.127
105.05,1,0.126
105.06,1,0.123
105.07,1,0.130
105.08,1,0.133
105.09,1,0.132
105.10,1,0.126
105.11,1,0.112
105.12,1,0.106
105.13,1,0.098
105.14,1,0.092
105.15,1,0.092
105.16,1,0.098
105.17,1,0.102
105.18,1,0.110
105.19,1,0.122
105.20,1,0.148
105.21,1,0.172
105.22,1,0.196
105.23,1,0.220
105.24,1,0.242
105.25,1,0.235
105.26,1,0.224
105.27,1,0.213
105.28,1,0.208
105.29,1,0.192
105.30,1,0.171
105.31,1,0.146
105.32,1,0.139
105.33,1,0.135
105.34,1,0.135
105.35,1,0.131
105.36,1,0.142
105.37,1,0.152
105.38,1,0.206
105.39,1,0.274
105.40,1,0.401
105.41,1,0.479
105.42,1,0.307
105.43,1,0.149
105.44,1,0.086
105.45,1,0.070
105.46,1,0.059
105.47,1,0.060
105.48,1,0.059
105.49,1,0.067
105.50,1,0.071
105.51,1,0.072
105.52,1,0.075
105.53,1,0.070
105.54,1,0.065
105.55,1,0.063
105.56,1,0.061
105.57,1,0.067
105.58,1,0.069
105.59,1,0.071
105.60,1,0.078
105.61,1,0.080
105.62,1,0.077
105.63,1,0.080
105.64,1,0.084
105.65,1,0.080
105.66,1,0.081
105.67,1,0.087
105.68,1,0.091
105.69,1,0.100
105.70,1,0.104
105.71,1,0.106
105.72,1,0.103
105.73,1,0.095
105.74,1,0.091
105.75,1,0.092
105.76,1,0.098
105.77,1,0.101
105.78,1,0.107
105.79,1,0.116
105.80,1,0.137
105.81,1,0.156
105.82,1,0.181
105.83,1,0.194
105.84,1,0.165
105.85,1,0.134
105.86,1,0.136
105.87,1,0.125
105.88,1,0.116
105.89,1,0.121
105.90,1,0.119
105.91,1,0.115
105.92,1,0.121
105.93,1,0.128
105.94,1,0.124
105.95,1,0.126
105.96,1,0.121
105.97,1,0.122
105.98,1,0.118
105.99,1,0.113
106.00,1,0.107
106.01,1,0.106
106.02,1,0.112
106.03,1,0.113
106.04,1,0.120
106.05,1,0.137
106.06,1,0.150
106.07,1,0.171
106.08,1,0.236
106.09,1,0.285
106.10,1,0.309
106.11,1,0.311
106.12,1,0.353
106.13,1,0.433
106.14,1,0.563
106.15,1,0.426
106.16,1,0.138
106.17,1,0.079
106.18,1,0.062
106.19,1,0.060
106.20,1,0.063
106.21,1,0.076
106.22,1,0.084
106.23,1,0.091
106.24,1,0.095
106.25,1,0.091
106.26,1,0.089
106.27,1,0.090
106.28,1,0.088
106.29,1,0.084
106.30,1,0.089
106.31,1,0.093
106.32,1,0.095
106.33,1,0.092
106.34,1,0.094
106.35,1,0.092
106.36,1,0.089
106.37,1,0.089
106.38,1,0.094
106.39,1,0.094
106.40,1,0.093
106.41,1,0.098
106.42,1,0.102
106.43,1,0.106
106.44,1,0.111
106.45,1,0.113
106.46,1,0.116
106.47,1,0.113
106.48,1,0.118
106.49,1,0.125
106.50,1,0.129
106.51,1,0.129
106.52,1,0.132
106.53,1,0.126
106.54,1,0.114
106.55,1,0.106
106.56,1,0.101
106.57,1,0.099
106.58,1,0.108
106.59,1,0.127
106.60,1,0.154
106.61,1,0.192
106.62,1,0.234
106.63,1,0.285
106.64,1,0.357
106.65,1,0.467
106.66,1,0.522
106.67,1,0.455
106.68,1,0.383
106.69,1,0.340
106.70,1,0.339
106.71,1,0.346
106.72,1,0.371
106.73,1,0.441
106.74,1,0.491
106.75,1,0.364
106.76,1,0.120
106.77,1,0.056
106.78,1,0.049
106.79,1,0.050
106.80,1,0.055
106.81,1,0.067
106.82,1,0.075
106.83,1,0.084
106.84,1,0.094
106.85,1,0.102
106.86,1,0.106
106.87,1,0.109
106.88,1,0.104
106.89,1,0.098
106.90,1,0.094
106.91,1,0.089
106.92,1,0.090
106.93,1,0.090
106.94,1,0.097
106.95,1,0.102
106.96,1,0.106
106.97,1,0.130
106.98,1,0.153
106.99,1,0.176
107.00,1,0.252
107.01,1,0.513
107.02,1,0.692
107.03,1,0.861
107.04,1,0.816
107.05,1,0.726
107.06,1,0.669
107.07,1,0.503
107.08,1,0.216
107.09,1,0.111
107.10,1,0.086
107.11,1,0.068
107.12,1,0.070
107.13,1,0.073
107.14,1,0.082
107.15,1,0.095
107.16,1,0.107
107.17,1,0.107
107.18,1,0.105
107.19,1,0.116
107.20,1,0.114
107.21,1,0.117
107.22,1,0.121
107.23,1,0.116
107.24,1,0.101
107.25,1,0.089
107.26,1,0.084
107.27,1,0.079
107.28,1,0.095
107.29,1,0.112
107.30,1,0.132
107.31,1,0.146
107.32,1,0.159
107.33,1,0.148
107.34,1,0.159
107.35,1,0.182
107.36,1,0.205
107.37,1,0.238
107.38,1,0.221
107.39,1,0.146
107.40,1,0.124
107.41,1,0.113
107.42,1,0.093
107.43,1,0.093
107.44,1,0.102
107.45,1,0.104
107.46,1,0.090
107.47,1,0.086
107.48,1,0.085
107.49,1,0.080
107.50,1,0.098
107.51,1,0.115
107.52,1,0.121
107.53,1,0.124
107.54,1,0.130
107.55,1,0.117
107.56,1,0.116
107.57,1,0.134
107.58,1,0.139
107.59,1,0.148
107.60,1,0.146
107.61,1,0.098
107.62,1,0.082
107.63,1,0.080
107.64,1,0.077
107.65,1,0.084
107.66,1,0.108
107.67,1,0.124
107.68,1,0.130
107.69,1,0.146
107.70,1,0.166
107.71,1,0.159
107.72,1,0.159
107.73,1,0.175
107.74,1,0.155
107.75,1,0.126
107.76,1,0.107
107.77,1,0.082
107.78,1,0.068
107.79,1,0.064
107.80,1,0.066
107.81,1,0.074
107.82,1,0.087
107.83,1,0.092
107.84,1,0.109
107.85,1,0.131
107.86,1,0.136
107.87,1,0.137
107.88,1,0.136
107.89,1,0.128
107.90,1,0.113
107.91,1,0.097
107.92,1,0.087
107.93,1,0.081
107.94,1,0.099
107.95,1,0.119
107.96,1,0.138
107.97,1,0.156
107.98,1,0.166
107.99,1,0.165
108.00,1,0.172
108.01,1,0.168
108.02,1,0.171
108.03,1,0.169
108.04,1,0.157
108.05,1,0.161
108.06,1,0.146
108.07,1,0.151
108.08,1,0.152
108.09,1,0.147
108.10,1,0.137
108.11,1,0.148
108.12,1,0.142
108.13,1,0.133
108.14,1,0.120
108.15,1,0.117
108.16,1,0.104
108.17,1,0.109
108.18,1,0.120
108.19,1,0.125
108.20,1,0.126
108.21,1,0.141
108.22,1,0.134
108.23,1,0.122
108.24,1,0.120
108.25,1,0.121
108.26,1,0.111
108.27,1,0.112
108.28,1,0.121
108.29,1,0.125
108.30,1,0.129
108.31,1,0.146
108.32,1,0.181
108.33,1,0.223
108.34,1,0.281
108.35,1,0.178
108.36,1,0.137
108.37,1,0.116
108.38,1,0.118
108.39,1,0.123
108.40,1,0.138
108.41,1,0.148
108.42,1,0.172
108.43,1,0.182
108.44,1,0.185
108.45,1,0.188
108.46,1,0.191
108.47,1,0.182
108.48,1,0.175
108.49,1,0.172
108.50,1,0.168
108.51,1,0.155
108.52,1,0.165
108.53,1,0.160
108.54,1,0.191
108.55,1,0.202
108.56,1,0.221
108.57,1,0.228
108.58,1,0.246
108.59,1,0.271
108.60,1,0.339
108.61,1,0.502
108.62,1,0.747
108.63,1,0.960
108.64,1,0.762
108.65,1,0.449
108.66,1,0.321
108.67,1,0.267
108.68,1,0.229
108.69,1,0.198
108.70,1,0.156
108.71,1,0.127
108.72,1,0.107
108.73,1,0.097
108.74,1,0.103
108.75,1,0.104
108.76,1,0.105
108.77,1,0.112
108.78,1,0.124
108.79,1,0.149
108.80,1,0.168
108.81,1,0.170
108.82,1,0.151
108.83,1,0.129
108.84,1,0.122
108.85,1,0.119
108.86,1,0.135
108.87,1,0.144
108.88,1,0.148
108.89,1,0.148
108.90,1,0.147
108.91,1,0.142
108.92,1,0.148
108.93,1,0.155
108.94,1,0.171
108.95,1,0.201
108.96,1,0.288
108.97,1,0.450
108.98,1,0.541
108.99,1,0.543
109.00,1,0.514
109.01,1,0.538
109.02,1,0.495
109.03,1,0.553
109.04,1,0.535
109.05,1,0.624
109.06,1,0.797
109.07,1,0.898
109.08,1,0.839
109.09,1,1.029
109.10,1,1.313
109.11,1,1.251
109.12,1,1.285
109.13,1,1.344
109.14,1,1.263
109.15,1,1.169
109.16,1,1.086
109.17,1,1.057
109.18,1,1.030
109.19,1,1.068
109.20,1,1.014
109.21,1,1.099
109.22,1,1.132
109.23,1,1.185
109.24,1,1.136
109.25,1,0.924
109.26,1,0.607
109.27,1,0.483
109.28,1,0.149
109.29,1,0.122
109.30,1,0.108
109.31,1,0.104
109.32,1,0.106
109.33,1,0.112
109.34,1,0.128
109.35,1,0.139
109.36,1,0.138
109.37,1,0.143
109.38,1,0.134
109.39,1,0.107
109.40,1,0.096
109.41,1,0.105
109.42,1,0.116
109.43,1,0.125
109.44,1,0.139
109.45,1,0.142
109.46,1,0.126
109.47,1,0.095
109.48,1,0.085
109.49,1,0.086
109.50,1,0.127
109.51,1,0.150
109.52,1,0.195
109.53,1,0.233
109.54,1,0.296
109.55,1,0.288
109.56,1,0.377
109.57,1,0.462
109.58,1,0.502
109.59,1,0.580
109.60,1,0.841
109.61,1,0.931
109.62,1,1.128
109.63,1,1.240
109.64,1,1.054
109.65,1,0.975
109.66,1,1.119
109.67,1,1.019
109.68,1,1.082
109.69,1,1.081
109.70,1,0.918
109.71,1,0.613
109.72,1,0.484
109.73,1,0.361
109.74,1,0.314
109.75,1,0.316
109.76,1,0.357
109.77,1,0.440
109.78,1,0.493
109.79,1,0.550
109.80,1,0.628
109.81,1,0.736
109.82,1,0.828
109.83,1,1.121
109.84,1,1.356
109.85,1,1.373
109.86,1,1.310
109.87,1,1.162
109.88,1,0.954
109.89,1,0.708
109.90,1,0.251
109.91,1,0.106
109.92,1,0.074
109.93,1,0.064
109.94,1,0.084
109.95,1,0.093
109.96,1,0.097
109.97,1,0.101
109.98,1,0.110
109.99,1,0.110
110.00,1,0.118
110.01,1,0.134
110.02,1,0.166
110.03,1,0.167
110.04,1,0.121
110.05,1,0.094
110.06,1,0.094
110.07,1,0.090
110.08,1,0.065
110.09,1,0.057
110.10,1,0.061
110.11,1,0.079
110.12,1,0.080
110.13,1,0.107
110.14,1,0.114
110.15,1,0.110
110.16,1,0.104
110.17,1,0.103
110.18,1,0.092
110.19,1,0.090
110.20,1,0.080
110.21,1,0.087
110.22,1,0.096
110.23,1,0.119
110.24,1,0.172
110.25,1,0.113
110.26,1,0.112
110.27,1,0.103
110.28,1,0.093
110.29,1,0.107
110.30,1,0.125
110.31,1,0.116
110.32,1,0.115
110.33,1,0.117
110.34,1,0.112
110.35,1,0.108
110.36,1,0.114
110.37,1,0.113
110.38,1,0.098
110.39,1,0.097
110.40,1,0.093
110.41,1,0.091
110.42,1,0.092
110.43,1,0.082
110.44,1,0.069
110.45,1,0.067
110.46,1,0.063
110.47,1,0.057
110.48,1,0.057
110.49,1,0.063
110.50,1,0.065
110.51,1,0.068
110.52,1,0.076
110.53,1,0.081
110.54,1,0.076
110.55,1,0.072
110.56,1,0.075
110.57,1,0.079
110.58,1,0.083
110.59,1,0.090
110.60,1,0.106
110.61,1,0.118
110.62,1,0.127
110.63,1,0.131
110.64,1,0.120
110.65,1,0.110
110.66,1,0.109
110.67,1,0.113
110.68,1,0.122
110.69,1,0.140
110.70,1,0.155
110.71,1,0.159
110.72,1,0.162
110.73,1,0.153
110.74,1,0.175
110.75,1,0.178
110.76,1,0.193
110.77,1,0.214
110.78,1,0.229
110.79,1,0.230
110.80,1,0.264
110.81,1,0.263
110.82,1,0.246
110.83,1,0.244
110.84,1,0.234
110.85,1,0.199
110.86,1,0.185
110.87,1,0.193
110.88,1,0.211
110.89,1,0.237
110.90,1,0.261
110.91,1,0.315
110.92,1,0.321
110.93,1,0.315
110.94,1,0.313
110.95,1,0.301
110.96,1,0.295
110.97,1,0.320
110.98,1,0.372
110.99,1,0.402
111.00,1,0.396
111.01,1,0.407
111.02,1,0.378
111.03,1,0.362
111.04,1,0.338
111.05,1,0.352
111.06,1,0.308
111.07,1,0.302
111.08,1,0.295
111.09,1,0.284
111.10,1,0.312
111.11,1,0.326
111.12,1,0.357
111.13,1,0.386
111.14,1,0.386
111.15,1,0.393
111.16,1,0.399
111.17,1,0.390
111.18,1,0.389
111.19,1,0.397
111.20,1,0.415
111.21,1,0.442
111.22,1,0.469
111.23,1,0.460
111.24,1,0.435
111.25,1,0.390
111.26,1,0.330
111.27,1,0.318
111.28,1,0.340
111.29,1,0.318
111.30,1,0.455
111.31,1,0.698
111.32,1,0.817
111.33,1,0.930
111.34,1,1.085
111.35,1,0.825
111.36,1,0.440
111.37,1,0.376
111.38,1,0.359
111.39,1,0.313
111.40,1,0.308
111.41,1,0.363
111.42,1,0.397
111.43,1,0.425
111.44,1,0.470
111.45,1,0.525
111.46,1,0.570
111.47,1,0.604
111.48,1,0.656
111.49,1,0.786
111.50,1,0.820
111.51,1,0.680
111.52,1,0.516
111.53,1,0.479
111.54,1,0.456
111.55,1,0.388
111.56,1,0.393
111.57,1,0.414
111.58,1,0.406
111.59,1,0.379
111.60,1,0.411
111.61,1,0.354
111.62,1,0.303
111.63,1,0.312
111.64,1,0.295
111.65,1,0.240
111.66,1,0.298
111.67,1,0.341
111.68,1,0.310
111.69,1,0.287
111.70,1,0.310
111.71,1,0.303
111.72,1,0.332
111.73,1,0.396
111.74,1,0.388
111.75,1,0.376
111.76,1,0.350
111.77,1,0.328
111.78,1,0.347
111.79,1,0.380
111.80,1,0.365
111.81,1,0.358
111.82,1,0.335
111.83,1,0.329
111.84,1,0.397
111.85,1,0.486
111.86,1,0.553
111.87,1,0.591
111.88,1,0.623
111.89,1,0.588
111.90,1,0.596
111.91,1,0.666
111.92,1,0.915
111.93,1,1.337
111.94,1,1.364
111.95,1,1.194
111.96,1,1.016
111.97,1,0.839
111.98,1,0.673
111.99,1,0.537
112.00,1,0.373
112.01,1,0.334
112.02,1,0.307
112.03,1,0.287
112.04,1,0.268
112.05,1,0.270
112.06,1,0.257
112.07,1,0.249
112.08,1,0.237
112.09,1,0.236
112.10,1,0.243
112.11,1,0.278
112.12,1,0.319
112.13,1,0.364
112.14,1,0.389
112.15,1,0.352
112.16,1,0.359
112.17,1,0.343
112.18,1,0.306
112.19,1,0.273
112.20,1,0.278
112.21,1,0.322
112.22,1,0.366
112.23,1,0.384
112.24,1,0.401
112.25,1,0.374
112.26,1,0.317
112.27,1,0.282
112.28,1,0.274
112.29,1,0.232
112.30,1,0.253
112.31,1,0.275
112.32,1,0.260
112.33,1,0.240
112.34,1,0.236
112.35,1,0.265
112.36,1,0.248
112.37,1,0.256
112.38,1,0.309
112.39,1,0.350
112.40,1,0.357
112.41,1,0.372
112.42,1,0.336
112.43,1,0.283
112.44,1,0.230
112.45,1,0.251
112.46,1,0.293
112.47,1,0.327
112.48,1,0.375
112.49,1,0.441
112.50,1,0.457
112.51,1,0.540
112.52,1,0.586
112.53,1,0.642
112.54,1,0.684
112.55,1,0.745
112.56,1,0.716
112.57,1,0.793
112.58,1,0.744
112.59,1,0.738
112.60,1,0.648
112.61,1,0.481
112.62,1,0.322
112.63,1,0.258
112.64,1,0.239
112.65,1,0.234
112.66,1,0.233
112.67,1,0.233
112.68,1,0.255
112.69,1,0.256
112.70,1,0.265
112.71,1,0.299
112.72,1,0.324
112.73,1,0.364
112.74,1,0.544
112.75,1,0.724
112.76,1,0.766
112.77,1,0.540
112.78,1,0.483
112.79,1,0.468
112.80,1,0.534
112.81,1,0.483
112.82,1,0.425
112.83,1,0.388
112.84,1,0.387
112.85,1,0.371
112.86,1,0.410
112.87,1,0.495
112.88,1,0.471
112.89,1,0.428
112.90,1,0.413
112.91,1,0.346
112.92,1,0.284
112.93,1,0.263
112.94,1,0.257
112.95,1,0.271
112.96,1,0.303
112.97,1,0.326
112.98,1,0.359
112.99,1,0.386
113.00,1,0.374
113.01,1,0.353
113.02,1,0.388
113.03,1,0.359
113.04,1,0.388
113.05,1,0.395
113.06,1,0.366
113.07,1,0.343
113.08,1,0.340
113.09,1,0.337
113.10,1,0.270
113.11,1,0.235
113.12,1,0.254
113.13,1,0.254
113.14,1,0.284
113.15,1,0.322
113.16,1,0.356
113.17,1,0.377
113.18,1,0.394
113.19,1,0.340
113.20,1,0.322
113.21,1,0.315
113.22,1,0.293
113.23,1,0.323
113.24,1,0.387
113.25,1,0.458
113.26,1,0.449
113.27,1,0.446
113.28,1,0.418
113.29,1,0.342
113.30,1,0.289
113.31,1,0.305
113.32,1,0.312
113.33,1,0.304
113.34,1,0.262
113.35,1,0.221
113.36,1,0.203
113.37,1,0.216
113.38,1,0.216
113.39,1,0.237
113.40,1,0.264
113.41,1,0.276
113.42,1,0.308
113.43,1,0.444
113.44,1,0.654
113.45,1,0.787
113.46,1,0.819
113.47,1,0.862
113.48,1,0.902
113.49,1,0.908
113.50,1,1.147
113.51,1,1.257
113.52,1,1.291
113.53,1,1.321
113.54,1,1.185
113.55,1,1.080
113.56,1,1.033
113.57,1,0.849
113.58,1,0.872
113.59,1,0.851
113.60,1,0.773
113.61,1,0.744
113.62,1,0.673
113.63,1,0.478
113.64,1,0.348
113.65,1,0.311
113.66,1,0.313
113.67,1,0.302
113.68,1,0.318
113.69,1,0.335
113.70,1,0.331
113.71,1,0.322
113.72,1,0.326
113.73,1,0.276
113.74,1,0.263
113.75,1,0.257
113.76,1,0.251
113.77,1,0.250
113.78,1,0.296
113.79,1,0.314
113.80,1,0.320
113.81,1,0.319
113.82,1,0.295
113.83,1,0.240
113.84,1,0.198
113.85,1,0.192
113.86,1,0.179
113.87,1,0.190
113.88,1,0.229
113.89,1,0.251
113.90,1,0.242
113.91,1,0.239
113.92,1,0.228
113.93,1,0.239
113.94,1,0.252
113.95,1,0.266
113.96,1,0.274
113.97,1,0.266
113.98,1,0.245
113.99,1,0.241
114.00,1,0.253
114.01,1,0.260
114.02,1,0.285
114.03,1,0.325
114.04,1,0.340
114.05,1,0.367
114.06,1,0.335
114.07,1,0.285
114.08,1,0.241
114.09,1,0.215
114.10,1,0.185
114.11,1,0.167
114.12,1,0.173
114.13,1,0.178
114.14,1,0.179
114.15,1,0.198
114.16,1,0.220
114.17,1,0.244
114.18,1,0.285
114.19,1,0.324
114.20,1,0.316
114.21,1,0.306
114.22,1,0.277
114.23,1,0.226
114.24,1,0.189
114.25,1,0.192
114.26,1,0.220
114.27,1,0.273
114.28,1,0.340
114.29,1,0.435
114.30,1,0.550
114.31,1,0.684
114.32,1,0.806
114.33,1,0.876
114.34,1,0.664
114.35,1,0.403
114.36,1,0.219
114.37,1,0.216
114.38,1,0.210
114.39,1,0.219
114.40,1,0.222
114.41,1,0.218
114.42,1,0.212
114.43,1,0.211
114.44,1,0.205
114.45,1,0.206
114.46,1,0.285
114.47,1,0.378
114.48,1,0.396
114.49,1,0.433
114.50,1,0.180
114.51,1,0.172
114.52,1,0.343
114.53,1,0.368
114.54,1,0.318
114.55,1,0.325
114.56,1,0.307
114.57,1,0.290
114.58,1,0.333
114.59,1,0.385
114.60,1,0.453
114.61,1,0.505
114.62,1,0.537
114.63,1,0.534
114.64,1,0.516
114.65,1,0.479
114.66,1,0.387
114.67,1,0.283
114.68,1,0.204
114.69,1,0.203
114.70,1,0.190
114.71,1,0.247
114.72,1,0.337
114.73,1,0.354
114.74,1,0.345
114.75,1,0.394
114.76,1,0.441
114.77,1,0.485
114.78,1,0.518
114.79,1,0.555
114.80,1,0.464
114.81,1,0.334
114.82,1,0.280
114.83,1,0.270
114.84,1,0.250
114.85,1,0.280
114.86,1,0.332
114.87,1,0.344
114.88,1,0.345
114.89,1,0.349
114.90,1,0.305
114.91,1,0.261
114.92,1,0.244
114.93,1,0.220
114.94,1,0.202
114.95,1,0.227
114.96,1,0.215
114.97,1,0.198
114.98,1,0.210
114.99,1,0.199
115.00,1,0.182
115.01,1,0.222
115.02,1,0.244
115.03,1,0.263
115.04,1,0.283
115.05,1,0.308
115.06,1,0.355
115.07,1,0.311
115.08,1,0.292
115.09,1,0.273
115.10,1,0.273
115.11,1,0.250
115.12,1,0.322
115.13,1,0.346
115.14,1,0.330
115.15,1,0.304
115.16,1,0.315
115.17,1,0.293
115.18,1,0.299
115.19,1,0.321
115.20,1,0.283
115.21,1,0.284
115.22,1,0.326
115.23,1,0.337
115.24,1,0.363
115.25,1,0.492
115.26,1,0.525
115.27,1,0.523
115.28,1,0.594
115.29,1,0.522
115.30,1,0.255
115.31,1,0.284
115.32,1,0.251
115.33,1,0.257
115.34,1,0.281
115.35,1,0.291
115.36,1,0.309
115.37,1,0.347
115.38,1,0.356
115.39,1,0.362
115.40,1,0.364
115.41,1,0.339
115.42,1,0.302
115.43,1,0.275
115.44,1,0.254
115.45,1,0.219
115.46,1,0.200
115.47,1,0.198
115.48,1,0.199
115.49,1,0.227
115.50,1,0.302
115.51,1,0.483
115.52,1,0.789
115.53,1,0.786
115.54,1,0.684
115.55,1,0.551
115.56,1,0.529
115.57,1,0.537
115.58,1,0.605
115.59,1,0.609
115.60,1,0.634
115.61,1,0.585
115.62,1,0.408
115.63,1,0.395
115.64,1,0.376
115.65,1,0.350
115.66,1,0.331
115.67,1,0.326
115.68,1,0.325
115.69,1,0.336
115.70,1,0.363
115.71,1,0.410
115.72,1,0.475
115.73,1,0.583
115.74,1,0.717
115.75,1,0.779
115.76,1,0.807
115.77,1,0.558
115.78,1,0.393
115.79,1,0.258
115.80,1,0.232
115.81,1,0.349
115.82,1,0.391
115.83,1,0.364
115.84,1,0.351
115.85,1,0.335
115.86,1,0.295
115.87,1,0.272
115.88,1,0.237
115.89,1,0.228
115.90,1,0.216
115.91,1,0.199
115.92,1,0.209
115.93,1,0.238
115.94,1,0.264
115.95,1,0.267
115.96,1,0.237
115.97,1,0.215
115.98,1,0.203
115.99,1,0.195
116.00,1,0.191
116.01,1,0.205
116.02,1,0.205
116.03,1,0.201
116.04,1,0.207
116.05,1,0.213
116.06,1,0.202
116.07,1,0.218
116.08,1,0.249
116.09,1,0.260
116.10,1,0.224
116.11,1,0.209
116.12,1,0.231
116.13,1,0.254
116.14,1,0.302
116.15,1,0.291
116.16,1,0.317
116.17,1,0.329
116.18,1,0.290
116.19,1,0.264
116.20,1,0.299
116.21,1,0.311
116.22,1,0.287
116.23,1,0.294
116.24,1,0.312
116.25,1,0.307
116.26,1,0.318
116.27,1,0.338
116.28,1,0.348
116.29,1,0.339
116.30,1,0.327
116.31,1,0.308
116.32,1,0.283
116.33,1,0.315
116.34,1,0.416
116.35,1,0.649
116.36,1,0.682
116.37,1,0.609
116.38,1,0.497
116.39,1,0.362
116.40,1,0.276
116.41,1,0.239
116.42,1,0.222
116.43,1,0.180
116.44,1,0.185
116.45,1,0.198
116.46,1,0.191
116.47,1,0.219
116.48,1,0.249
116.49,1,0.267
116.50,1,0.285
116.51,1,0.307
116.52,1,0.245
116.53,1,0.215
116.54,1,0.228
116.55,1,0.194
116.56,1,0.198
116.57,1,0.251
116.58,1,0.274
116.59,1,0.283
116.60,1,0.303
116.61,1,0.330
116.62,1,0.345
116.63,1,0.314
116.64,1,0.313
116.65,1,0.338
116.66,1,0.326
116.67,1,0.334
116.68,1,0.387
116.69,1,0.372
116.70,1,0.350
116.71,1,0.329
116.72,1,0.334
116.73,1,0.282
116.74,1,0.225
116.75,1,0.171
116.76,1,0.176
116.77,1,0.175
116.78,1,0.189
116.79,1,0.206
116.80,1,0.220
116.81,1,0.248
116.82,1,0.259
116.83,1,0.282
116.84,1,0.280
116.85,1,0.293
116.86,1,0.301
116.87,1,0.307
116.88,1,0.302
116.89,1,0.297
116.90,1,0.295
116.91,1,0.292
116.92,1,0.278
116.93,1,0.274
116.94,1,0.310
116.95,1,0.329
116.96,1,0.274
116.97,1,0.288
116.98,1,0.301
116.99,1,0.272
117.00,1,0.261
117.01,1,0.256
117.02,1,0.250
117.03,1,0.225
117.04,1,0.212
117.05,1,0.208
117.06,1,0.188
117.07,1,0.155
117.08,1,0.134
117.09,1,0.144
117.10,1,0.139
117.11,1,0.143
117.12,1,0.160
117.13,1,0.169
117.14,1,0.205
117.15,1,0.249
117.16,1,0.280
117.17,1,0.280
117.18,1,0.251
117.19,1,0.192
117.20,1,0.181
117.21,1,0.206
117.22,1,0.226
117.23,1,0.260
117.24,1,0.324
117.25,1,0.347
117.26,1,0.347
117.27,1,0.335
117.28,1,0.316
117.29,1,0.348
117.30,1,0.379
117.31,1,0.338
117.32,1,0.464
117.33,1,0.527
117.34,1,0.515
117.35,1,0.451
117.36,1,0.304
117.37,1,0.320
117.38,1,0.326
117.39,1,0.292
117.40,1,0.338
117.41,1,0.402
117.42,1,0.373
117.43,1,0.364
117.44,1,0.360
117.45,1,0.299
117.46,1,0.250
117.47,1,0.211
117.48,1,0.200
117.49,1,0.179
117.50,1,0.155
117.51,1,0.149
117.52,1,0.153
117.53,1,0.153
117.54,1,0.180
117.55,1,0.216
117.56,1,0.256
117.57,1,0.272
117.58,1,0.270
117.59,1,0.275
117.60,1,0.282
117.61,1,0.364
117.62,1,0.477
117.63,1,0.552
117.64,1,0.557
117.65,1,0.443
117.66,1,0.311
117.67,1,0.205
117.68,1,0.156
117.69,1,0.150
117.70,1,0.163
117.71,1,0.181
117.72,1,0.202
117.73,1,0.231
117.74,1,0.250
117.75,1,0.274
117.76,1,0.301
117.77,1,0.299
117.78,1,0.303
117.79,1,0.286
117.80,1,0.252
117.81,1,0.230
117.82,1,0.205
117.83,1,0.187
117.84,1,0.193
117.85,1,0.189
117.86,1,0.207
117.87,1,0.215
117.88,1,0.199
117.89,1,0.199
117.90,1,0.212
117.91,1,0.185
117.92,1,0.194
117.93,1,0.206
117.94,1,0.192
117.95,1,0.214
117.96,1,0.368
117.97,1,0.521
117.98,1,0.479
117.99,1,0.288
118.00,1,0.171
118.01,1,0.141
118.02,1,0.132
118.03,1,0.145
118.04,1,0.154
118.05,1,0.154
118.06,1,0.162
118.07,1,0.169
118.08,1,0.177
118.09,1,0.181
118.10,1,0.212
118.11,1,0.221
118.12,1,0.215
118.13,1,0.206
118.14,1,0.204
118.15,1,0.180
118.16,1,0.160
118.17,1,0.158
118.18,1,0.178
118.19,1,0.190
118.20,1,0.263
118.21,1,0.307
118.22,1,0.282
118.23,1,0.250
118.24,1,0.243
118.25,1,0.213
118.26,1,0.224
118.27,1,0.247
118.28,1,0.266
118.29,1,0.271
118.30,1,0.276
118.31,1,0.258
118.32,1,0.239
118.33,1,0.240
118.34,1,0.241
118.35,1,0.220
118.36,1,0.242
118.37,1,0.277
118.38,1,0.262
118.39,1,0.270
118.40,1,0.274
118.41,1,0.233
118.42,1,0.196
118.43,1,0.194
118.44,1,0.190
118.45,1,0.179
118.46,1,0.213
118.47,1,0.269
118.48,1,0.383
118.49,1,0.539
118.50,1,0.645
118.51,1,0.693
118.52,1,0.658
118.53,1,0.596
118.54,1,0.592
118.55,1,0.589
118.56,1,0.545
118.57,1,0.505
118.58,1,0.482
118.59,1,0.480
118.60,1,0.501
118.61,1,0.589
118.62,1,0.648
118.63,1,0.703
118.64,1,0.782
118.65,1,0.796
118.66,1,0.759
118.67,1,0.747
118.68,1,0.642
118.69,1,0.488
118.70,1,0.439
118.71,1,0.359
118.72,1,0.281
118.73,1,0.255
118.74,1,0.225
118.75,1,0.223
118.76,1,0.239
118.77,1,0.275
118.78,1,0.304
118.79,1,0.334
118.80,1,0.365
118.81,1,0.385
118.82,1,0.404
118.83,1,0.417
118.84,1,0.403
118.85,1,0.384
118.86,1,0.365
118.87,1,0.365
118.88,1,0.353
118.89,1,0.359
118.90,1,0.393
118.91,1,0.426
118.92,1,0.368
118.93,1,0.300
118.94,1,0.212
118.95,1,0.166
118.96,1,0.131
118.97,1,0.115
118.98,1,0.115
118.99,1,0.129
119.00,1,0.136
119.01,1,0.158
119.02,1,0.172
119.03,1,0.164
119.04,1,0.169
119.05,1,0.175
119.06,1,0.170
119.07,1,0.166
119.08,1,0.170
119.09,1,0.162
119.10,1,0.167
119.11,1,0.176
119.12,1,0.224
119.13,1,0.244
119.14,1,0.263
119.15,1,0.271
119.16,1,0.271
119.17,1,0.262
119.18,1,0.264
119.19,1,0.267
119.20,1,0.264
119.21,1,0.237
119.22,1,0.217
119.23,1,0.194
119.24,1,0.185
119.25,1,0.186
119.26,1,0.183
119.27,1,0.168
119.28,1,0.164
119.29,1,0.151
119.30,1,0.138
119.31,1,0.147
119.32,1,0.151
119.33,1,0.155
119.34,1,0.160
119.35,1,0.169
119.36,1,0.176
119.37,1,0.201
119.38,1,0.332
119.39,1,0.530
119.40,1,0.496
119.41,1,0.205
119.42,1,0.103
119.43,1,0.090
119.44,1,0.088
119.45,1,0.084
119.46,1,0.084
119.47,1,0.091
119.48,1,0.090
119.49,1,0.100
119.50,1,0.109
119.51,1,0.113
119.52,1,0.122
119.53,1,0.132
119.54,1,0.131
119.55,1,0.211
119.56,1,0.287
119.57,1,0.350
119.58,1,0.386
119.59,1,0.428
119.60,1,0.422
119.61,1,0.423
119.62,1,0.439
119.63,1,0.474
119.64,1,0.470
119.65,1,0.489
119.66,1,0.447
119.67,1,0.396
119.68,1,0.308
119.69,1,0.216
119.70,1,0.164
119.71,1,0.152
119.72,1,0.165
119.73,1,0.159
119.74,1,0.156
119.75,1,0.139
119.76,1,0.142
119.77,1,0.147
119.78,1,0.149
119.79,1,0.165
119.80,1,0.180
119.81,1,0.186
119.82,1,0.194
119.83,1,0.195
119.84,1,0.186
119.85,1,0.165
119.86,1,0.154
119.87,1,0.150
119.88,1,0.146
119.89,1,0.146
119.90,1,0.151
119.91,1,0.147
119.92,1,0.149
119.93,1,0.153
119.94,1,0.146
119.95,1,0.145
119.96,1,0.148
119.97,1,0.160
119.98,1,0.162
119.99,1,0.162
120.00,1,0.150
120.01,1,0.143
120.02,1,0.134
120.03,1,0.123
120.04,1,0.112
120.05,1,0.111
120.06,1,0.109
120.07,1,0.111
120.08,1,0.114
120.09,1,0.120
120.10,1,0.125
120.11,1,0.127
120.12,1,0.132
120.13,1,0.143
120.14,1,0.149
120.15,1,0.149
120.16,1,0.141
120.17,1,0.128
120.18,1,0.114
120.19,1,0.101
120.20,1,0.108
120.21,1,0.133
120.22,1,0.134
120.23,1,0.130
120.24,1,0.130
120.25,1,0.116
120.26,1,0.105
120.27,1,0.100
120.28,1,0.103
120.29,1,0.095
120.30,1,0.091
120.31,1,0.093
120.32,1,0.092
120.33,1,0.098
120.34,1,0.100
120.35,1,0.110
120.36,1,0.132
120.37,1,0.160
120.38,1,0.197
120.39,1,0.225
120.40,1,0.237
120.41,1,0.232
120.42,1,0.209
120.43,1,0.178
120.44,1,0.157
120.45,1,0.146
120.46,1,0.150
120.47,1,0.167
120.48,1,0.171
120.49,1,0.181
120.50,1,0.184
120.51,1,0.162
120.52,1,0.153
120.53,1,0.161
120.54,1,0.169
120.55,1,0.179
120.56,1,0.209
120.57,1,0.256
120.58,1,0.242
120.59,1,0.217
120.60,1,0.261
120.61,1,0.261
120.62,1,0.240
120.63,1,0.224
120.64,1,0.246
120.65,1,0.238
120.66,1,0.242
120.67,1,0.269
120.68,1,0.297
120.69,1,0.333
120.70,1,0.418
120.71,1,0.472
120.72,1,0.510
120.73,1,0.656
120.74,1,0.710
120.75,1,0.697
120.76,1,0.731
120.77,1,0.793
120.78,1,0.632
120.79,1,0.650
120.80,1,0.627
120.81,1,0.498
120.82,1,0.289
120.83,1,0.236
120.84,1,0.198
120.85,1,0.196
120.86,1,0.180
120.87,1,0.178
120.88,1,0.190
120.89,1,0.227
120.90,1,0.276
120.91,1,0.336
120.92,1,0.403
120.93,1,0.497
120.94,1,0.441
120.95,1,0.382
120.96,1,0.351
120.97,1,0.306
120.98,1,0.285
120.99,1,0.262
121.00,1,0.252
121.01,1,0.243
121.02,1,0.239
121.03,1,0.227
121.04,1,0.230
121.05,1,0.253
121.06,1,0.273
121.07,1,0.305
121.08,1,0.371
121.09,1,0.455
121.10,1,0.421
121.11,1,0.605
121.12,1,0.655
121.13,1,0.428
121.14,1,0.329
121.15,1,0.217
121.16,1,0.206
121.17,1,0.268
121.18,1,0.274
121.19,1,0.304
121.20,1,0.366
121.21,1,0.405
121.22,1,0.435
121.23,1,0.461
121.24,1,0.439
121.25,1,0.421
121.26,1,0.357
121.27,1,0.277
121.28,1,0.254
121.29,1,0.268
121.30,1,0.281
121.31,1,0.298
121.32,1,0.357
121.33,1,0.353
121.34,1,0.380
121.35,1,0.418
121.36,1,0.431
121.37,1,0.458
121.38,1,0.524
121.39,1,0.526
121.40,1,0.570
121.41,1,0.654
121.42,1,0.752
121.43,1,0.816
121.44,1,0.795
121.45,1,0.642
121.46,1,0.453
121.47,1,0.300
121.48,1,0.251
121.49,1,0.202
121.50,1,0.182
121.51,1,0.192
121.52,1,0.199
121.53,1,0.198
121.54,1,0.203
121.55,1,0.183
121.56,1,0.163
121.57,1,0.174
121.58,1,0.207
121.59,1,0.258
121.60,1,0.279
121.61,1,0.265
121.62,1,0.247
121.63,1,0.232
121.64,1,0.205
121.65,1,0.216
121.66,1,0.221
121.67,1,0.228
121.68,1,0.230
121.69,1,0.238
121.70,1,0.252
121.71,1,0.263
121.72,1,0.268
121.73,1,0.318
121.74,1,0.331
121.75,1,0.320
121.76,1,0.311
121.77,1,0.289
121.78,1,0.216
121.79,1,0.222
121.80,1,0.222
121.81,1,0.228
121.82,1,0.218
121.83,1,0.225
121.84,1,0.215
121.85,1,0.204
121.86,1,0.205
121.87,1,0.230
121.88,1,0.257
121.89,1,0.303
121.90,1,0.365
121.91,1,0.387
121.92,1,0.392
121.93,1,0.374
121.94,1,0.338
121.95,1,0.300
121.96,1,0.274
121.97,1,0.274
121.98,1,0.298
121.99,1,0.354
122.00,1,0.414
122.01,1,0.498
122.02,1,0.757
122.03,1,0.694
122.04,1,0.488
122.05,1,0.392
122.06,1,0.359
122.07,1,0.319
122.08,1,0.311
122.09,1,0.283
122.10,1,0.276
122.11,1,0.303
122.12,1,0.397
122.13,1,0.451
122.14,1,0.464
122.15,1,0.448
122.16,1,0.417
122.17,1,0.394
122.18,1,0.349
122.19,1,0.305
122.20,1,0.269
122.21,1,0.230
122.22,1,0.213
122.23,1,0.228
122.24,1,0.225
122.25,1,0.228
122.26,1,0.250
122.27,1,0.257
122.28,1,0.260
122.29,1,0.269
122.30,1,0.272
122.31,1,0.287
122.32,1,0.318
122.33,1,0.374
122.34,1,0.458
122.35,1,0.513
122.36,1,0.499
122.37,1,0.478
122.38,1,0.373
122.39,1,0.298
122.40,1,0.266
122.41,1,0.260
122.42,1,0.355
122.43,1,0.322
122.44,1,0.300
122.45,1,0.299
122.46,1,0.282
122.47,1,0.248
122.48,1,0.278
122.49,1,0.302
122.50,1,0.358
122.51,1,0.417
122.52,1,0.366
122.53,1,0.361
122.54,1,0.345
122.55,1,0.304
122.56,1,0.301
122.57,1,0.267
122.58,1,0.261
122.59,1,0.241
122.60,1,0.237
122.61,1,0.288
122.62,1,0.312
122.63,1,0.323
122.64,1,0.333
122.65,1,0.320
122.66,1,0.288
122.67,1,0.299
122.68,1,0.274
122.69,1,0.271
122.70,1,0.263
122.71,1,0.265
122.72,1,0.276
122.73,1,0.272
122.74,1,0.249
122.75,1,0.253
122.76,1,0.231
122.77,1,0.189
122.78,1,0.189
122.79,1,0.186
122.80,1,0.194
122.81,1,0.233
122.82,1,0.310
122.83,1,0.403
122.84,1,0.549
122.85,1,0.666
122.86,1,0.531
122.87,1,0.407
122.88,1,0.284
122.89,1,0.266
122.90,1,0.262
122.91,1,0.262
122.92,1,0.266
122.93,1,0.278
122.94,1,0.248
122.95,1,0.240
122.96,1,0.215
122.97,1,0.194
122.98,1,0.181
122.99,1,0.177
123.00,1,0.173
123.01,1,0.173
123.02,1,0.199
123.03,1,0.209
123.04,1,0.218
123.05,1,0.243
123.06,1,0.268
123.07,1,0.287
123.08,1,0.268
123.09,1,0.207
123.10,1,0.162
123.11,1,0.161
123.12,1,0.140
123.13,1,0.128
123.14,1,0.170
123.15,1,0.220
123.16,1,0.242
123.17,1,0.309
123.18,1,0.314
123.19,1,0.281
123.20,1,0.285
123.21,1,0.240
123.22,1,0.221
123.23,1,0.230
123.24,1,0.222
123.25,1,0.197
123.26,1,0.187
123.27,1,0.184
123.28,1,0.194
123.29,1,0.200
123.30,1,0.211
123.31,1,0.221
123.32,1,0.221
123.33,1,0.233
123.34,1,0.251
123.35,1,0.253
123.36,1,0.257
123.37,1,0.237
123.38,1,0.214
123.39,1,0.192
123.40,1,0.170
123.41,1,0.152
123.42,1,0.152
123.43,1,0.161
123.44,1,0.185
123.45,1,0.246
123.46,1,0.313
123.47,1,0.316
123.48,1,0.317
123.49,1,0.324
123.50,1,0.285
123.51,1,0.279
123.52,1,0.315
123.53,1,0.353
123.54,1,0.437
123.55,1,0.610
123.56,1,0.712
123.57,1,0.677
123.58,1,0.630
123.59,1,0.656
123.60,1,0.661
123.61,1,0.658
123.62,1,0.601
123.63,1,0.585
123.64,1,0.552
123.65,1,0.503
123.66,1,0.522
123.67,1,0.565
123.68,1,0.596
123.69,1,0.658
123.70,1,0.704
123.71,1,0.704
123.72,1,0.772
123.73,1,0.846
123.74,1,0.915
123.75,1,0.982
123.76,1,0.995
123.77,1,0.848
123.78,1,0.537
123.79,1,0.427
123.80,1,0.308
123.81,1,0.242
123.82,1,0.240
123.83,1,0.256
123.84,1,0.241
123.85,1,0.244
123.86,1,0.255
123.87,1,0.242
123.88,1,0.220
123.89,1,0.232
123.90,1,0.222
123.91,1,0.221
123.92,1,0.245
123.93,1,0.247
123.94,1,0.236
123.95,1,0.227
123.96,1,0.205
123.97,1,0.179
123.98,1,0.162
123.99,1,0.153
124.00,1,0.149
124.01,1,0.152
124.02,1,0.160
124.03,1,0.206
124.04,1,0.281
124.05,1,0.348
124.06,1,0.347
124.07,1,0.368
124.08,1,0.307
124.09,1,0.283
124.10,1,0.220
124.11,1,0.219
124.12,1,0.243
124.13,1,0.284
124.14,1,0.353
124.15,1,0.218
124.16,1,0.191
124.17,1,0.173
124.18,1,0.178
124.19,1,0.188
124.20,1,0.195
124.21,1,0.226
124.22,1,0.267
124.23,1,0.305
124.24,1,0.308
124.25,1,0.326
124.26,1,0.337
124.27,1,0.329
124.28,1,0.313
124.29,1,0.330
124.30,1,0.336
124.31,1,0.309
124.32,1,0.273
124.33,1,0.239
124.34,1,0.186
124.35,1,0.154
124.36,1,0.131
124.37,1,0.120
124.38,1,0.122
124.39,1,0.126
124.40,1,0.147
124.41,1,0.174
124.42,1,0.209
124.43,1,0.221
124.44,1,0.235
124.45,1,0.268
124.46,1,0.269
124.47,1,0.310
124.48,1,0.315
124.49,1,0.326
124.50,1,0.336
124.51,1,0.368
124.52,1,0.380
124.53,1,0.379
124.54,1,0.332
124.55,1,0.301
124.56,1,0.270
124.57,1,0.242
124.58,1,0.266
124.59,1,0.285
124.60,1,0.286
124.61,1,0.290
124.62,1,0.274
124.63,1,0.263
124.64,1,0.242
124.65,1,0.251
124.66,1,0.279
124.67,1,0.311
124.68,1,0.330
124.69,1,0.354
124.70,1,0.391
124.71,1,0.356
124.72,1,0.336
124.73,1,0.289
124.74,1,0.218
124.75,1,0.189
124.76,1,0.182
124.77,1,0.168
124.78,1,0.163
124.79,1,0.163
124.80,1,0.144
124.81,1,0.134
124.82,1,0.143
124.83,1,0.160
124.84,1,0.197
124.85,1,0.219
124.86,1,0.234
124.87,1,0.251
124.88,1,0.270
124.89,1,0.294
124.90,1,0.318
124.91,1,0.333
124.92,1,0.238
124.93,1,0.192
124.94,1,0.178
124.95,1,0.170
124.96,1,0.190
124.97,1,0.212
124.98,1,0.203
124.99,1,0.204
125.00,1,0.186
125.01,1,0.204
125.02,1,0.227
125.03,1,0.268
125.04,1,0.308
125.05,1,0.345
125.06,1,0.351
125.07,1,0.373
125.08,1,0.366
125.09,1,0.322
125.10,1,0.279
125.11,1,0.259
125.12,1,0.215
125.13,1,0.221
125.14,1,0.207
125.15,1,0.228
125.16,1,0.262
125.17,1,0.307
125.18,1,0.354
125.19,1,0.365
125.20,1,0.372
125.21,1,0.370
125.22,1,0.351
125.23,1,0.350
125.24,1,0.345
125.25,1,0.321
125.26,1,0.283
125.27,1,0.223
125.28,1,0.195
125.29,1,0.173
125.30,1,0.155
125.31,1,0.144
125.32,1,0.143
125.33,1,0.151
125.34,1,0.174
125.35,1,0.187
125.36,1,0.206
125.37,1,0.422
125.38,1,0.621
125.39,1,0.651
125.40,1,0.413
125.41,1,0.221
125.42,1,0.204
125.43,1,0.178
125.44,1,0.172
125.45,1,0.172
125.46,1,0.174
125.47,1,0.194
125.48,1,0.222
125.49,1,0.221
125.50,1,0.228
125.51,1,0.248
125.52,1,0.275
125.53,1,0.293
125.54,1,0.314
125.55,1,0.292
125.56,1,0.249
125.57,1,0.233
125.58,1,0.235
125.59,1,0.264
125.60,1,0.374
125.61,1,0.479
125.62,1,0.640
125.63,1,0.572
125.64,1,0.629
125.65,1,0.587
125.66,1,0.532
125.67,1,0.500
125.68,1,0.526
125.69,1,0.542
125.70,1,0.609
125.71,1,0.569
125.72,1,0.302
125.73,1,0.392
125.74,1,0.456
125.75,1,0.449
125.76,1,0.431
125.77,1,0.435
125.78,1,0.423
125.79,1,0.388
125.80,1,0.441
125.81,1,0.427
125.82,1,0.403
125.83,1,0.374
125.84,1,0.316
125.85,1,0.257
125.86,1,0.227
125.87,1,0.226
125.88,1,0.220
125.89,1,0.231
125.90,1,0.237
125.91,1,0.251
125.92,1,0.227
125.93,1,0.215
125.94,1,0.210
125.95,1,0.221
125.96,1,0.276
125.97,1,0.301
125.98,1,0.324
125.99,1,0.313
126.00,1,0.293
126.01,1,0.267
126.02,1,0.280
126.03,1,0.287
126.04,1,0.276
126.05,1,0.259
126.06,1,0.247
126.07,1,0.317
126.08,1,0.372
126.09,1,0.360
126.10,1,0.346
126.11,1,0.328
126.12,1,0.221
126.13,1,0.149
126.14,1,0.151
126.15,1,0.180
126.16,1,0.206
126.17,1,0.263
126.18,1,0.355
126.19,1,0.442
126.20,1,0.438
126.21,1,0.381
126.22,1,0.312
126.23,1,0.281
126.24,1,0.238
126.25,1,0.223
126.26,1,0.239
126.27,1,0.274
126.28,1,0.325
126.29,1,0.342
126.30,1,0.370
126.31,1,0.414
126.32,1,0.479
126.33,1,0.469
126.34,1,0.456
126.35,1,0.449
126.36,1,0.383
126.37,1,0.329
126.38,1,0.331
126.39,1,0.332
126.40,1,0.347
126.41,1,0.356
126.42,1,0.369
126.43,1,0.357
126.44,1,0.386
126.45,1,0.379
126.46,1,0.282
126.47,1,0.207
126.48,1,0.167
126.49,1,0.139
126.50,1,0.149
126.51,1,0.184
126.52,1,0.213
126.53,1,0.272
126.54,1,0.315
126.55,1,0.306
126.56,1,0.299
126.57,1,0.274
126.58,1,0.252
126.59,1,0.261
126.60,1,0.239
126.61,1,0.233
126.62,1,0.227
126.63,1,0.228
126.64,1,0.262
126.65,1,0.296
126.66,1,0.381
126.67,1,0.429
126.68,1,0.316
126.69,1,0.227
126.70,1,0.196
126.71,1,0.172
126.72,1,0.157
126.73,1,0.187
126.74,1,0.248
126.75,1,0.299
126.76,1,0.340
126.77,1,0.356
126.78,1,0.336
126.79,1,0.298
126.80,1,0.273
126.81,1,0.294
126.82,1,0.365
126.83,1,0.457
126.84,1,0.479
126.85,1,0.395
126.86,1,0.302
126.87,1,0.251
126.88,1,0.228
126.89,1,0.254
126.90,1,0.235
126.91,1,0.284
126.92,1,0.304
126.93,1,0.309
126.94,1,0.334
126.95,1,0.384
126.96,1,0.351
126.97,1,0.322
126.98,1,0.273
126.99,1,0.228
127.00,1,0.226
127.01,1,0.236
127.02,1,0.271
127.03,1,0.335
127.04,1,0.366
127.05,1,0.356
127.06,1,0.346
127.07,1,0.329
127.08,1,0.291
127.09,1,0.234
127.10,1,0.208
127.11,1,0.183
127.12,1,0.189
127.13,1,0.181
127.14,1,0.180
127.15,1,0.166
127.16,1,0.179
127.17,1,0.189
127.18,1,0.214
127.19,1,0.226
127.20,1,0.260
127.21,1,0.262
127.22,1,0.277
127.23,1,0.282
127.24,1,0.291
127.25,1,0.288
127.26,1,0.277
127.27,1,0.263
127.28,1,0.277
127.29,1,0.312
127.30,1,0.303
127.31,1,0.259
127.32,1,0.233
127.33,1,0.241
127.34,1,0.232
127.35,1,0.208
127.36,1,0.218
127.37,1,0.251
127.38,1,0.218
127.39,1,0.215
127.40,1,0.239
127.41,1,0.226
127.42,1,0.235
127.43,1,0.294
127.44,1,0.350
127.45,1,0.431
127.46,1,0.508
127.47,1,0.440
127.48,1,0.324
127.49,1,0.277
127.50,1,0.245
127.51,1,0.265
127.52,1,0.290
127.53,1,0.277
127.54,1,0.353
127.55,1,0.468
127.56,1,0.464
127.57,1,0.492
127.58,1,0.522
127.59,1,0.434
127.60,1,0.312
127.61,1,0.263
127.62,1,0.228
127.63,1,0.208
127.64,1,0.233
127.65,1,0.312
127.66,1,0.377
127.67,1,0.415
127.68,1,0.433
127.69,1,0.399
127.70,1,0.351
127.71,1,0.295
127.72,1,0.263
127.73,1,0.261
127.74,1,0.280
127.75,1,0.296
127.76,1,0.331
127.77,1,0.286
127.78,1,0.253
127.79,1,0.213
127.80,1,0.181
127.81,1,0.154
127.82,1,0.145
127.83,1,0.147
127.84,1,0.158
127.85,1,0.182
127.86,1,0.218
127.87,1,0.271
127.88,1,0.341
127.89,1,0.440
127.90,1,0.542
127.91,1,0.549
127.92,1,0.510
127.93,1,0.387
127.94,1,0.353
127.95,1,0.396
127.96,1,0.460
127.97,1,0.470
127.98,1,0.507
127.99,1,0.491
128.00,1,0.444
128.01,1,0.416
128.02,1,0.395
128.03,1,0.434
128.04,1,0.446
128.05,1,0.448
128.06,1,0.451
128.07,1,0.413
128.08,1,0.352
128.09,1,0.339
128.10,1,0.312
128.11,1,0.323
128.12,1,0.340
128.13,1,0.355
128.14,1,0.410
128.15,1,0.392
128.16,1,0.345
128.17,1,0.328
128.18,1,0.282
128.19,1,0.247
128.20,1,0.230
128.21,1,0.235
128.22,1,0.251
128.23,1,0.290
128.24,1,0.322
128.25,1,0.411
128.26,1,0.492
128.27,1,0.574
128.28,1,0.533
128.29,1,0.430
128.30,1,0.354
128.31,1,0.337
128.32,1,0.270
128.33,1,0.315
128.34,1,0.359
128.35,1,0.345
128.36,1,0.344
128.37,1,0.348
128.38,1,0.375
128.39,1,0.431
128.40,1,0.470
128.41,1,0.474
128.42,1,0.381
128.43,1,0.324
128.44,1,0.290
128.45,1,0.254
128.46,1,0.268
128.47,1,0.266
128.48,1,0.238
128.49,1,0.249
128.50,1,0.250
128.51,1,0.251
128.52,1,0.300
128.53,1,0.311
128.54,1,0.340
128.55,1,0.362
128.56,1,0.395
128.57,1,0.463
128.58,1,0.599
128.59,1,0.672
128.60,1,0.744
128.61,1,0.706
128.62,1,0.660
128.63,1,0.616
128.64,1,0.597
128.65,1,0.684
128.66,1,0.787
128.67,1,0.813
128.68,1,0.773
128.69,1,0.735
128.70,1,0.670
128.71,1,0.622
128.72,1,0.583
128.73,1,0.587
128.74,1,0.578
128.75,1,0.575
128.76,1,0.495
128.77,1,0.472
128.78,1,0.493
128.79,1,0.515
128.80,1,0.515
128.81,1,0.577
128.82,1,0.642
128.83,1,0.669
128.84,1,0.682
128.85,1,0.721
128.86,1,0.570
128.87,1,0.259
128.88,1,0.212
128.89,1,0.190
128.90,1,0.160
128.91,1,0.115
128.92,1,0.106
128.93,1,0.115
128.94,1,0.132
128.95,1,0.160
128.96,1,0.184
128.97,1,0.207
128.98,1,0.221
128.99,1,0.223
129.00,1,0.218
129.01,1,0.259
129.02,1,0.342
129.03,1,0.389
129.04,1,0.347
129.05,1,0.298
129.06,1,0.229
129.07,1,0.189
129.08,1,0.159
129.09,1,0.134
129.10,1,0.129
129.11,1,0.123
129.12,1,0.121
129.13,1,0.129
129.14,1,0.140
129.15,1,0.139
129.16,1,0.139
129.17,1,0.136
129.18,1,0.152
129.19,1,0.166
129.20,1,0.178
129.21,1,0.218
129.22,1,0.259
129.23,1,0.238
129.24,1,0.202
129.25,1,0.186
129.26,1,0.169
129.27,1,0.163
129.28,1,0.172
129.29,1,0.230
129.30,1,0.284
129.31,1,0.307
129.32,1,0.294
129.33,1,0.263
129.34,1,0.243
129.35,1,0.244
129.36,1,0.212
129.37,1,0.196
129.38,1,0.136
129.39,1,0.112
129.40,1,0.112
129.41,1,0.107
129.42,1,0.111
129.43,1,0.127
129.44,1,0.149
129.45,1,0.173
129.46,1,0.223
129.47,1,0.281
129.48,1,0.353
129.49,1,0.423
129.50,1,0.474
129.51,1,0.465
129.52,1,0.433
129.53,1,0.428
129.54,1,0.439
129.55,1,0.355
129.56,1,0.317
129.57,1,0.285
129.58,1,0.254
129.59,1,0.235
129.60,1,0.221
129.61,1,0.190
129.62,1,0.156
129.63,1,0.141
129.64,1,0.144
129.65,1,0.175
129.66,1,0.195
129.67,1,0.217
129.68,1,0.238
129.69,1,0.271
129.70,1,0.264
129.71,1,0.308
129.72,1,0.360
129.73,1,0.370
129.74,1,0.356
129.75,1,0.285
129.76,1,0.282
129.77,1,0.283
129.78,1,0.311
129.79,1,0.332
129.80,1,0.469
129.81,1,0.780
129.82,1,0.929
129.83,1,0.686
129.84,1,0.640
129.85,1,0.551
129.86,1,0.390
129.87,1,0.320
129.88,1,0.277
129.89,1,0.240
129.90,1,0.209
129.91,1,0.221
129.92,1,0.232
129.93,1,0.246
129.94,1,0.248
129.95,1,0.253
129.96,1,0.253
129.97,1,0.240
129.98,1,0.241
129.99,1,0.230
130.00,1,0.208
130.01,1,0.188
130.02,1,0.165
130.03,1,0.150
130.04,1,0.131
130.05,1,0.111
130.06,1,0.100
130.07,1,0.085
130.08,1,0.074
130.09,1,0.067
130.10,1,0.066
130.11,1,0.073
130.12,1,0.083
130.13,1,0.099
130.14,1,0.113
130.15,1,0.121
130.16,1,0.129
130.17,1,0.125
130.18,1,0.110
130.19,1,0.103
130.20,1,0.093
130.21,1,0.091
130.22,1,0.095
130.23,1,0.102
130.24,1,0.115
130.25,1,0.120
130.26,1,0.126
130.27,1,0.132
130.28,1,0.135
130.29,1,0.131
130.30,1,0.133
130.31,1,0.137
130.32,1,0.137
130.33,1,0.142
130.34,1,0.137
130.35,1,0.126
130.36,1,0.110
130.37,1,0.095
130.38,1,0.090
130.39,1,0.090
130.40,1,0.099
130.41,1,0.107
130.42,1,0.112
130.43,1,0.113
130.44,1,0.110
130.45,1,0.106
130.46,1,0.105
130.47,1,0.108
130.48,1,0.109
130.49,1,0.114
130.50,1,0.128
130.51,1,0.141
130.52,1,0.145
130.53,1,0.147
130.54,1,0.136
130.55,1,0.115
130.56,1,0.104
130.57,1,0.099
130.58,1,0.097
130.59,1,0.098
130.60,1,0.092
130.61,1,0.080
130.62,1,0.073
130.63,1,0.068
130.64,1,0.069
130.65,1,0.077
130.66,1,0.083
130.67,1,0.083
130.68,1,0.084
130.69,1,0.081
130.70,1,0.073
130.71,1,0.069
130.72,1,0.068
130.73,1,0.066
130.74,1,0.063
130.75,1,0.066
130.76,1,0.069
130.77,1,0.076
130.78,1,0.092
130.79,1,0.109
130.80,1,0.125
130.81,1,0.145
130.82,1,0.156
130.83,1,0.153
130.84,1,0.144
130.85,1,0.123
130.86,1,0.106
130.87,1,0.111
130.88,1,0.133
130.89,1,0.153
130.90,1,0.169
130.91,1,0.175
130.92,1,0.171
130.93,1,0.158
130.94,1,0.149
130.95,1,0.145
130.96,1,0.143
130.97,1,0.133
130.98,1,0.125
130.99,1,0.123
131.00,1,0.125
131.01,1,0.131
131.02,1,0.138
131.03,1,0.139
131.04,1,0.147
131.05,1,0.155
131.06,1,0.162
131.07,1,0.171
131.08,1,0.173
131.09,1,0.165
131.10,1,0.150
131.11,1,0.130
131.12,1,0.106
131.13,1,0.084
131.14,1,0.069
131.15,1,0.063
131.16,1,0.074
131.17,1,0.090
131.18,1,0.109
131.19,1,0.126
131.20,1,0.132
131.21,1,0.129
131.22,1,0.120
131.23,1,0.106
131.24,1,0.098
131.25,1,0.093
131.26,1,0.090
131.27,1,0.093
131.28,1,0.093
131.29,1,0.095
131.30,1,0.105
131.31,1,0.115
131.32,1,0.124
131.33,1,0.127
131.34,1,0.128
131.35,1,0.125
131.36,1,0.119
131.37,1,0.118
131.38,1,0.133
131.39,1,0.146
131.40,1,0.155
131.41,1,0.167
131.42,1,0.171
131.43,1,0.162
131.44,1,0.154
131.45,1,0.138
131.46,1,0.115
131.47,1,0.101
131.48,1,0.092
131.49,1,0.089
131.50,1,0.091
131.51,1,0.092
131.52,1,0.094
131.53,1,0.093
131.54,1,0.098
131.55,1,0.110
131.56,1,0.116
131.57,1,0.128
131.58,1,0.155
131.59,1,0.167
131.60,1,0.186
131.61,1,0.188
131.62,1,0.191
131.63,1,0.186
131.64,1,0.200
131.65,1,0.209
131.66,1,0.243
131.67,1,0.235
131.68,1,0.204
131.69,1,0.190
131.70,1,0.180
131.71,1,0.192
131.72,1,0.226
131.73,1,0.224
131.74,1,0.293
131.75,1,0.409
131.76,1,0.489
131.77,1,0.619
131.78,1,0.729
131.79,1,0.708
131.80,1,0.709
131.81,1,0.670
131.82,1,0.628
131.83,1,0.602
131.84,1,0.573
131.85,1,0.470
131.86,1,0.427
131.87,1,0.409
131.88,1,0.378
131.89,1,0.354
131.90,1,0.338
131.91,1,0.313
131.92,1,0.297
131.93,1,0.279
131.94,1,0.269
131.95,1,0.250
131.96,1,0.233
131.97,1,0.214
131.98,0,
131.99,0,
132.00,0,
132.01,0,
132.02,0,
132.03,0,
132.04,0,
132.05,0,
132.06,1,0.166
132.07,1,0.171
132.08,1,0.178
132.09,1,0.203
132.10,1,0.218
132.11,1,0.237
132.12,1,0.267
132.13,1,0.319
132.14,1,0.377
132.15,1,0.437
132.16,1,0.480
132.17,1,0.495
132.18,1,0.473
132.19,1,0.432
132.20,1,0.437
132.21,1,0.393
132.22,1,0.371
132.23,1,0.388
132.24,1,0.345
132.25,1,0.269
132.26,1,0.269
132.27,1,0.246
132.28,1,0.216
132.29,1,0.222
132.30,1,0.232
132.31,1,0.226
132.32,1,0.255
132.33,1,0.277
132.34,1,0.281
132.35,1,0.270
132.36,1,0.265
132.37,1,0.243
132.38,1,0.245
132.39,1,0.243
132.40,1,0.219
132.41,1,0.234
132.42,1,0.234
132.43,0,
132.44,0,
132.45,0,
132.46,0,
132.47,0,
132.48,0,
132.49,0,
132.50,0,
132.51,0,
132.52,0,
132.53,0,
132.54,0,
132.55,0,
132.56,0,
132.57,0,
132.58,0,
132.59,0,
132.60,0,
132.61,0,
132.62,0,
132.63,0,
132.64,0,
132.65,0,
132.66,0,
132.67,0,
132.68,0,
132.69,0,
132.70,0,
132.71,0,
132.72,0,
132.73,0,
132.74,0,
132.75,0,
132.76,0,
132.77,0,
132.78,0,
132.79,0,
132.80,0,
132.81,0,
132.82,0,
132.83,0,
132.84,0,
132.85,0,
132.86,0,
132.87,0,
132.88,0,
132.89,0,
132.90,0,
132.91,0,
132.92,0,
132.93,0,
132.94,0,
132.95,0,
132.96,0,
132.97,0,
132.98,0,
132.99,0,
133.00,0,
133.01,0,
133.02,0,
133.03,0,
133.04,0,
133.05,0,
133.06,0,
133.07,0,
133.08,0,
133.09,0,
133.10,0,
133.11,0,
133.12,0,
133.13,0,
133.14,0,
133.15,0,
133.16,0,
133.17,0,
133.18,0,
133.19,0,
133.20,0,
133.21,0,
133.22,0,
133.23,0,
133.24,0,
133.25,0,
133.26,0,
133.27,0,
133.28,0,
133.29,0,
133.30,0,
133.31,0,
133.32,0,
133.33,0,
133.34,0,
133.35,0,
133.36,0,
133.37,0,
133.38,0,
133.39,0,
133.40,0,
133.41,0,
133.42,0,
133.43,0,
133.44,0,
133.45,0,
133.46,0,
133.47,0,
133.48,0,
133.49,1,0.180
133.50,1,0.172
133.51,1,0.168
133.52,1,0.171
133.53,1,0.175
133.54,1,0.168
133.55,1,0.158
133.56,1,0.146
133.57,1,0.139
133.58,1,0.120
133.59,1,0.117
133.60,1,0.113
133.61,1,0.109
133.62,1,0.114
133.63,1,0.138
133.64,1,0.173
133.65,1,0.203
133.66,1,0.230
133.67,1,0.254
133.68,1,0.245
133.69,1,0.229
133.70,1,0.200
133.71,1,0.167
133.72,1,0.145
133.73,1,0.133
133.74,0,
133.75,0,
133.76,0,
133.77,0,
133.78,0,
133.79,0,
133.80,0,
133.81,0,
133.82,0,
133.83,0,
133.84,0,
133.85,0,
133.86,0,
133.87,0,
133.88,0,
133.89,0,
133.90,0,
133.91,0,
133.92,0,
133.93,0,
133.94,0,
133.95,0,
133.96,0,
133.97,0,
133.98,0,
133.99,0,
134.00,0,
134.01,0,
134.02,0,
134.03,0,
134.04,0,
134.05,0,
134.06,0,
134.07,0,
134.08,0,
134.09,0,
134.10,0,
134.11,0,
134.12,0,
134.13,0,
134.14,0,
134.15,0,
134.16,0,
134.17,0,
134.18,0,
134.19,0,
134.20,0,
134.21,0,
134.22,0,
134.23,0,
134.24,0,
134.25,0,
134.26,0,
134.27,0,
134.28,0,
134.29,0,
134.30,0,
134.31,0,
134.32,0,
134.33,0,
134.34,0,
134.35,0,
134.36,0,
134.37,0,
134.38,0,
134.39,0,
134.40,0,
134.41,0,
134.42,0,
134.43,0,
134.44,0,
134.45,0,
134.46,0,
134.47,0,
134.48,0,
134.49,0,
134.50,0,
134.51,0,
134.52,0,
134.53,0,
134.54,0,
134.55,0,
134.56,0,
134.57,0,
134.58,0,
134.59,0,
134.60,0,
134.61,0,
134.62,0,
134.63,0,
134.64,0,
134.65,0,
134.66,0,
134.67,0,
134.68,0,
134.69,0,
134.70,0,
134.71,0,
134.72,0,
134.73,0,
134.74,0,
134.75,0,
134.76,0,
134.77,0,
134.78,0,
134.79,0,
134.80,0,
134.81,0,
134.82,0,
134.83,0,
134.84,0,
134.85,0,
134.86,0,
134.87,0,
134.88,0,
134.89,0,
134.90,0,
134.91,0,
134.92,0,
134.93,0,
134.94,0,
134.95,0,
134.96,0,
134.97,0,
134.98,0,
134.99,0,
135.00,0,
135.01,0,
135.02,0,
135.03,0,
135.04,0,
135.05,0,
135.06,0,
135.07,0,
135.08,0,
135.09,0,
135.10,0,
135.11,0,
135.12,0,
135.13,0,
135.14,0,
135.15,0,
135.16,0,
135.17,0,
135.18,0,
135.19,0,
135.20,0,
135.21,0,
135.22,0,
135.23,0,
135.24,0,
135.25,0,
135.26,0,
135.27,0,
135.28,0,
135.29,0,
135.30,0,
135.31,0,
135.32,0,
135.33,0,
135.34,0,
135.35,0,
135.36,0,
135.37,0,
135.38,0,
135.39,0,
135.40,0,
135.41,0,
135.42,0,
135.43,0,
135.44,0,
135.45,0,
135.46,0,
135.47,0,
135.48,0,
135.49,0,
135.50,0,
135.51,0,
135.52,0,
135.53,0,
135.54,0,
135.55,0,
135.56,0,
135.57,0,
135.58,0,
135.59,0,
135.60,0,
135.61,0,
135.62,0,
135.63,0,
135.64,0,
135.65,0,
135.66,0,
135.67,0,
135.68,0,
135.69,0,
135.70,0,
135.71,0,
135.72,0,
135.73,0,
135.74,0,
135.75,0,
135.76,0,
135.77,0,
135.78,0,
135.79,0,
135.80,0,
135.81,0,
135.82,0,
135.83,0,
135.84,0,
135.85,0,
135.86,0,
135.87,0,
135.88,0,
135.89,0,
135.90,0,
135.91,0,
135.92,0,
135.93,0,
135.94,0,
135.95,0,
135.96,0,
135.97,0,
135.98,0,
135.99,0,
136.00,0,
136.01,0,
136.02,0,
136.03,0,
136.04,0,
136.05,0,
136.06,0,
136.07,0,
136.08,0,
136.09,0,
136.10,0,
136.11,0,
136.12,0,
136.13,0,
136.14,0,
136.15,0,
136.16,0,
136.17,0,
136.18,0,
136.19,0,
136.20,0,
136.21,0,
136.22,0,
136.23,0,
136.24,0,
136.25,0,
136.26,0,
136.27,0,
136.28,0,
136.29,0,
136.30,0,
136.31,0,
136.32,0,
136.33,0,
136.34,0,
136.35,0,
136.36,0,
136.37,0,
136.38,0,
136.39,0,
136.40,0,
136.41,0,
136.42,0,
136.43,0,
136.44,0,
136.45,0,
136.46,0,
136.47,0,
136.48,0,
136.49,0,
136.50,0,
136.51,0,
136.52,0,
136.53,0,
136.54,0,
136.55,0,
136.56,0,
136.57,0,
136.58,0,
136.59,0,
136.60,0,
136.61,0,
136.62,0,
136.63,0,
136.64,0,
136.65,0,
136.66,0,
136.67,0,
136.68,0,
136.69,0,
136.70,0,
136.71,0,
136.72,0,
136.73,0,
136.74,0,
136.75,0,
136.76,0,
136.77,0,
136.78,0,
136.79,0,
136.80,0,
136.81,0,
136.82,0,
136.83,0,
136.84,0,
136.85,0,
136.86,0,
136.87,0,
136.88,0,
136.89,0,
136.90,0,
136.91,0,
136.92,0,
136.93,0,
136.94,0,
136.95,0,
136.96,0,
136.97,0,
136.98,0,
136.99,0,
137.00,0,
137.01,0,
137.02,0,
137.03,0,
137.04,0,
137.05,0,
137.06,0,
137.07,0,
137.08,0,
137.09,0,
137.10,0,
137.11,0,
137.12,0,
137.13,0,
137.14,0,
137.15,0,
137.16,0,
137.17,0,
137.18,0,
137.19,0,
137.20,0,
137.21,0,
137.22,0,
137.23,0,
137.24,0,
137.25,0,
137.26,0,
137.27,0,
137.28,0,
137.29,0,
137.30,0,
137.31,0,
137.32,0,
137.33,0,
137.34,0,
137.35,0,
137.36,0,
137.37,0,
137.38,0,
137.39,0,
137.40,0,
137.41,0,
137.42,0,
137.43,0,
137.44,0,
137.45,0,
137.46,0,
137.47,0,
137.48,0,
137.49,0,
137.50,0,
137.51,0,
137.52,0,
137.53,0,
137.54,0,
137.55,0,
137.56,0,
137.57,0,
137.58,0,
137.59,0,
137.60,0,
137.61,0,
137.62,0,
137.63,0,
137.64,0,
137.65,0,
137.66,0,
137.67,0,
137.68,0,
137.69,0,
137.70,0,
137.71,0,
137.72,0,
137.73,0,
137.74,0,
137.75,0,
137.76,0,
137.77,0,
137.78,0,
137.79,0,
137.80,0,
137.81,0,
137.82,0,
137.83,0,
137.84,0,
137.85,0,
137.86,0,
137.87,0,
137.88,0,
137.89,0,
137.90,0,
137.91,0,
137.92,0,
137.93,0,
137.94,0,
137.95,0,
137.96,0,
137.97,0,
137.98,0,
137.99,0,
138.00,0,
138.01,0,
138.02,0,
138.03,0,
138.04,0,
138.05,0,
138.06,0,
138.07,0,
138.08,0,
138.09,0,
138.10,0,
138.11,0,
138.12,0,
138.13,0,
138.14,0,
138.15,0,
138.16,0,
138.17,0,
138.18,0,
138.19,0,
138.20,0,
138.21,0,
138.22,0,
138.23,0,
138.24,0,
138.25,0,
138.26,0,
138.27,0,
138.28,0,
138.29,0,
138.30,0,
138.31,0,
138.32,0,
138.33,0,
138.34,0,
138.35,0,
138.36,0,
138.37,0,
138.38,0,
138.39,0,
138.40,0,
138.41,0,
138.42,0,
138.43,0,
138.44,0,
138.45,0,
138.46,0,
138.47,0,
138.48,0,
138.49,0,
138.50,0,
138.51,0,
138.52,0,
138.53,0,
138.54,0,
138.55,0,
138.56,0,
138.57,0,
138.58,0,
138.59,0,
138.60,0,
138.61,0,
138.62,0,
138.63,0,
138.64,0,
138.65,0,
138.66,0,
138.67,0,
138.68,0,
138.69,0,
138.70,0,
138.71,0,
138.72,0,
138.73,0,
138.74,0,
138.75,0,
138.76,0,
138.77,0,
138.78,0,
138.79,0,
138.80,0,
138.81,0,
138.82,0,
138.83,0,
138.84,0,
138.85,0,
138.86,0,
138.87,0,
138.88,0,
138.89,0,
138.90,0,
138.91,0,
138.92,0,
138.93,0,
138.94,0,
138.95,0,
138.96,0,
138.97,0,
138.98,0,
138.99,0,
139.00,0,
139.01,0,
139.02,0,
139.03,0,
139.04,0,
139.05,0,
139.06,0,
139.07,0,
139.08,0,
139.09,0,
139.10,0,
139.11,0,
139.12,0,
139.13,0,
139.14,0,
139.15,0,
139.16,0,
139.17,0,
139.18,0,
139.19,0,
139.20,0,
139.21,0,
139.22,0,
139.23,0,
139.24,0,
139.25,0,
139.26,0,
139.27,0,
139.28,0,
139.29,0,
139.30,0,
139.31,0,
139.32,0,
139.33,0,
139.34,0,
139.35,0,
139.36,0,
139.37,0,
139.38,0,
139.39,0,
139.40,0,
139.41,0,
139.42,0,
139.43,0,
139.44,0,
139.45,0,
139.46,0,
139.47,0,
139.48,0,
139.49,0,
139.50,0,
139.51,0,
139.52,0,
139.53,0,
139.54,0,
139.55,0,
139.56,0,
139.57,0,
139.58,0,
139.59,0,
139.60,0,
139.61,0,
139.62,0,
139.63,0,
139.64,0,
139.65,0,
139.66,0,
139.67,0,
139.68,0,
139.69,0,
139.70,0,
139.71,0,
139.72,0,
139.73,0,
139.74,0,
139.75,0,
139.76,0,
139.77,0,
139.78,0,
139.79,0,
139.80,0,
139.81,0,
139.82,0,
139.83,0,
139.84,0,
139.85,0,
139.86,0,
139.87,0,
139.88,0,
139.89,0,
139.90,0,
139.91,0,
139.92,0,
139.93,0,
139.94,0,
139.95,0,
139.96,0,
139.97,0,
139.98,0,
139.99,0,
140.00,0,
140.01,0,
140.02,0,
140.03,0,
140.04,0,
140.05,0,
140.06,0,
140.07,0,
140.08,0,
140.09,0,
140.10,0,
140.11,0,
140.12,0,
140.13,0,
140.14,0,
140.15,0,
140.16,0,
140.17,0,
140.18,0,
140.19,0,
140.20,0,
140.21,0,
140.22,0,
140.23,0,
140.24,0,
140.25,0,
140.26,0,
140.27,0,
140.28,0,
140.29,0,
140.30,0,
140.31,0,
140.32,0,
140.33,0,
140.34,0,
140.35,0,
140.36,0,
140.37,0,
140.38,0,
140.39,1,0.039
140.40,1,0.037
140.41,1,0.036
140.42,1,0.035
140.43,1,0.033
140.44,1,0.033
140.45,1,0.032
140.46,1,0.035
140.47,1,0.040
140.48,1,0.046
140.49,1,0.062
140.50,1,0.079
140.51,1,0.044
140.52,1,0.031
140.53,1,0.025
140.54,1,0.025
140.55,1,0.038
140.56,1,0.048
140.57,1,0.063
140.58,1,0.066
140.59,1,0.065
140.60,1,0.063
140.61,1,0.062
140.62,1,0.059
140.63,1,0.061
140.64,1,0.069
140.65,1,0.075
140.66,1,0.072
140.67,1,0.069
140.68,1,0.068
140.69,1,0.062
140.70,1,0.063
140.71,1,0.074
140.72,1,0.086
140.73,1,0.117
140.74,1,0.144
140.75,1,0.177
140.76,1,0.263
140.77,1,0.662
140.78,1,0.732
140.79,1,0.803
140.80,1,0.776
140.81,1,0.761
140.82,1,0.789
140.83,1,0.837
140.84,1,0.804
140.85,1,0.744
140.86,1,0.663
140.87,1,0.494
140.88,1,0.233
140.89,1,0.093
140.90,1,0.068
140.91,1,0.069
140.92,1,0.067
140.93,1,0.067
140.94,1,0.070
140.95,1,0.068
140.96,1,0.065
140.97,1,0.064
140.98,1,0.072
140.99,1,0.086
141.00,1,0.101
141.01,1,0.108
141.02,1,0.111
141.03,1,0.105
141.04,1,0.093
141.05,1,0.089
141.06,1,0.090
141.07,1,0.102
141.08,1,0.119
141.09,1,0.131
141.10,1,0.134
141.11,1,0.139
141.12,1,0.135
141.13,1,0.146
141.14,1,0.168
141.15,1,0.201
141.16,1,0.234
141.17,1,0.311
141.18,1,0.319
141.19,1,0.302
141.20,1,0.311
141.21,1,0.332
141.22,1,0.365
141.23,1,0.434
141.24,1,0.401
141.25,1,0.339
141.26,1,0.298
141.27,1,0.263
141.28,1,0.236
141.29,1,0.206
141.30,1,0.188
141.31,1,0.190
141.32,1,0.191
141.33,1,0.196
141.34,1,0.205
141.35,1,0.195
141.36,1,0.206
141.37,1,0.206
141.38,1,0.203
141.39,1,0.226
141.40,1,0.250
141.41,1,0.282
141.42,1,0.286
141.43,1,0.298
141.44,1,0.284
141.45,1,0.242
141.46,1,0.201
141.47,1,0.197
141.48,1,0.216
141.49,1,0.222
141.50,1,0.156
141.51,1,0.056
141.52,1,0.033
141.53,1,0.028
141.54,1,0.025
141.55,1,0.026
141.56,1,0.031
141.57,1,0.038
141.58,1,0.046
141.59,1,0.061
141.60,1,0.083
141.61,1,0.099
141.62,1,0.104
141.63,1,0.108
141.64,1,0.105
141.65,1,0.087
141.66,1,0.075
141.67,1,0.075
141.68,1,0.091
141.69,1,0.109
141.70,1,0.136
141.71,1,0.158
141.72,1,0.185
141.73,1,0.187
141.74,1,0.186
141.75,1,0.141
141.76,1,0.130
141.77,1,0.133
141.78,1,0.147
141.79,1,0.151
141.80,1,0.172
141.81,1,0.183
141.82,1,0.189
141.83,1,0.176
141.84,1,0.130
141.85,1,0.096
141.86,1,0.078
141.87,1,0.062
141.88,1,0.044
141.89,1,0.044
141.90,1,0.051
141.91,1,0.053
141.92,1,0.053
141.93,1,0.059
141.94,1,0.062
141.95,1,0.071
141.96,1,0.114
141.97,1,0.164
141.98,1,0.206
141.99,1,0.204
142.00,1,0.138
142.01,1,0.078
142.02,1,0.056
142.03,1,0.058
142.04,1,0.074
142.05,1,0.088
142.06,1,0.103
142.07,1,0.119
142.08,1,0.132
142.09,1,0.163
142.10,1,0.184
142.11,1,0.210
142.12,1,0.227
142.13,1,0.245
142.14,1,0.236
142.15,1,0.238
142.16,1,0.251
142.17,1,0.235
142.18,1,0.106
142.19,1,0.073
142.20,1,0.064
142.21,1,0.058
142.22,1,0.058
142.23,1,0.063
142.24,1,0.065
142.25,1,0.071
142.26,1,0.073
142.27,1,0.068
142.28,1,0.064
142.29,1,0.064
142.30,1,0.061
142.31,1,0.062
142.32,1,0.061
142.33,1,0.065
142.34,1,0.079
142.35,1,0.113
142.36,1,0.159
142.37,1,0.210
142.38,1,0.299
142.39,1,0.481
142.40,1,0.752
142.41,1,0.770
142.42,1,0.779
142.43,1,0.709
142.44,1,0.708
142.45,1,0.697
142.46,1,0.679
142.47,1,0.463
142.48,1,0.232
142.49,1,0.117
142.50,1,0.067
142.51,1,0.066
142.52,1,0.080
142.53,1,0.104
142.54,1,0.142
142.55,1,0.222
142.56,1,0.310
142.57,1,0.311
142.58,1,0.262
142.59,1,0.196
142.60,1,0.114
142.61,1,0.110
142.62,1,0.115
142.63,1,0.123
142.64,1,0.133
142.65,1,0.105
142.66,1,0.080
142.67,1,0.073
142.68,1,0.065
142.69,1,0.060
142.70,1,0.058
142.71,1,0.061
142.72,1,0.067
142.73,1,0.078
142.74,1,0.091
142.75,1,0.100
142.76,1,0.107
142.77,1,0.112
142.78,1,0.119
142.79,1,0.127
142.80,1,0.145
142.81,1,0.198
142.82,1,0.263
142.83,1,0.320
142.84,1,0.346
142.85,1,0.324
142.86,1,0.347
142.87,1,0.333
142.88,1,0.316
142.89,1,0.310
142.90,1,0.324
142.91,1,0.307
142.92,1,0.314
142.93,1,0.322
142.94,1,0.278
142.95,1,0.256
142.96,1,0.237
142.97,1,0.215
142.98,1,0.209
142.99,1,0.193
143.00,1,0.155
143.01,1,0.131
143.02,1,0.122
143.03,1,0.103
143.04,1,0.096
143.05,1,0.086
143.06,1,0.072
143.07,1,0.068
143.08,1,0.069
143.09,1,0.075
143.10,1,0.085
143.11,1,0.088
143.12,1,0.077
143.13,1,0.065
143.14,1,0.052
143.15,1,0.047
143.16,1,0.047
143.17,1,0.052
143.18,1,0.055
143.19,1,0.060
143.20,1,0.069
143.21,1,0.072
143.22,1,0.067
143.23,1,0.057
143.24,1,0.055
143.25,1,0.059
143.26,1,0.060
143.27,1,0.054
143.28,1,0.051
143.29,1,0.054
143.30,1,0.057
143.31,1,0.065
143.32,1,0.081
143.33,1,0.101
143.34,1,0.115
143.35,1,0.129
143.36,1,0.145
143.37,1,0.147
143.38,1,0.138
143.39,1,0.134
143.40,1,0.123
143.41,1,0.114
143.42,1,0.119
143.43,1,0.117
143.44,1,0.116
143.45,1,0.129
143.46,1,0.121
143.47,1,0.126
143.48,1,0.161
143.49,1,0.204
143.50,1,0.213
143.51,1,0.200
143.52,1,0.194
143.53,1,0.170
143.54,1,0.129
143.55,1,0.112
143.56,1,0.083
143.57,1,0.054
143.58,1,0.050
143.59,1,0.047
143.60,1,0.044
143.61,1,0.046
143.62,1,0.047
143.63,1,0.049
143.64,1,0.054
143.65,1,0.063
143.66,1,0.074
143.67,1,0.082
143.68,1,0.094
143.69,1,0.114
143.70,1,0.122
143.71,1,0.136
143.72,1,0.150
143.73,1,0.145
143.74,1,0.128
143.75,1,0.109
143.76,1,0.082
143.77,1,0.077
143.78,1,0.085
143.79,1,0.087
143.80,1,0.094
143.81,1,0.096
143.82,1,0.095
143.83,1,0.093
143.84,1,0.093
143.85,1,0.117
143.86,1,0.142
143.87,1,0.152
143.88,1,0.140
143.89,1,0.114
143.90,1,0.099
143.91,1,0.098
143.92,1,0.095
143.93,1,0.100
143.94,1,0.104
143.95,1,0.125
143.96,1,0.136
143.97,1,0.157
143.98,1,0.185
143.99,1,0.227
144.00,1,0.249
144.01,1,0.250
144.02,1,0.177
144.03,1,0.122
144.04,1,0.107
144.05,1,0.105
144.06,1,0.081
144.07,1,0.072
144.08,1,0.071
144.09,1,0.070
144.10,1,0.072
144.11,1,0.079
144.12,1,0.094
144.13,1,0.096
144.14,1,0.088
144.15,1,0.085
144.16,1,0.076
144.17,1,0.069
144.18,1,0.068
144.19,1,0.073
144.20,1,0.087
144.21,1,0.105
144.22,1,0.131
144.23,1,0.169
144.24,1,0.228
144.25,1,0.319
144.26,1,0.468
144.27,1,0.574
144.28,1,0.587
144.29,1,0.498
144.30,1,0.490
144.31,1,0.521
144.32,1,0.535
144.33,1,0.511
144.34,1,0.452
144.35,1,0.388
144.36,1,0.092
144.37,1,0.057
144.38,1,0.048
144.39,1,0.046
144.40,1,0.045
144.41,1,0.048
144.42,1,0.055
144.43,1,0.073
144.44,1,0.094
144.45,1,0.108
144.46,1,0.123
144.47,1,0.127
144.48,1,0.114
144.49,1,0.109
144.50,1,0.109
144.51,1,0.109
144.52,1,0.112
144.53,1,0.117
144.54,1,0.131
144.55,1,0.136
144.56,1,0.134
144.57,1,0.136
144.58,1,0.146
144.59,1,0.158
144.60,1,0.180
144.61,1,0.248
144.62,1,0.370
144.63,1,0.504
144.64,1,0.664
144.65,1,0.725
144.66,1,0.599
144.67,1,0.363
144.68,1,0.180
144.69,1,0.080
144.70,1,0.054
144.71,1,0.048
144.72,1,0.042
144.73,1,0.036
144.74,1,0.032
144.75,1,0.031
144.76,1,0.032
144.77,1,0.038
144.78,1,0.048
144.79,1,0.061
144.80,1,0.073
144.81,1,0.084
144.82,1,0.090
144.83,1,0.093
144.84,1,0.102
144.85,1,0.123
144.86,1,0.145
144.87,1,0.159
144.88,1,0.191
144.89,1,0.220
144.90,1,0.270
144.91,1,0.371
144.92,1,0.722
144.93,1,0.979
144.94,1,1.026
144.95,1,0.901
144.96,1,0.659
144.97,1,0.415
144.98,1,0.271
144.99,1,0.094
145.00,1,0.041
145.01,1,0.027
145.02,1,0.023
145.03,1,0.021
145.04,1,0.022
145.05,1,0.023
145.06,1,0.027
145.07,1,0.032
145.08,1,0.036
145.09,1,0.042
145.10,1,0.051
145.11,1,0.055
145.12,1,0.055
145.13,1,0.051
145.14,1,0.049
145.15,1,0.049
145.16,1,0.053
145.17,1,0.066
145.18,1,0.085
145.19,1,0.103
145.20,1,0.131
145.21,1,0.165
145.22,1,0.207
145.23,1,0.248
145.24,1,0.297
145.25,1,0.336
145.26,1,0.384
145.27,1,0.386
145.28,1,0.359
145.29,1,0.314
145.30,1,0.306
145.31,1,0.212
145.32,1,0.094
145.33,1,0.053
145.34,1,0.036
145.35,1,0.024
145.36,1,0.019
145.37,1,0.018
145.38,1,0.021
145.39,1,0.025
145.40,1,0.028
145.41,1,0.035
145.42,1,0.040
145.43,1,0.046
145.44,1,0.063
145.45,1,0.069
145.46,1,0.087
145.47,1,0.107
145.48,1,0.106
145.49,1,0.108
145.50,1,0.101
145.51,1,0.083
145.52,1,0.071
145.53,1,0.072
145.54,1,0.079
145.55,1,0.095
145.56,1,0.109
145.57,1,0.121
145.58,1,0.125
145.59,1,0.119
145.60,1,0.115
145.61,1,0.117
145.62,1,0.116
145.63,1,0.119
145.64,1,0.109
145.65,1,0.083
145.66,1,0.057
145.67,1,0.043
145.68,1,0.039
145.69,1,0.050
145.70,1,0.063
145.71,1,0.078
145.72,1,0.100
145.73,1,0.121
145.74,1,0.189
145.75,1,0.352
145.76,1,0.396
145.77,1,0.154
145.78,1,0.084
145.79,1,0.067
145.80,1,0.054
145.81,1,0.046
145.82,1,0.049
145.83,1,0.062
145.84,1,0.076
145.85,1,0.092
145.86,1,0.099
145.87,1,0.104
145.88,1,0.112
145.89,1,0.111
145.90,1,0.105
145.91,1,0.102
145.92,1,0.088
145.93,1,0.062
145.94,1,0.054
145.95,1,0.074
145.96,1,0.101
145.97,1,0.119
145.98,1,0.155
145.99,1,0.195
146.00,1,0.218
146.01,1,0.271
146.02,1,0.477
146.03,1,0.478
146.04,1,0.451
146.05,1,0.389
146.06,1,0.272
146.07,1,0.162
146.08,1,0.121
146.09,1,0.096
146.10,1,0.080
146.11,1,0.052
146.12,1,0.039
146.13,1,0.032
146.14,1,0.025
146.15,1,0.023
146.16,1,0.025
146.17,1,0.031
146.18,1,0.034
146.19,1,0.036
146.20,1,0.039
146.21,1,0.040
146.22,1,0.040
146.23,1,0.046
146.24,1,0.059
146.25,1,0.053
146.26,1,0.047
146.27,1,0.047
146.28,1,0.046
146.29,1,0.054
146.30,1,0.062
146.31,1,0.067
146.32,1,0.080
146.33,1,0.096
146.34,1,0.101
146.35,1,0.118
146.36,1,0.141
146.37,1,0.157
146.38,1,0.192
146.39,1,0.265
146.40,1,0.259
146.41,1,0.112
146.42,1,0.066
146.43,1,0.057
146.44,1,0.055
146.45,1,0.056
146.46,1,0.059
146.47,1,0.061
146.48,1,0.063
146.49,1,0.070
146.50,1,0.076
146.51,1,0.083
146.52,1,0.090
146.53,1,0.092
146.54,1,0.100
146.55,1,0.109
146.56,1,0.115
146.57,1,0.119
146.58,1,0.118
146.59,1,0.114
146.60,1,0.107
146.61,1,0.099
146.62,1,0.094
146.63,1,0.098
146.64,1,0.100
146.65,1,0.092
146.66,1,0.090
146.67,1,0.089
146.68,1,0.082
146.69,1,0.072
146.70,1,0.065
146.71,1,0.050
146.72,1,0.036
146.73,1,0.041
146.74,1,0.045
146.75,1,0.047
146.76,1,0.045
146.77,1,0.048
146.78,1,0.053
146.79,1,0.056
146.80,1,0.058
146.81,1,0.063
146.82,1,0.063
146.83,1,0.062
146.84,1,0.060
146.85,1,0.057
146.86,1,0.054
146.87,1,0.058
146.88,1,0.067
146.89,1,0.080
146.90,1,0.093
146.91,1,0.101
146.92,1,0.099
146.93,1,0.095
146.94,1,0.090
146.95,1,0.076
146.96,1,0.067
146.97,1,0.060
146.98,1,0.056
146.99,1,0.048
147.00,1,0.041
147.01,1,0.071
147.02,1,0.115
147.03,1,0.139
147.04,1,0.150
147.05,1,0.128
147.06,1,0.080
147.07,1,0.071
147.08,1,0.081
147.09,1,0.098
147.10,1,0.116
147.11,1,0.140
147.12,1,0.169
147.13,1,0.195
147.14,1,0.216
147.15,1,0.251
147.16,1,0.279
147.17,1,0.280
147.18,1,0.118
147.19,1,0.102
147.20,1,0.097
147.21,1,0.107
147.22,1,0.091
147.23,1,0.083
147.24,1,0.079
147.25,1,0.066
147.26,1,0.055
147.27,1,0.048
147.28,1,0.035
147.29,1,0.030
147.30,1,0.032
147.31,1,0.032
147.32,1,0.032
147.33,1,0.031
147.34,1,0.029
147.35,1,0.031
147.36,1,0.044
147.37,1,0.058
147.38,1,0.081
147.39,1,0.138
147.40,1,0.277
147.41,1,0.284
147.42,1,0.271
147.43,1,0.294
147.44,1,0.268
147.45,1,0.277
147.46,1,0.292
147.47,1,0.271
147.48,1,0.246
147.49,1,0.215
147.50,1,0.165
147.51,1,0.089
147.52,1,0.038
147.53,1,0.040
147.54,1,0.045
147.55,1,0.050
147.56,1,0.054
147.57,1,0.059
147.58,1,0.061
147.59,1,0.064
147.60,1,0.070
147.61,1,0.075
147.62,1,0.091
147.63,1,0.117
147.64,1,0.128
147.65,1,0.130
147.66,1,0.135
147.67,1,0.139
147.68,1,0.135
147.69,1,0.144
147.70,1,0.169
147.71,1,0.175
147.72,1,0.183
147.73,1,0.294
147.74,1,0.472
147.75,1,0.527
147.76,1,0.715
147.77,1,0.860
147.78,1,0.826
147.79,1,0.501
147.80,1,0.394
147.81,1,0.293
147.82,1,0.160
147.83,1,0.097
147.84,1,0.063
147.85,1,0.054
147.86,1,0.052
147.87,1,0.056
147.88,1,0.063
147.89,1,0.071
147.90,1,0.072
147.91,1,0.073
147.92,1,0.068
147.93,1,0.061
147.94,1,0.056
147.95,1,0.061
147.96,1,0.060
147.97,1,0.057
147.98,1,0.059
147.99,1,0.064
148.00,1,0.059
148.01,1,0.061
148.02,1,0.065
148.03,1,0.064
148.04,1,0.059
148.05,1,0.057
148.06,1,0.055
148.07,1,0.054
148.08,1,0.055
148.09,1,0.056
148.10,1,0.059
148.11,1,0.062
148.12,1,0.062
148.13,1,0.062
148.14,1,0.062
148.15,1,0.060
148.16,1,0.064
148.17,1,0.076
148.18,1,0.096
148.19,1,0.125
148.20,1,0.166
148.21,1,0.200
148.22,1,0.241
148.23,1,0.308
148.24,1,0.503
148.25,1,0.632
148.26,1,0.761
148.27,1,0.681
148.28,1,0.601
148.29,1,0.443
148.30,1,0.177
148.31,1,0.095
148.32,1,0.071
148.33,1,0.062
148.34,1,0.054
148.35,1,0.052
148.36,1,0.052
148.37,1,0.051
148.38,1,0.052
148.39,1,0.070
148.40,1,0.097
148.41,1,0.108
148.42,1,0.114
148.43,1,0.126
148.44,1,0.122
148.45,1,0.106
148.46,1,0.098
148.47,1,0.098
148.48,1,0.101
148.49,1,0.112
148.50,1,0.130
148.51,1,0.140
148.52,1,0.143
148.53,1,0.138
148.54,1,0.128
148.55,1,0.114
148.56,1,0.106
148.57,1,0.099
148.58,1,0.093
148.59,1,0.092
148.60,1,0.090
148.61,1,0.087
148.62,1,0.088
148.63,1,0.090
148.64,1,0.096
148.65,1,0.102
148.66,1,0.111
148.67,1,0.119
148.68,1,0.123
148.69,1,0.128
148.70,1,0.127
148.71,1,0.135
148.72,1,0.146
148.73,1,0.159
148.74,1,0.168
148.75,1,0.170
148.76,1,0.157
148.77,1,0.132
148.78,1,0.102
148.79,1,0.084
148.80,1,0.063
148.81,1,0.048
148.82,1,0.041
148.83,1,0.038
148.84,1,0.042
148.85,1,0.046
148.86,1,0.054
148.87,1,0.063
148.88,1,0.063
148.89,1,0.062
148.90,1,0.062
148.91,1,0.058
148.92,1,0.055
148.93,1,0.053
148.94,1,0.049
148.95,1,0.046
148.96,1,0.046
148.97,1,0.049
148.98,1,0.055
148.99,1,0.068
149.00,1,0.094
149.01,1,0.131
149.02,1,0.215
149.03,1,0.473
149.04,1,0.736
149.05,1,0.921
149.06,1,0.974
149.07,1,0.304
149.08,1,0.117
149.09,1,0.088
149.10,1,0.085
149.11,1,0.074
149.12,1,0.067
149.13,1,0.065
149.14,1,0.059
149.15,1,0.053
149.16,1,0.063
149.17,1,0.072
149.18,1,0.086
149.19,1,0.096
149.20,1,0.103
149.21,1,0.101
149.22,1,0.095
149.23,1,0.084
149.24,1,0.074
149.25,1,0.068
149.26,1,0.078
149.27,1,0.095
149.28,1,0.115
149.29,1,0.130
149.30,1,0.137
149.31,1,0.144
149.32,1,0.151
149.33,1,0.150
149.34,1,0.161
149.35,1,0.172
149.36,1,0.179
149.37,1,0.181
149.38,1,0.180
149.39,1,0.166
149.40,1,0.145
149.41,1,0.136
149.42,1,0.134
149.43,1,0.131
149.44,1,0.132
149.45,1,0.135
149.46,1,0.124
149.47,1,0.118
149.48,1,0.118
149.49,1,0.118
149.50,1,0.119
149.51,1,0.128
149.52,1,0.144
149.53,1,0.164
149.54,1,0.186
149.55,1,0.211
149.56,1,0.214
149.57,1,0.199
149.58,1,0.190
149.59,1,0.138
149.60,1,0.111
149.61,1,0.087
149.62,1,0.076
149.63,1,0.072
149.64,1,0.073
149.65,1,0.069
149.66,1,0.067
149.67,1,0.068
149.68,1,0.067
149.69,1,0.066
149.70,1,0.069
149.71,1,0.069
149.72,1,0.065
149.73,1,0.061
149.74,1,0.060
149.75,1,0.062
149.76,1,0.065
149.77,1,0.071
149.78,1,0.077
149.79,1,0.079
149.80,1,0.079
149.81,1,0.080
149.82,1,0.082
149.83,1,0.087
149.84,1,0.093
149.85,1,0.116
149.86,1,0.144
149.87,1,0.159
149.88,1,0.121
149.89,1,0.095
149.90,1,0.068
149.91,1,0.055
149.92,1,0.048
149.93,1,0.048
149.94,1,0.051
149.95,1,0.058
149.96,1,0.071
149.97,1,0.090
149.98,1,0.107
149.99,1,0.122
150.00,1,0.131
150.01,1,0.140
150.02,1,0.130
150.03,1,0.126
150.04,1,0.122
150.05,1,0.112
150.06,1,0.102
150.07,1,0.110
150.08,1,0.105
150.09,1,0.097
150.10,1,0.095
150.11,1,0.094
150.12,1,0.097
150.13,1,0.116
150.14,1,0.135
150.15,1,0.159
150.16,1,0.176
150.17,1,0.186
150.18,1,0.184
150.19,1,0.180
150.20,1,0.165
150.21,1,0.148
150.22,1,0.129
150.23,1,0.121
150.24,1,0.116
150.25,1,0.116
150.26,1,0.119
150.27,1,0.124
150.28,1,0.128
150.29,1,0.124
150.30,1,0.125
150.31,1,0.129
150.32,1,0.154
150.33,1,0.188
150.34,1,0.252
150.35,1,0.292
150.36,1,0.194
150.37,1,0.127
150.38,1,0.096
150.39,1,0.082
150.40,1,0.073
150.41,1,0.063
150.42,1,0.059
150.43,1,0.061
150.44,1,0.072
150.45,1,0.082
150.46,1,0.090
150.47,1,0.108
150.48,1,0.108
150.49,1,0.115
150.50,1,0.118
150.51,1,0.112
150.52,1,0.105
150.53,1,0.104
150.54,1,0.092
150.55,1,0.090
150.56,1,0.090
150.57,1,0.088
150.58,1,0.100
150.59,1,0.109
150.60,1,0.113
150.61,1,0.113
150.62,1,0.111
150.63,1,0.107
150.64,1,0.112
150.65,1,0.118
150.66,1,0.123
150.67,1,0.122
150.68,1,0.109
150.69,1,0.095
150.70,1,0.084
150.71,1,0.073
150.72,1,0.066
150.73,1,0.070
150.74,1,0.082
150.75,1,0.097
150.76,1,0.109
150.77,1,0.120
150.78,1,0.123
150.79,1,0.130
150.80,1,0.139
150.81,1,0.153
150.82,1,0.165
150.83,1,0.172
150.84,1,0.171
150.85,1,0.163
150.86,1,0.156
150.87,1,0.148
150.88,1,0.138
150.89,1,0.123
150.90,1,0.107
150.91,1,0.098
150.92,1,0.104
150.93,1,0.126
150.94,1,0.154
150.95,1,0.183
150.96,1,0.198
150.97,1,0.189
150.98,1,0.170
150.99,1,0.149
151.00,1,0.124
151.01,1,0.113
151.02,1,0.120
151.03,1,0.123
151.04,1,0.117
151.05,1,0.111
151.06,1,0.114
151.07,1,0.127
151.08,1,0.144
151.09,1,0.164
151.10,1,0.171
151.11,1,0.159
151.12,1,0.143
151.13,1,0.128
151.14,1,0.126
151.15,1,0.134
151.16,1,0.140
151.17,1,0.146
151.18,1,0.151
151.19,1,0.154
151.20,1,0.169
151.21,1,0.192
151.22,1,0.211
151.23,1,0.225
151.24,1,0.236
151.25,1,0.241
151.26,1,0.240
151.27,1,0.234
151.28,1,0.228
151.29,1,0.206
151.30,1,0.179
151.31,1,0.146
151.32,1,0.124
151.33,1,0.116
151.34,1,0.115
151.35,1,0.115
151.36,1,0.120
151.37,1,0.125
151.38,1,0.120
151.39,1,0.119
151.40,1,0.113
151.41,1,0.103
151.42,1,0.098
151.43,1,0.099
151.44,1,0.105
151.45,1,0.113
151.46,1,0.122
151.47,1,0.128
151.48,1,0.124
151.49,1,0.114
151.50,1,0.105
151.51,1,0.092
151.52,1,0.081
151.53,1,0.079
151.54,1,0.078
151.55,1,0.079
151.56,1,0.086
151.57,1,0.093
151.58,1,0.097
151.59,1,0.105
151.60,1,0.109
151.61,1,0.110
151.62,1,0.111
151.63,1,0.117
151.64,1,0.123
151.65,1,0.133
151.66,1,0.135
151.67,1,0.127
151.68,1,0.113
151.69,1,0.099
151.70,1,0.090
151.71,1,0.088
151.72,1,0.093
151.73,1,0.100
151.74,1,0.107
151.75,1,0.108
151.76,1,0.103
151.77,1,0.096
151.78,1,0.084
151.79,1,0.078
151.80,1,0.084
151.81,1,0.094
151.82,1,0.107
151.83,1,0.127
151.84,1,0.151
151.85,1,0.167
151.86,1,0.173
151.87,1,0.172
151.88,1,0.160
151.89,1,0.141
151.90,1,0.124
151.91,1,0.111
151.92,1,0.103
151.93,1,0.105
151.94,1,0.117
151.95,1,0.129
151.96,1,0.138
151.97,1,0.146
151.98,1,0.144
151.99,1,0.132
152.00,1,0.122
152.01,1,0.113
152.02,1,0.111
152.03,1,0.113
152.04,1,0.113
152.05,1,0.114
152.06,1,0.111
152.07,1,0.102
152.08,1,0.092
152.09,1,0.084
152.10,1,0.078
152.11,1,0.079
152.12,1,0.088
152.13,1,0.100
152.14,1,0.109
152.15,1,0.114
152.16,1,0.112
152.17,1,0.110
152.18,1,0.119
152.19,1,0.124
152.20,1,0.124
152.21,1,0.128
152.22,1,0.128
152.23,1,0.125
152.24,1,0.128
152.25,1,0.131
152.26,1,0.129
152.27,1,0.122
152.28,1,0.110
152.29,1,0.100
152.30,1,0.094
152.31,1,0.097
152.32,1,0.102
152.33,1,0.111
152.34,1,0.114
152.35,1,0.112
152.36,1,0.112
152.37,1,0.110
152.38,1,0.101
152.39,1,0.100
152.40,1,0.101
152.41,1,0.094
152.42,1,0.094
152.43,1,0.106
152.44,1,0.116
152.45,1,0.123
152.46,1,0.135
152.47,1,0.140
152.48,1,0.133
152.49,1,0.130
152.50,1,0.131
152.51,1,0.130
152.52,1,0.128
152.53,1,0.124
152.54,1,0.117
152.55,1,0.109
152.56,1,0.103
152.57,1,0.103
152.58,1,0.111
152.59,1,0.117
152.60,1,0.115
152.61,1,0.109
152.62,1,0.103
152.63,1,0.094
152.64,1,0.087
152.65,1,0.085
152.66,1,0.087
152.67,1,0.090
152.68,1,0.094
152.69,1,0.097
152.70,1,0.101
152.71,1,0.100
152.72,1,0.095
152.73,1,0.090
152.74,1,0.086
152.75,1,0.084
152.76,1,0.085
152.77,1,0.094
152.78,1,0.104
152.79,1,0.120
152.80,1,0.132
152.81,1,0.147
152.82,1,0.164
152.83,1,0.187
152.84,1,0.202
152.85,1,0.225
152.86,1,0.242
152.87,1,0.228
152.88,1,0.250
152.89,1,0.307
152.90,1,0.516
152.91,1,0.584
152.92,1,0.631
152.93,1,0.684
152.94,1,0.719
152.95,1,0.752
152.96,1,0.779
152.97,1,0.770
152.98,1,0.751
152.99,1,0.642
153.00,1,0.556
153.01,1,0.490
153.02,1,0.474
153.03,1,0.481
153.04,1,0.527
153.05,1,0.543
153.06,1,0.522
153.07,1,0.506
153.08,1,0.506
153.09,1,0.502
153.10,1,0.474
153.11,1,0.415
153.12,1,0.353
153.13,1,0.299
153.14,1,0.269
153.15,1,0.269
153.16,1,0.282
153.17,1,0.287
153.18,1,0.262
153.19,1,0.237
153.20,1,0.211
153.21,1,0.199
153.22,1,0.197
153.23,1,0.211
153.24,1,0.233
153.25,1,0.245
153.26,1,0.244
153.27,1,0.259
153.28,1,0.312
153.29,1,0.369
153.30,1,0.439
153.31,1,0.475
153.32,1,0.508
153.33,1,0.507
153.34,1,0.471
153.35,1,0.435
153.36,1,0.368
153.37,1,0.292
153.38,1,0.254
153.39,1,0.227
153.40,1,0.232
153.41,1,0.227
153.42,1,0.228
153.43,1,0.228
153.44,1,0.242
153.45,1,0.256
153.46,1,0.291
153.47,1,0.290
153.48,1,0.309
153.49,1,0.313
153.50,1,0.316
153.51,1,0.304
153.52,1,0.311
153.53,1,0.284
153.54,1,0.279
153.55,1,0.287
153.56,1,0.293
153.57,1,0.302
153.58,1,0.292
153.59,1,0.255
153.60,1,0.237
153.61,1,0.221
153.62,1,0.226
153.63,1,0.245
153.64,1,0.272
153.65,1,0.290
153.66,1,0.299
153.67,1,0.285
153.68,1,0.270
153.69,1,0.259
153.70,1,0.246
153.71,1,0.253
153.72,1,0.299
153.73,1,0.302
153.74,1,0.286
153.75,1,0.303
153.76,1,0.298
153.77,1,0.270
153.78,1,0.272
153.79,1,0.279
153.80,1,0.256
153.81,1,0.256
153.82,1,0.255
153.83,1,0.251
153.84,1,0.245
153.85,1,0.246
153.86,1,0.262
153.87,1,0.281
153.88,1,0.301
153.89,1,0.337
153.90,1,0.351
153.91,1,0.363
153.92,1,0.387
153.93,1,0.385
153.94,1,0.379
153.95,1,0.407
153.96,1,0.422
153.97,1,0.400
153.98,1,0.400
153.99,1,0.381
154.00,1,0.354
154.01,1,0.329
154.02,1,0.292
154.03,1,0.267
154.04,1,0.241
154.05,1,0.238
154.06,1,0.260
154.07,1,0.291
154.08,1,0.354
154.09,1,0.399
154.10,1,0.433
154.11,1,0.402
154.12,1,0.195
154.13,1,0.098
154.14,1,0.061
154.15,1,0.046
154.16,1,0.036
154.17,1,0.032
154.18,1,0.036
154.19,1,0.039
154.20,1,0.042
154.21,1,0.044
154.22,1,0.045
154.23,1,0.041
154.24,1,0.038
154.25,1,0.039
154.26,1,0.047
154.27,1,0.052
154.28,1,0.055
154.29,1,0.055
154.30,1,0.049
154.31,1,0.047
154.32,1,0.047
154.33,1,0.049
154.34,1,0.051
154.35,1,0.051
154.36,1,0.042
154.37,1,0.034
154.38,1,0.034
154.39,1,0.034
154.40,1,0.035
154.41,1,0.043
154.42,1,0.054
154.43,1,0.064
154.44,1,0.070
154.45,1,0.080
154.46,1,0.088
154.47,1,0.094
154.48,1,0.097
154.49,1,0.094
154.50,1,0.083
154.51,1,0.070
154.52,1,0.059
154.53,1,0.053
154.54,1,0.054
154.55,1,0.060
154.56,1,0.064
154.57,1,0.062
154.58,1,0.060
154.59,1,0.059
154.60,1,0.057
154.61,1,0.052
154.62,1,0.052
154.63,1,0.059
154.64,1,0.065
154.65,1,0.071
154.66,1,0.076
154.67,1,0.084
154.68,1,0.088
154.69,1,0.099
154.70,1,0.140
154.71,1,0.293
154.72,1,0.347
154.73,1,0.397
154.74,1,0.370
154.75,1,0.396
154.76,1,0.210
154.77,1,0.120
154.78,1,0.087
154.79,1,0.065
154.80,1,0.051
154.81,1,0.046
154.82,1,0.045
154.83,1,0.042
154.84,1,0.042
154.85,1,0.042
154.86,1,0.047
154.87,1,0.054
154.88,1,0.070
154.89,1,0.077
154.90,1,0.084
154.91,1,0.084
154.92,1,0.087
154.93,1,0.086
154.94,1,0.093
154.95,1,0.097
154.96,1,0.099
154.97,1,0.096
154.98,1,0.092
154.99,1,0.092
155.00,1,0.092
155.01,1,0.087
155.02,1,0.085
155.03,1,0.078
155.04,1,0.070
155.05,1,0.064
155.06,1,0.064
155.07,1,0.065
155.08,1,0.066
155.09,1,0.074
155.10,1,0.090
155.11,1,0.102
155.12,1,0.106
155.13,1,0.109
155.14,1,0.102
155.15,1,0.086
155.16,1,0.081
155.17,1,0.083
155.18,1,0.085
155.19,1,0.093
155.20,1,0.095
155.21,1,0.091
155.22,1,0.088
155.23,1,0.078
155.24,1,0.067
155.25,1,0.056
155.26,1,0.057
155.27,1,0.061
155.28,1,0.067
155.29,1,0.071
155.30,1,0.076
155.31,1,0.077
155.32,1,0.081
155.33,1,0.082
155.34,1,0.089
155.35,1,0.088
155.36,1,0.082
155.37,1,0.078
155.38,1,0.076
155.39,1,0.072
155.40,1,0.078
155.41,1,0.083
155.42,1,0.086
155.43,1,0.083
155.44,1,0.078
155.45,1,0.064
155.46,1,0.055
155.47,1,0.048
155.48,1,0.046
155.49,1,0.048
155.50,1,0.050
155.51,1,0.056
155.52,1,0.066
155.53,1,0.080
155.54,1,0.088
155.55,1,0.093
155.56,1,0.094
155.57,1,0.090
155.58,1,0.080
155.59,1,0.076
155.60,1,0.070
155.61,1,0.072
155.62,1,0.068
155.63,1,0.066
155.64,1,0.067
155.65,1,0.067
155.66,1,0.069
155.67,1,0.076
155.68,1,0.101
155.69,1,0.133
155.70,1,0.179
155.71,1,0.297
155.72,1,0.298
155.73,1,0.122
155.74,1,0.099
155.75,1,0.076
155.76,1,0.065
155.77,1,0.058
155.78,1,0.063
155.79,1,0.069
155.80,1,0.083
155.81,1,0.091
155.82,1,0.095
155.83,1,0.095
155.84,1,0.097
155.85,1,0.109
155.86,1,0.128
155.87,1,0.153
155.88,1,0.181
155.89,1,0.163
155.90,1,0.122
155.91,1,0.097
155.92,1,0.095
155.93,1,0.103
155.94,1,0.114
155.95,1,0.128
155.96,1,0.132
155.97,1,0.126
155.98,1,0.109
155.99,1,0.101
156.00,1,0.096
156.01,1,0.093
156.02,1,0.099
156.03,1,0.115
156.04,1,0.126
156.05,1,0.154
156.06,1,0.175
156.07,1,0.194
156.08,1,0.203
156.09,1,0.203
156.10,1,0.171
156.11,1,0.163
156.12,1,0.163
156.13,1,0.183
156.14,1,0.225
156.15,1,0.234
156.16,1,0.256
156.17,1,0.269
156.18,1,0.262
156.19,1,0.268
156.20,1,0.192
156.21,1,0.142
156.22,1,0.109
156.23,1,0.095
156.24,1,0.081
156.25,1,0.073
156.26,1,0.070
156.27,1,0.077
156.28,1,0.091
156.29,1,0.105
156.30,1,0.113
156.31,1,0.120
156.32,1,0.116
156.33,1,0.114
156.34,1,0.116
156.35,1,0.108
156.36,1,0.098
156.37,1,0.091
156.38,1,0.083
156.39,1,0.081
156.40,1,0.077
156.41,1,0.086
156.42,1,0.091
156.43,1,0.097
156.44,1,0.107
156.45,1,0.111
156.46,1,0.112
156.47,1,0.125
156.48,1,0.116
156.49,1,0.104
156.50,1,0.103
156.51,1,0.106
156.52,1,0.098
156.53,1,0.102
156.54,1,0.096
156.55,1,0.089
156.56,1,0.077
156.57,1,0.077
156.58,1,0.092
156.59,1,0.108
156.60,1,0.117
156.61,1,0.121
156.62,1,0.115
156.63,1,0.108
156.64,1,0.100
156.65,1,0.105
156.66,1,0.102
156.67,1,0.112
156.68,1,0.111
156.69,1,0.109
156.70,1,0.104
156.71,1,0.101
156.72,1,0.101
156.73,1,0.106
156.74,1,0.123
156.75,1,0.168
156.76,1,0.300
156.77,1,0.405
156.78,1,0.414
156.79,1,0.375
156.80,1,0.357
156.81,1,0.237
156.82,1,0.097
156.83,1,0.064
156.84,1,0.067
156.85,1,0.075
156.86,1,0.078
156.87,1,0.084
156.88,1,0.089
156.89,1,0.097
156.90,1,0.107
156.91,1,0.117
156.92,1,0.116
156.93,1,0.127
156.94,1,0.140
156.95,1,0.148
156.96,1,0.167
156.97,1,0.184
156.98,1,0.184
156.99,1,0.159
157.00,1,0.146
157.01,1,0.128
157.02,1,0.110
157.03,1,0.099
157.04,1,0.092
157.05,1,0.090
157.06,1,0.089
157.07,1,0.105
157.08,1,0.122
157.09,1,0.123
157.10,1,0.125
157.11,1,0.120
157.12,1,0.113
157.13,1,0.101
157.14,1,0.098
157.15,1,0.090
157.16,1,0.081
157.17,1,0.070
157.18,1,0.070
157.19,1,0.070
157.20,1,0.076
157.21,1,0.082
157.22,1,0.086
157.23,1,0.093
157.24,1,0.105
157.25,1,0.116
157.26,1,0.124
157.27,1,0.125
157.28,1,0.119
157.29,1,0.108
157.30,1,0.109
157.31,1,0.103
157.32,1,0.094
157.33,1,0.088
157.34,1,0.079
157.35,1,0.064
157.36,1,0.071
157.37,1,0.087
157.38,1,0.106
157.39,1,0.126
157.40,1,0.137
157.41,1,0.153
157.42,1,0.166
157.43,1,0.176
157.44,1,0.186
157.45,1,0.183
157.46,1,0.178
157.47,1,0.168
157.48,1,0.154
157.49,1,0.145
157.50,1,0.130
157.51,1,0.112
157.52,1,0.097
157.53,1,0.095
157.54,1,0.092
157.55,1,0.111
157.56,1,0.122
157.57,1,0.125
157.58,1,0.124
157.59,1,0.120
157.60,1,0.119
157.61,1,0.129
157.62,1,0.140
157.63,1,0.163
157.64,1,0.187
157.65,1,0.217
157.66,1,0.280
157.67,1,0.359
157.68,1,0.431
157.69,1,0.501
157.70,1,0.542
157.71,1,0.563
157.72,1,0.544
157.73,1,0.561
157.74,1,0.554
157.75,1,0.564
157.76,1,0.573
157.77,1,0.584
157.78,1,0.587
157.79,1,0.637
157.80,1,0.668
157.81,1,0.746
157.82,1,0.771
157.83,1,0.796
157.84,1,0.676
157.85,1,0.481
157.86,1,0.399
157.87,1,0.350
157.88,1,0.307
157.89,1,0.255
157.90,1,0.271
157.91,1,0.260
157.92,1,0.151
157.93,1,0.148
157.94,1,0.112
157.95,1,0.082
157.96,1,0.071
157.97,1,0.063
157.98,1,0.051
157.99,1,0.051
158.00,1,0.052
158.01,1,0.052
158.02,1,0.052
158.03,1,0.054
158.04,1,0.057
158.05,1,0.060
158.06,1,0.072
158.07,1,0.081
158.08,1,0.088
158.09,1,0.091
158.10,1,0.095
158.11,1,0.101
158.12,1,0.099
158.13,1,0.099
158.14,1,0.106
158.15,1,0.103
158.16,1,0.115
158.17,1,0.127
158.18,1,0.134
158.19,1,0.129
158.20,1,0.115
158.21,1,0.089
158.22,1,0.073
158.23,1,0.058
158.24,1,0.063
158.25,1,0.078
158.26,1,0.085
158.27,1,0.087
158.28,1,0.087
158.29,1,0.079
158.30,1,0.065
158.31,1,0.058
158.32,1,0.055
158.33,1,0.056
158.34,1,0.062
158.35,1,0.066
158.36,1,0.078
158.37,1,0.092
158.38,1,0.113
158.39,1,0.118
158.40,1,0.117
158.41,1,0.112
158.42,1,0.104
158.43,1,0.080
158.44,1,0.066
158.45,1,0.065
158.46,1,0.059
158.47,1,0.067
158.48,1,0.075
158.49,1,0.077
158.50,1,0.080
158.51,1,0.100
158.52,1,0.130
158.53,1,0.183
158.54,1,0.492
158.55,1,0.943
158.56,1,0.803
158.57,1,0.512
158.58,1,0.290
158.59,1,0.156
158.60,1,0.090
158.61,1,0.062
158.62,1,0.051
158.63,1,0.051
158.64,1,0.058
158.65,1,0.079
158.66,1,0.102
158.67,1,0.163
158.68,1,0.206
158.69,1,0.179
158.70,1,0.158
158.71,1,0.127
158.72,1,0.104
158.73,1,0.095
158.74,1,0.068
158.75,1,0.048
158.76,1,0.047
158.77,1,0.053
158.78,1,0.061
158.79,1,0.074
158.80,1,0.097
158.81,1,0.124
158.82,1,0.154
158.83,1,0.216
158.84,1,0.430
158.85,1,0.521
158.86,1,0.402
158.87,1,0.183
158.88,1,0.063
158.89,1,0.045
158.90,1,0.038
158.91,1,0.034
158.92,1,0.033
158.93,1,0.037
158.94,1,0.048
158.95,1,0.062
158.96,1,0.076
158.97,1,0.096
158.98,1,0.124
158.99,1,0.180
159.00,1,0.192
159.01,1,0.103
159.02,1,0.080
159.03,1,0.071
159.04,1,0.061
159.05,1,0.065
159.06,1,0.057
159.07,1,0.052
159.08,1,0.054
159.09,1,0.061
159.10,1,0.071
159.11,1,0.087
159.12,1,0.107
159.13,1,0.135
159.14,1,0.177
159.15,1,0.250
159.16,1,0.579
159.17,1,0.751
159.18,1,0.660
159.19,1,0.262
159.20,1,0.181
159.21,1,0.073
159.22,1,0.052
159.23,1,0.041
159.24,1,0.040
159.25,1,0.047
159.26,1,0.057
159.27,1,0.067
159.28,1,0.082
159.29,1,0.092
159.30,1,0.095
159.31,1,0.090
159.32,1,0.088
159.33,1,0.083
159.34,1,0.077
159.35,1,0.076
159.36,1,0.075
159.37,1,0.072
159.38,1,0.079
159.39,1,0.083
159.40,1,0.090
159.41,1,0.107
159.42,1,0.119
159.43,1,0.133
159.44,1,0.162
159.45,1,0.176
159.46,1,0.170
159.47,1,0.168
159.48,1,0.171
159.49,1,0.171
159.50,1,0.185
159.51,1,0.193
159.52,1,0.152
159.53,1,0.129
159.54,1,0.126
159.55,1,0.110
159.56,1,0.095
159.57,1,0.095
159.58,1,0.087
159.59,1,0.074
159.60,1,0.080
159.61,1,0.089
159.62,1,0.096
159.63,1,0.111
159.64,1,0.129
159.65,1,0.143
159.66,1,0.154
159.67,1,0.157
159.68,1,0.155
159.69,1,0.151
159.70,1,0.152
159.71,1,0.149
159.72,1,0.151
159.73,1,0.152
159.74,1,0.159
159.75,1,0.167
159.76,1,0.179
159.77,1,0.201
159.78,1,0.227
159.79,1,0.263
159.80,1,0.277
159.81,1,0.221
159.82,1,0.113
159.83,1,0.068
159.84,1,0.055
159.85,1,0.051
159.86,1,0.051
159.87,1,0.053
159.88,1,0.056
159.89,1,0.064
159.90,1,0.070
159.91,1,0.080
159.92,1,0.089
159.93,1,0.099
159.94,1,0.112
159.95,1,0.129
159.96,1,0.139
159.97,1,0.141
159.98,1,0.141
159.99,1,0.127
160.00,1,0.102
160.01,1,0.086
160.02,1,0.079
160.03,1,0.070
160.04,1,0.062
160.05,1,0.055
160.06,1,0.055
160.07,1,0.053
160.08,1,0.048
160.09,1,0.047
160.10,1,0.044
160.11,1,0.046
160.12,1,0.050
160.13,1,0.053
160.14,1,0.068
160.15,1,0.107
160.16,1,0.112
160.17,1,0.115
160.18,1,0.114
160.19,1,0.108
160.20,1,0.073
160.21,1,0.064
160.22,1,0.071
160.23,1,0.085
160.24,1,0.098
160.25,1,0.094
160.26,1,0.087
160.27,1,0.081
160.28,1,0.071
160.29,1,0.066
160.30,1,0.073
160.31,1,0.082
160.32,1,0.080
160.33,1,0.085
160.34,1,0.082
160.35,1,0.074
160.36,1,0.081
160.37,1,0.085
160.38,1,0.095
160.39,1,0.108
160.40,1,0.115
160.41,1,0.114
160.42,1,0.111
160.43,1,0.110
160.44,1,0.108
160.45,1,0.103
160.46,1,0.101
160.47,1,0.094
160.48,1,0.097
160.49,1,0.099
160.50,1,0.117
160.51,1,0.152
160.52,1,0.195
160.53,1,0.247
160.54,1,0.490
160.55,1,0.497
160.56,1,0.411
160.57,1,0.403
160.58,1,0.445
160.59,1,0.387
160.60,1,0.320
160.61,1,0.121
160.62,1,0.098
160.63,1,0.064
160.64,1,0.047
160.65,1,0.039
160.66,1,0.036
160.67,1,0.033
160.68,1,0.032
160.69,1,0.034
160.70,1,0.040
160.71,1,0.051
160.72,1,0.059
160.73,1,0.069
160.74,1,0.089
160.75,1,0.119
160.76,1,0.150
160.77,1,0.157
160.78,1,0.147
160.79,1,0.120
160.80,1,0.084
160.81,1,0.067
160.82,1,0.063
160.83,1,0.067
160.84,1,0.077
160.85,1,0.084
160.86,1,0.094
160.87,1,0.091
160.88,1,0.082
160.89,1,0.080
160.90,1,0.081
160.91,1,0.085
160.92,1,0.098
160.93,1,0.104
160.94,1,0.112
160.95,1,0.114
160.96,1,0.106
160.97,1,0.096
160.98,1,0.079
160.99,1,0.067
161.00,1,0.065
161.01,1,0.068
161.02,1,0.076
161.03,1,0.091
161.04,1,0.095
161.05,1,0.092
161.06,1,0.093
161.07,1,0.088
161.08,1,0.084
161.09,1,0.094
161.10,1,0.139
161.11,1,0.168
161.12,1,0.182
161.13,1,0.190
161.14,1,0.197
161.15,1,0.177
161.16,1,0.187
161.17,1,0.200
161.18,1,0.193
161.19,1,0.163
161.20,1,0.105
161.21,1,0.086
161.22,1,0.068
161.23,1,0.059
161.24,1,0.052
161.25,1,0.047
161.26,1,0.046
161.27,1,0.056
161.28,1,0.064
161.29,1,0.071
161.30,1,0.079
161.31,1,0.079
161.32,1,0.071
161.33,1,0.069
161.34,1,0.070
161.35,1,0.065
161.36,1,0.080
161.37,1,0.112
161.38,1,0.172
161.39,1,0.179
161.40,1,0.148
161.41,1,0.096
161.42,1,0.068
161.43,1,0.057
161.44,1,0.050
161.45,1,0.046
161.46,1,0.043
161.47,1,0.048
161.48,1,0.057
161.49,1,0.070
161.50,1,0.095
161.51,1,0.116
161.52,1,0.128
161.53,1,0.133
161.54,1,0.125
161.55,1,0.106
161.56,1,0.097
161.57,1,0.095
161.58,1,0.093
161.59,1,0.093
161.60,1,0.093
161.61,1,0.092
161.62,1,0.082
161.63,1,0.077
161.64,1,0.082
161.65,1,0.086
161.66,1,0.090
161.67,1,0.093
161.68,1,0.088
161.69,1,0.089
161.70,1,0.099
161.71,1,0.110
161.72,1,0.129
161.73,1,0.137
161.74,1,0.147
161.75,1,0.150
161.76,1,0.137
161.77,1,0.123
161.78,1,0.117
161.79,1,0.106
161.80,1,0.095
161.81,1,0.093
161.82,1,0.095
161.83,1,0.118
161.84,1,0.128
161.85,1,0.127
161.86,1,0.115
161.87,1,0.121
161.88,1,0.104
161.89,1,0.094
161.90,1,0.095
161.91,1,0.111
161.92,1,0.130
161.93,1,0.155
161.94,1,0.171
161.95,1,0.176
161.96,1,0.181
161.97,1,0.181
161.98,1,0.200
161.99,1,0.228
162.00,1,0.283
162.01,1,0.335
162.02,1,0.228
162.03,1,0.192
162.04,1,0.174
162.05,1,0.149
162.06,1,0.116
162.07,1,0.079
162.08,1,0.065
162.09,1,0.060
162.10,1,0.068
162.11,1,0.078
162.12,1,0.090
162.13,1,0.099
162.14,1,0.105
162.15,1,0.114
162.16,1,0.118
162.17,1,0.128
162.18,1,0.135
162.19,1,0.135
162.20,1,0.136
162.21,1,0.143
162.22,1,0.145
162.23,1,0.137
162.24,1,0.131
162.25,1,0.128
162.26,1,0.122
162.27,1,0.122
162.28,1,0.134
162.29,1,0.143
162.30,1,0.153
162.31,1,0.136
162.32,1,0.114
162.33,1,0.119
162.34,1,0.148
162.35,1,0.158
162.36,1,0.149
162.37,1,0.125
162.38,1,0.095
162.39,1,0.066
162.40,1,0.039
162.41,1,0.035
162.42,1,0.033
162.43,1,0.034
162.44,1,0.038
162.45,1,0.046
162.46,1,0.058
162.47,1,0.071
162.48,1,0.089
162.49,1,0.102
162.50,1,0.113
162.51,1,0.119
162.52,1,0.122
162.53,1,0.121
162.54,1,0.116
162.55,1,0.115
162.56,1,0.114
162.57,1,0.105
162.58,1,0.100
162.59,1,0.096
162.60,1,0.084
162.61,1,0.084
162.62,1,0.092
162.63,1,0.109
162.64,1,0.134
162.65,1,0.170
162.66,1,0.191
162.67,1,0.254
162.68,1,0.390
162.69,1,0.441
162.70,1,0.536
162.71,1,0.571
162.72,1,0.394
162.73,1,0.206
162.74,1,0.150
162.75,1,0.124
162.76,1,0.123
162.77,1,0.116
162.78,1,0.118
162.79,1,0.115
162.80,1,0.111
162.81,1,0.112
162.82,1,0.119
162.83,1,0.129
162.84,1,0.164
162.85,1,0.207
162.86,1,0.237
162.87,1,0.304
162.88,1,0.290
162.89,1,0.288
162.90,1,0.295
162.91,1,0.291
162.92,1,0.270
162.93,1,0.223
162.94,1,0.151
162.95,1,0.111
162.96,1,0.092
162.97,1,0.077
162.98,1,0.078
162.99,1,0.093
163.00,1,0.095
163.01,1,0.084
163.02,1,0.071
163.03,1,0.057
163.04,1,0.042
163.05,1,0.037
163.06,1,0.040
163.07,1,0.044
163.08,1,0.049
163.09,1,0.054
163.10,1,0.061
163.11,1,0.085
163.12,1,0.147
163.13,1,0.188
163.14,1,0.148
163.15,1,0.104
163.16,1,0.086
163.17,1,0.063
163.18,1,0.049
163.19,1,0.048
163.20,1,0.051
163.21,1,0.059
163.22,1,0.065
163.23,1,0.070
163.24,1,0.075
163.25,1,0.078
163.26,1,0.075
163.27,1,0.078
163.28,1,0.073
163.29,1,0.065
163.30,1,0.053
163.31,1,0.048
163.32,1,0.043
163.33,1,0.041
163.34,1,0.039
163.35,1,0.038
163.36,1,0.037
163.37,1,0.035
163.38,1,0.036
163.39,1,0.042
163.40,1,0.050
163.41,1,0.061
163.42,1,0.067
163.43,1,0.069
163.44,1,0.071
163.45,1,0.069
163.46,1,0.068
163.47,1,0.062
163.48,1,0.061
163.49,1,0.075
163.50,1,0.090
163.51,1,0.088
163.52,1,0.096
163.53,1,0.107
163.54,1,0.102
163.55,1,0.127
163.56,1,0.182
163.57,1,0.259
163.58,1,0.381
163.59,1,0.784
163.60,1,1.122
163.61,1,0.874
163.62,1,0.235
163.63,1,0.119
163.64,1,0.069
163.65,1,0.059
163.66,1,0.060
163.67,1,0.063
163.68,1,0.071
163.69,1,0.076
163.70,1,0.077
163.71,1,0.074
163.72,1,0.069
163.73,1,0.070
163.74,1,0.070
163.75,1,0.075
163.76,1,0.083
163.77,1,0.090
163.78,1,0.091
163.79,1,0.092
163.80,1,0.101
163.81,1,0.108
163.82,1,0.115
163.83,1,0.124
163.84,1,0.123
163.85,1,0.107
163.86,1,0.097
163.87,1,0.090
163.88,1,0.098
163.89,1,0.114
163.90,1,0.141
163.91,1,0.176
163.92,1,0.195
163.93,1,0.213
163.94,1,0.162
163.95,1,0.086
163.96,1,0.070
163.97,1,0.057
163.98,1,0.049
163.99,1,0.048
164.00,1,0.048
164.01,1,0.052
164.02,1,0.055
164.03,1,0.058
164.04,1,0.054
164.05,1,0.051
164.06,1,0.054
164.07,1,0.073
164.08,1,0.080
164.09,1,0.090
164.10,1,0.096
164.11,1,0.086
164.12,1,0.075
164.13,1,0.077
164.14,1,0.076
164.15,1,0.083
164.16,1,0.084
164.17,1,0.079
164.18,1,0.081
164.19,1,0.089
164.20,1,0.105
164.21,1,0.135
164.22,1,0.165
164.23,1,0.218
164.24,1,0.278
164.25,1,0.169
164.26,1,0.090
164.27,1,0.067
164.28,1,0.056
164.29,1,0.049
164.30,1,0.050
164.31,1,0.049
164.32,1,0.053
164.33,1,0.063
164.34,1,0.073
164.35,1,0.084
164.36,1,0.096
164.37,1,0.096
164.38,1,0.093
164.39,1,0.089
164.40,1,0.071
164.41,1,0.060
164.42,1,0.061
164.43,1,0.065
164.44,1,0.066
164.45,1,0.069
164.46,1,0.066
164.47,1,0.061
164.48,1,0.055
164.49,1,0.052
164.50,1,0.052
164.51,1,0.055
164.52,1,0.063
164.53,1,0.072
164.54,1,0.080
164.55,1,0.086
164.56,1,0.091
164.57,1,0.095
164.58,1,0.096
164.59,1,0.099
164.60,1,0.096
164.61,1,0.096
164.62,1,0.093
164.63,1,0.084
164.64,1,0.078
164.65,1,0.073
164.66,1,0.071
164.67,1,0.074
164.68,1,0.081
164.69,1,0.093
164.70,1,0.105
164.71,1,0.108
164.72,1,0.115
164.73,1,0.145
164.74,1,0.189
164.75,1,0.233
164.76,1,0.273
164.77,1,0.305
164.78,1,0.300
164.79,1,0.198
164.80,1,0.177
164.81,1,0.181
164.82,1,0.177
164.83,1,0.155
164.84,1,0.149
164.85,1,0.158
164.86,1,0.186
164.87,1,0.213
164.88,1,0.253
164.89,1,0.251
164.90,1,0.247
164.91,1,0.278
164.92,1,0.267
164.93,1,0.256
164.94,1,0.264
164.95,1,0.284
164.96,1,0.303
164.97,1,0.341
164.98,1,0.432
164.99,1,0.482
165.00,1,0.453
165.01,1,0.495
165.02,1,0.560
165.03,1,0.461
165.04,1,0.401
165.05,1,0.380
165.06,1,0.359
165.07,1,0.357
165.08,1,0.370
165.09,1,0.364
165.10,1,0.397
165.11,1,0.426
165.12,1,0.430
165.13,1,0.484
165.14,1,0.638
165.15,1,0.324
165.16,1,0.197
165.17,1,0.173
165.18,1,0.192
165.19,1,0.255
165.20,1,0.278
165.21,1,0.306
165.22,1,0.312
165.23,1,0.323
165.24,1,0.310
165.25,1,0.291
165.26,1,0.300
165.27,1,0.320
165.28,1,0.340
165.29,1,0.401
165.30,1,0.428
165.31,1,0.427
165.32,1,0.425
165.33,1,0.377
165.34,1,0.396
165.35,1,0.396
165.36,1,0.408
165.37,1,0.364
165.38,1,0.323
165.39,1,0.325
165.40,1,0.343
165.41,1,0.336
165.42,1,0.354
165.43,1,0.355
165.44,1,0.378
165.45,1,0.363
165.46,1,0.349
165.47,1,0.343
165.48,1,0.316
165.49,1,0.264
165.50,1,0.241
165.51,1,0.230
165.52,1,0.237
165.53,1,0.256
165.54,1,0.275
165.55,1,0.308
165.56,1,0.367
165.57,1,0.371
165.58,1,0.390
165.59,1,0.444
165.60,1,0.608
165.61,1,0.748
165.62,1,0.788
165.63,1,0.644
165.64,1,0.416
165.65,1,0.315
165.66,1,0.280
165.67,1,0.272
165.68,1,0.273
165.69,1,0.313
165.70,1,0.325
165.71,1,0.331
165.72,1,0.341
165.73,1,0.350
165.74,1,0.368
165.75,1,0.399
165.76,1,0.389
165.77,1,0.346
165.78,1,0.331
165.79,1,0.322
165.80,1,0.297
165.81,1,0.308
165.82,1,0.323
165.83,1,0.263
165.84,1,0.243
165.85,1,0.238
165.86,1,0.224
165.87,1,0.217
165.88,1,0.218
165.89,1,0.216
165.90,1,0.206
165.91,1,0.222
165.92,1,0.283
165.93,1,0.312
165.94,1,0.332
165.95,1,0.369
165.96,1,0.364
165.97,1,0.363
165.98,1,0.381
165.99,1,0.345
166.00,1,0.326
166.01,1,0.321
166.02,1,0.318
166.03,1,0.327
166.04,1,0.321
166.05,1,0.326
166.06,1,0.329
166.07,1,0.306
166.08,1,0.283
166.09,1,0.276
166.10,1,0.246
166.11,1,0.218
166.12,1,0.238
166.13,1,0.233
166.14,1,0.223
166.15,1,0.256
166.16,1,0.260
166.17,1,0.251
166.18,1,0.243
166.19,1,0.253
166.20,1,0.233
166.21,1,0.238
166.22,1,0.266
166.23,1,0.311
166.24,1,0.300
166.25,1,0.303
166.26,1,0.312
166.27,1,0.317
166.28,1,0.324
166.29,1,0.239
166.30,1,0.200
166.31,1,0.208
166.32,1,0.209
166.33,1,0.184
166.34,1,0.188
166.35,1,0.179
166.36,1,0.165
166.37,1,0.166
166.38,1,0.193
166.39,1,0.224
166.40,1,0.262
166.41,1,0.299
166.42,1,0.316
166.43,1,0.317
166.44,1,0.325
166.45,1,0.315
166.46,1,0.246
166.47,1,0.208
166.48,1,0.242
166.49,1,0.253
166.50,1,0.256
166.51,1,0.272
166.52,1,0.251
166.53,1,0.229
166.54,1,0.235
166.55,1,0.251
166.56,1,0.269
166.57,1,0.297
166.58,1,0.332
166.59,1,0.373
166.60,1,0.422
166.61,1,0.500
166.62,1,0.467
166.63,1,0.386
166.64,1,0.351
166.65,1,0.367
166.66,1,0.304
166.67,1,0.252
166.68,1,0.286
166.69,1,0.302
166.70,1,0.402
166.71,1,0.464
166.72,1,0.521
166.73,1,0.501
166.74,1,0.470
166.75,1,0.382
166.76,1,0.313
166.77,1,0.292
166.78,1,0.254
166.79,1,0.233
166.80,1,0.226
166.81,1,0.228
166.82,1,0.255
166.83,1,0.305
166.84,1,0.393
166.85,1,0.546
166.86,1,0.768
166.87,1,1.084
166.88,1,1.182
166.89,1,0.973
166.90,1,0.737
166.91,1,0.620
166.92,1,0.582
166.93,1,0.377
166.94,1,0.244
166.95,1,0.258
166.96,1,0.239
166.97,1,0.219
166.98,1,0.202
166.99,1,0.194
167.00,1,0.174
167.01,1,0.188
167.02,1,0.207
167.03,1,0.232
167.04,1,0.282
167.05,1,0.431
167.06,1,0.596
167.07,1,0.567
167.08,1,0.417
167.09,1,0.366
167.10,1,0.349
167.11,1,0.374
167.12,1,0.339
167.13,1,0.335
167.14,1,0.341
167.15,1,0.335
167.16,1,0.335
167.17,1,0.332
167.18,1,0.285
167.19,1,0.237
167.20,1,0.222
167.21,1,0.203
167.22,1,0.223
167.23,1,0.216
167.24,1,0.238
167.25,1,0.233
167.26,1,0.198
167.27,1,0.195
167.28,1,0.201
167.29,1,0.201
167.30,1,0.211
167.31,1,0.227
167.32,1,0.250
167.33,1,0.284
167.34,1,0.303
167.35,1,0.300
167.36,1,0.346
167.37,1,0.329
167.38,1,0.275
167.39,1,0.261
167.40,1,0.264
167.41,1,0.262
167.42,1,0.255
167.43,1,0.235
167.44,1,0.270
167.45,1,0.273
167.46,1,0.268
167.47,1,0.275
167.48,1,0.259
167.49,1,0.227
167.50,1,0.234
167.51,1,0.243
167.52,1,0.242
167.53,1,0.260
167.54,1,0.313
167.55,1,0.322
167.56,1,0.332
167.57,1,0.333
167.58,1,0.324
167.59,1,0.313
167.60,1,0.287
167.61,1,0.283
167.62,1,0.274
167.63,1,0.236
167.64,1,0.212
167.65,1,0.195
167.66,1,0.180
167.67,1,0.165
167.68,1,0.168
167.69,1,0.188
167.70,1,0.223
167.71,1,0.254
167.72,1,0.304
167.73,1,0.347
167.74,1,0.351
167.75,1,0.364
167.76,1,0.369
167.77,1,0.587
167.78,1,0.531
167.79,1,0.532
167.80,1,0.530
167.81,1,0.509
167.82,1,0.479
167.83,1,0.467
167.84,1,0.478
167.85,1,0.496
167.86,1,0.501
167.87,1,0.501
167.88,1,0.496
167.89,1,0.482
167.90,1,0.465
167.91,1,0.490
167.92,1,0.535
167.93,1,0.600
167.94,1,0.625
167.95,1,0.577
167.96,1,0.506
167.97,1,0.428
167.98,1,0.300
167.99,1,0.299
168.00,1,0.334
168.01,1,0.377
168.02,1,0.256
168.03,1,0.122
168.04,1,0.147
168.05,1,0.186
168.06,1,0.195
168.07,1,0.250
168.08,1,0.330
168.09,1,0.331
168.10,1,0.344
168.11,1,0.315
168.12,1,0.281
168.13,1,0.257
168.14,1,0.225
168.15,1,0.176
168.16,1,0.142
168.17,1,0.139
168.18,1,0.143
168.19,1,0.139
168.20,1,0.191
168.21,1,0.245
168.22,1,0.260
168.23,1,0.288
168.24,1,0.272
168.25,1,0.268
168.26,1,0.279
168.27,1,0.314
168.28,1,0.318
168.29,1,0.301
168.30,1,0.261
168.31,1,0.226
168.32,1,0.188
168.33,1,0.175
168.34,1,0.148
168.35,1,0.153
168.36,1,0.142
168.37,1,0.140
168.38,1,0.159
168.39,1,0.167
168.40,1,0.195
168.41,1,0.193
168.42,1,0.184
168.43,1,0.185
168.44,1,0.194
168.45,1,0.202
168.46,1,0.223
168.47,1,0.252
168.48,1,0.254
168.49,1,0.258
168.50,1,0.305
168.51,1,0.323
168.52,1,0.297
168.53,1,0.281
168.54,1,0.264
168.55,1,0.249
168.56,1,0.242
168.57,1,0.256
168.58,1,0.266
168.59,1,0.259
168.60,1,0.282
168.61,1,0.302
168.62,1,0.319
168.63,1,0.361
168.64,1,0.431
168.65,1,0.424
168.66,1,0.392
168.67,1,0.365
168.68,1,0.272
168.69,1,0.249
168.70,1,0.250
168.71,1,0.279
168.72,1,0.265
168.73,1,0.266
168.74,1,0.258
168.75,1,0.223
168.76,1,0.220
168.77,1,0.234
168.78,1,0.215
168.79,1,0.232
168.80,1,0.238
168.81,1,0.232
168.82,1,0.226
168.83,1,0.251
168.84,1,0.257
168.85,1,0.271
168.86,1,0.318
168.87,1,0.324
168.88,1,0.284
168.89,1,0.291
168.90,1,0.345
168.91,1,0.328
168.92,1,0.332
168.93,1,0.378
168.94,1,0.332
168.95,1,0.285
168.96,1,0.284
168.97,1,0.278
168.98,1,0.274
168.99,1,0.274
169.00,1,0.286
169.01,1,0.330
169.02,1,0.362
169.03,1,0.314
169.04,1,0.308
169.05,1,0.269
169.06,1,0.243
169.07,1,0.229
169.08,1,0.256
169.09,1,0.263
169.10,1,0.430
169.11,1,0.630
169.12,1,0.643
169.13,1,0.469
169.14,1,0.289
169.15,1,0.221
169.16,1,0.150
169.17,1,0.145
169.18,1,0.137
169.19,1,0.151
169.20,1,0.160
169.21,1,0.183
169.22,1,0.199
169.23,1,0.223
169.24,1,0.234
169.25,1,0.231
169.26,1,0.237
169.27,1,0.243
169.28,1,0.248
169.29,1,0.212
169.30,1,0.218
169.31,1,0.212
169.32,1,0.193
169.33,1,0.190
169.34,1,0.219
169.35,1,0.238
169.36,1,0.270
169.37,1,0.306
169.38,1,0.349
169.39,1,0.341
169.40,1,0.334
169.41,1,0.313
169.42,1,0.274
169.43,1,0.257
169.44,1,0.253
169.45,1,0.253
169.46,1,0.251
169.47,1,0.292
169.48,1,0.315
169.49,1,0.297
169.50,1,0.322
169.51,1,0.312
169.52,1,0.292
169.53,1,0.270
169.54,1,0.297
169.55,1,0.294
169.56,1,0.317
169.57,1,0.367
169.58,1,0.895
169.59,1,0.873
169.60,1,0.804
169.61,1,0.490
169.62,1,0.178
169.63,1,0.216
169.64,1,0.275
169.65,1,0.313
169.66,1,0.307
169.67,1,0.315
169.68,1,0.313
169.69,1,0.291
169.70,1,0.263
169.71,1,0.289
169.72,1,0.307
169.73,1,0.321
169.74,1,0.331
169.75,1,0.350
169.76,1,0.372
169.77,1,0.377
169.78,1,0.366
169.79,1,0.346
169.80,1,0.308
169.81,1,0.280
169.82,1,0.303
169.83,1,0.352
169.84,1,0.378
169.85,1,0.423
169.86,1,0.515
169.87,1,0.492
169.88,1,0.458
169.89,1,0.413
169.90,1,0.375
169.91,1,0.352
169.92,1,0.344
169.93,1,0.402
169.94,1,0.278
169.95,1,0.237
169.96,1,0.218
169.97,1,0.216
169.98,1,0.246
169.99,1,0.273
170.00,1,0.298
170.01,1,0.345
170.02,1,0.361
170.03,1,0.346
170.04,1,0.340
170.05,1,0.357
170.06,1,0.331
170.07,1,0.333
170.08,1,0.335
170.09,1,0.370
170.10,1,0.338
170.11,1,0.305
170.12,1,0.295
170.13,1,0.288
170.14,1,0.259
170.15,1,0.230
170.16,1,0.220
170.17,1,0.216
170.18,1,0.190
170.19,1,0.176
170.20,1,0.193
170.21,1,0.163
170.22,1,0.161
170.23,1,0.228
170.24,1,0.247
170.25,1,0.250
170.26,1,0.284
170.27,1,0.270
170.28,1,0.232
170.29,1,0.255
170.30,1,0.223
170.31,1,0.217
170.32,1,0.225
170.33,1,0.218
170.34,1,0.228
170.35,1,0.294
170.36,1,0.318
170.37,1,0.309
170.38,1,0.286
170.39,1,0.284
170.40,1,0.266
170.41,1,0.234
170.42,1,0.225
170.43,1,0.220
170.44,1,0.212
170.45,1,0.220
170.46,1,0.232
170.47,1,0.230
170.48,1,0.231
170.49,1,0.212
170.50,1,0.208
170.51,1,0.210
170.52,1,0.230
170.53,1,0.239
170.54,1,0.271
170.55,1,0.348
170.56,1,0.360
170.57,1,0.368
170.58,1,0.378
170.59,1,0.356
170.60,1,0.325
170.61,1,0.349
170.62,1,0.375
170.63,1,0.477
170.64,1,0.591
170.65,1,0.729
170.66,1,0.677
170.67,1,0.609
170.68,1,0.603
170.69,1,0.578
170.70,1,0.610
170.71,1,0.500
170.72,1,0.476
170.73,1,0.313
170.74,1,0.298
170.75,1,0.323
170.76,1,0.328
170.77,1,0.305
170.78,1,0.334
170.79,1,0.306
170.80,1,0.261
170.81,1,0.247
170.82,1,0.248
170.83,1,0.231
170.84,1,0.235
170.85,1,0.233
170.86,1,0.228
170.87,1,0.211
170.88,1,0.221
170.89,1,0.248
170.90,1,0.259
170.91,1,0.262
170.92,1,0.284
170.93,1,0.279
170.94,1,0.308
170.95,1,0.305
170.96,1,0.301
170.97,1,0.304
170.98,1,0.322
170.99,1,0.342
171.00,1,0.357
171.01,1,0.355
171.02,1,0.314
171.03,1,0.267
171.04,1,0.208
171.05,1,0.194
171.06,1,0.190
171.07,1,0.200
171.08,1,0.211
171.09,1,0.215
171.10,1,0.207
171.11,1,0.218
171.12,1,0.217
171.13,1,0.204
171.14,1,0.206
171.15,1,0.250
171.16,1,0.296
171.17,1,0.306
171.18,1,0.326
171.19,1,0.330
171.20,1,0.319
171.21,1,0.290
171.22,1,0.304
171.23,1,0.324
171.24,1,0.340
171.25,1,0.320
171.26,1,0.318
171.27,1,0.296
171.28,1,0.253
171.29,1,0.289
171.30,1,0.295
171.31,1,0.334
171.32,1,0.301
171.33,1,0.308
171.34,1,0.318
171.35,1,0.304
171.36,1,0.279
171.37,1,0.286
171.38,1,0.240
171.39,1,0.264
171.40,1,0.247
171.41,1,0.298
171.42,1,0.325
171.43,1,0.310
171.44,1,0.257
171.45,1,0.232
171.46,1,0.202
171.47,1,0.204
171.48,1,0.211
171.49,1,0.243
171.50,1,0.302
171.51,1,0.317
171.52,1,0.276
171.53,1,0.257
171.54,1,0.231
171.55,1,0.208
171.56,1,0.197
171.57,1,0.207
171.58,1,0.260
171.59,1,0.308
171.60,1,0.349
171.61,1,0.385
171.62,1,0.389
171.63,1,0.359
171.64,1,0.353
171.65,1,0.341
171.66,1,0.309
171.67,1,0.283
171.68,1,0.276
171.69,1,0.293
171.70,1,0.296
171.71,1,0.299
171.72,1,0.323
171.73,1,0.322
171.74,1,0.327
171.75,1,0.315
171.76,1,0.311
171.77,1,0.302
171.78,1,0.291
171.79,1,0.315
171.80,1,0.341
171.81,1,0.330
171.82,1,0.329
171.83,1,0.369
171.84,1,0.365
171.85,1,0.341
171.86,1,0.379
171.87,1,0.355
171.88,1,0.337
171.89,1,0.344
171.90,1,0.342
171.91,1,0.385
171.92,1,0.395
171.93,1,0.381
171.94,1,0.366
171.95,1,0.332
171.96,1,0.268
171.97,1,0.241
171.98,1,0.296
171.99,1,0.352
172.00,1,0.352
172.01,1,0.347
172.02,1,0.377
172.03,1,0.307
172.04,1,0.279
172.05,1,0.315
172.06,1,0.346
172.07,1,0.349
172.08,1,0.351
172.09,1,0.417
172.10,1,0.412
172.11,1,0.375
172.12,1,0.334
172.13,1,0.291
172.14,1,0.278
172.15,1,0.274
172.16,1,0.243
172.17,1,0.226
172.18,1,0.237
172.19,1,0.272
172.20,1,0.299
172.21,1,0.300
172.22,1,0.322
172.23,1,0.305
172.24,1,0.263
172.25,1,0.248
172.26,1,0.257
172.27,1,0.273
172.28,1,0.278
172.29,1,0.270
172.30,1,0.260
172.31,1,0.210
172.32,1,0.163
172.33,1,0.157
172.34,1,0.157
172.35,1,0.148
172.36,1,0.166
172.37,1,0.193
172.38,1,0.218
172.39,1,0.230
172.40,1,0.329
172.41,1,0.377
172.42,1,0.343
172.43,1,0.322
172.44,1,0.323
172.45,1,0.322
172.46,1,0.314
172.47,1,0.277
172.48,1,0.272
172.49,1,0.272
172.50,1,0.300
172.51,1,0.326
172.52,1,0.376
172.53,1,0.367
172.54,1,0.370
172.55,1,0.357
172.56,1,0.333
172.57,1,0.333
172.58,1,0.376
172.59,1,0.412
172.60,1,0.425
172.61,1,0.451
172.62,1,0.423
172.63,1,0.373
172.64,1,0.334
172.65,1,0.317
172.66,1,0.270
172.67,1,0.262
172.68,1,0.260
172.69,1,0.245
172.70,1,0.226
172.71,1,0.218
172.72,1,0.201
172.73,1,0.167
172.74,1,0.170
172.75,1,0.157
172.76,1,0.147
172.77,1,0.162
172.78,1,0.204
172.79,1,0.190
172.80,1,0.313
172.81,1,0.526
172.82,1,0.692
172.83,1,0.680
172.84,1,0.637
172.85,1,0.615
172.86,1,0.580
172.87,1,0.593
172.88,1,0.593
172.89,1,0.630
172.90,1,0.667
172.91,1,0.734
172.92,1,0.858
172.93,1,0.984
172.94,1,1.105
172.95,1,1.114
172.96,1,1.111
172.97,1,0.985
172.98,1,0.853
172.99,1,0.499
173.00,1,0.301
173.01,1,0.277
173.02,1,0.261
173.03,1,0.277
173.04,1,0.299
173.05,1,0.313
173.06,1,0.322
173.07,1,0.349
173.08,1,0.359
173.09,1,0.374
173.10,1,0.384
173.11,1,0.404
173.12,1,0.405
173.13,1,0.416
173.14,1,0.443
173.15,1,0.465
173.16,1,0.518
173.17,1,0.535
173.18,1,0.546
173.19,1,0.547
173.20,1,0.528
173.21,1,0.463
173.22,1,0.394
173.23,1,0.342
173.24,1,0.300
173.25,1,0.236
173.26,1,0.191
173.27,1,0.163
173.28,1,0.137
173.29,1,0.127
173.30,1,0.127
173.31,1,0.128
173.32,1,0.130
173.33,1,0.135
173.34,1,0.132
173.35,1,0.139
173.36,1,0.149
173.37,1,0.164
173.38,1,0.180
173.39,1,0.208
173.40,1,0.219
173.41,1,0.217
173.42,1,0.221
173.43,1,0.204
173.44,1,0.167
173.45,1,0.150
173.46,1,0.128
173.47,1,0.127
173.48,1,0.129
173.49,1,0.128
173.50,1,0.144
173.51,1,0.159
173.52,1,0.167
173.53,1,0.206
173.54,1,0.246
173.55,1,0.273
173.56,1,0.292
173.57,1,0.310
173.58,1,0.314
173.59,1,0.319
173.60,1,0.309
173.61,1,0.283
173.62,1,0.269
173.63,1,0.270
173.64,1,0.273
173.65,1,0.295
173.66,1,0.343
173.67,1,0.384
173.68,1,0.538
173.69,1,0.615
173.70,1,0.604
173.71,1,0.472
173.72,1,0.279
173.73,1,0.237
173.74,1,0.227
173.75,1,0.218
173.76,1,0.213
173.77,1,0.219
173.78,1,0.230
173.79,1,0.231
173.80,1,0.238
173.81,1,0.259
173.82,1,0.276
173.83,1,0.290
173.84,1,0.318
173.85,1,0.330
173.86,1,0.318
173.87,1,0.292
173.88,1,0.255
173.89,1,0.221
173.90,1,0.201
173.91,1,0.184
173.92,1,0.171
173.93,1,0.147
173.94,1,0.145
173.95,1,0.148
173.96,1,0.150
173.97,1,0.169
173.98,1,0.185
173.99,1,0.201
174.00,1,0.241
174.01,1,0.276
174.02,1,0.308
174.03,1,0.370
174.04,1,0.313
174.05,1,0.222
174.06,1,0.188
174.07,1,0.157
174.08,1,0.143
174.09,1,0.138
174.10,1,0.143
174.11,1,0.144
174.12,1,0.138
174.13,1,0.133
174.14,1,0.135
174.15,1,0.143
174.16,1,0.156
174.17,1,0.182
174.18,1,0.215
174.19,1,0.261
174.20,1,0.284
174.21,1,0.239
174.22,1,0.188
174.23,1,0.150
174.24,1,0.141
174.25,1,0.133
174.26,1,0.130
174.27,1,0.124
174.28,1,0.125
174.29,1,0.115
174.30,1,0.106
174.31,1,0.108
174.32,1,0.102
174.33,1,0.105
174.34,1,0.117
174.35,1,0.123
174.36,1,0.126
174.37,1,0.140
174.38,1,0.151
174.39,1,0.145
174.40,1,0.155
174.41,1,0.167
174.42,1,0.167
174.43,1,0.161
174.44,1,0.174
174.45,1,0.178
174.46,1,0.168
174.47,1,0.157
174.48,1,0.137
174.49,1,0.125
174.50,1,0.109
174.51,1,0.090
174.52,1,0.089
174.53,1,0.091
174.54,1,0.093
174.55,1,0.105
174.56,1,0.114
174.57,1,0.115
174.58,1,0.115
174.59,1,0.116
174.60,1,0.114
174.61,1,0.117
174.62,1,0.117
174.63,1,0.119
174.64,1,0.124
174.65,1,0.124
174.66,1,0.129
174.67,1,0.131
174.68,1,0.136
174.69,1,0.152
174.70,1,0.174
174.71,1,0.198
174.72,1,0.230
174.73,1,0.250
174.74,1,0.244
174.75,1,0.227
174.76,1,0.198
174.77,1,0.163
174.78,1,0.141
174.79,1,0.138
174.80,1,0.141
174.81,1,0.136
174.82,1,0.136
174.83,1,0.138
174.84,1,0.138
174.85,1,0.148
174.86,1,0.151
174.87,1,0.151
174.88,1,0.158
174.89,1,0.177
174.90,1,0.190
174.91,1,0.210
174.92,1,0.222
174.93,1,0.252
174.94,1,0.272
174.95,1,0.360
174.96,1,0.421
174.97,1,0.412
174.98,1,0.399
174.99,1,0.398
175.00,1,0.402
175.01,1,0.449
175.02,1,0.498
175.03,1,0.546
175.04,1,0.602
175.05,1,0.603
175.06,1,0.747
175.07,1,0.766
175.08,1,0.796
175.09,1,0.786
175.10,1,0.839
175.11,1,0.856
175.12,1,0.962
175.13,1,0.488
175.14,1,0.385
175.15,1,0.369
175.16,1,0.354
175.17,1,0.271
175.18,1,0.274
175.19,1,0.292
175.20,1,0.279
175.21,1,0.298
175.22,1,0.340
175.23,1,0.361
175.24,1,0.370
175.25,1,0.370
175.26,1,0.387
175.27,1,0.443
175.28,1,0.473
175.29,1,0.451
175.30,1,0.401
175.31,1,0.368
175.32,1,0.323
175.33,1,0.291
175.34,1,0.247
175.35,1,0.257
175.36,1,0.264
175.37,1,0.271
175.38,1,0.312
175.39,1,0.391
175.40,1,0.464
175.41,1,0.555
175.42,1,0.662
175.43,1,0.753
175.44,1,0.833
175.45,1,0.836
175.46,1,0.814
175.47,1,0.632
175.48,1,0.514
175.49,1,0.476
175.50,1,0.466
175.51,1,0.419
175.52,1,0.415
175.53,1,0.366
175.54,1,0.322
175.55,1,0.269
175.56,1,0.252
175.57,1,0.260
175.58,1,0.315
175.59,1,0.372
175.60,1,0.436
175.61,1,0.476
175.62,1,0.414
175.63,1,0.393
175.64,1,0.395
175.65,1,0.370
175.66,1,0.404
175.67,1,0.484
175.68,1,0.504
175.69,1,0.583
175.70,1,0.827
175.71,1,0.923
175.72,1,0.996
175.73,1,1.056
175.74,1,1.142
175.75,1,1.210
175.76,1,1.184
175.77,1,0.929
175.78,1,0.816
175.79,1,0.409
175.80,1,0.329
175.81,1,0.302
175.82,1,0.275
175.83,1,0.265
175.84,1,0.289
175.85,1,0.307
175.86,1,0.315
175.87,1,0.295
175.88,1,0.237
175.89,1,0.245
175.90,1,0.298
175.91,1,0.322
175.92,1,0.382
175.93,1,0.499
175.94,1,0.369
175.95,1,0.256
175.96,1,0.255
175.97,1,0.246
175.98,1,0.247
175.99,1,0.307
176.00,1,0.367
176.01,1,0.431
176.02,1,0.503
176.03,1,0.581
176.04,1,0.545
176.05,1,0.503
176.06,1,0.480
176.07,1,0.447
176.08,1,0.413
176.09,1,0.405
176.10,1,0.436
176.11,1,0.405
176.12,1,0.385
176.13,1,0.334
176.14,1,0.283
176.15,1,0.271
176.16,1,0.252
176.17,1,0.251
176.18,1,0.254
176.19,1,0.244
176.20,1,0.226
176.21,1,0.210
176.22,1,0.205
176.23,1,0.222
176.24,1,0.234
176.25,1,0.275
176.26,1,0.314
176.27,1,0.380
176.28,1,0.448
176.29,1,0.488
176.30,1,0.440
176.31,1,0.361
176.32,1,0.360
176.33,1,0.381
176.34,1,0.422
176.35,1,0.449
176.36,1,0.430
176.37,1,0.368
176.38,1,0.350
176.39,1,0.329
176.40,1,0.374
176.41,1,0.392
176.42,1,0.353
176.43,1,0.356
176.44,1,0.347
176.45,1,0.318
176.46,1,0.315
176.47,1,0.305
176.48,1,0.273
176.49,1,0.259
176.50,1,0.238
176.51,1,0.230
176.52,1,0.254
176.53,1,0.266
176.54,1,0.310
176.55,1,0.325
176.56,1,0.301
176.57,1,0.243
176.58,1,0.232
176.59,1,0.230
176.60,1,0.238
176.61,1,0.240
176.62,1,0.266
176.63,1,0.279
176.64,1,0.289
176.65,1,0.314
176.66,1,0.325
176.67,1,0.322
176.68,1,0.323
176.69,1,0.302
176.70,1,0.282
176.71,1,0.274
176.72,1,0.281
176.73,1,0.273
176.74,1,0.264
176.75,1,0.243
176.76,1,0.240
176.77,1,0.273
176.78,1,0.294
176.79,1,0.290
176.80,1,0.316
176.81,1,0.320
176.82,1,0.277
176.83,1,0.283
176.84,1,0.272
176.85,1,0.254
176.86,1,0.271
176.87,1,0.266
176.88,1,0.255
176.89,1,0.255
176.90,1,0.256
176.91,1,0.251
176.92,1,0.272
176.93,1,0.325
176.94,1,0.357
176.95,1,0.386
176.96,1,0.416
176.97,1,0.543
176.98,1,0.663
176.99,1,0.847
177.00,1,0.779
177.01,1,0.868
177.02,1,0.845
177.03,1,0.658
177.04,1,0.348
177.05,1,0.250
177.06,1,0.236
177.07,1,0.261
177.08,1,0.271
177.09,1,0.300
177.10,1,0.319
177.11,1,0.319
177.12,1,0.317
177.13,1,0.326
177.14,1,0.294
177.15,1,0.356
177.16,1,0.537
177.17,1,0.601
177.18,1,0.526
177.19,1,0.493
177.20,1,0.297
177.21,1,0.270
177.22,1,0.251
177.23,1,0.243
177.24,1,0.249
177.25,1,0.283
177.26,1,0.274
177.27,1,0.256
177.28,1,0.229
177.29,1,0.180
177.30,1,0.163
177.31,1,0.165
177.32,1,0.218
177.33,1,0.293
177.34,1,0.386
177.35,1,0.468
177.36,1,0.494
177.37,1,0.418
177.38,1,0.326
177.39,1,0.267
177.40,1,0.228
177.41,1,0.210
177.42,1,0.191
177.43,1,0.186
177.44,1,0.205
177.45,1,0.290
177.46,1,0.369
177.47,1,0.425
177.48,1,0.412
177.49,1,0.363
177.50,1,0.294
177.51,1,0.204
177.52,1,0.218
177.53,1,0.243
177.54,1,0.258
177.55,1,0.243
177.56,1,0.290
177.57,1,0.296
177.58,1,0.360
177.59,1,0.401
177.60,1,0.398
177.61,1,0.342
177.62,1,0.311
177.63,1,0.287
177.64,1,0.286
177.65,1,0.289
177.66,1,0.295
177.67,1,0.294
177.68,1,0.292
177.69,1,0.299
177.70,1,0.306
177.71,1,0.287
177.72,1,0.307
177.73,1,0.328
177.74,1,0.326
177.75,1,0.348
177.76,1,0.367
177.77,1,0.372
177.78,1,0.390
177.79,1,0.412
177.80,1,0.436
177.81,1,0.466
177.82,1,0.420
177.83,1,0.395
177.84,1,0.523
177.85,1,0.617
177.86,1,0.711
177.87,1,0.903
177.88,1,1.012
177.89,1,0.878
177.90,1,0.790
177.91,1,0.783
177.92,1,0.786
177.93,1,0.698
177.94,1,0.686
177.95,1,0.718
177.96,1,0.701
177.97,1,0.748
177.98,1,0.814
177.99,1,0.904
178.00,1,0.877
178.01,1,0.748
178.02,1,0.717
178.03,1,0.666
178.04,1,0.713
178.05,1,0.725
178.06,1,0.763
178.07,1,0.839
178.08,1,1.000
178.09,1,0.991
178.10,1,1.069
178.11,1,0.891
178.12,1,0.484
178.13,1,0.169
178.14,1,0.157
178.15,1,0.181
178.16,1,0.161
178.17,1,0.166
178.18,1,0.185
178.19,1,0.185
178.20,1,0.175
178.21,1,0.177
178.22,1,0.152
178.23,1,0.145
178.24,1,0.140
178.25,1,0.149
178.26,1,0.165
178.27,1,0.186
178.28,1,0.196
178.29,1,0.212
178.30,1,0.224
178.31,1,0.234
178.32,1,0.267
178.33,1,0.354
178.34,1,0.429
178.35,1,0.520
178.36,1,0.644
178.37,1,0.838
178.38,1,0.961
178.39,1,0.975
178.40,1,0.892
178.41,1,0.805
178.42,1,0.679
178.43,1,0.520
178.44,1,0.526
178.45,1,0.605
178.46,1,0.628
178.47,1,0.635
178.48,1,0.579
178.49,1,0.485
178.50,1,0.359
178.51,1,0.306
178.52,1,0.298
178.53,1,0.320
178.54,1,0.319
178.55,1,0.357
178.56,1,0.386
178.57,1,0.414
178.58,1,0.418
178.59,1,0.413
178.60,1,0.401
178.61,1,0.360
178.62,1,0.358
178.63,1,0.338
178.64,1,0.262
178.65,1,0.212
178.66,1,0.186
178.67,1,0.184
178.68,1,0.209
178.69,1,0.235
178.70,1,0.280
178.71,1,0.353
178.72,1,0.412
178.73,1,0.499
178.74,1,0.685
178.75,1,0.712
178.76,1,0.664
178.77,1,0.575
178.78,1,0.374
178.79,1,0.277
178.80,1,0.272
178.81,1,0.284
178.82,1,0.327
178.83,1,0.336
178.84,1,0.370
178.85,1,0.461
178.86,1,0.446
178.87,1,0.438
178.88,1,0.432
178.89,1,0.383
178.90,1,0.305
178.91,1,0.279
178.92,1,0.233
178.93,1,0.251
178.94,1,0.261
178.95,1,0.259
178.96,1,0.257
178.97,1,0.245
178.98,1,0.244
178.99,1,0.222
179.00,1,0.242
179.01,1,0.263
179.02,1,0.301
179.03,1,0.322
179.04,1,0.314
179.05,1,0.307
179.06,1,0.294
179.07,1,0.327
179.08,1,0.378
179.09,1,0.404
179.10,1,0.427
179.11,1,0.413
179.12,1,0.283
179.13,1,0.248
179.14,1,0.235
179.15,1,0.234
179.16,1,0.248
179.17,1,0.289
179.18,1,0.380
179.19,1,0.453
179.20,1,0.619
179.21,1,0.662
179.22,1,0.744
179.23,1,0.739
179.24,1,0.512
179.25,1,0.372
179.26,1,0.317
179.27,1,0.256
179.28,1,0.240
179.29,1,0.256
179.30,1,0.238
179.31,1,0.224
179.32,1,0.244
179.33,1,0.261
179.34,1,0.261
179.35,1,0.266
179.36,1,0.248
179.37,1,0.215
179.38,1,0.191
179.39,1,0.165
179.40,1,0.153
179.41,1,0.149
179.42,1,0.142
179.43,1,0.150
179.44,1,0.168
179.45,1,0.223
179.46,1,0.238
179.47,1,0.251
179.48,1,0.272
179.49,1,0.300
179.50,1,0.288
179.51,1,0.308
179.52,1,0.302
179.53,1,0.282
179.54,1,0.267
179.55,1,0.246
179.56,1,0.242
179.57,1,0.233
179.58,1,0.253
179.59,1,0.295
179.60,1,0.306
179.61,1,0.269
179.62,1,0.236
179.63,1,0.215
179.64,1,0.183
179.65,1,0.192
179.66,1,0.202
179.67,1,0.255
179.68,1,0.323
179.69,1,0.887
179.70,1,1.097
179.71,1,1.074
179.72,1,0.608
179.73,1,0.321
179.74,1,0.343
179.75,1,0.359
179.76,1,0.415
179.77,1,0.445
179.78,1,0.425
179.79,1,0.385
179.80,1,0.328
179.81,1,0.264
179.82,1,0.208
179.83,1,0.211
179.84,1,0.253
179.85,1,0.310
179.86,1,0.353
179.87,1,0.335
179.88,1,0.307
179.89,1,0.275
179.90,1,0.237
179.91,1,0.205
179.92,1,0.242
179.93,1,0.357
179.94,1,0.605
179.95,1,0.625
179.96,1,0.571
179.97,1,0.509
179.98,1,0.509
179.99,1,0.524
180.00,1,0.511
180.01,1,0.529
180.02,1,0.513
180.03,1,0.412
180.04,1,0.300
180.05,1,0.339
180.06,1,0.378
180.07,1,0.360
180.08,1,0.366
180.09,1,0.381
180.10,1,0.375
180.11,1,0.381
180.12,1,0.419
180.13,1,0.384
180.14,1,0.344
180.15,1,0.314
180.16,1,0.241
180.17,1,0.213
180.18,1,0.203
180.19,1,0.210
180.20,1,0.218
180.21,1,0.210
180.22,1,0.211
180.23,1,0.204
180.24,1,0.199
180.25,1,0.187
180.26,1,0.188
180.27,1,0.228
180.28,1,0.243
180.29,1,0.251
180.30,1,0.240
180.31,1,0.233
180.32,1,0.219
180.33,1,0.207
180.34,1,0.208
180.35,1,0.212
180.36,1,0.212
180.37,1,0.199
180.38,1,0.222
180.39,1,0.345
180.40,1,0.373
180.41,1,0.343
180.42,1,0.329
180.43,1,0.283
180.44,1,0.177
180.45,1,0.136
180.46,1,0.155
180.47,1,0.174
180.48,1,0.190
180.49,1,0.241
180.50,1,0.314
180.51,1,0.336
180.52,1,0.325
180.53,1,0.294
180.54,1,0.274
180.55,1,0.272
180.56,1,0.247
180.57,1,0.279
180.58,1,0.287
180.59,1,0.301
180.60,1,0.318
180.61,1,0.320
180.62,1,0.330
180.63,1,0.406
180.64,1,0.418
180.65,1,0.408
180.66,1,0.402
180.67,1,0.370
180.68,1,0.311
180.69,1,0.292
180.70,1,0.314
180.71,1,0.298
180.72,1,0.312
180.73,1,0.317
180.74,1,0.337
180.75,1,0.360
180.76,1,0.416
180.77,1,0.376
180.78,1,0.248
180.79,1,0.197
180.80,1,0.156
180.81,1,0.126
180.82,1,0.148
180.83,1,0.166
180.84,1,0.185
180.85,1,0.221
180.86,1,0.264
180.87,1,0.270
180.88,1,0.280
180.89,1,0.293
180.90,1,0.318
180.91,1,0.293
180.92,1,0.268
180.93,1,0.243
180.94,1,0.237
180.95,1,0.241
180.96,1,0.287
180.97,1,0.334
180.98,1,0.470
180.99,1,0.432
181.00,1,0.321
181.01,1,0.260
181.02,1,0.181
181.03,1,0.153
181.04,1,0.138
181.05,1,0.177
181.06,1,0.220
181.07,1,0.267
181.08,1,0.297
181.09,1,0.315
181.10,1,0.299
181.11,1,0.284
181.12,1,0.296
181.13,1,0.338
181.14,1,0.382
181.15,1,0.452
181.16,1,0.390
181.17,1,0.313
181.18,1,0.255
181.19,1,0.235
181.20,1,0.248
181.21,1,0.268
181.22,1,0.275
181.23,1,0.336
181.24,1,0.333
181.25,1,0.329
181.26,1,0.375
181.27,1,0.384
181.28,1,0.345
181.29,1,0.306
181.30,1,0.243
181.31,1,0.201
181.32,1,0.197
181.33,1,0.236
181.34,1,0.308
181.35,1,0.405
181.36,1,0.427
181.37,1,0.372
181.38,1,0.331
181.39,1,0.307
181.40,1,0.259
181.41,1,0.205
181.42,1,0.166
181.43,1,0.154
181.44,1,0.157
181.45,1,0.154
181.46,1,0.155
181.47,1,0.154
181.48,1,0.156
181.49,1,0.156
181.50,1,0.176
181.51,1,0.213
181.52,1,0.254
181.53,1,0.271
181.54,1,0.302
181.55,1,0.303
181.56,1,0.292
181.57,1,0.276
181.58,1,0.286
181.59,1,0.273
181.60,1,0.269
181.61,1,0.307
181.62,1,0.323
181.63,1,0.270
181.64,1,0.234
181.65,1,0.249
181.66,1,0.230
181.67,1,0.214
181.68,1,0.249
181.69,1,0.255
181.70,1,0.213
181.71,1,0.215
181.72,1,0.211
181.73,1,0.209
181.74,1,0.249
181.75,1,0.319
181.76,1,0.397
181.77,1,0.491
181.78,1,0.511
181.79,1,0.363
181.80,1,0.277
181.81,1,0.243
181.82,1,0.268
181.83,1,0.338
181.84,1,0.357
181.85,1,0.367
181.86,1,0.472
181.87,1,0.517
181.88,1,0.514
181.89,1,0.579
181.90,1,0.605
181.91,1,0.462
181.92,1,0.348
181.93,1,0.278
181.94,1,0.208
181.95,1,0.183
181.96,1,0.237
181.97,1,0.309
181.98,1,0.375
181.99,1,0.425
182.00,1,0.428
182.01,1,0.384
182.02,1,0.352
182.03,1,0.327
182.04,1,0.307
182.05,1,0.320
182.06,1,0.321
182.07,1,0.344
182.08,1,0.326
182.09,1,0.259
182.10,1,0.227
182.11,1,0.182
182.12,1,0.143
182.13,1,0.126
182.14,1,0.114
182.15,1,0.121
182.16,1,0.140
182.17,1,0.168
182.18,1,0.205
182.19,1,0.258
182.20,1,0.340
182.21,1,0.428
182.22,1,0.498
182.23,1,0.512
182.24,1,0.482
182.25,1,0.328
182.26,1,0.340
182.27,1,0.444
182.28,1,0.510
182.29,1,0.505
182.30,1,0.535
182.31,1,0.499
182.32,1,0.437
182.33,1,0.395
182.34,1,0.402
182.35,1,0.418
182.36,1,0.422
182.37,1,0.419
182.38,1,0.428
182.39,1,0.398
182.40,1,0.401
182.41,1,0.365
182.42,1,0.325
182.43,1,0.319
182.44,1,0.292
182.45,1,0.301
182.46,1,0.327
182.47,1,0.298
182.48,1,0.289
182.49,1,0.287
182.50,1,0.251
182.51,1,0.233
182.52,1,0.215
182.53,1,0.223
182.54,1,0.234
182.55,1,0.274
182.56,1,0.323
182.57,1,0.396
182.58,1,0.407
182.59,1,0.426
182.60,1,0.358
182.61,1,0.286
182.62,1,0.253
182.63,1,0.229
182.64,1,0.223
182.65,1,0.276
182.66,1,0.295
182.67,1,0.277
182.68,1,0.285
182.69,1,0.298
182.70,1,0.340
182.71,1,0.394
182.72,1,0.445
182.73,1,0.396
182.74,1,0.301
182.75,1,0.256
182.76,1,0.209
182.77,1,0.207
182.78,1,0.230
182.79,1,0.236
182.80,1,0.224
182.81,1,0.244
182.82,1,0.219
182.83,1,0.254
182.84,1,0.237
182.85,1,0.248
182.86,1,0.257
182.87,1,0.269
182.88,1,0.267
182.89,1,0.346
182.90,1,0.409
182.91,1,0.519
182.92,1,0.676
182.93,1,0.718
182.94,1,0.729
182.95,1,0.695
182.96,1,0.596
182.97,1,0.574
182.98,1,0.588
182.99,1,0.530
183.00,1,0.257
183.01,1,0.225
183.02,1,0.177
183.03,1,0.169
183.04,1,0.198
183.05,1,0.267
183.06,1,0.282
183.07,1,0.354
183.08,1,0.399
183.09,1,0.351
183.10,1,0.293
183.11,1,0.273
183.12,1,0.227
183.13,1,0.221
183.14,1,0.220
183.15,1,0.242
183.16,1,0.261
183.17,1,0.297
183.18,1,0.276
183.19,1,0.248
183.20,1,0.216
183.21,1,0.198
183.22,1,0.203
183.23,1,0.217
183.24,1,0.241
183.25,1,0.251
183.26,1,0.253
183.27,1,0.240
183.28,1,0.215
183.29,1,0.187
183.30,1,0.172
183.31,1,0.150
183.32,1,0.121
183.33,1,0.106
183.34,1,0.093
183.35,1,0.102
183.36,1,0.114
183.37,1,0.151
183.38,1,0.170
183.39,1,0.202
183.40,1,0.224
183.41,1,0.252
183.42,1,0.254
183.43,1,0.240
183.44,1,0.226
183.45,1,0.206
183.46,1,0.197
183.47,1,0.211
183.48,1,0.221
183.49,1,0.211
183.50,1,0.190
183.51,1,0.201
183.52,1,0.208
183.53,1,0.189
183.54,1,0.172
183.55,1,0.158
183.56,1,0.160
183.57,1,0.172
183.58,1,0.195
183.59,1,0.239
183.60,1,0.278
183.61,1,0.290
183.62,1,0.297
183.63,1,0.261
183.64,1,0.231
183.65,1,0.212
183.66,1,0.213
183.67,1,0.207
183.68,1,0.220
183.69,1,0.249
183.70,1,0.237
183.71,1,0.233
183.72,1,0.268
183.73,1,0.280
183.74,1,0.302
183.75,1,0.303
183.76,1,0.308
183.77,1,0.281
183.78,1,0.276
183.79,1,0.264
183.80,1,0.289
183.81,1,0.283
183.82,1,0.320
183.83,1,0.266
183.84,1,0.257
183.85,1,0.193
183.86,1,0.193
183.87,1,0.199
183.88,1,0.196
183.89,1,0.201
183.90,1,0.197
183.91,1,0.215
183.92,1,0.238
183.93,1,0.244
183.94,1,0.254
183.95,1,0.268
183.96,1,0.245
183.97,1,0.231
183.98,1,0.236
183.99,1,0.267
184.00,1,0.313
184.01,1,0.393
184.02,1,0.510
184.03,1,0.645
184.04,1,0.638
184.05,1,0.670
184.06,1,0.598
184.07,1,0.387
184.08,1,0.331
184.09,1,0.293
184.10,1,0.241
184.11,1,0.245
184.12,1,0.662
184.13,1,0.492
184.14,1,0.224
184.15,1,0.153
184.16,1,0.136
184.17,1,0.141
184.18,1,0.159
184.19,1,0.189
184.20,1,0.225
184.21,1,0.289
184.22,1,0.357
184.23,1,0.370
184.24,1,0.381
184.25,1,0.387
184.26,1,0.335
184.27,1,0.262
184.28,1,0.243
184.29,1,0.248
184.30,1,0.253
184.31,1,0.245
184.32,1,0.261
184.33,1,0.248
184.34,1,0.224
184.35,1,0.243
184.36,1,0.270
184.37,1,0.277
184.38,1,0.273
184.39,1,0.268
184.40,1,0.256
184.41,1,0.290
184.42,1,0.305
184.43,1,0.297
184.44,1,0.281
184.45,1,0.248
184.46,1,0.208
184.47,1,0.201
184.48,1,0.227
184.49,1,0.252
184.50,1,0.269
184.51,1,0.310
184.52,1,0.438
184.53,1,0.600
184.54,1,0.901
184.55,1,1.011
184.56,1,0.953
184.57,1,0.856
184.58,1,0.816
184.59,1,0.747
184.60,1,0.771
184.61,1,0.717
184.62,1,0.378
184.63,1,0.287
184.64,1,0.269
184.65,1,0.233
184.66,1,0.226
184.67,1,0.205
184.68,1,0.206
184.69,1,0.194
184.70,1,0.204
184.71,1,0.200
184.72,1,0.215
184.73,1,0.228
184.74,1,0.227
184.75,1,0.207
184.76,1,0.209
184.77,1,0.224
184.78,1,0.251
184.79,1,0.285
184.80,1,0.326
184.81,1,0.358
184.82,1,0.361
184.83,1,0.362
184.84,1,0.435
184.85,1,0.562
184.86,1,0.650
184.87,1,0.790
184.88,1,0.960
184.89,1,0.991
184.90,1,0.878
184.91,1,0.898
184.92,1,0.582
184.93,1,0.259
184.94,1,0.190
184.95,1,0.217
184.96,1,0.242
184.97,1,0.243
184.98,1,0.262
184.99,1,0.285
185.00,1,0.290
185.01,1,0.291
185.02,1,0.300
185.03,1,0.308
185.04,1,0.315
185.05,1,0.333
185.06,1,0.360
185.07,1,0.367
185.08,1,0.474
185.09,1,0.325
185.10,1,0.208
185.11,1,0.196
185.12,1,0.200
185.13,1,0.189
185.14,1,0.195
185.15,1,0.224
185.16,1,0.228
185.17,1,0.235
185.18,1,0.291
185.19,1,0.315
185.20,1,0.307
185.21,1,0.327
185.22,1,0.323
185.23,1,0.294
185.24,1,0.265
185.25,1,0.300
185.26,1,0.302
185.27,1,0.341
185.28,1,0.346
185.29,1,0.333
185.30,1,0.319
185.31,1,0.308
185.32,1,0.294
185.33,1,0.313
185.34,1,0.351
185.35,1,0.371
185.36,1,0.386
185.37,1,0.334
185.38,1,0.291
185.39,1,0.327
185.40,1,0.435
185.41,1,0.585
185.42,1,0.617
185.43,1,0.616
185.44,1,0.624
185.45,1,0.576
185.46,1,0.544
185.47,1,0.490
185.48,1,0.441
185.49,1,0.468
185.50,1,0.368
185.51,1,0.294
185.52,1,0.274
185.53,1,0.269
185.54,1,0.246
185.55,1,0.295
185.56,1,0.262
185.57,1,0.182
185.58,1,0.159
185.59,1,0.127
185.60,1,0.108
185.61,1,0.095
185.62,1,0.093
185.63,1,0.108
185.64,1,0.142
185.65,1,0.187
185.66,1,0.252
185.67,1,0.276
185.68,1,0.273
185.69,1,0.269
185.70,1,0.263
185.71,1,0.263
185.72,1,0.272
185.73,1,0.265
185.74,1,0.273
185.75,1,0.253
185.76,1,0.232
185.77,1,0.247
185.78,1,0.309
185.79,1,0.383
185.80,1,0.522
185.81,1,0.547
185.82,1,0.531
185.83,1,0.552
185.84,1,0.602
185.85,1,0.629
185.86,1,0.647
185.87,1,0.604
185.88,1,0.351
185.89,1,0.208
185.90,1,0.154
185.91,1,0.165
185.92,1,0.179
185.93,1,0.213
185.94,1,0.252
185.95,1,0.274
185.96,1,0.243
185.97,1,0.231
185.98,1,0.225
185.99,1,0.221
186.00,1,0.243
186.01,1,0.294
186.02,1,0.341
186.03,1,0.374
186.04,1,0.395
186.05,1,0.406
186.06,1,0.382
186.07,1,0.353
186.08,1,0.346
186.09,1,0.331
186.10,1,0.336
186.11,1,0.481
186.12,1,0.596
186.13,1,0.595
186.14,1,0.625
186.15,1,0.631
186.16,1,0.674
186.17,1,0.688
186.18,1,0.486
186.19,1,0.158
186.20,1,0.146
186.21,1,0.175
186.22,1,0.186
186.23,1,0.202
186.24,1,0.273
186.25,1,0.345
186.26,1,0.402
186.27,1,0.439
186.28,1,0.447
186.29,1,0.455
186.30,1,0.427
186.31,1,0.464
186.32,1,0.558
186.33,1,0.632
186.34,1,0.686
186.35,1,0.540
186.36,1,0.170
186.37,1,0.142
186.38,1,0.143
186.39,1,0.129
186.40,1,0.136
186.41,1,0.151
186.42,1,0.166
186.43,1,0.184
186.44,1,0.199
186.45,1,0.218
186.46,1,0.238
186.47,1,0.255
186.48,1,0.248
186.49,1,0.243
186.50,1,0.252
186.51,1,0.248
186.52,1,0.236
186.53,1,0.265
186.54,1,0.300
186.55,1,0.316
186.56,1,0.320
186.57,1,0.323
186.58,1,0.308
186.59,1,0.295
186.60,1,0.300
186.61,1,0.324
186.62,1,0.359
186.63,1,0.440
186.64,1,0.382
186.65,1,0.332
186.66,1,0.296
186.67,1,0.266
186.68,1,0.242
186.69,1,0.283
186.70,1,0.301
186.71,1,0.393
186.72,1,0.578
186.73,1,0.599
186.74,1,0.497
186.75,1,0.453
186.76,1,0.411
186.77,1,0.346
186.78,1,0.321
186.79,1,0.375
186.80,1,0.377
186.81,1,0.382
186.82,1,0.382
186.83,1,0.362
186.84,1,0.326
186.85,1,0.286
186.86,1,0.244
186.87,1,0.228
186.88,1,0.223
186.89,1,0.240
186.90,1,0.246
186.91,1,0.248
186.92,1,0.253
186.93,1,0.255
186.94,1,0.260
186.95,1,0.258
186.96,1,0.255
186.97,1,0.263
186.98,1,0.265
186.99,1,0.258
187.00,1,0.255
187.01,1,0.280
187.02,1,0.256
187.03,1,0.232
187.04,1,0.282
187.05,1,0.229
187.06,1,0.175
187.07,1,0.155
187.08,1,0.125
187.09,1,0.130
187.10,1,0.150
187.11,1,0.171
187.12,1,0.196
187.13,1,0.255
187.14,1,0.394
187.15,1,0.395
187.16,1,0.397
187.17,1,0.382
187.18,1,0.393
187.19,1,0.465
187.20,1,0.496
187.21,1,0.426
187.22,1,0.377
187.23,1,0.336
187.24,1,0.343
187.25,1,0.336
187.26,1,0.347
187.27,1,0.366
187.28,1,0.389
187.29,1,0.388
187.30,1,0.427
187.31,1,0.437
187.32,1,0.466
187.33,1,0.514
187.34,1,0.479
187.35,1,0.443
187.36,1,0.401
187.37,1,0.372
187.38,1,0.359
187.39,1,0.389
187.40,1,0.444
187.41,1,0.485
187.42,1,0.551
187.43,1,0.583
187.44,1,0.607
187.45,1,0.605
187.46,1,0.590
187.47,1,0.571
187.48,1,0.528
187.49,1,0.512
187.50,1,0.486
187.51,1,0.499
187.52,1,0.548
187.53,1,0.557
187.54,1,0.521
187.55,1,0.510
187.56,1,0.487
187.57,1,0.456
187.58,1,0.478
187.59,1,0.500
187.60,1,0.519
187.61,1,0.545
187.62,1,0.541
187.63,1,0.535
187.64,1,0.516
187.65,1,0.491
187.66,1,0.454
187.67,1,0.442
187.68,1,0.468
187.69,1,0.527
187.70,1,0.541
187.71,1,0.580
187.72,1,0.582
187.73,1,0.576
187.74,1,0.561
187.75,1,0.601
187.76,1,0.607
187.77,1,0.647
187.78,1,0.646
187.79,1,0.590
187.80,1,0.529
187.81,1,0.506
187.82,1,0.508
187.83,1,0.483
187.84,1,0.489
187.85,1,0.542
187.86,1,0.572
187.87,1,0.600
187.88,1,0.685
187.89,1,0.720
187.90,1,0.655
187.91,1,0.608
187.92,1,0.543
187.93,1,0.488
187.94,1,0.425
187.95,1,0.466
187.96,1,0.417
187.97,1,0.371
187.98,1,0.379
187.99,1,0.377
188.00,1,0.357
188.01,1,0.382
188.02,1,0.434
188.03,1,0.475
188.04,1,0.530
188.05,1,0.579
188.06,1,0.597
188.07,1,0.496
188.08,1,0.405
188.09,1,0.379
188.10,1,0.378
188.11,1,0.351
188.12,1,0.481
188.13,1,0.576
188.14,1,0.482
188.15,1,0.475
188.16,1,0.465
188.17,1,0.396
188.18,1,0.463
188.19,1,0.569
188.20,1,0.610
188.21,1,0.692
188.22,1,0.701
188.23,1,0.673
188.24,1,0.715
188.25,1,0.698
188.26,1,0.603
188.27,1,0.559
188.28,1,0.534
188.29,1,0.451
188.30,1,0.391
188.31,1,0.328
188.32,1,0.371
188.33,1,0.381
188.34,1,0.353
188.35,1,0.355
188.36,1,0.359
188.37,1,0.331
188.38,1,0.325
188.39,1,0.332
188.40,1,0.281
188.41,1,0.289
188.42,1,0.294
188.43,1,0.312
188.44,1,0.308
188.45,1,0.338
188.46,1,0.350
188.47,1,0.355
188.48,1,0.396
188.49,1,0.430
188.50,1,0.439
188.51,1,0.432
188.52,1,0.434
188.53,1,0.406
188.54,1,0.407
188.55,1,0.420
188.56,1,0.449
188.57,1,0.439
188.58,1,0.443
188.59,1,0.448
188.60,1,0.453
188.61,1,0.449
188.62,1,0.475
188.63,1,0.451
188.64,1,0.451
188.65,1,0.408
188.66,1,0.391
188.67,1,0.350
188.68,1,0.330
188.69,1,0.318
188.70,1,0.310
188.71,1,0.286
188.72,1,0.289
188.73,1,0.277
188.74,1,0.298
188.75,1,0.297
188.76,1,0.318
188.77,1,0.321
188.78,1,0.353
188.79,1,0.417
188.80,1,0.455
188.81,1,0.456
188.82,1,0.460
188.83,1,0.443
188.84,1,0.380
188.85,1,0.420
188.86,1,0.442
188.87,1,0.420
188.88,1,0.382
188.89,1,0.337
188.90,1,0.271
188.91,1,0.253
188.92,1,0.242
188.93,1,0.222
188.94,0,
188.95,0,
188.96,0,
188.97,0,
188.98,0,
188.99,0,
189.00,0,
189.01,0,
189.02,0,
189.03,0,
189.04,0,
189.05,0,
189.06,0,
189.07,0,
189.08,0,
189.09,0,
189.10,0,
189.11,0,
189.12,0,
189.13,0,
189.14,0,
189.15,0,
189.16,0,
189.17,0,
189.18,0,
189.19,0,
189.20,0,
189.21,0,
189.22,0,
189.23,0,
189.24,0,
189.25,0,
189.26,0,
189.27,0,
189.28,0,
189.29,0,
189.30,0,
189.31,0,
189.32,0,
189.33,0,
189.34,0,
189.35,0,
189.36,0,
189.37,0,
189.38,0,
189.39,0,
189.40,0,
189.41,0,
189.42,0,
189.43,0,
189.44,0,
189.45,0,
189.46,0,
189.47,0,
189.48,0,
189.49,0,
189.50,0,
189.51,0,
189.52,0,
189.53,0,
189.54,0,
189.55,0,
189.56,0,
189.57,0,
189.58,0,
189.59,0,
189.60,0,
189.61,0,
189.62,0,
189.63,0,
189.64,0,
189.65,0,
189.66,0,
189.67,0,
189.68,0,
189.69,0,
189.70,0,
189.71,0,
189.72,0,
189.73,0,
189.74,0,
189.75,0,
189.76,0,
189.77,0,
189.78,0,
189.79,0,
189.80,0,
189.81,0,
189.82,0,
189.83,0,
189.84,0,
189.85,0,
189.86,0,
189.87,0,
189.88,0,
189.89,0,
189.90,0,
189.91,0,
189.92,0,
189.93,0,
189.94,0,
189.95,0,
189.96,0,
189.97,0,
189.98,0,
189.99,0,
190.00,0,
190.01,0,
190.02,0,
190.03,0,
190.04,0,
190.05,0,
190.06,0,
190.07,0,
190.08,0,
190.09,0,
190.10,0,
190.11,0,
190.12,0,
190.13,0,
190.14,0,
190.15,0,
190.16,0,
190.17,0,
190.18,0,
190.19,0,
190.20,0,
190.21,0,
190.22,0,
190.23,0,
190.24,0,
190.25,0,
190.26,0,
190.27,0,
190.28,0,
190.29,0,
190.30,0,
190.31,0,
190.32,0,
190.33,0,
190.34,0,
190.35,0,
190.36,0,
190.37,0,
190.38,0,
190.39,0,
190.40,0,
190.41,0,
190.42,0,
190.43,0,
190.44,0,
190.45,0,
190.46,0,
190.47,0,
190.48,0,
190.49,0,
190.50,0,
190.51,0,
190.52,0,
190.53,0,
190.54,0,
190.55,1,0.332
190.56,1,0.359
190.57,1,0.369
190.58,1,0.380
190.59,1,0.389
190.60,1,0.431
190.61,1,0.433
190.62,1,0.435
190.63,1,0.442
190.64,1,0.385
190.65,1,0.353
190.66,1,0.409
190.67,1,0.415
190.68,1,0.435
190.69,1,0.436
190.70,1,0.474
190.71,1,0.453
190.72,1,0.483
190.73,1,0.500
190.74,1,0.514
190.75,1,0.463
190.76,1,0.439
190.77,0,
190.78,0,
190.79,0,
190.80,0,
190.81,0,
190.82,0,
190.83,0,
190.84,0,
190.85,0,
190.86,0,
190.87,0,
190.88,0,
190.89,0,
190.90,0,
190.91,0,
190.92,0,
190.93,0,
190.94,0,
190.95,0,
190.96,0,
190.97,0,
190.98,0,
190.99,0,
191.00,0,
191.01,0,
191.02,0,
191.03,0,
191.04,0,
191.05,0,
191.06,0,
191.07,0,
191.08,0,
191.09,0,
191.10,0,
191.11,0,
191.12,0,
191.13,0,
191.14,0,
191.15,0,
191.16,0,
191.17,0,
191.18,0,
191.19,0,
191.20,0,
191.21,0,
191.22,0,
191.23,0,
191.24,0,
191.25,0,
191.26,0,
191.27,0,
191.28,0,
191.29,0,
191.30,0,
191.31,0,
191.32,0,
191.33,0,
191.34,0,
191.35,0,
191.36,0,
191.37,0,
191.38,0,
191.39,0,
191.40,0,
191.41,0,
191.42,0,
191.43,0,
191.44,0,
191.45,0,
191.46,0,
191.47,0,
191.48,0,
191.49,0,
191.50,0,
191.51,0,
191.52,0,
191.53,0,
191.54,0,
191.55,0,
191.56,0,
191.57,0,
191.58,0,
191.59,0,
191.60,0,
191.61,0,
191.62,0,
191.63,0,
191.64,0,
191.65,0,
191.66,0,
191.67,0,
191.68,0,
191.69,0,
191.70,0,
191.71,0,
191.72,0,
191.73,0,
191.74,0,
191.75,0,
191.76,0,
191.77,0,
191.78,0,
191.79,0,
191.80,0,
191.81,0,
191.82,0,
191.83,0,
191.84,0,
191.85,0,
191.86,0,
191.87,0,
191.88,0,
191.89,0,
191.90,0,
191.91,0,
191.92,0,
191.93,0,
191.94,0,
191.95,0,
191.96,0,
191.97,0,
191.98,0,
191.99,0,
192.00,0,
192.01,0,
192.02,0,
192.03,0,
192.04,0,
192.05,0,
192.06,0,
192.07,0,
192.08,0,
192.09,0,
192.10,0,
192.11,0,
192.12,0,
192.13,0,
192.14,0,
192.15,0,
192.16,0,
192.17,0,
192.18,0,
192.19,0,
192.20,0,
192.21,0,
192.22,0,
192.23,0,
192.24,0,
192.25,0,
192.26,0,
192.27,0,
192.28,0,
192.29,0,
192.30,0,
192.31,0,
192.32,0,
192.33,0,
192.34,0,
192.35,0,
192.36,0,
192.37,0,
192.38,0,
192.39,0,
192.40,0,
192.41,0,
192.42,0,
192.43,0,
192.44,0,
192.45,0,
192.46,0,
192.47,0,
192.48,0,
192.49,0,
192.50,0,
192.51,0,
192.52,0,
192.53,0,
192.54,0,
192.55,0,
192.56,0,
192.57,0,
192.58,0,
192.59,0,
192.60,0,
192.61,0,
192.62,0,
192.63,0,
192.64,0,
192.65,0,
192.66,0,
192.67,0,
192.68,0,
192.69,0,
192.70,0,
192.71,0,
192.72,0,
192.73,0,
192.74,0,
192.75,0,
192.76,0,
192.77,0,
192.78,0,
192.79,0,
192.80,0,
192.81,0,
192.82,0,
192.83,0,
192.84,0,
192.85,0,
192.86,0,
192.87,0,
192.88,0,
192.89,0,
192.90,0,
192.91,0,
192.92,0,
192.93,0,
192.94,0,
192.95,0,
192.96,0,
192.97,0,
192.98,0,
192.99,0,
193.00,0,
193.01,0,
193.02,0,
193.03,0,
193.04,0,
193.05,0,
193.06,0,
193.07,0,
193.08,0,
193.09,0,
193.10,0,
193.11,0,
193.12,0,
193.13,0,
193.14,0,
193.15,0,
193.16,0,
193.17,0,
193.18,0,
193.19,0,
193.20,0,
193.21,0,
193.22,0,
193.23,0,
193.24,0,
193.25,0,
193.26,0,
193.27,0,
193.28,0,
193.29,0,
193.30,0,
193.31,0,
193.32,0,
193.33,0,
193.34,0,
193.35,0,
193.36,0,
193.37,0,
193.38,0,
193.39,0,
193.40,0,
193.41,0,
193.42,0,
193.43,0,
193.44,0,
193.45,0,
193.46,0,
193.47,0,
193.48,0,
193.49,0,
193.50,0,
193.51,0,
193.52,0,
193.53,0,
193.54,0,
193.55,0,
193.56,0,
193.57,0,
193.58,0,
193.59,0,
193.60,0,
193.61,0,
193.62,0,
193.63,0,
193.64,0,
193.65,0,
193.66,0,
193.67,0,
193.68,0,
193.69,0,
193.70,0,
193.71,0,
193.72,0,
193.73,0,
193.74,0,
193.75,0,
193.76,0,
193.77,0,
193.78,0,
193.79,0,
193.80,0,
193.81,0,
193.82,0,
193.83,0,
193.84,0,
193.85,0,
193.86,0,
193.87,0,
193.88,0,
193.89,0,
193.90,0,
193.91,0,
193.92,0,
193.93,0,
193.94,0,
193.95,0,
193.96,0,
193.97,0,
193.98,0,
193.99,0,
194.00,0,
194.01,0,
194.02,0,
194.03,0,
194.04,0,
194.05,0,
194.06,0,
194.07,0,
194.08,0,
194.09,0,
194.10,0,
194.11,0,
194.12,0,
194.13,0,
194.14,0,
194.15,0,
194.16,0,
194.17,0,
194.18,0,
194.19,0,
194.20,0,
194.21,0,
194.22,0,
194.23,0,
194.24,0,
194.25,0,
194.26,0,
194.27,0,
194.28,0,
194.29,0,
194.30,0,
194.31,0,
194.32,0,
194.33,0,
194.34,0,
194.35,0,
194.36,0,
194.37,0,
194.38,0,
194.39,0,
194.40,0,
194.41,0,
194.42,0,
194.43,0,
194.44,0,
194.45,0,
194.46,0,
194.47,0,
194.48,0,
194.49,0,
194.50,0,
194.51,0,
194.52,0,
194.53,0,
194.54,0,
194.55,0,
194.56,0,
194.57,0,
194.58,0,
194.59,0,
194.60,0,
194.61,0,
194.62,0,
194.63,0,
194.64,0,
194.65,0,
194.66,0,
194.67,0,
194.68,0,
194.69,0,
194.70,0,
194.71,0,
194.72,0,
194.73,0,
194.74,0,
194.75,0,
194.76,0,
194.77,0,
194.78,0,
194.79,0,
194.80,0,
194.81,0,
194.82,0,
194.83,0,
194.84,0,
194.85,0,
194.86,0,
194.87,0,
194.88,0,
194.89,0,
194.90,0,
194.91,0,
194.92,0,
194.93,0,
194.94,0,
194.95,0,
194.96,0,
194.97,0,
194.98,0,
194.99,0,
195.00,0,
195.01,0,
195.02,0,
195.03,0,
195.04,0,
195.05,0,
195.06,0,
195.07,0,
195.08,0,
195.09,0,
195.10,0,
195.11,0,
195.12,0,
195.13,0,
195.14,0,
195.15,0,
195.16,0,
195.17,0,
195.18,0,
195.19,0,
195.20,0,
195.21,0,
195.22,0,
195.23,0,
195.24,0,
195.25,0,
195.26,0,
195.27,0,
195.28,0,
195.29,0,
195.30,0,
195.31,0,
195.32,0,
195.33,0,
195.34,0,
195.35,0,
195.36,0,
195.37,0,
195.38,0,
195.39,0,
195.40,0,
195.41,0,
195.42,0,
195.43,0,
195.44,0,
195.45,0,
195.46,0,
195.47,0,
195.48,0,
195.49,0,
195.50,0,
195.51,0,
195.52,0,
195.53,0,
195.54,0,
195.55,0,
195.56,0,
195.57,0,
195.58,0,
195.59,0,
195.60,0,
195.61,0,
195.62,0,
195.63,0,
195.64,0,
195.65,0,
195.66,0,
195.67,0,
195.68,0,
195.69,0,
195.70,0,
195.71,0,
195.72,0,
195.73,0,
195.74,0,
195.75,0,
195.76,0,
195.77,0,
195.78,0,
195.79,0,
195.80,0,
195.81,0,
195.82,0,
195.83,0,
195.84,0,
195.85,0,
195.86,0,
195.87,0,
195.88,0,
195.89,0,
195.90,0,
195.91,0,
195.92,0,
195.93,0,
195.94,0,
195.95,0,
195.96,0,
195.97,0,
195.98,0,
195.99,0,
196.00,0,
196.01,0,
196.02,0,
196.03,0,
196.04,0,
196.05,0,
196.06,0,
196.07,0,
196.08,0,
196.09,0,
196.10,0,
196.11,0,
196.12,0,
196.13,0,
196.14,0,
196.15,0,
196.16,0,
196.17,0,
196.18,0,
196.19,0,
196.20,0,
196.21,0,
196.22,0,
196.23,0,
196.24,0,
196.25,0,
196.26,0,
196.27,0,
196.28,0,
196.29,0,
196.30,0,
196.31,0,
196.32,0,
196.33,0,
196.34,0,
196.35,0,
196.36,0,
196.37,0,
196.38,0,
196.39,0,
196.40,0,
196.41,0,
196.42,0,
196.43,0,
196.44,0,
196.45,0,
196.46,0,
196.47,0,
196.48,0,
196.49,0,
196.50,0,
196.51,0,
196.52,0,
196.53,0,
196.54,0,
196.55,0,
196.56,0,
196.57,0,
196.58,0,
196.59,0,
196.60,0,
196.61,0,
196.62,0,
196.63,0,
196.64,0,
196.65,0,
196.66,0,
196.67,0,
196.68,0,
196.69,0,
196.70,0,
196.71,0,
196.72,0,
196.73,0,
196.74,0,
196.75,0,
196.76,0,
196.77,0,
196.78,0,
196.79,0,
196.80,0,
196.81,0,
196.82,0,
196.83,0,
196.84,0,
196.85,0,
196.86,0,
196.87,0,
196.88,0,
196.89,0,
196.90,0,
196.91,0,
196.92,0,
196.93,0,
196.94,0,
196.95,0,
196.96,0,
196.97,0,
196.98,0,
196.99,0,
197.00,0,
197.01,0,
197.02,0,
197.03,0,
197.04,0,
197.05,0,
197.06,0,
197.07,0,
197.08,0,
197.09,0,
197.10,0,
197.11,0,
197.12,0,
197.13,0,
197.14,0,
197.15,0,
197.16,0,
197.17,0,
197.18,0,
197.19,0,
197.20,0,
197.21,0,
197.22,0,
197.23,0,
197.24,0,
197.25,0,
197.26,0,
197.27,0,
197.28,0,
197.29,0,
197.30,0,
197.31,0,
197.32,0,
197.33,0,
197.34,0,
197.35,0,
197.36,0,
197.37,0,
197.38,0,
197.39,0,
197.40,0,
197.41,0,
197.42,0,
197.43,0,
197.44,0,
197.45,0,
197.46,0,
197.47,0,
197.48,0,
197.49,0,
197.50,0,
197.51,0,
197.52,0,
197.53,0,
197.54,0,
197.55,0,
197.56,0,
197.57,0,
197.58,0,
197.59,0,
197.60,0,
197.61,0,
197.62,0,
197.63,0,
197.64,0,
197.65,0,
197.66,0,
197.67,0,
197.68,0,
197.69,0,
197.70,0,
197.71,0,
197.72,0,
197.73,0,
197.74,0,
197.75,0,
197.76,0,
197.77,0,
197.78,0,
197.79,0,
197.80,0,
197.81,0,
197.82,0,
197.83,0,
197.84,0,
197.85,0,
197.86,0,
197.87,0,
197.88,0,
197.89,0,
197.90,0,
197.91,0,
197.92,0,
197.93,0,
197.94,0,
197.95,0,
197.96,0,
197.97,0,
197.98,0,
197.99,0,
198.00,0,
198.01,0,
198.02,0,
198.03,0,
198.04,0,
198.05,0,
198.06,0,
198.07,0,
198.08,0,
198.09,0,
198.10,0,
198.11,0,
198.12,0,
198.13,0,
198.14,0,
198.15,0,
198.16,0,
198.17,0,
198.18,0,
198.19,0,
198.20,1,0.031
198.21,1,0.031
198.22,1,0.030
198.23,1,0.029
198.24,1,0.027
198.25,1,0.028
198.26,1,0.031
198.27,1,0.036
198.28,1,0.042
198.29,1,0.048
198.30,1,0.053
198.31,1,0.057
198.32,1,0.068
198.33,1,0.075
198.34,1,0.084
198.35,1,0.099
198.36,1,0.127
198.37,1,0.146
198.38,1,0.173
198.39,1,0.155
198.40,1,0.129
198.41,1,0.129
198.42,1,0.119
198.43,1,0.120
198.44,1,0.131
198.45,1,0.117
198.46,1,0.112
198.47,1,0.108
198.48,1,0.114
198.49,1,0.115
198.50,1,0.111
198.51,1,0.109
198.52,1,0.120
198.53,1,0.115
198.54,1,0.123
198.55,1,0.124
198.56,1,0.125
198.57,1,0.124
198.58,1,0.127
198.59,1,0.115
198.60,1,0.119
198.61,1,0.121
198.62,1,0.115
198.63,1,0.104
198.64,1,0.126
198.65,1,0.130
198.66,1,0.138
198.67,1,0.172
198.68,1,0.211
198.69,1,0.211
198.70,1,0.208
198.71,1,0.173
198.72,1,0.149
198.73,1,0.148
198.74,1,0.136
198.75,1,0.151
198.76,1,0.167
198.77,1,0.196
198.78,1,0.226
198.79,1,0.271
198.80,1,0.287
198.81,1,0.312
198.82,1,0.299
198.83,1,0.280
198.84,1,0.304
198.85,1,0.317
198.86,1,0.326
198.87,1,0.301
198.88,1,0.266
198.89,1,0.238
198.90,1,0.217
198.91,1,0.186
198.92,1,0.204
198.93,1,0.193
198.94,1,0.202
198.95,1,0.198
198.96,1,0.205
198.97,1,0.197
198.98,1,0.203
198.99,1,0.187
199.00,1,0.171
199.01,1,0.157
199.02,1,0.177
199.03,1,0.176
199.04,1,0.181
199.05,1,0.190
199.06,1,0.199
199.07,1,0.224
199.08,1,0.254
199.09,1,0.284
199.10,1,0.296
199.11,1,0.274
199.12,1,0.257
199.13,1,0.215
199.14,1,0.175
199.15,1,0.155
199.16,1,0.146
199.17,1,0.132
199.18,0,
199.19,0,
199.20,0,
199.21,0,
199.22,0,
199.23,0,
199.24,0,
199.25,0,
199.26,0,
199.27,0,
199.28,0,
199.29,0,
199.30,0,
199.31,0,
199.32,0,
199.33,0,
199.34,0,
199.35,0,
199.36,0,
199.37,0,
199.38,0,
199.39,0,
199.40,0,
199.41,0,
199.42,0,
199.43,0,
199.44,0,
199.45,0,
199.46,0,
199.47,0,
199.48,0,
199.49,0,
199.50,0,
199.51,0,
199.52,0,
199.53,0,
199.54,0,
199.55,0,
199.56,0,
199.57,0,
199.58,0,
199.59,0,
199.60,0,
199.61,0,
199.62,0,
199.63,0,
199.64,0,
199.65,0,
199.66,0,
199.67,0,
199.68,0,
199.69,0,
199.70,0,
199.71,0,
199.72,0,
199.73,0,
199.74,0,
199.75,0,
199.76,0,
199.77,0,
199.78,0,
199.79,0,
199.80,0,
199.81,0,
199.82,0,
199.83,0,
199.84,0,
199.85,0,
199.86,0,
199.87,0,
199.88,0,
199.89,0,
199.90,0,
199.91,0,
199.92,0,
199.93,0,
199.94,0,
199.95,0,
199.96,0,
199.97,0,
199.98,0,
199.99,0,
200.00,0,
200.01,0,
200.02,0,
200.03,0,
200.04,0,
200.05,0,
200.06,0,
200.07,0,
200.08,0,
200.09,0,
200.10,0,
200.11,0,
200.12,0,
200.13,0,
200.14,0,
200.15,0,
200.16,0,
200.17,0,
200.18,0,
200.19,0,
200.20,0,
200.21,0,
200.22,0,
200.23,0,
200.24,0,
200.25,0,
200.26,0,
200.27,0,
200.28,0,
200.29,0,
200.30,0,
200.31,0,
200.32,0,
200.33,0,
200.34,0,
200.35,0,
200.36,0,
200.37,0,
200.38,0,
200.39,0,
200.40,0,
200.41,0,
200.42,0,
200.43,0,
200.44,0,
200.45,0,
200.46,0,
200.47,0,
200.48,0,
200.49,0,
200.50,0,
200.51,0,
200.52,0,
200.53,0,
200.54,0,
200.55,0,
200.56,0,
200.57,0,
200.58,0,
200.59,0,
200.60,0,
200.61,0,
200.62,0,
200.63,0,
200.64,0,
200.65,0,
200.66,0,
200.67,0,
200.68,0,
200.69,0,
200.70,0,
200.71,0,
200.72,0,
200.73,0,
200.74,0,
200.75,0,
200.76,0,
200.77,0,
200.78,0,
200.79,0,
200.80,0,
200.81,0,
200.82,0,
200.83,0,
200.84,0,
200.85,0,
200.86,0,
200.87,0,
200.88,0,
200.89,0,
200.90,0,
200.91,0,
200.92,0,
200.93,0,
200.94,0,
200.95,0,
200.96,0,
200.97,0,
200.98,0,
200.99,0,
201.00,0,
201.01,0,
201.02,0,
201.03,0,
201.04,0,
201.05,0,
201.06,0,
201.07,0,
201.08,0,
201.09,0,
201.10,0,
201.11,0,
201.12,0,
201.13,0,
201.14,0,
201.15,0,
201.16,0,
201.17,0,
201.18,0,
201.19,0,
201.20,0,
201.21,0,
201.22,0,
201.23,0,
201.24,0,
201.25,0,
201.26,0,
201.27,0,
201.28,0,
201.29,0,
201.30,0,
201.31,0,
201.32,0,
201.33,0,
201.34,0,
201.35,0,
201.36,0,
201.37,0,
201.38,0,
201.39,0,
201.40,0,
201.41,0,
201.42,0,
201.43,0,
201.44,0,
201.45,0,
201.46,0,
201.47,0,
201.48,0,
201.49,0,
201.50,0,
201.51,0,
201.52,0,
201.53,0,
201.54,0,
201.55,0,
201.56,0,
201.57,0,
201.58,0,
201.59,0,
201.60,0,
201.61,0,
201.62,0,
201.63,0,
201.64,0,
201.65,0,
201.66,0,
201.67,0,
201.68,0,
201.69,0,
201.70,0,
201.71,0,
201.72,0,
201.73,0,
201.74,0,
201.75,0,
201.76,0,
201.77,0,
201.78,0,
201.79,0,
201.80,0,
201.81,0,
201.82,0,
201.83,0,
201.84,0,
201.85,0,
201.86,0,
201.87,0,
201.88,0,
201.89,0,
201.90,0,
201.91,0,
201.92,0,
201.93,0,
201.94,0,
201.95,0,
201.96,0,
201.97,0,
201.98,0,
201.99,0,
202.00,0,
202.01,0,
202.02,0,
202.03,0,
202.04,0,
202.05,0,
202.06,0,
202.07,0,
202.08,0,
202.09,0,
202.10,0,
202.11,0,
202.12,0,
202.13,0,
202.14,0,
202.15,0,
202.16,0,
202.17,0,
202.18,0,
202.19,0,
202.20,0,
202.21,0,
202.22,0,
202.23,0,
202.24,0,
202.25,0,
202.26,0,
202.27,0,
202.28,0,
202.29,0,
202.30,0,
202.31,0,
202.32,0,
202.33,0,
202.34,0,
202.35,0,
202.36,0,
202.37,0,
202.38,0,
202.39,0,
202.40,0,
202.41,0,
202.42,0,
202.43,0,
202.44,0,
202.45,0,
202.46,0,
202.47,0,
202.48,0,
202.49,0,
202.50,0,
202.51,0,
202.52,0,
202.53,0,
202.54,0,
202.55,0,
202.56,0,
202.57,0,
202.58,0,
202.59,0,
202.60,0,
202.61,0,
202.62,0,
202.63,0,
202.64,0,
202.65,0,
202.66,0,
202.67,0,
202.68,0,
202.69,0,
202.70,0,
202.71,0,
202.72,0,
202.73,0,
202.74,0,
202.75,0,
202.76,0,
202.77,0,
202.78,0,
202.79,0,
202.80,0,
202.81,0,
202.82,0,
202.83,0,
202.84,0,
202.85,0,
202.86,0,
202.87,0,
202.88,0,
202.89,0,
202.90,0,
202.91,0,
202.92,0,
202.93,0,
202.94,0,
202.95,0,
202.96,0,
202.97,0,
202.98,0,
202.99,0,
203.00,0,
203.01,0,
203.02,0,
203.03,0,
203.04,0,
203.05,0,
203.06,0,
203.07,0,
203.08,0,
203.09,0,
203.10,0,
203.11,0,
203.12,0,
203.13,0,
203.14,0,
203.15,0,
203.16,0,
203.17,0,
203.18,0,
203.19,0,
203.20,0,
203.21,0,
203.22,0,
203.23,0,
203.24,0,
203.25,0,
203.26,0,
203.27,0,
203.28,0,
203.29,0,
203.30,0,
203.31,0,
203.32,0,
203.33,0,
203.34,0,
203.35,0,
203.36,0,
203.37,0,
203.38,0,
203.39,0,
203.40,0,
203.41,0,
203.42,0,
203.43,0,
203.44,0,
203.45,0,
203.46,0,
203.47,0,
203.48,0,
203.49,0,
203.50,0,
203.51,0,
203.52,0,
203.53,0,
203.54,0,
203.55,0,
203.56,0,
203.57,0,
203.58,0,
203.59,0,
203.60,0,
203.61,0,
203.62,0,
203.63,0,
203.64,0,
203.65,0,
203.66,0,
203.67,0,
203.68,0,
203.69,0,
203.70,0,
203.71,0,
203.72,0,
203.73,0,
203.74,0,
203.75,0,
203.76,0,
203.77,0,
203.78,0,
203.79,0,
203.80,0,
203.81,0,
203.82,0,
203.83,0,
203.84,0,
203.85,0,
203.86,0,
203.87,0,
203.88,0,
203.89,0,
203.90,0,
203.91,0,
203.92,0,
203.93,0,
203.94,0,
203.95,0,
203.96,0,
203.97,0,
203.98,0,
203.99,0,
204.00,0,
204.01,0,
204.02,0,
204.03,0,
204.04,0,
204.05,0,
204.06,0,
204.07,0,
204.08,0,
204.09,0,
204.10,0,
204.11,0,
204.12,0,
204.13,0,
204.14,0,
204.15,0,
204.16,0,
204.17,0,
204.18,0,
204.19,0,
204.20,0,
204.21,0,
204.22,0,
204.23,0,
204.24,0,
204.25,0,
204.26,0,
204.27,0,
204.28,0,
204.29,0,
204.30,0,
204.31,0,
204.32,0,
204.33,0,
204.34,0,
204.35,0,
204.36,0,
204.37,0,
204.38,0,
204.39,0,
204.40,0,
204.41,0,
204.42,0,
204.43,0,
204.44,0,
204.45,0,
204.46,0,
204.47,0,
204.48,0,
204.49,0,
204.50,0,
204.51,0,
204.52,0,
204.53,0,
204.54,0,
204.55,0,
204.56,0,
204.57,0,
204.58,1,0.001
204.59,1,0.001
204.60,1,0.001
204.61,1,0.001
204.62,1,0.001
204.63,1,0.001
204.64,1,0.001
204.65,1,0.001
204.66,1,0.001
204.67,1,0.001
204.68,1,0.001
204.69,1,0.001
204.70,1,0.001
