t,vocal_on,width
0.00,1,0.272
0.01,1,0.257
0.02,1,0.242
0.03,1,0.255
0.04,1,0.265
0.05,1,0.278
0.06,1,0.280
0.07,0,
0.08,0,
0.09,0,
0.10,0,
0.11,0,
0.12,0,
0.13,0,
0.14,0,
0.15,0,
0.16,0,
0.17,0,
0.18,0,
0.19,0,
0.20,0,
0.21,0,
0.22,0,
0.23,0,
0.24,0,
0.25,0,
0.26,0,
0.27,0,
0.28,0,
0.29,0,
0.30,0,
0.31,0,
0.32,0,
0.33,1,0.086
0.34,1,0.112
0.35,1,0.127
0.36,1,0.161
0.37,1,0.286
0.38,1,0.285
0.39,1,0.245
0.40,1,0.266
0.41,1,0.268
0.42,1,0.263
0.43,1,0.267
0.44,1,0.304
0.45,1,0.269
0.46,1,0.278
0.47,1,0.266
0.48,1,0.250
0.49,1,0.246
0.50,1,0.247
0.51,1,0.229
0.52,1,0.244
0.53,1,0.250
0.54,1,0.252
0.55,1,0.257
0.56,1,0.275
0.57,1,0.278
0.58,1,0.283
0.59,1,0.302
0.60,1,0.327
0.61,1,0.333
0.62,1,0.354
0.63,1,0.586
0.64,1,0.460
0.65,1,0.239
0.66,1,0.165
0.67,1,0.146
0.68,1,0.186
0.69,1,0.235
0.70,1,0.279
0.71,1,0.341
0.72,1,0.391
0.73,1,0.392
0.74,1,0.346
0.75,1,0.332
0.76,1,0.338
0.77,1,0.313
0.78,1,0.303
0.79,1,0.299
0.80,1,0.273
0.81,1,0.252
0.82,1,0.276
0.83,1,0.304
0.84,1,0.324
0.85,1,0.441
0.86,1,0.559
0.87,1,0.542
0.88,1,0.867
0.89,1,1.200
0.90,1,1.201
0.91,1,0.683
0.92,1,0.319
0.93,1,0.209
0.94,1,0.174
0.95,1,0.180
0.96,1,0.196
0.97,1,0.197
0.98,1,0.200
0.99,1,0.200
1.00,1,0.197
1.01,1,0.198
1.02,1,0.208
1.03,1,0.230
1.04,1,0.285
1.05,1,0.336
1.06,1,0.413
1.07,1,0.582
1.08,1,0.642
1.09,1,0.321
1.10,1,0.222
1.11,1,0.201
1.12,1,0.197
1.13,1,0.220
1.14,1,0.249
1.15,1,0.291
1.16,1,0.315
1.17,1,0.321
1.18,1,0.324
1.19,1,0.336
1.20,1,0.351
1.21,1,0.350
1.22,1,0.353
1.23,1,0.332
1.24,1,0.300
1.25,1,0.270
1.26,1,0.259
1.27,1,0.259
1.28,1,0.281
1.29,1,0.315
1.30,1,0.365
1.31,1,0.450
1.32,1,0.575
1.33,1,0.652
1.34,1,0.665
1.35,1,0.620
1.36,1,0.601
1.37,1,0.643
1.38,1,0.829
1.39,1,1.232
1.40,1,1.546
1.41,1,1.668
1.42,1,1.642
1.43,1,1.672
1.44,0,
1.45,0,
1.46,0,
1.47,0,
1.48,0,
1.49,0,
1.50,0,
1.51,0,
1.52,0,
1.53,0,
1.54,0,
1.55,0,
1.56,0,
1.57,0,
1.58,0,
1.59,0,
1.60,0,
1.61,0,
1.62,0,
1.63,0,
1.64,0,
1.65,0,
1.66,0,
1.67,0,
1.68,0,
1.69,0,
1.70,0,
1.71,0,
1.72,0,
1.73,0,
1.74,0,
1.75,0,
1.76,0,
1.77,0,
1.78,0,
1.79,1,0.243
1.80,1,0.290
1.81,1,0.369
1.82,1,0.147
1.83,1,0.122
1.84,1,0.136
1.85,1,0.150
1.86,1,0.143
1.87,1,0.180
1.88,1,0.225
1.89,1,0.257
1.90,1,0.316
1.91,1,0.359
1.92,1,0.335
1.93,1,0.313
1.94,1,0.230
1.95,1,0.210
1.96,1,0.232
1.97,1,0.232
1.98,1,0.253
1.99,1,0.300
2.00,1,0.331
2.01,1,0.362
2.02,1,0.413
2.03,1,0.439
2.04,1,0.433
2.05,1,0.405
2.06,1,0.387
2.07,1,0.374
2.08,1,0.449
2.09,1,0.547
2.10,1,0.319
2.11,1,0.162
2.12,1,0.131
2.13,1,0.143
2.14,1,0.182
2.15,1,0.271
2.16,1,0.337
2.17,1,0.429
2.18,1,0.497
2.19,1,0.479
2.20,1,0.364
2.21,1,0.298
2.22,1,0.251
2.23,1,0.244
2.24,1,0.244
2.25,1,0.246
2.26,1,0.262
2.27,1,0.275
2.28,1,0.309
2.29,1,0.362
2.30,1,0.398
2.31,1,0.523
2.32,1,0.997
2.33,1,1.198
2.34,1,1.253
2.35,1,1.305
2.36,1,1.266
2.37,1,1.345
2.38,1,0.965
2.39,1,0.318
2.40,1,0.240
2.41,1,0.168
2.42,1,0.135
2.43,1,0.126
2.44,1,0.156
2.45,1,0.184
2.46,1,0.216
2.47,1,0.249
2.48,1,0.286
2.49,1,0.322
2.50,1,0.356
2.51,1,0.407
2.52,1,0.892
2.53,1,1.099
2.54,1,1.159
2.55,1,0.456
2.56,1,0.163
2.57,1,0.125
2.58,1,0.166
2.59,1,0.211
2.60,1,0.279
2.61,1,0.328
2.62,1,0.391
2.63,1,0.416
2.64,1,0.411
2.65,1,0.350
2.66,1,0.329
2.67,1,0.312
2.68,1,0.304
2.69,1,0.313
2.70,1,0.317
2.71,1,0.324
2.72,1,0.335
2.73,1,0.361
2.74,1,0.398
2.75,1,0.461
2.76,1,0.522
2.77,1,0.570
2.78,1,0.594
2.79,1,0.538
2.80,1,0.433
2.81,1,0.311
2.82,1,0.246
2.83,1,0.223
2.84,1,0.228
2.85,1,0.240
2.86,1,0.292
2.87,1,0.538
2.88,1,1.158
2.89,1,1.237
2.90,1,1.207
2.91,1,1.237
2.92,1,1.285
2.93,1,1.373
2.94,0,
2.95,0,
2.96,0,
2.97,0,
2.98,0,
2.99,0,
3.00,0,
3.01,0,
3.02,0,
3.03,0,
3.04,0,
3.05,0,
3.06,0,
3.07,0,
3.08,0,
3.09,0,
3.10,0,
3.11,0,
3.12,0,
3.13,0,
3.14,0,
3.15,0,
3.16,0,
3.17,0,
3.18,0,
3.19,0,
3.20,0,
3.21,0,
3.22,0,
3.23,0,
3.24,1,0.342
3.25,1,0.171
3.26,1,0.121
3.27,1,0.090
3.28,1,0.093
3.29,1,0.107
3.30,1,0.091
3.31,1,0.103
3.32,1,0.106
3.33,1,0.111
3.34,1,0.121
3.35,1,0.160
3.36,1,0.180
3.37,1,0.190
3.38,1,0.203
3.39,1,0.200
3.40,1,0.179
3.41,1,0.182
3.42,1,0.192
3.43,1,0.225
3.44,1,0.266
3.45,1,0.292
3.46,1,0.307
3.47,1,0.320
3.48,1,0.328
3.49,1,0.327
3.50,1,0.332
3.51,1,0.335
3.52,1,0.337
3.53,1,0.313
3.54,1,0.278
3.55,1,0.291
3.56,1,0.324
3.57,1,0.474
3.58,1,0.359
3.59,1,0.267
3.60,1,0.224
3.61,1,0.179
3.62,1,0.189
3.63,1,0.212
3.64,1,0.239
3.65,1,0.270
3.66,1,0.300
3.67,1,0.310
3.68,1,0.301
3.69,1,0.291
3.70,1,0.290
3.71,1,0.292
3.72,1,0.315
3.73,1,0.344
3.74,1,0.359
3.75,1,0.353
3.76,1,0.338
3.77,1,0.330
3.78,1,0.321
3.79,1,0.329
3.80,1,0.365
3.81,1,0.390
3.82,1,0.399
3.83,1,0.429
3.84,1,0.455
3.85,1,0.356
3.86,1,0.269
3.87,1,0.182
3.88,1,0.124
3.89,1,0.161
3.90,1,0.181
3.91,1,0.210
3.92,1,0.268
3.93,1,0.336
3.94,1,0.360
3.95,1,0.397
3.96,1,0.414
3.97,1,0.440
3.98,1,0.479
3.99,1,0.497
4.00,1,0.579
4.01,1,0.915
4.02,1,1.437
4.03,1,0.598
4.04,1,0.395
4.05,1,0.261
4.06,1,0.152
4.07,1,0.128
4.08,1,0.129
4.09,1,0.130
4.10,1,0.137
4.11,1,0.149
4.12,1,0.179
4.13,1,0.213
4.14,1,0.253
4.15,1,0.325
4.16,1,0.419
4.17,1,0.469
4.18,1,0.617
4.19,1,1.006
4.20,1,0.713
4.21,1,0.516
4.22,1,0.207
4.23,1,0.105
4.24,1,0.100
4.25,1,0.173
4.26,1,0.249
4.27,1,0.262
4.28,1,0.312
4.29,1,0.326
4.30,1,0.304
4.31,1,0.286
4.32,1,0.286
4.33,1,0.258
4.34,1,0.263
4.35,1,0.260
4.36,1,0.252
4.37,1,0.302
4.38,1,0.567
4.39,1,0.729
4.40,1,0.736
4.41,1,0.340
4.42,1,0.172
4.43,1,0.186
4.44,1,0.187
4.45,1,0.191
4.46,1,0.198
4.47,1,0.186
4.48,1,0.172
4.49,1,0.174
4.50,1,0.199
4.51,1,0.274
4.52,1,0.345
4.53,1,0.434
4.54,1,0.595
4.55,1,1.027
4.56,1,0.800
4.57,1,0.496
4.58,1,0.229
4.59,1,0.148
4.60,1,0.147
4.61,1,0.171
4.62,1,0.182
4.63,1,0.207
4.64,1,0.252
4.65,1,0.282
4.66,1,0.279
4.67,1,0.380
4.68,1,0.436
4.69,1,0.358
4.70,1,0.425
4.71,1,0.428
4.72,1,0.438
4.73,1,0.445
4.74,1,0.412
4.75,1,0.298
4.76,1,0.249
4.77,1,0.256
4.78,1,0.146
4.79,1,0.144
4.80,1,0.157
4.81,1,0.174
4.82,1,0.187
4.83,1,0.207
4.84,1,0.235
4.85,1,0.222
4.86,1,0.210
4.87,1,0.210
4.88,1,0.230
4.89,1,0.226
4.90,1,0.249
4.91,1,0.280
4.92,1,0.309
4.93,1,0.355
4.94,1,0.504
4.95,1,0.334
4.96,1,0.199
4.97,1,0.164
4.98,1,0.161
4.99,1,0.154
5.00,1,0.163
5.01,1,0.171
5.02,1,0.166
5.03,1,0.174
5.04,1,0.187
5.05,1,0.205
5.06,1,0.238
5.07,1,0.528
5.08,1,0.833
5.09,1,0.988
5.10,1,1.349
5.11,1,0.775
5.12,1,0.475
5.13,1,0.233
5.14,1,0.239
5.15,1,0.188
5.16,1,0.174
5.17,1,0.204
5.18,1,0.239
5.19,1,0.276
5.20,1,0.326
5.21,1,0.362
5.22,1,0.361
5.23,1,0.355
5.24,1,0.324
5.25,1,0.315
5.26,1,0.318
5.27,1,0.318
5.28,1,0.314
5.29,1,0.302
5.30,1,0.280
5.31,1,0.250
5.32,1,0.218
5.33,1,0.217
5.34,1,0.223
5.35,1,0.221
5.36,1,0.231
5.37,1,0.240
5.38,1,0.246
5.39,1,0.244
5.40,1,0.266
5.41,1,0.282
5.42,1,0.312
5.43,1,0.362
5.44,1,0.598
5.45,1,0.941
5.46,1,1.069
5.47,1,0.885
5.48,1,0.555
5.49,1,0.331
5.50,1,0.334
5.51,1,0.320
5.52,1,0.258
5.53,1,0.186
5.54,1,0.174
5.55,1,0.166
5.56,1,0.172
5.57,1,0.183
5.58,1,0.203
5.59,1,0.225
5.60,1,0.244
5.61,1,0.244
5.62,1,0.224
5.63,1,0.205
5.64,1,0.208
5.65,1,0.221
5.66,1,0.240
5.67,1,0.247
5.68,1,0.264
5.69,1,0.261
5.70,1,0.259
5.71,1,0.250
5.72,1,0.247
5.73,1,0.246
5.74,1,0.252
5.75,1,0.269
5.76,1,0.290
5.77,1,0.302
5.78,1,0.317
5.79,1,0.331
5.80,1,0.316
5.81,1,0.407
5.82,1,0.590
5.83,1,0.895
5.84,1,1.237
5.85,1,1.451
5.86,1,1.814
5.87,1,1.989
5.88,1,1.809
5.89,1,1.623
5.90,0,
5.91,0,
5.92,0,
5.93,0,
5.94,0,
5.95,0,
5.96,0,
5.97,0,
5.98,0,
5.99,0,
6.00,0,
6.01,0,
6.02,0,
6.03,0,
6.04,0,
6.05,0,
6.06,0,
6.07,0,
6.08,0,
6.09,0,
6.10,0,
6.11,0,
6.12,0,
6.13,0,
6.14,0,
6.15,0,
6.16,0,
6.17,0,
6.18,0,
6.19,0,
6.20,0,
6.21,0,
6.22,0,
6.23,0,
6.24,0,
6.25,0,
6.26,0,
6.27,0,
6.28,0,
6.29,0,
6.30,0,
6.31,0,
6.32,0,
6.33,0,
6.34,0,
6.35,0,
6.36,0,
6.37,0,
6.38,0,
6.39,0,
6.40,0,
6.41,0,
6.42,0,
6.43,0,
6.44,0,
6.45,0,
6.46,0,
6.47,0,
6.48,0,
6.49,0,
6.50,0,
6.51,0,
6.52,0,
6.53,0,
6.54,0,
6.55,0,
6.56,0,
6.57,0,
6.58,0,
6.59,0,
6.60,0,
6.61,0,
6.62,0,
6.63,0,
6.64,0,
6.65,0,
6.66,0,
6.67,0,
6.68,0,
6.69,0,
6.70,0,
6.71,0,
6.72,0,
6.73,0,
6.74,0,
6.75,0,
6.76,0,
6.77,0,
6.78,0,
6.79,0,
6.80,0,
6.81,0,
6.82,0,
6.83,0,
6.84,0,
6.85,0,
6.86,0,
6.87,0,
6.88,0,
6.89,0,
6.90,0,
6.91,0,
6.92,0,
6.93,0,
6.94,0,
6.95,0,
6.96,0,
6.97,0,
6.98,0,
6.99,0,
7.00,0,
7.01,0,
7.02,0,
7.03,0,
7.04,0,
7.05,0,
7.06,0,
7.07,0,
7.08,0,
7.09,0,
7.10,0,
7.11,0,
7.12,0,
7.13,0,
7.14,0,
7.15,0,
7.16,0,
7.17,0,
7.18,0,
7.19,0,
7.20,0,
7.21,0,
7.22,0,
7.23,0,
7.24,0,
7.25,0,
7.26,0,
7.27,0,
7.28,0,
7.29,0,
7.30,0,
7.31,0,
7.32,0,
7.33,0,
7.34,0,
7.35,0,
7.36,0,
7.37,0,
7.38,0,
7.39,0,
7.40,0,
7.41,0,
7.42,0,
7.43,0,
7.44,0,
7.45,0,
7.46,0,
7.47,0,
7.48,0,
7.49,0,
7.50,0,
7.51,0,
7.52,0,
7.53,0,
7.54,0,
7.55,0,
7.56,0,
7.57,0,
7.58,0,
7.59,0,
7.60,0,
7.61,0,
7.62,0,
7.63,0,
7.64,0,
7.65,0,
7.66,0,
7.67,0,
7.68,0,
7.69,0,
7.70,0,
7.71,0,
7.72,0,
7.73,0,
7.74,0,
7.75,0,
7.76,0,
7.77,0,
7.78,0,
7.79,0,
7.80,0,
7.81,0,
7.82,0,
7.83,0,
7.84,0,
7.85,0,
7.86,0,
7.87,0,
7.88,0,
7.89,0,
7.90,0,
7.91,0,
7.92,0,
7.93,0,
7.94,0,
7.95,0,
7.96,0,
7.97,0,
7.98,0,
7.99,0,
8.00,0,
8.01,0,
8.02,0,
8.03,0,
8.04,0,
8.05,0,
8.06,0,
8.07,0,
8.08,0,
8.09,0,
8.10,0,
8.11,0,
8.12,0,
8.13,0,
8.14,0,
8.15,0,
8.16,0,
8.17,0,
8.18,0,
8.19,0,
8.20,0,
8.21,0,
8.22,0,
8.23,0,
8.24,0,
8.25,0,
8.26,0,
8.27,0,
8.28,0,
8.29,0,
8.30,0,
8.31,0,
8.32,0,
8.33,0,
8.34,0,
8.35,0,
8.36,0,
8.37,0,
8.38,0,
8.39,0,
8.40,0,
8.41,0,
8.42,0,
8.43,0,
8.44,0,
8.45,0,
8.46,0,
8.47,0,
8.48,0,
8.49,0,
8.50,0,
8.51,0,
8.52,0,
8.53,0,
8.54,0,
8.55,0,
8.56,0,
8.57,0,
8.58,0,
8.59,0,
8.60,0,
8.61,0,
8.62,0,
8.63,0,
8.64,0,
8.65,0,
8.66,0,
8.67,0,
8.68,0,
8.69,0,
8.70,0,
8.71,0,
8.72,0,
8.73,0,
8.74,0,
8.75,0,
8.76,0,
8.77,0,
8.78,0,
8.79,0,
8.80,0,
8.81,0,
8.82,0,
8.83,0,
8.84,0,
8.85,0,
8.86,0,
8.87,0,
8.88,0,
8.89,0,
8.90,0,
8.91,0,
8.92,0,
8.93,0,
8.94,0,
8.95,0,
8.96,0,
8.97,0,
8.98,0,
8.99,0,
9.00,0,
9.01,0,
9.02,0,
9.03,0,
9.04,0,
9.05,0,
9.06,0,
9.07,0,
9.08,0,
9.09,0,
9.10,0,
9.11,0,
9.12,0,
9.13,0,
9.14,0,
9.15,0,
9.16,0,
9.17,0,
9.18,0,
9.19,0,
9.20,0,
9.21,0,
9.22,0,
9.23,0,
9.24,0,
9.25,0,
9.26,0,
9.27,0,
9.28,0,
9.29,0,
9.30,0,
9.31,0,
9.32,0,
9.33,0,
9.34,0,
9.35,0,
9.36,0,
9.37,0,
9.38,0,
9.39,0,
9.40,0,
9.41,0,
9.42,0,
9.43,0,
9.44,0,
9.45,0,
9.46,0,
9.47,0,
9.48,0,
9.49,0,
9.50,0,
9.51,0,
9.52,0,
9.53,0,
9.54,0,
9.55,0,
9.56,0,
9.57,0,
9.58,0,
9.59,0,
9.60,0,
9.61,0,
9.62,0,
9.63,0,
9.64,0,
9.65,0,
9.66,0,
9.67,0,
9.68,0,
9.69,0,
9.70,0,
9.71,0,
9.72,0,
9.73,0,
9.74,0,
9.75,0,
9.76,0,
9.77,0,
9.78,0,
9.79,0,
9.80,0,
9.81,0,
9.82,0,
9.83,0,
9.84,0,
9.85,0,
9.86,0,
9.87,0,
9.88,0,
9.89,0,
9.90,0,
9.91,0,
9.92,0,
9.93,0,
9.94,0,
9.95,0,
9.96,0,
9.97,0,
9.98,0,
9.99,0,
10.00,0,
10.01,0,
10.02,0,
10.03,0,
10.04,0,
10.05,0,
10.06,0,
10.07,0,
10.08,0,
10.09,0,
10.10,0,
10.11,0,
10.12,0,
10.13,0,
10.14,0,
10.15,0,
10.16,0,
10.17,0,
10.18,0,
10.19,0,
10.20,0,
10.21,0,
10.22,0,
10.23,0,
10.24,0,
10.25,0,
10.26,0,
10.27,0,
10.28,0,
10.29,0,
10.30,0,
10.31,0,
10.32,0,
10.33,0,
10.34,0,
10.35,0,
10.36,0,
10.37,0,
10.38,0,
10.39,0,
10.40,0,
10.41,0,
10.42,0,
10.43,0,
10.44,0,
10.45,0,
10.46,0,
10.47,0,
10.48,0,
10.49,0,
10.50,0,
10.51,0,
10.52,0,
10.53,0,
10.54,0,
10.55,0,
10.56,0,
10.57,0,
10.58,0,
10.59,0,
10.60,0,
10.61,0,
10.62,0,
10.63,0,
10.64,0,
10.65,0,
10.66,0,
10.67,0,
10.68,0,
10.69,0,
10.70,0,
10.71,0,
10.72,0,
10.73,0,
10.74,0,
10.75,0,
10.76,0,
10.77,0,
10.78,0,
10.79,0,
10.80,0,
10.81,0,
10.82,0,
10.83,0,
10.84,0,
10.85,0,
10.86,0,
10.87,0,
10.88,0,
10.89,0,
10.90,0,
10.91,0,
10.92,0,
10.93,0,
10.94,0,
10.95,0,
10.96,0,
10.97,0,
10.98,0,
10.99,0,
11.00,0,
11.01,0,
11.02,0,
11.03,0,
11.04,0,
11.05,0,
11.06,0,
11.07,0,
11.08,0,
11.09,0,
11.10,0,
11.11,0,
11.12,0,
11.13,0,
11.14,0,
11.15,0,
11.16,0,
11.17,0,
11.18,0,
11.19,0,
11.20,0,
11.21,0,
11.22,0,
11.23,0,
11.24,0,
11.25,0,
11.26,0,
11.27,0,
11.28,0,
11.29,0,
11.30,0,
11.31,0,
11.32,0,
11.33,0,
11.34,0,
11.35,0,
11.36,0,
11.37,0,
11.38,0,
11.39,0,
11.40,0,
11.41,0,
11.42,0,
11.43,0,
11.44,0,
11.45,0,
11.46,0,
11.47,0,
11.48,0,
11.49,0,
11.50,0,
11.51,0,
11.52,0,
11.53,0,
11.54,0,
11.55,0,
11.56,0,
11.57,0,
11.58,0,
11.59,0,
11.60,0,
11.61,0,
11.62,0,
11.63,0,
11.64,0,
11.65,0,
11.66,0,
11.67,0,
11.68,0,
11.69,0,
11.70,0,
11.71,0,
11.72,0,
11.73,0,
11.74,0,
11.75,0,
11.76,0,
11.77,0,
11.78,0,
11.79,0,
11.80,0,
11.81,0,
11.82,0,
11.83,0,
11.84,0,
11.85,0,
11.86,0,
11.87,0,
11.88,0,
11.89,0,
11.90,0,
11.91,0,
11.92,0,
11.93,0,
11.94,0,
11.95,0,
11.96,0,
11.97,0,
11.98,0,
11.99,0,
12.00,0,
12.01,0,
12.02,0,
12.03,0,
12.04,0,
12.05,0,
12.06,0,
12.07,0,
12.08,0,
12.09,0,
12.10,0,
12.11,0,
12.12,0,
12.13,0,
12.14,0,
12.15,0,
12.16,0,
12.17,0,
12.18,0,
12.19,0,
12.20,0,
12.21,0,
12.22,0,
12.23,0,
12.24,0,
12.25,0,
12.26,0,
12.27,0,
12.28,0,
12.29,0,
12.30,0,
12.31,0,
12.32,0,
12.33,0,
12.34,0,
12.35,0,
12.36,0,
12.37,0,
12.38,0,
12.39,0,
12.40,0,
12.41,0,
12.42,0,
12.43,0,
12.44,0,
12.45,0,
12.46,0,
12.47,0,
12.48,0,
12.49,0,
12.50,0,
12.51,0,
12.52,0,
12.53,0,
12.54,0,
12.55,0,
12.56,0,
12.57,0,
12.58,0,
12.59,0,
12.60,0,
12.61,0,
12.62,0,
12.63,0,
12.64,0,
12.65,0,
12.66,0,
12.67,0,
12.68,0,
12.69,0,
12.70,0,
12.71,0,
12.72,0,
12.73,0,
12.74,0,
12.75,0,
12.76,0,
12.77,0,
12.78,0,
12.79,0,
12.80,0,
12.81,0,
12.82,0,
12.83,0,
12.84,0,
12.85,0,
12.86,0,
12.87,0,
12.88,0,
12.89,0,
12.90,0,
12.91,0,
12.92,0,
12.93,0,
12.94,0,
12.95,0,
12.96,0,
12.97,0,
12.98,0,
12.99,0,
13.00,0,
13.01,0,
13.02,0,
13.03,0,
13.04,0,
13.05,0,
13.06,0,
13.07,0,
13.08,0,
13.09,0,
13.10,0,
13.11,0,
13.12,0,
13.13,0,
13.14,0,
13.15,0,
13.16,0,
13.17,0,
13.18,0,
13.19,0,
13.20,0,
13.21,0,
13.22,0,
13.23,0,
13.24,0,
13.25,0,
13.26,0,
13.27,0,
13.28,0,
13.29,0,
13.30,0,
13.31,0,
13.32,0,
13.33,0,
13.34,0,
13.35,0,
13.36,0,
13.37,0,
13.38,0,
13.39,0,
13.40,0,
13.41,0,
13.42,0,
13.43,0,
13.44,0,
13.45,0,
13.46,0,
13.47,0,
13.48,0,
13.49,0,
13.50,0,
13.51,0,
13.52,0,
13.53,0,
13.54,0,
13.55,0,
13.56,0,
13.57,0,
13.58,0,
13.59,0,
13.60,0,
13.61,0,
13.62,0,
13.63,0,
13.64,0,
13.65,0,
13.66,0,
13.67,0,
13.68,0,
13.69,0,
13.70,0,
13.71,0,
13.72,0,
13.73,0,
13.74,0,
13.75,0,
13.76,0,
13.77,0,
13.78,0,
13.79,0,
13.80,0,
13.81,0,
13.82,0,
13.83,0,
13.84,0,
13.85,0,
13.86,0,
13.87,0,
13.88,0,
13.89,0,
13.90,0,
13.91,0,
13.92,0,
13.93,0,
13.94,0,
13.95,0,
13.96,0,
13.97,0,
13.98,0,
13.99,0,
14.00,0,
14.01,0,
14.02,0,
14.03,0,
14.04,0,
14.05,0,
14.06,0,
14.07,0,
14.08,0,
14.09,0,
14.10,0,
14.11,0,
14.12,0,
14.13,0,
14.14,0,
14.15,0,
14.16,0,
14.17,0,
14.18,0,
14.19,0,
14.20,0,
14.21,0,
14.22,0,
14.23,0,
14.24,0,
14.25,0,
14.26,0,
14.27,0,
14.28,0,
14.29,0,
14.30,0,
14.31,0,
14.32,0,
14.33,0,
14.34,0,
14.35,0,
14.36,0,
14.37,0,
14.38,0,
14.39,0,
14.40,0,
14.41,0,
14.42,0,
14.43,0,
14.44,0,
14.45,0,
14.46,0,
14.47,0,
14.48,0,
14.49,0,
14.50,0,
14.51,0,
14.52,0,
14.53,0,
14.54,0,
14.55,0,
14.56,0,
14.57,0,
14.58,0,
14.59,0,
14.60,0,
14.61,0,
14.62,0,
14.63,0,
14.64,0,
14.65,0,
14.66,0,
14.67,0,
14.68,0,
14.69,0,
14.70,0,
14.71,0,
14.72,0,
14.73,0,
14.74,0,
14.75,0,
14.76,0,
14.77,0,
14.78,0,
14.79,0,
14.80,0,
14.81,0,
14.82,0,
14.83,0,
14.84,0,
14.85,0,
14.86,0,
14.87,0,
14.88,0,
14.89,0,
14.90,0,
14.91,0,
14.92,0,
14.93,0,
14.94,0,
14.95,0,
14.96,0,
14.97,0,
14.98,0,
14.99,0,
15.00,0,
15.01,0,
15.02,0,
15.03,0,
15.04,0,
15.05,0,
15.06,0,
15.07,0,
15.08,0,
15.09,0,
15.10,0,
15.11,0,
15.12,0,
15.13,0,
15.14,0,
15.15,0,
15.16,0,
15.17,0,
15.18,0,
15.19,0,
15.20,0,
15.21,0,
15.22,0,
15.23,0,
15.24,0,
15.25,0,
15.26,0,
15.27,0,
15.28,0,
15.29,0,
15.30,0,
15.31,0,
15.32,0,
15.33,0,
15.34,0,
15.35,0,
15.36,0,
15.37,0,
15.38,0,
15.39,0,
15.40,0,
15.41,0,
15.42,0,
15.43,0,
15.44,0,
15.45,0,
15.46,0,
15.47,0,
15.48,0,
15.49,0,
15.50,0,
15.51,0,
15.52,0,
15.53,0,
15.54,0,
15.55,0,
15.56,0,
15.57,0,
15.58,0,
15.59,0,
15.60,0,
15.61,0,
15.62,0,
15.63,0,
15.64,0,
15.65,0,
15.66,0,
15.67,0,
15.68,0,
15.69,0,
15.70,0,
15.71,0,
15.72,0,
15.73,0,
15.74,0,
15.75,0,
15.76,0,
15.77,0,
15.78,0,
15.79,0,
15.80,0,
15.81,0,
15.82,0,
15.83,0,
15.84,0,
15.85,0,
15.86,0,
15.87,0,
15.88,0,
15.89,0,
15.90,0,
15.91,0,
15.92,0,
15.93,0,
15.94,0,
15.95,0,
15.96,0,
15.97,0,
15.98,0,
15.99,0,
16.00,0,
16.01,0,
16.02,0,
16.03,0,
16.04,0,
16.05,0,
16.06,0,
16.07,0,
16.08,0,
16.09,0,
16.10,0,
16.11,0,
16.12,0,
16.13,0,
16.14,0,
16.15,0,
16.16,0,
16.17,0,
16.18,0,
16.19,0,
16.20,0,
16.21,0,
16.22,0,
16.23,0,
16.24,0,
16.25,0,
16.26,0,
16.27,0,
16.28,0,
16.29,0,
16.30,0,
16.31,0,
16.32,0,
16.33,0,
16.34,0,
16.35,0,
16.36,0,
16.37,0,
16.38,0,
16.39,0,
16.40,0,
16.41,0,
16.42,0,
16.43,0,
16.44,0,
16.45,0,
16.46,0,
16.47,0,
16.48,0,
16.49,0,
16.50,0,
16.51,0,
16.52,0,
16.53,0,
16.54,0,
16.55,0,
16.56,0,
16.57,0,
16.58,0,
16.59,0,
16.60,0,
16.61,0,
16.62,0,
16.63,0,
16.64,0,
16.65,0,
16.66,0,
16.67,0,
16.68,0,
16.69,0,
16.70,0,
16.71,0,
16.72,0,
16.73,0,
16.74,0,
16.75,0,
16.76,0,
16.77,0,
16.78,0,
16.79,0,
16.80,0,
16.81,0,
16.82,0,
16.83,0,
16.84,0,
16.85,0,
16.86,0,
16.87,0,
16.88,0,
16.89,0,
16.90,0,
16.91,0,
16.92,0,
16.93,0,
16.94,0,
16.95,0,
16.96,0,
16.97,0,
16.98,0,
16.99,0,
17.00,0,
17.01,0,
17.02,0,
17.03,0,
17.04,0,
17.05,0,
17.06,0,
17.07,0,
17.08,0,
17.09,0,
17.10,0,
17.11,0,
17.12,0,
17.13,0,
17.14,0,
17.15,0,
17.16,0,
17.17,0,
17.18,0,
17.19,0,
17.20,0,
17.21,0,
17.22,0,
17.23,0,
17.24,0,
17.25,0,
17.26,0,
17.27,0,
17.28,0,
17.29,0,
17.30,0,
17.31,0,
17.32,0,
17.33,0,
17.34,0,
17.35,0,
17.36,0,
17.37,0,
17.38,0,
17.39,0,
17.40,0,
17.41,0,
17.42,0,
17.43,0,
17.44,0,
17.45,0,
17.46,0,
17.47,0,
17.48,0,
17.49,0,
17.50,0,
17.51,0,
17.52,0,
17.53,0,
17.54,0,
17.55,0,
17.56,0,
17.57,0,
17.58,0,
17.59,0,
17.60,0,
17.61,0,
17.62,0,
17.63,0,
17.64,0,
17.65,0,
17.66,0,
17.67,0,
17.68,0,
17.69,0,
17.70,0,
17.71,0,
17.72,0,
17.73,0,
17.74,0,
17.75,0,
17.76,0,
17.77,0,
17.78,0,
17.79,0,
17.80,0,
17.81,0,
17.82,0,
17.83,0,
17.84,0,
17.85,0,
17.86,0,
17.87,0,
17.88,0,
17.89,0,
17.90,0,
17.91,0,
17.92,0,
17.93,0,
17.94,0,
17.95,1,0.057
17.96,1,0.044
17.97,1,0.037
17.98,1,0.043
17.99,1,0.045
18.00,1,0.049
18.01,1,0.047
18.02,1,0.045
18.03,1,0.045
18.04,1,0.046
18.05,1,0.045
18.06,1,0.051
18.07,1,0.049
18.08,1,0.042
18.09,1,0.039
18.10,1,0.040
18.11,1,0.042
18.12,1,0.051
18.13,1,0.059
18.14,1,0.062
18.15,1,0.066
18.16,1,0.068
18.17,1,0.064
18.18,1,0.058
18.19,1,0.049
18.20,1,0.052
18.21,1,0.062
18.22,1,0.067
18.23,1,0.088
18.24,1,0.268
18.25,1,0.441
18.26,1,0.426
18.27,1,0.373
18.28,1,0.316
18.29,1,0.289
18.30,1,0.259
18.31,1,0.241
18.32,1,0.216
18.33,1,0.169
18.34,1,0.139
18.35,1,0.119
18.36,1,0.086
18.37,1,0.082
18.38,1,0.071
18.39,1,0.057
18.40,1,0.056
18.41,1,0.058
18.42,1,0.056
18.43,1,0.058
18.44,1,0.066
18.45,1,0.071
18.46,1,0.083
18.47,1,0.096
18.48,1,0.113
18.49,1,0.155
18.50,1,0.334
18.51,1,0.633
18.52,1,0.831
18.53,1,0.855
18.54,1,0.488
18.55,1,0.378
18.56,1,0.288
18.57,1,0.251
18.58,1,0.187
18.59,1,0.117
18.60,1,0.080
18.61,1,0.069
18.62,1,0.064
18.63,1,0.073
18.64,1,0.078
18.65,1,0.081
18.66,1,0.090
18.67,1,0.095
18.68,1,0.089
18.69,1,0.085
18.70,1,0.084
18.71,1,0.071
18.72,1,0.071
18.73,1,0.090
18.74,1,0.103
18.75,1,0.099
18.76,1,0.098
18.77,1,0.079
18.78,1,0.075
18.79,1,0.069
18.80,1,0.069
18.81,1,0.069
18.82,1,0.070
18.83,1,0.070
18.84,1,0.078
18.85,1,0.093
18.86,1,0.113
18.87,1,0.118
18.88,1,0.135
18.89,1,0.146
18.90,1,0.150
18.91,1,0.155
18.92,1,0.130
18.93,1,0.094
18.94,1,0.087
18.95,1,0.081
18.96,1,0.092
18.97,1,0.126
18.98,1,0.198
18.99,1,0.381
19.00,1,0.732
19.01,1,0.838
19.02,1,0.960
19.03,1,1.024
19.04,1,1.210
19.05,1,1.225
19.06,1,1.380
19.07,1,1.146
19.08,1,0.849
19.09,1,0.429
19.10,1,0.326
19.11,1,0.368
19.12,1,0.352
19.13,1,0.344
19.14,1,0.302
19.15,1,0.356
19.16,1,0.403
19.17,1,0.399
19.18,1,0.399
19.19,1,0.424
19.20,1,0.427
19.21,1,0.428
19.22,1,0.525
19.23,1,0.533
19.24,1,0.512
19.25,1,0.529
19.26,1,0.490
19.27,1,0.476
19.28,1,0.502
19.29,1,0.475
19.30,1,0.433
19.31,1,0.457
19.32,1,0.424
19.33,1,0.418
19.34,1,0.469
19.35,1,0.509
19.36,1,0.567
19.37,1,0.578
19.38,1,0.610
19.39,1,0.596
19.40,1,0.549
19.41,1,0.522
19.42,1,0.560
19.43,1,0.544
19.44,1,0.514
19.45,1,0.565
19.46,1,0.610
19.47,1,0.571
19.48,1,0.623
19.49,1,0.569
19.50,1,0.357
19.51,1,0.234
19.52,1,0.163
19.53,1,0.140
19.54,1,0.138
19.55,1,0.144
19.56,1,0.144
19.57,1,0.154
19.58,1,0.149
19.59,1,0.128
19.60,1,0.112
19.61,1,0.104
19.62,1,0.103
19.63,1,0.100
19.64,1,0.093
19.65,1,0.077
19.66,1,0.065
19.67,1,0.060
19.68,1,0.064
19.69,1,0.072
19.70,1,0.086
19.71,1,0.197
19.72,1,0.384
19.73,1,0.564
19.74,1,0.646
19.75,1,0.667
19.76,1,0.655
19.77,1,0.336
19.78,1,0.152
19.79,1,0.090
19.80,1,0.067
19.81,1,0.063
19.82,1,0.067
19.83,1,0.071
19.84,1,0.070
19.85,1,0.082
19.86,1,0.077
19.87,1,0.058
19.88,1,0.058
19.89,1,0.060
19.90,1,0.066
19.91,1,0.079
19.92,1,0.088
19.93,1,0.090
19.94,1,0.109
19.95,1,0.117
19.96,1,0.129
19.97,1,0.185
19.98,1,0.558
19.99,1,0.601
20.00,1,0.416
20.01,1,0.321
20.02,1,0.268
20.03,1,0.220
20.04,1,0.231
20.05,1,0.240
20.06,1,0.179
20.07,1,0.136
20.08,1,0.108
20.09,1,0.079
20.10,1,0.069
20.11,1,0.071
20.12,1,0.073
20.13,1,0.078
20.14,1,0.081
20.15,1,0.077
20.16,1,0.075
20.17,1,0.069
20.18,1,0.066
20.19,1,0.066
20.20,1,0.080
20.21,1,0.093
20.22,1,0.114
20.23,1,0.139
20.24,1,0.105
20.25,1,0.079
20.26,1,0.069
20.27,1,0.063
20.28,1,0.059
20.29,1,0.059
20.30,1,0.060
20.31,1,0.059
20.32,1,0.067
20.33,1,0.081
20.34,1,0.103
20.35,1,0.122
20.36,1,0.143
20.37,1,0.147
20.38,1,0.162
20.39,1,0.172
20.40,1,0.160
20.41,1,0.160
20.42,1,0.170
20.43,1,0.157
20.44,1,0.178
20.45,1,0.249
20.46,1,0.380
20.47,1,0.494
20.48,1,0.588
20.49,1,0.755
20.50,1,0.855
20.51,1,1.318
20.52,1,1.933
20.53,1,1.789
20.54,1,1.404
20.55,1,0.728
20.56,1,0.524
20.57,1,0.435
20.58,1,0.338
20.59,1,0.395
20.60,1,0.414
20.61,1,0.383
20.62,1,0.390
20.63,1,0.389
20.64,1,0.383
20.65,1,0.393
20.66,1,0.400
20.67,1,0.413
20.68,1,0.416
20.69,1,0.431
20.70,1,0.439
20.71,1,0.442
20.72,1,0.444
20.73,1,0.446
20.74,1,0.442
20.75,1,0.446
20.76,1,0.428
20.77,1,0.415
20.78,1,0.387
20.79,1,0.387
20.80,1,0.415
20.81,1,0.454
20.82,1,0.524
20.83,1,0.571
20.84,1,0.573
20.85,1,0.569
20.86,1,0.570
20.87,1,0.552
20.88,1,0.557
20.89,1,0.530
20.90,1,0.527
20.91,1,0.509
20.92,1,0.471
20.93,1,0.503
20.94,1,0.547
20.95,1,0.547
20.96,1,0.552
20.97,1,0.461
20.98,1,0.335
20.99,1,0.280
21.00,1,0.232
21.01,1,0.176
21.02,1,0.152
21.03,1,0.129
21.04,1,0.095
21.05,1,0.074
21.06,1,0.075
21.07,1,0.070
21.08,1,0.068
21.09,1,0.076
21.10,1,0.073
21.11,1,0.064
21.12,1,0.065
21.13,1,0.070
21.14,1,0.077
21.15,1,0.092
21.16,1,0.109
21.17,1,0.118
21.18,1,0.122
21.19,1,0.114
21.20,1,0.102
21.21,1,0.114
21.22,1,0.132
21.23,1,0.162
21.24,1,0.269
21.25,1,0.277
21.26,1,0.233
21.27,1,0.208
21.28,1,0.180
21.29,1,0.167
21.30,1,0.176
21.31,1,0.176
21.32,1,0.186
21.33,1,0.191
21.34,1,0.174
21.35,1,0.154
21.36,1,0.096
21.37,1,0.060
21.38,1,0.057
21.39,1,0.057
21.40,1,0.063
21.41,1,0.082
21.42,1,0.101
21.43,1,0.098
21.44,1,0.093
21.45,1,0.096
21.46,1,0.111
21.47,1,0.125
21.48,1,0.177
21.49,1,0.244
21.50,1,0.245
21.51,1,0.262
21.52,1,0.234
21.53,1,0.179
21.54,1,0.145
21.55,1,0.137
21.56,1,0.119
21.57,1,0.121
21.58,1,0.121
21.59,1,0.121
21.60,1,0.109
21.61,1,0.105
21.62,1,0.104
21.63,1,0.107
21.64,1,0.119
21.65,1,0.132
21.66,1,0.153
21.67,1,0.186
21.68,1,0.231
21.69,1,0.288
21.70,1,0.288
21.71,1,0.188
21.72,1,0.043
21.73,1,0.024
21.74,1,0.027
21.75,1,0.032
21.76,1,0.039
21.77,1,0.046
21.78,1,0.064
21.79,1,0.067
21.80,1,0.062
21.81,1,0.063
21.82,1,0.067
21.83,1,0.066
21.84,1,0.066
21.85,1,0.066
21.86,1,0.065
21.87,1,0.060
21.88,1,0.055
21.89,1,0.052
21.90,1,0.053
21.91,1,0.051
21.92,1,0.052
21.93,1,0.054
21.94,1,0.055
21.95,1,0.059
21.96,1,0.066
21.97,1,0.073
21.98,1,0.085
21.99,1,0.094
22.00,1,0.096
22.01,1,0.095
22.02,1,0.095
22.03,1,0.096
22.04,1,0.098
22.05,1,0.109
22.06,1,0.141
22.07,1,0.122
22.08,1,0.092
22.09,1,0.060
22.10,1,0.058
22.11,1,0.069
22.12,1,0.072
22.13,1,0.076
22.14,1,0.089
22.15,1,0.095
22.16,1,0.095
22.17,1,0.119
22.18,1,0.151
22.19,1,0.185
22.20,1,0.230
22.21,1,0.262
22.22,1,0.208
22.23,1,0.193
22.24,1,0.209
22.25,1,0.191
22.26,1,0.119
22.27,1,0.119
22.28,1,0.112
22.29,1,0.103
22.30,1,0.113
22.31,1,0.130
22.32,1,0.116
22.33,1,0.113
22.34,1,0.113
22.35,1,0.114
22.36,1,0.120
22.37,1,0.128
22.38,1,0.139
22.39,1,0.143
22.40,1,0.133
22.41,1,0.135
22.42,1,0.129
22.43,1,0.129
22.44,1,0.133
22.45,1,0.142
22.46,1,0.123
22.47,1,0.102
22.48,1,0.089
22.49,1,0.073
22.50,1,0.061
22.51,1,0.057
22.52,1,0.052
22.53,1,0.051
22.54,1,0.053
22.55,1,0.065
22.56,1,0.081
22.57,1,0.100
22.58,1,0.106
22.59,1,0.106
22.60,1,0.102
22.61,1,0.092
22.62,1,0.074
22.63,1,0.067
22.64,1,0.064
22.65,1,0.061
22.66,1,0.069
22.67,1,0.071
22.68,1,0.068
22.69,1,0.063
22.70,1,0.064
22.71,1,0.067
22.72,1,0.057
22.73,1,0.046
22.74,1,0.053
22.75,1,0.053
22.76,1,0.054
22.77,1,0.060
22.78,1,0.078
22.79,1,0.084
22.80,1,0.099
22.81,1,0.085
22.82,1,0.081
22.83,1,0.075
22.84,1,0.067
22.85,1,0.062
22.86,1,0.059
22.87,1,0.057
22.88,1,0.060
22.89,1,0.068
22.90,1,0.067
22.91,1,0.067
22.92,1,0.071
22.93,1,0.068
22.94,1,0.066
22.95,1,0.071
22.96,1,0.069
22.97,1,0.070
22.98,1,0.074
22.99,1,0.068
23.00,1,0.066
23.01,1,0.069
23.02,1,0.068
23.03,1,0.073
23.04,1,0.084
23.05,1,0.088
23.06,1,0.094
23.07,1,0.107
23.08,1,0.119
23.09,1,0.131
23.10,1,0.171
23.11,1,0.276
23.12,1,0.408
23.13,1,0.697
23.14,1,0.686
23.15,1,0.487
23.16,1,0.266
23.17,1,0.143
23.18,1,0.114
23.19,1,0.091
23.20,1,0.082
23.21,1,0.096
23.22,1,0.102
23.23,1,0.127
23.24,1,0.136
23.25,1,0.141
23.26,1,0.133
23.27,1,0.134
23.28,1,0.125
23.29,1,0.133
23.30,1,0.137
23.31,1,0.144
23.32,1,0.141
23.33,1,0.129
23.34,1,0.137
23.35,1,0.131
23.36,1,0.103
23.37,1,0.104
23.38,1,0.105
23.39,1,0.106
23.40,1,0.120
23.41,1,0.241
23.42,1,0.465
23.43,1,0.600
23.44,1,0.617
23.45,1,0.335
23.46,1,0.200
23.47,1,0.193
23.48,1,0.201
23.49,1,0.201
23.50,1,0.253
23.51,1,0.276
23.52,1,0.239
23.53,1,0.125
23.54,1,0.088
23.55,1,0.075
23.56,1,0.056
23.57,1,0.049
23.58,1,0.056
23.59,1,0.063
23.60,1,0.075
23.61,1,0.096
23.62,1,0.112
23.63,1,0.128
23.64,1,0.140
23.65,1,0.153
23.66,1,0.282
23.67,1,0.394
23.68,1,0.630
23.69,1,0.906
23.70,1,0.752
23.71,1,0.622
23.72,1,0.353
23.73,1,0.120
23.74,1,0.093
23.75,1,0.114
23.76,1,0.119
23.77,1,0.113
23.78,1,0.124
23.79,1,0.121
23.80,1,0.100
23.81,1,0.087
23.82,1,0.084
23.83,1,0.085
23.84,1,0.081
23.85,1,0.079
23.86,1,0.081
23.87,1,0.076
23.88,1,0.080
23.89,1,0.085
23.90,1,0.101
23.91,1,0.111
23.92,1,0.123
23.93,1,0.140
23.94,1,0.196
23.95,1,0.253
23.96,1,0.305
23.97,1,0.331
23.98,1,0.377
23.99,1,0.401
24.00,1,0.348
24.01,1,0.263
24.02,1,0.294
24.03,1,0.244
24.04,1,0.181
24.05,1,0.141
24.06,1,0.120
24.07,1,0.148
24.08,1,0.173
24.09,1,0.214
24.10,1,0.215
24.11,1,0.130
24.12,1,0.093
24.13,1,0.117
24.14,1,0.147
24.15,1,0.192
24.16,1,0.224
24.17,1,0.269
24.18,1,0.285
24.19,1,0.277
24.20,1,0.214
24.21,1,0.197
24.22,1,0.178
24.23,1,0.167
24.24,1,0.195
24.25,1,0.308
24.26,1,0.874
24.27,1,0.935
24.28,1,0.560
24.29,1,0.376
24.30,1,0.135
24.31,1,0.152
24.32,1,0.203
24.33,1,0.199
24.34,1,0.201
24.35,1,0.231
24.36,1,0.239
24.37,1,0.240
24.38,1,0.252
24.39,1,0.265
24.40,1,0.278
24.41,1,0.282
24.42,1,0.282
24.43,1,0.496
24.44,1,0.913
24.45,1,0.867
24.46,1,0.986
24.47,1,0.452
24.48,1,0.252
24.49,1,0.111
24.50,1,0.068
24.51,1,0.069
24.52,1,0.107
24.53,1,0.119
24.54,1,0.156
24.55,1,0.176
24.56,1,0.184
24.57,1,0.144
24.58,1,0.128
24.59,1,0.127
24.60,1,0.153
24.61,1,0.183
24.62,1,0.220
24.63,1,0.243
24.64,1,0.237
24.65,1,0.214
24.66,1,0.202
24.67,1,0.181
24.68,1,0.184
24.69,1,0.181
24.70,1,0.170
24.71,1,0.171
24.72,1,0.168
24.73,1,0.166
24.74,1,0.180
24.75,1,0.181
24.76,1,0.177
24.77,1,0.197
24.78,1,0.229
24.79,1,0.311
24.80,1,0.512
24.81,1,0.716
24.82,1,0.719
24.83,1,0.426
24.84,1,0.116
24.85,1,0.070
24.86,1,0.059
24.87,1,0.058
24.88,1,0.065
24.89,1,0.090
24.90,1,0.135
24.91,1,0.183
24.92,1,0.234
24.93,1,0.263
24.94,1,0.269
24.95,1,0.244
24.96,1,0.193
24.97,1,0.173
24.98,1,0.154
24.99,1,0.146
25.00,1,0.131
25.01,1,0.115
25.02,1,0.112
25.03,1,0.107
25.04,1,0.099
25.05,1,0.105
25.06,1,0.093
25.07,1,0.089
25.08,1,0.096
25.09,1,0.110
25.10,1,0.137
25.11,1,0.201
25.12,1,0.284
25.13,1,0.463
25.14,1,0.347
25.15,1,0.249
25.16,1,0.156
25.17,1,0.133
25.18,1,0.133
25.19,1,0.134
25.20,1,0.136
25.21,1,0.149
25.22,1,0.163
25.23,1,0.175
25.24,1,0.233
25.25,1,0.352
25.26,1,0.483
25.27,1,0.694
25.28,1,0.722
25.29,1,0.542
25.30,1,0.370
25.31,1,0.297
25.32,1,0.219
25.33,1,0.267
25.34,1,0.206
25.35,1,0.149
25.36,1,0.142
25.37,1,0.166
25.38,1,0.166
25.39,1,0.134
25.40,1,0.132
25.41,1,0.121
25.42,1,0.157
25.43,1,0.188
25.44,1,0.233
25.45,1,0.257
25.46,1,0.307
25.47,1,0.321
25.48,1,0.325
25.49,1,0.295
25.50,1,0.259
25.51,1,0.213
25.52,1,0.178
25.53,1,0.167
25.54,1,0.169
25.55,1,0.165
25.56,1,0.146
25.57,1,0.146
25.58,1,0.121
25.59,1,0.078
25.60,1,0.049
25.61,1,0.055
25.62,1,0.072
25.63,1,0.078
25.64,1,0.091
25.65,1,0.106
25.66,1,0.126
25.67,1,0.137
25.68,1,0.147
25.69,1,0.171
25.70,1,0.189
25.71,1,0.202
25.72,1,0.217
25.73,1,0.242
25.74,1,0.266
25.75,1,0.287
25.76,1,0.239
25.77,1,0.196
25.78,1,0.159
25.79,1,0.135
25.80,1,0.128
25.81,1,0.153
25.82,1,0.176
25.83,1,0.217
25.84,1,0.204
25.85,1,0.133
25.86,1,0.103
25.87,1,0.093
25.88,1,0.099
25.89,1,0.111
25.90,1,0.119
25.91,1,0.141
25.92,1,0.144
25.93,1,0.104
25.94,1,0.079
25.95,1,0.079
25.96,1,0.082
25.97,1,0.092
25.98,1,0.116
25.99,1,0.138
26.00,1,0.167
26.01,1,0.194
26.02,1,0.231
26.03,1,0.256
26.04,1,0.276
26.05,1,0.303
26.06,1,0.315
26.07,1,0.328
26.08,1,0.333
26.09,1,0.363
26.10,1,0.305
26.11,1,0.236
26.12,1,0.183
26.13,1,0.174
26.14,1,0.150
26.15,1,0.143
26.16,1,0.160
26.17,1,0.148
26.18,1,0.132
26.19,1,0.120
26.20,1,0.101
26.21,1,0.101
26.22,1,0.123
26.23,1,0.138
26.24,1,0.152
26.25,1,0.176
26.26,1,0.188
26.27,1,0.207
26.28,1,0.275
26.29,1,0.517
26.30,1,0.495
26.31,1,0.327
26.32,1,0.206
26.33,1,0.129
26.34,1,0.093
26.35,1,0.089
26.36,1,0.099
26.37,1,0.115
26.38,1,0.117
26.39,1,0.114
26.40,1,0.087
26.41,1,0.076
26.42,1,0.064
26.43,1,0.072
26.44,1,0.087
26.45,1,0.111
26.46,1,0.131
26.47,1,0.187
26.48,1,0.252
26.49,1,0.253
26.50,1,0.187
26.51,1,0.111
26.52,1,0.079
26.53,1,0.081
26.54,1,0.090
26.55,1,0.113
26.56,1,0.131
26.57,1,0.146
26.58,1,0.169
26.59,1,0.186
26.60,1,0.194
26.61,1,0.212
26.62,1,0.222
26.63,1,0.222
26.64,1,0.240
26.65,1,0.239
26.66,1,0.248
26.67,1,0.249
26.68,1,0.260
26.69,1,0.246
26.70,1,0.199
26.71,1,0.167
26.72,1,0.150
26.73,1,0.128
26.74,1,0.122
26.75,1,0.108
26.76,1,0.092
26.77,1,0.085
26.78,1,0.084
26.79,1,0.088
26.80,1,0.093
26.81,1,0.102
26.82,1,0.111
26.83,1,0.111
26.84,1,0.141
26.85,1,0.167
26.86,1,0.150
26.87,1,0.150
26.88,1,0.131
26.89,1,0.142
26.90,1,0.151
26.91,1,0.158
26.92,1,0.171
26.93,1,0.192
26.94,1,0.204
26.95,1,0.212
26.96,1,0.208
26.97,1,0.227
26.98,1,0.239
26.99,1,0.257
27.00,1,0.279
27.01,1,0.275
27.02,1,0.269
27.03,1,0.257
27.04,1,0.234
27.05,1,0.247
27.06,1,0.251
27.07,1,0.258
27.08,1,0.276
27.09,1,0.297
27.10,1,0.322
27.11,1,0.351
27.12,1,0.379
27.13,1,0.359
27.14,1,0.382
27.15,1,0.364
27.16,1,0.294
27.17,1,0.256
27.18,1,0.223
27.19,1,0.219
27.20,1,0.214
27.21,1,0.209
27.22,1,0.198
27.23,1,0.204
27.24,1,0.198
27.25,1,0.209
27.26,1,0.215
27.27,1,0.216
27.28,1,0.223
27.29,1,0.231
27.30,1,0.255
27.31,1,0.282
27.32,1,0.287
27.33,1,0.281
27.34,1,0.304
27.35,1,0.331
27.36,1,0.344
27.37,1,0.362
27.38,1,0.376
27.39,1,0.366
27.40,1,0.345
27.41,1,0.285
27.42,1,0.261
27.43,1,0.229
27.44,1,0.205
27.45,1,0.189
27.46,1,0.209
27.47,1,0.235
27.48,1,0.264
27.49,1,0.282
27.50,1,0.286
27.51,1,0.268
27.52,1,0.236
27.53,1,0.198
27.54,1,0.198
27.55,1,0.225
27.56,1,0.266
27.57,1,0.310
27.58,1,0.344
27.59,1,0.432
27.60,1,0.517
27.61,1,0.581
27.62,1,0.540
27.63,1,0.507
27.64,1,0.387
27.65,1,0.290
27.66,1,0.294
27.67,1,0.332
27.68,1,0.364
27.69,1,0.393
27.70,1,0.348
27.71,1,0.259
27.72,1,0.246
27.73,1,0.267
27.74,1,0.279
27.75,1,0.309
27.76,1,0.434
27.77,1,0.379
27.78,1,0.419
27.79,1,0.453
27.80,1,0.588
27.81,1,0.431
27.82,1,0.315
27.83,1,0.283
27.84,1,0.302
27.85,1,0.336
27.86,1,0.461
27.87,1,0.641
27.88,1,0.756
27.89,1,0.864
27.90,1,0.912
27.91,1,0.724
27.92,1,0.643
27.93,1,0.583
27.94,1,0.538
27.95,1,0.521
27.96,1,0.548
27.97,1,0.555
27.98,1,0.682
27.99,1,0.724
28.00,1,0.650
28.01,1,0.647
28.02,1,0.591
28.03,1,0.585
28.04,1,0.584
28.05,1,0.560
28.06,1,0.588
28.07,1,0.625
28.08,1,0.604
28.09,1,0.628
28.10,1,0.576
28.11,1,0.586
28.12,1,0.631
28.13,1,0.726
28.14,1,0.855
28.15,1,0.867
28.16,1,0.789
28.17,1,0.769
28.18,1,0.696
28.19,1,0.567
28.20,1,0.552
28.21,1,0.489
28.22,1,0.407
28.23,1,0.354
28.24,1,0.304
28.25,1,0.290
28.26,1,0.304
28.27,1,0.332
28.28,1,0.332
28.29,1,0.316
28.30,1,0.286
28.31,1,0.251
28.32,1,0.231
28.33,1,0.224
28.34,1,0.231
28.35,1,0.327
28.36,1,0.393
28.37,1,0.570
28.38,1,0.619
28.39,1,0.665
28.40,1,0.660
28.41,1,0.542
28.42,1,0.459
28.43,1,0.564
28.44,1,0.951
28.45,1,0.914
28.46,1,0.925
28.47,1,1.095
28.48,1,0.821
28.49,1,0.788
28.50,1,0.452
28.51,1,0.460
28.52,1,0.457
28.53,1,0.462
28.54,1,0.494
28.55,1,0.502
28.56,1,0.521
28.57,1,0.577
28.58,1,0.568
28.59,1,0.560
28.60,1,0.556
28.61,1,0.553
28.62,1,0.495
28.63,1,0.532
28.64,1,0.617
28.65,1,0.776
28.66,1,0.811
28.67,1,1.602
28.68,1,1.473
28.69,1,0.620
28.70,1,0.914
28.71,1,0.640
28.72,1,0.610
28.73,1,0.547
28.74,1,0.567
28.75,1,0.603
28.76,1,0.618
28.77,1,0.590
28.78,1,0.544
28.79,1,0.461
28.80,1,0.339
28.81,1,0.361
28.82,1,0.423
28.83,1,0.476
28.84,1,0.512
28.85,1,0.569
28.86,1,0.614
28.87,1,0.727
28.88,1,0.902
28.89,1,0.962
28.90,1,0.932
28.91,1,0.780
28.92,1,0.630
28.93,1,0.501
28.94,1,0.498
28.95,1,0.528
28.96,1,0.532
28.97,1,0.522
28.98,1,0.537
28.99,1,0.496
29.00,1,0.506
29.01,1,0.571
29.02,1,0.610
29.03,1,0.637
29.04,1,0.809
29.05,1,0.784
29.06,1,0.779
29.07,1,0.444
29.08,1,0.237
29.09,1,0.172
29.10,1,0.164
29.11,1,0.257
29.12,1,0.302
29.13,1,0.443
29.14,1,0.533
29.15,1,0.681
29.16,1,0.718
29.17,1,0.749
29.18,1,0.764
29.19,1,0.836
29.20,1,0.875
29.21,1,0.958
29.22,1,0.970
29.23,1,0.915
29.24,1,0.867
29.25,1,0.656
29.26,1,0.588
29.27,1,0.339
29.28,1,0.243
29.29,1,0.215
29.30,1,0.177
29.31,1,0.167
29.32,1,0.152
29.33,1,0.138
29.34,1,0.128
29.35,1,0.127
29.36,1,0.115
29.37,1,0.130
29.38,1,0.152
29.39,1,0.172
29.40,1,0.279
29.41,1,0.372
29.42,1,0.486
29.43,1,0.468
29.44,1,0.403
29.45,1,0.425
29.46,1,0.452
29.47,1,0.503
29.48,1,0.471
29.49,1,0.468
29.50,1,0.463
29.51,1,0.466
29.52,1,0.449
29.53,1,0.510
29.54,1,0.527
29.55,1,0.535
29.56,1,0.499
29.57,1,0.441
29.58,1,0.434
29.59,1,0.445
29.60,1,0.443
29.61,1,0.568
29.62,1,0.782
29.63,1,0.337
29.64,1,0.320
29.65,1,0.380
29.66,1,0.444
29.67,1,0.508
29.68,1,0.586
29.69,1,0.644
29.70,1,0.666
29.71,1,0.614
29.72,1,0.571
29.73,1,0.506
29.74,1,0.492
29.75,1,0.481
29.76,1,0.457
29.77,1,0.473
29.78,1,0.516
29.79,1,0.500
29.80,1,0.453
29.81,1,0.412
29.82,1,0.300
29.83,1,0.209
29.84,1,0.161
29.85,1,0.097
29.86,1,0.090
29.87,1,0.084
29.88,1,0.075
29.89,1,0.076
29.90,1,0.081
29.91,1,0.079
29.92,1,0.082
29.93,1,0.084
29.94,1,0.084
29.95,1,0.080
29.96,1,0.074
29.97,1,0.068
29.98,1,0.066
29.99,1,0.064
30.00,1,0.064
30.01,1,0.072
30.02,1,0.087
30.03,1,0.104
30.04,1,0.171
30.05,1,0.536
30.06,1,0.666
30.07,1,0.468
30.08,1,0.207
30.09,1,0.069
30.10,1,0.059
30.11,1,0.056
30.12,1,0.055
30.13,1,0.053
30.14,1,0.060
30.15,1,0.069
30.16,1,0.064
30.17,1,0.053
30.18,1,0.060
30.19,1,0.066
30.20,1,0.077
30.21,1,0.088
30.22,1,0.107
30.23,1,0.133
30.24,1,0.152
30.25,1,0.171
30.26,1,0.180
30.27,1,0.186
30.28,1,0.190
30.29,1,0.207
30.30,1,0.226
30.31,1,0.300
30.32,1,0.359
30.33,1,0.334
30.34,1,0.272
30.35,1,0.194
30.36,1,0.141
30.37,1,0.113
30.38,1,0.110
30.39,1,0.106
30.40,1,0.110
30.41,1,0.123
30.42,1,0.136
30.43,1,0.135
30.44,1,0.147
30.45,1,0.153
30.46,1,0.149
30.47,1,0.162
30.48,1,0.182
30.49,1,0.227
30.50,1,0.285
30.51,1,0.419
30.52,1,0.551
30.53,1,0.246
30.54,1,0.132
30.55,1,0.104
30.56,1,0.093
30.57,1,0.092
30.58,1,0.108
30.59,1,0.126
30.60,1,0.139
30.61,1,0.141
30.62,1,0.133
30.63,1,0.122
30.64,1,0.114
30.65,1,0.109
30.66,1,0.115
30.67,1,0.124
30.68,1,0.126
30.69,1,0.129
30.70,1,0.133
30.71,1,0.134
30.72,1,0.133
30.73,1,0.115
30.74,1,0.109
30.75,1,0.109
30.76,1,0.114
30.77,1,0.130
30.78,1,0.208
30.79,1,0.324
30.80,1,0.455
30.81,1,0.680
30.82,1,0.948
30.83,1,1.088
30.84,1,1.195
30.85,1,1.165
30.86,1,0.820
30.87,1,0.433
30.88,1,0.288
30.89,1,0.340
30.90,1,0.314
30.91,1,0.314
30.92,1,0.295
30.93,1,0.361
30.94,1,0.405
30.95,1,0.400
30.96,1,0.402
30.97,1,0.423
30.98,1,0.425
30.99,1,0.425
31.00,1,0.525
31.01,1,0.530
31.02,1,0.508
31.03,1,0.520
31.04,1,0.470
31.05,1,0.470
31.06,1,0.497
31.07,1,0.463
31.08,1,0.444
31.09,1,0.449
31.10,1,0.434
31.11,1,0.426
31.12,1,0.482
31.13,1,0.503
31.14,1,0.565
31.15,1,0.580
31.16,1,0.613
31.17,1,0.584
31.18,1,0.539
31.19,1,0.500
31.20,1,0.524
31.21,1,0.482
31.22,1,0.451
31.23,1,0.462
31.24,1,0.464
31.25,1,0.399
31.26,1,0.416
31.27,1,0.327
31.28,1,0.271
31.29,1,0.239
31.30,1,0.194
31.31,1,0.176
31.32,1,0.157
31.33,1,0.150
31.34,1,0.148
31.35,1,0.154
31.36,1,0.173
31.37,1,0.187
31.38,1,0.172
31.39,1,0.148
31.40,1,0.120
31.41,1,0.120
31.42,1,0.115
31.43,1,0.117
31.44,1,0.124
31.45,1,0.130
31.46,1,0.142
31.47,1,0.162
31.48,1,0.171
31.49,1,0.167
31.50,1,0.157
31.51,1,0.149
31.52,1,0.149
31.53,1,0.114
31.54,1,0.100
31.55,1,0.087
31.56,1,0.083
31.57,1,0.084
31.58,1,0.095
31.59,1,0.112
31.60,1,0.141
31.61,1,0.154
31.62,1,0.123
31.63,1,0.100
31.64,1,0.067
31.65,1,0.057
31.66,1,0.059
31.67,1,0.064
31.68,1,0.073
31.69,1,0.089
31.70,1,0.104
31.71,1,0.112
31.72,1,0.112
31.73,1,0.103
31.74,1,0.091
31.75,1,0.082
31.76,1,0.083
31.77,1,0.090
31.78,1,0.115
31.79,1,0.170
31.80,1,0.244
31.81,1,0.306
31.82,1,0.375
31.83,1,0.335
31.84,1,0.204
31.85,1,0.161
31.86,1,0.144
31.87,1,0.129
31.88,1,0.113
31.89,1,0.116
31.90,1,0.110
31.91,1,0.116
31.92,1,0.130
31.93,1,0.144
31.94,1,0.171
31.95,1,0.224
31.96,1,0.257
31.97,1,0.309
31.98,1,0.390
31.99,1,0.339
32.00,1,0.187
32.01,1,0.121
32.02,1,0.101
32.03,1,0.089
32.04,1,0.094
32.05,1,0.098
32.06,1,0.108
32.07,1,0.115
32.08,1,0.124
32.09,1,0.125
32.10,1,0.120
32.11,1,0.131
32.12,1,0.135
32.13,1,0.133
32.14,1,0.134
32.15,1,0.134
32.16,1,0.128
32.17,1,0.121
32.18,1,0.122
32.19,1,0.129
32.20,1,0.129
32.21,1,0.107
32.22,1,0.105
32.23,1,0.110
32.24,1,0.112
32.25,1,0.129
32.26,1,0.201
32.27,1,0.287
32.28,1,0.308
32.29,1,0.415
32.30,1,0.538
32.31,1,0.700
32.32,1,0.743
32.33,1,0.549
32.34,1,0.404
32.35,1,0.441
32.36,1,0.357
32.37,1,0.403
32.38,1,0.416
32.39,1,0.390
32.40,1,0.390
32.41,1,0.401
32.42,1,0.383
32.43,1,0.400
32.44,1,0.400
32.45,1,0.411
32.46,1,0.413
32.47,1,0.427
32.48,1,0.437
32.49,1,0.437
32.50,1,0.442
32.51,1,0.440
32.52,1,0.444
32.53,1,0.451
32.54,1,0.428
32.55,1,0.401
32.56,1,0.389
32.57,1,0.393
32.58,1,0.423
32.59,1,0.465
32.60,1,0.521
32.61,1,0.565
32.62,1,0.581
32.63,1,0.572
32.64,1,0.560
32.65,1,0.555
32.66,1,0.542
32.67,1,0.516
32.68,1,0.491
32.69,1,0.451
32.70,1,0.381
32.71,1,0.373
32.72,1,0.373
32.73,1,0.335
32.74,1,0.345
32.75,1,0.288
32.76,1,0.180
32.77,1,0.124
32.78,1,0.077
32.79,1,0.064
32.80,1,0.064
32.81,1,0.060
32.82,1,0.060
32.83,1,0.080
32.84,1,0.112
32.85,1,0.143
32.86,1,0.170
32.87,1,0.191
32.88,1,0.186
32.89,1,0.167
32.90,1,0.141
32.91,1,0.122
32.92,1,0.127
32.93,1,0.124
32.94,1,0.125
32.95,1,0.125
32.96,1,0.137
32.97,1,0.131
32.98,1,0.136
32.99,1,0.148
33.00,1,0.166
33.01,1,0.161
33.02,1,0.172
33.03,1,0.146
33.04,1,0.117
33.05,1,0.099
33.06,1,0.090
33.07,1,0.094
33.08,1,0.094
33.09,1,0.099
33.10,1,0.103
33.11,1,0.092
33.12,1,0.083
33.13,1,0.088
33.14,1,0.087
33.15,1,0.090
33.16,1,0.096
33.17,1,0.102
33.18,1,0.106
33.19,1,0.113
33.20,1,0.123
33.21,1,0.134
33.22,1,0.145
33.23,1,0.141
33.24,1,0.129
33.25,1,0.120
33.26,1,0.120
33.27,1,0.133
33.28,1,0.169
33.29,1,0.196
33.30,1,0.244
33.31,1,0.219
33.32,1,0.172
33.33,1,0.142
33.34,1,0.134
33.35,1,0.119
33.36,1,0.108
33.37,1,0.109
33.38,1,0.110
33.39,1,0.110
33.40,1,0.118
33.41,1,0.125
33.42,1,0.141
33.43,1,0.158
33.44,1,0.170
33.45,1,0.163
33.46,1,0.163
33.47,1,0.145
33.48,1,0.080
33.49,1,0.059
33.50,1,0.069
33.51,1,0.059
33.52,1,0.058
33.53,1,0.056
33.54,1,0.053
33.55,1,0.045
33.56,1,0.045
33.57,1,0.043
33.58,1,0.048
33.59,1,0.054
33.60,1,0.063
33.61,1,0.075
33.62,1,0.090
33.63,1,0.100
33.64,1,0.111
33.65,1,0.116
33.66,1,0.116
33.67,1,0.112
33.68,1,0.107
33.69,1,0.094
33.70,1,0.090
33.71,1,0.087
33.72,1,0.090
33.73,1,0.108
33.74,1,0.225
33.75,1,0.358
33.76,1,0.387
33.77,1,0.398
33.78,1,0.412
33.79,1,0.414
33.80,1,0.466
33.81,1,0.436
33.82,1,0.377
33.83,1,0.320
33.84,1,0.208
33.85,1,0.056
33.86,1,0.046
33.87,1,0.047
33.88,1,0.046
33.89,1,0.047
33.90,1,0.051
33.91,1,0.057
33.92,1,0.059
33.93,1,0.071
33.94,1,0.098
33.95,1,0.131
33.96,1,0.161
33.97,1,0.172
33.98,1,0.168
33.99,1,0.154
34.00,1,0.130
34.01,1,0.105
34.02,1,0.096
34.03,1,0.095
34.04,1,0.092
34.05,1,0.094
34.06,1,0.111
34.07,1,0.123
34.08,1,0.150
34.09,1,0.176
34.10,1,0.171
34.11,1,0.153
34.12,1,0.157
34.13,1,0.150
34.14,1,0.144
34.15,1,0.150
34.16,1,0.147
34.17,1,0.149
34.18,1,0.163
34.19,1,0.179
34.20,1,0.223
34.21,1,0.375
34.22,1,0.500
34.23,1,0.429
34.24,1,0.189
34.25,1,0.086
34.26,1,0.062
34.27,1,0.059
34.28,1,0.059
34.29,1,0.064
34.30,1,0.068
34.31,1,0.075
34.32,1,0.078
34.33,1,0.087
34.34,1,0.080
34.35,1,0.080
34.36,1,0.077
34.37,1,0.070
34.38,1,0.064
34.39,1,0.058
34.40,1,0.054
34.41,1,0.057
34.42,1,0.061
34.43,1,0.060
34.44,1,0.059
34.45,1,0.062
34.46,1,0.070
34.47,1,0.077
34.48,1,0.093
34.49,1,0.127
34.50,1,0.221
34.51,1,0.379
34.52,1,0.449
34.53,1,0.518
34.54,1,0.541
34.55,1,0.477
34.56,1,0.400
34.57,1,0.320
34.58,1,0.267
34.59,1,0.050
34.60,1,0.047
34.61,1,0.053
34.62,1,0.049
34.63,1,0.051
34.64,1,0.057
34.65,1,0.062
34.66,1,0.079
34.67,1,0.106
34.68,1,0.131
34.69,1,0.152
34.70,1,0.170
34.71,1,0.166
34.72,1,0.159
34.73,1,0.148
34.74,1,0.149
34.75,1,0.138
34.76,1,0.126
34.77,1,0.128
34.78,1,0.129
34.79,1,0.124
34.80,1,0.140
34.81,1,0.173
34.82,1,0.180
34.83,1,0.182
34.84,1,0.162
34.85,1,0.147
34.86,1,0.147
34.87,1,0.133
34.88,1,0.123
34.89,1,0.127
34.90,1,0.146
34.91,1,0.171
34.92,1,0.206
34.93,1,0.267
34.94,1,0.475
34.95,1,0.500
34.96,1,0.322
34.97,1,0.130
34.98,1,0.060
34.99,1,0.049
35.00,1,0.047
35.01,1,0.051
35.02,1,0.058
35.03,1,0.062
35.04,1,0.063
35.05,1,0.066
35.06,1,0.065
35.07,1,0.069
35.08,1,0.083
35.09,1,0.102
35.10,1,0.128
35.11,1,0.147
35.12,1,0.150
35.13,1,0.143
35.14,1,0.128
35.15,1,0.106
35.16,1,0.087
35.17,1,0.078
35.18,1,0.089
35.19,1,0.100
35.20,1,0.103
35.21,1,0.153
35.22,1,0.357
35.23,1,0.339
35.24,1,0.341
35.25,1,0.341
35.26,1,0.290
35.27,1,0.242
35.28,1,0.272
35.29,1,0.269
35.30,1,0.291
35.31,1,0.310
35.32,1,0.262
35.33,1,0.189
35.34,1,0.075
35.35,1,0.073
35.36,1,0.064
35.37,1,0.058
35.38,1,0.059
35.39,1,0.062
35.40,1,0.058
35.41,1,0.070
35.42,1,0.081
35.43,1,0.080
35.44,1,0.083
35.45,1,0.083
35.46,1,0.082
35.47,1,0.079
35.48,1,0.082
35.49,1,0.098
35.50,1,0.100
35.51,1,0.081
35.52,1,0.074
35.53,1,0.066
35.54,1,0.059
35.55,1,0.065
35.56,1,0.076
35.57,1,0.079
35.58,1,0.076
35.59,1,0.069
35.60,1,0.067
35.61,1,0.069
35.62,1,0.069
35.63,1,0.074
35.64,1,0.080
35.65,1,0.088
35.66,1,0.105
35.67,1,0.119
35.68,1,0.128
35.69,1,0.118
35.70,1,0.109
35.71,1,0.099
35.72,1,0.101
35.73,1,0.087
35.74,1,0.085
35.75,1,0.081
35.76,1,0.076
35.77,1,0.074
35.78,1,0.078
35.79,1,0.084
35.80,1,0.090
35.81,1,0.088
35.82,1,0.089
35.83,1,0.082
35.84,1,0.069
35.85,1,0.054
35.86,1,0.043
35.87,1,0.033
35.88,1,0.032
35.89,1,0.033
35.90,1,0.037
35.91,1,0.045
35.92,1,0.059
35.93,1,0.066
35.94,1,0.067
35.95,1,0.066
35.96,1,0.064
35.97,1,0.058
35.98,1,0.057
35.99,1,0.057
36.00,1,0.060
36.01,1,0.074
36.02,1,0.097
36.03,1,0.133
36.04,1,0.209
36.05,1,0.325
36.06,1,0.332
36.07,1,0.223
36.08,1,0.092
36.09,1,0.055
36.10,1,0.062
36.11,1,0.078
36.12,1,0.088
36.13,1,0.093
36.14,1,0.105
36.15,1,0.112
36.16,1,0.121
36.17,1,0.103
36.18,1,0.079
36.19,1,0.057
36.20,1,0.040
36.21,1,0.028
36.22,1,0.029
36.23,1,0.049
36.24,1,0.131
36.25,1,0.187
36.26,1,0.219
36.27,1,0.158
36.28,1,0.107
36.29,1,0.096
36.30,1,0.101
36.31,1,0.100
36.32,1,0.110
36.33,1,0.132
36.34,1,0.163
36.35,1,0.236
36.36,1,0.283
36.37,1,0.262
36.38,1,0.205
36.39,1,0.228
36.40,1,0.218
36.41,1,0.189
36.42,1,0.164
36.43,1,0.146
36.44,1,0.122
36.45,1,0.081
36.46,1,0.061
36.47,1,0.053
36.48,1,0.052
36.49,1,0.050
36.50,1,0.048
36.51,1,0.047
36.52,1,0.052
36.53,1,0.062
36.54,1,0.075
36.55,1,0.086
36.56,1,0.096
36.57,1,0.120
36.58,1,0.142
36.59,1,0.195
36.60,1,0.332
36.61,1,0.469
36.62,1,0.419
36.63,1,0.266
36.64,1,0.177
36.65,1,0.142
36.66,1,0.125
36.67,1,0.100
36.68,1,0.087
36.69,1,0.077
36.70,1,0.065
36.71,1,0.053
36.72,1,0.051
36.73,1,0.052
36.74,1,0.055
36.75,1,0.060
36.76,1,0.065
36.77,1,0.071
36.78,1,0.085
36.79,1,0.097
36.80,1,0.105
36.81,1,0.111
36.82,1,0.100
36.83,1,0.078
36.84,1,0.065
36.85,1,0.053
36.86,1,0.045
36.87,1,0.069
36.88,1,0.081
36.89,1,0.086
36.90,1,0.095
36.91,1,0.114
36.92,1,0.136
36.93,1,0.183
36.94,1,0.288
36.95,1,0.588
36.96,1,0.872
36.97,1,0.428
36.98,1,0.313
36.99,1,0.245
37.00,1,0.175
37.01,1,0.143
37.02,1,0.159
37.03,1,0.180
37.04,1,0.187
37.05,1,0.230
37.06,1,0.279
37.07,1,0.344
37.08,1,0.423
37.09,1,0.305
37.10,1,0.169
37.11,1,0.122
37.12,1,0.084
37.13,1,0.067
37.14,1,0.071
37.15,1,0.075
37.16,1,0.053
37.17,1,0.048
37.18,1,0.035
37.19,1,0.030
37.20,1,0.034
37.21,1,0.048
37.22,1,0.063
37.23,1,0.080
37.24,1,0.111
37.25,1,0.201
37.26,1,0.230
37.27,1,0.203
37.28,1,0.113
37.29,1,0.094
37.30,1,0.086
37.31,1,0.078
37.32,1,0.076
37.33,1,0.079
37.34,1,0.070
37.35,1,0.069
37.36,1,0.068
37.37,1,0.058
37.38,1,0.050
37.39,1,0.050
37.40,1,0.064
37.41,1,0.090
37.42,1,0.105
37.43,1,0.128
37.44,1,0.243
37.45,1,0.278
37.46,1,0.093
37.47,1,0.067
37.48,1,0.076
37.49,1,0.079
37.50,1,0.085
37.51,1,0.101
37.52,1,0.116
37.53,1,0.108
37.54,1,0.109
37.55,1,0.075
37.56,1,0.061
37.57,1,0.057
37.58,1,0.049
37.59,1,0.050
37.60,1,0.051
37.61,1,0.054
37.62,1,0.058
37.63,1,0.064
37.64,1,0.071
37.65,1,0.087
37.66,1,0.108
37.67,1,0.171
37.68,1,0.289
37.69,1,0.439
37.70,1,0.220
37.71,1,0.149
37.72,1,0.107
37.73,1,0.065
37.74,1,0.061
37.75,1,0.062
37.76,1,0.059
37.77,1,0.059
37.78,1,0.054
37.79,1,0.058
37.80,1,0.057
37.81,1,0.051
37.82,1,0.043
37.83,1,0.040
37.84,1,0.045
37.85,1,0.052
37.86,1,0.062
37.87,1,0.075
37.88,1,0.088
37.89,1,0.096
37.90,1,0.099
37.91,1,0.098
37.92,1,0.091
37.93,1,0.091
37.94,1,0.095
37.95,1,0.092
37.96,1,0.081
37.97,1,0.083
37.98,1,0.078
37.99,1,0.074
38.00,1,0.064
38.01,1,0.058
38.02,1,0.051
38.03,1,0.054
38.04,1,0.060
38.05,1,0.074
38.06,1,0.085
38.07,1,0.094
38.08,1,0.103
38.09,1,0.107
38.10,1,0.094
38.11,1,0.083
38.12,1,0.074
38.13,1,0.070
38.14,1,0.063
38.15,1,0.057
38.16,1,0.057
38.17,1,0.059
38.18,1,0.061
38.19,1,0.061
38.20,1,0.062
38.21,1,0.067
38.22,1,0.085
38.23,1,0.110
38.24,1,0.120
38.25,1,0.126
38.26,1,0.123
38.27,1,0.115
38.28,1,0.114
38.29,1,0.112
38.30,1,0.107
38.31,1,0.106
38.32,1,0.092
38.33,1,0.079
38.34,1,0.080
38.35,1,0.075
38.36,1,0.074
38.37,1,0.077
38.38,1,0.079
38.39,1,0.085
38.40,1,0.105
38.41,1,0.097
38.42,1,0.083
38.43,1,0.073
38.44,1,0.066
38.45,1,0.063
38.46,1,0.065
38.47,1,0.070
38.48,1,0.069
38.49,1,0.057
38.50,1,0.054
38.51,1,0.049
38.52,1,0.049
38.53,1,0.054
38.54,1,0.060
38.55,1,0.071
38.56,1,0.091
38.57,1,0.119
38.58,1,0.176
38.59,1,0.373
38.60,1,0.410
38.61,1,0.237
38.62,1,0.225
38.63,1,0.194
38.64,1,0.198
38.65,1,0.145
38.66,1,0.091
38.67,1,0.069
38.68,1,0.060
38.69,1,0.054
38.70,1,0.058
38.71,1,0.062
38.72,1,0.076
38.73,1,0.082
38.74,1,0.091
38.75,1,0.101
38.76,1,0.111
38.77,1,0.112
38.78,1,0.117
38.79,1,0.120
38.80,1,0.119
38.81,1,0.129
38.82,1,0.141
38.83,1,0.157
38.84,1,0.173
38.85,1,0.210
38.86,1,0.260
38.87,1,0.289
38.88,1,0.324
38.89,1,0.356
38.90,1,0.358
38.91,1,0.367
38.92,1,0.420
38.93,1,0.453
38.94,1,0.461
38.95,1,0.486
38.96,1,0.479
38.97,1,0.442
38.98,1,0.368
38.99,1,0.338
39.00,1,0.295
39.01,1,0.283
39.02,1,0.261
39.03,1,0.240
39.04,1,0.224
39.05,1,0.192
39.06,1,0.186
39.07,1,0.175
39.08,1,0.177
39.09,1,0.173
39.10,1,0.175
39.11,1,0.167
39.12,1,0.169
39.13,1,0.172
39.14,1,0.172
39.15,1,0.163
39.16,1,0.156
39.17,1,0.141
39.18,1,0.135
39.19,1,0.134
39.20,1,0.142
39.21,1,0.151
39.22,1,0.160
39.23,1,0.175
39.24,1,0.197
39.25,1,0.237
39.26,1,0.283
39.27,1,0.303
39.28,1,0.310
39.29,1,0.303
39.30,1,0.284
39.31,1,0.273
39.32,1,0.261
39.33,1,0.286
39.34,1,0.323
39.35,1,0.339
39.36,1,0.351
39.37,1,0.364
39.38,1,0.367
39.39,1,0.336
39.40,1,0.289
39.41,1,0.255
39.42,1,0.219
39.43,1,0.200
39.44,1,0.172
39.45,1,0.163
39.46,1,0.159
39.47,1,0.159
39.48,1,0.161
39.49,1,0.162
39.50,1,0.162
39.51,1,0.167
39.52,1,0.174
39.53,1,0.176
39.54,1,0.177
39.55,1,0.187
39.56,1,0.209
39.57,1,0.280
39.58,1,0.329
39.59,1,0.346
39.60,1,0.372
39.61,1,0.370
39.62,1,0.368
39.63,1,0.366
39.64,1,0.353
39.65,1,0.357
39.66,1,0.344
39.67,1,0.348
39.68,1,0.355
39.69,1,0.360
39.70,1,0.372
39.71,1,0.338
39.72,1,0.320
39.73,1,0.298
39.74,1,0.295
39.75,1,0.295
39.76,1,0.284
39.77,1,0.273
39.78,1,0.236
39.79,1,0.215
39.80,1,0.211
39.81,1,0.212
39.82,1,0.211
39.83,1,0.206
39.84,1,0.193
39.85,1,0.173
39.86,1,0.155
39.87,1,0.145
39.88,1,0.133
39.89,1,0.132
39.90,1,0.134
39.91,1,0.151
39.92,1,0.164
39.93,1,0.186
39.94,1,0.217
39.95,1,0.227
39.96,1,0.236
39.97,1,0.278
39.98,1,0.294
39.99,1,0.320
40.00,1,0.377
40.01,1,0.387
40.02,1,0.352
40.03,1,0.327
40.04,1,0.279
40.05,1,0.256
40.06,1,0.299
40.07,1,0.342
40.08,1,0.374
40.09,1,0.375
40.10,1,0.337
40.11,1,0.307
40.12,1,0.292
40.13,1,0.280
40.14,1,0.298
40.15,1,0.297
40.16,1,0.269
40.17,1,0.219
40.18,1,0.196
40.19,1,0.179
40.20,1,0.164
40.21,1,0.152
40.22,1,0.143
40.23,1,0.133
40.24,1,0.126
40.25,1,0.120
40.26,1,0.122
40.27,1,0.134
40.28,1,0.148
40.29,1,0.181
40.30,1,0.215
40.31,1,0.278
40.32,1,0.307
40.33,1,0.344
40.34,1,0.360
40.35,1,0.331
40.36,1,0.295
40.37,1,0.275
40.38,1,0.260
40.39,1,0.238
40.40,1,0.248
40.41,1,0.257
40.42,1,0.243
40.43,1,0.224
40.44,1,0.232
40.45,1,0.195
40.46,1,0.168
40.47,1,0.162
40.48,1,0.167
40.49,1,0.180
40.50,1,0.235
40.51,1,0.305
40.52,1,0.337
40.53,1,0.331
40.54,1,0.325
40.55,1,0.317
40.56,1,0.279
40.57,1,0.252
40.58,1,0.233
40.59,1,0.187
40.60,1,0.162
40.61,1,0.158
40.62,1,0.139
40.63,1,0.121
40.64,1,0.109
40.65,1,0.107
40.66,1,0.103
40.67,1,0.130
40.68,1,0.168
40.69,1,0.189
40.70,1,0.198
40.71,1,0.218
40.72,1,0.224
40.73,1,0.231
40.74,1,0.240
40.75,1,0.248
40.76,1,0.231
40.77,1,0.222
40.78,1,0.216
40.79,1,0.206
40.80,1,0.194
40.81,1,0.185
40.82,1,0.172
40.83,1,0.150
40.84,1,0.147
40.85,1,0.184
40.86,1,0.272
40.87,1,0.395
40.88,1,0.486
40.89,1,0.531
40.90,1,0.558
40.91,1,0.550
40.92,1,0.501
40.93,1,0.467
40.94,1,0.439
40.95,1,0.411
40.96,1,0.392
40.97,1,0.415
40.98,1,0.402
40.99,1,0.392
41.00,1,0.400
41.01,1,0.382
41.02,1,0.356
41.03,1,0.340
41.04,1,0.350
41.05,1,0.346
41.06,1,0.345
41.07,1,0.360
41.08,1,0.364
41.09,1,0.324
41.10,1,0.329
41.11,1,0.323
41.12,1,0.299
41.13,1,0.320
41.14,1,0.315
41.15,1,0.326
41.16,1,0.332
41.17,1,0.327
41.18,1,0.306
41.19,1,0.298
41.20,1,0.251
41.21,1,0.226
41.22,1,0.225
41.23,1,0.234
41.24,1,0.245
41.25,1,0.267
41.26,1,0.272
41.27,1,0.290
41.28,1,0.273
41.29,1,0.273
41.30,1,0.287
41.31,1,0.305
41.32,1,0.312
41.33,1,0.352
41.34,1,0.367
41.35,1,0.364
41.36,1,0.395
41.37,1,0.420
41.38,1,0.431
41.39,1,0.428
41.40,1,0.441
41.41,1,0.469
41.42,1,0.449
41.43,1,0.438
41.44,1,0.425
41.45,1,0.448
41.46,1,0.434
41.47,1,0.495
41.48,1,0.517
41.49,1,0.590
41.50,1,0.546
41.51,1,0.555
41.52,1,0.612
41.53,1,0.561
41.54,1,0.584
41.55,1,0.588
41.56,1,0.532
41.57,1,0.410
41.58,1,0.337
41.59,1,0.255
41.60,1,0.228
41.61,1,0.209
41.62,1,0.243
41.63,1,0.250
41.64,1,0.287
41.65,1,0.306
41.66,1,0.294
41.67,1,0.278
41.68,1,0.289
41.69,1,0.256
41.70,1,0.266
41.71,1,0.271
41.72,1,0.239
41.73,1,0.246
41.74,1,0.244
41.75,1,0.233
41.76,1,0.208
41.77,1,0.188
41.78,1,0.157
41.79,1,0.134
41.80,1,0.132
41.81,1,0.130
41.82,1,0.141
41.83,1,0.156
41.84,1,0.159
41.85,1,0.174
41.86,1,0.180
41.87,1,0.190
41.88,1,0.202
41.89,1,0.236
41.90,1,0.252
41.91,1,0.311
41.92,1,0.322
41.93,1,0.405
41.94,1,0.368
41.95,1,0.296
41.96,1,0.230
41.97,1,0.180
41.98,1,0.139
41.99,1,0.119
42.00,1,0.124
42.01,1,0.127
42.02,1,0.137
42.03,1,0.138
42.04,1,0.145
42.05,1,0.145
42.06,1,0.152
42.07,1,0.167
42.08,1,0.181
42.09,1,0.201
42.10,1,0.228
42.11,1,0.257
42.12,1,0.277
42.13,1,0.292
42.14,1,0.302
42.15,1,0.309
42.16,1,0.306
42.17,1,0.297
42.18,1,0.304
42.19,1,0.305
42.20,1,0.288
42.21,1,0.286
42.22,1,0.268
42.23,1,0.278
42.24,1,0.284
42.25,1,0.305
42.26,1,0.303
42.27,1,0.321
42.28,1,0.299
42.29,1,0.297
42.30,1,0.287
42.31,1,0.277
42.32,1,0.264
42.33,1,0.264
42.34,1,0.229
42.35,1,0.215
42.36,1,0.189
42.37,1,0.184
42.38,1,0.201
42.39,1,0.237
42.40,1,0.241
42.41,1,0.241
42.42,1,0.243
42.43,1,0.235
42.44,1,0.239
42.45,1,0.257
42.46,1,0.282
42.47,1,0.270
42.48,1,0.220
42.49,1,0.173
42.50,1,0.141
42.51,1,0.119
42.52,1,0.117
42.53,1,0.128
42.54,1,0.146
42.55,1,0.170
42.56,1,0.190
42.57,1,0.221
42.58,1,0.260
42.59,1,0.284
42.60,1,0.295
42.61,1,0.303
42.62,1,0.299
42.63,1,0.306
42.64,1,0.337
42.65,1,0.383
42.66,1,0.514
42.67,1,0.735
42.68,1,0.484
42.69,1,0.314
42.70,1,0.161
42.71,1,0.192
42.72,1,0.180
42.73,1,0.195
42.74,1,0.220
42.75,1,0.254
42.76,1,0.246
42.77,1,0.297
42.78,1,0.306
42.79,1,0.288
42.80,1,0.309
42.81,1,0.309
42.82,1,0.275
42.83,1,0.251
42.84,1,0.246
42.85,1,0.233
42.86,1,0.247
42.87,1,0.257
42.88,1,0.274
42.89,1,0.298
42.90,1,0.303
42.91,1,0.291
42.92,1,0.270
42.93,1,0.243
42.94,1,0.206
42.95,1,0.187
42.96,1,0.161
42.97,1,0.170
42.98,1,0.199
42.99,1,0.244
43.00,1,0.301
43.01,1,0.723
43.02,1,1.087
43.03,1,0.811
43.04,1,0.801
43.05,1,0.746
43.06,1,0.465
43.07,1,0.224
43.08,1,0.146
43.09,1,0.122
43.10,1,0.120
43.11,1,0.131
43.12,1,0.162
43.13,1,0.191
43.14,1,0.206
43.15,1,0.205
43.16,1,0.189
43.17,1,0.176
43.18,1,0.186
43.19,1,0.203
43.20,1,0.224
43.21,1,0.269
43.22,1,0.278
43.23,1,0.304
43.24,1,0.341
43.25,1,0.327
43.26,1,0.304
43.27,1,0.286
43.28,1,0.276
43.29,1,0.260
43.30,1,0.273
43.31,1,0.279
43.32,1,0.287
43.33,1,0.270
43.34,1,0.273
43.35,1,0.243
43.36,1,0.252
43.37,1,0.236
43.38,1,0.238
43.39,1,0.243
43.40,1,0.244
43.41,1,0.242
43.42,1,0.236
43.43,1,0.226
43.44,1,0.236
43.45,1,0.237
43.46,1,0.261
43.47,1,0.263
43.48,1,0.276
43.49,1,0.271
43.50,1,0.259
43.51,1,0.252
43.52,1,0.234
43.53,1,0.242
43.54,1,0.228
43.55,1,0.236
43.56,1,0.232
43.57,1,0.245
43.58,1,0.269
43.59,1,0.283
43.60,1,0.298
43.61,1,0.350
43.62,1,0.254
43.63,1,0.226
43.64,1,0.234
43.65,1,0.244
43.66,1,0.268
43.67,1,0.290
43.68,1,0.296
43.69,1,0.294
43.70,1,0.278
43.71,1,0.265
43.72,1,0.261
43.73,1,0.259
43.74,1,0.261
43.75,1,0.252
43.76,1,0.252
43.77,1,0.246
43.78,1,0.238
43.79,1,0.213
43.80,1,0.191
43.81,1,0.150
43.82,1,0.142
43.83,1,0.143
43.84,1,0.157
43.85,1,0.171
43.86,1,0.188
43.87,1,0.191
43.88,1,0.191
43.89,1,0.174
43.90,1,0.159
43.91,1,0.142
43.92,1,0.133
43.93,1,0.129
43.94,1,0.127
43.95,1,0.138
43.96,1,0.150
43.97,1,0.165
43.98,1,0.168
43.99,1,0.175
44.00,1,0.176
44.01,1,0.177
44.02,1,0.190
44.03,1,0.204
44.04,1,0.215
44.05,1,0.234
44.06,1,0.238
44.07,1,0.247
44.08,1,0.254
44.09,1,0.267
44.10,1,0.280
44.11,1,0.300
44.12,1,0.313
44.13,1,0.323
44.14,1,0.338
44.15,1,0.368
44.16,1,0.419
44.17,1,0.501
44.18,1,0.606
44.19,1,1.001
44.20,1,1.179
44.21,1,0.892
44.22,1,0.884
44.23,1,0.908
44.24,1,0.757
44.25,1,0.905
44.26,1,0.950
44.27,1,0.933
44.28,1,1.256
44.29,1,2.115
44.30,1,1.621
44.31,1,1.166
44.32,1,0.735
44.33,1,0.613
44.34,1,0.166
44.35,1,0.130
44.36,1,0.154
44.37,1,0.187
44.38,1,0.199
44.39,1,0.215
44.40,1,0.230
44.41,1,0.238
44.42,1,0.249
44.43,1,0.272
44.44,1,0.303
44.45,1,0.349
44.46,1,0.413
44.47,1,0.511
44.48,1,0.807
44.49,1,1.459
44.50,1,1.256
44.51,1,1.317
44.52,1,0.904
44.53,1,0.495
44.54,1,0.237
44.55,1,0.140
44.56,1,0.124
44.57,1,0.125
44.58,1,0.139
44.59,1,0.148
44.60,1,0.164
44.61,1,0.194
44.62,1,0.228
44.63,1,0.247
44.64,1,0.284
44.65,1,0.304
44.66,1,0.280
44.67,1,0.262
44.68,1,0.242
44.69,1,0.202
44.70,1,0.188
44.71,1,0.186
44.72,1,0.194
44.73,1,0.195
44.74,1,0.208
44.75,1,0.216
44.76,1,0.218
44.77,1,0.221
44.78,1,0.224
44.79,1,0.228
44.80,1,0.238
44.81,1,0.258
44.82,1,0.277
44.83,1,0.304
44.84,1,0.312
44.85,1,0.338
44.86,1,0.287
44.87,1,0.245
44.88,1,0.215
44.89,1,0.180
44.90,1,0.147
44.91,1,0.127
44.92,1,0.130
44.93,1,0.141
44.94,1,0.126
44.95,1,0.121
44.96,1,0.112
44.97,1,0.126
44.98,1,0.122
44.99,1,0.131
45.00,1,0.136
45.01,1,0.162
45.02,1,0.174
45.03,1,0.211
45.04,1,0.222
45.05,1,0.251
45.06,1,0.254
45.07,1,0.258
45.08,1,0.261
45.09,1,0.275
45.10,1,0.282
45.11,1,0.282
45.12,1,0.297
45.13,1,0.285
45.14,1,0.288
45.15,1,0.279
45.16,1,0.282
45.17,1,0.269
45.18,1,0.250
45.19,1,0.240
45.20,1,0.228
45.21,1,0.241
45.22,1,0.264
45.23,1,0.416
45.24,1,0.559
45.25,1,0.837
45.26,1,0.608
45.27,1,0.271
45.28,1,0.169
45.29,1,0.143
45.30,1,0.135
45.31,1,0.129
45.32,1,0.127
45.33,1,0.123
45.34,1,0.125
45.35,1,0.127
45.36,1,0.120
45.37,1,0.122
45.38,1,0.127
45.39,1,0.123
45.40,1,0.128
45.41,1,0.124
45.42,1,0.112
45.43,1,0.105
45.44,1,0.096
45.45,1,0.104
45.46,1,0.127
45.47,1,0.160
45.48,1,0.196
45.49,1,0.240
45.50,1,0.276
45.51,1,0.300
45.52,1,0.325
45.53,1,0.344
45.54,1,0.359
45.55,1,0.417
45.56,1,0.523
45.57,1,0.617
45.58,1,0.396
45.59,1,0.262
45.60,1,0.183
45.61,1,0.143
45.62,1,0.125
45.63,1,0.134
45.64,1,0.141
45.65,1,0.146
45.66,1,0.159
45.67,1,0.152
45.68,1,0.179
45.69,1,0.189
45.70,1,0.217
45.71,1,0.229
45.72,1,0.277
45.73,1,0.290
45.74,1,0.303
45.75,1,0.308
45.76,1,0.312
45.77,1,0.312
45.78,1,0.310
45.79,1,0.325
45.80,1,0.319
45.81,1,0.322
45.82,1,0.320
45.83,1,0.311
45.84,1,0.300
45.85,1,0.276
45.86,1,0.260
45.87,1,0.229
45.88,1,0.201
45.89,1,0.178
45.90,1,0.151
45.91,1,0.131
45.92,1,0.116
45.93,1,0.113
45.94,1,0.138
45.95,1,0.155
45.96,1,0.179
45.97,1,0.201
45.98,1,0.256
45.99,1,0.304
46.00,1,0.369
46.01,1,0.313
46.02,1,0.201
46.03,1,0.206
46.04,1,0.184
46.05,1,0.211
46.06,1,0.205
46.07,1,0.224
46.08,1,0.238
46.09,1,0.262
46.10,1,0.265
46.11,1,0.285
46.12,1,0.286
46.13,1,0.292
46.14,1,0.276
46.15,1,0.293
46.16,1,0.292
46.17,1,0.327
46.18,1,0.306
46.19,1,0.331
46.20,1,0.300
46.21,1,0.301
46.22,1,0.262
46.23,1,0.256
46.24,1,0.232
46.25,1,0.214
46.26,1,0.194
46.27,1,0.174
46.28,1,0.165
46.29,1,0.142
46.30,1,0.156
46.31,1,0.174
46.32,1,0.196
46.33,1,0.213
46.34,1,0.223
46.35,1,0.239
46.36,1,0.234
46.37,1,0.236
46.38,1,0.228
46.39,1,0.234
46.40,1,0.232
46.41,1,0.239
46.42,1,0.244
46.43,1,0.282
46.44,1,0.285
46.45,1,0.288
46.46,1,0.288
46.47,1,0.273
46.48,1,0.257
46.49,1,0.254
46.50,1,0.271
46.51,1,0.261
46.52,1,0.286
46.53,1,0.280
46.54,1,0.286
46.55,1,0.285
46.56,1,0.294
46.57,1,0.283
46.58,1,0.275
46.59,1,0.225
46.60,1,0.198
46.61,1,0.158
46.62,1,0.136
46.63,1,0.113
46.64,1,0.108
46.65,1,0.114
46.66,1,0.107
46.67,1,0.110
46.68,1,0.115
46.69,1,0.112
46.70,1,0.110
46.71,1,0.117
46.72,1,0.142
46.73,1,0.154
46.74,1,0.170
46.75,1,0.195
46.76,1,0.193
46.77,1,0.178
46.78,1,0.208
46.79,1,0.216
46.80,1,0.231
46.81,1,0.250
46.82,1,0.267
46.83,1,0.304
46.84,1,0.316
46.85,1,0.400
46.86,1,0.387
46.87,1,0.455
46.88,1,0.784
46.89,1,0.951
46.90,1,0.994
46.91,0,
46.92,0,
46.93,0,
46.94,0,
46.95,0,
46.96,0,
46.97,0,
46.98,0,
46.99,0,
47.00,0,
47.01,0,
47.02,0,
47.03,0,
47.04,0,
47.05,0,
47.06,0,
47.07,0,
47.08,0,
47.09,0,
47.10,0,
47.11,0,
47.12,0,
47.13,0,
47.14,0,
47.15,0,
47.16,0,
47.17,0,
47.18,0,
47.19,0,
47.20,0,
47.21,0,
47.22,0,
47.23,0,
47.24,0,
47.25,0,
47.26,0,
47.27,0,
47.28,0,
47.29,0,
47.30,0,
47.31,0,
47.32,0,
47.33,0,
47.34,0,
47.35,0,
47.36,0,
47.37,0,
47.38,0,
47.39,0,
47.40,0,
47.41,0,
47.42,0,
47.43,0,
47.44,0,
47.45,0,
47.46,1,0.413
47.47,1,0.117
47.48,1,0.102
47.49,1,0.109
47.50,1,0.116
47.51,1,0.139
47.52,1,0.160
47.53,1,0.193
47.54,1,0.234
47.55,1,0.283
47.56,1,0.320
47.57,1,0.341
47.58,1,0.336
47.59,1,0.250
47.60,1,0.210
47.61,1,0.235
47.62,1,0.264
47.63,1,0.274
47.64,1,0.282
47.65,1,0.269
47.66,1,0.235
47.67,1,0.192
47.68,1,0.168
47.69,1,0.139
47.70,1,0.124
47.71,1,0.129
47.72,1,0.135
47.73,1,0.149
47.74,1,0.180
47.75,1,0.199
47.76,1,0.213
47.77,1,0.220
47.78,1,0.249
47.79,1,0.276
47.80,1,0.299
47.81,1,0.350
47.82,1,0.470
47.83,1,0.492
47.84,1,0.484
47.85,1,0.363
47.86,1,0.192
47.87,1,0.154
47.88,1,0.208
47.89,1,0.255
47.90,1,0.281
47.91,1,0.315
47.92,1,0.374
47.93,1,0.411
47.94,1,0.431
47.95,1,0.455
47.96,1,0.464
47.97,1,0.426
47.98,1,0.373
47.99,1,0.330
48.00,1,0.322
48.01,1,0.284
48.02,1,0.263
48.03,1,0.237
48.04,1,0.174
48.05,1,0.163
48.06,1,0.141
48.07,1,0.138
48.08,1,0.147
48.09,1,0.158
48.10,1,0.160
48.11,1,0.178
48.12,1,0.175
48.13,1,0.184
48.14,1,0.168
48.15,1,0.165
48.16,1,0.150
48.17,1,0.141
48.18,1,0.146
48.19,1,0.159
48.20,1,0.195
48.21,1,0.200
48.22,1,0.185
48.23,1,0.165
48.24,1,0.171
48.25,1,0.186
48.26,1,0.219
48.27,1,0.258
48.28,1,0.279
48.29,1,0.286
48.30,1,0.275
48.31,1,0.263
48.32,1,0.218
48.33,1,0.182
48.34,1,0.142
48.35,1,0.127
48.36,1,0.177
48.37,1,0.232
48.38,1,0.257
48.39,1,0.280
48.40,1,0.308
48.41,1,0.240
48.42,1,0.128
48.43,1,0.114
48.44,1,0.124
48.45,1,0.125
48.46,1,0.143
48.47,1,0.156
48.48,1,0.159
48.49,1,0.155
48.50,1,0.149
48.51,1,0.132
48.52,1,0.119
48.53,1,0.120
48.54,1,0.135
48.55,1,0.143
48.56,1,0.158
48.57,1,0.162
48.58,1,0.171
48.59,1,0.177
48.60,1,0.166
48.61,1,0.172
48.62,1,0.173
48.63,1,0.154
48.64,1,0.184
48.65,1,0.249
48.66,1,0.266
48.67,1,0.442
48.68,1,0.357
48.69,1,0.274
48.70,1,0.254
48.71,1,0.249
48.72,1,0.232
48.73,1,0.204
48.74,1,0.194
48.75,1,0.185
48.76,1,0.122
48.77,1,0.133
48.78,1,0.130
48.79,1,0.136
48.80,1,0.157
48.81,1,0.187
48.82,1,0.197
48.83,1,0.213
48.84,1,0.218
48.85,1,0.214
48.86,1,0.213
48.87,1,0.223
48.88,1,0.230
48.89,1,0.236
48.90,1,0.259
48.91,1,0.267
48.92,1,0.287
48.93,1,0.309
48.94,1,0.318
48.95,1,0.264
48.96,1,0.242
48.97,1,0.202
48.98,1,0.213
48.99,1,0.214
49.00,1,0.230
49.01,1,0.226
49.02,1,0.223
49.03,1,0.209
49.04,1,0.205
49.05,1,0.186
49.06,1,0.208
49.07,1,0.223
49.08,1,0.243
49.09,1,0.269
49.10,1,0.296
49.11,1,0.288
49.12,1,0.212
49.13,1,0.176
49.14,1,0.158
49.15,1,0.153
49.16,1,0.151
49.17,1,0.157
49.18,1,0.168
49.19,1,0.195
49.20,1,0.288
49.21,1,0.459
49.22,1,0.265
49.23,1,0.123
49.24,1,0.145
49.25,1,0.184
49.26,1,0.216
49.27,1,0.238
49.28,1,0.269
49.29,1,0.264
49.30,1,0.220
49.31,1,0.175
49.32,1,0.164
49.33,1,0.158
49.34,1,0.157
49.35,1,0.172
49.36,1,0.191
49.37,1,0.190
49.38,1,0.216
49.39,1,0.240
49.40,1,0.269
49.41,1,0.300
49.42,1,0.353
49.43,1,0.366
49.44,1,0.381
49.45,1,0.385
49.46,1,0.372
49.47,1,0.381
49.48,1,0.405
49.49,1,0.393
49.50,1,0.363
49.51,1,0.277
49.52,1,0.195
49.53,1,0.163
49.54,1,0.166
49.55,1,0.182
49.56,1,0.196
49.57,1,0.189
49.58,1,0.212
49.59,1,0.231
49.60,1,0.261
49.61,1,0.287
49.62,1,0.310
49.63,1,0.312
49.64,1,0.299
49.65,1,0.277
49.66,1,0.263
49.67,1,0.228
49.68,1,0.211
49.69,1,0.197
49.70,1,0.181
49.71,1,0.140
49.72,1,0.120
49.73,1,0.106
49.74,1,0.101
49.75,1,0.128
49.76,1,0.164
49.77,1,0.187
49.78,1,0.208
49.79,1,0.215
49.80,1,0.223
49.81,1,0.259
49.82,1,0.298
49.83,1,0.527
49.84,1,0.829
49.85,1,0.675
49.86,1,0.648
49.87,1,0.563
49.88,1,0.415
49.89,1,0.398
49.90,1,0.152
49.91,1,0.083
49.92,1,0.111
49.93,1,0.156
49.94,1,0.179
49.95,1,0.197
49.96,1,0.211
49.97,1,0.228
49.98,1,0.247
49.99,1,0.257
50.00,1,0.272
50.01,1,0.288
50.02,1,0.299
50.03,1,0.299
50.04,1,0.271
50.05,1,0.259
50.06,1,0.243
50.07,1,0.229
50.08,1,0.206
50.09,1,0.208
50.10,1,0.205
50.11,1,0.203
50.12,1,0.228
50.13,1,0.260
50.14,1,0.283
50.15,1,0.313
50.16,1,0.353
50.17,1,0.403
50.18,1,0.417
50.19,1,0.426
50.20,1,0.666
50.21,1,1.015
50.22,1,0.874
50.23,1,0.738
50.24,1,0.466
50.25,1,0.220
50.26,1,0.172
50.27,1,0.161
50.28,1,0.152
50.29,1,0.159
50.30,1,0.178
50.31,1,0.199
50.32,1,0.226
50.33,1,0.269
50.34,1,0.312
50.35,1,0.353
50.36,1,0.365
50.37,1,0.358
50.38,1,0.337
50.39,1,0.320
50.40,1,0.305
50.41,1,0.396
50.42,1,0.388
50.43,1,0.251
50.44,1,0.183
50.45,1,0.209
50.46,1,0.223
50.47,1,0.249
50.48,1,0.266
50.49,1,0.276
50.50,1,0.264
50.51,1,0.261
50.52,1,0.250
50.53,1,0.254
50.54,1,0.250
50.55,1,0.247
50.56,1,0.236
50.57,1,0.244
50.58,1,0.254
50.59,1,0.262
50.60,1,0.253
50.61,1,0.246
50.62,1,0.228
50.63,1,0.222
50.64,1,0.245
50.65,1,0.274
50.66,1,0.325
50.67,1,0.369
50.68,1,0.419
50.69,1,0.475
50.70,1,0.533
50.71,1,0.650
50.72,1,0.812
50.73,1,1.005
50.74,1,1.177
50.75,1,1.044
50.76,1,1.098
50.77,1,1.010
50.78,1,0.894
50.79,1,0.717
50.80,1,0.643
50.81,1,0.567
50.82,1,0.508
50.83,1,0.534
50.84,1,0.515
50.85,1,0.536
50.86,1,0.600
50.87,1,0.726
50.88,1,0.801
50.89,1,0.951
50.90,1,1.065
50.91,1,1.009
50.92,1,0.846
50.93,1,0.594
50.94,1,0.480
50.95,1,0.161
50.96,1,0.094
50.97,1,0.156
50.98,1,0.197
50.99,1,0.208
51.00,1,0.207
51.01,1,0.207
51.02,1,0.208
51.03,1,0.229
51.04,1,0.278
51.05,1,0.313
51.06,1,0.339
51.07,1,0.358
51.08,1,0.347
51.09,1,0.319
51.10,1,0.298
51.11,1,0.282
51.12,1,0.269
51.13,1,0.257
51.14,1,0.243
51.15,1,0.244
51.16,1,0.224
51.17,1,0.214
51.18,1,0.223
51.19,1,0.255
51.20,1,0.279
51.21,1,0.319
51.22,1,0.366
51.23,1,0.413
51.24,1,0.423
51.25,1,0.392
51.26,1,0.300
51.27,1,0.240
51.28,1,0.219
51.29,1,0.208
51.30,1,0.229
51.31,1,0.267
51.32,1,0.279
51.33,1,0.284
51.34,1,0.291
51.35,1,0.300
51.36,1,0.312
51.37,1,0.296
51.38,1,0.276
51.39,1,0.259
51.40,1,0.244
51.41,1,0.227
51.42,1,0.218
51.43,1,0.227
51.44,1,0.262
51.45,1,0.316
51.46,1,0.382
51.47,1,0.886
51.48,1,1.318
51.49,1,1.520
51.50,1,1.497
51.51,1,1.469
51.52,1,1.405
51.53,1,1.302
51.54,1,1.283
51.55,1,1.306
51.56,1,1.250
51.57,1,1.250
51.58,1,1.300
51.59,1,1.328
51.60,1,1.404
51.61,1,1.466
51.62,1,1.610
51.63,1,1.535
51.64,1,0.745
51.65,1,0.500
51.66,1,0.186
51.67,1,0.135
51.68,1,0.126
51.69,1,0.090
51.70,1,0.092
51.71,1,0.103
51.72,1,0.122
51.73,1,0.138
51.74,1,0.165
51.75,1,0.193
51.76,1,0.198
51.77,1,0.210
51.78,1,0.226
51.79,1,0.246
51.80,1,0.256
51.81,1,0.263
51.82,1,0.278
51.83,1,0.282
51.84,1,0.271
51.85,1,0.272
51.86,1,0.274
51.87,1,0.274
51.88,1,0.260
51.89,1,0.247
51.90,1,0.226
51.91,1,0.162
51.92,1,0.113
51.93,1,0.079
51.94,1,0.078
51.95,1,0.083
51.96,1,0.096
51.97,1,0.124
51.98,1,0.155
51.99,1,0.152
52.00,1,0.146
52.01,1,0.166
52.02,1,0.169
52.03,1,0.205
52.04,1,0.225
52.05,1,0.244
52.06,1,0.259
52.07,1,0.272
52.08,1,0.299
52.09,1,0.318
52.10,1,0.328
52.11,1,0.345
52.12,1,0.374
52.13,1,0.390
52.14,1,0.375
52.15,1,0.372
52.16,1,0.389
52.17,1,0.381
52.18,1,0.352
52.19,1,0.322
52.20,1,0.309
52.21,1,0.293
52.22,1,0.293
52.23,1,0.306
52.24,1,0.320
52.25,1,0.319
52.26,1,0.297
52.27,1,0.284
52.28,1,0.275
52.29,1,0.256
52.30,1,0.247
52.31,1,0.258
52.32,1,0.271
52.33,1,0.296
52.34,1,0.323
52.35,1,0.356
52.36,1,0.389
52.37,1,0.425
52.38,1,0.511
52.39,1,0.848
52.40,1,1.184
52.41,1,1.295
52.42,1,1.451
52.43,1,1.165
52.44,1,0.968
52.45,1,0.599
52.46,1,0.322
52.47,1,0.247
52.48,1,0.264
52.49,1,0.282
52.50,1,0.283
52.51,1,0.291
52.52,1,0.296
52.53,1,0.289
52.54,1,0.275
52.55,1,0.274
52.56,1,0.276
52.57,1,0.282
52.58,1,0.285
52.59,1,0.300
52.60,1,0.333
52.61,1,0.378
52.62,1,0.554
52.63,1,0.337
52.64,1,0.267
52.65,1,0.270
52.66,1,0.279
52.67,1,0.302
52.68,1,0.312
52.69,1,0.321
52.70,1,0.319
52.71,1,0.298
52.72,1,0.288
52.73,1,0.297
52.74,1,0.299
52.75,1,0.305
52.76,1,0.302
52.77,1,0.283
52.78,1,0.255
52.79,1,0.242
52.80,1,0.245
52.81,1,0.231
52.82,1,0.252
52.83,1,0.299
52.84,1,0.328
52.85,1,0.338
52.86,1,0.381
52.87,1,0.393
52.88,1,0.382
52.89,1,0.381
52.90,1,0.363
52.91,1,0.346
52.92,1,0.356
52.93,1,0.382
52.94,1,0.402
52.95,1,0.470
52.96,1,0.518
52.97,1,0.457
52.98,1,0.333
52.99,1,0.303
53.00,1,0.387
53.01,1,0.398
53.02,1,0.358
53.03,1,0.331
53.04,1,0.323
53.05,1,0.284
53.06,1,0.295
53.07,1,0.305
53.08,1,0.337
53.09,1,0.379
53.10,1,0.441
53.11,1,0.515
53.12,1,0.657
53.13,1,0.757
53.14,1,0.819
53.15,1,0.812
53.16,1,0.921
53.17,1,0.673
53.18,1,0.241
53.19,1,0.162
53.20,1,0.120
53.21,1,0.136
53.22,1,0.150
53.23,1,0.185
53.24,1,0.219
53.25,1,0.268
53.26,1,0.322
53.27,1,0.365
53.28,1,0.429
53.29,1,0.470
53.30,1,0.461
53.31,1,0.423
53.32,1,0.415
53.33,1,0.415
53.34,1,0.410
53.35,1,0.364
53.36,1,0.362
53.37,1,0.327
53.38,1,0.300
53.39,1,0.307
53.40,1,0.309
53.41,1,0.303
53.42,1,0.302
53.43,1,0.307
53.44,1,0.326
53.45,1,0.326
53.46,1,0.361
53.47,1,0.390
53.48,1,0.423
53.49,1,0.451
53.50,1,0.451
53.51,1,0.442
53.52,1,0.422
53.53,1,0.402
53.54,1,0.367
53.55,1,0.343
53.56,1,0.328
53.57,1,0.336
53.58,1,0.363
53.59,1,0.406
53.60,1,0.441
53.61,1,0.417
53.62,1,0.378
53.63,1,0.306
53.64,1,0.282
53.65,1,0.286
53.66,1,0.309
53.67,1,0.363
53.68,1,0.398
53.69,1,0.445
53.70,1,0.445
53.71,1,0.387
53.72,1,0.272
53.73,1,0.271
53.74,1,0.296
53.75,1,0.315
53.76,1,0.345
53.77,1,0.387
53.78,1,0.371
53.79,1,0.348
53.80,1,0.344
53.81,1,0.340
53.82,1,0.352
53.83,1,0.339
53.84,1,0.327
53.85,1,0.280
53.86,1,0.269
53.87,1,0.260
53.88,1,0.249
53.89,1,0.242
53.90,1,0.230
53.91,1,0.232
53.92,1,0.231
53.93,1,0.268
53.94,1,0.322
53.95,1,0.357
53.96,1,0.383
53.97,1,0.394
53.98,1,0.391
53.99,1,0.385
54.00,1,0.349
54.01,1,0.357
54.02,1,0.361
54.03,1,0.350
54.04,1,0.376
54.05,1,0.366
54.06,1,0.314
54.07,1,0.253
54.08,1,0.236
54.09,1,0.201
54.10,1,0.228
54.11,1,0.213
54.12,1,0.235
54.13,1,0.245
54.14,1,0.278
54.15,1,0.265
54.16,1,0.255
54.17,1,0.274
54.18,1,0.284
54.19,1,0.305
54.20,1,0.316
54.21,1,0.337
54.22,1,0.318
54.23,1,0.286
54.24,1,0.255
54.25,1,0.242
54.26,1,0.232
54.27,1,0.222
54.28,1,0.233
54.29,1,0.276
54.30,1,0.304
54.31,1,0.349
54.32,1,0.390
54.33,1,0.431
54.34,1,0.457
54.35,1,0.550
54.36,1,0.527
54.37,1,0.389
54.38,1,0.326
54.39,1,0.264
54.40,1,0.216
54.41,1,0.185
54.42,1,0.170
54.43,1,0.181
54.44,1,0.184
54.45,1,0.245
54.46,1,0.283
54.47,1,0.318
54.48,1,0.369
54.49,1,0.371
54.50,1,0.316
54.51,1,0.288
54.52,1,0.275
54.53,1,0.273
54.54,1,0.295
54.55,1,0.324
54.56,1,0.392
54.57,1,0.431
54.58,1,0.400
54.59,1,0.316
54.60,1,0.229
54.61,1,0.191
54.62,1,0.169
54.63,1,0.160
54.64,1,0.179
54.65,1,0.202
54.66,1,0.207
54.67,1,0.204
54.68,1,0.180
54.69,1,0.186
54.70,1,0.214
54.71,1,0.249
54.72,1,0.277
54.73,1,0.306
54.74,1,0.342
54.75,1,0.341
54.76,1,0.323
54.77,1,0.341
54.78,1,0.401
54.79,1,0.382
54.80,1,0.406
54.81,1,0.337
54.82,1,0.274
54.83,1,0.266
54.84,1,0.276
54.85,1,0.247
54.86,1,0.198
54.87,1,0.253
54.88,1,0.271
54.89,1,0.285
54.90,1,0.307
54.91,1,0.310
54.92,1,0.280
54.93,1,0.254
54.94,1,0.241
54.95,1,0.264
54.96,1,0.310
54.97,1,0.342
54.98,1,0.343
54.99,1,0.330
55.00,1,0.289
55.01,1,0.247
55.02,1,0.215
55.03,1,0.207
55.04,1,0.237
55.05,1,0.261
55.06,1,0.279
55.07,1,0.284
55.08,1,0.300
55.09,1,0.295
55.10,1,0.273
55.11,1,0.281
55.12,1,0.321
55.13,1,0.317
55.14,1,0.351
55.15,1,0.611
55.16,1,0.733
55.17,1,0.660
55.18,1,0.709
55.19,1,0.700
55.20,1,0.688
55.21,1,0.527
55.22,1,0.266
55.23,1,0.235
55.24,1,0.174
55.25,1,0.170
55.26,1,0.175
55.27,1,0.168
55.28,1,0.191
55.29,1,0.237
55.30,1,0.256
55.31,1,0.276
55.32,1,0.303
55.33,1,0.310
55.34,1,0.327
55.35,1,0.323
55.36,1,0.322
55.37,1,0.335
55.38,1,0.331
55.39,1,0.333
55.40,1,0.338
55.41,1,0.325
55.42,1,0.333
55.43,1,0.302
55.44,1,0.310
55.45,1,0.284
55.46,1,0.265
55.47,1,0.257
55.48,1,0.280
55.49,1,0.291
55.50,1,0.276
55.51,1,0.267
55.52,1,0.259
55.53,1,0.266
55.54,1,0.283
55.55,1,0.275
55.56,1,0.291
55.57,1,0.322
55.58,1,0.309
55.59,1,0.323
55.60,1,0.365
55.61,1,0.325
55.62,1,0.330
55.63,1,0.317
55.64,1,0.339
55.65,1,0.360
55.66,1,0.391
55.67,1,0.381
55.68,1,0.417
55.69,1,0.439
55.70,1,0.549
55.71,1,0.669
55.72,1,1.085
55.73,1,1.346
55.74,1,0.751
55.75,1,0.439
55.76,1,0.234
55.77,1,0.239
55.78,1,0.264
55.79,1,0.245
55.80,1,0.258
55.81,1,0.286
55.82,1,0.316
55.83,1,0.359
55.84,1,0.419
55.85,1,0.475
55.86,1,0.518
55.87,1,0.537
55.88,1,0.543
55.89,1,0.538
55.90,1,0.607
55.91,1,0.622
55.92,1,0.618
55.93,1,0.677
55.94,1,0.548
55.95,1,0.362
55.96,1,0.263
55.97,1,0.211
55.98,1,0.201
55.99,1,0.198
56.00,1,0.235
56.01,1,0.238
56.02,1,0.248
56.03,1,0.256
56.04,1,0.294
56.05,1,0.327
56.06,1,0.361
56.07,1,0.354
56.08,1,0.373
56.09,1,0.305
56.10,1,0.312
56.11,1,0.298
56.12,1,0.286
56.13,1,0.296
56.14,1,0.332
56.15,1,0.322
56.16,1,0.353
56.17,1,0.396
56.18,1,0.352
56.19,1,0.359
56.20,1,0.334
56.21,1,0.323
56.22,1,0.316
56.23,1,0.315
56.24,1,0.329
56.25,1,0.299
56.26,1,0.290
56.27,1,0.291
56.28,1,0.299
56.29,1,0.306
56.30,1,0.318
56.31,1,0.255
56.32,1,0.230
56.33,1,0.258
56.34,1,0.278
56.35,1,0.293
56.36,1,0.329
56.37,1,0.327
56.38,1,0.344
56.39,1,0.350
56.40,1,0.370
56.41,1,0.326
56.42,1,0.330
56.43,1,0.315
56.44,1,0.315
56.45,1,0.296
56.46,1,0.325
56.47,1,0.321
56.48,1,0.317
56.49,1,0.317
56.50,1,0.315
56.51,1,0.319
56.52,1,0.345
56.53,1,0.381
56.54,1,0.463
56.55,1,0.582
56.56,1,0.753
56.57,1,1.088
56.58,1,1.355
56.59,1,1.483
56.60,1,1.456
56.61,1,1.123
56.62,1,0.886
56.63,1,0.645
56.64,1,0.513
56.65,1,0.422
56.66,1,0.362
56.67,1,0.305
56.68,1,0.256
56.69,1,0.243
56.70,1,0.278
56.71,1,0.271
56.72,1,0.296
56.73,1,0.306
56.74,1,0.315
56.75,1,0.330
56.76,1,0.359
56.77,1,0.364
56.78,1,0.374
56.79,1,0.336
56.80,1,0.315
56.81,1,0.268
56.82,1,0.277
56.83,1,0.301
56.84,1,0.304
56.85,1,0.312
56.86,1,0.327
56.87,1,0.332
56.88,1,0.305
56.89,1,0.337
56.90,1,0.366
56.91,1,0.379
56.92,1,0.377
56.93,1,0.407
56.94,1,0.367
56.95,1,0.322
56.96,1,0.276
56.97,1,0.240
56.98,1,0.212
56.99,1,0.227
57.00,1,0.253
57.01,1,0.290
57.02,1,0.344
57.03,1,0.385
57.04,1,0.330
57.05,1,0.305
57.06,1,0.301
57.07,1,0.282
57.08,1,0.284
57.09,1,0.309
57.10,1,0.298
57.11,1,0.283
57.12,1,0.306
57.13,1,0.299
57.14,1,0.309
57.15,1,0.303
57.16,1,0.292
57.17,1,0.305
57.18,1,0.304
57.19,1,0.312
57.20,1,0.312
57.21,1,0.308
57.22,1,0.278
57.23,1,0.269
57.24,1,0.267
57.25,1,0.287
57.26,1,0.287
57.27,1,0.330
57.28,1,0.336
57.29,1,0.290
57.30,1,0.276
57.31,1,0.278
57.32,1,0.258
57.33,1,0.252
57.34,1,0.229
57.35,1,0.238
57.36,1,0.267
57.37,1,0.283
57.38,1,0.323
57.39,1,0.389
57.40,1,0.392
57.41,1,0.400
57.42,1,0.407
57.43,1,0.359
57.44,1,0.323
57.45,1,0.296
57.46,1,0.263
57.47,1,0.258
57.48,1,0.277
57.49,1,0.287
57.50,1,0.313
57.51,1,0.326
57.52,1,0.329
57.53,1,0.337
57.54,1,0.347
57.55,1,0.354
57.56,1,0.372
57.57,1,0.376
57.58,1,0.398
57.59,1,0.414
57.60,1,0.351
57.61,1,0.324
57.62,1,0.315
57.63,1,0.320
57.64,1,0.328
57.65,1,0.354
57.66,1,0.338
57.67,1,0.355
57.68,1,0.380
57.69,1,0.371
57.70,1,0.394
57.71,1,0.456
57.72,1,0.493
57.73,1,0.545
57.74,1,0.647
57.75,1,0.772
57.76,1,0.755
57.77,1,0.615
57.78,1,0.458
57.79,1,0.342
57.80,1,0.306
57.81,1,0.334
57.82,1,0.361
57.83,1,0.390
57.84,1,0.416
57.85,1,0.421
57.86,1,0.393
57.87,1,0.394
57.88,1,0.370
57.89,1,0.340
57.90,1,0.325
57.91,1,0.316
57.92,1,0.311
57.93,1,0.292
57.94,1,0.274
57.95,1,0.263
57.96,1,0.257
57.97,1,0.235
57.98,1,0.228
57.99,1,0.238
58.00,1,0.265
58.01,1,0.311
58.02,1,0.363
58.03,1,0.372
58.04,1,0.347
58.05,1,0.332
58.06,1,0.318
58.07,1,0.297
58.08,1,0.318
58.09,1,0.390
58.10,1,0.432
58.11,1,0.462
58.12,1,0.474
58.13,1,0.458
58.14,1,0.420
58.15,1,0.351
58.16,1,0.247
58.17,1,0.208
58.18,1,0.196
58.19,1,0.225
58.20,1,0.224
58.21,1,0.250
58.22,1,0.281
58.23,1,0.305
58.24,1,0.317
58.25,1,0.349
58.26,1,0.340
58.27,1,0.331
58.28,1,0.308
58.29,1,0.321
58.30,1,0.317
58.31,1,0.335
58.32,1,0.338
58.33,1,0.351
58.34,1,0.339
58.35,1,0.301
58.36,1,0.257
58.37,1,0.197
58.38,1,0.186
58.39,1,0.187
58.40,1,0.172
58.41,1,0.168
58.42,1,0.169
58.43,1,0.170
58.44,1,0.182
58.45,1,0.219
58.46,1,0.240
58.47,1,0.293
58.48,1,0.362
58.49,1,0.394
58.50,1,0.425
58.51,1,0.473
58.52,1,0.455
58.53,1,0.416
58.54,1,0.400
58.55,1,0.360
58.56,1,0.369
58.57,1,0.383
58.58,1,0.424
58.59,1,0.416
58.60,1,0.407
58.61,1,0.392
58.62,1,0.340
58.63,1,0.307
58.64,1,0.285
58.65,1,0.263
58.66,1,0.267
58.67,1,0.266
58.68,1,0.279
58.69,1,0.304
58.70,1,0.298
58.71,1,0.222
58.72,1,0.213
58.73,1,0.179
58.74,1,0.176
58.75,1,0.175
58.76,1,0.182
58.77,1,0.189
58.78,1,0.224
58.79,1,0.246
58.80,1,0.253
58.81,1,0.287
58.82,1,0.358
58.83,1,0.426
58.84,1,0.511
58.85,1,0.588
58.86,1,0.635
58.87,1,0.478
58.88,1,0.351
58.89,1,0.315
58.90,1,0.278
58.91,1,0.272
58.92,1,0.285
58.93,1,0.277
58.94,1,0.272
58.95,1,0.283
58.96,1,0.281
58.97,1,0.272
58.98,1,0.264
58.99,1,0.267
59.00,1,0.282
59.01,1,0.311
59.02,1,0.339
59.03,1,0.375
59.04,1,0.376
59.05,1,0.369
59.06,1,0.339
59.07,1,0.303
59.08,1,0.265
59.09,1,0.253
59.10,1,0.246
59.11,1,0.253
59.12,1,0.258
59.13,1,0.261
59.14,1,0.252
59.15,1,0.238
59.16,1,0.257
59.17,1,0.277
59.18,1,0.317
59.19,1,0.404
59.20,1,0.477
59.21,1,0.544
59.22,1,0.554
59.23,1,0.667
59.24,1,0.490
59.25,1,0.320
59.26,1,0.229
59.27,1,0.215
59.28,1,0.219
59.29,1,0.221
59.30,1,0.246
59.31,1,0.263
59.32,1,0.291
59.33,1,0.322
59.34,1,0.330
59.35,1,0.314
59.36,1,0.297
59.37,1,0.288
59.38,1,0.289
59.39,1,0.316
59.40,1,0.348
59.41,1,0.345
59.42,1,0.313
59.43,1,0.289
59.44,1,0.253
59.45,1,0.257
59.46,1,0.263
59.47,1,0.267
59.48,1,0.293
59.49,1,0.279
59.50,1,0.245
59.51,1,0.204
59.52,1,0.229
59.53,1,0.265
59.54,1,0.308
59.55,1,0.367
59.56,1,0.506
59.57,1,0.495
59.58,1,0.578
59.59,1,0.550
59.60,1,0.614
59.61,1,0.703
59.62,1,0.835
59.63,1,0.758
59.64,1,0.954
59.65,1,1.046
59.66,1,1.042
59.67,1,1.001
59.68,1,1.144
59.69,1,1.146
59.70,1,1.101
59.71,1,1.089
59.72,1,1.110
59.73,1,0.911
59.74,1,0.878
59.75,1,0.815
59.76,1,0.763
59.77,1,0.483
59.78,1,0.422
59.79,1,0.296
59.80,1,0.398
59.81,1,0.432
59.82,1,0.456
59.83,1,0.445
59.84,1,0.446
59.85,1,0.453
59.86,1,0.425
59.87,1,0.430
59.88,1,0.445
59.89,1,0.442
59.90,1,0.387
59.91,1,0.371
59.92,1,0.394
59.93,1,0.421
59.94,1,0.436
59.95,1,0.491
59.96,1,0.532
59.97,1,0.489
59.98,1,0.482
59.99,1,0.524
60.00,1,0.492
60.01,1,0.463
60.02,1,0.483
60.03,1,0.512
60.04,1,0.457
60.05,1,0.470
60.06,1,0.502
60.07,1,0.448
60.08,1,0.367
60.09,1,0.336
60.10,1,0.309
60.11,1,0.303
60.12,1,0.323
60.13,1,0.318
60.14,1,0.326
60.15,1,0.302
60.16,1,0.313
60.17,1,0.335
60.18,1,0.359
60.19,1,0.349
60.20,1,0.347
60.21,1,0.305
60.22,1,0.279
60.23,1,0.257
60.24,1,0.237
60.25,1,0.229
60.26,1,0.229
60.27,1,0.235
60.28,1,0.257
60.29,1,0.289
60.30,1,0.315
60.31,1,0.422
60.32,1,0.504
60.33,1,0.551
60.34,1,0.640
60.35,1,0.431
60.36,1,0.309
60.37,1,0.314
60.38,1,0.295
60.39,1,0.297
60.40,1,0.321
60.41,1,0.317
60.42,1,0.310
60.43,1,0.308
60.44,1,0.294
60.45,1,0.280
60.46,1,0.291
60.47,1,0.293
60.48,1,0.295
60.49,1,0.281
60.50,1,0.318
60.51,1,0.350
60.52,1,0.365
60.53,1,0.384
60.54,1,0.355
60.55,1,0.273
60.56,1,0.228
60.57,1,0.235
60.58,1,0.242
60.59,1,0.318
60.60,1,0.388
60.61,1,0.433
60.62,1,0.489
60.63,1,0.500
60.64,1,0.517
60.65,1,0.549
60.66,1,0.573
60.67,1,0.635
60.68,1,0.949
60.69,1,1.214
60.70,1,1.093
60.71,1,0.894
60.72,1,0.408
60.73,1,0.259
60.74,1,0.206
60.75,1,0.188
60.76,1,0.168
60.77,1,0.173
60.78,1,0.165
60.79,1,0.185
60.80,1,0.207
60.81,1,0.258
60.82,1,0.308
60.83,1,0.357
60.84,1,0.363
60.85,1,0.370
60.86,1,0.355
60.87,1,0.354
60.88,1,0.347
60.89,1,0.342
60.90,1,0.346
60.91,1,0.342
60.92,1,0.351
60.93,1,0.358
60.94,1,0.356
60.95,1,0.311
60.96,1,0.312
60.97,1,0.313
60.98,1,0.332
60.99,1,0.366
61.00,1,0.497
61.01,1,0.573
61.02,1,0.773
61.03,1,0.661
61.04,1,0.567
61.05,1,0.517
61.06,1,0.451
61.07,1,0.382
61.08,1,0.550
61.09,1,0.736
61.10,1,0.811
61.11,1,0.903
61.12,1,1.037
61.13,1,1.182
61.14,1,1.092
61.15,1,1.180
61.16,1,1.393
61.17,1,1.388
61.18,1,1.344
61.19,1,1.439
61.20,1,1.380
61.21,1,1.094
61.22,1,1.031
61.23,1,0.895
61.24,1,0.948
61.25,1,0.830
61.26,1,0.577
61.27,1,0.374
61.28,1,0.442
61.29,1,0.473
61.30,1,0.435
61.31,1,0.396
61.32,1,0.458
61.33,1,0.417
61.34,1,0.371
61.35,1,0.381
61.36,1,0.388
61.37,1,0.342
61.38,1,0.387
61.39,1,0.421
61.40,1,0.436
61.41,1,0.456
61.42,1,0.435
61.43,1,0.441
61.44,1,0.442
61.45,1,0.454
61.46,1,0.546
61.47,1,0.572
61.48,1,0.626
61.49,1,0.689
61.50,1,0.673
61.51,1,0.640
61.52,1,0.596
61.53,1,0.623
61.54,1,0.519
61.55,1,0.508
61.56,1,0.493
61.57,1,0.459
61.58,1,0.484
61.59,1,0.520
61.60,1,0.499
61.61,1,0.519
61.62,1,0.412
61.63,1,0.269
61.64,1,0.226
61.65,1,0.194
61.66,1,0.201
61.67,1,0.210
61.68,1,0.242
61.69,1,0.300
61.70,1,0.346
61.71,1,0.366
61.72,1,0.377
61.73,1,0.359
61.74,1,0.314
61.75,1,0.305
61.76,1,0.308
61.77,1,0.284
61.78,1,0.309
61.79,1,0.330
61.80,1,0.316
61.81,1,0.309
61.82,1,0.327
61.83,1,0.329
61.84,1,0.313
61.85,1,0.282
61.86,1,0.292
61.87,1,0.257
61.88,1,0.228
61.89,1,0.239
61.90,1,0.235
61.91,1,0.224
61.92,1,0.202
61.93,1,0.190
61.94,1,0.201
61.95,1,0.224
61.96,1,0.251
61.97,1,0.311
61.98,1,0.363
61.99,1,0.397
62.00,1,0.452
62.01,1,0.481
62.02,1,0.309
62.03,1,0.260
62.04,1,0.282
62.05,1,0.298
62.06,1,0.316
62.07,1,0.369
62.08,1,0.406
62.09,1,0.381
62.10,1,0.352
62.11,1,0.336
62.12,1,0.357
62.13,1,0.351
62.14,1,0.353
62.15,1,0.381
62.16,1,0.369
62.17,1,0.360
62.18,1,0.337
62.19,1,0.302
62.20,1,0.272
62.21,1,0.275
62.22,1,0.258
62.23,1,0.248
62.24,1,0.249
62.25,1,0.253
62.26,1,0.253
62.27,1,0.284
62.28,1,0.302
62.29,1,0.325
62.30,1,0.321
62.31,1,0.311
62.32,1,0.303
62.33,1,0.319
62.34,1,0.384
62.35,1,0.410
62.36,1,0.431
62.37,1,0.444
62.38,1,0.420
62.39,1,0.374
62.40,1,0.380
62.41,1,0.354
62.42,1,0.318
62.43,1,0.284
62.44,1,0.277
62.45,1,0.246
62.46,1,0.248
62.47,1,0.282
62.48,1,0.278
62.49,1,0.263
62.50,1,0.254
62.51,1,0.239
62.52,1,0.229
62.53,1,0.248
62.54,1,0.282
62.55,1,0.312
62.56,1,0.331
62.57,1,0.336
62.58,1,0.339
62.59,1,0.295
62.60,1,0.309
62.61,1,0.315
62.62,1,0.318
62.63,1,0.330
62.64,1,0.344
62.65,1,0.337
62.66,1,0.358
62.67,1,0.360
62.68,1,0.333
62.69,1,0.305
62.70,1,0.257
62.71,1,0.202
62.72,1,0.194
62.73,1,0.197
62.74,1,0.224
62.75,1,0.259
62.76,1,0.290
62.77,1,0.290
62.78,1,0.290
62.79,1,0.278
62.80,1,0.275
62.81,1,0.287
62.82,1,0.284
62.83,1,0.327
62.84,1,0.363
62.85,1,0.401
62.86,1,0.452
62.87,1,0.432
62.88,1,0.335
62.89,1,0.307
62.90,1,0.303
62.91,1,0.299
62.92,1,0.329
62.93,1,0.374
62.94,1,0.282
62.95,1,0.240
62.96,1,0.234
62.97,1,0.232
62.98,1,0.249
62.99,1,0.280
63.00,1,0.300
63.01,1,0.365
63.02,1,0.419
63.03,1,0.483
63.04,1,0.563
63.05,1,0.583
63.06,1,0.552
63.07,1,0.533
63.08,1,0.423
63.09,1,0.337
63.10,1,0.308
63.11,1,0.331
63.12,1,0.289
63.13,1,0.253
63.14,1,0.227
63.15,1,0.191
63.16,1,0.173
63.17,1,0.170
63.18,1,0.193
63.19,1,0.208
63.20,1,0.233
63.21,1,0.254
63.22,1,0.254
63.23,1,0.267
63.24,1,0.255
63.25,1,0.266
63.26,1,0.320
63.27,1,0.415
63.28,1,0.516
63.29,1,0.951
63.30,1,0.831
63.31,1,0.473
63.32,1,0.333
63.33,1,0.246
63.34,1,0.239
63.35,1,0.268
63.36,1,0.261
63.37,1,0.304
63.38,1,0.333
63.39,1,0.358
63.40,1,0.404
63.41,1,0.479
63.42,1,0.463
63.43,1,0.436
63.44,1,0.372
63.45,1,0.316
63.46,1,0.296
63.47,1,0.293
63.48,1,0.342
63.49,1,0.345
63.50,1,0.335
63.51,1,0.341
63.52,1,0.316
63.53,1,0.306
63.54,1,0.319
63.55,1,0.336
63.56,1,0.359
63.57,1,0.365
63.58,1,0.362
63.59,1,0.325
63.60,1,0.263
63.61,1,0.238
63.62,1,0.258
63.63,1,0.278
63.64,1,0.402
63.65,1,0.499
63.66,1,0.350
63.67,1,0.315
63.68,1,0.326
63.69,1,0.302
63.70,1,0.297
63.71,1,0.333
63.72,1,0.365
63.73,1,0.369
63.74,1,0.380
63.75,1,0.370
63.76,1,0.335
63.77,1,0.295
63.78,1,0.270
63.79,1,0.258
63.80,1,0.262
63.81,1,0.265
63.82,1,0.280
63.83,1,0.305
63.84,1,0.313
63.85,1,0.288
63.86,1,0.283
63.87,1,0.274
63.88,1,0.272
63.89,1,0.296
63.90,1,0.312
63.91,1,0.327
63.92,1,0.322
63.93,1,0.296
63.94,1,0.292
63.95,1,0.296
63.96,1,0.304
63.97,1,0.330
63.98,1,0.333
63.99,1,0.329
64.00,1,0.322
64.01,1,0.298
64.02,1,0.277
64.03,1,0.280
64.04,1,0.278
64.05,1,0.273
64.06,1,0.288
64.07,1,0.294
64.08,1,0.309
64.09,1,0.317
64.10,1,0.306
64.11,1,0.303
64.12,1,0.298
64.13,1,0.292
64.14,1,0.293
64.15,1,0.298
64.16,1,0.309
64.17,1,0.325
64.18,1,0.341
64.19,1,0.367
64.20,1,0.379
64.21,1,0.379
64.22,1,0.367
64.23,1,0.338
64.24,1,0.308
64.25,1,0.273
64.26,1,0.240
64.27,1,0.219
64.28,1,0.219
64.29,1,0.220
64.30,1,0.230
64.31,1,0.253
64.32,1,0.261
64.33,1,0.274
64.34,1,0.280
64.35,1,0.280
64.36,1,0.285
64.37,1,0.276
64.38,1,0.253
64.39,1,0.237
64.40,1,0.238
64.41,1,0.236
64.42,1,0.252
64.43,1,0.292
64.44,1,0.289
64.45,1,0.262
64.46,1,0.241
64.47,1,0.245
64.48,1,0.248
64.49,1,0.251
64.50,1,0.275
64.51,1,0.327
64.52,1,0.461
64.53,1,0.583
64.54,1,0.570
64.55,1,0.366
64.56,1,0.268
64.57,1,0.198
64.58,1,0.159
64.59,1,0.155
64.60,1,0.171
64.61,1,0.167
64.62,1,0.179
64.63,1,0.192
64.64,1,0.212
64.65,1,0.226
64.66,1,0.265
64.67,1,0.342
64.68,1,0.389
64.69,1,0.449
64.70,1,0.529
64.71,1,0.749
64.72,1,0.964
64.73,1,0.896
64.74,1,0.643
64.75,1,0.477
64.76,1,0.353
64.77,1,0.271
64.78,1,0.256
64.79,1,0.268
64.80,1,0.279
64.81,1,0.239
64.82,1,0.218
64.83,1,0.230
64.84,1,0.239
64.85,1,0.280
64.86,1,0.367
64.87,1,0.433
64.88,1,0.469
64.89,1,0.434
64.90,1,0.412
64.91,1,0.326
64.92,1,0.296
64.93,1,0.298
64.94,1,0.281
64.95,1,0.289
64.96,1,0.313
64.97,1,0.301
64.98,1,0.266
64.99,1,0.255
65.00,1,0.231
65.01,1,0.223
65.02,1,0.222
65.03,1,0.222
65.04,1,0.245
65.05,1,0.268
65.06,1,0.314
65.07,1,0.404
65.08,1,0.544
65.09,1,0.866
65.10,1,0.920
65.11,1,1.042
65.12,1,0.953
65.13,1,0.693
65.14,1,0.373
65.15,1,0.237
65.16,1,0.259
65.17,1,0.255
65.18,1,0.264
65.19,1,0.285
65.20,1,0.319
65.21,1,0.343
65.22,1,0.403
65.23,1,0.451
65.24,1,0.452
65.25,1,0.428
65.26,1,0.391
65.27,1,0.373
65.28,1,0.369
65.29,1,0.364
65.30,1,0.359
65.31,1,0.337
65.32,1,0.307
65.33,1,0.250
65.34,1,0.227
65.35,1,0.201
65.36,1,0.197
65.37,1,0.211
65.38,1,0.243
65.39,1,0.237
65.40,1,0.248
65.41,1,0.257
65.42,1,0.278
65.43,1,0.284
65.44,1,0.377
65.45,1,0.511
65.46,1,0.588
65.47,1,0.607
65.48,1,0.730
65.49,1,0.802
65.50,1,0.611
65.51,1,0.477
65.52,1,0.403
65.53,1,0.346
65.54,1,0.358
65.55,1,0.343
65.56,1,0.360
65.57,1,0.330
65.58,1,0.303
65.59,1,0.285
65.60,1,0.287
65.61,1,0.262
65.62,1,0.289
65.63,1,0.282
65.64,1,0.285
65.65,1,0.254
65.66,1,0.242
65.67,1,0.232
65.68,1,0.220
65.69,1,0.224
65.70,1,0.235
65.71,1,0.231
65.72,1,0.238
65.73,1,0.228
65.74,1,0.218
65.75,1,0.216
65.76,1,0.230
65.77,1,0.241
65.78,1,0.258
65.79,1,0.277
65.80,1,0.295
65.81,1,0.333
65.82,1,0.400
65.83,1,0.464
65.84,1,0.477
65.85,1,0.452
65.86,1,0.440
65.87,1,0.388
65.88,1,0.341
65.89,1,0.338
65.90,1,0.292
65.91,1,0.274
65.92,1,0.269
65.93,1,0.247
65.94,1,0.225
65.95,1,0.206
65.96,1,0.197
65.97,1,0.232
65.98,1,0.278
65.99,1,0.309
66.00,1,0.381
66.01,1,0.366
66.02,1,0.338
66.03,1,0.343
66.04,1,0.298
66.05,1,0.296
66.06,1,0.288
66.07,1,0.289
66.08,1,0.324
66.09,1,0.390
66.10,1,0.395
66.11,1,0.554
66.12,1,0.899
66.13,1,0.614
66.14,1,0.379
66.15,1,0.231
66.16,1,0.230
66.17,1,0.177
66.18,1,0.154
66.19,1,0.163
66.20,1,0.170
66.21,1,0.165
66.22,1,0.180
66.23,1,0.175
66.24,1,0.173
66.25,1,0.184
66.26,1,0.184
66.27,1,0.186
66.28,1,0.181
66.29,1,0.169
66.30,1,0.140
66.31,1,0.126
66.32,1,0.131
66.33,1,0.140
66.34,1,0.154
66.35,1,0.175
66.36,1,0.185
66.37,1,0.166
66.38,1,0.148
66.39,1,0.139
66.40,1,0.138
66.41,1,0.146
66.42,1,0.175
66.43,1,0.200
66.44,1,0.198
66.45,1,0.199
66.46,1,0.182
66.47,1,0.170
66.48,1,0.171
66.49,1,0.176
66.50,1,0.202
66.51,1,0.243
66.52,1,0.280
66.53,1,0.326
66.54,1,0.392
66.55,1,0.479
66.56,1,0.775
66.57,1,0.919
66.58,1,0.857
66.59,1,0.804
66.60,1,0.331
66.61,1,0.165
66.62,1,0.145
66.63,1,0.160
66.64,1,0.178
66.65,1,0.198
66.66,1,0.226
66.67,1,0.236
66.68,1,0.252
66.69,1,0.276
66.70,1,0.288
66.71,1,0.303
66.72,1,0.323
66.73,1,0.314
66.74,1,0.290
66.75,1,0.228
66.76,1,0.210
66.77,1,0.213
66.78,1,0.244
66.79,1,0.299
66.80,1,0.347
66.81,1,0.277
66.82,1,0.224
66.83,1,0.210
66.84,1,0.246
66.85,1,0.266
66.86,1,0.322
66.87,1,0.383
66.88,1,0.423
66.89,1,0.445
66.90,1,0.453
66.91,1,0.431
66.92,1,0.350
66.93,1,0.289
66.94,1,0.273
66.95,1,0.293
66.96,1,0.351
66.97,1,0.427
66.98,1,0.412
66.99,1,0.368
67.00,1,0.346
67.01,1,0.251
67.02,1,0.204
67.03,1,0.225
67.04,1,0.256
67.05,1,0.282
67.06,1,0.278
67.07,1,0.301
67.08,1,0.259
67.09,1,0.206
67.10,1,0.187
67.11,1,0.164
67.12,1,0.159
67.13,1,0.162
67.14,1,0.182
67.15,1,0.196
67.16,1,0.191
67.17,1,0.165
67.18,1,0.176
67.19,1,0.198
67.20,1,0.215
67.21,1,0.233
67.22,1,0.251
67.23,1,0.263
67.24,1,0.249
67.25,1,0.230
67.26,1,0.225
67.27,1,0.238
67.28,1,0.242
67.29,1,0.227
67.30,1,0.243
67.31,1,0.221
67.32,1,0.207
67.33,1,0.225
67.34,1,0.246
67.35,1,0.289
67.36,1,0.348
67.37,1,0.440
67.38,1,0.527
67.39,1,0.532
67.40,1,0.610
67.41,1,0.662
67.42,1,0.706
67.43,1,0.756
67.44,1,0.838
67.45,1,0.789
67.46,1,0.737
67.47,1,0.670
67.48,1,0.593
67.49,1,0.626
67.50,1,0.634
67.51,1,0.759
67.52,1,0.524
67.53,1,0.349
67.54,1,0.256
67.55,1,0.244
67.56,1,0.254
67.57,1,0.262
67.58,1,0.277
67.59,1,0.302
67.60,1,0.324
67.61,1,0.313
67.62,1,0.311
67.63,1,0.294
67.64,1,0.245
67.65,1,0.237
67.66,1,0.260
67.67,1,0.282
67.68,1,0.309
67.69,1,0.380
67.70,1,0.584
67.71,1,0.483
67.72,1,0.370
67.73,1,0.258
67.74,1,0.148
67.75,1,0.137
67.76,1,0.163
67.77,1,0.198
67.78,1,0.235
67.79,1,0.293
67.80,1,0.311
67.81,1,0.328
67.82,1,0.333
67.83,1,0.325
67.84,1,0.354
67.85,1,0.426
67.86,1,0.511
67.87,1,0.529
67.88,1,0.484
67.89,1,0.456
67.90,1,0.345
67.91,1,0.253
67.92,1,0.298
67.93,1,0.311
67.94,1,0.320
67.95,1,0.341
67.96,1,0.336
67.97,1,0.305
67.98,1,0.257
67.99,1,0.240
68.00,1,0.223
68.01,1,0.225
68.02,1,0.203
68.03,1,0.260
68.04,1,0.343
68.05,1,0.371
68.06,1,0.539
68.07,1,0.701
68.08,1,0.725
68.09,1,0.372
68.10,1,0.311
68.11,1,0.301
68.12,1,0.304
68.13,1,0.363
68.14,1,0.399
68.15,1,0.395
68.16,1,0.453
68.17,1,0.425
68.18,1,0.402
68.19,1,0.390
68.20,1,0.389
68.21,1,0.399
68.22,1,0.387
68.23,1,0.370
68.24,1,0.365
68.25,1,0.344
68.26,1,0.311
68.27,1,0.291
68.28,1,0.319
68.29,1,0.322
68.30,1,0.317
68.31,1,0.318
68.32,1,0.337
68.33,1,0.321
68.34,1,0.295
68.35,1,0.283
68.36,1,0.270
68.37,1,0.250
68.38,1,0.235
68.39,1,0.224
68.40,1,0.247
68.41,1,0.337
68.42,1,0.420
68.43,1,0.490
68.44,1,0.638
68.45,1,0.536
68.46,1,0.306
68.47,1,0.224
68.48,1,0.252
68.49,1,0.249
68.50,1,0.270
68.51,1,0.320
68.52,1,0.379
68.53,1,0.455
68.54,1,0.475
68.55,1,0.470
68.56,1,0.440
68.57,1,0.374
68.58,1,0.362
68.59,1,0.390
68.60,1,0.379
68.61,1,0.370
68.62,1,0.353
68.63,1,0.315
68.64,1,0.299
68.65,1,0.264
68.66,1,0.232
68.67,1,0.227
68.68,1,0.232
68.69,1,0.229
68.70,1,0.258
68.71,1,0.294
68.72,1,0.330
68.73,1,0.333
68.74,1,0.378
68.75,1,0.404
68.76,1,0.416
68.77,1,0.447
68.78,1,0.498
68.79,1,0.381
68.80,1,0.318
68.81,1,0.309
68.82,1,0.283
68.83,1,0.266
68.84,1,0.246
68.85,1,0.220
68.86,1,0.226
68.87,1,0.229
68.88,1,0.250
68.89,1,0.289
68.90,1,0.315
68.91,1,0.344
68.92,1,0.363
68.93,1,0.355
68.94,1,0.339
68.95,1,0.333
68.96,1,0.313
68.97,1,0.322
68.98,1,0.333
68.99,1,0.340
69.00,1,0.367
69.01,1,0.336
69.02,1,0.291
69.03,1,0.244
69.04,1,0.233
69.05,1,0.198
69.06,1,0.218
69.07,1,0.220
69.08,1,0.207
69.09,1,0.207
69.10,1,0.204
69.11,1,0.205
69.12,1,0.200
69.13,1,0.196
69.14,1,0.221
69.15,1,0.261
69.16,1,0.305
69.17,1,0.301
69.18,1,0.294
69.19,1,0.292
69.20,1,0.274
69.21,1,0.315
69.22,1,0.345
69.23,1,0.375
69.24,1,0.378
69.25,1,0.357
69.26,1,0.353
69.27,1,0.365
69.28,1,0.381
69.29,1,0.381
69.30,1,0.384
69.31,1,0.358
69.32,1,0.374
69.33,1,0.371
69.34,1,0.334
69.35,1,0.311
69.36,1,0.281
69.37,1,0.213
69.38,1,0.184
69.39,1,0.150
69.40,1,0.210
69.41,1,0.232
69.42,1,0.260
69.43,1,0.312
69.44,1,0.353
69.45,1,0.349
69.46,1,0.320
69.47,1,0.264
69.48,1,0.240
69.49,1,0.231
69.50,1,0.222
69.51,1,0.242
69.52,1,0.259
69.53,1,0.219
69.54,1,0.201
69.55,1,0.172
69.56,1,0.164
69.57,1,0.165
69.58,1,0.182
69.59,1,0.193
69.60,1,0.203
69.61,1,0.186
69.62,1,0.202
69.63,1,0.213
69.64,1,0.216
69.65,1,0.220
69.66,1,0.204
69.67,1,0.201
69.68,1,0.209
69.69,1,0.202
69.70,1,0.222
69.71,1,0.253
69.72,1,0.279
69.73,1,0.294
69.74,1,0.351
69.75,1,0.319
69.76,1,0.336
69.77,1,0.356
69.78,1,0.349
69.79,1,0.306
69.80,1,0.294
69.81,1,0.253
69.82,1,0.224
69.83,1,0.216
69.84,1,0.208
69.85,1,0.198
69.86,1,0.206
69.87,1,0.281
69.88,1,0.325
69.89,1,0.481
69.90,1,0.639
69.91,1,0.837
69.92,1,0.922
69.93,1,0.713
69.94,1,0.395
69.95,1,0.312
69.96,1,0.282
69.97,1,0.261
69.98,1,0.242
69.99,1,0.256
70.00,1,0.244
70.01,1,0.271
70.02,1,0.281
70.03,1,0.304
70.04,1,0.329
70.05,1,0.370
70.06,1,0.373
70.07,1,0.388
70.08,1,0.406
70.09,1,0.344
70.10,1,0.282
70.11,1,0.174
70.12,1,0.119
70.13,1,0.097
70.14,1,0.086
70.15,1,0.097
70.16,1,0.125
70.17,1,0.180
70.18,1,0.213
70.19,1,0.236
70.20,1,0.261
70.21,1,0.215
70.22,1,0.177
70.23,1,0.205
70.24,1,0.264
70.25,1,0.320
70.26,1,0.319
70.27,1,0.358
70.28,1,0.343
70.29,1,0.290
70.30,1,0.268
70.31,1,0.295
70.32,1,0.258
70.33,1,0.251
70.34,1,0.292
70.35,1,0.315
70.36,1,0.344
70.37,1,0.388
70.38,1,0.419
70.39,1,0.412
70.40,1,0.363
70.41,1,0.320
70.42,1,0.292
70.43,1,0.309
70.44,1,0.364
70.45,1,0.373
70.46,1,0.319
70.47,1,0.293
70.48,1,0.235
70.49,1,0.154
70.50,1,0.150
70.51,1,0.150
70.52,1,0.181
70.53,1,0.196
70.54,1,0.210
70.55,1,0.247
70.56,1,0.275
70.57,1,0.287
70.58,1,0.309
70.59,1,0.318
70.60,1,0.313
70.61,1,0.322
70.62,1,0.308
70.63,1,0.336
70.64,1,0.340
70.65,1,0.258
70.66,1,0.180
70.67,1,0.133
70.68,1,0.157
70.69,1,0.259
70.70,1,0.326
70.71,1,0.350
70.72,1,0.378
70.73,1,0.369
70.74,1,0.333
70.75,1,0.328
70.76,1,0.319
70.77,1,0.343
70.78,1,0.386
70.79,1,0.341
70.80,1,0.364
70.81,1,0.380
70.82,1,0.361
70.83,1,0.361
70.84,1,0.346
70.85,1,0.327
70.86,1,0.315
70.87,1,0.289
70.88,1,0.325
70.89,1,0.354
70.90,1,0.341
70.91,1,0.322
70.92,1,0.265
70.93,1,0.219
70.94,1,0.198
70.95,1,0.192
70.96,1,0.209
70.97,1,0.254
70.98,1,0.262
70.99,1,0.237
71.00,1,0.219
71.01,1,0.234
71.02,1,0.254
71.03,1,0.229
71.04,1,0.207
71.05,1,0.173
71.06,1,0.186
71.07,1,0.213
71.08,1,0.239
71.09,1,0.265
71.10,1,0.286
71.11,1,0.305
71.12,1,0.328
71.13,1,0.321
71.14,1,0.335
71.15,1,0.311
71.16,1,0.343
71.17,1,0.355
71.18,1,0.421
71.19,1,0.460
71.20,1,0.429
71.21,1,0.370
71.22,1,0.343
71.23,1,0.324
71.24,1,0.301
71.25,1,0.356
71.26,1,0.399
71.27,1,0.477
71.28,1,0.485
71.29,1,0.465
71.30,1,0.442
71.31,1,0.522
71.32,1,0.668
71.33,1,0.784
71.34,1,0.990
71.35,1,1.328
71.36,1,1.712
71.37,1,2.088
71.38,1,2.175
71.39,1,2.189
71.40,1,2.324
71.41,1,1.788
71.42,1,1.305
71.43,1,1.190
71.44,1,1.156
71.45,1,1.186
71.46,1,1.289
71.47,1,1.038
71.48,1,1.001
71.49,1,1.013
71.50,1,1.030
71.51,1,0.972
71.52,1,1.054
71.53,1,0.969
71.54,1,0.861
71.55,1,0.563
71.56,1,0.455
71.57,1,0.246
71.58,1,0.231
71.59,1,0.243
71.60,1,0.294
71.61,1,0.342
71.62,1,0.385
71.63,1,0.460
71.64,1,0.464
71.65,1,0.449
71.66,1,0.412
71.67,1,0.376
71.68,1,0.358
71.69,1,0.386
71.70,1,0.357
71.71,1,0.383
71.72,1,0.417
71.73,1,0.400
71.74,1,0.428
71.75,1,0.404
71.76,1,0.354
71.77,1,0.316
71.78,1,0.303
71.79,1,0.307
71.80,1,0.356
71.81,1,0.358
71.82,1,0.386
71.83,1,0.413
71.84,1,0.411
71.85,1,0.347
71.86,1,0.349
71.87,1,0.324
71.88,1,0.310
71.89,1,0.320
71.90,1,0.304
71.91,1,0.255
71.92,1,0.237
71.93,1,0.191
71.94,1,0.159
71.95,1,0.137
71.96,1,0.134
71.97,1,0.158
71.98,1,0.173
71.99,1,0.200
72.00,1,0.230
72.01,1,0.241
72.02,1,0.235
72.03,1,0.248
72.04,1,0.246
72.05,1,0.251
72.06,1,0.269
72.07,1,0.295
72.08,1,0.343
72.09,1,0.454
72.10,1,0.513
72.11,1,0.464
72.12,1,0.300
72.13,1,0.184
72.14,1,0.144
72.15,1,0.132
72.16,1,0.161
72.17,1,0.187
72.18,1,0.205
72.19,1,0.215
72.20,1,0.233
72.21,1,0.249
72.22,1,0.260
72.23,1,0.293
72.24,1,0.336
72.25,1,0.345
72.26,1,0.396
72.27,1,0.422
72.28,1,0.455
72.29,1,0.489
72.30,1,0.505
72.31,1,0.482
72.32,1,0.381
72.33,1,0.315
72.34,1,0.242
72.35,1,0.212
72.36,1,0.212
72.37,1,0.219
72.38,1,0.218
72.39,1,0.224
72.40,1,0.227
72.41,1,0.249
72.42,1,0.273
72.43,1,0.307
72.44,1,0.389
72.45,1,0.520
72.46,1,0.669
72.47,1,0.850
72.48,1,0.812
72.49,1,0.580
72.50,1,0.260
72.51,1,0.217
72.52,1,0.204
72.53,1,0.238
72.54,1,0.274
72.55,1,0.315
72.56,1,0.328
72.57,1,0.320
72.58,1,0.314
72.59,1,0.280
72.60,1,0.240
72.61,1,0.225
72.62,1,0.229
72.63,1,0.240
72.64,1,0.220
72.65,1,0.199
72.66,1,0.190
72.67,1,0.177
72.68,1,0.207
72.69,1,0.248
72.70,1,0.302
72.71,1,0.347
72.72,1,0.383
72.73,1,0.386
72.74,1,0.400
72.75,1,0.442
72.76,1,0.474
72.77,1,0.442
72.78,1,0.468
72.79,1,0.389
72.80,1,0.334
72.81,1,0.370
72.82,1,0.406
72.83,1,0.447
72.84,1,0.521
72.85,1,0.594
72.86,1,0.683
72.87,1,0.751
72.88,1,0.897
72.89,1,0.956
72.90,1,0.843
72.91,1,0.988
72.92,1,1.070
72.93,1,1.266
72.94,1,1.258
72.95,1,1.126
72.96,1,1.107
72.97,1,1.004
72.98,1,0.797
72.99,1,0.691
73.00,1,0.583
73.01,1,0.613
73.02,1,0.716
73.03,1,0.832
73.04,1,0.798
73.05,1,0.457
73.06,1,0.326
73.07,1,0.368
73.08,1,0.307
73.09,1,0.298
73.10,1,0.287
73.11,1,0.307
73.12,1,0.329
73.13,1,0.399
73.14,1,0.386
73.15,1,0.457
73.16,1,0.495
73.17,1,0.504
73.18,1,0.509
73.19,1,0.415
73.20,1,0.343
73.21,1,0.299
73.22,1,0.280
73.23,1,0.360
73.24,1,0.489
73.25,1,0.545
73.26,1,0.612
73.27,1,0.650
73.28,1,0.518
73.29,1,0.533
73.30,1,0.509
73.31,1,0.513
73.32,1,0.563
73.33,1,0.514
73.34,1,0.501
73.35,1,0.492
73.36,1,0.477
73.37,1,0.463
73.38,1,0.494
73.39,1,0.535
73.40,1,0.480
73.41,1,0.422
73.42,1,0.329
73.43,1,0.287
73.44,1,0.209
73.45,1,0.171
73.46,1,0.167
73.47,1,0.172
73.48,1,0.184
73.49,1,0.228
73.50,1,0.218
73.51,1,0.214
73.52,1,0.234
73.53,1,0.262
73.54,1,0.337
73.55,1,0.441
73.56,1,0.517
73.57,1,0.523
73.58,1,0.516
73.59,1,0.500
73.60,1,0.449
73.61,1,0.535
73.62,1,0.444
73.63,1,0.329
73.64,1,0.303
73.65,1,0.301
73.66,1,0.281
73.67,1,0.261
73.68,1,0.235
73.69,1,0.234
73.70,1,0.283
73.71,1,0.308
73.72,1,0.339
73.73,1,0.364
73.74,1,0.391
73.75,1,0.317
73.76,1,0.297
73.77,1,0.271
73.78,1,0.212
73.79,1,0.198
73.80,1,0.205
73.81,1,0.205
73.82,1,0.207
73.83,1,0.220
73.84,1,0.226
73.85,1,0.236
73.86,1,0.234
73.87,1,0.250
73.88,1,0.273
73.89,1,0.320
73.90,1,0.431
73.91,1,0.530
73.92,1,0.499
73.93,1,0.395
73.94,1,0.283
73.95,1,0.217
73.96,1,0.179
73.97,1,0.159
73.98,1,0.217
73.99,1,0.277
74.00,1,0.309
74.01,1,0.356
74.02,1,0.381
74.03,1,0.397
74.04,1,0.378
74.05,1,0.395
74.06,1,0.366
74.07,1,0.367
74.08,1,0.372
74.09,1,0.353
74.10,1,0.362
74.11,1,0.364
74.12,1,0.304
74.13,1,0.248
74.14,1,0.241
74.15,1,0.241
74.16,1,0.260
74.17,1,0.288
74.18,1,0.325
74.19,1,0.348
74.20,1,0.359
74.21,1,0.420
74.22,1,0.583
74.23,1,0.744
74.24,1,0.770
74.25,1,0.359
74.26,1,0.262
74.27,1,0.228
74.28,1,0.249
74.29,1,0.242
74.30,1,0.256
74.31,1,0.295
74.32,1,0.332
74.33,1,0.338
74.34,1,0.363
74.35,1,0.380
74.36,1,0.362
74.37,1,0.345
74.38,1,0.342
74.39,1,0.327
74.40,1,0.322
74.41,1,0.307
74.42,1,0.315
74.43,1,0.318
74.44,1,0.342
74.45,1,0.388
74.46,1,0.430
74.47,1,0.474
74.48,1,0.567
74.49,1,0.624
74.50,1,0.850
74.51,1,1.118
74.52,1,0.883
74.53,1,0.645
74.54,1,0.531
74.55,1,0.479
74.56,1,0.402
74.57,1,0.313
74.58,1,0.254
74.59,1,0.216
74.60,1,0.205
74.61,1,0.212
74.62,1,0.226
74.63,1,0.241
74.64,1,0.261
74.65,1,0.267
74.66,1,0.297
74.67,1,0.304
74.68,1,0.302
74.69,1,0.340
74.70,1,0.323
74.71,1,0.318
74.72,1,0.305
74.73,1,0.295
74.74,1,0.266
74.75,1,0.276
74.76,1,0.306
74.77,1,0.332
74.78,1,0.348
74.79,1,0.398
74.80,1,0.404
74.81,1,0.390
74.82,1,0.392
74.83,1,0.367
74.84,1,0.350
74.85,1,0.371
74.86,1,0.447
74.87,1,0.606
74.88,1,0.648
74.89,1,0.591
74.90,1,0.525
74.91,1,0.461
74.92,1,0.255
74.93,1,0.223
74.94,1,0.219
74.95,1,0.207
74.96,1,0.215
74.97,1,0.244
74.98,1,0.283
74.99,1,0.320
75.00,1,0.365
75.01,1,0.376
75.02,1,0.353
75.03,1,0.322
75.04,1,0.261
75.05,1,0.227
75.06,1,0.222
75.07,1,0.214
75.08,1,0.226
75.09,1,0.271
75.10,1,0.332
75.11,1,0.390
75.12,1,0.408
75.13,1,0.396
75.14,1,0.338
75.15,1,0.320
75.16,1,0.314
75.17,1,0.314
75.18,1,0.326
75.19,1,0.362
75.20,1,0.335
75.21,1,0.306
75.22,1,0.326
75.23,1,0.377
75.24,1,0.448
75.25,1,0.435
75.26,1,0.369
75.27,1,0.324
75.28,1,0.321
75.29,1,0.279
75.30,1,0.246
75.31,1,0.228
75.32,1,0.250
75.33,1,0.265
75.34,1,0.300
75.35,1,0.346
75.36,1,0.361
75.37,1,0.344
75.38,1,0.324
75.39,1,0.302
75.40,1,0.265
75.41,1,0.230
75.42,1,0.206
75.43,1,0.191
75.44,1,0.173
75.45,1,0.211
75.46,1,0.281
75.47,1,0.318
75.48,1,0.319
75.49,1,0.327
75.50,1,0.315
75.51,1,0.290
75.52,1,0.279
75.53,1,0.282
75.54,1,0.276
75.55,1,0.278
75.56,1,0.266
75.57,1,0.246
75.58,1,0.263
75.59,1,0.272
75.60,1,0.322
75.61,1,0.390
75.62,1,0.457
75.63,1,0.477
75.64,1,0.477
75.65,1,0.478
75.66,1,0.484
75.67,1,0.475
75.68,1,0.447
75.69,1,0.424
75.70,1,0.372
75.71,1,0.352
75.72,1,0.388
75.73,1,0.471
75.74,1,0.659
75.75,1,1.175
75.76,1,1.495
75.77,1,1.296
75.78,1,1.002
75.79,1,0.853
75.80,1,0.847
75.81,1,0.550
75.82,1,0.352
75.83,1,0.365
75.84,1,0.390
75.85,1,0.377
75.86,1,0.323
75.87,1,0.320
75.88,1,0.313
75.89,1,0.283
75.90,1,0.319
75.91,1,0.352
75.92,1,0.389
75.93,1,0.405
75.94,1,0.426
75.95,1,0.391
75.96,1,0.374
75.97,1,0.407
75.98,1,0.433
75.99,1,0.429
76.00,1,0.489
76.01,1,0.442
76.02,1,0.332
76.03,1,0.342
76.04,1,0.366
76.05,1,0.393
76.06,1,0.412
76.07,1,0.412
76.08,1,0.381
76.09,1,0.326
76.10,1,0.273
76.11,1,0.258
76.12,1,0.290
76.13,1,0.251
76.14,1,0.229
76.15,1,0.209
76.16,1,0.206
76.17,1,0.206
76.18,1,0.242
76.19,1,0.275
76.20,1,0.298
76.21,1,0.289
76.22,1,0.261
76.23,1,0.236
76.24,1,0.231
76.25,1,0.229
76.26,1,0.246
76.27,1,0.266
76.28,1,0.276
76.29,1,0.299
76.30,1,0.314
76.31,1,0.319
76.32,1,0.314
76.33,1,0.323
76.34,1,0.312
76.35,1,0.291
76.36,1,0.258
76.37,1,0.242
76.38,1,0.209
76.39,1,0.211
76.40,1,0.236
76.41,1,0.249
76.42,1,0.296
76.43,1,0.345
76.44,1,0.358
76.45,1,0.395
76.46,1,0.402
76.47,1,0.412
76.48,1,0.403
76.49,1,0.325
76.50,1,0.305
76.51,1,0.329
76.52,1,0.323
76.53,1,0.286
76.54,1,0.237
76.55,1,0.179
76.56,1,0.162
76.57,1,0.178
76.58,1,0.207
76.59,1,0.235
76.60,1,0.261
76.61,1,0.301
76.62,1,0.343
76.63,1,0.360
76.64,1,0.381
76.65,1,0.350
76.66,1,0.332
76.67,1,0.311
76.68,1,0.316
76.69,1,0.328
76.70,1,0.385
76.71,1,0.379
76.72,1,0.399
76.73,1,0.416
76.74,1,0.384
76.75,1,0.342
76.76,1,0.336
76.77,1,0.333
76.78,1,0.300
76.79,1,0.364
76.80,1,0.398
76.81,1,0.364
76.82,1,0.361
76.83,1,0.284
76.84,1,0.236
76.85,1,0.226
76.86,1,0.285
76.87,1,0.282
76.88,1,0.276
76.89,1,0.283
76.90,1,0.282
76.91,1,0.194
76.92,1,0.176
76.93,1,0.187
76.94,1,0.207
76.95,1,0.232
76.96,1,0.276
76.97,1,0.343
76.98,1,0.389
76.99,1,0.454
77.00,1,0.554
77.01,1,0.536
77.02,1,0.412
77.03,1,0.373
77.04,1,0.305
77.05,1,0.290
77.06,1,0.272
77.07,1,0.269
77.08,1,0.281
77.09,1,0.292
77.10,1,0.295
77.11,1,0.287
77.12,1,0.260
77.13,1,0.230
77.14,1,0.221
77.15,1,0.234
77.16,1,0.244
77.17,1,0.288
77.18,1,0.439
77.19,1,0.560
77.20,1,0.310
77.21,1,0.237
77.22,1,0.222
77.23,1,0.193
77.24,1,0.209
77.25,1,0.219
77.26,1,0.232
77.27,1,0.267
77.28,1,0.312
77.29,1,0.331
77.30,1,0.336
77.31,1,0.282
77.32,1,0.250
77.33,1,0.240
77.34,1,0.251
77.35,1,0.263
77.36,1,0.309
77.37,1,0.351
77.38,1,0.375
77.39,1,0.425
77.40,1,0.693
77.41,1,1.036
77.42,1,1.245
77.43,1,0.929
77.44,1,0.763
77.45,1,0.351
77.46,1,0.351
77.47,1,0.349
77.48,1,0.169
77.49,1,0.121
77.50,1,0.146
77.51,1,0.174
77.52,1,0.195
77.53,1,0.230
77.54,1,0.262
77.55,1,0.279
77.56,1,0.293
77.57,1,0.294
77.58,1,0.285
77.59,1,0.296
77.60,1,0.289
77.61,1,0.291
77.62,1,0.299
77.63,1,0.295
77.64,1,0.326
77.65,1,0.334
77.66,1,0.270
77.67,1,0.204
77.68,1,0.166
77.69,1,0.173
77.70,1,0.213
77.71,1,0.281
77.72,1,0.338
77.73,1,0.376
77.74,1,0.452
77.75,1,0.431
77.76,1,0.364
77.77,1,0.319
77.78,1,0.312
77.79,1,0.283
77.80,1,0.258
77.81,1,0.228
77.82,1,0.220
77.83,1,0.254
77.84,1,0.293
77.85,1,0.344
77.86,1,0.392
77.87,1,0.500
77.88,1,0.504
77.89,1,0.403
77.90,1,0.312
77.91,1,0.318
77.92,1,0.309
77.93,1,0.331
77.94,1,0.379
77.95,1,0.402
77.96,1,0.548
77.97,1,0.631
77.98,1,0.739
77.99,1,0.806
78.00,1,0.902
78.01,1,0.907
78.02,0,
78.03,0,
78.04,0,
78.05,0,
78.06,0,
78.07,0,
78.08,0,
78.09,0,
78.10,0,
78.11,0,
78.12,0,
78.13,0,
78.14,0,
78.15,0,
78.16,0,
78.17,0,
78.18,0,
78.19,0,
78.20,0,
78.21,0,
78.22,0,
78.23,0,
78.24,0,
78.25,0,
78.26,0,
78.27,0,
78.28,0,
78.29,0,
78.30,0,
78.31,0,
78.32,0,
78.33,1,0.311
78.34,1,0.334
78.35,1,0.355
78.36,1,0.346
78.37,1,0.330
78.38,1,0.123
78.39,1,0.118
78.40,1,0.122
78.41,1,0.197
78.42,1,0.250
78.43,1,0.274
78.44,1,0.287
78.45,1,0.279
78.46,1,0.265
78.47,1,0.257
78.48,1,0.263
78.49,1,0.284
78.50,1,0.326
78.51,1,0.331
78.52,1,0.249
78.53,1,0.222
78.54,1,0.217
78.55,1,0.233
78.56,1,0.255
78.57,1,0.273
78.58,1,0.261
78.59,1,0.225
78.60,1,0.196
78.61,1,0.174
78.62,1,0.170
78.63,1,0.186
78.64,1,0.198
78.65,1,0.193
78.66,1,0.192
78.67,1,0.200
78.68,1,0.201
78.69,1,0.190
78.70,1,0.196
78.71,1,0.174
78.72,1,0.168
78.73,1,0.185
78.74,1,0.211
78.75,1,0.240
78.76,1,0.272
78.77,1,0.295
78.78,1,0.300
78.79,1,0.319
78.80,1,0.341
78.81,1,0.349
78.82,1,0.344
78.83,1,0.399
78.84,1,0.431
78.85,1,0.454
78.86,1,0.512
78.87,1,1.177
78.88,1,1.203
78.89,1,1.214
78.90,1,1.145
78.91,1,0.679
78.92,1,0.298
78.93,1,0.257
78.94,1,0.171
78.95,1,0.099
78.96,1,0.100
78.97,1,0.168
78.98,1,0.206
78.99,1,0.234
79.00,1,0.270
79.01,1,0.288
79.02,1,0.302
79.03,1,0.312
79.04,1,0.319
79.05,1,0.325
79.06,1,0.330
79.07,1,0.326
79.08,1,0.338
79.09,1,0.356
79.10,1,0.352
79.11,1,0.386
79.12,1,0.385
79.13,1,0.234
79.14,1,0.161
79.15,1,0.146
79.16,1,0.168
79.17,1,0.184
79.18,1,0.203
79.19,1,0.237
79.20,1,0.265
79.21,1,0.296
79.22,1,0.331
79.23,1,0.378
79.24,1,0.370
79.25,1,0.346
79.26,1,0.298
79.27,1,0.248
79.28,1,0.217
79.29,1,0.208
79.30,1,0.230
79.31,1,0.265
79.32,1,0.304
79.33,1,0.335
79.34,1,0.375
79.35,1,0.384
79.36,1,0.363
79.37,1,0.366
79.38,1,0.332
79.39,1,0.287
79.40,1,0.264
79.41,1,0.269
79.42,1,0.252
79.43,1,0.279
79.44,1,0.313
79.45,1,0.253
79.46,1,0.249
79.47,1,0.251
79.48,1,0.287
79.49,1,0.319
79.50,1,0.401
79.51,0,
79.52,0,
79.53,0,
79.54,0,
79.55,0,
79.56,0,
79.57,0,
79.58,0,
79.59,0,
79.60,0,
79.61,0,
79.62,0,
79.63,0,
79.64,0,
79.65,0,
79.66,0,
79.67,0,
79.68,0,
79.69,0,
79.70,0,
79.71,0,
79.72,0,
79.73,0,
79.74,0,
79.75,0,
79.76,0,
79.77,0,
79.78,0,
79.79,0,
79.80,0,
79.81,1,0.231
79.82,1,0.095
79.83,1,0.102
79.84,1,0.101
79.85,1,0.107
79.86,1,0.111
79.87,1,0.118
79.88,1,0.140
79.89,1,0.170
79.90,1,0.195
79.91,1,0.212
79.92,1,0.231
79.93,1,0.257
79.94,1,0.282
79.95,1,0.303
79.96,1,0.325
79.97,1,0.336
79.98,1,0.322
79.99,1,0.308
80.00,1,0.279
80.01,1,0.248
80.02,1,0.233
80.03,1,0.275
80.04,1,0.287
80.05,1,0.301
80.06,1,0.303
80.07,1,0.314
80.08,1,0.326
80.09,1,0.360
80.10,1,0.409
80.11,1,0.454
80.12,1,0.446
80.13,1,0.280
80.14,1,0.234
80.15,1,0.282
80.16,1,0.278
80.17,1,0.288
80.18,1,0.300
80.19,1,0.278
80.20,1,0.259
80.21,1,0.269
80.22,1,0.275
80.23,1,0.278
80.24,1,0.282
80.25,1,0.278
80.26,1,0.267
80.27,1,0.292
80.28,1,0.321
80.29,1,0.349
80.30,1,0.354
80.31,1,0.345
80.32,1,0.325
80.33,1,0.296
80.34,1,0.314
80.35,1,0.312
80.36,1,0.310
80.37,1,0.306
80.38,1,0.293
80.39,1,0.287
80.40,1,0.268
80.41,1,0.261
80.42,1,0.286
80.43,1,0.212
80.44,1,0.121
80.45,1,0.155
80.46,1,0.204
80.47,1,0.249
80.48,1,0.303
80.49,1,0.347
80.50,1,0.390
80.51,1,0.371
80.52,1,0.343
80.53,1,0.309
80.54,1,0.325
80.55,1,0.338
80.56,1,0.361
80.57,1,0.457
80.58,1,0.522
80.59,1,0.454
80.60,1,0.304
80.61,1,0.201
80.62,1,0.156
80.63,1,0.194
80.64,1,0.220
80.65,1,0.235
80.66,1,0.238
80.67,1,0.246
80.68,1,0.246
80.69,1,0.247
80.70,1,0.256
80.71,1,0.269
80.72,1,0.309
80.73,1,0.476
80.74,1,0.844
80.75,1,1.133
80.76,1,0.719
80.77,1,0.158
80.78,1,0.094
80.79,1,0.086
80.80,1,0.143
80.81,1,0.214
80.82,1,0.286
80.83,1,0.352
80.84,1,0.414
80.85,1,0.395
80.86,1,0.348
80.87,1,0.300
80.88,1,0.290
80.89,1,0.316
80.90,1,0.353
80.91,1,0.400
80.92,1,0.498
80.93,1,0.565
80.94,1,0.581
80.95,1,0.649
80.96,1,0.209
80.97,1,0.100
80.98,1,0.103
80.99,1,0.127
81.00,1,0.156
81.01,1,0.170
81.02,1,0.182
81.03,1,0.193
81.04,1,0.197
81.05,1,0.218
81.06,1,0.253
81.07,1,0.287
81.08,1,0.316
81.09,1,0.340
81.10,1,0.365
81.11,1,0.389
81.12,1,0.418
81.13,1,0.492
81.14,1,0.297
81.15,1,0.147
81.16,1,0.138
81.17,1,0.184
81.18,1,0.217
81.19,1,0.235
81.20,1,0.273
81.21,1,0.279
81.22,1,0.256
81.23,1,0.260
81.24,1,0.269
81.25,1,0.288
81.26,1,0.294
81.27,1,0.284
81.28,1,0.264
81.29,1,0.233
81.30,1,0.239
81.31,1,0.242
81.32,1,0.209
81.33,1,0.188
81.34,1,0.136
81.35,1,0.099
81.36,1,0.102
81.37,1,0.107
81.38,1,0.113
81.39,1,0.148
81.40,1,0.176
81.41,1,0.200
81.42,1,0.241
81.43,1,0.241
81.44,1,0.211
81.45,1,0.200
81.46,1,0.169
81.47,1,0.171
81.48,1,0.176
81.49,1,0.202
81.50,1,0.266
81.51,1,0.399
81.52,1,0.465
81.53,1,0.313
81.54,1,0.242
81.55,1,0.207
81.56,1,0.207
81.57,1,0.217
81.58,1,0.245
81.59,1,0.269
81.60,1,0.307
81.61,1,0.368
81.62,1,0.487
81.63,1,0.579
81.64,1,0.688
81.65,1,0.837
81.66,1,1.263
81.67,1,1.132
81.68,1,0.979
81.69,1,0.824
81.70,1,0.670
81.71,1,0.254
81.72,1,0.168
81.73,1,0.210
81.74,1,0.241
81.75,1,0.232
81.76,1,0.226
81.77,1,0.239
81.78,1,0.221
81.79,1,0.212
81.80,1,0.223
81.81,1,0.230
81.82,1,0.246
81.83,1,0.263
81.84,1,0.275
81.85,1,0.273
81.86,1,0.284
81.87,1,0.286
81.88,1,0.280
81.89,1,0.278
81.90,1,0.285
81.91,1,0.286
81.92,1,0.294
81.93,1,0.306
81.94,1,0.332
81.95,1,0.337
81.96,1,0.341
81.97,1,0.347
81.98,1,0.362
81.99,1,0.381
82.00,1,0.412
82.01,1,0.506
82.02,1,0.584
82.03,1,0.520
82.04,1,0.432
82.05,1,0.378
82.06,1,0.308
82.07,1,0.163
82.08,1,0.131
82.09,1,0.154
82.10,1,0.175
82.11,1,0.179
82.12,1,0.184
82.13,1,0.187
82.14,1,0.190
82.15,1,0.201
82.16,1,0.240
82.17,1,0.270
82.18,1,0.301
82.19,1,0.307
82.20,1,0.276
82.21,1,0.247
82.22,1,0.241
82.23,1,0.246
82.24,1,0.268
82.25,1,0.290
82.26,1,0.305
82.27,1,0.326
82.28,1,0.337
82.29,1,0.337
82.30,1,0.353
82.31,1,0.415
82.32,1,0.429
82.33,1,0.437
82.34,1,0.531
82.35,1,0.645
82.36,1,0.932
82.37,1,1.114
82.38,1,1.271
82.39,1,1.110
82.40,1,0.855
82.41,0,
82.42,0,
82.43,0,
82.44,0,
82.45,0,
82.46,0,
82.47,0,
82.48,0,
82.49,0,
82.50,0,
82.51,0,
82.52,0,
82.53,0,
82.54,0,
82.55,0,
82.56,0,
82.57,0,
82.58,0,
82.59,0,
82.60,0,
82.61,0,
82.62,0,
82.63,0,
82.64,0,
82.65,0,
82.66,0,
82.67,0,
82.68,0,
82.69,0,
82.70,0,
82.71,0,
82.72,0,
82.73,0,
82.74,0,
82.75,0,
82.76,0,
82.77,0,
82.78,0,
82.79,0,
82.80,0,
82.81,0,
82.82,0,
82.83,0,
82.84,0,
82.85,0,
82.86,0,
82.87,0,
82.88,0,
82.89,0,
82.90,0,
82.91,0,
82.92,0,
82.93,0,
82.94,0,
82.95,0,
82.96,0,
82.97,0,
82.98,0,
82.99,0,
83.00,0,
83.01,0,
83.02,0,
83.03,0,
83.04,0,
83.05,0,
83.06,0,
83.07,0,
83.08,0,
83.09,0,
83.10,0,
83.11,0,
83.12,0,
83.13,0,
83.14,0,
83.15,0,
83.16,0,
83.17,0,
83.18,0,
83.19,0,
83.20,0,
83.21,0,
83.22,0,
83.23,0,
83.24,0,
83.25,0,
83.26,0,
83.27,0,
83.28,0,
83.29,0,
83.30,0,
83.31,0,
83.32,0,
83.33,0,
83.34,0,
83.35,0,
83.36,0,
83.37,0,
83.38,0,
83.39,0,
83.40,0,
83.41,0,
83.42,0,
83.43,0,
83.44,0,
83.45,0,
83.46,0,
83.47,0,
83.48,0,
83.49,0,
83.50,0,
83.51,0,
83.52,0,
83.53,0,
83.54,0,
83.55,0,
83.56,0,
83.57,0,
83.58,0,
83.59,0,
83.60,0,
83.61,0,
83.62,0,
83.63,0,
83.64,0,
83.65,0,
83.66,0,
83.67,0,
83.68,0,
83.69,0,
83.70,0,
83.71,0,
83.72,0,
83.73,0,
83.74,0,
83.75,0,
83.76,0,
83.77,0,
83.78,0,
83.79,0,
83.80,0,
83.81,0,
83.82,0,
83.83,0,
83.84,0,
83.85,0,
83.86,0,
83.87,0,
83.88,0,
83.89,0,
83.90,0,
83.91,0,
83.92,0,
83.93,0,
83.94,0,
83.95,0,
83.96,0,
83.97,0,
83.98,0,
83.99,0,
84.00,0,
84.01,0,
84.02,0,
84.03,0,
84.04,0,
84.05,0,
84.06,0,
84.07,0,
84.08,0,
84.09,0,
84.10,0,
84.11,0,
84.12,0,
84.13,0,
84.14,0,
84.15,0,
84.16,0,
84.17,0,
84.18,0,
84.19,0,
84.20,0,
84.21,0,
84.22,0,
84.23,0,
84.24,0,
84.25,0,
84.26,0,
84.27,0,
84.28,0,
84.29,0,
84.30,0,
84.31,0,
84.32,0,
84.33,0,
84.34,0,
84.35,0,
84.36,0,
84.37,0,
84.38,0,
84.39,0,
84.40,0,
84.41,0,
84.42,0,
84.43,0,
84.44,0,
84.45,0,
84.46,0,
84.47,0,
84.48,0,
84.49,0,
84.50,0,
84.51,0,
84.52,0,
84.53,0,
84.54,0,
84.55,0,
84.56,0,
84.57,0,
84.58,0,
84.59,0,
84.60,0,
84.61,0,
84.62,0,
84.63,0,
84.64,0,
84.65,0,
84.66,0,
84.67,0,
84.68,0,
84.69,0,
84.70,0,
84.71,0,
84.72,0,
84.73,0,
84.74,0,
84.75,0,
84.76,0,
84.77,0,
84.78,0,
84.79,0,
84.80,0,
84.81,0,
84.82,0,
84.83,0,
84.84,0,
84.85,0,
84.86,0,
84.87,0,
84.88,0,
84.89,0,
84.90,0,
84.91,0,
84.92,0,
84.93,0,
84.94,0,
84.95,0,
84.96,0,
84.97,0,
84.98,0,
84.99,0,
85.00,0,
85.01,0,
85.02,0,
85.03,0,
85.04,0,
85.05,0,
85.06,0,
85.07,0,
85.08,0,
85.09,0,
85.10,0,
85.11,0,
85.12,0,
85.13,0,
85.14,0,
85.15,0,
85.16,0,
85.17,0,
85.18,0,
85.19,0,
85.20,0,
85.21,0,
85.22,0,
85.23,0,
85.24,0,
85.25,0,
85.26,0,
85.27,0,
85.28,0,
85.29,0,
85.30,0,
85.31,0,
85.32,0,
85.33,0,
85.34,0,
85.35,0,
85.36,0,
85.37,0,
85.38,0,
85.39,0,
85.40,0,
85.41,0,
85.42,0,
85.43,0,
85.44,0,
85.45,0,
85.46,0,
85.47,0,
85.48,0,
85.49,0,
85.50,0,
85.51,0,
85.52,0,
85.53,0,
85.54,0,
85.55,0,
85.56,0,
85.57,0,
85.58,0,
85.59,0,
85.60,0,
85.61,0,
85.62,0,
85.63,0,
85.64,0,
85.65,0,
85.66,0,
85.67,0,
85.68,0,
85.69,0,
85.70,0,
85.71,0,
85.72,0,
85.73,0,
85.74,0,
85.75,0,
85.76,0,
85.77,0,
85.78,0,
85.79,0,
85.80,0,
85.81,0,
85.82,0,
85.83,0,
85.84,0,
85.85,0,
85.86,0,
85.87,0,
85.88,0,
85.89,0,
85.90,0,
85.91,0,
85.92,0,
85.93,0,
85.94,0,
85.95,0,
85.96,0,
85.97,0,
85.98,0,
85.99,0,
86.00,0,
86.01,0,
86.02,0,
86.03,0,
86.04,0,
86.05,0,
86.06,0,
86.07,0,
86.08,0,
86.09,0,
86.10,0,
86.11,0,
86.12,0,
86.13,0,
86.14,0,
86.15,0,
86.16,0,
86.17,0,
86.18,0,
86.19,0,
86.20,0,
86.21,0,
86.22,0,
86.23,0,
86.24,0,
86.25,0,
86.26,0,
86.27,0,
86.28,0,
86.29,0,
86.30,0,
86.31,0,
86.32,0,
86.33,0,
86.34,0,
86.35,0,
86.36,0,
86.37,0,
86.38,0,
86.39,0,
86.40,0,
86.41,0,
86.42,0,
86.43,0,
86.44,0,
86.45,0,
86.46,0,
86.47,0,
86.48,0,
86.49,0,
86.50,0,
86.51,0,
86.52,0,
86.53,0,
86.54,0,
86.55,0,
86.56,0,
86.57,0,
86.58,0,
86.59,0,
86.60,0,
86.61,0,
86.62,0,
86.63,0,
86.64,0,
86.65,0,
86.66,0,
86.67,0,
86.68,0,
86.69,0,
86.70,0,
86.71,0,
86.72,0,
86.73,0,
86.74,0,
86.75,0,
86.76,0,
86.77,0,
86.78,0,
86.79,0,
86.80,0,
86.81,0,
86.82,0,
86.83,0,
86.84,0,
86.85,0,
86.86,0,
86.87,0,
86.88,0,
86.89,0,
86.90,0,
86.91,0,
86.92,0,
86.93,0,
86.94,0,
86.95,0,
86.96,0,
86.97,0,
86.98,0,
86.99,0,
87.00,0,
87.01,0,
87.02,0,
87.03,0,
87.04,0,
87.05,0,
87.06,0,
87.07,0,
87.08,0,
87.09,0,
87.10,0,
87.11,0,
87.12,0,
87.13,0,
87.14,0,
87.15,0,
87.16,0,
87.17,0,
87.18,0,
87.19,0,
87.20,0,
87.21,0,
87.22,0,
87.23,0,
87.24,0,
87.25,0,
87.26,0,
87.27,0,
87.28,0,
87.29,0,
87.30,0,
87.31,0,
87.32,0,
87.33,0,
87.34,0,
87.35,0,
87.36,0,
87.37,0,
87.38,0,
87.39,0,
87.40,0,
87.41,0,
87.42,0,
87.43,0,
87.44,0,
87.45,0,
87.46,0,
87.47,0,
87.48,0,
87.49,0,
87.50,0,
87.51,0,
87.52,0,
87.53,0,
87.54,0,
87.55,0,
87.56,0,
87.57,0,
87.58,0,
87.59,0,
87.60,0,
87.61,0,
87.62,0,
87.63,0,
87.64,0,
87.65,0,
87.66,0,
87.67,0,
87.68,0,
87.69,0,
87.70,0,
87.71,0,
87.72,0,
87.73,0,
87.74,0,
87.75,0,
87.76,0,
87.77,0,
87.78,0,
87.79,0,
87.80,0,
87.81,0,
87.82,0,
87.83,0,
87.84,0,
87.85,0,
87.86,0,
87.87,0,
87.88,0,
87.89,0,
87.90,0,
87.91,0,
87.92,0,
87.93,0,
87.94,0,
87.95,0,
87.96,0,
87.97,0,
87.98,0,
87.99,0,
88.00,0,
88.01,0,
88.02,0,
88.03,0,
88.04,0,
88.05,0,
88.06,0,
88.07,0,
88.08,0,
88.09,0,
88.10,0,
88.11,0,
88.12,0,
88.13,0,
88.14,0,
88.15,0,
88.16,0,
88.17,0,
88.18,0,
88.19,0,
88.20,0,
88.21,0,
88.22,0,
88.23,0,
88.24,0,
88.25,0,
88.26,0,
88.27,0,
88.28,0,
88.29,0,
88.30,0,
88.31,0,
88.32,0,
88.33,0,
88.34,0,
88.35,0,
88.36,0,
88.37,0,
88.38,0,
88.39,0,
88.40,0,
88.41,0,
88.42,0,
88.43,0,
88.44,0,
88.45,0,
88.46,0,
88.47,0,
88.48,0,
88.49,0,
88.50,0,
88.51,0,
88.52,0,
88.53,0,
88.54,0,
88.55,0,
88.56,0,
88.57,0,
88.58,0,
88.59,0,
88.60,0,
88.61,0,
88.62,0,
88.63,0,
88.64,0,
88.65,0,
88.66,0,
88.67,0,
88.68,0,
88.69,0,
88.70,0,
88.71,0,
88.72,0,
88.73,0,
88.74,0,
88.75,0,
88.76,0,
88.77,0,
88.78,0,
88.79,0,
88.80,0,
88.81,0,
88.82,0,
88.83,0,
88.84,0,
88.85,0,
88.86,0,
88.87,0,
88.88,0,
88.89,0,
88.90,0,
88.91,0,
88.92,0,
88.93,0,
88.94,0,
88.95,0,
88.96,0,
88.97,0,
88.98,0,
88.99,0,
89.00,0,
89.01,0,
89.02,0,
89.03,0,
89.04,0,
89.05,0,
89.06,0,
89.07,0,
89.08,0,
89.09,0,
89.10,0,
89.11,0,
89.12,0,
89.13,0,
89.14,0,
89.15,0,
89.16,0,
89.17,0,
89.18,0,
89.19,0,
89.20,0,
89.21,0,
89.22,0,
89.23,0,
89.24,0,
89.25,0,
89.26,0,
89.27,0,
89.28,0,
89.29,0,
89.30,0,
89.31,0,
89.32,0,
89.33,0,
89.34,0,
89.35,0,
89.36,0,
89.37,0,
89.38,0,
89.39,0,
89.40,0,
89.41,0,
89.42,0,
89.43,0,
89.44,0,
89.45,0,
89.46,0,
89.47,0,
89.48,0,
89.49,0,
89.50,0,
89.51,0,
89.52,0,
89.53,0,
89.54,0,
89.55,0,
89.56,0,
89.57,0,
89.58,0,
89.59,0,
89.60,0,
89.61,0,
89.62,0,
89.63,0,
89.64,0,
89.65,0,
89.66,0,
89.67,0,
89.68,0,
89.69,0,
89.70,0,
89.71,0,
89.72,0,
89.73,0,
89.74,0,
89.75,0,
89.76,0,
89.77,0,
89.78,0,
89.79,0,
89.80,0,
89.81,0,
89.82,0,
89.83,0,
89.84,0,
89.85,0,
89.86,0,
89.87,0,
89.88,0,
89.89,0,
89.90,0,
89.91,0,
89.92,0,
89.93,0,
89.94,0,
89.95,0,
89.96,0,
89.97,0,
89.98,0,
89.99,0,
90.00,0,
90.01,0,
90.02,0,
90.03,0,
90.04,0,
90.05,0,
90.06,0,
90.07,0,
90.08,0,
90.09,0,
90.10,0,
90.11,0,
90.12,0,
90.13,0,
90.14,0,
90.15,0,
90.16,0,
90.17,0,
90.18,0,
90.19,0,
90.20,0,
90.21,0,
90.22,0,
90.23,0,
90.24,0,
90.25,0,
90.26,0,
90.27,0,
90.28,0,
90.29,0,
90.30,0,
90.31,0,
90.32,0,
90.33,0,
90.34,0,
90.35,0,
90.36,0,
90.37,0,
90.38,0,
90.39,0,
90.40,0,
90.41,0,
90.42,0,
90.43,0,
90.44,0,
90.45,0,
90.46,0,
90.47,0,
90.48,0,
90.49,0,
90.50,0,
90.51,0,
90.52,0,
90.53,0,
90.54,0,
90.55,0,
90.56,0,
90.57,0,
90.58,0,
90.59,0,
90.60,0,
90.61,0,
90.62,0,
90.63,0,
90.64,0,
90.65,0,
90.66,0,
90.67,0,
90.68,0,
90.69,0,
90.70,0,
90.71,0,
90.72,0,
90.73,0,
90.74,0,
90.75,0,
90.76,0,
90.77,0,
90.78,0,
90.79,0,
90.80,0,
90.81,0,
90.82,0,
90.83,0,
90.84,0,
90.85,0,
90.86,0,
90.87,0,
90.88,0,
90.89,0,
90.90,0,
90.91,0,
90.92,0,
90.93,0,
90.94,0,
90.95,0,
90.96,0,
90.97,0,
90.98,0,
90.99,0,
91.00,0,
91.01,0,
91.02,0,
91.03,0,
91.04,0,
91.05,0,
91.06,0,
91.07,0,
91.08,0,
91.09,0,
91.10,0,
91.11,0,
91.12,0,
91.13,0,
91.14,0,
91.15,0,
91.16,0,
91.17,0,
91.18,0,
91.19,0,
91.20,0,
91.21,0,
91.22,0,
91.23,0,
91.24,0,
91.25,0,
91.26,0,
91.27,0,
91.28,0,
91.29,0,
91.30,0,
91.31,0,
91.32,0,
91.33,0,
91.34,0,
91.35,0,
91.36,0,
91.37,0,
91.38,0,
91.39,0,
91.40,0,
91.41,0,
91.42,0,
91.43,0,
91.44,0,
91.45,0,
91.46,0,
91.47,0,
91.48,0,
91.49,0,
91.50,0,
91.51,0,
91.52,0,
91.53,0,
91.54,0,
91.55,0,
91.56,0,
91.57,0,
91.58,0,
91.59,0,
91.60,0,
91.61,0,
91.62,0,
91.63,0,
91.64,0,
91.65,0,
91.66,0,
91.67,0,
91.68,0,
91.69,0,
91.70,0,
91.71,0,
91.72,0,
91.73,0,
91.74,0,
91.75,0,
91.76,0,
91.77,0,
91.78,0,
91.79,0,
91.80,0,
91.81,0,
91.82,0,
91.83,0,
91.84,0,
91.85,0,
91.86,0,
91.87,0,
91.88,0,
91.89,0,
91.90,0,
91.91,0,
91.92,0,
91.93,0,
91.94,0,
91.95,0,
91.96,0,
91.97,0,
91.98,0,
91.99,0,
92.00,0,
92.01,0,
92.02,0,
92.03,0,
92.04,0,
92.05,0,
92.06,0,
92.07,0,
92.08,0,
92.09,0,
92.10,0,
92.11,0,
92.12,0,
92.13,0,
92.14,0,
92.15,0,
92.16,0,
92.17,0,
92.18,0,
92.19,0,
92.20,0,
92.21,0,
92.22,0,
92.23,0,
92.24,0,
92.25,0,
92.26,0,
92.27,0,
92.28,0,
92.29,0,
92.30,0,
92.31,0,
92.32,0,
92.33,0,
92.34,0,
92.35,0,
92.36,0,
92.37,0,
92.38,0,
92.39,0,
92.40,0,
92.41,0,
92.42,0,
92.43,0,
92.44,0,
92.45,0,
92.46,0,
92.47,0,
92.48,0,
92.49,0,
92.50,0,
92.51,0,
92.52,0,
92.53,0,
92.54,0,
92.55,0,
92.56,0,
92.57,0,
92.58,0,
92.59,0,
92.60,0,
92.61,0,
92.62,0,
92.63,0,
92.64,0,
92.65,0,
92.66,0,
92.67,0,
92.68,0,
92.69,0,
92.70,0,
92.71,0,
92.72,0,
92.73,0,
92.74,0,
92.75,0,
92.76,0,
92.77,0,
92.78,0,
92.79,0,
92.80,0,
92.81,0,
92.82,0,
92.83,0,
92.84,0,
92.85,0,
92.86,0,
92.87,0,
92.88,0,
92.89,0,
92.90,0,
92.91,0,
92.92,0,
92.93,0,
92.94,0,
92.95,0,
92.96,0,
92.97,0,
92.98,0,
92.99,0,
93.00,0,
93.01,0,
93.02,0,
93.03,0,
93.04,0,
93.05,0,
93.06,0,
93.07,0,
93.08,0,
93.09,0,
93.10,0,
93.11,0,
93.12,0,
93.13,0,
93.14,0,
93.15,0,
93.16,0,
93.17,0,
93.18,0,
93.19,0,
93.20,0,
93.21,0,
93.22,0,
93.23,0,
93.24,0,
93.25,0,
93.26,0,
93.27,0,
93.28,0,
93.29,0,
93.30,0,
93.31,0,
93.32,0,
93.33,0,
93.34,0,
93.35,0,
93.36,0,
93.37,0,
93.38,0,
93.39,0,
93.40,0,
93.41,0,
93.42,0,
93.43,0,
93.44,0,
93.45,0,
93.46,0,
93.47,0,
93.48,0,
93.49,0,
93.50,0,
93.51,0,
93.52,0,
93.53,0,
93.54,0,
93.55,0,
93.56,0,
93.57,0,
93.58,0,
93.59,0,
93.60,0,
93.61,0,
93.62,0,
93.63,0,
93.64,0,
93.65,0,
93.66,0,
93.67,0,
93.68,0,
93.69,0,
93.70,0,
93.71,0,
93.72,0,
93.73,0,
93.74,0,
93.75,0,
93.76,0,
93.77,0,
93.78,0,
93.79,0,
93.80,0,
93.81,0,
93.82,0,
93.83,0,
93.84,0,
93.85,0,
93.86,0,
93.87,0,
93.88,0,
93.89,0,
93.90,0,
93.91,0,
93.92,0,
93.93,0,
93.94,0,
93.95,0,
93.96,0,
93.97,0,
93.98,0,
93.99,0,
94.00,0,
94.01,0,
94.02,0,
94.03,0,
94.04,0,
94.05,0,
94.06,0,
94.07,0,
94.08,0,
94.09,0,
94.10,0,
94.11,0,
94.12,0,
94.13,0,
94.14,0,
94.15,0,
94.16,0,
94.17,0,
94.18,0,
94.19,0,
94.20,0,
94.21,0,
94.22,0,
94.23,0,
94.24,0,
94.25,0,
94.26,0,
94.27,0,
94.28,0,
94.29,0,
94.30,0,
94.31,0,
94.32,0,
94.33,0,
94.34,0,
94.35,0,
94.36,0,
94.37,0,
94.38,0,
94.39,0,
94.40,0,
94.41,0,
94.42,0,
94.43,0,
94.44,0,
94.45,0,
94.46,0,
94.47,0,
94.48,0,
94.49,0,
94.50,0,
94.51,0,
94.52,0,
94.53,0,
94.54,0,
94.55,0,
94.56,0,
94.57,0,
94.58,0,
94.59,0,
94.60,0,
94.61,0,
94.62,0,
94.63,1,0.134
94.64,1,0.117
94.65,1,0.103
94.66,1,0.089
94.67,1,0.075
94.68,1,0.066
94.69,1,0.058
94.70,1,0.052
94.71,1,0.050
94.72,1,0.054
94.73,1,0.055
94.74,1,0.056
94.75,1,0.060
94.76,1,0.064
94.77,1,0.078
94.78,1,0.088
94.79,1,0.108
94.80,1,0.145
94.81,1,0.311
94.82,1,0.357
94.83,1,0.430
94.84,1,0.355
94.85,1,0.167
94.86,1,0.071
94.87,1,0.066
94.88,1,0.066
94.89,1,0.053
94.90,1,0.048
94.91,1,0.049
94.92,1,0.054
94.93,1,0.055
94.94,1,0.067
94.95,1,0.082
94.96,1,0.092
94.97,1,0.101
94.98,1,0.112
94.99,1,0.118
95.00,1,0.117
95.01,1,0.121
95.02,1,0.127
95.03,1,0.137
95.04,1,0.129
95.05,1,0.135
95.06,1,0.117
95.07,1,0.093
95.08,1,0.082
95.09,1,0.077
95.10,1,0.078
95.11,1,0.082
95.12,1,0.085
95.13,1,0.096
95.14,1,0.095
95.15,1,0.069
95.16,1,0.043
95.17,1,0.029
95.18,1,0.026
95.19,1,0.035
95.20,1,0.045
95.21,1,0.049
95.22,1,0.063
95.23,1,0.087
95.24,1,0.108
95.25,1,0.120
95.26,1,0.136
95.27,1,0.153
95.28,1,0.160
95.29,1,0.179
95.30,1,0.270
95.31,1,0.275
95.32,1,0.250
95.33,1,0.194
95.34,1,0.104
95.35,1,0.094
95.36,1,0.088
95.37,1,0.083
95.38,1,0.089
95.39,1,0.098
95.40,1,0.108
95.41,1,0.124
95.42,1,0.128
95.43,1,0.139
95.44,1,0.143
95.45,1,0.133
95.46,1,0.127
95.47,1,0.126
95.48,1,0.120
95.49,1,0.110
95.50,1,0.109
95.51,1,0.113
95.52,1,0.149
95.53,1,0.172
95.54,1,0.184
95.55,1,0.200
95.56,1,0.221
95.57,1,0.211
95.58,1,0.250
95.59,1,0.322
95.60,1,0.395
95.61,1,0.448
95.62,1,0.558
95.63,1,0.625
95.64,1,0.746
95.65,1,0.710
95.66,1,0.442
95.67,1,0.327
95.68,1,0.310
95.69,1,0.317
95.70,1,0.295
95.71,1,0.334
95.72,1,0.376
95.73,1,0.402
95.74,1,0.391
95.75,1,0.421
95.76,1,0.436
95.77,1,0.430
95.78,1,0.479
95.79,1,0.518
95.80,1,0.493
95.81,1,0.505
95.82,1,0.497
95.83,1,0.464
95.84,1,0.479
95.85,1,0.492
95.86,1,0.440
95.87,1,0.451
95.88,1,0.442
95.89,1,0.424
95.90,1,0.432
95.91,1,0.496
95.92,1,0.502
95.93,1,0.565
95.94,1,0.590
95.95,1,0.602
95.96,1,0.575
95.97,1,0.523
95.98,1,0.541
95.99,1,0.551
96.00,1,0.504
96.01,1,0.544
96.02,1,0.566
96.03,1,0.544
96.04,1,0.475
96.05,1,0.427
96.06,1,0.415
96.07,1,0.317
96.08,1,0.194
96.09,1,0.134
96.10,1,0.105
96.11,1,0.097
96.12,1,0.092
96.13,1,0.089
96.14,1,0.091
96.15,1,0.094
96.16,1,0.100
96.17,1,0.107
96.18,1,0.111
96.19,1,0.112
96.20,1,0.110
96.21,1,0.106
96.22,1,0.106
96.23,1,0.108
96.24,1,0.110
96.25,1,0.111
96.26,1,0.110
96.27,1,0.110
96.28,1,0.112
96.29,1,0.118
96.30,1,0.127
96.31,1,0.132
96.32,1,0.131
96.33,1,0.127
96.34,1,0.121
96.35,1,0.115
96.36,1,0.116
96.37,1,0.115
96.38,1,0.106
96.39,1,0.084
96.40,1,0.073
96.41,1,0.080
96.42,1,0.099
96.43,1,0.117
96.44,1,0.105
96.45,1,0.080
96.46,1,0.072
96.47,1,0.064
96.48,1,0.062
96.49,1,0.070
96.50,1,0.078
96.51,1,0.092
96.52,1,0.109
96.53,1,0.120
96.54,1,0.173
96.55,1,0.196
96.56,1,0.192
96.57,1,0.174
96.58,1,0.160
96.59,1,0.146
96.60,1,0.149
96.61,1,0.134
96.62,1,0.126
96.63,1,0.110
96.64,1,0.083
96.65,1,0.065
96.66,1,0.063
96.67,1,0.064
96.68,1,0.073
96.69,1,0.081
96.70,1,0.091
96.71,1,0.097
96.72,1,0.094
96.73,1,0.083
96.74,1,0.078
96.75,1,0.077
96.76,1,0.080
96.77,1,0.096
96.78,1,0.127
96.79,1,0.161
96.80,1,0.159
96.81,1,0.112
96.82,1,0.078
96.83,1,0.073
96.84,1,0.080
96.85,1,0.088
96.86,1,0.095
96.87,1,0.099
96.88,1,0.111
96.89,1,0.118
96.90,1,0.125
96.91,1,0.127
96.92,1,0.129
96.93,1,0.127
96.94,1,0.137
96.95,1,0.153
96.96,1,0.157
96.97,1,0.163
96.98,1,0.157
96.99,1,0.138
97.00,1,0.124
97.01,1,0.117
97.02,1,0.115
97.03,1,0.133
97.04,1,0.142
97.05,1,0.165
97.06,1,0.219
97.07,1,0.284
97.08,1,0.382
97.09,1,0.473
97.10,1,0.560
97.11,1,0.649
97.12,1,0.609
97.13,1,0.521
97.14,1,0.452
97.15,1,0.410
97.16,1,0.432
97.17,1,0.383
97.18,1,0.377
97.19,1,0.385
97.20,1,0.388
97.21,1,0.378
97.22,1,0.392
97.23,1,0.395
97.24,1,0.415
97.25,1,0.432
97.26,1,0.424
97.27,1,0.447
97.28,1,0.436
97.29,1,0.431
97.30,1,0.438
97.31,1,0.452
97.32,1,0.422
97.33,1,0.412
97.34,1,0.387
97.35,1,0.393
97.36,1,0.395
97.37,1,0.448
97.38,1,0.475
97.39,1,0.558
97.40,1,0.570
97.41,1,0.576
97.42,1,0.590
97.43,1,0.556
97.44,1,0.544
97.45,1,0.533
97.46,1,0.531
97.47,1,0.516
97.48,1,0.492
97.49,1,0.434
97.50,1,0.424
97.51,1,0.383
97.52,1,0.331
97.53,1,0.303
97.54,1,0.276
97.55,1,0.201
97.56,1,0.130
97.57,1,0.105
97.58,1,0.083
97.59,1,0.070
97.60,1,0.064
97.61,1,0.063
97.62,1,0.071
97.63,1,0.082
97.64,1,0.091
97.65,1,0.099
97.66,1,0.099
97.67,1,0.099
97.68,1,0.109
97.69,1,0.121
97.70,1,0.134
97.71,1,0.157
97.72,1,0.177
97.73,1,0.202
97.74,1,0.248
97.75,1,0.335
97.76,1,0.615
97.77,1,0.772
97.78,1,0.798
97.79,1,0.601
97.80,1,0.415
97.81,1,0.309
97.82,1,0.173
97.83,1,0.081
97.84,1,0.071
97.85,1,0.073
97.86,1,0.084
97.87,1,0.098
97.88,1,0.120
97.89,1,0.183
97.90,1,0.176
97.91,1,0.126
97.92,1,0.099
97.93,1,0.082
97.94,1,0.062
97.95,1,0.071
97.96,1,0.070
97.97,1,0.074
97.98,1,0.080
97.99,1,0.083
98.00,1,0.089
98.01,1,0.109
98.02,1,0.124
98.03,1,0.162
98.04,1,0.223
98.05,1,0.291
98.06,1,0.291
98.07,1,0.270
98.08,1,0.119
98.09,1,0.079
98.10,1,0.071
98.11,1,0.067
98.12,1,0.068
98.13,1,0.079
98.14,1,0.085
98.15,1,0.093
98.16,1,0.112
98.17,1,0.139
98.18,1,0.185
98.19,1,0.267
98.20,1,0.313
98.21,1,0.294
98.22,1,0.272
98.23,1,0.208
98.24,1,0.160
98.25,1,0.119
98.26,1,0.094
98.27,1,0.079
98.28,1,0.067
98.29,1,0.071
98.30,1,0.065
98.31,1,0.058
98.32,1,0.056
98.33,1,0.046
98.34,1,0.046
98.35,1,0.044
98.36,1,0.044
98.37,1,0.041
98.38,1,0.046
98.39,1,0.063
98.40,1,0.087
98.41,1,0.113
98.42,1,0.135
98.43,1,0.145
98.44,1,0.150
98.45,1,0.160
98.46,1,0.157
98.47,1,0.163
98.48,1,0.252
98.49,1,0.448
98.50,1,0.553
98.51,1,0.505
98.52,1,0.461
98.53,1,0.418
98.54,1,0.307
98.55,1,0.160
98.56,1,0.093
98.57,1,0.084
98.58,1,0.082
98.59,1,0.078
98.60,1,0.080
98.61,1,0.090
98.62,1,0.093
98.63,1,0.097
98.64,1,0.100
98.65,1,0.080
98.66,1,0.062
98.67,1,0.063
98.68,1,0.069
98.69,1,0.072
98.70,1,0.078
98.71,1,0.091
98.72,1,0.102
98.73,1,0.106
98.74,1,0.121
98.75,1,0.137
98.76,1,0.153
98.77,1,0.204
98.78,1,0.405
98.79,1,0.456
98.80,1,0.436
98.81,1,0.210
98.82,1,0.075
98.83,1,0.061
98.84,1,0.063
98.85,1,0.063
98.86,1,0.064
98.87,1,0.072
98.88,1,0.075
98.89,1,0.085
98.90,1,0.110
98.91,1,0.148
98.92,1,0.220
98.93,1,0.341
98.94,1,0.374
98.95,1,0.315
98.96,1,0.239
98.97,1,0.174
98.98,1,0.138
98.99,1,0.115
99.00,1,0.096
99.01,1,0.072
99.02,1,0.073
99.03,1,0.063
99.04,1,0.062
99.05,1,0.061
99.06,1,0.071
99.07,1,0.077
99.08,1,0.084
99.09,1,0.089
99.10,1,0.098
99.11,1,0.106
99.12,1,0.118
99.13,1,0.132
99.14,1,0.144
99.15,1,0.152
99.16,1,0.154
99.17,1,0.163
99.18,1,0.173
99.19,1,0.180
99.20,1,0.216
99.21,1,0.409
99.22,1,0.634
99.23,1,0.692
99.24,1,0.599
99.25,1,0.430
99.26,1,0.280
99.27,1,0.165
99.28,1,0.084
99.29,1,0.058
99.30,1,0.063
99.31,1,0.062
99.32,1,0.057
99.33,1,0.060
99.34,1,0.078
99.35,1,0.081
99.36,1,0.095
99.37,1,0.082
99.38,1,0.067
99.39,1,0.050
99.40,1,0.045
99.41,1,0.045
99.42,1,0.058
99.43,1,0.070
99.44,1,0.078
99.45,1,0.083
99.46,1,0.094
99.47,1,0.099
99.48,1,0.105
99.49,1,0.144
99.50,1,0.236
99.51,1,0.256
99.52,1,0.242
99.53,1,0.228
99.54,1,0.127
99.55,1,0.052
99.56,1,0.052
99.57,1,0.059
99.58,1,0.058
99.59,1,0.061
99.60,1,0.071
99.61,1,0.082
99.62,1,0.102
99.63,1,0.142
99.64,1,0.212
99.65,1,0.398
99.66,1,0.524
99.67,1,0.547
99.68,1,0.446
99.69,1,0.374
99.70,1,0.340
99.71,1,0.310
99.72,1,0.267
99.73,1,0.232
99.74,1,0.230
99.75,1,0.147
99.76,1,0.103
99.77,1,0.094
99.78,1,0.095
99.79,1,0.103
99.80,1,0.123
99.81,1,0.130
99.82,1,0.135
99.83,1,0.140
99.84,1,0.127
99.85,1,0.120
99.86,1,0.134
99.87,1,0.148
99.88,1,0.162
99.89,1,0.181
99.90,1,0.191
99.91,1,0.195
99.92,1,0.207
99.93,1,0.225
99.94,1,0.248
99.95,1,0.316
99.96,1,0.482
99.97,1,0.874
99.98,1,1.076
99.99,1,0.956
100.00,1,0.606
100.01,1,0.246
100.02,1,0.063
100.03,1,0.059
100.04,1,0.062
100.05,1,0.064
100.06,1,0.066
100.07,1,0.070
100.08,1,0.073
100.09,1,0.072
100.10,1,0.075
100.11,1,0.083
100.12,1,0.096
100.13,1,0.124
100.14,1,0.212
100.15,1,0.328
100.16,1,0.432
100.17,1,0.498
100.18,1,0.441
100.19,1,0.434
100.20,1,0.454
100.21,1,0.534
100.22,1,0.608
100.23,1,0.689
100.24,1,0.736
100.25,1,0.717
100.26,1,0.705
100.27,1,0.507
100.28,1,0.322
100.29,1,0.251
100.30,1,0.114
100.31,1,0.052
100.32,1,0.036
100.33,1,0.037
100.34,1,0.038
100.35,1,0.038
100.36,1,0.043
100.37,1,0.048
100.38,1,0.049
100.39,1,0.048
100.40,1,0.049
100.41,1,0.049
100.42,1,0.058
100.43,1,0.071
100.44,1,0.083
100.45,1,0.089
100.46,1,0.088
100.47,1,0.077
100.48,1,0.072
100.49,1,0.069
100.50,1,0.070
100.51,1,0.082
100.52,1,0.096
100.53,1,0.096
100.54,1,0.102
100.55,1,0.100
100.56,1,0.096
100.57,1,0.098
100.58,1,0.105
100.59,1,0.110
100.60,1,0.122
100.61,1,0.129
100.62,1,0.130
100.63,1,0.125
100.64,1,0.120
100.65,1,0.115
100.66,1,0.106
100.67,1,0.113
100.68,1,0.137
100.69,1,0.167
100.70,1,0.193
100.71,1,0.215
100.72,1,0.251
100.73,1,0.229
100.74,1,0.252
100.75,1,0.247
100.76,1,0.245
100.77,1,0.268
100.78,1,0.247
100.79,1,0.177
100.80,1,0.120
100.81,1,0.086
100.82,1,0.081
100.83,1,0.071
100.84,1,0.068
100.85,1,0.069
100.86,1,0.086
100.87,1,0.102
100.88,1,0.116
100.89,1,0.139
100.90,1,0.149
100.91,1,0.165
100.92,1,0.172
100.93,1,0.194
100.94,1,0.194
100.95,1,0.211
100.96,1,0.226
100.97,1,0.237
100.98,1,0.236
100.99,1,0.226
101.00,1,0.204
101.01,1,0.174
101.02,1,0.176
101.03,1,0.184
101.04,1,0.195
101.05,1,0.192
101.06,1,0.189
101.07,1,0.172
101.08,1,0.152
101.09,1,0.136
101.10,1,0.130
101.11,1,0.125
101.12,1,0.112
101.13,1,0.110
101.14,1,0.115
101.15,1,0.127
101.16,1,0.165
101.17,1,0.223
101.18,1,0.292
101.19,1,0.615
101.20,1,0.589
101.21,1,0.228
101.22,1,0.117
101.23,1,0.091
101.24,1,0.084
101.25,1,0.106
101.26,1,0.157
101.27,1,0.210
101.28,1,0.253
101.29,1,0.279
101.30,1,0.293
101.31,1,0.274
101.32,1,0.272
101.33,1,0.278
101.34,1,0.305
101.35,1,0.361
101.36,1,0.410
101.37,1,0.600
101.38,1,0.951
101.39,1,0.897
101.40,1,0.467
101.41,1,0.170
101.42,1,0.113
101.43,1,0.079
101.44,1,0.092
101.45,1,0.104
101.46,1,0.125
101.47,1,0.180
101.48,1,0.208
101.49,1,0.242
101.50,1,0.284
101.51,1,0.297
101.52,1,0.307
101.53,1,0.301
101.54,1,0.310
101.55,1,0.299
101.56,1,0.268
101.57,1,0.252
101.58,1,0.211
101.59,1,0.196
101.60,1,0.176
101.61,1,0.186
101.62,1,0.224
101.63,1,0.225
101.64,1,0.284
101.65,1,0.443
101.66,1,0.375
101.67,1,0.707
101.68,0,
101.69,0,
101.70,0,
101.71,0,
101.72,0,
101.73,0,
101.74,0,
101.75,0,
101.76,0,
101.77,0,
101.78,0,
101.79,0,
101.80,0,
101.81,0,
101.82,0,
101.83,0,
101.84,0,
101.85,0,
101.86,0,
101.87,0,
101.88,0,
101.89,0,
101.90,1,0.252
101.91,1,0.141
101.92,1,0.091
101.93,1,0.061
101.94,1,0.053
101.95,1,0.057
101.96,1,0.063
101.97,1,0.083
101.98,1,0.150
101.99,1,0.182
102.00,1,0.203
102.01,1,0.234
102.02,1,0.259
102.03,1,0.235
102.04,1,0.239
102.05,1,0.235
102.06,1,0.218
102.07,1,0.229
102.08,1,0.255
102.09,1,0.288
102.10,1,0.316
102.11,1,0.376
102.12,1,0.586
102.13,1,0.482
102.14,1,0.387
102.15,1,0.170
102.16,1,0.120
102.17,1,0.123
102.18,1,0.135
102.19,1,0.200
102.20,1,0.247
102.21,1,0.282
102.22,1,0.321
102.23,1,0.330
102.24,1,0.300
102.25,1,0.261
102.26,1,0.222
102.27,1,0.187
102.28,1,0.154
102.29,1,0.138
102.30,1,0.116
102.31,1,0.110
102.32,1,0.128
102.33,1,0.147
102.34,1,0.129
102.35,1,0.155
102.36,1,0.141
102.37,1,0.145
102.38,1,0.146
102.39,1,0.151
102.40,1,0.174
102.41,1,0.216
102.42,1,0.273
102.43,1,0.324
102.44,1,0.336
102.45,1,0.292
102.46,1,0.238
102.47,1,0.218
102.48,1,0.233
102.49,1,0.263
102.50,1,0.306
102.51,1,0.334
102.52,1,0.366
102.53,1,0.386
102.54,1,0.395
102.55,1,0.363
102.56,1,0.353
102.57,1,0.332
102.58,1,0.325
102.59,1,0.329
102.60,1,0.306
102.61,1,0.186
102.62,1,0.202
102.63,1,0.261
102.64,1,0.286
102.65,1,0.306
102.66,1,0.361
102.67,1,0.412
102.68,1,0.425
102.69,1,0.406
102.70,1,0.419
102.71,1,0.351
102.72,1,0.242
102.73,1,0.171
102.74,1,0.168
102.75,1,0.162
102.76,1,0.159
102.77,1,0.147
102.78,1,0.149
102.79,1,0.143
102.80,1,0.133
102.81,1,0.118
102.82,1,0.115
102.83,1,0.131
102.84,1,0.163
102.85,1,0.217
102.86,1,0.327
102.87,1,0.576
102.88,1,0.467
102.89,1,0.333
102.90,1,0.172
102.91,1,0.093
102.92,1,0.074
102.93,1,0.095
102.94,1,0.099
102.95,1,0.102
102.96,1,0.112
102.97,1,0.123
102.98,1,0.124
102.99,1,0.137
103.00,1,0.150
103.01,1,0.164
103.02,1,0.205
103.03,1,0.259
103.04,1,0.254
103.05,1,0.190
103.06,1,0.123
103.07,1,0.110
103.08,1,0.116
103.09,1,0.131
103.10,1,0.167
103.11,1,0.179
103.12,1,0.183
103.13,1,0.195
103.14,1,0.209
103.15,1,0.210
103.16,1,0.237
103.17,1,0.264
103.18,1,0.270
103.19,1,0.264
103.20,1,0.266
103.21,1,0.254
103.22,1,0.243
103.23,1,0.275
103.24,1,0.287
103.25,1,0.163
103.26,1,0.128
103.27,1,0.154
103.28,1,0.167
103.29,1,0.179
103.30,1,0.205
103.31,1,0.230
103.32,1,0.219
103.33,1,0.190
103.34,1,0.168
103.35,1,0.201
103.36,1,0.199
103.37,1,0.205
103.38,1,0.185
103.39,1,0.165
103.40,1,0.185
103.41,1,0.217
103.42,1,0.259
103.43,1,0.275
103.44,1,0.147
103.45,1,0.144
103.46,1,0.153
103.47,1,0.174
103.48,1,0.208
103.49,1,0.243
103.50,1,0.292
103.51,1,0.295
103.52,1,0.282
103.53,1,0.259
103.54,1,0.242
103.55,1,0.216
103.56,1,0.200
103.57,1,0.185
103.58,1,0.171
103.59,1,0.188
103.60,1,0.223
103.61,1,0.273
103.62,1,0.330
103.63,1,0.369
103.64,1,0.387
103.65,1,0.395
103.66,1,0.373
103.67,1,0.336
103.68,1,0.327
103.69,1,0.330
103.70,1,0.340
103.71,1,0.360
103.72,1,0.363
103.73,1,0.340
103.74,1,0.311
103.75,1,0.285
103.76,1,0.258
103.77,1,0.258
103.78,1,0.259
103.79,1,0.285
103.80,1,0.306
103.81,1,0.333
103.82,1,0.357
103.83,1,0.337
103.84,1,0.305
103.85,1,0.295
103.86,1,0.308
103.87,1,0.308
103.88,1,0.346
103.89,1,0.335
103.90,1,0.330
103.91,1,0.324
103.92,1,0.296
103.93,1,0.278
103.94,1,0.271
103.95,1,0.262
103.96,1,0.247
103.97,1,0.256
103.98,1,0.248
103.99,1,0.270
104.00,1,0.290
104.01,1,0.316
104.02,1,0.371
104.03,1,0.400
104.04,1,0.394
104.05,1,0.389
104.06,1,0.374
104.07,1,0.325
104.08,1,0.311
104.09,1,0.324
104.10,1,0.357
104.11,1,0.373
104.12,1,0.376
104.13,1,0.386
104.14,1,0.360
104.15,1,0.344
104.16,1,0.337
104.17,1,0.317
104.18,1,0.293
104.19,1,0.285
104.20,1,0.274
104.21,1,0.255
104.22,1,0.262
104.23,1,0.255
104.24,1,0.264
104.25,1,0.258
104.26,1,0.270
104.27,1,0.257
104.28,1,0.261
104.29,1,0.253
104.30,1,0.249
104.31,1,0.239
104.32,1,0.231
104.33,1,0.220
104.34,1,0.209
104.35,1,0.222
104.36,1,0.239
104.37,1,0.323
104.38,1,0.357
104.39,1,0.372
104.40,1,0.381
104.41,1,0.395
104.42,1,0.388
104.43,1,0.399
104.44,1,0.394
104.45,1,0.399
104.46,1,0.432
104.47,1,0.403
104.48,1,0.415
104.49,1,0.389
104.50,1,0.358
104.51,1,0.312
104.52,1,0.286
104.53,1,0.274
104.54,1,0.290
104.55,1,0.314
104.56,1,0.334
104.57,1,0.351
104.58,1,0.354
104.59,1,0.355
104.60,1,0.347
104.61,1,0.367
104.62,1,0.388
104.63,1,0.394
104.64,1,0.419
104.65,1,0.444
104.66,1,0.465
104.67,1,0.502
104.68,1,0.535
104.69,1,0.600
104.70,1,0.555
104.71,1,0.517
104.72,1,0.504
104.73,1,0.508
104.74,1,0.530
104.75,1,0.559
104.76,1,0.582
104.77,1,0.566
104.78,1,0.539
104.79,1,0.529
104.80,1,0.519
104.81,1,0.497
104.82,1,0.492
104.83,1,0.515
104.84,1,0.565
104.85,1,0.610
104.86,1,0.681
104.87,1,0.710
104.88,1,0.665
104.89,1,0.639
104.90,1,0.638
104.91,1,0.612
104.92,1,0.629
104.93,1,0.791
104.94,1,0.871
104.95,1,0.858
104.96,1,0.895
104.97,1,1.123
104.98,1,1.403
104.99,1,1.495
105.00,1,1.286
105.01,1,1.129
105.02,1,1.083
105.03,1,0.570
105.04,1,0.318
105.05,1,0.258
105.06,1,0.299
105.07,1,0.236
105.08,1,0.207
105.09,1,0.225
105.10,1,0.277
105.11,1,0.332
105.12,1,0.407
105.13,1,0.458
105.14,1,0.461
105.15,1,0.467
105.16,1,0.449
105.17,1,0.467
105.18,1,0.450
105.19,1,0.450
105.20,1,0.518
105.21,1,0.520
105.22,1,0.546
105.23,1,0.577
105.24,1,0.553
105.25,1,0.508
105.26,1,0.508
105.27,1,0.513
105.28,1,0.601
105.29,1,0.641
105.30,1,0.645
105.31,1,0.581
105.32,1,0.501
105.33,1,0.437
105.34,1,0.445
105.35,1,0.490
105.36,1,0.550
105.37,1,0.682
105.38,1,0.820
105.39,1,0.798
105.40,1,0.830
105.41,1,0.936
105.42,1,0.703
105.43,1,0.519
105.44,1,0.399
105.45,1,0.395
105.46,1,0.388
105.47,1,0.371
105.48,1,0.410
105.49,1,0.429
105.50,1,0.472
105.51,1,0.495
105.52,1,0.521
105.53,1,0.584
105.54,1,0.644
105.55,1,0.640
105.56,1,0.672
105.57,1,0.644
105.58,1,0.574
105.59,1,0.523
105.60,1,0.529
105.61,1,0.514
105.62,1,0.611
105.63,1,0.638
105.64,1,0.461
105.65,1,0.501
105.66,1,0.550
105.67,1,0.543
105.68,1,0.495
105.69,1,0.469
105.70,1,0.349
105.71,1,0.263
105.72,1,0.237
105.73,1,0.260
105.74,1,0.293
105.75,1,0.386
105.76,1,0.801
105.77,1,1.016
105.78,1,1.307
105.79,1,1.120
105.80,1,1.209
105.81,1,0.931
105.82,1,0.700
105.83,1,0.456
105.84,1,0.382
105.85,1,0.354
105.86,1,0.357
105.87,1,0.353
105.88,1,0.370
105.89,1,0.374
105.90,1,0.377
105.91,1,0.385
105.92,1,0.408
105.93,1,0.404
105.94,1,0.537
105.95,1,0.747
105.96,1,0.423
105.97,1,0.284
105.98,1,0.340
105.99,1,0.501
106.00,1,0.502
106.01,1,0.547
106.02,1,0.444
106.03,1,0.463
106.04,1,0.384
106.05,1,0.349
106.06,1,0.375
106.07,1,0.383
106.08,1,0.368
106.09,1,0.447
106.10,1,0.469
106.11,1,0.425
106.12,1,0.406
106.13,1,0.413
106.14,1,0.374
106.15,1,0.369
106.16,1,0.570
106.17,1,0.766
106.18,1,0.551
106.19,1,0.450
106.20,1,0.430
106.21,1,0.459
106.22,1,0.527
106.23,1,0.561
106.24,1,0.564
106.25,1,0.563
106.26,1,0.525
106.27,1,0.461
106.28,1,0.463
106.29,1,0.431
106.30,1,0.433
106.31,1,0.482
106.32,1,0.477
106.33,1,0.497
106.34,1,0.462
106.35,1,0.497
106.36,1,0.441
106.37,1,0.358
106.38,1,0.308
106.39,1,0.246
106.40,1,0.186
106.41,1,0.135
106.42,1,0.114
106.43,1,0.103
106.44,1,0.095
106.45,1,0.078
106.46,1,0.080
106.47,1,0.080
106.48,1,0.076
106.49,1,0.079
106.50,1,0.072
106.51,1,0.067
106.52,1,0.069
106.53,1,0.069
106.54,1,0.066
106.55,1,0.070
106.56,1,0.070
106.57,1,0.071
106.58,1,0.078
106.59,1,0.098
106.60,1,0.144
106.61,1,0.314
106.62,1,0.215
106.63,1,0.071
106.64,1,0.062
106.65,1,0.091
106.66,1,0.110
106.67,1,0.123
106.68,1,0.156
106.69,1,0.266
106.70,1,0.445
106.71,1,0.446
106.72,1,0.154
106.73,1,0.091
106.74,1,0.075
106.75,1,0.047
106.76,1,0.047
106.77,1,0.050
106.78,1,0.051
106.79,1,0.059
106.80,1,0.066
106.81,1,0.079
106.82,1,0.091
106.83,1,0.112
106.84,1,0.125
106.85,1,0.143
106.86,1,0.145
106.87,1,0.143
106.88,1,0.141
106.89,1,0.130
106.90,1,0.114
106.91,1,0.120
106.92,1,0.137
106.93,1,0.142
106.94,1,0.128
106.95,1,0.119
106.96,1,0.108
106.97,1,0.098
106.98,1,0.086
106.99,1,0.086
107.00,1,0.077
107.01,1,0.069
107.02,1,0.065
107.03,1,0.066
107.04,1,0.072
107.05,1,0.070
107.06,1,0.067
107.07,1,0.065
107.08,1,0.062
107.09,1,0.060
107.10,1,0.068
107.11,1,0.077
107.12,1,0.093
107.13,1,0.115
107.14,1,0.118
107.15,1,0.121
107.16,1,0.121
107.17,1,0.122
107.18,1,0.123
107.19,1,0.129
107.20,1,0.135
107.21,1,0.141
107.22,1,0.128
107.23,1,0.137
107.24,1,0.146
107.25,1,0.160
107.26,1,0.169
107.27,1,0.176
107.28,1,0.163
107.29,1,0.176
107.30,1,0.194
107.31,1,0.223
107.32,1,0.271
107.33,1,0.319
107.34,1,0.289
107.35,1,0.259
107.36,1,0.301
107.37,1,0.395
107.38,1,0.495
107.39,1,0.606
107.40,1,0.695
107.41,1,0.847
107.42,1,0.797
107.43,1,0.693
107.44,1,0.464
107.45,1,0.405
107.46,1,0.360
107.47,1,0.354
107.48,1,0.317
107.49,1,0.351
107.50,1,0.382
107.51,1,0.404
107.52,1,0.394
107.53,1,0.422
107.54,1,0.436
107.55,1,0.429
107.56,1,0.489
107.57,1,0.526
107.58,1,0.504
107.59,1,0.523
107.60,1,0.506
107.61,1,0.472
107.62,1,0.491
107.63,1,0.486
107.64,1,0.435
107.65,1,0.451
107.66,1,0.435
107.67,1,0.419
107.68,1,0.429
107.69,1,0.497
107.70,1,0.510
107.71,1,0.589
107.72,1,0.613
107.73,1,0.616
107.74,1,0.569
107.75,1,0.528
107.76,1,0.553
107.77,1,0.563
107.78,1,0.520
107.79,1,0.567
107.80,1,0.611
107.81,1,0.614
107.82,1,0.568
107.83,1,0.447
107.84,1,0.369
107.85,1,0.297
107.86,1,0.210
107.87,1,0.165
107.88,1,0.131
107.89,1,0.108
107.90,1,0.091
107.91,1,0.084
107.92,1,0.091
107.93,1,0.102
107.94,1,0.111
107.95,1,0.099
107.96,1,0.091
107.97,1,0.092
107.98,1,0.083
107.99,1,0.082
108.00,1,0.080
108.01,1,0.082
108.02,1,0.086
108.03,1,0.093
108.04,1,0.103
108.05,1,0.108
108.06,1,0.122
108.07,1,0.131
108.08,1,0.148
108.09,1,0.166
108.10,1,0.177
108.11,1,0.153
108.12,1,0.143
108.13,1,0.141
108.14,1,0.136
108.15,1,0.130
108.16,1,0.139
108.17,1,0.138
108.18,1,0.133
108.19,1,0.262
108.20,1,0.381
108.21,1,0.130
108.22,1,0.078
108.23,1,0.070
108.24,1,0.074
108.25,1,0.079
108.26,1,0.085
108.27,1,0.097
108.28,1,0.106
108.29,1,0.112
108.30,1,0.116
108.31,1,0.116
108.32,1,0.114
108.33,1,0.119
108.34,1,0.110
108.35,1,0.111
108.36,1,0.110
108.37,1,0.097
108.38,1,0.087
108.39,1,0.084
108.40,1,0.078
108.41,1,0.078
108.42,1,0.077
108.43,1,0.079
108.44,1,0.086
108.45,1,0.087
108.46,1,0.078
108.47,1,0.078
108.48,1,0.089
108.49,1,0.087
108.50,1,0.087
108.51,1,0.094
108.52,1,0.092
108.53,1,0.077
108.54,1,0.079
108.55,1,0.080
108.56,1,0.074
108.57,1,0.077
108.58,1,0.082
108.59,1,0.095
108.60,1,0.109
108.61,1,0.111
108.62,1,0.120
108.63,1,0.125
108.64,1,0.129
108.65,1,0.140
108.66,1,0.151
108.67,1,0.146
108.68,1,0.141
108.69,1,0.139
108.70,1,0.135
108.71,1,0.160
108.72,1,0.198
108.73,1,0.217
108.74,1,0.223
108.75,1,0.223
108.76,1,0.218
108.77,1,0.196
108.78,1,0.235
108.79,1,0.294
108.80,1,0.335
108.81,1,0.408
108.82,1,0.470
108.83,1,0.439
108.84,1,0.481
108.85,1,0.552
108.86,1,0.626
108.87,1,0.729
108.88,1,0.858
108.89,1,0.751
108.90,1,0.558
108.91,1,0.438
108.92,1,0.414
108.93,1,0.400
108.94,1,0.424
108.95,1,0.390
108.96,1,0.378
108.97,1,0.388
108.98,1,0.388
108.99,1,0.377
109.00,1,0.387
109.01,1,0.399
109.02,1,0.422
109.03,1,0.446
109.04,1,0.424
109.05,1,0.449
109.06,1,0.434
109.07,1,0.432
109.08,1,0.439
109.09,1,0.457
109.10,1,0.428
109.11,1,0.407
109.12,1,0.388
109.13,1,0.392
109.14,1,0.387
109.15,1,0.440
109.16,1,0.469
109.17,1,0.559
109.18,1,0.560
109.19,1,0.581
109.20,1,0.590
109.21,1,0.551
109.22,1,0.553
109.23,1,0.545
109.24,1,0.544
109.25,1,0.520
109.26,1,0.498
109.27,1,0.441
109.28,1,0.319
109.29,1,0.222
109.30,1,0.156
109.31,1,0.128
109.32,1,0.105
109.33,1,0.094
109.34,1,0.077
109.35,1,0.074
109.36,1,0.070
109.37,1,0.067
109.38,1,0.074
109.39,1,0.092
109.40,1,0.095
109.41,1,0.094
109.42,1,0.097
109.43,1,0.107
109.44,1,0.116
109.45,1,0.126
109.46,1,0.137
109.47,1,0.136
109.48,1,0.116
109.49,1,0.095
109.50,1,0.086
109.51,1,0.076
109.52,1,0.067
109.53,1,0.071
109.54,1,0.077
109.55,1,0.084
109.56,1,0.090
109.57,1,0.097
109.58,1,0.106
109.59,1,0.119
109.60,1,0.130
109.61,1,0.138
109.62,1,0.142
109.63,1,0.134
109.64,1,0.124
109.65,1,0.108
109.66,1,0.103
109.67,1,0.094
109.68,1,0.086
109.69,1,0.097
109.70,1,0.101
109.71,1,0.113
109.72,1,0.115
109.73,1,0.119
109.74,1,0.118
109.75,1,0.121
109.76,1,0.128
109.77,1,0.154
109.78,1,0.183
109.79,1,0.281
109.80,1,0.604
109.81,1,0.772
109.82,1,0.948
109.83,1,1.008
109.84,1,1.030
109.85,1,0.593
109.86,1,0.359
109.87,1,0.268
109.88,1,0.144
109.89,1,0.093
109.90,1,0.075
109.91,1,0.059
109.92,1,0.056
109.93,1,0.056
109.94,1,0.055
109.95,1,0.055
109.96,1,0.057
109.97,1,0.054
109.98,1,0.049
109.99,1,0.044
110.00,1,0.037
110.01,1,0.031
110.02,1,0.035
110.03,1,0.035
110.04,1,0.039
110.05,1,0.055
110.06,1,0.066
110.07,1,0.086
110.08,1,0.104
110.09,1,0.109
110.10,1,0.102
110.11,1,0.095
110.12,1,0.085
110.13,1,0.064
110.14,1,0.060
110.15,1,0.062
110.16,1,0.063
110.17,1,0.065
110.18,1,0.072
110.19,1,0.086
110.20,1,0.089
110.21,1,0.101
110.22,1,0.133
110.23,1,0.135
110.24,1,0.131
110.25,1,0.126
110.26,1,0.095
110.27,1,0.053
110.28,1,0.043
110.29,1,0.040
110.30,1,0.042
110.31,1,0.042
110.32,1,0.046
110.33,1,0.051
110.34,1,0.052
110.35,1,0.048
110.36,1,0.045
110.37,1,0.040
110.38,1,0.034
110.39,1,0.032
110.40,1,0.033
110.41,1,0.037
110.42,1,0.058
110.43,1,0.085
110.44,1,0.095
110.45,1,0.094
110.46,1,0.091
110.47,1,0.088
110.48,1,0.099
110.49,1,0.104
110.50,1,0.115
110.51,1,0.123
110.52,1,0.115
110.53,1,0.112
110.54,1,0.118
110.55,1,0.110
110.56,1,0.117
110.57,1,0.134
110.58,1,0.156
110.59,1,0.180
110.60,1,0.254
110.61,1,0.287
110.62,1,0.185
110.63,1,0.135
110.64,1,0.111
110.65,1,0.109
110.66,1,0.100
110.67,1,0.099
110.68,1,0.098
110.69,1,0.098
110.70,1,0.093
110.71,1,0.092
110.72,1,0.091
110.73,1,0.076
110.74,1,0.064
110.75,1,0.055
110.76,1,0.041
110.77,1,0.031
110.78,1,0.026
110.79,1,0.022
110.80,1,0.023
110.81,1,0.040
110.82,1,0.052
110.83,1,0.061
110.84,1,0.063
110.85,1,0.062
110.86,1,0.061
110.87,1,0.061
110.88,1,0.056
110.89,1,0.053
110.90,1,0.060
110.91,1,0.077
110.92,1,0.092
110.93,1,0.105
110.94,1,0.112
110.95,1,0.113
110.96,1,0.104
110.97,1,0.099
110.98,1,0.095
110.99,1,0.093
111.00,1,0.089
111.01,1,0.084
111.02,1,0.074
111.03,1,0.069
111.04,1,0.086
111.05,1,0.111
111.06,1,0.117
111.07,1,0.114
111.08,1,0.118
111.09,1,0.120
111.10,1,0.113
111.11,1,0.112
111.12,1,0.116
111.13,1,0.096
111.14,1,0.062
111.15,1,0.049
111.16,1,0.052
111.17,1,0.059
111.18,1,0.079
111.19,1,0.092
111.20,1,0.122
111.21,1,0.146
111.22,1,0.160
111.23,1,0.164
111.24,1,0.155
111.25,1,0.131
111.26,1,0.129
111.27,1,0.122
111.28,1,0.125
111.29,1,0.129
111.30,1,0.122
111.31,1,0.141
111.32,1,0.156
111.33,1,0.172
111.34,1,0.183
111.35,1,0.187
111.36,1,0.130
111.37,1,0.098
111.38,1,0.088
111.39,1,0.099
111.40,1,0.103
111.41,1,0.114
111.42,1,0.123
111.43,1,0.124
111.44,1,0.138
111.45,1,0.159
111.46,1,0.150
111.47,1,0.152
111.48,1,0.146
111.49,1,0.150
111.50,1,0.148
111.51,1,0.148
111.52,1,0.123
111.53,1,0.072
111.54,1,0.060
111.55,1,0.055
111.56,1,0.055
111.57,1,0.053
111.58,1,0.053
111.59,1,0.056
111.60,1,0.055
111.61,1,0.050
111.62,1,0.049
111.63,1,0.047
111.64,1,0.051
111.65,1,0.062
111.66,1,0.070
111.67,1,0.078
111.68,1,0.087
111.69,1,0.093
111.70,1,0.094
111.71,1,0.095
111.72,1,0.089
111.73,1,0.078
111.74,1,0.077
111.75,1,0.084
111.76,1,0.086
111.77,1,0.100
111.78,1,0.141
111.79,1,0.117
111.80,1,0.084
111.81,1,0.089
111.82,1,0.091
111.83,1,0.102
111.84,1,0.106
111.85,1,0.105
111.86,1,0.100
111.87,1,0.099
111.88,1,0.089
111.89,1,0.091
111.90,1,0.095
111.91,1,0.099
111.92,1,0.081
111.93,1,0.041
111.94,1,0.034
111.95,1,0.032
111.96,1,0.035
111.97,1,0.038
111.98,1,0.042
111.99,1,0.045
112.00,1,0.045
112.01,1,0.046
112.02,1,0.049
112.03,1,0.054
112.04,1,0.067
112.05,1,0.118
112.06,1,0.135
112.07,1,0.110
112.08,1,0.106
112.09,1,0.078
112.10,1,0.062
112.11,1,0.056
112.12,1,0.055
112.13,1,0.056
112.14,1,0.060
112.15,1,0.079
112.16,1,0.081
112.17,1,0.062
112.18,1,0.062
112.19,1,0.064
112.20,1,0.058
112.21,1,0.067
112.22,1,0.069
112.23,1,0.069
112.24,1,0.064
112.25,1,0.067
112.26,1,0.067
112.27,1,0.068
112.28,1,0.067
112.29,1,0.086
112.30,1,0.093
112.31,1,0.099
112.32,1,0.121
112.33,1,0.143
112.34,1,0.161
112.35,1,0.190
112.36,1,0.205
112.37,1,0.211
112.38,1,0.217
112.39,1,0.192
112.40,1,0.160
112.41,1,0.133
112.42,1,0.113
112.43,1,0.098
112.44,1,0.098
112.45,1,0.081
112.46,1,0.105
112.47,1,0.200
112.48,1,0.223
112.49,1,0.237
112.50,1,0.360
112.51,1,0.828
112.52,1,0.405
112.53,1,0.299
112.54,1,0.118
112.55,1,0.084
112.56,1,0.061
112.57,1,0.062
112.58,1,0.062
112.59,1,0.073
112.60,1,0.089
112.61,1,0.112
112.62,1,0.134
112.63,1,0.149
112.64,1,0.156
112.65,1,0.143
112.66,1,0.117
112.67,1,0.084
112.68,1,0.063
112.69,1,0.057
112.70,1,0.063
112.71,1,0.071
112.72,1,0.079
112.73,1,0.095
112.74,1,0.111
112.75,1,0.114
112.76,1,0.130
112.77,1,0.235
112.78,1,0.442
112.79,1,0.227
112.80,1,0.133
112.81,1,0.071
112.82,1,0.056
112.83,1,0.049
112.84,1,0.044
112.85,1,0.045
112.86,1,0.052
112.87,1,0.057
112.88,1,0.081
112.89,1,0.122
112.90,1,0.263
112.91,1,0.484
112.92,1,0.452
112.93,1,0.235
112.94,1,0.129
112.95,1,0.117
112.96,1,0.160
112.97,1,0.171
112.98,1,0.188
112.99,1,0.220
113.00,1,0.222
113.01,1,0.155
113.02,1,0.111
113.03,1,0.087
113.04,1,0.076
113.05,1,0.071
113.06,1,0.071
113.07,1,0.077
113.08,1,0.084
113.09,1,0.088
113.10,1,0.085
113.11,1,0.081
113.12,1,0.084
113.13,1,0.082
113.14,1,0.094
113.15,1,0.156
113.16,1,0.428
113.17,1,0.189
113.18,1,0.124
113.19,1,0.104
113.20,1,0.065
113.21,1,0.059
113.22,1,0.078
113.23,1,0.092
113.24,1,0.099
113.25,1,0.109
113.26,1,0.116
113.27,1,0.115
113.28,1,0.113
113.29,1,0.118
113.30,1,0.129
113.31,1,0.139
113.32,1,0.139
113.33,1,0.138
113.34,1,0.134
113.35,1,0.110
113.36,1,0.112
113.37,1,0.104
113.38,1,0.096
113.39,1,0.098
113.40,1,0.100
113.41,1,0.088
113.42,1,0.095
113.43,1,0.140
113.44,1,0.178
113.45,1,0.347
113.46,0,
113.47,0,
113.48,0,
113.49,0,
113.50,0,
113.51,0,
113.52,0,
113.53,0,
113.54,0,
113.55,0,
113.56,0,
113.57,0,
113.58,0,
113.59,0,
113.60,0,
113.61,0,
113.62,0,
113.63,0,
113.64,0,
113.65,0,
113.66,0,
113.67,0,
113.68,0,
113.69,0,
113.70,0,
113.71,1,0.082
113.72,1,0.053
113.73,1,0.056
113.74,1,0.054
113.75,1,0.053
113.76,1,0.065
113.77,1,0.079
113.78,1,0.088
113.79,1,0.099
113.80,1,0.110
113.81,1,0.117
113.82,1,0.108
113.83,1,0.098
113.84,1,0.106
113.85,1,0.111
113.86,1,0.122
113.87,1,0.131
113.88,1,0.141
113.89,1,0.150
113.90,1,0.149
113.91,1,0.145
113.92,1,0.113
113.93,1,0.086
113.94,1,0.076
113.95,1,0.076
113.96,1,0.092
113.97,1,0.126
113.98,1,0.161
113.99,1,0.193
114.00,1,0.208
114.01,1,0.211
114.02,1,0.189
114.03,1,0.160
114.04,1,0.172
114.05,1,0.175
114.06,1,0.187
114.07,1,0.192
114.08,1,0.202
114.09,1,0.175
114.10,1,0.162
114.11,1,0.151
114.12,1,0.122
114.13,1,0.122
114.14,1,0.128
114.15,1,0.136
114.16,1,0.145
114.17,1,0.153
114.18,1,0.180
114.19,1,0.177
114.20,1,0.159
114.21,1,0.160
114.22,1,0.162
114.23,1,0.182
114.24,1,0.192
114.25,1,0.181
114.26,1,0.153
114.27,1,0.137
114.28,1,0.116
114.29,1,0.110
114.30,1,0.084
114.31,1,0.068
114.32,1,0.069
114.33,1,0.082
114.34,1,0.108
114.35,1,0.125
114.36,1,0.144
114.37,1,0.150
114.38,1,0.144
114.39,1,0.127
114.40,1,0.125
114.41,1,0.127
114.42,1,0.131
114.43,1,0.132
114.44,1,0.136
114.45,1,0.144
114.46,1,0.125
114.47,1,0.124
114.48,1,0.122
114.49,1,0.130
114.50,1,0.142
114.51,1,0.144
114.52,1,0.149
114.53,1,0.134
114.54,1,0.119
114.55,1,0.111
114.56,1,0.124
114.57,1,0.132
114.58,1,0.148
114.59,1,0.161
114.60,1,0.175
114.61,1,0.190
114.62,1,0.233
114.63,1,0.252
114.64,1,0.371
114.65,1,0.364
114.66,1,0.269
114.67,1,0.179
114.68,1,0.104
114.69,1,0.086
114.70,1,0.082
114.71,1,0.089
114.72,1,0.099
114.73,1,0.120
114.74,1,0.132
114.75,1,0.141
114.76,1,0.126
114.77,1,0.113
114.78,1,0.118
114.79,1,0.136
114.80,1,0.153
114.81,1,0.173
114.82,1,0.236
114.83,1,0.228
114.84,1,0.152
114.85,1,0.120
114.86,1,0.187
114.87,1,0.213
114.88,1,0.211
114.89,1,0.217
114.90,1,0.241
114.91,1,0.218
114.92,1,0.198
114.93,1,0.196
114.94,1,0.169
114.95,1,0.168
114.96,1,0.168
114.97,1,0.171
114.98,1,0.193
114.99,1,0.197
115.00,1,0.193
115.01,1,0.191
115.02,1,0.204
115.03,1,0.194
115.04,1,0.194
115.05,1,0.199
115.06,1,0.176
115.07,1,0.149
115.08,1,0.137
115.09,1,0.120
115.10,1,0.105
115.11,1,0.104
115.12,1,0.098
115.13,1,0.091
115.14,1,0.088
115.15,1,0.084
115.16,1,0.079
115.17,1,0.081
115.18,1,0.081
115.19,1,0.097
115.20,1,0.128
115.21,1,0.152
115.22,1,0.149
115.23,1,0.179
115.24,1,0.196
115.25,1,0.186
115.26,1,0.197
115.27,1,0.204
115.28,1,0.203
115.29,1,0.228
115.30,1,0.268
115.31,1,0.294
115.32,1,0.327
115.33,1,0.336
115.34,1,0.330
115.35,1,0.305
115.36,1,0.303
115.37,1,0.297
115.38,1,0.251
115.39,1,0.235
115.40,1,0.288
115.41,1,0.308
115.42,1,0.313
115.43,1,0.335
115.44,1,0.308
115.45,1,0.281
115.46,1,0.272
115.47,1,0.274
115.48,1,0.277
115.49,1,0.284
115.50,1,0.288
115.51,1,0.298
115.52,1,0.311
115.53,1,0.323
115.54,1,0.323
115.55,1,0.324
115.56,1,0.293
115.57,1,0.262
115.58,1,0.250
115.59,1,0.237
115.60,1,0.252
115.61,1,0.302
115.62,1,0.318
115.63,1,0.324
115.64,1,0.327
115.65,1,0.312
115.66,1,0.283
115.67,1,0.268
115.68,1,0.255
115.69,1,0.262
115.70,1,0.271
115.71,1,0.278
115.72,1,0.286
115.73,1,0.283
115.74,1,0.276
115.75,1,0.264
115.76,1,0.260
115.77,1,0.286
115.78,1,0.313
115.79,1,0.346
115.80,1,0.369
115.81,1,0.361
115.82,1,0.347
115.83,1,0.329
115.84,1,0.311
115.85,1,0.327
115.86,1,0.337
115.87,1,0.354
115.88,1,0.386
115.89,1,0.370
115.90,1,0.363
115.91,1,0.347
115.92,1,0.316
115.93,1,0.300
115.94,1,0.307
115.95,1,0.307
115.96,1,0.309
115.97,1,0.329
115.98,1,0.350
115.99,1,0.349
116.00,1,0.342
116.01,1,0.325
116.02,1,0.299
116.03,1,0.275
116.04,1,0.252
116.05,1,0.239
116.06,1,0.238
116.07,1,0.259
116.08,1,0.285
116.09,1,0.318
116.10,1,0.357
116.11,1,0.384
116.12,1,0.399
116.13,1,0.410
116.14,1,0.422
116.15,1,0.420
116.16,1,0.437
116.17,1,0.427
116.18,1,0.398
116.19,1,0.380
116.20,1,0.361
116.21,1,0.341
116.22,1,0.354
116.23,1,0.351
116.24,1,0.369
116.25,1,0.383
116.26,1,0.402
116.27,1,0.398
116.28,1,0.428
116.29,1,0.427
116.30,1,0.409
116.31,1,0.431
116.32,1,0.464
116.33,1,0.517
116.34,1,0.555
116.35,1,0.531
116.36,1,0.488
116.37,1,0.423
116.38,1,0.372
116.39,1,0.345
116.40,1,0.333
116.41,1,0.326
116.42,1,0.324
116.43,1,0.314
116.44,1,0.301
116.45,1,0.291
116.46,1,0.289
116.47,1,0.278
116.48,1,0.262
116.49,1,0.252
116.50,1,0.227
116.51,1,0.202
116.52,1,0.184
116.53,1,0.173
116.54,1,0.194
116.55,1,0.226
116.56,1,0.260
116.57,1,0.309
116.58,1,0.341
116.59,1,0.363
116.60,1,0.404
116.61,1,0.424
116.62,1,0.438
116.63,1,0.460
116.64,1,0.428
116.65,1,0.405
116.66,1,0.406
116.67,1,0.421
116.68,1,0.463
116.69,1,0.489
116.70,1,0.464
116.71,1,0.426
116.72,1,0.400
116.73,1,0.370
116.74,1,0.352
116.75,1,0.339
116.76,1,0.334
116.77,1,0.330
116.78,1,0.345
116.79,1,0.367
116.80,1,0.413
116.81,1,0.441
116.82,1,0.464
116.83,1,0.560
116.84,1,0.611
116.85,1,0.624
116.86,1,0.688
116.87,1,0.535
116.88,1,0.356
116.89,1,0.359
116.90,1,0.334
116.91,1,0.369
116.92,1,0.430
116.93,1,0.439
116.94,1,0.510
116.95,1,0.570
116.96,1,0.582
116.97,1,0.548
116.98,1,0.549
116.99,1,0.591
117.00,1,0.642
117.01,1,0.705
117.02,1,0.769
117.03,1,0.720
117.04,1,0.624
117.05,1,0.535
117.06,1,0.516
117.07,1,0.554
117.08,1,0.652
117.09,1,0.682
117.10,1,0.743
117.11,1,0.739
117.12,1,0.716
117.13,1,0.707
117.14,1,0.636
117.15,1,0.565
117.16,1,0.447
117.17,1,0.384
117.18,1,0.322
117.19,1,0.273
117.20,1,0.324
117.21,1,0.418
117.22,1,0.433
117.23,1,0.387
117.24,1,0.432
117.25,1,0.442
117.26,1,0.447
117.27,1,0.417
117.28,1,0.431
117.29,1,0.426
117.30,1,0.426
117.31,1,0.457
117.32,1,0.576
117.33,1,0.676
117.34,1,0.770
117.35,1,0.878
117.36,1,0.817
117.37,1,0.816
117.38,1,0.799
117.39,1,0.971
117.40,1,1.061
117.41,1,1.295
117.42,1,1.139
117.43,1,0.493
117.44,1,0.427
117.45,1,0.457
117.46,1,0.477
117.47,1,0.511
117.48,1,0.551
117.49,1,0.605
117.50,1,0.603
117.51,1,0.598
117.52,1,0.532
117.53,1,0.530
117.54,1,0.543
117.55,1,0.474
117.56,1,0.466
117.57,1,0.402
117.58,1,0.434
117.59,1,0.486
117.60,1,0.477
117.61,1,0.475
117.62,1,0.537
117.63,1,0.504
117.64,1,0.423
117.65,1,0.401
117.66,1,0.357
117.67,1,0.261
117.68,1,0.210
117.69,1,0.212
117.70,1,0.256
117.71,1,0.332
117.72,1,0.447
117.73,1,0.756
117.74,1,1.039
117.75,1,1.307
117.76,1,1.396
117.77,1,1.199
117.78,1,0.910
117.79,1,0.611
117.80,1,0.572
117.81,1,0.526
117.82,1,0.492
117.83,1,0.458
117.84,1,0.440
117.85,1,0.402
117.86,1,0.364
117.87,1,0.398
117.88,1,0.401
117.89,1,0.453
117.90,1,0.560
117.91,1,0.653
117.92,1,0.683
117.93,1,0.603
117.94,1,0.521
117.95,1,0.513
117.96,1,0.439
117.97,1,0.414
117.98,1,0.484
117.99,1,0.549
118.00,1,0.576
118.01,1,0.704
118.02,1,0.692
118.03,1,0.597
118.04,1,0.479
118.05,1,0.391
118.06,1,0.333
118.07,1,0.312
118.08,1,0.343
118.09,1,0.393
118.10,1,0.452
118.11,1,0.499
118.12,1,0.497
118.13,1,0.472
118.14,1,0.470
118.15,1,0.443
118.16,1,0.364
118.17,1,0.330
118.18,1,0.259
118.19,1,0.194
118.20,1,0.181
118.21,1,0.163
118.22,1,0.141
118.23,1,0.145
118.24,1,0.156
118.25,1,0.155
118.26,1,0.173
118.27,1,0.181
118.28,1,0.164
118.29,1,0.111
118.30,1,0.086
118.31,1,0.075
118.32,1,0.063
118.33,1,0.075
118.34,1,0.098
118.35,1,0.110
118.36,1,0.118
118.37,1,0.120
118.38,1,0.116
118.39,1,0.105
118.40,1,0.094
118.41,1,0.088
118.42,1,0.086
118.43,1,0.085
118.44,1,0.105
118.45,1,0.140
118.46,1,0.171
118.47,1,0.275
118.48,1,0.410
118.49,1,0.362
118.50,1,0.226
118.51,1,0.208
118.52,1,0.106
118.53,1,0.060
118.54,1,0.045
118.55,1,0.042
118.56,1,0.044
118.57,1,0.046
118.58,1,0.051
118.59,1,0.062
118.60,1,0.069
118.61,1,0.070
118.62,1,0.074
118.63,1,0.077
118.64,1,0.078
118.65,1,0.093
118.66,1,0.109
118.67,1,0.115
118.68,1,0.114
118.69,1,0.107
118.70,1,0.092
118.71,1,0.085
118.72,1,0.091
118.73,1,0.093
118.74,1,0.106
118.75,1,0.112
118.76,1,0.112
118.77,1,0.112
118.78,1,0.121
118.79,1,0.118
118.80,1,0.121
118.81,1,0.126
118.82,1,0.118
118.83,1,0.108
118.84,1,0.109
118.85,1,0.113
118.86,1,0.107
118.87,1,0.115
118.88,1,0.129
118.89,1,0.135
118.90,1,0.163
118.91,1,0.193
118.92,1,0.152
118.93,1,0.124
118.94,1,0.107
118.95,1,0.082
118.96,1,0.065
118.97,1,0.062
118.98,1,0.054
118.99,1,0.059
119.00,1,0.068
119.01,1,0.075
119.02,1,0.077
119.03,1,0.078
119.04,1,0.071
119.05,1,0.065
119.06,1,0.063
119.07,1,0.063
119.08,1,0.060
119.09,1,0.063
119.10,1,0.064
119.11,1,0.073
119.12,1,0.081
119.13,1,0.080
119.14,1,0.086
119.15,1,0.090
119.16,1,0.088
119.17,1,0.089
119.18,1,0.085
119.19,1,0.071
119.20,1,0.062
119.21,1,0.051
119.22,1,0.057
119.23,1,0.069
119.24,1,0.075
119.25,1,0.080
119.26,1,0.088
119.27,1,0.089
119.28,1,0.090
119.29,1,0.091
119.30,1,0.093
119.31,1,0.101
119.32,1,0.113
119.33,1,0.118
119.34,1,0.124
119.35,1,0.126
119.36,1,0.128
119.37,1,0.135
119.38,1,0.140
119.39,1,0.143
119.40,1,0.152
119.41,1,0.157
119.42,1,0.157
119.43,1,0.162
119.44,1,0.167
119.45,1,0.156
119.46,1,0.150
119.47,1,0.141
119.48,1,0.132
119.49,1,0.121
119.50,1,0.117
119.51,1,0.114
119.52,1,0.114
119.53,1,0.126
119.54,1,0.144
119.55,1,0.155
119.56,1,0.196
119.57,1,0.365
119.58,1,0.491
119.59,1,0.624
119.60,1,0.466
119.61,1,0.293
119.62,1,0.175
119.63,1,0.137
119.64,1,0.108
119.65,1,0.080
119.66,1,0.060
119.67,1,0.054
119.68,1,0.056
119.69,1,0.064
119.70,1,0.069
119.71,1,0.075
119.72,1,0.085
119.73,1,0.098
119.74,1,0.108
119.75,1,0.118
119.76,1,0.118
119.77,1,0.120
119.78,1,0.121
119.79,1,0.117
119.80,1,0.109
119.81,1,0.106
119.82,1,0.088
119.83,1,0.096
119.84,1,0.101
119.85,1,0.100
119.86,1,0.099
119.87,1,0.092
119.88,1,0.080
119.89,1,0.064
119.90,1,0.072
119.91,1,0.075
119.92,1,0.081
119.93,1,0.098
119.94,1,0.112
119.95,1,0.118
119.96,1,0.122
119.97,1,0.126
119.98,1,0.102
119.99,1,0.103
120.00,1,0.092
120.01,1,0.078
120.02,1,0.073
120.03,1,0.062
120.04,1,0.048
120.05,1,0.055
120.06,1,0.065
120.07,1,0.073
120.08,1,0.085
120.09,1,0.090
120.10,1,0.089
120.11,1,0.086
120.12,1,0.092
120.13,1,0.105
120.14,1,0.131
120.15,1,0.149
120.16,1,0.171
120.17,1,0.192
120.18,1,0.198
120.19,1,0.200
120.20,1,0.227
120.21,1,0.246
120.22,1,0.296
120.23,1,0.326
120.24,1,0.411
120.25,1,0.537
120.26,1,0.531
120.27,1,0.167
120.28,1,0.074
120.29,1,0.043
120.30,1,0.030
120.31,1,0.029
120.32,1,0.038
120.33,1,0.047
120.34,1,0.052
120.35,1,0.056
120.36,1,0.063
120.37,1,0.068
120.38,1,0.077
120.39,1,0.091
120.40,1,0.103
120.41,1,0.094
120.42,1,0.080
120.43,1,0.052
120.44,1,0.046
120.45,1,0.061
120.46,1,0.060
120.47,1,0.058
120.48,1,0.059
120.49,1,0.059
120.50,1,0.050
120.51,1,0.057
120.52,1,0.074
120.53,1,0.089
120.54,1,0.106
120.55,1,0.119
120.56,1,0.126
120.57,1,0.121
120.58,1,0.106
120.59,1,0.094
120.60,1,0.088
120.61,1,0.080
120.62,1,0.077
120.63,1,0.077
120.64,1,0.065
120.65,1,0.049
120.66,1,0.043
120.67,1,0.042
120.68,1,0.043
120.69,1,0.057
120.70,1,0.081
120.71,1,0.082
120.72,1,0.084
120.73,1,0.089
120.74,1,0.073
120.75,1,0.055
120.76,1,0.053
120.77,1,0.046
120.78,1,0.054
120.79,1,0.067
120.80,1,0.089
120.81,1,0.127
120.82,1,0.202
120.83,1,0.237
120.84,1,0.239
120.85,1,0.264
120.86,1,0.279
120.87,1,0.200
120.88,1,0.167
120.89,1,0.164
120.90,1,0.153
120.91,1,0.156
120.92,1,0.189
120.93,1,0.247
120.94,1,0.281
120.95,1,0.421
120.96,1,0.485
120.97,1,0.086
120.98,1,0.057
120.99,1,0.043
121.00,1,0.045
121.01,1,0.048
121.02,1,0.060
121.03,1,0.068
121.04,1,0.077
121.05,1,0.092
121.06,1,0.113
121.07,1,0.140
121.08,1,0.201
121.09,1,0.345
121.10,1,0.345
121.11,1,0.135
121.12,1,0.089
121.13,1,0.066
121.14,1,0.052
121.15,1,0.041
121.16,1,0.034
121.17,1,0.027
121.18,1,0.026
121.19,1,0.031
121.20,1,0.040
121.21,1,0.049
121.22,1,0.061
121.23,1,0.074
121.24,1,0.091
121.25,1,0.103
121.26,1,0.107
121.27,1,0.104
121.28,1,0.097
121.29,1,0.086
121.30,1,0.078
121.31,1,0.072
121.32,1,0.068
121.33,1,0.067
121.34,1,0.068
121.35,1,0.073
121.36,1,0.076
121.37,1,0.076
121.38,1,0.081
121.39,1,0.079
121.40,1,0.079
121.41,1,0.080
121.42,1,0.089
121.43,1,0.100
121.44,1,0.111
121.45,1,0.125
121.46,1,0.140
121.47,1,0.140
121.48,1,0.134
121.49,1,0.122
121.50,1,0.105
121.51,1,0.094
121.52,1,0.087
121.53,1,0.082
121.54,1,0.083
121.55,1,0.085
121.56,1,0.084
121.57,1,0.088
121.58,1,0.093
121.59,1,0.098
121.60,1,0.105
121.61,1,0.122
121.62,1,0.137
121.63,1,0.156
121.64,1,0.172
121.65,1,0.172
121.66,1,0.141
121.67,1,0.122
121.68,1,0.102
121.69,1,0.089
121.70,1,0.084
121.71,1,0.091
121.72,1,0.094
121.73,1,0.100
121.74,1,0.098
121.75,1,0.093
121.76,1,0.090
121.77,1,0.092
121.78,1,0.104
121.79,1,0.111
121.80,1,0.115
121.81,1,0.114
121.82,1,0.108
121.83,1,0.083
121.84,1,0.084
121.85,1,0.094
121.86,1,0.105
121.87,1,0.129
121.88,1,0.142
121.89,1,0.120
121.90,1,0.105
121.91,1,0.091
121.92,1,0.067
121.93,1,0.054
121.94,1,0.054
121.95,1,0.053
121.96,1,0.051
121.97,1,0.055
121.98,1,0.067
121.99,1,0.072
122.00,1,0.076
122.01,1,0.086
122.02,1,0.089
122.03,1,0.108
122.04,1,0.138
122.05,1,0.173
122.06,1,0.214
122.07,1,0.272
122.08,1,0.233
122.09,1,0.213
122.10,1,0.163
122.11,1,0.126
122.12,1,0.116
122.13,1,0.129
122.14,1,0.138
122.15,1,0.141
122.16,1,0.161
122.17,1,0.151
122.18,1,0.137
122.19,1,0.137
122.20,1,0.147
122.21,1,0.116
122.22,1,0.082
122.23,1,0.072
122.24,1,0.065
122.25,1,0.053
122.26,1,0.052
122.27,1,0.057
122.28,1,0.059
122.29,1,0.058
122.30,1,0.065
122.31,1,0.080
122.32,1,0.082
122.33,1,0.098
122.34,1,0.105
122.35,1,0.107
122.36,1,0.106
122.37,1,0.102
122.38,1,0.090
122.39,1,0.096
122.40,1,0.102
122.41,1,0.112
122.42,1,0.123
122.43,1,0.147
122.44,1,0.165
122.45,1,0.178
122.46,1,0.222
122.47,1,0.304
122.48,1,0.321
122.49,1,0.345
122.50,1,0.380
122.51,1,0.514
122.52,1,0.674
122.53,1,0.761
122.54,1,0.787
122.55,1,0.556
122.56,1,0.229
122.57,1,0.153
122.58,1,0.129
122.59,1,0.102
122.60,1,0.077
122.61,1,0.075
122.62,1,0.069
122.63,1,0.064
122.64,1,0.067
122.65,1,0.068
122.66,1,0.073
122.67,1,0.073
122.68,1,0.073
122.69,1,0.070
122.70,1,0.069
122.71,1,0.071
122.72,1,0.074
122.73,1,0.078
122.74,1,0.081
122.75,1,0.093
122.76,1,0.099
122.77,1,0.102
122.78,1,0.102
122.79,1,0.099
122.80,1,0.084
122.81,1,0.073
122.82,1,0.077
122.83,1,0.077
122.84,1,0.081
122.85,1,0.081
122.86,1,0.079
122.87,1,0.067
122.88,1,0.064
122.89,1,0.059
122.90,1,0.059
122.91,1,0.059
122.92,1,0.056
122.93,1,0.056
122.94,1,0.060
122.95,1,0.059
122.96,1,0.057
122.97,1,0.053
122.98,1,0.048
122.99,1,0.040
123.00,1,0.037
123.01,1,0.038
123.02,1,0.048
123.03,1,0.054
123.04,1,0.059
123.05,1,0.064
123.06,1,0.065
123.07,1,0.062
123.08,1,0.060
123.09,1,0.057
123.10,1,0.057
123.11,1,0.059
123.12,1,0.061
123.13,1,0.067
123.14,1,0.074
123.15,1,0.080
123.16,1,0.086
123.17,1,0.088
123.18,1,0.086
123.19,1,0.082
123.20,1,0.078
123.21,1,0.071
123.22,1,0.071
123.23,1,0.076
123.24,1,0.083
123.25,1,0.095
123.26,1,0.102
123.27,1,0.105
123.28,1,0.107
123.29,1,0.101
123.30,1,0.094
123.31,1,0.088
123.32,1,0.080
123.33,1,0.068
123.34,1,0.058
123.35,1,0.058
123.36,1,0.060
123.37,1,0.069
123.38,1,0.075
123.39,1,0.077
123.40,1,0.073
123.41,1,0.069
123.42,1,0.063
123.43,1,0.061
123.44,1,0.065
123.45,1,0.071
123.46,1,0.072
123.47,1,0.069
123.48,1,0.065
123.49,1,0.060
123.50,1,0.051
123.51,1,0.051
123.52,1,0.053
123.53,1,0.061
123.54,1,0.068
123.55,1,0.081
123.56,1,0.091
123.57,1,0.091
123.58,1,0.083
123.59,1,0.072
123.60,1,0.062
123.61,1,0.054
123.62,1,0.047
123.63,1,0.053
123.64,1,0.068
123.65,1,0.071
123.66,1,0.071
123.67,1,0.071
123.68,1,0.062
123.69,1,0.049
123.70,1,0.046
123.71,1,0.045
123.72,1,0.049
123.73,1,0.063
123.74,1,0.079
123.75,1,0.099
123.76,1,0.136
123.77,1,0.168
123.78,1,0.163
123.79,1,0.158
123.80,1,0.161
123.81,1,0.155
123.82,1,0.138
123.83,1,0.211
123.84,1,0.331
123.85,1,0.621
123.86,1,0.700
123.87,1,0.741
123.88,1,0.680
123.89,1,0.718
123.90,1,0.834
123.91,1,0.877
123.92,1,0.927
123.93,1,0.982
123.94,1,0.778
123.95,1,0.523
123.96,1,0.448
123.97,1,0.115
123.98,1,0.097
123.99,1,0.097
124.00,1,0.112
124.01,1,0.107
124.02,1,0.109
124.03,1,0.104
124.04,1,0.089
124.05,1,0.110
124.06,1,0.135
124.07,1,0.137
124.08,1,0.151
124.09,1,0.163
124.10,1,0.134
124.11,1,0.107
124.12,1,0.100
124.13,1,0.095
124.14,1,0.094
124.15,1,0.096
124.16,1,0.098
124.17,1,0.097
124.18,1,0.089
124.19,1,0.087
124.20,1,0.086
124.21,1,0.092
124.22,1,0.090
124.23,1,0.089
124.24,1,0.092
124.25,1,0.102
124.26,1,0.110
124.27,1,0.128
124.28,1,0.137
124.29,1,0.135
124.30,1,0.132
124.31,1,0.127
124.32,1,0.148
124.33,1,0.185
124.34,1,0.227
124.35,1,0.274
124.36,1,0.522
124.37,1,0.725
124.38,1,0.588
124.39,1,0.338
124.40,1,0.179
124.41,1,0.105
124.42,1,0.109
124.43,1,0.154
124.44,1,0.160
124.45,1,0.177
124.46,1,0.210
124.47,1,0.215
124.48,1,0.223
124.49,1,0.263
124.50,1,0.281
124.51,1,0.353
124.52,1,0.782
124.53,1,0.813
124.54,1,0.936
124.55,1,0.882
124.56,1,0.698
124.57,1,0.209
124.58,1,0.108
124.59,1,0.105
124.60,1,0.099
124.61,1,0.100
124.62,1,0.132
124.63,1,0.168
124.64,1,0.218
124.65,1,0.265
124.66,1,0.287
124.67,1,0.268
124.68,1,0.250
124.69,1,0.215
124.70,1,0.225
124.71,1,0.278
124.72,1,0.385
124.73,1,0.567
124.74,1,0.999
124.75,1,1.173
124.76,1,1.447
124.77,1,1.043
124.78,1,0.831
124.79,1,0.461
124.80,1,0.203
124.81,1,0.119
124.82,1,0.096
124.83,1,0.092
124.84,1,0.094
124.85,1,0.092
124.86,1,0.102
124.87,1,0.113
124.88,1,0.122
124.89,1,0.131
124.90,1,0.144
124.91,1,0.153
124.92,1,0.152
124.93,1,0.156
124.94,1,0.142
124.95,1,0.110
124.96,1,0.095
124.97,1,0.093
124.98,1,0.104
124.99,1,0.110
125.00,1,0.107
125.01,1,0.091
125.02,1,0.096
125.03,1,0.108
125.04,1,0.112
125.05,1,0.122
125.06,1,0.139
125.07,1,0.139
125.08,1,0.129
125.09,1,0.123
125.10,1,0.121
125.11,1,0.112
125.12,1,0.115
125.13,1,0.124
125.14,1,0.133
125.15,1,0.131
125.16,1,0.129
125.17,1,0.129
125.18,1,0.138
125.19,1,0.201
125.20,1,0.443
125.21,1,0.699
125.22,1,1.094
125.23,1,1.359
125.24,1,1.322
125.25,1,1.286
125.26,1,1.195
125.27,1,0.898
125.28,1,0.730
125.29,1,0.518
125.30,1,0.130
125.31,1,0.141
125.32,1,0.124
125.33,1,0.086
125.34,1,0.076
125.35,1,0.127
125.36,1,0.191
125.37,1,0.196
125.38,1,0.234
125.39,1,0.274
125.40,1,0.255
125.41,1,0.257
125.42,1,0.298
125.43,1,0.330
125.44,1,0.530
125.45,1,1.021
125.46,1,0.976
125.47,1,1.241
125.48,1,1.549
125.49,1,0.701
125.50,1,0.425
125.51,1,0.188
125.52,1,0.158
125.53,1,0.109
125.54,1,0.097
125.55,1,0.104
125.56,1,0.124
125.57,1,0.146
125.58,1,0.174
125.59,1,0.210
125.60,1,0.231
125.61,1,0.248
125.62,1,0.243
125.63,1,0.215
125.64,1,0.196
125.65,1,0.175
125.66,1,0.177
125.67,1,0.192
125.68,1,0.202
125.69,1,0.205
125.70,1,0.207
125.71,1,0.133
125.72,1,0.085
125.73,1,0.092
125.74,1,0.104
125.75,1,0.106
125.76,1,0.148
125.77,1,0.211
125.78,1,0.287
125.79,1,0.296
125.80,1,0.363
125.81,1,0.224
125.82,1,0.180
125.83,1,0.131
125.84,1,0.086
125.85,1,0.072
125.86,1,0.070
125.87,1,0.072
125.88,1,0.078
125.89,1,0.096
125.90,1,0.108
125.91,1,0.137
125.92,1,0.143
125.93,1,0.135
125.94,1,0.134
125.95,1,0.141
125.96,1,0.136
125.97,1,0.158
125.98,1,0.183
125.99,1,0.204
126.00,1,0.232
126.01,1,0.278
126.02,1,0.389
126.03,1,0.540
126.04,1,0.478
126.05,1,0.186
126.06,1,0.083
126.07,1,0.072
126.08,1,0.075
126.09,1,0.081
126.10,1,0.089
126.11,1,0.137
126.12,1,0.222
126.13,1,0.261
126.14,1,0.240
126.15,1,0.215
126.16,1,0.217
126.17,1,0.202
126.18,1,0.248
126.19,1,0.410
126.20,1,0.795
126.21,1,1.347
126.22,1,0.949
126.23,1,0.587
126.24,1,0.143
126.25,1,0.085
126.26,1,0.066
126.27,1,0.069
126.28,1,0.078
126.29,1,0.087
126.30,1,0.094
126.31,1,0.095
126.32,1,0.100
126.33,1,0.092
126.34,1,0.093
126.35,1,0.091
126.36,1,0.088
126.37,1,0.093
126.38,1,0.099
126.39,1,0.124
126.40,1,0.167
126.41,1,0.198
126.42,1,0.204
126.43,1,0.188
126.44,1,0.159
126.45,1,0.122
126.46,1,0.117
126.47,1,0.122
126.48,1,0.128
126.49,1,0.143
126.50,1,0.142
126.51,1,0.146
126.52,1,0.143
126.53,1,0.136
126.54,1,0.131
126.55,1,0.122
126.56,1,0.118
126.57,1,0.125
126.58,1,0.126
126.59,1,0.119
126.60,1,0.109
126.61,1,0.122
126.62,1,0.131
126.63,1,0.143
126.64,1,0.183
126.65,1,0.245
126.66,1,0.204
126.67,1,0.183
126.68,1,0.142
126.69,1,0.130
126.70,1,0.134
126.71,1,0.148
126.72,1,0.136
126.73,1,0.125
126.74,1,0.117
126.75,1,0.112
126.76,1,0.108
126.77,1,0.100
126.78,1,0.112
126.79,1,0.127
126.80,1,0.118
126.81,1,0.097
126.82,1,0.088
126.83,1,0.091
126.84,1,0.094
126.85,1,0.099
126.86,1,0.114
126.87,1,0.144
126.88,1,0.173
126.89,1,0.191
126.90,1,0.198
126.91,1,0.202
126.92,1,0.216
126.93,1,0.229
126.94,1,0.238
126.95,1,0.266
126.96,1,0.274
126.97,1,0.274
126.98,1,0.278
126.99,1,0.277
127.00,1,0.274
127.01,1,0.265
127.02,1,0.190
127.03,1,0.147
127.04,1,0.150
127.05,1,0.167
127.06,1,0.213
127.07,1,0.260
127.08,1,0.308
127.09,1,0.343
127.10,1,0.352
127.11,1,0.351
127.12,1,0.349
127.13,1,0.337
127.14,1,0.312
127.15,1,0.293
127.16,1,0.294
127.17,1,0.307
127.18,1,0.311
127.19,1,0.328
127.20,1,0.335
127.21,1,0.369
127.22,1,0.407
127.23,1,0.438
127.24,1,0.565
127.25,1,0.818
127.26,1,1.231
127.27,1,2.130
127.28,1,2.308
127.29,1,1.750
127.30,1,1.492
127.31,1,1.353
127.32,1,1.252
127.33,1,1.133
127.34,1,1.000
127.35,1,0.809
127.36,1,0.749
127.37,1,0.749
127.38,1,0.776
127.39,1,0.877
127.40,1,0.957
127.41,1,0.889
127.42,1,0.819
127.43,1,1.009
127.44,1,1.083
127.45,1,1.168
127.46,1,0.951
127.47,1,0.566
127.48,1,0.335
127.49,1,0.246
127.50,1,0.170
127.51,1,0.110
127.52,1,0.134
127.53,1,0.160
127.54,1,0.165
127.55,1,0.179
127.56,1,0.222
127.57,1,0.234
127.58,1,0.238
127.59,1,0.246
127.60,1,0.240
127.61,1,0.233
127.62,1,0.234
127.63,1,0.249
127.64,1,0.296
127.65,1,0.340
127.66,1,0.370
127.67,1,0.398
127.68,1,0.356
127.69,1,0.243
127.70,1,0.155
127.71,1,0.130
127.72,1,0.111
127.73,1,0.138
127.74,1,0.167
127.75,1,0.191
127.76,1,0.215
127.77,1,0.248
127.78,1,0.249
127.79,1,0.253
127.80,1,0.255
127.81,1,0.250
127.82,1,0.239
127.83,1,0.232
127.84,1,0.224
127.85,1,0.238
127.86,1,0.238
127.87,1,0.236
127.88,1,0.244
127.89,1,0.233
127.90,1,0.240
127.91,1,0.271
127.92,1,0.301
127.93,1,0.321
127.94,1,0.328
127.95,1,0.343
127.96,1,0.358
127.97,1,0.360
127.98,1,0.370
127.99,1,0.410
128.00,1,0.448
128.01,1,0.440
128.02,1,0.874
128.03,1,1.213
128.04,1,1.437
128.05,1,1.310
128.06,1,1.097
128.07,1,1.109
128.08,1,1.297
128.09,1,1.406
128.10,1,1.644
128.11,1,1.750
128.12,1,1.659
128.13,1,1.573
128.14,1,1.499
128.15,1,1.404
128.16,1,1.415
128.17,1,1.518
128.18,1,1.551
128.19,1,1.367
128.20,1,1.107
128.21,1,0.852
128.22,1,0.799
128.23,1,0.753
128.24,1,0.790
128.25,1,0.697
128.26,1,0.175
128.27,1,0.112
128.28,1,0.128
128.29,1,0.183
128.30,1,0.212
128.31,1,0.227
128.32,1,0.252
128.33,1,0.265
128.34,1,0.250
128.35,1,0.230
128.36,1,0.235
128.37,1,0.236
128.38,1,0.237
128.39,1,0.220
128.40,1,0.232
128.41,1,0.226
128.42,1,0.241
128.43,1,0.257
128.44,1,0.286
128.45,1,0.383
128.46,1,0.432
128.47,1,0.420
128.48,1,0.256
128.49,1,0.178
128.50,1,0.153
128.51,1,0.148
128.52,1,0.148
128.53,1,0.162
128.54,1,0.189
128.55,1,0.220
128.56,1,0.237
128.57,1,0.253
128.58,1,0.258
128.59,1,0.281
128.60,1,0.296
128.61,1,0.302
128.62,1,0.297
128.63,1,0.304
128.64,1,0.310
128.65,1,0.318
128.66,1,0.342
128.67,1,0.379
128.68,1,0.413
128.69,1,0.436
128.70,1,0.455
128.71,1,0.455
128.72,1,0.269
128.73,1,0.209
128.74,1,0.192
128.75,1,0.196
128.76,1,0.195
128.77,1,0.222
128.78,1,0.266
128.79,1,0.319
128.80,1,0.408
128.81,1,0.473
128.82,1,0.482
128.83,1,0.432
128.84,1,0.363
128.85,1,0.311
128.86,1,0.278
128.87,1,0.267
128.88,1,0.251
128.89,1,0.226
128.90,1,0.222
128.91,1,0.226
128.92,1,0.249
128.93,1,0.290
128.94,1,0.388
128.95,1,0.819
128.96,1,1.180
128.97,1,1.753
128.98,1,1.283
128.99,1,0.446
129.00,1,0.351
129.01,1,0.265
129.02,1,0.223
129.03,1,0.250
129.04,1,0.335
129.05,1,0.385
129.06,1,0.422
129.07,1,0.449
129.08,1,0.452
129.09,1,0.432
129.10,1,0.407
129.11,1,0.398
129.12,1,0.401
129.13,1,0.451
129.14,1,0.500
129.15,1,0.562
129.16,1,0.650
129.17,1,0.798
129.18,1,0.676
129.19,1,0.731
129.20,1,0.459
129.21,1,0.295
129.22,1,0.210
129.23,1,0.214
129.24,1,0.264
129.25,1,0.299
129.26,1,0.343
129.27,1,0.420
129.28,1,0.461
129.29,1,0.494
129.30,1,0.508
129.31,1,0.485
129.32,1,0.477
129.33,1,0.389
129.34,1,0.340
129.35,1,0.279
129.36,1,0.223
129.37,1,0.162
129.38,1,0.152
129.39,1,0.162
129.40,1,0.172
129.41,1,0.173
129.42,1,0.178
129.43,1,0.169
129.44,1,0.160
129.45,1,0.139
129.46,1,0.130
129.47,1,0.128
129.48,1,0.131
129.49,1,0.132
129.50,1,0.157
129.51,1,0.174
129.52,1,0.203
129.53,1,0.294
129.54,1,0.479
129.55,1,0.284
129.56,1,0.240
129.57,1,0.133
129.58,1,0.119
129.59,1,0.141
129.60,1,0.179
129.61,1,0.198
129.62,1,0.246
129.63,1,0.282
129.64,1,0.311
129.65,1,0.310
129.66,1,0.290
129.67,1,0.279
129.68,1,0.278
129.69,1,0.274
129.70,1,0.274
129.71,1,0.272
129.72,1,0.274
129.73,1,0.263
129.74,1,0.249
129.75,1,0.237
129.76,1,0.226
129.77,1,0.196
129.78,1,0.187
129.79,1,0.189
129.80,1,0.203
129.81,1,0.223
129.82,1,0.234
129.83,1,0.252
129.84,1,0.271
129.85,1,0.299
129.86,1,0.331
129.87,1,0.371
129.88,1,0.441
129.89,1,0.598
129.90,1,0.683
129.91,1,0.824
129.92,1,0.696
129.93,1,0.474
129.94,1,0.299
129.95,1,0.192
129.96,1,0.179
129.97,1,0.148
129.98,1,0.158
129.99,1,0.175
130.00,1,0.204
130.01,1,0.238
130.02,1,0.263
130.03,1,0.283
130.04,1,0.295
130.05,1,0.283
130.06,1,0.277
130.07,1,0.299
130.08,1,0.308
130.09,1,0.302
130.10,1,0.294
130.11,1,0.258
130.12,1,0.225
130.13,1,0.236
130.14,1,0.289
130.15,1,0.308
130.16,1,0.338
130.17,1,0.349
130.18,1,0.342
130.19,1,0.308
130.20,1,0.284
130.21,1,0.243
130.22,1,0.231
130.23,1,0.238
130.24,1,0.263
130.25,1,0.296
130.26,1,0.321
130.27,1,0.345
130.28,1,0.361
130.29,1,0.369
130.30,1,0.377
130.31,1,0.387
130.32,1,0.379
130.33,1,0.387
130.34,1,0.384
130.35,1,0.397
130.36,1,0.412
130.37,1,0.434
130.38,1,0.445
130.39,1,0.441
130.40,1,0.430
130.41,1,0.393
130.42,1,0.355
130.43,1,0.324
130.44,1,0.289
130.45,1,0.277
130.46,1,0.275
130.47,1,0.267
130.48,1,0.264
130.49,1,0.259
130.50,1,0.246
130.51,1,0.247
130.52,1,0.253
130.53,1,0.259
130.54,1,0.261
130.55,1,0.263
130.56,1,0.258
130.57,1,0.255
130.58,1,0.264
130.59,1,0.269
130.60,1,0.281
130.61,1,0.292
130.62,1,0.306
130.63,1,0.309
130.64,1,0.304
130.65,1,0.305
130.66,1,0.298
130.67,1,0.285
130.68,1,0.272
130.69,1,0.272
130.70,1,0.270
130.71,1,0.265
130.72,1,0.264
130.73,1,0.262
130.74,1,0.259
130.75,1,0.259
130.76,1,0.269
130.77,1,0.285
130.78,1,0.306
130.79,1,0.336
130.80,1,0.379
130.81,1,0.410
130.82,1,0.427
130.83,1,0.427
130.84,1,0.416
130.85,1,0.403
130.86,1,0.398
130.87,1,0.404
130.88,1,0.406
130.89,1,0.396
130.90,1,0.373
130.91,1,0.338
130.92,1,0.292
130.93,1,0.259
130.94,1,0.238
130.95,1,0.219
130.96,1,0.220
130.97,1,0.221
130.98,1,0.227
130.99,1,0.236
131.00,1,0.246
131.01,1,0.257
131.02,1,0.266
131.03,1,0.281
131.04,1,0.289
131.05,1,0.297
131.06,1,0.304
131.07,1,0.310
131.08,1,0.314
131.09,1,0.314
131.10,1,0.313
131.11,1,0.314
131.12,1,0.317
131.13,1,0.317
131.14,1,0.315
131.15,1,0.314
131.16,1,0.315
131.17,1,0.310
131.18,1,0.301
131.19,1,0.290
131.20,1,0.266
131.21,1,0.240
131.22,1,0.224
131.23,1,0.211
131.24,1,0.212
131.25,1,0.229
131.26,1,0.248
131.27,1,0.273
131.28,1,0.299
131.29,1,0.326
131.30,1,0.349
131.31,1,0.367
131.32,1,0.379
131.33,1,0.392
131.34,1,0.396
131.35,1,0.395
131.36,1,0.395
131.37,1,0.394
131.38,1,0.390
131.39,1,0.383
131.40,1,0.378
131.41,1,0.369
131.42,1,0.355
131.43,1,0.330
131.44,1,0.302
131.45,1,0.273
131.46,1,0.244
131.47,1,0.226
131.48,1,0.221
131.49,1,0.221
131.50,1,0.232
131.51,1,0.244
131.52,1,0.252
131.53,1,0.256
131.54,1,0.260
131.55,1,0.273
131.56,1,0.291
131.57,1,0.305
131.58,1,0.319
131.59,1,0.337
131.60,1,0.350
131.61,1,0.358
131.62,1,0.369
131.63,1,0.369
131.64,1,0.357
131.65,1,0.334
131.66,1,0.304
131.67,1,0.276
131.68,1,0.249
131.69,1,0.224
131.70,1,0.201
131.71,1,0.181
131.72,1,0.168
131.73,1,0.164
131.74,1,0.175
131.75,1,0.198
131.76,1,0.227
131.77,1,0.258
131.78,1,0.293
131.79,1,0.328
131.80,1,0.351
131.81,1,0.354
131.82,1,0.345
131.83,1,0.333
131.84,1,0.328
131.85,1,0.319
131.86,1,0.314
131.87,1,0.311
131.88,1,0.295
131.89,1,0.271
131.90,1,0.246
131.91,1,0.216
131.92,1,0.191
131.93,1,0.173
131.94,1,0.161
131.95,1,0.158
131.96,1,0.161
131.97,1,0.171
131.98,1,0.191
131.99,1,0.219
132.00,1,0.252
132.01,1,0.286
132.02,1,0.319
132.03,1,0.348
132.04,1,0.367
132.05,1,0.387
132.06,1,0.411
132.07,1,0.429
132.08,1,0.443
132.09,1,0.453
132.10,1,0.454
132.11,1,0.441
132.12,1,0.424
132.13,1,0.407
132.14,1,0.377
132.15,1,0.345
132.16,1,0.317
132.17,1,0.290
132.18,1,0.263
132.19,1,0.234
132.20,1,0.208
132.21,1,0.182
132.22,1,0.156
132.23,1,0.142
132.24,1,0.148
132.25,1,0.167
132.26,1,0.191
132.27,1,0.220
132.28,1,0.250
132.29,1,0.276
132.30,1,0.293
132.31,1,0.304
132.32,1,0.316
132.33,1,0.316
132.34,1,0.306
132.35,1,0.295
132.36,1,0.289
132.37,1,0.273
132.38,1,0.240
132.39,1,0.240
132.40,1,0.271
132.41,1,0.302
132.42,1,0.363
132.43,1,0.657
132.44,1,0.856
132.45,1,0.846
132.46,1,1.015
132.47,1,1.531
132.48,1,1.860
132.49,1,1.943
132.50,1,2.059
132.51,1,2.149
132.52,1,2.176
132.53,1,1.550
132.54,1,1.654
132.55,1,1.594
132.56,0,
132.57,0,
132.58,0,
132.59,0,
132.60,0,
132.61,0,
132.62,0,
132.63,0,
132.64,0,
132.65,0,
132.66,0,
132.67,0,
132.68,0,
132.69,0,
132.70,0,
132.71,0,
132.72,0,
132.73,0,
132.74,0,
132.75,0,
132.76,0,
132.77,0,
132.78,0,
132.79,0,
132.80,0,
132.81,0,
132.82,0,
132.83,0,
132.84,0,
132.85,0,
132.86,0,
132.87,0,
132.88,0,
132.89,0,
132.90,0,
132.91,0,
132.92,0,
132.93,0,
132.94,0,
132.95,0,
132.96,0,
132.97,0,
132.98,0,
132.99,0,
133.00,0,
133.01,0,
133.02,0,
133.03,0,
133.04,0,
133.05,0,
133.06,0,
133.07,0,
133.08,0,
133.09,0,
133.10,0,
133.11,0,
133.12,0,
133.13,0,
133.14,0,
133.15,0,
133.16,0,
133.17,0,
133.18,0,
133.19,0,
133.20,0,
133.21,0,
133.22,0,
133.23,0,
133.24,0,
133.25,0,
133.26,0,
133.27,0,
133.28,0,
133.29,0,
133.30,0,
133.31,0,
133.32,0,
133.33,0,
133.34,0,
133.35,0,
133.36,0,
133.37,0,
133.38,0,
133.39,0,
133.40,0,
133.41,0,
133.42,0,
133.43,0,
133.44,0,
133.45,0,
133.46,0,
133.47,0,
133.48,0,
133.49,0,
133.50,0,
133.51,0,
133.52,0,
133.53,0,
133.54,0,
133.55,0,
133.56,0,
133.57,0,
133.58,0,
133.59,0,
133.60,0,
133.61,0,
133.62,0,
133.63,0,
133.64,0,
133.65,0,
133.66,0,
133.67,0,
133.68,0,
133.69,0,
133.70,0,
133.71,0,
133.72,0,
133.73,0,
133.74,0,
133.75,0,
133.76,0,
133.77,0,
133.78,0,
133.79,0,
133.80,0,
133.81,0,
133.82,0,
133.83,0,
133.84,0,
133.85,0,
133.86,0,
133.87,0,
133.88,0,
133.89,0,
133.90,0,
133.91,0,
133.92,0,
133.93,0,
133.94,0,
133.95,0,
133.96,0,
133.97,0,
133.98,0,
133.99,0,
134.00,0,
134.01,0,
134.02,0,
134.03,0,
134.04,0,
134.05,0,
134.06,0,
134.07,0,
134.08,0,
134.09,0,
134.10,0,
134.11,0,
134.12,0,
134.13,0,
134.14,0,
134.15,0,
134.16,0,
134.17,0,
134.18,0,
134.19,0,
134.20,0,
134.21,0,
134.22,0,
134.23,0,
134.24,0,
134.25,0,
134.26,0,
134.27,0,
134.28,0,
134.29,0,
134.30,0,
134.31,0,
134.32,0,
134.33,0,
134.34,0,
134.35,0,
134.36,0,
134.37,0,
134.38,0,
134.39,0,
134.40,0,
134.41,0,
134.42,0,
134.43,0,
134.44,0,
134.45,0,
134.46,0,
134.47,0,
134.48,0,
134.49,0,
134.50,0,
134.51,0,
134.52,0,
134.53,0,
134.54,0,
134.55,0,
134.56,0,
134.57,0,
134.58,0,
134.59,0,
134.60,0,
134.61,0,
134.62,0,
134.63,0,
134.64,0,
134.65,0,
134.66,0,
134.67,0,
134.68,0,
134.69,0,
134.70,0,
134.71,0,
134.72,0,
134.73,0,
134.74,0,
134.75,0,
134.76,0,
134.77,0,
134.78,0,
134.79,0,
134.80,0,
134.81,0,
134.82,0,
134.83,0,
134.84,0,
134.85,0,
134.86,0,
134.87,0,
134.88,0,
134.89,0,
134.90,0,
134.91,0,
134.92,0,
134.93,0,
134.94,0,
134.95,0,
134.96,0,
134.97,0,
134.98,0,
134.99,0,
135.00,0,
135.01,0,
135.02,0,
135.03,0,
135.04,0,
135.05,0,
135.06,0,
135.07,0,
135.08,0,
135.09,0,
135.10,0,
135.11,0,
135.12,0,
135.13,0,
135.14,0,
135.15,0,
135.16,0,
135.17,0,
135.18,0,
135.19,0,
135.20,0,
135.21,0,
135.22,0,
135.23,0,
135.24,0,
135.25,0,
135.26,0,
135.27,0,
135.28,0,
135.29,0,
135.30,0,
135.31,0,
135.32,0,
135.33,0,
135.34,0,
135.35,0,
135.36,0,
135.37,0,
135.38,0,
135.39,0,
135.40,0,
135.41,0,
135.42,0,
135.43,0,
135.44,0,
135.45,0,
135.46,0,
135.47,0,
135.48,0,
135.49,0,
135.50,0,
135.51,0,
135.52,0,
135.53,0,
135.54,0,
135.55,0,
135.56,0,
135.57,0,
135.58,0,
135.59,0,
135.60,0,
135.61,0,
135.62,0,
135.63,0,
135.64,0,
135.65,0,
135.66,0,
135.67,0,
135.68,0,
135.69,0,
135.70,0,
135.71,0,
135.72,0,
135.73,0,
135.74,0,
135.75,0,
135.76,0,
135.77,0,
135.78,0,
135.79,0,
135.80,0,
135.81,0,
135.82,0,
135.83,0,
135.84,0,
135.85,0,
135.86,0,
135.87,0,
135.88,0,
135.89,0,
135.90,0,
135.91,0,
135.92,0,
135.93,0,
135.94,0,
135.95,0,
135.96,0,
135.97,0,
135.98,0,
135.99,0,
136.00,0,
136.01,0,
136.02,0,
136.03,0,
136.04,0,
136.05,0,
136.06,0,
136.07,0,
136.08,0,
136.09,0,
136.10,0,
136.11,0,
136.12,0,
136.13,0,
136.14,0,
136.15,0,
136.16,0,
136.17,0,
136.18,0,
136.19,0,
136.20,0,
136.21,0,
136.22,0,
136.23,0,
136.24,0,
136.25,0,
136.26,0,
136.27,0,
136.28,0,
136.29,0,
136.30,0,
136.31,0,
136.32,0,
136.33,0,
136.34,0,
136.35,0,
136.36,0,
136.37,0,
136.38,0,
136.39,0,
136.40,0,
136.41,0,
136.42,0,
136.43,0,
136.44,0,
136.45,0,
136.46,0,
136.47,0,
136.48,0,
136.49,0,
136.50,0,
136.51,0,
136.52,0,
136.53,0,
136.54,0,
136.55,0,
136.56,0,
136.57,0,
136.58,0,
136.59,0,
136.60,0,
136.61,0,
136.62,0,
136.63,0,
136.64,0,
136.65,0,
136.66,0,
136.67,0,
136.68,0,
136.69,0,
136.70,0,
136.71,0,
136.72,0,
136.73,0,
136.74,0,
136.75,0,
136.76,0,
136.77,0,
136.78,0,
136.79,0,
136.80,0,
136.81,0,
136.82,0,
136.83,0,
136.84,0,
136.85,0,
136.86,0,
136.87,0,
136.88,0,
136.89,0,
136.90,0,
136.91,0,
136.92,0,
136.93,0,
136.94,0,
136.95,0,
136.96,0,
136.97,0,
136.98,0,
136.99,0,
137.00,0,
137.01,0,
137.02,0,
137.03,0,
137.04,0,
137.05,0,
137.06,0,
137.07,0,
137.08,0,
137.09,0,
137.10,0,
137.11,0,
137.12,0,
137.13,0,
137.14,0,
137.15,0,
137.16,0,
137.17,0,
137.18,0,
137.19,0,
137.20,0,
137.21,0,
137.22,0,
137.23,0,
137.24,0,
137.25,0,
137.26,0,
137.27,0,
137.28,0,
137.29,0,
137.30,0,
137.31,0,
137.32,0,
137.33,0,
137.34,0,
137.35,0,
137.36,0,
137.37,0,
137.38,0,
137.39,0,
137.40,0,
137.41,0,
137.42,0,
137.43,0,
137.44,0,
137.45,0,
137.46,0,
137.47,0,
137.48,0,
137.49,0,
137.50,0,
137.51,0,
137.52,0,
137.53,0,
137.54,0,
137.55,0,
137.56,0,
137.57,0,
137.58,0,
137.59,0,
137.60,0,
137.61,0,
137.62,0,
137.63,0,
137.64,0,
137.65,0,
137.66,0,
137.67,0,
137.68,0,
137.69,0,
137.70,0,
137.71,0,
137.72,0,
137.73,0,
137.74,0,
137.75,0,
137.76,0,
137.77,0,
137.78,0,
137.79,0,
137.80,0,
137.81,0,
137.82,0,
137.83,0,
137.84,0,
137.85,0,
137.86,0,
137.87,0,
137.88,0,
137.89,0,
137.90,0,
137.91,0,
137.92,0,
137.93,0,
137.94,0,
137.95,0,
137.96,0,
137.97,0,
137.98,0,
137.99,0,
138.00,0,
138.01,0,
138.02,0,
138.03,0,
138.04,0,
138.05,0,
138.06,0,
138.07,0,
138.08,0,
138.09,0,
138.10,0,
138.11,0,
138.12,0,
138.13,0,
138.14,0,
138.15,0,
138.16,0,
138.17,0,
138.18,0,
138.19,0,
138.20,0,
138.21,0,
138.22,0,
138.23,0,
138.24,0,
138.25,0,
138.26,0,
138.27,0,
138.28,0,
138.29,0,
138.30,0,
138.31,0,
138.32,0,
138.33,0,
138.34,0,
138.35,0,
138.36,0,
138.37,0,
138.38,0,
138.39,0,
138.40,0,
138.41,0,
138.42,0,
138.43,0,
138.44,0,
138.45,0,
138.46,0,
138.47,0,
138.48,0,
138.49,0,
138.50,0,
138.51,0,
138.52,0,
138.53,0,
138.54,0,
138.55,0,
138.56,0,
138.57,0,
138.58,0,
138.59,0,
138.60,0,
138.61,0,
138.62,0,
138.63,0,
138.64,0,
138.65,0,
138.66,0,
138.67,0,
138.68,0,
138.69,0,
138.70,0,
138.71,0,
138.72,0,
138.73,0,
138.74,0,
138.75,0,
138.76,0,
138.77,0,
138.78,0,
138.79,0,
138.80,0,
138.81,0,
138.82,0,
138.83,0,
138.84,0,
138.85,0,
138.86,0,
138.87,0,
138.88,0,
138.89,0,
138.90,0,
138.91,0,
138.92,0,
138.93,0,
138.94,0,
138.95,0,
138.96,0,
138.97,0,
138.98,0,
138.99,0,
139.00,0,
139.01,0,
139.02,0,
139.03,0,
139.04,0,
139.05,0,
139.06,0,
139.07,0,
139.08,0,
139.09,0,
139.10,0,
139.11,0,
139.12,0,
139.13,0,
139.14,0,
139.15,0,
139.16,0,
139.17,0,
139.18,0,
139.19,0,
139.20,0,
139.21,0,
139.22,0,
139.23,0,
139.24,0,
139.25,0,
139.26,0,
139.27,0,
139.28,0,
139.29,0,
139.30,0,
139.31,0,
139.32,0,
139.33,0,
139.34,0,
139.35,0,
139.36,0,
139.37,0,
139.38,0,
139.39,0,
139.40,0,
139.41,0,
139.42,0,
139.43,0,
139.44,0,
139.45,0,
139.46,0,
139.47,0,
139.48,0,
139.49,0,
139.50,0,
139.51,0,
139.52,0,
139.53,0,
139.54,0,
139.55,0,
139.56,0,
139.57,0,
139.58,0,
139.59,0,
139.60,0,
139.61,0,
139.62,0,
139.63,0,
139.64,0,
139.65,0,
139.66,0,
139.67,0,
139.68,0,
139.69,0,
139.70,0,
139.71,0,
139.72,0,
139.73,0,
139.74,0,
139.75,0,
139.76,0,
139.77,0,
139.78,0,
139.79,0,
139.80,0,
139.81,0,
139.82,0,
139.83,0,
139.84,0,
139.85,0,
139.86,0,
139.87,0,
139.88,0,
139.89,0,
139.90,0,
139.91,0,
139.92,0,
139.93,0,
139.94,0,
139.95,0,
139.96,0,
139.97,0,
139.98,0,
139.99,0,
140.00,0,
140.01,0,
140.02,0,
140.03,0,
140.04,0,
140.05,0,
140.06,0,
140.07,0,
140.08,0,
140.09,0,
140.10,0,
140.11,0,
140.12,0,
140.13,0,
140.14,0,
140.15,0,
140.16,0,
140.17,0,
140.18,0,
140.19,0,
140.20,0,
140.21,0,
140.22,0,
140.23,0,
140.24,0,
140.25,0,
140.26,0,
140.27,0,
140.28,0,
140.29,0,
140.30,0,
140.31,0,
140.32,0,
140.33,0,
140.34,0,
140.35,0,
140.36,0,
140.37,0,
140.38,0,
140.39,0,
140.40,0,
140.41,0,
140.42,0,
140.43,0,
140.44,0,
140.45,0,
140.46,0,
140.47,0,
140.48,0,
140.49,0,
140.50,0,
140.51,0,
140.52,0,
140.53,0,
140.54,0,
140.55,0,
140.56,0,
140.57,0,
140.58,0,
140.59,0,
140.60,0,
140.61,0,
140.62,0,
140.63,0,
140.64,0,
140.65,0,
140.66,0,
140.67,0,
140.68,0,
140.69,0,
140.70,0,
140.71,0,
140.72,0,
140.73,0,
140.74,0,
140.75,0,
140.76,0,
140.77,0,
140.78,0,
140.79,0,
140.80,0,
140.81,0,
140.82,0,
140.83,0,
140.84,0,
140.85,0,
140.86,0,
140.87,0,
140.88,0,
140.89,0,
140.90,0,
140.91,0,
140.92,0,
140.93,0,
140.94,0,
140.95,0,
140.96,0,
140.97,0,
140.98,0,
140.99,0,
141.00,0,
141.01,0,
141.02,0,
141.03,0,
141.04,0,
141.05,0,
141.06,0,
141.07,0,
141.08,0,
141.09,0,
141.10,0,
141.11,0,
141.12,0,
141.13,0,
141.14,0,
141.15,0,
141.16,0,
141.17,0,
141.18,0,
141.19,0,
141.20,0,
141.21,0,
141.22,0,
141.23,0,
141.24,0,
141.25,0,
141.26,0,
141.27,0,
141.28,0,
141.29,0,
141.30,0,
141.31,0,
141.32,0,
141.33,0,
141.34,0,
141.35,0,
141.36,0,
141.37,0,
141.38,0,
141.39,0,
141.40,0,
141.41,0,
141.42,0,
141.43,0,
141.44,0,
141.45,0,
141.46,0,
141.47,0,
141.48,0,
141.49,0,
141.50,0,
141.51,0,
141.52,0,
141.53,0,
141.54,0,
141.55,0,
141.56,0,
141.57,0,
141.58,0,
141.59,1,0.035
141.60,1,0.033
141.61,1,0.033
141.62,1,0.035
141.63,1,0.034
141.64,1,0.031
141.65,1,0.027
141.66,1,0.024
141.67,1,0.025
141.68,1,0.027
141.69,1,0.031
141.70,1,0.039
141.71,1,0.051
141.72,1,0.036
141.73,1,0.028
141.74,1,0.027
141.75,1,0.027
141.76,1,0.028
141.77,1,0.035
141.78,1,0.045
141.79,1,0.058
141.80,1,0.073
141.81,1,0.086
141.82,1,0.100
141.83,1,0.118
141.84,1,0.134
141.85,1,0.152
141.86,1,0.167
141.87,1,0.170
141.88,1,0.161
141.89,1,0.139
141.90,1,0.118
141.91,1,0.097
141.92,1,0.081
141.93,1,0.082
141.94,1,0.100
141.95,1,0.144
141.96,1,0.246
141.97,1,0.737
141.98,1,1.006
141.99,1,1.125
142.00,1,1.240
142.01,1,1.256
142.02,1,1.445
142.03,1,1.656
142.04,1,1.458
142.05,1,1.288
142.06,1,0.784
142.07,1,0.411
142.08,1,0.121
142.09,1,0.068
142.10,1,0.055
142.11,1,0.048
142.12,1,0.072
142.13,1,0.098
142.14,1,0.113
142.15,1,0.132
142.16,1,0.143
142.17,1,0.136
142.18,1,0.137
142.19,1,0.141
142.20,1,0.131
142.21,1,0.125
142.22,1,0.117
142.23,1,0.115
142.24,1,0.108
142.25,1,0.104
142.26,1,0.106
142.27,1,0.097
142.28,1,0.083
142.29,1,0.075
142.30,1,0.070
142.31,1,0.074
142.32,1,0.080
142.33,1,0.092
142.34,1,0.101
142.35,1,0.116
142.36,1,0.135
142.37,1,0.179
142.38,1,0.307
142.39,1,0.425
142.40,1,0.594
142.41,1,0.844
142.42,1,0.769
142.43,1,0.520
142.44,1,0.325
142.45,1,0.113
142.46,1,0.063
142.47,1,0.054
142.48,1,0.055
142.49,1,0.059
142.50,1,0.073
142.51,1,0.078
142.52,1,0.086
142.53,1,0.091
142.54,1,0.083
142.55,1,0.069
142.56,1,0.063
142.57,1,0.054
142.58,1,0.056
142.59,1,0.068
142.60,1,0.070
142.61,1,0.074
142.62,1,0.072
142.63,1,0.075
142.64,1,0.078
142.65,1,0.082
142.66,1,0.089
142.67,1,0.109
142.68,1,0.128
142.69,1,0.176
142.70,1,0.225
142.71,1,0.224
142.72,1,0.143
142.73,1,0.094
142.74,1,0.060
142.75,1,0.061
142.76,1,0.066
142.77,1,0.075
142.78,1,0.084
142.79,1,0.083
142.80,1,0.096
142.81,1,0.108
142.82,1,0.106
142.83,1,0.116
142.84,1,0.119
142.85,1,0.115
142.86,1,0.119
142.87,1,0.126
142.88,1,0.132
142.89,1,0.135
142.90,1,0.137
142.91,1,0.146
142.92,1,0.145
142.93,1,0.143
142.94,1,0.138
142.95,1,0.131
142.96,1,0.123
142.97,1,0.124
142.98,1,0.130
142.99,1,0.129
143.00,1,0.126
143.01,1,0.126
143.02,1,0.123
143.03,1,0.126
143.04,1,0.123
143.05,1,0.121
143.06,1,0.116
143.07,1,0.113
143.08,1,0.115
143.09,1,0.116
143.10,1,0.124
143.11,1,0.156
143.12,1,0.212
143.13,1,0.329
143.14,1,0.810
143.15,1,1.351
143.16,1,2.027
143.17,1,1.627
143.18,1,0.374
143.19,1,0.177
143.20,1,0.102
143.21,1,0.069
143.22,1,0.050
143.23,1,0.040
143.24,1,0.041
143.25,1,0.046
143.26,1,0.065
143.27,1,0.087
143.28,1,0.098
143.29,1,0.102
143.30,1,0.106
143.31,1,0.104
143.32,1,0.113
143.33,1,0.141
143.34,1,0.173
143.35,1,0.217
143.36,1,0.343
143.37,1,0.330
143.38,1,0.128
143.39,1,0.089
143.40,1,0.077
143.41,1,0.078
143.42,1,0.078
143.43,1,0.079
143.44,1,0.090
143.45,1,0.095
143.46,1,0.091
143.47,1,0.089
143.48,1,0.089
143.49,1,0.089
143.50,1,0.095
143.51,1,0.095
143.52,1,0.102
143.53,1,0.102
143.54,1,0.101
143.55,1,0.095
143.56,1,0.080
143.57,1,0.073
143.58,1,0.066
143.59,1,0.060
143.60,1,0.060
143.61,1,0.062
143.62,1,0.065
143.63,1,0.068
143.64,1,0.071
143.65,1,0.085
143.66,1,0.091
143.67,1,0.121
143.68,1,0.154
143.69,1,0.175
143.70,1,0.179
143.71,1,0.194
143.72,1,0.168
143.73,1,0.150
143.74,1,0.145
143.75,1,0.132
143.76,1,0.119
143.77,1,0.126
143.78,1,0.148
143.79,1,0.212
143.80,1,0.177
143.81,1,0.176
143.82,1,0.154
143.83,1,0.090
143.84,1,0.055
143.85,1,0.043
143.86,1,0.046
143.87,1,0.058
143.88,1,0.074
143.89,1,0.086
143.90,1,0.094
143.91,1,0.097
143.92,1,0.093
143.93,1,0.092
143.94,1,0.095
143.95,1,0.106
143.96,1,0.134
143.97,1,0.181
143.98,1,0.244
143.99,1,0.342
144.00,1,0.531
144.01,1,0.766
144.02,1,0.884
144.03,1,0.882
144.04,1,0.950
144.05,1,1.232
144.06,1,1.237
144.07,1,1.298
144.08,1,1.078
144.09,1,0.783
144.10,1,0.131
144.11,1,0.070
144.12,1,0.070
144.13,1,0.070
144.14,1,0.077
144.15,1,0.094
144.16,1,0.108
144.17,1,0.120
144.18,1,0.125
144.19,1,0.119
144.20,1,0.116
144.21,1,0.119
144.22,1,0.120
144.23,1,0.132
144.24,1,0.157
144.25,1,0.191
144.26,1,0.239
144.27,1,0.323
144.28,1,0.347
144.29,1,0.166
144.30,1,0.092
144.31,1,0.066
144.32,1,0.054
144.33,1,0.053
144.34,1,0.070
144.35,1,0.074
144.36,1,0.069
144.37,1,0.070
144.38,1,0.082
144.39,1,0.080
144.40,1,0.087
144.41,1,0.089
144.42,1,0.084
144.43,1,0.068
144.44,1,0.071
144.45,1,0.076
144.46,1,0.086
144.47,1,0.098
144.48,1,0.097
144.49,1,0.100
144.50,1,0.104
144.51,1,0.107
144.52,1,0.096
144.53,1,0.102
144.54,1,0.103
144.55,1,0.120
144.56,1,0.133
144.57,1,0.155
144.58,1,0.226
144.59,1,0.231
144.60,1,0.222
144.61,1,0.235
144.62,1,0.259
144.63,1,0.226
144.64,1,0.213
144.65,1,0.143
144.66,1,0.095
144.67,1,0.081
144.68,1,0.074
144.69,1,0.068
144.70,1,0.064
144.71,1,0.062
144.72,1,0.067
144.73,1,0.065
144.74,1,0.065
144.75,1,0.070
144.76,1,0.079
144.77,1,0.083
144.78,1,0.084
144.79,1,0.080
144.80,1,0.081
144.81,1,0.084
144.82,1,0.091
144.83,1,0.093
144.84,1,0.087
144.85,1,0.092
144.86,1,0.089
144.87,1,0.089
144.88,1,0.122
144.89,1,0.194
144.90,1,0.231
144.91,1,0.321
144.92,1,0.660
144.93,1,0.864
144.94,1,1.044
144.95,1,1.185
144.96,1,1.217
144.97,1,1.367
144.98,1,1.867
144.99,1,1.521
145.00,1,1.330
145.01,1,0.704
145.02,1,0.206
145.03,1,0.110
145.04,1,0.071
145.05,1,0.051
145.06,1,0.049
145.07,1,0.053
145.08,1,0.060
145.09,1,0.078
145.10,1,0.094
145.11,1,0.118
145.12,1,0.125
145.13,1,0.127
145.14,1,0.121
145.15,1,0.120
145.16,1,0.114
145.17,1,0.115
145.18,1,0.109
145.19,1,0.105
145.20,1,0.102
145.21,1,0.104
145.22,1,0.120
145.23,1,0.139
145.24,1,0.153
145.25,1,0.167
145.26,1,0.179
145.27,1,0.173
145.28,1,0.171
145.29,1,0.177
145.30,1,0.182
145.31,1,0.191
145.32,1,0.235
145.33,1,0.286
145.34,1,0.392
145.35,1,0.749
145.36,1,1.474
145.37,1,1.424
145.38,1,0.643
145.39,1,0.365
145.40,1,0.203
145.41,1,0.106
145.42,1,0.076
145.43,1,0.068
145.44,1,0.080
145.45,1,0.093
145.46,1,0.101
145.47,1,0.108
145.48,1,0.109
145.49,1,0.094
145.50,1,0.085
145.51,1,0.089
145.52,1,0.103
145.53,1,0.110
145.54,1,0.103
145.55,1,0.104
145.56,1,0.098
145.57,1,0.086
145.58,1,0.080
145.59,1,0.078
145.60,1,0.076
145.61,1,0.078
145.62,1,0.083
145.63,1,0.088
145.64,1,0.093
145.65,1,0.099
145.66,1,0.108
145.67,1,0.121
145.68,1,0.113
145.69,1,0.069
145.70,1,0.049
145.71,1,0.049
145.72,1,0.069
145.73,1,0.081
145.74,1,0.090
145.75,1,0.103
145.76,1,0.120
145.77,1,0.104
145.78,1,0.098
145.79,1,0.089
145.80,1,0.084
145.81,1,0.082
145.82,1,0.078
145.83,1,0.071
145.84,1,0.071
145.85,1,0.079
145.86,1,0.093
145.87,1,0.095
145.88,1,0.094
145.89,1,0.092
145.90,1,0.087
145.91,1,0.095
145.92,1,0.110
145.93,1,0.146
145.94,1,0.286
145.95,1,0.362
145.96,1,0.216
145.97,1,0.089
145.98,1,0.060
145.99,1,0.059
146.00,1,0.055
146.01,1,0.053
146.02,1,0.061
146.03,1,0.072
146.04,1,0.080
146.05,1,0.143
146.06,1,0.249
146.07,1,0.488
146.08,1,0.645
146.09,1,0.469
146.10,1,0.220
146.11,1,0.144
146.12,1,0.124
146.13,1,0.106
146.14,1,0.094
146.15,1,0.088
146.16,1,0.059
146.17,1,0.052
146.18,1,0.055
146.19,1,0.060
146.20,1,0.076
146.21,1,0.090
146.22,1,0.098
146.23,1,0.105
146.24,1,0.105
146.25,1,0.102
146.26,1,0.103
146.27,1,0.111
146.28,1,0.128
146.29,1,0.140
146.30,1,0.194
146.31,1,0.261
146.32,1,0.103
146.33,1,0.049
146.34,1,0.044
146.35,1,0.043
146.36,1,0.047
146.37,1,0.061
146.38,1,0.076
146.39,1,0.078
146.40,1,0.077
146.41,1,0.073
146.42,1,0.067
146.43,1,0.073
146.44,1,0.079
146.45,1,0.087
146.46,1,0.090
146.47,1,0.087
146.48,1,0.081
146.49,1,0.076
146.50,1,0.066
146.51,1,0.067
146.52,1,0.063
146.53,1,0.061
146.54,1,0.061
146.55,1,0.064
146.56,1,0.069
146.57,1,0.072
146.58,1,0.072
146.59,1,0.076
146.60,1,0.076
146.61,1,0.071
146.62,1,0.086
146.63,1,0.116
146.64,1,0.146
146.65,1,0.168
146.66,1,0.178
146.67,1,0.190
146.68,1,0.179
146.69,1,0.167
146.70,1,0.124
146.71,1,0.106
146.72,1,0.098
146.73,1,0.095
146.74,1,0.094
146.75,1,0.123
146.76,1,0.151
146.77,1,0.125
146.78,1,0.073
146.79,1,0.057
146.80,1,0.051
146.81,1,0.057
146.82,1,0.064
146.83,1,0.070
146.84,1,0.074
146.85,1,0.073
146.86,1,0.067
146.87,1,0.073
146.88,1,0.075
146.89,1,0.078
146.90,1,0.084
146.91,1,0.086
146.92,1,0.076
146.93,1,0.084
146.94,1,0.097
146.95,1,0.093
146.96,1,0.081
146.97,1,0.071
146.98,1,0.053
146.99,1,0.044
147.00,1,0.038
147.01,1,0.033
147.02,1,0.033
147.03,1,0.037
147.04,1,0.042
147.05,1,0.046
147.06,1,0.057
147.07,1,0.054
147.08,1,0.062
147.09,1,0.063
147.10,1,0.061
147.11,1,0.091
147.12,1,0.128
147.13,1,0.151
147.14,1,0.175
147.15,1,0.215
147.16,1,0.228
147.17,1,0.250
147.18,1,0.333
147.19,1,0.581
147.20,1,0.509
147.21,1,0.279
147.22,1,0.253
147.23,1,0.182
147.24,1,0.118
147.25,1,0.075
147.26,1,0.059
147.27,1,0.060
147.28,1,0.062
147.29,1,0.063
147.30,1,0.073
147.31,1,0.082
147.32,1,0.075
147.33,1,0.077
147.34,1,0.084
147.35,1,0.095
147.36,1,0.105
147.37,1,0.114
147.38,1,0.119
147.39,1,0.121
147.40,1,0.121
147.41,1,0.124
147.42,1,0.116
147.43,1,0.118
147.44,1,0.109
147.45,1,0.095
147.46,1,0.098
147.47,1,0.096
147.48,1,0.096
147.49,1,0.092
147.50,1,0.091
147.51,1,0.089
147.52,1,0.085
147.53,1,0.084
147.54,1,0.088
147.55,1,0.092
147.56,1,0.095
147.57,1,0.088
147.58,1,0.089
147.59,1,0.089
147.60,1,0.105
147.61,1,0.104
147.62,1,0.099
147.63,1,0.085
147.64,1,0.080
147.65,1,0.070
147.66,1,0.074
147.67,1,0.083
147.68,1,0.089
147.69,1,0.094
147.70,1,0.107
147.71,1,0.113
147.72,1,0.115
147.73,1,0.125
147.74,1,0.120
147.75,1,0.109
147.76,1,0.098
147.77,1,0.090
147.78,1,0.078
147.79,1,0.084
147.80,1,0.102
147.81,1,0.127
147.82,1,0.141
147.83,1,0.152
147.84,1,0.152
147.85,1,0.146
147.86,1,0.133
147.87,1,0.123
147.88,1,0.116
147.89,1,0.108
147.90,1,0.104
147.91,1,0.109
147.92,1,0.120
147.93,1,0.126
147.94,1,0.128
147.95,1,0.128
147.96,1,0.149
147.97,1,0.187
147.98,1,0.287
147.99,1,0.414
148.00,1,0.580
148.01,1,0.649
148.02,1,0.720
148.03,1,0.789
148.04,1,0.872
148.05,1,1.008
148.06,1,1.043
148.07,1,0.973
148.08,1,0.971
148.09,1,0.998
148.10,0,
148.11,0,
148.12,0,
148.13,0,
148.14,0,
148.15,0,
148.16,0,
148.17,0,
148.18,0,
148.19,0,
148.20,0,
148.21,0,
148.22,0,
148.23,0,
148.24,0,
148.25,0,
148.26,0,
148.27,0,
148.28,0,
148.29,0,
148.30,0,
148.31,0,
148.32,0,
148.33,0,
148.34,0,
148.35,0,
148.36,0,
148.37,0,
148.38,1,0.451
148.39,1,0.438
148.40,1,0.572
148.41,1,0.727
148.42,1,0.882
148.43,1,0.992
148.44,1,1.180
148.45,1,0.749
148.46,1,0.241
148.47,1,0.137
148.48,1,0.059
148.49,1,0.046
148.50,1,0.039
148.51,1,0.036
148.52,1,0.037
148.53,1,0.041
148.54,1,0.040
148.55,1,0.042
148.56,1,0.045
148.57,1,0.045
148.58,1,0.047
148.59,1,0.056
148.60,1,0.065
148.61,1,0.067
148.62,1,0.073
148.63,1,0.084
148.64,1,0.093
148.65,1,0.111
148.66,1,0.139
148.67,1,0.169
148.68,1,0.245
148.69,1,0.241
148.70,1,0.181
148.71,1,0.087
148.72,1,0.060
148.73,1,0.047
148.74,1,0.042
148.75,1,0.040
148.76,1,0.049
148.77,1,0.063
148.78,1,0.081
148.79,1,0.097
148.80,1,0.108
148.81,1,0.117
148.82,1,0.121
148.83,1,0.126
148.84,1,0.131
148.85,1,0.136
148.86,1,0.140
148.87,1,0.155
148.88,1,0.161
148.89,1,0.172
148.90,1,0.170
148.91,1,0.162
148.92,1,0.119
148.93,1,0.072
148.94,1,0.060
148.95,1,0.055
148.96,1,0.063
148.97,1,0.078
148.98,1,0.091
148.99,1,0.116
149.00,1,0.140
149.01,1,0.167
149.02,1,0.289
149.03,1,0.500
149.04,1,0.526
149.05,1,0.864
149.06,1,0.965
149.07,1,0.738
149.08,1,0.166
149.09,1,0.104
149.10,1,0.084
149.11,1,0.082
149.12,1,0.069
149.13,1,0.065
149.14,1,0.064
149.15,1,0.064
149.16,1,0.062
149.17,1,0.067
149.18,1,0.073
149.19,1,0.075
149.20,1,0.078
149.21,1,0.079
149.22,1,0.077
149.23,1,0.076
149.24,1,0.073
149.25,1,0.073
149.26,1,0.074
149.27,1,0.073
149.28,1,0.073
149.29,1,0.081
149.30,1,0.098
149.31,1,0.113
149.32,1,0.148
149.33,1,0.198
149.34,1,0.266
149.35,1,0.288
149.36,1,0.318
149.37,1,0.344
149.38,1,0.400
149.39,1,0.611
149.40,1,0.731
149.41,1,0.749
149.42,1,0.829
149.43,1,0.932
149.44,1,1.003
149.45,0,
149.46,0,
149.47,0,
149.48,0,
149.49,0,
149.50,0,
149.51,0,
149.52,0,
149.53,0,
149.54,0,
149.55,0,
149.56,0,
149.57,0,
149.58,0,
149.59,0,
149.60,0,
149.61,0,
149.62,0,
149.63,0,
149.64,0,
149.65,0,
149.66,0,
149.67,0,
149.68,0,
149.69,0,
149.70,0,
149.71,0,
149.72,0,
149.73,0,
149.74,0,
149.75,0,
149.76,0,
149.77,0,
149.78,0,
149.79,0,
149.80,0,
149.81,0,
149.82,0,
149.83,0,
149.84,0,
149.85,0,
149.86,0,
149.87,0,
149.88,0,
149.89,0,
149.90,0,
149.91,0,
149.92,0,
149.93,0,
149.94,0,
149.95,0,
149.96,0,
149.97,1,0.184
149.98,1,0.087
149.99,1,0.071
150.00,1,0.058
150.01,1,0.068
150.02,1,0.068
150.03,1,0.079
150.04,1,0.096
150.05,1,0.100
150.06,1,0.101
150.07,1,0.111
150.08,1,0.125
150.09,1,0.149
150.10,1,0.210
150.11,1,0.361
150.12,1,0.434
150.13,1,0.526
150.14,1,0.558
150.15,1,0.484
150.16,1,0.410
150.17,1,0.185
150.18,1,0.077
150.19,1,0.051
150.20,1,0.040
150.21,1,0.043
150.22,1,0.043
150.23,1,0.050
150.24,1,0.078
150.25,1,0.111
150.26,1,0.124
150.27,1,0.131
150.28,1,0.131
150.29,1,0.107
150.30,1,0.095
150.31,1,0.096
150.32,1,0.094
150.33,1,0.086
150.34,1,0.083
150.35,1,0.086
150.36,1,0.087
150.37,1,0.077
150.38,1,0.070
150.39,1,0.066
150.40,1,0.059
150.41,1,0.061
150.42,1,0.066
150.43,1,0.069
150.44,1,0.071
150.45,1,0.083
150.46,1,0.095
150.47,1,0.106
150.48,1,0.133
150.49,1,0.150
150.50,1,0.164
150.51,1,0.204
150.52,1,0.385
150.53,1,0.283
150.54,1,0.119
150.55,1,0.074
150.56,1,0.072
150.57,1,0.064
150.58,1,0.063
150.59,1,0.070
150.60,1,0.078
150.61,1,0.090
150.62,1,0.105
150.63,1,0.122
150.64,1,0.125
150.65,1,0.127
150.66,1,0.129
150.67,1,0.115
150.68,1,0.100
150.69,1,0.102
150.70,1,0.097
150.71,1,0.093
150.72,1,0.087
150.73,1,0.084
150.74,1,0.071
150.75,1,0.062
150.76,1,0.063
150.77,1,0.059
150.78,1,0.073
150.79,1,0.093
150.80,1,0.095
150.81,1,0.089
150.82,1,0.076
150.83,1,0.062
150.84,1,0.053
150.85,1,0.052
150.86,1,0.054
150.87,1,0.072
150.88,1,0.080
150.89,1,0.090
150.90,1,0.092
150.91,1,0.087
150.92,1,0.083
150.93,1,0.085
150.94,1,0.085
150.95,1,0.085
150.96,1,0.091
150.97,1,0.089
150.98,1,0.087
150.99,1,0.102
151.00,1,0.122
151.01,1,0.146
151.02,1,0.198
151.03,1,0.235
151.04,1,0.193
151.05,1,0.164
151.06,1,0.161
151.07,1,0.157
151.08,1,0.150
151.09,1,0.139
151.10,1,0.071
151.11,1,0.050
151.12,1,0.053
151.13,1,0.054
151.14,1,0.055
151.15,1,0.070
151.16,1,0.086
151.17,1,0.099
151.18,1,0.112
151.19,1,0.128
151.20,1,0.136
151.21,1,0.128
151.22,1,0.123
151.23,1,0.137
151.24,1,0.159
151.25,1,0.193
151.26,1,0.231
151.27,1,0.169
151.28,1,0.079
151.29,1,0.055
151.30,1,0.042
151.31,1,0.039
151.32,1,0.041
151.33,1,0.043
151.34,1,0.057
151.35,1,0.065
151.36,1,0.078
151.37,1,0.082
151.38,1,0.100
151.39,1,0.100
151.40,1,0.109
151.41,1,0.103
151.42,1,0.094
151.43,1,0.081
151.44,1,0.072
151.45,1,0.070
151.46,1,0.070
151.47,1,0.093
151.48,1,0.113
151.49,1,0.117
151.50,1,0.126
151.51,1,0.127
151.52,1,0.129
151.53,1,0.136
151.54,1,0.138
151.55,1,0.151
151.56,1,0.159
151.57,1,0.165
151.58,1,0.182
151.59,1,0.206
151.60,1,0.261
151.61,1,0.447
151.62,1,0.499
151.63,1,0.420
151.64,1,0.193
151.65,1,0.070
151.66,1,0.057
151.67,1,0.051
151.68,1,0.047
151.69,1,0.044
151.70,1,0.045
151.71,1,0.044
151.72,1,0.048
151.73,1,0.051
151.74,1,0.060
151.75,1,0.069
151.76,1,0.074
151.77,1,0.082
151.78,1,0.082
151.79,1,0.074
151.80,1,0.075
151.81,1,0.078
151.82,1,0.073
151.83,1,0.074
151.84,1,0.063
151.85,1,0.055
151.86,1,0.059
151.87,1,0.058
151.88,1,0.060
151.89,1,0.064
151.90,1,0.067
151.91,1,0.065
151.92,1,0.072
151.93,1,0.089
151.94,1,0.097
151.95,1,0.104
151.96,1,0.125
151.97,1,0.127
151.98,1,0.107
151.99,1,0.099
152.00,1,0.091
152.01,1,0.095
152.02,1,0.079
152.03,1,0.078
152.04,1,0.076
152.05,1,0.080
152.06,1,0.093
152.07,1,0.095
152.08,1,0.100
152.09,1,0.105
152.10,1,0.102
152.11,1,0.102
152.12,1,0.107
152.13,1,0.109
152.14,1,0.111
152.15,1,0.110
152.16,1,0.110
152.17,1,0.110
152.18,1,0.106
152.19,1,0.104
152.20,1,0.103
152.21,1,0.098
152.22,1,0.109
152.23,1,0.107
152.24,1,0.097
152.25,1,0.093
152.26,1,0.085
152.27,1,0.073
152.28,1,0.077
152.29,1,0.090
152.30,1,0.095
152.31,1,0.094
152.32,1,0.092
152.33,1,0.091
152.34,1,0.088
152.35,1,0.091
152.36,1,0.097
152.37,1,0.103
152.38,1,0.111
152.39,1,0.118
152.40,1,0.123
152.41,1,0.131
152.42,1,0.126
152.43,1,0.117
152.44,1,0.110
152.45,1,0.115
152.46,1,0.125
152.47,1,0.138
152.48,1,0.153
152.49,1,0.165
152.50,1,0.168
152.51,1,0.167
152.52,1,0.166
152.53,1,0.165
152.54,1,0.158
152.55,1,0.151
152.56,1,0.151
152.57,1,0.154
152.58,1,0.160
152.59,1,0.164
152.60,1,0.158
152.61,1,0.140
152.62,1,0.122
152.63,1,0.107
152.64,1,0.102
152.65,1,0.111
152.66,1,0.127
152.67,1,0.138
152.68,1,0.143
152.69,1,0.144
152.70,1,0.140
152.71,1,0.132
152.72,1,0.131
152.73,1,0.141
152.74,1,0.176
152.75,1,0.246
152.76,1,0.353
152.77,1,0.541
152.78,1,0.909
152.79,1,1.328
152.80,1,1.143
152.81,1,0.872
152.82,1,0.793
152.83,1,0.889
152.84,1,0.981
152.85,1,1.011
152.86,1,1.030
152.87,1,1.034
152.88,1,0.941
152.89,1,0.836
152.90,1,0.807
152.91,1,0.493
152.92,1,0.383
152.93,1,0.104
152.94,1,0.049
152.95,1,0.036
152.96,1,0.033
152.97,1,0.038
152.98,1,0.049
152.99,1,0.067
153.00,1,0.094
153.01,1,0.118
153.02,1,0.139
153.03,1,0.150
153.04,1,0.152
153.05,1,0.136
153.06,1,0.121
153.07,1,0.102
153.08,1,0.103
153.09,1,0.125
153.10,1,0.184
153.11,1,0.179
153.12,1,0.150
153.13,1,0.129
153.14,1,0.109
153.15,1,0.086
153.16,1,0.080
153.17,1,0.089
153.18,1,0.093
153.19,1,0.097
153.20,1,0.117
153.21,1,0.129
153.22,1,0.127
153.23,1,0.172
153.24,1,0.272
153.25,1,0.718
153.26,1,0.793
153.27,1,1.323
153.28,1,1.193
153.29,1,0.961
153.30,1,0.923
153.31,1,0.734
153.32,1,0.439
153.33,1,0.161
153.34,1,0.089
153.35,1,0.048
153.36,1,0.039
153.37,1,0.040
153.38,1,0.050
153.39,1,0.060
153.40,1,0.073
153.41,1,0.098
153.42,1,0.110
153.43,1,0.108
153.44,1,0.110
153.45,1,0.104
153.46,1,0.089
153.47,1,0.086
153.48,1,0.098
153.49,1,0.099
153.50,1,0.106
153.51,1,0.111
153.52,1,0.116
153.53,1,0.128
153.54,1,0.145
153.55,1,0.153
153.56,1,0.166
153.57,1,0.187
153.58,1,0.189
153.59,1,0.172
153.60,1,0.165
153.61,1,0.144
153.62,1,0.115
153.63,1,0.106
153.64,1,0.107
153.65,1,0.108
153.66,1,0.135
153.67,1,0.182
153.68,1,0.260
153.69,1,0.442
153.70,1,0.735
153.71,1,1.159
153.72,1,1.503
153.73,1,1.922
153.74,1,2.161
153.75,1,1.868
153.76,1,1.693
153.77,1,1.539
153.78,1,1.505
153.79,1,1.487
153.80,1,1.401
153.81,1,1.277
153.82,1,1.227
153.83,1,1.261
153.84,1,1.335
153.85,1,1.431
153.86,1,1.417
153.87,1,1.434
153.88,0,
153.89,0,
153.90,0,
153.91,0,
153.92,0,
153.93,0,
153.94,0,
153.95,0,
153.96,0,
153.97,0,
153.98,0,
153.99,0,
154.00,0,
154.01,0,
154.02,0,
154.03,0,
154.04,0,
154.05,0,
154.06,0,
154.07,0,
154.08,0,
154.09,0,
154.10,0,
154.11,0,
154.12,0,
154.13,0,
154.14,0,
154.15,0,
154.16,0,
154.17,0,
154.18,0,
154.19,0,
154.20,0,
154.21,0,
154.22,0,
154.23,0,
154.24,0,
154.25,0,
154.26,0,
154.27,0,
154.28,0,
154.29,0,
154.30,1,1.324
154.31,1,1.271
154.32,1,1.177
154.33,1,0.843
154.34,1,0.511
154.35,1,0.443
154.36,1,0.430
154.37,1,0.404
154.38,1,0.395
154.39,1,0.371
154.40,1,0.321
154.41,1,0.335
154.42,1,0.306
154.43,1,0.301
154.44,1,0.306
154.45,1,0.301
154.46,1,0.331
154.47,1,0.358
154.48,1,0.363
154.49,1,0.381
154.50,1,0.376
154.51,1,0.370
154.52,1,0.346
154.53,1,0.353
154.54,1,0.395
154.55,1,0.361
154.56,1,0.355
154.57,1,0.360
154.58,1,0.351
154.59,1,0.316
154.60,1,0.259
154.61,1,0.221
154.62,1,0.229
154.63,1,0.267
154.64,1,0.271
154.65,1,0.292
154.66,1,0.311
154.67,1,0.303
154.68,1,0.290
154.69,1,0.304
154.70,1,0.370
154.71,1,0.422
154.72,1,0.474
154.73,1,0.864
154.74,1,1.023
154.75,1,0.856
154.76,1,0.742
154.77,1,0.453
154.78,1,0.417
154.79,1,0.380
154.80,1,0.293
154.81,1,0.283
154.82,1,0.253
154.83,1,0.248
154.84,1,0.234
154.85,1,0.227
154.86,1,0.222
154.87,1,0.224
154.88,1,0.243
154.89,1,0.241
154.90,1,0.238
154.91,1,0.307
154.92,1,0.318
154.93,1,0.306
154.94,1,0.318
154.95,1,0.301
154.96,1,0.279
154.97,1,0.300
154.98,1,0.289
154.99,1,0.259
155.00,1,0.242
155.01,1,0.244
155.02,1,0.263
155.03,1,0.288
155.04,1,0.332
155.05,1,0.367
155.06,1,0.385
155.07,1,0.380
155.08,1,0.400
155.09,1,0.384
155.10,1,0.389
155.11,1,0.404
155.12,1,0.417
155.13,1,0.425
155.14,1,0.412
155.15,1,0.427
155.16,1,0.390
155.17,1,0.381
155.18,1,0.363
155.19,1,0.350
155.20,1,0.325
155.21,1,0.307
155.22,1,0.272
155.23,1,0.276
155.24,1,0.293
155.25,1,0.288
155.26,1,0.284
155.27,1,0.265
155.28,1,0.229
155.29,1,0.197
155.30,1,0.171
155.31,1,0.200
155.32,1,0.221
155.33,1,0.231
155.34,1,0.256
155.35,1,0.248
155.36,1,0.249
155.37,1,0.267
155.38,1,0.282
155.39,1,0.309
155.40,1,0.356
155.41,1,0.375
155.42,1,0.360
155.43,1,0.343
155.44,1,0.315
155.45,1,0.280
155.46,1,0.267
155.47,1,0.281
155.48,1,0.261
155.49,1,0.263
155.50,1,0.250
155.51,1,0.243
155.52,1,0.251
155.53,1,0.254
155.54,1,0.272
155.55,1,0.269
155.56,1,0.271
155.57,1,0.256
155.58,1,0.280
155.59,1,0.321
155.60,1,0.380
155.61,1,0.474
155.62,1,0.525
155.63,1,0.422
155.64,1,0.338
155.65,1,0.266
155.66,1,0.237
155.67,1,0.233
155.68,1,0.222
155.69,1,0.231
155.70,1,0.208
155.71,1,0.214
155.72,1,0.222
155.73,1,0.258
155.74,1,0.257
155.75,1,0.274
155.76,1,0.290
155.77,1,0.304
155.78,1,0.337
155.79,1,0.346
155.80,1,0.345
155.81,1,0.350
155.82,1,0.289
155.83,1,0.267
155.84,1,0.252
155.85,1,0.266
155.86,1,0.282
155.87,1,0.313
155.88,1,0.319
155.89,1,0.335
155.90,1,0.286
155.91,1,0.278
155.92,1,0.242
155.93,1,0.231
155.94,1,0.232
155.95,1,0.249
155.96,1,0.259
155.97,1,0.276
155.98,1,0.260
155.99,1,0.231
156.00,1,0.190
156.01,1,0.170
156.02,1,0.203
156.03,1,0.219
156.04,1,0.214
156.05,1,0.193
156.06,1,0.170
156.07,1,0.139
156.08,1,0.155
156.09,1,0.176
156.10,1,0.225
156.11,1,0.297
156.12,1,0.350
156.13,1,0.369
156.14,1,0.364
156.15,1,0.312
156.16,1,0.242
156.17,1,0.235
156.18,1,0.241
156.19,1,0.227
156.20,1,0.210
156.21,1,0.222
156.22,1,0.217
156.23,1,0.226
156.24,1,0.240
156.25,1,0.229
156.26,1,0.218
156.27,1,0.214
156.28,1,0.203
156.29,1,0.207
156.30,1,0.230
156.31,1,0.232
156.32,1,0.221
156.33,1,0.228
156.34,1,0.240
156.35,1,0.237
156.36,1,0.267
156.37,1,0.381
156.38,1,0.501
156.39,1,0.603
156.40,1,0.550
156.41,1,0.467
156.42,1,0.387
156.43,1,0.364
156.44,1,0.329
156.45,1,0.260
156.46,1,0.302
156.47,1,0.338
156.48,1,0.345
156.49,1,0.334
156.50,1,0.330
156.51,1,0.309
156.52,1,0.251
156.53,1,0.234
156.54,1,0.227
156.55,1,0.210
156.56,1,0.216
156.57,1,0.222
156.58,1,0.242
156.59,1,0.241
156.60,1,0.232
156.61,1,0.242
156.62,1,0.231
156.63,1,0.240
156.64,1,0.276
156.65,1,0.279
156.66,1,0.265
156.67,1,0.248
156.68,1,0.253
156.69,1,0.250
156.70,1,0.258
156.71,1,0.307
156.72,1,0.371
156.73,1,0.402
156.74,1,0.478
156.75,1,0.703
156.76,1,0.791
156.77,1,0.864
156.78,1,0.991
156.79,1,0.486
156.80,1,0.358
156.81,1,0.301
156.82,1,0.247
156.83,1,0.265
156.84,1,0.250
156.85,1,0.255
156.86,1,0.274
156.87,1,0.262
156.88,1,0.240
156.89,1,0.233
156.90,1,0.220
156.91,1,0.222
156.92,1,0.242
156.93,1,0.274
156.94,1,0.293
156.95,1,0.287
156.96,1,0.264
156.97,1,0.246
156.98,1,0.243
156.99,1,0.259
157.00,1,0.293
157.01,1,0.304
157.02,1,0.340
157.03,1,0.365
157.04,1,0.368
157.05,1,0.372
157.06,1,0.303
157.07,1,0.261
157.08,1,0.222
157.09,1,0.204
157.10,1,0.211
157.11,1,0.283
157.12,1,0.322
157.13,1,0.340
157.14,1,0.344
157.15,1,0.342
157.16,1,0.319
157.17,1,0.297
157.18,1,0.308
157.19,1,0.287
157.20,1,0.306
157.21,1,0.356
157.22,1,0.379
157.23,1,0.413
157.24,1,0.422
157.25,1,0.367
157.26,1,0.346
157.27,1,0.318
157.28,1,0.367
157.29,1,0.484
157.30,1,0.620
157.31,1,0.823
157.32,1,0.957
157.33,1,0.551
157.34,1,0.305
157.35,1,0.201
157.36,1,0.193
157.37,1,0.204
157.38,1,0.207
157.39,1,0.197
157.40,1,0.204
157.41,1,0.228
157.42,1,0.239
157.43,1,0.247
157.44,1,0.286
157.45,1,0.289
157.46,1,0.258
157.47,1,0.236
157.48,1,0.226
157.49,1,0.246
157.50,1,0.263
157.51,1,0.325
157.52,1,0.387
157.53,1,0.399
157.54,1,0.376
157.55,1,0.311
157.56,1,0.285
157.57,1,0.262
157.58,1,0.259
157.59,1,0.266
157.60,1,0.259
157.61,1,0.224
157.62,1,0.208
157.63,1,0.201
157.64,1,0.194
157.65,1,0.196
157.66,1,0.202
157.67,1,0.231
157.68,1,0.240
157.69,1,0.220
157.70,1,0.198
157.71,1,0.180
157.72,1,0.147
157.73,1,0.148
157.74,1,0.180
157.75,1,0.205
157.76,1,0.221
157.77,1,0.257
157.78,1,0.294
157.79,1,0.300
157.80,1,0.311
157.81,1,0.343
157.82,1,0.301
157.83,1,0.287
157.84,1,0.287
157.85,1,0.278
157.86,1,0.277
157.87,1,0.327
157.88,1,0.362
157.89,1,0.330
157.90,1,0.274
157.91,1,0.277
157.92,1,0.247
157.93,1,0.249
157.94,1,0.268
157.95,1,0.255
157.96,1,0.238
157.97,1,0.242
157.98,1,0.236
157.99,1,0.230
158.00,1,0.256
158.01,1,0.316
158.02,1,0.342
158.03,1,0.338
158.04,1,0.352
158.05,1,0.329
158.06,1,0.292
158.07,1,0.278
158.08,1,0.281
158.09,1,0.286
158.10,1,0.296
158.11,1,0.279
158.12,1,0.274
158.13,1,0.288
158.14,1,0.327
158.15,1,0.421
158.16,1,0.553
158.17,1,0.649
158.18,1,0.880
158.19,1,1.030
158.20,1,0.864
158.21,1,0.747
158.22,1,0.622
158.23,1,0.481
158.24,1,0.372
158.25,1,0.327
158.26,1,0.295
158.27,1,0.282
158.28,1,0.249
158.29,1,0.237
158.30,1,0.216
158.31,1,0.177
158.32,1,0.185
158.33,1,0.213
158.34,1,0.228
158.35,1,0.252
158.36,1,0.306
158.37,1,0.330
158.38,1,0.326
158.39,1,0.323
158.40,1,0.313
158.41,1,0.286
158.42,1,0.278
158.43,1,0.311
158.44,1,0.323
158.45,1,0.332
158.46,1,0.356
158.47,1,0.345
158.48,1,0.336
158.49,1,0.308
158.50,1,0.298
158.51,1,0.299
158.52,1,0.275
158.53,1,0.270
158.54,1,0.273
158.55,1,0.301
158.56,1,0.327
158.57,1,0.344
158.58,1,0.357
158.59,1,0.385
158.60,1,0.359
158.61,1,0.292
158.62,1,0.287
158.63,1,0.281
158.64,1,0.249
158.65,1,0.245
158.66,1,0.246
158.67,1,0.266
158.68,1,0.266
158.69,1,0.283
158.70,1,0.286
158.71,1,0.266
158.72,1,0.241
158.73,1,0.244
158.74,1,0.239
158.75,1,0.252
158.76,1,0.278
158.77,1,0.278
158.78,1,0.281
158.79,1,0.254
158.80,1,0.240
158.81,1,0.224
158.82,1,0.231
158.83,1,0.239
158.84,1,0.255
158.85,1,0.274
158.86,1,0.265
158.87,1,0.242
158.88,1,0.236
158.89,1,0.233
158.90,1,0.230
158.91,1,0.246
158.92,1,0.228
158.93,1,0.213
158.94,1,0.205
158.95,1,0.191
158.96,1,0.180
158.97,1,0.166
158.98,1,0.184
158.99,1,0.182
159.00,1,0.203
159.01,1,0.226
159.02,1,0.250
159.03,1,0.256
159.04,1,0.275
159.05,1,0.274
159.06,1,0.289
159.07,1,0.284
159.08,1,0.242
159.09,1,0.239
159.10,1,0.222
159.11,1,0.227
159.12,1,0.242
159.13,1,0.248
159.14,1,0.233
159.15,1,0.232
159.16,1,0.232
159.17,1,0.221
159.18,1,0.222
159.19,1,0.221
159.20,1,0.241
159.21,1,0.238
159.22,1,0.219
159.23,1,0.217
159.24,1,0.216
159.25,1,0.218
159.26,1,0.241
159.27,1,0.265
159.28,1,0.313
159.29,1,0.340
159.30,1,0.346
159.31,1,0.332
159.32,1,0.307
159.33,1,0.284
159.34,1,0.296
159.35,1,0.292
159.36,1,0.348
159.37,1,0.331
159.38,1,0.242
159.39,1,0.199
159.40,1,0.181
159.41,1,0.180
159.42,1,0.182
159.43,1,0.196
159.44,1,0.200
159.45,1,0.208
159.46,1,0.226
159.47,1,0.227
159.48,1,0.230
159.49,1,0.226
159.50,1,0.248
159.51,1,0.235
159.52,1,0.233
159.53,1,0.211
159.54,1,0.222
159.55,1,0.238
159.56,1,0.253
159.57,1,0.252
159.58,1,0.253
159.59,1,0.248
159.60,1,0.232
159.61,1,0.207
159.62,1,0.208
159.63,1,0.185
159.64,1,0.160
159.65,1,0.157
159.66,1,0.157
159.67,1,0.157
159.68,1,0.203
159.69,1,0.253
159.70,1,0.275
159.71,1,0.269
159.72,1,0.261
159.73,1,0.243
159.74,1,0.212
159.75,1,0.222
159.76,1,0.231
159.77,1,0.205
159.78,1,0.165
159.79,1,0.165
159.80,1,0.168
159.81,1,0.192
159.82,1,0.229
159.83,1,0.277
159.84,1,0.308
159.85,1,0.321
159.86,1,0.298
159.87,1,0.283
159.88,1,0.279
159.89,1,0.298
159.90,1,0.306
159.91,1,0.324
159.92,1,0.327
159.93,1,0.310
159.94,1,0.274
159.95,1,0.224
159.96,1,0.195
159.97,1,0.193
159.98,1,0.221
159.99,1,0.249
160.00,1,0.285
160.01,1,0.314
160.02,1,0.328
160.03,1,0.272
160.04,1,0.216
160.05,1,0.208
160.06,1,0.216
160.07,1,0.230
160.08,1,0.242
160.09,1,0.246
160.10,1,0.261
160.11,1,0.250
160.12,1,0.239
160.13,1,0.238
160.14,1,0.259
160.15,1,0.307
160.16,1,0.325
160.17,1,0.345
160.18,1,0.374
160.19,1,0.384
160.20,1,0.386
160.21,1,0.433
160.22,1,0.572
160.23,1,0.514
160.24,1,0.356
160.25,1,0.313
160.26,1,0.265
160.27,1,0.270
160.28,1,0.264
160.29,1,0.260
160.30,1,0.222
160.31,1,0.153
160.32,1,0.124
160.33,1,0.137
160.34,1,0.162
160.35,1,0.171
160.36,1,0.200
160.37,1,0.230
160.38,1,0.252
160.39,1,0.241
160.40,1,0.257
160.41,1,0.259
160.42,1,0.238
160.43,1,0.234
160.44,1,0.224
160.45,1,0.233
160.46,1,0.275
160.47,1,0.304
160.48,1,0.334
160.49,1,0.319
160.50,1,0.313
160.51,1,0.283
160.52,1,0.269
160.53,1,0.293
160.54,1,0.298
160.55,1,0.333
160.56,1,0.334
160.57,1,0.338
160.58,1,0.322
160.59,1,0.301
160.60,1,0.262
160.61,1,0.265
160.62,1,0.269
160.63,1,0.262
160.64,1,0.274
160.65,1,0.300
160.66,1,0.334
160.67,1,0.317
160.68,1,0.340
160.69,1,0.336
160.70,1,0.331
160.71,1,0.301
160.72,1,0.298
160.73,1,0.301
160.74,1,0.326
160.75,1,0.342
160.76,1,0.336
160.77,1,0.309
160.78,1,0.257
160.79,1,0.230
160.80,1,0.227
160.81,1,0.236
160.82,1,0.277
160.83,1,0.450
160.84,1,0.676
160.85,1,0.398
160.86,1,0.259
160.87,1,0.242
160.88,1,0.233
160.89,1,0.227
160.90,1,0.264
160.91,1,0.254
160.92,1,0.264
160.93,1,0.269
160.94,1,0.282
160.95,1,0.284
160.96,1,0.294
160.97,1,0.287
160.98,1,0.255
160.99,1,0.217
161.00,1,0.215
161.01,1,0.217
161.02,1,0.237
161.03,1,0.213
161.04,1,0.220
161.05,1,0.207
161.06,1,0.207
161.07,1,0.202
161.08,1,0.227
161.09,1,0.240
161.10,1,0.293
161.11,1,0.388
161.12,1,0.446
161.13,1,0.528
161.14,1,0.548
161.15,1,0.489
161.16,1,0.581
161.17,1,0.703
161.18,1,0.814
161.19,1,0.885
161.20,1,0.962
161.21,1,1.002
161.22,1,0.930
161.23,1,1.086
161.24,1,1.142
161.25,1,0.988
161.26,1,1.050
161.27,1,0.966
161.28,1,0.803
161.29,1,0.807
161.30,1,0.875
161.31,1,0.889
161.32,1,1.012
161.33,1,1.172
161.34,1,1.038
161.35,1,1.057
161.36,1,0.571
161.37,1,0.562
161.38,1,0.326
161.39,1,0.291
161.40,1,0.321
161.41,1,0.398
161.42,1,0.417
161.43,1,0.424
161.44,1,0.424
161.45,1,0.416
161.46,1,0.391
161.47,1,0.400
161.48,1,0.417
161.49,1,0.382
161.50,1,0.370
161.51,1,0.389
161.52,1,0.432
161.53,1,0.462
161.54,1,0.494
161.55,1,0.557
161.56,1,0.540
161.57,1,0.504
161.58,1,0.498
161.59,1,0.510
161.60,1,0.455
161.61,1,0.457
161.62,1,0.419
161.63,1,0.409
161.64,1,0.370
161.65,1,0.347
161.66,1,0.344
161.67,1,0.358
161.68,1,0.373
161.69,1,0.409
161.70,1,0.404
161.71,1,0.393
161.72,1,0.349
161.73,1,0.288
161.74,1,0.276
161.75,1,0.258
161.76,1,0.236
161.77,1,0.239
161.78,1,0.216
161.79,1,0.188
161.80,1,0.178
161.81,1,0.184
161.82,1,0.181
161.83,1,0.182
161.84,1,0.193
161.85,1,0.216
161.86,1,0.228
161.87,1,0.240
161.88,1,0.286
161.89,1,0.299
161.90,1,0.308
161.91,1,0.365
161.92,1,0.375
161.93,1,0.385
161.94,1,0.387
161.95,1,0.438
161.96,1,0.322
161.97,1,0.237
161.98,1,0.214
161.99,1,0.223
162.00,1,0.248
162.01,1,0.287
162.02,1,0.287
162.03,1,0.308
162.04,1,0.294
162.05,1,0.280
162.06,1,0.264
162.07,1,0.279
162.08,1,0.283
162.09,1,0.298
162.10,1,0.295
162.11,1,0.273
162.12,1,0.272
162.13,1,0.259
162.14,1,0.253
162.15,1,0.226
162.16,1,0.195
162.17,1,0.188
162.18,1,0.179
162.19,1,0.165
162.20,1,0.183
162.21,1,0.187
162.22,1,0.169
162.23,1,0.174
162.24,1,0.173
162.25,1,0.180
162.26,1,0.233
162.27,1,0.438
162.28,1,0.554
162.29,1,0.977
162.30,1,1.018
162.31,1,0.581
162.32,1,0.380
162.33,1,0.270
162.34,1,0.190
162.35,1,0.160
162.36,1,0.180
162.37,1,0.202
162.38,1,0.246
162.39,1,0.274
162.40,1,0.274
162.41,1,0.278
162.42,1,0.258
162.43,1,0.215
162.44,1,0.211
162.45,1,0.207
162.46,1,0.212
162.47,1,0.218
162.48,1,0.229
162.49,1,0.251
162.50,1,0.262
162.51,1,0.266
162.52,1,0.276
162.53,1,0.276
162.54,1,0.282
162.55,1,0.273
162.56,1,0.290
162.57,1,0.279
162.58,1,0.299
162.59,1,0.277
162.60,1,0.291
162.61,1,0.272
162.62,1,0.287
162.63,1,0.259
162.64,1,0.303
162.65,1,0.319
162.66,1,0.341
162.67,1,0.337
162.68,1,0.320
162.69,1,0.331
162.70,1,0.360
162.71,1,0.384
162.72,1,0.424
162.73,1,0.488
162.74,1,0.520
162.75,1,0.551
162.76,1,0.650
162.77,1,0.757
162.78,1,0.862
162.79,1,0.828
162.80,1,0.750
162.81,1,0.730
162.82,1,0.780
162.83,1,0.730
162.84,1,0.785
162.85,1,0.669
162.86,1,0.383
162.87,1,0.371
162.88,1,0.361
162.89,1,0.459
162.90,1,0.343
162.91,1,0.319
162.92,1,0.349
162.93,1,0.342
162.94,1,0.300
162.95,1,0.394
162.96,1,0.387
162.97,1,0.367
162.98,1,0.387
162.99,1,0.454
163.00,1,0.475
163.01,1,0.427
163.02,1,0.450
163.03,1,0.441
163.04,1,0.397
163.05,1,0.475
163.06,1,0.504
163.07,1,0.503
163.08,1,0.522
163.09,1,0.636
163.10,1,0.573
163.11,1,0.554
163.12,1,0.542
163.13,1,0.540
163.14,1,0.516
163.15,1,0.518
163.16,1,0.485
163.17,1,0.473
163.18,1,0.514
163.19,1,0.477
163.20,1,0.410
163.21,1,0.405
163.22,1,0.359
163.23,1,0.280
163.24,1,0.280
163.25,1,0.293
163.26,1,0.273
163.27,1,0.293
163.28,1,0.333
163.29,1,0.319
163.30,1,0.289
163.31,1,0.297
163.32,1,0.286
163.33,1,0.282
163.34,1,0.307
163.35,1,0.322
163.36,1,0.290
163.37,1,0.286
163.38,1,0.267
163.39,1,0.243
163.40,1,0.261
163.41,1,0.303
163.42,1,0.340
163.43,1,0.337
163.44,1,0.330
163.45,1,0.310
163.46,1,0.292
163.47,1,0.261
163.48,1,0.256
163.49,1,0.258
163.50,1,0.251
163.51,1,0.233
163.52,1,0.224
163.53,1,0.236
163.54,1,0.236
163.55,1,0.253
163.56,1,0.270
163.57,1,0.291
163.58,1,0.307
163.59,1,0.331
163.60,1,0.342
163.61,1,0.270
163.62,1,0.211
163.63,1,0.183
163.64,1,0.158
163.65,1,0.163
163.66,1,0.157
163.67,1,0.160
163.68,1,0.159
163.69,1,0.174
163.70,1,0.171
163.71,1,0.218
163.72,1,0.303
163.73,1,0.363
163.74,1,0.357
163.75,1,0.331
163.76,1,0.289
163.77,1,0.211
163.78,1,0.169
163.79,1,0.147
163.80,1,0.136
163.81,1,0.114
163.82,1,0.111
163.83,1,0.131
163.84,1,0.143
163.85,1,0.181
163.86,1,0.212
163.87,1,0.239
163.88,1,0.247
163.89,1,0.254
163.90,1,0.266
163.91,1,0.270
163.92,1,0.282
163.93,1,0.278
163.94,1,0.246
163.95,1,0.243
163.96,1,0.254
163.97,1,0.249
163.98,1,0.298
163.99,1,0.321
164.00,1,0.347
164.01,1,0.369
164.02,1,0.389
164.03,1,0.406
164.04,1,0.406
164.05,1,0.398
164.06,1,0.384
164.07,1,0.355
164.08,1,0.335
164.09,1,0.300
164.10,1,0.239
164.11,1,0.247
164.12,1,0.247
164.13,1,0.251
164.14,1,0.251
164.15,1,0.284
164.16,1,0.287
164.17,1,0.293
164.18,1,0.279
164.19,1,0.271
164.20,1,0.287
164.21,1,0.321
164.22,1,0.357
164.23,1,0.371
164.24,1,0.355
164.25,1,0.322
164.26,1,0.258
164.27,1,0.237
164.28,1,0.232
164.29,1,0.248
164.30,1,0.304
164.31,1,0.339
164.32,1,0.329
164.33,1,0.351
164.34,1,0.337
164.35,1,0.319
164.36,1,0.329
164.37,1,0.360
164.38,1,0.378
164.39,1,0.388
164.40,1,0.454
164.41,1,0.474
164.42,1,0.468
164.43,1,0.454
164.44,1,0.397
164.45,1,0.339
164.46,1,0.301
164.47,1,0.268
164.48,1,0.257
164.49,1,0.256
164.50,1,0.270
164.51,1,0.268
164.52,1,0.260
164.53,1,0.261
164.54,1,0.223
164.55,1,0.191
164.56,1,0.195
164.57,1,0.202
164.58,1,0.216
164.59,1,0.239
164.60,1,0.272
164.61,1,0.293
164.62,1,0.285
164.63,1,0.313
164.64,1,0.331
164.65,1,0.332
164.66,1,0.346
164.67,1,0.467
164.68,1,0.548
164.69,1,0.511
164.70,1,0.466
164.71,1,0.378
164.72,1,0.295
164.73,1,0.255
164.74,1,0.247
164.75,1,0.220
164.76,1,0.201
164.77,1,0.188
164.78,1,0.180
164.79,1,0.178
164.80,1,0.175
164.81,1,0.175
164.82,1,0.189
164.83,1,0.208
164.84,1,0.250
164.85,1,0.361
164.86,1,0.534
164.87,1,0.739
164.88,1,0.897
164.89,1,0.624
164.90,1,0.462
164.91,1,0.333
164.92,1,0.273
164.93,1,0.254
164.94,1,0.228
164.95,1,0.246
164.96,1,0.250
164.97,1,0.250
164.98,1,0.261
164.99,1,0.273
165.00,1,0.262
165.01,1,0.288
165.02,1,0.290
165.03,1,0.312
165.04,1,0.310
165.05,1,0.318
165.06,1,0.250
165.07,1,0.230
165.08,1,0.208
165.09,1,0.172
165.10,1,0.170
165.11,1,0.212
165.12,1,0.245
165.13,1,0.281
165.14,1,0.341
165.15,1,0.357
165.16,1,0.345
165.17,1,0.343
165.18,1,0.297
165.19,1,0.335
165.20,1,0.380
165.21,1,0.476
165.22,1,0.483
165.23,1,0.634
165.24,1,0.504
165.25,1,0.280
165.26,1,0.197
165.27,1,0.165
165.28,1,0.156
165.29,1,0.180
165.30,1,0.193
165.31,1,0.209
165.32,1,0.261
165.33,1,0.288
165.34,1,0.292
165.35,1,0.319
165.36,1,0.323
165.37,1,0.280
165.38,1,0.267
165.39,1,0.255
165.40,1,0.254
165.41,1,0.271
165.42,1,0.261
165.43,1,0.257
165.44,1,0.247
165.45,1,0.231
165.46,1,0.247
165.47,1,0.243
165.48,1,0.257
165.49,1,0.254
165.50,1,0.238
165.51,1,0.258
165.52,1,0.262
165.53,1,0.278
165.54,1,0.301
165.55,1,0.312
165.56,1,0.279
165.57,1,0.272
165.58,1,0.264
165.59,1,0.258
165.60,1,0.248
165.61,1,0.270
165.62,1,0.275
165.63,1,0.263
165.64,1,0.262
165.65,1,0.264
165.66,1,0.276
165.67,1,0.304
165.68,1,0.335
165.69,1,0.339
165.70,1,0.341
165.71,1,0.344
165.72,1,0.328
165.73,1,0.280
165.74,1,0.264
165.75,1,0.243
165.76,1,0.215
165.77,1,0.216
165.78,1,0.236
165.79,1,0.245
165.80,1,0.270
165.81,1,0.271
165.82,1,0.272
165.83,1,0.243
165.84,1,0.233
165.85,1,0.242
165.86,1,0.267
165.87,1,0.255
165.88,1,0.253
165.89,1,0.255
165.90,1,0.237
165.91,1,0.219
165.92,1,0.231
165.93,1,0.237
165.94,1,0.238
165.95,1,0.250
165.96,1,0.277
165.97,1,0.304
165.98,1,0.321
165.99,1,0.360
166.00,1,0.398
166.01,1,0.425
166.02,1,0.611
166.03,1,0.868
166.04,1,0.873
166.05,1,0.853
166.06,1,0.814
166.07,1,0.792
166.08,1,0.774
166.09,1,0.727
166.10,1,0.562
166.11,1,0.431
166.12,1,0.330
166.13,1,0.259
166.14,1,0.266
166.15,1,0.204
166.16,1,0.158
166.17,1,0.132
166.18,1,0.125
166.19,1,0.117
166.20,1,0.114
166.21,1,0.132
166.22,1,0.150
166.23,1,0.168
166.24,1,0.208
166.25,1,0.235
166.26,1,0.257
166.27,1,0.283
166.28,1,0.296
166.29,1,0.326
166.30,1,0.359
166.31,1,0.394
166.32,1,0.379
166.33,1,0.277
166.34,1,0.278
166.35,1,0.288
166.36,1,0.279
166.37,1,0.295
166.38,1,0.318
166.39,1,0.297
166.40,1,0.298
166.41,1,0.315
166.42,1,0.331
166.43,1,0.328
166.44,1,0.364
166.45,1,0.365
166.46,1,0.353
166.47,1,0.340
166.48,1,0.319
166.49,1,0.244
166.50,1,0.206
166.51,1,0.182
166.52,1,0.168
166.53,1,0.177
166.54,1,0.218
166.55,1,0.276
166.56,1,0.294
166.57,1,0.283
166.58,1,0.304
166.59,1,0.282
166.60,1,0.246
166.61,1,0.262
166.62,1,0.259
166.63,1,0.275
166.64,1,0.265
166.65,1,0.281
166.66,1,0.280
166.67,1,0.307
166.68,1,0.311
166.69,1,0.516
166.70,1,0.745
166.71,1,0.976
166.72,1,0.727
166.73,1,0.338
166.74,1,0.261
166.75,1,0.208
166.76,1,0.233
166.77,1,0.246
166.78,1,0.255
166.79,1,0.278
166.80,1,0.266
166.81,1,0.254
166.82,1,0.224
166.83,1,0.193
166.84,1,0.207
166.85,1,0.225
166.86,1,0.218
166.87,1,0.227
166.88,1,0.216
166.89,1,0.181
166.90,1,0.176
166.91,1,0.195
166.92,1,0.211
166.93,1,0.238
166.94,1,0.275
166.95,1,0.322
166.96,1,0.362
166.97,1,0.399
166.98,1,0.407
166.99,1,0.353
167.00,1,0.363
167.01,1,0.371
167.02,1,0.392
167.03,1,0.470
167.04,1,0.549
167.05,1,0.592
167.06,1,0.707
167.07,1,0.766
167.08,1,0.672
167.09,1,0.602
167.10,1,0.539
167.11,1,0.346
167.12,1,0.251
167.13,1,0.213
167.14,1,0.191
167.15,1,0.193
167.16,1,0.166
167.17,1,0.161
167.18,1,0.174
167.19,1,0.190
167.20,1,0.211
167.21,1,0.249
167.22,1,0.282
167.23,1,0.269
167.24,1,0.261
167.25,1,0.260
167.26,1,0.265
167.27,1,0.255
167.28,1,0.253
167.29,1,0.278
167.30,1,0.266
167.31,1,0.248
167.32,1,0.238
167.33,1,0.237
167.34,1,0.232
167.35,1,0.234
167.36,1,0.240
167.37,1,0.251
167.38,1,0.268
167.39,1,0.273
167.40,1,0.273
167.41,1,0.296
167.42,1,0.305
167.43,1,0.303
167.44,1,0.342
167.45,1,0.401
167.46,1,0.417
167.47,1,0.401
167.48,1,0.345
167.49,1,0.320
167.50,1,0.299
167.51,1,0.289
167.52,1,0.302
167.53,1,0.340
167.54,1,0.337
167.55,1,0.343
167.56,1,0.340
167.57,1,0.321
167.58,1,0.321
167.59,1,0.362
167.60,1,0.382
167.61,1,0.364
167.62,1,0.330
167.63,1,0.305
167.64,1,0.316
167.65,1,0.328
167.66,1,0.347
167.67,1,0.446
167.68,1,0.544
167.69,1,0.510
167.70,1,0.481
167.71,1,0.672
167.72,1,0.641
167.73,1,0.346
167.74,1,0.252
167.75,1,0.217
167.76,1,0.222
167.77,1,0.215
167.78,1,0.225
167.79,1,0.196
167.80,1,0.204
167.81,1,0.246
167.82,1,0.263
167.83,1,0.278
167.84,1,0.323
167.85,1,0.366
167.86,1,0.337
167.87,1,0.334
167.88,1,0.332
167.89,1,0.301
167.90,1,0.262
167.91,1,0.262
167.92,1,0.263
167.93,1,0.262
167.94,1,0.248
167.95,1,0.248
167.96,1,0.245
167.97,1,0.233
167.98,1,0.227
167.99,1,0.238
168.00,1,0.234
168.01,1,0.230
168.02,1,0.232
168.03,1,0.248
168.04,1,0.252
168.05,1,0.230
168.06,1,0.227
168.07,1,0.221
168.08,1,0.228
168.09,1,0.243
168.10,1,0.257
168.11,1,0.262
168.12,1,0.242
168.13,1,0.253
168.14,1,0.243
168.15,1,0.265
168.16,1,0.394
168.17,1,0.527
168.18,1,0.456
168.19,1,0.412
168.20,1,0.185
168.21,1,0.140
168.22,1,0.132
168.23,1,0.147
168.24,1,0.172
168.25,1,0.196
168.26,1,0.209
168.27,1,0.229
168.28,1,0.224
168.29,1,0.246
168.30,1,0.242
168.31,1,0.225
168.32,1,0.214
168.33,1,0.215
168.34,1,0.213
168.35,1,0.233
168.36,1,0.265
168.37,1,0.311
168.38,1,0.340
168.39,1,0.338
168.40,1,0.308
168.41,1,0.255
168.42,1,0.204
168.43,1,0.175
168.44,1,0.181
168.45,1,0.177
168.46,1,0.190
168.47,1,0.203
168.48,1,0.224
168.49,1,0.251
168.50,1,0.265
168.51,1,0.311
168.52,1,0.319
168.53,1,0.349
168.54,1,0.370
168.55,1,0.431
168.56,1,0.384
168.57,1,0.380
168.58,1,0.298
168.59,1,0.247
168.60,1,0.221
168.61,1,0.195
168.62,1,0.188
168.63,1,0.162
168.64,1,0.157
168.65,1,0.137
168.66,1,0.146
168.67,1,0.153
168.68,1,0.156
168.69,1,0.165
168.70,1,0.175
168.71,1,0.175
168.72,1,0.181
168.73,1,0.203
168.74,1,0.213
168.75,1,0.206
168.76,1,0.246
168.77,1,0.286
168.78,1,0.305
168.79,1,0.316
168.80,1,0.326
168.81,1,0.300
168.82,1,0.261
168.83,1,0.254
168.84,1,0.259
168.85,1,0.240
168.86,1,0.242
168.87,1,0.268
168.88,1,0.280
168.89,1,0.277
168.90,1,0.284
168.91,1,0.267
168.92,1,0.281
168.93,1,0.273
168.94,1,0.272
168.95,1,0.279
168.96,1,0.263
168.97,1,0.260
168.98,1,0.249
168.99,1,0.265
169.00,1,0.295
169.01,1,0.338
169.02,1,0.349
169.03,1,0.339
169.04,1,0.339
169.05,1,0.327
169.06,1,0.387
169.07,1,0.469
169.08,1,0.625
169.09,1,0.629
169.10,1,0.596
169.11,1,0.399
169.12,1,0.289
169.13,1,0.225
169.14,1,0.200
169.15,1,0.173
169.16,1,0.173
169.17,1,0.192
169.18,1,0.216
169.19,1,0.212
169.20,1,0.229
169.21,1,0.212
169.22,1,0.200
169.23,1,0.207
169.24,1,0.239
169.25,1,0.258
169.26,1,0.314
169.27,1,0.359
169.28,1,0.430
169.29,1,0.628
169.30,1,0.610
169.31,1,0.478
169.32,1,0.412
169.33,1,0.350
169.34,1,0.303
169.35,1,0.269
169.36,1,0.279
169.37,1,0.267
169.38,1,0.263
169.39,1,0.269
169.40,1,0.293
169.41,1,0.280
169.42,1,0.276
169.43,1,0.284
169.44,1,0.251
169.45,1,0.204
169.46,1,0.218
169.47,1,0.244
169.48,1,0.245
169.49,1,0.321
169.50,1,0.352
169.51,1,0.279
169.52,1,0.234
169.53,1,0.206
169.54,1,0.197
169.55,1,0.205
169.56,1,0.197
169.57,1,0.213
169.58,1,0.250
169.59,1,0.265
169.60,1,0.269
169.61,1,0.299
169.62,1,0.309
169.63,1,0.280
169.64,1,0.420
169.65,1,0.430
169.66,1,0.576
169.67,1,0.614
169.68,1,0.425
169.69,1,0.236
169.70,1,0.194
169.71,1,0.218
169.72,1,0.246
169.73,1,0.235
169.74,1,0.255
169.75,1,0.227
169.76,1,0.181
169.77,1,0.169
169.78,1,0.167
169.79,1,0.176
169.80,1,0.216
169.81,1,0.257
169.82,1,0.274
169.83,1,0.276
169.84,1,0.274
169.85,1,0.282
169.86,1,0.251
169.87,1,0.252
169.88,1,0.257
169.89,1,0.286
169.90,1,0.298
169.91,1,0.350
169.92,1,0.351
169.93,1,0.323
169.94,1,0.342
169.95,1,0.334
169.96,1,0.350
169.97,1,0.333
169.98,1,0.357
169.99,1,0.319
170.00,1,0.369
170.01,1,0.417
170.02,1,0.427
170.03,1,0.341
170.04,1,0.292
170.05,1,0.241
170.06,1,0.201
170.07,1,0.201
170.08,1,0.191
170.09,1,0.196
170.10,1,0.189
170.11,1,0.209
170.12,1,0.229
170.13,1,0.257
170.14,1,0.280
170.15,1,0.277
170.16,1,0.242
170.17,1,0.206
170.18,1,0.188
170.19,1,0.210
170.20,1,0.206
170.21,1,0.217
170.22,1,0.236
170.23,1,0.246
170.24,1,0.262
170.25,1,0.284
170.26,1,0.293
170.27,1,0.287
170.28,1,0.274
170.29,1,0.284
170.30,1,0.303
170.31,1,0.325
170.32,1,0.348
170.33,1,0.355
170.34,1,0.346
170.35,1,0.342
170.36,1,0.328
170.37,1,0.322
170.38,1,0.253
170.39,1,0.212
170.40,1,0.177
170.41,1,0.183
170.42,1,0.182
170.43,1,0.186
170.44,1,0.184
170.45,1,0.167
170.46,1,0.154
170.47,1,0.162
170.48,1,0.172
170.49,1,0.172
170.50,1,0.178
170.51,1,0.179
170.52,1,0.186
170.53,1,0.213
170.54,1,0.234
170.55,1,0.244
170.56,1,0.262
170.57,1,0.249
170.58,1,0.237
170.59,1,0.245
170.60,1,0.276
170.61,1,0.295
170.62,1,0.299
170.63,1,0.297
170.64,1,0.258
170.65,1,0.230
170.66,1,0.212
170.67,1,0.191
170.68,1,0.178
170.69,1,0.169
170.70,1,0.170
170.71,1,0.165
170.72,1,0.193
170.73,1,0.194
170.74,1,0.186
170.75,1,0.202
170.76,1,0.215
170.77,1,0.206
170.78,1,0.223
170.79,1,0.248
170.80,1,0.223
170.81,1,0.205
170.82,1,0.211
170.83,1,0.195
170.84,1,0.216
170.85,1,0.243
170.86,1,0.248
170.87,1,0.266
170.88,1,0.288
170.89,1,0.271
170.90,1,0.267
170.91,1,0.278
170.92,1,0.285
170.93,1,0.251
170.94,1,0.220
170.95,1,0.188
170.96,1,0.194
170.97,1,0.207
170.98,1,0.244
170.99,1,0.303
171.00,1,0.292
171.01,1,0.245
171.02,1,0.214
171.03,1,0.204
171.04,1,0.190
171.05,1,0.218
171.06,1,0.261
171.07,1,0.254
171.08,1,0.240
171.09,1,0.234
171.10,1,0.211
171.11,1,0.206
171.12,1,0.190
171.13,1,0.195
171.14,1,0.178
171.15,1,0.160
171.16,1,0.166
171.17,1,0.169
171.18,1,0.184
171.19,1,0.198
171.20,1,0.217
171.21,1,0.231
171.22,1,0.252
171.23,1,0.266
171.24,1,0.286
171.25,1,0.260
171.26,1,0.221
171.27,1,0.198
171.28,1,0.191
171.29,1,0.192
171.30,1,0.206
171.31,1,0.239
171.32,1,0.257
171.33,1,0.277
171.34,1,0.294
171.35,1,0.297
171.36,1,0.244
171.37,1,0.198
171.38,1,0.180
171.39,1,0.196
171.40,1,0.215
171.41,1,0.257
171.42,1,0.282
171.43,1,0.335
171.44,1,0.340
171.45,1,0.334
171.46,1,0.382
171.47,1,0.393
171.48,1,0.383
171.49,1,0.454
171.50,1,0.475
171.51,1,0.463
171.52,1,0.403
171.53,1,0.304
171.54,1,0.250
171.55,1,0.229
171.56,1,0.199
171.57,1,0.201
171.58,1,0.203
171.59,1,0.207
171.60,1,0.195
171.61,1,0.194
171.62,1,0.178
171.63,1,0.175
171.64,1,0.165
171.65,1,0.172
171.66,1,0.182
171.67,1,0.202
171.68,1,0.218
171.69,1,0.203
171.70,1,0.168
171.71,1,0.155
171.72,1,0.160
171.73,1,0.161
171.74,1,0.211
171.75,1,0.229
171.76,1,0.234
171.77,1,0.242
171.78,1,0.228
171.79,1,0.214
171.80,1,0.225
171.81,1,0.245
171.82,1,0.263
171.83,1,0.299
171.84,1,0.281
171.85,1,0.278
171.86,1,0.276
171.87,1,0.246
171.88,1,0.227
171.89,1,0.233
171.90,1,0.227
171.91,1,0.225
171.92,1,0.232
171.93,1,0.231
171.94,1,0.239
171.95,1,0.231
171.96,1,0.220
171.97,1,0.233
171.98,1,0.266
171.99,1,0.300
172.00,1,0.359
172.01,1,0.382
172.02,1,0.455
172.03,1,0.440
172.04,1,0.392
172.05,1,0.365
172.06,1,0.348
172.07,1,0.263
172.08,1,0.146
172.09,1,0.129
172.10,1,0.106
172.11,1,0.112
172.12,1,0.121
172.13,1,0.161
172.14,1,0.180
172.15,1,0.178
172.16,1,0.223
172.17,1,0.220
172.18,1,0.227
172.19,1,0.280
172.20,1,0.331
172.21,1,0.345
172.22,1,0.428
172.23,1,0.381
172.24,1,0.343
172.25,1,0.341
172.26,1,0.294
172.27,1,0.210
172.28,1,0.192
172.29,1,0.187
172.30,1,0.190
172.31,1,0.225
172.32,1,0.248
172.33,1,0.266
172.34,1,0.280
172.35,1,0.278
172.36,1,0.276
172.37,1,0.257
172.38,1,0.274
172.39,1,0.289
172.40,1,0.307
172.41,1,0.295
172.42,1,0.336
172.43,1,0.326
172.44,1,0.325
172.45,1,0.316
172.46,1,0.300
172.47,1,0.322
172.48,1,0.345
172.49,1,0.340
172.50,1,0.371
172.51,1,0.345
172.52,1,0.289
172.53,1,0.256
172.54,1,0.229
172.55,1,0.233
172.56,1,0.241
172.57,1,0.265
172.58,1,0.289
172.59,1,0.334
172.60,1,0.377
172.61,1,0.428
172.62,1,0.347
172.63,1,0.281
172.64,1,0.203
172.65,1,0.186
172.66,1,0.201
172.67,1,0.227
172.68,1,0.246
172.69,1,0.251
172.70,1,0.271
172.71,1,0.282
172.72,1,0.282
172.73,1,0.289
172.74,1,0.282
172.75,1,0.238
172.76,1,0.223
172.77,1,0.206
172.78,1,0.180
172.79,1,0.201
172.80,1,0.224
172.81,1,0.231
172.82,1,0.259
172.83,1,0.278
172.84,1,0.238
172.85,1,0.233
172.86,1,0.242
172.87,1,0.241
172.88,1,0.320
172.89,1,0.491
172.90,1,0.607
172.91,1,0.738
172.92,1,0.787
172.93,1,0.752
172.94,1,0.732
172.95,1,0.796
172.96,1,0.969
172.97,1,1.127
172.98,1,1.331
172.99,1,1.376
173.00,1,1.307
173.01,1,1.214
173.02,1,1.095
173.03,1,0.896
173.04,1,0.878
173.05,1,0.812
173.06,1,0.856
173.07,1,1.070
173.08,1,1.125
173.09,1,1.176
173.10,1,1.365
173.11,1,1.294
173.12,1,0.807
173.13,1,0.538
173.14,1,0.444
173.15,1,0.377
173.16,1,0.282
173.17,1,0.263
173.18,1,0.318
173.19,1,0.317
173.20,1,0.359
173.21,1,0.405
173.22,1,0.426
173.23,1,0.475
173.24,1,0.474
173.25,1,0.469
173.26,1,0.446
173.27,1,0.442
173.28,1,0.450
173.29,1,0.437
173.30,1,0.419
173.31,1,0.430
173.32,1,0.436
173.33,1,0.409
173.34,1,0.415
173.35,1,0.402
173.36,1,0.395
173.37,1,0.366
173.38,1,0.342
173.39,1,0.350
173.40,1,0.364
173.41,1,0.385
173.42,1,0.402
173.43,1,0.436
173.44,1,0.443
173.45,1,0.444
173.46,1,0.460
173.47,1,0.464
173.48,1,0.463
173.49,1,0.429
173.50,1,0.393
173.51,1,0.313
173.52,1,0.273
173.53,1,0.293
173.54,1,0.287
173.55,1,0.335
173.56,1,0.318
173.57,1,0.300
173.58,1,0.289
173.59,1,0.269
173.60,1,0.249
173.61,1,0.258
173.62,1,0.247
173.63,1,0.231
173.64,1,0.219
173.65,1,0.222
173.66,1,0.198
173.67,1,0.243
173.68,1,0.292
173.69,1,0.319
173.70,1,0.344
173.71,1,0.371
173.72,1,0.353
173.73,1,0.275
173.74,1,0.204
173.75,1,0.197
173.76,1,0.179
173.77,1,0.188
173.78,1,0.194
173.79,1,0.203
173.80,1,0.240
173.81,1,0.263
173.82,1,0.270
173.83,1,0.293
173.84,1,0.282
173.85,1,0.252
173.86,1,0.257
173.87,1,0.249
173.88,1,0.256
173.89,1,0.267
173.90,1,0.298
173.91,1,0.270
173.92,1,0.262
173.93,1,0.246
173.94,1,0.223
173.95,1,0.198
173.96,1,0.189
173.97,1,0.186
173.98,1,0.182
173.99,1,0.184
174.00,1,0.198
174.01,1,0.223
174.02,1,0.271
174.03,1,0.366
174.04,1,0.573
174.05,1,0.842
174.06,1,0.744
174.07,1,0.805
174.08,1,0.728
174.09,1,0.381
174.10,1,0.231
174.11,1,0.211
174.12,1,0.179
174.13,1,0.165
174.14,1,0.193
174.15,1,0.189
174.16,1,0.205
174.17,1,0.247
174.18,1,0.266
174.19,1,0.297
174.20,1,0.302
174.21,1,0.312
174.22,1,0.323
174.23,1,0.328
174.24,1,0.295
174.25,1,0.302
174.26,1,0.289
174.27,1,0.264
174.28,1,0.265
174.29,1,0.257
174.30,1,0.257
174.31,1,0.259
174.32,1,0.274
174.33,1,0.283
174.34,1,0.304
174.35,1,0.336
174.36,1,0.355
174.37,1,0.345
174.38,1,0.310
174.39,1,0.263
174.40,1,0.249
174.41,1,0.205
174.42,1,0.236
174.43,1,0.300
174.44,1,0.338
174.45,1,0.419
174.46,1,0.496
174.47,1,0.507
174.48,1,0.554
174.49,1,0.640
174.50,1,0.698
174.51,1,0.688
174.52,1,0.701
174.53,1,0.724
174.54,1,0.783
174.55,1,0.932
174.56,1,1.033
174.57,1,1.160
174.58,1,1.207
174.59,1,0.973
174.60,1,0.742
174.61,1,0.801
174.62,1,0.699
174.63,1,0.618
174.64,1,0.370
174.65,1,0.287
174.66,1,0.297
174.67,1,0.290
174.68,1,0.287
174.69,1,0.270
174.70,1,0.284
174.71,1,0.321
174.72,1,0.349
174.73,1,0.355
174.74,1,0.391
174.75,1,0.386
174.76,1,0.386
174.77,1,0.423
174.78,1,0.446
174.79,1,0.368
174.80,1,0.387
174.81,1,0.315
174.82,1,0.319
174.83,1,0.432
174.84,1,0.509
174.85,1,0.556
174.86,1,0.661
174.87,1,0.662
174.88,1,0.618
174.89,1,0.571
174.90,1,0.528
174.91,1,0.488
174.92,1,0.477
174.93,1,0.405
174.94,1,0.421
174.95,1,0.427
174.96,1,0.436
174.97,1,0.406
174.98,1,0.397
174.99,1,0.444
175.00,1,0.406
175.01,1,0.400
175.02,1,0.363
175.03,1,0.289
175.04,1,0.232
175.05,1,0.242
175.06,1,0.259
175.07,1,0.276
175.08,1,0.319
175.09,1,0.317
175.10,1,0.287
175.11,1,0.254
175.12,1,0.251
175.13,1,0.230
175.14,1,0.227
175.15,1,0.233
175.16,1,0.218
175.17,1,0.246
175.18,1,0.286
175.19,1,0.324
175.20,1,0.366
175.21,1,0.392
175.22,1,0.298
175.23,1,0.231
175.24,1,0.256
175.25,1,0.267
175.26,1,0.296
175.27,1,0.362
175.28,1,0.363
175.29,1,0.374
175.30,1,0.377
175.31,1,0.396
175.32,1,0.412
175.33,1,0.487
175.34,1,0.605
175.35,1,0.639
175.36,1,0.755
175.37,1,0.794
175.38,1,0.571
175.39,1,0.287
175.40,1,0.151
175.41,1,0.128
175.42,1,0.120
175.43,1,0.126
175.44,1,0.116
175.45,1,0.133
175.46,1,0.155
175.47,1,0.183
175.48,1,0.214
175.49,1,0.265
175.50,1,0.278
175.51,1,0.277
175.52,1,0.254
175.53,1,0.247
175.54,1,0.235
175.55,1,0.232
175.56,1,0.216
175.57,1,0.212
175.58,1,0.172
175.59,1,0.212
175.60,1,0.258
175.61,1,0.304
175.62,1,0.352
175.63,1,0.406
175.64,1,0.422
175.65,1,0.424
175.66,1,0.396
175.67,1,0.345
175.68,1,0.308
175.69,1,0.293
175.70,1,0.276
175.71,1,0.252
175.72,1,0.249
175.73,1,0.238
175.74,1,0.227
175.75,1,0.237
175.76,1,0.230
175.77,1,0.243
175.78,1,0.256
175.79,1,0.290
175.80,1,0.307
175.81,1,0.530
175.82,1,0.598
175.83,1,0.446
175.84,1,0.336
175.85,1,0.282
175.86,1,0.273
175.87,1,0.262
175.88,1,0.259
175.89,1,0.285
175.90,1,0.327
175.91,1,0.346
175.92,1,0.380
175.93,1,0.382
175.94,1,0.378
175.95,1,0.341
175.96,1,0.324
175.97,1,0.356
175.98,1,0.354
175.99,1,0.339
176.00,1,0.323
176.01,1,0.304
176.02,1,0.277
176.03,1,0.289
176.04,1,0.312
176.05,1,0.335
176.06,1,0.329
176.07,1,0.329
176.08,1,0.248
176.09,1,0.218
176.10,1,0.209
176.11,1,0.195
176.12,1,0.180
176.13,1,0.167
176.14,1,0.230
176.15,1,0.243
176.16,1,0.240
176.17,1,0.257
176.18,1,0.270
176.19,1,0.259
176.20,1,0.246
176.21,1,0.259
176.22,1,0.269
176.23,1,0.283
176.24,1,0.373
176.25,1,0.771
176.26,1,1.263
176.27,1,1.777
176.28,1,1.782
176.29,1,1.294
176.30,1,0.583
176.31,1,0.355
176.32,1,0.222
176.33,1,0.215
176.34,1,0.210
176.35,1,0.234
176.36,1,0.256
176.37,1,0.274
176.38,1,0.290
176.39,1,0.303
176.40,1,0.309
176.41,1,0.332
176.42,1,0.376
176.43,1,0.399
176.44,1,0.404
176.45,1,0.418
176.46,1,0.428
176.47,1,0.410
176.48,1,0.405
176.49,1,0.385
176.50,1,0.320
176.51,1,0.286
176.52,1,0.258
176.53,1,0.261
176.54,1,0.262
176.55,1,0.251
176.56,1,0.260
176.57,1,0.272
176.58,1,0.243
176.59,1,0.240
176.60,1,0.255
176.61,1,0.255
176.62,1,0.266
176.63,1,0.276
176.64,1,0.283
176.65,1,0.292
176.66,1,0.301
176.67,1,0.320
176.68,1,0.359
176.69,1,0.378
176.70,1,0.359
176.71,1,0.354
176.72,1,0.309
176.73,1,0.273
176.74,1,0.270
176.75,1,0.274
176.76,1,0.280
176.77,1,0.313
176.78,1,0.350
176.79,1,0.374
176.80,1,0.315
176.81,1,0.368
176.82,1,0.318
176.83,1,0.280
176.84,1,0.285
176.85,1,0.293
176.86,1,0.291
176.87,1,0.268
176.88,1,0.262
176.89,1,0.331
176.90,1,0.306
176.91,1,0.312
176.92,1,0.319
176.93,1,0.306
176.94,1,0.310
176.95,1,0.345
176.96,1,0.353
176.97,1,0.409
176.98,1,0.471
176.99,1,0.445
177.00,1,0.512
177.01,1,0.807
177.02,1,1.077
177.03,1,1.016
177.04,1,0.494
177.05,1,0.260
177.06,1,0.177
177.07,1,0.221
177.08,1,0.249
177.09,1,0.274
177.10,1,0.284
177.11,1,0.322
177.12,1,0.313
177.13,1,0.310
177.14,1,0.316
177.15,1,0.321
177.16,1,0.298
177.17,1,0.289
177.18,1,0.276
177.19,1,0.268
177.20,1,0.280
177.21,1,0.299
177.22,1,0.323
177.23,1,0.334
177.24,1,0.351
177.25,1,0.350
177.26,1,0.331
177.27,1,0.314
177.28,1,0.297
177.29,1,0.311
177.30,1,0.307
177.31,1,0.304
177.32,1,0.306
177.33,1,0.310
177.34,1,0.300
177.35,1,0.287
177.36,1,0.279
177.37,1,0.276
177.38,1,0.286
177.39,1,0.275
177.40,1,0.272
177.41,1,0.295
177.42,1,0.296
177.43,1,0.282
177.44,1,0.294
177.45,1,0.282
177.46,1,0.265
177.47,1,0.268
177.48,1,0.267
177.49,1,0.274
177.50,1,0.297
177.51,1,0.302
177.52,1,0.298
177.53,1,0.292
177.54,1,0.313
177.55,1,0.316
177.56,1,0.269
177.57,1,0.233
177.58,1,0.221
177.59,1,0.199
177.60,1,0.202
177.61,1,0.213
177.62,1,0.238
177.63,1,0.265
177.64,1,0.285
177.65,1,0.298
177.66,1,0.359
177.67,1,0.377
177.68,1,0.342
177.69,1,0.377
177.70,1,0.471
177.71,1,0.539
177.72,1,0.705
177.73,1,0.835
177.74,1,0.832
177.75,1,0.776
177.76,1,0.817
177.77,1,0.277
177.78,1,0.208
177.79,1,0.235
177.80,1,0.245
177.81,1,0.280
177.82,1,0.299
177.83,1,0.292
177.84,1,0.299
177.85,1,0.269
177.86,1,0.248
177.87,1,0.235
177.88,1,0.233
177.89,1,0.220
177.90,1,0.220
177.91,1,0.235
177.92,1,0.253
177.93,1,0.261
177.94,1,0.268
177.95,1,0.293
177.96,1,0.274
177.97,1,0.241
177.98,1,0.254
177.99,1,0.267
178.00,1,0.264
178.01,1,0.329
178.02,1,0.418
178.03,1,0.448
178.04,1,0.541
178.05,1,0.574
178.06,1,0.505
178.07,1,0.570
178.08,1,0.599
178.09,1,0.643
178.10,1,0.797
178.11,1,1.126
178.12,1,1.393
178.13,1,1.262
178.14,1,0.767
178.15,1,0.417
178.16,1,0.244
178.17,1,0.180
178.18,1,0.173
178.19,1,0.184
178.20,1,0.188
178.21,1,0.208
178.22,1,0.245
178.23,1,0.265
178.24,1,0.258
178.25,1,0.251
178.26,1,0.237
178.27,1,0.219
178.28,1,0.242
178.29,1,0.247
178.30,1,0.239
178.31,1,0.226
178.32,1,0.234
178.33,1,0.207
178.34,1,0.215
178.35,1,0.221
178.36,1,0.221
178.37,1,0.205
178.38,1,0.210
178.39,1,0.190
178.40,1,0.191
178.41,1,0.188
178.42,1,0.180
178.43,1,0.160
178.44,1,0.177
178.45,1,0.176
178.46,1,0.190
178.47,1,0.235
178.48,1,0.297
178.49,1,0.358
178.50,1,0.406
178.51,1,0.444
178.52,1,0.423
178.53,1,0.341
178.54,1,0.261
178.55,1,0.255
178.56,1,0.260
178.57,1,0.278
178.58,1,0.289
178.59,1,0.322
178.60,1,0.313
178.61,1,0.270
178.62,1,0.218
178.63,1,0.202
178.64,1,0.203
178.65,1,0.203
178.66,1,0.199
178.67,1,0.193
178.68,1,0.206
178.69,1,0.204
178.70,1,0.198
178.71,1,0.200
178.72,1,0.209
178.73,1,0.212
178.74,1,0.213
178.75,1,0.225
178.76,1,0.249
178.77,1,0.266
178.78,1,0.296
178.79,1,0.381
178.80,1,0.314
178.81,1,0.168
178.82,1,0.154
178.83,1,0.185
178.84,1,0.222
178.85,1,0.252
178.86,1,0.309
178.87,1,0.328
178.88,1,0.328
178.89,1,0.311
178.90,1,0.301
178.91,1,0.295
178.92,1,0.297
178.93,1,0.290
178.94,1,0.311
178.95,1,0.314
178.96,1,0.322
178.97,1,0.333
178.98,1,0.347
178.99,1,0.358
179.00,1,0.413
179.01,1,0.516
179.02,1,0.702
179.03,1,0.654
179.04,1,0.789
179.05,1,0.767
179.06,1,0.853
179.07,1,0.650
179.08,1,0.329
179.09,1,0.221
179.10,1,0.172
179.11,1,0.149
179.12,1,0.129
179.13,1,0.117
179.14,1,0.119
179.15,1,0.131
179.16,1,0.163
179.17,1,0.199
179.18,1,0.227
179.19,1,0.216
179.20,1,0.215
179.21,1,0.228
179.22,1,0.253
179.23,1,0.294
179.24,1,0.375
179.25,1,0.517
179.26,1,0.553
179.27,1,0.247
179.28,1,0.190
179.29,1,0.237
179.30,1,0.271
179.31,1,0.294
179.32,1,0.335
179.33,1,0.364
179.34,1,0.356
179.35,1,0.350
179.36,1,0.343
179.37,1,0.337
179.38,1,0.328
179.39,1,0.315
179.40,1,0.302
179.41,1,0.302
179.42,1,0.306
179.43,1,0.306
179.44,1,0.308
179.45,1,0.323
179.46,1,0.326
179.47,1,0.331
179.48,1,0.338
179.49,1,0.345
179.50,1,0.377
179.51,1,0.412
179.52,1,0.510
179.53,1,0.561
179.54,1,0.559
179.55,1,0.578
179.56,1,0.836
179.57,1,0.884
179.58,1,1.083
179.59,1,1.081
179.60,0,
179.61,0,
179.62,0,
179.63,0,
179.64,0,
179.65,0,
179.66,0,
179.67,0,
179.68,0,
179.69,0,
179.70,0,
179.71,0,
179.72,0,
179.73,0,
179.74,0,
179.75,0,
179.76,0,
179.77,0,
179.78,0,
179.79,0,
179.80,0,
179.81,0,
179.82,0,
179.83,0,
179.84,0,
179.85,0,
179.86,0,
179.87,0,
179.88,0,
179.89,0,
179.90,0,
179.91,0,
179.92,0,
179.93,1,0.225
179.94,1,0.117
179.95,1,0.107
179.96,1,0.122
179.97,1,0.107
179.98,1,0.077
179.99,1,0.117
180.00,1,0.179
180.01,1,0.216
180.02,1,0.251
180.03,1,0.303
180.04,1,0.335
180.05,1,0.306
180.06,1,0.288
180.07,1,0.251
180.08,1,0.248
180.09,1,0.215
180.10,1,0.205
180.11,1,0.173
180.12,1,0.153
180.13,1,0.160
180.14,1,0.165
180.15,1,0.179
180.16,1,0.191
180.17,1,0.196
180.18,1,0.190
180.19,1,0.188
180.20,1,0.200
180.21,1,0.215
180.22,1,0.235
180.23,1,0.233
180.24,1,0.225
180.25,1,0.219
180.26,1,0.228
180.27,1,0.217
180.28,1,0.223
180.29,1,0.205
180.30,1,0.194
180.31,1,0.216
180.32,1,0.259
180.33,1,0.302
180.34,1,0.363
180.35,1,0.389
180.36,1,0.392
180.37,1,0.363
180.38,1,0.327
180.39,1,0.312
180.40,1,0.293
180.41,1,0.266
180.42,1,0.269
180.43,1,0.274
180.44,1,0.278
180.45,1,0.288
180.46,1,0.324
180.47,1,0.344
180.48,1,0.413
180.49,1,0.549
180.50,1,0.782
180.51,1,0.947
180.52,1,0.898
180.53,1,0.456
180.54,1,0.316
180.55,1,0.212
180.56,1,0.140
180.57,1,0.122
180.58,1,0.132
180.59,1,0.162
180.60,1,0.194
180.61,1,0.259
180.62,1,0.311
180.63,1,0.347
180.64,1,0.378
180.65,1,0.375
180.66,1,0.365
180.67,1,0.334
180.68,1,0.311
180.69,1,0.322
180.70,1,0.349
180.71,1,0.377
180.72,1,0.432
180.73,1,0.435
180.74,1,0.210
180.75,1,0.192
180.76,1,0.204
180.77,1,0.215
180.78,1,0.223
180.79,1,0.253
180.80,1,0.279
180.81,1,0.301
180.82,1,0.314
180.83,1,0.357
180.84,1,0.386
180.85,1,0.411
180.86,1,0.422
180.87,1,0.441
180.88,1,0.416
180.89,1,0.412
180.90,1,0.379
180.91,1,0.353
180.92,1,0.343
180.93,1,0.354
180.94,1,0.357
180.95,1,0.395
180.96,1,0.428
180.97,1,0.441
180.98,1,0.435
180.99,1,0.436
181.00,1,0.656
181.01,1,0.839
181.02,1,0.997
181.03,1,1.067
181.04,0,
181.05,0,
181.06,0,
181.07,0,
181.08,0,
181.09,0,
181.10,0,
181.11,0,
181.12,0,
181.13,0,
181.14,0,
181.15,0,
181.16,0,
181.17,0,
181.18,0,
181.19,0,
181.20,0,
181.21,0,
181.22,0,
181.23,0,
181.24,0,
181.25,0,
181.26,0,
181.27,0,
181.28,0,
181.29,0,
181.30,0,
181.31,0,
181.32,0,
181.33,0,
181.34,0,
181.35,0,
181.36,0,
181.37,0,
181.38,0,
181.39,0,
181.40,0,
181.41,0,
181.42,1,0.254
181.43,1,0.149
181.44,1,0.150
181.45,1,0.080
181.46,1,0.095
181.47,1,0.121
181.48,1,0.159
181.49,1,0.159
181.50,1,0.183
181.51,1,0.184
181.52,1,0.170
181.53,1,0.173
181.54,1,0.202
181.55,1,0.236
181.56,1,0.252
181.57,1,0.266
181.58,1,0.261
181.59,1,0.207
181.60,1,0.158
181.61,1,0.138
181.62,1,0.134
181.63,1,0.150
181.64,1,0.162
181.65,1,0.177
181.66,1,0.207
181.67,1,0.220
181.68,1,0.224
181.69,1,0.253
181.70,1,0.283
181.71,1,0.287
181.72,1,0.374
181.73,1,0.452
181.74,1,0.296
181.75,1,0.143
181.76,1,0.133
181.77,1,0.138
181.78,1,0.151
181.79,1,0.191
181.80,1,0.247
181.81,1,0.291
181.82,1,0.335
181.83,1,0.353
181.84,1,0.326
181.85,1,0.272
181.86,1,0.219
181.87,1,0.191
181.88,1,0.184
181.89,1,0.189
181.90,1,0.198
181.91,1,0.234
181.92,1,0.270
181.93,1,0.296
181.94,1,0.310
181.95,1,0.310
181.96,1,0.298
181.97,1,0.284
181.98,1,0.282
181.99,1,0.292
182.00,1,0.314
182.01,1,0.319
182.02,1,0.315
182.03,1,0.215
182.04,1,0.174
182.05,1,0.205
182.06,1,0.221
182.07,1,0.236
182.08,1,0.259
182.09,1,0.259
182.10,1,0.222
182.11,1,0.220
182.12,1,0.210
182.13,1,0.207
182.14,1,0.219
182.15,1,0.228
182.16,1,0.238
182.17,1,0.267
182.18,1,0.297
182.19,1,0.313
182.20,1,0.329
182.21,1,0.327
182.22,1,0.256
182.23,1,0.188
182.24,1,0.165
182.25,1,0.155
182.26,1,0.156
182.27,1,0.170
182.28,1,0.192
182.29,1,0.225
182.30,1,0.268
182.31,1,0.346
182.32,1,0.446
182.33,1,0.709
182.34,1,0.669
182.35,1,0.583
182.36,1,0.672
182.37,1,0.524
182.38,1,0.160
182.39,1,0.092
182.40,1,0.107
182.41,1,0.127
182.42,1,0.170
182.43,1,0.213
182.44,1,0.264
182.45,1,0.294
182.46,1,0.303
182.47,1,0.278
182.48,1,0.260
182.49,1,0.250
182.50,1,0.237
182.51,1,0.225
182.52,1,0.234
182.53,1,0.252
182.54,1,0.278
182.55,1,0.369
182.56,1,0.357
182.57,1,0.218
182.58,1,0.173
182.59,1,0.156
182.60,1,0.144
182.61,1,0.153
182.62,1,0.171
182.63,1,0.209
182.64,1,0.260
182.65,1,0.309
182.66,1,0.335
182.67,1,0.326
182.68,1,0.301
182.69,1,0.271
182.70,1,0.278
182.71,1,0.283
182.72,1,0.301
182.73,1,0.340
182.74,1,0.422
182.75,1,0.287
182.76,1,0.139
182.77,1,0.133
182.78,1,0.160
182.79,1,0.183
182.80,1,0.205
182.81,1,0.259
182.82,1,0.311
182.83,1,0.352
182.84,1,0.343
182.85,1,0.362
182.86,1,0.303
182.87,1,0.234
182.88,1,0.239
182.89,1,0.230
182.90,1,0.186
182.91,1,0.161
182.92,1,0.162
182.93,1,0.194
182.94,1,0.226
182.95,1,0.220
182.96,1,0.264
182.97,1,0.290
182.98,1,0.294
182.99,1,0.309
183.00,1,0.339
183.01,1,0.339
183.02,1,0.334
183.03,1,0.324
183.04,1,0.310
183.05,1,0.293
183.06,1,0.279
183.07,1,0.297
183.08,1,0.333
183.09,1,0.382
183.10,1,0.474
183.11,1,0.595
183.12,1,0.325
183.13,1,0.193
183.14,1,0.169
183.15,1,0.166
183.16,1,0.168
183.17,1,0.182
183.18,1,0.205
183.19,1,0.223
183.20,1,0.229
183.21,1,0.244
183.22,1,0.260
183.23,1,0.278
183.24,1,0.316
183.25,1,0.368
183.26,1,0.477
183.27,1,0.734
183.28,1,0.893
183.29,1,0.655
183.30,1,0.353
183.31,1,0.232
183.32,1,0.181
183.33,1,0.148
183.34,1,0.147
183.35,1,0.143
183.36,1,0.150
183.37,1,0.169
183.38,1,0.200
183.39,1,0.241
183.40,1,0.260
183.41,1,0.270
183.42,1,0.275
183.43,1,0.258
183.44,1,0.251
183.45,1,0.256
183.46,1,0.257
183.47,1,0.260
183.48,1,0.267
183.49,1,0.274
183.50,1,0.262
183.51,1,0.279
183.52,1,0.265
183.53,1,0.232
183.54,1,0.221
183.55,1,0.206
183.56,1,0.179
183.57,1,0.180
183.58,1,0.209
183.59,1,0.227
183.60,1,0.259
183.61,1,0.327
183.62,1,0.378
183.63,1,0.494
183.64,1,0.605
183.65,1,0.423
183.66,1,0.217
183.67,1,0.210
183.68,1,0.208
183.69,1,0.206
183.70,1,0.164
183.71,1,0.144
183.72,1,0.135
183.73,1,0.129
183.74,1,0.133
183.75,1,0.151
183.76,1,0.180
183.77,1,0.199
183.78,1,0.201
183.79,1,0.202
183.80,1,0.204
183.81,1,0.216
183.82,1,0.221
183.83,1,0.231
183.84,1,0.235
183.85,1,0.234
183.86,1,0.228
183.87,1,0.238
183.88,1,0.259
183.89,1,0.283
183.90,1,0.311
183.91,1,0.318
183.92,1,0.335
183.93,1,0.311
183.94,1,0.318
183.95,1,0.390
183.96,1,0.590
183.97,1,0.666
183.98,1,0.954
183.99,0,
184.00,0,
184.01,0,
184.02,0,
184.03,0,
184.04,0,
184.05,0,
184.06,0,
184.07,0,
184.08,0,
184.09,0,
184.10,0,
184.11,0,
184.12,0,
184.13,0,
184.14,0,
184.15,0,
184.16,0,
184.17,0,
184.18,0,
184.19,0,
184.20,0,
184.21,0,
184.22,0,
184.23,0,
184.24,0,
184.25,0,
184.26,0,
184.27,0,
184.28,0,
184.29,0,
184.30,0,
184.31,0,
184.32,0,
184.33,0,
184.34,0,
184.35,0,
184.36,0,
184.37,0,
184.38,0,
184.39,0,
184.40,0,
184.41,0,
184.42,0,
184.43,0,
184.44,0,
184.45,0,
184.46,0,
184.47,0,
184.48,0,
184.49,0,
184.50,0,
184.51,0,
184.52,0,
184.53,0,
184.54,0,
184.55,0,
184.56,0,
184.57,0,
184.58,0,
184.59,0,
184.60,0,
184.61,0,
184.62,0,
184.63,0,
184.64,0,
184.65,0,
184.66,0,
184.67,0,
184.68,0,
184.69,0,
184.70,0,
184.71,0,
184.72,0,
184.73,0,
184.74,0,
184.75,0,
184.76,0,
184.77,0,
184.78,0,
184.79,0,
184.80,0,
184.81,0,
184.82,0,
184.83,0,
184.84,0,
184.85,0,
184.86,0,
184.87,0,
184.88,0,
184.89,0,
184.90,0,
184.91,0,
184.92,0,
184.93,0,
184.94,0,
184.95,0,
184.96,0,
184.97,0,
184.98,0,
184.99,0,
185.00,0,
185.01,0,
185.02,0,
185.03,0,
185.04,0,
185.05,0,
185.06,0,
185.07,0,
185.08,0,
185.09,0,
185.10,0,
185.11,0,
185.12,0,
185.13,0,
185.14,0,
185.15,0,
185.16,0,
185.17,0,
185.18,0,
185.19,0,
185.20,0,
185.21,0,
185.22,0,
185.23,0,
185.24,0,
185.25,0,
185.26,0,
185.27,0,
185.28,0,
185.29,0,
185.30,0,
185.31,0,
185.32,0,
185.33,0,
185.34,0,
185.35,0,
185.36,0,
185.37,0,
185.38,0,
185.39,0,
185.40,0,
185.41,0,
185.42,0,
185.43,0,
185.44,0,
185.45,0,
185.46,0,
185.47,0,
185.48,0,
185.49,0,
185.50,0,
185.51,0,
185.52,0,
185.53,0,
185.54,0,
185.55,0,
185.56,0,
185.57,0,
185.58,0,
185.59,0,
185.60,0,
185.61,0,
185.62,0,
185.63,0,
185.64,0,
185.65,0,
185.66,0,
185.67,0,
185.68,0,
185.69,0,
185.70,0,
185.71,0,
185.72,0,
185.73,0,
185.74,0,
185.75,0,
185.76,0,
185.77,0,
185.78,0,
185.79,0,
185.80,0,
185.81,0,
185.82,0,
185.83,0,
185.84,0,
185.85,0,
185.86,0,
185.87,0,
185.88,0,
185.89,0,
185.90,0,
185.91,0,
185.92,0,
185.93,0,
185.94,0,
185.95,0,
185.96,0,
185.97,0,
185.98,0,
185.99,0,
186.00,0,
186.01,0,
186.02,0,
186.03,0,
186.04,0,
186.05,0,
186.06,0,
186.07,0,
186.08,0,
186.09,0,
186.10,0,
186.11,0,
186.12,0,
186.13,0,
186.14,0,
186.15,0,
186.16,0,
186.17,0,
186.18,0,
186.19,0,
186.20,0,
186.21,0,
186.22,0,
186.23,0,
186.24,0,
186.25,0,
186.26,0,
186.27,0,
186.28,0,
186.29,0,
186.30,0,
186.31,0,
186.32,0,
186.33,0,
186.34,0,
186.35,0,
186.36,0,
186.37,0,
186.38,0,
186.39,0,
186.40,0,
186.41,0,
186.42,0,
186.43,0,
186.44,0,
186.45,0,
186.46,0,
186.47,0,
186.48,0,
186.49,0,
186.50,0,
186.51,0,
186.52,0,
186.53,0,
186.54,0,
186.55,0,
186.56,0,
186.57,0,
186.58,0,
186.59,0,
186.60,0,
186.61,0,
186.62,0,
186.63,0,
186.64,0,
186.65,0,
186.66,0,
186.67,0,
186.68,0,
186.69,0,
186.70,0,
186.71,0,
186.72,0,
186.73,0,
186.74,0,
186.75,0,
186.76,0,
186.77,0,
186.78,0,
186.79,0,
186.80,0,
186.81,0,
186.82,0,
186.83,0,
186.84,0,
186.85,0,
186.86,0,
186.87,0,
186.88,0,
186.89,0,
186.90,0,
186.91,0,
186.92,0,
186.93,0,
186.94,0,
186.95,0,
186.96,0,
186.97,0,
186.98,0,
186.99,0,
187.00,0,
187.01,0,
187.02,0,
187.03,0,
187.04,0,
187.05,0,
187.06,0,
187.07,0,
187.08,0,
187.09,0,
187.10,0,
187.11,0,
187.12,0,
187.13,0,
187.14,0,
187.15,0,
187.16,0,
187.17,0,
187.18,0,
187.19,0,
187.20,0,
187.21,0,
187.22,0,
187.23,0,
187.24,0,
187.25,0,
187.26,0,
187.27,0,
187.28,0,
187.29,0,
187.30,0,
187.31,0,
187.32,0,
187.33,0,
187.34,0,
187.35,0,
187.36,0,
187.37,0,
187.38,0,
187.39,0,
187.40,0,
187.41,0,
187.42,0,
187.43,0,
187.44,0,
187.45,0,
187.46,0,
187.47,0,
187.48,0,
187.49,0,
187.50,0,
187.51,0,
187.52,0,
187.53,0,
187.54,0,
187.55,0,
187.56,0,
187.57,0,
187.58,0,
187.59,0,
187.60,0,
187.61,0,
187.62,0,
187.63,0,
187.64,0,
187.65,0,
187.66,0,
187.67,0,
187.68,0,
187.69,0,
187.70,0,
187.71,0,
187.72,0,
187.73,0,
187.74,0,
187.75,0,
187.76,0,
187.77,0,
187.78,0,
187.79,0,
187.80,0,
187.81,0,
187.82,0,
187.83,0,
187.84,0,
187.85,0,
187.86,0,
187.87,0,
187.88,0,
187.89,0,
187.90,0,
187.91,0,
187.92,0,
187.93,0,
187.94,0,
187.95,0,
187.96,0,
187.97,0,
187.98,0,
187.99,0,
188.00,0,
188.01,0,
188.02,0,
188.03,0,
188.04,0,
188.05,0,
188.06,0,
188.07,0,
188.08,0,
188.09,0,
188.10,0,
188.11,0,
188.12,0,
188.13,0,
188.14,0,
188.15,0,
188.16,0,
188.17,0,
188.18,0,
188.19,0,
188.20,0,
188.21,0,
188.22,0,
188.23,0,
188.24,0,
188.25,0,
188.26,0,
188.27,0,
188.28,0,
188.29,0,
188.30,0,
188.31,0,
188.32,0,
188.33,0,
188.34,0,
188.35,0,
188.36,0,
188.37,0,
188.38,0,
188.39,0,
188.40,0,
188.41,0,
188.42,0,
188.43,0,
188.44,0,
188.45,0,
188.46,0,
188.47,0,
188.48,0,
188.49,0,
188.50,0,
188.51,0,
188.52,0,
188.53,0,
188.54,0,
188.55,0,
188.56,0,
188.57,0,
188.58,0,
188.59,0,
188.60,0,
188.61,0,
188.62,0,
188.63,0,
188.64,0,
188.65,0,
188.66,0,
188.67,0,
188.68,0,
188.69,0,
188.70,0,
188.71,0,
188.72,0,
188.73,0,
188.74,0,
188.75,0,
188.76,0,
188.77,0,
188.78,0,
188.79,0,
188.80,0,
188.81,0,
188.82,0,
188.83,0,
188.84,0,
188.85,0,
188.86,0,
188.87,0,
188.88,0,
188.89,0,
188.90,0,
188.91,0,
188.92,0,
188.93,0,
188.94,0,
188.95,0,
188.96,0,
188.97,0,
188.98,0,
188.99,0,
189.00,0,
189.01,0,
189.02,0,
189.03,0,
189.04,0,
189.05,0,
189.06,0,
189.07,0,
189.08,0,
189.09,0,
189.10,0,
189.11,0,
189.12,0,
189.13,0,
189.14,0,
189.15,0,
189.16,0,
189.17,0,
189.18,0,
189.19,0,
189.20,0,
189.21,0,
189.22,0,
189.23,0,
189.24,0,
189.25,0,
189.26,0,
189.27,0,
189.28,0,
189.29,0,
189.30,0,
189.31,0,
189.32,0,
189.33,0,
189.34,0,
189.35,0,
189.36,0,
189.37,0,
189.38,0,
189.39,0,
189.40,0,
189.41,0,
189.42,0,
189.43,0,
189.44,0,
189.45,0,
189.46,0,
189.47,0,
189.48,0,
189.49,0,
189.50,0,
189.51,0,
189.52,0,
189.53,0,
189.54,0,
189.55,0,
189.56,0,
189.57,0,
189.58,0,
189.59,0,
189.60,0,
189.61,0,
189.62,0,
189.63,0,
189.64,0,
189.65,0,
189.66,0,
189.67,0,
189.68,0,
189.69,0,
189.70,0,
189.71,0,
189.72,0,
189.73,0,
189.74,0,
189.75,0,
189.76,0,
189.77,0,
189.78,0,
189.79,0,
189.80,0,
189.81,0,
189.82,0,
189.83,0,
189.84,0,
189.85,0,
189.86,0,
189.87,0,
189.88,0,
189.89,0,
189.90,0,
189.91,0,
189.92,0,
189.93,0,
189.94,0,
189.95,0,
189.96,0,
189.97,0,
189.98,0,
189.99,0,
190.00,0,
190.01,0,
190.02,0,
190.03,0,
190.04,0,
190.05,0,
190.06,0,
190.07,0,
190.08,0,
190.09,0,
190.10,0,
190.11,0,
190.12,0,
190.13,0,
190.14,0,
190.15,0,
190.16,0,
190.17,0,
190.18,0,
190.19,0,
190.20,0,
190.21,0,
190.22,0,
190.23,0,
190.24,0,
190.25,0,
190.26,0,
190.27,0,
190.28,0,
190.29,0,
190.30,0,
190.31,0,
190.32,0,
190.33,0,
190.34,0,
190.35,0,
190.36,0,
190.37,0,
190.38,0,
190.39,0,
190.40,0,
190.41,0,
190.42,0,
190.43,0,
190.44,0,
190.45,0,
190.46,0,
190.47,0,
190.48,0,
190.49,0,
190.50,0,
190.51,0,
190.52,0,
190.53,0,
190.54,0,
190.55,0,
190.56,0,
190.57,0,
190.58,0,
190.59,0,
190.60,0,
190.61,0,
190.62,0,
190.63,0,
190.64,0,
190.65,0,
190.66,0,
190.67,0,
190.68,0,
190.69,0,
190.70,0,
190.71,0,
190.72,0,
190.73,0,
190.74,0,
190.75,0,
190.76,0,
190.77,0,
190.78,0,
190.79,0,
190.80,0,
190.81,0,
190.82,0,
190.83,0,
190.84,0,
190.85,0,
190.86,0,
190.87,0,
190.88,0,
190.89,0,
190.90,0,
190.91,0,
190.92,0,
190.93,0,
190.94,0,
190.95,0,
190.96,0,
190.97,0,
190.98,0,
190.99,0,
191.00,0,
191.01,0,
191.02,0,
191.03,0,
191.04,0,
191.05,0,
191.06,0,
191.07,0,
191.08,0,
191.09,0,
191.10,0,
191.11,0,
191.12,0,
191.13,0,
191.14,0,
191.15,0,
191.16,0,
191.17,0,
191.18,0,
191.19,0,
191.20,0,
191.21,0,
191.22,0,
191.23,0,
191.24,0,
191.25,0,
191.26,0,
191.27,0,
191.28,0,
191.29,0,
191.30,0,
191.31,0,
191.32,0,
191.33,0,
191.34,0,
191.35,0,
191.36,0,
191.37,0,
191.38,0,
191.39,0,
191.40,0,
191.41,0,
191.42,0,
191.43,0,
191.44,0,
191.45,0,
191.46,0,
191.47,0,
191.48,0,
191.49,0,
191.50,0,
191.51,0,
191.52,0,
191.53,0,
191.54,0,
191.55,0,
191.56,0,
191.57,0,
191.58,0,
191.59,0,
191.60,0,
191.61,0,
191.62,0,
191.63,0,
191.64,0,
191.65,0,
191.66,0,
191.67,0,
191.68,0,
191.69,0,
191.70,0,
191.71,0,
191.72,0,
191.73,0,
191.74,0,
191.75,0,
191.76,0,
191.77,0,
191.78,0,
191.79,0,
191.80,0,
191.81,0,
191.82,0,
191.83,0,
191.84,0,
191.85,0,
191.86,0,
191.87,0,
191.88,0,
191.89,0,
191.90,0,
191.91,0,
191.92,0,
191.93,0,
191.94,0,
191.95,0,
191.96,0,
191.97,0,
191.98,0,
191.99,0,
192.00,0,
192.01,0,
192.02,0,
192.03,0,
192.04,0,
192.05,0,
192.06,0,
192.07,0,
192.08,0,
192.09,0,
192.10,0,
192.11,0,
192.12,0,
192.13,0,
192.14,0,
192.15,0,
192.16,0,
192.17,0,
192.18,0,
192.19,0,
192.20,0,
192.21,0,
192.22,0,
192.23,0,
192.24,0,
192.25,0,
192.26,0,
192.27,0,
192.28,0,
192.29,0,
192.30,0,
192.31,0,
192.32,0,
192.33,0,
192.34,0,
192.35,0,
192.36,0,
192.37,0,
192.38,0,
192.39,0,
192.40,0,
192.41,0,
192.42,0,
192.43,0,
192.44,0,
192.45,0,
192.46,0,
192.47,0,
192.48,0,
192.49,0,
192.50,0,
192.51,0,
192.52,0,
192.53,0,
192.54,0,
192.55,0,
192.56,0,
192.57,0,
192.58,0,
192.59,0,
192.60,0,
192.61,0,
192.62,0,
192.63,0,
192.64,0,
192.65,0,
192.66,0,
192.67,0,
192.68,0,
192.69,0,
192.70,0,
192.71,0,
192.72,0,
192.73,0,
192.74,0,
192.75,0,
192.76,0,
192.77,0,
192.78,0,
192.79,0,
192.80,0,
192.81,0,
192.82,0,
192.83,0,
192.84,0,
192.85,0,
192.86,0,
192.87,0,
192.88,0,
192.89,0,
192.90,0,
192.91,0,
192.92,0,
192.93,0,
192.94,0,
192.95,0,
192.96,0,
192.97,0,
192.98,0,
192.99,0,
193.00,0,
193.01,0,
193.02,0,
193.03,0,
193.04,0,
193.05,0,
193.06,0,
193.07,0,
193.08,0,
193.09,0,
193.10,0,
193.11,0,
193.12,0,
193.13,0,
193.14,0,
193.15,0,
193.16,0,
193.17,0,
193.18,0,
193.19,0,
193.20,0,
193.21,0,
193.22,0,
193.23,0,
193.24,0,
193.25,0,
193.26,0,
193.27,0,
193.28,0,
193.29,0,
193.30,0,
193.31,0,
193.32,0,
193.33,0,
193.34,0,
193.35,0,
193.36,0,
193.37,0,
193.38,0,
193.39,0,
193.40,0,
193.41,0,
193.42,0,
193.43,0,
193.44,0,
193.45,0,
193.46,0,
193.47,0,
193.48,0,
193.49,0,
193.50,0,
193.51,0,
193.52,0,
193.53,0,
193.54,0,
193.55,0,
193.56,0,
193.57,0,
193.58,0,
193.59,0,
193.60,0,
193.61,0,
193.62,0,
193.63,0,
193.64,0,
193.65,0,
193.66,0,
193.67,0,
193.68,0,
193.69,0,
193.70,0,
193.71,0,
193.72,0,
193.73,0,
193.74,0,
193.75,0,
193.76,0,
193.77,0,
193.78,0,
193.79,0,
193.80,0,
193.81,0,
193.82,0,
193.83,0,
193.84,0,
193.85,0,
193.86,0,
193.87,0,
193.88,0,
193.89,0,
193.90,0,
193.91,0,
193.92,0,
193.93,0,
193.94,0,
193.95,0,
193.96,0,
193.97,0,
193.98,0,
193.99,0,
194.00,0,
194.01,0,
194.02,0,
194.03,0,
194.04,0,
194.05,0,
194.06,0,
194.07,0,
194.08,0,
194.09,0,
194.10,0,
194.11,0,
194.12,0,
194.13,0,
194.14,0,
194.15,0,
194.16,0,
194.17,0,
194.18,0,
194.19,0,
194.20,0,
194.21,0,
194.22,0,
194.23,0,
194.24,0,
194.25,0,
194.26,0,
194.27,0,
194.28,0,
194.29,0,
194.30,0,
194.31,0,
194.32,0,
194.33,0,
194.34,0,
194.35,0,
194.36,0,
194.37,0,
194.38,0,
194.39,0,
194.40,0,
194.41,0,
194.42,0,
194.43,0,
194.44,0,
194.45,0,
194.46,0,
194.47,0,
194.48,0,
194.49,0,
194.50,0,
194.51,0,
194.52,0,
194.53,0,
194.54,0,
194.55,0,
194.56,0,
194.57,0,
194.58,0,
194.59,0,
194.60,0,
194.61,0,
194.62,0,
194.63,0,
194.64,0,
194.65,0,
194.66,0,
194.67,0,
194.68,0,
194.69,0,
194.70,0,
194.71,0,
194.72,0,
194.73,0,
194.74,0,
194.75,0,
194.76,0,
194.77,0,
194.78,0,
194.79,0,
194.80,0,
194.81,0,
194.82,0,
194.83,0,
194.84,0,
194.85,0,
194.86,0,
194.87,0,
194.88,0,
194.89,0,
194.90,0,
194.91,0,
194.92,0,
194.93,0,
194.94,0,
194.95,0,
194.96,0,
194.97,0,
194.98,0,
194.99,0,
195.00,0,
195.01,0,
195.02,0,
195.03,0,
195.04,0,
195.05,0,
195.06,0,
195.07,0,
195.08,0,
195.09,0,
195.10,0,
195.11,0,
195.12,0,
195.13,0,
195.14,0,
195.15,0,
195.16,0,
195.17,0,
195.18,0,
195.19,0,
195.20,0,
195.21,0,
195.22,0,
195.23,0,
195.24,0,
195.25,0,
195.26,0,
195.27,0,
195.28,0,
195.29,0,
195.30,0,
195.31,0,
195.32,0,
195.33,0,
195.34,0,
195.35,0,
195.36,0,
195.37,0,
195.38,0,
195.39,0,
195.40,0,
195.41,0,
195.42,0,
195.43,0,
195.44,0,
195.45,0,
195.46,0,
195.47,0,
195.48,0,
195.49,0,
195.50,0,
195.51,0,
195.52,0,
195.53,0,
195.54,0,
195.55,0,
195.56,0,
195.57,0,
195.58,0,
195.59,0,
195.60,0,
195.61,0,
195.62,0,
195.63,0,
195.64,0,
195.65,0,
195.66,0,
195.67,0,
195.68,0,
195.69,0,
195.70,0,
195.71,0,
195.72,0,
195.73,0,
195.74,0,
195.75,0,
195.76,0,
195.77,0,
195.78,0,
195.79,0,
195.80,0,
195.81,0,
195.82,0,
195.83,0,
195.84,0,
195.85,0,
195.86,0,
195.87,0,
195.88,0,
195.89,0,
195.90,0,
195.91,0,
195.92,0,
195.93,0,
195.94,0,
195.95,0,
195.96,0,
195.97,0,
195.98,0,
195.99,0,
196.00,0,
196.01,0,
196.02,0,
196.03,0,
196.04,0,
196.05,0,
196.06,0,
196.07,0,
196.08,0,
196.09,0,
196.10,0,
196.11,0,
196.12,0,
196.13,0,
196.14,0,
196.15,0,
196.16,0,
196.17,0,
196.18,0,
196.19,0,
196.20,0,
196.21,0,
196.22,0,
196.23,0,
196.24,0,
196.25,0,
196.26,0,
196.27,0,
196.28,0,
196.29,0,
196.30,0,
196.31,0,
196.32,0,
196.33,0,
196.34,0,
196.35,0,
196.36,0,
196.37,0,
196.38,0,
196.39,0,
196.40,0,
196.41,0,
196.42,0,
196.43,0,
196.44,0,
196.45,0,
196.46,0,
196.47,0,
196.48,0,
196.49,0,
196.50,0,
196.51,0,
196.52,0,
196.53,0,
196.54,0,
196.55,0,
196.56,0,
196.57,0,
196.58,0,
196.59,0,
196.60,0,
196.61,0,
196.62,0,
196.63,0,
196.64,0,
196.65,0,
196.66,0,
196.67,0,
196.68,0,
196.69,0,
196.70,0,
196.71,0,
196.72,0,
196.73,0,
196.74,0,
196.75,0,
196.76,0,
196.77,0,
196.78,0,
196.79,0,
196.80,0,
196.81,0,
196.82,0,
196.83,0,
196.84,0,
196.85,0,
196.86,0,
196.87,0,
196.88,0,
196.89,0,
196.90,0,
196.91,0,
196.92,0,
196.93,0,
196.94,0,
196.95,0,
196.96,0,
196.97,0,
196.98,0,
196.99,0,
197.00,0,
197.01,0,
197.02,0,
197.03,0,
197.04,0,
197.05,0,
197.06,0,
197.07,0,
197.08,0,
197.09,0,
197.10,0,
197.11,0,
197.12,0,
197.13,0,
197.14,0,
197.15,0,
197.16,0,
197.17,0,
197.18,0,
197.19,0,
197.20,0,
197.21,0,
197.22,0,
197.23,0,
197.24,0,
197.25,0,
197.26,0,
197.27,0,
197.28,0,
197.29,0,
197.30,0,
197.31,0,
197.32,0,
197.33,0,
197.34,0,
197.35,0,
197.36,0,
197.37,0,
197.38,0,
197.39,0,
197.40,0,
197.41,0,
197.42,0,
197.43,0,
197.44,0,
197.45,0,
197.46,0,
197.47,0,
197.48,0,
197.49,0,
197.50,0,
197.51,0,
197.52,0,
197.53,0,
197.54,0,
197.55,0,
197.56,0,
197.57,0,
197.58,0,
197.59,0,
197.60,0,
197.61,0,
197.62,0,
197.63,0,
197.64,0,
197.65,0,
197.66,0,
197.67,0,
197.68,0,
197.69,0,
197.70,0,
197.71,0,
197.72,0,
197.73,0,
197.74,0,
197.75,0,
197.76,0,
197.77,0,
197.78,0,
197.79,0,
197.80,0,
197.81,0,
197.82,0,
197.83,0,
197.84,0,
197.85,0,
197.86,0,
197.87,0,
197.88,0,
197.89,0,
197.90,0,
197.91,0,
197.92,0,
197.93,0,
197.94,0,
197.95,0,
197.96,0,
197.97,0,
197.98,0,
197.99,0,
198.00,0,
198.01,0,
198.02,0,
198.03,0,
198.04,0,
198.05,0,
198.06,0,
198.07,0,
198.08,0,
198.09,0,
198.10,0,
198.11,0,
198.12,0,
198.13,0,
198.14,0,
198.15,0,
198.16,0,
198.17,0,
198.18,0,
198.19,0,
198.20,0,
198.21,0,
198.22,0,
198.23,0,
198.24,0,
198.25,0,
198.26,0,
198.27,0,
198.28,0,
198.29,0,
198.30,0,
198.31,0,
198.32,0,
198.33,0,
198.34,0,
198.35,0,
198.36,0,
198.37,0,
198.38,0,
198.39,0,
198.40,0,
198.41,0,
198.42,0,
198.43,0,
198.44,0,
198.45,0,
198.46,0,
198.47,0,
198.48,0,
198.49,0,
198.50,0,
198.51,0,
198.52,0,
198.53,0,
198.54,0,
198.55,0,
198.56,0,
198.57,0,
198.58,0,
198.59,0,
198.60,0,
198.61,0,
198.62,0,
198.63,0,
198.64,0,
198.65,0,
198.66,0,
198.67,0,
198.68,0,
198.69,0,
198.70,0,
198.71,0,
198.72,0,
198.73,0,
198.74,0,
198.75,0,
198.76,0,
198.77,0,
198.78,0,
198.79,0,
198.80,0,
198.81,0,
198.82,0,
198.83,0,
198.84,0,
198.85,0,
198.86,0,
198.87,0,
198.88,0,
198.89,0,
198.90,0,
198.91,0,
198.92,0,
198.93,0,
198.94,0,
198.95,0,
198.96,0,
198.97,0,
198.98,0,
198.99,0,
199.00,0,
199.01,0,
199.02,0,
199.03,0,
199.04,0,
199.05,0,
199.06,0,
199.07,0,
199.08,0,
199.09,0,
199.10,0,
199.11,0,
199.12,0,
199.13,0,
199.14,0,
199.15,0,
199.16,0,
199.17,0,
199.18,0,
199.19,0,
199.20,0,
199.21,0,
199.22,0,
199.23,0,
199.24,0,
199.25,0,
199.26,0,
199.27,0,
199.28,0,
199.29,0,
199.30,0,
199.31,0,
199.32,0,
199.33,0,
199.34,0,
199.35,0,
199.36,0,
199.37,0,
199.38,0,
199.39,0,
199.40,0,
199.41,0,
199.42,0,
199.43,0,
199.44,0,
199.45,0,
199.46,0,
199.47,0,
199.48,0,
199.49,0,
199.50,0,
199.51,0,
199.52,0,
199.53,0,
199.54,0,
199.55,0,
199.56,0,
199.57,0,
199.58,0,
199.59,0,
199.60,0,
199.61,0,
199.62,0,
199.63,0,
199.64,0,
199.65,0,
199.66,0,
199.67,0,
199.68,0,
199.69,0,
199.70,0,
199.71,0,
199.72,0,
199.73,0,
199.74,0,
199.75,0,
199.76,0,
199.77,0,
199.78,0,
199.79,0,
199.80,0,
199.81,0,
199.82,0,
199.83,0,
199.84,0,
199.85,0,
199.86,0,
199.87,0,
199.88,0,
199.89,0,
199.90,0,
199.91,0,
199.92,0,
199.93,0,
199.94,0,
199.95,0,
199.96,0,
199.97,0,
199.98,0,
199.99,0,
200.00,0,
200.01,0,
200.02,0,
200.03,0,
200.04,0,
200.05,0,
200.06,0,
200.07,0,
200.08,0,
200.09,0,
200.10,0,
200.11,0,
200.12,0,
200.13,0,
200.14,0,
200.15,0,
200.16,0,
200.17,0,
200.18,0,
200.19,0,
200.20,0,
200.21,0,
200.22,0,
200.23,0,
200.24,0,
200.25,0,
200.26,0,
200.27,0,
200.28,0,
200.29,0,
200.30,0,
200.31,0,
200.32,0,
200.33,0,
200.34,0,
200.35,0,
200.36,0,
200.37,0,
200.38,0,
200.39,0,
200.40,0,
200.41,0,
200.42,0,
200.43,0,
200.44,0,
200.45,0,
200.46,0,
200.47,0,
200.48,0,
200.49,0,
200.50,0,
200.51,0,
200.52,0,
200.53,0,
200.54,0,
200.55,0,
200.56,0,
200.57,0,
200.58,0,
200.59,0,
200.60,0,
200.61,0,
200.62,0,
200.63,0,
200.64,0,
200.65,0,
200.66,0,
200.67,0,
200.68,0,
200.69,0,
200.70,0,
200.71,0,
200.72,0,
200.73,0,
200.74,0,
200.75,0,
200.76,0,
200.77,0,
200.78,0,
200.79,0,
200.80,0,
200.81,0,
200.82,0,
200.83,0,
200.84,0,
200.85,0,
200.86,0,
200.87,0,
200.88,0,
200.89,0,
200.90,0,
200.91,0,
200.92,0,
200.93,0,
200.94,0,
200.95,0,
200.96,0,
200.97,0,
200.98,0,
200.99,0,
201.00,0,
201.01,0,
201.02,0,
201.03,0,
201.04,0,
201.05,0,
201.06,0,
201.07,0,
201.08,0,
201.09,0,
201.10,0,
201.11,0,
201.12,0,
201.13,0,
201.14,0,
201.15,0,
201.16,0,
201.17,0,
201.18,0,
201.19,0,
201.20,0,
201.21,0,
201.22,0,
201.23,0,
201.24,0,
201.25,0,
201.26,0,
201.27,0,
201.28,0,
201.29,0,
201.30,0,
201.31,0,
201.32,0,
201.33,0,
201.34,0,
201.35,0,
201.36,0,
201.37,0,
201.38,0,
201.39,0,
201.40,0,
201.41,0,
201.42,0,
201.43,0,
201.44,0,
201.45,0,
201.46,0,
201.47,0,
201.48,0,
201.49,0,
201.50,0,
201.51,0,
201.52,0,
201.53,0,
201.54,0,
201.55,0,
201.56,0,
201.57,0,
201.58,0,
201.59,0,
201.60,0,
201.61,0,
201.62,0,
201.63,0,
201.64,0,
201.65,0,
201.66,0,
201.67,0,
201.68,0,
201.69,0,
201.70,0,
201.71,0,
201.72,0,
201.73,0,
201.74,0,
201.75,0,
201.76,0,
201.77,0,
201.78,0,
201.79,0,
201.80,0,
201.81,0,
201.82,0,
201.83,0,
201.84,0,
201.85,0,
201.86,0,
201.87,0,
201.88,0,
201.89,0,
201.90,0,
201.91,0,
201.92,0,
201.93,0,
201.94,0,
201.95,0,
201.96,0,
201.97,0,
201.98,0,
201.99,0,
202.00,0,
202.01,0,
202.02,0,
202.03,0,
202.04,0,
202.05,0,
202.06,0,
202.07,1,0.018
202.08,1,0.019
