t,vocal_on,width
0.00,1,0.032
0.01,1,0.030
0.02,1,0.030
0.03,0,
0.04,0,
0.05,0,
0.06,0,
0.07,0,
0.08,0,
0.09,0,
0.10,0,
0.11,0,
0.12,0,
0.13,0,
0.14,0,
0.15,0,
0.16,0,
0.17,0,
0.18,0,
0.19,0,
0.20,0,
0.21,0,
0.22,0,
0.23,0,
0.24,0,
0.25,0,
0.26,0,
0.27,0,
0.28,0,
0.29,0,
0.30,0,
0.31,0,
0.32,0,
0.33,0,
0.34,0,
0.35,0,
0.36,0,
0.37,0,
0.38,0,
0.39,0,
0.40,0,
0.41,0,
0.42,0,
0.43,0,
0.44,0,
0.45,0,
0.46,0,
0.47,0,
0.48,0,
0.49,0,
0.50,0,
0.51,0,
0.52,0,
0.53,0,
0.54,0,
0.55,0,
0.56,0,
0.57,0,
0.58,0,
0.59,0,
0.60,0,
0.61,0,
0.62,0,
0.63,0,
0.64,0,
0.65,0,
0.66,0,
0.67,0,
0.68,0,
0.69,0,
0.70,0,
0.71,0,
0.72,0,
0.73,0,
0.74,0,
0.75,0,
0.76,0,
0.77,0,
0.78,0,
0.79,0,
0.80,0,
0.81,0,
0.82,0,
0.83,0,
0.84,0,
0.85,0,
0.86,0,
0.87,0,
0.88,0,
0.89,0,
0.90,0,
0.91,0,
0.92,0,
0.93,0,
0.94,0,
0.95,0,
0.96,0,
0.97,0,
0.98,0,
0.99,0,
1.00,0,
1.01,0,
1.02,0,
1.03,0,
1.04,0,
1.05,0,
1.06,0,
1.07,0,
1.08,0,
1.09,0,
1.10,0,
1.11,0,
1.12,0,
1.13,0,
1.14,0,
1.15,0,
1.16,0,
1.17,0,
1.18,0,
1.19,0,
1.20,0,
1.21,0,
1.22,0,
1.23,0,
1.24,0,
1.25,0,
1.26,0,
1.27,0,
1.28,0,
1.29,0,
1.30,0,
1.31,0,
1.32,0,
1.33,0,
1.34,0,
1.35,0,
1.36,0,
1.37,0,
1.38,0,
1.39,0,
1.40,0,
1.41,0,
1.42,0,
1.43,0,
1.44,0,
1.45,0,
1.46,0,
1.47,0,
1.48,0,
1.49,0,
1.50,0,
1.51,0,
1.52,0,
1.53,0,
1.54,0,
1.55,0,
1.56,0,
1.57,0,
1.58,0,
1.59,0,
1.60,0,
1.61,0,
1.62,0,
1.63,0,
1.64,0,
1.65,0,
1.66,0,
1.67,0,
1.68,0,
1.69,0,
1.70,0,
1.71,0,
1.72,0,
1.73,0,
1.74,0,
1.75,0,
1.76,0,
1.77,0,
1.78,0,
1.79,0,
1.80,0,
1.81,0,
1.82,0,
1.83,0,
1.84,0,
1.85,0,
1.86,0,
1.87,0,
1.88,0,
1.89,0,
1.90,0,
1.91,0,
1.92,0,
1.93,0,
1.94,0,
1.95,0,
1.96,0,
1.97,0,
1.98,0,
1.99,0,
2.00,0,
2.01,0,
2.02,0,
2.03,0,
2.04,0,
2.05,0,
2.06,0,
2.07,0,
2.08,0,
2.09,0,
2.10,0,
2.11,0,
2.12,0,
2.13,0,
2.14,0,
2.15,0,
2.16,0,
2.17,0,
2.18,0,
2.19,0,
2.20,0,
2.21,0,
2.22,0,
2.23,0,
2.24,0,
2.25,0,
2.26,0,
2.27,0,
2.28,0,
2.29,0,
2.30,0,
2.31,0,
2.32,0,
2.33,0,
2.34,0,
2.35,0,
2.36,0,
2.37,0,
2.38,1,0.671
2.39,1,0.463
2.40,1,0.465
2.41,1,0.528
2.42,1,0.543
2.43,1,0.569
2.44,1,0.577
2.45,1,0.584
2.46,1,0.669
2.47,1,0.671
2.48,1,0.729
2.49,1,0.827
2.50,1,0.955
2.51,1,0.930
2.52,1,1.030
2.53,1,0.957
2.54,1,0.893
2.55,1,0.842
2.56,1,0.879
2.57,1,0.855
2.58,1,0.883
2.59,1,0.871
2.60,1,0.831
2.61,1,0.794
2.62,1,0.765
2.63,1,0.820
2.64,1,0.786
2.65,1,0.818
2.66,1,0.846
2.67,1,0.844
2.68,1,0.865
2.69,1,0.907
2.70,1,0.904
2.71,1,0.991
2.72,1,1.009
2.73,1,1.037
2.74,1,1.040
2.75,1,0.971
2.76,1,0.742
2.77,1,0.437
2.78,1,0.334
2.79,1,0.286
2.80,1,0.259
2.81,1,0.246
2.82,1,0.247
2.83,1,0.242
2.84,1,0.242
2.85,1,0.261
2.86,1,0.299
2.87,1,0.327
2.88,1,0.347
2.89,1,0.375
2.90,1,0.411
2.91,1,0.436
2.92,1,0.524
2.93,1,0.770
2.94,1,0.953
2.95,1,0.902
2.96,1,0.945
2.97,1,0.920
2.98,1,0.918
2.99,1,0.894
3.00,1,0.659
3.01,1,0.476
3.02,1,0.433
3.03,1,0.409
3.04,1,0.410
3.05,1,0.434
3.06,1,0.471
3.07,1,0.438
3.08,1,0.394
3.09,1,0.380
3.10,1,0.375
3.11,1,0.347
3.12,1,0.341
3.13,1,0.332
3.14,1,0.312
3.15,1,0.316
3.16,1,0.333
3.17,1,0.367
3.18,1,0.414
3.19,1,0.467
3.20,1,0.527
3.21,1,0.637
3.22,1,0.727
3.23,1,0.805
3.24,1,0.877
3.25,1,0.961
3.26,1,0.976
3.27,1,0.960
3.28,1,0.995
3.29,1,0.951
3.30,1,0.844
3.31,1,0.732
3.32,1,0.626
3.33,1,0.457
3.34,1,0.386
3.35,1,0.339
3.36,1,0.286
3.37,1,0.252
3.38,1,0.247
3.39,1,0.247
3.40,1,0.254
3.41,1,0.271
3.42,1,0.290
3.43,1,0.283
3.44,1,0.294
3.45,1,0.311
3.46,1,0.307
3.47,1,0.325
3.48,1,0.344
3.49,1,0.328
3.50,1,0.330
3.51,1,0.320
3.52,1,0.305
3.53,1,0.315
3.54,1,0.322
3.55,1,0.348
3.56,1,0.362
3.57,1,0.371
3.58,1,0.378
3.59,1,0.388
3.60,1,0.403
3.61,1,0.421
3.62,1,0.442
3.63,1,0.453
3.64,1,0.460
3.65,1,0.481
3.66,1,0.531
3.67,1,0.612
3.68,1,0.704
3.69,1,0.784
3.70,1,0.918
3.71,1,0.982
3.72,1,0.956
3.73,1,0.851
3.74,1,0.824
3.75,1,0.770
3.76,1,0.764
3.77,1,0.784
3.78,1,0.805
3.79,1,0.911
3.80,1,0.920
3.81,1,0.914
3.82,1,0.956
3.83,1,0.998
3.84,1,0.917
3.85,1,0.797
3.86,1,0.450
3.87,1,0.434
3.88,1,0.433
3.89,1,0.404
3.90,1,0.403
3.91,1,0.483
3.92,1,0.573
3.93,1,0.680
3.94,1,0.776
3.95,1,0.790
3.96,1,0.683
3.97,1,0.584
3.98,1,0.532
3.99,1,0.540
4.00,1,0.578
4.01,1,0.697
4.02,1,0.816
4.03,1,0.985
4.04,1,1.109
4.05,1,1.315
4.06,1,1.133
4.07,1,0.784
4.08,1,0.525
4.09,1,0.450
4.10,1,0.487
4.11,1,0.530
4.12,1,0.572
4.13,1,0.587
4.14,1,0.639
4.15,1,0.690
4.16,1,0.663
4.17,1,0.586
4.18,1,0.588
4.19,1,0.574
4.20,1,0.559
4.21,1,0.590
4.22,1,0.589
4.23,1,0.522
4.24,1,0.457
4.25,1,0.412
4.26,1,0.395
4.27,1,0.422
4.28,1,0.473
4.29,1,0.549
4.30,1,0.663
4.31,1,0.807
4.32,1,0.864
4.33,1,0.932
4.34,1,0.898
4.35,1,1.214
4.36,1,1.439
4.37,1,1.438
4.38,1,1.207
4.39,1,0.865
4.40,1,0.716
4.41,1,0.647
4.42,1,0.604
4.43,1,0.548
4.44,1,0.503
4.45,1,0.499
4.46,1,0.511
4.47,1,0.527
4.48,1,0.548
4.49,1,0.578
4.50,1,0.562
4.51,1,0.530
4.52,1,0.548
4.53,1,0.664
4.54,1,0.698
4.55,1,0.702
4.56,1,0.697
4.57,1,0.627
4.58,1,0.575
4.59,1,0.555
4.60,1,0.545
4.61,1,0.582
4.62,1,0.489
4.63,1,0.462
4.64,1,0.484
4.65,1,0.490
4.66,1,0.502
4.67,1,0.564
4.68,1,0.629
4.69,1,0.682
4.70,1,0.769
4.71,1,0.889
4.72,1,1.037
4.73,1,1.068
4.74,1,0.934
4.75,1,0.841
4.76,1,0.779
4.77,1,0.799
4.78,1,0.891
4.79,1,1.027
4.80,1,1.014
4.81,1,1.092
4.82,1,1.091
4.83,1,1.041
4.84,1,1.145
4.85,1,1.209
4.86,1,1.310
4.87,1,1.472
4.88,1,1.633
4.89,1,1.564
4.90,1,1.650
4.91,1,1.300
4.92,1,1.288
4.93,1,1.033
4.94,1,0.711
4.95,1,0.264
4.96,1,0.192
4.97,1,0.163
4.98,1,0.211
4.99,1,0.244
5.00,1,0.265
5.01,1,0.297
5.02,1,0.322
5.03,1,0.324
5.04,1,0.334
5.05,1,0.347
5.06,1,0.322
5.07,1,0.310
5.08,1,0.255
5.09,1,0.246
5.10,1,0.253
5.11,1,0.253
5.12,1,0.278
5.13,1,0.301
5.14,1,0.298
5.15,1,0.296
5.16,1,0.279
5.17,1,0.267
5.18,1,0.266
5.19,1,0.260
5.20,1,0.249
5.21,1,0.235
5.22,1,0.229
5.23,1,0.231
5.24,1,0.228
5.25,1,0.210
5.26,1,0.208
5.27,1,0.224
5.28,1,0.228
5.29,1,0.239
5.30,1,0.254
5.31,1,0.266
5.32,1,0.268
5.33,1,0.261
5.34,1,0.252
5.35,1,0.236
5.36,1,0.228
5.37,1,0.203
5.38,1,0.198
5.39,1,0.209
5.40,1,0.230
5.41,1,0.250
5.42,1,0.317
5.43,1,0.378
5.44,1,0.443
5.45,1,0.538
5.46,1,0.643
5.47,1,0.805
5.48,1,0.818
5.49,1,0.620
5.50,1,0.405
5.51,1,0.260
5.52,1,0.179
5.53,1,0.152
5.54,1,0.153
5.55,1,0.172
5.56,1,0.194
5.57,1,0.230
5.58,1,0.280
5.59,1,0.330
5.60,1,0.358
5.61,1,0.369
5.62,1,0.354
5.63,1,0.314
5.64,1,0.270
5.65,1,0.222
5.66,1,0.204
5.67,1,0.228
5.68,1,0.225
5.69,1,0.254
5.70,1,0.279
5.71,1,0.294
5.72,1,0.306
5.73,1,0.302
5.74,1,0.276
5.75,1,0.256
5.76,1,0.231
5.77,1,0.220
5.78,1,0.223
5.79,1,0.226
5.80,1,0.235
5.81,1,0.246
5.82,1,0.275
5.83,1,0.366
5.84,1,0.466
5.85,1,0.579
5.86,1,0.698
5.87,1,0.758
5.88,1,0.643
5.89,1,0.697
5.90,1,0.806
5.91,1,0.929
5.92,1,1.268
5.93,1,1.590
5.94,1,1.845
5.95,1,1.975
5.96,1,1.943
5.97,1,1.949
5.98,1,1.842
5.99,1,1.783
6.00,1,1.665
6.01,1,1.479
6.02,1,1.230
6.03,1,0.910
6.04,1,0.459
6.05,1,0.425
6.06,1,0.456
6.07,1,0.487
6.08,1,0.541
6.09,1,0.599
6.10,1,0.649
6.11,1,0.619
6.12,1,0.594
6.13,1,0.625
6.14,1,0.607
6.15,1,0.615
6.16,1,0.643
6.17,1,0.647
6.18,1,0.701
6.19,1,0.773
6.20,1,0.862
6.21,1,1.103
6.22,1,1.445
6.23,1,1.369
6.24,1,1.056
6.25,1,0.742
6.26,1,0.613
6.27,1,0.596
6.28,1,0.604
6.29,1,0.601
6.30,1,0.594
6.31,1,0.633
6.32,1,0.688
6.33,1,0.693
6.34,1,0.762
6.35,1,0.790
6.36,1,0.767
6.37,1,0.723
6.38,1,0.702
6.39,1,0.715
6.40,1,0.733
6.41,1,0.659
6.42,1,0.629
6.43,1,0.567
6.44,1,0.496
6.45,1,0.478
6.46,1,0.481
6.47,1,0.488
6.48,1,0.483
6.49,1,0.475
6.50,1,0.478
6.51,1,0.504
6.52,1,0.540
6.53,1,0.627
6.54,1,0.791
6.55,1,1.117
6.56,1,1.677
6.57,1,1.393
6.58,1,0.915
6.59,1,0.689
6.60,1,0.526
6.61,1,0.413
6.62,1,0.424
6.63,1,0.483
6.64,1,0.547
6.65,1,0.616
6.66,1,0.605
6.67,1,0.570
6.68,1,0.612
6.69,1,0.588
6.70,1,0.577
6.71,1,0.618
6.72,1,0.638
6.73,1,0.640
6.74,1,0.752
6.75,1,0.700
6.76,1,0.647
6.77,1,0.652
6.78,1,0.644
6.79,1,0.651
6.80,1,0.745
6.81,1,0.809
6.82,1,0.713
6.83,1,0.700
6.84,1,0.652
6.85,1,0.602
6.86,1,0.497
6.87,1,0.512
6.88,1,0.566
6.89,1,0.643
6.90,1,0.758
6.91,1,0.828
6.92,1,0.902
6.93,1,0.929
6.94,1,0.935
6.95,1,0.926
6.96,1,0.902
6.97,1,0.896
6.98,1,0.917
6.99,1,0.919
7.00,1,0.966
7.01,1,1.038
7.02,1,1.145
7.03,1,1.230
7.04,1,1.393
7.05,1,1.555
7.06,1,1.588
7.07,1,1.455
7.08,1,1.557
7.09,1,1.572
7.10,1,1.429
7.11,1,1.298
7.12,1,0.909
7.13,1,0.664
7.14,1,0.627
7.15,1,0.592
7.16,1,0.551
7.17,1,0.572
7.18,1,0.560
7.19,1,0.573
7.20,1,0.616
7.21,1,0.645
7.22,1,0.694
7.23,1,0.763
7.24,1,0.719
7.25,1,0.665
7.26,1,0.609
7.27,1,0.552
7.28,1,0.548
7.29,1,0.573
7.30,1,0.625
7.31,1,0.640
7.32,1,0.721
7.33,1,0.778
7.34,1,0.881
7.35,1,0.993
7.36,1,1.054
7.37,1,0.959
7.38,1,0.880
7.39,1,0.783
7.40,1,0.688
7.41,1,0.652
7.42,1,0.656
7.43,1,0.677
7.44,1,0.658
7.45,1,0.680
7.46,1,0.757
7.47,1,0.857
7.48,1,0.967
7.49,1,1.126
7.50,1,1.207
7.51,1,1.326
7.52,1,1.229
7.53,1,1.336
7.54,1,1.287
7.55,1,1.301
7.56,1,1.074
7.57,1,0.514
7.58,1,0.322
7.59,1,0.264
7.60,1,0.256
7.61,1,0.247
7.62,1,0.227
7.63,1,0.200
7.64,1,0.192
7.65,1,0.187
7.66,1,0.178
7.67,1,0.188
7.68,1,0.204
7.69,1,0.166
7.70,1,0.136
7.71,1,0.133
7.72,1,0.121
7.73,1,0.128
7.74,1,0.194
7.75,1,0.241
7.76,1,0.283
7.77,1,0.304
7.78,1,0.282
7.79,1,0.237
7.80,1,0.202
7.81,1,0.192
7.82,1,0.178
7.83,1,0.184
7.84,1,0.194
7.85,1,0.197
7.86,1,0.185
7.87,1,0.187
7.88,1,0.161
7.89,1,0.180
7.90,1,0.208
7.91,1,0.228
7.92,1,0.237
7.93,1,0.228
7.94,1,0.201
7.95,1,0.192
7.96,1,0.200
7.97,1,0.215
7.98,1,0.234
7.99,1,0.237
8.00,1,0.214
8.01,1,0.189
8.02,1,0.171
8.03,1,0.156
8.04,1,0.153
8.05,1,0.158
8.06,1,0.164
8.07,1,0.198
8.08,1,0.245
8.09,1,0.311
8.10,1,0.451
8.11,1,0.601
8.12,1,0.499
8.13,1,0.309
8.14,1,0.267
8.15,1,0.240
8.16,1,0.213
8.17,1,0.220
8.18,1,0.233
8.19,1,0.231
8.20,1,0.224
8.21,1,0.219
8.22,1,0.202
8.23,1,0.184
8.24,1,0.171
8.25,1,0.162
8.26,1,0.157
8.27,1,0.161
8.28,1,0.176
8.29,1,0.195
8.30,1,0.211
8.31,1,0.238
8.32,1,0.269
8.33,1,0.290
8.34,1,0.284
8.35,1,0.270
8.36,1,0.227
8.37,1,0.204
8.38,1,0.243
8.39,1,0.274
8.40,1,0.235
8.41,1,0.242
8.42,1,0.229
8.43,1,0.199
8.44,1,0.201
8.45,1,0.227
8.46,1,0.236
8.47,1,0.247
8.48,1,0.267
8.49,1,0.281
8.50,1,0.275
8.51,1,0.263
8.52,1,0.264
8.53,1,0.254
8.54,1,0.216
8.55,1,0.184
8.56,1,0.178
8.57,1,0.179
8.58,1,0.158
8.59,1,0.148
8.60,1,0.150
8.61,1,0.150
8.62,1,0.160
8.63,1,0.186
8.64,1,0.218
8.65,1,0.274
8.66,1,0.243
8.67,1,0.213
8.68,1,0.206
8.69,1,0.199
8.70,1,0.200
8.71,1,0.229
8.72,1,0.250
8.73,1,0.269
8.74,1,0.292
8.75,1,0.305
8.76,1,0.343
8.77,1,0.394
8.78,1,0.386
8.79,1,0.355
8.80,1,0.295
8.81,1,0.220
8.82,1,0.166
8.83,1,0.144
8.84,1,0.148
8.85,1,0.155
8.86,1,0.154
8.87,1,0.164
8.88,1,0.182
8.89,1,0.197
8.90,1,0.229
8.91,1,0.251
8.92,1,0.268
8.93,1,0.261
8.94,1,0.245
8.95,1,0.250
8.96,1,0.247
8.97,1,0.259
8.98,1,0.268
8.99,1,0.282
9.00,1,0.296
9.01,1,0.612
9.02,1,0.911
9.03,1,0.948
9.04,1,0.976
9.05,1,0.852
9.06,1,0.374
9.07,1,0.194
9.08,1,0.155
9.09,1,0.166
9.10,1,0.165
9.11,1,0.179
9.12,1,0.202
9.13,1,0.220
9.14,1,0.221
9.15,1,0.229
9.16,1,0.263
9.17,1,0.290
9.18,1,0.305
9.19,1,0.330
9.20,1,0.336
9.21,1,0.298
9.22,1,0.241
9.23,1,0.223
9.24,1,0.202
9.25,1,0.189
9.26,1,0.178
9.27,1,0.177
9.28,1,0.185
9.29,1,0.191
9.30,1,0.210
9.31,1,0.226
9.32,1,0.230
9.33,1,0.227
9.34,1,0.235
9.35,1,0.217
9.36,1,0.201
9.37,1,0.202
9.38,1,0.185
9.39,1,0.173
9.40,1,0.178
9.41,1,0.172
9.42,1,0.166
9.43,1,0.174
9.44,1,0.181
9.45,1,0.199
9.46,1,0.224
9.47,1,0.250
9.48,1,0.272
9.49,1,0.300
9.50,1,0.316
9.51,1,0.341
9.52,1,0.437
9.53,1,0.560
9.54,1,0.891
9.55,1,1.107
9.56,1,1.224
9.57,1,1.277
9.58,1,1.337
9.59,1,1.341
9.60,1,1.443
9.61,1,1.517
9.62,1,1.593
9.63,1,1.303
9.64,1,1.070
9.65,1,0.772
9.66,1,0.614
9.67,1,0.605
9.68,1,0.599
9.69,1,0.593
9.70,1,0.620
9.71,1,0.635
9.72,1,0.553
9.73,1,0.293
9.74,1,0.233
9.75,1,0.213
9.76,1,0.199
9.77,1,0.187
9.78,1,0.183
9.79,1,0.180
9.80,1,0.168
9.81,1,0.219
9.82,1,0.337
9.83,1,0.510
9.84,1,0.679
9.85,1,0.934
9.86,1,0.375
9.87,1,0.151
9.88,1,0.128
9.89,1,0.125
9.90,1,0.121
9.91,1,0.118
9.92,1,0.125
9.93,1,0.146
9.94,1,0.151
9.95,1,0.148
9.96,1,0.147
9.97,1,0.139
9.98,1,0.131
9.99,1,0.129
10.00,1,0.141
10.01,1,0.143
10.02,1,0.158
10.03,1,0.194
10.04,1,0.200
10.05,1,0.199
10.06,1,0.191
10.07,1,0.177
10.08,1,0.176
10.09,1,0.193
10.10,1,0.213
10.11,1,0.229
10.12,1,0.225
10.13,1,0.187
10.14,1,0.172
10.15,1,0.140
10.16,1,0.129
10.17,1,0.138
10.18,1,0.150
10.19,1,0.163
10.20,1,0.186
10.21,1,0.195
10.22,1,0.202
10.23,1,0.211
10.24,1,0.222
10.25,1,0.225
10.26,1,0.232
10.27,1,0.240
10.28,1,0.234
10.29,1,0.235
10.30,1,0.245
10.31,1,0.237
10.32,1,0.242
10.33,1,0.259
10.34,1,0.262
10.35,1,0.267
10.36,1,0.254
10.37,1,0.235
10.38,1,0.236
10.39,1,0.223
10.40,1,0.210
10.41,1,0.215
10.42,1,0.203
10.43,1,0.197
10.44,1,0.206
10.45,1,0.205
10.46,1,0.193
10.47,1,0.183
10.48,1,0.173
10.49,1,0.158
10.50,1,0.157
10.51,1,0.168
10.52,1,0.162
10.53,1,0.158
10.54,1,0.169
10.55,1,0.198
10.56,1,0.259
10.57,1,0.369
10.58,1,0.473
10.59,1,0.554
10.60,1,0.531
10.61,1,0.303
10.62,1,0.270
10.63,1,0.229
10.64,1,0.196
10.65,1,0.184
10.66,1,0.177
10.67,1,0.170
10.68,1,0.187
10.69,1,0.194
10.70,1,0.202
10.71,1,0.198
10.72,1,0.201
10.73,1,0.205
10.74,1,0.228
10.75,1,0.250
10.76,1,0.269
10.77,1,0.285
10.78,1,0.321
10.79,1,0.314
10.80,1,0.299
10.81,1,0.328
10.82,1,0.334
10.83,1,0.329
10.84,1,0.369
10.85,1,0.335
10.86,1,0.293
10.87,1,0.211
10.88,1,0.165
10.89,1,0.168
10.90,1,0.234
10.91,1,0.329
10.92,1,0.407
10.93,1,0.593
10.94,1,0.939
10.95,1,1.013
10.96,1,0.775
10.97,1,0.554
10.98,1,0.253
10.99,1,0.237
11.00,1,0.228
11.01,1,0.201
11.02,1,0.181
11.03,1,0.174
11.04,1,0.162
11.05,1,0.172
11.06,1,0.187
11.07,1,0.213
11.08,1,0.242
11.09,1,0.257
11.10,1,0.267
11.11,1,0.260
11.12,1,0.251
11.13,1,0.221
11.14,1,0.197
11.15,1,0.170
11.16,1,0.153
11.17,1,0.116
11.18,1,0.110
11.19,1,0.116
11.20,1,0.127
11.21,1,0.166
11.22,1,0.219
11.23,1,0.284
11.24,1,0.346
11.25,1,0.462
11.26,1,0.549
11.27,1,0.679
11.28,1,0.752
11.29,1,0.826
11.30,1,0.835
11.31,1,0.826
11.32,1,0.860
11.33,1,0.929
11.34,1,0.992
11.35,1,1.060
11.36,1,1.043
11.37,1,0.979
11.38,1,0.934
11.39,1,0.821
11.40,1,0.841
11.41,1,0.804
11.42,1,0.578
11.43,1,0.321
11.44,1,0.225
11.45,1,0.214
11.46,1,0.240
11.47,1,0.264
11.48,1,0.282
11.49,1,0.310
11.50,1,0.263
11.51,1,0.168
11.52,1,0.109
11.53,1,0.105
11.54,1,0.117
11.55,1,0.143
11.56,1,0.172
11.57,1,0.213
11.58,1,0.257
11.59,1,0.286
11.60,1,0.299
11.61,1,0.318
11.62,1,0.314
11.63,1,0.316
11.64,1,0.317
11.65,1,0.306
11.66,1,0.294
11.67,1,0.278
11.68,1,0.250
11.69,1,0.215
11.70,1,0.187
11.71,1,0.195
11.72,1,0.204
11.73,1,0.224
11.74,1,0.249
11.75,1,0.260
11.76,1,0.272
11.77,1,0.281
11.78,1,0.270
11.79,1,0.268
11.80,1,0.244
11.81,1,0.216
11.82,1,0.193
11.83,1,0.188
11.84,1,0.211
11.85,1,0.232
11.86,1,0.254
11.87,1,0.259
11.88,1,0.257
11.89,1,0.254
11.90,1,0.245
11.91,1,0.246
11.92,1,0.241
11.93,1,0.238
11.94,1,0.222
11.95,1,0.199
11.96,1,0.192
11.97,1,0.182
11.98,1,0.200
11.99,1,0.261
12.00,1,0.361
12.01,1,0.408
12.02,1,0.426
12.03,1,0.430
12.04,1,0.362
12.05,1,0.315
12.06,1,0.290
12.07,1,0.268
12.08,1,0.254
12.09,1,0.266
12.10,1,0.266
12.11,1,0.276
12.12,1,0.284
12.13,1,0.300
12.14,1,0.290
12.15,1,0.271
12.16,1,0.258
12.17,1,0.245
12.18,1,0.232
12.19,1,0.245
12.20,1,0.266
12.21,1,0.294
12.22,1,0.317
12.23,1,0.326
12.24,1,0.336
12.25,1,0.364
12.26,1,0.385
12.27,1,0.450
12.28,1,0.782
12.29,1,1.044
12.30,1,1.053
12.31,1,1.086
12.32,1,0.576
12.33,1,0.262
12.34,1,0.161
12.35,1,0.131
12.36,1,0.167
12.37,1,0.187
12.38,1,0.211
12.39,1,0.245
12.40,1,0.275
12.41,1,0.261
12.42,1,0.260
12.43,1,0.257
12.44,1,0.271
12.45,1,0.265
12.46,1,0.248
12.47,1,0.228
12.48,1,0.201
12.49,1,0.188
12.50,1,0.187
12.51,1,0.189
12.52,1,0.200
12.53,1,0.215
12.54,1,0.247
12.55,1,0.288
12.56,1,0.331
12.57,1,0.424
12.58,1,0.543
12.59,1,0.318
12.60,1,0.176
12.61,1,0.117
12.62,1,0.097
12.63,1,0.096
12.64,1,0.098
12.65,1,0.111
12.66,1,0.143
12.67,1,0.164
12.68,1,0.175
12.69,1,0.181
12.70,1,0.176
12.71,1,0.156
12.72,1,0.165
12.73,1,0.198
12.74,1,0.253
12.75,1,0.309
12.76,1,0.345
12.77,1,0.356
12.78,1,0.353
12.79,1,0.330
12.80,1,0.314
12.81,1,0.306
12.82,1,0.291
12.83,1,0.289
12.84,1,0.292
12.85,1,0.305
12.86,1,0.327
12.87,1,0.380
12.88,1,0.351
12.89,1,0.311
12.90,1,0.232
12.91,1,0.199
12.92,1,0.178
12.93,1,0.182
12.94,1,0.193
12.95,1,0.222
12.96,1,0.264
12.97,1,0.275
12.98,1,0.280
12.99,1,0.277
13.00,1,0.261
13.01,1,0.253
13.02,1,0.259
13.03,1,0.261
13.04,1,0.257
13.05,1,0.244
13.06,1,0.219
13.07,1,0.199
13.08,1,0.188
13.09,1,0.183
13.10,1,0.187
13.11,1,0.214
13.12,1,0.246
13.13,1,0.261
13.14,1,0.256
13.15,1,0.221
13.16,1,0.138
13.17,1,0.132
13.18,1,0.156
13.19,1,0.167
13.20,1,0.169
13.21,1,0.190
13.22,1,0.201
13.23,1,0.202
13.24,1,0.214
13.25,1,0.248
13.26,1,0.270
13.27,1,0.295
13.28,1,0.335
13.29,1,0.357
13.30,1,0.339
13.31,1,0.330
13.32,1,0.310
13.33,1,0.292
13.34,1,0.288
13.35,1,0.280
13.36,1,0.293
13.37,1,0.302
13.38,1,0.289
13.39,1,0.296
13.40,1,0.309
13.41,1,0.283
13.42,1,0.275
13.43,1,0.290
13.44,1,0.321
13.45,1,0.364
13.46,1,0.393
13.47,1,0.413
13.48,1,0.418
13.49,1,0.387
13.50,1,0.326
13.51,1,0.343
13.52,1,0.366
13.53,1,0.390
13.54,1,0.445
13.55,1,0.480
13.56,1,0.495
13.57,1,0.513
13.58,1,0.567
13.59,1,0.610
13.60,1,0.646
13.61,1,0.658
13.62,1,0.623
13.63,1,0.513
13.64,1,0.423
13.65,1,0.371
13.66,1,0.330
13.67,1,0.319
13.68,1,0.283
13.69,1,0.252
13.70,1,0.235
13.71,1,0.240
13.72,1,0.248
13.73,1,0.269
13.74,1,0.281
13.75,1,0.287
13.76,1,0.306
13.77,1,0.317
13.78,1,0.322
13.79,1,0.333
13.80,1,0.348
13.81,1,0.362
13.82,1,0.353
13.83,1,0.357
13.84,1,0.314
13.85,1,0.328
13.86,1,0.301
13.87,1,0.324
13.88,1,0.324
13.89,1,0.308
13.90,1,0.283
13.91,1,0.264
13.92,1,0.265
13.93,1,0.252
13.94,1,0.272
13.95,1,0.267
13.96,1,0.300
13.97,1,0.346
13.98,1,0.360
13.99,1,0.376
14.00,1,0.389
14.01,1,0.354
14.02,1,0.309
14.03,1,0.291
14.04,1,0.298
14.05,1,0.307
14.06,1,0.381
14.07,1,0.722
14.08,1,1.052
14.09,1,1.184
14.10,1,1.176
14.11,1,0.934
14.12,1,0.756
14.13,1,0.440
14.14,1,0.297
14.15,1,0.298
14.16,1,0.300
14.17,1,0.299
14.18,1,0.307
14.19,1,0.318
14.20,1,0.283
14.21,1,0.267
14.22,1,0.266
14.23,1,0.291
14.24,1,0.290
14.25,1,0.279
14.26,1,0.254
14.27,1,0.207
14.28,1,0.151
14.29,1,0.123
14.30,1,0.141
14.31,1,0.149
14.32,1,0.161
14.33,1,0.166
14.34,1,0.168
14.35,1,0.167
14.36,1,0.203
14.37,1,0.245
14.38,1,0.288
14.39,1,0.286
14.40,1,0.285
14.41,1,0.261
14.42,1,0.232
14.43,1,0.218
14.44,1,0.245
14.45,1,0.278
14.46,1,0.273
14.47,1,0.259
14.48,1,0.238
14.49,1,0.222
14.50,1,0.216
14.51,1,0.216
14.52,1,0.253
14.53,1,0.308
14.54,1,0.316
14.55,1,0.270
14.56,1,0.234
14.57,1,0.190
14.58,1,0.162
14.59,1,0.152
14.60,1,0.151
14.61,1,0.162
14.62,1,0.189
14.63,1,0.221
14.64,1,0.257
14.65,1,0.277
14.66,1,0.283
14.67,1,0.297
14.68,1,0.343
14.69,1,0.393
14.70,1,0.426
14.71,1,0.433
14.72,1,0.443
14.73,1,0.438
14.74,1,0.414
14.75,1,0.396
14.76,1,0.375
14.77,1,0.326
14.78,1,0.288
14.79,1,0.286
14.80,1,0.351
14.81,1,0.488
14.82,1,0.546
14.83,1,0.619
14.84,1,0.703
14.85,1,0.755
14.86,1,0.761
14.87,1,0.743
14.88,1,0.614
14.89,1,0.574
14.90,1,0.576
14.91,1,0.590
14.92,1,0.606
14.93,1,0.642
14.94,1,0.626
14.95,1,0.585
14.96,1,0.611
14.97,1,0.576
14.98,1,0.532
14.99,1,0.523
15.00,1,0.542
15.01,1,0.480
15.02,1,0.470
15.03,1,0.464
15.04,1,0.466
15.05,1,0.466
15.06,1,0.473
15.07,1,0.476
15.08,1,0.479
15.09,1,0.465
15.10,1,0.510
15.11,1,0.625
15.12,1,0.778
15.13,1,0.940
15.14,1,1.155
15.15,1,1.364
15.16,1,1.446
15.17,1,1.550
15.18,1,1.612
15.19,1,1.469
15.20,1,1.375
15.21,1,1.384
15.22,1,1.304
15.23,1,1.486
15.24,1,1.888
15.25,1,2.006
15.26,1,1.768
15.27,1,1.562
15.28,1,1.381
15.29,1,1.167
15.30,1,1.004
15.31,1,0.965
15.32,1,0.975
15.33,1,1.012
15.34,1,1.088
15.35,1,1.234
15.36,1,1.291
15.37,1,1.245
15.38,1,1.091
15.39,1,0.903
15.40,1,0.824
15.41,1,0.885
15.42,1,0.946
15.43,1,0.970
15.44,1,0.963
15.45,1,0.930
15.46,1,0.903
15.47,1,0.874
15.48,1,0.864
15.49,1,0.868
15.50,1,0.829
15.51,1,0.712
15.52,1,0.581
15.53,1,0.501
15.54,1,0.595
15.55,1,0.779
15.56,1,0.961
15.57,1,1.160
15.58,1,1.380
15.59,1,1.406
15.60,1,1.401
15.61,1,1.335
15.62,1,1.166
15.63,1,1.131
15.64,1,1.119
15.65,1,0.984
15.66,1,0.885
15.67,1,0.830
15.68,1,0.825
15.69,1,0.875
15.70,1,0.904
15.71,1,1.025
15.72,1,1.212
15.73,1,1.321
15.74,1,1.405
15.75,1,1.429
15.76,1,1.358
15.77,1,1.264
15.78,1,1.123
15.79,1,0.940
15.80,1,0.767
15.81,1,0.646
15.82,1,0.555
15.83,1,0.497
15.84,1,0.479
15.85,1,0.458
15.86,1,0.494
15.87,1,0.537
15.88,1,0.573
15.89,1,0.438
15.90,1,0.467
15.91,1,0.535
15.92,1,0.523
15.93,1,0.516
15.94,1,0.570
15.95,1,0.588
15.96,1,0.572
15.97,1,0.545
15.98,1,0.500
15.99,1,0.400
16.00,1,0.333
16.01,1,0.288
16.02,1,0.251
16.03,1,0.243
16.04,1,0.250
16.05,1,0.265
16.06,1,0.329
16.07,1,0.462
16.08,1,0.682
16.09,1,0.993
16.10,1,1.253
16.11,1,1.394
16.12,1,1.609
16.13,1,1.653
16.14,1,1.682
16.15,1,1.601
16.16,1,1.176
16.17,1,0.589
16.18,1,0.387
16.19,1,0.317
16.20,1,0.291
16.21,1,0.344
16.22,1,0.448
16.23,1,0.544
16.24,1,0.699
16.25,1,0.955
16.26,1,1.252
16.27,1,1.209
16.28,1,1.093
16.29,1,1.073
16.30,1,1.135
16.31,1,1.146
16.32,1,1.267
16.33,1,1.292
16.34,1,1.154
16.35,1,1.003
16.36,1,0.731
16.37,1,0.615
16.38,1,0.584
16.39,1,0.526
16.40,1,0.472
16.41,1,0.342
16.42,1,0.272
16.43,1,0.226
16.44,1,0.182
16.45,1,0.174
16.46,1,0.183
16.47,1,0.180
16.48,1,0.176
16.49,1,0.164
16.50,1,0.142
16.51,1,0.120
16.52,1,0.101
16.53,1,0.089
16.54,1,0.092
16.55,1,0.100
16.56,1,0.110
16.57,1,0.115
16.58,1,0.112
16.59,1,0.102
16.60,1,0.092
16.61,1,0.088
16.62,1,0.096
16.63,1,0.119
16.64,1,0.146
16.65,1,0.176
16.66,1,0.202
16.67,1,0.218
16.68,1,0.237
16.69,1,0.259
16.70,1,0.272
16.71,1,0.280
16.72,1,0.284
16.73,1,0.262
16.74,1,0.228
16.75,1,0.204
16.76,1,0.196
16.77,1,0.184
16.78,1,0.172
16.79,1,0.163
16.80,1,0.167
16.81,1,0.182
16.82,1,0.210
16.83,1,0.242
16.84,1,0.275
16.85,1,0.306
16.86,1,0.318
16.87,1,0.321
16.88,1,0.302
16.89,1,0.266
16.90,1,0.238
16.91,1,0.229
16.92,1,0.226
16.93,1,0.255
16.94,1,0.313
16.95,1,0.336
16.96,1,0.322
16.97,1,0.303
16.98,1,0.315
16.99,1,0.448
17.00,1,0.582
17.01,1,0.700
17.02,1,0.832
17.03,1,0.935
17.04,1,0.914
17.05,1,0.859
17.06,1,0.770
17.07,1,0.694
17.08,1,0.637
17.09,1,0.635
17.10,1,0.638
17.11,1,0.655
17.12,1,0.660
17.13,1,0.618
17.14,1,0.592
17.15,1,0.516
17.16,1,0.430
17.17,1,0.399
17.18,1,0.370
17.19,1,0.337
17.20,1,0.302
17.21,1,0.296
17.22,1,0.331
17.23,1,0.382
17.24,1,0.449
17.25,1,0.557
17.26,1,0.649
17.27,1,0.675
17.28,1,0.694
17.29,1,0.735
17.30,1,0.819
17.31,1,0.935
17.32,1,1.111
17.33,1,1.305
17.34,1,1.452
17.35,1,1.391
17.36,1,1.341
17.37,1,1.310
17.38,1,1.293
17.39,1,1.385
17.40,1,1.401
17.41,1,1.432
17.42,1,1.582
17.43,1,1.737
17.44,1,1.757
17.45,1,1.630
17.46,1,1.380
17.47,1,1.135
17.48,1,0.924
17.49,1,0.901
17.50,1,1.058
17.51,1,1.318
17.52,1,1.562
17.53,1,1.905
17.54,1,2.149
17.55,1,2.069
17.56,1,1.563
17.57,1,1.126
17.58,1,0.759
17.59,1,0.703
17.60,1,0.693
17.61,1,0.707
17.62,1,0.793
17.63,1,0.812
17.64,1,0.811
17.65,1,0.896
17.66,1,0.973
17.67,1,0.953
17.68,1,0.915
17.69,1,0.726
17.70,1,0.561
17.71,1,0.546
17.72,1,0.584
17.73,1,0.697
17.74,1,0.841
17.75,1,0.999
17.76,1,1.177
17.77,1,1.300
17.78,1,1.327
17.79,1,1.242
17.80,1,1.100
17.81,1,1.049
17.82,1,1.107
17.83,1,1.056
17.84,1,0.931
17.85,1,0.902
17.86,1,0.909
17.87,1,0.946
17.88,1,0.933
17.89,1,0.974
17.90,1,1.026
17.91,1,1.154
17.92,1,1.196
17.93,1,1.229
17.94,1,1.219
17.95,1,1.160
17.96,1,1.006
17.97,1,0.837
17.98,1,0.689
17.99,1,0.592
18.00,1,0.547
18.01,1,0.606
18.02,1,0.664
18.03,1,0.744
18.04,1,0.906
18.05,1,0.928
18.06,1,0.921
18.07,1,0.809
18.08,1,0.653
18.09,1,0.641
18.10,1,0.613
18.11,1,0.589
18.12,1,0.635
18.13,1,0.674
18.14,1,0.640
18.15,1,0.600
18.16,1,0.502
18.17,1,0.385
18.18,1,0.343
18.19,1,0.343
18.20,1,0.331
18.21,1,0.328
18.22,1,0.334
18.23,1,0.323
18.24,1,0.344
18.25,1,0.366
18.26,1,0.380
18.27,1,0.471
18.28,1,0.579
18.29,1,0.591
18.30,1,0.711
18.31,1,0.778
18.32,1,0.745
18.33,1,0.824
18.34,1,0.855
18.35,1,0.674
18.36,1,0.529
18.37,1,0.391
18.38,1,0.294
18.39,1,0.255
18.40,1,0.298
18.41,1,0.375
18.42,1,0.479
18.43,1,0.721
18.44,1,1.011
18.45,1,0.954
18.46,1,1.023
18.47,1,1.065
18.48,1,1.112
18.49,1,0.963
18.50,1,0.897
18.51,1,0.838
18.52,1,0.855
18.53,1,0.879
18.54,1,0.966
18.55,1,0.961
18.56,1,0.838
18.57,1,0.683
18.58,1,0.285
18.59,1,0.169
18.60,1,0.156
18.61,1,0.134
18.62,1,0.122
18.63,1,0.121
18.64,1,0.130
18.65,1,0.116
18.66,1,0.114
18.67,1,0.113
18.68,1,0.115
18.69,1,0.120
18.70,1,0.130
18.71,1,0.140
18.72,1,0.154
18.73,1,0.168
18.74,1,0.178
18.75,1,0.188
18.76,1,0.198
18.77,1,0.203
18.78,1,0.195
18.79,1,0.181
18.80,1,0.161
18.81,1,0.135
18.82,1,0.117
18.83,1,0.117
18.84,1,0.123
18.85,1,0.120
18.86,1,0.116
18.87,1,0.119
18.88,1,0.123
18.89,1,0.139
18.90,1,0.158
18.91,1,0.164
18.92,1,0.159
18.93,1,0.156
18.94,1,0.163
18.95,1,0.177
18.96,1,0.189
18.97,1,0.198
18.98,1,0.194
18.99,1,0.180
19.00,1,0.154
19.01,1,0.137
19.02,1,0.131
19.03,1,0.135
19.04,1,0.153
19.05,1,0.195
19.06,1,0.220
19.07,1,0.223
19.08,1,0.249
19.09,1,0.305
19.10,1,0.374
19.11,1,0.437
19.12,1,0.531
19.13,1,0.659
19.14,1,0.678
19.15,1,0.643
19.16,1,0.625
19.17,1,0.592
19.18,1,0.549
19.19,1,0.576
19.20,1,0.561
19.21,1,0.512
19.22,1,0.447
19.23,1,0.393
19.24,1,0.336
19.25,1,0.312
19.26,1,0.295
19.27,1,0.291
19.28,1,0.280
19.29,1,0.260
19.30,1,0.250
19.31,1,0.248
19.32,1,0.238
19.33,1,0.238
19.34,1,0.243
19.35,1,0.222
19.36,1,0.209
19.37,1,0.219
19.38,1,0.237
19.39,1,0.271
19.40,1,0.324
19.41,1,0.370
19.42,1,0.407
19.43,1,0.428
19.44,1,0.443
19.45,1,0.450
19.46,1,0.498
19.47,1,0.569
19.48,1,0.717
19.49,1,0.899
19.50,1,1.162
19.51,1,1.329
19.52,1,1.223
19.53,1,1.076
19.54,1,0.974
19.55,1,0.975
19.56,1,1.082
19.57,1,1.225
19.58,1,1.326
19.59,1,1.405
19.60,1,1.568
19.61,1,1.711
19.62,1,1.668
19.63,1,1.492
19.64,1,1.230
19.65,1,0.947
19.66,1,0.809
19.67,1,0.783
19.68,1,0.771
19.69,1,0.866
19.70,1,1.012
19.71,1,1.096
19.72,1,0.959
19.73,1,1.288
19.74,1,1.112
19.75,1,0.929
19.76,1,0.778
19.77,1,0.773
19.78,1,0.737
19.79,1,0.681
19.80,1,0.616
19.81,1,0.584
19.82,1,0.574
19.83,1,0.573
19.84,1,0.574
19.85,1,0.584
19.86,1,0.545
19.87,1,0.474
19.88,1,0.396
19.89,1,0.391
19.90,1,0.463
19.91,1,0.604
19.92,1,0.802
19.93,1,1.051
19.94,1,1.301
19.95,1,1.440
19.96,1,1.478
19.97,1,1.484
19.98,1,1.373
19.99,1,1.338
20.00,1,1.352
20.01,1,1.285
20.02,1,1.172
20.03,1,1.060
20.04,1,1.036
20.05,1,1.217
20.06,1,1.459
20.07,1,1.701
20.08,1,1.743
20.09,1,1.629
20.10,1,1.465
20.11,1,1.321
20.12,1,1.294
20.13,1,1.251
20.14,1,1.155
20.15,1,1.055
20.16,1,0.902
20.17,1,0.714
20.18,1,0.604
20.19,1,0.658
20.20,1,0.763
20.21,1,0.681
20.22,1,0.532
20.23,1,0.556
20.24,1,0.593
20.25,1,0.562
20.26,1,0.565
20.27,1,0.642
20.28,1,0.582
20.29,1,0.601
20.30,1,0.667
20.31,1,0.781
20.32,1,0.798
20.33,1,0.667
20.34,1,0.538
20.35,1,0.455
20.36,1,0.407
20.37,1,0.375
20.38,1,0.331
20.39,1,0.331
20.40,1,0.319
20.41,1,0.309
20.42,1,0.328
20.43,1,0.399
20.44,1,0.473
20.45,1,0.540
20.46,1,0.618
20.47,1,0.658
20.48,1,0.671
20.49,1,0.655
20.50,1,0.592
20.51,1,0.559
20.52,1,0.541
20.53,1,0.573
20.54,1,0.626
20.55,1,0.722
20.56,1,0.761
20.57,1,0.758
20.58,1,0.779
20.59,1,0.946
20.60,1,1.199
20.61,1,1.598
20.62,1,1.973
20.63,1,2.288
20.64,1,2.429
20.65,1,2.173
20.66,1,1.688
20.67,1,1.380
20.68,1,1.014
20.69,1,0.667
20.70,1,0.467
20.71,1,0.421
20.72,1,0.500
20.73,1,0.725
20.74,1,1.020
20.75,1,1.189
20.76,1,1.202
20.77,1,0.969
20.78,1,0.807
20.79,1,0.602
20.80,1,0.326
20.81,1,0.203
20.82,1,0.171
20.83,1,0.140
20.84,1,0.116
20.85,1,0.095
20.86,1,0.080
20.87,1,0.077
20.88,1,0.071
20.89,1,0.067
20.90,1,0.064
20.91,1,0.061
20.92,1,0.058
20.93,1,0.063
20.94,1,0.071
20.95,1,0.078
20.96,1,0.083
20.97,1,0.085
20.98,1,0.087
20.99,1,0.088
21.00,1,0.094
21.01,1,0.103
21.02,1,0.111
21.03,1,0.119
21.04,1,0.126
21.05,1,0.126
21.06,1,0.125
21.07,1,0.125
21.08,1,0.122
21.09,1,0.119
21.10,1,0.114
21.11,1,0.107
21.12,1,0.108
21.13,1,0.121
21.14,1,0.137
21.15,1,0.154
21.16,1,0.172
21.17,1,0.191
21.18,1,0.206
21.19,1,0.221
21.20,1,0.234
21.21,1,0.240
21.22,1,0.236
21.23,1,0.233
21.24,1,0.234
21.25,1,0.243
21.26,1,0.262
21.27,1,0.295
21.28,1,0.330
21.29,1,0.382
21.30,1,0.440
21.31,1,0.462
21.32,1,0.473
21.33,1,0.483
21.34,1,0.490
21.35,1,0.495
21.36,1,0.520
21.37,1,0.568
21.38,1,0.631
21.39,1,0.714
21.40,1,0.801
21.41,1,0.787
21.42,1,0.820
21.43,1,0.738
21.44,1,0.632
21.45,1,0.556
21.46,1,0.554
21.47,1,0.581
21.48,1,0.604
21.49,1,0.625
21.50,1,0.621
21.51,1,0.561
21.52,1,0.466
21.53,1,0.390
21.54,1,0.317
21.55,1,0.257
21.56,1,0.208
21.57,1,0.180
21.58,1,0.179
21.59,1,0.214
21.60,1,0.273
21.61,1,0.345
21.62,1,0.424
21.63,1,0.493
21.64,1,0.542
21.65,1,0.615
21.66,1,0.731
21.67,1,0.898
21.68,1,1.106
21.69,1,1.347
21.70,1,1.541
21.71,1,1.538
21.72,1,1.435
21.73,1,1.374
21.74,1,1.353
21.75,1,1.394
21.76,1,1.558
21.77,1,1.750
21.78,0,
21.79,0,
21.80,0,
21.81,0,
21.82,0,
21.83,0,
21.84,0,
21.85,0,
21.86,0,
21.87,0,
21.88,0,
21.89,0,
21.90,0,
21.91,0,
21.92,0,
21.93,0,
21.94,0,
21.95,0,
21.96,0,
21.97,0,
21.98,0,
21.99,0,
22.00,0,
22.01,0,
22.02,0,
22.03,0,
22.04,0,
22.05,0,
22.06,0,
22.07,0,
22.08,0,
22.09,0,
22.10,0,
22.11,0,
22.12,0,
22.13,0,
22.14,0,
22.15,0,
22.16,0,
22.17,0,
22.18,0,
22.19,0,
22.20,0,
22.21,0,
22.22,0,
22.23,0,
22.24,0,
22.25,0,
22.26,0,
22.27,0,
22.28,0,
22.29,0,
22.30,0,
22.31,0,
22.32,0,
22.33,0,
22.34,0,
22.35,0,
22.36,0,
22.37,0,
22.38,0,
22.39,0,
22.40,0,
22.41,0,
22.42,0,
22.43,0,
22.44,0,
22.45,0,
22.46,0,
22.47,0,
22.48,0,
22.49,0,
22.50,0,
22.51,0,
22.52,0,
22.53,0,
22.54,0,
22.55,0,
22.56,0,
22.57,0,
22.58,0,
22.59,0,
22.60,0,
22.61,0,
22.62,0,
22.63,0,
22.64,0,
22.65,0,
22.66,0,
22.67,0,
22.68,0,
22.69,0,
22.70,0,
22.71,0,
22.72,0,
22.73,0,
22.74,0,
22.75,0,
22.76,0,
22.77,0,
22.78,0,
22.79,0,
22.80,0,
22.81,0,
22.82,0,
22.83,0,
22.84,0,
22.85,0,
22.86,0,
22.87,0,
22.88,0,
22.89,0,
22.90,0,
22.91,0,
22.92,0,
22.93,0,
22.94,0,
22.95,0,
22.96,0,
22.97,0,
22.98,0,
22.99,0,
23.00,0,
23.01,0,
23.02,0,
23.03,0,
23.04,0,
23.05,0,
23.06,0,
23.07,0,
23.08,1,0.111
23.09,1,0.129
23.10,1,0.196
23.11,1,0.253
23.12,1,0.235
23.13,1,0.224
23.14,1,0.226
23.15,1,0.223
23.16,1,0.256
23.17,1,0.269
23.18,1,0.185
23.19,1,0.104
23.20,1,0.092
23.21,1,0.038
23.22,1,0.023
23.23,1,0.021
23.24,1,0.020
23.25,1,0.019
23.26,1,0.020
23.27,1,0.023
23.28,1,0.029
23.29,1,0.038
23.30,1,0.045
23.31,1,0.052
23.32,1,0.063
23.33,1,0.071
23.34,1,0.084
23.35,1,0.090
23.36,1,0.091
23.37,1,0.096
23.38,1,0.089
23.39,1,0.078
23.40,1,0.070
23.41,1,0.059
23.42,1,0.047
23.43,1,0.044
23.44,1,0.038
23.45,1,0.040
23.46,1,0.044
23.47,1,0.048
23.48,1,0.050
23.49,1,0.050
23.50,1,0.047
23.51,1,0.046
23.52,1,0.046
23.53,1,0.047
23.54,1,0.050
23.55,1,0.055
23.56,1,0.063
23.57,1,0.073
23.58,1,0.087
23.59,1,0.098
23.60,1,0.104
23.61,1,0.111
23.62,1,0.114
23.63,1,0.118
23.64,1,0.127
23.65,1,0.131
23.66,1,0.140
23.67,1,0.155
23.68,1,0.178
23.69,1,0.209
23.70,1,0.206
23.71,1,0.164
23.72,1,0.130
23.73,1,0.092
23.74,1,0.078
23.75,1,0.073
23.76,1,0.067
23.77,1,0.062
23.78,1,0.060
23.79,1,0.060
23.80,1,0.062
23.81,1,0.058
23.82,1,0.049
23.83,1,0.054
23.84,1,0.063
23.85,1,0.072
23.86,1,0.082
23.87,1,0.091
23.88,1,0.102
23.89,1,0.123
23.90,1,0.197
23.91,1,0.433
23.92,1,0.575
23.93,1,0.559
23.94,1,0.237
23.95,1,0.152
23.96,1,0.118
23.97,1,0.094
23.98,1,0.091
23.99,1,0.091
24.00,1,0.073
24.01,1,0.067
24.02,1,0.051
24.03,1,0.040
24.04,1,0.035
24.05,1,0.036
24.06,1,0.036
24.07,1,0.037
24.08,1,0.040
24.09,1,0.035
24.10,1,0.031
24.11,1,0.034
24.12,1,0.044
24.13,1,0.054
24.14,1,0.061
24.15,1,0.063
24.16,1,0.060
24.17,1,0.052
24.18,1,0.040
24.19,1,0.037
24.20,1,0.038
24.21,1,0.042
24.22,1,0.047
24.23,1,0.051
24.24,1,0.059
24.25,1,0.058
24.26,1,0.055
24.27,1,0.054
24.28,1,0.055
24.29,1,0.061
24.30,1,0.066
24.31,1,0.064
24.32,1,0.053
24.33,1,0.046
24.34,1,0.038
24.35,1,0.036
24.36,1,0.038
24.37,1,0.042
24.38,1,0.046
24.39,1,0.051
24.40,1,0.066
24.41,1,0.087
24.42,1,0.117
24.43,1,0.216
24.44,1,0.527
24.45,1,0.727
24.46,1,0.836
24.47,1,0.807
24.48,1,0.784
24.49,1,0.657
24.50,1,0.378
24.51,1,0.178
24.52,1,0.109
24.53,1,0.070
24.54,1,0.055
24.55,1,0.045
24.56,1,0.047
24.57,1,0.051
24.58,1,0.053
24.59,1,0.055
24.60,1,0.055
24.61,1,0.056
24.62,1,0.062
24.63,1,0.071
24.64,1,0.073
24.65,1,0.074
24.66,1,0.084
24.67,1,0.087
24.68,1,0.095
24.69,1,0.105
24.70,1,0.124
24.71,1,0.148
24.72,1,0.193
24.73,1,0.289
24.74,1,0.246
24.75,1,0.159
24.76,1,0.133
24.77,1,0.119
24.78,1,0.119
24.79,1,0.128
24.80,1,0.142
24.81,1,0.184
24.82,1,0.342
24.83,1,0.223
24.84,1,0.128
24.85,1,0.097
24.86,1,0.088
24.87,1,0.080
24.88,1,0.075
24.89,1,0.074
24.90,1,0.062
24.91,1,0.050
24.92,1,0.045
24.93,1,0.045
24.94,1,0.048
24.95,1,0.050
24.96,1,0.050
24.97,1,0.049
24.98,1,0.048
24.99,1,0.046
25.00,1,0.044
25.01,1,0.041
25.02,1,0.038
25.03,1,0.035
25.04,1,0.032
25.05,1,0.046
25.06,1,0.057
25.07,1,0.073
25.08,1,0.103
25.09,1,0.172
25.10,1,0.239
25.11,1,0.238
25.12,1,0.115
25.13,1,0.060
25.14,1,0.053
25.15,1,0.054
25.16,1,0.052
25.17,1,0.050
25.18,1,0.053
25.19,1,0.062
25.20,1,0.073
25.21,1,0.080
25.22,1,0.090
25.23,1,0.096
25.24,1,0.091
25.25,1,0.087
25.26,1,0.087
25.27,1,0.088
25.28,1,0.080
25.29,1,0.080
25.30,1,0.076
25.31,1,0.069
25.32,1,0.070
25.33,1,0.067
25.34,1,0.060
25.35,1,0.060
25.36,1,0.061
25.37,1,0.058
25.38,1,0.059
25.39,1,0.058
25.40,1,0.059
25.41,1,0.060
25.42,1,0.064
25.43,1,0.064
25.44,1,0.064
25.45,1,0.066
25.46,1,0.068
25.47,1,0.079
25.48,1,0.088
25.49,1,0.103
25.50,1,0.105
25.51,1,0.114
25.52,1,0.107
25.53,1,0.098
25.54,1,0.101
25.55,1,0.096
25.56,1,0.080
25.57,1,0.075
25.58,1,0.065
25.59,1,0.055
25.60,1,0.050
25.61,1,0.050
25.62,1,0.054
25.63,1,0.063
25.64,1,0.069
25.65,1,0.083
25.66,1,0.097
25.67,1,0.113
25.68,1,0.125
25.69,1,0.127
25.70,1,0.120
25.71,1,0.107
25.72,1,0.092
25.73,1,0.081
25.74,1,0.085
25.75,1,0.104
25.76,1,0.130
25.77,1,0.176
25.78,1,0.258
25.79,1,0.474
25.80,1,0.927
25.81,1,0.900
25.82,1,0.376
25.83,1,0.272
25.84,1,0.211
25.85,1,0.183
25.86,1,0.167
25.87,1,0.166
25.88,1,0.160
25.89,1,0.145
25.90,1,0.121
25.91,1,0.117
25.92,1,0.110
25.93,1,0.100
25.94,1,0.107
25.95,1,0.089
25.96,1,0.067
25.97,1,0.048
25.98,1,0.045
25.99,1,0.040
26.00,1,0.039
26.01,1,0.039
26.02,1,0.039
26.03,1,0.038
26.04,1,0.044
26.05,1,0.044
26.06,1,0.047
26.07,1,0.047
26.08,1,0.051
26.09,1,0.054
26.10,1,0.071
26.11,1,0.088
26.12,1,0.121
26.13,1,0.273
26.14,1,0.525
26.15,1,0.488
26.16,1,0.647
26.17,1,0.963
26.18,1,0.993
26.19,1,0.894
26.20,1,0.856
26.21,1,0.599
26.22,1,0.373
26.23,1,0.128
26.24,1,0.066
26.25,1,0.053
26.26,1,0.050
26.27,1,0.044
26.28,1,0.052
26.29,1,0.058
26.30,1,0.062
26.31,1,0.069
26.32,1,0.075
26.33,1,0.075
26.34,1,0.078
26.35,1,0.079
26.36,1,0.082
26.37,1,0.092
26.38,1,0.104
26.39,1,0.111
26.40,1,0.116
26.41,1,0.113
26.42,1,0.102
26.43,1,0.092
26.44,1,0.086
26.45,1,0.081
26.46,1,0.083
26.47,1,0.092
26.48,1,0.123
26.49,1,0.170
26.50,1,0.254
26.51,1,0.456
26.52,1,0.671
26.53,1,0.902
26.54,1,1.070
26.55,1,1.070
26.56,1,0.997
26.57,1,0.851
26.58,1,0.767
26.59,1,0.734
26.60,1,0.737
26.61,1,0.783
26.62,1,0.865
26.63,1,0.924
26.64,1,0.953
26.65,1,0.924
26.66,1,0.950
26.67,1,0.878
26.68,1,0.813
26.69,1,0.825
26.70,1,0.668
26.71,1,0.426
26.72,1,0.262
26.73,1,0.122
26.74,1,0.050
26.75,1,0.033
26.76,1,0.030
26.77,1,0.035
26.78,1,0.040
26.79,1,0.049
26.80,1,0.048
26.81,1,0.042
26.82,1,0.039
26.83,1,0.038
26.84,1,0.036
26.85,1,0.047
26.86,1,0.066
26.87,1,0.101
26.88,1,0.194
26.89,1,0.302
26.90,1,0.280
26.91,1,0.315
26.92,1,0.307
26.93,1,0.098
26.94,1,0.063
26.95,1,0.035
26.96,1,0.025
26.97,1,0.025
26.98,1,0.025
26.99,1,0.025
27.00,1,0.029
27.01,1,0.032
27.02,1,0.034
27.03,1,0.037
27.04,1,0.045
27.05,1,0.049
27.06,1,0.044
27.07,1,0.038
27.08,1,0.028
27.09,1,0.020
27.10,1,0.024
27.11,1,0.027
27.12,1,0.034
27.13,1,0.047
27.14,1,0.061
27.15,1,0.074
27.16,1,0.093
27.17,1,0.122
27.18,1,0.202
27.19,1,0.380
27.20,1,0.611
27.21,1,0.721
27.22,1,0.384
27.23,1,0.247
27.24,1,0.095
27.25,1,0.061
27.26,1,0.047
27.27,1,0.040
27.28,1,0.032
27.29,1,0.031
27.30,1,0.035
27.31,1,0.038
27.32,1,0.038
27.33,1,0.042
27.34,1,0.048
27.35,1,0.054
27.36,1,0.061
27.37,1,0.067
27.38,1,0.075
27.39,1,0.080
27.40,1,0.084
27.41,1,0.089
27.42,1,0.088
27.43,1,0.081
27.44,1,0.073
27.45,1,0.067
27.46,1,0.060
27.47,1,0.059
27.48,1,0.057
27.49,1,0.058
27.50,1,0.063
27.51,1,0.061
27.52,1,0.073
27.53,1,0.095
27.54,1,0.124
27.55,1,0.275
27.56,1,0.626
27.57,1,1.369
27.58,1,2.029
27.59,1,2.308
27.60,1,2.392
27.61,1,2.177
27.62,1,1.792
27.63,1,1.225
27.64,1,0.631
27.65,1,0.484
27.66,1,0.478
27.67,1,0.501
27.68,1,0.535
27.69,1,0.644
27.70,1,0.751
27.71,1,0.850
27.72,1,0.992
27.73,1,1.128
27.74,1,1.186
27.75,1,1.245
27.76,1,1.167
27.77,1,0.764
27.78,1,0.473
27.79,1,0.310
27.80,1,0.082
27.81,1,0.044
27.82,1,0.032
27.83,1,0.030
27.84,1,0.031
27.85,1,0.036
27.86,1,0.043
27.87,1,0.051
27.88,1,0.049
27.89,1,0.045
27.90,1,0.041
27.91,1,0.037
27.92,1,0.042
27.93,1,0.043
27.94,1,0.049
27.95,1,0.054
27.96,1,0.057
27.97,1,0.067
27.98,1,0.079
27.99,1,0.106
28.00,1,0.095
28.01,1,0.072
28.02,1,0.054
28.03,1,0.051
28.04,1,0.057
28.05,1,0.070
28.06,1,0.076
28.07,1,0.085
28.08,1,0.099
28.09,1,0.105
28.10,1,0.096
28.11,1,0.127
28.12,1,0.249
28.13,1,0.416
28.14,1,0.337
28.15,1,0.220
28.16,1,0.135
28.17,1,0.088
28.18,1,0.060
28.19,1,0.051
28.20,1,0.054
28.21,1,0.057
28.22,1,0.060
28.23,1,0.060
28.24,1,0.059
28.25,1,0.056
28.26,1,0.053
28.27,1,0.050
28.28,1,0.048
28.29,1,0.048
28.30,1,0.047
28.31,1,0.043
28.32,1,0.044
28.33,1,0.043
28.34,1,0.040
28.35,1,0.042
28.36,1,0.046
28.37,1,0.046
28.38,1,0.047
28.39,1,0.041
28.40,1,0.036
28.41,1,0.038
28.42,1,0.042
28.43,1,0.047
28.44,1,0.050
28.45,1,0.054
28.46,1,0.061
28.47,1,0.078
28.48,1,0.110
28.49,1,0.135
28.50,1,0.147
28.51,1,0.142
28.52,1,0.130
28.53,1,0.107
28.54,1,0.087
28.55,1,0.070
28.56,1,0.060
28.57,1,0.054
28.58,1,0.056
28.59,1,0.057
28.60,1,0.061
28.61,1,0.066
28.62,1,0.077
28.63,1,0.101
28.64,1,0.144
28.65,1,0.201
28.66,1,0.318
28.67,1,0.765
28.68,1,1.004
28.69,1,1.037
28.70,1,1.248
28.71,1,1.072
28.72,1,0.969
28.73,1,0.727
28.74,1,0.581
28.75,1,0.511
28.76,1,0.444
28.77,1,0.433
28.78,0,
28.79,0,
28.80,0,
28.81,0,
28.82,0,
28.83,0,
28.84,0,
28.85,1,0.636
28.86,1,0.753
28.87,1,1.008
28.88,1,1.219
28.89,1,1.257
28.90,1,1.267
28.91,1,1.004
28.92,1,0.607
28.93,1,0.390
28.94,1,0.206
28.95,1,0.098
28.96,1,0.080
28.97,1,0.075
28.98,1,0.072
28.99,1,0.069
29.00,1,0.070
29.01,1,0.076
29.02,1,0.078
29.03,1,0.081
29.04,1,0.098
29.05,1,0.120
29.06,1,0.163
29.07,1,0.340
29.08,1,0.746
29.09,1,0.811
29.10,1,0.638
29.11,1,0.404
29.12,1,0.121
29.13,1,0.057
29.14,1,0.046
29.15,1,0.042
29.16,1,0.039
29.17,1,0.036
29.18,1,0.037
29.19,1,0.042
29.20,1,0.044
29.21,1,0.047
29.22,1,0.051
29.23,1,0.058
29.24,1,0.056
29.25,1,0.049
29.26,1,0.046
29.27,1,0.045
29.28,1,0.051
29.29,1,0.056
29.30,1,0.079
29.31,1,0.112
29.32,1,0.169
29.33,1,0.223
29.34,1,0.306
29.35,1,0.332
29.36,1,0.310
29.37,1,0.113
29.38,1,0.068
29.39,1,0.041
29.40,1,0.035
29.41,1,0.039
29.42,1,0.044
29.43,1,0.051
29.44,1,0.061
29.45,1,0.067
29.46,1,0.068
29.47,1,0.067
29.48,1,0.066
29.49,1,0.062
29.50,1,0.072
29.51,1,0.071
29.52,1,0.070
29.53,1,0.065
29.54,1,0.063
29.55,1,0.053
29.56,1,0.054
29.57,1,0.056
29.58,1,0.062
29.59,1,0.073
29.60,1,0.084
29.61,1,0.093
29.62,1,0.099
29.63,1,0.107
29.64,1,0.099
29.65,1,0.095
29.66,1,0.081
29.67,1,0.073
29.68,1,0.066
29.69,1,0.070
29.70,1,0.071
29.71,1,0.078
29.72,1,0.084
29.73,1,0.093
29.74,1,0.098
29.75,1,0.117
29.76,1,0.103
29.77,1,0.083
29.78,1,0.084
29.79,1,0.077
29.80,1,0.071
29.81,1,0.071
29.82,1,0.069
29.83,1,0.075
29.84,1,0.092
29.85,1,0.102
29.86,1,0.126
29.87,1,0.149
29.88,1,0.160
29.89,1,0.156
29.90,1,0.145
29.91,1,0.121
29.92,1,0.109
29.93,1,0.094
29.94,1,0.097
29.95,1,0.111
29.96,1,0.135
29.97,1,0.132
29.98,1,0.119
29.99,1,0.102
30.00,1,0.092
30.01,1,0.091
30.02,1,0.100
30.03,1,0.108
30.04,1,0.112
30.05,1,0.115
30.06,1,0.107
30.07,1,0.095
30.08,1,0.081
30.09,1,0.068
30.10,1,0.056
30.11,1,0.051
30.12,1,0.053
30.13,1,0.058
30.14,1,0.063
30.15,1,0.074
30.16,1,0.100
30.17,1,0.123
30.18,1,0.190
30.19,1,0.190
30.20,1,0.095
30.21,1,0.068
30.22,1,0.062
30.23,1,0.058
30.24,1,0.058
30.25,1,0.063
30.26,1,0.058
30.27,1,0.056
30.28,1,0.050
30.29,1,0.045
30.30,1,0.045
30.31,1,0.047
30.32,1,0.055
30.33,1,0.063
30.34,1,0.077
30.35,1,0.100
30.36,1,0.150
30.37,1,0.192
30.38,1,0.328
30.39,1,0.497
30.40,1,0.610
30.41,1,0.748
30.42,1,0.883
30.43,1,0.887
30.44,1,0.934
30.45,1,0.927
30.46,1,1.035
30.47,1,0.897
30.48,1,0.466
30.49,1,0.213
30.50,1,0.078
30.51,1,0.055
30.52,1,0.041
30.53,1,0.036
30.54,1,0.034
30.55,1,0.032
30.56,1,0.034
30.57,1,0.037
30.58,1,0.043
30.59,1,0.055
30.60,1,0.071
30.61,1,0.086
30.62,1,0.101
30.63,1,0.117
30.64,1,0.124
30.65,1,0.138
30.66,1,0.147
30.67,1,0.142
30.68,1,0.137
30.69,1,0.122
30.70,1,0.110
30.71,1,0.094
30.72,1,0.081
30.73,1,0.074
30.74,1,0.071
30.75,1,0.068
30.76,1,0.070
30.77,1,0.079
30.78,1,0.083
30.79,1,0.087
30.80,1,0.093
30.81,1,0.104
30.82,1,0.106
30.83,1,0.104
30.84,1,0.100
30.85,1,0.094
30.86,1,0.074
30.87,1,0.068
30.88,1,0.069
30.89,1,0.075
30.90,1,0.082
30.91,1,0.086
30.92,1,0.098
30.93,1,0.116
30.94,1,0.130
30.95,1,0.149
30.96,1,0.185
30.97,1,0.221
30.98,1,0.302
30.99,1,0.478
31.00,1,0.801
31.01,1,1.008
31.02,1,1.281
31.03,1,1.474
31.04,1,1.510
31.05,1,1.600
31.06,0,
31.07,0,
31.08,0,
31.09,0,
31.10,0,
31.11,0,
31.12,0,
31.13,0,
31.14,0,
31.15,0,
31.16,0,
31.17,0,
31.18,0,
31.19,0,
31.20,0,
31.21,0,
31.22,0,
31.23,0,
31.24,0,
31.25,0,
31.26,0,
31.27,0,
31.28,0,
31.29,0,
31.30,0,
31.31,0,
31.32,0,
31.33,0,
31.34,0,
31.35,0,
31.36,0,
31.37,0,
31.38,0,
31.39,0,
31.40,0,
31.41,0,
31.42,0,
31.43,0,
31.44,0,
31.45,0,
31.46,0,
31.47,0,
31.48,0,
31.49,0,
31.50,0,
31.51,0,
31.52,0,
31.53,0,
31.54,0,
31.55,0,
31.56,0,
31.57,0,
31.58,0,
31.59,0,
31.60,0,
31.61,1,0.825
31.62,1,0.761
31.63,1,0.615
31.64,1,0.457
31.65,1,0.399
31.66,1,0.323
31.67,1,0.287
31.68,1,0.230
31.69,1,0.210
31.70,1,0.199
31.71,1,0.194
31.72,1,0.188
31.73,1,0.173
31.74,1,0.167
31.75,1,0.177
31.76,1,0.191
31.77,1,0.214
31.78,1,0.250
31.79,1,0.266
31.80,1,0.292
31.81,1,0.327
31.82,1,0.346
31.83,1,0.370
31.84,1,0.416
31.85,1,0.456
31.86,1,0.488
31.87,1,0.581
31.88,1,0.721
31.89,1,0.824
31.90,1,0.780
31.91,1,0.886
31.92,1,0.890
31.93,1,0.780
31.94,1,0.213
31.95,1,0.136
31.96,1,0.152
31.97,1,0.174
31.98,1,0.154
31.99,1,0.121
32.00,1,0.101
32.01,1,0.118
32.02,1,0.165
32.03,1,0.179
32.04,1,0.220
32.05,1,0.262
32.06,1,0.353
32.07,1,0.416
32.08,1,0.455
32.09,1,0.487
32.10,1,0.456
32.11,1,0.345
32.12,1,0.282
32.13,1,0.240
32.14,1,0.219
32.15,1,0.246
32.16,1,0.249
32.17,1,0.245
32.18,1,0.245
32.19,1,0.223
32.20,1,0.194
32.21,1,0.180
32.22,1,0.170
32.23,1,0.155
32.24,1,0.146
32.25,1,0.147
32.26,1,0.157
32.27,1,0.193
32.28,1,0.219
32.29,1,0.246
32.30,1,0.271
32.31,1,0.288
32.32,1,0.304
32.33,1,0.331
32.34,1,0.352
32.35,1,0.378
32.36,1,0.383
32.37,1,0.373
32.38,1,0.357
32.39,1,0.329
32.40,1,0.304
32.41,1,0.307
32.42,1,0.321
32.43,1,0.361
32.44,1,0.445
32.45,1,0.690
32.46,1,1.506
32.47,1,1.531
32.48,1,1.423
32.49,1,0.751
32.50,1,0.582
32.51,1,0.398
32.52,1,0.212
32.53,1,0.166
32.54,1,0.140
32.55,1,0.128
32.56,1,0.117
32.57,1,0.112
32.58,1,0.106
32.59,1,0.113
32.60,1,0.114
32.61,1,0.128
32.62,1,0.138
32.63,1,0.156
32.64,1,0.161
32.65,1,0.180
32.66,1,0.209
32.67,1,0.219
32.68,1,0.235
32.69,1,0.245
32.70,1,0.250
32.71,1,0.241
32.72,1,0.226
32.73,1,0.234
32.74,1,0.225
32.75,1,0.220
32.76,1,0.220
32.77,1,0.234
32.78,1,0.240
32.79,1,0.227
32.80,1,0.228
32.81,1,0.218
32.82,1,0.207
32.83,1,0.227
32.84,1,0.248
32.85,1,0.256
32.86,1,0.242
32.87,1,0.216
32.88,1,0.190
32.89,1,0.174
32.90,1,0.174
32.91,1,0.177
32.92,1,0.178
32.93,1,0.156
32.94,1,0.164
32.95,1,0.163
32.96,1,0.159
32.97,1,0.171
32.98,1,0.206
32.99,1,0.235
33.00,1,0.265
33.01,1,0.313
33.02,1,0.334
33.03,1,0.300
33.04,1,0.248
33.05,1,0.204
33.06,1,0.186
33.07,1,0.161
33.08,1,0.190
33.09,1,0.216
33.10,1,0.236
33.11,1,0.235
33.12,1,0.235
33.13,1,0.232
33.14,1,0.223
33.15,1,0.240
33.16,1,0.244
33.17,1,0.223
33.18,1,0.218
33.19,1,0.200
33.20,1,0.173
33.21,1,0.165
33.22,1,0.176
33.23,1,0.176
33.24,1,0.193
33.25,1,0.202
33.26,1,0.206
33.27,1,0.223
33.28,1,0.219
33.29,1,0.228
33.30,1,0.242
33.31,1,0.237
33.32,1,0.246
33.33,1,0.246
33.34,1,0.238
33.35,1,0.229
33.36,1,0.217
33.37,1,0.213
33.38,1,0.202
33.39,1,0.195
33.40,1,0.197
33.41,1,0.183
33.42,1,0.183
33.43,1,0.167
33.44,1,0.143
33.45,1,0.142
33.46,1,0.147
33.47,1,0.199
33.48,1,0.233
33.49,1,0.239
33.50,1,0.253
33.51,1,0.242
33.52,1,0.186
33.53,1,0.175
33.54,1,0.196
33.55,1,0.205
33.56,1,0.275
33.57,1,0.293
33.58,1,0.294
33.59,1,0.275
33.60,1,0.231
33.61,1,0.174
33.62,1,0.155
33.63,1,0.165
33.64,1,0.182
33.65,1,0.196
33.66,1,0.199
33.67,1,0.203
33.68,1,0.200
33.69,1,0.204
33.70,1,0.203
33.71,1,0.216
33.72,1,0.226
33.73,1,0.221
33.74,1,0.225
33.75,1,0.222
33.76,1,0.212
33.77,1,0.213
33.78,1,0.243
33.79,1,0.237
33.80,1,0.257
33.81,1,0.308
33.82,1,0.277
33.83,1,0.241
33.84,1,0.241
33.85,1,0.209
33.86,1,0.229
33.87,1,0.277
33.88,1,0.294
33.89,1,0.228
33.90,1,0.194
33.91,1,0.203
33.92,1,0.214
33.93,1,0.217
33.94,1,0.234
33.95,1,0.230
33.96,1,0.215
33.97,1,0.205
33.98,1,0.193
33.99,1,0.213
34.00,1,0.224
34.01,1,0.229
34.02,1,0.220
34.03,1,0.210
34.04,1,0.176
34.05,1,0.173
34.06,1,0.180
34.07,1,0.183
34.08,1,0.187
34.09,1,0.198
34.10,1,0.203
34.11,1,0.203
34.12,1,0.193
34.13,1,0.195
34.14,1,0.192
34.15,1,0.195
34.16,1,0.207
34.17,1,0.215
34.18,1,0.215
34.19,1,0.208
34.20,1,0.215
34.21,1,0.225
34.22,1,0.240
34.23,1,0.263
34.24,1,0.272
34.25,1,0.258
34.26,1,0.256
34.27,1,0.232
34.28,1,0.207
34.29,1,0.189
34.30,1,0.175
34.31,1,0.171
34.32,1,0.156
34.33,1,0.137
34.34,1,0.139
34.35,1,0.145
34.36,1,0.167
34.37,1,0.198
34.38,1,0.232
34.39,1,0.283
34.40,1,0.304
34.41,1,0.315
34.42,1,0.336
34.43,1,0.321
34.44,1,0.304
34.45,1,0.306
34.46,1,0.283
34.47,1,0.295
34.48,1,0.294
34.49,1,0.292
34.50,1,0.322
34.51,1,0.356
34.52,1,0.407
34.53,1,0.515
34.54,1,0.765
34.55,1,0.885
34.56,1,0.768
34.57,1,0.592
34.58,1,0.595
34.59,1,0.588
34.60,1,0.574
34.61,1,0.613
34.62,1,0.549
34.63,1,0.395
34.64,1,0.267
34.65,1,0.197
34.66,1,0.168
34.67,1,0.135
34.68,1,0.121
34.69,1,0.126
34.70,1,0.135
34.71,1,0.137
34.72,1,0.162
34.73,1,0.178
34.74,1,0.201
34.75,1,0.210
34.76,1,0.211
34.77,1,0.212
34.78,1,0.209
34.79,1,0.202
34.80,1,0.201
34.81,1,0.206
34.82,1,0.205
34.83,1,0.189
34.84,1,0.208
34.85,1,0.234
34.86,1,0.258
34.87,1,0.328
34.88,1,0.538
34.89,1,0.848
34.90,1,0.802
34.91,1,0.790
34.92,1,0.879
34.93,1,0.946
34.94,1,0.777
34.95,1,0.537
34.96,1,0.240
34.97,1,0.122
34.98,1,0.118
34.99,1,0.135
35.00,1,0.143
35.01,1,0.158
35.02,1,0.194
35.03,1,0.225
35.04,1,0.237
35.05,1,0.266
35.06,1,0.284
35.07,1,0.291
35.08,1,0.293
35.09,1,0.278
35.10,1,0.256
35.11,1,0.229
35.12,1,0.207
35.13,1,0.219
35.14,1,0.247
35.15,1,0.266
35.16,1,0.279
35.17,1,0.291
35.18,1,0.304
35.19,1,0.312
35.20,1,0.310
35.21,1,0.314
35.22,1,0.309
35.23,1,0.291
35.24,1,0.269
35.25,1,0.252
35.26,1,0.242
35.27,1,0.250
35.28,1,0.336
35.29,1,0.463
35.30,1,0.627
35.31,1,0.980
35.32,1,1.081
35.33,1,1.193
35.34,1,1.115
35.35,1,1.063
35.36,1,1.070
35.37,1,0.939
35.38,1,0.962
35.39,1,0.916
35.40,1,0.941
35.41,1,1.094
35.42,1,1.148
35.43,1,1.129
35.44,1,1.262
35.45,1,0.720
35.46,1,0.308
35.47,1,0.150
35.48,1,0.144
35.49,1,0.102
35.50,1,0.090
35.51,1,0.078
35.52,1,0.079
35.53,1,0.078
35.54,1,0.079
35.55,1,0.087
35.56,1,0.093
35.57,1,0.091
35.58,1,0.099
35.59,1,0.121
35.60,1,0.138
35.61,1,0.207
35.62,1,0.318
35.63,1,0.537
35.64,1,0.398
35.65,1,0.230
35.66,1,0.095
35.67,1,0.075
35.68,1,0.068
35.69,1,0.063
35.70,1,0.059
35.71,1,0.061
35.72,1,0.058
35.73,1,0.058
35.74,1,0.051
35.75,1,0.050
35.76,1,0.052
35.77,1,0.053
35.78,1,0.056
35.79,1,0.062
35.80,1,0.066
35.81,1,0.055
35.82,1,0.046
35.83,1,0.042
35.84,1,0.037
35.85,1,0.039
35.86,1,0.044
35.87,1,0.045
35.88,1,0.046
35.89,1,0.049
35.90,1,0.054
35.91,1,0.063
35.92,1,0.064
35.93,1,0.070
35.94,1,0.071
35.95,1,0.064
35.96,1,0.065
35.97,1,0.081
35.98,1,0.088
35.99,1,0.099
36.00,1,0.113
36.01,1,0.113
36.02,1,0.113
36.03,1,0.115
36.04,1,0.112
36.05,1,0.106
36.06,1,0.108
36.07,1,0.099
36.08,1,0.098
36.09,1,0.098
36.10,1,0.097
36.11,1,0.102
36.12,1,0.115
36.13,1,0.127
36.14,1,0.137
36.15,1,0.146
36.16,1,0.141
36.17,1,0.138
36.18,1,0.132
36.19,1,0.123
36.20,1,0.123
36.21,1,0.121
36.22,1,0.110
36.23,1,0.111
36.24,1,0.109
36.25,1,0.101
36.26,1,0.111
36.27,1,0.127
36.28,1,0.142
36.29,1,0.167
36.30,1,0.213
36.31,1,0.265
36.32,1,0.328
36.33,1,0.418
36.34,1,0.540
36.35,1,0.633
36.36,1,0.723
36.37,1,0.811
36.38,1,0.936
36.39,1,1.101
36.40,1,1.248
36.41,1,1.336
36.42,1,1.445
36.43,1,1.399
36.44,1,1.251
36.45,1,1.144
36.46,1,1.096
36.47,1,1.129
36.48,1,1.322
36.49,1,1.560
36.50,1,1.950
36.51,1,2.115
36.52,1,1.949
36.53,1,1.672
36.54,1,1.435
36.55,1,1.043
36.56,1,0.515
36.57,1,0.282
36.58,1,0.208
36.59,1,0.174
36.60,1,0.161
36.61,1,0.161
36.62,1,0.184
36.63,1,0.187
36.64,1,0.213
36.65,1,0.216
36.66,1,0.203
36.67,1,0.186
36.68,1,0.170
36.69,1,0.139
36.70,1,0.113
36.71,1,0.117
36.72,1,0.146
36.73,1,0.216
36.74,1,0.327
36.75,1,0.338
36.76,1,0.124
36.77,1,0.107
36.78,1,0.103
36.79,1,0.101
36.80,1,0.113
36.81,1,0.116
36.82,1,0.114
36.83,1,0.098
36.84,1,0.085
36.85,1,0.070
36.86,1,0.059
36.87,1,0.068
36.88,1,0.078
36.89,1,0.094
36.90,1,0.104
36.91,1,0.085
36.92,1,0.071
36.93,1,0.061
36.94,1,0.050
36.95,1,0.044
36.96,1,0.043
36.97,1,0.041
36.98,1,0.043
36.99,1,0.043
37.00,1,0.041
37.01,1,0.034
37.02,1,0.030
37.03,1,0.030
37.04,1,0.031
37.05,1,0.041
37.06,1,0.049
37.07,1,0.056
37.08,1,0.062
37.09,1,0.066
37.10,1,0.068
37.11,1,0.073
37.12,1,0.078
37.13,1,0.078
37.14,1,0.079
37.15,1,0.073
37.16,1,0.070
37.17,1,0.064
37.18,1,0.061
37.19,1,0.066
37.20,1,0.083
37.21,1,0.100
37.22,1,0.117
37.23,1,0.134
37.24,1,0.143
37.25,1,0.144
37.26,1,0.139
37.27,1,0.141
37.28,1,0.139
37.29,1,0.134
37.30,1,0.135
37.31,1,0.142
37.32,1,0.152
37.33,1,0.165
37.34,1,0.190
37.35,1,0.226
37.36,1,0.281
37.37,1,0.339
37.38,1,0.434
37.39,1,0.597
37.40,1,0.799
37.41,1,0.845
37.42,1,0.930
37.43,1,1.183
37.44,1,1.266
37.45,1,1.296
37.46,1,0.996
37.47,1,0.678
37.48,1,0.486
37.49,1,0.471
37.50,1,0.497
37.51,1,0.508
37.52,1,0.550
37.53,1,0.626
37.54,1,0.705
37.55,1,0.757
37.56,1,0.838
37.57,1,0.899
37.58,1,0.868
37.59,1,0.999
37.60,1,1.200
37.61,1,1.365
37.62,1,1.456
37.63,1,1.580
37.64,1,1.623
37.65,1,1.668
37.66,1,1.552
37.67,1,1.388
37.68,1,0.694
37.69,1,0.230
37.70,1,0.124
37.71,1,0.096
37.72,1,0.074
37.73,1,0.082
37.74,1,0.103
37.75,1,0.139
37.76,1,0.167
37.77,1,0.199
37.78,1,0.234
37.79,1,0.252
37.80,1,0.251
37.81,1,0.244
37.82,1,0.223
37.83,1,0.186
37.84,1,0.159
37.85,1,0.153
37.86,1,0.124
37.87,1,0.113
37.88,1,0.102
37.89,1,0.099
37.90,1,0.102
37.91,1,0.117
37.92,1,0.135
37.93,1,0.234
37.94,1,0.403
37.95,1,0.410
37.96,1,0.109
37.97,1,0.078
37.98,1,0.070
37.99,1,0.070
38.00,1,0.076
38.01,1,0.097
38.02,1,0.125
38.03,1,0.143
38.04,1,0.163
38.05,1,0.168
38.06,1,0.167
38.07,1,0.151
38.08,1,0.146
38.09,1,0.138
38.10,1,0.138
38.11,1,0.135
38.12,1,0.138
38.13,1,0.151
38.14,1,0.187
38.15,1,0.233
38.16,1,0.324
38.17,1,0.504
38.18,1,0.707
38.19,1,0.790
38.20,1,0.668
38.21,1,0.500
38.22,1,0.235
38.23,1,0.178
38.24,1,0.155
38.25,1,0.155
38.26,1,0.197
38.27,1,0.215
38.28,1,0.235
38.29,1,0.259
38.30,1,0.275
38.31,1,0.276
38.32,1,0.256
38.33,1,0.240
38.34,1,0.209
38.35,1,0.200
38.36,1,0.203
38.37,1,0.219
38.38,1,0.234
38.39,1,0.259
38.40,1,0.290
38.41,1,0.372
38.42,1,0.585
38.43,1,0.817
38.44,1,1.241
38.45,1,1.010
38.46,1,0.762
38.47,1,0.918
38.48,1,0.914
38.49,1,0.941
38.50,1,0.788
38.51,1,0.386
38.52,1,0.125
38.53,1,0.097
38.54,1,0.082
38.55,1,0.082
38.56,1,0.082
38.57,1,0.092
38.58,1,0.098
38.59,1,0.107
38.60,1,0.109
38.61,1,0.112
38.62,1,0.113
38.63,1,0.132
38.64,1,0.137
38.65,1,0.141
38.66,1,0.141
38.67,1,0.145
38.68,1,0.133
38.69,1,0.139
38.70,1,0.133
38.71,1,0.132
38.72,1,0.124
38.73,1,0.113
38.74,1,0.109
38.75,1,0.122
38.76,1,0.126
38.77,1,0.149
38.78,1,0.211
38.79,1,0.247
38.80,1,0.271
38.81,1,0.293
38.82,1,0.293
38.83,1,0.272
38.84,1,0.239
38.85,1,0.220
38.86,1,0.215
38.87,1,0.215
38.88,1,0.225
38.89,1,0.258
38.90,1,0.288
38.91,1,0.299
38.92,1,0.313
38.93,1,0.290
38.94,1,0.261
38.95,1,0.193
38.96,1,0.155
38.97,1,0.122
38.98,1,0.092
38.99,1,0.083
39.00,1,0.077
39.01,1,0.087
39.02,1,0.108
39.03,1,0.138
39.04,1,0.172
39.05,1,0.237
39.06,1,0.324
39.07,1,0.197
39.08,1,0.184
39.09,1,0.164
39.10,1,0.146
39.11,1,0.152
39.12,1,0.168
39.13,1,0.169
39.14,1,0.190
39.15,1,0.227
39.16,1,0.240
39.17,1,0.237
39.18,1,0.223
39.19,1,0.223
39.20,1,0.216
39.21,1,0.228
39.22,1,0.249
39.23,1,0.330
39.24,1,0.504
39.25,1,0.720
39.26,1,0.774
39.27,1,0.708
39.28,1,0.934
39.29,1,1.001
39.30,1,1.220
39.31,1,1.290
39.32,1,0.803
39.33,1,0.536
39.34,1,0.216
39.35,1,0.143
39.36,1,0.227
39.37,1,0.294
39.38,1,0.300
39.39,1,0.319
39.40,1,0.357
39.41,1,0.301
39.42,1,0.244
39.43,1,0.219
39.44,1,0.240
39.45,1,0.282
39.46,1,0.333
39.47,1,0.372
39.48,1,0.399
39.49,1,0.388
39.50,1,0.368
39.51,1,0.364
39.52,1,0.369
39.53,1,0.374
39.54,1,0.379
39.55,1,0.388
39.56,1,0.377
39.57,1,0.371
39.58,1,0.365
39.59,1,0.361
39.60,1,0.367
39.61,1,0.369
39.62,1,0.381
39.63,1,0.403
39.64,1,0.402
39.65,1,0.396
39.66,1,0.383
39.67,1,0.355
39.68,1,0.342
39.69,1,0.341
39.70,1,0.331
39.71,1,0.325
39.72,1,0.328
39.73,1,0.348
39.74,1,0.368
39.75,1,0.377
39.76,1,0.405
39.77,1,0.443
39.78,1,0.482
39.79,1,0.513
39.80,1,0.557
39.81,1,0.530
39.82,1,0.436
39.83,1,0.389
39.84,1,0.363
39.85,1,0.387
39.86,1,0.475
39.87,1,0.533
39.88,1,0.600
39.89,1,0.559
39.90,1,0.596
39.91,1,0.590
39.92,1,0.616
39.93,1,0.661
39.94,1,0.734
39.95,1,0.789
39.96,1,0.722
39.97,1,0.668
39.98,1,0.556
39.99,1,0.557
40.00,1,0.601
40.01,1,0.666
40.02,1,0.711
40.03,1,0.746
40.04,1,0.689
40.05,1,0.650
40.06,1,0.650
40.07,1,0.643
40.08,1,0.632
40.09,1,0.635
40.10,1,0.668
40.11,1,0.660
40.12,1,0.674
40.13,1,0.629
40.14,1,0.634
40.15,1,0.706
40.16,1,0.735
40.17,1,0.810
40.18,1,0.843
40.19,1,0.717
40.20,1,0.706
40.21,1,0.721
40.22,1,0.740
40.23,1,0.742
40.24,1,0.674
40.25,1,0.598
40.26,1,0.546
40.27,1,0.517
40.28,1,0.509
40.29,1,0.512
40.30,1,0.542
40.31,1,0.631
40.32,1,0.661
40.33,1,0.704
40.34,1,0.887
40.35,1,1.084
40.36,1,1.124
40.37,1,1.403
40.38,1,1.467
40.39,1,1.346
40.40,1,0.794
40.41,1,0.463
40.42,1,0.494
40.43,1,0.441
40.44,1,0.451
40.45,1,0.554
40.46,1,0.632
40.47,1,0.615
40.48,1,0.703
40.49,1,0.727
40.50,1,0.703
40.51,1,0.745
40.52,1,0.861
40.53,1,0.879
40.54,1,0.807
40.55,1,0.824
40.56,1,0.909
40.57,1,0.902
40.58,1,0.813
40.59,1,0.739
40.60,1,0.671
40.61,1,0.590
40.62,1,0.632
40.63,1,0.748
40.64,1,0.897
40.65,1,0.983
40.66,1,1.056
40.67,1,1.060
40.68,1,1.025
40.69,1,1.066
40.70,1,1.209
40.71,1,1.134
40.72,1,0.991
40.73,1,0.841
40.74,1,0.753
40.75,1,0.731
40.76,1,0.770
40.77,1,0.780
40.78,1,0.841
40.79,1,0.915
40.80,1,1.224
40.81,1,1.483
40.82,1,1.658
40.83,1,1.685
40.84,1,1.581
40.85,1,1.660
40.86,1,1.682
40.87,1,1.639
40.88,1,1.684
40.89,1,1.856
40.90,1,1.892
40.91,1,1.666
40.92,1,1.538
40.93,1,1.595
40.94,1,1.532
40.95,1,1.379
40.96,1,0.963
40.97,1,0.754
40.98,1,0.650
40.99,1,0.627
41.00,1,0.676
41.01,1,0.722
41.02,1,0.710
41.03,1,0.740
41.04,1,0.648
41.05,1,0.660
41.06,1,0.582
41.07,1,0.602
41.08,1,0.664
41.09,1,0.761
41.10,1,0.761
41.11,1,0.826
41.12,1,0.850
41.13,1,0.914
41.14,1,0.925
41.15,1,0.913
41.16,1,0.885
41.17,1,0.814
41.18,1,0.711
41.19,1,0.741
41.20,1,0.789
41.21,1,0.836
41.22,1,0.875
41.23,1,1.003
41.24,1,0.952
41.25,1,0.800
41.26,1,0.678
41.27,1,0.656
41.28,1,0.615
41.29,1,0.615
41.30,1,0.629
41.31,1,0.614
41.32,1,0.575
41.33,1,0.520
41.34,1,0.452
41.35,1,0.396
41.36,1,0.361
41.37,1,0.356
41.38,1,0.333
41.39,1,0.309
41.40,1,0.299
41.41,1,0.313
41.42,1,0.330
41.43,1,0.355
41.44,1,0.367
41.45,1,0.386
41.46,1,0.395
41.47,1,0.451
41.48,1,0.533
41.49,1,0.674
41.50,1,0.834
41.51,1,0.971
41.52,1,0.830
41.53,1,0.766
41.54,1,0.638
41.55,1,0.604
41.56,1,0.569
41.57,1,0.574
41.58,1,0.613
41.59,1,0.662
41.60,1,0.719
41.61,1,0.756
41.62,1,0.755
41.63,1,0.709
41.64,1,0.690
41.65,1,0.723
41.66,1,0.750
41.67,1,0.803
41.68,1,0.851
41.69,1,0.946
41.70,1,1.041
41.71,1,1.017
41.72,1,1.002
41.73,1,0.918
41.74,1,0.859
41.75,1,0.715
41.76,1,0.742
41.77,1,0.768
41.78,1,0.774
41.79,1,0.704
41.80,1,0.636
41.81,1,0.516
41.82,1,0.390
41.83,1,0.333
41.84,1,0.318
41.85,1,0.304
41.86,1,0.294
41.87,1,0.282
41.88,1,0.271
41.89,1,0.274
41.90,1,0.256
41.91,1,0.239
41.92,1,0.257
41.93,1,0.277
41.94,1,0.298
41.95,1,0.307
41.96,1,0.327
41.97,1,0.362
41.98,1,0.399
41.99,1,0.488
42.00,1,0.736
42.01,1,0.975
42.02,1,1.060
42.03,1,1.047
42.04,1,0.862
42.05,1,0.411
42.06,1,0.183
42.07,1,0.158
42.08,1,0.131
42.09,1,0.141
42.10,1,0.165
42.11,1,0.180
42.12,1,0.184
42.13,1,0.208
42.14,1,0.215
42.15,1,0.198
42.16,1,0.198
42.17,1,0.209
42.18,1,0.218
42.19,1,0.236
42.20,1,0.250
42.21,1,0.255
42.22,1,0.245
42.23,1,0.236
42.24,1,0.222
42.25,1,0.219
42.26,1,0.216
42.27,1,0.233
42.28,1,0.249
42.29,1,0.263
42.30,1,0.281
42.31,1,0.278
42.32,1,0.259
42.33,1,0.263
42.34,1,0.217
42.35,1,0.200
42.36,1,0.213
42.37,1,0.198
42.38,1,0.187
42.39,1,0.194
42.40,1,0.195
42.41,1,0.202
42.42,1,0.227
42.43,1,0.256
42.44,1,0.313
42.45,1,0.455
42.46,1,1.068
42.47,1,1.481
42.48,1,1.580
42.49,1,1.040
42.50,1,0.351
42.51,1,0.197
42.52,1,0.150
42.53,1,0.132
42.54,1,0.133
42.55,1,0.136
42.56,1,0.157
42.57,1,0.194
42.58,1,0.247
42.59,1,0.355
42.60,1,0.477
42.61,1,0.440
42.62,1,0.312
42.63,1,0.202
42.64,1,0.164
42.65,1,0.148
42.66,1,0.144
42.67,1,0.145
42.68,1,0.140
42.69,1,0.137
42.70,1,0.140
42.71,1,0.135
42.72,1,0.135
42.73,1,0.132
42.74,1,0.135
42.75,1,0.132
42.76,1,0.129
42.77,1,0.137
42.78,1,0.147
42.79,1,0.158
42.80,1,0.185
42.81,1,0.235
42.82,1,0.309
42.83,1,0.611
42.84,1,0.753
42.85,1,0.628
42.86,1,0.459
42.87,1,0.160
42.88,1,0.104
42.89,1,0.096
42.90,1,0.100
42.91,1,0.100
42.92,1,0.117
42.93,1,0.143
42.94,1,0.173
42.95,1,0.208
42.96,1,0.244
42.97,1,0.264
42.98,1,0.265
42.99,1,0.278
43.00,1,0.301
43.01,1,0.279
43.02,1,0.244
43.03,1,0.224
43.04,1,0.207
43.05,1,0.191
43.06,1,0.154
43.07,1,0.121
43.08,1,0.113
43.09,1,0.107
43.10,1,0.114
43.11,1,0.133
43.12,1,0.159
43.13,1,0.169
43.14,1,0.168
43.15,1,0.158
43.16,1,0.136
43.17,1,0.115
43.18,1,0.121
43.19,1,0.130
43.20,1,0.151
43.21,1,0.191
43.22,1,0.233
43.23,1,0.235
43.24,1,0.232
43.25,1,0.240
43.26,1,0.252
43.27,1,0.265
43.28,1,0.276
43.29,1,0.272
43.30,1,0.216
43.31,1,0.183
43.32,1,0.160
43.33,1,0.153
43.34,1,0.160
43.35,1,0.177
43.36,1,0.199
43.37,1,0.204
43.38,1,0.224
43.39,1,0.234
43.40,1,0.244
43.41,1,0.249
43.42,1,0.254
43.43,1,0.253
43.44,1,0.233
43.45,1,0.216
43.46,1,0.202
43.47,1,0.173
43.48,1,0.150
43.49,1,0.141
43.50,1,0.143
43.51,1,0.146
43.52,1,0.143
43.53,1,0.141
43.54,1,0.129
43.55,1,0.130
43.56,1,0.127
43.57,1,0.133
43.58,1,0.129
43.59,1,0.132
43.60,1,0.132
43.61,1,0.129
43.62,1,0.126
43.63,1,0.121
43.64,1,0.110
43.65,1,0.101
43.66,1,0.107
43.67,1,0.130
43.68,1,0.137
43.69,1,0.141
43.70,1,0.150
43.71,1,0.157
43.72,1,0.159
43.73,1,0.168
43.74,1,0.175
43.75,1,0.179
43.76,1,0.181
43.77,1,0.190
43.78,1,0.190
43.79,1,0.191
43.80,1,0.187
43.81,1,0.186
43.82,1,0.176
43.83,1,0.167
43.84,1,0.165
43.85,1,0.170
43.86,1,0.162
43.87,1,0.164
43.88,1,0.163
43.89,1,0.167
43.90,1,0.173
43.91,1,0.181
43.92,1,0.190
43.93,1,0.197
43.94,1,0.193
43.95,1,0.195
43.96,1,0.201
43.97,1,0.206
43.98,1,0.207
43.99,1,0.207
44.00,1,0.200
44.01,1,0.199
44.02,1,0.203
44.03,1,0.199
44.04,1,0.200
44.05,1,0.201
44.06,1,0.201
44.07,1,0.196
44.08,1,0.199
44.09,1,0.201
44.10,1,0.200
44.11,1,0.204
44.12,1,0.207
44.13,1,0.210
44.14,1,0.218
44.15,1,0.216
44.16,1,0.218
44.17,1,0.238
44.18,1,0.252
44.19,1,0.268
44.20,1,0.275
44.21,1,0.281
44.22,1,0.304
44.23,1,0.309
44.24,1,0.331
44.25,1,0.379
44.26,1,0.434
44.27,1,0.450
44.28,1,0.525
44.29,1,0.533
44.30,1,0.553
44.31,1,0.628
44.32,1,0.634
44.33,1,0.647
44.34,1,0.640
44.35,1,0.592
44.36,1,0.535
44.37,1,0.545
44.38,1,0.595
44.39,1,0.678
44.40,1,0.806
44.41,1,1.141
44.42,1,1.582
44.43,1,1.851
44.44,1,2.003
44.45,1,1.612
44.46,1,1.236
44.47,1,1.255
44.48,1,1.309
44.49,1,1.222
44.50,1,0.959
44.51,1,0.774
44.52,1,0.659
44.53,1,0.611
44.54,1,0.576
44.55,1,0.513
44.56,1,0.497
44.57,1,0.519
44.58,1,0.578
44.59,1,0.679
44.60,1,0.804
44.61,1,0.867
44.62,1,0.860
44.63,1,0.812
44.64,1,0.719
44.65,1,0.646
44.66,1,0.606
44.67,1,0.583
44.68,1,0.572
44.69,1,0.589
44.70,1,0.662
44.71,1,0.692
44.72,1,0.641
44.73,1,0.592
44.74,1,0.595
44.75,1,0.594
44.76,1,0.659
44.77,1,0.758
44.78,1,0.690
44.79,1,0.519
44.80,1,0.489
44.81,1,0.460
44.82,1,0.489
44.83,1,0.498
44.84,1,0.576
44.85,1,0.650
44.86,1,0.705
44.87,1,0.786
44.88,1,0.819
44.89,1,0.792
44.90,1,0.752
44.91,1,0.756
44.92,1,0.793
44.93,1,0.878
44.94,1,0.910
44.95,1,0.963
44.96,1,0.910
44.97,1,0.862
44.98,1,0.754
44.99,1,0.665
45.00,1,0.655
45.01,1,0.684
45.02,1,0.726
45.03,1,0.765
45.04,1,0.799
45.05,1,0.806
45.06,1,0.821
45.07,1,0.788
45.08,1,0.769
45.09,1,0.880
45.10,1,0.978
45.11,1,1.075
45.12,1,1.080
45.13,1,1.106
45.14,1,1.168
45.15,1,1.132
45.16,1,1.144
45.17,1,1.073
45.18,1,1.114
45.19,1,1.165
45.20,1,1.118
45.21,1,1.019
45.22,1,1.033
45.23,1,1.082
45.24,1,1.250
45.25,1,1.488
45.26,1,1.573
45.27,1,1.063
45.28,1,0.611
45.29,1,0.627
45.30,1,0.856
45.31,1,1.055
45.32,1,0.713
45.33,1,0.763
45.34,1,0.730
45.35,1,0.704
45.36,1,0.657
45.37,1,0.707
45.38,1,0.743
45.39,1,0.820
45.40,1,0.860
45.41,1,0.956
45.42,1,0.987
45.43,1,0.976
45.44,1,0.973
45.45,1,0.908
45.46,1,0.834
45.47,1,0.729
45.48,1,0.661
45.49,1,0.621
45.50,1,0.671
45.51,1,0.862
45.52,1,0.990
45.53,1,1.111
45.54,1,1.212
45.55,1,1.190
45.56,1,0.818
45.57,1,0.678
45.58,1,0.628
45.59,1,0.570
45.60,1,0.531
45.61,1,0.527
45.62,1,0.510
45.63,1,0.523
45.64,1,0.515
45.65,1,0.516
45.66,1,0.533
45.67,1,0.538
45.68,1,0.558
45.69,1,0.591
45.70,1,0.622
45.71,1,0.662
45.72,1,0.688
45.73,1,0.699
45.74,1,0.707
45.75,1,0.736
45.76,1,0.747
45.77,1,0.788
45.78,1,0.850
45.79,1,0.843
45.80,1,0.794
45.81,1,0.778
45.82,1,0.758
45.83,1,0.732
45.84,1,0.862
45.85,1,0.920
45.86,1,0.671
45.87,1,0.595
45.88,1,0.549
45.89,1,0.507
45.90,1,0.495
45.91,1,0.544
45.92,1,0.595
45.93,1,0.638
45.94,1,0.662
45.95,1,0.693
45.96,1,0.710
45.97,1,0.638
45.98,1,0.675
45.99,1,0.610
46.00,1,0.578
46.01,1,0.577
46.02,1,0.587
46.03,1,0.628
46.04,1,0.765
46.05,1,0.858
46.06,1,0.861
46.07,1,0.831
46.08,1,0.803
46.09,1,0.753
46.10,1,0.711
46.11,1,0.708
46.12,1,0.666
46.13,1,0.545
46.14,1,0.454
46.15,1,0.403
46.16,1,0.346
46.17,1,0.320
46.18,1,0.284
46.19,1,0.270
46.20,1,0.274
46.21,1,0.300
46.22,1,0.273
46.23,1,0.270
46.24,1,0.237
46.25,1,0.228
46.26,1,0.211
46.27,1,0.214
46.28,1,0.209
46.29,1,0.210
46.30,1,0.197
46.31,1,0.184
46.32,1,0.183
46.33,1,0.192
46.34,1,0.200
46.35,1,0.217
46.36,1,0.237
46.37,1,0.248
46.38,1,0.260
46.39,1,0.279
46.40,1,0.297
46.41,1,0.311
46.42,1,0.319
46.43,1,0.265
46.44,1,0.221
46.45,1,0.187
46.46,1,0.173
46.47,1,0.161
46.48,1,0.153
46.49,1,0.141
46.50,1,0.135
46.51,1,0.148
46.52,1,0.164
46.53,1,0.166
46.54,1,0.176
46.55,1,0.188
46.56,1,0.182
46.57,1,0.170
46.58,1,0.167
46.59,1,0.143
46.60,1,0.128
46.61,1,0.135
46.62,1,0.137
46.63,1,0.148
46.64,1,0.160
46.65,1,0.172
46.66,1,0.184
46.67,1,0.199
46.68,1,0.229
46.69,1,0.265
46.70,1,0.254
46.71,1,0.208
46.72,1,0.190
46.73,1,0.174
46.74,1,0.171
46.75,1,0.177
46.76,1,0.180
46.77,1,0.185
46.78,1,0.177
46.79,1,0.183
46.80,1,0.177
46.81,1,0.147
46.82,1,0.130
46.83,1,0.109
46.84,1,0.100
46.85,1,0.103
46.86,1,0.122
46.87,1,0.130
46.88,1,0.134
46.89,1,0.128
46.90,1,0.127
46.91,1,0.122
46.92,1,0.142
46.93,1,0.156
46.94,1,0.183
46.95,1,0.196
46.96,1,0.194
46.97,1,0.146
46.98,1,0.137
46.99,1,0.134
47.00,1,0.122
47.01,1,0.122
47.02,1,0.132
47.03,1,0.136
47.04,1,0.151
47.05,1,0.154
47.06,1,0.148
47.07,1,0.140
47.08,1,0.136
47.09,1,0.133
47.10,1,0.149
47.11,1,0.162
47.12,1,0.178
47.13,1,0.203
47.14,1,0.232
47.15,1,0.257
47.16,1,0.282
47.17,1,0.310
47.18,1,0.340
47.19,1,0.373
47.20,1,0.439
47.21,1,0.572
47.22,1,0.554
47.23,1,0.383
47.24,1,0.200
47.25,1,0.140
47.26,1,0.120
47.27,1,0.122
47.28,1,0.131
47.29,1,0.153
47.30,1,0.171
47.31,1,0.179
47.32,1,0.187
47.33,1,0.185
47.34,1,0.181
47.35,1,0.178
47.36,1,0.183
47.37,1,0.186
47.38,1,0.181
47.39,1,0.183
47.40,1,0.183
47.41,1,0.170
47.42,1,0.162
47.43,1,0.169
47.44,1,0.186
47.45,1,0.219
47.46,1,0.290
47.47,1,0.473
47.48,1,0.828
47.49,1,1.016
47.50,1,0.802
47.51,1,0.232
47.52,1,0.146
47.53,1,0.131
47.54,1,0.125
47.55,1,0.122
47.56,1,0.142
47.57,1,0.141
47.58,1,0.143
47.59,1,0.144
47.60,1,0.149
47.61,1,0.140
47.62,1,0.144
47.63,1,0.146
47.64,1,0.151
47.65,1,0.160
47.66,1,0.166
47.67,1,0.164
47.68,1,0.161
47.69,1,0.155
47.70,1,0.149
47.71,1,0.149
47.72,1,0.151
47.73,1,0.168
47.74,1,0.176
47.75,1,0.190
47.76,1,0.219
47.77,1,0.230
47.78,1,0.219
47.79,1,0.191
47.80,1,0.159
47.81,1,0.136
47.82,1,0.124
47.83,1,0.132
47.84,1,0.146
47.85,1,0.161
47.86,1,0.173
47.87,1,0.182
47.88,1,0.179
47.89,1,0.175
47.90,1,0.172
47.91,1,0.167
47.92,1,0.156
47.93,1,0.155
47.94,1,0.145
47.95,1,0.153
47.96,1,0.158
47.97,1,0.168
47.98,1,0.206
47.99,1,0.272
48.00,1,0.420
48.01,1,0.557
48.02,1,0.660
48.03,1,0.795
48.04,1,0.339
48.05,1,0.164
48.06,1,0.131
48.07,1,0.116
48.08,1,0.107
48.09,1,0.104
48.10,1,0.111
48.11,1,0.120
48.12,1,0.138
48.13,1,0.147
48.14,1,0.149
48.15,1,0.144
48.16,1,0.146
48.17,1,0.139
48.18,1,0.134
48.19,1,0.136
48.20,1,0.129
48.21,1,0.129
48.22,1,0.126
48.23,1,0.134
48.24,1,0.148
48.25,1,0.159
48.26,1,0.165
48.27,1,0.168
48.28,1,0.168
48.29,1,0.172
48.30,1,0.174
48.31,1,0.172
48.32,1,0.179
48.33,1,0.179
48.34,1,0.180
48.35,1,0.175
48.36,1,0.171
48.37,1,0.171
48.38,1,0.177
48.39,1,0.180
48.40,1,0.190
48.41,1,0.229
48.42,1,0.260
48.43,1,0.312
48.44,1,0.437
48.45,1,0.651
48.46,1,0.910
48.47,1,0.629
48.48,1,0.298
48.49,1,0.148
48.50,1,0.138
48.51,1,0.128
48.52,1,0.127
48.53,1,0.138
48.54,1,0.155
48.55,1,0.157
48.56,1,0.166
48.57,1,0.169
48.58,1,0.166
48.59,1,0.166
48.60,1,0.164
48.61,1,0.167
48.62,1,0.169
48.63,1,0.179
48.64,1,0.172
48.65,1,0.168
48.66,1,0.163
48.67,1,0.153
48.68,1,0.154
48.69,1,0.160
48.70,1,0.171
48.71,1,0.173
48.72,1,0.188
48.73,1,0.202
48.74,1,0.203
48.75,1,0.198
48.76,1,0.183
48.77,1,0.170
48.78,1,0.158
48.79,1,0.150
48.80,1,0.149
48.81,1,0.148
48.82,1,0.157
48.83,1,0.167
48.84,1,0.187
48.85,1,0.241
48.86,1,0.321
48.87,1,0.374
48.88,1,0.263
48.89,1,0.186
48.90,1,0.147
48.91,1,0.130
48.92,1,0.119
48.93,1,0.119
48.94,1,0.118
48.95,1,0.119
48.96,1,0.113
48.97,1,0.114
48.98,1,0.115
48.99,1,0.119
49.00,1,0.131
49.01,1,0.146
49.02,1,0.159
49.03,1,0.177
49.04,1,0.196
49.05,1,0.213
49.06,1,0.223
49.07,1,0.241
49.08,1,0.267
49.09,1,0.284
49.10,1,0.312
49.11,1,0.347
49.12,1,0.329
49.13,1,0.288
49.14,1,0.294
49.15,1,0.320
49.16,1,0.208
49.17,1,0.162
49.18,1,0.138
49.19,1,0.135
49.20,1,0.135
49.21,1,0.151
49.22,1,0.182
49.23,1,0.218
49.24,1,0.248
49.25,1,0.280
49.26,1,0.289
49.27,1,0.287
49.28,1,0.267
49.29,1,0.233
49.30,1,0.204
49.31,1,0.185
49.32,1,0.174
49.33,1,0.164
49.34,1,0.160
49.35,1,0.157
49.36,1,0.161
49.37,1,0.172
49.38,1,0.183
49.39,1,0.198
49.40,1,0.221
49.41,1,0.242
49.42,1,0.255
49.43,1,0.246
49.44,1,0.229
49.45,1,0.207
49.46,1,0.179
49.47,1,0.167
49.48,1,0.163
49.49,1,0.166
49.50,1,0.172
49.51,1,0.184
49.52,1,0.191
49.53,1,0.189
49.54,1,0.182
49.55,1,0.171
49.56,1,0.158
49.57,1,0.143
49.58,1,0.136
49.59,1,0.130
49.60,1,0.119
49.61,1,0.110
49.62,1,0.110
49.63,1,0.117
49.64,1,0.120
49.65,1,0.123
49.66,1,0.130
49.67,1,0.134
49.68,1,0.139
49.69,1,0.147
49.70,1,0.154
49.71,1,0.167
49.72,1,0.193
49.73,1,0.224
49.74,1,0.286
49.75,1,0.396
49.76,1,0.413
49.77,1,0.501
49.78,1,0.560
49.79,1,0.587
49.80,1,0.713
49.81,1,1.077
49.82,1,1.614
49.83,1,1.947
49.84,1,1.912
49.85,1,1.887
49.86,1,1.870
49.87,1,1.885
49.88,1,1.807
49.89,1,1.774
49.90,1,1.806
49.91,1,1.764
49.92,1,1.541
49.93,1,1.473
49.94,0,
49.95,0,
49.96,0,
49.97,0,
49.98,0,
49.99,0,
50.00,0,
50.01,0,
50.02,0,
50.03,0,
50.04,0,
50.05,0,
50.06,0,
50.07,0,
50.08,0,
50.09,1,0.892
50.10,1,0.931
50.11,1,0.925
50.12,1,0.912
50.13,1,0.868
50.14,1,0.796
50.15,1,0.658
50.16,1,0.353
50.17,1,0.192
50.18,1,0.145
50.19,1,0.144
50.20,1,0.151
50.21,1,0.119
50.22,1,0.105
50.23,1,0.102
50.24,1,0.094
50.25,1,0.086
50.26,1,0.081
50.27,1,0.075
50.28,1,0.091
50.29,1,0.094
50.30,1,0.114
50.31,1,0.116
50.32,1,0.130
50.33,1,0.124
50.34,1,0.140
50.35,1,0.143
50.36,1,0.151
50.37,1,0.142
50.38,1,0.148
50.39,1,0.125
50.40,1,0.125
50.41,1,0.120
50.42,1,0.117
50.43,1,0.110
50.44,1,0.129
50.45,1,0.143
50.46,1,0.151
50.47,1,0.163
50.48,1,0.162
50.49,1,0.140
50.50,1,0.119
50.51,1,0.117
50.52,1,0.114
50.53,1,0.111
50.54,1,0.122
50.55,1,0.124
50.56,1,0.128
50.57,1,0.130
50.58,1,0.130
50.59,1,0.128
50.60,1,0.126
50.61,1,0.131
50.62,1,0.143
50.63,1,0.162
50.64,1,0.181
50.65,1,0.190
50.66,1,0.184
50.67,1,0.181
50.68,1,0.196
50.69,1,0.254
50.70,1,0.350
50.71,1,0.637
50.72,1,0.804
50.73,1,0.642
50.74,1,0.449
50.75,1,0.361
50.76,1,0.296
50.77,1,0.199
50.78,1,0.154
50.79,1,0.133
50.80,1,0.138
50.81,1,0.148
50.82,1,0.171
50.83,1,0.175
50.84,1,0.177
50.85,1,0.170
50.86,1,0.161
50.87,1,0.157
50.88,1,0.170
50.89,1,0.185
50.90,1,0.186
50.91,1,0.192
50.92,1,0.184
50.93,1,0.156
50.94,1,0.134
50.95,1,0.119
50.96,1,0.100
50.97,1,0.095
50.98,1,0.098
50.99,1,0.100
51.00,1,0.106
51.01,1,0.100
51.02,1,0.099
51.03,1,0.102
51.04,1,0.112
51.05,1,0.117
51.06,1,0.131
51.07,1,0.146
51.08,1,0.147
51.09,1,0.137
51.10,1,0.141
51.11,1,0.148
51.12,1,0.162
51.13,1,0.195
51.14,1,0.232
51.15,1,0.255
51.16,1,0.268
51.17,1,0.255
51.18,1,0.211
51.19,1,0.186
51.20,1,0.178
51.21,1,0.169
51.22,1,0.184
51.23,1,0.215
51.24,1,0.236
51.25,1,0.257
51.26,1,0.275
51.27,1,0.267
51.28,1,0.231
51.29,1,0.201
51.30,1,0.200
51.31,1,0.218
51.32,1,0.217
51.33,1,0.186
51.34,1,0.169
51.35,1,0.156
51.36,1,0.158
51.37,1,0.178
51.38,1,0.210
51.39,1,0.233
51.40,1,0.257
51.41,1,0.275
51.42,1,0.284
51.43,1,0.282
51.44,1,0.259
51.45,1,0.230
51.46,1,0.196
51.47,1,0.161
51.48,1,0.139
51.49,1,0.122
51.50,1,0.112
51.51,1,0.114
51.52,1,0.135
51.53,1,0.140
51.54,1,0.157
51.55,1,0.182
51.56,1,0.214
51.57,1,0.236
51.58,1,0.310
51.59,1,0.525
51.60,1,0.432
51.61,1,0.190
51.62,1,0.130
51.63,1,0.159
51.64,1,0.139
51.65,1,0.143
51.66,1,0.177
51.67,1,0.185
51.68,1,0.183
51.69,1,0.200
51.70,1,0.191
51.71,1,0.184
51.72,1,0.206
51.73,1,0.208
51.74,1,0.208
51.75,1,0.204
51.76,1,0.196
51.77,1,0.185
51.78,1,0.179
51.79,1,0.176
51.80,1,0.169
51.81,1,0.176
51.82,1,0.174
51.83,1,0.176
51.84,1,0.193
51.85,1,0.227
51.86,1,0.254
51.87,1,0.292
51.88,1,0.243
51.89,1,0.196
51.90,1,0.164
51.91,1,0.149
51.92,1,0.154
51.93,1,0.164
51.94,1,0.171
51.95,1,0.171
51.96,1,0.168
51.97,1,0.156
51.98,1,0.158
51.99,1,0.153
52.00,1,0.154
52.01,1,0.156
52.02,1,0.158
52.03,1,0.168
52.04,1,0.184
52.05,1,0.195
52.06,1,0.212
52.07,1,0.239
52.08,1,0.243
52.09,1,0.266
52.10,1,0.291
52.11,1,0.284
52.12,1,0.269
52.13,1,0.260
52.14,1,0.259
52.15,1,0.222
52.16,1,0.177
52.17,1,0.138
52.18,1,0.121
52.19,1,0.120
52.20,1,0.134
52.21,1,0.146
52.22,1,0.157
52.23,1,0.158
52.24,1,0.165
52.25,1,0.172
52.26,1,0.173
52.27,1,0.177
52.28,1,0.181
52.29,1,0.197
52.30,1,0.188
52.31,1,0.191
52.32,1,0.213
52.33,1,0.233
52.34,1,0.251
52.35,1,0.412
52.36,1,0.517
52.37,1,0.756
52.38,1,0.428
52.39,1,0.243
52.40,1,0.147
52.41,1,0.107
52.42,1,0.107
52.43,1,0.117
52.44,1,0.131
52.45,1,0.153
52.46,1,0.180
52.47,1,0.199
52.48,1,0.207
52.49,1,0.217
52.50,1,0.206
52.51,1,0.194
52.52,1,0.201
52.53,1,0.197
52.54,1,0.189
52.55,1,0.192
52.56,1,0.200
52.57,1,0.190
52.58,1,0.196
52.59,1,0.212
52.60,1,0.247
52.61,1,0.279
52.62,1,0.419
52.63,1,0.793
52.64,1,0.871
52.65,1,0.848
52.66,1,0.790
52.67,1,0.530
52.68,1,0.260
52.69,1,0.164
52.70,1,0.129
52.71,1,0.122
52.72,1,0.118
52.73,1,0.114
52.74,1,0.121
52.75,1,0.119
52.76,1,0.120
52.77,1,0.121
52.78,1,0.119
52.79,1,0.125
52.80,1,0.132
52.81,1,0.143
52.82,1,0.145
52.83,1,0.147
52.84,1,0.145
52.85,1,0.142
52.86,1,0.134
52.87,1,0.134
52.88,1,0.130
52.89,1,0.135
52.90,1,0.141
52.91,1,0.145
52.92,1,0.151
52.93,1,0.176
52.94,1,0.203
52.95,1,0.237
52.96,1,0.264
52.97,1,0.259
52.98,1,0.185
52.99,1,0.150
53.00,1,0.130
53.01,1,0.126
53.02,1,0.138
53.03,1,0.149
53.04,1,0.162
53.05,1,0.193
53.06,1,0.199
53.07,1,0.210
53.08,1,0.217
53.09,1,0.223
53.10,1,0.229
53.11,1,0.237
53.12,1,0.241
53.13,1,0.237
53.14,1,0.210
53.15,1,0.209
53.16,1,0.208
53.17,1,0.207
53.18,1,0.226
53.19,1,0.265
53.20,1,0.290
53.21,1,0.316
53.22,1,0.328
53.23,1,0.290
53.24,1,0.239
53.25,1,0.210
53.26,1,0.184
53.27,1,0.166
53.28,1,0.143
53.29,1,0.142
53.30,1,0.134
53.31,1,0.133
53.32,1,0.143
53.33,1,0.153
53.34,1,0.160
53.35,1,0.168
53.36,1,0.172
53.37,1,0.161
53.38,1,0.155
53.39,1,0.151
53.40,1,0.148
53.41,1,0.145
53.42,1,0.140
53.43,1,0.124
53.44,1,0.126
53.45,1,0.113
53.46,1,0.123
53.47,1,0.148
53.48,1,0.167
53.49,1,0.177
53.50,1,0.193
53.51,1,0.147
53.52,1,0.127
53.53,1,0.120
53.54,1,0.113
53.55,1,0.117
53.56,1,0.124
53.57,1,0.121
53.58,1,0.122
53.59,1,0.121
53.60,1,0.128
53.61,1,0.140
53.62,1,0.160
53.63,1,0.199
53.64,1,0.217
53.65,1,0.222
53.66,1,0.229
53.67,1,0.205
53.68,1,0.200
53.69,1,0.189
53.70,1,0.186
53.71,1,0.180
53.72,1,0.182
53.73,1,0.185
53.74,1,0.181
53.75,1,0.183
53.76,1,0.180
53.77,1,0.176
53.78,1,0.174
53.79,1,0.163
53.80,1,0.148
53.81,1,0.128
53.82,1,0.105
53.83,1,0.091
53.84,1,0.101
53.85,1,0.121
53.86,1,0.133
53.87,1,0.140
53.88,1,0.140
53.89,1,0.131
53.90,1,0.125
53.91,1,0.123
53.92,1,0.125
53.93,1,0.126
53.94,1,0.134
53.95,1,0.144
53.96,1,0.160
53.97,1,0.168
53.98,1,0.172
53.99,1,0.175
54.00,1,0.168
54.01,1,0.166
54.02,1,0.177
54.03,1,0.185
54.04,1,0.194
54.05,1,0.199
54.06,1,0.194
54.07,1,0.193
54.08,1,0.187
54.09,1,0.188
54.10,1,0.201
54.11,1,0.208
54.12,1,0.218
54.13,1,0.230
54.14,1,0.231
54.15,1,0.249
54.16,1,0.257
54.17,1,0.270
54.18,1,0.285
54.19,1,0.274
54.20,1,0.273
54.21,1,0.247
54.22,1,0.242
54.23,1,0.230
54.24,1,0.219
54.25,1,0.218
54.26,1,0.205
54.27,1,0.193
54.28,1,0.180
54.29,1,0.169
54.30,1,0.161
54.31,1,0.158
54.32,1,0.164
54.33,1,0.172
54.34,1,0.179
54.35,1,0.189
54.36,1,0.187
54.37,1,0.180
54.38,1,0.174
54.39,1,0.169
54.40,1,0.163
54.41,1,0.160
54.42,1,0.161
54.43,1,0.154
54.44,1,0.148
54.45,1,0.144
54.46,1,0.135
54.47,1,0.124
54.48,1,0.119
54.49,1,0.112
54.50,1,0.113
54.51,1,0.121
54.52,1,0.131
54.53,1,0.144
54.54,1,0.181
54.55,1,0.207
54.56,1,0.215
54.57,1,0.218
54.58,1,0.203
54.59,1,0.182
54.60,1,0.167
54.61,1,0.184
54.62,1,0.223
54.63,1,0.254
54.64,1,0.261
54.65,1,0.297
54.66,1,0.354
54.67,1,0.405
54.68,1,0.432
54.69,1,0.599
54.70,1,0.649
54.71,1,0.568
54.72,1,0.647
54.73,1,0.708
54.74,1,0.838
54.75,1,0.849
54.76,1,0.873
54.77,1,0.928
54.78,1,0.882
54.79,1,0.796
54.80,1,0.808
54.81,1,0.807
54.82,1,0.930
54.83,1,1.041
54.84,1,1.198
54.85,1,1.286
54.86,1,1.369
54.87,1,1.377
54.88,1,1.314
54.89,1,1.378
54.90,1,1.465
54.91,1,1.456
54.92,1,1.383
54.93,1,1.335
54.94,1,1.222
54.95,1,1.013
54.96,1,1.073
54.97,1,1.457
54.98,1,1.613
54.99,0,
55.00,0,
55.01,0,
55.02,0,
55.03,0,
55.04,0,
55.05,0,
55.06,0,
55.07,0,
55.08,0,
55.09,0,
55.10,0,
55.11,0,
55.12,0,
55.13,0,
55.14,0,
55.15,0,
55.16,0,
55.17,0,
55.18,0,
55.19,0,
55.20,0,
55.21,0,
55.22,0,
55.23,0,
55.24,0,
55.25,0,
55.26,0,
55.27,0,
55.28,0,
55.29,0,
55.30,0,
55.31,0,
55.32,1,1.019
55.33,1,1.267
55.34,1,1.198
55.35,1,1.069
55.36,1,0.456
55.37,1,0.330
55.38,1,0.241
55.39,1,0.090
55.40,1,0.082
55.41,1,0.102
55.42,1,0.099
55.43,1,0.095
55.44,1,0.100
55.45,1,0.111
55.46,1,0.109
55.47,1,0.112
55.48,1,0.120
55.49,1,0.133
55.50,1,0.151
55.51,1,0.163
55.52,1,0.181
55.53,1,0.184
55.54,1,0.185
55.55,1,0.188
55.56,1,0.186
55.57,1,0.192
55.58,1,0.187
55.59,1,0.191
55.60,1,0.177
55.61,1,0.147
55.62,1,0.134
55.63,1,0.145
55.64,1,0.138
55.65,1,0.135
55.66,1,0.138
55.67,1,0.138
55.68,1,0.132
55.69,1,0.147
55.70,1,0.155
55.71,1,0.170
55.72,1,0.174
55.73,1,0.172
55.74,1,0.157
55.75,1,0.146
55.76,1,0.131
55.77,1,0.122
55.78,1,0.118
55.79,1,0.118
55.80,1,0.115
55.81,1,0.118
55.82,1,0.114
55.83,1,0.116
55.84,1,0.112
55.85,1,0.109
55.86,1,0.110
55.87,1,0.108
55.88,1,0.112
55.89,1,0.128
55.90,1,0.157
55.91,1,0.187
55.92,1,0.214
55.93,1,0.217
55.94,1,0.207
55.95,1,0.182
55.96,1,0.153
55.97,1,0.121
55.98,1,0.106
55.99,1,0.116
56.00,1,0.118
56.01,1,0.121
56.02,1,0.126
56.03,1,0.143
56.04,1,0.158
56.05,1,0.159
56.06,1,0.182
56.07,1,0.194
56.08,1,0.181
56.09,1,0.184
56.10,1,0.198
56.11,1,0.203
56.12,1,0.218
56.13,1,0.223
56.14,1,0.191
56.15,1,0.166
56.16,1,0.125
56.17,1,0.104
56.18,1,0.103
56.19,1,0.111
56.20,1,0.120
56.21,1,0.136
56.22,1,0.151
56.23,1,0.170
56.24,1,0.189
56.25,1,0.207
56.26,1,0.214
56.27,1,0.223
56.28,1,0.221
56.29,1,0.205
56.30,1,0.190
56.31,1,0.176
56.32,1,0.155
56.33,1,0.152
56.34,1,0.152
56.35,1,0.168
56.36,1,0.191
56.37,1,0.211
56.38,1,0.220
56.39,1,0.219
56.40,1,0.211
56.41,1,0.200
56.42,1,0.197
56.43,1,0.210
56.44,1,0.233
56.45,1,0.265
56.46,1,0.313
56.47,1,0.354
56.48,1,0.376
56.49,1,0.340
56.50,1,0.269
56.51,1,0.204
56.52,1,0.183
56.53,1,0.172
56.54,1,0.170
56.55,1,0.156
56.56,1,0.158
56.57,1,0.152
56.58,1,0.154
56.59,1,0.155
56.60,1,0.149
56.61,1,0.154
56.62,1,0.160
56.63,1,0.161
56.64,1,0.188
56.65,1,0.209
56.66,1,0.208
56.67,1,0.198
56.68,1,0.191
56.69,1,0.176
56.70,1,0.168
56.71,1,0.169
56.72,1,0.176
56.73,1,0.166
56.74,1,0.161
56.75,1,0.161
56.76,1,0.165
56.77,1,0.172
56.78,1,0.175
56.79,1,0.171
56.80,1,0.166
56.81,1,0.153
56.82,1,0.149
56.83,1,0.146
56.84,1,0.158
56.85,1,0.166
56.86,1,0.172
56.87,1,0.176
56.88,1,0.174
56.89,1,0.164
56.90,1,0.162
56.91,1,0.162
56.92,1,0.167
56.93,1,0.175
56.94,1,0.179
56.95,1,0.176
56.96,1,0.174
56.97,1,0.169
56.98,1,0.165
56.99,1,0.173
57.00,1,0.184
57.01,1,0.191
57.02,1,0.192
57.03,1,0.199
57.04,1,0.197
57.05,1,0.194
57.06,1,0.194
57.07,1,0.203
57.08,1,0.198
57.09,1,0.220
57.10,1,0.230
57.11,1,0.255
57.12,1,0.314
57.13,1,0.602
57.14,1,0.921
57.15,1,1.044
57.16,1,1.165
57.17,1,1.381
57.18,1,1.628
57.19,1,1.678
57.20,1,1.802
57.21,1,1.430
57.22,1,1.257
57.23,1,1.442
57.24,1,1.402
57.25,1,1.518
57.26,1,1.784
57.27,1,1.821
57.28,1,1.397
57.29,1,1.135
57.30,1,1.142
57.31,1,0.995
57.32,1,0.661
57.33,1,0.384
57.34,1,0.174
57.35,1,0.124
57.36,1,0.117
57.37,1,0.125
57.38,1,0.148
57.39,1,0.179
57.40,1,0.207
57.41,1,0.226
57.42,1,0.237
57.43,1,0.223
57.44,1,0.206
57.45,1,0.198
57.46,1,0.187
57.47,1,0.189
57.48,1,0.195
57.49,1,0.205
57.50,1,0.200
57.51,1,0.207
57.52,1,0.197
57.53,1,0.195
57.54,1,0.192
57.55,1,0.212
57.56,1,0.227
57.57,1,0.242
57.58,1,0.244
57.59,1,0.230
57.60,1,0.216
57.61,1,0.191
57.62,1,0.186
57.63,1,0.191
57.64,1,0.195
57.65,1,0.204
57.66,1,0.215
57.67,1,0.222
57.68,1,0.227
57.69,1,0.225
57.70,1,0.219
57.71,1,0.210
57.72,1,0.200
57.73,1,0.193
57.74,1,0.188
57.75,1,0.181
57.76,1,0.170
57.77,1,0.164
57.78,1,0.160
57.79,1,0.155
57.80,1,0.164
57.81,1,0.187
57.82,1,0.212
57.83,1,0.256
57.84,1,0.409
57.85,1,0.513
57.86,1,0.539
57.87,1,0.290
57.88,1,0.155
57.89,1,0.127
57.90,1,0.103
57.91,1,0.093
57.92,1,0.085
57.93,1,0.084
57.94,1,0.080
57.95,1,0.086
57.96,1,0.091
57.97,1,0.100
57.98,1,0.103
57.99,1,0.109
58.00,1,0.115
58.01,1,0.114
58.02,1,0.123
58.03,1,0.127
58.04,1,0.134
58.05,1,0.138
58.06,1,0.147
58.07,1,0.164
58.08,1,0.169
58.09,1,0.180
58.10,1,0.187
58.11,1,0.204
58.12,1,0.198
58.13,1,0.207
58.14,1,0.215
58.15,1,0.201
58.16,1,0.208
58.17,1,0.212
58.18,1,0.212
58.19,1,0.208
58.20,1,0.227
58.21,1,0.215
58.22,1,0.213
58.23,1,0.200
58.24,1,0.187
58.25,1,0.200
58.26,1,0.206
58.27,1,0.220
58.28,1,0.233
58.29,1,0.226
58.30,1,0.222
58.31,1,0.213
58.32,1,0.219
58.33,1,0.223
58.34,1,0.218
58.35,1,0.213
58.36,1,0.214
58.37,1,0.207
58.38,1,0.216
58.39,1,0.228
58.40,1,0.229
58.41,1,0.228
58.42,1,0.225
58.43,1,0.209
58.44,1,0.211
58.45,1,0.217
58.46,1,0.209
58.47,1,0.199
58.48,1,0.204
58.49,1,0.202
58.50,1,0.192
58.51,1,0.193
58.52,1,0.205
58.53,1,0.195
58.54,1,0.181
58.55,1,0.188
58.56,1,0.188
58.57,1,0.169
58.58,1,0.169
58.59,1,0.164
58.60,1,0.154
58.61,1,0.138
58.62,1,0.144
58.63,1,0.142
58.64,1,0.145
58.65,1,0.153
58.66,1,0.172
58.67,1,0.170
58.68,1,0.173
58.69,1,0.188
58.70,1,0.198
58.71,1,0.194
58.72,1,0.201
58.73,1,0.218
58.74,1,0.219
58.75,1,0.222
58.76,1,0.235
58.77,1,0.238
58.78,1,0.228
58.79,1,0.226
58.80,1,0.232
58.81,1,0.221
58.82,1,0.228
58.83,1,0.249
58.84,1,0.268
58.85,1,0.286
58.86,1,0.303
58.87,1,0.319
58.88,1,0.291
58.89,1,0.296
58.90,1,0.305
58.91,1,0.331
58.92,1,0.369
58.93,1,0.438
58.94,1,0.534
58.95,1,0.687
58.96,1,0.911
58.97,1,1.109
58.98,1,1.157
58.99,1,1.007
59.00,1,0.864
59.01,1,0.762
59.02,1,0.733
59.03,1,0.746
59.04,1,0.862
59.05,1,1.050
59.06,1,1.165
59.07,1,1.255
59.08,1,1.242
59.09,1,1.197
59.10,1,1.152
59.11,1,1.137
59.12,1,1.255
59.13,1,1.430
59.14,1,1.549
59.15,1,1.518
59.16,1,1.424
59.17,1,1.236
59.18,1,1.199
59.19,1,1.109
59.20,1,1.165
59.21,1,1.130
59.22,1,1.051
59.23,1,1.105
59.24,1,1.063
59.25,1,0.951
59.26,1,0.889
59.27,1,0.896
59.28,1,0.840
59.29,1,0.884
59.30,1,1.048
59.31,1,1.052
59.32,1,1.088
59.33,1,1.248
59.34,1,1.135
59.35,1,1.038
59.36,1,1.010
59.37,1,0.981
59.38,1,1.019
59.39,1,1.196
59.40,1,1.406
59.41,1,1.634
59.42,1,1.548
59.43,1,1.512
59.44,1,1.492
59.45,1,1.644
59.46,1,1.783
59.47,1,1.914
59.48,1,1.852
59.49,1,0.943
59.50,1,0.336
59.51,1,0.141
59.52,1,0.091
59.53,1,0.076
59.54,1,0.078
59.55,1,0.093
59.56,1,0.111
59.57,1,0.132
59.58,1,0.158
59.59,1,0.207
59.60,1,0.256
59.61,1,0.289
59.62,1,0.306
59.63,1,0.303
59.64,1,0.298
59.65,1,0.290
59.66,1,0.290
59.67,1,0.336
59.68,1,0.620
59.69,1,0.933
59.70,1,1.008
59.71,1,0.812
59.72,1,0.635
59.73,1,0.229
59.74,1,0.128
59.75,1,0.161
59.76,1,0.191
59.77,1,0.202
59.78,1,0.228
59.79,1,0.235
59.80,1,0.225
59.81,1,0.230
59.82,1,0.221
59.83,1,0.207
59.84,1,0.202
59.85,1,0.192
59.86,1,0.187
59.87,1,0.198
59.88,1,0.225
59.89,1,0.242
59.90,1,0.261
59.91,1,0.288
59.92,1,0.308
59.93,1,0.347
59.94,1,0.547
59.95,1,0.762
59.96,1,1.307
59.97,1,2.154
59.98,1,2.402
59.99,1,1.688
60.00,1,1.177
60.01,1,0.987
60.02,1,0.834
60.03,1,0.754
60.04,1,0.391
60.05,1,0.411
60.06,1,0.358
60.07,1,0.297
60.08,1,0.258
60.09,1,0.226
60.10,1,0.210
60.11,1,0.210
60.12,1,0.237
60.13,1,0.254
60.14,1,0.254
60.15,1,0.246
60.16,1,0.218
60.17,1,0.190
60.18,1,0.201
60.19,1,0.243
60.20,1,0.278
60.21,1,0.297
60.22,1,0.320
60.23,1,0.342
60.24,1,0.329
60.25,1,0.313
60.26,1,0.319
60.27,1,0.303
60.28,1,0.290
60.29,1,0.302
60.30,1,0.290
60.31,1,0.262
60.32,1,0.244
60.33,1,0.223
60.34,1,0.221
60.35,1,0.246
60.36,1,0.303
60.37,1,0.348
60.38,1,0.388
60.39,1,0.437
60.40,1,0.500
60.41,1,0.510
60.42,1,0.504
60.43,1,0.540
60.44,1,0.601
60.45,1,0.656
60.46,1,0.750
60.47,1,0.751
60.48,1,0.739
60.49,1,0.740
60.50,1,0.805
60.51,1,0.868
60.52,1,1.038
60.53,1,1.156
60.54,1,1.070
60.55,1,0.809
60.56,1,0.571
60.57,1,0.403
60.58,1,0.371
60.59,1,0.361
60.60,1,0.392
60.61,1,0.361
60.62,1,0.359
60.63,1,0.402
60.64,1,0.528
60.65,1,0.587
60.66,1,0.626
60.67,1,0.635
60.68,1,0.572
60.69,1,0.499
60.70,1,0.463
60.71,1,0.478
60.72,1,0.561
60.73,1,0.712
60.74,1,0.912
60.75,1,1.102
60.76,1,1.247
60.77,1,1.533
60.78,1,1.188
60.79,1,0.901
60.80,1,0.582
60.81,1,0.475
60.82,1,0.509
60.83,1,0.520
60.84,1,0.553
60.85,1,0.560
60.86,1,0.585
60.87,1,0.612
60.88,1,0.617
60.89,1,0.608
60.90,1,0.661
60.91,1,0.637
60.92,1,0.565
60.93,1,0.570
60.94,1,0.575
60.95,1,0.527
60.96,1,0.534
60.97,1,0.551
60.98,1,0.546
60.99,1,0.584
61.00,1,0.644
61.01,1,0.709
61.02,1,0.715
61.03,1,0.702
61.04,1,0.760
61.05,1,0.681
61.06,1,0.774
61.07,1,1.004
61.08,1,1.313
61.09,1,1.328
61.10,1,1.259
61.11,1,0.883
61.12,1,0.686
61.13,1,0.528
61.14,1,0.620
61.15,1,0.700
61.16,1,0.753
61.17,1,0.783
61.18,1,0.830
61.19,1,0.826
61.20,1,0.841
61.21,1,0.787
61.22,1,0.733
61.23,1,0.712
61.24,1,0.656
61.25,1,0.605
61.26,1,0.564
61.27,1,0.565
61.28,1,0.521
61.29,1,0.589
61.30,1,0.582
61.31,1,0.597
61.32,1,0.611
61.33,1,0.578
61.34,1,0.596
61.35,1,0.669
61.36,1,0.677
61.37,1,0.661
61.38,1,0.612
61.39,1,0.549
61.40,1,0.584
61.41,1,0.602
61.42,1,0.706
61.43,1,0.885
61.44,1,0.836
61.45,1,0.772
61.46,1,0.746
61.47,1,0.734
61.48,1,0.801
61.49,1,1.030
61.50,1,1.166
61.51,1,0.991
61.52,1,0.834
61.53,1,0.907
61.54,1,1.058
61.55,1,1.172
61.56,1,1.233
61.57,1,1.274
61.58,1,1.264
61.59,1,1.191
61.60,1,1.454
61.61,1,1.830
61.62,1,1.780
61.63,1,1.460
61.64,1,0.980
61.65,1,0.267
61.66,1,0.166
61.67,1,0.152
61.68,1,0.151
61.69,1,0.149
61.70,1,0.169
61.71,1,0.170
61.72,1,0.170
61.73,1,0.180
61.74,1,0.175
61.75,1,0.177
61.76,1,0.200
61.77,1,0.220
61.78,1,0.235
61.79,1,0.253
61.80,1,0.270
61.81,1,0.281
61.82,1,0.270
61.83,1,0.264
61.84,1,0.247
61.85,1,0.224
61.86,1,0.205
61.87,1,0.201
61.88,1,0.222
61.89,1,0.270
61.90,1,0.334
61.91,1,0.390
61.92,1,0.418
61.93,1,0.420
61.94,1,0.402
61.95,1,0.369
61.96,1,0.378
61.97,1,0.380
61.98,1,0.364
61.99,1,0.375
62.00,1,0.363
62.01,1,0.355
62.02,1,0.330
62.03,1,0.362
62.04,1,0.393
62.05,1,0.408
62.06,1,0.405
62.07,1,0.398
62.08,1,0.371
62.09,1,0.327
62.10,1,0.294
62.11,1,0.262
62.12,1,0.233
62.13,1,0.207
62.14,1,0.202
62.15,1,0.215
62.16,1,0.230
62.17,1,0.284
62.18,1,0.387
62.19,1,0.472
62.20,1,0.640
62.21,1,0.648
62.22,1,0.651
62.23,1,0.442
62.24,1,0.242
62.25,1,0.173
62.26,1,0.132
62.27,1,0.116
62.28,1,0.129
62.29,1,0.145
62.30,1,0.170
62.31,1,0.191
62.32,1,0.198
62.33,1,0.205
62.34,1,0.205
62.35,1,0.195
62.36,1,0.194
62.37,1,0.201
62.38,1,0.205
62.39,1,0.223
62.40,1,0.244
62.41,1,0.258
62.42,1,0.251
62.43,1,0.252
62.44,1,0.243
62.45,1,0.231
62.46,1,0.219
62.47,1,0.204
62.48,1,0.179
62.49,1,0.156
62.50,1,0.155
62.51,1,0.178
62.52,1,0.202
62.53,1,0.240
62.54,1,0.310
62.55,1,0.340
62.56,1,0.347
62.57,1,0.379
62.58,1,0.418
62.59,1,0.432
62.60,1,0.536
62.61,1,0.650
62.62,1,0.888
62.63,1,1.504
62.64,1,1.751
62.65,1,1.897
62.66,1,1.892
62.67,1,1.731
62.68,1,1.561
62.69,1,1.537
62.70,1,1.725
62.71,1,2.111
62.72,1,2.285
62.73,1,2.103
62.74,1,1.734
62.75,1,1.443
62.76,1,1.218
62.77,1,0.998
62.78,1,0.735
62.79,1,0.658
62.80,1,0.662
62.81,1,0.794
62.82,1,0.757
62.83,1,0.727
62.84,1,0.646
62.85,1,0.614
62.86,1,0.549
62.87,1,0.535
62.88,1,0.548
62.89,1,0.644
62.90,1,0.659
62.91,1,0.609
62.92,1,0.623
62.93,1,0.641
62.94,1,0.638
62.95,1,0.681
62.96,1,1.060
62.97,1,1.028
62.98,1,0.768
62.99,1,0.660
63.00,1,0.638
63.01,1,0.643
63.02,1,0.604
63.03,1,0.604
63.04,1,0.635
63.05,1,0.640
63.06,1,0.690
63.07,1,0.728
63.08,1,0.734
63.09,1,0.682
63.10,1,0.652
63.11,1,0.683
63.12,1,0.668
63.13,1,0.627
63.14,1,0.649
63.15,1,0.655
63.16,1,0.689
63.17,1,0.838
63.18,1,0.967
63.19,1,1.050
63.20,1,1.147
63.21,1,1.203
63.22,1,1.153
63.23,1,1.091
63.24,1,1.007
63.25,1,0.923
63.26,1,0.825
63.27,1,0.740
63.28,1,0.659
63.29,1,0.533
63.30,1,0.514
63.31,1,0.528
63.32,1,0.584
63.33,1,0.669
63.34,1,0.719
63.35,1,0.732
63.36,1,0.762
63.37,1,0.729
63.38,1,0.743
63.39,1,0.748
63.40,1,0.706
63.41,1,0.620
63.42,1,0.519
63.43,1,0.557
63.44,1,0.652
63.45,1,0.732
63.46,1,0.873
63.47,1,1.028
63.48,1,0.965
63.49,1,0.936
63.50,1,0.995
63.51,1,1.018
63.52,1,1.235
63.53,1,1.378
63.54,1,1.241
63.55,1,0.953
63.56,1,0.817
63.57,1,0.694
63.58,1,0.533
63.59,1,0.471
63.60,1,0.486
63.61,1,0.564
63.62,1,0.639
63.63,1,0.802
63.64,1,0.918
63.65,1,1.011
63.66,1,1.047
63.67,1,1.135
63.68,1,1.172
63.69,1,1.081
63.70,1,1.047
63.71,1,0.998
63.72,1,0.934
63.73,1,0.921
63.74,1,0.858
63.75,1,0.815
63.76,1,0.794
63.77,1,0.793
63.78,1,0.897
63.79,1,1.078
63.80,1,1.561
63.81,1,1.922
63.82,1,1.800
63.83,1,1.314
63.84,1,1.086
63.85,1,0.727
63.86,1,0.533
63.87,1,0.549
63.88,1,0.602
63.89,1,0.701
63.90,1,0.757
63.91,1,0.720
63.92,1,0.727
63.93,1,0.711
63.94,1,0.655
63.95,1,0.656
63.96,1,0.690
63.97,1,0.703
63.98,1,0.648
63.99,1,0.639
64.00,1,0.634
64.01,1,0.652
64.02,1,0.687
64.03,1,0.764
64.04,1,0.816
64.05,1,0.880
64.06,1,0.883
64.07,1,0.846
64.08,1,0.784
64.09,1,0.768
64.10,1,0.731
64.11,1,0.748
64.12,1,0.847
64.13,1,1.071
64.14,1,1.231
64.15,1,1.661
64.16,1,2.072
64.17,1,1.899
64.18,1,1.746
64.19,1,1.243
64.20,1,0.956
64.21,1,1.073
64.22,1,1.020
64.23,1,1.001
64.24,1,0.978
64.25,1,0.969
64.26,1,0.963
64.27,1,1.028
64.28,1,0.919
64.29,1,0.817
64.30,1,0.328
64.31,1,0.155
64.32,1,0.115
64.33,1,0.096
64.34,1,0.074
64.35,1,0.075
64.36,1,0.080
64.37,1,0.087
64.38,1,0.093
64.39,1,0.133
64.40,1,0.157
64.41,1,0.191
64.42,1,0.229
64.43,1,0.235
64.44,1,0.227
64.45,1,0.247
64.46,1,0.266
64.47,1,0.310
64.48,1,0.354
64.49,1,0.365
64.50,1,0.369
64.51,1,0.348
64.52,1,0.302
64.53,1,0.283
64.54,1,0.281
64.55,1,0.261
64.56,1,0.241
64.57,1,0.239
64.58,1,0.239
64.59,1,0.257
64.60,1,0.290
64.61,1,0.310
64.62,1,0.321
64.63,1,0.320
64.64,1,0.304
64.65,1,0.290
64.66,1,0.303
64.67,1,0.307
64.68,1,0.315
64.69,1,0.358
64.70,1,0.379
64.71,1,0.356
64.72,1,0.366
64.73,1,0.335
64.74,1,0.280
64.75,1,0.259
64.76,1,0.250
64.77,1,0.254
64.78,1,0.262
64.79,1,0.308
64.80,1,0.358
64.81,1,0.429
64.82,1,0.555
64.83,1,0.725
64.84,1,0.711
64.85,1,0.481
64.86,1,0.399
64.87,1,0.323
64.88,1,0.261
64.89,1,0.255
64.90,1,0.271
64.91,1,0.295
64.92,1,0.308
64.93,1,0.328
64.94,1,0.333
64.95,1,0.321
64.96,1,0.296
64.97,1,0.278
64.98,1,0.262
64.99,1,0.253
65.00,1,0.242
65.01,1,0.245
65.02,1,0.265
65.03,1,0.278
65.04,1,0.284
65.05,1,0.300
65.06,1,0.289
65.07,1,0.253
65.08,1,0.241
65.09,1,0.221
65.10,1,0.215
65.11,1,0.224
65.12,1,0.205
65.13,1,0.177
65.14,1,0.168
65.15,1,0.186
65.16,1,0.184
65.17,1,0.187
65.18,1,0.192
65.19,1,0.182
65.20,1,0.175
65.21,1,0.189
65.22,1,0.204
65.23,1,0.215
65.24,1,0.221
65.25,1,0.227
65.26,1,0.228
65.27,1,0.228
65.28,1,0.253
65.29,1,0.263
65.30,1,0.270
65.31,1,0.272
65.32,1,0.239
65.33,1,0.212
65.34,1,0.194
65.35,1,0.197
65.36,1,0.192
65.37,1,0.197
65.38,1,0.244
65.39,1,0.264
65.40,1,0.242
65.41,1,0.240
65.42,1,0.231
65.43,1,0.230
65.44,1,0.239
65.45,1,0.254
65.46,1,0.264
65.47,1,0.267
65.48,1,0.257
65.49,1,0.245
65.50,1,0.256
65.51,1,0.314
65.52,1,0.355
65.53,1,0.346
65.54,1,0.308
65.55,1,0.242
65.56,1,0.179
65.57,1,0.215
65.58,1,0.251
65.59,1,0.281
65.60,1,0.339
65.61,1,0.383
65.62,1,0.395
65.63,1,0.402
65.64,1,0.404
65.65,1,0.386
65.66,1,0.363
65.67,1,0.349
65.68,1,0.362
65.69,1,0.383
65.70,1,0.429
65.71,1,0.508
65.72,1,0.630
65.73,1,0.979
65.74,1,1.057
65.75,1,1.010
65.76,1,1.006
65.77,1,0.778
65.78,1,0.327
65.79,1,0.228
65.80,1,0.185
65.81,1,0.155
65.82,1,0.138
65.83,1,0.155
65.84,1,0.160
65.85,1,0.196
65.86,1,0.229
65.87,1,0.253
65.88,1,0.274
65.89,1,0.282
65.90,1,0.294
65.91,1,0.311
65.92,1,0.333
65.93,1,0.372
65.94,1,0.402
65.95,1,0.361
65.96,1,0.345
65.97,1,0.307
65.98,1,0.278
65.99,1,0.265
66.00,1,0.268
66.01,1,0.256
66.02,1,0.258
66.03,1,0.250
66.04,1,0.240
66.05,1,0.246
66.06,1,0.252
66.07,1,0.245
66.08,1,0.255
66.09,1,0.231
66.10,1,0.188
66.11,1,0.181
66.12,1,0.181
66.13,1,0.214
66.14,1,0.237
66.15,1,0.262
66.16,1,0.276
66.17,1,0.281
66.18,1,0.290
66.19,1,0.302
66.20,1,0.303
66.21,1,0.304
66.22,1,0.346
66.23,1,0.368
66.24,1,0.408
66.25,1,0.582
66.26,1,0.785
66.27,1,0.897
66.28,1,0.800
66.29,1,0.669
66.30,1,0.616
66.31,1,0.610
66.32,1,0.658
66.33,1,0.765
66.34,1,0.845
66.35,1,0.930
66.36,1,1.044
66.37,1,1.033
66.38,1,0.992
66.39,1,1.078
66.40,1,1.374
66.41,1,1.491
66.42,1,1.786
66.43,1,1.622
66.44,1,1.460
66.45,1,1.290
66.46,1,1.223
66.47,1,1.139
66.48,1,1.001
66.49,1,0.410
66.50,1,0.236
66.51,1,0.188
66.52,1,0.166
66.53,1,0.154
66.54,1,0.162
66.55,1,0.190
66.56,1,0.217
66.57,1,0.271
66.58,1,0.450
66.59,1,0.439
66.60,1,0.206
66.61,1,0.174
66.62,1,0.188
66.63,1,0.200
66.64,1,0.215
66.65,1,0.230
66.66,1,0.251
66.67,1,0.254
66.68,1,0.270
66.69,1,0.273
66.70,1,0.285
66.71,1,0.277
66.72,1,0.263
66.73,1,0.250
66.74,1,0.237
66.75,1,0.238
66.76,1,0.258
66.77,1,0.250
66.78,1,0.252
66.79,1,0.256
66.80,1,0.264
66.81,1,0.275
66.82,1,0.293
66.83,1,0.274
66.84,1,0.240
66.85,1,0.193
66.86,1,0.152
66.87,1,0.139
66.88,1,0.148
66.89,1,0.173
66.90,1,0.208
66.91,1,0.238
66.92,1,0.259
66.93,1,0.266
66.94,1,0.262
66.95,1,0.248
66.96,1,0.231
66.97,1,0.223
66.98,1,0.228
66.99,1,0.242
67.00,1,0.257
67.01,1,0.284
67.02,1,0.300
67.03,1,0.310
67.04,1,0.323
67.05,1,0.317
67.06,1,0.288
67.07,1,0.261
67.08,1,0.232
67.09,1,0.205
67.10,1,0.195
67.11,1,0.208
67.12,1,0.216
67.13,1,0.219
67.14,1,0.225
67.15,1,0.222
67.16,1,0.220
67.17,1,0.225
67.18,1,0.219
67.19,1,0.214
67.20,1,0.209
67.21,1,0.212
67.22,1,0.211
67.23,1,0.211
67.24,1,0.219
67.25,1,0.219
67.26,1,0.201
67.27,1,0.202
67.28,1,0.216
67.29,1,0.204
67.30,1,0.267
67.31,1,0.175
67.32,1,0.126
67.33,1,0.123
67.34,1,0.125
67.35,1,0.136
67.36,1,0.153
67.37,1,0.169
67.38,1,0.191
67.39,1,0.218
67.40,1,0.224
67.41,1,0.235
67.42,1,0.252
67.43,1,0.236
67.44,1,0.209
67.45,1,0.195
67.46,1,0.187
67.47,1,0.191
67.48,1,0.207
67.49,1,0.239
67.50,1,0.275
67.51,1,0.305
67.52,1,0.354
67.53,1,0.440
67.54,1,0.450
67.55,1,0.359
67.56,1,0.319
67.57,1,0.269
67.58,1,0.227
67.59,1,0.196
67.60,1,0.179
67.61,1,0.202
67.62,1,0.239
67.63,1,0.282
67.64,1,0.346
67.65,1,0.421
67.66,1,0.570
67.67,1,0.958
67.68,1,0.821
67.69,1,0.677
67.70,1,0.318
67.71,1,0.241
67.72,1,0.199
67.73,1,0.181
67.74,1,0.173
67.75,1,0.211
67.76,1,0.243
67.77,1,0.269
67.78,1,0.284
67.79,1,0.289
67.80,1,0.284
67.81,1,0.274
67.82,1,0.267
67.83,1,0.256
67.84,1,0.266
67.85,1,0.297
67.86,1,0.300
67.87,1,0.322
67.88,1,0.316
67.89,1,0.284
67.90,1,0.278
67.91,1,0.278
67.92,1,0.293
67.93,1,0.328
67.94,1,0.362
67.95,1,0.401
67.96,1,0.428
67.97,1,0.434
67.98,1,0.419
67.99,1,0.427
68.00,1,0.388
68.01,1,0.399
68.02,1,0.502
68.03,1,0.612
68.04,1,0.756
68.05,1,0.750
68.06,1,0.795
68.07,1,0.886
68.08,1,0.866
68.09,1,0.843
68.10,1,0.722
68.11,1,0.471
68.12,1,0.335
68.13,1,0.265
68.14,1,0.237
68.15,1,0.216
68.16,1,0.205
68.17,1,0.235
68.18,1,0.246
68.19,1,0.262
68.20,1,0.265
68.21,1,0.258
68.22,1,0.263
68.23,1,0.245
68.24,1,0.234
68.25,1,0.288
68.26,1,0.287
68.27,1,0.287
68.28,1,0.329
68.29,1,0.357
68.30,1,0.383
68.31,1,0.417
68.32,1,0.429
68.33,1,0.430
68.34,1,0.386
68.35,1,0.338
68.36,1,0.323
68.37,1,0.323
68.38,1,0.333
68.39,1,0.340
68.40,1,0.335
68.41,1,0.308
68.42,1,0.266
68.43,1,0.224
68.44,1,0.212
68.45,1,0.197
68.46,1,0.209
68.47,1,0.229
68.48,1,0.240
68.49,1,0.235
68.50,1,0.235
68.51,1,0.280
68.52,1,0.267
68.53,1,0.272
68.54,1,0.295
68.55,1,0.311
68.56,1,0.311
68.57,1,0.343
68.58,1,0.366
68.59,1,0.383
68.60,1,0.391
68.61,1,0.404
68.62,1,0.413
68.63,1,0.426
68.64,1,0.414
68.65,1,0.396
68.66,1,0.380
68.67,1,0.363
68.68,1,0.387
68.69,1,0.460
68.70,1,0.523
68.71,1,0.584
68.72,1,0.671
68.73,1,0.504
68.74,1,0.410
68.75,1,0.353
68.76,1,0.349
68.77,1,0.387
68.78,1,0.401
68.79,1,0.327
68.80,1,0.260
68.81,1,0.268
68.82,1,0.270
68.83,1,0.286
68.84,1,0.300
68.85,1,0.298
68.86,1,0.285
68.87,1,0.245
68.88,1,0.239
68.89,1,0.223
68.90,1,0.225
68.91,1,0.211
68.92,1,0.222
68.93,1,0.224
68.94,1,0.224
68.95,1,0.223
68.96,1,0.212
68.97,1,0.202
68.98,1,0.210
68.99,1,0.238
69.00,1,0.269
69.01,1,0.279
69.02,1,0.271
69.03,1,0.243
69.04,1,0.195
69.05,1,0.190
69.06,1,0.203
69.07,1,0.211
69.08,1,0.223
69.09,1,0.231
69.10,1,0.184
69.11,1,0.176
69.12,1,0.201
69.13,1,0.252
69.14,1,0.309
69.15,1,0.351
69.16,1,0.456
69.17,1,0.558
69.18,1,0.642
69.19,1,0.773
69.20,1,0.916
69.21,1,0.922
69.22,1,0.877
69.23,1,0.819
69.24,1,0.792
69.25,1,0.827
69.26,1,0.870
69.27,1,0.868
69.28,1,0.814
69.29,1,0.664
69.30,1,0.597
69.31,1,0.453
69.32,1,0.396
69.33,1,0.433
69.34,1,0.491
69.35,1,0.510
69.36,1,0.593
69.37,1,0.665
69.38,1,0.639
69.39,1,0.655
69.40,1,0.663
69.41,1,0.724
69.42,1,0.713
69.43,1,0.734
69.44,1,0.689
69.45,1,0.640
69.46,1,0.506
69.47,1,0.492
69.48,1,0.465
69.49,1,0.492
69.50,1,0.528
69.51,1,0.647
69.52,1,0.752
69.53,1,0.887
69.54,1,0.969
69.55,1,1.005
69.56,1,0.867
69.57,1,0.965
69.58,1,1.176
69.59,1,0.895
69.60,1,0.781
69.61,1,0.606
69.62,1,0.517
69.63,1,0.446
69.64,1,0.469
69.65,1,0.537
69.66,1,0.579
69.67,1,0.611
69.68,1,0.656
69.69,1,0.646
69.70,1,0.614
69.71,1,0.613
69.72,1,0.564
69.73,1,0.525
69.74,1,0.516
69.75,1,0.539
69.76,1,0.577
69.77,1,0.638
69.78,1,0.702
69.79,1,0.763
69.80,1,0.858
69.81,1,0.969
69.82,1,0.982
69.83,1,0.900
69.84,1,0.754
69.85,1,0.629
69.86,1,0.536
69.87,1,0.545
69.88,1,0.503
69.89,1,0.458
69.90,1,0.465
69.91,1,0.474
69.92,1,0.510
69.93,1,0.589
69.94,1,0.657
69.95,1,0.744
69.96,1,0.747
69.97,1,0.772
69.98,1,0.803
69.99,1,0.793
70.00,1,0.822
70.01,1,0.892
70.02,1,0.880
70.03,1,0.908
70.04,1,0.934
70.05,1,0.955
70.06,1,0.928
70.07,1,1.012
70.08,1,1.041
70.09,1,0.940
70.10,1,0.861
70.11,1,0.807
70.12,1,0.811
70.13,1,0.817
70.14,1,0.839
70.15,1,0.874
70.16,1,0.940
70.17,1,0.958
70.18,1,0.987
70.19,1,1.229
70.20,1,1.409
70.21,1,1.398
70.22,1,1.272
70.23,1,1.103
70.24,1,1.012
70.25,1,1.044
70.26,1,1.113
70.27,1,1.121
70.28,1,1.132
70.29,1,1.050
70.30,1,0.928
70.31,1,0.838
70.32,1,0.793
70.33,1,0.849
70.34,1,0.879
70.35,1,0.849
70.36,1,0.906
70.37,1,0.942
70.38,1,0.938
70.39,1,0.859
70.40,1,0.633
70.41,1,0.349
70.42,1,0.245
70.43,1,0.205
70.44,1,0.193
70.45,1,0.191
70.46,1,0.211
70.47,1,0.234
70.48,1,0.241
70.49,1,0.245
70.50,1,0.260
70.51,1,0.268
70.52,1,0.285
70.53,1,0.309
70.54,1,0.300
70.55,1,0.283
70.56,1,0.248
70.57,1,0.215
70.58,1,0.205
70.59,1,0.233
70.60,1,0.262
70.61,1,0.326
70.62,1,0.507
70.63,1,1.323
70.64,1,1.429
70.65,1,1.481
70.66,1,1.726
70.67,1,1.327
70.68,1,0.615
70.69,1,0.374
70.70,1,0.236
70.71,1,0.201
70.72,1,0.190
70.73,1,0.184
70.74,1,0.179
70.75,1,0.195
70.76,1,0.206
70.77,1,0.224
70.78,1,0.234
70.79,1,0.253
70.80,1,0.273
70.81,1,0.301
70.82,1,0.322
70.83,1,0.339
70.84,1,0.354
70.85,1,0.362
70.86,1,0.368
70.87,1,0.295
70.88,1,0.225
70.89,1,0.205
70.90,1,0.215
70.91,1,0.209
70.92,1,0.253
70.93,1,0.250
70.94,1,0.240
70.95,1,0.236
70.96,1,0.240
70.97,1,0.248
70.98,1,0.261
70.99,1,0.246
71.00,1,0.226
71.01,1,0.228
71.02,1,0.226
71.03,1,0.232
71.04,1,0.237
71.05,1,0.233
71.06,1,0.239
71.07,1,0.245
71.08,1,0.228
71.09,1,0.238
71.10,1,0.260
71.11,1,0.271
71.12,1,0.263
71.13,1,0.266
71.14,1,0.252
71.15,1,0.230
71.16,1,0.238
71.17,1,0.259
71.18,1,0.270
71.19,1,0.289
71.20,1,0.299
71.21,1,0.289
71.22,1,0.269
71.23,1,0.260
71.24,1,0.278
71.25,1,0.324
71.26,1,0.392
71.27,1,0.494
71.28,1,0.568
71.29,1,0.603
71.30,1,0.571
71.31,1,0.744
71.32,1,1.156
71.33,1,1.329
71.34,1,1.167
71.35,1,1.139
71.36,1,1.048
71.37,1,1.029
71.38,1,1.138
71.39,1,1.212
71.40,1,1.254
71.41,1,1.400
71.42,1,1.593
71.43,1,1.701
71.44,1,1.676
71.45,1,1.717
71.46,1,1.340
71.47,1,1.129
71.48,1,0.857
71.49,1,0.612
71.50,1,0.658
71.51,1,0.476
71.52,1,0.559
71.53,1,0.468
71.54,1,0.517
71.55,1,0.473
71.56,1,0.462
71.57,1,0.482
71.58,1,0.519
71.59,1,0.515
71.60,1,0.585
71.61,1,0.605
71.62,1,0.627
71.63,1,0.699
71.64,1,0.719
71.65,1,0.779
71.66,1,0.828
71.67,1,0.866
71.68,1,0.850
71.69,1,1.097
71.70,1,1.550
71.71,1,1.996
71.72,1,2.270
71.73,1,2.216
71.74,1,1.447
71.75,1,0.975
71.76,1,0.817
71.77,1,1.014
71.78,1,1.019
71.79,1,0.835
71.80,1,0.794
71.81,1,0.755
71.82,1,0.642
71.83,1,0.604
71.84,1,0.684
71.85,1,0.716
71.86,1,0.741
71.87,1,0.767
71.88,1,0.774
71.89,1,0.762
71.90,1,0.750
71.91,1,0.715
71.92,1,0.667
71.93,1,0.580
71.94,1,0.480
71.95,1,0.453
71.96,1,0.447
71.97,1,0.474
71.98,1,0.543
71.99,1,0.641
72.00,1,0.793
72.01,1,0.933
72.02,1,0.884
72.03,1,0.905
72.04,1,0.818
72.05,1,0.702
72.06,1,0.683
72.07,1,0.587
72.08,1,0.644
72.09,1,0.650
72.10,1,0.607
72.11,1,0.637
72.12,1,0.634
72.13,1,0.608
72.14,1,0.672
72.15,1,0.738
72.16,1,0.831
72.17,1,0.879
72.18,1,0.860
72.19,1,0.929
72.20,1,0.947
72.21,1,0.956
72.22,1,1.015
72.23,1,1.062
72.24,1,1.010
72.25,1,1.089
72.26,1,1.088
72.27,1,1.393
72.28,1,1.304
72.29,1,1.030
72.30,1,0.847
72.31,1,0.667
72.32,1,0.626
72.33,1,0.733
72.34,1,1.079
72.35,1,1.285
72.36,1,1.134
72.37,1,1.085
72.38,1,0.994
72.39,1,0.885
72.40,1,0.775
72.41,1,0.720
72.42,1,0.724
72.43,1,0.642
72.44,1,0.598
72.45,1,0.536
72.46,1,0.516
72.47,1,0.480
72.48,1,0.494
72.49,1,0.518
72.50,1,0.552
72.51,1,0.579
72.52,1,0.585
72.53,1,0.611
72.54,1,0.713
72.55,1,0.819
72.56,1,0.888
72.57,1,0.925
72.58,1,0.862
72.59,1,0.755
72.60,1,0.559
72.61,1,0.443
72.62,1,0.383
72.63,1,0.396
72.64,1,0.415
72.65,1,0.426
72.66,1,0.461
72.67,1,0.467
72.68,1,0.521
72.69,1,0.521
72.70,1,0.507
72.71,1,0.492
72.72,1,0.458
72.73,1,0.395
72.74,1,0.540
72.75,1,0.660
72.76,1,0.751
72.77,1,0.640
72.78,1,0.517
72.79,1,0.423
72.80,1,0.396
72.81,1,0.432
72.82,1,0.512
72.83,1,0.632
72.84,1,0.783
72.85,1,0.939
72.86,1,1.121
72.87,1,1.399
72.88,1,1.641
72.89,1,1.578
72.90,1,1.667
72.91,1,2.139
72.92,1,1.713
72.93,1,1.248
72.94,1,1.143
72.95,1,1.109
72.96,1,1.003
72.97,1,1.083
72.98,1,1.394
72.99,1,1.341
73.00,1,1.196
73.01,1,0.916
73.02,1,0.475
73.03,1,0.340
73.04,1,0.266
73.05,1,0.244
73.06,1,0.229
73.07,1,0.220
73.08,1,0.253
73.09,1,0.375
73.10,1,0.336
73.11,1,0.295
73.12,1,0.227
73.13,1,0.206
73.14,1,0.218
73.15,1,0.260
73.16,1,0.280
73.17,1,0.327
73.18,1,0.314
73.19,1,0.282
73.20,1,0.276
73.21,1,0.364
73.22,1,0.430
73.23,1,0.490
73.24,1,0.530
73.25,1,0.540
73.26,1,0.453
73.27,1,0.392
73.28,1,0.367
73.29,1,0.330
73.30,1,0.299
73.31,1,0.277
73.32,1,0.259
73.33,1,0.235
73.34,1,0.227
73.35,1,0.216
73.36,1,0.205
73.37,1,0.199
73.38,1,0.211
73.39,1,0.217
73.40,1,0.213
73.41,1,0.214
73.42,1,0.220
73.43,1,0.197
73.44,1,0.180
73.45,1,0.177
73.46,1,0.180
73.47,1,0.180
73.48,1,0.202
73.49,1,0.233
73.50,1,0.289
73.51,1,0.320
73.52,1,0.338
73.53,1,0.368
73.54,1,0.375
73.55,1,0.368
73.56,1,0.382
73.57,1,0.401
73.58,1,0.384
73.59,1,0.391
73.60,1,0.363
73.61,1,0.339
73.62,1,0.380
73.63,1,0.403
73.64,1,0.422
73.65,1,0.440
73.66,1,0.418
73.67,1,0.360
73.68,1,0.328
73.69,1,0.318
73.70,1,0.293
73.71,1,0.288
73.72,1,0.292
73.73,1,0.317
73.74,1,0.328
73.75,1,0.346
73.76,1,0.355
73.77,1,0.348
73.78,1,0.350
73.79,1,0.338
73.80,1,0.323
73.81,1,0.307
73.82,1,0.286
73.83,1,0.259
73.84,1,0.206
73.85,1,0.173
73.86,1,0.154
73.87,1,0.190
73.88,1,0.206
73.89,1,0.218
73.90,1,0.230
73.91,1,0.243
73.92,1,0.212
73.93,1,0.218
73.94,1,0.223
73.95,1,0.218
73.96,1,0.215
73.97,1,0.199
73.98,1,0.206
73.99,1,0.211
74.00,1,0.211
74.01,1,0.220
74.02,1,0.231
74.03,1,0.228
74.04,1,0.255
74.05,1,0.287
74.06,1,0.317
74.07,1,0.359
74.08,1,0.434
74.09,1,0.512
74.10,1,0.851
74.11,1,0.935
74.12,1,0.784
74.13,1,0.558
74.14,1,0.290
74.15,1,0.227
74.16,1,0.215
74.17,1,0.223
74.18,1,0.219
74.19,1,0.222
74.20,1,0.230
74.21,1,0.241
74.22,1,0.227
74.23,1,0.255
74.24,1,0.296
74.25,1,0.317
74.26,1,0.329
74.27,1,0.353
74.28,1,0.340
74.29,1,0.330
74.30,1,0.325
74.31,1,0.336
74.32,1,0.325
74.33,1,0.315
74.34,1,0.307
74.35,1,0.330
74.36,1,0.342
74.37,1,0.343
74.38,1,0.359
74.39,1,0.376
74.40,1,0.362
74.41,1,0.381
74.42,1,0.381
74.43,1,0.369
74.44,1,0.370
74.45,1,0.360
74.46,1,0.347
74.47,1,0.342
74.48,1,0.320
74.49,1,0.311
74.50,1,0.293
74.51,1,0.271
74.52,1,0.254
74.53,1,0.235
74.54,1,0.219
74.55,1,0.216
74.56,1,0.208
74.57,1,0.198
74.58,1,0.204
74.59,1,0.205
74.60,1,0.209
74.61,1,0.223
74.62,1,0.247
74.63,1,0.275
74.64,1,0.318
74.65,1,0.341
74.66,1,0.349
74.67,1,0.323
74.68,1,0.255
74.69,1,0.242
74.70,1,0.217
74.71,1,0.224
74.72,1,0.252
74.73,1,0.261
74.74,1,0.257
74.75,1,0.297
74.76,1,0.293
74.77,1,0.292
74.78,1,0.285
74.79,1,0.275
74.80,1,0.250
74.81,1,0.252
74.82,1,0.231
74.83,1,0.250
74.84,1,0.259
74.85,1,0.283
74.86,1,0.315
74.87,1,0.345
74.88,1,0.342
74.89,1,0.330
74.90,1,0.329
74.91,1,0.285
74.92,1,0.262
74.93,1,0.250
74.94,1,0.251
74.95,1,0.246
74.96,1,0.260
74.97,1,0.282
74.98,1,0.424
74.99,1,0.681
75.00,1,0.956
75.01,1,1.270
75.02,1,1.318
75.03,1,1.298
75.04,1,1.174
75.05,1,1.365
75.06,1,1.563
75.07,1,1.745
75.08,1,1.805
75.09,1,1.884
75.10,1,1.420
75.11,1,1.143
75.12,1,1.008
75.13,1,0.994
75.14,1,1.026
75.15,1,1.147
75.16,1,1.199
75.17,1,1.194
75.18,1,0.966
75.19,1,0.453
75.20,1,0.278
75.21,1,0.186
75.22,1,0.134
75.23,1,0.124
75.24,1,0.118
75.25,1,0.122
75.26,1,0.131
75.27,1,0.157
75.28,1,0.191
75.29,1,0.222
75.30,1,0.238
75.31,1,0.239
75.32,1,0.221
75.33,1,0.186
75.34,1,0.180
75.35,1,0.195
75.36,1,0.216
75.37,1,0.245
75.38,1,0.283
75.39,1,0.305
75.40,1,0.335
75.41,1,0.337
75.42,1,0.356
75.43,1,0.376
75.44,1,0.382
75.45,1,0.386
75.46,1,0.363
75.47,1,0.328
75.48,1,0.279
75.49,1,0.252
75.50,1,0.221
75.51,1,0.230
75.52,1,0.246
75.53,1,0.265
75.54,1,0.290
75.55,1,0.309
75.56,1,0.324
75.57,1,0.326
75.58,1,0.284
75.59,1,0.273
75.60,1,0.263
75.61,1,0.229
75.62,1,0.207
75.63,1,0.227
75.64,1,0.206
75.65,1,0.186
75.66,1,0.180
75.67,1,0.187
75.68,1,0.200
75.69,1,0.215
75.70,1,0.233
75.71,1,0.247
75.72,1,0.253
75.73,1,0.266
75.74,1,0.299
75.75,1,0.349
75.76,1,0.322
75.77,1,0.287
75.78,1,0.284
75.79,1,0.283
75.80,1,0.285
75.81,1,0.304
75.82,1,0.322
75.83,1,0.321
75.84,1,0.332
75.85,1,0.334
75.86,1,0.329
75.87,1,0.329
75.88,1,0.325
75.89,1,0.325
75.90,1,0.331
75.91,1,0.344
75.92,1,0.330
75.93,1,0.325
75.94,1,0.283
75.95,1,0.266
75.96,1,0.245
75.97,1,0.246
75.98,1,0.258
75.99,1,0.292
76.00,1,0.335
76.01,1,0.216
76.02,1,0.194
76.03,1,0.226
76.04,1,0.224
76.05,1,0.229
76.06,1,0.260
76.07,1,0.265
76.08,1,0.254
76.09,1,0.274
76.10,1,0.300
76.11,1,0.313
76.12,1,0.313
76.13,1,0.327
76.14,1,0.297
76.15,1,0.259
76.16,1,0.249
76.17,1,0.236
76.18,1,0.226
76.19,1,0.227
76.20,1,0.224
76.21,1,0.223
76.22,1,0.241
76.23,1,0.264
76.24,1,0.287
76.25,1,0.309
76.26,1,0.315
76.27,1,0.314
76.28,1,0.319
76.29,1,0.333
76.30,1,0.324
76.31,1,0.343
76.32,1,0.352
76.33,1,0.327
76.34,1,0.313
76.35,1,0.316
76.36,1,0.303
76.37,1,0.286
76.38,1,0.303
76.39,1,0.313
76.40,1,0.290
76.41,1,0.265
76.42,1,0.263
76.43,1,0.230
76.44,1,0.211
76.45,1,0.211
76.46,1,0.225
76.47,1,0.236
76.48,1,0.266
76.49,1,0.274
76.50,1,0.284
76.51,1,0.283
76.52,1,0.288
76.53,1,0.287
76.54,1,0.318
76.55,1,0.338
76.56,1,0.362
76.57,1,0.374
76.58,1,0.397
76.59,1,0.372
76.60,1,0.382
76.61,1,0.386
76.62,1,0.351
76.63,1,0.376
76.64,1,0.371
76.65,1,0.351
76.66,1,0.367
76.67,1,0.361
76.68,1,0.355
76.69,1,0.424
76.70,1,0.432
76.71,1,0.496
76.72,1,0.712
76.73,1,0.962
76.74,1,1.001
76.75,1,1.038
76.76,1,1.031
76.77,1,1.066
76.78,1,0.991
76.79,1,0.937
76.80,1,0.839
76.81,1,0.710
76.82,1,0.601
76.83,1,0.586
76.84,1,0.539
76.85,1,0.528
76.86,1,0.576
76.87,1,0.636
76.88,1,0.651
76.89,1,0.631
76.90,1,0.532
76.91,1,0.450
76.92,1,0.344
76.93,1,0.322
76.94,1,0.309
76.95,1,0.308
76.96,1,0.317
76.97,1,0.249
76.98,1,0.156
76.99,1,0.127
77.00,1,0.125
77.01,1,0.131
77.02,1,0.132
77.03,1,0.134
77.04,1,0.142
77.05,1,0.141
77.06,1,0.154
77.07,1,0.176
77.08,1,0.204
77.09,1,0.230
77.10,1,0.265
77.11,1,0.264
77.12,1,0.253
77.13,1,0.254
77.14,1,0.259
77.15,1,0.258
77.16,1,0.278
77.17,1,0.295
77.18,1,0.294
77.19,1,0.287
77.20,1,0.293
77.21,1,0.293
77.22,1,0.273
77.23,1,0.264
77.24,1,0.243
77.25,1,0.220
77.26,1,0.227
77.27,1,0.230
77.28,1,0.202
77.29,1,0.207
77.30,1,0.204
77.31,1,0.207
77.32,1,0.219
77.33,1,0.238
77.34,1,0.244
77.35,1,0.237
77.36,1,0.243
77.37,1,0.255
77.38,1,0.273
77.39,1,0.332
77.40,1,0.365
77.41,1,0.389
77.42,1,0.373
77.43,1,0.341
77.44,1,0.286
77.45,1,0.247
77.46,1,0.217
77.47,1,0.194
77.48,1,0.191
77.49,1,0.191
77.50,1,0.172
77.51,1,0.168
77.52,1,0.189
77.53,1,0.197
77.54,1,0.232
77.55,1,0.266
77.56,1,0.284
77.57,1,0.279
77.58,1,0.276
77.59,1,0.278
77.60,1,0.285
77.61,1,0.295
77.62,1,0.311
77.63,1,0.309
77.64,1,0.284
77.65,1,0.281
77.66,1,0.276
77.67,1,0.283
77.68,1,0.306
77.69,1,0.349
77.70,1,0.382
77.71,1,0.426
77.72,1,0.494
77.73,1,0.574
77.74,1,0.598
77.75,1,0.720
77.76,1,0.694
77.77,1,0.303
77.78,1,0.257
77.79,1,0.234
77.80,1,0.235
77.81,1,0.258
77.82,1,0.304
77.83,1,0.316
77.84,1,0.346
77.85,1,0.362
77.86,1,0.371
77.87,1,0.361
77.88,1,0.357
77.89,1,0.351
77.90,1,0.330
77.91,1,0.321
77.92,1,0.314
77.93,1,0.300
77.94,1,0.302
77.95,1,0.309
77.96,1,0.297
77.97,1,0.288
77.98,1,0.305
77.99,1,0.326
78.00,1,0.358
78.01,1,0.466
78.02,1,0.765
78.03,1,0.803
78.04,1,0.503
78.05,1,0.400
78.06,1,0.307
78.07,1,0.244
78.08,1,0.221
78.09,1,0.209
78.10,1,0.215
78.11,1,0.232
78.12,1,0.268
78.13,1,0.302
78.14,1,0.340
78.15,1,0.378
78.16,1,0.411
78.17,1,0.433
78.18,1,0.444
78.19,1,0.438
78.20,1,0.416
78.21,1,0.373
78.22,1,0.333
78.23,1,0.308
78.24,1,0.310
78.25,1,0.332
78.26,1,0.392
78.27,1,0.500
78.28,1,0.589
78.29,1,0.668
78.30,1,0.605
78.31,1,0.425
78.32,1,0.460
78.33,1,0.342
78.34,1,0.307
78.35,1,0.268
78.36,1,0.262
78.37,1,0.254
78.38,1,0.241
78.39,1,0.223
78.40,1,0.231
78.41,1,0.218
78.42,1,0.217
78.43,1,0.239
78.44,1,0.241
78.45,1,0.233
78.46,1,0.231
78.47,1,0.214
78.48,1,0.204
78.49,1,0.199
78.50,1,0.207
78.51,1,0.227
78.52,1,0.278
78.53,1,0.321
78.54,1,0.394
78.55,1,0.446
78.56,1,0.541
78.57,1,0.585
78.58,1,0.622
78.59,1,0.289
78.60,1,0.247
78.61,1,0.199
78.62,1,0.191
78.63,1,0.200
78.64,1,0.212
78.65,1,0.206
78.66,1,0.223
78.67,1,0.249
78.68,1,0.266
78.69,1,0.283
78.70,1,0.295
78.71,1,0.292
78.72,1,0.318
78.73,1,0.327
78.74,1,0.339
78.75,1,0.354
78.76,1,0.351
78.77,1,0.324
78.78,1,0.300
78.79,1,0.266
78.80,1,0.243
78.81,1,0.239
78.82,1,0.243
78.83,1,0.266
78.84,1,0.316
78.85,1,0.331
78.86,1,0.359
78.87,1,0.395
78.88,1,0.435
78.89,1,0.493
78.90,1,0.588
78.91,1,0.709
78.92,1,0.858
78.93,1,0.998
78.94,1,1.070
78.95,1,0.913
78.96,1,0.836
78.97,1,0.758
78.98,1,0.666
78.99,1,0.662
79.00,1,0.683
79.01,1,0.647
79.02,1,0.674
79.03,1,0.705
79.04,1,0.761
79.05,1,0.859
79.06,1,0.996
79.07,1,1.087
79.08,1,1.116
79.09,1,1.100
79.10,1,1.054
79.11,1,0.526
79.12,1,0.143
79.13,1,0.163
79.14,1,0.159
79.15,1,0.172
79.16,1,0.178
79.17,1,0.200
79.18,1,0.218
79.19,1,0.257
79.20,1,0.278
79.21,1,0.315
79.22,1,0.322
79.23,1,0.347
79.24,1,0.351
79.25,1,0.371
79.26,1,0.373
79.27,1,0.371
79.28,1,0.368
79.29,1,0.376
79.30,1,0.354
79.31,1,0.353
79.32,1,0.357
79.33,1,0.361
79.34,1,0.370
79.35,1,0.377
79.36,1,0.367
79.37,1,0.379
79.38,1,0.339
79.39,1,0.312
79.40,1,0.320
79.41,1,0.312
79.42,1,0.334
79.43,1,0.348
79.44,1,0.354
79.45,1,0.376
79.46,1,0.376
79.47,1,0.363
79.48,1,0.357
79.49,1,0.351
79.50,1,0.372
79.51,1,0.415
79.52,1,0.549
79.53,1,0.689
79.54,1,1.333
79.55,1,1.426
79.56,1,1.282
79.57,1,0.735
79.58,1,0.490
79.59,1,0.298
79.60,1,0.237
79.61,1,0.231
79.62,1,0.248
79.63,1,0.274
79.64,1,0.297
79.65,1,0.318
79.66,1,0.333
79.67,1,0.307
79.68,1,0.290
79.69,1,0.281
79.70,1,0.255
79.71,1,0.234
79.72,1,0.227
79.73,1,0.204
79.74,1,0.234
79.75,1,0.267
79.76,1,0.314
79.77,1,0.358
79.78,1,0.389
79.79,1,0.393
79.80,1,0.384
79.81,1,0.359
79.82,1,0.340
79.83,1,0.335
79.84,1,0.292
79.85,1,0.269
79.86,1,0.241
79.87,1,0.232
79.88,1,0.234
79.89,1,0.237
79.90,1,0.248
79.91,1,0.274
79.92,1,0.274
79.93,1,0.279
79.94,1,0.283
79.95,1,0.244
79.96,1,0.222
79.97,1,0.203
79.98,1,0.192
79.99,1,0.217
80.00,1,0.240
80.01,1,0.212
80.02,1,0.225
80.03,1,0.205
80.04,1,0.207
80.05,1,0.188
80.06,1,0.179
80.07,1,0.195
80.08,1,0.212
80.09,1,0.244
80.10,1,0.280
80.11,1,0.299
80.12,1,0.291
80.13,1,0.268
80.14,1,0.258
80.15,1,0.248
80.16,1,0.234
80.17,1,0.238
80.18,1,0.227
80.19,1,0.208
80.20,1,0.204
80.21,1,0.218
80.22,1,0.234
80.23,1,0.258
80.24,1,0.282
80.25,1,0.321
80.26,1,0.342
80.27,1,0.423
80.28,1,0.557
80.29,1,0.712
80.30,1,0.960
80.31,1,1.094
80.32,1,0.999
80.33,1,0.830
80.34,1,0.744
80.35,1,0.697
80.36,1,0.700
80.37,1,0.679
80.38,1,0.721
80.39,1,0.670
80.40,1,0.557
80.41,1,0.515
80.42,1,0.497
80.43,1,0.453
80.44,1,0.501
80.45,1,0.654
80.46,1,0.605
80.47,1,0.514
80.48,1,0.454
80.49,1,0.451
80.50,1,0.496
80.51,1,0.533
80.52,1,0.582
80.53,1,0.682
80.54,1,0.726
80.55,1,0.731
80.56,1,0.808
80.57,1,0.934
80.58,1,1.032
80.59,1,1.110
80.60,1,1.159
80.61,1,1.104
80.62,1,1.000
80.63,1,0.933
80.64,1,0.895
80.65,1,0.861
80.66,1,0.881
80.67,1,0.919
80.68,1,0.986
80.69,1,1.186
80.70,1,1.372
80.71,1,1.415
80.72,1,1.356
80.73,1,1.256
80.74,1,1.033
80.75,1,0.930
80.76,1,0.997
80.77,1,1.125
80.78,1,1.298
80.79,1,1.533
80.80,1,1.688
80.81,1,1.601
80.82,1,1.419
80.83,1,1.190
80.84,1,0.980
80.85,1,0.823
80.86,1,0.878
80.87,1,0.972
80.88,1,1.038
80.89,1,1.037
80.90,1,0.991
80.91,1,0.952
80.92,1,0.914
80.93,1,0.884
80.94,1,0.890
80.95,1,0.917
80.96,1,0.856
80.97,1,0.665
80.98,1,0.464
80.99,1,0.471
81.00,1,0.647
81.01,1,0.843
81.02,1,1.059
81.03,1,1.333
81.04,1,1.630
81.05,1,1.847
81.06,1,1.920
81.07,1,1.573
81.08,1,1.225
81.09,1,1.205
81.10,1,1.036
81.11,1,0.892
81.12,1,0.776
81.13,1,0.661
81.14,1,0.591
81.15,1,0.554
81.16,1,0.634
81.17,1,0.806
81.18,1,0.979
81.19,1,1.153
81.20,1,1.231
81.21,1,1.245
81.22,1,1.212
81.23,1,1.152
81.24,1,1.049
81.25,1,0.963
81.26,1,0.882
81.27,1,0.795
81.28,1,0.674
81.29,1,0.587
81.30,1,0.512
81.31,1,0.384
81.32,1,0.347
81.33,1,0.386
81.34,1,0.313
81.35,1,0.299
81.36,1,0.354
81.37,1,0.370
81.38,1,0.369
81.39,1,0.413
81.40,1,0.433
81.41,1,0.411
81.42,1,0.406
81.43,1,0.399
81.44,1,0.385
81.45,1,0.351
81.46,1,0.324
81.47,1,0.299
81.48,1,0.294
81.49,1,0.282
81.50,1,0.291
81.51,1,0.319
81.52,1,0.417
81.53,1,0.603
81.54,1,0.924
81.55,1,1.282
81.56,1,1.568
81.57,1,1.758
81.58,1,1.910
81.59,1,1.867
81.60,1,1.828
81.61,1,1.695
81.62,1,1.118
81.63,1,0.558
81.64,1,0.366
81.65,1,0.262
81.66,1,0.267
81.67,1,0.359
81.68,1,0.491
81.69,1,0.604
81.70,1,0.852
81.71,1,1.166
81.72,1,1.208
81.73,1,0.997
81.74,1,0.874
81.75,1,0.928
81.76,1,0.872
81.77,1,0.817
81.78,1,0.898
81.79,1,0.997
81.80,1,0.956
81.81,1,0.930
81.82,1,0.770
81.83,1,0.669
81.84,1,0.591
81.85,1,0.422
81.86,1,0.271
81.87,1,0.186
81.88,1,0.151
81.89,1,0.121
81.90,1,0.102
81.91,1,0.102
81.92,1,0.102
81.93,1,0.095
81.94,1,0.092
81.95,1,0.085
81.96,1,0.078
81.97,1,0.078
81.98,1,0.080
81.99,1,0.085
82.00,1,0.094
82.01,1,0.106
82.02,1,0.123
82.03,1,0.138
82.04,1,0.152
82.05,1,0.161
82.06,1,0.162
82.07,1,0.164
82.08,1,0.162
82.09,1,0.160
82.10,1,0.154
82.11,1,0.146
82.12,1,0.136
82.13,1,0.132
82.14,1,0.144
82.15,1,0.169
82.16,1,0.196
82.17,1,0.223
82.18,1,0.230
82.19,1,0.213
82.20,1,0.187
82.21,1,0.166
82.22,1,0.150
82.23,1,0.144
82.24,1,0.158
82.25,1,0.190
82.26,1,0.225
82.27,1,0.264
82.28,1,0.296
82.29,1,0.312
82.30,1,0.318
82.31,1,0.304
82.32,1,0.286
82.33,1,0.265
82.34,1,0.237
82.35,1,0.203
82.36,1,0.190
82.37,1,0.178
82.38,1,0.168
82.39,1,0.188
82.40,1,0.215
82.41,1,0.212
82.42,1,0.193
82.43,1,0.214
82.44,1,0.282
82.45,1,0.391
82.46,1,0.504
82.47,1,0.613
82.48,1,0.778
82.49,1,0.836
82.50,1,0.819
82.51,1,0.771
82.52,1,0.702
82.53,1,0.654
82.54,1,0.663
82.55,1,0.687
82.56,1,0.741
82.57,1,0.760
82.58,1,0.782
82.59,1,0.777
82.60,1,0.726
82.61,1,0.622
82.62,1,0.530
82.63,1,0.461
82.64,1,0.346
82.65,1,0.303
82.66,1,0.271
82.67,1,0.272
82.68,1,0.309
82.69,1,0.341
82.70,1,0.413
82.71,1,0.483
82.72,1,0.500
82.73,1,0.478
82.74,1,0.508
82.75,1,0.556
82.76,1,0.633
82.77,1,0.773
82.78,1,0.942
82.79,1,1.137
82.80,1,1.344
82.81,1,1.381
82.82,1,1.315
82.83,1,1.277
82.84,1,1.264
82.85,1,1.072
82.86,1,0.955
82.87,1,0.986
82.88,1,0.983
82.89,1,0.905
82.90,1,0.774
82.91,1,0.655
82.92,1,0.570
82.93,1,0.540
82.94,1,0.640
82.95,1,0.855
82.96,1,1.143
82.97,1,1.438
82.98,1,1.721
82.99,1,2.049
83.00,1,1.969
83.01,1,1.382
83.02,1,0.947
83.03,1,0.713
83.04,1,0.719
83.05,1,0.824
83.06,1,0.915
83.07,1,0.909
83.08,1,0.901
83.09,1,0.869
83.10,1,0.836
83.11,1,0.810
83.12,1,0.767
83.13,1,0.730
83.14,1,0.663
83.15,1,0.586
83.16,1,0.581
83.17,1,0.667
83.18,1,0.801
83.19,1,0.999
83.20,1,1.184
83.21,1,1.333
83.22,1,1.437
83.23,1,1.310
83.24,1,1.062
83.25,1,0.856
83.26,1,0.751
83.27,1,0.772
83.28,1,0.804
83.29,1,0.829
83.30,1,0.795
83.31,1,0.851
83.32,1,0.837
83.33,1,0.791
83.34,1,0.766
83.35,1,0.791
83.36,1,0.898
83.37,1,1.017
83.38,1,1.064
83.39,1,1.061
83.40,1,1.036
83.41,1,0.937
83.42,1,0.770
83.43,1,0.605
83.44,1,0.484
83.45,1,0.466
83.46,1,0.598
83.47,1,0.735
83.48,1,0.786
83.49,1,0.833
83.50,1,0.803
83.51,1,0.758
83.52,1,0.709
83.53,1,0.593
83.54,1,0.555
83.55,1,0.533
83.56,1,0.497
83.57,1,0.542
83.58,1,0.614
83.59,1,0.629
83.60,1,0.598
83.61,1,0.497
83.62,1,0.409
83.63,1,0.314
83.64,1,0.276
83.65,1,0.266
83.66,1,0.250
83.67,1,0.238
83.68,1,0.233
83.69,1,0.246
83.70,1,0.263
83.71,1,0.281
83.72,1,0.333
83.73,1,0.425
83.74,1,0.416
83.75,1,0.503
83.76,1,0.609
83.77,1,0.609
83.78,1,0.655
83.79,1,0.677
83.80,1,0.518
83.81,1,0.380
83.82,1,0.276
83.83,1,0.195
83.84,1,0.160
83.85,1,0.179
83.86,1,0.241
83.87,1,0.317
83.88,1,0.442
83.89,1,0.660
83.90,1,0.774
83.91,1,0.802
83.92,1,0.956
83.93,1,1.048
83.94,1,0.991
83.95,1,0.922
83.96,1,0.844
83.97,1,0.791
83.98,1,0.776
83.99,1,0.824
84.00,1,0.936
84.01,1,0.957
84.02,1,0.898
84.03,1,0.682
84.04,1,0.185
84.05,1,0.150
84.06,1,0.139
84.07,1,0.131
84.08,1,0.124
84.09,1,0.154
84.10,1,0.155
84.11,1,0.152
84.12,1,0.148
84.13,1,0.142
84.14,1,0.139
84.15,1,0.142
84.16,1,0.144
84.17,1,0.146
84.18,1,0.152
84.19,1,0.157
84.20,1,0.165
84.21,1,0.175
84.22,1,0.185
84.23,1,0.185
84.24,1,0.178
84.25,1,0.163
84.26,1,0.146
84.27,1,0.127
84.28,1,0.119
84.29,1,0.120
84.30,1,0.122
84.31,1,0.124
84.32,1,0.133
84.33,1,0.144
84.34,1,0.149
84.35,1,0.152
84.36,1,0.153
84.37,1,0.145
84.38,1,0.141
84.39,1,0.145
84.40,1,0.149
84.41,1,0.154
84.42,1,0.159
84.43,1,0.162
84.44,1,0.170
84.45,1,0.173
84.46,1,0.166
84.47,1,0.173
84.48,1,0.185
84.49,1,0.188
84.50,1,0.219
84.51,1,0.251
84.52,1,0.243
84.53,1,0.241
84.54,1,0.259
84.55,1,0.294
84.56,1,0.330
84.57,1,0.371
84.58,1,0.444
84.59,1,0.466
84.60,1,0.447
84.61,1,0.429
84.62,1,0.451
84.63,1,0.456
84.64,1,0.509
84.65,1,0.509
84.66,1,0.462
84.67,1,0.399
84.68,1,0.335
84.69,1,0.270
84.70,1,0.225
84.71,1,0.234
84.72,1,0.244
84.73,1,0.245
84.74,1,0.238
84.75,1,0.228
84.76,1,0.232
84.77,1,0.238
84.78,1,0.265
84.79,1,0.270
84.80,1,0.244
84.81,1,0.208
84.82,1,0.182
84.83,1,0.159
84.84,1,0.207
84.85,1,0.281
84.86,1,0.347
84.87,1,0.405
84.88,1,0.452
84.89,1,0.487
84.90,1,0.529
84.91,1,0.576
84.92,1,0.644
84.93,1,0.752
84.94,1,0.905
84.95,1,1.147
84.96,1,1.388
84.97,1,1.518
84.98,1,1.413
84.99,1,1.239
85.00,1,1.111
85.01,1,1.179
85.02,1,1.315
85.03,1,1.462
85.04,1,1.531
85.05,1,1.583
85.06,1,1.657
85.07,1,1.632
85.08,1,1.520
85.09,1,1.371
85.10,1,1.115
85.11,1,0.924
85.12,1,0.842
85.13,1,0.839
85.14,1,0.880
85.15,1,1.012
85.16,1,1.109
85.17,1,1.000
85.18,1,0.924
85.19,1,0.918
85.20,1,0.805
85.21,1,0.636
85.22,1,0.635
85.23,1,0.626
85.24,1,0.641
85.25,1,0.609
85.26,1,0.557
85.27,1,0.521
85.28,1,0.493
85.29,1,0.478
85.30,1,0.465
85.31,1,0.450
85.32,1,0.387
85.33,1,0.295
85.34,1,0.226
85.35,1,0.261
85.36,1,0.393
85.37,1,0.550
85.38,1,0.755
85.39,1,0.995
85.40,1,1.136
85.41,1,1.210
85.42,1,1.279
85.43,1,1.237
85.44,1,1.188
85.45,1,1.232
85.46,1,1.225
85.47,1,1.158
85.48,1,1.052
85.49,1,1.006
85.50,1,1.051
85.51,1,1.146
85.52,1,1.259
85.53,1,1.306
85.54,1,1.275
85.55,1,1.201
85.56,1,1.135
85.57,1,1.080
85.58,1,1.073
85.59,1,1.004
85.60,1,0.924
85.61,1,0.838
85.62,1,0.689
85.63,1,0.534
85.64,1,0.468
85.65,1,0.486
85.66,1,0.417
85.67,1,0.267
85.68,1,0.262
85.69,1,0.361
85.70,1,0.366
85.71,1,0.356
85.72,1,0.426
85.73,1,0.504
85.74,1,0.512
85.75,1,0.585
85.76,1,0.767
85.77,1,0.825
85.78,1,0.777
85.79,1,0.598
85.80,1,0.482
85.81,1,0.373
85.82,1,0.310
85.83,1,0.276
85.84,1,0.257
85.85,1,0.251
85.86,1,0.247
85.87,1,0.255
85.88,1,0.302
85.89,1,0.361
85.90,1,0.432
85.91,1,0.533
85.92,1,0.652
85.93,1,0.720
85.94,1,0.723
85.95,1,0.623
85.96,1,0.451
85.97,1,0.329
85.98,1,0.287
85.99,1,0.405
86.00,1,0.661
86.01,1,0.973
86.02,1,1.039
86.03,1,0.959
86.04,1,0.916
86.05,1,1.081
86.06,1,1.367
86.07,1,1.654
86.08,1,1.855
86.09,1,1.851
86.10,1,1.776
86.11,1,1.493
86.12,1,1.277
86.13,1,1.088
86.14,1,0.816
86.15,1,0.593
86.16,1,0.495
86.17,1,0.521
86.18,1,0.659
86.19,1,0.844
86.20,1,0.976
86.21,1,0.915
86.22,1,0.737
86.23,1,0.376
86.24,1,0.307
86.25,1,0.210
86.26,1,0.142
86.27,1,0.123
86.28,1,0.110
86.29,1,0.092
86.30,1,0.081
86.31,1,0.074
86.32,1,0.071
86.33,1,0.070
86.34,1,0.073
86.35,1,0.077
86.36,1,0.081
86.37,1,0.084
86.38,1,0.090
86.39,1,0.092
86.40,1,0.091
86.41,1,0.088
86.42,1,0.082
86.43,1,0.075
86.44,1,0.070
86.45,1,0.065
86.46,1,0.063
86.47,1,0.063
86.48,1,0.064
86.49,1,0.068
86.50,1,0.072
86.51,1,0.080
86.52,1,0.091
86.53,1,0.099
86.54,1,0.106
86.55,1,0.108
86.56,1,0.102
86.57,1,0.093
86.58,1,0.096
86.59,1,0.109
86.60,1,0.124
86.61,1,0.139
86.62,1,0.157
86.63,1,0.174
86.64,1,0.188
86.65,1,0.201
86.66,1,0.208
86.67,1,0.210
86.68,1,0.206
86.69,1,0.206
86.70,1,0.216
86.71,1,0.227
86.72,1,0.253
86.73,1,0.288
86.74,1,0.330
86.75,1,0.388
86.76,1,0.446
86.77,1,0.466
86.78,1,0.465
86.79,1,0.453
86.80,1,0.442
86.81,1,0.451
86.82,1,0.485
86.83,1,0.530
86.84,1,0.592
86.85,1,0.699
86.86,1,0.710
86.87,1,0.698
86.88,1,0.622
86.89,1,0.549
86.90,1,0.485
86.91,1,0.471
86.92,1,0.489
86.93,1,0.510
86.94,1,0.522
86.95,1,0.519
86.96,1,0.486
86.97,1,0.425
86.98,1,0.363
86.99,1,0.307
87.00,1,0.245
87.01,1,0.188
87.02,1,0.144
87.03,1,0.127
87.04,1,0.152
87.05,1,0.201
87.06,1,0.269
87.07,1,0.354
87.08,1,0.438
87.09,1,0.499
87.10,1,0.561
87.11,1,0.649
87.12,1,0.774
87.13,1,0.934
87.14,1,1.135
87.15,1,1.340
87.16,1,1.427
87.17,1,1.395
87.18,1,1.362
87.19,1,1.349
87.20,1,1.374
87.21,1,1.451
87.22,1,1.568
87.23,0,
87.24,0,
87.25,0,
87.26,0,
87.27,0,
87.28,0,
87.29,0,
87.30,0,
87.31,0,
87.32,0,
87.33,0,
87.34,0,
87.35,0,
87.36,0,
87.37,0,
87.38,0,
87.39,0,
87.40,0,
87.41,0,
87.42,0,
87.43,0,
87.44,0,
87.45,0,
87.46,0,
87.47,0,
87.48,0,
87.49,0,
87.50,0,
87.51,0,
87.52,0,
87.53,0,
87.54,0,
87.55,0,
87.56,0,
87.57,0,
87.58,0,
87.59,0,
87.60,0,
87.61,0,
87.62,0,
87.63,0,
87.64,0,
87.65,0,
87.66,0,
87.67,0,
87.68,0,
87.69,0,
87.70,0,
87.71,0,
87.72,0,
87.73,0,
87.74,0,
87.75,0,
87.76,0,
87.77,0,
87.78,0,
87.79,0,
87.80,0,
87.81,0,
87.82,0,
87.83,0,
87.84,0,
87.85,0,
87.86,0,
87.87,0,
87.88,0,
87.89,0,
87.90,0,
87.91,0,
87.92,0,
87.93,0,
87.94,0,
87.95,0,
87.96,0,
87.97,0,
87.98,0,
87.99,0,
88.00,0,
88.01,0,
88.02,0,
88.03,0,
88.04,0,
88.05,0,
88.06,0,
88.07,0,
88.08,0,
88.09,0,
88.10,0,
88.11,0,
88.12,0,
88.13,0,
88.14,0,
88.15,0,
88.16,0,
88.17,0,
88.18,0,
88.19,0,
88.20,0,
88.21,0,
88.22,0,
88.23,0,
88.24,0,
88.25,0,
88.26,0,
88.27,0,
88.28,0,
88.29,0,
88.30,0,
88.31,0,
88.32,0,
88.33,0,
88.34,0,
88.35,0,
88.36,0,
88.37,0,
88.38,0,
88.39,0,
88.40,0,
88.41,0,
88.42,0,
88.43,0,
88.44,0,
88.45,0,
88.46,0,
88.47,0,
88.48,0,
88.49,0,
88.50,0,
88.51,0,
88.52,0,
88.53,0,
88.54,0,
88.55,0,
88.56,0,
88.57,0,
88.58,0,
88.59,1,0.051
88.60,1,0.026
88.61,1,0.025
88.62,1,0.021
88.63,1,0.021
88.64,1,0.022
88.65,1,0.022
88.66,1,0.024
88.67,1,0.028
88.68,1,0.024
88.69,1,0.021
88.70,1,0.022
88.71,1,0.022
88.72,1,0.024
88.73,1,0.032
88.74,1,0.038
88.75,1,0.043
88.76,1,0.060
88.77,1,0.074
88.78,1,0.079
88.79,1,0.093
88.80,1,0.106
88.81,1,0.102
88.82,1,0.101
88.83,1,0.103
88.84,1,0.089
88.85,1,0.084
88.86,1,0.078
88.87,1,0.072
88.88,1,0.069
88.89,1,0.070
88.90,1,0.074
88.91,1,0.091
88.92,1,0.101
88.93,1,0.118
88.94,1,0.146
88.95,1,0.128
88.96,1,0.086
88.97,1,0.072
88.98,1,0.063
88.99,1,0.060
89.00,1,0.063
89.01,1,0.068
89.02,1,0.074
89.03,1,0.081
89.04,1,0.089
89.05,1,0.103
89.06,1,0.115
89.07,1,0.113
89.08,1,0.106
89.09,1,0.098
89.10,1,0.085
89.11,1,0.072
89.12,1,0.072
89.13,1,0.083
89.14,1,0.092
89.15,1,0.098
89.16,1,0.111
89.17,1,0.128
89.18,1,0.159
89.19,1,0.449
89.20,1,0.556
89.21,1,0.481
89.22,1,0.204
89.23,1,0.105
89.24,1,0.063
89.25,1,0.056
89.26,1,0.054
89.27,1,0.053
89.28,1,0.055
89.29,1,0.057
89.30,1,0.059
89.31,1,0.065
89.32,1,0.072
89.33,1,0.084
89.34,1,0.096
89.35,1,0.108
89.36,1,0.119
89.37,1,0.128
89.38,1,0.152
89.39,1,0.165
89.40,1,0.145
89.41,1,0.121
89.42,1,0.091
89.43,1,0.072
89.44,1,0.065
89.45,1,0.055
89.46,1,0.052
89.47,1,0.056
89.48,1,0.059
89.49,1,0.057
89.50,1,0.057
89.51,1,0.057
89.52,1,0.057
89.53,1,0.063
89.54,1,0.075
89.55,1,0.089
89.56,1,0.091
89.57,1,0.092
89.58,1,0.087
89.59,1,0.083
89.60,1,0.086
89.61,1,0.088
89.62,1,0.089
89.63,1,0.087
89.64,1,0.088
89.65,1,0.091
89.66,1,0.092
89.67,1,0.095
89.68,1,0.092
89.69,1,0.088
89.70,1,0.086
89.71,1,0.096
89.72,1,0.098
89.73,1,0.103
89.74,1,0.103
89.75,1,0.099
89.76,1,0.092
89.77,1,0.091
89.78,1,0.078
89.79,1,0.070
89.80,1,0.068
89.81,1,0.073
89.82,1,0.075
89.83,1,0.099
89.84,1,0.112
89.85,1,0.112
89.86,1,0.119
89.87,1,0.124
89.88,1,0.103
89.89,1,0.106
89.90,1,0.112
89.91,1,0.097
89.92,1,0.098
89.93,1,0.118
89.94,1,0.101
89.95,1,0.107
89.96,1,0.149
89.97,1,0.138
89.98,1,0.122
89.99,1,0.116
90.00,1,0.106
90.01,1,0.087
90.02,1,0.083
90.03,1,0.085
90.04,1,0.086
90.05,1,0.082
90.06,1,0.078
90.07,1,0.079
90.08,1,0.081
90.09,1,0.084
90.10,1,0.088
90.11,1,0.089
90.12,1,0.093
90.13,1,0.096
90.14,1,0.099
90.15,1,0.117
90.16,1,0.132
90.17,1,0.146
90.18,1,0.156
90.19,1,0.147
90.20,1,0.135
90.21,1,0.092
90.22,1,0.072
90.23,1,0.077
90.24,1,0.081
90.25,1,0.083
90.26,1,0.096
90.27,1,0.109
90.28,1,0.114
90.29,1,0.120
90.30,1,0.125
90.31,1,0.132
90.32,1,0.132
90.33,1,0.116
90.34,1,0.101
90.35,1,0.083
90.36,1,0.069
90.37,1,0.064
90.38,1,0.059
90.39,1,0.059
90.40,1,0.066
90.41,1,0.076
90.42,1,0.095
90.43,1,0.131
90.44,1,0.164
90.45,1,0.182
90.46,1,0.194
90.47,1,0.157
90.48,1,0.100
90.49,1,0.069
90.50,1,0.067
90.51,1,0.067
90.52,1,0.065
90.53,1,0.062
90.54,1,0.062
90.55,1,0.063
90.56,1,0.058
90.57,1,0.061
90.58,1,0.062
90.59,1,0.057
90.60,1,0.058
90.61,1,0.062
90.62,1,0.061
90.63,1,0.054
90.64,1,0.047
90.65,1,0.044
90.66,1,0.043
90.67,1,0.044
90.68,1,0.048
90.69,1,0.054
90.70,1,0.063
90.71,1,0.069
90.72,1,0.078
90.73,1,0.077
90.74,1,0.074
90.75,1,0.074
90.76,1,0.064
90.77,1,0.061
90.78,1,0.065
90.79,1,0.061
90.80,1,0.057
90.81,1,0.060
90.82,1,0.056
90.83,1,0.049
90.84,1,0.047
90.85,1,0.044
90.86,1,0.043
90.87,1,0.045
90.88,1,0.050
90.89,1,0.051
90.90,1,0.053
90.91,1,0.054
90.92,1,0.052
90.93,1,0.054
90.94,1,0.068
90.95,1,0.078
90.96,1,0.097
90.97,1,0.135
90.98,1,0.201
90.99,1,0.317
91.00,1,0.526
91.01,1,0.285
91.02,1,0.196
91.03,1,0.151
91.04,1,0.095
91.05,1,0.072
91.06,1,0.059
91.07,1,0.055
91.08,1,0.060
91.09,1,0.060
91.10,1,0.065
91.11,1,0.063
91.12,1,0.062
91.13,1,0.053
91.14,1,0.064
91.15,1,0.072
91.16,1,0.083
91.17,1,0.088
91.18,1,0.091
91.19,1,0.076
91.20,1,0.073
91.21,1,0.070
91.22,1,0.079
91.23,1,0.093
91.24,1,0.122
91.25,1,0.162
91.26,1,0.234
91.27,1,0.315
91.28,1,0.489
91.29,1,0.365
91.30,1,0.209
91.31,1,0.111
91.32,1,0.090
91.33,1,0.087
91.34,1,0.081
91.35,1,0.070
91.36,1,0.076
91.37,1,0.074
91.38,1,0.068
91.39,1,0.079
91.40,1,0.094
91.41,1,0.099
91.42,1,0.083
91.43,1,0.070
91.44,1,0.063
91.45,1,0.054
91.46,1,0.047
91.47,1,0.054
91.48,1,0.063
91.49,1,0.072
91.50,1,0.076
91.51,1,0.080
91.52,1,0.082
91.53,1,0.078
91.54,1,0.076
91.55,1,0.078
91.56,1,0.086
91.57,1,0.093
91.58,1,0.108
91.59,1,0.146
91.60,1,0.300
91.61,1,0.562
91.62,1,0.647
91.63,1,0.693
91.64,1,0.784
91.65,1,0.876
91.66,1,0.781
91.67,1,0.516
91.68,1,0.213
91.69,1,0.090
91.70,1,0.070
91.71,1,0.061
91.72,1,0.050
91.73,1,0.046
91.74,1,0.058
91.75,1,0.067
91.76,1,0.084
91.77,1,0.091
91.78,1,0.109
91.79,1,0.112
91.80,1,0.117
91.81,1,0.111
91.82,1,0.113
91.83,1,0.100
91.84,1,0.091
91.85,1,0.092
91.86,1,0.104
91.87,1,0.102
91.88,1,0.106
91.89,1,0.116
91.90,1,0.128
91.91,1,0.151
91.92,1,0.207
91.93,1,0.380
91.94,1,0.718
91.95,1,1.045
91.96,1,1.109
91.97,1,0.943
91.98,1,0.741
91.99,1,0.601
92.00,1,0.453
92.01,1,0.388
92.02,1,0.310
92.03,1,0.287
92.04,1,0.290
92.05,1,0.307
92.06,1,0.342
92.07,1,0.368
92.08,1,0.369
92.09,1,0.342
92.10,1,0.330
92.11,1,0.338
92.12,1,0.337
92.13,1,0.353
92.14,1,0.417
92.15,1,0.426
92.16,1,0.415
92.17,1,0.549
92.18,1,0.761
92.19,1,0.583
92.20,1,0.259
92.21,1,0.109
92.22,1,0.058
92.23,1,0.042
92.24,1,0.033
92.25,1,0.033
92.26,1,0.030
92.27,1,0.028
92.28,1,0.030
92.29,1,0.035
92.30,1,0.042
92.31,1,0.057
92.32,1,0.071
92.33,1,0.091
92.34,1,0.131
92.35,1,0.196
92.36,1,0.254
92.37,1,0.145
92.38,1,0.092
92.39,1,0.057
92.40,1,0.042
92.41,1,0.038
92.42,1,0.040
92.43,1,0.040
92.44,1,0.043
92.45,1,0.046
92.46,1,0.046
92.47,1,0.042
92.48,1,0.043
92.49,1,0.041
92.50,1,0.046
92.51,1,0.054
92.52,1,0.051
92.53,1,0.047
92.54,1,0.040
92.55,1,0.036
92.56,1,0.034
92.57,1,0.034
92.58,1,0.033
92.59,1,0.035
92.60,1,0.035
92.61,1,0.038
92.62,1,0.040
92.63,1,0.040
92.64,1,0.043
92.65,1,0.046
92.66,1,0.044
92.67,1,0.043
92.68,1,0.050
92.69,1,0.056
92.70,1,0.062
92.71,1,0.071
92.72,1,0.078
92.73,1,0.083
92.74,1,0.084
92.75,1,0.085
92.76,1,0.080
92.77,1,0.072
92.78,1,0.062
92.79,1,0.053
92.80,1,0.049
92.81,1,0.052
92.82,1,0.061
92.83,1,0.071
92.84,1,0.082
92.85,1,0.091
92.86,1,0.095
92.87,1,0.093
92.88,1,0.094
92.89,1,0.090
92.90,1,0.085
92.91,1,0.079
92.92,1,0.070
92.93,1,0.054
92.94,1,0.040
92.95,1,0.039
92.96,1,0.044
92.97,1,0.051
92.98,1,0.063
92.99,1,0.086
93.00,1,0.121
93.01,1,0.166
93.02,1,0.278
93.03,1,0.433
93.04,1,0.824
93.05,1,1.245
93.06,1,1.378
93.07,1,1.178
93.08,1,0.893
93.09,1,0.566
93.10,1,0.399
93.11,1,0.312
93.12,1,0.282
93.13,1,0.316
93.14,1,0.405
93.15,1,0.506
93.16,1,0.628
93.17,1,0.764
93.18,1,0.946
93.19,1,1.089
93.20,1,1.250
93.21,1,1.543
93.22,1,0.383
93.23,1,0.140
93.24,1,0.082
93.25,1,0.050
93.26,1,0.040
93.27,1,0.038
93.28,1,0.039
93.29,1,0.038
93.30,1,0.038
93.31,1,0.039
93.32,1,0.044
93.33,1,0.046
93.34,1,0.043
93.35,1,0.041
93.36,1,0.035
93.37,1,0.031
93.38,1,0.033
93.39,1,0.038
93.40,1,0.056
93.41,1,0.108
93.42,1,0.179
93.43,1,0.319
93.44,1,0.652
93.45,1,0.285
93.46,1,0.132
93.47,1,0.091
93.48,1,0.045
93.49,1,0.042
93.50,1,0.050
93.51,1,0.057
93.52,1,0.055
93.53,1,0.054
93.54,1,0.050
93.55,1,0.035
93.56,1,0.026
93.57,1,0.026
93.58,1,0.029
93.59,1,0.034
93.60,1,0.039
93.61,1,0.048
93.62,1,0.061
93.63,1,0.068
93.64,1,0.065
93.65,1,0.059
93.66,1,0.058
93.67,1,0.055
93.68,1,0.056
93.69,1,0.054
93.70,1,0.054
93.71,1,0.050
93.72,1,0.050
93.73,1,0.048
93.74,1,0.049
93.75,1,0.045
93.76,1,0.040
93.77,1,0.037
93.78,1,0.037
93.79,1,0.036
93.80,1,0.036
93.81,1,0.038
93.82,1,0.037
93.83,1,0.040
93.84,1,0.045
93.85,1,0.048
93.86,1,0.052
93.87,1,0.053
93.88,1,0.050
93.89,1,0.048
93.90,1,0.048
93.91,1,0.050
93.92,1,0.054
93.93,1,0.064
93.94,1,0.075
93.95,1,0.080
93.96,1,0.085
93.97,1,0.087
93.98,1,0.085
93.99,1,0.083
94.00,1,0.080
94.01,1,0.079
94.02,1,0.077
94.03,1,0.072
94.04,1,0.071
94.05,1,0.069
94.06,1,0.067
94.07,1,0.074
94.08,1,0.093
94.09,1,0.125
94.10,1,0.160
94.11,1,0.214
94.12,1,0.283
94.13,1,0.338
94.14,1,0.373
94.15,1,0.548
94.16,1,0.728
94.17,1,0.963
94.18,1,1.227
94.19,1,0.961
94.20,1,0.621
94.21,1,0.472
94.22,1,0.378
94.23,1,0.304
94.24,1,0.269
94.25,1,0.250
94.26,1,0.253
94.27,1,0.263
94.28,1,0.276
94.29,1,0.292
94.30,1,0.294
94.31,1,0.290
94.32,1,0.338
94.33,1,0.384
94.34,1,0.459
94.35,1,0.618
94.36,1,0.840
94.37,1,0.567
94.38,1,0.336
94.39,1,0.129
94.40,1,0.076
94.41,1,0.061
94.42,1,0.051
94.43,1,0.050
94.44,1,0.052
94.45,1,0.051
94.46,1,0.055
94.47,1,0.059
94.48,1,0.064
94.49,1,0.074
94.50,1,0.088
94.51,1,0.101
94.52,1,0.126
94.53,1,0.192
94.54,1,0.360
94.55,1,0.140
94.56,1,0.106
94.57,1,0.073
94.58,1,0.052
94.59,1,0.046
94.60,1,0.050
94.61,1,0.050
94.62,1,0.060
94.63,1,0.068
94.64,1,0.088
94.65,1,0.096
94.66,1,0.096
94.67,1,0.085
94.68,1,0.074
94.69,1,0.059
94.70,1,0.043
94.71,1,0.034
94.72,1,0.030
94.73,1,0.023
94.74,1,0.026
94.75,1,0.029
94.76,1,0.033
94.77,1,0.038
94.78,1,0.041
94.79,1,0.042
94.80,1,0.043
94.81,1,0.046
94.82,1,0.048
94.83,1,0.056
94.84,1,0.062
94.85,1,0.068
94.86,1,0.072
94.87,1,0.075
94.88,1,0.068
94.89,1,0.060
94.90,1,0.059
94.91,1,0.051
94.92,1,0.050
94.93,1,0.052
94.94,1,0.052
94.95,1,0.048
94.96,1,0.050
94.97,1,0.054
94.98,1,0.057
94.99,1,0.057
95.00,1,0.061
95.01,1,0.060
95.02,1,0.059
95.03,1,0.058
95.04,1,0.061
95.05,1,0.056
95.06,1,0.057
95.07,1,0.059
95.08,1,0.064
95.09,1,0.066
95.10,1,0.071
95.11,1,0.073
95.12,1,0.073
95.13,1,0.078
95.14,1,0.080
95.15,1,0.083
95.16,1,0.078
95.17,1,0.079
95.18,1,0.072
95.19,1,0.066
95.20,1,0.057
95.21,1,0.055
95.22,1,0.043
95.23,1,0.032
95.24,1,0.030
95.25,1,0.034
95.26,1,0.036
95.27,1,0.041
95.28,1,0.050
95.29,1,0.060
95.30,1,0.065
95.31,1,0.078
95.32,1,0.088
95.33,1,0.090
95.34,1,0.090
95.35,1,0.091
95.36,1,0.089
95.37,1,0.093
95.38,1,0.102
95.39,1,0.113
95.40,1,0.124
95.41,1,0.120
95.42,1,0.109
95.43,1,0.095
95.44,1,0.090
95.45,1,0.083
95.46,1,0.088
95.47,1,0.086
95.48,1,0.080
95.49,1,0.070
95.50,1,0.064
95.51,1,0.059
95.52,1,0.066
95.53,1,0.077
95.54,1,0.082
95.55,1,0.083
95.56,1,0.087
95.57,1,0.086
95.58,1,0.078
95.59,1,0.075
95.60,1,0.067
95.61,1,0.055
95.62,1,0.051
95.63,1,0.052
95.64,1,0.050
95.65,1,0.048
95.66,1,0.048
95.67,1,0.046
95.68,1,0.047
95.69,1,0.052
95.70,1,0.050
95.71,1,0.047
95.72,1,0.049
95.73,1,0.051
95.74,1,0.054
95.75,1,0.060
95.76,1,0.065
95.77,1,0.075
95.78,1,0.085
95.79,1,0.095
95.80,1,0.096
95.81,1,0.085
95.82,1,0.064
95.83,1,0.048
95.84,1,0.041
95.85,1,0.040
95.86,1,0.045
95.87,1,0.054
95.88,1,0.069
95.89,1,0.095
95.90,1,0.125
95.91,1,0.282
95.92,1,0.264
95.93,1,0.128
95.94,1,0.052
95.95,1,0.044
95.96,1,0.047
95.97,1,0.045
95.98,1,0.042
95.99,1,0.044
96.00,1,0.043
96.01,1,0.042
96.02,1,0.043
96.03,1,0.047
96.04,1,0.048
96.05,1,0.052
96.06,1,0.055
96.07,1,0.059
96.08,1,0.059
96.09,1,0.058
96.10,1,0.058
96.11,1,0.059
96.12,1,0.059
96.13,1,0.060
96.14,1,0.071
96.15,1,0.075
96.16,1,0.078
96.17,1,0.082
96.18,1,0.079
96.19,1,0.075
96.20,1,0.070
96.21,1,0.068
96.22,1,0.068
96.23,1,0.071
96.24,1,0.096
96.25,1,0.121
96.26,1,0.156
96.27,1,0.199
96.28,1,0.238
96.29,1,0.270
96.30,1,0.295
96.31,1,0.296
96.32,1,0.312
96.33,1,0.434
96.34,1,0.623
96.35,1,0.827
96.36,1,1.031
96.37,1,1.086
96.38,1,1.164
96.39,1,1.199
96.40,1,1.181
96.41,1,1.192
96.42,0,
96.43,0,
96.44,0,
96.45,0,
96.46,0,
96.47,0,
96.48,0,
96.49,0,
96.50,0,
96.51,0,
96.52,0,
96.53,0,
96.54,0,
96.55,0,
96.56,0,
96.57,0,
96.58,0,
96.59,0,
96.60,0,
96.61,0,
96.62,0,
96.63,0,
96.64,0,
96.65,0,
96.66,0,
96.67,0,
96.68,0,
96.69,0,
96.70,0,
96.71,0,
96.72,0,
96.73,0,
96.74,0,
96.75,0,
96.76,0,
96.77,0,
96.78,0,
96.79,0,
96.80,0,
96.81,0,
96.82,0,
96.83,0,
96.84,0,
96.85,0,
96.86,0,
96.87,0,
96.88,0,
96.89,0,
96.90,0,
96.91,0,
96.92,0,
96.93,0,
96.94,0,
96.95,0,
96.96,0,
96.97,0,
96.98,0,
96.99,0,
97.00,0,
97.01,0,
97.02,0,
97.03,0,
97.04,0,
97.05,0,
97.06,0,
97.07,0,
97.08,0,
97.09,0,
97.10,0,
97.11,0,
97.12,0,
97.13,0,
97.14,0,
97.15,0,
97.16,0,
97.17,0,
97.18,0,
97.19,0,
97.20,0,
97.21,0,
97.22,0,
97.23,1,0.500
97.24,1,0.602
97.25,1,0.715
97.26,1,0.796
97.27,1,0.816
97.28,1,0.690
97.29,1,0.557
97.30,1,0.451
97.31,1,0.357
97.32,1,0.312
97.33,1,0.329
97.34,1,0.334
97.35,1,0.393
97.36,1,0.473
97.37,1,0.534
97.38,1,0.119
97.39,1,0.135
97.40,1,0.144
97.41,1,0.124
97.42,1,0.124
97.43,1,0.125
97.44,1,0.119
97.45,1,0.126
97.46,1,0.144
97.47,1,0.173
97.48,1,0.204
97.49,1,0.243
97.50,1,0.268
97.51,1,0.274
97.52,1,0.269
97.53,1,0.240
97.54,1,0.223
97.55,1,0.209
97.56,1,0.197
97.57,1,0.190
97.58,1,0.185
97.59,1,0.168
97.60,1,0.162
97.61,1,0.167
97.62,1,0.179
97.63,1,0.208
97.64,1,0.211
97.65,1,0.243
97.66,1,0.266
97.67,1,0.280
97.68,1,0.297
97.69,1,0.307
97.70,1,0.302
97.71,1,0.279
97.72,1,0.268
97.73,1,0.294
97.74,1,0.323
97.75,1,0.336
97.76,1,0.351
97.77,1,0.343
97.78,1,0.322
97.79,1,0.303
97.80,1,0.288
97.81,1,0.277
97.82,1,0.261
97.83,1,0.240
97.84,1,0.226
97.85,1,0.223
97.86,1,0.227
97.87,1,0.243
97.88,1,0.256
97.89,1,0.260
97.90,1,0.253
97.91,1,0.248
97.92,1,0.240
97.93,1,0.236
97.94,1,0.261
97.95,1,0.281
97.96,1,0.295
97.97,1,0.313
97.98,1,0.247
97.99,1,0.162
98.00,1,0.149
98.01,1,0.157
98.02,1,0.195
98.03,1,0.218
98.04,1,0.243
98.05,1,0.292
98.06,1,0.293
98.07,1,0.279
98.08,1,0.281
98.09,1,0.281
98.10,1,0.290
98.11,1,0.328
98.12,1,0.386
98.13,1,0.417
98.14,1,0.312
98.15,1,0.232
98.16,1,0.199
98.17,1,0.189
98.18,1,0.185
98.19,1,0.180
98.20,1,0.182
98.21,1,0.179
98.22,1,0.175
98.23,1,0.184
98.24,1,0.200
98.25,1,0.212
98.26,1,0.222
98.27,1,0.226
98.28,1,0.222
98.29,1,0.222
98.30,1,0.220
98.31,1,0.219
98.32,1,0.223
98.33,1,0.220
98.34,1,0.205
98.35,1,0.208
98.36,1,0.214
98.37,1,0.228
98.38,1,0.247
98.39,1,0.269
98.40,1,0.278
98.41,1,0.269
98.42,1,0.287
98.43,1,0.269
98.44,1,0.252
98.45,1,0.251
98.46,1,0.264
98.47,1,0.254
98.48,1,0.264
98.49,1,0.239
98.50,1,0.223
98.51,1,0.202
98.52,1,0.174
98.53,1,0.173
98.54,1,0.165
98.55,1,0.155
98.56,1,0.157
98.57,1,0.164
98.58,1,0.157
98.59,1,0.152
98.60,1,0.137
98.61,1,0.126
98.62,1,0.116
98.63,1,0.113
98.64,1,0.131
98.65,1,0.138
98.66,1,0.148
98.67,1,0.151
98.68,1,0.166
98.69,1,0.170
98.70,1,0.154
98.71,1,0.152
98.72,1,0.176
98.73,1,0.181
98.74,1,0.192
98.75,1,0.207
98.76,1,0.209
98.77,1,0.197
98.78,1,0.196
98.79,1,0.203
98.80,1,0.199
98.81,1,0.196
98.82,1,0.202
98.83,1,0.197
98.84,1,0.199
98.85,1,0.233
98.86,1,0.264
98.87,1,0.310
98.88,1,0.531
98.89,1,0.942
98.90,1,0.823
98.91,1,0.764
98.92,1,0.522
98.93,1,0.290
98.94,1,0.119
98.95,1,0.110
98.96,1,0.135
98.97,1,0.149
98.98,1,0.159
98.99,1,0.192
99.00,1,0.219
99.01,1,0.232
99.02,1,0.234
99.03,1,0.240
99.04,1,0.234
99.05,1,0.226
99.06,1,0.217
99.07,1,0.210
99.08,1,0.202
99.09,1,0.199
99.10,1,0.206
99.11,1,0.212
99.12,1,0.225
99.13,1,0.252
99.14,1,0.293
99.15,1,0.359
99.16,1,0.628
99.17,1,0.906
99.18,1,0.826
99.19,1,0.441
99.20,1,0.191
99.21,1,0.187
99.22,1,0.159
99.23,1,0.192
99.24,1,0.195
99.25,1,0.192
99.26,1,0.202
99.27,1,0.217
99.28,1,0.204
99.29,1,0.247
99.30,1,0.304
99.31,1,0.211
99.32,1,0.190
99.33,1,0.188
99.34,1,0.192
99.35,1,0.197
99.36,1,0.211
99.37,1,0.229
99.38,1,0.234
99.39,1,0.238
99.40,1,0.212
99.41,1,0.199
99.42,1,0.191
99.43,1,0.186
99.44,1,0.179
99.45,1,0.192
99.46,1,0.190
99.47,1,0.174
99.48,1,0.167
99.49,1,0.160
99.50,1,0.167
99.51,1,0.166
99.52,1,0.196
99.53,1,0.291
99.54,1,0.519
99.55,1,0.977
99.56,1,1.250
99.57,1,1.279
99.58,1,1.261
99.59,1,1.106
99.60,1,0.815
99.61,1,0.258
99.62,1,0.144
99.63,1,0.143
99.64,1,0.162
99.65,1,0.169
99.66,1,0.188
99.67,1,0.234
99.68,1,0.271
99.69,1,0.327
99.70,1,0.404
99.71,1,0.532
99.72,1,0.768
99.73,1,1.033
99.74,1,1.210
99.75,1,1.044
99.76,1,0.548
99.77,1,0.227
99.78,1,0.171
99.79,1,0.155
99.80,1,0.147
99.81,1,0.151
99.82,1,0.148
99.83,1,0.146
99.84,1,0.158
99.85,1,0.185
99.86,1,0.220
99.87,1,0.273
99.88,1,0.298
99.89,1,0.315
99.90,1,0.325
99.91,1,0.297
99.92,1,0.261
99.93,1,0.249
99.94,1,0.233
99.95,1,0.235
99.96,1,0.274
99.97,1,0.372
99.98,1,0.716
99.99,1,0.620
100.00,1,0.321
100.01,1,0.240
100.02,1,0.210
100.03,1,0.203
100.04,1,0.225
100.05,1,0.250
100.06,1,0.278
100.07,1,0.353
100.08,1,0.436
100.09,1,0.807
100.10,1,0.801
100.11,1,0.628
100.12,1,0.153
100.13,1,0.136
100.14,1,0.124
100.15,1,0.121
100.16,1,0.122
100.17,1,0.131
100.18,1,0.137
100.19,1,0.133
100.20,1,0.136
100.21,1,0.144
100.22,1,0.151
100.23,1,0.173
100.24,1,0.182
100.25,1,0.177
100.26,1,0.180
100.27,1,0.173
100.28,1,0.161
100.29,1,0.162
100.30,1,0.165
100.31,1,0.160
100.32,1,0.160
100.33,1,0.173
100.34,1,0.166
100.35,1,0.140
100.36,1,0.115
100.37,1,0.094
100.38,1,0.089
100.39,1,0.087
100.40,1,0.092
100.41,1,0.103
100.42,1,0.103
100.43,1,0.092
100.44,1,0.110
100.45,1,0.125
100.46,1,0.149
100.47,1,0.192
100.48,1,0.209
100.49,1,0.224
100.50,1,0.217
100.51,1,0.193
100.52,1,0.181
100.53,1,0.182
100.54,1,0.183
100.55,1,0.190
100.56,1,0.196
100.57,1,0.188
100.58,1,0.188
100.59,1,0.189
100.60,1,0.188
100.61,1,0.206
100.62,1,0.210
100.63,1,0.203
100.64,1,0.213
100.65,1,0.218
100.66,1,0.224
100.67,1,0.241
100.68,1,0.264
100.69,1,0.297
100.70,1,0.388
100.71,1,0.538
100.72,1,0.643
100.73,1,0.895
100.74,1,1.015
100.75,1,1.046
100.76,1,1.074
100.77,1,1.117
100.78,1,1.085
100.79,1,1.173
100.80,1,1.240
100.81,1,1.230
100.82,1,1.180
100.83,1,1.076
100.84,1,1.026
100.85,1,0.958
100.86,1,1.003
100.87,1,1.262
100.88,1,1.457
100.89,1,1.602
100.90,1,1.702
100.91,1,1.175
100.92,1,0.723
100.93,1,0.463
100.94,1,0.129
100.95,1,0.110
100.96,1,0.133
100.97,1,0.141
100.98,1,0.132
100.99,1,0.133
101.00,1,0.124
101.01,1,0.101
101.02,1,0.093
101.03,1,0.103
101.04,1,0.111
101.05,1,0.115
101.06,1,0.118
101.07,1,0.116
101.08,1,0.116
101.09,1,0.117
101.10,1,0.109
101.11,1,0.100
101.12,1,0.079
101.13,1,0.066
101.14,1,0.059
101.15,1,0.056
101.16,1,0.054
101.17,1,0.050
101.18,1,0.051
101.19,1,0.052
101.20,1,0.053
101.21,1,0.055
101.22,1,0.060
101.23,1,0.080
101.24,1,0.085
101.25,1,0.065
101.26,1,0.047
101.27,1,0.036
101.28,1,0.028
101.29,1,0.026
101.30,1,0.027
101.31,1,0.029
101.32,1,0.033
101.33,1,0.039
101.34,1,0.047
101.35,1,0.054
101.36,1,0.057
101.37,1,0.059
101.38,1,0.054
101.39,1,0.049
101.40,1,0.044
101.41,1,0.040
101.42,1,0.042
101.43,1,0.043
101.44,1,0.044
101.45,1,0.050
101.46,1,0.050
101.47,1,0.056
101.48,1,0.060
101.49,1,0.065
101.50,1,0.071
101.51,1,0.079
101.52,1,0.080
101.53,1,0.084
101.54,1,0.084
101.55,1,0.085
101.56,1,0.089
101.57,1,0.104
101.58,1,0.117
101.59,1,0.122
101.60,1,0.129
101.61,1,0.121
101.62,1,0.115
101.63,1,0.108
101.64,1,0.101
101.65,1,0.093
101.66,1,0.101
101.67,1,0.090
101.68,1,0.088
101.69,1,0.100
101.70,1,0.115
101.71,1,0.147
101.72,1,0.224
101.73,1,0.428
101.74,1,0.700
101.75,1,1.011
101.76,1,0.860
101.77,1,0.720
101.78,1,0.727
101.79,1,0.772
101.80,1,0.806
101.81,1,0.978
101.82,1,1.130
101.83,1,1.117
101.84,1,0.963
101.85,1,0.846
101.86,1,0.993
101.87,1,1.295
101.88,1,1.562
101.89,1,1.808
101.90,1,1.959
101.91,1,2.028
101.92,1,1.675
101.93,1,1.310
101.94,1,1.171
101.95,1,1.409
101.96,1,1.812
101.97,1,1.571
101.98,1,1.118
101.99,1,0.680
102.00,1,0.188
102.01,1,0.121
102.02,1,0.145
102.03,1,0.129
102.04,1,0.118
102.05,1,0.123
102.06,1,0.127
102.07,1,0.153
102.08,1,0.180
102.09,1,0.213
102.10,1,0.222
102.11,1,0.236
102.12,1,0.222
102.13,1,0.209
102.14,1,0.163
102.15,1,0.126
102.16,1,0.120
102.17,1,0.109
102.18,1,0.094
102.19,1,0.094
102.20,1,0.093
102.21,1,0.076
102.22,1,0.071
102.23,1,0.075
102.24,1,0.073
102.25,1,0.078
102.26,1,0.079
102.27,1,0.077
102.28,1,0.070
102.29,1,0.068
102.30,1,0.075
102.31,1,0.100
102.32,1,0.139
102.33,1,0.158
102.34,1,0.127
102.35,1,0.071
102.36,1,0.051
102.37,1,0.064
102.38,1,0.086
102.39,1,0.104
102.40,1,0.116
102.41,1,0.122
102.42,1,0.116
102.43,1,0.102
102.44,1,0.083
102.45,1,0.066
102.46,1,0.054
102.47,1,0.045
102.48,1,0.038
102.49,1,0.032
102.50,1,0.027
102.51,1,0.026
102.52,1,0.026
102.53,1,0.025
102.54,1,0.027
102.55,1,0.031
102.56,1,0.044
102.57,1,0.055
102.58,1,0.068
102.59,1,0.077
102.60,1,0.080
102.61,1,0.073
102.62,1,0.065
102.63,1,0.059
102.64,1,0.053
102.65,1,0.056
102.66,1,0.075
102.67,1,0.110
102.68,1,0.139
102.69,1,0.166
102.70,1,0.169
102.71,1,0.158
102.72,1,0.142
102.73,1,0.131
102.74,1,0.131
102.75,1,0.142
102.76,1,0.156
102.77,1,0.174
102.78,1,0.191
102.79,1,0.245
102.80,1,0.403
102.81,1,0.814
102.82,1,1.212
102.83,1,1.385
102.84,1,1.346
102.85,1,1.310
102.86,1,1.222
102.87,1,0.986
102.88,1,0.953
102.89,1,0.914
102.90,1,0.833
102.91,1,0.607
102.92,1,0.490
102.93,1,0.418
102.94,0,
102.95,0,
102.96,0,
102.97,0,
102.98,0,
102.99,0,
103.00,0,
103.01,1,0.518
103.02,1,0.627
103.03,1,0.731
103.04,1,0.658
103.05,1,0.864
103.06,1,1.014
103.07,1,0.735
103.08,1,0.569
103.09,1,0.455
103.10,1,0.150
103.11,1,0.092
103.12,1,0.089
103.13,1,0.093
103.14,1,0.097
103.15,1,0.062
103.16,1,0.055
103.17,1,0.051
103.18,1,0.063
103.19,1,0.076
103.20,1,0.106
103.21,1,0.135
103.22,1,0.155
103.23,1,0.167
103.24,1,0.171
103.25,1,0.161
103.26,1,0.151
103.27,1,0.133
103.28,1,0.117
103.29,1,0.109
103.30,1,0.101
103.31,1,0.096
103.32,1,0.092
103.33,1,0.082
103.34,1,0.075
103.35,1,0.066
103.36,1,0.068
103.37,1,0.068
103.38,1,0.069
103.39,1,0.067
103.40,1,0.067
103.41,1,0.058
103.42,1,0.060
103.43,1,0.062
103.44,1,0.063
103.45,1,0.073
103.46,1,0.092
103.47,1,0.111
103.48,1,0.128
103.49,1,0.148
103.50,1,0.158
103.51,1,0.171
103.52,1,0.181
103.53,1,0.187
103.54,1,0.213
103.55,1,0.220
103.56,1,0.228
103.57,1,0.204
103.58,1,0.183
103.59,1,0.165
103.60,1,0.139
103.61,1,0.114
103.62,1,0.088
103.63,1,0.081
103.64,1,0.076
103.65,1,0.080
103.66,1,0.099
103.67,1,0.134
103.68,1,0.261
103.69,1,0.285
103.70,1,0.209
103.71,1,0.163
103.72,1,0.175
103.73,1,0.203
103.74,1,0.187
103.75,1,0.216
103.76,1,0.232
103.77,1,0.240
103.78,1,0.261
103.79,1,0.297
103.80,1,0.315
103.81,1,0.317
103.82,1,0.316
103.83,1,0.291
103.84,1,0.271
103.85,1,0.262
103.86,1,0.275
103.87,1,0.281
103.88,1,0.284
103.89,1,0.265
103.90,1,0.237
103.91,1,0.189
103.92,1,0.171
103.93,1,0.164
103.94,1,0.182
103.95,1,0.209
103.96,1,0.216
103.97,1,0.206
103.98,1,0.181
103.99,1,0.141
104.00,1,0.116
104.01,1,0.109
104.02,1,0.113
104.03,1,0.108
104.04,1,0.120
104.05,1,0.132
104.06,1,0.131
104.07,1,0.137
104.08,1,0.145
104.09,1,0.154
104.10,1,0.200
104.11,1,0.220
104.12,1,0.187
104.13,1,0.178
104.14,1,0.198
104.15,1,0.189
104.16,1,0.195
104.17,1,0.228
104.18,1,0.240
104.19,1,0.208
104.20,1,0.212
104.21,1,0.217
104.22,1,0.231
104.23,1,0.254
104.24,1,0.263
104.25,1,0.269
104.26,1,0.271
104.27,1,0.257
104.28,1,0.223
104.29,1,0.239
104.30,1,0.236
104.31,1,0.263
104.32,1,0.314
104.33,1,0.354
104.34,1,0.376
104.35,1,0.389
104.36,1,0.405
104.37,1,0.387
104.38,1,0.352
104.39,1,0.275
104.40,1,0.196
104.41,1,0.163
104.42,1,0.150
104.43,1,0.153
104.44,1,0.166
104.45,1,0.179
104.46,1,0.180
104.47,1,0.202
104.48,1,0.192
104.49,1,0.172
104.50,1,0.159
104.51,1,0.134
104.52,1,0.111
104.53,1,0.114
104.54,1,0.120
104.55,1,0.127
104.56,1,0.137
104.57,1,0.149
104.58,1,0.160
104.59,1,0.169
104.60,1,0.176
104.61,1,0.183
104.62,1,0.162
104.63,1,0.169
104.64,1,0.191
104.65,1,0.196
104.66,1,0.220
104.67,1,0.234
104.68,1,0.271
104.69,1,0.278
104.70,1,0.273
104.71,1,0.264
104.72,1,0.247
104.73,1,0.221
104.74,1,0.244
104.75,1,0.279
104.76,1,0.308
104.77,1,0.351
104.78,1,0.350
104.79,1,0.298
104.80,1,0.284
104.81,1,0.274
104.82,1,0.265
104.83,1,0.265
104.84,1,0.279
104.85,1,0.301
104.86,1,0.355
104.87,1,0.419
104.88,1,0.471
104.89,1,0.493
104.90,1,0.493
104.91,1,0.457
104.92,1,0.409
104.93,1,0.350
104.94,1,0.286
104.95,1,0.255
104.96,1,0.289
104.97,1,0.343
104.98,1,0.390
104.99,1,0.436
105.00,1,0.458
105.01,1,0.451
105.02,1,0.454
105.03,1,0.447
105.04,1,0.434
105.05,1,0.417
105.06,1,0.381
105.07,1,0.355
105.08,1,0.392
105.09,1,0.404
105.10,1,0.466
105.11,1,0.644
105.12,1,0.688
105.13,1,0.598
105.14,1,0.559
105.15,1,0.633
105.16,1,0.825
105.17,1,1.018
105.18,1,1.090
105.19,1,1.020
105.20,1,0.959
105.21,1,0.909
105.22,1,0.844
105.23,1,1.201
105.24,1,1.586
105.25,1,1.866
105.26,1,2.026
105.27,1,1.929
105.28,1,1.541
105.29,1,1.381
105.30,1,1.437
105.31,1,1.267
105.32,1,0.971
105.33,1,0.651
105.34,1,0.561
105.35,1,0.502
105.36,1,0.599
105.37,1,0.629
105.38,1,0.660
105.39,1,0.710
105.40,1,0.767
105.41,1,0.745
105.42,1,0.730
105.43,1,0.718
105.44,1,0.622
105.45,1,0.617
105.46,1,0.601
105.47,1,0.578
105.48,1,0.615
105.49,1,0.632
105.50,1,0.643
105.51,1,0.680
105.52,1,0.814
105.53,1,0.942
105.54,1,0.966
105.55,1,1.034
105.56,1,1.034
105.57,1,0.928
105.58,1,0.968
105.59,1,1.145
105.60,1,0.966
105.61,1,0.804
105.62,1,0.603
105.63,1,0.555
105.64,1,0.539
105.65,1,0.565
105.66,1,0.585
105.67,1,0.600
105.68,1,0.618
105.69,1,0.621
105.70,1,0.584
105.71,1,0.540
105.72,1,0.534
105.73,1,0.544
105.74,1,0.558
105.75,1,0.575
105.76,1,0.632
105.77,1,0.701
105.78,1,0.734
105.79,1,0.755
105.80,1,0.756
105.81,1,0.711
105.82,1,0.632
105.83,1,0.605
105.84,1,0.593
105.85,1,0.596
105.86,1,0.740
105.87,1,0.840
105.88,1,0.841
105.89,1,0.527
105.90,1,0.505
105.91,1,0.546
105.92,1,0.563
105.93,1,0.596
105.94,1,0.701
105.95,1,0.678
105.96,1,0.658
105.97,1,0.675
105.98,1,0.634
105.99,1,0.627
106.00,1,0.693
106.01,1,0.718
106.02,1,0.649
106.03,1,0.649
106.04,1,0.621
106.05,1,0.553
106.06,1,0.582
106.07,1,0.610
106.08,1,0.622
106.09,1,0.664
106.10,1,0.652
106.11,1,0.609
106.12,1,0.580
106.13,1,0.622
106.14,1,0.684
106.15,1,0.783
106.16,1,0.920
106.17,1,1.165
106.18,1,1.121
106.19,1,1.121
106.20,1,0.984
106.21,1,0.972
106.22,1,1.058
106.23,1,0.981
106.24,1,0.959
106.25,1,1.041
106.26,1,0.962
106.27,1,0.900
106.28,1,0.867
106.29,1,0.741
106.30,1,0.708
106.31,1,0.702
106.32,1,0.664
106.33,1,0.686
106.34,1,0.699
106.35,1,0.689
106.36,1,0.663
106.37,1,0.646
106.38,1,0.671
106.39,1,0.692
106.40,1,0.710
106.41,1,0.744
106.42,1,0.781
106.43,1,0.587
106.44,1,0.618
106.45,1,0.662
106.46,1,0.726
106.47,1,0.721
106.48,1,0.743
106.49,1,0.754
106.50,1,0.740
106.51,1,0.704
106.52,1,0.714
106.53,1,0.707
106.54,1,0.663
106.55,1,0.685
106.56,1,0.695
106.57,1,0.789
106.58,1,0.976
106.59,1,1.156
106.60,1,1.205
106.61,1,1.481
106.62,1,1.518
106.63,1,1.228
106.64,1,1.310
106.65,1,1.651
106.66,1,1.461
106.67,1,1.399
106.68,1,1.056
106.69,1,0.798
106.70,1,0.813
106.71,1,0.902
106.72,1,0.914
106.73,1,0.963
106.74,1,0.979
106.75,1,0.914
106.76,1,0.830
106.77,1,0.735
106.78,1,0.651
106.79,1,0.612
106.80,1,0.641
106.81,1,0.690
106.82,1,0.729
106.83,1,0.747
106.84,1,0.744
106.85,1,0.711
106.86,1,0.694
106.87,1,0.723
106.88,1,0.745
106.89,1,0.782
106.90,1,0.859
106.91,1,0.935
106.92,1,0.997
106.93,1,1.163
106.94,1,1.227
106.95,1,0.993
106.96,1,0.585
106.97,1,0.401
106.98,1,0.371
106.99,1,0.433
107.00,1,0.497
107.01,1,0.557
107.02,1,0.644
107.03,1,0.694
107.04,1,0.637
107.05,1,0.653
107.06,1,0.654
107.07,1,0.652
107.08,1,0.660
107.09,1,0.664
107.10,1,0.651
107.11,1,0.688
107.12,1,0.742
107.13,1,0.810
107.14,1,0.846
107.15,1,0.858
107.16,1,0.875
107.17,1,0.849
107.18,1,0.790
107.19,1,0.718
107.20,1,0.723
107.21,1,0.681
107.22,1,0.716
107.23,1,0.743
107.24,1,0.655
107.25,1,0.514
107.26,1,0.407
107.27,1,0.296
107.28,1,0.266
107.29,1,0.248
107.30,1,0.262
107.31,1,0.269
107.32,1,0.274
107.33,1,0.272
107.34,1,0.255
107.35,1,0.239
107.36,1,0.222
107.37,1,0.215
107.38,1,0.201
107.39,1,0.200
107.40,1,0.200
107.41,1,0.214
107.42,1,0.230
107.43,1,0.250
107.44,1,0.288
107.45,1,0.344
107.46,1,0.410
107.47,1,0.564
107.48,1,1.061
107.49,1,1.012
107.50,1,0.873
107.51,1,0.625
107.52,1,0.411
107.53,1,0.204
107.54,1,0.154
107.55,1,0.147
107.56,1,0.151
107.57,1,0.166
107.58,1,0.177
107.59,1,0.180
107.60,1,0.178
107.61,1,0.171
107.62,1,0.159
107.63,1,0.156
107.64,1,0.157
107.65,1,0.176
107.66,1,0.189
107.67,1,0.202
107.68,1,0.222
107.69,1,0.244
107.70,1,0.180
107.71,1,0.173
107.72,1,0.175
107.73,1,0.168
107.74,1,0.151
107.75,1,0.142
107.76,1,0.128
107.77,1,0.121
107.78,1,0.126
107.79,1,0.141
107.80,1,0.172
107.81,1,0.199
107.82,1,0.203
107.83,1,0.214
107.84,1,0.215
107.85,1,0.202
107.86,1,0.197
107.87,1,0.194
107.88,1,0.193
107.89,1,0.203
107.90,1,0.225
107.91,1,0.250
107.92,1,0.298
107.93,1,0.371
107.94,1,0.425
107.95,1,0.444
107.96,1,0.502
107.97,1,0.588
107.98,1,0.662
107.99,1,0.681
108.00,1,0.744
108.01,1,0.850
108.02,1,0.886
108.03,1,0.501
108.04,1,0.369
108.05,1,0.242
108.06,1,0.150
108.07,1,0.127
108.08,1,0.124
108.09,1,0.130
108.10,1,0.136
108.11,1,0.148
108.12,1,0.159
108.13,1,0.171
108.14,1,0.181
108.15,1,0.190
108.16,1,0.193
108.17,1,0.182
108.18,1,0.168
108.19,1,0.158
108.20,1,0.155
108.21,1,0.142
108.22,1,0.149
108.23,1,0.144
108.24,1,0.135
108.25,1,0.132
108.26,1,0.134
108.27,1,0.139
108.28,1,0.153
108.29,1,0.175
108.30,1,0.195
108.31,1,0.208
108.32,1,0.220
108.33,1,0.196
108.34,1,0.148
108.35,1,0.130
108.36,1,0.115
108.37,1,0.106
108.38,1,0.118
108.39,1,0.132
108.40,1,0.131
108.41,1,0.138
108.42,1,0.150
108.43,1,0.157
108.44,1,0.177
108.45,1,0.219
108.46,1,0.262
108.47,1,0.364
108.48,1,0.373
108.49,1,0.212
108.50,1,0.176
108.51,1,0.170
108.52,1,0.151
108.53,1,0.146
108.54,1,0.149
108.55,1,0.146
108.56,1,0.145
108.57,1,0.155
108.58,1,0.161
108.59,1,0.155
108.60,1,0.157
108.61,1,0.152
108.62,1,0.141
108.63,1,0.151
108.64,1,0.158
108.65,1,0.178
108.66,1,0.196
108.67,1,0.179
108.68,1,0.197
108.69,1,0.201
108.70,1,0.203
108.71,1,0.214
108.72,1,0.233
108.73,1,0.245
108.74,1,0.273
108.75,1,0.244
108.76,1,0.215
108.77,1,0.152
108.78,1,0.120
108.79,1,0.104
108.80,1,0.100
108.81,1,0.105
108.82,1,0.139
108.83,1,0.182
108.84,1,0.195
108.85,1,0.226
108.86,1,0.269
108.87,1,0.248
108.88,1,0.229
108.89,1,0.247
108.90,1,0.228
108.91,1,0.172
108.92,1,0.137
108.93,1,0.114
108.94,1,0.095
108.95,1,0.093
108.96,1,0.106
108.97,1,0.111
108.98,1,0.121
108.99,1,0.125
109.00,1,0.122
109.01,1,0.128
109.02,1,0.152
109.03,1,0.167
109.04,1,0.197
109.05,1,0.253
109.06,1,0.301
109.07,1,0.347
109.08,1,0.407
109.09,1,0.414
109.10,1,0.428
109.11,1,0.484
109.12,1,0.488
109.13,1,0.432
109.14,1,0.435
109.15,1,0.268
109.16,1,0.158
109.17,1,0.123
109.18,1,0.112
109.19,1,0.099
109.20,1,0.093
109.21,1,0.094
109.22,1,0.096
109.23,1,0.096
109.24,1,0.106
109.25,1,0.110
109.26,1,0.116
109.27,1,0.127
109.28,1,0.133
109.29,1,0.146
109.30,1,0.157
109.31,1,0.153
109.32,1,0.147
109.33,1,0.144
109.34,1,0.141
109.35,1,0.142
109.36,1,0.150
109.37,1,0.149
109.38,1,0.149
109.39,1,0.145
109.40,1,0.142
109.41,1,0.143
109.42,1,0.135
109.43,1,0.124
109.44,1,0.117
109.45,1,0.116
109.46,1,0.123
109.47,1,0.135
109.48,1,0.150
109.49,1,0.162
109.50,1,0.170
109.51,1,0.174
109.52,1,0.176
109.53,1,0.180
109.54,1,0.177
109.55,1,0.176
109.56,1,0.179
109.57,1,0.177
109.58,1,0.172
109.59,1,0.180
109.60,1,0.190
109.61,1,0.197
109.62,1,0.209
109.63,1,0.224
109.64,1,0.232
109.65,1,0.243
109.66,1,0.250
109.67,1,0.248
109.68,1,0.309
109.69,1,0.380
109.70,1,0.416
109.71,1,0.470
109.72,1,0.543
109.73,1,0.509
109.74,1,0.487
109.75,1,0.548
109.76,1,0.529
109.77,1,0.505
109.78,1,0.563
109.79,1,0.644
109.80,1,0.788
109.81,1,0.913
109.82,1,0.970
109.83,1,1.024
109.84,1,1.042
109.85,1,0.937
109.86,1,0.931
109.87,1,1.162
109.88,1,1.337
109.89,1,1.554
109.90,1,1.992
109.91,1,1.797
109.92,1,1.603
109.93,1,1.176
109.94,1,0.954
109.95,1,0.684
109.96,1,0.657
109.97,1,0.563
109.98,1,0.530
109.99,1,0.540
110.00,1,0.526
110.01,1,0.510
110.02,1,0.520
110.03,1,0.507
110.04,1,0.511
110.05,1,0.518
110.06,1,0.537
110.07,1,0.553
110.08,1,0.583
110.09,1,0.638
110.10,1,0.738
110.11,1,0.853
110.12,1,0.979
110.13,1,1.079
110.14,1,1.131
110.15,1,1.096
110.16,1,0.997
110.17,1,0.856
110.18,1,0.725
110.19,1,0.697
110.20,1,0.707
110.21,1,0.796
110.22,1,0.926
110.23,1,1.045
110.24,1,0.987
110.25,1,0.735
110.26,1,0.646
110.27,1,0.603
110.28,1,0.606
110.29,1,0.619
110.30,1,0.686
110.31,1,0.717
110.32,1,0.729
110.33,1,0.647
110.34,1,0.592
110.35,1,0.567
110.36,1,0.508
110.37,1,0.448
110.38,1,0.486
110.39,1,0.571
110.40,1,0.680
110.41,1,0.828
110.42,1,0.936
110.43,1,0.900
110.44,1,0.806
110.45,1,0.688
110.46,1,0.551
110.47,1,0.465
110.48,1,0.444
110.49,1,0.415
110.50,1,0.435
110.51,1,0.463
110.52,1,0.497
110.53,1,0.573
110.54,1,0.709
110.55,1,0.803
110.56,1,0.944
110.57,1,0.985
110.58,1,0.979
110.59,1,0.956
110.60,1,0.895
110.61,1,0.872
110.62,1,0.868
110.63,1,0.958
110.64,1,1.023
110.65,1,1.087
110.66,1,1.156
110.67,1,1.094
110.68,1,1.059
110.69,1,1.016
110.70,1,0.974
110.71,1,0.958
110.72,1,1.078
110.73,1,1.333
110.74,1,1.751
110.75,1,1.918
110.76,1,1.357
110.77,1,0.918
110.78,1,0.558
110.79,1,0.578
110.80,1,0.595
110.81,1,0.615
110.82,1,0.560
110.83,1,0.593
110.84,1,0.656
110.85,1,0.706
110.86,1,0.854
110.87,1,0.963
110.88,1,1.005
110.89,1,1.048
110.90,1,0.911
110.91,1,0.827
110.92,1,0.766
110.93,1,0.598
110.94,1,0.532
110.95,1,0.484
110.96,1,0.434
110.97,1,0.451
110.98,1,0.485
110.99,1,0.500
111.00,1,0.601
111.01,1,0.772
111.02,1,1.367
111.03,1,1.577
111.04,1,1.225
111.05,1,0.645
111.06,1,0.566
111.07,1,0.534
111.08,1,0.542
111.09,1,0.578
111.10,1,0.600
111.11,1,0.625
111.12,1,0.595
111.13,1,0.578
111.14,1,0.580
111.15,1,0.552
111.16,1,0.515
111.17,1,0.515
111.18,1,0.479
111.19,1,0.492
111.20,1,0.548
111.21,1,0.586
111.22,1,0.634
111.23,1,0.662
111.24,1,0.667
111.25,1,0.643
111.26,1,0.604
111.27,1,0.570
111.28,1,0.558
111.29,1,0.600
111.30,1,0.684
111.31,1,0.764
111.32,1,0.744
111.33,1,0.680
111.34,1,0.627
111.35,1,0.606
111.36,1,0.634
111.37,1,0.634
111.38,1,0.582
111.39,1,0.568
111.40,1,0.549
111.41,1,0.537
111.42,1,0.582
111.43,1,0.688
111.44,1,0.767
111.45,1,0.794
111.46,1,0.763
111.47,1,0.693
111.48,1,0.605
111.49,1,0.580
111.50,1,0.602
111.51,1,0.655
111.52,1,0.789
111.53,1,0.891
111.54,1,0.925
111.55,1,0.979
111.56,1,0.925
111.57,1,0.773
111.58,1,0.699
111.59,1,0.542
111.60,1,0.474
111.61,1,0.442
111.62,1,0.334
111.63,1,0.259
111.64,1,0.235
111.65,1,0.209
111.66,1,0.201
111.67,1,0.212
111.68,1,0.217
111.69,1,0.221
111.70,1,0.229
111.71,1,0.223
111.72,1,0.219
111.73,1,0.207
111.74,1,0.187
111.75,1,0.179
111.76,1,0.170
111.77,1,0.173
111.78,1,0.181
111.79,1,0.179
111.80,1,0.178
111.81,1,0.179
111.82,1,0.166
111.83,1,0.158
111.84,1,0.152
111.85,1,0.155
111.86,1,0.159
111.87,1,0.168
111.88,1,0.178
111.89,1,0.170
111.90,1,0.159
111.91,1,0.141
111.92,1,0.126
111.93,1,0.115
111.94,1,0.122
111.95,1,0.133
111.96,1,0.136
111.97,1,0.146
111.98,1,0.149
111.99,1,0.153
112.00,1,0.143
112.01,1,0.147
112.02,1,0.148
112.03,1,0.141
112.04,1,0.152
112.05,1,0.185
112.06,1,0.200
112.07,1,0.250
112.08,1,0.501
112.09,1,0.656
112.10,1,0.599
112.11,1,0.675
112.12,1,0.667
112.13,1,0.561
112.14,1,0.292
112.15,1,0.140
112.16,1,0.094
112.17,1,0.081
112.18,1,0.083
112.19,1,0.086
112.20,1,0.084
112.21,1,0.085
112.22,1,0.085
112.23,1,0.079
112.24,1,0.082
112.25,1,0.089
112.26,1,0.093
112.27,1,0.093
112.28,1,0.086
112.29,1,0.086
112.30,1,0.090
112.31,1,0.107
112.32,1,0.128
112.33,1,0.149
112.34,1,0.180
112.35,1,0.247
112.36,1,0.514
112.37,1,0.693
112.38,1,0.805
112.39,1,0.789
112.40,1,0.501
112.41,1,0.242
112.42,1,0.142
112.43,1,0.135
112.44,1,0.151
112.45,1,0.167
112.46,1,0.180
112.47,1,0.195
112.48,1,0.224
112.49,1,0.243
112.50,1,0.249
112.51,1,0.235
112.52,1,0.232
112.53,1,0.213
112.54,1,0.185
112.55,1,0.182
112.56,1,0.181
112.57,1,0.179
112.58,1,0.167
112.59,1,0.196
112.60,1,0.236
112.61,1,0.288
112.62,1,0.368
112.63,1,0.532
112.64,1,1.235
112.65,1,1.399
112.66,1,1.358
112.67,1,1.144
112.68,1,0.955
112.69,1,0.545
112.70,1,0.197
112.71,1,0.145
112.72,1,0.116
112.73,1,0.130
112.74,1,0.143
112.75,1,0.157
112.76,1,0.181
112.77,1,0.196
112.78,1,0.187
112.79,1,0.188
112.80,1,0.180
112.81,1,0.179
112.82,1,0.182
112.83,1,0.183
112.84,1,0.179
112.85,1,0.169
112.86,1,0.183
112.87,1,0.190
112.88,1,0.187
112.89,1,0.180
112.90,1,0.180
112.91,1,0.165
112.92,1,0.159
112.93,1,0.188
112.94,1,0.299
112.95,1,0.350
112.96,1,0.255
112.97,1,0.201
112.98,1,0.169
112.99,1,0.145
113.00,1,0.136
113.01,1,0.138
113.02,1,0.152
113.03,1,0.165
113.04,1,0.186
113.05,1,0.194
113.06,1,0.189
113.07,1,0.170
113.08,1,0.150
113.09,1,0.146
113.10,1,0.146
113.11,1,0.145
113.12,1,0.151
113.13,1,0.153
113.14,1,0.147
113.15,1,0.135
113.16,1,0.132
113.17,1,0.131
113.18,1,0.136
113.19,1,0.146
113.20,1,0.151
113.21,1,0.159
113.22,1,0.160
113.23,1,0.155
113.24,1,0.139
113.25,1,0.135
113.26,1,0.132
113.27,1,0.134
113.28,1,0.136
113.29,1,0.147
113.30,1,0.151
113.31,1,0.154
113.32,1,0.166
113.33,1,0.166
113.34,1,0.165
113.35,1,0.167
113.36,1,0.168
113.37,1,0.172
113.38,1,0.170
113.39,1,0.175
113.40,1,0.162
113.41,1,0.157
113.42,1,0.146
113.43,1,0.135
113.44,1,0.133
113.45,1,0.128
113.46,1,0.121
113.47,1,0.120
113.48,1,0.121
113.49,1,0.135
113.50,1,0.167
113.51,1,0.205
113.52,1,0.212
113.53,1,0.180
113.54,1,0.159
113.55,1,0.171
113.56,1,0.164
113.57,1,0.169
113.58,1,0.180
113.59,1,0.181
113.60,1,0.169
113.61,1,0.178
113.62,1,0.185
113.63,1,0.181
113.64,1,0.178
113.65,1,0.176
113.66,1,0.186
113.67,1,0.193
113.68,1,0.195
113.69,1,0.194
113.70,1,0.194
113.71,1,0.188
113.72,1,0.178
113.73,1,0.174
113.74,1,0.183
113.75,1,0.185
113.76,1,0.192
113.77,1,0.191
113.78,1,0.186
113.79,1,0.183
113.80,1,0.173
113.81,1,0.162
113.82,1,0.152
113.83,1,0.143
113.84,1,0.139
113.85,1,0.136
113.86,1,0.136
113.87,1,0.140
113.88,1,0.139
113.89,1,0.141
113.90,1,0.156
113.91,1,0.175
113.92,1,0.197
113.93,1,0.204
113.94,1,0.176
113.95,1,0.152
113.96,1,0.142
113.97,1,0.141
113.98,1,0.143
113.99,1,0.160
114.00,1,0.164
114.01,1,0.168
114.02,1,0.179
114.03,1,0.188
114.04,1,0.192
114.05,1,0.193
114.06,1,0.187
114.07,1,0.183
114.08,1,0.175
114.09,1,0.167
114.10,1,0.164
114.11,1,0.152
114.12,1,0.149
114.13,1,0.137
114.14,1,0.128
114.15,1,0.119
114.16,1,0.124
114.17,1,0.120
114.18,1,0.116
114.19,1,0.118
114.20,1,0.120
114.21,1,0.117
114.22,1,0.122
114.23,1,0.127
114.24,1,0.133
114.25,1,0.139
114.26,1,0.148
114.27,1,0.164
114.28,1,0.172
114.29,1,0.176
114.30,1,0.177
114.31,1,0.179
114.32,1,0.173
114.33,1,0.165
114.34,1,0.148
114.35,1,0.126
114.36,1,0.118
114.37,1,0.110
114.38,1,0.117
114.39,1,0.130
114.40,1,0.142
114.41,1,0.145
114.42,1,0.153
114.43,1,0.156
114.44,1,0.159
114.45,1,0.165
114.46,1,0.174
114.47,1,0.189
114.48,1,0.197
114.49,1,0.214
114.50,1,0.239
114.51,1,0.261
114.52,1,0.327
114.53,1,0.529
114.54,1,0.879
114.55,1,1.056
114.56,1,1.030
114.57,1,1.052
114.58,1,0.900
114.59,1,0.840
114.60,1,0.576
114.61,1,0.322
114.62,1,0.217
114.63,1,0.175
114.64,1,0.150
114.65,1,0.135
114.66,1,0.124
114.67,1,0.144
114.68,1,0.170
114.69,1,0.189
114.70,1,0.205
114.71,1,0.203
114.72,1,0.201
114.73,1,0.181
114.74,1,0.159
114.75,1,0.148
114.76,1,0.130
114.77,1,0.120
114.78,1,0.118
114.79,1,0.127
114.80,1,0.144
114.81,1,0.161
114.82,1,0.176
114.83,1,0.175
114.84,1,0.173
114.85,1,0.158
114.86,1,0.146
114.87,1,0.137
114.88,1,0.136
114.89,1,0.138
114.90,1,0.143
114.91,1,0.145
114.92,1,0.144
114.93,1,0.139
114.94,1,0.131
114.95,1,0.130
114.96,1,0.140
114.97,1,0.148
114.98,1,0.152
114.99,1,0.159
115.00,1,0.167
115.01,1,0.171
115.02,1,0.177
115.03,1,0.176
115.04,1,0.171
115.05,1,0.166
115.06,1,0.164
115.07,1,0.168
115.08,1,0.183
115.09,1,0.194
115.10,1,0.206
115.11,1,0.212
115.12,1,0.212
115.13,1,0.219
115.14,1,0.225
115.15,1,0.223
115.16,1,0.238
115.17,1,0.269
115.18,1,0.265
115.19,1,0.264
115.20,1,0.313
115.21,1,0.403
115.22,1,0.419
115.23,1,0.533
115.24,1,0.622
115.25,1,0.639
115.26,1,0.516
115.27,1,0.531
115.28,1,0.544
115.29,1,0.556
115.30,1,0.558
115.31,1,0.600
115.32,1,0.607
115.33,1,0.654
115.34,1,0.645
115.35,1,0.616
115.36,1,0.502
115.37,1,0.320
115.38,1,0.266
115.39,1,0.238
115.40,1,0.197
115.41,1,0.181
115.42,1,0.176
115.43,1,0.171
115.44,1,0.197
115.45,1,0.268
115.46,1,0.292
115.47,1,0.308
115.48,1,0.308
115.49,1,0.321
115.50,1,0.319
115.51,1,0.357
115.52,1,0.368
115.53,1,0.431
115.54,1,0.448
115.55,1,0.481
115.56,1,0.460
115.57,1,0.437
115.58,1,0.398
115.59,1,0.414
115.60,1,0.318
115.61,1,0.223
115.62,1,0.204
115.63,1,0.223
115.64,1,0.196
115.65,1,0.182
115.66,1,0.173
115.67,1,0.168
115.68,1,0.159
115.69,1,0.150
115.70,1,0.138
115.71,1,0.122
115.72,1,0.112
115.73,1,0.122
115.74,1,0.137
115.75,1,0.170
115.76,1,0.201
115.77,1,0.280
115.78,1,0.301
115.79,1,0.338
115.80,1,0.319
115.81,1,0.294
115.82,1,0.217
115.83,1,0.195
115.84,1,0.180
115.85,1,0.163
115.86,1,0.159
115.87,1,0.146
115.88,1,0.129
115.89,1,0.115
115.90,1,0.127
115.91,1,0.124
115.92,1,0.134
115.93,1,0.133
115.94,1,0.136
115.95,1,0.128
115.96,1,0.143
115.97,1,0.134
115.98,1,0.147
115.99,1,0.145
116.00,1,0.153
116.01,1,0.151
116.02,1,0.157
116.03,1,0.161
116.04,1,0.177
116.05,1,0.189
116.06,1,0.193
116.07,1,0.204
116.08,1,0.198
116.09,1,0.197
116.10,1,0.201
116.11,1,0.225
116.12,1,0.257
116.13,1,0.324
116.14,1,0.407
116.15,1,0.621
116.16,1,0.810
116.17,1,0.830
116.18,1,0.610
116.19,1,0.383
116.20,1,0.257
116.21,1,0.232
116.22,1,0.239
116.23,1,0.237
116.24,1,0.230
116.25,1,0.246
116.26,1,0.208
116.27,1,0.164
116.28,1,0.141
116.29,1,0.147
116.30,1,0.149
116.31,1,0.138
116.32,1,0.155
116.33,1,0.166
116.34,1,0.153
116.35,1,0.160
116.36,1,0.162
116.37,1,0.131
116.38,1,0.132
116.39,1,0.128
116.40,1,0.115
116.41,1,0.112
116.42,1,0.104
116.43,1,0.091
116.44,1,0.103
116.45,1,0.104
116.46,1,0.115
116.47,1,0.123
116.48,1,0.115
116.49,1,0.108
116.50,1,0.097
116.51,1,0.095
116.52,1,0.111
116.53,1,0.135
116.54,1,0.171
116.55,1,0.195
116.56,1,0.195
116.57,1,0.178
116.58,1,0.149
116.59,1,0.140
116.60,1,0.144
116.61,1,0.155
116.62,1,0.162
116.63,1,0.163
116.64,1,0.166
116.65,1,0.169
116.66,1,0.161
116.67,1,0.176
116.68,1,0.190
116.69,1,0.208
116.70,1,0.252
116.71,1,0.385
116.72,1,0.529
116.73,1,0.687
116.74,1,0.898
116.75,1,0.939
116.76,1,0.870
116.77,1,0.414
116.78,1,0.189
116.79,1,0.144
116.80,1,0.132
116.81,1,0.131
116.82,1,0.131
116.83,1,0.152
116.84,1,0.166
116.85,1,0.176
116.86,1,0.182
116.87,1,0.185
116.88,1,0.175
116.89,1,0.176
116.90,1,0.167
116.91,1,0.176
116.92,1,0.188
116.93,1,0.180
116.94,1,0.175
116.95,1,0.182
116.96,1,0.174
116.97,1,0.170
116.98,1,0.188
116.99,1,0.204
117.00,1,0.207
117.01,1,0.203
117.02,1,0.193
117.03,1,0.170
117.04,1,0.164
117.05,1,0.168
117.06,1,0.173
117.07,1,0.181
117.08,1,0.181
117.09,1,0.168
117.10,1,0.163
117.11,1,0.150
117.12,1,0.142
117.13,1,0.151
117.14,1,0.165
117.15,1,0.181
117.16,1,0.203
117.17,1,0.211
117.18,1,0.209
117.19,1,0.198
117.20,1,0.196
117.21,1,0.180
117.22,1,0.176
117.23,1,0.201
117.24,1,0.217
117.25,1,0.244
117.26,1,0.311
117.27,1,0.573
117.28,1,1.080
117.29,1,0.990
117.30,1,0.958
117.31,1,0.657
117.32,1,0.264
117.33,1,0.164
117.34,1,0.160
117.35,1,0.155
117.36,1,0.151
117.37,1,0.160
117.38,1,0.162
117.39,1,0.154
117.40,1,0.147
117.41,1,0.138
117.42,1,0.131
117.43,1,0.141
117.44,1,0.145
117.45,1,0.154
117.46,1,0.157
117.47,1,0.155
117.48,1,0.142
117.49,1,0.142
117.50,1,0.148
117.51,1,0.171
117.52,1,0.209
117.53,1,0.279
117.54,1,0.440
117.55,1,0.933
117.56,1,0.888
117.57,1,0.798
117.58,1,0.751
117.59,1,0.668
117.60,1,0.442
117.61,1,0.196
117.62,1,0.155
117.63,1,0.142
117.64,1,0.128
117.65,1,0.131
117.66,1,0.144
117.67,1,0.141
117.68,1,0.133
117.69,1,0.123
117.70,1,0.111
117.71,1,0.108
117.72,1,0.111
117.73,1,0.108
117.74,1,0.102
117.75,1,0.101
117.76,1,0.097
117.77,1,0.103
117.78,1,0.113
117.79,1,0.116
117.80,1,0.120
117.81,1,0.126
117.82,1,0.121
117.83,1,0.125
117.84,1,0.134
117.85,1,0.150
117.86,1,0.151
117.87,1,0.141
117.88,1,0.128
117.89,1,0.115
117.90,1,0.110
117.91,1,0.125
117.92,1,0.139
117.93,1,0.162
117.94,1,0.169
117.95,1,0.182
117.96,1,0.198
117.97,1,0.200
117.98,1,0.197
117.99,1,0.195
118.00,1,0.168
118.01,1,0.168
118.02,1,0.167
118.03,1,0.169
118.04,1,0.168
118.05,1,0.176
118.06,1,0.170
118.07,1,0.182
118.08,1,0.180
118.09,1,0.183
118.10,1,0.206
118.11,1,0.225
118.12,1,0.252
118.13,1,0.328
118.14,1,0.450
118.15,1,0.288
118.16,1,0.187
118.17,1,0.165
118.18,1,0.164
118.19,1,0.168
118.20,1,0.183
118.21,1,0.204
118.22,1,0.211
118.23,1,0.203
118.24,1,0.178
118.25,1,0.172
118.26,1,0.152
118.27,1,0.145
118.28,1,0.143
118.29,1,0.136
118.30,1,0.138
118.31,1,0.162
118.32,1,0.185
118.33,1,0.241
118.34,1,0.316
118.35,1,0.427
118.36,1,0.660
118.37,1,0.901
118.38,1,0.907
118.39,1,0.866
118.40,1,0.917
118.41,1,0.819
118.42,1,0.479
118.43,1,0.249
118.44,1,0.159
118.45,1,0.144
118.46,1,0.131
118.47,1,0.129
118.48,1,0.144
118.49,1,0.147
118.50,1,0.143
118.51,1,0.145
118.52,1,0.149
118.53,1,0.140
118.54,1,0.142
118.55,1,0.171
118.56,1,0.180
118.57,1,0.181
118.58,1,0.179
118.59,1,0.186
118.60,1,0.166
118.61,1,0.159
118.62,1,0.160
118.63,1,0.151
118.64,1,0.143
118.65,1,0.151
118.66,1,0.152
118.67,1,0.168
118.68,1,0.182
118.69,1,0.197
118.70,1,0.212
118.71,1,0.218
118.72,1,0.213
118.73,1,0.206
118.74,1,0.210
118.75,1,0.207
118.76,1,0.213
118.77,1,0.225
118.78,1,0.222
118.79,1,0.219
118.80,1,0.220
118.81,1,0.213
118.82,1,0.211
118.83,1,0.216
118.84,1,0.235
118.85,1,0.255
118.86,1,0.309
118.87,1,0.454
118.88,1,0.611
118.89,1,0.810
118.90,1,0.914
118.91,1,1.052
118.92,1,1.108
118.93,1,1.143
118.94,1,1.062
118.95,1,0.748
118.96,1,0.269
118.97,1,0.154
118.98,1,0.103
118.99,1,0.097
119.00,1,0.096
119.01,1,0.111
119.02,1,0.130
119.03,1,0.147
119.04,1,0.153
119.05,1,0.165
119.06,1,0.165
119.07,1,0.157
119.08,1,0.156
119.09,1,0.163
119.10,1,0.178
119.11,1,0.191
119.12,1,0.200
119.13,1,0.221
119.14,1,0.231
119.15,1,0.244
119.16,1,0.255
119.17,1,0.271
119.18,1,0.286
119.19,1,0.311
119.20,1,0.334
119.21,1,0.350
119.22,1,0.350
119.23,1,0.331
119.24,1,0.310
119.25,1,0.279
119.26,1,0.241
119.27,1,0.214
119.28,1,0.202
119.29,1,0.193
119.30,1,0.196
119.31,1,0.200
119.32,1,0.204
119.33,1,0.203
119.34,1,0.196
119.35,1,0.185
119.36,1,0.187
119.37,1,0.195
119.38,1,0.213
119.39,1,0.232
119.40,1,0.239
119.41,1,0.234
119.42,1,0.227
119.43,1,0.221
119.44,1,0.223
119.45,1,0.223
119.46,1,0.226
119.47,1,0.223
119.48,1,0.219
119.49,1,0.206
119.50,1,0.199
119.51,1,0.199
119.52,1,0.196
119.53,1,0.192
119.54,1,0.192
119.55,1,0.198
119.56,1,0.199
119.57,1,0.205
119.58,1,0.215
119.59,1,0.225
119.60,1,0.231
119.61,1,0.245
119.62,1,0.260
119.63,1,0.259
119.64,1,0.260
119.65,1,0.255
119.66,1,0.251
119.67,1,0.249
119.68,1,0.249
119.69,1,0.250
119.70,1,0.254
119.71,1,0.254
119.72,1,0.253
119.73,1,0.247
119.74,1,0.243
119.75,1,0.233
119.76,1,0.216
119.77,1,0.199
119.78,1,0.194
119.79,1,0.194
119.80,1,0.205
119.81,1,0.222
119.82,1,0.240
119.83,1,0.263
119.84,1,0.276
119.85,1,0.288
119.86,1,0.291
119.87,1,0.287
119.88,1,0.285
119.89,1,0.278
119.90,1,0.264
119.91,1,0.253
119.92,1,0.241
119.93,1,0.220
119.94,1,0.192
119.95,1,0.170
119.96,1,0.156
119.97,1,0.157
119.98,1,0.166
119.99,1,0.190
120.00,1,0.214
120.01,1,0.234
120.02,1,0.242
120.03,1,0.248
120.04,1,0.245
120.05,1,0.243
120.06,1,0.249
120.07,1,0.252
120.08,1,0.256
120.09,1,0.273
120.10,1,0.284
120.11,1,0.293
120.12,1,0.300
120.13,1,0.298
120.14,1,0.300
120.15,1,0.293
120.16,1,0.284
120.17,1,0.292
120.18,1,0.298
120.19,1,0.293
120.20,1,0.286
120.21,1,0.280
120.22,1,0.266
120.23,1,0.249
120.24,1,0.243
120.25,1,0.248
120.26,1,0.261
120.27,1,0.275
120.28,1,0.297
120.29,1,0.313
120.30,1,0.318
120.31,1,0.321
120.32,1,0.318
120.33,1,0.317
120.34,1,0.314
120.35,1,0.292
120.36,1,0.273
120.37,1,0.278
120.38,1,0.280
120.39,1,0.298
120.40,1,0.373
120.41,1,0.490
120.42,1,0.508
120.43,1,0.498
120.44,1,0.444
120.45,1,0.404
120.46,1,0.373
120.47,1,0.362
120.48,1,0.388
120.49,1,0.438
120.50,1,0.488
120.51,1,0.555
120.52,1,0.644
120.53,1,0.801
120.54,1,1.013
120.55,1,1.077
120.56,1,1.112
120.57,1,1.160
120.58,1,1.236
120.59,1,1.260
120.60,1,1.269
120.61,1,1.241
120.62,1,1.189
120.63,1,1.205
120.64,1,1.245
120.65,1,1.340
120.66,1,1.371
120.67,1,1.233
120.68,1,1.123
120.69,1,0.935
120.70,1,0.755
120.71,1,0.586
120.72,1,0.486
120.73,1,0.395
120.74,1,0.376
120.75,1,0.364
120.76,1,0.361
120.77,1,0.418
120.78,1,0.459
120.79,1,0.426
120.80,1,0.481
120.81,1,0.521
120.82,1,0.549
120.83,1,0.708
120.84,1,0.899
120.85,1,0.940
120.86,1,0.692
120.87,1,0.338
120.88,1,0.132
120.89,1,0.090
120.90,1,0.072
120.91,1,0.070
120.92,1,0.080
120.93,1,0.093
120.94,1,0.101
120.95,1,0.120
120.96,1,0.137
120.97,1,0.142
120.98,1,0.163
120.99,1,0.218
121.00,1,0.265
121.01,1,0.234
121.02,1,0.185
121.03,1,0.182
121.04,1,0.188
121.05,1,0.198
121.06,1,0.217
121.07,1,0.240
121.08,1,0.201
121.09,1,0.189
121.10,1,0.210
121.11,1,0.218
121.12,1,0.236
121.13,1,0.247
121.14,1,0.227
121.15,1,0.212
121.16,1,0.219
121.17,1,0.202
121.18,1,0.178
121.19,1,0.160
121.20,1,0.140
121.21,1,0.116
121.22,1,0.121
121.23,1,0.129
121.24,1,0.133
121.25,1,0.136
121.26,1,0.141
121.27,1,0.147
121.28,1,0.146
121.29,1,0.140
121.30,1,0.133
121.31,1,0.118
121.32,1,0.119
121.33,1,0.119
121.34,1,0.120
121.35,1,0.124
121.36,1,0.129
121.37,1,0.132
121.38,1,0.132
121.39,1,0.140
121.40,1,0.146
121.41,1,0.148
121.42,1,0.155
121.43,1,0.159
121.44,1,0.145
121.45,1,0.124
121.46,1,0.108
121.47,1,0.097
121.48,1,0.090
121.49,1,0.094
121.50,1,0.097
121.51,1,0.097
121.52,1,0.117
121.53,1,0.126
121.54,1,0.132
121.55,1,0.158
121.56,1,0.192
121.57,1,0.161
121.58,1,0.114
121.59,1,0.127
121.60,1,0.128
121.61,1,0.129
121.62,1,0.133
121.63,1,0.144
121.64,1,0.137
121.65,1,0.136
121.66,1,0.144
121.67,1,0.144
121.68,1,0.143
121.69,1,0.146
121.70,1,0.136
121.71,1,0.126
121.72,1,0.117
121.73,1,0.118
121.74,1,0.139
121.75,1,0.166
121.76,1,0.200
121.77,1,0.225
121.78,1,0.235
121.79,1,0.222
121.80,1,0.208
121.81,1,0.189
121.82,1,0.186
121.83,1,0.181
121.84,1,0.192
121.85,1,0.192
121.86,1,0.199
121.87,1,0.205
121.88,1,0.225
121.89,1,0.249
121.90,1,0.308
121.91,1,0.458
121.92,1,0.675
121.93,1,0.740
121.94,1,0.786
121.95,1,0.706
121.96,1,0.434
121.97,1,0.205
121.98,1,0.160
121.99,1,0.149
122.00,1,0.143
122.01,1,0.156
122.02,1,0.180
122.03,1,0.207
122.04,1,0.224
122.05,1,0.221
122.06,1,0.171
122.07,1,0.128
122.08,1,0.112
122.09,1,0.115
122.10,1,0.126
122.11,1,0.137
122.12,1,0.146
122.13,1,0.153
122.14,1,0.152
122.15,1,0.145
122.16,1,0.131
122.17,1,0.129
122.18,1,0.120
122.19,1,0.117
122.20,1,0.111
122.21,1,0.110
122.22,1,0.106
122.23,1,0.110
122.24,1,0.112
122.25,1,0.123
122.26,1,0.140
122.27,1,0.154
122.28,1,0.159
122.29,1,0.164
122.30,1,0.159
122.31,1,0.154
122.32,1,0.172
122.33,1,0.178
122.34,1,0.185
122.35,1,0.196
122.36,1,0.193
122.37,1,0.191
122.38,1,0.192
122.39,1,0.198
122.40,1,0.208
122.41,1,0.217
122.42,1,0.211
122.43,1,0.200
122.44,1,0.189
122.45,1,0.172
122.46,1,0.171
122.47,1,0.166
122.48,1,0.164
122.49,1,0.177
122.50,1,0.210
122.51,1,0.230
122.52,1,0.303
122.53,1,0.454
122.54,1,0.530
122.55,1,0.578
122.56,1,0.805
122.57,1,0.940
122.58,1,1.200
122.59,1,1.084
122.60,1,0.865
122.61,1,0.771
122.62,1,0.760
122.63,1,0.664
122.64,1,0.591
122.65,1,0.753
122.66,1,0.824
122.67,1,0.780
122.68,1,0.873
122.69,1,0.990
122.70,1,0.904
122.71,1,0.957
122.72,1,1.342
122.73,1,1.228
122.74,1,1.052
122.75,1,1.001
122.76,1,0.736
122.77,1,0.386
122.78,1,0.199
122.79,1,0.116
122.80,1,0.105
122.81,1,0.105
122.82,1,0.114
122.83,1,0.127
122.84,1,0.141
122.85,1,0.148
122.86,1,0.155
122.87,1,0.159
122.88,1,0.163
122.89,1,0.170
122.90,1,0.169
122.91,1,0.155
122.92,1,0.137
122.93,1,0.122
122.94,1,0.107
122.95,1,0.102
122.96,1,0.109
122.97,1,0.117
122.98,1,0.126
122.99,1,0.135
123.00,1,0.137
123.01,1,0.147
123.02,1,0.149
123.03,1,0.153
123.04,1,0.157
123.05,1,0.155
123.06,1,0.154
123.07,1,0.164
123.08,1,0.150
123.09,1,0.138
123.10,1,0.135
123.11,1,0.139
123.12,1,0.149
123.13,1,0.176
123.14,1,0.229
123.15,1,0.289
123.16,1,0.302
123.17,1,0.309
123.18,1,0.290
123.19,1,0.265
123.20,1,0.281
123.21,1,0.307
123.22,1,0.331
123.23,1,0.348
123.24,1,0.375
123.25,1,0.391
123.26,1,0.374
123.27,1,0.357
123.28,1,0.347
123.29,1,0.315
123.30,1,0.264
123.31,1,0.252
123.32,1,0.204
123.33,1,0.172
123.34,1,0.138
123.35,1,0.115
123.36,1,0.105
123.37,1,0.104
123.38,1,0.102
123.39,1,0.101
123.40,1,0.110
123.41,1,0.119
123.42,1,0.119
123.43,1,0.122
123.44,1,0.131
123.45,1,0.129
123.46,1,0.131
123.47,1,0.136
123.48,1,0.143
123.49,1,0.153
123.50,1,0.154
123.51,1,0.160
123.52,1,0.170
123.53,1,0.176
123.54,1,0.183
123.55,1,0.193
123.56,1,0.203
123.57,1,0.206
123.58,1,0.208
123.59,1,0.218
123.60,1,0.228
123.61,1,0.232
123.62,1,0.228
123.63,1,0.208
123.64,1,0.191
123.65,1,0.177
123.66,1,0.183
123.67,1,0.189
123.68,1,0.193
123.69,1,0.194
123.70,1,0.182
123.71,1,0.185
123.72,1,0.173
123.73,1,0.176
123.74,1,0.172
123.75,1,0.178
123.76,1,0.178
123.77,1,0.191
123.78,1,0.207
123.79,1,0.221
123.80,1,0.223
123.81,1,0.223
123.82,1,0.214
123.83,1,0.206
123.84,1,0.194
123.85,1,0.177
123.86,1,0.161
123.87,1,0.140
123.88,1,0.134
123.89,1,0.121
123.90,1,0.131
123.91,1,0.137
123.92,1,0.141
123.93,1,0.149
123.94,1,0.149
123.95,1,0.149
123.96,1,0.147
123.97,1,0.144
123.98,1,0.133
123.99,1,0.116
124.00,1,0.104
124.01,1,0.105
124.02,1,0.108
124.03,1,0.122
124.04,1,0.138
124.05,1,0.150
124.06,1,0.155
124.07,1,0.156
124.08,1,0.162
124.09,1,0.156
124.10,1,0.156
124.11,1,0.149
124.12,1,0.142
124.13,1,0.136
124.14,1,0.136
124.15,1,0.139
124.16,1,0.152
124.17,1,0.169
124.18,1,0.191
124.19,1,0.203
124.20,1,0.213
124.21,1,0.213
124.22,1,0.205
124.23,1,0.193
124.24,1,0.179
124.25,1,0.163
124.26,1,0.153
124.27,1,0.145
124.28,1,0.143
124.29,1,0.146
124.30,1,0.161
124.31,1,0.173
124.32,1,0.190
124.33,1,0.213
124.34,1,0.220
124.35,1,0.221
124.36,1,0.213
124.37,1,0.193
124.38,1,0.173
124.39,1,0.158
124.40,1,0.155
124.41,1,0.162
124.42,1,0.167
124.43,1,0.179
124.44,1,0.183
124.45,1,0.200
124.46,1,0.238
124.47,1,0.265
124.48,1,0.305
124.49,1,0.338
124.50,1,0.296
124.51,1,0.270
124.52,1,0.274
124.53,1,0.301
124.54,1,0.331
124.55,1,0.372
124.56,1,0.440
124.57,1,0.546
124.58,1,0.535
124.59,1,0.552
124.60,1,0.712
124.61,1,0.912
124.62,1,1.001
124.63,1,0.955
124.64,1,0.938
124.65,1,0.938
124.66,1,0.959
124.67,1,1.052
124.68,1,1.136
124.69,1,1.071
124.70,1,1.017
124.71,1,0.983
124.72,1,0.952
124.73,1,1.002
124.74,1,1.070
124.75,1,1.166
124.76,1,1.128
124.77,1,0.999
124.78,1,0.923
124.79,1,0.891
124.80,1,0.941
124.81,1,1.061
124.82,1,1.250
124.83,1,1.324
124.84,1,1.500
124.85,1,1.437
124.86,1,1.615
124.87,1,1.729
124.88,1,2.271
124.89,1,2.347
124.90,1,2.176
124.91,1,1.671
124.92,1,0.805
124.93,1,0.530
124.94,1,0.302
124.95,1,0.236
124.96,1,0.253
124.97,1,0.243
124.98,1,0.194
124.99,1,0.201
125.00,1,0.245
125.01,1,0.248
125.02,1,0.236
125.03,1,0.238
125.04,1,0.227
125.05,1,0.195
125.06,1,0.185
125.07,1,0.218
125.08,1,0.248
125.09,1,0.283
125.10,1,0.319
125.11,1,0.321
125.12,1,0.308
125.13,1,0.297
125.14,1,0.298
125.15,1,0.298
125.16,1,0.304
125.17,1,0.313
125.18,1,0.321
125.19,1,0.334
125.20,1,0.335
125.21,1,0.323
125.22,1,0.289
125.23,1,0.267
125.24,1,0.251
125.25,1,0.246
125.26,1,0.260
125.27,1,0.273
125.28,1,0.269
125.29,1,0.266
125.30,1,0.245
125.31,1,0.231
125.32,1,0.220
125.33,1,0.218
125.34,1,0.223
125.35,1,0.241
125.36,1,0.251
125.37,1,0.254
125.38,1,0.252
125.39,1,0.259
125.40,1,0.289
125.41,1,0.317
125.42,1,0.359
125.43,1,0.429
125.44,1,0.604
125.45,1,0.738
125.46,1,1.084
125.47,1,1.407
125.48,1,1.250
125.49,1,0.919
125.50,1,0.582
125.51,1,0.384
125.52,1,0.311
125.53,1,0.331
125.54,1,0.314
125.55,1,0.297
125.56,1,0.303
125.57,1,0.291
125.58,1,0.278
125.59,1,0.288
125.60,1,0.295
125.61,1,0.313
125.62,1,0.336
125.63,1,0.341
125.64,1,0.337
125.65,1,0.320
125.66,1,0.284
125.67,1,0.244
125.68,1,0.220
125.69,1,0.200
125.70,1,0.192
125.71,1,0.192
125.72,1,0.203
125.73,1,0.208
125.74,1,0.210
125.75,1,0.216
125.76,1,0.204
125.77,1,0.191
125.78,1,0.211
125.79,1,0.236
125.80,1,0.282
125.81,1,0.341
125.82,1,0.406
125.83,1,0.372
125.84,1,0.331
125.85,1,0.302
125.86,1,0.298
125.87,1,0.355
125.88,1,0.488
125.89,1,0.582
125.90,1,0.559
125.91,1,0.607
125.92,1,0.599
125.93,1,0.596
125.94,1,0.627
125.95,1,0.686
125.96,1,0.692
125.97,1,0.776
125.98,1,0.891
125.99,1,0.935
126.00,1,0.759
126.01,1,0.564
126.02,1,0.414
126.03,1,0.354
126.04,1,0.379
126.05,1,0.438
126.06,1,0.514
126.07,1,0.457
126.08,1,0.460
126.09,1,0.491
126.10,1,0.473
126.11,1,0.453
126.12,1,0.481
126.13,1,0.495
126.14,1,0.547
126.15,1,0.576
126.16,1,0.608
126.17,1,0.629
126.18,1,0.587
126.19,1,0.536
126.20,1,0.515
126.21,1,0.497
126.22,1,0.505
126.23,1,0.518
126.24,1,0.540
126.25,1,0.538
126.26,1,0.483
126.27,1,0.439
126.28,1,0.445
126.29,1,0.437
126.30,1,0.429
126.31,1,0.481
126.32,1,0.449
126.33,1,0.399
126.34,1,0.358
126.35,1,0.388
126.36,1,0.361
126.37,1,0.427
126.38,1,0.469
126.39,1,0.457
126.40,1,0.435
126.41,1,0.434
126.42,1,0.437
126.43,1,0.483
126.44,1,0.546
126.45,1,0.602
126.46,1,0.649
126.47,1,0.659
126.48,1,0.605
126.49,1,0.568
126.50,1,0.503
126.51,1,0.423
126.52,1,0.416
126.53,1,0.547
126.54,1,1.079
126.55,1,1.340
126.56,1,1.509
126.57,1,1.351
126.58,1,1.070
126.59,1,0.617
126.60,1,0.973
126.61,1,1.027
126.62,1,0.912
126.63,1,0.725
126.64,1,0.689
126.65,1,0.587
126.66,1,0.470
126.67,1,0.481
126.68,1,0.528
126.69,1,0.555
126.70,1,0.635
126.71,1,0.707
126.72,1,0.673
126.73,1,0.580
126.74,1,0.557
126.75,1,0.526
126.76,1,0.586
126.77,1,0.666
126.78,1,0.710
126.79,1,0.695
126.80,1,0.737
126.81,1,0.728
126.82,1,0.755
126.83,1,0.839
126.84,1,0.906
126.85,1,0.836
126.86,1,0.768
126.87,1,0.724
126.88,1,0.634
126.89,1,0.660
126.90,1,0.788
126.91,1,0.893
126.92,1,0.971
126.93,1,0.920
126.94,1,0.892
126.95,1,0.973
126.96,1,0.978
126.97,1,0.901
126.98,1,0.770
126.99,1,0.625
127.00,1,0.629
127.01,1,0.654
127.02,1,0.679
127.03,1,0.679
127.04,1,0.735
127.05,1,0.795
127.06,1,1.061
127.07,1,1.097
127.08,1,0.987
127.09,1,0.561
127.10,1,0.232
127.11,1,0.182
127.12,1,0.178
127.13,1,0.155
127.14,1,0.136
127.15,1,0.124
127.16,1,0.114
127.17,1,0.159
127.18,1,0.192
127.19,1,0.213
127.20,1,0.236
127.21,1,0.254
127.22,1,0.265
127.23,1,0.264
127.24,1,0.256
127.25,1,0.268
127.26,1,0.259
127.27,1,0.240
127.28,1,0.232
127.29,1,0.235
127.30,1,0.232
127.31,1,0.234
127.32,1,0.230
127.33,1,0.222
127.34,1,0.212
127.35,1,0.204
127.36,1,0.202
127.37,1,0.201
127.38,1,0.198
127.39,1,0.193
127.40,1,0.177
127.41,1,0.175
127.42,1,0.190
127.43,1,0.171
127.44,1,0.174
127.45,1,0.182
127.46,1,0.167
127.47,1,0.160
127.48,1,0.174
127.49,1,0.180
127.50,1,0.183
127.51,1,0.179
127.52,1,0.179
127.53,1,0.187
127.54,1,0.214
127.55,1,0.251
127.56,1,0.294
127.57,1,0.340
127.58,1,0.390
127.59,1,0.418
127.60,1,0.467
127.61,1,0.515
127.62,1,0.566
127.63,1,0.691
127.64,1,0.939
127.65,1,1.099
127.66,1,1.366
127.67,1,1.191
127.68,1,1.011
127.69,1,0.788
127.70,1,0.261
127.71,1,0.172
127.72,1,0.162
127.73,1,0.157
127.74,1,0.168
127.75,1,0.174
127.76,1,0.180
127.77,1,0.186
127.78,1,0.202
127.79,1,0.234
127.80,1,0.268
127.81,1,0.296
127.82,1,0.322
127.83,1,0.331
127.84,1,0.319
127.85,1,0.300
127.86,1,0.292
127.87,1,0.284
127.88,1,0.277
127.89,1,0.272
127.90,1,0.260
127.91,1,0.247
127.92,1,0.246
127.93,1,0.244
127.94,1,0.247
127.95,1,0.230
127.96,1,0.211
127.97,1,0.215
127.98,1,0.209
127.99,1,0.232
128.00,1,0.284
128.01,1,0.343
128.02,1,0.405
128.03,1,0.453
128.04,1,0.584
128.05,1,0.697
128.06,1,0.615
128.07,1,0.536
128.08,1,0.632
128.09,1,0.755
128.10,1,0.867
128.11,1,0.933
128.12,1,1.005
128.13,1,1.044
128.14,1,0.976
128.15,1,0.933
128.16,1,0.932
128.17,1,0.871
128.18,1,0.884
128.19,1,0.933
128.20,1,0.809
128.21,1,0.671
128.22,1,0.388
128.23,1,0.455
128.24,1,0.488
128.25,1,0.529
128.26,1,0.498
128.27,1,0.504
128.28,1,0.510
128.29,1,0.509
128.30,1,0.527
128.31,1,0.659
128.32,1,0.644
128.33,1,0.702
128.34,1,0.734
128.35,1,0.632
128.36,1,0.617
128.37,1,0.627
128.38,1,0.637
128.39,1,0.641
128.40,1,0.657
128.41,1,0.653
128.42,1,0.627
128.43,1,0.616
128.44,1,0.628
128.45,1,0.618
128.46,1,0.568
128.47,1,0.661
128.48,1,0.676
128.49,1,0.692
128.50,1,0.771
128.51,1,0.804
128.52,1,0.720
128.53,1,0.758
128.54,1,0.754
128.55,1,0.733
128.56,1,0.744
128.57,1,0.701
128.58,1,0.653
128.59,1,0.689
128.60,1,0.707
128.61,1,0.716
128.62,1,0.733
128.63,1,0.726
128.64,1,0.713
128.65,1,0.690
128.66,1,0.653
128.67,1,0.624
128.68,1,0.593
128.69,1,0.594
128.70,1,0.595
128.71,1,0.637
128.72,1,0.698
128.73,1,0.740
128.74,1,0.775
128.75,1,0.757
128.76,1,0.861
128.77,1,1.069
128.78,1,1.422
128.79,1,0.866
128.80,1,0.749
128.81,1,0.713
128.82,1,0.585
128.83,1,0.524
128.84,1,0.540
128.85,1,0.568
128.86,1,0.578
128.87,1,0.707
128.88,1,0.794
128.89,1,0.843
128.90,1,0.840
128.91,1,0.823
128.92,1,0.753
128.93,1,0.673
128.94,1,0.678
128.95,1,0.717
128.96,1,0.752
128.97,1,0.811
128.98,1,0.846
128.99,1,0.876
129.00,1,0.827
129.01,1,0.760
129.02,1,0.715
129.03,1,0.660
129.04,1,0.635
129.05,1,0.625
129.06,1,0.633
129.07,1,0.662
129.08,1,0.563
129.09,1,0.443
129.10,1,0.407
129.11,1,0.424
129.12,1,0.414
129.13,1,0.426
129.14,1,0.443
129.15,1,0.452
129.16,1,0.473
129.17,1,0.538
129.18,1,0.603
129.19,1,0.656
129.20,1,0.707
129.21,1,0.787
129.22,1,0.863
129.23,1,0.936
129.24,1,1.390
129.25,1,1.862
129.26,1,2.011
129.27,1,2.279
129.28,1,1.926
129.29,1,1.723
129.30,1,1.766
129.31,1,1.398
129.32,1,1.069
129.33,1,0.958
129.34,1,0.870
129.35,1,0.895
129.36,1,0.831
129.37,1,0.815
129.38,1,0.735
129.39,1,0.679
129.40,1,0.610
129.41,1,0.570
129.42,1,0.582
129.43,1,0.568
129.44,1,0.582
129.45,1,0.620
129.46,1,0.621
129.47,1,0.614
129.48,1,0.677
129.49,1,0.670
129.50,1,0.661
129.51,1,0.626
129.52,1,0.603
129.53,1,0.602
129.54,1,0.602
129.55,1,0.636
129.56,1,0.632
129.57,1,0.653
129.58,1,0.701
129.59,1,0.751
129.60,1,0.783
129.61,1,0.933
129.62,1,1.044
129.63,1,1.154
129.64,1,1.033
129.65,1,0.914
129.66,1,0.874
129.67,1,0.958
129.68,1,1.116
129.69,1,1.315
129.70,1,1.425
129.71,1,1.430
129.72,1,1.316
129.73,1,1.092
129.74,1,0.739
129.75,1,0.466
129.76,1,0.133
129.77,1,0.116
129.78,1,0.149
129.79,1,0.184
129.80,1,0.192
129.81,1,0.229
129.82,1,0.247
129.83,1,0.249
129.84,1,0.275
129.85,1,0.299
129.86,1,0.360
129.87,1,0.395
129.88,1,0.364
129.89,1,0.309
129.90,1,0.276
129.91,1,0.259
129.92,1,0.254
129.93,1,0.253
129.94,1,0.250
129.95,1,0.261
129.96,1,0.259
129.97,1,0.255
129.98,1,0.246
129.99,1,0.229
130.00,1,0.225
130.01,1,0.222
130.02,1,0.244
130.03,1,0.266
130.04,1,0.283
130.05,1,0.329
130.06,1,0.373
130.07,1,0.417
130.08,1,0.466
130.09,1,0.541
130.10,1,0.520
130.11,1,0.485
130.12,1,0.426
130.13,1,0.329
130.14,1,0.271
130.15,1,0.248
130.16,1,0.245
130.17,1,0.259
130.18,1,0.270
130.19,1,0.278
130.20,1,0.302
130.21,1,0.331
130.22,1,0.365
130.23,1,0.409
130.24,1,0.465
130.25,1,0.522
130.26,1,0.574
130.27,1,0.622
130.28,1,0.658
130.29,1,0.684
130.30,1,0.687
130.31,1,0.709
130.32,1,0.559
130.33,1,0.443
130.34,1,0.368
130.35,1,0.307
130.36,1,0.273
130.37,1,0.277
130.38,1,0.300
130.39,1,0.297
130.40,1,0.300
130.41,1,0.293
130.42,1,0.280
130.43,1,0.278
130.44,1,0.304
130.45,1,0.312
130.46,1,0.320
130.47,1,0.332
130.48,1,0.332
130.49,1,0.320
130.50,1,0.329
130.51,1,0.342
130.52,1,0.336
130.53,1,0.321
130.54,1,0.414
130.55,1,0.525
130.56,1,0.559
130.57,1,0.234
130.58,1,0.154
130.59,1,0.151
130.60,1,0.207
130.61,1,0.262
130.62,1,0.299
130.63,1,0.336
130.64,1,0.384
130.65,1,0.369
130.66,1,0.343
130.67,1,0.342
130.68,1,0.356
130.69,1,0.365
130.70,1,0.347
130.71,1,0.348
130.72,1,0.311
130.73,1,0.314
130.74,1,0.278
130.75,1,0.276
130.76,1,0.274
130.77,1,0.269
130.78,1,0.275
130.79,1,0.275
130.80,1,0.274
130.81,1,0.266
130.82,1,0.275
130.83,1,0.278
130.84,1,0.303
130.85,1,0.394
130.86,1,0.369
130.87,1,0.283
130.88,1,0.270
130.89,1,0.269
130.90,1,0.273
130.91,1,0.298
130.92,1,0.326
130.93,1,0.355
130.94,1,0.353
130.95,1,0.339
130.96,1,0.383
130.97,1,0.478
130.98,1,0.495
130.99,1,0.438
131.00,1,0.385
131.01,1,0.347
131.02,1,0.320
131.03,1,0.347
131.04,1,0.391
131.05,1,0.446
131.06,1,0.429
131.07,1,0.430
131.08,1,0.439
131.09,1,0.428
131.10,1,0.408
131.11,1,0.385
131.12,1,0.340
131.13,1,0.300
131.14,1,0.310
131.15,1,0.322
131.16,1,0.385
131.17,1,0.451
131.18,1,0.418
131.19,1,0.344
131.20,1,0.336
131.21,1,0.275
131.22,1,0.261
131.23,1,0.247
131.24,1,0.225
131.25,1,0.228
131.26,1,0.231
131.27,1,0.192
131.28,1,0.212
131.29,1,0.238
131.30,1,0.234
131.31,1,0.240
131.32,1,0.258
131.33,1,0.251
131.34,1,0.249
131.35,1,0.257
131.36,1,0.263
131.37,1,0.262
131.38,1,0.277
131.39,1,0.285
131.40,1,0.269
131.41,1,0.256
131.42,1,0.255
131.43,1,0.226
131.44,1,0.212
131.45,1,0.209
131.46,1,0.199
131.47,1,0.192
131.48,1,0.200
131.49,1,0.218
131.50,1,0.233
131.51,1,0.237
131.52,1,0.231
131.53,1,0.232
131.54,1,0.228
131.55,1,0.244
131.56,1,0.259
131.57,1,0.275
131.58,1,0.267
131.59,1,0.257
131.60,1,0.239
131.61,1,0.225
131.62,1,0.214
131.63,1,0.213
131.64,1,0.212
131.65,1,0.208
131.66,1,0.209
131.67,1,0.210
131.68,1,0.217
131.69,1,0.220
131.70,1,0.223
131.71,1,0.224
131.72,1,0.227
131.73,1,0.226
131.74,1,0.222
131.75,1,0.251
131.76,1,0.237
131.77,1,0.250
131.78,1,0.332
131.79,1,0.383
131.80,1,0.361
131.81,1,0.293
131.82,1,0.193
131.83,1,0.154
131.84,1,0.136
131.85,1,0.140
131.86,1,0.152
131.87,1,0.171
131.88,1,0.172
131.89,1,0.204
131.90,1,0.253
131.91,1,0.251
131.92,1,0.163
131.93,1,0.136
131.94,1,0.112
131.95,1,0.109
131.96,1,0.118
131.97,1,0.141
131.98,1,0.168
131.99,1,0.205
132.00,1,0.224
132.01,1,0.252
132.02,1,0.267
132.03,1,0.297
132.04,1,0.279
132.05,1,0.254
132.06,1,0.224
132.07,1,0.182
132.08,1,0.156
132.09,1,0.171
132.10,1,0.180
132.11,1,0.190
132.12,1,0.224
132.13,1,0.240
132.14,1,0.236
132.15,1,0.248
132.16,1,0.270
132.17,1,0.272
132.18,1,0.290
132.19,1,0.318
132.20,1,0.322
132.21,1,0.328
132.22,1,0.334
132.23,1,0.338
132.24,1,0.329
132.25,1,0.334
132.26,1,0.350
132.27,1,0.334
132.28,1,0.347
132.29,1,0.362
132.30,1,0.300
132.31,1,0.273
132.32,1,0.280
132.33,1,0.333
132.34,1,0.283
132.35,1,0.239
132.36,1,0.201
132.37,1,0.163
132.38,1,0.147
132.39,1,0.159
132.40,1,0.168
132.41,1,0.189
132.42,1,0.211
132.43,1,0.231
132.44,1,0.261
132.45,1,0.312
132.46,1,0.361
132.47,1,0.453
132.48,1,0.414
132.49,1,0.315
132.50,1,0.279
132.51,1,0.254
132.52,1,0.251
132.53,1,0.265
132.54,1,0.273
132.55,1,0.281
132.56,1,0.287
132.57,1,0.281
132.58,1,0.264
132.59,1,0.251
132.60,1,0.232
132.61,1,0.241
132.62,1,0.248
132.63,1,0.244
132.64,1,0.233
132.65,1,0.248
132.66,1,0.258
132.67,1,0.296
132.68,1,0.376
132.69,1,0.478
132.70,1,0.535
132.71,1,0.667
132.72,1,0.737
132.73,1,0.778
132.74,1,0.758
132.75,1,0.265
132.76,1,0.159
132.77,1,0.157
132.78,1,0.161
132.79,1,0.178
132.80,1,0.197
132.81,1,0.231
132.82,1,0.257
132.83,1,0.256
132.84,1,0.269
132.85,1,0.286
132.86,1,0.302
132.87,1,0.302
132.88,1,0.288
132.89,1,0.257
132.90,1,0.241
132.91,1,0.222
132.92,1,0.226
132.93,1,0.217
132.94,1,0.223
132.95,1,0.215
132.96,1,0.220
132.97,1,0.231
132.98,1,0.260
132.99,1,0.307
133.00,1,0.339
133.01,1,0.379
133.02,1,0.414
133.03,1,0.325
133.04,1,0.251
133.05,1,0.234
133.06,1,0.230
133.07,1,0.231
133.08,1,0.246
133.09,1,0.267
133.10,1,0.275
133.11,1,0.330
133.12,1,0.380
133.13,1,0.408
133.14,1,0.499
133.15,1,0.605
133.16,1,0.429
133.17,1,0.275
133.18,1,0.252
133.19,1,0.230
133.20,1,0.237
133.21,1,0.261
133.22,1,0.289
133.23,1,0.311
133.24,1,0.324
133.25,1,0.318
133.26,1,0.285
133.27,1,0.243
133.28,1,0.221
133.29,1,0.200
133.30,1,0.179
133.31,1,0.183
133.32,1,0.200
133.33,1,0.238
133.34,1,0.279
133.35,1,0.304
133.36,1,0.350
133.37,1,0.384
133.38,1,0.367
133.39,1,0.383
133.40,1,0.371
133.41,1,0.411
133.42,1,0.417
133.43,1,0.466
133.44,1,0.592
133.45,1,0.973
133.46,1,0.897
133.47,1,0.869
133.48,1,0.816
133.49,1,0.774
133.50,1,0.780
133.51,1,0.750
133.52,1,0.732
133.53,1,0.749
133.54,1,0.795
133.55,1,0.828
133.56,1,0.825
133.57,1,0.689
133.58,1,0.504
133.59,1,0.424
133.60,1,0.482
133.61,1,0.484
133.62,1,0.448
133.63,1,0.399
133.64,1,0.358
133.65,1,0.316
133.66,1,0.324
133.67,1,0.316
133.68,1,0.315
133.69,1,0.302
133.70,1,0.265
133.71,1,0.255
133.72,1,0.245
133.73,1,0.245
133.74,1,0.248
133.75,1,0.240
133.76,1,0.239
133.77,1,0.267
133.78,1,0.313
133.79,1,0.336
133.80,1,0.361
133.81,1,0.327
133.82,1,0.302
133.83,1,0.294
133.84,1,0.322
133.85,1,0.349
133.86,1,0.390
133.87,1,0.409
133.88,1,0.415
133.89,1,0.396
133.90,1,0.389
133.91,1,0.386
133.92,1,0.394
133.93,1,0.379
133.94,1,0.342
133.95,1,0.315
133.96,1,0.332
133.97,1,0.309
133.98,1,0.266
133.99,1,0.270
134.00,1,0.260
134.01,1,0.207
134.02,1,0.203
134.03,1,0.237
134.04,1,0.280
134.05,1,0.318
134.06,1,0.330
134.07,1,0.345
134.08,1,0.352
134.09,1,0.352
134.10,1,0.350
134.11,1,0.355
134.12,1,0.349
134.13,1,0.321
134.14,1,0.337
134.15,1,0.374
134.16,1,0.410
134.17,1,0.438
134.18,1,0.439
134.19,1,0.419
134.20,1,0.384
134.21,1,0.400
134.22,1,0.399
134.23,1,0.374
134.24,1,0.311
134.25,1,0.276
134.26,1,0.277
134.27,1,0.273
134.28,1,0.282
134.29,1,0.303
134.30,1,0.287
134.31,1,0.285
134.32,1,0.295
134.33,1,0.286
134.34,1,0.280
134.35,1,0.277
134.36,1,0.278
134.37,1,0.271
134.38,1,0.255
134.39,1,0.237
134.40,1,0.275
134.41,1,0.297
134.42,1,0.326
134.43,1,0.356
134.44,1,0.389
134.45,1,0.365
134.46,1,0.355
134.47,1,0.354
134.48,1,0.360
134.49,1,0.356
134.50,1,0.362
134.51,1,0.371
134.52,1,0.396
134.53,1,0.449
134.54,1,0.526
134.55,1,0.544
134.56,1,0.476
134.57,1,0.425
134.58,1,0.408
134.59,1,0.413
134.60,1,0.437
134.61,1,0.488
134.62,1,0.659
134.63,1,0.783
134.64,1,1.002
134.65,1,1.140
134.66,1,1.065
134.67,1,0.944
134.68,1,0.903
134.69,1,0.872
134.70,1,0.958
134.71,1,1.083
134.72,1,1.116
134.73,1,1.059
134.74,1,0.974
134.75,1,0.894
134.76,1,0.795
134.77,1,0.802
134.78,1,0.708
134.79,1,0.557
134.80,1,0.474
134.81,1,0.494
134.82,1,0.516
134.83,1,0.551
134.84,1,0.577
134.85,1,0.670
134.86,1,0.696
134.87,1,0.758
134.88,1,0.841
134.89,1,0.818
134.90,1,0.816
134.91,1,0.779
134.92,1,0.737
134.93,1,0.792
134.94,1,0.907
134.95,1,0.871
134.96,1,0.969
134.97,1,0.862
134.98,1,0.804
134.99,1,0.794
135.00,1,0.747
135.01,1,0.687
135.02,1,0.631
135.03,1,0.584
135.04,1,0.582
135.05,1,0.560
135.06,1,0.575
135.07,1,0.626
135.08,1,0.611
135.09,1,0.655
135.10,1,0.707
135.11,1,0.736
135.12,1,0.719
135.13,1,0.622
135.14,1,0.572
135.15,1,0.547
135.16,1,0.542
135.17,1,0.629
135.18,1,0.728
135.19,1,0.768
135.20,1,0.756
135.21,1,0.701
135.22,1,0.634
135.23,1,0.577
135.24,1,0.535
135.25,1,0.487
135.26,1,0.454
135.27,1,0.432
135.28,1,0.460
135.29,1,0.504
135.30,1,0.544
135.31,1,0.611
135.32,1,0.638
135.33,1,0.629
135.34,1,0.582
135.35,1,0.550
135.36,1,0.538
135.37,1,0.518
135.38,1,0.507
135.39,1,0.501
135.40,1,0.511
135.41,1,0.537
135.42,1,0.575
135.43,1,0.561
135.44,1,0.569
135.45,1,0.535
135.46,1,0.503
135.47,1,0.468
135.48,1,0.510
135.49,1,0.594
135.50,1,0.717
135.51,1,0.799
135.52,1,0.800
135.53,1,0.805
135.54,1,0.745
135.55,1,0.649
135.56,1,0.667
135.57,1,0.683
135.58,1,0.751
135.59,1,0.796
135.60,1,0.515
135.61,1,0.383
135.62,1,0.304
135.63,1,0.267
135.64,1,0.258
135.65,1,0.269
135.66,1,0.278
135.67,1,0.283
135.68,1,0.268
135.69,1,0.286
135.70,1,0.298
135.71,1,0.292
135.72,1,0.288
135.73,1,0.275
135.74,1,0.256
135.75,1,0.240
135.76,1,0.217
135.77,1,0.202
135.78,1,0.212
135.79,1,0.224
135.80,1,0.253
135.81,1,0.288
135.82,1,0.291
135.83,1,0.271
135.84,1,0.285
135.85,1,0.275
135.86,1,0.302
135.87,1,0.327
135.88,1,0.348
135.89,1,0.303
135.90,1,0.264
135.91,1,0.228
135.92,1,0.225
135.93,1,0.218
135.94,1,0.224
135.95,1,0.239
135.96,1,0.260
135.97,1,0.264
135.98,1,0.263
135.99,1,0.271
136.00,1,0.258
136.01,1,0.241
136.02,1,0.268
136.03,1,0.316
136.04,1,0.363
136.05,1,0.570
136.06,1,0.941
136.07,1,1.045
136.08,1,1.102
136.09,1,1.123
136.10,1,1.105
136.11,1,1.014
136.12,1,0.820
136.13,1,0.277
136.14,1,0.178
136.15,1,0.179
136.16,1,0.169
136.17,1,0.163
136.18,1,0.174
136.19,1,0.180
136.20,1,0.196
136.21,1,0.209
136.22,1,0.225
136.23,1,0.241
136.24,1,0.254
136.25,1,0.261
136.26,1,0.267
136.27,1,0.278
136.28,1,0.274
136.29,1,0.268
136.30,1,0.263
136.31,1,0.258
136.32,1,0.257
136.33,1,0.269
136.34,1,0.293
136.35,1,0.337
136.36,1,0.357
136.37,1,0.370
136.38,1,0.426
136.39,1,0.499
136.40,1,0.408
136.41,1,0.290
136.42,1,0.225
136.43,1,0.212
136.44,1,0.216
136.45,1,0.235
136.46,1,0.260
136.47,1,0.289
136.48,1,0.308
136.49,1,0.311
136.50,1,0.302
136.51,1,0.297
136.52,1,0.295
136.53,1,0.298
136.54,1,0.301
136.55,1,0.302
136.56,1,0.311
136.57,1,0.302
136.58,1,0.313
136.59,1,0.319
136.60,1,0.313
136.61,1,0.298
136.62,1,0.278
136.63,1,0.262
136.64,1,0.257
136.65,1,0.274
136.66,1,0.310
136.67,1,0.334
136.68,1,0.339
136.69,1,0.368
136.70,1,0.382
136.71,1,0.388
136.72,1,0.410
136.73,1,0.430
136.74,1,0.447
136.75,1,0.528
136.76,1,0.730
136.77,1,0.854
136.78,1,0.856
136.79,1,0.998
136.80,1,1.025
136.81,1,1.047
136.82,1,1.097
136.83,1,1.010
136.84,1,1.050
136.85,1,1.164
136.86,1,1.051
136.87,1,1.091
136.88,1,1.051
136.89,1,1.137
136.90,1,1.001
136.91,1,0.878
136.92,1,0.633
136.93,1,0.721
136.94,1,0.742
136.95,1,0.622
136.96,1,0.493
136.97,1,0.479
136.98,1,0.441
136.99,1,0.444
137.00,1,0.460
137.01,1,0.507
137.02,1,0.536
137.03,1,0.595
137.04,1,0.599
137.05,1,0.572
137.06,1,0.568
137.07,1,0.544
137.08,1,0.562
137.09,1,0.605
137.10,1,0.697
137.11,1,0.796
137.12,1,0.893
137.13,1,1.002
137.14,1,1.226
137.15,1,1.108
137.16,1,1.251
137.17,1,1.840
137.18,1,2.569
137.19,1,2.826
137.20,1,2.560
137.21,1,1.614
137.22,1,0.971
137.23,1,0.685
137.24,1,0.552
137.25,1,0.530
137.26,1,0.525
137.27,1,0.575
137.28,1,0.598
137.29,1,0.688
137.30,1,0.644
137.31,1,0.701
137.32,1,0.667
137.33,1,0.619
137.34,1,0.635
137.35,1,0.673
137.36,1,0.711
137.37,1,0.777
137.38,1,0.846
137.39,1,0.920
137.40,1,1.009
137.41,1,1.015
137.42,1,1.021
137.43,1,1.066
137.44,1,1.490
137.45,1,1.338
137.46,1,1.235
137.47,1,1.103
137.48,1,1.058
137.49,1,0.819
137.50,1,0.633
137.51,1,0.507
137.52,1,0.432
137.53,1,0.415
137.54,1,0.455
137.55,1,0.454
137.56,1,0.525
137.57,1,0.575
137.58,1,0.603
137.59,1,0.645
137.60,1,0.677
137.61,1,0.597
137.62,1,0.587
137.63,1,0.557
137.64,1,0.515
137.65,1,0.551
137.66,1,0.610
137.67,1,0.652
137.68,1,0.692
137.69,1,0.699
137.70,1,0.673
137.71,1,0.658
137.72,1,0.620
137.73,1,0.586
137.74,1,0.609
137.75,1,0.641
137.76,1,0.728
137.77,1,0.830
137.78,1,0.748
137.79,1,0.607
137.80,1,0.495
137.81,1,0.423
137.82,1,0.406
137.83,1,0.426
137.84,1,0.446
137.85,1,0.463
137.86,1,0.463
137.87,1,0.463
137.88,1,0.469
137.89,1,0.511
137.90,1,0.580
137.91,1,0.641
137.92,1,0.696
137.93,1,0.717
137.94,1,0.651
137.95,1,0.630
137.96,1,0.681
137.97,1,0.747
137.98,1,0.887
137.99,1,1.192
138.00,1,1.588
138.01,1,1.811
138.02,1,2.212
138.03,1,2.014
138.04,1,1.133
138.05,1,0.720
138.06,1,0.594
138.07,1,0.591
138.08,1,0.555
138.09,1,0.551
138.10,1,0.546
138.11,1,0.511
138.12,1,0.486
138.13,1,0.542
138.14,1,0.517
138.15,1,0.529
138.16,1,0.605
138.17,1,0.656
138.18,1,0.739
138.19,1,0.792
138.20,1,0.727
138.21,1,0.650
138.22,1,0.592
138.23,1,0.549
138.24,1,0.521
138.25,1,0.527
138.26,1,0.510
138.27,1,0.513
138.28,1,0.534
138.29,1,0.574
138.30,1,0.653
138.31,1,0.759
138.32,1,0.875
138.33,1,0.997
138.34,1,1.182
138.35,1,1.385
138.36,1,1.394
138.37,1,1.193
138.38,1,1.042
138.39,1,0.992
138.40,1,1.043
138.41,1,1.147
138.42,1,1.434
138.43,1,1.590
138.44,1,1.564
138.45,1,1.282
138.46,1,0.890
138.47,1,0.216
138.48,1,0.157
138.49,1,0.117
138.50,1,0.087
138.51,1,0.082
138.52,1,0.093
138.53,1,0.097
138.54,1,0.110
138.55,1,0.121
138.56,1,0.128
138.57,1,0.140
138.58,1,0.162
138.59,1,0.199
138.60,1,0.207
138.61,1,0.186
138.62,1,0.169
138.63,1,0.165
138.64,1,0.167
138.65,1,0.176
138.66,1,0.164
138.67,1,0.171
138.68,1,0.201
138.69,1,0.213
138.70,1,0.244
138.71,1,0.277
138.72,1,0.306
138.73,1,0.306
138.74,1,0.308
138.75,1,0.279
138.76,1,0.232
138.77,1,0.216
138.78,1,0.201
138.79,1,0.205
138.80,1,0.237
138.81,1,0.279
138.82,1,0.325
138.83,1,0.366
138.84,1,0.438
138.85,1,0.528
138.86,1,0.494
138.87,1,0.442
138.88,1,0.366
138.89,1,0.239
138.90,1,0.188
138.91,1,0.200
138.92,1,0.208
138.93,1,0.226
138.94,1,0.255
138.95,1,0.310
138.96,1,0.359
138.97,1,0.448
138.98,1,0.872
138.99,1,1.131
139.00,1,1.223
139.01,1,0.758
139.02,1,0.454
139.03,1,0.364
139.04,1,0.339
139.05,1,0.315
139.06,1,0.272
139.07,1,0.246
139.08,1,0.227
139.09,1,0.222
139.10,1,0.236
139.11,1,0.257
139.12,1,0.274
139.13,1,0.288
139.14,1,0.282
139.15,1,0.259
139.16,1,0.243
139.17,1,0.227
139.18,1,0.208
139.19,1,0.203
139.20,1,0.211
139.21,1,0.216
139.22,1,0.213
139.23,1,0.217
139.24,1,0.235
139.25,1,0.242
139.26,1,0.255
139.27,1,0.278
139.28,1,0.251
139.29,1,0.210
139.30,1,0.186
139.31,1,0.169
139.32,1,0.166
139.33,1,0.192
139.34,1,0.187
139.35,1,0.199
139.36,1,0.209
139.37,1,0.214
139.38,1,0.205
139.39,1,0.216
139.40,1,0.197
139.41,1,0.206
139.42,1,0.205
139.43,1,0.215
139.44,1,0.213
139.45,1,0.217
139.46,1,0.212
139.47,1,0.220
139.48,1,0.241
139.49,1,0.286
139.50,1,0.344
139.51,1,0.408
139.52,1,0.614
139.53,1,0.968
139.54,1,0.939
139.55,1,0.693
139.56,1,0.499
139.57,1,0.221
139.58,1,0.146
139.59,1,0.146
139.60,1,0.155
139.61,1,0.171
139.62,1,0.198
139.63,1,0.232
139.64,1,0.246
139.65,1,0.251
139.66,1,0.233
139.67,1,0.208
139.68,1,0.215
139.69,1,0.236
139.70,1,0.255
139.71,1,0.283
139.72,1,0.283
139.73,1,0.252
139.74,1,0.209
139.75,1,0.213
139.76,1,0.219
139.77,1,0.234
139.78,1,0.254
139.79,1,0.255
139.80,1,0.269
139.81,1,0.287
139.82,1,0.300
139.83,1,0.325
139.84,1,0.373
139.85,1,0.407
139.86,1,0.400
139.87,1,0.351
139.88,1,0.318
139.89,1,0.277
139.90,1,0.258
139.91,1,0.247
139.92,1,0.237
139.93,1,0.243
139.94,1,0.248
139.95,1,0.265
139.96,1,0.299
139.97,1,0.366
139.98,1,0.340
139.99,1,0.279
140.00,1,0.246
140.01,1,0.259
140.02,1,0.252
140.03,1,0.264
140.04,1,0.286
140.05,1,0.280
140.06,1,0.265
140.07,1,0.253
140.08,1,0.233
140.09,1,0.199
140.10,1,0.175
140.11,1,0.190
140.12,1,0.205
140.13,1,0.220
140.14,1,0.273
140.15,1,0.306
140.16,1,0.254
140.17,1,0.223
140.18,1,0.213
140.19,1,0.202
140.20,1,0.193
140.21,1,0.190
140.22,1,0.187
140.23,1,0.198
140.24,1,0.195
140.25,1,0.208
140.26,1,0.260
140.27,1,0.258
140.28,1,0.255
140.29,1,0.274
140.30,1,0.260
140.31,1,0.257
140.32,1,0.264
140.33,1,0.257
140.34,1,0.246
140.35,1,0.256
140.36,1,0.226
140.37,1,0.206
140.38,1,0.194
140.39,1,0.187
140.40,1,0.180
140.41,1,0.197
140.42,1,0.243
140.43,1,0.315
140.44,1,0.437
140.45,1,0.776
140.46,1,1.217
140.47,1,1.333
140.48,1,1.298
140.49,1,1.276
140.50,1,1.143
140.51,1,1.024
140.52,1,1.139
140.53,1,1.293
140.54,1,1.366
140.55,1,1.249
140.56,1,0.962
140.57,1,0.873
140.58,1,0.891
140.59,1,0.931
140.60,1,0.977
140.61,1,1.005
140.62,1,0.989
140.63,1,0.942
140.64,1,0.942
140.65,1,0.824
140.66,1,0.367
140.67,1,0.222
140.68,1,0.183
140.69,1,0.165
140.70,1,0.143
140.71,1,0.137
140.72,1,0.149
140.73,1,0.191
140.74,1,0.324
140.75,1,0.628
140.76,1,0.737
140.77,1,0.398
140.78,1,0.174
140.79,1,0.135
140.80,1,0.161
140.81,1,0.185
140.82,1,0.211
140.83,1,0.264
140.84,1,0.300
140.85,1,0.310
140.86,1,0.318
140.87,1,0.326
140.88,1,0.335
140.89,1,0.340
140.90,1,0.368
140.91,1,0.374
140.92,1,0.324
140.93,1,0.286
140.94,1,0.266
140.95,1,0.238
140.96,1,0.241
140.97,1,0.271
140.98,1,0.314
140.99,1,0.364
141.00,1,0.400
141.01,1,0.363
141.02,1,0.309
141.03,1,0.234
141.04,1,0.189
141.05,1,0.173
141.06,1,0.179
141.07,1,0.180
141.08,1,0.184
141.09,1,0.181
141.10,1,0.182
141.11,1,0.183
141.12,1,0.202
141.13,1,0.223
141.14,1,0.235
141.15,1,0.251
141.16,1,0.277
141.17,1,0.290
141.18,1,0.279
141.19,1,0.287
141.20,1,0.278
141.21,1,0.256
141.22,1,0.265
141.23,1,0.265
141.24,1,0.268
141.25,1,0.270
141.26,1,0.261
141.27,1,0.249
141.28,1,0.250
141.29,1,0.253
141.30,1,0.262
141.31,1,0.272
141.32,1,0.279
141.33,1,0.270
141.34,1,0.281
141.35,1,0.299
141.36,1,0.310
141.37,1,0.323
141.38,1,0.346
141.39,1,0.339
141.40,1,0.311
141.41,1,0.284
141.42,1,0.284
141.43,1,0.284
141.44,1,0.276
141.45,1,0.284
141.46,1,0.269
141.47,1,0.245
141.48,1,0.237
141.49,1,0.223
141.50,1,0.227
141.51,1,0.276
141.52,1,0.283
141.53,1,0.275
141.54,1,0.289
141.55,1,0.298
141.56,1,0.284
141.57,1,0.270
141.58,1,0.258
141.59,1,0.253
141.60,1,0.233
141.61,1,0.224
141.62,1,0.250
141.63,1,0.267
141.64,1,0.284
141.65,1,0.302
141.66,1,0.296
141.67,1,0.274
141.68,1,0.251
141.69,1,0.224
141.70,1,0.223
141.71,1,0.236
141.72,1,0.241
141.73,1,0.260
141.74,1,0.269
141.75,1,0.251
141.76,1,0.226
141.77,1,0.242
141.78,1,0.253
141.79,1,0.287
141.80,1,0.337
141.81,1,0.407
141.82,1,0.450
141.83,1,0.486
141.84,1,0.511
141.85,1,0.532
141.86,1,0.514
141.87,1,0.614
141.88,1,0.637
141.89,1,0.560
141.90,1,0.403
141.91,1,0.325
141.92,1,0.240
141.93,1,0.250
141.94,1,0.262
141.95,1,0.269
141.96,1,0.288
141.97,1,0.300
141.98,1,0.278
141.99,1,0.259
142.00,1,0.249
142.01,1,0.216
142.02,1,0.202
142.03,1,0.200
142.04,1,0.217
142.05,1,0.259
142.06,1,0.277
142.07,1,0.309
142.08,1,0.337
142.09,1,0.356
142.10,1,0.373
142.11,1,0.401
142.12,1,0.425
142.13,1,0.447
142.14,1,0.450
142.15,1,0.491
142.16,1,0.491
142.17,1,0.645
142.18,1,0.644
142.19,1,0.733
142.20,1,0.736
142.21,1,0.845
142.22,1,0.865
142.23,1,0.897
142.24,1,0.931
142.25,1,0.965
142.26,1,1.036
142.27,1,0.992
142.28,1,0.948
142.29,1,0.869
142.30,1,0.719
142.31,1,0.525
142.32,1,0.445
142.33,1,0.421
142.34,1,0.313
142.35,1,0.276
142.36,1,0.223
142.37,1,0.215
142.38,1,0.211
142.39,1,0.247
142.40,1,0.276
142.41,1,0.237
142.42,1,0.202
142.43,1,0.185
142.44,1,0.185
142.45,1,0.196
142.46,1,0.201
142.47,1,0.218
142.48,1,0.218
142.49,1,0.213
142.50,1,0.199
142.51,1,0.210
142.52,1,0.214
142.53,1,0.220
142.54,1,0.232
142.55,1,0.237
142.56,1,0.248
142.57,1,0.265
142.58,1,0.262
142.59,1,0.278
142.60,1,0.292
142.61,1,0.289
142.62,1,0.298
142.63,1,0.320
142.64,1,0.334
142.65,1,0.318
142.66,1,0.316
142.67,1,0.300
142.68,1,0.293
142.69,1,0.285
142.70,1,0.264
142.71,1,0.267
142.72,1,0.265
142.73,1,0.260
142.74,1,0.270
142.75,1,0.304
142.76,1,0.338
142.77,1,0.352
142.78,1,0.373
142.79,1,0.375
142.80,1,0.365
142.81,1,0.354
142.82,1,0.328
142.83,1,0.326
142.84,1,0.337
142.85,1,0.344
142.86,1,0.385
142.87,1,0.401
142.88,1,0.348
142.89,1,0.300
142.90,1,0.260
142.91,1,0.213
142.92,1,0.193
142.93,1,0.176
142.94,1,0.180
142.95,1,0.187
142.96,1,0.182
142.97,1,0.218
142.98,1,0.241
142.99,1,0.242
143.00,1,0.253
143.01,1,0.253
143.02,1,0.256
143.03,1,0.262
143.04,1,0.270
143.05,1,0.290
143.06,1,0.290
143.07,1,0.294
143.08,1,0.298
143.09,1,0.318
143.10,1,0.334
143.11,1,0.356
143.12,1,0.363
143.13,1,0.358
143.14,1,0.340
143.15,1,0.354
143.16,1,0.394
143.17,1,0.460
143.18,1,0.573
143.19,1,0.671
143.20,1,0.613
143.21,1,0.546
143.22,1,0.434
143.23,1,0.431
143.24,1,0.480
143.25,1,0.379
143.26,1,0.328
143.27,1,0.302
143.28,1,0.294
143.29,1,0.286
143.30,1,0.312
143.31,1,0.345
143.32,1,0.374
143.33,1,0.378
143.34,1,0.393
143.35,1,0.406
143.36,1,0.420
143.37,1,0.436
143.38,1,0.457
143.39,1,0.461
143.40,1,0.479
143.41,1,0.485
143.42,1,0.518
143.43,1,0.556
143.44,1,0.584
143.45,1,0.615
143.46,1,0.594
143.47,1,0.555
143.48,1,0.492
143.49,1,0.429
143.50,1,0.370
143.51,1,0.264
143.52,1,0.211
143.53,1,0.218
143.54,1,0.233
143.55,1,0.233
143.56,1,0.260
143.57,1,0.288
143.58,1,0.283
143.59,1,0.268
143.60,1,0.276
143.61,1,0.275
143.62,1,0.278
143.63,1,0.288
143.64,1,0.316
143.65,1,0.357
143.66,1,0.411
143.67,1,0.569
143.68,1,0.888
143.69,1,1.098
143.70,1,1.057
143.71,1,1.257
143.72,1,1.446
143.73,1,0.881
143.74,1,0.509
143.75,1,0.432
143.76,1,0.401
143.77,1,0.416
143.78,1,0.408
143.79,1,0.339
143.80,1,0.270
143.81,1,0.231
143.82,1,0.211
143.83,1,0.200
143.84,1,0.211
143.85,1,0.241
143.86,1,0.264
143.87,1,0.270
143.88,1,0.269
143.89,1,0.282
143.90,1,0.298
143.91,1,0.318
143.92,1,0.337
143.93,1,0.333
143.94,1,0.308
143.95,1,0.271
143.96,1,0.261
143.97,1,0.251
143.98,1,0.243
143.99,1,0.248
144.00,1,0.230
144.01,1,0.214
144.02,1,0.221
144.03,1,0.224
144.04,1,0.206
144.05,1,0.202
144.06,1,0.225
144.07,1,0.218
144.08,1,0.230
144.09,1,0.270
144.10,1,0.280
144.11,1,0.287
144.12,1,0.301
144.13,1,0.264
144.14,1,0.258
144.15,1,0.255
144.16,1,0.233
144.17,1,0.242
144.18,1,0.252
144.19,1,0.250
144.20,1,0.248
144.21,1,0.256
144.22,1,0.264
144.23,1,0.270
144.24,1,0.279
144.25,1,0.284
144.26,1,0.290
144.27,1,0.280
144.28,1,0.273
144.29,1,0.279
144.30,1,0.285
144.31,1,0.273
144.32,1,0.263
144.33,1,0.261
144.34,1,0.281
144.35,1,0.290
144.36,1,0.309
144.37,1,0.306
144.38,1,0.310
144.39,1,0.307
144.40,1,0.279
144.41,1,0.255
144.42,1,0.240
144.43,1,0.224
144.44,1,0.202
144.45,1,0.182
144.46,1,0.167
144.47,1,0.159
144.48,1,0.146
144.49,1,0.120
144.50,1,0.101
144.51,1,0.100
144.52,1,0.099
144.53,1,0.098
144.54,1,0.132
144.55,1,0.189
144.56,1,0.334
144.57,1,0.189
144.58,1,0.172
144.59,1,0.156
144.60,1,0.139
144.61,1,0.140
144.62,1,0.149
144.63,1,0.161
144.64,1,0.190
144.65,1,0.211
144.66,1,0.235
144.67,1,0.236
144.68,1,0.255
144.69,1,0.245
144.70,1,0.240
144.71,1,0.237
144.72,1,0.233
144.73,1,0.230
144.74,1,0.228
144.75,1,0.190
144.76,1,0.172
144.77,1,0.167
144.78,1,0.157
144.79,1,0.187
144.80,1,0.239
144.81,1,0.262
144.82,1,0.290
144.83,1,0.301
144.84,1,0.286
144.85,1,0.281
144.86,1,0.279
144.87,1,0.286
144.88,1,0.279
144.89,1,0.247
144.90,1,0.234
144.91,1,0.220
144.92,1,0.191
144.93,1,0.186
144.94,1,0.200
144.95,1,0.226
144.96,1,0.257
144.97,1,0.291
144.98,1,0.314
144.99,1,0.299
145.00,1,0.283
145.01,1,0.270
145.02,1,0.296
145.03,1,0.334
145.04,1,0.387
145.05,1,0.484
145.06,1,0.471
145.07,1,0.350
145.08,1,0.248
145.09,1,0.207
145.10,1,0.184
145.11,1,0.156
145.12,1,0.134
145.13,1,0.118
145.14,1,0.117
145.15,1,0.113
145.16,1,0.110
145.17,1,0.126
145.18,1,0.164
145.19,1,0.216
145.20,1,0.252
145.21,1,0.297
145.22,1,0.340
145.23,1,0.346
145.24,1,0.294
145.25,1,0.271
145.26,1,0.262
145.27,1,0.272
145.28,1,0.274
145.29,1,0.267
145.30,1,0.249
145.31,1,0.225
145.32,1,0.206
145.33,1,0.212
145.34,1,0.221
145.35,1,0.238
145.36,1,0.247
145.37,1,0.250
145.38,1,0.251
145.39,1,0.242
145.40,1,0.226
145.41,1,0.220
145.42,1,0.226
145.43,1,0.227
145.44,1,0.247
145.45,1,0.280
145.46,1,0.317
145.47,1,0.340
145.48,1,0.357
145.49,1,0.349
145.50,1,0.309
145.51,1,0.303
145.52,1,0.335
145.53,1,0.364
145.54,1,0.330
145.55,1,0.294
145.56,1,0.259
145.57,1,0.235
145.58,1,0.212
145.59,1,0.200
145.60,1,0.233
145.61,1,0.311
145.62,1,0.474
145.63,1,0.802
145.64,1,0.591
145.65,1,0.629
145.66,1,0.684
145.67,1,0.701
145.68,1,0.829
145.69,1,1.017
145.70,1,0.897
145.71,1,0.857
145.72,1,0.895
145.73,1,0.749
145.74,0,
145.75,0,
145.76,0,
145.77,0,
145.78,0,
145.79,0,
145.80,0,
145.81,0,
145.82,0,
145.83,0,
145.84,0,
145.85,0,
145.86,0,
145.87,0,
145.88,0,
145.89,0,
145.90,0,
145.91,0,
145.92,0,
145.93,0,
145.94,0,
145.95,0,
145.96,0,
145.97,0,
145.98,0,
145.99,0,
146.00,0,
146.01,0,
146.02,0,
146.03,0,
146.04,0,
146.05,0,
146.06,0,
146.07,0,
146.08,0,
146.09,0,
146.10,0,
146.11,0,
146.12,0,
146.13,0,
146.14,0,
146.15,0,
146.16,0,
146.17,0,
146.18,0,
146.19,0,
146.20,0,
146.21,0,
146.22,0,
146.23,0,
146.24,0,
146.25,0,
146.26,0,
146.27,0,
146.28,0,
146.29,0,
146.30,0,
146.31,0,
146.32,0,
146.33,0,
146.34,0,
146.35,0,
146.36,0,
146.37,0,
146.38,0,
146.39,0,
146.40,0,
146.41,0,
146.42,0,
146.43,0,
146.44,0,
146.45,0,
146.46,0,
146.47,0,
146.48,0,
146.49,0,
146.50,0,
146.51,0,
146.52,0,
146.53,0,
146.54,0,
146.55,0,
146.56,0,
146.57,0,
146.58,0,
146.59,0,
146.60,0,
146.61,0,
146.62,0,
146.63,0,
146.64,0,
146.65,0,
146.66,0,
146.67,0,
146.68,0,
146.69,0,
146.70,0,
146.71,0,
146.72,0,
146.73,0,
146.74,0,
146.75,0,
146.76,0,
146.77,0,
146.78,0,
146.79,0,
146.80,0,
146.81,0,
146.82,0,
146.83,0,
146.84,0,
146.85,0,
146.86,0,
146.87,0,
146.88,0,
146.89,0,
146.90,0,
146.91,0,
146.92,0,
146.93,0,
146.94,0,
146.95,0,
146.96,0,
146.97,0,
146.98,0,
146.99,0,
147.00,0,
147.01,0,
147.02,0,
147.03,0,
147.04,0,
147.05,0,
147.06,0,
147.07,0,
147.08,0,
147.09,0,
147.10,0,
147.11,0,
147.12,0,
147.13,0,
147.14,0,
147.15,0,
147.16,0,
147.17,0,
147.18,0,
147.19,0,
147.20,0,
147.21,0,
147.22,0,
147.23,0,
147.24,0,
147.25,0,
147.26,0,
147.27,0,
147.28,0,
147.29,0,
147.30,0,
147.31,0,
147.32,0,
147.33,0,
147.34,0,
147.35,0,
147.36,0,
147.37,0,
147.38,0,
147.39,0,
147.40,0,
147.41,0,
147.42,0,
147.43,0,
147.44,0,
147.45,0,
147.46,0,
147.47,0,
147.48,0,
147.49,0,
147.50,0,
147.51,0,
147.52,0,
147.53,0,
147.54,0,
147.55,0,
147.56,0,
147.57,0,
147.58,0,
147.59,0,
147.60,0,
147.61,0,
147.62,0,
147.63,0,
147.64,0,
147.65,0,
147.66,0,
147.67,0,
147.68,0,
147.69,0,
147.70,0,
147.71,0,
147.72,0,
147.73,0,
147.74,0,
147.75,0,
147.76,0,
147.77,0,
147.78,0,
147.79,0,
147.80,0,
147.81,0,
147.82,0,
147.83,0,
147.84,0,
147.85,0,
147.86,0,
147.87,0,
147.88,0,
147.89,0,
147.90,0,
147.91,0,
147.92,0,
147.93,0,
147.94,0,
147.95,0,
147.96,0,
147.97,0,
147.98,0,
147.99,0,
148.00,0,
148.01,0,
148.02,0,
148.03,0,
148.04,0,
148.05,0,
148.06,0,
148.07,0,
148.08,0,
148.09,0,
148.10,0,
148.11,0,
148.12,0,
148.13,0,
148.14,0,
148.15,0,
148.16,0,
148.17,0,
148.18,0,
148.19,0,
148.20,0,
148.21,0,
148.22,0,
148.23,0,
148.24,0,
148.25,0,
148.26,0,
148.27,0,
148.28,0,
148.29,0,
148.30,0,
148.31,0,
148.32,0,
148.33,0,
148.34,0,
148.35,0,
148.36,0,
148.37,0,
148.38,0,
148.39,0,
148.40,0,
148.41,0,
148.42,0,
148.43,0,
148.44,0,
148.45,0,
148.46,0,
148.47,0,
148.48,0,
148.49,0,
148.50,0,
148.51,0,
148.52,0,
148.53,0,
148.54,0,
148.55,0,
148.56,0,
148.57,0,
148.58,0,
148.59,0,
148.60,0,
148.61,0,
148.62,0,
148.63,0,
148.64,0,
148.65,0,
148.66,0,
148.67,0,
148.68,0,
148.69,0,
148.70,0,
148.71,0,
148.72,0,
148.73,0,
148.74,0,
148.75,0,
148.76,0,
148.77,0,
148.78,0,
148.79,0,
148.80,0,
148.81,0,
148.82,0,
148.83,0,
148.84,0,
148.85,0,
148.86,0,
148.87,0,
148.88,0,
148.89,0,
148.90,0,
148.91,0,
148.92,0,
148.93,0,
148.94,0,
148.95,0,
148.96,0,
148.97,0,
148.98,0,
148.99,0,
149.00,0,
149.01,0,
149.02,0,
149.03,0,
149.04,0,
149.05,0,
149.06,0,
149.07,0,
149.08,0,
149.09,0,
149.10,0,
149.11,0,
149.12,0,
149.13,0,
149.14,0,
149.15,0,
149.16,0,
149.17,0,
149.18,0,
149.19,0,
149.20,0,
149.21,0,
149.22,0,
149.23,0,
149.24,0,
149.25,0,
149.26,0,
149.27,0,
149.28,0,
149.29,0,
149.30,0,
149.31,0,
149.32,0,
149.33,0,
149.34,0,
149.35,0,
149.36,0,
149.37,0,
149.38,0,
149.39,0,
149.40,0,
149.41,0,
149.42,0,
149.43,0,
149.44,0,
149.45,0,
149.46,0,
149.47,0,
149.48,0,
149.49,0,
149.50,0,
149.51,0,
149.52,0,
149.53,0,
149.54,0,
149.55,0,
149.56,0,
149.57,0,
149.58,0,
149.59,0,
149.60,0,
149.61,0,
149.62,0,
149.63,0,
149.64,0,
149.65,0,
149.66,0,
149.67,0,
149.68,0,
149.69,0,
149.70,0,
149.71,0,
149.72,0,
149.73,0,
149.74,0,
149.75,0,
149.76,0,
149.77,0,
149.78,0,
149.79,0,
149.80,0,
149.81,0,
149.82,0,
149.83,0,
149.84,0,
149.85,0,
149.86,0,
149.87,0,
149.88,0,
149.89,0,
149.90,0,
149.91,0,
149.92,0,
149.93,0,
149.94,0,
149.95,0,
149.96,0,
149.97,0,
149.98,0,
149.99,0,
150.00,0,
150.01,0,
150.02,0,
150.03,0,
150.04,0,
150.05,0,
150.06,0,
150.07,0,
150.08,0,
150.09,0,
150.10,0,
150.11,0,
150.12,0,
150.13,0,
150.14,0,
150.15,0,
150.16,0,
150.17,0,
150.18,0,
150.19,0,
150.20,0,
150.21,0,
150.22,0,
150.23,0,
150.24,0,
150.25,0,
150.26,0,
150.27,0,
150.28,0,
150.29,0,
150.30,0,
150.31,0,
150.32,0,
150.33,0,
150.34,0,
150.35,0,
150.36,0,
150.37,0,
150.38,0,
150.39,0,
150.40,0,
150.41,0,
150.42,0,
150.43,0,
150.44,0,
150.45,0,
150.46,0,
150.47,0,
150.48,0,
150.49,0,
150.50,0,
150.51,0,
150.52,0,
150.53,0,
150.54,0,
150.55,0,
150.56,0,
150.57,0,
150.58,0,
150.59,0,
150.60,0,
150.61,0,
150.62,0,
150.63,0,
150.64,0,
150.65,0,
150.66,0,
150.67,0,
150.68,0,
150.69,0,
150.70,0,
150.71,0,
150.72,0,
150.73,0,
150.74,0,
150.75,0,
150.76,0,
150.77,0,
150.78,0,
150.79,0,
150.80,0,
150.81,0,
150.82,0,
150.83,0,
150.84,0,
150.85,0,
150.86,0,
150.87,0,
150.88,0,
150.89,0,
150.90,0,
150.91,0,
150.92,0,
150.93,0,
150.94,0,
150.95,0,
150.96,0,
150.97,0,
150.98,0,
150.99,0,
151.00,0,
151.01,0,
151.02,0,
151.03,0,
151.04,0,
151.05,0,
151.06,0,
151.07,0,
151.08,0,
151.09,0,
151.10,0,
151.11,0,
151.12,0,
151.13,0,
151.14,0,
151.15,0,
151.16,0,
151.17,0,
151.18,0,
151.19,0,
151.20,0,
151.21,0,
151.22,0,
151.23,0,
151.24,0,
151.25,0,
151.26,0,
151.27,0,
151.28,0,
151.29,0,
151.30,0,
151.31,0,
151.32,0,
151.33,0,
151.34,0,
151.35,0,
151.36,0,
151.37,0,
151.38,0,
151.39,0,
151.40,0,
151.41,0,
151.42,0,
151.43,0,
151.44,0,
151.45,0,
151.46,0,
151.47,0,
151.48,0,
151.49,0,
151.50,0,
151.51,0,
151.52,0,
151.53,0,
151.54,0,
151.55,0,
151.56,0,
151.57,0,
151.58,0,
151.59,0,
151.60,0,
151.61,0,
151.62,0,
151.63,0,
151.64,0,
151.65,0,
151.66,0,
151.67,0,
151.68,0,
151.69,0,
151.70,0,
151.71,0,
151.72,0,
151.73,0,
151.74,0,
151.75,0,
151.76,0,
151.77,0,
151.78,0,
151.79,0,
151.80,0,
151.81,0,
151.82,0,
151.83,0,
151.84,0,
151.85,0,
151.86,0,
151.87,0,
151.88,0,
151.89,0,
151.90,0,
151.91,0,
151.92,0,
151.93,0,
151.94,0,
151.95,0,
151.96,0,
151.97,0,
151.98,0,
151.99,0,
152.00,0,
152.01,0,
152.02,0,
152.03,0,
152.04,0,
152.05,0,
152.06,0,
152.07,0,
152.08,0,
152.09,0,
152.10,0,
152.11,0,
152.12,0,
152.13,0,
152.14,0,
152.15,0,
152.16,0,
152.17,0,
152.18,0,
152.19,0,
152.20,0,
152.21,0,
152.22,0,
152.23,0,
152.24,0,
152.25,0,
152.26,0,
152.27,0,
152.28,0,
152.29,0,
152.30,0,
152.31,0,
152.32,0,
152.33,0,
152.34,0,
152.35,0,
152.36,0,
152.37,0,
152.38,0,
152.39,0,
152.40,0,
152.41,0,
152.42,0,
152.43,0,
152.44,0,
152.45,0,
152.46,0,
152.47,0,
152.48,0,
152.49,0,
152.50,0,
152.51,0,
152.52,0,
152.53,0,
152.54,0,
152.55,0,
152.56,0,
152.57,0,
152.58,0,
152.59,0,
152.60,0,
152.61,0,
152.62,0,
152.63,0,
152.64,0,
152.65,0,
152.66,0,
152.67,0,
152.68,0,
152.69,0,
152.70,0,
152.71,0,
152.72,0,
152.73,0,
152.74,0,
152.75,0,
152.76,0,
152.77,0,
152.78,0,
152.79,0,
152.80,0,
152.81,0,
152.82,0,
152.83,0,
152.84,0,
152.85,0,
152.86,0,
152.87,0,
152.88,0,
152.89,0,
152.90,0,
152.91,0,
152.92,0,
152.93,0,
152.94,0,
152.95,0,
152.96,0,
152.97,0,
152.98,0,
152.99,0,
153.00,0,
153.01,0,
153.02,0,
153.03,0,
153.04,0,
153.05,0,
153.06,0,
153.07,0,
153.08,0,
153.09,0,
153.10,0,
153.11,0,
153.12,0,
153.13,0,
153.14,0,
153.15,0,
153.16,0,
153.17,0,
153.18,0,
153.19,0,
153.20,0,
153.21,0,
153.22,0,
153.23,0,
153.24,0,
153.25,0,
153.26,0,
153.27,0,
153.28,0,
153.29,0,
153.30,0,
153.31,0,
153.32,0,
153.33,0,
153.34,0,
153.35,0,
153.36,0,
153.37,0,
153.38,0,
153.39,0,
153.40,0,
153.41,0,
153.42,0,
153.43,0,
153.44,0,
153.45,0,
153.46,0,
153.47,0,
153.48,0,
153.49,0,
153.50,0,
153.51,0,
153.52,0,
153.53,0,
153.54,0,
153.55,0,
153.56,0,
153.57,0,
153.58,0,
153.59,0,
153.60,0,
153.61,0,
153.62,0,
153.63,0,
153.64,0,
153.65,0,
153.66,0,
153.67,0,
153.68,0,
153.69,0,
153.70,0,
153.71,0,
153.72,0,
153.73,0,
153.74,0,
153.75,0,
153.76,0,
153.77,0,
153.78,0,
153.79,0,
153.80,0,
153.81,0,
153.82,0,
153.83,0,
153.84,0,
153.85,0,
153.86,0,
153.87,0,
153.88,0,
153.89,0,
153.90,0,
153.91,0,
153.92,0,
153.93,0,
153.94,0,
153.95,0,
153.96,0,
153.97,0,
153.98,0,
153.99,0,
154.00,0,
154.01,0,
154.02,0,
154.03,0,
154.04,0,
154.05,0,
154.06,0,
154.07,0,
154.08,0,
154.09,0,
154.10,0,
154.11,0,
154.12,0,
154.13,0,
154.14,0,
154.15,0,
154.16,0,
154.17,0,
154.18,0,
154.19,0,
154.20,0,
154.21,0,
154.22,0,
154.23,0,
154.24,0,
154.25,0,
154.26,0,
154.27,0,
154.28,0,
154.29,0,
154.30,0,
154.31,0,
154.32,0,
154.33,0,
154.34,0,
154.35,0,
154.36,0,
154.37,0,
154.38,0,
154.39,0,
154.40,0,
154.41,0,
154.42,0,
154.43,0,
154.44,0,
154.45,0,
154.46,0,
154.47,0,
154.48,0,
154.49,0,
154.50,0,
154.51,0,
154.52,0,
154.53,0,
154.54,0,
154.55,0,
154.56,0,
154.57,0,
154.58,0,
154.59,0,
154.60,0,
154.61,0,
154.62,0,
154.63,0,
154.64,0,
154.65,0,
154.66,0,
154.67,0,
154.68,0,
154.69,0,
154.70,0,
154.71,0,
154.72,0,
154.73,0,
154.74,0,
154.75,0,
154.76,0,
154.77,0,
154.78,0,
154.79,0,
154.80,0,
154.81,0,
154.82,0,
154.83,0,
154.84,0,
154.85,0,
154.86,0,
154.87,0,
154.88,0,
154.89,0,
154.90,0,
154.91,0,
154.92,0,
154.93,0,
154.94,0,
154.95,0,
154.96,0,
154.97,0,
154.98,0,
154.99,0,
155.00,0,
155.01,0,
155.02,0,
155.03,0,
155.04,0,
155.05,0,
155.06,0,
155.07,0,
155.08,0,
155.09,0,
155.10,0,
155.11,0,
155.12,0,
155.13,0,
155.14,0,
155.15,0,
155.16,0,
155.17,0,
155.18,0,
155.19,0,
155.20,0,
155.21,0,
155.22,0,
155.23,0,
155.24,0,
155.25,0,
155.26,0,
155.27,0,
155.28,0,
155.29,0,
155.30,0,
155.31,0,
155.32,0,
155.33,0,
155.34,0,
155.35,0,
155.36,0,
155.37,0,
155.38,0,
155.39,0,
155.40,0,
155.41,0,
155.42,0,
155.43,0,
155.44,0,
155.45,0,
155.46,0,
155.47,0,
155.48,0,
155.49,0,
155.50,0,
155.51,0,
155.52,0,
155.53,0,
155.54,0,
155.55,0,
155.56,0,
155.57,0,
155.58,0,
155.59,0,
155.60,0,
155.61,0,
155.62,0,
155.63,0,
155.64,0,
155.65,0,
155.66,0,
155.67,0,
155.68,0,
155.69,0,
155.70,0,
155.71,0,
155.72,0,
155.73,0,
155.74,0,
155.75,0,
155.76,0,
155.77,0,
155.78,0,
155.79,0,
155.80,0,
155.81,0,
155.82,0,
155.83,0,
155.84,0,
155.85,0,
155.86,0,
155.87,0,
155.88,0,
155.89,0,
155.90,0,
155.91,0,
155.92,0,
155.93,0,
155.94,0,
155.95,0,
155.96,0,
155.97,0,
155.98,0,
155.99,0,
156.00,0,
156.01,0,
156.02,0,
156.03,0,
156.04,0,
156.05,0,
156.06,0,
156.07,0,
156.08,0,
156.09,0,
156.10,0,
156.11,0,
156.12,0,
156.13,0,
156.14,0,
156.15,0,
156.16,0,
156.17,0,
156.18,0,
156.19,0,
156.20,0,
156.21,0,
156.22,0,
156.23,0,
156.24,0,
156.25,0,
156.26,0,
156.27,0,
156.28,0,
156.29,0,
156.30,0,
156.31,0,
156.32,0,
156.33,0,
156.34,0,
156.35,0,
156.36,0,
156.37,0,
156.38,0,
156.39,0,
156.40,0,
156.41,0,
156.42,0,
156.43,0,
156.44,0,
156.45,0,
156.46,0,
156.47,0,
156.48,0,
156.49,0,
156.50,0,
156.51,0,
156.52,0,
156.53,0,
156.54,0,
156.55,0,
156.56,0,
156.57,0,
156.58,0,
156.59,0,
156.60,0,
156.61,0,
156.62,0,
156.63,0,
156.64,0,
156.65,0,
156.66,0,
156.67,0,
156.68,0,
156.69,0,
156.70,0,
156.71,0,
156.72,0,
156.73,0,
156.74,0,
156.75,0,
156.76,0,
156.77,0,
156.78,0,
156.79,0,
156.80,0,
156.81,0,
156.82,0,
156.83,0,
156.84,0,
156.85,0,
156.86,0,
156.87,0,
156.88,0,
156.89,0,
156.90,0,
156.91,0,
156.92,0,
156.93,0,
156.94,0,
156.95,0,
156.96,0,
156.97,0,
156.98,0,
156.99,0,
157.00,0,
157.01,0,
157.02,0,
157.03,0,
157.04,0,
157.05,0,
157.06,0,
157.07,0,
157.08,0,
157.09,0,
157.10,0,
157.11,0,
157.12,0,
157.13,0,
157.14,0,
157.15,0,
157.16,0,
157.17,0,
157.18,0,
157.19,0,
157.20,0,
157.21,0,
157.22,0,
157.23,0,
157.24,0,
157.25,0,
157.26,0,
157.27,0,
157.28,0,
157.29,0,
157.30,0,
157.31,0,
157.32,0,
157.33,0,
157.34,0,
157.35,0,
157.36,0,
157.37,0,
157.38,0,
157.39,0,
157.40,0,
157.41,0,
157.42,0,
157.43,0,
157.44,0,
157.45,0,
157.46,0,
157.47,0,
157.48,0,
157.49,0,
157.50,0,
157.51,0,
157.52,0,
157.53,0,
157.54,0,
157.55,0,
157.56,0,
157.57,0,
157.58,0,
157.59,0,
157.60,0,
157.61,0,
157.62,0,
157.63,0,
157.64,0,
157.65,0,
157.66,0,
157.67,0,
157.68,0,
157.69,0,
157.70,0,
157.71,0,
157.72,0,
157.73,0,
157.74,0,
157.75,0,
157.76,0,
157.77,0,
157.78,0,
157.79,0,
157.80,0,
157.81,0,
157.82,0,
157.83,0,
157.84,0,
157.85,0,
157.86,0,
157.87,0,
157.88,0,
157.89,0,
157.90,0,
157.91,0,
157.92,0,
157.93,0,
157.94,0,
157.95,0,
157.96,0,
157.97,0,
157.98,0,
157.99,0,
158.00,0,
158.01,0,
158.02,0,
158.03,0,
158.04,0,
158.05,0,
158.06,0,
158.07,0,
158.08,0,
158.09,0,
158.10,0,
158.11,0,
158.12,0,
158.13,0,
158.14,0,
158.15,0,
158.16,0,
158.17,0,
158.18,0,
158.19,0,
158.20,0,
158.21,0,
158.22,0,
158.23,0,
158.24,0,
158.25,0,
158.26,0,
158.27,0,
158.28,0,
158.29,0,
158.30,0,
158.31,0,
158.32,0,
158.33,0,
158.34,0,
158.35,0,
158.36,0,
158.37,0,
158.38,0,
158.39,0,
158.40,0,
158.41,0,
158.42,0,
158.43,0,
158.44,0,
158.45,0,
158.46,0,
158.47,0,
158.48,0,
158.49,0,
158.50,0,
158.51,0,
158.52,0,
158.53,0,
158.54,0,
158.55,0,
158.56,0,
158.57,0,
158.58,0,
158.59,0,
158.60,0,
158.61,0,
158.62,0,
158.63,0,
158.64,0,
158.65,0,
158.66,0,
158.67,0,
158.68,0,
158.69,0,
158.70,0,
158.71,0,
158.72,0,
158.73,0,
158.74,0,
158.75,0,
158.76,0,
158.77,0,
158.78,0,
158.79,0,
158.80,0,
158.81,0,
158.82,0,
158.83,0,
158.84,0,
158.85,0,
158.86,0,
158.87,0,
158.88,0,
158.89,0,
158.90,0,
158.91,0,
158.92,0,
158.93,0,
158.94,0,
158.95,0,
158.96,0,
158.97,0,
158.98,0,
158.99,0,
159.00,0,
159.01,0,
159.02,0,
159.03,0,
159.04,0,
159.05,0,
159.06,0,
159.07,0,
159.08,0,
159.09,0,
159.10,0,
159.11,0,
159.12,0,
159.13,0,
159.14,0,
159.15,0,
159.16,0,
159.17,0,
159.18,0,
159.19,0,
159.20,0,
159.21,0,
159.22,0,
159.23,0,
159.24,0,
159.25,0,
159.26,0,
159.27,0,
159.28,0,
159.29,0,
159.30,0,
159.31,0,
159.32,0,
159.33,0,
159.34,0,
159.35,0,
159.36,0,
159.37,0,
159.38,0,
159.39,0,
159.40,0,
159.41,0,
159.42,0,
159.43,0,
159.44,0,
159.45,0,
159.46,0,
159.47,0,
159.48,0,
159.49,0,
159.50,0,
159.51,0,
159.52,0,
159.53,0,
159.54,0,
159.55,0,
159.56,0,
159.57,0,
159.58,0,
159.59,0,
159.60,0,
159.61,0,
159.62,0,
159.63,0,
159.64,0,
159.65,0,
159.66,0,
159.67,0,
159.68,0,
159.69,0,
159.70,0,
159.71,0,
159.72,0,
159.73,0,
159.74,0,
159.75,0,
159.76,0,
159.77,0,
159.78,0,
159.79,0,
159.80,0,
159.81,0,
159.82,0,
159.83,0,
159.84,0,
159.85,0,
159.86,0,
159.87,0,
159.88,0,
159.89,0,
159.90,0,
159.91,0,
159.92,0,
159.93,0,
159.94,0,
159.95,0,
159.96,0,
159.97,0,
159.98,0,
159.99,0,
160.00,0,
160.01,0,
160.02,0,
160.03,0,
160.04,0,
160.05,0,
160.06,0,
160.07,0,
160.08,0,
160.09,0,
160.10,0,
160.11,0,
160.12,0,
160.13,0,
160.14,0,
160.15,0,
160.16,0,
160.17,0,
160.18,0,
160.19,0,
160.20,0,
160.21,0,
160.22,0,
160.23,0,
160.24,0,
160.25,0,
160.26,0,
160.27,0,
160.28,0,
160.29,0,
160.30,0,
160.31,0,
160.32,0,
160.33,0,
160.34,0,
160.35,0,
160.36,0,
160.37,0,
160.38,0,
160.39,0,
160.40,0,
160.41,0,
160.42,0,
160.43,0,
160.44,0,
160.45,0,
160.46,0,
160.47,0,
160.48,0,
160.49,0,
160.50,0,
160.51,0,
160.52,0,
160.53,0,
160.54,0,
160.55,0,
160.56,0,
160.57,0,
160.58,0,
160.59,0,
160.60,0,
160.61,0,
160.62,0,
160.63,0,
160.64,0,
160.65,0,
160.66,0,
160.67,0,
160.68,0,
160.69,0,
160.70,0,
160.71,0,
160.72,0,
160.73,0,
160.74,0,
160.75,0,
160.76,0,
160.77,0,
160.78,0,
160.79,0,
160.80,0,
160.81,0,
160.82,0,
160.83,0,
160.84,0,
160.85,0,
160.86,0,
160.87,0,
160.88,0,
160.89,0,
160.90,0,
160.91,0,
160.92,0,
160.93,0,
160.94,0,
160.95,0,
160.96,0,
160.97,0,
160.98,0,
160.99,0,
161.00,0,
161.01,0,
161.02,0,
161.03,0,
161.04,0,
161.05,0,
161.06,0,
161.07,0,
161.08,0,
161.09,0,
161.10,0,
161.11,0,
161.12,0,
161.13,0,
161.14,0,
161.15,0,
161.16,0,
161.17,0,
161.18,0,
161.19,0,
161.20,0,
161.21,0,
161.22,0,
161.23,0,
161.24,0,
161.25,0,
161.26,0,
161.27,0,
161.28,0,
161.29,0,
161.30,0,
161.31,0,
161.32,0,
161.33,0,
161.34,0,
161.35,0,
161.36,0,
161.37,0,
161.38,0,
161.39,0,
161.40,0,
161.41,0,
161.42,0,
161.43,0,
161.44,0,
161.45,0,
161.46,0,
161.47,0,
161.48,0,
161.49,0,
161.50,0,
161.51,0,
161.52,0,
161.53,0,
161.54,0,
161.55,0,
161.56,0,
161.57,0,
161.58,0,
161.59,0,
161.60,0,
161.61,0,
161.62,0,
161.63,0,
161.64,0,
161.65,0,
161.66,0,
161.67,0,
161.68,0,
161.69,0,
161.70,0,
161.71,0,
161.72,0,
161.73,0,
161.74,0,
161.75,0,
161.76,0,
161.77,0,
161.78,0,
161.79,0,
161.80,0,
161.81,0,
161.82,0,
161.83,0,
161.84,0,
161.85,0,
161.86,0,
161.87,0,
161.88,0,
161.89,0,
161.90,0,
161.91,0,
161.92,0,
161.93,0,
161.94,0,
161.95,0,
161.96,0,
161.97,0,
161.98,0,
161.99,0,
162.00,0,
162.01,0,
162.02,0,
162.03,0,
162.04,0,
162.05,0,
162.06,0,
162.07,0,
162.08,0,
162.09,0,
162.10,0,
162.11,0,
162.12,0,
162.13,1,0.557
162.14,1,0.422
162.15,1,0.506
162.16,1,0.618
162.17,1,0.772
162.18,1,1.132
162.19,1,1.605
162.20,1,2.008
162.21,1,2.503
162.22,1,3.252
162.23,1,3.642
162.24,1,2.861
162.25,1,2.066
162.26,1,1.346
162.27,1,0.964
162.28,1,0.895
162.29,1,1.038
162.30,1,1.076
162.31,1,1.009
162.32,1,0.919
162.33,1,0.669
162.34,1,0.442
162.35,1,0.427
162.36,1,0.538
162.37,1,0.550
162.38,1,0.561
162.39,1,0.665
162.40,1,0.681
162.41,1,0.617
162.42,1,0.627
162.43,1,0.597
162.44,1,0.463
162.45,1,0.450
162.46,1,0.471
162.47,1,0.509
162.48,1,0.648
162.49,1,0.762
162.50,1,0.803
162.51,1,0.800
162.52,1,0.770
162.53,1,0.750
162.54,1,0.832
162.55,1,0.939
162.56,1,0.974
162.57,1,1.016
162.58,1,1.043
162.59,1,1.043
162.60,1,1.193
162.61,1,1.316
162.62,1,1.354
162.63,1,1.528
162.64,1,1.558
162.65,1,1.409
162.66,1,1.340
162.67,1,1.390
162.68,1,1.120
162.69,1,0.889
162.70,1,0.984
162.71,1,1.066
162.72,1,1.092
162.73,1,1.227
162.74,1,1.387
162.75,1,1.291
162.76,1,1.218
162.77,1,1.455
162.78,1,1.521
162.79,1,1.433
162.80,1,1.423
162.81,1,1.319
162.82,1,1.016
162.83,1,0.784
162.84,1,0.936
162.85,1,0.962
162.86,1,0.988
162.87,1,1.085
162.88,1,1.113
162.89,1,1.055
162.90,1,1.008
162.91,1,0.921
162.92,1,0.782
162.93,1,0.868
162.94,1,1.151
162.95,1,1.222
162.96,1,1.165
162.97,1,1.105
162.98,1,0.978
162.99,1,0.851
163.00,1,0.742
163.01,1,0.791
163.02,1,0.885
163.03,1,0.820
163.04,1,0.792
163.05,1,1.032
163.06,1,1.401
163.07,1,1.681
163.08,1,1.948
163.09,1,2.140
163.10,1,1.536
163.11,1,0.909
163.12,1,0.605
163.13,1,0.527
163.14,1,0.579
163.15,1,0.702
163.16,1,0.862
163.17,1,1.034
163.18,1,1.085
163.19,1,1.054
163.20,1,1.108
163.21,1,1.174
163.22,1,1.190
163.23,1,1.190
163.24,1,0.998
163.25,1,0.699
163.26,1,0.568
163.27,1,0.524
163.28,1,0.574
163.29,1,0.733
163.30,1,0.986
163.31,1,1.366
163.32,1,1.542
163.33,1,1.251
163.34,1,0.954
163.35,1,0.955
163.36,1,0.983
163.37,1,1.058
163.38,1,1.154
163.39,1,1.097
163.40,1,0.915
163.41,1,0.778
163.42,1,0.823
163.43,1,0.966
163.44,1,1.059
163.45,1,1.243
163.46,1,1.329
163.47,1,1.077
163.48,1,0.935
163.49,1,0.970
163.50,1,1.007
163.51,1,1.001
163.52,1,0.987
163.53,1,1.002
163.54,1,1.064
163.55,1,1.172
163.56,1,1.237
163.57,1,1.183
163.58,1,1.084
163.59,1,0.961
163.60,1,0.880
163.61,1,0.909
163.62,1,0.958
163.63,1,1.070
163.64,1,1.181
163.65,1,1.121
163.66,1,0.970
163.67,1,0.865
163.68,1,0.718
163.69,1,0.552
163.70,1,0.591
163.71,1,0.754
163.72,1,0.911
163.73,1,1.219
163.74,1,1.480
163.75,1,1.412
163.76,1,1.323
163.77,1,1.239
163.78,1,1.187
163.79,1,1.165
163.80,1,1.191
163.81,1,1.255
163.82,1,1.297
163.83,1,1.142
163.84,1,1.039
163.85,1,1.137
163.86,1,1.175
163.87,1,1.174
163.88,1,1.221
163.89,1,1.225
163.90,1,1.124
163.91,1,1.354
163.92,1,1.855
163.93,1,2.254
163.94,1,2.470
163.95,1,2.360
163.96,1,1.881
163.97,1,1.229
163.98,1,0.907
163.99,1,0.958
164.00,1,1.072
164.01,1,1.061
164.02,1,1.063
164.03,1,1.210
164.04,1,1.261
164.05,1,1.305
164.06,1,1.492
164.07,1,1.611
164.08,1,1.217
164.09,1,0.931
164.10,1,1.053
164.11,1,1.065
164.12,1,1.000
164.13,1,0.980
164.14,1,1.000
164.15,1,0.981
164.16,1,1.020
164.17,1,1.174
164.18,1,1.249
164.19,1,1.113
164.20,1,0.954
164.21,1,0.789
164.22,1,0.618
164.23,1,0.542
164.24,1,0.570
164.25,1,0.606
164.26,1,0.614
164.27,1,0.631
164.28,1,0.665
164.29,1,0.724
164.30,1,0.741
164.31,1,0.758
164.32,1,0.810
164.33,1,0.847
164.34,1,0.881
164.35,1,0.875
164.36,1,0.826
164.37,1,0.725
164.38,1,0.590
164.39,1,0.542
164.40,1,0.562
164.41,1,0.636
164.42,1,0.704
164.43,1,0.666
164.44,1,0.598
164.45,1,0.596
164.46,1,0.576
164.47,1,0.544
164.48,1,0.505
164.49,1,0.489
164.50,1,0.495
164.51,1,0.561
164.52,1,0.608
164.53,1,0.677
164.54,1,0.710
164.55,1,0.681
164.56,1,0.573
164.57,1,0.580
164.58,1,0.641
164.59,1,0.691
164.60,1,0.724
164.61,1,0.795
164.62,1,0.822
164.63,1,0.819
164.64,1,0.827
164.65,1,0.810
164.66,1,0.796
164.67,1,0.815
164.68,1,0.841
164.69,1,0.879
164.70,1,0.932
164.71,1,0.957
164.72,1,0.939
164.73,1,0.940
164.74,1,0.970
164.75,1,0.954
164.76,1,0.924
164.77,1,0.792
164.78,1,0.643
164.79,1,0.443
164.80,1,0.243
164.81,1,0.178
164.82,1,0.178
164.83,1,0.190
164.84,1,0.180
164.85,1,0.158
164.86,1,0.151
164.87,1,0.144
164.88,1,0.136
164.89,1,0.129
164.90,1,0.154
164.91,1,0.162
164.92,1,0.166
164.93,1,0.168
164.94,1,0.170
164.95,1,0.162
164.96,1,0.150
164.97,1,0.144
164.98,1,0.146
164.99,1,0.129
165.00,1,0.116
165.01,1,0.110
165.02,1,0.102
165.03,1,0.105
165.04,1,0.114
165.05,1,0.112
165.06,1,0.121
165.07,1,0.124
165.08,1,0.141
165.09,1,0.172
165.10,1,0.203
165.11,1,0.229
165.12,1,0.277
165.13,1,0.317
165.14,1,0.297
165.15,1,0.333
165.16,1,0.336
165.17,1,0.320
165.18,1,0.319
165.19,1,0.321
165.20,1,0.280
165.21,1,0.270
165.22,1,0.285
165.23,1,0.279
165.24,1,0.329
165.25,1,0.404
165.26,1,0.469
165.27,1,0.482
165.28,1,0.508
165.29,1,0.516
165.30,1,0.441
165.31,1,0.382
165.32,1,0.355
165.33,1,0.459
165.34,1,0.570
165.35,1,0.599
165.36,1,0.641
165.37,1,0.668
165.38,1,0.620
165.39,1,0.529
165.40,1,0.525
165.41,1,0.503
165.42,1,0.488
165.43,1,0.437
165.44,1,0.471
165.45,1,0.513
165.46,1,0.547
165.47,1,0.662
165.48,1,0.794
165.49,1,0.880
165.50,1,0.926
165.51,1,0.911
165.52,1,0.804
165.53,1,0.648
165.54,1,0.508
165.55,1,0.463
165.56,1,0.529
165.57,1,0.623
165.58,1,0.666
165.59,1,0.628
165.60,1,0.648
165.61,1,0.625
165.62,1,0.597
165.63,1,0.608
165.64,1,0.558
165.65,1,0.490
165.66,1,0.492
165.67,1,0.482
165.68,1,0.472
165.69,1,0.492
165.70,1,0.493
165.71,1,0.479
165.72,1,0.485
165.73,1,0.495
165.74,1,0.506
165.75,1,0.538
165.76,1,0.577
165.77,1,0.570
165.78,1,0.583
165.79,1,0.620
165.80,1,0.640
165.81,1,0.660
165.82,1,0.667
165.83,1,0.668
165.84,1,0.629
165.85,1,0.569
165.86,1,0.558
165.87,1,0.511
165.88,1,0.426
165.89,1,0.393
165.90,1,0.405
165.91,1,0.424
165.92,1,0.476
165.93,1,0.598
165.94,1,0.744
165.95,1,0.847
165.96,1,0.967
165.97,1,1.022
165.98,1,0.997
165.99,1,0.980
166.00,1,0.821
166.01,1,0.738
166.02,1,0.674
166.03,1,0.688
166.04,1,0.738
166.05,1,0.828
166.06,1,0.884
166.07,1,0.927
166.08,1,0.939
166.09,1,0.920
166.10,1,0.849
166.11,1,0.803
166.12,1,0.796
166.13,1,0.811
166.14,1,0.815
166.15,1,0.906
166.16,1,0.861
166.17,1,0.671
166.18,1,0.453
166.19,1,0.467
166.20,1,0.511
166.21,1,0.558
166.22,1,1.057
166.23,1,1.284
166.24,1,1.304
166.25,1,1.177
166.26,1,0.964
166.27,1,0.789
166.28,1,0.783
166.29,1,0.926
166.30,1,0.877
166.31,1,0.634
166.32,1,0.381
166.33,1,0.268
166.34,1,0.204
166.35,1,0.178
166.36,1,0.147
166.37,1,0.120
166.38,1,0.097
166.39,1,0.084
166.40,1,0.074
166.41,1,0.078
166.42,1,0.082
166.43,1,0.079
166.44,1,0.079
166.45,1,0.075
166.46,1,0.066
166.47,1,0.066
166.48,1,0.060
166.49,1,0.062
166.50,1,0.067
166.51,1,0.080
166.52,1,0.084
166.53,1,0.088
166.54,1,0.085
166.55,1,0.091
166.56,1,0.090
166.57,1,0.116
166.58,1,0.126
166.59,1,0.135
166.60,1,0.141
166.61,1,0.133
166.62,1,0.105
166.63,1,0.107
166.64,1,0.102
166.65,1,0.117
166.66,1,0.106
166.67,1,0.107
166.68,1,0.105
166.69,1,0.105
166.70,1,0.122
166.71,1,0.119
166.72,1,0.104
166.73,1,0.090
166.74,1,0.083
166.75,1,0.072
166.76,1,0.076
166.77,1,0.082
166.78,1,0.087
166.79,1,0.090
166.80,1,0.086
166.81,1,0.085
166.82,1,0.087
166.83,1,0.088
166.84,1,0.093
166.85,1,0.114
166.86,1,0.129
166.87,1,0.152
166.88,1,0.246
166.89,1,0.614
166.90,1,0.696
166.91,1,0.947
166.92,1,0.990
166.93,1,0.981
166.94,1,0.883
166.95,1,0.640
166.96,1,0.233
166.97,1,0.143
166.98,1,0.106
166.99,1,0.085
167.00,1,0.077
167.01,1,0.075
167.02,1,0.083
167.03,1,0.087
167.04,1,0.089
167.05,1,0.092
167.06,1,0.100
167.07,1,0.112
167.08,1,0.114
167.09,1,0.109
167.10,1,0.105
167.11,1,0.102
167.12,1,0.106
167.13,1,0.119
167.14,1,0.121
167.15,1,0.123
167.16,1,0.129
167.17,1,0.140
167.18,1,0.143
167.19,1,0.143
167.20,1,0.138
167.21,1,0.126
167.22,1,0.116
167.23,1,0.110
167.24,1,0.125
167.25,1,0.136
167.26,1,0.141
167.27,1,0.173
167.28,1,0.221
167.29,1,0.275
167.30,1,0.431
167.31,1,0.695
167.32,1,0.995
167.33,1,1.049
167.34,1,1.094
167.35,1,0.909
167.36,1,0.995
167.37,1,1.311
167.38,1,1.531
167.39,1,1.696
167.40,1,2.060
167.41,1,2.468
167.42,1,1.872
167.43,1,0.987
167.44,1,1.082
167.45,1,1.042
167.46,1,0.918
167.47,1,0.652
167.48,1,0.668
167.49,1,0.566
167.50,1,0.525
167.51,1,0.471
167.52,1,0.477
167.53,1,0.479
167.54,1,0.568
167.55,1,0.579
167.56,1,0.644
167.57,1,0.680
167.58,1,0.671
167.59,1,0.708
167.60,1,0.750
167.61,1,0.725
167.62,1,0.684
167.63,1,0.704
167.64,1,0.676
167.65,1,0.686
167.66,1,0.764
167.67,1,0.927
167.68,1,0.980
167.69,1,1.237
167.70,1,1.904
167.71,1,2.564
167.72,1,2.286
167.73,1,2.107
167.74,1,1.991
167.75,1,1.731
167.76,1,1.376
167.77,1,0.764
167.78,1,0.478
167.79,1,0.549
167.80,1,0.590
167.81,1,0.588
167.82,1,0.549
167.83,1,0.606
167.84,1,0.616
167.85,1,0.577
167.86,1,0.647
167.87,1,0.702
167.88,1,0.653
167.89,1,0.633
167.90,1,0.674
167.91,1,0.704
167.92,1,0.691
167.93,1,0.715
167.94,1,0.725
167.95,1,0.706
167.96,1,0.758
167.97,1,0.769
167.98,1,0.783
167.99,1,0.826
168.00,1,0.920
168.01,1,0.939
168.02,1,0.995
168.03,1,1.077
168.04,1,0.949
168.05,1,0.717
168.06,1,0.562
168.07,1,0.533
168.08,1,0.487
168.09,1,0.475
168.10,1,0.476
168.11,1,0.515
168.12,1,0.574
168.13,1,0.630
168.14,1,0.715
168.15,1,0.747
168.16,1,0.755
168.17,1,0.750
168.18,1,0.788
168.19,1,0.869
168.20,1,0.940
168.21,1,0.956
168.22,1,0.985
168.23,1,0.924
168.24,1,0.907
168.25,1,0.855
168.26,1,0.733
168.27,1,0.584
168.28,1,0.509
168.29,1,0.521
168.30,1,0.520
168.31,1,0.537
168.32,1,0.557
168.33,1,0.615
168.34,1,0.723
168.35,1,0.898
168.36,1,0.975
168.37,1,1.040
168.38,1,1.012
168.39,1,0.892
168.40,1,0.802
168.41,1,0.720
168.42,1,0.648
168.43,1,0.621
168.44,1,0.645
168.45,1,0.666
168.46,1,0.679
168.47,1,0.688
168.48,1,0.695
168.49,1,0.731
168.50,1,0.792
168.51,1,0.881
168.52,1,0.987
168.53,1,1.126
168.54,1,1.289
168.55,1,1.447
168.56,1,1.580
168.57,1,1.107
168.58,1,0.788
168.59,1,0.687
168.60,1,0.670
168.61,1,0.751
168.62,1,0.890
168.63,1,0.984
168.64,1,0.924
168.65,1,0.803
168.66,1,0.700
168.67,1,0.662
168.68,1,0.680
168.69,1,0.776
168.70,1,0.885
168.71,1,0.975
168.72,1,0.996
168.73,1,0.921
168.74,1,0.805
168.75,1,0.720
168.76,1,0.714
168.77,1,0.691
168.78,1,0.637
168.79,1,0.639
168.80,1,0.633
168.81,1,0.604
168.82,1,0.612
168.83,1,0.626
168.84,1,0.592
168.85,1,0.537
168.86,1,0.509
168.87,1,0.486
168.88,1,0.448
168.89,1,0.411
168.90,1,0.426
168.91,1,0.422
168.92,1,0.452
168.93,1,0.603
168.94,1,0.928
168.95,1,1.160
168.96,1,1.194
168.97,1,1.037
168.98,1,1.051
168.99,1,0.794
169.00,1,0.640
169.01,1,0.515
169.02,1,0.443
169.03,1,0.380
169.04,1,0.354
169.05,1,0.283
169.06,1,0.180
169.07,1,0.121
169.08,1,0.091
169.09,1,0.079
169.10,1,0.082
169.11,1,0.083
169.12,1,0.087
169.13,1,0.117
169.14,1,0.145
169.15,1,0.132
169.16,1,0.121
169.17,1,0.127
169.18,1,0.117
169.19,1,0.116
169.20,1,0.108
169.21,1,0.100
169.22,1,0.097
169.23,1,0.098
169.24,1,0.112
169.25,1,0.118
169.26,1,0.127
169.27,1,0.123
169.28,1,0.122
169.29,1,0.116
169.30,1,0.114
169.31,1,0.104
169.32,1,0.104
169.33,1,0.112
169.34,1,0.127
169.35,1,0.154
169.36,1,0.256
169.37,1,0.460
169.38,1,0.494
169.39,1,0.360
169.40,1,0.239
169.41,1,0.163
169.42,1,0.115
169.43,1,0.092
169.44,1,0.078
169.45,1,0.075
169.46,1,0.070
169.47,1,0.066
169.48,1,0.069
169.49,1,0.075
169.50,1,0.079
169.51,1,0.083
169.52,1,0.088
169.53,1,0.094
169.54,1,0.091
169.55,1,0.100
169.56,1,0.107
169.57,1,0.114
169.58,1,0.120
169.59,1,0.128
169.60,1,0.126
169.61,1,0.131
169.62,1,0.133
169.63,1,0.132
169.64,1,0.132
169.65,1,0.133
169.66,1,0.139
169.67,1,0.150
169.68,1,0.153
169.69,1,0.148
169.70,1,0.140
169.71,1,0.123
169.72,1,0.105
169.73,1,0.114
169.74,1,0.139
169.75,1,0.158
169.76,1,0.170
169.77,1,0.183
169.78,1,0.186
169.79,1,0.182
169.80,1,0.206
169.81,1,0.239
169.82,1,0.264
169.83,1,0.269
169.84,1,0.261
169.85,1,0.222
169.86,1,0.198
169.87,1,0.134
169.88,1,0.101
169.89,1,0.095
169.90,1,0.092
169.91,1,0.092
169.92,1,0.098
169.93,1,0.099
169.94,1,0.092
169.95,1,0.085
169.96,1,0.082
169.97,1,0.076
169.98,1,0.078
169.99,1,0.083
170.00,1,0.085
170.01,1,0.094
170.02,1,0.111
170.03,1,0.140
170.04,1,0.196
170.05,1,0.394
170.06,1,0.640
170.07,1,0.626
170.08,1,0.617
170.09,1,0.578
170.10,1,0.350
170.11,1,0.152
170.12,1,0.122
170.13,1,0.110
170.14,1,0.095
170.15,1,0.086
170.16,1,0.091
170.17,1,0.094
170.18,1,0.114
170.19,1,0.152
170.20,1,0.247
170.21,1,0.587
170.22,1,0.649
170.23,1,0.582
170.24,1,0.275
170.25,1,0.198
170.26,1,0.155
170.27,1,0.125
170.28,1,0.092
170.29,1,0.079
170.30,1,0.077
170.31,1,0.075
170.32,1,0.082
170.33,1,0.085
170.34,1,0.081
170.35,1,0.074
170.36,1,0.076
170.37,1,0.073
170.38,1,0.075
170.39,1,0.079
170.40,1,0.077
170.41,1,0.082
170.42,1,0.083
170.43,1,0.088
170.44,1,0.096
170.45,1,0.107
170.46,1,0.116
170.47,1,0.135
170.48,1,0.154
170.49,1,0.176
170.50,1,0.190
170.51,1,0.187
170.52,1,0.179
170.53,1,0.121
170.54,1,0.071
170.55,1,0.051
170.56,1,0.052
170.57,1,0.051
170.58,1,0.059
170.59,1,0.061
170.60,1,0.070
170.61,1,0.072
170.62,1,0.081
170.63,1,0.095
170.64,1,0.099
170.65,1,0.096
170.66,1,0.108
170.67,1,0.095
170.68,1,0.085
170.69,1,0.084
170.70,1,0.065
170.71,1,0.059
170.72,1,0.052
170.73,1,0.048
170.74,1,0.048
170.75,1,0.055
170.76,1,0.064
170.77,1,0.079
170.78,1,0.089
170.79,1,0.097
170.80,1,0.108
170.81,1,0.109
170.82,1,0.110
170.83,1,0.113
170.84,1,0.122
170.85,1,0.128
170.86,1,0.133
170.87,1,0.128
170.88,1,0.125
170.89,1,0.130
170.90,1,0.130
170.91,1,0.141
170.92,1,0.151
170.93,1,0.146
170.94,1,0.123
170.95,1,0.145
170.96,1,0.182
170.97,1,0.292
170.98,1,0.461
170.99,1,0.672
171.00,1,0.722
171.01,1,0.630
171.02,1,0.538
171.03,1,0.509
171.04,1,0.563
171.05,1,0.637
171.06,1,0.701
171.07,1,0.781
171.08,1,1.098
171.09,1,1.577
171.10,1,1.840
171.11,1,1.877
171.12,1,1.580
171.13,1,0.935
171.14,1,0.650
171.15,1,0.516
171.16,1,0.420
171.17,1,0.332
171.18,1,0.354
171.19,1,0.344
171.20,1,0.231
171.21,1,0.118
171.22,1,0.074
171.23,1,0.048
171.24,1,0.038
171.25,1,0.038
171.26,1,0.044
171.27,1,0.046
171.28,1,0.043
171.29,1,0.044
171.30,1,0.036
171.31,1,0.030
171.32,1,0.027
171.33,1,0.024
171.34,1,0.022
171.35,1,0.026
171.36,1,0.030
171.37,1,0.037
171.38,1,0.049
171.39,1,0.054
171.40,1,0.050
171.41,1,0.051
171.42,1,0.047
171.43,1,0.043
171.44,1,0.042
171.45,1,0.041
171.46,1,0.039
171.47,1,0.044
171.48,1,0.054
171.49,1,0.066
171.50,1,0.093
171.51,1,0.120
171.52,1,0.119
171.53,1,0.076
171.54,1,0.057
171.55,1,0.043
171.56,1,0.041
171.57,1,0.038
171.58,1,0.041
171.59,1,0.047
171.60,1,0.054
171.61,1,0.055
171.62,1,0.060
171.63,1,0.061
171.64,1,0.065
171.65,1,0.069
171.66,1,0.074
171.67,1,0.078
171.68,1,0.083
171.69,1,0.087
171.70,1,0.091
171.71,1,0.096
171.72,1,0.102
171.73,1,0.110
171.74,1,0.123
171.75,1,0.138
171.76,1,0.155
171.77,1,0.164
171.78,1,0.170
171.79,1,0.159
171.80,1,0.139
171.81,1,0.117
171.82,1,0.094
171.83,1,0.076
171.84,1,0.064
171.85,1,0.053
171.86,1,0.055
171.87,1,0.061
171.88,1,0.068
171.89,1,0.078
171.90,1,0.093
171.91,1,0.098
171.92,1,0.104
171.93,1,0.108
171.94,1,0.107
171.95,1,0.101
171.96,1,0.108
171.97,1,0.121
171.98,1,0.145
171.99,1,0.182
172.00,1,0.241
172.01,1,0.289
172.02,1,0.320
172.03,1,0.179
172.04,1,0.102
172.05,1,0.074
172.06,1,0.063
172.07,1,0.054
172.08,1,0.056
172.09,1,0.062
172.10,1,0.063
172.11,1,0.067
172.12,1,0.074
172.13,1,0.087
172.14,1,0.093
172.15,1,0.097
172.16,1,0.098
172.17,1,0.095
172.18,1,0.077
172.19,1,0.066
172.20,1,0.073
172.21,1,0.071
172.22,1,0.073
172.23,1,0.086
172.24,1,0.091
172.25,1,0.090
172.26,1,0.091
172.27,1,0.086
172.28,1,0.076
172.29,1,0.073
172.30,1,0.073
172.31,1,0.076
172.32,1,0.084
172.33,1,0.089
172.34,1,0.101
172.35,1,0.107
172.36,1,0.103
172.37,1,0.107
172.38,1,0.108
172.39,1,0.094
172.40,1,0.093
172.41,1,0.090
172.42,1,0.084
172.43,1,0.089
172.44,1,0.078
172.45,1,0.071
172.46,1,0.061
172.47,1,0.054
172.48,1,0.053
172.49,1,0.063
172.50,1,0.068
172.51,1,0.073
172.52,1,0.076
172.53,1,0.081
172.54,1,0.082
172.55,1,0.085
172.56,1,0.091
172.57,1,0.096
172.58,1,0.096
172.59,1,0.101
172.60,1,0.097
172.61,1,0.099
172.62,1,0.095
172.63,1,0.097
172.64,1,0.096
172.65,1,0.098
172.66,1,0.098
172.67,1,0.100
172.68,1,0.102
172.69,1,0.111
172.70,1,0.122
172.71,1,0.137
172.72,1,0.143
172.73,1,0.169
172.74,1,0.207
172.75,1,0.296
172.76,1,0.530
172.77,1,0.897
172.78,1,1.125
172.79,1,1.124
172.80,1,0.861
172.81,1,0.716
172.82,1,0.642
172.83,1,0.609
172.84,1,0.606
172.85,1,0.716
172.86,1,0.696
172.87,1,0.703
172.88,1,0.779
172.89,1,0.734
172.90,1,0.542
172.91,1,0.386
172.92,1,0.326
172.93,1,0.276
172.94,1,0.347
172.95,1,0.234
172.96,1,0.169
172.97,1,0.131
172.98,1,0.119
172.99,1,0.116
173.00,1,0.124
173.01,1,0.132
173.02,1,0.140
173.03,1,0.148
173.04,1,0.153
173.05,1,0.153
173.06,1,0.155
173.07,1,0.157
173.08,1,0.146
173.09,1,0.129
173.10,1,0.118
173.11,1,0.118
173.12,1,0.130
173.13,1,0.143
173.14,1,0.157
173.15,1,0.180
173.16,1,0.196
173.17,1,0.196
173.18,1,0.216
173.19,1,0.248
173.20,1,0.273
173.21,1,0.260
173.22,1,0.245
173.23,1,0.239
173.24,1,0.224
173.25,1,0.225
173.26,1,0.253
173.27,1,0.266
173.28,1,0.255
173.29,1,0.269
173.30,1,0.271
173.31,1,0.264
173.32,1,0.280
173.33,1,0.307
173.34,1,0.322
173.35,1,0.336
173.36,1,0.353
173.37,1,0.365
173.38,1,0.354
173.39,1,0.347
173.40,1,0.382
173.41,1,0.417
173.42,1,0.490
173.43,1,0.638
173.44,1,0.769
173.45,1,0.741
173.46,1,0.616
173.47,1,0.538
173.48,1,0.557
173.49,1,0.481
173.50,1,0.506
173.51,1,0.447
173.52,1,0.318
173.53,1,0.240
173.54,1,0.214
173.55,1,0.219
173.56,1,0.223
173.57,1,0.247
173.58,1,0.293
173.59,1,0.304
173.60,1,0.295
173.61,1,0.316
173.62,1,0.334
173.63,1,0.311
173.64,1,0.294
173.65,1,0.273
173.66,1,0.277
173.67,1,0.292
173.68,1,0.300
173.69,1,0.288
173.70,1,0.290
173.71,1,0.278
173.72,1,0.250
173.73,1,0.240
173.74,1,0.238
173.75,1,0.205
173.76,1,0.181
173.77,1,0.166
173.78,1,0.168
173.79,1,0.163
173.80,1,0.172
173.81,1,0.172
173.82,1,0.183
173.83,1,0.184
173.84,1,0.191
173.85,1,0.217
173.86,1,0.264
173.87,1,0.302
173.88,1,0.394
173.89,1,0.685
173.90,1,1.152
173.91,1,1.648
173.92,1,1.859
173.93,1,1.962
173.94,1,1.814
173.95,1,1.863
173.96,1,1.603
173.97,1,1.552
173.98,1,1.672
173.99,1,1.456
174.00,1,1.295
174.01,1,1.187
174.02,1,1.051
174.03,1,0.584
174.04,1,0.368
174.05,1,0.295
174.06,1,0.236
174.07,1,0.249
174.08,1,0.269
174.09,1,0.334
174.10,1,0.413
174.11,1,0.518
174.12,1,0.579
174.13,1,0.640
174.14,1,0.625
174.15,1,0.559
174.16,1,0.576
174.17,1,0.682
174.18,1,0.772
174.19,1,0.791
174.20,1,0.762
174.21,1,0.663
174.22,1,0.571
174.23,1,0.513
174.24,1,0.512
174.25,1,0.587
174.26,1,0.650
174.27,1,0.699
174.28,1,0.705
174.29,1,0.976
174.30,1,0.840
174.31,1,0.711
174.32,1,0.475
174.33,1,0.477
174.34,1,0.461
174.35,1,0.405
174.36,1,0.411
174.37,1,0.486
174.38,1,0.511
174.39,1,0.616
174.40,1,0.686
174.41,1,0.650
174.42,1,0.548
174.43,1,0.471
174.44,1,0.451
174.45,1,0.452
174.46,1,0.475
174.47,1,0.507
174.48,1,0.533
174.49,1,0.531
174.50,1,0.554
174.51,1,0.578
174.52,1,0.626
174.53,1,0.737
174.54,1,1.006
174.55,1,1.211
174.56,1,1.580
174.57,1,1.557
174.58,1,1.297
174.59,1,1.079
174.60,1,0.934
174.61,1,1.191
174.62,1,1.035
174.63,1,1.008
174.64,1,0.802
174.65,1,0.681
174.66,1,0.602
174.67,1,0.578
174.68,1,0.583
174.69,1,0.623
174.70,1,0.670
174.71,1,0.626
174.72,1,0.557
174.73,1,0.585
174.74,1,0.554
174.75,1,0.522
174.76,1,0.558
174.77,1,0.534
174.78,1,0.518
174.79,1,0.504
174.80,1,0.483
174.81,1,0.444
174.82,1,0.436
174.83,1,0.461
174.84,1,0.524
174.85,1,0.587
174.86,1,0.661
174.87,1,0.686
174.88,1,0.698
174.89,1,0.648
174.90,1,0.665
174.91,1,0.658
174.92,1,0.691
174.93,1,0.709
174.94,1,0.799
174.95,1,0.888
174.96,1,0.991
174.97,1,1.072
174.98,1,1.190
174.99,1,1.196
175.00,1,1.270
175.01,1,1.395
175.02,1,1.440
175.03,1,1.316
175.04,1,1.141
175.05,1,1.085
175.06,1,0.900
175.07,1,0.600
175.08,1,0.266
175.09,1,0.157
175.10,1,0.111
175.11,1,0.088
175.12,1,0.088
175.13,1,0.086
175.14,1,0.086
175.15,1,0.081
175.16,1,0.080
175.17,1,0.086
175.18,1,0.083
175.19,1,0.083
175.20,1,0.090
175.21,1,0.086
175.22,1,0.088
175.23,1,0.102
175.24,1,0.107
175.25,1,0.120
175.26,1,0.122
175.27,1,0.139
175.28,1,0.156
175.29,1,0.208
175.30,1,0.355
175.31,1,0.854
175.32,1,1.002
175.33,1,0.725
175.34,1,0.316
175.35,1,0.243
175.36,1,0.201
175.37,1,0.169
175.38,1,0.150
175.39,1,0.149
175.40,1,0.136
175.41,1,0.127
175.42,1,0.107
175.43,1,0.083
175.44,1,0.068
175.45,1,0.055
175.46,1,0.045
175.47,1,0.041
175.48,1,0.043
175.49,1,0.047
175.50,1,0.050
175.51,1,0.056
175.52,1,0.064
175.53,1,0.072
175.54,1,0.075
175.55,1,0.077
175.56,1,0.075
175.57,1,0.069
175.58,1,0.064
175.59,1,0.065
175.60,1,0.065
175.61,1,0.074
175.62,1,0.087
175.63,1,0.098
175.64,1,0.107
175.65,1,0.098
175.66,1,0.078
175.67,1,0.065
175.68,1,0.050
175.69,1,0.050
175.70,1,0.059
175.71,1,0.061
175.72,1,0.068
175.73,1,0.075
175.74,1,0.079
175.75,1,0.094
175.76,1,0.104
175.77,1,0.104
175.78,1,0.105
175.79,1,0.110
175.80,1,0.114
175.81,1,0.116
175.82,1,0.122
175.83,1,0.131
175.84,1,0.134
175.85,1,0.143
175.86,1,0.147
175.87,1,0.147
175.88,1,0.142
175.89,1,0.130
175.90,1,0.122
175.91,1,0.116
175.92,1,0.107
175.93,1,0.103
175.94,1,0.099
175.95,1,0.095
175.96,1,0.096
175.97,1,0.101
175.98,1,0.106
175.99,1,0.121
176.00,1,0.140
176.01,1,0.156
176.02,1,0.163
176.03,1,0.160
176.04,1,0.155
176.05,1,0.151
176.06,1,0.149
176.07,1,0.156
176.08,1,0.169
176.09,1,0.185
176.10,1,0.203
176.11,1,0.236
176.12,1,0.313
176.13,1,0.476
176.14,1,0.621
176.15,1,0.762
176.16,1,0.953
176.17,1,1.080
176.18,1,1.025
176.19,1,0.967
176.20,1,1.079
176.21,1,1.259
176.22,1,1.323
176.23,1,1.156
176.24,1,0.611
176.25,1,0.570
176.26,1,0.536
176.27,1,0.581
176.28,1,0.636
176.29,1,0.709
176.30,1,0.687
176.31,1,0.647
176.32,1,0.568
176.33,1,0.533
176.34,1,0.552
176.35,1,0.588
176.36,1,0.641
176.37,1,0.705
176.38,1,0.775
176.39,1,0.822
176.40,1,0.887
176.41,1,1.078
176.42,1,1.110
176.43,1,1.171
176.44,1,1.422
176.45,1,1.540
176.46,1,1.566
176.47,1,1.525
176.48,1,1.391
176.49,1,0.952
176.50,1,0.509
176.51,1,0.422
176.52,1,0.475
176.53,1,0.556
176.54,1,0.534
176.55,1,0.529
176.56,1,0.531
176.57,1,0.486
176.58,1,0.442
176.59,1,0.462
176.60,1,0.485
176.61,1,0.469
176.62,1,0.444
176.63,1,0.412
176.64,1,0.420
176.65,1,0.457
176.66,1,0.507
176.67,1,0.549
176.68,1,0.628
176.69,1,0.698
176.70,1,0.735
176.71,1,0.758
176.72,1,0.838
176.73,1,0.954
176.74,1,0.997
176.75,1,0.996
176.76,1,1.129
176.77,1,0.794
176.78,1,0.496
176.79,1,0.379
176.80,1,0.345
176.81,1,0.370
176.82,1,0.450
176.83,1,0.454
176.84,1,0.532
176.85,1,0.576
176.86,1,0.576
176.87,1,0.611
176.88,1,0.690
176.89,1,0.666
176.90,1,0.716
176.91,1,0.735
176.92,1,0.669
176.93,1,0.628
176.94,1,0.595
176.95,1,0.639
176.96,1,0.643
176.97,1,0.586
176.98,1,0.562
176.99,1,0.521
177.00,1,0.520
177.01,1,0.553
177.02,1,0.609
177.03,1,0.724
177.04,1,0.792
177.05,1,0.710
177.06,1,0.515
177.07,1,0.452
177.08,1,0.469
177.09,1,0.452
177.10,1,0.447
177.11,1,0.467
177.12,1,0.458
177.13,1,0.450
177.14,1,0.466
177.15,1,0.507
177.16,1,0.551
177.17,1,0.606
177.18,1,0.682
177.19,1,0.780
177.20,1,0.829
177.21,1,0.872
177.22,1,0.901
177.23,1,0.872
177.24,1,0.838
177.25,1,0.815
177.26,1,0.773
177.27,1,0.689
177.28,1,0.623
177.29,1,0.589
177.30,1,0.695
177.31,1,0.762
177.32,1,0.793
177.33,1,0.613
177.34,1,0.549
177.35,1,0.577
177.36,1,0.635
177.37,1,0.686
177.38,1,0.796
177.39,1,0.840
177.40,1,0.738
177.41,1,0.648
177.42,1,0.647
177.43,1,0.611
177.44,1,0.578
177.45,1,0.578
177.46,1,0.520
177.47,1,0.487
177.48,1,0.563
177.49,1,0.609
177.50,1,0.672
177.51,1,0.712
177.52,1,0.703
177.53,1,0.702
177.54,1,0.663
177.55,1,0.591
177.56,1,0.541
177.57,1,0.532
177.58,1,0.545
177.59,1,0.576
177.60,1,0.608
177.61,1,0.635
177.62,1,0.581
177.63,1,0.528
177.64,1,0.525
177.65,1,0.672
177.66,1,0.976
177.67,1,1.396
177.68,1,1.094
177.69,1,0.962
177.70,1,0.924
177.71,1,0.768
177.72,1,0.663
177.73,1,0.548
177.74,1,0.260
177.75,1,0.194
177.76,1,0.129
177.77,1,0.110
177.78,1,0.094
177.79,1,0.081
177.80,1,0.086
177.81,1,0.090
177.82,1,0.095
177.83,1,0.101
177.84,1,0.089
177.85,1,0.076
177.86,1,0.072
177.87,1,0.073
177.88,1,0.071
177.89,1,0.069
177.90,1,0.070
177.91,1,0.069
177.92,1,0.065
177.93,1,0.066
177.94,1,0.069
177.95,1,0.067
177.96,1,0.067
177.97,1,0.069
177.98,1,0.064
177.99,1,0.062
178.00,1,0.065
178.01,1,0.070
178.02,1,0.080
178.03,1,0.090
178.04,1,0.095
178.05,1,0.097
178.06,1,0.092
178.07,1,0.084
178.08,1,0.077
178.09,1,0.071
178.10,1,0.077
178.11,1,0.087
178.12,1,0.105
178.13,1,0.150
178.14,1,0.210
178.15,1,0.112
178.16,1,0.076
178.17,1,0.064
178.18,1,0.056
178.19,1,0.053
178.20,1,0.055
178.21,1,0.063
178.22,1,0.063
178.23,1,0.063
178.24,1,0.062
178.25,1,0.072
178.26,1,0.081
178.27,1,0.096
178.28,1,0.119
178.29,1,0.149
178.30,1,0.172
178.31,1,0.202
178.32,1,0.316
178.33,1,0.262
178.34,1,0.132
178.35,1,0.091
178.36,1,0.068
178.37,1,0.061
178.38,1,0.057
178.39,1,0.059
178.40,1,0.066
178.41,1,0.076
178.42,1,0.079
178.43,1,0.081
178.44,1,0.084
178.45,1,0.091
178.46,1,0.090
178.47,1,0.086
178.48,1,0.088
178.49,1,0.087
178.50,1,0.092
178.51,1,0.109
178.52,1,0.127
178.53,1,0.151
178.54,1,0.186
178.55,1,0.229
178.56,1,0.338
178.57,1,0.196
178.58,1,0.131
178.59,1,0.106
178.60,1,0.089
178.61,1,0.074
178.62,1,0.067
178.63,1,0.069
178.64,1,0.071
178.65,1,0.070
178.66,1,0.072
178.67,1,0.072
178.68,1,0.065
178.69,1,0.060
178.70,1,0.060
178.71,1,0.059
178.72,1,0.061
178.73,1,0.060
178.74,1,0.059
178.75,1,0.063
178.76,1,0.064
178.77,1,0.068
178.78,1,0.073
178.79,1,0.080
178.80,1,0.089
178.81,1,0.109
178.82,1,0.139
178.83,1,0.202
178.84,1,0.319
178.85,1,0.372
178.86,1,0.258
178.87,1,0.161
178.88,1,0.105
178.89,1,0.087
178.90,1,0.089
178.91,1,0.093
178.92,1,0.091
178.93,1,0.097
178.94,1,0.097
178.95,1,0.081
178.96,1,0.096
178.97,1,0.110
178.98,1,0.099
178.99,1,0.086
179.00,1,0.074
179.01,1,0.051
179.02,1,0.050
179.03,1,0.053
179.04,1,0.085
179.05,1,0.117
179.06,1,0.126
179.07,1,0.134
179.08,1,0.137
179.09,1,0.119
179.10,1,0.100
179.11,1,0.094
179.12,1,0.100
179.13,1,0.107
179.14,1,0.119
179.15,1,0.129
179.16,1,0.139
179.17,1,0.146
179.18,1,0.160
179.19,1,0.183
179.20,1,0.272
179.21,1,0.482
179.22,1,0.877
179.23,1,0.886
179.24,1,0.348
179.25,1,0.119
179.26,1,0.071
179.27,1,0.049
179.28,1,0.051
179.29,1,0.073
179.30,1,0.084
179.31,1,0.093
179.32,1,0.101
179.33,1,0.098
179.34,1,0.083
179.35,1,0.071
179.36,1,0.074
179.37,1,0.080
179.38,1,0.091
179.39,1,0.104
179.40,1,0.121
179.41,1,0.121
179.42,1,0.100
179.43,1,0.080
179.44,1,0.067
179.45,1,0.065
179.46,1,0.064
179.47,1,0.065
179.48,1,0.068
179.49,1,0.076
179.50,1,0.082
179.51,1,0.083
179.52,1,0.076
179.53,1,0.078
179.54,1,0.097
179.55,1,0.131
179.56,1,0.166
179.57,1,0.200
179.58,1,0.213
179.59,1,0.216
179.60,1,0.205
179.61,1,0.180
179.62,1,0.153
179.63,1,0.125
179.64,1,0.106
179.65,1,0.092
179.66,1,0.093
179.67,1,0.107
179.68,1,0.113
179.69,1,0.121
179.70,1,0.143
179.71,1,0.154
179.72,1,0.182
179.73,1,0.237
179.74,1,0.309
179.75,1,0.352
179.76,1,0.368
179.77,1,0.378
179.78,1,0.443
179.79,1,0.654
179.80,1,0.936
179.81,1,1.320
179.82,1,2.096
179.83,1,2.549
179.84,1,2.733
179.85,1,2.757
179.86,1,2.481
179.87,1,1.872
179.88,1,1.443
179.89,1,0.975
179.90,1,0.685
179.91,1,0.535
179.92,1,0.376
179.93,1,0.187
179.94,1,0.101
179.95,1,0.069
179.96,1,0.054
179.97,1,0.039
179.98,1,0.030
179.99,1,0.029
180.00,1,0.028
180.01,1,0.032
180.02,1,0.040
180.03,1,0.053
180.04,1,0.062
180.05,1,0.086
180.06,1,0.079
180.07,1,0.067
180.08,1,0.056
180.09,1,0.052
180.10,1,0.046
180.11,1,0.046
180.12,1,0.050
180.13,1,0.055
180.14,1,0.056
180.15,1,0.057
180.16,1,0.061
180.17,1,0.063
180.18,1,0.071
180.19,1,0.081
180.20,1,0.091
180.21,1,0.098
180.22,1,0.115
180.23,1,0.142
180.24,1,0.169
180.25,1,0.230
180.26,1,0.553
180.27,1,0.698
180.28,1,1.068
180.29,1,1.116
180.30,1,1.144
180.31,1,1.030
180.32,1,0.728
180.33,1,0.201
180.34,1,0.101
180.35,1,0.065
180.36,1,0.049
180.37,1,0.042
180.38,1,0.038
180.39,1,0.042
180.40,1,0.047
180.41,1,0.050
180.42,1,0.054
180.43,1,0.059
180.44,1,0.062
180.45,1,0.068
180.46,1,0.075
180.47,1,0.081
180.48,1,0.083
180.49,1,0.079
180.50,1,0.073
180.51,1,0.069
180.52,1,0.067
180.53,1,0.074
180.54,1,0.081
180.55,1,0.084
180.56,1,0.082
180.57,1,0.077
180.58,1,0.071
180.59,1,0.063
180.60,1,0.057
180.61,1,0.056
180.62,1,0.053
180.63,1,0.054
180.64,1,0.062
180.65,1,0.075
180.66,1,0.099
180.67,1,0.127
180.68,1,0.148
180.69,1,0.165
180.70,1,0.172
180.71,1,0.163
180.72,1,0.145
180.73,1,0.128
180.74,1,0.110
180.75,1,0.111
180.76,1,0.121
180.77,1,0.115
180.78,1,0.125
180.79,1,0.114
180.80,1,0.087
180.81,1,0.077
180.82,1,0.072
180.83,1,0.061
180.84,1,0.072
180.85,1,0.080
180.86,1,0.084
180.87,1,0.087
180.88,1,0.080
180.89,1,0.071
180.90,1,0.075
180.91,1,0.071
180.92,1,0.072
180.93,1,0.073
180.94,1,0.079
180.95,1,0.076
180.96,1,0.075
180.97,1,0.069
180.98,1,0.067
180.99,1,0.065
181.00,1,0.064
181.01,1,0.073
181.02,1,0.074
181.03,1,0.073
181.04,1,0.074
181.05,1,0.079
181.06,1,0.075
181.07,1,0.075
181.08,1,0.082
181.09,1,0.093
181.10,1,0.107
181.11,1,0.114
181.12,1,0.126
181.13,1,0.134
181.14,1,0.138
181.15,1,0.142
181.16,1,0.123
181.17,1,0.102
181.18,1,0.077
181.19,1,0.068
181.20,1,0.077
181.21,1,0.083
181.22,1,0.084
181.23,1,0.090
181.24,1,0.101
181.25,1,0.100
181.26,1,0.103
181.27,1,0.104
181.28,1,0.111
181.29,1,0.108
181.30,1,0.104
181.31,1,0.107
181.32,1,0.095
181.33,1,0.090
181.34,1,0.087
181.35,1,0.087
181.36,1,0.090
181.37,1,0.088
181.38,1,0.093
181.39,1,0.094
181.40,1,0.100
181.41,1,0.102
181.42,1,0.134
181.43,1,0.186
181.44,1,0.321
181.45,1,0.405
181.46,1,0.588
181.47,1,0.513
181.48,1,0.501
181.49,1,0.496
181.50,1,0.589
181.51,1,0.575
181.52,1,0.629
181.53,1,0.633
181.54,1,0.667
181.55,1,0.664
181.56,1,0.656
181.57,1,0.644
181.58,1,0.637
181.59,1,0.583
181.60,1,0.537
181.61,1,0.422
181.62,1,0.335
181.63,1,0.259
181.64,1,0.222
181.65,1,0.214
181.66,1,0.211
181.67,1,0.216
181.68,1,0.227
181.69,1,0.192
181.70,1,0.099
181.71,1,0.069
181.72,1,0.065
181.73,1,0.060
181.74,1,0.064
181.75,1,0.072
181.76,1,0.074
181.77,1,0.072
181.78,1,0.072
181.79,1,0.070
181.80,1,0.065
181.81,1,0.065
181.82,1,0.070
181.83,1,0.074
181.84,1,0.078
181.85,1,0.082
181.86,1,0.085
181.87,1,0.089
181.88,1,0.092
181.89,1,0.100
181.90,1,0.115
181.91,1,0.126
181.92,1,0.130
181.93,1,0.131
181.94,1,0.127
181.95,1,0.125
181.96,1,0.135
181.97,1,0.152
181.98,1,0.167
181.99,1,0.172
182.00,1,0.145
182.01,1,0.118
182.02,1,0.090
182.03,1,0.076
182.04,1,0.074
182.05,1,0.075
182.06,1,0.080
182.07,1,0.079
182.08,1,0.077
182.09,1,0.076
182.10,1,0.075
182.11,1,0.062
182.12,1,0.060
182.13,1,0.058
182.14,1,0.060
182.15,1,0.064
182.16,1,0.075
182.17,1,0.091
182.18,1,0.100
182.19,1,0.108
182.20,1,0.108
182.21,1,0.101
182.22,1,0.084
182.23,1,0.074
182.24,1,0.064
182.25,1,0.060
182.26,1,0.062
182.27,1,0.071
182.28,1,0.088
182.29,1,0.103
182.30,1,0.116
182.31,1,0.132
182.32,1,0.136
182.33,1,0.138
182.34,1,0.143
182.35,1,0.143
182.36,1,0.144
182.37,1,0.139
182.38,1,0.130
182.39,1,0.120
182.40,1,0.114
182.41,1,0.110
182.42,1,0.110
182.43,1,0.113
182.44,1,0.125
182.45,1,0.136
182.46,1,0.146
182.47,1,0.147
182.48,1,0.137
182.49,1,0.121
182.50,1,0.119
182.51,1,0.156
182.52,1,0.188
182.53,1,0.205
182.54,1,0.198
182.55,1,0.159
182.56,1,0.115
182.57,1,0.079
182.58,1,0.047
182.59,1,0.043
182.60,1,0.045
182.61,1,0.047
182.62,1,0.056
182.63,1,0.062
182.64,1,0.063
182.65,1,0.078
182.66,1,0.086
182.67,1,0.077
182.68,1,0.068
182.69,1,0.059
182.70,1,0.054
182.71,1,0.052
182.72,1,0.057
182.73,1,0.066
182.74,1,0.070
182.75,1,0.072
182.76,1,0.073
182.77,1,0.075
182.78,1,0.077
182.79,1,0.081
182.80,1,0.085
182.81,1,0.088
182.82,1,0.087
182.83,1,0.088
182.84,1,0.090
182.85,1,0.096
182.86,1,0.098
182.87,1,0.095
182.88,1,0.090
182.89,1,0.079
182.90,1,0.073
182.91,1,0.087
182.92,1,0.104
182.93,1,0.129
182.94,1,0.161
182.95,1,0.203
182.96,1,0.277
182.97,1,0.418
182.98,1,0.553
182.99,1,0.562
183.00,1,0.345
183.01,1,0.134
183.02,1,0.080
183.03,1,0.064
183.04,1,0.052
183.05,1,0.060
183.06,1,0.066
183.07,1,0.079
183.08,1,0.078
183.09,1,0.063
183.10,1,0.056
183.11,1,0.051
183.12,1,0.051
183.13,1,0.066
183.14,1,0.073
183.15,1,0.079
183.16,1,0.081
183.17,1,0.085
183.18,1,0.091
183.19,1,0.109
183.20,1,0.114
183.21,1,0.120
183.22,1,0.114
183.23,1,0.097
183.24,1,0.076
183.25,1,0.061
183.26,1,0.052
183.27,1,0.052
183.28,1,0.057
183.29,1,0.061
183.30,1,0.079
183.31,1,0.093
183.32,1,0.098
183.33,1,0.122
183.34,1,0.113
183.35,1,0.096
183.36,1,0.091
183.37,1,0.089
183.38,1,0.086
183.39,1,0.089
183.40,1,0.102
183.41,1,0.113
183.42,1,0.113
183.43,1,0.115
183.44,1,0.116
183.45,1,0.105
183.46,1,0.101
183.47,1,0.098
183.48,1,0.092
183.49,1,0.090
183.50,1,0.092
183.51,1,0.088
183.52,1,0.085
183.53,1,0.086
183.54,1,0.087
183.55,1,0.089
183.56,1,0.098
183.57,1,0.103
183.58,1,0.106
183.59,1,0.110
183.60,1,0.110
183.61,1,0.107
183.62,1,0.108
183.63,1,0.103
183.64,1,0.094
183.65,1,0.099
183.66,1,0.101
183.67,1,0.110
183.68,1,0.152
183.69,1,0.375
183.70,1,0.460
183.71,1,0.313
183.72,1,0.135
183.73,1,0.105
183.74,1,0.095
183.75,1,0.103
183.76,1,0.107
183.77,1,0.116
183.78,1,0.146
183.79,1,0.158
183.80,1,0.130
183.81,1,0.118
183.82,1,0.109
183.83,1,0.104
183.84,1,0.110
183.85,1,0.119
183.86,1,0.129
183.87,1,0.137
183.88,1,0.146
183.89,1,0.152
183.90,1,0.167
183.91,1,0.185
183.92,1,0.200
183.93,1,0.221
183.94,1,0.237
183.95,1,0.229
183.96,1,0.215
183.97,1,0.185
183.98,1,0.161
183.99,1,0.139
184.00,1,0.135
184.01,1,0.143
184.02,1,0.158
184.03,1,0.183
184.04,1,0.236
184.05,1,0.343
184.06,1,0.471
184.07,1,0.846
184.08,1,1.236
184.09,1,1.566
184.10,1,1.495
184.11,1,1.400
184.12,1,1.320
184.13,1,0.951
184.14,1,0.465
184.15,1,0.224
184.16,1,0.118
184.17,1,0.076
184.18,1,0.064
184.19,1,0.056
184.20,1,0.054
184.21,1,0.056
184.22,1,0.062
184.23,1,0.067
184.24,1,0.072
184.25,1,0.076
184.26,1,0.082
184.27,1,0.084
184.28,1,0.086
184.29,1,0.089
184.30,1,0.092
184.31,1,0.093
184.32,1,0.096
184.33,1,0.099
184.34,1,0.098
184.35,1,0.103
184.36,1,0.104
184.37,1,0.102
184.38,1,0.109
184.39,1,0.101
184.40,1,0.095
184.41,1,0.091
184.42,1,0.094
184.43,1,0.092
184.44,1,0.105
184.45,1,0.127
184.46,1,0.135
184.47,1,0.135
184.48,1,0.138
184.49,1,0.135
184.50,1,0.134
184.51,1,0.134
184.52,1,0.141
184.53,1,0.143
184.54,1,0.146
184.55,1,0.146
184.56,1,0.139
184.57,1,0.125
184.58,1,0.115
184.59,1,0.108
184.60,1,0.111
184.61,1,0.124
184.62,1,0.145
184.63,1,0.154
184.64,1,0.150
184.65,1,0.143
184.66,1,0.127
184.67,1,0.110
184.68,1,0.107
184.69,1,0.113
184.70,1,0.117
184.71,1,0.119
184.72,1,0.117
184.73,1,0.103
184.74,1,0.095
184.75,1,0.091
184.76,1,0.089
184.77,1,0.090
184.78,1,0.088
184.79,1,0.085
184.80,1,0.085
184.81,1,0.087
184.82,1,0.086
184.83,1,0.088
184.84,1,0.092
184.85,1,0.092
184.86,1,0.102
184.87,1,0.116
184.88,1,0.124
184.89,1,0.133
184.90,1,0.139
184.91,1,0.139
184.92,1,0.141
184.93,1,0.142
184.94,1,0.143
184.95,1,0.150
184.96,1,0.163
184.97,1,0.184
184.98,1,0.200
184.99,1,0.210
185.00,1,0.209
185.01,1,0.194
185.02,1,0.166
185.03,1,0.144
185.04,1,0.158
185.05,1,0.194
185.06,1,0.222
185.07,1,0.244
185.08,1,0.245
185.09,1,0.216
185.10,1,0.186
185.11,1,0.169
185.12,1,0.155
185.13,1,0.153
185.14,1,0.155
185.15,1,0.157
185.16,1,0.161
185.17,1,0.165
185.18,1,0.158
185.19,1,0.146
185.20,1,0.135
185.21,1,0.126
185.22,1,0.122
185.23,1,0.127
185.24,1,0.134
185.25,1,0.152
185.26,1,0.166
185.27,1,0.176
185.28,1,0.191
185.29,1,0.211
185.30,1,0.223
185.31,1,0.227
185.32,1,0.226
185.33,1,0.217
185.34,1,0.203
185.35,1,0.189
185.36,1,0.176
185.37,1,0.158
185.38,1,0.139
185.39,1,0.123
185.40,1,0.116
185.41,1,0.117
185.42,1,0.124
185.43,1,0.133
185.44,1,0.142
185.45,1,0.152
185.46,1,0.162
185.47,1,0.171
185.48,1,0.177
185.49,1,0.186
185.50,1,0.198
185.51,1,0.215
185.52,1,0.228
185.53,1,0.244
185.54,1,0.252
185.55,1,0.228
185.56,1,0.211
185.57,1,0.201
185.58,1,0.178
185.59,1,0.182
185.60,1,0.259
185.61,1,0.342
185.62,1,0.415
185.63,1,0.520
185.64,1,0.608
185.65,1,0.690
185.66,1,0.809
185.67,1,0.924
185.68,1,1.221
185.69,1,1.552
185.70,1,1.714
185.71,1,1.566
185.72,1,1.580
185.73,1,1.608
185.74,1,1.705
185.75,1,1.936
185.76,1,2.182
185.77,1,2.434
185.78,1,2.472
185.79,1,2.321
185.80,1,2.350
185.81,1,2.241
185.82,1,1.995
185.83,1,1.763
185.84,0,
185.85,0,
185.86,0,
185.87,0,
185.88,1,1.567
185.89,1,1.370
185.90,1,1.175
185.91,1,1.115
185.92,1,1.016
185.93,1,0.918
185.94,1,0.911
185.95,1,0.856
185.96,1,0.832
185.97,1,0.939
185.98,1,1.053
185.99,1,1.066
186.00,1,0.782
186.01,1,0.415
186.02,1,0.150
186.03,1,0.149
186.04,1,0.153
186.05,1,0.135
186.06,1,0.137
186.07,1,0.145
186.08,1,0.140
186.09,1,0.138
186.10,1,0.165
186.11,1,0.185
186.12,1,0.199
186.13,1,0.211
186.14,1,0.211
186.15,1,0.206
186.16,1,0.198
186.17,1,0.208
186.18,1,0.240
186.19,1,0.254
186.20,1,0.275
186.21,1,0.310
186.22,1,0.333
186.23,1,0.393
186.24,1,0.634
186.25,1,0.648
186.26,1,0.688
186.27,1,0.702
186.28,1,0.380
186.29,1,0.220
186.30,1,0.205
186.31,1,0.230
186.32,1,0.220
186.33,1,0.196
186.34,1,0.176
186.35,1,0.169
186.36,1,0.152
186.37,1,0.144
186.38,1,0.157
186.39,1,0.173
186.40,1,0.189
186.41,1,0.212
186.42,1,0.252
186.43,1,0.291
186.44,1,0.320
186.45,1,0.327
186.46,1,0.326
186.47,1,0.305
186.48,1,0.276
186.49,1,0.291
186.50,1,0.319
186.51,1,0.369
186.52,1,0.497
186.53,1,0.739
186.54,1,0.830
186.55,1,1.066
186.56,1,1.125
186.57,1,0.969
186.58,1,0.396
186.59,1,0.285
186.60,1,0.307
186.61,1,0.265
186.62,1,0.247
186.63,1,0.253
186.64,1,0.235
186.65,1,0.231
186.66,1,0.243
186.67,1,0.266
186.68,1,0.286
186.69,1,0.296
186.70,1,0.297
186.71,1,0.279
186.72,1,0.255
186.73,1,0.234
186.74,1,0.215
186.75,1,0.196
186.76,1,0.192
186.77,1,0.194
186.78,1,0.192
186.79,1,0.198
186.80,1,0.206
186.81,1,0.214
186.82,1,0.217
186.83,1,0.220
186.84,1,0.213
186.85,1,0.206
186.86,1,0.194
186.87,1,0.195
186.88,1,0.225
186.89,1,0.272
186.90,1,0.341
186.91,1,0.441
186.92,1,0.454
186.93,1,0.429
186.94,1,0.460
186.95,1,0.507
186.96,1,0.642
186.97,1,0.942
186.98,1,1.049
186.99,1,0.992
187.00,1,1.021
187.01,1,0.920
187.02,1,0.904
187.03,1,0.861
187.04,1,0.795
187.05,1,0.745
187.06,1,0.740
187.07,1,0.732
187.08,1,0.715
187.09,1,0.834
187.10,1,0.872
187.11,1,0.800
187.12,1,0.666
187.13,1,0.570
187.14,1,0.543
187.15,1,0.427
187.16,1,0.344
187.17,1,0.340
187.18,1,0.326
187.19,1,0.374
187.20,1,0.413
187.21,1,0.480
187.22,1,0.649
187.23,1,0.865
187.24,1,1.054
187.25,1,1.250
187.26,1,1.278
187.27,1,1.135
187.28,1,1.006
187.29,1,0.952
187.30,1,0.891
187.31,1,0.809
187.32,1,0.793
187.33,1,1.144
187.34,1,1.448
187.35,1,1.285
187.36,1,0.584
187.37,1,0.435
187.38,1,0.444
187.39,1,0.435
187.40,1,0.443
187.41,1,0.454
187.42,1,0.449
187.43,1,0.463
187.44,1,0.435
187.45,1,0.376
187.46,1,0.287
187.47,1,0.314
187.48,1,0.425
187.49,1,0.514
187.50,1,0.576
187.51,1,0.577
187.52,1,0.540
187.53,1,0.490
187.54,1,0.432
187.55,1,0.383
187.56,1,0.335
187.57,1,0.303
187.58,1,0.246
187.59,1,0.270
187.60,1,0.327
187.61,1,0.377
187.62,1,0.423
187.63,1,0.897
187.64,1,1.206
187.65,1,1.117
187.66,1,0.858
187.67,1,0.654
187.68,1,0.306
187.69,1,0.573
187.70,1,0.695
187.71,1,0.651
187.72,1,0.623
187.73,1,0.667
187.74,1,0.582
187.75,1,0.517
187.76,1,0.547
187.77,1,0.539
187.78,1,0.580
187.79,1,0.583
187.80,1,0.591
187.81,1,0.609
187.82,1,0.632
187.83,1,0.698
187.84,1,0.823
187.85,1,0.904
187.86,1,1.004
187.87,1,1.091
187.88,1,0.970
187.89,1,0.830
187.90,1,0.728
187.91,1,0.617
187.92,1,0.510
187.93,1,0.535
187.94,1,0.522
187.95,1,0.507
187.96,1,0.523
187.97,1,0.478
187.98,1,0.422
187.99,1,0.373
188.00,1,0.359
188.01,1,0.351
188.02,1,0.393
188.03,1,0.446
188.04,1,0.533
188.05,1,0.576
188.06,1,0.679
188.07,1,0.690
188.08,1,0.740
188.09,1,0.856
188.10,1,0.874
188.11,1,0.912
188.12,1,0.990
188.13,1,0.980
188.14,1,0.982
188.15,1,1.057
188.16,1,1.081
188.17,1,0.957
188.18,1,0.962
188.19,1,0.781
188.20,1,0.707
188.21,1,0.780
188.22,1,0.730
188.23,1,0.674
188.24,1,0.288
188.25,1,0.212
188.26,1,0.205
188.27,1,0.194
188.28,1,0.180
188.29,1,0.185
188.30,1,0.181
188.31,1,0.177
188.32,1,0.181
188.33,1,0.194
188.34,1,0.220
188.35,1,0.244
188.36,1,0.259
188.37,1,0.270
188.38,1,0.251
188.39,1,0.205
188.40,1,0.166
188.41,1,0.153
188.42,1,0.165
188.43,1,0.178
188.44,1,0.185
188.45,1,0.200
188.46,1,0.203
188.47,1,0.200
188.48,1,0.207
188.49,1,0.202
188.50,1,0.205
188.51,1,0.210
188.52,1,0.194
188.53,1,0.173
188.54,1,0.178
188.55,1,0.187
188.56,1,0.182
188.57,1,0.192
188.58,1,0.200
188.59,1,0.198
188.60,1,0.207
188.61,1,0.209
188.62,1,0.229
188.63,1,0.243
188.64,1,0.247
188.65,1,0.245
188.66,1,0.246
188.67,1,0.233
188.68,1,0.218
188.69,1,0.222
188.70,1,0.232
188.71,1,0.251
188.72,1,0.274
188.73,1,0.290
188.74,1,0.304
188.75,1,0.316
188.76,1,0.332
188.77,1,0.388
188.78,1,0.586
188.79,1,0.712
188.80,1,0.461
188.81,1,0.253
188.82,1,0.187
188.83,1,0.130
188.84,1,0.116
188.85,1,0.136
188.86,1,0.157
188.87,1,0.181
188.88,1,0.202
188.89,1,0.218
188.90,1,0.222
188.91,1,0.237
188.92,1,0.233
188.93,1,0.223
188.94,1,0.218
188.95,1,0.218
188.96,1,0.208
188.97,1,0.210
188.98,1,0.213
188.99,1,0.195
189.00,1,0.192
189.01,1,0.202
189.02,1,0.211
189.03,1,0.211
189.04,1,0.209
189.05,1,0.218
189.06,1,0.233
189.07,1,0.259
189.08,1,0.301
189.09,1,0.345
189.10,1,0.381
189.11,1,0.408
189.12,1,0.460
189.13,1,0.596
189.14,1,0.737
189.15,1,0.810
189.16,1,0.935
189.17,1,1.124
189.18,1,1.477
189.19,1,1.607
189.20,1,1.584
189.21,1,1.547
189.22,1,1.519
189.23,1,1.459
189.24,1,1.360
189.25,1,1.295
189.26,1,1.335
189.27,1,1.321
189.28,1,1.248
189.29,1,1.237
189.30,1,1.293
189.31,1,1.049
189.32,1,0.754
189.33,1,0.610
189.34,1,0.585
189.35,1,0.581
189.36,1,0.557
189.37,1,0.592
189.38,1,0.640
189.39,1,0.630
189.40,1,0.614
189.41,1,0.604
189.42,1,0.640
189.43,1,0.697
189.44,1,0.784
189.45,1,0.850
189.46,1,0.883
189.47,1,0.850
189.48,1,0.768
189.49,1,0.777
189.50,1,0.962
189.51,1,1.172
189.52,1,1.334
189.53,1,1.114
189.54,1,0.689
189.55,1,0.510
189.56,1,0.477
189.57,1,0.491
189.58,1,0.528
189.59,1,0.567
189.60,1,0.620
189.61,1,0.890
189.62,1,1.163
189.63,1,1.094
189.64,1,1.039
189.65,1,0.961
189.66,1,0.841
189.67,1,0.787
189.68,1,0.798
189.69,1,0.769
189.70,1,0.767
189.71,1,0.782
189.72,1,0.824
189.73,1,0.923
189.74,1,1.034
189.75,1,1.062
189.76,1,0.962
189.77,1,0.877
189.78,1,0.810
189.79,1,0.753
189.80,1,0.731
189.81,1,0.794
189.82,1,0.848
189.83,1,0.833
189.84,1,0.616
189.85,1,0.500
189.86,1,0.367
189.87,1,0.401
189.88,1,0.534
189.89,1,0.706
189.90,1,0.673
189.91,1,0.634
189.92,1,0.655
189.93,1,0.623
189.94,1,0.583
189.95,1,0.602
189.96,1,0.610
189.97,1,0.615
189.98,1,0.593
189.99,1,0.633
190.00,1,0.620
190.01,1,0.616
190.02,1,0.624
190.03,1,0.679
190.04,1,0.742
190.05,1,0.776
190.06,1,0.746
190.07,1,0.754
190.08,1,0.779
190.09,1,0.697
190.10,1,0.880
190.11,1,1.011
190.12,1,0.975
190.13,1,0.920
190.14,1,0.826
190.15,1,0.786
190.16,1,0.662
190.17,1,0.554
190.18,1,0.515
190.19,1,0.507
190.20,1,0.502
190.21,1,0.493
190.22,1,0.484
190.23,1,0.435
190.24,1,0.372
190.25,1,0.347
190.26,1,0.360
190.27,1,0.379
190.28,1,0.406
190.29,1,0.430
190.30,1,0.460
190.31,1,0.493
190.32,1,0.539
190.33,1,0.669
190.34,1,0.743
190.35,1,0.923
190.36,1,1.306
190.37,1,1.251
190.38,1,1.111
190.39,1,1.071
190.40,1,0.946
190.41,1,0.844
190.42,1,0.554
190.43,1,0.327
190.44,1,0.298
190.45,1,0.330
190.46,1,0.354
190.47,1,0.350
190.48,1,0.463
190.49,1,0.505
190.50,1,0.511
190.51,1,0.605
190.52,1,0.690
190.53,1,0.688
190.54,1,0.764
190.55,1,0.745
190.56,1,0.640
190.57,1,0.513
190.58,1,0.495
190.59,1,0.476
190.60,1,0.468
190.61,1,0.528
190.62,1,0.619
190.63,1,0.650
190.64,1,0.670
190.65,1,0.710
190.66,1,0.701
190.67,1,0.609
190.68,1,0.572
190.69,1,0.567
190.70,1,0.524
190.71,1,0.472
190.72,1,0.481
190.73,1,0.481
190.74,1,0.499
190.75,1,0.563
190.76,1,0.646
190.77,1,0.713
190.78,1,0.736
190.79,1,0.663
190.80,1,0.629
190.81,1,0.662
190.82,1,0.772
190.83,1,0.880
190.84,1,0.900
190.85,1,0.901
190.86,1,0.550
190.87,1,0.710
190.88,1,0.515
190.89,1,0.361
190.90,1,0.344
190.91,1,0.342
190.92,1,0.295
190.93,1,0.289
190.94,1,0.294
190.95,1,0.264
190.96,1,0.250
190.97,1,0.319
190.98,1,0.405
190.99,1,0.417
191.00,1,0.362
191.01,1,0.336
191.02,1,0.290
191.03,1,0.238
191.04,1,0.228
191.05,1,0.260
191.06,1,0.279
191.07,1,0.290
191.08,1,0.291
191.09,1,0.290
191.10,1,0.263
191.11,1,0.249
191.12,1,0.260
191.13,1,0.253
191.14,1,0.251
191.15,1,0.267
191.16,1,0.297
191.17,1,0.320
191.18,1,0.333
191.19,1,0.355
191.20,1,0.341
191.21,1,0.311
191.22,1,0.322
191.23,1,0.354
191.24,1,0.321
191.25,1,0.231
191.26,1,0.209
191.27,1,0.184
191.28,1,0.161
191.29,1,0.158
191.30,1,0.175
191.31,1,0.201
191.32,1,0.224
191.33,1,0.239
191.34,1,0.259
191.35,1,0.248
191.36,1,0.236
191.37,1,0.251
191.38,1,0.270
191.39,1,0.321
191.40,1,0.467
191.41,1,0.528
191.42,1,0.368
191.43,1,0.281
191.44,1,0.237
191.45,1,0.227
191.46,1,0.225
191.47,1,0.228
191.48,1,0.231
191.49,1,0.226
191.50,1,0.209
191.51,1,0.182
191.52,1,0.169
191.53,1,0.167
191.54,1,0.171
191.55,1,0.172
191.56,1,0.176
191.57,1,0.185
191.58,1,0.188
191.59,1,0.190
191.60,1,0.209
191.61,1,0.242
191.62,1,0.261
191.63,1,0.320
191.64,1,0.351
191.65,1,0.290
191.66,1,0.244
191.67,1,0.216
191.68,1,0.226
191.69,1,0.376
191.70,1,0.408
191.71,1,0.394
191.72,1,0.381
191.73,1,0.371
191.74,1,0.321
191.75,1,0.287
191.76,1,0.287
191.77,1,0.288
191.78,1,0.262
191.79,1,0.269
191.80,1,0.276
191.81,1,0.278
191.82,1,0.298
191.83,1,0.310
191.84,1,0.326
191.85,1,0.310
191.86,1,0.283
191.87,1,0.268
191.88,1,0.248
191.89,1,0.247
191.90,1,0.263
191.91,1,0.296
191.92,1,0.314
191.93,1,0.308
191.94,1,0.282
191.95,1,0.210
191.96,1,0.180
191.97,1,0.166
191.98,1,0.157
191.99,1,0.173
192.00,1,0.196
192.01,1,0.216
192.02,1,0.250
192.03,1,0.292
192.04,1,0.298
192.05,1,0.323
192.06,1,0.341
192.07,1,0.296
192.08,1,0.257
192.09,1,0.258
192.10,1,0.247
192.11,1,0.265
192.12,1,0.282
192.13,1,0.291
192.14,1,0.295
192.15,1,0.291
192.16,1,0.289
192.17,1,0.291
192.18,1,0.301
192.19,1,0.328
192.20,1,0.338
192.21,1,0.343
192.22,1,0.393
192.23,1,0.437
192.24,1,0.516
192.25,1,0.632
192.26,1,0.727
192.27,1,0.885
192.28,1,0.931
192.29,1,0.905
192.30,1,0.991
192.31,1,0.825
192.32,1,0.462
192.33,1,0.329
192.34,1,0.276
192.35,1,0.255
192.36,1,0.265
192.37,1,0.302
192.38,1,0.323
192.39,1,0.365
192.40,1,0.385
192.41,1,0.394
192.42,1,0.406
192.43,1,0.439
192.44,1,0.460
192.45,1,0.490
192.46,1,0.474
192.47,1,0.429
192.48,1,0.378
192.49,1,0.330
192.50,1,0.317
192.51,1,0.353
192.52,1,0.314
192.53,1,0.317
192.54,1,0.318
192.55,1,0.303
192.56,1,0.278
192.57,1,0.278
192.58,1,0.270
192.59,1,0.264
192.60,1,0.277
192.61,1,0.283
192.62,1,0.274
192.63,1,0.278
192.64,1,0.262
192.65,1,0.253
192.66,1,0.248
192.67,1,0.247
192.68,1,0.250
192.69,1,0.256
192.70,1,0.262
192.71,1,0.259
192.72,1,0.249
192.73,1,0.250
192.74,1,0.226
192.75,1,0.214
192.76,1,0.227
192.77,1,0.250
192.78,1,0.289
192.79,1,0.359
192.80,1,0.491
192.81,1,0.694
192.82,1,0.988
192.83,1,1.082
192.84,1,1.208
192.85,1,1.291
192.86,1,1.128
192.87,1,0.999
192.88,1,0.898
192.89,1,0.847
192.90,1,0.951
192.91,1,1.193
192.92,1,1.408
192.93,1,1.456
192.94,1,1.681
192.95,1,1.814
192.96,1,1.847
192.97,1,1.744
192.98,1,1.361
192.99,1,0.990
193.00,1,0.330
193.01,1,0.209
193.02,1,0.142
193.03,1,0.119
193.04,1,0.124
193.05,1,0.144
193.06,1,0.169
193.07,1,0.169
193.08,1,0.200
193.09,1,0.230
193.10,1,0.253
193.11,1,0.307
193.12,1,0.499
193.13,1,0.681
193.14,1,0.588
193.15,1,0.489
193.16,1,0.290
193.17,1,0.208
193.18,1,0.187
193.19,1,0.174
193.20,1,0.174
193.21,1,0.191
193.22,1,0.222
193.23,1,0.255
193.24,1,0.282
193.25,1,0.315
193.26,1,0.325
193.27,1,0.323
193.28,1,0.303
193.29,1,0.282
193.30,1,0.263
193.31,1,0.252
193.32,1,0.243
193.33,1,0.240
193.34,1,0.236
193.35,1,0.222
193.36,1,0.208
193.37,1,0.227
193.38,1,0.250
193.39,1,0.298
193.40,1,0.333
193.41,1,0.350
193.42,1,0.335
193.43,1,0.356
193.44,1,0.296
193.45,1,0.270
193.46,1,0.258
193.47,1,0.235
193.48,1,0.222
193.49,1,0.217
193.50,1,0.204
193.51,1,0.202
193.52,1,0.216
193.53,1,0.228
193.54,1,0.237
193.55,1,0.243
193.56,1,0.230
193.57,1,0.218
193.58,1,0.205
193.59,1,0.202
193.60,1,0.205
193.61,1,0.205
193.62,1,0.221
193.63,1,0.247
193.64,1,0.254
193.65,1,0.253
193.66,1,0.253
193.67,1,0.234
193.68,1,0.219
193.69,1,0.230
193.70,1,0.223
193.71,1,0.207
193.72,1,0.212
193.73,1,0.234
193.74,1,0.239
193.75,1,0.264
193.76,1,0.320
193.77,1,0.402
193.78,1,0.455
193.79,1,0.622
193.80,1,0.683
193.81,1,0.651
193.82,1,0.505
193.83,1,0.316
193.84,1,0.139
193.85,1,0.110
193.86,1,0.100
193.87,1,0.098
193.88,1,0.111
193.89,1,0.128
193.90,1,0.150
193.91,1,0.182
193.92,1,0.201
193.93,1,0.214
193.94,1,0.216
193.95,1,0.204
193.96,1,0.180
193.97,1,0.170
193.98,1,0.159
193.99,1,0.165
194.00,1,0.197
194.01,1,0.223
194.02,1,0.254
194.03,1,0.303
194.04,1,0.361
194.05,1,0.388
194.06,1,0.440
194.07,1,0.390
194.08,1,0.317
194.09,1,0.287
194.10,1,0.259
194.11,1,0.261
194.12,1,0.201
194.13,1,0.141
194.14,1,0.131
194.15,1,0.146
194.16,1,0.167
194.17,1,0.197
194.18,1,0.250
194.19,1,0.331
194.20,1,0.492
194.21,1,0.891
194.22,1,0.961
194.23,1,0.843
194.24,1,0.660
194.25,1,0.347
194.26,1,0.280
194.27,1,0.240
194.28,1,0.200
194.29,1,0.190
194.30,1,0.200
194.31,1,0.206
194.32,1,0.233
194.33,1,0.283
194.34,1,0.313
194.35,1,0.328
194.36,1,0.338
194.37,1,0.317
194.38,1,0.290
194.39,1,0.269
194.40,1,0.249
194.41,1,0.226
194.42,1,0.223
194.43,1,0.231
194.44,1,0.243
194.45,1,0.252
194.46,1,0.263
194.47,1,0.262
194.48,1,0.253
194.49,1,0.251
194.50,1,0.262
194.51,1,0.287
194.52,1,0.318
194.53,1,0.426
194.54,1,0.560
194.55,1,0.686
194.56,1,0.813
194.57,1,0.822
194.58,1,0.903
194.59,1,1.029
194.60,1,1.052
194.61,1,1.014
194.62,1,0.915
194.63,1,0.807
194.64,1,0.817
194.65,1,0.784
194.66,1,0.805
194.67,1,0.862
194.68,1,0.878
194.69,1,0.999
194.70,1,1.101
194.71,1,1.010
194.72,1,0.880
194.73,1,0.619
194.74,1,0.354
194.75,1,0.295
194.76,1,0.254
194.77,1,0.236
194.78,1,0.236
194.79,1,0.246
194.80,1,0.256
194.81,1,0.284
194.82,1,0.296
194.83,1,0.310
194.84,1,0.313
194.85,1,0.289
194.86,1,0.255
194.87,1,0.236
194.88,1,0.248
194.89,1,0.270
194.90,1,0.273
194.91,1,0.330
194.92,1,0.359
194.93,1,0.333
194.94,1,0.331
194.95,1,0.364
194.96,1,0.379
194.97,1,0.404
194.98,1,0.442
194.99,1,0.496
195.00,1,0.476
195.01,1,0.473
195.02,1,0.454
195.03,1,0.389
195.04,1,0.346
195.05,1,0.309
195.06,1,0.256
195.07,1,0.238
195.08,1,0.240
195.09,1,0.231
195.10,1,0.217
195.11,1,0.218
195.12,1,0.232
195.13,1,0.242
195.14,1,0.268
195.15,1,0.288
195.16,1,0.290
195.17,1,0.268
195.18,1,0.261
195.19,1,0.237
195.20,1,0.230
195.21,1,0.241
195.22,1,0.253
195.23,1,0.267
195.24,1,0.292
195.25,1,0.336
195.26,1,0.409
195.27,1,0.501
195.28,1,0.693
195.29,1,0.787
195.30,1,0.760
195.31,1,0.786
195.32,1,0.794
195.33,1,0.666
195.34,1,0.434
195.35,1,0.291
195.36,1,0.216
195.37,1,0.187
195.38,1,0.181
195.39,1,0.177
195.40,1,0.176
195.41,1,0.188
195.42,1,0.191
195.43,1,0.191
195.44,1,0.198
195.45,1,0.210
195.46,1,0.216
195.47,1,0.247
195.48,1,0.290
195.49,1,0.294
195.50,1,0.284
195.51,1,0.268
195.52,1,0.238
195.53,1,0.210
195.54,1,0.210
195.55,1,0.231
195.56,1,0.261
195.57,1,0.292
195.58,1,0.314
195.59,1,0.320
195.60,1,0.303
195.61,1,0.274
195.62,1,0.232
195.63,1,0.207
195.64,1,0.214
195.65,1,0.237
195.66,1,0.268
195.67,1,0.346
195.68,1,0.455
195.69,1,0.561
195.70,1,0.724
195.71,1,0.741
195.72,1,0.652
195.73,1,0.711
195.74,1,0.731
195.75,1,0.711
195.76,1,0.820
195.77,1,0.903
195.78,1,0.962
195.79,1,1.041
195.80,1,1.144
195.81,1,1.033
195.82,1,0.896
195.83,1,0.841
195.84,1,0.775
195.85,1,0.704
195.86,1,0.676
195.87,1,0.687
195.88,1,0.681
195.89,1,0.579
195.90,1,0.661
195.91,1,0.685
195.92,1,0.730
195.93,1,0.705
195.94,1,0.679
195.95,1,0.608
195.96,1,0.601
195.97,1,0.621
195.98,1,0.709
195.99,1,0.818
196.00,1,0.891
196.01,1,0.829
196.02,1,0.808
196.03,1,0.732
196.04,1,0.673
196.05,1,0.686
196.06,1,0.781
196.07,1,0.853
196.08,1,1.080
196.09,1,1.482
196.10,1,1.592
196.11,1,1.161
196.12,1,0.865
196.13,1,0.542
196.14,1,0.425
196.15,1,0.398
196.16,1,0.428
196.17,1,0.472
196.18,1,0.526
196.19,1,0.594
196.20,1,0.620
196.21,1,0.585
196.22,1,0.609
196.23,1,0.638
196.24,1,0.566
196.25,1,0.563
196.26,1,0.572
196.27,1,0.516
196.28,1,0.520
196.29,1,0.573
196.30,1,0.605
196.31,1,0.610
196.32,1,0.591
196.33,1,0.544
196.34,1,0.543
196.35,1,0.562
196.36,1,0.631
196.37,1,0.717
196.38,1,0.795
196.39,1,0.853
196.40,1,0.867
196.41,1,0.844
196.42,1,0.828
196.43,1,0.681
196.44,1,0.615
196.45,1,0.642
196.46,1,0.601
196.47,1,0.561
196.48,1,0.643
196.49,1,0.721
196.50,1,0.719
196.51,1,0.787
196.52,1,0.859
196.53,1,0.789
196.54,1,0.794
196.55,1,0.787
196.56,1,0.666
196.57,1,0.670
196.58,1,0.642
196.59,1,0.719
196.60,1,0.830
196.61,1,0.917
196.62,1,0.881
196.63,1,0.938
196.64,1,0.868
196.65,1,0.908
196.66,1,0.992
196.67,1,1.039
196.68,1,0.882
196.69,1,0.857
196.70,1,0.805
196.71,1,0.835
196.72,1,1.026
196.73,1,1.164
196.74,1,1.193
196.75,1,1.148
196.76,1,1.004
196.77,1,0.990
196.78,1,1.011
196.79,1,1.140
196.80,1,1.198
196.81,1,1.213
196.82,1,1.109
196.83,1,1.083
196.84,1,0.906
196.85,1,0.842
196.86,1,0.830
196.87,1,0.921
196.88,1,0.992
196.89,1,1.176
196.90,1,1.577
196.91,1,1.759
196.92,1,1.558
196.93,1,1.268
196.94,1,0.667
196.95,1,0.497
196.96,1,0.436
196.97,1,0.355
196.98,1,0.279
196.99,1,0.261
197.00,1,0.274
197.01,1,0.308
197.02,1,0.315
197.03,1,0.299
197.04,1,0.285
197.05,1,0.251
197.06,1,0.200
197.07,1,0.191
197.08,1,0.201
197.09,1,0.205
197.10,1,0.220
197.11,1,0.248
197.12,1,0.297
197.13,1,0.473
197.14,1,1.076
197.15,1,1.478
197.16,1,1.656
197.17,1,1.694
197.18,1,1.760
197.19,1,1.505
197.20,1,1.232
197.21,1,1.031
197.22,1,0.240
197.23,1,0.230
197.24,1,0.237
197.25,1,0.215
197.26,1,0.217
197.27,1,0.237
197.28,1,0.222
197.29,1,0.228
197.30,1,0.225
197.31,1,0.215
197.32,1,0.211
197.33,1,0.224
197.34,1,0.246
197.35,1,0.269
197.36,1,0.276
197.37,1,0.292
197.38,1,0.307
197.39,1,0.330
197.40,1,0.375
197.41,1,0.453
197.42,1,0.465
197.43,1,0.430
197.44,1,0.379
197.45,1,0.351
197.46,1,0.299
197.47,1,0.250
197.48,1,0.226
197.49,1,0.219
197.50,1,0.222
197.51,1,0.281
197.52,1,0.335
197.53,1,0.329
197.54,1,0.286
197.55,1,0.260
197.56,1,0.218
197.57,1,0.207
197.58,1,0.221
197.59,1,0.237
197.60,1,0.230
197.61,1,0.235
197.62,1,0.247
197.63,1,0.249
197.64,1,0.253
197.65,1,0.269
197.66,1,0.287
197.67,1,0.297
197.68,1,0.304
197.69,1,0.292
197.70,1,0.281
197.71,1,0.266
197.72,1,0.250
197.73,1,0.243
197.74,1,0.245
197.75,1,0.237
197.76,1,0.226
197.77,1,0.224
197.78,1,0.246
197.79,1,0.279
197.80,1,0.300
197.81,1,0.343
197.82,1,0.356
197.83,1,0.314
197.84,1,0.298
197.85,1,0.333
197.86,1,0.445
197.87,1,0.599
197.88,1,0.719
197.89,1,0.720
197.90,1,0.778
197.91,1,0.834
197.92,1,0.794
197.93,1,0.798
197.94,1,0.982
197.95,1,1.313
197.96,1,1.361
197.97,1,1.348
197.98,1,1.356
197.99,1,1.407
198.00,1,1.365
198.01,1,1.167
198.02,1,1.081
198.03,1,0.625
198.04,1,0.550
198.05,1,0.609
198.06,1,0.556
198.07,1,0.583
198.08,1,0.721
198.09,1,0.887
198.10,1,0.976
198.11,1,1.064
198.12,1,0.996
198.13,1,0.819
198.14,1,0.634
198.15,1,0.643
198.16,1,0.722
198.17,1,0.863
198.18,1,1.005
198.19,1,1.129
198.20,1,1.223
198.21,1,1.280
198.22,1,1.173
198.23,1,1.186
198.24,1,1.183
198.25,1,1.368
198.26,1,1.697
198.27,1,2.141
198.28,1,2.164
198.29,1,1.872
198.30,1,1.352
198.31,1,1.024
198.32,1,0.820
198.33,1,0.533
198.34,1,0.469
198.35,1,0.508
198.36,1,0.545
198.37,1,0.563
198.38,1,0.640
198.39,1,0.623
198.40,1,0.567
198.41,1,0.494
198.42,1,0.444
198.43,1,0.431
198.44,1,0.459
198.45,1,0.486
198.46,1,0.569
198.47,1,0.657
198.48,1,0.703
198.49,1,0.747
198.50,1,0.812
198.51,1,0.842
198.52,1,0.870
198.53,1,0.883
198.54,1,0.893
198.55,1,0.869
198.56,1,0.818
198.57,1,0.818
198.58,1,0.817
198.59,1,0.826
198.60,1,0.852
198.61,1,0.620
198.62,1,0.545
198.63,1,0.516
198.64,1,0.543
198.65,1,0.546
198.66,1,0.589
198.67,1,0.635
198.68,1,0.635
198.69,1,0.579
198.70,1,0.542
198.71,1,0.533
198.72,1,0.540
198.73,1,0.629
198.74,1,0.710
198.75,1,0.737
198.76,1,0.797
198.77,1,0.742
198.78,1,0.764
198.79,1,0.867
198.80,1,1.025
198.81,1,1.450
198.82,1,2.003
198.83,1,1.384
198.84,1,0.882
198.85,1,0.798
198.86,1,0.712
198.87,1,0.768
198.88,1,1.040
198.89,1,0.780
198.90,1,0.685
198.91,1,0.701
198.92,1,0.584
198.93,1,0.494
198.94,1,0.485
198.95,1,0.493
198.96,1,0.503
198.97,1,0.539
198.98,1,0.585
198.99,1,0.555
199.00,1,0.503
199.01,1,0.460
199.02,1,0.438
199.03,1,0.472
199.04,1,0.498
199.05,1,0.522
199.06,1,0.569
199.07,1,0.565
199.08,1,0.554
199.09,1,0.595
199.10,1,0.595
199.11,1,0.546
199.12,1,0.553
199.13,1,0.648
199.14,1,0.663
199.15,1,0.627
199.16,1,0.716
199.17,1,0.739
199.18,1,0.670
199.19,1,0.641
199.20,1,0.616
199.21,1,0.568
199.22,1,0.547
199.23,1,0.523
199.24,1,0.521
199.25,1,0.479
199.26,1,0.437
199.27,1,0.408
199.28,1,0.400
199.29,1,0.416
199.30,1,0.407
199.31,1,0.403
199.32,1,0.358
199.33,1,0.325
199.34,1,0.320
199.35,1,0.348
199.36,1,0.385
199.37,1,0.445
199.38,1,0.519
199.39,1,0.576
199.40,1,0.619
199.41,1,0.645
199.42,1,0.620
199.43,1,0.554
199.44,1,0.511
199.45,1,0.480
199.46,1,0.432
199.47,1,0.485
199.48,1,0.512
199.49,1,0.453
199.50,1,0.484
199.51,1,0.695
199.52,1,0.767
199.53,1,0.909
199.54,1,0.820
199.55,1,0.560
199.56,1,0.243
199.57,1,0.183
199.58,1,0.161
199.59,1,0.152
199.60,1,0.161
199.61,1,0.170
199.62,1,0.181
199.63,1,0.255
199.64,1,0.377
199.65,1,0.444
199.66,1,0.505
199.67,1,0.330
199.68,1,0.221
199.69,1,0.212
199.70,1,0.231
199.71,1,0.250
199.72,1,0.249
199.73,1,0.226
199.74,1,0.190
199.75,1,0.174
199.76,1,0.179
199.77,1,0.211
199.78,1,0.275
199.79,1,0.331
199.80,1,0.366
199.81,1,0.359
199.82,1,0.338
199.83,1,0.278
199.84,1,0.225
199.85,1,0.201
199.86,1,0.183
199.87,1,0.172
199.88,1,0.160
199.89,1,0.150
199.90,1,0.155
199.91,1,0.163
199.92,1,0.169
199.93,1,0.190
199.94,1,0.216
199.95,1,0.219
199.96,1,0.237
199.97,1,0.266
199.98,1,0.232
199.99,1,0.208
200.00,1,0.202
200.01,1,0.195
200.02,1,0.209
200.03,1,0.226
200.04,1,0.239
200.05,1,0.250
200.06,1,0.253
200.07,1,0.260
200.08,1,0.276
200.09,1,0.320
200.10,1,0.354
200.11,1,0.367
200.12,1,0.396
200.13,1,0.426
200.14,1,0.414
200.15,1,0.402
200.16,1,0.350
200.17,1,0.296
200.18,1,0.253
200.19,1,0.247
200.20,1,0.253
200.21,1,0.275
200.22,1,0.293
200.23,1,0.297
200.24,1,0.285
200.25,1,0.274
200.26,1,0.268
200.27,1,0.274
200.28,1,0.297
200.29,1,0.323
200.30,1,0.329
200.31,1,0.332
200.32,1,0.343
200.33,1,0.348
200.34,1,0.367
200.35,1,0.400
200.36,1,0.420
200.37,1,0.426
200.38,1,0.416
200.39,1,0.399
200.40,1,0.362
200.41,1,0.210
200.42,1,0.236
200.43,1,0.211
200.44,1,0.190
200.45,1,0.185
200.46,1,0.182
200.47,1,0.156
200.48,1,0.161
200.49,1,0.168
200.50,1,0.178
200.51,1,0.192
200.52,1,0.215
200.53,1,0.225
200.54,1,0.230
200.55,1,0.239
200.56,1,0.223
200.57,1,0.214
200.58,1,0.208
200.59,1,0.241
200.60,1,0.292
200.61,1,0.349
200.62,1,0.473
200.63,1,1.063
200.64,1,1.293
200.65,1,1.351
200.66,1,1.003
200.67,1,0.717
200.68,1,0.266
200.69,1,0.207
200.70,1,0.197
200.71,1,0.196
200.72,1,0.201
200.73,1,0.230
200.74,1,0.257
200.75,1,0.282
200.76,1,0.289
200.77,1,0.295
200.78,1,0.303
200.79,1,0.283
200.80,1,0.263
200.81,1,0.246
200.82,1,0.223
200.83,1,0.201
200.84,1,0.214
200.85,1,0.223
200.86,1,0.248
200.87,1,0.265
200.88,1,0.277
200.89,1,0.289
200.90,1,0.279
200.91,1,0.270
200.92,1,0.260
200.93,1,0.245
200.94,1,0.235
200.95,1,0.236
200.96,1,0.251
200.97,1,0.280
200.98,1,0.289
200.99,1,0.283
201.00,1,0.268
201.01,1,0.250
201.02,1,0.215
201.03,1,0.190
201.04,1,0.181
201.05,1,0.180
201.06,1,0.177
201.07,1,0.196
201.08,1,0.221
201.09,1,0.239
201.10,1,0.272
201.11,1,0.285
201.12,1,0.297
201.13,1,0.302
201.14,1,0.302
201.15,1,0.289
201.16,1,0.279
201.17,1,0.258
201.18,1,0.241
201.19,1,0.242
201.20,1,0.254
201.21,1,0.269
201.22,1,0.267
201.23,1,0.256
201.24,1,0.212
201.25,1,0.176
201.26,1,0.151
201.27,1,0.148
201.28,1,0.140
201.29,1,0.143
201.30,1,0.153
201.31,1,0.160
201.32,1,0.160
201.33,1,0.164
201.34,1,0.171
201.35,1,0.172
201.36,1,0.213
201.37,1,0.251
201.38,1,0.295
201.39,1,0.329
201.40,1,0.333
201.41,1,0.353
201.42,1,0.325
201.43,1,0.285
201.44,1,0.241
201.45,1,0.227
201.46,1,0.238
201.47,1,0.266
201.48,1,0.307
201.49,1,0.373
201.50,1,0.410
201.51,1,0.404
201.52,1,0.493
201.53,1,0.913
201.54,1,1.415
201.55,1,1.364
201.56,1,1.226
201.57,1,1.209
201.58,1,1.042
201.59,1,0.903
201.60,1,1.012
201.61,1,1.040
201.62,1,1.037
201.63,1,1.167
201.64,1,1.294
201.65,1,1.143
201.66,1,1.243
201.67,1,1.351
201.68,1,1.501
201.69,1,1.597
201.70,1,1.736
201.71,1,1.692
201.72,1,0.921
201.73,1,0.519
201.74,1,0.366
201.75,1,0.234
201.76,1,0.152
201.77,1,0.121
201.78,1,0.110
201.79,1,0.103
201.80,1,0.109
201.81,1,0.118
201.82,1,0.135
201.83,1,0.150
201.84,1,0.162
201.85,1,0.164
201.86,1,0.166
201.87,1,0.170
201.88,1,0.202
201.89,1,0.215
201.90,1,0.256
201.91,1,0.254
201.92,1,0.220
201.93,1,0.204
201.94,1,0.193
201.95,1,0.182
201.96,1,0.179
201.97,1,0.189
201.98,1,0.184
201.99,1,0.192
202.00,1,0.195
202.01,1,0.199
202.02,1,0.203
202.03,1,0.201
202.04,1,0.196
202.05,1,0.190
202.06,1,0.197
202.07,1,0.205
202.08,1,0.225
202.09,1,0.239
202.10,1,0.252
202.11,1,0.259
202.12,1,0.253
202.13,1,0.235
202.14,1,0.227
202.15,1,0.231
202.16,1,0.211
202.17,1,0.208
202.18,1,0.202
202.19,1,0.196
202.20,1,0.195
202.21,1,0.207
202.22,1,0.215
202.23,1,0.228
202.24,1,0.248
202.25,1,0.260
202.26,1,0.279
202.27,1,0.304
202.28,1,0.315
202.29,1,0.311
202.30,1,0.301
202.31,1,0.265
202.32,1,0.231
202.33,1,0.222
202.34,1,0.207
202.35,1,0.199
202.36,1,0.208
202.37,1,0.214
202.38,1,0.222
202.39,1,0.258
202.40,1,0.296
202.41,1,0.329
202.42,1,0.359
202.43,1,0.369
202.44,1,0.383
202.45,1,0.377
202.46,1,0.365
202.47,1,0.353
202.48,1,0.341
202.49,1,0.336
202.50,1,0.332
202.51,1,0.356
202.52,1,0.401
202.53,1,0.425
202.54,1,0.443
202.55,1,0.487
202.56,1,0.612
202.57,1,0.576
202.58,1,0.666
202.59,1,0.491
202.60,1,0.322
202.61,1,0.279
202.62,1,0.259
202.63,1,0.246
202.64,1,0.241
202.65,1,0.232
202.66,1,0.227
202.67,1,0.225
202.68,1,0.230
202.69,1,0.241
202.70,1,0.272
202.71,1,0.281
202.72,1,0.286
202.73,1,0.286
202.74,1,0.273
202.75,1,0.252
202.76,1,0.232
202.77,1,0.227
202.78,1,0.220
202.79,1,0.238
202.80,1,0.244
202.81,1,0.265
202.82,1,0.274
202.83,1,0.268
202.84,1,0.261
202.85,1,0.267
202.86,1,0.288
202.87,1,0.296
202.88,1,0.320
202.89,1,0.315
202.90,1,0.295
202.91,1,0.273
202.92,1,0.254
202.93,1,0.246
202.94,1,0.253
202.95,1,0.263
202.96,1,0.280
202.97,1,0.289
202.98,1,0.254
202.99,1,0.193
203.00,1,0.174
203.01,1,0.144
203.02,1,0.150
203.03,1,0.166
203.04,1,0.174
203.05,1,0.189
203.06,1,0.196
203.07,1,0.213
203.08,1,0.226
203.09,1,0.239
203.10,1,0.253
203.11,1,0.249
203.12,1,0.262
203.13,1,0.272
203.14,1,0.273
203.15,1,0.279
203.16,1,0.277
203.17,1,0.265
203.18,1,0.269
203.19,1,0.270
203.20,1,0.296
203.21,1,0.296
203.22,1,0.276
203.23,1,0.283
203.24,1,0.273
203.25,1,0.269
203.26,1,0.327
203.27,1,0.493
203.28,1,0.677
203.29,1,0.821
203.30,1,0.813
203.31,1,0.788
203.32,1,0.754
203.33,1,0.739
203.34,1,0.709
203.35,1,0.703
203.36,1,0.775
203.37,1,0.734
203.38,1,0.700
203.39,1,0.674
203.40,1,0.683
203.41,1,0.600
203.42,1,0.616
203.43,1,0.549
203.44,1,0.440
203.45,1,0.386
203.46,1,0.377
203.47,1,0.401
203.48,1,0.439
203.49,1,0.468
203.50,1,0.399
203.51,1,0.303
203.52,1,0.178
203.53,1,0.135
203.54,1,0.126
203.55,1,0.132
203.56,1,0.142
203.57,1,0.155
203.58,1,0.156
203.59,1,0.162
203.60,1,0.172
203.61,1,0.173
203.62,1,0.180
203.63,1,0.195
203.64,1,0.199
203.65,1,0.208
203.66,1,0.223
203.67,1,0.237
203.68,1,0.246
203.69,1,0.253
203.70,1,0.244
203.71,1,0.226
203.72,1,0.233
203.73,1,0.248
203.74,1,0.248
203.75,1,0.269
203.76,1,0.274
203.77,1,0.271
203.78,1,0.262
203.79,1,0.258
203.80,1,0.245
203.81,1,0.224
203.82,1,0.196
203.83,1,0.187
203.84,1,0.182
203.85,1,0.192
203.86,1,0.205
203.87,1,0.221
203.88,1,0.237
203.89,1,0.257
203.90,1,0.274
203.91,1,0.294
203.92,1,0.319
203.93,1,0.333
203.94,1,0.324
203.95,1,0.322
203.96,1,0.321
203.97,1,0.321
203.98,1,0.335
203.99,1,0.375
204.00,1,0.374
204.01,1,0.356
204.02,1,0.334
204.03,1,0.318
204.04,1,0.238
204.05,1,0.199
204.06,1,0.201
204.07,1,0.194
204.08,1,0.184
204.09,1,0.211
204.10,1,0.228
204.11,1,0.242
204.12,1,0.273
204.13,1,0.317
204.14,1,0.343
204.15,1,0.365
204.16,1,0.346
204.17,1,0.334
204.18,1,0.317
204.19,1,0.300
204.20,1,0.294
204.21,1,0.295
204.22,1,0.278
204.23,1,0.272
204.24,1,0.260
204.25,1,0.275
204.26,1,0.298
204.27,1,0.328
204.28,1,0.366
204.29,1,0.417
204.30,1,0.422
204.31,1,0.415
204.32,1,0.507
204.33,1,0.647
204.34,1,0.419
204.35,1,0.322
204.36,1,0.305
204.37,1,0.290
204.38,1,0.273
204.39,1,0.284
204.40,1,0.301
204.41,1,0.311
204.42,1,0.337
204.43,1,0.364
204.44,1,0.369
204.45,1,0.362
204.46,1,0.353
204.47,1,0.335
204.48,1,0.328
204.49,1,0.328
204.50,1,0.336
204.51,1,0.350
204.52,1,0.346
204.53,1,0.356
204.54,1,0.370
204.55,1,0.400
204.56,1,0.464
204.57,1,0.535
204.58,1,0.642
204.59,1,0.848
204.60,1,0.932
204.61,1,0.575
204.62,1,0.354
204.63,1,0.279
204.64,1,0.248
204.65,1,0.236
204.66,1,0.271
204.67,1,0.289
204.68,1,0.306
204.69,1,0.324
204.70,1,0.335
204.71,1,0.309
204.72,1,0.298
204.73,1,0.307
204.74,1,0.304
204.75,1,0.272
204.76,1,0.254
204.77,1,0.236
204.78,1,0.220
204.79,1,0.209
204.80,1,0.219
204.81,1,0.219
204.82,1,0.231
204.83,1,0.231
204.84,1,0.258
204.85,1,0.277
204.86,1,0.308
204.87,1,0.320
204.88,1,0.338
204.89,1,0.277
204.90,1,0.251
204.91,1,0.234
204.92,1,0.207
204.93,1,0.196
204.94,1,0.216
204.95,1,0.224
204.96,1,0.251
204.97,1,0.269
204.98,1,0.265
204.99,1,0.247
205.00,1,0.240
205.01,1,0.220
205.02,1,0.207
205.03,1,0.205
205.04,1,0.208
205.05,1,0.223
205.06,1,0.247
205.07,1,0.265
205.08,1,0.271
205.09,1,0.271
205.10,1,0.262
205.11,1,0.245
205.12,1,0.257
205.13,1,0.290
205.14,1,0.300
205.15,1,0.260
205.16,1,0.213
205.17,1,0.188
205.18,1,0.191
205.19,1,0.170
205.20,1,0.173
205.21,1,0.189
205.22,1,0.205
205.23,1,0.224
205.24,1,0.246
205.25,1,0.265
205.26,1,0.268
205.27,1,0.253
205.28,1,0.258
205.29,1,0.270
205.30,1,0.272
205.31,1,0.277
205.32,1,0.281
205.33,1,0.280
205.34,1,0.276
205.35,1,0.288
205.36,1,0.293
205.37,1,0.296
205.38,1,0.285
205.39,1,0.273
205.40,1,0.257
205.41,1,0.276
205.42,1,0.295
205.43,1,0.323
205.44,1,0.362
205.45,1,0.381
205.46,1,0.378
205.47,1,0.366
205.48,1,0.359
205.49,1,0.358
205.50,1,0.365
205.51,1,0.404
205.52,1,0.481
205.53,1,0.564
205.54,1,0.842
205.55,1,1.275
205.56,1,1.428
205.57,1,1.269
205.58,1,1.272
205.59,1,1.246
205.60,1,1.101
205.61,1,1.016
205.62,1,0.976
205.63,1,0.865
205.64,1,0.917
205.65,1,0.994
205.66,1,0.996
205.67,1,1.019
205.68,1,0.293
205.69,1,0.266
205.70,1,0.253
205.71,1,0.254
205.72,1,0.258
205.73,1,0.264
205.74,1,0.251
205.75,1,0.251
205.76,1,0.245
205.77,1,0.238
205.78,1,0.245
205.79,1,0.248
205.80,1,0.237
205.81,1,0.240
205.82,1,0.254
205.83,1,0.254
205.84,1,0.268
205.85,1,0.274
205.86,1,0.268
205.87,1,0.258
205.88,1,0.267
205.89,1,0.276
205.90,1,0.275
205.91,1,0.289
205.92,1,0.296
205.93,1,0.308
205.94,1,0.296
205.95,1,0.304
205.96,1,0.314
205.97,1,0.335
205.98,1,0.378
205.99,1,0.405
206.00,1,0.389
206.01,1,0.370
206.02,1,0.338
206.03,1,0.300
206.04,1,0.279
206.05,1,0.281
206.06,1,0.312
206.07,1,0.364
206.08,1,0.406
206.09,1,0.475
206.10,1,0.479
206.11,1,0.441
206.12,1,0.381
206.13,1,0.317
206.14,1,0.282
206.15,1,0.272
206.16,1,0.277
206.17,1,0.306
206.18,1,0.347
206.19,1,0.391
206.20,1,0.457
206.21,1,0.497
206.22,1,0.563
206.23,1,0.600
206.24,1,0.452
206.25,1,0.354
206.26,1,0.307
206.27,1,0.271
206.28,1,0.272
206.29,1,0.288
206.30,1,0.318
206.31,1,0.346
206.32,1,0.332
206.33,1,0.302
206.34,1,0.271
206.35,1,0.251
206.36,1,0.243
206.37,1,0.252
206.38,1,0.249
206.39,1,0.263
206.40,1,0.278
206.41,1,0.285
206.42,1,0.293
206.43,1,0.293
206.44,1,0.275
206.45,1,0.268
206.46,1,0.271
206.47,1,0.275
206.48,1,0.269
206.49,1,0.268
206.50,1,0.255
206.51,1,0.243
206.52,1,0.225
206.53,1,0.213
206.54,1,0.203
206.55,1,0.203
206.56,1,0.242
206.57,1,0.317
206.58,1,0.410
206.59,1,0.497
206.60,1,0.538
206.61,1,0.553
206.62,1,0.559
206.63,1,0.570
206.64,1,0.577
206.65,1,0.585
206.66,1,0.581
206.67,1,0.540
206.68,1,0.470
206.69,1,0.381
206.70,1,0.332
206.71,1,0.310
206.72,1,0.327
206.73,1,0.360
206.74,1,0.378
206.75,1,0.381
206.76,1,0.391
206.77,1,0.360
206.78,1,0.349
206.79,1,0.359
206.80,1,0.351
206.81,1,0.384
206.82,1,0.423
206.83,1,0.469
206.84,1,0.539
206.85,1,0.615
206.86,1,0.699
206.87,1,0.681
206.88,1,0.614
206.89,1,0.546
206.90,1,0.532
206.91,1,0.601
206.92,1,0.644
206.93,1,0.660
206.94,1,0.645
206.95,1,0.609
206.96,1,0.594
206.97,1,0.568
206.98,1,0.548
206.99,1,0.541
207.00,1,0.513
207.01,1,0.465
207.02,1,0.432
207.03,1,0.432
207.04,1,0.424
207.05,1,0.437
207.06,1,0.486
207.07,1,0.595
207.08,1,0.724
207.09,1,0.859
207.10,1,0.992
207.11,1,1.099
207.12,1,1.203
207.13,1,1.334
207.14,1,1.439
207.15,1,1.558
207.16,1,1.382
207.17,1,1.325
207.18,1,1.600
207.19,1,1.997
207.20,1,2.351
207.21,1,2.590
207.22,1,2.488
207.23,1,2.334
207.24,1,2.328
207.25,1,2.295
207.26,1,2.095
207.27,1,1.833
207.28,1,1.426
207.29,1,1.024
207.30,1,0.884
207.31,1,0.957
207.32,1,1.163
207.33,1,1.403
207.34,1,1.640
207.35,1,1.729
207.36,1,1.728
207.37,1,1.670
207.38,1,1.536
207.39,1,1.314
207.40,1,0.918
207.41,1,0.763
207.42,1,0.813
207.43,1,0.827
207.44,1,0.809
207.45,1,0.810
207.46,1,0.796
207.47,1,0.777
207.48,1,0.770
207.49,1,0.774
207.50,1,0.734
207.51,1,0.632
207.52,1,0.550
207.53,1,0.560
207.54,1,0.638
207.55,1,0.779
207.56,1,0.962
207.57,1,1.115
207.58,1,1.191
207.59,1,1.150
207.60,1,1.044
207.61,1,0.859
207.62,1,0.667
207.63,1,0.795
207.64,1,0.949
207.65,1,0.976
207.66,1,0.978
207.67,1,0.997
207.68,1,1.045
207.69,1,1.162
207.70,1,1.242
207.71,1,1.431
207.72,1,1.534
207.73,1,1.618
207.74,1,1.564
207.75,1,1.496
207.76,1,1.335
207.77,1,1.164
207.78,1,1.020
207.79,1,0.917
207.80,1,0.859
207.81,1,0.874
207.82,1,0.955
207.83,1,0.969
207.84,1,0.966
207.85,1,0.989
207.86,1,0.953
207.87,1,0.907
207.88,1,0.848
207.89,1,0.766
207.90,1,0.685
207.91,1,0.654
207.92,1,0.685
207.93,1,0.719
207.94,1,0.739
207.95,1,0.783
207.96,1,0.775
207.97,1,0.658
207.98,1,0.583
207.99,1,0.556
208.00,1,0.511
208.01,1,0.482
208.02,1,0.460
208.03,1,0.441
208.04,1,0.400
208.05,1,0.389
208.06,1,0.404
208.07,1,0.508
208.08,1,0.680
208.09,1,0.936
208.10,1,1.171
208.11,1,1.416
208.12,1,1.672
208.13,1,1.726
208.14,1,1.660
208.15,1,1.570
208.16,1,1.349
208.17,1,1.063
208.18,1,0.970
208.19,1,0.958
208.20,1,1.009
208.21,1,1.168
208.22,1,1.265
208.23,1,1.327
208.24,1,1.267
208.25,1,1.359
208.26,1,1.236
208.27,1,1.272
208.28,1,1.327
208.29,1,1.406
208.30,1,1.484
208.31,1,1.500
208.32,1,1.442
208.33,1,1.386
208.34,1,1.409
208.35,1,1.396
208.36,1,1.536
208.37,1,1.651
208.38,1,1.692
208.39,1,1.422
208.40,1,1.086
208.41,1,0.359
208.42,1,0.220
208.43,1,0.247
208.44,1,0.261
208.45,1,0.260
208.46,1,0.284
208.47,1,0.286
208.48,1,0.245
208.49,1,0.238
208.50,1,0.247
208.51,1,0.262
208.52,1,0.252
208.53,1,0.247
208.54,1,0.235
208.55,1,0.205
208.56,1,0.176
208.57,1,0.173
208.58,1,0.187
208.59,1,0.198
208.60,1,0.209
208.61,1,0.219
208.62,1,0.218
208.63,1,0.210
208.64,1,0.206
208.65,1,0.195
208.66,1,0.185
208.67,1,0.177
208.68,1,0.172
208.69,1,0.175
208.70,1,0.183
208.71,1,0.205
208.72,1,0.232
208.73,1,0.249
208.74,1,0.267
208.75,1,0.277
208.76,1,0.273
208.77,1,0.276
208.78,1,0.278
208.79,1,0.270
208.80,1,0.257
208.81,1,0.232
208.82,1,0.197
208.83,1,0.176
208.84,1,0.172
208.85,1,0.171
208.86,1,0.175
208.87,1,0.179
208.88,1,0.180
208.89,1,0.179
208.90,1,0.192
208.91,1,0.223
208.92,1,0.256
208.93,1,0.286
208.94,1,0.314
208.95,1,0.309
208.96,1,0.277
208.97,1,0.255
208.98,1,0.259
208.99,1,0.344
209.00,1,0.403
209.01,1,0.443
209.02,1,0.516
209.03,1,0.641
209.04,1,0.808
209.05,1,1.075
209.06,1,1.119
209.07,1,1.044
209.08,1,0.960
209.09,1,0.838
209.10,1,0.805
209.11,1,0.833
209.12,1,0.770
209.13,1,0.667
209.14,1,0.610
209.15,1,0.514
209.16,1,0.423
209.17,1,0.362
209.18,1,0.317
209.19,1,0.252
209.20,1,0.225
209.21,1,0.247
209.22,1,0.277
209.23,1,0.320
209.24,1,0.407
209.25,1,0.511
209.26,1,0.640
209.27,1,0.780
209.28,1,0.920
209.29,1,1.071
209.30,1,1.263
209.31,1,1.514
209.32,1,1.687
209.33,1,1.765
209.34,1,1.604
209.35,1,1.320
209.36,1,0.999
209.37,1,0.831
209.38,1,1.126
209.39,1,1.630
209.40,1,2.237
209.41,1,2.958
209.42,1,3.439
209.43,1,3.422
209.44,1,2.836
209.45,1,2.137
209.46,1,1.515
209.47,1,1.134
209.48,1,1.004
209.49,1,1.090
209.50,1,1.279
209.51,1,1.556
209.52,1,1.939
209.53,1,1.901
209.54,1,1.616
209.55,1,1.493
209.56,1,1.446
209.57,1,1.272
209.58,1,1.066
209.59,1,0.904
209.60,1,0.868
209.61,1,0.909
209.62,1,0.924
209.63,1,0.901
209.64,1,0.885
209.65,1,0.885
209.66,1,0.915
209.67,1,0.978
209.68,1,1.048
209.69,1,0.899
209.70,1,0.689
209.71,1,0.569
209.72,1,0.590
209.73,1,0.647
209.74,1,0.753
209.75,1,0.837
209.76,1,0.890
209.77,1,0.893
209.78,1,0.897
209.79,1,0.858
209.80,1,0.902
209.81,1,0.951
209.82,1,1.094
209.83,1,1.087
209.84,1,0.966
209.85,1,0.913
209.86,1,0.965
209.87,1,1.024
209.88,1,0.954
209.89,1,1.093
209.90,1,1.228
209.91,1,1.270
209.92,1,1.214
209.93,1,1.146
209.94,1,0.981
209.95,1,0.834
209.96,1,0.678
209.97,1,0.592
209.98,1,0.609
209.99,1,0.744
210.00,1,0.869
210.01,1,1.015
210.02,1,1.132
210.03,1,1.210
210.04,1,1.134
210.05,1,1.083
210.06,1,1.073
210.07,1,0.921
210.08,1,0.839
210.09,1,0.756
210.10,1,0.728
210.11,1,0.716
210.12,1,0.725
210.13,1,0.727
210.14,1,0.721
210.15,1,0.660
210.16,1,0.613
210.17,1,0.538
210.18,1,0.479
210.19,1,0.472
210.20,1,0.406
210.21,1,0.381
210.22,1,0.378
210.23,1,0.420
210.24,1,0.481
210.25,1,0.565
210.26,1,0.683
210.27,1,0.821
210.28,1,0.724
210.29,1,0.721
210.30,1,0.787
210.31,1,0.742
210.32,1,0.666
210.33,1,0.666
210.34,1,0.766
210.35,1,0.828
210.36,1,0.892
210.37,1,0.822
210.38,1,0.670
210.39,1,0.552
210.40,1,0.544
210.41,1,0.532
210.42,1,0.538
210.43,1,0.711
210.44,1,0.865
210.45,1,0.907
210.46,1,0.851
210.47,1,0.818
210.48,1,0.793
210.49,1,0.804
210.50,1,0.860
210.51,1,1.179
210.52,1,1.535
210.53,1,1.622
210.54,1,1.408
210.55,1,1.241
210.56,1,1.085
210.57,1,0.960
210.58,1,0.807
210.59,1,0.591
210.60,1,0.435
210.61,1,0.330
210.62,1,0.243
210.63,1,0.231
210.64,1,0.225
210.65,1,0.206
210.66,1,0.209
210.67,1,0.194
210.68,1,0.178
210.69,1,0.166
210.70,1,0.142
210.71,1,0.125
210.72,1,0.121
210.73,1,0.120
210.74,1,0.110
210.75,1,0.108
210.76,1,0.112
210.77,1,0.111
210.78,1,0.120
210.79,1,0.139
210.80,1,0.154
210.81,1,0.164
210.82,1,0.167
210.83,1,0.159
210.84,1,0.150
210.85,1,0.135
210.86,1,0.128
210.87,1,0.147
210.88,1,0.167
210.89,1,0.184
210.90,1,0.206
210.91,1,0.223
210.92,1,0.244
210.93,1,0.279
210.94,1,0.313
210.95,1,0.335
210.96,1,0.342
210.97,1,0.335
210.98,1,0.317
210.99,1,0.284
211.00,1,0.253
211.01,1,0.227
211.02,1,0.230
211.03,1,0.244
211.04,1,0.271
211.05,1,0.318
211.06,1,0.331
211.07,1,0.279
211.08,1,0.268
211.09,1,0.316
211.10,1,0.361
211.11,1,0.412
211.12,1,0.535
211.13,1,0.627
211.14,1,0.705
211.15,1,0.700
211.16,1,0.663
211.17,1,0.603
211.18,1,0.531
211.19,1,0.505
211.20,1,0.497
211.21,1,0.513
211.22,1,0.542
211.23,1,0.559
211.24,1,0.562
211.25,1,0.537
211.26,1,0.496
211.27,1,0.431
211.28,1,0.365
211.29,1,0.316
211.30,1,0.265
211.31,1,0.243
211.32,1,0.256
211.33,1,0.277
211.34,1,0.259
211.35,1,0.236
211.36,1,0.205
211.37,1,0.184
211.38,1,0.184
211.39,1,0.219
211.40,1,0.272
211.41,1,0.334
211.42,1,0.391
211.43,1,0.439
211.44,1,0.487
211.45,1,0.536
211.46,1,0.605
211.47,1,0.720
211.48,1,0.869
211.49,1,1.084
211.50,1,1.436
211.51,1,1.674
211.52,1,1.590
211.53,1,1.407
211.54,1,1.242
211.55,1,1.156
211.56,1,1.223
211.57,1,1.348
211.58,1,1.393
211.59,1,1.395
211.60,1,1.526
211.61,1,1.581
211.62,1,1.469
211.63,1,1.370
211.64,1,1.184
211.65,1,0.913
211.66,1,0.800
211.67,1,0.836
211.68,1,0.845
211.69,1,0.995
211.70,1,1.347
211.71,1,1.613
211.72,1,1.663
211.73,1,1.814
211.74,1,1.631
211.75,1,1.215
211.76,1,0.960
211.77,1,0.921
211.78,1,0.928
211.79,1,0.837
211.80,1,0.802
211.81,1,0.755
211.82,1,0.713
211.83,1,0.696
211.84,1,0.681
211.85,1,0.686
211.86,1,0.658
211.87,1,0.578
211.88,1,0.517
211.89,1,0.500
211.90,1,0.592
211.91,1,0.761
211.92,1,0.932
211.93,1,1.164
211.94,1,1.426
211.95,1,1.558
211.96,1,1.613
211.97,1,1.541
211.98,1,1.292
211.99,1,1.163
212.00,1,1.192
212.01,1,1.205
212.02,1,1.178
212.03,1,1.148
212.04,1,1.188
212.05,1,1.308
212.06,1,1.487
212.07,1,1.640
212.08,1,1.808
212.09,1,1.703
212.10,1,1.691
212.11,1,1.845
212.12,1,1.998
212.13,1,2.136
212.14,1,2.238
212.15,1,2.048
212.16,1,1.401
212.17,1,0.918
212.18,1,0.684
212.19,1,0.668
212.20,1,0.651
212.21,1,0.577
212.22,1,0.546
212.23,1,0.524
212.24,1,0.562
212.25,1,0.604
212.26,1,0.635
212.27,1,0.733
212.28,1,0.755
212.29,1,0.881
212.30,1,1.078
212.31,1,1.196
212.32,1,1.260
212.33,1,1.092
212.34,1,0.951
212.35,1,0.708
212.36,1,0.527
212.37,1,0.451
212.38,1,0.384
212.39,1,0.342
212.40,1,0.330
212.41,1,0.318
212.42,1,0.313
212.43,1,0.319
212.44,1,0.331
212.45,1,0.395
212.46,1,0.527
212.47,1,0.695
212.48,1,0.816
212.49,1,0.882
212.50,1,0.806
212.51,1,0.686
212.52,1,0.563
212.53,1,0.455
212.54,1,0.477
212.55,1,0.477
212.56,1,0.507
212.57,1,0.559
212.58,1,0.629
212.59,1,0.675
212.60,1,0.849
212.61,1,1.100
212.62,1,1.340
212.63,1,1.404
212.64,1,1.570
212.65,1,1.602
212.66,1,1.379
212.67,1,1.264
212.68,1,1.224
212.69,1,1.112
212.70,1,1.108
212.71,1,1.295
212.72,1,1.433
212.73,1,1.556
212.74,1,1.915
212.75,1,2.160
212.76,1,1.969
212.77,1,1.493
212.78,1,1.236
212.79,1,0.764
212.80,1,0.421
212.81,1,0.240
212.82,1,0.195
212.83,1,0.120
212.84,1,0.105
212.85,1,0.107
212.86,1,0.110
212.87,1,0.111
212.88,1,0.118
212.89,1,0.117
212.90,1,0.112
212.91,1,0.109
212.92,1,0.104
212.93,1,0.091
212.94,1,0.086
212.95,1,0.084
212.96,1,0.082
212.97,1,0.093
212.98,1,0.107
212.99,1,0.132
213.00,1,0.154
213.01,1,0.176
213.02,1,0.183
213.03,1,0.194
213.04,1,0.197
213.05,1,0.192
213.06,1,0.190
213.07,1,0.182
213.08,1,0.164
213.09,1,0.145
213.10,1,0.133
213.11,1,0.133
213.12,1,0.146
213.13,1,0.162
213.14,1,0.172
213.15,1,0.177
213.16,1,0.191
213.17,1,0.208
213.18,1,0.231
213.19,1,0.261
213.20,1,0.290
213.21,1,0.300
213.22,1,0.294
213.23,1,0.283
213.24,1,0.277
213.25,1,0.252
213.26,1,0.241
213.27,1,0.255
213.28,1,0.253
213.29,1,0.265
213.30,1,0.284
213.31,1,0.278
213.32,1,0.271
213.33,1,0.263
213.34,1,0.258
213.35,1,0.288
213.36,1,0.348
213.37,1,0.406
213.38,1,0.521
213.39,1,0.679
213.40,1,0.815
213.41,1,0.918
213.42,1,1.049
213.43,1,0.922
213.44,1,0.804
213.45,1,0.749
213.46,1,0.736
213.47,1,0.735
213.48,1,0.720
213.49,1,0.669
213.50,1,0.602
213.51,1,0.515
213.52,1,0.460
213.53,1,0.446
213.54,1,0.444
213.55,1,0.419
213.56,1,0.380
213.57,1,0.350
213.58,1,0.330
213.59,1,0.327
213.60,1,0.355
213.61,1,0.415
213.62,1,0.477
213.63,1,0.532
213.64,1,0.582
213.65,1,0.658
213.66,1,0.761
213.67,1,0.929
213.68,1,1.110
213.69,1,1.256
213.70,1,1.376
213.71,1,1.365
213.72,1,1.265
213.73,1,1.273
213.74,1,1.337
213.75,1,1.495
213.76,1,1.772
213.77,1,2.014
213.78,1,2.298
213.79,1,2.615
213.80,1,2.290
213.81,1,1.615
213.82,1,1.114
213.83,1,0.576
213.84,1,0.442
213.85,1,0.497
213.86,1,0.431
213.87,1,0.453
213.88,1,0.410
213.89,1,0.334
213.90,1,0.265
213.91,1,0.242
213.92,1,0.190
213.93,1,0.185
213.94,1,0.178
213.95,1,0.165
213.96,1,0.156
213.97,1,0.132
213.98,1,0.114
213.99,1,0.105
214.00,1,0.096
214.01,1,0.092
214.02,1,0.107
214.03,1,0.119
214.04,1,0.128
214.05,1,0.135
214.06,1,0.131
214.07,1,0.122
214.08,1,0.116
214.09,1,0.118
214.10,1,0.128
214.11,1,0.143
214.12,1,0.160
214.13,1,0.165
214.14,1,0.179
214.15,1,0.196
214.16,1,0.196
214.17,1,0.180
214.18,1,0.214
214.19,1,0.254
214.20,1,0.295
214.21,1,0.406
214.22,1,0.672
214.23,1,0.436
214.24,1,0.296
214.25,1,0.235
214.26,1,0.201
214.27,1,0.185
214.28,1,0.188
214.29,1,0.215
214.30,1,0.275
214.31,1,0.458
214.32,1,0.561
214.33,1,0.528
214.34,1,0.484
214.35,1,0.392
214.36,1,0.366
214.37,1,0.348
214.38,1,0.329
214.39,1,0.394
214.40,1,0.485
214.41,1,0.535
214.42,1,0.507
214.43,1,0.571
214.44,1,0.521
214.45,1,0.550
214.46,1,0.590
214.47,1,0.590
214.48,1,0.553
214.49,1,0.531
214.50,1,0.486
214.51,1,0.425
214.52,1,0.369
214.53,1,0.315
214.54,1,0.247
214.55,1,0.209
214.56,1,0.203
214.57,1,0.197
214.58,1,0.197
214.59,1,0.203
214.60,1,0.208
214.61,1,0.235
214.62,1,0.292
214.63,1,0.319
214.64,1,0.334
214.65,1,0.307
214.66,1,0.266
214.67,1,0.253
214.68,1,0.241
214.69,1,0.265
214.70,1,0.298
214.71,1,0.330
214.72,1,0.331
214.73,1,0.301
214.74,1,0.297
214.75,1,0.298
214.76,1,0.303
214.77,1,0.292
214.78,1,0.273
214.79,1,0.246
214.80,1,0.214
214.81,1,0.224
214.82,1,0.243
214.83,1,0.271
214.84,1,0.303
214.85,1,0.316
214.86,1,0.324
214.87,1,0.300
214.88,1,0.279
214.89,1,0.267
214.90,1,0.272
214.91,1,0.286
214.92,1,0.303
214.93,1,0.316
214.94,1,0.294
214.95,1,0.276
214.96,1,0.276
214.97,1,0.267
214.98,1,0.257
214.99,1,0.244
215.00,1,0.191
215.01,1,0.150
215.02,1,0.132
215.03,1,0.123
215.04,1,0.134
215.05,1,0.157
215.06,1,0.205
215.07,1,0.224
215.08,1,0.233
215.09,1,0.241
215.10,1,0.241
215.11,1,0.244
215.12,1,0.264
215.13,1,0.276
215.14,1,0.293
215.15,1,0.286
215.16,1,0.262
215.17,1,0.231
215.18,1,0.199
215.19,1,0.184
215.20,1,0.175
215.21,1,0.169
215.22,1,0.164
215.23,1,0.201
215.24,1,0.238
215.25,1,0.273
215.26,1,0.321
215.27,1,0.348
215.28,1,0.326
215.29,1,0.307
215.30,1,0.295
215.31,1,0.284
215.32,1,0.274
215.33,1,0.265
215.34,1,0.263
215.35,1,0.269
215.36,1,0.274
215.37,1,0.280
215.38,1,0.277
215.39,1,0.264
215.40,1,0.236
215.41,1,0.215
215.42,1,0.216
215.43,1,0.250
215.44,1,0.279
215.45,1,0.318
215.46,1,0.344
215.47,1,0.354
215.48,1,0.349
215.49,1,0.327
215.50,1,0.269
215.51,1,0.246
215.52,1,0.242
215.53,1,0.254
215.54,1,0.290
215.55,1,0.323
215.56,1,0.401
215.57,1,0.478
215.58,1,0.567
215.59,1,0.644
215.60,1,0.627
215.61,1,0.552
215.62,1,0.553
215.63,1,0.570
215.64,1,0.654
215.65,1,0.718
215.66,1,0.734
215.67,1,0.724
215.68,1,0.691
215.69,1,0.642
215.70,1,0.548
215.71,1,0.495
215.72,1,0.480
215.73,1,0.424
215.74,1,0.379
215.75,1,0.351
215.76,1,0.344
215.77,1,0.351
215.78,1,0.377
215.79,1,0.456
215.80,1,0.563
215.81,1,0.677
215.82,1,0.789
215.83,1,0.923
215.84,1,1.033
215.85,1,1.150
215.86,1,1.191
215.87,1,1.163
215.88,1,1.010
215.89,1,0.901
215.90,1,0.910
215.91,1,1.050
215.92,1,1.272
215.93,1,1.598
215.94,1,1.890
215.95,1,1.927
215.96,1,2.061
215.97,1,2.191
215.98,1,2.221
215.99,1,2.100
216.00,1,1.825
216.01,1,1.272
216.02,1,0.907
216.03,1,0.841
216.04,1,1.008
216.05,1,1.271
216.06,1,1.615
216.07,1,1.797
216.08,1,1.774
216.09,1,1.631
216.10,1,1.563
216.11,1,1.393
216.12,1,1.183
216.13,1,1.018
216.14,1,0.910
216.15,1,0.862
216.16,1,0.825
216.17,1,0.802
216.18,1,0.761
216.19,1,0.742
216.20,1,0.725
216.21,1,0.736
216.22,1,0.713
216.23,1,0.664
216.24,1,0.583
216.25,1,0.600
216.26,1,0.649
216.27,1,0.737
216.28,1,0.922
216.29,1,1.050
216.30,1,1.168
216.31,1,1.167
216.32,1,1.108
216.33,1,0.974
216.34,1,0.808
216.35,1,0.717
216.36,1,0.885
216.37,1,0.973
216.38,1,0.981
216.39,1,0.995
216.40,1,1.034
216.41,1,1.132
216.42,1,1.125
216.43,1,1.160
216.44,1,1.321
216.45,1,1.383
216.46,1,1.440
216.47,1,1.571
216.48,1,1.514
216.49,1,1.368
216.50,1,1.177
216.51,1,0.974
216.52,1,0.760
216.53,1,0.726
216.54,1,0.782
216.55,1,0.833
216.56,1,0.818
216.57,1,0.762
216.58,1,0.686
216.59,1,0.634
216.60,1,0.584
216.61,1,0.569
216.62,1,0.560
216.63,1,0.589
216.64,1,0.631
216.65,1,0.652
216.66,1,0.653
216.67,1,0.648
216.68,1,0.650
216.69,1,0.583
216.70,1,0.511
216.71,1,0.474
216.72,1,0.410
216.73,1,0.355
216.74,1,0.357
216.75,1,0.322
216.76,1,0.302
216.77,1,0.302
216.78,1,0.339
216.79,1,0.358
216.80,1,0.397
216.81,1,0.470
216.82,1,0.523
216.83,1,0.529
216.84,1,0.567
216.85,1,0.627
216.86,1,0.575
216.87,1,0.559
216.88,1,0.566
216.89,1,0.570
216.90,1,0.567
216.91,1,0.624
216.92,1,0.677
216.93,1,0.708
216.94,1,0.797
216.95,1,0.806
216.96,1,0.917
216.97,1,0.989
216.98,1,1.187
216.99,1,1.312
217.00,1,1.297
217.01,1,1.083
217.02,1,0.997
217.03,1,0.889
217.04,1,1.010
217.05,1,1.084
217.06,1,1.242
217.07,1,1.468
217.08,1,1.382
217.09,1,1.335
217.10,1,1.334
217.11,1,1.253
217.12,1,1.094
217.13,1,0.890
217.14,1,0.473
217.15,1,0.299
217.16,1,0.181
217.17,1,0.148
217.18,1,0.142
217.19,1,0.146
217.20,1,0.136
217.21,1,0.122
217.22,1,0.116
217.23,1,0.110
217.24,1,0.110
217.25,1,0.108
217.26,1,0.117
217.27,1,0.122
217.28,1,0.124
217.29,1,0.133
217.30,1,0.141
217.31,1,0.144
217.32,1,0.142
217.33,1,0.140
217.34,1,0.145
217.35,1,0.153
217.36,1,0.162
217.37,1,0.174
217.38,1,0.184
217.39,1,0.189
217.40,1,0.181
217.41,1,0.170
217.42,1,0.159
217.43,1,0.141
217.44,1,0.139
217.45,1,0.161
217.46,1,0.187
217.47,1,0.213
217.48,1,0.236
217.49,1,0.257
217.50,1,0.280
217.51,1,0.290
217.52,1,0.285
217.53,1,0.267
217.54,1,0.242
217.55,1,0.216
217.56,1,0.204
217.57,1,0.197
217.58,1,0.189
217.59,1,0.179
217.60,1,0.163
217.61,1,0.155
217.62,1,0.160
217.63,1,0.173
217.64,1,0.190
217.65,1,0.203
217.66,1,0.200
217.67,1,0.201
217.68,1,0.201
217.69,1,0.190
217.70,1,0.191
217.71,1,0.221
217.72,1,0.254
217.73,1,0.279
217.74,1,0.319
217.75,1,0.385
217.76,1,0.457
217.77,1,0.637
217.78,1,0.802
217.79,1,0.784
217.80,1,0.791
217.81,1,0.796
217.82,1,0.772
217.83,1,0.817
217.84,1,0.846
217.85,1,0.791
217.86,1,0.722
217.87,1,0.680
217.88,1,0.589
217.89,1,0.509
217.90,1,0.478
217.91,1,0.437
217.92,1,0.371
217.93,1,0.375
217.94,1,0.412
217.95,1,0.455
217.96,1,0.502
217.97,1,0.577
217.98,1,0.673
217.99,1,0.741
218.00,1,0.787
218.01,1,0.847
218.02,1,0.922
218.03,1,0.995
218.04,1,1.089
218.05,1,1.172
218.06,1,1.137
218.07,1,1.099
218.08,1,1.200
218.09,1,1.455
218.10,1,1.694
218.11,1,1.795
218.12,1,1.823
218.13,1,1.902
218.14,1,2.074
218.15,1,2.369
218.16,1,2.731
218.17,1,2.635
218.18,1,1.958
218.19,1,1.308
218.20,1,0.843
218.21,1,0.673
218.22,1,0.772
218.23,1,1.029
218.24,1,1.295
218.25,1,1.675
218.26,1,1.709
218.27,1,1.335
218.28,1,1.063
218.29,1,0.811
218.30,1,0.689
218.31,1,0.691
218.32,1,0.798
218.33,1,0.866
218.34,1,0.864
218.35,1,0.858
218.36,1,0.793
218.37,1,0.722
218.38,1,0.662
218.39,1,0.622
218.40,1,0.609
218.41,1,0.579
218.42,1,0.518
218.43,1,0.477
218.44,1,0.541
218.45,1,0.748
218.46,1,0.926
218.47,1,1.124
218.48,1,1.162
218.49,1,1.078
218.50,1,0.961
218.51,1,0.879
218.52,1,0.773
218.53,1,0.775
218.54,1,0.918
218.55,1,1.081
218.56,1,1.017
218.57,1,0.929
218.58,1,0.918
218.59,1,0.907
218.60,1,0.871
218.61,1,0.796
218.62,1,0.933
218.63,1,1.042
218.64,1,1.060
218.65,1,1.093
218.66,1,1.112
218.67,1,1.056
218.68,1,0.961
218.69,1,0.866
218.70,1,0.757
218.71,1,0.687
218.72,1,0.726
218.73,1,0.771
218.74,1,0.826
218.75,1,0.879
218.76,1,0.817
218.77,1,0.764
218.78,1,0.693
218.79,1,0.695
218.80,1,0.617
218.81,1,0.588
218.82,1,0.565
218.83,1,0.555
218.84,1,0.544
218.85,1,0.522
218.86,1,0.517
218.87,1,0.462
218.88,1,0.432
218.89,1,0.396
218.90,1,0.347
218.91,1,0.346
218.92,1,0.352
218.93,1,0.312
218.94,1,0.304
218.95,1,0.298
218.96,1,0.304
218.97,1,0.340
218.98,1,0.391
218.99,1,0.498
219.00,1,0.622
219.01,1,0.621
219.02,1,0.622
219.03,1,0.598
219.04,1,0.503
219.05,1,0.429
219.06,1,0.375
219.07,1,0.402
219.08,1,0.470
219.09,1,0.579
219.10,1,0.629
219.11,1,0.634
219.12,1,0.616
219.13,1,0.630
219.14,1,0.652
219.15,1,0.679
219.16,1,0.779
219.17,1,0.812
219.18,1,0.901
219.19,1,0.877
219.20,1,0.964
219.21,1,0.966
219.22,1,1.016
219.23,1,0.959
219.24,1,0.922
219.25,1,0.890
219.26,1,0.835
219.27,1,0.781
219.28,1,0.755
219.29,1,0.758
219.30,1,0.700
219.31,1,0.634
219.32,1,0.405
219.33,1,0.326
219.34,1,0.252
219.35,1,0.212
219.36,1,0.213
219.37,1,0.209
219.38,1,0.198
219.39,1,0.200
219.40,1,0.190
219.41,1,0.183
219.42,1,0.176
219.43,1,0.175
219.44,1,0.174
219.45,1,0.178
219.46,1,0.175
219.47,1,0.164
219.48,1,0.147
219.49,1,0.140
219.50,1,0.129
219.51,1,0.132
219.52,1,0.141
219.53,1,0.154
219.54,1,0.163
219.55,1,0.179
219.56,1,0.188
219.57,1,0.197
219.58,1,0.195
219.59,1,0.191
219.60,1,0.188
219.61,1,0.178
219.62,1,0.182
219.63,1,0.204
219.64,1,0.244
219.65,1,0.291
219.66,1,0.337
219.67,1,0.372
219.68,1,0.393
219.69,1,0.390
219.70,1,0.369
219.71,1,0.335
219.72,1,0.298
219.73,1,0.256
219.74,1,0.238
219.75,1,0.236
219.76,1,0.239
219.77,1,0.245
219.78,1,0.272
219.79,1,0.275
219.80,1,0.266
219.81,1,0.287
219.82,1,0.347
219.83,1,0.402
219.84,1,0.489
219.85,1,0.638
219.86,1,0.648
219.87,1,0.626
219.88,1,0.616
219.89,1,0.640
219.90,1,0.574
219.91,1,0.564
219.92,1,0.584
219.93,1,0.606
219.94,1,0.610
219.95,1,0.642
219.96,1,0.615
219.97,1,0.561
219.98,1,0.487
219.99,1,0.407
220.00,1,0.351
220.01,1,0.309
220.02,1,0.276
220.03,1,0.254
220.04,1,0.247
220.05,1,0.262
220.06,1,0.286
220.07,1,0.278
220.08,1,0.256
220.09,1,0.239
220.10,1,0.236
220.11,1,0.260
220.12,1,0.292
220.13,1,0.342
220.14,1,0.384
220.15,1,0.410
220.16,1,0.431
220.17,1,0.464
220.18,1,0.502
220.19,1,0.578
220.20,1,0.671
220.21,1,0.795
220.22,1,0.900
220.23,1,1.046
220.24,1,1.087
220.25,1,1.002
220.26,1,0.914
220.27,1,0.942
220.28,1,0.941
220.29,1,0.962
220.30,1,1.009
220.31,1,1.019
220.32,1,1.085
220.33,1,1.232
220.34,1,1.290
220.35,1,1.297
220.36,1,1.162
220.37,1,1.084
220.38,1,0.894
220.39,1,0.838
220.40,1,0.826
220.41,1,0.892
220.42,1,0.937
220.43,1,1.188
220.44,1,1.195
220.45,1,1.341
220.46,1,1.573
220.47,1,1.345
220.48,1,1.018
220.49,1,0.870
220.50,1,0.945
220.51,1,0.923
220.52,1,0.915
220.53,1,0.908
220.54,1,0.876
220.55,1,0.829
220.56,1,0.827
220.57,1,0.841
220.58,1,0.831
220.59,1,0.797
220.60,1,0.731
220.61,1,0.678
220.62,1,0.696
220.63,1,0.788
220.64,1,0.927
220.65,1,1.060
220.66,1,1.280
220.67,1,1.459
220.68,1,1.554
220.69,1,1.708
220.70,1,1.590
220.71,1,1.322
220.72,1,1.263
220.73,1,1.210
220.74,1,1.156
220.75,1,1.109
220.76,1,1.109
220.77,1,1.196
220.78,1,1.387
220.79,1,1.558
220.80,1,1.627
220.81,1,1.634
220.82,1,1.539
220.83,1,1.487
220.84,1,1.522
220.85,1,1.652
220.86,1,1.677
220.87,1,1.647
220.88,1,1.431
220.89,1,1.010
220.90,1,0.651
220.91,1,0.528
220.92,1,0.528
220.93,1,0.528
220.94,1,0.445
220.95,1,0.445
220.96,1,0.519
220.97,1,0.574
220.98,1,0.631
220.99,1,0.716
221.00,1,0.794
221.01,1,0.764
221.02,1,0.909
221.03,1,1.146
221.04,1,1.265
221.05,1,1.237
221.06,1,1.057
221.07,1,0.930
221.08,1,0.673
221.09,1,0.559
221.10,1,0.559
221.11,1,0.563
221.12,1,0.531
221.13,1,0.530
221.14,1,0.498
221.15,1,0.414
221.16,1,0.371
221.17,1,0.362
221.18,1,0.458
221.19,1,0.586
221.20,1,0.703
221.21,1,0.798
221.22,1,0.770
221.23,1,0.678
221.24,1,0.609
221.25,1,0.571
221.26,1,0.567
221.27,1,0.587
221.28,1,0.571
221.29,1,0.586
221.30,1,0.570
221.31,1,0.616
221.32,1,0.761
221.33,1,1.042
221.34,1,1.464
221.35,1,1.607
221.36,1,1.676
221.37,1,1.851
221.38,1,1.574
221.39,1,1.321
221.40,1,1.293
221.41,1,1.135
221.42,1,0.930
221.43,1,0.851
221.44,1,0.906
221.45,1,0.969
221.46,1,1.097
221.47,1,1.261
221.48,1,1.280
221.49,1,1.152
221.50,1,0.920
221.51,1,0.732
221.52,1,0.489
221.53,1,0.248
221.54,1,0.151
221.55,1,0.119
221.56,1,0.093
221.57,1,0.091
221.58,1,0.106
221.59,1,0.117
221.60,1,0.124
221.61,1,0.134
221.62,1,0.135
221.63,1,0.136
221.64,1,0.140
221.65,1,0.142
221.66,1,0.144
221.67,1,0.147
221.68,1,0.146
221.69,1,0.139
221.70,1,0.126
221.71,1,0.114
221.72,1,0.105
221.73,1,0.102
221.74,1,0.107
221.75,1,0.117
221.76,1,0.134
221.77,1,0.145
221.78,1,0.155
221.79,1,0.163
221.80,1,0.167
221.81,1,0.166
221.82,1,0.161
221.83,1,0.153
221.84,1,0.146
221.85,1,0.137
221.86,1,0.135
221.87,1,0.140
221.88,1,0.141
221.89,1,0.152
221.90,1,0.176
221.91,1,0.206
221.92,1,0.241
221.93,1,0.267
221.94,1,0.273
221.95,1,0.266
221.96,1,0.256
221.97,1,0.249
221.98,1,0.264
221.99,1,0.306
222.00,1,0.365
222.01,1,0.414
222.02,1,0.417
222.03,1,0.383
222.04,1,0.340
222.05,1,0.314
222.06,1,0.306
222.07,1,0.332
222.08,1,0.383
222.09,1,0.470
222.10,1,0.574
222.11,1,0.701
222.12,1,0.810
222.13,1,0.878
222.14,1,0.978
222.15,1,1.098
222.16,1,1.050
222.17,1,0.930
222.18,1,0.846
222.19,1,0.777
222.20,1,0.726
222.21,1,0.687
222.22,1,0.639
222.23,1,0.564
222.24,1,0.490
222.25,1,0.429
222.26,1,0.398
222.27,1,0.379
222.28,1,0.346
222.29,1,0.304
222.30,1,0.267
222.31,1,0.245
222.32,1,0.255
222.33,1,0.297
222.34,1,0.357
222.35,1,0.425
222.36,1,0.481
222.37,1,0.542
222.38,1,0.613
222.39,1,0.715
222.40,1,0.844
222.41,1,1.019
222.42,1,1.212
222.43,1,1.348
222.44,1,1.372
222.45,1,1.366
222.46,1,1.353
222.47,1,1.306
222.48,1,1.217
222.49,1,1.148
222.50,1,1.106
222.51,1,1.102
222.52,1,1.125
222.53,1,1.141
222.54,1,1.134
222.55,1,0.952
222.56,1,0.695
222.57,1,0.570
222.58,1,0.494
222.59,1,0.343
222.60,1,0.255
222.61,1,0.214
222.62,1,0.157
222.63,1,0.123
222.64,1,0.098
222.65,1,0.071
222.66,1,0.053
222.67,1,0.045
222.68,1,0.043
222.69,1,0.043
222.70,1,0.042
222.71,1,0.040
222.72,1,0.041
222.73,1,0.046
222.74,1,0.058
222.75,1,0.073
222.76,1,0.086
222.77,1,0.094
222.78,1,0.097
222.79,1,0.096
222.80,1,0.097
222.81,1,0.100
222.82,1,0.103
222.83,1,0.110
222.84,1,0.112
222.85,1,0.116
222.86,1,0.118
222.87,1,0.108
222.88,1,0.098
222.89,1,0.083
222.90,1,0.066
222.91,1,0.065
222.92,1,0.076
222.93,1,0.091
222.94,1,0.126
222.95,1,0.097
222.96,1,0.052
222.97,1,0.039
222.98,1,0.042
222.99,1,0.045
223.00,1,0.054
223.01,1,0.065
223.02,1,0.075
223.03,1,0.097
223.04,1,0.079
223.05,1,0.050
223.06,1,0.050
223.07,1,0.046
223.08,1,0.044
223.09,1,0.051
223.10,1,0.065
223.11,1,0.074
223.12,1,0.107
223.13,1,0.218
223.14,1,0.060
223.15,1,0.046
223.16,1,0.040
223.17,1,0.036
223.18,1,0.036
223.19,1,0.041
223.20,1,0.043
223.21,1,0.043
223.22,1,0.042
223.23,1,0.043
223.24,1,0.046
223.25,1,0.052
223.26,1,0.057
223.27,1,0.061
223.28,1,0.068
223.29,1,0.073
223.30,1,0.081
223.31,1,0.092
223.32,1,0.101
223.33,1,0.101
223.34,1,0.107
223.35,1,0.117
223.36,1,0.120
223.37,1,0.131
223.38,1,0.136
223.39,1,0.140
223.40,1,0.148
223.41,1,0.147
223.42,1,0.143
223.43,1,0.153
223.44,1,0.145
223.45,1,0.133
223.46,1,0.135
223.47,1,0.127
223.48,1,0.121
223.49,1,0.117
223.50,1,0.128
223.51,1,0.130
223.52,1,0.141
223.53,1,0.160
223.54,1,0.185
223.55,1,0.218
223.56,1,0.256
223.57,1,0.284
223.58,1,0.291
223.59,1,0.291
223.60,1,0.278
223.61,1,0.250
223.62,1,0.229
223.63,1,0.244
223.64,1,0.261
223.65,1,0.272
223.66,1,0.304
223.67,1,0.358
223.68,1,0.374
223.69,1,0.320
223.70,1,0.332
223.71,0,
223.72,0,
223.73,0,
223.74,0,
223.75,0,
223.76,0,
223.77,0,
223.78,0,
223.79,0,
223.80,0,
223.81,0,
223.82,0,
223.83,0,
223.84,0,
223.85,0,
223.86,0,
223.87,0,
223.88,0,
223.89,0,
223.90,0,
223.91,0,
223.92,0,
223.93,0,
223.94,0,
223.95,0,
223.96,0,
223.97,0,
223.98,0,
223.99,0,
224.00,0,
224.01,0,
224.02,0,
224.03,0,
224.04,0,
224.05,0,
224.06,0,
224.07,0,
224.08,0,
224.09,0,
224.10,0,
224.11,0,
224.12,0,
224.13,0,
224.14,0,
224.15,0,
224.16,0,
224.17,0,
224.18,0,
224.19,0,
224.20,0,
224.21,0,
224.22,0,
224.23,0,
224.24,0,
224.25,0,
224.26,0,
224.27,0,
224.28,0,
224.29,0,
224.30,0,
224.31,0,
224.32,0,
224.33,0,
224.34,0,
224.35,0,
224.36,0,
224.37,0,
224.38,0,
224.39,0,
224.40,0,
224.41,0,
224.42,0,
224.43,0,
224.44,0,
224.45,0,
224.46,0,
224.47,0,
224.48,0,
224.49,0,
224.50,0,
224.51,0,
224.52,0,
224.53,0,
224.54,0,
224.55,0,
224.56,0,
224.57,0,
224.58,0,
224.59,0,
224.60,0,
224.61,0,
224.62,0,
224.63,0,
224.64,0,
224.65,0,
224.66,0,
224.67,0,
224.68,0,
224.69,0,
224.70,0,
224.71,0,
224.72,0,
224.73,0,
224.74,0,
224.75,0,
224.76,0,
224.77,0,
224.78,0,
224.79,0,
224.80,0,
224.81,0,
224.82,0,
224.83,0,
224.84,0,
224.85,0,
224.86,0,
224.87,0,
224.88,0,
224.89,0,
224.90,0,
224.91,0,
224.92,0,
224.93,0,
224.94,0,
224.95,0,
224.96,0,
224.97,0,
224.98,0,
224.99,0,
225.00,0,
225.01,0,
225.02,0,
225.03,0,
225.04,0,
225.05,0,
225.06,0,
225.07,0,
225.08,0,
225.09,0,
225.10,0,
225.11,0,
225.12,0,
225.13,0,
225.14,0,
225.15,0,
225.16,0,
225.17,0,
225.18,0,
225.19,0,
225.20,0,
225.21,0,
225.22,0,
225.23,0,
225.24,0,
225.25,0,
225.26,0,
225.27,0,
225.28,0,
225.29,0,
225.30,0,
225.31,0,
225.32,0,
225.33,0,
225.34,0,
225.35,0,
225.36,0,
225.37,0,
225.38,0,
225.39,0,
225.40,0,
225.41,0,
225.42,0,
225.43,0,
225.44,0,
225.45,0,
225.46,0,
225.47,0,
225.48,0,
225.49,0,
225.50,0,
225.51,0,
225.52,0,
225.53,0,
225.54,0,
225.55,0,
225.56,0,
225.57,0,
225.58,0,
225.59,0,
225.60,0,
225.61,0,
225.62,0,
225.63,0,
225.64,0,
225.65,0,
225.66,0,
225.67,0,
225.68,0,
225.69,0,
225.70,0,
225.71,0,
225.72,0,
225.73,0,
225.74,0,
225.75,0,
225.76,0,
225.77,0,
225.78,0,
225.79,0,
225.80,0,
225.81,0,
225.82,0,
225.83,0,
225.84,0,
225.85,0,
225.86,0,
225.87,0,
225.88,0,
225.89,0,
225.90,0,
225.91,0,
225.92,0,
225.93,0,
225.94,0,
225.95,0,
225.96,0,
225.97,0,
225.98,0,
225.99,0,
226.00,0,
226.01,0,
226.02,0,
226.03,0,
226.04,0,
226.05,0,
226.06,0,
226.07,0,
226.08,0,
226.09,0,
226.10,0,
226.11,0,
226.12,0,
226.13,0,
226.14,0,
226.15,0,
226.16,0,
226.17,0,
226.18,0,
226.19,0,
226.20,0,
226.21,0,
226.22,0,
226.23,0,
226.24,0,
226.25,0,
226.26,0,
226.27,0,
226.28,0,
226.29,0,
226.30,0,
226.31,0,
226.32,0,
226.33,0,
226.34,0,
226.35,0,
226.36,0,
226.37,0,
226.38,0,
226.39,0,
226.40,0,
226.41,0,
226.42,0,
226.43,0,
226.44,0,
226.45,0,
226.46,0,
226.47,0,
226.48,0,
226.49,0,
226.50,0,
226.51,0,
226.52,0,
226.53,0,
226.54,0,
226.55,0,
226.56,0,
226.57,0,
226.58,0,
226.59,0,
226.60,0,
226.61,0,
226.62,0,
226.63,0,
226.64,0,
226.65,0,
226.66,0,
226.67,0,
226.68,0,
226.69,0,
226.70,0,
226.71,0,
226.72,0,
226.73,0,
226.74,0,
226.75,0,
226.76,0,
226.77,0,
226.78,0,
226.79,0,
226.80,0,
226.81,0,
226.82,0,
226.83,0,
226.84,0,
226.85,0,
226.86,0,
226.87,0,
226.88,0,
226.89,0,
226.90,0,
226.91,0,
226.92,0,
226.93,0,
226.94,0,
226.95,0,
226.96,0,
226.97,1,0.042
